00000000	10:56:51.344	[1176] ADD: 2AD6AB8, 0 -> 1 	
00000001	10:56:51.344	[1176] ADD: 2AD6AB8, 1 -> 2 	
00000002	10:56:51.344	[1176] GCO: ref: 0 req: {IClassFactory} 	
00000003	10:56:51.344	[1176] DFQ: ref: 2AD6AB8 req: {IClassFactory} 	
00000004	10:56:51.344	[1176] ADD: 2AE50C0, 0 -> 1 	
00000005	10:56:51.344	[1176] ADD: 2AE50C0, 1 -> 2 	
00000006	10:56:51.344	[1176] REL: 2AE50C0, 2 -> 1 	
00000007	10:56:51.344	[1176] ADD: 2AE54E8, 0 -> 1 	
00000008	10:56:51.344	[1176] NID: 2AE54E8 	
00000009	10:56:51.359	[1176] CPC: 2AE5540 	
00000010	10:56:51.359	[1176] ADD: 2AE5540, 0 -> 1 	
00000011	10:56:51.359	[1176] ADD: 2AE55B0, 0 -> 1 	
00000012	10:56:51.359	[1176] ADD: 2AE55B0, 1 -> 2 	
00000013	10:56:51.359	[1176] PAX: 2AE50C0 	
00000014	10:56:51.359	[1176] ADD: 2AE50C0, 1 -> 2 	
00000015	10:56:51.359	[1176] REL: 2AE50C0, 2 -> 1 	
00000016	10:56:51.359	[1176] CFQ: ref: 2AE50C0 req: {IClassFactory} 	
00000017	10:56:51.359	[1176] ADD: 2AE50C0, 1 -> 2 	
00000018	10:56:51.359	[1176] REL: 2AE50C0, 2 -> 1 	
00000019	10:56:51.359	[1176] CFQ: ref: 2AE50C0 req: {342D1EA0-AE25-11D1-89C5-006008C3FBFC} 	
00000020	10:56:51.359	[1176] CFQ: ref: 2AE50C0 req: {342D1EA0-AE25-11D1-89C5-006008C3FBFC} 	
00000021	10:56:51.359	[1176] DFQ: ref: 2AD6AB8 req: {342D1EA0-AE25-11D1-89C5-006008C3FBFC} 	
00000022	10:56:51.359	[1176] CFQ: ref: 2AE50C0 req: {IUnknown} 	
00000023	10:56:51.359	[1176] ADD: 2AE50C0, 1 -> 2 	
00000024	10:56:51.359	[1176] CFQ: ref: 2AE50C0 req: {00000008-0000-0000-C000-000000000046} 	
00000025	10:56:51.359	[1176] CFQ: ref: 2AE50C0 req: {00000008-0000-0000-C000-000000000046} 	
00000026	10:56:51.359	[1176] DFQ: ref: 2AD6AB8 req: {00000008-0000-0000-C000-000000000046} 	
00000027	10:56:51.359	[1176] CFQ: ref: 2AE50C0 req: {25336920-03F9-11CF-8FD0-00AA00686F13} 	
00000028	10:56:51.359	[1176] CFQ: ref: 2AE50C0 req: {25336920-03F9-11CF-8FD0-00AA00686F13} 	
00000029	10:56:51.359	[1176] DFQ: ref: 2AD6AB8 req: {25336920-03F9-11CF-8FD0-00AA00686F13} 	
00000030	10:56:51.359	[1176] CFQ: ref: 2AE50C0 req: {B196B288-BAB4-101A-B69C-00AA00341D07} 	
00000031	10:56:51.359	[1176] CFQ: ref: 2AE50C0 req: {B196B288-BAB4-101A-B69C-00AA00341D07} 	
00000032	10:56:51.359	[1176] DFQ: ref: 2AD6AB8 req: {B196B288-BAB4-101A-B69C-00AA00341D07} 	
00000033	10:56:51.359	[1176] CFQ: ref: 2AE50C0 req: {0000013D-0000-0000-C000-000000000046} 	
00000034	10:56:51.359	[1176] CFQ: ref: 2AE50C0 req: {0000013D-0000-0000-C000-000000000046} 	
00000035	10:56:51.359	[1176] DFQ: ref: 2AD6AB8 req: {0000013D-0000-0000-C000-000000000046} 	
00000036	10:56:51.359	[1176] CFQ: ref: 2AE50C0 req: {CF51ED10-62FE-11CF-BF86-00A0C9034836} 	
00000037	10:56:51.359	[1176] CFQ: ref: 2AE50C0 req: {CF51ED10-62FE-11CF-BF86-00A0C9034836} 	
00000038	10:56:51.359	[1176] DFQ: ref: 2AD6AB8 req: {CF51ED10-62FE-11CF-BF86-00A0C9034836} 	
00000039	10:56:51.359	[1176] CFQ: ref: 2AE50C0 req: {00000112-0000-0000-C000-000000000046} 	
00000040	10:56:51.359	[1176] CFQ: ref: 2AE50C0 req: {00000112-0000-0000-C000-000000000046} 	
00000041	10:56:51.359	[1176] DFQ: ref: 2AD6AB8 req: {00000112-0000-0000-C000-000000000046} 	
00000042	10:56:51.359	[1176] CFQ: ref: 2AE50C0 req: {22F55881-280B-11D0-A8A9-00A0C90C2004} 	
00000043	10:56:51.359	[1176] CFQ: ref: 2AE50C0 req: {22F55881-280B-11D0-A8A9-00A0C90C2004} 	
00000044	10:56:51.359	[1176] DFQ: ref: 2AD6AB8 req: {22F55881-280B-11D0-A8A9-00A0C90C2004} 	
00000045	10:56:51.359	[1176] CFQ: ref: 2AE50C0 req: {37D84F60-42CB-11CE-8135-00AA004BB851} 	
00000046	10:56:51.359	[1176] CFQ: ref: 2AE50C0 req: {37D84F60-42CB-11CE-8135-00AA004BB851} 	
00000047	10:56:51.359	[1176] DFQ: ref: 2AD6AB8 req: {37D84F60-42CB-11CE-8135-00AA004BB851} 	
00000048	10:56:51.359	[1176] CFQ: ref: 2AE50C0 req: {7FD52380-4E07-101B-AE2D-08002B2EC713} 	
00000049	10:56:51.359	[1176] CFQ: ref: 2AE50C0 req: {7FD52380-4E07-101B-AE2D-08002B2EC713} 	
00000050	10:56:51.359	[1176] DFQ: ref: 2AD6AB8 req: {7FD52380-4E07-101B-AE2D-08002B2EC713} 	
00000051	10:56:51.359	[1176] CFQ: ref: 2AE50C0 req: {0000010A-0000-0000-C000-000000000046} 	
00000052	10:56:51.359	[1176] CFQ: ref: 2AE50C0 req: {0000010A-0000-0000-C000-000000000046} 	
00000053	10:56:51.359	[1176] DFQ: ref: 2AD6AB8 req: {0000010A-0000-0000-C000-000000000046} 	
00000054	10:56:51.359	[1176] CFQ: ref: 2AE50C0 req: {3AF24292-0C96-11CE-A0CF-00AA00600AB8} 	
00000055	10:56:51.359	[1176] CFQ: ref: 2AE50C0 req: {3AF24292-0C96-11CE-A0CF-00AA00600AB8} 	
00000056	10:56:51.359	[1176] DFQ: ref: 2AD6AB8 req: {3AF24292-0C96-11CE-A0CF-00AA00600AB8} 	
00000057	10:56:51.359	[1176] CFQ: ref: 2AE50C0 req: {0000010D-0000-0000-C000-000000000046} 	
00000058	10:56:51.359	[1176] CFQ: ref: 2AE50C0 req: {0000010D-0000-0000-C000-000000000046} 	
00000059	10:56:51.359	[1176] DFQ: ref: 2AD6AB8 req: {0000010D-0000-0000-C000-000000000046} 	
00000060	10:56:51.359	[1176] CFQ: ref: 2AE50C0 req: {00000112-0000-0000-C000-000000000046} 	
00000061	10:56:51.359	[1176] CFQ: ref: 2AE50C0 req: {00000112-0000-0000-C000-000000000046} 	
00000062	10:56:51.359	[1176] DFQ: ref: 2AD6AB8 req: {00000112-0000-0000-C000-000000000046} 	
00000063	10:56:51.359	[1176] CFQ: ref: 2AE50C0 req: {FC4801A3-2BA9-11CF-A229-00AA003D7352} 	
00000064	10:56:51.359	[1176] CFQ: ref: 2AE50C0 req: {FC4801A3-2BA9-11CF-A229-00AA003D7352} 	
00000065	10:56:51.359	[1176] DFQ: ref: 2AD6AB8 req: {FC4801A3-2BA9-11CF-A229-00AA003D7352} 	
00000066	10:56:51.359	[1176] CFQ: ref: 2AE50C0 req: {IConnectionPointContainer} 	
00000067	10:56:51.359	[1176] ADD: 2AE5540, 1 -> 2 	
00000068	10:56:51.359	[1176] REL: 2AE5540, 2 -> 1 	
00000069	10:56:51.359	[1176] CFQ: ref: 2AE50C0 req: {BB1A2AE1-A4F9-11CF-8F20-00805F2CD064} 	
00000070	10:56:51.359	[1176] CFQ: ref: 2AE50C0 req: {BB1A2AE1-A4F9-11CF-8F20-00805F2CD064} 	
00000071	10:56:51.359	[1176] DFQ: ref: 2AD6AB8 req: {BB1A2AE1-A4F9-11CF-8F20-00805F2CD064} 	
00000072	10:56:51.359	[1176] CFQ: ref: 2AE50C0 req: {6D5140D3-7436-11CE-8034-00AA006009FA} 	
00000073	10:56:51.359	[1176] CFQ: ref: 2AE50C0 req: {6D5140D3-7436-11CE-8034-00AA006009FA} 	
00000074	10:56:51.359	[1176] DFQ: ref: 2AD6AB8 req: {6D5140D3-7436-11CE-8034-00AA006009FA} 	
00000075	10:56:51.359	[1176] CFQ: ref: 2AE50C0 req: {B196B288-BAB4-101A-B69C-00AA00341D07} 	
00000076	10:56:51.359	[1176] CFQ: ref: 2AE50C0 req: {B196B288-BAB4-101A-B69C-00AA00341D07} 	
00000077	10:56:51.359	[1176] DFQ: ref: 2AD6AB8 req: {B196B288-BAB4-101A-B69C-00AA00341D07} 	
00000078	10:56:51.359	[1176] CFQ: ref: 2AE50C0 req: {B722BCCB-4E68-101B-A2BC-00AA00404770} 	
00000079	10:56:51.359	[1176] CFQ: ref: 2AE50C0 req: {B722BCCB-4E68-101B-A2BC-00AA00404770} 	
00000080	10:56:51.359	[1176] DFQ: ref: 2AD6AB8 req: {B722BCCB-4E68-101B-A2BC-00AA00404770} 	
00000081	10:56:51.359	[1176] CFQ: ref: 2AE50C0 req: {A6EF9860-C720-11D0-9337-00A0C90DCAA9} 	
00000082	10:56:51.359	[1176] CFQ: ref: 2AE50C0 req: {A6EF9860-C720-11D0-9337-00A0C90DCAA9} 	
00000083	10:56:51.359	[1176] DFQ: ref: 2AD6AB8 req: {A6EF9860-C720-11D0-9337-00A0C90DCAA9} 	
00000084	10:56:51.359	[1176] CFQ: ref: 2AE50C0 req: {IDispatch} 	
00000085	10:56:51.359	[1176] ADD: 2AE50C0, 2 -> 3 	
00000086	10:56:51.359	[1176] ADD: 2AE54E8, 1 -> 2 	
00000087	10:56:51.359	[1176] CFQ: ref: 2AE50C0 req: {00000112-0000-0000-C000-000000000046} 	
00000088	10:56:51.359	[1176] CFQ: ref: 2AE50C0 req: {00000112-0000-0000-C000-000000000046} 	
00000089	10:56:51.359	[1176] DFQ: ref: 2AD6AB8 req: {00000112-0000-0000-C000-000000000046} 	
00000090	10:56:51.359	[1176] CFQ: ref: 2AE50C0 req: {B196B288-BAB4-101A-B69C-00AA00341D07} 	
00000091	10:56:51.359	[1176] CFQ: ref: 2AE50C0 req: {B196B288-BAB4-101A-B69C-00AA00341D07} 	
00000092	10:56:51.359	[1176] DFQ: ref: 2AD6AB8 req: {B196B288-BAB4-101A-B69C-00AA00341D07} 	
00000093	10:56:51.359	[1176] REL: 2AE50C0, 3 -> 2 	
00000094	10:56:51.422	[1176] CFQ: ref: 2AE50C0 req: {332C4427-26CB-11D0-B483-00C04FD90119} 	
00000095	10:56:51.422	[1176] CFQ: ref: 2AE50C0 req: {332C4427-26CB-11D0-B483-00C04FD90119} 	
00000096	10:56:51.422	[1176] DFQ: ref: 2AD6AB8 req: {332C4427-26CB-11D0-B483-00C04FD90119} 	
00000097	10:56:51.422	[1176] CFQ: ref: 2AE50C0 req: {A6EF9860-C720-11D0-9337-00A0C90DCAA9} 	
00000098	10:56:51.422	[1176] CFQ: ref: 2AE50C0 req: {A6EF9860-C720-11D0-9337-00A0C90DCAA9} 	
00000099	10:56:51.422	[1176] DFQ: ref: 2AD6AB8 req: {A6EF9860-C720-11D0-9337-00A0C90DCAA9} 	
00000100	10:56:51.422	[1176] CFQ: ref: 2AE50C0 req: {332C4427-26CB-11D0-B483-00C04FD90119} 	
00000101	10:56:51.422	[1176] CFQ: ref: 2AE50C0 req: {332C4427-26CB-11D0-B483-00C04FD90119} 	
00000102	10:56:51.422	[1176] DFQ: ref: 2AD6AB8 req: {332C4427-26CB-11D0-B483-00C04FD90119} 	
00000103	10:56:51.422	[1176] CFQ: ref: 2AE50C0 req: {A6EF9860-C720-11D0-9337-00A0C90DCAA9} 	
00000104	10:56:51.422	[1176] CFQ: ref: 2AE50C0 req: {A6EF9860-C720-11D0-9337-00A0C90DCAA9} 	
00000105	10:56:51.422	[1176] DFQ: ref: 2AD6AB8 req: {A6EF9860-C720-11D0-9337-00A0C90DCAA9} 	
00000106	10:56:51.422	[1176] CFQ: ref: 2AE50C0 req: {332C4427-26CB-11D0-B483-00C04FD90119} 	
00000107	10:56:51.422	[1176] CFQ: ref: 2AE50C0 req: {332C4427-26CB-11D0-B483-00C04FD90119} 	
00000108	10:56:51.422	[1176] DFQ: ref: 2AD6AB8 req: {332C4427-26CB-11D0-B483-00C04FD90119} 	
00000109	10:56:51.422	[1176] CFQ: ref: 2AE50C0 req: {A6BC3AC0-DBAA-11CE-9DE3-00AA004BB851} 	
00000110	10:56:51.422	[1176] CFQ: ref: 2AE50C0 req: {A6BC3AC0-DBAA-11CE-9DE3-00AA004BB851} 	
00000111	10:56:51.422	[1176] DFQ: ref: 2AD6AB8 req: {A6BC3AC0-DBAA-11CE-9DE3-00AA004BB851} 	
00000112	10:56:51.422	[1176] CFQ: ref: 2AE50C0 req: {IProvideClassInfo} 	
00000113	10:56:51.422	[1176] CFQ: ref: 2AE50C0 req: {IProvideClassInfo} 	
00000114	10:56:51.422	[1176] DFQ: ref: 2AD6AB8 req: {IProvideClassInfo} 	
00000115	10:56:51.422	[1176] ADD: 2B00C60, 0 -> 1 	
00000116	10:56:51.422	[1176] REL: 2B00C60, 1 -> 0 	
00000117	10:56:51.422	[1176] CFQ: ref: 2AE50C0 req: {IConnectionPointContainer} 	
00000118	10:56:51.422	[1176] ADD: 2AE5540, 1 -> 2 	
00000119	10:56:51.422	[1176] ADD: 2AE55B0, 2 -> 3 	
00000120	10:56:51.422	[1176] REL: 2AE55B0, 3 -> 2 	
00000121	10:56:51.422	[1176] REL: 2AE5540, 2 -> 1 	
00000122	10:56:51.422	[1176] CFQ: ref: 2AE50C0 req: {B196B288-BAB4-101A-B69C-00AA00341D07} 	
00000123	10:56:51.422	[1176] CFQ: ref: 2AE50C0 req: {B196B288-BAB4-101A-B69C-00AA00341D07} 	
00000124	10:56:51.422	[1176] DFQ: ref: 2AD6AB8 req: {B196B288-BAB4-101A-B69C-00AA00341D07} 	
00000125	10:56:51.453	[1176] CFQ: ref: 2AE50C0 req: {3050F203-98B5-11CF-BB82-00AA00BDCE0B} 	
00000126	10:56:51.453	[1176] CFQ: ref: 2AE50C0 req: {3050F203-98B5-11CF-BB82-00AA00BDCE0B} 	
00000127	10:56:51.453	[1176] DFQ: ref: 2AD6AB8 req: {3050F203-98B5-11CF-BB82-00AA00BDCE0B} 	
00000128	10:56:51.453	[1176] CFQ: ref: 2AE50C0 req: {3050F1D8-98B5-11CF-BB82-00AA00BDCE0B} 	
00000129	10:56:51.453	[1176] CFQ: ref: 2AE50C0 req: {3050F1D8-98B5-11CF-BB82-00AA00BDCE0B} 	
00000130	10:56:51.453	[1176] DFQ: ref: 2AD6AB8 req: {3050F1D8-98B5-11CF-BB82-00AA00BDCE0B} 	
00000131	10:56:51.453	[1176] CFQ: ref: 2AE50C0 req: {3050F319-98B5-11CF-BB82-00AA00BDCE0B} 	
00000132	10:56:51.453	[1176] CFQ: ref: 2AE50C0 req: {3050F319-98B5-11CF-BB82-00AA00BDCE0B} 	
00000133	10:56:51.453	[1176] DFQ: ref: 2AD6AB8 req: {3050F319-98B5-11CF-BB82-00AA00BDCE0B} 	
00000134	10:56:51.469	[1176] CFQ: ref: 2AE50C0 req: {332C4427-26CB-11D0-B483-00C04FD90119} 	
00000135	10:56:51.469	[1176] CFQ: ref: 2AE50C0 req: {332C4427-26CB-11D0-B483-00C04FD90119} 	
00000136	10:56:51.469	[1176] DFQ: ref: 2AD6AB8 req: {332C4427-26CB-11D0-B483-00C04FD90119} 	
00000137	10:56:51.469	[1176] CFQ: ref: 2AE50C0 req: {A6EF9860-C720-11D0-9337-00A0C90DCAA9} 	
00000138	10:56:51.469	[1176] CFQ: ref: 2AE50C0 req: {A6EF9860-C720-11D0-9337-00A0C90DCAA9} 	
00000139	10:56:51.469	[1176] DFQ: ref: 2AD6AB8 req: {A6EF9860-C720-11D0-9337-00A0C90DCAA9} 	
00000140	10:56:51.469	[1176] CFQ: ref: 2AE50C0 req: {332C4427-26CB-11D0-B483-00C04FD90119} 	
00000141	10:56:51.469	[1176] CFQ: ref: 2AE50C0 req: {332C4427-26CB-11D0-B483-00C04FD90119} 	
00000142	10:56:51.469	[1176] DFQ: ref: 2AD6AB8 req: {332C4427-26CB-11D0-B483-00C04FD90119} 	
00000143	10:56:51.469	[1176] CFQ: ref: 2AE50C0 req: {A6EF9860-C720-11D0-9337-00A0C90DCAA9} 	
00000144	10:56:51.469	[1176] CFQ: ref: 2AE50C0 req: {A6EF9860-C720-11D0-9337-00A0C90DCAA9} 	
00000145	10:56:51.469	[1176] DFQ: ref: 2AD6AB8 req: {A6EF9860-C720-11D0-9337-00A0C90DCAA9} 	
00000146	10:56:51.484	[1176] CFQ: ref: 2AE50C0 req: {332C4427-26CB-11D0-B483-00C04FD90119} 	
00000147	10:56:51.484	[1176] CFQ: ref: 2AE50C0 req: {332C4427-26CB-11D0-B483-00C04FD90119} 	
00000148	10:56:51.484	[1176] DFQ: ref: 2AD6AB8 req: {332C4427-26CB-11D0-B483-00C04FD90119} 	
00000149	10:56:51.484	[1176] CFQ: ref: 2AE50C0 req: {A6EF9860-C720-11D0-9337-00A0C90DCAA9} 	
00000150	10:56:51.484	[1176] CFQ: ref: 2AE50C0 req: {A6EF9860-C720-11D0-9337-00A0C90DCAA9} 	
00000151	10:56:51.484	[1176] DFQ: ref: 2AD6AB8 req: {A6EF9860-C720-11D0-9337-00A0C90DCAA9} 	
00000152	10:56:51.484	[1176] CFQ: ref: 2AE50C0 req: {332C4427-26CB-11D0-B483-00C04FD90119} 	
00000153	10:56:51.484	[1176] CFQ: ref: 2AE50C0 req: {332C4427-26CB-11D0-B483-00C04FD90119} 	
00000154	10:56:51.484	[1176] DFQ: ref: 2AD6AB8 req: {332C4427-26CB-11D0-B483-00C04FD90119} 	
00000155	10:56:51.484	[1176] CFQ: ref: 2AE50C0 req: {A6EF9860-C720-11D0-9337-00A0C90DCAA9} 	
00000156	10:56:51.484	[1176] CFQ: ref: 2AE50C0 req: {A6EF9860-C720-11D0-9337-00A0C90DCAA9} 	
00000157	10:56:51.484	[1176] DFQ: ref: 2AD6AB8 req: {A6EF9860-C720-11D0-9337-00A0C90DCAA9} 	
00000158	10:56:51.500	[1176] CFQ: ref: 2AE50C0 req: {332C4427-26CB-11D0-B483-00C04FD90119} 	
00000159	10:56:51.500	[1176] CFQ: ref: 2AE50C0 req: {332C4427-26CB-11D0-B483-00C04FD90119} 	
00000160	10:56:51.500	[1176] DFQ: ref: 2AD6AB8 req: {332C4427-26CB-11D0-B483-00C04FD90119} 	
00000161	10:56:51.500	[1176] CFQ: ref: 2AE50C0 req: {A6EF9860-C720-11D0-9337-00A0C90DCAA9} 	
00000162	10:56:51.500	[1176] CFQ: ref: 2AE50C0 req: {A6EF9860-C720-11D0-9337-00A0C90DCAA9} 	
00000163	10:56:51.500	[1176] DFQ: ref: 2AD6AB8 req: {A6EF9860-C720-11D0-9337-00A0C90DCAA9} 	
00000164	10:56:51.500	[1176] CFQ: ref: 2AE50C0 req: {332C4427-26CB-11D0-B483-00C04FD90119} 	
00000165	10:56:51.500	[1176] CFQ: ref: 2AE50C0 req: {332C4427-26CB-11D0-B483-00C04FD90119} 	
00000166	10:56:51.500	[1176] DFQ: ref: 2AD6AB8 req: {332C4427-26CB-11D0-B483-00C04FD90119} 	
00000167	10:56:51.500	[1176] CFQ: ref: 2AE50C0 req: {A6EF9860-C720-11D0-9337-00A0C90DCAA9} 	
00000168	10:56:51.500	[1176] CFQ: ref: 2AE50C0 req: {A6EF9860-C720-11D0-9337-00A0C90DCAA9} 	
00000169	10:56:51.500	[1176] DFQ: ref: 2AD6AB8 req: {A6EF9860-C720-11D0-9337-00A0C90DCAA9} 	
00000170	10:56:51.516	[1176] CFQ: ref: 2AE50C0 req: {332C4427-26CB-11D0-B483-00C04FD90119} 	
00000171	10:56:51.516	[1176] CFQ: ref: 2AE50C0 req: {332C4427-26CB-11D0-B483-00C04FD90119} 	
00000172	10:56:51.516	[1176] DFQ: ref: 2AD6AB8 req: {332C4427-26CB-11D0-B483-00C04FD90119} 	
00000173	10:56:51.516	[1176] CFQ: ref: 2AE50C0 req: {A6EF9860-C720-11D0-9337-00A0C90DCAA9} 	
00000174	10:56:51.516	[1176] CFQ: ref: 2AE50C0 req: {A6EF9860-C720-11D0-9337-00A0C90DCAA9} 	
00000175	10:56:51.516	[1176] DFQ: ref: 2AD6AB8 req: {A6EF9860-C720-11D0-9337-00A0C90DCAA9} 	
00000176	10:56:51.516	[1176] CFQ: ref: 2AE50C0 req: {332C4427-26CB-11D0-B483-00C04FD90119} 	
00000177	10:56:51.516	[1176] CFQ: ref: 2AE50C0 req: {332C4427-26CB-11D0-B483-00C04FD90119} 	
00000178	10:56:51.516	[1176] DFQ: ref: 2AD6AB8 req: {332C4427-26CB-11D0-B483-00C04FD90119} 	
00000179	10:56:51.516	[1176] CFQ: ref: 2AE50C0 req: {A6EF9860-C720-11D0-9337-00A0C90DCAA9} 	
00000180	10:56:51.516	[1176] CFQ: ref: 2AE50C0 req: {A6EF9860-C720-11D0-9337-00A0C90DCAA9} 	
00000181	10:56:51.516	[1176] DFQ: ref: 2AD6AB8 req: {A6EF9860-C720-11D0-9337-00A0C90DCAA9} 	
00000182	10:56:51.531	[1176] CFQ: ref: 2AE50C0 req: {332C4427-26CB-11D0-B483-00C04FD90119} 	
00000183	10:56:51.531	[1176] CFQ: ref: 2AE50C0 req: {332C4427-26CB-11D0-B483-00C04FD90119} 	
00000184	10:56:51.531	[1176] DFQ: ref: 2AD6AB8 req: {332C4427-26CB-11D0-B483-00C04FD90119} 	
00000185	10:56:51.531	[1176] CFQ: ref: 2AE50C0 req: {A6EF9860-C720-11D0-9337-00A0C90DCAA9} 	
00000186	10:56:51.531	[1176] CFQ: ref: 2AE50C0 req: {A6EF9860-C720-11D0-9337-00A0C90DCAA9} 	
00000187	10:56:51.531	[1176] DFQ: ref: 2AD6AB8 req: {A6EF9860-C720-11D0-9337-00A0C90DCAA9} 	
00000188	10:56:51.531	[1176] CFQ: ref: 2AE50C0 req: {332C4427-26CB-11D0-B483-00C04FD90119} 	
00000189	10:56:51.531	[1176] CFQ: ref: 2AE50C0 req: {332C4427-26CB-11D0-B483-00C04FD90119} 	
00000190	10:56:51.531	[1176] DFQ: ref: 2AD6AB8 req: {332C4427-26CB-11D0-B483-00C04FD90119} 	
00000191	10:56:51.531	[1176] CFQ: ref: 2AE50C0 req: {A6EF9860-C720-11D0-9337-00A0C90DCAA9} 	
00000192	10:56:51.531	[1176] CFQ: ref: 2AE50C0 req: {A6EF9860-C720-11D0-9337-00A0C90DCAA9} 	
00000193	10:56:51.531	[1176] DFQ: ref: 2AD6AB8 req: {A6EF9860-C720-11D0-9337-00A0C90DCAA9} 	
00000194	10:56:51.547	[1176] CFQ: ref: 2AE50C0 req: {332C4427-26CB-11D0-B483-00C04FD90119} 	
00000195	10:56:51.547	[1176] CFQ: ref: 2AE50C0 req: {332C4427-26CB-11D0-B483-00C04FD90119} 	
00000196	10:56:51.547	[1176] DFQ: ref: 2AD6AB8 req: {332C4427-26CB-11D0-B483-00C04FD90119} 	
00000197	10:56:51.547	[1176] CFQ: ref: 2AE50C0 req: {A6EF9860-C720-11D0-9337-00A0C90DCAA9} 	
00000198	10:56:51.547	[1176] CFQ: ref: 2AE50C0 req: {A6EF9860-C720-11D0-9337-00A0C90DCAA9} 	
00000199	10:56:51.547	[1176] DFQ: ref: 2AD6AB8 req: {A6EF9860-C720-11D0-9337-00A0C90DCAA9} 	
00000200	10:56:51.547	[1176] CFQ: ref: 2AE50C0 req: {332C4427-26CB-11D0-B483-00C04FD90119} 	
00000201	10:56:51.547	[1176] CFQ: ref: 2AE50C0 req: {332C4427-26CB-11D0-B483-00C04FD90119} 	
00000202	10:56:51.547	[1176] DFQ: ref: 2AD6AB8 req: {332C4427-26CB-11D0-B483-00C04FD90119} 	
00000203	10:56:51.547	[1176] CFQ: ref: 2AE50C0 req: {A6EF9860-C720-11D0-9337-00A0C90DCAA9} 	
00000204	10:56:51.547	[1176] CFQ: ref: 2AE50C0 req: {A6EF9860-C720-11D0-9337-00A0C90DCAA9} 	
00000205	10:56:51.547	[1176] DFQ: ref: 2AD6AB8 req: {A6EF9860-C720-11D0-9337-00A0C90DCAA9} 	
00000206	10:56:51.562	[1176] CFQ: ref: 2AE50C0 req: {332C4427-26CB-11D0-B483-00C04FD90119} 	
00000207	10:56:51.562	[1176] CFQ: ref: 2AE50C0 req: {332C4427-26CB-11D0-B483-00C04FD90119} 	
00000208	10:56:51.562	[1176] DFQ: ref: 2AD6AB8 req: {332C4427-26CB-11D0-B483-00C04FD90119} 	
00000209	10:56:51.562	[1176] CFQ: ref: 2AE50C0 req: {A6EF9860-C720-11D0-9337-00A0C90DCAA9} 	
00000210	10:56:51.562	[1176] CFQ: ref: 2AE50C0 req: {A6EF9860-C720-11D0-9337-00A0C90DCAA9} 	
00000211	10:56:51.562	[1176] DFQ: ref: 2AD6AB8 req: {A6EF9860-C720-11D0-9337-00A0C90DCAA9} 	
00000212	10:56:51.562	[1176] CFQ: ref: 2AE50C0 req: {332C4427-26CB-11D0-B483-00C04FD90119} 	
00000213	10:56:51.562	[1176] CFQ: ref: 2AE50C0 req: {332C4427-26CB-11D0-B483-00C04FD90119} 	
00000214	10:56:51.562	[1176] DFQ: ref: 2AD6AB8 req: {332C4427-26CB-11D0-B483-00C04FD90119} 	
00000215	10:56:51.562	[1176] CFQ: ref: 2AE50C0 req: {A6EF9860-C720-11D0-9337-00A0C90DCAA9} 	
00000216	10:56:51.562	[1176] CFQ: ref: 2AE50C0 req: {A6EF9860-C720-11D0-9337-00A0C90DCAA9} 	
00000217	10:56:51.562	[1176] DFQ: ref: 2AD6AB8 req: {A6EF9860-C720-11D0-9337-00A0C90DCAA9} 	
00000218	10:56:51.594	[1176] CFQ: ref: 2AE50C0 req: {332C4427-26CB-11D0-B483-00C04FD90119} 	
00000219	10:56:51.594	[1176] CFQ: ref: 2AE50C0 req: {332C4427-26CB-11D0-B483-00C04FD90119} 	
00000220	10:56:51.594	[1176] DFQ: ref: 2AD6AB8 req: {332C4427-26CB-11D0-B483-00C04FD90119} 	
00000221	10:56:51.594	[1176] CFQ: ref: 2AE50C0 req: {A6EF9860-C720-11D0-9337-00A0C90DCAA9} 	
00000222	10:56:51.594	[1176] CFQ: ref: 2AE50C0 req: {A6EF9860-C720-11D0-9337-00A0C90DCAA9} 	
00000223	10:56:51.594	[1176] DFQ: ref: 2AD6AB8 req: {A6EF9860-C720-11D0-9337-00A0C90DCAA9} 	
00000224	10:56:51.594	[1176] CFQ: ref: 2AE50C0 req: {332C4427-26CB-11D0-B483-00C04FD90119} 	
00000225	10:56:51.594	[1176] CFQ: ref: 2AE50C0 req: {332C4427-26CB-11D0-B483-00C04FD90119} 	
00000226	10:56:51.594	[1176] DFQ: ref: 2AD6AB8 req: {332C4427-26CB-11D0-B483-00C04FD90119} 	
00000227	10:56:51.594	[1176] CFQ: ref: 2AE50C0 req: {A6EF9860-C720-11D0-9337-00A0C90DCAA9} 	
00000228	10:56:51.594	[1176] CFQ: ref: 2AE50C0 req: {A6EF9860-C720-11D0-9337-00A0C90DCAA9} 	
00000229	10:56:51.594	[1176] DFQ: ref: 2AD6AB8 req: {A6EF9860-C720-11D0-9337-00A0C90DCAA9} 	
00000230	10:56:51.609	[1176] CFQ: ref: 2AE50C0 req: {332C4427-26CB-11D0-B483-00C04FD90119} 	
00000231	10:56:51.609	[1176] CFQ: ref: 2AE50C0 req: {332C4427-26CB-11D0-B483-00C04FD90119} 	
00000232	10:56:51.609	[1176] DFQ: ref: 2AD6AB8 req: {332C4427-26CB-11D0-B483-00C04FD90119} 	
00000233	10:56:51.609	[1176] CFQ: ref: 2AE50C0 req: {A6EF9860-C720-11D0-9337-00A0C90DCAA9} 	
00000234	10:56:51.609	[1176] CFQ: ref: 2AE50C0 req: {A6EF9860-C720-11D0-9337-00A0C90DCAA9} 	
00000235	10:56:51.609	[1176] DFQ: ref: 2AD6AB8 req: {A6EF9860-C720-11D0-9337-00A0C90DCAA9} 	
00000236	10:56:51.609	[1176] CFQ: ref: 2AE50C0 req: {332C4427-26CB-11D0-B483-00C04FD90119} 	
00000237	10:56:51.609	[1176] CFQ: ref: 2AE50C0 req: {332C4427-26CB-11D0-B483-00C04FD90119} 	
00000238	10:56:51.609	[1176] DFQ: ref: 2AD6AB8 req: {332C4427-26CB-11D0-B483-00C04FD90119} 	
00000239	10:56:51.609	[1176] CFQ: ref: 2AE50C0 req: {A6EF9860-C720-11D0-9337-00A0C90DCAA9} 	
00000240	10:56:51.609	[1176] CFQ: ref: 2AE50C0 req: {A6EF9860-C720-11D0-9337-00A0C90DCAA9} 	
00000241	10:56:51.609	[1176] DFQ: ref: 2AD6AB8 req: {A6EF9860-C720-11D0-9337-00A0C90DCAA9} 	
00000242	10:56:51.625	[1176] CFQ: ref: 2AE50C0 req: {332C4427-26CB-11D0-B483-00C04FD90119} 	
00000243	10:56:51.625	[1176] CFQ: ref: 2AE50C0 req: {332C4427-26CB-11D0-B483-00C04FD90119} 	
00000244	10:56:51.625	[1176] DFQ: ref: 2AD6AB8 req: {332C4427-26CB-11D0-B483-00C04FD90119} 	
00000245	10:56:51.625	[1176] CFQ: ref: 2AE50C0 req: {A6EF9860-C720-11D0-9337-00A0C90DCAA9} 	
00000246	10:56:51.625	[1176] CFQ: ref: 2AE50C0 req: {A6EF9860-C720-11D0-9337-00A0C90DCAA9} 	
00000247	10:56:51.625	[1176] DFQ: ref: 2AD6AB8 req: {A6EF9860-C720-11D0-9337-00A0C90DCAA9} 	
00000248	10:56:51.625	[1176] CFQ: ref: 2AE50C0 req: {332C4427-26CB-11D0-B483-00C04FD90119} 	
00000249	10:56:51.625	[1176] CFQ: ref: 2AE50C0 req: {332C4427-26CB-11D0-B483-00C04FD90119} 	
00000250	10:56:51.625	[1176] DFQ: ref: 2AD6AB8 req: {332C4427-26CB-11D0-B483-00C04FD90119} 	
00000251	10:56:51.625	[1176] CFQ: ref: 2AE50C0 req: {A6EF9860-C720-11D0-9337-00A0C90DCAA9} 	
00000252	10:56:51.625	[1176] CFQ: ref: 2AE50C0 req: {A6EF9860-C720-11D0-9337-00A0C90DCAA9} 	
00000253	10:56:51.625	[1176] DFQ: ref: 2AD6AB8 req: {A6EF9860-C720-11D0-9337-00A0C90DCAA9} 	
00000254	10:56:51.641	[1176] CFQ: ref: 2AE50C0 req: {332C4427-26CB-11D0-B483-00C04FD90119} 	
00000255	10:56:51.641	[1176] CFQ: ref: 2AE50C0 req: {332C4427-26CB-11D0-B483-00C04FD90119} 	
00000256	10:56:51.641	[1176] DFQ: ref: 2AD6AB8 req: {332C4427-26CB-11D0-B483-00C04FD90119} 	
00000257	10:56:51.641	[1176] CFQ: ref: 2AE50C0 req: {A6EF9860-C720-11D0-9337-00A0C90DCAA9} 	
00000258	10:56:51.641	[1176] CFQ: ref: 2AE50C0 req: {A6EF9860-C720-11D0-9337-00A0C90DCAA9} 	
00000259	10:56:51.641	[1176] DFQ: ref: 2AD6AB8 req: {A6EF9860-C720-11D0-9337-00A0C90DCAA9} 	
00000260	10:56:51.641	[1176] CFQ: ref: 2AE50C0 req: {332C4427-26CB-11D0-B483-00C04FD90119} 	
00000261	10:56:51.641	[1176] CFQ: ref: 2AE50C0 req: {332C4427-26CB-11D0-B483-00C04FD90119} 	
00000262	10:56:51.641	[1176] DFQ: ref: 2AD6AB8 req: {332C4427-26CB-11D0-B483-00C04FD90119} 	
00000263	10:56:51.641	[1176] CFQ: ref: 2AE50C0 req: {A6EF9860-C720-11D0-9337-00A0C90DCAA9} 	
00000264	10:56:51.641	[1176] CFQ: ref: 2AE50C0 req: {A6EF9860-C720-11D0-9337-00A0C90DCAA9} 	
00000265	10:56:51.641	[1176] DFQ: ref: 2AD6AB8 req: {A6EF9860-C720-11D0-9337-00A0C90DCAA9} 	
00000266	10:56:51.656	[1176] CFQ: ref: 2AE50C0 req: {332C4427-26CB-11D0-B483-00C04FD90119} 	
00000267	10:56:51.656	[1176] CFQ: ref: 2AE50C0 req: {332C4427-26CB-11D0-B483-00C04FD90119} 	
00000268	10:56:51.656	[1176] DFQ: ref: 2AD6AB8 req: {332C4427-26CB-11D0-B483-00C04FD90119} 	
00000269	10:56:51.656	[1176] CFQ: ref: 2AE50C0 req: {A6EF9860-C720-11D0-9337-00A0C90DCAA9} 	
00000270	10:56:51.656	[1176] CFQ: ref: 2AE50C0 req: {A6EF9860-C720-11D0-9337-00A0C90DCAA9} 	
00000271	10:56:51.656	[1176] DFQ: ref: 2AD6AB8 req: {A6EF9860-C720-11D0-9337-00A0C90DCAA9} 	
00000272	10:56:51.656	[1176] CFQ: ref: 2AE50C0 req: {332C4427-26CB-11D0-B483-00C04FD90119} 	
00000273	10:56:51.656	[1176] CFQ: ref: 2AE50C0 req: {332C4427-26CB-11D0-B483-00C04FD90119} 	
00000274	10:56:51.656	[1176] DFQ: ref: 2AD6AB8 req: {332C4427-26CB-11D0-B483-00C04FD90119} 	
00000275	10:56:51.656	[1176] CFQ: ref: 2AE50C0 req: {A6EF9860-C720-11D0-9337-00A0C90DCAA9} 	
00000276	10:56:51.656	[1176] CFQ: ref: 2AE50C0 req: {A6EF9860-C720-11D0-9337-00A0C90DCAA9} 	
00000277	10:56:51.656	[1176] DFQ: ref: 2AD6AB8 req: {A6EF9860-C720-11D0-9337-00A0C90DCAA9} 	
00000278	10:56:51.672	[1176] CFQ: ref: 2AE50C0 req: {332C4427-26CB-11D0-B483-00C04FD90119} 	
00000279	10:56:51.672	[1176] CFQ: ref: 2AE50C0 req: {332C4427-26CB-11D0-B483-00C04FD90119} 	
00000280	10:56:51.672	[1176] DFQ: ref: 2AD6AB8 req: {332C4427-26CB-11D0-B483-00C04FD90119} 	
00000281	10:56:51.672	[1176] CFQ: ref: 2AE50C0 req: {A6EF9860-C720-11D0-9337-00A0C90DCAA9} 	
00000282	10:56:51.672	[1176] CFQ: ref: 2AE50C0 req: {A6EF9860-C720-11D0-9337-00A0C90DCAA9} 	
00000283	10:56:51.672	[1176] DFQ: ref: 2AD6AB8 req: {A6EF9860-C720-11D0-9337-00A0C90DCAA9} 	
00000284	10:56:51.672	[1176] CFQ: ref: 2AE50C0 req: {332C4427-26CB-11D0-B483-00C04FD90119} 	
00000285	10:56:51.672	[1176] CFQ: ref: 2AE50C0 req: {332C4427-26CB-11D0-B483-00C04FD90119} 	
00000286	10:56:51.672	[1176] DFQ: ref: 2AD6AB8 req: {332C4427-26CB-11D0-B483-00C04FD90119} 	
00000287	10:56:51.672	[1176] CFQ: ref: 2AE50C0 req: {A6EF9860-C720-11D0-9337-00A0C90DCAA9} 	
00000288	10:56:51.672	[1176] CFQ: ref: 2AE50C0 req: {A6EF9860-C720-11D0-9337-00A0C90DCAA9} 	
00000289	10:56:51.672	[1176] DFQ: ref: 2AD6AB8 req: {A6EF9860-C720-11D0-9337-00A0C90DCAA9} 	
00000290	10:56:51.687	[1176] CFQ: ref: 2AE50C0 req: {332C4427-26CB-11D0-B483-00C04FD90119} 	
00000291	10:56:51.687	[1176] CFQ: ref: 2AE50C0 req: {332C4427-26CB-11D0-B483-00C04FD90119} 	
00000292	10:56:51.687	[1176] DFQ: ref: 2AD6AB8 req: {332C4427-26CB-11D0-B483-00C04FD90119} 	
00000293	10:56:51.687	[1176] CFQ: ref: 2AE50C0 req: {A6EF9860-C720-11D0-9337-00A0C90DCAA9} 	
00000294	10:56:51.687	[1176] CFQ: ref: 2AE50C0 req: {A6EF9860-C720-11D0-9337-00A0C90DCAA9} 	
00000295	10:56:51.687	[1176] DFQ: ref: 2AD6AB8 req: {A6EF9860-C720-11D0-9337-00A0C90DCAA9} 	
00000296	10:56:51.687	[1176] CFQ: ref: 2AE50C0 req: {332C4427-26CB-11D0-B483-00C04FD90119} 	
00000297	10:56:51.687	[1176] CFQ: ref: 2AE50C0 req: {332C4427-26CB-11D0-B483-00C04FD90119} 	
00000298	10:56:51.687	[1176] DFQ: ref: 2AD6AB8 req: {332C4427-26CB-11D0-B483-00C04FD90119} 	
00000299	10:56:51.687	[1176] CFQ: ref: 2AE50C0 req: {A6EF9860-C720-11D0-9337-00A0C90DCAA9} 	
00000300	10:56:51.687	[1176] CFQ: ref: 2AE50C0 req: {A6EF9860-C720-11D0-9337-00A0C90DCAA9} 	
00000301	10:56:51.687	[1176] DFQ: ref: 2AD6AB8 req: {A6EF9860-C720-11D0-9337-00A0C90DCAA9} 	
00000302	10:56:51.703	[1176] CFQ: ref: 2AE50C0 req: {332C4427-26CB-11D0-B483-00C04FD90119} 	
00000303	10:56:51.703	[1176] CFQ: ref: 2AE50C0 req: {332C4427-26CB-11D0-B483-00C04FD90119} 	
00000304	10:56:51.703	[1176] DFQ: ref: 2AD6AB8 req: {332C4427-26CB-11D0-B483-00C04FD90119} 	
00000305	10:56:51.703	[1176] CFQ: ref: 2AE50C0 req: {A6EF9860-C720-11D0-9337-00A0C90DCAA9} 	
00000306	10:56:51.703	[1176] CFQ: ref: 2AE50C0 req: {A6EF9860-C720-11D0-9337-00A0C90DCAA9} 	
00000307	10:56:51.703	[1176] DFQ: ref: 2AD6AB8 req: {A6EF9860-C720-11D0-9337-00A0C90DCAA9} 	
00000308	10:56:51.703	[1176] CFQ: ref: 2AE50C0 req: {332C4427-26CB-11D0-B483-00C04FD90119} 	
00000309	10:56:51.703	[1176] CFQ: ref: 2AE50C0 req: {332C4427-26CB-11D0-B483-00C04FD90119} 	
00000310	10:56:51.703	[1176] DFQ: ref: 2AD6AB8 req: {332C4427-26CB-11D0-B483-00C04FD90119} 	
00000311	10:56:51.703	[1176] CFQ: ref: 2AE50C0 req: {A6EF9860-C720-11D0-9337-00A0C90DCAA9} 	
00000312	10:56:51.703	[1176] CFQ: ref: 2AE50C0 req: {A6EF9860-C720-11D0-9337-00A0C90DCAA9} 	
00000313	10:56:51.703	[1176] DFQ: ref: 2AD6AB8 req: {A6EF9860-C720-11D0-9337-00A0C90DCAA9} 	
00000314	10:56:51.719	[1176] CFQ: ref: 2AE50C0 req: {332C4427-26CB-11D0-B483-00C04FD90119} 	
00000315	10:56:51.719	[1176] CFQ: ref: 2AE50C0 req: {332C4427-26CB-11D0-B483-00C04FD90119} 	
00000316	10:56:51.719	[1176] DFQ: ref: 2AD6AB8 req: {332C4427-26CB-11D0-B483-00C04FD90119} 	
00000317	10:56:51.719	[1176] CFQ: ref: 2AE50C0 req: {A6EF9860-C720-11D0-9337-00A0C90DCAA9} 	
00000318	10:56:51.719	[1176] CFQ: ref: 2AE50C0 req: {A6EF9860-C720-11D0-9337-00A0C90DCAA9} 	
00000319	10:56:51.719	[1176] DFQ: ref: 2AD6AB8 req: {A6EF9860-C720-11D0-9337-00A0C90DCAA9} 	
00000320	10:56:51.719	[1176] CFQ: ref: 2AE50C0 req: {332C4427-26CB-11D0-B483-00C04FD90119} 	
00000321	10:56:51.719	[1176] CFQ: ref: 2AE50C0 req: {332C4427-26CB-11D0-B483-00C04FD90119} 	
00000322	10:56:51.719	[1176] DFQ: ref: 2AD6AB8 req: {332C4427-26CB-11D0-B483-00C04FD90119} 	
00000323	10:56:51.719	[1176] CFQ: ref: 2AE50C0 req: {A6EF9860-C720-11D0-9337-00A0C90DCAA9} 	
00000324	10:56:51.719	[1176] CFQ: ref: 2AE50C0 req: {A6EF9860-C720-11D0-9337-00A0C90DCAA9} 	
00000325	10:56:51.719	[1176] DFQ: ref: 2AD6AB8 req: {A6EF9860-C720-11D0-9337-00A0C90DCAA9} 	
00000326	10:56:51.734	[1176] CFQ: ref: 2AE50C0 req: {332C4427-26CB-11D0-B483-00C04FD90119} 	
00000327	10:56:51.734	[1176] CFQ: ref: 2AE50C0 req: {332C4427-26CB-11D0-B483-00C04FD90119} 	
00000328	10:56:51.734	[1176] DFQ: ref: 2AD6AB8 req: {332C4427-26CB-11D0-B483-00C04FD90119} 	
00000329	10:56:51.734	[1176] CFQ: ref: 2AE50C0 req: {A6EF9860-C720-11D0-9337-00A0C90DCAA9} 	
00000330	10:56:51.734	[1176] CFQ: ref: 2AE50C0 req: {A6EF9860-C720-11D0-9337-00A0C90DCAA9} 	
00000331	10:56:51.734	[1176] DFQ: ref: 2AD6AB8 req: {A6EF9860-C720-11D0-9337-00A0C90DCAA9} 	
00000332	10:56:51.734	[1176] CFQ: ref: 2AE50C0 req: {332C4427-26CB-11D0-B483-00C04FD90119} 	
00000333	10:56:51.734	[1176] CFQ: ref: 2AE50C0 req: {332C4427-26CB-11D0-B483-00C04FD90119} 	
00000334	10:56:51.734	[1176] DFQ: ref: 2AD6AB8 req: {332C4427-26CB-11D0-B483-00C04FD90119} 	
00000335	10:56:51.734	[1176] CFQ: ref: 2AE50C0 req: {A6EF9860-C720-11D0-9337-00A0C90DCAA9} 	
00000336	10:56:51.734	[1176] CFQ: ref: 2AE50C0 req: {A6EF9860-C720-11D0-9337-00A0C90DCAA9} 	
00000337	10:56:51.734	[1176] DFQ: ref: 2AD6AB8 req: {A6EF9860-C720-11D0-9337-00A0C90DCAA9} 	
00000338	10:56:51.750	[1176] CFQ: ref: 2AE50C0 req: {332C4427-26CB-11D0-B483-00C04FD90119} 	
00000339	10:56:51.750	[1176] CFQ: ref: 2AE50C0 req: {332C4427-26CB-11D0-B483-00C04FD90119} 	
00000340	10:56:51.750	[1176] DFQ: ref: 2AD6AB8 req: {332C4427-26CB-11D0-B483-00C04FD90119} 	
00000341	10:56:51.750	[1176] CFQ: ref: 2AE50C0 req: {A6EF9860-C720-11D0-9337-00A0C90DCAA9} 	
00000342	10:56:51.750	[1176] CFQ: ref: 2AE50C0 req: {A6EF9860-C720-11D0-9337-00A0C90DCAA9} 	
00000343	10:56:51.750	[1176] DFQ: ref: 2AD6AB8 req: {A6EF9860-C720-11D0-9337-00A0C90DCAA9} 	
00000344	10:56:51.750	[1176] CFQ: ref: 2AE50C0 req: {332C4427-26CB-11D0-B483-00C04FD90119} 	
00000345	10:56:51.750	[1176] CFQ: ref: 2AE50C0 req: {332C4427-26CB-11D0-B483-00C04FD90119} 	
00000346	10:56:51.750	[1176] DFQ: ref: 2AD6AB8 req: {332C4427-26CB-11D0-B483-00C04FD90119} 	
00000347	10:56:51.750	[1176] CFQ: ref: 2AE50C0 req: {A6EF9860-C720-11D0-9337-00A0C90DCAA9} 	
00000348	10:56:51.750	[1176] CFQ: ref: 2AE50C0 req: {A6EF9860-C720-11D0-9337-00A0C90DCAA9} 	
00000349	10:56:51.750	[1176] DFQ: ref: 2AD6AB8 req: {A6EF9860-C720-11D0-9337-00A0C90DCAA9} 	
00000350	10:56:51.766	[1176] CFQ: ref: 2AE50C0 req: {332C4427-26CB-11D0-B483-00C04FD90119} 	
00000351	10:56:51.766	[1176] CFQ: ref: 2AE50C0 req: {332C4427-26CB-11D0-B483-00C04FD90119} 	
00000352	10:56:51.766	[1176] DFQ: ref: 2AD6AB8 req: {332C4427-26CB-11D0-B483-00C04FD90119} 	
00000353	10:56:51.766	[1176] CFQ: ref: 2AE50C0 req: {A6EF9860-C720-11D0-9337-00A0C90DCAA9} 	
00000354	10:56:51.766	[1176] CFQ: ref: 2AE50C0 req: {A6EF9860-C720-11D0-9337-00A0C90DCAA9} 	
00000355	10:56:51.766	[1176] DFQ: ref: 2AD6AB8 req: {A6EF9860-C720-11D0-9337-00A0C90DCAA9} 	
00000356	10:56:51.766	[1176] CFQ: ref: 2AE50C0 req: {332C4427-26CB-11D0-B483-00C04FD90119} 	
00000357	10:56:51.766	[1176] CFQ: ref: 2AE50C0 req: {332C4427-26CB-11D0-B483-00C04FD90119} 	
00000358	10:56:51.766	[1176] DFQ: ref: 2AD6AB8 req: {332C4427-26CB-11D0-B483-00C04FD90119} 	
00000359	10:56:51.766	[1176] CFQ: ref: 2AE50C0 req: {A6EF9860-C720-11D0-9337-00A0C90DCAA9} 	
00000360	10:56:51.766	[1176] CFQ: ref: 2AE50C0 req: {A6EF9860-C720-11D0-9337-00A0C90DCAA9} 	
00000361	10:56:51.766	[1176] DFQ: ref: 2AD6AB8 req: {A6EF9860-C720-11D0-9337-00A0C90DCAA9} 	
00000362	10:56:51.781	[1176] CFQ: ref: 2AE50C0 req: {332C4427-26CB-11D0-B483-00C04FD90119} 	
00000363	10:56:51.781	[1176] CFQ: ref: 2AE50C0 req: {332C4427-26CB-11D0-B483-00C04FD90119} 	
00000364	10:56:51.781	[1176] DFQ: ref: 2AD6AB8 req: {332C4427-26CB-11D0-B483-00C04FD90119} 	
00000365	10:56:51.781	[1176] CFQ: ref: 2AE50C0 req: {A6EF9860-C720-11D0-9337-00A0C90DCAA9} 	
00000366	10:56:51.781	[1176] CFQ: ref: 2AE50C0 req: {A6EF9860-C720-11D0-9337-00A0C90DCAA9} 	
00000367	10:56:51.781	[1176] DFQ: ref: 2AD6AB8 req: {A6EF9860-C720-11D0-9337-00A0C90DCAA9} 	
00000368	10:56:51.781	[1176] CFQ: ref: 2AE50C0 req: {332C4427-26CB-11D0-B483-00C04FD90119} 	
00000369	10:56:51.781	[1176] CFQ: ref: 2AE50C0 req: {332C4427-26CB-11D0-B483-00C04FD90119} 	
00000370	10:56:51.781	[1176] DFQ: ref: 2AD6AB8 req: {332C4427-26CB-11D0-B483-00C04FD90119} 	
00000371	10:56:51.781	[1176] CFQ: ref: 2AE50C0 req: {A6EF9860-C720-11D0-9337-00A0C90DCAA9} 	
00000372	10:56:51.781	[1176] CFQ: ref: 2AE50C0 req: {A6EF9860-C720-11D0-9337-00A0C90DCAA9} 	
00000373	10:56:51.781	[1176] DFQ: ref: 2AD6AB8 req: {A6EF9860-C720-11D0-9337-00A0C90DCAA9} 	
00000374	10:56:51.797	[1176] CFQ: ref: 2AE50C0 req: {332C4427-26CB-11D0-B483-00C04FD90119} 	
00000375	10:56:51.797	[1176] CFQ: ref: 2AE50C0 req: {332C4427-26CB-11D0-B483-00C04FD90119} 	
00000376	10:56:51.797	[1176] DFQ: ref: 2AD6AB8 req: {332C4427-26CB-11D0-B483-00C04FD90119} 	
00000377	10:56:51.797	[1176] CFQ: ref: 2AE50C0 req: {A6EF9860-C720-11D0-9337-00A0C90DCAA9} 	
00000378	10:56:51.797	[1176] CFQ: ref: 2AE50C0 req: {A6EF9860-C720-11D0-9337-00A0C90DCAA9} 	
00000379	10:56:51.797	[1176] DFQ: ref: 2AD6AB8 req: {A6EF9860-C720-11D0-9337-00A0C90DCAA9} 	
00000380	10:56:51.797	[1176] CFQ: ref: 2AE50C0 req: {332C4427-26CB-11D0-B483-00C04FD90119} 	
00000381	10:56:51.797	[1176] CFQ: ref: 2AE50C0 req: {332C4427-26CB-11D0-B483-00C04FD90119} 	
00000382	10:56:51.797	[1176] DFQ: ref: 2AD6AB8 req: {332C4427-26CB-11D0-B483-00C04FD90119} 	
00000383	10:56:51.797	[1176] CFQ: ref: 2AE50C0 req: {A6EF9860-C720-11D0-9337-00A0C90DCAA9} 	
00000384	10:56:51.797	[1176] CFQ: ref: 2AE50C0 req: {A6EF9860-C720-11D0-9337-00A0C90DCAA9} 	
00000385	10:56:51.797	[1176] DFQ: ref: 2AD6AB8 req: {A6EF9860-C720-11D0-9337-00A0C90DCAA9} 	
00000386	10:56:51.812	[1176] CFQ: ref: 2AE50C0 req: {332C4427-26CB-11D0-B483-00C04FD90119} 	
00000387	10:56:51.812	[1176] CFQ: ref: 2AE50C0 req: {332C4427-26CB-11D0-B483-00C04FD90119} 	
00000388	10:56:51.812	[1176] DFQ: ref: 2AD6AB8 req: {332C4427-26CB-11D0-B483-00C04FD90119} 	
00000389	10:56:51.812	[1176] CFQ: ref: 2AE50C0 req: {A6EF9860-C720-11D0-9337-00A0C90DCAA9} 	
00000390	10:56:51.812	[1176] CFQ: ref: 2AE50C0 req: {A6EF9860-C720-11D0-9337-00A0C90DCAA9} 	
00000391	10:56:51.812	[1176] DFQ: ref: 2AD6AB8 req: {A6EF9860-C720-11D0-9337-00A0C90DCAA9} 	
00000392	10:56:51.812	[1176] CFQ: ref: 2AE50C0 req: {332C4427-26CB-11D0-B483-00C04FD90119} 	
00000393	10:56:51.812	[1176] CFQ: ref: 2AE50C0 req: {332C4427-26CB-11D0-B483-00C04FD90119} 	
00000394	10:56:51.812	[1176] DFQ: ref: 2AD6AB8 req: {332C4427-26CB-11D0-B483-00C04FD90119} 	
00000395	10:56:51.812	[1176] CFQ: ref: 2AE50C0 req: {A6EF9860-C720-11D0-9337-00A0C90DCAA9} 	
00000396	10:56:51.812	[1176] CFQ: ref: 2AE50C0 req: {A6EF9860-C720-11D0-9337-00A0C90DCAA9} 	
00000397	10:56:51.812	[1176] DFQ: ref: 2AD6AB8 req: {A6EF9860-C720-11D0-9337-00A0C90DCAA9} 	
00000398	10:56:51.828	[1176] CFQ: ref: 2AE50C0 req: {332C4427-26CB-11D0-B483-00C04FD90119} 	
00000399	10:56:51.828	[1176] CFQ: ref: 2AE50C0 req: {332C4427-26CB-11D0-B483-00C04FD90119} 	
00000400	10:56:51.828	[1176] DFQ: ref: 2AD6AB8 req: {332C4427-26CB-11D0-B483-00C04FD90119} 	
00000401	10:56:51.828	[1176] CFQ: ref: 2AE50C0 req: {A6EF9860-C720-11D0-9337-00A0C90DCAA9} 	
00000402	10:56:51.828	[1176] CFQ: ref: 2AE50C0 req: {A6EF9860-C720-11D0-9337-00A0C90DCAA9} 	
00000403	10:56:51.828	[1176] DFQ: ref: 2AD6AB8 req: {A6EF9860-C720-11D0-9337-00A0C90DCAA9} 	
00000404	10:56:51.828	[1176] CFQ: ref: 2AE50C0 req: {332C4427-26CB-11D0-B483-00C04FD90119} 	
00000405	10:56:51.828	[1176] CFQ: ref: 2AE50C0 req: {332C4427-26CB-11D0-B483-00C04FD90119} 	
00000406	10:56:51.828	[1176] DFQ: ref: 2AD6AB8 req: {332C4427-26CB-11D0-B483-00C04FD90119} 	
00000407	10:56:51.828	[1176] CFQ: ref: 2AE50C0 req: {A6EF9860-C720-11D0-9337-00A0C90DCAA9} 	
00000408	10:56:51.828	[1176] CFQ: ref: 2AE50C0 req: {A6EF9860-C720-11D0-9337-00A0C90DCAA9} 	
00000409	10:56:51.828	[1176] DFQ: ref: 2AD6AB8 req: {A6EF9860-C720-11D0-9337-00A0C90DCAA9} 	
00000410	10:56:51.844	[1176] CFQ: ref: 2AE50C0 req: {332C4427-26CB-11D0-B483-00C04FD90119} 	
00000411	10:56:51.844	[1176] CFQ: ref: 2AE50C0 req: {332C4427-26CB-11D0-B483-00C04FD90119} 	
00000412	10:56:51.844	[1176] DFQ: ref: 2AD6AB8 req: {332C4427-26CB-11D0-B483-00C04FD90119} 	
00000413	10:56:51.844	[1176] CFQ: ref: 2AE50C0 req: {A6EF9860-C720-11D0-9337-00A0C90DCAA9} 	
00000414	10:56:51.844	[1176] CFQ: ref: 2AE50C0 req: {A6EF9860-C720-11D0-9337-00A0C90DCAA9} 	
00000415	10:56:51.844	[1176] DFQ: ref: 2AD6AB8 req: {A6EF9860-C720-11D0-9337-00A0C90DCAA9} 	
00000416	10:56:51.844	[1176] CFQ: ref: 2AE50C0 req: {332C4427-26CB-11D0-B483-00C04FD90119} 	
00000417	10:56:51.844	[1176] CFQ: ref: 2AE50C0 req: {332C4427-26CB-11D0-B483-00C04FD90119} 	
00000418	10:56:51.844	[1176] DFQ: ref: 2AD6AB8 req: {332C4427-26CB-11D0-B483-00C04FD90119} 	
00000419	10:56:51.844	[1176] CFQ: ref: 2AE50C0 req: {A6EF9860-C720-11D0-9337-00A0C90DCAA9} 	
00000420	10:56:51.844	[1176] CFQ: ref: 2AE50C0 req: {A6EF9860-C720-11D0-9337-00A0C90DCAA9} 	
00000421	10:56:51.844	[1176] DFQ: ref: 2AD6AB8 req: {A6EF9860-C720-11D0-9337-00A0C90DCAA9} 	
00000422	10:56:51.859	[1176] CFQ: ref: 2AE50C0 req: {332C4427-26CB-11D0-B483-00C04FD90119} 	
00000423	10:56:51.859	[1176] CFQ: ref: 2AE50C0 req: {332C4427-26CB-11D0-B483-00C04FD90119} 	
00000424	10:56:51.859	[1176] DFQ: ref: 2AD6AB8 req: {332C4427-26CB-11D0-B483-00C04FD90119} 	
00000425	10:56:51.859	[1176] CFQ: ref: 2AE50C0 req: {A6EF9860-C720-11D0-9337-00A0C90DCAA9} 	
00000426	10:56:51.859	[1176] CFQ: ref: 2AE50C0 req: {A6EF9860-C720-11D0-9337-00A0C90DCAA9} 	
00000427	10:56:51.859	[1176] DFQ: ref: 2AD6AB8 req: {A6EF9860-C720-11D0-9337-00A0C90DCAA9} 	
00000428	10:56:51.859	[1176] CFQ: ref: 2AE50C0 req: {332C4427-26CB-11D0-B483-00C04FD90119} 	
00000429	10:56:51.859	[1176] CFQ: ref: 2AE50C0 req: {332C4427-26CB-11D0-B483-00C04FD90119} 	
00000430	10:56:51.859	[1176] DFQ: ref: 2AD6AB8 req: {332C4427-26CB-11D0-B483-00C04FD90119} 	
00000431	10:56:51.859	[1176] CFQ: ref: 2AE50C0 req: {A6EF9860-C720-11D0-9337-00A0C90DCAA9} 	
00000432	10:56:51.859	[1176] CFQ: ref: 2AE50C0 req: {A6EF9860-C720-11D0-9337-00A0C90DCAA9} 	
00000433	10:56:51.859	[1176] DFQ: ref: 2AD6AB8 req: {A6EF9860-C720-11D0-9337-00A0C90DCAA9} 	
00000434	10:56:51.875	[1176] CFQ: ref: 2AE50C0 req: {332C4427-26CB-11D0-B483-00C04FD90119} 	
00000435	10:56:51.875	[1176] CFQ: ref: 2AE50C0 req: {332C4427-26CB-11D0-B483-00C04FD90119} 	
00000436	10:56:51.875	[1176] DFQ: ref: 2AD6AB8 req: {332C4427-26CB-11D0-B483-00C04FD90119} 	
00000437	10:56:51.875	[1176] CFQ: ref: 2AE50C0 req: {A6EF9860-C720-11D0-9337-00A0C90DCAA9} 	
00000438	10:56:51.875	[1176] CFQ: ref: 2AE50C0 req: {A6EF9860-C720-11D0-9337-00A0C90DCAA9} 	
00000439	10:56:51.875	[1176] DFQ: ref: 2AD6AB8 req: {A6EF9860-C720-11D0-9337-00A0C90DCAA9} 	
00000440	10:56:51.875	[1176] CFQ: ref: 2AE50C0 req: {332C4427-26CB-11D0-B483-00C04FD90119} 	
00000441	10:56:51.875	[1176] CFQ: ref: 2AE50C0 req: {332C4427-26CB-11D0-B483-00C04FD90119} 	
00000442	10:56:51.875	[1176] DFQ: ref: 2AD6AB8 req: {332C4427-26CB-11D0-B483-00C04FD90119} 	
00000443	10:56:51.875	[1176] CFQ: ref: 2AE50C0 req: {A6EF9860-C720-11D0-9337-00A0C90DCAA9} 	
00000444	10:56:51.875	[1176] CFQ: ref: 2AE50C0 req: {A6EF9860-C720-11D0-9337-00A0C90DCAA9} 	
00000445	10:56:51.875	[1176] DFQ: ref: 2AD6AB8 req: {A6EF9860-C720-11D0-9337-00A0C90DCAA9} 	
00000446	10:56:51.891	[1176] CFQ: ref: 2AE50C0 req: {332C4427-26CB-11D0-B483-00C04FD90119} 	
00000447	10:56:51.891	[1176] CFQ: ref: 2AE50C0 req: {332C4427-26CB-11D0-B483-00C04FD90119} 	
00000448	10:56:51.891	[1176] DFQ: ref: 2AD6AB8 req: {332C4427-26CB-11D0-B483-00C04FD90119} 	
00000449	10:56:51.891	[1176] CFQ: ref: 2AE50C0 req: {A6EF9860-C720-11D0-9337-00A0C90DCAA9} 	
00000450	10:56:51.891	[1176] CFQ: ref: 2AE50C0 req: {A6EF9860-C720-11D0-9337-00A0C90DCAA9} 	
00000451	10:56:51.891	[1176] DFQ: ref: 2AD6AB8 req: {A6EF9860-C720-11D0-9337-00A0C90DCAA9} 	
00000452	10:56:51.891	[1176] CFQ: ref: 2AE50C0 req: {332C4427-26CB-11D0-B483-00C04FD90119} 	
00000453	10:56:51.891	[1176] CFQ: ref: 2AE50C0 req: {332C4427-26CB-11D0-B483-00C04FD90119} 	
00000454	10:56:51.891	[1176] DFQ: ref: 2AD6AB8 req: {332C4427-26CB-11D0-B483-00C04FD90119} 	
00000455	10:56:51.891	[1176] CFQ: ref: 2AE50C0 req: {A6EF9860-C720-11D0-9337-00A0C90DCAA9} 	
00000456	10:56:51.891	[1176] CFQ: ref: 2AE50C0 req: {A6EF9860-C720-11D0-9337-00A0C90DCAA9} 	
00000457	10:56:51.891	[1176] DFQ: ref: 2AD6AB8 req: {A6EF9860-C720-11D0-9337-00A0C90DCAA9} 	
00000458	10:56:51.906	[1176] CFQ: ref: 2AE50C0 req: {332C4427-26CB-11D0-B483-00C04FD90119} 	
00000459	10:56:51.906	[1176] CFQ: ref: 2AE50C0 req: {332C4427-26CB-11D0-B483-00C04FD90119} 	
00000460	10:56:51.906	[1176] DFQ: ref: 2AD6AB8 req: {332C4427-26CB-11D0-B483-00C04FD90119} 	
00000461	10:56:51.906	[1176] CFQ: ref: 2AE50C0 req: {A6EF9860-C720-11D0-9337-00A0C90DCAA9} 	
00000462	10:56:51.906	[1176] CFQ: ref: 2AE50C0 req: {A6EF9860-C720-11D0-9337-00A0C90DCAA9} 	
00000463	10:56:51.906	[1176] DFQ: ref: 2AD6AB8 req: {A6EF9860-C720-11D0-9337-00A0C90DCAA9} 	
00000464	10:56:51.906	[1176] CFQ: ref: 2AE50C0 req: {332C4427-26CB-11D0-B483-00C04FD90119} 	
00000465	10:56:51.906	[1176] CFQ: ref: 2AE50C0 req: {332C4427-26CB-11D0-B483-00C04FD90119} 	
00000466	10:56:51.906	[1176] DFQ: ref: 2AD6AB8 req: {332C4427-26CB-11D0-B483-00C04FD90119} 	
00000467	10:56:51.906	[1176] CFQ: ref: 2AE50C0 req: {A6EF9860-C720-11D0-9337-00A0C90DCAA9} 	
00000468	10:56:51.906	[1176] CFQ: ref: 2AE50C0 req: {A6EF9860-C720-11D0-9337-00A0C90DCAA9} 	
00000469	10:56:51.906	[1176] DFQ: ref: 2AD6AB8 req: {A6EF9860-C720-11D0-9337-00A0C90DCAA9} 	
00000470	10:56:51.922	[1176] CFQ: ref: 2AE50C0 req: {332C4427-26CB-11D0-B483-00C04FD90119} 	
00000471	10:56:51.922	[1176] CFQ: ref: 2AE50C0 req: {332C4427-26CB-11D0-B483-00C04FD90119} 	
00000472	10:56:51.922	[1176] DFQ: ref: 2AD6AB8 req: {332C4427-26CB-11D0-B483-00C04FD90119} 	
00000473	10:56:51.922	[1176] CFQ: ref: 2AE50C0 req: {A6EF9860-C720-11D0-9337-00A0C90DCAA9} 	
00000474	10:56:51.922	[1176] CFQ: ref: 2AE50C0 req: {A6EF9860-C720-11D0-9337-00A0C90DCAA9} 	
00000475	10:56:51.922	[1176] DFQ: ref: 2AD6AB8 req: {A6EF9860-C720-11D0-9337-00A0C90DCAA9} 	
00000476	10:56:51.922	[1176] CFQ: ref: 2AE50C0 req: {332C4427-26CB-11D0-B483-00C04FD90119} 	
00000477	10:56:51.922	[1176] CFQ: ref: 2AE50C0 req: {332C4427-26CB-11D0-B483-00C04FD90119} 	
00000478	10:56:51.922	[1176] DFQ: ref: 2AD6AB8 req: {332C4427-26CB-11D0-B483-00C04FD90119} 	
00000479	10:56:51.922	[1176] CFQ: ref: 2AE50C0 req: {A6EF9860-C720-11D0-9337-00A0C90DCAA9} 	
00000480	10:56:51.922	[1176] CFQ: ref: 2AE50C0 req: {A6EF9860-C720-11D0-9337-00A0C90DCAA9} 	
00000481	10:56:51.922	[1176] DFQ: ref: 2AD6AB8 req: {A6EF9860-C720-11D0-9337-00A0C90DCAA9} 	
00000482	10:56:51.937	[1176] CFQ: ref: 2AE50C0 req: {332C4427-26CB-11D0-B483-00C04FD90119} 	
00000483	10:56:51.937	[1176] CFQ: ref: 2AE50C0 req: {332C4427-26CB-11D0-B483-00C04FD90119} 	
00000484	10:56:51.937	[1176] DFQ: ref: 2AD6AB8 req: {332C4427-26CB-11D0-B483-00C04FD90119} 	
00000485	10:56:51.937	[1176] CFQ: ref: 2AE50C0 req: {A6EF9860-C720-11D0-9337-00A0C90DCAA9} 	
00000486	10:56:51.937	[1176] CFQ: ref: 2AE50C0 req: {A6EF9860-C720-11D0-9337-00A0C90DCAA9} 	
00000487	10:56:51.937	[1176] DFQ: ref: 2AD6AB8 req: {A6EF9860-C720-11D0-9337-00A0C90DCAA9} 	
00000488	10:56:51.937	[1176] CFQ: ref: 2AE50C0 req: {332C4427-26CB-11D0-B483-00C04FD90119} 	
00000489	10:56:51.937	[1176] CFQ: ref: 2AE50C0 req: {332C4427-26CB-11D0-B483-00C04FD90119} 	
00000490	10:56:51.937	[1176] DFQ: ref: 2AD6AB8 req: {332C4427-26CB-11D0-B483-00C04FD90119} 	
00000491	10:56:51.937	[1176] CFQ: ref: 2AE50C0 req: {A6EF9860-C720-11D0-9337-00A0C90DCAA9} 	
00000492	10:56:51.937	[1176] CFQ: ref: 2AE50C0 req: {A6EF9860-C720-11D0-9337-00A0C90DCAA9} 	
00000493	10:56:51.937	[1176] DFQ: ref: 2AD6AB8 req: {A6EF9860-C720-11D0-9337-00A0C90DCAA9} 	
00000494	10:56:51.953	[1176] CFQ: ref: 2AE50C0 req: {332C4427-26CB-11D0-B483-00C04FD90119} 	
00000495	10:56:51.953	[1176] CFQ: ref: 2AE50C0 req: {332C4427-26CB-11D0-B483-00C04FD90119} 	
00000496	10:56:51.953	[1176] DFQ: ref: 2AD6AB8 req: {332C4427-26CB-11D0-B483-00C04FD90119} 	
00000497	10:56:51.953	[1176] CFQ: ref: 2AE50C0 req: {A6EF9860-C720-11D0-9337-00A0C90DCAA9} 	
00000498	10:56:51.953	[1176] CFQ: ref: 2AE50C0 req: {A6EF9860-C720-11D0-9337-00A0C90DCAA9} 	
00000499	10:56:51.953	[1176] DFQ: ref: 2AD6AB8 req: {A6EF9860-C720-11D0-9337-00A0C90DCAA9} 	
00000500	10:56:51.953	[1176] CFQ: ref: 2AE50C0 req: {332C4427-26CB-11D0-B483-00C04FD90119} 	
00000501	10:56:51.953	[1176] CFQ: ref: 2AE50C0 req: {332C4427-26CB-11D0-B483-00C04FD90119} 	
00000502	10:56:51.953	[1176] DFQ: ref: 2AD6AB8 req: {332C4427-26CB-11D0-B483-00C04FD90119} 	
00000503	10:56:51.953	[1176] CFQ: ref: 2AE50C0 req: {A6EF9860-C720-11D0-9337-00A0C90DCAA9} 	
00000504	10:56:51.953	[1176] CFQ: ref: 2AE50C0 req: {A6EF9860-C720-11D0-9337-00A0C90DCAA9} 	
00000505	10:56:51.953	[1176] DFQ: ref: 2AD6AB8 req: {A6EF9860-C720-11D0-9337-00A0C90DCAA9} 	
00000506	10:56:52.203	[1176] CFQ: ref: 2AE50C0 req: {332C4427-26CB-11D0-B483-00C04FD90119} 	
00000507	10:56:52.203	[1176] CFQ: ref: 2AE50C0 req: {332C4427-26CB-11D0-B483-00C04FD90119} 	
00000508	10:56:52.203	[1176] DFQ: ref: 2AD6AB8 req: {332C4427-26CB-11D0-B483-00C04FD90119} 	
00000509	10:56:52.203	[1176] CFQ: ref: 2AE50C0 req: {A6EF9860-C720-11D0-9337-00A0C90DCAA9} 	
00000510	10:56:52.203	[1176] CFQ: ref: 2AE50C0 req: {A6EF9860-C720-11D0-9337-00A0C90DCAA9} 	
00000511	10:56:52.203	[1176] DFQ: ref: 2AD6AB8 req: {A6EF9860-C720-11D0-9337-00A0C90DCAA9} 	
00000512	10:56:52.203	[1176] CFQ: ref: 2AE50C0 req: {332C4427-26CB-11D0-B483-00C04FD90119} 	
00000513	10:56:52.203	[1176] CFQ: ref: 2AE50C0 req: {332C4427-26CB-11D0-B483-00C04FD90119} 	
00000514	10:56:52.203	[1176] DFQ: ref: 2AD6AB8 req: {332C4427-26CB-11D0-B483-00C04FD90119} 	
00000515	10:56:52.203	[1176] CFQ: ref: 2AE50C0 req: {A6EF9860-C720-11D0-9337-00A0C90DCAA9} 	
00000516	10:56:52.203	[1176] CFQ: ref: 2AE50C0 req: {A6EF9860-C720-11D0-9337-00A0C90DCAA9} 	
00000517	10:56:52.203	[1176] DFQ: ref: 2AD6AB8 req: {A6EF9860-C720-11D0-9337-00A0C90DCAA9} 	
00000518	10:56:52.219	[1176] CFQ: ref: 2AE50C0 req: {332C4427-26CB-11D0-B483-00C04FD90119} 	
00000519	10:56:52.219	[1176] CFQ: ref: 2AE50C0 req: {332C4427-26CB-11D0-B483-00C04FD90119} 	
00000520	10:56:52.219	[1176] DFQ: ref: 2AD6AB8 req: {332C4427-26CB-11D0-B483-00C04FD90119} 	
00000521	10:56:52.219	[1176] CFQ: ref: 2AE50C0 req: {A6EF9860-C720-11D0-9337-00A0C90DCAA9} 	
00000522	10:56:52.219	[1176] CFQ: ref: 2AE50C0 req: {A6EF9860-C720-11D0-9337-00A0C90DCAA9} 	
00000523	10:56:52.219	[1176] DFQ: ref: 2AD6AB8 req: {A6EF9860-C720-11D0-9337-00A0C90DCAA9} 	
00000524	10:56:52.219	[1176] CFQ: ref: 2AE50C0 req: {332C4427-26CB-11D0-B483-00C04FD90119} 	
00000525	10:56:52.219	[1176] CFQ: ref: 2AE50C0 req: {332C4427-26CB-11D0-B483-00C04FD90119} 	
00000526	10:56:52.219	[1176] DFQ: ref: 2AD6AB8 req: {332C4427-26CB-11D0-B483-00C04FD90119} 	
00000527	10:56:52.219	[1176] CFQ: ref: 2AE50C0 req: {A6EF9860-C720-11D0-9337-00A0C90DCAA9} 	
00000528	10:56:52.219	[1176] CFQ: ref: 2AE50C0 req: {A6EF9860-C720-11D0-9337-00A0C90DCAA9} 	
00000529	10:56:52.219	[1176] DFQ: ref: 2AD6AB8 req: {A6EF9860-C720-11D0-9337-00A0C90DCAA9} 	
00000530	10:56:52.234	[1176] CFQ: ref: 2AE50C0 req: {332C4427-26CB-11D0-B483-00C04FD90119} 	
00000531	10:56:52.234	[1176] CFQ: ref: 2AE50C0 req: {332C4427-26CB-11D0-B483-00C04FD90119} 	
00000532	10:56:52.234	[1176] DFQ: ref: 2AD6AB8 req: {332C4427-26CB-11D0-B483-00C04FD90119} 	
00000533	10:56:52.234	[1176] CFQ: ref: 2AE50C0 req: {A6EF9860-C720-11D0-9337-00A0C90DCAA9} 	
00000534	10:56:52.234	[1176] CFQ: ref: 2AE50C0 req: {A6EF9860-C720-11D0-9337-00A0C90DCAA9} 	
00000535	10:56:52.234	[1176] DFQ: ref: 2AD6AB8 req: {A6EF9860-C720-11D0-9337-00A0C90DCAA9} 	
00000536	10:56:52.234	[1176] CFQ: ref: 2AE50C0 req: {332C4427-26CB-11D0-B483-00C04FD90119} 	
00000537	10:56:52.234	[1176] CFQ: ref: 2AE50C0 req: {332C4427-26CB-11D0-B483-00C04FD90119} 	
00000538	10:56:52.234	[1176] DFQ: ref: 2AD6AB8 req: {332C4427-26CB-11D0-B483-00C04FD90119} 	
00000539	10:56:52.234	[1176] CFQ: ref: 2AE50C0 req: {A6EF9860-C720-11D0-9337-00A0C90DCAA9} 	
00000540	10:56:52.234	[1176] CFQ: ref: 2AE50C0 req: {A6EF9860-C720-11D0-9337-00A0C90DCAA9} 	
00000541	10:56:52.234	[1176] DFQ: ref: 2AD6AB8 req: {A6EF9860-C720-11D0-9337-00A0C90DCAA9} 	
00000542	10:56:52.250	[1176] CFQ: ref: 2AE50C0 req: {332C4427-26CB-11D0-B483-00C04FD90119} 	
00000543	10:56:52.250	[1176] CFQ: ref: 2AE50C0 req: {332C4427-26CB-11D0-B483-00C04FD90119} 	
00000544	10:56:52.250	[1176] DFQ: ref: 2AD6AB8 req: {332C4427-26CB-11D0-B483-00C04FD90119} 	
00000545	10:56:52.250	[1176] CFQ: ref: 2AE50C0 req: {A6EF9860-C720-11D0-9337-00A0C90DCAA9} 	
00000546	10:56:52.250	[1176] CFQ: ref: 2AE50C0 req: {A6EF9860-C720-11D0-9337-00A0C90DCAA9} 	
00000547	10:56:52.250	[1176] DFQ: ref: 2AD6AB8 req: {A6EF9860-C720-11D0-9337-00A0C90DCAA9} 	
00000548	10:56:52.250	[1176] CFQ: ref: 2AE50C0 req: {332C4427-26CB-11D0-B483-00C04FD90119} 	
00000549	10:56:52.250	[1176] CFQ: ref: 2AE50C0 req: {332C4427-26CB-11D0-B483-00C04FD90119} 	
00000550	10:56:52.250	[1176] DFQ: ref: 2AD6AB8 req: {332C4427-26CB-11D0-B483-00C04FD90119} 	
00000551	10:56:52.250	[1176] CFQ: ref: 2AE50C0 req: {A6EF9860-C720-11D0-9337-00A0C90DCAA9} 	
00000552	10:56:52.250	[1176] CFQ: ref: 2AE50C0 req: {A6EF9860-C720-11D0-9337-00A0C90DCAA9} 	
00000553	10:56:52.250	[1176] DFQ: ref: 2AD6AB8 req: {A6EF9860-C720-11D0-9337-00A0C90DCAA9} 	
00000554	10:56:52.266	[1176] CFQ: ref: 2AE50C0 req: {332C4427-26CB-11D0-B483-00C04FD90119} 	
00000555	10:56:52.266	[1176] CFQ: ref: 2AE50C0 req: {332C4427-26CB-11D0-B483-00C04FD90119} 	
00000556	10:56:52.266	[1176] DFQ: ref: 2AD6AB8 req: {332C4427-26CB-11D0-B483-00C04FD90119} 	
00000557	10:56:52.266	[1176] CFQ: ref: 2AE50C0 req: {A6EF9860-C720-11D0-9337-00A0C90DCAA9} 	
00000558	10:56:52.266	[1176] CFQ: ref: 2AE50C0 req: {A6EF9860-C720-11D0-9337-00A0C90DCAA9} 	
00000559	10:56:52.266	[1176] DFQ: ref: 2AD6AB8 req: {A6EF9860-C720-11D0-9337-00A0C90DCAA9} 	
00000560	10:56:52.266	[1176] CFQ: ref: 2AE50C0 req: {332C4427-26CB-11D0-B483-00C04FD90119} 	
00000561	10:56:52.266	[1176] CFQ: ref: 2AE50C0 req: {332C4427-26CB-11D0-B483-00C04FD90119} 	
00000562	10:56:52.266	[1176] DFQ: ref: 2AD6AB8 req: {332C4427-26CB-11D0-B483-00C04FD90119} 	
00000563	10:56:52.266	[1176] CFQ: ref: 2AE50C0 req: {A6EF9860-C720-11D0-9337-00A0C90DCAA9} 	
00000564	10:56:52.266	[1176] CFQ: ref: 2AE50C0 req: {A6EF9860-C720-11D0-9337-00A0C90DCAA9} 	
00000565	10:56:52.266	[1176] DFQ: ref: 2AD6AB8 req: {A6EF9860-C720-11D0-9337-00A0C90DCAA9} 	
00000566	10:56:52.281	[1176] CFQ: ref: 2AE50C0 req: {332C4427-26CB-11D0-B483-00C04FD90119} 	
00000567	10:56:52.281	[1176] CFQ: ref: 2AE50C0 req: {332C4427-26CB-11D0-B483-00C04FD90119} 	
00000568	10:56:52.281	[1176] DFQ: ref: 2AD6AB8 req: {332C4427-26CB-11D0-B483-00C04FD90119} 	
00000569	10:56:52.281	[1176] CFQ: ref: 2AE50C0 req: {A6EF9860-C720-11D0-9337-00A0C90DCAA9} 	
00000570	10:56:52.281	[1176] CFQ: ref: 2AE50C0 req: {A6EF9860-C720-11D0-9337-00A0C90DCAA9} 	
00000571	10:56:52.281	[1176] DFQ: ref: 2AD6AB8 req: {A6EF9860-C720-11D0-9337-00A0C90DCAA9} 	
00000572	10:56:52.281	[1176] CFQ: ref: 2AE50C0 req: {332C4427-26CB-11D0-B483-00C04FD90119} 	
00000573	10:56:52.281	[1176] CFQ: ref: 2AE50C0 req: {332C4427-26CB-11D0-B483-00C04FD90119} 	
00000574	10:56:52.281	[1176] DFQ: ref: 2AD6AB8 req: {332C4427-26CB-11D0-B483-00C04FD90119} 	
00000575	10:56:52.281	[1176] CFQ: ref: 2AE50C0 req: {A6EF9860-C720-11D0-9337-00A0C90DCAA9} 	
00000576	10:56:52.281	[1176] CFQ: ref: 2AE50C0 req: {A6EF9860-C720-11D0-9337-00A0C90DCAA9} 	
00000577	10:56:52.281	[1176] DFQ: ref: 2AD6AB8 req: {A6EF9860-C720-11D0-9337-00A0C90DCAA9} 	
00000578	10:56:52.297	[1176] CFQ: ref: 2AE50C0 req: {332C4427-26CB-11D0-B483-00C04FD90119} 	
00000579	10:56:52.297	[1176] CFQ: ref: 2AE50C0 req: {332C4427-26CB-11D0-B483-00C04FD90119} 	
00000580	10:56:52.297	[1176] DFQ: ref: 2AD6AB8 req: {332C4427-26CB-11D0-B483-00C04FD90119} 	
00000581	10:56:52.297	[1176] CFQ: ref: 2AE50C0 req: {A6EF9860-C720-11D0-9337-00A0C90DCAA9} 	
00000582	10:56:52.297	[1176] CFQ: ref: 2AE50C0 req: {A6EF9860-C720-11D0-9337-00A0C90DCAA9} 	
00000583	10:56:52.297	[1176] DFQ: ref: 2AD6AB8 req: {A6EF9860-C720-11D0-9337-00A0C90DCAA9} 	
00000584	10:56:52.297	[1176] CFQ: ref: 2AE50C0 req: {332C4427-26CB-11D0-B483-00C04FD90119} 	
00000585	10:56:52.297	[1176] CFQ: ref: 2AE50C0 req: {332C4427-26CB-11D0-B483-00C04FD90119} 	
00000586	10:56:52.297	[1176] DFQ: ref: 2AD6AB8 req: {332C4427-26CB-11D0-B483-00C04FD90119} 	
00000587	10:56:52.297	[1176] CFQ: ref: 2AE50C0 req: {A6EF9860-C720-11D0-9337-00A0C90DCAA9} 	
00000588	10:56:52.297	[1176] CFQ: ref: 2AE50C0 req: {A6EF9860-C720-11D0-9337-00A0C90DCAA9} 	
00000589	10:56:52.297	[1176] DFQ: ref: 2AD6AB8 req: {A6EF9860-C720-11D0-9337-00A0C90DCAA9} 	
00000590	10:56:52.312	[1176] CFQ: ref: 2AE50C0 req: {332C4427-26CB-11D0-B483-00C04FD90119} 	
00000591	10:56:52.312	[1176] CFQ: ref: 2AE50C0 req: {332C4427-26CB-11D0-B483-00C04FD90119} 	
00000592	10:56:52.312	[1176] DFQ: ref: 2AD6AB8 req: {332C4427-26CB-11D0-B483-00C04FD90119} 	
00000593	10:56:52.312	[1176] CFQ: ref: 2AE50C0 req: {A6EF9860-C720-11D0-9337-00A0C90DCAA9} 	
00000594	10:56:52.312	[1176] CFQ: ref: 2AE50C0 req: {A6EF9860-C720-11D0-9337-00A0C90DCAA9} 	
00000595	10:56:52.312	[1176] DFQ: ref: 2AD6AB8 req: {A6EF9860-C720-11D0-9337-00A0C90DCAA9} 	
00000596	10:56:52.312	[1176] CFQ: ref: 2AE50C0 req: {332C4427-26CB-11D0-B483-00C04FD90119} 	
00000597	10:56:52.312	[1176] CFQ: ref: 2AE50C0 req: {332C4427-26CB-11D0-B483-00C04FD90119} 	
00000598	10:56:52.312	[1176] DFQ: ref: 2AD6AB8 req: {332C4427-26CB-11D0-B483-00C04FD90119} 	
00000599	10:56:52.312	[1176] CFQ: ref: 2AE50C0 req: {A6EF9860-C720-11D0-9337-00A0C90DCAA9} 	
00000600	10:56:52.312	[1176] CFQ: ref: 2AE50C0 req: {A6EF9860-C720-11D0-9337-00A0C90DCAA9} 	
00000601	10:56:52.312	[1176] DFQ: ref: 2AD6AB8 req: {A6EF9860-C720-11D0-9337-00A0C90DCAA9} 	
00000602	10:56:52.328	[1176] CFQ: ref: 2AE50C0 req: {332C4427-26CB-11D0-B483-00C04FD90119} 	
00000603	10:56:52.328	[1176] CFQ: ref: 2AE50C0 req: {332C4427-26CB-11D0-B483-00C04FD90119} 	
00000604	10:56:52.328	[1176] DFQ: ref: 2AD6AB8 req: {332C4427-26CB-11D0-B483-00C04FD90119} 	
00000605	10:56:52.328	[1176] CFQ: ref: 2AE50C0 req: {A6EF9860-C720-11D0-9337-00A0C90DCAA9} 	
00000606	10:56:52.328	[1176] CFQ: ref: 2AE50C0 req: {A6EF9860-C720-11D0-9337-00A0C90DCAA9} 	
00000607	10:56:52.328	[1176] DFQ: ref: 2AD6AB8 req: {A6EF9860-C720-11D0-9337-00A0C90DCAA9} 	
00000608	10:56:52.328	[1176] CFQ: ref: 2AE50C0 req: {332C4427-26CB-11D0-B483-00C04FD90119} 	
00000609	10:56:52.328	[1176] CFQ: ref: 2AE50C0 req: {332C4427-26CB-11D0-B483-00C04FD90119} 	
00000610	10:56:52.328	[1176] DFQ: ref: 2AD6AB8 req: {332C4427-26CB-11D0-B483-00C04FD90119} 	
00000611	10:56:52.328	[1176] CFQ: ref: 2AE50C0 req: {A6EF9860-C720-11D0-9337-00A0C90DCAA9} 	
00000612	10:56:52.328	[1176] CFQ: ref: 2AE50C0 req: {A6EF9860-C720-11D0-9337-00A0C90DCAA9} 	
00000613	10:56:52.328	[1176] DFQ: ref: 2AD6AB8 req: {A6EF9860-C720-11D0-9337-00A0C90DCAA9} 	
00000614	10:56:52.344	[1176] CFQ: ref: 2AE50C0 req: {332C4427-26CB-11D0-B483-00C04FD90119} 	
00000615	10:56:52.344	[1176] CFQ: ref: 2AE50C0 req: {332C4427-26CB-11D0-B483-00C04FD90119} 	
00000616	10:56:52.344	[1176] DFQ: ref: 2AD6AB8 req: {332C4427-26CB-11D0-B483-00C04FD90119} 	
00000617	10:56:52.344	[1176] CFQ: ref: 2AE50C0 req: {A6EF9860-C720-11D0-9337-00A0C90DCAA9} 	
00000618	10:56:52.344	[1176] CFQ: ref: 2AE50C0 req: {A6EF9860-C720-11D0-9337-00A0C90DCAA9} 	
00000619	10:56:52.344	[1176] DFQ: ref: 2AD6AB8 req: {A6EF9860-C720-11D0-9337-00A0C90DCAA9} 	
00000620	10:56:52.344	[1176] CFQ: ref: 2AE50C0 req: {332C4427-26CB-11D0-B483-00C04FD90119} 	
00000621	10:56:52.344	[1176] CFQ: ref: 2AE50C0 req: {332C4427-26CB-11D0-B483-00C04FD90119} 	
00000622	10:56:52.344	[1176] DFQ: ref: 2AD6AB8 req: {332C4427-26CB-11D0-B483-00C04FD90119} 	
00000623	10:56:52.344	[1176] CFQ: ref: 2AE50C0 req: {A6EF9860-C720-11D0-9337-00A0C90DCAA9} 	
00000624	10:56:52.344	[1176] CFQ: ref: 2AE50C0 req: {A6EF9860-C720-11D0-9337-00A0C90DCAA9} 	
00000625	10:56:52.344	[1176] DFQ: ref: 2AD6AB8 req: {A6EF9860-C720-11D0-9337-00A0C90DCAA9} 	
00000626	10:56:52.359	[1176] CFQ: ref: 2AE50C0 req: {332C4427-26CB-11D0-B483-00C04FD90119} 	
00000627	10:56:52.359	[1176] CFQ: ref: 2AE50C0 req: {332C4427-26CB-11D0-B483-00C04FD90119} 	
00000628	10:56:52.359	[1176] DFQ: ref: 2AD6AB8 req: {332C4427-26CB-11D0-B483-00C04FD90119} 	
00000629	10:56:52.359	[1176] CFQ: ref: 2AE50C0 req: {A6EF9860-C720-11D0-9337-00A0C90DCAA9} 	
00000630	10:56:52.359	[1176] CFQ: ref: 2AE50C0 req: {A6EF9860-C720-11D0-9337-00A0C90DCAA9} 	
00000631	10:56:52.359	[1176] DFQ: ref: 2AD6AB8 req: {A6EF9860-C720-11D0-9337-00A0C90DCAA9} 	
00000632	10:56:52.359	[1176] CFQ: ref: 2AE50C0 req: {332C4427-26CB-11D0-B483-00C04FD90119} 	
00000633	10:56:52.359	[1176] CFQ: ref: 2AE50C0 req: {332C4427-26CB-11D0-B483-00C04FD90119} 	
00000634	10:56:52.359	[1176] DFQ: ref: 2AD6AB8 req: {332C4427-26CB-11D0-B483-00C04FD90119} 	
00000635	10:56:52.359	[1176] CFQ: ref: 2AE50C0 req: {A6EF9860-C720-11D0-9337-00A0C90DCAA9} 	
00000636	10:56:52.359	[1176] CFQ: ref: 2AE50C0 req: {A6EF9860-C720-11D0-9337-00A0C90DCAA9} 	
00000637	10:56:52.359	[1176] DFQ: ref: 2AD6AB8 req: {A6EF9860-C720-11D0-9337-00A0C90DCAA9} 	
00000638	10:56:52.375	[1176] CFQ: ref: 2AE50C0 req: {332C4427-26CB-11D0-B483-00C04FD90119} 	
00000639	10:56:52.375	[1176] CFQ: ref: 2AE50C0 req: {332C4427-26CB-11D0-B483-00C04FD90119} 	
00000640	10:56:52.375	[1176] DFQ: ref: 2AD6AB8 req: {332C4427-26CB-11D0-B483-00C04FD90119} 	
00000641	10:56:52.375	[1176] CFQ: ref: 2AE50C0 req: {A6EF9860-C720-11D0-9337-00A0C90DCAA9} 	
00000642	10:56:52.375	[1176] CFQ: ref: 2AE50C0 req: {A6EF9860-C720-11D0-9337-00A0C90DCAA9} 	
00000643	10:56:52.375	[1176] DFQ: ref: 2AD6AB8 req: {A6EF9860-C720-11D0-9337-00A0C90DCAA9} 	
00000644	10:56:52.375	[1176] CFQ: ref: 2AE50C0 req: {332C4427-26CB-11D0-B483-00C04FD90119} 	
00000645	10:56:52.375	[1176] CFQ: ref: 2AE50C0 req: {332C4427-26CB-11D0-B483-00C04FD90119} 	
00000646	10:56:52.375	[1176] DFQ: ref: 2AD6AB8 req: {332C4427-26CB-11D0-B483-00C04FD90119} 	
00000647	10:56:52.375	[1176] CFQ: ref: 2AE50C0 req: {A6EF9860-C720-11D0-9337-00A0C90DCAA9} 	
00000648	10:56:52.375	[1176] CFQ: ref: 2AE50C0 req: {A6EF9860-C720-11D0-9337-00A0C90DCAA9} 	
00000649	10:56:52.375	[1176] DFQ: ref: 2AD6AB8 req: {A6EF9860-C720-11D0-9337-00A0C90DCAA9} 	
00000650	10:56:52.391	[1176] CFQ: ref: 2AE50C0 req: {332C4427-26CB-11D0-B483-00C04FD90119} 	
00000651	10:56:52.391	[1176] CFQ: ref: 2AE50C0 req: {332C4427-26CB-11D0-B483-00C04FD90119} 	
00000652	10:56:52.391	[1176] DFQ: ref: 2AD6AB8 req: {332C4427-26CB-11D0-B483-00C04FD90119} 	
00000653	10:56:52.391	[1176] CFQ: ref: 2AE50C0 req: {A6EF9860-C720-11D0-9337-00A0C90DCAA9} 	
00000654	10:56:52.391	[1176] CFQ: ref: 2AE50C0 req: {A6EF9860-C720-11D0-9337-00A0C90DCAA9} 	
00000655	10:56:52.391	[1176] DFQ: ref: 2AD6AB8 req: {A6EF9860-C720-11D0-9337-00A0C90DCAA9} 	
00000656	10:56:52.391	[1176] CFQ: ref: 2AE50C0 req: {332C4427-26CB-11D0-B483-00C04FD90119} 	
00000657	10:56:52.391	[1176] CFQ: ref: 2AE50C0 req: {332C4427-26CB-11D0-B483-00C04FD90119} 	
00000658	10:56:52.391	[1176] DFQ: ref: 2AD6AB8 req: {332C4427-26CB-11D0-B483-00C04FD90119} 	
00000659	10:56:52.391	[1176] CFQ: ref: 2AE50C0 req: {A6EF9860-C720-11D0-9337-00A0C90DCAA9} 	
00000660	10:56:52.391	[1176] CFQ: ref: 2AE50C0 req: {A6EF9860-C720-11D0-9337-00A0C90DCAA9} 	
00000661	10:56:52.391	[1176] DFQ: ref: 2AD6AB8 req: {A6EF9860-C720-11D0-9337-00A0C90DCAA9} 	
00000662	10:56:52.406	[1176] CFQ: ref: 2AE50C0 req: {332C4427-26CB-11D0-B483-00C04FD90119} 	
00000663	10:56:52.406	[1176] CFQ: ref: 2AE50C0 req: {332C4427-26CB-11D0-B483-00C04FD90119} 	
00000664	10:56:52.406	[1176] DFQ: ref: 2AD6AB8 req: {332C4427-26CB-11D0-B483-00C04FD90119} 	
00000665	10:56:52.406	[1176] CFQ: ref: 2AE50C0 req: {A6EF9860-C720-11D0-9337-00A0C90DCAA9} 	
00000666	10:56:52.406	[1176] CFQ: ref: 2AE50C0 req: {A6EF9860-C720-11D0-9337-00A0C90DCAA9} 	
00000667	10:56:52.406	[1176] DFQ: ref: 2AD6AB8 req: {A6EF9860-C720-11D0-9337-00A0C90DCAA9} 	
00000668	10:56:52.406	[1176] CFQ: ref: 2AE50C0 req: {332C4427-26CB-11D0-B483-00C04FD90119} 	
00000669	10:56:52.406	[1176] CFQ: ref: 2AE50C0 req: {332C4427-26CB-11D0-B483-00C04FD90119} 	
00000670	10:56:52.406	[1176] DFQ: ref: 2AD6AB8 req: {332C4427-26CB-11D0-B483-00C04FD90119} 	
00000671	10:56:52.406	[1176] CFQ: ref: 2AE50C0 req: {A6EF9860-C720-11D0-9337-00A0C90DCAA9} 	
00000672	10:56:52.406	[1176] CFQ: ref: 2AE50C0 req: {A6EF9860-C720-11D0-9337-00A0C90DCAA9} 	
00000673	10:56:52.406	[1176] DFQ: ref: 2AD6AB8 req: {A6EF9860-C720-11D0-9337-00A0C90DCAA9} 	
00000674	10:56:52.422	[1176] CFQ: ref: 2AE50C0 req: {332C4427-26CB-11D0-B483-00C04FD90119} 	
00000675	10:56:52.422	[1176] CFQ: ref: 2AE50C0 req: {332C4427-26CB-11D0-B483-00C04FD90119} 	
00000676	10:56:52.422	[1176] DFQ: ref: 2AD6AB8 req: {332C4427-26CB-11D0-B483-00C04FD90119} 	
00000677	10:56:52.422	[1176] CFQ: ref: 2AE50C0 req: {A6EF9860-C720-11D0-9337-00A0C90DCAA9} 	
00000678	10:56:52.422	[1176] CFQ: ref: 2AE50C0 req: {A6EF9860-C720-11D0-9337-00A0C90DCAA9} 	
00000679	10:56:52.422	[1176] DFQ: ref: 2AD6AB8 req: {A6EF9860-C720-11D0-9337-00A0C90DCAA9} 	
00000680	10:56:52.422	[1176] CFQ: ref: 2AE50C0 req: {332C4427-26CB-11D0-B483-00C04FD90119} 	
00000681	10:56:52.422	[1176] CFQ: ref: 2AE50C0 req: {332C4427-26CB-11D0-B483-00C04FD90119} 	
00000682	10:56:52.422	[1176] DFQ: ref: 2AD6AB8 req: {332C4427-26CB-11D0-B483-00C04FD90119} 	
00000683	10:56:52.422	[1176] CFQ: ref: 2AE50C0 req: {A6EF9860-C720-11D0-9337-00A0C90DCAA9} 	
00000684	10:56:52.422	[1176] CFQ: ref: 2AE50C0 req: {A6EF9860-C720-11D0-9337-00A0C90DCAA9} 	
00000685	10:56:52.422	[1176] DFQ: ref: 2AD6AB8 req: {A6EF9860-C720-11D0-9337-00A0C90DCAA9} 	
00000686	10:56:52.437	[1176] CFQ: ref: 2AE50C0 req: {332C4427-26CB-11D0-B483-00C04FD90119} 	
00000687	10:56:52.437	[1176] CFQ: ref: 2AE50C0 req: {332C4427-26CB-11D0-B483-00C04FD90119} 	
00000688	10:56:52.437	[1176] DFQ: ref: 2AD6AB8 req: {332C4427-26CB-11D0-B483-00C04FD90119} 	
00000689	10:56:52.437	[1176] CFQ: ref: 2AE50C0 req: {A6EF9860-C720-11D0-9337-00A0C90DCAA9} 	
00000690	10:56:52.437	[1176] CFQ: ref: 2AE50C0 req: {A6EF9860-C720-11D0-9337-00A0C90DCAA9} 	
00000691	10:56:52.437	[1176] DFQ: ref: 2AD6AB8 req: {A6EF9860-C720-11D0-9337-00A0C90DCAA9} 	
00000692	10:56:52.437	[1176] CFQ: ref: 2AE50C0 req: {332C4427-26CB-11D0-B483-00C04FD90119} 	
00000693	10:56:52.437	[1176] CFQ: ref: 2AE50C0 req: {332C4427-26CB-11D0-B483-00C04FD90119} 	
00000694	10:56:52.437	[1176] DFQ: ref: 2AD6AB8 req: {332C4427-26CB-11D0-B483-00C04FD90119} 	
00000695	10:56:52.437	[1176] CFQ: ref: 2AE50C0 req: {A6EF9860-C720-11D0-9337-00A0C90DCAA9} 	
00000696	10:56:52.437	[1176] CFQ: ref: 2AE50C0 req: {A6EF9860-C720-11D0-9337-00A0C90DCAA9} 	
00000697	10:56:52.437	[1176] DFQ: ref: 2AD6AB8 req: {A6EF9860-C720-11D0-9337-00A0C90DCAA9} 	
00000698	10:56:52.453	[1176] CFQ: ref: 2AE50C0 req: {332C4427-26CB-11D0-B483-00C04FD90119} 	
00000699	10:56:52.453	[1176] CFQ: ref: 2AE50C0 req: {332C4427-26CB-11D0-B483-00C04FD90119} 	
00000700	10:56:52.453	[1176] DFQ: ref: 2AD6AB8 req: {332C4427-26CB-11D0-B483-00C04FD90119} 	
00000701	10:56:52.453	[1176] CFQ: ref: 2AE50C0 req: {A6EF9860-C720-11D0-9337-00A0C90DCAA9} 	
00000702	10:56:52.453	[1176] CFQ: ref: 2AE50C0 req: {A6EF9860-C720-11D0-9337-00A0C90DCAA9} 	
00000703	10:56:52.453	[1176] DFQ: ref: 2AD6AB8 req: {A6EF9860-C720-11D0-9337-00A0C90DCAA9} 	
00000704	10:56:52.453	[1176] CFQ: ref: 2AE50C0 req: {332C4427-26CB-11D0-B483-00C04FD90119} 	
00000705	10:56:52.453	[1176] CFQ: ref: 2AE50C0 req: {332C4427-26CB-11D0-B483-00C04FD90119} 	
00000706	10:56:52.453	[1176] DFQ: ref: 2AD6AB8 req: {332C4427-26CB-11D0-B483-00C04FD90119} 	
00000707	10:56:52.453	[1176] CFQ: ref: 2AE50C0 req: {A6EF9860-C720-11D0-9337-00A0C90DCAA9} 	
00000708	10:56:52.453	[1176] CFQ: ref: 2AE50C0 req: {A6EF9860-C720-11D0-9337-00A0C90DCAA9} 	
00000709	10:56:52.453	[1176] DFQ: ref: 2AD6AB8 req: {A6EF9860-C720-11D0-9337-00A0C90DCAA9} 	
00000710	10:56:52.469	[1176] CFQ: ref: 2AE50C0 req: {332C4427-26CB-11D0-B483-00C04FD90119} 	
00000711	10:56:52.469	[1176] CFQ: ref: 2AE50C0 req: {332C4427-26CB-11D0-B483-00C04FD90119} 	
00000712	10:56:52.469	[1176] DFQ: ref: 2AD6AB8 req: {332C4427-26CB-11D0-B483-00C04FD90119} 	
00000713	10:56:52.469	[1176] CFQ: ref: 2AE50C0 req: {A6EF9860-C720-11D0-9337-00A0C90DCAA9} 	
00000714	10:56:52.469	[1176] CFQ: ref: 2AE50C0 req: {A6EF9860-C720-11D0-9337-00A0C90DCAA9} 	
00000715	10:56:52.469	[1176] DFQ: ref: 2AD6AB8 req: {A6EF9860-C720-11D0-9337-00A0C90DCAA9} 	
00000716	10:56:52.469	[1176] CFQ: ref: 2AE50C0 req: {332C4427-26CB-11D0-B483-00C04FD90119} 	
00000717	10:56:52.469	[1176] CFQ: ref: 2AE50C0 req: {332C4427-26CB-11D0-B483-00C04FD90119} 	
00000718	10:56:52.469	[1176] DFQ: ref: 2AD6AB8 req: {332C4427-26CB-11D0-B483-00C04FD90119} 	
00000719	10:56:52.469	[1176] CFQ: ref: 2AE50C0 req: {A6EF9860-C720-11D0-9337-00A0C90DCAA9} 	
00000720	10:56:52.469	[1176] CFQ: ref: 2AE50C0 req: {A6EF9860-C720-11D0-9337-00A0C90DCAA9} 	
00000721	10:56:52.469	[1176] DFQ: ref: 2AD6AB8 req: {A6EF9860-C720-11D0-9337-00A0C90DCAA9} 	
00000722	10:56:52.484	[1176] CFQ: ref: 2AE50C0 req: {332C4427-26CB-11D0-B483-00C04FD90119} 	
00000723	10:56:52.484	[1176] CFQ: ref: 2AE50C0 req: {332C4427-26CB-11D0-B483-00C04FD90119} 	
00000724	10:56:52.484	[1176] DFQ: ref: 2AD6AB8 req: {332C4427-26CB-11D0-B483-00C04FD90119} 	
00000725	10:56:52.484	[1176] CFQ: ref: 2AE50C0 req: {A6EF9860-C720-11D0-9337-00A0C90DCAA9} 	
00000726	10:56:52.484	[1176] CFQ: ref: 2AE50C0 req: {A6EF9860-C720-11D0-9337-00A0C90DCAA9} 	
00000727	10:56:52.484	[1176] DFQ: ref: 2AD6AB8 req: {A6EF9860-C720-11D0-9337-00A0C90DCAA9} 	
00000728	10:56:52.484	[1176] CFQ: ref: 2AE50C0 req: {332C4427-26CB-11D0-B483-00C04FD90119} 	
00000729	10:56:52.484	[1176] CFQ: ref: 2AE50C0 req: {332C4427-26CB-11D0-B483-00C04FD90119} 	
00000730	10:56:52.484	[1176] DFQ: ref: 2AD6AB8 req: {332C4427-26CB-11D0-B483-00C04FD90119} 	
00000731	10:56:52.484	[1176] CFQ: ref: 2AE50C0 req: {A6EF9860-C720-11D0-9337-00A0C90DCAA9} 	
00000732	10:56:52.484	[1176] CFQ: ref: 2AE50C0 req: {A6EF9860-C720-11D0-9337-00A0C90DCAA9} 	
00000733	10:56:52.484	[1176] DFQ: ref: 2AD6AB8 req: {A6EF9860-C720-11D0-9337-00A0C90DCAA9} 	
00000734	10:56:52.500	[1176] CFQ: ref: 2AE50C0 req: {332C4427-26CB-11D0-B483-00C04FD90119} 	
00000735	10:56:52.500	[1176] CFQ: ref: 2AE50C0 req: {332C4427-26CB-11D0-B483-00C04FD90119} 	
00000736	10:56:52.500	[1176] DFQ: ref: 2AD6AB8 req: {332C4427-26CB-11D0-B483-00C04FD90119} 	
00000737	10:56:52.500	[1176] CFQ: ref: 2AE50C0 req: {A6EF9860-C720-11D0-9337-00A0C90DCAA9} 	
00000738	10:56:52.500	[1176] CFQ: ref: 2AE50C0 req: {A6EF9860-C720-11D0-9337-00A0C90DCAA9} 	
00000739	10:56:52.500	[1176] DFQ: ref: 2AD6AB8 req: {A6EF9860-C720-11D0-9337-00A0C90DCAA9} 	
00000740	10:56:52.500	[1176] CFQ: ref: 2AE50C0 req: {332C4427-26CB-11D0-B483-00C04FD90119} 	
00000741	10:56:52.500	[1176] CFQ: ref: 2AE50C0 req: {332C4427-26CB-11D0-B483-00C04FD90119} 	
00000742	10:56:52.500	[1176] DFQ: ref: 2AD6AB8 req: {332C4427-26CB-11D0-B483-00C04FD90119} 	
00000743	10:56:52.500	[1176] CFQ: ref: 2AE50C0 req: {A6EF9860-C720-11D0-9337-00A0C90DCAA9} 	
00000744	10:56:52.500	[1176] CFQ: ref: 2AE50C0 req: {A6EF9860-C720-11D0-9337-00A0C90DCAA9} 	
00000745	10:56:52.500	[1176] DFQ: ref: 2AD6AB8 req: {A6EF9860-C720-11D0-9337-00A0C90DCAA9} 	
00000746	10:56:52.516	[1176] CFQ: ref: 2AE50C0 req: {332C4427-26CB-11D0-B483-00C04FD90119} 	
00000747	10:56:52.516	[1176] CFQ: ref: 2AE50C0 req: {332C4427-26CB-11D0-B483-00C04FD90119} 	
00000748	10:56:52.516	[1176] DFQ: ref: 2AD6AB8 req: {332C4427-26CB-11D0-B483-00C04FD90119} 	
00000749	10:56:52.516	[1176] CFQ: ref: 2AE50C0 req: {A6EF9860-C720-11D0-9337-00A0C90DCAA9} 	
00000750	10:56:52.516	[1176] CFQ: ref: 2AE50C0 req: {A6EF9860-C720-11D0-9337-00A0C90DCAA9} 	
00000751	10:56:52.516	[1176] DFQ: ref: 2AD6AB8 req: {A6EF9860-C720-11D0-9337-00A0C90DCAA9} 	
00000752	10:56:52.516	[1176] CFQ: ref: 2AE50C0 req: {332C4427-26CB-11D0-B483-00C04FD90119} 	
00000753	10:56:52.516	[1176] CFQ: ref: 2AE50C0 req: {332C4427-26CB-11D0-B483-00C04FD90119} 	
00000754	10:56:52.516	[1176] DFQ: ref: 2AD6AB8 req: {332C4427-26CB-11D0-B483-00C04FD90119} 	
00000755	10:56:52.516	[1176] CFQ: ref: 2AE50C0 req: {A6EF9860-C720-11D0-9337-00A0C90DCAA9} 	
00000756	10:56:52.516	[1176] CFQ: ref: 2AE50C0 req: {A6EF9860-C720-11D0-9337-00A0C90DCAA9} 	
00000757	10:56:52.516	[1176] DFQ: ref: 2AD6AB8 req: {A6EF9860-C720-11D0-9337-00A0C90DCAA9} 	
00000758	10:56:52.531	[1176] CFQ: ref: 2AE50C0 req: {332C4427-26CB-11D0-B483-00C04FD90119} 	
00000759	10:56:52.531	[1176] CFQ: ref: 2AE50C0 req: {332C4427-26CB-11D0-B483-00C04FD90119} 	
00000760	10:56:52.531	[1176] DFQ: ref: 2AD6AB8 req: {332C4427-26CB-11D0-B483-00C04FD90119} 	
00000761	10:56:52.531	[1176] CFQ: ref: 2AE50C0 req: {A6EF9860-C720-11D0-9337-00A0C90DCAA9} 	
00000762	10:56:52.531	[1176] CFQ: ref: 2AE50C0 req: {A6EF9860-C720-11D0-9337-00A0C90DCAA9} 	
00000763	10:56:52.531	[1176] DFQ: ref: 2AD6AB8 req: {A6EF9860-C720-11D0-9337-00A0C90DCAA9} 	
00000764	10:56:52.531	[1176] CFQ: ref: 2AE50C0 req: {332C4427-26CB-11D0-B483-00C04FD90119} 	
00000765	10:56:52.531	[1176] CFQ: ref: 2AE50C0 req: {332C4427-26CB-11D0-B483-00C04FD90119} 	
00000766	10:56:52.531	[1176] DFQ: ref: 2AD6AB8 req: {332C4427-26CB-11D0-B483-00C04FD90119} 	
00000767	10:56:52.531	[1176] CFQ: ref: 2AE50C0 req: {A6EF9860-C720-11D0-9337-00A0C90DCAA9} 	
00000768	10:56:52.531	[1176] CFQ: ref: 2AE50C0 req: {A6EF9860-C720-11D0-9337-00A0C90DCAA9} 	
00000769	10:56:52.531	[1176] DFQ: ref: 2AD6AB8 req: {A6EF9860-C720-11D0-9337-00A0C90DCAA9} 	
00000770	10:56:52.547	[1176] CFQ: ref: 2AE50C0 req: {332C4427-26CB-11D0-B483-00C04FD90119} 	
00000771	10:56:52.547	[1176] CFQ: ref: 2AE50C0 req: {332C4427-26CB-11D0-B483-00C04FD90119} 	
00000772	10:56:52.547	[1176] DFQ: ref: 2AD6AB8 req: {332C4427-26CB-11D0-B483-00C04FD90119} 	
00000773	10:56:52.547	[1176] CFQ: ref: 2AE50C0 req: {A6EF9860-C720-11D0-9337-00A0C90DCAA9} 	
00000774	10:56:52.547	[1176] CFQ: ref: 2AE50C0 req: {A6EF9860-C720-11D0-9337-00A0C90DCAA9} 	
00000775	10:56:52.547	[1176] DFQ: ref: 2AD6AB8 req: {A6EF9860-C720-11D0-9337-00A0C90DCAA9} 	
00000776	10:56:52.547	[1176] CFQ: ref: 2AE50C0 req: {332C4427-26CB-11D0-B483-00C04FD90119} 	
00000777	10:56:52.547	[1176] CFQ: ref: 2AE50C0 req: {332C4427-26CB-11D0-B483-00C04FD90119} 	
00000778	10:56:52.547	[1176] DFQ: ref: 2AD6AB8 req: {332C4427-26CB-11D0-B483-00C04FD90119} 	
00000779	10:56:52.547	[1176] CFQ: ref: 2AE50C0 req: {A6EF9860-C720-11D0-9337-00A0C90DCAA9} 	
00000780	10:56:52.547	[1176] CFQ: ref: 2AE50C0 req: {A6EF9860-C720-11D0-9337-00A0C90DCAA9} 	
00000781	10:56:52.547	[1176] DFQ: ref: 2AD6AB8 req: {A6EF9860-C720-11D0-9337-00A0C90DCAA9} 	
00000782	10:56:52.562	[1176] CFQ: ref: 2AE50C0 req: {332C4427-26CB-11D0-B483-00C04FD90119} 	
00000783	10:56:52.562	[1176] CFQ: ref: 2AE50C0 req: {332C4427-26CB-11D0-B483-00C04FD90119} 	
00000784	10:56:52.562	[1176] DFQ: ref: 2AD6AB8 req: {332C4427-26CB-11D0-B483-00C04FD90119} 	
00000785	10:56:52.562	[1176] CFQ: ref: 2AE50C0 req: {A6EF9860-C720-11D0-9337-00A0C90DCAA9} 	
00000786	10:56:52.562	[1176] CFQ: ref: 2AE50C0 req: {A6EF9860-C720-11D0-9337-00A0C90DCAA9} 	
00000787	10:56:52.562	[1176] DFQ: ref: 2AD6AB8 req: {A6EF9860-C720-11D0-9337-00A0C90DCAA9} 	
00000788	10:56:52.562	[1176] CFQ: ref: 2AE50C0 req: {332C4427-26CB-11D0-B483-00C04FD90119} 	
00000789	10:56:52.562	[1176] CFQ: ref: 2AE50C0 req: {332C4427-26CB-11D0-B483-00C04FD90119} 	
00000790	10:56:52.562	[1176] DFQ: ref: 2AD6AB8 req: {332C4427-26CB-11D0-B483-00C04FD90119} 	
00000791	10:56:52.562	[1176] CFQ: ref: 2AE50C0 req: {A6EF9860-C720-11D0-9337-00A0C90DCAA9} 	
00000792	10:56:52.562	[1176] CFQ: ref: 2AE50C0 req: {A6EF9860-C720-11D0-9337-00A0C90DCAA9} 	
00000793	10:56:52.562	[1176] DFQ: ref: 2AD6AB8 req: {A6EF9860-C720-11D0-9337-00A0C90DCAA9} 	
00000794	10:56:52.609	[1176] CFQ: ref: 2AE50C0 req: {332C4427-26CB-11D0-B483-00C04FD90119} 	
00000795	10:56:52.609	[1176] CFQ: ref: 2AE50C0 req: {332C4427-26CB-11D0-B483-00C04FD90119} 	
00000796	10:56:52.609	[1176] DFQ: ref: 2AD6AB8 req: {332C4427-26CB-11D0-B483-00C04FD90119} 	
00000797	10:56:52.609	[1176] CFQ: ref: 2AE50C0 req: {A6EF9860-C720-11D0-9337-00A0C90DCAA9} 	
00000798	10:56:52.609	[1176] CFQ: ref: 2AE50C0 req: {A6EF9860-C720-11D0-9337-00A0C90DCAA9} 	
00000799	10:56:52.609	[1176] DFQ: ref: 2AD6AB8 req: {A6EF9860-C720-11D0-9337-00A0C90DCAA9} 	
00000800	10:56:52.609	[1176] CFQ: ref: 2AE50C0 req: {332C4427-26CB-11D0-B483-00C04FD90119} 	
00000801	10:56:52.609	[1176] CFQ: ref: 2AE50C0 req: {332C4427-26CB-11D0-B483-00C04FD90119} 	
00000802	10:56:52.609	[1176] DFQ: ref: 2AD6AB8 req: {332C4427-26CB-11D0-B483-00C04FD90119} 	
00000803	10:56:52.609	[1176] CFQ: ref: 2AE50C0 req: {A6EF9860-C720-11D0-9337-00A0C90DCAA9} 	
00000804	10:56:52.609	[1176] CFQ: ref: 2AE50C0 req: {A6EF9860-C720-11D0-9337-00A0C90DCAA9} 	
00000805	10:56:52.609	[1176] DFQ: ref: 2AD6AB8 req: {A6EF9860-C720-11D0-9337-00A0C90DCAA9} 	
00000806	10:56:52.625	[1176] CFQ: ref: 2AE50C0 req: {332C4427-26CB-11D0-B483-00C04FD90119} 	
00000807	10:56:52.625	[1176] CFQ: ref: 2AE50C0 req: {332C4427-26CB-11D0-B483-00C04FD90119} 	
00000808	10:56:52.625	[1176] DFQ: ref: 2AD6AB8 req: {332C4427-26CB-11D0-B483-00C04FD90119} 	
00000809	10:56:52.625	[1176] CFQ: ref: 2AE50C0 req: {A6EF9860-C720-11D0-9337-00A0C90DCAA9} 	
00000810	10:56:52.625	[1176] CFQ: ref: 2AE50C0 req: {A6EF9860-C720-11D0-9337-00A0C90DCAA9} 	
00000811	10:56:52.625	[1176] DFQ: ref: 2AD6AB8 req: {A6EF9860-C720-11D0-9337-00A0C90DCAA9} 	
00000812	10:56:52.625	[1176] CFQ: ref: 2AE50C0 req: {332C4427-26CB-11D0-B483-00C04FD90119} 	
00000813	10:56:52.625	[1176] CFQ: ref: 2AE50C0 req: {332C4427-26CB-11D0-B483-00C04FD90119} 	
00000814	10:56:52.625	[1176] DFQ: ref: 2AD6AB8 req: {332C4427-26CB-11D0-B483-00C04FD90119} 	
00000815	10:56:52.625	[1176] CFQ: ref: 2AE50C0 req: {A6EF9860-C720-11D0-9337-00A0C90DCAA9} 	
00000816	10:56:52.625	[1176] CFQ: ref: 2AE50C0 req: {A6EF9860-C720-11D0-9337-00A0C90DCAA9} 	
00000817	10:56:52.625	[1176] DFQ: ref: 2AD6AB8 req: {A6EF9860-C720-11D0-9337-00A0C90DCAA9} 	
00000818	10:56:52.641	[1176] CFQ: ref: 2AE50C0 req: {332C4427-26CB-11D0-B483-00C04FD90119} 	
00000819	10:56:52.641	[1176] CFQ: ref: 2AE50C0 req: {332C4427-26CB-11D0-B483-00C04FD90119} 	
00000820	10:56:52.641	[1176] DFQ: ref: 2AD6AB8 req: {332C4427-26CB-11D0-B483-00C04FD90119} 	
00000821	10:56:52.641	[1176] CFQ: ref: 2AE50C0 req: {A6EF9860-C720-11D0-9337-00A0C90DCAA9} 	
00000822	10:56:52.641	[1176] CFQ: ref: 2AE50C0 req: {A6EF9860-C720-11D0-9337-00A0C90DCAA9} 	
00000823	10:56:52.641	[1176] DFQ: ref: 2AD6AB8 req: {A6EF9860-C720-11D0-9337-00A0C90DCAA9} 	
00000824	10:56:52.641	[1176] CFQ: ref: 2AE50C0 req: {332C4427-26CB-11D0-B483-00C04FD90119} 	
00000825	10:56:52.641	[1176] CFQ: ref: 2AE50C0 req: {332C4427-26CB-11D0-B483-00C04FD90119} 	
00000826	10:56:52.641	[1176] DFQ: ref: 2AD6AB8 req: {332C4427-26CB-11D0-B483-00C04FD90119} 	
00000827	10:56:52.641	[1176] CFQ: ref: 2AE50C0 req: {A6EF9860-C720-11D0-9337-00A0C90DCAA9} 	
00000828	10:56:52.641	[1176] CFQ: ref: 2AE50C0 req: {A6EF9860-C720-11D0-9337-00A0C90DCAA9} 	
00000829	10:56:52.641	[1176] DFQ: ref: 2AD6AB8 req: {A6EF9860-C720-11D0-9337-00A0C90DCAA9} 	
00000830	10:56:52.656	[1176] CFQ: ref: 2AE50C0 req: {332C4427-26CB-11D0-B483-00C04FD90119} 	
00000831	10:56:52.656	[1176] CFQ: ref: 2AE50C0 req: {332C4427-26CB-11D0-B483-00C04FD90119} 	
00000832	10:56:52.656	[1176] DFQ: ref: 2AD6AB8 req: {332C4427-26CB-11D0-B483-00C04FD90119} 	
00000833	10:56:52.656	[1176] CFQ: ref: 2AE50C0 req: {A6EF9860-C720-11D0-9337-00A0C90DCAA9} 	
00000834	10:56:52.656	[1176] CFQ: ref: 2AE50C0 req: {A6EF9860-C720-11D0-9337-00A0C90DCAA9} 	
00000835	10:56:52.656	[1176] DFQ: ref: 2AD6AB8 req: {A6EF9860-C720-11D0-9337-00A0C90DCAA9} 	
00000836	10:56:52.656	[1176] CFQ: ref: 2AE50C0 req: {332C4427-26CB-11D0-B483-00C04FD90119} 	
00000837	10:56:52.656	[1176] CFQ: ref: 2AE50C0 req: {332C4427-26CB-11D0-B483-00C04FD90119} 	
00000838	10:56:52.656	[1176] DFQ: ref: 2AD6AB8 req: {332C4427-26CB-11D0-B483-00C04FD90119} 	
00000839	10:56:52.656	[1176] CFQ: ref: 2AE50C0 req: {A6EF9860-C720-11D0-9337-00A0C90DCAA9} 	
00000840	10:56:52.656	[1176] CFQ: ref: 2AE50C0 req: {A6EF9860-C720-11D0-9337-00A0C90DCAA9} 	
00000841	10:56:52.656	[1176] DFQ: ref: 2AD6AB8 req: {A6EF9860-C720-11D0-9337-00A0C90DCAA9} 	
00000842	10:56:52.672	[1176] CFQ: ref: 2AE50C0 req: {332C4427-26CB-11D0-B483-00C04FD90119} 	
00000843	10:56:52.672	[1176] CFQ: ref: 2AE50C0 req: {332C4427-26CB-11D0-B483-00C04FD90119} 	
00000844	10:56:52.672	[1176] DFQ: ref: 2AD6AB8 req: {332C4427-26CB-11D0-B483-00C04FD90119} 	
00000845	10:56:52.672	[1176] CFQ: ref: 2AE50C0 req: {A6EF9860-C720-11D0-9337-00A0C90DCAA9} 	
00000846	10:56:52.672	[1176] CFQ: ref: 2AE50C0 req: {A6EF9860-C720-11D0-9337-00A0C90DCAA9} 	
00000847	10:56:52.672	[1176] DFQ: ref: 2AD6AB8 req: {A6EF9860-C720-11D0-9337-00A0C90DCAA9} 	
00000848	10:56:52.672	[1176] CFQ: ref: 2AE50C0 req: {332C4427-26CB-11D0-B483-00C04FD90119} 	
00000849	10:56:52.672	[1176] CFQ: ref: 2AE50C0 req: {332C4427-26CB-11D0-B483-00C04FD90119} 	
00000850	10:56:52.672	[1176] DFQ: ref: 2AD6AB8 req: {332C4427-26CB-11D0-B483-00C04FD90119} 	
00000851	10:56:52.672	[1176] CFQ: ref: 2AE50C0 req: {A6EF9860-C720-11D0-9337-00A0C90DCAA9} 	
00000852	10:56:52.672	[1176] CFQ: ref: 2AE50C0 req: {A6EF9860-C720-11D0-9337-00A0C90DCAA9} 	
00000853	10:56:52.672	[1176] DFQ: ref: 2AD6AB8 req: {A6EF9860-C720-11D0-9337-00A0C90DCAA9} 	
00000854	10:56:52.687	[1176] CFQ: ref: 2AE50C0 req: {332C4427-26CB-11D0-B483-00C04FD90119} 	
00000855	10:56:52.687	[1176] CFQ: ref: 2AE50C0 req: {332C4427-26CB-11D0-B483-00C04FD90119} 	
00000856	10:56:52.687	[1176] DFQ: ref: 2AD6AB8 req: {332C4427-26CB-11D0-B483-00C04FD90119} 	
00000857	10:56:52.687	[1176] CFQ: ref: 2AE50C0 req: {A6EF9860-C720-11D0-9337-00A0C90DCAA9} 	
00000858	10:56:52.687	[1176] CFQ: ref: 2AE50C0 req: {A6EF9860-C720-11D0-9337-00A0C90DCAA9} 	
00000859	10:56:52.687	[1176] DFQ: ref: 2AD6AB8 req: {A6EF9860-C720-11D0-9337-00A0C90DCAA9} 	
00000860	10:56:52.687	[1176] CFQ: ref: 2AE50C0 req: {332C4427-26CB-11D0-B483-00C04FD90119} 	
00000861	10:56:52.687	[1176] CFQ: ref: 2AE50C0 req: {332C4427-26CB-11D0-B483-00C04FD90119} 	
00000862	10:56:52.687	[1176] DFQ: ref: 2AD6AB8 req: {332C4427-26CB-11D0-B483-00C04FD90119} 	
00000863	10:56:52.687	[1176] CFQ: ref: 2AE50C0 req: {A6EF9860-C720-11D0-9337-00A0C90DCAA9} 	
00000864	10:56:52.687	[1176] CFQ: ref: 2AE50C0 req: {A6EF9860-C720-11D0-9337-00A0C90DCAA9} 	
00000865	10:56:52.687	[1176] DFQ: ref: 2AD6AB8 req: {A6EF9860-C720-11D0-9337-00A0C90DCAA9} 	
00000866	10:56:52.703	[1176] CFQ: ref: 2AE50C0 req: {332C4427-26CB-11D0-B483-00C04FD90119} 	
00000867	10:56:52.703	[1176] CFQ: ref: 2AE50C0 req: {332C4427-26CB-11D0-B483-00C04FD90119} 	
00000868	10:56:52.703	[1176] DFQ: ref: 2AD6AB8 req: {332C4427-26CB-11D0-B483-00C04FD90119} 	
00000869	10:56:52.703	[1176] CFQ: ref: 2AE50C0 req: {A6EF9860-C720-11D0-9337-00A0C90DCAA9} 	
00000870	10:56:52.703	[1176] CFQ: ref: 2AE50C0 req: {A6EF9860-C720-11D0-9337-00A0C90DCAA9} 	
00000871	10:56:52.703	[1176] DFQ: ref: 2AD6AB8 req: {A6EF9860-C720-11D0-9337-00A0C90DCAA9} 	
00000872	10:56:52.703	[1176] CFQ: ref: 2AE50C0 req: {332C4427-26CB-11D0-B483-00C04FD90119} 	
00000873	10:56:52.703	[1176] CFQ: ref: 2AE50C0 req: {332C4427-26CB-11D0-B483-00C04FD90119} 	
00000874	10:56:52.703	[1176] DFQ: ref: 2AD6AB8 req: {332C4427-26CB-11D0-B483-00C04FD90119} 	
00000875	10:56:52.703	[1176] CFQ: ref: 2AE50C0 req: {A6EF9860-C720-11D0-9337-00A0C90DCAA9} 	
00000876	10:56:52.703	[1176] CFQ: ref: 2AE50C0 req: {A6EF9860-C720-11D0-9337-00A0C90DCAA9} 	
00000877	10:56:52.703	[1176] DFQ: ref: 2AD6AB8 req: {A6EF9860-C720-11D0-9337-00A0C90DCAA9} 	
00000878	10:56:52.719	[1176] CFQ: ref: 2AE50C0 req: {332C4427-26CB-11D0-B483-00C04FD90119} 	
00000879	10:56:52.719	[1176] CFQ: ref: 2AE50C0 req: {332C4427-26CB-11D0-B483-00C04FD90119} 	
00000880	10:56:52.719	[1176] DFQ: ref: 2AD6AB8 req: {332C4427-26CB-11D0-B483-00C04FD90119} 	
00000881	10:56:52.719	[1176] CFQ: ref: 2AE50C0 req: {A6EF9860-C720-11D0-9337-00A0C90DCAA9} 	
00000882	10:56:52.719	[1176] CFQ: ref: 2AE50C0 req: {A6EF9860-C720-11D0-9337-00A0C90DCAA9} 	
00000883	10:56:52.719	[1176] DFQ: ref: 2AD6AB8 req: {A6EF9860-C720-11D0-9337-00A0C90DCAA9} 	
00000884	10:56:52.719	[1176] CFQ: ref: 2AE50C0 req: {332C4427-26CB-11D0-B483-00C04FD90119} 	
00000885	10:56:52.719	[1176] CFQ: ref: 2AE50C0 req: {332C4427-26CB-11D0-B483-00C04FD90119} 	
00000886	10:56:52.719	[1176] DFQ: ref: 2AD6AB8 req: {332C4427-26CB-11D0-B483-00C04FD90119} 	
00000887	10:56:52.719	[1176] CFQ: ref: 2AE50C0 req: {A6EF9860-C720-11D0-9337-00A0C90DCAA9} 	
00000888	10:56:52.719	[1176] CFQ: ref: 2AE50C0 req: {A6EF9860-C720-11D0-9337-00A0C90DCAA9} 	
00000889	10:56:52.719	[1176] DFQ: ref: 2AD6AB8 req: {A6EF9860-C720-11D0-9337-00A0C90DCAA9} 	
00000890	10:56:52.734	[1176] CFQ: ref: 2AE50C0 req: {332C4427-26CB-11D0-B483-00C04FD90119} 	
00000891	10:56:52.734	[1176] CFQ: ref: 2AE50C0 req: {332C4427-26CB-11D0-B483-00C04FD90119} 	
00000892	10:56:52.734	[1176] DFQ: ref: 2AD6AB8 req: {332C4427-26CB-11D0-B483-00C04FD90119} 	
00000893	10:56:52.734	[1176] CFQ: ref: 2AE50C0 req: {A6EF9860-C720-11D0-9337-00A0C90DCAA9} 	
00000894	10:56:52.734	[1176] CFQ: ref: 2AE50C0 req: {A6EF9860-C720-11D0-9337-00A0C90DCAA9} 	
00000895	10:56:52.734	[1176] DFQ: ref: 2AD6AB8 req: {A6EF9860-C720-11D0-9337-00A0C90DCAA9} 	
00000896	10:56:52.734	[1176] CFQ: ref: 2AE50C0 req: {332C4427-26CB-11D0-B483-00C04FD90119} 	
00000897	10:56:52.734	[1176] CFQ: ref: 2AE50C0 req: {332C4427-26CB-11D0-B483-00C04FD90119} 	
00000898	10:56:52.734	[1176] DFQ: ref: 2AD6AB8 req: {332C4427-26CB-11D0-B483-00C04FD90119} 	
00000899	10:56:52.734	[1176] CFQ: ref: 2AE50C0 req: {A6EF9860-C720-11D0-9337-00A0C90DCAA9} 	
00000900	10:56:52.734	[1176] CFQ: ref: 2AE50C0 req: {A6EF9860-C720-11D0-9337-00A0C90DCAA9} 	
00000901	10:56:52.734	[1176] DFQ: ref: 2AD6AB8 req: {A6EF9860-C720-11D0-9337-00A0C90DCAA9} 	
00000902	10:56:52.750	[1176] CFQ: ref: 2AE50C0 req: {332C4427-26CB-11D0-B483-00C04FD90119} 	
00000903	10:56:52.750	[1176] CFQ: ref: 2AE50C0 req: {332C4427-26CB-11D0-B483-00C04FD90119} 	
00000904	10:56:52.750	[1176] DFQ: ref: 2AD6AB8 req: {332C4427-26CB-11D0-B483-00C04FD90119} 	
00000905	10:56:52.750	[1176] CFQ: ref: 2AE50C0 req: {A6EF9860-C720-11D0-9337-00A0C90DCAA9} 	
00000906	10:56:52.750	[1176] CFQ: ref: 2AE50C0 req: {A6EF9860-C720-11D0-9337-00A0C90DCAA9} 	
00000907	10:56:52.750	[1176] DFQ: ref: 2AD6AB8 req: {A6EF9860-C720-11D0-9337-00A0C90DCAA9} 	
00000908	10:56:52.750	[1176] CFQ: ref: 2AE50C0 req: {332C4427-26CB-11D0-B483-00C04FD90119} 	
00000909	10:56:52.750	[1176] CFQ: ref: 2AE50C0 req: {332C4427-26CB-11D0-B483-00C04FD90119} 	
00000910	10:56:52.750	[1176] DFQ: ref: 2AD6AB8 req: {332C4427-26CB-11D0-B483-00C04FD90119} 	
00000911	10:56:52.750	[1176] CFQ: ref: 2AE50C0 req: {A6EF9860-C720-11D0-9337-00A0C90DCAA9} 	
00000912	10:56:52.750	[1176] CFQ: ref: 2AE50C0 req: {A6EF9860-C720-11D0-9337-00A0C90DCAA9} 	
00000913	10:56:52.750	[1176] DFQ: ref: 2AD6AB8 req: {A6EF9860-C720-11D0-9337-00A0C90DCAA9} 	
00000914	10:56:52.766	[1176] CFQ: ref: 2AE50C0 req: {332C4427-26CB-11D0-B483-00C04FD90119} 	
00000915	10:56:52.766	[1176] CFQ: ref: 2AE50C0 req: {332C4427-26CB-11D0-B483-00C04FD90119} 	
00000916	10:56:52.766	[1176] DFQ: ref: 2AD6AB8 req: {332C4427-26CB-11D0-B483-00C04FD90119} 	
00000917	10:56:52.766	[1176] CFQ: ref: 2AE50C0 req: {A6EF9860-C720-11D0-9337-00A0C90DCAA9} 	
00000918	10:56:52.766	[1176] CFQ: ref: 2AE50C0 req: {A6EF9860-C720-11D0-9337-00A0C90DCAA9} 	
00000919	10:56:52.766	[1176] DFQ: ref: 2AD6AB8 req: {A6EF9860-C720-11D0-9337-00A0C90DCAA9} 	
00000920	10:56:52.766	[1176] CFQ: ref: 2AE50C0 req: {332C4427-26CB-11D0-B483-00C04FD90119} 	
00000921	10:56:52.766	[1176] CFQ: ref: 2AE50C0 req: {332C4427-26CB-11D0-B483-00C04FD90119} 	
00000922	10:56:52.766	[1176] DFQ: ref: 2AD6AB8 req: {332C4427-26CB-11D0-B483-00C04FD90119} 	
00000923	10:56:52.766	[1176] CFQ: ref: 2AE50C0 req: {A6EF9860-C720-11D0-9337-00A0C90DCAA9} 	
00000924	10:56:52.766	[1176] CFQ: ref: 2AE50C0 req: {A6EF9860-C720-11D0-9337-00A0C90DCAA9} 	
00000925	10:56:52.766	[1176] DFQ: ref: 2AD6AB8 req: {A6EF9860-C720-11D0-9337-00A0C90DCAA9} 	
00000926	10:56:52.781	[1176] CFQ: ref: 2AE50C0 req: {332C4427-26CB-11D0-B483-00C04FD90119} 	
00000927	10:56:52.781	[1176] CFQ: ref: 2AE50C0 req: {332C4427-26CB-11D0-B483-00C04FD90119} 	
00000928	10:56:52.781	[1176] DFQ: ref: 2AD6AB8 req: {332C4427-26CB-11D0-B483-00C04FD90119} 	
00000929	10:56:52.781	[1176] CFQ: ref: 2AE50C0 req: {A6EF9860-C720-11D0-9337-00A0C90DCAA9} 	
00000930	10:56:52.781	[1176] CFQ: ref: 2AE50C0 req: {A6EF9860-C720-11D0-9337-00A0C90DCAA9} 	
00000931	10:56:52.781	[1176] DFQ: ref: 2AD6AB8 req: {A6EF9860-C720-11D0-9337-00A0C90DCAA9} 	
00000932	10:56:52.781	[1176] CFQ: ref: 2AE50C0 req: {332C4427-26CB-11D0-B483-00C04FD90119} 	
00000933	10:56:52.781	[1176] CFQ: ref: 2AE50C0 req: {332C4427-26CB-11D0-B483-00C04FD90119} 	
00000934	10:56:52.781	[1176] DFQ: ref: 2AD6AB8 req: {332C4427-26CB-11D0-B483-00C04FD90119} 	
00000935	10:56:52.781	[1176] CFQ: ref: 2AE50C0 req: {A6EF9860-C720-11D0-9337-00A0C90DCAA9} 	
00000936	10:56:52.781	[1176] CFQ: ref: 2AE50C0 req: {A6EF9860-C720-11D0-9337-00A0C90DCAA9} 	
00000937	10:56:52.781	[1176] DFQ: ref: 2AD6AB8 req: {A6EF9860-C720-11D0-9337-00A0C90DCAA9} 	
00000938	10:56:52.797	[1176] CFQ: ref: 2AE50C0 req: {332C4427-26CB-11D0-B483-00C04FD90119} 	
00000939	10:56:52.797	[1176] CFQ: ref: 2AE50C0 req: {332C4427-26CB-11D0-B483-00C04FD90119} 	
00000940	10:56:52.797	[1176] DFQ: ref: 2AD6AB8 req: {332C4427-26CB-11D0-B483-00C04FD90119} 	
00000941	10:56:52.797	[1176] CFQ: ref: 2AE50C0 req: {A6EF9860-C720-11D0-9337-00A0C90DCAA9} 	
00000942	10:56:52.797	[1176] CFQ: ref: 2AE50C0 req: {A6EF9860-C720-11D0-9337-00A0C90DCAA9} 	
00000943	10:56:52.797	[1176] DFQ: ref: 2AD6AB8 req: {A6EF9860-C720-11D0-9337-00A0C90DCAA9} 	
00000944	10:56:52.797	[1176] CFQ: ref: 2AE50C0 req: {332C4427-26CB-11D0-B483-00C04FD90119} 	
00000945	10:56:52.797	[1176] CFQ: ref: 2AE50C0 req: {332C4427-26CB-11D0-B483-00C04FD90119} 	
00000946	10:56:52.797	[1176] DFQ: ref: 2AD6AB8 req: {332C4427-26CB-11D0-B483-00C04FD90119} 	
00000947	10:56:52.797	[1176] CFQ: ref: 2AE50C0 req: {A6EF9860-C720-11D0-9337-00A0C90DCAA9} 	
00000948	10:56:52.797	[1176] CFQ: ref: 2AE50C0 req: {A6EF9860-C720-11D0-9337-00A0C90DCAA9} 	
00000949	10:56:52.797	[1176] DFQ: ref: 2AD6AB8 req: {A6EF9860-C720-11D0-9337-00A0C90DCAA9} 	
00000950	10:56:52.812	[1176] CFQ: ref: 2AE50C0 req: {332C4427-26CB-11D0-B483-00C04FD90119} 	
00000951	10:56:52.812	[1176] CFQ: ref: 2AE50C0 req: {332C4427-26CB-11D0-B483-00C04FD90119} 	
00000952	10:56:52.812	[1176] DFQ: ref: 2AD6AB8 req: {332C4427-26CB-11D0-B483-00C04FD90119} 	
00000953	10:56:52.812	[1176] CFQ: ref: 2AE50C0 req: {A6EF9860-C720-11D0-9337-00A0C90DCAA9} 	
00000954	10:56:52.812	[1176] CFQ: ref: 2AE50C0 req: {A6EF9860-C720-11D0-9337-00A0C90DCAA9} 	
00000955	10:56:52.812	[1176] DFQ: ref: 2AD6AB8 req: {A6EF9860-C720-11D0-9337-00A0C90DCAA9} 	
00000956	10:56:52.812	[1176] CFQ: ref: 2AE50C0 req: {332C4427-26CB-11D0-B483-00C04FD90119} 	
00000957	10:56:52.812	[1176] CFQ: ref: 2AE50C0 req: {332C4427-26CB-11D0-B483-00C04FD90119} 	
00000958	10:56:52.812	[1176] DFQ: ref: 2AD6AB8 req: {332C4427-26CB-11D0-B483-00C04FD90119} 	
00000959	10:56:52.812	[1176] CFQ: ref: 2AE50C0 req: {A6EF9860-C720-11D0-9337-00A0C90DCAA9} 	
00000960	10:56:52.812	[1176] CFQ: ref: 2AE50C0 req: {A6EF9860-C720-11D0-9337-00A0C90DCAA9} 	
00000961	10:56:52.812	[1176] DFQ: ref: 2AD6AB8 req: {A6EF9860-C720-11D0-9337-00A0C90DCAA9} 	
00000962	10:56:52.828	[1176] CFQ: ref: 2AE50C0 req: {332C4427-26CB-11D0-B483-00C04FD90119} 	
00000963	10:56:52.828	[1176] CFQ: ref: 2AE50C0 req: {332C4427-26CB-11D0-B483-00C04FD90119} 	
00000964	10:56:52.828	[1176] DFQ: ref: 2AD6AB8 req: {332C4427-26CB-11D0-B483-00C04FD90119} 	
00000965	10:56:52.828	[1176] CFQ: ref: 2AE50C0 req: {A6EF9860-C720-11D0-9337-00A0C90DCAA9} 	
00000966	10:56:52.828	[1176] CFQ: ref: 2AE50C0 req: {A6EF9860-C720-11D0-9337-00A0C90DCAA9} 	
00000967	10:56:52.828	[1176] DFQ: ref: 2AD6AB8 req: {A6EF9860-C720-11D0-9337-00A0C90DCAA9} 	
00000968	10:56:52.828	[1176] CFQ: ref: 2AE50C0 req: {332C4427-26CB-11D0-B483-00C04FD90119} 	
00000969	10:56:52.828	[1176] CFQ: ref: 2AE50C0 req: {332C4427-26CB-11D0-B483-00C04FD90119} 	
00000970	10:56:52.828	[1176] DFQ: ref: 2AD6AB8 req: {332C4427-26CB-11D0-B483-00C04FD90119} 	
00000971	10:56:52.828	[1176] CFQ: ref: 2AE50C0 req: {A6EF9860-C720-11D0-9337-00A0C90DCAA9} 	
00000972	10:56:52.828	[1176] CFQ: ref: 2AE50C0 req: {A6EF9860-C720-11D0-9337-00A0C90DCAA9} 	
00000973	10:56:52.828	[1176] DFQ: ref: 2AD6AB8 req: {A6EF9860-C720-11D0-9337-00A0C90DCAA9} 	
00000974	10:56:52.844	[1176] CFQ: ref: 2AE50C0 req: {332C4427-26CB-11D0-B483-00C04FD90119} 	
00000975	10:56:52.844	[1176] CFQ: ref: 2AE50C0 req: {332C4427-26CB-11D0-B483-00C04FD90119} 	
00000976	10:56:52.844	[1176] DFQ: ref: 2AD6AB8 req: {332C4427-26CB-11D0-B483-00C04FD90119} 	
00000977	10:56:52.844	[1176] CFQ: ref: 2AE50C0 req: {A6EF9860-C720-11D0-9337-00A0C90DCAA9} 	
00000978	10:56:52.844	[1176] CFQ: ref: 2AE50C0 req: {A6EF9860-C720-11D0-9337-00A0C90DCAA9} 	
00000979	10:56:52.844	[1176] DFQ: ref: 2AD6AB8 req: {A6EF9860-C720-11D0-9337-00A0C90DCAA9} 	
00000980	10:56:52.844	[1176] CFQ: ref: 2AE50C0 req: {332C4427-26CB-11D0-B483-00C04FD90119} 	
00000981	10:56:52.844	[1176] CFQ: ref: 2AE50C0 req: {332C4427-26CB-11D0-B483-00C04FD90119} 	
00000982	10:56:52.844	[1176] DFQ: ref: 2AD6AB8 req: {332C4427-26CB-11D0-B483-00C04FD90119} 	
00000983	10:56:52.844	[1176] CFQ: ref: 2AE50C0 req: {A6EF9860-C720-11D0-9337-00A0C90DCAA9} 	
00000984	10:56:52.844	[1176] CFQ: ref: 2AE50C0 req: {A6EF9860-C720-11D0-9337-00A0C90DCAA9} 	
00000985	10:56:52.844	[1176] DFQ: ref: 2AD6AB8 req: {A6EF9860-C720-11D0-9337-00A0C90DCAA9} 	
00000986	10:56:52.859	[1176] CFQ: ref: 2AE50C0 req: {332C4427-26CB-11D0-B483-00C04FD90119} 	
00000987	10:56:52.859	[1176] CFQ: ref: 2AE50C0 req: {332C4427-26CB-11D0-B483-00C04FD90119} 	
00000988	10:56:52.859	[1176] DFQ: ref: 2AD6AB8 req: {332C4427-26CB-11D0-B483-00C04FD90119} 	
00000989	10:56:52.859	[1176] CFQ: ref: 2AE50C0 req: {A6EF9860-C720-11D0-9337-00A0C90DCAA9} 	
00000990	10:56:52.859	[1176] CFQ: ref: 2AE50C0 req: {A6EF9860-C720-11D0-9337-00A0C90DCAA9} 	
00000991	10:56:52.859	[1176] DFQ: ref: 2AD6AB8 req: {A6EF9860-C720-11D0-9337-00A0C90DCAA9} 	
00000992	10:56:52.859	[1176] CFQ: ref: 2AE50C0 req: {332C4427-26CB-11D0-B483-00C04FD90119} 	
00000993	10:56:52.859	[1176] CFQ: ref: 2AE50C0 req: {332C4427-26CB-11D0-B483-00C04FD90119} 	
00000994	10:56:52.859	[1176] DFQ: ref: 2AD6AB8 req: {332C4427-26CB-11D0-B483-00C04FD90119} 	
00000995	10:56:52.859	[1176] CFQ: ref: 2AE50C0 req: {A6EF9860-C720-11D0-9337-00A0C90DCAA9} 	
00000996	10:56:52.859	[1176] CFQ: ref: 2AE50C0 req: {A6EF9860-C720-11D0-9337-00A0C90DCAA9} 	
00000997	10:56:52.859	[1176] DFQ: ref: 2AD6AB8 req: {A6EF9860-C720-11D0-9337-00A0C90DCAA9} 	
00000998	10:56:52.875	[1176] CFQ: ref: 2AE50C0 req: {332C4427-26CB-11D0-B483-00C04FD90119} 	
00000999	10:56:52.875	[1176] CFQ: ref: 2AE50C0 req: {332C4427-26CB-11D0-B483-00C04FD90119} 	
00001000	10:56:52.875	[1176] DFQ: ref: 2AD6AB8 req: {332C4427-26CB-11D0-B483-00C04FD90119} 	
00001001	10:56:52.875	[1176] CFQ: ref: 2AE50C0 req: {A6EF9860-C720-11D0-9337-00A0C90DCAA9} 	
00001002	10:56:52.875	[1176] CFQ: ref: 2AE50C0 req: {A6EF9860-C720-11D0-9337-00A0C90DCAA9} 	
00001003	10:56:52.875	[1176] DFQ: ref: 2AD6AB8 req: {A6EF9860-C720-11D0-9337-00A0C90DCAA9} 	
00001004	10:56:52.875	[1176] CFQ: ref: 2AE50C0 req: {332C4427-26CB-11D0-B483-00C04FD90119} 	
00001005	10:56:52.875	[1176] CFQ: ref: 2AE50C0 req: {332C4427-26CB-11D0-B483-00C04FD90119} 	
00001006	10:56:52.875	[1176] DFQ: ref: 2AD6AB8 req: {332C4427-26CB-11D0-B483-00C04FD90119} 	
00001007	10:56:52.875	[1176] CFQ: ref: 2AE50C0 req: {A6EF9860-C720-11D0-9337-00A0C90DCAA9} 	
00001008	10:56:52.875	[1176] CFQ: ref: 2AE50C0 req: {A6EF9860-C720-11D0-9337-00A0C90DCAA9} 	
00001009	10:56:52.875	[1176] DFQ: ref: 2AD6AB8 req: {A6EF9860-C720-11D0-9337-00A0C90DCAA9} 	
00001010	10:56:52.891	[1176] CFQ: ref: 2AE50C0 req: {332C4427-26CB-11D0-B483-00C04FD90119} 	
00001011	10:56:52.891	[1176] CFQ: ref: 2AE50C0 req: {332C4427-26CB-11D0-B483-00C04FD90119} 	
00001012	10:56:52.891	[1176] DFQ: ref: 2AD6AB8 req: {332C4427-26CB-11D0-B483-00C04FD90119} 	
00001013	10:56:52.891	[1176] CFQ: ref: 2AE50C0 req: {A6EF9860-C720-11D0-9337-00A0C90DCAA9} 	
00001014	10:56:52.891	[1176] CFQ: ref: 2AE50C0 req: {A6EF9860-C720-11D0-9337-00A0C90DCAA9} 	
00001015	10:56:52.891	[1176] DFQ: ref: 2AD6AB8 req: {A6EF9860-C720-11D0-9337-00A0C90DCAA9} 	
00001016	10:56:52.891	[1176] CFQ: ref: 2AE50C0 req: {332C4427-26CB-11D0-B483-00C04FD90119} 	
00001017	10:56:52.891	[1176] CFQ: ref: 2AE50C0 req: {332C4427-26CB-11D0-B483-00C04FD90119} 	
00001018	10:56:52.891	[1176] DFQ: ref: 2AD6AB8 req: {332C4427-26CB-11D0-B483-00C04FD90119} 	
00001019	10:56:52.891	[1176] CFQ: ref: 2AE50C0 req: {A6EF9860-C720-11D0-9337-00A0C90DCAA9} 	
00001020	10:56:52.891	[1176] CFQ: ref: 2AE50C0 req: {A6EF9860-C720-11D0-9337-00A0C90DCAA9} 	
00001021	10:56:52.891	[1176] DFQ: ref: 2AD6AB8 req: {A6EF9860-C720-11D0-9337-00A0C90DCAA9} 	
00001022	10:56:52.906	[1176] CFQ: ref: 2AE50C0 req: {332C4427-26CB-11D0-B483-00C04FD90119} 	
00001023	10:56:52.906	[1176] CFQ: ref: 2AE50C0 req: {332C4427-26CB-11D0-B483-00C04FD90119} 	
00001024	10:56:52.906	[1176] DFQ: ref: 2AD6AB8 req: {332C4427-26CB-11D0-B483-00C04FD90119} 	
00001025	10:56:52.906	[1176] CFQ: ref: 2AE50C0 req: {A6EF9860-C720-11D0-9337-00A0C90DCAA9} 	
00001026	10:56:52.906	[1176] CFQ: ref: 2AE50C0 req: {A6EF9860-C720-11D0-9337-00A0C90DCAA9} 	
00001027	10:56:52.906	[1176] DFQ: ref: 2AD6AB8 req: {A6EF9860-C720-11D0-9337-00A0C90DCAA9} 	
00001028	10:56:52.906	[1176] CFQ: ref: 2AE50C0 req: {332C4427-26CB-11D0-B483-00C04FD90119} 	
00001029	10:56:52.906	[1176] CFQ: ref: 2AE50C0 req: {332C4427-26CB-11D0-B483-00C04FD90119} 	
00001030	10:56:52.906	[1176] DFQ: ref: 2AD6AB8 req: {332C4427-26CB-11D0-B483-00C04FD90119} 	
00001031	10:56:52.906	[1176] CFQ: ref: 2AE50C0 req: {A6EF9860-C720-11D0-9337-00A0C90DCAA9} 	
00001032	10:56:52.906	[1176] CFQ: ref: 2AE50C0 req: {A6EF9860-C720-11D0-9337-00A0C90DCAA9} 	
00001033	10:56:52.906	[1176] DFQ: ref: 2AD6AB8 req: {A6EF9860-C720-11D0-9337-00A0C90DCAA9} 	
00001034	10:56:52.922	[1176] CFQ: ref: 2AE50C0 req: {332C4427-26CB-11D0-B483-00C04FD90119} 	
00001035	10:56:52.922	[1176] CFQ: ref: 2AE50C0 req: {332C4427-26CB-11D0-B483-00C04FD90119} 	
00001036	10:56:52.922	[1176] DFQ: ref: 2AD6AB8 req: {332C4427-26CB-11D0-B483-00C04FD90119} 	
00001037	10:56:52.922	[1176] CFQ: ref: 2AE50C0 req: {A6EF9860-C720-11D0-9337-00A0C90DCAA9} 	
00001038	10:56:52.922	[1176] CFQ: ref: 2AE50C0 req: {A6EF9860-C720-11D0-9337-00A0C90DCAA9} 	
00001039	10:56:52.922	[1176] DFQ: ref: 2AD6AB8 req: {A6EF9860-C720-11D0-9337-00A0C90DCAA9} 	
00001040	10:56:52.922	[1176] CFQ: ref: 2AE50C0 req: {332C4427-26CB-11D0-B483-00C04FD90119} 	
00001041	10:56:52.922	[1176] CFQ: ref: 2AE50C0 req: {332C4427-26CB-11D0-B483-00C04FD90119} 	
00001042	10:56:52.922	[1176] DFQ: ref: 2AD6AB8 req: {332C4427-26CB-11D0-B483-00C04FD90119} 	
00001043	10:56:52.922	[1176] CFQ: ref: 2AE50C0 req: {A6EF9860-C720-11D0-9337-00A0C90DCAA9} 	
00001044	10:56:52.922	[1176] CFQ: ref: 2AE50C0 req: {A6EF9860-C720-11D0-9337-00A0C90DCAA9} 	
00001045	10:56:52.922	[1176] DFQ: ref: 2AD6AB8 req: {A6EF9860-C720-11D0-9337-00A0C90DCAA9} 	
00001046	10:56:52.937	[1176] CFQ: ref: 2AE50C0 req: {332C4427-26CB-11D0-B483-00C04FD90119} 	
00001047	10:56:52.937	[1176] CFQ: ref: 2AE50C0 req: {332C4427-26CB-11D0-B483-00C04FD90119} 	
00001048	10:56:52.937	[1176] DFQ: ref: 2AD6AB8 req: {332C4427-26CB-11D0-B483-00C04FD90119} 	
00001049	10:56:52.937	[1176] CFQ: ref: 2AE50C0 req: {A6EF9860-C720-11D0-9337-00A0C90DCAA9} 	
00001050	10:56:52.937	[1176] CFQ: ref: 2AE50C0 req: {A6EF9860-C720-11D0-9337-00A0C90DCAA9} 	
00001051	10:56:52.937	[1176] DFQ: ref: 2AD6AB8 req: {A6EF9860-C720-11D0-9337-00A0C90DCAA9} 	
00001052	10:56:52.937	[1176] CFQ: ref: 2AE50C0 req: {332C4427-26CB-11D0-B483-00C04FD90119} 	
00001053	10:56:52.937	[1176] CFQ: ref: 2AE50C0 req: {332C4427-26CB-11D0-B483-00C04FD90119} 	
00001054	10:56:52.937	[1176] DFQ: ref: 2AD6AB8 req: {332C4427-26CB-11D0-B483-00C04FD90119} 	
00001055	10:56:52.937	[1176] CFQ: ref: 2AE50C0 req: {A6EF9860-C720-11D0-9337-00A0C90DCAA9} 	
00001056	10:56:52.937	[1176] CFQ: ref: 2AE50C0 req: {A6EF9860-C720-11D0-9337-00A0C90DCAA9} 	
00001057	10:56:52.937	[1176] DFQ: ref: 2AD6AB8 req: {A6EF9860-C720-11D0-9337-00A0C90DCAA9} 	
00001058	10:56:52.953	[1176] CFQ: ref: 2AE50C0 req: {332C4427-26CB-11D0-B483-00C04FD90119} 	
00001059	10:56:52.953	[1176] CFQ: ref: 2AE50C0 req: {332C4427-26CB-11D0-B483-00C04FD90119} 	
00001060	10:56:52.953	[1176] DFQ: ref: 2AD6AB8 req: {332C4427-26CB-11D0-B483-00C04FD90119} 	
00001061	10:56:52.953	[1176] CFQ: ref: 2AE50C0 req: {A6EF9860-C720-11D0-9337-00A0C90DCAA9} 	
00001062	10:56:52.953	[1176] CFQ: ref: 2AE50C0 req: {A6EF9860-C720-11D0-9337-00A0C90DCAA9} 	
00001063	10:56:52.953	[1176] DFQ: ref: 2AD6AB8 req: {A6EF9860-C720-11D0-9337-00A0C90DCAA9} 	
00001064	10:56:52.953	[1176] CFQ: ref: 2AE50C0 req: {332C4427-26CB-11D0-B483-00C04FD90119} 	
00001065	10:56:52.953	[1176] CFQ: ref: 2AE50C0 req: {332C4427-26CB-11D0-B483-00C04FD90119} 	
00001066	10:56:52.953	[1176] DFQ: ref: 2AD6AB8 req: {332C4427-26CB-11D0-B483-00C04FD90119} 	
00001067	10:56:52.953	[1176] CFQ: ref: 2AE50C0 req: {A6EF9860-C720-11D0-9337-00A0C90DCAA9} 	
00001068	10:56:52.953	[1176] CFQ: ref: 2AE50C0 req: {A6EF9860-C720-11D0-9337-00A0C90DCAA9} 	
00001069	10:56:52.953	[1176] DFQ: ref: 2AD6AB8 req: {A6EF9860-C720-11D0-9337-00A0C90DCAA9} 	
00001070	10:56:52.969	[1176] CFQ: ref: 2AE50C0 req: {332C4427-26CB-11D0-B483-00C04FD90119} 	
00001071	10:56:52.969	[1176] CFQ: ref: 2AE50C0 req: {332C4427-26CB-11D0-B483-00C04FD90119} 	
00001072	10:56:52.969	[1176] DFQ: ref: 2AD6AB8 req: {332C4427-26CB-11D0-B483-00C04FD90119} 	
00001073	10:56:52.969	[1176] CFQ: ref: 2AE50C0 req: {A6EF9860-C720-11D0-9337-00A0C90DCAA9} 	
00001074	10:56:52.969	[1176] CFQ: ref: 2AE50C0 req: {A6EF9860-C720-11D0-9337-00A0C90DCAA9} 	
00001075	10:56:52.969	[1176] DFQ: ref: 2AD6AB8 req: {A6EF9860-C720-11D0-9337-00A0C90DCAA9} 	
00001076	10:56:52.969	[1176] CFQ: ref: 2AE50C0 req: {332C4427-26CB-11D0-B483-00C04FD90119} 	
00001077	10:56:52.969	[1176] CFQ: ref: 2AE50C0 req: {332C4427-26CB-11D0-B483-00C04FD90119} 	
00001078	10:56:52.969	[1176] DFQ: ref: 2AD6AB8 req: {332C4427-26CB-11D0-B483-00C04FD90119} 	
00001079	10:56:52.969	[1176] CFQ: ref: 2AE50C0 req: {A6EF9860-C720-11D0-9337-00A0C90DCAA9} 	
00001080	10:56:52.969	[1176] CFQ: ref: 2AE50C0 req: {A6EF9860-C720-11D0-9337-00A0C90DCAA9} 	
00001081	10:56:52.969	[1176] DFQ: ref: 2AD6AB8 req: {A6EF9860-C720-11D0-9337-00A0C90DCAA9} 	
00001082	10:56:52.984	[1176] CFQ: ref: 2AE50C0 req: {332C4427-26CB-11D0-B483-00C04FD90119} 	
00001083	10:56:52.984	[1176] CFQ: ref: 2AE50C0 req: {332C4427-26CB-11D0-B483-00C04FD90119} 	
00001084	10:56:52.984	[1176] DFQ: ref: 2AD6AB8 req: {332C4427-26CB-11D0-B483-00C04FD90119} 	
00001085	10:56:52.984	[1176] CFQ: ref: 2AE50C0 req: {A6EF9860-C720-11D0-9337-00A0C90DCAA9} 	
00001086	10:56:52.984	[1176] CFQ: ref: 2AE50C0 req: {A6EF9860-C720-11D0-9337-00A0C90DCAA9} 	
00001087	10:56:52.984	[1176] DFQ: ref: 2AD6AB8 req: {A6EF9860-C720-11D0-9337-00A0C90DCAA9} 	
00001088	10:56:52.984	[1176] CFQ: ref: 2AE50C0 req: {332C4427-26CB-11D0-B483-00C04FD90119} 	
00001089	10:56:52.984	[1176] CFQ: ref: 2AE50C0 req: {332C4427-26CB-11D0-B483-00C04FD90119} 	
00001090	10:56:52.984	[1176] DFQ: ref: 2AD6AB8 req: {332C4427-26CB-11D0-B483-00C04FD90119} 	
00001091	10:56:52.984	[1176] CFQ: ref: 2AE50C0 req: {A6EF9860-C720-11D0-9337-00A0C90DCAA9} 	
00001092	10:56:52.984	[1176] CFQ: ref: 2AE50C0 req: {A6EF9860-C720-11D0-9337-00A0C90DCAA9} 	
00001093	10:56:52.984	[1176] DFQ: ref: 2AD6AB8 req: {A6EF9860-C720-11D0-9337-00A0C90DCAA9} 	
00001094	10:56:53.000	[1176] CFQ: ref: 2AE50C0 req: {332C4427-26CB-11D0-B483-00C04FD90119} 	
00001095	10:56:53.000	[1176] CFQ: ref: 2AE50C0 req: {332C4427-26CB-11D0-B483-00C04FD90119} 	
00001096	10:56:53.000	[1176] DFQ: ref: 2AD6AB8 req: {332C4427-26CB-11D0-B483-00C04FD90119} 	
00001097	10:56:53.000	[1176] CFQ: ref: 2AE50C0 req: {A6EF9860-C720-11D0-9337-00A0C90DCAA9} 	
00001098	10:56:53.000	[1176] CFQ: ref: 2AE50C0 req: {A6EF9860-C720-11D0-9337-00A0C90DCAA9} 	
00001099	10:56:53.000	[1176] DFQ: ref: 2AD6AB8 req: {A6EF9860-C720-11D0-9337-00A0C90DCAA9} 	
00001100	10:56:53.000	[1176] CFQ: ref: 2AE50C0 req: {332C4427-26CB-11D0-B483-00C04FD90119} 	
00001101	10:56:53.000	[1176] CFQ: ref: 2AE50C0 req: {332C4427-26CB-11D0-B483-00C04FD90119} 	
00001102	10:56:53.000	[1176] DFQ: ref: 2AD6AB8 req: {332C4427-26CB-11D0-B483-00C04FD90119} 	
00001103	10:56:53.000	[1176] CFQ: ref: 2AE50C0 req: {A6EF9860-C720-11D0-9337-00A0C90DCAA9} 	
00001104	10:56:53.000	[1176] CFQ: ref: 2AE50C0 req: {A6EF9860-C720-11D0-9337-00A0C90DCAA9} 	
00001105	10:56:53.000	[1176] DFQ: ref: 2AD6AB8 req: {A6EF9860-C720-11D0-9337-00A0C90DCAA9} 	
00001106	10:56:53.016	[1176] CFQ: ref: 2AE50C0 req: {332C4427-26CB-11D0-B483-00C04FD90119} 	
00001107	10:56:53.016	[1176] CFQ: ref: 2AE50C0 req: {332C4427-26CB-11D0-B483-00C04FD90119} 	
00001108	10:56:53.016	[1176] DFQ: ref: 2AD6AB8 req: {332C4427-26CB-11D0-B483-00C04FD90119} 	
00001109	10:56:53.016	[1176] CFQ: ref: 2AE50C0 req: {A6EF9860-C720-11D0-9337-00A0C90DCAA9} 	
00001110	10:56:53.016	[1176] CFQ: ref: 2AE50C0 req: {A6EF9860-C720-11D0-9337-00A0C90DCAA9} 	
00001111	10:56:53.016	[1176] DFQ: ref: 2AD6AB8 req: {A6EF9860-C720-11D0-9337-00A0C90DCAA9} 	
00001112	10:56:53.016	[1176] CFQ: ref: 2AE50C0 req: {332C4427-26CB-11D0-B483-00C04FD90119} 	
00001113	10:56:53.016	[1176] CFQ: ref: 2AE50C0 req: {332C4427-26CB-11D0-B483-00C04FD90119} 	
00001114	10:56:53.016	[1176] DFQ: ref: 2AD6AB8 req: {332C4427-26CB-11D0-B483-00C04FD90119} 	
00001115	10:56:53.016	[1176] CFQ: ref: 2AE50C0 req: {A6EF9860-C720-11D0-9337-00A0C90DCAA9} 	
00001116	10:56:53.016	[1176] CFQ: ref: 2AE50C0 req: {A6EF9860-C720-11D0-9337-00A0C90DCAA9} 	
00001117	10:56:53.016	[1176] DFQ: ref: 2AD6AB8 req: {A6EF9860-C720-11D0-9337-00A0C90DCAA9} 	
00001118	10:56:53.031	[1176] CFQ: ref: 2AE50C0 req: {332C4427-26CB-11D0-B483-00C04FD90119} 	
00001119	10:56:53.031	[1176] CFQ: ref: 2AE50C0 req: {332C4427-26CB-11D0-B483-00C04FD90119} 	
00001120	10:56:53.031	[1176] DFQ: ref: 2AD6AB8 req: {332C4427-26CB-11D0-B483-00C04FD90119} 	
00001121	10:56:53.031	[1176] CFQ: ref: 2AE50C0 req: {A6EF9860-C720-11D0-9337-00A0C90DCAA9} 	
00001122	10:56:53.031	[1176] CFQ: ref: 2AE50C0 req: {A6EF9860-C720-11D0-9337-00A0C90DCAA9} 	
00001123	10:56:53.031	[1176] DFQ: ref: 2AD6AB8 req: {A6EF9860-C720-11D0-9337-00A0C90DCAA9} 	
00001124	10:56:53.031	[1176] CFQ: ref: 2AE50C0 req: {332C4427-26CB-11D0-B483-00C04FD90119} 	
00001125	10:56:53.031	[1176] CFQ: ref: 2AE50C0 req: {332C4427-26CB-11D0-B483-00C04FD90119} 	
00001126	10:56:53.031	[1176] DFQ: ref: 2AD6AB8 req: {332C4427-26CB-11D0-B483-00C04FD90119} 	
00001127	10:56:53.031	[1176] CFQ: ref: 2AE50C0 req: {A6EF9860-C720-11D0-9337-00A0C90DCAA9} 	
00001128	10:56:53.031	[1176] CFQ: ref: 2AE50C0 req: {A6EF9860-C720-11D0-9337-00A0C90DCAA9} 	
00001129	10:56:53.031	[1176] DFQ: ref: 2AD6AB8 req: {A6EF9860-C720-11D0-9337-00A0C90DCAA9} 	
00001130	10:56:53.047	[1176] CFQ: ref: 2AE50C0 req: {332C4427-26CB-11D0-B483-00C04FD90119} 	
00001131	10:56:53.047	[1176] CFQ: ref: 2AE50C0 req: {332C4427-26CB-11D0-B483-00C04FD90119} 	
00001132	10:56:53.047	[1176] DFQ: ref: 2AD6AB8 req: {332C4427-26CB-11D0-B483-00C04FD90119} 	
00001133	10:56:53.047	[1176] CFQ: ref: 2AE50C0 req: {A6EF9860-C720-11D0-9337-00A0C90DCAA9} 	
00001134	10:56:53.047	[1176] CFQ: ref: 2AE50C0 req: {A6EF9860-C720-11D0-9337-00A0C90DCAA9} 	
00001135	10:56:53.047	[1176] DFQ: ref: 2AD6AB8 req: {A6EF9860-C720-11D0-9337-00A0C90DCAA9} 	
00001136	10:56:53.047	[1176] CFQ: ref: 2AE50C0 req: {332C4427-26CB-11D0-B483-00C04FD90119} 	
00001137	10:56:53.047	[1176] CFQ: ref: 2AE50C0 req: {332C4427-26CB-11D0-B483-00C04FD90119} 	
00001138	10:56:53.047	[1176] DFQ: ref: 2AD6AB8 req: {332C4427-26CB-11D0-B483-00C04FD90119} 	
00001139	10:56:53.047	[1176] CFQ: ref: 2AE50C0 req: {A6EF9860-C720-11D0-9337-00A0C90DCAA9} 	
00001140	10:56:53.047	[1176] CFQ: ref: 2AE50C0 req: {A6EF9860-C720-11D0-9337-00A0C90DCAA9} 	
00001141	10:56:53.047	[1176] DFQ: ref: 2AD6AB8 req: {A6EF9860-C720-11D0-9337-00A0C90DCAA9} 	
00001142	10:56:53.062	[1176] CFQ: ref: 2AE50C0 req: {332C4427-26CB-11D0-B483-00C04FD90119} 	
00001143	10:56:53.062	[1176] CFQ: ref: 2AE50C0 req: {332C4427-26CB-11D0-B483-00C04FD90119} 	
00001144	10:56:53.062	[1176] DFQ: ref: 2AD6AB8 req: {332C4427-26CB-11D0-B483-00C04FD90119} 	
00001145	10:56:53.062	[1176] CFQ: ref: 2AE50C0 req: {A6EF9860-C720-11D0-9337-00A0C90DCAA9} 	
00001146	10:56:53.062	[1176] CFQ: ref: 2AE50C0 req: {A6EF9860-C720-11D0-9337-00A0C90DCAA9} 	
00001147	10:56:53.062	[1176] DFQ: ref: 2AD6AB8 req: {A6EF9860-C720-11D0-9337-00A0C90DCAA9} 	
00001148	10:56:53.062	[1176] CFQ: ref: 2AE50C0 req: {332C4427-26CB-11D0-B483-00C04FD90119} 	
00001149	10:56:53.062	[1176] CFQ: ref: 2AE50C0 req: {332C4427-26CB-11D0-B483-00C04FD90119} 	
00001150	10:56:53.062	[1176] DFQ: ref: 2AD6AB8 req: {332C4427-26CB-11D0-B483-00C04FD90119} 	
00001151	10:56:53.062	[1176] CFQ: ref: 2AE50C0 req: {A6EF9860-C720-11D0-9337-00A0C90DCAA9} 	
00001152	10:56:53.062	[1176] CFQ: ref: 2AE50C0 req: {A6EF9860-C720-11D0-9337-00A0C90DCAA9} 	
00001153	10:56:53.062	[1176] DFQ: ref: 2AD6AB8 req: {A6EF9860-C720-11D0-9337-00A0C90DCAA9} 	
00001154	10:56:53.078	[1176] CFQ: ref: 2AE50C0 req: {332C4427-26CB-11D0-B483-00C04FD90119} 	
00001155	10:56:53.109	[1176] CFQ: ref: 2AE50C0 req: {332C4427-26CB-11D0-B483-00C04FD90119} 	
00001156	10:56:53.109	[1176] DFQ: ref: 2AD6AB8 req: {332C4427-26CB-11D0-B483-00C04FD90119} 	
00001157	10:56:53.109	[1176] CFQ: ref: 2AE50C0 req: {A6EF9860-C720-11D0-9337-00A0C90DCAA9} 	
00001158	10:56:53.109	[1176] CFQ: ref: 2AE50C0 req: {A6EF9860-C720-11D0-9337-00A0C90DCAA9} 	
00001159	10:56:53.109	[1176] DFQ: ref: 2AD6AB8 req: {A6EF9860-C720-11D0-9337-00A0C90DCAA9} 	
00001160	10:56:53.109	[1176] CFQ: ref: 2AE50C0 req: {332C4427-26CB-11D0-B483-00C04FD90119} 	
00001161	10:56:53.109	[1176] CFQ: ref: 2AE50C0 req: {332C4427-26CB-11D0-B483-00C04FD90119} 	
00001162	10:56:53.109	[1176] DFQ: ref: 2AD6AB8 req: {332C4427-26CB-11D0-B483-00C04FD90119} 	
00001163	10:56:53.109	[1176] CFQ: ref: 2AE50C0 req: {A6EF9860-C720-11D0-9337-00A0C90DCAA9} 	
00001164	10:56:53.109	[1176] CFQ: ref: 2AE50C0 req: {A6EF9860-C720-11D0-9337-00A0C90DCAA9} 	
00001165	10:56:53.109	[1176] DFQ: ref: 2AD6AB8 req: {A6EF9860-C720-11D0-9337-00A0C90DCAA9} 	
00001166	10:56:53.125	[1176] CFQ: ref: 2AE50C0 req: {332C4427-26CB-11D0-B483-00C04FD90119} 	
00001167	10:56:53.125	[1176] CFQ: ref: 2AE50C0 req: {332C4427-26CB-11D0-B483-00C04FD90119} 	
00001168	10:56:53.125	[1176] DFQ: ref: 2AD6AB8 req: {332C4427-26CB-11D0-B483-00C04FD90119} 	
00001169	10:56:53.125	[1176] CFQ: ref: 2AE50C0 req: {A6EF9860-C720-11D0-9337-00A0C90DCAA9} 	
00001170	10:56:53.125	[1176] CFQ: ref: 2AE50C0 req: {A6EF9860-C720-11D0-9337-00A0C90DCAA9} 	
00001171	10:56:53.125	[1176] DFQ: ref: 2AD6AB8 req: {A6EF9860-C720-11D0-9337-00A0C90DCAA9} 	
00001172	10:56:53.125	[1176] CFQ: ref: 2AE50C0 req: {332C4427-26CB-11D0-B483-00C04FD90119} 	
00001173	10:56:53.125	[1176] CFQ: ref: 2AE50C0 req: {332C4427-26CB-11D0-B483-00C04FD90119} 	
00001174	10:56:53.125	[1176] DFQ: ref: 2AD6AB8 req: {332C4427-26CB-11D0-B483-00C04FD90119} 	
00001175	10:56:53.125	[1176] CFQ: ref: 2AE50C0 req: {A6EF9860-C720-11D0-9337-00A0C90DCAA9} 	
00001176	10:56:53.125	[1176] CFQ: ref: 2AE50C0 req: {A6EF9860-C720-11D0-9337-00A0C90DCAA9} 	
00001177	10:56:53.125	[1176] DFQ: ref: 2AD6AB8 req: {A6EF9860-C720-11D0-9337-00A0C90DCAA9} 	
00001178	10:56:53.141	[1176] CFQ: ref: 2AE50C0 req: {332C4427-26CB-11D0-B483-00C04FD90119} 	
00001179	10:56:53.141	[1176] CFQ: ref: 2AE50C0 req: {332C4427-26CB-11D0-B483-00C04FD90119} 	
00001180	10:56:53.141	[1176] DFQ: ref: 2AD6AB8 req: {332C4427-26CB-11D0-B483-00C04FD90119} 	
00001181	10:56:53.141	[1176] CFQ: ref: 2AE50C0 req: {A6EF9860-C720-11D0-9337-00A0C90DCAA9} 	
00001182	10:56:53.141	[1176] CFQ: ref: 2AE50C0 req: {A6EF9860-C720-11D0-9337-00A0C90DCAA9} 	
00001183	10:56:53.141	[1176] DFQ: ref: 2AD6AB8 req: {A6EF9860-C720-11D0-9337-00A0C90DCAA9} 	
00001184	10:56:53.141	[1176] CFQ: ref: 2AE50C0 req: {332C4427-26CB-11D0-B483-00C04FD90119} 	
00001185	10:56:53.141	[1176] CFQ: ref: 2AE50C0 req: {332C4427-26CB-11D0-B483-00C04FD90119} 	
00001186	10:56:53.141	[1176] DFQ: ref: 2AD6AB8 req: {332C4427-26CB-11D0-B483-00C04FD90119} 	
00001187	10:56:53.141	[1176] CFQ: ref: 2AE50C0 req: {A6EF9860-C720-11D0-9337-00A0C90DCAA9} 	
00001188	10:56:53.141	[1176] CFQ: ref: 2AE50C0 req: {A6EF9860-C720-11D0-9337-00A0C90DCAA9} 	
00001189	10:56:53.141	[1176] DFQ: ref: 2AD6AB8 req: {A6EF9860-C720-11D0-9337-00A0C90DCAA9} 	
00001190	10:56:53.156	[1176] CFQ: ref: 2AE50C0 req: {332C4427-26CB-11D0-B483-00C04FD90119} 	
00001191	10:56:53.156	[1176] CFQ: ref: 2AE50C0 req: {332C4427-26CB-11D0-B483-00C04FD90119} 	
00001192	10:56:53.156	[1176] DFQ: ref: 2AD6AB8 req: {332C4427-26CB-11D0-B483-00C04FD90119} 	
00001193	10:56:53.156	[1176] CFQ: ref: 2AE50C0 req: {A6EF9860-C720-11D0-9337-00A0C90DCAA9} 	
00001194	10:56:53.156	[1176] CFQ: ref: 2AE50C0 req: {A6EF9860-C720-11D0-9337-00A0C90DCAA9} 	
00001195	10:56:53.156	[1176] DFQ: ref: 2AD6AB8 req: {A6EF9860-C720-11D0-9337-00A0C90DCAA9} 	
00001196	10:56:53.156	[1176] CFQ: ref: 2AE50C0 req: {332C4427-26CB-11D0-B483-00C04FD90119} 	
00001197	10:56:53.156	[1176] CFQ: ref: 2AE50C0 req: {332C4427-26CB-11D0-B483-00C04FD90119} 	
00001198	10:56:53.156	[1176] DFQ: ref: 2AD6AB8 req: {332C4427-26CB-11D0-B483-00C04FD90119} 	
00001199	10:56:53.156	[1176] CFQ: ref: 2AE50C0 req: {A6EF9860-C720-11D0-9337-00A0C90DCAA9} 	
00001200	10:56:53.156	[1176] CFQ: ref: 2AE50C0 req: {A6EF9860-C720-11D0-9337-00A0C90DCAA9} 	
00001201	10:56:53.156	[1176] DFQ: ref: 2AD6AB8 req: {A6EF9860-C720-11D0-9337-00A0C90DCAA9} 	
00001202	10:56:53.172	[1176] CFQ: ref: 2AE50C0 req: {332C4427-26CB-11D0-B483-00C04FD90119} 	
00001203	10:56:53.172	[1176] CFQ: ref: 2AE50C0 req: {332C4427-26CB-11D0-B483-00C04FD90119} 	
00001204	10:56:53.172	[1176] DFQ: ref: 2AD6AB8 req: {332C4427-26CB-11D0-B483-00C04FD90119} 	
00001205	10:56:53.172	[1176] CFQ: ref: 2AE50C0 req: {A6EF9860-C720-11D0-9337-00A0C90DCAA9} 	
00001206	10:56:53.172	[1176] CFQ: ref: 2AE50C0 req: {A6EF9860-C720-11D0-9337-00A0C90DCAA9} 	
00001207	10:56:53.172	[1176] DFQ: ref: 2AD6AB8 req: {A6EF9860-C720-11D0-9337-00A0C90DCAA9} 	
00001208	10:56:53.172	[1176] CFQ: ref: 2AE50C0 req: {332C4427-26CB-11D0-B483-00C04FD90119} 	
00001209	10:56:53.172	[1176] CFQ: ref: 2AE50C0 req: {332C4427-26CB-11D0-B483-00C04FD90119} 	
00001210	10:56:53.172	[1176] DFQ: ref: 2AD6AB8 req: {332C4427-26CB-11D0-B483-00C04FD90119} 	
00001211	10:56:53.172	[1176] CFQ: ref: 2AE50C0 req: {A6EF9860-C720-11D0-9337-00A0C90DCAA9} 	
00001212	10:56:53.172	[1176] CFQ: ref: 2AE50C0 req: {A6EF9860-C720-11D0-9337-00A0C90DCAA9} 	
00001213	10:56:53.172	[1176] DFQ: ref: 2AD6AB8 req: {A6EF9860-C720-11D0-9337-00A0C90DCAA9} 	
00001214	10:56:53.187	[1176] CFQ: ref: 2AE50C0 req: {332C4427-26CB-11D0-B483-00C04FD90119} 	
00001215	10:56:53.187	[1176] CFQ: ref: 2AE50C0 req: {332C4427-26CB-11D0-B483-00C04FD90119} 	
00001216	10:56:53.187	[1176] DFQ: ref: 2AD6AB8 req: {332C4427-26CB-11D0-B483-00C04FD90119} 	
00001217	10:56:53.187	[1176] CFQ: ref: 2AE50C0 req: {A6EF9860-C720-11D0-9337-00A0C90DCAA9} 	
00001218	10:56:53.187	[1176] CFQ: ref: 2AE50C0 req: {A6EF9860-C720-11D0-9337-00A0C90DCAA9} 	
00001219	10:56:53.187	[1176] DFQ: ref: 2AD6AB8 req: {A6EF9860-C720-11D0-9337-00A0C90DCAA9} 	
00001220	10:56:53.187	[1176] CFQ: ref: 2AE50C0 req: {332C4427-26CB-11D0-B483-00C04FD90119} 	
00001221	10:56:53.187	[1176] CFQ: ref: 2AE50C0 req: {332C4427-26CB-11D0-B483-00C04FD90119} 	
00001222	10:56:53.187	[1176] DFQ: ref: 2AD6AB8 req: {332C4427-26CB-11D0-B483-00C04FD90119} 	
00001223	10:56:53.187	[1176] CFQ: ref: 2AE50C0 req: {A6EF9860-C720-11D0-9337-00A0C90DCAA9} 	
00001224	10:56:53.187	[1176] CFQ: ref: 2AE50C0 req: {A6EF9860-C720-11D0-9337-00A0C90DCAA9} 	
00001225	10:56:53.187	[1176] DFQ: ref: 2AD6AB8 req: {A6EF9860-C720-11D0-9337-00A0C90DCAA9} 	
00001226	10:56:53.203	[1176] CFQ: ref: 2AE50C0 req: {332C4427-26CB-11D0-B483-00C04FD90119} 	
00001227	10:56:53.203	[1176] CFQ: ref: 2AE50C0 req: {332C4427-26CB-11D0-B483-00C04FD90119} 	
00001228	10:56:53.203	[1176] DFQ: ref: 2AD6AB8 req: {332C4427-26CB-11D0-B483-00C04FD90119} 	
00001229	10:56:53.203	[1176] CFQ: ref: 2AE50C0 req: {A6EF9860-C720-11D0-9337-00A0C90DCAA9} 	
00001230	10:56:53.203	[1176] CFQ: ref: 2AE50C0 req: {A6EF9860-C720-11D0-9337-00A0C90DCAA9} 	
00001231	10:56:53.203	[1176] DFQ: ref: 2AD6AB8 req: {A6EF9860-C720-11D0-9337-00A0C90DCAA9} 	
00001232	10:56:53.203	[1176] CFQ: ref: 2AE50C0 req: {332C4427-26CB-11D0-B483-00C04FD90119} 	
00001233	10:56:53.203	[1176] CFQ: ref: 2AE50C0 req: {332C4427-26CB-11D0-B483-00C04FD90119} 	
00001234	10:56:53.203	[1176] DFQ: ref: 2AD6AB8 req: {332C4427-26CB-11D0-B483-00C04FD90119} 	
00001235	10:56:53.203	[1176] CFQ: ref: 2AE50C0 req: {A6EF9860-C720-11D0-9337-00A0C90DCAA9} 	
00001236	10:56:53.203	[1176] CFQ: ref: 2AE50C0 req: {A6EF9860-C720-11D0-9337-00A0C90DCAA9} 	
00001237	10:56:53.203	[1176] DFQ: ref: 2AD6AB8 req: {A6EF9860-C720-11D0-9337-00A0C90DCAA9} 	
00001238	10:56:53.219	[1176] CFQ: ref: 2AE50C0 req: {332C4427-26CB-11D0-B483-00C04FD90119} 	
00001239	10:56:53.219	[1176] CFQ: ref: 2AE50C0 req: {332C4427-26CB-11D0-B483-00C04FD90119} 	
00001240	10:56:53.219	[1176] DFQ: ref: 2AD6AB8 req: {332C4427-26CB-11D0-B483-00C04FD90119} 	
00001241	10:56:53.219	[1176] CFQ: ref: 2AE50C0 req: {A6EF9860-C720-11D0-9337-00A0C90DCAA9} 	
00001242	10:56:53.219	[1176] CFQ: ref: 2AE50C0 req: {A6EF9860-C720-11D0-9337-00A0C90DCAA9} 	
00001243	10:56:53.219	[1176] DFQ: ref: 2AD6AB8 req: {A6EF9860-C720-11D0-9337-00A0C90DCAA9} 	
00001244	10:56:53.219	[1176] CFQ: ref: 2AE50C0 req: {332C4427-26CB-11D0-B483-00C04FD90119} 	
00001245	10:56:53.219	[1176] CFQ: ref: 2AE50C0 req: {332C4427-26CB-11D0-B483-00C04FD90119} 	
00001246	10:56:53.219	[1176] DFQ: ref: 2AD6AB8 req: {332C4427-26CB-11D0-B483-00C04FD90119} 	
00001247	10:56:53.219	[1176] CFQ: ref: 2AE50C0 req: {A6EF9860-C720-11D0-9337-00A0C90DCAA9} 	
00001248	10:56:53.219	[1176] CFQ: ref: 2AE50C0 req: {A6EF9860-C720-11D0-9337-00A0C90DCAA9} 	
00001249	10:56:53.219	[1176] DFQ: ref: 2AD6AB8 req: {A6EF9860-C720-11D0-9337-00A0C90DCAA9} 	
00001250	10:56:53.234	[1176] CFQ: ref: 2AE50C0 req: {332C4427-26CB-11D0-B483-00C04FD90119} 	
00001251	10:56:53.234	[1176] CFQ: ref: 2AE50C0 req: {332C4427-26CB-11D0-B483-00C04FD90119} 	
00001252	10:56:53.234	[1176] DFQ: ref: 2AD6AB8 req: {332C4427-26CB-11D0-B483-00C04FD90119} 	
00001253	10:56:53.234	[1176] CFQ: ref: 2AE50C0 req: {A6EF9860-C720-11D0-9337-00A0C90DCAA9} 	
00001254	10:56:53.234	[1176] CFQ: ref: 2AE50C0 req: {A6EF9860-C720-11D0-9337-00A0C90DCAA9} 	
00001255	10:56:53.234	[1176] DFQ: ref: 2AD6AB8 req: {A6EF9860-C720-11D0-9337-00A0C90DCAA9} 	
00001256	10:56:53.234	[1176] CFQ: ref: 2AE50C0 req: {332C4427-26CB-11D0-B483-00C04FD90119} 	
00001257	10:56:53.234	[1176] CFQ: ref: 2AE50C0 req: {332C4427-26CB-11D0-B483-00C04FD90119} 	
00001258	10:56:53.234	[1176] DFQ: ref: 2AD6AB8 req: {332C4427-26CB-11D0-B483-00C04FD90119} 	
00001259	10:56:53.234	[1176] CFQ: ref: 2AE50C0 req: {A6EF9860-C720-11D0-9337-00A0C90DCAA9} 	
00001260	10:56:53.234	[1176] CFQ: ref: 2AE50C0 req: {A6EF9860-C720-11D0-9337-00A0C90DCAA9} 	
00001261	10:56:53.234	[1176] DFQ: ref: 2AD6AB8 req: {A6EF9860-C720-11D0-9337-00A0C90DCAA9} 	
00001262	10:56:53.250	[1176] CFQ: ref: 2AE50C0 req: {332C4427-26CB-11D0-B483-00C04FD90119} 	
00001263	10:56:53.250	[1176] CFQ: ref: 2AE50C0 req: {332C4427-26CB-11D0-B483-00C04FD90119} 	
00001264	10:56:53.250	[1176] DFQ: ref: 2AD6AB8 req: {332C4427-26CB-11D0-B483-00C04FD90119} 	
00001265	10:56:53.250	[1176] CFQ: ref: 2AE50C0 req: {A6EF9860-C720-11D0-9337-00A0C90DCAA9} 	
00001266	10:56:53.250	[1176] CFQ: ref: 2AE50C0 req: {A6EF9860-C720-11D0-9337-00A0C90DCAA9} 	
00001267	10:56:53.250	[1176] DFQ: ref: 2AD6AB8 req: {A6EF9860-C720-11D0-9337-00A0C90DCAA9} 	
00001268	10:56:53.250	[1176] CFQ: ref: 2AE50C0 req: {332C4427-26CB-11D0-B483-00C04FD90119} 	
00001269	10:56:53.250	[1176] CFQ: ref: 2AE50C0 req: {332C4427-26CB-11D0-B483-00C04FD90119} 	
00001270	10:56:53.250	[1176] DFQ: ref: 2AD6AB8 req: {332C4427-26CB-11D0-B483-00C04FD90119} 	
00001271	10:56:53.250	[1176] CFQ: ref: 2AE50C0 req: {A6EF9860-C720-11D0-9337-00A0C90DCAA9} 	
00001272	10:56:53.250	[1176] CFQ: ref: 2AE50C0 req: {A6EF9860-C720-11D0-9337-00A0C90DCAA9} 	
00001273	10:56:53.250	[1176] DFQ: ref: 2AD6AB8 req: {A6EF9860-C720-11D0-9337-00A0C90DCAA9} 	
00001274	10:56:53.266	[1176] CFQ: ref: 2AE50C0 req: {332C4427-26CB-11D0-B483-00C04FD90119} 	
00001275	10:56:53.266	[1176] CFQ: ref: 2AE50C0 req: {332C4427-26CB-11D0-B483-00C04FD90119} 	
00001276	10:56:53.266	[1176] DFQ: ref: 2AD6AB8 req: {332C4427-26CB-11D0-B483-00C04FD90119} 	
00001277	10:56:53.266	[1176] CFQ: ref: 2AE50C0 req: {A6EF9860-C720-11D0-9337-00A0C90DCAA9} 	
00001278	10:56:53.266	[1176] CFQ: ref: 2AE50C0 req: {A6EF9860-C720-11D0-9337-00A0C90DCAA9} 	
00001279	10:56:53.266	[1176] DFQ: ref: 2AD6AB8 req: {A6EF9860-C720-11D0-9337-00A0C90DCAA9} 	
00001280	10:56:53.266	[1176] CFQ: ref: 2AE50C0 req: {332C4427-26CB-11D0-B483-00C04FD90119} 	
00001281	10:56:53.266	[1176] CFQ: ref: 2AE50C0 req: {332C4427-26CB-11D0-B483-00C04FD90119} 	
00001282	10:56:53.266	[1176] DFQ: ref: 2AD6AB8 req: {332C4427-26CB-11D0-B483-00C04FD90119} 	
00001283	10:56:53.266	[1176] CFQ: ref: 2AE50C0 req: {A6EF9860-C720-11D0-9337-00A0C90DCAA9} 	
00001284	10:56:53.266	[1176] CFQ: ref: 2AE50C0 req: {A6EF9860-C720-11D0-9337-00A0C90DCAA9} 	
00001285	10:56:53.266	[1176] DFQ: ref: 2AD6AB8 req: {A6EF9860-C720-11D0-9337-00A0C90DCAA9} 	
00001286	10:56:53.281	[1176] CFQ: ref: 2AE50C0 req: {332C4427-26CB-11D0-B483-00C04FD90119} 	
00001287	10:56:53.281	[1176] CFQ: ref: 2AE50C0 req: {332C4427-26CB-11D0-B483-00C04FD90119} 	
00001288	10:56:53.281	[1176] DFQ: ref: 2AD6AB8 req: {332C4427-26CB-11D0-B483-00C04FD90119} 	
00001289	10:56:53.281	[1176] CFQ: ref: 2AE50C0 req: {A6EF9860-C720-11D0-9337-00A0C90DCAA9} 	
00001290	10:56:53.281	[1176] CFQ: ref: 2AE50C0 req: {A6EF9860-C720-11D0-9337-00A0C90DCAA9} 	
00001291	10:56:53.281	[1176] DFQ: ref: 2AD6AB8 req: {A6EF9860-C720-11D0-9337-00A0C90DCAA9} 	
00001292	10:56:53.281	[1176] CFQ: ref: 2AE50C0 req: {332C4427-26CB-11D0-B483-00C04FD90119} 	
00001293	10:56:53.281	[1176] CFQ: ref: 2AE50C0 req: {332C4427-26CB-11D0-B483-00C04FD90119} 	
00001294	10:56:53.281	[1176] DFQ: ref: 2AD6AB8 req: {332C4427-26CB-11D0-B483-00C04FD90119} 	
00001295	10:56:53.281	[1176] CFQ: ref: 2AE50C0 req: {A6EF9860-C720-11D0-9337-00A0C90DCAA9} 	
00001296	10:56:53.281	[1176] CFQ: ref: 2AE50C0 req: {A6EF9860-C720-11D0-9337-00A0C90DCAA9} 	
00001297	10:56:53.281	[1176] DFQ: ref: 2AD6AB8 req: {A6EF9860-C720-11D0-9337-00A0C90DCAA9} 	
00001298	10:56:53.297	[1176] CFQ: ref: 2AE50C0 req: {332C4427-26CB-11D0-B483-00C04FD90119} 	
00001299	10:56:53.297	[1176] CFQ: ref: 2AE50C0 req: {332C4427-26CB-11D0-B483-00C04FD90119} 	
00001300	10:56:53.297	[1176] DFQ: ref: 2AD6AB8 req: {332C4427-26CB-11D0-B483-00C04FD90119} 	
00001301	10:56:53.297	[1176] CFQ: ref: 2AE50C0 req: {A6EF9860-C720-11D0-9337-00A0C90DCAA9} 	
00001302	10:56:53.297	[1176] CFQ: ref: 2AE50C0 req: {A6EF9860-C720-11D0-9337-00A0C90DCAA9} 	
00001303	10:56:53.297	[1176] DFQ: ref: 2AD6AB8 req: {A6EF9860-C720-11D0-9337-00A0C90DCAA9} 	
00001304	10:56:53.297	[1176] CFQ: ref: 2AE50C0 req: {332C4427-26CB-11D0-B483-00C04FD90119} 	
00001305	10:56:53.297	[1176] CFQ: ref: 2AE50C0 req: {332C4427-26CB-11D0-B483-00C04FD90119} 	
00001306	10:56:53.297	[1176] DFQ: ref: 2AD6AB8 req: {332C4427-26CB-11D0-B483-00C04FD90119} 	
00001307	10:56:53.297	[1176] CFQ: ref: 2AE50C0 req: {A6EF9860-C720-11D0-9337-00A0C90DCAA9} 	
00001308	10:56:53.297	[1176] CFQ: ref: 2AE50C0 req: {A6EF9860-C720-11D0-9337-00A0C90DCAA9} 	
00001309	10:56:53.297	[1176] DFQ: ref: 2AD6AB8 req: {A6EF9860-C720-11D0-9337-00A0C90DCAA9} 	
00001310	10:56:53.312	[1176] CFQ: ref: 2AE50C0 req: {332C4427-26CB-11D0-B483-00C04FD90119} 	
00001311	10:56:53.312	[1176] CFQ: ref: 2AE50C0 req: {332C4427-26CB-11D0-B483-00C04FD90119} 	
00001312	10:56:53.312	[1176] DFQ: ref: 2AD6AB8 req: {332C4427-26CB-11D0-B483-00C04FD90119} 	
00001313	10:56:53.312	[1176] CFQ: ref: 2AE50C0 req: {A6EF9860-C720-11D0-9337-00A0C90DCAA9} 	
00001314	10:56:53.312	[1176] CFQ: ref: 2AE50C0 req: {A6EF9860-C720-11D0-9337-00A0C90DCAA9} 	
00001315	10:56:53.312	[1176] DFQ: ref: 2AD6AB8 req: {A6EF9860-C720-11D0-9337-00A0C90DCAA9} 	
00001316	10:56:53.312	[1176] CFQ: ref: 2AE50C0 req: {332C4427-26CB-11D0-B483-00C04FD90119} 	
00001317	10:56:53.312	[1176] CFQ: ref: 2AE50C0 req: {332C4427-26CB-11D0-B483-00C04FD90119} 	
00001318	10:56:53.312	[1176] DFQ: ref: 2AD6AB8 req: {332C4427-26CB-11D0-B483-00C04FD90119} 	
00001319	10:56:53.312	[1176] CFQ: ref: 2AE50C0 req: {A6EF9860-C720-11D0-9337-00A0C90DCAA9} 	
00001320	10:56:53.312	[1176] CFQ: ref: 2AE50C0 req: {A6EF9860-C720-11D0-9337-00A0C90DCAA9} 	
00001321	10:56:53.312	[1176] DFQ: ref: 2AD6AB8 req: {A6EF9860-C720-11D0-9337-00A0C90DCAA9} 	
00001322	10:56:53.328	[1176] CFQ: ref: 2AE50C0 req: {332C4427-26CB-11D0-B483-00C04FD90119} 	
00001323	10:56:53.328	[1176] CFQ: ref: 2AE50C0 req: {332C4427-26CB-11D0-B483-00C04FD90119} 	
00001324	10:56:53.328	[1176] DFQ: ref: 2AD6AB8 req: {332C4427-26CB-11D0-B483-00C04FD90119} 	
00001325	10:56:53.328	[1176] CFQ: ref: 2AE50C0 req: {A6EF9860-C720-11D0-9337-00A0C90DCAA9} 	
00001326	10:56:53.328	[1176] CFQ: ref: 2AE50C0 req: {A6EF9860-C720-11D0-9337-00A0C90DCAA9} 	
00001327	10:56:53.328	[1176] DFQ: ref: 2AD6AB8 req: {A6EF9860-C720-11D0-9337-00A0C90DCAA9} 	
00001328	10:56:53.328	[1176] CFQ: ref: 2AE50C0 req: {332C4427-26CB-11D0-B483-00C04FD90119} 	
00001329	10:56:53.328	[1176] CFQ: ref: 2AE50C0 req: {332C4427-26CB-11D0-B483-00C04FD90119} 	
00001330	10:56:53.328	[1176] DFQ: ref: 2AD6AB8 req: {332C4427-26CB-11D0-B483-00C04FD90119} 	
00001331	10:56:53.328	[1176] CFQ: ref: 2AE50C0 req: {A6EF9860-C720-11D0-9337-00A0C90DCAA9} 	
00001332	10:56:53.328	[1176] CFQ: ref: 2AE50C0 req: {A6EF9860-C720-11D0-9337-00A0C90DCAA9} 	
00001333	10:56:53.328	[1176] DFQ: ref: 2AD6AB8 req: {A6EF9860-C720-11D0-9337-00A0C90DCAA9} 	
00001334	10:56:53.344	[1176] CFQ: ref: 2AE50C0 req: {332C4427-26CB-11D0-B483-00C04FD90119} 	
00001335	10:56:53.344	[1176] CFQ: ref: 2AE50C0 req: {332C4427-26CB-11D0-B483-00C04FD90119} 	
00001336	10:56:53.344	[1176] DFQ: ref: 2AD6AB8 req: {332C4427-26CB-11D0-B483-00C04FD90119} 	
00001337	10:56:53.344	[1176] CFQ: ref: 2AE50C0 req: {A6EF9860-C720-11D0-9337-00A0C90DCAA9} 	
00001338	10:56:53.344	[1176] CFQ: ref: 2AE50C0 req: {A6EF9860-C720-11D0-9337-00A0C90DCAA9} 	
00001339	10:56:53.344	[1176] DFQ: ref: 2AD6AB8 req: {A6EF9860-C720-11D0-9337-00A0C90DCAA9} 	
00001340	10:56:53.344	[1176] CFQ: ref: 2AE50C0 req: {332C4427-26CB-11D0-B483-00C04FD90119} 	
00001341	10:56:53.344	[1176] CFQ: ref: 2AE50C0 req: {332C4427-26CB-11D0-B483-00C04FD90119} 	
00001342	10:56:53.344	[1176] DFQ: ref: 2AD6AB8 req: {332C4427-26CB-11D0-B483-00C04FD90119} 	
00001343	10:56:53.344	[1176] CFQ: ref: 2AE50C0 req: {A6EF9860-C720-11D0-9337-00A0C90DCAA9} 	
00001344	10:56:53.344	[1176] CFQ: ref: 2AE50C0 req: {A6EF9860-C720-11D0-9337-00A0C90DCAA9} 	
00001345	10:56:53.344	[1176] DFQ: ref: 2AD6AB8 req: {A6EF9860-C720-11D0-9337-00A0C90DCAA9} 	
00001346	10:56:53.359	[1176] CFQ: ref: 2AE50C0 req: {332C4427-26CB-11D0-B483-00C04FD90119} 	
00001347	10:56:53.359	[1176] CFQ: ref: 2AE50C0 req: {332C4427-26CB-11D0-B483-00C04FD90119} 	
00001348	10:56:53.359	[1176] DFQ: ref: 2AD6AB8 req: {332C4427-26CB-11D0-B483-00C04FD90119} 	
00001349	10:56:53.359	[1176] CFQ: ref: 2AE50C0 req: {A6EF9860-C720-11D0-9337-00A0C90DCAA9} 	
00001350	10:56:53.359	[1176] CFQ: ref: 2AE50C0 req: {A6EF9860-C720-11D0-9337-00A0C90DCAA9} 	
00001351	10:56:53.359	[1176] DFQ: ref: 2AD6AB8 req: {A6EF9860-C720-11D0-9337-00A0C90DCAA9} 	
00001352	10:56:53.359	[1176] CFQ: ref: 2AE50C0 req: {332C4427-26CB-11D0-B483-00C04FD90119} 	
00001353	10:56:53.359	[1176] CFQ: ref: 2AE50C0 req: {332C4427-26CB-11D0-B483-00C04FD90119} 	
00001354	10:56:53.359	[1176] DFQ: ref: 2AD6AB8 req: {332C4427-26CB-11D0-B483-00C04FD90119} 	
00001355	10:56:53.359	[1176] CFQ: ref: 2AE50C0 req: {A6EF9860-C720-11D0-9337-00A0C90DCAA9} 	
00001356	10:56:53.359	[1176] CFQ: ref: 2AE50C0 req: {A6EF9860-C720-11D0-9337-00A0C90DCAA9} 	
00001357	10:56:53.359	[1176] DFQ: ref: 2AD6AB8 req: {A6EF9860-C720-11D0-9337-00A0C90DCAA9} 	
00001358	10:56:53.375	[1176] CFQ: ref: 2AE50C0 req: {332C4427-26CB-11D0-B483-00C04FD90119} 	
00001359	10:56:53.375	[1176] CFQ: ref: 2AE50C0 req: {332C4427-26CB-11D0-B483-00C04FD90119} 	
00001360	10:56:53.375	[1176] DFQ: ref: 2AD6AB8 req: {332C4427-26CB-11D0-B483-00C04FD90119} 	
00001361	10:56:53.375	[1176] CFQ: ref: 2AE50C0 req: {A6EF9860-C720-11D0-9337-00A0C90DCAA9} 	
00001362	10:56:53.375	[1176] CFQ: ref: 2AE50C0 req: {A6EF9860-C720-11D0-9337-00A0C90DCAA9} 	
00001363	10:56:53.375	[1176] DFQ: ref: 2AD6AB8 req: {A6EF9860-C720-11D0-9337-00A0C90DCAA9} 	
00001364	10:56:53.375	[1176] CFQ: ref: 2AE50C0 req: {332C4427-26CB-11D0-B483-00C04FD90119} 	
00001365	10:56:53.375	[1176] CFQ: ref: 2AE50C0 req: {332C4427-26CB-11D0-B483-00C04FD90119} 	
00001366	10:56:53.375	[1176] DFQ: ref: 2AD6AB8 req: {332C4427-26CB-11D0-B483-00C04FD90119} 	
00001367	10:56:53.375	[1176] CFQ: ref: 2AE50C0 req: {A6EF9860-C720-11D0-9337-00A0C90DCAA9} 	
00001368	10:56:53.375	[1176] CFQ: ref: 2AE50C0 req: {A6EF9860-C720-11D0-9337-00A0C90DCAA9} 	
00001369	10:56:53.375	[1176] DFQ: ref: 2AD6AB8 req: {A6EF9860-C720-11D0-9337-00A0C90DCAA9} 	
00001370	10:56:53.391	[1176] CFQ: ref: 2AE50C0 req: {332C4427-26CB-11D0-B483-00C04FD90119} 	
00001371	10:56:53.391	[1176] CFQ: ref: 2AE50C0 req: {332C4427-26CB-11D0-B483-00C04FD90119} 	
00001372	10:56:53.391	[1176] DFQ: ref: 2AD6AB8 req: {332C4427-26CB-11D0-B483-00C04FD90119} 	
00001373	10:56:53.391	[1176] CFQ: ref: 2AE50C0 req: {A6EF9860-C720-11D0-9337-00A0C90DCAA9} 	
00001374	10:56:53.391	[1176] CFQ: ref: 2AE50C0 req: {A6EF9860-C720-11D0-9337-00A0C90DCAA9} 	
00001375	10:56:53.391	[1176] DFQ: ref: 2AD6AB8 req: {A6EF9860-C720-11D0-9337-00A0C90DCAA9} 	
00001376	10:56:53.391	[1176] CFQ: ref: 2AE50C0 req: {332C4427-26CB-11D0-B483-00C04FD90119} 	
00001377	10:56:53.391	[1176] CFQ: ref: 2AE50C0 req: {332C4427-26CB-11D0-B483-00C04FD90119} 	
00001378	10:56:53.391	[1176] DFQ: ref: 2AD6AB8 req: {332C4427-26CB-11D0-B483-00C04FD90119} 	
00001379	10:56:53.391	[1176] CFQ: ref: 2AE50C0 req: {A6EF9860-C720-11D0-9337-00A0C90DCAA9} 	
00001380	10:56:53.391	[1176] CFQ: ref: 2AE50C0 req: {A6EF9860-C720-11D0-9337-00A0C90DCAA9} 	
00001381	10:56:53.391	[1176] DFQ: ref: 2AD6AB8 req: {A6EF9860-C720-11D0-9337-00A0C90DCAA9} 	
00001382	10:56:53.406	[1176] CFQ: ref: 2AE50C0 req: {332C4427-26CB-11D0-B483-00C04FD90119} 	
00001383	10:56:53.406	[1176] CFQ: ref: 2AE50C0 req: {332C4427-26CB-11D0-B483-00C04FD90119} 	
00001384	10:56:53.406	[1176] DFQ: ref: 2AD6AB8 req: {332C4427-26CB-11D0-B483-00C04FD90119} 	
00001385	10:56:53.406	[1176] CFQ: ref: 2AE50C0 req: {A6EF9860-C720-11D0-9337-00A0C90DCAA9} 	
00001386	10:56:53.406	[1176] CFQ: ref: 2AE50C0 req: {A6EF9860-C720-11D0-9337-00A0C90DCAA9} 	
00001387	10:56:53.406	[1176] DFQ: ref: 2AD6AB8 req: {A6EF9860-C720-11D0-9337-00A0C90DCAA9} 	
00001388	10:56:53.406	[1176] CFQ: ref: 2AE50C0 req: {332C4427-26CB-11D0-B483-00C04FD90119} 	
00001389	10:56:53.406	[1176] CFQ: ref: 2AE50C0 req: {332C4427-26CB-11D0-B483-00C04FD90119} 	
00001390	10:56:53.406	[1176] DFQ: ref: 2AD6AB8 req: {332C4427-26CB-11D0-B483-00C04FD90119} 	
00001391	10:56:53.406	[1176] CFQ: ref: 2AE50C0 req: {A6EF9860-C720-11D0-9337-00A0C90DCAA9} 	
00001392	10:56:53.406	[1176] CFQ: ref: 2AE50C0 req: {A6EF9860-C720-11D0-9337-00A0C90DCAA9} 	
00001393	10:56:53.406	[1176] DFQ: ref: 2AD6AB8 req: {A6EF9860-C720-11D0-9337-00A0C90DCAA9} 	
00001394	10:56:53.422	[1176] CFQ: ref: 2AE50C0 req: {332C4427-26CB-11D0-B483-00C04FD90119} 	
00001395	10:56:53.422	[1176] CFQ: ref: 2AE50C0 req: {332C4427-26CB-11D0-B483-00C04FD90119} 	
00001396	10:56:53.422	[1176] DFQ: ref: 2AD6AB8 req: {332C4427-26CB-11D0-B483-00C04FD90119} 	
00001397	10:56:53.422	[1176] CFQ: ref: 2AE50C0 req: {A6EF9860-C720-11D0-9337-00A0C90DCAA9} 	
00001398	10:56:53.422	[1176] CFQ: ref: 2AE50C0 req: {A6EF9860-C720-11D0-9337-00A0C90DCAA9} 	
00001399	10:56:53.422	[1176] DFQ: ref: 2AD6AB8 req: {A6EF9860-C720-11D0-9337-00A0C90DCAA9} 	
00001400	10:56:53.422	[1176] CFQ: ref: 2AE50C0 req: {332C4427-26CB-11D0-B483-00C04FD90119} 	
00001401	10:56:53.422	[1176] CFQ: ref: 2AE50C0 req: {332C4427-26CB-11D0-B483-00C04FD90119} 	
00001402	10:56:53.422	[1176] DFQ: ref: 2AD6AB8 req: {332C4427-26CB-11D0-B483-00C04FD90119} 	
00001403	10:56:53.422	[1176] CFQ: ref: 2AE50C0 req: {A6EF9860-C720-11D0-9337-00A0C90DCAA9} 	
00001404	10:56:53.422	[1176] CFQ: ref: 2AE50C0 req: {A6EF9860-C720-11D0-9337-00A0C90DCAA9} 	
00001405	10:56:53.422	[1176] DFQ: ref: 2AD6AB8 req: {A6EF9860-C720-11D0-9337-00A0C90DCAA9} 	
00001406	10:56:53.437	[1176] CFQ: ref: 2AE50C0 req: {332C4427-26CB-11D0-B483-00C04FD90119} 	
00001407	10:56:53.437	[1176] CFQ: ref: 2AE50C0 req: {332C4427-26CB-11D0-B483-00C04FD90119} 	
00001408	10:56:53.437	[1176] DFQ: ref: 2AD6AB8 req: {332C4427-26CB-11D0-B483-00C04FD90119} 	
00001409	10:56:53.437	[1176] CFQ: ref: 2AE50C0 req: {A6EF9860-C720-11D0-9337-00A0C90DCAA9} 	
00001410	10:56:53.437	[1176] CFQ: ref: 2AE50C0 req: {A6EF9860-C720-11D0-9337-00A0C90DCAA9} 	
00001411	10:56:53.437	[1176] DFQ: ref: 2AD6AB8 req: {A6EF9860-C720-11D0-9337-00A0C90DCAA9} 	
00001412	10:56:53.437	[1176] CFQ: ref: 2AE50C0 req: {332C4427-26CB-11D0-B483-00C04FD90119} 	
00001413	10:56:53.437	[1176] CFQ: ref: 2AE50C0 req: {332C4427-26CB-11D0-B483-00C04FD90119} 	
00001414	10:56:53.437	[1176] DFQ: ref: 2AD6AB8 req: {332C4427-26CB-11D0-B483-00C04FD90119} 	
00001415	10:56:53.437	[1176] CFQ: ref: 2AE50C0 req: {A6EF9860-C720-11D0-9337-00A0C90DCAA9} 	
00001416	10:56:53.437	[1176] CFQ: ref: 2AE50C0 req: {A6EF9860-C720-11D0-9337-00A0C90DCAA9} 	
00001417	10:56:53.437	[1176] DFQ: ref: 2AD6AB8 req: {A6EF9860-C720-11D0-9337-00A0C90DCAA9} 	
00001418	10:56:53.453	[1176] CFQ: ref: 2AE50C0 req: {332C4427-26CB-11D0-B483-00C04FD90119} 	
00001419	10:56:53.453	[1176] CFQ: ref: 2AE50C0 req: {332C4427-26CB-11D0-B483-00C04FD90119} 	
00001420	10:56:53.453	[1176] DFQ: ref: 2AD6AB8 req: {332C4427-26CB-11D0-B483-00C04FD90119} 	
00001421	10:56:53.453	[1176] CFQ: ref: 2AE50C0 req: {A6EF9860-C720-11D0-9337-00A0C90DCAA9} 	
00001422	10:56:53.453	[1176] CFQ: ref: 2AE50C0 req: {A6EF9860-C720-11D0-9337-00A0C90DCAA9} 	
00001423	10:56:53.453	[1176] DFQ: ref: 2AD6AB8 req: {A6EF9860-C720-11D0-9337-00A0C90DCAA9} 	
00001424	10:56:53.453	[1176] CFQ: ref: 2AE50C0 req: {332C4427-26CB-11D0-B483-00C04FD90119} 	
00001425	10:56:53.453	[1176] CFQ: ref: 2AE50C0 req: {332C4427-26CB-11D0-B483-00C04FD90119} 	
00001426	10:56:53.453	[1176] DFQ: ref: 2AD6AB8 req: {332C4427-26CB-11D0-B483-00C04FD90119} 	
00001427	10:56:53.453	[1176] CFQ: ref: 2AE50C0 req: {A6EF9860-C720-11D0-9337-00A0C90DCAA9} 	
00001428	10:56:53.453	[1176] CFQ: ref: 2AE50C0 req: {A6EF9860-C720-11D0-9337-00A0C90DCAA9} 	
00001429	10:56:53.453	[1176] DFQ: ref: 2AD6AB8 req: {A6EF9860-C720-11D0-9337-00A0C90DCAA9} 	
00001430	10:56:53.469	[1176] CFQ: ref: 2AE50C0 req: {332C4427-26CB-11D0-B483-00C04FD90119} 	
00001431	10:56:53.469	[1176] CFQ: ref: 2AE50C0 req: {332C4427-26CB-11D0-B483-00C04FD90119} 	
00001432	10:56:53.469	[1176] DFQ: ref: 2AD6AB8 req: {332C4427-26CB-11D0-B483-00C04FD90119} 	
00001433	10:56:53.469	[1176] CFQ: ref: 2AE50C0 req: {A6EF9860-C720-11D0-9337-00A0C90DCAA9} 	
00001434	10:56:53.469	[1176] CFQ: ref: 2AE50C0 req: {A6EF9860-C720-11D0-9337-00A0C90DCAA9} 	
00001435	10:56:53.469	[1176] DFQ: ref: 2AD6AB8 req: {A6EF9860-C720-11D0-9337-00A0C90DCAA9} 	
00001436	10:56:53.469	[1176] CFQ: ref: 2AE50C0 req: {332C4427-26CB-11D0-B483-00C04FD90119} 	
00001437	10:56:53.469	[1176] CFQ: ref: 2AE50C0 req: {332C4427-26CB-11D0-B483-00C04FD90119} 	
00001438	10:56:53.469	[1176] DFQ: ref: 2AD6AB8 req: {332C4427-26CB-11D0-B483-00C04FD90119} 	
00001439	10:56:53.469	[1176] CFQ: ref: 2AE50C0 req: {A6EF9860-C720-11D0-9337-00A0C90DCAA9} 	
00001440	10:56:53.469	[1176] CFQ: ref: 2AE50C0 req: {A6EF9860-C720-11D0-9337-00A0C90DCAA9} 	
00001441	10:56:53.469	[1176] DFQ: ref: 2AD6AB8 req: {A6EF9860-C720-11D0-9337-00A0C90DCAA9} 	
00001442	10:56:53.484	[1176] CFQ: ref: 2AE50C0 req: {332C4427-26CB-11D0-B483-00C04FD90119} 	
00001443	10:56:53.484	[1176] CFQ: ref: 2AE50C0 req: {332C4427-26CB-11D0-B483-00C04FD90119} 	
00001444	10:56:53.484	[1176] DFQ: ref: 2AD6AB8 req: {332C4427-26CB-11D0-B483-00C04FD90119} 	
00001445	10:56:53.484	[1176] CFQ: ref: 2AE50C0 req: {A6EF9860-C720-11D0-9337-00A0C90DCAA9} 	
00001446	10:56:53.484	[1176] CFQ: ref: 2AE50C0 req: {A6EF9860-C720-11D0-9337-00A0C90DCAA9} 	
00001447	10:56:53.484	[1176] DFQ: ref: 2AD6AB8 req: {A6EF9860-C720-11D0-9337-00A0C90DCAA9} 	
00001448	10:56:53.484	[1176] CFQ: ref: 2AE50C0 req: {332C4427-26CB-11D0-B483-00C04FD90119} 	
00001449	10:56:53.484	[1176] CFQ: ref: 2AE50C0 req: {332C4427-26CB-11D0-B483-00C04FD90119} 	
00001450	10:56:53.484	[1176] DFQ: ref: 2AD6AB8 req: {332C4427-26CB-11D0-B483-00C04FD90119} 	
00001451	10:56:53.484	[1176] CFQ: ref: 2AE50C0 req: {A6EF9860-C720-11D0-9337-00A0C90DCAA9} 	
00001452	10:56:53.484	[1176] CFQ: ref: 2AE50C0 req: {A6EF9860-C720-11D0-9337-00A0C90DCAA9} 	
00001453	10:56:53.484	[1176] DFQ: ref: 2AD6AB8 req: {A6EF9860-C720-11D0-9337-00A0C90DCAA9} 	
00001454	10:56:53.500	[1176] CFQ: ref: 2AE50C0 req: {332C4427-26CB-11D0-B483-00C04FD90119} 	
00001455	10:56:53.500	[1176] CFQ: ref: 2AE50C0 req: {332C4427-26CB-11D0-B483-00C04FD90119} 	
00001456	10:56:53.500	[1176] DFQ: ref: 2AD6AB8 req: {332C4427-26CB-11D0-B483-00C04FD90119} 	
00001457	10:56:53.500	[1176] CFQ: ref: 2AE50C0 req: {A6EF9860-C720-11D0-9337-00A0C90DCAA9} 	
00001458	10:56:53.500	[1176] CFQ: ref: 2AE50C0 req: {A6EF9860-C720-11D0-9337-00A0C90DCAA9} 	
00001459	10:56:53.500	[1176] DFQ: ref: 2AD6AB8 req: {A6EF9860-C720-11D0-9337-00A0C90DCAA9} 	
00001460	10:56:53.500	[1176] CFQ: ref: 2AE50C0 req: {332C4427-26CB-11D0-B483-00C04FD90119} 	
00001461	10:56:53.500	[1176] CFQ: ref: 2AE50C0 req: {332C4427-26CB-11D0-B483-00C04FD90119} 	
00001462	10:56:53.500	[1176] DFQ: ref: 2AD6AB8 req: {332C4427-26CB-11D0-B483-00C04FD90119} 	
00001463	10:56:53.500	[1176] CFQ: ref: 2AE50C0 req: {A6EF9860-C720-11D0-9337-00A0C90DCAA9} 	
00001464	10:56:53.500	[1176] CFQ: ref: 2AE50C0 req: {A6EF9860-C720-11D0-9337-00A0C90DCAA9} 	
00001465	10:56:53.500	[1176] DFQ: ref: 2AD6AB8 req: {A6EF9860-C720-11D0-9337-00A0C90DCAA9} 	
00001466	10:56:53.516	[1176] CFQ: ref: 2AE50C0 req: {332C4427-26CB-11D0-B483-00C04FD90119} 	
00001467	10:56:53.516	[1176] CFQ: ref: 2AE50C0 req: {332C4427-26CB-11D0-B483-00C04FD90119} 	
00001468	10:56:53.516	[1176] DFQ: ref: 2AD6AB8 req: {332C4427-26CB-11D0-B483-00C04FD90119} 	
00001469	10:56:53.516	[1176] CFQ: ref: 2AE50C0 req: {A6EF9860-C720-11D0-9337-00A0C90DCAA9} 	
00001470	10:56:53.516	[1176] CFQ: ref: 2AE50C0 req: {A6EF9860-C720-11D0-9337-00A0C90DCAA9} 	
00001471	10:56:53.516	[1176] DFQ: ref: 2AD6AB8 req: {A6EF9860-C720-11D0-9337-00A0C90DCAA9} 	
00001472	10:56:53.516	[1176] CFQ: ref: 2AE50C0 req: {332C4427-26CB-11D0-B483-00C04FD90119} 	
00001473	10:56:53.516	[1176] CFQ: ref: 2AE50C0 req: {332C4427-26CB-11D0-B483-00C04FD90119} 	
00001474	10:56:53.516	[1176] DFQ: ref: 2AD6AB8 req: {332C4427-26CB-11D0-B483-00C04FD90119} 	
00001475	10:56:53.516	[1176] CFQ: ref: 2AE50C0 req: {A6EF9860-C720-11D0-9337-00A0C90DCAA9} 	
00001476	10:56:53.516	[1176] CFQ: ref: 2AE50C0 req: {A6EF9860-C720-11D0-9337-00A0C90DCAA9} 	
00001477	10:56:53.516	[1176] DFQ: ref: 2AD6AB8 req: {A6EF9860-C720-11D0-9337-00A0C90DCAA9} 	
00001478	10:56:53.531	[1176] CFQ: ref: 2AE50C0 req: {332C4427-26CB-11D0-B483-00C04FD90119} 	
00001479	10:56:53.531	[1176] CFQ: ref: 2AE50C0 req: {332C4427-26CB-11D0-B483-00C04FD90119} 	
00001480	10:56:53.531	[1176] DFQ: ref: 2AD6AB8 req: {332C4427-26CB-11D0-B483-00C04FD90119} 	
00001481	10:56:53.531	[1176] CFQ: ref: 2AE50C0 req: {A6EF9860-C720-11D0-9337-00A0C90DCAA9} 	
00001482	10:56:53.531	[1176] CFQ: ref: 2AE50C0 req: {A6EF9860-C720-11D0-9337-00A0C90DCAA9} 	
00001483	10:56:53.531	[1176] DFQ: ref: 2AD6AB8 req: {A6EF9860-C720-11D0-9337-00A0C90DCAA9} 	
00001484	10:56:53.531	[1176] CFQ: ref: 2AE50C0 req: {332C4427-26CB-11D0-B483-00C04FD90119} 	
00001485	10:56:53.531	[1176] CFQ: ref: 2AE50C0 req: {332C4427-26CB-11D0-B483-00C04FD90119} 	
00001486	10:56:53.531	[1176] DFQ: ref: 2AD6AB8 req: {332C4427-26CB-11D0-B483-00C04FD90119} 	
00001487	10:56:53.531	[1176] CFQ: ref: 2AE50C0 req: {A6EF9860-C720-11D0-9337-00A0C90DCAA9} 	
00001488	10:56:53.531	[1176] CFQ: ref: 2AE50C0 req: {A6EF9860-C720-11D0-9337-00A0C90DCAA9} 	
00001489	10:56:53.531	[1176] DFQ: ref: 2AD6AB8 req: {A6EF9860-C720-11D0-9337-00A0C90DCAA9} 	
00001490	10:56:53.547	[1176] CFQ: ref: 2AE50C0 req: {332C4427-26CB-11D0-B483-00C04FD90119} 	
00001491	10:56:53.547	[1176] CFQ: ref: 2AE50C0 req: {332C4427-26CB-11D0-B483-00C04FD90119} 	
00001492	10:56:53.547	[1176] DFQ: ref: 2AD6AB8 req: {332C4427-26CB-11D0-B483-00C04FD90119} 	
00001493	10:56:53.547	[1176] CFQ: ref: 2AE50C0 req: {A6EF9860-C720-11D0-9337-00A0C90DCAA9} 	
00001494	10:56:53.547	[1176] CFQ: ref: 2AE50C0 req: {A6EF9860-C720-11D0-9337-00A0C90DCAA9} 	
00001495	10:56:53.547	[1176] DFQ: ref: 2AD6AB8 req: {A6EF9860-C720-11D0-9337-00A0C90DCAA9} 	
00001496	10:56:53.547	[1176] CFQ: ref: 2AE50C0 req: {332C4427-26CB-11D0-B483-00C04FD90119} 	
00001497	10:56:53.547	[1176] CFQ: ref: 2AE50C0 req: {332C4427-26CB-11D0-B483-00C04FD90119} 	
00001498	10:56:53.547	[1176] DFQ: ref: 2AD6AB8 req: {332C4427-26CB-11D0-B483-00C04FD90119} 	
00001499	10:56:53.547	[1176] CFQ: ref: 2AE50C0 req: {A6EF9860-C720-11D0-9337-00A0C90DCAA9} 	
00001500	10:56:53.547	[1176] CFQ: ref: 2AE50C0 req: {A6EF9860-C720-11D0-9337-00A0C90DCAA9} 	
00001501	10:56:53.547	[1176] DFQ: ref: 2AD6AB8 req: {A6EF9860-C720-11D0-9337-00A0C90DCAA9} 	
00001502	10:56:53.562	[1176] CFQ: ref: 2AE50C0 req: {332C4427-26CB-11D0-B483-00C04FD90119} 	
00001503	10:56:53.562	[1176] CFQ: ref: 2AE50C0 req: {332C4427-26CB-11D0-B483-00C04FD90119} 	
00001504	10:56:53.562	[1176] DFQ: ref: 2AD6AB8 req: {332C4427-26CB-11D0-B483-00C04FD90119} 	
00001505	10:56:53.562	[1176] CFQ: ref: 2AE50C0 req: {A6EF9860-C720-11D0-9337-00A0C90DCAA9} 	
00001506	10:56:53.562	[1176] CFQ: ref: 2AE50C0 req: {A6EF9860-C720-11D0-9337-00A0C90DCAA9} 	
00001507	10:56:53.562	[1176] DFQ: ref: 2AD6AB8 req: {A6EF9860-C720-11D0-9337-00A0C90DCAA9} 	
00001508	10:56:53.562	[1176] CFQ: ref: 2AE50C0 req: {332C4427-26CB-11D0-B483-00C04FD90119} 	
00001509	10:56:53.562	[1176] CFQ: ref: 2AE50C0 req: {332C4427-26CB-11D0-B483-00C04FD90119} 	
00001510	10:56:53.562	[1176] DFQ: ref: 2AD6AB8 req: {332C4427-26CB-11D0-B483-00C04FD90119} 	
00001511	10:56:53.562	[1176] CFQ: ref: 2AE50C0 req: {A6EF9860-C720-11D0-9337-00A0C90DCAA9} 	
00001512	10:56:53.562	[1176] CFQ: ref: 2AE50C0 req: {A6EF9860-C720-11D0-9337-00A0C90DCAA9} 	
00001513	10:56:53.562	[1176] DFQ: ref: 2AD6AB8 req: {A6EF9860-C720-11D0-9337-00A0C90DCAA9} 	
00001514	10:56:53.609	[1176] CFQ: ref: 2AE50C0 req: {332C4427-26CB-11D0-B483-00C04FD90119} 	
00001515	10:56:53.609	[1176] CFQ: ref: 2AE50C0 req: {332C4427-26CB-11D0-B483-00C04FD90119} 	
00001516	10:56:53.609	[1176] DFQ: ref: 2AD6AB8 req: {332C4427-26CB-11D0-B483-00C04FD90119} 	
00001517	10:56:53.609	[1176] CFQ: ref: 2AE50C0 req: {A6EF9860-C720-11D0-9337-00A0C90DCAA9} 	
00001518	10:56:53.609	[1176] CFQ: ref: 2AE50C0 req: {A6EF9860-C720-11D0-9337-00A0C90DCAA9} 	
00001519	10:56:53.609	[1176] DFQ: ref: 2AD6AB8 req: {A6EF9860-C720-11D0-9337-00A0C90DCAA9} 	
00001520	10:56:53.609	[1176] CFQ: ref: 2AE50C0 req: {332C4427-26CB-11D0-B483-00C04FD90119} 	
00001521	10:56:53.609	[1176] CFQ: ref: 2AE50C0 req: {332C4427-26CB-11D0-B483-00C04FD90119} 	
00001522	10:56:53.609	[1176] DFQ: ref: 2AD6AB8 req: {332C4427-26CB-11D0-B483-00C04FD90119} 	
00001523	10:56:53.609	[1176] CFQ: ref: 2AE50C0 req: {A6EF9860-C720-11D0-9337-00A0C90DCAA9} 	
00001524	10:56:53.609	[1176] CFQ: ref: 2AE50C0 req: {A6EF9860-C720-11D0-9337-00A0C90DCAA9} 	
00001525	10:56:53.609	[1176] DFQ: ref: 2AD6AB8 req: {A6EF9860-C720-11D0-9337-00A0C90DCAA9} 	
00001526	10:56:53.625	[1176] CFQ: ref: 2AE50C0 req: {332C4427-26CB-11D0-B483-00C04FD90119} 	
00001527	10:56:53.625	[1176] CFQ: ref: 2AE50C0 req: {332C4427-26CB-11D0-B483-00C04FD90119} 	
00001528	10:56:53.625	[1176] DFQ: ref: 2AD6AB8 req: {332C4427-26CB-11D0-B483-00C04FD90119} 	
00001529	10:56:53.625	[1176] CFQ: ref: 2AE50C0 req: {A6EF9860-C720-11D0-9337-00A0C90DCAA9} 	
00001530	10:56:53.625	[1176] CFQ: ref: 2AE50C0 req: {A6EF9860-C720-11D0-9337-00A0C90DCAA9} 	
00001531	10:56:53.625	[1176] DFQ: ref: 2AD6AB8 req: {A6EF9860-C720-11D0-9337-00A0C90DCAA9} 	
00001532	10:56:53.625	[1176] CFQ: ref: 2AE50C0 req: {332C4427-26CB-11D0-B483-00C04FD90119} 	
00001533	10:56:53.625	[1176] CFQ: ref: 2AE50C0 req: {332C4427-26CB-11D0-B483-00C04FD90119} 	
00001534	10:56:53.625	[1176] DFQ: ref: 2AD6AB8 req: {332C4427-26CB-11D0-B483-00C04FD90119} 	
00001535	10:56:53.625	[1176] CFQ: ref: 2AE50C0 req: {A6EF9860-C720-11D0-9337-00A0C90DCAA9} 	
00001536	10:56:53.625	[1176] CFQ: ref: 2AE50C0 req: {A6EF9860-C720-11D0-9337-00A0C90DCAA9} 	
00001537	10:56:53.625	[1176] DFQ: ref: 2AD6AB8 req: {A6EF9860-C720-11D0-9337-00A0C90DCAA9} 	
00001538	10:56:53.641	[1176] CFQ: ref: 2AE50C0 req: {332C4427-26CB-11D0-B483-00C04FD90119} 	
00001539	10:56:53.641	[1176] CFQ: ref: 2AE50C0 req: {332C4427-26CB-11D0-B483-00C04FD90119} 	
00001540	10:56:53.641	[1176] DFQ: ref: 2AD6AB8 req: {332C4427-26CB-11D0-B483-00C04FD90119} 	
00001541	10:56:53.641	[1176] CFQ: ref: 2AE50C0 req: {A6EF9860-C720-11D0-9337-00A0C90DCAA9} 	
00001542	10:56:53.641	[1176] CFQ: ref: 2AE50C0 req: {A6EF9860-C720-11D0-9337-00A0C90DCAA9} 	
00001543	10:56:53.641	[1176] DFQ: ref: 2AD6AB8 req: {A6EF9860-C720-11D0-9337-00A0C90DCAA9} 	
00001544	10:56:53.641	[1176] CFQ: ref: 2AE50C0 req: {332C4427-26CB-11D0-B483-00C04FD90119} 	
00001545	10:56:53.641	[1176] CFQ: ref: 2AE50C0 req: {332C4427-26CB-11D0-B483-00C04FD90119} 	
00001546	10:56:53.641	[1176] DFQ: ref: 2AD6AB8 req: {332C4427-26CB-11D0-B483-00C04FD90119} 	
00001547	10:56:53.641	[1176] CFQ: ref: 2AE50C0 req: {A6EF9860-C720-11D0-9337-00A0C90DCAA9} 	
00001548	10:56:53.641	[1176] CFQ: ref: 2AE50C0 req: {A6EF9860-C720-11D0-9337-00A0C90DCAA9} 	
00001549	10:56:53.641	[1176] DFQ: ref: 2AD6AB8 req: {A6EF9860-C720-11D0-9337-00A0C90DCAA9} 	
00001550	10:56:53.656	[1176] CFQ: ref: 2AE50C0 req: {332C4427-26CB-11D0-B483-00C04FD90119} 	
00001551	10:56:53.656	[1176] CFQ: ref: 2AE50C0 req: {332C4427-26CB-11D0-B483-00C04FD90119} 	
00001552	10:56:53.656	[1176] DFQ: ref: 2AD6AB8 req: {332C4427-26CB-11D0-B483-00C04FD90119} 	
00001553	10:56:53.656	[1176] CFQ: ref: 2AE50C0 req: {A6EF9860-C720-11D0-9337-00A0C90DCAA9} 	
00001554	10:56:53.656	[1176] CFQ: ref: 2AE50C0 req: {A6EF9860-C720-11D0-9337-00A0C90DCAA9} 	
00001555	10:56:53.656	[1176] DFQ: ref: 2AD6AB8 req: {A6EF9860-C720-11D0-9337-00A0C90DCAA9} 	
00001556	10:56:53.656	[1176] CFQ: ref: 2AE50C0 req: {332C4427-26CB-11D0-B483-00C04FD90119} 	
00001557	10:56:53.656	[1176] CFQ: ref: 2AE50C0 req: {332C4427-26CB-11D0-B483-00C04FD90119} 	
00001558	10:56:53.656	[1176] DFQ: ref: 2AD6AB8 req: {332C4427-26CB-11D0-B483-00C04FD90119} 	
00001559	10:56:53.656	[1176] CFQ: ref: 2AE50C0 req: {A6EF9860-C720-11D0-9337-00A0C90DCAA9} 	
00001560	10:56:53.656	[1176] CFQ: ref: 2AE50C0 req: {A6EF9860-C720-11D0-9337-00A0C90DCAA9} 	
00001561	10:56:53.656	[1176] DFQ: ref: 2AD6AB8 req: {A6EF9860-C720-11D0-9337-00A0C90DCAA9} 	
00001562	10:56:53.672	[1176] CFQ: ref: 2AE50C0 req: {332C4427-26CB-11D0-B483-00C04FD90119} 	
00001563	10:56:53.672	[1176] CFQ: ref: 2AE50C0 req: {332C4427-26CB-11D0-B483-00C04FD90119} 	
00001564	10:56:53.672	[1176] DFQ: ref: 2AD6AB8 req: {332C4427-26CB-11D0-B483-00C04FD90119} 	
00001565	10:56:53.672	[1176] CFQ: ref: 2AE50C0 req: {A6EF9860-C720-11D0-9337-00A0C90DCAA9} 	
00001566	10:56:53.672	[1176] CFQ: ref: 2AE50C0 req: {A6EF9860-C720-11D0-9337-00A0C90DCAA9} 	
00001567	10:56:53.672	[1176] DFQ: ref: 2AD6AB8 req: {A6EF9860-C720-11D0-9337-00A0C90DCAA9} 	
00001568	10:56:53.672	[1176] CFQ: ref: 2AE50C0 req: {332C4427-26CB-11D0-B483-00C04FD90119} 	
00001569	10:56:53.672	[1176] CFQ: ref: 2AE50C0 req: {332C4427-26CB-11D0-B483-00C04FD90119} 	
00001570	10:56:53.672	[1176] DFQ: ref: 2AD6AB8 req: {332C4427-26CB-11D0-B483-00C04FD90119} 	
00001571	10:56:53.672	[1176] CFQ: ref: 2AE50C0 req: {A6EF9860-C720-11D0-9337-00A0C90DCAA9} 	
00001572	10:56:53.672	[1176] CFQ: ref: 2AE50C0 req: {A6EF9860-C720-11D0-9337-00A0C90DCAA9} 	
00001573	10:56:53.672	[1176] DFQ: ref: 2AD6AB8 req: {A6EF9860-C720-11D0-9337-00A0C90DCAA9} 	
00001574	10:56:53.687	[1176] CFQ: ref: 2AE50C0 req: {332C4427-26CB-11D0-B483-00C04FD90119} 	
00001575	10:56:53.687	[1176] CFQ: ref: 2AE50C0 req: {332C4427-26CB-11D0-B483-00C04FD90119} 	
00001576	10:56:53.687	[1176] DFQ: ref: 2AD6AB8 req: {332C4427-26CB-11D0-B483-00C04FD90119} 	
00001577	10:56:53.687	[1176] CFQ: ref: 2AE50C0 req: {A6EF9860-C720-11D0-9337-00A0C90DCAA9} 	
00001578	10:56:53.687	[1176] CFQ: ref: 2AE50C0 req: {A6EF9860-C720-11D0-9337-00A0C90DCAA9} 	
00001579	10:56:53.687	[1176] DFQ: ref: 2AD6AB8 req: {A6EF9860-C720-11D0-9337-00A0C90DCAA9} 	
00001580	10:56:53.687	[1176] CFQ: ref: 2AE50C0 req: {332C4427-26CB-11D0-B483-00C04FD90119} 	
00001581	10:56:53.687	[1176] CFQ: ref: 2AE50C0 req: {332C4427-26CB-11D0-B483-00C04FD90119} 	
00001582	10:56:53.687	[1176] DFQ: ref: 2AD6AB8 req: {332C4427-26CB-11D0-B483-00C04FD90119} 	
00001583	10:56:53.687	[1176] CFQ: ref: 2AE50C0 req: {A6EF9860-C720-11D0-9337-00A0C90DCAA9} 	
00001584	10:56:53.687	[1176] CFQ: ref: 2AE50C0 req: {A6EF9860-C720-11D0-9337-00A0C90DCAA9} 	
00001585	10:56:53.687	[1176] DFQ: ref: 2AD6AB8 req: {A6EF9860-C720-11D0-9337-00A0C90DCAA9} 	
00001586	10:56:53.703	[1176] CFQ: ref: 2AE50C0 req: {332C4427-26CB-11D0-B483-00C04FD90119} 	
00001587	10:56:53.703	[1176] CFQ: ref: 2AE50C0 req: {332C4427-26CB-11D0-B483-00C04FD90119} 	
00001588	10:56:53.703	[1176] DFQ: ref: 2AD6AB8 req: {332C4427-26CB-11D0-B483-00C04FD90119} 	
00001589	10:56:53.703	[1176] CFQ: ref: 2AE50C0 req: {A6EF9860-C720-11D0-9337-00A0C90DCAA9} 	
00001590	10:56:53.703	[1176] CFQ: ref: 2AE50C0 req: {A6EF9860-C720-11D0-9337-00A0C90DCAA9} 	
00001591	10:56:53.703	[1176] DFQ: ref: 2AD6AB8 req: {A6EF9860-C720-11D0-9337-00A0C90DCAA9} 	
00001592	10:56:53.703	[1176] CFQ: ref: 2AE50C0 req: {332C4427-26CB-11D0-B483-00C04FD90119} 	
00001593	10:56:53.703	[1176] CFQ: ref: 2AE50C0 req: {332C4427-26CB-11D0-B483-00C04FD90119} 	
00001594	10:56:53.703	[1176] DFQ: ref: 2AD6AB8 req: {332C4427-26CB-11D0-B483-00C04FD90119} 	
00001595	10:56:53.703	[1176] CFQ: ref: 2AE50C0 req: {A6EF9860-C720-11D0-9337-00A0C90DCAA9} 	
00001596	10:56:53.703	[1176] CFQ: ref: 2AE50C0 req: {A6EF9860-C720-11D0-9337-00A0C90DCAA9} 	
00001597	10:56:53.703	[1176] DFQ: ref: 2AD6AB8 req: {A6EF9860-C720-11D0-9337-00A0C90DCAA9} 	
00001598	10:56:53.719	[1176] CFQ: ref: 2AE50C0 req: {332C4427-26CB-11D0-B483-00C04FD90119} 	
00001599	10:56:53.719	[1176] CFQ: ref: 2AE50C0 req: {332C4427-26CB-11D0-B483-00C04FD90119} 	
00001600	10:56:53.719	[1176] DFQ: ref: 2AD6AB8 req: {332C4427-26CB-11D0-B483-00C04FD90119} 	
00001601	10:56:53.719	[1176] CFQ: ref: 2AE50C0 req: {A6EF9860-C720-11D0-9337-00A0C90DCAA9} 	
00001602	10:56:53.719	[1176] CFQ: ref: 2AE50C0 req: {A6EF9860-C720-11D0-9337-00A0C90DCAA9} 	
00001603	10:56:53.719	[1176] DFQ: ref: 2AD6AB8 req: {A6EF9860-C720-11D0-9337-00A0C90DCAA9} 	
00001604	10:56:53.719	[1176] CFQ: ref: 2AE50C0 req: {332C4427-26CB-11D0-B483-00C04FD90119} 	
00001605	10:56:53.719	[1176] CFQ: ref: 2AE50C0 req: {332C4427-26CB-11D0-B483-00C04FD90119} 	
00001606	10:56:53.719	[1176] DFQ: ref: 2AD6AB8 req: {332C4427-26CB-11D0-B483-00C04FD90119} 	
00001607	10:56:53.719	[1176] CFQ: ref: 2AE50C0 req: {A6EF9860-C720-11D0-9337-00A0C90DCAA9} 	
00001608	10:56:53.719	[1176] CFQ: ref: 2AE50C0 req: {A6EF9860-C720-11D0-9337-00A0C90DCAA9} 	
00001609	10:56:53.719	[1176] DFQ: ref: 2AD6AB8 req: {A6EF9860-C720-11D0-9337-00A0C90DCAA9} 	
00001610	10:56:53.734	[1176] CFQ: ref: 2AE50C0 req: {332C4427-26CB-11D0-B483-00C04FD90119} 	
00001611	10:56:53.734	[1176] CFQ: ref: 2AE50C0 req: {332C4427-26CB-11D0-B483-00C04FD90119} 	
00001612	10:56:53.734	[1176] DFQ: ref: 2AD6AB8 req: {332C4427-26CB-11D0-B483-00C04FD90119} 	
00001613	10:56:53.734	[1176] CFQ: ref: 2AE50C0 req: {A6EF9860-C720-11D0-9337-00A0C90DCAA9} 	
00001614	10:56:53.734	[1176] CFQ: ref: 2AE50C0 req: {A6EF9860-C720-11D0-9337-00A0C90DCAA9} 	
00001615	10:56:53.734	[1176] DFQ: ref: 2AD6AB8 req: {A6EF9860-C720-11D0-9337-00A0C90DCAA9} 	
00001616	10:56:53.734	[1176] CFQ: ref: 2AE50C0 req: {332C4427-26CB-11D0-B483-00C04FD90119} 	
00001617	10:56:53.734	[1176] CFQ: ref: 2AE50C0 req: {332C4427-26CB-11D0-B483-00C04FD90119} 	
00001618	10:56:53.734	[1176] DFQ: ref: 2AD6AB8 req: {332C4427-26CB-11D0-B483-00C04FD90119} 	
00001619	10:56:53.734	[1176] CFQ: ref: 2AE50C0 req: {A6EF9860-C720-11D0-9337-00A0C90DCAA9} 	
00001620	10:56:53.734	[1176] CFQ: ref: 2AE50C0 req: {A6EF9860-C720-11D0-9337-00A0C90DCAA9} 	
00001621	10:56:53.734	[1176] DFQ: ref: 2AD6AB8 req: {A6EF9860-C720-11D0-9337-00A0C90DCAA9} 	
00001622	10:56:53.750	[1176] CFQ: ref: 2AE50C0 req: {332C4427-26CB-11D0-B483-00C04FD90119} 	
00001623	10:56:53.750	[1176] CFQ: ref: 2AE50C0 req: {332C4427-26CB-11D0-B483-00C04FD90119} 	
00001624	10:56:53.750	[1176] DFQ: ref: 2AD6AB8 req: {332C4427-26CB-11D0-B483-00C04FD90119} 	
00001625	10:56:53.750	[1176] CFQ: ref: 2AE50C0 req: {A6EF9860-C720-11D0-9337-00A0C90DCAA9} 	
00001626	10:56:53.750	[1176] CFQ: ref: 2AE50C0 req: {A6EF9860-C720-11D0-9337-00A0C90DCAA9} 	
00001627	10:56:53.750	[1176] DFQ: ref: 2AD6AB8 req: {A6EF9860-C720-11D0-9337-00A0C90DCAA9} 	
00001628	10:56:53.750	[1176] CFQ: ref: 2AE50C0 req: {332C4427-26CB-11D0-B483-00C04FD90119} 	
00001629	10:56:53.750	[1176] CFQ: ref: 2AE50C0 req: {332C4427-26CB-11D0-B483-00C04FD90119} 	
00001630	10:56:53.750	[1176] DFQ: ref: 2AD6AB8 req: {332C4427-26CB-11D0-B483-00C04FD90119} 	
00001631	10:56:53.750	[1176] CFQ: ref: 2AE50C0 req: {A6EF9860-C720-11D0-9337-00A0C90DCAA9} 	
00001632	10:56:53.750	[1176] CFQ: ref: 2AE50C0 req: {A6EF9860-C720-11D0-9337-00A0C90DCAA9} 	
00001633	10:56:53.750	[1176] DFQ: ref: 2AD6AB8 req: {A6EF9860-C720-11D0-9337-00A0C90DCAA9} 	
00001634	10:56:53.766	[1176] CFQ: ref: 2AE50C0 req: {332C4427-26CB-11D0-B483-00C04FD90119} 	
00001635	10:56:53.766	[1176] CFQ: ref: 2AE50C0 req: {332C4427-26CB-11D0-B483-00C04FD90119} 	
00001636	10:56:53.766	[1176] DFQ: ref: 2AD6AB8 req: {332C4427-26CB-11D0-B483-00C04FD90119} 	
00001637	10:56:53.766	[1176] CFQ: ref: 2AE50C0 req: {A6EF9860-C720-11D0-9337-00A0C90DCAA9} 	
00001638	10:56:53.766	[1176] CFQ: ref: 2AE50C0 req: {A6EF9860-C720-11D0-9337-00A0C90DCAA9} 	
00001639	10:56:53.766	[1176] DFQ: ref: 2AD6AB8 req: {A6EF9860-C720-11D0-9337-00A0C90DCAA9} 	
00001640	10:56:53.766	[1176] CFQ: ref: 2AE50C0 req: {332C4427-26CB-11D0-B483-00C04FD90119} 	
00001641	10:56:53.766	[1176] CFQ: ref: 2AE50C0 req: {332C4427-26CB-11D0-B483-00C04FD90119} 	
00001642	10:56:53.766	[1176] DFQ: ref: 2AD6AB8 req: {332C4427-26CB-11D0-B483-00C04FD90119} 	
00001643	10:56:53.766	[1176] CFQ: ref: 2AE50C0 req: {A6EF9860-C720-11D0-9337-00A0C90DCAA9} 	
00001644	10:56:53.766	[1176] CFQ: ref: 2AE50C0 req: {A6EF9860-C720-11D0-9337-00A0C90DCAA9} 	
00001645	10:56:53.766	[1176] DFQ: ref: 2AD6AB8 req: {A6EF9860-C720-11D0-9337-00A0C90DCAA9} 	
00001646	10:56:53.781	[1176] CFQ: ref: 2AE50C0 req: {332C4427-26CB-11D0-B483-00C04FD90119} 	
00001647	10:56:53.781	[1176] CFQ: ref: 2AE50C0 req: {332C4427-26CB-11D0-B483-00C04FD90119} 	
00001648	10:56:53.781	[1176] DFQ: ref: 2AD6AB8 req: {332C4427-26CB-11D0-B483-00C04FD90119} 	
00001649	10:56:53.781	[1176] CFQ: ref: 2AE50C0 req: {A6EF9860-C720-11D0-9337-00A0C90DCAA9} 	
00001650	10:56:53.781	[1176] CFQ: ref: 2AE50C0 req: {A6EF9860-C720-11D0-9337-00A0C90DCAA9} 	
00001651	10:56:53.781	[1176] DFQ: ref: 2AD6AB8 req: {A6EF9860-C720-11D0-9337-00A0C90DCAA9} 	
00001652	10:56:53.781	[1176] CFQ: ref: 2AE50C0 req: {332C4427-26CB-11D0-B483-00C04FD90119} 	
00001653	10:56:53.781	[1176] CFQ: ref: 2AE50C0 req: {332C4427-26CB-11D0-B483-00C04FD90119} 	
00001654	10:56:53.781	[1176] DFQ: ref: 2AD6AB8 req: {332C4427-26CB-11D0-B483-00C04FD90119} 	
00001655	10:56:53.781	[1176] CFQ: ref: 2AE50C0 req: {A6EF9860-C720-11D0-9337-00A0C90DCAA9} 	
00001656	10:56:53.781	[1176] CFQ: ref: 2AE50C0 req: {A6EF9860-C720-11D0-9337-00A0C90DCAA9} 	
00001657	10:56:53.781	[1176] DFQ: ref: 2AD6AB8 req: {A6EF9860-C720-11D0-9337-00A0C90DCAA9} 	
00001658	10:56:53.797	[1176] CFQ: ref: 2AE50C0 req: {332C4427-26CB-11D0-B483-00C04FD90119} 	
00001659	10:56:53.797	[1176] CFQ: ref: 2AE50C0 req: {332C4427-26CB-11D0-B483-00C04FD90119} 	
00001660	10:56:53.797	[1176] DFQ: ref: 2AD6AB8 req: {332C4427-26CB-11D0-B483-00C04FD90119} 	
00001661	10:56:53.797	[1176] CFQ: ref: 2AE50C0 req: {A6EF9860-C720-11D0-9337-00A0C90DCAA9} 	
00001662	10:56:53.797	[1176] CFQ: ref: 2AE50C0 req: {A6EF9860-C720-11D0-9337-00A0C90DCAA9} 	
00001663	10:56:53.797	[1176] DFQ: ref: 2AD6AB8 req: {A6EF9860-C720-11D0-9337-00A0C90DCAA9} 	
00001664	10:56:53.797	[1176] CFQ: ref: 2AE50C0 req: {332C4427-26CB-11D0-B483-00C04FD90119} 	
00001665	10:56:53.797	[1176] CFQ: ref: 2AE50C0 req: {332C4427-26CB-11D0-B483-00C04FD90119} 	
00001666	10:56:53.797	[1176] DFQ: ref: 2AD6AB8 req: {332C4427-26CB-11D0-B483-00C04FD90119} 	
00001667	10:56:53.797	[1176] CFQ: ref: 2AE50C0 req: {A6EF9860-C720-11D0-9337-00A0C90DCAA9} 	
00001668	10:56:53.797	[1176] CFQ: ref: 2AE50C0 req: {A6EF9860-C720-11D0-9337-00A0C90DCAA9} 	
00001669	10:56:53.797	[1176] DFQ: ref: 2AD6AB8 req: {A6EF9860-C720-11D0-9337-00A0C90DCAA9} 	
00001670	10:56:53.812	[1176] CFQ: ref: 2AE50C0 req: {332C4427-26CB-11D0-B483-00C04FD90119} 	
00001671	10:56:53.812	[1176] CFQ: ref: 2AE50C0 req: {332C4427-26CB-11D0-B483-00C04FD90119} 	
00001672	10:56:53.812	[1176] DFQ: ref: 2AD6AB8 req: {332C4427-26CB-11D0-B483-00C04FD90119} 	
00001673	10:56:53.812	[1176] CFQ: ref: 2AE50C0 req: {A6EF9860-C720-11D0-9337-00A0C90DCAA9} 	
00001674	10:56:53.812	[1176] CFQ: ref: 2AE50C0 req: {A6EF9860-C720-11D0-9337-00A0C90DCAA9} 	
00001675	10:56:53.812	[1176] DFQ: ref: 2AD6AB8 req: {A6EF9860-C720-11D0-9337-00A0C90DCAA9} 	
00001676	10:56:53.812	[1176] CFQ: ref: 2AE50C0 req: {332C4427-26CB-11D0-B483-00C04FD90119} 	
00001677	10:56:53.812	[1176] CFQ: ref: 2AE50C0 req: {332C4427-26CB-11D0-B483-00C04FD90119} 	
00001678	10:56:53.812	[1176] DFQ: ref: 2AD6AB8 req: {332C4427-26CB-11D0-B483-00C04FD90119} 	
00001679	10:56:53.812	[1176] CFQ: ref: 2AE50C0 req: {A6EF9860-C720-11D0-9337-00A0C90DCAA9} 	
00001680	10:56:53.812	[1176] CFQ: ref: 2AE50C0 req: {A6EF9860-C720-11D0-9337-00A0C90DCAA9} 	
00001681	10:56:53.812	[1176] DFQ: ref: 2AD6AB8 req: {A6EF9860-C720-11D0-9337-00A0C90DCAA9} 	
00001682	10:56:53.828	[1176] CFQ: ref: 2AE50C0 req: {332C4427-26CB-11D0-B483-00C04FD90119} 	
00001683	10:56:53.828	[1176] CFQ: ref: 2AE50C0 req: {332C4427-26CB-11D0-B483-00C04FD90119} 	
00001684	10:56:53.828	[1176] DFQ: ref: 2AD6AB8 req: {332C4427-26CB-11D0-B483-00C04FD90119} 	
00001685	10:56:53.828	[1176] CFQ: ref: 2AE50C0 req: {A6EF9860-C720-11D0-9337-00A0C90DCAA9} 	
00001686	10:56:53.828	[1176] CFQ: ref: 2AE50C0 req: {A6EF9860-C720-11D0-9337-00A0C90DCAA9} 	
00001687	10:56:53.828	[1176] DFQ: ref: 2AD6AB8 req: {A6EF9860-C720-11D0-9337-00A0C90DCAA9} 	
00001688	10:56:53.828	[1176] CFQ: ref: 2AE50C0 req: {332C4427-26CB-11D0-B483-00C04FD90119} 	
00001689	10:56:53.828	[1176] CFQ: ref: 2AE50C0 req: {332C4427-26CB-11D0-B483-00C04FD90119} 	
00001690	10:56:53.828	[1176] DFQ: ref: 2AD6AB8 req: {332C4427-26CB-11D0-B483-00C04FD90119} 	
00001691	10:56:53.828	[1176] CFQ: ref: 2AE50C0 req: {A6EF9860-C720-11D0-9337-00A0C90DCAA9} 	
00001692	10:56:53.828	[1176] CFQ: ref: 2AE50C0 req: {A6EF9860-C720-11D0-9337-00A0C90DCAA9} 	
00001693	10:56:53.828	[1176] DFQ: ref: 2AD6AB8 req: {A6EF9860-C720-11D0-9337-00A0C90DCAA9} 	
00001694	10:56:53.844	[1176] CFQ: ref: 2AE50C0 req: {332C4427-26CB-11D0-B483-00C04FD90119} 	
00001695	10:56:53.844	[1176] CFQ: ref: 2AE50C0 req: {332C4427-26CB-11D0-B483-00C04FD90119} 	
00001696	10:56:53.844	[1176] DFQ: ref: 2AD6AB8 req: {332C4427-26CB-11D0-B483-00C04FD90119} 	
00001697	10:56:53.844	[1176] CFQ: ref: 2AE50C0 req: {A6EF9860-C720-11D0-9337-00A0C90DCAA9} 	
00001698	10:56:53.844	[1176] CFQ: ref: 2AE50C0 req: {A6EF9860-C720-11D0-9337-00A0C90DCAA9} 	
00001699	10:56:53.844	[1176] DFQ: ref: 2AD6AB8 req: {A6EF9860-C720-11D0-9337-00A0C90DCAA9} 	
00001700	10:56:53.844	[1176] CFQ: ref: 2AE50C0 req: {332C4427-26CB-11D0-B483-00C04FD90119} 	
00001701	10:56:53.844	[1176] CFQ: ref: 2AE50C0 req: {332C4427-26CB-11D0-B483-00C04FD90119} 	
00001702	10:56:53.844	[1176] DFQ: ref: 2AD6AB8 req: {332C4427-26CB-11D0-B483-00C04FD90119} 	
00001703	10:56:53.844	[1176] CFQ: ref: 2AE50C0 req: {A6EF9860-C720-11D0-9337-00A0C90DCAA9} 	
00001704	10:56:53.844	[1176] CFQ: ref: 2AE50C0 req: {A6EF9860-C720-11D0-9337-00A0C90DCAA9} 	
00001705	10:56:53.844	[1176] DFQ: ref: 2AD6AB8 req: {A6EF9860-C720-11D0-9337-00A0C90DCAA9} 	
00001706	10:56:53.859	[1176] CFQ: ref: 2AE50C0 req: {332C4427-26CB-11D0-B483-00C04FD90119} 	
00001707	10:56:53.859	[1176] CFQ: ref: 2AE50C0 req: {332C4427-26CB-11D0-B483-00C04FD90119} 	
00001708	10:56:53.859	[1176] DFQ: ref: 2AD6AB8 req: {332C4427-26CB-11D0-B483-00C04FD90119} 	
00001709	10:56:53.859	[1176] CFQ: ref: 2AE50C0 req: {A6EF9860-C720-11D0-9337-00A0C90DCAA9} 	
00001710	10:56:53.859	[1176] CFQ: ref: 2AE50C0 req: {A6EF9860-C720-11D0-9337-00A0C90DCAA9} 	
00001711	10:56:53.859	[1176] DFQ: ref: 2AD6AB8 req: {A6EF9860-C720-11D0-9337-00A0C90DCAA9} 	
00001712	10:56:53.859	[1176] CFQ: ref: 2AE50C0 req: {332C4427-26CB-11D0-B483-00C04FD90119} 	
00001713	10:56:53.859	[1176] CFQ: ref: 2AE50C0 req: {332C4427-26CB-11D0-B483-00C04FD90119} 	
00001714	10:56:53.859	[1176] DFQ: ref: 2AD6AB8 req: {332C4427-26CB-11D0-B483-00C04FD90119} 	
00001715	10:56:53.859	[1176] CFQ: ref: 2AE50C0 req: {A6EF9860-C720-11D0-9337-00A0C90DCAA9} 	
00001716	10:56:53.859	[1176] CFQ: ref: 2AE50C0 req: {A6EF9860-C720-11D0-9337-00A0C90DCAA9} 	
00001717	10:56:53.859	[1176] DFQ: ref: 2AD6AB8 req: {A6EF9860-C720-11D0-9337-00A0C90DCAA9} 	
00001718	10:56:53.875	[1176] CFQ: ref: 2AE50C0 req: {332C4427-26CB-11D0-B483-00C04FD90119} 	
00001719	10:56:53.875	[1176] CFQ: ref: 2AE50C0 req: {332C4427-26CB-11D0-B483-00C04FD90119} 	
00001720	10:56:53.875	[1176] DFQ: ref: 2AD6AB8 req: {332C4427-26CB-11D0-B483-00C04FD90119} 	
00001721	10:56:53.875	[1176] CFQ: ref: 2AE50C0 req: {A6EF9860-C720-11D0-9337-00A0C90DCAA9} 	
00001722	10:56:53.875	[1176] CFQ: ref: 2AE50C0 req: {A6EF9860-C720-11D0-9337-00A0C90DCAA9} 	
00001723	10:56:53.875	[1176] DFQ: ref: 2AD6AB8 req: {A6EF9860-C720-11D0-9337-00A0C90DCAA9} 	
00001724	10:56:53.875	[1176] CFQ: ref: 2AE50C0 req: {332C4427-26CB-11D0-B483-00C04FD90119} 	
00001725	10:56:53.875	[1176] CFQ: ref: 2AE50C0 req: {332C4427-26CB-11D0-B483-00C04FD90119} 	
00001726	10:56:53.875	[1176] DFQ: ref: 2AD6AB8 req: {332C4427-26CB-11D0-B483-00C04FD90119} 	
00001727	10:56:53.875	[1176] CFQ: ref: 2AE50C0 req: {A6EF9860-C720-11D0-9337-00A0C90DCAA9} 	
00001728	10:56:53.875	[1176] CFQ: ref: 2AE50C0 req: {A6EF9860-C720-11D0-9337-00A0C90DCAA9} 	
00001729	10:56:53.875	[1176] DFQ: ref: 2AD6AB8 req: {A6EF9860-C720-11D0-9337-00A0C90DCAA9} 	
00001730	10:56:53.890	[1176] CFQ: ref: 2AE50C0 req: {332C4427-26CB-11D0-B483-00C04FD90119} 	
00001731	10:56:53.890	[1176] CFQ: ref: 2AE50C0 req: {332C4427-26CB-11D0-B483-00C04FD90119} 	
00001732	10:56:53.890	[1176] DFQ: ref: 2AD6AB8 req: {332C4427-26CB-11D0-B483-00C04FD90119} 	
00001733	10:56:53.890	[1176] CFQ: ref: 2AE50C0 req: {A6EF9860-C720-11D0-9337-00A0C90DCAA9} 	
00001734	10:56:53.890	[1176] CFQ: ref: 2AE50C0 req: {A6EF9860-C720-11D0-9337-00A0C90DCAA9} 	
00001735	10:56:53.890	[1176] DFQ: ref: 2AD6AB8 req: {A6EF9860-C720-11D0-9337-00A0C90DCAA9} 	
00001736	10:56:53.890	[1176] CFQ: ref: 2AE50C0 req: {332C4427-26CB-11D0-B483-00C04FD90119} 	
00001737	10:56:53.890	[1176] CFQ: ref: 2AE50C0 req: {332C4427-26CB-11D0-B483-00C04FD90119} 	
00001738	10:56:53.890	[1176] DFQ: ref: 2AD6AB8 req: {332C4427-26CB-11D0-B483-00C04FD90119} 	
00001739	10:56:53.890	[1176] CFQ: ref: 2AE50C0 req: {A6EF9860-C720-11D0-9337-00A0C90DCAA9} 	
00001740	10:56:53.890	[1176] CFQ: ref: 2AE50C0 req: {A6EF9860-C720-11D0-9337-00A0C90DCAA9} 	
00001741	10:56:53.890	[1176] DFQ: ref: 2AD6AB8 req: {A6EF9860-C720-11D0-9337-00A0C90DCAA9} 	
00001742	10:56:53.906	[1176] CFQ: ref: 2AE50C0 req: {332C4427-26CB-11D0-B483-00C04FD90119} 	
00001743	10:56:53.906	[1176] CFQ: ref: 2AE50C0 req: {332C4427-26CB-11D0-B483-00C04FD90119} 	
00001744	10:56:53.906	[1176] DFQ: ref: 2AD6AB8 req: {332C4427-26CB-11D0-B483-00C04FD90119} 	
00001745	10:56:53.906	[1176] CFQ: ref: 2AE50C0 req: {A6EF9860-C720-11D0-9337-00A0C90DCAA9} 	
00001746	10:56:53.906	[1176] CFQ: ref: 2AE50C0 req: {A6EF9860-C720-11D0-9337-00A0C90DCAA9} 	
00001747	10:56:53.906	[1176] DFQ: ref: 2AD6AB8 req: {A6EF9860-C720-11D0-9337-00A0C90DCAA9} 	
00001748	10:56:53.906	[1176] CFQ: ref: 2AE50C0 req: {332C4427-26CB-11D0-B483-00C04FD90119} 	
00001749	10:56:53.906	[1176] CFQ: ref: 2AE50C0 req: {332C4427-26CB-11D0-B483-00C04FD90119} 	
00001750	10:56:53.906	[1176] DFQ: ref: 2AD6AB8 req: {332C4427-26CB-11D0-B483-00C04FD90119} 	
00001751	10:56:53.906	[1176] CFQ: ref: 2AE50C0 req: {A6EF9860-C720-11D0-9337-00A0C90DCAA9} 	
00001752	10:56:53.906	[1176] CFQ: ref: 2AE50C0 req: {A6EF9860-C720-11D0-9337-00A0C90DCAA9} 	
00001753	10:56:53.906	[1176] DFQ: ref: 2AD6AB8 req: {A6EF9860-C720-11D0-9337-00A0C90DCAA9} 	
00001754	10:56:53.922	[1176] CFQ: ref: 2AE50C0 req: {332C4427-26CB-11D0-B483-00C04FD90119} 	
00001755	10:56:53.922	[1176] CFQ: ref: 2AE50C0 req: {332C4427-26CB-11D0-B483-00C04FD90119} 	
00001756	10:56:53.922	[1176] DFQ: ref: 2AD6AB8 req: {332C4427-26CB-11D0-B483-00C04FD90119} 	
00001757	10:56:53.922	[1176] CFQ: ref: 2AE50C0 req: {A6EF9860-C720-11D0-9337-00A0C90DCAA9} 	
00001758	10:56:53.922	[1176] CFQ: ref: 2AE50C0 req: {A6EF9860-C720-11D0-9337-00A0C90DCAA9} 	
00001759	10:56:53.922	[1176] DFQ: ref: 2AD6AB8 req: {A6EF9860-C720-11D0-9337-00A0C90DCAA9} 	
00001760	10:56:53.922	[1176] CFQ: ref: 2AE50C0 req: {332C4427-26CB-11D0-B483-00C04FD90119} 	
00001761	10:56:53.922	[1176] CFQ: ref: 2AE50C0 req: {332C4427-26CB-11D0-B483-00C04FD90119} 	
00001762	10:56:53.922	[1176] DFQ: ref: 2AD6AB8 req: {332C4427-26CB-11D0-B483-00C04FD90119} 	
00001763	10:56:53.922	[1176] CFQ: ref: 2AE50C0 req: {A6EF9860-C720-11D0-9337-00A0C90DCAA9} 	
00001764	10:56:53.922	[1176] CFQ: ref: 2AE50C0 req: {A6EF9860-C720-11D0-9337-00A0C90DCAA9} 	
00001765	10:56:53.922	[1176] DFQ: ref: 2AD6AB8 req: {A6EF9860-C720-11D0-9337-00A0C90DCAA9} 	
00001766	10:56:53.937	[1176] CFQ: ref: 2AE50C0 req: {332C4427-26CB-11D0-B483-00C04FD90119} 	
00001767	10:56:53.937	[1176] CFQ: ref: 2AE50C0 req: {332C4427-26CB-11D0-B483-00C04FD90119} 	
00001768	10:56:53.937	[1176] DFQ: ref: 2AD6AB8 req: {332C4427-26CB-11D0-B483-00C04FD90119} 	
00001769	10:56:53.937	[1176] CFQ: ref: 2AE50C0 req: {A6EF9860-C720-11D0-9337-00A0C90DCAA9} 	
00001770	10:56:53.937	[1176] CFQ: ref: 2AE50C0 req: {A6EF9860-C720-11D0-9337-00A0C90DCAA9} 	
00001771	10:56:53.937	[1176] DFQ: ref: 2AD6AB8 req: {A6EF9860-C720-11D0-9337-00A0C90DCAA9} 	
00001772	10:56:53.937	[1176] CFQ: ref: 2AE50C0 req: {332C4427-26CB-11D0-B483-00C04FD90119} 	
00001773	10:56:53.937	[1176] CFQ: ref: 2AE50C0 req: {332C4427-26CB-11D0-B483-00C04FD90119} 	
00001774	10:56:53.937	[1176] DFQ: ref: 2AD6AB8 req: {332C4427-26CB-11D0-B483-00C04FD90119} 	
00001775	10:56:53.937	[1176] CFQ: ref: 2AE50C0 req: {A6EF9860-C720-11D0-9337-00A0C90DCAA9} 	
00001776	10:56:53.937	[1176] CFQ: ref: 2AE50C0 req: {A6EF9860-C720-11D0-9337-00A0C90DCAA9} 	
00001777	10:56:53.937	[1176] DFQ: ref: 2AD6AB8 req: {A6EF9860-C720-11D0-9337-00A0C90DCAA9} 	
00001778	10:56:53.953	[1176] CFQ: ref: 2AE50C0 req: {332C4427-26CB-11D0-B483-00C04FD90119} 	
00001779	10:56:53.953	[1176] CFQ: ref: 2AE50C0 req: {332C4427-26CB-11D0-B483-00C04FD90119} 	
00001780	10:56:53.953	[1176] DFQ: ref: 2AD6AB8 req: {332C4427-26CB-11D0-B483-00C04FD90119} 	
00001781	10:56:53.953	[1176] CFQ: ref: 2AE50C0 req: {A6EF9860-C720-11D0-9337-00A0C90DCAA9} 	
00001782	10:56:53.953	[1176] CFQ: ref: 2AE50C0 req: {A6EF9860-C720-11D0-9337-00A0C90DCAA9} 	
00001783	10:56:53.953	[1176] DFQ: ref: 2AD6AB8 req: {A6EF9860-C720-11D0-9337-00A0C90DCAA9} 	
00001784	10:56:53.953	[1176] CFQ: ref: 2AE50C0 req: {332C4427-26CB-11D0-B483-00C04FD90119} 	
00001785	10:56:53.953	[1176] CFQ: ref: 2AE50C0 req: {332C4427-26CB-11D0-B483-00C04FD90119} 	
00001786	10:56:53.953	[1176] DFQ: ref: 2AD6AB8 req: {332C4427-26CB-11D0-B483-00C04FD90119} 	
00001787	10:56:53.953	[1176] CFQ: ref: 2AE50C0 req: {A6EF9860-C720-11D0-9337-00A0C90DCAA9} 	
00001788	10:56:53.953	[1176] CFQ: ref: 2AE50C0 req: {A6EF9860-C720-11D0-9337-00A0C90DCAA9} 	
00001789	10:56:53.953	[1176] DFQ: ref: 2AD6AB8 req: {A6EF9860-C720-11D0-9337-00A0C90DCAA9} 	
00001790	10:56:53.969	[1176] CFQ: ref: 2AE50C0 req: {332C4427-26CB-11D0-B483-00C04FD90119} 	
00001791	10:56:53.969	[1176] CFQ: ref: 2AE50C0 req: {332C4427-26CB-11D0-B483-00C04FD90119} 	
00001792	10:56:53.969	[1176] DFQ: ref: 2AD6AB8 req: {332C4427-26CB-11D0-B483-00C04FD90119} 	
00001793	10:56:53.969	[1176] CFQ: ref: 2AE50C0 req: {A6EF9860-C720-11D0-9337-00A0C90DCAA9} 	
00001794	10:56:53.969	[1176] CFQ: ref: 2AE50C0 req: {A6EF9860-C720-11D0-9337-00A0C90DCAA9} 	
00001795	10:56:53.969	[1176] DFQ: ref: 2AD6AB8 req: {A6EF9860-C720-11D0-9337-00A0C90DCAA9} 	
00001796	10:56:53.969	[1176] CFQ: ref: 2AE50C0 req: {332C4427-26CB-11D0-B483-00C04FD90119} 	
00001797	10:56:53.969	[1176] CFQ: ref: 2AE50C0 req: {332C4427-26CB-11D0-B483-00C04FD90119} 	
00001798	10:56:53.969	[1176] DFQ: ref: 2AD6AB8 req: {332C4427-26CB-11D0-B483-00C04FD90119} 	
00001799	10:56:53.969	[1176] CFQ: ref: 2AE50C0 req: {A6EF9860-C720-11D0-9337-00A0C90DCAA9} 	
00001800	10:56:53.969	[1176] CFQ: ref: 2AE50C0 req: {A6EF9860-C720-11D0-9337-00A0C90DCAA9} 	
00001801	10:56:53.969	[1176] DFQ: ref: 2AD6AB8 req: {A6EF9860-C720-11D0-9337-00A0C90DCAA9} 	
00001802	10:56:53.984	[1176] CFQ: ref: 2AE50C0 req: {332C4427-26CB-11D0-B483-00C04FD90119} 	
00001803	10:56:53.984	[1176] CFQ: ref: 2AE50C0 req: {332C4427-26CB-11D0-B483-00C04FD90119} 	
00001804	10:56:53.984	[1176] DFQ: ref: 2AD6AB8 req: {332C4427-26CB-11D0-B483-00C04FD90119} 	
00001805	10:56:53.984	[1176] CFQ: ref: 2AE50C0 req: {A6EF9860-C720-11D0-9337-00A0C90DCAA9} 	
00001806	10:56:53.984	[1176] CFQ: ref: 2AE50C0 req: {A6EF9860-C720-11D0-9337-00A0C90DCAA9} 	
00001807	10:56:53.984	[1176] DFQ: ref: 2AD6AB8 req: {A6EF9860-C720-11D0-9337-00A0C90DCAA9} 	
00001808	10:56:53.984	[1176] CFQ: ref: 2AE50C0 req: {332C4427-26CB-11D0-B483-00C04FD90119} 	
00001809	10:56:53.984	[1176] CFQ: ref: 2AE50C0 req: {332C4427-26CB-11D0-B483-00C04FD90119} 	
00001810	10:56:53.984	[1176] DFQ: ref: 2AD6AB8 req: {332C4427-26CB-11D0-B483-00C04FD90119} 	
00001811	10:56:53.984	[1176] CFQ: ref: 2AE50C0 req: {A6EF9860-C720-11D0-9337-00A0C90DCAA9} 	
00001812	10:56:53.984	[1176] CFQ: ref: 2AE50C0 req: {A6EF9860-C720-11D0-9337-00A0C90DCAA9} 	
00001813	10:56:53.984	[1176] DFQ: ref: 2AD6AB8 req: {A6EF9860-C720-11D0-9337-00A0C90DCAA9} 	
00001814	10:56:54.000	[1176] CFQ: ref: 2AE50C0 req: {332C4427-26CB-11D0-B483-00C04FD90119} 	
00001815	10:56:54.000	[1176] CFQ: ref: 2AE50C0 req: {332C4427-26CB-11D0-B483-00C04FD90119} 	
00001816	10:56:54.000	[1176] DFQ: ref: 2AD6AB8 req: {332C4427-26CB-11D0-B483-00C04FD90119} 	
00001817	10:56:54.000	[1176] CFQ: ref: 2AE50C0 req: {A6EF9860-C720-11D0-9337-00A0C90DCAA9} 	
00001818	10:56:54.000	[1176] CFQ: ref: 2AE50C0 req: {A6EF9860-C720-11D0-9337-00A0C90DCAA9} 	
00001819	10:56:54.000	[1176] DFQ: ref: 2AD6AB8 req: {A6EF9860-C720-11D0-9337-00A0C90DCAA9} 	
00001820	10:56:54.000	[1176] CFQ: ref: 2AE50C0 req: {332C4427-26CB-11D0-B483-00C04FD90119} 	
00001821	10:56:54.000	[1176] CFQ: ref: 2AE50C0 req: {332C4427-26CB-11D0-B483-00C04FD90119} 	
00001822	10:56:54.000	[1176] DFQ: ref: 2AD6AB8 req: {332C4427-26CB-11D0-B483-00C04FD90119} 	
00001823	10:56:54.000	[1176] CFQ: ref: 2AE50C0 req: {A6EF9860-C720-11D0-9337-00A0C90DCAA9} 	
00001824	10:56:54.000	[1176] CFQ: ref: 2AE50C0 req: {A6EF9860-C720-11D0-9337-00A0C90DCAA9} 	
00001825	10:56:54.000	[1176] DFQ: ref: 2AD6AB8 req: {A6EF9860-C720-11D0-9337-00A0C90DCAA9} 	
00001826	10:56:54.015	[1176] CFQ: ref: 2AE50C0 req: {332C4427-26CB-11D0-B483-00C04FD90119} 	
00001827	10:56:54.015	[1176] CFQ: ref: 2AE50C0 req: {332C4427-26CB-11D0-B483-00C04FD90119} 	
00001828	10:56:54.015	[1176] DFQ: ref: 2AD6AB8 req: {332C4427-26CB-11D0-B483-00C04FD90119} 	
00001829	10:56:54.015	[1176] CFQ: ref: 2AE50C0 req: {A6EF9860-C720-11D0-9337-00A0C90DCAA9} 	
00001830	10:56:54.015	[1176] CFQ: ref: 2AE50C0 req: {A6EF9860-C720-11D0-9337-00A0C90DCAA9} 	
00001831	10:56:54.015	[1176] DFQ: ref: 2AD6AB8 req: {A6EF9860-C720-11D0-9337-00A0C90DCAA9} 	
00001832	10:56:54.015	[1176] CFQ: ref: 2AE50C0 req: {332C4427-26CB-11D0-B483-00C04FD90119} 	
00001833	10:56:54.015	[1176] CFQ: ref: 2AE50C0 req: {332C4427-26CB-11D0-B483-00C04FD90119} 	
00001834	10:56:54.015	[1176] DFQ: ref: 2AD6AB8 req: {332C4427-26CB-11D0-B483-00C04FD90119} 	
00001835	10:56:54.015	[1176] CFQ: ref: 2AE50C0 req: {A6EF9860-C720-11D0-9337-00A0C90DCAA9} 	
00001836	10:56:54.015	[1176] CFQ: ref: 2AE50C0 req: {A6EF9860-C720-11D0-9337-00A0C90DCAA9} 	
00001837	10:56:54.015	[1176] DFQ: ref: 2AD6AB8 req: {A6EF9860-C720-11D0-9337-00A0C90DCAA9} 	
00001838	10:56:54.031	[1176] CFQ: ref: 2AE50C0 req: {332C4427-26CB-11D0-B483-00C04FD90119} 	
00001839	10:56:54.031	[1176] CFQ: ref: 2AE50C0 req: {332C4427-26CB-11D0-B483-00C04FD90119} 	
00001840	10:56:54.031	[1176] DFQ: ref: 2AD6AB8 req: {332C4427-26CB-11D0-B483-00C04FD90119} 	
00001841	10:56:54.031	[1176] CFQ: ref: 2AE50C0 req: {A6EF9860-C720-11D0-9337-00A0C90DCAA9} 	
00001842	10:56:54.031	[1176] CFQ: ref: 2AE50C0 req: {A6EF9860-C720-11D0-9337-00A0C90DCAA9} 	
00001843	10:56:54.031	[1176] DFQ: ref: 2AD6AB8 req: {A6EF9860-C720-11D0-9337-00A0C90DCAA9} 	
00001844	10:56:54.031	[1176] CFQ: ref: 2AE50C0 req: {332C4427-26CB-11D0-B483-00C04FD90119} 	
00001845	10:56:54.031	[1176] CFQ: ref: 2AE50C0 req: {332C4427-26CB-11D0-B483-00C04FD90119} 	
00001846	10:56:54.031	[1176] DFQ: ref: 2AD6AB8 req: {332C4427-26CB-11D0-B483-00C04FD90119} 	
00001847	10:56:54.031	[1176] CFQ: ref: 2AE50C0 req: {A6EF9860-C720-11D0-9337-00A0C90DCAA9} 	
00001848	10:56:54.031	[1176] CFQ: ref: 2AE50C0 req: {A6EF9860-C720-11D0-9337-00A0C90DCAA9} 	
00001849	10:56:54.031	[1176] DFQ: ref: 2AD6AB8 req: {A6EF9860-C720-11D0-9337-00A0C90DCAA9} 	
00001850	10:56:54.047	[1176] CFQ: ref: 2AE50C0 req: {332C4427-26CB-11D0-B483-00C04FD90119} 	
00001851	10:56:54.047	[1176] CFQ: ref: 2AE50C0 req: {332C4427-26CB-11D0-B483-00C04FD90119} 	
00001852	10:56:54.047	[1176] DFQ: ref: 2AD6AB8 req: {332C4427-26CB-11D0-B483-00C04FD90119} 	
00001853	10:56:54.047	[1176] CFQ: ref: 2AE50C0 req: {A6EF9860-C720-11D0-9337-00A0C90DCAA9} 	
00001854	10:56:54.047	[1176] CFQ: ref: 2AE50C0 req: {A6EF9860-C720-11D0-9337-00A0C90DCAA9} 	
00001855	10:56:54.047	[1176] DFQ: ref: 2AD6AB8 req: {A6EF9860-C720-11D0-9337-00A0C90DCAA9} 	
00001856	10:56:54.047	[1176] CFQ: ref: 2AE50C0 req: {332C4427-26CB-11D0-B483-00C04FD90119} 	
00001857	10:56:54.047	[1176] CFQ: ref: 2AE50C0 req: {332C4427-26CB-11D0-B483-00C04FD90119} 	
00001858	10:56:54.047	[1176] DFQ: ref: 2AD6AB8 req: {332C4427-26CB-11D0-B483-00C04FD90119} 	
00001859	10:56:54.047	[1176] CFQ: ref: 2AE50C0 req: {A6EF9860-C720-11D0-9337-00A0C90DCAA9} 	
00001860	10:56:54.047	[1176] CFQ: ref: 2AE50C0 req: {A6EF9860-C720-11D0-9337-00A0C90DCAA9} 	
00001861	10:56:54.047	[1176] DFQ: ref: 2AD6AB8 req: {A6EF9860-C720-11D0-9337-00A0C90DCAA9} 	
00001862	10:56:54.062	[1176] CFQ: ref: 2AE50C0 req: {332C4427-26CB-11D0-B483-00C04FD90119} 	
00001863	10:56:54.062	[1176] CFQ: ref: 2AE50C0 req: {332C4427-26CB-11D0-B483-00C04FD90119} 	
00001864	10:56:54.062	[1176] DFQ: ref: 2AD6AB8 req: {332C4427-26CB-11D0-B483-00C04FD90119} 	
00001865	10:56:54.062	[1176] CFQ: ref: 2AE50C0 req: {A6EF9860-C720-11D0-9337-00A0C90DCAA9} 	
00001866	10:56:54.062	[1176] CFQ: ref: 2AE50C0 req: {A6EF9860-C720-11D0-9337-00A0C90DCAA9} 	
00001867	10:56:54.062	[1176] DFQ: ref: 2AD6AB8 req: {A6EF9860-C720-11D0-9337-00A0C90DCAA9} 	
00001868	10:56:54.062	[1176] CFQ: ref: 2AE50C0 req: {332C4427-26CB-11D0-B483-00C04FD90119} 	
00001869	10:56:54.062	[1176] CFQ: ref: 2AE50C0 req: {332C4427-26CB-11D0-B483-00C04FD90119} 	
00001870	10:56:54.062	[1176] DFQ: ref: 2AD6AB8 req: {332C4427-26CB-11D0-B483-00C04FD90119} 	
00001871	10:56:54.062	[1176] CFQ: ref: 2AE50C0 req: {A6EF9860-C720-11D0-9337-00A0C90DCAA9} 	
00001872	10:56:54.062	[1176] CFQ: ref: 2AE50C0 req: {A6EF9860-C720-11D0-9337-00A0C90DCAA9} 	
00001873	10:56:54.062	[1176] DFQ: ref: 2AD6AB8 req: {A6EF9860-C720-11D0-9337-00A0C90DCAA9} 	
00001874	10:56:54.109	[1176] CFQ: ref: 2AE50C0 req: {332C4427-26CB-11D0-B483-00C04FD90119} 	
00001875	10:56:54.109	[1176] CFQ: ref: 2AE50C0 req: {332C4427-26CB-11D0-B483-00C04FD90119} 	
00001876	10:56:54.109	[1176] DFQ: ref: 2AD6AB8 req: {332C4427-26CB-11D0-B483-00C04FD90119} 	
00001877	10:56:54.109	[1176] CFQ: ref: 2AE50C0 req: {A6EF9860-C720-11D0-9337-00A0C90DCAA9} 	
00001878	10:56:54.109	[1176] CFQ: ref: 2AE50C0 req: {A6EF9860-C720-11D0-9337-00A0C90DCAA9} 	
00001879	10:56:54.109	[1176] DFQ: ref: 2AD6AB8 req: {A6EF9860-C720-11D0-9337-00A0C90DCAA9} 	
00001880	10:56:54.109	[1176] CFQ: ref: 2AE50C0 req: {332C4427-26CB-11D0-B483-00C04FD90119} 	
00001881	10:56:54.109	[1176] CFQ: ref: 2AE50C0 req: {332C4427-26CB-11D0-B483-00C04FD90119} 	
00001882	10:56:54.109	[1176] DFQ: ref: 2AD6AB8 req: {332C4427-26CB-11D0-B483-00C04FD90119} 	
00001883	10:56:54.109	[1176] CFQ: ref: 2AE50C0 req: {A6EF9860-C720-11D0-9337-00A0C90DCAA9} 	
00001884	10:56:54.109	[1176] CFQ: ref: 2AE50C0 req: {A6EF9860-C720-11D0-9337-00A0C90DCAA9} 	
00001885	10:56:54.109	[1176] DFQ: ref: 2AD6AB8 req: {A6EF9860-C720-11D0-9337-00A0C90DCAA9} 	
00001886	10:56:54.125	[1176] CFQ: ref: 2AE50C0 req: {332C4427-26CB-11D0-B483-00C04FD90119} 	
00001887	10:56:54.125	[1176] CFQ: ref: 2AE50C0 req: {332C4427-26CB-11D0-B483-00C04FD90119} 	
00001888	10:56:54.125	[1176] DFQ: ref: 2AD6AB8 req: {332C4427-26CB-11D0-B483-00C04FD90119} 	
00001889	10:56:54.125	[1176] CFQ: ref: 2AE50C0 req: {A6EF9860-C720-11D0-9337-00A0C90DCAA9} 	
00001890	10:56:54.125	[1176] CFQ: ref: 2AE50C0 req: {A6EF9860-C720-11D0-9337-00A0C90DCAA9} 	
00001891	10:56:54.125	[1176] DFQ: ref: 2AD6AB8 req: {A6EF9860-C720-11D0-9337-00A0C90DCAA9} 	
00001892	10:56:54.125	[1176] CFQ: ref: 2AE50C0 req: {332C4427-26CB-11D0-B483-00C04FD90119} 	
00001893	10:56:54.125	[1176] CFQ: ref: 2AE50C0 req: {332C4427-26CB-11D0-B483-00C04FD90119} 	
00001894	10:56:54.125	[1176] DFQ: ref: 2AD6AB8 req: {332C4427-26CB-11D0-B483-00C04FD90119} 	
00001895	10:56:54.125	[1176] CFQ: ref: 2AE50C0 req: {A6EF9860-C720-11D0-9337-00A0C90DCAA9} 	
00001896	10:56:54.125	[1176] CFQ: ref: 2AE50C0 req: {A6EF9860-C720-11D0-9337-00A0C90DCAA9} 	
00001897	10:56:54.125	[1176] DFQ: ref: 2AD6AB8 req: {A6EF9860-C720-11D0-9337-00A0C90DCAA9} 	
00001898	10:56:54.140	[1176] CFQ: ref: 2AE50C0 req: {332C4427-26CB-11D0-B483-00C04FD90119} 	
00001899	10:56:54.140	[1176] CFQ: ref: 2AE50C0 req: {332C4427-26CB-11D0-B483-00C04FD90119} 	
00001900	10:56:54.140	[1176] DFQ: ref: 2AD6AB8 req: {332C4427-26CB-11D0-B483-00C04FD90119} 	
00001901	10:56:54.140	[1176] CFQ: ref: 2AE50C0 req: {A6EF9860-C720-11D0-9337-00A0C90DCAA9} 	
00001902	10:56:54.140	[1176] CFQ: ref: 2AE50C0 req: {A6EF9860-C720-11D0-9337-00A0C90DCAA9} 	
00001903	10:56:54.140	[1176] DFQ: ref: 2AD6AB8 req: {A6EF9860-C720-11D0-9337-00A0C90DCAA9} 	
00001904	10:56:54.140	[1176] CFQ: ref: 2AE50C0 req: {332C4427-26CB-11D0-B483-00C04FD90119} 	
00001905	10:56:54.140	[1176] CFQ: ref: 2AE50C0 req: {332C4427-26CB-11D0-B483-00C04FD90119} 	
00001906	10:56:54.140	[1176] DFQ: ref: 2AD6AB8 req: {332C4427-26CB-11D0-B483-00C04FD90119} 	
00001907	10:56:54.140	[1176] CFQ: ref: 2AE50C0 req: {A6EF9860-C720-11D0-9337-00A0C90DCAA9} 	
00001908	10:56:54.140	[1176] CFQ: ref: 2AE50C0 req: {A6EF9860-C720-11D0-9337-00A0C90DCAA9} 	
00001909	10:56:54.140	[1176] DFQ: ref: 2AD6AB8 req: {A6EF9860-C720-11D0-9337-00A0C90DCAA9} 	
00001910	10:56:54.156	[1176] CFQ: ref: 2AE50C0 req: {332C4427-26CB-11D0-B483-00C04FD90119} 	
00001911	10:56:54.156	[1176] CFQ: ref: 2AE50C0 req: {332C4427-26CB-11D0-B483-00C04FD90119} 	
00001912	10:56:54.156	[1176] DFQ: ref: 2AD6AB8 req: {332C4427-26CB-11D0-B483-00C04FD90119} 	
00001913	10:56:54.156	[1176] CFQ: ref: 2AE50C0 req: {A6EF9860-C720-11D0-9337-00A0C90DCAA9} 	
00001914	10:56:54.156	[1176] CFQ: ref: 2AE50C0 req: {A6EF9860-C720-11D0-9337-00A0C90DCAA9} 	
00001915	10:56:54.156	[1176] DFQ: ref: 2AD6AB8 req: {A6EF9860-C720-11D0-9337-00A0C90DCAA9} 	
00001916	10:56:54.156	[1176] CFQ: ref: 2AE50C0 req: {332C4427-26CB-11D0-B483-00C04FD90119} 	
00001917	10:56:54.156	[1176] CFQ: ref: 2AE50C0 req: {332C4427-26CB-11D0-B483-00C04FD90119} 	
00001918	10:56:54.156	[1176] DFQ: ref: 2AD6AB8 req: {332C4427-26CB-11D0-B483-00C04FD90119} 	
00001919	10:56:54.156	[1176] CFQ: ref: 2AE50C0 req: {A6EF9860-C720-11D0-9337-00A0C90DCAA9} 	
00001920	10:56:54.156	[1176] CFQ: ref: 2AE50C0 req: {A6EF9860-C720-11D0-9337-00A0C90DCAA9} 	
00001921	10:56:54.156	[1176] DFQ: ref: 2AD6AB8 req: {A6EF9860-C720-11D0-9337-00A0C90DCAA9} 	
00001922	10:56:54.172	[1176] CFQ: ref: 2AE50C0 req: {332C4427-26CB-11D0-B483-00C04FD90119} 	
00001923	10:56:54.172	[1176] CFQ: ref: 2AE50C0 req: {332C4427-26CB-11D0-B483-00C04FD90119} 	
00001924	10:56:54.172	[1176] DFQ: ref: 2AD6AB8 req: {332C4427-26CB-11D0-B483-00C04FD90119} 	
00001925	10:56:54.172	[1176] CFQ: ref: 2AE50C0 req: {A6EF9860-C720-11D0-9337-00A0C90DCAA9} 	
00001926	10:56:54.172	[1176] CFQ: ref: 2AE50C0 req: {A6EF9860-C720-11D0-9337-00A0C90DCAA9} 	
00001927	10:56:54.172	[1176] DFQ: ref: 2AD6AB8 req: {A6EF9860-C720-11D0-9337-00A0C90DCAA9} 	
00001928	10:56:54.172	[1176] CFQ: ref: 2AE50C0 req: {332C4427-26CB-11D0-B483-00C04FD90119} 	
00001929	10:56:54.172	[1176] CFQ: ref: 2AE50C0 req: {332C4427-26CB-11D0-B483-00C04FD90119} 	
00001930	10:56:54.172	[1176] DFQ: ref: 2AD6AB8 req: {332C4427-26CB-11D0-B483-00C04FD90119} 	
00001931	10:56:54.172	[1176] CFQ: ref: 2AE50C0 req: {A6EF9860-C720-11D0-9337-00A0C90DCAA9} 	
00001932	10:56:54.172	[1176] CFQ: ref: 2AE50C0 req: {A6EF9860-C720-11D0-9337-00A0C90DCAA9} 	
00001933	10:56:54.172	[1176] DFQ: ref: 2AD6AB8 req: {A6EF9860-C720-11D0-9337-00A0C90DCAA9} 	
00001934	10:56:54.187	[1176] CFQ: ref: 2AE50C0 req: {332C4427-26CB-11D0-B483-00C04FD90119} 	
00001935	10:56:54.187	[1176] CFQ: ref: 2AE50C0 req: {332C4427-26CB-11D0-B483-00C04FD90119} 	
00001936	10:56:54.187	[1176] DFQ: ref: 2AD6AB8 req: {332C4427-26CB-11D0-B483-00C04FD90119} 	
00001937	10:56:54.187	[1176] CFQ: ref: 2AE50C0 req: {A6EF9860-C720-11D0-9337-00A0C90DCAA9} 	
00001938	10:56:54.187	[1176] CFQ: ref: 2AE50C0 req: {A6EF9860-C720-11D0-9337-00A0C90DCAA9} 	
00001939	10:56:54.187	[1176] DFQ: ref: 2AD6AB8 req: {A6EF9860-C720-11D0-9337-00A0C90DCAA9} 	
00001940	10:56:54.187	[1176] CFQ: ref: 2AE50C0 req: {332C4427-26CB-11D0-B483-00C04FD90119} 	
00001941	10:56:54.187	[1176] CFQ: ref: 2AE50C0 req: {332C4427-26CB-11D0-B483-00C04FD90119} 	
00001942	10:56:54.187	[1176] DFQ: ref: 2AD6AB8 req: {332C4427-26CB-11D0-B483-00C04FD90119} 	
00001943	10:56:54.187	[1176] CFQ: ref: 2AE50C0 req: {A6EF9860-C720-11D0-9337-00A0C90DCAA9} 	
00001944	10:56:54.187	[1176] CFQ: ref: 2AE50C0 req: {A6EF9860-C720-11D0-9337-00A0C90DCAA9} 	
00001945	10:56:54.187	[1176] DFQ: ref: 2AD6AB8 req: {A6EF9860-C720-11D0-9337-00A0C90DCAA9} 	
00001946	10:56:54.203	[1176] CFQ: ref: 2AE50C0 req: {332C4427-26CB-11D0-B483-00C04FD90119} 	
00001947	10:56:54.203	[1176] CFQ: ref: 2AE50C0 req: {332C4427-26CB-11D0-B483-00C04FD90119} 	
00001948	10:56:54.203	[1176] DFQ: ref: 2AD6AB8 req: {332C4427-26CB-11D0-B483-00C04FD90119} 	
00001949	10:56:54.203	[1176] CFQ: ref: 2AE50C0 req: {A6EF9860-C720-11D0-9337-00A0C90DCAA9} 	
00001950	10:56:54.203	[1176] CFQ: ref: 2AE50C0 req: {A6EF9860-C720-11D0-9337-00A0C90DCAA9} 	
00001951	10:56:54.203	[1176] DFQ: ref: 2AD6AB8 req: {A6EF9860-C720-11D0-9337-00A0C90DCAA9} 	
00001952	10:56:54.203	[1176] CFQ: ref: 2AE50C0 req: {332C4427-26CB-11D0-B483-00C04FD90119} 	
00001953	10:56:54.203	[1176] CFQ: ref: 2AE50C0 req: {332C4427-26CB-11D0-B483-00C04FD90119} 	
00001954	10:56:54.203	[1176] DFQ: ref: 2AD6AB8 req: {332C4427-26CB-11D0-B483-00C04FD90119} 	
00001955	10:56:54.203	[1176] CFQ: ref: 2AE50C0 req: {A6EF9860-C720-11D0-9337-00A0C90DCAA9} 	
00001956	10:56:54.203	[1176] CFQ: ref: 2AE50C0 req: {A6EF9860-C720-11D0-9337-00A0C90DCAA9} 	
00001957	10:56:54.203	[1176] DFQ: ref: 2AD6AB8 req: {A6EF9860-C720-11D0-9337-00A0C90DCAA9} 	
00001958	10:56:54.219	[1176] CFQ: ref: 2AE50C0 req: {332C4427-26CB-11D0-B483-00C04FD90119} 	
00001959	10:56:54.219	[1176] CFQ: ref: 2AE50C0 req: {332C4427-26CB-11D0-B483-00C04FD90119} 	
00001960	10:56:54.219	[1176] DFQ: ref: 2AD6AB8 req: {332C4427-26CB-11D0-B483-00C04FD90119} 	
00001961	10:56:54.219	[1176] CFQ: ref: 2AE50C0 req: {A6EF9860-C720-11D0-9337-00A0C90DCAA9} 	
00001962	10:56:54.219	[1176] CFQ: ref: 2AE50C0 req: {A6EF9860-C720-11D0-9337-00A0C90DCAA9} 	
00001963	10:56:54.219	[1176] DFQ: ref: 2AD6AB8 req: {A6EF9860-C720-11D0-9337-00A0C90DCAA9} 	
00001964	10:56:54.219	[1176] CFQ: ref: 2AE50C0 req: {332C4427-26CB-11D0-B483-00C04FD90119} 	
00001965	10:56:54.219	[1176] CFQ: ref: 2AE50C0 req: {332C4427-26CB-11D0-B483-00C04FD90119} 	
00001966	10:56:54.219	[1176] DFQ: ref: 2AD6AB8 req: {332C4427-26CB-11D0-B483-00C04FD90119} 	
00001967	10:56:54.219	[1176] CFQ: ref: 2AE50C0 req: {A6EF9860-C720-11D0-9337-00A0C90DCAA9} 	
00001968	10:56:54.219	[1176] CFQ: ref: 2AE50C0 req: {A6EF9860-C720-11D0-9337-00A0C90DCAA9} 	
00001969	10:56:54.219	[1176] DFQ: ref: 2AD6AB8 req: {A6EF9860-C720-11D0-9337-00A0C90DCAA9} 	
00001970	10:56:54.234	[1176] CFQ: ref: 2AE50C0 req: {332C4427-26CB-11D0-B483-00C04FD90119} 	
00001971	10:56:54.234	[1176] CFQ: ref: 2AE50C0 req: {332C4427-26CB-11D0-B483-00C04FD90119} 	
00001972	10:56:54.234	[1176] DFQ: ref: 2AD6AB8 req: {332C4427-26CB-11D0-B483-00C04FD90119} 	
00001973	10:56:54.234	[1176] CFQ: ref: 2AE50C0 req: {A6EF9860-C720-11D0-9337-00A0C90DCAA9} 	
00001974	10:56:54.234	[1176] CFQ: ref: 2AE50C0 req: {A6EF9860-C720-11D0-9337-00A0C90DCAA9} 	
00001975	10:56:54.234	[1176] DFQ: ref: 2AD6AB8 req: {A6EF9860-C720-11D0-9337-00A0C90DCAA9} 	
00001976	10:56:54.234	[1176] CFQ: ref: 2AE50C0 req: {332C4427-26CB-11D0-B483-00C04FD90119} 	
00001977	10:56:54.234	[1176] CFQ: ref: 2AE50C0 req: {332C4427-26CB-11D0-B483-00C04FD90119} 	
00001978	10:56:54.234	[1176] DFQ: ref: 2AD6AB8 req: {332C4427-26CB-11D0-B483-00C04FD90119} 	
00001979	10:56:54.234	[1176] CFQ: ref: 2AE50C0 req: {A6EF9860-C720-11D0-9337-00A0C90DCAA9} 	
00001980	10:56:54.234	[1176] CFQ: ref: 2AE50C0 req: {A6EF9860-C720-11D0-9337-00A0C90DCAA9} 	
00001981	10:56:54.234	[1176] DFQ: ref: 2AD6AB8 req: {A6EF9860-C720-11D0-9337-00A0C90DCAA9} 	
00001982	10:56:54.250	[1176] CFQ: ref: 2AE50C0 req: {332C4427-26CB-11D0-B483-00C04FD90119} 	
00001983	10:56:54.250	[1176] CFQ: ref: 2AE50C0 req: {332C4427-26CB-11D0-B483-00C04FD90119} 	
00001984	10:56:54.250	[1176] DFQ: ref: 2AD6AB8 req: {332C4427-26CB-11D0-B483-00C04FD90119} 	
00001985	10:56:54.250	[1176] CFQ: ref: 2AE50C0 req: {A6EF9860-C720-11D0-9337-00A0C90DCAA9} 	
00001986	10:56:54.250	[1176] CFQ: ref: 2AE50C0 req: {A6EF9860-C720-11D0-9337-00A0C90DCAA9} 	
00001987	10:56:54.250	[1176] DFQ: ref: 2AD6AB8 req: {A6EF9860-C720-11D0-9337-00A0C90DCAA9} 	
00001988	10:56:54.250	[1176] CFQ: ref: 2AE50C0 req: {332C4427-26CB-11D0-B483-00C04FD90119} 	
00001989	10:56:54.250	[1176] CFQ: ref: 2AE50C0 req: {332C4427-26CB-11D0-B483-00C04FD90119} 	
00001990	10:56:54.250	[1176] DFQ: ref: 2AD6AB8 req: {332C4427-26CB-11D0-B483-00C04FD90119} 	
00001991	10:56:54.250	[1176] CFQ: ref: 2AE50C0 req: {A6EF9860-C720-11D0-9337-00A0C90DCAA9} 	
00001992	10:56:54.250	[1176] CFQ: ref: 2AE50C0 req: {A6EF9860-C720-11D0-9337-00A0C90DCAA9} 	
00001993	10:56:54.250	[1176] DFQ: ref: 2AD6AB8 req: {A6EF9860-C720-11D0-9337-00A0C90DCAA9} 	
00001994	10:56:54.265	[1176] CFQ: ref: 2AE50C0 req: {332C4427-26CB-11D0-B483-00C04FD90119} 	
00001995	10:56:54.265	[1176] CFQ: ref: 2AE50C0 req: {332C4427-26CB-11D0-B483-00C04FD90119} 	
00001996	10:56:54.265	[1176] DFQ: ref: 2AD6AB8 req: {332C4427-26CB-11D0-B483-00C04FD90119} 	
00001997	10:56:54.265	[1176] CFQ: ref: 2AE50C0 req: {A6EF9860-C720-11D0-9337-00A0C90DCAA9} 	
00001998	10:56:54.265	[1176] CFQ: ref: 2AE50C0 req: {A6EF9860-C720-11D0-9337-00A0C90DCAA9} 	
00001999	10:56:54.265	[1176] DFQ: ref: 2AD6AB8 req: {A6EF9860-C720-11D0-9337-00A0C90DCAA9} 	
00002000	10:56:54.265	[1176] CFQ: ref: 2AE50C0 req: {332C4427-26CB-11D0-B483-00C04FD90119} 	
00002001	10:56:54.265	[1176] CFQ: ref: 2AE50C0 req: {332C4427-26CB-11D0-B483-00C04FD90119} 	
00002002	10:56:54.265	[1176] DFQ: ref: 2AD6AB8 req: {332C4427-26CB-11D0-B483-00C04FD90119} 	
00002003	10:56:54.265	[1176] CFQ: ref: 2AE50C0 req: {A6EF9860-C720-11D0-9337-00A0C90DCAA9} 	
00002004	10:56:54.265	[1176] CFQ: ref: 2AE50C0 req: {A6EF9860-C720-11D0-9337-00A0C90DCAA9} 	
00002005	10:56:54.265	[1176] DFQ: ref: 2AD6AB8 req: {A6EF9860-C720-11D0-9337-00A0C90DCAA9} 	
00002006	10:56:54.281	[1176] CFQ: ref: 2AE50C0 req: {332C4427-26CB-11D0-B483-00C04FD90119} 	
00002007	10:56:54.281	[1176] CFQ: ref: 2AE50C0 req: {332C4427-26CB-11D0-B483-00C04FD90119} 	
00002008	10:56:54.281	[1176] DFQ: ref: 2AD6AB8 req: {332C4427-26CB-11D0-B483-00C04FD90119} 	
00002009	10:56:54.281	[1176] CFQ: ref: 2AE50C0 req: {A6EF9860-C720-11D0-9337-00A0C90DCAA9} 	
00002010	10:56:54.281	[1176] CFQ: ref: 2AE50C0 req: {A6EF9860-C720-11D0-9337-00A0C90DCAA9} 	
00002011	10:56:54.281	[1176] DFQ: ref: 2AD6AB8 req: {A6EF9860-C720-11D0-9337-00A0C90DCAA9} 	
00002012	10:56:54.281	[1176] CFQ: ref: 2AE50C0 req: {332C4427-26CB-11D0-B483-00C04FD90119} 	
00002013	10:56:54.281	[1176] CFQ: ref: 2AE50C0 req: {332C4427-26CB-11D0-B483-00C04FD90119} 	
00002014	10:56:54.281	[1176] DFQ: ref: 2AD6AB8 req: {332C4427-26CB-11D0-B483-00C04FD90119} 	
00002015	10:56:54.281	[1176] CFQ: ref: 2AE50C0 req: {A6EF9860-C720-11D0-9337-00A0C90DCAA9} 	
00002016	10:56:54.281	[1176] CFQ: ref: 2AE50C0 req: {A6EF9860-C720-11D0-9337-00A0C90DCAA9} 	
00002017	10:56:54.281	[1176] DFQ: ref: 2AD6AB8 req: {A6EF9860-C720-11D0-9337-00A0C90DCAA9} 	
00002018	10:56:54.297	[1176] CFQ: ref: 2AE50C0 req: {332C4427-26CB-11D0-B483-00C04FD90119} 	
00002019	10:56:54.297	[1176] CFQ: ref: 2AE50C0 req: {332C4427-26CB-11D0-B483-00C04FD90119} 	
00002020	10:56:54.297	[1176] DFQ: ref: 2AD6AB8 req: {332C4427-26CB-11D0-B483-00C04FD90119} 	
00002021	10:56:54.297	[1176] CFQ: ref: 2AE50C0 req: {A6EF9860-C720-11D0-9337-00A0C90DCAA9} 	
00002022	10:56:54.297	[1176] CFQ: ref: 2AE50C0 req: {A6EF9860-C720-11D0-9337-00A0C90DCAA9} 	
00002023	10:56:54.297	[1176] DFQ: ref: 2AD6AB8 req: {A6EF9860-C720-11D0-9337-00A0C90DCAA9} 	
00002024	10:56:54.297	[1176] CFQ: ref: 2AE50C0 req: {332C4427-26CB-11D0-B483-00C04FD90119} 	
00002025	10:56:54.297	[1176] CFQ: ref: 2AE50C0 req: {332C4427-26CB-11D0-B483-00C04FD90119} 	
00002026	10:56:54.297	[1176] DFQ: ref: 2AD6AB8 req: {332C4427-26CB-11D0-B483-00C04FD90119} 	
00002027	10:56:54.297	[1176] CFQ: ref: 2AE50C0 req: {A6EF9860-C720-11D0-9337-00A0C90DCAA9} 	
00002028	10:56:54.297	[1176] CFQ: ref: 2AE50C0 req: {A6EF9860-C720-11D0-9337-00A0C90DCAA9} 	
00002029	10:56:54.297	[1176] DFQ: ref: 2AD6AB8 req: {A6EF9860-C720-11D0-9337-00A0C90DCAA9} 	
00002030	10:56:54.312	[1176] CFQ: ref: 2AE50C0 req: {332C4427-26CB-11D0-B483-00C04FD90119} 	
00002031	10:56:54.312	[1176] CFQ: ref: 2AE50C0 req: {332C4427-26CB-11D0-B483-00C04FD90119} 	
00002032	10:56:54.312	[1176] DFQ: ref: 2AD6AB8 req: {332C4427-26CB-11D0-B483-00C04FD90119} 	
00002033	10:56:54.312	[1176] CFQ: ref: 2AE50C0 req: {A6EF9860-C720-11D0-9337-00A0C90DCAA9} 	
00002034	10:56:54.312	[1176] CFQ: ref: 2AE50C0 req: {A6EF9860-C720-11D0-9337-00A0C90DCAA9} 	
00002035	10:56:54.312	[1176] DFQ: ref: 2AD6AB8 req: {A6EF9860-C720-11D0-9337-00A0C90DCAA9} 	
00002036	10:56:54.312	[1176] CFQ: ref: 2AE50C0 req: {332C4427-26CB-11D0-B483-00C04FD90119} 	
00002037	10:56:54.312	[1176] CFQ: ref: 2AE50C0 req: {332C4427-26CB-11D0-B483-00C04FD90119} 	
00002038	10:56:54.312	[1176] DFQ: ref: 2AD6AB8 req: {332C4427-26CB-11D0-B483-00C04FD90119} 	
00002039	10:56:54.312	[1176] CFQ: ref: 2AE50C0 req: {A6EF9860-C720-11D0-9337-00A0C90DCAA9} 	
00002040	10:56:54.312	[1176] CFQ: ref: 2AE50C0 req: {A6EF9860-C720-11D0-9337-00A0C90DCAA9} 	
00002041	10:56:54.312	[1176] DFQ: ref: 2AD6AB8 req: {A6EF9860-C720-11D0-9337-00A0C90DCAA9} 	
00002042	10:56:54.328	[1176] CFQ: ref: 2AE50C0 req: {332C4427-26CB-11D0-B483-00C04FD90119} 	
00002043	10:56:54.328	[1176] CFQ: ref: 2AE50C0 req: {332C4427-26CB-11D0-B483-00C04FD90119} 	
00002044	10:56:54.328	[1176] DFQ: ref: 2AD6AB8 req: {332C4427-26CB-11D0-B483-00C04FD90119} 	
00002045	10:56:54.328	[1176] CFQ: ref: 2AE50C0 req: {A6EF9860-C720-11D0-9337-00A0C90DCAA9} 	
00002046	10:56:54.328	[1176] CFQ: ref: 2AE50C0 req: {A6EF9860-C720-11D0-9337-00A0C90DCAA9} 	
00002047	10:56:54.328	[1176] DFQ: ref: 2AD6AB8 req: {A6EF9860-C720-11D0-9337-00A0C90DCAA9} 	
00002048	10:56:54.328	[1176] CFQ: ref: 2AE50C0 req: {332C4427-26CB-11D0-B483-00C04FD90119} 	
00002049	10:56:54.328	[1176] CFQ: ref: 2AE50C0 req: {332C4427-26CB-11D0-B483-00C04FD90119} 	
00002050	10:56:54.328	[1176] DFQ: ref: 2AD6AB8 req: {332C4427-26CB-11D0-B483-00C04FD90119} 	
00002051	10:56:54.328	[1176] CFQ: ref: 2AE50C0 req: {A6EF9860-C720-11D0-9337-00A0C90DCAA9} 	
00002052	10:56:54.328	[1176] CFQ: ref: 2AE50C0 req: {A6EF9860-C720-11D0-9337-00A0C90DCAA9} 	
00002053	10:56:54.328	[1176] DFQ: ref: 2AD6AB8 req: {A6EF9860-C720-11D0-9337-00A0C90DCAA9} 	
00002054	10:56:54.344	[1176] CFQ: ref: 2AE50C0 req: {332C4427-26CB-11D0-B483-00C04FD90119} 	
00002055	10:56:54.344	[1176] CFQ: ref: 2AE50C0 req: {332C4427-26CB-11D0-B483-00C04FD90119} 	
00002056	10:56:54.344	[1176] DFQ: ref: 2AD6AB8 req: {332C4427-26CB-11D0-B483-00C04FD90119} 	
00002057	10:56:54.344	[1176] CFQ: ref: 2AE50C0 req: {A6EF9860-C720-11D0-9337-00A0C90DCAA9} 	
00002058	10:56:54.344	[1176] CFQ: ref: 2AE50C0 req: {A6EF9860-C720-11D0-9337-00A0C90DCAA9} 	
00002059	10:56:54.344	[1176] DFQ: ref: 2AD6AB8 req: {A6EF9860-C720-11D0-9337-00A0C90DCAA9} 	
00002060	10:56:54.344	[1176] CFQ: ref: 2AE50C0 req: {332C4427-26CB-11D0-B483-00C04FD90119} 	
00002061	10:56:54.344	[1176] CFQ: ref: 2AE50C0 req: {332C4427-26CB-11D0-B483-00C04FD90119} 	
00002062	10:56:54.344	[1176] DFQ: ref: 2AD6AB8 req: {332C4427-26CB-11D0-B483-00C04FD90119} 	
00002063	10:56:54.344	[1176] CFQ: ref: 2AE50C0 req: {A6EF9860-C720-11D0-9337-00A0C90DCAA9} 	
00002064	10:56:54.344	[1176] CFQ: ref: 2AE50C0 req: {A6EF9860-C720-11D0-9337-00A0C90DCAA9} 	
00002065	10:56:54.344	[1176] DFQ: ref: 2AD6AB8 req: {A6EF9860-C720-11D0-9337-00A0C90DCAA9} 	
00002066	10:56:54.359	[1176] CFQ: ref: 2AE50C0 req: {332C4427-26CB-11D0-B483-00C04FD90119} 	
00002067	10:56:54.359	[1176] CFQ: ref: 2AE50C0 req: {332C4427-26CB-11D0-B483-00C04FD90119} 	
00002068	10:56:54.359	[1176] DFQ: ref: 2AD6AB8 req: {332C4427-26CB-11D0-B483-00C04FD90119} 	
00002069	10:56:54.359	[1176] CFQ: ref: 2AE50C0 req: {A6EF9860-C720-11D0-9337-00A0C90DCAA9} 	
00002070	10:56:54.359	[1176] CFQ: ref: 2AE50C0 req: {A6EF9860-C720-11D0-9337-00A0C90DCAA9} 	
00002071	10:56:54.359	[1176] DFQ: ref: 2AD6AB8 req: {A6EF9860-C720-11D0-9337-00A0C90DCAA9} 	
00002072	10:56:54.359	[1176] CFQ: ref: 2AE50C0 req: {332C4427-26CB-11D0-B483-00C04FD90119} 	
00002073	10:56:54.359	[1176] CFQ: ref: 2AE50C0 req: {332C4427-26CB-11D0-B483-00C04FD90119} 	
00002074	10:56:54.359	[1176] DFQ: ref: 2AD6AB8 req: {332C4427-26CB-11D0-B483-00C04FD90119} 	
00002075	10:56:54.359	[1176] CFQ: ref: 2AE50C0 req: {A6EF9860-C720-11D0-9337-00A0C90DCAA9} 	
00002076	10:56:54.359	[1176] CFQ: ref: 2AE50C0 req: {A6EF9860-C720-11D0-9337-00A0C90DCAA9} 	
00002077	10:56:54.359	[1176] DFQ: ref: 2AD6AB8 req: {A6EF9860-C720-11D0-9337-00A0C90DCAA9} 	
00002078	10:56:54.375	[1176] CFQ: ref: 2AE50C0 req: {332C4427-26CB-11D0-B483-00C04FD90119} 	
00002079	10:56:54.375	[1176] CFQ: ref: 2AE50C0 req: {332C4427-26CB-11D0-B483-00C04FD90119} 	
00002080	10:56:54.375	[1176] DFQ: ref: 2AD6AB8 req: {332C4427-26CB-11D0-B483-00C04FD90119} 	
00002081	10:56:54.375	[1176] CFQ: ref: 2AE50C0 req: {A6EF9860-C720-11D0-9337-00A0C90DCAA9} 	
00002082	10:56:54.375	[1176] CFQ: ref: 2AE50C0 req: {A6EF9860-C720-11D0-9337-00A0C90DCAA9} 	
00002083	10:56:54.375	[1176] DFQ: ref: 2AD6AB8 req: {A6EF9860-C720-11D0-9337-00A0C90DCAA9} 	
00002084	10:56:54.375	[1176] CFQ: ref: 2AE50C0 req: {332C4427-26CB-11D0-B483-00C04FD90119} 	
00002085	10:56:54.375	[1176] CFQ: ref: 2AE50C0 req: {332C4427-26CB-11D0-B483-00C04FD90119} 	
00002086	10:56:54.375	[1176] DFQ: ref: 2AD6AB8 req: {332C4427-26CB-11D0-B483-00C04FD90119} 	
00002087	10:56:54.375	[1176] CFQ: ref: 2AE50C0 req: {A6EF9860-C720-11D0-9337-00A0C90DCAA9} 	
00002088	10:56:54.375	[1176] CFQ: ref: 2AE50C0 req: {A6EF9860-C720-11D0-9337-00A0C90DCAA9} 	
00002089	10:56:54.375	[1176] DFQ: ref: 2AD6AB8 req: {A6EF9860-C720-11D0-9337-00A0C90DCAA9} 	
00002090	10:56:54.390	[1176] CFQ: ref: 2AE50C0 req: {332C4427-26CB-11D0-B483-00C04FD90119} 	
00002091	10:56:54.390	[1176] CFQ: ref: 2AE50C0 req: {332C4427-26CB-11D0-B483-00C04FD90119} 	
00002092	10:56:54.390	[1176] DFQ: ref: 2AD6AB8 req: {332C4427-26CB-11D0-B483-00C04FD90119} 	
00002093	10:56:54.390	[1176] CFQ: ref: 2AE50C0 req: {A6EF9860-C720-11D0-9337-00A0C90DCAA9} 	
00002094	10:56:54.390	[1176] CFQ: ref: 2AE50C0 req: {A6EF9860-C720-11D0-9337-00A0C90DCAA9} 	
00002095	10:56:54.390	[1176] DFQ: ref: 2AD6AB8 req: {A6EF9860-C720-11D0-9337-00A0C90DCAA9} 	
00002096	10:56:54.390	[1176] CFQ: ref: 2AE50C0 req: {332C4427-26CB-11D0-B483-00C04FD90119} 	
00002097	10:56:54.390	[1176] CFQ: ref: 2AE50C0 req: {332C4427-26CB-11D0-B483-00C04FD90119} 	
00002098	10:56:54.390	[1176] DFQ: ref: 2AD6AB8 req: {332C4427-26CB-11D0-B483-00C04FD90119} 	
00002099	10:56:54.390	[1176] CFQ: ref: 2AE50C0 req: {A6EF9860-C720-11D0-9337-00A0C90DCAA9} 	
00002100	10:56:54.390	[1176] CFQ: ref: 2AE50C0 req: {A6EF9860-C720-11D0-9337-00A0C90DCAA9} 	
00002101	10:56:54.390	[1176] DFQ: ref: 2AD6AB8 req: {A6EF9860-C720-11D0-9337-00A0C90DCAA9} 	
00002102	10:56:54.406	[1176] CFQ: ref: 2AE50C0 req: {332C4427-26CB-11D0-B483-00C04FD90119} 	
00002103	10:56:54.406	[1176] CFQ: ref: 2AE50C0 req: {332C4427-26CB-11D0-B483-00C04FD90119} 	
00002104	10:56:54.406	[1176] DFQ: ref: 2AD6AB8 req: {332C4427-26CB-11D0-B483-00C04FD90119} 	
00002105	10:56:54.406	[1176] CFQ: ref: 2AE50C0 req: {A6EF9860-C720-11D0-9337-00A0C90DCAA9} 	
00002106	10:56:54.406	[1176] CFQ: ref: 2AE50C0 req: {A6EF9860-C720-11D0-9337-00A0C90DCAA9} 	
00002107	10:56:54.406	[1176] DFQ: ref: 2AD6AB8 req: {A6EF9860-C720-11D0-9337-00A0C90DCAA9} 	
00002108	10:56:54.406	[1176] CFQ: ref: 2AE50C0 req: {332C4427-26CB-11D0-B483-00C04FD90119} 	
00002109	10:56:54.406	[1176] CFQ: ref: 2AE50C0 req: {332C4427-26CB-11D0-B483-00C04FD90119} 	
00002110	10:56:54.406	[1176] DFQ: ref: 2AD6AB8 req: {332C4427-26CB-11D0-B483-00C04FD90119} 	
00002111	10:56:54.406	[1176] CFQ: ref: 2AE50C0 req: {A6EF9860-C720-11D0-9337-00A0C90DCAA9} 	
00002112	10:56:54.406	[1176] CFQ: ref: 2AE50C0 req: {A6EF9860-C720-11D0-9337-00A0C90DCAA9} 	
00002113	10:56:54.406	[1176] DFQ: ref: 2AD6AB8 req: {A6EF9860-C720-11D0-9337-00A0C90DCAA9} 	
00002114	10:56:54.422	[1176] CFQ: ref: 2AE50C0 req: {332C4427-26CB-11D0-B483-00C04FD90119} 	
00002115	10:56:54.422	[1176] CFQ: ref: 2AE50C0 req: {332C4427-26CB-11D0-B483-00C04FD90119} 	
00002116	10:56:54.422	[1176] DFQ: ref: 2AD6AB8 req: {332C4427-26CB-11D0-B483-00C04FD90119} 	
00002117	10:56:54.422	[1176] CFQ: ref: 2AE50C0 req: {A6EF9860-C720-11D0-9337-00A0C90DCAA9} 	
00002118	10:56:54.422	[1176] CFQ: ref: 2AE50C0 req: {A6EF9860-C720-11D0-9337-00A0C90DCAA9} 	
00002119	10:56:54.422	[1176] DFQ: ref: 2AD6AB8 req: {A6EF9860-C720-11D0-9337-00A0C90DCAA9} 	
00002120	10:56:54.422	[1176] CFQ: ref: 2AE50C0 req: {332C4427-26CB-11D0-B483-00C04FD90119} 	
00002121	10:56:54.422	[1176] CFQ: ref: 2AE50C0 req: {332C4427-26CB-11D0-B483-00C04FD90119} 	
00002122	10:56:54.422	[1176] DFQ: ref: 2AD6AB8 req: {332C4427-26CB-11D0-B483-00C04FD90119} 	
00002123	10:56:54.422	[1176] CFQ: ref: 2AE50C0 req: {A6EF9860-C720-11D0-9337-00A0C90DCAA9} 	
00002124	10:56:54.422	[1176] CFQ: ref: 2AE50C0 req: {A6EF9860-C720-11D0-9337-00A0C90DCAA9} 	
00002125	10:56:54.422	[1176] DFQ: ref: 2AD6AB8 req: {A6EF9860-C720-11D0-9337-00A0C90DCAA9} 	
00002126	10:56:54.437	[1176] CFQ: ref: 2AE50C0 req: {332C4427-26CB-11D0-B483-00C04FD90119} 	
00002127	10:56:54.437	[1176] CFQ: ref: 2AE50C0 req: {332C4427-26CB-11D0-B483-00C04FD90119} 	
00002128	10:56:54.437	[1176] DFQ: ref: 2AD6AB8 req: {332C4427-26CB-11D0-B483-00C04FD90119} 	
00002129	10:56:54.437	[1176] CFQ: ref: 2AE50C0 req: {A6EF9860-C720-11D0-9337-00A0C90DCAA9} 	
00002130	10:56:54.437	[1176] CFQ: ref: 2AE50C0 req: {A6EF9860-C720-11D0-9337-00A0C90DCAA9} 	
00002131	10:56:54.437	[1176] DFQ: ref: 2AD6AB8 req: {A6EF9860-C720-11D0-9337-00A0C90DCAA9} 	
00002132	10:56:54.437	[1176] CFQ: ref: 2AE50C0 req: {332C4427-26CB-11D0-B483-00C04FD90119} 	
00002133	10:56:54.437	[1176] CFQ: ref: 2AE50C0 req: {332C4427-26CB-11D0-B483-00C04FD90119} 	
00002134	10:56:54.437	[1176] DFQ: ref: 2AD6AB8 req: {332C4427-26CB-11D0-B483-00C04FD90119} 	
00002135	10:56:54.437	[1176] CFQ: ref: 2AE50C0 req: {A6EF9860-C720-11D0-9337-00A0C90DCAA9} 	
00002136	10:56:54.437	[1176] CFQ: ref: 2AE50C0 req: {A6EF9860-C720-11D0-9337-00A0C90DCAA9} 	
00002137	10:56:54.437	[1176] DFQ: ref: 2AD6AB8 req: {A6EF9860-C720-11D0-9337-00A0C90DCAA9} 	
00002138	10:56:54.453	[1176] CFQ: ref: 2AE50C0 req: {332C4427-26CB-11D0-B483-00C04FD90119} 	
00002139	10:56:54.453	[1176] CFQ: ref: 2AE50C0 req: {332C4427-26CB-11D0-B483-00C04FD90119} 	
00002140	10:56:54.453	[1176] DFQ: ref: 2AD6AB8 req: {332C4427-26CB-11D0-B483-00C04FD90119} 	
00002141	10:56:54.453	[1176] CFQ: ref: 2AE50C0 req: {A6EF9860-C720-11D0-9337-00A0C90DCAA9} 	
00002142	10:56:54.453	[1176] CFQ: ref: 2AE50C0 req: {A6EF9860-C720-11D0-9337-00A0C90DCAA9} 	
00002143	10:56:54.453	[1176] DFQ: ref: 2AD6AB8 req: {A6EF9860-C720-11D0-9337-00A0C90DCAA9} 	
00002144	10:56:54.453	[1176] CFQ: ref: 2AE50C0 req: {332C4427-26CB-11D0-B483-00C04FD90119} 	
00002145	10:56:54.453	[1176] CFQ: ref: 2AE50C0 req: {332C4427-26CB-11D0-B483-00C04FD90119} 	
00002146	10:56:54.453	[1176] DFQ: ref: 2AD6AB8 req: {332C4427-26CB-11D0-B483-00C04FD90119} 	
00002147	10:56:54.453	[1176] CFQ: ref: 2AE50C0 req: {A6EF9860-C720-11D0-9337-00A0C90DCAA9} 	
00002148	10:56:54.453	[1176] CFQ: ref: 2AE50C0 req: {A6EF9860-C720-11D0-9337-00A0C90DCAA9} 	
00002149	10:56:54.453	[1176] DFQ: ref: 2AD6AB8 req: {A6EF9860-C720-11D0-9337-00A0C90DCAA9} 	
00002150	10:56:54.469	[1176] CFQ: ref: 2AE50C0 req: {332C4427-26CB-11D0-B483-00C04FD90119} 	
00002151	10:56:54.469	[1176] CFQ: ref: 2AE50C0 req: {332C4427-26CB-11D0-B483-00C04FD90119} 	
00002152	10:56:54.469	[1176] DFQ: ref: 2AD6AB8 req: {332C4427-26CB-11D0-B483-00C04FD90119} 	
00002153	10:56:54.469	[1176] CFQ: ref: 2AE50C0 req: {A6EF9860-C720-11D0-9337-00A0C90DCAA9} 	
00002154	10:56:54.469	[1176] CFQ: ref: 2AE50C0 req: {A6EF9860-C720-11D0-9337-00A0C90DCAA9} 	
00002155	10:56:54.469	[1176] DFQ: ref: 2AD6AB8 req: {A6EF9860-C720-11D0-9337-00A0C90DCAA9} 	
00002156	10:56:54.469	[1176] CFQ: ref: 2AE50C0 req: {332C4427-26CB-11D0-B483-00C04FD90119} 	
00002157	10:56:54.469	[1176] CFQ: ref: 2AE50C0 req: {332C4427-26CB-11D0-B483-00C04FD90119} 	
00002158	10:56:54.469	[1176] DFQ: ref: 2AD6AB8 req: {332C4427-26CB-11D0-B483-00C04FD90119} 	
00002159	10:56:54.469	[1176] CFQ: ref: 2AE50C0 req: {A6EF9860-C720-11D0-9337-00A0C90DCAA9} 	
00002160	10:56:54.469	[1176] CFQ: ref: 2AE50C0 req: {A6EF9860-C720-11D0-9337-00A0C90DCAA9} 	
00002161	10:56:54.469	[1176] DFQ: ref: 2AD6AB8 req: {A6EF9860-C720-11D0-9337-00A0C90DCAA9} 	
00002162	10:56:54.484	[1176] CFQ: ref: 2AE50C0 req: {332C4427-26CB-11D0-B483-00C04FD90119} 	
00002163	10:56:54.484	[1176] CFQ: ref: 2AE50C0 req: {332C4427-26CB-11D0-B483-00C04FD90119} 	
00002164	10:56:54.484	[1176] DFQ: ref: 2AD6AB8 req: {332C4427-26CB-11D0-B483-00C04FD90119} 	
00002165	10:56:54.484	[1176] CFQ: ref: 2AE50C0 req: {A6EF9860-C720-11D0-9337-00A0C90DCAA9} 	
00002166	10:56:54.484	[1176] CFQ: ref: 2AE50C0 req: {A6EF9860-C720-11D0-9337-00A0C90DCAA9} 	
00002167	10:56:54.484	[1176] DFQ: ref: 2AD6AB8 req: {A6EF9860-C720-11D0-9337-00A0C90DCAA9} 	
00002168	10:56:54.484	[1176] CFQ: ref: 2AE50C0 req: {332C4427-26CB-11D0-B483-00C04FD90119} 	
00002169	10:56:54.484	[1176] CFQ: ref: 2AE50C0 req: {332C4427-26CB-11D0-B483-00C04FD90119} 	
00002170	10:56:54.484	[1176] DFQ: ref: 2AD6AB8 req: {332C4427-26CB-11D0-B483-00C04FD90119} 	
00002171	10:56:54.484	[1176] CFQ: ref: 2AE50C0 req: {A6EF9860-C720-11D0-9337-00A0C90DCAA9} 	
00002172	10:56:54.484	[1176] CFQ: ref: 2AE50C0 req: {A6EF9860-C720-11D0-9337-00A0C90DCAA9} 	
00002173	10:56:54.484	[1176] DFQ: ref: 2AD6AB8 req: {A6EF9860-C720-11D0-9337-00A0C90DCAA9} 	
00002174	10:56:54.500	[1176] CFQ: ref: 2AE50C0 req: {332C4427-26CB-11D0-B483-00C04FD90119} 	
00002175	10:56:54.500	[1176] CFQ: ref: 2AE50C0 req: {332C4427-26CB-11D0-B483-00C04FD90119} 	
00002176	10:56:54.500	[1176] DFQ: ref: 2AD6AB8 req: {332C4427-26CB-11D0-B483-00C04FD90119} 	
00002177	10:56:54.500	[1176] CFQ: ref: 2AE50C0 req: {A6EF9860-C720-11D0-9337-00A0C90DCAA9} 	
00002178	10:56:54.500	[1176] CFQ: ref: 2AE50C0 req: {A6EF9860-C720-11D0-9337-00A0C90DCAA9} 	
00002179	10:56:54.500	[1176] DFQ: ref: 2AD6AB8 req: {A6EF9860-C720-11D0-9337-00A0C90DCAA9} 	
00002180	10:56:54.500	[1176] CFQ: ref: 2AE50C0 req: {332C4427-26CB-11D0-B483-00C04FD90119} 	
00002181	10:56:54.500	[1176] CFQ: ref: 2AE50C0 req: {332C4427-26CB-11D0-B483-00C04FD90119} 	
00002182	10:56:54.500	[1176] DFQ: ref: 2AD6AB8 req: {332C4427-26CB-11D0-B483-00C04FD90119} 	
00002183	10:56:54.500	[1176] CFQ: ref: 2AE50C0 req: {A6EF9860-C720-11D0-9337-00A0C90DCAA9} 	
00002184	10:56:54.500	[1176] CFQ: ref: 2AE50C0 req: {A6EF9860-C720-11D0-9337-00A0C90DCAA9} 	
00002185	10:56:54.500	[1176] DFQ: ref: 2AD6AB8 req: {A6EF9860-C720-11D0-9337-00A0C90DCAA9} 	
00002186	10:56:54.515	[1176] CFQ: ref: 2AE50C0 req: {332C4427-26CB-11D0-B483-00C04FD90119} 	
00002187	10:56:54.515	[1176] CFQ: ref: 2AE50C0 req: {332C4427-26CB-11D0-B483-00C04FD90119} 	
00002188	10:56:54.515	[1176] DFQ: ref: 2AD6AB8 req: {332C4427-26CB-11D0-B483-00C04FD90119} 	
00002189	10:56:54.515	[1176] CFQ: ref: 2AE50C0 req: {A6EF9860-C720-11D0-9337-00A0C90DCAA9} 	
00002190	10:56:54.515	[1176] CFQ: ref: 2AE50C0 req: {A6EF9860-C720-11D0-9337-00A0C90DCAA9} 	
00002191	10:56:54.515	[1176] DFQ: ref: 2AD6AB8 req: {A6EF9860-C720-11D0-9337-00A0C90DCAA9} 	
00002192	10:56:54.515	[1176] CFQ: ref: 2AE50C0 req: {332C4427-26CB-11D0-B483-00C04FD90119} 	
00002193	10:56:54.515	[1176] CFQ: ref: 2AE50C0 req: {332C4427-26CB-11D0-B483-00C04FD90119} 	
00002194	10:56:54.515	[1176] DFQ: ref: 2AD6AB8 req: {332C4427-26CB-11D0-B483-00C04FD90119} 	
00002195	10:56:54.515	[1176] CFQ: ref: 2AE50C0 req: {A6EF9860-C720-11D0-9337-00A0C90DCAA9} 	
00002196	10:56:54.515	[1176] CFQ: ref: 2AE50C0 req: {A6EF9860-C720-11D0-9337-00A0C90DCAA9} 	
00002197	10:56:54.515	[1176] DFQ: ref: 2AD6AB8 req: {A6EF9860-C720-11D0-9337-00A0C90DCAA9} 	
00002198	10:56:54.531	[1176] CFQ: ref: 2AE50C0 req: {332C4427-26CB-11D0-B483-00C04FD90119} 	
00002199	10:56:54.531	[1176] CFQ: ref: 2AE50C0 req: {332C4427-26CB-11D0-B483-00C04FD90119} 	
00002200	10:56:54.531	[1176] DFQ: ref: 2AD6AB8 req: {332C4427-26CB-11D0-B483-00C04FD90119} 	
00002201	10:56:54.531	[1176] CFQ: ref: 2AE50C0 req: {A6EF9860-C720-11D0-9337-00A0C90DCAA9} 	
00002202	10:56:54.531	[1176] CFQ: ref: 2AE50C0 req: {A6EF9860-C720-11D0-9337-00A0C90DCAA9} 	
00002203	10:56:54.531	[1176] DFQ: ref: 2AD6AB8 req: {A6EF9860-C720-11D0-9337-00A0C90DCAA9} 	
00002204	10:56:54.531	[1176] CFQ: ref: 2AE50C0 req: {332C4427-26CB-11D0-B483-00C04FD90119} 	
00002205	10:56:54.531	[1176] CFQ: ref: 2AE50C0 req: {332C4427-26CB-11D0-B483-00C04FD90119} 	
00002206	10:56:54.531	[1176] DFQ: ref: 2AD6AB8 req: {332C4427-26CB-11D0-B483-00C04FD90119} 	
00002207	10:56:54.531	[1176] CFQ: ref: 2AE50C0 req: {A6EF9860-C720-11D0-9337-00A0C90DCAA9} 	
00002208	10:56:54.531	[1176] CFQ: ref: 2AE50C0 req: {A6EF9860-C720-11D0-9337-00A0C90DCAA9} 	
00002209	10:56:54.531	[1176] DFQ: ref: 2AD6AB8 req: {A6EF9860-C720-11D0-9337-00A0C90DCAA9} 	
00002210	10:56:54.547	[1176] CFQ: ref: 2AE50C0 req: {332C4427-26CB-11D0-B483-00C04FD90119} 	
00002211	10:56:54.547	[1176] CFQ: ref: 2AE50C0 req: {332C4427-26CB-11D0-B483-00C04FD90119} 	
00002212	10:56:54.547	[1176] DFQ: ref: 2AD6AB8 req: {332C4427-26CB-11D0-B483-00C04FD90119} 	
00002213	10:56:54.547	[1176] CFQ: ref: 2AE50C0 req: {A6EF9860-C720-11D0-9337-00A0C90DCAA9} 	
00002214	10:56:54.547	[1176] CFQ: ref: 2AE50C0 req: {A6EF9860-C720-11D0-9337-00A0C90DCAA9} 	
00002215	10:56:54.547	[1176] DFQ: ref: 2AD6AB8 req: {A6EF9860-C720-11D0-9337-00A0C90DCAA9} 	
00002216	10:56:54.547	[1176] CFQ: ref: 2AE50C0 req: {332C4427-26CB-11D0-B483-00C04FD90119} 	
00002217	10:56:54.547	[1176] CFQ: ref: 2AE50C0 req: {332C4427-26CB-11D0-B483-00C04FD90119} 	
00002218	10:56:54.547	[1176] DFQ: ref: 2AD6AB8 req: {332C4427-26CB-11D0-B483-00C04FD90119} 	
00002219	10:56:54.547	[1176] CFQ: ref: 2AE50C0 req: {A6EF9860-C720-11D0-9337-00A0C90DCAA9} 	
00002220	10:56:54.547	[1176] CFQ: ref: 2AE50C0 req: {A6EF9860-C720-11D0-9337-00A0C90DCAA9} 	
00002221	10:56:54.547	[1176] DFQ: ref: 2AD6AB8 req: {A6EF9860-C720-11D0-9337-00A0C90DCAA9} 	
00002222	10:56:54.562	[1176] CFQ: ref: 2AE50C0 req: {332C4427-26CB-11D0-B483-00C04FD90119} 	
00002223	10:56:54.562	[1176] CFQ: ref: 2AE50C0 req: {332C4427-26CB-11D0-B483-00C04FD90119} 	
00002224	10:56:54.562	[1176] DFQ: ref: 2AD6AB8 req: {332C4427-26CB-11D0-B483-00C04FD90119} 	
00002225	10:56:54.562	[1176] CFQ: ref: 2AE50C0 req: {A6EF9860-C720-11D0-9337-00A0C90DCAA9} 	
00002226	10:56:54.562	[1176] CFQ: ref: 2AE50C0 req: {A6EF9860-C720-11D0-9337-00A0C90DCAA9} 	
00002227	10:56:54.562	[1176] DFQ: ref: 2AD6AB8 req: {A6EF9860-C720-11D0-9337-00A0C90DCAA9} 	
00002228	10:56:54.562	[1176] CFQ: ref: 2AE50C0 req: {332C4427-26CB-11D0-B483-00C04FD90119} 	
00002229	10:56:54.562	[1176] CFQ: ref: 2AE50C0 req: {332C4427-26CB-11D0-B483-00C04FD90119} 	
00002230	10:56:54.562	[1176] DFQ: ref: 2AD6AB8 req: {332C4427-26CB-11D0-B483-00C04FD90119} 	
00002231	10:56:54.562	[1176] CFQ: ref: 2AE50C0 req: {A6EF9860-C720-11D0-9337-00A0C90DCAA9} 	
00002232	10:56:54.562	[1176] CFQ: ref: 2AE50C0 req: {A6EF9860-C720-11D0-9337-00A0C90DCAA9} 	
00002233	10:56:54.562	[1176] DFQ: ref: 2AD6AB8 req: {A6EF9860-C720-11D0-9337-00A0C90DCAA9} 	
00002234	10:56:54.625	[1176] CFQ: ref: 2AE50C0 req: {332C4427-26CB-11D0-B483-00C04FD90119} 	
00002235	10:56:54.625	[1176] CFQ: ref: 2AE50C0 req: {332C4427-26CB-11D0-B483-00C04FD90119} 	
00002236	10:56:54.625	[1176] DFQ: ref: 2AD6AB8 req: {332C4427-26CB-11D0-B483-00C04FD90119} 	
00002237	10:56:54.625	[1176] CFQ: ref: 2AE50C0 req: {A6EF9860-C720-11D0-9337-00A0C90DCAA9} 	
00002238	10:56:54.625	[1176] CFQ: ref: 2AE50C0 req: {A6EF9860-C720-11D0-9337-00A0C90DCAA9} 	
00002239	10:56:54.625	[1176] DFQ: ref: 2AD6AB8 req: {A6EF9860-C720-11D0-9337-00A0C90DCAA9} 	
00002240	10:56:54.625	[1176] CFQ: ref: 2AE50C0 req: {332C4427-26CB-11D0-B483-00C04FD90119} 	
00002241	10:56:54.625	[1176] CFQ: ref: 2AE50C0 req: {332C4427-26CB-11D0-B483-00C04FD90119} 	
00002242	10:56:54.625	[1176] DFQ: ref: 2AD6AB8 req: {332C4427-26CB-11D0-B483-00C04FD90119} 	
00002243	10:56:54.625	[1176] CFQ: ref: 2AE50C0 req: {A6EF9860-C720-11D0-9337-00A0C90DCAA9} 	
00002244	10:56:54.625	[1176] CFQ: ref: 2AE50C0 req: {A6EF9860-C720-11D0-9337-00A0C90DCAA9} 	
00002245	10:56:54.625	[1176] DFQ: ref: 2AD6AB8 req: {A6EF9860-C720-11D0-9337-00A0C90DCAA9} 	
00002246	10:56:54.640	[1176] CFQ: ref: 2AE50C0 req: {332C4427-26CB-11D0-B483-00C04FD90119} 	
00002247	10:56:54.640	[1176] CFQ: ref: 2AE50C0 req: {332C4427-26CB-11D0-B483-00C04FD90119} 	
00002248	10:56:54.640	[1176] DFQ: ref: 2AD6AB8 req: {332C4427-26CB-11D0-B483-00C04FD90119} 	
00002249	10:56:54.640	[1176] CFQ: ref: 2AE50C0 req: {A6EF9860-C720-11D0-9337-00A0C90DCAA9} 	
00002250	10:56:54.640	[1176] CFQ: ref: 2AE50C0 req: {A6EF9860-C720-11D0-9337-00A0C90DCAA9} 	
00002251	10:56:54.640	[1176] DFQ: ref: 2AD6AB8 req: {A6EF9860-C720-11D0-9337-00A0C90DCAA9} 	
00002252	10:56:54.640	[1176] CFQ: ref: 2AE50C0 req: {332C4427-26CB-11D0-B483-00C04FD90119} 	
00002253	10:56:54.640	[1176] CFQ: ref: 2AE50C0 req: {332C4427-26CB-11D0-B483-00C04FD90119} 	
00002254	10:56:54.640	[1176] DFQ: ref: 2AD6AB8 req: {332C4427-26CB-11D0-B483-00C04FD90119} 	
00002255	10:56:54.640	[1176] CFQ: ref: 2AE50C0 req: {A6EF9860-C720-11D0-9337-00A0C90DCAA9} 	
00002256	10:56:54.640	[1176] CFQ: ref: 2AE50C0 req: {A6EF9860-C720-11D0-9337-00A0C90DCAA9} 	
00002257	10:56:54.640	[1176] DFQ: ref: 2AD6AB8 req: {A6EF9860-C720-11D0-9337-00A0C90DCAA9} 	
00002258	10:56:54.656	[1176] CFQ: ref: 2AE50C0 req: {332C4427-26CB-11D0-B483-00C04FD90119} 	
00002259	10:56:54.656	[1176] CFQ: ref: 2AE50C0 req: {332C4427-26CB-11D0-B483-00C04FD90119} 	
00002260	10:56:54.656	[1176] DFQ: ref: 2AD6AB8 req: {332C4427-26CB-11D0-B483-00C04FD90119} 	
00002261	10:56:54.656	[1176] CFQ: ref: 2AE50C0 req: {A6EF9860-C720-11D0-9337-00A0C90DCAA9} 	
00002262	10:56:54.656	[1176] CFQ: ref: 2AE50C0 req: {A6EF9860-C720-11D0-9337-00A0C90DCAA9} 	
00002263	10:56:54.656	[1176] DFQ: ref: 2AD6AB8 req: {A6EF9860-C720-11D0-9337-00A0C90DCAA9} 	
00002264	10:56:54.656	[1176] CFQ: ref: 2AE50C0 req: {332C4427-26CB-11D0-B483-00C04FD90119} 	
00002265	10:56:54.656	[1176] CFQ: ref: 2AE50C0 req: {332C4427-26CB-11D0-B483-00C04FD90119} 	
00002266	10:56:54.656	[1176] DFQ: ref: 2AD6AB8 req: {332C4427-26CB-11D0-B483-00C04FD90119} 	
00002267	10:56:54.656	[1176] CFQ: ref: 2AE50C0 req: {A6EF9860-C720-11D0-9337-00A0C90DCAA9} 	
00002268	10:56:54.656	[1176] CFQ: ref: 2AE50C0 req: {A6EF9860-C720-11D0-9337-00A0C90DCAA9} 	
00002269	10:56:54.656	[1176] DFQ: ref: 2AD6AB8 req: {A6EF9860-C720-11D0-9337-00A0C90DCAA9} 	
00002270	10:56:54.672	[1176] CFQ: ref: 2AE50C0 req: {332C4427-26CB-11D0-B483-00C04FD90119} 	
00002271	10:56:54.672	[1176] CFQ: ref: 2AE50C0 req: {332C4427-26CB-11D0-B483-00C04FD90119} 	
00002272	10:56:54.672	[1176] DFQ: ref: 2AD6AB8 req: {332C4427-26CB-11D0-B483-00C04FD90119} 	
00002273	10:56:54.672	[1176] CFQ: ref: 2AE50C0 req: {A6EF9860-C720-11D0-9337-00A0C90DCAA9} 	
00002274	10:56:54.672	[1176] CFQ: ref: 2AE50C0 req: {A6EF9860-C720-11D0-9337-00A0C90DCAA9} 	
00002275	10:56:54.672	[1176] DFQ: ref: 2AD6AB8 req: {A6EF9860-C720-11D0-9337-00A0C90DCAA9} 	
00002276	10:56:54.672	[1176] CFQ: ref: 2AE50C0 req: {332C4427-26CB-11D0-B483-00C04FD90119} 	
00002277	10:56:54.672	[1176] CFQ: ref: 2AE50C0 req: {332C4427-26CB-11D0-B483-00C04FD90119} 	
00002278	10:56:54.672	[1176] DFQ: ref: 2AD6AB8 req: {332C4427-26CB-11D0-B483-00C04FD90119} 	
00002279	10:56:54.672	[1176] CFQ: ref: 2AE50C0 req: {A6EF9860-C720-11D0-9337-00A0C90DCAA9} 	
00002280	10:56:54.672	[1176] CFQ: ref: 2AE50C0 req: {A6EF9860-C720-11D0-9337-00A0C90DCAA9} 	
00002281	10:56:54.672	[1176] DFQ: ref: 2AD6AB8 req: {A6EF9860-C720-11D0-9337-00A0C90DCAA9} 	
00002282	10:56:54.687	[1176] CFQ: ref: 2AE50C0 req: {332C4427-26CB-11D0-B483-00C04FD90119} 	
00002283	10:56:54.687	[1176] CFQ: ref: 2AE50C0 req: {332C4427-26CB-11D0-B483-00C04FD90119} 	
00002284	10:56:54.687	[1176] DFQ: ref: 2AD6AB8 req: {332C4427-26CB-11D0-B483-00C04FD90119} 	
00002285	10:56:54.687	[1176] CFQ: ref: 2AE50C0 req: {A6EF9860-C720-11D0-9337-00A0C90DCAA9} 	
00002286	10:56:54.687	[1176] CFQ: ref: 2AE50C0 req: {A6EF9860-C720-11D0-9337-00A0C90DCAA9} 	
00002287	10:56:54.687	[1176] DFQ: ref: 2AD6AB8 req: {A6EF9860-C720-11D0-9337-00A0C90DCAA9} 	
00002288	10:56:54.687	[1176] CFQ: ref: 2AE50C0 req: {332C4427-26CB-11D0-B483-00C04FD90119} 	
00002289	10:56:54.687	[1176] CFQ: ref: 2AE50C0 req: {332C4427-26CB-11D0-B483-00C04FD90119} 	
00002290	10:56:54.687	[1176] DFQ: ref: 2AD6AB8 req: {332C4427-26CB-11D0-B483-00C04FD90119} 	
00002291	10:56:54.687	[1176] CFQ: ref: 2AE50C0 req: {A6EF9860-C720-11D0-9337-00A0C90DCAA9} 	
00002292	10:56:54.687	[1176] CFQ: ref: 2AE50C0 req: {A6EF9860-C720-11D0-9337-00A0C90DCAA9} 	
00002293	10:56:54.687	[1176] DFQ: ref: 2AD6AB8 req: {A6EF9860-C720-11D0-9337-00A0C90DCAA9} 	
00002294	10:56:54.703	[1176] CFQ: ref: 2AE50C0 req: {332C4427-26CB-11D0-B483-00C04FD90119} 	
00002295	10:56:54.703	[1176] CFQ: ref: 2AE50C0 req: {332C4427-26CB-11D0-B483-00C04FD90119} 	
00002296	10:56:54.703	[1176] DFQ: ref: 2AD6AB8 req: {332C4427-26CB-11D0-B483-00C04FD90119} 	
00002297	10:56:54.703	[1176] CFQ: ref: 2AE50C0 req: {A6EF9860-C720-11D0-9337-00A0C90DCAA9} 	
00002298	10:56:54.703	[1176] CFQ: ref: 2AE50C0 req: {A6EF9860-C720-11D0-9337-00A0C90DCAA9} 	
00002299	10:56:54.703	[1176] DFQ: ref: 2AD6AB8 req: {A6EF9860-C720-11D0-9337-00A0C90DCAA9} 	
00002300	10:56:54.703	[1176] CFQ: ref: 2AE50C0 req: {332C4427-26CB-11D0-B483-00C04FD90119} 	
00002301	10:56:54.703	[1176] CFQ: ref: 2AE50C0 req: {332C4427-26CB-11D0-B483-00C04FD90119} 	
00002302	10:56:54.703	[1176] DFQ: ref: 2AD6AB8 req: {332C4427-26CB-11D0-B483-00C04FD90119} 	
00002303	10:56:54.703	[1176] CFQ: ref: 2AE50C0 req: {A6EF9860-C720-11D0-9337-00A0C90DCAA9} 	
00002304	10:56:54.703	[1176] CFQ: ref: 2AE50C0 req: {A6EF9860-C720-11D0-9337-00A0C90DCAA9} 	
00002305	10:56:54.703	[1176] DFQ: ref: 2AD6AB8 req: {A6EF9860-C720-11D0-9337-00A0C90DCAA9} 	
00002306	10:56:54.719	[1176] CFQ: ref: 2AE50C0 req: {332C4427-26CB-11D0-B483-00C04FD90119} 	
00002307	10:56:54.719	[1176] CFQ: ref: 2AE50C0 req: {332C4427-26CB-11D0-B483-00C04FD90119} 	
00002308	10:56:54.719	[1176] DFQ: ref: 2AD6AB8 req: {332C4427-26CB-11D0-B483-00C04FD90119} 	
00002309	10:56:54.719	[1176] CFQ: ref: 2AE50C0 req: {A6EF9860-C720-11D0-9337-00A0C90DCAA9} 	
00002310	10:56:54.719	[1176] CFQ: ref: 2AE50C0 req: {A6EF9860-C720-11D0-9337-00A0C90DCAA9} 	
00002311	10:56:54.719	[1176] DFQ: ref: 2AD6AB8 req: {A6EF9860-C720-11D0-9337-00A0C90DCAA9} 	
00002312	10:56:54.719	[1176] CFQ: ref: 2AE50C0 req: {332C4427-26CB-11D0-B483-00C04FD90119} 	
00002313	10:56:54.719	[1176] CFQ: ref: 2AE50C0 req: {332C4427-26CB-11D0-B483-00C04FD90119} 	
00002314	10:56:54.719	[1176] DFQ: ref: 2AD6AB8 req: {332C4427-26CB-11D0-B483-00C04FD90119} 	
00002315	10:56:54.719	[1176] CFQ: ref: 2AE50C0 req: {A6EF9860-C720-11D0-9337-00A0C90DCAA9} 	
00002316	10:56:54.719	[1176] CFQ: ref: 2AE50C0 req: {A6EF9860-C720-11D0-9337-00A0C90DCAA9} 	
00002317	10:56:54.719	[1176] DFQ: ref: 2AD6AB8 req: {A6EF9860-C720-11D0-9337-00A0C90DCAA9} 	
00002318	10:56:54.734	[1176] CFQ: ref: 2AE50C0 req: {332C4427-26CB-11D0-B483-00C04FD90119} 	
00002319	10:56:54.734	[1176] CFQ: ref: 2AE50C0 req: {332C4427-26CB-11D0-B483-00C04FD90119} 	
00002320	10:56:54.734	[1176] DFQ: ref: 2AD6AB8 req: {332C4427-26CB-11D0-B483-00C04FD90119} 	
00002321	10:56:54.734	[1176] CFQ: ref: 2AE50C0 req: {A6EF9860-C720-11D0-9337-00A0C90DCAA9} 	
00002322	10:56:54.734	[1176] CFQ: ref: 2AE50C0 req: {A6EF9860-C720-11D0-9337-00A0C90DCAA9} 	
00002323	10:56:54.734	[1176] DFQ: ref: 2AD6AB8 req: {A6EF9860-C720-11D0-9337-00A0C90DCAA9} 	
00002324	10:56:54.734	[1176] CFQ: ref: 2AE50C0 req: {332C4427-26CB-11D0-B483-00C04FD90119} 	
00002325	10:56:54.734	[1176] CFQ: ref: 2AE50C0 req: {332C4427-26CB-11D0-B483-00C04FD90119} 	
00002326	10:56:54.734	[1176] DFQ: ref: 2AD6AB8 req: {332C4427-26CB-11D0-B483-00C04FD90119} 	
00002327	10:56:54.734	[1176] CFQ: ref: 2AE50C0 req: {A6EF9860-C720-11D0-9337-00A0C90DCAA9} 	
00002328	10:56:54.734	[1176] CFQ: ref: 2AE50C0 req: {A6EF9860-C720-11D0-9337-00A0C90DCAA9} 	
00002329	10:56:54.734	[1176] DFQ: ref: 2AD6AB8 req: {A6EF9860-C720-11D0-9337-00A0C90DCAA9} 	
00002330	10:56:54.750	[1176] CFQ: ref: 2AE50C0 req: {332C4427-26CB-11D0-B483-00C04FD90119} 	
00002331	10:56:54.750	[1176] CFQ: ref: 2AE50C0 req: {332C4427-26CB-11D0-B483-00C04FD90119} 	
00002332	10:56:54.750	[1176] DFQ: ref: 2AD6AB8 req: {332C4427-26CB-11D0-B483-00C04FD90119} 	
00002333	10:56:54.750	[1176] CFQ: ref: 2AE50C0 req: {A6EF9860-C720-11D0-9337-00A0C90DCAA9} 	
00002334	10:56:54.750	[1176] CFQ: ref: 2AE50C0 req: {A6EF9860-C720-11D0-9337-00A0C90DCAA9} 	
00002335	10:56:54.750	[1176] DFQ: ref: 2AD6AB8 req: {A6EF9860-C720-11D0-9337-00A0C90DCAA9} 	
00002336	10:56:54.750	[1176] CFQ: ref: 2AE50C0 req: {332C4427-26CB-11D0-B483-00C04FD90119} 	
00002337	10:56:54.750	[1176] CFQ: ref: 2AE50C0 req: {332C4427-26CB-11D0-B483-00C04FD90119} 	
00002338	10:56:54.750	[1176] DFQ: ref: 2AD6AB8 req: {332C4427-26CB-11D0-B483-00C04FD90119} 	
00002339	10:56:54.750	[1176] CFQ: ref: 2AE50C0 req: {A6EF9860-C720-11D0-9337-00A0C90DCAA9} 	
00002340	10:56:54.750	[1176] CFQ: ref: 2AE50C0 req: {A6EF9860-C720-11D0-9337-00A0C90DCAA9} 	
00002341	10:56:54.750	[1176] DFQ: ref: 2AD6AB8 req: {A6EF9860-C720-11D0-9337-00A0C90DCAA9} 	
00002342	10:56:54.765	[1176] CFQ: ref: 2AE50C0 req: {332C4427-26CB-11D0-B483-00C04FD90119} 	
00002343	10:56:54.765	[1176] CFQ: ref: 2AE50C0 req: {332C4427-26CB-11D0-B483-00C04FD90119} 	
00002344	10:56:54.765	[1176] DFQ: ref: 2AD6AB8 req: {332C4427-26CB-11D0-B483-00C04FD90119} 	
00002345	10:56:54.765	[1176] CFQ: ref: 2AE50C0 req: {A6EF9860-C720-11D0-9337-00A0C90DCAA9} 	
00002346	10:56:54.765	[1176] CFQ: ref: 2AE50C0 req: {A6EF9860-C720-11D0-9337-00A0C90DCAA9} 	
00002347	10:56:54.765	[1176] DFQ: ref: 2AD6AB8 req: {A6EF9860-C720-11D0-9337-00A0C90DCAA9} 	
00002348	10:56:54.765	[1176] CFQ: ref: 2AE50C0 req: {332C4427-26CB-11D0-B483-00C04FD90119} 	
00002349	10:56:54.765	[1176] CFQ: ref: 2AE50C0 req: {332C4427-26CB-11D0-B483-00C04FD90119} 	
00002350	10:56:54.765	[1176] DFQ: ref: 2AD6AB8 req: {332C4427-26CB-11D0-B483-00C04FD90119} 	
00002351	10:56:54.765	[1176] CFQ: ref: 2AE50C0 req: {A6EF9860-C720-11D0-9337-00A0C90DCAA9} 	
00002352	10:56:54.765	[1176] CFQ: ref: 2AE50C0 req: {A6EF9860-C720-11D0-9337-00A0C90DCAA9} 	
00002353	10:56:54.765	[1176] DFQ: ref: 2AD6AB8 req: {A6EF9860-C720-11D0-9337-00A0C90DCAA9} 	
00002354	10:56:54.781	[1176] CFQ: ref: 2AE50C0 req: {332C4427-26CB-11D0-B483-00C04FD90119} 	
00002355	10:56:54.781	[1176] CFQ: ref: 2AE50C0 req: {332C4427-26CB-11D0-B483-00C04FD90119} 	
00002356	10:56:54.781	[1176] DFQ: ref: 2AD6AB8 req: {332C4427-26CB-11D0-B483-00C04FD90119} 	
00002357	10:56:54.781	[1176] CFQ: ref: 2AE50C0 req: {A6EF9860-C720-11D0-9337-00A0C90DCAA9} 	
00002358	10:56:54.781	[1176] CFQ: ref: 2AE50C0 req: {A6EF9860-C720-11D0-9337-00A0C90DCAA9} 	
00002359	10:56:54.781	[1176] DFQ: ref: 2AD6AB8 req: {A6EF9860-C720-11D0-9337-00A0C90DCAA9} 	
00002360	10:56:54.781	[1176] CFQ: ref: 2AE50C0 req: {332C4427-26CB-11D0-B483-00C04FD90119} 	
00002361	10:56:54.781	[1176] CFQ: ref: 2AE50C0 req: {332C4427-26CB-11D0-B483-00C04FD90119} 	
00002362	10:56:54.781	[1176] DFQ: ref: 2AD6AB8 req: {332C4427-26CB-11D0-B483-00C04FD90119} 	
00002363	10:56:54.781	[1176] CFQ: ref: 2AE50C0 req: {A6EF9860-C720-11D0-9337-00A0C90DCAA9} 	
00002364	10:56:54.781	[1176] CFQ: ref: 2AE50C0 req: {A6EF9860-C720-11D0-9337-00A0C90DCAA9} 	
00002365	10:56:54.781	[1176] DFQ: ref: 2AD6AB8 req: {A6EF9860-C720-11D0-9337-00A0C90DCAA9} 	
00002366	10:56:54.797	[1176] CFQ: ref: 2AE50C0 req: {332C4427-26CB-11D0-B483-00C04FD90119} 	
00002367	10:56:54.797	[1176] CFQ: ref: 2AE50C0 req: {332C4427-26CB-11D0-B483-00C04FD90119} 	
00002368	10:56:54.797	[1176] DFQ: ref: 2AD6AB8 req: {332C4427-26CB-11D0-B483-00C04FD90119} 	
00002369	10:56:54.797	[1176] CFQ: ref: 2AE50C0 req: {A6EF9860-C720-11D0-9337-00A0C90DCAA9} 	
00002370	10:56:54.797	[1176] CFQ: ref: 2AE50C0 req: {A6EF9860-C720-11D0-9337-00A0C90DCAA9} 	
00002371	10:56:54.797	[1176] DFQ: ref: 2AD6AB8 req: {A6EF9860-C720-11D0-9337-00A0C90DCAA9} 	
00002372	10:56:54.797	[1176] CFQ: ref: 2AE50C0 req: {332C4427-26CB-11D0-B483-00C04FD90119} 	
00002373	10:56:54.797	[1176] CFQ: ref: 2AE50C0 req: {332C4427-26CB-11D0-B483-00C04FD90119} 	
00002374	10:56:54.797	[1176] DFQ: ref: 2AD6AB8 req: {332C4427-26CB-11D0-B483-00C04FD90119} 	
00002375	10:56:54.797	[1176] CFQ: ref: 2AE50C0 req: {A6EF9860-C720-11D0-9337-00A0C90DCAA9} 	
00002376	10:56:54.797	[1176] CFQ: ref: 2AE50C0 req: {A6EF9860-C720-11D0-9337-00A0C90DCAA9} 	
00002377	10:56:54.797	[1176] DFQ: ref: 2AD6AB8 req: {A6EF9860-C720-11D0-9337-00A0C90DCAA9} 	
00002378	10:56:54.812	[1176] CFQ: ref: 2AE50C0 req: {332C4427-26CB-11D0-B483-00C04FD90119} 	
00002379	10:56:54.812	[1176] CFQ: ref: 2AE50C0 req: {332C4427-26CB-11D0-B483-00C04FD90119} 	
00002380	10:56:54.812	[1176] DFQ: ref: 2AD6AB8 req: {332C4427-26CB-11D0-B483-00C04FD90119} 	
00002381	10:56:54.812	[1176] CFQ: ref: 2AE50C0 req: {A6EF9860-C720-11D0-9337-00A0C90DCAA9} 	
00002382	10:56:54.812	[1176] CFQ: ref: 2AE50C0 req: {A6EF9860-C720-11D0-9337-00A0C90DCAA9} 	
00002383	10:56:54.812	[1176] DFQ: ref: 2AD6AB8 req: {A6EF9860-C720-11D0-9337-00A0C90DCAA9} 	
00002384	10:56:54.812	[1176] CFQ: ref: 2AE50C0 req: {332C4427-26CB-11D0-B483-00C04FD90119} 	
00002385	10:56:54.812	[1176] CFQ: ref: 2AE50C0 req: {332C4427-26CB-11D0-B483-00C04FD90119} 	
00002386	10:56:54.812	[1176] DFQ: ref: 2AD6AB8 req: {332C4427-26CB-11D0-B483-00C04FD90119} 	
00002387	10:56:54.812	[1176] CFQ: ref: 2AE50C0 req: {A6EF9860-C720-11D0-9337-00A0C90DCAA9} 	
00002388	10:56:54.812	[1176] CFQ: ref: 2AE50C0 req: {A6EF9860-C720-11D0-9337-00A0C90DCAA9} 	
00002389	10:56:54.812	[1176] DFQ: ref: 2AD6AB8 req: {A6EF9860-C720-11D0-9337-00A0C90DCAA9} 	
00002390	10:56:54.828	[1176] CFQ: ref: 2AE50C0 req: {332C4427-26CB-11D0-B483-00C04FD90119} 	
00002391	10:56:54.828	[1176] CFQ: ref: 2AE50C0 req: {332C4427-26CB-11D0-B483-00C04FD90119} 	
00002392	10:56:54.828	[1176] DFQ: ref: 2AD6AB8 req: {332C4427-26CB-11D0-B483-00C04FD90119} 	
00002393	10:56:54.828	[1176] CFQ: ref: 2AE50C0 req: {A6EF9860-C720-11D0-9337-00A0C90DCAA9} 	
00002394	10:56:54.828	[1176] CFQ: ref: 2AE50C0 req: {A6EF9860-C720-11D0-9337-00A0C90DCAA9} 	
00002395	10:56:54.828	[1176] DFQ: ref: 2AD6AB8 req: {A6EF9860-C720-11D0-9337-00A0C90DCAA9} 	
00002396	10:56:54.828	[1176] CFQ: ref: 2AE50C0 req: {332C4427-26CB-11D0-B483-00C04FD90119} 	
00002397	10:56:54.828	[1176] CFQ: ref: 2AE50C0 req: {332C4427-26CB-11D0-B483-00C04FD90119} 	
00002398	10:56:54.828	[1176] DFQ: ref: 2AD6AB8 req: {332C4427-26CB-11D0-B483-00C04FD90119} 	
00002399	10:56:54.828	[1176] CFQ: ref: 2AE50C0 req: {A6EF9860-C720-11D0-9337-00A0C90DCAA9} 	
00002400	10:56:54.828	[1176] CFQ: ref: 2AE50C0 req: {A6EF9860-C720-11D0-9337-00A0C90DCAA9} 	
00002401	10:56:54.828	[1176] DFQ: ref: 2AD6AB8 req: {A6EF9860-C720-11D0-9337-00A0C90DCAA9} 	
00002402	10:56:54.844	[1176] CFQ: ref: 2AE50C0 req: {332C4427-26CB-11D0-B483-00C04FD90119} 	
00002403	10:56:54.844	[1176] CFQ: ref: 2AE50C0 req: {332C4427-26CB-11D0-B483-00C04FD90119} 	
00002404	10:56:54.844	[1176] DFQ: ref: 2AD6AB8 req: {332C4427-26CB-11D0-B483-00C04FD90119} 	
00002405	10:56:54.844	[1176] CFQ: ref: 2AE50C0 req: {A6EF9860-C720-11D0-9337-00A0C90DCAA9} 	
00002406	10:56:54.844	[1176] CFQ: ref: 2AE50C0 req: {A6EF9860-C720-11D0-9337-00A0C90DCAA9} 	
00002407	10:56:54.844	[1176] DFQ: ref: 2AD6AB8 req: {A6EF9860-C720-11D0-9337-00A0C90DCAA9} 	
00002408	10:56:54.844	[1176] CFQ: ref: 2AE50C0 req: {332C4427-26CB-11D0-B483-00C04FD90119} 	
00002409	10:56:54.844	[1176] CFQ: ref: 2AE50C0 req: {332C4427-26CB-11D0-B483-00C04FD90119} 	
00002410	10:56:54.844	[1176] DFQ: ref: 2AD6AB8 req: {332C4427-26CB-11D0-B483-00C04FD90119} 	
00002411	10:56:54.844	[1176] CFQ: ref: 2AE50C0 req: {A6EF9860-C720-11D0-9337-00A0C90DCAA9} 	
00002412	10:56:54.844	[1176] CFQ: ref: 2AE50C0 req: {A6EF9860-C720-11D0-9337-00A0C90DCAA9} 	
00002413	10:56:54.844	[1176] DFQ: ref: 2AD6AB8 req: {A6EF9860-C720-11D0-9337-00A0C90DCAA9} 	
00002414	10:56:54.859	[1176] CFQ: ref: 2AE50C0 req: {332C4427-26CB-11D0-B483-00C04FD90119} 	
00002415	10:56:54.859	[1176] CFQ: ref: 2AE50C0 req: {332C4427-26CB-11D0-B483-00C04FD90119} 	
00002416	10:56:54.859	[1176] DFQ: ref: 2AD6AB8 req: {332C4427-26CB-11D0-B483-00C04FD90119} 	
00002417	10:56:54.859	[1176] CFQ: ref: 2AE50C0 req: {A6EF9860-C720-11D0-9337-00A0C90DCAA9} 	
00002418	10:56:54.859	[1176] CFQ: ref: 2AE50C0 req: {A6EF9860-C720-11D0-9337-00A0C90DCAA9} 	
00002419	10:56:54.859	[1176] DFQ: ref: 2AD6AB8 req: {A6EF9860-C720-11D0-9337-00A0C90DCAA9} 	
00002420	10:56:54.859	[1176] CFQ: ref: 2AE50C0 req: {332C4427-26CB-11D0-B483-00C04FD90119} 	
00002421	10:56:54.859	[1176] CFQ: ref: 2AE50C0 req: {332C4427-26CB-11D0-B483-00C04FD90119} 	
00002422	10:56:54.859	[1176] DFQ: ref: 2AD6AB8 req: {332C4427-26CB-11D0-B483-00C04FD90119} 	
00002423	10:56:54.859	[1176] CFQ: ref: 2AE50C0 req: {A6EF9860-C720-11D0-9337-00A0C90DCAA9} 	
00002424	10:56:54.859	[1176] CFQ: ref: 2AE50C0 req: {A6EF9860-C720-11D0-9337-00A0C90DCAA9} 	
00002425	10:56:54.859	[1176] DFQ: ref: 2AD6AB8 req: {A6EF9860-C720-11D0-9337-00A0C90DCAA9} 	
00002426	10:56:54.875	[1176] CFQ: ref: 2AE50C0 req: {332C4427-26CB-11D0-B483-00C04FD90119} 	
00002427	10:56:54.875	[1176] CFQ: ref: 2AE50C0 req: {332C4427-26CB-11D0-B483-00C04FD90119} 	
00002428	10:56:54.875	[1176] DFQ: ref: 2AD6AB8 req: {332C4427-26CB-11D0-B483-00C04FD90119} 	
00002429	10:56:54.875	[1176] CFQ: ref: 2AE50C0 req: {A6EF9860-C720-11D0-9337-00A0C90DCAA9} 	
00002430	10:56:54.875	[1176] CFQ: ref: 2AE50C0 req: {A6EF9860-C720-11D0-9337-00A0C90DCAA9} 	
00002431	10:56:54.875	[1176] DFQ: ref: 2AD6AB8 req: {A6EF9860-C720-11D0-9337-00A0C90DCAA9} 	
00002432	10:56:54.875	[1176] CFQ: ref: 2AE50C0 req: {332C4427-26CB-11D0-B483-00C04FD90119} 	
00002433	10:56:54.875	[1176] CFQ: ref: 2AE50C0 req: {332C4427-26CB-11D0-B483-00C04FD90119} 	
00002434	10:56:54.875	[1176] DFQ: ref: 2AD6AB8 req: {332C4427-26CB-11D0-B483-00C04FD90119} 	
00002435	10:56:54.875	[1176] CFQ: ref: 2AE50C0 req: {A6EF9860-C720-11D0-9337-00A0C90DCAA9} 	
00002436	10:56:54.875	[1176] CFQ: ref: 2AE50C0 req: {A6EF9860-C720-11D0-9337-00A0C90DCAA9} 	
00002437	10:56:54.875	[1176] DFQ: ref: 2AD6AB8 req: {A6EF9860-C720-11D0-9337-00A0C90DCAA9} 	
00002438	10:56:54.890	[1176] CFQ: ref: 2AE50C0 req: {332C4427-26CB-11D0-B483-00C04FD90119} 	
00002439	10:56:54.890	[1176] CFQ: ref: 2AE50C0 req: {332C4427-26CB-11D0-B483-00C04FD90119} 	
00002440	10:56:54.890	[1176] DFQ: ref: 2AD6AB8 req: {332C4427-26CB-11D0-B483-00C04FD90119} 	
00002441	10:56:54.890	[1176] CFQ: ref: 2AE50C0 req: {A6EF9860-C720-11D0-9337-00A0C90DCAA9} 	
00002442	10:56:54.890	[1176] CFQ: ref: 2AE50C0 req: {A6EF9860-C720-11D0-9337-00A0C90DCAA9} 	
00002443	10:56:54.890	[1176] DFQ: ref: 2AD6AB8 req: {A6EF9860-C720-11D0-9337-00A0C90DCAA9} 	
00002444	10:56:54.890	[1176] CFQ: ref: 2AE50C0 req: {332C4427-26CB-11D0-B483-00C04FD90119} 	
00002445	10:56:54.890	[1176] CFQ: ref: 2AE50C0 req: {332C4427-26CB-11D0-B483-00C04FD90119} 	
00002446	10:56:54.890	[1176] DFQ: ref: 2AD6AB8 req: {332C4427-26CB-11D0-B483-00C04FD90119} 	
00002447	10:56:54.890	[1176] CFQ: ref: 2AE50C0 req: {A6EF9860-C720-11D0-9337-00A0C90DCAA9} 	
00002448	10:56:54.890	[1176] CFQ: ref: 2AE50C0 req: {A6EF9860-C720-11D0-9337-00A0C90DCAA9} 	
00002449	10:56:54.890	[1176] DFQ: ref: 2AD6AB8 req: {A6EF9860-C720-11D0-9337-00A0C90DCAA9} 	
00002450	10:56:54.906	[1176] CFQ: ref: 2AE50C0 req: {332C4427-26CB-11D0-B483-00C04FD90119} 	
00002451	10:56:54.906	[1176] CFQ: ref: 2AE50C0 req: {332C4427-26CB-11D0-B483-00C04FD90119} 	
00002452	10:56:54.906	[1176] DFQ: ref: 2AD6AB8 req: {332C4427-26CB-11D0-B483-00C04FD90119} 	
00002453	10:56:54.906	[1176] CFQ: ref: 2AE50C0 req: {A6EF9860-C720-11D0-9337-00A0C90DCAA9} 	
00002454	10:56:54.906	[1176] CFQ: ref: 2AE50C0 req: {A6EF9860-C720-11D0-9337-00A0C90DCAA9} 	
00002455	10:56:54.906	[1176] DFQ: ref: 2AD6AB8 req: {A6EF9860-C720-11D0-9337-00A0C90DCAA9} 	
00002456	10:56:54.906	[1176] CFQ: ref: 2AE50C0 req: {332C4427-26CB-11D0-B483-00C04FD90119} 	
00002457	10:56:54.906	[1176] CFQ: ref: 2AE50C0 req: {332C4427-26CB-11D0-B483-00C04FD90119} 	
00002458	10:56:54.906	[1176] DFQ: ref: 2AD6AB8 req: {332C4427-26CB-11D0-B483-00C04FD90119} 	
00002459	10:56:54.906	[1176] CFQ: ref: 2AE50C0 req: {A6EF9860-C720-11D0-9337-00A0C90DCAA9} 	
00002460	10:56:54.906	[1176] CFQ: ref: 2AE50C0 req: {A6EF9860-C720-11D0-9337-00A0C90DCAA9} 	
00002461	10:56:54.906	[1176] DFQ: ref: 2AD6AB8 req: {A6EF9860-C720-11D0-9337-00A0C90DCAA9} 	
00002462	10:56:54.922	[1176] CFQ: ref: 2AE50C0 req: {332C4427-26CB-11D0-B483-00C04FD90119} 	
00002463	10:56:54.922	[1176] CFQ: ref: 2AE50C0 req: {332C4427-26CB-11D0-B483-00C04FD90119} 	
00002464	10:56:54.922	[1176] DFQ: ref: 2AD6AB8 req: {332C4427-26CB-11D0-B483-00C04FD90119} 	
00002465	10:56:54.922	[1176] CFQ: ref: 2AE50C0 req: {A6EF9860-C720-11D0-9337-00A0C90DCAA9} 	
00002466	10:56:54.922	[1176] CFQ: ref: 2AE50C0 req: {A6EF9860-C720-11D0-9337-00A0C90DCAA9} 	
00002467	10:56:54.922	[1176] DFQ: ref: 2AD6AB8 req: {A6EF9860-C720-11D0-9337-00A0C90DCAA9} 	
00002468	10:56:54.922	[1176] CFQ: ref: 2AE50C0 req: {332C4427-26CB-11D0-B483-00C04FD90119} 	
00002469	10:56:54.922	[1176] CFQ: ref: 2AE50C0 req: {332C4427-26CB-11D0-B483-00C04FD90119} 	
00002470	10:56:54.922	[1176] DFQ: ref: 2AD6AB8 req: {332C4427-26CB-11D0-B483-00C04FD90119} 	
00002471	10:56:54.922	[1176] CFQ: ref: 2AE50C0 req: {A6EF9860-C720-11D0-9337-00A0C90DCAA9} 	
00002472	10:56:54.922	[1176] CFQ: ref: 2AE50C0 req: {A6EF9860-C720-11D0-9337-00A0C90DCAA9} 	
00002473	10:56:54.922	[1176] DFQ: ref: 2AD6AB8 req: {A6EF9860-C720-11D0-9337-00A0C90DCAA9} 	
00002474	10:56:54.937	[1176] CFQ: ref: 2AE50C0 req: {332C4427-26CB-11D0-B483-00C04FD90119} 	
00002475	10:56:54.937	[1176] CFQ: ref: 2AE50C0 req: {332C4427-26CB-11D0-B483-00C04FD90119} 	
00002476	10:56:54.937	[1176] DFQ: ref: 2AD6AB8 req: {332C4427-26CB-11D0-B483-00C04FD90119} 	
00002477	10:56:54.937	[1176] CFQ: ref: 2AE50C0 req: {A6EF9860-C720-11D0-9337-00A0C90DCAA9} 	
00002478	10:56:54.937	[1176] CFQ: ref: 2AE50C0 req: {A6EF9860-C720-11D0-9337-00A0C90DCAA9} 	
00002479	10:56:54.937	[1176] DFQ: ref: 2AD6AB8 req: {A6EF9860-C720-11D0-9337-00A0C90DCAA9} 	
00002480	10:56:54.937	[1176] CFQ: ref: 2AE50C0 req: {332C4427-26CB-11D0-B483-00C04FD90119} 	
00002481	10:56:54.937	[1176] CFQ: ref: 2AE50C0 req: {332C4427-26CB-11D0-B483-00C04FD90119} 	
00002482	10:56:54.937	[1176] DFQ: ref: 2AD6AB8 req: {332C4427-26CB-11D0-B483-00C04FD90119} 	
00002483	10:56:54.937	[1176] CFQ: ref: 2AE50C0 req: {A6EF9860-C720-11D0-9337-00A0C90DCAA9} 	
00002484	10:56:54.937	[1176] CFQ: ref: 2AE50C0 req: {A6EF9860-C720-11D0-9337-00A0C90DCAA9} 	
00002485	10:56:54.937	[1176] DFQ: ref: 2AD6AB8 req: {A6EF9860-C720-11D0-9337-00A0C90DCAA9} 	
00002486	10:56:54.953	[1176] CFQ: ref: 2AE50C0 req: {332C4427-26CB-11D0-B483-00C04FD90119} 	
00002487	10:56:54.953	[1176] CFQ: ref: 2AE50C0 req: {332C4427-26CB-11D0-B483-00C04FD90119} 	
00002488	10:56:54.953	[1176] DFQ: ref: 2AD6AB8 req: {332C4427-26CB-11D0-B483-00C04FD90119} 	
00002489	10:56:54.953	[1176] CFQ: ref: 2AE50C0 req: {A6EF9860-C720-11D0-9337-00A0C90DCAA9} 	
00002490	10:56:54.953	[1176] CFQ: ref: 2AE50C0 req: {A6EF9860-C720-11D0-9337-00A0C90DCAA9} 	
00002491	10:56:54.953	[1176] DFQ: ref: 2AD6AB8 req: {A6EF9860-C720-11D0-9337-00A0C90DCAA9} 	
00002492	10:56:54.953	[1176] CFQ: ref: 2AE50C0 req: {332C4427-26CB-11D0-B483-00C04FD90119} 	
00002493	10:56:54.953	[1176] CFQ: ref: 2AE50C0 req: {332C4427-26CB-11D0-B483-00C04FD90119} 	
00002494	10:56:54.953	[1176] DFQ: ref: 2AD6AB8 req: {332C4427-26CB-11D0-B483-00C04FD90119} 	
00002495	10:56:54.953	[1176] CFQ: ref: 2AE50C0 req: {A6EF9860-C720-11D0-9337-00A0C90DCAA9} 	
00002496	10:56:54.953	[1176] CFQ: ref: 2AE50C0 req: {A6EF9860-C720-11D0-9337-00A0C90DCAA9} 	
00002497	10:56:54.953	[1176] DFQ: ref: 2AD6AB8 req: {A6EF9860-C720-11D0-9337-00A0C90DCAA9} 	
00002498	10:56:54.969	[1176] CFQ: ref: 2AE50C0 req: {332C4427-26CB-11D0-B483-00C04FD90119} 	
00002499	10:56:54.969	[1176] CFQ: ref: 2AE50C0 req: {332C4427-26CB-11D0-B483-00C04FD90119} 	
00002500	10:56:54.969	[1176] DFQ: ref: 2AD6AB8 req: {332C4427-26CB-11D0-B483-00C04FD90119} 	
00002501	10:56:54.969	[1176] CFQ: ref: 2AE50C0 req: {A6EF9860-C720-11D0-9337-00A0C90DCAA9} 	
00002502	10:56:54.969	[1176] CFQ: ref: 2AE50C0 req: {A6EF9860-C720-11D0-9337-00A0C90DCAA9} 	
00002503	10:56:54.969	[1176] DFQ: ref: 2AD6AB8 req: {A6EF9860-C720-11D0-9337-00A0C90DCAA9} 	
00002504	10:56:54.969	[1176] CFQ: ref: 2AE50C0 req: {332C4427-26CB-11D0-B483-00C04FD90119} 	
00002505	10:56:54.969	[1176] CFQ: ref: 2AE50C0 req: {332C4427-26CB-11D0-B483-00C04FD90119} 	
00002506	10:56:54.969	[1176] DFQ: ref: 2AD6AB8 req: {332C4427-26CB-11D0-B483-00C04FD90119} 	
00002507	10:56:54.969	[1176] CFQ: ref: 2AE50C0 req: {A6EF9860-C720-11D0-9337-00A0C90DCAA9} 	
00002508	10:56:54.969	[1176] CFQ: ref: 2AE50C0 req: {A6EF9860-C720-11D0-9337-00A0C90DCAA9} 	
00002509	10:56:54.969	[1176] DFQ: ref: 2AD6AB8 req: {A6EF9860-C720-11D0-9337-00A0C90DCAA9} 	
00002510	10:56:54.984	[1176] CFQ: ref: 2AE50C0 req: {332C4427-26CB-11D0-B483-00C04FD90119} 	
00002511	10:56:54.984	[1176] CFQ: ref: 2AE50C0 req: {332C4427-26CB-11D0-B483-00C04FD90119} 	
00002512	10:56:54.984	[1176] DFQ: ref: 2AD6AB8 req: {332C4427-26CB-11D0-B483-00C04FD90119} 	
00002513	10:56:54.984	[1176] CFQ: ref: 2AE50C0 req: {A6EF9860-C720-11D0-9337-00A0C90DCAA9} 	
00002514	10:56:54.984	[1176] CFQ: ref: 2AE50C0 req: {A6EF9860-C720-11D0-9337-00A0C90DCAA9} 	
00002515	10:56:54.984	[1176] DFQ: ref: 2AD6AB8 req: {A6EF9860-C720-11D0-9337-00A0C90DCAA9} 	
00002516	10:56:54.984	[1176] CFQ: ref: 2AE50C0 req: {332C4427-26CB-11D0-B483-00C04FD90119} 	
00002517	10:56:54.984	[1176] CFQ: ref: 2AE50C0 req: {332C4427-26CB-11D0-B483-00C04FD90119} 	
00002518	10:56:54.984	[1176] DFQ: ref: 2AD6AB8 req: {332C4427-26CB-11D0-B483-00C04FD90119} 	
00002519	10:56:54.984	[1176] CFQ: ref: 2AE50C0 req: {A6EF9860-C720-11D0-9337-00A0C90DCAA9} 	
00002520	10:56:54.984	[1176] CFQ: ref: 2AE50C0 req: {A6EF9860-C720-11D0-9337-00A0C90DCAA9} 	
00002521	10:56:54.984	[1176] DFQ: ref: 2AD6AB8 req: {A6EF9860-C720-11D0-9337-00A0C90DCAA9} 	
00002522	10:56:55.000	[1176] CFQ: ref: 2AE50C0 req: {332C4427-26CB-11D0-B483-00C04FD90119} 	
00002523	10:56:55.000	[1176] CFQ: ref: 2AE50C0 req: {332C4427-26CB-11D0-B483-00C04FD90119} 	
00002524	10:56:55.000	[1176] DFQ: ref: 2AD6AB8 req: {332C4427-26CB-11D0-B483-00C04FD90119} 	
00002525	10:56:55.000	[1176] CFQ: ref: 2AE50C0 req: {A6EF9860-C720-11D0-9337-00A0C90DCAA9} 	
00002526	10:56:55.000	[1176] CFQ: ref: 2AE50C0 req: {A6EF9860-C720-11D0-9337-00A0C90DCAA9} 	
00002527	10:56:55.000	[1176] DFQ: ref: 2AD6AB8 req: {A6EF9860-C720-11D0-9337-00A0C90DCAA9} 	
00002528	10:56:55.000	[1176] CFQ: ref: 2AE50C0 req: {332C4427-26CB-11D0-B483-00C04FD90119} 	
00002529	10:56:55.000	[1176] CFQ: ref: 2AE50C0 req: {332C4427-26CB-11D0-B483-00C04FD90119} 	
00002530	10:56:55.000	[1176] DFQ: ref: 2AD6AB8 req: {332C4427-26CB-11D0-B483-00C04FD90119} 	
00002531	10:56:55.000	[1176] CFQ: ref: 2AE50C0 req: {A6EF9860-C720-11D0-9337-00A0C90DCAA9} 	
00002532	10:56:55.000	[1176] CFQ: ref: 2AE50C0 req: {A6EF9860-C720-11D0-9337-00A0C90DCAA9} 	
00002533	10:56:55.000	[1176] DFQ: ref: 2AD6AB8 req: {A6EF9860-C720-11D0-9337-00A0C90DCAA9} 	
00002534	10:56:55.015	[1176] CFQ: ref: 2AE50C0 req: {332C4427-26CB-11D0-B483-00C04FD90119} 	
00002535	10:56:55.015	[1176] CFQ: ref: 2AE50C0 req: {332C4427-26CB-11D0-B483-00C04FD90119} 	
00002536	10:56:55.015	[1176] DFQ: ref: 2AD6AB8 req: {332C4427-26CB-11D0-B483-00C04FD90119} 	
00002537	10:56:55.015	[1176] CFQ: ref: 2AE50C0 req: {A6EF9860-C720-11D0-9337-00A0C90DCAA9} 	
00002538	10:56:55.015	[1176] CFQ: ref: 2AE50C0 req: {A6EF9860-C720-11D0-9337-00A0C90DCAA9} 	
00002539	10:56:55.015	[1176] DFQ: ref: 2AD6AB8 req: {A6EF9860-C720-11D0-9337-00A0C90DCAA9} 	
00002540	10:56:55.015	[1176] CFQ: ref: 2AE50C0 req: {332C4427-26CB-11D0-B483-00C04FD90119} 	
00002541	10:56:55.015	[1176] CFQ: ref: 2AE50C0 req: {332C4427-26CB-11D0-B483-00C04FD90119} 	
00002542	10:56:55.015	[1176] DFQ: ref: 2AD6AB8 req: {332C4427-26CB-11D0-B483-00C04FD90119} 	
00002543	10:56:55.015	[1176] CFQ: ref: 2AE50C0 req: {A6EF9860-C720-11D0-9337-00A0C90DCAA9} 	
00002544	10:56:55.015	[1176] CFQ: ref: 2AE50C0 req: {A6EF9860-C720-11D0-9337-00A0C90DCAA9} 	
00002545	10:56:55.015	[1176] DFQ: ref: 2AD6AB8 req: {A6EF9860-C720-11D0-9337-00A0C90DCAA9} 	
00002546	10:56:55.031	[1176] CFQ: ref: 2AE50C0 req: {332C4427-26CB-11D0-B483-00C04FD90119} 	
00002547	10:56:55.031	[1176] CFQ: ref: 2AE50C0 req: {332C4427-26CB-11D0-B483-00C04FD90119} 	
00002548	10:56:55.031	[1176] DFQ: ref: 2AD6AB8 req: {332C4427-26CB-11D0-B483-00C04FD90119} 	
00002549	10:56:55.031	[1176] CFQ: ref: 2AE50C0 req: {A6EF9860-C720-11D0-9337-00A0C90DCAA9} 	
00002550	10:56:55.031	[1176] CFQ: ref: 2AE50C0 req: {A6EF9860-C720-11D0-9337-00A0C90DCAA9} 	
00002551	10:56:55.031	[1176] DFQ: ref: 2AD6AB8 req: {A6EF9860-C720-11D0-9337-00A0C90DCAA9} 	
00002552	10:56:55.031	[1176] CFQ: ref: 2AE50C0 req: {332C4427-26CB-11D0-B483-00C04FD90119} 	
00002553	10:56:55.031	[1176] CFQ: ref: 2AE50C0 req: {332C4427-26CB-11D0-B483-00C04FD90119} 	
00002554	10:56:55.031	[1176] DFQ: ref: 2AD6AB8 req: {332C4427-26CB-11D0-B483-00C04FD90119} 	
00002555	10:56:55.031	[1176] CFQ: ref: 2AE50C0 req: {A6EF9860-C720-11D0-9337-00A0C90DCAA9} 	
00002556	10:56:55.031	[1176] CFQ: ref: 2AE50C0 req: {A6EF9860-C720-11D0-9337-00A0C90DCAA9} 	
00002557	10:56:55.031	[1176] DFQ: ref: 2AD6AB8 req: {A6EF9860-C720-11D0-9337-00A0C90DCAA9} 	
00002558	10:56:55.047	[1176] CFQ: ref: 2AE50C0 req: {332C4427-26CB-11D0-B483-00C04FD90119} 	
00002559	10:56:55.047	[1176] CFQ: ref: 2AE50C0 req: {332C4427-26CB-11D0-B483-00C04FD90119} 	
00002560	10:56:55.047	[1176] DFQ: ref: 2AD6AB8 req: {332C4427-26CB-11D0-B483-00C04FD90119} 	
00002561	10:56:55.047	[1176] CFQ: ref: 2AE50C0 req: {A6EF9860-C720-11D0-9337-00A0C90DCAA9} 	
00002562	10:56:55.047	[1176] CFQ: ref: 2AE50C0 req: {A6EF9860-C720-11D0-9337-00A0C90DCAA9} 	
00002563	10:56:55.047	[1176] DFQ: ref: 2AD6AB8 req: {A6EF9860-C720-11D0-9337-00A0C90DCAA9} 	
00002564	10:56:55.047	[1176] CFQ: ref: 2AE50C0 req: {332C4427-26CB-11D0-B483-00C04FD90119} 	
00002565	10:56:55.047	[1176] CFQ: ref: 2AE50C0 req: {332C4427-26CB-11D0-B483-00C04FD90119} 	
00002566	10:56:55.047	[1176] DFQ: ref: 2AD6AB8 req: {332C4427-26CB-11D0-B483-00C04FD90119} 	
00002567	10:56:55.047	[1176] CFQ: ref: 2AE50C0 req: {A6EF9860-C720-11D0-9337-00A0C90DCAA9} 	
00002568	10:56:55.047	[1176] CFQ: ref: 2AE50C0 req: {A6EF9860-C720-11D0-9337-00A0C90DCAA9} 	
00002569	10:56:55.047	[1176] DFQ: ref: 2AD6AB8 req: {A6EF9860-C720-11D0-9337-00A0C90DCAA9} 	
00002570	10:56:55.062	[1176] CFQ: ref: 2AE50C0 req: {332C4427-26CB-11D0-B483-00C04FD90119} 	
00002571	10:56:55.062	[1176] CFQ: ref: 2AE50C0 req: {332C4427-26CB-11D0-B483-00C04FD90119} 	
00002572	10:56:55.062	[1176] DFQ: ref: 2AD6AB8 req: {332C4427-26CB-11D0-B483-00C04FD90119} 	
00002573	10:56:55.062	[1176] CFQ: ref: 2AE50C0 req: {A6EF9860-C720-11D0-9337-00A0C90DCAA9} 	
00002574	10:56:55.062	[1176] CFQ: ref: 2AE50C0 req: {A6EF9860-C720-11D0-9337-00A0C90DCAA9} 	
00002575	10:56:55.062	[1176] DFQ: ref: 2AD6AB8 req: {A6EF9860-C720-11D0-9337-00A0C90DCAA9} 	
00002576	10:56:55.062	[1176] CFQ: ref: 2AE50C0 req: {332C4427-26CB-11D0-B483-00C04FD90119} 	
00002577	10:56:55.062	[1176] CFQ: ref: 2AE50C0 req: {332C4427-26CB-11D0-B483-00C04FD90119} 	
00002578	10:56:55.062	[1176] DFQ: ref: 2AD6AB8 req: {332C4427-26CB-11D0-B483-00C04FD90119} 	
00002579	10:56:55.062	[1176] CFQ: ref: 2AE50C0 req: {A6EF9860-C720-11D0-9337-00A0C90DCAA9} 	
00002580	10:56:55.062	[1176] CFQ: ref: 2AE50C0 req: {A6EF9860-C720-11D0-9337-00A0C90DCAA9} 	
00002581	10:56:55.062	[1176] DFQ: ref: 2AD6AB8 req: {A6EF9860-C720-11D0-9337-00A0C90DCAA9} 	
00002582	10:56:55.125	[1176] CFQ: ref: 2AE50C0 req: {332C4427-26CB-11D0-B483-00C04FD90119} 	
00002583	10:56:55.125	[1176] CFQ: ref: 2AE50C0 req: {332C4427-26CB-11D0-B483-00C04FD90119} 	
00002584	10:56:55.125	[1176] DFQ: ref: 2AD6AB8 req: {332C4427-26CB-11D0-B483-00C04FD90119} 	
00002585	10:56:55.125	[1176] CFQ: ref: 2AE50C0 req: {A6EF9860-C720-11D0-9337-00A0C90DCAA9} 	
00002586	10:56:55.125	[1176] CFQ: ref: 2AE50C0 req: {A6EF9860-C720-11D0-9337-00A0C90DCAA9} 	
00002587	10:56:55.125	[1176] DFQ: ref: 2AD6AB8 req: {A6EF9860-C720-11D0-9337-00A0C90DCAA9} 	
00002588	10:56:55.125	[1176] CFQ: ref: 2AE50C0 req: {332C4427-26CB-11D0-B483-00C04FD90119} 	
00002589	10:56:55.125	[1176] CFQ: ref: 2AE50C0 req: {332C4427-26CB-11D0-B483-00C04FD90119} 	
00002590	10:56:55.125	[1176] DFQ: ref: 2AD6AB8 req: {332C4427-26CB-11D0-B483-00C04FD90119} 	
00002591	10:56:55.125	[1176] CFQ: ref: 2AE50C0 req: {A6EF9860-C720-11D0-9337-00A0C90DCAA9} 	
00002592	10:56:55.125	[1176] CFQ: ref: 2AE50C0 req: {A6EF9860-C720-11D0-9337-00A0C90DCAA9} 	
00002593	10:56:55.125	[1176] DFQ: ref: 2AD6AB8 req: {A6EF9860-C720-11D0-9337-00A0C90DCAA9} 	
00002594	10:56:55.140	[1176] CFQ: ref: 2AE50C0 req: {332C4427-26CB-11D0-B483-00C04FD90119} 	
00002595	10:56:55.140	[1176] CFQ: ref: 2AE50C0 req: {332C4427-26CB-11D0-B483-00C04FD90119} 	
00002596	10:56:55.140	[1176] DFQ: ref: 2AD6AB8 req: {332C4427-26CB-11D0-B483-00C04FD90119} 	
00002597	10:56:55.140	[1176] CFQ: ref: 2AE50C0 req: {A6EF9860-C720-11D0-9337-00A0C90DCAA9} 	
00002598	10:56:55.140	[1176] CFQ: ref: 2AE50C0 req: {A6EF9860-C720-11D0-9337-00A0C90DCAA9} 	
00002599	10:56:55.140	[1176] DFQ: ref: 2AD6AB8 req: {A6EF9860-C720-11D0-9337-00A0C90DCAA9} 	
00002600	10:56:55.140	[1176] CFQ: ref: 2AE50C0 req: {332C4427-26CB-11D0-B483-00C04FD90119} 	
00002601	10:56:55.140	[1176] CFQ: ref: 2AE50C0 req: {332C4427-26CB-11D0-B483-00C04FD90119} 	
00002602	10:56:55.140	[1176] DFQ: ref: 2AD6AB8 req: {332C4427-26CB-11D0-B483-00C04FD90119} 	
00002603	10:56:55.140	[1176] CFQ: ref: 2AE50C0 req: {A6EF9860-C720-11D0-9337-00A0C90DCAA9} 	
00002604	10:56:55.140	[1176] CFQ: ref: 2AE50C0 req: {A6EF9860-C720-11D0-9337-00A0C90DCAA9} 	
00002605	10:56:55.140	[1176] DFQ: ref: 2AD6AB8 req: {A6EF9860-C720-11D0-9337-00A0C90DCAA9} 	
00002606	10:56:55.156	[1176] CFQ: ref: 2AE50C0 req: {332C4427-26CB-11D0-B483-00C04FD90119} 	
00002607	10:56:55.156	[1176] CFQ: ref: 2AE50C0 req: {332C4427-26CB-11D0-B483-00C04FD90119} 	
00002608	10:56:55.156	[1176] DFQ: ref: 2AD6AB8 req: {332C4427-26CB-11D0-B483-00C04FD90119} 	
00002609	10:56:55.156	[1176] CFQ: ref: 2AE50C0 req: {A6EF9860-C720-11D0-9337-00A0C90DCAA9} 	
00002610	10:56:55.156	[1176] CFQ: ref: 2AE50C0 req: {A6EF9860-C720-11D0-9337-00A0C90DCAA9} 	
00002611	10:56:55.156	[1176] DFQ: ref: 2AD6AB8 req: {A6EF9860-C720-11D0-9337-00A0C90DCAA9} 	
00002612	10:56:55.156	[1176] CFQ: ref: 2AE50C0 req: {332C4427-26CB-11D0-B483-00C04FD90119} 	
00002613	10:56:55.156	[1176] CFQ: ref: 2AE50C0 req: {332C4427-26CB-11D0-B483-00C04FD90119} 	
00002614	10:56:55.156	[1176] DFQ: ref: 2AD6AB8 req: {332C4427-26CB-11D0-B483-00C04FD90119} 	
00002615	10:56:55.156	[1176] CFQ: ref: 2AE50C0 req: {A6EF9860-C720-11D0-9337-00A0C90DCAA9} 	
00002616	10:56:55.156	[1176] CFQ: ref: 2AE50C0 req: {A6EF9860-C720-11D0-9337-00A0C90DCAA9} 	
00002617	10:56:55.156	[1176] DFQ: ref: 2AD6AB8 req: {A6EF9860-C720-11D0-9337-00A0C90DCAA9} 	
00002618	10:56:55.172	[1176] CFQ: ref: 2AE50C0 req: {332C4427-26CB-11D0-B483-00C04FD90119} 	
00002619	10:56:55.172	[1176] CFQ: ref: 2AE50C0 req: {332C4427-26CB-11D0-B483-00C04FD90119} 	
00002620	10:56:55.172	[1176] DFQ: ref: 2AD6AB8 req: {332C4427-26CB-11D0-B483-00C04FD90119} 	
00002621	10:56:55.172	[1176] CFQ: ref: 2AE50C0 req: {A6EF9860-C720-11D0-9337-00A0C90DCAA9} 	
00002622	10:56:55.172	[1176] CFQ: ref: 2AE50C0 req: {A6EF9860-C720-11D0-9337-00A0C90DCAA9} 	
00002623	10:56:55.172	[1176] DFQ: ref: 2AD6AB8 req: {A6EF9860-C720-11D0-9337-00A0C90DCAA9} 	
00002624	10:56:55.172	[1176] CFQ: ref: 2AE50C0 req: {332C4427-26CB-11D0-B483-00C04FD90119} 	
00002625	10:56:55.172	[1176] CFQ: ref: 2AE50C0 req: {332C4427-26CB-11D0-B483-00C04FD90119} 	
00002626	10:56:55.172	[1176] DFQ: ref: 2AD6AB8 req: {332C4427-26CB-11D0-B483-00C04FD90119} 	
00002627	10:56:55.172	[1176] CFQ: ref: 2AE50C0 req: {A6EF9860-C720-11D0-9337-00A0C90DCAA9} 	
00002628	10:56:55.172	[1176] CFQ: ref: 2AE50C0 req: {A6EF9860-C720-11D0-9337-00A0C90DCAA9} 	
00002629	10:56:55.172	[1176] DFQ: ref: 2AD6AB8 req: {A6EF9860-C720-11D0-9337-00A0C90DCAA9} 	
00002630	10:56:55.187	[1176] CFQ: ref: 2AE50C0 req: {332C4427-26CB-11D0-B483-00C04FD90119} 	
00002631	10:56:55.187	[1176] CFQ: ref: 2AE50C0 req: {332C4427-26CB-11D0-B483-00C04FD90119} 	
00002632	10:56:55.187	[1176] DFQ: ref: 2AD6AB8 req: {332C4427-26CB-11D0-B483-00C04FD90119} 	
00002633	10:56:55.187	[1176] CFQ: ref: 2AE50C0 req: {A6EF9860-C720-11D0-9337-00A0C90DCAA9} 	
00002634	10:56:55.187	[1176] CFQ: ref: 2AE50C0 req: {A6EF9860-C720-11D0-9337-00A0C90DCAA9} 	
00002635	10:56:55.187	[1176] DFQ: ref: 2AD6AB8 req: {A6EF9860-C720-11D0-9337-00A0C90DCAA9} 	
00002636	10:56:55.187	[1176] CFQ: ref: 2AE50C0 req: {332C4427-26CB-11D0-B483-00C04FD90119} 	
00002637	10:56:55.187	[1176] CFQ: ref: 2AE50C0 req: {332C4427-26CB-11D0-B483-00C04FD90119} 	
00002638	10:56:55.187	[1176] DFQ: ref: 2AD6AB8 req: {332C4427-26CB-11D0-B483-00C04FD90119} 	
00002639	10:56:55.187	[1176] CFQ: ref: 2AE50C0 req: {A6EF9860-C720-11D0-9337-00A0C90DCAA9} 	
00002640	10:56:55.187	[1176] CFQ: ref: 2AE50C0 req: {A6EF9860-C720-11D0-9337-00A0C90DCAA9} 	
00002641	10:56:55.187	[1176] DFQ: ref: 2AD6AB8 req: {A6EF9860-C720-11D0-9337-00A0C90DCAA9} 	
00002642	10:56:55.203	[1176] CFQ: ref: 2AE50C0 req: {332C4427-26CB-11D0-B483-00C04FD90119} 	
00002643	10:56:55.203	[1176] CFQ: ref: 2AE50C0 req: {332C4427-26CB-11D0-B483-00C04FD90119} 	
00002644	10:56:55.203	[1176] DFQ: ref: 2AD6AB8 req: {332C4427-26CB-11D0-B483-00C04FD90119} 	
00002645	10:56:55.203	[1176] CFQ: ref: 2AE50C0 req: {A6EF9860-C720-11D0-9337-00A0C90DCAA9} 	
00002646	10:56:55.203	[1176] CFQ: ref: 2AE50C0 req: {A6EF9860-C720-11D0-9337-00A0C90DCAA9} 	
00002647	10:56:55.203	[1176] DFQ: ref: 2AD6AB8 req: {A6EF9860-C720-11D0-9337-00A0C90DCAA9} 	
00002648	10:56:55.203	[1176] CFQ: ref: 2AE50C0 req: {332C4427-26CB-11D0-B483-00C04FD90119} 	
00002649	10:56:55.203	[1176] CFQ: ref: 2AE50C0 req: {332C4427-26CB-11D0-B483-00C04FD90119} 	
00002650	10:56:55.203	[1176] DFQ: ref: 2AD6AB8 req: {332C4427-26CB-11D0-B483-00C04FD90119} 	
00002651	10:56:55.203	[1176] CFQ: ref: 2AE50C0 req: {A6EF9860-C720-11D0-9337-00A0C90DCAA9} 	
00002652	10:56:55.203	[1176] CFQ: ref: 2AE50C0 req: {A6EF9860-C720-11D0-9337-00A0C90DCAA9} 	
00002653	10:56:55.203	[1176] DFQ: ref: 2AD6AB8 req: {A6EF9860-C720-11D0-9337-00A0C90DCAA9} 	
00002654	10:56:55.219	[1176] CFQ: ref: 2AE50C0 req: {332C4427-26CB-11D0-B483-00C04FD90119} 	
00002655	10:56:55.219	[1176] CFQ: ref: 2AE50C0 req: {332C4427-26CB-11D0-B483-00C04FD90119} 	
00002656	10:56:55.219	[1176] DFQ: ref: 2AD6AB8 req: {332C4427-26CB-11D0-B483-00C04FD90119} 	
00002657	10:56:55.219	[1176] CFQ: ref: 2AE50C0 req: {A6EF9860-C720-11D0-9337-00A0C90DCAA9} 	
00002658	10:56:55.219	[1176] CFQ: ref: 2AE50C0 req: {A6EF9860-C720-11D0-9337-00A0C90DCAA9} 	
00002659	10:56:55.219	[1176] DFQ: ref: 2AD6AB8 req: {A6EF9860-C720-11D0-9337-00A0C90DCAA9} 	
00002660	10:56:55.219	[1176] CFQ: ref: 2AE50C0 req: {332C4427-26CB-11D0-B483-00C04FD90119} 	
00002661	10:56:55.219	[1176] CFQ: ref: 2AE50C0 req: {332C4427-26CB-11D0-B483-00C04FD90119} 	
00002662	10:56:55.219	[1176] DFQ: ref: 2AD6AB8 req: {332C4427-26CB-11D0-B483-00C04FD90119} 	
00002663	10:56:55.219	[1176] CFQ: ref: 2AE50C0 req: {A6EF9860-C720-11D0-9337-00A0C90DCAA9} 	
00002664	10:56:55.219	[1176] CFQ: ref: 2AE50C0 req: {A6EF9860-C720-11D0-9337-00A0C90DCAA9} 	
00002665	10:56:55.219	[1176] DFQ: ref: 2AD6AB8 req: {A6EF9860-C720-11D0-9337-00A0C90DCAA9} 	
00002666	10:56:55.234	[1176] CFQ: ref: 2AE50C0 req: {332C4427-26CB-11D0-B483-00C04FD90119} 	
00002667	10:56:55.234	[1176] CFQ: ref: 2AE50C0 req: {332C4427-26CB-11D0-B483-00C04FD90119} 	
00002668	10:56:55.234	[1176] DFQ: ref: 2AD6AB8 req: {332C4427-26CB-11D0-B483-00C04FD90119} 	
00002669	10:56:55.234	[1176] CFQ: ref: 2AE50C0 req: {A6EF9860-C720-11D0-9337-00A0C90DCAA9} 	
00002670	10:56:55.234	[1176] CFQ: ref: 2AE50C0 req: {A6EF9860-C720-11D0-9337-00A0C90DCAA9} 	
00002671	10:56:55.234	[1176] DFQ: ref: 2AD6AB8 req: {A6EF9860-C720-11D0-9337-00A0C90DCAA9} 	
00002672	10:56:55.234	[1176] CFQ: ref: 2AE50C0 req: {332C4427-26CB-11D0-B483-00C04FD90119} 	
00002673	10:56:55.234	[1176] CFQ: ref: 2AE50C0 req: {332C4427-26CB-11D0-B483-00C04FD90119} 	
00002674	10:56:55.234	[1176] DFQ: ref: 2AD6AB8 req: {332C4427-26CB-11D0-B483-00C04FD90119} 	
00002675	10:56:55.234	[1176] CFQ: ref: 2AE50C0 req: {A6EF9860-C720-11D0-9337-00A0C90DCAA9} 	
00002676	10:56:55.234	[1176] CFQ: ref: 2AE50C0 req: {A6EF9860-C720-11D0-9337-00A0C90DCAA9} 	
00002677	10:56:55.234	[1176] DFQ: ref: 2AD6AB8 req: {A6EF9860-C720-11D0-9337-00A0C90DCAA9} 	
00002678	10:56:55.250	[1176] CFQ: ref: 2AE50C0 req: {332C4427-26CB-11D0-B483-00C04FD90119} 	
00002679	10:56:55.250	[1176] CFQ: ref: 2AE50C0 req: {332C4427-26CB-11D0-B483-00C04FD90119} 	
00002680	10:56:55.250	[1176] DFQ: ref: 2AD6AB8 req: {332C4427-26CB-11D0-B483-00C04FD90119} 	
00002681	10:56:55.250	[1176] CFQ: ref: 2AE50C0 req: {A6EF9860-C720-11D0-9337-00A0C90DCAA9} 	
00002682	10:56:55.250	[1176] CFQ: ref: 2AE50C0 req: {A6EF9860-C720-11D0-9337-00A0C90DCAA9} 	
00002683	10:56:55.250	[1176] DFQ: ref: 2AD6AB8 req: {A6EF9860-C720-11D0-9337-00A0C90DCAA9} 	
00002684	10:56:55.250	[1176] CFQ: ref: 2AE50C0 req: {332C4427-26CB-11D0-B483-00C04FD90119} 	
00002685	10:56:55.250	[1176] CFQ: ref: 2AE50C0 req: {332C4427-26CB-11D0-B483-00C04FD90119} 	
00002686	10:56:55.250	[1176] DFQ: ref: 2AD6AB8 req: {332C4427-26CB-11D0-B483-00C04FD90119} 	
00002687	10:56:55.250	[1176] CFQ: ref: 2AE50C0 req: {A6EF9860-C720-11D0-9337-00A0C90DCAA9} 	
00002688	10:56:55.250	[1176] CFQ: ref: 2AE50C0 req: {A6EF9860-C720-11D0-9337-00A0C90DCAA9} 	
00002689	10:56:55.250	[1176] DFQ: ref: 2AD6AB8 req: {A6EF9860-C720-11D0-9337-00A0C90DCAA9} 	
00002690	10:56:55.265	[1176] CFQ: ref: 2AE50C0 req: {332C4427-26CB-11D0-B483-00C04FD90119} 	
00002691	10:56:55.265	[1176] CFQ: ref: 2AE50C0 req: {332C4427-26CB-11D0-B483-00C04FD90119} 	
00002692	10:56:55.265	[1176] DFQ: ref: 2AD6AB8 req: {332C4427-26CB-11D0-B483-00C04FD90119} 	
00002693	10:56:55.265	[1176] CFQ: ref: 2AE50C0 req: {A6EF9860-C720-11D0-9337-00A0C90DCAA9} 	
00002694	10:56:55.265	[1176] CFQ: ref: 2AE50C0 req: {A6EF9860-C720-11D0-9337-00A0C90DCAA9} 	
00002695	10:56:55.265	[1176] DFQ: ref: 2AD6AB8 req: {A6EF9860-C720-11D0-9337-00A0C90DCAA9} 	
00002696	10:56:55.265	[1176] CFQ: ref: 2AE50C0 req: {332C4427-26CB-11D0-B483-00C04FD90119} 	
00002697	10:56:55.265	[1176] CFQ: ref: 2AE50C0 req: {332C4427-26CB-11D0-B483-00C04FD90119} 	
00002698	10:56:55.265	[1176] DFQ: ref: 2AD6AB8 req: {332C4427-26CB-11D0-B483-00C04FD90119} 	
00002699	10:56:55.265	[1176] CFQ: ref: 2AE50C0 req: {A6EF9860-C720-11D0-9337-00A0C90DCAA9} 	
00002700	10:56:55.265	[1176] CFQ: ref: 2AE50C0 req: {A6EF9860-C720-11D0-9337-00A0C90DCAA9} 	
00002701	10:56:55.265	[1176] DFQ: ref: 2AD6AB8 req: {A6EF9860-C720-11D0-9337-00A0C90DCAA9} 	
00002702	10:56:55.281	[1176] CFQ: ref: 2AE50C0 req: {332C4427-26CB-11D0-B483-00C04FD90119} 	
00002703	10:56:55.281	[1176] CFQ: ref: 2AE50C0 req: {332C4427-26CB-11D0-B483-00C04FD90119} 	
00002704	10:56:55.281	[1176] DFQ: ref: 2AD6AB8 req: {332C4427-26CB-11D0-B483-00C04FD90119} 	
00002705	10:56:55.281	[1176] CFQ: ref: 2AE50C0 req: {A6EF9860-C720-11D0-9337-00A0C90DCAA9} 	
00002706	10:56:55.281	[1176] CFQ: ref: 2AE50C0 req: {A6EF9860-C720-11D0-9337-00A0C90DCAA9} 	
00002707	10:56:55.281	[1176] DFQ: ref: 2AD6AB8 req: {A6EF9860-C720-11D0-9337-00A0C90DCAA9} 	
00002708	10:56:55.281	[1176] CFQ: ref: 2AE50C0 req: {332C4427-26CB-11D0-B483-00C04FD90119} 	
00002709	10:56:55.281	[1176] CFQ: ref: 2AE50C0 req: {332C4427-26CB-11D0-B483-00C04FD90119} 	
00002710	10:56:55.281	[1176] DFQ: ref: 2AD6AB8 req: {332C4427-26CB-11D0-B483-00C04FD90119} 	
00002711	10:56:55.281	[1176] CFQ: ref: 2AE50C0 req: {A6EF9860-C720-11D0-9337-00A0C90DCAA9} 	
00002712	10:56:55.281	[1176] CFQ: ref: 2AE50C0 req: {A6EF9860-C720-11D0-9337-00A0C90DCAA9} 	
00002713	10:56:55.281	[1176] DFQ: ref: 2AD6AB8 req: {A6EF9860-C720-11D0-9337-00A0C90DCAA9} 	
00002714	10:56:55.297	[1176] CFQ: ref: 2AE50C0 req: {332C4427-26CB-11D0-B483-00C04FD90119} 	
00002715	10:56:55.297	[1176] CFQ: ref: 2AE50C0 req: {332C4427-26CB-11D0-B483-00C04FD90119} 	
00002716	10:56:55.297	[1176] DFQ: ref: 2AD6AB8 req: {332C4427-26CB-11D0-B483-00C04FD90119} 	
00002717	10:56:55.297	[1176] CFQ: ref: 2AE50C0 req: {A6EF9860-C720-11D0-9337-00A0C90DCAA9} 	
00002718	10:56:55.297	[1176] CFQ: ref: 2AE50C0 req: {A6EF9860-C720-11D0-9337-00A0C90DCAA9} 	
00002719	10:56:55.297	[1176] DFQ: ref: 2AD6AB8 req: {A6EF9860-C720-11D0-9337-00A0C90DCAA9} 	
00002720	10:56:55.297	[1176] CFQ: ref: 2AE50C0 req: {332C4427-26CB-11D0-B483-00C04FD90119} 	
00002721	10:56:55.297	[1176] CFQ: ref: 2AE50C0 req: {332C4427-26CB-11D0-B483-00C04FD90119} 	
00002722	10:56:55.297	[1176] DFQ: ref: 2AD6AB8 req: {332C4427-26CB-11D0-B483-00C04FD90119} 	
00002723	10:56:55.297	[1176] CFQ: ref: 2AE50C0 req: {A6EF9860-C720-11D0-9337-00A0C90DCAA9} 	
00002724	10:56:55.297	[1176] CFQ: ref: 2AE50C0 req: {A6EF9860-C720-11D0-9337-00A0C90DCAA9} 	
00002725	10:56:55.297	[1176] DFQ: ref: 2AD6AB8 req: {A6EF9860-C720-11D0-9337-00A0C90DCAA9} 	
00002726	10:56:55.312	[1176] CFQ: ref: 2AE50C0 req: {332C4427-26CB-11D0-B483-00C04FD90119} 	
00002727	10:56:55.312	[1176] CFQ: ref: 2AE50C0 req: {332C4427-26CB-11D0-B483-00C04FD90119} 	
00002728	10:56:55.312	[1176] DFQ: ref: 2AD6AB8 req: {332C4427-26CB-11D0-B483-00C04FD90119} 	
00002729	10:56:55.312	[1176] CFQ: ref: 2AE50C0 req: {A6EF9860-C720-11D0-9337-00A0C90DCAA9} 	
00002730	10:56:55.312	[1176] CFQ: ref: 2AE50C0 req: {A6EF9860-C720-11D0-9337-00A0C90DCAA9} 	
00002731	10:56:55.312	[1176] DFQ: ref: 2AD6AB8 req: {A6EF9860-C720-11D0-9337-00A0C90DCAA9} 	
00002732	10:56:55.312	[1176] CFQ: ref: 2AE50C0 req: {332C4427-26CB-11D0-B483-00C04FD90119} 	
00002733	10:56:55.312	[1176] CFQ: ref: 2AE50C0 req: {332C4427-26CB-11D0-B483-00C04FD90119} 	
00002734	10:56:55.312	[1176] DFQ: ref: 2AD6AB8 req: {332C4427-26CB-11D0-B483-00C04FD90119} 	
00002735	10:56:55.312	[1176] CFQ: ref: 2AE50C0 req: {A6EF9860-C720-11D0-9337-00A0C90DCAA9} 	
00002736	10:56:55.312	[1176] CFQ: ref: 2AE50C0 req: {A6EF9860-C720-11D0-9337-00A0C90DCAA9} 	
00002737	10:56:55.312	[1176] DFQ: ref: 2AD6AB8 req: {A6EF9860-C720-11D0-9337-00A0C90DCAA9} 	
00002738	10:56:55.328	[1176] CFQ: ref: 2AE50C0 req: {332C4427-26CB-11D0-B483-00C04FD90119} 	
00002739	10:56:55.328	[1176] CFQ: ref: 2AE50C0 req: {332C4427-26CB-11D0-B483-00C04FD90119} 	
00002740	10:56:55.328	[1176] DFQ: ref: 2AD6AB8 req: {332C4427-26CB-11D0-B483-00C04FD90119} 	
00002741	10:56:55.328	[1176] CFQ: ref: 2AE50C0 req: {A6EF9860-C720-11D0-9337-00A0C90DCAA9} 	
00002742	10:56:55.328	[1176] CFQ: ref: 2AE50C0 req: {A6EF9860-C720-11D0-9337-00A0C90DCAA9} 	
00002743	10:56:55.328	[1176] DFQ: ref: 2AD6AB8 req: {A6EF9860-C720-11D0-9337-00A0C90DCAA9} 	
00002744	10:56:55.328	[1176] CFQ: ref: 2AE50C0 req: {332C4427-26CB-11D0-B483-00C04FD90119} 	
00002745	10:56:55.328	[1176] CFQ: ref: 2AE50C0 req: {332C4427-26CB-11D0-B483-00C04FD90119} 	
00002746	10:56:55.328	[1176] DFQ: ref: 2AD6AB8 req: {332C4427-26CB-11D0-B483-00C04FD90119} 	
00002747	10:56:55.328	[1176] CFQ: ref: 2AE50C0 req: {A6EF9860-C720-11D0-9337-00A0C90DCAA9} 	
00002748	10:56:55.328	[1176] CFQ: ref: 2AE50C0 req: {A6EF9860-C720-11D0-9337-00A0C90DCAA9} 	
00002749	10:56:55.328	[1176] DFQ: ref: 2AD6AB8 req: {A6EF9860-C720-11D0-9337-00A0C90DCAA9} 	
00002750	10:56:55.344	[1176] CFQ: ref: 2AE50C0 req: {332C4427-26CB-11D0-B483-00C04FD90119} 	
00002751	10:56:55.344	[1176] CFQ: ref: 2AE50C0 req: {332C4427-26CB-11D0-B483-00C04FD90119} 	
00002752	10:56:55.344	[1176] DFQ: ref: 2AD6AB8 req: {332C4427-26CB-11D0-B483-00C04FD90119} 	
00002753	10:56:55.344	[1176] CFQ: ref: 2AE50C0 req: {A6EF9860-C720-11D0-9337-00A0C90DCAA9} 	
00002754	10:56:55.344	[1176] CFQ: ref: 2AE50C0 req: {A6EF9860-C720-11D0-9337-00A0C90DCAA9} 	
00002755	10:56:55.344	[1176] DFQ: ref: 2AD6AB8 req: {A6EF9860-C720-11D0-9337-00A0C90DCAA9} 	
00002756	10:56:55.344	[1176] CFQ: ref: 2AE50C0 req: {332C4427-26CB-11D0-B483-00C04FD90119} 	
00002757	10:56:55.344	[1176] CFQ: ref: 2AE50C0 req: {332C4427-26CB-11D0-B483-00C04FD90119} 	
00002758	10:56:55.344	[1176] DFQ: ref: 2AD6AB8 req: {332C4427-26CB-11D0-B483-00C04FD90119} 	
00002759	10:56:55.344	[1176] CFQ: ref: 2AE50C0 req: {A6EF9860-C720-11D0-9337-00A0C90DCAA9} 	
00002760	10:56:55.344	[1176] CFQ: ref: 2AE50C0 req: {A6EF9860-C720-11D0-9337-00A0C90DCAA9} 	
00002761	10:56:55.344	[1176] DFQ: ref: 2AD6AB8 req: {A6EF9860-C720-11D0-9337-00A0C90DCAA9} 	
00002762	10:56:55.359	[1176] CFQ: ref: 2AE50C0 req: {332C4427-26CB-11D0-B483-00C04FD90119} 	
00002763	10:56:55.359	[1176] CFQ: ref: 2AE50C0 req: {332C4427-26CB-11D0-B483-00C04FD90119} 	
00002764	10:56:55.359	[1176] DFQ: ref: 2AD6AB8 req: {332C4427-26CB-11D0-B483-00C04FD90119} 	
00002765	10:56:55.359	[1176] CFQ: ref: 2AE50C0 req: {A6EF9860-C720-11D0-9337-00A0C90DCAA9} 	
00002766	10:56:55.359	[1176] CFQ: ref: 2AE50C0 req: {A6EF9860-C720-11D0-9337-00A0C90DCAA9} 	
00002767	10:56:55.359	[1176] DFQ: ref: 2AD6AB8 req: {A6EF9860-C720-11D0-9337-00A0C90DCAA9} 	
00002768	10:56:55.359	[1176] CFQ: ref: 2AE50C0 req: {332C4427-26CB-11D0-B483-00C04FD90119} 	
00002769	10:56:55.359	[1176] CFQ: ref: 2AE50C0 req: {332C4427-26CB-11D0-B483-00C04FD90119} 	
00002770	10:56:55.359	[1176] DFQ: ref: 2AD6AB8 req: {332C4427-26CB-11D0-B483-00C04FD90119} 	
00002771	10:56:55.359	[1176] CFQ: ref: 2AE50C0 req: {A6EF9860-C720-11D0-9337-00A0C90DCAA9} 	
00002772	10:56:55.359	[1176] CFQ: ref: 2AE50C0 req: {A6EF9860-C720-11D0-9337-00A0C90DCAA9} 	
00002773	10:56:55.359	[1176] DFQ: ref: 2AD6AB8 req: {A6EF9860-C720-11D0-9337-00A0C90DCAA9} 	
00002774	10:56:55.375	[1176] CFQ: ref: 2AE50C0 req: {332C4427-26CB-11D0-B483-00C04FD90119} 	
00002775	10:56:55.375	[1176] CFQ: ref: 2AE50C0 req: {332C4427-26CB-11D0-B483-00C04FD90119} 	
00002776	10:56:55.375	[1176] DFQ: ref: 2AD6AB8 req: {332C4427-26CB-11D0-B483-00C04FD90119} 	
00002777	10:56:55.375	[1176] CFQ: ref: 2AE50C0 req: {A6EF9860-C720-11D0-9337-00A0C90DCAA9} 	
00002778	10:56:55.375	[1176] CFQ: ref: 2AE50C0 req: {A6EF9860-C720-11D0-9337-00A0C90DCAA9} 	
00002779	10:56:55.375	[1176] DFQ: ref: 2AD6AB8 req: {A6EF9860-C720-11D0-9337-00A0C90DCAA9} 	
00002780	10:56:55.375	[1176] CFQ: ref: 2AE50C0 req: {332C4427-26CB-11D0-B483-00C04FD90119} 	
00002781	10:56:55.375	[1176] CFQ: ref: 2AE50C0 req: {332C4427-26CB-11D0-B483-00C04FD90119} 	
00002782	10:56:55.375	[1176] DFQ: ref: 2AD6AB8 req: {332C4427-26CB-11D0-B483-00C04FD90119} 	
00002783	10:56:55.375	[1176] CFQ: ref: 2AE50C0 req: {A6EF9860-C720-11D0-9337-00A0C90DCAA9} 	
00002784	10:56:55.375	[1176] CFQ: ref: 2AE50C0 req: {A6EF9860-C720-11D0-9337-00A0C90DCAA9} 	
00002785	10:56:55.375	[1176] DFQ: ref: 2AD6AB8 req: {A6EF9860-C720-11D0-9337-00A0C90DCAA9} 	
00002786	10:56:55.390	[1176] CFQ: ref: 2AE50C0 req: {332C4427-26CB-11D0-B483-00C04FD90119} 	
00002787	10:56:55.390	[1176] CFQ: ref: 2AE50C0 req: {332C4427-26CB-11D0-B483-00C04FD90119} 	
00002788	10:56:55.390	[1176] DFQ: ref: 2AD6AB8 req: {332C4427-26CB-11D0-B483-00C04FD90119} 	
00002789	10:56:55.390	[1176] CFQ: ref: 2AE50C0 req: {A6EF9860-C720-11D0-9337-00A0C90DCAA9} 	
00002790	10:56:55.390	[1176] CFQ: ref: 2AE50C0 req: {A6EF9860-C720-11D0-9337-00A0C90DCAA9} 	
00002791	10:56:55.390	[1176] DFQ: ref: 2AD6AB8 req: {A6EF9860-C720-11D0-9337-00A0C90DCAA9} 	
00002792	10:56:55.390	[1176] CFQ: ref: 2AE50C0 req: {332C4427-26CB-11D0-B483-00C04FD90119} 	
00002793	10:56:55.390	[1176] CFQ: ref: 2AE50C0 req: {332C4427-26CB-11D0-B483-00C04FD90119} 	
00002794	10:56:55.390	[1176] DFQ: ref: 2AD6AB8 req: {332C4427-26CB-11D0-B483-00C04FD90119} 	
00002795	10:56:55.390	[1176] CFQ: ref: 2AE50C0 req: {A6EF9860-C720-11D0-9337-00A0C90DCAA9} 	
00002796	10:56:55.390	[1176] CFQ: ref: 2AE50C0 req: {A6EF9860-C720-11D0-9337-00A0C90DCAA9} 	
00002797	10:56:55.390	[1176] DFQ: ref: 2AD6AB8 req: {A6EF9860-C720-11D0-9337-00A0C90DCAA9} 	
00002798	10:56:55.406	[1176] CFQ: ref: 2AE50C0 req: {332C4427-26CB-11D0-B483-00C04FD90119} 	
00002799	10:56:55.406	[1176] CFQ: ref: 2AE50C0 req: {332C4427-26CB-11D0-B483-00C04FD90119} 	
00002800	10:56:55.406	[1176] DFQ: ref: 2AD6AB8 req: {332C4427-26CB-11D0-B483-00C04FD90119} 	
00002801	10:56:55.406	[1176] CFQ: ref: 2AE50C0 req: {A6EF9860-C720-11D0-9337-00A0C90DCAA9} 	
00002802	10:56:55.406	[1176] CFQ: ref: 2AE50C0 req: {A6EF9860-C720-11D0-9337-00A0C90DCAA9} 	
00002803	10:56:55.406	[1176] DFQ: ref: 2AD6AB8 req: {A6EF9860-C720-11D0-9337-00A0C90DCAA9} 	
00002804	10:56:55.406	[1176] CFQ: ref: 2AE50C0 req: {332C4427-26CB-11D0-B483-00C04FD90119} 	
00002805	10:56:55.406	[1176] CFQ: ref: 2AE50C0 req: {332C4427-26CB-11D0-B483-00C04FD90119} 	
00002806	10:56:55.406	[1176] DFQ: ref: 2AD6AB8 req: {332C4427-26CB-11D0-B483-00C04FD90119} 	
00002807	10:56:55.406	[1176] CFQ: ref: 2AE50C0 req: {A6EF9860-C720-11D0-9337-00A0C90DCAA9} 	
00002808	10:56:55.406	[1176] CFQ: ref: 2AE50C0 req: {A6EF9860-C720-11D0-9337-00A0C90DCAA9} 	
00002809	10:56:55.406	[1176] DFQ: ref: 2AD6AB8 req: {A6EF9860-C720-11D0-9337-00A0C90DCAA9} 	
00002810	10:56:55.422	[1176] CFQ: ref: 2AE50C0 req: {332C4427-26CB-11D0-B483-00C04FD90119} 	
00002811	10:56:55.422	[1176] CFQ: ref: 2AE50C0 req: {332C4427-26CB-11D0-B483-00C04FD90119} 	
00002812	10:56:55.422	[1176] DFQ: ref: 2AD6AB8 req: {332C4427-26CB-11D0-B483-00C04FD90119} 	
00002813	10:56:55.422	[1176] CFQ: ref: 2AE50C0 req: {A6EF9860-C720-11D0-9337-00A0C90DCAA9} 	
00002814	10:56:55.422	[1176] CFQ: ref: 2AE50C0 req: {A6EF9860-C720-11D0-9337-00A0C90DCAA9} 	
00002815	10:56:55.422	[1176] DFQ: ref: 2AD6AB8 req: {A6EF9860-C720-11D0-9337-00A0C90DCAA9} 	
00002816	10:56:55.422	[1176] CFQ: ref: 2AE50C0 req: {332C4427-26CB-11D0-B483-00C04FD90119} 	
00002817	10:56:55.422	[1176] CFQ: ref: 2AE50C0 req: {332C4427-26CB-11D0-B483-00C04FD90119} 	
00002818	10:56:55.422	[1176] DFQ: ref: 2AD6AB8 req: {332C4427-26CB-11D0-B483-00C04FD90119} 	
00002819	10:56:55.422	[1176] CFQ: ref: 2AE50C0 req: {A6EF9860-C720-11D0-9337-00A0C90DCAA9} 	
00002820	10:56:55.422	[1176] CFQ: ref: 2AE50C0 req: {A6EF9860-C720-11D0-9337-00A0C90DCAA9} 	
00002821	10:56:55.422	[1176] DFQ: ref: 2AD6AB8 req: {A6EF9860-C720-11D0-9337-00A0C90DCAA9} 	
00002822	10:56:55.437	[1176] CFQ: ref: 2AE50C0 req: {332C4427-26CB-11D0-B483-00C04FD90119} 	
00002823	10:56:55.437	[1176] CFQ: ref: 2AE50C0 req: {332C4427-26CB-11D0-B483-00C04FD90119} 	
00002824	10:56:55.437	[1176] DFQ: ref: 2AD6AB8 req: {332C4427-26CB-11D0-B483-00C04FD90119} 	
00002825	10:56:55.437	[1176] CFQ: ref: 2AE50C0 req: {A6EF9860-C720-11D0-9337-00A0C90DCAA9} 	
00002826	10:56:55.437	[1176] CFQ: ref: 2AE50C0 req: {A6EF9860-C720-11D0-9337-00A0C90DCAA9} 	
00002827	10:56:55.437	[1176] DFQ: ref: 2AD6AB8 req: {A6EF9860-C720-11D0-9337-00A0C90DCAA9} 	
00002828	10:56:55.437	[1176] CFQ: ref: 2AE50C0 req: {332C4427-26CB-11D0-B483-00C04FD90119} 	
00002829	10:56:55.437	[1176] CFQ: ref: 2AE50C0 req: {332C4427-26CB-11D0-B483-00C04FD90119} 	
00002830	10:56:55.437	[1176] DFQ: ref: 2AD6AB8 req: {332C4427-26CB-11D0-B483-00C04FD90119} 	
00002831	10:56:55.437	[1176] CFQ: ref: 2AE50C0 req: {A6EF9860-C720-11D0-9337-00A0C90DCAA9} 	
00002832	10:56:55.437	[1176] CFQ: ref: 2AE50C0 req: {A6EF9860-C720-11D0-9337-00A0C90DCAA9} 	
00002833	10:56:55.437	[1176] DFQ: ref: 2AD6AB8 req: {A6EF9860-C720-11D0-9337-00A0C90DCAA9} 	
00002834	10:56:55.453	[1176] CFQ: ref: 2AE50C0 req: {332C4427-26CB-11D0-B483-00C04FD90119} 	
00002835	10:56:55.453	[1176] CFQ: ref: 2AE50C0 req: {332C4427-26CB-11D0-B483-00C04FD90119} 	
00002836	10:56:55.453	[1176] DFQ: ref: 2AD6AB8 req: {332C4427-26CB-11D0-B483-00C04FD90119} 	
00002837	10:56:55.453	[1176] CFQ: ref: 2AE50C0 req: {A6EF9860-C720-11D0-9337-00A0C90DCAA9} 	
00002838	10:56:55.453	[1176] CFQ: ref: 2AE50C0 req: {A6EF9860-C720-11D0-9337-00A0C90DCAA9} 	
00002839	10:56:55.453	[1176] DFQ: ref: 2AD6AB8 req: {A6EF9860-C720-11D0-9337-00A0C90DCAA9} 	
00002840	10:56:55.453	[1176] CFQ: ref: 2AE50C0 req: {332C4427-26CB-11D0-B483-00C04FD90119} 	
00002841	10:56:55.453	[1176] CFQ: ref: 2AE50C0 req: {332C4427-26CB-11D0-B483-00C04FD90119} 	
00002842	10:56:55.453	[1176] DFQ: ref: 2AD6AB8 req: {332C4427-26CB-11D0-B483-00C04FD90119} 	
00002843	10:56:55.453	[1176] CFQ: ref: 2AE50C0 req: {A6EF9860-C720-11D0-9337-00A0C90DCAA9} 	
00002844	10:56:55.453	[1176] CFQ: ref: 2AE50C0 req: {A6EF9860-C720-11D0-9337-00A0C90DCAA9} 	
00002845	10:56:55.453	[1176] DFQ: ref: 2AD6AB8 req: {A6EF9860-C720-11D0-9337-00A0C90DCAA9} 	
00002846	10:56:55.469	[1176] CFQ: ref: 2AE50C0 req: {332C4427-26CB-11D0-B483-00C04FD90119} 	
00002847	10:56:55.469	[1176] CFQ: ref: 2AE50C0 req: {332C4427-26CB-11D0-B483-00C04FD90119} 	
00002848	10:56:55.469	[1176] DFQ: ref: 2AD6AB8 req: {332C4427-26CB-11D0-B483-00C04FD90119} 	
00002849	10:56:55.469	[1176] CFQ: ref: 2AE50C0 req: {A6EF9860-C720-11D0-9337-00A0C90DCAA9} 	
00002850	10:56:55.469	[1176] CFQ: ref: 2AE50C0 req: {A6EF9860-C720-11D0-9337-00A0C90DCAA9} 	
00002851	10:56:55.469	[1176] DFQ: ref: 2AD6AB8 req: {A6EF9860-C720-11D0-9337-00A0C90DCAA9} 	
00002852	10:56:55.469	[1176] CFQ: ref: 2AE50C0 req: {332C4427-26CB-11D0-B483-00C04FD90119} 	
00002853	10:56:55.469	[1176] CFQ: ref: 2AE50C0 req: {332C4427-26CB-11D0-B483-00C04FD90119} 	
00002854	10:56:55.469	[1176] DFQ: ref: 2AD6AB8 req: {332C4427-26CB-11D0-B483-00C04FD90119} 	
00002855	10:56:55.469	[1176] CFQ: ref: 2AE50C0 req: {A6EF9860-C720-11D0-9337-00A0C90DCAA9} 	
00002856	10:56:55.469	[1176] CFQ: ref: 2AE50C0 req: {A6EF9860-C720-11D0-9337-00A0C90DCAA9} 	
00002857	10:56:55.469	[1176] DFQ: ref: 2AD6AB8 req: {A6EF9860-C720-11D0-9337-00A0C90DCAA9} 	
00002858	10:56:55.484	[1176] CFQ: ref: 2AE50C0 req: {332C4427-26CB-11D0-B483-00C04FD90119} 	
00002859	10:56:55.484	[1176] CFQ: ref: 2AE50C0 req: {332C4427-26CB-11D0-B483-00C04FD90119} 	
00002860	10:56:55.484	[1176] DFQ: ref: 2AD6AB8 req: {332C4427-26CB-11D0-B483-00C04FD90119} 	
00002861	10:56:55.484	[1176] CFQ: ref: 2AE50C0 req: {A6EF9860-C720-11D0-9337-00A0C90DCAA9} 	
00002862	10:56:55.484	[1176] CFQ: ref: 2AE50C0 req: {A6EF9860-C720-11D0-9337-00A0C90DCAA9} 	
00002863	10:56:55.484	[1176] DFQ: ref: 2AD6AB8 req: {A6EF9860-C720-11D0-9337-00A0C90DCAA9} 	
00002864	10:56:55.484	[1176] CFQ: ref: 2AE50C0 req: {332C4427-26CB-11D0-B483-00C04FD90119} 	
00002865	10:56:55.484	[1176] CFQ: ref: 2AE50C0 req: {332C4427-26CB-11D0-B483-00C04FD90119} 	
00002866	10:56:55.484	[1176] DFQ: ref: 2AD6AB8 req: {332C4427-26CB-11D0-B483-00C04FD90119} 	
00002867	10:56:55.484	[1176] CFQ: ref: 2AE50C0 req: {A6EF9860-C720-11D0-9337-00A0C90DCAA9} 	
00002868	10:56:55.484	[1176] CFQ: ref: 2AE50C0 req: {A6EF9860-C720-11D0-9337-00A0C90DCAA9} 	
00002869	10:56:55.484	[1176] DFQ: ref: 2AD6AB8 req: {A6EF9860-C720-11D0-9337-00A0C90DCAA9} 	
00002870	10:56:55.500	[1176] CFQ: ref: 2AE50C0 req: {332C4427-26CB-11D0-B483-00C04FD90119} 	
00002871	10:56:55.500	[1176] CFQ: ref: 2AE50C0 req: {332C4427-26CB-11D0-B483-00C04FD90119} 	
00002872	10:56:55.500	[1176] DFQ: ref: 2AD6AB8 req: {332C4427-26CB-11D0-B483-00C04FD90119} 	
00002873	10:56:55.500	[1176] CFQ: ref: 2AE50C0 req: {A6EF9860-C720-11D0-9337-00A0C90DCAA9} 	
00002874	10:56:55.500	[1176] CFQ: ref: 2AE50C0 req: {A6EF9860-C720-11D0-9337-00A0C90DCAA9} 	
00002875	10:56:55.500	[1176] DFQ: ref: 2AD6AB8 req: {A6EF9860-C720-11D0-9337-00A0C90DCAA9} 	
00002876	10:56:55.500	[1176] CFQ: ref: 2AE50C0 req: {332C4427-26CB-11D0-B483-00C04FD90119} 	
00002877	10:56:55.500	[1176] CFQ: ref: 2AE50C0 req: {332C4427-26CB-11D0-B483-00C04FD90119} 	
00002878	10:56:55.500	[1176] DFQ: ref: 2AD6AB8 req: {332C4427-26CB-11D0-B483-00C04FD90119} 	
00002879	10:56:55.500	[1176] CFQ: ref: 2AE50C0 req: {A6EF9860-C720-11D0-9337-00A0C90DCAA9} 	
00002880	10:56:55.500	[1176] CFQ: ref: 2AE50C0 req: {A6EF9860-C720-11D0-9337-00A0C90DCAA9} 	
00002881	10:56:55.500	[1176] DFQ: ref: 2AD6AB8 req: {A6EF9860-C720-11D0-9337-00A0C90DCAA9} 	
00002882	10:56:55.515	[1176] CFQ: ref: 2AE50C0 req: {332C4427-26CB-11D0-B483-00C04FD90119} 	
00002883	10:56:55.515	[1176] CFQ: ref: 2AE50C0 req: {332C4427-26CB-11D0-B483-00C04FD90119} 	
00002884	10:56:55.515	[1176] DFQ: ref: 2AD6AB8 req: {332C4427-26CB-11D0-B483-00C04FD90119} 	
00002885	10:56:55.515	[1176] CFQ: ref: 2AE50C0 req: {A6EF9860-C720-11D0-9337-00A0C90DCAA9} 	
00002886	10:56:55.515	[1176] CFQ: ref: 2AE50C0 req: {A6EF9860-C720-11D0-9337-00A0C90DCAA9} 	
00002887	10:56:55.515	[1176] DFQ: ref: 2AD6AB8 req: {A6EF9860-C720-11D0-9337-00A0C90DCAA9} 	
00002888	10:56:55.515	[1176] CFQ: ref: 2AE50C0 req: {332C4427-26CB-11D0-B483-00C04FD90119} 	
00002889	10:56:55.515	[1176] CFQ: ref: 2AE50C0 req: {332C4427-26CB-11D0-B483-00C04FD90119} 	
00002890	10:56:55.515	[1176] DFQ: ref: 2AD6AB8 req: {332C4427-26CB-11D0-B483-00C04FD90119} 	
00002891	10:56:55.515	[1176] CFQ: ref: 2AE50C0 req: {A6EF9860-C720-11D0-9337-00A0C90DCAA9} 	
00002892	10:56:55.515	[1176] CFQ: ref: 2AE50C0 req: {A6EF9860-C720-11D0-9337-00A0C90DCAA9} 	
00002893	10:56:55.515	[1176] DFQ: ref: 2AD6AB8 req: {A6EF9860-C720-11D0-9337-00A0C90DCAA9} 	
00002894	10:56:55.531	[1176] CFQ: ref: 2AE50C0 req: {332C4427-26CB-11D0-B483-00C04FD90119} 	
00002895	10:56:55.531	[1176] CFQ: ref: 2AE50C0 req: {332C4427-26CB-11D0-B483-00C04FD90119} 	
00002896	10:56:55.531	[1176] DFQ: ref: 2AD6AB8 req: {332C4427-26CB-11D0-B483-00C04FD90119} 	
00002897	10:56:55.531	[1176] CFQ: ref: 2AE50C0 req: {A6EF9860-C720-11D0-9337-00A0C90DCAA9} 	
00002898	10:56:55.531	[1176] CFQ: ref: 2AE50C0 req: {A6EF9860-C720-11D0-9337-00A0C90DCAA9} 	
00002899	10:56:55.531	[1176] DFQ: ref: 2AD6AB8 req: {A6EF9860-C720-11D0-9337-00A0C90DCAA9} 	
00002900	10:56:55.531	[1176] CFQ: ref: 2AE50C0 req: {332C4427-26CB-11D0-B483-00C04FD90119} 	
00002901	10:56:55.531	[1176] CFQ: ref: 2AE50C0 req: {332C4427-26CB-11D0-B483-00C04FD90119} 	
00002902	10:56:55.531	[1176] DFQ: ref: 2AD6AB8 req: {332C4427-26CB-11D0-B483-00C04FD90119} 	
00002903	10:56:55.531	[1176] CFQ: ref: 2AE50C0 req: {A6EF9860-C720-11D0-9337-00A0C90DCAA9} 	
00002904	10:56:55.531	[1176] CFQ: ref: 2AE50C0 req: {A6EF9860-C720-11D0-9337-00A0C90DCAA9} 	
00002905	10:56:55.531	[1176] DFQ: ref: 2AD6AB8 req: {A6EF9860-C720-11D0-9337-00A0C90DCAA9} 	
00002906	10:56:55.547	[1176] CFQ: ref: 2AE50C0 req: {332C4427-26CB-11D0-B483-00C04FD90119} 	
00002907	10:56:55.547	[1176] CFQ: ref: 2AE50C0 req: {332C4427-26CB-11D0-B483-00C04FD90119} 	
00002908	10:56:55.547	[1176] DFQ: ref: 2AD6AB8 req: {332C4427-26CB-11D0-B483-00C04FD90119} 	
00002909	10:56:55.547	[1176] CFQ: ref: 2AE50C0 req: {A6EF9860-C720-11D0-9337-00A0C90DCAA9} 	
00002910	10:56:55.547	[1176] CFQ: ref: 2AE50C0 req: {A6EF9860-C720-11D0-9337-00A0C90DCAA9} 	
00002911	10:56:55.547	[1176] DFQ: ref: 2AD6AB8 req: {A6EF9860-C720-11D0-9337-00A0C90DCAA9} 	
00002912	10:56:55.547	[1176] CFQ: ref: 2AE50C0 req: {332C4427-26CB-11D0-B483-00C04FD90119} 	
00002913	10:56:55.547	[1176] CFQ: ref: 2AE50C0 req: {332C4427-26CB-11D0-B483-00C04FD90119} 	
00002914	10:56:55.547	[1176] DFQ: ref: 2AD6AB8 req: {332C4427-26CB-11D0-B483-00C04FD90119} 	
00002915	10:56:55.547	[1176] CFQ: ref: 2AE50C0 req: {A6EF9860-C720-11D0-9337-00A0C90DCAA9} 	
00002916	10:56:55.547	[1176] CFQ: ref: 2AE50C0 req: {A6EF9860-C720-11D0-9337-00A0C90DCAA9} 	
00002917	10:56:55.547	[1176] DFQ: ref: 2AD6AB8 req: {A6EF9860-C720-11D0-9337-00A0C90DCAA9} 	
00002918	10:56:55.562	[1176] CFQ: ref: 2AE50C0 req: {332C4427-26CB-11D0-B483-00C04FD90119} 	
00002919	10:56:55.562	[1176] CFQ: ref: 2AE50C0 req: {332C4427-26CB-11D0-B483-00C04FD90119} 	
00002920	10:56:55.562	[1176] DFQ: ref: 2AD6AB8 req: {332C4427-26CB-11D0-B483-00C04FD90119} 	
00002921	10:56:55.562	[1176] CFQ: ref: 2AE50C0 req: {A6EF9860-C720-11D0-9337-00A0C90DCAA9} 	
00002922	10:56:55.562	[1176] CFQ: ref: 2AE50C0 req: {A6EF9860-C720-11D0-9337-00A0C90DCAA9} 	
00002923	10:56:55.562	[1176] DFQ: ref: 2AD6AB8 req: {A6EF9860-C720-11D0-9337-00A0C90DCAA9} 	
00002924	10:56:55.562	[1176] CFQ: ref: 2AE50C0 req: {332C4427-26CB-11D0-B483-00C04FD90119} 	
00002925	10:56:55.562	[1176] CFQ: ref: 2AE50C0 req: {332C4427-26CB-11D0-B483-00C04FD90119} 	
00002926	10:56:55.562	[1176] DFQ: ref: 2AD6AB8 req: {332C4427-26CB-11D0-B483-00C04FD90119} 	
00002927	10:56:55.562	[1176] CFQ: ref: 2AE50C0 req: {A6EF9860-C720-11D0-9337-00A0C90DCAA9} 	
00002928	10:56:55.562	[1176] CFQ: ref: 2AE50C0 req: {A6EF9860-C720-11D0-9337-00A0C90DCAA9} 	
00002929	10:56:55.562	[1176] DFQ: ref: 2AD6AB8 req: {A6EF9860-C720-11D0-9337-00A0C90DCAA9} 	
00002930	10:56:55.578	[1176] CFQ: ref: 2AE50C0 req: {332C4427-26CB-11D0-B483-00C04FD90119} 	
00002931	10:56:55.625	[1176] CFQ: ref: 2AE50C0 req: {332C4427-26CB-11D0-B483-00C04FD90119} 	
00002932	10:56:55.625	[1176] DFQ: ref: 2AD6AB8 req: {332C4427-26CB-11D0-B483-00C04FD90119} 	
00002933	10:56:55.625	[1176] CFQ: ref: 2AE50C0 req: {A6EF9860-C720-11D0-9337-00A0C90DCAA9} 	
00002934	10:56:55.625	[1176] CFQ: ref: 2AE50C0 req: {A6EF9860-C720-11D0-9337-00A0C90DCAA9} 	
00002935	10:56:55.625	[1176] DFQ: ref: 2AD6AB8 req: {A6EF9860-C720-11D0-9337-00A0C90DCAA9} 	
00002936	10:56:55.625	[1176] CFQ: ref: 2AE50C0 req: {332C4427-26CB-11D0-B483-00C04FD90119} 	
00002937	10:56:55.625	[1176] CFQ: ref: 2AE50C0 req: {332C4427-26CB-11D0-B483-00C04FD90119} 	
00002938	10:56:55.625	[1176] DFQ: ref: 2AD6AB8 req: {332C4427-26CB-11D0-B483-00C04FD90119} 	
00002939	10:56:55.625	[1176] CFQ: ref: 2AE50C0 req: {A6EF9860-C720-11D0-9337-00A0C90DCAA9} 	
00002940	10:56:55.625	[1176] CFQ: ref: 2AE50C0 req: {A6EF9860-C720-11D0-9337-00A0C90DCAA9} 	
00002941	10:56:55.625	[1176] DFQ: ref: 2AD6AB8 req: {A6EF9860-C720-11D0-9337-00A0C90DCAA9} 	
00002942	10:56:55.640	[1176] CFQ: ref: 2AE50C0 req: {332C4427-26CB-11D0-B483-00C04FD90119} 	
00002943	10:56:55.640	[1176] CFQ: ref: 2AE50C0 req: {332C4427-26CB-11D0-B483-00C04FD90119} 	
00002944	10:56:55.640	[1176] DFQ: ref: 2AD6AB8 req: {332C4427-26CB-11D0-B483-00C04FD90119} 	
00002945	10:56:55.640	[1176] CFQ: ref: 2AE50C0 req: {A6EF9860-C720-11D0-9337-00A0C90DCAA9} 	
00002946	10:56:55.640	[1176] CFQ: ref: 2AE50C0 req: {A6EF9860-C720-11D0-9337-00A0C90DCAA9} 	
00002947	10:56:55.640	[1176] DFQ: ref: 2AD6AB8 req: {A6EF9860-C720-11D0-9337-00A0C90DCAA9} 	
00002948	10:56:55.640	[1176] CFQ: ref: 2AE50C0 req: {332C4427-26CB-11D0-B483-00C04FD90119} 	
00002949	10:56:55.640	[1176] CFQ: ref: 2AE50C0 req: {332C4427-26CB-11D0-B483-00C04FD90119} 	
00002950	10:56:55.640	[1176] DFQ: ref: 2AD6AB8 req: {332C4427-26CB-11D0-B483-00C04FD90119} 	
00002951	10:56:55.640	[1176] CFQ: ref: 2AE50C0 req: {A6EF9860-C720-11D0-9337-00A0C90DCAA9} 	
00002952	10:56:55.640	[1176] CFQ: ref: 2AE50C0 req: {A6EF9860-C720-11D0-9337-00A0C90DCAA9} 	
00002953	10:56:55.640	[1176] DFQ: ref: 2AD6AB8 req: {A6EF9860-C720-11D0-9337-00A0C90DCAA9} 	
00002954	10:56:55.656	[1176] CFQ: ref: 2AE50C0 req: {332C4427-26CB-11D0-B483-00C04FD90119} 	
00002955	10:56:55.656	[1176] CFQ: ref: 2AE50C0 req: {332C4427-26CB-11D0-B483-00C04FD90119} 	
00002956	10:56:55.656	[1176] DFQ: ref: 2AD6AB8 req: {332C4427-26CB-11D0-B483-00C04FD90119} 	
00002957	10:56:55.656	[1176] CFQ: ref: 2AE50C0 req: {A6EF9860-C720-11D0-9337-00A0C90DCAA9} 	
00002958	10:56:55.656	[1176] CFQ: ref: 2AE50C0 req: {A6EF9860-C720-11D0-9337-00A0C90DCAA9} 	
00002959	10:56:55.656	[1176] DFQ: ref: 2AD6AB8 req: {A6EF9860-C720-11D0-9337-00A0C90DCAA9} 	
00002960	10:56:55.656	[1176] CFQ: ref: 2AE50C0 req: {332C4427-26CB-11D0-B483-00C04FD90119} 	
00002961	10:56:55.656	[1176] CFQ: ref: 2AE50C0 req: {332C4427-26CB-11D0-B483-00C04FD90119} 	
00002962	10:56:55.656	[1176] DFQ: ref: 2AD6AB8 req: {332C4427-26CB-11D0-B483-00C04FD90119} 	
00002963	10:56:55.656	[1176] CFQ: ref: 2AE50C0 req: {A6EF9860-C720-11D0-9337-00A0C90DCAA9} 	
00002964	10:56:55.656	[1176] CFQ: ref: 2AE50C0 req: {A6EF9860-C720-11D0-9337-00A0C90DCAA9} 	
00002965	10:56:55.656	[1176] DFQ: ref: 2AD6AB8 req: {A6EF9860-C720-11D0-9337-00A0C90DCAA9} 	
00002966	10:56:55.672	[1176] CFQ: ref: 2AE50C0 req: {332C4427-26CB-11D0-B483-00C04FD90119} 	
00002967	10:56:55.672	[1176] CFQ: ref: 2AE50C0 req: {332C4427-26CB-11D0-B483-00C04FD90119} 	
00002968	10:56:55.672	[1176] DFQ: ref: 2AD6AB8 req: {332C4427-26CB-11D0-B483-00C04FD90119} 	
00002969	10:56:55.672	[1176] CFQ: ref: 2AE50C0 req: {A6EF9860-C720-11D0-9337-00A0C90DCAA9} 	
00002970	10:56:55.672	[1176] CFQ: ref: 2AE50C0 req: {A6EF9860-C720-11D0-9337-00A0C90DCAA9} 	
00002971	10:56:55.672	[1176] DFQ: ref: 2AD6AB8 req: {A6EF9860-C720-11D0-9337-00A0C90DCAA9} 	
00002972	10:56:55.672	[1176] CFQ: ref: 2AE50C0 req: {332C4427-26CB-11D0-B483-00C04FD90119} 	
00002973	10:56:55.672	[1176] CFQ: ref: 2AE50C0 req: {332C4427-26CB-11D0-B483-00C04FD90119} 	
00002974	10:56:55.672	[1176] DFQ: ref: 2AD6AB8 req: {332C4427-26CB-11D0-B483-00C04FD90119} 	
00002975	10:56:55.672	[1176] CFQ: ref: 2AE50C0 req: {A6EF9860-C720-11D0-9337-00A0C90DCAA9} 	
00002976	10:56:55.672	[1176] CFQ: ref: 2AE50C0 req: {A6EF9860-C720-11D0-9337-00A0C90DCAA9} 	
00002977	10:56:55.672	[1176] DFQ: ref: 2AD6AB8 req: {A6EF9860-C720-11D0-9337-00A0C90DCAA9} 	
00002978	10:56:55.687	[1176] CFQ: ref: 2AE50C0 req: {332C4427-26CB-11D0-B483-00C04FD90119} 	
00002979	10:56:55.687	[1176] CFQ: ref: 2AE50C0 req: {332C4427-26CB-11D0-B483-00C04FD90119} 	
00002980	10:56:55.687	[1176] DFQ: ref: 2AD6AB8 req: {332C4427-26CB-11D0-B483-00C04FD90119} 	
00002981	10:56:55.687	[1176] CFQ: ref: 2AE50C0 req: {A6EF9860-C720-11D0-9337-00A0C90DCAA9} 	
00002982	10:56:55.687	[1176] CFQ: ref: 2AE50C0 req: {A6EF9860-C720-11D0-9337-00A0C90DCAA9} 	
00002983	10:56:55.687	[1176] DFQ: ref: 2AD6AB8 req: {A6EF9860-C720-11D0-9337-00A0C90DCAA9} 	
00002984	10:56:55.687	[1176] CFQ: ref: 2AE50C0 req: {332C4427-26CB-11D0-B483-00C04FD90119} 	
00002985	10:56:55.687	[1176] CFQ: ref: 2AE50C0 req: {332C4427-26CB-11D0-B483-00C04FD90119} 	
00002986	10:56:55.687	[1176] DFQ: ref: 2AD6AB8 req: {332C4427-26CB-11D0-B483-00C04FD90119} 	
00002987	10:56:55.687	[1176] CFQ: ref: 2AE50C0 req: {A6EF9860-C720-11D0-9337-00A0C90DCAA9} 	
00002988	10:56:55.687	[1176] CFQ: ref: 2AE50C0 req: {A6EF9860-C720-11D0-9337-00A0C90DCAA9} 	
00002989	10:56:55.687	[1176] DFQ: ref: 2AD6AB8 req: {A6EF9860-C720-11D0-9337-00A0C90DCAA9} 	
00002990	10:56:55.703	[1176] CFQ: ref: 2AE50C0 req: {332C4427-26CB-11D0-B483-00C04FD90119} 	
00002991	10:56:55.703	[1176] CFQ: ref: 2AE50C0 req: {332C4427-26CB-11D0-B483-00C04FD90119} 	
00002992	10:56:55.703	[1176] DFQ: ref: 2AD6AB8 req: {332C4427-26CB-11D0-B483-00C04FD90119} 	
00002993	10:56:55.703	[1176] CFQ: ref: 2AE50C0 req: {A6EF9860-C720-11D0-9337-00A0C90DCAA9} 	
00002994	10:56:55.703	[1176] CFQ: ref: 2AE50C0 req: {A6EF9860-C720-11D0-9337-00A0C90DCAA9} 	
00002995	10:56:55.703	[1176] DFQ: ref: 2AD6AB8 req: {A6EF9860-C720-11D0-9337-00A0C90DCAA9} 	
00002996	10:56:55.703	[1176] CFQ: ref: 2AE50C0 req: {332C4427-26CB-11D0-B483-00C04FD90119} 	
00002997	10:56:55.703	[1176] CFQ: ref: 2AE50C0 req: {332C4427-26CB-11D0-B483-00C04FD90119} 	
00002998	10:56:55.703	[1176] DFQ: ref: 2AD6AB8 req: {332C4427-26CB-11D0-B483-00C04FD90119} 	
00002999	10:56:55.703	[1176] CFQ: ref: 2AE50C0 req: {A6EF9860-C720-11D0-9337-00A0C90DCAA9} 	
00003000	10:56:55.703	[1176] CFQ: ref: 2AE50C0 req: {A6EF9860-C720-11D0-9337-00A0C90DCAA9} 	
00003001	10:56:55.703	[1176] DFQ: ref: 2AD6AB8 req: {A6EF9860-C720-11D0-9337-00A0C90DCAA9} 	
00003002	10:56:55.719	[1176] CFQ: ref: 2AE50C0 req: {332C4427-26CB-11D0-B483-00C04FD90119} 	
00003003	10:56:55.719	[1176] CFQ: ref: 2AE50C0 req: {332C4427-26CB-11D0-B483-00C04FD90119} 	
00003004	10:56:55.719	[1176] DFQ: ref: 2AD6AB8 req: {332C4427-26CB-11D0-B483-00C04FD90119} 	
00003005	10:56:55.719	[1176] CFQ: ref: 2AE50C0 req: {A6EF9860-C720-11D0-9337-00A0C90DCAA9} 	
00003006	10:56:55.719	[1176] CFQ: ref: 2AE50C0 req: {A6EF9860-C720-11D0-9337-00A0C90DCAA9} 	
00003007	10:56:55.719	[1176] DFQ: ref: 2AD6AB8 req: {A6EF9860-C720-11D0-9337-00A0C90DCAA9} 	
00003008	10:56:55.719	[1176] CFQ: ref: 2AE50C0 req: {332C4427-26CB-11D0-B483-00C04FD90119} 	
00003009	10:56:55.719	[1176] CFQ: ref: 2AE50C0 req: {332C4427-26CB-11D0-B483-00C04FD90119} 	
00003010	10:56:55.719	[1176] DFQ: ref: 2AD6AB8 req: {332C4427-26CB-11D0-B483-00C04FD90119} 	
00003011	10:56:55.719	[1176] CFQ: ref: 2AE50C0 req: {A6EF9860-C720-11D0-9337-00A0C90DCAA9} 	
00003012	10:56:55.719	[1176] CFQ: ref: 2AE50C0 req: {A6EF9860-C720-11D0-9337-00A0C90DCAA9} 	
00003013	10:56:55.719	[1176] DFQ: ref: 2AD6AB8 req: {A6EF9860-C720-11D0-9337-00A0C90DCAA9} 	
00003014	10:56:55.734	[1176] CFQ: ref: 2AE50C0 req: {332C4427-26CB-11D0-B483-00C04FD90119} 	
00003015	10:56:55.734	[1176] CFQ: ref: 2AE50C0 req: {332C4427-26CB-11D0-B483-00C04FD90119} 	
00003016	10:56:55.734	[1176] DFQ: ref: 2AD6AB8 req: {332C4427-26CB-11D0-B483-00C04FD90119} 	
00003017	10:56:55.734	[1176] CFQ: ref: 2AE50C0 req: {A6EF9860-C720-11D0-9337-00A0C90DCAA9} 	
00003018	10:56:55.734	[1176] CFQ: ref: 2AE50C0 req: {A6EF9860-C720-11D0-9337-00A0C90DCAA9} 	
00003019	10:56:55.734	[1176] DFQ: ref: 2AD6AB8 req: {A6EF9860-C720-11D0-9337-00A0C90DCAA9} 	
00003020	10:56:55.734	[1176] CFQ: ref: 2AE50C0 req: {332C4427-26CB-11D0-B483-00C04FD90119} 	
00003021	10:56:55.734	[1176] CFQ: ref: 2AE50C0 req: {332C4427-26CB-11D0-B483-00C04FD90119} 	
00003022	10:56:55.734	[1176] DFQ: ref: 2AD6AB8 req: {332C4427-26CB-11D0-B483-00C04FD90119} 	
00003023	10:56:55.734	[1176] CFQ: ref: 2AE50C0 req: {A6EF9860-C720-11D0-9337-00A0C90DCAA9} 	
00003024	10:56:55.734	[1176] CFQ: ref: 2AE50C0 req: {A6EF9860-C720-11D0-9337-00A0C90DCAA9} 	
00003025	10:56:55.734	[1176] DFQ: ref: 2AD6AB8 req: {A6EF9860-C720-11D0-9337-00A0C90DCAA9} 	
00003026	10:56:55.750	[1176] CFQ: ref: 2AE50C0 req: {332C4427-26CB-11D0-B483-00C04FD90119} 	
00003027	10:56:55.750	[1176] CFQ: ref: 2AE50C0 req: {332C4427-26CB-11D0-B483-00C04FD90119} 	
00003028	10:56:55.750	[1176] DFQ: ref: 2AD6AB8 req: {332C4427-26CB-11D0-B483-00C04FD90119} 	
00003029	10:56:55.750	[1176] CFQ: ref: 2AE50C0 req: {A6EF9860-C720-11D0-9337-00A0C90DCAA9} 	
00003030	10:56:55.750	[1176] CFQ: ref: 2AE50C0 req: {A6EF9860-C720-11D0-9337-00A0C90DCAA9} 	
00003031	10:56:55.750	[1176] DFQ: ref: 2AD6AB8 req: {A6EF9860-C720-11D0-9337-00A0C90DCAA9} 	
00003032	10:56:55.750	[1176] CFQ: ref: 2AE50C0 req: {332C4427-26CB-11D0-B483-00C04FD90119} 	
00003033	10:56:55.750	[1176] CFQ: ref: 2AE50C0 req: {332C4427-26CB-11D0-B483-00C04FD90119} 	
00003034	10:56:55.750	[1176] DFQ: ref: 2AD6AB8 req: {332C4427-26CB-11D0-B483-00C04FD90119} 	
00003035	10:56:55.750	[1176] CFQ: ref: 2AE50C0 req: {A6EF9860-C720-11D0-9337-00A0C90DCAA9} 	
00003036	10:56:55.750	[1176] CFQ: ref: 2AE50C0 req: {A6EF9860-C720-11D0-9337-00A0C90DCAA9} 	
00003037	10:56:55.750	[1176] DFQ: ref: 2AD6AB8 req: {A6EF9860-C720-11D0-9337-00A0C90DCAA9} 	
00003038	10:56:55.765	[1176] CFQ: ref: 2AE50C0 req: {332C4427-26CB-11D0-B483-00C04FD90119} 	
00003039	10:56:55.765	[1176] CFQ: ref: 2AE50C0 req: {332C4427-26CB-11D0-B483-00C04FD90119} 	
00003040	10:56:55.765	[1176] DFQ: ref: 2AD6AB8 req: {332C4427-26CB-11D0-B483-00C04FD90119} 	
00003041	10:56:55.765	[1176] CFQ: ref: 2AE50C0 req: {A6EF9860-C720-11D0-9337-00A0C90DCAA9} 	
00003042	10:56:55.765	[1176] CFQ: ref: 2AE50C0 req: {A6EF9860-C720-11D0-9337-00A0C90DCAA9} 	
00003043	10:56:55.765	[1176] DFQ: ref: 2AD6AB8 req: {A6EF9860-C720-11D0-9337-00A0C90DCAA9} 	
00003044	10:56:55.765	[1176] CFQ: ref: 2AE50C0 req: {332C4427-26CB-11D0-B483-00C04FD90119} 	
00003045	10:56:55.765	[1176] CFQ: ref: 2AE50C0 req: {332C4427-26CB-11D0-B483-00C04FD90119} 	
00003046	10:56:55.765	[1176] DFQ: ref: 2AD6AB8 req: {332C4427-26CB-11D0-B483-00C04FD90119} 	
00003047	10:56:55.765	[1176] CFQ: ref: 2AE50C0 req: {A6EF9860-C720-11D0-9337-00A0C90DCAA9} 	
00003048	10:56:55.765	[1176] CFQ: ref: 2AE50C0 req: {A6EF9860-C720-11D0-9337-00A0C90DCAA9} 	
00003049	10:56:55.765	[1176] DFQ: ref: 2AD6AB8 req: {A6EF9860-C720-11D0-9337-00A0C90DCAA9} 	
00003050	10:56:55.781	[1176] CFQ: ref: 2AE50C0 req: {332C4427-26CB-11D0-B483-00C04FD90119} 	
00003051	10:56:55.781	[1176] CFQ: ref: 2AE50C0 req: {332C4427-26CB-11D0-B483-00C04FD90119} 	
00003052	10:56:55.781	[1176] DFQ: ref: 2AD6AB8 req: {332C4427-26CB-11D0-B483-00C04FD90119} 	
00003053	10:56:55.781	[1176] CFQ: ref: 2AE50C0 req: {A6EF9860-C720-11D0-9337-00A0C90DCAA9} 	
00003054	10:56:55.781	[1176] CFQ: ref: 2AE50C0 req: {A6EF9860-C720-11D0-9337-00A0C90DCAA9} 	
00003055	10:56:55.781	[1176] DFQ: ref: 2AD6AB8 req: {A6EF9860-C720-11D0-9337-00A0C90DCAA9} 	
00003056	10:56:55.781	[1176] CFQ: ref: 2AE50C0 req: {332C4427-26CB-11D0-B483-00C04FD90119} 	
00003057	10:56:55.781	[1176] CFQ: ref: 2AE50C0 req: {332C4427-26CB-11D0-B483-00C04FD90119} 	
00003058	10:56:55.781	[1176] DFQ: ref: 2AD6AB8 req: {332C4427-26CB-11D0-B483-00C04FD90119} 	
00003059	10:56:55.781	[1176] CFQ: ref: 2AE50C0 req: {A6EF9860-C720-11D0-9337-00A0C90DCAA9} 	
00003060	10:56:55.781	[1176] CFQ: ref: 2AE50C0 req: {A6EF9860-C720-11D0-9337-00A0C90DCAA9} 	
00003061	10:56:55.781	[1176] DFQ: ref: 2AD6AB8 req: {A6EF9860-C720-11D0-9337-00A0C90DCAA9} 	
00003062	10:56:55.797	[1176] CFQ: ref: 2AE50C0 req: {332C4427-26CB-11D0-B483-00C04FD90119} 	
00003063	10:56:55.797	[1176] CFQ: ref: 2AE50C0 req: {332C4427-26CB-11D0-B483-00C04FD90119} 	
00003064	10:56:55.797	[1176] DFQ: ref: 2AD6AB8 req: {332C4427-26CB-11D0-B483-00C04FD90119} 	
00003065	10:56:55.797	[1176] CFQ: ref: 2AE50C0 req: {A6EF9860-C720-11D0-9337-00A0C90DCAA9} 	
00003066	10:56:55.797	[1176] CFQ: ref: 2AE50C0 req: {A6EF9860-C720-11D0-9337-00A0C90DCAA9} 	
00003067	10:56:55.797	[1176] DFQ: ref: 2AD6AB8 req: {A6EF9860-C720-11D0-9337-00A0C90DCAA9} 	
00003068	10:56:55.797	[1176] CFQ: ref: 2AE50C0 req: {332C4427-26CB-11D0-B483-00C04FD90119} 	
00003069	10:56:55.797	[1176] CFQ: ref: 2AE50C0 req: {332C4427-26CB-11D0-B483-00C04FD90119} 	
00003070	10:56:55.797	[1176] DFQ: ref: 2AD6AB8 req: {332C4427-26CB-11D0-B483-00C04FD90119} 	
00003071	10:56:55.797	[1176] CFQ: ref: 2AE50C0 req: {A6EF9860-C720-11D0-9337-00A0C90DCAA9} 	
00003072	10:56:55.797	[1176] CFQ: ref: 2AE50C0 req: {A6EF9860-C720-11D0-9337-00A0C90DCAA9} 	
00003073	10:56:55.797	[1176] DFQ: ref: 2AD6AB8 req: {A6EF9860-C720-11D0-9337-00A0C90DCAA9} 	
00003074	10:56:55.812	[1176] CFQ: ref: 2AE50C0 req: {332C4427-26CB-11D0-B483-00C04FD90119} 	
00003075	10:56:55.812	[1176] CFQ: ref: 2AE50C0 req: {332C4427-26CB-11D0-B483-00C04FD90119} 	
00003076	10:56:55.812	[1176] DFQ: ref: 2AD6AB8 req: {332C4427-26CB-11D0-B483-00C04FD90119} 	
00003077	10:56:55.812	[1176] CFQ: ref: 2AE50C0 req: {A6EF9860-C720-11D0-9337-00A0C90DCAA9} 	
00003078	10:56:55.812	[1176] CFQ: ref: 2AE50C0 req: {A6EF9860-C720-11D0-9337-00A0C90DCAA9} 	
00003079	10:56:55.812	[1176] DFQ: ref: 2AD6AB8 req: {A6EF9860-C720-11D0-9337-00A0C90DCAA9} 	
00003080	10:56:55.812	[1176] CFQ: ref: 2AE50C0 req: {332C4427-26CB-11D0-B483-00C04FD90119} 	
00003081	10:56:55.812	[1176] CFQ: ref: 2AE50C0 req: {332C4427-26CB-11D0-B483-00C04FD90119} 	
00003082	10:56:55.812	[1176] DFQ: ref: 2AD6AB8 req: {332C4427-26CB-11D0-B483-00C04FD90119} 	
00003083	10:56:55.812	[1176] CFQ: ref: 2AE50C0 req: {A6EF9860-C720-11D0-9337-00A0C90DCAA9} 	
00003084	10:56:55.812	[1176] CFQ: ref: 2AE50C0 req: {A6EF9860-C720-11D0-9337-00A0C90DCAA9} 	
00003085	10:56:55.812	[1176] DFQ: ref: 2AD6AB8 req: {A6EF9860-C720-11D0-9337-00A0C90DCAA9} 	
00003086	10:56:55.828	[1176] CFQ: ref: 2AE50C0 req: {332C4427-26CB-11D0-B483-00C04FD90119} 	
00003087	10:56:55.828	[1176] CFQ: ref: 2AE50C0 req: {332C4427-26CB-11D0-B483-00C04FD90119} 	
00003088	10:56:55.828	[1176] DFQ: ref: 2AD6AB8 req: {332C4427-26CB-11D0-B483-00C04FD90119} 	
00003089	10:56:55.828	[1176] CFQ: ref: 2AE50C0 req: {A6EF9860-C720-11D0-9337-00A0C90DCAA9} 	
00003090	10:56:55.828	[1176] CFQ: ref: 2AE50C0 req: {A6EF9860-C720-11D0-9337-00A0C90DCAA9} 	
00003091	10:56:55.828	[1176] DFQ: ref: 2AD6AB8 req: {A6EF9860-C720-11D0-9337-00A0C90DCAA9} 	
00003092	10:56:55.828	[1176] CFQ: ref: 2AE50C0 req: {332C4427-26CB-11D0-B483-00C04FD90119} 	
00003093	10:56:55.828	[1176] CFQ: ref: 2AE50C0 req: {332C4427-26CB-11D0-B483-00C04FD90119} 	
00003094	10:56:55.828	[1176] DFQ: ref: 2AD6AB8 req: {332C4427-26CB-11D0-B483-00C04FD90119} 	
00003095	10:56:55.828	[1176] CFQ: ref: 2AE50C0 req: {A6EF9860-C720-11D0-9337-00A0C90DCAA9} 	
00003096	10:56:55.828	[1176] CFQ: ref: 2AE50C0 req: {A6EF9860-C720-11D0-9337-00A0C90DCAA9} 	
00003097	10:56:55.828	[1176] DFQ: ref: 2AD6AB8 req: {A6EF9860-C720-11D0-9337-00A0C90DCAA9} 	
00003098	10:56:55.844	[1176] CFQ: ref: 2AE50C0 req: {332C4427-26CB-11D0-B483-00C04FD90119} 	
00003099	10:56:55.844	[1176] CFQ: ref: 2AE50C0 req: {332C4427-26CB-11D0-B483-00C04FD90119} 	
00003100	10:56:55.844	[1176] DFQ: ref: 2AD6AB8 req: {332C4427-26CB-11D0-B483-00C04FD90119} 	
00003101	10:56:55.844	[1176] CFQ: ref: 2AE50C0 req: {A6EF9860-C720-11D0-9337-00A0C90DCAA9} 	
00003102	10:56:55.844	[1176] CFQ: ref: 2AE50C0 req: {A6EF9860-C720-11D0-9337-00A0C90DCAA9} 	
00003103	10:56:55.844	[1176] DFQ: ref: 2AD6AB8 req: {A6EF9860-C720-11D0-9337-00A0C90DCAA9} 	
00003104	10:56:55.844	[1176] CFQ: ref: 2AE50C0 req: {332C4427-26CB-11D0-B483-00C04FD90119} 	
00003105	10:56:55.844	[1176] CFQ: ref: 2AE50C0 req: {332C4427-26CB-11D0-B483-00C04FD90119} 	
00003106	10:56:55.844	[1176] DFQ: ref: 2AD6AB8 req: {332C4427-26CB-11D0-B483-00C04FD90119} 	
00003107	10:56:55.844	[1176] CFQ: ref: 2AE50C0 req: {A6EF9860-C720-11D0-9337-00A0C90DCAA9} 	
00003108	10:56:55.844	[1176] CFQ: ref: 2AE50C0 req: {A6EF9860-C720-11D0-9337-00A0C90DCAA9} 	
00003109	10:56:55.844	[1176] DFQ: ref: 2AD6AB8 req: {A6EF9860-C720-11D0-9337-00A0C90DCAA9} 	
00003110	10:56:55.859	[1176] CFQ: ref: 2AE50C0 req: {332C4427-26CB-11D0-B483-00C04FD90119} 	
00003111	10:56:55.859	[1176] CFQ: ref: 2AE50C0 req: {332C4427-26CB-11D0-B483-00C04FD90119} 	
00003112	10:56:55.859	[1176] DFQ: ref: 2AD6AB8 req: {332C4427-26CB-11D0-B483-00C04FD90119} 	
00003113	10:56:55.859	[1176] CFQ: ref: 2AE50C0 req: {A6EF9860-C720-11D0-9337-00A0C90DCAA9} 	
00003114	10:56:55.859	[1176] CFQ: ref: 2AE50C0 req: {A6EF9860-C720-11D0-9337-00A0C90DCAA9} 	
00003115	10:56:55.859	[1176] DFQ: ref: 2AD6AB8 req: {A6EF9860-C720-11D0-9337-00A0C90DCAA9} 	
00003116	10:56:55.859	[1176] CFQ: ref: 2AE50C0 req: {332C4427-26CB-11D0-B483-00C04FD90119} 	
00003117	10:56:55.859	[1176] CFQ: ref: 2AE50C0 req: {332C4427-26CB-11D0-B483-00C04FD90119} 	
00003118	10:56:55.859	[1176] DFQ: ref: 2AD6AB8 req: {332C4427-26CB-11D0-B483-00C04FD90119} 	
00003119	10:56:55.859	[1176] CFQ: ref: 2AE50C0 req: {A6EF9860-C720-11D0-9337-00A0C90DCAA9} 	
00003120	10:56:55.859	[1176] CFQ: ref: 2AE50C0 req: {A6EF9860-C720-11D0-9337-00A0C90DCAA9} 	
00003121	10:56:55.859	[1176] DFQ: ref: 2AD6AB8 req: {A6EF9860-C720-11D0-9337-00A0C90DCAA9} 	
00003122	10:56:55.875	[1176] CFQ: ref: 2AE50C0 req: {332C4427-26CB-11D0-B483-00C04FD90119} 	
00003123	10:56:55.875	[1176] CFQ: ref: 2AE50C0 req: {332C4427-26CB-11D0-B483-00C04FD90119} 	
00003124	10:56:55.875	[1176] DFQ: ref: 2AD6AB8 req: {332C4427-26CB-11D0-B483-00C04FD90119} 	
00003125	10:56:55.875	[1176] CFQ: ref: 2AE50C0 req: {A6EF9860-C720-11D0-9337-00A0C90DCAA9} 	
00003126	10:56:55.875	[1176] CFQ: ref: 2AE50C0 req: {A6EF9860-C720-11D0-9337-00A0C90DCAA9} 	
00003127	10:56:55.875	[1176] DFQ: ref: 2AD6AB8 req: {A6EF9860-C720-11D0-9337-00A0C90DCAA9} 	
00003128	10:56:55.875	[1176] CFQ: ref: 2AE50C0 req: {332C4427-26CB-11D0-B483-00C04FD90119} 	
00003129	10:56:55.875	[1176] CFQ: ref: 2AE50C0 req: {332C4427-26CB-11D0-B483-00C04FD90119} 	
00003130	10:56:55.875	[1176] DFQ: ref: 2AD6AB8 req: {332C4427-26CB-11D0-B483-00C04FD90119} 	
00003131	10:56:55.875	[1176] CFQ: ref: 2AE50C0 req: {A6EF9860-C720-11D0-9337-00A0C90DCAA9} 	
00003132	10:56:55.875	[1176] CFQ: ref: 2AE50C0 req: {A6EF9860-C720-11D0-9337-00A0C90DCAA9} 	
00003133	10:56:55.875	[1176] DFQ: ref: 2AD6AB8 req: {A6EF9860-C720-11D0-9337-00A0C90DCAA9} 	
00003134	10:56:55.890	[1176] CFQ: ref: 2AE50C0 req: {332C4427-26CB-11D0-B483-00C04FD90119} 	
00003135	10:56:55.890	[1176] CFQ: ref: 2AE50C0 req: {332C4427-26CB-11D0-B483-00C04FD90119} 	
00003136	10:56:55.890	[1176] DFQ: ref: 2AD6AB8 req: {332C4427-26CB-11D0-B483-00C04FD90119} 	
00003137	10:56:55.890	[1176] CFQ: ref: 2AE50C0 req: {A6EF9860-C720-11D0-9337-00A0C90DCAA9} 	
00003138	10:56:55.890	[1176] CFQ: ref: 2AE50C0 req: {A6EF9860-C720-11D0-9337-00A0C90DCAA9} 	
00003139	10:56:55.890	[1176] DFQ: ref: 2AD6AB8 req: {A6EF9860-C720-11D0-9337-00A0C90DCAA9} 	
00003140	10:56:55.890	[1176] CFQ: ref: 2AE50C0 req: {332C4427-26CB-11D0-B483-00C04FD90119} 	
00003141	10:56:55.890	[1176] CFQ: ref: 2AE50C0 req: {332C4427-26CB-11D0-B483-00C04FD90119} 	
00003142	10:56:55.890	[1176] DFQ: ref: 2AD6AB8 req: {332C4427-26CB-11D0-B483-00C04FD90119} 	
00003143	10:56:55.890	[1176] CFQ: ref: 2AE50C0 req: {A6EF9860-C720-11D0-9337-00A0C90DCAA9} 	
00003144	10:56:55.890	[1176] CFQ: ref: 2AE50C0 req: {A6EF9860-C720-11D0-9337-00A0C90DCAA9} 	
00003145	10:56:55.890	[1176] DFQ: ref: 2AD6AB8 req: {A6EF9860-C720-11D0-9337-00A0C90DCAA9} 	
00003146	10:56:55.906	[1176] CFQ: ref: 2AE50C0 req: {332C4427-26CB-11D0-B483-00C04FD90119} 	
00003147	10:56:55.906	[1176] CFQ: ref: 2AE50C0 req: {332C4427-26CB-11D0-B483-00C04FD90119} 	
00003148	10:56:55.906	[1176] DFQ: ref: 2AD6AB8 req: {332C4427-26CB-11D0-B483-00C04FD90119} 	
00003149	10:56:55.906	[1176] CFQ: ref: 2AE50C0 req: {A6EF9860-C720-11D0-9337-00A0C90DCAA9} 	
00003150	10:56:55.906	[1176] CFQ: ref: 2AE50C0 req: {A6EF9860-C720-11D0-9337-00A0C90DCAA9} 	
00003151	10:56:55.906	[1176] DFQ: ref: 2AD6AB8 req: {A6EF9860-C720-11D0-9337-00A0C90DCAA9} 	
00003152	10:56:55.906	[1176] CFQ: ref: 2AE50C0 req: {332C4427-26CB-11D0-B483-00C04FD90119} 	
00003153	10:56:55.906	[1176] CFQ: ref: 2AE50C0 req: {332C4427-26CB-11D0-B483-00C04FD90119} 	
00003154	10:56:55.906	[1176] DFQ: ref: 2AD6AB8 req: {332C4427-26CB-11D0-B483-00C04FD90119} 	
00003155	10:56:55.906	[1176] CFQ: ref: 2AE50C0 req: {A6EF9860-C720-11D0-9337-00A0C90DCAA9} 	
00003156	10:56:55.906	[1176] CFQ: ref: 2AE50C0 req: {A6EF9860-C720-11D0-9337-00A0C90DCAA9} 	
00003157	10:56:55.906	[1176] DFQ: ref: 2AD6AB8 req: {A6EF9860-C720-11D0-9337-00A0C90DCAA9} 	
00003158	10:56:55.922	[1176] CFQ: ref: 2AE50C0 req: {332C4427-26CB-11D0-B483-00C04FD90119} 	
00003159	10:56:55.922	[1176] CFQ: ref: 2AE50C0 req: {332C4427-26CB-11D0-B483-00C04FD90119} 	
00003160	10:56:55.922	[1176] DFQ: ref: 2AD6AB8 req: {332C4427-26CB-11D0-B483-00C04FD90119} 	
00003161	10:56:55.922	[1176] CFQ: ref: 2AE50C0 req: {A6EF9860-C720-11D0-9337-00A0C90DCAA9} 	
00003162	10:56:55.922	[1176] CFQ: ref: 2AE50C0 req: {A6EF9860-C720-11D0-9337-00A0C90DCAA9} 	
00003163	10:56:55.922	[1176] DFQ: ref: 2AD6AB8 req: {A6EF9860-C720-11D0-9337-00A0C90DCAA9} 	
00003164	10:56:55.922	[1176] CFQ: ref: 2AE50C0 req: {332C4427-26CB-11D0-B483-00C04FD90119} 	
00003165	10:56:55.922	[1176] CFQ: ref: 2AE50C0 req: {332C4427-26CB-11D0-B483-00C04FD90119} 	
00003166	10:56:55.922	[1176] DFQ: ref: 2AD6AB8 req: {332C4427-26CB-11D0-B483-00C04FD90119} 	
00003167	10:56:55.922	[1176] CFQ: ref: 2AE50C0 req: {A6EF9860-C720-11D0-9337-00A0C90DCAA9} 	
00003168	10:56:55.922	[1176] CFQ: ref: 2AE50C0 req: {A6EF9860-C720-11D0-9337-00A0C90DCAA9} 	
00003169	10:56:55.922	[1176] DFQ: ref: 2AD6AB8 req: {A6EF9860-C720-11D0-9337-00A0C90DCAA9} 	
00003170	10:56:55.937	[1176] CFQ: ref: 2AE50C0 req: {332C4427-26CB-11D0-B483-00C04FD90119} 	
00003171	10:56:55.937	[1176] CFQ: ref: 2AE50C0 req: {332C4427-26CB-11D0-B483-00C04FD90119} 	
00003172	10:56:55.937	[1176] DFQ: ref: 2AD6AB8 req: {332C4427-26CB-11D0-B483-00C04FD90119} 	
00003173	10:56:55.937	[1176] CFQ: ref: 2AE50C0 req: {A6EF9860-C720-11D0-9337-00A0C90DCAA9} 	
00003174	10:56:55.937	[1176] CFQ: ref: 2AE50C0 req: {A6EF9860-C720-11D0-9337-00A0C90DCAA9} 	
00003175	10:56:55.937	[1176] DFQ: ref: 2AD6AB8 req: {A6EF9860-C720-11D0-9337-00A0C90DCAA9} 	
00003176	10:56:55.937	[1176] CFQ: ref: 2AE50C0 req: {332C4427-26CB-11D0-B483-00C04FD90119} 	
00003177	10:56:55.937	[1176] CFQ: ref: 2AE50C0 req: {332C4427-26CB-11D0-B483-00C04FD90119} 	
00003178	10:56:55.937	[1176] DFQ: ref: 2AD6AB8 req: {332C4427-26CB-11D0-B483-00C04FD90119} 	
00003179	10:56:55.937	[1176] CFQ: ref: 2AE50C0 req: {A6EF9860-C720-11D0-9337-00A0C90DCAA9} 	
00003180	10:56:55.937	[1176] CFQ: ref: 2AE50C0 req: {A6EF9860-C720-11D0-9337-00A0C90DCAA9} 	
00003181	10:56:55.937	[1176] DFQ: ref: 2AD6AB8 req: {A6EF9860-C720-11D0-9337-00A0C90DCAA9} 	
00003182	10:56:55.953	[1176] CFQ: ref: 2AE50C0 req: {332C4427-26CB-11D0-B483-00C04FD90119} 	
00003183	10:56:55.953	[1176] CFQ: ref: 2AE50C0 req: {332C4427-26CB-11D0-B483-00C04FD90119} 	
00003184	10:56:55.953	[1176] DFQ: ref: 2AD6AB8 req: {332C4427-26CB-11D0-B483-00C04FD90119} 	
00003185	10:56:55.953	[1176] CFQ: ref: 2AE50C0 req: {A6EF9860-C720-11D0-9337-00A0C90DCAA9} 	
00003186	10:56:55.953	[1176] CFQ: ref: 2AE50C0 req: {A6EF9860-C720-11D0-9337-00A0C90DCAA9} 	
00003187	10:56:55.953	[1176] DFQ: ref: 2AD6AB8 req: {A6EF9860-C720-11D0-9337-00A0C90DCAA9} 	
00003188	10:56:55.953	[1176] CFQ: ref: 2AE50C0 req: {332C4427-26CB-11D0-B483-00C04FD90119} 	
00003189	10:56:55.953	[1176] CFQ: ref: 2AE50C0 req: {332C4427-26CB-11D0-B483-00C04FD90119} 	
00003190	10:56:55.953	[1176] DFQ: ref: 2AD6AB8 req: {332C4427-26CB-11D0-B483-00C04FD90119} 	
00003191	10:56:55.953	[1176] CFQ: ref: 2AE50C0 req: {A6EF9860-C720-11D0-9337-00A0C90DCAA9} 	
00003192	10:56:55.953	[1176] CFQ: ref: 2AE50C0 req: {A6EF9860-C720-11D0-9337-00A0C90DCAA9} 	
00003193	10:56:55.953	[1176] DFQ: ref: 2AD6AB8 req: {A6EF9860-C720-11D0-9337-00A0C90DCAA9} 	
00003194	10:56:55.969	[1176] CFQ: ref: 2AE50C0 req: {332C4427-26CB-11D0-B483-00C04FD90119} 	
00003195	10:56:55.969	[1176] CFQ: ref: 2AE50C0 req: {332C4427-26CB-11D0-B483-00C04FD90119} 	
00003196	10:56:55.969	[1176] DFQ: ref: 2AD6AB8 req: {332C4427-26CB-11D0-B483-00C04FD90119} 	
00003197	10:56:55.969	[1176] CFQ: ref: 2AE50C0 req: {A6EF9860-C720-11D0-9337-00A0C90DCAA9} 	
00003198	10:56:55.969	[1176] CFQ: ref: 2AE50C0 req: {A6EF9860-C720-11D0-9337-00A0C90DCAA9} 	
00003199	10:56:55.969	[1176] DFQ: ref: 2AD6AB8 req: {A6EF9860-C720-11D0-9337-00A0C90DCAA9} 	
00003200	10:56:55.969	[1176] CFQ: ref: 2AE50C0 req: {332C4427-26CB-11D0-B483-00C04FD90119} 	
00003201	10:56:55.969	[1176] CFQ: ref: 2AE50C0 req: {332C4427-26CB-11D0-B483-00C04FD90119} 	
00003202	10:56:55.969	[1176] DFQ: ref: 2AD6AB8 req: {332C4427-26CB-11D0-B483-00C04FD90119} 	
00003203	10:56:55.969	[1176] CFQ: ref: 2AE50C0 req: {A6EF9860-C720-11D0-9337-00A0C90DCAA9} 	
00003204	10:56:55.969	[1176] CFQ: ref: 2AE50C0 req: {A6EF9860-C720-11D0-9337-00A0C90DCAA9} 	
00003205	10:56:55.969	[1176] DFQ: ref: 2AD6AB8 req: {A6EF9860-C720-11D0-9337-00A0C90DCAA9} 	
00003206	10:56:55.984	[1176] CFQ: ref: 2AE50C0 req: {332C4427-26CB-11D0-B483-00C04FD90119} 	
00003207	10:56:55.984	[1176] CFQ: ref: 2AE50C0 req: {332C4427-26CB-11D0-B483-00C04FD90119} 	
00003208	10:56:55.984	[1176] DFQ: ref: 2AD6AB8 req: {332C4427-26CB-11D0-B483-00C04FD90119} 	
00003209	10:56:55.984	[1176] CFQ: ref: 2AE50C0 req: {A6EF9860-C720-11D0-9337-00A0C90DCAA9} 	
00003210	10:56:55.984	[1176] CFQ: ref: 2AE50C0 req: {A6EF9860-C720-11D0-9337-00A0C90DCAA9} 	
00003211	10:56:55.984	[1176] DFQ: ref: 2AD6AB8 req: {A6EF9860-C720-11D0-9337-00A0C90DCAA9} 	
00003212	10:56:55.984	[1176] CFQ: ref: 2AE50C0 req: {332C4427-26CB-11D0-B483-00C04FD90119} 	
00003213	10:56:55.984	[1176] CFQ: ref: 2AE50C0 req: {332C4427-26CB-11D0-B483-00C04FD90119} 	
00003214	10:56:55.984	[1176] DFQ: ref: 2AD6AB8 req: {332C4427-26CB-11D0-B483-00C04FD90119} 	
00003215	10:56:55.984	[1176] CFQ: ref: 2AE50C0 req: {A6EF9860-C720-11D0-9337-00A0C90DCAA9} 	
00003216	10:56:55.984	[1176] CFQ: ref: 2AE50C0 req: {A6EF9860-C720-11D0-9337-00A0C90DCAA9} 	
00003217	10:56:55.984	[1176] DFQ: ref: 2AD6AB8 req: {A6EF9860-C720-11D0-9337-00A0C90DCAA9} 	
00003218	10:56:56.000	[1176] CFQ: ref: 2AE50C0 req: {332C4427-26CB-11D0-B483-00C04FD90119} 	
00003219	10:56:56.000	[1176] CFQ: ref: 2AE50C0 req: {332C4427-26CB-11D0-B483-00C04FD90119} 	
00003220	10:56:56.000	[1176] DFQ: ref: 2AD6AB8 req: {332C4427-26CB-11D0-B483-00C04FD90119} 	
00003221	10:56:56.000	[1176] CFQ: ref: 2AE50C0 req: {A6EF9860-C720-11D0-9337-00A0C90DCAA9} 	
00003222	10:56:56.000	[1176] CFQ: ref: 2AE50C0 req: {A6EF9860-C720-11D0-9337-00A0C90DCAA9} 	
00003223	10:56:56.000	[1176] DFQ: ref: 2AD6AB8 req: {A6EF9860-C720-11D0-9337-00A0C90DCAA9} 	
00003224	10:56:56.000	[1176] CFQ: ref: 2AE50C0 req: {332C4427-26CB-11D0-B483-00C04FD90119} 	
00003225	10:56:56.000	[1176] CFQ: ref: 2AE50C0 req: {332C4427-26CB-11D0-B483-00C04FD90119} 	
00003226	10:56:56.000	[1176] DFQ: ref: 2AD6AB8 req: {332C4427-26CB-11D0-B483-00C04FD90119} 	
00003227	10:56:56.000	[1176] CFQ: ref: 2AE50C0 req: {A6EF9860-C720-11D0-9337-00A0C90DCAA9} 	
00003228	10:56:56.000	[1176] CFQ: ref: 2AE50C0 req: {A6EF9860-C720-11D0-9337-00A0C90DCAA9} 	
00003229	10:56:56.000	[1176] DFQ: ref: 2AD6AB8 req: {A6EF9860-C720-11D0-9337-00A0C90DCAA9} 	
00003230	10:56:56.015	[1176] CFQ: ref: 2AE50C0 req: {332C4427-26CB-11D0-B483-00C04FD90119} 	
00003231	10:56:56.015	[1176] CFQ: ref: 2AE50C0 req: {332C4427-26CB-11D0-B483-00C04FD90119} 	
00003232	10:56:56.015	[1176] DFQ: ref: 2AD6AB8 req: {332C4427-26CB-11D0-B483-00C04FD90119} 	
00003233	10:56:56.015	[1176] CFQ: ref: 2AE50C0 req: {A6EF9860-C720-11D0-9337-00A0C90DCAA9} 	
00003234	10:56:56.015	[1176] CFQ: ref: 2AE50C0 req: {A6EF9860-C720-11D0-9337-00A0C90DCAA9} 	
00003235	10:56:56.015	[1176] DFQ: ref: 2AD6AB8 req: {A6EF9860-C720-11D0-9337-00A0C90DCAA9} 	
00003236	10:56:56.015	[1176] CFQ: ref: 2AE50C0 req: {332C4427-26CB-11D0-B483-00C04FD90119} 	
00003237	10:56:56.015	[1176] CFQ: ref: 2AE50C0 req: {332C4427-26CB-11D0-B483-00C04FD90119} 	
00003238	10:56:56.015	[1176] DFQ: ref: 2AD6AB8 req: {332C4427-26CB-11D0-B483-00C04FD90119} 	
00003239	10:56:56.015	[1176] CFQ: ref: 2AE50C0 req: {A6EF9860-C720-11D0-9337-00A0C90DCAA9} 	
00003240	10:56:56.015	[1176] CFQ: ref: 2AE50C0 req: {A6EF9860-C720-11D0-9337-00A0C90DCAA9} 	
00003241	10:56:56.015	[1176] DFQ: ref: 2AD6AB8 req: {A6EF9860-C720-11D0-9337-00A0C90DCAA9} 	
00003242	10:56:56.031	[1176] CFQ: ref: 2AE50C0 req: {332C4427-26CB-11D0-B483-00C04FD90119} 	
00003243	10:56:56.031	[1176] CFQ: ref: 2AE50C0 req: {332C4427-26CB-11D0-B483-00C04FD90119} 	
00003244	10:56:56.031	[1176] DFQ: ref: 2AD6AB8 req: {332C4427-26CB-11D0-B483-00C04FD90119} 	
00003245	10:56:56.031	[1176] CFQ: ref: 2AE50C0 req: {A6EF9860-C720-11D0-9337-00A0C90DCAA9} 	
00003246	10:56:56.031	[1176] CFQ: ref: 2AE50C0 req: {A6EF9860-C720-11D0-9337-00A0C90DCAA9} 	
00003247	10:56:56.031	[1176] DFQ: ref: 2AD6AB8 req: {A6EF9860-C720-11D0-9337-00A0C90DCAA9} 	
00003248	10:56:56.031	[1176] CFQ: ref: 2AE50C0 req: {332C4427-26CB-11D0-B483-00C04FD90119} 	
00003249	10:56:56.031	[1176] CFQ: ref: 2AE50C0 req: {332C4427-26CB-11D0-B483-00C04FD90119} 	
00003250	10:56:56.031	[1176] DFQ: ref: 2AD6AB8 req: {332C4427-26CB-11D0-B483-00C04FD90119} 	
00003251	10:56:56.031	[1176] CFQ: ref: 2AE50C0 req: {A6EF9860-C720-11D0-9337-00A0C90DCAA9} 	
00003252	10:56:56.031	[1176] CFQ: ref: 2AE50C0 req: {A6EF9860-C720-11D0-9337-00A0C90DCAA9} 	
00003253	10:56:56.031	[1176] DFQ: ref: 2AD6AB8 req: {A6EF9860-C720-11D0-9337-00A0C90DCAA9} 	
00003254	10:56:56.047	[1176] CFQ: ref: 2AE50C0 req: {332C4427-26CB-11D0-B483-00C04FD90119} 	
00003255	10:56:56.047	[1176] CFQ: ref: 2AE50C0 req: {332C4427-26CB-11D0-B483-00C04FD90119} 	
00003256	10:56:56.047	[1176] DFQ: ref: 2AD6AB8 req: {332C4427-26CB-11D0-B483-00C04FD90119} 	
00003257	10:56:56.047	[1176] CFQ: ref: 2AE50C0 req: {A6EF9860-C720-11D0-9337-00A0C90DCAA9} 	
00003258	10:56:56.047	[1176] CFQ: ref: 2AE50C0 req: {A6EF9860-C720-11D0-9337-00A0C90DCAA9} 	
00003259	10:56:56.047	[1176] DFQ: ref: 2AD6AB8 req: {A6EF9860-C720-11D0-9337-00A0C90DCAA9} 	
00003260	10:56:56.047	[1176] CFQ: ref: 2AE50C0 req: {332C4427-26CB-11D0-B483-00C04FD90119} 	
00003261	10:56:56.047	[1176] CFQ: ref: 2AE50C0 req: {332C4427-26CB-11D0-B483-00C04FD90119} 	
00003262	10:56:56.047	[1176] DFQ: ref: 2AD6AB8 req: {332C4427-26CB-11D0-B483-00C04FD90119} 	
00003263	10:56:56.047	[1176] CFQ: ref: 2AE50C0 req: {A6EF9860-C720-11D0-9337-00A0C90DCAA9} 	
00003264	10:56:56.047	[1176] CFQ: ref: 2AE50C0 req: {A6EF9860-C720-11D0-9337-00A0C90DCAA9} 	
00003265	10:56:56.047	[1176] DFQ: ref: 2AD6AB8 req: {A6EF9860-C720-11D0-9337-00A0C90DCAA9} 	
00003266	10:56:56.062	[1176] CFQ: ref: 2AE50C0 req: {332C4427-26CB-11D0-B483-00C04FD90119} 	
00003267	10:56:56.062	[1176] CFQ: ref: 2AE50C0 req: {332C4427-26CB-11D0-B483-00C04FD90119} 	
00003268	10:56:56.062	[1176] DFQ: ref: 2AD6AB8 req: {332C4427-26CB-11D0-B483-00C04FD90119} 	
00003269	10:56:56.062	[1176] CFQ: ref: 2AE50C0 req: {A6EF9860-C720-11D0-9337-00A0C90DCAA9} 	
00003270	10:56:56.062	[1176] CFQ: ref: 2AE50C0 req: {A6EF9860-C720-11D0-9337-00A0C90DCAA9} 	
00003271	10:56:56.062	[1176] DFQ: ref: 2AD6AB8 req: {A6EF9860-C720-11D0-9337-00A0C90DCAA9} 	
00003272	10:56:56.062	[1176] CFQ: ref: 2AE50C0 req: {332C4427-26CB-11D0-B483-00C04FD90119} 	
00003273	10:56:56.062	[1176] CFQ: ref: 2AE50C0 req: {332C4427-26CB-11D0-B483-00C04FD90119} 	
00003274	10:56:56.062	[1176] DFQ: ref: 2AD6AB8 req: {332C4427-26CB-11D0-B483-00C04FD90119} 	
00003275	10:56:56.062	[1176] CFQ: ref: 2AE50C0 req: {A6EF9860-C720-11D0-9337-00A0C90DCAA9} 	
00003276	10:56:56.062	[1176] CFQ: ref: 2AE50C0 req: {A6EF9860-C720-11D0-9337-00A0C90DCAA9} 	
00003277	10:56:56.062	[1176] DFQ: ref: 2AD6AB8 req: {A6EF9860-C720-11D0-9337-00A0C90DCAA9} 	
00003278	10:56:56.078	[1176] CFQ: ref: 2AE50C0 req: {332C4427-26CB-11D0-B483-00C04FD90119} 	
00003279	10:56:56.125	[1176] CFQ: ref: 2AE50C0 req: {332C4427-26CB-11D0-B483-00C04FD90119} 	
00003280	10:56:56.125	[1176] DFQ: ref: 2AD6AB8 req: {332C4427-26CB-11D0-B483-00C04FD90119} 	
00003281	10:56:56.125	[1176] CFQ: ref: 2AE50C0 req: {A6EF9860-C720-11D0-9337-00A0C90DCAA9} 	
00003282	10:56:56.125	[1176] CFQ: ref: 2AE50C0 req: {A6EF9860-C720-11D0-9337-00A0C90DCAA9} 	
00003283	10:56:56.125	[1176] DFQ: ref: 2AD6AB8 req: {A6EF9860-C720-11D0-9337-00A0C90DCAA9} 	
00003284	10:56:56.125	[1176] CFQ: ref: 2AE50C0 req: {332C4427-26CB-11D0-B483-00C04FD90119} 	
00003285	10:56:56.125	[1176] CFQ: ref: 2AE50C0 req: {332C4427-26CB-11D0-B483-00C04FD90119} 	
00003286	10:56:56.125	[1176] DFQ: ref: 2AD6AB8 req: {332C4427-26CB-11D0-B483-00C04FD90119} 	
00003287	10:56:56.125	[1176] CFQ: ref: 2AE50C0 req: {A6EF9860-C720-11D0-9337-00A0C90DCAA9} 	
00003288	10:56:56.125	[1176] CFQ: ref: 2AE50C0 req: {A6EF9860-C720-11D0-9337-00A0C90DCAA9} 	
00003289	10:56:56.125	[1176] DFQ: ref: 2AD6AB8 req: {A6EF9860-C720-11D0-9337-00A0C90DCAA9} 	
00003290	10:56:56.140	[1176] CFQ: ref: 2AE50C0 req: {332C4427-26CB-11D0-B483-00C04FD90119} 	
00003291	10:56:56.140	[1176] CFQ: ref: 2AE50C0 req: {332C4427-26CB-11D0-B483-00C04FD90119} 	
00003292	10:56:56.140	[1176] DFQ: ref: 2AD6AB8 req: {332C4427-26CB-11D0-B483-00C04FD90119} 	
00003293	10:56:56.140	[1176] CFQ: ref: 2AE50C0 req: {A6EF9860-C720-11D0-9337-00A0C90DCAA9} 	
00003294	10:56:56.140	[1176] CFQ: ref: 2AE50C0 req: {A6EF9860-C720-11D0-9337-00A0C90DCAA9} 	
00003295	10:56:56.140	[1176] DFQ: ref: 2AD6AB8 req: {A6EF9860-C720-11D0-9337-00A0C90DCAA9} 	
00003296	10:56:56.140	[1176] CFQ: ref: 2AE50C0 req: {332C4427-26CB-11D0-B483-00C04FD90119} 	
00003297	10:56:56.140	[1176] CFQ: ref: 2AE50C0 req: {332C4427-26CB-11D0-B483-00C04FD90119} 	
00003298	10:56:56.140	[1176] DFQ: ref: 2AD6AB8 req: {332C4427-26CB-11D0-B483-00C04FD90119} 	
00003299	10:56:56.140	[1176] CFQ: ref: 2AE50C0 req: {A6EF9860-C720-11D0-9337-00A0C90DCAA9} 	
00003300	10:56:56.140	[1176] CFQ: ref: 2AE50C0 req: {A6EF9860-C720-11D0-9337-00A0C90DCAA9} 	
00003301	10:56:56.140	[1176] DFQ: ref: 2AD6AB8 req: {A6EF9860-C720-11D0-9337-00A0C90DCAA9} 	
00003302	10:56:56.156	[1176] CFQ: ref: 2AE50C0 req: {332C4427-26CB-11D0-B483-00C04FD90119} 	
00003303	10:56:56.156	[1176] CFQ: ref: 2AE50C0 req: {332C4427-26CB-11D0-B483-00C04FD90119} 	
00003304	10:56:56.156	[1176] DFQ: ref: 2AD6AB8 req: {332C4427-26CB-11D0-B483-00C04FD90119} 	
00003305	10:56:56.156	[1176] CFQ: ref: 2AE50C0 req: {A6EF9860-C720-11D0-9337-00A0C90DCAA9} 	
00003306	10:56:56.156	[1176] CFQ: ref: 2AE50C0 req: {A6EF9860-C720-11D0-9337-00A0C90DCAA9} 	
00003307	10:56:56.156	[1176] DFQ: ref: 2AD6AB8 req: {A6EF9860-C720-11D0-9337-00A0C90DCAA9} 	
00003308	10:56:56.156	[1176] CFQ: ref: 2AE50C0 req: {332C4427-26CB-11D0-B483-00C04FD90119} 	
00003309	10:56:56.156	[1176] CFQ: ref: 2AE50C0 req: {332C4427-26CB-11D0-B483-00C04FD90119} 	
00003310	10:56:56.156	[1176] DFQ: ref: 2AD6AB8 req: {332C4427-26CB-11D0-B483-00C04FD90119} 	
00003311	10:56:56.156	[1176] CFQ: ref: 2AE50C0 req: {A6EF9860-C720-11D0-9337-00A0C90DCAA9} 	
00003312	10:56:56.156	[1176] CFQ: ref: 2AE50C0 req: {A6EF9860-C720-11D0-9337-00A0C90DCAA9} 	
00003313	10:56:56.156	[1176] DFQ: ref: 2AD6AB8 req: {A6EF9860-C720-11D0-9337-00A0C90DCAA9} 	
00003314	10:56:56.172	[1176] CFQ: ref: 2AE50C0 req: {332C4427-26CB-11D0-B483-00C04FD90119} 	
00003315	10:56:56.172	[1176] CFQ: ref: 2AE50C0 req: {332C4427-26CB-11D0-B483-00C04FD90119} 	
00003316	10:56:56.172	[1176] DFQ: ref: 2AD6AB8 req: {332C4427-26CB-11D0-B483-00C04FD90119} 	
00003317	10:56:56.172	[1176] CFQ: ref: 2AE50C0 req: {A6EF9860-C720-11D0-9337-00A0C90DCAA9} 	
00003318	10:56:56.172	[1176] CFQ: ref: 2AE50C0 req: {A6EF9860-C720-11D0-9337-00A0C90DCAA9} 	
00003319	10:56:56.172	[1176] DFQ: ref: 2AD6AB8 req: {A6EF9860-C720-11D0-9337-00A0C90DCAA9} 	
00003320	10:56:56.172	[1176] CFQ: ref: 2AE50C0 req: {332C4427-26CB-11D0-B483-00C04FD90119} 	
00003321	10:56:56.172	[1176] CFQ: ref: 2AE50C0 req: {332C4427-26CB-11D0-B483-00C04FD90119} 	
00003322	10:56:56.172	[1176] DFQ: ref: 2AD6AB8 req: {332C4427-26CB-11D0-B483-00C04FD90119} 	
00003323	10:56:56.172	[1176] CFQ: ref: 2AE50C0 req: {A6EF9860-C720-11D0-9337-00A0C90DCAA9} 	
00003324	10:56:56.172	[1176] CFQ: ref: 2AE50C0 req: {A6EF9860-C720-11D0-9337-00A0C90DCAA9} 	
00003325	10:56:56.172	[1176] DFQ: ref: 2AD6AB8 req: {A6EF9860-C720-11D0-9337-00A0C90DCAA9} 	
00003326	10:56:56.187	[1176] CFQ: ref: 2AE50C0 req: {332C4427-26CB-11D0-B483-00C04FD90119} 	
00003327	10:56:56.187	[1176] CFQ: ref: 2AE50C0 req: {332C4427-26CB-11D0-B483-00C04FD90119} 	
00003328	10:56:56.187	[1176] DFQ: ref: 2AD6AB8 req: {332C4427-26CB-11D0-B483-00C04FD90119} 	
00003329	10:56:56.187	[1176] CFQ: ref: 2AE50C0 req: {A6EF9860-C720-11D0-9337-00A0C90DCAA9} 	
00003330	10:56:56.187	[1176] CFQ: ref: 2AE50C0 req: {A6EF9860-C720-11D0-9337-00A0C90DCAA9} 	
00003331	10:56:56.187	[1176] DFQ: ref: 2AD6AB8 req: {A6EF9860-C720-11D0-9337-00A0C90DCAA9} 	
00003332	10:56:56.187	[1176] CFQ: ref: 2AE50C0 req: {332C4427-26CB-11D0-B483-00C04FD90119} 	
00003333	10:56:56.187	[1176] CFQ: ref: 2AE50C0 req: {332C4427-26CB-11D0-B483-00C04FD90119} 	
00003334	10:56:56.187	[1176] DFQ: ref: 2AD6AB8 req: {332C4427-26CB-11D0-B483-00C04FD90119} 	
00003335	10:56:56.187	[1176] CFQ: ref: 2AE50C0 req: {A6EF9860-C720-11D0-9337-00A0C90DCAA9} 	
00003336	10:56:56.187	[1176] CFQ: ref: 2AE50C0 req: {A6EF9860-C720-11D0-9337-00A0C90DCAA9} 	
00003337	10:56:56.187	[1176] DFQ: ref: 2AD6AB8 req: {A6EF9860-C720-11D0-9337-00A0C90DCAA9} 	
00003338	10:56:56.203	[1176] CFQ: ref: 2AE50C0 req: {332C4427-26CB-11D0-B483-00C04FD90119} 	
00003339	10:56:56.203	[1176] CFQ: ref: 2AE50C0 req: {332C4427-26CB-11D0-B483-00C04FD90119} 	
00003340	10:56:56.203	[1176] DFQ: ref: 2AD6AB8 req: {332C4427-26CB-11D0-B483-00C04FD90119} 	
00003341	10:56:56.203	[1176] CFQ: ref: 2AE50C0 req: {A6EF9860-C720-11D0-9337-00A0C90DCAA9} 	
00003342	10:56:56.203	[1176] CFQ: ref: 2AE50C0 req: {A6EF9860-C720-11D0-9337-00A0C90DCAA9} 	
00003343	10:56:56.203	[1176] DFQ: ref: 2AD6AB8 req: {A6EF9860-C720-11D0-9337-00A0C90DCAA9} 	
00003344	10:56:56.203	[1176] CFQ: ref: 2AE50C0 req: {332C4427-26CB-11D0-B483-00C04FD90119} 	
00003345	10:56:56.203	[1176] CFQ: ref: 2AE50C0 req: {332C4427-26CB-11D0-B483-00C04FD90119} 	
00003346	10:56:56.203	[1176] DFQ: ref: 2AD6AB8 req: {332C4427-26CB-11D0-B483-00C04FD90119} 	
00003347	10:56:56.203	[1176] CFQ: ref: 2AE50C0 req: {A6EF9860-C720-11D0-9337-00A0C90DCAA9} 	
00003348	10:56:56.203	[1176] CFQ: ref: 2AE50C0 req: {A6EF9860-C720-11D0-9337-00A0C90DCAA9} 	
00003349	10:56:56.203	[1176] DFQ: ref: 2AD6AB8 req: {A6EF9860-C720-11D0-9337-00A0C90DCAA9} 	
00003350	10:56:56.219	[1176] CFQ: ref: 2AE50C0 req: {332C4427-26CB-11D0-B483-00C04FD90119} 	
00003351	10:56:56.219	[1176] CFQ: ref: 2AE50C0 req: {332C4427-26CB-11D0-B483-00C04FD90119} 	
00003352	10:56:56.219	[1176] DFQ: ref: 2AD6AB8 req: {332C4427-26CB-11D0-B483-00C04FD90119} 	
00003353	10:56:56.219	[1176] CFQ: ref: 2AE50C0 req: {A6EF9860-C720-11D0-9337-00A0C90DCAA9} 	
00003354	10:56:56.219	[1176] CFQ: ref: 2AE50C0 req: {A6EF9860-C720-11D0-9337-00A0C90DCAA9} 	
00003355	10:56:56.219	[1176] DFQ: ref: 2AD6AB8 req: {A6EF9860-C720-11D0-9337-00A0C90DCAA9} 	
00003356	10:56:56.219	[1176] CFQ: ref: 2AE50C0 req: {332C4427-26CB-11D0-B483-00C04FD90119} 	
00003357	10:56:56.219	[1176] CFQ: ref: 2AE50C0 req: {332C4427-26CB-11D0-B483-00C04FD90119} 	
00003358	10:56:56.219	[1176] DFQ: ref: 2AD6AB8 req: {332C4427-26CB-11D0-B483-00C04FD90119} 	
00003359	10:56:56.219	[1176] CFQ: ref: 2AE50C0 req: {A6EF9860-C720-11D0-9337-00A0C90DCAA9} 	
00003360	10:56:56.219	[1176] CFQ: ref: 2AE50C0 req: {A6EF9860-C720-11D0-9337-00A0C90DCAA9} 	
00003361	10:56:56.219	[1176] DFQ: ref: 2AD6AB8 req: {A6EF9860-C720-11D0-9337-00A0C90DCAA9} 	
00003362	10:56:56.234	[1176] CFQ: ref: 2AE50C0 req: {332C4427-26CB-11D0-B483-00C04FD90119} 	
00003363	10:56:56.234	[1176] CFQ: ref: 2AE50C0 req: {332C4427-26CB-11D0-B483-00C04FD90119} 	
00003364	10:56:56.234	[1176] DFQ: ref: 2AD6AB8 req: {332C4427-26CB-11D0-B483-00C04FD90119} 	
00003365	10:56:56.234	[1176] CFQ: ref: 2AE50C0 req: {A6EF9860-C720-11D0-9337-00A0C90DCAA9} 	
00003366	10:56:56.234	[1176] CFQ: ref: 2AE50C0 req: {A6EF9860-C720-11D0-9337-00A0C90DCAA9} 	
00003367	10:56:56.234	[1176] DFQ: ref: 2AD6AB8 req: {A6EF9860-C720-11D0-9337-00A0C90DCAA9} 	
00003368	10:56:56.234	[1176] CFQ: ref: 2AE50C0 req: {332C4427-26CB-11D0-B483-00C04FD90119} 	
00003369	10:56:56.234	[1176] CFQ: ref: 2AE50C0 req: {332C4427-26CB-11D0-B483-00C04FD90119} 	
00003370	10:56:56.234	[1176] DFQ: ref: 2AD6AB8 req: {332C4427-26CB-11D0-B483-00C04FD90119} 	
00003371	10:56:56.234	[1176] CFQ: ref: 2AE50C0 req: {A6EF9860-C720-11D0-9337-00A0C90DCAA9} 	
00003372	10:56:56.234	[1176] CFQ: ref: 2AE50C0 req: {A6EF9860-C720-11D0-9337-00A0C90DCAA9} 	
00003373	10:56:56.234	[1176] DFQ: ref: 2AD6AB8 req: {A6EF9860-C720-11D0-9337-00A0C90DCAA9} 	
00003374	10:56:56.250	[1176] CFQ: ref: 2AE50C0 req: {332C4427-26CB-11D0-B483-00C04FD90119} 	
00003375	10:56:56.250	[1176] CFQ: ref: 2AE50C0 req: {332C4427-26CB-11D0-B483-00C04FD90119} 	
00003376	10:56:56.250	[1176] DFQ: ref: 2AD6AB8 req: {332C4427-26CB-11D0-B483-00C04FD90119} 	
00003377	10:56:56.250	[1176] CFQ: ref: 2AE50C0 req: {A6EF9860-C720-11D0-9337-00A0C90DCAA9} 	
00003378	10:56:56.250	[1176] CFQ: ref: 2AE50C0 req: {A6EF9860-C720-11D0-9337-00A0C90DCAA9} 	
00003379	10:56:56.250	[1176] DFQ: ref: 2AD6AB8 req: {A6EF9860-C720-11D0-9337-00A0C90DCAA9} 	
00003380	10:56:56.250	[1176] CFQ: ref: 2AE50C0 req: {332C4427-26CB-11D0-B483-00C04FD90119} 	
00003381	10:56:56.250	[1176] CFQ: ref: 2AE50C0 req: {332C4427-26CB-11D0-B483-00C04FD90119} 	
00003382	10:56:56.250	[1176] DFQ: ref: 2AD6AB8 req: {332C4427-26CB-11D0-B483-00C04FD90119} 	
00003383	10:56:56.250	[1176] CFQ: ref: 2AE50C0 req: {A6EF9860-C720-11D0-9337-00A0C90DCAA9} 	
00003384	10:56:56.250	[1176] CFQ: ref: 2AE50C0 req: {A6EF9860-C720-11D0-9337-00A0C90DCAA9} 	
00003385	10:56:56.250	[1176] DFQ: ref: 2AD6AB8 req: {A6EF9860-C720-11D0-9337-00A0C90DCAA9} 	
00003386	10:56:56.265	[1176] CFQ: ref: 2AE50C0 req: {332C4427-26CB-11D0-B483-00C04FD90119} 	
00003387	10:56:56.265	[1176] CFQ: ref: 2AE50C0 req: {332C4427-26CB-11D0-B483-00C04FD90119} 	
00003388	10:56:56.265	[1176] DFQ: ref: 2AD6AB8 req: {332C4427-26CB-11D0-B483-00C04FD90119} 	
00003389	10:56:56.265	[1176] CFQ: ref: 2AE50C0 req: {A6EF9860-C720-11D0-9337-00A0C90DCAA9} 	
00003390	10:56:56.265	[1176] CFQ: ref: 2AE50C0 req: {A6EF9860-C720-11D0-9337-00A0C90DCAA9} 	
00003391	10:56:56.265	[1176] DFQ: ref: 2AD6AB8 req: {A6EF9860-C720-11D0-9337-00A0C90DCAA9} 	
00003392	10:56:56.265	[1176] CFQ: ref: 2AE50C0 req: {332C4427-26CB-11D0-B483-00C04FD90119} 	
00003393	10:56:56.265	[1176] CFQ: ref: 2AE50C0 req: {332C4427-26CB-11D0-B483-00C04FD90119} 	
00003394	10:56:56.265	[1176] DFQ: ref: 2AD6AB8 req: {332C4427-26CB-11D0-B483-00C04FD90119} 	
00003395	10:56:56.265	[1176] CFQ: ref: 2AE50C0 req: {A6EF9860-C720-11D0-9337-00A0C90DCAA9} 	
00003396	10:56:56.265	[1176] CFQ: ref: 2AE50C0 req: {A6EF9860-C720-11D0-9337-00A0C90DCAA9} 	
00003397	10:56:56.265	[1176] DFQ: ref: 2AD6AB8 req: {A6EF9860-C720-11D0-9337-00A0C90DCAA9} 	
00003398	10:56:56.281	[1176] CFQ: ref: 2AE50C0 req: {332C4427-26CB-11D0-B483-00C04FD90119} 	
00003399	10:56:56.281	[1176] CFQ: ref: 2AE50C0 req: {332C4427-26CB-11D0-B483-00C04FD90119} 	
00003400	10:56:56.281	[1176] DFQ: ref: 2AD6AB8 req: {332C4427-26CB-11D0-B483-00C04FD90119} 	
00003401	10:56:56.281	[1176] CFQ: ref: 2AE50C0 req: {A6EF9860-C720-11D0-9337-00A0C90DCAA9} 	
00003402	10:56:56.281	[1176] CFQ: ref: 2AE50C0 req: {A6EF9860-C720-11D0-9337-00A0C90DCAA9} 	
00003403	10:56:56.281	[1176] DFQ: ref: 2AD6AB8 req: {A6EF9860-C720-11D0-9337-00A0C90DCAA9} 	
00003404	10:56:56.281	[1176] CFQ: ref: 2AE50C0 req: {332C4427-26CB-11D0-B483-00C04FD90119} 	
00003405	10:56:56.281	[1176] CFQ: ref: 2AE50C0 req: {332C4427-26CB-11D0-B483-00C04FD90119} 	
00003406	10:56:56.281	[1176] DFQ: ref: 2AD6AB8 req: {332C4427-26CB-11D0-B483-00C04FD90119} 	
00003407	10:56:56.281	[1176] CFQ: ref: 2AE50C0 req: {A6EF9860-C720-11D0-9337-00A0C90DCAA9} 	
00003408	10:56:56.281	[1176] CFQ: ref: 2AE50C0 req: {A6EF9860-C720-11D0-9337-00A0C90DCAA9} 	
00003409	10:56:56.281	[1176] DFQ: ref: 2AD6AB8 req: {A6EF9860-C720-11D0-9337-00A0C90DCAA9} 	
00003410	10:56:56.297	[1176] CFQ: ref: 2AE50C0 req: {332C4427-26CB-11D0-B483-00C04FD90119} 	
00003411	10:56:56.297	[1176] CFQ: ref: 2AE50C0 req: {332C4427-26CB-11D0-B483-00C04FD90119} 	
00003412	10:56:56.297	[1176] DFQ: ref: 2AD6AB8 req: {332C4427-26CB-11D0-B483-00C04FD90119} 	
00003413	10:56:56.297	[1176] CFQ: ref: 2AE50C0 req: {A6EF9860-C720-11D0-9337-00A0C90DCAA9} 	
00003414	10:56:56.297	[1176] CFQ: ref: 2AE50C0 req: {A6EF9860-C720-11D0-9337-00A0C90DCAA9} 	
00003415	10:56:56.297	[1176] DFQ: ref: 2AD6AB8 req: {A6EF9860-C720-11D0-9337-00A0C90DCAA9} 	
00003416	10:56:56.297	[1176] CFQ: ref: 2AE50C0 req: {332C4427-26CB-11D0-B483-00C04FD90119} 	
00003417	10:56:56.297	[1176] CFQ: ref: 2AE50C0 req: {332C4427-26CB-11D0-B483-00C04FD90119} 	
00003418	10:56:56.297	[1176] DFQ: ref: 2AD6AB8 req: {332C4427-26CB-11D0-B483-00C04FD90119} 	
00003419	10:56:56.297	[1176] CFQ: ref: 2AE50C0 req: {A6EF9860-C720-11D0-9337-00A0C90DCAA9} 	
00003420	10:56:56.297	[1176] CFQ: ref: 2AE50C0 req: {A6EF9860-C720-11D0-9337-00A0C90DCAA9} 	
00003421	10:56:56.297	[1176] DFQ: ref: 2AD6AB8 req: {A6EF9860-C720-11D0-9337-00A0C90DCAA9} 	
00003422	10:56:56.312	[1176] CFQ: ref: 2AE50C0 req: {332C4427-26CB-11D0-B483-00C04FD90119} 	
00003423	10:56:56.312	[1176] CFQ: ref: 2AE50C0 req: {332C4427-26CB-11D0-B483-00C04FD90119} 	
00003424	10:56:56.312	[1176] DFQ: ref: 2AD6AB8 req: {332C4427-26CB-11D0-B483-00C04FD90119} 	
00003425	10:56:56.312	[1176] CFQ: ref: 2AE50C0 req: {A6EF9860-C720-11D0-9337-00A0C90DCAA9} 	
00003426	10:56:56.312	[1176] CFQ: ref: 2AE50C0 req: {A6EF9860-C720-11D0-9337-00A0C90DCAA9} 	
00003427	10:56:56.312	[1176] DFQ: ref: 2AD6AB8 req: {A6EF9860-C720-11D0-9337-00A0C90DCAA9} 	
00003428	10:56:56.312	[1176] CFQ: ref: 2AE50C0 req: {332C4427-26CB-11D0-B483-00C04FD90119} 	
00003429	10:56:56.312	[1176] CFQ: ref: 2AE50C0 req: {332C4427-26CB-11D0-B483-00C04FD90119} 	
00003430	10:56:56.312	[1176] DFQ: ref: 2AD6AB8 req: {332C4427-26CB-11D0-B483-00C04FD90119} 	
00003431	10:56:56.312	[1176] CFQ: ref: 2AE50C0 req: {A6EF9860-C720-11D0-9337-00A0C90DCAA9} 	
00003432	10:56:56.312	[1176] CFQ: ref: 2AE50C0 req: {A6EF9860-C720-11D0-9337-00A0C90DCAA9} 	
00003433	10:56:56.312	[1176] DFQ: ref: 2AD6AB8 req: {A6EF9860-C720-11D0-9337-00A0C90DCAA9} 	
00003434	10:56:56.328	[1176] CFQ: ref: 2AE50C0 req: {332C4427-26CB-11D0-B483-00C04FD90119} 	
00003435	10:56:56.328	[1176] CFQ: ref: 2AE50C0 req: {332C4427-26CB-11D0-B483-00C04FD90119} 	
00003436	10:56:56.328	[1176] DFQ: ref: 2AD6AB8 req: {332C4427-26CB-11D0-B483-00C04FD90119} 	
00003437	10:56:56.328	[1176] CFQ: ref: 2AE50C0 req: {A6EF9860-C720-11D0-9337-00A0C90DCAA9} 	
00003438	10:56:56.328	[1176] CFQ: ref: 2AE50C0 req: {A6EF9860-C720-11D0-9337-00A0C90DCAA9} 	
00003439	10:56:56.328	[1176] DFQ: ref: 2AD6AB8 req: {A6EF9860-C720-11D0-9337-00A0C90DCAA9} 	
00003440	10:56:56.328	[1176] CFQ: ref: 2AE50C0 req: {332C4427-26CB-11D0-B483-00C04FD90119} 	
00003441	10:56:56.328	[1176] CFQ: ref: 2AE50C0 req: {332C4427-26CB-11D0-B483-00C04FD90119} 	
00003442	10:56:56.328	[1176] DFQ: ref: 2AD6AB8 req: {332C4427-26CB-11D0-B483-00C04FD90119} 	
00003443	10:56:56.328	[1176] CFQ: ref: 2AE50C0 req: {A6EF9860-C720-11D0-9337-00A0C90DCAA9} 	
00003444	10:56:56.328	[1176] CFQ: ref: 2AE50C0 req: {A6EF9860-C720-11D0-9337-00A0C90DCAA9} 	
00003445	10:56:56.328	[1176] DFQ: ref: 2AD6AB8 req: {A6EF9860-C720-11D0-9337-00A0C90DCAA9} 	
00003446	10:56:56.344	[1176] CFQ: ref: 2AE50C0 req: {332C4427-26CB-11D0-B483-00C04FD90119} 	
00003447	10:56:56.344	[1176] CFQ: ref: 2AE50C0 req: {332C4427-26CB-11D0-B483-00C04FD90119} 	
00003448	10:56:56.344	[1176] DFQ: ref: 2AD6AB8 req: {332C4427-26CB-11D0-B483-00C04FD90119} 	
00003449	10:56:56.344	[1176] CFQ: ref: 2AE50C0 req: {A6EF9860-C720-11D0-9337-00A0C90DCAA9} 	
00003450	10:56:56.344	[1176] CFQ: ref: 2AE50C0 req: {A6EF9860-C720-11D0-9337-00A0C90DCAA9} 	
00003451	10:56:56.344	[1176] DFQ: ref: 2AD6AB8 req: {A6EF9860-C720-11D0-9337-00A0C90DCAA9} 	
00003452	10:56:56.344	[1176] CFQ: ref: 2AE50C0 req: {332C4427-26CB-11D0-B483-00C04FD90119} 	
00003453	10:56:56.344	[1176] CFQ: ref: 2AE50C0 req: {332C4427-26CB-11D0-B483-00C04FD90119} 	
00003454	10:56:56.344	[1176] DFQ: ref: 2AD6AB8 req: {332C4427-26CB-11D0-B483-00C04FD90119} 	
00003455	10:56:56.344	[1176] CFQ: ref: 2AE50C0 req: {A6EF9860-C720-11D0-9337-00A0C90DCAA9} 	
00003456	10:56:56.344	[1176] CFQ: ref: 2AE50C0 req: {A6EF9860-C720-11D0-9337-00A0C90DCAA9} 	
00003457	10:56:56.344	[1176] DFQ: ref: 2AD6AB8 req: {A6EF9860-C720-11D0-9337-00A0C90DCAA9} 	
00003458	10:56:56.359	[1176] CFQ: ref: 2AE50C0 req: {332C4427-26CB-11D0-B483-00C04FD90119} 	
00003459	10:56:56.359	[1176] CFQ: ref: 2AE50C0 req: {332C4427-26CB-11D0-B483-00C04FD90119} 	
00003460	10:56:56.359	[1176] DFQ: ref: 2AD6AB8 req: {332C4427-26CB-11D0-B483-00C04FD90119} 	
00003461	10:56:56.359	[1176] CFQ: ref: 2AE50C0 req: {A6EF9860-C720-11D0-9337-00A0C90DCAA9} 	
00003462	10:56:56.359	[1176] CFQ: ref: 2AE50C0 req: {A6EF9860-C720-11D0-9337-00A0C90DCAA9} 	
00003463	10:56:56.359	[1176] DFQ: ref: 2AD6AB8 req: {A6EF9860-C720-11D0-9337-00A0C90DCAA9} 	
00003464	10:56:56.359	[1176] CFQ: ref: 2AE50C0 req: {332C4427-26CB-11D0-B483-00C04FD90119} 	
00003465	10:56:56.359	[1176] CFQ: ref: 2AE50C0 req: {332C4427-26CB-11D0-B483-00C04FD90119} 	
00003466	10:56:56.359	[1176] DFQ: ref: 2AD6AB8 req: {332C4427-26CB-11D0-B483-00C04FD90119} 	
00003467	10:56:56.359	[1176] CFQ: ref: 2AE50C0 req: {A6EF9860-C720-11D0-9337-00A0C90DCAA9} 	
00003468	10:56:56.359	[1176] CFQ: ref: 2AE50C0 req: {A6EF9860-C720-11D0-9337-00A0C90DCAA9} 	
00003469	10:56:56.359	[1176] DFQ: ref: 2AD6AB8 req: {A6EF9860-C720-11D0-9337-00A0C90DCAA9} 	
00003470	10:56:56.375	[1176] CFQ: ref: 2AE50C0 req: {332C4427-26CB-11D0-B483-00C04FD90119} 	
00003471	10:56:56.375	[1176] CFQ: ref: 2AE50C0 req: {332C4427-26CB-11D0-B483-00C04FD90119} 	
00003472	10:56:56.375	[1176] DFQ: ref: 2AD6AB8 req: {332C4427-26CB-11D0-B483-00C04FD90119} 	
00003473	10:56:56.375	[1176] CFQ: ref: 2AE50C0 req: {A6EF9860-C720-11D0-9337-00A0C90DCAA9} 	
00003474	10:56:56.375	[1176] CFQ: ref: 2AE50C0 req: {A6EF9860-C720-11D0-9337-00A0C90DCAA9} 	
00003475	10:56:56.375	[1176] DFQ: ref: 2AD6AB8 req: {A6EF9860-C720-11D0-9337-00A0C90DCAA9} 	
00003476	10:56:56.375	[1176] CFQ: ref: 2AE50C0 req: {332C4427-26CB-11D0-B483-00C04FD90119} 	
00003477	10:56:56.375	[1176] CFQ: ref: 2AE50C0 req: {332C4427-26CB-11D0-B483-00C04FD90119} 	
00003478	10:56:56.375	[1176] DFQ: ref: 2AD6AB8 req: {332C4427-26CB-11D0-B483-00C04FD90119} 	
00003479	10:56:56.375	[1176] CFQ: ref: 2AE50C0 req: {A6EF9860-C720-11D0-9337-00A0C90DCAA9} 	
00003480	10:56:56.375	[1176] CFQ: ref: 2AE50C0 req: {A6EF9860-C720-11D0-9337-00A0C90DCAA9} 	
00003481	10:56:56.375	[1176] DFQ: ref: 2AD6AB8 req: {A6EF9860-C720-11D0-9337-00A0C90DCAA9} 	
00003482	10:56:56.390	[1176] CFQ: ref: 2AE50C0 req: {332C4427-26CB-11D0-B483-00C04FD90119} 	
00003483	10:56:56.390	[1176] CFQ: ref: 2AE50C0 req: {332C4427-26CB-11D0-B483-00C04FD90119} 	
00003484	10:56:56.390	[1176] DFQ: ref: 2AD6AB8 req: {332C4427-26CB-11D0-B483-00C04FD90119} 	
00003485	10:56:56.390	[1176] CFQ: ref: 2AE50C0 req: {A6EF9860-C720-11D0-9337-00A0C90DCAA9} 	
00003486	10:56:56.390	[1176] CFQ: ref: 2AE50C0 req: {A6EF9860-C720-11D0-9337-00A0C90DCAA9} 	
00003487	10:56:56.390	[1176] DFQ: ref: 2AD6AB8 req: {A6EF9860-C720-11D0-9337-00A0C90DCAA9} 	
00003488	10:56:56.390	[1176] CFQ: ref: 2AE50C0 req: {332C4427-26CB-11D0-B483-00C04FD90119} 	
00003489	10:56:56.390	[1176] CFQ: ref: 2AE50C0 req: {332C4427-26CB-11D0-B483-00C04FD90119} 	
00003490	10:56:56.390	[1176] DFQ: ref: 2AD6AB8 req: {332C4427-26CB-11D0-B483-00C04FD90119} 	
00003491	10:56:56.390	[1176] CFQ: ref: 2AE50C0 req: {A6EF9860-C720-11D0-9337-00A0C90DCAA9} 	
00003492	10:56:56.390	[1176] CFQ: ref: 2AE50C0 req: {A6EF9860-C720-11D0-9337-00A0C90DCAA9} 	
00003493	10:56:56.390	[1176] DFQ: ref: 2AD6AB8 req: {A6EF9860-C720-11D0-9337-00A0C90DCAA9} 	
00003494	10:56:56.406	[1176] CFQ: ref: 2AE50C0 req: {332C4427-26CB-11D0-B483-00C04FD90119} 	
00003495	10:56:56.406	[1176] CFQ: ref: 2AE50C0 req: {332C4427-26CB-11D0-B483-00C04FD90119} 	
00003496	10:56:56.406	[1176] DFQ: ref: 2AD6AB8 req: {332C4427-26CB-11D0-B483-00C04FD90119} 	
00003497	10:56:56.406	[1176] CFQ: ref: 2AE50C0 req: {A6EF9860-C720-11D0-9337-00A0C90DCAA9} 	
00003498	10:56:56.406	[1176] CFQ: ref: 2AE50C0 req: {A6EF9860-C720-11D0-9337-00A0C90DCAA9} 	
00003499	10:56:56.406	[1176] DFQ: ref: 2AD6AB8 req: {A6EF9860-C720-11D0-9337-00A0C90DCAA9} 	
00003500	10:56:56.406	[1176] CFQ: ref: 2AE50C0 req: {332C4427-26CB-11D0-B483-00C04FD90119} 	
00003501	10:56:56.406	[1176] CFQ: ref: 2AE50C0 req: {332C4427-26CB-11D0-B483-00C04FD90119} 	
00003502	10:56:56.406	[1176] DFQ: ref: 2AD6AB8 req: {332C4427-26CB-11D0-B483-00C04FD90119} 	
00003503	10:56:56.406	[1176] CFQ: ref: 2AE50C0 req: {A6EF9860-C720-11D0-9337-00A0C90DCAA9} 	
00003504	10:56:56.406	[1176] CFQ: ref: 2AE50C0 req: {A6EF9860-C720-11D0-9337-00A0C90DCAA9} 	
00003505	10:56:56.406	[1176] DFQ: ref: 2AD6AB8 req: {A6EF9860-C720-11D0-9337-00A0C90DCAA9} 	
00003506	10:56:56.422	[1176] CFQ: ref: 2AE50C0 req: {332C4427-26CB-11D0-B483-00C04FD90119} 	
00003507	10:56:56.422	[1176] CFQ: ref: 2AE50C0 req: {332C4427-26CB-11D0-B483-00C04FD90119} 	
00003508	10:56:56.422	[1176] DFQ: ref: 2AD6AB8 req: {332C4427-26CB-11D0-B483-00C04FD90119} 	
00003509	10:56:56.422	[1176] CFQ: ref: 2AE50C0 req: {A6EF9860-C720-11D0-9337-00A0C90DCAA9} 	
00003510	10:56:56.422	[1176] CFQ: ref: 2AE50C0 req: {A6EF9860-C720-11D0-9337-00A0C90DCAA9} 	
00003511	10:56:56.422	[1176] DFQ: ref: 2AD6AB8 req: {A6EF9860-C720-11D0-9337-00A0C90DCAA9} 	
00003512	10:56:56.422	[1176] CFQ: ref: 2AE50C0 req: {332C4427-26CB-11D0-B483-00C04FD90119} 	
00003513	10:56:56.422	[1176] CFQ: ref: 2AE50C0 req: {332C4427-26CB-11D0-B483-00C04FD90119} 	
00003514	10:56:56.422	[1176] DFQ: ref: 2AD6AB8 req: {332C4427-26CB-11D0-B483-00C04FD90119} 	
00003515	10:56:56.422	[1176] CFQ: ref: 2AE50C0 req: {A6EF9860-C720-11D0-9337-00A0C90DCAA9} 	
00003516	10:56:56.422	[1176] CFQ: ref: 2AE50C0 req: {A6EF9860-C720-11D0-9337-00A0C90DCAA9} 	
00003517	10:56:56.422	[1176] DFQ: ref: 2AD6AB8 req: {A6EF9860-C720-11D0-9337-00A0C90DCAA9} 	
00003518	10:56:56.437	[1176] CFQ: ref: 2AE50C0 req: {332C4427-26CB-11D0-B483-00C04FD90119} 	
00003519	10:56:56.437	[1176] CFQ: ref: 2AE50C0 req: {332C4427-26CB-11D0-B483-00C04FD90119} 	
00003520	10:56:56.437	[1176] DFQ: ref: 2AD6AB8 req: {332C4427-26CB-11D0-B483-00C04FD90119} 	
00003521	10:56:56.437	[1176] CFQ: ref: 2AE50C0 req: {A6EF9860-C720-11D0-9337-00A0C90DCAA9} 	
00003522	10:56:56.437	[1176] CFQ: ref: 2AE50C0 req: {A6EF9860-C720-11D0-9337-00A0C90DCAA9} 	
00003523	10:56:56.437	[1176] DFQ: ref: 2AD6AB8 req: {A6EF9860-C720-11D0-9337-00A0C90DCAA9} 	
00003524	10:56:56.437	[1176] CFQ: ref: 2AE50C0 req: {332C4427-26CB-11D0-B483-00C04FD90119} 	
00003525	10:56:56.437	[1176] CFQ: ref: 2AE50C0 req: {332C4427-26CB-11D0-B483-00C04FD90119} 	
00003526	10:56:56.437	[1176] DFQ: ref: 2AD6AB8 req: {332C4427-26CB-11D0-B483-00C04FD90119} 	
00003527	10:56:56.437	[1176] CFQ: ref: 2AE50C0 req: {A6EF9860-C720-11D0-9337-00A0C90DCAA9} 	
00003528	10:56:56.437	[1176] CFQ: ref: 2AE50C0 req: {A6EF9860-C720-11D0-9337-00A0C90DCAA9} 	
00003529	10:56:56.437	[1176] DFQ: ref: 2AD6AB8 req: {A6EF9860-C720-11D0-9337-00A0C90DCAA9} 	
00003530	10:56:56.453	[1176] CFQ: ref: 2AE50C0 req: {332C4427-26CB-11D0-B483-00C04FD90119} 	
00003531	10:56:56.453	[1176] CFQ: ref: 2AE50C0 req: {332C4427-26CB-11D0-B483-00C04FD90119} 	
00003532	10:56:56.453	[1176] DFQ: ref: 2AD6AB8 req: {332C4427-26CB-11D0-B483-00C04FD90119} 	
00003533	10:56:56.453	[1176] CFQ: ref: 2AE50C0 req: {A6EF9860-C720-11D0-9337-00A0C90DCAA9} 	
00003534	10:56:56.453	[1176] CFQ: ref: 2AE50C0 req: {A6EF9860-C720-11D0-9337-00A0C90DCAA9} 	
00003535	10:56:56.453	[1176] DFQ: ref: 2AD6AB8 req: {A6EF9860-C720-11D0-9337-00A0C90DCAA9} 	
00003536	10:56:56.453	[1176] CFQ: ref: 2AE50C0 req: {332C4427-26CB-11D0-B483-00C04FD90119} 	
00003537	10:56:56.453	[1176] CFQ: ref: 2AE50C0 req: {332C4427-26CB-11D0-B483-00C04FD90119} 	
00003538	10:56:56.453	[1176] DFQ: ref: 2AD6AB8 req: {332C4427-26CB-11D0-B483-00C04FD90119} 	
00003539	10:56:56.453	[1176] CFQ: ref: 2AE50C0 req: {A6EF9860-C720-11D0-9337-00A0C90DCAA9} 	
00003540	10:56:56.453	[1176] CFQ: ref: 2AE50C0 req: {A6EF9860-C720-11D0-9337-00A0C90DCAA9} 	
00003541	10:56:56.453	[1176] DFQ: ref: 2AD6AB8 req: {A6EF9860-C720-11D0-9337-00A0C90DCAA9} 	
00003542	10:56:56.469	[1176] CFQ: ref: 2AE50C0 req: {332C4427-26CB-11D0-B483-00C04FD90119} 	
00003543	10:56:56.469	[1176] CFQ: ref: 2AE50C0 req: {332C4427-26CB-11D0-B483-00C04FD90119} 	
00003544	10:56:56.469	[1176] DFQ: ref: 2AD6AB8 req: {332C4427-26CB-11D0-B483-00C04FD90119} 	
00003545	10:56:56.469	[1176] CFQ: ref: 2AE50C0 req: {A6EF9860-C720-11D0-9337-00A0C90DCAA9} 	
00003546	10:56:56.469	[1176] CFQ: ref: 2AE50C0 req: {A6EF9860-C720-11D0-9337-00A0C90DCAA9} 	
00003547	10:56:56.469	[1176] DFQ: ref: 2AD6AB8 req: {A6EF9860-C720-11D0-9337-00A0C90DCAA9} 	
00003548	10:56:56.469	[1176] CFQ: ref: 2AE50C0 req: {332C4427-26CB-11D0-B483-00C04FD90119} 	
00003549	10:56:56.469	[1176] CFQ: ref: 2AE50C0 req: {332C4427-26CB-11D0-B483-00C04FD90119} 	
00003550	10:56:56.469	[1176] DFQ: ref: 2AD6AB8 req: {332C4427-26CB-11D0-B483-00C04FD90119} 	
00003551	10:56:56.469	[1176] CFQ: ref: 2AE50C0 req: {A6EF9860-C720-11D0-9337-00A0C90DCAA9} 	
00003552	10:56:56.469	[1176] CFQ: ref: 2AE50C0 req: {A6EF9860-C720-11D0-9337-00A0C90DCAA9} 	
00003553	10:56:56.469	[1176] DFQ: ref: 2AD6AB8 req: {A6EF9860-C720-11D0-9337-00A0C90DCAA9} 	
00003554	10:56:56.484	[1176] CFQ: ref: 2AE50C0 req: {332C4427-26CB-11D0-B483-00C04FD90119} 	
00003555	10:56:56.484	[1176] CFQ: ref: 2AE50C0 req: {332C4427-26CB-11D0-B483-00C04FD90119} 	
00003556	10:56:56.484	[1176] DFQ: ref: 2AD6AB8 req: {332C4427-26CB-11D0-B483-00C04FD90119} 	
00003557	10:56:56.484	[1176] CFQ: ref: 2AE50C0 req: {A6EF9860-C720-11D0-9337-00A0C90DCAA9} 	
00003558	10:56:56.484	[1176] CFQ: ref: 2AE50C0 req: {A6EF9860-C720-11D0-9337-00A0C90DCAA9} 	
00003559	10:56:56.484	[1176] DFQ: ref: 2AD6AB8 req: {A6EF9860-C720-11D0-9337-00A0C90DCAA9} 	
00003560	10:56:56.484	[1176] CFQ: ref: 2AE50C0 req: {332C4427-26CB-11D0-B483-00C04FD90119} 	
00003561	10:56:56.484	[1176] CFQ: ref: 2AE50C0 req: {332C4427-26CB-11D0-B483-00C04FD90119} 	
00003562	10:56:56.484	[1176] DFQ: ref: 2AD6AB8 req: {332C4427-26CB-11D0-B483-00C04FD90119} 	
00003563	10:56:56.484	[1176] CFQ: ref: 2AE50C0 req: {A6EF9860-C720-11D0-9337-00A0C90DCAA9} 	
00003564	10:56:56.484	[1176] CFQ: ref: 2AE50C0 req: {A6EF9860-C720-11D0-9337-00A0C90DCAA9} 	
00003565	10:56:56.484	[1176] DFQ: ref: 2AD6AB8 req: {A6EF9860-C720-11D0-9337-00A0C90DCAA9} 	
00003566	10:56:56.500	[1176] CFQ: ref: 2AE50C0 req: {332C4427-26CB-11D0-B483-00C04FD90119} 	
00003567	10:56:56.500	[1176] CFQ: ref: 2AE50C0 req: {332C4427-26CB-11D0-B483-00C04FD90119} 	
00003568	10:56:56.500	[1176] DFQ: ref: 2AD6AB8 req: {332C4427-26CB-11D0-B483-00C04FD90119} 	
00003569	10:56:56.500	[1176] CFQ: ref: 2AE50C0 req: {A6EF9860-C720-11D0-9337-00A0C90DCAA9} 	
00003570	10:56:56.500	[1176] CFQ: ref: 2AE50C0 req: {A6EF9860-C720-11D0-9337-00A0C90DCAA9} 	
00003571	10:56:56.500	[1176] DFQ: ref: 2AD6AB8 req: {A6EF9860-C720-11D0-9337-00A0C90DCAA9} 	
00003572	10:56:56.500	[1176] CFQ: ref: 2AE50C0 req: {332C4427-26CB-11D0-B483-00C04FD90119} 	
00003573	10:56:56.500	[1176] CFQ: ref: 2AE50C0 req: {332C4427-26CB-11D0-B483-00C04FD90119} 	
00003574	10:56:56.500	[1176] DFQ: ref: 2AD6AB8 req: {332C4427-26CB-11D0-B483-00C04FD90119} 	
00003575	10:56:56.500	[1176] CFQ: ref: 2AE50C0 req: {A6EF9860-C720-11D0-9337-00A0C90DCAA9} 	
00003576	10:56:56.500	[1176] CFQ: ref: 2AE50C0 req: {A6EF9860-C720-11D0-9337-00A0C90DCAA9} 	
00003577	10:56:56.500	[1176] DFQ: ref: 2AD6AB8 req: {A6EF9860-C720-11D0-9337-00A0C90DCAA9} 	
00003578	10:56:56.515	[1176] CFQ: ref: 2AE50C0 req: {332C4427-26CB-11D0-B483-00C04FD90119} 	
00003579	10:56:56.515	[1176] CFQ: ref: 2AE50C0 req: {332C4427-26CB-11D0-B483-00C04FD90119} 	
00003580	10:56:56.515	[1176] DFQ: ref: 2AD6AB8 req: {332C4427-26CB-11D0-B483-00C04FD90119} 	
00003581	10:56:56.515	[1176] CFQ: ref: 2AE50C0 req: {A6EF9860-C720-11D0-9337-00A0C90DCAA9} 	
00003582	10:56:56.515	[1176] CFQ: ref: 2AE50C0 req: {A6EF9860-C720-11D0-9337-00A0C90DCAA9} 	
00003583	10:56:56.515	[1176] DFQ: ref: 2AD6AB8 req: {A6EF9860-C720-11D0-9337-00A0C90DCAA9} 	
00003584	10:56:56.515	[1176] CFQ: ref: 2AE50C0 req: {332C4427-26CB-11D0-B483-00C04FD90119} 	
00003585	10:56:56.515	[1176] CFQ: ref: 2AE50C0 req: {332C4427-26CB-11D0-B483-00C04FD90119} 	
00003586	10:56:56.515	[1176] DFQ: ref: 2AD6AB8 req: {332C4427-26CB-11D0-B483-00C04FD90119} 	
00003587	10:56:56.515	[1176] CFQ: ref: 2AE50C0 req: {A6EF9860-C720-11D0-9337-00A0C90DCAA9} 	
00003588	10:56:56.515	[1176] CFQ: ref: 2AE50C0 req: {A6EF9860-C720-11D0-9337-00A0C90DCAA9} 	
00003589	10:56:56.515	[1176] DFQ: ref: 2AD6AB8 req: {A6EF9860-C720-11D0-9337-00A0C90DCAA9} 	
00003590	10:56:56.531	[1176] CFQ: ref: 2AE50C0 req: {332C4427-26CB-11D0-B483-00C04FD90119} 	
00003591	10:56:56.531	[1176] CFQ: ref: 2AE50C0 req: {332C4427-26CB-11D0-B483-00C04FD90119} 	
00003592	10:56:56.531	[1176] DFQ: ref: 2AD6AB8 req: {332C4427-26CB-11D0-B483-00C04FD90119} 	
00003593	10:56:56.531	[1176] CFQ: ref: 2AE50C0 req: {A6EF9860-C720-11D0-9337-00A0C90DCAA9} 	
00003594	10:56:56.531	[1176] CFQ: ref: 2AE50C0 req: {A6EF9860-C720-11D0-9337-00A0C90DCAA9} 	
00003595	10:56:56.531	[1176] DFQ: ref: 2AD6AB8 req: {A6EF9860-C720-11D0-9337-00A0C90DCAA9} 	
00003596	10:56:56.531	[1176] CFQ: ref: 2AE50C0 req: {332C4427-26CB-11D0-B483-00C04FD90119} 	
00003597	10:56:56.531	[1176] CFQ: ref: 2AE50C0 req: {332C4427-26CB-11D0-B483-00C04FD90119} 	
00003598	10:56:56.531	[1176] DFQ: ref: 2AD6AB8 req: {332C4427-26CB-11D0-B483-00C04FD90119} 	
00003599	10:56:56.531	[1176] CFQ: ref: 2AE50C0 req: {A6EF9860-C720-11D0-9337-00A0C90DCAA9} 	
00003600	10:56:56.531	[1176] CFQ: ref: 2AE50C0 req: {A6EF9860-C720-11D0-9337-00A0C90DCAA9} 	
00003601	10:56:56.531	[1176] DFQ: ref: 2AD6AB8 req: {A6EF9860-C720-11D0-9337-00A0C90DCAA9} 	
00003602	10:56:56.547	[1176] CFQ: ref: 2AE50C0 req: {332C4427-26CB-11D0-B483-00C04FD90119} 	
00003603	10:56:56.547	[1176] CFQ: ref: 2AE50C0 req: {332C4427-26CB-11D0-B483-00C04FD90119} 	
00003604	10:56:56.547	[1176] DFQ: ref: 2AD6AB8 req: {332C4427-26CB-11D0-B483-00C04FD90119} 	
00003605	10:56:56.547	[1176] CFQ: ref: 2AE50C0 req: {A6EF9860-C720-11D0-9337-00A0C90DCAA9} 	
00003606	10:56:56.547	[1176] CFQ: ref: 2AE50C0 req: {A6EF9860-C720-11D0-9337-00A0C90DCAA9} 	
00003607	10:56:56.547	[1176] DFQ: ref: 2AD6AB8 req: {A6EF9860-C720-11D0-9337-00A0C90DCAA9} 	
00003608	10:56:56.547	[1176] CFQ: ref: 2AE50C0 req: {332C4427-26CB-11D0-B483-00C04FD90119} 	
00003609	10:56:56.547	[1176] CFQ: ref: 2AE50C0 req: {332C4427-26CB-11D0-B483-00C04FD90119} 	
00003610	10:56:56.547	[1176] DFQ: ref: 2AD6AB8 req: {332C4427-26CB-11D0-B483-00C04FD90119} 	
00003611	10:56:56.547	[1176] CFQ: ref: 2AE50C0 req: {A6EF9860-C720-11D0-9337-00A0C90DCAA9} 	
00003612	10:56:56.547	[1176] CFQ: ref: 2AE50C0 req: {A6EF9860-C720-11D0-9337-00A0C90DCAA9} 	
00003613	10:56:56.547	[1176] DFQ: ref: 2AD6AB8 req: {A6EF9860-C720-11D0-9337-00A0C90DCAA9} 	
00003614	10:56:56.562	[1176] CFQ: ref: 2AE50C0 req: {332C4427-26CB-11D0-B483-00C04FD90119} 	
00003615	10:56:56.562	[1176] CFQ: ref: 2AE50C0 req: {332C4427-26CB-11D0-B483-00C04FD90119} 	
00003616	10:56:56.562	[1176] DFQ: ref: 2AD6AB8 req: {332C4427-26CB-11D0-B483-00C04FD90119} 	
00003617	10:56:56.562	[1176] CFQ: ref: 2AE50C0 req: {A6EF9860-C720-11D0-9337-00A0C90DCAA9} 	
00003618	10:56:56.562	[1176] CFQ: ref: 2AE50C0 req: {A6EF9860-C720-11D0-9337-00A0C90DCAA9} 	
00003619	10:56:56.562	[1176] DFQ: ref: 2AD6AB8 req: {A6EF9860-C720-11D0-9337-00A0C90DCAA9} 	
00003620	10:56:56.562	[1176] CFQ: ref: 2AE50C0 req: {332C4427-26CB-11D0-B483-00C04FD90119} 	
00003621	10:56:56.562	[1176] CFQ: ref: 2AE50C0 req: {332C4427-26CB-11D0-B483-00C04FD90119} 	
00003622	10:56:56.562	[1176] DFQ: ref: 2AD6AB8 req: {332C4427-26CB-11D0-B483-00C04FD90119} 	
00003623	10:56:56.562	[1176] CFQ: ref: 2AE50C0 req: {A6EF9860-C720-11D0-9337-00A0C90DCAA9} 	
00003624	10:56:56.562	[1176] CFQ: ref: 2AE50C0 req: {A6EF9860-C720-11D0-9337-00A0C90DCAA9} 	
00003625	10:56:56.562	[1176] DFQ: ref: 2AD6AB8 req: {A6EF9860-C720-11D0-9337-00A0C90DCAA9} 	
00003626	10:56:56.578	[1176] CFQ: ref: 2AE50C0 req: {332C4427-26CB-11D0-B483-00C04FD90119} 	
00003627	10:56:56.625	[1176] CFQ: ref: 2AE50C0 req: {332C4427-26CB-11D0-B483-00C04FD90119} 	
00003628	10:56:56.625	[1176] DFQ: ref: 2AD6AB8 req: {332C4427-26CB-11D0-B483-00C04FD90119} 	
00003629	10:56:56.625	[1176] CFQ: ref: 2AE50C0 req: {A6EF9860-C720-11D0-9337-00A0C90DCAA9} 	
00003630	10:56:56.625	[1176] CFQ: ref: 2AE50C0 req: {A6EF9860-C720-11D0-9337-00A0C90DCAA9} 	
00003631	10:56:56.625	[1176] DFQ: ref: 2AD6AB8 req: {A6EF9860-C720-11D0-9337-00A0C90DCAA9} 	
00003632	10:56:56.625	[1176] CFQ: ref: 2AE50C0 req: {332C4427-26CB-11D0-B483-00C04FD90119} 	
00003633	10:56:56.625	[1176] CFQ: ref: 2AE50C0 req: {332C4427-26CB-11D0-B483-00C04FD90119} 	
00003634	10:56:56.625	[1176] DFQ: ref: 2AD6AB8 req: {332C4427-26CB-11D0-B483-00C04FD90119} 	
00003635	10:56:56.625	[1176] CFQ: ref: 2AE50C0 req: {A6EF9860-C720-11D0-9337-00A0C90DCAA9} 	
00003636	10:56:56.625	[1176] CFQ: ref: 2AE50C0 req: {A6EF9860-C720-11D0-9337-00A0C90DCAA9} 	
00003637	10:56:56.625	[1176] DFQ: ref: 2AD6AB8 req: {A6EF9860-C720-11D0-9337-00A0C90DCAA9} 	
00003638	10:56:56.640	[1176] CFQ: ref: 2AE50C0 req: {332C4427-26CB-11D0-B483-00C04FD90119} 	
00003639	10:56:56.640	[1176] CFQ: ref: 2AE50C0 req: {332C4427-26CB-11D0-B483-00C04FD90119} 	
00003640	10:56:56.640	[1176] DFQ: ref: 2AD6AB8 req: {332C4427-26CB-11D0-B483-00C04FD90119} 	
00003641	10:56:56.640	[1176] CFQ: ref: 2AE50C0 req: {A6EF9860-C720-11D0-9337-00A0C90DCAA9} 	
00003642	10:56:56.640	[1176] CFQ: ref: 2AE50C0 req: {A6EF9860-C720-11D0-9337-00A0C90DCAA9} 	
00003643	10:56:56.640	[1176] DFQ: ref: 2AD6AB8 req: {A6EF9860-C720-11D0-9337-00A0C90DCAA9} 	
00003644	10:56:56.640	[1176] CFQ: ref: 2AE50C0 req: {332C4427-26CB-11D0-B483-00C04FD90119} 	
00003645	10:56:56.640	[1176] CFQ: ref: 2AE50C0 req: {332C4427-26CB-11D0-B483-00C04FD90119} 	
00003646	10:56:56.640	[1176] DFQ: ref: 2AD6AB8 req: {332C4427-26CB-11D0-B483-00C04FD90119} 	
00003647	10:56:56.640	[1176] CFQ: ref: 2AE50C0 req: {A6EF9860-C720-11D0-9337-00A0C90DCAA9} 	
00003648	10:56:56.640	[1176] CFQ: ref: 2AE50C0 req: {A6EF9860-C720-11D0-9337-00A0C90DCAA9} 	
00003649	10:56:56.640	[1176] DFQ: ref: 2AD6AB8 req: {A6EF9860-C720-11D0-9337-00A0C90DCAA9} 	
00003650	10:56:56.656	[1176] CFQ: ref: 2AE50C0 req: {332C4427-26CB-11D0-B483-00C04FD90119} 	
00003651	10:56:56.656	[1176] CFQ: ref: 2AE50C0 req: {332C4427-26CB-11D0-B483-00C04FD90119} 	
00003652	10:56:56.656	[1176] DFQ: ref: 2AD6AB8 req: {332C4427-26CB-11D0-B483-00C04FD90119} 	
00003653	10:56:56.656	[1176] CFQ: ref: 2AE50C0 req: {A6EF9860-C720-11D0-9337-00A0C90DCAA9} 	
00003654	10:56:56.656	[1176] CFQ: ref: 2AE50C0 req: {A6EF9860-C720-11D0-9337-00A0C90DCAA9} 	
00003655	10:56:56.656	[1176] DFQ: ref: 2AD6AB8 req: {A6EF9860-C720-11D0-9337-00A0C90DCAA9} 	
00003656	10:56:56.656	[1176] CFQ: ref: 2AE50C0 req: {332C4427-26CB-11D0-B483-00C04FD90119} 	
00003657	10:56:56.656	[1176] CFQ: ref: 2AE50C0 req: {332C4427-26CB-11D0-B483-00C04FD90119} 	
00003658	10:56:56.656	[1176] DFQ: ref: 2AD6AB8 req: {332C4427-26CB-11D0-B483-00C04FD90119} 	
00003659	10:56:56.656	[1176] CFQ: ref: 2AE50C0 req: {A6EF9860-C720-11D0-9337-00A0C90DCAA9} 	
00003660	10:56:56.656	[1176] CFQ: ref: 2AE50C0 req: {A6EF9860-C720-11D0-9337-00A0C90DCAA9} 	
00003661	10:56:56.656	[1176] DFQ: ref: 2AD6AB8 req: {A6EF9860-C720-11D0-9337-00A0C90DCAA9} 	
00003662	10:56:56.672	[1176] CFQ: ref: 2AE50C0 req: {332C4427-26CB-11D0-B483-00C04FD90119} 	
00003663	10:56:56.672	[1176] CFQ: ref: 2AE50C0 req: {332C4427-26CB-11D0-B483-00C04FD90119} 	
00003664	10:56:56.672	[1176] DFQ: ref: 2AD6AB8 req: {332C4427-26CB-11D0-B483-00C04FD90119} 	
00003665	10:56:56.672	[1176] CFQ: ref: 2AE50C0 req: {A6EF9860-C720-11D0-9337-00A0C90DCAA9} 	
00003666	10:56:56.672	[1176] CFQ: ref: 2AE50C0 req: {A6EF9860-C720-11D0-9337-00A0C90DCAA9} 	
00003667	10:56:56.672	[1176] DFQ: ref: 2AD6AB8 req: {A6EF9860-C720-11D0-9337-00A0C90DCAA9} 	
00003668	10:56:56.672	[1176] CFQ: ref: 2AE50C0 req: {332C4427-26CB-11D0-B483-00C04FD90119} 	
00003669	10:56:56.672	[1176] CFQ: ref: 2AE50C0 req: {332C4427-26CB-11D0-B483-00C04FD90119} 	
00003670	10:56:56.672	[1176] DFQ: ref: 2AD6AB8 req: {332C4427-26CB-11D0-B483-00C04FD90119} 	
00003671	10:56:56.672	[1176] CFQ: ref: 2AE50C0 req: {A6EF9860-C720-11D0-9337-00A0C90DCAA9} 	
00003672	10:56:56.672	[1176] CFQ: ref: 2AE50C0 req: {A6EF9860-C720-11D0-9337-00A0C90DCAA9} 	
00003673	10:56:56.672	[1176] DFQ: ref: 2AD6AB8 req: {A6EF9860-C720-11D0-9337-00A0C90DCAA9} 	
00003674	10:56:56.687	[1176] CFQ: ref: 2AE50C0 req: {332C4427-26CB-11D0-B483-00C04FD90119} 	
00003675	10:56:56.687	[1176] CFQ: ref: 2AE50C0 req: {332C4427-26CB-11D0-B483-00C04FD90119} 	
00003676	10:56:56.687	[1176] DFQ: ref: 2AD6AB8 req: {332C4427-26CB-11D0-B483-00C04FD90119} 	
00003677	10:56:56.687	[1176] CFQ: ref: 2AE50C0 req: {A6EF9860-C720-11D0-9337-00A0C90DCAA9} 	
00003678	10:56:56.687	[1176] CFQ: ref: 2AE50C0 req: {A6EF9860-C720-11D0-9337-00A0C90DCAA9} 	
00003679	10:56:56.687	[1176] DFQ: ref: 2AD6AB8 req: {A6EF9860-C720-11D0-9337-00A0C90DCAA9} 	
00003680	10:56:56.687	[1176] CFQ: ref: 2AE50C0 req: {332C4427-26CB-11D0-B483-00C04FD90119} 	
00003681	10:56:56.687	[1176] CFQ: ref: 2AE50C0 req: {332C4427-26CB-11D0-B483-00C04FD90119} 	
00003682	10:56:56.687	[1176] DFQ: ref: 2AD6AB8 req: {332C4427-26CB-11D0-B483-00C04FD90119} 	
00003683	10:56:56.687	[1176] CFQ: ref: 2AE50C0 req: {A6EF9860-C720-11D0-9337-00A0C90DCAA9} 	
00003684	10:56:56.687	[1176] CFQ: ref: 2AE50C0 req: {A6EF9860-C720-11D0-9337-00A0C90DCAA9} 	
00003685	10:56:56.687	[1176] DFQ: ref: 2AD6AB8 req: {A6EF9860-C720-11D0-9337-00A0C90DCAA9} 	
00003686	10:56:56.703	[1176] CFQ: ref: 2AE50C0 req: {332C4427-26CB-11D0-B483-00C04FD90119} 	
00003687	10:56:56.703	[1176] CFQ: ref: 2AE50C0 req: {332C4427-26CB-11D0-B483-00C04FD90119} 	
00003688	10:56:56.703	[1176] DFQ: ref: 2AD6AB8 req: {332C4427-26CB-11D0-B483-00C04FD90119} 	
00003689	10:56:56.703	[1176] CFQ: ref: 2AE50C0 req: {A6EF9860-C720-11D0-9337-00A0C90DCAA9} 	
00003690	10:56:56.703	[1176] CFQ: ref: 2AE50C0 req: {A6EF9860-C720-11D0-9337-00A0C90DCAA9} 	
00003691	10:56:56.703	[1176] DFQ: ref: 2AD6AB8 req: {A6EF9860-C720-11D0-9337-00A0C90DCAA9} 	
00003692	10:56:56.703	[1176] CFQ: ref: 2AE50C0 req: {332C4427-26CB-11D0-B483-00C04FD90119} 	
00003693	10:56:56.703	[1176] CFQ: ref: 2AE50C0 req: {332C4427-26CB-11D0-B483-00C04FD90119} 	
00003694	10:56:56.703	[1176] DFQ: ref: 2AD6AB8 req: {332C4427-26CB-11D0-B483-00C04FD90119} 	
00003695	10:56:56.703	[1176] CFQ: ref: 2AE50C0 req: {A6EF9860-C720-11D0-9337-00A0C90DCAA9} 	
00003696	10:56:56.703	[1176] CFQ: ref: 2AE50C0 req: {A6EF9860-C720-11D0-9337-00A0C90DCAA9} 	
00003697	10:56:56.703	[1176] DFQ: ref: 2AD6AB8 req: {A6EF9860-C720-11D0-9337-00A0C90DCAA9} 	
00003698	10:56:56.718	[1176] CFQ: ref: 2AE50C0 req: {332C4427-26CB-11D0-B483-00C04FD90119} 	
00003699	10:56:56.718	[1176] CFQ: ref: 2AE50C0 req: {332C4427-26CB-11D0-B483-00C04FD90119} 	
00003700	10:56:56.718	[1176] DFQ: ref: 2AD6AB8 req: {332C4427-26CB-11D0-B483-00C04FD90119} 	
00003701	10:56:56.718	[1176] CFQ: ref: 2AE50C0 req: {A6EF9860-C720-11D0-9337-00A0C90DCAA9} 	
00003702	10:56:56.718	[1176] CFQ: ref: 2AE50C0 req: {A6EF9860-C720-11D0-9337-00A0C90DCAA9} 	
00003703	10:56:56.718	[1176] DFQ: ref: 2AD6AB8 req: {A6EF9860-C720-11D0-9337-00A0C90DCAA9} 	
00003704	10:56:56.718	[1176] CFQ: ref: 2AE50C0 req: {332C4427-26CB-11D0-B483-00C04FD90119} 	
00003705	10:56:56.718	[1176] CFQ: ref: 2AE50C0 req: {332C4427-26CB-11D0-B483-00C04FD90119} 	
00003706	10:56:56.718	[1176] DFQ: ref: 2AD6AB8 req: {332C4427-26CB-11D0-B483-00C04FD90119} 	
00003707	10:56:56.718	[1176] CFQ: ref: 2AE50C0 req: {A6EF9860-C720-11D0-9337-00A0C90DCAA9} 	
00003708	10:56:56.718	[1176] CFQ: ref: 2AE50C0 req: {A6EF9860-C720-11D0-9337-00A0C90DCAA9} 	
00003709	10:56:56.718	[1176] DFQ: ref: 2AD6AB8 req: {A6EF9860-C720-11D0-9337-00A0C90DCAA9} 	
00003710	10:56:56.734	[1176] CFQ: ref: 2AE50C0 req: {332C4427-26CB-11D0-B483-00C04FD90119} 	
00003711	10:56:56.734	[1176] CFQ: ref: 2AE50C0 req: {332C4427-26CB-11D0-B483-00C04FD90119} 	
00003712	10:56:56.734	[1176] DFQ: ref: 2AD6AB8 req: {332C4427-26CB-11D0-B483-00C04FD90119} 	
00003713	10:56:56.734	[1176] CFQ: ref: 2AE50C0 req: {A6EF9860-C720-11D0-9337-00A0C90DCAA9} 	
00003714	10:56:56.734	[1176] CFQ: ref: 2AE50C0 req: {A6EF9860-C720-11D0-9337-00A0C90DCAA9} 	
00003715	10:56:56.734	[1176] DFQ: ref: 2AD6AB8 req: {A6EF9860-C720-11D0-9337-00A0C90DCAA9} 	
00003716	10:56:56.734	[1176] CFQ: ref: 2AE50C0 req: {332C4427-26CB-11D0-B483-00C04FD90119} 	
00003717	10:56:56.734	[1176] CFQ: ref: 2AE50C0 req: {332C4427-26CB-11D0-B483-00C04FD90119} 	
00003718	10:56:56.734	[1176] DFQ: ref: 2AD6AB8 req: {332C4427-26CB-11D0-B483-00C04FD90119} 	
00003719	10:56:56.734	[1176] CFQ: ref: 2AE50C0 req: {A6EF9860-C720-11D0-9337-00A0C90DCAA9} 	
00003720	10:56:56.734	[1176] CFQ: ref: 2AE50C0 req: {A6EF9860-C720-11D0-9337-00A0C90DCAA9} 	
00003721	10:56:56.734	[1176] DFQ: ref: 2AD6AB8 req: {A6EF9860-C720-11D0-9337-00A0C90DCAA9} 	
00003722	10:56:56.750	[1176] CFQ: ref: 2AE50C0 req: {332C4427-26CB-11D0-B483-00C04FD90119} 	
00003723	10:56:56.750	[1176] CFQ: ref: 2AE50C0 req: {332C4427-26CB-11D0-B483-00C04FD90119} 	
00003724	10:56:56.750	[1176] DFQ: ref: 2AD6AB8 req: {332C4427-26CB-11D0-B483-00C04FD90119} 	
00003725	10:56:56.750	[1176] CFQ: ref: 2AE50C0 req: {A6EF9860-C720-11D0-9337-00A0C90DCAA9} 	
00003726	10:56:56.750	[1176] CFQ: ref: 2AE50C0 req: {A6EF9860-C720-11D0-9337-00A0C90DCAA9} 	
00003727	10:56:56.750	[1176] DFQ: ref: 2AD6AB8 req: {A6EF9860-C720-11D0-9337-00A0C90DCAA9} 	
00003728	10:56:56.750	[1176] CFQ: ref: 2AE50C0 req: {332C4427-26CB-11D0-B483-00C04FD90119} 	
00003729	10:56:56.750	[1176] CFQ: ref: 2AE50C0 req: {332C4427-26CB-11D0-B483-00C04FD90119} 	
00003730	10:56:56.750	[1176] DFQ: ref: 2AD6AB8 req: {332C4427-26CB-11D0-B483-00C04FD90119} 	
00003731	10:56:56.750	[1176] CFQ: ref: 2AE50C0 req: {A6EF9860-C720-11D0-9337-00A0C90DCAA9} 	
00003732	10:56:56.750	[1176] CFQ: ref: 2AE50C0 req: {A6EF9860-C720-11D0-9337-00A0C90DCAA9} 	
00003733	10:56:56.750	[1176] DFQ: ref: 2AD6AB8 req: {A6EF9860-C720-11D0-9337-00A0C90DCAA9} 	
00003734	10:56:56.765	[1176] CFQ: ref: 2AE50C0 req: {332C4427-26CB-11D0-B483-00C04FD90119} 	
00003735	10:56:56.765	[1176] CFQ: ref: 2AE50C0 req: {332C4427-26CB-11D0-B483-00C04FD90119} 	
00003736	10:56:56.765	[1176] DFQ: ref: 2AD6AB8 req: {332C4427-26CB-11D0-B483-00C04FD90119} 	
00003737	10:56:56.765	[1176] CFQ: ref: 2AE50C0 req: {A6EF9860-C720-11D0-9337-00A0C90DCAA9} 	
00003738	10:56:56.765	[1176] CFQ: ref: 2AE50C0 req: {A6EF9860-C720-11D0-9337-00A0C90DCAA9} 	
00003739	10:56:56.765	[1176] DFQ: ref: 2AD6AB8 req: {A6EF9860-C720-11D0-9337-00A0C90DCAA9} 	
00003740	10:56:56.765	[1176] CFQ: ref: 2AE50C0 req: {332C4427-26CB-11D0-B483-00C04FD90119} 	
00003741	10:56:56.765	[1176] CFQ: ref: 2AE50C0 req: {332C4427-26CB-11D0-B483-00C04FD90119} 	
00003742	10:56:56.765	[1176] DFQ: ref: 2AD6AB8 req: {332C4427-26CB-11D0-B483-00C04FD90119} 	
00003743	10:56:56.765	[1176] CFQ: ref: 2AE50C0 req: {A6EF9860-C720-11D0-9337-00A0C90DCAA9} 	
00003744	10:56:56.765	[1176] CFQ: ref: 2AE50C0 req: {A6EF9860-C720-11D0-9337-00A0C90DCAA9} 	
00003745	10:56:56.765	[1176] DFQ: ref: 2AD6AB8 req: {A6EF9860-C720-11D0-9337-00A0C90DCAA9} 	
00003746	10:56:56.781	[1176] CFQ: ref: 2AE50C0 req: {332C4427-26CB-11D0-B483-00C04FD90119} 	
00003747	10:56:56.781	[1176] CFQ: ref: 2AE50C0 req: {332C4427-26CB-11D0-B483-00C04FD90119} 	
00003748	10:56:56.781	[1176] DFQ: ref: 2AD6AB8 req: {332C4427-26CB-11D0-B483-00C04FD90119} 	
00003749	10:56:56.781	[1176] CFQ: ref: 2AE50C0 req: {A6EF9860-C720-11D0-9337-00A0C90DCAA9} 	
00003750	10:56:56.781	[1176] CFQ: ref: 2AE50C0 req: {A6EF9860-C720-11D0-9337-00A0C90DCAA9} 	
00003751	10:56:56.781	[1176] DFQ: ref: 2AD6AB8 req: {A6EF9860-C720-11D0-9337-00A0C90DCAA9} 	
00003752	10:56:56.781	[1176] CFQ: ref: 2AE50C0 req: {332C4427-26CB-11D0-B483-00C04FD90119} 	
00003753	10:56:56.781	[1176] CFQ: ref: 2AE50C0 req: {332C4427-26CB-11D0-B483-00C04FD90119} 	
00003754	10:56:56.781	[1176] DFQ: ref: 2AD6AB8 req: {332C4427-26CB-11D0-B483-00C04FD90119} 	
00003755	10:56:56.781	[1176] CFQ: ref: 2AE50C0 req: {A6EF9860-C720-11D0-9337-00A0C90DCAA9} 	
00003756	10:56:56.781	[1176] CFQ: ref: 2AE50C0 req: {A6EF9860-C720-11D0-9337-00A0C90DCAA9} 	
00003757	10:56:56.781	[1176] DFQ: ref: 2AD6AB8 req: {A6EF9860-C720-11D0-9337-00A0C90DCAA9} 	
00003758	10:56:56.797	[1176] CFQ: ref: 2AE50C0 req: {332C4427-26CB-11D0-B483-00C04FD90119} 	
00003759	10:56:56.797	[1176] CFQ: ref: 2AE50C0 req: {332C4427-26CB-11D0-B483-00C04FD90119} 	
00003760	10:56:56.797	[1176] DFQ: ref: 2AD6AB8 req: {332C4427-26CB-11D0-B483-00C04FD90119} 	
00003761	10:56:56.797	[1176] CFQ: ref: 2AE50C0 req: {A6EF9860-C720-11D0-9337-00A0C90DCAA9} 	
00003762	10:56:56.797	[1176] CFQ: ref: 2AE50C0 req: {A6EF9860-C720-11D0-9337-00A0C90DCAA9} 	
00003763	10:56:56.797	[1176] DFQ: ref: 2AD6AB8 req: {A6EF9860-C720-11D0-9337-00A0C90DCAA9} 	
00003764	10:56:56.797	[1176] CFQ: ref: 2AE50C0 req: {332C4427-26CB-11D0-B483-00C04FD90119} 	
00003765	10:56:56.797	[1176] CFQ: ref: 2AE50C0 req: {332C4427-26CB-11D0-B483-00C04FD90119} 	
00003766	10:56:56.797	[1176] DFQ: ref: 2AD6AB8 req: {332C4427-26CB-11D0-B483-00C04FD90119} 	
00003767	10:56:56.797	[1176] CFQ: ref: 2AE50C0 req: {A6EF9860-C720-11D0-9337-00A0C90DCAA9} 	
00003768	10:56:56.797	[1176] CFQ: ref: 2AE50C0 req: {A6EF9860-C720-11D0-9337-00A0C90DCAA9} 	
00003769	10:56:56.797	[1176] DFQ: ref: 2AD6AB8 req: {A6EF9860-C720-11D0-9337-00A0C90DCAA9} 	
00003770	10:56:56.812	[1176] CFQ: ref: 2AE50C0 req: {332C4427-26CB-11D0-B483-00C04FD90119} 	
00003771	10:56:56.812	[1176] CFQ: ref: 2AE50C0 req: {332C4427-26CB-11D0-B483-00C04FD90119} 	
00003772	10:56:56.812	[1176] DFQ: ref: 2AD6AB8 req: {332C4427-26CB-11D0-B483-00C04FD90119} 	
00003773	10:56:56.812	[1176] CFQ: ref: 2AE50C0 req: {A6EF9860-C720-11D0-9337-00A0C90DCAA9} 	
00003774	10:56:56.812	[1176] CFQ: ref: 2AE50C0 req: {A6EF9860-C720-11D0-9337-00A0C90DCAA9} 	
00003775	10:56:56.812	[1176] DFQ: ref: 2AD6AB8 req: {A6EF9860-C720-11D0-9337-00A0C90DCAA9} 	
00003776	10:56:56.812	[1176] CFQ: ref: 2AE50C0 req: {332C4427-26CB-11D0-B483-00C04FD90119} 	
00003777	10:56:56.812	[1176] CFQ: ref: 2AE50C0 req: {332C4427-26CB-11D0-B483-00C04FD90119} 	
00003778	10:56:56.812	[1176] DFQ: ref: 2AD6AB8 req: {332C4427-26CB-11D0-B483-00C04FD90119} 	
00003779	10:56:56.812	[1176] CFQ: ref: 2AE50C0 req: {A6EF9860-C720-11D0-9337-00A0C90DCAA9} 	
00003780	10:56:56.812	[1176] CFQ: ref: 2AE50C0 req: {A6EF9860-C720-11D0-9337-00A0C90DCAA9} 	
00003781	10:56:56.812	[1176] DFQ: ref: 2AD6AB8 req: {A6EF9860-C720-11D0-9337-00A0C90DCAA9} 	
00003782	10:56:56.828	[1176] CFQ: ref: 2AE50C0 req: {332C4427-26CB-11D0-B483-00C04FD90119} 	
00003783	10:56:56.828	[1176] CFQ: ref: 2AE50C0 req: {332C4427-26CB-11D0-B483-00C04FD90119} 	
00003784	10:56:56.828	[1176] DFQ: ref: 2AD6AB8 req: {332C4427-26CB-11D0-B483-00C04FD90119} 	
00003785	10:56:56.828	[1176] CFQ: ref: 2AE50C0 req: {A6EF9860-C720-11D0-9337-00A0C90DCAA9} 	
00003786	10:56:56.828	[1176] CFQ: ref: 2AE50C0 req: {A6EF9860-C720-11D0-9337-00A0C90DCAA9} 	
00003787	10:56:56.828	[1176] DFQ: ref: 2AD6AB8 req: {A6EF9860-C720-11D0-9337-00A0C90DCAA9} 	
00003788	10:56:56.828	[1176] CFQ: ref: 2AE50C0 req: {332C4427-26CB-11D0-B483-00C04FD90119} 	
00003789	10:56:56.828	[1176] CFQ: ref: 2AE50C0 req: {332C4427-26CB-11D0-B483-00C04FD90119} 	
00003790	10:56:56.828	[1176] DFQ: ref: 2AD6AB8 req: {332C4427-26CB-11D0-B483-00C04FD90119} 	
00003791	10:56:56.828	[1176] CFQ: ref: 2AE50C0 req: {A6EF9860-C720-11D0-9337-00A0C90DCAA9} 	
00003792	10:56:56.828	[1176] CFQ: ref: 2AE50C0 req: {A6EF9860-C720-11D0-9337-00A0C90DCAA9} 	
00003793	10:56:56.828	[1176] DFQ: ref: 2AD6AB8 req: {A6EF9860-C720-11D0-9337-00A0C90DCAA9} 	
00003794	10:56:56.843	[1176] CFQ: ref: 2AE50C0 req: {332C4427-26CB-11D0-B483-00C04FD90119} 	
00003795	10:56:56.843	[1176] CFQ: ref: 2AE50C0 req: {332C4427-26CB-11D0-B483-00C04FD90119} 	
00003796	10:56:56.843	[1176] DFQ: ref: 2AD6AB8 req: {332C4427-26CB-11D0-B483-00C04FD90119} 	
00003797	10:56:56.843	[1176] CFQ: ref: 2AE50C0 req: {A6EF9860-C720-11D0-9337-00A0C90DCAA9} 	
00003798	10:56:56.843	[1176] CFQ: ref: 2AE50C0 req: {A6EF9860-C720-11D0-9337-00A0C90DCAA9} 	
00003799	10:56:56.843	[1176] DFQ: ref: 2AD6AB8 req: {A6EF9860-C720-11D0-9337-00A0C90DCAA9} 	
00003800	10:56:56.843	[1176] CFQ: ref: 2AE50C0 req: {332C4427-26CB-11D0-B483-00C04FD90119} 	
00003801	10:56:56.843	[1176] CFQ: ref: 2AE50C0 req: {332C4427-26CB-11D0-B483-00C04FD90119} 	
00003802	10:56:56.843	[1176] DFQ: ref: 2AD6AB8 req: {332C4427-26CB-11D0-B483-00C04FD90119} 	
00003803	10:56:56.843	[1176] CFQ: ref: 2AE50C0 req: {A6EF9860-C720-11D0-9337-00A0C90DCAA9} 	
00003804	10:56:56.843	[1176] CFQ: ref: 2AE50C0 req: {A6EF9860-C720-11D0-9337-00A0C90DCAA9} 	
00003805	10:56:56.843	[1176] DFQ: ref: 2AD6AB8 req: {A6EF9860-C720-11D0-9337-00A0C90DCAA9} 	
00003806	10:56:56.859	[1176] CFQ: ref: 2AE50C0 req: {332C4427-26CB-11D0-B483-00C04FD90119} 	
00003807	10:56:56.859	[1176] CFQ: ref: 2AE50C0 req: {332C4427-26CB-11D0-B483-00C04FD90119} 	
00003808	10:56:56.859	[1176] DFQ: ref: 2AD6AB8 req: {332C4427-26CB-11D0-B483-00C04FD90119} 	
00003809	10:56:56.859	[1176] CFQ: ref: 2AE50C0 req: {A6EF9860-C720-11D0-9337-00A0C90DCAA9} 	
00003810	10:56:56.859	[1176] CFQ: ref: 2AE50C0 req: {A6EF9860-C720-11D0-9337-00A0C90DCAA9} 	
00003811	10:56:56.859	[1176] DFQ: ref: 2AD6AB8 req: {A6EF9860-C720-11D0-9337-00A0C90DCAA9} 	
00003812	10:56:56.859	[1176] CFQ: ref: 2AE50C0 req: {332C4427-26CB-11D0-B483-00C04FD90119} 	
00003813	10:56:56.859	[1176] CFQ: ref: 2AE50C0 req: {332C4427-26CB-11D0-B483-00C04FD90119} 	
00003814	10:56:56.859	[1176] DFQ: ref: 2AD6AB8 req: {332C4427-26CB-11D0-B483-00C04FD90119} 	
00003815	10:56:56.859	[1176] CFQ: ref: 2AE50C0 req: {A6EF9860-C720-11D0-9337-00A0C90DCAA9} 	
00003816	10:56:56.859	[1176] CFQ: ref: 2AE50C0 req: {A6EF9860-C720-11D0-9337-00A0C90DCAA9} 	
00003817	10:56:56.859	[1176] DFQ: ref: 2AD6AB8 req: {A6EF9860-C720-11D0-9337-00A0C90DCAA9} 	
00003818	10:56:56.875	[1176] CFQ: ref: 2AE50C0 req: {332C4427-26CB-11D0-B483-00C04FD90119} 	
00003819	10:56:56.875	[1176] CFQ: ref: 2AE50C0 req: {332C4427-26CB-11D0-B483-00C04FD90119} 	
00003820	10:56:56.875	[1176] DFQ: ref: 2AD6AB8 req: {332C4427-26CB-11D0-B483-00C04FD90119} 	
00003821	10:56:56.875	[1176] CFQ: ref: 2AE50C0 req: {A6EF9860-C720-11D0-9337-00A0C90DCAA9} 	
00003822	10:56:56.875	[1176] CFQ: ref: 2AE50C0 req: {A6EF9860-C720-11D0-9337-00A0C90DCAA9} 	
00003823	10:56:56.875	[1176] DFQ: ref: 2AD6AB8 req: {A6EF9860-C720-11D0-9337-00A0C90DCAA9} 	
00003824	10:56:56.875	[1176] CFQ: ref: 2AE50C0 req: {332C4427-26CB-11D0-B483-00C04FD90119} 	
00003825	10:56:56.875	[1176] CFQ: ref: 2AE50C0 req: {332C4427-26CB-11D0-B483-00C04FD90119} 	
00003826	10:56:56.875	[1176] DFQ: ref: 2AD6AB8 req: {332C4427-26CB-11D0-B483-00C04FD90119} 	
00003827	10:56:56.875	[1176] CFQ: ref: 2AE50C0 req: {A6EF9860-C720-11D0-9337-00A0C90DCAA9} 	
00003828	10:56:56.875	[1176] CFQ: ref: 2AE50C0 req: {A6EF9860-C720-11D0-9337-00A0C90DCAA9} 	
00003829	10:56:56.875	[1176] DFQ: ref: 2AD6AB8 req: {A6EF9860-C720-11D0-9337-00A0C90DCAA9} 	
00003830	10:56:56.890	[1176] CFQ: ref: 2AE50C0 req: {332C4427-26CB-11D0-B483-00C04FD90119} 	
00003831	10:56:56.890	[1176] CFQ: ref: 2AE50C0 req: {332C4427-26CB-11D0-B483-00C04FD90119} 	
00003832	10:56:56.890	[1176] DFQ: ref: 2AD6AB8 req: {332C4427-26CB-11D0-B483-00C04FD90119} 	
00003833	10:56:56.890	[1176] CFQ: ref: 2AE50C0 req: {A6EF9860-C720-11D0-9337-00A0C90DCAA9} 	
00003834	10:56:56.890	[1176] CFQ: ref: 2AE50C0 req: {A6EF9860-C720-11D0-9337-00A0C90DCAA9} 	
00003835	10:56:56.890	[1176] DFQ: ref: 2AD6AB8 req: {A6EF9860-C720-11D0-9337-00A0C90DCAA9} 	
00003836	10:56:56.890	[1176] CFQ: ref: 2AE50C0 req: {332C4427-26CB-11D0-B483-00C04FD90119} 	
00003837	10:56:56.890	[1176] CFQ: ref: 2AE50C0 req: {332C4427-26CB-11D0-B483-00C04FD90119} 	
00003838	10:56:56.890	[1176] DFQ: ref: 2AD6AB8 req: {332C4427-26CB-11D0-B483-00C04FD90119} 	
00003839	10:56:56.890	[1176] CFQ: ref: 2AE50C0 req: {A6EF9860-C720-11D0-9337-00A0C90DCAA9} 	
00003840	10:56:56.890	[1176] CFQ: ref: 2AE50C0 req: {A6EF9860-C720-11D0-9337-00A0C90DCAA9} 	
00003841	10:56:56.890	[1176] DFQ: ref: 2AD6AB8 req: {A6EF9860-C720-11D0-9337-00A0C90DCAA9} 	
00003842	10:56:56.906	[1176] CFQ: ref: 2AE50C0 req: {332C4427-26CB-11D0-B483-00C04FD90119} 	
00003843	10:56:56.906	[1176] CFQ: ref: 2AE50C0 req: {332C4427-26CB-11D0-B483-00C04FD90119} 	
00003844	10:56:56.906	[1176] DFQ: ref: 2AD6AB8 req: {332C4427-26CB-11D0-B483-00C04FD90119} 	
00003845	10:56:56.906	[1176] CFQ: ref: 2AE50C0 req: {A6EF9860-C720-11D0-9337-00A0C90DCAA9} 	
00003846	10:56:56.906	[1176] CFQ: ref: 2AE50C0 req: {A6EF9860-C720-11D0-9337-00A0C90DCAA9} 	
00003847	10:56:56.906	[1176] DFQ: ref: 2AD6AB8 req: {A6EF9860-C720-11D0-9337-00A0C90DCAA9} 	
00003848	10:56:56.906	[1176] CFQ: ref: 2AE50C0 req: {332C4427-26CB-11D0-B483-00C04FD90119} 	
00003849	10:56:56.906	[1176] CFQ: ref: 2AE50C0 req: {332C4427-26CB-11D0-B483-00C04FD90119} 	
00003850	10:56:56.906	[1176] DFQ: ref: 2AD6AB8 req: {332C4427-26CB-11D0-B483-00C04FD90119} 	
00003851	10:56:56.906	[1176] CFQ: ref: 2AE50C0 req: {A6EF9860-C720-11D0-9337-00A0C90DCAA9} 	
00003852	10:56:56.906	[1176] CFQ: ref: 2AE50C0 req: {A6EF9860-C720-11D0-9337-00A0C90DCAA9} 	
00003853	10:56:56.906	[1176] DFQ: ref: 2AD6AB8 req: {A6EF9860-C720-11D0-9337-00A0C90DCAA9} 	
00003854	10:56:56.922	[1176] CFQ: ref: 2AE50C0 req: {332C4427-26CB-11D0-B483-00C04FD90119} 	
00003855	10:56:56.922	[1176] CFQ: ref: 2AE50C0 req: {332C4427-26CB-11D0-B483-00C04FD90119} 	
00003856	10:56:56.922	[1176] DFQ: ref: 2AD6AB8 req: {332C4427-26CB-11D0-B483-00C04FD90119} 	
00003857	10:56:56.922	[1176] CFQ: ref: 2AE50C0 req: {A6EF9860-C720-11D0-9337-00A0C90DCAA9} 	
00003858	10:56:56.922	[1176] CFQ: ref: 2AE50C0 req: {A6EF9860-C720-11D0-9337-00A0C90DCAA9} 	
00003859	10:56:56.922	[1176] DFQ: ref: 2AD6AB8 req: {A6EF9860-C720-11D0-9337-00A0C90DCAA9} 	
00003860	10:56:56.922	[1176] CFQ: ref: 2AE50C0 req: {332C4427-26CB-11D0-B483-00C04FD90119} 	
00003861	10:56:56.922	[1176] CFQ: ref: 2AE50C0 req: {332C4427-26CB-11D0-B483-00C04FD90119} 	
00003862	10:56:56.922	[1176] DFQ: ref: 2AD6AB8 req: {332C4427-26CB-11D0-B483-00C04FD90119} 	
00003863	10:56:56.922	[1176] CFQ: ref: 2AE50C0 req: {A6EF9860-C720-11D0-9337-00A0C90DCAA9} 	
00003864	10:56:56.922	[1176] CFQ: ref: 2AE50C0 req: {A6EF9860-C720-11D0-9337-00A0C90DCAA9} 	
00003865	10:56:56.922	[1176] DFQ: ref: 2AD6AB8 req: {A6EF9860-C720-11D0-9337-00A0C90DCAA9} 	
00003866	10:56:56.937	[1176] CFQ: ref: 2AE50C0 req: {332C4427-26CB-11D0-B483-00C04FD90119} 	
00003867	10:56:56.937	[1176] CFQ: ref: 2AE50C0 req: {332C4427-26CB-11D0-B483-00C04FD90119} 	
00003868	10:56:56.937	[1176] DFQ: ref: 2AD6AB8 req: {332C4427-26CB-11D0-B483-00C04FD90119} 	
00003869	10:56:56.937	[1176] CFQ: ref: 2AE50C0 req: {A6EF9860-C720-11D0-9337-00A0C90DCAA9} 	
00003870	10:56:56.937	[1176] CFQ: ref: 2AE50C0 req: {A6EF9860-C720-11D0-9337-00A0C90DCAA9} 	
00003871	10:56:56.937	[1176] DFQ: ref: 2AD6AB8 req: {A6EF9860-C720-11D0-9337-00A0C90DCAA9} 	
00003872	10:56:56.937	[1176] CFQ: ref: 2AE50C0 req: {332C4427-26CB-11D0-B483-00C04FD90119} 	
00003873	10:56:56.937	[1176] CFQ: ref: 2AE50C0 req: {332C4427-26CB-11D0-B483-00C04FD90119} 	
00003874	10:56:56.937	[1176] DFQ: ref: 2AD6AB8 req: {332C4427-26CB-11D0-B483-00C04FD90119} 	
00003875	10:56:56.937	[1176] CFQ: ref: 2AE50C0 req: {A6EF9860-C720-11D0-9337-00A0C90DCAA9} 	
00003876	10:56:56.937	[1176] CFQ: ref: 2AE50C0 req: {A6EF9860-C720-11D0-9337-00A0C90DCAA9} 	
00003877	10:56:56.937	[1176] DFQ: ref: 2AD6AB8 req: {A6EF9860-C720-11D0-9337-00A0C90DCAA9} 	
00003878	10:56:56.953	[1176] CFQ: ref: 2AE50C0 req: {332C4427-26CB-11D0-B483-00C04FD90119} 	
00003879	10:56:56.953	[1176] CFQ: ref: 2AE50C0 req: {332C4427-26CB-11D0-B483-00C04FD90119} 	
00003880	10:56:56.953	[1176] DFQ: ref: 2AD6AB8 req: {332C4427-26CB-11D0-B483-00C04FD90119} 	
00003881	10:56:56.953	[1176] CFQ: ref: 2AE50C0 req: {A6EF9860-C720-11D0-9337-00A0C90DCAA9} 	
00003882	10:56:56.953	[1176] CFQ: ref: 2AE50C0 req: {A6EF9860-C720-11D0-9337-00A0C90DCAA9} 	
00003883	10:56:56.953	[1176] DFQ: ref: 2AD6AB8 req: {A6EF9860-C720-11D0-9337-00A0C90DCAA9} 	
00003884	10:56:56.953	[1176] CFQ: ref: 2AE50C0 req: {332C4427-26CB-11D0-B483-00C04FD90119} 	
00003885	10:56:56.953	[1176] CFQ: ref: 2AE50C0 req: {332C4427-26CB-11D0-B483-00C04FD90119} 	
00003886	10:56:56.953	[1176] DFQ: ref: 2AD6AB8 req: {332C4427-26CB-11D0-B483-00C04FD90119} 	
00003887	10:56:56.953	[1176] CFQ: ref: 2AE50C0 req: {A6EF9860-C720-11D0-9337-00A0C90DCAA9} 	
00003888	10:56:56.953	[1176] CFQ: ref: 2AE50C0 req: {A6EF9860-C720-11D0-9337-00A0C90DCAA9} 	
00003889	10:56:56.953	[1176] DFQ: ref: 2AD6AB8 req: {A6EF9860-C720-11D0-9337-00A0C90DCAA9} 	
00003890	10:56:56.968	[1176] CFQ: ref: 2AE50C0 req: {332C4427-26CB-11D0-B483-00C04FD90119} 	
00003891	10:56:56.968	[1176] CFQ: ref: 2AE50C0 req: {332C4427-26CB-11D0-B483-00C04FD90119} 	
00003892	10:56:56.968	[1176] DFQ: ref: 2AD6AB8 req: {332C4427-26CB-11D0-B483-00C04FD90119} 	
00003893	10:56:56.968	[1176] CFQ: ref: 2AE50C0 req: {A6EF9860-C720-11D0-9337-00A0C90DCAA9} 	
00003894	10:56:56.968	[1176] CFQ: ref: 2AE50C0 req: {A6EF9860-C720-11D0-9337-00A0C90DCAA9} 	
00003895	10:56:56.968	[1176] DFQ: ref: 2AD6AB8 req: {A6EF9860-C720-11D0-9337-00A0C90DCAA9} 	
00003896	10:56:56.968	[1176] CFQ: ref: 2AE50C0 req: {332C4427-26CB-11D0-B483-00C04FD90119} 	
00003897	10:56:56.968	[1176] CFQ: ref: 2AE50C0 req: {332C4427-26CB-11D0-B483-00C04FD90119} 	
00003898	10:56:56.968	[1176] DFQ: ref: 2AD6AB8 req: {332C4427-26CB-11D0-B483-00C04FD90119} 	
00003899	10:56:56.968	[1176] CFQ: ref: 2AE50C0 req: {A6EF9860-C720-11D0-9337-00A0C90DCAA9} 	
00003900	10:56:56.968	[1176] CFQ: ref: 2AE50C0 req: {A6EF9860-C720-11D0-9337-00A0C90DCAA9} 	
00003901	10:56:56.968	[1176] DFQ: ref: 2AD6AB8 req: {A6EF9860-C720-11D0-9337-00A0C90DCAA9} 	
00003902	10:56:56.984	[1176] CFQ: ref: 2AE50C0 req: {332C4427-26CB-11D0-B483-00C04FD90119} 	
00003903	10:56:56.984	[1176] CFQ: ref: 2AE50C0 req: {332C4427-26CB-11D0-B483-00C04FD90119} 	
00003904	10:56:56.984	[1176] DFQ: ref: 2AD6AB8 req: {332C4427-26CB-11D0-B483-00C04FD90119} 	
00003905	10:56:56.984	[1176] CFQ: ref: 2AE50C0 req: {A6EF9860-C720-11D0-9337-00A0C90DCAA9} 	
00003906	10:56:56.984	[1176] CFQ: ref: 2AE50C0 req: {A6EF9860-C720-11D0-9337-00A0C90DCAA9} 	
00003907	10:56:56.984	[1176] DFQ: ref: 2AD6AB8 req: {A6EF9860-C720-11D0-9337-00A0C90DCAA9} 	
00003908	10:56:56.984	[1176] CFQ: ref: 2AE50C0 req: {332C4427-26CB-11D0-B483-00C04FD90119} 	
00003909	10:56:56.984	[1176] CFQ: ref: 2AE50C0 req: {332C4427-26CB-11D0-B483-00C04FD90119} 	
00003910	10:56:56.984	[1176] DFQ: ref: 2AD6AB8 req: {332C4427-26CB-11D0-B483-00C04FD90119} 	
00003911	10:56:56.984	[1176] CFQ: ref: 2AE50C0 req: {A6EF9860-C720-11D0-9337-00A0C90DCAA9} 	
00003912	10:56:56.984	[1176] CFQ: ref: 2AE50C0 req: {A6EF9860-C720-11D0-9337-00A0C90DCAA9} 	
00003913	10:56:56.984	[1176] DFQ: ref: 2AD6AB8 req: {A6EF9860-C720-11D0-9337-00A0C90DCAA9} 	
00003914	10:56:57.000	[1176] CFQ: ref: 2AE50C0 req: {332C4427-26CB-11D0-B483-00C04FD90119} 	
00003915	10:56:57.000	[1176] CFQ: ref: 2AE50C0 req: {332C4427-26CB-11D0-B483-00C04FD90119} 	
00003916	10:56:57.000	[1176] DFQ: ref: 2AD6AB8 req: {332C4427-26CB-11D0-B483-00C04FD90119} 	
00003917	10:56:57.000	[1176] CFQ: ref: 2AE50C0 req: {A6EF9860-C720-11D0-9337-00A0C90DCAA9} 	
00003918	10:56:57.000	[1176] CFQ: ref: 2AE50C0 req: {A6EF9860-C720-11D0-9337-00A0C90DCAA9} 	
00003919	10:56:57.000	[1176] DFQ: ref: 2AD6AB8 req: {A6EF9860-C720-11D0-9337-00A0C90DCAA9} 	
00003920	10:56:57.000	[1176] CFQ: ref: 2AE50C0 req: {332C4427-26CB-11D0-B483-00C04FD90119} 	
00003921	10:56:57.000	[1176] CFQ: ref: 2AE50C0 req: {332C4427-26CB-11D0-B483-00C04FD90119} 	
00003922	10:56:57.000	[1176] DFQ: ref: 2AD6AB8 req: {332C4427-26CB-11D0-B483-00C04FD90119} 	
00003923	10:56:57.000	[1176] CFQ: ref: 2AE50C0 req: {A6EF9860-C720-11D0-9337-00A0C90DCAA9} 	
00003924	10:56:57.000	[1176] CFQ: ref: 2AE50C0 req: {A6EF9860-C720-11D0-9337-00A0C90DCAA9} 	
00003925	10:56:57.000	[1176] DFQ: ref: 2AD6AB8 req: {A6EF9860-C720-11D0-9337-00A0C90DCAA9} 	
00003926	10:56:57.015	[1176] CFQ: ref: 2AE50C0 req: {332C4427-26CB-11D0-B483-00C04FD90119} 	
00003927	10:56:57.015	[1176] CFQ: ref: 2AE50C0 req: {332C4427-26CB-11D0-B483-00C04FD90119} 	
00003928	10:56:57.015	[1176] DFQ: ref: 2AD6AB8 req: {332C4427-26CB-11D0-B483-00C04FD90119} 	
00003929	10:56:57.015	[1176] CFQ: ref: 2AE50C0 req: {A6EF9860-C720-11D0-9337-00A0C90DCAA9} 	
00003930	10:56:57.015	[1176] CFQ: ref: 2AE50C0 req: {A6EF9860-C720-11D0-9337-00A0C90DCAA9} 	
00003931	10:56:57.015	[1176] DFQ: ref: 2AD6AB8 req: {A6EF9860-C720-11D0-9337-00A0C90DCAA9} 	
00003932	10:56:57.015	[1176] CFQ: ref: 2AE50C0 req: {332C4427-26CB-11D0-B483-00C04FD90119} 	
00003933	10:56:57.015	[1176] CFQ: ref: 2AE50C0 req: {332C4427-26CB-11D0-B483-00C04FD90119} 	
00003934	10:56:57.015	[1176] DFQ: ref: 2AD6AB8 req: {332C4427-26CB-11D0-B483-00C04FD90119} 	
00003935	10:56:57.015	[1176] CFQ: ref: 2AE50C0 req: {A6EF9860-C720-11D0-9337-00A0C90DCAA9} 	
00003936	10:56:57.015	[1176] CFQ: ref: 2AE50C0 req: {A6EF9860-C720-11D0-9337-00A0C90DCAA9} 	
00003937	10:56:57.015	[1176] DFQ: ref: 2AD6AB8 req: {A6EF9860-C720-11D0-9337-00A0C90DCAA9} 	
00003938	10:56:57.031	[1176] CFQ: ref: 2AE50C0 req: {332C4427-26CB-11D0-B483-00C04FD90119} 	
00003939	10:56:57.031	[1176] CFQ: ref: 2AE50C0 req: {332C4427-26CB-11D0-B483-00C04FD90119} 	
00003940	10:56:57.031	[1176] DFQ: ref: 2AD6AB8 req: {332C4427-26CB-11D0-B483-00C04FD90119} 	
00003941	10:56:57.031	[1176] CFQ: ref: 2AE50C0 req: {A6EF9860-C720-11D0-9337-00A0C90DCAA9} 	
00003942	10:56:57.031	[1176] CFQ: ref: 2AE50C0 req: {A6EF9860-C720-11D0-9337-00A0C90DCAA9} 	
00003943	10:56:57.031	[1176] DFQ: ref: 2AD6AB8 req: {A6EF9860-C720-11D0-9337-00A0C90DCAA9} 	
00003944	10:56:57.031	[1176] CFQ: ref: 2AE50C0 req: {332C4427-26CB-11D0-B483-00C04FD90119} 	
00003945	10:56:57.031	[1176] CFQ: ref: 2AE50C0 req: {332C4427-26CB-11D0-B483-00C04FD90119} 	
00003946	10:56:57.031	[1176] DFQ: ref: 2AD6AB8 req: {332C4427-26CB-11D0-B483-00C04FD90119} 	
00003947	10:56:57.031	[1176] CFQ: ref: 2AE50C0 req: {A6EF9860-C720-11D0-9337-00A0C90DCAA9} 	
00003948	10:56:57.031	[1176] CFQ: ref: 2AE50C0 req: {A6EF9860-C720-11D0-9337-00A0C90DCAA9} 	
00003949	10:56:57.031	[1176] DFQ: ref: 2AD6AB8 req: {A6EF9860-C720-11D0-9337-00A0C90DCAA9} 	
00003950	10:56:57.047	[1176] CFQ: ref: 2AE50C0 req: {332C4427-26CB-11D0-B483-00C04FD90119} 	
00003951	10:56:57.047	[1176] CFQ: ref: 2AE50C0 req: {332C4427-26CB-11D0-B483-00C04FD90119} 	
00003952	10:56:57.047	[1176] DFQ: ref: 2AD6AB8 req: {332C4427-26CB-11D0-B483-00C04FD90119} 	
00003953	10:56:57.047	[1176] CFQ: ref: 2AE50C0 req: {A6EF9860-C720-11D0-9337-00A0C90DCAA9} 	
00003954	10:56:57.047	[1176] CFQ: ref: 2AE50C0 req: {A6EF9860-C720-11D0-9337-00A0C90DCAA9} 	
00003955	10:56:57.047	[1176] DFQ: ref: 2AD6AB8 req: {A6EF9860-C720-11D0-9337-00A0C90DCAA9} 	
00003956	10:56:57.047	[1176] CFQ: ref: 2AE50C0 req: {332C4427-26CB-11D0-B483-00C04FD90119} 	
00003957	10:56:57.047	[1176] CFQ: ref: 2AE50C0 req: {332C4427-26CB-11D0-B483-00C04FD90119} 	
00003958	10:56:57.047	[1176] DFQ: ref: 2AD6AB8 req: {332C4427-26CB-11D0-B483-00C04FD90119} 	
00003959	10:56:57.047	[1176] CFQ: ref: 2AE50C0 req: {A6EF9860-C720-11D0-9337-00A0C90DCAA9} 	
00003960	10:56:57.047	[1176] CFQ: ref: 2AE50C0 req: {A6EF9860-C720-11D0-9337-00A0C90DCAA9} 	
00003961	10:56:57.047	[1176] DFQ: ref: 2AD6AB8 req: {A6EF9860-C720-11D0-9337-00A0C90DCAA9} 	
00003962	10:56:57.062	[1176] CFQ: ref: 2AE50C0 req: {332C4427-26CB-11D0-B483-00C04FD90119} 	
00003963	10:56:57.062	[1176] CFQ: ref: 2AE50C0 req: {332C4427-26CB-11D0-B483-00C04FD90119} 	
00003964	10:56:57.062	[1176] DFQ: ref: 2AD6AB8 req: {332C4427-26CB-11D0-B483-00C04FD90119} 	
00003965	10:56:57.062	[1176] CFQ: ref: 2AE50C0 req: {A6EF9860-C720-11D0-9337-00A0C90DCAA9} 	
00003966	10:56:57.062	[1176] CFQ: ref: 2AE50C0 req: {A6EF9860-C720-11D0-9337-00A0C90DCAA9} 	
00003967	10:56:57.062	[1176] DFQ: ref: 2AD6AB8 req: {A6EF9860-C720-11D0-9337-00A0C90DCAA9} 	
00003968	10:56:57.062	[1176] CFQ: ref: 2AE50C0 req: {332C4427-26CB-11D0-B483-00C04FD90119} 	
00003969	10:56:57.062	[1176] CFQ: ref: 2AE50C0 req: {332C4427-26CB-11D0-B483-00C04FD90119} 	
00003970	10:56:57.062	[1176] DFQ: ref: 2AD6AB8 req: {332C4427-26CB-11D0-B483-00C04FD90119} 	
00003971	10:56:57.062	[1176] CFQ: ref: 2AE50C0 req: {A6EF9860-C720-11D0-9337-00A0C90DCAA9} 	
00003972	10:56:57.062	[1176] CFQ: ref: 2AE50C0 req: {A6EF9860-C720-11D0-9337-00A0C90DCAA9} 	
00003973	10:56:57.062	[1176] DFQ: ref: 2AD6AB8 req: {A6EF9860-C720-11D0-9337-00A0C90DCAA9} 	
00003974	10:56:57.125	[1176] CFQ: ref: 2AE50C0 req: {332C4427-26CB-11D0-B483-00C04FD90119} 	
00003975	10:56:57.125	[1176] CFQ: ref: 2AE50C0 req: {332C4427-26CB-11D0-B483-00C04FD90119} 	
00003976	10:56:57.125	[1176] DFQ: ref: 2AD6AB8 req: {332C4427-26CB-11D0-B483-00C04FD90119} 	
00003977	10:56:57.125	[1176] CFQ: ref: 2AE50C0 req: {A6EF9860-C720-11D0-9337-00A0C90DCAA9} 	
00003978	10:56:57.125	[1176] CFQ: ref: 2AE50C0 req: {A6EF9860-C720-11D0-9337-00A0C90DCAA9} 	
00003979	10:56:57.125	[1176] DFQ: ref: 2AD6AB8 req: {A6EF9860-C720-11D0-9337-00A0C90DCAA9} 	
00003980	10:56:57.125	[1176] CFQ: ref: 2AE50C0 req: {332C4427-26CB-11D0-B483-00C04FD90119} 	
00003981	10:56:57.125	[1176] CFQ: ref: 2AE50C0 req: {332C4427-26CB-11D0-B483-00C04FD90119} 	
00003982	10:56:57.125	[1176] DFQ: ref: 2AD6AB8 req: {332C4427-26CB-11D0-B483-00C04FD90119} 	
00003983	10:56:57.125	[1176] CFQ: ref: 2AE50C0 req: {A6EF9860-C720-11D0-9337-00A0C90DCAA9} 	
00003984	10:56:57.125	[1176] CFQ: ref: 2AE50C0 req: {A6EF9860-C720-11D0-9337-00A0C90DCAA9} 	
00003985	10:56:57.125	[1176] DFQ: ref: 2AD6AB8 req: {A6EF9860-C720-11D0-9337-00A0C90DCAA9} 	
00003986	10:56:57.140	[1176] CFQ: ref: 2AE50C0 req: {332C4427-26CB-11D0-B483-00C04FD90119} 	
00003987	10:56:57.140	[1176] CFQ: ref: 2AE50C0 req: {332C4427-26CB-11D0-B483-00C04FD90119} 	
00003988	10:56:57.140	[1176] DFQ: ref: 2AD6AB8 req: {332C4427-26CB-11D0-B483-00C04FD90119} 	
00003989	10:56:57.140	[1176] CFQ: ref: 2AE50C0 req: {A6EF9860-C720-11D0-9337-00A0C90DCAA9} 	
00003990	10:56:57.140	[1176] CFQ: ref: 2AE50C0 req: {A6EF9860-C720-11D0-9337-00A0C90DCAA9} 	
00003991	10:56:57.140	[1176] DFQ: ref: 2AD6AB8 req: {A6EF9860-C720-11D0-9337-00A0C90DCAA9} 	
00003992	10:56:57.140	[1176] CFQ: ref: 2AE50C0 req: {332C4427-26CB-11D0-B483-00C04FD90119} 	
00003993	10:56:57.140	[1176] CFQ: ref: 2AE50C0 req: {332C4427-26CB-11D0-B483-00C04FD90119} 	
00003994	10:56:57.140	[1176] DFQ: ref: 2AD6AB8 req: {332C4427-26CB-11D0-B483-00C04FD90119} 	
00003995	10:56:57.140	[1176] CFQ: ref: 2AE50C0 req: {A6EF9860-C720-11D0-9337-00A0C90DCAA9} 	
00003996	10:56:57.140	[1176] CFQ: ref: 2AE50C0 req: {A6EF9860-C720-11D0-9337-00A0C90DCAA9} 	
00003997	10:56:57.140	[1176] DFQ: ref: 2AD6AB8 req: {A6EF9860-C720-11D0-9337-00A0C90DCAA9} 	
00003998	10:56:57.156	[1176] CFQ: ref: 2AE50C0 req: {332C4427-26CB-11D0-B483-00C04FD90119} 	
00003999	10:56:57.156	[1176] CFQ: ref: 2AE50C0 req: {332C4427-26CB-11D0-B483-00C04FD90119} 	
00004000	10:56:57.156	[1176] DFQ: ref: 2AD6AB8 req: {332C4427-26CB-11D0-B483-00C04FD90119} 	
00004001	10:56:57.156	[1176] CFQ: ref: 2AE50C0 req: {A6EF9860-C720-11D0-9337-00A0C90DCAA9} 	
00004002	10:56:57.156	[1176] CFQ: ref: 2AE50C0 req: {A6EF9860-C720-11D0-9337-00A0C90DCAA9} 	
00004003	10:56:57.156	[1176] DFQ: ref: 2AD6AB8 req: {A6EF9860-C720-11D0-9337-00A0C90DCAA9} 	
00004004	10:56:57.156	[1176] CFQ: ref: 2AE50C0 req: {332C4427-26CB-11D0-B483-00C04FD90119} 	
00004005	10:56:57.156	[1176] CFQ: ref: 2AE50C0 req: {332C4427-26CB-11D0-B483-00C04FD90119} 	
00004006	10:56:57.156	[1176] DFQ: ref: 2AD6AB8 req: {332C4427-26CB-11D0-B483-00C04FD90119} 	
00004007	10:56:57.156	[1176] CFQ: ref: 2AE50C0 req: {A6EF9860-C720-11D0-9337-00A0C90DCAA9} 	
00004008	10:56:57.156	[1176] CFQ: ref: 2AE50C0 req: {A6EF9860-C720-11D0-9337-00A0C90DCAA9} 	
00004009	10:56:57.156	[1176] DFQ: ref: 2AD6AB8 req: {A6EF9860-C720-11D0-9337-00A0C90DCAA9} 	
00004010	10:56:57.172	[1176] CFQ: ref: 2AE50C0 req: {332C4427-26CB-11D0-B483-00C04FD90119} 	
00004011	10:56:57.172	[1176] CFQ: ref: 2AE50C0 req: {332C4427-26CB-11D0-B483-00C04FD90119} 	
00004012	10:56:57.172	[1176] DFQ: ref: 2AD6AB8 req: {332C4427-26CB-11D0-B483-00C04FD90119} 	
00004013	10:56:57.172	[1176] CFQ: ref: 2AE50C0 req: {A6EF9860-C720-11D0-9337-00A0C90DCAA9} 	
00004014	10:56:57.172	[1176] CFQ: ref: 2AE50C0 req: {A6EF9860-C720-11D0-9337-00A0C90DCAA9} 	
00004015	10:56:57.172	[1176] DFQ: ref: 2AD6AB8 req: {A6EF9860-C720-11D0-9337-00A0C90DCAA9} 	
00004016	10:56:57.172	[1176] CFQ: ref: 2AE50C0 req: {332C4427-26CB-11D0-B483-00C04FD90119} 	
00004017	10:56:57.172	[1176] CFQ: ref: 2AE50C0 req: {332C4427-26CB-11D0-B483-00C04FD90119} 	
00004018	10:56:57.172	[1176] DFQ: ref: 2AD6AB8 req: {332C4427-26CB-11D0-B483-00C04FD90119} 	
00004019	10:56:57.172	[1176] CFQ: ref: 2AE50C0 req: {A6EF9860-C720-11D0-9337-00A0C90DCAA9} 	
00004020	10:56:57.172	[1176] CFQ: ref: 2AE50C0 req: {A6EF9860-C720-11D0-9337-00A0C90DCAA9} 	
00004021	10:56:57.172	[1176] DFQ: ref: 2AD6AB8 req: {A6EF9860-C720-11D0-9337-00A0C90DCAA9} 	
00004022	10:56:57.187	[1176] CFQ: ref: 2AE50C0 req: {332C4427-26CB-11D0-B483-00C04FD90119} 	
00004023	10:56:57.187	[1176] CFQ: ref: 2AE50C0 req: {332C4427-26CB-11D0-B483-00C04FD90119} 	
00004024	10:56:57.187	[1176] DFQ: ref: 2AD6AB8 req: {332C4427-26CB-11D0-B483-00C04FD90119} 	
00004025	10:56:57.187	[1176] CFQ: ref: 2AE50C0 req: {A6EF9860-C720-11D0-9337-00A0C90DCAA9} 	
00004026	10:56:57.187	[1176] CFQ: ref: 2AE50C0 req: {A6EF9860-C720-11D0-9337-00A0C90DCAA9} 	
00004027	10:56:57.187	[1176] DFQ: ref: 2AD6AB8 req: {A6EF9860-C720-11D0-9337-00A0C90DCAA9} 	
00004028	10:56:57.187	[1176] CFQ: ref: 2AE50C0 req: {332C4427-26CB-11D0-B483-00C04FD90119} 	
00004029	10:56:57.187	[1176] CFQ: ref: 2AE50C0 req: {332C4427-26CB-11D0-B483-00C04FD90119} 	
00004030	10:56:57.187	[1176] DFQ: ref: 2AD6AB8 req: {332C4427-26CB-11D0-B483-00C04FD90119} 	
00004031	10:56:57.187	[1176] CFQ: ref: 2AE50C0 req: {A6EF9860-C720-11D0-9337-00A0C90DCAA9} 	
00004032	10:56:57.187	[1176] CFQ: ref: 2AE50C0 req: {A6EF9860-C720-11D0-9337-00A0C90DCAA9} 	
00004033	10:56:57.187	[1176] DFQ: ref: 2AD6AB8 req: {A6EF9860-C720-11D0-9337-00A0C90DCAA9} 	
00004034	10:56:57.203	[1176] CFQ: ref: 2AE50C0 req: {332C4427-26CB-11D0-B483-00C04FD90119} 	
00004035	10:56:57.203	[1176] CFQ: ref: 2AE50C0 req: {332C4427-26CB-11D0-B483-00C04FD90119} 	
00004036	10:56:57.203	[1176] DFQ: ref: 2AD6AB8 req: {332C4427-26CB-11D0-B483-00C04FD90119} 	
00004037	10:56:57.203	[1176] CFQ: ref: 2AE50C0 req: {A6EF9860-C720-11D0-9337-00A0C90DCAA9} 	
00004038	10:56:57.203	[1176] CFQ: ref: 2AE50C0 req: {A6EF9860-C720-11D0-9337-00A0C90DCAA9} 	
00004039	10:56:57.203	[1176] DFQ: ref: 2AD6AB8 req: {A6EF9860-C720-11D0-9337-00A0C90DCAA9} 	
00004040	10:56:57.203	[1176] CFQ: ref: 2AE50C0 req: {332C4427-26CB-11D0-B483-00C04FD90119} 	
00004041	10:56:57.203	[1176] CFQ: ref: 2AE50C0 req: {332C4427-26CB-11D0-B483-00C04FD90119} 	
00004042	10:56:57.203	[1176] DFQ: ref: 2AD6AB8 req: {332C4427-26CB-11D0-B483-00C04FD90119} 	
00004043	10:56:57.203	[1176] CFQ: ref: 2AE50C0 req: {A6EF9860-C720-11D0-9337-00A0C90DCAA9} 	
00004044	10:56:57.203	[1176] CFQ: ref: 2AE50C0 req: {A6EF9860-C720-11D0-9337-00A0C90DCAA9} 	
00004045	10:56:57.203	[1176] DFQ: ref: 2AD6AB8 req: {A6EF9860-C720-11D0-9337-00A0C90DCAA9} 	
00004046	10:56:57.218	[1176] CFQ: ref: 2AE50C0 req: {332C4427-26CB-11D0-B483-00C04FD90119} 	
00004047	10:56:57.218	[1176] CFQ: ref: 2AE50C0 req: {332C4427-26CB-11D0-B483-00C04FD90119} 	
00004048	10:56:57.218	[1176] DFQ: ref: 2AD6AB8 req: {332C4427-26CB-11D0-B483-00C04FD90119} 	
00004049	10:56:57.218	[1176] CFQ: ref: 2AE50C0 req: {A6EF9860-C720-11D0-9337-00A0C90DCAA9} 	
00004050	10:56:57.218	[1176] CFQ: ref: 2AE50C0 req: {A6EF9860-C720-11D0-9337-00A0C90DCAA9} 	
00004051	10:56:57.218	[1176] DFQ: ref: 2AD6AB8 req: {A6EF9860-C720-11D0-9337-00A0C90DCAA9} 	
00004052	10:56:57.218	[1176] CFQ: ref: 2AE50C0 req: {332C4427-26CB-11D0-B483-00C04FD90119} 	
00004053	10:56:57.218	[1176] CFQ: ref: 2AE50C0 req: {332C4427-26CB-11D0-B483-00C04FD90119} 	
00004054	10:56:57.218	[1176] DFQ: ref: 2AD6AB8 req: {332C4427-26CB-11D0-B483-00C04FD90119} 	
00004055	10:56:57.218	[1176] CFQ: ref: 2AE50C0 req: {A6EF9860-C720-11D0-9337-00A0C90DCAA9} 	
00004056	10:56:57.218	[1176] CFQ: ref: 2AE50C0 req: {A6EF9860-C720-11D0-9337-00A0C90DCAA9} 	
00004057	10:56:57.218	[1176] DFQ: ref: 2AD6AB8 req: {A6EF9860-C720-11D0-9337-00A0C90DCAA9} 	
00004058	10:56:57.234	[1176] CFQ: ref: 2AE50C0 req: {332C4427-26CB-11D0-B483-00C04FD90119} 	
00004059	10:56:57.234	[1176] CFQ: ref: 2AE50C0 req: {332C4427-26CB-11D0-B483-00C04FD90119} 	
00004060	10:56:57.234	[1176] DFQ: ref: 2AD6AB8 req: {332C4427-26CB-11D0-B483-00C04FD90119} 	
00004061	10:56:57.234	[1176] CFQ: ref: 2AE50C0 req: {A6EF9860-C720-11D0-9337-00A0C90DCAA9} 	
00004062	10:56:57.234	[1176] CFQ: ref: 2AE50C0 req: {A6EF9860-C720-11D0-9337-00A0C90DCAA9} 	
00004063	10:56:57.234	[1176] DFQ: ref: 2AD6AB8 req: {A6EF9860-C720-11D0-9337-00A0C90DCAA9} 	
00004064	10:56:57.234	[1176] CFQ: ref: 2AE50C0 req: {332C4427-26CB-11D0-B483-00C04FD90119} 	
00004065	10:56:57.234	[1176] CFQ: ref: 2AE50C0 req: {332C4427-26CB-11D0-B483-00C04FD90119} 	
00004066	10:56:57.234	[1176] DFQ: ref: 2AD6AB8 req: {332C4427-26CB-11D0-B483-00C04FD90119} 	
00004067	10:56:57.234	[1176] CFQ: ref: 2AE50C0 req: {A6EF9860-C720-11D0-9337-00A0C90DCAA9} 	
00004068	10:56:57.234	[1176] CFQ: ref: 2AE50C0 req: {A6EF9860-C720-11D0-9337-00A0C90DCAA9} 	
00004069	10:56:57.234	[1176] DFQ: ref: 2AD6AB8 req: {A6EF9860-C720-11D0-9337-00A0C90DCAA9} 	
00004070	10:56:57.250	[1176] CFQ: ref: 2AE50C0 req: {332C4427-26CB-11D0-B483-00C04FD90119} 	
00004071	10:56:57.250	[1176] CFQ: ref: 2AE50C0 req: {332C4427-26CB-11D0-B483-00C04FD90119} 	
00004072	10:56:57.250	[1176] DFQ: ref: 2AD6AB8 req: {332C4427-26CB-11D0-B483-00C04FD90119} 	
00004073	10:56:57.250	[1176] CFQ: ref: 2AE50C0 req: {A6EF9860-C720-11D0-9337-00A0C90DCAA9} 	
00004074	10:56:57.250	[1176] CFQ: ref: 2AE50C0 req: {A6EF9860-C720-11D0-9337-00A0C90DCAA9} 	
00004075	10:56:57.250	[1176] DFQ: ref: 2AD6AB8 req: {A6EF9860-C720-11D0-9337-00A0C90DCAA9} 	
00004076	10:56:57.250	[1176] CFQ: ref: 2AE50C0 req: {332C4427-26CB-11D0-B483-00C04FD90119} 	
00004077	10:56:57.250	[1176] CFQ: ref: 2AE50C0 req: {332C4427-26CB-11D0-B483-00C04FD90119} 	
00004078	10:56:57.250	[1176] DFQ: ref: 2AD6AB8 req: {332C4427-26CB-11D0-B483-00C04FD90119} 	
00004079	10:56:57.250	[1176] CFQ: ref: 2AE50C0 req: {A6EF9860-C720-11D0-9337-00A0C90DCAA9} 	
00004080	10:56:57.250	[1176] CFQ: ref: 2AE50C0 req: {A6EF9860-C720-11D0-9337-00A0C90DCAA9} 	
00004081	10:56:57.250	[1176] DFQ: ref: 2AD6AB8 req: {A6EF9860-C720-11D0-9337-00A0C90DCAA9} 	
00004082	10:56:57.265	[1176] CFQ: ref: 2AE50C0 req: {332C4427-26CB-11D0-B483-00C04FD90119} 	
00004083	10:56:57.265	[1176] CFQ: ref: 2AE50C0 req: {332C4427-26CB-11D0-B483-00C04FD90119} 	
00004084	10:56:57.265	[1176] DFQ: ref: 2AD6AB8 req: {332C4427-26CB-11D0-B483-00C04FD90119} 	
00004085	10:56:57.265	[1176] CFQ: ref: 2AE50C0 req: {A6EF9860-C720-11D0-9337-00A0C90DCAA9} 	
00004086	10:56:57.265	[1176] CFQ: ref: 2AE50C0 req: {A6EF9860-C720-11D0-9337-00A0C90DCAA9} 	
00004087	10:56:57.265	[1176] DFQ: ref: 2AD6AB8 req: {A6EF9860-C720-11D0-9337-00A0C90DCAA9} 	
00004088	10:56:57.265	[1176] CFQ: ref: 2AE50C0 req: {332C4427-26CB-11D0-B483-00C04FD90119} 	
00004089	10:56:57.265	[1176] CFQ: ref: 2AE50C0 req: {332C4427-26CB-11D0-B483-00C04FD90119} 	
00004090	10:56:57.265	[1176] DFQ: ref: 2AD6AB8 req: {332C4427-26CB-11D0-B483-00C04FD90119} 	
00004091	10:56:57.265	[1176] CFQ: ref: 2AE50C0 req: {A6EF9860-C720-11D0-9337-00A0C90DCAA9} 	
00004092	10:56:57.265	[1176] CFQ: ref: 2AE50C0 req: {A6EF9860-C720-11D0-9337-00A0C90DCAA9} 	
00004093	10:56:57.265	[1176] DFQ: ref: 2AD6AB8 req: {A6EF9860-C720-11D0-9337-00A0C90DCAA9} 	
00004094	10:56:57.281	[1176] CFQ: ref: 2AE50C0 req: {332C4427-26CB-11D0-B483-00C04FD90119} 	
00004095	10:56:57.281	[1176] CFQ: ref: 2AE50C0 req: {332C4427-26CB-11D0-B483-00C04FD90119} 	
00004096	10:56:57.281	[1176] DFQ: ref: 2AD6AB8 req: {332C4427-26CB-11D0-B483-00C04FD90119} 	
00004097	10:56:57.281	[1176] CFQ: ref: 2AE50C0 req: {A6EF9860-C720-11D0-9337-00A0C90DCAA9} 	
00004098	10:56:57.281	[1176] CFQ: ref: 2AE50C0 req: {A6EF9860-C720-11D0-9337-00A0C90DCAA9} 	
00004099	10:56:57.281	[1176] DFQ: ref: 2AD6AB8 req: {A6EF9860-C720-11D0-9337-00A0C90DCAA9} 	
00004100	10:56:57.281	[1176] CFQ: ref: 2AE50C0 req: {332C4427-26CB-11D0-B483-00C04FD90119} 	
00004101	10:56:57.281	[1176] CFQ: ref: 2AE50C0 req: {332C4427-26CB-11D0-B483-00C04FD90119} 	
00004102	10:56:57.281	[1176] DFQ: ref: 2AD6AB8 req: {332C4427-26CB-11D0-B483-00C04FD90119} 	
00004103	10:56:57.281	[1176] CFQ: ref: 2AE50C0 req: {A6EF9860-C720-11D0-9337-00A0C90DCAA9} 	
00004104	10:56:57.281	[1176] CFQ: ref: 2AE50C0 req: {A6EF9860-C720-11D0-9337-00A0C90DCAA9} 	
00004105	10:56:57.281	[1176] DFQ: ref: 2AD6AB8 req: {A6EF9860-C720-11D0-9337-00A0C90DCAA9} 	
00004106	10:56:57.297	[1176] CFQ: ref: 2AE50C0 req: {332C4427-26CB-11D0-B483-00C04FD90119} 	
00004107	10:56:57.297	[1176] CFQ: ref: 2AE50C0 req: {332C4427-26CB-11D0-B483-00C04FD90119} 	
00004108	10:56:57.297	[1176] DFQ: ref: 2AD6AB8 req: {332C4427-26CB-11D0-B483-00C04FD90119} 	
00004109	10:56:57.297	[1176] CFQ: ref: 2AE50C0 req: {A6EF9860-C720-11D0-9337-00A0C90DCAA9} 	
00004110	10:56:57.297	[1176] CFQ: ref: 2AE50C0 req: {A6EF9860-C720-11D0-9337-00A0C90DCAA9} 	
00004111	10:56:57.297	[1176] DFQ: ref: 2AD6AB8 req: {A6EF9860-C720-11D0-9337-00A0C90DCAA9} 	
00004112	10:56:57.297	[1176] CFQ: ref: 2AE50C0 req: {332C4427-26CB-11D0-B483-00C04FD90119} 	
00004113	10:56:57.297	[1176] CFQ: ref: 2AE50C0 req: {332C4427-26CB-11D0-B483-00C04FD90119} 	
00004114	10:56:57.297	[1176] DFQ: ref: 2AD6AB8 req: {332C4427-26CB-11D0-B483-00C04FD90119} 	
00004115	10:56:57.297	[1176] CFQ: ref: 2AE50C0 req: {A6EF9860-C720-11D0-9337-00A0C90DCAA9} 	
00004116	10:56:57.297	[1176] CFQ: ref: 2AE50C0 req: {A6EF9860-C720-11D0-9337-00A0C90DCAA9} 	
00004117	10:56:57.297	[1176] DFQ: ref: 2AD6AB8 req: {A6EF9860-C720-11D0-9337-00A0C90DCAA9} 	
00004118	10:56:57.312	[1176] CFQ: ref: 2AE50C0 req: {332C4427-26CB-11D0-B483-00C04FD90119} 	
00004119	10:56:57.312	[1176] CFQ: ref: 2AE50C0 req: {332C4427-26CB-11D0-B483-00C04FD90119} 	
00004120	10:56:57.312	[1176] DFQ: ref: 2AD6AB8 req: {332C4427-26CB-11D0-B483-00C04FD90119} 	
00004121	10:56:57.312	[1176] CFQ: ref: 2AE50C0 req: {A6EF9860-C720-11D0-9337-00A0C90DCAA9} 	
00004122	10:56:57.312	[1176] CFQ: ref: 2AE50C0 req: {A6EF9860-C720-11D0-9337-00A0C90DCAA9} 	
00004123	10:56:57.312	[1176] DFQ: ref: 2AD6AB8 req: {A6EF9860-C720-11D0-9337-00A0C90DCAA9} 	
00004124	10:56:57.312	[1176] CFQ: ref: 2AE50C0 req: {332C4427-26CB-11D0-B483-00C04FD90119} 	
00004125	10:56:57.312	[1176] CFQ: ref: 2AE50C0 req: {332C4427-26CB-11D0-B483-00C04FD90119} 	
00004126	10:56:57.312	[1176] DFQ: ref: 2AD6AB8 req: {332C4427-26CB-11D0-B483-00C04FD90119} 	
00004127	10:56:57.312	[1176] CFQ: ref: 2AE50C0 req: {A6EF9860-C720-11D0-9337-00A0C90DCAA9} 	
00004128	10:56:57.312	[1176] CFQ: ref: 2AE50C0 req: {A6EF9860-C720-11D0-9337-00A0C90DCAA9} 	
00004129	10:56:57.312	[1176] DFQ: ref: 2AD6AB8 req: {A6EF9860-C720-11D0-9337-00A0C90DCAA9} 	
00004130	10:56:57.328	[1176] CFQ: ref: 2AE50C0 req: {332C4427-26CB-11D0-B483-00C04FD90119} 	
00004131	10:56:57.328	[1176] CFQ: ref: 2AE50C0 req: {332C4427-26CB-11D0-B483-00C04FD90119} 	
00004132	10:56:57.328	[1176] DFQ: ref: 2AD6AB8 req: {332C4427-26CB-11D0-B483-00C04FD90119} 	
00004133	10:56:57.328	[1176] CFQ: ref: 2AE50C0 req: {A6EF9860-C720-11D0-9337-00A0C90DCAA9} 	
00004134	10:56:57.328	[1176] CFQ: ref: 2AE50C0 req: {A6EF9860-C720-11D0-9337-00A0C90DCAA9} 	
00004135	10:56:57.328	[1176] DFQ: ref: 2AD6AB8 req: {A6EF9860-C720-11D0-9337-00A0C90DCAA9} 	
00004136	10:56:57.328	[1176] CFQ: ref: 2AE50C0 req: {332C4427-26CB-11D0-B483-00C04FD90119} 	
00004137	10:56:57.328	[1176] CFQ: ref: 2AE50C0 req: {332C4427-26CB-11D0-B483-00C04FD90119} 	
00004138	10:56:57.328	[1176] DFQ: ref: 2AD6AB8 req: {332C4427-26CB-11D0-B483-00C04FD90119} 	
00004139	10:56:57.328	[1176] CFQ: ref: 2AE50C0 req: {A6EF9860-C720-11D0-9337-00A0C90DCAA9} 	
00004140	10:56:57.328	[1176] CFQ: ref: 2AE50C0 req: {A6EF9860-C720-11D0-9337-00A0C90DCAA9} 	
00004141	10:56:57.328	[1176] DFQ: ref: 2AD6AB8 req: {A6EF9860-C720-11D0-9337-00A0C90DCAA9} 	
00004142	10:56:57.343	[1176] CFQ: ref: 2AE50C0 req: {332C4427-26CB-11D0-B483-00C04FD90119} 	
00004143	10:56:57.343	[1176] CFQ: ref: 2AE50C0 req: {332C4427-26CB-11D0-B483-00C04FD90119} 	
00004144	10:56:57.343	[1176] DFQ: ref: 2AD6AB8 req: {332C4427-26CB-11D0-B483-00C04FD90119} 	
00004145	10:56:57.343	[1176] CFQ: ref: 2AE50C0 req: {A6EF9860-C720-11D0-9337-00A0C90DCAA9} 	
00004146	10:56:57.343	[1176] CFQ: ref: 2AE50C0 req: {A6EF9860-C720-11D0-9337-00A0C90DCAA9} 	
00004147	10:56:57.343	[1176] DFQ: ref: 2AD6AB8 req: {A6EF9860-C720-11D0-9337-00A0C90DCAA9} 	
00004148	10:56:57.343	[1176] CFQ: ref: 2AE50C0 req: {332C4427-26CB-11D0-B483-00C04FD90119} 	
00004149	10:56:57.343	[1176] CFQ: ref: 2AE50C0 req: {332C4427-26CB-11D0-B483-00C04FD90119} 	
00004150	10:56:57.343	[1176] DFQ: ref: 2AD6AB8 req: {332C4427-26CB-11D0-B483-00C04FD90119} 	
00004151	10:56:57.343	[1176] CFQ: ref: 2AE50C0 req: {A6EF9860-C720-11D0-9337-00A0C90DCAA9} 	
00004152	10:56:57.343	[1176] CFQ: ref: 2AE50C0 req: {A6EF9860-C720-11D0-9337-00A0C90DCAA9} 	
00004153	10:56:57.343	[1176] DFQ: ref: 2AD6AB8 req: {A6EF9860-C720-11D0-9337-00A0C90DCAA9} 	
00004154	10:56:57.359	[1176] CFQ: ref: 2AE50C0 req: {332C4427-26CB-11D0-B483-00C04FD90119} 	
00004155	10:56:57.359	[1176] CFQ: ref: 2AE50C0 req: {332C4427-26CB-11D0-B483-00C04FD90119} 	
00004156	10:56:57.359	[1176] DFQ: ref: 2AD6AB8 req: {332C4427-26CB-11D0-B483-00C04FD90119} 	
00004157	10:56:57.359	[1176] CFQ: ref: 2AE50C0 req: {A6EF9860-C720-11D0-9337-00A0C90DCAA9} 	
00004158	10:56:57.359	[1176] CFQ: ref: 2AE50C0 req: {A6EF9860-C720-11D0-9337-00A0C90DCAA9} 	
00004159	10:56:57.359	[1176] DFQ: ref: 2AD6AB8 req: {A6EF9860-C720-11D0-9337-00A0C90DCAA9} 	
00004160	10:56:57.359	[1176] CFQ: ref: 2AE50C0 req: {332C4427-26CB-11D0-B483-00C04FD90119} 	
00004161	10:56:57.359	[1176] CFQ: ref: 2AE50C0 req: {332C4427-26CB-11D0-B483-00C04FD90119} 	
00004162	10:56:57.359	[1176] DFQ: ref: 2AD6AB8 req: {332C4427-26CB-11D0-B483-00C04FD90119} 	
00004163	10:56:57.359	[1176] CFQ: ref: 2AE50C0 req: {A6EF9860-C720-11D0-9337-00A0C90DCAA9} 	
00004164	10:56:57.359	[1176] CFQ: ref: 2AE50C0 req: {A6EF9860-C720-11D0-9337-00A0C90DCAA9} 	
00004165	10:56:57.359	[1176] DFQ: ref: 2AD6AB8 req: {A6EF9860-C720-11D0-9337-00A0C90DCAA9} 	
00004166	10:56:57.375	[1176] CFQ: ref: 2AE50C0 req: {332C4427-26CB-11D0-B483-00C04FD90119} 	
00004167	10:56:57.375	[1176] CFQ: ref: 2AE50C0 req: {332C4427-26CB-11D0-B483-00C04FD90119} 	
00004168	10:56:57.375	[1176] DFQ: ref: 2AD6AB8 req: {332C4427-26CB-11D0-B483-00C04FD90119} 	
00004169	10:56:57.375	[1176] CFQ: ref: 2AE50C0 req: {A6EF9860-C720-11D0-9337-00A0C90DCAA9} 	
00004170	10:56:57.375	[1176] CFQ: ref: 2AE50C0 req: {A6EF9860-C720-11D0-9337-00A0C90DCAA9} 	
00004171	10:56:57.375	[1176] DFQ: ref: 2AD6AB8 req: {A6EF9860-C720-11D0-9337-00A0C90DCAA9} 	
00004172	10:56:57.375	[1176] CFQ: ref: 2AE50C0 req: {332C4427-26CB-11D0-B483-00C04FD90119} 	
00004173	10:56:57.375	[1176] CFQ: ref: 2AE50C0 req: {332C4427-26CB-11D0-B483-00C04FD90119} 	
00004174	10:56:57.375	[1176] DFQ: ref: 2AD6AB8 req: {332C4427-26CB-11D0-B483-00C04FD90119} 	
00004175	10:56:57.375	[1176] CFQ: ref: 2AE50C0 req: {A6EF9860-C720-11D0-9337-00A0C90DCAA9} 	
00004176	10:56:57.375	[1176] CFQ: ref: 2AE50C0 req: {A6EF9860-C720-11D0-9337-00A0C90DCAA9} 	
00004177	10:56:57.375	[1176] DFQ: ref: 2AD6AB8 req: {A6EF9860-C720-11D0-9337-00A0C90DCAA9} 	
00004178	10:56:57.390	[1176] CFQ: ref: 2AE50C0 req: {332C4427-26CB-11D0-B483-00C04FD90119} 	
00004179	10:56:57.390	[1176] CFQ: ref: 2AE50C0 req: {332C4427-26CB-11D0-B483-00C04FD90119} 	
00004180	10:56:57.390	[1176] DFQ: ref: 2AD6AB8 req: {332C4427-26CB-11D0-B483-00C04FD90119} 	
00004181	10:56:57.390	[1176] CFQ: ref: 2AE50C0 req: {A6EF9860-C720-11D0-9337-00A0C90DCAA9} 	
00004182	10:56:57.390	[1176] CFQ: ref: 2AE50C0 req: {A6EF9860-C720-11D0-9337-00A0C90DCAA9} 	
00004183	10:56:57.390	[1176] DFQ: ref: 2AD6AB8 req: {A6EF9860-C720-11D0-9337-00A0C90DCAA9} 	
00004184	10:56:57.390	[1176] CFQ: ref: 2AE50C0 req: {332C4427-26CB-11D0-B483-00C04FD90119} 	
00004185	10:56:57.390	[1176] CFQ: ref: 2AE50C0 req: {332C4427-26CB-11D0-B483-00C04FD90119} 	
00004186	10:56:57.390	[1176] DFQ: ref: 2AD6AB8 req: {332C4427-26CB-11D0-B483-00C04FD90119} 	
00004187	10:56:57.390	[1176] CFQ: ref: 2AE50C0 req: {A6EF9860-C720-11D0-9337-00A0C90DCAA9} 	
00004188	10:56:57.390	[1176] CFQ: ref: 2AE50C0 req: {A6EF9860-C720-11D0-9337-00A0C90DCAA9} 	
00004189	10:56:57.390	[1176] DFQ: ref: 2AD6AB8 req: {A6EF9860-C720-11D0-9337-00A0C90DCAA9} 	
00004190	10:56:57.406	[1176] CFQ: ref: 2AE50C0 req: {332C4427-26CB-11D0-B483-00C04FD90119} 	
00004191	10:56:57.406	[1176] CFQ: ref: 2AE50C0 req: {332C4427-26CB-11D0-B483-00C04FD90119} 	
00004192	10:56:57.406	[1176] DFQ: ref: 2AD6AB8 req: {332C4427-26CB-11D0-B483-00C04FD90119} 	
00004193	10:56:57.406	[1176] CFQ: ref: 2AE50C0 req: {A6EF9860-C720-11D0-9337-00A0C90DCAA9} 	
00004194	10:56:57.406	[1176] CFQ: ref: 2AE50C0 req: {A6EF9860-C720-11D0-9337-00A0C90DCAA9} 	
00004195	10:56:57.406	[1176] DFQ: ref: 2AD6AB8 req: {A6EF9860-C720-11D0-9337-00A0C90DCAA9} 	
00004196	10:56:57.406	[1176] CFQ: ref: 2AE50C0 req: {332C4427-26CB-11D0-B483-00C04FD90119} 	
00004197	10:56:57.406	[1176] CFQ: ref: 2AE50C0 req: {332C4427-26CB-11D0-B483-00C04FD90119} 	
00004198	10:56:57.406	[1176] DFQ: ref: 2AD6AB8 req: {332C4427-26CB-11D0-B483-00C04FD90119} 	
00004199	10:56:57.406	[1176] CFQ: ref: 2AE50C0 req: {A6EF9860-C720-11D0-9337-00A0C90DCAA9} 	
00004200	10:56:57.406	[1176] CFQ: ref: 2AE50C0 req: {A6EF9860-C720-11D0-9337-00A0C90DCAA9} 	
00004201	10:56:57.406	[1176] DFQ: ref: 2AD6AB8 req: {A6EF9860-C720-11D0-9337-00A0C90DCAA9} 	
00004202	10:56:57.422	[1176] CFQ: ref: 2AE50C0 req: {332C4427-26CB-11D0-B483-00C04FD90119} 	
00004203	10:56:57.422	[1176] CFQ: ref: 2AE50C0 req: {332C4427-26CB-11D0-B483-00C04FD90119} 	
00004204	10:56:57.422	[1176] DFQ: ref: 2AD6AB8 req: {332C4427-26CB-11D0-B483-00C04FD90119} 	
00004205	10:56:57.422	[1176] CFQ: ref: 2AE50C0 req: {A6EF9860-C720-11D0-9337-00A0C90DCAA9} 	
00004206	10:56:57.422	[1176] CFQ: ref: 2AE50C0 req: {A6EF9860-C720-11D0-9337-00A0C90DCAA9} 	
00004207	10:56:57.422	[1176] DFQ: ref: 2AD6AB8 req: {A6EF9860-C720-11D0-9337-00A0C90DCAA9} 	
00004208	10:56:57.422	[1176] CFQ: ref: 2AE50C0 req: {332C4427-26CB-11D0-B483-00C04FD90119} 	
00004209	10:56:57.422	[1176] CFQ: ref: 2AE50C0 req: {332C4427-26CB-11D0-B483-00C04FD90119} 	
00004210	10:56:57.422	[1176] DFQ: ref: 2AD6AB8 req: {332C4427-26CB-11D0-B483-00C04FD90119} 	
00004211	10:56:57.422	[1176] CFQ: ref: 2AE50C0 req: {A6EF9860-C720-11D0-9337-00A0C90DCAA9} 	
00004212	10:56:57.422	[1176] CFQ: ref: 2AE50C0 req: {A6EF9860-C720-11D0-9337-00A0C90DCAA9} 	
00004213	10:56:57.422	[1176] DFQ: ref: 2AD6AB8 req: {A6EF9860-C720-11D0-9337-00A0C90DCAA9} 	
00004214	10:56:57.437	[1176] CFQ: ref: 2AE50C0 req: {332C4427-26CB-11D0-B483-00C04FD90119} 	
00004215	10:56:57.437	[1176] CFQ: ref: 2AE50C0 req: {332C4427-26CB-11D0-B483-00C04FD90119} 	
00004216	10:56:57.437	[1176] DFQ: ref: 2AD6AB8 req: {332C4427-26CB-11D0-B483-00C04FD90119} 	
00004217	10:56:57.437	[1176] CFQ: ref: 2AE50C0 req: {A6EF9860-C720-11D0-9337-00A0C90DCAA9} 	
00004218	10:56:57.437	[1176] CFQ: ref: 2AE50C0 req: {A6EF9860-C720-11D0-9337-00A0C90DCAA9} 	
00004219	10:56:57.437	[1176] DFQ: ref: 2AD6AB8 req: {A6EF9860-C720-11D0-9337-00A0C90DCAA9} 	
00004220	10:56:57.437	[1176] CFQ: ref: 2AE50C0 req: {332C4427-26CB-11D0-B483-00C04FD90119} 	
00004221	10:56:57.437	[1176] CFQ: ref: 2AE50C0 req: {332C4427-26CB-11D0-B483-00C04FD90119} 	
00004222	10:56:57.437	[1176] DFQ: ref: 2AD6AB8 req: {332C4427-26CB-11D0-B483-00C04FD90119} 	
00004223	10:56:57.437	[1176] CFQ: ref: 2AE50C0 req: {A6EF9860-C720-11D0-9337-00A0C90DCAA9} 	
00004224	10:56:57.437	[1176] CFQ: ref: 2AE50C0 req: {A6EF9860-C720-11D0-9337-00A0C90DCAA9} 	
00004225	10:56:57.437	[1176] DFQ: ref: 2AD6AB8 req: {A6EF9860-C720-11D0-9337-00A0C90DCAA9} 	
00004226	10:56:57.453	[1176] CFQ: ref: 2AE50C0 req: {332C4427-26CB-11D0-B483-00C04FD90119} 	
00004227	10:56:57.453	[1176] CFQ: ref: 2AE50C0 req: {332C4427-26CB-11D0-B483-00C04FD90119} 	
00004228	10:56:57.453	[1176] DFQ: ref: 2AD6AB8 req: {332C4427-26CB-11D0-B483-00C04FD90119} 	
00004229	10:56:57.453	[1176] CFQ: ref: 2AE50C0 req: {A6EF9860-C720-11D0-9337-00A0C90DCAA9} 	
00004230	10:56:57.453	[1176] CFQ: ref: 2AE50C0 req: {A6EF9860-C720-11D0-9337-00A0C90DCAA9} 	
00004231	10:56:57.453	[1176] DFQ: ref: 2AD6AB8 req: {A6EF9860-C720-11D0-9337-00A0C90DCAA9} 	
00004232	10:56:57.453	[1176] CFQ: ref: 2AE50C0 req: {332C4427-26CB-11D0-B483-00C04FD90119} 	
00004233	10:56:57.453	[1176] CFQ: ref: 2AE50C0 req: {332C4427-26CB-11D0-B483-00C04FD90119} 	
00004234	10:56:57.453	[1176] DFQ: ref: 2AD6AB8 req: {332C4427-26CB-11D0-B483-00C04FD90119} 	
00004235	10:56:57.453	[1176] CFQ: ref: 2AE50C0 req: {A6EF9860-C720-11D0-9337-00A0C90DCAA9} 	
00004236	10:56:57.453	[1176] CFQ: ref: 2AE50C0 req: {A6EF9860-C720-11D0-9337-00A0C90DCAA9} 	
00004237	10:56:57.453	[1176] DFQ: ref: 2AD6AB8 req: {A6EF9860-C720-11D0-9337-00A0C90DCAA9} 	
00004238	10:56:57.468	[1176] CFQ: ref: 2AE50C0 req: {332C4427-26CB-11D0-B483-00C04FD90119} 	
00004239	10:56:57.468	[1176] CFQ: ref: 2AE50C0 req: {332C4427-26CB-11D0-B483-00C04FD90119} 	
00004240	10:56:57.468	[1176] DFQ: ref: 2AD6AB8 req: {332C4427-26CB-11D0-B483-00C04FD90119} 	
00004241	10:56:57.468	[1176] CFQ: ref: 2AE50C0 req: {A6EF9860-C720-11D0-9337-00A0C90DCAA9} 	
00004242	10:56:57.468	[1176] CFQ: ref: 2AE50C0 req: {A6EF9860-C720-11D0-9337-00A0C90DCAA9} 	
00004243	10:56:57.468	[1176] DFQ: ref: 2AD6AB8 req: {A6EF9860-C720-11D0-9337-00A0C90DCAA9} 	
00004244	10:56:57.468	[1176] CFQ: ref: 2AE50C0 req: {332C4427-26CB-11D0-B483-00C04FD90119} 	
00004245	10:56:57.468	[1176] CFQ: ref: 2AE50C0 req: {332C4427-26CB-11D0-B483-00C04FD90119} 	
00004246	10:56:57.468	[1176] DFQ: ref: 2AD6AB8 req: {332C4427-26CB-11D0-B483-00C04FD90119} 	
00004247	10:56:57.468	[1176] CFQ: ref: 2AE50C0 req: {A6EF9860-C720-11D0-9337-00A0C90DCAA9} 	
00004248	10:56:57.468	[1176] CFQ: ref: 2AE50C0 req: {A6EF9860-C720-11D0-9337-00A0C90DCAA9} 	
00004249	10:56:57.468	[1176] DFQ: ref: 2AD6AB8 req: {A6EF9860-C720-11D0-9337-00A0C90DCAA9} 	
00004250	10:56:57.484	[1176] CFQ: ref: 2AE50C0 req: {332C4427-26CB-11D0-B483-00C04FD90119} 	
00004251	10:56:57.484	[1176] CFQ: ref: 2AE50C0 req: {332C4427-26CB-11D0-B483-00C04FD90119} 	
00004252	10:56:57.484	[1176] DFQ: ref: 2AD6AB8 req: {332C4427-26CB-11D0-B483-00C04FD90119} 	
00004253	10:56:57.484	[1176] CFQ: ref: 2AE50C0 req: {A6EF9860-C720-11D0-9337-00A0C90DCAA9} 	
00004254	10:56:57.484	[1176] CFQ: ref: 2AE50C0 req: {A6EF9860-C720-11D0-9337-00A0C90DCAA9} 	
00004255	10:56:57.484	[1176] DFQ: ref: 2AD6AB8 req: {A6EF9860-C720-11D0-9337-00A0C90DCAA9} 	
00004256	10:56:57.484	[1176] CFQ: ref: 2AE50C0 req: {332C4427-26CB-11D0-B483-00C04FD90119} 	
00004257	10:56:57.484	[1176] CFQ: ref: 2AE50C0 req: {332C4427-26CB-11D0-B483-00C04FD90119} 	
00004258	10:56:57.484	[1176] DFQ: ref: 2AD6AB8 req: {332C4427-26CB-11D0-B483-00C04FD90119} 	
00004259	10:56:57.484	[1176] CFQ: ref: 2AE50C0 req: {A6EF9860-C720-11D0-9337-00A0C90DCAA9} 	
00004260	10:56:57.484	[1176] CFQ: ref: 2AE50C0 req: {A6EF9860-C720-11D0-9337-00A0C90DCAA9} 	
00004261	10:56:57.484	[1176] DFQ: ref: 2AD6AB8 req: {A6EF9860-C720-11D0-9337-00A0C90DCAA9} 	
00004262	10:56:57.500	[1176] CFQ: ref: 2AE50C0 req: {332C4427-26CB-11D0-B483-00C04FD90119} 	
00004263	10:56:57.500	[1176] CFQ: ref: 2AE50C0 req: {332C4427-26CB-11D0-B483-00C04FD90119} 	
00004264	10:56:57.500	[1176] DFQ: ref: 2AD6AB8 req: {332C4427-26CB-11D0-B483-00C04FD90119} 	
00004265	10:56:57.500	[1176] CFQ: ref: 2AE50C0 req: {A6EF9860-C720-11D0-9337-00A0C90DCAA9} 	
00004266	10:56:57.500	[1176] CFQ: ref: 2AE50C0 req: {A6EF9860-C720-11D0-9337-00A0C90DCAA9} 	
00004267	10:56:57.500	[1176] DFQ: ref: 2AD6AB8 req: {A6EF9860-C720-11D0-9337-00A0C90DCAA9} 	
00004268	10:56:57.500	[1176] CFQ: ref: 2AE50C0 req: {332C4427-26CB-11D0-B483-00C04FD90119} 	
00004269	10:56:57.500	[1176] CFQ: ref: 2AE50C0 req: {332C4427-26CB-11D0-B483-00C04FD90119} 	
00004270	10:56:57.500	[1176] DFQ: ref: 2AD6AB8 req: {332C4427-26CB-11D0-B483-00C04FD90119} 	
00004271	10:56:57.500	[1176] CFQ: ref: 2AE50C0 req: {A6EF9860-C720-11D0-9337-00A0C90DCAA9} 	
00004272	10:56:57.500	[1176] CFQ: ref: 2AE50C0 req: {A6EF9860-C720-11D0-9337-00A0C90DCAA9} 	
00004273	10:56:57.500	[1176] DFQ: ref: 2AD6AB8 req: {A6EF9860-C720-11D0-9337-00A0C90DCAA9} 	
00004274	10:56:57.515	[1176] CFQ: ref: 2AE50C0 req: {332C4427-26CB-11D0-B483-00C04FD90119} 	
00004275	10:56:57.515	[1176] CFQ: ref: 2AE50C0 req: {332C4427-26CB-11D0-B483-00C04FD90119} 	
00004276	10:56:57.515	[1176] DFQ: ref: 2AD6AB8 req: {332C4427-26CB-11D0-B483-00C04FD90119} 	
00004277	10:56:57.515	[1176] CFQ: ref: 2AE50C0 req: {A6EF9860-C720-11D0-9337-00A0C90DCAA9} 	
00004278	10:56:57.515	[1176] CFQ: ref: 2AE50C0 req: {A6EF9860-C720-11D0-9337-00A0C90DCAA9} 	
00004279	10:56:57.515	[1176] DFQ: ref: 2AD6AB8 req: {A6EF9860-C720-11D0-9337-00A0C90DCAA9} 	
00004280	10:56:57.515	[1176] CFQ: ref: 2AE50C0 req: {332C4427-26CB-11D0-B483-00C04FD90119} 	
00004281	10:56:57.515	[1176] CFQ: ref: 2AE50C0 req: {332C4427-26CB-11D0-B483-00C04FD90119} 	
00004282	10:56:57.515	[1176] DFQ: ref: 2AD6AB8 req: {332C4427-26CB-11D0-B483-00C04FD90119} 	
00004283	10:56:57.515	[1176] CFQ: ref: 2AE50C0 req: {A6EF9860-C720-11D0-9337-00A0C90DCAA9} 	
00004284	10:56:57.515	[1176] CFQ: ref: 2AE50C0 req: {A6EF9860-C720-11D0-9337-00A0C90DCAA9} 	
00004285	10:56:57.515	[1176] DFQ: ref: 2AD6AB8 req: {A6EF9860-C720-11D0-9337-00A0C90DCAA9} 	
00004286	10:56:57.531	[1176] CFQ: ref: 2AE50C0 req: {332C4427-26CB-11D0-B483-00C04FD90119} 	
00004287	10:56:57.531	[1176] CFQ: ref: 2AE50C0 req: {332C4427-26CB-11D0-B483-00C04FD90119} 	
00004288	10:56:57.531	[1176] DFQ: ref: 2AD6AB8 req: {332C4427-26CB-11D0-B483-00C04FD90119} 	
00004289	10:56:57.531	[1176] CFQ: ref: 2AE50C0 req: {A6EF9860-C720-11D0-9337-00A0C90DCAA9} 	
00004290	10:56:57.531	[1176] CFQ: ref: 2AE50C0 req: {A6EF9860-C720-11D0-9337-00A0C90DCAA9} 	
00004291	10:56:57.531	[1176] DFQ: ref: 2AD6AB8 req: {A6EF9860-C720-11D0-9337-00A0C90DCAA9} 	
00004292	10:56:57.531	[1176] CFQ: ref: 2AE50C0 req: {332C4427-26CB-11D0-B483-00C04FD90119} 	
00004293	10:56:57.531	[1176] CFQ: ref: 2AE50C0 req: {332C4427-26CB-11D0-B483-00C04FD90119} 	
00004294	10:56:57.531	[1176] DFQ: ref: 2AD6AB8 req: {332C4427-26CB-11D0-B483-00C04FD90119} 	
00004295	10:56:57.531	[1176] CFQ: ref: 2AE50C0 req: {A6EF9860-C720-11D0-9337-00A0C90DCAA9} 	
00004296	10:56:57.531	[1176] CFQ: ref: 2AE50C0 req: {A6EF9860-C720-11D0-9337-00A0C90DCAA9} 	
00004297	10:56:57.531	[1176] DFQ: ref: 2AD6AB8 req: {A6EF9860-C720-11D0-9337-00A0C90DCAA9} 	
00004298	10:56:57.547	[1176] CFQ: ref: 2AE50C0 req: {332C4427-26CB-11D0-B483-00C04FD90119} 	
00004299	10:56:57.547	[1176] CFQ: ref: 2AE50C0 req: {332C4427-26CB-11D0-B483-00C04FD90119} 	
00004300	10:56:57.547	[1176] DFQ: ref: 2AD6AB8 req: {332C4427-26CB-11D0-B483-00C04FD90119} 	
00004301	10:56:57.547	[1176] CFQ: ref: 2AE50C0 req: {A6EF9860-C720-11D0-9337-00A0C90DCAA9} 	
00004302	10:56:57.547	[1176] CFQ: ref: 2AE50C0 req: {A6EF9860-C720-11D0-9337-00A0C90DCAA9} 	
00004303	10:56:57.547	[1176] DFQ: ref: 2AD6AB8 req: {A6EF9860-C720-11D0-9337-00A0C90DCAA9} 	
00004304	10:56:57.547	[1176] CFQ: ref: 2AE50C0 req: {332C4427-26CB-11D0-B483-00C04FD90119} 	
00004305	10:56:57.547	[1176] CFQ: ref: 2AE50C0 req: {332C4427-26CB-11D0-B483-00C04FD90119} 	
00004306	10:56:57.547	[1176] DFQ: ref: 2AD6AB8 req: {332C4427-26CB-11D0-B483-00C04FD90119} 	
00004307	10:56:57.547	[1176] CFQ: ref: 2AE50C0 req: {A6EF9860-C720-11D0-9337-00A0C90DCAA9} 	
00004308	10:56:57.547	[1176] CFQ: ref: 2AE50C0 req: {A6EF9860-C720-11D0-9337-00A0C90DCAA9} 	
00004309	10:56:57.547	[1176] DFQ: ref: 2AD6AB8 req: {A6EF9860-C720-11D0-9337-00A0C90DCAA9} 	
00004310	10:56:57.562	[1176] CFQ: ref: 2AE50C0 req: {332C4427-26CB-11D0-B483-00C04FD90119} 	
00004311	10:56:57.562	[1176] CFQ: ref: 2AE50C0 req: {332C4427-26CB-11D0-B483-00C04FD90119} 	
00004312	10:56:57.562	[1176] DFQ: ref: 2AD6AB8 req: {332C4427-26CB-11D0-B483-00C04FD90119} 	
00004313	10:56:57.562	[1176] CFQ: ref: 2AE50C0 req: {A6EF9860-C720-11D0-9337-00A0C90DCAA9} 	
00004314	10:56:57.562	[1176] CFQ: ref: 2AE50C0 req: {A6EF9860-C720-11D0-9337-00A0C90DCAA9} 	
00004315	10:56:57.562	[1176] DFQ: ref: 2AD6AB8 req: {A6EF9860-C720-11D0-9337-00A0C90DCAA9} 	
00004316	10:56:57.562	[1176] CFQ: ref: 2AE50C0 req: {332C4427-26CB-11D0-B483-00C04FD90119} 	
00004317	10:56:57.562	[1176] CFQ: ref: 2AE50C0 req: {332C4427-26CB-11D0-B483-00C04FD90119} 	
00004318	10:56:57.562	[1176] DFQ: ref: 2AD6AB8 req: {332C4427-26CB-11D0-B483-00C04FD90119} 	
00004319	10:56:57.562	[1176] CFQ: ref: 2AE50C0 req: {A6EF9860-C720-11D0-9337-00A0C90DCAA9} 	
00004320	10:56:57.562	[1176] CFQ: ref: 2AE50C0 req: {A6EF9860-C720-11D0-9337-00A0C90DCAA9} 	
00004321	10:56:57.562	[1176] DFQ: ref: 2AD6AB8 req: {A6EF9860-C720-11D0-9337-00A0C90DCAA9} 	
00004322	10:56:57.578	[1176] CFQ: ref: 2AE50C0 req: {332C4427-26CB-11D0-B483-00C04FD90119} 	
00004323	10:56:57.625	[1176] CFQ: ref: 2AE50C0 req: {332C4427-26CB-11D0-B483-00C04FD90119} 	
00004324	10:56:57.625	[1176] DFQ: ref: 2AD6AB8 req: {332C4427-26CB-11D0-B483-00C04FD90119} 	
00004325	10:56:57.625	[1176] CFQ: ref: 2AE50C0 req: {A6EF9860-C720-11D0-9337-00A0C90DCAA9} 	
00004326	10:56:57.625	[1176] CFQ: ref: 2AE50C0 req: {A6EF9860-C720-11D0-9337-00A0C90DCAA9} 	
00004327	10:56:57.625	[1176] DFQ: ref: 2AD6AB8 req: {A6EF9860-C720-11D0-9337-00A0C90DCAA9} 	
00004328	10:56:57.625	[1176] CFQ: ref: 2AE50C0 req: {332C4427-26CB-11D0-B483-00C04FD90119} 	
00004329	10:56:57.625	[1176] CFQ: ref: 2AE50C0 req: {332C4427-26CB-11D0-B483-00C04FD90119} 	
00004330	10:56:57.625	[1176] DFQ: ref: 2AD6AB8 req: {332C4427-26CB-11D0-B483-00C04FD90119} 	
00004331	10:56:57.625	[1176] CFQ: ref: 2AE50C0 req: {A6EF9860-C720-11D0-9337-00A0C90DCAA9} 	
00004332	10:56:57.625	[1176] CFQ: ref: 2AE50C0 req: {A6EF9860-C720-11D0-9337-00A0C90DCAA9} 	
00004333	10:56:57.625	[1176] DFQ: ref: 2AD6AB8 req: {A6EF9860-C720-11D0-9337-00A0C90DCAA9} 	
