TITLE;Differential evolution variants
FOCUS ON;
EXPERIMENT TYPE;DEVariantsOfDistances
PARAMETERS
normalization;Center
pcaRecompositionThreshold;0.95
component;;;;;;;;;1;2;3;4;5;6;7;8;9;10;11;12;13;14;15;16;17;18;19
type;;;;;;;;;RandomNormal;RandomUniform;RandomNormal;RandomNormal;RandomNormal;RandomUniform;RandomWeibull;RandomWeibull;RandomNormal;RandomNormal;RandomNormal;RandomNormal;RandomNormal;RandomNormal;RandomNormal;RandomWeibull;RandomWeibull;RandomUniform;RandomNormal
p1;;;;;;;;;0;0;0;0;0;0;0;0;0;0;0;0;0;0;0;0;0;0;0
p2;;;;;;;;;15;10;10;10;10;5;0.2;5;5;5;5;5;5;5;5;0.2;5;1;1
RESULTS
COMMON
distance
which;Manhattan(Average);Manhattan(GeometricAverage);Manhattan(Median);Manhattan(Minimum);Manhattan(MinimumTimesMedian);Manhattan(Summation);Euclidean(Average);Euclidean(GeometricAverage);Euclidean(Median);Euclidean(Minimum);Euclidean(MinimumTimesMedian);Euclidean(Summation)
plain;4.9654;4.5747;4.3558;1.9838;8.6412;2159.9;2.0611;1.6541;1.5063;0.5515;0.83073;896.56
PCA;20.066;7.2173;5.5909;0.87573;4.8961;8728.7;17.622;4.6475;3.7073;0.48488;1.7976;7665.4
PCA
weights;;;;;;;;;0.084317;0.00039856;0.028742;0.042297;0.030575;7.8591E-05;0.69017;1.817E-06;0.0012116;0.0013802;0.00089366;0.0025761;0.0013261;0.00076654;0.001348;0.11313;5.4118E-06;8.4196E-06;6.7535E-06;0.00010345;0.00011236;5.5716E-05;7.0581E-05;5.2678E-05;6.162E-05;2.6767E-05;4.8845E-05;5.0581E-05;9.9625E-05;8.4072E-05
differential evolutions parameters, by distance type
i;dDE / dP;distance;type;parentWeight;crossover;population;iterations;distance;weights ->
1;4.5277;22.482;3;1;0.25;150;175;Manhattan(Average);5.0183E-08;6.9688E-08;1.4348E-09;6.7572E-09;3.4931E-07;3.8727E-08;1;7.526E-11;1.6021E-08;1.2555E-09;2.5768E-09;2.9576E-08;1.3687E-07;7.2074E-08;3.255E-08;5.1276E-09;6.1378E-09;1.3108E-07;3.7732E-09;5.7178E-09;2.7012E-08;3.229E-09;1.9653E-09;1.039E-07;5.9854E-08;3.8111E-08;2.0592E-11;4.346E-09;1.2504E-08;8.4808E-09
2;4.5277;22.482;3;1;0.25;150;175;Manhattan(Average);3.5136E-08;1.1329E-09;4.3671E-09;5.2891E-07;3.2533E-09;1.0738E-09;1;6.6322E-10;1.5182E-07;7.1085E-08;2.0766E-09;4.3505E-09;4.2332E-08;2.5372E-08;6.297E-08;1.8247E-09;5.2279E-08;9.6734E-09;3.515E-08;3.7591E-10;6.1886E-08;1.8935E-09;7.7078E-08;4.2758E-08;2.3378E-07;1.0231E-07;3.8682E-08;2.9834E-08;4.6549E-08;1.5073E-08
3;4.5277;22.482;3;1;0.25;150;175;Manhattan(Average);2.4234E-09;5.5876E-09;3.872E-08;4.6773E-09;3.2852E-08;2.581E-09;1;3.4528E-10;7.4811E-09;1.6042E-08;8.9935E-11;1.1376E-08;2.9827E-08;9.6006E-10;4.8699E-09;3.6722E-08;8.5162E-09;4.9786E-08;3.3298E-09;6.1823E-08;1.8199E-10;1.2275E-08;1.0628E-07;9.5771E-09;7.4549E-08;2.8001E-09;6.1156E-10;8.713E-11;2.3452E-08;4.3523E-08
4;4.5277;22.482;3;1;0.25;150;175;Manhattan(Average);2.3115E-08;4.1059E-08;2.7045E-07;5.5687E-09;7.9853E-10;6.1502E-09;1;2.1702E-11;2.1544E-08;7.7779E-09;1.0589E-08;2.0325E-09;1.016E-08;6.2528E-10;2.0306E-10;5.9294E-09;6.3802E-09;6.0508E-09;2.065E-09;3.1641E-08;3.1206E-12;1.082E-08;4.4824E-10;3.7541E-08;3.1103E-08;2.2882E-10;2.0336E-10;4.7011E-09;7.3359E-09;6.1301E-08
5;4.5277;22.482;3;1;0.25;150;175;Manhattan(Average);6.2407E-08;1.2474E-08;7.4789E-09;7.1886E-08;9.7718E-09;1.8148E-08;1;1.1378E-10;1.4228E-10;1.8039E-08;9.2381E-10;1.9706E-08;4.611E-13;3.3035E-09;4.2111E-09;9.8707E-11;1.0394E-08;1.6761E-08;7.5972E-11;2.1364E-08;5.9134E-10;9.0122E-09;1.7205E-09;6.1471E-10;2.0833E-08;8.6748E-10;3.0247E-09;1.3247E-08;1.4936E-09;5.5305E-08
6;4.5277;22.482;3;1;0.25;150;175;Manhattan(Average);7.744E-09;3.509E-09;4.158E-09;5.3338E-09;3.7259E-09;3.5693E-10;1;9.2091E-10;1.1989E-09;3.2594E-09;9.4173E-09;2.3444E-10;3.7252E-10;3.4725E-08;5.71E-11;1.0512E-11;3.0355E-09;8.4766E-11;1.1838E-08;8.1633E-09;1.1687E-08;9.4208E-11;3.4385E-11;3.3306E-08;1.7904E-08;1.6935E-08;1.1939E-08;4.0184E-10;2.8507E-09;1.1868E-08
7;4.5277;22.482;3;1;0.25;150;175;Manhattan(Average);2.5591E-07;1.7706E-09;2.1211E-10;3.8273E-09;4.1653E-08;9.1989E-10;1;3.3994E-10;6.0416E-09;4.0722E-09;3.0604E-09;5.1648E-08;8.8036E-10;9.0828E-10;9.398E-09;2.4052E-08;4.0742E-09;3.4663E-08;9.9975E-09;4.7869E-08;3.43E-08;4.748E-11;2.6475E-08;6.2246E-09;2.3869E-09;1.7608E-09;1.0908E-08;5.8158E-09;1.1998E-08;2.8325E-08
8;4.5277;22.482;3;1;0.25;150;175;Manhattan(Average);2.6177E-08;7.6391E-08;9.4669E-08;1.2069E-08;9.0085E-08;1.4124E-07;1;2.7074E-08;2.5821E-10;4.5259E-08;7.1726E-09;5.4991E-07;4.3153E-08;2.6466E-07;6.2561E-09;1.7967E-07;1.7242E-08;7.7882E-09;3.5158E-08;3.9811E-08;7.3514E-09;3.2207E-08;4.9979E-08;2.3735E-08;3.3833E-11;1.5691E-08;1.4693E-07;5.9216E-09;3.7867E-10;2.4371E-08
9;4.5277;22.482;3;1;0.25;150;175;Manhattan(Average);1.1447E-08;3.4969E-09;3.5979E-09;9.9378E-10;7.5432E-09;9.0843E-09;1;1.1643E-08;1.1274E-08;1.1756E-09;2.1949E-10;9.6958E-09;5.3807E-10;4.8878E-09;3.2191E-08;2.3964E-10;1.2731E-08;1.6982E-09;4.143E-09;1.0029E-08;1.624E-08;1.0701E-08;2.9824E-10;1.4325E-10;1.7702E-10;9.5392E-09;1.3388E-09;2.0751E-10;5.754E-09;9.3901E-10
10;4.5277;22.482;3;1;0.25;150;175;Manhattan(Average);1.9346E-10;5.9301E-08;8.716E-11;2.5096E-09;4.372E-09;3.1232E-08;1;9.8287E-09;2.7091E-08;2.1294E-09;3.9729E-09;1.8722E-10;1.8894E-09;3.0006E-10;3.3846E-10;7.7422E-11;9.1994E-10;1.0525E-08;1.3031E-08;8.491E-09;1.0259E-10;2.3098E-08;4.3714E-09;1.2245E-08;7.5825E-09;3.2651E-08;4.1018E-08;1.11E-08;2.7896E-10;2.4597E-08
11;3.2259;14.758;3;1;0.25;150;175;Manhattan(GeometricAverage);0.63227;2.3888E-07;2.9221E-07;0.24548;0.050146;2.4411E-07;0.043602;1.5179E-09;5.1273E-10;9.7203E-09;7.6524E-09;1.2586E-08;5.8159E-09;1.7467E-08;2.0507E-08;0.028497;5.4326E-07;5.8217E-09;3.1169E-08;1.9429E-08;8.9694E-10;4.177E-08;9.0002E-09;5.6955E-10;3.1733E-08;9.6668E-09;8.7715E-08;3.4025E-09;6.53E-08;2.7777E-07
12;3.2259;14.758;3;1;0.25;150;175;Manhattan(GeometricAverage);0.63195;7.3671E-08;1.2061E-05;0.24526;0.050748;1.5713E-08;0.043886;6.7527E-08;7.9109E-08;6.7547E-11;4.3849E-09;1.2169E-08;1.1884E-12;8.0204E-08;2.3107E-07;0.028139;1.721E-07;9.97E-08;3.2545E-08;3.9528E-08;2.3913E-07;2.6409E-08;5.0709E-08;5.5927E-07;1.7953E-10;7.4208E-09;2.4602E-08;4.5192E-07;4.1573E-10;1.0703E-07
13;3.2259;14.758;3;1;0.25;150;175;Manhattan(GeometricAverage);0.63096;1.0083E-07;3.6344E-09;0.24565;0.050344;3.4196E-08;0.04474;6.9576E-08;2.5012E-07;4.2945E-09;1.1803E-07;1.5403E-07;2.5633E-08;1.3267E-07;4.6993E-08;0.028305;1.3799E-07;1.0791E-07;1.0256E-09;3.1868E-10;2.5241E-07;8.9148E-09;6.026E-08;3.2189E-08;7.3709E-10;9.9155E-08;5.2738E-08;7.7653E-08;6.3212E-08;5.66E-08
14;3.2259;14.758;3;1;0.25;150;175;Manhattan(GeometricAverage);0.63245;1.0241E-09;1.1712E-06;0.24522;0.050231;5.1703E-09;0.04361;4.8172E-08;5.9907E-08;1.0485E-07;8.8488E-08;5.6995E-08;2.9507E-08;2.8457E-09;1.4641E-08;0.028493;1.5454E-08;1.5792E-08;3.6007E-07;2.7495E-07;9.2304E-09;1.3979E-07;2.0003E-08;9.3675E-08;1.0462E-09;2.1125E-09;4.5797E-09;5.903E-10;3.4947E-08;7.869E-09
15;3.2259;14.758;3;1;0.25;150;175;Manhattan(GeometricAverage);0.63158;1.9436E-09;1.9743E-07;0.24583;0.050599;2.6538E-07;0.043786;5.214E-09;2.5653E-09;8.9362E-08;5.7424E-09;1.1939E-07;6.8929E-08;2.1378E-07;9.3469E-11;0.028202;1.8268E-08;1.8361E-07;5.7705E-08;2.4095E-07;2.6203E-07;3.5923E-10;1.2866E-07;3.8859E-10;1.4497E-10;9.828E-09;2.4691E-07;9.5394E-09;2.8068E-08;7.4135E-08
16;3.2259;14.758;3;1;0.25;150;175;Manhattan(GeometricAverage);0.63088;3.8663E-10;1.4415E-07;0.24745;0.050533;1.2044E-09;0.043154;3.0202E-10;2.7092E-09;7.0382E-12;2.634E-07;6.3976E-09;1.0071E-08;2.0782E-10;1.2437E-07;0.027981;2.3316E-08;8.1807E-09;4.0104E-10;1.6062E-08;1.8626E-08;3.4194E-08;2.5164E-08;5.8113E-09;1.8801E-08;7.6588E-08;7.5429E-08;1.816E-07;1.4526E-08;8.9722E-09
17;3.2259;14.758;3;1;0.25;150;175;Manhattan(GeometricAverage);0.63201;2.9805E-10;2.188E-06;0.24566;0.05069;3.7975E-08;0.043666;1.2142E-09;2.9883E-08;1.0301E-07;4.0616E-08;1.9864E-07;1.0389E-08;5.5003E-09;9.2335E-08;0.027968;5.008E-10;8.4383E-08;2.2214E-08;4.3958E-08;6.369E-09;8.864E-10;3.0575E-09;1.0366E-08;2.2999E-08;3.4426E-09;9.9537E-08;3.027E-08;4.0847E-08;6.5025E-09
18;3.2259;14.758;3;1;0.25;150;175;Manhattan(GeometricAverage);0.63156;2.5326E-08;2.7117E-06;0.24582;0.050634;1.7993E-08;0.0436;1.1423E-07;4.5809E-09;1.4025E-07;3.3736E-07;2.2424E-08;1.7972E-07;1.4963E-07;9.9381E-08;0.02838;2.9193E-08;4.8227E-08;4.0347E-08;3.6413E-08;9.1741E-08;4.6978E-08;3.6471E-08;1.2467E-07;5.6979E-08;4.2828E-08;4.5731E-09;2.8066E-08;2.4851E-08;7.3428E-08
19;3.2259;14.758;3;1;0.25;150;175;Manhattan(GeometricAverage);0.63214;5.7353E-10;7.9587E-07;0.24579;0.050047;9.9565E-09;0.043783;6.839E-09;1.2588E-07;4.7565E-11;2.2627E-08;1.7339E-10;5.5229E-09;4.0241E-08;7.8731E-08;0.028239;1.1029E-08;1.041E-08;2.2183E-09;5.2654E-09;1.02E-08;9.2002E-09;9.0716E-09;1.7581E-09;4.5974E-09;3.6168E-09;3.7908E-08;5.3756E-08;5.669E-09;2.3167E-10
20;3.2259;14.758;3;1;0.25;150;175;Manhattan(GeometricAverage);0.63251;2.1134E-07;6.0864E-06;0.24512;0.050045;2.2084E-09;0.043956;7.8832E-08;3.2108E-09;7.6183E-08;8.1357E-09;3.9545E-08;3.3207E-07;2.5164E-07;1.2594E-07;0.028358;3.1623E-08;2.3998E-09;7.2639E-09;3.1393E-07;4.9127E-09;5.5827E-09;5.7794E-08;7.2842E-09;1.6254E-08;7.5708E-09;3.8404E-07;1.7884E-08;8.2861E-08;9.9614E-10
21;2.3262;4.6148;3;1;0.25;150;175;Manhattan(Minimum);0.13571;0.00017068;0.091999;0.064422;0.059394;1.0336E-07;0.0011101;3.7883E-07;0.1165;0.13673;0.029928;0.01029;0.12213;0.12836;0.10307;1.0674E-07;6.3768E-06;1.1508E-05;4.1198E-06;5.3825E-05;6.9131E-07;2.2358E-07;4.0015E-05;6.1302E-06;4.5812E-08;2.0937E-05;1.2163E-05;5.9294E-06;4.8441E-06;1.3034E-05
22;2.3347;4.6316;3;1;0.25;150;175;Manhattan(Minimum);0.14612;0.00019448;0.068521;0.075576;0.074669;4.7753E-06;0.0048125;5.4322E-06;0.049221;0.14803;0.073284;0.011521;0.11657;0.11305;0.10469;0.013292;1.5553E-06;1.2423E-06;5.9218E-07;7.8971E-06;1.9972E-07;6.167E-06;1.0798E-05;2.7462E-06;1.8445E-05;2.2045E-05;1.5899E-05;2.7793E-05;0.0002103;0.0001204
23;2.3394;4.6409;3;1;0.25;150;175;Manhattan(Minimum);0.14051;0.00013606;0.071996;0.078936;0.068094;0.00010856;0.0022794;1.3402E-06;0.063301;0.13828;0.049442;0.023598;0.1313;0.11331;0.11701;0.00049802;1.382E-05;1.8467E-05;0.00017087;0.00010114;0.0005063;2.6713E-10;5.0432E-05;2.5481E-05;6.1933E-05;1.8603E-05;0.00011212;2.3134E-05;6.2401E-05;4.7463E-05
24;2.3325;4.6273;3;1;0.25;150;175;Manhattan(Minimum);0.13999;0.0014071;0.073114;0.079244;0.069512;2.9018E-06;0.0010506;3.9869E-06;0.068273;0.1395;0.056395;0.01859;0.12274;0.11741;0.11063;0.00025138;1.1341E-05;0.00025432;1.0171E-05;0.00036331;7.7539E-06;7.2807E-06;0.00011228;0.00010563;0.00018283;0.00048659;3.4291E-05;0.00013491;5.5363E-05;0.00011174
25;2.3303;4.6228;3;1;0.25;150;175;Manhattan(Minimum);0.14747;0.00042411;0.081837;0.06674;0.068575;0.00016309;0.010488;8.5615E-05;0.072525;0.14457;0.06133;0.011585;0.12386;0.11689;0.091325;0.00064994;0.00016513;8.7696E-07;5.1347E-05;0.00014569;0.00048029;3.2842E-05;6.3259E-05;0.00029757;0.00011071;3.9492E-06;2.5213E-05;3.3774E-05;5.194E-05;1.0065E-05
26;2.338;4.6382;3;1;0.25;150;175;Manhattan(Minimum);0.15053;0.00047312;0.089334;0.078459;0.069047;0.00030146;0.0032327;8.8061E-08;0.066604;0.15324;0.048761;0.02125;0.12836;0.1172;0.070954;5.969E-09;3.39E-05;8.8184E-05;0.00026642;0.00027141;0.0010233;8.7429E-05;7.8847E-05;7.5408E-05;6.7879E-08;4.467E-05;4.7729E-05;2.0785E-06;6.3151E-05;0.00017144
27;2.3365;4.6353;3;1;0.25;150;175;Manhattan(Minimum);0.14235;0.00031346;0.079193;0.075832;0.069128;4.602E-07;0.0007064;0.00019338;0.078807;0.14242;0.046673;0.021774;0.12249;0.12095;0.096578;0.0014638;1.7434E-05;2.8332E-05;0.00012613;5.5695E-05;2.844E-05;8.6142E-07;8.7173E-06;6.4622E-06;8.5525E-05;7.8923E-05;8.7363E-05;1.6246E-05;0.00053768;4.8848E-05
28;2.3444;4.6508;3;1;0.25;150;175;Manhattan(Minimum);0.15176;1.9419E-06;0.078976;0.075328;0.071967;7.7139E-05;0.0074378;3.4776E-06;0.056283;0.14552;0.061323;0.022179;0.12434;0.11634;0.087308;0.00010332;0.00022775;1.1411E-06;5.6371E-05;2.5688E-05;1.432E-05;6.3473E-06;3.0279E-05;0.00016917;2.2776E-05;8.5579E-05;0.00010827;9.4803E-05;9.39E-05;0.00011751
29;2.3385;4.6392;3;1;0.25;150;175;Manhattan(Minimum);0.1408;0.001019;0.066587;0.082053;0.065155;3.9651E-05;0.001162;1.02E-05;0.057241;0.12365;0.045917;0.032489;0.12826;0.11426;0.13996;3.017E-05;4.2166E-05;6.9454E-07;3.2377E-05;0.0001951;1.8552E-05;8.108E-06;0.00021783;0.00032435;1.0939E-05;6.5889E-05;7.1207E-05;0.00017024;0.00021031;2.7923E-09
30;2.3423;4.6468;3;1;0.25;150;175;Manhattan(Minimum);0.13851;1.4226E-05;0.066572;0.083765;0.068544;2.039E-06;0.00014343;2.0222E-08;0.057196;0.13067;0.049287;0.029223;0.12699;0.11303;0.1356;9.341E-06;2.5682E-05;3.1635E-06;9.0108E-05;6.8893E-05;1.1955E-06;7.2281E-05;2.8367E-05;6.0847E-05;2.1539E-05;3.775E-05;1.0976E-07;7.6647E-06;1.5613E-05;1.3432E-05
31;3.7585;16.371;3;1;0.25;150;175;Manhattan(Median);0.46529;2.2509E-07;7.719E-06;0.46396;6.2288E-07;3.0071E-07;0.0077087;1.7126E-08;3.8742E-07;8.5702E-08;8.277E-08;1.5335E-07;6.7725E-08;2.8643E-09;4.7911E-10;0.063024;2.8031E-08;5.5067E-08;5.2407E-08;1.7792E-07;7.0895E-08;1.49E-08;3.3862E-07;4.6307E-08;3.3894E-08;1.7021E-08;7.8873E-07;3.8411E-07;5.3578E-08;2.5778E-07
32;3.7585;16.371;3;1;0.25;150;175;Manhattan(Median);0.46531;9.3576E-08;4.6237E-05;0.4639;9.4649E-10;3.7543E-06;0.0076503;1.2481E-05;1.2068E-06;5.287E-08;9.2145E-07;4.0134E-06;3.7296E-06;2.0914E-07;5.7223E-08;0.063042;3.7763E-06;5.8683E-06;5.9868E-06;4.7663E-06;5.9628E-08;1.3025E-09;1.0778E-06;6.6986E-07;9.1441E-08;5.3929E-08;1.8874E-07;1.85E-07;5.4652E-06;6.9964E-08
33;3.7562;16.361;3;1;0.25;150;175;Manhattan(Median);0.46456;1.5501E-06;7.9302E-06;0.46456;1.1747E-06;9.339E-07;0.0078744;5.0508E-06;9.2669E-06;2.8625E-06;8.016E-06;1.3261E-06;3.4118E-06;1.1275E-07;5.0304E-06;0.062937;1.3073E-06;1.5769E-06;4.121E-06;1.0189E-06;1.273E-06;1.2482E-07;5.059E-08;5.8348E-08;4.1339E-08;7.7322E-07;3.097E-07;7.2736E-09;1.4732E-06;1.1843E-06
34;3.7585;16.371;3;1;0.25;150;175;Manhattan(Median);0.46558;8.8911E-07;0.00022126;0.46342;2.0213E-05;1.4078E-09;0.0076064;1.107E-05;1.3783E-06;9.17E-07;5.1711E-07;5.5298E-06;6.0324E-07;1.996E-07;1.8945E-07;0.063093;1.8757E-07;1.1112E-06;1.8941E-08;3.3305E-06;5.3642E-06;1.3994E-05;5.9375E-09;9.9211E-07;7.3237E-06;2.0958E-07;1.2332E-06;4.5166E-08;9.3164E-07;5.2196E-06
35;3.7587;16.372;3;1;0.25;150;175;Manhattan(Median);0.46544;2.2313E-07;0.0001201;0.46374;3.1437E-08;9.0652E-08;0.0076202;1.7229E-08;9.2743E-07;1.8791E-06;1.6439E-07;1.2307E-06;3.1056E-09;1.3377E-08;8.0882E-08;0.063065;2.3234E-07;4.805E-07;1.1596E-06;1.0885E-06;6.6611E-07;2.5259E-07;2.4341E-06;4.0819E-08;3.1369E-07;7.7023E-08;3.4004E-08;1.9525E-07;3.9408E-07;3.8309E-07
36;4.3926;19.133;3;1;0.25;150;175;Manhattan(Median);0.94018;7.5074E-07;6.59E-07;2.2232E-07;1.8412E-07;3.833E-07;0.058474;7.0983E-07;1.5651E-06;2.031E-06;4.8894E-07;2.725E-06;4.9603E-08;2.2104E-07;5.7561E-06;0.0013206;3.6012E-07;1.0127E-07;4.3971E-07;1.4911E-06;8.8891E-07;4.3433E-07;4.0814E-06;1.6876E-08;3.5038E-07;1.0856E-06;2.6464E-07;1.0224E-06;3.0755E-07;4.8892E-07
37;4.3926;19.133;3;1;0.25;150;175;Manhattan(Median);0.93894;1.211E-06;8.2048E-06;0.00075993;6.6694E-09;7.1395E-09;0.058905;2.7249E-09;1.8183E-06;2.3702E-09;1.1546E-07;9.5235E-07;1.6839E-08;9.0061E-07;1.0991E-06;0.0013755;2.7642E-07;7.4271E-08;8.878E-08;8.6379E-07;8.8633E-07;1.4128E-07;8.084E-07;6.2309E-07;1.259E-08;5.7168E-07;4.2369E-07;6.2999E-07;1.0182E-07;9.7386E-09
38;3.7587;16.372;3;1;0.25;150;175;Manhattan(Median);0.46533;2.1423E-07;5.4151E-05;0.46392;4.2805E-06;8.3677E-07;0.0076305;8.0438E-07;5.4352E-08;1.7021E-09;5.4335E-07;6.9014E-08;1.9355E-08;2.1843E-07;1.422E-06;0.063047;3.7426E-09;7.9793E-08;1.5654E-08;1.0665E-06;6.9056E-07;1.3476E-06;2.0848E-08;3.261E-07;1.888E-06;4.9005E-08;3.9317E-07;7.1547E-09;2.6121E-06;9.422E-08
39;4.3926;19.133;3;1;0.25;150;175;Manhattan(Median);0.93981;2.2319E-07;2.2048E-07;0.00021909;2.9888E-06;5.1065E-06;0.058602;9.6541E-10;2.6452E-06;5.2869E-07;1.4955E-07;3.3605E-06;7.1611E-07;6.3489E-08;4.1958E-08;0.00134;8.1714E-07;2.1765E-09;5.5879E-07;2.8279E-07;2.8841E-09;6.3199E-07;6.5405E-07;1.8424E-08;4.765E-06;3.2548E-08;4.7117E-10;4.6177E-09;1.1675E-06;2.3229E-07
40;3.7586;16.372;3;1;0.25;150;175;Manhattan(Median);0.46563;1.1126E-05;2.047E-07;0.46371;2.378E-06;9.3172E-07;0.0076077;2.6236E-06;6.1742E-08;5.9085E-06;1.196E-06;3.9136E-09;7.8012E-06;5.2058E-06;1.1844E-06;0.063002;2.7888E-06;2.4715E-07;4.3475E-07;1.7118E-09;1.01E-06;2.5601E-06;1.1188E-07;2.8907E-11;2.4336E-07;1.0597E-07;1.1469E-07;5.056E-06;1.0109E-08;2.7897E-07
41;6.3033;54.468;3;1;0.25;150;175;Manhattan(MinimumTimesMedian);0.30696;1.047E-07;0.24487;0.11556;0.24951;9.8558E-06;0.003381;7.0446E-05;0.00012465;8.2512E-05;0.00029751;0.024085;0.001444;0.00035643;0.0062411;0.046004;5.7611E-05;1.2223E-05;2.0372E-06;0.00010671;0.00011067;3.7942E-05;7.9258E-05;0.00021183;9.7321E-06;1.1459E-05;0.00032226;4.602E-06;2.9398E-05;3.4896E-06
42;6.2782;54.251;3;1;0.25;150;175;Manhattan(MinimumTimesMedian);0.32153;3.0899E-05;0.27404;0.12607;0.18853;0.00044403;0.018905;8.7471E-05;1.2808E-06;9.6295E-05;0.00058002;0.012564;0.00035474;0.011652;0.0045989;0.035951;0.00016651;0.00037092;0.0014909;9.9255E-05;4.9086E-05;1.9393E-05;9.2839E-05;0.00059568;0.00030029;0.00041847;0.00058024;6.0694E-05;0.00031122;3.0533E-06
43;6.2545;54.046;3;1;0.25;150;175;Manhattan(MinimumTimesMedian);0.30361;8.7619E-07;0.23722;0.10537;0.23223;0.001254;0.0075499;0.0011638;2.2171E-07;0.0010935;0.00036684;0.026844;0.0017384;0.0118;0.014394;0.050258;0.00082602;3.8819E-08;0.00016976;0.00016102;2.0524E-07;6.1381E-05;0.00096785;9.9519E-07;0.0018358;2.4073E-05;0.00015758;1.2564E-05;0.00025097;0.00063909
44;6.3001;54.441;3;1;0.25;150;175;Manhattan(MinimumTimesMedian);0.33083;0.00031196;0.27654;0.13486;0.17606;6.3532E-05;0.019415;2.1208E-05;6.0123E-05;0.017275;0.0019705;0.007117;9.1367E-05;0.00028485;1.5505E-05;0.034536;2.0383E-06;9.593E-05;1.8593E-05;1.9215E-05;1.5246E-06;1.9135E-05;8.6653E-05;1.965E-06;0.00017794;4.9858E-05;2.4775E-05;3.0349E-05;1.7128E-05;2.7304E-09
45;6.2804;54.27;3;1;0.25;150;175;Manhattan(MinimumTimesMedian);0.2929;7.2352E-05;0.26076;0.1181;0.2397;7.9544E-05;0.00487;1.6803E-05;5.3099E-05;0.0028994;4.7768E-05;0.0055203;4.9714E-05;0.011031;0.01079;0.052808;7.4673E-06;1.6509E-07;6.7101E-06;4.1859E-05;6.4957E-06;5.1263E-05;2.9095E-05;3.2966E-05;5.5739E-05;4.5725E-06;8.2916E-06;8.6191E-06;2.7884E-05;2.0437E-05
46;6.3513;54.882;3;1;0.25;150;175;Manhattan(MinimumTimesMedian);0.33909;2.2315E-05;0.23617;0.11794;0.12075;0.00034852;0.024149;0.00020696;0.00035212;0.0066493;0.00037654;0.0033265;8.804E-05;0.013961;0.035628;0.099356;1.5995E-05;5.257E-05;1.7808E-06;0.0001254;0.00045971;1.2251E-05;2.6263E-05;8.1934E-06;0.00068079;0.0001843;1.8504E-05;7.5442E-10;2.2217E-06;1.2517E-07
47;6.0094;51.929;3;1;0.25;150;175;Manhattan(MinimumTimesMedian);0.25638;0.00018704;0.20074;0.15513;0.10695;0.00017596;0.022316;5.7888E-06;0.00033937;0.065767;0.00038445;0.00084985;2.4728E-05;0.067334;6.7149E-06;0.12208;4.8734E-05;1.9763E-05;0.0003655;1.0263E-05;1.7338E-06;2.52E-06;0.00020001;6.0274E-07;1.5698E-05;0.00023865;1.4985E-06;0.00012852;0.00018671;0.00011384
48;6.2589;54.084;3;1;0.25;150;175;Manhattan(MinimumTimesMedian);0.29777;0.00020738;0.25857;0.11967;0.24173;4.9848E-05;0.0079205;1.0912E-05;4.8747E-06;1.2078E-05;5.5335E-05;0.0034391;3.4694E-05;0.0018171;0.010108;0.057067;0.00016056;2.0361E-05;0.00016603;6.6918E-05;7.8296E-05;6.943E-05;4.0191E-07;0.00018615;0.0002778;0.00017372;3.8062E-05;6.8547E-05;1.7166E-06;0.00023011
49;5.7903;50.035;3;1;0.25;150;175;Manhattan(MinimumTimesMedian);0.20107;3.1276E-09;0.16314;0.15284;0.19749;5.1307E-05;0.01612;2.6465E-07;7.4512E-05;0.19351;5.8563E-07;5.6461E-06;0.010321;2.5328E-06;4.516E-06;0.065298;1.1756E-07;1.1366E-05;1.0043E-06;4.0132E-06;1.6982E-06;8.4816E-06;9.3372E-06;4.3432E-06;2.2821E-07;4.1854E-06;1.7681E-06;2.3112E-05;1.2823E-06;5.3964E-08
50;6.3116;54.54;3;1;0.25;150;175;Manhattan(MinimumTimesMedian);0.29146;0.0001251;0.26314;0.10249;0.23495;3.9855E-05;0.01952;5.035E-07;1.6058E-05;0.00070256;0.00017964;0.0012682;0.00097144;0.007422;0.026087;0.05145;1.1494E-05;5.7952E-05;8.6485E-06;1.0992E-05;2.5396E-05;1.1534E-06;1.8284E-05;6.2127E-06;9.791E-06;8.0662E-06;8.7955E-06;3.8589E-07;1.0628E-10;1.3257E-05
51;4.5277;9779.6;3;1;0.25;150;175;Manhattan(Summation);1.6038E-07;3.8533E-08;1.9699E-08;4.6486E-10;2.1178E-08;3.3898E-08;1;2.4757E-08;3.9757E-09;4.827E-09;2.0049E-08;1.7705E-10;2.2937E-08;9.7143E-09;1.4451E-08;1.5894E-08;1.7589E-08;4.8236E-08;5.0337E-09;5.4793E-08;3.9971E-09;5.5979E-14;1.1985E-08;1.989E-08;2.2438E-10;3.0935E-09;2.9067E-08;4.3475E-08;2.0669E-08;5.9718E-09
52;4.5277;9779.6;3;1;0.25;150;175;Manhattan(Summation);8.9475E-08;5.9911E-09;1.2905E-09;5.4378E-08;1.7867E-08;3.6E-09;1;1.0634E-09;8.6751E-09;7.1384E-10;1.2118E-10;1.0656E-08;3.072E-09;3.3566E-08;2.7715E-08;1.1294E-08;1.4275E-09;3.7243E-09;1.5877E-09;2.0803E-11;8.8597E-11;1.8267E-09;1.2783E-08;4.4029E-11;3.915E-08;1.5995E-09;8.1027E-11;3.073E-11;1.5772E-08;1.4352E-09
53;4.5277;9779.6;3;1;0.25;150;175;Manhattan(Summation);2.5115E-07;5.3588E-10;7.8147E-08;3.8444E-08;2.2274E-08;7.3475E-10;1;2.3971E-08;1.0049E-08;3.6529E-09;1.4141E-08;7.846E-09;6.0838E-08;4.4008E-09;1.7381E-08;7.3436E-10;5.522E-09;9.9888E-10;3.636E-09;5.5628E-09;9.8636E-09;2.0072E-09;2.1968E-09;2.7396E-10;1.1243E-08;3.4159E-08;9.7652E-10;1.4797E-08;5.4748E-11;3.2972E-08
54;4.5277;9779.6;3;1;0.25;150;175;Manhattan(Summation);7.3038E-08;1.1197E-07;2.2311E-09;3.1393E-07;3.4324E-09;3.7576E-08;1;3.7583E-10;6.2985E-08;4.4328E-08;1.3675E-09;1.5635E-07;2.7342E-08;2.4881E-08;1.1232E-10;2.7365E-08;1.3574E-11;7.8162E-08;1.0247E-08;2.8066E-10;1.5106E-08;4.8255E-09;3.2493E-08;6.5661E-10;2.6081E-09;1.5213E-09;4.5056E-09;4.9232E-09;1.1045E-09;5.4146E-10
55;4.5277;9779.6;3;1;0.25;150;175;Manhattan(Summation);5.0269E-10;2.7836E-10;9.3E-09;1.3526E-07;6.1001E-09;3.108E-08;1;7.4564E-10;4.8448E-08;4.765E-10;8.9903E-08;2.5475E-08;2.2966E-09;8.0629E-09;3.0107E-08;8.0693E-08;1.0259E-08;2.8133E-09;5.1505E-08;5.5571E-10;1.7491E-09;3.0186E-09;2.5137E-09;7.6957E-10;3.1593E-08;1.8944E-08;5.3872E-09;7.2028E-09;5.2225E-08;4.1694E-10
56;4.5277;9779.6;3;1;0.25;150;175;Manhattan(Summation);2.3214E-08;4.6564E-08;1.2307E-08;1.1425E-09;5.455E-09;3.2962E-10;1;3.6438E-09;1.6436E-09;7.2315E-12;1.9902E-08;2.4653E-08;5.0184E-10;7.394E-11;3.72E-08;1.8892E-09;3.7999E-09;3.8093E-09;8.5825E-10;3.152E-09;1.7171E-10;8.846E-10;1.6295E-09;1.1305E-09;3.5624E-08;1.3153E-08;2.8193E-09;1.2857E-09;2.9933E-10;1.2639E-08
57;4.5277;9779.6;3;1;0.25;150;175;Manhattan(Summation);7.5198E-09;1.5317E-08;4.2002E-08;8.0327E-08;5.3212E-09;2.6894E-08;1;1.3411E-10;3.5776E-09;3.7912E-08;1.577E-08;4.1688E-09;1.7758E-09;7.2448E-10;2.215E-07;1.1886E-07;1.8066E-07;7.7379E-09;8.374E-08;3.5965E-08;7.8381E-09;2.2888E-08;2.18E-08;2.8183E-10;7.0691E-09;1.3295E-09;7.3673E-08;4.5455E-08;9.6127E-09;1.3776E-09
58;4.5277;9779.6;3;1;0.25;150;175;Manhattan(Summation);4.9724E-08;1.0113E-09;9.9423E-09;1.1712E-09;9.0566E-09;1.9647E-08;1;2.7112E-10;8.7125E-10;1.2977E-09;2.546E-08;9.8346E-09;3.342E-10;6.1727E-09;7.463E-09;1.1773E-08;3.9813E-10;3.3281E-09;1.6139E-08;7.2857E-10;9.1208E-10;2.2384E-09;1.6106E-10;5.9817E-10;7.1821E-09;5.2283E-13;6.0111E-09;8.1923E-09;5.9247E-09;5.9941E-10
59;4.5277;9779.6;3;1;0.25;150;175;Manhattan(Summation);7.5175E-09;2.8725E-08;1.4686E-08;1.0469E-09;7.5995E-09;2.9122E-08;1;7.817E-10;1.0244E-07;2.0593E-07;5.2607E-09;1.118E-07;2.5351E-07;5.1306E-08;1.1728E-08;3.9659E-08;2.8803E-08;7.8187E-09;1.7117E-07;4.1376E-09;1.4706E-09;9.1634E-08;1.3139E-07;1.7415E-08;4.7304E-08;1.4611E-07;2.9628E-09;1.0992E-09;6.7784E-09;1.3178E-07
60;4.5277;9779.6;3;1;0.25;150;175;Manhattan(Summation);1.9753E-08;4.157E-08;8.7398E-09;4.2172E-09;1.5926E-09;3.8267E-10;1;1.1346E-08;7.0059E-09;2.5753E-08;7.3189E-09;2.439E-09;1.464E-08;2.5741E-09;2.0203E-10;1.0285E-08;2.0512E-09;1.2497E-08;2.6543E-10;6.8205E-09;2.3865E-08;4.238E-08;7.3419E-09;3.3523E-10;3.7874E-12;6.2853E-12;9.4704E-10;2.8782E-08;1.4963E-08;1.1838E-09
61;10.908;22.482;3;1;0.25;150;175;Euclidean(Average);1.0948E-09;2.8513E-11;1.268E-08;5.2739E-10;9.0762E-09;2.3679E-08;1;4.2937E-09;1.3016E-10;1.928E-09;1.4183E-08;1.5381E-09;3.6377E-08;3.4043E-08;2.4312E-09;3.6807E-09;3.321E-09;1.6491E-10;1.1789E-09;1.4012E-09;6.3371E-11;2.7122E-09;1.1888E-08;2.1779E-08;3.1024E-08;1.0182E-08;3.4191E-08;1.1653E-08;2.2474E-09;1.2707E-08
62;10.908;22.482;3;1;0.25;150;175;Euclidean(Average);4.5227E-09;4.3168E-09;8.0357E-09;1.3584E-08;3.3848E-11;5.928E-10;1;2.4838E-10;1.7347E-09;1.4306E-08;1.3695E-08;1.8479E-09;2.3351E-10;1.2187E-08;2.4247E-08;9.0208E-09;4.0985E-10;9.7881E-09;2.1276E-10;3.913E-10;1.3285E-10;1.2396E-12;5.0347E-10;3.3096E-08;8.4569E-09;2.9704E-09;8.5526E-09;3.8966E-10;8.1421E-09;4.1701E-09
63;10.908;22.482;3;1;0.25;150;175;Euclidean(Average);2.6019E-08;3.2025E-08;3.4561E-10;1.852E-08;5.8615E-08;1.4779E-10;1;2.8393E-10;4.6826E-09;3.2638E-10;9.8561E-09;4.7813E-08;3.4536E-08;2.7071E-10;4.1483E-08;3.9311E-09;1.7604E-08;2.9108E-10;8.4193E-08;8.1046E-10;5.1703E-10;2.5544E-08;7.756E-09;3.9766E-08;9.3709E-09;6.5425E-09;2.5906E-08;3.5707E-08;7.2817E-09;1.4064E-08
64;10.908;22.482;3;1;0.25;150;175;Euclidean(Average);1.6314E-09;1.0235E-09;9.2228E-09;5.6236E-09;3.4166E-09;3.5598E-10;1;1.0507E-09;4.783E-14;7.438E-09;1.8286E-09;4.8018E-08;1.8843E-08;9.0023E-08;2.2955E-08;2.243E-08;6.2832E-08;7.4434E-10;1.9967E-09;2.9732E-09;2.9569E-08;2.6111E-08;3.3956E-09;1.6524E-09;2.405E-08;9.7056E-11;9.0253E-09;9.2876E-08;1.0399E-09;1.8185E-09
65;10.908;22.482;3;1;0.25;150;175;Euclidean(Average);4.1672E-09;2.838E-08;1.3009E-08;3.956E-08;5.4478E-09;2.6139E-08;1;4.7363E-09;1.1074E-09;1.5859E-09;3.6534E-08;2.831E-09;4.3237E-09;7.8516E-09;2.9985E-10;7.1896E-09;1.1747E-08;4.1574E-09;3.6686E-10;9.0845E-09;5.0301E-10;1.7963E-10;1.9148E-10;2.1441E-08;5.6458E-09;1.4269E-08;1.8994E-08;9.8254E-09;8.0447E-09;2.7845E-10
66;10.908;22.482;3;1;0.25;150;175;Euclidean(Average);1.8748E-10;1.0792E-08;8.1048E-10;3.9893E-09;5.3952E-12;3.0409E-10;1;2.8673E-09;1.1204E-11;9.1551E-10;2.0579E-08;3.9466E-09;2.9057E-10;1.098E-08;1.5299E-09;3.8276E-08;1.4046E-08;5.8647E-09;5.5825E-09;2.3284E-09;6.5085E-10;1.7305E-09;1.357E-08;7.3793E-09;8.5063E-09;9.3627E-10;1.8562E-08;2.0779E-11;7.0107E-09;5.6327E-09
67;10.908;22.482;3;1;0.25;150;175;Euclidean(Average);4.3814E-09;2.2637E-08;7.5923E-09;3.3382E-09;5.9098E-11;5.6015E-09;1;5.7861E-09;3.1926E-09;2.5956E-09;1.277E-09;1.1699E-08;1.5592E-08;5.2416E-10;1.5765E-08;4.2044E-09;1.4883E-10;5.6178E-08;1.5203E-08;4.4848E-09;9.2465E-09;2.9546E-09;9.1983E-10;5.955E-09;2.0892E-10;4.2309E-08;2.1694E-08;1.2978E-08;9.3313E-10;5.6738E-10
68;10.908;22.482;3;1;0.25;150;175;Euclidean(Average);2.2026E-09;4.9167E-10;1.6285E-09;3.3775E-10;2.4735E-09;5.8736E-09;1;4.0174E-10;4.2574E-08;1.8752E-10;1.8913E-10;1.2265E-08;1.8336E-08;2.6371E-08;9.71E-10;1.3322E-09;7.2357E-10;7.4721E-09;8.324E-10;3.3103E-08;1.1983E-08;1.8886E-09;5.8616E-09;2.488E-09;5.086E-09;3.2268E-09;1.789E-09;5.3675E-09;2.7259E-10;3.9125E-09
69;10.908;22.482;3;1;0.25;150;175;Euclidean(Average);3.1365E-08;9.6225E-09;1.2488E-10;6.8959E-10;5.8574E-09;9.2328E-09;1;4.8483E-08;3.5284E-10;1.5391E-08;9.5407E-09;6.1903E-09;1.6474E-09;1.2757E-08;8.3189E-09;1.5283E-09;3.2441E-09;3.1874E-08;2.6763E-09;1.7693E-08;6.1166E-09;5.3695E-09;5.1842E-10;1.3417E-11;4.9532E-08;3.1156E-08;7.3596E-11;8.6248E-09;3.0166E-10;1.9489E-09
70;10.908;22.482;3;1;0.25;150;175;Euclidean(Average);1.851E-08;4.755E-08;3.1862E-08;2.488E-08;2.0743E-09;3.3907E-08;1;6.0503E-09;1.8231E-08;7.4344E-10;1.318E-08;1.638E-10;8.1889E-11;2.9799E-09;2.5072E-10;4.6553E-09;1.8135E-08;1.1839E-08;4.3912E-08;1.3546E-09;2.102E-08;2.2711E-09;4.1555E-09;1.2266E-09;2.6943E-09;4.0751E-09;2.838E-08;1.4459E-08;1.6114E-08;1.8657E-09
71;7.6373;12.633;3;1;0.25;150;175;Euclidean(GeometricAverage);1;3.271E-09;3.7899E-08;2.6961E-08;2.0115E-10;5.4931E-09;1.5735E-09;5.8271E-08;1.1611E-08;5.6705E-11;1.2629E-08;6.1226E-08;2.9087E-10;1.9636E-08;3.4397E-08;1.2218E-08;3.2063E-09;3.5449E-10;3.3925E-09;1.21E-07;3.9675E-08;1.5607E-09;1.5057E-08;7.8481E-08;5.1193E-09;1.2601E-08;3.7438E-09;1.317E-09;7.6734E-09;8.8148E-08
72;7.6373;12.633;3;1;0.25;150;175;Euclidean(GeometricAverage);1;1.1708E-10;2.4007E-08;1.8355E-08;4.7455E-08;9.2692E-10;2.4337E-08;1.6278E-09;4.5016E-09;2.2296E-08;4.1574E-08;2.8766E-08;7.0237E-09;5.1912E-09;1.2437E-08;1.9987E-08;5.261E-09;8.5385E-10;4.2181E-10;4.3261E-11;7.3919E-08;8.2643E-09;7.1411E-08;1.5386E-08;5.5219E-10;5.6429E-09;1.0289E-08;8.0101E-09;8.7613E-09;1.5272E-09
73;7.6373;12.633;3;1;0.25;150;175;Euclidean(GeometricAverage);1;2.8756E-08;9.9305E-09;1.9735E-08;2.4968E-09;2.2678E-09;1.1887E-08;4.5704E-08;2.6381E-09;5.6601E-08;6.0287E-09;6.3888E-09;3.7991E-10;6.4089E-09;8.301E-09;1.3323E-09;3.5945E-08;2.2365E-08;3.5874E-09;2.973E-08;5.7035E-10;8.0607E-08;3.8961E-07;2.471E-08;5.4121E-08;2.9206E-08;6.6336E-10;4.0437E-12;4.5237E-08;1.1668E-08
74;7.6373;12.633;3;1;0.25;150;175;Euclidean(GeometricAverage);1;2.7361E-10;2.3118E-08;2.8636E-09;4.8391E-09;3.6073E-10;5.7354E-10;3.6588E-08;1.0348E-08;2.7898E-09;1.5736E-09;4.7306E-09;3.2469E-09;7.8474E-10;1.454E-08;5.4917E-09;1.0196E-08;9.0987E-09;1.5941E-08;1.686E-08;4.3195E-09;1.5058E-08;1.6911E-08;6.8879E-09;1.3262E-09;1.3801E-13;6.4824E-09;1.7526E-08;2.1724E-08;7.4156E-11
75;7.6373;12.633;3;1;0.25;150;175;Euclidean(GeometricAverage);1;2.6451E-09;6.6955E-09;5.9881E-09;3.6358E-10;1.701E-09;2.3623E-08;1.3451E-09;1.0966E-09;3.1849E-08;5.0409E-08;6.9781E-09;1.0322E-09;6.0602E-09;2.5089E-09;5.5555E-09;5.2637E-10;1.0678E-08;1.6648E-09;2.8416E-08;2.2073E-09;2.2269E-08;4.1366E-08;2.1086E-08;3.8396E-09;1.1757E-08;2.8068E-08;8.8259E-10;1.6153E-08;1.7607E-08
76;7.6373;12.633;3;1;0.25;150;175;Euclidean(GeometricAverage);1;3.0439E-08;3.6342E-10;2.0316E-08;4.4808E-09;2.5615E-09;1.5773E-08;6.4757E-11;5.6488E-08;7.1235E-09;2.1437E-09;5.8776E-09;4.4454E-08;8.4345E-10;1.683E-08;4.1692E-08;1.7836E-08;7.9086E-10;2.3882E-09;5.3447E-09;5.0417E-10;2.3809E-11;3.1554E-09;3.9201E-08;1.1665E-12;4.9245E-09;7.3568E-09;1.7393E-09;4.4667E-11;4.4194E-08
77;7.6373;12.633;3;1;0.25;150;175;Euclidean(GeometricAverage);1;2.8958E-08;1.7135E-08;8.8331E-09;3.6643E-09;2.5865E-09;5.2027E-08;3.1095E-09;5.0327E-08;2.3523E-09;4.5604E-08;7.4314E-09;9.346E-08;9.6975E-10;2.1171E-09;2.3728E-08;8.542E-08;1.7986E-11;5.6581E-09;4.2196E-09;3.2121E-09;1.3562E-07;2.2412E-08;5.5738E-10;2.5925E-11;3.0891E-08;2.9612E-09;2.409E-08;2.3378E-09;1.4006E-08
78;7.6373;12.633;3;1;0.25;150;175;Euclidean(GeometricAverage);1;2.6822E-08;2.833E-08;2.1862E-08;1.5552E-08;4.0957E-08;1.7349E-09;1.4512E-08;1.7529E-10;4.5283E-08;3.3422E-10;3.4689E-08;1.1787E-08;2.2003E-10;2.1867E-09;8.5863E-09;3.6648E-08;5.3484E-11;2.7339E-09;2.9092E-08;3.7737E-09;1.0165E-08;1.0125E-09;3.3213E-08;1.066E-08;4.3687E-10;3.4555E-09;9.3766E-10;5.424E-08;8.0499E-09
79;7.6373;12.633;3;1;0.25;150;175;Euclidean(GeometricAverage);1;2.8921E-09;1.2148E-08;5.7117E-09;4.7556E-08;1.3638E-09;5.1396E-09;2.1469E-08;2.2972E-10;1.8401E-09;2.9838E-08;7.614E-10;9.519E-09;5.7307E-11;3.0338E-09;5.6227E-12;2.2187E-09;6.2186E-09;1.357E-08;7.1749E-09;2.156E-08;7.9909E-09;2.3989E-09;2.9537E-09;1.2081E-10;9.8024E-10;1.8975E-12;1.6497E-10;5.2348E-09;4.6545E-11
80;7.6373;12.633;3;1;0.25;150;175;Euclidean(GeometricAverage);1;5.7239E-08;2.5763E-09;6.7436E-09;4.7569E-10;3.2104E-08;5.3379E-09;2.6134E-10;5.3786E-08;1.1572E-09;9.6369E-09;8.1064E-10;3.16E-08;6.6283E-09;2.3325E-09;4.4578E-10;5.6746E-09;3.3026E-11;9.2858E-08;2.506E-09;1.2255E-10;6.6835E-09;4.3575E-09;1.7476E-09;6.6857E-09;2.0039E-12;4.6521E-08;4.8364E-09;6.4646E-09;1.9231E-10
81;3.653;2.0146;3;1;0.25;150;175;Euclidean(Minimum);0.14929;1.9143E-05;0.089429;0.15265;0.11865;1.2918E-05;0.0001035;1.497E-08;1.2219E-06;0.15404;9.0715E-06;0.099848;0.10906;0.12655;7.3622E-07;1.0351E-07;9.9344E-08;5.3463E-06;0.00011494;1.8404E-06;8.1632E-07;5.8628E-06;4.2731E-06;3.5232E-08;0.00015278;4.1234E-05;3.8862E-06;1.137E-07;5.5422E-07;3.455E-07
82;4.227;2.3312;3;1;0.25;150;175;Euclidean(Minimum);0.24229;1.7476E-06;0.18542;0.213;0.052375;1.0919E-06;1.1947E-07;4.8503E-07;6.8609E-07;0.22771;2.6836E-06;4.0947E-09;0.079181;1.406E-07;1.8872E-06;1.2793E-07;2.1748E-06;1.3067E-07;1.1035E-06;1.378E-06;1.2465E-07;2.6419E-08;1.3146E-07;4.1685E-06;2.1265E-06;9.1529E-08;8.2407E-07;2.2125E-06;3.5168E-06;8.8087E-07
83;4.139;2.2827;3;1;0.25;150;175;Euclidean(Minimum);0.23278;0.00084333;0.18299;0.23126;0.05416;0.00016936;0.00014034;7.3692E-06;8.3595E-06;0.23211;2.7674E-05;0.00039478;0.064012;1.295E-05;0.00010694;5.3285E-05;1.4024E-05;0.00037352;4.154E-05;1.3974E-05;2.8798E-06;0.00017922;3.4174E-05;2.873E-05;1.4177E-05;5.2812E-05;1.6284E-06;3.5763E-05;5.9655E-05;6.662E-05
84;4.6531;2.5662;3;1;0.25;150;175;Euclidean(Minimum);0.32393;1.6396E-09;0.25437;0.25789;0.16379;3.9482E-08;1.614E-07;2.4635E-07;1.4067E-06;5.546E-07;4.2816E-07;1.8789E-07;1.8805E-06;3.9827E-08;8.272E-07;1.7375E-07;5.2982E-09;1.119E-06;6.1477E-07;7.6178E-08;4.7752E-07;4.5411E-07;4.074E-08;1.0205E-06;5.4313E-08;6.0801E-07;4.7322E-08;1.4345E-06;2.1275E-07;9.8353E-07
85;4.2301;2.3329;3;1;0.25;150;175;Euclidean(Minimum);0.24462;5.1145E-06;0.18703;0.21281;0.052185;1.0386E-06;5.7756E-07;1.6806E-06;6.5061E-09;0.22429;1.7313E-06;4.0559E-07;0.079013;1.4317E-05;1.3787E-07;8.2516E-07;5.0814E-07;1.1853E-05;3.7826E-08;7.4219E-07;5.0092E-06;4.3985E-07;2.8558E-07;1.1232E-06;1.5314E-09;2.9083E-08;2.0017E-07;2.4925E-07;6.069E-07;3.7623E-07
86;3.8978;2.1496;3;1;0.25;150;175;Euclidean(Minimum);0.16026;2.1672E-06;0.17473;0.19168;0.054761;0.00019506;6.2961E-06;0.00014758;0.00025424;0.18159;7.9073E-05;3.1164E-06;0.096712;0.13919;1.7162E-05;4.7218E-05;7.2731E-07;1.6157E-05;1.4979E-06;7.8053E-06;6.4626E-05;8.6297E-06;6.441E-05;3.5781E-05;9.6135E-05;2.4855E-06;1.9468E-06;5.903E-08;1.4021E-05;1.506E-05
87;4.228;2.3318;3;1;0.25;150;175;Euclidean(Minimum);0.24378;2.6401E-06;0.18654;0.21234;0.052931;1.2202E-06;4.3477E-06;5.2654E-05;2.5518E-08;0.22532;4.1022E-08;2.4613E-06;0.078962;2.6529E-07;2.8216E-07;7.8467E-06;4.8437E-07;2.1779E-05;1.1225E-05;1.496E-05;3.8207E-07;1.7407E-07;1.8902E-08;9.6373E-07;7.5016E-08;5.335E-06;1.6131E-06;3.0621E-08;1.0706E-07;3.741E-06
88;3.923;2.1636;3;1;0.25;150;175;Euclidean(Minimum);0.15922;8.3619E-07;0.17161;0.19373;0.048796;8.6778E-05;2.8957E-07;4.7251E-06;2.5087E-05;0.19224;8.5521E-06;5.4334E-06;0.096827;0.13709;2.1734E-07;7.9595E-06;6.6405E-05;4.384E-05;1.6244E-05;1.4213E-06;2.5384E-05;1.9754E-08;1.1243E-05;6.0637E-05;2.2777E-06;3.286E-05;8.852E-05;1.2406E-07;1.0192E-06;1.859E-06
89;4.1594;2.2939;3;1;0.25;150;175;Euclidean(Minimum);0.20352;3.5491E-06;0.15744;0.18938;0.085495;4.0342E-06;9.1615E-05;3.1272E-07;2.5566E-05;0.26403;4.9008E-05;3.1172E-05;0.099664;3.0701E-05;3.6762E-05;2.1229E-06;7.8084E-06;8.2575E-07;1.8981E-05;9.2917E-06;3.9299E-05;2.2598E-06;1.1243E-05;5.0925E-05;1.3096E-05;5.1053E-06;1.0625E-07;1.4605E-05;8.5249E-06;9.3217E-06
90;3.6832;2.0313;3;1;0.25;150;175;Euclidean(Minimum);0.15818;2.671E-05;0.153;0.11762;0.05058;2.4835E-05;7.7918E-06;3.4167E-06;0.13282;0.15001;4.2604E-06;1.6106E-07;0.10126;0.13618;3.8236E-06;9.9139E-07;2.4936E-06;7.2653E-08;9.4276E-06;2.389E-05;7.3762E-08;6.6272E-06;4.0857E-06;5.398E-06;4.5562E-06;9.0137E-05;4.7922E-05;1.2566E-05;2.3502E-05;5.2282E-05
91;12.2;18.378;3;1;0.25;150;175;Euclidean(Median);0.93509;3.8105E-08;5.7229E-08;1.1957E-07;6.7144E-08;1.2529E-08;0.064911;6.411E-09;3.3725E-08;1.9718E-09;6.8367E-08;1.8785E-08;8.1977E-08;5.1533E-08;4.9968E-08;3.425E-08;1.3874E-09;1.0832E-08;6.2576E-08;9.9391E-08;4.1248E-08;9.7407E-08;2.414E-07;2.497E-07;3.3295E-08;3.866E-09;1.3771E-09;4.8956E-08;1.3469E-09;1.4184E-11
92;8.2927;12.491;3;1;0.25;150;175;Euclidean(Median);0.46538;1.4825E-06;8.5165E-07;0.53461;5.4004E-08;1.392E-08;4.6579E-08;3.6709E-07;5.7805E-07;5.0439E-09;1.7997E-07;4.9183E-08;1.5492E-08;1.8612E-07;2.591E-08;2.6952E-08;2.8299E-07;1.0191E-08;1.1793E-09;6.4317E-08;5.2683E-07;1.3756E-08;1.0044E-06;7.1555E-08;2.6157E-07;6.8796E-09;1.4224E-08;1.6412E-06;3.2359E-09;1.6014E-08
93;8.2927;12.491;3;1;0.25;150;175;Euclidean(Median);0.46538;6.0148E-08;5.4991E-08;0.53461;7.9475E-09;3.4145E-07;2.142E-08;5.6824E-08;2.2817E-07;2.5694E-07;7.0019E-07;2.3753E-07;9.3906E-09;3.4519E-08;5.5437E-08;4.4698E-09;8.9044E-09;1.5479E-09;3.2824E-07;2.1789E-08;1.7747E-09;1.7493E-07;1.5711E-07;6.8426E-08;7.3741E-07;1.4083E-07;4.1968E-08;1.5132E-08;3.3583E-07;2.8141E-09
94;12.2;18.378;3;1;0.25;150;175;Euclidean(Median);0.93509;1.1884E-08;5.6841E-09;1.5293E-09;1.762E-09;9.4649E-09;0.064911;8.0275E-10;8.7621E-08;1.8203E-08;1.7842E-07;7.4276E-09;1.111E-07;1.3689E-09;6.0059E-09;3.3236E-09;4.2595E-08;9.5578E-09;1.2605E-10;5.5977E-08;8.2875E-08;3.0324E-08;1.7293E-10;1.0162E-07;2.162E-08;7.6005E-10;5.2759E-10;9.6872E-08;6.5213E-09;5.5869E-09
95;12.078;18.194;3;1;0.25;150;175;Euclidean(Median);1;1.4922E-08;1.9567E-08;8.9745E-08;9.8011E-09;1.4257E-08;2.2877E-08;4.7398E-08;6.772E-08;3.437E-08;3.8688E-09;3.9951E-08;4.3688E-09;7.1287E-09;3.184E-09;1.134E-09;1.1079E-10;2.669E-08;3.6586E-10;1.1084E-07;6.7959E-09;1.1028E-09;2.4282E-09;2.0904E-08;4.3469E-08;1.538E-08;2.0737E-09;8.1571E-10;3.7656E-09;2.1123E-09
96;12.199;18.375;3;1;0.25;150;175;Euclidean(Median);0.93446;1.3057E-11;1.6309E-07;2.9754E-09;7.5923E-09;1.6655E-07;0.065535;3.1604E-08;7.5611E-08;4.0121E-10;2.4228E-08;4.8407E-09;5.7179E-08;1.1666E-08;6.2553E-08;1.0953E-08;3.1322E-08;1.0172E-11;2.6526E-08;3.0715E-08;1.0318E-08;6.9599E-08;5.1011E-09;9.0668E-09;1.115E-08;4.1944E-08;5.578E-10;4.4761E-08;5.0714E-08;1.227E-07
97;12.078;18.194;3;1;0.25;150;175;Euclidean(Median);1;1.2123E-07;3.4918E-08;1.0597E-08;1.0492E-07;1.4177E-09;1.0559E-07;8.02E-08;6.5337E-10;1.9586E-07;2.8058E-10;2.5901E-08;3.3911E-09;8.4826E-09;8.72E-09;7.2896E-09;9.0454E-08;3.5007E-08;1.5927E-10;7.1449E-08;1.5297E-08;3.3578E-11;1.9574E-10;1.7471E-09;2.9037E-08;6.3105E-09;8.1757E-08;1.1474E-07;4.7336E-08;8.9101E-08
98;8.2927;12.491;3;1;0.25;150;175;Euclidean(Median);0.46538;3.7351E-08;1.5096E-08;0.53462;1.1666E-08;2.5448E-08;4.9895E-08;3.8476E-07;2.1659E-07;7.0369E-12;7.2435E-08;2.3899E-08;2.0434E-08;1.2062E-08;8.2064E-09;1.8511E-08;2.2079E-08;7.3658E-08;9.0497E-11;1.0827E-08;2.2371E-07;3.2899E-08;5.123E-08;5.4385E-08;1.19E-07;1.7217E-08;1.5751E-07;2.7236E-09;4.1673E-08;2.1101E-07
99;12.2;18.378;3;1;0.25;150;175;Euclidean(Median);0.93508;3.9955E-09;2.0215E-09;1.5564E-07;2.5697E-07;8.1861E-07;0.064912;3.4212E-08;1.007E-06;1.7398E-08;3.9223E-08;9.7238E-08;4.6732E-07;5.2356E-07;3.8844E-07;2.5771E-09;3.6966E-08;2.7781E-07;1.1162E-08;3.8822E-07;4.2921E-07;7.9037E-08;3.0517E-07;1.666E-07;9.3718E-08;3.6797E-10;8.7633E-07;7.5764E-08;2.3873E-07;2.5522E-07
100;12.2;18.378;3;1;0.25;150;175;Euclidean(Median);0.93509;2.1445E-10;4.9903E-10;8.2444E-10;4.5427E-09;4.5375E-09;0.064912;3.6349E-11;1.1439E-08;4.1166E-09;5.1506E-09;3.3298E-08;3.2641E-10;3.3084E-09;9.5967E-09;1.571E-09;3.3663E-09;7.6933E-09;1.4333E-09;5.9617E-10;6.8415E-08;1.5815E-10;3.541E-08;1.2077E-07;5.4591E-11;1.9242E-08;5.0784E-09;3.9494E-08;7.4745E-09;4.1268E-09
101;26.089;21.673;3;1;0.25;150;175;Euclidean(MinimumTimesMedian);0.32946;5.9034E-06;0.25419;0.25263;0.16365;6.691E-08;1.211E-08;2.8976E-06;1.3187E-07;6.6573E-06;2.0418E-05;1.4937E-06;3.2337E-06;3.0554E-06;3.5558E-06;3.8968E-06;8.6101E-08;3.2561E-06;2.3935E-06;2.1681E-06;1.1892E-06;1.531E-07;8.1168E-07;3.1835E-06;1.3261E-06;7.5299E-07;1.33E-06;3.0756E-06;1.2868E-08;3.291E-06
102;26.056;21.646;3;1;0.25;150;175;Euclidean(MinimumTimesMedian);0.33097;1.2863E-05;0.24928;0.24471;0.14823;1.7089E-06;0.026715;1.1945E-07;1.6453E-06;3.2968E-07;3.1145E-06;1.533E-07;6.0206E-06;5.5618E-07;2.3133E-06;1.918E-08;1.033E-05;1.1546E-07;1.4235E-06;3.8844E-07;7.7802E-06;2.0793E-05;2.2367E-08;3.7214E-08;1.8869E-07;7.4222E-08;6.7049E-08;3.1055E-07;1.9851E-05;1.9688E-06
103;25.261;20.985;3;1;0.25;150;175;Euclidean(MinimumTimesMedian);0.31114;1.2537E-08;0.24707;0.25303;0.18875;8.077E-10;7.1666E-07;6.0339E-08;2.2047E-07;2.8876E-08;1.849E-06;1.6899E-09;3.1044E-07;4.6182E-07;1.0363E-07;1.6089E-09;8.2039E-07;4.0098E-07;1.4442E-06;1.0881E-07;4.256E-08;4.5325E-07;2.6226E-07;1.047E-07;4.1238E-09;6.0744E-07;2.5779E-08;1.0512E-06;1.8994E-07;1.5819E-08
104;26.092;21.676;3;1;0.25;150;175;Euclidean(MinimumTimesMedian);0.32943;6.6695E-08;0.2541;0.25278;0.16368;1.0523E-06;1.5568E-06;7.369E-08;1.3755E-07;8.4915E-07;7.7014E-08;1.462E-07;5.4582E-08;4.998E-08;4.035E-08;1.2144E-09;1.7102E-07;5.2107E-08;7.4659E-07;3.5056E-08;2.6271E-06;1.5457E-09;6.8274E-07;2.836E-07;1.0468E-07;8.6324E-08;2.4564E-07;8.552E-08;2.1045E-07;5.5512E-07
105;26.091;21.674;3;1;0.25;150;175;Euclidean(MinimumTimesMedian);0.33929;1.8554E-06;0.25228;0.24583;0.1625;3.1231E-06;1.023E-06;1.6689E-05;6.3677E-07;2.7103E-08;1.8283E-07;6.3299E-07;9.3941E-07;1.8449E-06;1.3213E-05;2.1459E-06;5.2245E-06;7.1784E-07;2.2987E-06;1.5016E-06;8.9418E-07;8.7655E-06;1.4313E-06;2.6918E-07;5.0415E-07;3.2873E-06;2.5098E-08;1.1649E-06;1.0693E-06;2.7397E-05
106;26.058;21.647;3;1;0.25;150;175;Euclidean(MinimumTimesMedian);0.32907;2.5976E-07;0.25385;0.25259;0.1645;5.1753E-09;1.3283E-07;3.9044E-08;8.4571E-10;1.1778E-08;2.4244E-08;1.6856E-08;1.9157E-08;9.2952E-08;1.1768E-07;4.0934E-09;1.1093E-07;2.946E-11;1.3441E-07;1.7079E-10;2.296E-08;1.3243E-07;5.1417E-08;2.5835E-08;2.876E-08;2.2981E-08;2.7073E-07;8.859E-08;4.8176E-08;3.5476E-09
107;26.095;21.678;3;1;0.25;150;175;Euclidean(MinimumTimesMedian);0.3295;5.9803E-10;0.25413;0.2527;0.16367;4.7311E-08;9.5543E-09;4.3775E-07;3.1425E-10;1.492E-07;3.8954E-08;7.1679E-09;3.6114E-07;4.4821E-08;1.9557E-07;5.3608E-08;7.3213E-07;1.4296E-07;4.8247E-08;1.1304E-07;1.7021E-06;5.0114E-07;3.4955E-08;1.6127E-08;7.1305E-10;1.0311E-07;1.1586E-09;3.0782E-10;3.9761E-07;1.3516E-07
108;26.112;21.692;3;1;0.25;150;175;Euclidean(MinimumTimesMedian);0.33297;5.3544E-08;0.24864;0.24394;0.14749;6.721E-08;0.026937;4.623E-07;2.3471E-06;1.1476E-06;7.1108E-07;9.7192E-08;4.6246E-09;1.5831E-09;1.6203E-07;2.3262E-07;1.9094E-06;2.2007E-07;1.2992E-07;5.8035E-08;7.7815E-07;3.1134E-09;1.3274E-06;1.5155E-07;3.1324E-09;2.099E-08;1.621E-07;5.6135E-07;3.4624E-07;5.1444E-08
109;25.996;21.596;3;1;0.25;150;175;Euclidean(MinimumTimesMedian);0.3221;1.7893E-08;0.25344;0.26138;0.16307;1.9007E-07;2.0138E-07;6.5725E-08;9.4165E-08;5.7303E-07;3.1214E-08;4.6087E-08;7.3094E-08;1.3139E-06;6.1803E-08;1.1499E-08;1.1555E-06;1.1326E-07;5.4776E-07;1.3564E-06;3.3715E-07;1.3874E-08;1.3088E-08;7.0982E-07;5.9937E-07;2.9648E-08;3.0695E-07;1.8727E-07;8.8406E-07;5.9278E-07
110;26.068;21.655;3;1;0.25;150;175;Euclidean(MinimumTimesMedian);0.33057;4.9751E-07;0.25346;0.25049;0.16547;1.8139E-08;1.3592E-08;4.0172E-08;2.2725E-07;4.2648E-07;5.6278E-10;4.7135E-07;1.3088E-07;1.1717E-06;8.7762E-09;2.5913E-08;2.7233E-07;3.2081E-07;4.1407E-07;1.3099E-07;3.072E-07;1.0286E-11;1.3765E-08;1.629E-08;4.2667E-07;6.005E-07;4.9061E-09;5.8285E-08;5.4585E-07;2.3794E-07
111;10.908;9779.6;3;1;0.25;150;175;Euclidean(Summation);9.2381E-10;9.2822E-08;9.1543E-09;2.7005E-08;1.0556E-09;9.9834E-09;1;1.4896E-08;5.8506E-09;6.1873E-09;9.735E-08;3.1356E-10;5.9904E-09;1.489E-08;1.7281E-10;3.9178E-09;1.4218E-09;1.3205E-08;9.5549E-09;1.961E-10;3.6295E-08;5.3851E-09;5.5666E-09;1.6214E-08;3.8942E-09;1.559E-09;3.7718E-09;2.4969E-08;3.7659E-09;1.0872E-09
112;10.908;9779.6;3;1;0.25;150;175;Euclidean(Summation);4.6653E-09;4.0655E-08;8.8711E-09;1.1365E-08;8.221E-09;5.4335E-09;1;5.1467E-09;1.7707E-08;1.4693E-08;2.6891E-08;1.0368E-10;5.0688E-09;1.2775E-09;2.2627E-10;4.2786E-08;3.2623E-09;4.1426E-09;4.8591E-11;9.1997E-12;8.2914E-09;1.7059E-08;4.1339E-09;4.3205E-09;1.8724E-08;6.3718E-10;7.7968E-09;1.1227E-08;2.1631E-08;2.9817E-09
113;10.908;9779.6;3;1;0.25;150;175;Euclidean(Summation);2.6742E-10;9.6384E-08;1.9754E-09;5.03E-09;1.7916E-08;1.9359E-08;1;2.7544E-10;9.476E-10;2.1421E-11;2.2178E-09;6.1956E-09;1.6435E-09;9.9917E-12;3.8741E-10;1.4557E-09;1.1064E-11;2.2971E-08;2.115E-10;3.2352E-08;5.6173E-10;1.7788E-10;2.2241E-08;6.7152E-10;3.9808E-09;3.7473E-09;1.7339E-10;4.5974E-08;1.2449E-08;2.1878E-08
114;10.908;9779.6;3;1;0.25;150;175;Euclidean(Summation);1.2342E-08;1.6735E-09;1.8191E-09;1.9115E-09;1.9688E-09;3.5145E-08;1;1.3067E-09;5.5652E-09;2.2021E-08;1.4558E-10;4.7223E-10;5.8908E-09;2.2988E-09;7.0523E-10;6.9531E-10;1.9684E-09;4.2732E-11;4.5071E-08;9.3899E-09;3.2216E-09;8.3461E-09;1.7011E-10;4.6036E-09;4.1109E-10;1.1386E-08;2.113E-09;1.5174E-08;1.1791E-08;1.327E-09
115;10.908;9779.6;3;1;0.25;150;175;Euclidean(Summation);1.8778E-08;8.3305E-10;1.38E-08;5.2631E-09;7.061E-09;2.7269E-08;1;1.3227E-08;8.2575E-11;4.0254E-08;6.2672E-08;6.1332E-09;9.2561E-08;1.5512E-08;5.3451E-09;4.0764E-08;1.012E-08;1.2547E-08;4.9684E-10;4.752E-09;5.3043E-08;2.4889E-08;2.4765E-08;1.2308E-08;2.6254E-08;1.8658E-09;1.2772E-09;9.2664E-08;5.1428E-09;2.9519E-09
116;10.908;9779.6;3;1;0.25;150;175;Euclidean(Summation);1.7561E-08;2.1174E-11;3.8331E-09;1.7915E-12;2.7058E-09;1.5136E-08;1;6.4839E-09;1.0879E-09;2.6534E-08;3.1865E-09;1.5253E-08;1.2478E-09;3.849E-10;1.3775E-09;2.9083E-10;9.2852E-09;2.0993E-10;1.8637E-08;2.152E-10;5.1541E-09;1.1484E-09;4.3241E-08;9.3576E-10;1.4017E-08;8.4451E-09;4.0102E-08;1.6302E-08;1.6707E-08;1.0744E-08
117;10.908;9779.6;3;1;0.25;150;175;Euclidean(Summation);2.0369E-09;8.8864E-09;4.1312E-10;9.1055E-09;3.8559E-09;3.2579E-09;1;7.925E-10;3.6693E-10;1.5544E-09;3.2792E-09;1.2922E-12;1.7869E-09;6.0169E-11;4.7505E-09;1.424E-08;1.7916E-09;2.9528E-09;3.3716E-09;9.8198E-12;2.195E-09;3.4823E-11;1.9876E-11;1.1996E-08;3.0239E-11;1.13E-09;6.0284E-10;1.1193E-09;4.0461E-11;1.8693E-10
118;10.908;9779.6;3;1;0.25;150;175;Euclidean(Summation);9.1389E-09;1.0159E-08;1.9126E-09;1.5193E-08;1.4792E-10;3.8547E-09;1;4.8321E-11;7.8215E-10;2.0873E-08;3.6936E-08;2.992E-08;5.3951E-09;1.6708E-09;2.2996E-08;3.1493E-10;2.595E-08;1.1859E-09;1.5431E-08;1.1639E-09;6.4694E-09;2.3009E-08;3.2928E-09;4.9248E-09;2.1151E-08;9.568E-10;4.9108E-08;4.2008E-12;2.999E-08;5.4038E-09
119;10.908;9779.6;3;1;0.25;150;175;Euclidean(Summation);1.3673E-08;2.0023E-11;1.0585E-08;2.0899E-10;2.7618E-11;5.5256E-10;1;7.4965E-09;3.854E-09;4.5013E-12;1.1423E-08;1.023E-09;1.0451E-07;4.8102E-10;1.0363E-08;6.6403E-08;1.6355E-08;1.3434E-08;2.9326E-10;2.539E-09;1.0985E-08;7.8117E-09;8.5401E-09;3.0695E-08;1.8481E-08;1.8924E-08;8.5563E-09;1.3676E-08;1.5153E-08;3.6922E-10
120;10.908;9779.6;3;1;0.25;150;175;Euclidean(Summation);2.0881E-10;6.566E-09;2.7941E-09;9.2485E-10;3.166E-09;1.7899E-09;1;2.7426E-09;2.7478E-09;5.9683E-10;3.1803E-08;9.6566E-09;1.4412E-09;2.3309E-11;1.6911E-09;1.125E-09;2.0556E-09;2.302E-10;1.6806E-09;4.2026E-10;7.5657E-09;1.2158E-08;6.718E-09;1.6978E-09;2.5577E-09;1.7098E-08;2.4751E-11;1.3542E-08;5.7932E-09;7.9031E-09
differential evolutions parameters, by distance
i;dDE / dP;distance;type;parentWeight;crossover;population;iterations;distance;weights ->
1;2.3262;4.6148;3;1;0.25;150;175;Manhattan(Minimum);0.13571;0.00017068;0.091999;0.064422;0.059394;1.0336E-07;0.0011101;3.7883E-07;0.1165;0.13673;0.029928;0.01029;0.12213;0.12836;0.10307;1.0674E-07;6.3768E-06;1.1508E-05;4.1198E-06;5.3825E-05;6.9131E-07;2.2358E-07;4.0015E-05;6.1302E-06;4.5812E-08;2.0937E-05;1.2163E-05;5.9294E-06;4.8441E-06;1.3034E-05
2;2.3303;4.6228;3;1;0.25;150;175;Manhattan(Minimum);0.14747;0.00042411;0.081837;0.06674;0.068575;0.00016309;0.010488;8.5615E-05;0.072525;0.14457;0.06133;0.011585;0.12386;0.11689;0.091325;0.00064994;0.00016513;8.7696E-07;5.1347E-05;0.00014569;0.00048029;3.2842E-05;6.3259E-05;0.00029757;0.00011071;3.9492E-06;2.5213E-05;3.3774E-05;5.194E-05;1.0065E-05
3;2.3325;4.6273;3;1;0.25;150;175;Manhattan(Minimum);0.13999;0.0014071;0.073114;0.079244;0.069512;2.9018E-06;0.0010506;3.9869E-06;0.068273;0.1395;0.056395;0.01859;0.12274;0.11741;0.11063;0.00025138;1.1341E-05;0.00025432;1.0171E-05;0.00036331;7.7539E-06;7.2807E-06;0.00011228;0.00010563;0.00018283;0.00048659;3.4291E-05;0.00013491;5.5363E-05;0.00011174
4;2.3347;4.6316;3;1;0.25;150;175;Manhattan(Minimum);0.14612;0.00019448;0.068521;0.075576;0.074669;4.7753E-06;0.0048125;5.4322E-06;0.049221;0.14803;0.073284;0.011521;0.11657;0.11305;0.10469;0.013292;1.5553E-06;1.2423E-06;5.9218E-07;7.8971E-06;1.9972E-07;6.167E-06;1.0798E-05;2.7462E-06;1.8445E-05;2.2045E-05;1.5899E-05;2.7793E-05;0.0002103;0.0001204
5;2.3365;4.6353;3;1;0.25;150;175;Manhattan(Minimum);0.14235;0.00031346;0.079193;0.075832;0.069128;4.602E-07;0.0007064;0.00019338;0.078807;0.14242;0.046673;0.021774;0.12249;0.12095;0.096578;0.0014638;1.7434E-05;2.8332E-05;0.00012613;5.5695E-05;2.844E-05;8.6142E-07;8.7173E-06;6.4622E-06;8.5525E-05;7.8923E-05;8.7363E-05;1.6246E-05;0.00053768;4.8848E-05
6;2.338;4.6382;3;1;0.25;150;175;Manhattan(Minimum);0.15053;0.00047312;0.089334;0.078459;0.069047;0.00030146;0.0032327;8.8061E-08;0.066604;0.15324;0.048761;0.02125;0.12836;0.1172;0.070954;5.969E-09;3.39E-05;8.8184E-05;0.00026642;0.00027141;0.0010233;8.7429E-05;7.8847E-05;7.5408E-05;6.7879E-08;4.467E-05;4.7729E-05;2.0785E-06;6.3151E-05;0.00017144
7;2.3385;4.6392;3;1;0.25;150;175;Manhattan(Minimum);0.1408;0.001019;0.066587;0.082053;0.065155;3.9651E-05;0.001162;1.02E-05;0.057241;0.12365;0.045917;0.032489;0.12826;0.11426;0.13996;3.017E-05;4.2166E-05;6.9454E-07;3.2377E-05;0.0001951;1.8552E-05;8.108E-06;0.00021783;0.00032435;1.0939E-05;6.5889E-05;7.1207E-05;0.00017024;0.00021031;2.7923E-09
8;2.3394;4.6409;3;1;0.25;150;175;Manhattan(Minimum);0.14051;0.00013606;0.071996;0.078936;0.068094;0.00010856;0.0022794;1.3402E-06;0.063301;0.13828;0.049442;0.023598;0.1313;0.11331;0.11701;0.00049802;1.382E-05;1.8467E-05;0.00017087;0.00010114;0.0005063;2.6713E-10;5.0432E-05;2.5481E-05;6.1933E-05;1.8603E-05;0.00011212;2.3134E-05;6.2401E-05;4.7463E-05
9;2.3423;4.6468;3;1;0.25;150;175;Manhattan(Minimum);0.13851;1.4226E-05;0.066572;0.083765;0.068544;2.039E-06;0.00014343;2.0222E-08;0.057196;0.13067;0.049287;0.029223;0.12699;0.11303;0.1356;9.341E-06;2.5682E-05;3.1635E-06;9.0108E-05;6.8893E-05;1.1955E-06;7.2281E-05;2.8367E-05;6.0847E-05;2.1539E-05;3.775E-05;1.0976E-07;7.6647E-06;1.5613E-05;1.3432E-05
10;2.3444;4.6508;3;1;0.25;150;175;Manhattan(Minimum);0.15176;1.9419E-06;0.078976;0.075328;0.071967;7.7139E-05;0.0074378;3.4776E-06;0.056283;0.14552;0.061323;0.022179;0.12434;0.11634;0.087308;0.00010332;0.00022775;1.1411E-06;5.6371E-05;2.5688E-05;1.432E-05;6.3473E-06;3.0279E-05;0.00016917;2.2776E-05;8.5579E-05;0.00010827;9.4803E-05;9.39E-05;0.00011751
11;3.2259;14.758;3;1;0.25;150;175;Manhattan(GeometricAverage);0.63096;1.0083E-07;3.6344E-09;0.24565;0.050344;3.4196E-08;0.04474;6.9576E-08;2.5012E-07;4.2945E-09;1.1803E-07;1.5403E-07;2.5633E-08;1.3267E-07;4.6993E-08;0.028305;1.3799E-07;1.0791E-07;1.0256E-09;3.1868E-10;2.5241E-07;8.9148E-09;6.026E-08;3.2189E-08;7.3709E-10;9.9155E-08;5.2738E-08;7.7653E-08;6.3212E-08;5.66E-08
12;3.2259;14.758;3;1;0.25;150;175;Manhattan(GeometricAverage);0.63088;3.8663E-10;1.4415E-07;0.24745;0.050533;1.2044E-09;0.043154;3.0202E-10;2.7092E-09;7.0382E-12;2.634E-07;6.3976E-09;1.0071E-08;2.0782E-10;1.2437E-07;0.027981;2.3316E-08;8.1807E-09;4.0104E-10;1.6062E-08;1.8626E-08;3.4194E-08;2.5164E-08;5.8113E-09;1.8801E-08;7.6588E-08;7.5429E-08;1.816E-07;1.4526E-08;8.9722E-09
13;3.2259;14.758;3;1;0.25;150;175;Manhattan(GeometricAverage);0.63195;7.3671E-08;1.2061E-05;0.24526;0.050748;1.5713E-08;0.043886;6.7527E-08;7.9109E-08;6.7547E-11;4.3849E-09;1.2169E-08;1.1884E-12;8.0204E-08;2.3107E-07;0.028139;1.721E-07;9.97E-08;3.2545E-08;3.9528E-08;2.3913E-07;2.6409E-08;5.0709E-08;5.5927E-07;1.7953E-10;7.4208E-09;2.4602E-08;4.5192E-07;4.1573E-10;1.0703E-07
14;3.2259;14.758;3;1;0.25;150;175;Manhattan(GeometricAverage);0.63251;2.1134E-07;6.0864E-06;0.24512;0.050045;2.2084E-09;0.043956;7.8832E-08;3.2108E-09;7.6183E-08;8.1357E-09;3.9545E-08;3.3207E-07;2.5164E-07;1.2594E-07;0.028358;3.1623E-08;2.3998E-09;7.2639E-09;3.1393E-07;4.9127E-09;5.5827E-09;5.7794E-08;7.2842E-09;1.6254E-08;7.5708E-09;3.8404E-07;1.7884E-08;8.2861E-08;9.9614E-10
15;3.2259;14.758;3;1;0.25;150;175;Manhattan(GeometricAverage);0.63158;1.9436E-09;1.9743E-07;0.24583;0.050599;2.6538E-07;0.043786;5.214E-09;2.5653E-09;8.9362E-08;5.7424E-09;1.1939E-07;6.8929E-08;2.1378E-07;9.3469E-11;0.028202;1.8268E-08;1.8361E-07;5.7705E-08;2.4095E-07;2.6203E-07;3.5923E-10;1.2866E-07;3.8859E-10;1.4497E-10;9.828E-09;2.4691E-07;9.5394E-09;2.8068E-08;7.4135E-08
16;3.2259;14.758;3;1;0.25;150;175;Manhattan(GeometricAverage);0.63227;2.3888E-07;2.9221E-07;0.24548;0.050146;2.4411E-07;0.043602;1.5179E-09;5.1273E-10;9.7203E-09;7.6524E-09;1.2586E-08;5.8159E-09;1.7467E-08;2.0507E-08;0.028497;5.4326E-07;5.8217E-09;3.1169E-08;1.9429E-08;8.9694E-10;4.177E-08;9.0002E-09;5.6955E-10;3.1733E-08;9.6668E-09;8.7715E-08;3.4025E-09;6.53E-08;2.7777E-07
17;3.2259;14.758;3;1;0.25;150;175;Manhattan(GeometricAverage);0.63156;2.5326E-08;2.7117E-06;0.24582;0.050634;1.7993E-08;0.0436;1.1423E-07;4.5809E-09;1.4025E-07;3.3736E-07;2.2424E-08;1.7972E-07;1.4963E-07;9.9381E-08;0.02838;2.9193E-08;4.8227E-08;4.0347E-08;3.6413E-08;9.1741E-08;4.6978E-08;3.6471E-08;1.2467E-07;5.6979E-08;4.2828E-08;4.5731E-09;2.8066E-08;2.4851E-08;7.3428E-08
18;3.2259;14.758;3;1;0.25;150;175;Manhattan(GeometricAverage);0.63245;1.0241E-09;1.1712E-06;0.24522;0.050231;5.1703E-09;0.04361;4.8172E-08;5.9907E-08;1.0485E-07;8.8488E-08;5.6995E-08;2.9507E-08;2.8457E-09;1.4641E-08;0.028493;1.5454E-08;1.5792E-08;3.6007E-07;2.7495E-07;9.2304E-09;1.3979E-07;2.0003E-08;9.3675E-08;1.0462E-09;2.1125E-09;4.5797E-09;5.903E-10;3.4947E-08;7.869E-09
19;3.2259;14.758;3;1;0.25;150;175;Manhattan(GeometricAverage);0.63201;2.9805E-10;2.188E-06;0.24566;0.05069;3.7975E-08;0.043666;1.2142E-09;2.9883E-08;1.0301E-07;4.0616E-08;1.9864E-07;1.0389E-08;5.5003E-09;9.2335E-08;0.027968;5.008E-10;8.4383E-08;2.2214E-08;4.3958E-08;6.369E-09;8.864E-10;3.0575E-09;1.0366E-08;2.2999E-08;3.4426E-09;9.9537E-08;3.027E-08;4.0847E-08;6.5025E-09
20;3.2259;14.758;3;1;0.25;150;175;Manhattan(GeometricAverage);0.63214;5.7353E-10;7.9587E-07;0.24579;0.050047;9.9565E-09;0.043783;6.839E-09;1.2588E-07;4.7565E-11;2.2627E-08;1.7339E-10;5.5229E-09;4.0241E-08;7.8731E-08;0.028239;1.1029E-08;1.041E-08;2.2183E-09;5.2654E-09;1.02E-08;9.2002E-09;9.0716E-09;1.7581E-09;4.5974E-09;3.6168E-09;3.7908E-08;5.3756E-08;5.669E-09;2.3167E-10
21;3.653;2.0146;3;1;0.25;150;175;Euclidean(Minimum);0.14929;1.9143E-05;0.089429;0.15265;0.11865;1.2918E-05;0.0001035;1.497E-08;1.2219E-06;0.15404;9.0715E-06;0.099848;0.10906;0.12655;7.3622E-07;1.0351E-07;9.9344E-08;5.3463E-06;0.00011494;1.8404E-06;8.1632E-07;5.8628E-06;4.2731E-06;3.5232E-08;0.00015278;4.1234E-05;3.8862E-06;1.137E-07;5.5422E-07;3.455E-07
22;3.6832;2.0313;3;1;0.25;150;175;Euclidean(Minimum);0.15818;2.671E-05;0.153;0.11762;0.05058;2.4835E-05;7.7918E-06;3.4167E-06;0.13282;0.15001;4.2604E-06;1.6106E-07;0.10126;0.13618;3.8236E-06;9.9139E-07;2.4936E-06;7.2653E-08;9.4276E-06;2.389E-05;7.3762E-08;6.6272E-06;4.0857E-06;5.398E-06;4.5562E-06;9.0137E-05;4.7922E-05;1.2566E-05;2.3502E-05;5.2282E-05
23;3.7562;16.361;3;1;0.25;150;175;Manhattan(Median);0.46456;1.5501E-06;7.9302E-06;0.46456;1.1747E-06;9.339E-07;0.0078744;5.0508E-06;9.2669E-06;2.8625E-06;8.016E-06;1.3261E-06;3.4118E-06;1.1275E-07;5.0304E-06;0.062937;1.3073E-06;1.5769E-06;4.121E-06;1.0189E-06;1.273E-06;1.2482E-07;5.059E-08;5.8348E-08;4.1339E-08;7.7322E-07;3.097E-07;7.2736E-09;1.4732E-06;1.1843E-06
24;3.7585;16.371;3;1;0.25;150;175;Manhattan(Median);0.46529;2.2509E-07;7.719E-06;0.46396;6.2288E-07;3.0071E-07;0.0077087;1.7126E-08;3.8742E-07;8.5702E-08;8.277E-08;1.5335E-07;6.7725E-08;2.8643E-09;4.7911E-10;0.063024;2.8031E-08;5.5067E-08;5.2407E-08;1.7792E-07;7.0895E-08;1.49E-08;3.3862E-07;4.6307E-08;3.3894E-08;1.7021E-08;7.8873E-07;3.8411E-07;5.3578E-08;2.5778E-07
25;3.7585;16.371;3;1;0.25;150;175;Manhattan(Median);0.46531;9.3576E-08;4.6237E-05;0.4639;9.4649E-10;3.7543E-06;0.0076503;1.2481E-05;1.2068E-06;5.287E-08;9.2145E-07;4.0134E-06;3.7296E-06;2.0914E-07;5.7223E-08;0.063042;3.7763E-06;5.8683E-06;5.9868E-06;4.7663E-06;5.9628E-08;1.3025E-09;1.0778E-06;6.6986E-07;9.1441E-08;5.3929E-08;1.8874E-07;1.85E-07;5.4652E-06;6.9964E-08
26;3.7585;16.371;3;1;0.25;150;175;Manhattan(Median);0.46558;8.8911E-07;0.00022126;0.46342;2.0213E-05;1.4078E-09;0.0076064;1.107E-05;1.3783E-06;9.17E-07;5.1711E-07;5.5298E-06;6.0324E-07;1.996E-07;1.8945E-07;0.063093;1.8757E-07;1.1112E-06;1.8941E-08;3.3305E-06;5.3642E-06;1.3994E-05;5.9375E-09;9.9211E-07;7.3237E-06;2.0958E-07;1.2332E-06;4.5166E-08;9.3164E-07;5.2196E-06
27;3.7586;16.372;3;1;0.25;150;175;Manhattan(Median);0.46563;1.1126E-05;2.047E-07;0.46371;2.378E-06;9.3172E-07;0.0076077;2.6236E-06;6.1742E-08;5.9085E-06;1.196E-06;3.9136E-09;7.8012E-06;5.2058E-06;1.1844E-06;0.063002;2.7888E-06;2.4715E-07;4.3475E-07;1.7118E-09;1.01E-06;2.5601E-06;1.1188E-07;2.8907E-11;2.4336E-07;1.0597E-07;1.1469E-07;5.056E-06;1.0109E-08;2.7897E-07
28;3.7587;16.372;3;1;0.25;150;175;Manhattan(Median);0.46533;2.1423E-07;5.4151E-05;0.46392;4.2805E-06;8.3677E-07;0.0076305;8.0438E-07;5.4352E-08;1.7021E-09;5.4335E-07;6.9014E-08;1.9355E-08;2.1843E-07;1.422E-06;0.063047;3.7426E-09;7.9793E-08;1.5654E-08;1.0665E-06;6.9056E-07;1.3476E-06;2.0848E-08;3.261E-07;1.888E-06;4.9005E-08;3.9317E-07;7.1547E-09;2.6121E-06;9.422E-08
29;3.7587;16.372;3;1;0.25;150;175;Manhattan(Median);0.46544;2.2313E-07;0.0001201;0.46374;3.1437E-08;9.0652E-08;0.0076202;1.7229E-08;9.2743E-07;1.8791E-06;1.6439E-07;1.2307E-06;3.1056E-09;1.3377E-08;8.0882E-08;0.063065;2.3234E-07;4.805E-07;1.1596E-06;1.0885E-06;6.6611E-07;2.5259E-07;2.4341E-06;4.0819E-08;3.1369E-07;7.7023E-08;3.4004E-08;1.9525E-07;3.9408E-07;3.8309E-07
30;3.8978;2.1496;3;1;0.25;150;175;Euclidean(Minimum);0.16026;2.1672E-06;0.17473;0.19168;0.054761;0.00019506;6.2961E-06;0.00014758;0.00025424;0.18159;7.9073E-05;3.1164E-06;0.096712;0.13919;1.7162E-05;4.7218E-05;7.2731E-07;1.6157E-05;1.4979E-06;7.8053E-06;6.4626E-05;8.6297E-06;6.441E-05;3.5781E-05;9.6135E-05;2.4855E-06;1.9468E-06;5.903E-08;1.4021E-05;1.506E-05
31;3.923;2.1636;3;1;0.25;150;175;Euclidean(Minimum);0.15922;8.3619E-07;0.17161;0.19373;0.048796;8.6778E-05;2.8957E-07;4.7251E-06;2.5087E-05;0.19224;8.5521E-06;5.4334E-06;0.096827;0.13709;2.1734E-07;7.9595E-06;6.6405E-05;4.384E-05;1.6244E-05;1.4213E-06;2.5384E-05;1.9754E-08;1.1243E-05;6.0637E-05;2.2777E-06;3.286E-05;8.852E-05;1.2406E-07;1.0192E-06;1.859E-06
32;4.139;2.2827;3;1;0.25;150;175;Euclidean(Minimum);0.23278;0.00084333;0.18299;0.23126;0.05416;0.00016936;0.00014034;7.3692E-06;8.3595E-06;0.23211;2.7674E-05;0.00039478;0.064012;1.295E-05;0.00010694;5.3285E-05;1.4024E-05;0.00037352;4.154E-05;1.3974E-05;2.8798E-06;0.00017922;3.4174E-05;2.873E-05;1.4177E-05;5.2812E-05;1.6284E-06;3.5763E-05;5.9655E-05;6.662E-05
33;4.1594;2.2939;3;1;0.25;150;175;Euclidean(Minimum);0.20352;3.5491E-06;0.15744;0.18938;0.085495;4.0342E-06;9.1615E-05;3.1272E-07;2.5566E-05;0.26403;4.9008E-05;3.1172E-05;0.099664;3.0701E-05;3.6762E-05;2.1229E-06;7.8084E-06;8.2575E-07;1.8981E-05;9.2917E-06;3.9299E-05;2.2598E-06;1.1243E-05;5.0925E-05;1.3096E-05;5.1053E-06;1.0625E-07;1.4605E-05;8.5249E-06;9.3217E-06
34;4.227;2.3312;3;1;0.25;150;175;Euclidean(Minimum);0.24229;1.7476E-06;0.18542;0.213;0.052375;1.0919E-06;1.1947E-07;4.8503E-07;6.8609E-07;0.22771;2.6836E-06;4.0947E-09;0.079181;1.406E-07;1.8872E-06;1.2793E-07;2.1748E-06;1.3067E-07;1.1035E-06;1.378E-06;1.2465E-07;2.6419E-08;1.3146E-07;4.1685E-06;2.1265E-06;9.1529E-08;8.2407E-07;2.2125E-06;3.5168E-06;8.8087E-07
35;4.228;2.3318;3;1;0.25;150;175;Euclidean(Minimum);0.24378;2.6401E-06;0.18654;0.21234;0.052931;1.2202E-06;4.3477E-06;5.2654E-05;2.5518E-08;0.22532;4.1022E-08;2.4613E-06;0.078962;2.6529E-07;2.8216E-07;7.8467E-06;4.8437E-07;2.1779E-05;1.1225E-05;1.496E-05;3.8207E-07;1.7407E-07;1.8902E-08;9.6373E-07;7.5016E-08;5.335E-06;1.6131E-06;3.0621E-08;1.0706E-07;3.741E-06
36;4.2301;2.3329;3;1;0.25;150;175;Euclidean(Minimum);0.24462;5.1145E-06;0.18703;0.21281;0.052185;1.0386E-06;5.7756E-07;1.6806E-06;6.5061E-09;0.22429;1.7313E-06;4.0559E-07;0.079013;1.4317E-05;1.3787E-07;8.2516E-07;5.0814E-07;1.1853E-05;3.7826E-08;7.4219E-07;5.0092E-06;4.3985E-07;2.8558E-07;1.1232E-06;1.5314E-09;2.9083E-08;2.0017E-07;2.4925E-07;6.069E-07;3.7623E-07
37;4.3926;19.133;3;1;0.25;150;175;Manhattan(Median);0.94018;7.5074E-07;6.59E-07;2.2232E-07;1.8412E-07;3.833E-07;0.058474;7.0983E-07;1.5651E-06;2.031E-06;4.8894E-07;2.725E-06;4.9603E-08;2.2104E-07;5.7561E-06;0.0013206;3.6012E-07;1.0127E-07;4.3971E-07;1.4911E-06;8.8891E-07;4.3433E-07;4.0814E-06;1.6876E-08;3.5038E-07;1.0856E-06;2.6464E-07;1.0224E-06;3.0755E-07;4.8892E-07
38;4.3926;19.133;3;1;0.25;150;175;Manhattan(Median);0.93894;1.211E-06;8.2048E-06;0.00075993;6.6694E-09;7.1395E-09;0.058905;2.7249E-09;1.8183E-06;2.3702E-09;1.1546E-07;9.5235E-07;1.6839E-08;9.0061E-07;1.0991E-06;0.0013755;2.7642E-07;7.4271E-08;8.878E-08;8.6379E-07;8.8633E-07;1.4128E-07;8.084E-07;6.2309E-07;1.259E-08;5.7168E-07;4.2369E-07;6.2999E-07;1.0182E-07;9.7386E-09
39;4.3926;19.133;3;1;0.25;150;175;Manhattan(Median);0.93981;2.2319E-07;2.2048E-07;0.00021909;2.9888E-06;5.1065E-06;0.058602;9.6541E-10;2.6452E-06;5.2869E-07;1.4955E-07;3.3605E-06;7.1611E-07;6.3489E-08;4.1958E-08;0.00134;8.1714E-07;2.1765E-09;5.5879E-07;2.8279E-07;2.8841E-09;6.3199E-07;6.5405E-07;1.8424E-08;4.765E-06;3.2548E-08;4.7117E-10;4.6177E-09;1.1675E-06;2.3229E-07
40;4.5277;22.482;3;1;0.25;150;175;Manhattan(Average);2.6177E-08;7.6391E-08;9.4669E-08;1.2069E-08;9.0085E-08;1.4124E-07;1;2.7074E-08;2.5821E-10;4.5259E-08;7.1726E-09;5.4991E-07;4.3153E-08;2.6466E-07;6.2561E-09;1.7967E-07;1.7242E-08;7.7882E-09;3.5158E-08;3.9811E-08;7.3514E-09;3.2207E-08;4.9979E-08;2.3735E-08;3.3833E-11;1.5691E-08;1.4693E-07;5.9216E-09;3.7867E-10;2.4371E-08
41;4.5277;9779.6;3;1;0.25;150;175;Manhattan(Summation);7.5175E-09;2.8725E-08;1.4686E-08;1.0469E-09;7.5995E-09;2.9122E-08;1;7.817E-10;1.0244E-07;2.0593E-07;5.2607E-09;1.118E-07;2.5351E-07;5.1306E-08;1.1728E-08;3.9659E-08;2.8803E-08;7.8187E-09;1.7117E-07;4.1376E-09;1.4706E-09;9.1634E-08;1.3139E-07;1.7415E-08;4.7304E-08;1.4611E-07;2.9628E-09;1.0992E-09;6.7784E-09;1.3178E-07
42;4.5277;22.482;3;1;0.25;150;175;Manhattan(Average);3.5136E-08;1.1329E-09;4.3671E-09;5.2891E-07;3.2533E-09;1.0738E-09;1;6.6322E-10;1.5182E-07;7.1085E-08;2.0766E-09;4.3505E-09;4.2332E-08;2.5372E-08;6.297E-08;1.8247E-09;5.2279E-08;9.6734E-09;3.515E-08;3.7591E-10;6.1886E-08;1.8935E-09;7.7078E-08;4.2758E-08;2.3378E-07;1.0231E-07;3.8682E-08;2.9834E-08;4.6549E-08;1.5073E-08
43;4.5277;22.482;3;1;0.25;150;175;Manhattan(Average);5.0183E-08;6.9688E-08;1.4348E-09;6.7572E-09;3.4931E-07;3.8727E-08;1;7.526E-11;1.6021E-08;1.2555E-09;2.5768E-09;2.9576E-08;1.3687E-07;7.2074E-08;3.255E-08;5.1276E-09;6.1378E-09;1.3108E-07;3.7732E-09;5.7178E-09;2.7012E-08;3.229E-09;1.9653E-09;1.039E-07;5.9854E-08;3.8111E-08;2.0592E-11;4.346E-09;1.2504E-08;8.4808E-09
44;4.5277;9779.6;3;1;0.25;150;175;Manhattan(Summation);7.5198E-09;1.5317E-08;4.2002E-08;8.0327E-08;5.3212E-09;2.6894E-08;1;1.3411E-10;3.5776E-09;3.7912E-08;1.577E-08;4.1688E-09;1.7758E-09;7.2448E-10;2.215E-07;1.1886E-07;1.8066E-07;7.7379E-09;8.374E-08;3.5965E-08;7.8381E-09;2.2888E-08;2.18E-08;2.8183E-10;7.0691E-09;1.3295E-09;7.3673E-08;4.5455E-08;9.6127E-09;1.3776E-09
45;4.5277;9779.6;3;1;0.25;150;175;Manhattan(Summation);7.3038E-08;1.1197E-07;2.2311E-09;3.1393E-07;3.4324E-09;3.7576E-08;1;3.7583E-10;6.2985E-08;4.4328E-08;1.3675E-09;1.5635E-07;2.7342E-08;2.4881E-08;1.1232E-10;2.7365E-08;1.3574E-11;7.8162E-08;1.0247E-08;2.8066E-10;1.5106E-08;4.8255E-09;3.2493E-08;6.5661E-10;2.6081E-09;1.5213E-09;4.5056E-09;4.9232E-09;1.1045E-09;5.4146E-10
46;4.5277;22.482;3;1;0.25;150;175;Manhattan(Average);2.4234E-09;5.5876E-09;3.872E-08;4.6773E-09;3.2852E-08;2.581E-09;1;3.4528E-10;7.4811E-09;1.6042E-08;8.9935E-11;1.1376E-08;2.9827E-08;9.6006E-10;4.8699E-09;3.6722E-08;8.5162E-09;4.9786E-08;3.3298E-09;6.1823E-08;1.8199E-10;1.2275E-08;1.0628E-07;9.5771E-09;7.4549E-08;2.8001E-09;6.1156E-10;8.713E-11;2.3452E-08;4.3523E-08
47;4.5277;9779.6;3;1;0.25;150;175;Manhattan(Summation);5.0269E-10;2.7836E-10;9.3E-09;1.3526E-07;6.1001E-09;3.108E-08;1;7.4564E-10;4.8448E-08;4.765E-10;8.9903E-08;2.5475E-08;2.2966E-09;8.0629E-09;3.0107E-08;8.0693E-08;1.0259E-08;2.8133E-09;5.1505E-08;5.5571E-10;1.7491E-09;3.0186E-09;2.5137E-09;7.6957E-10;3.1593E-08;1.8944E-08;5.3872E-09;7.2028E-09;5.2225E-08;4.1694E-10
48;4.5277;9779.6;3;1;0.25;150;175;Manhattan(Summation);1.6038E-07;3.8533E-08;1.9699E-08;4.6486E-10;2.1178E-08;3.3898E-08;1;2.4757E-08;3.9757E-09;4.827E-09;2.0049E-08;1.7705E-10;2.2937E-08;9.7143E-09;1.4451E-08;1.5894E-08;1.7589E-08;4.8236E-08;5.0337E-09;5.4793E-08;3.9971E-09;5.5979E-14;1.1985E-08;1.989E-08;2.2438E-10;3.0935E-09;2.9067E-08;4.3475E-08;2.0669E-08;5.9718E-09
49;4.5277;22.482;3;1;0.25;150;175;Manhattan(Average);2.3115E-08;4.1059E-08;2.7045E-07;5.5687E-09;7.9853E-10;6.1502E-09;1;2.1702E-11;2.1544E-08;7.7779E-09;1.0589E-08;2.0325E-09;1.016E-08;6.2528E-10;2.0306E-10;5.9294E-09;6.3802E-09;6.0508E-09;2.065E-09;3.1641E-08;3.1206E-12;1.082E-08;4.4824E-10;3.7541E-08;3.1103E-08;2.2882E-10;2.0336E-10;4.7011E-09;7.3359E-09;6.1301E-08
50;4.5277;22.482;3;1;0.25;150;175;Manhattan(Average);2.5591E-07;1.7706E-09;2.1211E-10;3.8273E-09;4.1653E-08;9.1989E-10;1;3.3994E-10;6.0416E-09;4.0722E-09;3.0604E-09;5.1648E-08;8.8036E-10;9.0828E-10;9.398E-09;2.4052E-08;4.0742E-09;3.4663E-08;9.9975E-09;4.7869E-08;3.43E-08;4.748E-11;2.6475E-08;6.2246E-09;2.3869E-09;1.7608E-09;1.0908E-08;5.8158E-09;1.1998E-08;2.8325E-08
51;4.5277;9779.6;3;1;0.25;150;175;Manhattan(Summation);2.5115E-07;5.3588E-10;7.8147E-08;3.8444E-08;2.2274E-08;7.3475E-10;1;2.3971E-08;1.0049E-08;3.6529E-09;1.4141E-08;7.846E-09;6.0838E-08;4.4008E-09;1.7381E-08;7.3436E-10;5.522E-09;9.9888E-10;3.636E-09;5.5628E-09;9.8636E-09;2.0072E-09;2.1968E-09;2.7396E-10;1.1243E-08;3.4159E-08;9.7652E-10;1.4797E-08;5.4748E-11;3.2972E-08
52;4.5277;22.482;3;1;0.25;150;175;Manhattan(Average);1.9346E-10;5.9301E-08;8.716E-11;2.5096E-09;4.372E-09;3.1232E-08;1;9.8287E-09;2.7091E-08;2.1294E-09;3.9729E-09;1.8722E-10;1.8894E-09;3.0006E-10;3.3846E-10;7.7422E-11;9.1994E-10;1.0525E-08;1.3031E-08;8.491E-09;1.0259E-10;2.3098E-08;4.3714E-09;1.2245E-08;7.5825E-09;3.2651E-08;4.1018E-08;1.11E-08;2.7896E-10;2.4597E-08
53;4.5277;22.482;3;1;0.25;150;175;Manhattan(Average);6.2407E-08;1.2474E-08;7.4789E-09;7.1886E-08;9.7718E-09;1.8148E-08;1;1.1378E-10;1.4228E-10;1.8039E-08;9.2381E-10;1.9706E-08;4.611E-13;3.3035E-09;4.2111E-09;9.8707E-11;1.0394E-08;1.6761E-08;7.5972E-11;2.1364E-08;5.9134E-10;9.0122E-09;1.7205E-09;6.1471E-10;2.0833E-08;8.6748E-10;3.0247E-09;1.3247E-08;1.4936E-09;5.5305E-08
54;4.5277;9779.6;3;1;0.25;150;175;Manhattan(Summation);1.9753E-08;4.157E-08;8.7398E-09;4.2172E-09;1.5926E-09;3.8267E-10;1;1.1346E-08;7.0059E-09;2.5753E-08;7.3189E-09;2.439E-09;1.464E-08;2.5741E-09;2.0203E-10;1.0285E-08;2.0512E-09;1.2497E-08;2.6543E-10;6.8205E-09;2.3865E-08;4.238E-08;7.3419E-09;3.3523E-10;3.7874E-12;6.2853E-12;9.4704E-10;2.8782E-08;1.4963E-08;1.1838E-09
55;4.5277;9779.6;3;1;0.25;150;175;Manhattan(Summation);2.3214E-08;4.6564E-08;1.2307E-08;1.1425E-09;5.455E-09;3.2962E-10;1;3.6438E-09;1.6436E-09;7.2315E-12;1.9902E-08;2.4653E-08;5.0184E-10;7.394E-11;3.72E-08;1.8892E-09;3.7999E-09;3.8093E-09;8.5825E-10;3.152E-09;1.7171E-10;8.846E-10;1.6295E-09;1.1305E-09;3.5624E-08;1.3153E-08;2.8193E-09;1.2857E-09;2.9933E-10;1.2639E-08
56;4.5277;9779.6;3;1;0.25;150;175;Manhattan(Summation);8.9475E-08;5.9911E-09;1.2905E-09;5.4378E-08;1.7867E-08;3.6E-09;1;1.0634E-09;8.6751E-09;7.1384E-10;1.2118E-10;1.0656E-08;3.072E-09;3.3566E-08;2.7715E-08;1.1294E-08;1.4275E-09;3.7243E-09;1.5877E-09;2.0803E-11;8.8597E-11;1.8267E-09;1.2783E-08;4.4029E-11;3.915E-08;1.5995E-09;8.1027E-11;3.073E-11;1.5772E-08;1.4352E-09
57;4.5277;22.482;3;1;0.25;150;175;Manhattan(Average);7.744E-09;3.509E-09;4.158E-09;5.3338E-09;3.7259E-09;3.5693E-10;1;9.2091E-10;1.1989E-09;3.2594E-09;9.4173E-09;2.3444E-10;3.7252E-10;3.4725E-08;5.71E-11;1.0512E-11;3.0355E-09;8.4766E-11;1.1838E-08;8.1633E-09;1.1687E-08;9.4208E-11;3.4385E-11;3.3306E-08;1.7904E-08;1.6935E-08;1.1939E-08;4.0184E-10;2.8507E-09;1.1868E-08
58;4.5277;22.482;3;1;0.25;150;175;Manhattan(Average);1.1447E-08;3.4969E-09;3.5979E-09;9.9378E-10;7.5432E-09;9.0843E-09;1;1.1643E-08;1.1274E-08;1.1756E-09;2.1949E-10;9.6958E-09;5.3807E-10;4.8878E-09;3.2191E-08;2.3964E-10;1.2731E-08;1.6982E-09;4.143E-09;1.0029E-08;1.624E-08;1.0701E-08;2.9824E-10;1.4325E-10;1.7702E-10;9.5392E-09;1.3388E-09;2.0751E-10;5.754E-09;9.3901E-10
59;4.5277;9779.6;3;1;0.25;150;175;Manhattan(Summation);4.9724E-08;1.0113E-09;9.9423E-09;1.1712E-09;9.0566E-09;1.9647E-08;1;2.7112E-10;8.7125E-10;1.2977E-09;2.546E-08;9.8346E-09;3.342E-10;6.1727E-09;7.463E-09;1.1773E-08;3.9813E-10;3.3281E-09;1.6139E-08;7.2857E-10;9.1208E-10;2.2384E-09;1.6106E-10;5.9817E-10;7.1821E-09;5.2283E-13;6.0111E-09;8.1923E-09;5.9247E-09;5.9941E-10
60;4.6531;2.5662;3;1;0.25;150;175;Euclidean(Minimum);0.32393;1.6396E-09;0.25437;0.25789;0.16379;3.9482E-08;1.614E-07;2.4635E-07;1.4067E-06;5.546E-07;4.2816E-07;1.8789E-07;1.8805E-06;3.9827E-08;8.272E-07;1.7375E-07;5.2982E-09;1.119E-06;6.1477E-07;7.6178E-08;4.7752E-07;4.5411E-07;4.074E-08;1.0205E-06;5.4313E-08;6.0801E-07;4.7322E-08;1.4345E-06;2.1275E-07;9.8353E-07
61;5.7903;50.035;3;1;0.25;150;175;Manhattan(MinimumTimesMedian);0.20107;3.1276E-09;0.16314;0.15284;0.19749;5.1307E-05;0.01612;2.6465E-07;7.4512E-05;0.19351;5.8563E-07;5.6461E-06;0.010321;2.5328E-06;4.516E-06;0.065298;1.1756E-07;1.1366E-05;1.0043E-06;4.0132E-06;1.6982E-06;8.4816E-06;9.3372E-06;4.3432E-06;2.2821E-07;4.1854E-06;1.7681E-06;2.3112E-05;1.2823E-06;5.3964E-08
62;6.0094;51.929;3;1;0.25;150;175;Manhattan(MinimumTimesMedian);0.25638;0.00018704;0.20074;0.15513;0.10695;0.00017596;0.022316;5.7888E-06;0.00033937;0.065767;0.00038445;0.00084985;2.4728E-05;0.067334;6.7149E-06;0.12208;4.8734E-05;1.9763E-05;0.0003655;1.0263E-05;1.7338E-06;2.52E-06;0.00020001;6.0274E-07;1.5698E-05;0.00023865;1.4985E-06;0.00012852;0.00018671;0.00011384
63;6.2545;54.046;3;1;0.25;150;175;Manhattan(MinimumTimesMedian);0.30361;8.7619E-07;0.23722;0.10537;0.23223;0.001254;0.0075499;0.0011638;2.2171E-07;0.0010935;0.00036684;0.026844;0.0017384;0.0118;0.014394;0.050258;0.00082602;3.8819E-08;0.00016976;0.00016102;2.0524E-07;6.1381E-05;0.00096785;9.9519E-07;0.0018358;2.4073E-05;0.00015758;1.2564E-05;0.00025097;0.00063909
64;6.2589;54.084;3;1;0.25;150;175;Manhattan(MinimumTimesMedian);0.29777;0.00020738;0.25857;0.11967;0.24173;4.9848E-05;0.0079205;1.0912E-05;4.8747E-06;1.2078E-05;5.5335E-05;0.0034391;3.4694E-05;0.0018171;0.010108;0.057067;0.00016056;2.0361E-05;0.00016603;6.6918E-05;7.8296E-05;6.943E-05;4.0191E-07;0.00018615;0.0002778;0.00017372;3.8062E-05;6.8547E-05;1.7166E-06;0.00023011
65;6.2782;54.251;3;1;0.25;150;175;Manhattan(MinimumTimesMedian);0.32153;3.0899E-05;0.27404;0.12607;0.18853;0.00044403;0.018905;8.7471E-05;1.2808E-06;9.6295E-05;0.00058002;0.012564;0.00035474;0.011652;0.0045989;0.035951;0.00016651;0.00037092;0.0014909;9.9255E-05;4.9086E-05;1.9393E-05;9.2839E-05;0.00059568;0.00030029;0.00041847;0.00058024;6.0694E-05;0.00031122;3.0533E-06
66;6.2804;54.27;3;1;0.25;150;175;Manhattan(MinimumTimesMedian);0.2929;7.2352E-05;0.26076;0.1181;0.2397;7.9544E-05;0.00487;1.6803E-05;5.3099E-05;0.0028994;4.7768E-05;0.0055203;4.9714E-05;0.011031;0.01079;0.052808;7.4673E-06;1.6509E-07;6.7101E-06;4.1859E-05;6.4957E-06;5.1263E-05;2.9095E-05;3.2966E-05;5.5739E-05;4.5725E-06;8.2916E-06;8.6191E-06;2.7884E-05;2.0437E-05
67;6.3001;54.441;3;1;0.25;150;175;Manhattan(MinimumTimesMedian);0.33083;0.00031196;0.27654;0.13486;0.17606;6.3532E-05;0.019415;2.1208E-05;6.0123E-05;0.017275;0.0019705;0.007117;9.1367E-05;0.00028485;1.5505E-05;0.034536;2.0383E-06;9.593E-05;1.8593E-05;1.9215E-05;1.5246E-06;1.9135E-05;8.6653E-05;1.965E-06;0.00017794;4.9858E-05;2.4775E-05;3.0349E-05;1.7128E-05;2.7304E-09
68;6.3033;54.468;3;1;0.25;150;175;Manhattan(MinimumTimesMedian);0.30696;1.047E-07;0.24487;0.11556;0.24951;9.8558E-06;0.003381;7.0446E-05;0.00012465;8.2512E-05;0.00029751;0.024085;0.001444;0.00035643;0.0062411;0.046004;5.7611E-05;1.2223E-05;2.0372E-06;0.00010671;0.00011067;3.7942E-05;7.9258E-05;0.00021183;9.7321E-06;1.1459E-05;0.00032226;4.602E-06;2.9398E-05;3.4896E-06
69;6.3116;54.54;3;1;0.25;150;175;Manhattan(MinimumTimesMedian);0.29146;0.0001251;0.26314;0.10249;0.23495;3.9855E-05;0.01952;5.035E-07;1.6058E-05;0.00070256;0.00017964;0.0012682;0.00097144;0.007422;0.026087;0.05145;1.1494E-05;5.7952E-05;8.6485E-06;1.0992E-05;2.5396E-05;1.1534E-06;1.8284E-05;6.2127E-06;9.791E-06;8.0662E-06;8.7955E-06;3.8589E-07;1.0628E-10;1.3257E-05
70;6.3513;54.882;3;1;0.25;150;175;Manhattan(MinimumTimesMedian);0.33909;2.2315E-05;0.23617;0.11794;0.12075;0.00034852;0.024149;0.00020696;0.00035212;0.0066493;0.00037654;0.0033265;8.804E-05;0.013961;0.035628;0.099356;1.5995E-05;5.257E-05;1.7808E-06;0.0001254;0.00045971;1.2251E-05;2.6263E-05;8.1934E-06;0.00068079;0.0001843;1.8504E-05;7.5442E-10;2.2217E-06;1.2517E-07
71;7.6373;12.633;3;1;0.25;150;175;Euclidean(GeometricAverage);1;2.8756E-08;9.9305E-09;1.9735E-08;2.4968E-09;2.2678E-09;1.1887E-08;4.5704E-08;2.6381E-09;5.6601E-08;6.0287E-09;6.3888E-09;3.7991E-10;6.4089E-09;8.301E-09;1.3323E-09;3.5945E-08;2.2365E-08;3.5874E-09;2.973E-08;5.7035E-10;8.0607E-08;3.8961E-07;2.471E-08;5.4121E-08;2.9206E-08;6.6336E-10;4.0437E-12;4.5237E-08;1.1668E-08
72;7.6373;12.633;3;1;0.25;150;175;Euclidean(GeometricAverage);1;2.8958E-08;1.7135E-08;8.8331E-09;3.6643E-09;2.5865E-09;5.2027E-08;3.1095E-09;5.0327E-08;2.3523E-09;4.5604E-08;7.4314E-09;9.346E-08;9.6975E-10;2.1171E-09;2.3728E-08;8.542E-08;1.7986E-11;5.6581E-09;4.2196E-09;3.2121E-09;1.3562E-07;2.2412E-08;5.5738E-10;2.5925E-11;3.0891E-08;2.9612E-09;2.409E-08;2.3378E-09;1.4006E-08
73;7.6373;12.633;3;1;0.25;150;175;Euclidean(GeometricAverage);1;3.271E-09;3.7899E-08;2.6961E-08;2.0115E-10;5.4931E-09;1.5735E-09;5.8271E-08;1.1611E-08;5.6705E-11;1.2629E-08;6.1226E-08;2.9087E-10;1.9636E-08;3.4397E-08;1.2218E-08;3.2063E-09;3.5449E-10;3.3925E-09;1.21E-07;3.9675E-08;1.5607E-09;1.5057E-08;7.8481E-08;5.1193E-09;1.2601E-08;3.7438E-09;1.317E-09;7.6734E-09;8.8148E-08
74;7.6373;12.633;3;1;0.25;150;175;Euclidean(GeometricAverage);1;1.1708E-10;2.4007E-08;1.8355E-08;4.7455E-08;9.2692E-10;2.4337E-08;1.6278E-09;4.5016E-09;2.2296E-08;4.1574E-08;2.8766E-08;7.0237E-09;5.1912E-09;1.2437E-08;1.9987E-08;5.261E-09;8.5385E-10;4.2181E-10;4.3261E-11;7.3919E-08;8.2643E-09;7.1411E-08;1.5386E-08;5.5219E-10;5.6429E-09;1.0289E-08;8.0101E-09;8.7613E-09;1.5272E-09
75;7.6373;12.633;3;1;0.25;150;175;Euclidean(GeometricAverage);1;2.6822E-08;2.833E-08;2.1862E-08;1.5552E-08;4.0957E-08;1.7349E-09;1.4512E-08;1.7529E-10;4.5283E-08;3.3422E-10;3.4689E-08;1.1787E-08;2.2003E-10;2.1867E-09;8.5863E-09;3.6648E-08;5.3484E-11;2.7339E-09;2.9092E-08;3.7737E-09;1.0165E-08;1.0125E-09;3.3213E-08;1.066E-08;4.3687E-10;3.4555E-09;9.3766E-10;5.424E-08;8.0499E-09
76;7.6373;12.633;3;1;0.25;150;175;Euclidean(GeometricAverage);1;5.7239E-08;2.5763E-09;6.7436E-09;4.7569E-10;3.2104E-08;5.3379E-09;2.6134E-10;5.3786E-08;1.1572E-09;9.6369E-09;8.1064E-10;3.16E-08;6.6283E-09;2.3325E-09;4.4578E-10;5.6746E-09;3.3026E-11;9.2858E-08;2.506E-09;1.2255E-10;6.6835E-09;4.3575E-09;1.7476E-09;6.6857E-09;2.0039E-12;4.6521E-08;4.8364E-09;6.4646E-09;1.9231E-10
77;7.6373;12.633;3;1;0.25;150;175;Euclidean(GeometricAverage);1;3.0439E-08;3.6342E-10;2.0316E-08;4.4808E-09;2.5615E-09;1.5773E-08;6.4757E-11;5.6488E-08;7.1235E-09;2.1437E-09;5.8776E-09;4.4454E-08;8.4345E-10;1.683E-08;4.1692E-08;1.7836E-08;7.9086E-10;2.3882E-09;5.3447E-09;5.0417E-10;2.3809E-11;3.1554E-09;3.9201E-08;1.1665E-12;4.9245E-09;7.3568E-09;1.7393E-09;4.4667E-11;4.4194E-08
78;7.6373;12.633;3;1;0.25;150;175;Euclidean(GeometricAverage);1;2.6451E-09;6.6955E-09;5.9881E-09;3.6358E-10;1.701E-09;2.3623E-08;1.3451E-09;1.0966E-09;3.1849E-08;5.0409E-08;6.9781E-09;1.0322E-09;6.0602E-09;2.5089E-09;5.5555E-09;5.2637E-10;1.0678E-08;1.6648E-09;2.8416E-08;2.2073E-09;2.2269E-08;4.1366E-08;2.1086E-08;3.8396E-09;1.1757E-08;2.8068E-08;8.8259E-10;1.6153E-08;1.7607E-08
79;7.6373;12.633;3;1;0.25;150;175;Euclidean(GeometricAverage);1;2.7361E-10;2.3118E-08;2.8636E-09;4.8391E-09;3.6073E-10;5.7354E-10;3.6588E-08;1.0348E-08;2.7898E-09;1.5736E-09;4.7306E-09;3.2469E-09;7.8474E-10;1.454E-08;5.4917E-09;1.0196E-08;9.0987E-09;1.5941E-08;1.686E-08;4.3195E-09;1.5058E-08;1.6911E-08;6.8879E-09;1.3262E-09;1.3801E-13;6.4824E-09;1.7526E-08;2.1724E-08;7.4156E-11
80;7.6373;12.633;3;1;0.25;150;175;Euclidean(GeometricAverage);1;2.8921E-09;1.2148E-08;5.7117E-09;4.7556E-08;1.3638E-09;5.1396E-09;2.1469E-08;2.2972E-10;1.8401E-09;2.9838E-08;7.614E-10;9.519E-09;5.7307E-11;3.0338E-09;5.6227E-12;2.2187E-09;6.2186E-09;1.357E-08;7.1749E-09;2.156E-08;7.9909E-09;2.3989E-09;2.9537E-09;1.2081E-10;9.8024E-10;1.8975E-12;1.6497E-10;5.2348E-09;4.6545E-11
81;8.2927;12.491;3;1;0.25;150;175;Euclidean(Median);0.46538;1.4825E-06;8.5165E-07;0.53461;5.4004E-08;1.392E-08;4.6579E-08;3.6709E-07;5.7805E-07;5.0439E-09;1.7997E-07;4.9183E-08;1.5492E-08;1.8612E-07;2.591E-08;2.6952E-08;2.8299E-07;1.0191E-08;1.1793E-09;6.4317E-08;5.2683E-07;1.3756E-08;1.0044E-06;7.1555E-08;2.6157E-07;6.8796E-09;1.4224E-08;1.6412E-06;3.2359E-09;1.6014E-08
82;8.2927;12.491;3;1;0.25;150;175;Euclidean(Median);0.46538;6.0148E-08;5.4991E-08;0.53461;7.9475E-09;3.4145E-07;2.142E-08;5.6824E-08;2.2817E-07;2.5694E-07;7.0019E-07;2.3753E-07;9.3906E-09;3.4519E-08;5.5437E-08;4.4698E-09;8.9044E-09;1.5479E-09;3.2824E-07;2.1789E-08;1.7747E-09;1.7493E-07;1.5711E-07;6.8426E-08;7.3741E-07;1.4083E-07;4.1968E-08;1.5132E-08;3.3583E-07;2.8141E-09
83;8.2927;12.491;3;1;0.25;150;175;Euclidean(Median);0.46538;3.7351E-08;1.5096E-08;0.53462;1.1666E-08;2.5448E-08;4.9895E-08;3.8476E-07;2.1659E-07;7.0369E-12;7.2435E-08;2.3899E-08;2.0434E-08;1.2062E-08;8.2064E-09;1.8511E-08;2.2079E-08;7.3658E-08;9.0497E-11;1.0827E-08;2.2371E-07;3.2899E-08;5.123E-08;5.4385E-08;1.19E-07;1.7217E-08;1.5751E-07;2.7236E-09;4.1673E-08;2.1101E-07
84;10.908;9779.6;3;1;0.25;150;175;Euclidean(Summation);1.8778E-08;8.3305E-10;1.38E-08;5.2631E-09;7.061E-09;2.7269E-08;1;1.3227E-08;8.2575E-11;4.0254E-08;6.2672E-08;6.1332E-09;9.2561E-08;1.5512E-08;5.3451E-09;4.0764E-08;1.012E-08;1.2547E-08;4.9684E-10;4.752E-09;5.3043E-08;2.4889E-08;2.4765E-08;1.2308E-08;2.6254E-08;1.8658E-09;1.2772E-09;9.2664E-08;5.1428E-09;2.9519E-09
85;10.908;22.482;3;1;0.25;150;175;Euclidean(Average);2.6019E-08;3.2025E-08;3.4561E-10;1.852E-08;5.8615E-08;1.4779E-10;1;2.8393E-10;4.6826E-09;3.2638E-10;9.8561E-09;4.7813E-08;3.4536E-08;2.7071E-10;4.1483E-08;3.9311E-09;1.7604E-08;2.9108E-10;8.4193E-08;8.1046E-10;5.1703E-10;2.5544E-08;7.756E-09;3.9766E-08;9.3709E-09;6.5425E-09;2.5906E-08;3.5707E-08;7.2817E-09;1.4064E-08
86;10.908;22.482;3;1;0.25;150;175;Euclidean(Average);1.6314E-09;1.0235E-09;9.2228E-09;5.6236E-09;3.4166E-09;3.5598E-10;1;1.0507E-09;4.783E-14;7.438E-09;1.8286E-09;4.8018E-08;1.8843E-08;9.0023E-08;2.2955E-08;2.243E-08;6.2832E-08;7.4434E-10;1.9967E-09;2.9732E-09;2.9569E-08;2.6111E-08;3.3956E-09;1.6524E-09;2.405E-08;9.7056E-11;9.0253E-09;9.2876E-08;1.0399E-09;1.8185E-09
87;10.908;9779.6;3;1;0.25;150;175;Euclidean(Summation);9.2381E-10;9.2822E-08;9.1543E-09;2.7005E-08;1.0556E-09;9.9834E-09;1;1.4896E-08;5.8506E-09;6.1873E-09;9.735E-08;3.1356E-10;5.9904E-09;1.489E-08;1.7281E-10;3.9178E-09;1.4218E-09;1.3205E-08;9.5549E-09;1.961E-10;3.6295E-08;5.3851E-09;5.5666E-09;1.6214E-08;3.8942E-09;1.559E-09;3.7718E-09;2.4969E-08;3.7659E-09;1.0872E-09
88;10.908;9779.6;3;1;0.25;150;175;Euclidean(Summation);1.3673E-08;2.0023E-11;1.0585E-08;2.0899E-10;2.7618E-11;5.5256E-10;1;7.4965E-09;3.854E-09;4.5013E-12;1.1423E-08;1.023E-09;1.0451E-07;4.8102E-10;1.0363E-08;6.6403E-08;1.6355E-08;1.3434E-08;2.9326E-10;2.539E-09;1.0985E-08;7.8117E-09;8.5401E-09;3.0695E-08;1.8481E-08;1.8924E-08;8.5563E-09;1.3676E-08;1.5153E-08;3.6922E-10
89;10.908;22.482;3;1;0.25;150;175;Euclidean(Average);1.851E-08;4.755E-08;3.1862E-08;2.488E-08;2.0743E-09;3.3907E-08;1;6.0503E-09;1.8231E-08;7.4344E-10;1.318E-08;1.638E-10;8.1889E-11;2.9799E-09;2.5072E-10;4.6553E-09;1.8135E-08;1.1839E-08;4.3912E-08;1.3546E-09;2.102E-08;2.2711E-09;4.1555E-09;1.2266E-09;2.6943E-09;4.0751E-09;2.838E-08;1.4459E-08;1.6114E-08;1.8657E-09
90;10.908;9779.6;3;1;0.25;150;175;Euclidean(Summation);9.1389E-09;1.0159E-08;1.9126E-09;1.5193E-08;1.4792E-10;3.8547E-09;1;4.8321E-11;7.8215E-10;2.0873E-08;3.6936E-08;2.992E-08;5.3951E-09;1.6708E-09;2.2996E-08;3.1493E-10;2.595E-08;1.1859E-09;1.5431E-08;1.1639E-09;6.4694E-09;2.3009E-08;3.2928E-09;4.9248E-09;2.1151E-08;9.568E-10;4.9108E-08;4.2008E-12;2.999E-08;5.4038E-09
91;10.908;9779.6;3;1;0.25;150;175;Euclidean(Summation);2.6742E-10;9.6384E-08;1.9754E-09;5.03E-09;1.7916E-08;1.9359E-08;1;2.7544E-10;9.476E-10;2.1421E-11;2.2178E-09;6.1956E-09;1.6435E-09;9.9917E-12;3.8741E-10;1.4557E-09;1.1064E-11;2.2971E-08;2.115E-10;3.2352E-08;5.6173E-10;1.7788E-10;2.2241E-08;6.7152E-10;3.9808E-09;3.7473E-09;1.7339E-10;4.5974E-08;1.2449E-08;2.1878E-08
92;10.908;22.482;3;1;0.25;150;175;Euclidean(Average);3.1365E-08;9.6225E-09;1.2488E-10;6.8959E-10;5.8574E-09;9.2328E-09;1;4.8483E-08;3.5284E-10;1.5391E-08;9.5407E-09;6.1903E-09;1.6474E-09;1.2757E-08;8.3189E-09;1.5283E-09;3.2441E-09;3.1874E-08;2.6763E-09;1.7693E-08;6.1166E-09;5.3695E-09;5.1842E-10;1.3417E-11;4.9532E-08;3.1156E-08;7.3596E-11;8.6248E-09;3.0166E-10;1.9489E-09
93;10.908;9779.6;3;1;0.25;150;175;Euclidean(Summation);4.6653E-09;4.0655E-08;8.8711E-09;1.1365E-08;8.221E-09;5.4335E-09;1;5.1467E-09;1.7707E-08;1.4693E-08;2.6891E-08;1.0368E-10;5.0688E-09;1.2775E-09;2.2627E-10;4.2786E-08;3.2623E-09;4.1426E-09;4.8591E-11;9.1997E-12;8.2914E-09;1.7059E-08;4.1339E-09;4.3205E-09;1.8724E-08;6.3718E-10;7.7968E-09;1.1227E-08;2.1631E-08;2.9817E-09
94;10.908;22.482;3;1;0.25;150;175;Euclidean(Average);1.0948E-09;2.8513E-11;1.268E-08;5.2739E-10;9.0762E-09;2.3679E-08;1;4.2937E-09;1.3016E-10;1.928E-09;1.4183E-08;1.5381E-09;3.6377E-08;3.4043E-08;2.4312E-09;3.6807E-09;3.321E-09;1.6491E-10;1.1789E-09;1.4012E-09;6.3371E-11;2.7122E-09;1.1888E-08;2.1779E-08;3.1024E-08;1.0182E-08;3.4191E-08;1.1653E-08;2.2474E-09;1.2707E-08
95;10.908;22.482;3;1;0.25;150;175;Euclidean(Average);4.1672E-09;2.838E-08;1.3009E-08;3.956E-08;5.4478E-09;2.6139E-08;1;4.7363E-09;1.1074E-09;1.5859E-09;3.6534E-08;2.831E-09;4.3237E-09;7.8516E-09;2.9985E-10;7.1896E-09;1.1747E-08;4.1574E-09;3.6686E-10;9.0845E-09;5.0301E-10;1.7963E-10;1.9148E-10;2.1441E-08;5.6458E-09;1.4269E-08;1.8994E-08;9.8254E-09;8.0447E-09;2.7845E-10
96;10.908;9779.6;3;1;0.25;150;175;Euclidean(Summation);1.7561E-08;2.1174E-11;3.8331E-09;1.7915E-12;2.7058E-09;1.5136E-08;1;6.4839E-09;1.0879E-09;2.6534E-08;3.1865E-09;1.5253E-08;1.2478E-09;3.849E-10;1.3775E-09;2.9083E-10;9.2852E-09;2.0993E-10;1.8637E-08;2.152E-10;5.1541E-09;1.1484E-09;4.3241E-08;9.3576E-10;1.4017E-08;8.4451E-09;4.0102E-08;1.6302E-08;1.6707E-08;1.0744E-08
97;10.908;22.482;3;1;0.25;150;175;Euclidean(Average);4.3814E-09;2.2637E-08;7.5923E-09;3.3382E-09;5.9098E-11;5.6015E-09;1;5.7861E-09;3.1926E-09;2.5956E-09;1.277E-09;1.1699E-08;1.5592E-08;5.2416E-10;1.5765E-08;4.2044E-09;1.4883E-10;5.6178E-08;1.5203E-08;4.4848E-09;9.2465E-09;2.9546E-09;9.1983E-10;5.955E-09;2.0892E-10;4.2309E-08;2.1694E-08;1.2978E-08;9.3313E-10;5.6738E-10
98;10.908;9779.6;3;1;0.25;150;175;Euclidean(Summation);1.2342E-08;1.6735E-09;1.8191E-09;1.9115E-09;1.9688E-09;3.5145E-08;1;1.3067E-09;5.5652E-09;2.2021E-08;1.4558E-10;4.7223E-10;5.8908E-09;2.2988E-09;7.0523E-10;6.9531E-10;1.9684E-09;4.2732E-11;4.5071E-08;9.3899E-09;3.2216E-09;8.3461E-09;1.7011E-10;4.6036E-09;4.1109E-10;1.1386E-08;2.113E-09;1.5174E-08;1.1791E-08;1.327E-09
99;10.908;22.482;3;1;0.25;150;175;Euclidean(Average);2.2026E-09;4.9167E-10;1.6285E-09;3.3775E-10;2.4735E-09;5.8736E-09;1;4.0174E-10;4.2574E-08;1.8752E-10;1.8913E-10;1.2265E-08;1.8336E-08;2.6371E-08;9.71E-10;1.3322E-09;7.2357E-10;7.4721E-09;8.324E-10;3.3103E-08;1.1983E-08;1.8886E-09;5.8616E-09;2.488E-09;5.086E-09;3.2268E-09;1.789E-09;5.3675E-09;2.7259E-10;3.9125E-09
100;10.908;22.482;3;1;0.25;150;175;Euclidean(Average);1.8748E-10;1.0792E-08;8.1048E-10;3.9893E-09;5.3952E-12;3.0409E-10;1;2.8673E-09;1.1204E-11;9.1551E-10;2.0579E-08;3.9466E-09;2.9057E-10;1.098E-08;1.5299E-09;3.8276E-08;1.4046E-08;5.8647E-09;5.5825E-09;2.3284E-09;6.5085E-10;1.7305E-09;1.357E-08;7.3793E-09;8.5063E-09;9.3627E-10;1.8562E-08;2.0779E-11;7.0107E-09;5.6327E-09
101;10.908;22.482;3;1;0.25;150;175;Euclidean(Average);4.5227E-09;4.3168E-09;8.0357E-09;1.3584E-08;3.3848E-11;5.928E-10;1;2.4838E-10;1.7347E-09;1.4306E-08;1.3695E-08;1.8479E-09;2.3351E-10;1.2187E-08;2.4247E-08;9.0208E-09;4.0985E-10;9.7881E-09;2.1276E-10;3.913E-10;1.3285E-10;1.2396E-12;5.0347E-10;3.3096E-08;8.4569E-09;2.9704E-09;8.5526E-09;3.8966E-10;8.1421E-09;4.1701E-09
102;10.908;9779.6;3;1;0.25;150;175;Euclidean(Summation);2.0881E-10;6.566E-09;2.7941E-09;9.2485E-10;3.166E-09;1.7899E-09;1;2.7426E-09;2.7478E-09;5.9683E-10;3.1803E-08;9.6566E-09;1.4412E-09;2.3309E-11;1.6911E-09;1.125E-09;2.0556E-09;2.302E-10;1.6806E-09;4.2026E-10;7.5657E-09;1.2158E-08;6.718E-09;1.6978E-09;2.5577E-09;1.7098E-08;2.4751E-11;1.3542E-08;5.7932E-09;7.9031E-09
103;10.908;9779.6;3;1;0.25;150;175;Euclidean(Summation);2.0369E-09;8.8864E-09;4.1312E-10;9.1055E-09;3.8559E-09;3.2579E-09;1;7.925E-10;3.6693E-10;1.5544E-09;3.2792E-09;1.2922E-12;1.7869E-09;6.0169E-11;4.7505E-09;1.424E-08;1.7916E-09;2.9528E-09;3.3716E-09;9.8198E-12;2.195E-09;3.4823E-11;1.9876E-11;1.1996E-08;3.0239E-11;1.13E-09;6.0284E-10;1.1193E-09;4.0461E-11;1.8693E-10
104;12.078;18.194;3;1;0.25;150;175;Euclidean(Median);1;1.2123E-07;3.4918E-08;1.0597E-08;1.0492E-07;1.4177E-09;1.0559E-07;8.02E-08;6.5337E-10;1.9586E-07;2.8058E-10;2.5901E-08;3.3911E-09;8.4826E-09;8.72E-09;7.2896E-09;9.0454E-08;3.5007E-08;1.5927E-10;7.1449E-08;1.5297E-08;3.3578E-11;1.9574E-10;1.7471E-09;2.9037E-08;6.3105E-09;8.1757E-08;1.1474E-07;4.7336E-08;8.9101E-08
105;12.078;18.194;3;1;0.25;150;175;Euclidean(Median);1;1.4922E-08;1.9567E-08;8.9745E-08;9.8011E-09;1.4257E-08;2.2877E-08;4.7398E-08;6.772E-08;3.437E-08;3.8688E-09;3.9951E-08;4.3688E-09;7.1287E-09;3.184E-09;1.134E-09;1.1079E-10;2.669E-08;3.6586E-10;1.1084E-07;6.7959E-09;1.1028E-09;2.4282E-09;2.0904E-08;4.3469E-08;1.538E-08;2.0737E-09;8.1571E-10;3.7656E-09;2.1123E-09
106;12.199;18.375;3;1;0.25;150;175;Euclidean(Median);0.93446;1.3057E-11;1.6309E-07;2.9754E-09;7.5923E-09;1.6655E-07;0.065535;3.1604E-08;7.5611E-08;4.0121E-10;2.4228E-08;4.8407E-09;5.7179E-08;1.1666E-08;6.2553E-08;1.0953E-08;3.1322E-08;1.0172E-11;2.6526E-08;3.0715E-08;1.0318E-08;6.9599E-08;5.1011E-09;9.0668E-09;1.115E-08;4.1944E-08;5.578E-10;4.4761E-08;5.0714E-08;1.227E-07
107;12.2;18.378;3;1;0.25;150;175;Euclidean(Median);0.93508;3.9955E-09;2.0215E-09;1.5564E-07;2.5697E-07;8.1861E-07;0.064912;3.4212E-08;1.007E-06;1.7398E-08;3.9223E-08;9.7238E-08;4.6732E-07;5.2356E-07;3.8844E-07;2.5771E-09;3.6966E-08;2.7781E-07;1.1162E-08;3.8822E-07;4.2921E-07;7.9037E-08;3.0517E-07;1.666E-07;9.3718E-08;3.6797E-10;8.7633E-07;7.5764E-08;2.3873E-07;2.5522E-07
108;12.2;18.378;3;1;0.25;150;175;Euclidean(Median);0.93509;3.8105E-08;5.7229E-08;1.1957E-07;6.7144E-08;1.2529E-08;0.064911;6.411E-09;3.3725E-08;1.9718E-09;6.8367E-08;1.8785E-08;8.1977E-08;5.1533E-08;4.9968E-08;3.425E-08;1.3874E-09;1.0832E-08;6.2576E-08;9.9391E-08;4.1248E-08;9.7407E-08;2.414E-07;2.497E-07;3.3295E-08;3.866E-09;1.3771E-09;4.8956E-08;1.3469E-09;1.4184E-11
109;12.2;18.378;3;1;0.25;150;175;Euclidean(Median);0.93509;1.1884E-08;5.6841E-09;1.5293E-09;1.762E-09;9.4649E-09;0.064911;8.0275E-10;8.7621E-08;1.8203E-08;1.7842E-07;7.4276E-09;1.111E-07;1.3689E-09;6.0059E-09;3.3236E-09;4.2595E-08;9.5578E-09;1.2605E-10;5.5977E-08;8.2875E-08;3.0324E-08;1.7293E-10;1.0162E-07;2.162E-08;7.6005E-10;5.2759E-10;9.6872E-08;6.5213E-09;5.5869E-09
110;12.2;18.378;3;1;0.25;150;175;Euclidean(Median);0.93509;2.1445E-10;4.9903E-10;8.2444E-10;4.5427E-09;4.5375E-09;0.064912;3.6349E-11;1.1439E-08;4.1166E-09;5.1506E-09;3.3298E-08;3.2641E-10;3.3084E-09;9.5967E-09;1.571E-09;3.3663E-09;7.6933E-09;1.4333E-09;5.9617E-10;6.8415E-08;1.5815E-10;3.541E-08;1.2077E-07;5.4591E-11;1.9242E-08;5.0784E-09;3.9494E-08;7.4745E-09;4.1268E-09
111;25.261;20.985;3;1;0.25;150;175;Euclidean(MinimumTimesMedian);0.31114;1.2537E-08;0.24707;0.25303;0.18875;8.077E-10;7.1666E-07;6.0339E-08;2.2047E-07;2.8876E-08;1.849E-06;1.6899E-09;3.1044E-07;4.6182E-07;1.0363E-07;1.6089E-09;8.2039E-07;4.0098E-07;1.4442E-06;1.0881E-07;4.256E-08;4.5325E-07;2.6226E-07;1.047E-07;4.1238E-09;6.0744E-07;2.5779E-08;1.0512E-06;1.8994E-07;1.5819E-08
112;25.996;21.596;3;1;0.25;150;175;Euclidean(MinimumTimesMedian);0.3221;1.7893E-08;0.25344;0.26138;0.16307;1.9007E-07;2.0138E-07;6.5725E-08;9.4165E-08;5.7303E-07;3.1214E-08;4.6087E-08;7.3094E-08;1.3139E-06;6.1803E-08;1.1499E-08;1.1555E-06;1.1326E-07;5.4776E-07;1.3564E-06;3.3715E-07;1.3874E-08;1.3088E-08;7.0982E-07;5.9937E-07;2.9648E-08;3.0695E-07;1.8727E-07;8.8406E-07;5.9278E-07
113;26.056;21.646;3;1;0.25;150;175;Euclidean(MinimumTimesMedian);0.33097;1.2863E-05;0.24928;0.24471;0.14823;1.7089E-06;0.026715;1.1945E-07;1.6453E-06;3.2968E-07;3.1145E-06;1.533E-07;6.0206E-06;5.5618E-07;2.3133E-06;1.918E-08;1.033E-05;1.1546E-07;1.4235E-06;3.8844E-07;7.7802E-06;2.0793E-05;2.2367E-08;3.7214E-08;1.8869E-07;7.4222E-08;6.7049E-08;3.1055E-07;1.9851E-05;1.9688E-06
114;26.058;21.647;3;1;0.25;150;175;Euclidean(MinimumTimesMedian);0.32907;2.5976E-07;0.25385;0.25259;0.1645;5.1753E-09;1.3283E-07;3.9044E-08;8.4571E-10;1.1778E-08;2.4244E-08;1.6856E-08;1.9157E-08;9.2952E-08;1.1768E-07;4.0934E-09;1.1093E-07;2.946E-11;1.3441E-07;1.7079E-10;2.296E-08;1.3243E-07;5.1417E-08;2.5835E-08;2.876E-08;2.2981E-08;2.7073E-07;8.859E-08;4.8176E-08;3.5476E-09
115;26.068;21.655;3;1;0.25;150;175;Euclidean(MinimumTimesMedian);0.33057;4.9751E-07;0.25346;0.25049;0.16547;1.8139E-08;1.3592E-08;4.0172E-08;2.2725E-07;4.2648E-07;5.6278E-10;4.7135E-07;1.3088E-07;1.1717E-06;8.7762E-09;2.5913E-08;2.7233E-07;3.2081E-07;4.1407E-07;1.3099E-07;3.072E-07;1.0286E-11;1.3765E-08;1.629E-08;4.2667E-07;6.005E-07;4.9061E-09;5.8285E-08;5.4585E-07;2.3794E-07
116;26.089;21.673;3;1;0.25;150;175;Euclidean(MinimumTimesMedian);0.32946;5.9034E-06;0.25419;0.25263;0.16365;6.691E-08;1.211E-08;2.8976E-06;1.3187E-07;6.6573E-06;2.0418E-05;1.4937E-06;3.2337E-06;3.0554E-06;3.5558E-06;3.8968E-06;8.6101E-08;3.2561E-06;2.3935E-06;2.1681E-06;1.1892E-06;1.531E-07;8.1168E-07;3.1835E-06;1.3261E-06;7.5299E-07;1.33E-06;3.0756E-06;1.2868E-08;3.291E-06
117;26.091;21.674;3;1;0.25;150;175;Euclidean(MinimumTimesMedian);0.33929;1.8554E-06;0.25228;0.24583;0.1625;3.1231E-06;1.023E-06;1.6689E-05;6.3677E-07;2.7103E-08;1.8283E-07;6.3299E-07;9.3941E-07;1.8449E-06;1.3213E-05;2.1459E-06;5.2245E-06;7.1784E-07;2.2987E-06;1.5016E-06;8.9418E-07;8.7655E-06;1.4313E-06;2.6918E-07;5.0415E-07;3.2873E-06;2.5098E-08;1.1649E-06;1.0693E-06;2.7397E-05
118;26.092;21.676;3;1;0.25;150;175;Euclidean(MinimumTimesMedian);0.32943;6.6695E-08;0.2541;0.25278;0.16368;1.0523E-06;1.5568E-06;7.369E-08;1.3755E-07;8.4915E-07;7.7014E-08;1.462E-07;5.4582E-08;4.998E-08;4.035E-08;1.2144E-09;1.7102E-07;5.2107E-08;7.4659E-07;3.5056E-08;2.6271E-06;1.5457E-09;6.8274E-07;2.836E-07;1.0468E-07;8.6324E-08;2.4564E-07;8.552E-08;2.1045E-07;5.5512E-07
119;26.095;21.678;3;1;0.25;150;175;Euclidean(MinimumTimesMedian);0.3295;5.9803E-10;0.25413;0.2527;0.16367;4.7311E-08;9.5543E-09;4.3775E-07;3.1425E-10;1.492E-07;3.8954E-08;7.1679E-09;3.6114E-07;4.4821E-08;1.9557E-07;5.3608E-08;7.3213E-07;1.4296E-07;4.8247E-08;1.1304E-07;1.7021E-06;5.0114E-07;3.4955E-08;1.6127E-08;7.1305E-10;1.0311E-07;1.1586E-09;3.0782E-10;3.9761E-07;1.3516E-07
120;26.112;21.692;3;1;0.25;150;175;Euclidean(MinimumTimesMedian);0.33297;5.3544E-08;0.24864;0.24394;0.14749;6.721E-08;0.026937;4.623E-07;2.3471E-06;1.1476E-06;7.1108E-07;9.7192E-08;4.6246E-09;1.5831E-09;1.6203E-07;2.3262E-07;1.9094E-06;2.2007E-07;1.2992E-07;5.8035E-08;7.7815E-07;3.1134E-09;1.3274E-06;1.5155E-07;3.1324E-09;2.099E-08;1.621E-07;5.6135E-07;3.4624E-07;5.1444E-08
population
1;-13.746;3.4403;10.829;4.3404;20.767;4.0214;1.8196;0.95867;6.0175;-2.2565;3.8936;4.9091;1.9165;-2.5327;-2.3551;0.060698;0.92299;0.86612;0.81751;-0.86801;1.8851;0.81993;2.1139;-0.92098;-0.62429;0.14716;2.0609;0.53457;-0.22756;1.0273
2;-11.631;9.3871;13.651;-15.802;3.3686;3.7505;1.6005E-11;0.81103;5.2171;5.8955;3.9225;5.0452;-5.1289;2.0871;1.9429;0.00048971;0.60761;0.048609;0.56624;1.0306;-0.85343;0.014457;0.26634;-1.215;-1.2743;0.25535;-1.0596;1.9909;0.71858;-0.71528
3;8.7804;7.3869;0.23744;10.413;4.7898;4.389;0.040495;0.78147;12.078;-2.6323;-7.5484;3.8116;1.5175;-1.1333;0.55885;0.19622;0.95064;0.17195;2.5765;-1.8062;0.57149;-2.0716;-0.1712;-1.0913;-0.43616;0.51218;-0.34924;0.012688;0.72822;0.42788
4;27.756;0.18217;10.624;-20.983;-13.154;1.3772;0.00010564;1.1009;3.477;-2.8638;1.2377;6.2644;-1.6287;1.366;-4.775;8.3525;0.83539;0.96217;-1.0678;0.28897;-1.7981;-0.60034;0.024046;-1.2578;2.3083;-0.93649;0.40935;0.050869;2.152;0.34495
5;14.711;8.4881;-6.5066;-20.288;1.0831;1.7995;266.27;1.0334;1.9118;7.3594;3.188;0.49848;-2.993;-2.3355;7.8804;0.010637;0.96538;0.75087;-0.054599;-2.2546;2.0007;-0.60736;-0.84116;-1.2586;-0.35063;-0.10802;0.86794;-0.18473;1.2056;-0.80892
6;5.8519;3.9937;-6.7567;-17.295;0.95777;4.5767;0.062613;0.65529;3.6838;-3.7027;-1.5522;7.7258;-0.083018;2.0172;9.9538;0.0089684;1.0366;0.15331;2.1377;1.892;0.078681;0.89751;1.6887;0.48184;-1.1385;0.095632;-0.0059162;0.6899;-1.3382;-1.2442
7;3.9627;1.0531;-22.421;19.996;-5.594;2.6665;0.0014875;0.989;-2.3014;6.0309;-5.076;-3.132;-1.1774;-0.81317;4.8983;0.017731;1.0284;0.082049;0.17799;-0.32538;-1.439;1.1162;1.4332;-0.57022;-0.1509;0.56495;1.0599;1.7541;-0.2373;0.19061
8;29.753;3.205;13.589;22.307;0.59353;1.7278;0.2497;1.1305;3.9804;6.8708;1.8873;-0.75218;0.875;4.3295;4.2905;0.020983;1.0425;0.43476;-1.2005;0.4249;0.60351;0.90106;0.58773;0.46225;0.44303;1.376;0.14551;-1.2869;-0.014029;-0.97185
9;5.8025;4.6184;-0.22846;-5.877;-1.4826;3.7022;3.9283E-05;1.1475;-2.5565;-6.9629;4.5949;-5.49;-3.7478;5.853;-6.115;0.017292;0.98319;0.67899;0.98924;-0.92743;0.64842;1.3027;2.002;1.5571;-0.21007;-0.037841;-0.041797;0.45457;0.74956;0.17724
10;-33.399;3.0631;2.1054;-9.2169;-8.9967;1.2084;0.084184;0.84796;-2.7141;-5.1645;0.61613;-4.1964;-0.17426;-0.16256;5.2586;76.85;1.0221;0.022658;0.57989;0.67147;1.195;-0.81036;0.3039;-0.73011;-0.28928;0.67377;-1.687;-0.58245;-0.35747;1.4491
11;-26.256;6.5524;11.753;4.9007;-14.675;3.6675;0.012679;0.6642;-9.6315;-3.7973;-6.8158;-4.1766;-6.07;-1.5515;-4.8655;0.049836;0.58695;0.5661;0.92983;0.7139;-1.3699;0.84339;0.96948;0.29089;-0.78324;0.11281;-1.304;0.76996;-1.3527;0.1343
12;6.5141;0.29278;-2.8406;19.613;-2.2411;3.3602;6.7379E-07;0.971;-2.5277;1.9162;0.059052;-3.2108;1.2621;-4.8136;-3.6947;2.244;1.0252;0.53903;0.68741;0.39003;-1.0979;1.9151;-0.24989;0.27437;0.22371;-1.6393;-1.4626;-0.21031;1.0676;-0.018917
13;-24.746;3.1858;16.299;-0.35751;-2.7474;0.38413;0.0014074;0.87416;0.9343;5.5607;1.3516;-3.1404;-2.0406;-1.1282;-7.1977;4.8929;1.0803;0.16659;-1.1926;0.12906;0.024117;0.10579;1.3849;2.3529;0.14099;0.13296;-0.36907;0.13752;0.37112;-0.96117
14;28.476;4.2837;-8.6065;14.945;21.537;4.0826;5.964;0.88827;0.77841;-1.8091;1.3914;2.2518;3.8421;5.3877;-0.94484;0.004418;1.137;0.99543;-0.85047;1.6279;-1.1265;1.5997;-1.6861;0.64144;-0.18992;0.61848;-0.8308;-0.70994;0.25464;1.6822
15;9.6619;3.1658;8.825;-3.9584;-9.9876;2.797;2.8044;0.8881;1.2627;4.3398;0.83891;-5.3319;6.4841;-1.9613;1.8536;71.619;0.76675;0.23658;0.20169;0.48231;-0.10277;0.98871;1.2898;0.80262;1.0962;-0.31947;1.5513;-0.21317;-0.7436;0.13967
16;25.399;5.541;11.183;-2.7089;-9.241;4.204;23.881;1.015;-2.8109;-5.5987;-0.073008;8.7416;2.6181;8.1883;-2.4403;0.00061615;0.1915;0.48715;0.86189;1.0456;-0.34669;0.30906;-0.28151;-0.66449;-0.53468;-2.0337;-1.5539;-0.38095;0.70968;1.1536
17;-2.4344;6.8868;11.349;-0.40808;7.2127;4.0101;0.48928;0.7295;-2.24;-1.3375;5.3976;4.9014;3.9707;-4.8118;1.5998;0.12839;0.91947;0.82541;1.3452;0.59427;0.33332;-0.77864;1.152;-1.1377;-0.4511;0.57217;-0.21024;-1.0167;-0.1109;-0.6393
18;-2.7121;8.1013;2.2545;-6.77;-4.1441;4.3526;0.010124;1.3087;1.4086;1.7534;1.3181;0.26472;-5.9412;3.4604;-0.018586;0.025473;0.72587;0.64382;-0.33281;0.36722;-0.32945;-1.319;-0.34773;-1.0565;0.15893;2.0851;0.94505;0.15029;-0.63253;0.46543
19;-23.581;3.3726;9.8747;-8.5839;9.9604;3.3215;8.5269;1.0948;9.7798;2.7634;-0.85749;3.2306;-0.28373;-4.3604;-0.31957;1.8104E-06;1.1623;0.68072;-0.15518;-0.1164;0.69004;1.7606;1.3322;-0.45307;1.3141;1.6687;0.072183;-0.1607;-1.3245;-2.0708
20;-11.865;0.92923;0.16127;1.6166;5.0266;2.7594;0.015324;0.82757;10.134;-0.032792;-0.22586;-4.6706;6.6668;-0.25096;1.435;7.6188;1.2119;0.032121;-2.5061;0.80848;0.88624;-0.20149;1.6721;-1.1824;-0.43981;-0.48364;0.98954;-0.21099;-0.085464;0.63875
21;8.0328;7.6444;-10.409;2.3674;15.061;2.7707;2.5143E-05;0.70479;-1.5192;6.5003;6.1941;-2.5556;2.5463;-1.5035;-3.1412;2.9555;1.1046;0.67901;-0.071442;1.5009;-1.5563;-0.53512;-0.51047;1.1763;0.85655;1.6937;0.29898;0.35216;-0.81687;0.90277
22;2.9403;1.8095;8.8685;6.3063;9.6359;0.097693;0.043705;1.0526;2.7149;-3.2289;0.51362;2.6705;-10.365;-5.4324;3.9714;7.2005;0.84367;0.91391;-1.5971;0.1025;0.26938;0.3995;1.2533;0.090152;1.4345;-1.5982;0.30514;-2.5143;0.072262;0.91206
23;1.6601;8.2224;8.0569;18.344;7.9829;4.7793;0.0031448;0.91019;7.2682;6.2321;8.3162;-7.5364;-0.62585;0.23307;3.0431;42.765;1.0821;0.23656;1.7822;-2.0326;-1.45;-0.16636;0.61009;-1.0363;2.0498;0.41752;2.899;0.53317;-2.0239;0.79704
24;8.4735;4.0748;11.408;-14.133;9.8068;4.2482;0.36234;1.0328;-11.6;-0.59848;-3.9802;5.6192;5.5257;-3.9085;-1.4803;0.025459;0.99378;0.59968;-0.78859;-1.042;0.08935;-1.2336;1.1943;-0.33552;-0.035218;-0.57932;1.2436;-1.791;0.61459;0.78727
25;-12.342;6.0096;-9.7688;0.86198;2.7155;3.0764;0.009259;0.70206;15.494;5.7818;10.043;8.8066;0.38577;-2.7793;-3.3477;0.06208;1.0393;0.50272;-0.69515;0.32828;0.92249;0.4718;-0.16703;1.2415;0.43712;-0.31252;0.022345;0.14801;-0.83674;1.6183
26;28.323;9.4824;-11.86;3.2602;-6.1457;1.597;2.1541;1.2548;7.2605;1.6713;-2.2059;-3.1325;1.1873;-0.76485;1.384;0.00024883;0.88579;0.67995;-0.38811;2.0725;-2.0093;-0.16143;-0.65943;2.5672;-1.7505;-0.45781;-0.5318;-0.17647;-1.8729;1.0363
27;-3.1204;2.4364;13.298;-0.78237;-19.442;1.7965;0.019408;0.89001;0.79961;6.2419;-4.2988;0.6176;-4.5714;-2.9043;4.3396;1.0858;0.79486;0.29263;1.4022;0.81476;-0.7073;1.0779;0.22451;0.48204;-0.50166;1.8176;0.30664;0.82397;0.79541;-0.43386
28;-12.226;9.1028;12.609;-13.836;18.599;1.3957;37.313;0.71235;-1.3402;-5.9399;-10.29;-4.5558;-3.0353;4.1839;-4.4009;1.2026;1.0356;0.43881;1.4695;0.19161;-0.88864;-1.4488;0.32004;-0.47622;0.36779;0.37364;-1.1566;1.0241;-0.71667;-0.78046
29;-2.1465;3.2679;16.807;9.3219;-7.6196;1.142;0.26957;0.39407;3.1509;-3.3085;-2.7371;2.7756;-1.269;7.0403;-0.61212;9.1888;0.86015;0.58974;0.28571;-0.49735;-0.56545;1.1359;-0.14078;-0.22065;2.6428;0.51202;0.42192;1.1372;2.0974;-1.4817
30;-10.192;9.2489;3.757;-7.2855;0.49112;3.5941;0.00098562;0.75513;0.87435;-4.2406;1.8295;-0.52219;-1.2367;-5.7665;-4.7889;0.33315;0.44153;0.48341;-2.1949;-1.7851;0.2214;0.171;1.3664;-0.16273;1.0515;0.068554;-0.80209;-0.64641;0.44852;0.029943
normalized population
1;-14.603;-1.5073;6.8911;4.6634;19.629;1.1329;-9.8608;0.054479;4.0514;-2.7712;3.5292;4.3847;2.3023;-2.3737;-2.4189;-7.8372;0.013537;0.37409;0.69367;-0.99543;2.0592;0.62339;1.5761;-0.87602;-0.80312;-0.025915;1.9864;0.5186;-0.20402;0.90099
2;-12.488;4.4395;9.7128;-15.479;2.2313;0.86199;-11.68;-0.093168;3.251;5.3807;3.5581;4.5208;-4.7431;2.246;1.8792;-7.8975;-0.30185;-0.44342;0.4424;0.90318;-0.67939;-0.18209;-0.27145;-1.1701;-1.4531;0.082278;-1.1341;1.9749;0.74212;-0.84156
3;7.9237;2.4393;-3.7007;10.736;3.6525;1.5005;-11.64;-0.12273;10.112;-3.1471;-7.9128;3.2872;1.9033;-0.97441;0.49511;-7.7017;0.041185;-0.32007;2.4526;-1.9336;0.74554;-2.2681;-0.70899;-1.0463;-0.615;0.33911;-0.42373;-0.0032807;0.75176;0.30161
4;26.9;-4.7654;6.6862;-20.66;-14.291;-1.5113;-11.68;0.19668;1.5108;-3.3786;0.87328;5.7401;-1.2429;1.5249;-4.8388;0.45455;-0.074066;0.47014;-1.1917;0.16155;-1.624;-0.79688;-0.51374;-1.2128;2.1294;-1.1096;0.33487;0.034901;2.1755;0.21867
5;13.854;3.5405;-10.445;-19.965;-0.054165;-1.0891;254.59;0.12924;-0.054346;6.8447;2.8236;-0.02588;-2.6072;-2.1766;7.8166;-7.8873;0.055926;0.25885;-0.17844;-2.382;2.1748;-0.8039;-1.379;-1.2137;-0.52946;-0.28109;0.79345;-0.2007;1.2291;-0.9352
6;4.9952;-0.95393;-10.695;-16.972;-0.17947;1.6882;-11.618;-0.2489;1.7177;-4.2174;-1.9166;7.2015;0.3028;2.1761;9.8901;-7.889;0.12719;-0.33872;2.0138;1.7646;0.25273;0.70097;1.1509;0.5268;-1.3173;-0.077438;-0.080405;0.67393;-1.3146;-1.3704
7;3.1059;-3.8945;-26.359;20.319;-6.7312;-0.22201;-11.679;0.084806;-4.2676;5.5161;-5.4404;-3.6563;-0.79159;-0.65424;4.8346;-7.8802;0.11894;-0.40998;0.054149;-0.45279;-1.265;0.91964;0.89537;-0.52526;-0.32974;0.39188;0.98537;1.7381;-0.21376;0.064336
8;28.896;-1.7426;9.6513;22.63;-0.54371;-1.1608;-11.431;0.22635;2.0143;6.356;1.5229;-1.2765;1.2608;4.4885;4.2268;-7.877;0.13309;-0.057271;-1.3243;0.29748;0.77756;0.70452;0.049941;0.50721;0.26419;1.203;0.071017;-1.3029;0.009514;-1.0981
9;4.9458;-0.32917;-4.1666;-5.554;-2.6199;0.81366;-11.68;0.24333;-4.5227;-7.4776;4.2305;-6.0143;-3.362;6.012;-6.1788;-7.8807;0.073733;0.18696;0.86539;-1.0548;0.82246;1.1062;1.4642;1.6021;-0.38891;-0.21091;-0.11629;0.43861;0.7731;0.050958
10;-34.256;-1.8845;-1.8327;-8.8939;-10.134;-1.6801;-11.596;-0.056233;-4.6802;-5.6793;0.25172;-4.7207;0.21156;-0.0036289;5.1949;68.952;0.11269;-0.46937;0.45605;0.54405;1.369;-1.0069;-0.23388;-0.68514;-0.46812;0.5007;-1.7614;-0.59841;-0.33393;1.3228
11;-27.113;1.6048;7.8144;5.2237;-15.813;0.77896;-11.668;-0.23999;-11.598;-4.312;-7.1802;-4.701;-5.6842;-1.3926;-4.9292;-7.8481;-0.3225;0.074072;0.80599;0.58648;-1.1959;0.64685;0.43169;0.33585;-0.96207;-0.060265;-1.3785;0.75399;-1.3292;0.0080216
12;5.6573;-4.6548;-6.7788;19.936;-3.3784;0.47171;-11.68;0.066805;-4.4939;1.4014;-0.30535;-3.7352;1.6479;-4.6546;-3.7584;-5.6539;0.11573;0.047001;0.56357;0.26262;-0.92382;1.7185;-0.78768;0.31934;0.044871;-1.8123;-1.5371;-0.22627;1.0911;-0.1452
13;-25.603;-1.7618;12.361;-0.034498;-3.8847;-2.5044;-11.679;-0.030038;-1.0319;5.046;0.98716;-3.6648;-1.6548;-0.96924;-7.2615;-3.005;0.17089;-0.32544;-1.3164;0.0016505;0.19816;-0.090749;0.84706;2.3979;-0.037848;-0.040108;-0.44355;0.12155;0.39467;-1.0875
14;27.619;-0.66386;-12.545;15.268;20.399;1.1941;-5.7164;-0.015927;-1.1877;-2.3238;1.027;1.7274;4.228;5.5467;-1.0086;-7.8935;0.22758;0.5034;-0.97431;1.5005;-0.95247;1.4031;-2.2239;0.6864;-0.36876;0.44541;-0.90529;-0.72591;0.27818;1.5559
15;8.8052;-1.7818;4.8869;-3.6354;-11.125;-0.091558;-8.876;-0.016091;-0.7034;3.825;0.47451;-5.8562;6.8699;-1.8024;1.7898;63.721;-0.1427;-0.25544;0.077847;0.3549;0.071274;0.79217;0.75198;0.84759;0.9174;-0.49254;1.4768;-0.22914;-0.72006;0.013387
16;24.543;0.59338;7.2454;-2.3859;-10.378;1.3155;12.201;0.11081;-4.7771;-6.1135;-0.43741;8.2173;3.0039;8.3473;-2.5041;-7.8973;-0.71796;-0.0048782;0.73804;0.91822;-0.17265;0.11252;-0.8193;-0.61953;-0.71352;-2.2068;-1.6284;-0.39692;0.73322;1.0273
17;-3.2911;1.9392;7.4108;-0.085071;6.0755;1.1216;-11.191;-0.17469;-4.2062;-1.8523;5.0332;4.377;4.3565;-4.6529;1.536;-7.7695;0.01002;0.33338;1.2213;0.46686;0.50737;-0.97518;0.61421;-1.0927;-0.62994;0.3991;-0.28473;-1.0327;-0.087359;-0.76558
18;-3.5689;3.1537;-1.6837;-6.447;-5.2814;1.464;-11.67;0.40447;-0.55753;1.2386;0.95371;-0.25964;-5.5554;3.6193;-0.08233;-7.8725;-0.18358;0.15179;-0.45665;0.23981;-0.1554;-1.5155;-0.88552;-1.0116;-0.019903;1.912;0.87056;0.13432;-0.60899;0.33915
19;-24.438;-1.5751;5.9366;-8.2609;8.8232;0.43293;-3.1535;0.19063;7.8136;2.2486;-1.2219;2.7062;0.10209;-4.2014;-0.38332;-7.8979;0.25288;0.18869;-0.27902;-0.24381;0.86409;1.5641;0.79444;-0.40811;1.1353;1.4956;-0.0023057;-0.17667;-1.3009;-2.197
20;-12.721;-4.0184;-3.7769;1.9396;3.8894;-0.1291;-11.665;-0.076623;8.168;-0.54756;-0.59026;-5.195;7.0526;-0.092032;1.3713;-0.27919;0.30244;-0.45991;-2.6299;0.68107;1.0603;-0.39803;1.1343;-1.1374;-0.61865;-0.65671;0.91505;-0.22696;-0.061921;0.51247
21;7.176;2.6968;-14.348;2.6904;13.924;-0.11786;-11.68;-0.1994;-3.4854;5.9855;5.8297;-3.08;2.9321;-1.3445;-3.205;-4.9425;0.19516;0.18698;-0.19528;1.3735;-1.3822;-0.73166;-1.0483;1.2213;0.67772;1.5207;0.22449;0.3362;-0.79333;0.77649
22;2.0836;-3.1381;4.9304;6.6293;8.4987;-2.7908;-11.637;0.14839;0.7487;-3.7437;0.14921;2.1461;-9.9796;-5.2735;3.9077;-0.69746;-0.065781;0.42188;-1.7209;-0.024915;0.44342;0.20296;0.7155;0.13511;1.2557;-1.7712;0.23065;-2.5302;0.095805;0.78578
23;0.80338;3.2748;4.1188;18.667;6.8456;1.8907;-11.677;0.0059953;5.3021;5.7173;7.9518;-8.0608;-0.24004;0.392;2.9793;34.867;0.17268;-0.25547;1.6584;-2.16;-1.2759;-0.36291;0.072305;-0.99133;1.8709;0.24445;2.8245;0.51721;-2.0004;0.67076
24;7.6168;-0.87281;7.4703;-13.81;8.6695;1.3597;-11.318;0.12856;-13.566;-1.1132;-4.3446;5.0948;5.9115;-3.7496;-1.544;-7.8725;0.084324;0.10766;-0.91244;-1.1694;0.2634;-1.4302;0.65653;-0.29056;-0.21406;-0.75239;1.1691;-1.807;0.63813;0.66099
25;-13.199;1.062;-13.707;1.185;1.5783;0.18789;-11.671;-0.20213;13.528;5.267;9.6786;8.2823;0.77158;-2.6204;-3.4114;-7.8359;0.12984;0.010693;-0.81899;0.20086;1.0965;0.27526;-0.70482;1.2865;0.25828;-0.48559;-0.052144;0.13204;-0.8132;1.4921
26;27.467;4.5348;-15.798;3.5832;-7.2829;-1.2915;-9.5263;0.35061;5.2944;1.1565;-2.5703;-3.6569;1.5731;-0.60593;1.3202;-7.8977;-0.023665;0.18792;-0.51195;1.9451;-1.8352;-0.35797;-1.1972;2.6122;-1.9293;-0.63088;-0.60629;-0.19244;-1.8494;0.91006
27;-3.9772;-2.5112;9.36;-0.45936;-20.579;-1.092;-11.661;-0.01419;-1.1665;5.7272;-4.6632;0.09324;-4.1856;-2.7454;4.2758;-6.8122;-0.1146;-0.1994;1.2783;0.68735;-0.53325;0.8814;-0.31328;0.527;-0.68049;1.6445;0.23215;0.808;0.81895;-0.56014
28;-13.082;4.1552;8.6711;-13.513;17.462;-1.4929;25.633;-0.19185;-3.3063;-6.4547;-10.655;-5.0802;-2.6494;4.3428;-4.4646;-6.6953;0.1261;-0.053218;1.3457;0.064192;-0.71459;-1.6453;-0.21775;-0.43126;0.18896;0.20057;-1.2311;1.0082;-0.69313;-0.90674
29;-3.0033;-1.6797;12.869;9.645;-8.7568;-1.7465;-11.411;-0.51013;1.1848;-3.8233;-3.1015;2.2512;-0.88321;7.1992;-0.67586;1.2909;-0.049307;0.097708;0.16186;-0.62476;-0.3914;0.93934;-0.67857;-0.17569;2.464;0.33895;0.34743;1.1212;2.1209;-1.6079
30;-11.048;4.3013;-0.18113;-6.9625;-0.64612;0.70558;-11.679;-0.14907;-1.0918;-4.7553;1.4651;-1.0465;-0.85093;-5.6075;-4.8526;-7.5648;-0.46792;-0.0086189;-2.3187;-1.9125;0.39545;-0.025538;0.82866;-0.11777;0.87265;-0.10452;-0.87658;-0.66237;0.47206;-0.096336
PARTICULAR
id;2
