TITLE;72 random variables, variable gain
FOCUS ON;
EXPERIMENT TYPE;SingleAmongManyVaryingGain
PARAMETERS
normalization;Center
pcaRecompositionThreshold;0.95
component;1;2;3;4;5;6;7;8;9;10;11;12;13;14;15;16;17;18;19;20;21;22;23;24;25;26;27;28;29;30;31;32;33;34;35;36;37
type;RandomPearson;RandomPearson;RandomPearson;RandomPearson;RandomPearson;RandomPearson;RandomPearson;RandomPearson;RandomPearson;RandomPearson;RandomPearson;RandomPearson;RandomPearson;RandomPearson;RandomPearson;RandomPearson;RandomPearson;RandomPearson;RandomPearson;RandomPearson;RandomPearson;RandomPearson;RandomPearson;RandomPearson;RandomPearson;RandomPearson;RandomPearson;RandomPearson;RandomPearson;RandomPearson;RandomPearson;RandomPearson;RandomPearson;RandomPearson;RandomPearson;RandomPearson;RandomPearson
p1;9;9;9;9;9;9;9;9;9;9;9;9;9;9;9;9;9;9;9;9;9;9;9;9;9;9;9;9;9;9;9;9;9;9;9;9;1
p2;0;0;0;0;0;0;0;0;0;0;0;0;0;0;0;0;0;0;0;0;0;0;0;0;0;0;0;0;0;0;0;0;0;0;0;0;0
RESULTS
COMMON
distance
which;Manhattan(Average);Manhattan(GeometricAverage);Manhattan(Median);Manhattan(Minimum);Manhattan(MinimumTimesMedian);Manhattan(Summation);Euclidean(Average);Euclidean(GeometricAverage);Euclidean(Median);Euclidean(Minimum);Euclidean(MinimumTimesMedian);Euclidean(Summation)
plain;1.7088;1.7059;1.7036;1.4407;2.4544;2093.3;0.52042;0.51568;0.51386;0.31998;0.16442;637.51
PCA;2.1238;2.1168;2.1145;1.5897;3.3615;2601.7;1.0579;1.0272;0.99797;0.52989;0.52882;1296
DE00;2.1278;2.1207;2.118;1.6856;3.4973;2577.1;1.2005;1.366;1.2848;0.65725;0.67166;1575.2
DE01;2.1283;2.1126;2.1189;1.6476;3.5058;2594.4;1.3205;1.2762;1.2731;0.59973;0.74521;1649.3
DE02;2.111;2.0854;2.1156;1.6905;3.395;2615;1.3169;1.3019;1.3396;0.60877;0.74171;1706.1
PCA
weights;0.023011;0.023558;0.027533;0.039812;0.025912;0.034067;0.031312;0.022491;0.021495;0.031973;0.016792;0.019712;0.013805;0.026545;0.043142;0.019862;0.01746;0.017269;0.027847;0.025743;0.020145;0.020931;0.025497;0.028704;0.024145;0.020302;0.024083;0.018336;0.015709;0.058535;0.035942;0.023018;0.02365;0.025414;0.030175;0.026231;0.0026325;0.0018463;0.0024723;0.001664;0.0018649;0.00082197;0.0034421;0.0019003;0.0011719;0.0025744;0.0011005;0.0016298;0.0026604;0.0010454;0.0023569;0.0027294;0.0014228;0.0019425;0.0033942;0.00097572;0.0016827;0.0019932;0.0010522;0.0015224;0.0054343;0.0020347;0.00078222;0.0011652;0.0015751;0.0015241;0.001384;0.0032598;0.00073836;0.0022486;0.00089068;0.0029052
differential evolutions parameters, by distance type
i;dDE / dP;distance;type;parentWeight;crossover;population;iterations;distance;weights ->
1;1.2455;2.1283;2;0.85;0.5;50;50;Manhattan(Average);0.029813;0.028331;0.037509;0.034367;0.036985;0.034635;0.039555;0.037735;0.033943;0.036271;0.0019773;0.0054168;0.014207;0.019755;0.03262;0.039628;0.036833;0.012563;0.035191;0.034093;0.030441;0.023391;0.014652;0.038197;0.022018;0.0069636;0.02218;0.0085108;0.0021167;0.034116;0.035812;0.031907;0.038693;0.035348;0.00055311;0.023429;0.00036384;0.0026919;2.6544E-05;0.00080057;0.00021435;0.00053741;0.002344;0.0016285;0.00018037;0.0029492;0.00045203;0.0037809;0.0030801;0.0043523;0.000425;6.8814E-06;0.0035816;0.0011966;0.00093564;0.00091069;3.8153E-05;0.0021795;0.0012152;0.00040254;0.0032492;0.00092695;0.00052331;0.00063869;0.00032418;0.00028458;0.00057914;0.001213;0.0018029;0.0012982;0.0019817;0.0031303
2;1.2452;2.1278;2;0.85;0.5;50;50;Manhattan(Average);0.034516;0.032252;0.0089676;0.036274;0.031847;0.035977;0.034746;0.033359;0.032459;0.03543;0.0040306;0.01639;0.010216;0.029405;0.034321;0.0294;0.013839;0.021657;0.035683;0.0009189;0.0055919;0.030066;0.032021;0.033006;0.021233;0.035515;0.029624;0.032002;0.0052227;0.033344;0.035266;0.031072;0.019147;0.026819;0.034265;0.034352;0.00044024;0.00012478;0.00076786;0.0016832;0.0010748;0.0015302;0.0019511;0.00050584;0.0014114;0.00074028;0.00074431;0.0010033;0.0022996;0.0024776;0.0031394;0.00051035;0.00021402;0.0011137;0.00020957;0.00019185;0.0034451;0.0022459;0.00044032;0.0033065;0.00050282;0.0013393;0.0020776;0.0011625;0.00072714;0.0011304;0.00060444;0.0016005;0.00050447;0.0029156;0.0041653;0.0014646
3;1.2354;2.111;2;0.85;0.5;50;50;Manhattan(Average);0.0031117;0.034621;0.037289;0.033923;0.037558;0.033028;0.03546;0.030033;0.028791;0.029477;0.020362;0.01283;0.0017119;0.033391;0.031718;0.022556;0.0048087;0.0091978;0.032717;0.020066;0.019971;0.037125;0.037378;0.033861;0.009985;0.02917;0.012256;0.033509;0.00012927;0.035146;0.032025;0.037292;0.019425;0.017824;0.037527;0.036435;0.0024973;0.002691;0.0027885;0.0023457;0.0025289;0.00098551;0.00299;0.00011422;0.0008501;0.00078065;0.015244;0.00019154;0.003857;0.00028441;0.0013125;0.0042911;0.00038638;1.2009E-05;0.003817;0.002561;0.0080768;0.0014447;0.0061706;7.4232E-05;0.0018734;0.00085128;0.00064861;0.00021753;0.00072628;0.0018991;0.00097237;0.0017743;0.0002843;0.0010998;0.0010419;0.0006092
4;1.2432;2.1207;2;0.85;0.5;50;50;Manhattan(GeometricAverage);0.02594;0.01875;0.03592;0.034851;0.034667;0.031815;0.039106;0.034654;0.014698;0.027556;0.029454;0.029184;0.007826;0.028297;0.034067;0.0036888;0.0043099;0.029529;0.028847;0.010275;0.017391;0.022331;0.038354;0.02874;0.017335;0.037556;0.010065;0.022368;0.017364;0.037874;0.037884;0.036424;0.019939;0.039269;0.036729;0.024511;0.001147;0.0023136;0.00097387;0.0024081;0.0040224;0.0022371;0.001119;0.00064059;0.00017315;0.0057511;0.0015149;0.0021151;0.0019496;0.0017618;0.0034469;0.0013673;0.00017517;0.0017125;0.00094699;0.00054082;0.0013257;0.00024445;0.002162;0.00080807;0.0012071;0.00066505;0.0016882;0.0014237;0.00099271;0.00085636;0.00023136;0.00022362;0.00020744;0.00055178;0.0018249;0.0017021
5;1.2384;2.1126;2;0.85;0.5;50;50;Manhattan(GeometricAverage);0.033418;0.028528;0.026874;0.033031;0.028388;0.030018;0.036087;0.020114;0.020112;0.036681;0.020892;0.0092196;0.022601;0.03538;0.035965;0.035788;0.0095684;0.0067428;0.028415;0.0024265;0.031952;0.016028;0.020923;0.031712;0.024424;0.0332;0.025562;0.013692;0.034412;0.036007;0.035392;0.034811;0.031025;0.026408;0.019382;0.029475;0.00026678;0.0016608;0.0012919;0.00021488;0.0018362;0.00058899;0.0011862;0.0033822;0.00070118;0.00040294;8.3732E-05;0.00059125;0.0010016;0.00099727;0.0014924;0.00093959;0.0011734;4.8459E-06;0.0045925;0.0013356;8.2889E-05;0.00023929;0.0010838;0.0038385;0.001843;0.0035058;0.0033454;0.00017599;0.0023516;0.0045399;0.00099432;0.0025671;0.0019621;0.0017041;0.00047596;0.0028938
6;1.2225;2.0854;2;0.85;0.5;50;50;Manhattan(GeometricAverage);0.028542;0.02127;0.03512;0.035294;0.011055;0.032713;0.034116;0.03393;0.027948;0.034609;0.0052593;0.024939;0.0063942;0.026606;0.028819;0.030126;0.021132;0.0040012;0.033278;0.033174;0.016684;0.018132;0.031022;0.024672;0.02474;0.030244;0.019399;0.034783;0.0020608;0.035408;0.021795;0.018427;0.029436;0.035696;0.029379;0.025986;0.0024613;0.0037201;0.0027829;0.0048614;0.0013224;0.0014831;0.00109;0.00012419;0.0003412;0.00062717;0.0010106;0.00052527;0.0017082;0.0037638;0.001143;0.00098378;0.001595;0.0048192;0.0021837;0.00047142;0.002658;0.0017558;0.00040114;0.0045323;0.00097286;0.00185;0.00040624;0.025604;0.00082097;0.00061919;0.0030894;0.0044829;0.0016602;0.00064016;0.0018723;0.0054284
7;1.1436;1.6476;2;0.85;0.5;50;50;Manhattan(Minimum);0.029515;0.017409;0.028711;0.013003;0.023944;0.031728;0.018431;0.030118;0.0073218;0.016755;0.027126;0.026817;0.030931;0.025092;0.029158;0.027231;0.013711;0.027679;0.015945;0.022134;0.015839;0.015263;0.019619;0.0115;0.016841;0.02548;0.027787;0.0015576;0.01415;0.031906;0.030731;0.019118;0.0044694;0.012836;0.02419;0.029859;0.0007279;0.0030579;0.0012566;0.016067;0.0077393;0.00057104;0.00014376;0.0027533;0.01731;0.030111;0.00146;0.003888;0.0063476;0.0043539;0.00043775;0.0055558;0.0026905;0.00024159;0.021043;0.00039251;0.001401;0.0056136;0.021735;0.0092912;0.001848;0.023404;0.00073449;0.0074753;0.0013823;0.0013591;0.0011149;0.0018379;0.0074585;0.014434;0.0080457;0.0028117
8;1.17;1.6856;2;0.85;0.5;50;50;Manhattan(Minimum);0.032114;0.022933;0.020016;0.010002;0.024052;0.03268;0.0054529;0.033646;0.016554;0.023675;0.033356;0.023384;0.029145;0.028327;0.029772;0.026804;0.0050684;0.007325;0.024169;0.018689;0.023668;0.031344;0.010837;0.024856;0.026792;0.029901;0.021795;0.0015288;0.013696;0.027438;0.032506;0.031547;0.0077051;0.029867;0.031994;0.0084061;0.00057114;0.006505;0.00067985;0.0025874;0.0010074;0.0024139;0.0073629;0.0011019;0.0013676;0.00054126;5.0938E-05;0.0017329;0.0035326;0.0025239;0.00068496;0.007694;0.017553;0.0016882;0.01084;0.0070302;0.0098086;0.004866;0.0019451;0.0047742;0.018273;0.020372;0.0013565;0.00645;0.0058614;0.0034116;0.017497;0.0019186;0.0020381;0.003777;0.015104;0.0040307
9;1.1734;1.6905;2;0.85;0.5;50;50;Manhattan(Minimum);0.020024;0.029965;0.024464;0.025668;0.03502;0.031829;0.02677;0.024878;0.0055513;0.00035579;0.031954;0.032254;0.031349;0.017643;0.026132;0.031507;0.018414;0.020609;0.029831;0.0055507;0.031147;0.024653;0.028756;0.0066859;0.013171;0.033741;0.028679;0.00777;0.018158;0.029082;0.032222;0.025525;0.0040746;0.012498;0.024698;0.029182;0.00011378;0.00099709;0.010052;0.0012887;0.0055271;0.00049439;0.02278;0.0017703;0.0003658;0.0025199;0.0012735;0.00013832;6.1529E-05;0.015341;0.0010274;0.0087316;0.0021983;0.0039368;0.0061811;0.0011918;0.00059738;0.0025169;0.0049711;0.026812;0.0036471;0.025316;0.00013121;0.00076862;0.0032726;0.0020118;0.0011531;0.0078031;0.0010778;0.0012031;0.0010681;0.011847
10;1.2433;2.118;2;0.85;0.5;50;50;Manhattan(Median);0.03517;0.024808;0.038939;0.026373;0.035525;0.029779;0.022519;0.035155;0.029485;0.026122;7.3841E-05;0.026843;0.0013437;0.018147;0.028831;0.023896;0.025022;0.016817;0.039415;0.030243;0.033435;0.020414;0.00080597;0.018276;0.035716;0.026842;0.034194;0.0023764;0.030715;0.03959;0.03062;0.034933;0.017587;0.034283;0.038905;0.032136;0.00071334;0.00063211;0.00077212;0.00012734;0.0012996;0.00084548;0.00057178;0.0015971;0.0018196;0.00025978;0.00034141;0.00036842;0.0021004;0.00014127;0.0055443;0.00070475;0.00042013;0.0011886;0.0006916;0.0075185;8.5735E-05;0.00035305;0.00068644;0.002029;0.0004694;0.0048267;0.0016646;0.00061103;8.4395E-05;0.00096161;0.0045081;0.0011286;0.0015769;0.0013871;0.0055464;0.0010857
11;1.2438;2.1189;2;0.85;0.5;50;50;Manhattan(Median);0.029143;0.019898;0.039972;0.036862;0.030271;0.036889;0.024958;0.0093697;0.035346;0.031843;0.026201;0.013026;0.029815;0.017762;0.039344;0.013808;0.01563;0.01118;0.038216;0.024329;0.022981;0.035182;0.00081778;0.030893;0.03921;0.039795;0.03993;0.0038405;0.0051365;0.033472;0.035983;0.03533;6.6714E-05;0.032346;0.032868;0.028874;0.00050614;0.0017438;0.0053071;0.0015483;0.0004767;0.00028103;0.0015119;0.0019074;0.00040162;0.00010401;0.002138;0.003699;0.0014704;0.002106;0.00087108;0.00061325;0.0041995;0.0013386;0.0039279;0.0011057;0.00016936;0.0028703;0.00031603;0.0012047;0.0029239;0.002199;0.00071582;0.0025445;0.0027319;0.0012521;0.0012682;0.0022173;0.0021472;0.00077738;0.00080082;1.4339E-05
12;1.2419;2.1156;2;0.85;0.5;50;50;Manhattan(Median);0.028761;0.011827;0.037123;0.037032;0.023998;0.032711;0.027467;0.034972;0.0064057;0.035256;0.0082946;0.022264;0.014909;0.035676;0.020318;0.022993;0.0034161;0.028373;0.035774;0.037497;0.02812;0.035508;0.037056;0.03632;0.034851;0.025783;0.0077756;0.03949;0.01137;0.034248;0.038007;0.0075114;0.025448;0.0099461;0.033861;0.02606;0.0011218;0.00044305;0.0016998;0.0014525;0.0033024;0.00264;0.00099246;0.00062242;0.0025334;0.00039232;0.0031491;0.0013124;0.00060685;0.00058439;0.0029037;0.0034514;0.0014105;0.0014986;0.0034821;0.0096885;0.00032495;0.0018241;0.00080304;0.00036328;0.0023582;0.0018322;0.0014288;0.00084197;0.00082787;0.0012325;0.00026592;0.0022774;2.4642E-05;0.0012063;0.0021361;0.0025447
13;1.4249;3.4973;2;0.85;0.5;50;50;Manhattan(MinimumTimesMedian);0.027949;0.035778;0.022192;0.033011;0.036574;0.035933;0.0077123;0.034292;0.0036098;0.024215;0.035737;0.033632;0.010263;0.017205;0.037777;0.022477;0.033022;0.00011008;0.026534;0.01737;0.022455;0.03719;0.0073286;0.031097;0.017038;0.037316;0.0020446;0.0088539;0.025216;0.030719;0.035436;0.036855;0.0060382;0.025908;0.033766;0.018068;0.003226;0.0038225;0.00092141;0.0019238;0.0014371;0.0012895;0.017907;0.0017573;0.0020585;0.0022776;0.00036819;0.00026005;0.0011812;0.00095205;0.00039829;0.00068799;0.00081581;0.023099;0.011038;0.0002936;0.0024446;0.0016835;0.0021998;0.0022907;0.0027018;0.011152;0.00064582;0.0020166;0.0006087;0.0001056;0.012905;0.0067815;0.0012309;0.00080344;0.0034161;0.0025798
14;1.4284;3.5058;2;0.85;0.5;50;50;Manhattan(MinimumTimesMedian);0.037213;0.033805;0.01685;0.030259;0.032588;0.036282;0.029601;0.040257;0.0090917;0.019599;0.031379;0.022232;0.0072379;0.026061;0.029179;0.019995;0.012794;0.0062842;0.037398;0.018946;0.040842;0.04092;0.0025112;0.0031281;0.035024;0.037531;0.030823;0.0023762;0.017232;0.031457;0.038733;0.030862;0.0087554;0.0051143;0.033401;0.03188;0.0046266;0.0013305;0.0027359;0.0012344;0.0010962;0.0012174;0.00076119;0.0013284;0.00035126;0.00052927;0.0065367;0.0016227;0.0098205;0.0017629;0.0047741;0.0019548;0.0043714;0.0013426;0.00311;0.0032938;0.0051424;0.00034523;0.0085271;0.007305;0.00093859;0.013704;0.00015566;0.0016462;0.00071745;0.0057644;0.0012321;0.00088833;0.00011617;0.0047596;0.0036558;0.0036623
15;1.3833;3.395;2;0.85;0.5;50;50;Manhattan(MinimumTimesMedian);0.035707;0.013269;0.018884;0.025897;0.035239;0.026889;0.0021213;0.035256;0.03111;0.029541;0.029469;0.033649;0.0091537;0.02208;0.036401;0.018147;0.0064831;0.0066768;0.022836;0.0015832;0.019817;0.034565;0.023544;0.035761;0.028501;0.036505;0.0082477;0.029186;0.017812;0.036102;0.035645;0.033913;0.0034892;0.019211;0.027657;0.021317;0.0018194;0.00078767;0.036132;0.00061007;0.0096839;0.0031681;0.0011406;0.005668;0.00065467;0.0032316;0.0044648;0.0015877;0.004916;0.0010676;0.00060625;0.00075676;0.0043236;0.006809;0.0036317;0.0029007;0.0021312;0.000603;0.0038084;0.0033316;0.00073551;0.01102;0.0018299;0.0020683;0.0046623;0.00018831;0.0067928;0.0048131;0.00042805;0.002806;0.0046069;0.004548
16;1.2312;2577.1;2;0.85;0.5;50;50;Manhattan(Summation);0.016962;0.024085;0.032923;0.033475;0.023266;0.034126;0.036057;0.0055343;0.030067;0.033974;0.018851;0.01272;0.0045742;0.028471;0.034922;0.026137;0.026988;0.024493;0.030818;0.031722;0.036063;0.035637;0.026287;0.0071249;0.01599;0.021885;0.020992;0.0001511;0.021653;0.033536;0.03587;0.030877;0.033492;0.024397;0.032768;0.035061;0.00082904;0.0040258;0.0022065;0.0024091;0.0015619;0.0013147;1.9658E-05;0.0021931;0.0008299;0.00025445;0.0023951;0.0014415;0.0038873;0.0012547;0.00074352;0.0085906;0.0036239;0.0037635;0.0017259;0.0070745;3.973E-05;0.0016875;0.000669;0.0028155;0.002321;0.00014372;0.00060065;0.001857;0.0011311;0.0029274;0.00016573;0.0004303;0.0036057;0.0032484;0.0026279;0.0036361
17;1.2394;2594.4;2;0.85;0.5;50;50;Manhattan(Summation);0.036125;0.030114;0.028692;0.035934;0.035938;0.025562;0.034497;0.0089025;0.02701;0.018881;0.030756;0.00437;0.02897;0.034397;0.034811;0.03366;0.017365;0.0098618;0.035174;0.016318;0.010571;0.0021942;0.037019;0.027154;0.026364;0.013591;0.022105;0.012408;0.034871;0.036872;0.03637;0.018178;0.037281;0.035919;0.033224;0.033953;0.0032686;0.0010757;0.0030318;0.0016681;0.0035857;0.00069406;0.0016443;0.0047863;0.0053946;0.0022387;0.0012203;0.0011087;0.00046987;0.0016897;0.001722;0.002507;0.0013975;0.00032333;0.00030046;0.00010908;0.0021337;0.00019348;0.0013342;2.609E-05;0.00076663;0.00067454;0.00070702;5.2812E-05;0.0019682;0.0017759;0.0014454;0.0012406;0.00029752;0.00091856;0.0023021;0.0005128
18;1.2493;2615;2;0.85;0.5;50;50;Manhattan(Summation);0.025033;0.0050593;0.035627;0.034486;0.037382;0.036771;0.032804;0.034176;0.024906;0.037614;0.014056;0.019652;0.0053904;0.033519;0.034543;0.017798;0.023727;0.0024693;0.033398;0.029631;0.0033613;0.019535;0.037179;0.034566;0.036489;0.034144;0.037399;0.0065848;0.0069511;0.034125;0.023098;0.033007;0.032043;0.036837;0.027615;0.032928;0.00033433;0.005208;0.0020472;0.00099116;0.0037976;0.0024148;0.001297;4.4678E-05;0.0016499;0.00043906;0.001248;0.00016655;0.00074491;0.0001677;0.00013328;0.00060876;1.2786E-05;0.00033238;0.0040472;0.0022758;0.0006177;0.00043041;0.0012226;0.0010619;0.0019034;0.0017224;0.0017174;0.00034449;0.00028603;6.4706E-05;0.0008774;0.001252;0.0046018;0.0013223;3.0823E-05;0.00068044
19;2.5373;1.3205;2;0.85;0.5;50;50;Euclidean(Average);0.061019;0.046054;0.0077002;0.062383;0.060005;0.0028291;0.053205;0.015109;0.0039099;0.056901;0.00060724;0.0010686;0.013465;0.059783;0.055816;0.0051503;0.015537;0.00060367;0.0018827;0.0066816;0.0062674;0.010089;0.00026485;0.043897;0.0009873;0.0048159;0.0047584;0.013819;0.032115;0.060042;0.058977;0.00065297;0.0054283;0.0059801;0.061104;0.0042044;0.0056382;0.00104;0.00069893;0.0038385;0.0049498;0.0033324;0.0014932;0.0020222;0.00038853;0.0071215;0.0053721;0.0021643;0.0028867;0.016179;0.0011493;0.016219;0.0062571;0.012647;0.0074406;0.0093506;0.0072782;0.0028626;0.0032851;0.0079768;0.00026548;0.0032081;0.0013527;0.0045091;0.0020538;3.448E-05;0.0021041;0.0032192;0.0033607;0.00067775;0.00097147;0.0035379
20;2.3067;1.2005;2;0.85;0.5;50;50;Euclidean(Average);0.00047766;0.046033;0.043063;0.0042979;0.044043;0.04746;0.0010727;0.0005606;0.00068199;0.047313;0.00077276;0.0012709;0.0011495;0.042506;0.044877;0.0057376;0.00010063;0.0012641;0.039947;0.00076667;0.0077977;0.035708;0.044647;0.045118;0.016266;0.00090913;0.029997;0.00045817;0.035979;0.048691;0.047899;0.043304;0.037678;0.042444;0.048988;0.0035337;0.0021469;0.0023627;0.0011474;0.049346;0.0013715;0.0004811;0.0012769;0.0010957;0.0021273;4.303E-05;0.0017488;0.00073904;0.0099607;0.00095891;0.0037555;0.0092259;0.0019196;0.00066667;0.001853;0.004414;0.0024259;0.0016679;0.0014644;0.0069493;0.00036471;3.7723E-05;0.0065519;0.0011709;0.00045754;0.0062937;0.00013054;0.0020977;0.00077874;0.0010682;0.0030035;0.0060854
21;2.5304;1.3169;2;0.85;0.5;50;50;Euclidean(Average);0.049626;0.0029941;0.060095;0.0476;0.0065428;0.05522;0.019941;0.0067004;0.0023275;0.043859;0.0020881;0.060428;0.029449;0.0012494;0.059588;0.00267;0.00056325;0.00090889;0.0062271;0.00011666;0.0012475;0.00047651;0.0036799;0.056424;0.0066767;0.0013444;6.2558E-05;0.0016363;0.058432;0.056791;0.060555;0.029296;0.057765;0.059345;0.0021342;0.017415;0.040335;0.0026885;0.0077423;0.0044349;0.0010828;0.0019728;0.0001875;0.0030326;0.001189;0.00028733;0.00090772;0.00031666;0.0012298;0.002224;0.0017123;0.0043451;0.0024168;0.0010714;0.00075571;0.01046;0.002492;0.0067158;0.00066361;0.0072715;0.0038015;0.0031687;0.00065713;0.0041624;0.0060264;0.00029459;0.00082604;0.0011151;0.00028387;0.001803;0.00058861;0.00026291
22;2.4748;1.2762;2;0.85;0.5;50;50;Euclidean(GeometricAverage);0.0050005;0.057814;0.00084918;0.060744;0.056912;0.060041;0.05792;0.0042954;0.0027636;0.058224;0.014111;0.015519;0.0046008;0.015672;0.05758;0.004809;0.015327;0.0015027;0.058395;0.055156;0.0032418;0.016693;0.0080277;0.030403;0.0031314;0.018051;0.0017029;0.033044;0.00010712;0.056057;0.022399;0.00059421;0.0059497;0.0023781;0.058814;0.0053759;2.35E-05;0.0022864;0.0078721;0.0031052;0.0052486;0.0033735;0.0015103;2.7974E-06;0.00016564;0.0045609;0.0027833;0.0055245;0.0031389;0.0029995;8.9786E-05;0.0025131;0.0019977;0.0019366;0.0020313;0.0070008;0.0010172;0.0040964;0.0042006;0.0012155;0.00021743;0.0091721;0.0052832;0.00166;0.0031164;0.0050052;0.0027909;0.0027198;0.012101;0.0011713;0.0036848;0.011179
23;2.6489;1.366;2;0.85;0.5;50;50;Euclidean(GeometricAverage);0.0080557;0.0063688;0.0052844;0.064792;0.061111;0.0031728;0.00064411;0.00060766;0.062645;0.0038742;0.0067932;0.017852;0.0027323;0.046431;0.069219;0.0058425;0.0085685;0.0037771;0.060106;0.068082;0.0057137;0.00058259;0.0068789;0.057628;0.026057;0.0015577;0.0029597;0.0090282;0.0036197;0.068838;0.069292;0.0018223;0.010188;0.0018705;0.058302;0.046289;0.012084;0.001428;0.0071853;0.0018975;0.0089608;0.0008681;0.0024804;0.0012114;0.00049841;0.0018548;0.0045539;9.6671E-05;0.00037381;0.0042459;0.0010017;0.0016819;0.0026789;0.013541;0.0042587;0.0007828;0.0012343;0.0062557;0.00013016;0.011572;0.00082206;0.00040691;0.00195;0.0028233;0.00087652;0.0051526;0.0050768;0.0004841;0.0042545;0.00053185;0.0027801;0.0073787
24;2.5246;1.3019;2;0.85;0.5;50;50;Euclidean(GeometricAverage);0.0038122;0.0014846;0.060175;0.059981;0.058631;0.0464;0.054687;0.028033;0.0082817;0.0079681;0.059409;0.019565;0.0025541;0.0021339;0.058346;0.010468;0.00061396;0.011135;0.059418;0.0043852;0.0015974;0.0010383;0.0037645;0.058529;0.017788;0.006372;0.0034078;0.003157;0.0049524;0.0589;0.040878;0.00069944;0.053735;0.0079061;0.058164;0.0024169;0.0065533;0.0023883;0.0049828;0.0049787;0.0014416;0.0053945;0.0026532;0.0011871;0.0019846;0.00042817;0.0017142;0.0023282;0.0096745;0.0028323;0.0074151;0.013289;0.0017199;0.0021409;0.00059787;0.0056218;0.00010077;0.0012607;2.6653E-05;0.00040306;0.0050191;0.00048572;0.0037133;0.0023503;0.006637;6.6777E-05;0.014443;0.0010471;0.00072889;0.00029305;0.0014779;0.0018326
25;1.8743;0.59973;2;0.85;0.5;50;50;Euclidean(Minimum);0.030505;0.033032;0.0030519;0.021033;0.025838;0.015369;0.026086;0.035365;0.027499;1.4213E-05;0.032886;0.00068472;0.0028097;0.0055143;0.031405;0.026639;0.034249;0.0021397;0.014516;0.024892;0.025427;0.021642;0.013234;0.032974;0.037264;0.0374;0.0052459;0.015363;0.0036203;0.031102;0.039573;0.025001;0.038957;0.010471;0.037337;0.010297;0.0039016;0.0023266;0.020859;3.7801E-05;0.0091517;0.0030401;0.0010607;0.0067316;0.0027516;0.00043738;0.0023503;0.0055668;0.0084987;0.0027674;0.0090282;0.010139;0.00056275;0.013538;0.020419;0.00072184;0.0042993;0.0022128;0.002302;0.0032889;0.0039095;0.039736;0.00094767;0.0058112;0.0076313;0.00096237;0.010146;0.0061588;0.0066789;0.0029556;0.00060024;3.5668E-05
26;2.054;0.65725;2;0.85;0.5;50;50;Euclidean(Minimum);0.041134;0.026366;0.041896;0.02209;0.029283;0.042468;0.0036649;0.034867;0.017957;0.040992;0.037115;0.035155;0.0013011;0.024195;0.04167;0.001604;0.00039942;0.030474;0.024398;0.0038655;6.7484E-05;0.002169;0.00083694;0.031728;0.036007;0.03812;0.030245;0.011169;0.02072;0.020407;0.040947;0.021085;0.01774;0.002781;0.040387;0.0072579;0.0017006;0.00020246;0.0059439;0.0068329;0.0042907;0.0034415;0.0003289;0.00085345;0.0016469;0.00077907;0.0014673;0.006172;0.023528;0.0011853;0.0025236;0.00023722;0.0040682;0.0007937;0.0064443;0.0014951;0.0035514;0.0012004;0.004585;0.0029076;0.010452;0.038632;0.0054986;0.0079152;0.0025764;0.0030949;0.00093274;0.0027743;0.00016921;0.0063048;0.010793;0.0021159
27;1.9025;0.60877;2;0.85;0.5;50;50;Euclidean(Minimum);0.0047052;0.034246;0.035475;0.032354;0.021249;0.031501;0.010161;0.0017818;0.0010901;0.030703;0.035537;0.035146;0.00013598;0.03106;0.036092;0.0015527;0.021442;0.035637;0.024213;0.023994;0.00078307;0.030348;0.028667;0.0015236;0.017815;0.035666;0.0001251;0.0015392;0.030463;0.034505;0.031574;0.035626;0.0022963;0.009033;0.035145;0.035232;0.0048648;0.0094357;0.0041567;0.00044137;0.0014657;0.0057608;0.0032261;0.0077735;0.0010246;0.004252;0.00071544;0.00028921;0.00011757;0.007192;9.3968E-05;0.026685;0.0033616;0.0019183;0.011179;0.001321;0.015211;0.0152;0.0055445;0.00017574;0.033575;0.025013;0.0023058;0.0026591;0.0064036;0.0025633;0.011281;0.0021764;8.6159E-06;0.0027726;0.00011989;0.0012974
28;2.5004;1.2848;2;0.85;0.5;50;50;Euclidean(Median);0.0083822;0.0015045;0.059728;0.060632;0.056472;0.0056068;0.057661;0.0024359;0.0040328;0.05723;0.00085663;0.039903;0.00034204;0.0018921;0.0020443;0.061942;0.00064695;0.061857;0.06136;0.0092976;0.00055427;0.0070022;0.0013064;0.0038925;0.00032692;0.0021214;0.00099617;0.061436;0.0042694;0.060771;0.06008;0.0054101;0.0031574;0.0036898;0.03815;0.00451;0.0025101;0.0048991;0.001286;0.0026541;0.0021258;0.00071793;0.014488;0.014115;0.00039506;0.0078651;6.7274E-05;0.0019327;0.0056042;0.00082375;0.0148;0.010318;0.010074;0.00021498;0.0089757;0.0083611;0.003108;0.009209;0.00041097;0.0052984;0.00047952;0.00056551;0.0048322;0.0035532;0.0057541;0.0068677;0.0078556;0.014888;0.0029385;0.00080021;0.0018848;0.0078247
29;2.4775;1.2731;2;0.85;0.5;50;50;Euclidean(Median);0.0027384;0.0088943;0.053545;0.055318;0.044965;0.0027796;0.0035307;0.054934;0.041429;0.057434;0.0046346;0.0066631;0.0011587;0.0041164;0.050078;0.057237;0.0082935;0.0020209;0.056377;0.054462;0.00025839;0.004825;0.0032821;0.051065;0.057649;0.01361;0.042134;0.001119;0.005965;0.054901;0.0013743;0.0023876;0.0063081;0.0019734;0.021597;0.054136;0.00086775;0.0016472;0.0064393;0.0071818;0.0023636;0.0033465;0.003917;0.0064337;0.0029763;0.0041281;0.0095332;0.0074998;0.0058094;0.0020702;0.0055575;0.00051732;0.0033448;0.002751;0.00073815;0.00084481;0.0037775;0.00099374;0.00056471;0.0047685;0.00064185;0.0021306;0.0022116;0.00017676;0.0009774;0.005594;0.0023855;0.0017649;0.00022927;0.00088894;0.00016606;0.0015668
30;2.6069;1.3396;2;0.85;0.5;50;50;Euclidean(Median);0.0013528;0.0055508;0.0011942;0.064517;0.059661;0.0015983;0.0056563;0.0324;0.001307;0.067552;0.0026473;0.010031;0.0024911;0.0023281;0.0025498;0.0057531;0.00020955;0.003137;0.0059328;0.062646;0.0081128;0.066481;0.0031667;0.052345;0.060026;0.00039313;0.0020363;0.060961;0.00013203;0.06675;0.064582;0.066497;0.051456;0.00068941;0.000957;0.0030757;0.0040352;0.0081813;0.0053235;0.00026346;0.0031091;9.0874E-05;0.018667;0.0043694;0.0018544;0.0024802;0.03933;0.00103;0.0007116;0.0071782;0.0041159;0.0023206;0.0050314;0.00052294;0.0056956;0.00045381;0.0010032;0.0027138;0.0041911;0.0017275;0.0077309;5.3326E-05;0.0035949;0.00091846;0.0027609;0.00091831;0.0028679;0.00052027;0.0036802;0.0017747;0.0041255;0.00048004
31;4.0849;0.67166;2;0.85;0.5;50;50;Euclidean(MinimumTimesMedian);0.0035174;0.040632;0.013707;0.038693;0.026067;0.037527;0.028155;0.0016006;0.022966;0.041265;0.042327;0.030651;0.00088395;0.011771;0.030696;0.035217;0.0074263;0.00017986;0.0032952;0.00076939;0.0048109;0.0037611;0.042073;0.041845;0.0032995;0.041561;0.022489;0.00011342;0.039054;0.042998;0.036559;0.040747;0.032289;0.0019532;0.040025;0.042279;0.0010792;0.0020957;0.006553;0.0026228;0.00042443;0.00018335;0.0028559;0.0028677;0.0013972;0.0050795;0.00099822;0.0014702;0.0014436;0.0018125;0.0050677;0.0017821;0.0049729;0.0038041;0.0023295;0.0047874;0.0019189;0.002733;0.00062139;0.0010763;0.016455;0.039234;0.0015345;0.0028088;0.0015568;0.0006291;0.0059;0.0060745;0.0029007;0.006691;0.00063955;0.0023951
32;4.5322;0.74521;2;0.85;0.5;50;50;Euclidean(MinimumTimesMedian);0.0031575;0.0099022;0.046127;0.040259;0.044489;0.0032612;6.2315E-05;0.042888;0.0049887;0.042459;0.023845;0.0011323;0.046365;0.027575;0.044982;0.005108;0.046929;0.0044894;0.029383;0.00016806;0.0069513;0.0070709;0.0073295;0.038841;0.030826;0.044591;0.042953;0.00045649;0.0031351;0.033925;0.047243;0.043324;0.0011096;0.0015752;0.044101;0.033984;0.0025619;0.0014063;0.00046957;0.0082718;0.00043262;0.0020579;0.001271;0.0049252;0.0023542;0.00021898;0.0055955;0.0012881;0.0038786;0.0062712;0.00041692;0.0043422;0.00053089;0.012221;0.0079254;0.0036439;0.00014592;0.0016482;0.0037217;0.020911;0.0044481;0.0073972;0.0012106;0.0027394;0.008324;0.0048815;0.0087123;0.0021194;0.00037523;0.0018042;0.0015817;0.0049073
33;4.5109;0.74171;2;0.85;0.5;50;50;Euclidean(MinimumTimesMedian);0.021579;3.7545E-05;0.055205;0.041591;0.04744;0.0044211;0.0005121;0.0034213;0.024688;1.4213E-05;0.008654;0.045391;0.0030705;0.0012975;0.045747;0.0010588;0.0034844;0.0023451;0.0017429;0.0071024;0.055461;0.0070958;0.052757;0.0037133;0.054846;0.051211;5.4082E-05;0.010337;0.043802;0.042543;0.055417;0.0025308;0.02467;0.046522;0.026188;0.051373;0.0007656;0.00029882;0.012136;0.0022259;0.0043518;0.00032484;0.0028409;0.015265;5.6885E-06;0.0057811;0.012588;0.0028378;0.0025655;0.0022874;0.0014657;0.011117;0.0033177;0.0072167;0.00092729;0.0014816;0.0033532;0.00025247;0.0031108;6.6838E-05;0.0028998;0.0069637;0.001646;0.0055292;0.0012048;0.0031535;0.00042228;0.026897;0.00099679;0.00017518;0.0040277;0.0021748
34;2.5871;1649.3;2;0.85;0.5;50;50;Euclidean(Summation);0.044028;0.0059152;0.050608;0.060163;0.0026256;0.06009;0.053834;0.041555;0.00056353;0.049286;0.0040656;0.0022424;0.001778;0.00023834;0.051422;0.0020595;0.0063153;0.00018249;0.04916;0.0011151;0.059899;0.0024354;0.0025168;0.0024664;0.0022778;0.056516;0.039011;0.00022466;0.00047368;0.060636;0.054326;0.060323;0.0058101;0.0010641;0.02876;0.00060552;0.00018834;0.0004328;0.0024985;0.00094103;0.0030182;0.0010594;0.0012554;0.002948;0.004008;0.0080905;0.0053463;8.3761E-05;0.0031394;0.00086379;0.00079877;0.0028204;0.00057976;0.0061974;0.019783;0.0011568;0.00017684;0.0081825;0.00024479;0.00047405;0.0096054;0.0050881;0.00020597;0.0020292;0.0057494;0.0028681;0.022697;0.0045554;0.00073477;0.0007668;0.0012043;0.005615
35;2.6762;1706.1;2;0.85;0.5;50;50;Euclidean(Summation);0.0022452;0.0032457;0.0012836;0.065001;0.0043977;0.0045511;0.067824;0.0059319;0.006813;0.00058685;0.0040888;0.00031644;0.0084182;0.0042718;0.063253;0.00013038;0.0031357;0.0099542;0.0051629;0.050405;0.0010365;0.063078;0.035389;0.0044332;0.06506;2.709E-05;0.066908;0.0050408;0.0028234;0.067933;0.067361;0.0023548;0.0088807;0.055436;0.065478;0.0025246;0.0096701;0.0025827;0.0012506;0.00032845;0.0014774;0.0092655;0.0050836;0.0027727;0.002509;0.0020152;0.00092805;0.0060031;0.0067163;0.012538;0.00040561;0.0077981;0.024102;0.0027149;0.0013074;0.0022151;0.0047634;0.0024849;0.0031415;0.00051763;0.013381;0.0079404;0.0034423;0.0073924;0.002369;0.0097132;0.0046549;0.0023231;0.0020678;0.0089999;5.4919E-05;0.00029036
36;2.4708;1575.2;2;0.85;0.5;50;50;Euclidean(Summation);0.044753;0.03726;0.056971;0.056936;0.048984;0.056836;0.00019665;0.002487;0.0078641;0.0055117;0.0012707;0.017951;0.0011163;0.0015649;0.055228;0.020587;0.00047268;0.053662;0.0017411;0.051796;0.00043978;0.0025508;0.053851;0.05094;0.0066254;0.0053293;0.057252;0.001011;0.0013335;0.050613;0.056566;0.0033403;0.035747;0.0011518;0.0004666;0.00089089;0.00081312;0.010235;0.00080746;0.0018148;0.0012829;0.00075495;0.0029246;0.0053486;0.0017578;0.0060458;0.0068323;0.010686;0.001761;0.0069216;0.0004571;0.0047726;0.0058749;0.0029604;0.0059702;0.0014178;0.0049246;5.4544E-05;0.0040361;0.005132;0.0091091;0.0008117;0.0032304;0.0039511;0.003492;0.0065158;0.0008781;0.00158;0.014333;0.00042615;0.0045833;0.0062063
differential evolutions parameters, by distance
i;dDE / dP;distance;type;parentWeight;crossover;population;iterations;distance;weights ->
1;1.1436;1.6476;2;0.85;0.5;50;50;Manhattan(Minimum);0.029515;0.017409;0.028711;0.013003;0.023944;0.031728;0.018431;0.030118;0.0073218;0.016755;0.027126;0.026817;0.030931;0.025092;0.029158;0.027231;0.013711;0.027679;0.015945;0.022134;0.015839;0.015263;0.019619;0.0115;0.016841;0.02548;0.027787;0.0015576;0.01415;0.031906;0.030731;0.019118;0.0044694;0.012836;0.02419;0.029859;0.0007279;0.0030579;0.0012566;0.016067;0.0077393;0.00057104;0.00014376;0.0027533;0.01731;0.030111;0.00146;0.003888;0.0063476;0.0043539;0.00043775;0.0055558;0.0026905;0.00024159;0.021043;0.00039251;0.001401;0.0056136;0.021735;0.0092912;0.001848;0.023404;0.00073449;0.0074753;0.0013823;0.0013591;0.0011149;0.0018379;0.0074585;0.014434;0.0080457;0.0028117
2;1.17;1.6856;2;0.85;0.5;50;50;Manhattan(Minimum);0.032114;0.022933;0.020016;0.010002;0.024052;0.03268;0.0054529;0.033646;0.016554;0.023675;0.033356;0.023384;0.029145;0.028327;0.029772;0.026804;0.0050684;0.007325;0.024169;0.018689;0.023668;0.031344;0.010837;0.024856;0.026792;0.029901;0.021795;0.0015288;0.013696;0.027438;0.032506;0.031547;0.0077051;0.029867;0.031994;0.0084061;0.00057114;0.006505;0.00067985;0.0025874;0.0010074;0.0024139;0.0073629;0.0011019;0.0013676;0.00054126;5.0938E-05;0.0017329;0.0035326;0.0025239;0.00068496;0.007694;0.017553;0.0016882;0.01084;0.0070302;0.0098086;0.004866;0.0019451;0.0047742;0.018273;0.020372;0.0013565;0.00645;0.0058614;0.0034116;0.017497;0.0019186;0.0020381;0.003777;0.015104;0.0040307
3;1.1734;1.6905;2;0.85;0.5;50;50;Manhattan(Minimum);0.020024;0.029965;0.024464;0.025668;0.03502;0.031829;0.02677;0.024878;0.0055513;0.00035579;0.031954;0.032254;0.031349;0.017643;0.026132;0.031507;0.018414;0.020609;0.029831;0.0055507;0.031147;0.024653;0.028756;0.0066859;0.013171;0.033741;0.028679;0.00777;0.018158;0.029082;0.032222;0.025525;0.0040746;0.012498;0.024698;0.029182;0.00011378;0.00099709;0.010052;0.0012887;0.0055271;0.00049439;0.02278;0.0017703;0.0003658;0.0025199;0.0012735;0.00013832;6.1529E-05;0.015341;0.0010274;0.0087316;0.0021983;0.0039368;0.0061811;0.0011918;0.00059738;0.0025169;0.0049711;0.026812;0.0036471;0.025316;0.00013121;0.00076862;0.0032726;0.0020118;0.0011531;0.0078031;0.0010778;0.0012031;0.0010681;0.011847
4;1.2225;2.0854;2;0.85;0.5;50;50;Manhattan(GeometricAverage);0.028542;0.02127;0.03512;0.035294;0.011055;0.032713;0.034116;0.03393;0.027948;0.034609;0.0052593;0.024939;0.0063942;0.026606;0.028819;0.030126;0.021132;0.0040012;0.033278;0.033174;0.016684;0.018132;0.031022;0.024672;0.02474;0.030244;0.019399;0.034783;0.0020608;0.035408;0.021795;0.018427;0.029436;0.035696;0.029379;0.025986;0.0024613;0.0037201;0.0027829;0.0048614;0.0013224;0.0014831;0.00109;0.00012419;0.0003412;0.00062717;0.0010106;0.00052527;0.0017082;0.0037638;0.001143;0.00098378;0.001595;0.0048192;0.0021837;0.00047142;0.002658;0.0017558;0.00040114;0.0045323;0.00097286;0.00185;0.00040624;0.025604;0.00082097;0.00061919;0.0030894;0.0044829;0.0016602;0.00064016;0.0018723;0.0054284
5;1.2312;2577.1;2;0.85;0.5;50;50;Manhattan(Summation);0.016962;0.024085;0.032923;0.033475;0.023266;0.034126;0.036057;0.0055343;0.030067;0.033974;0.018851;0.01272;0.0045742;0.028471;0.034922;0.026137;0.026988;0.024493;0.030818;0.031722;0.036063;0.035637;0.026287;0.0071249;0.01599;0.021885;0.020992;0.0001511;0.021653;0.033536;0.03587;0.030877;0.033492;0.024397;0.032768;0.035061;0.00082904;0.0040258;0.0022065;0.0024091;0.0015619;0.0013147;1.9658E-05;0.0021931;0.0008299;0.00025445;0.0023951;0.0014415;0.0038873;0.0012547;0.00074352;0.0085906;0.0036239;0.0037635;0.0017259;0.0070745;3.973E-05;0.0016875;0.000669;0.0028155;0.002321;0.00014372;0.00060065;0.001857;0.0011311;0.0029274;0.00016573;0.0004303;0.0036057;0.0032484;0.0026279;0.0036361
6;1.2354;2.111;2;0.85;0.5;50;50;Manhattan(Average);0.0031117;0.034621;0.037289;0.033923;0.037558;0.033028;0.03546;0.030033;0.028791;0.029477;0.020362;0.01283;0.0017119;0.033391;0.031718;0.022556;0.0048087;0.0091978;0.032717;0.020066;0.019971;0.037125;0.037378;0.033861;0.009985;0.02917;0.012256;0.033509;0.00012927;0.035146;0.032025;0.037292;0.019425;0.017824;0.037527;0.036435;0.0024973;0.002691;0.0027885;0.0023457;0.0025289;0.00098551;0.00299;0.00011422;0.0008501;0.00078065;0.015244;0.00019154;0.003857;0.00028441;0.0013125;0.0042911;0.00038638;1.2009E-05;0.003817;0.002561;0.0080768;0.0014447;0.0061706;7.4232E-05;0.0018734;0.00085128;0.00064861;0.00021753;0.00072628;0.0018991;0.00097237;0.0017743;0.0002843;0.0010998;0.0010419;0.0006092
7;1.2384;2.1126;2;0.85;0.5;50;50;Manhattan(GeometricAverage);0.033418;0.028528;0.026874;0.033031;0.028388;0.030018;0.036087;0.020114;0.020112;0.036681;0.020892;0.0092196;0.022601;0.03538;0.035965;0.035788;0.0095684;0.0067428;0.028415;0.0024265;0.031952;0.016028;0.020923;0.031712;0.024424;0.0332;0.025562;0.013692;0.034412;0.036007;0.035392;0.034811;0.031025;0.026408;0.019382;0.029475;0.00026678;0.0016608;0.0012919;0.00021488;0.0018362;0.00058899;0.0011862;0.0033822;0.00070118;0.00040294;8.3732E-05;0.00059125;0.0010016;0.00099727;0.0014924;0.00093959;0.0011734;4.8459E-06;0.0045925;0.0013356;8.2889E-05;0.00023929;0.0010838;0.0038385;0.001843;0.0035058;0.0033454;0.00017599;0.0023516;0.0045399;0.00099432;0.0025671;0.0019621;0.0017041;0.00047596;0.0028938
8;1.2394;2594.4;2;0.85;0.5;50;50;Manhattan(Summation);0.036125;0.030114;0.028692;0.035934;0.035938;0.025562;0.034497;0.0089025;0.02701;0.018881;0.030756;0.00437;0.02897;0.034397;0.034811;0.03366;0.017365;0.0098618;0.035174;0.016318;0.010571;0.0021942;0.037019;0.027154;0.026364;0.013591;0.022105;0.012408;0.034871;0.036872;0.03637;0.018178;0.037281;0.035919;0.033224;0.033953;0.0032686;0.0010757;0.0030318;0.0016681;0.0035857;0.00069406;0.0016443;0.0047863;0.0053946;0.0022387;0.0012203;0.0011087;0.00046987;0.0016897;0.001722;0.002507;0.0013975;0.00032333;0.00030046;0.00010908;0.0021337;0.00019348;0.0013342;2.609E-05;0.00076663;0.00067454;0.00070702;5.2812E-05;0.0019682;0.0017759;0.0014454;0.0012406;0.00029752;0.00091856;0.0023021;0.0005128
9;1.2419;2.1156;2;0.85;0.5;50;50;Manhattan(Median);0.028761;0.011827;0.037123;0.037032;0.023998;0.032711;0.027467;0.034972;0.0064057;0.035256;0.0082946;0.022264;0.014909;0.035676;0.020318;0.022993;0.0034161;0.028373;0.035774;0.037497;0.02812;0.035508;0.037056;0.03632;0.034851;0.025783;0.0077756;0.03949;0.01137;0.034248;0.038007;0.0075114;0.025448;0.0099461;0.033861;0.02606;0.0011218;0.00044305;0.0016998;0.0014525;0.0033024;0.00264;0.00099246;0.00062242;0.0025334;0.00039232;0.0031491;0.0013124;0.00060685;0.00058439;0.0029037;0.0034514;0.0014105;0.0014986;0.0034821;0.0096885;0.00032495;0.0018241;0.00080304;0.00036328;0.0023582;0.0018322;0.0014288;0.00084197;0.00082787;0.0012325;0.00026592;0.0022774;2.4642E-05;0.0012063;0.0021361;0.0025447
10;1.2432;2.1207;2;0.85;0.5;50;50;Manhattan(GeometricAverage);0.02594;0.01875;0.03592;0.034851;0.034667;0.031815;0.039106;0.034654;0.014698;0.027556;0.029454;0.029184;0.007826;0.028297;0.034067;0.0036888;0.0043099;0.029529;0.028847;0.010275;0.017391;0.022331;0.038354;0.02874;0.017335;0.037556;0.010065;0.022368;0.017364;0.037874;0.037884;0.036424;0.019939;0.039269;0.036729;0.024511;0.001147;0.0023136;0.00097387;0.0024081;0.0040224;0.0022371;0.001119;0.00064059;0.00017315;0.0057511;0.0015149;0.0021151;0.0019496;0.0017618;0.0034469;0.0013673;0.00017517;0.0017125;0.00094699;0.00054082;0.0013257;0.00024445;0.002162;0.00080807;0.0012071;0.00066505;0.0016882;0.0014237;0.00099271;0.00085636;0.00023136;0.00022362;0.00020744;0.00055178;0.0018249;0.0017021
11;1.2433;2.118;2;0.85;0.5;50;50;Manhattan(Median);0.03517;0.024808;0.038939;0.026373;0.035525;0.029779;0.022519;0.035155;0.029485;0.026122;7.3841E-05;0.026843;0.0013437;0.018147;0.028831;0.023896;0.025022;0.016817;0.039415;0.030243;0.033435;0.020414;0.00080597;0.018276;0.035716;0.026842;0.034194;0.0023764;0.030715;0.03959;0.03062;0.034933;0.017587;0.034283;0.038905;0.032136;0.00071334;0.00063211;0.00077212;0.00012734;0.0012996;0.00084548;0.00057178;0.0015971;0.0018196;0.00025978;0.00034141;0.00036842;0.0021004;0.00014127;0.0055443;0.00070475;0.00042013;0.0011886;0.0006916;0.0075185;8.5735E-05;0.00035305;0.00068644;0.002029;0.0004694;0.0048267;0.0016646;0.00061103;8.4395E-05;0.00096161;0.0045081;0.0011286;0.0015769;0.0013871;0.0055464;0.0010857
12;1.2438;2.1189;2;0.85;0.5;50;50;Manhattan(Median);0.029143;0.019898;0.039972;0.036862;0.030271;0.036889;0.024958;0.0093697;0.035346;0.031843;0.026201;0.013026;0.029815;0.017762;0.039344;0.013808;0.01563;0.01118;0.038216;0.024329;0.022981;0.035182;0.00081778;0.030893;0.03921;0.039795;0.03993;0.0038405;0.0051365;0.033472;0.035983;0.03533;6.6714E-05;0.032346;0.032868;0.028874;0.00050614;0.0017438;0.0053071;0.0015483;0.0004767;0.00028103;0.0015119;0.0019074;0.00040162;0.00010401;0.002138;0.003699;0.0014704;0.002106;0.00087108;0.00061325;0.0041995;0.0013386;0.0039279;0.0011057;0.00016936;0.0028703;0.00031603;0.0012047;0.0029239;0.002199;0.00071582;0.0025445;0.0027319;0.0012521;0.0012682;0.0022173;0.0021472;0.00077738;0.00080082;1.4339E-05
13;1.2452;2.1278;2;0.85;0.5;50;50;Manhattan(Average);0.034516;0.032252;0.0089676;0.036274;0.031847;0.035977;0.034746;0.033359;0.032459;0.03543;0.0040306;0.01639;0.010216;0.029405;0.034321;0.0294;0.013839;0.021657;0.035683;0.0009189;0.0055919;0.030066;0.032021;0.033006;0.021233;0.035515;0.029624;0.032002;0.0052227;0.033344;0.035266;0.031072;0.019147;0.026819;0.034265;0.034352;0.00044024;0.00012478;0.00076786;0.0016832;0.0010748;0.0015302;0.0019511;0.00050584;0.0014114;0.00074028;0.00074431;0.0010033;0.0022996;0.0024776;0.0031394;0.00051035;0.00021402;0.0011137;0.00020957;0.00019185;0.0034451;0.0022459;0.00044032;0.0033065;0.00050282;0.0013393;0.0020776;0.0011625;0.00072714;0.0011304;0.00060444;0.0016005;0.00050447;0.0029156;0.0041653;0.0014646
14;1.2455;2.1283;2;0.85;0.5;50;50;Manhattan(Average);0.029813;0.028331;0.037509;0.034367;0.036985;0.034635;0.039555;0.037735;0.033943;0.036271;0.0019773;0.0054168;0.014207;0.019755;0.03262;0.039628;0.036833;0.012563;0.035191;0.034093;0.030441;0.023391;0.014652;0.038197;0.022018;0.0069636;0.02218;0.0085108;0.0021167;0.034116;0.035812;0.031907;0.038693;0.035348;0.00055311;0.023429;0.00036384;0.0026919;2.6544E-05;0.00080057;0.00021435;0.00053741;0.002344;0.0016285;0.00018037;0.0029492;0.00045203;0.0037809;0.0030801;0.0043523;0.000425;6.8814E-06;0.0035816;0.0011966;0.00093564;0.00091069;3.8153E-05;0.0021795;0.0012152;0.00040254;0.0032492;0.00092695;0.00052331;0.00063869;0.00032418;0.00028458;0.00057914;0.001213;0.0018029;0.0012982;0.0019817;0.0031303
15;1.2493;2615;2;0.85;0.5;50;50;Manhattan(Summation);0.025033;0.0050593;0.035627;0.034486;0.037382;0.036771;0.032804;0.034176;0.024906;0.037614;0.014056;0.019652;0.0053904;0.033519;0.034543;0.017798;0.023727;0.0024693;0.033398;0.029631;0.0033613;0.019535;0.037179;0.034566;0.036489;0.034144;0.037399;0.0065848;0.0069511;0.034125;0.023098;0.033007;0.032043;0.036837;0.027615;0.032928;0.00033433;0.005208;0.0020472;0.00099116;0.0037976;0.0024148;0.001297;4.4678E-05;0.0016499;0.00043906;0.001248;0.00016655;0.00074491;0.0001677;0.00013328;0.00060876;1.2786E-05;0.00033238;0.0040472;0.0022758;0.0006177;0.00043041;0.0012226;0.0010619;0.0019034;0.0017224;0.0017174;0.00034449;0.00028603;6.4706E-05;0.0008774;0.001252;0.0046018;0.0013223;3.0823E-05;0.00068044
16;1.3833;3.395;2;0.85;0.5;50;50;Manhattan(MinimumTimesMedian);0.035707;0.013269;0.018884;0.025897;0.035239;0.026889;0.0021213;0.035256;0.03111;0.029541;0.029469;0.033649;0.0091537;0.02208;0.036401;0.018147;0.0064831;0.0066768;0.022836;0.0015832;0.019817;0.034565;0.023544;0.035761;0.028501;0.036505;0.0082477;0.029186;0.017812;0.036102;0.035645;0.033913;0.0034892;0.019211;0.027657;0.021317;0.0018194;0.00078767;0.036132;0.00061007;0.0096839;0.0031681;0.0011406;0.005668;0.00065467;0.0032316;0.0044648;0.0015877;0.004916;0.0010676;0.00060625;0.00075676;0.0043236;0.006809;0.0036317;0.0029007;0.0021312;0.000603;0.0038084;0.0033316;0.00073551;0.01102;0.0018299;0.0020683;0.0046623;0.00018831;0.0067928;0.0048131;0.00042805;0.002806;0.0046069;0.004548
17;1.4249;3.4973;2;0.85;0.5;50;50;Manhattan(MinimumTimesMedian);0.027949;0.035778;0.022192;0.033011;0.036574;0.035933;0.0077123;0.034292;0.0036098;0.024215;0.035737;0.033632;0.010263;0.017205;0.037777;0.022477;0.033022;0.00011008;0.026534;0.01737;0.022455;0.03719;0.0073286;0.031097;0.017038;0.037316;0.0020446;0.0088539;0.025216;0.030719;0.035436;0.036855;0.0060382;0.025908;0.033766;0.018068;0.003226;0.0038225;0.00092141;0.0019238;0.0014371;0.0012895;0.017907;0.0017573;0.0020585;0.0022776;0.00036819;0.00026005;0.0011812;0.00095205;0.00039829;0.00068799;0.00081581;0.023099;0.011038;0.0002936;0.0024446;0.0016835;0.0021998;0.0022907;0.0027018;0.011152;0.00064582;0.0020166;0.0006087;0.0001056;0.012905;0.0067815;0.0012309;0.00080344;0.0034161;0.0025798
18;1.4284;3.5058;2;0.85;0.5;50;50;Manhattan(MinimumTimesMedian);0.037213;0.033805;0.01685;0.030259;0.032588;0.036282;0.029601;0.040257;0.0090917;0.019599;0.031379;0.022232;0.0072379;0.026061;0.029179;0.019995;0.012794;0.0062842;0.037398;0.018946;0.040842;0.04092;0.0025112;0.0031281;0.035024;0.037531;0.030823;0.0023762;0.017232;0.031457;0.038733;0.030862;0.0087554;0.0051143;0.033401;0.03188;0.0046266;0.0013305;0.0027359;0.0012344;0.0010962;0.0012174;0.00076119;0.0013284;0.00035126;0.00052927;0.0065367;0.0016227;0.0098205;0.0017629;0.0047741;0.0019548;0.0043714;0.0013426;0.00311;0.0032938;0.0051424;0.00034523;0.0085271;0.007305;0.00093859;0.013704;0.00015566;0.0016462;0.00071745;0.0057644;0.0012321;0.00088833;0.00011617;0.0047596;0.0036558;0.0036623
19;1.8743;0.59973;2;0.85;0.5;50;50;Euclidean(Minimum);0.030505;0.033032;0.0030519;0.021033;0.025838;0.015369;0.026086;0.035365;0.027499;1.4213E-05;0.032886;0.00068472;0.0028097;0.0055143;0.031405;0.026639;0.034249;0.0021397;0.014516;0.024892;0.025427;0.021642;0.013234;0.032974;0.037264;0.0374;0.0052459;0.015363;0.0036203;0.031102;0.039573;0.025001;0.038957;0.010471;0.037337;0.010297;0.0039016;0.0023266;0.020859;3.7801E-05;0.0091517;0.0030401;0.0010607;0.0067316;0.0027516;0.00043738;0.0023503;0.0055668;0.0084987;0.0027674;0.0090282;0.010139;0.00056275;0.013538;0.020419;0.00072184;0.0042993;0.0022128;0.002302;0.0032889;0.0039095;0.039736;0.00094767;0.0058112;0.0076313;0.00096237;0.010146;0.0061588;0.0066789;0.0029556;0.00060024;3.5668E-05
20;1.9025;0.60877;2;0.85;0.5;50;50;Euclidean(Minimum);0.0047052;0.034246;0.035475;0.032354;0.021249;0.031501;0.010161;0.0017818;0.0010901;0.030703;0.035537;0.035146;0.00013598;0.03106;0.036092;0.0015527;0.021442;0.035637;0.024213;0.023994;0.00078307;0.030348;0.028667;0.0015236;0.017815;0.035666;0.0001251;0.0015392;0.030463;0.034505;0.031574;0.035626;0.0022963;0.009033;0.035145;0.035232;0.0048648;0.0094357;0.0041567;0.00044137;0.0014657;0.0057608;0.0032261;0.0077735;0.0010246;0.004252;0.00071544;0.00028921;0.00011757;0.007192;9.3968E-05;0.026685;0.0033616;0.0019183;0.011179;0.001321;0.015211;0.0152;0.0055445;0.00017574;0.033575;0.025013;0.0023058;0.0026591;0.0064036;0.0025633;0.011281;0.0021764;8.6159E-06;0.0027726;0.00011989;0.0012974
21;2.054;0.65725;2;0.85;0.5;50;50;Euclidean(Minimum);0.041134;0.026366;0.041896;0.02209;0.029283;0.042468;0.0036649;0.034867;0.017957;0.040992;0.037115;0.035155;0.0013011;0.024195;0.04167;0.001604;0.00039942;0.030474;0.024398;0.0038655;6.7484E-05;0.002169;0.00083694;0.031728;0.036007;0.03812;0.030245;0.011169;0.02072;0.020407;0.040947;0.021085;0.01774;0.002781;0.040387;0.0072579;0.0017006;0.00020246;0.0059439;0.0068329;0.0042907;0.0034415;0.0003289;0.00085345;0.0016469;0.00077907;0.0014673;0.006172;0.023528;0.0011853;0.0025236;0.00023722;0.0040682;0.0007937;0.0064443;0.0014951;0.0035514;0.0012004;0.004585;0.0029076;0.010452;0.038632;0.0054986;0.0079152;0.0025764;0.0030949;0.00093274;0.0027743;0.00016921;0.0063048;0.010793;0.0021159
22;2.3067;1.2005;2;0.85;0.5;50;50;Euclidean(Average);0.00047766;0.046033;0.043063;0.0042979;0.044043;0.04746;0.0010727;0.0005606;0.00068199;0.047313;0.00077276;0.0012709;0.0011495;0.042506;0.044877;0.0057376;0.00010063;0.0012641;0.039947;0.00076667;0.0077977;0.035708;0.044647;0.045118;0.016266;0.00090913;0.029997;0.00045817;0.035979;0.048691;0.047899;0.043304;0.037678;0.042444;0.048988;0.0035337;0.0021469;0.0023627;0.0011474;0.049346;0.0013715;0.0004811;0.0012769;0.0010957;0.0021273;4.303E-05;0.0017488;0.00073904;0.0099607;0.00095891;0.0037555;0.0092259;0.0019196;0.00066667;0.001853;0.004414;0.0024259;0.0016679;0.0014644;0.0069493;0.00036471;3.7723E-05;0.0065519;0.0011709;0.00045754;0.0062937;0.00013054;0.0020977;0.00077874;0.0010682;0.0030035;0.0060854
23;2.4708;1575.2;2;0.85;0.5;50;50;Euclidean(Summation);0.044753;0.03726;0.056971;0.056936;0.048984;0.056836;0.00019665;0.002487;0.0078641;0.0055117;0.0012707;0.017951;0.0011163;0.0015649;0.055228;0.020587;0.00047268;0.053662;0.0017411;0.051796;0.00043978;0.0025508;0.053851;0.05094;0.0066254;0.0053293;0.057252;0.001011;0.0013335;0.050613;0.056566;0.0033403;0.035747;0.0011518;0.0004666;0.00089089;0.00081312;0.010235;0.00080746;0.0018148;0.0012829;0.00075495;0.0029246;0.0053486;0.0017578;0.0060458;0.0068323;0.010686;0.001761;0.0069216;0.0004571;0.0047726;0.0058749;0.0029604;0.0059702;0.0014178;0.0049246;5.4544E-05;0.0040361;0.005132;0.0091091;0.0008117;0.0032304;0.0039511;0.003492;0.0065158;0.0008781;0.00158;0.014333;0.00042615;0.0045833;0.0062063
24;2.4748;1.2762;2;0.85;0.5;50;50;Euclidean(GeometricAverage);0.0050005;0.057814;0.00084918;0.060744;0.056912;0.060041;0.05792;0.0042954;0.0027636;0.058224;0.014111;0.015519;0.0046008;0.015672;0.05758;0.004809;0.015327;0.0015027;0.058395;0.055156;0.0032418;0.016693;0.0080277;0.030403;0.0031314;0.018051;0.0017029;0.033044;0.00010712;0.056057;0.022399;0.00059421;0.0059497;0.0023781;0.058814;0.0053759;2.35E-05;0.0022864;0.0078721;0.0031052;0.0052486;0.0033735;0.0015103;2.7974E-06;0.00016564;0.0045609;0.0027833;0.0055245;0.0031389;0.0029995;8.9786E-05;0.0025131;0.0019977;0.0019366;0.0020313;0.0070008;0.0010172;0.0040964;0.0042006;0.0012155;0.00021743;0.0091721;0.0052832;0.00166;0.0031164;0.0050052;0.0027909;0.0027198;0.012101;0.0011713;0.0036848;0.011179
25;2.4775;1.2731;2;0.85;0.5;50;50;Euclidean(Median);0.0027384;0.0088943;0.053545;0.055318;0.044965;0.0027796;0.0035307;0.054934;0.041429;0.057434;0.0046346;0.0066631;0.0011587;0.0041164;0.050078;0.057237;0.0082935;0.0020209;0.056377;0.054462;0.00025839;0.004825;0.0032821;0.051065;0.057649;0.01361;0.042134;0.001119;0.005965;0.054901;0.0013743;0.0023876;0.0063081;0.0019734;0.021597;0.054136;0.00086775;0.0016472;0.0064393;0.0071818;0.0023636;0.0033465;0.003917;0.0064337;0.0029763;0.0041281;0.0095332;0.0074998;0.0058094;0.0020702;0.0055575;0.00051732;0.0033448;0.002751;0.00073815;0.00084481;0.0037775;0.00099374;0.00056471;0.0047685;0.00064185;0.0021306;0.0022116;0.00017676;0.0009774;0.005594;0.0023855;0.0017649;0.00022927;0.00088894;0.00016606;0.0015668
26;2.5004;1.2848;2;0.85;0.5;50;50;Euclidean(Median);0.0083822;0.0015045;0.059728;0.060632;0.056472;0.0056068;0.057661;0.0024359;0.0040328;0.05723;0.00085663;0.039903;0.00034204;0.0018921;0.0020443;0.061942;0.00064695;0.061857;0.06136;0.0092976;0.00055427;0.0070022;0.0013064;0.0038925;0.00032692;0.0021214;0.00099617;0.061436;0.0042694;0.060771;0.06008;0.0054101;0.0031574;0.0036898;0.03815;0.00451;0.0025101;0.0048991;0.001286;0.0026541;0.0021258;0.00071793;0.014488;0.014115;0.00039506;0.0078651;6.7274E-05;0.0019327;0.0056042;0.00082375;0.0148;0.010318;0.010074;0.00021498;0.0089757;0.0083611;0.003108;0.009209;0.00041097;0.0052984;0.00047952;0.00056551;0.0048322;0.0035532;0.0057541;0.0068677;0.0078556;0.014888;0.0029385;0.00080021;0.0018848;0.0078247
27;2.5246;1.3019;2;0.85;0.5;50;50;Euclidean(GeometricAverage);0.0038122;0.0014846;0.060175;0.059981;0.058631;0.0464;0.054687;0.028033;0.0082817;0.0079681;0.059409;0.019565;0.0025541;0.0021339;0.058346;0.010468;0.00061396;0.011135;0.059418;0.0043852;0.0015974;0.0010383;0.0037645;0.058529;0.017788;0.006372;0.0034078;0.003157;0.0049524;0.0589;0.040878;0.00069944;0.053735;0.0079061;0.058164;0.0024169;0.0065533;0.0023883;0.0049828;0.0049787;0.0014416;0.0053945;0.0026532;0.0011871;0.0019846;0.00042817;0.0017142;0.0023282;0.0096745;0.0028323;0.0074151;0.013289;0.0017199;0.0021409;0.00059787;0.0056218;0.00010077;0.0012607;2.6653E-05;0.00040306;0.0050191;0.00048572;0.0037133;0.0023503;0.006637;6.6777E-05;0.014443;0.0010471;0.00072889;0.00029305;0.0014779;0.0018326
28;2.5304;1.3169;2;0.85;0.5;50;50;Euclidean(Average);0.049626;0.0029941;0.060095;0.0476;0.0065428;0.05522;0.019941;0.0067004;0.0023275;0.043859;0.0020881;0.060428;0.029449;0.0012494;0.059588;0.00267;0.00056325;0.00090889;0.0062271;0.00011666;0.0012475;0.00047651;0.0036799;0.056424;0.0066767;0.0013444;6.2558E-05;0.0016363;0.058432;0.056791;0.060555;0.029296;0.057765;0.059345;0.0021342;0.017415;0.040335;0.0026885;0.0077423;0.0044349;0.0010828;0.0019728;0.0001875;0.0030326;0.001189;0.00028733;0.00090772;0.00031666;0.0012298;0.002224;0.0017123;0.0043451;0.0024168;0.0010714;0.00075571;0.01046;0.002492;0.0067158;0.00066361;0.0072715;0.0038015;0.0031687;0.00065713;0.0041624;0.0060264;0.00029459;0.00082604;0.0011151;0.00028387;0.001803;0.00058861;0.00026291
29;2.5373;1.3205;2;0.85;0.5;50;50;Euclidean(Average);0.061019;0.046054;0.0077002;0.062383;0.060005;0.0028291;0.053205;0.015109;0.0039099;0.056901;0.00060724;0.0010686;0.013465;0.059783;0.055816;0.0051503;0.015537;0.00060367;0.0018827;0.0066816;0.0062674;0.010089;0.00026485;0.043897;0.0009873;0.0048159;0.0047584;0.013819;0.032115;0.060042;0.058977;0.00065297;0.0054283;0.0059801;0.061104;0.0042044;0.0056382;0.00104;0.00069893;0.0038385;0.0049498;0.0033324;0.0014932;0.0020222;0.00038853;0.0071215;0.0053721;0.0021643;0.0028867;0.016179;0.0011493;0.016219;0.0062571;0.012647;0.0074406;0.0093506;0.0072782;0.0028626;0.0032851;0.0079768;0.00026548;0.0032081;0.0013527;0.0045091;0.0020538;3.448E-05;0.0021041;0.0032192;0.0033607;0.00067775;0.00097147;0.0035379
30;2.5871;1649.3;2;0.85;0.5;50;50;Euclidean(Summation);0.044028;0.0059152;0.050608;0.060163;0.0026256;0.06009;0.053834;0.041555;0.00056353;0.049286;0.0040656;0.0022424;0.001778;0.00023834;0.051422;0.0020595;0.0063153;0.00018249;0.04916;0.0011151;0.059899;0.0024354;0.0025168;0.0024664;0.0022778;0.056516;0.039011;0.00022466;0.00047368;0.060636;0.054326;0.060323;0.0058101;0.0010641;0.02876;0.00060552;0.00018834;0.0004328;0.0024985;0.00094103;0.0030182;0.0010594;0.0012554;0.002948;0.004008;0.0080905;0.0053463;8.3761E-05;0.0031394;0.00086379;0.00079877;0.0028204;0.00057976;0.0061974;0.019783;0.0011568;0.00017684;0.0081825;0.00024479;0.00047405;0.0096054;0.0050881;0.00020597;0.0020292;0.0057494;0.0028681;0.022697;0.0045554;0.00073477;0.0007668;0.0012043;0.005615
31;2.6069;1.3396;2;0.85;0.5;50;50;Euclidean(Median);0.0013528;0.0055508;0.0011942;0.064517;0.059661;0.0015983;0.0056563;0.0324;0.001307;0.067552;0.0026473;0.010031;0.0024911;0.0023281;0.0025498;0.0057531;0.00020955;0.003137;0.0059328;0.062646;0.0081128;0.066481;0.0031667;0.052345;0.060026;0.00039313;0.0020363;0.060961;0.00013203;0.06675;0.064582;0.066497;0.051456;0.00068941;0.000957;0.0030757;0.0040352;0.0081813;0.0053235;0.00026346;0.0031091;9.0874E-05;0.018667;0.0043694;0.0018544;0.0024802;0.03933;0.00103;0.0007116;0.0071782;0.0041159;0.0023206;0.0050314;0.00052294;0.0056956;0.00045381;0.0010032;0.0027138;0.0041911;0.0017275;0.0077309;5.3326E-05;0.0035949;0.00091846;0.0027609;0.00091831;0.0028679;0.00052027;0.0036802;0.0017747;0.0041255;0.00048004
32;2.6489;1.366;2;0.85;0.5;50;50;Euclidean(GeometricAverage);0.0080557;0.0063688;0.0052844;0.064792;0.061111;0.0031728;0.00064411;0.00060766;0.062645;0.0038742;0.0067932;0.017852;0.0027323;0.046431;0.069219;0.0058425;0.0085685;0.0037771;0.060106;0.068082;0.0057137;0.00058259;0.0068789;0.057628;0.026057;0.0015577;0.0029597;0.0090282;0.0036197;0.068838;0.069292;0.0018223;0.010188;0.0018705;0.058302;0.046289;0.012084;0.001428;0.0071853;0.0018975;0.0089608;0.0008681;0.0024804;0.0012114;0.00049841;0.0018548;0.0045539;9.6671E-05;0.00037381;0.0042459;0.0010017;0.0016819;0.0026789;0.013541;0.0042587;0.0007828;0.0012343;0.0062557;0.00013016;0.011572;0.00082206;0.00040691;0.00195;0.0028233;0.00087652;0.0051526;0.0050768;0.0004841;0.0042545;0.00053185;0.0027801;0.0073787
33;2.6762;1706.1;2;0.85;0.5;50;50;Euclidean(Summation);0.0022452;0.0032457;0.0012836;0.065001;0.0043977;0.0045511;0.067824;0.0059319;0.006813;0.00058685;0.0040888;0.00031644;0.0084182;0.0042718;0.063253;0.00013038;0.0031357;0.0099542;0.0051629;0.050405;0.0010365;0.063078;0.035389;0.0044332;0.06506;2.709E-05;0.066908;0.0050408;0.0028234;0.067933;0.067361;0.0023548;0.0088807;0.055436;0.065478;0.0025246;0.0096701;0.0025827;0.0012506;0.00032845;0.0014774;0.0092655;0.0050836;0.0027727;0.002509;0.0020152;0.00092805;0.0060031;0.0067163;0.012538;0.00040561;0.0077981;0.024102;0.0027149;0.0013074;0.0022151;0.0047634;0.0024849;0.0031415;0.00051763;0.013381;0.0079404;0.0034423;0.0073924;0.002369;0.0097132;0.0046549;0.0023231;0.0020678;0.0089999;5.4919E-05;0.00029036
34;4.0849;0.67166;2;0.85;0.5;50;50;Euclidean(MinimumTimesMedian);0.0035174;0.040632;0.013707;0.038693;0.026067;0.037527;0.028155;0.0016006;0.022966;0.041265;0.042327;0.030651;0.00088395;0.011771;0.030696;0.035217;0.0074263;0.00017986;0.0032952;0.00076939;0.0048109;0.0037611;0.042073;0.041845;0.0032995;0.041561;0.022489;0.00011342;0.039054;0.042998;0.036559;0.040747;0.032289;0.0019532;0.040025;0.042279;0.0010792;0.0020957;0.006553;0.0026228;0.00042443;0.00018335;0.0028559;0.0028677;0.0013972;0.0050795;0.00099822;0.0014702;0.0014436;0.0018125;0.0050677;0.0017821;0.0049729;0.0038041;0.0023295;0.0047874;0.0019189;0.002733;0.00062139;0.0010763;0.016455;0.039234;0.0015345;0.0028088;0.0015568;0.0006291;0.0059;0.0060745;0.0029007;0.006691;0.00063955;0.0023951
35;4.5109;0.74171;2;0.85;0.5;50;50;Euclidean(MinimumTimesMedian);0.021579;3.7545E-05;0.055205;0.041591;0.04744;0.0044211;0.0005121;0.0034213;0.024688;1.4213E-05;0.008654;0.045391;0.0030705;0.0012975;0.045747;0.0010588;0.0034844;0.0023451;0.0017429;0.0071024;0.055461;0.0070958;0.052757;0.0037133;0.054846;0.051211;5.4082E-05;0.010337;0.043802;0.042543;0.055417;0.0025308;0.02467;0.046522;0.026188;0.051373;0.0007656;0.00029882;0.012136;0.0022259;0.0043518;0.00032484;0.0028409;0.015265;5.6885E-06;0.0057811;0.012588;0.0028378;0.0025655;0.0022874;0.0014657;0.011117;0.0033177;0.0072167;0.00092729;0.0014816;0.0033532;0.00025247;0.0031108;6.6838E-05;0.0028998;0.0069637;0.001646;0.0055292;0.0012048;0.0031535;0.00042228;0.026897;0.00099679;0.00017518;0.0040277;0.0021748
36;4.5322;0.74521;2;0.85;0.5;50;50;Euclidean(MinimumTimesMedian);0.0031575;0.0099022;0.046127;0.040259;0.044489;0.0032612;6.2315E-05;0.042888;0.0049887;0.042459;0.023845;0.0011323;0.046365;0.027575;0.044982;0.005108;0.046929;0.0044894;0.029383;0.00016806;0.0069513;0.0070709;0.0073295;0.038841;0.030826;0.044591;0.042953;0.00045649;0.0031351;0.033925;0.047243;0.043324;0.0011096;0.0015752;0.044101;0.033984;0.0025619;0.0014063;0.00046957;0.0082718;0.00043262;0.0020579;0.001271;0.0049252;0.0023542;0.00021898;0.0055955;0.0012881;0.0038786;0.0062712;0.00041692;0.0043422;0.00053089;0.012221;0.0079254;0.0036439;0.00014592;0.0016482;0.0037217;0.020911;0.0044481;0.0073972;0.0012106;0.0027394;0.008324;0.0048815;0.0087123;0.0021194;0.00037523;0.0018042;0.0015817;0.0049073
population
1;7.3491;7.127;7.8284;15.748;3.9447;13.493;7.7711;17.296;11.438;3.7421;12.859;12.196;8.7107;7.4862;8.1634;11.05;3.5121;10.493;4.6382;4.9498;10.593;13.597;10.982;13.606;9.8074;15.825;8.7778;8.9471;5.6424;5.4441;14.872;4.1453;9.8648;5.6384;5.7827;18.053;0.85864;0.94102;0.11394;0.026503;0.038055;2.3543;0.44351;0.79318;0.71297;0.27525;0.90445;0.063126;0.83042;0.025661;0.39541;1.8465;2.4668;1.715;1.794;0.081944;6.0498;2.9655;0.58108;0.083393;3.4268;2.2794;1.5851;0.018965;0.12571;0.27461;2.4359;0.00059007;0.038463;0.023846;0.56362;0.099228
2;5.5942;5.812;6.8069;10.291;9.1416;11.459;7.6554;6.4943;8.6685;4.7601;4.7066;2.465;4.1093;4.997;6.5689;17.713;7.5556;11.233;4.0894;10.148;2.3535;7.1121;12.59;12.279;11.104;17.81;7.626;14.644;8.0575;2.7013;9.3065;4.1724;21.839;5.0284;15.152;13.15;0.10508;2.4845;0.69069;0.012356;2.05;0.54221;0.0020016;0.10138;0.66005;0.30384;0.16468;0.46085;4.2329;0.79225;2.8026;0.28456;1.1054;1.4584;0.23002;1.7189;0.4926;2.3777;0.081483;0.69264;0.30879;0.2584;1.7837;0.13819;0.17727;2.5182;0.00024129;0.10262;1.4212;0.051039;0.17283;3.6542
3;6.8573;6.02;7.1908;6.3908;10.129;9.7183;12.322;8.9959;1.2673;6.4092;8.6484;2.9127;5.215;10.836;7.0047;4.2682;11.977;5.7866;11.038;3.3247;8.6671;7.9326;9.6942;9.6254;10.452;15.928;13.74;14.34;6.7423;18.252;10.743;6.1951;6.1196;11.09;7.8648;7.7452;0.52142;0.12051;2.8924;0.82597;0.35149;0.068897;0.016131;0.009691;2.4942;0.12485;1.1115;0.18984;1.5228;0.46918;1.2525;0.33211;0.0097873;0.42507;0.81763;2.009;0.40594;1.1959;0.098455;0.0088936;6.8546;0.12111;0.74831;1.2804;1.0185;0.016163;1.0394;0.32269;2.9774;1.7825;3.8241;2.616
4;9.6726;6.2322;19.195;8.5342;4.8553;8.4231;2.1234;6.559;14.462;4.9463;12.984;4.175;5.0155;15.971;7.7012;2.9467;10.882;5.4476;6.2566;5.9916;17.3;3.7093;7.7652;4.2067;5.3511;8.1886;8.6611;10.532;5.413;6.2679;7.1114;14.01;11.312;11.815;10.767;7.124;3.2632;1.9559;0.022224;2.8905;0.00039728;1.2463;1.0143;0.00036504;0.97399;7.5952;0.14101;0.0086511;0.29184;3.2678;0.44799;0.018159;3.92;1.2277;1.0284;0.022683;6.2062;0.0051579;0.20815;0.14669;0.51443;0.67645;0.075093;0.059441;0.11665;0.7576;1.4928;0.0065601;0.31076;0.18501;0.75637;0.042886
5;9.1241;6.2203;13.983;5.1107;15.542;6.6162;3.1869;17.189;4.1467;6.2633;6.0939;5.1991;3.6649;6.5339;3.6936;10.463;8.6734;7.305;4.6256;8.6686;9.2735;6.0662;6.7566;21.479;12.548;9.7479;2.8708;18.732;8.8524;16.916;13.674;8.8918;19.158;5.9367;2.2471;13.601;0.15438;0.34857;0.1004;0.34459;0.66183;0.22046;1.5436;0.002717;0.03987;0.99877;2.4332;1.43;0.62897;1.7473;0.035986;0.65736;0.047962;1.923;0.048753;1.3085;0.59456;1.0205;0.093935;0.38144;0.18772;0.16673;0.22355;0.3057;0.62345;1.3059;0.16354;1.89;0.1042;0.44421;0.079595;7.4106
6;8.8701;7.7283;4.5801;11.296;6.1091;6.1614;13.597;8.4888;5.6105;8.1926;7.9619;3.6312;8.1026;7.3413;4.8413;5.1836;6.0276;7.8127;22.81;9.8559;1.2153;8.5745;8.7383;8.1984;8.7129;7.4658;3.7186;10.845;8.9723;6.3934;14.222;16.51;6.9119;10.798;4.7375;15.969;0.6463;0.039376;0.0502;0.0012092;1.1691;1.6829;0.23641;0.01699;0.13163;0.83995;0.10435;0.23774;0.023379;0.44442;0.076644;0.89431;0.051879;0.0073323;0.70893;0.11397;1.0278;0.051822;1.5252;5.1223;0.17631;1.4641;0.027079;0.67363;0.32772;1.5803;0.5567;0.28415;0.49767;3.0714;1.9166;0.65077
7;6.2778;2.903;20.598;11.658;10.305;4.7996;7.7252;5.9016;6.7166;6.1349;10.444;8.9078;10.817;6.046;3.5958;14.466;8.1994;8.7375;11.312;4.733;5.5211;2.6614;7.4701;6.0443;12.7;12.243;4.6897;14.58;12.937;7.0421;14.513;7.3844;5.9626;13.56;13.082;6.4994;0.77035;0.073551;0.57937;0.41934;0.27417;0.16623;2.8898;0.62521;0.46801;0.21949;0.042965;0.0087485;3.969;0.092813;3.9656;0.0016736;0.56271;0.10186;1.1143;0.21077;1.1547;3.5876;0.73027;0.25129;3.1787;2.6097;0.99341;0.21153;2.8133;3.5698;0.0011099;0.16061;0.023495;1.0228;0.4212;0.037527
8;10.279;7.8831;6.4752;2.9053;7.6983;2.8879;7.587;6.8179;8.2847;11.985;10.664;10.025;7.8186;6.1461;18.168;11.171;9.5477;9.1323;8.1606;9.9074;1.9436;7.7634;4.6936;3.5921;4.1163;9.8833;9.6484;7.1869;3.3346;16.382;11.255;6.0242;5.058;1.2118;4.7541;3.2366;0.17283;1.8914;0.78477;0.14915;0.78769;0.64928;0.00034683;0.2499;0.23261;0.414;0.29073;0.0087407;4.4314;0.45006;0.21776;0.061796;0.70659;0.53227;3.3133;0.62088;4.2997;6.3389E-05;0.28714;0.55698;2.8377;3.6962;0.033818;0.34977;0.68694;0.72215;0.43849;0.039607;0.20026;0.046791;1.4168;4.6343
9;6.8052;7.3733;9.3738;2.2951;22.022;13.72;8.1724;12.196;9.973;5.8236;5.6011;6.9675;7.8694;8.635;6.5021;10.528;5.0052;5.106;6.5086;4.4933;10.031;9.4955;13.176;5.2854;8.9578;12.896;10.371;4.0926;4.7377;4.5727;4.3085;9.4371;7.765;14.323;12.064;10.165;0.61033;0.10674;0.001598;2.1284;0.0020581;0.91037;3.992;0.26528;3.1559;3.6564;0.62661;0.094296;0.31756;0.19252;0.2089;0.11159;4.3687;0.97609;0.0078;0.40601;0.010047;0.46374;0.31392;0.86124;0.0010931;2.6059;0.069891;0.072839;0.051878;0.068149;2.0459;2.6119;0.98694;0.56596;0.86345;2.2686
10;8.2794;10.463;11.722;4.5795;13.826;4.627;7.965;12.788;8.3012;2.5858;7.1575;13.667;7.1212;12.82;16.229;6.6516;16.082;4.3788;11.298;7.3564;7.5319;8.5461;1.7521;6.0167;9.4765;17.082;9.4237;8.0399;8.0932;3.7692;6.0466;11.401;5.3922;8.5437;5.2157;5.1442;0.09668;1.2304;1.321;0.14979;1.0735;0.18432;1.3126;0.29906;0.075778;3.4588;0.18675;0.3817;3.1097;6.2373E-05;0.10239;1.505;0.38054;1.1376;0.010072;0.44443;1.8298;0.88636;1.7697;6.3131;0.040236;0.47815;3.1638;0.44602;2.6495E-05;0.030567;6.0048;1.3703;4.2375;0.28008;0.61342;1.2095
11;17.819;4.0288;10.424;16.465;5.2554;7.7481;23.434;13.168;6.982;12.742;7.4694;10.296;1.7192;13.421;11.796;15.571;6.4264;8.5915;6.5426;2.306;10.25;6.3857;8.8594;9.4687;11.664;5.7673;4.0951;6.1304;18.278;8.7012;16.328;4.6939;13.783;5.456;14.152;15.67;0.27621;3.274;0.16918;0.10535;0.20199;0.047328;0.30893;7.0066;1.4985;3.9516;1.9422;0.019054;0.28993;9.5262E-05;0.21654;0.93283;2.5277;5.1574;1.254;0.023794;0.41006;0.098246;1.8559;0.25754;0.59272;0.1928;1.3349;0.96517;0.12168;1.4714;0.19809;0.87264;0.70113;0.12071;0.27327;2.9165
12;13.785;14.743;6.0384;4.3415;10.668;14.917;10.267;5.0345;8.7645;4.7204;14.073;11.407;11.723;8.4811;11.87;5.5265;7.2631;15.086;9.3565;6.6804;4.8583;9.7729;4.9579;12.181;10.843;15.655;8.7882;8.8254;8.8892;8.8335;10.628;9.0635;2.8303;13.505;11.128;5.4731;0.045852;0.0040228;0.06718;1.4873;2.584;2.3009;2.1668;1.6463;2.7799;0.45193;1.658;1.9858;1.4496;4.7446;0.18726;3.1567;5.3713;3.4606;1.3502;1.9152;0.077541;0.17253;2.348;0.027348;0.065002;0.068388;0.4938;0.14977;0.9085;0.009202;1.179;1.205;3.7574;0.3244;0.096237;0.72118
13;13.643;7.6865;14.442;5.9041;5.4847;8.5425;2.63;10.072;11.375;2.8484;5.3247;9.5875;12.914;2.312;8.3453;8.6877;10.474;13.316;6.2416;5.6141;9.8401;20.934;14.216;8.1767;8.5494;4.474;7.3441;10.714;10.377;7.6136;15.803;8.2587;10.136;11.223;8.2972;5.8647;0.74123;0.092169;0.8787;0.31797;0.34752;0.39468;1.1942;2.0406;0.00027986;2.4696;0.032355;3.9637;0.021941;0.12459;0.0021427;0.18376;0.00069447;0.74866;4.572;0.74624;3.6004;0.20033;0.24156;1.1255;0.91476;0.22823;0.38411;1.2111;0.42499;1.7209;0.72601;0.35361;1.3269;0.32826;3.0034;1.8896
14;8.4874;12.463;11.309;2.6628;7.0444;4.6356;5.9141;8.7246;10.686;9.2958;14.264;4.6209;5.6749;6.1226;18.452;10.659;4.2608;10.096;7.3029;10.847;8.7652;9.2765;2.9453;15.787;9.7384;6.6047;15.259;7.764;3.8027;4.8153;5.5105;8.2422;4.9161;3.8662;6.0682;6.8975;0.0038827;0.46569;0.70993;0.0080796;0.11431;0.89335;1.6381;0.61237;0.059055;1.5538;2.1922;0.60445;0.094225;4.0033;0.059642;0.76898;0.32981;0.72528;0.63682;0.02481;1.0054;0.22277;3.1008;4.3616;1.3961;0.015162;2.7453;0.0047509;1.3342;1.0362;0.010146;0.88222;0.039707;1.0113;0.84511;1.1881
15;2.6362;5.4776;6.7128;17.025;7.7448;15.475;10.077;8.3204;17.133;21.541;11.5;8.0124;7.6314;7.5551;19.092;10.44;9.813;4.5115;9.2995;18.416;10.152;13.142;4.6802;8.3597;20.87;10.385;13.126;4.4394;5.7462;7.7107;18.236;9.4072;8.7773;8.4634;8.1797;7.5273;9.1714;0.0085101;0.11355;0.43882;1.2909;0.10611;2.0035;3.2999;0.0070873;1.1075;0.40324;5.2322;1.3537;0.57456;1.6827;3.5187;0.045065;2.783;2.3893;5.3265E-06;0.30247;0.27955;0.090252;2.4905;8.0817;0.36064;0.93557;0.0094736;0.00073918;3.2512;0.060643;0.0099478;0.040092;0.0085865;1.088;0.007914
16;8.8148;13.329;10.782;2.1987;8.6306;3.698;4.9039;3.5581;6.8235;3.2318;9.4608;8.6712;5.4006;7.3405;5.4888;4.2448;7.6561;5.1264;10.571;6.9736;6.082;11.74;4.1869;5.299;21.021;15.196;12.918;12.866;4.9741;8.6741;12.565;6.3326;9.1427;3.4238;4.9359;9.6341;0.085667;0.11766;1.191;0.40498;6.1588;1.0214;0.068732;0.42798;0.024598;3.4076;3.5118;0.93542;3.4534;0.00029338;0.11622;0.34809;0.24581;0.0063297;1.177;0.00724;0.043686;0.1943;0.018422;0.098769;0.0030846;1.0137;0.21185;0.17304;0.56286;1.6961;2.9672;0.0019685;0.84292;1.4278;0.63327;0.19649
17;9.7021;4.3481;14.819;5.1596;14.561;12.75;10.771;8.7884;8.9169;6.6036;15.403;8.046;11.909;5.9129;9.8683;11.193;7.6867;7.183;10.401;12.196;6.8606;5.8619;9.2724;9.0198;12.577;11.435;5.0836;9.8573;10.326;8.7372;6.8791;13.307;7.5767;7.0862;15.049;11.463;0.96684;0.32987;4.2514;2.3104;2.9165;0.31925;1.0627;1.3926;0.3337;0.76081;0.26758;0.21765;0.02658;0.47468;0.58873;0.33878;0.32537;0.19291;0.0065544;0.5133;0.18788;0.13578;2.1009;0.23914;0.057653;0.17985;0.15334;0.4122;1.6794;0.9238;3.1312;0.00020466;0.21164;0.14963;0.557;0.32387
18;5.7115;4.5913;11.153;11.844;3.6561;12.276;6.4617;19.405;5.4342;9.0697;7.8383;6.5543;10.017;8.9097;8.477;11.011;9.6346;5.3231;4.5886;10.604;15.054;9.3717;7.4728;7.6087;3.7644;12.643;4.4927;15.782;3.8278;10.882;7.7634;10.601;9.1887;4.7469;4.116;7.7036;1.0855;2.1241;1.3666;0.70669;0.21095;0.91664;0.69728;2.2317E-05;1.4854;0.014814;0.30482;0.16158;1.2664;0.62055;0.0028789;2.7065;0.0015137;0.51574;0.00016964;1.3399;0.00038301;0.82798;0.0021959;1.003;0.25219;4.5533;0.00035986;1.8047;1.7964;0.16631;3.2397;0.069169;1.0261;0.003276;3.1875;0.70792
19;9.8225;8.7489;4.1556;5.3639;8.3036;9.4708;6.0091;13.361;7.1722;12.065;11.961;9.9414;10.312;8.6791;12.848;7.165;6.0897;3.1338;14.18;2.6779;7.46;8.7724;5.6057;7.2216;7.6614;13.507;1.8819;12.566;14.221;6.8215;9.9743;10.191;13.38;5.0499;8.7962;9.058;0.1281;0.30057;0.011281;0.01043;0.178;0.33798;0.25757;0.035492;1.2744;0.22919;0.2149;0.01952;5.3542;2.8542;0.60969;8.4777E-05;0.19754;1.4358;0.20809;0.0097093;3.7242;0.31033;0.077662;0.062365;1.5995;0.33413;0.91114;2.7656;8.3189;0.56367;2.7111;5.4554;0.61314;0.033843;0.43758;0.1133
20;3.9159;13.05;4.3505;6.2429;14.963;7.5595;9.5825;6.845;7.4953;12.242;3.5812;6.0796;6.0889;10.199;6.4677;17.106;10.88;7.3123;5.8534;14.7;9.9581;10.707;7.0608;9.2347;7.5956;12.709;3.1831;4.9842;9.8785;3.775;5.1428;14.287;5.5117;3.7138;17.978;13.597;0.39106;0.33523;1.2714;0.47821;0.6381;1.9211;0.1814;1.1341;0.0020783;0.03804;0.035892;0.88445;2.2191;3.4989;0.71001;0.015851;0.1888;5.2003;0.090565;0.43276;1.6808;1.0334;0.053671;0.76352;0.00030544;2.304;0.35576;0.10255;0.00011501;0.90903;0.034344;0.72093;2.1036;0.99204;0.068239;0.96995
21;4.4526;0.9411;9.7625;15.414;10.522;7.0965;8.8822;3.4902;8.9529;5.0341;12.283;19.665;8.1003;11.201;7.926;7.9213;18.554;6.7299;5.3404;12.337;4.7755;11.635;4.9046;5.9629;6.602;11.008;10.448;8.1373;6.5773;5.4973;13.085;8.138;4.3992;4.7919;6.8303;6.2331;0.32809;3.8797;0.0041757;1.3194;0.3907;1.0458;4.7082;0.007991;5.8453;0.28876;0.63182;3.5056E-05;0.41128;0.27527;7.288;0.33266;0.021218;0.018214;1.2454;5.6449;3.001;0.56074;0.10812;1.0607;0.27374;1.4961;0.18687;1.924;0.12425;0.16938;0.46994;1.3997;0.13406;0.15311;1.215;0.012395
22;1.7609;14.696;13.929;11.837;17.157;7.6323;12.325;12.859;5.3237;12.254;8.1558;9.8894;11.636;5.7553;18.63;5.6219;5.7632;3.9574;6.7005;6.7888;8.9157;8.5177;8.8769;6.7471;7.6195;12.206;10.162;7.7343;11.144;2.4039;9.232;9.4262;8.6867;15.001;9.4483;8.2998;0.063439;0.026158;0.0035913;0.59215;0.13262;0.008834;1.7853;0.87183;0.11434;0.42703;0.64707;1.0914;2.6214;0.1623;0.38799;0.11113;1.2891;3.2834;0.78723;2.8363;2.3197;0.4609;0.055201;3.4221;0.28679;0.86362;0.17204;0.76764;0.029582;0.3795;0.082373;0.01113;0.175;0.015634;3.9206;0.16903
23;13.467;13.355;10.358;4.4879;7.3674;16.569;10.112;3.7145;1.6767;4.0758;4.5019;8.3934;9.611;14.794;5.2373;9.553;9.1521;18.341;10.598;11.717;4.5619;16.187;9.5374;13.477;10.784;3.5218;9.6006;11.99;9.3786;3.6691;8.529;11.777;10.619;8.5044;10.328;4.1776;0.054288;0.035526;4.3557;0.7963;0.074172;1.2819;2.9392;0.12539;0.27005;1.023;3.5195;0.56788;1.5593;0.94937;1.9882;0.46827;0.77839;0.2912;1.0859;0.1887;0.063301;0.18219;0.011714;1.9387;0.2354;0.5038;0.054627;0.10463;0.00026377;0.14136;1.4719;1.2574;0.083505;3.4831;1.0698;0.0010332
24;7.0342;14.115;9.9048;6.4701;15.356;3.1455;7.9709;8.5029;9.2392;4.4405;4.0374;7.7842;4.9837;9.828;9.9288;8.6867;14.908;6.3588;8.2021;9.4537;6.2524;5.3806;3.6453;4.9144;5.0885;10.18;6.9784;8.2378;6.4262;7.3528;10.613;13.55;6.0956;7.5441;10.564;8.4429;1.5321;0.73568;0.23821;0.029571;0.96929;0.081852;0.039145;0.95261;3.2957;2.4691;0.19477;0.43184;1.5465;0.0046991;0.01186;4.627;1.6843;0.077723;3.2216;0.91173;0.79362;2.6027;0.045326;0.21143;1.6624;6.474;2.4001;1.2842;1.1641;0.0074252;0.042391;2.6094;1.1596;0.017242;3.4695;3.7962
25;3.6561;4.2902;6.9938;3.791;5.0861;6.6284;4.6735;6.0696;10.738;9.598;3.6387;18.941;14.241;8.5777;20.582;6.2121;6.6826;12.105;4.0989;19.899;14.033;6.78;4.273;11.095;11.607;11.557;1.1296;11.626;11.697;11.197;19.881;5.9364;15.429;5.8103;13.028;19.286;0.84375;5.9935;0.37437;1.1855;0.017151;0.14371;0.24748;0.90692;0.3214;1.7733;0.021327;1.0415;0.56992;0.98672;0.81448;0.65023;3.1414;0.027508;8.6206;0.88367;0.7835;0.015787;0.096712;1.4453;5.6053;2.0303;0.14866;2.8392;0.23289;0.034821;0.00024359;0.11815;0.2885;0.61156;0.14152;1.124
26;7.4794;11.617;7.4169;25.038;12.447;8.4255;22.671;5.451;7.6341;9.296;9.3264;6.3871;12.017;14.987;31.87;8.1619;9.9916;8.7424;7.0106;4.4724;12.396;11.223;14.028;5.4432;2.4253;10.537;6.0308;4.781;5.0823;3.9793;8.9431;9.771;8.8338;5.7409;11.104;8.9974;1.1032;0.97153;0.46381;1.2552;0.15812;2.8668E-05;2.0592;0.059666;0.24138;0.30802;0.10286;1.669;3.1382;0.015494;0.12116;0.54202;0.42012;0.15591;0.14796;1.5839;0.81264;1.2309E-05;0.52527;2.8019;0.0052966;0.34508;4.1388;1.5579;0.0047016;0.11682;0.5862;0.054963;0.77125;1.3953;0.77563;0.012352
27;10.48;5.8625;1.8019;12.838;8.1153;12.402;2.7541;15.277;4.2702;8.7899;2.5898;7.2921;15.98;4.4263;9.9894;11.206;11.552;5.0119;6.5581;6.9957;9.0663;17.71;9.57;7.4455;10.022;7.2611;7.5675;6.7981;8.3344;17.467;7.8843;2.353;9.7838;8.7641;5.6622;13.157;0.077296;0.62648;3.3454;3.6417;0.0094221;4.0618;0.10508;3.1689;0.2964;0.10636;0.25637;0.39318;4.5461;2.442;0.92845;2.5225;1.0719;1.5651;1.9923;0.68587;0.87838;0.16727;0.27868;0.62395;0.96904;0.60546;0.25353;4.6034;2.2693;2.6483;0.022371;0.010509;0.19733;0.96941;0.17915;6.0807
28;17.85;6.988;9.9022;18.474;15.631;9.3848;4.7717;11.442;11.981;7.5827;6.8475;6.4958;7.0597;15.52;5.6849;6.8923;7.6643;3.147;9.0293;13.271;12.751;11.119;16.453;8.2047;9.2417;12.794;7.9284;10.791;12.091;8.4224;5.3473;2.9808;6.229;11.25;9.0014;8.9646;0.46433;0.027799;0.093064;1.7775;1.1275;0.26356;3.5752;0.048726;0.0008464;0.41619;0.17016;4.2232;0.55125;1.4715;0.33172;6.5791;0.11693;2.6476;3.1562;1.2173;0.019918;0.15032;1.2469;0.84004;1.9333;1.9633;0.054523;1.2771;0.54546;0.85294;0.08503;1.633;1.6613;0.19478;0.18483;0.0084692
29;16.347;7.9384;4.4441;7.4092;6.2049;7.5327;14.119;10.113;5.4708;5.8274;9.3116;8.9045;8.3319;13.2;13.815;9.3642;6.7729;6.7463;13.095;8.4442;13.121;11.616;3.2338;5.8127;7.0159;9.6534;9.4016;12.422;7.4506;21.504;5.2044;13.077;7.9215;5.6363;7.809;7.4529;0.087844;2.3425;0.20835;0.0014744;0.00089868;0.32727;0.29524;0.21048;0.00088985;0.0020058;0.41272;1.2035;1.2797;0.77595;2.9563;0.022803;1.1011;0.16064;2.6383;2.1841;0.046175;0.063174;0.11503;0.32075;0.91383;3.3219;0.12772;0.58791;0.64511;0.41911;1.5742;0.42324;2.4803;3.8441;0.37765;0.86389
30;7.6766;10.823;4.6436;5.7786;11.706;28.203;14.15;7.1499;8.9607;5.2578;8.966;7.6109;5.8919;4.869;3.6639;3.7048;5.3174;5.5585;3.9854;15.581;4.4487;5.9933;20.07;7.4211;9.3367;5.3097;12.671;12.656;6.2012;2.4374;4.3396;8.7451;13.616;13.204;25.849;16.087;1.3751;1.2275;0.25667;0.83686;0.11232;0.55797;1.2807;0.88704;0.91657;3.5783;0.0071468;0.005237;0.37865;0.29336;0.15948;1.2422;0.21737;0.014824;1.2696;0.0047288;0.41296;0.348;0.0017326;0.87955;0.0044821;4.0527E-06;0.016194;0.076036;1.1453;1.7768;0.45655;0.0063854;2.2295;0.1099;0.37723;0.46897
31;8.8668;16.34;7.8069;3.6502;7.906;20.825;11.306;11.464;20.238;8.0124;10.09;9.0662;5.3051;7.2272;4.6913;5.1917;2.4381;10.188;22.15;3.9385;7.2682;5.9642;6.6022;7.5431;15.719;11.681;11.389;10.079;7.7462;11.498;4.2633;6.1186;8.1866;6.0281;4.202;5.5779;0.39268;0.024993;1.3126;2.1681;0.45453;0.061035;1.0432;0.55854;0.51556;1.7819;0.4118;1.4393;0.16839;0.529;0.40071;3.8876;0.90541;0.32613;0.61819;0.04226;0.0085789;3.6453;1.7412;0.6108;0.019135;4.1764;0.0016378;0.56141;0.94722;1.2461;0.21535;0.91326;0.03865;0.027105;0.036388;0.49249
32;11.351;8.6268;5.4601;11.956;8.4553;14.453;2.043;12.36;7.2735;6.8564;5.4193;4.0081;12.12;5.1307;7.4588;2.7049;9.8485;10.71;15.758;10.061;10.662;15.673;8.7335;17.387;4.5312;8.6007;4.1736;15.407;12.167;12.133;10.022;8.7458;10.441;8.6085;10.346;4.096;0.16582;1.2762;0.095088;1.547;0.60193;2.6925;0.0055394;2.2785;1.0939;0.033035;0.27815;1.8254;0.25488;0.0066268;0.09843;0.0012001;0.27735;1.2929;0.57316;1.7165;1.7728;0.50922;0.56628;1.4099;0.17577;0.16887;0.12319;0.99027;0.71457;0.0024485;3.8836;0.41358;0.047484;0.051333;0.058967;1.5364
33;1.7418;3.7232;12.525;3.5532;4.5958;5.7353;5.4229;11.824;13.689;6.5601;11.861;11.561;7.5961;10.298;7.8476;8.2929;3.8277;9.4884;5.1206;7.351;8.6268;4.9163;8.0193;3.0499;8.0681;9.4742;6.2283;4.5976;3.8993;3.6647;6.3722;3.15;10.427;7.5036;10.388;4.9931;0.93656;1.7166;3.5278;0.65787;0.063199;0.054635;1.9994E-05;3.919;0.31967;2.1376;0.473;0.001004;1.0472;0.30633;0.24737;0.75921;0.22188;1.1692;0.0007026;0.17989;0.43217;0.46032;1.8739;0.86038;0.071578;0.47295;0.88978;0.36776;0.028577;0.0094592;0.6927;0.49108;0.065421;0.63565;0.025378;0.077809
34;8.0763;13.392;6.778;8.6647;6.7005;7.7088;5.4637;6.0576;6.5126;16.022;2.8614;9.4068;7.631;5.3153;6.7988;10.725;3.8691;14.006;7.5431;7.9934;12.508;11.035;3.7114;8.0529;7.9675;6.5296;7.547;7.0082;2.5188;6.5266;11.281;15.539;1.9617;13.965;8.3844;10.98;0.7271;0.10173;1.408;1.3655;0.10587;0.10228;2.4079;1.021;1.8125;0.36229;0.0063539;1.1978;2.0831;0.24143;0.45286;2.196;0.0033428;0.013611;0.033166;0.49133;0.22017;0.033654;0.061441;0.46437;0.038048;0.32792;0.49374;0.98125;0.020344;1.1713;0.34688;10.336;0.0090842;7.0975;0.73011;0.15979
35;10.611;6.9617;4.1959;8.033;7.9344;2.1526;6.3442;12.452;17.508;20.042;8.1957;11.567;6.8905;11.167;10.953;3.6881;3.2997;6.2508;3.4242;15.864;9.129;8.8654;12.263;7.5252;4.9109;6.2985;10.243;7.669;7.7896;2.7168;11.23;6.798;13.653;4.3807;17.64;10.831;0.49315;0.010026;0.0023459;0.35418;0.44956;0.67508;0.2713;0.4659;0.73701;0.00035203;0.009223;0.57212;0.59152;1.3462;0.57938;0.75221;1.7797E-05;1.5656;0.12404;0.00055178;0.00018603;1.3811;0.027201;1.6558;0.27056;0.048736;0.26218;1.0983;0.90457;0.72309;0.99404;0.039905;1.3702;0.0015284;0.68533;2.7136
36;9.9752;10.6;7.867;3.8259;20.279;7.3138;10.89;6.4062;4.6064;4.0392;11.435;11.572;3.7826;15.965;6.9503;5.3239;10.826;11.891;13.17;6.248;6.4754;15.738;11.275;3.9577;5.1244;8.574;12.209;2.7983;9.5218;10.454;8.4613;5.6473;6.331;2.6675;6.4905;7.6136;1.4692;5.1454;0.1673;0.059837;0.32286;0.95135;0.53015;0.14169;0.8857;0.10086;0.00068732;0.28753;2.0556;2.0202;0.64291;2.6435;0.059158;0.012755;0.93754;0.01067;0.76066;4.0104;0.91287;0.48506;1.7378;0.19505;0.55426;0.1202;0.10591;0.040071;0.35184;0.19138;0.83427;0.51318;0.53563;0.094132
37;6.9095;6.1817;3.9711;5.5522;9.2046;6.1615;12.299;5.3851;14.745;6.113;5.4564;9.2951;6.3773;25.12;9.1763;7.2156;9.1811;3.4599;6.6064;6.3996;11.663;9.784;5.6546;9.3389;10.838;4.2773;4.6139;5.7564;13.577;4.827;7.686;8.7849;9.0655;14.409;9.3622;15.454;0.041637;0.02473;1.2641;0.15546;0.48412;0.17844;0.46563;2.7064;0.69208;0.10598;0.96922;0.017753;1.2896;0.050737;0.04568;0.1075;0.42298;3.5942;0.27767;0.3257;1.895;1.6889;0.000226;0.020239;0.75544;0.00092186;0.059961;0.098528;0.0041029;0.13692;0.29608;3.0005;1.9061;0.14161;0.75978;0.0092062
38;8.7439;3.5541;15.112;11.937;9.006;7.9658;8.2026;7.4194;10.18;6.3082;6.1376;6.5323;13.586;10.525;6.1522;6.8948;10.753;8.1456;4.05;10.523;7.3254;6.88;12.696;21.917;16.108;3.7128;5.6972;9.4421;7.0907;28.07;17.656;5.6889;8.1258;7.2343;8.9697;12.838;1.1105;0.37511;0.032717;2.2991;1.0943;1.1317;0.6449;0.011121;0.00055231;0.70173;0.0048538;0.37616;3.415;1.017;0.10606;4.3968;0.84027;0.53913;0.52279;0.074962;0.016863;0.23726;0.047772;0.0020764;2.0561;0.32677;1.9528;0.55032;0.76383;0.0027199;0.35731;3.1014;0.74565;0.75833;0.0011995;0.02018
39;13.967;8.2302;9.8082;9.7744;9.7941;7.8754;5.7108;7.2879;5.5013;8.1613;8.969;4.7162;6.0783;2.0528;6.2367;10.428;9.1265;8.5839;4.744;13.686;4.5231;9.6647;9.9765;5.6821;12.44;3.1083;7.6787;11.643;12.072;34.246;9.243;2.7051;11.844;2.6367;6.3246;6.7769;0.13565;0.45882;1.4395;4.1387;2.5995;1.7707;0.10496;0.7384;0.80204;4.39;0.015946;0.0076975;0.53804;0.24215;0.022311;0.0055644;0.37979;0.79085;0.47887;0.20084;0.54458;0.13535;1.4797;1.3421;0.18769;0.36322;0.71926;0.11443;1.8751;0.80645;0.31913;0.19841;0.93381;0.74396;0.3089;0.54975
40;14.778;8.0633;11.786;19.491;4.6663;11.908;9.5604;10.052;8.2631;19.698;8.1276;12.011;10.708;5.6884;8.4368;8.7803;10.251;7.085;11.81;9.505;7.1511;3.7833;11.618;12.24;3.2951;7.6901;5.2222;5.369;8.5812;6.8001;1.7856;11.58;7.8823;10.695;8.7245;5.1839;0.54638;0.14649;0.94259;1.682;0.00027375;0.71874;0.5871;1.5816;0.58359;0.38855;0.96558;4.6477;0.00026162;0.0055407;6.3768;1.1091;0.0037006;1.1186;0.66277;0.31959;0.99803;0.97909;0.031156;0.12681;0.00016294;0.14276;0.49097;0.41949;0.39766;0.94213;0.39108;0.52703;0.62426;2.7268;0.83631;1.0172
41;10.154;8.1924;7.0251;7.0885;7.0489;11.67;13.65;4.5152;3.9958;4.0895;4.2808;17.64;8.4706;9.1248;6.4553;4.7897;15.636;10.973;8.5589;7.7393;6.2582;5.5142;2.7468;12.948;5.9715;15.623;25.532;5.1199;13.462;5.2779;7.2436;3.2366;5.5353;9.2403;6.6386;5.4343;0.21461;1.3067;8.3972;6.2233;2.3728;0.045607;0.35378;1.9351;1.1694;0.72948;4.3754;0.57694;0.25808;0.020956;0.087355;0.25316;0.44657;3.2503;0.057682;0.072895;0.45027;2.3535;2.4842;0.0058229;0.23516;1.8077;1.0411;0.72504;0.43166;2.2192;0.11726;0.45727;1.0732;0.52061;0.11253;0.0023988
42;10.699;8.3246;4.3804;5.315;8.8008;9.9094;6.076;2.3791;4.719;5.0038;14.913;6.5375;5.9929;8.4604;2.7157;13.816;12.588;5.7698;8.8304;8.8292;7.0076;13.462;3.0152;12.985;5.0584;4.8157;4.6597;5.8939;5.9671;6.7081;9.751;3.7977;13.927;11.199;9.3944;7.1923;0.12962;0.43068;3.5321;0.18885;0.90725;4.06;3.3825E-06;0.39128;0.7223;0.66636;0.4853;0.39355;0.030867;0.014328;0.0057265;0.050256;0.34499;0.2213;0.38337;0.99119;0.070854;0.10542;1.2038;0.025493;0.48906;0.79101;1.068;3.5249;0.068274;6.7863;0.41925;0.066485;0.99826;0.1181;1.8973;1.0402
43;8.7708;7.723;12.159;5.0098;7.5158;13.051;14.219;8.445;2.6602;15.426;6.8257;5.9721;3.8085;10.315;12.427;13.826;6.7755;10.239;16.898;8.7577;5.0107;9.3022;5.1431;6.3496;8.983;7.4947;7.3712;7.7589;7.0272;7.905;3.2545;6.6194;3.0161;12.552;6.2382;5.3489;0.13659;0.14108;0.79079;0.19847;1.0709;0.34657;0.67865;3.8089;0.94539;0.31862;0.061323;0.0056529;0.32359;0.02177;0.93277;0.64995;0.030007;0.0081699;0.029558;0.34486;1.8363;0.16994;3.0055;0.080387;0.14435;1.6954;2.3938;0.74286;0.41714;2.2233;2.1982;0.30475;0.4454;0.088351;0.19471;0.1747
44;17.083;6.6518;10.817;5.9063;8.4931;5.3045;11.514;8.1904;7.7393;4.5342;10.877;10.752;10.728;7.6921;4.3586;12.659;7.5333;12.006;4.2362;4.4964;10.9;13.139;7.3497;20.429;4.2819;8.0385;5.5134;5.1443;4.2672;8.724;16.113;4.8837;10.258;10.077;2.6855;6.845;0.00038993;0.3105;0.91266;0.0093285;2.9034;0.48256;0.19964;0.99523;0.16043;0.28461;0.23786;0.82157;0.060208;2.2635;0.30354;0.87506;0.17432;0.035518;3.6107;2.2733;0.17119;3.8875;3.6105;0.0073631;5.9143;0.97487;0.058799;0.040213;0.11616;3.8541E-07;0.29453;0.84997;1.5265;0.4241;1.4756;1.0891
45;4.4277;4.1691;20.724;8.7205;4.7506;3.4347;7.0346;6.8571;6.783;16.008;12.173;5.3365;9.434;16.944;9.7616;10.313;5.6624;14.091;10.31;7.8564;13.685;14.833;6.0948;7.1104;3.9306;9.1638;9.4489;5.9224;9.2764;2.3899;17.34;3.1844;10.257;14.637;2.7659;18.699;3.8804;0.18205;0.21413;0.27777;2.8441;0.088652;0.015;0.0060352;0.64694;0.83835;0.0315;0.0020865;4.9908;2.0698;0.20671;0.050033;9.5138E-05;2.1688;0.0021109;0.16299;0.045159;5.4798;0.25218;0.94698;0.016549;0.26005;0.060668;0.0022723;0.076397;0.57877;0.51267;0.12368;2.6722;0.41191;2.3557;2.5166
46;6.6396;10.163;7.1903;19.444;8.462;6.7555;11.131;9.12;8.0684;15.35;6.8939;10.361;2.4476;4.7498;4.9854;2.7503;9.222;2.0644;16.793;9.7207;3.1742;9.7864;7.4804;7.8372;5.0305;11.761;5.9598;5.5983;11.545;8.3641;6.2934;11.626;16.704;7.3924;3.6609;6.395;0.70658;0.11576;2.8779;0.38806;0.054742;1.0593;1.0593;0.41892;0.48894;2.3522;0.35395;0.051569;0.00387;0.0093078;0.093339;0.034911;3.9958;1.0702;2.8635;0.61352;0.39246;3.5782;0.060809;0.20762;9.7911;0.19877;0.0096891;1.3518;0.087086;1.3899;0.35407;0.0025987;0.073468;2.7891;2.7935;4.7286E-05
47;11.634;15.991;15.197;7.5754;7.1515;5.7314;19.126;14.287;8.6372;13.067;10.343;8.5768;4.7248;8.3018;10.919;13.22;4.6999;3.5542;10.131;5.2491;6.215;10.445;19.908;7.0156;12.553;6.3596;10.716;5.2287;3.4436;8.6592;26.933;2.6659;9.813;23.025;7.2624;4.4597;0.010385;0.54323;2.3893;0.71144;0.3857;0.035419;0.0044392;0.050847;0.74039;0.030371;0.57193;1.0566;0.11392;0.0034305;3.9944;4.9633;1.3767;2.3179;4.7385;0.57182;0.91668;0.82786;0.056298;0.47469;1.8851;2.555;0.25878;3.9576;0.10186;0.0924;2.3403;1.0506;0.07413;1.2974;0.34375;1.8393
48;12.434;19.848;8.8622;3.6965;2.064;10.687;3.3538;2.749;7.6643;7.9651;4.7747;14.151;6.268;6.4113;12.382;8.6041;7.6265;6.4965;7.1035;6.6788;17.567;5.623;3.9266;14.791;8.6572;8.8149;5.9262;6.6919;10.361;12.984;8.3756;11.67;13.249;8.6084;16.711;2.5003;0.32237;0.059799;0.1387;0.75312;0.27906;0.23093;1.6518;0.015339;0.20114;0.93972;0.55199;1.0385;0.34955;0.024233;0.32541;1.0524;2.7976;1.6426;0.35163;0.88904;0.43034;0.040599;0.064179;1.8225;0.19253;0.057059;0.86431;0.90442;0.38531;0.29919;0.1174;0.034036;1.8759;1.8562;3.222;0.72291
49;3.6416;12.366;4.5727;8.9655;10.716;14.925;10.588;13.225;13.105;5.0624;12.444;8.3168;7.55;6.4475;8.041;7.5943;5.7924;5.2716;5.9209;20.703;2.6054;13.836;7.9364;8.0188;9.5664;6.2986;5.0563;8.399;8.9303;6.6991;4.8343;10.385;4.3856;11.554;5.5052;14.682;0.19156;0.0015858;0.069088;2.8924;0.018131;0.45083;9.9514;0.24637;0.01529;1.2746;0.14692;1.0905;0.06267;0.0054257;0.2806;2.2876;2.3543;1.1574;1.3546;1.8378;3.7744;0.86537;0.11995;0.55826;0.54679;0.69961;0.38835;0.47901;0.021681;0.35426;0.0055165;0.98023;0.074275;1.6226;1.1348;0.68427
50;5.5896;11.756;10.956;8.1588;5.7055;7.1472;7.1258;5.6397;8.0525;6.6201;12.585;7.852;8.2867;5.265;8.1878;3.7721;13.543;7.5228;5.8204;8.9412;7.2539;8.8558;3.424;7.6215;3.8559;13.11;4.072;7.539;9.4341;7.0046;4.7593;19.684;7.747;6.9719;5.2143;11.203;0.037097;0.29999;1.4856;1.3632;5.2068;0.012512;1.7559;3.0211;0.63653;0.44033;0.88446;0.17922;1.6626;0.45269;0.1409;2.3574;0.55111;0.65712;4.6035;0.1875;0.012674;0.035718;1.0761;2.0987;0.17903;1.5802;0.62578;2.5989;1.0164;1.1129;0.43012;1.1286;0.024873;1.9757;0.33758;1.1312
normalized population
1;-1.6458;-1.6272;-1.5373;7.0702;-5.2298;4.1585;-1.2619;8.2918;2.9616;-4.7038;4.2131;3.3969;0.7612;-1.5359;-1.3853;2.3711;-5.018;2.5007;-4.1352;-4.0492;2.2126;3.9029;2.8808;4.3861;0.92458;6.0066;0.84035;0.064934;-2.6809;-3.4336;4.8551;-4.2711;0.68382;-3.0439;-3.1553;8.8175;0.10518;0.04539;-1.0247;-1.0152;-0.88716;1.5702;-0.75239;-0.23703;-0.10468;-0.92755;0.23708;-0.79933;-0.58537;-0.82244;-0.48484;0.58218;1.5091;0.49647;0.45103;-0.70602;4.9101;1.9454;-0.15369;-0.94855;2.0851;1.1183;0.86312;-0.89716;-0.58897;-0.71088;1.4786;-0.9613;-0.88262;-0.90553;-0.44386;-1.1021
2;-3.4007;-2.9422;-2.5589;1.6139;-0.032901;2.1252;-1.3775;-2.5094;0.19168;-3.6858;-3.9397;-6.3341;-3.8402;-4.0251;-2.9799;9.0335;-0.97447;3.2407;-4.684;1.1495;-6.0273;-2.5816;4.4888;3.0589;2.2208;7.9923;-0.31147;5.7618;-0.26569;-6.1764;-0.71032;-4.244;12.658;-3.6538;6.2143;3.9144;-0.64837;1.5889;-0.4479;-1.0294;1.1248;-0.2419;-1.1939;-0.92883;-0.1576;-0.89897;-0.50269;-0.40161;2.8171;-0.055855;1.9223;-0.97972;0.14776;0.23989;-1.1129;0.9309;-0.64709;1.3576;-0.65329;-0.3393;-1.0329;-0.90267;1.0617;-0.77793;-0.53741;1.5328;-0.95706;-0.85927;0.50012;-0.87834;-0.83464;2.4529
3;-2.1376;-2.7343;-2.175;-2.2866;0.95409;0.38402;3.2895;-0.0077802;-7.2095;-2.0367;0.0020976;-5.8865;-2.7345;1.8144;-2.544;-4.4109;3.4472;-2.2056;2.2642;-5.6743;0.28625;-1.7611;1.5934;0.40515;1.5696;6.1104;5.8025;5.4577;-1.5809;9.3744;0.72617;-2.2213;-3.0613;2.4081;-1.0731;-1.4903;-0.23204;-0.77512;1.7538;-0.21574;-0.57372;-0.71521;-1.1798;-1.0205;1.6765;-1.078;0.4441;-0.67262;0.10701;-0.37892;0.37224;-0.93216;-0.94784;-0.79342;-0.52531;1.221;-0.73375;0.17579;-0.63632;-1.023;5.5129;-1.04;0.026309;0.36428;0.30377;-0.96933;0.082108;-0.6392;2.0563;0.85315;2.8167;1.4147
4;0.67773;-2.5221;9.8288;-0.14321;-4.3193;-0.91111;-6.9095;-2.4447;5.9851;-3.4997;4.3375;-4.6241;-2.934;6.9492;-1.8475;-5.7325;2.3517;-2.5446;-2.5167;-3.0074;8.9195;-5.9844;-0.33564;-5.0136;-3.5317;-1.6294;0.72366;1.65;-2.9102;-2.6098;-2.9054;5.5933;2.1315;3.1326;1.8286;-2.1115;2.5098;1.0603;-1.1164;1.8488;-0.92481;0.46215;-0.1816;-1.0298;0.15634;6.3924;-0.52636;-0.85381;-1.1239;2.4197;-0.43226;-1.2461;2.9624;0.0092261;-0.31449;-0.76528;5.0665;-1.0149;-0.52662;-0.88525;-0.82727;-0.48461;-0.64691;-0.85668;-0.59803;-0.22789;0.53547;-0.95533;-0.61031;-0.74437;-0.25111;-1.1585
5;0.12918;-2.5339;4.6174;-3.5667;6.3672;-2.7181;-5.8461;8.1854;-4.3302;-2.1827;-2.5524;-3.6001;-4.2846;-2.4882;-5.8551;1.784;0.14332;-0.68716;-4.1478;-0.33032;0.89264;-3.6275;-1.3442;12.259;3.6648;-0.070098;-5.0667;9.8502;0.52914;8.0379;3.6569;0.4754;9.9766;-2.7455;-6.6908;4.3652;-0.59907;-0.54706;-1.0382;-0.69712;-0.26338;-0.56364;0.3477;-1.0275;-0.77778;-0.20404;1.7658;0.56757;-0.78681;0.89922;-0.84427;-0.60692;-0.90967;0.70446;-1.2942;0.52051;-0.54513;0.00038561;-0.64084;-0.65049;-1.154;-0.99433;-0.49845;-0.61042;-0.091227;0.32037;-0.79375;0.92806;-0.81687;-0.48517;-0.92788;6.2093
6;-0.12475;-1.026;-4.7856;2.6186;-3.0654;-3.1728;4.5635;-0.51487;-2.8664;-0.2533;-0.68442;-5.1679;0.15317;-1.6808;-4.7075;-3.4956;-2.5025;-0.17943;14.036;0.85693;-7.1656;-1.1191;0.63751;-1.0219;-0.16997;-2.3522;-4.2189;1.9633;0.64904;-2.4843;4.2055;8.0934;-2.269;2.1161;-4.2005;6.7331;-0.10715;-0.85626;-1.0884;-1.0405;0.24389;0.89877;-0.9595;-1.0132;-0.68602;-0.36285;-0.56302;-0.62472;-1.3924;-0.40368;-0.80361;-0.36996;-0.90575;-1.2112;-0.63401;-0.674;-0.11186;-0.96828;0.79041;4.0903;-1.1654;0.30306;-0.69492;-0.24249;-0.38695;0.59478;-0.4006;-0.67774;-0.42341;2.142;0.9091;-0.55057
7;-2.7171;-5.8513;11.232;2.9805;1.1303;-4.5347;-1.3078;-3.1022;-1.7603;-2.311;1.7981;0.10868;2.8675;-2.9761;-5.953;5.7867;-0.33065;0.74536;2.539;-4.2659;-2.8598;-7.0323;-0.63075;-3.176;3.8169;2.425;-3.2477;5.6979;4.6133;-1.8356;4.4963;-1.032;-3.2183;4.8774;4.1443;-2.7361;0.016895;-0.82208;-0.55922;-0.62238;-0.65104;-0.61788;1.6939;-0.405;-0.34963;-0.98331;-0.6244;-0.85371;2.5532;-0.75529;3.0854;-1.2626;-0.39492;-1.1166;-0.22865;-0.5772;0.014984;2.5675;-0.0045;-0.78065;1.837;1.4486;0.27141;-0.7046;2.0986;2.5843;-0.95619;-0.80127;-0.89758;0.093388;-0.58628;-1.1638
8;1.2843;-0.87119;-2.8905;-5.7721;-1.4762;-6.4463;-1.4459;-2.1858;-0.19209;3.5393;2.0172;1.2257;-0.13089;-2.876;8.6194;2.4915;1.0176;1.1402;-0.61275;0.90841;-6.4372;-1.9303;-3.4072;-5.6282;-4.7666;0.065301;1.711;-1.6953;-4.9886;7.504;1.2383;-2.3922;-4.1229;-7.4705;-4.1839;-5.9989;-0.58063;0.9958;-0.35382;-0.89257;-0.13752;-0.13483;-1.1956;-0.78031;-0.58504;-0.78881;-0.37664;-0.85372;3.0156;-0.39804;-0.66249;-1.2025;-0.25103;-0.68622;1.9704;-0.16709;3.1601;-1.02;-0.44763;-0.47496;1.496;2.5351;-0.68818;-0.56635;-0.027739;-0.26335;-0.5188;-0.92228;-0.72082;-0.88258;0.40931;3.433
9;-2.1897;-1.381;0.0080398;-6.3823;12.848;4.3857;-0.86054;3.1925;1.4962;-2.6224;-3.0453;-1.8316;-0.080099;-0.38707;-3.0466;1.8492;-3.5248;-2.8861;-2.2648;-4.5057;1.6504;-0.19824;5.0754;-3.9348;0.074914;3.0777;2.4337;-4.7895;-3.5855;-4.305;-5.7083;1.0207;-1.416;5.6404;3.1257;0.92956;-0.14312;-0.78889;-1.137;1.0867;-0.92315;0.12627;2.7961;-0.76493;2.3382;2.4536;-0.04076;-0.76816;-1.0982;-0.65558;-0.67135;-1.1527;3.4111;-0.2424;-1.3351;-0.38196;-1.1296;-0.55636;-0.42085;-0.1707;-1.3406;1.4449;-0.65211;-0.84328;-0.6628;-0.91734;1.0886;1.65;0.065861;-0.36341;-0.14403;1.0673
10;-0.71547;1.7089;2.3559;-4.0979;4.6514;-4.7073;-1.068;3.7838;-0.17561;-5.8601;-1.4888;4.8675;-0.82829;3.798;6.68;-2.0276;7.5516;-3.6133;2.5248;-1.6426;-0.84898;-1.1476;-6.3487;-3.2036;0.5936;7.2642;1.4862;-0.84228;-0.22999;-5.1085;-3.9702;2.9849;-3.7887;-0.13851;-3.7223;-4.0913;-0.65677;0.3348;0.18236;-0.89192;0.14829;-0.59978;0.11669;-0.73115;-0.74187;2.256;-0.48061;-0.48076;1.6939;-0.84804;-0.77787;0.24072;-0.57709;-0.080912;-1.3329;-0.34354;0.6901;-0.13374;1.0349;5.2811;-1.3015;-0.68291;2.4418;-0.4701;-0.71465;-0.95492;5.0475;0.40837;3.3164;-0.64929;-0.39406;0.0081412
11;8.8236;-4.7254;1.0581;7.7881;-3.9191;-1.5862;14.401;4.1644;-1.4948;4.2962;-1.1769;1.4972;-6.2303;4.3991;2.2474;6.8914;-2.1036;0.59938;-2.2308;-6.6929;1.8693;-3.308;0.75859;0.24841;2.7815;-4.0507;-3.8424;-2.7518;9.9544;-0.17653;6.3108;-3.7225;4.6017;-3.2262;5.2141;6.4346;-0.47724;2.3783;-0.96942;-0.93636;-0.72322;-0.73678;-0.88698;5.9764;0.68088;2.7487;1.2748;-0.84341;-1.1259;-0.84801;-0.66371;-0.33145;1.5701;3.9389;-0.088921;-0.76417;-0.72963;-0.92186;1.1211;-0.7744;-0.74899;-0.96826;0.61289;0.049047;-0.593;0.48592;-0.75921;-0.089243;-0.21995;-0.80867;-0.7342;1.7152
12;4.7906;5.9891;-3.3274;-4.3359;1.4933;5.5824;1.2344;-3.9693;0.28769;-3.7256;5.4265;2.6077;3.7732;-0.54104;2.3214;-3.1526;-1.2669;7.0943;0.58314;-2.3185;-3.5225;0.079241;-3.1429;2.9608;1.9606;5.8365;0.8507;-0.056785;0.56597;-0.044203;0.61156;0.64713;-6.3507;4.8233;2.1896;-3.7624;-0.7076;-0.89161;-1.0714;0.44554;1.6588;1.5168;0.9709;0.6161;1.9623;-0.75087;0.99065;1.1233;0.033803;3.8965;-0.69299;1.8925;4.4136;2.2421;0.0072634;1.1272;-1.0621;-0.84757;1.6132;-1.0046;-1.2767;-1.0927;-0.22821;-0.76636;0.19382;-0.97629;0.22169;0.24314;2.8363;-0.60497;-0.91124;-0.48016
13;4.648;-1.0677;5.0761;-2.7733;-3.6898;-0.79174;-6.4029;1.0678;2.8985;-5.5975;-3.3216;0.78841;4.9646;-6.7101;-1.2035;0.0085162;1.9439;5.3237;-2.5318;-3.3849;1.4592;11.24;6.1147;-1.0436;-0.33351;-5.344;-0.59339;1.8319;2.054;-1.2641;5.7858;-0.15768;0.95513;2.5405;-0.64077;-3.3708;-0.012224;-0.80346;-0.25989;-0.72374;-0.57769;-0.38943;-0.0017486;1.0104;-0.81737;1.2668;-0.63501;3.1012;-1.3938;-0.72352;-0.87811;-1.0805;-0.95693;-0.46984;3.2291;-0.041729;2.4607;-0.81977;-0.49321;0.093593;-0.42695;-0.93283;-0.33789;0.29499;-0.28969;0.73542;-0.23129;-0.60828;0.40585;-0.60112;1.9959;0.68821
14;-0.50748;3.7092;1.9432;-6.0146;-2.1301;-4.6986;-3.1188;-0.27912;2.2096;0.84991;5.6172;-4.1782;-2.2746;-2.8995;8.9036;1.9794;-4.2693;2.1043;-1.4705;1.8485;0.38439;-0.41723;-5.1556;6.5664;0.85558;-3.2133;7.3211;-1.1182;-4.5206;-4.0624;-4.5063;-0.17418;-4.2649;-4.816;-2.8698;-2.338;-0.74957;-0.42994;-0.42866;-1.0336;-0.8109;0.10925;0.44216;-0.41784;-0.75859;0.35098;1.5249;-0.25801;-1.3216;3.1552;-0.82061;-0.4953;-0.62781;-0.49322;-0.70612;-0.76316;-0.13426;-0.79733;2.366;3.3296;0.054429;-1.1459;2.0233;-0.91137;0.6195;0.050694;-0.94715;-0.079665;-0.88137;0.081971;-0.16237;-0.013192
15;-6.3587;-3.2766;-2.653;8.3474;-1.4297;6.1405;1.0437;-0.68334;8.6565;13.095;2.854;-0.78668;-0.31804;-1.4671;9.5434;1.7611;1.283;-3.4806;0.52613;9.4174;1.7711;3.4478;-3.4206;-0.8606;11.988;0.56738;5.1881;-4.4428;-2.5771;-1.167;8.2189;0.99078;-0.40369;-0.21884;-0.75826;-1.7082;8.418;-0.88712;-1.025;-0.6029;0.3657;-0.67799;0.80756;2.2697;-0.81056;-0.095345;-0.26412;4.3698;-0.062033;-0.27354;0.80241;2.2545;-0.91256;1.5645;1.0463;-0.78796;-0.83722;-0.74055;-0.64452;1.4586;6.74;-0.80043;0.21357;-0.90665;-0.71394;2.2657;-0.89665;-0.95194;-0.88099;-0.92079;0.080551;-1.1934
16;-0.18011;4.5742;1.4162;-6.4787;-0.54389;-5.6362;-4.1291;-5.4456;-1.6534;-5.2141;0.81445;-0.12796;-2.5489;-1.6816;-4.06;-4.4343;-0.87393;-2.8657;1.7977;-2.0253;-2.2989;2.0459;-3.9139;-3.9213;12.138;5.3781;4.9803;3.984;-3.3491;-0.20365;2.5485;-2.0838;-0.038201;-5.2584;-4.002;0.39856;-0.66779;-0.77797;0.052454;-0.63673;5.2336;0.23729;-1.1272;-0.60223;-0.79305;2.2048;2.8444;0.072963;2.0376;-0.84781;-0.76403;-0.91618;-0.71182;-1.2122;-0.16599;-0.78073;-1.096;-0.82581;-0.71635;-0.93317;-1.3386;-0.14739;-0.51015;-0.74308;-0.15182;0.71056;2.0099;-0.95992;-0.078162;0.4984;-0.37421;-1.0049
17;0.70719;-4.4062;5.453;-3.5178;5.3866;3.4158;1.7384;-0.21534;0.44009;-1.8423;6.757;-0.75311;3.9597;-3.1092;0.31958;2.5141;-0.84335;-0.80915;1.628;3.1972;-1.5203;-3.8318;1.1716;-0.20045;3.6936;1.6168;-2.8539;0.97514;2.0026;-0.14051;-3.1376;4.8907;-1.6043;-1.596;6.1113;2.2271;0.21338;-0.56576;3.1128;1.2687;1.9913;-0.46486;-0.13321;0.3624;-0.48394;-0.44199;-0.39979;-0.64481;-1.3892;-0.37342;-0.29152;-0.9255;-0.63226;-1.0256;-1.3364;-0.27467;-0.95181;-0.88432;1.3662;-0.7928;-1.2841;-0.98121;-0.56866;-0.50392;0.96472;-0.061694;2.1739;-0.96168;-0.70944;-0.77975;-0.45048;-0.87747
18;-3.2834;-4.1629;1.7875;3.1665;-5.5185;2.942;-2.5713;10.402;-3.0427;0.62379;-0.808;-2.2448;2.0678;-0.11237;-1.0718;2.3318;1.1045;-2.669;-4.1848;1.6054;6.6735;-0.32195;-0.62804;-1.6116;-5.1184;2.8248;-3.4447;6.9002;-4.4955;2.0041;-2.2533;2.1845;0.0077104;-3.9354;-4.822;-1.5319;0.33202;1.2285;0.22802;-0.33502;-0.71426;0.13253;-0.49863;-1.0302;0.66771;-1.188;-0.36255;-0.70088;-0.14941;-0.22755;-0.87737;1.4422;-0.95611;-0.70275;-1.3428;0.55197;-1.1393;-0.19212;-0.73258;-0.028959;-1.0895;3.3922;-0.72164;0.88863;1.0818;-0.81918;2.2824;-0.89272;0.10503;-0.9261;2.18;-0.49342
19;0.82763;-0.0053624;-5.2101;-3.3135;-0.87093;0.1366;-3.0239;4.3577;-1.3046;3.6191;3.3146;1.1423;2.3622;-0.34298;3.2991;-1.5142;-2.4404;-4.8583;5.4066;-6.321;-0.9208;-0.9213;-2.4951;-1.9987;-1.2214;3.6887;-6.0555;3.6839;5.8974;-2.0562;-0.042469;1.7743;4.1986;-3.6324;-0.1418;-0.17754;-0.62536;-0.59506;-1.1273;-1.0313;-0.74722;-0.44612;-0.93833;-0.99472;0.45679;-0.97361;-0.45247;-0.84294;3.9384;2.0061;-0.27056;-1.2642;-0.76008;0.21729;-1.1349;-0.77826;2.5845;-0.70977;-0.65711;-0.96957;0.25784;-0.82693;0.18914;1.8495;7.6042;-0.42182;1.7538;4.4935;-0.30794;-0.89553;-0.5699;-1.088
20;-5.079;4.2954;-5.0153;-2.4345;5.7885;-1.7747;0.5495;-2.1588;-0.98154;3.7957;-5.0651;-2.7195;-1.8606;1.1767;-3.081;8.4267;2.3496;-0.67983;-2.92;5.7015;1.5772;1.0136;-1.04;0.01438;-1.2873;2.8914;-4.7543;-3.8979;1.5553;-5.1027;-4.8739;5.8703;-3.6692;-4.9684;9.0401;4.3619;-0.3624;-0.5604;0.13283;-0.5635;-0.28711;1.137;-1.0145;0.10392;-0.81557;-1.1648;-0.63148;0.021987;0.80327;2.6508;-0.17024;-1.2484;-0.76882;3.9818;-1.2524;-0.3552;0.54106;0.013291;-0.6811;-0.26842;-1.3414;1.1429;-0.36624;-0.81357;-0.71456;-0.076459;-0.92295;-0.24095;1.1826;0.062662;-0.93924;-0.23139
21;-4.5423;-7.8132;0.39672;6.7363;1.3471;-2.2378;-0.15082;-5.5135;0.47611;-3.4119;3.6362;10.866;0.15079;2.1794;-1.6227;-0.75791;10.024;-1.2622;-3.433;3.3383;-3.6054;1.9413;-3.1962;-3.2573;-2.2809;1.1897;2.5104;-0.74486;-1.746;-3.3804;3.0682;-0.27844;-4.7818;-3.8904;-2.1076;-3.0024;-0.42537;2.984;-1.1344;0.27769;-0.53452;0.26166;3.5123;-1.0222;5.0277;-0.91405;-0.035547;-0.86242;-1.0045;-0.57283;6.4078;-0.93162;-0.93641;-1.2003;-0.097585;4.8569;1.8613;-0.45936;-0.62666;0.02872;-1.068;0.33504;-0.53513;1.0079;-0.59043;-0.81611;-0.48735;0.43781;-0.78702;-0.77627;0.20755;-1.1889
22;-7.234;5.9416;4.5632;3.1592;7.983;-1.7019;3.2923;3.8551;-3.1531;3.8077;-0.49049;1.0903;3.6866;-3.2668;9.0808;-3.0572;-2.7668;-4.0347;-2.0729;-2.2102;0.53487;-1.1759;0.77608;-2.4732;-1.2634;2.3883;2.2242;-1.1478;2.8211;-6.4738;-0.78482;1.0099;-0.49421;6.319;0.51033;-0.9357;-0.69001;-0.86947;-1.135;-0.44956;-0.79259;-0.77527;0.58935;-0.15838;-0.7033;-0.77578;-0.020298;0.22897;1.2056;-0.6858;-0.49226;-1.1532;0.33152;2.0649;-0.55571;2.0483;1.18;-0.55921;-0.67957;2.3902;-1.0549;-0.29744;-0.54997;-0.14848;-0.6851;-0.60599;-0.87492;-0.95076;-0.74608;-0.91374;2.9132;-1.0323
23;4.4724;4.601;0.99213;-4.1895;-1.8071;7.235;1.0794;-5.2893;-6.8001;-4.3701;-4.1444;-0.40573;1.6615;5.7717;-4.3114;0.87385;0.62204;10.349;1.8242;2.7181;-3.8189;6.4933;1.4366;4.2571;1.9009;-6.2962;1.6631;3.1075;1.0553;-5.2086;-1.4878;3.3609;1.4376;-0.1778;1.3904;-5.058;-0.69916;-0.86011;3.2171;-0.24541;-0.85104;0.4978;1.7433;-0.90482;-0.54759;-0.17984;2.8521;-0.29458;0.14355;0.10127;1.108;-0.79601;-0.17924;-0.92729;-0.25704;-0.59927;-1.0764;-0.83791;-0.72306;0.90672;-1.1063;-0.65727;-0.66737;-0.81149;-0.71442;-0.84413;0.51462;0.29554;-0.83757;2.5537;0.062342;-1.2003
24;-1.9607;5.3605;0.53906;-2.2073;6.1811;-6.1887;-1.062;-0.50085;0.76236;-4.0054;-4.6089;-1.015;-2.9657;0.80585;0.38005;0.0075194;6.3775;-1.6333;-0.57123;0.4547;-2.1284;-4.3131;-4.4555;-4.3059;-3.7944;0.36156;-0.95909;-0.64436;-1.897;-1.5249;0.59617;5.1338;-3.0853;-1.1381;1.6256;-0.79261;0.77863;-0.15996;-0.90038;-1.0121;0.04408;-0.70225;-1.1568;-0.0776;2.478;1.2663;-0.47259;-0.43062;0.13073;-0.8434;-0.86839;3.3627;0.72669;-1.1408;1.8786;0.12376;-0.34607;1.5826;-0.68945;-0.8205;0.32072;5.3129;1.6781;0.36812;0.44939;-0.97807;-0.91491;1.6475;0.23852;-0.91213;2.462;2.5949
25;-5.3388;-4.4641;-2.372;-4.8864;-4.0884;-2.7058;-4.3595;-2.9341;2.2617;1.1521;-5.0076;10.142;6.2915;-0.44439;11.034;-2.4671;-1.8475;4.1129;-4.6745;10.9;5.6523;-2.9137;-3.8278;1.8743;2.7239;1.7387;-6.8079;2.7435;3.3733;2.3188;9.8642;-2.48;6.2479;-2.8719;4.0902;10.05;0.090294;5.0979;-0.76423;0.14379;-0.90806;-0.6404;-0.94842;-0.12328;-0.49625;0.57054;-0.64604;0.17902;-0.84587;0.13862;-0.065775;-0.61405;2.1838;-1.191;7.2777;0.095703;-0.35619;-1.0043;-0.63806;0.41335;4.2636;0.86928;-0.57334;1.9231;-0.48179;-0.95067;-0.95705;-0.84374;-0.63258;-0.31782;-0.86596;-0.077345
26;-1.5155;2.863;-1.9489;16.36;3.2722;-0.9087;13.638;-3.5527;-0.84276;0.8501;0.68009;-2.4121;4.0673;5.9649;22.322;-0.51723;1.4615;0.75028;-1.7628;-4.5265;4.0152;1.5293;5.9276;-3.7771;-6.4576;0.71873;-1.9067;-4.1012;-3.2409;-4.8984;-1.0737;1.3546;-0.34715;-2.9413;2.166;-0.23815;0.34977;0.075898;-0.67478;0.21348;-0.76709;-0.78408;0.86332;-0.97054;-0.57627;-0.89479;-0.5645;0.80658;1.7224;-0.83261;-0.75909;-0.72225;-0.53751;-1.0626;-1.195;0.7959;-0.32705;-1.0201;-0.2095;1.77;-1.3364;-0.81598;3.4168;0.64176;-0.70998;-0.86867;-0.3711;-0.90692;-0.14982;0.46595;-0.23185;-1.189
27;1.485;-2.8918;-7.5639;4.1603;-1.0592;3.0675;-6.2788;6.2731;-4.2066;0.34394;-6.0565;-1.507;8.0309;-4.5958;0.44065;2.5272;3.0221;-2.9802;-2.2152;-2.0033;0.6855;8.0164;1.4692;-1.7748;1.1395;-2.5569;-0.36995;-2.0841;0.011131;8.5889;-2.1325;-6.0634;0.60282;0.081826;-3.2758;3.9215;-0.67616;-0.26916;2.2068;2.6;-0.91579;3.2777;-1.0908;2.1387;-0.52124;-1.0964;-0.411;-0.46928;3.1303;1.5939;0.0482;1.2582;0.11429;0.3466;0.64934;-0.1021;-0.26131;-0.85283;-0.45609;-0.40798;-0.37266;-0.5556;-0.46847;3.6873;1.5546;1.6628;-0.93493;-0.95138;-0.72375;0.040034;-0.82833;4.8794
28;8.8552;-1.7663;0.53641;9.7965;6.457;0.05052;-4.2613;2.4382;3.5047;-0.86329;-1.7988;-2.3033;-0.88978;6.498;-3.8638;-1.7869;-0.86579;-4.8451;0.25597;4.2722;4.3699;1.4254;8.3524;-1.0156;0.35889;2.9756;-0.0090414;1.9086;3.7674;-0.45527;-4.6695;-5.4356;-2.9519;2.5674;0.063484;-0.27086;-0.28912;-0.86783;-1.0455;0.73582;0.20226;-0.52054;2.3793;-0.98148;-0.8168;-0.78662;-0.4972;3.3608;-0.86454;0.62344;-0.54853;5.3148;-0.8407;1.4291;1.8132;0.42938;-1.1198;-0.86978;0.51217;-0.19189;0.59164;0.8022;-0.66748;0.36095;-0.16922;-0.13255;-0.87227;0.6711;0.74019;-0.7346;-0.82265;-1.1929
29;7.3521;-0.81583;-4.9216;-1.2682;-2.9696;-1.8016;5.0856;1.1089;-3.0061;-2.6186;0.66531;0.10534;0.38242;4.1775;4.2662;0.68507;-1.7572;-1.2458;4.3212;-0.55477;4.7403;1.9226;-4.867;-3.4076;-1.8669;-0.16454;1.4642;3.5399;-0.8726;12.626;-4.8124;4.6603;-1.2594;-3.0459;-1.129;-1.7826;-0.66561;1.4468;-0.93025;-1.0402;-0.92431;-0.45683;-0.90067;-0.81973;-0.81676;-1.2008;-0.25464;0.34103;-0.13611;-0.072151;2.0761;-1.2415;0.14352;-1.0579;1.2954;1.3961;-1.0935;-0.95693;-0.61975;-0.71119;-0.42788;2.1608;-0.59428;-0.32821;-0.069574;-0.56638;0.61689;-0.53864;1.5592;2.9147;-0.62983;-0.33745
30;-1.3183;2.0687;-4.7221;-2.8988;2.5314;18.869;5.1172;-1.8538;0.48388;-3.1882;0.31967;-1.1882;-2.0575;-4.1531;-5.8848;-4.9744;-3.2127;-2.4336;-4.7879;6.5821;-3.9321;-3.7004;11.969;-1.7992;0.45383;-4.5083;4.7335;3.7738;-2.122;-6.4403;-5.6772;0.32867;4.4352;4.5221;16.911;6.8516;0.62164;0.33187;-0.88192;-0.20485;-0.8129;-0.22613;0.084805;-0.14317;0.098927;2.3755;-0.66022;-0.85722;-1.0371;-0.55474;-0.72077;-0.022085;-0.74026;-1.2037;-0.073298;-0.78324;-0.72673;-0.6721;-0.73304;-0.15238;-1.3372;-1.1611;-0.70581;-0.84009;0.43061;0.79129;-0.50074;-0.9555;1.3085;-0.81947;-0.63024;-0.73237
31;-0.1281;7.5857;-1.5589;-5.0272;-1.2685;11.491;2.2728;2.4602;11.761;-0.43354;1.4434;0.26705;-2.6444;-1.7949;-4.8575;-3.4874;-6.092;2.1959;13.376;-5.0604;-1.1126;-3.7295;-1.4986;-1.6772;6.8362;1.8631;3.4515;1.1965;-0.57703;2.62;-5.7535;-2.2978;-0.99431;-2.6541;-4.7359;-3.6576;-0.36077;-0.87064;0.17405;1.1264;-0.47068;-0.72307;-0.1527;-0.47167;-0.30209;0.57913;-0.25556;0.57679;-1.2474;-0.3191;-0.47954;2.6233;-0.052212;-0.89236;-0.72476;-0.74571;-1.1311;2.6252;1.0064;-0.42114;-1.3226;3.0154;-0.72036;-0.35471;0.23254;0.26056;-0.74195;-0.048623;-0.88243;-0.90227;-0.97109;-0.70885
32;2.3565;-0.12743;-3.9056;3.2782;-0.71926;5.1187;-6.99;3.3558;-1.2033;-1.5896;-3.227;-4.791;4.171;-3.8914;-2.09;-5.9743;1.3184;2.7176;6.9842;1.0622;2.281;5.9789;0.63268;8.167;-4.3517;-1.2173;-3.7638;6.5245;3.8438;3.2549;0.0053229;0.32944;1.26;-0.073732;1.4076;-5.1395;-0.58764;0.38052;-1.0435;0.50532;-0.32328;1.9084;-1.1904;1.2482;0.27626;-1.1698;-0.38921;0.96296;-1.1609;-0.84148;-0.78182;-1.2631;-0.68027;0.074387;-0.76978;0.92851;0.63309;-0.51089;-0.16849;0.37796;-1.1659;-0.99219;-0.59881;0.074152;-0.00010817;-0.98304;2.9263;-0.5483;-0.87359;-0.87804;-0.94851;0.33504
33;-7.2531;-5.0311;3.1594;-5.1242;-4.5787;-3.599;-3.61;2.8199;5.2118;-1.8859;3.215;2.7624;-0.35335;1.2759;-1.7012;-0.38624;-4.7024;1.4963;-3.6528;-1.6479;0.24597;-4.7774;-0.081565;-6.1704;-0.81471;-0.34374;-1.7091;-4.2846;-4.424;-5.2131;-3.6446;-5.2664;1.2463;-1.1787;1.4497;-4.2424;0.1831;0.82102;2.3892;-0.38384;-0.86201;-0.72947;-1.1959;2.8888;-0.49798;0.93476;-0.19436;-0.86146;-0.36854;-0.54178;-0.63288;-0.50506;-0.73575;-0.049336;-1.3422;-0.60808;-0.70752;-0.55979;1.1391;-0.17156;-1.2701;-0.68811;0.16778;-0.54836;-0.6861;-0.97603;-0.2646;-0.47081;-0.85566;-0.29373;-0.9821;-1.1235
34;-0.91862;4.6377;-2.5878;-0.012687;-2.474;-1.6254;-3.5693;-2.9461;-1.9642;7.5765;-5.7849;0.6077;-0.31846;-3.7068;-2.7499;2.0455;-4.661;6.0135;-1.2303;-1.0056;4.1271;1.3416;-4.3894;-1.1674;-0.91535;-3.2883;-0.39048;-1.874;-5.8044;-2.3511;1.264;7.1228;-7.2193;5.2824;-0.55353;1.7443;-0.026349;-0.7939;0.26936;0.32382;-0.81934;-0.68183;1.212;-0.0092473;0.99487;-0.84052;-0.66101;0.3353;0.66736;-0.60667;-0.4274;0.93171;-0.95428;-1.2049;-1.3098;-0.29664;-0.91952;-0.98645;-0.67333;-0.56757;-1.3037;-0.83314;-0.22826;0.065125;-0.69434;0.18576;-0.61042;9.3738;-0.91199;6.1681;-0.27737;-1.0415
35;1.6165;-1.7926;-5.1699;-0.64441;-1.2401;-7.1816;-2.6888;3.4487;9.0311;11.596;-0.45062;2.7678;-1.059;2.1445;1.4047;-4.991;-5.2304;-1.7414;-5.3492;6.8655;0.74813;-0.82828;4.1625;-1.6951;-3.972;-3.5195;2.3054;-1.2131;-0.53365;-6.1609;1.2133;-1.6184;4.4716;-4.3015;8.7016;1.5954;-0.26031;-0.88561;-1.1362;-0.68753;-0.47565;-0.10902;-0.9246;-0.56431;-0.080634;-1.2025;-0.65814;-0.29034;-0.82426;0.49812;-0.30087;-0.51207;-0.95761;0.3471;-1.2189;-0.78742;-1.1395;0.36097;-0.70757;0.62387;-1.0711;-1.1123;-0.45982;0.18221;0.18989;-0.2624;0.036738;-0.92198;0.44908;-0.92785;-0.32215;1.5123
36;0.98027;1.8455;-1.4988;-4.8515;11.104;-2.0204;1.8567;-2.5975;-3.8704;-4.4068;2.7886;2.7724;-4.1669;6.9424;-2.5984;-3.3552;2.296;3.8987;4.3967;-2.7509;-1.9055;6.0448;3.1742;-5.2626;-3.7584;-1.244;4.2719;-6.0838;1.1986;1.576;-1.5555;-2.7691;-2.85;-6.0147;-2.4475;-1.6219;0.71575;4.2498;-0.9713;-0.98187;-0.60236;0.16724;-0.66575;-0.88852;0.068052;-1.1019;-0.66668;-0.57493;0.63983;1.172;-0.23734;1.3793;-0.89847;-1.2057;-0.40541;-0.7773;-0.37903;2.9903;0.17809;-0.54688;0.39614;-0.96601;-0.16775;-0.79592;-0.60877;-0.94542;-0.60546;-0.77051;-0.086809;-0.4162;-0.47185;-1.1072
37;-2.0854;-2.5726;-5.3947;-3.1252;0.030093;-3.1728;3.2665;-3.6186;6.2681;-2.3329;-3.19;0.49597;-1.5722;16.098;-0.37243;-1.4635;0.65102;-4.5322;-2.167;-2.5994;3.2826;0.0903;-2.4463;0.11866;1.9556;-5.5407;-3.3235;-3.1258;5.2543;-4.0507;-2.3308;0.36846;-0.11543;5.7265;0.42427;6.2181;-0.71182;-0.8709;0.12555;-0.88625;-0.44109;-0.60566;-0.73027;1.6762;-0.12556;-1.0968;0.30185;-0.84471;-0.12615;-0.79737;-0.83457;-1.1568;-0.53464;2.3757;-1.0653;-0.46227;0.75535;0.66884;-0.73455;-1.0117;-0.58627;-1.1601;-0.66204;-0.81759;-0.71058;-0.84857;-0.66121;2.0386;0.985;-0.78777;-0.2477;-1.1921
38;-0.251;-5.2001;5.7459;3.2594;-0.16854;-1.3684;-0.83035;-1.5843;1.703;-2.1377;-2.5087;-2.2668;5.6365;1.5029;-3.3966;-1.7843;2.2234;0.15346;-4.7234;1.5243;-1.0554;-2.8137;4.5951;12.697;7.2247;-6.1052;-2.2403;0.55995;-1.2325;19.193;7.6393;-2.7275;-1.0552;-1.448;0.031716;3.6025;0.35705;-0.52052;-1.1059;1.2574;0.16911;0.34755;-0.551;-1.0191;-0.81709;-0.50108;-0.66251;-0.4863;1.9992;0.16885;-0.77419;3.1325;-0.11736;-0.67936;-0.82015;-0.71301;-1.1228;-0.78284;-0.687;-1.0299;0.71436;-0.8343;1.2308;-0.3658;0.04915;-0.98277;-0.59999;2.1395;-0.17543;-0.17104;-1.0063;-1.1812
39;4.9716;-0.52407;0.44247;1.097;0.61955;-1.4588;-3.3222;-1.7158;-2.9755;-0.28464;0.32272;-4.0829;-1.8712;-6.9693;-3.312;1.7485;0.59641;0.59177;-4.0294;4.6868;-3.8577;-0.02904;1.8756;-3.5382;3.557;-6.7097;-0.25876;2.7611;3.7485;25.369;-0.77381;-5.7113;2.6627;-6.0455;-2.6134;-2.4586;-0.6178;-0.43681;0.3009;3.097;1.6743;0.98659;-1.0909;-0.29181;-0.015601;3.1872;-0.65142;-0.85476;-0.87774;-0.60595;-0.85794;-1.2587;-0.57784;-0.42765;-0.86407;-0.58712;-0.59511;-0.88476;0.7449;0.31016;-1.154;-0.79784;-0.002745;-0.80169;1.1604;-0.17904;-0.63816;-0.76348;0.012728;-0.18542;-0.69858;-0.6516
40;5.7826;-0.69097;2.4197;10.813;-4.5083;2.5734;0.52744;1.048;-0.21369;11.252;-0.51872;3.2119;2.7586;-3.3337;-1.1119;0.1011;1.721;-0.90715;3.0363;0.50608;-1.2297;-5.9103;3.5169;3.0195;-5.5878;-2.1279;-2.7153;-3.5132;0.25793;-2.0776;-8.2312;3.1632;-1.2987;2.013;-0.21348;-4.0516;-0.20708;-0.74914;-0.196;0.64032;-0.92494;-0.065371;-0.6088;0.55134;-0.23406;-0.81426;0.29822;3.7853;-1.4155;-0.84256;5.4966;-0.15518;-0.95393;-0.099942;-0.68017;-0.46838;-0.14166;-0.04101;-0.70362;-0.90513;-1.3415;-1.0183;-0.23103;-0.49663;-0.31701;-0.043363;-0.56622;-0.43485;-0.29682;1.7974;-0.17117;-0.18412
41;1.1596;-0.56188;-2.3406;-1.5889;-2.1257;2.3358;4.617;-4.4886;-4.481;-4.3565;-4.3656;8.8407;0.52107;0.10267;-3.0934;-3.8895;7.1064;2.9805;-0.21446;-1.2596;-2.1226;-4.1795;-5.354;3.7279;-2.9113;5.8055;17.594;-3.7622;5.1389;-3.5998;-2.7731;-5.1798;-3.6457;0.55801;-2.2993;-3.8012;-0.53885;0.41102;7.2586;5.1816;1.4476;-0.7385;-0.84212;0.90491;0.35179;-0.47333;3.708;-0.28551;-1.1577;-0.82715;-0.7929;-1.0111;-0.51106;2.0318;-1.2853;-0.71507;-0.68942;1.3334;1.7494;-1.0261;-1.1065;0.64662;0.31908;-0.19108;-0.28302;1.2337;-0.84004;-0.50462;0.15211;-0.40877;-0.89494;-1.1989
42;1.704;-0.42962;-4.9854;-3.3624;-0.37368;0.57518;-2.9569;-6.6246;-3.7579;-3.4422;6.2669;-2.2616;-1.9566;-0.5617;-6.833;5.1366;4.0575;-2.2223;0.057028;-0.16979;-1.3733;3.7685;-5.0856;3.7651;-3.8244;-5.0023;-3.2778;-2.9882;-2.3562;-2.1696;-0.26577;-4.6187;4.7464;2.5172;0.45641;-2.0432;-0.62384;-0.46495;2.3935;-0.85286;-0.017965;3.2758;-1.1959;-0.63893;-0.095341;-0.53645;-0.18207;-0.46891;-1.3849;-0.83377;-0.87453;-1.214;-0.61264;-0.99719;-0.95958;0.20322;-1.0688;-0.91468;0.46903;-1.0064;-0.85264;-0.37005;0.34597;2.6088;-0.64641;5.8008;-0.53805;-0.8954;0.077178;-0.81128;0.88983;-0.16111
43;-0.22405;-1.0312;2.7935;-3.6676;-1.6587;3.7169;5.1862;-0.55872;-5.8166;6.9803;-1.8206;-2.827;-4.141;1.2933;2.8781;5.1467;-1.7545;2.2466;8.1244;-0.24123;-3.3701;-0.3915;-2.9577;-2.8707;0.10015;-2.3233;-0.56625;-1.1232;-1.296;-0.97272;-6.7623;-1.797;-6.1648;3.8697;-2.6997;-3.8866;-0.61686;-0.75456;-0.34781;-0.84324;0.14572;-0.43754;-0.51725;2.7787;0.12774;-0.88419;-0.60604;-0.85681;-1.0922;-0.82633;0.052513;-0.61433;-0.92762;-1.2103;-1.3134;-0.44311;0.69661;-0.85016;2.2708;-0.95155;-1.1974;0.53432;1.6718;-0.17326;-0.29753;1.2378;1.2409;-0.65714;-0.47568;-0.84102;-0.81277;-1.0266
44;8.0886;-2.1025;1.4513;-2.771;-0.68146;-4.0297;2.4813;-0.81329;-0.73752;-3.9117;2.2305;1.9526;2.7788;-1.33;-5.1902;3.9794;-0.99678;4.0141;-4.5372;-4.5025;2.519;3.4455;-0.75117;11.209;-4.6009;-1.7794;-2.424;-3.7379;-4.0561;-0.15371;6.0966;-3.5326;1.0773;1.3951;-6.2525;-2.3905;-0.75306;-0.58513;-0.22593;-1.0324;1.9782;-0.30155;-0.99627;-0.034984;-0.65721;-0.9182;-0.4295;-0.040885;-1.3556;1.4154;-0.57671;-0.38922;-0.78331;-1.183;2.2677;1.4854;-0.9685;2.8674;2.8757;-1.0246;4.5726;-0.18619;-0.6632;-0.87591;-0.59852;-0.98549;-0.66277;-0.11192;0.6054;-0.50528;0.46808;-0.1122
45;-4.5672;-4.5852;11.358;0.043093;-4.4239;-5.8995;-1.9983;-2.1466;-1.6938;7.562;3.5264;-3.4626;1.4845;7.9217;0.21282;1.6339;-2.8676;6.0986;1.5362;-1.1426;5.304;5.1393;-2.006;-2.1099;-4.9523;-0.65416;1.5115;-2.9598;0.95317;-6.4878;7.3233;-5.232;1.076;5.955;-6.172;9.4632;3.1269;-0.71358;-0.92446;-0.76394;1.9189;-0.69545;-1.1809;-1.0242;-0.1707;-0.36446;-0.63587;-0.86037;3.575;1.2217;-0.67354;-1.2142;-0.95753;0.95035;-1.3408;-0.62498;-1.0945;4.4597;-0.48259;-0.084963;-1.3252;-0.90101;-0.66133;-0.91385;-0.63828;-0.40672;-0.44463;-0.8382;1.7511;-0.51746;1.3482;1.3153
46;-2.3553;1.4092;-2.1755;10.767;-0.71247;-2.5788;2.0985;0.11626;-0.4084;6.9037;-1.7524;1.5614;-5.5019;-4.2723;-4.5633;-5.9289;0.69194;-5.9277;8.02;0.72174;-5.2067;0.092705;-0.62045;-1.3831;-3.8523;1.9434;-1.9776;-3.2838;3.2222;-0.51361;-3.7233;3.21;7.5228;-1.2899;-5.277;-2.8405;-0.046877;-0.77988;1.7393;-0.65365;-0.87047;0.27518;-0.13657;-0.61129;-0.32871;1.1494;-0.31341;-0.81089;-1.4119;-0.83879;-0.78691;-1.2294;3.0381;-0.14828;1.5206;-0.17445;-0.74723;2.5581;-0.67396;-0.82432;8.4494;-0.9623;-0.71231;0.43573;-0.62759;0.40442;-0.60323;-0.95929;-0.84761;1.8597;1.786;-1.2013
47;2.6391;7.2365;5.8309;-1.102;-2.023;-3.6029;10.093;5.2831;0.1604;4.6212;1.6965;-0.22228;-3.2246;-0.72034;1.3705;4.5413;-3.8302;-4.438;1.3574;-3.7498;-2.1658;0.75157;11.807;-2.2046;3.6699;-3.4584;2.7787;-3.6535;-4.8796;-0.21854;16.917;-5.7505;0.63201;14.343;-1.6756;-4.7758;-0.74307;-0.35241;1.2507;-0.33027;-0.53951;-0.74869;-1.1915;-0.97936;-0.077253;-1.1724;-0.095432;0.19417;-1.3019;-0.84467;3.1141;3.699;0.4191;1.0994;3.3956;-0.21615;-0.22301;-0.19224;-0.67847;-0.55725;0.54336;1.394;-0.46322;3.0415;-0.61282;-0.89309;1.383;0.088686;-0.84695;0.36804;-0.66373;0.638
48;3.439;11.094;-0.5036;-4.9809;-7.1105;1.3526;-5.6792;-6.2548;-0.8125;-0.48089;-3.8716;5.3524;-1.6815;-2.6108;2.8333;-0.07505;-0.90357;-1.4957;-1.6699;-2.3202;9.1862;-4.0707;-4.1743;5.5703;-0.22566;-1.0031;-2.0112;-2.1903;2.0373;4.1063;-1.6412;3.2531;4.0684;-0.07387;7.7733;-6.7352;-0.43108;-0.83583;-0.99989;-0.28859;-0.64615;-0.55318;0.45591;-1.0149;-0.6165;-0.26309;-0.11537;0.17599;-1.0662;-0.82387;-0.55485;-0.2119;1.84;0.42414;-0.99131;0.10108;-0.70935;-0.9795;-0.67059;0.79054;-1.1492;-1.104;0.14231;-0.011703;-0.32937;-0.6863;-0.8399;-0.92785;0.95482;0.92681;2.2145;-0.47843
49;-5.3533;3.612;-4.7931;0.28806;1.5411;5.5903;1.555;4.221;4.628;-3.3835;3.7975;-0.48229;-0.39953;-2.5747;-1.5077;-1.0849;-2.7377;-2.7205;-2.8525;11.704;-5.7754;4.1428;-0.16447;-1.2014;0.68355;-3.5194;-2.8812;-0.48312;0.60703;-2.1786;-5.1824;1.9686;-4.7954;2.8716;-3.4327;5.4461;-0.56189;-0.89405;-1.0695;1.8507;-0.90708;-0.33328;8.7555;-0.78384;-0.80236;0.071796;-0.52044;0.22809;-1.3531;-0.84268;-0.59965;1.0233;1.3967;-0.061044;0.011686;1.0498;2.6347;-0.15473;-0.61482;-0.47368;-0.79491;-0.46146;-0.33366;-0.43711;-0.693;-0.63124;-0.95178;0.018343;-0.8468;0.69326;0.12735;-0.51708
50;-3.4053;3.0017;1.5902;-0.51862;-3.469;-2.187;-1.9072;-3.364;-0.42431;-1.8258;3.9384;-0.94714;0.33727;-3.7572;-1.361;-4.907;5.0125;-0.4693;-2.953;-0.0578;-1.127;-0.83788;-4.6768;-1.5988;-5.0269;3.2923;-3.8655;-1.3431;1.1108;-1.8731;-5.2575;11.268;-1.4339;-1.7104;-3.7236;1.9672;-0.71636;-0.59564;0.34698;0.32148;4.2816;-0.77159;0.56003;1.9909;-0.18112;-0.76248;0.2171;-0.68324;0.24681;-0.39541;-0.73935;1.0931;-0.40651;-0.56137;3.2606;-0.60047;-1.127;-0.98439;0.3413;1.0668;-1.1627;0.41912;-0.096221;1.6828;0.30176;0.12744;-0.52718;0.16666;-0.8962;1.0464;-0.6699;-0.070172
PARTICULAR
GAIN
9
