TITLE;96 random variables, variable gain
FOCUS ON;
EXPERIMENT TYPE;SingleAmongManyVaryingGain
PARAMETERS
normalization;Standard
pcaRecompositionThreshold;0.95
component;1;2;3;4;5;6;7;8;9;10;11;12;13;14;15;16;17;18;19;20;21;22;23;24;25;26;27;28;29;30;31;32;33;34;35;36;37;38;39;40;41;42;43;44;45;46;47;48;49
type;RandomPearson;RandomPearson;RandomPearson;RandomPearson;RandomPearson;RandomPearson;RandomPearson;RandomPearson;RandomPearson;RandomPearson;RandomPearson;RandomPearson;RandomPearson;RandomPearson;RandomPearson;RandomPearson;RandomPearson;RandomPearson;RandomPearson;RandomPearson;RandomPearson;RandomPearson;RandomPearson;RandomPearson;RandomPearson;RandomPearson;RandomPearson;RandomPearson;RandomPearson;RandomPearson;RandomPearson;RandomPearson;RandomPearson;RandomPearson;RandomPearson;RandomPearson;RandomPearson;RandomPearson;RandomPearson;RandomPearson;RandomPearson;RandomPearson;RandomPearson;RandomPearson;RandomPearson;RandomPearson;RandomPearson;RandomPearson;RandomPearson
p1;3;3;3;3;3;3;3;3;3;3;3;3;3;3;3;3;3;3;3;3;3;3;3;3;3;3;3;3;3;3;3;3;3;3;3;3;3;3;3;3;3;3;3;3;3;3;3;3;1
p2;0;0;0;0;0;0;0;0;0;0;0;0;0;0;0;0;0;0;0;0;0;0;0;0;0;0;0;0;0;0;0;0;0;0;0;0;0;0;0;0;0;0;0;0;0;0;0;0;0
RESULTS
COMMON
distance
which;Manhattan(Average);Manhattan(GeometricAverage);Manhattan(Median);Manhattan(Minimum);Manhattan(MinimumTimesMedian);Manhattan(Summation);Euclidean(Average);Euclidean(GeometricAverage);Euclidean(Median);Euclidean(Minimum);Euclidean(MinimumTimesMedian);Euclidean(Summation)
plain;1.0081;1.0069;1.0096;0.8256;0.8335;1234.9;0.14516;0.14449;0.14593;0.096148;0.014031;177.82
PCA;1.0082;1.007;1.0096;0.8246;0.8325;1235;0.14519;0.14452;0.14585;0.095744;0.013964;177.85
DE00;1.0382;1.0375;1.0356;0.89347;0.91932;1273.8;0.24477;0.23997;0.25644;0.13445;0.030317;301.19
DE01;1.0365;1.0395;1.0298;0.90028;0.91082;1273.4;0.25009;0.23157;0.25934;0.14438;0.030282;304.24
DE02;1.0395;1.0392;1.0389;0.89993;0.91452;1277.4;0.25111;0.25282;0.23353;0.14323;0.029944;292.71
PCA
weights;0.010494;0.0099653;0.010481;0.010401;0.01076;0.010434;0.010533;0.010713;0.010344;0.010313;0.010329;0.010389;0.01058;0.010305;0.010312;0.0093484;0.010423;0.010291;0.010229;0.010351;0.010315;0.01074;0.010456;0.010182;0.010612;0.010556;0.010487;0.010726;0.010524;0.010599;0.010625;0.010438;0.010699;0.010637;0.010672;0.010338;0.010569;0.010469;0.01049;0.010104;0.010499;0.010294;0.010517;0.010556;0.010471;0.010043;0.010229;0.010523;0.010011;0.010074;0.010503;0.010159;0.010421;0.010283;0.010089;0.01035;0.010401;0.010476;0.010684;0.010578;0.010319;0.010311;0.010686;0.010143;0.010482;0.010575;0.010576;0.010348;0.010381;0.010552;0.010475;0.010268;0.010533;0.010484;0.010698;0.010357;0.010538;0.010236;0.010012;0.010521;0.010507;0.010354;0.010317;0.010144;0.010279;0.010742;0.010153;0.010338;0.010571;0.010521;0.010466;0.010428;0.010662;0.010641;0.010673;0.010313
differential evolutions parameters, by distance type
i;dDE / dP;distance;type;parentWeight;crossover;population;iterations;distance;weights ->
1;1.0299;1.0382;2;0.85;0.5;50;50;Manhattan(Average);0.019786;0.014374;0.022148;0.017435;0.022303;0.026108;0.023426;0.0050443;0.018848;0.026907;0.0053278;0.00036542;0.0070765;0.00035085;0.018061;0.025953;0.016643;0.0096177;0.027476;0.016573;0.022096;0.0045646;0.0031357;0.025224;0.028059;0.030423;0.030326;0.028741;0.0005011;0.02938;0.0027597;0.026281;0.028802;0.024366;0.0099822;0.0040303;0.022799;0.01921;0.029277;0.030756;0.0090137;0.0087485;0.013084;0.007781;0.020169;0.0011252;0.024629;0.025902;0.00080234;0.010361;0.0033518;0.0051542;0.014495;0.0034878;0.010218;0.0018138;0.00064085;0.00031241;0.0043573;0.00011935;0.0022769;0.002361;0.0018082;0.00057524;0.0050368;0.0024545;0.0047778;0.0068535;0.00030506;0.0143;0.00099557;0.001564;0.0024767;0.0013281;0.0084998;0.00028737;0.0018016;0.0070298;9.1399E-05;0.00016838;0.002029;0.00032522;0.0034644;0.00074767;0.00058125;0.0037988;0.0045998;0.0018586;0.0020902;0.002944;0.0011305;0.0017249;0.01597;0.0018067;0.00090119;0.00093392
2;1.0281;1.0365;2;0.85;0.5;50;50;Manhattan(Average);0.020443;0.021344;0.022903;0.022623;0.02013;0.020798;0.024468;0.014816;0.021033;0.016678;0.0075412;0.00027456;0.01718;0.0029482;0.023304;0.022405;0.024097;0.011252;0.0080281;0.014157;0.0019277;0.021612;0.02174;0.01889;0.024054;0.022559;0.023195;0.015984;0.0022384;0.02437;0.0090832;0.020907;0.022435;0.024037;0.021772;0.013568;0.013747;0.0099948;0.0051835;0.023982;0.018765;0.023971;0.0097279;0.021923;0.012463;0.00010252;0.023658;0.02244;0.0064725;0.0020916;0.00024003;0.01904;3.2398E-05;0.00080817;0.010458;0.0042192;0.0053407;0.0085427;0.004253;0.00054319;0.00073313;0.0017579;0.0026208;0.000922;0.0016043;6.2189E-05;0.0050411;0.0072816;0.010321;0.0054365;0.005347;8.4472E-05;0.010099;3.622E-05;0.00099054;0.0025116;0.00038441;0.00076861;0.0002947;0.017554;0.00025502;0.00013682;0.0018628;6.8633E-05;0.00030459;0.00095522;0.0022916;0.0010055;0.0042445;0.016804;0.00022275;0.0024051;0.0042558;0.011064;0.0052001;0.0022798
3;1.0312;1.0395;2;0.85;0.5;50;50;Manhattan(Average);0.02544;0.0018533;0.024661;0.027025;0.026736;0.02828;0.0067414;0.0032644;0.024276;0.024574;0.025415;0.0010063;0.026179;0.019291;0.027211;0.028446;0.026279;0.0075367;0.021604;0.018466;0.0077558;0.016239;0.0018591;0.026399;0.022873;0.021653;0.024551;0.027775;0.002027;0.027954;0.011406;0.017667;0.02697;0.017736;0.015606;0.021004;0.0269;0.015036;0.0025837;0.0089168;0.028229;0.02823;0.011256;0.00136;0.0047365;0.0010789;0.028043;0.024522;0.0037316;0.0002784;0.00024678;0.0029335;0.005453;0.0012279;0.0021225;0.0024507;0.0016754;0.014802;0.015381;0.0010268;0.00029812;0.00046287;0.0036894;0.0035425;0.0043173;0.0004441;0.0018143;0.010409;0.0019351;0.0013619;0.0030397;2.4906E-05;0.00095179;0.00015145;0.0072012;0.003164;0.0049935;0.0016469;0.0023829;0.0009335;0.00020364;0.0009124;0.0028203;0.0040951;6.1733E-05;1.8218E-05;0.0012471;0.0018946;0.002202;0.00023487;0.0012118;0.0068475;3.3419E-05;0.0026128;0.00021013;0.0066488
4;1.0304;1.0375;2;0.85;0.5;50;50;Manhattan(GeometricAverage);0.024185;0.026957;0.011896;0.019563;0.020005;0.025152;0.028176;0.0098506;0.01294;0.027977;0.0099888;0.00033808;0.028374;0.008001;0.025354;0.027963;0.028589;0.00377;0.028692;0.028649;0.0020466;0.021478;0.00088785;0.0053124;0.023821;0.020965;0.028349;0.027554;0.014125;0.020655;0.0012117;0.023556;0.025663;0.026319;0.026987;0.013584;0.0055331;0.027363;0.0013058;0.0050516;0.0081753;0.022104;0.0078751;0.024315;0.0037736;0.00074887;0.025382;0.024054;0.0034882;0.0016471;0.0086664;0.027952;0.0051008;5.3937E-05;0.0018265;0.00036072;0.0022482;0.00043291;0.021717;0.00011183;0.0021763;0.0015063;0.00018981;0.0027864;0.0024222;0.00087473;1.2992E-06;0.011803;0.0035504;0.0021269;0.0029454;0.0007758;0.00024034;0.00051376;0.0053263;0.0016918;0.0051073;0.00092107;0.00064263;0.0009604;0.00099496;0.0038635;0.00055095;0.0016053;0.0045376;0.00084537;0.0030218;0.00057949;0.0094983;0.015817;0.00048064;0.00072681;0.00020555;0.0013532;0.00049711;0.00063736
5;1.0325;1.0395;2;0.85;0.5;50;50;Manhattan(GeometricAverage);0.024579;0.025862;0.00070007;0.0318;0.028524;0.031742;0.023295;0.0069004;0.02983;0.022277;0.011671;0.0010263;0.011573;0.010791;0.031622;0.029616;0.019106;0.022772;0.022356;0.021409;0.013642;0.015809;0.0045019;0.01185;0.027359;0.030798;0.030933;0.030221;0.0038356;0.025965;0.0016134;0.030877;0.030667;0.031;0.00097548;0.0041397;0.01929;0.025499;0.0029539;0.0090447;0.0022625;0.021583;0.0078281;0.0043805;0.028229;0.00025528;0.030577;0.022858;0.0010755;0.0032789;0.0012286;0.0023709;0.00046257;0.00030773;0.001072;0.0095597;0.00078864;0.00015461;0.013574;0.00031069;0.0048117;0.0015497;0.0007006;0.0015991;0.0022403;0.0015346;0.0021979;0.0025688;0.00023983;0.0026597;0.0027447;0.00042907;0.0019768;0.0031944;9.6024E-05;0.010084;0.00037681;0.0018843;0.00039919;0.0013209;0.0029155;0.0014166;0.0029167;0.00020929;0.0018423;0.00057056;0.0010157;0.0018544;0.0010894;0.0034408;0.0020192;0.0013244;0.0024028;0.01983;0.001524;0.0024382
6;1.0321;1.0392;2;0.85;0.5;50;50;Manhattan(GeometricAverage);0.020796;0.028958;0.013642;0.025858;0.016012;0.02994;0.025741;0.014512;0.017436;0.023509;0.0051183;0.0027776;0.019174;0.0083315;0.030282;0.029634;0.025253;0.022064;0.029375;0.0043815;6.9832E-06;0.0090011;0.0053089;0.031714;0.031518;0.030711;0.028396;0.020517;0.0018629;0.021123;0.011754;0.026955;0.031889;0.025373;0.011338;0.012081;0.030306;0.019073;0.00046838;4.6742E-05;0.014231;0.025092;0.0051443;0.027975;0.015123;0.00067317;0.01267;0.026863;0.0043644;0.00086129;0.00048698;0.006095;0.0011649;0.0028073;0.00058992;0.0050609;0.00096212;0.0048416;0.018966;7.0366E-05;0.0024333;2.0818E-06;0.00014546;0.0011879;0.00152;0.0015443;0.001827;0.0050398;0.0070615;0.00024463;2.8365E-05;1.6495E-05;0.0032634;9.6319E-05;0.0034545;0.00076252;0.001086;0.0011573;0.0021034;0.0088514;0.0016708;0.0038387;0.00018794;0.00048951;0.0016817;0.0029106;0.00052377;0.00066983;0.0059193;0.0028976;0.001007;0.0095158;0.003306;0.0065811;2.055E-05;0.00067163
7;1.0822;0.89347;2;0.85;0.5;50;50;Manhattan(Minimum);0.017272;0.011397;0.017315;0.010308;0.0073343;0.018082;0.019317;0.014141;0.011375;0.011833;0.013778;0.0059333;0.0058891;0.012899;0.01574;0.011168;0.0090487;0.016947;0.0065705;0.016722;0.018104;0.0047372;0.0028865;0.014183;0.011567;0.010645;0.011522;0.00037635;0.015295;0.012869;0.0066061;0.016875;0.0026313;0.0087014;0.019989;0.018967;0.0076063;0.010487;0.017126;0.0072455;0.017974;0.0064783;0.0088488;0.020374;0.0032852;0.018813;0.011458;0.010483;0.015678;0.012429;0.017242;0.016678;0.011517;0.0013876;0.0080767;0.0090243;0.012046;0.017263;0.018038;0.0059475;0.019666;0.0023818;0.01606;0.015904;0.011261;0.006902;0.012196;0.014649;0.0038276;0.00064898;0.013421;0.00099253;0.0051084;0.0042193;0.003863;0.0021042;0.018888;0.0054527;0.0029681;0.0017761;0.001313;0.0024505;0.014783;0.0070614;0.0093123;0.0074582;0.0047438;0.014507;0.017655;0.0093926;0.0039031;0.0056083;0.0058183;0.010914;0.0080655;0.0001915
8;1.0905;0.90028;2;0.85;0.5;50;50;Manhattan(Minimum);0.00086397;0.012329;0.0090656;0.015119;0.0029729;0.013293;0.012419;0.02163;0.017597;0.015361;0.021398;0.0027499;0.0012955;0.011423;0.020705;0.010078;0.0029464;0.013077;0.012303;0.0095302;0.013115;0.0011755;0.014957;0.0075029;0.018767;0.02101;0.022198;0.015937;0.014847;0.018824;0.0085534;0.017334;0.0015701;0.0088044;0.016457;0.017871;0.0045061;0.019159;0.017101;0.010033;0.021857;0.018245;0.0086145;0.016605;0.012432;0.020739;0.016255;0.015863;0.0044202;0.011073;0.017913;0.020931;0.0088226;0.00084571;0.0058168;0.012537;0.0069608;0.01875;0.013062;0.0003302;0.0093154;0.0069735;0.011604;0.0099608;0.0094213;0.0023706;0.0067588;0.003385;0.019959;0.011832;0.003266;0.00074903;0.0012623;0.0020453;0.0085331;0.0034501;0.01327;0.0011058;0.0056992;0.0032944;0.0042274;0.0071282;0.019058;0.0020131;0.018701;0.013224;0.0045316;0.0029197;0.0039045;0.0054139;0.0010093;0.015531;0.003616;0.0070795;0.0018149;0.0076206
9;1.09;0.89993;2;0.85;0.5;50;50;Manhattan(Minimum);0.010445;0.016973;0.016259;0.020102;0.0042862;0.0061189;0.019888;0.020924;0.021376;0.0044542;0.02093;0.0057509;0.0036815;0.017326;0.013463;0.017693;0.0073054;0.010684;0.0055815;0.0091525;0.019492;0.010629;0.011359;0.0048232;0.021446;0.018669;0.018434;0.0051499;0.0031025;0.018597;0.0013715;0.0062104;0.00017263;0.0024638;0.020204;0.018962;0.017224;0.0090373;0.015816;0.0048563;0.00885;0.01945;0.017564;0.018681;0.0036781;0.013681;0.0076867;0.017446;0.011949;0.01048;0.021139;0.020689;0.013166;0.0011357;0.0022026;0.013917;0.0088774;0.010909;0.013141;0.0090523;0.021286;0.0023574;0.013004;0.020428;0.0085827;0.0035615;0.00077101;0.007244;0.013949;0.003084;0.020376;0.0043055;0.0066873;0.0073362;0.0032526;0.0006067;0.0050351;0.013081;0.001738;0.0088173;0.0010369;0.0013709;0.020704;0.0013152;0.00053565;0.0036102;0.00083249;0.0011062;0.015825;0.018568;0.0088147;0.014949;0.0024758;0.0053423;0.0049657;0.0089363
10;1.0258;1.0356;2;0.85;0.5;50;50;Manhattan(Median);0.0043797;0.014807;0.021953;0.012206;0.020042;0.021334;0.021927;0.00063247;0.0052175;0.0080105;0.022894;0.0026447;0.017387;0.010987;0.023224;0.022015;0.019479;0.012158;0.0067494;0.013538;0.0002988;0.01085;0.00249;0.022191;0.016211;0.022925;0.021851;0.018575;0.0074345;0.015116;0.0099922;0.018972;0.020087;0.022052;0.020452;0.015137;0.0085858;0.0083967;0.001027;0.0020594;0.020271;0.012953;0.022162;0.019345;0.01725;0.00035415;0.013154;0.016554;0.0022395;5.097E-05;0.018408;0.0087892;0.00083293;7.2932E-05;0.0067403;0.013349;0.0010493;0.01416;0.021073;0.00017941;0.013819;2.3116E-05;5.6829E-06;0.0020957;0.013631;0.021247;0.0025678;0.012445;0.01243;0.015133;0.00050213;0.00028322;0.00067994;5.6086E-05;0.017905;0.0028282;0.00022594;0.013569;0.0017271;0.019152;0.0051082;0.0013644;0.018913;0.003098;0.00095323;0.00018207;0.0006556;0.0036663;0.013047;0.0036709;0.0050408;0.0014442;0.010457;0.0066626;0.0036917;0.016443
11;1.0291;1.0389;2;0.85;0.5;50;50;Manhattan(Median);0.023131;0.0044882;0.021722;0.01795;0.011296;0.00010687;0.01636;0.019981;0.021243;0.02522;0.021621;0.0028278;0.019506;0.004216;0.020627;0.025468;0.0093378;0.020308;0.022619;0.018475;0.016847;0.00057124;0.019648;0.021663;0.019098;0.023891;0.020684;0.023438;0.0038923;0.01759;0.0087581;0.024242;0.025496;0.011359;0.024985;0.0081299;0.012752;0.0064486;0.0017344;0.010355;0.020894;0.024335;0.0067719;0.006163;0.0092401;0.0025957;0.011177;0.023601;0.00075639;0.001053;0.023035;0.016875;0.0015665;0.00090845;0.0023098;0.00045971;0.0020354;0.0098574;0.023628;0.0010127;0.0017336;0.00034623;0.00035062;0.0011238;0.00032471;0.0013529;0.0028676;0.019855;0.0034924;0.0036981;0.0035309;0.0019265;0.0080831;0.014217;0.018221;0.017681;0.0016292;0.00054213;0.0015138;0.021315;2.1224E-05;0.0011939;0.0019079;0.00018305;0.0022593;0.00037095;0.00051826;0.00057732;0.0022339;0.02559;0.0019988;0.0024019;0.003515;0.016053;0.00089051;0.00012174
12;1.02;1.0298;2;0.85;0.5;50;50;Manhattan(Median);0.020613;0.019189;0.019247;0.0081089;0.0039944;0.015217;0.014305;0.0067294;0.020784;0.008208;0.01244;0.0054007;0.014879;0.015894;0.0017146;0.023076;0.0098586;0.014704;0.010827;0.020494;0.022675;0.015978;0.017502;0.018811;0.015905;0.017316;0.01617;0.0019756;0.005233;0.021817;0.0045697;0.017853;0.02206;0.006996;0.02317;0.010417;0.022692;0.015247;0.015363;0.0045197;0.018546;0.011041;0.012571;0.020872;0.0053197;0.00067708;0.012793;0.016878;0.0068517;0.005664;0.005572;0.0015004;0.013662;0.0032152;0.0095595;0.0049037;0.0043904;0.00049544;0.016793;0.0022391;0.0026749;0.015703;0.0048816;0.002434;0.0049976;0.015142;0.0017003;0.016696;0.0041508;0.0074501;0.0016328;0.002227;0.00077943;0.0099362;0.010386;0.010407;0.0056088;0.013985;0.0025909;0.0021338;0.00056966;0.0077144;0.013814;1.5165E-05;0.013648;0.0012796;0.013657;0.010979;0.0011432;0.00081193;0.0036812;0.016863;0.016848;0.020345;0.0021798;0.0054361
13;1.103;0.91932;2;0.85;0.5;50;50;Manhattan(MinimumTimesMedian);0.016503;0.01578;0.0068009;0.018494;0.0030376;0.01779;0.019321;0.019889;0.019203;0.0098942;0.013206;0.0074706;0.0027842;0.0062219;0.021192;0.015158;0.016283;0.012811;0.013223;0.0087538;0.01285;0.0095321;0.012608;0.012789;0.021082;0.016319;0.01606;0.0043946;0.015031;0.0022961;0.0076293;0.014703;0.014908;0.016506;0.020455;0.014403;0.0097772;0.013947;0.01461;0.016647;0.013245;0.0045113;0.0044812;0.013214;0.012256;0.013965;0.0083775;0.0058479;0.0053185;0.0099894;0.0093382;0.013098;0.0092831;0.0048707;0.011869;0.0063196;0.010442;0.01658;0.014135;0.0017545;0.019563;0.0012003;0.005137;0.019332;0.0061864;0.0070464;0.00089326;0.010001;0.0098742;0.0039235;0.01164;0.00043039;0.0018353;0.0025596;0.0090923;0.0034993;0.004767;0.0039709;0.0023026;0.0066769;0.0024185;0.0031589;0.015381;0.0037401;0.0063021;0.015524;0.010722;0.0067591;0.013194;0.016796;0.0041722;0.020639;0.0056518;0.0084896;0.013288;0.0045744
14;1.0928;0.91082;2;0.85;0.5;50;50;Manhattan(MinimumTimesMedian);0.012781;0.018981;0.004663;0.015741;0.0062662;0.017568;0.018372;0.0092512;0.0044609;0.0020293;0.013998;0.0020241;0.0074864;0.014631;0.020683;0.018231;0.0066092;0.012666;0.014196;0.016029;0.017797;0.00025865;0.018708;0.02019;0.0040013;0.019645;0.020188;0.020624;0.013699;0.016628;0.0031895;0.019849;0.002637;0.013474;0.019581;0.019178;0.010265;0.0044217;0.019551;0.0029157;0.0084763;0.015799;0.0052873;0.016742;0.011318;0.016901;0.015025;0.019217;0.0015312;0.0068963;0.015756;0.007812;0.013376;0.0027444;0.0030743;0.0017116;0.0079712;0.018266;0.02075;0.0036657;0.014358;0.0048746;0.014226;0.01856;0.018524;0.0027197;0.012422;0.01911;0.00066711;0.0090617;0.0068542;0.00097914;0.0014989;0.0098072;0.001621;0.00016504;0.0041135;0.0026089;0.00096276;0.0022146;0.0020437;0.0042656;0.010574;0.0044028;0.0084506;0.0043746;0.017731;0.013941;0.017744;0.0083751;0.0048757;0.013704;0.00053272;0.0049338;0.021033;0.0018795
15;1.0972;0.91452;2;0.85;0.5;50;50;Manhattan(MinimumTimesMedian);0.013441;0.019796;0.019361;0.0089481;0.014579;0.012113;0.019879;0.013783;0.020728;0.0086573;0.014056;0.0066223;0.00058025;0.005396;0.016186;0.019538;0.0011522;0.018872;0.020037;0.012605;0.020107;0.010772;0.011934;0.0050552;0.016427;0.017476;0.014569;0.0051367;0.016814;0.013657;0.012005;0.0007385;0.012769;0.01395;0.019993;0.014049;0.0030922;0.019673;0.013534;0.020623;0.018432;0.019672;0.0053009;0.020095;0.0095433;0.011284;0.014588;0.019879;0.0004805;0.013504;0.020291;0.017632;0.0061873;0.0027818;0.0036875;0.015868;0.01776;0.018909;0.0055518;0.0037744;0.018284;0.00092471;0.00062809;0.0097862;0.016757;0.002271;0.00032629;0.00016628;0.014101;0.0030694;0.010962;0.0040257;0.00029196;0.0017999;0.0086797;0.013083;0.010614;0.0088155;0.0047871;0.004876;0.00012978;0.0022084;0.020679;0.0018779;0.0037729;0.0031561;0.0041704;0.0043058;0.0090786;0.012298;0.0015226;0.0090206;0.0076135;0.0046356;0.0061981;0.0011571
16;1.0315;1273.8;2;0.85;0.5;50;50;Manhattan(Summation);0.025001;0.026694;0.017436;0.006562;0.017846;0.027664;0.027716;0.0042457;0.028209;0.015667;0.025048;0.001708;0.0024725;0.018773;0.02034;0.025734;0.028438;0.019196;0.014026;0.02086;0.023409;0.022377;0.0023932;0.01719;0.025964;0.028117;0.02466;0.02179;0.0005709;0.021755;0.001491;0.024965;0.024884;0.02634;0.024385;0.001875;0.0095409;0.020563;0.0008419;0.02233;0.028212;0.024168;0.0038088;0.021793;0.015628;0.0039954;0.0058461;0.021601;0.0015997;0.0008451;0.0044498;0.0031964;0.0050663;0.00046482;0.0035504;4.5537E-05;0.00091814;0.00074638;0.022924;0.0010375;0.00093795;0.0018114;0.0033341;0.011239;0.0042128;0.00083925;0.010026;0.0034191;9.0297E-05;0.0015956;0.00049538;0.00051825;0.006;0.0014536;0.00076739;0.0045837;0.00096553;0.00035926;0.00024102;0.0020363;0.0001955;0.0012474;0.0014389;0.00075606;0.0018983;0.00015316;0.02129;0.0014543;6.1671E-05;0.005259;9.7912E-05;0.0032476;0.0012205;0.01695;0.00078618;4.5174E-05
17;1.0312;1273.4;2;0.85;0.5;50;50;Manhattan(Summation);0.01703;0.0033716;0.0084797;0.014401;0.015114;0.025221;0.026447;0.0060636;0.026438;0.026819;0.0025294;0.0030957;0.017024;0.029064;0.027574;0.026118;0.026278;0.0014352;0.02455;0.024696;0.0024212;0.026255;0.010863;0.02107;0.026058;0.019805;0.027009;0.027495;0.00086775;0.018152;0.0031356;0.026028;0.028968;0.026982;0.013926;0.015279;0.004035;0.013034;0.001296;0.022427;0.022135;0.025664;0.028996;0.014151;0.027911;0.0018561;0.0044558;0.019558;7.9708E-05;0.00086161;0.010812;0.0054584;0.00087999;2.0579E-05;0.0014779;0.00058379;0.001007;0.00070566;0.025459;0.00086018;0.011378;0.0021618;0.02522;0.0012478;0.012588;0.0020252;0.0010553;0.015645;0.00093712;0.0032561;0.00246;0.00057361;0.0022271;0.0025693;0.00022899;0.00071683;0.00017628;0.0066584;0.00064891;0.00088565;0.00024229;0.001132;0.0012501;0.00044052;0.0036153;0.0010651;0.0024623;0.00048731;0.0049963;0.00086448;0.0004475;0.0015186;0.0012686;0.0027617;0.0028;0.0021978
18;1.0344;1277.4;2;0.85;0.5;50;50;Manhattan(Summation);0.0049516;0.024004;0.024605;0.016503;0.0071318;0.031332;0.023366;0.0014523;0.032466;0.033914;0.009928;0.0062967;0.013357;0.0075827;0.033277;0.032402;0.029802;0.012697;0.0023996;0.026356;0.022856;0.0058397;0.00023885;0.026541;0.016744;0.033198;0.024341;0.027277;0.0027935;0.027123;0.0076027;0.019212;0.032289;0.023375;0.0070897;0.005718;0.02404;0.023618;0.00072445;0.033055;0.012627;0.032331;0.0031596;0.0032697;0.014483;0.0020884;0.033577;0.028422;1.7463E-05;0.0016059;0.00061448;0.0026085;0.00084208;0.0010264;0.00051048;0.0013232;0.00080497;0.0017803;0.023958;0.00045105;0.0076814;0.0006199;0.00082289;0.00080581;0.031362;0.00043482;0.0008058;0.0014208;8.3124E-05;0.0077582;0.0010644;0.00056901;6.7884E-05;0.0010391;0.0024748;0.0010695;0.0026093;0.00076795;0.0017874;0.00045607;0.00022942;0.00091127;0.0022305;0.0019952;0.00027191;0.0016139;0.00078976;0.00065926;0.0049726;0.0077679;0.0010196;0.0012276;0.0017626;0.0047722;0.0011704;0.001904
19;1.6862;0.24477;2;0.85;0.5;50;50;Euclidean(Average);0.03908;0.0019574;0.0025884;0.0021086;0.0016445;0.040235;0.0014639;0.0054253;0.0074966;0.035589;0.00034037;0.00023017;0.0015816;0.0012345;0.0028556;0.036301;0.0010054;0.00496;0.0094505;0.019666;0.0047212;5.7088E-05;0.0013053;0.040385;0.002729;0.0016904;0.00088293;0.003896;0.040525;0.0064001;0.0022402;0.0010244;0.040031;0.0038461;0.028139;0.0053912;0.00030163;0.04008;0.0012515;0.039552;7.5367E-05;0.0029033;0.00098198;0.0076993;0.0018897;0.031287;0.0058698;0.040422;0.0066936;0.012572;0.00022262;0.0050718;0.040617;0.00065423;0.0010899;0.0012578;0.0032034;0.0012869;0.010149;3.5367E-06;0.0026894;0.0047762;0.03886;0.00028735;0.004843;0.00037458;0.0013217;0.00014007;0.04045;4.3654E-05;9.5041E-05;0.0012729;0.0056581;0.0048309;0.0009103;0.0054052;0.036858;0.00098121;0.00156;0.00017969;0.038868;0.0015563;0.034206;9.9656E-05;0.032988;0.0029638;0.0011467;0.0075005;0.0010904;0.0030384;0.00090172;0.032394;0.016883;0.018249;0.0020406;0.00092567
20;1.7229;0.25009;2;0.85;0.5;50;50;Euclidean(Average);0.0027723;0.0078108;0.00060963;0.0010861;0.026415;0.0022394;0.011758;0.045598;0.00066118;0.00168;0.0035004;0.03817;0.0066623;0.031014;0.00076749;0.00097785;0.0013735;0.0015712;0.00213;0.0021742;0.0020489;0.0027397;0.0018527;0.045147;0.0029491;0.001479;0.0015293;0.008139;0.00053871;0.0061696;0.00059192;0.0047773;0.0026644;0.0008085;0.043477;0.00041615;3.7284E-05;0.0036598;0.0014901;0.0021384;0.0013895;0.04286;0.0006326;0.001971;0.0424;0.0010831;0.0043569;0.0022604;0.015094;0.0094351;0.0020934;0.039784;0.0011539;0.001037;0.00058799;0.00090271;0.00070249;0.0020035;0.00035527;0.0090344;0.010447;0.045061;0.0017308;0.0013339;0.040881;0.0027464;0.0028769;0.042786;0.0021016;0.0025547;0.0046332;0.039835;0.003563;0.0064341;0.046063;0.0026556;0.007702;0.045475;0.0026572;0.0030817;0.004698;0.0017363;0.012751;0.0018877;0.00057336;0.0032324;0.00047691;0.024933;0.017811;0.00096078;0.03989;0.00039829;0.0056031;0.040717;0.00051425;0.028438
21;1.7299;0.25111;2;0.85;0.5;50;50;Euclidean(Average);0.00057783;0.0013999;0.0036626;0.0024686;0.043856;0.045322;0.0042801;0.003798;0.030616;0.0041909;0.045596;0.044339;0.00058554;0.0055335;0.038973;0.0022937;0.00038343;0.00069908;0.003883;0.03664;0.043156;5.9607E-06;0.0010958;0.0023089;0.00012806;0.0060077;0.00021011;0.0098123;0.0033784;0.0011119;0.0053386;0.00060334;0.00012985;0.00074415;0.00098714;0.044258;0.00041341;0.00081448;0.0020028;0.043293;0.0012479;0.011442;0.0070545;0.043125;0.0037739;0.0013779;0.0052263;0.0020382;0.013783;0.038226;0.045639;0.0086412;7.4092E-05;0.0065973;0.001892;0.00023358;0.0021512;0.0021473;0.00098632;0.0023383;0.0089708;0.0053357;0.00050163;0.0030551;0.011005;0.0051872;0.0046932;0.0025568;0.000958;0.044393;0.00041447;0.00045912;0.0060387;0.00112;0.0034008;0.042074;0.0027745;0.0055546;0.00095218;0.0093784;0.001159;0.041684;0.0072148;0.0039179;0.014604;0.0067991;0.0070271;0.0012874;0.00014543;0.0051367;0.0082692;0.044483;0.0032839;0.0056081;0.0052874;0.0023776
22;1.6608;0.23997;2;0.85;0.5;50;50;Euclidean(GeometricAverage);0.031378;0.0061242;0.0025752;0.0063236;0.0039465;0.041888;0.034779;0.0036502;0.0068343;0.0018606;0.00073214;0.00018104;0.0094083;0.00058142;0.001918;0.00051762;0.028454;0.007009;0.0038586;0.042358;0.040719;0.00044331;0.0010379;0.0053737;0.02104;0.0024928;0.03365;0.0002532;0.042281;0.004647;0.035702;0.040178;0.011169;0.0010538;0.0026546;0.0018488;0.00061247;0.0026222;0.0004804;0.0035987;9.1888E-05;0.00082968;0.041798;0.00082381;0.01952;0.0033425;1.7039E-05;0.00075911;0.0022913;3.474E-05;0.0011446;0.00038493;0.041186;0.03181;0.0091959;0.042067;0.0067454;0.002828;0.00016409;0.0025386;0.0048741;0.0038517;0.041095;0.0004833;0.020091;0.00072881;5.741E-05;0.011481;0.0013611;0.039568;0.030319;0.00073248;0.0089847;0.0037848;0.0063345;0.0057834;0.040903;0.003596;0.0011228;0.0031054;0.0034741;0.0077412;0.0010606;0.004699;0.00013419;0.0062741;0.041812;0.003722;0.0011277;0.00030857;0.00022773;0.00031513;0.0017499;0.0041985;0.0007774;0.00031087
23;1.7497;0.25282;2;0.85;0.5;50;50;Euclidean(GeometricAverage);0.0039799;0.0077314;0.0037478;0.00037315;0.0026905;0.0019753;0.01086;0.043439;0.0046873;0.014646;0.0022207;0.0046172;0.0012565;0.0066422;0.010457;0.00019391;0.042921;0.00091212;0.0023823;0.019145;0.00036335;0.041031;0.048508;0.0005262;0.049954;0.0031592;0.00040625;0.00051111;2.0525E-05;0.016789;0.039111;0.0009039;0.046202;0.0041265;0.00076139;0.043388;0.00084274;0.0012488;0.0024036;0.003487;0.0042004;6.8181E-05;0.019771;0.043763;0.00084022;0.0025755;0.0037377;0.034187;0.038039;0.00051131;0.0077069;0.049486;0.0038017;0.0021821;0.00062301;0.046622;0.0058007;0.0041418;0.0014667;0.0025583;0.00088022;0.00096514;0.040437;0.0043508;0.049163;0.0058174;0.00028211;0.0028349;0.00011772;0.00041355;0.0020009;0.0076989;0.00031474;0.00093528;0.0013895;0.0041168;0.0040901;0.0020706;0.00084741;0.0045389;0.0017135;0.0010227;0.0031315;0.014077;0.002087;0.0027218;0.0045604;0.0017067;0.0014643;0.0023024;0.00016624;0.0052755;0.04884;0.0029932;0.00915;0.0048179
24;1.6027;0.23157;2;0.85;0.5;50;50;Euclidean(GeometricAverage);0.0012338;0.00087298;0.0057515;0.002933;0.034363;0.0024044;0.0030888;0.0083372;0.010231;0.0011236;0.00029214;0.00058845;0.0045052;0.00035304;3.8502E-05;0.00032977;0.0013369;0.00075842;0.0084138;0.00089755;0.043887;0.0046095;0.018812;0.00059164;0.0045133;0.00027966;0.016899;0.0035994;0.03502;0.007266;0.042386;0.041566;0.00041361;0.0038288;0.042832;0.0028437;0.00049313;0.0014307;0.022737;0.0087606;0.0015304;0.041285;2.1759E-05;0.00030583;0.033435;0.0065323;0.00020866;0.040188;0.01918;0.0034512;0.003905;0.0014506;0.0012633;0.039124;0.011789;0.038549;0.00015105;0.0004163;0.00725;0.0063169;0.0091476;0.012421;0.0038174;0.009672;0.0021336;0.0037666;0.038161;0.038679;0.01468;0.0021546;0.00228;0.041116;0.00036036;0.043893;0.0033341;0.024605;0.0030809;0.0010696;0.0012994;0.011291;0.0021469;0.0033319;0.00077247;0.0032916;0.013777;0.00034755;0.0026422;0.0020052;0.0031003;0.0022573;0.0056376;0.0026146;0.0049308;0.031382;0.0015587;0.0062683
25;1.3984;0.13445;2;0.85;0.5;50;50;Euclidean(Minimum);0.0033561;0.020545;0.025746;0.02525;0.0028173;0.0015869;0.013777;0.019607;0.022281;0.001415;0.012352;0.0045779;0.02059;0.009901;0.020641;0.0024415;0.0070435;0.013696;0.0050147;0.00044479;0.024415;0.0020801;0.0051738;0.0034274;0.023211;0.00049859;0.00092892;0.0056269;0.014027;9.9476E-05;0.0049374;0.0093174;0.0060782;0.026016;0.0025415;0.015423;0.00077978;0.0019974;0.0070644;0.0015611;0.0091384;0.0076879;0.025069;0.010819;0.0024471;0.010474;0.006348;0.0073177;0.00022315;0.018098;0.01298;0.025575;0.0068407;0.014239;0.00042788;0.0029614;0.01848;0.0011642;0.016227;0.0078012;0.01628;0.013089;0.0033559;0.0013675;0.025317;0.00031466;0.0018537;0.024738;0.012791;0.013437;0.011104;0.01158;0.011564;0.022389;4.135E-06;0.00070313;0.010068;0.0018501;0.00089067;0.02448;0.0030555;0.0035298;0.020099;0.015486;0.0025773;0.0056007;4.487E-05;0.022709;0.025077;0.022297;0.002706;0.012279;0.0051045;0.021841;0.014805;0.023005
26;1.5016;0.14438;2;0.85;0.5;50;50;Euclidean(Minimum);0.020774;0.026381;0.00076972;0.0013464;0.0054301;0.02563;0.025219;0.0012373;0.0089427;0.0013051;0.0032741;0.021385;0.011696;0.023576;0.020876;0.00052192;0.0036533;0.0055343;0.0016792;0.0045264;0.022452;0.026528;0.00048883;0.00033691;0.021372;0.0042742;0.017755;0.024341;0.00049498;0.0066892;0.0044354;0.027;0.026838;0.0002058;0.0096473;0.026215;0.0041931;0.0029289;0.0030079;0.0021832;0.0047856;0.02446;0.00067262;0.01087;0.0011206;0.0068;0.026909;0.00026859;0.0035486;0.026753;0.018625;0.0083182;0.0044619;0.0020505;0.0085452;0.00083367;0.0026732;0.02337;0.024857;0.01842;0.018981;0.021672;0.026647;0.025135;0.0043279;0.0014599;0.0020464;0.00083107;0.02707;0.00083735;0.0052308;0.011931;0.00054432;0.0025853;0.0008881;0.0037287;0.0036109;0.010252;9.2409E-05;0.0019036;0.00072664;0.02121;0.018208;0.014393;0.0042106;0.0084145;0.0054341;0.018745;0.02343;0.023981;0.0018845;0.00070219;0.017092;0.0014606;0.0062717;0.00057271
27;1.4897;0.14323;2;0.85;0.5;50;50;Euclidean(Minimum);0.020493;0.019263;0.025317;0.0012528;0.00086676;0.026575;0.0054322;0.021507;0.020877;0.0035696;0.0012945;0.022152;0.0056751;0.021897;0.026662;0.00024674;0.0025181;0.024616;0.0011772;0.019401;0.02429;0.023993;0.00012765;0.019042;0.026965;0.0026991;0.00089303;0.0015987;0.0016609;0.026664;0.00097837;0.0072679;0.021112;0.0039621;0.022317;0.02721;0.0020668;0.0072458;0.016226;0.023357;0.0033201;0.017175;0.018889;0.0020318;0.014363;0.023791;0.0012396;0.013912;0.0014711;0.020159;0.023194;0.0024494;0.014424;0.0008089;0.027188;5.1233E-06;0.013429;0.01972;0.0047433;0.0032309;0.025742;0.00023629;0.00050666;0.025424;0.00076576;0.0051937;0.0028194;0.00074175;0.00011022;0.0013328;0.0035496;0.0001183;0.0026689;0.00053924;0.0031193;0.001115;0.013744;0.0051228;0.020441;0.0014868;0.0034686;0.016522;0.0035748;0.0012139;0.026301;0.0036961;0.0046642;0.00017877;0.015493;0.015096;0.0026089;0.004661;0.0029238;0.018218;0.0024396;0.0081506
28;1.7572;0.25644;2;0.85;0.5;50;50;Euclidean(Median);0.00055786;0.043347;0.04061;0.00066594;0.0055897;0.0002527;0.0012338;0.0010154;0.00086403;0.00031336;0.010097;0.00057312;0.0031141;0.00065755;0.003081;0.00045787;0.0013705;0.005122;0.022071;0.0007339;6.6123E-05;0.047686;0.0082461;0.0053324;0.041513;0.045274;0.047118;0.003058;0.002229;0.0014483;0.0003083;0.0035814;0.0010433;0.0051729;0.0087539;0.0021994;0.0063936;0.0053775;0.046621;0.0022445;0.0077546;0.00071927;0.00024244;0.038015;0.0030695;0.0040168;0.0041289;0.0010624;0.00096692;0.048014;0.0020735;0.0055525;0.0063599;0.0099146;0.040531;0.0023035;0.00034203;0.0067315;0.044474;0.00048969;0.0017516;0.0079672;0.0015995;0.00072677;0.0048132;0.00159;0.0018652;0.0072929;0.017142;0.042344;0.034105;0.00088518;0.046787;0.0039205;0.007093;0.0020746;0.001193;0.028939;0.002685;0.0013874;0.0046981;0.0034461;0.0045853;0.0015237;0.0036762;0.0032428;0.0019718;0.0029913;0.0055135;0.0043964;0.0002995;0.0067536;0.038019;0.047059;4.7251E-05;0.0034564
29;1.7771;0.25934;2;0.85;0.5;50;50;Euclidean(Median);0.021832;0.0016294;0.049497;0.048934;3.4727E-05;3.0098E-05;8.7191E-07;0.0074617;0.00083628;0.0002908;0.050232;0.050618;0.014189;0.014538;0.0022649;0.0013242;0.0061259;0.001722;0.0022836;0.017976;0.00070457;0.022754;0.0022627;0.0081252;0.0014373;0.00065047;0.0040279;0.00037858;0.00076998;0.0049695;0.0026053;0.00027377;0.0078997;0.001476;0.049182;0.0055399;0.045664;0.0015294;0.047258;0.000562;0.0045947;0.001392;0.0044512;0.0027726;0.00099951;0.0065225;6.1612E-05;0.0019978;0.016082;0.0022674;0.0012639;0.00055713;0.0012149;0.0042647;0.00059943;0.0001928;0.0030188;0.00060814;0.021762;0.018408;0.0024104;0.042977;9.6768E-05;0.00052284;0.01494;0.0025527;0.0031107;0.022578;0.048442;0.048048;0.0031321;0.046939;0.0001415;0.00074291;0.049124;0.047245;0.00011388;0.0057354;0.0034073;0.0045095;0.00068892;1.6844E-05;0.0042007;0.0033297;1.025E-06;0.020804;0.020342;0.00031211;8.3544E-05;0.00010528;0.0010851;0.0012278;0.0020134;0.0052739;0.00056387;0.00026076
30;1.6003;0.23353;2;0.85;0.5;50;50;Euclidean(Median);5.814E-05;0.01981;0.0027177;0.00073921;0.00076378;0.010148;0.0055008;0.033236;0.0021993;7.9308E-05;0.0050559;0.00036277;7.841E-05;0.0014529;0.00098038;0.003894;0.00084578;0.0013795;0.040578;0.006178;0.0068924;0.0017088;0.0089898;9.4955E-06;0.00051127;0.034412;0.0017911;0.00074988;0.016726;0.0014424;0.0014107;0.00098218;0.0049869;0.019185;5.6926E-05;0.0013485;0.00018;0.038486;0.0020376;0.0009578;0.000449;0.0064077;0.0032734;0.0056231;0.0065108;0.0024475;0.0075905;0.036452;0.0016669;0.013896;0.0030465;0.00099531;0.0028803;0.039015;0.00024688;0.0055881;0.038068;0.025346;0.003956;0.00033795;0.004571;0.0057345;0.0088857;0.0025101;0.0094995;0.0065443;0.035122;0.0020736;0.026345;0.042067;0.0033783;0.025432;0.0057276;0.0063044;0.006112;0.00033415;0.0040098;0.038949;0.010281;0.0056344;5.9916E-05;0.03926;0.033047;0.002241;0.0023697;0.0010305;0.039276;0.013742;0.04168;0.0087542;0.00062483;0.00096794;0.037252;0.0026004;0.036827;0.0080307
31;2.1582;0.030282;2;0.85;0.5;50;50;Euclidean(MinimumTimesMedian);0.031154;0.030141;0.00049058;0.0055248;0.0022967;0.016179;0.031074;0.0012739;0.028434;0.033297;0.0017729;0.00090268;0.0054118;0.0048717;0.00067006;0.033552;0.00051091;0.023606;0.0045185;0.002586;0.010453;0.0046824;0.0019276;0.00078508;0.0044019;0.013792;0.028187;0.00016321;0.027274;0.00063137;0.0048378;0.031684;0.0034343;0.0011245;0.0027951;0.031365;0.0013416;0.0017543;0.011924;0.0013256;0.00059027;0.032197;0.0071977;0.006013;0.0076672;0.003801;0.031954;0.0097069;0.002713;0.0022711;0.009481;0.018784;0.017592;0.03253;0.032527;0.0003531;0.0091392;0.0067391;0.031863;0.0053309;0.029733;0.00055008;0.0043833;0.0036134;1.0124E-06;0.00011753;0.0011676;0.01526;0.0099086;0.00031579;0.00071027;0.0014296;0.0053659;0.00014629;0.005937;0.0021873;0.028437;0.0029383;0.0041383;0.0018702;0.02778;0.0096124;0.02922;0.0064861;0.0030207;0.00035624;0.0016094;0.0042812;0.019274;0.0022486;0.032577;0.026927;0.0010854;0.0031745;0.0025849;0.00095084
32;2.1607;0.030317;2;0.85;0.5;50;50;Euclidean(MinimumTimesMedian);0.002216;0.029967;0.027304;0.012815;0.03172;0.026941;0.023117;0.022181;0.030844;0.0043935;0.0014763;0.00017703;0.00024606;0.01018;0.02627;0.00214;0.02797;0.017121;0.0013518;0.0033247;9.6141E-05;0.00016209;0.031537;0.029484;0.030548;0.0020746;0.00087204;0.00011765;0.00075559;0.00085921;0.0046879;0.0011818;0.016993;0.017325;0.00016621;0.0043998;0.0017387;0.00097339;0.00026286;0.024194;0.00043614;0.00015115;0.030223;0.02656;0.0046319;0.01494;0.00021223;0.011121;0.0025585;0.0016573;0.027857;0.030372;0.020879;0.00045586;0.017723;0.0022928;0.0049619;0.0010569;0.0015144;0.00091025;0.0018179;0.020695;0.0286;0.0069898;0.028376;0.0060423;0.00070509;0.00075407;0.00011807;0.0061781;0.0021891;0.0037148;0.0019301;0.0018689;0.0037057;0.016745;0.026874;0.00071288;0.00081219;0.0010163;0.0018872;0.00067088;0.028047;0.025672;0.00107;0.0028658;0.016248;0.00091707;0.026596;0.0027666;0.00032071;0.028438;0.00064387;0.02893;0.0042623;0.00012351
33;2.1341;0.029944;2;0.85;0.5;50;50;Euclidean(MinimumTimesMedian);0.029648;0.0308;0.0047851;0.0012013;0.0023726;0.028851;3.3123E-06;0.0091742;0.028207;0.0054606;0.0036449;0.02225;0.0013609;0.00046683;0.0027304;0.01438;0.029812;7.4348E-05;0.012183;0.0049239;0.0030322;0.00080691;0.011159;0.0017758;0.00096778;0.0058335;0.00095018;0.0023437;0.0044196;0.0049727;0.0015289;0.00053766;0.031562;0.00044198;0.022645;0.031671;0.030482;0.0012433;0.0022804;0.01997;0.0010287;0.029807;0.0039688;0.0014029;0.0013039;0.0065723;0.003691;0.030108;0.0019081;0.005651;0.0046244;0.029507;0.031769;0.0015325;0.012081;0.032067;0.028522;0.029853;0.0030878;0.00021834;0.031328;0.0049057;0.0011665;0.0014394;0.0098247;0.0086929;0.0032076;0.00037154;0.00075954;0.0022951;0.015118;0.027724;0.0029786;0.00074432;0.028523;0.0027838;0.0026971;0.016568;0.0017708;0.0045148;0.0030392;0.0044353;0.026174;0.0016378;0.00082839;0.012955;0.0081211;0.0026516;0.010404;0.030873;0.023662;0.0051338;0.007011;0.018911;0.0038913;0.0032009
34;1.6938;301.19;2;0.85;0.5;50;50;Euclidean(Summation);0.0026245;6.25E-05;9.5164E-05;0.0045933;0.00095988;0.00080388;0.0011075;0.0010375;0.0010534;0.00033312;0.0085976;0.00014202;0.026343;0.044003;0.010139;0.02902;0.0024357;0.002119;0.036911;0.0008839;0.0012053;0.033383;0.031033;0.00047613;0.009038;0.0021927;0.038129;0.0066566;0.010141;0.00076292;0.0012882;0.0029852;0.0040512;0.0012424;0.0014333;0.00055568;0.00094229;7.7418E-05;0.0036874;0.041224;0.0017677;0.00090578;0.033937;0.0011332;0.0021124;0.0012968;0.0061471;0.035692;0.00056222;0.0068045;0.00078126;0.00042008;0.038632;0.0019331;0.0016769;0.041583;0.043576;0.0010721;0.0021844;0.040932;0.041478;0.0080981;0.0080925;0.0030545;0.014209;0.0084469;0.03759;0.03446;0.00032117;0.0018049;0.014724;0.0067501;0.00069967;0.0041905;0.0025002;0.04341;0.002026;0.00040976;0.0047981;0.0042486;0.00048486;2.5325E-05;0.024746;0.0087439;0.039467;0.00058068;0.00067958;0.041389;0.00046179;0.00039433;8.9554E-05;0.0006896;0.0087481;0.0010944;0.0016376;0.0025371
35;1.711;304.24;2;0.85;0.5;50;50;Euclidean(Summation);0.019635;0.040434;0.00022492;0.0014459;0.0032672;0.00019713;0.0051034;0.0031576;0.038879;0.0034189;0.0028171;0.00023305;0.0413;0.00092336;0.0096199;0.00028421;0.024056;0.034881;0.006379;0.00039647;0.0025746;0.0082038;0.0022757;0.0048382;0.037726;0.00036551;0.00040682;0.044724;0.010084;0.0013831;0.043834;0.0002298;0.0023627;0.041089;0.0034518;2.4476E-05;0.0046713;0.0069974;0.00050761;0.037773;0.0072891;0.00040067;0.0022209;0.0029897;9.0278E-06;0.00036232;0.037543;0.0008221;0.0040492;0.0019629;0.035702;0.0030031;0.00056264;0.0014391;0.00086981;0.00311;0.0014106;0.0018429;0.041314;0.0028118;0.0057057;0.032226;0.00065825;0.0024436;0.027343;0.019052;0.011038;0.0013566;0.00089405;0.0019578;0.0056219;0.00034529;0.00087008;0.032797;0.0031195;0.00084591;0.0038722;0.00058518;0.044215;0.00060408;0.0019068;0.0019516;0.044418;0.0018201;0.0018211;2.9061E-06;0.0057368;0.037035;0.007039;0.0035351;0.00058651;0.0016078;0.042076;0.00070102;0.001408;0.012913
36;1.6461;292.71;2;0.85;0.5;50;50;Euclidean(Summation);0.0027834;0.040733;0.0038513;0.03193;0.0029802;0.00036619;0.0098515;0.004602;0.00036408;0.0005548;0.0032347;0.040399;0.0053647;0.040747;0.012162;0.001225;0.00061184;0.0051736;0.0071024;0.00057963;0.0016826;0.0021213;0.019721;6.176E-05;0.0067149;0.0050495;0.040571;0.0071785;0.0013503;0.0021967;0.00095947;0.0063792;0.00026257;0.0084634;0.04125;0.042223;0.0045335;0.039693;5.4067E-05;0.00063363;0.0011885;0.00033939;0.0019136;0.00010029;3.195E-05;0.0055283;0.00077475;0.001444;0.0028309;6.5611E-05;0.0028384;0.00025094;0.0015227;0.0008956;0.042193;0.0068143;0.019415;0.006133;0.0019066;0.0029673;0.00056979;0.0039984;0.018778;0.0019359;0.0023228;0.035831;0.0020715;0.0050865;0.0072846;0.010876;0.036479;0.00048285;0.0038213;0.0017114;0.001139;0.0084182;0.0017239;0.0019633;0.022579;0.004014;0.041095;6.4855E-06;0.030922;0.0070876;0.001991;0.00097081;0.025269;0.037336;0.0059424;0.0079295;3.3768E-05;0.040475;0.012458;0.031434;0.039629;0.0014639
differential evolutions parameters, by distance
i;dDE / dP;distance;type;parentWeight;crossover;population;iterations;distance;weights ->
1;1.02;1.0298;2;0.85;0.5;50;50;Manhattan(Median);0.020613;0.019189;0.019247;0.0081089;0.0039944;0.015217;0.014305;0.0067294;0.020784;0.008208;0.01244;0.0054007;0.014879;0.015894;0.0017146;0.023076;0.0098586;0.014704;0.010827;0.020494;0.022675;0.015978;0.017502;0.018811;0.015905;0.017316;0.01617;0.0019756;0.005233;0.021817;0.0045697;0.017853;0.02206;0.006996;0.02317;0.010417;0.022692;0.015247;0.015363;0.0045197;0.018546;0.011041;0.012571;0.020872;0.0053197;0.00067708;0.012793;0.016878;0.0068517;0.005664;0.005572;0.0015004;0.013662;0.0032152;0.0095595;0.0049037;0.0043904;0.00049544;0.016793;0.0022391;0.0026749;0.015703;0.0048816;0.002434;0.0049976;0.015142;0.0017003;0.016696;0.0041508;0.0074501;0.0016328;0.002227;0.00077943;0.0099362;0.010386;0.010407;0.0056088;0.013985;0.0025909;0.0021338;0.00056966;0.0077144;0.013814;1.5165E-05;0.013648;0.0012796;0.013657;0.010979;0.0011432;0.00081193;0.0036812;0.016863;0.016848;0.020345;0.0021798;0.0054361
2;1.0258;1.0356;2;0.85;0.5;50;50;Manhattan(Median);0.0043797;0.014807;0.021953;0.012206;0.020042;0.021334;0.021927;0.00063247;0.0052175;0.0080105;0.022894;0.0026447;0.017387;0.010987;0.023224;0.022015;0.019479;0.012158;0.0067494;0.013538;0.0002988;0.01085;0.00249;0.022191;0.016211;0.022925;0.021851;0.018575;0.0074345;0.015116;0.0099922;0.018972;0.020087;0.022052;0.020452;0.015137;0.0085858;0.0083967;0.001027;0.0020594;0.020271;0.012953;0.022162;0.019345;0.01725;0.00035415;0.013154;0.016554;0.0022395;5.097E-05;0.018408;0.0087892;0.00083293;7.2932E-05;0.0067403;0.013349;0.0010493;0.01416;0.021073;0.00017941;0.013819;2.3116E-05;5.6829E-06;0.0020957;0.013631;0.021247;0.0025678;0.012445;0.01243;0.015133;0.00050213;0.00028322;0.00067994;5.6086E-05;0.017905;0.0028282;0.00022594;0.013569;0.0017271;0.019152;0.0051082;0.0013644;0.018913;0.003098;0.00095323;0.00018207;0.0006556;0.0036663;0.013047;0.0036709;0.0050408;0.0014442;0.010457;0.0066626;0.0036917;0.016443
3;1.0281;1.0365;2;0.85;0.5;50;50;Manhattan(Average);0.020443;0.021344;0.022903;0.022623;0.02013;0.020798;0.024468;0.014816;0.021033;0.016678;0.0075412;0.00027456;0.01718;0.0029482;0.023304;0.022405;0.024097;0.011252;0.0080281;0.014157;0.0019277;0.021612;0.02174;0.01889;0.024054;0.022559;0.023195;0.015984;0.0022384;0.02437;0.0090832;0.020907;0.022435;0.024037;0.021772;0.013568;0.013747;0.0099948;0.0051835;0.023982;0.018765;0.023971;0.0097279;0.021923;0.012463;0.00010252;0.023658;0.02244;0.0064725;0.0020916;0.00024003;0.01904;3.2398E-05;0.00080817;0.010458;0.0042192;0.0053407;0.0085427;0.004253;0.00054319;0.00073313;0.0017579;0.0026208;0.000922;0.0016043;6.2189E-05;0.0050411;0.0072816;0.010321;0.0054365;0.005347;8.4472E-05;0.010099;3.622E-05;0.00099054;0.0025116;0.00038441;0.00076861;0.0002947;0.017554;0.00025502;0.00013682;0.0018628;6.8633E-05;0.00030459;0.00095522;0.0022916;0.0010055;0.0042445;0.016804;0.00022275;0.0024051;0.0042558;0.011064;0.0052001;0.0022798
4;1.0291;1.0389;2;0.85;0.5;50;50;Manhattan(Median);0.023131;0.0044882;0.021722;0.01795;0.011296;0.00010687;0.01636;0.019981;0.021243;0.02522;0.021621;0.0028278;0.019506;0.004216;0.020627;0.025468;0.0093378;0.020308;0.022619;0.018475;0.016847;0.00057124;0.019648;0.021663;0.019098;0.023891;0.020684;0.023438;0.0038923;0.01759;0.0087581;0.024242;0.025496;0.011359;0.024985;0.0081299;0.012752;0.0064486;0.0017344;0.010355;0.020894;0.024335;0.0067719;0.006163;0.0092401;0.0025957;0.011177;0.023601;0.00075639;0.001053;0.023035;0.016875;0.0015665;0.00090845;0.0023098;0.00045971;0.0020354;0.0098574;0.023628;0.0010127;0.0017336;0.00034623;0.00035062;0.0011238;0.00032471;0.0013529;0.0028676;0.019855;0.0034924;0.0036981;0.0035309;0.0019265;0.0080831;0.014217;0.018221;0.017681;0.0016292;0.00054213;0.0015138;0.021315;2.1224E-05;0.0011939;0.0019079;0.00018305;0.0022593;0.00037095;0.00051826;0.00057732;0.0022339;0.02559;0.0019988;0.0024019;0.003515;0.016053;0.00089051;0.00012174
5;1.0299;1.0382;2;0.85;0.5;50;50;Manhattan(Average);0.019786;0.014374;0.022148;0.017435;0.022303;0.026108;0.023426;0.0050443;0.018848;0.026907;0.0053278;0.00036542;0.0070765;0.00035085;0.018061;0.025953;0.016643;0.0096177;0.027476;0.016573;0.022096;0.0045646;0.0031357;0.025224;0.028059;0.030423;0.030326;0.028741;0.0005011;0.02938;0.0027597;0.026281;0.028802;0.024366;0.0099822;0.0040303;0.022799;0.01921;0.029277;0.030756;0.0090137;0.0087485;0.013084;0.007781;0.020169;0.0011252;0.024629;0.025902;0.00080234;0.010361;0.0033518;0.0051542;0.014495;0.0034878;0.010218;0.0018138;0.00064085;0.00031241;0.0043573;0.00011935;0.0022769;0.002361;0.0018082;0.00057524;0.0050368;0.0024545;0.0047778;0.0068535;0.00030506;0.0143;0.00099557;0.001564;0.0024767;0.0013281;0.0084998;0.00028737;0.0018016;0.0070298;9.1399E-05;0.00016838;0.002029;0.00032522;0.0034644;0.00074767;0.00058125;0.0037988;0.0045998;0.0018586;0.0020902;0.002944;0.0011305;0.0017249;0.01597;0.0018067;0.00090119;0.00093392
6;1.0304;1.0375;2;0.85;0.5;50;50;Manhattan(GeometricAverage);0.024185;0.026957;0.011896;0.019563;0.020005;0.025152;0.028176;0.0098506;0.01294;0.027977;0.0099888;0.00033808;0.028374;0.008001;0.025354;0.027963;0.028589;0.00377;0.028692;0.028649;0.0020466;0.021478;0.00088785;0.0053124;0.023821;0.020965;0.028349;0.027554;0.014125;0.020655;0.0012117;0.023556;0.025663;0.026319;0.026987;0.013584;0.0055331;0.027363;0.0013058;0.0050516;0.0081753;0.022104;0.0078751;0.024315;0.0037736;0.00074887;0.025382;0.024054;0.0034882;0.0016471;0.0086664;0.027952;0.0051008;5.3937E-05;0.0018265;0.00036072;0.0022482;0.00043291;0.021717;0.00011183;0.0021763;0.0015063;0.00018981;0.0027864;0.0024222;0.00087473;1.2992E-06;0.011803;0.0035504;0.0021269;0.0029454;0.0007758;0.00024034;0.00051376;0.0053263;0.0016918;0.0051073;0.00092107;0.00064263;0.0009604;0.00099496;0.0038635;0.00055095;0.0016053;0.0045376;0.00084537;0.0030218;0.00057949;0.0094983;0.015817;0.00048064;0.00072681;0.00020555;0.0013532;0.00049711;0.00063736
7;1.0312;1.0395;2;0.85;0.5;50;50;Manhattan(Average);0.02544;0.0018533;0.024661;0.027025;0.026736;0.02828;0.0067414;0.0032644;0.024276;0.024574;0.025415;0.0010063;0.026179;0.019291;0.027211;0.028446;0.026279;0.0075367;0.021604;0.018466;0.0077558;0.016239;0.0018591;0.026399;0.022873;0.021653;0.024551;0.027775;0.002027;0.027954;0.011406;0.017667;0.02697;0.017736;0.015606;0.021004;0.0269;0.015036;0.0025837;0.0089168;0.028229;0.02823;0.011256;0.00136;0.0047365;0.0010789;0.028043;0.024522;0.0037316;0.0002784;0.00024678;0.0029335;0.005453;0.0012279;0.0021225;0.0024507;0.0016754;0.014802;0.015381;0.0010268;0.00029812;0.00046287;0.0036894;0.0035425;0.0043173;0.0004441;0.0018143;0.010409;0.0019351;0.0013619;0.0030397;2.4906E-05;0.00095179;0.00015145;0.0072012;0.003164;0.0049935;0.0016469;0.0023829;0.0009335;0.00020364;0.0009124;0.0028203;0.0040951;6.1733E-05;1.8218E-05;0.0012471;0.0018946;0.002202;0.00023487;0.0012118;0.0068475;3.3419E-05;0.0026128;0.00021013;0.0066488
8;1.0312;1273.4;2;0.85;0.5;50;50;Manhattan(Summation);0.01703;0.0033716;0.0084797;0.014401;0.015114;0.025221;0.026447;0.0060636;0.026438;0.026819;0.0025294;0.0030957;0.017024;0.029064;0.027574;0.026118;0.026278;0.0014352;0.02455;0.024696;0.0024212;0.026255;0.010863;0.02107;0.026058;0.019805;0.027009;0.027495;0.00086775;0.018152;0.0031356;0.026028;0.028968;0.026982;0.013926;0.015279;0.004035;0.013034;0.001296;0.022427;0.022135;0.025664;0.028996;0.014151;0.027911;0.0018561;0.0044558;0.019558;7.9708E-05;0.00086161;0.010812;0.0054584;0.00087999;2.0579E-05;0.0014779;0.00058379;0.001007;0.00070566;0.025459;0.00086018;0.011378;0.0021618;0.02522;0.0012478;0.012588;0.0020252;0.0010553;0.015645;0.00093712;0.0032561;0.00246;0.00057361;0.0022271;0.0025693;0.00022899;0.00071683;0.00017628;0.0066584;0.00064891;0.00088565;0.00024229;0.001132;0.0012501;0.00044052;0.0036153;0.0010651;0.0024623;0.00048731;0.0049963;0.00086448;0.0004475;0.0015186;0.0012686;0.0027617;0.0028;0.0021978
9;1.0315;1273.8;2;0.85;0.5;50;50;Manhattan(Summation);0.025001;0.026694;0.017436;0.006562;0.017846;0.027664;0.027716;0.0042457;0.028209;0.015667;0.025048;0.001708;0.0024725;0.018773;0.02034;0.025734;0.028438;0.019196;0.014026;0.02086;0.023409;0.022377;0.0023932;0.01719;0.025964;0.028117;0.02466;0.02179;0.0005709;0.021755;0.001491;0.024965;0.024884;0.02634;0.024385;0.001875;0.0095409;0.020563;0.0008419;0.02233;0.028212;0.024168;0.0038088;0.021793;0.015628;0.0039954;0.0058461;0.021601;0.0015997;0.0008451;0.0044498;0.0031964;0.0050663;0.00046482;0.0035504;4.5537E-05;0.00091814;0.00074638;0.022924;0.0010375;0.00093795;0.0018114;0.0033341;0.011239;0.0042128;0.00083925;0.010026;0.0034191;9.0297E-05;0.0015956;0.00049538;0.00051825;0.006;0.0014536;0.00076739;0.0045837;0.00096553;0.00035926;0.00024102;0.0020363;0.0001955;0.0012474;0.0014389;0.00075606;0.0018983;0.00015316;0.02129;0.0014543;6.1671E-05;0.005259;9.7912E-05;0.0032476;0.0012205;0.01695;0.00078618;4.5174E-05
10;1.0321;1.0392;2;0.85;0.5;50;50;Manhattan(GeometricAverage);0.020796;0.028958;0.013642;0.025858;0.016012;0.02994;0.025741;0.014512;0.017436;0.023509;0.0051183;0.0027776;0.019174;0.0083315;0.030282;0.029634;0.025253;0.022064;0.029375;0.0043815;6.9832E-06;0.0090011;0.0053089;0.031714;0.031518;0.030711;0.028396;0.020517;0.0018629;0.021123;0.011754;0.026955;0.031889;0.025373;0.011338;0.012081;0.030306;0.019073;0.00046838;4.6742E-05;0.014231;0.025092;0.0051443;0.027975;0.015123;0.00067317;0.01267;0.026863;0.0043644;0.00086129;0.00048698;0.006095;0.0011649;0.0028073;0.00058992;0.0050609;0.00096212;0.0048416;0.018966;7.0366E-05;0.0024333;2.0818E-06;0.00014546;0.0011879;0.00152;0.0015443;0.001827;0.0050398;0.0070615;0.00024463;2.8365E-05;1.6495E-05;0.0032634;9.6319E-05;0.0034545;0.00076252;0.001086;0.0011573;0.0021034;0.0088514;0.0016708;0.0038387;0.00018794;0.00048951;0.0016817;0.0029106;0.00052377;0.00066983;0.0059193;0.0028976;0.001007;0.0095158;0.003306;0.0065811;2.055E-05;0.00067163
11;1.0325;1.0395;2;0.85;0.5;50;50;Manhattan(GeometricAverage);0.024579;0.025862;0.00070007;0.0318;0.028524;0.031742;0.023295;0.0069004;0.02983;0.022277;0.011671;0.0010263;0.011573;0.010791;0.031622;0.029616;0.019106;0.022772;0.022356;0.021409;0.013642;0.015809;0.0045019;0.01185;0.027359;0.030798;0.030933;0.030221;0.0038356;0.025965;0.0016134;0.030877;0.030667;0.031;0.00097548;0.0041397;0.01929;0.025499;0.0029539;0.0090447;0.0022625;0.021583;0.0078281;0.0043805;0.028229;0.00025528;0.030577;0.022858;0.0010755;0.0032789;0.0012286;0.0023709;0.00046257;0.00030773;0.001072;0.0095597;0.00078864;0.00015461;0.013574;0.00031069;0.0048117;0.0015497;0.0007006;0.0015991;0.0022403;0.0015346;0.0021979;0.0025688;0.00023983;0.0026597;0.0027447;0.00042907;0.0019768;0.0031944;9.6024E-05;0.010084;0.00037681;0.0018843;0.00039919;0.0013209;0.0029155;0.0014166;0.0029167;0.00020929;0.0018423;0.00057056;0.0010157;0.0018544;0.0010894;0.0034408;0.0020192;0.0013244;0.0024028;0.01983;0.001524;0.0024382
12;1.0344;1277.4;2;0.85;0.5;50;50;Manhattan(Summation);0.0049516;0.024004;0.024605;0.016503;0.0071318;0.031332;0.023366;0.0014523;0.032466;0.033914;0.009928;0.0062967;0.013357;0.0075827;0.033277;0.032402;0.029802;0.012697;0.0023996;0.026356;0.022856;0.0058397;0.00023885;0.026541;0.016744;0.033198;0.024341;0.027277;0.0027935;0.027123;0.0076027;0.019212;0.032289;0.023375;0.0070897;0.005718;0.02404;0.023618;0.00072445;0.033055;0.012627;0.032331;0.0031596;0.0032697;0.014483;0.0020884;0.033577;0.028422;1.7463E-05;0.0016059;0.00061448;0.0026085;0.00084208;0.0010264;0.00051048;0.0013232;0.00080497;0.0017803;0.023958;0.00045105;0.0076814;0.0006199;0.00082289;0.00080581;0.031362;0.00043482;0.0008058;0.0014208;8.3124E-05;0.0077582;0.0010644;0.00056901;6.7884E-05;0.0010391;0.0024748;0.0010695;0.0026093;0.00076795;0.0017874;0.00045607;0.00022942;0.00091127;0.0022305;0.0019952;0.00027191;0.0016139;0.00078976;0.00065926;0.0049726;0.0077679;0.0010196;0.0012276;0.0017626;0.0047722;0.0011704;0.001904
13;1.0822;0.89347;2;0.85;0.5;50;50;Manhattan(Minimum);0.017272;0.011397;0.017315;0.010308;0.0073343;0.018082;0.019317;0.014141;0.011375;0.011833;0.013778;0.0059333;0.0058891;0.012899;0.01574;0.011168;0.0090487;0.016947;0.0065705;0.016722;0.018104;0.0047372;0.0028865;0.014183;0.011567;0.010645;0.011522;0.00037635;0.015295;0.012869;0.0066061;0.016875;0.0026313;0.0087014;0.019989;0.018967;0.0076063;0.010487;0.017126;0.0072455;0.017974;0.0064783;0.0088488;0.020374;0.0032852;0.018813;0.011458;0.010483;0.015678;0.012429;0.017242;0.016678;0.011517;0.0013876;0.0080767;0.0090243;0.012046;0.017263;0.018038;0.0059475;0.019666;0.0023818;0.01606;0.015904;0.011261;0.006902;0.012196;0.014649;0.0038276;0.00064898;0.013421;0.00099253;0.0051084;0.0042193;0.003863;0.0021042;0.018888;0.0054527;0.0029681;0.0017761;0.001313;0.0024505;0.014783;0.0070614;0.0093123;0.0074582;0.0047438;0.014507;0.017655;0.0093926;0.0039031;0.0056083;0.0058183;0.010914;0.0080655;0.0001915
14;1.09;0.89993;2;0.85;0.5;50;50;Manhattan(Minimum);0.010445;0.016973;0.016259;0.020102;0.0042862;0.0061189;0.019888;0.020924;0.021376;0.0044542;0.02093;0.0057509;0.0036815;0.017326;0.013463;0.017693;0.0073054;0.010684;0.0055815;0.0091525;0.019492;0.010629;0.011359;0.0048232;0.021446;0.018669;0.018434;0.0051499;0.0031025;0.018597;0.0013715;0.0062104;0.00017263;0.0024638;0.020204;0.018962;0.017224;0.0090373;0.015816;0.0048563;0.00885;0.01945;0.017564;0.018681;0.0036781;0.013681;0.0076867;0.017446;0.011949;0.01048;0.021139;0.020689;0.013166;0.0011357;0.0022026;0.013917;0.0088774;0.010909;0.013141;0.0090523;0.021286;0.0023574;0.013004;0.020428;0.0085827;0.0035615;0.00077101;0.007244;0.013949;0.003084;0.020376;0.0043055;0.0066873;0.0073362;0.0032526;0.0006067;0.0050351;0.013081;0.001738;0.0088173;0.0010369;0.0013709;0.020704;0.0013152;0.00053565;0.0036102;0.00083249;0.0011062;0.015825;0.018568;0.0088147;0.014949;0.0024758;0.0053423;0.0049657;0.0089363
15;1.0905;0.90028;2;0.85;0.5;50;50;Manhattan(Minimum);0.00086397;0.012329;0.0090656;0.015119;0.0029729;0.013293;0.012419;0.02163;0.017597;0.015361;0.021398;0.0027499;0.0012955;0.011423;0.020705;0.010078;0.0029464;0.013077;0.012303;0.0095302;0.013115;0.0011755;0.014957;0.0075029;0.018767;0.02101;0.022198;0.015937;0.014847;0.018824;0.0085534;0.017334;0.0015701;0.0088044;0.016457;0.017871;0.0045061;0.019159;0.017101;0.010033;0.021857;0.018245;0.0086145;0.016605;0.012432;0.020739;0.016255;0.015863;0.0044202;0.011073;0.017913;0.020931;0.0088226;0.00084571;0.0058168;0.012537;0.0069608;0.01875;0.013062;0.0003302;0.0093154;0.0069735;0.011604;0.0099608;0.0094213;0.0023706;0.0067588;0.003385;0.019959;0.011832;0.003266;0.00074903;0.0012623;0.0020453;0.0085331;0.0034501;0.01327;0.0011058;0.0056992;0.0032944;0.0042274;0.0071282;0.019058;0.0020131;0.018701;0.013224;0.0045316;0.0029197;0.0039045;0.0054139;0.0010093;0.015531;0.003616;0.0070795;0.0018149;0.0076206
16;1.0928;0.91082;2;0.85;0.5;50;50;Manhattan(MinimumTimesMedian);0.012781;0.018981;0.004663;0.015741;0.0062662;0.017568;0.018372;0.0092512;0.0044609;0.0020293;0.013998;0.0020241;0.0074864;0.014631;0.020683;0.018231;0.0066092;0.012666;0.014196;0.016029;0.017797;0.00025865;0.018708;0.02019;0.0040013;0.019645;0.020188;0.020624;0.013699;0.016628;0.0031895;0.019849;0.002637;0.013474;0.019581;0.019178;0.010265;0.0044217;0.019551;0.0029157;0.0084763;0.015799;0.0052873;0.016742;0.011318;0.016901;0.015025;0.019217;0.0015312;0.0068963;0.015756;0.007812;0.013376;0.0027444;0.0030743;0.0017116;0.0079712;0.018266;0.02075;0.0036657;0.014358;0.0048746;0.014226;0.01856;0.018524;0.0027197;0.012422;0.01911;0.00066711;0.0090617;0.0068542;0.00097914;0.0014989;0.0098072;0.001621;0.00016504;0.0041135;0.0026089;0.00096276;0.0022146;0.0020437;0.0042656;0.010574;0.0044028;0.0084506;0.0043746;0.017731;0.013941;0.017744;0.0083751;0.0048757;0.013704;0.00053272;0.0049338;0.021033;0.0018795
17;1.0972;0.91452;2;0.85;0.5;50;50;Manhattan(MinimumTimesMedian);0.013441;0.019796;0.019361;0.0089481;0.014579;0.012113;0.019879;0.013783;0.020728;0.0086573;0.014056;0.0066223;0.00058025;0.005396;0.016186;0.019538;0.0011522;0.018872;0.020037;0.012605;0.020107;0.010772;0.011934;0.0050552;0.016427;0.017476;0.014569;0.0051367;0.016814;0.013657;0.012005;0.0007385;0.012769;0.01395;0.019993;0.014049;0.0030922;0.019673;0.013534;0.020623;0.018432;0.019672;0.0053009;0.020095;0.0095433;0.011284;0.014588;0.019879;0.0004805;0.013504;0.020291;0.017632;0.0061873;0.0027818;0.0036875;0.015868;0.01776;0.018909;0.0055518;0.0037744;0.018284;0.00092471;0.00062809;0.0097862;0.016757;0.002271;0.00032629;0.00016628;0.014101;0.0030694;0.010962;0.0040257;0.00029196;0.0017999;0.0086797;0.013083;0.010614;0.0088155;0.0047871;0.004876;0.00012978;0.0022084;0.020679;0.0018779;0.0037729;0.0031561;0.0041704;0.0043058;0.0090786;0.012298;0.0015226;0.0090206;0.0076135;0.0046356;0.0061981;0.0011571
18;1.103;0.91932;2;0.85;0.5;50;50;Manhattan(MinimumTimesMedian);0.016503;0.01578;0.0068009;0.018494;0.0030376;0.01779;0.019321;0.019889;0.019203;0.0098942;0.013206;0.0074706;0.0027842;0.0062219;0.021192;0.015158;0.016283;0.012811;0.013223;0.0087538;0.01285;0.0095321;0.012608;0.012789;0.021082;0.016319;0.01606;0.0043946;0.015031;0.0022961;0.0076293;0.014703;0.014908;0.016506;0.020455;0.014403;0.0097772;0.013947;0.01461;0.016647;0.013245;0.0045113;0.0044812;0.013214;0.012256;0.013965;0.0083775;0.0058479;0.0053185;0.0099894;0.0093382;0.013098;0.0092831;0.0048707;0.011869;0.0063196;0.010442;0.01658;0.014135;0.0017545;0.019563;0.0012003;0.005137;0.019332;0.0061864;0.0070464;0.00089326;0.010001;0.0098742;0.0039235;0.01164;0.00043039;0.0018353;0.0025596;0.0090923;0.0034993;0.004767;0.0039709;0.0023026;0.0066769;0.0024185;0.0031589;0.015381;0.0037401;0.0063021;0.015524;0.010722;0.0067591;0.013194;0.016796;0.0041722;0.020639;0.0056518;0.0084896;0.013288;0.0045744
19;1.3984;0.13445;2;0.85;0.5;50;50;Euclidean(Minimum);0.0033561;0.020545;0.025746;0.02525;0.0028173;0.0015869;0.013777;0.019607;0.022281;0.001415;0.012352;0.0045779;0.02059;0.009901;0.020641;0.0024415;0.0070435;0.013696;0.0050147;0.00044479;0.024415;0.0020801;0.0051738;0.0034274;0.023211;0.00049859;0.00092892;0.0056269;0.014027;9.9476E-05;0.0049374;0.0093174;0.0060782;0.026016;0.0025415;0.015423;0.00077978;0.0019974;0.0070644;0.0015611;0.0091384;0.0076879;0.025069;0.010819;0.0024471;0.010474;0.006348;0.0073177;0.00022315;0.018098;0.01298;0.025575;0.0068407;0.014239;0.00042788;0.0029614;0.01848;0.0011642;0.016227;0.0078012;0.01628;0.013089;0.0033559;0.0013675;0.025317;0.00031466;0.0018537;0.024738;0.012791;0.013437;0.011104;0.01158;0.011564;0.022389;4.135E-06;0.00070313;0.010068;0.0018501;0.00089067;0.02448;0.0030555;0.0035298;0.020099;0.015486;0.0025773;0.0056007;4.487E-05;0.022709;0.025077;0.022297;0.002706;0.012279;0.0051045;0.021841;0.014805;0.023005
20;1.4897;0.14323;2;0.85;0.5;50;50;Euclidean(Minimum);0.020493;0.019263;0.025317;0.0012528;0.00086676;0.026575;0.0054322;0.021507;0.020877;0.0035696;0.0012945;0.022152;0.0056751;0.021897;0.026662;0.00024674;0.0025181;0.024616;0.0011772;0.019401;0.02429;0.023993;0.00012765;0.019042;0.026965;0.0026991;0.00089303;0.0015987;0.0016609;0.026664;0.00097837;0.0072679;0.021112;0.0039621;0.022317;0.02721;0.0020668;0.0072458;0.016226;0.023357;0.0033201;0.017175;0.018889;0.0020318;0.014363;0.023791;0.0012396;0.013912;0.0014711;0.020159;0.023194;0.0024494;0.014424;0.0008089;0.027188;5.1233E-06;0.013429;0.01972;0.0047433;0.0032309;0.025742;0.00023629;0.00050666;0.025424;0.00076576;0.0051937;0.0028194;0.00074175;0.00011022;0.0013328;0.0035496;0.0001183;0.0026689;0.00053924;0.0031193;0.001115;0.013744;0.0051228;0.020441;0.0014868;0.0034686;0.016522;0.0035748;0.0012139;0.026301;0.0036961;0.0046642;0.00017877;0.015493;0.015096;0.0026089;0.004661;0.0029238;0.018218;0.0024396;0.0081506
21;1.5016;0.14438;2;0.85;0.5;50;50;Euclidean(Minimum);0.020774;0.026381;0.00076972;0.0013464;0.0054301;0.02563;0.025219;0.0012373;0.0089427;0.0013051;0.0032741;0.021385;0.011696;0.023576;0.020876;0.00052192;0.0036533;0.0055343;0.0016792;0.0045264;0.022452;0.026528;0.00048883;0.00033691;0.021372;0.0042742;0.017755;0.024341;0.00049498;0.0066892;0.0044354;0.027;0.026838;0.0002058;0.0096473;0.026215;0.0041931;0.0029289;0.0030079;0.0021832;0.0047856;0.02446;0.00067262;0.01087;0.0011206;0.0068;0.026909;0.00026859;0.0035486;0.026753;0.018625;0.0083182;0.0044619;0.0020505;0.0085452;0.00083367;0.0026732;0.02337;0.024857;0.01842;0.018981;0.021672;0.026647;0.025135;0.0043279;0.0014599;0.0020464;0.00083107;0.02707;0.00083735;0.0052308;0.011931;0.00054432;0.0025853;0.0008881;0.0037287;0.0036109;0.010252;9.2409E-05;0.0019036;0.00072664;0.02121;0.018208;0.014393;0.0042106;0.0084145;0.0054341;0.018745;0.02343;0.023981;0.0018845;0.00070219;0.017092;0.0014606;0.0062717;0.00057271
22;1.6003;0.23353;2;0.85;0.5;50;50;Euclidean(Median);5.814E-05;0.01981;0.0027177;0.00073921;0.00076378;0.010148;0.0055008;0.033236;0.0021993;7.9308E-05;0.0050559;0.00036277;7.841E-05;0.0014529;0.00098038;0.003894;0.00084578;0.0013795;0.040578;0.006178;0.0068924;0.0017088;0.0089898;9.4955E-06;0.00051127;0.034412;0.0017911;0.00074988;0.016726;0.0014424;0.0014107;0.00098218;0.0049869;0.019185;5.6926E-05;0.0013485;0.00018;0.038486;0.0020376;0.0009578;0.000449;0.0064077;0.0032734;0.0056231;0.0065108;0.0024475;0.0075905;0.036452;0.0016669;0.013896;0.0030465;0.00099531;0.0028803;0.039015;0.00024688;0.0055881;0.038068;0.025346;0.003956;0.00033795;0.004571;0.0057345;0.0088857;0.0025101;0.0094995;0.0065443;0.035122;0.0020736;0.026345;0.042067;0.0033783;0.025432;0.0057276;0.0063044;0.006112;0.00033415;0.0040098;0.038949;0.010281;0.0056344;5.9916E-05;0.03926;0.033047;0.002241;0.0023697;0.0010305;0.039276;0.013742;0.04168;0.0087542;0.00062483;0.00096794;0.037252;0.0026004;0.036827;0.0080307
23;1.6027;0.23157;2;0.85;0.5;50;50;Euclidean(GeometricAverage);0.0012338;0.00087298;0.0057515;0.002933;0.034363;0.0024044;0.0030888;0.0083372;0.010231;0.0011236;0.00029214;0.00058845;0.0045052;0.00035304;3.8502E-05;0.00032977;0.0013369;0.00075842;0.0084138;0.00089755;0.043887;0.0046095;0.018812;0.00059164;0.0045133;0.00027966;0.016899;0.0035994;0.03502;0.007266;0.042386;0.041566;0.00041361;0.0038288;0.042832;0.0028437;0.00049313;0.0014307;0.022737;0.0087606;0.0015304;0.041285;2.1759E-05;0.00030583;0.033435;0.0065323;0.00020866;0.040188;0.01918;0.0034512;0.003905;0.0014506;0.0012633;0.039124;0.011789;0.038549;0.00015105;0.0004163;0.00725;0.0063169;0.0091476;0.012421;0.0038174;0.009672;0.0021336;0.0037666;0.038161;0.038679;0.01468;0.0021546;0.00228;0.041116;0.00036036;0.043893;0.0033341;0.024605;0.0030809;0.0010696;0.0012994;0.011291;0.0021469;0.0033319;0.00077247;0.0032916;0.013777;0.00034755;0.0026422;0.0020052;0.0031003;0.0022573;0.0056376;0.0026146;0.0049308;0.031382;0.0015587;0.0062683
24;1.6461;292.71;2;0.85;0.5;50;50;Euclidean(Summation);0.0027834;0.040733;0.0038513;0.03193;0.0029802;0.00036619;0.0098515;0.004602;0.00036408;0.0005548;0.0032347;0.040399;0.0053647;0.040747;0.012162;0.001225;0.00061184;0.0051736;0.0071024;0.00057963;0.0016826;0.0021213;0.019721;6.176E-05;0.0067149;0.0050495;0.040571;0.0071785;0.0013503;0.0021967;0.00095947;0.0063792;0.00026257;0.0084634;0.04125;0.042223;0.0045335;0.039693;5.4067E-05;0.00063363;0.0011885;0.00033939;0.0019136;0.00010029;3.195E-05;0.0055283;0.00077475;0.001444;0.0028309;6.5611E-05;0.0028384;0.00025094;0.0015227;0.0008956;0.042193;0.0068143;0.019415;0.006133;0.0019066;0.0029673;0.00056979;0.0039984;0.018778;0.0019359;0.0023228;0.035831;0.0020715;0.0050865;0.0072846;0.010876;0.036479;0.00048285;0.0038213;0.0017114;0.001139;0.0084182;0.0017239;0.0019633;0.022579;0.004014;0.041095;6.4855E-06;0.030922;0.0070876;0.001991;0.00097081;0.025269;0.037336;0.0059424;0.0079295;3.3768E-05;0.040475;0.012458;0.031434;0.039629;0.0014639
25;1.6608;0.23997;2;0.85;0.5;50;50;Euclidean(GeometricAverage);0.031378;0.0061242;0.0025752;0.0063236;0.0039465;0.041888;0.034779;0.0036502;0.0068343;0.0018606;0.00073214;0.00018104;0.0094083;0.00058142;0.001918;0.00051762;0.028454;0.007009;0.0038586;0.042358;0.040719;0.00044331;0.0010379;0.0053737;0.02104;0.0024928;0.03365;0.0002532;0.042281;0.004647;0.035702;0.040178;0.011169;0.0010538;0.0026546;0.0018488;0.00061247;0.0026222;0.0004804;0.0035987;9.1888E-05;0.00082968;0.041798;0.00082381;0.01952;0.0033425;1.7039E-05;0.00075911;0.0022913;3.474E-05;0.0011446;0.00038493;0.041186;0.03181;0.0091959;0.042067;0.0067454;0.002828;0.00016409;0.0025386;0.0048741;0.0038517;0.041095;0.0004833;0.020091;0.00072881;5.741E-05;0.011481;0.0013611;0.039568;0.030319;0.00073248;0.0089847;0.0037848;0.0063345;0.0057834;0.040903;0.003596;0.0011228;0.0031054;0.0034741;0.0077412;0.0010606;0.004699;0.00013419;0.0062741;0.041812;0.003722;0.0011277;0.00030857;0.00022773;0.00031513;0.0017499;0.0041985;0.0007774;0.00031087
26;1.6862;0.24477;2;0.85;0.5;50;50;Euclidean(Average);0.03908;0.0019574;0.0025884;0.0021086;0.0016445;0.040235;0.0014639;0.0054253;0.0074966;0.035589;0.00034037;0.00023017;0.0015816;0.0012345;0.0028556;0.036301;0.0010054;0.00496;0.0094505;0.019666;0.0047212;5.7088E-05;0.0013053;0.040385;0.002729;0.0016904;0.00088293;0.003896;0.040525;0.0064001;0.0022402;0.0010244;0.040031;0.0038461;0.028139;0.0053912;0.00030163;0.04008;0.0012515;0.039552;7.5367E-05;0.0029033;0.00098198;0.0076993;0.0018897;0.031287;0.0058698;0.040422;0.0066936;0.012572;0.00022262;0.0050718;0.040617;0.00065423;0.0010899;0.0012578;0.0032034;0.0012869;0.010149;3.5367E-06;0.0026894;0.0047762;0.03886;0.00028735;0.004843;0.00037458;0.0013217;0.00014007;0.04045;4.3654E-05;9.5041E-05;0.0012729;0.0056581;0.0048309;0.0009103;0.0054052;0.036858;0.00098121;0.00156;0.00017969;0.038868;0.0015563;0.034206;9.9656E-05;0.032988;0.0029638;0.0011467;0.0075005;0.0010904;0.0030384;0.00090172;0.032394;0.016883;0.018249;0.0020406;0.00092567
27;1.6938;301.19;2;0.85;0.5;50;50;Euclidean(Summation);0.0026245;6.25E-05;9.5164E-05;0.0045933;0.00095988;0.00080388;0.0011075;0.0010375;0.0010534;0.00033312;0.0085976;0.00014202;0.026343;0.044003;0.010139;0.02902;0.0024357;0.002119;0.036911;0.0008839;0.0012053;0.033383;0.031033;0.00047613;0.009038;0.0021927;0.038129;0.0066566;0.010141;0.00076292;0.0012882;0.0029852;0.0040512;0.0012424;0.0014333;0.00055568;0.00094229;7.7418E-05;0.0036874;0.041224;0.0017677;0.00090578;0.033937;0.0011332;0.0021124;0.0012968;0.0061471;0.035692;0.00056222;0.0068045;0.00078126;0.00042008;0.038632;0.0019331;0.0016769;0.041583;0.043576;0.0010721;0.0021844;0.040932;0.041478;0.0080981;0.0080925;0.0030545;0.014209;0.0084469;0.03759;0.03446;0.00032117;0.0018049;0.014724;0.0067501;0.00069967;0.0041905;0.0025002;0.04341;0.002026;0.00040976;0.0047981;0.0042486;0.00048486;2.5325E-05;0.024746;0.0087439;0.039467;0.00058068;0.00067958;0.041389;0.00046179;0.00039433;8.9554E-05;0.0006896;0.0087481;0.0010944;0.0016376;0.0025371
28;1.711;304.24;2;0.85;0.5;50;50;Euclidean(Summation);0.019635;0.040434;0.00022492;0.0014459;0.0032672;0.00019713;0.0051034;0.0031576;0.038879;0.0034189;0.0028171;0.00023305;0.0413;0.00092336;0.0096199;0.00028421;0.024056;0.034881;0.006379;0.00039647;0.0025746;0.0082038;0.0022757;0.0048382;0.037726;0.00036551;0.00040682;0.044724;0.010084;0.0013831;0.043834;0.0002298;0.0023627;0.041089;0.0034518;2.4476E-05;0.0046713;0.0069974;0.00050761;0.037773;0.0072891;0.00040067;0.0022209;0.0029897;9.0278E-06;0.00036232;0.037543;0.0008221;0.0040492;0.0019629;0.035702;0.0030031;0.00056264;0.0014391;0.00086981;0.00311;0.0014106;0.0018429;0.041314;0.0028118;0.0057057;0.032226;0.00065825;0.0024436;0.027343;0.019052;0.011038;0.0013566;0.00089405;0.0019578;0.0056219;0.00034529;0.00087008;0.032797;0.0031195;0.00084591;0.0038722;0.00058518;0.044215;0.00060408;0.0019068;0.0019516;0.044418;0.0018201;0.0018211;2.9061E-06;0.0057368;0.037035;0.007039;0.0035351;0.00058651;0.0016078;0.042076;0.00070102;0.001408;0.012913
29;1.7229;0.25009;2;0.85;0.5;50;50;Euclidean(Average);0.0027723;0.0078108;0.00060963;0.0010861;0.026415;0.0022394;0.011758;0.045598;0.00066118;0.00168;0.0035004;0.03817;0.0066623;0.031014;0.00076749;0.00097785;0.0013735;0.0015712;0.00213;0.0021742;0.0020489;0.0027397;0.0018527;0.045147;0.0029491;0.001479;0.0015293;0.008139;0.00053871;0.0061696;0.00059192;0.0047773;0.0026644;0.0008085;0.043477;0.00041615;3.7284E-05;0.0036598;0.0014901;0.0021384;0.0013895;0.04286;0.0006326;0.001971;0.0424;0.0010831;0.0043569;0.0022604;0.015094;0.0094351;0.0020934;0.039784;0.0011539;0.001037;0.00058799;0.00090271;0.00070249;0.0020035;0.00035527;0.0090344;0.010447;0.045061;0.0017308;0.0013339;0.040881;0.0027464;0.0028769;0.042786;0.0021016;0.0025547;0.0046332;0.039835;0.003563;0.0064341;0.046063;0.0026556;0.007702;0.045475;0.0026572;0.0030817;0.004698;0.0017363;0.012751;0.0018877;0.00057336;0.0032324;0.00047691;0.024933;0.017811;0.00096078;0.03989;0.00039829;0.0056031;0.040717;0.00051425;0.028438
30;1.7299;0.25111;2;0.85;0.5;50;50;Euclidean(Average);0.00057783;0.0013999;0.0036626;0.0024686;0.043856;0.045322;0.0042801;0.003798;0.030616;0.0041909;0.045596;0.044339;0.00058554;0.0055335;0.038973;0.0022937;0.00038343;0.00069908;0.003883;0.03664;0.043156;5.9607E-06;0.0010958;0.0023089;0.00012806;0.0060077;0.00021011;0.0098123;0.0033784;0.0011119;0.0053386;0.00060334;0.00012985;0.00074415;0.00098714;0.044258;0.00041341;0.00081448;0.0020028;0.043293;0.0012479;0.011442;0.0070545;0.043125;0.0037739;0.0013779;0.0052263;0.0020382;0.013783;0.038226;0.045639;0.0086412;7.4092E-05;0.0065973;0.001892;0.00023358;0.0021512;0.0021473;0.00098632;0.0023383;0.0089708;0.0053357;0.00050163;0.0030551;0.011005;0.0051872;0.0046932;0.0025568;0.000958;0.044393;0.00041447;0.00045912;0.0060387;0.00112;0.0034008;0.042074;0.0027745;0.0055546;0.00095218;0.0093784;0.001159;0.041684;0.0072148;0.0039179;0.014604;0.0067991;0.0070271;0.0012874;0.00014543;0.0051367;0.0082692;0.044483;0.0032839;0.0056081;0.0052874;0.0023776
31;1.7497;0.25282;2;0.85;0.5;50;50;Euclidean(GeometricAverage);0.0039799;0.0077314;0.0037478;0.00037315;0.0026905;0.0019753;0.01086;0.043439;0.0046873;0.014646;0.0022207;0.0046172;0.0012565;0.0066422;0.010457;0.00019391;0.042921;0.00091212;0.0023823;0.019145;0.00036335;0.041031;0.048508;0.0005262;0.049954;0.0031592;0.00040625;0.00051111;2.0525E-05;0.016789;0.039111;0.0009039;0.046202;0.0041265;0.00076139;0.043388;0.00084274;0.0012488;0.0024036;0.003487;0.0042004;6.8181E-05;0.019771;0.043763;0.00084022;0.0025755;0.0037377;0.034187;0.038039;0.00051131;0.0077069;0.049486;0.0038017;0.0021821;0.00062301;0.046622;0.0058007;0.0041418;0.0014667;0.0025583;0.00088022;0.00096514;0.040437;0.0043508;0.049163;0.0058174;0.00028211;0.0028349;0.00011772;0.00041355;0.0020009;0.0076989;0.00031474;0.00093528;0.0013895;0.0041168;0.0040901;0.0020706;0.00084741;0.0045389;0.0017135;0.0010227;0.0031315;0.014077;0.002087;0.0027218;0.0045604;0.0017067;0.0014643;0.0023024;0.00016624;0.0052755;0.04884;0.0029932;0.00915;0.0048179
32;1.7572;0.25644;2;0.85;0.5;50;50;Euclidean(Median);0.00055786;0.043347;0.04061;0.00066594;0.0055897;0.0002527;0.0012338;0.0010154;0.00086403;0.00031336;0.010097;0.00057312;0.0031141;0.00065755;0.003081;0.00045787;0.0013705;0.005122;0.022071;0.0007339;6.6123E-05;0.047686;0.0082461;0.0053324;0.041513;0.045274;0.047118;0.003058;0.002229;0.0014483;0.0003083;0.0035814;0.0010433;0.0051729;0.0087539;0.0021994;0.0063936;0.0053775;0.046621;0.0022445;0.0077546;0.00071927;0.00024244;0.038015;0.0030695;0.0040168;0.0041289;0.0010624;0.00096692;0.048014;0.0020735;0.0055525;0.0063599;0.0099146;0.040531;0.0023035;0.00034203;0.0067315;0.044474;0.00048969;0.0017516;0.0079672;0.0015995;0.00072677;0.0048132;0.00159;0.0018652;0.0072929;0.017142;0.042344;0.034105;0.00088518;0.046787;0.0039205;0.007093;0.0020746;0.001193;0.028939;0.002685;0.0013874;0.0046981;0.0034461;0.0045853;0.0015237;0.0036762;0.0032428;0.0019718;0.0029913;0.0055135;0.0043964;0.0002995;0.0067536;0.038019;0.047059;4.7251E-05;0.0034564
33;1.7771;0.25934;2;0.85;0.5;50;50;Euclidean(Median);0.021832;0.0016294;0.049497;0.048934;3.4727E-05;3.0098E-05;8.7191E-07;0.0074617;0.00083628;0.0002908;0.050232;0.050618;0.014189;0.014538;0.0022649;0.0013242;0.0061259;0.001722;0.0022836;0.017976;0.00070457;0.022754;0.0022627;0.0081252;0.0014373;0.00065047;0.0040279;0.00037858;0.00076998;0.0049695;0.0026053;0.00027377;0.0078997;0.001476;0.049182;0.0055399;0.045664;0.0015294;0.047258;0.000562;0.0045947;0.001392;0.0044512;0.0027726;0.00099951;0.0065225;6.1612E-05;0.0019978;0.016082;0.0022674;0.0012639;0.00055713;0.0012149;0.0042647;0.00059943;0.0001928;0.0030188;0.00060814;0.021762;0.018408;0.0024104;0.042977;9.6768E-05;0.00052284;0.01494;0.0025527;0.0031107;0.022578;0.048442;0.048048;0.0031321;0.046939;0.0001415;0.00074291;0.049124;0.047245;0.00011388;0.0057354;0.0034073;0.0045095;0.00068892;1.6844E-05;0.0042007;0.0033297;1.025E-06;0.020804;0.020342;0.00031211;8.3544E-05;0.00010528;0.0010851;0.0012278;0.0020134;0.0052739;0.00056387;0.00026076
34;2.1341;0.029944;2;0.85;0.5;50;50;Euclidean(MinimumTimesMedian);0.029648;0.0308;0.0047851;0.0012013;0.0023726;0.028851;3.3123E-06;0.0091742;0.028207;0.0054606;0.0036449;0.02225;0.0013609;0.00046683;0.0027304;0.01438;0.029812;7.4348E-05;0.012183;0.0049239;0.0030322;0.00080691;0.011159;0.0017758;0.00096778;0.0058335;0.00095018;0.0023437;0.0044196;0.0049727;0.0015289;0.00053766;0.031562;0.00044198;0.022645;0.031671;0.030482;0.0012433;0.0022804;0.01997;0.0010287;0.029807;0.0039688;0.0014029;0.0013039;0.0065723;0.003691;0.030108;0.0019081;0.005651;0.0046244;0.029507;0.031769;0.0015325;0.012081;0.032067;0.028522;0.029853;0.0030878;0.00021834;0.031328;0.0049057;0.0011665;0.0014394;0.0098247;0.0086929;0.0032076;0.00037154;0.00075954;0.0022951;0.015118;0.027724;0.0029786;0.00074432;0.028523;0.0027838;0.0026971;0.016568;0.0017708;0.0045148;0.0030392;0.0044353;0.026174;0.0016378;0.00082839;0.012955;0.0081211;0.0026516;0.010404;0.030873;0.023662;0.0051338;0.007011;0.018911;0.0038913;0.0032009
35;2.1582;0.030282;2;0.85;0.5;50;50;Euclidean(MinimumTimesMedian);0.031154;0.030141;0.00049058;0.0055248;0.0022967;0.016179;0.031074;0.0012739;0.028434;0.033297;0.0017729;0.00090268;0.0054118;0.0048717;0.00067006;0.033552;0.00051091;0.023606;0.0045185;0.002586;0.010453;0.0046824;0.0019276;0.00078508;0.0044019;0.013792;0.028187;0.00016321;0.027274;0.00063137;0.0048378;0.031684;0.0034343;0.0011245;0.0027951;0.031365;0.0013416;0.0017543;0.011924;0.0013256;0.00059027;0.032197;0.0071977;0.006013;0.0076672;0.003801;0.031954;0.0097069;0.002713;0.0022711;0.009481;0.018784;0.017592;0.03253;0.032527;0.0003531;0.0091392;0.0067391;0.031863;0.0053309;0.029733;0.00055008;0.0043833;0.0036134;1.0124E-06;0.00011753;0.0011676;0.01526;0.0099086;0.00031579;0.00071027;0.0014296;0.0053659;0.00014629;0.005937;0.0021873;0.028437;0.0029383;0.0041383;0.0018702;0.02778;0.0096124;0.02922;0.0064861;0.0030207;0.00035624;0.0016094;0.0042812;0.019274;0.0022486;0.032577;0.026927;0.0010854;0.0031745;0.0025849;0.00095084
36;2.1607;0.030317;2;0.85;0.5;50;50;Euclidean(MinimumTimesMedian);0.002216;0.029967;0.027304;0.012815;0.03172;0.026941;0.023117;0.022181;0.030844;0.0043935;0.0014763;0.00017703;0.00024606;0.01018;0.02627;0.00214;0.02797;0.017121;0.0013518;0.0033247;9.6141E-05;0.00016209;0.031537;0.029484;0.030548;0.0020746;0.00087204;0.00011765;0.00075559;0.00085921;0.0046879;0.0011818;0.016993;0.017325;0.00016621;0.0043998;0.0017387;0.00097339;0.00026286;0.024194;0.00043614;0.00015115;0.030223;0.02656;0.0046319;0.01494;0.00021223;0.011121;0.0025585;0.0016573;0.027857;0.030372;0.020879;0.00045586;0.017723;0.0022928;0.0049619;0.0010569;0.0015144;0.00091025;0.0018179;0.020695;0.0286;0.0069898;0.028376;0.0060423;0.00070509;0.00075407;0.00011807;0.0061781;0.0021891;0.0037148;0.0019301;0.0018689;0.0037057;0.016745;0.026874;0.00071288;0.00081219;0.0010163;0.0018872;0.00067088;0.028047;0.025672;0.00107;0.0028658;0.016248;0.00091707;0.026596;0.0027666;0.00032071;0.028438;0.00064387;0.02893;0.0042623;0.00012351
population
1;0.34984;3.3003;11.303;3.4629;3.4287;1.8302;1.1028;0.83975;0.48524;2.8638;3.4469;2.5869;0.91237;3.4709;6.5325;0.80975;3.0602;1.4933;0.57187;2.1138;8.5204;2.7419;2.1936;2.0565;1.0359;5.2716;5.3686;6.3572;4.515;1.1316;2.5604;2.3174;2.7762;1.6916;1.9128;2.1109;7.8079;1.5742;1.0206;2.3858;4.6955;0.035819;4.3437;4.8549;1.7377;0.11501;1.5389;5.4658;2.1786;1.7686;0.040096;0.021016;3.0101;0.0074899;1.8921;0.68301;0.29555;0.38182;0.47341;2.3445;0.68775;0.29916;1.6301;0.095984;0.50932;0.064577;3.9108;0.49673;0.14716;3.0305;0.0078875;0.41588;0.72854;5.1906;2.7948;0.028041;0.19467;0.50733;1.6267;0.17373;1.8915;0.17132;1.5612;2.8985;0.10579;0.00088421;3.4268;1.9436;0.64032;0.41789;0.26198;1.7774;0.0016234;0.11922;1.0774;1.1818
2;0.60853;3.4354;0.80075;3.9391;3.7477;1.4346;2.0075;6.3877;0.76603;4.1999;0.259;2.3401;3.1127;1.8285;0.14627;0.88639;0.84371;1.396;7.6184;3.5274;0.19379;2.0451;6.4895;4.1441;0.64773;1.8915;2.1287;3.0259;1.3715;1.9783;5.0226;5.4386;3.2695;2.5694;0.4713;2.7041;3.7313;0.5459;2.1367;0.92562;6.6807;0.51881;0.90938;1.0415;1.0907;0.36539;2.2135;5.4146;1.0489;0.075525;0.5315;0.015375;0.20352;0.02411;0.12241;0.0029519;9.2719E-05;1.6451;0.11043;0.069402;0.72535;0.70697;0.22905;0.36932;0.012425;0.13876;0.15842;0.9569;0.0074869;0.28669;5.6494;1.4684;1.6973;0.29152;0.86178;0.0046755;7.1514;2.4362;0.018843;0.020236;0.89805;0.3031;1.4829;1.2073;0.16491;1.3411;1.7302;0.064619;0.063872;5.0786;0.20851;0.69704;0.4812;0.0053116;0.87319;0.68762
3;7.0704;1.541;3.4807;3.7111;4.2872;0.84988;2.0432;3.4727;2.373;6.2758;2.0315;0.12309;7.1284;0.23156;3.4616;4.7688;4.8946;4.8123;9.8742;6.4221;2.9516;1.8709;0.90739;0.062794;0.33184;1.7996;2.4307;8.94;0.66492;1.3955;3.0121;0.5378;1.8317;4.2625;5.5779;0.65161;0.62101;3.3826;1.2321;3.2241;1.3673;7.3718;4.5926;2.8982;2.0183;0.91661;8.2661;1.1353;0.3856;2.9172;2.3229;0.13336;1.3848;0.32765;0.74762;2.0583;0.099943;3.4336;0.26025;1.221;1.858;0.39886;3.6812;0.47356;1.5522;1.8465;1.2786;0.19274;0.017904;0.32468;0.35448;1.279;3.626;1.4496;0.77467;0.055742;0.19132;0.045147;0.07772;0.28174;0.56879;1.3687;1.1429;1.7332;2.091;0.00024173;0.80986;0.013774;0.20286;2.3117;0.22716;1.5947;1.9355;3.2512;0.0001098;4.2576
4;5.1105;5.8459;1.0322;1.7092;0.96839;4.0865;1.3249;3.8406;1.5041;0.32837;1.4664;1.8566;2.8532;0.8666;3.9503;6.6172;2.1663;2.049;1.7706;5.0927;4.0698;6.4951;10.648;0.77854;0.71033;0.95816;1.2629;4.4108;4.1326;0.12245;2.8953;3.5386;3.6886;0.74756;1.5491;12.867;1.0683;1.0449;1.2435;1.1845;0.35127;9.2945;3.9101;4.2735;3.4669;3.9922;5.2131;2.6604;0.067811;7.2506;0.035387;0.45983;0.46768;0.03873;0.83321;0.067211;0.38283;0.63608;0.73464;0.92396;0.2554;0.68313;0.51875;0.66848;0.21257;0.073598;1.8403;1.4781;0.54367;0.22913;0.052468;0.83373;1.9229;0.033266;1.9526;0.0010219;0.032898;1.5223;0.041883;4.9143;0.4406;0.12239;0.184;0.14426;0.017665;0.61424;0.0048425;0.022303;2.3353;0.61649;0.070184;0.6902;0.43435;0.28259;0.88817;2.6581
5;2.7847;2.5158;0.87442;3.4494;3.1488;5.2532;1.2742;1.7172;0.49238;3.9933;5.526;2.4297;6.8438;10.672;3.979;1.6381;2.1182;0.66103;2.6554;3.2686;2.0234;0.79027;0.85321;1.789;1.0828;4.864;1.8734;4.442;1.3896;1.4979;9.2381;8.5739;2.5414;1.6645;3.6161;2.0159;5.7378;4.1599;4.097;1.9555;1.5827;4.3557;2.8538;8.9859;1.4019;3.4858;1.7437;2.5578;0.023323;0.13395;0.065186;0.72887;0.21319;3.0488;0.79422;0.045426;0.2252;1.37;2.953;0.7926;0.1023;0.057479;0.41283;0.12942;0.011366;0.055666;0.088202;1.0606;0.43841;0.073917;0.0097738;1.4343;0.87011;0.17851;0.00033349;0.2589;0.016717;0.18911;0.31053;0.15785;2.1495;0.0011254;2.7295;0.068912;7.7519;2.2009;0.48937;0.028985;0.71659;3.5671;0.51355;0.02763;0.090683;4.368;0.43883;1.9506
6;2.9284;4.0823;3.2939;8.3698;1.2322;2.3519;0.43616;0.5855;0.32444;0.99956;2.8393;1.9952;2.0836;4.228;0.95352;6.3348;0.87004;0.63405;3.131;5.1236;1.2351;11.535;0.1306;2.9496;0.061436;8.0098;4.7217;3.4427;2.8244;2.5265;0.8022;3.2492;0.56087;4.4732;3.4006;0.27287;3.1795;6.5503;3.4913;0.68955;1.02;0.3809;6.231;1.4219;5.2017;4.0234;1.957;1.9807;0.052635;0.0034808;0.20725;1.7773;0.065337;0.49745;0.080648;0.042681;0.028315;0.45621;0.056124;1.2272;0.071316;0.048312;0.31381;0.014645;1.312;0.12135;0.92974;0.91963;1.6119;0.00029849;0.23374;0.4246;0.082529;0.077742;1.0147;0.33058;0.93354;2.4094;1.0216;0.083995;1.5858;0.095751;0.056786;0.0044504;0.8975;2.4049;6.7036;1.8469;0.28385;0.035307;0.23231;1.4806;0.60191;2.5618;1.2466;0.049244
7;1.4403;3.0759;3.584;4.274;3.3708;1.5782;2.4614;4.3059;0.61946;0.70645;0.43991;2.1536;5.2894;2.4206;1.1086;0.50177;2.1325;0.34026;3.1042;4.2299;1.3365;2.0557;3.9208;1.5686;1.2689;5.2485;1.7237;0.50117;2.2996;3.2199;2.6153;7.4491;3.5593;4.2966;0.47781;0.62951;3.1204;3.9195;0.20818;3.249;5.3755;1.8241;4.9872;7.8792;3.3604;3.315;1.4445;0.84929;0.28479;1.4452;0.045133;0.0036839;1.6388;0.0037742;0.081798;0.43785;0.1692;5.2624;0.43094;0.16262;1.3362;0.94881;0.039062;1.2985;0.19964;0.47167;0.0010483;0.84395;0.091578;0.0023336;0.67721;1.913;0.034101;0.0063602;0.0045172;0.048348;0.0052599;0.058073;0.081677;2.1562;0.62719;2.7658;1.0678;1.081;0.11812;2.9861;3.3876;0.33705;0.08598;0.040368;0.030595;6.7727;1.2962;0.024025;7.907;7.8274E-08
8;1.0583;4.6886;2.7824;5.8013;4.1938;2.9536;6.7418;1.4153;2.7802;2.1492;3.4267;10.888;2.0115;3.8984;2.439;1.8639;3.5698;2.0975;9.3964;3.9254;1.5188;1.5419;1.099;0.42839;1.7422;0.40131;3.4805;1.0547;6.9154;1.6099;1.8871;2.6224;2.4346;5.6657;3.9702;3.5405;2.6875;6.1079;2.1865;3.374;3.7246;9.8956;11.409;0.86108;1.562;3.6831;2.7703;1.5762;0.12708;0.47213;0.0093023;1.5371;1.5861;1.3497;0.21367;2.4776;0.065226;0.67179;0.072533;0.11725;0.0084205;0.056381;0.73732;1.3405;0.60115;1.4126;1.9209;2.0556;1.9508;0.35133;0.8802;0.81032;0.0049167;2.5491;1.1755;0.051066;0.92743;2.4753;0.61373;0.55221;0.065814;0.92727;1.5965;0.50135;0.015463;0.088461;0.24022;3.7029;2.4972;1.2376;0.11201;0.95135;4.2551;0.76908;0.61659;1.6472
9;10.932;4.3445;1.6255;1.7954;4.4949;0.75198;2.5849;1.8328;0.66283;6.4649;0.043683;1.605;3.0684;1.1199;1.1013;5.0041;0.44284;6.7166;6.5328;3.0398;6.5746;2.9383;0.45308;4.3051;0.20356;5.6998;3.3432;1.2021;0.18683;1.2515;10.911;7.3072;3.1884;1.2805;0.50437;0.47527;2.7303;0.96609;1.5358;4.177;2.4949;6.2453;2.4834;1.9364;2.9841;4.1582;0.31629;3.5777;0.2152;1.5335;0.0081229;0.28344;1.5879;0.10427;0.24547;0.22684;0.047534;0.21685;0.70628;6.2316E-05;0.53752;0.0025144;2.3512;0.0069734;0.14689;1.4;0.70522;0.15657;0.024887;0.0011673;3.8896;0.86011;1.1076;0.032123;1.782;1.674;0.50375;0.025501;0.28442;5.5144;1.0898;0.010681;0.66853;1.0174;0.0045519;0.19204;0.94895;0.085076;1.2679;1.0292;0.27525;1.4277;0.65452;0.076111;0.034037;0.86365
10;0.57567;3.2021;0.47641;8.3302;3.7506;1.0145;1.2129;3.757;6.2997;0.54713;4.7572;14.711;2.9008;8.0819;1.4242;1.1351;3.399;4.4412;0.72982;2.1889;1.3958;1.2662;4.9837;0.36712;5.3507;1.4766;0.64919;1.2602;15.887;3.0163;2.8163;2.2756;2.6194;1.9623;2.519;1.1915;0.31322;8.5309;1.1357;1.2783;2.9559;6.718;0.2315;13.832;4.7261;0.43609;0.93438;3.3871;3.5362;0.16847;3.0517;0.13654;1.7141;0.2057;0.083376;0.35592;0.27603;0.14355;0.14358;0.35662;0.0081603;0.85063;0.84232;0.24959;1.6385;0.0077402;0.0038926;0.113;0.053357;0.029365;1.0516;0.00039283;0.51792;0.009956;1.0078;0.012877;1.189;0.031301;1.2971;0.66774;2.8609;0.081373;0.019133;0.88786;0.33621;0.91294;0.17792;0.2161;0.40775;0.75741;0.25244;2.831;0.30291;0.61895;5.8167;0.35121
11;4.0638;0.85518;3.1522;1.1892;3.7996;3.5694;2.8976;1.2229;2.8783;2.2563;2.5059;0.53703;1.1985;4.48;1.3654;3.1213;0.84889;6.9896;1.8214;10.246;4.8048;5.6956;5.7018;1.7231;0.96598;3.9741;1.3771;2.41;2.6354;1.0661;7.7902;4.8703;6.2821;2.7092;2.2478;0.76597;4.1487;1.7328;2.066;2.5289;1.1539;2.8733;3.0156;11.29;1.3709;3.0365;3.7983;1.5079;1.3235;1.5874;0.20383;0.019596;0.10478;6.5944;0.061772;1.5241;1.8081;4.6853;2.8921;0.42942;2.5097;6.591;0.00075351;1.5198;0.015414;1.5525;0.88236;0.86125;1.0452;0.020147;0.011464;0.16456;0.18783;0.49073;0.093724;0.056976;0.071004;1.3779;2.0968;0.80067;1.2688;0.018657;2.3424;0.0053317;0.29856;0.00068401;0.03768;1.0556;0.18913;1.0506;0.62523;0.76025;1.2852;3.2219;0.041828;0.37458
12;5.1795;0.9065;0.87259;0.73214;1.4427;1.8817;2.5976;3.2152;1.3001;3.0067;12.302;2.3885;0.20839;11.247;1.8019;8.474;1.068;2.3829;6.5018;2.6209;3.654;6.4143;2.6804;1.5973;2.5587;1.0041;3.0875;3.431;0.85253;1.449;2.6962;1.9483;6.5087;9.1875;2.4332;1.8307;4.1622;2.2533;3.9505;10.598;0.82581;4.4788;3.2654;2.1627;0.70911;2.0116;1.9585;2.9199;4.8829;0.12305;0.0022933;0.038094;1.3279;0.013604;1.2631;0.048917;0.40253;2.0365;2.3082;0.20843;0.42679;0.031278;3.3488;0.16632;1.7865;0.020506;1.6782;0.71803;0.75756;2.9203;8.7745;0.21154;0.48815;1.0803;0.40721;1.6645;0.15049;0.012684;0.0038116;0.072518;1.6085;0.77944;1.5872;0.0042816;2.8677;0.76181;0.47463;0.43148;1.7756;4.7127;1.0738;0.34755;0.75394;0.42512;0.60924;2.1777
13;0.89458;0.75872;4.1455;13.039;3.2149;2.2048;2.5778;0.53779;2.0651;1.642;0.6525;0.30958;4.4875;3.4201;2.5325;1.7447;1.7551;2.8706;0.50927;4.8773;0.82471;2.6183;4.6775;4.0834;4.2065;6.6099;1.6317;3.0793;1.0109;2.3104;1.0375;1.1678;1.4163;1.152;0.5857;1.7462;3.9319;0.80304;0.51588;7.8428;8.6448;1.0587;1.8999;4.0168;5.4153;0.85866;5.671;4.3911;1.0716;6.2842;1.6034;0.046234;0.31944;0.11472;0.44193;0.8154;0.0018972;0.26906;0.90881;0.087651;1.1241;0.65564;0.035801;1.1343;2.2383;0.19673;4.2497;0.041168;0.052096;3.859;2.4491;0.20066;0.084058;0.013979;1.2382;3.2928;0.49575;0.12256;7.2126;1.2834;1.1042;1.3372;0.14547;1.5164;0.087817;2.0911;0.027657;0.87636;0.030813;0.32876;6.9798;0.29649;2.1587;3.0619;0.58722;0.4996
14;7.3647;4.1605;0.34886;1.3781;1.0957;0.73282;2.5527;2.0499;1.8768;0.93193;1.9235;2.4733;1.1553;0.7082;5.2774;4.052;0.72567;1.2567;1.8676;7.9544;1.4652;0.15914;3.5115;1.9627;3.5384;4.073;5.3854;4.0618;3.7914;5.4457;2.6713;0.75774;2.5124;5.4529;0.70899;7.438;0.30469;1.0984;1.8233;5.9563;0.77154;6.3442;4.8477;0.24616;4.379;6.809;1.8827;0.86187;0.73422;0.52032;0.80915;0.029448;0.56533;0.78543;0.41688;1.1177;0.311;0.58174;0.27413;0.13402;0.69762;0.21568;2.2077;0.16107;0.70151;0.055576;1.6163;0.48692;0.12127;0.99512;1.2096;0.32033;0.067818;0.28249;1.6188;0.27077;0.24079;1.0504;0.26223;0.09536;0.053945;0.032862;0.62751;4.3786;2.421;0.76552;0.70438;0.028109;0.11069;4.2218;0.034639;1.4735;1.4896;0.91877;0.45588;1.1383
15;1.8573;2.9361;4.9688;3.7798;1.465;0.53508;3.8471;3.2589;2.009;1.0285;4.4643;4.0286;1.9632;6.1564;0.96263;4.4426;1.6652;7.4204;3.3102;2.6163;0.56215;5.5897;1.5944;5.4221;3.4081;1.1185;1.5907;3.6531;1.3557;1.7713;0.43036;7.38;3.3649;8.4645;1.6632;5.4608;2.0581;2.6048;1.643;0.81352;0.82403;0.25376;1.4676;5.8671;5.2568;3.0325;2.9225;2.0541;0.0022711;0.50846;2.0527;1.9825;0.88854;0.34564;1.2869;0.18479;0.49937;3.6082;1.3001;0.17264;0.36888;1.978;0.15808;0.050473;0.071528;0.78262;0.054382;1.3186;1.1349;0.014482;3.0604;0.24427;0.37011;0.16672;0.86926;0.091111;0.89046;1.7957;1.7431;0.55094;0.26173;0.098437;0.94306;0.113;0.1949;0.10362;0.094211;0.53908;0.2686;0.062313;0.016643;0.9782;0.1605;0.035703;0.024245;0.032141
16;0.26008;0.50756;4.2637;0.47217;1.8774;1.0165;0.95998;4.4208;6.612;1.3111;2.9541;0.74494;1.3235;4.0624;3.3791;3.5186;2.524;3.4851;3.7387;3.0024;4.2897;1.7039;0.71938;3.889;4.5672;2.8763;3.9181;0.49415;2.5243;3.6385;2.5927;4.8551;2.197;2.058;2.9666;7.5757;1.7852;3.5425;0.85711;3.9685;4.1214;4.2369;0.075129;4.3638;5.2726;1.4061;2.3891;1.1589;0.56985;0.28021;1.4782;0.25696;1.7202;0.017794;0.0023941;1.7988;1.3686;0.12657;0.10163;0.31155;0.0038207;1.0712;1.6814;2.1044;0.97575;0.46925;0.0014946;0.45004;1.1242;0.39441;0.11228;0.039239;0.20746;0.80365;0.85932;0.62564;1.2655;0.10961;0.091864;0.084763;0.11575;0.014513;0.063752;0.0085879;0.74267;1.2552;1.8168;0.20802;0.12866;0.25818;0.69789;0.45512;0.33473;0.023615;1.0648;0.002667
17;0.73083;4.9774;4.0901;0.2044;0.87507;3.7617;0.72946;1.7648;2.538;4.7387;0.67589;0.85679;2.3527;1.8975;3.9087;1.3102;3.5946;2.9407;6.7906;2.1299;0.91868;6.1579;2.0714;3.1476;0.9483;4.1992;3.2437;2.0603;3.9667;1.4865;0.98924;3.5028;4.2495;0.68093;1.8474;0.79613;0.29778;4.2145;10.179;7.943;2.2468;2.8686;0.39378;1.9637;1.0668;1.0153;2.5706;2.412;1.6731;0.051578;1.1019E-05;0.99324;0.64143;2.1425;1.0379;1.1807;0.031419;0.25035;0.00042114;0.031713;0.91328;0.3291;8.0598;0.0027664;0.49738;0.054072;0.43517;1.5275;5.1637E-05;0.16488;0.00026677;9.5399;2.1743;0.00043153;0.031986;1.17;1.9885;2.2921;0.59767;8.4281E-05;0.75087;0.20048;0.058343;1.3852;0.51828;0.1966;3.232;0.17532;2.7069;0.11253;0.090624;3.1063;0.95598;4.3053;0.31909;0.95661
18;0.35748;1.0378;2.6773;5.52;1.1577;2.7556;2.3979;1.1343;5.3858;4.4466;3.3253;1.4942;2.8974;3.2536;4.3043;0.69174;1.4215;5.29;2.9097;1.0104;1.4965;3.2758;0.22126;2.6577;1.5757;0.32928;5.6633;4.3462;4.7294;1.0303;0.92884;0.69497;3.5898;0.24599;1.368;1.3467;2.7419;1.7972;2.6751;3.664;0.77705;4.1036;6.9687;2.0797;10.32;0.64206;0.57001;3.3065;0.95469;0.72229;0.11668;0.26304;0.72368;0.13016;0.48226;0.59523;1.1192;0.099231;3.9637;5.2961;0.5602;1.7137;0.10283;4.8607;2.9953E-06;0.10412;0.76215;0.40778;4.2561;2.6991;0.00040606;0.59644;1.4369;0.51886;5.0776;0.31829;0.36648;1.756;0.77401;2.0207;0.21499;1.3172;2.7272;0.06912;3.2264;0.89404;0.0078061;1.1097;1.2294;0.032385;0.71712;4.3873;0.64427;1.4729;0.29253;1.4968E-06
19;3.9553;3.6544;1.7879;1.1016;3.1963;1.2477;3.4166;0.78658;0.27629;2.9459;5.6796;9.6361;1.7145;2.6336;2.0144;4.9748;1.7486;0.98142;1.2039;1.3626;8.5518;2.3782;0.84344;0.83354;1.8342;0.12839;1.0117;3.5874;4.1858;0.20157;3.0664;1.0274;4.8045;1.1139;0.10323;9.5391;2.6539;2.6524;3.761;7.8858;0.046369;1.1681;0.18024;5.4456;2.9643;0.13737;5.4614;7.0855;0.033945;0.035211;1.9085;0.52307;0.1101;1.2134;1.6028;2.1819;0.22287;1.8761;0.30379;0.050079;0.042683;1.1278;0.26592;0.86478;0.66366;0.0012289;0.021978;1.5755;0.0011977;0.46757;0.26962;1.5225;0.53442;0.024596;0.57607;0.75507;1.2049;0.090725;0.14861;2.7606;0.0066367;0.14453;0.22992;0.29936;1.0863;0.052289;0.0066318;1.1491;1.5474;1.2136;0.074612;3.2418;1.9075;1.9584;2.9504;1.6057
20;2.7612;10.894;0.43771;2.4559;0.61263;4.1555;1.569;0.38311;3.4801;1.1009;5.5936;0.57642;0.075057;8.3971;0.30215;2.7278;8.2117;1.0153;1.0121;6.0744;3.6793;0.30867;2.5602;6.4554;0.81288;1.5321;0.76073;0.96319;0.76753;0.82728;0.71284;4.9528;1.914;10.245;2.4048;0.7699;10.295;2.2549;0.78469;0.48869;6.0392;3.2615;1.6295;9.309;10.267;4.659;1.4052;2.6012;0.014455;1.8334;0.38346;0.044639;2.8773;0.96503;1.4081;1.5206;3.6094;1.0738;1.8921;2.0631;0.0053648;0.24087;3.6585;0.0033398;0.53801;1.6201;0.1731;0.70322;1.1413;2.5155;0.087466;0.08418;2.1027;0.54773;0.47477;0.0063654;0.031624;1.7064;0.14668;0.87941;0.32059;0.68817;0.001776;0.3969;0.23877;2.2088;0.029099;0.28262;0.30983;0.31164;0.032481;1.9819;1.9437;1.4511;0.42232;0.58992
21;3.3274;0.47983;2.7856;0.85178;1.3394;4.4734;1.8029;3.1284;2.2924;3.0065;0.82607;1.792;1.3717;4.935;3.0431;1.0389;5.1028;0.66399;1.1183;9.5898;1.3816;4.9185;2.4342;2.4216;5.1302;1.4365;1.3807;3.8815;0.066056;0.76004;1.7746;3.9248;6.5201;0.91907;0.62376;1.1644;2.4446;2.6057;0.27119;1.8304;2.094;1.6918;4.4344;6.1963;0.37711;3.9851;5.3062;5.5573;3.1886;0.29235;0.030553;0.051281;0.18836;5.2381;1.1391;2.0211;0.32674;0.053458;0.00025029;0.69619;1.0098;5.3991;1.1651;0.026231;0.44747;0.55397;1.5555;0.44388;0.14575;1.6096;1.7067;1.5689;1.488;0.031714;0.0072114;0.7568;0.9615;2.6527;1.8882;0.0082608;0.39858;0.013274;0.013895;0.12799;0.091413;0.052458;0.3846;1.4304;0.59325;0.096607;0.26858;0.10214;0.7097;0.46963;0.45891;5.1474
22;1.6368;3.4134;6.9216;2.062;8.0213;0.22267;7.2387;2.1076;3.6562;3.75;1.6136;1.0454;1.6825;3.8316;0.25556;3.2281;6.0565;0.0025178;1.0925;1.0586;0.85406;5.2349;1.9404;0.69769;1.4096;0.86701;0.92751;2.1764;5.4448;1.1516;2.5768;8.3517;2.5711;7.5055;5.2427;0.22628;3.1124;2.7622;1.4438;0.87226;7.1838;7.9193;1.4501;3.3464;0.37379;9.974;2.8025;5.227;0.53464;0.97099;2.3485;0.024341;0.28742;0.080156;0.10459;0.0067871;0.043739;0.69746;0.83335;0.17777;0.28426;0.004231;4.4605;1.0888;1.1088;5.6163E-05;0.27049;2.0808;0.03109;2.5657;0.59651;0.3528;0.7392;0.3458;0.84006;0.29359;0.21161;0.88304;1.9949;0.30291;0.11179;0.28472;0.11075;0.89347;0.028843;0.74627;0.19286;0.25197;0.071308;0.46827;1.5922;7.7122;2.2417;1.1357;0.74906;0.033737
23;0.48563;7.0716;0.26118;6.0539;0.89394;2.5833;4.1429;1.2472;2.0805;1.6815;0.68795;1.1163;4.9903;1.4918;0.58063;4.5329;4.7132;1.0815;4.6735;0.27445;0.119;0.74368;0.66357;1.3737;7.8521;3.2176;2.3469;2.0424;0.59515;5.6173;0.19225;0.41194;5.8506;0.15629;2.9167;2.7763;0.42993;1.7514;3.437;5.1348;8.8072;4.7637;1.9466;3.7791;1.9449;2.4854;2.2648;5.5966;0.10734;1.4899;1.2835;0.85731;0.028327;0.17062;0.60519;0.010602;0.1768;1.6081;2.7728;0.89765;0.70457;0.42739;0.13068;0.00094686;1.1102;0.63374;0.22114;0.0080702;0.6456;1.2239;1.445;0.0027532;1.5131;0.014481;0.066037;0.34129;0.018316;0.067026;0.0053971;0.01738;0.22266;0.49881;1.428;1.7431;0.36903;0.15384;0.041077;5.2208;4.9522;0.060552;4.6688;0.50058;0.50214;0.12883;1.8674;0.34862
24;2.5589;0.21186;6.4798;2.9027;1.6856;1.2743;2.9092;4.1185;4.198;2.4902;3.4213;1.9366;9.5908;0.62186;1.2635;3.4953;0.67898;1.2652;12.022;3.4981;6.8383;0.73168;4.3341;1.4667;4.4791;2.0948;0.54244;4.0437;0.57814;4.0937;10.724;1.9146;6.6724;3.0261;6.1924;2.4823;1.7792;0.43815;2.9989;3.8127;2.3099;9.0442;2.3462;7.0992;3.088;16.876;3.6312;3.727;0.5419;0.008344;0.39216;0.89206;1.791;3.7854;0.081788;1.4746;2.0028;2.7984;0.058989;0.48993;0.018209;0.19454;3.1755;1.089;0.055098;0.0016028;0.4432;0.11328;1.0454;0.0036989;1.2707;1.3196;4.6054;0.24662;0.92854;0.22892;2.3007;0.26562;0.14757;2.9356;3.2007;0.35485;0.59713;0.34997;0.45867;0.0021759;1.7511;0.069113;0.048353;2.4759;0.010986;0.069878;0.79952;0.0023705;0.99551;0.94573
25;5.1749;2.0658;0.088771;4.4907;1.0059;3.5652;1.8102;8.1649;2.5995;2.6678;7.2663;3.0423;3.6854;0.42577;0.52614;5.268;2.0743;0.38845;2.7645;2.1409;2.3372;3.3872;4.1863;9.7557;5.1096;6.4819;5.3907;0.61209;2.5392;0.53992;3.9027;6.8426;1.2277;2.6891;2.4393;2.3038;2.8337;1.8758;3.1379;3.8088;2.3873;7.6227;0.56;3.4093;1.1028;4.1411;3.2274;2.4599;0.0024109;0.54812;1.9186;0.002785;0.45147;0.10655;3.0808;0.072529;0.37662;5.5654E-05;0.74767;0.041389;0.35258;2.2948;0.043392;0.12748;0.045802;1.8398;0.0047802;0.021241;0.11811;0.0748;0.089825;12.507;2.5305;1.7342;0.45913;1.4084;0.99544;4.1943;0.079806;0.4053;0.0062311;0.1074;0.0096895;1.1242;0.86482;2.8656;1.9528;0.5908;1.235;0.053373;0.47886;0.17032;3.0515;0.80418;3.992;3.4894
26;1.1689;0.90944;0.52803;11.162;7.1081;5.0627;3.4735;4.7742;5.2011;2.0668;3.3529;0.86539;0.33755;11.54;7.614;1.4659;4.3945;1.6319;3.3277;5.0153;1.8267;2.0293;3.5474;0.96741;5.0485;4.4548;6.3992;2.6727;10.595;1.2754;11.511;0.016593;2.8134;2.3631;5.2602;1.3185;2.6324;1.3503;6.0488;1.6886;1.2554;3.3807;0.14799;3.0109;1.9596;1.8706;1.2608;3.4241;0.25836;0.27696;1.2698;0.9388;0.38868;9.752;3.8643;0.6528;2.4648;0.002403;1.4249;3.8733;0.39296;0.022344;1.6544;0.04266;3.5561;0.17137;0.60992;2.9409;0.10825;2.8332;0.37086;1.1149;0.34358;0.016912;0.095491;0.34286;0.30292;4.7583;0.48869;0.025778;0.69725;0.011783;1.5363;0.034304;0.32639;4.2819;0.060285;0.032605;0.15254;0.032371;0.31764;3.3912;3.652;0.012044;0.14531;2.3735
27;3.2377;8.4646;8.4012;3.2988;7.351;1.6788;3.1214;0.10792;4.7098;6.1845;1.2246;1.2308;1.843;0.92266;0.86819;2.2811;1.9165;2.0231;4.811;0.9357;2.6274;3.2014;3.2571;1.2286;2.2052;1.5719;3.2362;5.6152;2.9729;2.6344;0.095101;1.5152;1.2274;0.61849;2.7505;5.9979;3.8422;5.0849;2.9187;6.7418;1.5101;1.0861;2.369;0.12379;3.0135;1.9639;2.062;3.9611;0.080233;0.76076;0.097637;0.52489;2.0486;0.0017064;1.4387;0.99492;0.045499;0.38586;0.56414;2.817;0.20977;0.61516;1.305;3.0563;0.4519;0.52028;0.11954;3.8598;0.45114;1.2146;0.28119;1.339;1.2635;0.76187;0.077751;1.2078;1.2222;0.34353;0.63564;0.86631;0.13672;2.9496;1.2758;0.069327;3.5125;0.20215;0.24816;0.53378;0.47731;0.76741;0.057987;0.38406;0.26664;0.11738;0.26152;0.097633
28;6.856;2.0516;1.2542;1.4699;0.7303;4.2558;0.22397;7.2579;4.035;3.0059;0.7496;3.1274;0.25208;2.0937;3.931;2.9368;3.0629;0.71663;1.2848;0.6007;0.53921;0.98344;2.2069;6.2524;2.6293;1.3249;4.015;2.3286;0.7642;0.23276;4.0228;8.0378;3.0434;2.2421;6.0031;9.3402;1.7681;4.263;2.157;6.4651;0.48479;1.4906;0.35894;2.0675;1.3846;1.1406;2.8628;2.5057;0.0050101;0.0075668;0.23307;0.60838;0.4945;4.1441;0.071697;0.044992;2.2875;0.8526;3.1471;0.0052819;0.28167;0.26521;0.14721;0.002901;0.37578;1.545;1.5233;1.0989;2.0071;1.0974;1.4567;1.1326;0.11276;0.85557;4.2302;5.5511;0.0015046;4.6852;2.7185;0.26925;0.32273;0.20705;2.907;0.92476;0.38369;0.85295;0.18862;2.9385;0.40051;3.5557;1.2672;0.71359;6.0116;0.13764;0.080906;0.013799
29;2.4055;4.8407;4.7795;1.6632;1.9483;2.4334;0.21674;3.1774;1.6958;0.59443;4.5377;1.9667;2.0701;3.477;6.8094;2.8355;0.97016;1.853;1.5639;2.4593;2.5828;5.5546;1.786;2.957;1.1872;3.33;1.6873;2.0393;1.2824;2.1726;2.0594;4.599;0.3313;3.8479;1.3809;2.216;3.8733;0.66471;2.9049;1.6318;5.2849;10.166;1.5643;3.6342;1.4086;1.779;3.0733;0.27711;0.0015202;0.013826;1.7302;0.074552;3.41;2.0183;0.34327;0.65501;0.42164;0.80128;0.077697;0.16802;1.4131;0.31628;1.0606;0.73819;2.0871;1.8246;0.22185;0.042012;0.27035;0.65535;2.1953;0.092997;2.841;0.65238;1.0532;0.94134;2.9167;2.5005;0.30565;6.3408E-05;0.01392;0.079874;7.457;0.56675;1.6622;6.3464;2.3295;1.2735;0.0011211;1.9271;0.3719;0.32811;1.2432;0.17825;5.6423;1.2076
30;1.5608;1.7345;2.2847;3.337;1.0719;2.3093;4.7653;2.2466;2.5705;0.7166;1.5174;6.3205;4.0518;1.3633;4.9209;3.7649;7.124;0.26805;0.43483;2.3797;4.239;4.1503;1.4941;0.50411;6.0897;2.1371;1.6143;6.4025;3.6565;2.9834;2.6195;0.16282;1.6968;6.1637;1.5142;1.1669;0.45451;0.2997;0.93884;1.9515;4.1196;2.1479;1.0905;4.1835;2.1959;4.4637;3.0634;2.8016;1.516;0.14873;4.4126;2.3515;0.58563;0.039675;0.92367;2.5561;0.048729;0.10051;0.44196;0.46111;0.07583;0.13949;0.40744;0.020907;1.5792;0.91082;2.0011;0.87679;3.6668;0.0010019;0.0056198;1.4218;0.83095;0.10969;0.098932;2.2725;0.15643;0.09587;0.182;2.1813;0.26055;0.25936;0.28196;0.014987;2.3197;0.74877;1.4321;2.6565;0.052279;0.25306;0.50436;0.13742;1.391;5.4942;1.8711;1.0783
31;6.8026;3.8496;1.7394;1.7982;9.8954;1.3405;1.5429;11.218;1.7026;1.1525;1.6371;1.126;3.9499;3.3503;0.68094;0.34535;7.5848;1.2576;5.9844;1.391;4.2873;3.5464;2.0725;6.2714;2.2034;1.9084;3.7647;6.0124;1.6265;1.8266;2.3994;0.78334;6.5464;3.6232;1.0402;1.6061;5.0928;2.1369;1.3764;4.9923;10.161;3.1576;1.3043;2.888;0.40717;0.67852;2.1936;1.6652;0.017522;1.1293;5.1007E-06;0.076667;5.7861;2.7709;0.0087312;0.13731;0.82637;0.33427;1.3539;3.4422;0.14896;4.423;1.4529;0.010554;1.4628;2.6778;0.0010427;0.68739;0.33895;0.33058;0.2518;0.010744;0.66535;0.44391;0.025395;2.9326;0.40881;0.037404;0.25243;1.4344;0.108;0.008475;0.17274;6.6565;0.13858;0.53651;0.55243;0.3139;0.54048;0.69609;0.0015381;1.8245;1.3477;0.20604;0.10995;0.97024
32;1.5335;2.1144;4.8725;6.0011;2.6381;0.98303;1.1861;2.4364;2.7444;2.3759;2.3895;2.8129;0.77722;2.5265;0.79432;5.8888;4.149;0.87619;1.7148;1.9974;1.0939;5.1655;3.6094;1.289;0.74235;5.4152;4.2141;1.6338;0.79707;2.3183;2.0625;2.9579;1.6543;2.7922;1.8524;7.6983;3.0341;7.3521;0.83012;1.4311;6.178;0.78759;0.21926;1.2622;2.4561;11.705;0.57285;3.9795;1.8898;2.7392;0.18769;0.64575;0.6516;0.35729;0.0072108;2.3389;5.8898;0.40614;2.7282;0.32365;0.20587;0.40735;0.50869;5.9974;0.011038;0.069089;0.0025682;0.72346;0.69895;0.97469;0.1134;0.1024;2.1529;0.32986;1.0374E-05;0.003745;0.12663;0.29613;0.43399;0.094041;0.18081;0.60958;0.098989;1.4883;1.109;0.23802;0.04576;0.2577;2.5649;0.20584;0.75071;0.52973;0.1203;1.3356;1.6617;0.43907
33;2.8546;1.9675;2.342;1.1345;3.1762;0.40103;1.0239;2.2621;5.8984;2.4336;3.8217;0.45447;0.84382;3.2614;0.86438;5.9105;0.85743;4.0027;4.5293;0.31046;1.7466;2.2901;3.0479;2.9259;1.4644;6.4505;1.2626;0.44318;4.9277;1.8897;7.4848;4.8189;0.46678;7.2893;1.6104;1.7906;0.25926;3.6296;1.5274;2.1953;1.2015;1.1466;3.7965;0.56768;2.9;4.2001;9.0283;0.99521;1.7524;0.83666;1.3854;0.43626;0.129;0.95943;0.11304;0.49402;1.251;0.0010686;0.32177;3.3268;1.2548;0.17812;0.20283;0.17735;0.02169;2.044;1.0988;0.092871;1.7704;1.4887;4.6177;0.43467;0.0036543;2.0106;0.016372;2.3357;2.1125;0.18391;0.048568;2.4418;1.3888;0.98022;0.40069;1.1581;1.5502;0.0072216;0.62262;0.69332;0.0058759;0.050448;1.4083;0.56582;2.059;4.9209;0.087664;0.68676
34;1.6414;2.9715;1.6354;0.80701;0.038124;2.2696;0.1066;1.3453;8.6794;7.7817;8.1739;6.2915;0.27434;1.3256;3.0024;0.60657;1.9718;0.043923;1.2626;3.561;4.0052;2.7421;4.4906;4.9315;4.1892;4.1433;4.1375;0.91586;2.0218;6.3104;2.6074;2.1116;1.6818;4.3047;0.72167;4.8895;1.6166;1.0405;3.3462;8.1745;1.0956;0.99445;0.58477;4.0328;1.3879;1.8411;2.9934;0.45147;0.0098698;0.35648;2.2148;0.81786;2.678;0.098152;0.65568;0.0017317;0.26739;0.14409;1.2095;0.4105;0.95942;0.59806;3.005;0.63536;0.9065;0.0012264;1.5028;1.2835;2.9603;0.12947;0.20665;0.15539;1.4242;0.15756;2.6894;0.01426;0.48351;0.62013;0.08213;0.055238;0.24563;0.94746;2.4758;0.11022;0.12638;1.2647;4.1784;1.7244;7.9135;0.78557;2.0685;0.0036911;0.37295;0.31777;1.1521;1.1455
35;7.5971;3.4182;1.1959;0.32859;7.1695;1.6685;3.9058;1.7565;9.8528;2.5666;0.28809;1.8353;1.6819;4.0099;2.2713;0.457;5.9731;6.1123;1.9452;0.34164;2.5215;2.6499;1.1391;6.9208;2.4949;4.3668;0.77323;2.4698;4.6905;1.9495;1.6677;0.74444;3.999;3.4276;9.2399;2.6089;4.7758;1.4206;3.6836;9.7811;4.5273;4.0258;8.329;2.0187;5.66;3.8225;3.0552;2.3523;0.53758;0.8;0.0013573;0.057516;0.07947;0.0039517;0.24595;0.11374;0.15251;0.1384;0.1222;0.8808;4.7706;0.30148;0.0080715;1.5229;1.1759;2.1547;0.26342;0.19071;0.022778;1.199;0.43505;2.5884;0.54223;3.4854;0.2645;1.0308;1.3972;3.0176;0.067539;0.036286;0.11523;0.16951;1.914;1.5184;0.00067069;0.14947;2.7483;0.15943;1.6547;2.6816;0.83378;1.9983;3.1883;1.7367;0.17792;0.1464
36;3.4861;4.31;1.1148;0.88394;3.5101;1.7946;1.6384;1.3889;2.7467;4.6921;2.7937;0.73896;0.19515;2.9767;4.3472;1.6894;0.77448;2.5643;1.4033;2.6228;5.5664;1.4438;8.2281;0.28558;7.0649;7.8381;2.2615;1.2995;5.7189;1.336;2.7692;1.7932;4.9831;3.7615;2.2335;0.90044;0.63688;2.7649;3.243;3.8902;4.4672;9.3557;4.0535;0.60621;3.6453;4.2575;1.8888;4.7784;0.98765;2.5588;0.0049244;0.11067;2.0409;0.15935;1.1748;0.23209;4.1174;0.00096846;1.4948;0.84831;0.0094381;2.2376;0.25412;0.027457;0.31899;0.19464;0.52445;1.431;1.3384;0.02955;2.648;0.006185;0.10913;3.2995;0.10361;6.9378;5.9973;1.0604;0.29262;0.054767;0.032432;0.10675;0.0075472;1.2199;3.1786;0.069257;0.0020259;0.45163;1.0149;0.0021908;0.037397;0.038986;2.6835;0.62787;5.7557;0.072977
37;2.1215;3.3886;2.6016;2.0123;1.4537;1.4189;5.7184;1.1898;1.1021;0.50558;3.2411;1.0977;1.3376;2.9141;5.8913;1.6803;2.6476;3.2784;2.9234;0.9045;13.294;0.19226;0.20137;5.3799;1.2647;1.15;0.62862;4.492;0.57743;0.88985;1.5547;2.1585;6.5186;2.0699;4.3504;4.3882;1.5303;6.5681;4.9673;0.26817;1.806;0.53774;0.52629;2.7145;1.4711;0.48014;0.037515;2.5716;5.2811;0.42465;3.4394;0.00087667;0.80684;0.92579;0.57492;1.1596;0.0075804;2.2291;0.81759;1.3994;0.27817;0.013091;0.44334;0.26529;0.0089736;4.3966;0.82808;0.039249;1.0111;0.039871;0.018611;0.47086;5.9472;3.0088;0.062552;1.1836;0.28592;0.27408;1.8121;3.3999;0.4882;0.59186;0.31751;0.00027527;0.061968;0.6983;0.029593;0.098474;1.3748;1.4515;0.99375;1.1236;0.52931;0.35112;2.3128;0.013575
38;4.0494;4.8393;2.0533;7.1876;1.8005;1.6355;4.0634;3.1215;4.0433;3.1456;2.7583;0.88793;3.2963;10.64;0.14007;4.0583;3.3888;2.4023;1.7571;1.7676;4.9631;0.67597;1.9644;2.7045;2.235;0.10662;0.69599;1.9954;0.399;3.0994;3.9356;2.0349;2.1873;2.9199;2.0257;1.423;8.0604;0.88613;0.21212;1.1323;1.3112;0.30983;1.8731;0.89081;1.9722;2.9675;1.0939;1.4657;0.018185;1.2606;0.039774;0.19071;0.2969;0.15952;2.3284;0.026004;1.2381;1.003;0.12152;0.26153;0.07096;0.12135;0.056806;1.5709;3.3426;0.011745;0.070104;0.049632;1.4813;0.37496;0.23555;0.96184;0.00083114;0.16255;0.64043;0.070282;0.0086747;0.66724;5.7967;3.6103;0.23105;0.038385;0.71298;0.69756;0.25887;2.5352;0.26589;2.0316;0.0044772;0.94997;3.8979;0.89345;0.58082;0.93625;0.68492;0.58215
39;5.3578;1.803;5.9501;5.2633;1.2153;1.8277;3.2849;9.1572;3.2482;3.7402;6.2765;0.6647;10.402;3.4577;3.1299;3.3544;5.0969;2.3845;6.9031;0.40516;5.7543;3.7718;2.7224;0.16986;0.11475;1.0538;1.7423;4.8863;1.3423;2.3371;1.3901;6.5838;8.5439;6.5793;1.8259;0.65304;0.06835;1.7968;0.65021;0.47717;2.5083;0.29513;4.3969;4.7314;0.85098;2.4281;1.7797;3.5502;0.095793;0.065641;0.041617;0.13748;0.12112;0.45068;1.2085;0.058489;0.37685;2.1279;0.83776;0.31528;0.7565;0.34511;1.5982;5.3307;0.013271;0.51966;0.70166;0.29834;0.39133;0.06328;0.084401;1.0957;0.36636;0.24445;1.1791;3.0952;0.75366;3.8157;1.2897;4.5541;4.0429;0.98324;4.7418;0.66724;2.7594;0.011915;1.2323;0.21687;2.6811;0.17211;0.011049;0.026853;0.027835;0.020758;1.9343;0.772
40;1.539;4.4991;5.7792;3.5663;6.0347;3.9696;0.49338;1.599;1.5103;6.8584;1.9982;1.1174;1.2321;2.1521;1.2282;1.2415;3.5555;2.1408;9.5114;0.95604;5.79;1.7347;4.3545;3.2134;0.55208;5.0971;3.9236;5.1519;0.31235;6.2337;7.4112;2.2657;1.1326;3.2693;5.7823;4.9189;1.6685;2.5395;0.75161;1.5588;0.41978;1.0261;2.2025;1.7408;0.089329;3.1303;3.8068;4.8834;1.6223E-05;0.27362;0.77259;2.3273;1.4981;0.0033687;0.10165;0.056025;0.92206;0.031003;0.3623;13.123;0.36861;0.19932;0.017874;0.61631;0.0079857;0.43903;0.65335;0.10341;0.090216;1.0366;3.8397E-07;0.86037;1.2619;0.77977;2.348;2.2116;1.0748;2.2202;0.0022166;1.9445;3.4433;0.013495;0.58887;1.3626;0.041186;0.40581;0.2844;0.37726;0.31303;2.4872;0.16805;0.68316;0.070314;0.042219;9.5255E-06;0.13133
41;2.1658;1.1867;0.95586;6.2193;2.9344;0.02018;0.88663;2.6795;0.3704;2.5087;3.3211;3.9684;0.10733;1.5595;6.7166;5.0137;2.996;2.879;5.3575;3.3796;2.2195;1.436;1.9991;1.9715;2.6528;3.0147;6.3443;0.63999;4.2837;2.1167;0.82429;7.0622;5.9314;8.6138;2.248;2.3098;0.73886;0.206;0.78486;5.6819;1.7951;2.6091;0.52093;2.0598;0.25279;3.9783;6.069;6.7249;0.00083279;0.00098701;0.0080631;0.030595;5.0461;4.9873;0.11116;1.3482;0.0056385;0.21567;1.3123;1.3805;2.9427;6.6575;0.82444;0.88517;0.56138;0.0084717;4.4754;0.00031881;1.8057;1.1137;1.4179;0.80937;0.69525;0.55088;0.018553;0.27779;0.0028354;0.69876;0.71105;0.33249;0.24866;0.017716;0.12311;0.011917;0.61034;0.013417;0.0034718;0.081694;2.4576;1.356;0.042715;0.044156;1.5375;1.6087;0.01523;0.54389
42;1.0994;2.1802;1.8916;0.73632;7.3616;3.4008;1.9414;2.7623;3.472;1.3552;5.0416;4.3228;0.33637;1.2588;3.0868;2.5614;0.63058;0.3092;4.4277;4.532;3.9393;2.565;0.28044;5.719;2.5151;2.4213;4.3999;4.393;6.7783;4.913;3.2852;2.7975;4.0029;6.2362;0.21302;9.6985;5.701;3.555;3.5001;3.282;0.93712;2.3125;4.3179;1.9484;4.84;1.243;4.4505;2.4607;0.039172;1.9756;0.0032537;0.90094;0.23965;1.9123;1.1158;6.8257;0.28506;0.010536;1.0648;1.7883;3.5651;0.058888;0.32697;0.54847;1.6054;0.75378;0.00080308;1.234;2.8382;1.4789;3.4561;0.16967;0.18898;0.13265;0.48839;0.0032367;0.12188;0.20532;0.18929;0.0016003;8.3051;3.8356;0.30991;0.022774;0.57427;0.55148;2.481;0.080305;1.6933;1.5415;0.15319;0.56551;0.00033121;0.46845;0.00014944;0.067884
43;2.8157;1.8513;1.8196;2.9886;2.4916;1.9526;2.5925;4.5701;5.6168;3.0346;1.0148;2.8488;1.152;7.6887;2.966;6.6598;4.8725;1.0336;3.8354;1.733;0.774;2.2273;1.6931;2.9333;0.21628;4.4952;3.199;1.8202;5.3505;4.2437;2.2115;1.0928;1.3148;1.2947;0.33706;2.5086;0.54939;2.3207;2.6178;2.0452;0.67644;5.2023;0.097697;2.0225;0.90962;2.5636;1.1727;3.779;0.1776;3.0958;0.0021446;0.91581;1.7473;1.2398;0.059763;1.9679;0.053088;1.1222;0.46805;0.3097;0.040874;0.33301;3.4913;2.7057;0.18727;0.012269;0.98397;0.59182;0.62569;0.10118;0.029249;1.7249;1.5545;0.022012;0.86371;3.9923;0.02907;0.99939;0.47969;0.34644;0.161;0.71473;0.60137;0.44997;3.1499;0.10441;0.222;0.11468;3.2888;3.6672;0.017674;4.2974;0.076807;0.031113;0.79272;1.3416
44;0.89764;0.2723;6.3409;1.8356;1.5294;2.5148;0.48188;1.3611;4.8703;4.9346;5.2195;1.1412;7.8614;0.30288;2.5309;6.5153;1.7941;4.2217;0.91905;7.1277;0.47997;2.3549;12.439;5.3897;3.1268;0.53014;5.4812;2.8609;2.2231;5.5271;2.483;0.2695;4.8066;2.3296;2.7927;0.98612;5.4448;8.4677;10.774;12.179;1.2169;1.2587;3.4316;0.28371;3.0801;1.2963;0.64528;3.3454;0.19056;0.89427;0.14908;0.011482;0.016792;0.0037992;0.067867;0.07482;0.58127;1.1134;0.99774;0.20758;0.90568;2.0297;0.47666;0.0013446;3.024;0.0035279;0.33704;0.84514;0.51396;1.0635;0.43397;0.13155;0.79639;0.02495;1.8279;0.10326;2.4318;1.1034;1.3538;0.29582;0.0044831;4.0789;0.51546;0.6096;0.36945;0.022666;0.027707;0.12749;2.8476;0.87744;0.59363;0.090607;0.67892;3.0913;0.0070168;2.6436
45;2.579;0.72312;2.1047;2.6864;0.85459;1.2631;0.34279;1.9343;3.682;3.0149;2.1833;3.2938;1.8514;0.4019;1.1987;1.092;4.7106;2.1408;2.255;0.81307;4.7246;3.0232;3.9648;1.3357;1.4796;1.9836;3.596;0.74147;1.303;0.53337;0.74015;4.9531;0.42124;3.7695;2.7983;2.346;0.66814;11.22;2.5393;1.6414;5.1688;3.0699;3.9825;0.1995;3.3841;4.605;0.87685;10.124;0.31158;0.25933;1.5467;0.19051;0.074637;0.0017335;4.5655;1.1328;0.26438;0.33834;0.01216;2.6719;0.077151;1.9422;0.050284;0.92046;0.012282;0.18102;0.069522;0.0033315;0.22355;0.21967;2.1334;0.0090932;1.2025;0.019067;1.3366;1.0757;0.071723;1.1041;0.072346;0.11515;0.2439;1.3393;0.00016304;0.36529;0.14543;1.9015;2.9571;4.3544;0.55733;0.53747;0.81758;1.8461;5.5366;2.1205;3.6959;0.0088108
46;1.1871;3.9465;3.3691;0.65159;3.8542;2.6148;1.7612;2.0201;2.6475;3.3071;7.6441;0.63371;6.5643;5.903;1.6432;0.26335;5.0309;0.54026;1.1105;1.4992;10.911;2.892;3.582;2.2108;2.6937;3.6923;0.27458;7.2122;1.8216;1.698;0.23776;0.19352;7.7585;5.3286;1.7784;2.4981;3.3541;8.2953;1.3952;3.5652;8.58;1.069;3.6636;5.2953;1.8959;2.3717;6.7538;4.1365;0.11797;1.6361;0.087013;1.1527;2.9184;4.8374E-05;0.78236;1.9187;0.65855;0.59122;0.21432;1.3418;1.7278;0.1937;2.8338;1.9882;0.041822;0.12299;0.30967;1.1976;0.57009;0.21226;4.8236;0.012952;1.0776;0.71613;0.30104;0.08158;0.045341;9.4019;2.4906;1.9863;0.049067;0.1196;0.1885;0.068591;0.24256;0.61231;0.084966;3.2758;4.5766;2.1533;0.14217;1.413;0.32936;1.0073;0.2641;0.43299
47;0.49489;1.1479;1.0822;0.486;3.8739;6.125;1.6269;8.0989;1.4778;2.904;11.044;1.1979;3.2428;1.6275;5.4407;0.65893;3.1841;0.81923;8.7236;0.70675;7.7884;2.2981;0.56588;3.2754;1.8206;1.2337;4.8918;1.3232;0.7365;1.5275;3.4087;4.4825;7.1558;0.59511;9.1502;3.3099;3.2585;2.6056;1.8285;4.4794;7.5697;1.0826;2.9369;0.51662;5.2924;2.7279;3.9208;3.7085;0.27405;0.60651;0.55233;0.40703;0.35397;0.97736;0.043879;0.027659;2.431;0.77778;1.5078;0.16797;0.015309;0.56797;0.92293;0.097528;0.01816;0.10928;6.0881E-05;0.029137;0.043819;0.013017;1.2094;0.088776;0.96455;0.84787;0.45071;0.62058;2.07;0.015824;0.0015953;0.16002;0.19231;1.772;0.30584;0.17652;1.4519;0.67395;0.54015;0.70762;4.1419;0.52311;0.26177;0.0066564;0.53189;0.43661;1.7098;0.2744
48;0.53366;4.7791;0.95084;5.9969;0.66181;5.3782;4.5057;2.032;0.95072;1.331;4.3974;0.36805;5.7455;0.79908;1.4838;1.8463;2.4519;2.0488;1.4981;2.9236;3.6698;1.3571;1.7799;4.7443;3.5506;2.1497;4.5738;3.5301;1.302;1.5864;3.1147;2.4165;4.3071;1.1766;4.4038;4.2739;2.9936;1.2235;5.9386;4.6011;1.8822;2.0788;2.0352;0.16714;4.5564;3.7389;3.6559;0.70643;1.0467;2.6876;0.13361;0.97198;0.17832;1.4295;0.046995;1.3218;0.20703;1.9297;0.12811;1.2083;2.1184;0.019405;0.63188;0.29002;0.12964;0.032924;0.0064835;0.39436;0.0009971;0.040334;1.8072;0.041103;0.1639;0.89521;0.099005;0.028558;2.5102;0.11251;0.053901;0.18936;0.039714;0.0021674;0.29688;0.12298;0.42672;2.17;0.38647;0.52519;0.046228;0.17839;0.92112;0.0056892;0.75063;0.15117;1.1268;0.02509
49;2.9795;4.6059;2.1688;0.97255;2.5604;1.7231;1.1925;4.8631;4.5195;1.5557;0.68128;0.98199;1.9305;0.58177;0.97541;0.38056;1.5321;8.6818;6.7215;0.46879;1.7687;8.9068;0.75096;7.2273;1.3796;2.3676;0.49504;0.6216;3.1387;3.0695;1.3578;0.88545;2.851;1.4891;3.41;2.4905;0.71516;0.61564;2.5216;3.7498;2.2104;1.5906;4.1799;0.74871;3.3771;3.13;1.5136;1.6933;0.028328;0.34959;0.45665;0.54228;0.20271;2.4464;0.068359;1.4318;1.5494;1.6584;2.3628;0.2668;0.86263;1.2617;0.015235;0.028419;3.045;0.14603;0.64139;0.059037;0.16239;5.0857;1.883;3.7199;0.23864;2.1191;0.70636;0.015551;0.64167;0.45322;0.024773;0.43609;3.9355;0.19065;5.0284;0.02501;4.8393;0.0050022;0.19343;1.0868;2.1483;0.51064;0.0064493;0.68244;2.0953;1.3026;0.8767;6.316
50;0.03384;1.2901;2.1211;2.4715;3.1561;3.6212;2.6493;2.2176;5.9202;1.5282;0.74026;2.4059;1.5677;0.96922;6.2421;1.5161;3.1799;1.8211;1.2803;1.7574;2.6579;0.25211;0.69155;1.0838;0.74984;1.2492;0.72291;1.4234;8.9662;3.6611;3.9989;4.5416;2.3788;2.283;0.044302;5.502;1.7585;5.5294;3.5223;1.439;3.3477;1.5743;0.60077;1.712;2.6408;6.9518;1.7023;1.6988;0.18405;0.06368;0.019146;0.073805;0.07588;0.50885;1.069;1.6865;0.072196;0.62515;0.85617;1.101;1.4464;3.7464;0.24572;0.23553;0.0072335;0.88136;0.092758;1.4978;0.53472;0.1119;1.1518;6.4423E-05;0.14028;0.95124;1.1216;0.66447;2.2488;3.9999;0.035309;0.051228;0.0028634;0.16014;6.872;0.041089;0.016275;1.7193;2.7105;0.81541;0.25411;0.71935;0.52655;0.95199;0.0044315;0.44035;0.083928;0.0047696
normalized population
1;-1.0487;0.11276;3.6917;0.051049;0.20499;-0.36306;-0.74973;-0.92596;-1.2045;0.049035;0.06162;0.036212;-0.7561;0.013873;1.8961;-1.0258;0.036125;-0.43111;-1.0716;-0.36442;1.8138;-0.11439;-0.25657;-0.41068;-0.7349;1.1062;1.4699;1.7336;0.49551;-0.74724;-0.22507;-0.39892;-0.33548;-0.70571;-0.35104;-0.37721;2.3256;-0.61166;-0.7316;-0.4675;0.58782;-1.1576;0.71823;0.5084;-0.51026;-1.0713;-0.66715;1.2196;1.1855;0.47358;-0.72108;-0.81036;1.4926;-0.63645;1.1493;-0.24334;-0.43335;-0.53236;-0.50105;0.55376;-0.10511;-0.47905;0.2623;-0.60431;-0.31486;-0.673;2.9714;-0.35093;-0.67855;1.8556;-0.74049;-0.32939;-0.29509;4.0911;1.8093;-0.67763;-0.5738;-0.51771;0.56809;-0.61328;0.64325;-0.49483;0.21071;1.7821;-0.65112;-0.78614;1.7047;0.85149;-0.41516;-0.57185;-0.35961;0.27569;-0.94108;-0.74784;-0.11796;0.099546
2;-0.93843;0.17676;-0.88813;0.22203;0.34896;-0.63672;-0.18678;1.4244;-1.073;0.80021;-1.1404;-0.053579;0.14623;-0.53823;-1.2699;-0.98893;-1.1168;-0.47871;1.3862;0.24468;-1.1516;-0.42214;1.4651;0.54181;-0.94249;-0.52612;-0.37803;0.029595;-0.57237;-0.21041;0.66645;0.86333;-0.099704;-0.35384;-1.0373;-0.16993;0.44398;-1.0239;-0.20668;-0.9898;1.3498;-0.99152;-0.78271;-0.78825;-0.80714;-0.987;-0.32016;1.1926;0.23636;-0.69921;-0.25028;-0.81967;-0.71824;-0.62796;-0.68294;-0.83188;-0.68403;0.52398;-0.87103;-0.55483;-0.066548;-0.22442;-0.6422;-0.40171;-0.83855;-0.58974;-0.61852;0.23565;-0.82182;-0.52893;2.4848;0.15462;0.5178;-0.44732;-0.036787;-0.69367;4.4124;0.58252;-0.60459;-0.7229;-0.024346;-0.35525;0.16363;0.3412;-0.61181;0.28961;0.48783;-0.73039;-0.77948;2.9593;-0.40212;-0.38647;-0.58848;-0.82877;-0.23483;-0.2669
3;1.817;-0.7204;0.28049;0.14018;0.59244;-1.0413;-0.16455;0.18946;-0.32016;1.9673;-0.4721;-0.85997;1.793;-1.0751;0.37367;0.87696;0.99036;1.1925;2.173;1.4919;-0.16944;-0.49912;-0.77204;-1.3203;-1.1114;-0.57051;-0.20581;3.0547;-0.81241;-0.57995;-0.061503;-1.1186;-0.78685;0.32479;1.3938;-0.88717;-0.99163;0.11323;-0.63212;-0.16762;-0.68959;1.3654;0.827;-0.15694;-0.3815;-0.80147;2.7934;-1.0612;-0.3209;1.2692;1.4659;-0.62507;0.21231;-0.47288;-0.035626;0.94692;-0.59932;2.0196;-0.71832;0.006299;1.0953;-0.4168;1.5864;-0.32444;0.78425;1.327;0.45313;-0.73843;-0.81114;-0.49591;-0.54235;0.067509;2.1362;0.62555;-0.11999;-0.6586;-0.5762;-0.78134;-0.56164;-0.53614;-0.24562;0.77335;-0.040639;0.78923;0.66881;-0.78665;-0.17224;-0.77319;-0.69164;0.86299;-0.38729;0.16373;0.48076;1.4776;-0.73439;2.3802
4;0.98126;1.3183;-0.78718;-0.57858;-0.90539;1.198;-0.61153;0.34533;-0.72721;-1.3763;-0.68519;-0.22943;0.039805;-0.86159;0.61594;1.7653;-0.42885;-0.15926;-0.65344;0.91909;0.22882;1.5434;3.1319;-0.99374;-0.90901;-0.97686;-0.87189;0.73799;0.36561;-1.3871;-0.10382;0.094952;0.10062;-1.0841;-0.5242;3.3814;-0.78519;-0.82381;-0.62674;-0.89719;-1.0795;2.0267;0.52874;0.3107;0.28317;0.23369;1.2229;-0.25801;-0.58789;4.2709;-0.72559;-0.086626;-0.51016;-0.62049;0.052987;-0.77627;-0.35931;-0.31975;-0.23478;-0.13844;-0.5486;-0.23931;-0.45518;-0.17997;-0.62762;-0.66288;0.99057;0.90005;-0.27183;-0.57895;-0.71501;-0.13724;0.70711;-0.68657;1.005;-0.69618;-0.68975;0.061254;-0.58778;2.7723;-0.33177;-0.54666;-0.61669;-0.56453;-0.70972;-0.29381;-0.74962;-0.76601;0.65606;-0.42138;-0.51207;-0.39067;-0.62292;-0.63176;-0.22625;1.1941
5;-0.010483;-0.25873;-0.856;0.046194;0.078636;2.0052;-0.6431;-0.55422;-1.2011;0.68407;0.84558;-0.020982;1.6763;2.4346;0.63017;-0.62767;-0.45389;-0.83823;-0.34485;0.13314;-0.49999;-0.97643;-0.79375;-0.53272;-0.70984;0.90934;-0.52366;0.75395;-0.56622;-0.515;2.1928;2.1313;-0.44766;-0.71657;0.45984;-0.41044;1.3701;0.42481;0.71521;-0.62142;-0.60688;0.32809;0.067065;1.913;-0.66435;0.063245;-0.56183;-0.31202;-0.62526;-0.65874;-0.69704;0.3571;-0.71063;0.91733;0.012627;-0.79513;-0.49304;0.29398;2.0264;-0.20244;-0.70565;-0.62995;-0.52356;-0.57953;-0.83967;-0.683;-0.6857;0.36789;-0.37979;-0.71384;-0.73942;0.13894;-0.17629;-0.55202;-0.85949;-0.51909;-0.70134;-0.69922;-0.39184;-0.62462;0.81668;-0.67509;0.91257;-0.62873;4.4327;0.97975;-0.4021;-0.76039;-0.36697;1.8141;-0.15965;-0.79676;-0.8756;2.2712;-0.48336;0.66957
6;0.050762;0.48309;0.19905;1.8129;-0.78633;-0.0020793;-1.1645;-1.0337;-1.2798;-0.99901;-0.16748;-0.17902;-0.27577;0.26836;-0.8697;1.6296;-1.1031;-0.85143;-0.17898;0.93241;-0.78075;3.7697;-1.0834;-0.0031923;-1.256;2.4285;1.1009;0.24279;-0.078783;0.13721;-0.86167;-0.022079;-1.3942;0.40928;0.35724;-1.0195;0.18928;1.383;0.43037;-1.0742;-0.82287;-1.039;1.5431;-0.65891;1.0791;0.24418;-0.45207;-0.61596;-0.60064;-0.74911;-0.56094;2.0863;-0.8271;-0.38613;-0.72617;-0.7975;-0.66009;-0.47016;-0.92638;0.0093226;-0.73744;-0.63568;-0.58748;-0.66461;0.53111;-0.60928;0.11941;0.18814;0.82388;-0.77782;-0.61137;-0.32538;-0.83716;-0.64537;0.10926;-0.46986;-0.044212;0.56726;0.12678;-0.67737;0.43784;-0.57487;-0.69312;-0.68365;-0.12472;1.1435;4.0549;0.7701;-0.64045;-0.86171;-0.3832;0.093765;-0.49972;0.98776;-0.021182;-0.74024
7;-0.58375;0.0065212;0.32557;0.34227;0.17884;-0.53742;0.095662;0.54246;-1.1416;-1.1638;-1.0722;-0.12139;1.0389;-0.33922;-0.79284;-1.1738;-0.44643;-0.99516;-0.18831;0.54734;-0.74463;-0.4175;0.43565;-0.63329;-0.61027;1.095;-0.60904;-1.2619;-0.25708;0.57691;-0.20517;1.6765;0.038782;0.33847;-1.0342;-0.89489;0.16197;0.32844;-1.1137;-0.15873;0.84883;-0.54259;0.99944;1.5367;0.23429;0.0057661;-0.71572;-1.2119;-0.40559;0.24954;-0.71625;-0.83895;0.41233;-0.63835;-0.72498;-0.45551;-0.54056;3.5488;-0.54434;-0.50941;0.56006;-0.073424;-0.76485;0.287;-0.64125;-0.2161;-0.76908;0.091663;-0.73556;-0.77605;-0.35784;0.35903;-0.8778;-0.71149;-0.8555;-0.66368;-0.70956;-0.77396;-0.55876;0.80257;-0.20638;2.2531;-0.085726;0.23355;-0.64292;1.61;1.6766;-0.50103;-0.7655;-0.85788;-0.54354;3.3373;0.010726;-0.81548;3.7898;-0.77675
8;-0.74663;0.77024;-0.024007;0.89065;0.5503;0.41421;2.7591;-0.68213;-0.12941;-0.35267;0.054008;3.0558;-0.30535;0.15757;-0.13329;-0.51912;0.30122;-0.1355;2.0063;0.41615;-0.67969;-0.64443;-0.69523;-1.1535;-0.35718;-1.2458;0.393;-0.97873;1.311;-0.44395;-0.46884;-0.27558;-0.49871;0.88729;0.62842;0.12232;-0.037831;1.2057;-0.18328;-0.11399;0.21518;2.2335;3.8059;-0.84959;-0.59087;0.12966;-0.033723;-0.82904;-0.5381;-0.42448;-0.75058;1.6902;0.37083;0.049274;-0.58845;1.3098;-0.62877;-0.28989;-0.90966;-0.53152;-0.80195;-0.63064;-0.31408;0.31815;-0.21808;0.83991;1.0676;1.6361;1.1715;-0.47275;-0.24179;-0.14801;-0.90229;1.6441;0.26284;-0.66181;-0.048592;0.60484;-0.1707;-0.34298;-0.58364;0.30584;0.23188;-0.26029;-0.71118;-0.71584;-0.5808;2.3327;0.75835;0.049174;-0.47883;-0.23061;2.1863;-0.28608;-0.38165;0.44462
9;3.4637;0.60728;-0.52847;-0.54765;0.68619;-1.109;0.17249;-0.50526;-1.1213;2.0736;-1.2216;-0.32095;0.12808;-0.77645;-0.79642;0.99001;-1.3253;2.1241;1.0075;0.034567;1.1209;-0.027615;-0.95412;0.61526;-1.18;1.3129;0.31469;-0.9033;-0.97482;-0.67124;2.7985;1.6191;-0.13846;-0.87049;-1.0216;-0.94878;-0.018086;-0.85542;-0.48928;0.17324;-0.2568;0.97801;-0.094807;-0.48395;0.0616;0.28954;-1.2961;0.22511;-0.46406;0.3107;-0.75171;-0.37755;0.37224;-0.58701;-0.55552;-0.63812;-0.64378;-0.67031;-0.26369;-0.58862;-0.25921;-0.66427;0.72777;-0.67029;-0.69683;0.82584;-0.095388;-0.78453;-0.80397;-0.77706;1.4787;-0.12511;0.022954;-0.68763;0.84202;0.4527;-0.35226;-0.79254;-0.41088;3.2009;0.10452;-0.66497;-0.32561;0.17939;-0.71844;-0.6327;-0.072477;-0.71317;-0.018545;-0.10867;-0.34907;0.061368;-0.46104;-0.77847;-0.71498;-0.13638
10;-0.95244;0.066291;-1.0296;1.7986;0.35026;-0.92737;-0.68123;0.3099;1.5193;-1.2534;0.55567;4.4463;0.059357;1.5639;-0.63637;-0.86942;0.21237;1.011;-1.0165;-0.33206;-0.72352;-0.76622;0.86166;-1.1815;1.5726;-0.7265;-1.2219;-0.87362;4.3588;0.44777;-0.13241;-0.41583;-0.41039;-0.59719;-0.062482;-0.69849;-1.1337;2.1769;-0.67746;-0.86365;-0.079852;1.1406;-1.079;3.5608;0.86092;-0.9632;-0.97815;0.12474;2.3261;-0.63482;2.1642;-0.61982;0.47166;-0.53519;-0.72335;-0.52641;-0.44992;-0.7316;-0.83724;-0.41488;-0.80222;-0.13473;-0.24629;-0.49046;0.87522;-0.73679;-0.76636;-0.84007;-0.77477;-0.75255;-0.14379;-0.52045;-0.47182;-0.70816;0.10262;-0.68804;0.13891;-0.78923;0.32775;-0.26047;1.2948;-0.5901;-0.71574;0.069017;-0.49792;-0.054057;-0.62548;-0.60286;-0.56215;-0.31462;-0.3672;0.92143;-0.71956;-0.39276;2.5938;-0.51634
11;0.53493;-1.0452;0.13724;-0.7653;0.37238;0.84022;0.36709;-0.76365;-0.083476;-0.2925;-0.29323;-0.70941;-0.63877;0.35308;-0.66549;0.085188;-1.1141;2.2577;-0.63575;3.1396;0.49055;1.1903;1.1495;-0.56279;-0.77229;0.4796;-0.80675;-0.28548;-0.14301;-0.78882;1.6685;0.63352;1.3401;-0.2978;-0.19155;-0.8472;0.63663;-0.54809;-0.23995;-0.41631;-0.77147;-0.18173;0.13777;2.6965;-0.67857;-0.087981;0.49511;-0.86501;0.46705;0.34806;-0.56421;-0.81271;-0.79603;2.7287;-0.74572;0.4846;0.84993;3.0663;1.9643;-0.37941;1.7638;3.4495;-0.78958;0.45104;-0.8354;0.99696;0.07408;0.11372;0.24262;-0.76057;-0.73845;-0.44496;-0.7488;-0.26278;-0.7703;-0.65776;-0.66243;-0.021127;0.91102;-0.16554;0.22483;-0.65652;0.67999;-0.6829;-0.52295;-0.7863;-0.72607;0.10394;-0.70032;-0.09245;-0.070869;-0.34773;0.0026399;1.4568;-0.71052;-0.49901
12;1.0107;-1.0209;-0.8568;-0.92941;-0.69131;-0.32739;0.18038;0.080373;-0.82276;0.12937;3.4006;-0.035952;-1.0448;2.6279;-0.44909;2.6577;-1.0002;0.0041152;0.99672;-0.14592;0.08072;1.5077;-0.061457;-0.62017;0.079511;-0.95469;0.16884;0.23676;-0.74867;-0.54602;-0.17588;-0.5482;1.4484;2.299;-0.10331;-0.47515;0.64286;-0.33946;0.64633;2.47;-0.8974;0.37044;0.24697;-0.40701;-0.98222;-0.43293;-0.45132;-0.12133;3.4576;-0.66628;-0.75729;-0.7822;0.16746;-0.63333;0.49812;-0.7921;-0.34259;0.8513;1.3691;-0.48709;-0.3728;-0.64631;1.3718;-0.55218;1.0312;-0.72247;0.83552;-0.068847;-0.052429;1.7598;4.2714;-0.42335;-0.4968;0.28339;-0.47092;0.44619;-0.60546;-0.79985;-0.61555;-0.68556;0.45309;0.14927;0.22627;-0.68379;1.1853;-0.17537;-0.41268;-0.42153;0.30234;2.6821;0.28573;-0.60068;-0.38794;-0.53048;-0.38586;0.83792
13;-0.81646;-1.0908;0.57038;3.4893;0.1085;-0.10386;0.16805;-1.0539;-0.46443;-0.63786;-0.99207;-0.79214;0.71002;-0.0032219;-0.086913;-0.57644;-0.64272;0.24266;-1.0934;0.8263;-0.92689;-0.16899;0.73893;0.51413;0.96077;1.7525;-0.66155;0.056868;-0.69488;0.00020495;-0.77648;-0.86385;-0.98541;-0.922;-0.98286;-0.50467;0.53654;-0.92078;-0.96895;1.4845;2.1036;-0.80584;-0.34982;0.22341;1.1771;-0.82098;1.4585;0.65353;0.25543;3.6015;0.77668;-0.76877;-0.62694;-0.58167;-0.35212;-0.12877;-0.6825;-0.62665;-0.05725;-0.54594;0.34247;-0.25647;-0.76695;0.16532;1.5073;-0.52468;3.2957;-0.93164;-0.77606;2.5755;0.65518;-0.42835;-0.83588;-0.70444;0.32267;1.5644;-0.358;-0.73718;4.6423;0.17921;0.1142;0.74003;-0.63984;0.60453;-0.66307;0.89158;-0.73326;-0.046988;-0.80037;-0.63938;4.9804;-0.63198;0.64494;1.3431;-0.39846;-0.40631
14;1.9424;0.52014;-1.0852;-0.69748;-0.84792;-1.1223;0.15247;-0.41328;-0.55261;-1.037;-0.51281;-0.0051286;-0.65646;-0.91484;1.2739;0.53245;-1.1782;-0.54683;-0.61962;2.1521;-0.6988;-1.2552;0.27164;-0.45346;0.60344;0.52734;1.4795;0.55947;0.24969;1.9883;-0.18492;-1.0297;-0.46155;0.80199;-0.92417;1.4843;-1.1376;-0.8024;-0.35407;0.80969;-0.91823;1.012;0.93848;-1.0587;0.70164;1.1817;-0.4903;-1.2052;-0.028003;-0.3911;0.01572;-0.79646;-0.43324;-0.23901;-0.37806;0.13285;-0.42025;-0.36519;-0.70417;-0.52334;-0.094995;-0.53117;0.63512;-0.55607;-0.1123;-0.6831;0.77627;-0.36344;-0.7051;0.086722;-0.05347;-0.37333;-0.84951;-0.45569;0.68616;-0.51094;-0.54074;-0.20795;-0.42707;-0.66925;-0.59161;-0.64148;-0.35025;3.0432;0.88828;-0.17239;-0.24789;-0.76113;-0.74989;2.3101;-0.54033;0.08941;0.15293;-0.17972;-0.47361;0.067302
15;-0.40597;-0.059683;0.92939;0.16483;-0.68124;-1.2591;0.95788;0.09891;-0.49071;-0.98273;0.44523;0.56059;-0.32518;0.91661;-0.86518;0.72019;-0.68951;2.4684;-0.11648;-0.14788;-1.0204;1.1435;-0.49671;1.1249;0.53375;-0.89944;-0.68491;0.35042;-0.57775;-0.34161;-0.9963;1.6485;-0.054083;2.0092;-0.46988;0.79334;-0.32832;-0.19855;-0.43889;-1.0299;-0.89809;-1.0827;-0.53875;0.85257;1.1044;-0.089331;0.044564;-0.57733;-0.64295;-0.39932;1.2071;2.4248;-0.17864;-0.46369;0.5227;-0.67451;-0.26043;2.1656;0.34154;-0.50452;-0.4322;0.56917;-0.68801;-0.63805;-0.77626;0.1329;-0.71805;0.69665;0.33468;-0.76549;1.0046;-0.4083;-0.59585;-0.56294;-0.029645;-0.63431;-0.075092;0.21718;0.65299;-0.34389;-0.45197;-0.57202;-0.16068;-0.59116;-0.59187;-0.70367;-0.68552;-0.33094;-0.65009;-0.84125;-0.55463;-0.21415;-0.82426;-0.80718;-0.72058;-0.75292
16;-1.087;-1.2098;0.62194;-1.0227;-0.49516;-0.92601;-0.8386;0.59111;1.6656;-0.82384;-0.12422;-0.63378;-0.58749;0.2127;0.33278;0.27612;-0.24277;0.54327;0.032986;0.018475;0.30711;-0.57286;-0.84739;0.42544;1.1536;-0.050559;0.6426;-1.2654;-0.18073;0.8423;-0.21337;0.62738;-0.61227;-0.55884;0.15061;1.5324;-0.4543;0.17733;-0.80847;0.098643;0.3675;0.28725;-1.1473;0.34141;1.1117;-0.63674;-0.22981;-1.0488;-0.16609;-0.55742;0.65673;-0.42121;0.47648;-0.63119;-0.80719;0.72231;0.47703;-0.7458;-0.88;-0.43684;-0.80667;0.0030149;0.29538;0.88441;0.17672;-0.21881;-0.76865;-0.41044;0.32365;-0.43532;-0.68081;-0.50258;-0.73233;0.027117;-0.039139;-0.26724;0.19375;-0.74457;-0.55133;-0.67682;-0.55007;-0.66091;-0.68893;-0.68012;-0.22767;0.22066;0.54999;-0.60966;-0.73853;-0.69285;-0.013115;-0.53475;-0.69616;-0.81577;-0.12521;-0.77477
17;-0.88628;0.907;0.54623;-1.1189;-0.94751;0.97326;-0.98204;-0.53406;-0.24285;1.1031;-0.98325;-0.5931;-0.16542;-0.51504;0.59534;-0.78523;0.31413;0.27694;1.0975;-0.35749;-0.89343;1.3945;-0.30554;0.08713;-0.78174;0.58828;0.25792;-0.46434;0.30926;-0.52223;-0.79395;0.080484;0.36865;-1.1108;-0.38221;-0.83666;-1.1408;0.44669;3.5754;1.5203;-0.35201;-0.18334;-1.008;-0.47467;-0.81812;-0.76826;-0.13646;-0.38881;0.76081;-0.71579;-0.75948;0.79314;-0.3733;0.45429;0.26497;0.18734;-0.65745;-0.64229;-0.98316;-0.57319;0.12623;-0.46036;4.413;-0.67341;-0.32744;-0.68479;-0.35374;0.96305;-0.82945;-0.63479;-0.74485;3.8662;0.91812;-0.71699;-0.82927;0.10656;0.71193;0.50037;-0.18241;-0.73729;-0.12326;-0.46394;-0.69218;0.49273;-0.37686;-0.62904;1.565;-0.63719;0.89089;-0.8032;-0.49583;1.0902;-0.23939;2.2266;-0.55188;-0.067452
18;-1.0455;-0.95868;-0.069819;0.78966;-0.81996;0.27722;0.056144;-0.80118;1.0912;0.93886;0.015771;-0.36125;0.057958;-0.059196;0.79147;-1.0825;-0.81625;1.4262;-0.25615;-0.83984;-0.68766;0.12145;-1.047;-0.13634;-0.44619;-1.2806;1.638;0.70493;0.56836;-0.81152;-0.81581;-1.0551;0.053391;-1.2852;-0.61042;-0.64429;-0.012711;-0.52228;0.046491;-0.010284;-0.91612;0.24141;1.8655;-0.43525;3.4278;-0.89388;-1.1656;0.082274;0.15723;-0.2512;-0.64771;-0.41119;-0.3085;-0.57378;-0.31037;-0.31931;0.26543;-0.76866;3.0565;1.992;-0.23595;0.40414;-0.72368;2.9275;-0.85164;-0.62863;-0.040927;-0.46432;3.5363;1.5676;-0.74477;-0.24636;0.2993;-0.23672;3.9894;-0.4783;-0.45065;0.19457;-0.053794;0.70576;-0.48338;0.71881;0.91114;-0.62855;1.4237;-0.069228;-0.74749;0.14945;-0.042885;-0.86393;0.0021739;1.8753;-0.46858;0.21405;-0.56707;-0.77675
19;0.48866;0.28046;-0.45766;-0.79676;0.10008;-0.76609;0.68998;-0.94849;-1.3024;0.095198;0.90349;2.6003;-0.42717;-0.26762;-0.34378;0.97593;-0.64611;-0.6815;-0.85111;-0.68809;1.825;-0.27502;-0.79767;-0.96864;-0.30795;-1.3776;-1.0151;0.31677;0.3837;-1.337;-0.04186;-0.92063;0.63393;-0.93727;-1.2126;2.2185;-0.053335;-0.17948;0.55719;1.4999;-1.1966;-0.76823;-1.1014;0.70924;0.052547;-1.0637;1.3506;2.0726;-0.61634;-0.72713;1.069;0.017688;-0.79184;-0.02034;0.84983;1.0538;-0.49502;0.71719;-0.67394;-0.56424;-0.76681;0.038338;-0.6184;-0.034466;-0.1522;-0.7441;-0.74905;1.0242;-0.82827;-0.37174;-0.59086;0.17947;-0.45797;-0.6946;-0.30965;-0.17836;0.15025;-0.75534;-0.50994;1.2342;-0.6234;-0.5232;-0.5891;-0.43239;0.00083522;-0.74488;-0.74834;0.18263;0.15813;0.03101;-0.50855;1.1732;0.4602;0.559;0.95372;0.41382
20;-0.020508;3.709;-1.0464;-0.3105;-1.066;1.2458;-0.45966;-1.1194;0.19843;-0.94206;0.87104;-0.69508;-1.0995;1.6698;-1.1926;-0.10396;2.7158;-0.66495;-0.91802;1.3421;0.089715;-1.1892;-0.10961;1.5964;-0.85417;-0.6997;-1.1583;-1.0255;-0.77755;-0.94022;-0.89402;0.66689;-0.74751;2.723;-0.11685;-0.84583;3.4735;-0.33881;-0.84253;-1.1461;1.1036;-0.048222;-0.468;2.0229;3.4032;0.45812;-0.73597;-0.28915;-0.63271;0.51849;-0.39211;-0.7714;1.3879;-0.14725;0.6482;0.48154;2.3783;0.046253;0.94501;0.41662;-0.80509;-0.51545;1.5717;-0.67298;-0.28462;1.0729;-0.60448;-0.08772;0.34123;1.408;-0.695;-0.48192;0.85799;-0.20997;-0.4064;-0.69251;-0.69066;0.16628;-0.51135;-0.1093;-0.41242;0.052593;-0.72616;-0.34928;-0.56271;0.98608;-0.73222;-0.54685;-0.62403;-0.65235;-0.54204;0.40103;0.4868;0.19854;-0.49281;-0.33935
21;0.2209;-1.2229;-0.0226;-0.88645;-0.73795;1.4657;-0.31408;0.043614;-0.35792;0.12927;-0.92662;-0.25294;-0.56774;0.50602;0.1662;-0.91561;1.0987;-0.83679;-0.88096;2.8568;-0.72857;0.84706;-0.16011;-0.24407;1.4548;-0.74587;-0.80471;0.4672;-1.0159;-0.98286;-0.50957;0.25114;1.4538;-1.0154;-0.96474;-0.70799;-0.14992;-0.1982;-1.084;-0.66614;-0.41064;-0.5881;0.75786;0.9645;-1.1346;0.23131;1.2708;1.2678;2.034;-0.54901;-0.73022;-0.76045;-0.73019;2.0358;0.36969;0.91472;-0.40689;-0.80694;-0.98333;-0.24942;0.22526;2.7053;-0.037929;-0.65602;-0.38004;-0.12373;0.71804;-0.41831;-0.67999;0.62077;0.2307;0.20082;0.3422;-0.68801;-0.85293;-0.17717;-0.024173;0.706;0.75886;-0.73145;-0.36001;-0.66222;-0.71888;-0.57839;-0.66068;-0.74474;-0.47724;0.41944;-0.44492;-0.81527;-0.35437;-0.7511;-0.42047;-0.49885;-0.47188;3.0399
22;-0.49996;0.16634;1.781;-0.45192;2.2777;-1.4752;3.0683;-0.38884;0.28094;0.54725;-0.62967;-0.5245;-0.44029;0.13511;-1.2157;0.13649;1.5947;-1.1604;-0.88998;-0.81906;-0.91644;0.9868;-0.35803;-1.0306;-0.53504;-1.0209;-1.0632;-0.40493;0.8114;-0.73455;-0.21911;2.0415;-0.43347;1.6247;1.2342;-1.0358;0.15831;-0.13545;-0.53256;-1.0089;1.5429;1.5537;-0.54639;-0.0045457;-1.1361;2.247;-0.017151;1.0938;-0.19568;-0.078928;1.4905;-0.80488;-0.65216;-0.59933;-0.70139;-0.82856;-0.647;-0.26842;-0.13417;-0.50202;-0.519;-0.6632;2.0895;0.13162;0.31694;-0.74542;-0.5113;1.6682;-0.79761;1.4517;-0.40398;-0.35839;-0.28614;-0.39704;-0.057537;-0.49527;-0.56166;-0.3034;0.83671;-0.52102;-0.55274;-0.37472;-0.6607;0.073796;-0.70229;-0.18784;-0.61477;-0.57266;-0.77478;-0.53368;0.69778;3.9132;0.70594;-0.0256;-0.30585;-0.75174
23;-0.99084;1.8988;-1.1234;0.98135;-0.93899;0.15797;1.142;-0.75334;-0.45717;-0.61564;-0.9787;-0.49869;0.91623;-0.65141;-1.0546;0.76358;0.896;-0.63252;0.35902;-1.1569;-1.1782;-0.99701;-0.86976;-0.72221;2.9104;0.11427;-0.25361;-0.47348;-0.83611;2.097;-1.0825;-1.1695;1.1339;-1.3211;0.12688;-0.14471;-1.0798;-0.54063;0.40483;0.51585;2.166;0.46844;-0.32942;0.14259;-0.41519;-0.27346;-0.29378;1.2885;-0.55467;0.28055;0.47013;0.56895;-0.85625;-0.55311;-0.18309;-0.82526;-0.53411;0.49304;1.8427;-0.15125;-0.087863;-0.39899;-0.7057;-0.67476;0.31844;-0.034198;-0.55852;-0.97383;-0.16727;0.28555;0.081112;-0.51936;0.36329;-0.70397;-0.79675;-0.46251;-0.7002;-0.76886;-0.61439;-0.72494;-0.47823;-0.14797;0.13066;0.79769;-0.47609;-0.66336;-0.72363;3.6106;2.3099;-0.84259;3.1433;-0.50689;-0.57308;-0.74101;0.33402;-0.51826
24;-0.10679;-1.3498;1.5883;-0.15007;-0.58173;-0.74768;0.37427;0.46304;0.53475;-0.16099;0.051942;-0.20034;2.8029;-0.94386;-0.71604;0.26493;-1.2025;-0.54269;2.922;0.23204;1.2148;-1.0023;0.6013;-0.67977;1.1065;-0.42797;-1.2828;0.55018;-0.84189;1.131;2.7308;-0.56184;1.5266;-0.1708;1.6863;-0.24744;-0.45706;-1.067;0.19882;0.042919;-0.3278;1.9406;-0.15476;1.2715;0.1093;4.5699;0.40916;0.30377;-0.18958;-0.74574;-0.38377;0.62626;0.53228;1.2937;-0.72499;0.44176;1.0152;1.4884;-0.92346;-0.34992;-0.79191;-0.54438;1.2599;0.13176;-0.79358;-0.74368;-0.34607;-0.83972;0.24287;-0.77486;-0.018528;0.086197;2.9581;-0.48892;0.026969;-0.53968;0.9357;-0.65558;-0.5107;1.3592;1.5231;-0.30044;-0.3685;-0.38926;-0.41649;-0.7851;0.50288;-0.7266;-0.78928;0.98739;-0.55913;-0.77087;-0.35443;-0.83086;-0.16484;-0.075522
25;1.0087;-0.47185;-1.1986;0.42007;-0.88845;0.83732;-0.30957;2.1773;-0.21407;-0.061142;1.5018;0.20184;0.38108;-1.0098;-1.0816;1.1169;-0.47669;-0.97158;-0.30679;-0.35275;-0.38825;0.17067;0.54207;3.1021;1.4437;1.6906;1.4825;-1.2051;-0.17568;-1.1224;0.26097;1.4312;-1.0755;-0.30586;-0.10042;-0.30983;0.029652;-0.49077;0.26417;0.041545;-0.29807;1.4517;-0.9354;0.016847;-0.80158;0.2838;0.20145;-0.36357;-0.64283;-0.37185;1.0786;-0.84043;-0.52293;-0.58584;2.38;-0.77167;-0.36458;-0.85159;-0.2215;-0.56848;-0.44893;0.76701;-0.76205;-0.58097;-0.80337;1.3194;-0.76551;-0.95704;-0.70834;-0.71307;-0.69365;5.2305;1.217;0.88918;-0.42133;0.27026;0.00015619;1.5853;-0.56012;-0.4479;-0.62368;-0.56253;-0.72141;0.27039;-0.14645;1.5133;0.6475;-0.2874;-0.039307;-0.84802;-0.18721;-0.70931;1.3014;-0.26113;1.5497;1.8105
26;-0.69947;-1.0195;-1.007;2.8155;1.8656;1.8734;0.7254;0.74085;1.0047;-0.39899;0.026161;-0.58997;-0.99183;2.7264;2.4322;-0.71042;0.7302;-0.3633;-0.11038;0.88577;-0.57005;-0.42914;0.286;-0.90756;1.4111;0.71173;2.0577;-0.15107;2.5608;-0.6561;3.0159;-1.3294;-0.31766;-0.43655;1.2426;-0.65411;-0.063236;-0.70143;1.6331;-0.71687;-0.73252;-0.0072266;-1.1155;-0.1186;-0.40848;-0.48038;-0.81021;0.14423;-0.4278;-0.55967;0.45707;0.70336;-0.57239;4.3419;3.1913;-0.26948;1.4072;-0.84963;0.46877;1.2987;-0.4075;-0.65189;0.27796;-0.64384;2.8963;-0.55314;-0.18656;2.7646;-0.71846;1.6841;-0.53298;-0.0079461;-0.61811;-0.70172;-0.76862;-0.46143;-0.49621;1.9071;-0.26189;-0.71894;-0.15929;-0.6638;0.19574;-0.65821;-0.50445;2.6501;-0.70985;-0.75734;-0.72344;-0.86394;-0.31538;1.2648;1.7429;-0.82399;-0.65131;0.98314
27;0.18265;2.5584;2.4261;-0.0078467;1.9752;-0.46779;0.50632;-1.236;0.7745;1.9159;-0.77636;-0.45706;-0.37444;-0.84275;-0.912;-0.31862;-0.55879;-0.1719;0.40701;-0.87202;-0.2849;0.088587;0.16968;-0.7884;-0.10958;-0.68046;0.25362;1.354;-0.02834;0.20566;-1.1177;-0.72335;-1.0757;-1.1359;0.047742;0.98105;0.49515;0.79558;0.1611;1.0907;-0.63477;-0.79641;-0.14482;-1.1003;0.075124;-0.44899;-0.39806;0.42708;-0.57745;-0.22455;-0.66595;0.020687;0.73518;-0.63941;0.67987;0.026599;-0.64551;-0.52898;-0.40857;0.78399;-0.59541;-0.28175;0.052391;1.59;-0.37538;-0.16154;-0.65571;3.936;-0.36673;0.27746;-0.58424;0.09511;0.15378;-0.011591;-0.78556;0.13257;0.1627;-0.61114;-0.15472;-0.11866;-0.53598;2.4478;0.039219;-0.62837;1.614;-0.62459;-0.57511;-0.33541;-0.51819;-0.30704;-0.52177;-0.5783;-0.74623;-0.74915;-0.58482;-0.70436
28;1.7256;-0.47856;-0.69039;-0.66451;-1.0128;1.3151;-1.2966;1.793;0.45841;0.12896;-0.95546;0.23281;-1.0269;-0.44908;0.6064;-0.0035239;0.037536;-0.81104;-0.82291;-1.0164;-1.0286;-0.89111;-0.25123;1.5037;0.11725;-0.79975;0.69783;-0.32708;-0.77868;-1.3172;0.30444;1.9145;-0.20777;-0.48507;1.5962;2.149;-0.46217;0.46613;-0.19715;0.99172;-1.0283;-0.65728;-1.0233;-0.43939;-0.67229;-0.7261;0.013864;-0.33949;-0.64065;-0.74628;-0.5362;0.15838;-0.48903;1.4769;-0.73544;-0.7955;1.2567;-0.13869;2.2242;-0.58607;-0.52166;-0.50025;-0.69503;-0.67331;-0.4556;0.98855;0.68732;0.41671;1.2293;0.17563;0.087767;0.00018946;-0.8118;0.075217;3.1801;3.1152;-0.71225;1.8654;1.3645;-0.54506;-0.41098;-0.45699;1.0192;0.10046;-0.46635;-0.10221;-0.61781;1.6891;-0.56672;1.8055;0.43944;-0.37633;3.4777;-0.73475;-0.68816;-0.76652
29;-0.1722;0.84228;0.84688;-0.59513;-0.46313;0.054261;-1.3011;0.06436;-0.63741;-1.2268;0.4729;-0.18937;-0.28134;0.01591;2.0334;-0.052202;-1.051;-0.25515;-0.72556;-0.21556;-0.30078;1.128;-0.41992;0.00019541;-0.65397;0.16853;-0.62982;-0.47507;-0.60264;-0.087193;-0.40646;0.52381;-1.5039;0.15863;-0.6043;-0.34052;0.50949;-0.97623;0.15461;-0.73719;0.81406;2.3266;-0.49647;0.093323;-0.66126;-0.51121;0.12213;-1.5132;-0.64358;-0.74194;0.89813;-0.72206;1.8076;0.39087;-0.45427;-0.26757;-0.32637;-0.18161;-0.90439;-0.50677;0.63897;-0.46836;-0.1054;-0.12829;1.3481;1.3024;-0.55784;-0.93056;-0.55219;-0.20855;0.51006;-0.47786;1.4775;-0.11302;0.146;-0.050445;1.3772;0.61919;-0.3954;-0.73731;-0.61851;-0.59168;3.7526;-0.20457;0.38375;4.3072;0.91772;0.28739;-0.81913;0.57155;-0.27224;-0.6126;-0.028227;-0.70589;2.494;0.11862
30;-0.53238;-0.62875;-0.24103;0.0058698;-0.85868;-0.031604;1.5292;-0.32995;-0.22766;-1.1581;-0.66595;1.3942;0.53137;-0.69464;1.0971;0.39446;2.15;-1.0305;-1.1194;-0.24986;0.28908;0.50773;-0.53688;-1.1189;1.9679;-0.40752;-0.67145;1.7568;0.20388;0.42696;-0.20365;-1.2703;-0.85132;1.0869;-0.54083;-0.70712;-1.0685;-1.1225;-0.77004;-0.62284;0.36679;-0.43123;-0.70354;0.28011;-0.30004;0.39239;0.11707;-0.18362;0.62884;-0.64849;3.468;3.0333;-0.41725;-0.62001;0.14665;1.3777;-0.64277;-0.76759;-0.53311;-0.36396;-0.7328;-0.57875;-0.52703;-0.65996;0.81276;0.27678;1.1444;0.13353;2.9317;-0.7772;-0.74179;0.13316;-0.20915;-0.61577;-0.76533;0.86367;-0.60121;-0.7524;-0.48559;0.82047;-0.45277;-0.40158;-0.55784;-0.67467;0.82088;-0.18584;0.27408;1.4517;-0.7868;-0.69673;-0.16695;-0.72947;0.080441;3.0713;0.33616;0.022784
31;1.7028;0.37292;-0.47883;-0.54663;3.1235;-0.70183;-0.47588;3.4706;-0.63424;-0.913;-0.62079;-0.49516;0.48957;-0.026683;-1.0048;-1.2489;2.3897;-0.54638;0.81627;-0.67586;0.30628;0.24097;-0.3051;1.5124;-0.1105;-0.51796;0.55508;1.5572;-0.48574;-0.30658;-0.28335;-1.0193;1.4664;0.068571;-0.76649;-0.55362;1.0724;-0.38612;-0.56424;0.46488;2.6856;-0.083968;-0.61012;-0.16041;-1.1208;-0.88161;-0.33038;-0.78215;-0.63014;0.030708;-0.75949;-0.71858;3.6793;0.77536;-0.80063;-0.7156;0.017014;-0.57212;0.39647;1.0886;-0.65779;2.0958;0.14787;-0.66764;0.69004;2.26;-0.76908;-0.1079;-0.48182;-0.49079;-0.60105;-0.51569;-0.34811;-0.30615;-0.83556;1.317;-0.42031;-0.78575;-0.43421;0.28706;-0.55529;-0.66731;-0.62345;4.9839;-0.62932;-0.35621;-0.35687;-0.52052;-0.47827;-0.36107;-0.56664;0.30455;0.048614;-0.68615;-0.67154;-0.057347
32;-0.54403;-0.44884;0.88744;0.96239;-0.15183;-0.94917;-0.69792;-0.24955;-0.14617;-0.22522;-0.33709;0.11842;-0.81152;-0.3036;-0.94862;1.4152;0.60249;-0.73298;-0.67291;-0.41459;-0.83102;0.95616;0.31085;-0.76086;-0.89189;1.1755;0.8114;-0.68248;-0.76751;0.0052193;-0.40534;-0.13991;-0.87164;-0.26454;-0.37983;1.5752;0.12217;1.7044;-0.82117;-0.80899;1.1568;-0.89908;-1.0843;-0.71321;-0.18066;2.8296;-1.1641;0.43673;0.94283;1.1459;-0.57967;0.22001;-0.36528;-0.45774;-0.80221;1.1897;4.3131;-0.51202;1.7972;-0.43094;-0.59941;-0.4115;-0.46167;3.77;-0.84001;-0.66794;-0.76762;-0.061923;-0.11254;0.068968;-0.68017;-0.47354;0.90011;-0.41181;-0.8598;-0.69431;-0.62256;-0.63817;-0.30179;-0.67019;-0.50636;-0.030646;-0.66776;0.58058;0.015933;-0.59579;-0.72027;-0.56783;0.80112;-0.73251;0.028873;-0.48902;-0.85382;0.11645;0.21633;-0.4512
33;0.019323;-0.51838;-0.21602;-0.78495;0.091032;-1.3518;-0.79883;-0.32338;1.3313;-0.19278;0.20294;-0.73944;-0.78421;-0.056562;-0.91389;1.4257;-1.1097;0.79648;0.30872;-1.1414;-0.59857;-0.31395;0.085809;-0.014;-0.50572;1.6755;-0.87204;-1.2915;0.63574;-0.26655;1.558;0.61274;-1.4392;1.5381;-0.49505;-0.48915;-1.1586;0.21223;-0.49326;-0.53561;-0.75321;-0.77561;0.47906;-0.94936;0.023048;0.30366;3.1855;-1.135;0.82742;-0.17198;0.5678;-0.12549;-0.77695;-0.15011;-0.69264;-0.4069;0.37727;-0.85075;-0.65562;1.0324;0.47658;-0.55463;-0.65913;-0.54401;-0.82879;1.5486;0.28119;-0.86573;0.98648;0.5157;1.895;-0.32075;-0.90335;1.1452;-0.84418;0.90706;0.80081;-0.70218;-0.58291;1.0065;0.30544;0.36193;-0.48651;0.29927;0.30924;-0.78105;-0.30653;-0.20109;-0.81613;-0.85024;0.55158;-0.4669;0.5716;2.664;-0.6843;-0.26754
34;-0.498;-0.042921;-0.52418;-0.90252;-1.3252;-0.059032;-1.3696;-0.71177;2.6341;2.8139;1.844;1.3837;-1.0177;-0.7073;0.14605;-1.1234;-0.53001;-1.1401;-0.83066;0.25916;0.20581;-0.11429;0.66402;0.90108;0.95148;0.56129;0.76773;-1.0497;-0.35144;2.5365;-0.20803;-0.48218;-0.85851;0.34172;-0.91813;0.59371;-0.53213;-0.82561;0.36215;1.6032;-0.79384;-0.82793;-0.92458;0.22888;-0.67078;-0.49031;0.08106;-1.4214;-0.63657;-0.50459;1.3624;0.50389;1.2309;-0.59013;-0.13081;-0.83294;-0.45725;-0.73115;0.24927;-0.38863;0.17356;-0.29243;1.1498;-0.20452;0.10374;-0.7441;0.66766;0.65196;2.207;-0.66556;-0.62686;-0.44917;0.28868;-0.57142;1.7087;-0.68709;-0.36677;-0.45336;-0.55843;-0.6979;-0.46279;0.32722;0.76013;-0.59353;-0.63743;0.2283;2.2438;0.66693;4.1814;-0.29328;1.0764;-0.81144;-0.66806;-0.60675;-0.075219;0.07259
35;2.0416;0.1686;-0.7158;-1.0743;1.8933;-0.4749;0.9944;-0.53758;3.1838;-0.11803;-1.1295;-0.23719;-0.4405;0.19505;-0.21642;-1.1953;1.5514;1.8285;-0.59256;-1.128;-0.3226;-0.15504;-0.67918;1.8087;0.045392;0.66924;-1.1512;-0.2549;0.55513;-0.22865;-0.54829;-1.0351;0.24896;-0.0098439;3.1372;-0.20321;0.92607;-0.67323;0.52081;2.1779;0.52329;0.21465;2.46;-0.45596;1.2894;0.17657;0.11283;-0.42025;-0.19321;-0.19737;-0.75819;-0.75016;-0.81596;-0.63826;-0.55502;-0.736;-0.55472;-0.73591;-0.85903;-0.15946;4.083;-0.4776;-0.78485;0.45339;0.38763;1.6729;-0.51807;-0.74102;-0.80614;0.26388;-0.49628;0.66962;-0.45142;2.5115;-0.60721;0.010972;0.28812;0.91416;-0.56907;-0.71144;-0.55043;-0.49675;0.42262;0.60625;-0.72102;-0.66687;1.2181;-0.65056;0.2259;1.1432;0.094909;0.41111;1.4019;0.40149;-0.63265;-0.6682
36;0.28858;0.59095;-0.75119;-0.8749;0.24171;-0.3877;-0.41648;-0.69331;-0.14509;1.0769;-0.18471;-0.63596;-1.0502;-0.15226;0.81272;-0.603;-1.1528;0.092844;-0.78156;-0.14511;0.76181;-0.68775;2.1619;-1.2187;2.4894;2.3456;-0.30229;-0.85349;0.90451;-0.61763;-0.14945;-0.61095;0.71929;0.12397;-0.19836;-0.80021;-0.98431;-0.13438;0.31358;0.070643;0.5002;2.0478;0.59139;-0.93625;0.36499;0.32297;-0.48716;0.85754;0.18492;1.0209;-0.75477;-0.6625;0.72907;-0.55887;0.4067;-0.63358;2.8092;-0.85083;0.54008;-0.1753;-0.80091;0.73127;-0.62601;-0.65511;-0.51545;-0.52703;-0.26833;0.84004;0.54339;-0.75239;0.76884;-0.51778;-0.81484;2.3393;-0.76086;4.0674;3.5852;-0.20225;-0.4049;-0.69824;-0.60607;-0.56322;-0.7227;0.35191;1.392;-0.73126;-0.75164;-0.40457;-0.17845;-0.8868;-0.53814;-0.7898;1.0307;-0.38642;2.5589;-0.72264
37;-0.29328;0.15459;-0.10282;-0.46978;-0.68636;-0.64759;2.1223;-0.77768;-0.91555;-1.2767;-0.015978;-0.50548;-0.58172;-0.17332;1.5782;-0.60737;-0.17847;0.44217;-0.25139;-0.88547;3.5139;-1.2406;-1.055;1.1056;-0.61255;-0.88422;-1.2337;0.77952;-0.84213;-0.90055;-0.58921;-0.46318;1.4531;-0.55407;0.80945;0.41856;-0.57196;1.3901;1.1245;-1.225;-0.52121;-0.98501;-0.95014;-0.21938;-0.63258;-0.94838;-1.4395;-0.30477;3.7921;-0.45737;2.5357;-0.84358;-0.24299;-0.1673;-0.21443;0.16913;-0.67768;1.0124;-0.15023;0.093253;-0.52525;-0.65767;-0.50386;-0.47882;-0.84219;4.189;0.02215;-0.93408;0.20763;-0.74343;-0.73436;-0.30411;4.084;2.07;-0.80007;0.11591;-0.50839;-0.65075;0.70335;1.6908;-0.29978;-0.049411;-0.53648;-0.68721;-0.68026;-0.22634;-0.73187;-0.70189;0.04904;0.21125;0.22207;-0.12501;-0.5531;-0.58306;0.58889;-0.76669
38;0.52879;0.84159;-0.34193;1.3884;-0.52984;-0.49776;1.0924;0.040707;0.46229;0.20749;-0.19804;-0.58177;0.22154;2.4237;-1.273;0.5355;0.20705;0.013589;-0.65817;-0.51356;0.54695;-1.0269;-0.34841;-0.115;-0.093615;-1.3881;-1.1952;-0.49756;-0.90275;0.5005;0.27286;-0.51318;-0.61689;-0.21337;-0.2973;-0.6176;2.4421;-0.88748;-1.1118;-0.91587;-0.71111;-1.0634;-0.36151;-0.83948;-0.40269;-0.11121;-0.89612;-0.88722;-0.62958;0.12172;-0.72139;-0.53048;-0.64469;-0.55878;1.6011;-0.81193;0.36638;-0.012909;-0.85972;-0.46121;-0.7378;-0.59007;-0.75339;0.4889;2.6712;-0.7323;-0.70301;-0.92085;0.68995;-0.45222;-0.61034;-0.078333;-0.90572;-0.5668;-0.24818;-0.64862;-0.70711;-0.42649;3.6096;1.841;-0.47259;-0.63563;-0.2989;-0.093121;-0.54934;1.248;-0.56239;0.92563;-0.81701;-0.16873;2.5306;-0.2661;-0.51523;-0.16729;-0.34255;-0.3451
39;1.0867;-0.59632;1.3573;0.69748;-0.79395;-0.36475;0.60806;2.5977;0.089837;0.54175;1.1285;-0.66297;3.1355;0.0094084;0.20923;0.19721;1.0956;0.0048678;1.1367;-1.1006;0.82873;0.34053;-0.044611;-1.2715;-1.2275;-0.93067;-0.59843;0.98117;-0.58231;0.017107;-0.64879;1.3265;2.4211;1.2535;-0.39245;-0.88666;-1.2467;-0.52243;-0.90578;-1.1502;-0.25163;-1.0684;0.74148;0.46641;-0.91713;-0.29276;-0.54329;0.21067;-0.56438;-0.70605;-0.71962;-0.61828;-0.78316;-0.41003;0.44153;-0.78382;-0.36437;0.9277;-0.12968;-0.43502;-0.034595;-0.45036;0.24168;3.2758;-0.83766;-0.16224;-0.098791;-0.60382;-0.42809;-0.72308;-0.69675;-0.016757;-0.599;-0.49093;0.26624;1.4287;-0.17314;1.3694;0.32231;2.5151;2.0891;0.36512;2.1214;-0.11895;1.1132;-0.77728;0.13076;-0.60221;0.87458;-0.75807;-0.55908;-0.79724;-0.92181;-0.8178;0.3723;-0.20433
40;-0.54167;0.6805;1.2828;0.0882;1.3811;1.1171;-1.1289;-0.60431;-0.72429;2.2948;-0.48464;-0.49832;-0.62497;-0.42947;-0.73351;-0.81827;0.29377;-0.11432;2.0464;-0.86326;0.84143;-0.55927;0.60949;0.11719;-0.99365;1.0219;0.64573;1.117;-0.93218;2.4879;1.5313;-0.41983;-1.121;-0.073296;1.4911;0.60399;-0.50816;-0.22473;-0.85809;-0.76332;-1.0532;-0.81706;-0.21758;-0.55048;-1.2666;-0.056422;0.49947;0.91283;-0.64485;-0.56199;-0.0193;2.9934;0.3015;-0.63856;-0.70443;-0.78595;0.0982;-0.82572;-0.6143;5.8058;-0.43248;-0.54139;-0.77852;-0.21863;-0.84323;-0.25274;-0.14501;-0.85229;-0.73696;0.12279;-0.745;-0.12499;0.15249;0.0049884;1.3825;0.82184;0.057052;0.45933;-0.61671;0.65139;1.6861;-0.66199;-0.37346;0.47353;-0.69408;-0.46111;-0.54911;-0.46718;-0.62201;0.99596;-0.43428;-0.39498;-0.89058;-0.80255;-0.73445;-0.67938
41;-0.27439;-0.88815;-0.82049;1.0407;-0.018113;-1.6153;-0.88424;-0.14657;-1.2583;-0.1506;0.014178;0.53869;-1.0862;-0.62868;1.9873;0.99463;0.002752;0.24676;0.5976;0.18098;-0.43016;-0.69119;-0.33452;-0.44946;0.1298;0.016254;2.0264;-1.1908;0.41694;-0.1226;-0.85367;1.52;1.1725;2.069;-0.19146;-0.30774;-0.93724;-1.1601;-0.84245;0.71156;-0.52537;-0.27261;-0.95248;-0.442;-1.1916;0.22899;1.6632;1.8827;-0.64416;-0.75084;-0.75177;-0.79456;3.0964;1.9077;-0.69459;0.33236;-0.67933;-0.67129;0.35404;0.084017;2.208;3.491;-0.25784;-0.019346;-0.25999;-0.73597;3.5116;-0.98371;1.0227;0.18981;0.065591;-0.14844;-0.32302;-0.20705;-0.84209;-0.50612;-0.71129;-0.40851;-0.099716;-0.4999;-0.46076;-0.65752;-0.65327;-0.67729;-0.31565;-0.77608;-0.7506;-0.71601;0.73335;0.13887;-0.53391;-0.78664;0.1882;0.31054;-0.72574;-0.37347
42;-0.72914;-0.41769;-0.41246;-0.9279;1.98;0.7236;-0.22795;-0.1115;0.19467;-0.79907;0.66291;0.66763;-0.99231;-0.72976;0.18786;-0.18393;-1.2277;-1.0103;0.27331;0.67754;0.18233;-0.1925;-1.0233;1.2604;0.056172;-0.27027;0.91739;0.72887;1.2644;1.6504;0.037369;-0.20476;0.2508;1.116;-1.1603;2.2742;1.3531;0.18235;0.4345;-0.14692;-0.85468;-0.37461;0.70693;-0.47988;0.91317;-0.69163;0.83063;-0.36317;-0.61195;0.61696;-0.75637;0.6409;-0.68979;0.3367;0.34555;5.0727;-0.44226;-0.84283;0.10176;0.28274;2.8464;-0.62907;-0.57898;-0.26892;0.8403;0.10053;-0.76931;0.58884;2.0818;0.50719;1.2308;-0.44261;-0.74784;-0.5945;-0.39339;-0.69466;-0.62597;-0.68997;-0.48027;-0.73621;4.9534;3.3863;-0.54105;-0.66804;-0.33963;-0.34419;1.0264;-0.71718;0.25029;0.27946;-0.44609;-0.4671;-0.94203;-0.49969;-0.73437;-0.72642
43;0.0027044;-0.57341;-0.44386;-0.11925;-0.21795;-0.27836;0.17722;0.65439;1.1994;0.14505;-0.85545;0.13146;-0.65781;1.4317;0.12798;1.7857;0.97886;-0.65596;0.066707;-0.5285;-0.94496;-0.34167;-0.45714;-0.010602;-1.1732;0.73124;0.23242;-0.58715;0.77935;1.2261;-0.35141;-0.8942;-1.0339;-0.8648;-1.1012;-0.23824;-1.0247;-0.31243;0.019573;-0.58933;-0.95474;0.61928;-1.1375;-0.4547;-0.89022;-0.24713;-0.85555;0.33116;-0.49565;1.3929;-0.75744;0.66543;0.49785;-0.00686;-0.7478;0.86862;-0.63907;0.086763;-0.50651;-0.43774;-0.76866;-0.45792;1.4638;1.3301;-0.65427;-0.73171;0.17129;-0.22972;-0.1877;-0.69015;-0.72828;0.27255;0.398;-0.69699;-0.034953;2.0447;-0.69249;-0.23703;-0.26846;-0.48994;-0.51967;0.080724;-0.36595;-0.30407;1.3729;-0.70304;-0.59386;-0.68824;1.2586;1.89;-0.55381;1.8202;-0.8858;-0.81044;-0.28087;0.21802
44;-0.81515;-1.3212;1.5277;-0.53321;-0.65218;0.11063;-1.1361;-0.70509;0.84972;1.2133;0.72999;-0.48965;2.0936;-1.0511;-0.087735;1.7163;-0.62246;0.90362;-0.95047;1.7959;-1.0497;-0.28531;3.8495;1.1101;0.38332;-1.1836;1.5341;-0.05481;-0.28308;2.0399;-0.25309;-1.2272;0.63491;-0.44998;0.067864;-0.77027;1.2348;2.1516;3.8553;3.0356;-0.74729;-0.73704;0.3196;-1.0459;0.10566;-0.67368;-1.1269;0.10281;-0.48476;-0.13207;-0.61667;-0.82609;-0.86534;-0.63834;-0.73941;-0.76969;-0.19094;0.079363;0.033393;-0.4875;0.11843;0.60147;-0.48235;-0.67446;2.3354;-0.74152;-0.44763;0.093184;-0.3023;0.14613;-0.4969;-0.46013;-0.23815;-0.69427;0.88583;-0.62597;1.0297;-0.1777;0.36907;-0.52609;-0.62485;3.6439;-0.41756;-0.16806;-0.47582;-0.76865;-0.73322;-0.67746;0.97978;-0.22368;-0.095991;-0.75817;-0.4431;1.364;-0.73044;1.1834
45;-0.098191;-1.1077;-0.31953;-0.22775;-0.95675;-0.75544;-1.2226;-0.46225;0.29302;0.134;-0.41485;0.29335;-0.37102;-1.0178;-0.74813;-0.8901;0.89462;-0.11435;-0.48451;-0.92486;0.46201;0.0098686;0.45331;-0.73954;-0.4976;-0.48168;0.45883;-1.1389;-0.59564;-1.1266;-0.88413;0.66702;-1.461;0.12718;0.070508;-0.29507;-0.96988;3.2549;-0.017366;-0.73377;0.7695;-0.11413;0.56037;-1.0745;0.24514;0.43993;-1.0077;3.6731;-0.38308;-0.57188;0.72237;-0.53081;-0.81977;-0.63939;3.9172;0.14593;-0.4598;-0.56872;-0.97119;0.71329;-0.73145;0.54682;-0.7576;0.0068121;-0.8387;-0.54232;-0.70357;-0.97987;-0.60019;-0.58717;0.47464;-0.51645;0.10262;-0.69972;0.41663;0.041824;-0.66192;-0.17733;-0.56556;-0.65512;-0.46396;0.74228;-0.72713;-0.37621;-0.62477;0.73942;1.3678;2.8812;-0.46762;-0.48125;0.082027;0.31777;3.1285;0.67417;1.3803;-0.77022
46;-0.69174;0.41881;0.23185;-0.95833;0.397;0.17976;-0.34003;-0.4259;-0.19157;0.2983;1.6442;-0.67424;1.5617;0.83141;-0.52779;-1.2884;1.0612;-0.89731;-0.88368;-0.62925;2.6651;-0.048057;0.29987;-0.34029;0.15168;0.34351;-1.4356;2.1709;-0.41947;-0.38809;-1.066;-1.2579;2.0457;0.75213;-0.41504;-0.24192;0.26984;2.0825;-0.55543;-0.045593;2.0788;-0.80231;0.421;0.65814;-0.43768;-0.31174;2.0155;0.51947;-0.54574;0.38179;-0.67613;1.0562;1.4203;-0.64025;0.00034754;0.82608;-0.12537;-0.35725;-0.76514;0.065145;0.96172;-0.5449;1.0393;0.79827;-0.80757;-0.60744;-0.47381;0.54251;-0.24473;-0.59361;2.0127;-0.51467;-0.0022018;-0.053962;-0.57231;-0.64086;-0.68083;4.5558;1.1982;0.68124;-0.59489;-0.54961;-0.61399;-0.629;-0.56019;-0.29537;-0.69215;1.9731;2.0725;0.74293;-0.45485;0.052333;-0.70011;-0.11682;-0.58334;-0.4557
47;-0.98689;-0.90652;-0.76538;-1.0178;0.40592;2.6084;-0.42363;2.1493;-0.73951;0.07165;2.9261;-0.46904;0.19959;-0.60582;1.3548;-1.0982;0.1006;-0.76084;1.7716;-0.97067;1.5531;-0.3104;-0.90891;0.14546;-0.31523;-0.84378;1.1979;-0.84138;-0.78809;-0.49622;0.082093;0.4767;1.7577;-1.1452;3.0945;0.041755;0.22574;-0.19821;-0.35165;0.28139;1.691;-0.79762;0.10341;-0.96672;1.1208;-0.19185;0.55813;0.29404;-0.41461;-0.3314;-0.23032;-0.1737;-0.59973;-0.14095;-0.76424;-0.8105;1.3785;-0.20125;0.55331;-0.5068;-0.79489;-0.31121;-0.19426;-0.60317;-0.83251;-0.62283;-0.77002;-0.94697;-0.78455;-0.76676;-0.053563;-0.47981;-0.097046;0.068083;-0.42938;-0.27072;0.77037;-0.79806;-0.61717;-0.62307;-0.49863;1.2005;-0.5435;-0.53705;0.24389;-0.24589;-0.36568;-0.18905;1.7978;-0.49213;-0.35978;-0.80962;-0.5512;-0.52231;0.24389;-0.57329
48;-0.97036;0.81307;-0.82268;0.96086;-1.0438;2.0917;1.3677;-0.42087;-0.98644;-0.81269;0.42;-0.77087;1.2259;-0.88429;-0.60679;-0.52759;-0.28028;-0.15933;-0.7485;-0.015481;0.086362;-0.72607;-0.42235;0.81565;0.60997;-0.40144;1.0166;0.28747;-0.59598;-0.45888;-0.024363;-0.35887;0.3962;-0.91216;0.83485;0.37861;0.10347;-0.75224;1.5813;0.32493;-0.49196;-0.45499;-0.29067;-1.0855;0.78305;0.14844;0.42183;-1.2871;0.23455;1.1101;-0.63148;0.75806;-0.73809;0.090065;-0.76102;0.30948;-0.50846;0.76202;-0.853;0.0001384;1.3624;-0.65373;-0.38214;-0.46049;-0.71502;-0.70853;-0.76388;-0.48143;-0.82848;-0.74302;0.28819;-0.50173;-0.76889;0.11193;-0.76526;-0.67727;1.0859;-0.74291;-0.57902;-0.60212;-0.60118;-0.67399;-0.54888;-0.58266;-0.43774;0.95493;-0.47591;-0.34264;-0.79063;-0.75331;0.16433;-0.81021;-0.39038;-0.72513;-0.089696;-0.75815
49;0.072571;0.73106;-0.29159;-0.84309;-0.18688;-0.43714;-0.69393;0.77851;0.68536;-0.68634;-0.98122;-0.54756;-0.33858;-0.95734;-0.85885;-1.232;-0.75873;3.0855;1.0734;-1.0732;-0.59069;2.6087;-0.83473;1.9486;-0.55109;-0.2962;-1.3098;-1.2003;0.027977;0.48155;-0.66051;-0.97805;-0.29969;-0.78687;0.36175;-0.24458;-0.94818;-0.9959;-0.025659;0.02042;-0.36599;-0.62291;0.64663;-0.8878;0.24195;-0.056514;-0.68019;-0.76736;-0.62106;-0.50936;-0.322;0.049366;-0.71888;0.6096;-0.7389;0.40473;0.63049;0.53517;1.4247;-0.45864;0.074274;0.12197;-0.78023;-0.6544;2.3576;-0.58159;-0.15646;-0.90886;-0.66293;3.6416;0.33153;1.1899;-0.70617;1.2458;-0.18522;-0.6862;-0.25341;-0.54857;-0.60026;-0.42591;2.0169;-0.47435;2.2936;-0.66613;2.4962;-0.78283;-0.61436;0.1302;0.53789;-0.50158;-0.56274;-0.39542;0.59831;0.093034;-0.23282;3.9064
50;-1.1835;-0.83919;-0.31238;-0.30489;0.081964;0.87606;0.21254;-0.34225;1.3415;-0.70183;-0.95898;-0.029616;-0.48736;-0.82709;1.7521;-0.68628;0.09838;-0.27073;-0.82445;-0.51799;-0.27403;-1.2141;-0.85854;-0.85444;-0.88788;-0.8363;-1.1799;-0.79011;2.0077;0.85663;0.29578;0.50056;-0.52538;-0.46867;-1.2406;0.80776;-0.46659;0.97378;0.44496;-0.80617;0.070519;-0.62852;-0.91759;-0.56025;-0.095909;1.2298;-0.58314;-0.76446;-0.49023;-0.70741;-0.74115;-0.7233;-0.81879;-0.38031;0.29715;0.62515;-0.62286;-0.32889;-0.11091;-0.052167;0.67313;1.6734;-0.63143;-0.50088;-0.84402;0.24372;-0.68134;0.92515;-0.28101;-0.68083;-0.086539;-0.5206;-0.78871;0.16384;0.21136;-0.24058;0.89851;1.4745;-0.59258;-0.70077;-0.62594;-0.50667;3.4012;-0.65243;-0.71064;0.59321;1.1909;-0.098305;-0.65925;-0.34345;-0.14931;-0.23022;-0.93902;-0.51966;-0.68643;-0.77322
PARTICULAR
GAIN
3
