TITLE;96 random variables, variable gain
FOCUS ON;
EXPERIMENT TYPE;SingleAmongManyVaryingGain
PARAMETERS
normalization;Standard
pcaRecompositionThreshold;0.95
component;1;2;3;4;5;6;7;8;9;10;11;12;13;14;15;16;17;18;19;20;21;22;23;24;25;26;27;28;29;30;31;32;33;34;35;36;37;38;39;40;41;42;43;44;45;46;47;48;49
type;RandomPearson;RandomPearson;RandomPearson;RandomPearson;RandomPearson;RandomPearson;RandomPearson;RandomPearson;RandomPearson;RandomPearson;RandomPearson;RandomPearson;RandomPearson;RandomPearson;RandomPearson;RandomPearson;RandomPearson;RandomPearson;RandomPearson;RandomPearson;RandomPearson;RandomPearson;RandomPearson;RandomPearson;RandomPearson;RandomPearson;RandomPearson;RandomPearson;RandomPearson;RandomPearson;RandomPearson;RandomPearson;RandomPearson;RandomPearson;RandomPearson;RandomPearson;RandomPearson;RandomPearson;RandomPearson;RandomPearson;RandomPearson;RandomPearson;RandomPearson;RandomPearson;RandomPearson;RandomPearson;RandomPearson;RandomPearson;RandomNormal
p1;9;9;9;9;9;9;9;9;9;9;9;9;9;9;9;9;9;9;9;9;9;9;9;9;9;9;9;9;9;9;9;9;9;9;9;9;9;9;9;9;9;9;9;9;9;9;9;9;0
p2;0;0;0;0;0;0;0;0;0;0;0;0;0;0;0;0;0;0;0;0;0;0;0;0;0;0;0;0;0;0;0;0;0;0;0;0;0;0;0;0;0;0;0;0;0;0;0;0;1
RESULTS
COMMON
distance
which;Manhattan(Average);Manhattan(GeometricAverage);Manhattan(Median);Manhattan(Minimum);Manhattan(MinimumTimesMedian);Manhattan(Summation);Euclidean(Average);Euclidean(GeometricAverage);Euclidean(Median);Euclidean(Minimum);Euclidean(MinimumTimesMedian);Euclidean(Summation)
plain;1.0646;1.0639;1.0656;0.92243;0.9829;1304.1;0.14547;0.14513;0.14541;0.11053;0.016073;178.2
PCA;1.0645;1.0639;1.0651;0.9215;0.98151;1304.1;0.1455;0.14517;0.14556;0.11037;0.016065;178.24
DE00;1.0734;1.0725;1.0766;0.97334;1.037;1314.7;0.25706;0.25443;0.25724;0.14765;0.037144;297.08
DE01;1.0739;1.0719;1.0761;0.97442;1.0359;1314.8;0.24838;0.25222;0.24656;0.15063;0.037165;329.79
DE02;1.0734;1.0718;1.0749;0.96801;1.0359;1314.2;0.25012;0.24421;0.25787;0.153;0.039192;328.96
PCA
weights;0.01051;0.010024;0.0104;0.010221;0.010035;0.010181;0.010465;0.010108;0.010516;0.010706;0.010514;0.010313;0.010484;0.010687;0.010517;0.01016;0.010491;0.010401;0.010422;0.010665;0.010508;0.010586;0.010477;0.0097243;0.010511;0.010067;0.010625;0.010396;0.010637;0.010499;0.0098754;0.010646;0.010744;0.010818;0.010564;0.009937;0.010569;0.010697;0.010717;0.010594;0.010366;0.010423;0.010271;0.010161;0.010218;0.010681;0.010656;0.010405;0.010271;0.010625;0.010257;0.010558;0.010402;0.01047;0.01;0.010553;0.010542;0.010467;0.010454;0.010359;0.010644;0.010607;0.01006;0.010261;0.010434;0.0102;0.0099741;0.010564;0.010642;0.010444;0.010581;0.010007;0.010562;0.010597;0.010339;0.010359;0.010585;0.01056;0.010507;0.010468;0.010582;0.010363;0.010323;0.010351;0.010455;0.010359;0.010362;0.010504;0.010422;0.010491;0.010601;0.01065;0.01024;0.010472;0.0097234;0.010557
differential evolutions parameters, by distance type
i;dDE / dP;distance;type;parentWeight;crossover;population;iterations;distance;weights ->
1;1.0083;1.0734;2;0.85;0.5;50;50;Manhattan(Average);0.00054416;0.0012438;0.0014006;0.0023437;0.024602;0.0017601;0.00014849;0.00292;0.0020181;0.014716;0.00063583;0.00015604;0.003737;8.6915E-05;0.00075204;0.0052219;0.0022266;0.02538;0.00094618;0.004914;0.0089805;0.0045645;0.0015359;0.007377;0.00044978;0.0022035;0.00041835;0.00073679;0.0034052;0.0033951;0.0020462;0.0018248;0.0011883;0.0029863;0.00041579;0.02465;0.0030059;0.0018511;0.021749;0.00063843;0.017994;0.0053537;0.001999;0.00070964;0.011157;0.0218;0.0054781;0.0053169;0.0017006;0.0024686;0.0097341;0.0097621;0.026321;0.022833;0.0026193;0.020964;0.027109;0.0056271;0.025115;0.0062106;0.0089393;0.022496;0.020389;0.026733;0.0036296;0.0098708;0.015813;0.023616;0.02734;0.026213;0.025697;0.0018149;0.0089352;0.020794;0.024242;0.0063703;0.024911;0.022556;0.00036159;0.026127;0.020806;0.019015;0.0086925;0.0010954;0.025777;0.026925;0.00036369;0.027634;0.022997;0.0003656;0.0090298;0.016158;0.024197;0.024474;0.0005752;0.0056029
2;1.0083;1.0734;2;0.85;0.5;50;50;Manhattan(Average);0.0014826;0.00082428;0.0004988;0.00094551;0.027175;0.0011741;0.0010663;0.00026577;0.0025805;0.0052929;0.00086937;0.0018145;0.00030967;0.00056362;0.00015502;0.00085916;0.0034502;0.026705;0.00045577;0.024746;0.00034302;0.008285;0.00030134;0.024539;0.00022755;3.3763E-05;0.0028157;0.0012229;0.00012317;0.0038228;0.0025154;0.0097265;6.7374E-05;0.00074168;0.00043245;0.024267;0.0017486;0.0080969;0.016777;0.00036394;0.027102;0.009451;0.00071218;0.0031487;7.2178E-05;0.0076942;0.0022861;0.0030894;0.0011561;0.0096404;0.013926;0.022019;0.019792;0.026631;0.0047644;0.027034;0.021878;0.019223;0.015889;0.027177;0.0023156;0.027041;0.00027273;0.011968;0.024714;0.0051015;0.025073;0.01901;0.0068343;0.024388;0.011146;0.00043913;0.020801;0.017517;0.017384;0.011188;0.021615;0.013808;0.0017284;0.027845;0.010069;0.017422;0.02614;0.0028695;0.027559;0.024257;0.00024138;0.0046667;0.022982;0.0057622;0.027745;0.018145;0.026046;0.007552;0.0021974;0.015788
3;1.0088;1.0739;2;0.85;0.5;50;50;Manhattan(Average);0.0028921;0.00047437;0.001096;0.0013614;0.031366;0.00072702;0.00055889;0.0084185;0.00087883;0.03165;0.00070037;0.00094348;0.0050626;0.0013273;0.00012603;0.00026344;0.0032905;0.027154;0.0011448;0.019921;0.0021641;0.0008654;0.00043713;0.024773;0.00015638;0.00032646;0.0031793;0.0014834;0.00086983;0.00076985;0.0012762;0.0070215;0.00050574;0.0026362;0.0037686;0.031694;0.0044307;0.001602;0.029515;0.0012304;0.02715;0.0090328;0.0007104;0.0013887;0.001346;0.006531;0.0017556;0.0022334;0.0021404;0.0022765;0.0074192;0.0029512;0.031435;0.030166;0.0024339;0.01428;0.025368;0.009638;0.015497;0.024605;0.0017385;0.024766;0.030948;0.016094;0.012393;0.0048394;0.0098713;0.025817;0.0163;0.021341;0.0083079;0.0034025;0.0034662;0.017629;0.026213;0.013252;0.015219;0.028646;0.004359;0.022764;0.02248;0.027146;0.013121;0.0066553;0.026923;0.029065;4.5228E-05;0.010498;0.026184;0.004659;0.028653;0.0042178;0.0043844;0.0040038;0.0042065;0.0039753
4;1.0081;1.0725;2;0.85;0.5;50;50;Manhattan(GeometricAverage);0.010399;0.00040148;0.00077772;0.00072669;0.024649;0.0040576;0.0014294;0.00014112;0.0015204;0.0074409;0.0011175;0.0008815;0.0049108;0.0012871;0.00016805;0.0015546;0.0074992;0.026852;0.00053703;0.018112;0.0012284;0.0026721;0.0036371;0.025517;0.00022264;0.00058425;0.014285;0.0048081;0.0018864;0.0020288;0.0040334;0.0007841;0.00021556;0.0013927;0.00047724;0.025017;0.0022139;0.0024687;0.027574;0.0009996;0.024054;0.0055426;0.0032419;0.0023627;0.004885;0.00076268;0.0041654;0.00051769;0.0013502;0.00043831;0.01707;0.00321;0.023454;0.027488;0.0024795;0.025569;0.025723;0.0011298;0.027987;0.011535;3.0827E-05;0.024454;0.023974;0.020355;0.027515;0.0087237;0.012667;0.021859;0.024045;0.020711;0.02057;0.0013355;0.023595;0.0034461;0.01489;0.028105;0.015824;0.017112;0.0026663;0.026677;0.0043475;0.013408;0.022419;0.0012797;0.020314;0.024473;0.0017398;0.019263;0.018046;0.0040957;0.026085;0.013567;0.026973;0.011113;0.00067931;0.0041697
5;1.0075;1.0719;2;0.85;0.5;50;50;Manhattan(GeometricAverage);0.0033937;0.004115;0.0016454;0.0098703;0.022481;0.014436;1.2253E-06;0.016338;0.00015221;0.013604;0.00066617;0.00047646;0.01429;0.00044514;0.0003134;0.0069447;0.0035759;0.025018;0.00022334;0.016534;0.0033283;0.0051009;0.0016872;0.0065697;0.00027991;0.00087242;0.0051444;0.0014232;0.0023675;0.0034846;0.00062285;0.017531;1.2387E-05;4.9677E-05;0.002123;0.013875;0.0010047;0.015774;0.0221;0.00035984;0.021475;0.0015109;0.00065857;0.0035653;0.0020607;0.013898;0.0025538;0.00074016;0.0087289;0.0065307;0.025396;0.0032254;0.016202;0.023793;0.00054838;0.02081;0.025532;0.0081302;0.020652;0.019689;0.00022922;0.024003;0.017341;0.013528;0.022809;0.017747;0.018352;0.013834;0.015501;0.022669;0.019168;0.00068447;0.016278;0.021002;0.019412;0.016161;0.0068898;0.022598;0.0019534;0.023464;0.00017149;0.01872;0.01547;0.0050015;0.024432;0.02522;0.00056992;0.022137;0.019257;0.0065018;0.015418;0.019864;0.015403;0.0046534;0.0023396;0.0072797
6;1.0074;1.0718;2;0.85;0.5;50;50;Manhattan(GeometricAverage);0.002678;0.00020713;0.015614;0.0018903;0.018859;0.0030191;0.00091189;0.0046114;0.00081336;0.01949;0.00034974;1.5098E-05;0.00078323;0.0015154;0.0017145;0.0031488;0.021443;0.01231;0.001242;0.018438;0.0002534;0.00040045;0.0060083;0.01487;0.0007175;0.00023579;0.010114;0.0013291;0.0064936;0.020311;0.0016433;0.014932;0.00010071;0.00074149;0.00036113;0.017691;0.0037701;0.0067263;0.022986;0.00038618;0.019994;0.011981;0.00068224;0.0035898;0.00051259;0.010701;0.0011935;0.0099638;0.00030895;0.00080287;0.00012286;0.0014223;0.024636;0.020743;0.013032;0.020241;0.019321;0.014593;0.021934;0.022186;0.00018575;0.023523;0.013784;0.025796;0.016955;0.012174;0.0062837;0.022531;0.022593;0.025656;0.012184;0.00070284;0.016402;0.018961;0.020274;0.024404;0.010421;0.017162;0.0062907;0.023077;0.0018403;0.020585;0.024061;9.8841E-05;0.018921;0.014611;0.00075984;0.025071;0.024425;0.00080894;0.0225;0.0035529;0.022997;0.013528;0.00031183;0.0094861
7;1.0552;0.97334;2;0.85;0.5;50;50;Manhattan(Minimum);0.014391;0.01779;0.0027721;0.010203;0.0056092;0.011327;0.007663;0.0066062;0.01505;0.017735;0.0091335;0.0020353;0.016266;0.012565;0.001765;0.018706;0.015842;0.018059;0.0019624;0.01036;0.012806;0.016029;0.0018567;0.0036054;0.0014855;0.0068718;0.0091745;0.008958;0.014394;0.0049074;0.011981;0.01521;0.018212;0.010074;0.0058024;0.013969;0.012744;0.0084913;0.0056302;0.016711;0.020655;0.014399;0.0041409;0.013523;0.0042854;0.0094224;0.010739;0.0070678;0.0021658;0.0086743;0.012247;0.013644;0.018075;0.017758;0.010848;0.0066577;0.015435;0.011636;0.011934;0.011971;0.011658;0.0082243;0.0081739;0.0056276;0.010093;0.0060679;0.019228;0.0056753;0.0084968;0.017364;0.020467;0.0076432;0.0075452;0.015128;0.017877;0.013016;0.010583;0.0035616;0.0099401;0.0071244;0.0089256;0.019285;0.004142;0.013451;0.0051742;0.0026373;0.0035655;0.0057102;0.012278;0.0043711;0.011894;0.0033128;0.010088;0.012025;0.016906;0.012708
8;1.0494;0.96801;2;0.85;0.5;50;50;Manhattan(Minimum);0.010601;0.0039597;0.0012693;0.0053274;0.0027401;0.012058;0.0024775;0.019053;0.013438;0.0050025;0.0089769;0.0097899;0.0074961;0.011806;0.018189;0.01435;0.0068863;0.016916;0.0057743;0.013817;0.016818;0.015506;0.0052572;0.01566;0.018169;0.0078165;0.018327;0.0040441;0.0023927;0.011681;0.015961;0.018126;0.010351;0.0063029;0.0019489;0.0087045;0.0095865;0.010278;0.0066562;0.018659;0.0057874;0.011029;0.01784;0.012923;0.013702;0.015118;0.0017832;0.013589;0.017669;0.013406;0.018601;0.011985;0.018014;0.013099;0.0050549;0.0011107;0.015025;0.0068046;0.013249;0.0074858;0.00074456;0.002154;0.005076;0.010024;0.014208;0.014741;0.013237;0.0023828;0.0059672;0.019102;0.013959;0.0066948;0.017746;0.011823;0.019264;0.0072213;0.0038367;0.010152;0.0046785;0.020136;0.014947;0.016258;0.0029978;0.01063;0.014224;0.0075409;0.0077066;0.004787;0.0069736;0.013202;0.01522;0.0034734;0.0031207;0.017976;0.0060715;0.0062756
9;1.0564;0.97442;2;0.85;0.5;50;50;Manhattan(Minimum);0.019436;0.008361;0.0099338;0.0048696;0.011997;0.007431;0.0013243;0.0059215;0.0013004;0.0056756;0.0057564;0.007474;0.014788;0.018477;0.015459;0.012207;0.016243;0.016513;0.0063108;0.011901;0.0076654;0.010516;0.0031653;0.01297;0.009275;0.0065145;0.0083062;0.0072468;0.012391;0.0037246;0.0091452;0.018462;0.016445;0.0035484;0.0038986;0.0076279;0.019383;0.010676;0.015731;0.014015;0.019074;0.017924;0.017823;0.015104;0.0064828;0.014346;0.0052231;0.014803;0.007016;0.0088152;0.0048583;0.0050886;0.017011;0.017101;0.00027579;0.0026889;0.018821;0.0042871;0.011094;0.01101;0.0020316;0.0085888;0.0061901;0.0032506;0.014005;0.011857;0.0085306;0.0044955;0.012102;0.017657;0.018571;0.015418;0.019063;0.010052;0.015227;0.016597;0.015856;0.0087777;0.01412;0.013559;0.0018559;0.018217;0.0037401;0.014845;0.004697;0.001022;0.0092585;0.0010359;0.012266;0.007577;0.013984;0.012599;0.012558;0.012827;0.015441;0.0011948
10;1.0103;1.0766;2;0.85;0.5;50;50;Manhattan(Median);0.019465;0.0024216;0.0055201;0.0034665;0.016161;0.018614;0.018122;0.010412;0.00093398;0.0052537;0.0029357;0.0018002;0.0029809;0.0032811;0.0061158;0.011864;0.018611;0.015348;0.010055;0.0029905;0.00062174;0.005993;0.0089474;0.016425;0.014312;0.0064608;0.0076959;0.011307;0.0027483;0.0091073;0.0045951;0.012258;0.0017739;0.0057171;0.010682;0.020813;0.0042553;0.009936;0.0020519;0.0059308;0.010598;0.0034565;0.00038739;0.019274;0.013661;0.021284;0.0077668;0.015976;0.0003356;0.020635;0.012886;0.0090571;0.017645;0.0025979;0.0049016;0.019878;0.020206;0.019128;0.016099;0.016409;0.00076274;0.016503;0.020286;0.011433;0.0085799;0.01867;0.015022;0.018537;0.0074225;0.015826;0.017561;0.0034478;0.018189;0.015593;0.015103;0.014269;0.020524;0.00081423;0.0024786;0.0084533;0.016536;0.0068867;0.0057886;0.0046299;0.0059374;0.017054;0.0035222;0.019183;0.020611;0.0097631;0.019536;0.0042849;0.0055133;0.00043014;0.0025662;0.018116
11;1.0099;1.0761;2;0.85;0.5;50;50;Manhattan(Median);0.01696;0.0040324;0.0099613;0.002863;0.0061376;0.017586;0.0071105;0.018749;0.001943;0.010171;0.0040037;0.0053183;0.0087203;0.0004848;0.0021588;0.0050977;0.007188;0.0040594;0.0020166;0.011886;0.0040358;0.0094553;0.0099402;0.003855;0.010276;0.0012113;0.0021326;0.013253;0.002003;0.015125;0.016594;0.00089792;0.0013897;0.003907;0.0065965;0.016716;0.0065291;0.0029114;0.0055634;0.013865;0.018995;0.007531;0.0013526;0.019856;0.014487;0.014206;0.010277;0.018537;0.0014687;0.016946;0.020904;0.012608;0.014324;0.016482;0.0023823;0.01721;0.01338;0.0155;0.017852;0.020451;0.0067733;0.017296;0.016632;0.0087812;0.019607;0.017716;0.010228;0.019085;0.0090514;0.01398;0.015923;0.0048347;0.020331;0.019737;0.021193;0.019667;0.0023421;0.0011756;0.0064036;0.018665;0.0020432;0.0088827;0.0035451;0.004594;0.0078772;0.012124;0.0076882;0.017386;0.020245;0.0091976;0.014885;0.012452;0.013127;0.015009;0.0011835;0.012881
12;1.0088;1.0749;2;0.85;0.5;50;50;Manhattan(Median);0.01067;0.011806;0.014187;0.0015456;0.010144;0.0088646;0.0041018;0.019722;0.0093044;0.0047557;0.00075923;0.0032509;0.010798;0.00053527;0.0043696;0.013994;0.01306;0.020324;0.00059452;0.017656;0.013321;0.0062979;0.00087571;0.01525;0.006189;0.00022848;0.017954;0.00040207;0.010004;0.013073;0.01255;0.008089;0.0028818;0.0011211;0.014706;0.019646;0.0031863;0.0023209;0.0013282;0.00041428;0.01224;0.0047572;0.0031184;0.015904;0.015481;0.0058407;0.0011215;0.011573;0.0028278;0.020542;0.016045;0.0021801;0.022547;0.019603;0.0019311;0.02101;0.0006853;0.010001;0.021266;0.020407;0.022296;0.0089307;0.00090163;0.0028655;0.011958;0.020055;0.02047;0.022445;0.0030642;0.0021474;0.0090782;0.01551;0.021759;0.021779;0.021557;0.018292;0.018982;0.016689;0.0026634;0.021121;0.022306;0.012582;0.0077502;0.0044019;0.0066269;0.019;0.017156;0.018117;0.014037;0.0078358;0.0082768;0.0060946;0.0074279;0.0025103;0.0034047;0.00054596
13;1.055;1.037;2;0.85;0.5;50;50;Manhattan(MinimumTimesMedian);0.017117;0.0039713;0.017181;0.0091185;0.012771;0.017204;0.0079325;0.0012604;0.0080973;0.017634;0.0048338;0.00669;0.0095132;0.008351;0.0016651;0.015391;0.017473;0.016323;0.001864;0.013352;0.0077364;0.013052;0.011278;0.012123;0.0075066;0.0032821;0.0097541;0.006025;0.010162;0.00678;0.016143;0.0063645;0.0036301;0.012304;0.0088838;0.020021;0.0060174;0.0099934;0.018128;0.012313;0.016912;0.017916;0.0032834;0.017192;0.011825;0.014838;0.0061345;0.01826;0.0076884;0.013496;0.011609;0.013725;0.016401;0.014535;0.0067712;0.011083;0.014306;0.015924;0.0082253;0.016394;0.0031375;0.016466;0.0030039;0.0051678;0.016252;0.0082758;0.0095909;0.013416;0.0058953;0.015847;0.018439;0.0056263;0.0092035;0.0093009;0.0072364;0.018527;0.0031351;0.0057066;0.0081904;0.018494;0.0060024;0.0062712;0.0039908;0.0066412;0.0057114;0.013155;0.010719;0.00076526;0.01516;0.0050733;0.012774;0.0039312;0.0011964;0.017631;0.017693;0.0066157
14;1.0539;1.0359;2;0.85;0.5;50;50;Manhattan(MinimumTimesMedian);0.0047762;0.012736;0.01484;0.016305;0.0048377;0.0011919;0.00040866;0.0063988;0.008224;0.010047;0.0066571;0.0055786;0.015667;0.013;0.0024781;0.01294;0.018397;0.016427;0.0071735;0.0069491;0.0097593;0.0042852;0.012791;0.0079589;0.0063638;0.011665;0.0032151;0.0037559;0.0029071;0.003123;0.014435;0.020444;0.011155;0.009985;0.010589;0.013506;0.0078336;0.0042591;0.016089;0.017826;0.016737;0.01804;0.00052045;0.012277;0.012908;0.020044;0.0097211;0.017768;0.012835;0.0046042;0.013226;0.008989;0.016589;0.013462;0.012187;0.0030598;0.019314;0.018259;0.0013791;0.015352;0.00022794;0.017559;0.0063922;0.0091525;0.019755;0.0066555;0.0062375;0.010272;0.009151;0.0075391;0.019142;0.015165;0.014261;0.0014909;0.0065547;0.013385;0.017342;0.016438;0.0090501;0.010051;0.0057336;0.014748;0.0025367;0.0092369;0.0062256;0.0022596;0.015948;0.0095922;0.0097455;0.0082627;0.019268;0.013286;0.004648;0.01594;0.019682;0.0028164
15;1.0539;1.0359;2;0.85;0.5;50;50;Manhattan(MinimumTimesMedian);0.0166;0.0050812;0.0196;0.011856;0.014952;0.0026699;0.0038068;0.0089878;0.014306;0.0032903;0.011134;0.0071677;0.013357;0.012221;0.007733;0.015896;0.017938;0.018818;0.0069713;0.014332;0.013469;0.0067135;0.0062225;0.010144;0.00049617;0.0088686;0.012845;0.0051693;0.012711;0.010474;0.017052;0.01299;0.0091358;0.0028379;0.0002934;0.0096597;0.0048741;0.0040151;0.014652;0.015263;0.016869;0.0096248;0.010743;0.018193;0.015304;0.012653;0.004731;0.018735;0.0039122;0.0091032;0.016792;0.012491;0.018452;0.015768;0.0035949;0.0093994;0.019478;0.0067629;0.0089878;0.013767;0.0015944;0.016387;0.0015656;0.0035302;0.016843;0.016236;0.0074006;0.0014179;0.007693;0.0012874;0.015682;0.01442;0.012719;0.0085738;0.0079832;0.017112;0.0029816;0.0091166;0.01114;0.011792;0.0032362;0.014099;0.012343;0.0076828;0.015431;0.015107;0.0068407;0.00050028;0.0098942;0.011517;0.014854;0.0084842;0.0098164;0.0058901;0.014628;0.014236
16;1.0082;1314.8;2;0.85;0.5;50;50;Manhattan(Summation);0.0019966;0.000678;0.0036424;0.00039628;0.021099;0.00040916;0.0056481;0.0074471;0.0013872;0.023003;0.0018954;0.00039779;0.0098273;0.00058721;0.0026632;0.0063439;0.0090866;0.018255;0.00080943;0.0096967;0.0014126;0.015062;0.0033655;0.003963;0.00058307;0.00043525;0.00027371;0.00076652;0.0014682;0.0036977;0.00099434;0.021788;0.00020073;0.0012381;0.00073473;0.023209;0.00070304;0.0075783;0.025365;0.00040235;0.022925;0.012469;0.0004264;0.0010986;0.00053863;0.024819;0.0018987;0.0042657;0.0039063;0.00042234;0.016173;0.0011184;0.020558;0.020916;0.019561;0.01796;0.023718;0.0001156;0.016199;0.016236;0.00098877;0.024899;0.024429;0.022308;0.022866;0.01559;0.013477;0.023021;0.022465;0.021208;0.019731;0.00197;0.01205;0.011061;0.02483;0.014793;0.019518;0.010613;0.0017324;0.022824;0.0071407;0.019579;0.021764;0.0056033;0.019094;0.015959;0.00029287;0.017013;0.025164;0.0021809;0.024215;0.023881;0.016676;0.0017574;0.0044407;0.0010293
17;1.0078;1314.2;2;0.85;0.5;50;50;Manhattan(Summation);0.00034029;0.0002177;0.00022443;0.0040796;0.022058;0.013719;0.0015787;0.0053987;0.00029195;0.01976;0.00027113;0.0010597;0.021436;0.0011739;0.0023466;0.0046258;0.0025794;0.020189;0.00017078;0.0013517;0.0017947;0.019376;0.0093255;0.002006;0.00015412;0.00034156;0.010157;0.0034297;0.0026259;0.0080023;0.0027271;0.019841;0.00028688;0.0011233;0.004507;0.023562;0.0028835;0.002256;0.016162;0.00050701;0.016188;0.0015069;0.00026534;0.00023174;0.0010709;0.018176;0.00080447;0.0073537;8.9886E-05;0.0019276;0.024018;0.0026103;0.023637;0.024082;0.0060969;0.024319;0.022556;0.016945;0.012217;0.023024;0.0018713;0.024152;0.022145;0.010513;0.018535;0.0020846;0.014603;0.019066;0.00059239;0.023891;0.023432;0.0033711;0.019559;0.018593;0.022433;0.020311;0.022458;0.01164;0.00091256;0.012679;0.016761;0.021194;0.018765;0.0013694;0.022955;0.020531;0.0057323;0.012979;0.023478;0.002637;0.019787;0.022386;0.010558;0.019777;0.0020737;0.0051136
18;1.0082;1314.7;2;0.85;0.5;50;50;Manhattan(Summation);0.00080052;0.00048687;0.0003842;0.0045658;0.016724;0.0038959;0.0028443;0.0078518;6.6252E-05;0.016644;0.00073601;0.0036669;0.0070402;0.0023605;0.0025877;0.0026683;0.015097;0.01757;0.00027432;0.016568;0.0030571;0.0080398;0.0045755;0.0025754;0.00014177;0.00073602;0.0071908;0.00087146;0.00019301;0.00071564;0.0015307;0.011793;0.00064813;0.0011348;0.0010666;0.025654;0.00012952;0.0016871;0.025484;0.00031573;0.021299;0.015569;0.0001402;0.0014199;0.019575;0.0039842;0.0029227;0.0096272;0.00047598;0.0010489;0.015677;0.00039325;0.025893;0.025263;0.0031291;0.024927;0.016076;0.010829;0.023995;0.023997;0.0021866;0.019976;0.015332;0.013652;0.023069;0.015173;0.01489;0.02368;0.0024371;0.025512;0.020753;0.0055697;0.0054375;0.022412;0.021838;0.018011;0.02531;0.019012;0.0054343;0.022251;0.020471;0.024536;0.019436;0.0034087;0.022174;0.022513;0.0044224;0.011974;0.018033;0.0016658;0.021566;0.022354;0.014025;0.00014588;0.00094409;0.0037832
19;1.7671;0.25706;2;0.85;0.5;50;50;Euclidean(Average);0.044562;0.0011689;0.00050316;0.013297;0.0033091;0.0019516;0.00018045;0.00085492;0.042879;0.00059412;0.0067764;0.0019349;0.012581;0.0014695;0.0021827;0.0051543;0.0015589;0.043667;0.0051045;0.0055017;0.046214;0.016598;0.0011164;0.00044225;0.0024545;0.0018904;0.00054697;0.0050383;0.044354;0.00069532;0.00024895;0.042467;0.00049549;0.00017726;0.0058502;0.0028781;0.00051712;0.00022341;0.0039511;0.0020999;0.044305;0.001421;0.0043991;0.034476;0.002424;0.04623;0.006468;0.042001;0.00096385;0.04418;0.00069694;0.0043386;0.00015981;0.0029538;0.011793;0.009298;0.0079759;0.043259;0.0097742;0.00032195;0.0036806;0.0010093;0.0059391;0.0024104;0.0049149;0.04494;0.0022005;0.0039093;0.0010613;0.041743;0.00075546;0.046647;0.031734;0.00052405;0.003842;0.0017329;0.0015728;0.0018785;0.0018999;0.0058071;0.010732;0.0052522;0.0024885;0.0065688;0.00040277;0.0044114;0.0011022;0.00052523;0.014797;0.0035417;0.0021329;0.0024895;0.00013174;0.0022029;0.041623;0.0024646
20;1.7074;0.24838;2;0.85;0.5;50;50;Euclidean(Average);0.03542;0.0040517;0.0050975;0.0025448;0.037969;0.00045697;0.032929;0.0034014;0.0014287;0.0033576;0.0018522;0.03724;0.038121;0.0048283;0.00086339;0.014398;2.5991E-05;0.0027979;0.002004;2.9145E-06;0.00067904;0.0042137;0.0019417;0.001737;0.00042762;0.036111;0.00054639;0.001852;0.0032114;0.00514;0.034072;0.03384;0.0016772;0.039442;0.037942;0.0048044;0.002747;0.00014228;9.0529E-05;0.038071;0.0019531;0.00026587;0.010002;0.02863;0.00036019;0.038871;0.00094011;0.00053875;0.027414;1.0806E-05;0.0045;0.0013066;0.0012685;0.014145;0.0033655;0.0019125;0.0015712;0.0012318;7.3957E-05;0.00051128;0.0010165;0.0022506;0.040396;0.0002279;0.0020749;0.003005;0.0072344;0.0034266;0.03816;0.001222;0.0013161;9.0401E-05;0.030075;0.0011162;0.00049006;0.0014422;0.00026516;0.041036;0.00089812;0.0010611;2.9079E-05;0.039216;0.0016494;0.0066942;0.00089575;0.0043603;0.014407;0.0025541;0.04003;0.015271;0.00071352;0.0040978;0.039841;0.00072541;0.035638;0.00072136
21;1.7194;0.25012;2;0.85;0.5;50;50;Euclidean(Average);0.00039255;0.00045331;0.0010964;0.0038543;0.0012028;0.016298;0.00036359;0.04161;0.00075317;0.041602;0.039554;0.036395;0.0012548;0.003963;0.00011339;0.042471;0.0012053;0.00093362;0.038427;0.043219;0.03345;0.0060279;0.0017294;0.0024032;0.032833;0.022045;0.00066081;0.0011419;0.021204;0.0012099;0.00056513;0.041846;0.025692;0.00051836;0.0045243;0.0045424;0.0011026;0.0016886;0.041637;0.034433;0.00028289;0.00053427;0.01238;0.00061022;0.0059661;0.0026068;0.0058909;0.00056854;0.0035396;0.0019371;0.00029559;5.4789E-05;0.03768;0.0022988;0.0019743;2.8991E-05;0.0017695;0.0037157;0.001284;0.002518;0.0024488;0.0023258;0.00055472;0.00042499;0.0031034;0.0058881;0.0031346;0.003889;0.00049005;0.0049436;0.001438;0.014908;0.0034266;0.0095906;0.038503;0.0019773;0.042033;0.00054771;0.0029737;0.0014995;0.041191;0.0034627;0.0031199;6.0604E-05;0.0018279;0.00047246;0.0014827;0.039043;0.0019319;0.00060935;0.0036905;0.033108;0.00042938;0.011583;0.0016021;0.03193
22;1.7531;0.25443;2;0.85;0.5;50;50;Euclidean(GeometricAverage);0.0030079;0.00047265;0.00045691;0.0015727;0.0022373;0.011261;0.0029648;0.043448;0.001803;0.0022848;0.0026545;0.0011346;0.0011161;0.0012615;0.036207;0.0078006;0.004079;0.045703;0.0031224;6.4137E-05;0.0010547;0.00041395;0.0014675;0.04311;0.0028178;0.00033062;0.0048615;0.045182;0.041434;0.044285;0.0011515;0.0036019;0.0030739;0.0011301;0.001747;0.040022;0.044601;0.042924;0.00068271;0.0065952;0.040507;0.002945;0.00086353;0.0031268;0.0066814;0.0027929;0.001434;0.0019715;0.0017395;0.0013252;0.00016167;0.00017919;0.00049265;1.841E-05;0.0038041;3.2368E-05;0.00013027;0.0027032;0.0014965;0.0014197;0.0059369;0.00088376;0.045005;0.036137;0.0064764;0.00091001;0.0037217;0.03348;0.0023538;0.0027063;0.034281;0.002289;0.0012618;0.031279;0.00028026;0.045789;0.001561;0.0085907;0.0052836;0.0045023;0.0051572;0.0015603;0.012243;0.0013325;0.0010855;0.0055423;0.00085171;8.5244E-05;0.0027116;0.0017007;0.035486;0.001666;0.044603;0.0040389;0.011945;0.020299
23;1.7379;0.25222;2;0.85;0.5;50;50;Euclidean(GeometricAverage);0.046179;0.0012825;0.046566;0.0037281;0.0020953;0.04644;0.0021378;9.5667E-06;0.0012725;0.0028694;0.0015389;0.0069262;0.0013326;0.0099827;0.0038668;0.0045689;0.0034575;0.0047694;0.0026491;0.047288;0.046409;0.020547;0.0028799;0.0019735;0.0012501;0.001475;0.0038431;0.010265;0.045104;0.00028015;0.00020247;0.00063561;0.0012159;0.0028356;0.013464;0.0045437;0.043577;0.0016042;0.00081614;0.00025118;0.045162;0.0083032;0.00034712;0.0010175;0.0056698;0.016306;0.0014262;0.0063663;0.00093747;0.00025246;0.00073314;0.0011215;0.00026409;0.02346;0.037125;0.0028011;0.032827;0.042638;0.00045746;0.00036595;0.0055643;0.00043063;0.00013439;0.011596;0.0010392;0.0039953;0.041405;0.0028692;0.0024846;0.036945;1.7751E-05;0.038219;0.0033771;0.039025;0.01712;0.0024661;0.0024548;0.002626;0.0081166;0.0017618;0.0023625;0.00062228;0.0037207;0.027636;0.0053378;0.0037564;0.0045067;0.0088368;0.0026018;9.0555E-05;0.045936;0.00031698;0.0018479;0.00018085;0.00038835;0.0004953
24;1.6827;0.24421;2;0.85;0.5;50;50;Euclidean(GeometricAverage);0.00028831;0.0041655;0.032738;0.00018264;0.024285;0.0004552;0.04389;0.00014343;0.0036877;0.028001;0.0012271;0.0015861;0.0023289;0.012444;0.045877;0.020095;0.00030492;0.0023957;0.0098374;0.0033322;0.0021655;0.0016601;0.0081053;0.0040843;9.3042E-07;0.014523;0.0037018;0.0098353;0.00052365;0.041169;0.00099575;0.0012214;0.042111;0.047593;0.00065623;0.00073234;0.0013522;0.0067711;0.0021591;0.0076547;0.046518;0.0018243;0.0039379;0.0005294;0.0038331;0.0013766;0.041473;0.00021867;0.0034385;0.0031097;0.0052228;0.00026622;0.00012959;0.01511;0.0054991;0.0016412;0.037337;0.00054488;0.046609;0.038163;0.0052869;0.000274;2.9672E-05;0.0010587;0.0088103;0.002959;0.0028295;0.00074876;0.029785;0.0024514;0.0069697;0.0010789;0.0053548;0.0029215;0.00038381;0.0076977;0.0020258;0.011707;0.0014461;0.032387;0.004759;0.00086761;0.0091293;0.039655;0.00012901;0.0019475;0.00018882;0.0073992;0.0015343;0.0038899;0.0067806;0.047342;0.013769;0.0020124;0.038743;0.0045851
25;1.3842;0.153;2;0.85;0.5;50;50;Euclidean(Minimum);0.022854;0.0030369;0.0049698;0.0045272;0.018003;0.00017723;0.00032348;3.4971E-05;0.021124;0.006834;0.018797;0.0022609;0.00082349;0.019198;0.0044434;0.021596;0.021381;0.022583;0.0021938;0.018562;0.019619;4.4576E-05;0.00043939;0.0005321;0.0072759;0.0029837;0.00020681;0.021512;0.021358;0.00051882;0.022574;0.00019182;0.0010367;0.0070092;0.020471;0.0016374;0.00036033;0.00162;0.022253;0.015139;0.0012192;9.6507E-05;0.0021996;0.021345;0.018975;0.02273;0.020952;0.021432;0.022342;0.00050926;0.021808;0.021802;0.00078945;0.017431;0.01237;0.0029265;0.002928;0.0003484;0.0019439;0.0015376;0.0072019;0.022682;0.01894;0.0052473;0.0002554;0.017004;0.022579;0.022519;0.01814;0.018505;0.015832;0.0044192;0.0039603;4.7316E-05;0.0050215;0.020924;0.021261;0.02174;0.00091286;0.0029466;0.0019116;4.1888E-06;0.0053601;0.022309;0.00078183;0.015728;0.0061237;0.012489;0.007488;0.022428;0.014451;0.00025174;0.0011153;0.022206;0.01953;0.0014922
26;1.3628;0.15063;2;0.85;0.5;50;50;Euclidean(Minimum);0.00048568;0.00028722;0.00094079;0.020345;0.00086703;0.021829;0.024346;0.024487;0.0007522;0.00036597;0.022798;0.0054682;0.0089799;0.010051;0.0049733;0.0054194;0.0098068;0.0046867;0.00015922;0.020435;0.0010094;3.2664E-05;0.019638;0.0044573;0.00074566;0.023003;0.022905;0.0010586;0.00055788;0.006215;0.021664;0.024086;7.0648E-05;0.0089502;0.00088514;0.023891;0.023531;0.016101;0.0070309;0.019651;0.0030843;7.2964E-05;6.9027E-05;0.016695;0.00021304;0.014199;0.0078329;0.022534;0.023725;0.019072;0.003864;0.023958;0.022333;0.0019627;0.0009741;0.023906;0.00027437;0.01469;0.024166;0.018906;0.0033442;0.0034271;0.0056469;0.00016822;0.018408;0.021282;0.022963;0.00024239;0.0012288;0.024264;0.010482;0.017294;0.0020239;0.0070996;0.0044867;0.0098967;0.0024886;0.0052214;0.01993;0.0028676;0.018189;0.0094492;0.021249;0.00015375;0.00471;0.024159;0.00051056;0.0012149;0.02447;0.00059747;0.0011295;0.0034885;0.0034502;0.024068;0.00043955;0.024458
27;1.3358;0.14765;2;0.85;0.5;50;50;Euclidean(Minimum);0.020031;0.023571;0.00078186;0.012732;0.0022054;0.0068337;0.00027143;0.01462;0.010597;0.0037892;0.0069449;0.00031346;0.00010024;0.00026739;0.001668;0.015683;0.025541;0.019959;0.0028475;0.00093301;0.02316;0.0010891;0.0080105;0.023384;0.0010961;0.025339;7.2415E-05;0.017946;0.0070493;0.0047366;0.0080639;0.00012432;0.00041917;0.011904;0.011468;0.00050459;0.00097949;0.00029597;0.0077803;0.0041532;0.00088509;0.024769;0.025861;0.023216;0.016731;0.023712;0.0090942;0.025476;0.014658;0.024517;4.2219E-05;0.015033;0.0040205;0.0013962;0.0019813;0.02228;0.00044577;0.0019007;0.01707;0.015024;0.0018924;0.015605;0.0048077;0.017777;0.0039583;0.0011389;0.025512;0.0011138;0.0021816;0.023566;0.025532;0.0046106;0.019374;0.0012039;0.0020818;0.023907;0.001414;0.021248;0.020532;0.00051972;0.019673;0.0057769;0.0010084;0.00020954;0.0017781;0.020674;0.023327;0.0001504;0.025717;0.023694;0.018737;0.011569;0.012122;0.0055229;0.0084069;0.0082769
28;1.7691;0.25724;2;0.85;0.5;50;50;Euclidean(Median);0.00072758;0.04389;0.0011588;0.00048349;0.0042474;0.0024926;0.043657;0.00062018;6.7982E-05;0.0010733;0.0017964;0.04509;0.0074771;0.0029518;0.0036946;0.015993;0.0027332;0.0097802;0.0018157;0.0051769;0.0052389;0.00061129;0.00074599;0.0021497;0.0016449;0.00079128;0.022431;0.045195;0.043125;0.0076479;0.0061626;0.0040152;0.0041299;0.00082588;0.0058193;0.0035548;0.031157;0.044079;2.1516E-05;0.045019;0.0044207;0.0066827;0.044191;0.045199;0.044813;0.0048085;0.0024991;0.00075211;0.0011426;0.00025698;0.040584;0.0019558;0.0030077;0.0013679;0.0074946;0.003236;0.00067504;0.0019208;0.00031124;0.001171;0.00022391;0.0021096;0.0045409;0.034028;0.0013627;0.00078617;0.0010267;0.0027424;0.00074973;0.00015679;0.00081555;0.0050286;0.0025057;0.034738;0.0011092;0.0019677;0.0013709;0.002317;0.0044125;0.0028677;0.00079877;0.004178;0.00077039;0.030208;0.04345;0.0037982;0.00059047;0.0059158;0.0033795;0.00059131;0.025475;0.043777;0.001187;0.0011523;0.044088;1.0185E-06
29;1.6956;0.24656;2;0.85;0.5;50;50;Euclidean(Median);0.027911;0.00029431;0.0041421;0.00012067;0.00028623;0.00025224;0.00063516;0.0011642;0.0047633;0.00022603;0.00048092;0.036527;0.0044293;0.032296;0.03339;0.026518;0.00086861;0.0011349;0.00059543;0.00086962;0.0090962;0.00017774;0.0013564;0.0012253;0.0037712;0.0014858;0.00016045;0.0010711;0.00058151;0.0019271;0.0014237;0.036193;0.0012274;0.0019701;0.0014678;0.0047084;0.002881;0.036274;0.037134;0.035797;0.0016355;0.036849;0.00046346;8.4124E-05;0.00055413;0.00039203;0.035957;0.0077354;0.0038316;0.0081686;0.00056691;0.036638;0.00067029;0.0011631;0.00042863;0.0013933;0.00033404;0.026262;0.00063057;0.038159;0.037111;0.0022584;0.033745;0.00087372;0.00018761;0.018721;0.0053888;0.0021617;0.0077531;0.037977;0.0010493;0.00013286;0.0033964;0.030081;0.0021605;0.0015549;0.037595;0.03188;0.0040992;0.0078389;0.038072;0.036455;6.5068E-05;0.037;0.00015519;0.00096605;0.00049078;0.010561;0.0068753;0.0028011;0.037329;0.00025605;7.1726E-06;0.00011141;0.0030397;0.0010986
30;1.7734;0.25787;2;0.85;0.5;50;50;Euclidean(Median);0.043683;0.0016498;0.044672;0.00055938;0.00079861;0.00094232;0.0011531;0.0062008;8.1009E-05;0.0014969;0.0046155;0.001399;0.00067177;0.00069588;0.0043705;0.0026888;0.03862;0.0044774;0.0017748;0.0015156;0.04655;0.00028093;0.0061648;0.00011237;0.0038631;0.04304;0.00074208;0.00031552;0.0013886;0.002533;0.0064725;0.0046152;0.032008;0.00031716;0.002047;0.0066471;0.0032935;0.00081464;0.0012797;0.046745;0.046884;0.0052318;0.00091809;0.0044648;0.0024712;0.043905;0.0057265;0.0020133;0.0050835;0.0077547;0.0026283;0.0044746;0.028254;0.043165;0.04419;0.0010467;0.0019846;0.0030875;0.0085903;0.0036993;0.0010021;0.0015075;0.0056643;0.035071;0.0055741;0.0075573;0.023774;0.0011663;0.0075707;0.0020632;0.035091;0.0043184;0.0037087;0.0019622;0.04301;0.039112;0.0010135;0.0040863;0.00049665;0.0012141;0.00095536;0.0025751;0.0023276;0.046485;0.00030463;0.0067371;0.0064597;0.0010087;0.0018077;0.011224;0.0031438;0.04234;0.011461;0.00064137;0.00017263;0.00052382
31;2.311;0.037144;2;0.85;0.5;50;50;Euclidean(MinimumTimesMedian);0.0012884;0.0002106;0.0036687;0.0033517;0.0025832;0.0015844;0.0010089;0.0011065;0.0030331;0.00089671;0.00059117;0.00050831;0.0011036;0.0031821;9.5778E-05;0.0032268;0.029089;0.0053505;0.031237;0.0013553;0.030365;0.00018434;0.028677;0.031513;7.6252E-05;0.028751;0.030041;0.00012325;0.00045842;0.0019056;0.00063171;0.0012465;0.00020267;0.00037166;0.031548;0.00036385;0.0013984;0.029096;0.019634;0.03117;0.029307;0.030682;0.0047286;0.0027749;0.029812;0.024863;0.00086769;0.00041315;0.00065532;0.016154;0.00016284;0.031615;8.637E-05;0.0023386;1.1133E-05;0.0020675;0.022271;0.0022548;0.0023794;0.00095032;0.00208;0.00036324;0.00018838;0.0005528;0.0036106;0.026506;0.024147;0.028391;0.00062479;0.0021779;0.00034834;0.00018872;0.0010724;0.00047421;0.010444;0.028825;0.0137;0.026352;0.030554;0.00033948;0.013234;0.031355;0.0019539;0.0077372;0.022433;0.030668;0.029284;0.0036169;8.0342E-05;0.0011401;0.00014314;0.0038032;0.00072807;0.030631;0.025362;0.030263
32;2.3123;0.037165;2;0.85;0.5;50;50;Euclidean(MinimumTimesMedian);0.001156;0.0051698;0.0080663;0.0024128;0.019521;0.038044;0.0011215;0.00084798;0.0023371;0.0037768;0.0051726;0.028211;0.01878;0.013497;0.0037221;0.00038028;0.00032552;0.032229;0.0026882;0.0047698;0.035872;0.00075946;0.037521;0.037443;0.0034511;0.0053718;0.00065049;0.0011493;0.0001075;0.00021447;0.0010615;0.015098;0.0060278;0.00050742;0.000947;0.032881;0.027377;0.005419;0.0074377;0.0044698;0.032415;0.00030035;0.0361;0.016489;0.0023618;0.00098771;0.0037204;0.0018663;0.0015209;0.031972;0.0017667;0.0026687;0.020186;0.02625;0.0094456;0.00012309;0.00067752;0.0016592;9.823E-06;0.0097273;0.0075479;0.0017216;0.035074;0.0014611;0.00088163;0.01727;0.036206;0.007262;0.035061;0.0026281;0.0035484;0.0032484;0.0027368;0.00046178;0.0014774;0.033601;0.0011642;9.3632E-05;0.00026432;0.0023956;0.00013987;0.00011171;0.0013305;0.0062963;0.0368;0.022019;0.0020949;0.0079135;0.0080273;0.00064323;0.03476;0.026848;0.035321;0.0043107;0.0028622;0.00017681
33;2.4384;0.039192;2;0.85;0.5;50;50;Euclidean(MinimumTimesMedian);0.024635;0.0016094;0.00013048;0.00022759;0.00088481;0.0097174;0.020298;0.0040837;0.0023374;0.031677;0.029513;0.0028064;0.036273;0.00010419;0.00068845;0.0070828;0.003509;0.0029125;0.00099212;0.0011293;0.023587;0.00050902;0.024743;0.035632;0.0076669;0.00030022;0.0012566;0.0020099;0.00035909;0.03376;0.027777;0.0095981;0.022811;0.034966;0.00052731;0.035628;0.0017954;0.00050682;0.0020658;0.0050092;0.03297;0.017926;0.0013946;0.00056698;0.0051679;0.02364;0.0019752;0.020301;0.0015928;0.0011771;0.033653;0.033689;0.00032104;0.036278;0.0041802;0.019634;0.0014705;0.0007576;0.001443;0.033766;7.9937E-05;0.00047235;0.0020611;0.0022802;0.035085;0.0016694;0.0026859;0.0019574;0.03014;0.034882;0.0046256;0.014556;0.0014307;0.00054835;0.027741;0.0034437;0.0010769;0.0010418;0.00077333;4.3821E-05;0.0011974;4.3969E-05;2.8955E-05;0.023469;0.0022493;0.00043756;0.00063969;0.007787;0.00048794;0.021017;0.0014211;0.014944;0.00025042;0.036089;2.6395E-05;0.00029235
34;1.8507;329.79;2;0.85;0.5;50;50;Euclidean(Summation);0.0022564;0.003815;4.6086E-05;6.1007E-05;0.0018462;0.0031241;0.0007587;0.0015628;0.045024;0.00029612;0.0026676;0.0463;0.050718;0.0040944;0.0024051;0.04084;0.0015837;0.0015697;0.00056276;0.0059545;0.013635;0.0012095;0.041735;0.049868;0.0020484;0.00039279;0.0025533;0.0029597;0.0011091;0.004559;0.0015981;0.00081486;0.00082161;0.045889;0.0076107;0.00335;0.0022366;0.00074433;0.022164;0.0017933;0.0037295;0.0027437;0.0047455;0.051132;0.010269;0.0017054;0.0017631;0.0037961;0.0064919;0.051369;0.00032473;0.012095;0.0014206;0.00065676;0.001121;0.0038083;0.0036198;1.6696E-05;0.0051923;0.049775;0.00010261;0.0088799;0.00032292;7.2288E-05;0.003072;0.0053388;0.051591;0.0020916;0.00088439;0.0043593;0.0016814;0.047057;0.0016237;0.001708;0.0016897;0.001907;0.0053681;0.004897;0.00077347;0.0091465;0.0035209;0.0045526;0.0022955;0.0024495;0.00020991;0.038826;0.047167;0.0019091;0.0014296;0.0033863;0.0070361;0.051137;0.00017759;0.010083;0.03117;0.0037294
35;1.6671;297.08;2;0.85;0.5;50;50;Euclidean(Summation);0.0052879;0.035822;0.0013189;0.0011082;0.031913;0.00074472;3.9628E-06;0.0017484;0.0090245;0.00085457;0.00053754;0.0018586;0.00046527;0.0027143;0.0015765;0.00034571;0.0062047;0.011116;0.0036542;0.039045;0.038548;0.0032184;0.00088952;0.018164;0.0029383;0.029823;0.0010066;0.00088023;0.00011709;0.0047006;0.037769;0.0013591;0.0025639;0.0015536;0.00023824;0.030183;0.0010647;8.234E-05;0.033135;0.037965;0.0011629;0.0028121;0.02488;0.034264;0.0044202;0.00038456;0.035564;0.038;0.0017704;0.00096098;0.00061538;0.00076256;0.0070562;0.034617;0.0014694;0.00059533;0.00030672;0.032325;0.0032545;0.0018862;0.0015516;0.0012441;0.033271;0.0029007;0.00043348;0.0031441;0.027398;0.00064882;0.0026758;0.0030957;0.0024184;0.035751;0.0063707;0.028471;0.0024275;0.00072522;0.0029963;0.035651;0.0013516;0.0023209;0.0010444;0.0017779;0.00032401;0.012093;7.5239E-05;0.03889;0.002992;0.0040606;5.955E-05;0.037653;0.031911;0.0012764;0.0042128;0.00055675;0.0038838;0.035692
36;1.846;328.96;2;0.85;0.5;50;50;Euclidean(Summation);0.050662;0.00229;0.0039741;0.00043501;0.0029154;0.0012622;0.00080094;0.001321;0.0029255;0.0033399;0.047923;0.0021981;0.0013185;0.0011753;0.011242;0.0002365;0.000864;0.0026992;0.0014049;0.052555;0.0051712;0.0010206;0.0023591;0.0016236;0.0012694;0.006171;0.051087;0.012314;0.0036369;0.00089433;0.0044046;0.0016056;0.0016493;0.002037;0.0078693;0.0031902;0.0019471;0.052845;0.0035846;0.0021908;0.00031691;0.0033712;0.007457;0.039225;0.005103;0.0015207;0.011237;0.0013898;0.0065045;0.00064713;0.0060437;0.0024646;0.0033929;0.0031586;0.00042441;0.006565;0.014334;0.0048357;0.045507;0.0033362;0.0013092;0.0032746;0.0092316;0.046618;0.00066542;0.00082001;0.052181;0.00036014;0.0011966;7.8121E-05;0.01368;0.0063962;0.017934;0.0056762;0.00079374;0.042526;0.0063154;0.050182;0.0013286;0.00064094;0.029564;0.0015802;0.00032904;0.042583;0.00029916;0.015764;0.0011953;0.0034;0.0013705;0.0016851;0.052232;0.00015946;0.0056387;0.052857;0.0015653;0.0033227
differential evolutions parameters, by distance
i;dDE / dP;distance;type;parentWeight;crossover;population;iterations;distance;weights ->
1;1.0074;1.0718;2;0.85;0.5;50;50;Manhattan(GeometricAverage);0.002678;0.00020713;0.015614;0.0018903;0.018859;0.0030191;0.00091189;0.0046114;0.00081336;0.01949;0.00034974;1.5098E-05;0.00078323;0.0015154;0.0017145;0.0031488;0.021443;0.01231;0.001242;0.018438;0.0002534;0.00040045;0.0060083;0.01487;0.0007175;0.00023579;0.010114;0.0013291;0.0064936;0.020311;0.0016433;0.014932;0.00010071;0.00074149;0.00036113;0.017691;0.0037701;0.0067263;0.022986;0.00038618;0.019994;0.011981;0.00068224;0.0035898;0.00051259;0.010701;0.0011935;0.0099638;0.00030895;0.00080287;0.00012286;0.0014223;0.024636;0.020743;0.013032;0.020241;0.019321;0.014593;0.021934;0.022186;0.00018575;0.023523;0.013784;0.025796;0.016955;0.012174;0.0062837;0.022531;0.022593;0.025656;0.012184;0.00070284;0.016402;0.018961;0.020274;0.024404;0.010421;0.017162;0.0062907;0.023077;0.0018403;0.020585;0.024061;9.8841E-05;0.018921;0.014611;0.00075984;0.025071;0.024425;0.00080894;0.0225;0.0035529;0.022997;0.013528;0.00031183;0.0094861
2;1.0075;1.0719;2;0.85;0.5;50;50;Manhattan(GeometricAverage);0.0033937;0.004115;0.0016454;0.0098703;0.022481;0.014436;1.2253E-06;0.016338;0.00015221;0.013604;0.00066617;0.00047646;0.01429;0.00044514;0.0003134;0.0069447;0.0035759;0.025018;0.00022334;0.016534;0.0033283;0.0051009;0.0016872;0.0065697;0.00027991;0.00087242;0.0051444;0.0014232;0.0023675;0.0034846;0.00062285;0.017531;1.2387E-05;4.9677E-05;0.002123;0.013875;0.0010047;0.015774;0.0221;0.00035984;0.021475;0.0015109;0.00065857;0.0035653;0.0020607;0.013898;0.0025538;0.00074016;0.0087289;0.0065307;0.025396;0.0032254;0.016202;0.023793;0.00054838;0.02081;0.025532;0.0081302;0.020652;0.019689;0.00022922;0.024003;0.017341;0.013528;0.022809;0.017747;0.018352;0.013834;0.015501;0.022669;0.019168;0.00068447;0.016278;0.021002;0.019412;0.016161;0.0068898;0.022598;0.0019534;0.023464;0.00017149;0.01872;0.01547;0.0050015;0.024432;0.02522;0.00056992;0.022137;0.019257;0.0065018;0.015418;0.019864;0.015403;0.0046534;0.0023396;0.0072797
3;1.0078;1314.2;2;0.85;0.5;50;50;Manhattan(Summation);0.00034029;0.0002177;0.00022443;0.0040796;0.022058;0.013719;0.0015787;0.0053987;0.00029195;0.01976;0.00027113;0.0010597;0.021436;0.0011739;0.0023466;0.0046258;0.0025794;0.020189;0.00017078;0.0013517;0.0017947;0.019376;0.0093255;0.002006;0.00015412;0.00034156;0.010157;0.0034297;0.0026259;0.0080023;0.0027271;0.019841;0.00028688;0.0011233;0.004507;0.023562;0.0028835;0.002256;0.016162;0.00050701;0.016188;0.0015069;0.00026534;0.00023174;0.0010709;0.018176;0.00080447;0.0073537;8.9886E-05;0.0019276;0.024018;0.0026103;0.023637;0.024082;0.0060969;0.024319;0.022556;0.016945;0.012217;0.023024;0.0018713;0.024152;0.022145;0.010513;0.018535;0.0020846;0.014603;0.019066;0.00059239;0.023891;0.023432;0.0033711;0.019559;0.018593;0.022433;0.020311;0.022458;0.01164;0.00091256;0.012679;0.016761;0.021194;0.018765;0.0013694;0.022955;0.020531;0.0057323;0.012979;0.023478;0.002637;0.019787;0.022386;0.010558;0.019777;0.0020737;0.0051136
4;1.0081;1.0725;2;0.85;0.5;50;50;Manhattan(GeometricAverage);0.010399;0.00040148;0.00077772;0.00072669;0.024649;0.0040576;0.0014294;0.00014112;0.0015204;0.0074409;0.0011175;0.0008815;0.0049108;0.0012871;0.00016805;0.0015546;0.0074992;0.026852;0.00053703;0.018112;0.0012284;0.0026721;0.0036371;0.025517;0.00022264;0.00058425;0.014285;0.0048081;0.0018864;0.0020288;0.0040334;0.0007841;0.00021556;0.0013927;0.00047724;0.025017;0.0022139;0.0024687;0.027574;0.0009996;0.024054;0.0055426;0.0032419;0.0023627;0.004885;0.00076268;0.0041654;0.00051769;0.0013502;0.00043831;0.01707;0.00321;0.023454;0.027488;0.0024795;0.025569;0.025723;0.0011298;0.027987;0.011535;3.0827E-05;0.024454;0.023974;0.020355;0.027515;0.0087237;0.012667;0.021859;0.024045;0.020711;0.02057;0.0013355;0.023595;0.0034461;0.01489;0.028105;0.015824;0.017112;0.0026663;0.026677;0.0043475;0.013408;0.022419;0.0012797;0.020314;0.024473;0.0017398;0.019263;0.018046;0.0040957;0.026085;0.013567;0.026973;0.011113;0.00067931;0.0041697
5;1.0082;1314.7;2;0.85;0.5;50;50;Manhattan(Summation);0.00080052;0.00048687;0.0003842;0.0045658;0.016724;0.0038959;0.0028443;0.0078518;6.6252E-05;0.016644;0.00073601;0.0036669;0.0070402;0.0023605;0.0025877;0.0026683;0.015097;0.01757;0.00027432;0.016568;0.0030571;0.0080398;0.0045755;0.0025754;0.00014177;0.00073602;0.0071908;0.00087146;0.00019301;0.00071564;0.0015307;0.011793;0.00064813;0.0011348;0.0010666;0.025654;0.00012952;0.0016871;0.025484;0.00031573;0.021299;0.015569;0.0001402;0.0014199;0.019575;0.0039842;0.0029227;0.0096272;0.00047598;0.0010489;0.015677;0.00039325;0.025893;0.025263;0.0031291;0.024927;0.016076;0.010829;0.023995;0.023997;0.0021866;0.019976;0.015332;0.013652;0.023069;0.015173;0.01489;0.02368;0.0024371;0.025512;0.020753;0.0055697;0.0054375;0.022412;0.021838;0.018011;0.02531;0.019012;0.0054343;0.022251;0.020471;0.024536;0.019436;0.0034087;0.022174;0.022513;0.0044224;0.011974;0.018033;0.0016658;0.021566;0.022354;0.014025;0.00014588;0.00094409;0.0037832
6;1.0082;1314.8;2;0.85;0.5;50;50;Manhattan(Summation);0.0019966;0.000678;0.0036424;0.00039628;0.021099;0.00040916;0.0056481;0.0074471;0.0013872;0.023003;0.0018954;0.00039779;0.0098273;0.00058721;0.0026632;0.0063439;0.0090866;0.018255;0.00080943;0.0096967;0.0014126;0.015062;0.0033655;0.003963;0.00058307;0.00043525;0.00027371;0.00076652;0.0014682;0.0036977;0.00099434;0.021788;0.00020073;0.0012381;0.00073473;0.023209;0.00070304;0.0075783;0.025365;0.00040235;0.022925;0.012469;0.0004264;0.0010986;0.00053863;0.024819;0.0018987;0.0042657;0.0039063;0.00042234;0.016173;0.0011184;0.020558;0.020916;0.019561;0.01796;0.023718;0.0001156;0.016199;0.016236;0.00098877;0.024899;0.024429;0.022308;0.022866;0.01559;0.013477;0.023021;0.022465;0.021208;0.019731;0.00197;0.01205;0.011061;0.02483;0.014793;0.019518;0.010613;0.0017324;0.022824;0.0071407;0.019579;0.021764;0.0056033;0.019094;0.015959;0.00029287;0.017013;0.025164;0.0021809;0.024215;0.023881;0.016676;0.0017574;0.0044407;0.0010293
7;1.0083;1.0734;2;0.85;0.5;50;50;Manhattan(Average);0.00054416;0.0012438;0.0014006;0.0023437;0.024602;0.0017601;0.00014849;0.00292;0.0020181;0.014716;0.00063583;0.00015604;0.003737;8.6915E-05;0.00075204;0.0052219;0.0022266;0.02538;0.00094618;0.004914;0.0089805;0.0045645;0.0015359;0.007377;0.00044978;0.0022035;0.00041835;0.00073679;0.0034052;0.0033951;0.0020462;0.0018248;0.0011883;0.0029863;0.00041579;0.02465;0.0030059;0.0018511;0.021749;0.00063843;0.017994;0.0053537;0.001999;0.00070964;0.011157;0.0218;0.0054781;0.0053169;0.0017006;0.0024686;0.0097341;0.0097621;0.026321;0.022833;0.0026193;0.020964;0.027109;0.0056271;0.025115;0.0062106;0.0089393;0.022496;0.020389;0.026733;0.0036296;0.0098708;0.015813;0.023616;0.02734;0.026213;0.025697;0.0018149;0.0089352;0.020794;0.024242;0.0063703;0.024911;0.022556;0.00036159;0.026127;0.020806;0.019015;0.0086925;0.0010954;0.025777;0.026925;0.00036369;0.027634;0.022997;0.0003656;0.0090298;0.016158;0.024197;0.024474;0.0005752;0.0056029
8;1.0083;1.0734;2;0.85;0.5;50;50;Manhattan(Average);0.0014826;0.00082428;0.0004988;0.00094551;0.027175;0.0011741;0.0010663;0.00026577;0.0025805;0.0052929;0.00086937;0.0018145;0.00030967;0.00056362;0.00015502;0.00085916;0.0034502;0.026705;0.00045577;0.024746;0.00034302;0.008285;0.00030134;0.024539;0.00022755;3.3763E-05;0.0028157;0.0012229;0.00012317;0.0038228;0.0025154;0.0097265;6.7374E-05;0.00074168;0.00043245;0.024267;0.0017486;0.0080969;0.016777;0.00036394;0.027102;0.009451;0.00071218;0.0031487;7.2178E-05;0.0076942;0.0022861;0.0030894;0.0011561;0.0096404;0.013926;0.022019;0.019792;0.026631;0.0047644;0.027034;0.021878;0.019223;0.015889;0.027177;0.0023156;0.027041;0.00027273;0.011968;0.024714;0.0051015;0.025073;0.01901;0.0068343;0.024388;0.011146;0.00043913;0.020801;0.017517;0.017384;0.011188;0.021615;0.013808;0.0017284;0.027845;0.010069;0.017422;0.02614;0.0028695;0.027559;0.024257;0.00024138;0.0046667;0.022982;0.0057622;0.027745;0.018145;0.026046;0.007552;0.0021974;0.015788
9;1.0088;1.0739;2;0.85;0.5;50;50;Manhattan(Average);0.0028921;0.00047437;0.001096;0.0013614;0.031366;0.00072702;0.00055889;0.0084185;0.00087883;0.03165;0.00070037;0.00094348;0.0050626;0.0013273;0.00012603;0.00026344;0.0032905;0.027154;0.0011448;0.019921;0.0021641;0.0008654;0.00043713;0.024773;0.00015638;0.00032646;0.0031793;0.0014834;0.00086983;0.00076985;0.0012762;0.0070215;0.00050574;0.0026362;0.0037686;0.031694;0.0044307;0.001602;0.029515;0.0012304;0.02715;0.0090328;0.0007104;0.0013887;0.001346;0.006531;0.0017556;0.0022334;0.0021404;0.0022765;0.0074192;0.0029512;0.031435;0.030166;0.0024339;0.01428;0.025368;0.009638;0.015497;0.024605;0.0017385;0.024766;0.030948;0.016094;0.012393;0.0048394;0.0098713;0.025817;0.0163;0.021341;0.0083079;0.0034025;0.0034662;0.017629;0.026213;0.013252;0.015219;0.028646;0.004359;0.022764;0.02248;0.027146;0.013121;0.0066553;0.026923;0.029065;4.5228E-05;0.010498;0.026184;0.004659;0.028653;0.0042178;0.0043844;0.0040038;0.0042065;0.0039753
10;1.0088;1.0749;2;0.85;0.5;50;50;Manhattan(Median);0.01067;0.011806;0.014187;0.0015456;0.010144;0.0088646;0.0041018;0.019722;0.0093044;0.0047557;0.00075923;0.0032509;0.010798;0.00053527;0.0043696;0.013994;0.01306;0.020324;0.00059452;0.017656;0.013321;0.0062979;0.00087571;0.01525;0.006189;0.00022848;0.017954;0.00040207;0.010004;0.013073;0.01255;0.008089;0.0028818;0.0011211;0.014706;0.019646;0.0031863;0.0023209;0.0013282;0.00041428;0.01224;0.0047572;0.0031184;0.015904;0.015481;0.0058407;0.0011215;0.011573;0.0028278;0.020542;0.016045;0.0021801;0.022547;0.019603;0.0019311;0.02101;0.0006853;0.010001;0.021266;0.020407;0.022296;0.0089307;0.00090163;0.0028655;0.011958;0.020055;0.02047;0.022445;0.0030642;0.0021474;0.0090782;0.01551;0.021759;0.021779;0.021557;0.018292;0.018982;0.016689;0.0026634;0.021121;0.022306;0.012582;0.0077502;0.0044019;0.0066269;0.019;0.017156;0.018117;0.014037;0.0078358;0.0082768;0.0060946;0.0074279;0.0025103;0.0034047;0.00054596
11;1.0099;1.0761;2;0.85;0.5;50;50;Manhattan(Median);0.01696;0.0040324;0.0099613;0.002863;0.0061376;0.017586;0.0071105;0.018749;0.001943;0.010171;0.0040037;0.0053183;0.0087203;0.0004848;0.0021588;0.0050977;0.007188;0.0040594;0.0020166;0.011886;0.0040358;0.0094553;0.0099402;0.003855;0.010276;0.0012113;0.0021326;0.013253;0.002003;0.015125;0.016594;0.00089792;0.0013897;0.003907;0.0065965;0.016716;0.0065291;0.0029114;0.0055634;0.013865;0.018995;0.007531;0.0013526;0.019856;0.014487;0.014206;0.010277;0.018537;0.0014687;0.016946;0.020904;0.012608;0.014324;0.016482;0.0023823;0.01721;0.01338;0.0155;0.017852;0.020451;0.0067733;0.017296;0.016632;0.0087812;0.019607;0.017716;0.010228;0.019085;0.0090514;0.01398;0.015923;0.0048347;0.020331;0.019737;0.021193;0.019667;0.0023421;0.0011756;0.0064036;0.018665;0.0020432;0.0088827;0.0035451;0.004594;0.0078772;0.012124;0.0076882;0.017386;0.020245;0.0091976;0.014885;0.012452;0.013127;0.015009;0.0011835;0.012881
12;1.0103;1.0766;2;0.85;0.5;50;50;Manhattan(Median);0.019465;0.0024216;0.0055201;0.0034665;0.016161;0.018614;0.018122;0.010412;0.00093398;0.0052537;0.0029357;0.0018002;0.0029809;0.0032811;0.0061158;0.011864;0.018611;0.015348;0.010055;0.0029905;0.00062174;0.005993;0.0089474;0.016425;0.014312;0.0064608;0.0076959;0.011307;0.0027483;0.0091073;0.0045951;0.012258;0.0017739;0.0057171;0.010682;0.020813;0.0042553;0.009936;0.0020519;0.0059308;0.010598;0.0034565;0.00038739;0.019274;0.013661;0.021284;0.0077668;0.015976;0.0003356;0.020635;0.012886;0.0090571;0.017645;0.0025979;0.0049016;0.019878;0.020206;0.019128;0.016099;0.016409;0.00076274;0.016503;0.020286;0.011433;0.0085799;0.01867;0.015022;0.018537;0.0074225;0.015826;0.017561;0.0034478;0.018189;0.015593;0.015103;0.014269;0.020524;0.00081423;0.0024786;0.0084533;0.016536;0.0068867;0.0057886;0.0046299;0.0059374;0.017054;0.0035222;0.019183;0.020611;0.0097631;0.019536;0.0042849;0.0055133;0.00043014;0.0025662;0.018116
13;1.0494;0.96801;2;0.85;0.5;50;50;Manhattan(Minimum);0.010601;0.0039597;0.0012693;0.0053274;0.0027401;0.012058;0.0024775;0.019053;0.013438;0.0050025;0.0089769;0.0097899;0.0074961;0.011806;0.018189;0.01435;0.0068863;0.016916;0.0057743;0.013817;0.016818;0.015506;0.0052572;0.01566;0.018169;0.0078165;0.018327;0.0040441;0.0023927;0.011681;0.015961;0.018126;0.010351;0.0063029;0.0019489;0.0087045;0.0095865;0.010278;0.0066562;0.018659;0.0057874;0.011029;0.01784;0.012923;0.013702;0.015118;0.0017832;0.013589;0.017669;0.013406;0.018601;0.011985;0.018014;0.013099;0.0050549;0.0011107;0.015025;0.0068046;0.013249;0.0074858;0.00074456;0.002154;0.005076;0.010024;0.014208;0.014741;0.013237;0.0023828;0.0059672;0.019102;0.013959;0.0066948;0.017746;0.011823;0.019264;0.0072213;0.0038367;0.010152;0.0046785;0.020136;0.014947;0.016258;0.0029978;0.01063;0.014224;0.0075409;0.0077066;0.004787;0.0069736;0.013202;0.01522;0.0034734;0.0031207;0.017976;0.0060715;0.0062756
14;1.0539;1.0359;2;0.85;0.5;50;50;Manhattan(MinimumTimesMedian);0.0047762;0.012736;0.01484;0.016305;0.0048377;0.0011919;0.00040866;0.0063988;0.008224;0.010047;0.0066571;0.0055786;0.015667;0.013;0.0024781;0.01294;0.018397;0.016427;0.0071735;0.0069491;0.0097593;0.0042852;0.012791;0.0079589;0.0063638;0.011665;0.0032151;0.0037559;0.0029071;0.003123;0.014435;0.020444;0.011155;0.009985;0.010589;0.013506;0.0078336;0.0042591;0.016089;0.017826;0.016737;0.01804;0.00052045;0.012277;0.012908;0.020044;0.0097211;0.017768;0.012835;0.0046042;0.013226;0.008989;0.016589;0.013462;0.012187;0.0030598;0.019314;0.018259;0.0013791;0.015352;0.00022794;0.017559;0.0063922;0.0091525;0.019755;0.0066555;0.0062375;0.010272;0.009151;0.0075391;0.019142;0.015165;0.014261;0.0014909;0.0065547;0.013385;0.017342;0.016438;0.0090501;0.010051;0.0057336;0.014748;0.0025367;0.0092369;0.0062256;0.0022596;0.015948;0.0095922;0.0097455;0.0082627;0.019268;0.013286;0.004648;0.01594;0.019682;0.0028164
15;1.0539;1.0359;2;0.85;0.5;50;50;Manhattan(MinimumTimesMedian);0.0166;0.0050812;0.0196;0.011856;0.014952;0.0026699;0.0038068;0.0089878;0.014306;0.0032903;0.011134;0.0071677;0.013357;0.012221;0.007733;0.015896;0.017938;0.018818;0.0069713;0.014332;0.013469;0.0067135;0.0062225;0.010144;0.00049617;0.0088686;0.012845;0.0051693;0.012711;0.010474;0.017052;0.01299;0.0091358;0.0028379;0.0002934;0.0096597;0.0048741;0.0040151;0.014652;0.015263;0.016869;0.0096248;0.010743;0.018193;0.015304;0.012653;0.004731;0.018735;0.0039122;0.0091032;0.016792;0.012491;0.018452;0.015768;0.0035949;0.0093994;0.019478;0.0067629;0.0089878;0.013767;0.0015944;0.016387;0.0015656;0.0035302;0.016843;0.016236;0.0074006;0.0014179;0.007693;0.0012874;0.015682;0.01442;0.012719;0.0085738;0.0079832;0.017112;0.0029816;0.0091166;0.01114;0.011792;0.0032362;0.014099;0.012343;0.0076828;0.015431;0.015107;0.0068407;0.00050028;0.0098942;0.011517;0.014854;0.0084842;0.0098164;0.0058901;0.014628;0.014236
16;1.055;1.037;2;0.85;0.5;50;50;Manhattan(MinimumTimesMedian);0.017117;0.0039713;0.017181;0.0091185;0.012771;0.017204;0.0079325;0.0012604;0.0080973;0.017634;0.0048338;0.00669;0.0095132;0.008351;0.0016651;0.015391;0.017473;0.016323;0.001864;0.013352;0.0077364;0.013052;0.011278;0.012123;0.0075066;0.0032821;0.0097541;0.006025;0.010162;0.00678;0.016143;0.0063645;0.0036301;0.012304;0.0088838;0.020021;0.0060174;0.0099934;0.018128;0.012313;0.016912;0.017916;0.0032834;0.017192;0.011825;0.014838;0.0061345;0.01826;0.0076884;0.013496;0.011609;0.013725;0.016401;0.014535;0.0067712;0.011083;0.014306;0.015924;0.0082253;0.016394;0.0031375;0.016466;0.0030039;0.0051678;0.016252;0.0082758;0.0095909;0.013416;0.0058953;0.015847;0.018439;0.0056263;0.0092035;0.0093009;0.0072364;0.018527;0.0031351;0.0057066;0.0081904;0.018494;0.0060024;0.0062712;0.0039908;0.0066412;0.0057114;0.013155;0.010719;0.00076526;0.01516;0.0050733;0.012774;0.0039312;0.0011964;0.017631;0.017693;0.0066157
17;1.0552;0.97334;2;0.85;0.5;50;50;Manhattan(Minimum);0.014391;0.01779;0.0027721;0.010203;0.0056092;0.011327;0.007663;0.0066062;0.01505;0.017735;0.0091335;0.0020353;0.016266;0.012565;0.001765;0.018706;0.015842;0.018059;0.0019624;0.01036;0.012806;0.016029;0.0018567;0.0036054;0.0014855;0.0068718;0.0091745;0.008958;0.014394;0.0049074;0.011981;0.01521;0.018212;0.010074;0.0058024;0.013969;0.012744;0.0084913;0.0056302;0.016711;0.020655;0.014399;0.0041409;0.013523;0.0042854;0.0094224;0.010739;0.0070678;0.0021658;0.0086743;0.012247;0.013644;0.018075;0.017758;0.010848;0.0066577;0.015435;0.011636;0.011934;0.011971;0.011658;0.0082243;0.0081739;0.0056276;0.010093;0.0060679;0.019228;0.0056753;0.0084968;0.017364;0.020467;0.0076432;0.0075452;0.015128;0.017877;0.013016;0.010583;0.0035616;0.0099401;0.0071244;0.0089256;0.019285;0.004142;0.013451;0.0051742;0.0026373;0.0035655;0.0057102;0.012278;0.0043711;0.011894;0.0033128;0.010088;0.012025;0.016906;0.012708
18;1.0564;0.97442;2;0.85;0.5;50;50;Manhattan(Minimum);0.019436;0.008361;0.0099338;0.0048696;0.011997;0.007431;0.0013243;0.0059215;0.0013004;0.0056756;0.0057564;0.007474;0.014788;0.018477;0.015459;0.012207;0.016243;0.016513;0.0063108;0.011901;0.0076654;0.010516;0.0031653;0.01297;0.009275;0.0065145;0.0083062;0.0072468;0.012391;0.0037246;0.0091452;0.018462;0.016445;0.0035484;0.0038986;0.0076279;0.019383;0.010676;0.015731;0.014015;0.019074;0.017924;0.017823;0.015104;0.0064828;0.014346;0.0052231;0.014803;0.007016;0.0088152;0.0048583;0.0050886;0.017011;0.017101;0.00027579;0.0026889;0.018821;0.0042871;0.011094;0.01101;0.0020316;0.0085888;0.0061901;0.0032506;0.014005;0.011857;0.0085306;0.0044955;0.012102;0.017657;0.018571;0.015418;0.019063;0.010052;0.015227;0.016597;0.015856;0.0087777;0.01412;0.013559;0.0018559;0.018217;0.0037401;0.014845;0.004697;0.001022;0.0092585;0.0010359;0.012266;0.007577;0.013984;0.012599;0.012558;0.012827;0.015441;0.0011948
19;1.3358;0.14765;2;0.85;0.5;50;50;Euclidean(Minimum);0.020031;0.023571;0.00078186;0.012732;0.0022054;0.0068337;0.00027143;0.01462;0.010597;0.0037892;0.0069449;0.00031346;0.00010024;0.00026739;0.001668;0.015683;0.025541;0.019959;0.0028475;0.00093301;0.02316;0.0010891;0.0080105;0.023384;0.0010961;0.025339;7.2415E-05;0.017946;0.0070493;0.0047366;0.0080639;0.00012432;0.00041917;0.011904;0.011468;0.00050459;0.00097949;0.00029597;0.0077803;0.0041532;0.00088509;0.024769;0.025861;0.023216;0.016731;0.023712;0.0090942;0.025476;0.014658;0.024517;4.2219E-05;0.015033;0.0040205;0.0013962;0.0019813;0.02228;0.00044577;0.0019007;0.01707;0.015024;0.0018924;0.015605;0.0048077;0.017777;0.0039583;0.0011389;0.025512;0.0011138;0.0021816;0.023566;0.025532;0.0046106;0.019374;0.0012039;0.0020818;0.023907;0.001414;0.021248;0.020532;0.00051972;0.019673;0.0057769;0.0010084;0.00020954;0.0017781;0.020674;0.023327;0.0001504;0.025717;0.023694;0.018737;0.011569;0.012122;0.0055229;0.0084069;0.0082769
20;1.3628;0.15063;2;0.85;0.5;50;50;Euclidean(Minimum);0.00048568;0.00028722;0.00094079;0.020345;0.00086703;0.021829;0.024346;0.024487;0.0007522;0.00036597;0.022798;0.0054682;0.0089799;0.010051;0.0049733;0.0054194;0.0098068;0.0046867;0.00015922;0.020435;0.0010094;3.2664E-05;0.019638;0.0044573;0.00074566;0.023003;0.022905;0.0010586;0.00055788;0.006215;0.021664;0.024086;7.0648E-05;0.0089502;0.00088514;0.023891;0.023531;0.016101;0.0070309;0.019651;0.0030843;7.2964E-05;6.9027E-05;0.016695;0.00021304;0.014199;0.0078329;0.022534;0.023725;0.019072;0.003864;0.023958;0.022333;0.0019627;0.0009741;0.023906;0.00027437;0.01469;0.024166;0.018906;0.0033442;0.0034271;0.0056469;0.00016822;0.018408;0.021282;0.022963;0.00024239;0.0012288;0.024264;0.010482;0.017294;0.0020239;0.0070996;0.0044867;0.0098967;0.0024886;0.0052214;0.01993;0.0028676;0.018189;0.0094492;0.021249;0.00015375;0.00471;0.024159;0.00051056;0.0012149;0.02447;0.00059747;0.0011295;0.0034885;0.0034502;0.024068;0.00043955;0.024458
21;1.3842;0.153;2;0.85;0.5;50;50;Euclidean(Minimum);0.022854;0.0030369;0.0049698;0.0045272;0.018003;0.00017723;0.00032348;3.4971E-05;0.021124;0.006834;0.018797;0.0022609;0.00082349;0.019198;0.0044434;0.021596;0.021381;0.022583;0.0021938;0.018562;0.019619;4.4576E-05;0.00043939;0.0005321;0.0072759;0.0029837;0.00020681;0.021512;0.021358;0.00051882;0.022574;0.00019182;0.0010367;0.0070092;0.020471;0.0016374;0.00036033;0.00162;0.022253;0.015139;0.0012192;9.6507E-05;0.0021996;0.021345;0.018975;0.02273;0.020952;0.021432;0.022342;0.00050926;0.021808;0.021802;0.00078945;0.017431;0.01237;0.0029265;0.002928;0.0003484;0.0019439;0.0015376;0.0072019;0.022682;0.01894;0.0052473;0.0002554;0.017004;0.022579;0.022519;0.01814;0.018505;0.015832;0.0044192;0.0039603;4.7316E-05;0.0050215;0.020924;0.021261;0.02174;0.00091286;0.0029466;0.0019116;4.1888E-06;0.0053601;0.022309;0.00078183;0.015728;0.0061237;0.012489;0.007488;0.022428;0.014451;0.00025174;0.0011153;0.022206;0.01953;0.0014922
22;1.6671;297.08;2;0.85;0.5;50;50;Euclidean(Summation);0.0052879;0.035822;0.0013189;0.0011082;0.031913;0.00074472;3.9628E-06;0.0017484;0.0090245;0.00085457;0.00053754;0.0018586;0.00046527;0.0027143;0.0015765;0.00034571;0.0062047;0.011116;0.0036542;0.039045;0.038548;0.0032184;0.00088952;0.018164;0.0029383;0.029823;0.0010066;0.00088023;0.00011709;0.0047006;0.037769;0.0013591;0.0025639;0.0015536;0.00023824;0.030183;0.0010647;8.234E-05;0.033135;0.037965;0.0011629;0.0028121;0.02488;0.034264;0.0044202;0.00038456;0.035564;0.038;0.0017704;0.00096098;0.00061538;0.00076256;0.0070562;0.034617;0.0014694;0.00059533;0.00030672;0.032325;0.0032545;0.0018862;0.0015516;0.0012441;0.033271;0.0029007;0.00043348;0.0031441;0.027398;0.00064882;0.0026758;0.0030957;0.0024184;0.035751;0.0063707;0.028471;0.0024275;0.00072522;0.0029963;0.035651;0.0013516;0.0023209;0.0010444;0.0017779;0.00032401;0.012093;7.5239E-05;0.03889;0.002992;0.0040606;5.955E-05;0.037653;0.031911;0.0012764;0.0042128;0.00055675;0.0038838;0.035692
23;1.6827;0.24421;2;0.85;0.5;50;50;Euclidean(GeometricAverage);0.00028831;0.0041655;0.032738;0.00018264;0.024285;0.0004552;0.04389;0.00014343;0.0036877;0.028001;0.0012271;0.0015861;0.0023289;0.012444;0.045877;0.020095;0.00030492;0.0023957;0.0098374;0.0033322;0.0021655;0.0016601;0.0081053;0.0040843;9.3042E-07;0.014523;0.0037018;0.0098353;0.00052365;0.041169;0.00099575;0.0012214;0.042111;0.047593;0.00065623;0.00073234;0.0013522;0.0067711;0.0021591;0.0076547;0.046518;0.0018243;0.0039379;0.0005294;0.0038331;0.0013766;0.041473;0.00021867;0.0034385;0.0031097;0.0052228;0.00026622;0.00012959;0.01511;0.0054991;0.0016412;0.037337;0.00054488;0.046609;0.038163;0.0052869;0.000274;2.9672E-05;0.0010587;0.0088103;0.002959;0.0028295;0.00074876;0.029785;0.0024514;0.0069697;0.0010789;0.0053548;0.0029215;0.00038381;0.0076977;0.0020258;0.011707;0.0014461;0.032387;0.004759;0.00086761;0.0091293;0.039655;0.00012901;0.0019475;0.00018882;0.0073992;0.0015343;0.0038899;0.0067806;0.047342;0.013769;0.0020124;0.038743;0.0045851
24;1.6956;0.24656;2;0.85;0.5;50;50;Euclidean(Median);0.027911;0.00029431;0.0041421;0.00012067;0.00028623;0.00025224;0.00063516;0.0011642;0.0047633;0.00022603;0.00048092;0.036527;0.0044293;0.032296;0.03339;0.026518;0.00086861;0.0011349;0.00059543;0.00086962;0.0090962;0.00017774;0.0013564;0.0012253;0.0037712;0.0014858;0.00016045;0.0010711;0.00058151;0.0019271;0.0014237;0.036193;0.0012274;0.0019701;0.0014678;0.0047084;0.002881;0.036274;0.037134;0.035797;0.0016355;0.036849;0.00046346;8.4124E-05;0.00055413;0.00039203;0.035957;0.0077354;0.0038316;0.0081686;0.00056691;0.036638;0.00067029;0.0011631;0.00042863;0.0013933;0.00033404;0.026262;0.00063057;0.038159;0.037111;0.0022584;0.033745;0.00087372;0.00018761;0.018721;0.0053888;0.0021617;0.0077531;0.037977;0.0010493;0.00013286;0.0033964;0.030081;0.0021605;0.0015549;0.037595;0.03188;0.0040992;0.0078389;0.038072;0.036455;6.5068E-05;0.037;0.00015519;0.00096605;0.00049078;0.010561;0.0068753;0.0028011;0.037329;0.00025605;7.1726E-06;0.00011141;0.0030397;0.0010986
25;1.7074;0.24838;2;0.85;0.5;50;50;Euclidean(Average);0.03542;0.0040517;0.0050975;0.0025448;0.037969;0.00045697;0.032929;0.0034014;0.0014287;0.0033576;0.0018522;0.03724;0.038121;0.0048283;0.00086339;0.014398;2.5991E-05;0.0027979;0.002004;2.9145E-06;0.00067904;0.0042137;0.0019417;0.001737;0.00042762;0.036111;0.00054639;0.001852;0.0032114;0.00514;0.034072;0.03384;0.0016772;0.039442;0.037942;0.0048044;0.002747;0.00014228;9.0529E-05;0.038071;0.0019531;0.00026587;0.010002;0.02863;0.00036019;0.038871;0.00094011;0.00053875;0.027414;1.0806E-05;0.0045;0.0013066;0.0012685;0.014145;0.0033655;0.0019125;0.0015712;0.0012318;7.3957E-05;0.00051128;0.0010165;0.0022506;0.040396;0.0002279;0.0020749;0.003005;0.0072344;0.0034266;0.03816;0.001222;0.0013161;9.0401E-05;0.030075;0.0011162;0.00049006;0.0014422;0.00026516;0.041036;0.00089812;0.0010611;2.9079E-05;0.039216;0.0016494;0.0066942;0.00089575;0.0043603;0.014407;0.0025541;0.04003;0.015271;0.00071352;0.0040978;0.039841;0.00072541;0.035638;0.00072136
26;1.7194;0.25012;2;0.85;0.5;50;50;Euclidean(Average);0.00039255;0.00045331;0.0010964;0.0038543;0.0012028;0.016298;0.00036359;0.04161;0.00075317;0.041602;0.039554;0.036395;0.0012548;0.003963;0.00011339;0.042471;0.0012053;0.00093362;0.038427;0.043219;0.03345;0.0060279;0.0017294;0.0024032;0.032833;0.022045;0.00066081;0.0011419;0.021204;0.0012099;0.00056513;0.041846;0.025692;0.00051836;0.0045243;0.0045424;0.0011026;0.0016886;0.041637;0.034433;0.00028289;0.00053427;0.01238;0.00061022;0.0059661;0.0026068;0.0058909;0.00056854;0.0035396;0.0019371;0.00029559;5.4789E-05;0.03768;0.0022988;0.0019743;2.8991E-05;0.0017695;0.0037157;0.001284;0.002518;0.0024488;0.0023258;0.00055472;0.00042499;0.0031034;0.0058881;0.0031346;0.003889;0.00049005;0.0049436;0.001438;0.014908;0.0034266;0.0095906;0.038503;0.0019773;0.042033;0.00054771;0.0029737;0.0014995;0.041191;0.0034627;0.0031199;6.0604E-05;0.0018279;0.00047246;0.0014827;0.039043;0.0019319;0.00060935;0.0036905;0.033108;0.00042938;0.011583;0.0016021;0.03193
27;1.7379;0.25222;2;0.85;0.5;50;50;Euclidean(GeometricAverage);0.046179;0.0012825;0.046566;0.0037281;0.0020953;0.04644;0.0021378;9.5667E-06;0.0012725;0.0028694;0.0015389;0.0069262;0.0013326;0.0099827;0.0038668;0.0045689;0.0034575;0.0047694;0.0026491;0.047288;0.046409;0.020547;0.0028799;0.0019735;0.0012501;0.001475;0.0038431;0.010265;0.045104;0.00028015;0.00020247;0.00063561;0.0012159;0.0028356;0.013464;0.0045437;0.043577;0.0016042;0.00081614;0.00025118;0.045162;0.0083032;0.00034712;0.0010175;0.0056698;0.016306;0.0014262;0.0063663;0.00093747;0.00025246;0.00073314;0.0011215;0.00026409;0.02346;0.037125;0.0028011;0.032827;0.042638;0.00045746;0.00036595;0.0055643;0.00043063;0.00013439;0.011596;0.0010392;0.0039953;0.041405;0.0028692;0.0024846;0.036945;1.7751E-05;0.038219;0.0033771;0.039025;0.01712;0.0024661;0.0024548;0.002626;0.0081166;0.0017618;0.0023625;0.00062228;0.0037207;0.027636;0.0053378;0.0037564;0.0045067;0.0088368;0.0026018;9.0555E-05;0.045936;0.00031698;0.0018479;0.00018085;0.00038835;0.0004953
28;1.7531;0.25443;2;0.85;0.5;50;50;Euclidean(GeometricAverage);0.0030079;0.00047265;0.00045691;0.0015727;0.0022373;0.011261;0.0029648;0.043448;0.001803;0.0022848;0.0026545;0.0011346;0.0011161;0.0012615;0.036207;0.0078006;0.004079;0.045703;0.0031224;6.4137E-05;0.0010547;0.00041395;0.0014675;0.04311;0.0028178;0.00033062;0.0048615;0.045182;0.041434;0.044285;0.0011515;0.0036019;0.0030739;0.0011301;0.001747;0.040022;0.044601;0.042924;0.00068271;0.0065952;0.040507;0.002945;0.00086353;0.0031268;0.0066814;0.0027929;0.001434;0.0019715;0.0017395;0.0013252;0.00016167;0.00017919;0.00049265;1.841E-05;0.0038041;3.2368E-05;0.00013027;0.0027032;0.0014965;0.0014197;0.0059369;0.00088376;0.045005;0.036137;0.0064764;0.00091001;0.0037217;0.03348;0.0023538;0.0027063;0.034281;0.002289;0.0012618;0.031279;0.00028026;0.045789;0.001561;0.0085907;0.0052836;0.0045023;0.0051572;0.0015603;0.012243;0.0013325;0.0010855;0.0055423;0.00085171;8.5244E-05;0.0027116;0.0017007;0.035486;0.001666;0.044603;0.0040389;0.011945;0.020299
29;1.7671;0.25706;2;0.85;0.5;50;50;Euclidean(Average);0.044562;0.0011689;0.00050316;0.013297;0.0033091;0.0019516;0.00018045;0.00085492;0.042879;0.00059412;0.0067764;0.0019349;0.012581;0.0014695;0.0021827;0.0051543;0.0015589;0.043667;0.0051045;0.0055017;0.046214;0.016598;0.0011164;0.00044225;0.0024545;0.0018904;0.00054697;0.0050383;0.044354;0.00069532;0.00024895;0.042467;0.00049549;0.00017726;0.0058502;0.0028781;0.00051712;0.00022341;0.0039511;0.0020999;0.044305;0.001421;0.0043991;0.034476;0.002424;0.04623;0.006468;0.042001;0.00096385;0.04418;0.00069694;0.0043386;0.00015981;0.0029538;0.011793;0.009298;0.0079759;0.043259;0.0097742;0.00032195;0.0036806;0.0010093;0.0059391;0.0024104;0.0049149;0.04494;0.0022005;0.0039093;0.0010613;0.041743;0.00075546;0.046647;0.031734;0.00052405;0.003842;0.0017329;0.0015728;0.0018785;0.0018999;0.0058071;0.010732;0.0052522;0.0024885;0.0065688;0.00040277;0.0044114;0.0011022;0.00052523;0.014797;0.0035417;0.0021329;0.0024895;0.00013174;0.0022029;0.041623;0.0024646
30;1.7691;0.25724;2;0.85;0.5;50;50;Euclidean(Median);0.00072758;0.04389;0.0011588;0.00048349;0.0042474;0.0024926;0.043657;0.00062018;6.7982E-05;0.0010733;0.0017964;0.04509;0.0074771;0.0029518;0.0036946;0.015993;0.0027332;0.0097802;0.0018157;0.0051769;0.0052389;0.00061129;0.00074599;0.0021497;0.0016449;0.00079128;0.022431;0.045195;0.043125;0.0076479;0.0061626;0.0040152;0.0041299;0.00082588;0.0058193;0.0035548;0.031157;0.044079;2.1516E-05;0.045019;0.0044207;0.0066827;0.044191;0.045199;0.044813;0.0048085;0.0024991;0.00075211;0.0011426;0.00025698;0.040584;0.0019558;0.0030077;0.0013679;0.0074946;0.003236;0.00067504;0.0019208;0.00031124;0.001171;0.00022391;0.0021096;0.0045409;0.034028;0.0013627;0.00078617;0.0010267;0.0027424;0.00074973;0.00015679;0.00081555;0.0050286;0.0025057;0.034738;0.0011092;0.0019677;0.0013709;0.002317;0.0044125;0.0028677;0.00079877;0.004178;0.00077039;0.030208;0.04345;0.0037982;0.00059047;0.0059158;0.0033795;0.00059131;0.025475;0.043777;0.001187;0.0011523;0.044088;1.0185E-06
31;1.7734;0.25787;2;0.85;0.5;50;50;Euclidean(Median);0.043683;0.0016498;0.044672;0.00055938;0.00079861;0.00094232;0.0011531;0.0062008;8.1009E-05;0.0014969;0.0046155;0.001399;0.00067177;0.00069588;0.0043705;0.0026888;0.03862;0.0044774;0.0017748;0.0015156;0.04655;0.00028093;0.0061648;0.00011237;0.0038631;0.04304;0.00074208;0.00031552;0.0013886;0.002533;0.0064725;0.0046152;0.032008;0.00031716;0.002047;0.0066471;0.0032935;0.00081464;0.0012797;0.046745;0.046884;0.0052318;0.00091809;0.0044648;0.0024712;0.043905;0.0057265;0.0020133;0.0050835;0.0077547;0.0026283;0.0044746;0.028254;0.043165;0.04419;0.0010467;0.0019846;0.0030875;0.0085903;0.0036993;0.0010021;0.0015075;0.0056643;0.035071;0.0055741;0.0075573;0.023774;0.0011663;0.0075707;0.0020632;0.035091;0.0043184;0.0037087;0.0019622;0.04301;0.039112;0.0010135;0.0040863;0.00049665;0.0012141;0.00095536;0.0025751;0.0023276;0.046485;0.00030463;0.0067371;0.0064597;0.0010087;0.0018077;0.011224;0.0031438;0.04234;0.011461;0.00064137;0.00017263;0.00052382
32;1.846;328.96;2;0.85;0.5;50;50;Euclidean(Summation);0.050662;0.00229;0.0039741;0.00043501;0.0029154;0.0012622;0.00080094;0.001321;0.0029255;0.0033399;0.047923;0.0021981;0.0013185;0.0011753;0.011242;0.0002365;0.000864;0.0026992;0.0014049;0.052555;0.0051712;0.0010206;0.0023591;0.0016236;0.0012694;0.006171;0.051087;0.012314;0.0036369;0.00089433;0.0044046;0.0016056;0.0016493;0.002037;0.0078693;0.0031902;0.0019471;0.052845;0.0035846;0.0021908;0.00031691;0.0033712;0.007457;0.039225;0.005103;0.0015207;0.011237;0.0013898;0.0065045;0.00064713;0.0060437;0.0024646;0.0033929;0.0031586;0.00042441;0.006565;0.014334;0.0048357;0.045507;0.0033362;0.0013092;0.0032746;0.0092316;0.046618;0.00066542;0.00082001;0.052181;0.00036014;0.0011966;7.8121E-05;0.01368;0.0063962;0.017934;0.0056762;0.00079374;0.042526;0.0063154;0.050182;0.0013286;0.00064094;0.029564;0.0015802;0.00032904;0.042583;0.00029916;0.015764;0.0011953;0.0034;0.0013705;0.0016851;0.052232;0.00015946;0.0056387;0.052857;0.0015653;0.0033227
33;1.8507;329.79;2;0.85;0.5;50;50;Euclidean(Summation);0.0022564;0.003815;4.6086E-05;6.1007E-05;0.0018462;0.0031241;0.0007587;0.0015628;0.045024;0.00029612;0.0026676;0.0463;0.050718;0.0040944;0.0024051;0.04084;0.0015837;0.0015697;0.00056276;0.0059545;0.013635;0.0012095;0.041735;0.049868;0.0020484;0.00039279;0.0025533;0.0029597;0.0011091;0.004559;0.0015981;0.00081486;0.00082161;0.045889;0.0076107;0.00335;0.0022366;0.00074433;0.022164;0.0017933;0.0037295;0.0027437;0.0047455;0.051132;0.010269;0.0017054;0.0017631;0.0037961;0.0064919;0.051369;0.00032473;0.012095;0.0014206;0.00065676;0.001121;0.0038083;0.0036198;1.6696E-05;0.0051923;0.049775;0.00010261;0.0088799;0.00032292;7.2288E-05;0.003072;0.0053388;0.051591;0.0020916;0.00088439;0.0043593;0.0016814;0.047057;0.0016237;0.001708;0.0016897;0.001907;0.0053681;0.004897;0.00077347;0.0091465;0.0035209;0.0045526;0.0022955;0.0024495;0.00020991;0.038826;0.047167;0.0019091;0.0014296;0.0033863;0.0070361;0.051137;0.00017759;0.010083;0.03117;0.0037294
34;2.311;0.037144;2;0.85;0.5;50;50;Euclidean(MinimumTimesMedian);0.0012884;0.0002106;0.0036687;0.0033517;0.0025832;0.0015844;0.0010089;0.0011065;0.0030331;0.00089671;0.00059117;0.00050831;0.0011036;0.0031821;9.5778E-05;0.0032268;0.029089;0.0053505;0.031237;0.0013553;0.030365;0.00018434;0.028677;0.031513;7.6252E-05;0.028751;0.030041;0.00012325;0.00045842;0.0019056;0.00063171;0.0012465;0.00020267;0.00037166;0.031548;0.00036385;0.0013984;0.029096;0.019634;0.03117;0.029307;0.030682;0.0047286;0.0027749;0.029812;0.024863;0.00086769;0.00041315;0.00065532;0.016154;0.00016284;0.031615;8.637E-05;0.0023386;1.1133E-05;0.0020675;0.022271;0.0022548;0.0023794;0.00095032;0.00208;0.00036324;0.00018838;0.0005528;0.0036106;0.026506;0.024147;0.028391;0.00062479;0.0021779;0.00034834;0.00018872;0.0010724;0.00047421;0.010444;0.028825;0.0137;0.026352;0.030554;0.00033948;0.013234;0.031355;0.0019539;0.0077372;0.022433;0.030668;0.029284;0.0036169;8.0342E-05;0.0011401;0.00014314;0.0038032;0.00072807;0.030631;0.025362;0.030263
35;2.3123;0.037165;2;0.85;0.5;50;50;Euclidean(MinimumTimesMedian);0.001156;0.0051698;0.0080663;0.0024128;0.019521;0.038044;0.0011215;0.00084798;0.0023371;0.0037768;0.0051726;0.028211;0.01878;0.013497;0.0037221;0.00038028;0.00032552;0.032229;0.0026882;0.0047698;0.035872;0.00075946;0.037521;0.037443;0.0034511;0.0053718;0.00065049;0.0011493;0.0001075;0.00021447;0.0010615;0.015098;0.0060278;0.00050742;0.000947;0.032881;0.027377;0.005419;0.0074377;0.0044698;0.032415;0.00030035;0.0361;0.016489;0.0023618;0.00098771;0.0037204;0.0018663;0.0015209;0.031972;0.0017667;0.0026687;0.020186;0.02625;0.0094456;0.00012309;0.00067752;0.0016592;9.823E-06;0.0097273;0.0075479;0.0017216;0.035074;0.0014611;0.00088163;0.01727;0.036206;0.007262;0.035061;0.0026281;0.0035484;0.0032484;0.0027368;0.00046178;0.0014774;0.033601;0.0011642;9.3632E-05;0.00026432;0.0023956;0.00013987;0.00011171;0.0013305;0.0062963;0.0368;0.022019;0.0020949;0.0079135;0.0080273;0.00064323;0.03476;0.026848;0.035321;0.0043107;0.0028622;0.00017681
36;2.4384;0.039192;2;0.85;0.5;50;50;Euclidean(MinimumTimesMedian);0.024635;0.0016094;0.00013048;0.00022759;0.00088481;0.0097174;0.020298;0.0040837;0.0023374;0.031677;0.029513;0.0028064;0.036273;0.00010419;0.00068845;0.0070828;0.003509;0.0029125;0.00099212;0.0011293;0.023587;0.00050902;0.024743;0.035632;0.0076669;0.00030022;0.0012566;0.0020099;0.00035909;0.03376;0.027777;0.0095981;0.022811;0.034966;0.00052731;0.035628;0.0017954;0.00050682;0.0020658;0.0050092;0.03297;0.017926;0.0013946;0.00056698;0.0051679;0.02364;0.0019752;0.020301;0.0015928;0.0011771;0.033653;0.033689;0.00032104;0.036278;0.0041802;0.019634;0.0014705;0.0007576;0.001443;0.033766;7.9937E-05;0.00047235;0.0020611;0.0022802;0.035085;0.0016694;0.0026859;0.0019574;0.03014;0.034882;0.0046256;0.014556;0.0014307;0.00054835;0.027741;0.0034437;0.0010769;0.0010418;0.00077333;4.3821E-05;0.0011974;4.3969E-05;2.8955E-05;0.023469;0.0022493;0.00043756;0.00063969;0.007787;0.00048794;0.021017;0.0014211;0.014944;0.00025042;0.036089;2.6395E-05;0.00029235
population
1;4.6947;4.6408;4.1841;10.399;5.7294;8.5743;13.271;10.597;18.393;8.182;5.8756;9.1225;5.7126;5.0717;8.1822;5.9789;8.8032;10.479;6.7921;6.0512;8.4768;5.3599;3.6591;7.3464;8.3776;15.58;9.7282;14.201;8.1882;6.965;6.1434;4.4505;15.442;10.244;7.9209;10.777;4.6515;6.7811;7.1366;10.877;5.4188;6.0321;8.9447;7.8879;8.9105;10.983;8.823;9.6144;-3.4168;0.48644;0.093419;0.9152;-1.0026;1.0622;0.3356;-0.49754;-0.50966;-0.63531;-0.78446;-1.0587;0.10051;-0.45064;-0.59937;2.2542;0.31025;-0.65617;0.14455;-0.79025;-2.1254;-0.54331;-0.23739;-0.82211;-1.3382;0.77985;0.074803;1.6833;0.46384;-1.4522;-1.241;0.38556;0.62137;0.84999;0.26082;0.13936;-2.4641;1.2625;0.40306;-0.6429;-0.51629;0.41974;-0.33586;-1.4409;-0.58028;-1.7173;-1.6845;-0.28149
2;6.5321;12.295;6.4321;10.098;5.6932;2.9344;8.9865;10.902;8.3473;15.06;9.1222;10.644;5.3734;3.8631;7.962;6.6805;6.4512;19.252;15.167;6.447;9.0126;16.119;14.908;8.2741;6.2918;7.9453;3.7858;17.218;11.239;10.609;4.2486;4.7868;12.299;12.426;4.4934;9.3165;5.7012;6.8442;11.26;6.5851;5.0294;7.4671;6.0219;4.219;4.8131;7.0394;6.0886;7.1587;-1.1478;0.29167;0.75072;-2.1094;0.94617;0.01018;1.4304;-0.44974;0.45732;-0.46535;-1.3664;-1.1844;-0.12016;1.4348;-0.059229;-0.38321;0.5168;0.37008;-0.38918;0.43185;-0.50226;-1.0747;1.376;1.0596;0.63012;1.8357;-0.5516;0.050587;1.5109;0.86294;2.0649;-1.179;1.545;-0.70335;0.77759;-0.78237;0.15504;1.7262;0.29657;1.0377;1.0862;0.91254;-0.37523;0.63337;0.40755;-0.84198;0.32438;0.27027
3;19.366;5.0607;4.998;7.5421;9.3261;14.892;8.7397;5.8428;15.071;13.968;7.2187;12.213;10.722;14.967;11.114;10.237;7.5047;10.335;12.852;8.6667;9.3058;7.6211;11.345;13.899;5.023;11.594;13.2;8.5975;5.8558;11.216;6.8116;2.8208;15.224;8.6886;15.26;7.9638;12.205;12.248;4.7163;5.4528;8.1398;11.284;12.138;10.457;6.896;7.0627;8.5377;5.4863;0.87337;0.77807;-0.63369;-1.1486;0.708;-0.52322;-0.61335;-0.74321;-0.61144;0.69807;-1.5142;-1.0821;0.45719;0.70247;-0.43381;-0.44595;-1.7628;1.336;0.89318;0.53297;-1.9756;-1.5995;-1.0668;1.1679;2.2016;0.16346;0.1989;0.286;-0.7924;-0.082746;-0.52894;-0.65999;-0.53948;0.60769;0.072497;-0.050249;0.76645;-0.042431;0.40817;-1.5108;0.61844;0.35241;-0.34626;1.1433;1.475;-1.97;-0.2915;-2.7623
4;7.8962;5.1105;5.7066;13.609;9.2866;17.784;12.022;6.7053;9.1983;7.0187;10.569;2.067;7.5489;28.109;12.199;12.003;8.4324;7.6996;22.914;12.328;5.5411;11.452;17.347;14.811;9.0168;11.816;11.038;6.7868;7.5858;8.5894;7.6479;7.7148;32.266;9.6516;3.8573;11.113;3.6026;1.6586;10.685;12.445;14.626;17.73;6.413;11.901;12.718;7.8945;5.7392;13.683;0.35664;0.53792;1.5119;-0.21008;-0.089766;1.0576;-0.92757;-0.63431;-1.3132;-0.83531;-2.2227;0.25495;0.08997;0.14796;0.36372;-0.88524;0.77045;0.1901;0.52809;-0.36809;-1.3413;-1.316;0.2118;0.73604;-0.55869;0.1138;-0.68217;-0.61734;-1.8351;-0.97491;2.6298;-0.83464;0.30356;1.2997;-0.35251;0.69633;-1.3813;-0.1622;1.3148;0.55022;-0.41596;-0.99356;-0.32747;0.4798;0.69774;0.33536;0.21079;-1.5031
5;9.3292;8.199;3.3799;6.4124;10.294;10.628;14.105;8.4811;7.7225;9.2982;3.6448;18.547;11.492;3.9668;14.684;10.64;7.4718;14.898;6.6291;4.1902;11.7;9.2785;5.2259;6.5032;9.5822;7.7561;17.219;11.345;12.303;5.9319;2.062;2.1551;4.9756;3.6187;15.616;7.9756;3.6617;7.8605;12.551;8.7752;6.4712;21.505;5.9479;6.2036;8.8322;15.797;5.6258;8.6094;0.5154;0.131;-0.19616;0.35101;-1.4302;-0.45883;0.18253;0.27299;-0.36251;-0.10221;1.028;0.25011;-3.1431;-0.90875;0.23258;1.3706;0.52854;1.1559;1.863;-0.33909;-0.49586;1.2897;-2.6939;-0.80319;0.2221;2.0271;0.8881;-0.40842;-1.4844;-0.30925;0.74265;-0.77129;0.12927;1.0913;1.8378;0.19733;0.95777;0.14191;0.49294;-1.6657;1.3599;0.05649;0.46508;-2.6786;1.5731;0.74028;-0.14696;0.58734
6;6.7572;9.5569;5.7764;14.208;4.3877;6.8885;7.7561;11.802;5.4583;4.4116;4.556;11.693;4.5911;4.397;10.604;5.3688;8.2394;9.8655;7.3311;13.403;7.7274;6.533;5.2887;12.268;22.184;9.7133;14.925;6.6447;3.1307;13.568;4.5506;11.141;9.9691;8.8504;13.848;4.4552;19.125;10.045;12.855;14.057;6.0015;7.741;6.246;12.012;10.288;15.353;8.1763;8.5864;-0.6627;-0.33192;1.451;-1.0202;1.3164;-0.041301;-1.1529;-1.3026;1.258;0.1604;1.8177;0.11521;1.2499;1.6367;0.30859;-0.44256;0.29232;0.83778;-0.47358;-0.46587;-0.51684;0.10005;-0.76799;-0.080716;0.050847;1.3072;-1.8883;1.2642;-2.3918;0.81672;-0.92665;-0.19981;-0.46561;-0.13392;0.33064;-1.841;0.46598;-1.1342;0.15026;1.052;0.75541;-1.2069;1.0873;0.73045;0.039635;-2.4178;-0.40673;0.86952
7;7.1828;6.3997;10.967;5.1028;14.492;7.1692;2.9853;7.6258;6.498;9.5134;7.4419;2.5169;14.745;4.5333;17.599;9.9922;8.8219;8.9576;4.9383;14.776;14.48;9.3055;10.238;10.889;9.7265;8.3369;4.3103;9.8479;10.329;7.398;8.4955;13.188;7.9794;6.4132;4.4604;5.1774;16.981;20.139;4.9529;8.2869;4.9421;11.033;13.223;9.4591;19.043;14.188;4.7693;16.236;0.41502;0.62583;1.4069;-1.2623;0.19505;-1.55;-2.1551;-0.53042;1.3242;0.45151;-0.40794;-1.0259;0.52246;-0.052705;-1.3857;-2.3111;1.4784;0.93203;1.9282;-1.0567;0.27359;0.82502;0.11358;-0.61956;0.38143;-1.2872;-1.0407;-0.57455;0.1806;-0.35833;-0.02601;0.67667;-2.0906;-1.5552;-0.35183;-0.15446;-0.77523;-2.3255;1.1281;-0.075826;-1.7079;-0.41197;1.1309;1.2495;-0.67939;0.22964;-0.94045;-0.49741
8;5.172;7.8366;9.3551;8.6701;9.6817;6.3783;16.098;2.9398;10.477;17.884;8.3569;18.762;7.4087;11.952;8.9227;7.6241;15.273;15.845;9.6367;3.2673;10.477;12.629;14.063;5.024;5.124;6.0834;6.5844;13.469;7.9796;12.435;20.131;3.5076;11.871;5.5616;9.1026;12.61;9.6334;9.3334;8.1545;6.8742;11.502;17.433;24.545;7.8278;12.345;5.9012;7.7717;11.634;0.92494;1.2934;0.025536;-0.60416;1.0279;-0.73039;0.54238;1.2784;-1.63;-1.1133;-0.059602;1.6896;1.4531;-0.45898;-0.74518;1.4212;0.17659;1.049;0.50881;0.97798;0.27338;1.5483;-0.40867;0.19998;1.3324;-0.56676;-0.85484;0.62089;-0.70079;-0.13539;-0.62167;0.89002;-1.064;0.36974;0.25458;0.050106;-1.2993;1.8707;0.9293;0.55543;1.6841;-0.39373;0.85606;0.76889;1.7304;0.89375;0.51247;-0.24314
9;17.334;18.669;6.1274;7.0909;7.2132;7.0025;11.602;13.654;22.393;5.6554;9.6584;7.7768;8.5821;11.769;9.9914;10.491;11.434;3.4325;6.9409;9.2772;5.7335;4.5486;21.561;11.414;5.7046;6.2097;8.568;15.024;3.3792;20.609;10.159;13.793;11.534;7.3541;9.4986;15.385;8.7266;2.3611;10.403;9.5044;10.829;5.1122;12.316;15.04;6.852;11.919;4.9116;14.609;0.58321;0.81759;-1.3814;1.0293;-0.44585;-0.68259;0.29217;1.3433;-0.010244;0.32448;0.5533;0.42966;-0.77209;0.52259;-1.0144;-1.3943;-0.79032;0.28519;0.0052989;-0.84793;-1.631;1.9962;0.32497;0.92685;-0.84921;-0.95842;-1.3408;-0.45235;-1.6752;0.67744;-0.93003;0.98634;1.1213;-0.07451;-1.03;-0.51741;0.34664;-0.58408;-1.6083;-0.78499;-0.019267;0.18343;0.32213;0.17503;-0.44212;-0.51559;-2.867;-0.075651
10;4.7904;5.6793;6.8051;17.111;1.8542;11.186;8.5009;6.3806;4.4982;10.219;12.384;9.6175;16.162;7.3684;6.9981;6.7099;6.3322;7.9208;21.009;7.6995;14.846;3.5883;6.5829;7.3577;4.5641;15.239;5.4559;6.8186;3.0873;14.813;12.147;11.095;7.3215;6.6423;15.189;6.2163;7.57;3.0271;4.0733;7.978;9.1772;6.8024;5.0152;4.7892;17.095;10.407;17.12;5.8096;-0.4826;-0.44063;-1.5404;-0.45747;0.66896;-0.90623;0.26866;1.0231;0.47039;1.2331;-0.46881;-0.49121;1.1724;-1.3395;1.9531;-0.70967;0.1991;-2.1147;0.2505;-0.8865;2.4106;-0.8407;0.85734;2.0074;-0.58563;0.23988;0.94272;-0.14173;0.64358;-1.6682;1.2819;0.40441;2.33;0.51733;-2.0314;0.52456;-0.69045;-1.2769;0.28297;-1.3053;0.34532;-0.89703;-0.81942;0.38172;0.34609;0.26566;-2.7977;1.033
11;12.648;9.3382;7.2334;5.9643;8.3157;4.6721;3.4639;5.5666;10.175;6.7374;4.6247;7.488;15.939;11.301;8.3955;5.7148;6.6129;5.2387;7.5949;7.5506;5.8389;8.7147;7.0765;6.0301;3.8154;11.187;17.405;9.8932;13.373;6.6366;10.506;10.229;14.764;8.8941;6.2947;7.8178;8.3524;15.495;6.2189;12.006;8.1464;9.1704;5.7956;16.786;9.5036;13.285;7.2581;11.28;0.32333;-0.55771;0.53853;-0.68371;-0.8847;1.1445;0.3268;-1.2403;-0.053101;0.85751;-0.4709;0.66628;0.5689;1.3962;-0.92006;2.153;0.006089;-1.8971;-0.030141;0.88114;-0.89336;1.4735;-0.99313;-0.23799;0.090947;-1.0356;-0.20741;-1.5146;-0.33337;-1.5196;-0.31594;-0.30305;0.41334;-0.94064;0.51381;2.2447;-1.3785;-1.3059;1.1791;0.42674;-0.43403;0.23206;0.65298;-0.41612;1.386;-0.74442;0.41057;0.94551
12;4.1874;8.6639;5.3648;7.9907;13.885;8.7926;4.7881;12.753;6.7379;13.763;10.205;16.831;16.088;6.6749;11.334;7.0518;10.056;11.736;6.4612;14.587;8.3328;12.849;6.1594;8.4678;10.192;11.608;4.4867;6.2693;18.782;17.005;5.9986;9.971;12.962;6.6736;9.7211;5.0931;7.9957;6.0146;12.793;14.348;8.2417;5.467;15.302;11.246;5.2527;11.464;4.9254;11.699;1.3711;-0.19344;0.0037638;0.21999;-0.70301;-1.0936;-0.29215;-0.95456;-1.869;-0.50941;0.32304;-0.36164;-0.22022;-1.3896;-1.5077;-0.59129;-1.0501;2.3268;-0.41936;-1.4252;-0.91304;-0.2045;0.78355;0.085932;0.82094;0.68967;-0.99272;0.50744;1.0711;-0.7968;-0.016973;-0.018977;1.7748;-0.69466;0.69253;0.55498;-0.75022;0.19529;-0.36195;-0.87296;-1.3286;0.40439;-1.7306;-0.90825;-0.73988;-0.42189;0.22165;0.40969
13;15.26;5.077;10.067;6.6738;11.065;6.9392;5.395;8.4596;4.3463;11.456;14.726;8.6412;7.5908;16.653;12.338;8.5559;5.0306;10.82;18.868;5.8714;7.4511;21.883;11.086;6.2483;8.8364;7.6327;4.3608;6.2556;8.1458;7.1002;10.367;7.6301;9.1094;3.8146;15.42;5.1725;7.3759;1.5861;4.9831;10.209;10.002;6.0617;11.414;9.8678;8.7176;4.7928;5.0808;8.9405;0.24032;-1.4115;0.69814;-1.3515;-1.1423;1.214;0.91967;1.8265;-1.5514;0.48618;0.50358;-2.0329;2.0422;1.5905;0.97133;1.4346;1.0206;0.7786;-1.4608;-0.30938;0.0054596;-0.042064;0.54903;-3.0338;-1.1265;-1.7095;-1.3109;1.486;0.72412;-0.047605;-0.92212;0.18937;0.084617;0.033333;-0.087868;-0.13184;-0.59036;-1.7676;0.5505;-1.3152;0.17678;0.11865;-1.5668;2.1676;-0.43226;0.93273;0.90814;-0.26041
14;6.8134;13.097;15.456;17.602;5.5619;18.362;7.2677;17.513;15.59;8.046;11.454;11.393;13.972;7.6201;11.816;5.7633;11.805;8.1345;15.645;11.911;5.8397;18.746;9.2481;2.4576;10.188;4.8634;8.7056;20.449;6.4317;6.0255;2.0142;4.9439;3.5258;14.411;6.7694;15.137;11.033;6.0351;8.0371;11.58;6.7659;5.7748;11.304;12.385;3.7182;5.3516;10.383;2.8441;1.0706;0.78989;0.79857;-0.19797;0.092058;-1.4142;-2.1033;-0.58632;-1.0063;1.2504;-0.69017;-1.3523;0.32184;1.5638;1.0904;-0.56388;-1.5414;-0.12225;-0.46694;0.24238;-0.75648;0.69575;-0.018722;0.17121;-0.30923;1.6147;0.77465;0.63662;-0.24056;0.66808;1.3731;-0.31595;-0.6718;0.1768;2.2112;1.0668;1.3346;-0.26419;-0.060255;0.52202;0.7198;0.90763;0.50519;-1.5008;-0.59677;2.1518;0.22216;0.60724
15;13.043;8.2202;3.6875;7.7753;1.194;6.0029;9.083;6.9542;3.2658;2.8518;4.5208;3.4958;15.36;6.5485;3.1672;5.3186;13.257;4.9265;9.3871;8.8133;6.3239;9.9893;5.7474;5.0365;2.7442;8.3848;7.623;11.161;9.5215;7.1917;6.755;2.6925;7.5406;12.637;9.0119;11.151;6.3346;6.559;14.075;1.3995;7.4037;5.3003;2.8915;14.029;10.09;7.2654;4.9333;9.9934;-0.31983;-0.72347;0.92031;0.47816;-1.7003;-1.8188;0.18379;0.93369;1.1204;-1.7541;0.042668;1.3716;-0.89822;0.7214;0.44841;-0.94166;-1.3996;0.22264;0.06519;1.3456;-0.27744;1.3992;-0.080928;0.20226;-2.5387;0.08047;1.0438;-0.29884;0.021845;0.65575;0.033939;0.46241;0.46905;0.00648;-0.74938;-0.28166;-1.3789;0.64679;-0.34924;-0.40166;1.0746;0.77;-2.1467;-0.93621;0.71253;1.1489;-0.60893;-0.96767
16;7.2709;14.724;3.0927;10.098;7.8184;13.701;13.769;7.4859;15.156;9.7453;17.329;4.8409;10.401;6.319;5.1674;7.4686;17.242;16.154;10.057;7.2608;4.7327;7.6843;2.193;11.507;8.5109;5.9684;22.616;7.6244;9.0972;8.3416;9.2574;4.686;10.84;10.251;6.0211;8.4859;7.1279;9.2043;5.9427;5.3258;9.1272;11.485;11.172;11.25;11.841;7.7959;14.548;6.5604;-0.06295;0.33356;0.65512;0.30497;-0.75919;-1.7195;-0.93811;0.32313;-1.4614;1.4653;0.59989;0.65865;-0.91058;-1.2893;-0.030535;-0.026185;-1.0792;-0.078851;-0.26517;-0.48772;-2.1369;-0.39055;-0.83709;1.3909;-0.86259;0.28323;2.054;-0.69542;0.24737;-0.44995;1.016;0.17456;-0.53638;0.70102;-0.21483;0.4312;0.18799;-1.3353;-2.3043;0.41079;0.92924;0.32927;0.90033;1.7582;-0.47558;-0.32025;-0.3011;-0.34081
17;9.25;9.014;9.001;11.997;13.13;9.9225;6.6432;7.604;5.7085;4.5364;8.2977;9.896;6.3246;7.0474;9.3193;11.603;5.2412;9.8371;6.0023;11.272;14.456;1.898;7.0605;5.9659;6.0556;14.566;4.1785;10.993;4.1401;9.8871;7.4788;21.202;8.6324;4.7096;14.835;12.482;14.147;13.673;9.3743;2.8604;9.882;16.403;7.9016;12.215;15.093;7.9946;11.284;6.8517;1.0116;0.1693;1.0287;-0.032055;-1.4776;1.4097;-0.12816;0.27041;2.0001;0.65923;0.88372;1.1158;-0.44019;0.61946;1.1014;1.1269;0.036041;0.6587;-0.58543;1.5378;0.77655;0.21381;0.15397;2.097;0.29577;1.2962;-0.88104;-2.3988;0.5402;0.33067;-0.041305;-0.15595;0.90616;-0.01644;-1.2166;-0.31579;-0.19098;1.1131;0.74624;0.17005;1.3389;-1.2158;-0.01971;-0.82955;0.4555;-0.76351;-1.1864;0.018247
18;10.731;7.2265;4.5454;6.9654;7.2024;10.733;19.239;9.8291;5.5841;7.6452;24.292;6.8947;5.222;10.826;11.569;5.6389;3.3153;4.8904;6.4739;11.765;2.3488;5.664;10.067;4.9434;6.8746;3.1834;12.177;7.963;6.5034;12.397;7.6331;11.272;7.7518;9.9572;4.6813;12.584;4.2346;11.104;5.6812;4.1999;4.2387;15.193;6.4534;4.9096;17.663;8.7909;12.952;7.5144;-0.34594;-0.38848;1.1846;-0.82859;0.2898;0.51842;0.13158;-0.23009;-0.35512;-0.90713;-0.9159;0.66863;-1.3888;1.122;-2.1746;-0.43632;0.085868;-0.20905;0.0032263;1.5003;0.64373;-1.2176;-1.1783;0.65384;2.2262;-1.5737;-0.46066;0.73897;1.3967;0.070651;-0.022118;-0.65998;-0.42842;-0.45768;-0.29382;-0.46487;1.3086;0.98963;1.6975;-1.5545;-1.0098;-1.1113;-0.35248;-1.8044;-0.045027;1.0286;-0.31783;0.4181
19;6.7866;9.0902;13.206;4.3765;4.7571;8.6576;5.404;8.7741;7.3519;7.4177;13.931;4.4129;6.7165;10.426;13.397;9.1603;9.6089;5.1324;15.884;13.826;4.2935;10.748;10.981;12.55;10.833;4.5321;4.7343;7.1535;15.715;12.738;10.105;5.7456;6.3792;9.173;9.2716;12.275;1.925;7.8828;8.6278;12.884;4.9195;5.6023;10.212;9.8495;14.685;17.477;10.736;10.034;-0.017434;0.69932;0.16889;0.60548;1.1981;-1.2458;1.0917;1.2034;0.40654;-1.1927;0.89462;1.2997;1.1567;-0.43674;0.74558;1.2137;-0.24116;-0.66956;1.3661;-0.22411;0.26258;-1.4651;-0.48331;-0.030002;-0.02192;-0.42146;-0.98055;0.4427;2.742;0.33061;-0.37016;-0.57914;0.19631;1.0275;0.23916;0.78069;0.59263;1.9474;0.0384;-0.50222;-1.1648;0.27905;-1.8695;-0.88595;0.44194;-0.51287;0.91776;-0.77691
20;8.9874;6.965;9.6593;6.1851;7.2839;8.0132;4.4447;2.6343;6.8887;8.4274;8.5599;8.1846;12.679;7.9577;10.89;16.335;9.1774;13.084;6.8005;15.584;11.203;17.789;9.3198;10.117;12.114;10.798;14.124;10.869;6.1257;8.0396;5.8324;6.1817;12.575;7.947;10.018;12.028;5.7801;9.7111;13.16;8.3083;7.8555;14.355;9.9009;11.738;3.1961;13.594;5.3924;4.6166;0.51579;0.073503;0.91542;0.92597;0.20331;-1.6218;-0.24153;-0.15284;0.35211;0.55652;0.22443;0.197;0.045334;0.51336;-1.0829;1.5935;0.57121;1.4384;0.71288;1.3204;0.31511;0.41805;0.73403;1.1896;-0.29475;-0.49343;0.67529;1.3155;-1.5353;0.91059;0.47811;-0.055039;1.4099;1.3734;-1.6655;0.38872;-0.57452;0.95752;-0.51272;0.63339;0.39621;-0.12949;1.1037;0.79845;1.3437;-1.9869;1.0022;1.3864
21;2.6944;1.1265;9.487;8.5382;11.537;5.4337;6.5339;3.24;3.5494;11.008;7.3768;7.7092;16.565;5.7162;4.3859;2.7737;11.956;8.0945;9.5737;12.054;14.954;7.4969;8.7605;8.8937;13.298;3.3335;13.183;12.712;16.573;8.4505;7.4813;4.2238;4.9794;4.4562;11.903;9.9412;20.969;6.4548;5.3042;13.142;7.7849;5.8825;16.261;3.6362;6.07;5.5277;12.455;5.816;2.1726;-0.6452;0.96767;1.9976;1.9374;0.8511;-0.29529;-0.15647;-1.3393;0.9036;-0.1489;-0.67848;-1.5306;1.0936;1.2087;3.1613;0.69458;1.5769;-1.1239;1.118;0.16903;-0.86196;-0.88752;0.43571;-0.34648;-0.6944;1.4393;1.0914;1.0423;-1.2035;1.5641;1.2307;-1.4453;0.10655;-0.93578;0.67683;0.019378;-0.21428;-0.077593;2.3541;0.079093;-0.14257;-0.12498;0.826;0.37135;0.55648;-1.3565;1.156
22;4.5166;8.6189;8.9745;8.132;7.1808;6.6574;11.741;8.15;8.1001;7.909;14.469;5.448;9.703;12.64;14.868;14.027;4.2382;10.353;6.6992;7.2581;2.3808;2.3957;9.6609;11.746;9.2015;6.177;10.234;3.266;15.739;9.1728;18.409;4.2734;8.257;4.2894;10.399;4.3774;7.3891;4.7791;12.655;7.8867;12.783;11.462;8.6023;6.0783;3.0512;8.5811;3.0027;7.1347;-1.2759;-0.5905;0.30025;-1.8636;0.31308;-0.51672;-0.84433;0.33215;0.0061402;-1.5345;-0.30106;-0.71666;0.092435;0.39076;0.097166;0.17311;-2.1429;-1.569;-0.64711;-0.81199;-0.12065;-0.17381;0.20143;0.98609;-1.862;0.48695;1.488;0.70248;1.796;0.53148;0.1368;-1.3056;-0.35976;-0.28052;0.72881;-1.6515;1.4574;0.56486;0.93482;0.6979;-1.2364;0.89477;1.2472;-0.36916;0.61003;-0.52379;-1.0193;-0.13646
23;11.06;10.344;6.9187;7.6372;2.7328;14.382;5.036;7.0184;11.948;2.7051;8.2942;10.346;2.9945;9.7517;8.0223;14.636;9.8612;15.723;4.8459;6.2874;4.7373;6.1998;4.9649;4.613;20.746;8.65;16.462;9.2994;2.9997;9.5064;7.0136;10.804;3.9323;2.1465;19.168;3.7423;3.6865;11.771;3.562;7.6587;11.977;5.9455;13.373;5.0796;10.344;7.2447;8.0414;8.7316;-0.58416;-1.2721;0.32862;-1.7508;-0.21989;-1.0361;2.7046;0.37941;-0.48596;1.2929;-1.2348;-1.4304;0.27677;-0.9957;0.96429;1.1623;-0.68625;-1.0909;0.78521;-2.2403;-1.5118;-0.81263;0.96819;0.12215;-0.84953;0.32966;-0.69898;1.0363;-0.28837;1.181;-0.48071;0.8143;0.5903;-0.22109;-0.11082;1.8154;0.21606;1.0499;-0.51821;-1.3981;-0.043523;-0.85889;-0.10169;2.6617;0.71257;-0.60436;0.023444;1.8571
24;5.2588;3.3986;6.0225;8.5669;3.299;5.7415;7.4131;15.932;5.5022;4.8051;10.551;8.6307;6.9658;10.865;8.3056;6.7574;10.697;11.021;11.541;9.1889;8.2642;8.3734;9.235;3.28;9.729;5.5967;6.5957;5.6241;11.915;12.872;15.23;6.2931;5.8708;17.599;3.8555;6.4333;1.379;5.4546;13.495;26.135;12.694;6.6184;20.54;8.4991;10.791;14.702;8.339;8.1623;1.4327;0.67919;-1.4511;0.043586;0.56695;-0.42162;0.99776;-0.081182;-1.4379;0.84502;-1.4481;-1.0129;-1.3129;1.4862;0.57047;0.42824;1.3188;-1.7237;0.45662;0.16331;1.1647;1.0264;-0.49566;0.65624;1.0124;-0.2191;0.0019443;-2.0279;-0.43813;-0.41254;-0.083622;0.76977;1.6916;0.44398;0.80025;-0.46554;0.28266;-2.6015;-1.4001;-1.6879;-0.94426;0.049846;-0.91047;0.7742;0.46859;0.16091;0.56259;0.62947
25;12.845;9.8813;2.4122;14.803;4.2762;5.5156;4.8344;6.3832;7.9202;12.282;4.5863;16.567;11.364;10.148;5.6889;7.5892;7.1099;10.115;6.4595;12.405;5.0458;2.8604;6.5046;9.7207;4.0838;10.742;4.864;5.9897;7.2728;17.778;8.5863;12.761;5.8916;6.5139;7.7777;10.05;7.6962;5.64;6.2698;5.4271;8.1462;16.237;6.8641;3.1082;10.227;17.695;5.5496;5.8004;-1.1546;-1.0913;-0.31009;-1.9553;1.3164;-0.19396;0.78312;-1.9647;-0.26088;-1.3937;-0.82121;0.67173;0.92643;-0.42685;0.23133;0.94198;-0.53551;0.23544;1.0707;0.53859;1.1124;1.5653;0.47602;1.3291;-0.66762;0.93605;-0.28657;-1.2505;-1.5435;0.16668;0.2803;-1.484;-0.075916;-0.60661;-0.75786;0.63909;0.69406;0.45854;0.13149;-1.2514;0.81575;1.2921;-0.65832;-0.81106;-1.4478;0.14514;0.36584;0.1163
26;8.9442;2.1582;9.4727;4.6263;7.4816;11.467;4.6116;7.9806;3.2332;8.3278;8.6107;10.935;7.5826;15.359;9.0933;18.767;17.102;6.723;7.3211;8.5617;9.6117;9.6634;7.4192;7.2859;12.783;5.7281;10.886;8.6716;9.2096;5.5606;12.426;8.9214;6.8624;9.1206;3.695;7.4914;5.2811;6.6027;9.6471;10.514;12.935;11.729;5.7664;14.34;3.6977;11.998;5.3836;15.536;0.72827;-0.77244;1.586;0.51981;2.358;0.27645;0.13775;-0.26971;-0.65304;0.37649;1.1571;-0.86465;0.040315;-0.56549;0.75883;2.5984;-1.3414;0.20058;0.14552;0.18385;-0.54913;0.39918;-1.2997;0.79474;0.42815;-0.97403;0.050636;2.9157;-1.3113;1.0738;0.98755;-1.9937;-1.0448;-0.002371;-1.9843;-0.3017;0.32888;1.3655;-0.23469;0.22741;0.042242;-0.037759;0.58839;1.016;0.13079;0.89755;-0.94427;1.094
27;10.447;11.767;7.1857;6.3224;8.4339;17.694;5.7015;2.891;6.6836;9.858;9.6911;12.575;5.221;11.998;23.695;9.9602;6.6717;3.9419;8.3403;6.5319;2.7226;4.7828;10.562;6.8477;8.4424;5.4904;4.2832;7.0496;4.9628;6.4746;9.9781;2.8313;3.3029;9.2688;9.1346;16.507;12.1;11.529;3.0156;22.306;10.255;13.009;5.9611;12.287;17.944;10.803;1.8612;16.05;1.0538;-0.10778;1.8325;0.77747;0.81725;-0.89796;0.057755;-0.79157;-0.59861;2.2093;0.32646;-0.31683;3.2011;1.4349;-0.58288;0.53291;1.08;0.97685;1.0963;-0.28451;0.35775;0.58716;-0.88077;0.11761;0.53642;-0.48833;1.8312;0.7941;1.0925;0.81874;0.60045;1.343;-0.52891;0.1477;0.78682;-0.43534;-1.4001;-0.78011;-0.35126;2.1582;0.0037144;-2.4139;-0.19762;0.34498;1.1994;0.39585;0.56422;-1.663
28;14.709;4.172;16.297;20.34;9.2429;9.9041;4.227;10.465;8.1247;4.7605;1.6028;16.743;12.019;7.424;7.019;13.08;9.0088;13.786;7.069;7.7112;9.4947;11.285;14.226;8.619;9.5094;17.372;15.761;10.058;5.3484;14.189;3.6523;16.345;6.8821;9.7212;11.312;9.7594;13.779;9.6941;5.8495;5.9863;12.854;4.7729;7.3206;12.26;4.5191;9.4196;12.919;12.381;0.25878;0.14186;2.5303;0.44824;-0.11928;-0.94264;0.65985;1.2065;-0.28061;-0.2884;0.48234;-0.36395;0.55453;1.118;0.48962;-0.40701;1.4915;-0.50273;-1.6543;-0.87969;-0.86861;-1.907;-1.6468;1.5388;-0.57012;-0.15451;-1.0737;1.4715;-0.19105;0.23849;0.57916;-0.44181;-0.74736;0.96406;-0.37521;0.18675;-0.92281;-0.97025;0.30892;0.81703;-0.43087;-0.048352;-0.20861;0.29091;-1.2385;0.51101;0.072703;-2.241
29;4.6122;7.44;5.8301;5.5147;10.12;11.073;11.299;8.805;7.7453;13.599;8.4376;7.1189;5.1697;7.7743;13.22;9.769;9.4061;15.636;5.4646;4.7531;6.5339;3.9421;10.41;9.9729;4.3596;12.068;10.741;5.8333;10.26;5.3947;16.629;6.6327;8.4561;9.3741;10.419;5.9565;2.5583;3.0971;13.362;5.9372;7.322;6.7923;8.198;23.496;2.9457;13.211;9.9179;16.561;0.26084;0.077832;-0.67271;-0.37367;-0.0691;-0.36738;1.5501;0.22682;0.066571;2.0492;-0.36699;0.29336;0.089979;0.052077;1.8351;-0.72555;-0.6224;-0.024974;0.57978;0.29282;-0.079868;0.15321;-0.055738;0.72009;1.7602;-1.2532;2.5793;-0.033397;-0.020357;-0.21138;3.2812;-0.27001;0.49617;-0.50534;1.4934;2.4024;-0.87468;-0.75886;0.41676;-2.0096;-0.13153;0.41359;-0.30303;1.1439;-0.9067;0.65568;0.21803;1.0409
30;5.8187;9.1048;14.543;7.4971;8.0231;5.4508;7.2692;16.365;7.4678;5.0669;16.143;22.105;7.4693;10.18;5.025;7.5135;13.572;15.074;6.6841;7.6852;6.5831;16.558;10.73;19.096;7.8957;11.887;4.8018;6.5122;2.13;13.779;15.331;13.467;5.0015;12.273;10.755;13.43;5.7761;7.7354;13.64;4.4856;12.317;7.8465;9.7506;10.11;8.9636;3.2227;7.7544;8.939;1.9133;0.010192;0.26877;0.7213;-0.51446;0.30744;-1.0495;-1.9243;0.14123;-0.80571;-1.6974;-1.2441;-0.65643;1.6795;2.1552;0.58212;-0.54989;-0.66488;-0.036146;-0.90123;0.3966;-1.3535;-1.3462;0.032599;-1.4016;0.17155;0.47154;0.82031;1.1098;1.8689;0.8322;-0.95982;1.0897;-0.19124;-1.0873;-0.073964;-1.4485;-1.1335;0.95352;-0.14163;0.87199;0.44008;0.24757;1.2004;0.29646;0.51581;-1.3139;-1.2585
31;12.175;5.0356;11.63;7.0892;12.626;7.6077;10.775;11.987;8.5452;10.413;11.01;5.6656;12.85;7.5125;4.5697;6.9781;3.0719;3.9679;7.8924;5.5764;6.9475;12.736;8.6682;6.1572;8.0548;20.572;14.823;15.185;4.5365;10.018;12.533;5.4592;7.6651;1.8986;14.427;11.246;6.0594;9.2685;14.4;8.8496;4.0185;9.9515;9.2515;4.7789;4.3245;6.6865;11.449;11.716;0.29597;1.7128;-0.37229;-0.3205;0.15732;0.76697;-0.092247;-1.5591;0.20133;-0.77861;-0.48082;-0.17067;1.906;0.14638;-0.86849;1.1794;0.73622;0.30841;1.0302;-0.41776;1.6826;0.84752;0.93652;-0.021773;0.3871;-1.9586;0.82225;0.27496;1.4287;-0.44629;0.020048;1.3542;1.4708;-0.94151;-0.67463;0.42153;-1.8997;0.54253;-0.23207;0.52163;-0.55809;1.9154;1.0944;-0.64896;0.35485;1.8628;0.76615;1.75
32;6.1344;8.3364;8.3434;11.912;5.9167;7.0446;9.5118;5.0265;4.4893;8.2688;5.9011;5.7716;5.7154;13.594;8.4796;9.5951;6.7577;14.96;3.523;9.0292;8.5358;6.9096;4.2053;3.9407;8.1666;6.3523;7.0281;8.3316;3.1398;4.7699;4.1442;5.5691;10.228;3.1351;6.7838;8.6762;13.669;14.291;16.382;23.538;9.3592;6.2533;10.545;11.39;10.398;7.0131;4.27;10.686;0.98082;-0.61683;0.36672;-2.1982;1.6896;0.31577;1.9238;0.75205;-1.0481;-0.87799;-0.10635;0.54186;-1.5397;-0.47849;0.31092;0.061992;-0.43886;-0.26256;0.53828;0.4653;-1.0266;-1.0128;-0.70325;0.13725;-0.71624;0.16135;-0.042899;-0.64548;-0.80119;1.0857;-0.61803;-1.4529;-0.28183;-1.0449;-0.76256;-0.9062;1.4104;0.59806;0.76558;-0.05345;1.3334;1.9656;0.46475;0.90689;0.65848;-0.051538;-1.2471;-0.23116
33;4.1479;3.4104;5.682;15.315;3.7026;5.9963;8.9296;9.2097;6.2308;10.046;6.0097;10.005;6.6203;9.5555;12.096;10.67;4.1666;14.328;10.799;10.317;6.5491;19.583;14.287;2.0578;8.9932;7.5669;4.8211;11.167;3.9298;19.813;3.2976;14.637;8.437;12.596;10.432;8.6099;8.1371;6.6751;4.6584;9.4095;9.2867;2.2185;6.229;5.601;11.012;5.4116;17.078;7.948;0.38035;-0.86566;0.78584;0.97141;-0.097027;1.222;-0.36565;0.6986;0.64845;0.47546;-0.48282;0.55821;-1.741;-1.4558;0.74705;-0.84626;-0.42663;-0.34513;-0.38281;1.1484;-1.4795;1.383;-0.90388;-1.0185;-1.2599;1.8732;1.3376;-1.4383;-0.21322;-0.40084;-0.83921;0.47657;-1.1638;-0.59075;1.5297;-2.247;1.1902;0.37367;2.1501;-0.89101;0.4471;0.17219;-1.7726;-0.13362;1.5049;0.16614;1.3139;0.35468
34;10.214;9.7939;11.708;6.4965;11.668;12.905;3.1101;17.073;4.7181;12.169;4.9115;6.7893;5.9041;19.016;22.15;9.2431;5.7807;8.4807;4.376;4.7788;3.4533;6.1465;7.0375;9.2345;13.194;13.757;6.202;11.1;3.6155;7.4472;7.1399;12.712;3.9521;21.291;5.7323;13.124;11.363;9.8318;7.5771;3.6911;16.24;10.96;5.061;10.727;8.184;9.472;11.024;4.6608;0.068712;0.28554;-0.76746;0.66661;1.0063;0.516;-0.37533;1.4762;0.85854;-0.62102;1.5651;0.21728;0.29272;-0.83349;-0.95128;0.42753;-0.11481;0.52729;-0.79318;-0.26727;1.2818;-0.14124;1.2954;0.23584;-1.4127;-0.16869;1.2513;2.0864;0.70833;-0.048868;-0.69727;-0.60422;0.083762;-0.2434;0.31494;0.48452;-1.3274;-0.55489;1.2052;-0.10384;0.49819;-0.64915;-0.50878;0.36349;-0.45173;0.11498;-1.2729;-0.26777
35;5.0543;4.7692;9.0319;3.4556;10.792;9.6561;13.087;3.512;3.4113;5.2907;8.8115;12.658;7.0167;16.25;13.582;7.0702;9.5367;5.7839;4.0085;6.7106;7.0587;2.9561;8.8763;4.4268;6.6953;25.69;10.23;4.1743;4.2681;11.031;6.8926;6.9088;15.246;18.867;7.3166;16.237;9.395;5.0067;5.1724;5.3509;15.564;8.0551;4.6093;6.8244;6.8914;6.8324;6.2468;11.115;1.2219;-0.53688;0.23688;-2.853;-0.60048;-0.77706;0.46549;0.26062;-2.1093;-0.91277;-0.65546;-1.1358;1.4083;-0.020508;-1.2284;0.098734;0.61984;-2.4467;0.48974;-2.036;-1.1469;-0.10222;-0.0125;-2.2824;1.4986;1.5447;-1.5405;0.43414;-1.7492;-2.1192;0.70293;0.51394;-0.16472;-0.014134;-1.0123;-0.59749;-0.41675;-0.28462;0.90282;-0.70394;0.58154;0.16833;0.74262;0.19512;-1.9275;1.5694;-0.44768;-0.45381
36;7.5424;8.2832;5.9124;13.647;6.9009;3.8028;11.855;3.8265;7.6715;4.1309;11.783;6.7821;3.0298;4.0776;5.2984;8.9696;1.8029;8.6808;5.4861;8.9613;8.5316;9.5557;5.7658;9.4872;3.585;6.5779;5.8761;5.065;11.98;11.015;6.9091;4.6386;14.886;5.3027;10.71;6.7828;13.969;6.3137;11.286;7.3679;15.017;13.946;5.5608;5.491;10.064;12.999;4.6297;18.941;-0.48824;1.7519;0.5042;-0.81092;-0.03211;1.4936;0.51306;-0.083362;0.26032;0.3013;-1.1576;-1.0137;-0.37635;-0.57051;-2.0744;1.2866;0.39166;-1.2439;1.5946;-1.0414;-1.2232;-0.30043;1.1343;1.4031;0.54703;0.4066;-0.16911;0.54747;-1.2811;-1.006;0.63053;1.2629;-0.43901;1.2283;-0.86898;2.4863;-0.63067;-0.90296;1.0682;-0.44386;0.54689;-0.30244;1.7929;-2.2574;-0.623;-1.7612;-0.66032;0.88552
37;3.5901;15.895;9.3073;5.6835;3.0743;9.631;9.1119;5.8097;3.169;8.6151;13.405;12.555;7.4291;6.6483;7.4919;4.9377;10.633;10.304;9.9604;4.4498;7.0132;9.7711;4.0933;15.896;12.897;6.2683;11.688;3.8541;24.494;5.2341;7.2046;15.75;12.539;13.456;7.5177;5.5937;8.5823;9.6134;14.691;3.6963;16.435;11.936;14.156;11.269;9.9419;4.1715;9.7571;21.129;-2.2799;-0.38745;-1.4522;0.33618;0.050428;0.39826;0.76438;-1.3642;-0.16363;-0.4262;0.097341;-0.044;-0.092096;0.19939;-1.2766;-0.65016;-1.4589;-1.4004;-1.7011;0.14109;0.37639;0.37746;-0.39421;0.14222;-2.1372;-0.94019;1.3348;0.68903;-2.1395;-0.23763;0.40286;0.93724;-1.6618;-0.29807;-0.088943;-0.70913;0.16356;-1.0497;0.69372;-1.208;0.81966;1.3748;2.1662;1.0418;-0.063583;-0.018373;0.92268;-0.052392
38;12.093;11.812;3.8483;10.384;6.5679;5.3111;13.645;4.4378;12.915;4.1377;5.0757;2.6451;6.543;7.2642;7.3147;8.6257;15.901;10.785;14.204;9.5267;12.267;13.698;8.4181;13.553;10.555;8.8917;8.2894;6.4694;6.8443;5.5942;9.5859;8.9735;11.094;17.266;25.125;3.4009;8.5562;10.751;12.251;2.4183;10.28;7.7854;2.8277;7.6551;2.6747;6.8828;7.3486;6.1514;-0.16083;-0.72647;0.28947;0.59966;-0.47481;1.1082;0.29172;2.0637;-1.6974;0.84307;0.91459;0.17882;0.28568;1.2852;0.2944;0.58258;-1.4981;-1.0498;-0.85175;0.46485;-1.2339;-0.070623;-0.23744;-2.0846;-1.2358;-0.43778;0.16639;0.83562;0.053466;0.37614;-1.5426;-0.75617;-0.33999;-1.0672;-0.52472;-1.5079;-1.3665;-1.7926;0.44181;-1.1362;-0.95861;1.5845;0.16914;-1.9364;0.81958;0.64366;0.17;-1.3796
39;20.268;25.158;9.8582;11.705;6.4485;16.54;16.026;4.9422;6.3284;7.8244;8.5853;5.6468;2.4951;6.8779;9.745;1.9355;6.8265;12.796;9.6169;6.9029;9.3548;11.329;10.051;4.447;3.9139;6.9937;5.7031;5.6932;6.9949;16.678;8.2899;7.6992;5.2832;10.236;8.3534;4.8643;8.0707;15.567;6.0871;18.304;9.7276;17.621;9.0775;9.8345;8.2287;6.1711;9.6688;5.4541;0.014781;0.51231;0.5373;0.57586;-1.1747;1.1625;0.54755;-0.87471;0.34824;0.83359;0.35817;-0.13968;-0.78712;-0.34464;1.8204;-1.6421;-0.13779;0.34752;0.030204;0.072896;-0.92831;0.30511;-0.77567;-1.3227;-0.070326;1.9054;0.95748;-1.6418;1.0045;0.22239;1.015;-0.61901;-0.28417;0.25636;1.5057;1.5695;1.1806;1.2721;-0.93131;-0.19829;2.3463;0.077602;1.2228;0.085801;0.084991;-0.082047;0.064095;-1.2919
40;5.7674;12.141;7.6935;8.8415;13.371;12.267;21.859;5.5364;1.8207;3.6831;17.549;9.9643;5.9174;10.1;8.582;7.1187;3.4908;16.097;11.606;9.7533;11.69;10.928;14.623;11.392;7.0156;17.998;15.42;4.2593;6.5333;4.2996;9.4836;13.557;4.6776;8.8615;17.088;11.363;5.7763;12.814;8.3466;12.494;12.687;14.196;7.1429;7.4947;10.064;11.069;7.4997;7.6313;-1.4778;-2.3465;0.49458;0.80767;-0.33008;1.4908;-0.78438;1.3664;1.1402;-0.39805;-0.30271;0.020883;0.27177;0.21124;-1.6741;-0.13166;0.6312;1.6621;-0.82005;-2.2365;0.26174;-1.6547;0.62623;0.033701;0.44428;-0.1472;-0.025567;-2.2536;1.2723;-0.17294;-0.89545;-1.1321;0.31968;-1.8615;-0.4406;1.4484;-1.2452;-0.50161;0.43748;-1.4522;-1.0147;0.78703;-0.064608;0.91394;0.62668;0.67282;0.067566;-0.50242
41;18.376;3.4157;6.4353;16.164;8.3499;9.2523;7.4953;6.0886;5.8203;10.998;26.126;9.868;12.041;5.7246;11.982;7.0632;16.934;17.773;12.367;6.8247;6.9767;7.974;2.7891;11.84;4.1326;8.642;4.3094;8.1272;11.268;11.347;17.509;4.8969;9.4995;10.311;3.5857;5.0227;12.85;4.0816;12.714;5.5913;6.8655;4.4285;7.3166;2.4814;9.5534;12.205;3.4099;8.5017;1.2204;-0.59148;-0.62274;-0.036813;-0.9127;-0.0927;-1.1152;0.18765;1.319;-0.26655;1.47;-0.0022906;0.67478;0.51466;0.75413;0.094794;0.35969;-0.19257;-0.0097355;-0.41777;0.17286;0.34733;-0.083112;-0.21511;-1.7495;-0.14439;0.53318;-1.2727;-0.12437;-0.73026;0.6637;0.47269;1.8855;-1.7271;0.58459;0.6062;-0.92177;-0.5507;-0.28308;-0.38711;-0.24618;0.13132;2.0539;-1.8779;-0.74967;-1.0197;-0.10663;0.28994
42;20.789;10.767;4.9815;4.5854;12.264;8.348;10.268;11.527;8.0733;8.0022;11.154;8.8957;12.426;3.7093;9.7005;5.563;3.8402;11.026;9.6755;3.2651;14.685;8.0502;2.9383;6.3225;27.991;6.7863;3.9938;6.4629;17.379;5.4804;5.4909;9.0052;7.537;11.038;10.034;3.3656;9.4441;4.6647;5.6497;3.8163;11.959;7.4266;8.0298;8.4191;15.882;6.5008;11.695;13.841;1.4075;0.028016;0.24299;0.55161;1.6611;1.4546;-1.2538;0.60868;1.2089;1.3268;-1.4597;-0.75068;-1.0083;0.33772;0.94209;-1.1032;-0.12803;-1.6058;1.1148;-1.245;-1.9567;0.61048;0.65775;0.31001;-0.19828;-0.36047;0.53213;1.4687;-0.81597;0.075622;-0.051113;0.26431;-0.30451;-1.0958;-0.27345;0.19282;1.1188;0.48461;-0.62396;-1.947;0.40212;-1.6986;-0.559;0.020579;1.0807;-0.60163;-0.18167;-0.20257
43;3.1648;10.685;6.1238;12.127;10.506;5.7161;6.7889;4.5916;5.2153;12.255;9.6036;9.8521;16.66;3.3368;6.0454;10.27;14.206;11.164;5.9628;7.8357;4.8301;4.0308;5.8915;8.8167;12.564;20.677;12.918;8.2808;9.4985;6.9272;5.5342;1.4778;3.2112;8.0304;6.6262;14.228;7.857;16.255;3.8818;12.017;4.1891;15.286;11.031;3.4651;6.6461;7.338;6.7386;14.87;-0.053459;-1.0891;-1.3362;-0.3311;-0.081808;0.39894;1.3888;-0.91506;-1.0158;-0.25239;-0.81186;0.13079;0.71611;0.81746;-1.5803;1.9353;-2.1357;0.31036;0.7272;1.1146;0.3236;-0.41926;-0.401;-0.40688;0.96656;-0.63215;-0.3605;0.3347;-1.4337;-1.0036;-1.4091;-0.47642;-0.87931;0.39914;0.42562;1.9443;-1.2855;-0.064722;0.57762;-0.75359;-0.93187;0.34935;-1.7359;-0.29541;1.3575;-0.07931;-0.40291;0.84219
44;2.4297;5.1979;4.2805;11.91;4.1105;7.3885;2.5514;8.398;3.5648;12.729;6.0104;6.4904;7.7389;17.421;9.0219;3.4995;0.41598;4.1886;5.3882;5.9124;7.9364;10.28;7.2695;10.234;17.826;2.9271;8.7352;11.739;17.748;3.8061;12.283;12.585;17.868;3.1864;5.3441;13.304;8.3;14.677;2.3465;4.5039;8.8993;17.65;8.2341;21.409;3.3128;2.7868;8.6844;13.79;1.1233;-0.27462;-0.81682;0.42107;0.75388;-0.80697;0.75373;0.45401;-1.3164;0.57233;-0.48647;-1.0633;-0.82772;0.39032;-1.1661;0.90102;1.4397;2.0887;-0.74301;-0.80622;1.8852;0.18353;-0.52926;-0.71928;0.19942;0.031094;1.6006;-0.51982;0.95413;-0.31884;0.39294;-0.86109;1.5915;0.27302;-0.97254;-0.95729;1.2573;1.5651;0.72454;0.18916;-0.43364;0.11643;1.3482;1.1465;-0.6246;0.53709;1.1508;0.38753
45;4.7333;6.3799;6.1244;9.2377;17.185;17.636;5.8204;5.3573;9.4606;7.6181;9.523;10.097;3.2296;8.1464;9.9881;15.523;5.848;4.4439;11.054;6.7769;4.2255;15.799;7.7608;9.2643;10.496;5.6146;5.2723;6.9791;6.6095;11.729;2.6225;7.8643;8.4047;8.2807;7.3848;8.8932;5.2739;8.6642;12.977;11.293;8.3046;5.4682;6.7538;12.988;6.0513;4.4292;12.491;20.365;-1.5661;-0.030628;0.40062;2.6894;0.7583;-0.35138;-0.065123;0.54233;-0.95278;0.97032;-0.01342;0.47666;-0.32709;-1.3661;0.028287;-0.055297;1.0482;-0.19783;-1.909;-0.052628;-0.017605;-1.0995;-0.72448;1.6325;-0.35435;0.13679;2.1486;0.54659;0.99283;1.301;-0.20104;-0.07386;0.62159;0.36606;1.2255;-1.2917;-0.94156;0.74948;1.0474;1.1186;-0.21369;-0.13115;0.17754;-1.0514;-0.78438;0.12282;-0.30366;-0.26555
46;3.7839;10.049;7.1292;5.325;11.018;21.703;9.6383;3.6633;19.31;9.0643;9.7798;13.548;15.05;2.7608;19.552;6.1932;6.2294;11.813;16.402;6.829;7.7333;3.7458;9.0414;8.9712;6.2792;3.9225;8.7432;9.5098;15.981;2.398;6.2972;11.467;6.4336;5.1632;13.606;13.084;13.606;5.7069;8.5637;5.1125;6.6934;8.1122;10.384;12.537;1.9866;5.332;19.013;9.2608;-1.3967;-0.19725;1.8352;-0.14107;-1.3534;1.9566;0.65108;0.10007;0.12495;-0.31955;-0.3833;-0.25348;0.16644;0.26647;-0.90846;-0.10972;-1.3497;0.38863;-0.060171;1.1986;-1.0346;0.0083864;-1.4042;0.82494;-0.42472;-0.54747;-0.28892;-1.245;0.93154;-1.0778;0.58568;0.51907;-0.52916;1.272;-0.41653;-0.42039;-0.27897;-1.0769;-0.21804;1.2034;-0.98637;-0.34908;-1.7774;-0.062716;1.3514;-1.2955;1.7551;1.0955
47;13.026;6.5755;2.3091;9.896;3.521;6.0841;2.9342;6.871;5.005;13.841;8.2423;6.8802;3.0875;9.1983;7.4563;12.919;3.6016;8.67;8.4972;4.7001;16.954;11.117;8.0235;7.4372;5.6709;10.746;5.1981;8.8147;3.7179;8.0888;13.926;1.7799;12.593;6.4461;11.907;12.175;8.3675;8.2494;10.039;22.436;7.0786;5.2593;6.1439;13.891;9.4686;8.0468;8.0681;16.848;-0.2038;-0.79262;0.34494;1.6798;0.74161;0.52681;-0.454;1.0574;1.6283;-1.0223;1.2041;1.6261;-0.52131;-1.2479;0.51398;0.71955;0.38061;0.22088;-0.88706;0.87539;-1.3562;-1.0219;0.57899;-1.2518;0.45055;-1.5975;0.50988;1.2432;0.85881;-1.5324;0.21;-0.0050107;-0.14097;0.023696;-1.3748;0.12807;-0.39759;0.80648;0.73629;0.12367;0.83517;0.47566;-1.8217;0.49203;1.0242;-0.4077;-0.88;-1.0976
48;5.7842;14.896;4.0159;4.4052;14.484;12.941;5.7623;9.6418;9.052;8.9134;11.301;7.8374;24.287;3.4763;12.484;9.7493;8.0552;4.5278;6.4043;10.938;7.1079;2.5893;11.607;6.7668;4.2639;7.4063;14.496;16.054;16.072;8.3853;12.129;11.942;4.348;8.3577;13.276;6.0977;18.549;9.8053;3.4568;6.6101;12.47;14.318;18.006;4.1494;3.7129;7.1359;16.349;9.4543;-0.072194;-0.26238;-0.37893;-0.73289;-0.47233;-0.011172;0.21277;0.22699;1.0552;0.27482;-0.44112;0.49891;-1.0985;0.59381;-0.65577;0.89989;0.25065;0.20727;-0.10643;0.92058;-0.3592;-0.63292;1.3979;1.4107;-0.93994;0.85;-0.65279;-1.7586;0.022754;0.89195;0.18697;0.67803;0.21776;0.26791;-1.197;-0.28396;-1.3228;-0.6867;-0.073761;0.43132;0.94673;-0.51241;-0.46626;-1.2784;0.49565;0.9279;1.0196;0.13872
49;2.9293;4.7522;9.8584;8.0152;3.2985;16.164;21.535;14.065;6.6317;5.4219;2.5099;8.6575;12.072;9.1741;4.8116;5.3051;8.4648;3.7029;8.0567;4.3846;13.648;12.13;3.7786;13.384;4.4448;10.479;3.6389;8.0166;7.6777;11.811;7.1373;11.557;5.5418;4.4275;2.1385;9.2422;8.2943;11.503;2.5039;9.9378;4.9379;8.2826;12.138;7.9494;9.1727;11.586;7.0403;5.9723;0.18818;-1.5048;-0.074401;0.092615;1.3364;0.26198;-1.1577;1.3318;-0.68555;3.3306;0.17909;1.2393;-1.2835;0.43825;-0.79036;-1.2704;-0.045451;-0.036377;0.70867;-1.3623;-0.89592;1.596;-0.17949;-0.68188;-0.5488;-1.4849;0.3687;0.2482;1.7492;-0.057773;0.60448;0.41936;-0.72456;0.74341;1.664;0.37401;0.068998;-0.89556;-0.027991;0.077259;0.84145;-0.26081;1.8711;1.5937;0.5684;-1.2792;-1.1092;0.83547
50;6.6481;9.2031;10.646;9.3445;3.1045;10.411;4.7975;6.5688;2.8579;4.7188;8.9537;7.1306;12.935;10.387;9.8255;12.013;6.3098;4.788;7.2743;12.589;9.721;20.198;10.011;14.72;13.284;2.0763;7.5478;9.197;6.9064;8.682;7.3617;2.9177;12.435;20.62;7.4763;9.7938;9.4103;8.9695;11.238;16.981;12.2;4.8361;5.4144;12.988;9.3403;11.884;16.828;9.5921;0.63218;-0.45328;-0.60547;-0.18975;-0.14425;-0.57462;0.43615;-0.011511;1.4763;-1.6731;-1.1738;-0.19824;0.59379;-1.4806;-0.43874;2.0379;0.8773;-0.90808;-0.79059;-1.6538;-0.11801;0.22283;1.415;1.8811;0.29881;0.44775;-0.40699;-0.26645;-0.59036;0.03174;-1.2319;1.2669;0.58431;1.6981;0.83861;-2.4284;-0.41168;0.37624;0.87513;-2.0506;-0.66976;-1.0428;-1.7938;-0.90078;0.038887;-0.08405;0.63787;2.1705
normalized population
1;-0.8262;-0.91728;-1.0349;0.29432;-0.60414;-0.27987;0.93208;0.64468;2.402;-0.12357;-0.79244;-0.069566;-0.79946;-0.8821;-0.45264;-0.79597;0.092823;0.12642;-0.57568;-0.76773;0.057679;-0.83472;-1.3157;-0.39473;-0.14988;1.253;0.12441;1.4316;-0.1483;-0.66461;-0.62961;-0.8785;1.2457;0.2695;-0.39261;0.40716;-0.96583;-0.47191;-0.41589;0.24027;-1.2081;-0.83424;-0.076641;-0.41008;0.011748;0.47979;0.0078973;-0.15975;-3.3629;0.79483;-0.19074;0.9287;-1.1855;1.0846;0.26818;-0.61444;-0.36369;-0.70941;-0.68786;-1.1246;0.097483;-0.65636;-0.50284;1.6614;0.41305;-0.60897;0.11729;-0.67414;-1.7549;-0.54349;-0.11157;-0.96919;-1.126;0.78808;-0.10842;1.3659;0.38663;-1.6158;-1.4638;0.50942;0.53918;1.0282;0.31957;0.061318;-2.2197;1.2329;0.15581;-0.3663;-0.73458;0.43545;-0.28914;-1.2761;-0.9541;-1.7224;-1.5909;-0.32525
2;-0.44451;0.86107;-0.3421;0.21612;-0.61381;-1.5898;0.0068795;0.72514;0.10928;1.8812;-0.1118;0.28728;-0.87271;-1.1361;-0.50453;-0.59291;-0.49547;2.2129;1.3632;-0.64162;0.20956;1.3295;1.5999;-0.14119;-0.57287;-0.29489;-1.1754;2.2687;0.4613;0.2193;-1.0826;-0.80261;0.60964;0.75357;-1.1526;-0.0010102;-0.72414;-0.45607;0.65761;-0.52945;-1.3262;-0.5186;-0.75663;-1.2467;-0.94752;-0.58987;-0.67488;-0.73533;-1.2101;0.54751;0.52804;-1.8527;0.87695;0.0077961;1.4297;-0.56433;0.58286;-0.54834;-1.334;-1.2715;-0.1038;1.3495;0.004714;-0.61113;0.62984;0.35465;-0.48494;0.56939;-0.18885;-1.0888;1.7124;0.78085;0.76959;1.8406;-0.71492;-0.044721;1.2837;1.094;1.9281;-1.3924;1.4956;-0.89503;0.84204;-0.78624;0.41947;1.6589;0.024803;1.256;1.0868;1.0117;-0.32447;0.50457;0.20746;-0.82526;0.51628;0.21821
3;2.2216;-0.81972;-0.78408;-0.44895;0.35784;1.1875;-0.046411;-0.61155;1.6437;1.5629;-0.51086;0.65513;0.28236;1.1973;0.23825;0.43648;-0.23197;0.092037;0.82716;0.06556;0.29267;-0.37988;0.67635;1.3961;-0.83019;0.44496;0.88377;-0.12324;-0.61442;0.36661;-0.46987;-1.2463;1.2015;-0.075515;1.2347;-0.37896;0.77332;0.90067;-1.046;-0.73253;-0.38241;0.32108;0.66623;0.17581;-0.4599;-0.58356;-0.063338;-1.1273;0.70744;1.1651;-0.98586;-0.96923;0.62489;-0.53817;-0.73852;-0.87199;-0.46333;0.55425;-1.4982;-1.1519;0.42282;0.57043;-0.34727;-0.66519;-1.7628;1.2616;0.96202;0.67229;-1.6105;-1.6274;-1.0493;0.88156;2.2831;0.17365;0.011734;0.15868;-0.6897;-0.012864;-0.73322;-0.76149;-0.66295;0.72822;0.12917;-0.11303;1.0356;0.033778;0.16211;-1.2041;0.55516;0.35671;-0.29847;0.94228;1.4626;-1.9813;-0.12975;-2.7687
4;-0.16111;-0.80816;-0.56568;1.1293;0.34727;1.8593;0.6624;-0.38368;0.30351;-0.46265;0.19161;-1.7241;-0.40291;3.9592;0.49404;0.9475;7.9953E-05;-0.53467;3.1568;1.232;-0.77458;0.39065;2.232;1.6455;-0.020238;0.48991;0.41087;-0.62564;-0.26869;-0.27053;-0.26993;-0.1418;4.6496;0.1381;-1.2937;0.50093;-1.2073;-1.7581;0.50803;0.52149;1.5859;1.7389;-0.66563;0.50508;0.90323;-0.35794;-0.76212;0.79379;0.21719;0.8602;1.3604;-0.10613;-0.21941;1.0799;-1.0719;-0.75782;-1.1503;-0.89895;-2.2849;0.41055;0.087871;-0.019507;0.40215;-1.0437;0.89606;0.18565;0.55007;-0.24457;-0.99845;-1.3365;0.39624;0.47991;-0.37534;0.12414;-0.84134;-0.62182;-1.5831;-1.0571;2.5077;-0.97379;0.21008;1.585;-0.30051;0.57346;-1.1286;-0.076271;1.2776;0.78544;-0.62054;-1.2171;-0.2816;0.37274;0.54869;0.38139;0.39714;-1.5285
5;0.13658;-0.090534;-1.2827;-0.74286;0.61672;0.19719;1.1121;0.085532;-0.033325;0.2018;-1.2601;2.1405;0.4486;-1.1143;1.0795;0.55323;-0.2402;1.1773;-0.61342;-1.3607;0.97152;-0.046492;-0.90961;-0.62522;0.094429;-0.33325;1.7629;0.63909;0.67399;-0.91525;-1.6053;-1.3965;-0.87203;-1.2002;1.3137;-0.37568;-1.1937;-0.20087;0.99369;-0.13664;-0.88872;2.5691;-0.77384;-0.79413;-0.0065927;1.7855;-0.79045;-0.3953;0.36781;0.34349;-0.5074;0.40986;-1.6381;-0.47226;0.10579;0.19334;-0.21966;-0.20418;1.3247;0.40489;-2.8611;-1.1437;0.27892;0.90011;0.64216;1.0925;2.0564;-0.21506;-0.18268;1.3376;-2.8887;-0.9516;0.37663;2.0314;0.67904;-0.44131;-1.2826;-0.27799;0.57146;-0.89679;0.029584;1.327;1.914;0.11462;1.2284;0.20317;0.2664;-1.3536;1.3979;0.010711;0.42967;-2.3386;1.5781;0.79639;0.021875;0.5305
6;-0.39774;0.22497;-0.54419;1.2852;-0.96298;-0.67143;-0.25881;0.96295;-0.55007;-1.2226;-1.0691;0.53333;-1.0416;-1.0239;0.11806;-0.97255;-0.0482;-0.019565;-0.45089;1.5747;-0.15478;-0.59875;-0.89334;0.95035;2.65;0.063574;1.2612;-0.66509;-1.159;0.93718;-1.0104;0.63135;0.1383;-0.039618;0.92174;-1.3593;2.3669;0.34756;1.0729;0.81077;-1.0313;-0.45834;-0.70449;0.53037;0.33427;1.6649;-0.15359;-0.4007;-0.74993;-0.24433;1.2938;-0.85116;1.2688;-0.044898;-1.311;-1.4584;1.3666;0.044701;2.2016;0.24725;1.1459;1.5644;0.35034;-0.66227;0.39423;0.79381;-0.58017;-0.34407;-0.20292;0.11676;-0.71142;-0.27969;0.2117;1.3137;-2.0092;1.0039;-2.06;1.0399;-1.1413;-0.20213;-0.58645;-0.18999;0.39016;-1.7596;0.7328;-0.96942;-0.1552;1.2698;0.71084;-1.4665;0.98809;0.58791;-0.22516;-2.4403;-0.25062;0.80844
7;-0.30932;-0.50861;1.0556;-1.0835;1.7396;-0.60621;-1.289;-0.14045;-0.31277;0.26452;-0.46407;-1.6186;1.1511;-0.99524;1.7665;0.36561;0.097489;-0.23548;-1.0049;2.012;1.7596;-0.041068;0.3894;0.57357;0.12369;-0.2155;-1.0607;0.22372;0.27956;-0.55958;-0.067311;1.0934;-0.26428;-0.58027;-1.1599;-1.1575;1.873;2.882;-0.98443;-0.22422;-1.3527;0.26575;0.91868;-0.051794;2.3839;1.349;-1.0043;1.3923;0.27258;0.97183;1.2456;-1.0738;0.082019;-1.5891;-2.3741;-0.64891;1.4314;0.32059;-0.26976;-1.0863;0.48236;-0.233;-1.2417;-2.2723;1.6391;0.88231;2.1299;-0.94524;0.55975;0.86075;0.2852;-0.78082;0.53008;-1.2725;-1.1885;-0.58484;0.14396;-0.33543;-0.2172;0.86327;-2.2692;-1.9497;-0.29982;-0.20886;-0.51793;-2.064;1.0479;0.1811;-2.089;-0.53704;1.0272;1.0335;-1.0706;0.27304;-0.81046;-0.53792
8;-0.72705;-0.17472;0.55871;-0.1555;0.45296;-0.78992;1.5426;-1.3786;0.59529;2.7044;-0.27225;2.191;-0.43318;0.56373;-0.27814;-0.3198;1.711;1.4025;0.082888;-1.6547;0.62471;0.62753;1.3809;-1.0295;-0.8097;-0.67238;-0.56324;1.2284;-0.19;0.66247;2.7142;-1.0913;0.52305;-0.76918;-0.13059;0.91912;0.18129;0.16895;-0.15089;-0.4776;0.63772;1.6735;3.5527;-0.42377;0.81575;-0.8986;-0.25462;0.3137;0.75637;1.8195;-0.26497;-0.46853;0.96345;-0.75022;0.48754;1.2474;-1.4604;-1.1624;0.11703;2.0871;1.3312;-0.66523;-0.63985;0.94373;0.27276;0.99215;0.52831;1.1251;0.55954;1.6031;-0.3052;-0.018631;1.446;-0.55427;-1.0085;0.44802;-0.61121;-0.074486;-0.82836;1.1226;-1.2061;0.4336;0.31326;-0.020755;-1.046;1.7917;0.80324;0.79046;1.7664;-0.51571;0.78056;0.62091;1.763;0.95368;0.71358;-0.28748
9;1.7994;2.3421;-0.436;-0.56634;-0.20727;-0.64493;0.5717;1.4523;3.3149;-0.86006;0.00061623;-0.38513;-0.1798;0.52532;-0.026305;0.50989;0.75092;-1.5495;-0.54124;0.26008;-0.72004;-0.99791;3.3243;0.71706;-0.69196;-0.64678;-0.12936;1.6598;-1.1093;2.6455;0.33034;1.23;0.45487;-0.37155;-0.04277;1.6944;-0.027522;-1.5817;0.43442;-0.0058493;0.43353;-1.0366;0.70764;1.2207;-0.47019;0.73368;-0.96879;1.0108;0.43215;1.2153;-1.8035;1.0337;-0.59627;-0.70129;0.22211;1.3154;0.12517;0.2002;0.7976;0.61471;-0.69844;0.37906;-0.89283;-1.4824;-0.74208;0.27494;-0.039831;-0.73283;-1.278;2.0627;0.52419;0.65737;-0.65513;-0.94469;-1.479;-0.47926;-1.4461;0.87691;-1.1447;1.2397;1.0569;-0.11644;-0.98543;-0.5426;0.61255;-0.46392;-2.3187;-0.50346;-0.16966;0.15914;0.30138;0.11111;-0.79165;-0.49075;-2.8314;-0.12251
10;-0.80632;-0.67598;-0.22714;2.0405;-1.6406;0.32673;-0.097977;-0.46947;-0.76919;0.47033;0.57199;0.046529;1.457;-0.39944;-0.73167;-0.5844;-0.52522;-0.48207;2.7156;-0.24258;1.8632;-1.1911;-0.55788;-0.39166;-0.92326;1.1839;-0.81008;-0.61683;-1.1677;1.2393;0.80557;0.62093;-0.39739;-0.52946;1.219;-0.86723;-0.29383;-1.4145;-1.2134;-0.27962;-0.067629;-0.6648;-0.99084;-1.1167;1.9278;0.32338;2.0798;-1.0515;-0.57905;-0.38237;-1.9774;-0.33363;0.58357;-0.9302;0.19717;0.97966;0.59565;1.0613;-0.33735;-0.46143;1.0752;-1.602;1.8957;-0.89243;0.29639;-1.9785;0.23684;-0.77207;2.6217;-0.84869;1.126;1.6623;-0.40128;0.24982;0.73193;-0.21088;0.54063;-1.8686;1.1248;0.53233;2.3085;0.61634;-1.9979;0.41552;-0.4325;-1.1005;0.0080724;-1.0058;0.24473;-1.1042;-0.7231;0.28854;0.13519;0.30995;-2.7586;0.96947
11;0.82603;0.17417;-0.09516;-0.85944;0.087601;-1.1862;-1.1856;-0.68453;0.52634;-0.54466;-1.0547;-0.45285;1.4089;0.42692;-0.40238;-0.87241;-0.45502;-1.1199;-0.38982;-0.29001;-0.69015;-0.1599;-0.42996;-0.75451;-1.0751;0.36231;1.8036;0.23629;0.88776;-0.74429;0.41331;0.42564;1.1084;-0.029936;-0.75319;-0.41975;-0.11367;1.716;-0.65481;0.44277;-0.3804;-0.14395;-0.80927;1.6189;0.1506;1.104;-0.38285;0.23058;0.18558;-0.53105;0.296;-0.54169;-1.0607;1.1688;0.25885;-1.3931;0.083217;0.70536;-0.33967;0.89123;0.52472;1.3085;-0.80419;1.5743;0.093811;-1.7742;-0.079819;1.0266;-0.56622;1.5262;-0.96594;-0.42595;0.25032;-1.0217;-0.38166;-1.397;-0.29641;-1.6947;-0.51468;-0.32762;0.32375;-1.1888;0.57535;1.9972;-1.1258;-1.1272;1.1105;0.66624;-0.64108;0.216;0.59831;-0.39637;1.3579;-0.72527;0.60669;0.88328
12;-0.93159;0.017483;-0.67103;-0.33223;1.5773;-0.22915;-0.89971;1.2144;-0.25802;1.5032;0.1151;1.7382;1.441;-0.54518;0.2901;-0.48545;0.40619;0.42528;-0.65229;1.9518;0.016846;0.67161;-0.66766;-0.088245;0.21808;0.44772;-1.0221;-0.76925;1.9686;1.771;-0.66422;0.36738;0.74396;-0.52251;0.0065619;-1.1811;-0.19581;-0.66439;1.0568;0.8628;-0.35148;-0.95854;1.4024;0.3556;-0.84461;0.61027;-0.96534;0.32879;1.1797;-0.068496;-0.28878;0.28937;-0.86843;-1.1219;-0.39777;-1.0935;-1.6943;-0.59009;0.54192;-0.31001;-0.19506;-1.6554;-1.3563;-0.79042;-1.0147;2.192;-0.51899;-1.3202;-0.5852;-0.19578;1.0426;-0.1247;0.95338;0.69819;-1.142;0.35;0.90695;-0.84865;-0.20793;0.017686;1.7337;-0.88427;0.75603;0.44349;-0.49273;0.25221;-0.78537;-0.58838;-1.6578;0.4175;-1.5409;-0.81884;-1.1418;-0.39471;0.40853;0.35553
13;1.3687;-0.81593;0.77818;-0.67485;0.82293;-0.65964;-0.76864;0.079856;-0.80385;0.83072;1.063;-0.18241;-0.39386;1.5518;0.52665;-0.050115;-0.85079;0.20739;2.22;-0.82501;-0.2331;2.489;0.60939;-0.69489;-0.056835;-0.35827;-1.0496;-0.77305;-0.15679;-0.63183;0.38016;-0.16093;-0.035637;-1.1567;1.2701;-1.1589;-0.33853;-1.7763;-0.97655;0.12051;0.18276;-0.82772;0.49792;0.041399;-0.033409;-1.1992;-0.92654;-0.3177;0.10683;-1.6152;0.47055;-1.1558;-1.3334;1.24;0.8878;1.8219;-1.3834;0.35344;0.7424;-2.2631;1.8685;1.5152;0.97309;0.95522;1.1586;0.73824;-1.6941;-0.18483;0.30103;-0.029086;0.77748;-3.0261;-0.92216;-1.6933;-1.4501;1.1955;0.60963;0.028268;-1.1366;0.27094;-0.016658;0.017088;-0.032957;-0.18806;-0.33164;-1.5514;0.33721;-1.0153;0.053171;0.083392;-1.3939;1.8216;-0.78005;0.99364;1.1286;-0.30449
14;-0.38605;1.0476;2.4388;2.1681;-0.64894;1.9936;-0.36428;2.472;1.7622;-0.16322;0.37697;0.46282;0.98424;-0.34655;0.40364;-0.85838;0.84355;-0.43124;1.474;1.0993;-0.68993;1.8578;0.1329;-1.7309;0.2172;-0.91975;-0.099254;3.1653;-0.49933;-0.89256;-1.6167;-0.76716;-1.1654;1.1938;-0.64794;1.6252;0.50353;-0.65923;-0.18145;0.36633;-0.79929;-0.89083;0.4722;0.61532;-1.2039;-1.0477;0.3975;-1.7466;0.89458;1.1802;0.58036;-0.094995;-0.026984;-1.4502;-2.3191;-0.70751;-0.84987;1.0777;-0.58315;-1.4678;0.29937;1.4868;1.085;-0.7668;-1.5304;-0.10764;-0.57268;0.3766;-0.43415;0.72809;0.13564;-0.045392;-0.13508;1.6203;0.5692;0.46161;-0.21689;0.86597;1.2183;-0.34329;-0.79998;0.19472;2.2915;0.91411;1.6081;-0.16999;-0.4142;0.75822;0.67037;1.0059;0.46567;-1.3276;-0.97349;2.243;0.40906;0.5501
15;0.90803;-0.085592;-1.188;-0.38828;-1.8172;-0.87713;0.027709;-0.3179;-1.0505;-1.6773;-1.0765;-1.389;1.2839;-0.57174;-1.6345;-0.98707;1.2068;-1.1942;0.025106;0.11228;-0.55266;0.096483;-0.77443;-1.0261;-1.2923;-0.20578;-0.33606;0.58819;0.11812;-0.60962;-0.48339;-1.2753;-0.35306;0.80028;-0.1507;0.51158;-0.5783;-0.52767;1.3905;-1.4595;-0.60577;-0.99521;-1.4849;0.99023;0.28793;-0.52859;-0.96337;-0.070912;-0.42462;-0.74152;0.71349;0.52678;-1.9239;-1.8643;0.10714;0.88597;1.232;-1.7697;0.23059;1.7155;-0.81349;0.59057;0.48173;-1.0923;-1.3815;0.2162;0.027748;1.4992;0.028068;1.45;0.065313;-0.016508;-2.2823;0.090917;0.82975;-0.34663;0.007936;0.85153;-0.15569;0.60283;0.38144;-0.01616;-0.70176;-0.32582;-1.1263;0.66707;-0.76973;-0.13343;1.0736;0.84498;-1.9143;-0.84284;0.56609;1.2151;-0.46271;-1.0011
16;-0.29102;1.4255;-1.3713;0.216;-0.045413;0.91103;1.0395;-0.17743;1.6632;0.33212;1.6088;-1.0736;0.21304;-0.61997;-1.1631;-0.36479;2.2036;1.4761;0.18011;-0.38234;-1.0037;-0.36717;-1.6957;0.74249;-0.12283;-0.6957;2.9433;-0.39325;0.033333;-0.33065;0.11483;-0.82536;0.31456;0.27099;-0.81388;-0.2331;-0.39562;0.13654;-0.72673;-0.7553;-0.082786;0.36515;0.44159;0.35662;0.69779;-0.3847;1.4375;-0.87557;-0.1809;0.6007;0.42349;0.36752;-0.92788;-1.7626;-1.083;0.24591;-1.2953;1.2814;0.84934;0.88232;-0.82476;-1.5486;0.031677;-0.30349;-1.0453;-0.066886;-0.34502;-0.3663;-1.7661;-0.38672;-0.78953;1.089;-0.66802;0.29304;1.8079;-0.68927;0.20117;-0.44267;0.85189;0.25294;-0.65974;0.84377;-0.16131;0.32967;0.45268;-1.1542;-3.1751;0.65084;0.90842;0.32966;0.82029;1.4702;-0.83099;-0.29054;-0.13981;-0.38368
17;0.12013;0.098834;0.4496;0.71017;1.3752;0.033285;-0.49912;-0.14621;-0.49295;-1.1862;-0.28466;0.11182;-0.6673;-0.46691;-0.18467;0.83195;-0.79811;-0.026322;-0.75853;0.89552;1.7526;-1.5311;-0.43409;-0.77207;-0.62078;1.0475;-1.0895;0.54156;-0.95727;0.044283;-0.31036;2.9021;-0.13216;-0.95818;1.1406;0.88335;1.2206;1.2586;0.16669;-1.1975;0.14625;1.447;-0.31931;0.57675;1.4592;-0.3308;0.62233;-0.80728;0.83863;0.39212;0.83201;0.057586;-1.6882;1.4403;-0.2238;0.19064;2.0931;0.51745;1.1645;1.4166;-0.3957;0.48211;1.0953;0.69013;0.12525;0.62566;-0.70639;1.6947;1.045;0.2335;0.33086;1.7456;0.44758;1.3028;-1.0339;-2.161;0.45206;0.47104;-0.2329;-0.14882;0.83409;-0.044537;-1.1742;-0.35721;0.070796;1.0955;0.57803;0.41845;1.374;-1.477;-0.0054037;-0.75128;0.26385;-0.74484;-1.0685;-0.030024
18;0.42771;-0.31649;-0.92354;-0.59897;-0.21017;0.22165;2.2208;0.44172;-0.52134;-0.28005;3.0685;-0.59197;-0.9054;0.32716;0.34557;-0.89438;-1.2798;-1.2028;-0.64936;1.0527;-1.6796;-0.77356;0.34512;-1.0515;-0.45468;-1.2604;0.65998;-0.29929;-0.485;0.65317;-0.27348;0.6609;-0.31032;0.2059;-1.1109;0.91183;-1.0618;0.61361;-0.7948;-0.95725;-1.5662;1.1807;-0.65624;-1.0892;2.0609;-0.11482;1.0388;-0.65195;-0.4494;-0.31616;1.0025;-0.67492;0.1823;0.52801;0.051747;-0.33406;-0.21242;-0.96702;-0.83381;0.89399;-1.2609;1.0168;-1.983;-0.65689;0.17754;-0.18914;-0.04217;1.6565;0.91689;-1.2354;-1.1753;0.40347;2.3067;-1.5581;-0.62686;0.55004;1.1859;0.16668;-0.21321;-0.76149;-0.54794;-0.59085;-0.24117;-0.49428;1.5818;0.98209;1.7483;-1.2463;-1.2955;-1.3548;-0.30405;-1.5881;-0.32471;1.0919;-0.15736;0.36381
19;-0.39164;0.11655;1.7455;-1.2725;-0.86419;-0.2605;-0.76671;0.16295;-0.11788;-0.34635;0.89625;-1.174;-0.58267;0.24314;0.77632;0.12482;0.29434;-1.1452;1.5292;1.7092;-1.1282;0.24918;0.58199;1.0274;0.34799;-0.98691;-0.96791;-0.52392;1.3559;0.73591;0.31751;-0.58623;-0.58805;0.031927;-0.093111;0.82552;-1.5936;-0.19529;-0.027666;0.60038;-1.3596;-0.92879;0.21817;0.03724;1.3636;2.2409;0.48564;-0.061483;-0.13772;1.0652;-0.10821;0.64388;1.1436;-1.2777;1.0703;1.1687;0.53315;-1.2377;1.1766;1.6315;1.0608;-0.64157;0.76097;0.76493;-0.16569;-0.62155;1.4956;-0.098066;0.54912;-1.4894;-0.38958;-0.23252;0.14162;-0.40942;-1.1302;0.29407;2.3386;0.47096;-0.57031;-0.66321;0.099007;1.248;0.29767;0.65104;0.86042;1.8621;-0.29282;-0.2305;-1.4717;0.27094;-1.6655;-0.79969;0.2479;-0.48796;1.1387;-0.81321
20;0.065575;-0.37724;0.65249;-0.80199;-0.18835;-0.41019;-0.97386;-1.4593;-0.22361;-0.052043;-0.22969;-0.28949;0.70497;-0.2756;0.18548;2.2014;0.18641;0.74583;-0.57374;2.2693;0.83064;1.6654;0.1515;0.36242;0.60787;0.28352;1.086;0.50716;-0.56046;-0.40391;-0.70395;-0.4878;0.66562;-0.24003;0.07239;0.75646;-0.70596;0.26378;1.1523;-0.22037;-0.46868;0.99652;0.14581;0.46795;-1.3261;1.1879;-0.84873;-1.3312;0.36818;0.27048;0.70814;0.9386;0.090754;-1.6626;-0.34407;-0.25308;0.47987;0.42011;0.43242;0.34282;0.047158;0.36923;-0.95717;1.0922;0.68694;1.3578;0.75857;1.4735;0.59981;0.4431;0.98663;0.90175;-0.12114;-0.48116;0.47299;1.0481;-1.3262;1.1498;0.30003;-0.026149;1.3558;1.6763;-1.628;0.29061;-0.31568;0.95259;-0.97086;0.86572;0.30257;-0.20675;1.0028;0.64629;1.3083;-1.9987;1.2272;1.3175
21;-1.2418;-1.7339;0.59937;-0.1898;0.94915;-1.0093;-0.52273;-1.2993;-0.98572;0.70004;-0.47771;-0.40098;1.5442;-0.74666;-1.3473;-1.7237;0.88145;-0.44075;0.068301;1.1449;1.8939;-0.40486;0.0065214;0.028166;0.84802;-1.2299;0.88004;1.0184;1.5274;-0.30425;-0.30976;-0.92966;-0.87128;-1.0144;0.49037;0.17354;2.7913;-0.55384;-0.89296;0.64664;-0.49009;-0.86716;1.6255;-1.3796;-0.65326;-0.9999;0.91481;-1.05;1.9401;-0.64214;0.76528;1.9241;1.926;0.86852;-0.40111;-0.25688;-1.1758;0.74904;0.017873;-0.68028;-1.3903;0.98658;1.1962;2.4431;0.81643;1.4879;-1.314;1.2676;0.45886;-0.87051;-0.84654;0.2006;-0.17096;-0.6815;1.2128;0.85453;0.88228;-1.3247;1.4142;1.5367;-1.601;0.10774;-0.89021;0.55553;0.28277;-0.12413;-0.43553;2.5267;-0.057861;-0.22205;-0.099874;0.66993;0.1649;0.60802;-1.2469;1.0906
22;-0.8632;0.0070452;0.44142;-0.29548;-0.21595;-0.7251;0.6016;-0.0019414;0.05287;-0.20314;1.0091;-0.93123;0.062261;0.70841;1.1229;1.5333;-1.049;0.096287;-0.59719;-0.38321;-1.6705;-1.431;0.2399;0.80766;0.017226;-0.65341;0.23501;-1.6026;1.3607;-0.12901;2.3027;-0.91848;-0.20811;-1.0514;0.15678;-1.381;-0.33549;-0.97461;1.0207;-0.29601;1.0266;0.3602;-0.15631;-0.82272;-1.36;-0.17172;-1.4454;-0.74095;-1.3317;-0.57268;0.035437;-1.6267;0.20694;-0.53151;-0.98355;0.25535;0.14121;-1.5616;-0.15109;-0.7249;0.09012;0.2388;0.15167;-0.13176;-2.1617;-1.4661;-0.77599;-0.69626;0.17936;-0.16429;0.38453;0.71246;-1.6305;0.49611;1.2599;0.51852;1.528;0.70608;-0.050159;-1.5463;-0.47684;-0.3715;0.79271;-1.5854;1.7318;0.59179;0.81004;0.92799;-1.5531;0.99088;1.1316;-0.35606;0.44555;-0.49915;-0.89315;-0.1824
23;0.49613;0.40796;-0.19215;-0.42421;-1.4056;1.0691;-0.84618;-0.30094;0.93103;-1.72;-0.28538;0.21741;-1.3864;0.10141;-0.49031;1.7097;0.35742;1.3734;-1.0262;-0.69248;-1.0024;-0.66577;-0.97725;-1.1418;2.3585;-0.15202;1.5972;0.07152;-1.1852;-0.048069;-0.42156;0.55547;-1.0831;-1.5268;2.1013;-1.5585;-1.188;0.781;-1.3465;-0.3369;0.78206;-0.85328;0.95354;-1.0504;0.34745;-0.53421;-0.18727;-0.36667;-0.67541;-1.4381;0.066464;-1.523;-0.35713;-1.0631;2.7814;0.30491;-0.3405;1.1179;-1.1879;-1.559;0.25825;-1.2362;0.96648;0.7206;-0.63284;-1.0172;0.84019;-2.1497;-1.1629;-0.81988;1.2513;-0.091018;-0.65544;0.33932;-0.85761;0.8069;-0.25785;1.4664;-0.68373;1.0306;0.507;-0.29792;-0.056159;1.6025;0.48096;1.0374;-0.97761;-1.0953;-0.19723;-1.0596;-0.078973;2.2458;0.56613;-0.58172;0.20062;1.7811
24;-0.70902;-1.2059;-0.46834;-0.18233;-1.2542;-0.93783;-0.33288;2.0543;-0.54005;-1.1079;0.18769;-0.18488;-0.52882;0.33539;-0.42356;-0.57065;0.56659;0.25534;0.52375;0.23193;-0.0025879;-0.22856;0.1295;-1.5062;0.1242;-0.77107;-0.56075;-0.94827;0.59654;0.76838;1.5426;-0.46267;-0.69092;1.9011;-1.2941;-0.80659;-1.7193;-0.80499;1.2395;2.9769;0.99959;-0.70527;2.6211;-0.27069;0.45193;1.4883;-0.11297;-0.5001;1.2381;1.0396;-1.8797;0.12715;0.47561;-0.43417;0.97064;-0.17795;-1.2723;0.69352;-1.4248;-1.0711;-1.1918;1.4042;0.59642;0.088086;1.4716;-1.6113;0.46943;0.29614;1.4196;1.0674;-0.40354;0.4057;1.1378;-0.20771;-0.17896;-1.8406;-0.38617;-0.39888;-0.27631;0.97644;1.6474;0.52553;0.86494;-0.4949;0.54808;-2.3176;-2.0626;-1.3751;-1.221;0.0029424;-0.80482;0.62546;0.27924;0.20259;0.76615;0.57199
25;0.86687;0.30036;-1.581;1.4401;-0.99281;-0.99032;-0.88971;-0.46877;0.011797;1.0715;-1.0627;1.6762;0.42087;0.18473;-1.0402;-0.3299;-0.3307;0.039688;-0.65267;1.2565;-0.91499;-1.3375;-0.57818;0.25421;-1.0207;0.27222;-0.93953;-0.84684;-0.33124;1.9587;-0.045595;0.99711;-0.68671;-0.55793;-0.42436;0.20401;-0.26477;-0.75845;-0.64157;-0.73713;-0.38048;1.4104;-0.56068;-1.5;0.32;2.3003;-0.80947;-1.0537;-1.2166;-1.2087;-0.63199;-1.7111;1.2688;-0.20115;0.74294;-2.1525;-0.12017;-1.4282;-0.72866;0.89761;0.85083;-0.63104;0.27774;0.53076;-0.47464;0.22823;1.1623;0.678;1.3691;1.6204;0.69494;1.0315;-0.48025;0.94379;-0.45831;-1.1688;-1.3333;0.27908;0.097071;-1.7631;-0.1829;-0.77524;-0.71033;0.52083;0.96263;0.4941;-0.17829;-0.9537;0.77943;1.4554;-0.57853;-0.7354;-1.9741;0.18643;0.55977;0.066552
26;0.056589;-1.4941;0.59497;-1.2075;-0.13549;0.392;-0.93781;-0.046719;-1.0579;-0.081067;-0.21903;0.35545;-0.39563;1.2798;-0.23793;2.9054;2.1684;-0.76693;-0.4532;0.032092;0.3794;0.030935;-0.34112;-0.41128;0.74355;-0.74443;0.37769;-0.10267;0.055798;-1.0053;0.87236;0.13049;-0.49027;0.020306;-1.3297;-0.51097;-0.82086;-0.51671;0.23771;0.1753;1.0727;0.41896;-0.81606;1.0613;-1.2087;0.75502;-0.85092;1.2281;0.56978;-0.80371;1.4414;0.56509;2.3711;0.28034;0.058297;-0.3756;-0.50405;0.24949;1.468;-0.89784;0.04258;-0.77855;0.77342;1.9581;-1.3205;0.19549;0.11839;0.31705;-0.23407;0.42374;-1.3125;0.53451;0.57508;-0.96025;-0.13181;2.4307;-1.1343;1.3408;0.82273;-2.3827;-1.1862;-0.027118;-1.9503;-0.34425;0.59465;1.3275;-0.6288;0.47382;-0.099747;-0.09949;0.54033;0.83307;-0.11797;0.95757;-0.81447;1.0296
27;0.3689;0.73859;-0.10984;-0.76627;0.11921;1.8385;-0.70247;-1.3915;-0.27042;0.36496;0.0074744;0.74004;-0.90561;0.57344;3.203;0.35635;-0.44031;-1.4283;-0.21724;-0.6146;-1.5736;-0.9508;0.47354;-0.53105;-0.13674;-0.79262;-1.0666;-0.55272;-0.79286;-0.78361;0.28713;-1.2439;-1.2105;0.05318;-0.12348;2.008;0.74917;0.7202;-1.4888;2.2901;0.25952;0.70034;-0.77077;0.59308;2.1265;0.43082;-1.7305;1.3487;0.87861;0.040282;1.711;0.80204;0.74051;-0.92174;-0.026572;-0.92268;-0.45077;1.9865;0.54571;-0.25765;2.9256;1.3497;-0.48735;0.17828;1.221;0.9244;1.1912;-0.15952;0.64096;0.61665;-0.83891;-0.095239;0.67935;-0.47608;1.5921;0.59768;0.92528;1.0423;0.42555;1.6732;-0.652;0.15868;0.85136;-0.46714;-1.1476;-0.64404;-0.77222;2.3376;-0.14354;-2.8778;-0.16507;0.257;1.1386;0.44338;0.76787;-1.686
28;1.2542;-1.0262;2.6982;2.8806;0.3356;0.029027;-1.0209;0.60967;0.058477;-1.1209;-1.6882;1.7173;0.56231;-0.38777;-0.72676;1.2594;0.14422;0.91293;-0.51158;-0.23886;0.34623;0.35715;1.4232;-0.046928;0.079662;1.6164;1.444;0.28209;-0.71581;1.0879;-1.2251;1.8058;-0.4863;0.15354;0.35932;0.12273;1.1358;0.25952;-0.751;-0.63685;1.0482;-1.1112;-0.45448;0.58689;-1.0164;0.055701;1.0307;0.48859;0.12435;0.35728;2.4741;0.49928;-0.25065;-0.96747;0.61217;1.1719;-0.13948;-0.38064;0.71881;-0.31272;0.51161;1.0126;0.52045;-0.63163;1.6529;-0.4649;-1.9124;-0.76515;-0.54234;-1.943;-1.7049;1.2265;-0.38635;-0.14332;-1.2204;1.1829;-0.17447;0.36313;0.40371;-0.49628;-0.87822;1.1695;-0.32347;0.10489;-0.66664;-0.81875;0.039997;1.043;-0.63749;-0.11188;-0.17494;0.21059;-1.7281;0.56141;0.25229;-2.2552
29;-0.84334;-0.26689;-0.52762;-0.9764;0.57026;0.30053;0.50626;0.17111;-0.028107;1.4555;-0.25533;-0.53939;-0.91669;-0.31415;0.73444;0.30101;0.24361;1.3528;-0.88301;-1.1813;-0.49311;-1.1199;0.43416;0.32311;-0.96472;0.54107;0.34589;-0.89023;0.26568;-1.0456;1.8771;-0.38602;-0.16783;0.076552;0.16133;-0.9398;-1.4478;-1.3969;1.2048;-0.64566;-0.63056;-0.66703;-0.25036;3.149;-1.3847;1.0841;0.28127;1.4684;0.1263;0.27597;-1.0285;-0.25657;-0.19754;-0.37866;1.5566;0.14494;0.20036;1.8347;-0.2243;0.45543;0.08788;-0.12152;1.7847;-0.90611;-0.56583;-0.016297;0.6084;0.42793;0.2187;0.17131;0.093791;0.46508;1.858;-1.2385;2.3165;-0.11728;-0.028222;-0.16343;3.176;-0.28745;0.40953;-0.64986;1.5657;2.1423;-0.61814;-0.62452;0.17268;-1.6856;-0.29725;0.42825;-0.25967;0.94284;-1.3379;0.70968;0.40473;0.97722
30;-0.59269;0.11993;2.1577;-0.46067;0.0093388;-1.0053;-0.36394;2.1687;-0.091451;-1.0316;1.3602;2.9749;-0.42009;0.19139;-1.1967;-0.35179;1.2856;1.2192;-0.60069;-0.24715;-0.47919;1.4177;0.5169;2.8167;-0.2476;0.50431;-0.95315;-0.70185;-1.359;0.98844;1.5668;1.1564;-0.86679;0.71961;0.2359;1.1483;-0.70689;-0.2323;1.2773;-0.90601;0.88527;-0.43515;0.11083;0.09664;0.024178;-1.6251;-0.25895;-0.31805;1.6941;0.19008;0.0010129;0.75038;-0.66888;0.31206;-1.2012;-2.1102;0.27345;-0.8709;-1.7016;-1.3413;-0.59295;1.6098;2.0856;0.22068;-0.48973;-0.61715;-0.086596;-0.78706;0.67844;-1.3749;-1.3651;-0.1743;-1.1871;0.18171;0.27572;0.62032;0.94004;2.2715;0.66334;-1.1259;1.0242;-0.26096;-1.0434;-0.13484;-1.1964;-0.96872;0.83304;0.11758;0.84335;0.45922;0.23447;0.9913;0.076829;0.56633;-1.2022;-1.2875
31;0.72779;-0.82554;1.2597;-0.56677;1.2403;-0.50436;0.39304;1.0118;0.15446;0.52667;0.28397;-0.88021;0.74178;-0.36916;-1.304;-0.50675;-1.3407;-1.4222;-0.32094;-0.91902;-0.37588;0.64894;-0.01741;-0.71977;-0.21534;2.2652;1.2389;1.7047;-0.87806;0.076022;0.89784;-0.65087;-0.32787;-1.5818;1.05;0.53804;-0.64166;0.15266;1.4752;-0.12329;-1.633;0.027872;-0.0052724;-1.119;-1.0619;-0.68559;0.66367;0.33274;0.15963;2.3521;-0.70001;-0.20767;0.04208;0.78241;-0.1857;-1.7273;0.33227;-0.84522;-0.35069;-0.086846;1.7444;-0.021189;-0.75572;0.73538;0.86014;0.29674;1.1166;-0.29512;1.9192;0.88384;1.2155;-0.22487;0.53554;-1.9417;0.61529;0.14914;1.2133;-0.43839;-0.16995;1.6868;1.4188;-1.1899;-0.62618;0.32078;-1.651;0.57127;-0.62558;0.75783;-0.78209;2.1842;0.99444;-0.59625;0.14549;1.9469;0.97968;1.6756
32;-0.52711;-0.058598;0.24693;0.68781;-0.55405;-0.63517;0.12031;-0.82725;-0.77121;-0.098256;-0.78709;-0.85535;-0.79885;0.9089;-0.38255;0.25068;-0.4188;1.1921;-1.3325;0.18106;0.074397;-0.52299;-1.1741;-1.3256;-0.19267;-0.61788;-0.46619;-0.19701;-1.1572;-1.1971;-1.1075;-0.62606;0.19059;-1.3075;-0.64474;-0.17991;1.1104;1.4136;1.991;2.5112;-0.012396;-0.78559;0.29556;0.38849;0.36006;-0.59701;-1.129;0.09138;0.80939;-0.60611;0.10813;-1.9345;1.6638;0.32058;1.9531;0.69556;-0.89077;-0.9394;0.065122;0.74584;-1.3986;-0.68598;0.35253;-0.22751;-0.3732;-0.23939;0.56156;0.60343;-0.69476;-1.0253;-0.63822;-0.076972;-0.52707;0.17154;-0.22238;-0.64613;-0.69724;1.3547;-0.82462;-1.7253;-0.39614;-1.3179;-0.71508;-0.9001;1.6845;0.62229;0.60182;0.2027;1.3678;2.2429;0.42938;0.73937;0.50252;-0.015141;-1.1321;-0.27568
33;-0.9398;-1.2032;-0.57327;1.5732;-1.1462;-0.87864;-0.0054155;0.27806;-0.37376;0.41978;-0.76431;0.13737;-0.60343;0.060167;0.46964;0.56171;-1.0669;1.0419;0.35203;0.59143;-0.4888;2.0263;1.4388;-1.8402;-0.025033;-0.37161;-0.94892;0.58967;-0.99929;2.4523;-1.3099;1.4205;-0.1717;0.7913;0.1642;-0.19843;-0.16325;-0.49852;-1.0611;-0.022882;-0.034407;-1.6731;-0.70844;-0.93154;0.50379;-1.0314;2.0691;-0.55033;0.23969;-0.92209;0.56644;0.98039;-0.2271;1.2481;-0.47574;0.63953;0.76996;0.34329;-0.35291;0.76494;-1.5822;-1.7258;0.76235;-1.0101;-0.36035;-0.31692;-0.47776;1.2985;-1.1317;1.4334;-0.86504;-1.1519;-1.0506;1.878;1.1143;-1.3311;-0.19346;-0.38519;-1.0516;0.62004;-1.3095;-0.75561;1.6024;-2.133;1.4625;0.41612;2.3053;-0.6058;0.36042;0.14599;-1.5785;-0.15385;1.4978;0.20796;1.5542;0.30134
34;0.3204;0.28004;1.2838;-0.72096;0.98422;0.72605;-1.262;2.3558;-0.719;1.0385;-0.99455;-0.61668;-0.7581;2.0484;2.8389;0.14878;-0.66318;-0.3489;-1.135;-1.1731;-1.3664;-0.6765;-0.44006;0.12131;0.82699;0.88341;-0.64687;0.57127;-1.0621;-0.54764;-0.39137;0.98607;-1.0791;2.72;-0.8779;1.0628;0.57956;0.2941;-0.3012;-1.0485;2.0755;0.24981;-0.98018;0.23731;-0.15835;0.069907;0.55744;-1.3208;-0.055986;0.53973;-1.1321;0.70009;0.94064;0.52553;-0.48601;1.4547;0.9756;-0.69587;1.9211;0.36652;0.27281;-1.0637;-0.83352;0.087468;-0.033083;0.50226;-0.9408;-0.14199;1.5325;-0.13087;1.6213;0.014715;-1.1979;-0.15746;1.0307;1.7143;0.5961;0.02679;-0.90592;-0.69371;-0.017543;-0.32555;0.37429;0.3787;-1.0744;-0.43709;1.1427;0.15406;0.41849;-0.81436;-0.44432;0.27289;-0.80295;0.15553;-1.1592;-0.31173
35;-0.7515;-0.88746;0.45913;-1.5121;0.74993;-0.028593;0.8923;-1.2274;-1.0173;-0.96636;-0.17694;0.75956;-0.51784;1.467;0.81993;-0.48011;0.27628;-0.99028;-1.2201;-0.55766;-0.34434;-1.3182;0.036546;-1.1927;-0.49104;3.3029;0.23409;-1.3505;-0.9317;0.32191;-0.4505;-0.32371;1.2061;2.1825;-0.5266;1.9327;0.12638;-0.91747;-0.92728;-0.75081;1.8704;-0.38926;-1.0853;-0.65258;-0.46096;-0.64601;-0.63537;0.19189;1.0381;-0.5046;-0.033858;-2.5366;-0.75992;-0.79799;0.40598;0.18037;-1.9295;-0.97237;-0.54461;-1.2148;1.2904;-0.19874;-1.094;-0.19585;0.73798;-2.2903;0.50679;-1.9418;-0.81087;-0.090826;0.14267;-2.3273;1.606;1.5505;-1.6724;0.28667;-1.5094;-2.3965;0.5307;0.66547;-0.27486;-0.041683;-0.96754;-0.61623;-0.1567;-0.18876;0.77067;-0.42522;0.51322;0.14149;0.67876;0.12835;-2.5383;1.6461;-0.29357;-0.49498
36;-0.23461;-0.070961;-0.50228;1.1393;-0.2908;-1.3881;0.62632;-1.1443;-0.044951;-1.3044;0.44592;-0.61838;-1.3788;-1.091;-1.1322;0.069643;-1.6581;-0.30131;-0.87803;0.15941;0.0732;0.0092557;-0.76968;0.19038;-1.1218;-0.57214;-0.71817;-1.1034;0.60944;0.318;-0.44656;-0.83605;1.1332;-0.82662;0.22593;-0.70895;1.1795;-0.58927;0.66445;-0.38905;1.7043;0.90642;-0.86389;-0.95662;0.28179;1.0264;-1.0392;2.0262;-0.5844;2.4017;0.25846;-0.65867;-0.1584;1.5262;0.45644;-0.18024;0.39002;0.17823;-1.1022;-1.0721;-0.33748;-0.78389;-1.8888;0.82775;0.49849;-1.1609;1.7535;-0.92966;-0.88452;-0.29423;1.4391;1.1003;0.68957;0.41602;-0.34458;0.38459;-1.1084;-1.0935;0.45642;1.5759;-0.5589;1.4966;-0.82268;2.2194;-0.37226;-0.75692;0.97414;-0.17416;0.47384;-0.40897;1.6214;-1.9771;-1.0043;-1.7674;-0.51662;0.82419
37;-1.0557;1.6977;0.544;-0.93248;-1.3143;-0.034417;0.033965;-0.62031;-1.0725;0.0026822;0.78609;0.73535;-0.42879;-0.55078;-0.61531;-1.0973;0.5504;0.084734;0.15781;-1.2779;-0.35725;0.05259;-1.2032;1.9421;0.76659;-0.63491;0.55318;-1.4394;3.1102;-1.0845;-0.37592;1.6716;0.65835;0.98211;-0.482;-1.0412;-0.060739;0.23924;1.5508;-1.0476;2.1348;0.46429;1.1359;0.36101;0.25321;-1.3677;0.24112;2.5392;-2.2843;-0.31484;-1.8809;0.39622;-0.071043;0.40502;0.72306;-1.523;-0.024979;-0.51124;0.2913;0.061186;-0.078197;0.0352;-1.1392;-0.84115;-1.4438;-1.3078;-1.9652;0.27354;0.65894;0.40145;-0.28885;-0.072349;-1.8956;-0.92651;1.1116;0.5069;-1.8439;-0.19415;0.22282;1.18;-1.8252;-0.39323;-0.034044;-0.71889;0.42806;-0.89176;0.51342;-0.91181;0.78387;1.5521;1.9563;0.85515;-0.34653;0.01885;1.1439;-0.099599
38;0.7108;0.74892;-1.1384;0.29037;-0.37986;-1.0378;1.0128;-0.98281;1.1517;-1.3024;-0.96013;-1.5885;-0.62013;-0.42134;-0.65707;-0.029898;1.8681;0.19901;1.1402;0.33957;1.132;0.8424;-0.08221;1.3015;0.29167;-0.103;-0.1903;-0.71373;-0.41686;-0.99718;0.19336;0.14226;0.36599;1.8273;3.4221;-1.6539;-0.066761;0.5249;0.9156;-1.2768;0.26704;-0.44859;-1.4998;-0.46316;-1.4482;-0.63234;-0.36026;-0.97141;-0.27377;-0.74533;0.023645;0.63852;-0.62692;1.1317;0.22163;2.0706;-1.5263;0.69168;1.1988;0.32158;0.26639;1.1904;0.33701;0.22108;-1.4849;-0.97859;-1.0069;0.60297;-0.89479;-0.058394;-0.11163;-2.1434;-1.0274;-0.42569;-0.01974;0.63355;0.035028;0.52425;-1.7732;-0.8784;-0.45637;-1.3455;-0.47462;-1.4534;-1.1137;-1.5744;0.20349;-0.84252;-1.2373;1.7974;0.16408;-1.7014;0.69196;0.69736;0.35435;-1.4068
39;2.4091;3.8499;0.71376;0.63415;-0.41179;1.5703;1.5269;-0.84952;-0.35149;-0.2278;-0.22436;-0.8846;-1.4943;-0.50252;-0.084362;-1.9663;-0.40159;0.67733;0.078307;-0.49638;0.30657;0.36589;0.34112;-1.1872;-1.0551;-0.48782;-0.75601;-0.92911;-0.38677;1.6918;-0.11647;-0.14533;-0.8098;0.26769;-0.29672;-1.245;-0.17854;1.7341;-0.68914;1.5725;0.099384;1.715;-0.045754;0.033816;-0.14787;-0.82539;0.21909;-1.1348;-0.10715;0.82768;0.29466;0.61663;-1.3677;1.1872;0.49303;-1.0098;0.47608;0.68269;0.58093;-0.050623;-0.71215;-0.54359;1.7709;-1.6958;-0.0572;0.33347;-0.01173;0.20415;-0.59994;0.3272;-0.72009;-1.4348;0.095002;1.9101;0.74622;-1.507;0.84984;0.3443;0.85084;-0.71168;-0.39856;0.29322;1.5781;1.3764;1.4529;1.2416;-1.4859;0.062891;2.519;0.035396;1.1097;0.034509;-0.17183;-0.046409;0.24326;-1.3204
40;-0.60336;0.82536;0.046639;-0.11089;1.4396;0.57783;2.7865;-0.69251;-1.3803;-1.435;1.6548;0.12784;-0.75522;0.1746;-0.35842;-0.46607;-1.2359;1.4626;0.53886;0.41176;0.96863;0.28524;1.5261;0.71101;-0.42608;1.7432;1.3694;-1.327;-0.47903;-1.3113;0.1689;1.1766;-0.93234;-0.037166;1.6402;0.57079;-0.70685;1.0429;-0.10087;0.53026;0.99744;0.9615;-0.49584;-0.49972;0.2819;0.50296;-0.32254;-0.62455;-1.5232;-2.8025;0.24794;0.82981;-0.47374;1.5233;-0.91996;1.3396;1.2513;-0.48455;-0.15291;0.13701;0.2537;0.047813;-1.5127;-0.39437;0.7499;1.5679;-0.97112;-2.1458;0.54831;-1.684;0.86475;-0.17328;0.59061;-0.13603;-0.2056;-2.0355;1.0793;-0.11844;-1.1093;-1.3353;0.22677;-2.329;-0.38957;1.265;-0.99152;-0.38814;0.19817;-1.1476;-1.301;0.8649;-0.045698;0.74543;0.46513;0.72725;0.2469;-0.54286
41;2.016;-1.2019;-0.34111;1.7941;0.096753;-0.12237;-0.31513;-0.54662;-0.46744;0.69722;3.4529;0.10527;0.56709;-0.74489;0.44285;-0.48214;2.1264;1.861;0.71497;-0.5213;-0.36758;-0.30889;-1.5412;0.83334;-1.0108;-0.15363;-1.0608;-0.25373;0.46707;0.39846;2.0875;-0.77776;0.043281;0.28435;-1.3539;-1.2007;0.9218;-1.1497;1.0362;-0.70769;-0.76907;-1.187;-0.45541;-1.6429;0.16226;0.81119;-1.3438;-0.42055;1.0367;-0.57393;-0.97389;0.053211;-1.0904;-0.097507;-1.2709;0.10387;1.4263;-0.35993;1.8155;0.10993;0.6213;0.37062;0.769;-0.19924;0.46494;-0.17367;-0.056795;-0.29512;0.46255;0.37053;0.062844;-0.40468;-1.5222;-0.13323;0.3354;-1.188;-0.11734;-0.77077;0.49045;0.61533;1.8482;-2.1626;0.64691;0.49059;-0.6656;-0.43324;-0.68834;-0.11938;-0.42756;0.098202;1.8555;-1.6512;-1.1533;-1.0074;0.064177;0.23758
42;2.5172;0.5062;-0.78915;-1.2182;1.1437;-0.33241;0.2835;0.89043;0.046748;-0.17598;0.31419;-0.12273;0.65038;-1.1684;-0.094847;-0.91634;-1.1485;0.2565;0.091859;-1.6554;1.8176;-0.29357;-1.5025;-0.67461;3.8277;-0.52987;-1.1299;-0.71553;1.6883;-1.0248;-0.7856;0.1494;-0.35379;0.44555;0.076006;-1.6637;0.13768;-1.0033;-0.803;-1.026;0.77658;-0.5275;-0.28948;-0.28893;1.644;-0.73595;0.725;0.83097;1.2142;0.21272;-0.027181;0.59433;1.6336;1.4862;-1.418;0.54525;1.3186;1.1502;-1.4376;-0.76465;-0.91394;0.18238;0.94562;-1.2315;-0.046952;-1.5007;1.2121;-1.1368;-1.5922;0.64058;0.90039;0.083694;-0.028226;-0.34863;0.33438;1.1805;-0.70989;0.1725;-0.24296;0.36203;-0.41963;-1.3809;-0.22058;0.11047;1.3906;0.51805;-1.1077;-1.6252;0.30929;-2.0414;-0.48939;-0.021481;0.99895;-0.57893;-0.014538;-0.24752
43;-1.144;0.48719;-0.43712;0.74385;0.67334;-0.94374;-0.46765;-0.94215;-0.60552;1.0636;-0.010872;0.10153;1.5647;-1.2467;-0.95619;0.44594;1.4441;0.28932;-0.76767;-0.19919;-0.97614;-1.1021;-0.7371;0.0071101;0.69923;2.2865;0.82203;-0.21112;0.11353;-0.6738;-0.77523;-1.5494;-1.229;-0.22153;-0.67969;1.3713;-0.22775;1.9068;-1.2633;0.4447;-1.5812;1.2012;0.40869;-1.4186;-0.5184;-0.50888;-0.51257;1.072;-0.1719;-1.2058;-1.754;-0.21742;-0.21099;0.40571;1.3855;-1.0521;-0.85913;-0.34651;-0.71827;0.26545;0.65899;0.69277;-1.4246;1.3867;-2.1541;0.29857;0.77474;1.2641;0.608;-0.41618;-0.29652;-0.58303;1.0936;-0.61945;-0.52989;0.20076;-1.2391;-1.0907;-1.6363;-0.53835;-1.0149;0.47;0.48619;1.721;-1.0321;0.013296;0.37058;-0.47315;-1.2069;0.35314;-1.5456;-0.29275;1.3245;-0.043604;-0.24661;0.78151
44;-1.2968;-0.78784;-1.0052;0.68738;-1.0371;-0.55529;-1.3827;0.063588;-0.98221;1.2017;-0.76418;-0.68677;-0.36187;1.7131;-0.25477;-1.5136;-2.005;-1.3697;-0.9007;-0.81195;-0.095537;0.15494;-0.37993;0.39436;1.7663;-1.3123;-0.09279;0.74857;1.7621;-1.431;0.83825;0.95732;1.7366;-1.2961;-0.96399;1.113;-0.12576;1.5108;-1.663;-0.90273;-0.15194;1.7213;-0.24197;2.6731;-1.2988;-1.7433;-0.026718;0.81886;0.94458;-0.17158;-1.1861;0.47429;0.67345;-0.8286;0.71176;0.38311;-1.1534;0.43509;-0.35696;-1.1299;-0.74918;0.23833;-1.0354;0.49547;1.5984;1.9684;-0.8842;-0.69038;2.1148;0.20242;-0.44152;-0.87356;0.35479;0.041697;1.3689;-0.53756;0.8067;-0.2892;0.21265;-1.0059;1.5438;0.31385;-0.92737;-0.94708;1.5302;1.5109;0.55133;0.4369;-0.64064;0.080795;1.2223;0.94505;-1.0062;0.58814;1.3832;0.3337
45;-0.81818;-0.5132;-0.43693;-0.0078196;2.4597;1.8249;-0.67679;-0.73983;0.36338;-0.28793;-0.027782;0.15893;-1.3356;-0.23595;-0.02708;1.9664;-0.64633;-1.309;0.41093;-0.53651;-1.1475;1.265;-0.25259;0.12945;0.27983;-0.76743;-0.85024;-0.57229;-0.46379;0.49107;-1.4713;-0.10806;-0.17823;-0.166;-0.51149;-0.11929;-0.82252;0.00092932;1.1047;0.31492;-0.33242;-0.95828;-0.58634;0.75301;-0.65765;-1.2978;0.92367;2.36;-1.6071;0.13825;0.14519;2.5603;0.67813;-0.36228;-0.15693;0.4757;-0.79746;0.81228;0.16831;0.66964;-0.29254;-1.6303;0.086951;-0.32857;1.1876;-0.17861;-2.1999;0.076421;0.27878;-1.1143;-0.66222;1.3136;-0.17854;0.14706;1.8995;0.38382;0.83986;1.6068;-0.39679;-0.049027;0.53941;0.42904;1.2949;-1.2546;-0.68553;0.76143;0.94849;1.3341;-0.39064;-0.20869;0.17162;-0.94172;-1.1941;0.16356;-0.1425;-0.30955
46;-1.0154;0.33923;-0.12726;-1.0257;0.81041;2.7696;0.14762;-1.1874;2.6112;0.13362;0.026072;0.96816;1.2169;-1.3677;2.2266;-0.73395;-0.55093;0.4436;1.649;-0.51992;-0.15311;-1.1594;0.079324;0.049332;-0.57542;-1.1105;-0.091048;0.12992;1.4091;-1.7726;-0.59285;0.70496;-0.57705;-0.85756;0.86803;1.0517;1.096;-0.74164;-0.044341;-0.79357;-0.82129;-0.3767;0.2582;0.65012;-1.6093;-1.053;2.5524;-0.24261;-1.4463;-0.073331;1.714;-0.042667;-1.5568;2.0001;0.60287;0.012061;0.25751;-0.41016;-0.2424;-0.18362;0.15762;0.10657;-0.79328;-0.37546;-1.3292;0.37207;-0.1137;1.3496;-0.70249;0.022688;-1.4307;0.56259;-0.24631;-0.53503;-0.46058;-1.1641;0.78735;-1.1776;0.4104;0.67171;-0.65226;1.5507;-0.36524;-0.45339;-0.017869;-0.91673;-0.60833;1.416;-1.2689;-0.46351;-1.5828;-0.092986;1.3174;-1.2901;2.017;1.031
47;0.90448;-0.46774;-1.6128;0.16346;-1.1948;-0.85827;-1.3;-0.3399;-0.65352;1.5261;-0.29626;-0.59536;-1.3663;-0.014895;-0.6237;1.2128;-1.2082;-0.30388;-0.18093;-1.1982;2.461;0.32327;-0.18451;-0.36994;-0.6988;0.27293;-0.86646;-0.062971;-1.0416;-0.392;1.231;-1.4812;0.66916;-0.57298;0.49136;0.79761;-0.11019;-0.10323;0.33973;2.3134;-0.70441;-1.0042;-0.72824;0.95872;0.14241;-0.31664;-0.18062;1.5358;-0.31454;-0.82933;0.084303;1.6318;0.66046;0.5366;-0.56948;1.0156;1.7291;-1.0761;1.5202;2.013;-0.46969;-1.5045;0.54334;0.3391;0.4869;0.21456;-1.0467;1.0207;-1.0128;-1.0347;0.81135;-1.3688;0.59665;-1.5817;0.31284;0.98571;0.72504;-1.7096;0.024947;0.034663;-0.25026;0.0051564;-1.3341;0.050939;-0.13739;0.8138;0.56579;0.37368;0.8015;0.50083;-1.6226;0.38324;0.93254;-0.38017;-0.74706;-1.1291
48;-0.59988;1.4655;-1.0867;-1.2651;1.7375;0.7343;-0.68933;0.39223;0.27011;0.089611;0.34503;-0.37091;3.2116;-1.2174;0.56102;0.29529;-0.094272;-1.289;-0.66545;0.78918;-0.3304;-1.392;0.74421;-0.55316;-0.98415;-0.40418;1.1674;1.9459;1.4271;-0.32006;0.80141;0.8123;-0.99903;-0.14892;0.79484;-0.90035;2.234;0.28744;-1.3739;-0.52496;0.93144;0.98834;2.0313;-1.2626;-1.2051;-0.56371;1.8872;-0.19726;-0.18967;-0.15603;-0.70727;-0.58691;-0.62429;-0.014059;0.13788;0.14511;1.1682;0.15313;-0.30661;0.69564;-0.99612;0.45482;-0.55584;0.49449;0.35049;0.20178;-0.16591;1.0667;-0.05082;-0.63545;1.7372;1.1074;-0.74252;0.85801;-0.81289;-1.6079;0.0087142;1.128;0.0013164;0.86493;0.12122;0.30752;-1.1543;-0.32793;-1.0697;-0.55822;-0.43081;0.67066;0.9283;-0.65448;-0.40616;-1.1366;0.31106;0.98868;1.2456;0.088635
49;-1.193;-0.89139;0.71384;-0.32586;-1.2543;1.4829;2.7166;1.5608;-0.28227;-0.92811;-1.498;-0.1786;0.57392;-0.019976;-1.2469;-0.99098;0.0081608;-1.4852;-0.28291;-1.2987;1.5237;0.52701;-1.2847;1.2555;-0.94745;0.21873;-1.2075;-0.28441;-0.25032;0.51102;-0.39201;0.72541;-0.75749;-1.0208;-1.6748;-0.021766;-0.12706;0.7136;-1.622;0.071874;-1.354;-0.33922;0.66636;-0.39604;0.073128;0.64324;-0.43725;-1.0134;0.05736;-1.7336;-0.37426;0.17223;1.2899;0.26553;-1.316;1.3033;-0.53588;3.0491;0.38208;1.5609;-1.1649;0.28932;-0.68231;-1.3756;0.039716;-0.027004;0.75383;-1.2562;-0.56869;1.6519;-0.046111;-0.83878;-0.36581;-1.4695;0.17615;0.12601;1.4879;0.016366;0.42969;0.55051;-0.85461;0.89626;1.7382;0.27708;0.33277;-0.75012;-0.3745;0.32888;0.80864;-0.36029;1.6915;1.329;0.3966;-1.2734;-0.98747;0.7749
50;-0.42039;0.14277;0.95669;0.019971;-1.3062;0.14678;-0.89767;-0.41973;-1.1435;-1.1331;-0.14713;-0.53665;0.76017;0.23495;-0.065386;0.95038;-0.53082;-1.2271;-0.46405;1.3153;0.41038;2.1499;0.33063;1.6207;0.84522;-1.4848;-0.3525;0.043129;-0.40445;-0.24809;-0.33835;-1.2244;0.63721;2.5713;-0.49119;0.13235;0.1299;0.07758;0.65194;1.3351;0.84964;-1.0973;-0.89796;0.75288;0.11236;0.72399;2.0067;-0.16496;0.47861;-0.39844;-0.955;-0.087432;-0.27708;-0.59078;0.37485;-0.10492;1.5803;-1.6929;-1.1202;-0.11906;0.54742;-1.7521;-0.3519;1.4751;1.0082;-0.84551;-0.93788;-1.5528;0.1819;0.24276;1.7565;1.5449;0.45051;0.45703;-0.5749;-0.31864;-0.51659;0.12114;-1.4544;1.5808;0.5008;2.0783;0.90373;-2.2998;-0.15159;0.41847;0.7366;-1.7252;-0.90901;-1.2746;-1.5976;-0.81243;-0.22604;-0.048462;0.84512;2.0898
PARTICULAR
GAIN
9
