TITLE;96 random variables, variable gain
FOCUS ON;
EXPERIMENT TYPE;SingleAmongManyVaryingGain
PARAMETERS
normalization;Standard
pcaRecompositionThreshold;0.95
component;1;2;3;4;5;6;7;8;9;10;11;12;13;14;15;16;17;18;19;20;21;22;23;24;25;26;27;28;29;30;31;32;33;34;35;36;37;38;39;40;41;42;43;44;45;46;47;48;49
type;RandomUniform;RandomUniform;RandomUniform;RandomUniform;RandomUniform;RandomUniform;RandomUniform;RandomUniform;RandomUniform;RandomUniform;RandomUniform;RandomUniform;RandomUniform;RandomUniform;RandomUniform;RandomUniform;RandomUniform;RandomUniform;RandomUniform;RandomUniform;RandomUniform;RandomUniform;RandomUniform;RandomUniform;RandomUniform;RandomUniform;RandomUniform;RandomUniform;RandomUniform;RandomUniform;RandomUniform;RandomUniform;RandomUniform;RandomUniform;RandomUniform;RandomUniform;RandomUniform;RandomUniform;RandomUniform;RandomUniform;RandomUniform;RandomUniform;RandomUniform;RandomUniform;RandomUniform;RandomUniform;RandomUniform;RandomUniform;RandomUniform
p1;0;0;0;0;0;0;0;0;0;0;0;0;0;0;0;0;0;0;0;0;0;0;0;0;0;0;0;0;0;0;0;0;0;0;0;0;0;0;0;0;0;0;0;0;0;0;0;0;0
p2;81;81;81;81;81;81;81;81;81;81;81;81;81;81;81;81;81;81;81;81;81;81;81;81;81;81;81;81;81;81;81;81;81;81;81;81;81;81;81;81;81;81;81;81;81;81;81;81;1
RESULTS
COMMON
distance
which;Manhattan(Average);Manhattan(GeometricAverage);Manhattan(Median);Manhattan(Minimum);Manhattan(MinimumTimesMedian);Manhattan(Summation);Euclidean(Average);Euclidean(GeometricAverage);Euclidean(Median);Euclidean(Minimum);Euclidean(MinimumTimesMedian);Euclidean(Summation)
plain;1.0805;1.0798;1.081;0.94123;1.0175;1323.6;0.14555;0.14529;0.1455;0.11646;0.016944;178.3
PCA;1.0805;1.0798;1.0807;0.9412;1.0172;1323.6;0.14557;0.14532;0.14554;0.11635;0.016934;178.33
DE00;1.0819;1.0809;1.0882;0.98836;1.0657;1325.3;0.25893;0.24306;0.24807;0.16915;0.034513;317.01
DE01;1.0819;1.081;1.0869;0.98314;1.0648;1325.3;0.2577;0.24869;0.25995;0.15914;0.037527;316.52
DE02;1.0819;1.0809;1.0865;0.98009;1.0662;1325.3;0.26139;0.24095;0.25642;0.15827;0.040019;308.92
PCA
weights;0.010474;0.010267;0.010448;0.010015;0.010659;0.010434;0.010681;0.010398;0.010358;0.010595;0.010384;0.010573;0.010516;0.010428;0.01045;0.010442;0.010359;0.01015;0.010684;0.01031;0.010634;0.010489;0.010498;0.010635;0.010601;0.0107;0.010182;0.010402;0.010171;0.010422;0.010187;0.010157;0.010532;0.010037;0.010783;0.010326;0.010337;0.010585;0.010611;0.010432;0.010174;0.010413;0.010623;0.010708;0.01031;0.010747;0.010734;0.0099726;0.010556;0.010691;0.0097698;0.010446;0.010492;0.010577;0.010548;0.010382;0.010362;0.010454;0.010194;0.010642;0.010387;0.010418;0.010272;0.010401;0.010596;0.010512;0.010387;0.010191;0.010582;0.010147;0.010366;0.010548;0.010479;0.010293;0.010231;0.010322;0.010468;0.010415;0.010261;0.010048;0.010339;0.010632;0.010597;0.010368;0.010159;0.010483;0.010471;0.010469;0.010676;0.010388;0.010429;0.010615;0.0099489;0.010251;0.010387;0.010323
differential evolutions parameters, by distance type
i;dDE / dP;distance;type;parentWeight;crossover;population;iterations;distance;weights ->
1;1.0013;1.0819;2;0.85;0.5;50;50;Manhattan(Average);0.00070779;0.00025737;0.021866;0.001696;0.017777;0.01345;0.00033042;0.0068138;0.00058178;0.0063538;0.018949;0.014721;0.01457;0.011201;0.0013487;0.0030406;0.016396;0.00013595;0.00071429;0.020991;0.0012523;0.010582;0.020334;0.0044246;0.017762;0.0098301;0.0055978;0.01969;0.01504;0.00065932;0.018658;0.020083;0.0020788;0.017045;0.000565;0.003169;0.0035133;0.019938;0.0018407;0.0080025;0.0004425;0.0019823;0.020018;0.0026537;0.016721;0.01377;0.020192;0.020205;0.020322;0.015285;0.017554;0.0086314;0.015977;0.014672;0.0003314;0.0012503;9.9618E-05;0.019292;0.0012758;0.00046066;0.0080477;0.00024053;0.015838;0.018918;0.0097398;0.017968;0.0090825;0.002127;0.021528;0.012763;0.0015454;0.018632;0.0047163;0.00055255;0.013015;0.016317;0.0015452;0.019554;0.020955;0.016502;0.012672;0.019594;0.020928;0.014304;0.016374;0.0013043;0.011706;0.010852;0.00043893;0.00085472;0.0091228;0.018644;0.017229;0.016503;0.011768;0.0050166
2;1.0013;1.0819;2;0.85;0.5;50;50;Manhattan(Average);0.00083209;0.0031015;0.016964;0.00088558;0.017103;0.014078;0.0042308;0.0097095;0.00023115;0.0044315;0.022293;0.015507;0.014654;0.021837;0.00022798;0.0088166;0.017169;0.0002787;0.00029055;0.022076;0.00019642;0.0070762;0.021003;0.0052856;0.021268;0.0094156;0.00028235;0.012974;0.019776;0.00056629;0.014018;0.018374;0.00083214;0.020151;0.00097497;0.0065632;0.0084468;0.020215;0.00039245;0.0034686;0.0002246;0.00026641;0.010856;0.0024154;0.010543;0.0084174;0.01682;0.020697;0.017975;0.021185;0.020464;0.017522;0.017352;3.8637E-06;0.00015191;0.00051624;0.0014632;0.015497;0.00022513;0.0015997;0.020646;0.00023182;0.016631;0.017099;0.017319;0.011904;0.0041962;0.00049152;0.020179;0.02118;0.00061009;0.019093;0.0086819;0.00094588;0.015492;0.017646;0.0010995;0.011715;0.016649;0.01136;0.016106;0.016168;0.022083;0.015532;0.018101;0.0059081;0.0088882;0.0099145;0.0021668;0.0018962;0.01182;0.01663;0.020678;0.016132;0.0016628;0.012952
3;1.0013;1.0819;2;0.85;0.5;50;50;Manhattan(Average);0.0020739;0.0010808;0.018175;0.00062804;0.0056534;0.0093249;0.00078545;0.016982;0.0006664;0.009476;0.020203;0.013362;0.0076127;0.015632;0.0001004;0.00079057;0.018846;0.00021504;0.00039727;0.02378;0.00098718;0.0081224;0.021587;0.0087714;0.023639;0.0098264;0.0019603;0.018584;0.016511;0.0015752;0.013713;0.018378;0.0071089;0.023986;0.0014854;0.0032513;0.0011976;0.021981;0.0035097;0.0085317;0.00020349;7.8114E-05;0.011321;0.012669;0.015714;0.015559;0.018961;0.019531;0.012245;0.017428;0.021116;0.023249;0.018928;0.0059912;3.758E-05;0.00020308;0.00019327;0.0034138;0.00018006;0.0046735;0.015722;0.0008781;0.023415;0.014577;0.0087072;0.0026635;0.0027185;0.00056136;0.021946;0.015497;0.0023518;0.018522;0.0026264;0.0013678;0.011019;0.017837;0.00093494;0.014027;0.021762;0.018563;0.02404;0.014812;0.022885;0.008219;0.019362;0.0081952;0.0092996;0.020691;0.0020427;0.00076036;0.001705;0.018484;0.021112;0.015642;0.012803;0.0020605
4;1.0011;1.081;2;0.85;0.5;50;50;Manhattan(GeometricAverage);0.0013441;0.0023126;0.017014;0.00095636;0.012821;0.0081427;0.00073598;0.019013;0.00055122;0.017506;0.017864;0.018251;0.015205;0.019132;0.0035647;0.0024075;0.015226;0.00032312;0.00062804;0.019045;0.001221;0.0070819;0.018136;0.017617;0.014554;0.014568;0.0046967;0.012265;0.019311;0.0018816;0.011845;0.015662;0.0047548;0.013819;7.7978E-05;0.0050709;0.0071663;0.020167;0.001996;0.0048005;0.00046263;0.004768;0.013811;0.0023327;0.014862;0.01645;0.018595;0.017484;0.013164;0.012615;0.013115;0.019202;0.0083136;0.015718;0.00081806;0.00055234;0.00074754;0.008619;0.00073324;0.0051584;0.014496;0.00079543;0.019337;0.019879;0.016358;0.011472;0.005876;0.0026806;0.020663;0.005527;0.0027037;0.014203;0.0052792;0.00061256;0.0078506;0.012213;0.004871;0.020545;0.015805;0.014141;0.0097463;0.015131;0.020031;0.01888;0.017279;0.0024233;0.0126;0.020205;0.0015019;0.0058123;0.011577;0.019367;0.020575;0.019816;0.0091176;0.0043755
5;1.001;1.0809;2;0.85;0.5;50;50;Manhattan(GeometricAverage);0.0018014;2.9639E-05;0.018615;0.0017548;0.011789;0.0099596;0.0090053;0.019024;2.5422E-05;0.019074;0.017371;0.017598;0.012154;0.011415;8.3142E-05;0.0095576;0.014788;0.0012448;0.00070306;0.018774;0.0037281;0.0023223;0.019722;0.019072;0.015207;0.0094809;0.003077;0.012389;0.012903;0.0038029;0.014119;0.01361;0.010116;0.020249;0.00057056;0.0051198;0.0079009;0.019918;0.0015067;0.0085566;0.00049311;0.0065575;0.019471;0.005309;0.013986;0.011378;0.019897;0.018897;0.017623;0.012203;0.0081688;0.013336;0.014381;0.016265;0.002105;0.00060854;0.00025601;0.0097732;0.0013449;0.016816;0.014369;3.8322E-06;0.016175;0.0093977;0.014471;0.0092932;0.0068344;0.00093413;0.01744;0.014039;0.00099532;0.01313;0.0067376;0.0054268;0.0096942;0.015006;0.0012382;0.010652;0.020266;0.0129;0.016674;0.013423;0.013587;0.016927;0.016057;0.0038892;0.01188;0.019021;0.00099044;0.0087794;0.0046828;0.015167;0.01589;0.016131;0.011993;0.0089017
6;1.001;1.0809;2;0.85;0.5;50;50;Manhattan(GeometricAverage);0.0033084;0.00054323;0.018812;0.00047519;0.012465;0.0082163;0.003693;0.01124;0.00012322;0.011206;0.01725;0.01421;0.0054798;0.011199;0.004889;0.0087355;0.010009;0.00075309;3.6064E-05;0.016318;0.004362;0.0054217;0.017293;0.013042;0.016042;0.012418;0.0016791;0.014061;0.0161;0.012081;0.0097886;0.014946;0.0073063;0.018401;0.0032722;0.010189;0.010784;0.019584;0.00074588;0.0014671;0.0014819;0.0042059;0.016969;0.0090296;0.01587;0.015049;0.019957;0.020291;0.016788;0.0096453;0.016351;0.0097743;0.015449;0.0031569;0.0020559;0.0060741;0.0088971;0.010993;0.00048453;0.0078734;0.018853;0.0003967;0.015574;0.012935;0.014069;0.011986;0.0097053;0.0037666;0.019941;0.01582;0.0032662;0.010345;0.0072974;0.0022202;0.011099;0.010554;0.0017958;0.017767;0.018299;0.010672;0.015367;0.019753;0.019144;0.012573;0.0175;0.0076326;0.011584;0.015905;0.0014471;0.012379;0.0051258;0.012327;0.020121;0.014148;0.013135;0.0071522
7;1.0501;0.98836;2;0.85;0.5;50;50;Manhattan(Minimum);0.0093035;0.011331;0.015497;0.0075053;0.010471;0.0078896;0.0023507;0.016516;0.017428;0.0026339;0.010073;0.0085764;0.0034641;0.013724;0.012711;0.0093848;0.017371;0.0030991;0.0042415;0.019423;0.0043728;0.0012614;0.010297;0.002552;0.01026;0.01287;0.011633;0.0065589;0.00085895;0.0093106;0.007248;0.010503;0.018852;0.0093955;0.017231;0.010115;0.016391;0.0088971;0.017749;0.0080234;0.0054994;0.011904;0.010996;0.0047106;0.018684;0.0094205;0.0070127;0.0094569;0.0077126;0.0059891;0.014745;0.01877;0.014181;0.0067782;0.016582;0.011274;0.0083883;0.017925;0.010752;0.015657;0.010727;0.014504;0.019761;0.012062;0.0061085;0.01431;0.0070873;0.0049552;0.0085736;0.0060758;0.017871;0.015464;0.005189;0.011222;0.0077047;0.012132;0.015389;0.0046583;0.0090232;0.017704;0.0052612;0.011837;0.01295;0.012587;0.0043803;0.012172;0.0033674;0.0042446;0.01407;0.0079026;0.010494;0.012277;0.014473;0.0050868;0.0088365;0.015724
8;1.0445;0.98314;2;0.85;0.5;50;50;Manhattan(Minimum);0.005147;0.010107;0.017311;0.0086157;0.0034168;0.0082247;0.0084255;0.014946;0.014227;0.0091138;0.016789;0.010765;0.0048219;0.015387;0.017635;0.012788;0.0036601;0.0008091;0.012657;0.015071;0.010143;0.0047795;0.016748;0.0099747;0.0078943;0.016003;0.0048659;0.0078445;0.0076705;0.016403;0.018271;0.0093208;0.018368;0.0042736;0.0084146;0.0037695;0.0076358;0.016777;0.008917;0.0063406;0.0049635;0.0063062;0.014751;0.012008;0.0053271;0.0024395;0.014645;0.0017502;0.0065087;0.010134;0.011217;0.016037;0.010742;0.0078204;0.016148;0.010263;0.0050507;0.015456;0.016122;0.011727;0.017822;0.012249;0.011945;0.01189;0.0030029;0.010019;0.0068333;0.0043509;0.01722;0.0077113;0.010577;0.0095446;0.012767;0.0040943;0.013016;0.015073;0.0067937;0.0088283;0.006941;0.010508;0.015446;0.0053416;0.016787;0.016424;0.011415;0.016603;0.0066239;0.0022282;0.01715;0.01174;0.0087239;0.011185;0.016467;0.0045164;0.0059225;0.018488
9;1.0413;0.98009;2;0.85;0.5;50;50;Manhattan(Minimum);0.017301;0.0028959;0.018873;0.01016;0.017847;0.016649;0.0025007;0.015566;0.0088996;0.014323;0.010178;0.018207;0.013637;0.0013614;0.0079918;0.016434;0.010967;0.0093788;0.012199;0.0089621;0.017559;0.01541;0.010259;0.0063209;0.0031751;0.0095455;0.014566;0.012148;0.012144;0.014863;0.0022126;0.01021;0.010187;0.0054486;0.0067047;0.0096543;0.0053669;0.014699;0.00080538;0.010078;0.0058389;0.0079658;0.017727;0.0031393;0.013418;0.0045342;0.01813;0.0045322;0.014964;0.016694;0.015724;0.016946;0.013358;0.0048869;0.0084282;0.011537;0.0089339;0.014411;0.0037902;0.010865;0.0087612;0.0058281;0.0018869;0.017904;0.013471;0.014157;0.002471;0.011749;0.016243;0.0052623;0.015804;0.012699;0.017096;0.0055316;0.0022446;0.015203;0.0072492;0.0061964;0.0040153;0.014027;0.0071457;0.0016631;0.015704;0.014001;0.0056243;0.007228;0.004766;0.007518;0.015745;0.008442;0.013114;0.011794;0.016291;0.017388;0.0068925;0.0073733
10;1.0067;1.0882;2;0.85;0.5;50;50;Manhattan(Median);0.0032929;0.013827;0.0071814;0.0018013;0.0062677;0.0050109;0.0047323;0.01065;0.0023217;0.011536;0.00049474;0.004366;0.006003;0.016925;0.0034831;0.016241;0.017946;0.0049983;0.0032059;0.0044508;0.0077203;0.022743;0.0041564;0.0060569;0.0017139;0.021501;0.018492;0.0069077;0.0090481;0.0089326;0.019764;0.013652;0.015989;0.0047655;0.0028465;0.020777;0.012347;0.013603;0.01006;0.0045728;0.018287;0.0026344;0.015584;0.00054322;0.018638;0.017147;0.0037678;0.011973;0.00061687;0.016473;0.0094915;0.014336;0.0092433;0.022342;0.0049632;0.0041443;0.00095089;0.010436;0.017174;0.010209;0.0088954;0.0084677;0.0064118;0.022041;0.016243;0.020058;0.0072012;0.016712;0.0031176;0.0022574;0.0085191;0.0054076;0.011832;0.00015907;0.01932;0.0066881;0.013357;0.020758;0.0082742;0.0070246;0.0039767;0.011765;0.0042718;0.0090509;0.015466;0.014716;0.021922;0.020609;0.012815;0.0033941;0.022625;0.0157;0.01628;0.018347;0.016465;0.00051286
11;1.0055;1.0869;2;0.85;0.5;50;50;Manhattan(Median);0.0018716;0.017718;0.019751;0.01684;0.0047321;0.0081316;0.013622;0.0071133;0.0031236;0.011247;0.013485;0.003502;0.017251;0.015783;0.0018837;0.019143;0.018928;0.003971;0.0020438;0.0079075;0.013099;0.015029;0.014873;0.0034167;0.016353;0.018839;0.014818;0.0072054;0.00025008;0.01912;0.0050638;0.01675;0.0068781;0.018435;0.014299;0.019836;0.015651;0.0072474;0.02042;0.013234;0.018394;0.0026031;0.00035439;0.010459;0.017542;0.014347;0.0019462;0.0020316;0.016738;0.013037;0.0096873;0.0098382;0.0046195;0.0094599;0.0024098;0.0064917;0.010465;0.018883;0.002222;0.0094316;0.0011809;0.00052997;0.01443;0.019657;0.000104;0.010775;0.013628;0.019442;0.0021664;0.001894;0.0058045;0.0088201;0.0033164;0.0048411;0.011503;0.012536;0.0040422;0.0039885;0.014082;0.0017884;0.0065585;0.017241;0.0036783;0.012616;0.0056604;8.4761E-05;0.018547;0.015627;0.013901;0.020599;0.01862;0.016526;0.006621;0.01613;0.019244;0.0039931
12;1.0051;1.0865;2;0.85;0.5;50;50;Manhattan(Median);0.0058108;0.015199;0.0057574;0.011875;0.01762;0.007751;0.0047134;0.015337;0.0017059;0.0060687;0.0098618;0.0078645;0.011285;0.010199;0.0032822;0.0094884;0.018934;0.016809;0.00020774;0.0052683;0.0019809;0.016456;0.010497;0.010216;0.0088005;0.011666;0.017145;0.01056;0.0067868;0.014481;0.016699;0.0049926;0.012089;0.018255;0.00071055;0.017178;0.0075064;0.017545;0.0065035;0.0037413;0.014596;0.011181;0.0049951;0.010032;0.0053685;0.0089551;0.017308;0.0085523;0.018889;0.013429;0.015085;0.0027495;0.016009;0.0069137;0.005188;0.016311;0.019366;0.019564;0.016982;0.018477;0.017669;0.0088991;0.017015;0.01003;0.014988;0.00014806;0.019042;0.0040119;0.011218;0.016483;0.0081094;0.0025873;0.0041714;0.0071147;0.014885;0.0025071;0.0030172;0.011252;0.0020674;0.013694;0.0025176;0.015014;0.00033375;0.0097955;0.0039691;0.0026645;0.01868;0.012976;0.01919;0.0028602;0.012384;0.012869;0.0072346;0.0095169;0.018349;0.01394
13;1.0465;1.0648;2;0.85;0.5;50;50;Manhattan(MinimumTimesMedian);0.011865;0.018214;0.01383;0.00025434;0.018714;0.0057218;0.0024246;0.0077181;0.016895;0.012876;0.004245;0.015062;0.017739;0.018698;0.013905;0.00024699;0.013414;0.018014;0.0026655;0.0033183;0.0086005;0.0040152;0.013925;0.002561;0.0015843;0.0075905;0.010274;0.0050351;0.0024834;0.019637;0.0036215;0.00767;0.012927;0.011011;0.010381;0.016542;0.012579;0.014375;0.015798;0.0021177;0.0047163;0.015974;0.015579;0.010306;0.014458;0.01046;0.019183;0.01153;0.0049467;0.013321;0.017612;0.018447;0.0086319;0.0059365;0.016213;0.0094138;0.012403;0.0084294;0.0061625;0.013291;0.019129;0.016834;0.012518;0.0041444;0.012216;0.013737;0.0014194;0.0068919;0.013165;0.010023;0.0073133;0.016869;0.0025849;0.0035732;0.0065835;0.0078041;0.013571;0.0027955;0.016612;0.0099214;0.0061012;0.017839;0.013333;0.019283;0.018337;0.0013995;0.014141;0.01179;0.00033159;0.0193;0.0020581;0.0028585;0.0090882;0.014163;0.0086569;0.0080533
14;1.0474;1.0657;2;0.85;0.5;50;50;Manhattan(MinimumTimesMedian);0.0020203;0.0083131;0.017708;0.017466;0.010365;0.015663;0.0029208;0.018133;0.010582;0.0098191;0.0063931;0.0086972;0.0067808;0.0080471;0.0082546;0.0086918;0.0051423;0.0011242;0.017673;0.012191;0.018641;0.011144;0.010723;0.010026;0.007006;0.007876;0.0036774;0.003417;0.01699;0.016737;0.0063459;0.017958;0.010614;0.010323;0.014655;0.010929;0.013701;0.015578;0.010714;0.0048308;0.0059365;0.010872;0.018238;0.014593;0.011628;0.0082145;0.010964;0.0086415;0.0068474;0.012077;0.017053;0.018862;0.0026892;0.013492;0.018142;0.0080237;0.016923;0.016499;0.004635;0.017871;0.012497;0.0033303;0.017295;0.0081087;0.011014;0.019018;0.0013773;0.012467;0.0081441;0.013445;0.017232;0.0021518;0.0089781;0.0099467;0.0024853;0.011922;0.007731;0.011578;0.00065056;0.014557;0.0089771;0.0058252;0.0099479;0.017224;0.0016856;7.4423E-06;0.013739;0.0070964;0.0030078;0.013336;0.0061363;0.0048265;0.015102;0.0088647;0.012813;0.017409
15;1.0479;1.0662;2;0.85;0.5;50;50;Manhattan(MinimumTimesMedian);0.0099297;0.0085113;0.016006;0.0056966;0.011305;0.017025;0.014023;0.017018;0.002849;0.0033259;0.013916;0.0081344;0.009581;0.010188;0.01334;0.0095678;0.010491;0.0070317;0.0020429;0.020219;0.0053858;0.01516;0.015868;0.0098143;0.005128;0.01323;0.0072468;0.0046759;0.009461;0.0077179;0.0060656;0.017036;0.0052687;0.0077434;0.0081649;0.01357;0.017736;0.01506;0.014937;0.015622;0.0049732;0.0043282;0.018326;0.0061167;0.018112;0.014188;0.016332;0.011638;0.008255;0.013832;0.0070694;0.019109;0.0068948;0.0072362;0.01243;0.0077747;0.0038353;0.017565;0.0027323;0.015156;0.0081021;0.0094947;0.015844;0.015135;0.0085209;0.0026213;0.0027029;0.0018899;0.012833;0.0036575;0.0033455;0.010414;0.0094882;0.0082765;0.0084804;0.012165;0.0064393;0.0090753;0.006653;0.019913;0.015611;0.010111;0.020117;0.0089718;0.010332;0.011712;0.0080896;0.010484;0.0029583;0.014582;0.0047274;0.010323;0.014776;0.012801;0.0095991;0.018755
16;1.0013;1325.3;2;0.85;0.5;50;50;Manhattan(Summation);0.00053261;0.0021867;0.016361;0.0010496;0.014486;0.0022451;0.00069132;0.009784;5.1225E-05;0.012831;0.01861;0.013212;0.012017;0.021242;0.00085255;0.003267;0.01397;0.00046059;0.0010751;0.023049;0.00036157;0.012844;0.021052;0.01064;0.020827;0.0023657;0.003519;0.017575;0.018308;0.0032994;0.014333;0.022029;0.0036796;0.021043;0.0012164;0.01205;0.0057927;0.022446;0.0016819;0.0048131;0.00036794;0.0053185;0.015671;0.0047561;0.018994;0.018986;0.019586;0.018961;0.020875;0.01773;0.018169;0.014034;0.016953;0.0055666;0.00025022;0.00074525;0.00027298;0.018099;0.00075144;0.0010405;0.021207;0.00025664;0.022006;0.022946;0.012394;0.011239;0.0019406;0.00091254;0.022897;0.0096098;0.0003439;0.017458;0.0071929;0.00011644;0.0091072;0.010331;0.0001573;0.022015;0.022148;0.00096261;0.021196;0.013856;0.019205;0.012627;0.020662;0.0036113;0.0038376;0.0060032;0.00095413;0.0045454;0.0064129;0.017419;0.020614;0.019659;0.0070784;0.0020958
17;1.0013;1325.3;2;0.85;0.5;50;50;Manhattan(Summation);0.003045;0.0015772;0.010016;0.0010054;0.013704;0.0079387;0.0010011;0.014918;0.00047078;0.012141;0.020329;0.016918;0.0094215;0.01645;0.0006857;8.0387E-05;0.018711;0.0011049;0.00080534;0.0218;0.0011004;0.0061435;0.018813;0.019337;0.017309;0.014357;0.0017256;0.012219;0.016958;0.00056028;0.01333;0.013311;0.0038231;0.023072;0.0018259;0.0033389;0.0034973;0.022563;0.001381;0.0046591;0.00045797;0.00026837;0.0189;0.012466;0.022216;0.018923;0.022591;0.019286;0.012345;0.020318;0.023052;0.013304;0.010904;0.0080669;0.00032128;0.00048044;0.0019129;0.016423;0.00099331;0.0021491;0.020449;1.9367E-05;0.014348;0.013788;0.013654;0.013029;0.0053156;0.00087469;0.02136;0.016801;0.00091847;0.015109;0.013248;0.00071301;0.011974;0.010055;0.000309;0.017649;0.020752;0.0064494;0.017115;0.010711;0.022707;0.023801;0.016889;0.0056125;0.0044206;0.017961;0.0014919;0.0004024;0.005531;0.017875;0.01955;0.01306;0.0047208;0.0045139
18;1.0013;1325.3;2;0.85;0.5;50;50;Manhattan(Summation);0.0004458;0.00055522;0.018203;0.00096293;0.017334;0.012653;0.0015469;0.013136;0.00024754;0.0031748;0.020054;0.0072393;0.013657;0.010845;0.00025804;0.0060179;0.017868;0.00042258;0.001082;0.021142;0.00036774;0.0099468;0.020704;0.010181;0.020732;0.0089672;0.00067515;0.0087499;0.020179;0.0014106;0.020475;0.020844;0.0053708;0.01688;0.00065712;0.015088;0.0054972;0.018398;0.0010169;0.0082523;0.00011244;0.0026803;0.013278;0.0027019;0.0086366;0.015989;0.021515;0.017363;0.014024;0.018886;0.019339;0.018789;0.015895;0.014383;0.00012892;0.00051482;0.0013477;0.010233;2.2573E-05;0.006615;0.017612;0.00030612;0.017688;0.017245;0.017792;0.020711;0.0035153;6.2854E-05;0.01986;0.011578;0.00067909;0.016379;0.0074368;0.00052484;0.0080926;0.013591;0.0024247;0.021156;0.014013;0.01037;0.018037;0.016741;0.021139;0.012192;0.016081;0.0052471;0.0057617;0.018447;0.00060183;0.00070243;0.0039182;0.019567;0.018924;0.015079;0.014859;0.0079733
19;1.779;0.25893;2;0.85;0.5;50;50;Euclidean(Average);0.0031045;0.0023978;0.0019114;0.040438;0.0028358;0.0017553;0.0017932;0.0012217;0.03997;0.0012898;0.040812;0.0042567;0.0017431;0.004014;0.00065572;0.00075564;0.040269;0.0017663;0.0027404;0.0005146;0.0010213;0.00014192;0.00017637;0.0015619;0.00056431;0.00074702;0.00089534;0.00086625;0.00084084;0.036483;0.0025148;0.0022731;0.038904;0.0026548;0.040723;0.0036502;0.00030697;0.041655;0.0013648;0.0015714;0.0036504;0.00049362;0.030058;0.00018477;5.5022E-05;3.932E-05;0.040653;0.039677;0.035231;0.0010929;0.018009;0.0014326;0.0036323;0.0013693;0.005938;0.039363;0.0019874;0.0052824;0.008673;0.0013018;0.030043;0.00050532;0.03685;0.040276;0.00084885;0.00099634;0.0059243;0.0025453;0.00051257;0.0083607;0.0015346;0.0051314;0.040627;0.001556;0.00035283;0.0064885;0.038721;0.0052797;0.00018548;0.00023709;0.00049909;0.03722;0.001574;0.040618;0.00047827;0.039816;0.00053064;0.00054916;0.0012791;0.03402;0.001044;0.0010185;0.0016689;0.00061902;0.00040695;0.00039706
20;1.7706;0.2577;2;0.85;0.5;50;50;Euclidean(Average);0.044981;0.0080178;0.0027285;0.0028623;0.039968;0.0044896;0.0014645;0.00015686;0.0025789;0.00010445;0.00023054;0.046963;0.042305;0.047362;0.0031973;8.1423E-05;0.0058037;0.014844;0.013172;0.00040178;0.0049544;0.00076231;0.045;0.00034584;0.0023933;0.0033171;0.0037122;0.0034115;0.047003;0.0088537;0.0026381;0.0067391;0.0021876;0.00064986;0.0088332;0.0020594;0.00057669;0.0014413;0.0030465;0.0016848;0.00062039;0.00037522;0.002648;0.0048338;0.0057572;0.0020652;0.0048554;0.00063053;0.003015;0.00011122;0.00063517;0.0055745;0.0022279;0.00055465;0.00051861;0.013062;0.0033946;0.0018274;0.0041987;0.00018438;0.004655;0.001104;0.017238;0.03206;0.0036705;0.0056599;0.0038286;0.0006862;0.0060864;0.047599;0.04885;0.0011864;0.0034067;0.00066867;0.0028826;0.0011596;0.016661;0.00092363;0.0021222;0.00077236;0.0030602;0.0036607;0.0031339;0.045903;0.0023414;0.0019482;0.043604;0.0040397;0.029295;0.03441;0.018176;0.00040993;0.014079;0.0088113;0.048932;0.048563
21;1.7959;0.26139;2;0.85;0.5;50;50;Euclidean(Average);0.0039492;0.051023;0.042671;0.0038439;0.0010519;0.035123;0.0025129;0.0048003;0.0097795;0.0044916;0.0010647;0.0074031;0.00087943;0.0076902;0.0067255;0.0048528;0.0048766;0.0028081;0.049048;0.012352;0.001651;0.049638;0.0050022;0.0039618;0.041459;0.0097532;0.0013555;0.0086004;0.00078941;0.00025015;0.0030842;0.0041644;0.0028821;0.0073714;0.0015287;0.0046581;0.0011818;0.0053509;0.0015367;0.031451;0.0018697;0.0027363;0.0028925;0.0021382;0.00018569;0.00016609;0.0013094;0.0016287;0.0049976;0.043395;0.025713;0.001551;0.00011358;0.0030278;0.0013641;0.0016863;0.0041662;0.0055942;0.00086963;0.00068209;0.0017639;0.00033153;0.0011534;0.048535;0.0019183;0.00020436;0.049514;0.001218;0.04338;0.0018879;0.0029298;0.0070901;0.0091865;0.04967;0.00055768;0.0038836;0.045281;0.00012528;0.014235;0.051418;0.0025924;0.0015543;0.0026445;0.0013895;0.0016278;0.0021568;0.00292;0.035753;0.00053829;0.00018562;0.00089774;0.038917;0.0020097;0.011469;0.010275;0.0020846
22;1.7116;0.24869;2;0.85;0.5;50;50;Euclidean(GeometricAverage);0.042936;0.031947;0.047052;0.0014053;0.036368;0.0013104;0.0099832;0.0017827;0.0016153;8.5193E-05;0.00048575;0.00018927;0.0010767;0.018854;0.040448;0.00068058;0.001691;0.0069203;0.0072111;0.010138;0.0071256;0.0022125;8.21E-05;6.1375E-05;0.0084286;0.0039928;0.00063267;0.049747;0.0013634;0.0015017;0.0027016;0.039911;0.0038461;0.014668;0.0012392;0.0089378;0.0029464;0.034896;0.0068883;0.0012333;0.0002806;0.034131;0.00053288;0.013626;0.00025781;0.001466;0.00059724;0.045573;0.0088152;0.009473;0.0032623;0.00064007;0.0011863;0.00083554;0.0061738;0.0047368;0.001975;0.03123;0.021301;0.028288;0.0034348;0.0099463;0.0048705;0.00039582;0.0012284;0.00073099;0.016034;0.037305;0.046098;0.001341;0.0005081;0.00013848;0.0017897;0.0019763;6.0197E-05;0.00082182;0.0019799;0.049605;0.049126;0.00022236;0.007776;0.0029067;0.0093393;0.00068736;0.0014599;0.0043646;0.0035075;0.0043633;0.00073155;0.0073891;0.0050108;0.0018171;0.0035591;0.0047689;0.044119;0.0016104
23;1.6729;0.24306;2;0.85;0.5;50;50;Euclidean(GeometricAverage);0.0033103;0.036135;0.0080297;0.0015846;0.00075306;0.036465;0.00056198;0.0006311;0.038379;0.0024977;0.0037442;0.037702;0.00031701;0.0031809;0.0011635;0.0029548;1.5356E-05;0.0032031;0.012736;0.0015161;0.024196;0.00014552;0.0021917;0.038963;0.0020442;0.033539;0.001375;0.0039007;0.0044772;0.00092954;0.00051234;0.039716;0.0024964;0.0019577;0.040265;0.00073514;0.0020653;0.0012265;0.025132;1.8983E-06;0.0039323;0.0367;0.0036176;0.00078599;0.039007;0.032598;0.0019514;0.0052831;0.039865;0.0017072;0.0021842;1.5338E-05;0.0038562;0.039874;0.013069;0.0026021;0.006043;0.0011718;0.032696;0.037696;0.0016109;0.038677;0.00052702;0.0015672;0.039954;0.036279;0.0030924;0.0035734;0.00010519;0.0038714;0.0016819;0.00094638;0.030132;0.032354;0.0030672;0.001555;0.002878;0.0052639;0.0030001;0.0039796;0.0019885;0.00069951;0.0022748;0.015062;0.001363;0.0052793;0.0016113;0.0056075;0.00025717;0.0025949;0.00082738;0.0044549;0.0008194;0.011844;0.00022181;0.0055716
24;1.6584;0.24095;2;0.85;0.5;50;50;Euclidean(GeometricAverage);0.0041735;0.0015609;0.0027797;0.041423;0.0043752;0.037571;0.0034613;0.041279;0.0012427;0.032649;0.00062158;0.018754;0.00033387;0.0013832;0.0076622;0.00017438;0.042373;0.0059084;0.0023737;0.0012553;0.0051225;0.0050114;0.0025231;0.0039539;0.00012078;0.042961;0.00047637;0.017832;0.0025518;0.0021616;0.027605;0.0072622;0.00054801;0.04334;0.00186;0.0033187;0.0017617;0.00020294;0.015051;0.0075954;0.0024818;0.0033265;0.0012687;0.0015199;0.042581;0.02306;0.040762;0.042574;0.0045336;0.0033108;0.0015753;0.0064724;0.00018455;0.0057839;0.0010283;0.039051;0.0054388;0.00031077;0.00013494;0.0033028;0.0017859;0.0036247;0.040438;0.00087586;0.037814;0.010573;0.00040145;0.0066326;0.0042718;0.00038068;0.0010816;0.00057579;0.0088838;0.012578;0.0020045;0.00037459;0.0079686;0.0012315;0.00098359;0.001005;0.043599;0.0054357;0.00067423;0.0019356;0.032503;0.0062979;0.011743;0.013277;0.036911;0.0057229;0.0029312;0.01039;0.0016972;0.0046653;0.0059922;0.0014253
25;1.4524;0.16915;2;0.85;0.5;50;50;Euclidean(Minimum);0.0035551;0.032396;0.013278;0.0018157;0.00048079;0.0028512;0.010507;0.0014184;0.0007265;0.030028;0.031802;0.00038208;0.0037779;0.0011699;0.031619;0.0024695;5.5316E-05;0.0072825;0.00075914;0.021285;0.00030137;0.0063077;0.030803;0.015055;0.029894;0.013755;0.00039817;0.00071027;0.031822;0.0038209;0.029789;0.015517;0.0025444;0.029726;0.00012228;0.0071639;0.0029165;0.024027;0.0062925;0.0038177;0.0025378;0.032456;0.032192;0.032382;0.0010629;0.00014569;0.029353;0.00051274;0.00029719;0.0012134;0.0063386;0.028312;0.001415;0.031205;0.031885;0.0056309;0.00030205;0.00020922;0.006664;0.0033911;0.0040427;0.00015375;0.00027623;0.00047396;0.00076641;0.0075724;0.001349;0.0022569;0.026407;0.00073694;0.0042422;0.0046982;0.0049629;0.014463;0.00029661;0.0042292;0.024571;0.016953;0.0020306;0.01154;0.0015643;0.030813;0.0055707;0.029005;0.023977;0.0029349;0.00052121;0.031789;0.0015237;0.01206;0.0014949;0.016349;0.0047515;0.00057459;0.004941;0.00015934
26;1.359;0.15827;2;0.85;0.5;50;50;Euclidean(Minimum);0.0092799;0.0021836;0.00053065;0.0019539;0.024134;0.0023426;0.00071419;0.0009723;0.0054768;0.023468;0.0025056;0.0038541;0.023098;0.0016941;0.00011592;0.022229;0.0025289;0.0015485;0.0045153;0.024548;0.019399;8.2701E-05;0.0064115;0.00069063;0.022416;0.012559;0.00035324;0.0054833;0.0017877;0.01771;0.00032105;0.020654;0.00088596;0.0069249;0.0022721;0.002118;0.019783;0.025947;0.021;0.025361;0.00018594;0.014155;0.022498;0.0022815;0.02143;0.0032154;0.00043313;0.018128;0.025735;0.025741;0.022752;0.013153;0.00050253;0.01163;0.0031452;0.0031114;0.025805;0.00057835;0.0054356;3.9014E-05;0.026209;0.0032661;0.018794;0.026371;0.00034519;0.026358;0.00033131;0.0034807;0.0027456;3.7103E-05;0.02615;0.025152;0.0019467;0.020354;0.0263;0.0055255;0.006148;0.019613;0.00097717;0.00079998;0.0094549;0.0038221;0.023946;0.026192;0.02533;0.0031041;0.0040351;0.0018754;0.0051613;0.018515;4.6274E-06;0.026248;0.00056399;0.016157;0.00020496;0.0046736
27;1.3664;0.15914;2;0.85;0.5;50;50;Euclidean(Minimum);0.016361;0.026188;0.025723;0.0034418;0.00112;0.0039494;0.020342;0.028451;0.027842;0.0013984;0.026014;0.0023065;0.026183;0.0020326;0.00043646;0.020954;0.0001875;2.8634E-06;0.00048338;0.019529;0.027798;0.022982;0.00028789;0.010857;0.0015067;0.015918;0.012322;0.00011894;0.026497;0.015171;0.0022199;0.0010804;0.026937;0.0016551;0.0012671;0.0051277;0.0009598;0.003172;0.010941;0.013919;0.025823;0.00036628;0.01918;0.00083758;0.027892;0.0014949;0.0091186;0.0027582;0.0004794;0.0014188;0.0019327;0.028324;0.00084484;0.024187;0.022905;0.0011314;0.0012582;0.0011533;0.0097357;0.015683;0.00087705;0.0070444;0.0024207;0.027035;2.9805E-05;0.019449;0.00041772;0.026426;0.026824;0.024903;0.00045147;0.012904;0.0043856;0.00048349;6.2311E-05;0.0026769;0.019546;0.00047213;0.0013812;0.00085991;0.028277;0.026903;0.0012405;0.01149;0.011625;0.0026368;0.022829;0.0090523;0.0022758;0.024161;0.0024689;8.9759E-05;0.0026912;0.0014776;0.020709;0.0032124
28;1.705;0.24807;2;0.85;0.5;50;50;Euclidean(Median);0.011126;0.0016725;0.00042103;0.002272;0.0036211;0.0022153;0.038428;0.037539;0.001624;0.0036523;0.0036461;0.027809;0.0040837;0.0031825;0.044318;0.018847;0.0012515;0.0041575;0.0036069;0.0088884;0.034324;0.0070322;0.0010275;0.041541;0.041325;0.029366;0.044787;0.0081785;0.007492;0.044713;0.0058362;0.00036817;0.00025414;0.0015713;0.045134;0.042878;0.0023004;0.030257;0.00018672;0.0024514;0.00075135;0.0011442;0.0047726;0.0016819;0.0041652;0.0047297;0.0011055;0.012968;0.0014552;0.024046;2.7914E-05;7.8679E-05;7.0922E-05;0.0012256;0.042404;0.003773;0.0011981;0.0018815;0.0033255;0.0056633;8.0976E-05;0.0015907;0.012821;0.0057839;0.029139;0.0011677;0.0020324;0.0019699;0.0048636;0.0058924;0.00052214;0.026274;0.00027876;0.0019726;0.0089404;0.0064396;0.00078741;0.0060483;0.0016619;0.0017403;0.044584;0.00066073;0.04053;0.00015751;0.0018197;0.00054429;0.0054664;0.0015883;0.0054749;0.0023252;0.0015939;0.0015544;0.0026109;0.00043811;0.0013094;0.039483
29;1.7624;0.25642;2;0.85;0.5;50;50;Euclidean(Median);0.00020488;0.040135;0.00071938;0.001504;0.001238;0.0043141;0.0021382;0.032844;0.005608;0.00094865;0.012135;0.00079884;0.0014787;0.0015943;0.0011577;0.0020174;0.0020552;0.0007784;0.0040034;0.00033369;0.0094139;0.0016342;0.039443;0.040611;0.0021667;0.00028741;0.0017452;0.00013839;0.00065034;0.00076762;0.041002;0.0042179;0.0060091;0.0037308;0.0030551;0.0052362;0.041943;0.0002483;0.012745;0.0034197;0.042104;0.00053174;0.00045254;0.041355;0.00098841;0.00062037;0.039913;0.039513;0.001202;0.012142;0.034136;0.0014131;0.0074254;0.041108;0.041324;0.039718;0.0068152;0.040426;0.0058048;0.036491;0.0028059;0.0003439;0.0072242;0.002835;0.0025261;0.001925;0.00030458;0.0037671;0.0013797;0.0010734;0.042358;0.0088136;0.03461;0.038066;0.00044257;0.00023804;0.00069591;0.0037139;0.0029771;0.0023102;0.0010329;0.00026189;0.0013757;0.00059715;0.0043912;0.0014439;0.0010612;0.0010102;0.0029654;0.00058962;0.0015183;0.00085758;0.040339;0.0034206;0.010304;0.0024698
30;1.7867;0.25995;2;0.85;0.5;50;50;Euclidean(Median);0.021244;0.048997;0.044147;0.0007999;0.01726;0.0051571;0.013228;0.018702;0.009918;0.00085176;0.00075011;0.045371;0.0022234;0.0047466;0.0024051;0.0041014;0.010938;0.0023825;0.0057191;0.00058859;0.0062132;0.00073844;0.042939;0.048557;0.0042363;0.0091238;0.0028402;0.0019375;0.017023;0.0061059;0.0016523;0.0011881;0.0029005;0.01119;0.046863;0.0010147;0.00020046;0.0024097;0.0026097;0.0010209;0.00018881;0.00066244;0.0019786;0.0057505;0.0056568;0.045598;0.0043871;0.0022765;0.0010474;0.003349;0.0018143;0.0025303;0.045827;0.0025652;0.011032;0.045013;0.0043187;0.00031123;0.0045341;0.047194;0.0468;0.0012626;0.0075419;0.0015867;0.0025009;0.0032386;0.0026333;0.0030597;0.007361;0.001238;9.2979E-05;0.0032394;0.0011354;0.0010029;0.00055311;0.0016469;0.0042387;0.0011446;0.036342;0.00046952;0.00066377;0.042601;0.040131;0.00027145;0.00054388;0.0013313;0.0016838;0.00079375;0.0032861;0.0036648;0.026048;0.04142;0.0022479;0.0012797;0.00039206;0.00022569
31;2.0368;0.034513;2;0.85;0.5;50;50;Euclidean(MinimumTimesMedian);0.026173;0.0021506;0.0019053;0.0084815;0.00056331;0.0035448;0.024128;0.0015432;0.027612;0.0019546;0.029932;0.0055982;0.00055502;0.00026215;0.025075;0.0035712;0.0077562;0.024209;0.0029081;0.002154;0.0014346;0.017122;0.02997;0.0037925;0.0067528;0.0042548;0.020497;9.1787E-05;0.0033356;0.00044056;0.010637;0.0058141;0.0017898;0.00026785;0.01282;0.02373;0.014046;0.0011889;0.028393;0.003281;0.00044978;0.030132;0.019689;0.00079345;0.0028688;0.020499;0.0009917;0.00046602;0.030107;0.00082484;0.011447;0.0021292;0.0010704;0.007522;9.4566E-05;0.020042;0.00066284;0.029606;0.004106;0.00013218;7.2249E-05;0.019236;0.028368;0.0045085;0.0072613;0.030571;0.00094533;0.00015541;0.0042609;0.030175;0.005667;0.028802;0.0038481;0.030286;0.00015257;0.0074103;0.00090148;0.0017703;0.00030609;9.9381E-05;0.00013126;0.027346;0.013298;0.030042;0.00092058;0.024558;0.0011619;0.017612;0.0070132;0.0298;0.00023622;0.00071487;0.02854;0.030993;0.0049001;0.0045679
32;2.3618;0.040019;2;0.85;0.5;50;50;Euclidean(MinimumTimesMedian);0.029802;0.027432;0.038096;0.037996;0.0022361;0.0048256;0.00027359;0.038145;0.0007128;0.032176;0.0051786;0.0030878;0.0011602;0.0026619;0.00065155;0.0005114;0.0022873;0.032854;0.005569;0.0025282;0.027778;0.00038812;0.0066404;0.033797;0.00037194;0.008379;0.0005729;0.0012781;0.0093242;0.00014683;0.00045626;0.037044;0.0057601;0.0028927;0.011539;0.032149;0.0074586;0.0030429;0.00040871;0.013022;0.035444;0.0010601;0.00068683;0.0015919;0.0041154;0.00237;0.033539;0.00044706;0.0032832;0.00027541;0.0036038;0.015336;0.0013254;0.0015583;0.00082862;0.0018632;0.036991;0.00064204;3.8727E-05;0.0095532;0.0040464;0.0016768;0.0022911;0.00091587;0.00091833;0.00015187;0.00059002;0.0011986;0.0015665;0.027167;0.0013451;0.00078946;0.00013202;0.0012107;0.00066471;0.0025971;0.035301;0.00012081;0.0081114;0.037053;0.0016054;0.00027484;0.036236;0.0045723;0.0050682;0.0003051;0.011666;0.0044281;0.035755;0.037467;0.024763;0.036884;0.0059212;0.0036603;0.00024253;0.038115
33;2.2147;0.037527;2;0.85;0.5;50;50;Euclidean(MinimumTimesMedian);0.00062596;0.0033863;0.0012226;0.0011646;0.0004375;0.012834;0.00073311;0.0052095;0.00010181;0.001417;0.028707;0.0061135;0.0045011;0.0045639;0.036172;0.030941;0.0060237;0.027972;2.2154E-05;0.0093936;0.0023663;0.00017295;0.0099918;0.032562;0.00055913;0.026271;0.01191;0.0034818;0.00024622;0.0005065;0.0015946;0.034964;0.025354;0.035794;0.0018975;0.034305;3.1662E-05;0.0039078;0.00060456;0.0052215;0.0040676;0.0047266;0.0013349;0.0051414;0.033084;0.0022483;0.010531;0.0075632;0.0013798;0.031208;0.005539;0.035031;0.0043076;0.00070935;0.0072616;0.00029033;0.025083;0.0013544;0.00057188;0.006149;0.0021924;0.0041156;0.0036423;0.0022981;0.0012324;0.0023172;0.0012052;0.030121;0.00032077;0.001443;0.00011253;0.036677;0.031513;0.0051767;0.036135;0.030397;0.0027643;0.034085;0.00025228;0.029884;0.0003783;0.031643;0.024884;0.003345;0.001291;0.00017488;0.0036848;0.0020038;0.00043359;0.0028289;0.0016221;0.03226;0.0033231;4.2727E-05;0.035174;0.00015972
34;1.778;317.01;2;0.85;0.5;50;50;Euclidean(Summation);0.001264;0.00017949;0.011681;0.0083232;0.002275;0.00014304;0.00054859;0.042539;0.03807;0.0034076;0.00031513;0.00056544;0.0020697;0.010441;0.0012576;0.0050591;0.0022763;0.0027466;0.0017444;0.03924;0.0028204;0.0046185;0.036002;0.0050066;0.00022192;0.041723;0.00084375;0.0003914;0.002458;0.00058264;0.0012813;0.0044095;0.010658;0.00016452;0.0016093;0.0012849;0.0076356;0.0071154;0.0011001;0.00091469;0.041598;0.0035048;0.0029658;0.00090151;0.0017559;0.0026058;0.0033702;0.042098;0.033692;0.0025471;0.00083808;0.0037784;0.0044692;0.044337;0.00089586;0.00016647;0.00091132;0.0001002;0.0051484;0.0016629;0.0022346;0.00019027;0.0040458;0.0054197;0.0015111;0.0037657;0.0012114;0.0022516;0.043187;0.00052506;0.044807;0.042983;0.00068416;0.041715;0.00011721;0.03861;0.0040723;0.000296;0.0015162;0.0042572;0.041658;0.042581;0.00083321;0.0021104;0.00076586;0.0007913;0.018785;0.04279;0.036636;0.0017404;0.016156;0.041076;0.0039913;0.00026756;0.002166;0.0019178
35;1.7753;316.52;2;0.85;0.5;50;50;Euclidean(Summation);0.044276;0.0013429;0.0011773;0.0016832;0.04124;0.00040445;0.0037903;0.0041081;0.0046686;0.0050135;0.0043761;0.0016088;0.044291;0.0098365;0.00037139;1.2495E-05;0.0027245;0.040856;0.0016499;0.0013916;0.0078454;0.00052472;0.00056687;0.040347;0.00049179;0.0011951;0.00013952;0.0015615;0.0018241;0.0021548;0.0036042;0.039921;0.00089587;0.0018392;0.00067668;0.0092111;0.044041;0.00050361;0.040029;0.00075381;0.010024;0.00025064;0.0029808;0.0003419;0.0028493;0.0042367;0.0029945;0.0012455;0.0046438;0.0030927;0.00017095;0.042234;0.041364;0.00054722;0.00060276;0.0024722;0.0031575;0.0012091;0.0043488;0.00081353;0.0042253;0.0019639;0.0022703;0.004835;0.0083356;0.0019214;0.0079643;0.0016467;0.0022805;0.043255;0.0011786;0.0092226;0.0027825;0.043307;0.0095916;0.0031505;0.00023521;0.037538;0.036872;0.00075644;0.027844;0.0020621;0.0012479;0.042248;0.0086763;7.0031E-05;0.00067327;0.043922;0.0031876;0.0057901;0.041225;0.0093241;0.042377;0.0023894;0.0027537;0.00034841
36;1.7326;308.92;2;0.85;0.5;50;50;Euclidean(Summation);0.047202;0.0011851;0.003508;0.04778;0.0088972;0.00074495;0.00034409;0.043763;0.0092636;0.0015609;0.0018808;0.00040987;0.01414;0.042823;0.0095133;0.00080662;0.0020259;0.0055781;0.00025095;0.0020547;0.032922;0.003431;0.0020189;0.01523;0.0012742;0.003384;0.015622;0.0034501;0.00083339;0.00022028;0.0048469;0.020834;0.0025504;0.0017176;0.0044706;0.00080789;0.0010898;0.041942;0.0072325;0.00025692;0.0013117;0.017736;0.0030206;0.0010884;0.00081448;0.00016621;0.019169;0.0044644;0.015955;0.00029425;0.020791;0.0038414;0.00028977;0.044515;0.0028722;0.0014152;0.043665;0.048072;0.0023161;0.0029492;0.0026298;0.002018;0.0050818;0.0015371;0.0099304;0.020157;0.0034172;0.007657;0.0027132;0.046591;0.0012515;0.039867;0.0007508;0.046745;0.0023448;0.041556;0.0013616;0.00046869;0.0073965;0.0074503;0.00077131;0.00099768;0.0019563;0.024857;0.0014077;0.0033404;0.00095943;0.0023746;0.0094089;0.0016705;0.00226;0.00054022;0.047021;0.0026785;0.0044462;0.0017691
differential evolutions parameters, by distance
i;dDE / dP;distance;type;parentWeight;crossover;population;iterations;distance;weights ->
1;1.001;1.0809;2;0.85;0.5;50;50;Manhattan(GeometricAverage);0.0033084;0.00054323;0.018812;0.00047519;0.012465;0.0082163;0.003693;0.01124;0.00012322;0.011206;0.01725;0.01421;0.0054798;0.011199;0.004889;0.0087355;0.010009;0.00075309;3.6064E-05;0.016318;0.004362;0.0054217;0.017293;0.013042;0.016042;0.012418;0.0016791;0.014061;0.0161;0.012081;0.0097886;0.014946;0.0073063;0.018401;0.0032722;0.010189;0.010784;0.019584;0.00074588;0.0014671;0.0014819;0.0042059;0.016969;0.0090296;0.01587;0.015049;0.019957;0.020291;0.016788;0.0096453;0.016351;0.0097743;0.015449;0.0031569;0.0020559;0.0060741;0.0088971;0.010993;0.00048453;0.0078734;0.018853;0.0003967;0.015574;0.012935;0.014069;0.011986;0.0097053;0.0037666;0.019941;0.01582;0.0032662;0.010345;0.0072974;0.0022202;0.011099;0.010554;0.0017958;0.017767;0.018299;0.010672;0.015367;0.019753;0.019144;0.012573;0.0175;0.0076326;0.011584;0.015905;0.0014471;0.012379;0.0051258;0.012327;0.020121;0.014148;0.013135;0.0071522
2;1.001;1.0809;2;0.85;0.5;50;50;Manhattan(GeometricAverage);0.0018014;2.9639E-05;0.018615;0.0017548;0.011789;0.0099596;0.0090053;0.019024;2.5422E-05;0.019074;0.017371;0.017598;0.012154;0.011415;8.3142E-05;0.0095576;0.014788;0.0012448;0.00070306;0.018774;0.0037281;0.0023223;0.019722;0.019072;0.015207;0.0094809;0.003077;0.012389;0.012903;0.0038029;0.014119;0.01361;0.010116;0.020249;0.00057056;0.0051198;0.0079009;0.019918;0.0015067;0.0085566;0.00049311;0.0065575;0.019471;0.005309;0.013986;0.011378;0.019897;0.018897;0.017623;0.012203;0.0081688;0.013336;0.014381;0.016265;0.002105;0.00060854;0.00025601;0.0097732;0.0013449;0.016816;0.014369;3.8322E-06;0.016175;0.0093977;0.014471;0.0092932;0.0068344;0.00093413;0.01744;0.014039;0.00099532;0.01313;0.0067376;0.0054268;0.0096942;0.015006;0.0012382;0.010652;0.020266;0.0129;0.016674;0.013423;0.013587;0.016927;0.016057;0.0038892;0.01188;0.019021;0.00099044;0.0087794;0.0046828;0.015167;0.01589;0.016131;0.011993;0.0089017
3;1.0011;1.081;2;0.85;0.5;50;50;Manhattan(GeometricAverage);0.0013441;0.0023126;0.017014;0.00095636;0.012821;0.0081427;0.00073598;0.019013;0.00055122;0.017506;0.017864;0.018251;0.015205;0.019132;0.0035647;0.0024075;0.015226;0.00032312;0.00062804;0.019045;0.001221;0.0070819;0.018136;0.017617;0.014554;0.014568;0.0046967;0.012265;0.019311;0.0018816;0.011845;0.015662;0.0047548;0.013819;7.7978E-05;0.0050709;0.0071663;0.020167;0.001996;0.0048005;0.00046263;0.004768;0.013811;0.0023327;0.014862;0.01645;0.018595;0.017484;0.013164;0.012615;0.013115;0.019202;0.0083136;0.015718;0.00081806;0.00055234;0.00074754;0.008619;0.00073324;0.0051584;0.014496;0.00079543;0.019337;0.019879;0.016358;0.011472;0.005876;0.0026806;0.020663;0.005527;0.0027037;0.014203;0.0052792;0.00061256;0.0078506;0.012213;0.004871;0.020545;0.015805;0.014141;0.0097463;0.015131;0.020031;0.01888;0.017279;0.0024233;0.0126;0.020205;0.0015019;0.0058123;0.011577;0.019367;0.020575;0.019816;0.0091176;0.0043755
4;1.0013;1.0819;2;0.85;0.5;50;50;Manhattan(Average);0.00070779;0.00025737;0.021866;0.001696;0.017777;0.01345;0.00033042;0.0068138;0.00058178;0.0063538;0.018949;0.014721;0.01457;0.011201;0.0013487;0.0030406;0.016396;0.00013595;0.00071429;0.020991;0.0012523;0.010582;0.020334;0.0044246;0.017762;0.0098301;0.0055978;0.01969;0.01504;0.00065932;0.018658;0.020083;0.0020788;0.017045;0.000565;0.003169;0.0035133;0.019938;0.0018407;0.0080025;0.0004425;0.0019823;0.020018;0.0026537;0.016721;0.01377;0.020192;0.020205;0.020322;0.015285;0.017554;0.0086314;0.015977;0.014672;0.0003314;0.0012503;9.9618E-05;0.019292;0.0012758;0.00046066;0.0080477;0.00024053;0.015838;0.018918;0.0097398;0.017968;0.0090825;0.002127;0.021528;0.012763;0.0015454;0.018632;0.0047163;0.00055255;0.013015;0.016317;0.0015452;0.019554;0.020955;0.016502;0.012672;0.019594;0.020928;0.014304;0.016374;0.0013043;0.011706;0.010852;0.00043893;0.00085472;0.0091228;0.018644;0.017229;0.016503;0.011768;0.0050166
5;1.0013;1.0819;2;0.85;0.5;50;50;Manhattan(Average);0.00083209;0.0031015;0.016964;0.00088558;0.017103;0.014078;0.0042308;0.0097095;0.00023115;0.0044315;0.022293;0.015507;0.014654;0.021837;0.00022798;0.0088166;0.017169;0.0002787;0.00029055;0.022076;0.00019642;0.0070762;0.021003;0.0052856;0.021268;0.0094156;0.00028235;0.012974;0.019776;0.00056629;0.014018;0.018374;0.00083214;0.020151;0.00097497;0.0065632;0.0084468;0.020215;0.00039245;0.0034686;0.0002246;0.00026641;0.010856;0.0024154;0.010543;0.0084174;0.01682;0.020697;0.017975;0.021185;0.020464;0.017522;0.017352;3.8637E-06;0.00015191;0.00051624;0.0014632;0.015497;0.00022513;0.0015997;0.020646;0.00023182;0.016631;0.017099;0.017319;0.011904;0.0041962;0.00049152;0.020179;0.02118;0.00061009;0.019093;0.0086819;0.00094588;0.015492;0.017646;0.0010995;0.011715;0.016649;0.01136;0.016106;0.016168;0.022083;0.015532;0.018101;0.0059081;0.0088882;0.0099145;0.0021668;0.0018962;0.01182;0.01663;0.020678;0.016132;0.0016628;0.012952
6;1.0013;1325.3;2;0.85;0.5;50;50;Manhattan(Summation);0.003045;0.0015772;0.010016;0.0010054;0.013704;0.0079387;0.0010011;0.014918;0.00047078;0.012141;0.020329;0.016918;0.0094215;0.01645;0.0006857;8.0387E-05;0.018711;0.0011049;0.00080534;0.0218;0.0011004;0.0061435;0.018813;0.019337;0.017309;0.014357;0.0017256;0.012219;0.016958;0.00056028;0.01333;0.013311;0.0038231;0.023072;0.0018259;0.0033389;0.0034973;0.022563;0.001381;0.0046591;0.00045797;0.00026837;0.0189;0.012466;0.022216;0.018923;0.022591;0.019286;0.012345;0.020318;0.023052;0.013304;0.010904;0.0080669;0.00032128;0.00048044;0.0019129;0.016423;0.00099331;0.0021491;0.020449;1.9367E-05;0.014348;0.013788;0.013654;0.013029;0.0053156;0.00087469;0.02136;0.016801;0.00091847;0.015109;0.013248;0.00071301;0.011974;0.010055;0.000309;0.017649;0.020752;0.0064494;0.017115;0.010711;0.022707;0.023801;0.016889;0.0056125;0.0044206;0.017961;0.0014919;0.0004024;0.005531;0.017875;0.01955;0.01306;0.0047208;0.0045139
7;1.0013;1325.3;2;0.85;0.5;50;50;Manhattan(Summation);0.0004458;0.00055522;0.018203;0.00096293;0.017334;0.012653;0.0015469;0.013136;0.00024754;0.0031748;0.020054;0.0072393;0.013657;0.010845;0.00025804;0.0060179;0.017868;0.00042258;0.001082;0.021142;0.00036774;0.0099468;0.020704;0.010181;0.020732;0.0089672;0.00067515;0.0087499;0.020179;0.0014106;0.020475;0.020844;0.0053708;0.01688;0.00065712;0.015088;0.0054972;0.018398;0.0010169;0.0082523;0.00011244;0.0026803;0.013278;0.0027019;0.0086366;0.015989;0.021515;0.017363;0.014024;0.018886;0.019339;0.018789;0.015895;0.014383;0.00012892;0.00051482;0.0013477;0.010233;2.2573E-05;0.006615;0.017612;0.00030612;0.017688;0.017245;0.017792;0.020711;0.0035153;6.2854E-05;0.01986;0.011578;0.00067909;0.016379;0.0074368;0.00052484;0.0080926;0.013591;0.0024247;0.021156;0.014013;0.01037;0.018037;0.016741;0.021139;0.012192;0.016081;0.0052471;0.0057617;0.018447;0.00060183;0.00070243;0.0039182;0.019567;0.018924;0.015079;0.014859;0.0079733
8;1.0013;1.0819;2;0.85;0.5;50;50;Manhattan(Average);0.0020739;0.0010808;0.018175;0.00062804;0.0056534;0.0093249;0.00078545;0.016982;0.0006664;0.009476;0.020203;0.013362;0.0076127;0.015632;0.0001004;0.00079057;0.018846;0.00021504;0.00039727;0.02378;0.00098718;0.0081224;0.021587;0.0087714;0.023639;0.0098264;0.0019603;0.018584;0.016511;0.0015752;0.013713;0.018378;0.0071089;0.023986;0.0014854;0.0032513;0.0011976;0.021981;0.0035097;0.0085317;0.00020349;7.8114E-05;0.011321;0.012669;0.015714;0.015559;0.018961;0.019531;0.012245;0.017428;0.021116;0.023249;0.018928;0.0059912;3.758E-05;0.00020308;0.00019327;0.0034138;0.00018006;0.0046735;0.015722;0.0008781;0.023415;0.014577;0.0087072;0.0026635;0.0027185;0.00056136;0.021946;0.015497;0.0023518;0.018522;0.0026264;0.0013678;0.011019;0.017837;0.00093494;0.014027;0.021762;0.018563;0.02404;0.014812;0.022885;0.008219;0.019362;0.0081952;0.0092996;0.020691;0.0020427;0.00076036;0.001705;0.018484;0.021112;0.015642;0.012803;0.0020605
9;1.0013;1325.3;2;0.85;0.5;50;50;Manhattan(Summation);0.00053261;0.0021867;0.016361;0.0010496;0.014486;0.0022451;0.00069132;0.009784;5.1225E-05;0.012831;0.01861;0.013212;0.012017;0.021242;0.00085255;0.003267;0.01397;0.00046059;0.0010751;0.023049;0.00036157;0.012844;0.021052;0.01064;0.020827;0.0023657;0.003519;0.017575;0.018308;0.0032994;0.014333;0.022029;0.0036796;0.021043;0.0012164;0.01205;0.0057927;0.022446;0.0016819;0.0048131;0.00036794;0.0053185;0.015671;0.0047561;0.018994;0.018986;0.019586;0.018961;0.020875;0.01773;0.018169;0.014034;0.016953;0.0055666;0.00025022;0.00074525;0.00027298;0.018099;0.00075144;0.0010405;0.021207;0.00025664;0.022006;0.022946;0.012394;0.011239;0.0019406;0.00091254;0.022897;0.0096098;0.0003439;0.017458;0.0071929;0.00011644;0.0091072;0.010331;0.0001573;0.022015;0.022148;0.00096261;0.021196;0.013856;0.019205;0.012627;0.020662;0.0036113;0.0038376;0.0060032;0.00095413;0.0045454;0.0064129;0.017419;0.020614;0.019659;0.0070784;0.0020958
10;1.0051;1.0865;2;0.85;0.5;50;50;Manhattan(Median);0.0058108;0.015199;0.0057574;0.011875;0.01762;0.007751;0.0047134;0.015337;0.0017059;0.0060687;0.0098618;0.0078645;0.011285;0.010199;0.0032822;0.0094884;0.018934;0.016809;0.00020774;0.0052683;0.0019809;0.016456;0.010497;0.010216;0.0088005;0.011666;0.017145;0.01056;0.0067868;0.014481;0.016699;0.0049926;0.012089;0.018255;0.00071055;0.017178;0.0075064;0.017545;0.0065035;0.0037413;0.014596;0.011181;0.0049951;0.010032;0.0053685;0.0089551;0.017308;0.0085523;0.018889;0.013429;0.015085;0.0027495;0.016009;0.0069137;0.005188;0.016311;0.019366;0.019564;0.016982;0.018477;0.017669;0.0088991;0.017015;0.01003;0.014988;0.00014806;0.019042;0.0040119;0.011218;0.016483;0.0081094;0.0025873;0.0041714;0.0071147;0.014885;0.0025071;0.0030172;0.011252;0.0020674;0.013694;0.0025176;0.015014;0.00033375;0.0097955;0.0039691;0.0026645;0.01868;0.012976;0.01919;0.0028602;0.012384;0.012869;0.0072346;0.0095169;0.018349;0.01394
11;1.0055;1.0869;2;0.85;0.5;50;50;Manhattan(Median);0.0018716;0.017718;0.019751;0.01684;0.0047321;0.0081316;0.013622;0.0071133;0.0031236;0.011247;0.013485;0.003502;0.017251;0.015783;0.0018837;0.019143;0.018928;0.003971;0.0020438;0.0079075;0.013099;0.015029;0.014873;0.0034167;0.016353;0.018839;0.014818;0.0072054;0.00025008;0.01912;0.0050638;0.01675;0.0068781;0.018435;0.014299;0.019836;0.015651;0.0072474;0.02042;0.013234;0.018394;0.0026031;0.00035439;0.010459;0.017542;0.014347;0.0019462;0.0020316;0.016738;0.013037;0.0096873;0.0098382;0.0046195;0.0094599;0.0024098;0.0064917;0.010465;0.018883;0.002222;0.0094316;0.0011809;0.00052997;0.01443;0.019657;0.000104;0.010775;0.013628;0.019442;0.0021664;0.001894;0.0058045;0.0088201;0.0033164;0.0048411;0.011503;0.012536;0.0040422;0.0039885;0.014082;0.0017884;0.0065585;0.017241;0.0036783;0.012616;0.0056604;8.4761E-05;0.018547;0.015627;0.013901;0.020599;0.01862;0.016526;0.006621;0.01613;0.019244;0.0039931
12;1.0067;1.0882;2;0.85;0.5;50;50;Manhattan(Median);0.0032929;0.013827;0.0071814;0.0018013;0.0062677;0.0050109;0.0047323;0.01065;0.0023217;0.011536;0.00049474;0.004366;0.006003;0.016925;0.0034831;0.016241;0.017946;0.0049983;0.0032059;0.0044508;0.0077203;0.022743;0.0041564;0.0060569;0.0017139;0.021501;0.018492;0.0069077;0.0090481;0.0089326;0.019764;0.013652;0.015989;0.0047655;0.0028465;0.020777;0.012347;0.013603;0.01006;0.0045728;0.018287;0.0026344;0.015584;0.00054322;0.018638;0.017147;0.0037678;0.011973;0.00061687;0.016473;0.0094915;0.014336;0.0092433;0.022342;0.0049632;0.0041443;0.00095089;0.010436;0.017174;0.010209;0.0088954;0.0084677;0.0064118;0.022041;0.016243;0.020058;0.0072012;0.016712;0.0031176;0.0022574;0.0085191;0.0054076;0.011832;0.00015907;0.01932;0.0066881;0.013357;0.020758;0.0082742;0.0070246;0.0039767;0.011765;0.0042718;0.0090509;0.015466;0.014716;0.021922;0.020609;0.012815;0.0033941;0.022625;0.0157;0.01628;0.018347;0.016465;0.00051286
13;1.0413;0.98009;2;0.85;0.5;50;50;Manhattan(Minimum);0.017301;0.0028959;0.018873;0.01016;0.017847;0.016649;0.0025007;0.015566;0.0088996;0.014323;0.010178;0.018207;0.013637;0.0013614;0.0079918;0.016434;0.010967;0.0093788;0.012199;0.0089621;0.017559;0.01541;0.010259;0.0063209;0.0031751;0.0095455;0.014566;0.012148;0.012144;0.014863;0.0022126;0.01021;0.010187;0.0054486;0.0067047;0.0096543;0.0053669;0.014699;0.00080538;0.010078;0.0058389;0.0079658;0.017727;0.0031393;0.013418;0.0045342;0.01813;0.0045322;0.014964;0.016694;0.015724;0.016946;0.013358;0.0048869;0.0084282;0.011537;0.0089339;0.014411;0.0037902;0.010865;0.0087612;0.0058281;0.0018869;0.017904;0.013471;0.014157;0.002471;0.011749;0.016243;0.0052623;0.015804;0.012699;0.017096;0.0055316;0.0022446;0.015203;0.0072492;0.0061964;0.0040153;0.014027;0.0071457;0.0016631;0.015704;0.014001;0.0056243;0.007228;0.004766;0.007518;0.015745;0.008442;0.013114;0.011794;0.016291;0.017388;0.0068925;0.0073733
14;1.0445;0.98314;2;0.85;0.5;50;50;Manhattan(Minimum);0.005147;0.010107;0.017311;0.0086157;0.0034168;0.0082247;0.0084255;0.014946;0.014227;0.0091138;0.016789;0.010765;0.0048219;0.015387;0.017635;0.012788;0.0036601;0.0008091;0.012657;0.015071;0.010143;0.0047795;0.016748;0.0099747;0.0078943;0.016003;0.0048659;0.0078445;0.0076705;0.016403;0.018271;0.0093208;0.018368;0.0042736;0.0084146;0.0037695;0.0076358;0.016777;0.008917;0.0063406;0.0049635;0.0063062;0.014751;0.012008;0.0053271;0.0024395;0.014645;0.0017502;0.0065087;0.010134;0.011217;0.016037;0.010742;0.0078204;0.016148;0.010263;0.0050507;0.015456;0.016122;0.011727;0.017822;0.012249;0.011945;0.01189;0.0030029;0.010019;0.0068333;0.0043509;0.01722;0.0077113;0.010577;0.0095446;0.012767;0.0040943;0.013016;0.015073;0.0067937;0.0088283;0.006941;0.010508;0.015446;0.0053416;0.016787;0.016424;0.011415;0.016603;0.0066239;0.0022282;0.01715;0.01174;0.0087239;0.011185;0.016467;0.0045164;0.0059225;0.018488
15;1.0465;1.0648;2;0.85;0.5;50;50;Manhattan(MinimumTimesMedian);0.011865;0.018214;0.01383;0.00025434;0.018714;0.0057218;0.0024246;0.0077181;0.016895;0.012876;0.004245;0.015062;0.017739;0.018698;0.013905;0.00024699;0.013414;0.018014;0.0026655;0.0033183;0.0086005;0.0040152;0.013925;0.002561;0.0015843;0.0075905;0.010274;0.0050351;0.0024834;0.019637;0.0036215;0.00767;0.012927;0.011011;0.010381;0.016542;0.012579;0.014375;0.015798;0.0021177;0.0047163;0.015974;0.015579;0.010306;0.014458;0.01046;0.019183;0.01153;0.0049467;0.013321;0.017612;0.018447;0.0086319;0.0059365;0.016213;0.0094138;0.012403;0.0084294;0.0061625;0.013291;0.019129;0.016834;0.012518;0.0041444;0.012216;0.013737;0.0014194;0.0068919;0.013165;0.010023;0.0073133;0.016869;0.0025849;0.0035732;0.0065835;0.0078041;0.013571;0.0027955;0.016612;0.0099214;0.0061012;0.017839;0.013333;0.019283;0.018337;0.0013995;0.014141;0.01179;0.00033159;0.0193;0.0020581;0.0028585;0.0090882;0.014163;0.0086569;0.0080533
16;1.0474;1.0657;2;0.85;0.5;50;50;Manhattan(MinimumTimesMedian);0.0020203;0.0083131;0.017708;0.017466;0.010365;0.015663;0.0029208;0.018133;0.010582;0.0098191;0.0063931;0.0086972;0.0067808;0.0080471;0.0082546;0.0086918;0.0051423;0.0011242;0.017673;0.012191;0.018641;0.011144;0.010723;0.010026;0.007006;0.007876;0.0036774;0.003417;0.01699;0.016737;0.0063459;0.017958;0.010614;0.010323;0.014655;0.010929;0.013701;0.015578;0.010714;0.0048308;0.0059365;0.010872;0.018238;0.014593;0.011628;0.0082145;0.010964;0.0086415;0.0068474;0.012077;0.017053;0.018862;0.0026892;0.013492;0.018142;0.0080237;0.016923;0.016499;0.004635;0.017871;0.012497;0.0033303;0.017295;0.0081087;0.011014;0.019018;0.0013773;0.012467;0.0081441;0.013445;0.017232;0.0021518;0.0089781;0.0099467;0.0024853;0.011922;0.007731;0.011578;0.00065056;0.014557;0.0089771;0.0058252;0.0099479;0.017224;0.0016856;7.4423E-06;0.013739;0.0070964;0.0030078;0.013336;0.0061363;0.0048265;0.015102;0.0088647;0.012813;0.017409
17;1.0479;1.0662;2;0.85;0.5;50;50;Manhattan(MinimumTimesMedian);0.0099297;0.0085113;0.016006;0.0056966;0.011305;0.017025;0.014023;0.017018;0.002849;0.0033259;0.013916;0.0081344;0.009581;0.010188;0.01334;0.0095678;0.010491;0.0070317;0.0020429;0.020219;0.0053858;0.01516;0.015868;0.0098143;0.005128;0.01323;0.0072468;0.0046759;0.009461;0.0077179;0.0060656;0.017036;0.0052687;0.0077434;0.0081649;0.01357;0.017736;0.01506;0.014937;0.015622;0.0049732;0.0043282;0.018326;0.0061167;0.018112;0.014188;0.016332;0.011638;0.008255;0.013832;0.0070694;0.019109;0.0068948;0.0072362;0.01243;0.0077747;0.0038353;0.017565;0.0027323;0.015156;0.0081021;0.0094947;0.015844;0.015135;0.0085209;0.0026213;0.0027029;0.0018899;0.012833;0.0036575;0.0033455;0.010414;0.0094882;0.0082765;0.0084804;0.012165;0.0064393;0.0090753;0.006653;0.019913;0.015611;0.010111;0.020117;0.0089718;0.010332;0.011712;0.0080896;0.010484;0.0029583;0.014582;0.0047274;0.010323;0.014776;0.012801;0.0095991;0.018755
18;1.0501;0.98836;2;0.85;0.5;50;50;Manhattan(Minimum);0.0093035;0.011331;0.015497;0.0075053;0.010471;0.0078896;0.0023507;0.016516;0.017428;0.0026339;0.010073;0.0085764;0.0034641;0.013724;0.012711;0.0093848;0.017371;0.0030991;0.0042415;0.019423;0.0043728;0.0012614;0.010297;0.002552;0.01026;0.01287;0.011633;0.0065589;0.00085895;0.0093106;0.007248;0.010503;0.018852;0.0093955;0.017231;0.010115;0.016391;0.0088971;0.017749;0.0080234;0.0054994;0.011904;0.010996;0.0047106;0.018684;0.0094205;0.0070127;0.0094569;0.0077126;0.0059891;0.014745;0.01877;0.014181;0.0067782;0.016582;0.011274;0.0083883;0.017925;0.010752;0.015657;0.010727;0.014504;0.019761;0.012062;0.0061085;0.01431;0.0070873;0.0049552;0.0085736;0.0060758;0.017871;0.015464;0.005189;0.011222;0.0077047;0.012132;0.015389;0.0046583;0.0090232;0.017704;0.0052612;0.011837;0.01295;0.012587;0.0043803;0.012172;0.0033674;0.0042446;0.01407;0.0079026;0.010494;0.012277;0.014473;0.0050868;0.0088365;0.015724
19;1.359;0.15827;2;0.85;0.5;50;50;Euclidean(Minimum);0.0092799;0.0021836;0.00053065;0.0019539;0.024134;0.0023426;0.00071419;0.0009723;0.0054768;0.023468;0.0025056;0.0038541;0.023098;0.0016941;0.00011592;0.022229;0.0025289;0.0015485;0.0045153;0.024548;0.019399;8.2701E-05;0.0064115;0.00069063;0.022416;0.012559;0.00035324;0.0054833;0.0017877;0.01771;0.00032105;0.020654;0.00088596;0.0069249;0.0022721;0.002118;0.019783;0.025947;0.021;0.025361;0.00018594;0.014155;0.022498;0.0022815;0.02143;0.0032154;0.00043313;0.018128;0.025735;0.025741;0.022752;0.013153;0.00050253;0.01163;0.0031452;0.0031114;0.025805;0.00057835;0.0054356;3.9014E-05;0.026209;0.0032661;0.018794;0.026371;0.00034519;0.026358;0.00033131;0.0034807;0.0027456;3.7103E-05;0.02615;0.025152;0.0019467;0.020354;0.0263;0.0055255;0.006148;0.019613;0.00097717;0.00079998;0.0094549;0.0038221;0.023946;0.026192;0.02533;0.0031041;0.0040351;0.0018754;0.0051613;0.018515;4.6274E-06;0.026248;0.00056399;0.016157;0.00020496;0.0046736
20;1.3664;0.15914;2;0.85;0.5;50;50;Euclidean(Minimum);0.016361;0.026188;0.025723;0.0034418;0.00112;0.0039494;0.020342;0.028451;0.027842;0.0013984;0.026014;0.0023065;0.026183;0.0020326;0.00043646;0.020954;0.0001875;2.8634E-06;0.00048338;0.019529;0.027798;0.022982;0.00028789;0.010857;0.0015067;0.015918;0.012322;0.00011894;0.026497;0.015171;0.0022199;0.0010804;0.026937;0.0016551;0.0012671;0.0051277;0.0009598;0.003172;0.010941;0.013919;0.025823;0.00036628;0.01918;0.00083758;0.027892;0.0014949;0.0091186;0.0027582;0.0004794;0.0014188;0.0019327;0.028324;0.00084484;0.024187;0.022905;0.0011314;0.0012582;0.0011533;0.0097357;0.015683;0.00087705;0.0070444;0.0024207;0.027035;2.9805E-05;0.019449;0.00041772;0.026426;0.026824;0.024903;0.00045147;0.012904;0.0043856;0.00048349;6.2311E-05;0.0026769;0.019546;0.00047213;0.0013812;0.00085991;0.028277;0.026903;0.0012405;0.01149;0.011625;0.0026368;0.022829;0.0090523;0.0022758;0.024161;0.0024689;8.9759E-05;0.0026912;0.0014776;0.020709;0.0032124
21;1.4524;0.16915;2;0.85;0.5;50;50;Euclidean(Minimum);0.0035551;0.032396;0.013278;0.0018157;0.00048079;0.0028512;0.010507;0.0014184;0.0007265;0.030028;0.031802;0.00038208;0.0037779;0.0011699;0.031619;0.0024695;5.5316E-05;0.0072825;0.00075914;0.021285;0.00030137;0.0063077;0.030803;0.015055;0.029894;0.013755;0.00039817;0.00071027;0.031822;0.0038209;0.029789;0.015517;0.0025444;0.029726;0.00012228;0.0071639;0.0029165;0.024027;0.0062925;0.0038177;0.0025378;0.032456;0.032192;0.032382;0.0010629;0.00014569;0.029353;0.00051274;0.00029719;0.0012134;0.0063386;0.028312;0.001415;0.031205;0.031885;0.0056309;0.00030205;0.00020922;0.006664;0.0033911;0.0040427;0.00015375;0.00027623;0.00047396;0.00076641;0.0075724;0.001349;0.0022569;0.026407;0.00073694;0.0042422;0.0046982;0.0049629;0.014463;0.00029661;0.0042292;0.024571;0.016953;0.0020306;0.01154;0.0015643;0.030813;0.0055707;0.029005;0.023977;0.0029349;0.00052121;0.031789;0.0015237;0.01206;0.0014949;0.016349;0.0047515;0.00057459;0.004941;0.00015934
22;1.6584;0.24095;2;0.85;0.5;50;50;Euclidean(GeometricAverage);0.0041735;0.0015609;0.0027797;0.041423;0.0043752;0.037571;0.0034613;0.041279;0.0012427;0.032649;0.00062158;0.018754;0.00033387;0.0013832;0.0076622;0.00017438;0.042373;0.0059084;0.0023737;0.0012553;0.0051225;0.0050114;0.0025231;0.0039539;0.00012078;0.042961;0.00047637;0.017832;0.0025518;0.0021616;0.027605;0.0072622;0.00054801;0.04334;0.00186;0.0033187;0.0017617;0.00020294;0.015051;0.0075954;0.0024818;0.0033265;0.0012687;0.0015199;0.042581;0.02306;0.040762;0.042574;0.0045336;0.0033108;0.0015753;0.0064724;0.00018455;0.0057839;0.0010283;0.039051;0.0054388;0.00031077;0.00013494;0.0033028;0.0017859;0.0036247;0.040438;0.00087586;0.037814;0.010573;0.00040145;0.0066326;0.0042718;0.00038068;0.0010816;0.00057579;0.0088838;0.012578;0.0020045;0.00037459;0.0079686;0.0012315;0.00098359;0.001005;0.043599;0.0054357;0.00067423;0.0019356;0.032503;0.0062979;0.011743;0.013277;0.036911;0.0057229;0.0029312;0.01039;0.0016972;0.0046653;0.0059922;0.0014253
23;1.6729;0.24306;2;0.85;0.5;50;50;Euclidean(GeometricAverage);0.0033103;0.036135;0.0080297;0.0015846;0.00075306;0.036465;0.00056198;0.0006311;0.038379;0.0024977;0.0037442;0.037702;0.00031701;0.0031809;0.0011635;0.0029548;1.5356E-05;0.0032031;0.012736;0.0015161;0.024196;0.00014552;0.0021917;0.038963;0.0020442;0.033539;0.001375;0.0039007;0.0044772;0.00092954;0.00051234;0.039716;0.0024964;0.0019577;0.040265;0.00073514;0.0020653;0.0012265;0.025132;1.8983E-06;0.0039323;0.0367;0.0036176;0.00078599;0.039007;0.032598;0.0019514;0.0052831;0.039865;0.0017072;0.0021842;1.5338E-05;0.0038562;0.039874;0.013069;0.0026021;0.006043;0.0011718;0.032696;0.037696;0.0016109;0.038677;0.00052702;0.0015672;0.039954;0.036279;0.0030924;0.0035734;0.00010519;0.0038714;0.0016819;0.00094638;0.030132;0.032354;0.0030672;0.001555;0.002878;0.0052639;0.0030001;0.0039796;0.0019885;0.00069951;0.0022748;0.015062;0.001363;0.0052793;0.0016113;0.0056075;0.00025717;0.0025949;0.00082738;0.0044549;0.0008194;0.011844;0.00022181;0.0055716
24;1.705;0.24807;2;0.85;0.5;50;50;Euclidean(Median);0.011126;0.0016725;0.00042103;0.002272;0.0036211;0.0022153;0.038428;0.037539;0.001624;0.0036523;0.0036461;0.027809;0.0040837;0.0031825;0.044318;0.018847;0.0012515;0.0041575;0.0036069;0.0088884;0.034324;0.0070322;0.0010275;0.041541;0.041325;0.029366;0.044787;0.0081785;0.007492;0.044713;0.0058362;0.00036817;0.00025414;0.0015713;0.045134;0.042878;0.0023004;0.030257;0.00018672;0.0024514;0.00075135;0.0011442;0.0047726;0.0016819;0.0041652;0.0047297;0.0011055;0.012968;0.0014552;0.024046;2.7914E-05;7.8679E-05;7.0922E-05;0.0012256;0.042404;0.003773;0.0011981;0.0018815;0.0033255;0.0056633;8.0976E-05;0.0015907;0.012821;0.0057839;0.029139;0.0011677;0.0020324;0.0019699;0.0048636;0.0058924;0.00052214;0.026274;0.00027876;0.0019726;0.0089404;0.0064396;0.00078741;0.0060483;0.0016619;0.0017403;0.044584;0.00066073;0.04053;0.00015751;0.0018197;0.00054429;0.0054664;0.0015883;0.0054749;0.0023252;0.0015939;0.0015544;0.0026109;0.00043811;0.0013094;0.039483
25;1.7116;0.24869;2;0.85;0.5;50;50;Euclidean(GeometricAverage);0.042936;0.031947;0.047052;0.0014053;0.036368;0.0013104;0.0099832;0.0017827;0.0016153;8.5193E-05;0.00048575;0.00018927;0.0010767;0.018854;0.040448;0.00068058;0.001691;0.0069203;0.0072111;0.010138;0.0071256;0.0022125;8.21E-05;6.1375E-05;0.0084286;0.0039928;0.00063267;0.049747;0.0013634;0.0015017;0.0027016;0.039911;0.0038461;0.014668;0.0012392;0.0089378;0.0029464;0.034896;0.0068883;0.0012333;0.0002806;0.034131;0.00053288;0.013626;0.00025781;0.001466;0.00059724;0.045573;0.0088152;0.009473;0.0032623;0.00064007;0.0011863;0.00083554;0.0061738;0.0047368;0.001975;0.03123;0.021301;0.028288;0.0034348;0.0099463;0.0048705;0.00039582;0.0012284;0.00073099;0.016034;0.037305;0.046098;0.001341;0.0005081;0.00013848;0.0017897;0.0019763;6.0197E-05;0.00082182;0.0019799;0.049605;0.049126;0.00022236;0.007776;0.0029067;0.0093393;0.00068736;0.0014599;0.0043646;0.0035075;0.0043633;0.00073155;0.0073891;0.0050108;0.0018171;0.0035591;0.0047689;0.044119;0.0016104
26;1.7326;308.92;2;0.85;0.5;50;50;Euclidean(Summation);0.047202;0.0011851;0.003508;0.04778;0.0088972;0.00074495;0.00034409;0.043763;0.0092636;0.0015609;0.0018808;0.00040987;0.01414;0.042823;0.0095133;0.00080662;0.0020259;0.0055781;0.00025095;0.0020547;0.032922;0.003431;0.0020189;0.01523;0.0012742;0.003384;0.015622;0.0034501;0.00083339;0.00022028;0.0048469;0.020834;0.0025504;0.0017176;0.0044706;0.00080789;0.0010898;0.041942;0.0072325;0.00025692;0.0013117;0.017736;0.0030206;0.0010884;0.00081448;0.00016621;0.019169;0.0044644;0.015955;0.00029425;0.020791;0.0038414;0.00028977;0.044515;0.0028722;0.0014152;0.043665;0.048072;0.0023161;0.0029492;0.0026298;0.002018;0.0050818;0.0015371;0.0099304;0.020157;0.0034172;0.007657;0.0027132;0.046591;0.0012515;0.039867;0.0007508;0.046745;0.0023448;0.041556;0.0013616;0.00046869;0.0073965;0.0074503;0.00077131;0.00099768;0.0019563;0.024857;0.0014077;0.0033404;0.00095943;0.0023746;0.0094089;0.0016705;0.00226;0.00054022;0.047021;0.0026785;0.0044462;0.0017691
27;1.7624;0.25642;2;0.85;0.5;50;50;Euclidean(Median);0.00020488;0.040135;0.00071938;0.001504;0.001238;0.0043141;0.0021382;0.032844;0.005608;0.00094865;0.012135;0.00079884;0.0014787;0.0015943;0.0011577;0.0020174;0.0020552;0.0007784;0.0040034;0.00033369;0.0094139;0.0016342;0.039443;0.040611;0.0021667;0.00028741;0.0017452;0.00013839;0.00065034;0.00076762;0.041002;0.0042179;0.0060091;0.0037308;0.0030551;0.0052362;0.041943;0.0002483;0.012745;0.0034197;0.042104;0.00053174;0.00045254;0.041355;0.00098841;0.00062037;0.039913;0.039513;0.001202;0.012142;0.034136;0.0014131;0.0074254;0.041108;0.041324;0.039718;0.0068152;0.040426;0.0058048;0.036491;0.0028059;0.0003439;0.0072242;0.002835;0.0025261;0.001925;0.00030458;0.0037671;0.0013797;0.0010734;0.042358;0.0088136;0.03461;0.038066;0.00044257;0.00023804;0.00069591;0.0037139;0.0029771;0.0023102;0.0010329;0.00026189;0.0013757;0.00059715;0.0043912;0.0014439;0.0010612;0.0010102;0.0029654;0.00058962;0.0015183;0.00085758;0.040339;0.0034206;0.010304;0.0024698
28;1.7706;0.2577;2;0.85;0.5;50;50;Euclidean(Average);0.044981;0.0080178;0.0027285;0.0028623;0.039968;0.0044896;0.0014645;0.00015686;0.0025789;0.00010445;0.00023054;0.046963;0.042305;0.047362;0.0031973;8.1423E-05;0.0058037;0.014844;0.013172;0.00040178;0.0049544;0.00076231;0.045;0.00034584;0.0023933;0.0033171;0.0037122;0.0034115;0.047003;0.0088537;0.0026381;0.0067391;0.0021876;0.00064986;0.0088332;0.0020594;0.00057669;0.0014413;0.0030465;0.0016848;0.00062039;0.00037522;0.002648;0.0048338;0.0057572;0.0020652;0.0048554;0.00063053;0.003015;0.00011122;0.00063517;0.0055745;0.0022279;0.00055465;0.00051861;0.013062;0.0033946;0.0018274;0.0041987;0.00018438;0.004655;0.001104;0.017238;0.03206;0.0036705;0.0056599;0.0038286;0.0006862;0.0060864;0.047599;0.04885;0.0011864;0.0034067;0.00066867;0.0028826;0.0011596;0.016661;0.00092363;0.0021222;0.00077236;0.0030602;0.0036607;0.0031339;0.045903;0.0023414;0.0019482;0.043604;0.0040397;0.029295;0.03441;0.018176;0.00040993;0.014079;0.0088113;0.048932;0.048563
29;1.7753;316.52;2;0.85;0.5;50;50;Euclidean(Summation);0.044276;0.0013429;0.0011773;0.0016832;0.04124;0.00040445;0.0037903;0.0041081;0.0046686;0.0050135;0.0043761;0.0016088;0.044291;0.0098365;0.00037139;1.2495E-05;0.0027245;0.040856;0.0016499;0.0013916;0.0078454;0.00052472;0.00056687;0.040347;0.00049179;0.0011951;0.00013952;0.0015615;0.0018241;0.0021548;0.0036042;0.039921;0.00089587;0.0018392;0.00067668;0.0092111;0.044041;0.00050361;0.040029;0.00075381;0.010024;0.00025064;0.0029808;0.0003419;0.0028493;0.0042367;0.0029945;0.0012455;0.0046438;0.0030927;0.00017095;0.042234;0.041364;0.00054722;0.00060276;0.0024722;0.0031575;0.0012091;0.0043488;0.00081353;0.0042253;0.0019639;0.0022703;0.004835;0.0083356;0.0019214;0.0079643;0.0016467;0.0022805;0.043255;0.0011786;0.0092226;0.0027825;0.043307;0.0095916;0.0031505;0.00023521;0.037538;0.036872;0.00075644;0.027844;0.0020621;0.0012479;0.042248;0.0086763;7.0031E-05;0.00067327;0.043922;0.0031876;0.0057901;0.041225;0.0093241;0.042377;0.0023894;0.0027537;0.00034841
30;1.778;317.01;2;0.85;0.5;50;50;Euclidean(Summation);0.001264;0.00017949;0.011681;0.0083232;0.002275;0.00014304;0.00054859;0.042539;0.03807;0.0034076;0.00031513;0.00056544;0.0020697;0.010441;0.0012576;0.0050591;0.0022763;0.0027466;0.0017444;0.03924;0.0028204;0.0046185;0.036002;0.0050066;0.00022192;0.041723;0.00084375;0.0003914;0.002458;0.00058264;0.0012813;0.0044095;0.010658;0.00016452;0.0016093;0.0012849;0.0076356;0.0071154;0.0011001;0.00091469;0.041598;0.0035048;0.0029658;0.00090151;0.0017559;0.0026058;0.0033702;0.042098;0.033692;0.0025471;0.00083808;0.0037784;0.0044692;0.044337;0.00089586;0.00016647;0.00091132;0.0001002;0.0051484;0.0016629;0.0022346;0.00019027;0.0040458;0.0054197;0.0015111;0.0037657;0.0012114;0.0022516;0.043187;0.00052506;0.044807;0.042983;0.00068416;0.041715;0.00011721;0.03861;0.0040723;0.000296;0.0015162;0.0042572;0.041658;0.042581;0.00083321;0.0021104;0.00076586;0.0007913;0.018785;0.04279;0.036636;0.0017404;0.016156;0.041076;0.0039913;0.00026756;0.002166;0.0019178
31;1.779;0.25893;2;0.85;0.5;50;50;Euclidean(Average);0.0031045;0.0023978;0.0019114;0.040438;0.0028358;0.0017553;0.0017932;0.0012217;0.03997;0.0012898;0.040812;0.0042567;0.0017431;0.004014;0.00065572;0.00075564;0.040269;0.0017663;0.0027404;0.0005146;0.0010213;0.00014192;0.00017637;0.0015619;0.00056431;0.00074702;0.00089534;0.00086625;0.00084084;0.036483;0.0025148;0.0022731;0.038904;0.0026548;0.040723;0.0036502;0.00030697;0.041655;0.0013648;0.0015714;0.0036504;0.00049362;0.030058;0.00018477;5.5022E-05;3.932E-05;0.040653;0.039677;0.035231;0.0010929;0.018009;0.0014326;0.0036323;0.0013693;0.005938;0.039363;0.0019874;0.0052824;0.008673;0.0013018;0.030043;0.00050532;0.03685;0.040276;0.00084885;0.00099634;0.0059243;0.0025453;0.00051257;0.0083607;0.0015346;0.0051314;0.040627;0.001556;0.00035283;0.0064885;0.038721;0.0052797;0.00018548;0.00023709;0.00049909;0.03722;0.001574;0.040618;0.00047827;0.039816;0.00053064;0.00054916;0.0012791;0.03402;0.001044;0.0010185;0.0016689;0.00061902;0.00040695;0.00039706
32;1.7867;0.25995;2;0.85;0.5;50;50;Euclidean(Median);0.021244;0.048997;0.044147;0.0007999;0.01726;0.0051571;0.013228;0.018702;0.009918;0.00085176;0.00075011;0.045371;0.0022234;0.0047466;0.0024051;0.0041014;0.010938;0.0023825;0.0057191;0.00058859;0.0062132;0.00073844;0.042939;0.048557;0.0042363;0.0091238;0.0028402;0.0019375;0.017023;0.0061059;0.0016523;0.0011881;0.0029005;0.01119;0.046863;0.0010147;0.00020046;0.0024097;0.0026097;0.0010209;0.00018881;0.00066244;0.0019786;0.0057505;0.0056568;0.045598;0.0043871;0.0022765;0.0010474;0.003349;0.0018143;0.0025303;0.045827;0.0025652;0.011032;0.045013;0.0043187;0.00031123;0.0045341;0.047194;0.0468;0.0012626;0.0075419;0.0015867;0.0025009;0.0032386;0.0026333;0.0030597;0.007361;0.001238;9.2979E-05;0.0032394;0.0011354;0.0010029;0.00055311;0.0016469;0.0042387;0.0011446;0.036342;0.00046952;0.00066377;0.042601;0.040131;0.00027145;0.00054388;0.0013313;0.0016838;0.00079375;0.0032861;0.0036648;0.026048;0.04142;0.0022479;0.0012797;0.00039206;0.00022569
33;1.7959;0.26139;2;0.85;0.5;50;50;Euclidean(Average);0.0039492;0.051023;0.042671;0.0038439;0.0010519;0.035123;0.0025129;0.0048003;0.0097795;0.0044916;0.0010647;0.0074031;0.00087943;0.0076902;0.0067255;0.0048528;0.0048766;0.0028081;0.049048;0.012352;0.001651;0.049638;0.0050022;0.0039618;0.041459;0.0097532;0.0013555;0.0086004;0.00078941;0.00025015;0.0030842;0.0041644;0.0028821;0.0073714;0.0015287;0.0046581;0.0011818;0.0053509;0.0015367;0.031451;0.0018697;0.0027363;0.0028925;0.0021382;0.00018569;0.00016609;0.0013094;0.0016287;0.0049976;0.043395;0.025713;0.001551;0.00011358;0.0030278;0.0013641;0.0016863;0.0041662;0.0055942;0.00086963;0.00068209;0.0017639;0.00033153;0.0011534;0.048535;0.0019183;0.00020436;0.049514;0.001218;0.04338;0.0018879;0.0029298;0.0070901;0.0091865;0.04967;0.00055768;0.0038836;0.045281;0.00012528;0.014235;0.051418;0.0025924;0.0015543;0.0026445;0.0013895;0.0016278;0.0021568;0.00292;0.035753;0.00053829;0.00018562;0.00089774;0.038917;0.0020097;0.011469;0.010275;0.0020846
34;2.0368;0.034513;2;0.85;0.5;50;50;Euclidean(MinimumTimesMedian);0.026173;0.0021506;0.0019053;0.0084815;0.00056331;0.0035448;0.024128;0.0015432;0.027612;0.0019546;0.029932;0.0055982;0.00055502;0.00026215;0.025075;0.0035712;0.0077562;0.024209;0.0029081;0.002154;0.0014346;0.017122;0.02997;0.0037925;0.0067528;0.0042548;0.020497;9.1787E-05;0.0033356;0.00044056;0.010637;0.0058141;0.0017898;0.00026785;0.01282;0.02373;0.014046;0.0011889;0.028393;0.003281;0.00044978;0.030132;0.019689;0.00079345;0.0028688;0.020499;0.0009917;0.00046602;0.030107;0.00082484;0.011447;0.0021292;0.0010704;0.007522;9.4566E-05;0.020042;0.00066284;0.029606;0.004106;0.00013218;7.2249E-05;0.019236;0.028368;0.0045085;0.0072613;0.030571;0.00094533;0.00015541;0.0042609;0.030175;0.005667;0.028802;0.0038481;0.030286;0.00015257;0.0074103;0.00090148;0.0017703;0.00030609;9.9381E-05;0.00013126;0.027346;0.013298;0.030042;0.00092058;0.024558;0.0011619;0.017612;0.0070132;0.0298;0.00023622;0.00071487;0.02854;0.030993;0.0049001;0.0045679
35;2.2147;0.037527;2;0.85;0.5;50;50;Euclidean(MinimumTimesMedian);0.00062596;0.0033863;0.0012226;0.0011646;0.0004375;0.012834;0.00073311;0.0052095;0.00010181;0.001417;0.028707;0.0061135;0.0045011;0.0045639;0.036172;0.030941;0.0060237;0.027972;2.2154E-05;0.0093936;0.0023663;0.00017295;0.0099918;0.032562;0.00055913;0.026271;0.01191;0.0034818;0.00024622;0.0005065;0.0015946;0.034964;0.025354;0.035794;0.0018975;0.034305;3.1662E-05;0.0039078;0.00060456;0.0052215;0.0040676;0.0047266;0.0013349;0.0051414;0.033084;0.0022483;0.010531;0.0075632;0.0013798;0.031208;0.005539;0.035031;0.0043076;0.00070935;0.0072616;0.00029033;0.025083;0.0013544;0.00057188;0.006149;0.0021924;0.0041156;0.0036423;0.0022981;0.0012324;0.0023172;0.0012052;0.030121;0.00032077;0.001443;0.00011253;0.036677;0.031513;0.0051767;0.036135;0.030397;0.0027643;0.034085;0.00025228;0.029884;0.0003783;0.031643;0.024884;0.003345;0.001291;0.00017488;0.0036848;0.0020038;0.00043359;0.0028289;0.0016221;0.03226;0.0033231;4.2727E-05;0.035174;0.00015972
36;2.3618;0.040019;2;0.85;0.5;50;50;Euclidean(MinimumTimesMedian);0.029802;0.027432;0.038096;0.037996;0.0022361;0.0048256;0.00027359;0.038145;0.0007128;0.032176;0.0051786;0.0030878;0.0011602;0.0026619;0.00065155;0.0005114;0.0022873;0.032854;0.005569;0.0025282;0.027778;0.00038812;0.0066404;0.033797;0.00037194;0.008379;0.0005729;0.0012781;0.0093242;0.00014683;0.00045626;0.037044;0.0057601;0.0028927;0.011539;0.032149;0.0074586;0.0030429;0.00040871;0.013022;0.035444;0.0010601;0.00068683;0.0015919;0.0041154;0.00237;0.033539;0.00044706;0.0032832;0.00027541;0.0036038;0.015336;0.0013254;0.0015583;0.00082862;0.0018632;0.036991;0.00064204;3.8727E-05;0.0095532;0.0040464;0.0016768;0.0022911;0.00091587;0.00091833;0.00015187;0.00059002;0.0011986;0.0015665;0.027167;0.0013451;0.00078946;0.00013202;0.0012107;0.00066471;0.0025971;0.035301;0.00012081;0.0081114;0.037053;0.0016054;0.00027484;0.036236;0.0045723;0.0050682;0.0003051;0.011666;0.0044281;0.035755;0.037467;0.024763;0.036884;0.0059212;0.0036603;0.00024253;0.038115
population
1;72.353;43.643;56.247;75.653;4.7402;4.7361;50.955;67.007;79.277;26.123;68.924;43.265;53.216;12.651;2.4325;12.292;19.66;21.994;38.14;52.2;36.491;74.415;61.251;7.7254;13.246;60.794;54.224;22.451;75.821;40.791;46.471;41.227;78.09;2.9216;46.615;34.2;18.233;20.82;77.079;23.262;44.451;10.609;17.906;26.98;64.695;9.5758;19.587;4.7304;0.13966;0.35993;0.30121;0.95865;0.15559;0.078356;0.89127;0.4525;0.42936;0.10945;0.77052;0.28868;0.34987;0.31611;0.50986;0.26209;0.087802;0.25783;0.79061;0.97402;0.88234;0.78485;0.32673;0.7928;0.083538;0.03797;0.99579;0.8936;0.3223;0.66062;0.53592;0.97173;0.61344;0.15815;0.78248;0.44006;0.79184;0.9753;0.59749;0.393;0.65471;0.4882;0.90534;0.0015606;0.39262;0.66537;0.38849;0.90942
2;55.185;29.717;30.885;36.736;31.626;29.184;26.537;57.609;76.199;2.7519;63.541;57.616;61.19;57.753;74.868;55.185;57.146;0.25274;47.466;67.558;0.72637;70.83;32.675;41.42;72.292;58.652;17.462;74.079;37.344;52.962;80.88;9.1137;35.388;19.638;53.505;43.464;40.938;48.232;46.727;39.711;18.279;56.833;30.628;12.072;47.056;62.522;71.709;55.001;0.81466;0.26912;0.71978;0.8234;0.21274;0.23708;0.43064;0.38341;0.47775;0.9908;0.80289;0.83466;0.60951;0.66395;0.055298;0.48779;0.085083;0.79839;0.24044;0.69836;0.25179;0.061246;0.033619;0.34761;0.89514;0.39584;0.54593;0.64089;0.32779;0.95868;0.88878;0.68083;0.82824;0.65991;0.80675;0.9195;0.15645;0.75231;0.33598;0.82188;0.54937;0.21601;0.077692;0.83001;0.46291;0.91593;0.35286;0.59405
3;22.752;70.282;65.148;37.462;17.681;70.633;28.473;79.271;39.665;40.57;76.98;46.978;0.47504;43.811;12.418;12.709;23.2;42.803;8.4446;80.927;48.394;80.516;74.769;18.269;6.9158;33.76;67.37;40.718;31.808;14.065;28.542;22.182;74.098;38.929;21.184;64.693;74.996;40.218;73.667;76.14;50.388;9.6061;9.8243;29.239;25.753;67.936;27.565;78.302;0.40234;0.6715;0.99178;0.045233;0.87146;0.80974;0.22857;0.7462;0.611;0.27312;0.22689;0.70142;0.7033;0.73701;0.098205;0.11452;0.87172;0.5805;0.85544;0.16732;0.69361;0.14019;0.2257;0.63039;0.80541;0.88207;0.49958;0.96723;0.49564;0.8745;0.59231;0.74943;0.69269;0.41814;0.31323;0.30359;0.61029;0.26671;0.85121;0.60238;0.11917;0.83567;0.38122;0.32445;0.8371;0.89173;0.32274;0.93512
4;8.1594;50.135;74.688;63.672;67.278;21.252;58.313;36.049;64.723;50.196;10.147;77.087;77.663;23.872;69.192;76.168;57.322;42.63;24.013;41.259;0.65696;19.555;12.4;42.806;22.246;16.379;69.27;39.067;20.039;44.216;49.942;27.445;42.337;15.744;53.839;45.843;18.767;75.445;71.057;22.904;20.939;77.871;6.3725;70.781;1.6096;43.76;63.118;51.533;0.78697;0.87332;0.064806;0.10869;0.14848;0.82279;0.26535;0.16045;0.36654;0.9189;0.51203;0.59702;0.8434;0.83396;0.55128;0.66888;0.55324;0.88905;0.67237;0.66677;0.82839;0.29706;0.099386;0.41824;0.37809;0.54539;0.23091;0.1194;0.23815;0.25876;0.79856;0.21416;0.84605;0.082532;0.40867;0.30887;0.20947;0.42091;0.015511;0.67341;0.70358;0.31589;0.28064;0.61441;0.79573;0.83964;0.17215;0.02246
5;65.777;14.341;45.414;21.187;55.782;24.442;80.884;66.905;62.432;45.554;26.478;60.807;71.438;27.856;1.6174;46.872;9.0393;66.846;67.333;10.09;76.526;24.371;58.057;2.2751;65.856;16.774;6.9892;10.287;52.515;37.463;27.181;62.314;23.97;78.296;13.831;25.695;11.713;33.952;63.329;33.43;33.512;19.678;61.03;42.017;9.2975;12.375;28.549;41.867;0.74479;0.59039;0.44561;0.94906;0.70132;0.15897;0.53522;0.1319;0.17564;0.21753;0.5286;0.19497;0.68165;0.73231;0.58174;0.96092;0.82072;0.70174;0.23374;0.67664;0.52672;0.15997;0.20979;0.82992;0.55647;0.24529;0.69113;0.21675;0.82828;0.38986;0.24286;0.67146;0.60176;0.39384;0.81376;0.77336;0.36158;0.41226;0.82597;0.18696;0.95697;0.67957;0.7192;0.29023;0.55468;0.87455;0.37883;0.11572
6;67.297;67.958;42.464;16.734;35.107;56.72;22.863;49.393;37.773;37.635;78.021;13.874;68.077;47.629;66.778;41.602;40.803;63.599;75.468;12.541;31.792;8.6498;65.382;18.916;35.816;43.126;20.673;21.999;7.557;11.941;77.108;45.825;1.5807;75.375;8.0425;47.734;59.933;65.968;72.383;26.185;70.469;52.95;24.236;65.13;44.813;53.54;57.558;3.3548;0.91638;0.85107;0.19279;0.77064;0.46067;0.79438;0.76633;0.16932;0.7667;0.16841;0.93568;0.011315;0.018941;0.57771;0.64582;0.0099176;0.023365;0.58212;0.65904;0.981;0.28306;0.0073539;0.024965;0.78179;0.25133;0.39922;0.54452;0.75974;0.72655;0.18698;0.97157;0.2981;0.73533;0.52408;0.11237;0.49715;0.16752;0.070664;0.66559;0.13835;0.75904;0.10556;0.67647;0.19546;0.29844;0.2666;0.80692;0.57586
7;4.5402;45.569;36.161;18.595;72.647;78.133;71.463;37.91;34.476;18.759;14.299;26.355;24.561;1.0495;79.06;75.381;20.356;27.562;41.712;53.29;80.694;67.555;54.184;10.053;0.26482;36.021;0.016001;24.272;28.205;5.3233;14.717;63.384;69.421;3.4119;64.84;22.217;18.479;67.505;69.304;74.272;0.20538;19.883;78.129;1.064;51.47;52.828;37.417;31.316;0.75764;0.92362;0.91625;0.36339;0.11238;0.99183;0.72713;0.34951;0.10788;0.32718;0.035889;0.33331;0.11756;0.70622;0.22773;0.41684;0.21739;0.062184;0.95728;0.010334;0.52818;0.34627;0.38721;0.85542;0.90383;0.80118;0.98277;0.29952;0.055687;0.43409;0.20612;0.31854;0.89573;0.064897;0.86489;0.85168;0.4098;0.38554;0.15999;0.28751;0.32883;0.89689;0.20699;0.6235;0.19021;0.44319;0.97687;0.92893
8;18.141;80.429;36.337;62.166;57.945;11.524;15.569;45.194;43.534;21.221;5.2448;4.1986;40.756;44.975;26.623;71.177;30.635;78.9;75.551;69.233;34.301;4.2607;15.457;48.97;50.768;11.894;42.584;42.32;7.9693;3.3475;50.34;57.358;6.0687;1.837;21.413;51.099;53.543;9.6906;77.788;33.586;0.66613;50.271;15.465;43.83;63.63;43.284;14.206;23.015;0.65863;0.84687;0.15612;0.11483;0.39789;0.65704;0.73348;0.83617;0.43759;0.72059;0.29161;0.037204;0.84187;0.6673;0.72322;0.093435;0.99477;0.054854;0.45919;0.66898;0.60834;0.31155;0.86591;0.34867;0.39335;0.24849;0.53771;0.38229;0.90446;0.7749;0.8541;0.25135;0.36149;0.19537;0.85629;0.047436;0.086994;0.13383;0.7773;0.54135;0.51226;0.9896;0.69954;0.78101;0.017039;0.5779;0.15158;0.41652
9;73.094;58.11;37.38;73.916;7.9;67.082;28.285;75.951;37.906;18.505;34.21;76.581;29.01;4.6168;34.134;69.463;29.525;58.312;75.98;13.211;30.596;80.634;67.608;30.477;38.868;11.372;43.473;27.172;40.993;33.302;67.891;10.111;22.885;32.293;60.234;67.358;59.498;24.813;61.596;67.411;8.0955;4.7302;77.126;49.199;50.133;73.043;65.031;49.963;0.060681;0.87214;0.33553;0.10021;0.18273;0.26687;0.89493;0.064055;0.71489;0.79927;0.50719;0.59811;0.20699;0.75706;0.29442;0.34522;0.4601;0.22726;0.45167;0.38552;0.87992;0.99723;0.86037;0.1737;0.52772;0.66159;0.94222;0.2304;0.41202;0.27855;0.33988;0.24204;0.66029;0.95857;0.74968;0.66241;0.49878;0.54338;0.47447;0.42475;0.62723;0.80614;0.20168;0.71895;0.65482;0.32087;0.08589;0.6645
10;58.507;73.562;69.477;75.403;68.93;26.519;80.654;48.3;29.978;61.93;23.752;29.059;62.059;63.316;33.918;5.0385;17.537;9.5739;33.23;32.535;69.423;69.563;42.138;21.209;34.843;61.834;57.448;58.192;73.445;62.066;43.821;38.247;2.377;34.027;47.471;68.897;71.405;10.836;29.716;18.594;75.201;65.7;35.216;0.028332;12.564;41.082;21.763;49.039;0.31654;0.4352;0.6055;0.87177;0.12089;0.77041;0.45564;0.15385;0.021008;0.54687;0.45645;0.44845;0.28145;0.31959;0.1773;0.70174;0.001476;0.026307;0.9488;0.096159;0.31825;0.55954;0.13919;0.13689;0.67071;0.8378;0.60069;0.71979;0.035056;0.95488;0.86161;0.54818;0.088498;0.82837;0.5046;0.44214;0.83442;0.11552;0.45326;0.41991;0.99135;0.89606;0.37605;0.04316;0.96378;0.70233;0.38102;0.19845
11;62.088;15.044;76.252;60.647;65.329;13.283;1.1558;36.919;20.833;62.182;63.73;33.002;53.798;75.942;21.54;39.734;68.538;56.717;40.767;44.196;60.398;47.9;34.413;25.03;54.673;14.81;10.296;77.915;45.767;63.131;74.365;28.609;61.791;3.486;14.481;17.443;42.158;54.139;52.556;32.142;21.07;56.201;78.921;24.189;20.372;63.343;46.822;19.338;0.046943;0.57636;0.54078;0.69661;0.58108;0.44821;0.33147;0.11122;0.65435;0.75308;0.66114;0.54327;0.60528;0.87214;0.87381;0.98614;0.98558;0.47427;0.3658;0.10968;0.92732;0.89824;0.67399;0.26541;0.65006;0.68136;0.90247;0.003978;0.093211;0.58222;0.77155;0.91148;0.61559;0.30092;0.13491;0.46901;0.72408;0.93109;0.038527;0.59971;0.78623;0.24774;0.84364;0.037683;0.32351;0.87084;0.9175;0.63191
12;45.587;78.779;18.856;77.33;1.8906;47.239;76.595;10.876;38.367;29.695;60.758;29.172;39.931;64.44;71.211;76.079;51.296;46.492;10.238;64.364;30.888;67.617;46.716;63.315;41.393;28.124;63.405;63.372;13.975;23.977;18.061;75.907;5.1375;53.834;23.739;53.828;37.96;45.823;62.483;31.188;23.664;4.4959;39.399;17.01;58.886;15.358;65.662;72.381;0.072504;0.86483;0.93272;0.75331;0.68328;0.46239;0.11518;0.64635;0.48452;0.5477;0.088564;0.36526;0.61532;0.60291;0.48683;0.71182;0.41501;0.30003;0.73806;0.74204;0.046676;0.54484;0.016865;0.21286;0.25044;0.69663;0.87733;0.92273;0.73492;0.98936;0.20361;0.61209;0.22774;0.13876;0.97754;0.91293;0.86986;0.1309;0.60562;0.57633;0.84464;0.97494;0.74019;0.1611;0.54605;0.034018;0.19336;0.54607
13;75.458;47.289;35.968;48.611;26.9;39.644;24.109;27.512;39.371;38.872;54.548;23.968;22.41;69.712;37.332;46.767;28.415;47.267;38.955;19.082;9.9791;32.132;19.549;76.794;57.798;19.167;67.431;63.15;50.866;50.395;66.284;48.134;26.857;68.151;18.529;27.912;70.414;19.326;0.95625;38.538;18.047;24.62;16.757;10.821;66.112;58.592;61.472;21.121;0.72681;0.91409;0.23816;0.099142;0.80431;0.44652;0.52794;0.41515;0.93178;0.78286;0.30279;0.81889;0.19346;0.3279;0.48772;0.9447;0.22517;0.46477;0.4058;0.4376;0.22272;0.96051;0.14981;0.11314;0.28536;0.97803;0.24744;0.39518;0.85276;0.45671;0.11547;0.1655;0.70525;0.11987;0.99119;0.16562;0.23896;0.66284;0.92957;0.34377;0.64269;0.87106;0.67398;0.82793;0.15403;0.28142;0.76556;0.95925
14;18.582;72.806;16.612;21.783;69.279;47.621;49.533;67.044;33.413;59.321;41.213;22.392;50.138;9.7465;69.452;5.5556;71.935;40.236;26.282;36.874;10.479;24.773;67.277;60.292;27.724;8.9548;46.294;40.961;21.698;33.125;63.892;15.641;71.649;14.006;48.352;30.619;74.326;19.631;59.4;1.0443;19.394;52.029;5.8947;26.805;42.598;26.795;64.859;8.6157;0.64138;0.14388;0.82998;0.26032;0.67842;0.0076439;0.95127;0.90846;0.39547;0.76869;0.32438;0.7939;0.26421;0.34154;0.99667;0.81852;0.23729;0.70133;0.1212;0.15299;0.095358;0.10542;0.89438;0.54524;0.034858;0.54471;0.90186;0.61678;0.35449;0.42917;0.55014;0.23339;0.57935;0.65328;0.14458;0.92095;0.67426;0.55302;0.22416;0.24494;0.64862;0.49389;0.22409;0.11644;0.5122;0.13748;0.076058;0.47653
15;36.946;45.869;44.377;31.846;31.13;5.2377;77.949;8.004;46.483;34.974;55.163;68.759;63.874;59.595;4.2203;38.923;42.63;48.58;39.749;7.3854;1.0956;62.97;23.341;42.165;58.951;78.739;39.675;62.228;80.975;69.368;10.863;57.57;4.3321;29.263;49.325;35.576;22.186;29.427;24.054;43.058;43.593;19.742;31.916;46.6;16.887;3.3281;18.665;55.833;0.60633;0.085799;0.41412;0.5525;0.5372;0.99768;0.33105;0.89415;0.72584;0.79803;0.26837;0.6613;0.43005;0.99269;0.24432;0.068409;0.55765;0.52998;0.30923;0.074871;0.68917;0.81198;0.45282;0.91;0.47917;0.27114;0.81084;0.077896;0.329;0.33834;0.72756;0.31931;0.059217;0.83312;0.38836;0.98874;0.93375;0.70031;0.86025;0.15781;0.32902;0.39822;0.3884;0.71176;0.96484;0.79965;0.88015;0.40326
16;75.779;49.945;29.707;1.5604;49.685;5.9484;12.294;64.754;36.2;75.167;13.778;2.671;39.389;10.963;51.245;71.065;55.142;13.222;12.627;31.716;29.808;39.04;32.388;19.387;13.784;3.2187;14.091;26.75;10.312;36.632;55.175;62.841;10.195;19.757;78.151;66.807;25.579;7.2737;62.844;66.282;46.137;59.671;18.946;15.891;58.054;62.903;52.35;7.9057;0.61875;0.53043;0.27328;0.6467;0.57214;0.65629;0.2465;0.26249;0.98355;0.84268;0.67981;0.97705;0.57622;0.58495;0.48552;0.98015;0.57567;0.031519;0.92765;0.11602;0.69893;0.81015;0.18517;0.47088;0.4079;0.18778;0.38837;0.80646;0.55622;0.24311;0.10097;0.10066;0.23467;0.30953;0.29723;0.55915;0.47839;0.59392;0.6946;0.093466;0.51769;0.8077;0.45882;0.65907;0.68597;0.68798;0.67008;0.85452
17;25.226;4.5949;3.8445;40.427;30.111;65.32;24.258;48.375;38.704;61.922;26.895;25.584;2.3698;20.692;1.4692;33.283;18.683;13.682;26.229;18.762;62.666;38.353;4.1094;48.027;64.407;25.881;29.109;68.873;72.824;27.317;46.662;77.423;36.188;47.205;74.028;4.2093;73.827;42.395;5.3536;20.376;13.152;7.21;31.256;1.514;31.076;5.1929;77.949;53.99;0.74621;0.32442;0.3631;0.8187;0.10322;0.7782;0.79791;0.37917;0.64101;0.27265;0.99671;0.34247;0.029252;0.86432;0.89222;0.018023;0.2315;0.89541;0.25514;0.92221;0.37649;0.13438;0.0037869;0.4487;0.69757;0.39745;0.090727;0.065384;0.0014747;0.67267;0.96573;0.085195;0.28032;0.70933;0.21408;0.57896;0.77371;0.54415;0.78648;0.24108;0.86268;0.89831;0.21337;0.69394;0.56179;0.04024;0.67865;0.14543
18;21.262;19.391;50.198;69.982;69.606;6.9865;70.623;13.992;18.007;46.681;11.162;79.131;50.957;15.893;18.316;59.713;42.67;46.74;39.537;48.768;40.228;13.677;8.3347;44.01;44.648;50.172;47.231;31.862;3.5437;1.8815;54.82;52.579;69.279;40.204;26.139;67.836;30.538;49.196;67.725;8.4114;23.17;59.283;55.66;37.648;39.213;19.256;34.629;53.24;0.06523;0.32693;0.55008;0.98981;0.057743;0.96318;0.35517;0.46027;0.45657;0.51281;0.41432;0.74866;0.64426;0.4896;0.56899;0.13319;0.67652;0.49732;0.74977;0.69698;0.97208;0.42832;0.17707;0.23664;0.06343;0.48524;0.53983;0.50025;0.90257;0.25515;0.46778;0.9648;0.7846;0.24256;0.90797;0.023944;0.37883;0.34392;0.5769;0.69728;0.65054;0.058945;0.43115;0.40674;0.13069;0.57367;0.17483;0.75815
19;71.559;44.409;16.099;7.033;62.436;55.696;10.178;57.44;63.275;3.0871;21.975;20.761;15.951;58.281;0.89621;32.856;35.257;14.901;31.004;12.916;12.028;66.231;31.73;40.321;70.775;57.997;47.486;16.104;33.358;64.651;3.285;26.767;30.861;35.079;48.77;44.731;52.538;78.728;3.6732;36.449;2.5277;34.051;65.262;10.673;5.4757;66.421;10.332;67.371;0.37636;0.044061;0.92214;0.61017;0.8971;0.25575;0.21743;0.17422;0.89696;0.43877;0.22262;0.083237;0.71736;0.07969;0.76388;0.00091466;0.93511;0.40577;0.98153;0.69229;0.10258;0.062465;0.11256;0.21499;0.19905;0.66988;0.17975;0.10076;0.9735;0.82909;0.29991;0.52907;0.19649;0.9689;0.11;0.75012;0.054218;0.59754;0.67726;0.58575;0.53946;0.34462;0.11693;0.37513;0.26558;0.90851;0.99833;0.7445
20;58.951;68.101;16.548;36.495;11.647;33.772;71.894;26.341;4.5064;71.254;66.625;64.512;66.182;77.123;76.393;19.144;21.273;48.776;70.43;61.968;61.887;21.499;67.002;3.5076;21.867;45.442;57.608;22.495;23.644;26.46;48.959;45.989;74.681;50.072;46.228;50.741;4.2439;56.908;50.77;50.003;8.4203;65.831;78.792;73.899;47.657;65.745;9.1124;35.409;0.065728;0.69905;0.26638;0.65496;0.2265;0.072043;0.22819;0.8825;0.43745;0.10399;0.48498;0.57654;0.5479;0.54666;0.68482;0.84496;0.18423;0.21725;0.27665;0.82002;0.032077;0.75927;0.13567;0.22503;0.17183;0.02359;0.031918;0.40465;0.93401;0.51984;0.91382;0.74703;0.12421;0.9115;0.52673;0.95392;0.16287;0.73541;0.52811;0.77507;0.71764;0.83539;0.95062;0.29327;0.65898;0.30704;0.89696;0.87343
21;33.762;72.42;8.0641;75.823;61.161;60.016;74.562;36.392;41.76;31.814;43.282;67.066;38.404;12.759;17.528;58.66;70.041;1.2595;78.113;73.509;74.937;15.957;60.735;37.04;10.784;47.028;41.865;32.103;44.2;42.297;12.286;21.103;50.523;70.597;58.813;37.019;10.03;71.051;48.573;50.79;18.076;57.911;59.11;27.238;77.142;3.6184;13.117;8.2684;0.79114;0.64614;0.0099188;0.66274;0.42259;0.078499;0.31379;0.94722;0.57081;0.56965;0.2298;0.64363;0.52012;0.72887;0.33045;0.84257;0.84454;0.92303;0.17262;0.92061;0.61584;0.0092618;0.15514;0.95463;0.64306;0.35787;0.04389;0.46646;0.87032;0.80297;0.89416;0.86174;0.67071;0.63314;0.38514;0.42734;0.37388;0.16742;0.26442;0.3876;0.36688;0.10809;0.10333;0.41786;0.2839;0.7137;0.19503;0.39881
22;47.088;73.75;59.864;0.85096;77.904;41.586;41.547;58.675;33.864;73.914;48.168;3.6088;8.5828;35.651;44.331;71.572;36.77;53.445;18.652;27.123;21.156;6.622;54.524;40.613;19.331;39.594;10.665;32.118;10.705;77.518;17.425;13.337;2.4146;51.985;58.924;66.786;54.018;3.4026;78.92;73.35;57.681;52.377;43.267;30.184;39.477;73.032;4.7928;26.415;0.3628;0.49916;0.99122;0.47895;0.50149;0.3844;0.90174;0.28147;0.70412;0.11201;0.41823;0.10071;0.1858;0.83108;0.7867;0.18593;0.91985;0.91613;0.72822;0.061291;0.004414;0.71115;0.37983;0.13478;0.48386;0.41729;0.23881;0.17191;0.7715;0.78568;0.42515;0.18971;0.37918;0.16218;0.55234;0.28919;0.44632;0.87358;0.86615;0.37275;0.99419;0.37569;0.8705;0.94457;0.81801;0.1822;0.60951;0.89829
23;14.419;57.242;17.616;59.937;13.402;57.596;52.3;15.313;68.986;23.886;58.437;74.387;69.747;71.831;16.887;50.614;3.3162;41.228;44.466;34.995;2.0215;12.665;58.33;33.904;59.297;68.738;24.916;80.096;3.3637;20.268;2.6729;68.245;53.625;59.959;39.357;21.657;33.524;24.674;32.178;66.693;14.529;20.843;50.077;45.986;46.238;41.82;76.354;17.713;0.49342;0.58382;0.42561;0.25665;0.12329;0.85094;0.92038;0.62091;0.65649;0.15839;0.46127;0.7631;0.020434;0.8773;0.15912;0.84333;0.99249;0.082478;0.64444;0.011116;0.54326;0.033678;0.4505;0.70025;0.040889;0.0015052;0.11288;0.57405;0.66143;0.42169;0.59325;0.26248;0.95349;0.27312;0.41537;0.494;0.44397;0.28037;0.16694;0.76492;0.067956;0.030958;0.24525;0.98139;0.36204;0.070463;0.65777;0.81275
24;8.6526;33.942;40.72;37.453;68.982;52.223;67.321;22.754;51.877;69.191;25.016;54.943;61.436;31.177;75.079;33.121;13.342;59.682;2.9809;78.537;77.588;15.837;45.609;51.738;58.084;58.133;41.586;59.346;61.142;41.422;72.328;71.937;68.748;53.412;32.366;80.623;12.858;17.822;4.404;5.1001;66.493;15.301;40.955;63.261;16.657;31.432;62.88;40.79;0.27379;0.743;0.70855;0.46605;0.36578;0.88162;0.53432;0.28148;0.36661;0.12005;0.42725;0.68911;0.25955;0.62621;0.21314;0.0018262;0.3368;0.18646;0.12603;0.17827;0.78572;0.95613;0.91268;0.46067;0.30735;0.59821;0.72981;0.49353;0.74139;0.32344;0.2958;0.20305;0.4213;0.95314;0.26155;0.061298;0.5101;0.067168;0.20833;0.95821;0.82523;0.28375;0.51831;0.80764;0.28377;0.81772;0.27908;0.43618
25;75.419;43.742;18.033;54.936;5.3616;4.054;76.814;53.209;24.777;76.647;60.888;14.17;70.467;14.791;24.051;4.4542;56.604;78.558;44.52;31.314;39.249;8.4665;12.062;80.368;23.947;79.408;14.99;6.5138;7.0455;69.851;9.8872;75.003;74.6;58.077;69.562;73.876;65.86;7.7758;22.104;39.993;25.52;1.9698;80.33;34.832;66.166;43.272;38.595;35.107;0.71018;0.93232;0.46227;0.63103;0.18327;0.95703;0.52647;0.053118;0.60645;0.015554;0.64266;0.9593;0.48334;0.32261;0.13635;0.067848;0.53604;0.69655;0.53943;0.66788;0.47624;0.041122;0.092318;0.26343;0.16224;0.00693;0.74533;0.49393;0.66601;0.83702;0.8771;0.12231;0.23916;0.8715;0.73557;0.71413;0.18651;0.2476;0.4856;0.85184;0.21675;0.68713;0.55982;0.62093;0.2912;0.1483;0.67325;0.59608
26;66.999;60.686;49.739;79.229;65.264;31.905;59.151;15.378;79.099;75.864;14.197;25.327;30.852;50.747;51.911;14.312;37.909;43.537;10.218;78.162;6.7218;33.441;72.072;2.0001;74.42;25.627;43.251;43.278;34.307;3.6072;47.12;22.499;77.636;45.228;55.559;28.728;2.3673;54.851;4.4298;11.976;28.999;73.054;18.162;26.552;14.138;51.659;11.607;11.459;0.40414;0.14604;0.071108;0.19942;0.54146;0.71025;0.75287;0.95212;0.28825;0.70346;0.26355;0.57528;0.83653;0.62764;0.76537;0.6033;0.084258;0.06581;0.07178;0.081174;0.64436;0.27614;0.74229;0.24173;0.93704;0.43396;0.82469;0.22807;0.8394;0.18361;0.46606;0.42223;0.54112;0.2884;0.99449;0.86881;0.85612;0.78921;0.35336;0.19079;0.68716;0.69606;0.50398;0.011441;0.34505;0.91436;0.56202;0.31985
27;69.315;2.9134;5.0264;34.582;39.317;20.27;11.113;21.655;54.646;51.49;26.625;33.785;62.235;7.2576;38.137;35.949;47.784;11.471;77.757;16.278;22.907;57.198;15.892;51.527;25.541;2.9643;12.877;72.493;80.095;1.1205;78.029;47.346;75.995;42.022;44.188;72.252;66.449;37.775;2.3227;43.056;32.652;21.926;69.882;30.255;14.872;46.2;13.844;46.616;0.55959;0.49675;0.52826;0.72239;0.81777;0.39356;0.42017;0.79987;0.12725;0.58924;0.79966;0.25761;0.89092;0.70827;0.0021026;0.27673;0.22453;0.1438;0.92461;0.53328;0.97944;0.38649;0.86032;0.2019;0.92055;0.52372;0.76967;0.1307;0.95276;0.21363;0.42788;0.52572;0.056388;0.6351;0.17899;0.18821;0.29828;0.89885;0.81013;0.29592;0.39213;0.61993;0.34506;0.92656;0.586;0.67456;0.1655;0.26026
28;48.117;50.409;1.0312;60.472;61.174;34.613;67.685;15.094;52.651;66.708;59.785;71.344;8.8602;42.858;16.632;15.231;65.083;80.377;68.801;60.919;29.355;79.307;70.015;20.155;24.211;43.08;11.407;58.957;57.851;8.4251;22.256;35.899;66.592;3.431;60.943;14.292;60.509;0.33309;19.849;3.8273;50.908;15.117;76.051;56.256;4.5298;23.821;79.874;5.7123;0.2521;0.18376;0.21646;0.50331;0.56059;0.55895;0.35972;0.23171;0.0040816;0.71282;0.66421;0.65428;0.50283;0.61527;0.66155;0.30955;0.052405;0.11173;0.98628;0.77889;0.43344;0.64564;0.91711;0.43624;0.044951;0.37265;0.096306;0.73469;0.17401;0.78398;0.34029;0.48651;0.32526;0.78999;0.71945;0.79704;0.83977;0.34659;0.10074;0.19241;0.48567;0.96862;0.97606;0.41453;0.11145;0.87633;0.01864;0.51608
29;76.818;2.3647;6.8622;45.432;11.399;33.547;32.874;27.097;47.653;25.242;56.219;32.223;29.696;50.062;37.204;12.626;64.149;76.878;48.878;2.3379;80.279;66.876;17.751;12.314;25.418;3.5874;76.148;15.39;72.315;13.979;72.773;17.629;15.137;8.22;37.362;25.179;69.074;24.928;36.458;74.887;44.745;70.461;47.991;59.314;31.054;43.931;47.732;6.7892;0.26236;0.5558;0.79947;0.52279;0.22571;0.026314;0.089193;0.316;0.67918;0.34116;0.71853;0.039633;0.30058;0.69039;0.013756;0.21888;0.72254;0.32205;0.22985;0.59827;0.091354;0.29521;0.91572;0.98001;0.25916;0.22646;0.10606;0.66509;0.74347;0.24421;0.13088;0.53145;0.91497;0.79561;0.64695;0.77363;0.67616;0.056089;0.097591;0.32225;0.7438;0.53207;0.9828;0.042414;0.22264;0.61539;0.59981;0.58255
30;74.294;78.247;54.097;43.275;19.915;70.911;43.61;61.715;48.788;67.634;78.198;10.844;73.806;14.58;14.768;79.766;73.765;8.598;33.186;41.063;64.851;18.221;54.488;65.698;22.765;54.536;70.627;39.314;41.097;60.904;65.013;44.06;73.273;12.294;77.896;10.319;41.266;69.035;74.76;12.973;47.974;49.228;64.816;1.6466;3.251;34.842;54.421;36.034;0.16757;0.45474;0.32819;0.55702;0.47101;0.022537;0.91319;0.054597;0.45517;0.68513;0.18499;0.54508;0.88224;0.7531;0.98334;0.12057;0.22837;0.28778;0.30313;0.21634;0.31507;0.83337;0.15613;0.62402;0.030894;0.14875;0.91965;0.51098;0.99719;0.78622;0.38148;0.89368;0.44615;0.1388;0.44206;0.82815;0.70686;0.58864;0.24855;0.33179;0.35813;0.5218;0.27677;0.59795;0.85794;0.37158;0.35865;0.097497
31;3.2413;80.377;60.683;48.983;43.571;8.8008;2.0983;62.113;63.65;34.043;12.81;40.809;57.828;59.831;24.527;31.651;28.95;22.24;1.0762;18.59;13.791;35.243;17.157;2.3511;9.3407;22.689;16.908;1.9736;9.4825;12.725;44.944;2.9924;35.943;22.319;17.812;14.87;59.362;62.849;15.113;74.827;0.25794;15.769;39.657;62.032;23.651;76.311;78.949;75.952;0.87837;0.96114;0.74162;0.72409;0.55264;0.00095061;0.42758;0.1467;0.80721;0.77881;0.018072;0.34608;0.073885;0.53592;0.3863;0.28986;0.11639;0.074044;0.78226;0.26022;0.17862;0.26441;0.74258;0.77577;0.69188;0.50964;0.38973;0.69616;0.18849;0.90996;0.5351;0.14992;0.63276;0.44566;0.70572;0.0031739;0.32127;0.63888;0.85367;0.45129;0.36041;0.050207;0.87511;0.28046;0.43493;0.073208;0.99929;0.4183
32;16.687;20.145;5.1666;46.302;73.671;5.0928;10.891;54.409;40.524;11.135;0.23549;27.708;9.2629;30.105;14.738;78.912;24.646;54.148;70.539;20.457;65.364;34.668;41.319;52.21;1.6906;37.182;80.548;66.493;15.64;39.592;28.709;11.078;55.899;2.1705;52.774;68.975;9.1296;52.211;45.236;3.7836;45.976;45.803;34.745;26.917;6.5591;4.7695;69.095;63.693;0.39006;0.61642;0.94805;0.49862;0.56561;0.8991;0.95483;0.13303;0.77955;0.49636;0.031428;0.7263;0.91173;0.92895;0.24088;0.85616;0.74823;0.6253;0.349;0.4812;0.77556;0.99821;0.83103;0.94807;0.23784;0.96914;0.56092;0.48249;0.78043;0.51679;0.94753;0.66498;0.97213;0.42194;0.70942;0.80928;0.52016;0.16737;0.53987;0.78584;0.46388;0.68889;0.33034;0.67523;0.58172;0.68932;0.46547;0.79561
33;22.252;57.888;26.509;50.258;4.2305;46.07;77.899;60.526;77.943;56.069;22.757;10.56;50.852;75.198;10.811;10.24;20.921;57.83;22.563;46.536;29.846;57.239;14.229;39.041;41.953;22.993;36.569;11.924;31.621;0.84903;21.157;3.4941;33.783;45.924;7.9124;17.613;39.798;2.9616;31.48;36.4;76.677;18.558;21.204;48.156;77.902;0.35836;79.578;76.189;0.19081;0.82456;0.80951;0.80217;0.89425;0.36913;0.88603;0.60138;0.4775;0.061623;0.40331;0.13891;0.74688;0.71703;0.27332;0.91201;0.95569;0.13919;0.83038;0.53958;0.075001;0.98319;0.3291;0.48883;0.69132;0.037744;0.99192;0.94459;0.65829;0.0028898;0.5691;0.97553;0.25023;0.73171;0.79696;0.45342;0.25519;0.17703;0.19898;0.30528;0.45055;0.80713;0.74973;0.51893;0.6951;0.86178;0.032474;0.070101
34;62.417;79.736;44.686;51.472;29.924;55.733;51.861;33.863;37.439;74.823;72.586;77.639;79.202;56.221;17.066;79.61;2.4836;12.063;7.9133;50.312;22.48;59.168;33.506;62.563;80.578;46.591;9.7783;14.127;68.243;49.988;12.343;65.182;24.819;23.124;0.36307;78.078;73.591;4.3503;21.668;75.418;16.372;27.685;43.913;13.209;11.997;45.826;70.37;27.239;0.69999;0.14082;0.76254;0.9128;0.64358;0.9109;0.31793;0.49189;0.065103;0.35076;0.67424;0.8255;0.51774;0.64739;0.57511;0.69432;0.2452;0.71384;0.087535;0.49047;0.89172;0.67535;0.47603;0.89657;0.61264;0.92119;0.35972;0.10418;0.4958;0.90452;0.65646;0.65373;0.94281;0.038687;0.46278;0.27578;0.97321;0.95653;0.61252;0.11093;0.73403;0.15789;0.035444;0.85026;0.4786;0.22444;0.8963;0.087325
35;5.7969;7.0396;74.052;63.035;71.364;73.345;55.292;27.664;75.74;44.946;33.598;0.13386;15.963;5.1064;13.429;8.0881;23.184;58.853;30.071;4.3353;31.401;27.814;74.395;61.175;75.82;48.175;8.5174;49.295;8.6194;13.303;1.4346;66.859;17.383;35.369;48.589;4.4661;14.927;17.77;47.259;35.64;71.201;53.303;3.1641;54.653;75.584;29.225;51.465;60.655;0.30938;0.70946;0.35409;0.67475;0.51795;0.30312;0.82149;0.48318;0.59126;0.21338;0.057108;0.0067728;0.47176;0.39808;0.84994;0.346;0.69636;0.9043;0.71223;0.47726;0.74321;0.85305;0.67596;0.21554;0.49361;0.6801;0.79582;0.97828;0.082464;0.21222;0.26284;0.95488;0.67072;0.5654;0.4821;0.72784;0.14694;0.52704;0.66311;0.40368;0.74398;0.80559;0.93753;0.47603;0.80823;0.30091;0.79671;0.60776
36;50.118;76.971;55.963;23.458;8.0103;32.958;73.732;57.513;49.158;28.368;52.143;69.414;29.21;73.33;19.5;56.434;8.2543;9.3398;44.365;78.095;16.145;75.081;46.795;55.436;27.493;34.378;37.077;31.795;35.386;55.048;15.387;76.001;17.725;66.307;1.88;64.259;45.834;25.553;24.113;64.209;19.819;6.7843;75.645;80.452;56.313;7.4513;10.851;79.271;0.15323;0.70052;0.67866;0.58028;0.29847;0.71686;0.94108;0.44153;0.83625;0.41272;0.090325;0.021292;0.79923;0.023616;0.63097;0.54192;0.060283;0.80109;0.19146;0.082352;0.33635;0.10798;0.1253;0.60559;0.098359;0.63279;0.063389;0.30642;0.97698;0.28002;0.17072;0.52196;0.88254;0.93801;0.29391;0.4002;0.90034;0.61331;0.042585;0.359;0.19168;0.86981;0.75835;0.50064;0.40386;0.050633;0.37598;0.74619
37;5.7746;3.0558;46.717;66.74;45.613;16.698;17.039;20.877;79.488;27.434;66.532;55.029;67.02;64.559;69.665;65.266;23.719;17.78;55.16;56.145;36.668;37.539;39.305;51.551;45.78;42.339;20.768;80.836;56.466;19.855;12.444;3.7308;26.786;63.39;55.479;26.004;15.533;13.369;48.465;20.092;30.096;24.596;80.104;17.496;2.4486;1.9589;45.208;77.915;0.48209;0.34604;0.3337;0.49677;0.46382;0.16441;0.39124;0.46175;0.70668;0.46409;0.4296;0.63662;0.027122;0.36393;0.64135;0.80364;0.56985;0.89442;0.9916;0.76475;0.89102;0.7934;0.43373;0.96777;0.12775;0.39831;0.29459;0.92738;0.34319;0.31792;0.94927;0.19254;0.81268;0.58474;0.1002;0.93826;0.23943;0.45265;0.0426;0.8429;0.8612;0.84018;0.74646;0.61864;0.32574;0.32542;0.53266;0.56532
38;59.68;77.895;46.798;65.092;10.109;12.626;56.707;57.844;53.21;52.348;44.782;49.6;67.906;41.975;31.053;48.252;59.749;59.938;42.013;76.943;66.619;19.627;36.979;17.98;70.006;79.879;45.111;37.86;66.238;11.3;16.407;72.587;80.726;70.72;25.801;58.889;40.608;11.943;52.017;62.111;20.93;37.826;47.579;6.1068;42.016;54.136;21.32;75.852;0.74653;0.26245;0.19935;0.0074172;0.70292;0.55317;0.96733;0.39865;0.57149;0.9158;0.47203;0.59454;0.75843;0.34642;0.34357;0.8851;0.23699;0.28999;0.061441;0.43146;0.61316;0.80293;0.8387;0.67942;0.28533;0.048369;0.33145;0.45923;0.60363;0.1337;0.18747;0.83757;0.22435;0.13619;0.87583;0.014937;0.73671;0.86021;0.41787;0.54679;0.16122;0.20974;0.59604;0.33527;0.46298;0.26057;0.81881;0.74428
39;9.8961;14.627;0.41381;78.795;1.0896;8.6095;27.832;16.916;1.9311;12.433;73.968;18.331;51.656;18.407;58.185;19.039;3.7491;59.845;19.601;24.822;33.456;29.624;55.276;72.34;41.405;47.964;50.858;26.076;45.573;14.168;71.652;32.457;55.457;21.353;79.925;30.246;65.665;50.217;59.534;15.396;26.42;29.287;75.205;37.75;9.7727;47.486;1.9753;67.573;0.26571;0.0026463;0.22277;0.23586;0.30243;0.73777;0.83682;0.36169;0.65029;0.080916;0.52915;0.81543;0.72045;0.70298;0.14431;0.027595;0.74365;0.14788;0.47988;0.91496;0.44308;0.73368;0.93809;0.63989;0.24817;0.38972;0.80078;0.37626;0.96852;0.0076971;0.44509;0.78491;0.51787;0.17124;0.83688;0.59862;0.21496;0.098408;0.83857;0.67666;0.51152;0.62382;0.73897;0.17725;0.14649;0.48934;0.56177;0.25878
40;40.845;56.288;2.903;42.339;14.916;24.349;5.0819;59.985;40.288;43.914;36.932;35.502;11.986;79.228;75.947;74.871;56.297;49.33;0.65356;57.963;62.482;41.24;17.779;50.119;55.902;60.285;70.224;79.178;61.064;7.4053;69.799;45.042;65.531;65.245;1.1407;68.824;66.016;32.053;73.074;5.6206;32.966;61.566;25.399;63.972;2.7628;58.183;73.95;14.249;0.018169;0.90739;0.0076562;0.27658;0.82321;0.3469;0.48588;0.18943;0.91668;0.76767;0.33992;0.15071;0.29803;0.82691;0.87279;0.96762;0.29415;0.92664;0.1127;0.51184;0.40722;0.2783;0.88342;0.56647;0.58679;0.45671;0.3501;0.27548;0.19928;0.63823;0.096108;0.93342;0.24223;0.024433;0.35975;0.7995;0.78174;0.62468;0.056195;0.66279;0.96534;0.50834;0.64604;0.24312;0.34641;0.22147;0.24405;0.057362
41;80.989;72.384;31.445;65.461;22.399;26.033;32.25;79.724;77.571;14.562;5.1614;58.038;31.597;15.788;14.483;38.072;7.5573;76.563;70.218;80.971;42.687;80.761;50.563;79.195;49.887;20.565;80.551;40.064;48.402;20.389;57.134;28.881;77.427;13.524;79.105;19.958;58.391;33.567;26.702;60.246;37.685;6.1067;53.021;9.2952;7.2119;3.1254;3.1315;26.039;0.60009;0.25019;0.010904;0.40948;0.011363;0.086612;0.36374;0.1976;0.8683;0.12942;0.42403;0.22036;0.52057;0.99318;0.32357;0.26902;0.75911;0.4387;0.38266;0.0027195;0.33944;0.32428;0.63197;0.20692;0.61796;0.29155;0.80184;0.68542;0.77809;0.012403;0.70315;0.87832;0.28102;0.29202;0.043462;0.83589;0.61383;0.51925;0.43976;0.64928;0.71282;0.76123;0.69506;0.02087;0.67963;0.22978;0.03904;0.428
42;1.8313;2.0361;49.827;55.393;15.509;72.054;50.633;13.756;29.743;9.5354;7.0791;27.759;40.057;69.145;57.278;10.352;8.6382;8.6549;23.242;27.508;30.216;80.121;8.6782;36.757;44.266;5.6735;68.844;11.07;34.686;31.535;33.041;20.332;59.849;1.8969;38.728;75.678;66.046;67.7;68.227;39.21;46.518;11.231;13.405;40.443;67.377;10.99;26.009;64.956;0.49526;0.91861;0.59512;0.45086;0.15914;0.11179;0.9963;0.27235;0.12378;0.56287;0.25381;0.058338;0.37369;0.69567;0.16521;0.33528;0.59583;0.93745;0.70716;0.095468;0.54004;0.91048;0.62808;0.29731;0.83862;0.35618;0.33929;0.33878;0.65008;0.66224;0.59845;0.36834;0.50069;0.51651;0.5346;0.58841;0.72361;0.46007;0.77138;0.81471;0.91967;0.19211;0.0033389;0.2762;0.15066;0.96019;0.25882;0.94361
43;65.427;36.79;77.796;7.5638;26.534;38.199;17.711;4.4309;7.2263;58.042;45.243;18.416;0.58222;17.806;4.2862;17.329;46.397;55.672;9.7107;17.244;8.2426;6.1872;65.948;49.962;7.4949;34.223;49.455;66.778;74.352;23.518;27.469;59.492;9.5741;78.259;77.607;68.718;28.192;57.644;78.414;19.687;76.89;32.435;39.929;80.241;25.366;64.1;15.232;64.101;0.37462;0.075281;0.86895;0.011197;0.00038177;0.86375;0.74158;0.044292;0.65897;0.16514;0.84629;0.58501;0.88473;0.050626;0.76428;0.31583;0.075908;0.49156;0.45817;0.087199;0.73951;0.34441;0.78671;0.34688;0.33089;0.8009;0.5025;0.6816;0.13479;0.0029844;0.56763;0.071649;0.22265;0.45747;0.060778;0.30869;0.62547;0.30536;0.61559;0.59739;0.93584;0.48238;0.37043;0.099298;0.26098;0.49199;0.82362;0.60245
44;9.2822;47.91;17.249;47.847;40.61;64.671;55.351;37.388;79.663;57.273;58.964;80.656;27.757;53.922;71.229;39.868;63.838;76.644;70.789;47.276;59.358;69.256;53.572;3.823;71.365;51.437;39.881;23.901;65.432;4.6571;77.617;5.439;55.682;35.938;8.2126;61.997;75.413;40.949;55.98;2.115;11.811;35.763;37.584;22.863;54.085;0.34803;51.149;31.268;0.64641;0.4616;0.050337;0.54006;0.87799;0.84945;0.38746;0.080106;0.3285;0.25508;0.28643;0.19106;0.41661;0.94738;0.2693;0.62254;0.33874;0.86539;0.07508;0.59209;0.95272;0.77534;0.7014;0.13397;0.22206;0.22118;0.43342;0.19564;0.97165;0.061095;0.96814;0.29248;0.29537;0.40373;0.67472;0.99747;0.37429;0.24703;0.39809;0.68034;0.68308;0.96512;0.67374;0.85855;0.88408;0.61111;0.13619;0.093354
45;21.768;17.363;75.61;15.747;42.38;2.7698;68.807;69.57;49.932;59.05;51.304;37.078;18.733;8.0713;64.995;5.8628;28.71;44.429;46.055;67.259;28.74;72.939;29.34;70.716;33.534;10.653;19.735;69.64;18.961;59.562;42.883;19.72;14.765;2.7004;52.552;6.052;45.38;54.036;21.694;68.998;44.078;66.49;19.006;26.102;54.975;38.424;28.901;77.814;0.70614;0.33885;0.5506;0.82799;0.1081;0.43426;0.3463;0.64302;0.95181;0.56714;0.59604;0.89269;0.023046;0.50622;0.83327;0.95947;0.44701;0.23116;0.10848;0.56919;0.17668;0.096549;0.89727;0.48735;0.84293;0.30018;0.86157;0.29143;0.42335;0.38893;0.81169;0.19258;0.58711;0.92428;0.76692;0.00808;0.28783;0.15665;0.45489;0.38333;0.63075;0.97997;0.55458;0.018064;0.24608;0.10319;0.35472;0.85483
46;16.857;64.465;11.787;59.219;42.329;58.677;65.01;18.246;39.207;57.769;57.325;47.573;7.6517;51.853;71.457;12.525;55.068;33.514;30.511;63.06;0.16124;54.085;34.207;67.359;3.9661;64.112;54.636;58.919;53.257;4.0053;73.057;26.395;49.213;73.637;58.085;23.775;44.967;47.149;56.687;33.426;52.868;75.586;63.641;62.3;66.67;62.786;33.079;62.529;0.10756;0.86078;0.80985;0.84454;0.73931;0.84496;0.38918;0.79319;0.76971;0.068959;0.90158;0.34819;0.15523;0.68633;0.1752;0.21628;0.97458;0.85125;0.9675;0.66618;0.35736;0.46286;0.9123;0.90006;0.85566;0.16117;0.7578;0.79742;0.89946;0.71874;0.47374;0.01194;0.48932;0.10242;0.081606;0.85493;0.029746;0.0046615;0.52103;0.57786;0.016542;0.09932;0.51116;0.33551;0.86335;0.4783;0.14821;0.63183
47;73.522;48.061;62.13;75.008;30.781;31.435;43.066;20.571;55.211;55.523;2.3831;44.642;3.2585;31.444;32.49;57.961;14.111;47.039;32.506;62.266;22.64;46.856;26.982;40.347;33.562;37.715;0.058769;45.078;67.445;9.1946;62.543;79.353;11.423;80.943;75.605;20.746;6.6314;79.834;29.412;50.016;59.547;65.418;74.862;38.663;18.54;14.499;45.454;8.7301;0.8551;0.102;0.075683;0.43341;0.25947;0.52462;0.17858;0.47131;0.28475;0.37237;0.149;0.25958;0.51412;0.45727;0.18696;0.3828;0.77863;0.06845;0.16549;0.50571;0.17059;0.73334;0.50664;0.63219;0.1865;0.20027;0.02267;0.20442;0.11463;0.78709;0.24789;0.69266;0.36189;0.62699;0.04234;0.45571;0.075178;0.16841;0.54507;0.19224;0.9941;0.76655;0.088459;0.80431;0.85357;0.028592;0.93685;0.95604
48;58.159;74.543;9.2254;66.117;28.302;6.089;78.361;68.177;43.473;64.44;26.842;37.181;59.636;7.2409;76.666;45.706;74.149;42.486;24.249;27.568;38.938;8.7752;33.807;70.316;49.933;17.361;21.465;61.838;55.562;58.031;43.64;60.384;22.093;43.653;52.064;25.013;40.296;79.881;63.299;41.959;38.475;18.688;58.782;24.058;77.457;22.963;26.892;23.645;0.07492;0.14201;0.79379;0.30545;0.73779;0.1796;0.78889;0.32239;0.90069;0.86873;0.0063687;0.6238;0.6728;0.26401;0.01706;0.66962;0.87359;0.37759;0.32747;0.82621;0.22345;0.517;0.47184;0.49431;0.49014;0.44;0.36483;0.28659;0.90892;0.66418;0.59182;0.50161;0.13082;0.39961;0.41893;0.07896;0.8481;0.61361;0.7851;0.87084;0.99671;0.93321;0.66977;0.85461;0.94346;0.44936;0.46103;0.40591
49;1.1206;25.046;3.6106;14.405;74.923;33.341;76.024;56.115;19.581;53.8;29.574;40.848;3.8844;64.799;38.376;68.08;71.038;61.321;27.5;10.852;50.19;67.921;64.677;64.405;51.866;10.886;39.991;23.062;20.417;27.152;9.5212;66.927;65.477;47.598;36.853;32.131;72.088;59.354;37.466;17.887;43.005;4.2976;15.524;64.512;34.417;69.628;62.126;37.012;0.51941;0.1537;0.99254;0.099065;0.84569;0.032806;0.061828;0.36601;0.96192;0.75443;0.66299;0.68808;0.92973;0.91475;0.76583;0.41674;0.36875;0.8654;0.48849;0.028397;0.53593;0.21903;0.839;0.54981;0.96696;0.21952;0.8715;0.013933;0.44806;0.0024273;0.17375;0.4945;0.38629;0.0013448;0.71874;0.35712;0.071769;0.98571;0.93941;0.34916;0.2067;0.47025;0.59208;0.60188;0.68031;0.92645;0.97607;0.71241
50;4.703;30.288;67.473;53.151;43.445;10.492;76.737;47.488;56.437;8.3978;21.857;6.405;11.539;52.885;40.836;41.478;77.896;55.558;30.027;73.395;26.291;76.359;24.639;74.846;57.192;28.43;40.748;55.051;27.541;39.435;0.32087;18.981;11.103;62.807;52.314;10.656;28.095;36.789;25.193;66.473;17.697;32.836;11.133;6.3354;1.7238;17.297;41.161;46.125;0.54438;0.22957;0.76426;0.19684;0.98974;0.059214;0.43614;0.87361;0.49404;0.90247;0.51904;0.53995;0.30266;0.36751;0.85552;0.37423;0.5606;0.58089;0.43275;0.14833;0.18292;0.56981;0.15514;0.68832;0.4021;0.32376;0.10675;0.79476;0.80773;0.11758;0.34322;0.73256;0.78089;0.33208;0.36845;0.045066;0.87311;0.3774;0.43829;0.91127;0.059583;0.41052;0.63297;0.83983;0.83796;0.57982;0.89232;0.075779
normalized population
1;1.1597;-0.13199;0.82597;1.2837;-1.4152;-1.3293;0.156;1.1636;1.6463;-0.82494;1.2465;0.15979;0.55049;-1.1337;-1.3933;-1.1871;-0.83019;-0.92483;-0.0022242;0.39784;-0.0078501;1.1969;0.98917;-1.4832;-1.2068;1.1416;0.68438;-0.9083;1.5236;0.45472;0.21782;0.0087233;1.3756;-1.4439;0.13566;-0.32215;-1.1108;-0.7788;1.3569;-0.65096;0.49883;-1.1072;-1.0544;-0.37333;1.1896;-1.1716;-0.9227;-1.5279;-1.2013;-0.50659;-0.6582;1.6127;-1.1061;-1.2583;1.234;0.12726;-0.48868;-1.3015;1.2846;-0.66696;-0.49132;-1.2009;0.12267;-0.66507;-1.2799;-0.69804;0.97248;1.7098;1.3619;0.90188;-0.50054;1.0653;-1.2917;-1.4911;1.5416;1.5059;-0.82504;0.61215;0.01866;1.6239;0.40656;-1.0281;0.94257;-0.29439;1.0853;1.8379;0.36606;-0.41998;0.2371;-0.27972;1.3994;-1.6033;-0.42522;0.56208;-0.37021;1.3098
2;0.51959;-0.68409;-0.24437;-0.47905;-0.29231;-0.25242;-0.81677;0.71948;1.4915;-1.9123;1.0129;0.77472;0.8792;0.7379;1.4496;0.55631;0.84988;-1.8845;0.41312;1.0405;-1.5203;1.055;-0.40585;-0.010337;1.4687;1.0406;-0.95142;1.4218;-0.12137;1.0125;1.5906;-1.3532;-0.24879;-0.76571;0.43855;0.082692;-0.11122;0.40571;0.082991;0.057187;-0.74623;0.90922;-0.52528;-1.04;0.46457;1.0573;1.2473;0.55643;1.346;-0.81525;0.70423;1.1262;-0.90126;-0.77375;-0.42993;-0.12656;-0.30537;1.7792;1.4105;1.2661;0.44872;0.25327;-1.4465;0.028563;-1.2886;1.0543;-0.84821;0.80648;-0.8187;-1.3594;-1.4146;-0.60896;1.5907;-0.12551;0.076036;0.61035;-0.80738;1.6016;1.3013;0.62165;1.2138;0.66664;1.027;1.2533;-1.1794;1.0382;-0.58747;1.3831;-0.1464;-1.1868;-1.6304;1.1897;-0.15768;1.4014;-0.48562;0.20788
3;-0.68971;0.92416;1.2016;-0.44619;-0.87471;1.5733;-0.73967;1.7432;-0.34529;-0.15279;1.5962;0.31891;-1.6237;0.15936;-1.0014;-1.1702;-0.67153;-0.0063785;-1.3247;1.6001;0.49548;1.4385;1.6491;-1.0223;-1.4937;-0.13332;1.2693;-0.0839;-0.35806;-0.77026;-0.49749;-0.79896;1.2238;0.016898;-0.98244;1.0105;1.3882;0.05943;1.2136;1.6255;0.78127;-1.1509;-1.3905;-0.27235;-0.41109;1.2851;-0.59054;1.5225;-0.21005;0.55243;1.5896;-1.6731;1.4593;0.9742;-1.1599;1.2063;0.19932;-0.72939;-0.82983;0.79441;0.78832;0.5587;-1.2984;-1.1186;1.2122;0.34795;1.187;-0.93369;0.70919;-1.1127;-0.81561;0.45448;1.272;1.7299;-0.074954;1.7669;-0.26704;1.3222;0.22363;0.85802;0.70438;-0.14998;-0.68923;-0.73494;0.43823;-0.70313;1.2912;0.46029;-1.7126;0.87821;-0.5193;-0.51468;1.2665;1.3204;-0.58319;1.3996
4;-1.2338;0.12539;1.6042;0.74101;1.1967;-0.6018;0.44916;-0.29948;0.91454;0.29509;-1.3048;1.609;1.5583;-0.66808;1.2268;1.4092;0.85777;-0.013991;-0.63134;-0.060071;-1.5232;-0.97575;-1.3956;0.05026;-0.79904;-0.95297;1.3539;-0.15842;-0.8612;0.61167;0.35632;-0.57575;0.015562;-0.92372;0.45328;0.18667;-1.0873;1.5816;1.1041;-0.6664;-0.61966;1.8269;-1.5341;1.5853;-1.4036;0.26742;0.88966;0.41265;1.2415;1.2384;-1.4277;-1.4448;-1.1316;1.014;-1.027;-0.94567;-0.72662;1.5279;0.2792;0.42476;1.2955;0.96399;0.26565;0.58512;0.19972;1.3481;0.58118;0.70294;1.1753;-0.62248;-1.2095;-0.34335;-0.24564;0.44517;-0.95025;-1.2378;-1.096;-0.72197;0.97337;-0.98612;1.2807;-1.2835;-0.35733;-0.7179;-0.9904;-0.15016;-1.756;0.75891;0.41499;-0.85391;-0.8875;0.46283;1.109;1.1459;-1.071;-1.7893
5;0.91451;-1.2937;0.3688;-1.1833;0.71657;-0.4613;1.3484;1.1588;0.79935;0.079094;-0.59591;0.91146;1.3017;-0.50273;-1.4253;0.21842;-1.3062;1.0548;1.2979;-1.3645;1.6852;-0.78503;0.83328;-1.7215;1.1771;-0.93433;-1.4174;-1.4573;0.52719;0.30217;-0.55177;0.90301;-0.68312;1.614;-1.3057;-0.69387;-1.3979;-0.21134;0.77977;-0.21323;-0.021542;-0.71153;0.73918;0.29903;-1.0875;-1.0538;-0.54959;0.011876;1.0823;0.27675;-0.18817;1.5782;0.84962;-1.0122;-0.052156;-1.0506;-1.4497;-0.9237;0.34365;-0.99875;0.70991;0.53905;0.3708;1.4827;1.0501;0.74095;-0.8704;0.73528;0.13205;-1.0509;-0.86522;1.2049;0.38786;-0.69999;0.54908;-0.89282;0.80381;-0.28675;-1.0467;0.58938;0.36265;-0.23204;1.0514;0.78156;-0.44824;-0.18119;1.1992;-1.2862;1.3375;0.35802;0.718;-0.63007;0.1916;1.2628;-0.40148;-1.4634
6;0.9712;0.83202;0.24428;-1.385;-0.1469;0.96045;-0.96315;0.33114;-0.44039;-0.28934;1.6414;-1.0996;1.1631;0.31779;1.1321;0.0042381;0.11739;0.91155;1.6602;-1.2619;-0.20658;-1.4076;1.1908;-0.99405;-0.18412;0.30836;-0.80856;-0.9287;-1.3948;-0.86763;1.4401;0.20374;-1.5348;1.4955;-1.5602;0.26932;0.72508;1.1721;1.1598;-0.52512;1.7366;0.73985;-0.7911;1.3326;0.37237;0.67911;0.65817;-1.5849;1.7298;1.1628;-1.0111;0.93638;-0.012796;0.92734;0.78273;-0.91309;0.78909;-1.0954;1.927;-1.649;-1.6895;-0.10726;0.59199;-1.4401;-1.4848;0.35318;0.53707;1.7327;-0.71058;-1.5278;-1.4416;1.0239;-0.69584;-0.1126;0.071457;1.0315;0.47632;-0.96026;1.6023;-0.69692;0.86462;0.20786;-1.3877;-0.11009;-1.1399;-1.4062;0.61438;-1.4905;0.61691;-1.5548;0.56158;-0.94956;-0.78368;-0.77383;0.98527;0.14435
7;-1.3688;-0.055638;-0.021699;-1.3007;1.4209;1.9036;0.97304;-0.21155;-0.60616;-1.1675;-1.1246;-0.56479;-0.63078;-1.6151;1.6141;1.3772;-0.79901;-0.67909;0.15687;0.44346;1.8614;0.92524;0.64419;-1.3815;-1.7951;-0.02668;-1.7277;-0.82613;-0.51209;-1.1709;-1.049;0.94839;1.0458;-1.424;0.93693;-0.84585;-1.1;1.2385;1.0305;1.5451;-1.606;-0.7026;1.4503;-1.5322;0.64603;0.64914;-0.18037;-0.42559;1.1308;1.4094;1.3438;-0.52859;-1.2609;1.53;0.6411;-0.25108;-1.7063;-0.54044;-1.5727;-0.50894;-1.3324;0.42997;-0.85126;-0.18948;-0.86797;-1.3322;1.5241;-1.4481;0.13711;-0.4687;-0.31193;1.3008;1.6215;1.4213;1.4992;-0.59947;-1.6833;-0.13989;-1.1802;-0.62649;1.4674;-1.3431;1.2292;1.0344;-0.27638;-0.27702;-1.2292;-0.86343;-0.94928;1.0822;-1.1571;0.49349;-1.1956;-0.18224;1.5358;1.378
8;-0.86163;1.3264;-0.014275;0.6728;0.80691;-1.0303;-1.2537;0.13269;-0.15074;-1.053;-1.5176;-1.5142;0.036853;0.20766;-0.4439;1.2063;-0.33831;1.5869;1.6639;1.1107;-0.10048;-1.5815;-1.2464;0.3197;0.49342;-1.1645;0.16644;-0.011571;-1.3772;-1.2615;0.37217;0.69281;-1.3641;-1.4879;-0.9724;0.41636;0.44374;-1.2597;1.3866;-0.20651;-1.5841;0.62296;-1.1559;0.38012;1.1459;0.24739;-1.1468;-0.76978;0.75714;1.1485;-1.1305;-1.4227;-0.23778;0.50811;0.66406;1.5368;-0.45751;0.83468;-0.57813;-1.5573;1.29;0.26728;0.8592;-1.1834;1.6034;-1.356;-0.12431;0.71021;0.4143;-0.57719;1.181;-0.60498;-0.19145;-0.68779;0.049258;-0.30612;1.0491;0.99154;1.1753;-0.85798;-0.54032;-0.9024;1.1992;-1.5618;-1.4269;-1.1796;1.0217;0.20372;-0.28149;1.3912;0.64604;1.0245;-1.8547;0.26903;-1.1376;-0.41243
9;1.1873;0.44157;0.029761;1.205;-1.2832;1.4169;-0.74714;1.5863;-0.43373;-1.1794;-0.26028;1.5874;-0.44739;-1.4671;-0.1491;1.1367;-0.38807;0.67815;1.6829;-1.2339;-0.25716;1.4432;1.2995;-0.48869;-0.045816;-1.1891;0.20597;-0.69522;0.03462;0.11146;1.0724;-1.3109;-0.72441;-0.25233;0.73442;1.1269;0.70591;-0.60628;0.70704;1.2497;-1.2307;-1.3636;1.4086;0.6202;0.59107;1.5001;0.9693;0.34753;-1.4994;1.2344;-0.54649;-1.4753;-1.0088;-0.68282;1.2473;-1.2998;0.59285;1.1097;0.26038;0.4286;-1.0087;0.64252;-0.62103;-0.40959;-0.096381;-0.79712;-0.1492;-0.21866;1.3535;1.5656;1.1637;-1.263;0.28578;0.88859;1.3671;-0.84445;-0.53622;-0.65627;-0.69398;-0.89004;0.58262;1.6754;0.8285;0.4234;0.040793;0.28902;-0.082471;-0.28648;0.13707;0.77982;-1.1766;0.81529;0.57272;-0.59203;-1.3504;0.45402
10;0.64344;1.0542;1.3843;1.2724;1.2657;-0.36983;1.3392;0.2795;-0.83231;0.841;-0.71424;-0.44894;0.91504;0.96878;-0.15761;-1.482;-0.92535;-1.473;-0.22089;-0.42519;1.3848;1.0048;0.056107;-0.89381;-0.22822;1.1906;0.82782;0.70474;1.422;1.4298;0.11212;-0.11765;-1.5045;-0.18199;0.17327;1.1942;1.2302;-1.2102;-0.63098;-0.85195;1.9617;1.296;-0.33446;-1.5785;-0.95325;0.1547;-0.83211;0.30925;-0.53384;-0.25075;0.33228;1.3002;-1.2304;0.85415;-0.33962;-0.96991;-2.0354;0.22749;0.063036;-0.10127;-0.73907;-1.1864;-1.0253;0.68611;-1.5544;-1.4485;1.496;-1.1669;-0.58889;0.19777;-1.0854;-1.4015;0.79362;1.561;0.25444;0.88995;-1.7498;1.589;1.2026;0.16467;-1.5662;1.2356;-0.023744;-0.28766;1.2371;-1.2453;-0.15984;-0.30685;1.4627;1.0795;-0.53821;-1.463;1.7486;0.68589;-0.39439;-1.1744
11;0.77698;-1.2658;1.6702;0.60401;1.1153;-0.9528;-1.828;-0.25838;-1.2921;0.85272;1.0211;-0.27997;0.57448;1.4927;-0.64339;-0.071694;1.3604;0.60776;0.11479;0.062869;1.0031;0.14684;-0.32099;-0.72676;0.67036;-1.0269;-1.2703;1.5949;0.2387;1.4786;1.3307;-0.52637;0.75561;-1.421;-1.2771;-1.0545;-0.057488;0.66097;0.3276;-0.2687;-0.61343;0.88164;1.4833;-0.49817;-0.6323;1.0918;0.21119;-0.92221;-1.5512;0.22905;0.1216;0.67008;0.4187;-0.12932;-0.78816;-1.1265;0.36354;0.94826;0.85915;0.23445;0.43342;1.1236;1.379;1.5602;1.5741;0.0035732;-0.43335;-1.1226;1.5174;1.2562;0.58246;-0.91812;0.72026;0.96404;1.2376;-1.6469;-1.5625;0.35186;0.87518;1.4163;0.41462;-0.54589;-1.3093;-0.20092;0.84381;1.6794;-1.6721;0.44905;0.71591;-1.081;1.1735;-1.4815;-0.68826;1.2504;1.3435;0.34017
12;0.16171;1.261;-0.75201;1.3597;-1.5342;0.54285;1.1775;-1.4892;-0.41053;-0.65874;0.89208;-0.44407;0.0028474;1.0154;1.3061;1.4056;0.58766;0.15644;-1.2448;0.90692;-0.24479;0.92768;0.27961;0.94677;0.068586;-0.39907;1.0929;0.93853;-1.1205;-0.31597;-0.91563;1.4795;-1.3995;0.62159;-0.87012;0.53567;-0.24233;0.30163;0.74427;-0.30976;-0.49004;-1.3738;-0.1605;-0.81918;0.95089;-0.92819;0.99558;1.277;-1.4547;1.2096;1.3974;0.87405;0.78495;-0.086041;-1.5695;0.83943;-0.27976;0.23037;-1.3679;-0.3958;0.46977;-0.0019228;0.043167;0.71707;-0.23972;-0.56123;0.79858;0.94962;-1.528;0.15184;-1.4669;-1.1157;-0.69898;1.0223;1.1557;1.6092;0.50327;1.7035;-1.1893;0.38485;-1.043;-1.0936;1.6209;1.2321;1.3634;-1.1902;0.39571;0.35077;0.92855;1.3423;0.79485;-1.0654;0.15874;-1.553;-1.0023;0.040231
13;1.2755;0.012562;-0.029865;0.058816;-0.4897;0.2083;-0.91353;-0.70297;-0.36008;-0.2318;0.6225;-0.66707;-0.71946;1.2342;-0.023604;0.21417;-0.43781;0.19065;0.034095;-0.98819;-1.129;-0.47765;-1.0466;1.5359;0.81195;-0.82151;1.272;0.92852;0.45669;0.89487;1.0083;0.30164;-0.57328;1.2024;-1.0992;-0.59696;1.1865;-0.84337;-1.838;0.0066762;-0.75726;-0.49594;-1.1022;-1.0959;1.2479;0.89178;0.82112;-0.84832;1.0144;1.377;-0.86343;-1.4791;1.2187;-0.13447;-0.078446;-0.0099467;1.4143;1.0524;-0.53464;1.2103;-1.0576;-1.1516;0.046252;1.4328;-0.84323;-0.027218;-0.30098;-0.048001;-0.91925;1.4508;-1.0523;-1.4908;-0.57496;2.0961;-0.89638;-0.26045;0.88264;-0.064793;-1.5097;-1.1538;0.75157;-1.1574;1.6684;-1.1803;-0.88528;0.71741;1.5769;-0.62692;0.19333;0.99613;0.55245;1.1827;-1.3333;-0.72416;0.85128;1.4839
14;-0.84518;1.0242;-0.84672;-1.1564;1.2803;0.5597;0.099369;1.1654;-0.65963;0.7196;0.043666;-0.7346;0.42362;-1.2542;1.2371;-1.461;1.5127;-0.11969;-0.53029;-0.24359;-1.1078;-0.7691;1.2834;0.81462;-0.55083;-1.3031;0.33151;-0.072928;-0.79028;0.10334;0.91287;-1.0763;1.1306;-0.99423;0.212;-0.47868;1.3587;-0.83017;0.61485;-1.6075;-0.69318;0.69966;-1.5539;-0.38116;0.28132;-0.44676;0.96214;-1.3668;0.69204;-1.241;1.0629;-0.89936;0.76754;-1.4741;1.4508;1.8024;-0.61705;1.0028;-0.45066;1.1218;-0.80146;-1.0946;1.8031;1.045;-0.80469;0.73962;-1.2428;-0.98064;-1.3597;-1.2214;1.2698;0.13425;-1.4646;0.44257;1.2356;0.52491;-0.72142;-0.15624;0.070329;-0.91985;0.27841;0.64424;-1.2757;1.258;0.66625;0.32357;-0.99519;-1.0424;0.21491;-0.26076;-1.0945;-1.216;0.029899;-1.2064;-1.3823;-0.20274
15;-0.16047;-0.043712;0.32504;-0.70055;-0.31304;-1.3072;1.2314;-1.625;-0.0024832;-0.41313;0.64922;1.2522;0.98986;0.81436;-1.3232;-0.10469;0.19928;0.24862;0.069436;-1.4777;-1.5047;0.74364;-0.86152;0.022238;0.86421;1.9878;0.036978;0.8869;1.7439;1.7645;-1.2028;0.70184;-1.4301;-0.37527;0.25481;-0.26201;-0.93681;-0.4069;-0.86861;0.20127;0.45804;-0.70876;-0.47169;0.50397;-0.77557;-1.4346;-0.9611;0.59091;0.55975;-1.4384;-0.29068;0.15169;0.26146;1.5479;-0.78969;1.7498;0.63431;1.1054;-0.66852;0.65236;-0.20101;1.6276;-0.79399;-1.2603;0.21375;0.18416;-0.62056;-1.2366;0.69384;0.98667;-0.10729;1.506;0.11334;-0.60134;0.93907;-1.3849;-0.80348;-0.45776;0.71529;-0.62383;-1.6763;1.2517;-0.42797;1.4768;1.5911;0.85178;1.3242;-1.4087;-0.94862;-0.57957;-0.49299;0.79104;1.7527;1.0119;1.2225;-0.45874
16;1.2874;0.11786;-0.29409;-2.0723;0.46193;-1.2759;-1.3842;1.0571;-0.5195;1.4568;-1.1472;-1.5796;-0.019493;-1.2038;0.52245;1.2018;0.76003;-1.312;-1.1384;-0.45945;-0.29048;-0.20408;-0.41987;-0.97347;-1.1825;-1.5736;-1.1014;-0.71428;-1.2771;0.26409;0.56509;0.92535;-1.2071;-0.7609;1.5221;1.1029;-0.7874;-1.3642;0.75941;1.2011;0.57906;1.033;-1.0111;-0.8692;0.91666;1.0733;0.44137;-1.3962;0.60665;0.072939;-0.7491;0.49055;0.38668;0.50583;-1.0951;-0.5708;1.6104;1.2614;0.93177;1.7703;0.32819;-0.077016;0.038659;1.5418;0.27104;-1.4316;1.426;-1.1018;0.72759;0.98092;-0.94202;-0.14539;-0.13977;-0.91943;-0.43724;1.1971;-0.071999;-0.77391;-1.5624;-1.3771;-1.0169;-0.5168;-0.74487;0.090061;-0.031908;0.47027;0.72015;-1.6792;-0.26173;0.78501;-0.23522;0.6134;0.6913;0.63782;0.542;1.118
17;-0.59748;-1.6801;-1.3855;-0.31188;-0.35556;1.3393;-0.90756;0.28302;-0.3936;0.84062;-0.57781;-0.59784;-1.5456;-0.80004;-1.4311;-0.33393;-0.87398;-1.2917;-0.53269;-1.0016;1.099;-0.23127;-1.8003;0.27848;1.1114;-0.50488;-0.43318;1.1868;1.3955;-0.16285;0.22545;1.5438;-0.21833;0.35263;1.3409;-1.6329;1.3368;0.1535;-1.6534;-0.7752;-0.99014;-1.2554;-0.49915;-1.5121;-0.1923;-1.3561;1.5071;0.51449;1.0876;-0.6273;-0.45675;1.1093;-1.2938;0.87793;0.8968;-0.14215;0.31299;-0.73103;2.1643;-0.4765;-1.6522;1.0909;1.4426;-1.4152;-0.82311;1.3688;-0.79958;1.54;-0.38748;-1.1309;-1.5077;-0.22881;0.88899;-0.11937;-1.4069;-1.4292;-1.8579;0.65216;1.5811;-1.4304;-0.84535;0.83355;-1.034;0.15399;1.0207;0.29178;1.0552;-1.0586;0.99421;1.087;-1.1338;0.73096;0.21864;-1.5321;0.56974;-1.3596
18;-0.74527;-1.0935;0.5707;1.0268;1.2939;-1.2302;0.93956;-1.3419;-1.4342;0.13153;-1.2608;1.6966;0.45736;-0.99919;-0.76992;0.74038;0.20107;0.16742;0.059996;0.25419;0.15018;-1.2086;-1.5941;0.10287;0.21608;0.64065;0.37321;-0.48356;-1.5664;-1.3287;0.55094;0.49014;1.0404;0.068599;-0.76459;1.1478;-0.56909;0.44735;0.96425;-1.2903;-0.51353;1.0161;0.51581;0.10368;0.14218;-0.76409;-0.29645;0.48343;-1.4822;-0.61877;0.15186;1.7248;-1.4567;1.4426;-0.70256;0.1558;-0.38559;0.10843;-0.10085;0.96165;0.57453;-0.47563;0.32679;-1.0612;0.59163;0.078295;0.83734;0.80195;1.6722;-0.21228;-0.96727;-1.0263;-1.3632;0.21566;0.056172;0.11193;1.043;-0.73395;-0.22906;1.6;1.0498;-0.74302;1.379;-1.6377;-0.38676;-0.42626;0.291;0.85924;0.22191;-1.7102;-0.33649;-0.23727;-1.4221;0.25486;-1.0623;0.78125
19;1.1301;-0.10161;-0.86835;-1.8244;0.99447;0.91537;-1.4685;0.71147;0.84174;-1.8967;-0.7914;-0.80448;-0.98572;0.75984;-1.4536;-0.35126;-0.13116;-1.2379;-0.32002;-1.2462;-1.0424;0.8728;-0.45197;-0.058358;1.4;1.0097;0.38457;-1.1948;-0.29181;1.5483;-1.5051;-0.6045;-0.42098;-0.1393;0.2304;0.13807;0.39953;1.7235;-1.724;-0.083273;-1.4956;-0.084559;0.91519;-1.1026;-1.2446;1.2214;-1.308;1.0693;-0.30808;-1.5802;1.3629;0.35913;1.5512;-0.71677;-1.2001;-0.89509;1.2825;-0.1504;-0.84645;-1.3943;0.83923;-2.1893;0.99955;-1.4678;1.4137;-0.21848;1.6043;0.7866;-1.3347;-1.3556;-1.1684;-1.1077;-0.8815;0.92021;-1.1169;-1.3039;1.2713;1.1714;-0.83927;0.098809;-1.1604;1.7103;-1.396;0.70652;-1.5438;0.48323;0.65693;0.39036;-0.18249;-0.75816;-1.4868;-0.34384;-0.90873;1.3766;1.6053;0.73357
20;0.66001;0.83769;-0.84941;-0.48996;-1.1267;-0.050343;0.99022;-0.75833;-2.1129;1.2748;1.1467;1.0702;1.085;1.5417;1.5094;-0.90861;-0.75793;0.25728;1.4358;0.80663;1.0661;-0.89875;1.2699;-1.6676;-0.81622;0.41761;0.83497;-0.90632;-0.7071;-0.20214;0.31708;0.21067;1.2459;0.46894;0.11861;0.40072;-1.7267;0.78062;0.25268;0.50025;-1.2152;1.3017;1.4779;1.7247;0.48928;1.1929;-1.3588;-0.25588;-1.4803;0.64609;-0.77156;0.52027;-0.85198;-1.2775;-1.1612;1.707;-0.45802;-1.3205;0.174;0.35225;0.22566;-0.23707;0.72664;1.1263;-0.97337;-0.82959;-0.72839;1.2052;-1.5785;0.82193;-1.0964;-1.07;-0.97817;-1.546;-1.5985;-0.22689;1.1442;0.14476;1.3923;0.84975;-1.432;1.5164;0.053232;1.3644;-1.1565;0.97765;0.11311;1.1863;0.46619;0.87727;1.5652;-0.61983;0.58857;-0.63834;1.277;1.1841
21;-0.27918;1.0089;-1.2075;1.2914;0.94123;1.1057;1.0965;-0.28331;-0.23998;-0.56016;0.13347;1.1797;-0.060113;-1.1292;-0.80085;0.69756;1.4278;-1.84;1.778;1.2896;1.618;-1.1182;0.96402;-0.2018;-1.3184;0.4924;0.13443;-0.47269;0.17172;0.52373;-1.146;-0.8447;0.32697;1.3016;0.67196;-0.19898;-1.472;1.3918;0.16044;0.53412;-0.75587;0.95626;0.6593;-0.36182;1.7013;-1.4224;-1.1921;-1.3812;1.2572;0.46626;-1.6064;0.54823;-0.14924;-1.2578;-0.85203;1.9448;0.04709;0.3071;-0.81853;0.58977;0.1251;0.52466;-0.49665;1.1189;1.1258;1.4583;-1.0727;1.5348;0.44027;-1.5219;-1.0357;1.6739;0.69541;-0.2704;-1.5595;-0.0078215;0.93917;1.0847;1.3209;1.2449;0.62178;0.57622;-0.43914;-0.33545;-0.40439;-1.0592;-0.84841;-0.44267;-0.81076;-1.5464;-1.5366;-0.19978;-0.83902;0.72398;-0.9969;-0.4743
22;0.21768;1.0616;0.97863;-2.1045;1.6405;0.29386;-0.21881;0.76984;-0.63693;1.3985;0.34559;-1.5394;-1.2895;-0.17925;0.2511;1.2224;-0.063377;0.46335;-0.87009;-0.65169;-0.65634;-1.4879;0.66077;-0.045624;-0.93112;0.14183;-1.2539;-0.47203;-1.2603;2.138;-0.94099;-1.174;-1.5031;0.54656;0.67681;1.102;0.46465;-1.5314;1.4341;1.5054;1.1282;0.71483;0.00039397;-0.2301;0.15302;1.4997;-1.5386;-0.62879;-0.35926;-0.033346;1.5878;-0.11291;0.13348;-0.32409;1.2719;-0.50105;0.55202;-1.2925;-0.085638;-1.3325;-1.0854;0.95198;1.0783;-0.89914;1.3652;1.4359;0.76601;-1.2811;-1.6742;0.67157;-0.33494;-1.4094;0.13001;-0.043655;-0.9245;-1.0517;0.62103;1.0273;-0.38401;-1.0704;-0.47384;-1.0145;0.14229;-0.78142;-0.14619;1.4731;1.3457;-0.50509;1.473;-0.65464;1.2719;1.5759;1.1938;-1.0565;0.34577;1.2709
23;-1.0004;0.40718;-0.80435;0.57185;-1.0534;0.99906;0.20962;-1.2795;1.1289;-0.929;0.79133;1.4934;1.232;1.3221;-0.82602;0.37055;-1.5627;-0.075879;0.27951;-0.32222;-1.4655;-1.2486;0.84661;-0.33888;0.87987;1.5162;-0.61976;1.6933;-1.5741;-0.48597;-1.5295;1.1545;0.44498;0.87007;-0.18345;-0.87034;-0.43761;-0.61229;-0.52762;1.2188;-0.92464;-0.6607;0.28364;0.4765;0.43096;0.18577;1.4407;-0.98959;0.13366;0.25442;-0.25328;-0.91254;-1.2218;1.1;1.3392;0.74598;0.37162;-1.1304;0.081782;1.0128;-1.6841;1.1452;-1.0881;1.1212;1.5961;-1.2665;0.48875;-1.4456;0.18924;-1.4456;-0.11454;0.71722;-1.4432;-1.6303;-1.3348;0.37345;0.26669;-0.18106;0.22704;-0.81962;1.6845;-0.63978;-0.33403;-0.12025;-0.15457;-0.65417;-1.2038;1.1436;-1.899;-1.8034;-1.017;1.7;-0.54162;-1.4309;0.50211;0.97203
24;-1.2154;-0.51658;0.17069;-0.44659;1.2678;0.76236;0.80804;-0.92786;0.26868;1.1788;-0.6594;0.66017;0.88937;-0.36493;1.4579;-0.34052;-1.1134;0.73865;-1.568;1.5001;1.7301;-1.123;0.22559;0.44069;0.82494;1.0161;0.12201;0.75682;0.89602;0.48361;1.2494;1.3111;1.0202;0.60445;-0.49084;1.7067;-1.3475;-0.90837;-1.6933;-1.4329;1.5474;-0.90248;-0.095756;1.249;-0.78502;-0.25156;0.87974;-0.032769;-0.69515;0.79547;0.6677;-0.15931;-0.35285;1.1936;-0.055397;-0.50104;-0.72636;-1.2644;-0.050567;0.75079;-0.81836;0.095463;-0.90161;-1.465;-0.48835;-0.92938;-1.2268;-0.89781;1.0277;1.4371;1.3269;-0.18379;-0.49688;0.64673;0.67508;0.088104;0.52408;-0.50725;-0.85419;-1.0244;-0.31554;1.657;-0.86893;-1.5171;0.081129;-1.4187;-1.0529;1.9562;0.85789;-0.96102;-0.017417;1.1143;-0.83952;1.0725;-0.72462;-0.34371
25;1.274;-0.12806;-0.78677;0.34529;-1.3892;-1.3593;1.1862;0.51152;-1.0938;1.5257;0.89772;-1.0869;1.2617;-1.0449;-0.54484;-1.5057;0.82557;1.5718;0.2819;-0.47628;0.10878;-1.4149;-1.4121;1.6922;-0.72197;2.0194;-1.0614;-1.6276;-1.4167;1.7866;-1.2417;1.4412;1.2429;0.79371;1.1445;1.4118;0.98603;-1.3425;-0.95043;0.06932;-0.40173;-1.484;1.5418;-0.022257;1.2501;0.2469;-0.13133;-0.2684;0.95168;1.439;-0.13396;0.43418;-1.0069;1.4238;-0.083746;-1.34;0.18209;-1.6297;0.78728;1.7074;-0.0080863;-1.1738;-1.1667;-1.2621;0.14504;0.72414;0.14124;0.7066;-0.042508;-1.4223;-1.2316;-0.92556;-1.0122;-1.6096;0.72564;0.089516;0.28144;1.1978;1.2589;-1.3025;-1;1.3813;0.77946;0.59034;-1.0722;-0.77166;-0.041891;1.509;-1.3573;0.38322;0.13452;0.48483;-0.81121;-1.1701;0.55227;0.21498
26;0.9601;0.54369;0.55131;1.4457;1.1126;-0.13258;0.48255;-1.2765;1.6373;1.4893;-1.129;-0.60885;-0.37146;0.44717;0.54858;-1.105;-0.012289;0.026005;-1.2457;1.4844;-1.2667;-0.4258;1.5175;-1.7335;1.5652;-0.51682;0.19613;0.031668;-0.25122;-1.2496;0.24373;-0.78551;1.3583;0.27243;0.52886;-0.56132;-1.8093;0.69172;-1.6922;-1.1368;-0.23624;1.6168;-1.0438;-0.3925;-0.88857;0.59996;-1.255;-1.2489;-0.20325;-1.2336;-1.4072;-1.1184;0.27673;0.67051;0.73408;1.9628;-1.0231;0.77483;-0.68726;0.3478;1.2707;0.10148;1.0047;0.38357;-1.2912;-1.3205;-1.4064;-1.216;0.53888;-0.68786;0.79544;-1.0072;1.7395;0.019975;0.98418;-0.85269;0.83961;-0.97144;-0.23529;-0.26927;0.13477;-0.58818;1.6798;1.0897;1.3144;1.1706;-0.52408;-1.2701;0.35522;0.41297;-0.069879;-1.5699;-0.60625;1.3962;0.19194;-0.75019
27;1.0465;-1.7467;-1.3357;-0.57661;0.028924;-0.64507;-1.4313;-0.97979;0.40793;0.35526;-0.58954;-0.24641;0.92229;-1.3575;0.007984;-0.22554;0.43028;-1.3893;1.7621;-1.1056;-0.5823;0.51507;-1.2251;0.43147;-0.64972;-1.5856;-1.1555;1.3502;1.7063;-1.3636;1.4769;0.26825;1.2959;0.14237;0.028929;1.3409;1.012;-0.046164;-1.7806;0.20119;-0.062452;-0.61346;1.1073;-0.2269;-0.85839;0.37012;-1.1618;0.20878;0.38339;-0.041536;0.080845;0.76282;1.2669;-0.29614;-0.46775;1.4034;-1.633;0.37557;1.3979;-0.77694;1.4676;0.43853;-1.6301;-0.62009;-0.84525;-1.0677;1.4159;0.26553;1.6977;-0.34301;1.1636;-1.1569;1.6809;0.36249;0.80493;-1.1978;1.2046;-0.87178;-0.37408;0.087265;-1.6869;0.58282;-1.156;-1.1074;-0.67386;1.5637;1.1414;-0.82808;-0.71885;0.15927;-0.65165;1.5152;0.31079;0.59287;-1.0926;-0.9584
28;0.25604;0.13628;-1.5043;0.59606;0.94177;-0.01328;0.82252;-1.2899;0.30758;1.0633;0.84985;1.3629;-1.278;0.11982;-0.83603;-1.0677;1.2056;1.6521;1.3632;0.76272;-0.30961;1.3907;1.417;-0.93988;-0.71001;0.30621;-1.2209;0.73927;0.75531;-1.0288;-0.74824;-0.21721;0.93825;-1.4232;0.76558;-1.1922;0.75044;-1.6641;-1.0451;-1.4876;0.80605;-0.91051;1.3639;0.93577;-1.2835;-0.57194;1.5873;-1.4872;-0.77699;-1.1054;-0.93406;-0.02525;0.34528;0.2087;-0.68611;-0.68389;-2.0995;0.80754;0.87111;0.62748;0.062501;0.049752;0.64629;-0.51923;-1.3925;-1.1716;1.62;1.0704;-0.19054;0.46683;1.3406;-0.27567;-1.4288;-0.214;-1.3887;0.94276;-1.3024;1.0217;-0.69248;-0.047803;-0.67645;1.106;0.7234;0.85799;1.2562;-0.4167;-1.4452;-1.2633;-0.3783;1.3213;1.6583;-0.21102;-1.4954;1.2688;-1.5683;-0.064535
29;1.3262;-1.7685;-1.2582;-0.085169;-1.1371;-0.060242;-0.56431;-0.72258;0.056316;-0.86593;0.69503;-0.31335;-0.41911;0.41874;-0.028631;-1.1736;1.1637;1.4977;0.476;-1.6889;1.8438;0.89833;-1.1344;-1.2826;-0.65531;-1.5562;1.6599;-1.227;1.3737;-0.7742;1.2672;-0.99201;-1.0191;-1.2289;-0.27117;-0.71639;1.1275;-0.60129;-0.34802;1.5715;0.51286;1.5037;0.19685;1.0725;-0.1932;0.27462;0.24908;-1.4425;-0.73828;0.15917;0.96363;0.04482;-0.8548;-1.4171;-1.6634;-0.37421;0.45756;-0.49157;1.0824;-1.5487;-0.66979;0.36378;-1.5899;-0.79787;0.73793;-0.48987;-0.88326;0.4785;-1.3735;-0.62826;1.3363;1.7693;-0.66801;-0.77184;-1.357;0.69612;0.53079;-0.77028;-1.4537;0.10703;1.5397;1.125;0.47129;0.78242;0.67301;-1.4584;-1.4567;-0.71738;0.56142;-0.13352;1.683;-1.4655;-1.0722;0.39463;0.31435;0.16771
30;1.2321;1.2399;0.73526;-0.18289;-0.78142;1.5855;-0.13661;0.91349;0.11338;1.1064;1.6491;-1.2294;1.3993;-1.0536;-0.90917;1.5555;1.5947;-1.5161;-0.22286;-0.06826;1.1914;-1.0286;0.65903;1.0509;-0.77552;0.84647;1.4143;-0.14725;0.03907;1.3765;0.95758;0.12888;1.1924;-1.0637;1.5109;-1.3659;-0.096755;1.3046;1.2595;-1.0939;0.66645;0.57748;0.89663;-1.5062;-1.3361;-0.10799;0.52755;-0.22997;-1.096;-0.18434;-0.57038;0.16793;0.024267;-1.4286;1.3132;-1.3345;-0.39091;0.71075;-0.99279;0.24084;1.4362;0.62595;1.7571;-1.1;-0.83306;-0.60094;-0.64078;-0.77305;-0.59988;1.0535;-1.0326;0.43051;-1.4787;-1.0684;1.2935;0.14993;1.3476;1.0291;-0.54274;1.355;-0.22216;-1.0935;-0.24121;0.95842;0.78245;0.45133;-0.90627;-0.67729;-0.84262;-0.16774;-0.90166;0.40734;1.3458;-0.42213;-0.46685;-1.5271
31;-1.4172;1.3244;1.0132;0.075665;0.20656;-1.1502;-1.7904;0.93234;0.86061;-0.45645;-1.1892;0.054569;0.74062;0.82415;-0.52615;-0.40027;-0.41384;-0.91399;-1.6528;-1.0088;-0.96778;-0.35443;-1.1634;-1.7181;-1.3838;-0.6554;-0.97609;-1.8325;-1.3125;-0.83167;0.15691;-1.6128;-0.22764;-0.65694;-1.1307;-1.167;0.69993;1.0373;-1.2439;1.5689;-1.6035;-0.88207;-0.14976;1.194;-0.49751;1.6377;1.5488;1.4251;1.5864;1.5369;0.77531;0.76891;0.31681;-1.4945;-0.44096;-0.99619;0.94252;1.0382;-1.642;-0.46373;-1.4906;-0.28201;-0.30387;-0.57974;-1.189;-1.2938;0.94486;-0.62925;-1.0717;-0.72452;0.79637;1.0012;0.86878;0.30876;-0.43283;0.80622;-1.2558;1.4399;0.015668;-1.2074;0.47916;-0.057016;0.67565;-1.7047;-0.5919;0.63148;1.3002;-0.17493;-0.83432;-1.7393;1.2888;-0.66301;-0.2642;-1.4217;1.6085;-0.4062
32;-0.91586;-1.0636;-1.3297;-0.045755;1.4637;-1.3136;-1.4401;0.56823;-0.30212;-1.5222;-1.735;-0.50683;-1.2614;-0.40939;-0.91037;1.5208;-0.60674;0.49437;1.4407;-0.93063;1.2131;-0.3772;0.016158;0.46132;-1.7305;0.02807;1.8557;1.0794;-1.0493;0.39977;-0.49079;-1.2699;0.53148;-1.4744;0.40641;1.1976;-1.5116;0.57764;0.020412;-1.4895;0.57139;0.42808;-0.35402;-0.37619;-1.2001;-1.3739;1.1385;0.9168;-0.25638;0.36523;1.4472;-0.042121;0.36327;1.247;1.4636;-1.0464;0.83776;0.050931;-1.5901;0.88248;1.543;1.3611;-0.80586;1.1607;0.81962;0.49315;-0.48897;0.094874;0.99258;1.5686;1.0722;1.6492;-0.74373;2.0622;0.12489;0.04898;0.64976;0.13464;1.5149;0.56707;1.7545;-0.13712;0.68853;0.8975;0.11697;-1.0594;0.15598;1.2315;-0.45762;0.38908;-0.70555;0.66788;0.29452;0.6423;-0.12084;0.91213
33;-0.70834;0.43277;-0.42903;0.13343;-1.4365;0.49137;1.2295;0.85731;1.5792;0.56832;-0.75746;-1.2416;0.45306;1.4618;-1.0645;-1.2706;-0.7737;0.65691;-0.69592;0.16079;-0.28888;0.51667;-1.3063;-0.11431;0.093971;-0.64105;-0.1012;-1.3834;-0.36607;-1.376;-0.79209;-1.5915;-0.30982;0.30067;-1.566;-1.0471;-0.16141;-1.5505;-0.55694;-0.085364;2.0319;-0.76039;-0.91723;0.57356;1.7325;-1.5596;1.575;1.4349;-1.0083;1.0727;0.99631;1.0498;1.541;-0.37071;1.2151;0.67422;-0.30632;-1.4687;-0.14368;-1.1972;0.94611;0.47517;-0.69388;1.3323;1.4791;-1.0826;1.1041;0.28618;-1.4301;1.5217;-0.49315;-0.077873;0.86681;-1.492;1.529;1.6866;0.25657;-1.5714;0.13928;1.637;-0.95842;0.90914;0.99292;-0.25127;-0.82745;-1.0248;-1.087;-0.78876;-0.50618;0.7831;0.82974;0.14095;0.72602;1.2201;-1.5235;-1.6228
34;0.78922;1.299;0.33807;0.18843;-0.3634;0.917;0.19212;-0.40282;-0.45718;1.4408;1.4055;1.6327;1.6217;0.67434;-0.81898;1.5491;-1.6;-1.3632;-1.3484;0.31879;-0.60035;0.59306;-0.36525;0.91388;1.8442;0.47179;-1.2933;-1.284;1.1996;0.87625;-1.1438;1.0247;-0.65082;-0.62431;-1.8979;1.5955;1.3264;-1.4905;-0.96872;1.5944;-0.83695;-0.36227;0.027252;-0.98916;-0.97656;0.35438;1.1916;-0.59464;0.91323;-1.2514;0.84341;1.4477;0.6427;1.283;-0.83709;0.27198;-1.8684;-0.458;0.91012;1.2337;0.11646;0.18404;0.34792;0.66331;-0.77956;0.78017;-1.3542;0.12525;1.3943;0.55968;-0.034905;1.4555;0.58738;1.8792;-0.53061;-1.2918;-0.26652;1.4218;0.45684;0.52829;1.6443;-1.4316;-0.16918;-0.8247;1.7318;1.7706;0.42087;-1.6058;0.52588;-1.3804;-1.7851;1.258;-0.097988;-0.91505;1.2748;-1.5626
35;-1.3219;-1.5832;1.5774;0.71216;1.3673;1.6928;0.32878;-0.69577;1.4684;0.050811;-0.28685;-1.6883;-0.98522;-1.4468;-0.96174;-1.358;-0.67228;0.70204;-0.36156;-1.6053;-0.22309;-0.64866;1.6308;0.8532;1.6286;0.54647;-1.3494;0.30322;-1.3494;-0.80517;-1.579;1.0958;-0.93368;-0.12753;0.22243;-1.6216;-1.2564;-0.91059;0.10532;-0.11809;1.7714;0.75524;-1.6675;0.86406;1.6373;-0.34446;0.4045;0.79086;-0.56084;0.68148;-0.48608;0.59144;0.19248;-0.57219;0.98198;0.23996;0.12456;-0.9382;-1.4902;-1.6651;-0.050026;-0.85825;1.2966;-0.40721;0.65471;1.3976;0.7131;0.081961;0.88071;1.115;0.58861;-1.1056;0.16463;0.95923;0.89014;1.8061;-1.5971;-0.87647;-0.97402;1.5658;0.62182;0.34742;-0.10199;0.63462;-1.2133;0.23042;0.60535;-0.37508;0.56209;0.77797;1.5173;-0.0036824;1.1566;-0.65888;0.95218;0.25579
36;0.33066;1.1893;0.814;-1.0805;-1.2786;-0.086195;1.0634;0.71491;0.13199;-0.72049;0.51811;1.2803;-0.43911;1.3843;-0.72347;0.60708;-1.3414;-1.4834;0.27502;1.4816;-0.86826;1.2233;0.28346;0.60235;-0.56126;-0.10418;-0.078606;-0.48662;-0.20508;1.1081;-1.0223;1.4835;-0.92069;1.1276;-1.8312;0.9915;0.10436;-0.5743;-0.86614;1.1118;-0.67295;-1.274;1.347;2.0177;0.8451;-1.2611;-1.2864;1.5627;-1.1501;0.65107;0.57038;0.2516;-0.59404;0.69069;1.414;0.086953;1.0525;-0.24145;-1.361;-1.6137;1.1357;-2.4237;0.54074;0.19493;-1.3674;1.063;-1.0103;-1.2121;-0.52627;-1.2133;-1.1287;0.36122;-1.2391;0.77868;-1.496;-0.57502;1.2825;-0.65138;-1.3089;0.074317;1.4179;1.6059;-0.75639;-0.42305;1.4721;0.5398;-1.6573;-0.56291;-1.4486;0.99196;0.8613;0.07928;-0.38242;-1.4973;-0.41073;0.73948
37;-1.3227;-1.7411;0.4238;0.87995;0.29187;-0.80239;-1.1952;-1.0165;1.6569;-0.76392;1.1427;0.66387;1.1196;1.0203;1.2454;0.96609;-0.64827;-1.1108;0.75578;0.56295;-0.00037177;-0.26352;-0.082193;0.43252;0.26739;0.27125;-0.80432;1.7267;0.69611;-0.50487;-1.1397;-1.5814;-0.57601;1.0093;0.52535;-0.68035;-1.2297;-1.1008;0.15593;-0.78745;-0.18404;-0.49702;1.5325;-0.79742;-1.3691;-1.4923;0.144;1.5065;0.090904;-0.55382;-0.55245;-0.048794;-0.00151;-0.99559;-0.57227;0.16125;0.56174;-0.061885;-0.041432;0.56497;-1.6599;-1.001;0.57658;0.99928;0.25253;1.3655;1.6376;1.024;1.3919;0.92859;-0.16683;1.7233;-1.1347;-0.11607;-0.74277;1.6257;-0.75779;-0.52555;1.5212;-1.0606;1.1553;0.41274;-1.43;1.3139;-0.88362;-0.03636;-1.6572;1.4714;0.98885;0.89324;0.81779;0.47709;-0.67977;-0.57677;0.096832;0.1075
38;0.68719;1.226;0.42719;0.80534;-1.191;-0.98176;0.38516;0.73056;0.33573;0.39519;0.19859;0.43121;1.1561;0.083158;-0.27003;0.2745;0.96652;0.74994;0.17025;1.4334;1.2662;-0.97289;-0.1957;-1.035;1.3651;2.0416;0.27888;-0.21285;1.1139;-0.89699;-0.98163;1.3387;1.4759;1.3066;-0.77946;0.75682;-0.12575;-1.1624;0.30501;1.0215;-0.62011;0.080102;0.17973;-1.3067;0.25742;0.70422;-0.85057;1.421;1.0889;-0.83794;-0.98976;-1.8091;0.85536;0.19106;1.5088;-0.070583;0.049692;1.517;0.12363;0.41598;0.98793;-1.0742;-0.45136;1.2496;-0.80565;-0.59378;-1.4406;-0.068128;0.43097;0.95838;1.0961;0.63887;-0.57509;-1.4514;-0.62271;-0.033474;0.080629;-1.1372;-1.248;1.1617;-1.0557;-1.1023;1.2672;-1.6667;0.88882;1.4252;-0.28888;0.22655;-1.5595;-1.2077;0.26714;-0.47823;-0.15744;-0.794;1.0238;0.73278
39;-1.1691;-1.2823;-1.5303;1.426;-1.5677;-1.1587;-0.76521;-1.2037;-2.2424;-1.4619;1.4655;-0.90863;0.48619;-0.89484;0.79484;-0.91291;-1.5433;0.74582;-0.82786;-0.74797;-0.13619;-0.57696;0.6975;1.3413;0.069146;0.53654;0.53461;-0.74469;0.2304;-0.76555;1.2225;-0.36318;0.51466;-0.69616;1.6002;-0.49498;0.97746;0.49148;0.6205;-0.98959;-0.35895;-0.29239;1.3287;0.10822;-1.068;0.42425;-1.6559;1.0777;-0.72563;-1.721;-0.91351;-0.98733;-0.57987;0.75452;1.0373;-0.20634;0.34815;-1.4012;0.34577;1.1981;0.85039;0.41643;-1.1392;-1.3858;0.80504;-1.0545;-0.055845;1.5163;-0.15717;0.74197;1.4061;0.4902;-0.70706;-0.14885;0.90628;-0.32751;1.2553;-1.5554;-0.31154;0.98023;0.047374;-0.98391;1.1318;0.21747;-0.97083;-1.3067;1.2451;0.77256;-0.28418;0.17222;0.79036;-1.0109;-1.362;-0.027652;0.19112;-0.96354
40;-0.015102;0.36933;-1.4253;-0.22525;-0.99019;-0.46538;-1.6715;0.83176;-0.31399;0.0027913;-0.14215;-0.17285;-1.1492;1.6291;1.492;1.3565;0.81181;0.28171;-1.6717;0.63903;1.0912;-0.11696;-1.133;0.36994;0.72606;1.1176;1.3963;1.6519;0.8927;-1.0755;1.1485;0.17053;0.89786;1.0845;-1.8637;1.191;0.9929;-0.29341;1.1888;-1.4104;-0.047544;1.1157;-0.74274;1.2808;-1.3562;0.87458;1.3406;-1.1332;-1.6598;1.3542;-1.6137;-0.84085;1.2864;-0.43856;-0.23037;-0.83922;1.3571;0.99927;-0.39022;-1.1555;-0.67903;0.93453;1.3755;1.5032;-0.62394;1.47;-1.271;0.19527;-0.28119;-0.68111;1.2356;0.21408;0.49555;0.10678;-0.56193;-0.68467;-1.2211;0.5378;-1.5801;1.4919;-0.9885;-1.4798;-0.52746;0.86592;1.0493;0.58055;-1.6076;0.71425;1.368;-0.21258;0.45018;-0.78888;-0.60108;-0.925;-0.83809;-1.6673
41;1.4817;1.0075;-0.22072;0.82205;-0.67767;-0.39123;-0.58917;1.7646;1.5605;-1.3628;-1.5212;0.79279;-0.34073;-1.0035;-0.92035;-0.13925;-1.3726;1.4838;1.4263;1.6019;0.25417;1.4483;0.46742;1.6409;0.4535;-0.75556;1.8558;-0.1134;0.35139;-0.4804;0.64324;-0.51486;1.3504;-1.0138;1.5641;-0.9446;0.65719;-0.228;-0.75746;0.94124;0.17699;-1.3035;0.40606;-1.1642;-1.1733;-1.4432;-1.6078;-0.64441;0.53623;-0.87959;-1.6031;-0.36279;-1.6229;-1.2331;-0.67158;-0.80917;1.1739;-1.2317;-0.063062;-0.90885;0.12671;1.6296;-0.5204;-0.64378;0.85421;-0.11172;-0.37756;-1.4731;-0.5156;-0.53742;0.4514;-1.1381;0.60626;-0.52348;0.90976;0.76815;0.64223;-1.5398;0.62654;1.3021;-0.84273;-0.57594;-1.6273;0.98342;0.45085;0.20248;-0.20906;0.65744;0.44863;0.63015;0.62963;-1.5382;0.66716;-0.89717;-1.5022;-0.37231
42;-1.4698;-1.7815;0.55505;0.36602;-0.96544;1.6359;0.14319;-1.3531;-0.84415;-1.5967;-1.438;-0.50462;0.0080229;1.2107;0.75925;-1.266;-1.3242;-1.5136;-0.66571;-0.63556;-0.27323;1.4229;-1.5773;-0.21418;0.19876;-1.4578;1.3349;-1.422;-0.23501;0.030452;-0.31798;-0.8774;0.68171;-1.4855;-0.21113;1.4906;0.99422;1.247;0.98534;0.035605;0.59721;-1.08;-1.2416;0.22865;1.2999;-1.1121;-0.65533;0.9692;0.14063;1.3924;0.29848;-0.21395;-1.0934;-1.1562;1.6135;-0.53457;-1.6461;0.28342;-0.72512;-1.4825;-0.40509;0.38585;-1.0671;-0.44016;0.33511;1.505;0.6963;-1.1691;0.17813;1.2945;0.43929;-0.79814;1.3899;-0.27685;-0.59716;-0.46034;0.23015;0.61751;0.24594;-0.45492;-0.017166;0.18228;0.08058;0.1845;0.84211;-0.009729;1.0001;1.3529;1.2017;-1.2664;-1.9026;-0.67735;-1.3461;1.5497;-0.79026;1.4292
43;0.90148;-0.40366;1.7354;-1.8004;-0.50496;0.14468;-1.1684;-1.7938;-1.9762;0.6601;0.21863;-0.90495;-1.6193;-0.91981;-1.3206;-0.98239;0.36813;0.56163;-1.2683;-1.0651;-1.2024;-1.5052;1.2185;0.36306;-1.4675;-0.11149;0.47219;1.0923;1.4608;-0.33698;-0.54026;0.78331;-1.2307;1.6125;1.4982;1.1864;-0.67236;0.81243;1.4128;-0.80487;2.0421;-0.15506;-0.13842;2.0083;-0.42703;1.1237;-1.104;0.93372;-0.31462;-1.4741;1.1898;-1.7955;-1.6623;1.1391;0.69332;-1.3724;0.38104;-1.1068;1.5793;0.38224;1.4452;-2.3108;1.0009;-0.49993;-1.3177;0.059637;-0.12767;-1.1962;0.86793;-0.4745;0.93397;-0.61173;-0.41327;1.4202;-0.065445;0.75461;-1.4287;-1.5711;0.1339;-1.4771;-1.0621;-0.017119;-1.5671;-0.71845;0.49234;-0.56455;0.43207;0.4393;1.2606;-0.29909;-0.55877;-1.2737;-0.92626;-0.018761;1.0394;0.23722
44;-1.192;0.037185;-0.81983;0.024226;0.082913;1.3107;0.33114;-0.23621;1.6657;0.62434;0.81418;1.762;-0.49902;0.57894;1.3068;-0.066262;1.1498;1.4873;1.4518;0.19176;0.95915;0.99259;0.6143;-1.6538;1.4267;0.70029;0.046165;-0.84286;1.0794;-1.2015;1.4604;-1.509;0.52322;-0.10446;-1.5527;0.89267;1.4066;0.09099;0.47133;-1.5614;-1.0539;-0.0098777;-0.23597;-0.55746;0.7535;-1.5601;0.39133;-0.42757;0.71102;-0.16101;-1.4748;0.10693;1.4827;1.0954;-0.58591;-1.2408;-0.87072;-0.79245;-0.59826;-1.0126;-0.2497;1.4382;-0.70777;0.44271;-0.48219;1.2715;-1.3955;0.45825;1.6052;0.87215;0.66794;-1.4124;-0.7998;-0.79199;-0.29049;-0.96761;1.2653;-1.3782;1.5898;-0.71629;-0.78878;-0.19864;0.56783;1.505;-0.40292;-0.7737;-0.36099;0.788;0.34038;1.3096;0.55159;1.2859;1.4453;0.3803;-1.1875;-1.5416
45;-0.7264;-1.1739;1.6431;-1.4297;0.15685;-1.4159;0.86725;1.2848;0.17089;0.70698;0.4817;-0.10532;-0.87104;-1.3238;1.0621;-1.4485;-0.42458;0.065401;0.35027;1.0281;-0.33565;1.1385;-0.56863;1.2703;-0.28755;-1.223;-0.85027;1.2214;-0.9073;1.3151;0.074685;-0.90337;-1.0333;-1.4529;0.39666;-1.5523;0.084364;0.65652;-0.96762;1.318;0.48112;1.3305;-1.0086;-0.41262;0.79011;0.042796;-0.53492;1.5023;0.93641;-0.57827;0.15356;1.1427;-1.2763;-0.17191;-0.73459;0.82718;1.4902;0.29832;0.60595;1.4716;-1.6746;-0.40613;1.2391;1.4782;-0.138;-0.78447;-1.2849;0.3832;-1.0785;-1.2491;1.2788;-0.083438;1.4053;-0.49055;1.1043;-0.62814;-0.49973;-0.28983;1.0211;-1.0604;0.30759;1.5596;0.88845;-1.6889;-0.71112;-1.0978;-0.1539;-0.46062;0.14987;1.3591;0.11536;-1.5476;-0.98295;-1.3212;-0.47961;1.119
46;-0.90952;0.69354;-1.0504;0.53932;0.15472;1.0466;0.71597;-1.1409;-0.36832;0.64742;0.74304;0.34439;-1.3278;0.49306;1.3157;-1.1777;0.75673;-0.41636;-0.34199;0.85232;-1.5442;0.39178;-0.33106;1.1235;-1.6274;1.2981;0.7027;0.73754;0.55891;-1.2313;1.2785;-0.62026;0.27714;1.425;0.63993;-0.77779;0.06619;0.35893;0.50098;-0.21338;0.89928;1.7272;0.84775;1.206;1.2708;1.0683;-0.36098;0.86855;-1.3225;1.1958;0.99741;1.2022;0.98576;1.0817;-0.57969;1.3789;0.80047;-1.443;1.7943;-0.45627;-1.196;0.34684;-1.0326;-0.80589;1.5392;1.2256;1.5579;0.70102;-0.45363;-0.10435;1.3257;1.4686;1.4505;-1.021;0.76626;1.1651;1.033;0.80508;-0.20736;-1.6828;-0.059924;-1.2163;-1.4947;1.0449;-1.631;-1.6429;0.087299;0.35719;-2.0862;-1.5756;-0.043603;-0.47742;1.3664;-0.06461;-1.1486;0.33988
47;1.2033;0.043187;1.0743;1.2545;-0.3276;-0.15327;-0.15827;-1.031;0.4363;0.54292;-1.6418;0.2188;-1.5089;-0.35386;-0.21363;0.66915;-1.0789;0.18061;-0.25313;0.8191;-0.59357;0.10548;-0.68377;-0.057214;-0.28628;0.053189;-1.7258;0.1129;1.1655;-0.99349;0.85906;1.6256;-1.1604;1.7214;1.4102;-0.91017;-1.6216;1.7713;-0.64373;0.50083;1.217;1.2837;1.3144;0.14909;-0.70759;-0.96435;0.15426;-1.3621;1.4985;-1.3833;-1.3923;-0.27671;-0.73383;0.10392;-1.3405;0.19636;-1.0364;-0.38248;-1.1328;-0.76999;0.10335;-0.61079;-0.992;-0.2941;0.91624;-1.3119;-1.0963;0.17518;-1.0995;0.74089;0.060538;0.46124;-0.92608;-0.87177;-1.6286;-0.93652;-1.4936;1.032;-1.0284;0.66242;-0.53879;0.55543;-1.6312;-0.24386;-1.469;-1.0557;0.17493;-1.2639;1.4727;0.64787;-1.591;1.1031;1.3292;-1.5711;1.4062;1.4727
48;0.63047;1.0931;-1.1585;0.85176;-0.43113;-1.2697;1.2479;1.2189;-0.15383;0.95775;-0.58011;-0.10089;0.81514;-1.3582;1.5202;0.17105;1.6119;-0.020354;-0.62086;-0.63304;0.095607;-1.4027;-0.35055;1.2528;0.45559;-0.90664;-0.77331;0.86928;0.65746;1.2449;0.10488;0.82116;-0.75453;0.20854;0.3752;-0.72368;-0.13946;1.7733;0.77849;0.15394;0.21455;-0.75472;0.64565;-0.50402;1.7143;-0.60806;-0.61855;-0.74364;-1.4456;-1.2473;0.94513;-0.73699;0.98031;-0.94921;0.86422;-0.35073;1.2966;1.3525;-1.6875;0.51956;0.67789;-1.4188;-1.5785;0.58738;1.2181;-0.3098;-0.56022;1.2254;-0.9167;0.064848;-0.047987;-0.057285;0.15229;0.043004;-0.51395;-0.64528;1.0634;0.62396;0.22187;0.0042023;-1.4072;-0.21256;-0.32166;-1.4601;1.2858;0.54085;1.0501;1.5889;1.4822;1.2033;0.53702;1.2726;1.6713;-0.16156;-0.1352;-0.44948
49;-1.4963;-0.86926;-1.3954;-1.4905;1.516;-0.069318;1.1547;0.64886;-1.355;0.46275;-0.46153;0.056208;-1.4831;1.0303;0.017369;1.0804;1.4725;0.81099;-0.47607;-1.3326;0.57145;0.93971;1.1564;0.99441;0.54315;-1.212;0.051065;-0.88075;-0.84505;-0.17041;-1.2563;1.0986;0.8958;0.3686;-0.29355;-0.41258;1.2602;0.88631;-0.30572;-0.88235;0.43004;-1.3825;-1.1534;1.305;-0.054945;1.3564;0.84838;-0.18943;0.23175;-1.2076;1.5921;-1.4794;1.367;-1.3973;-1.7622;-0.19048;1.5285;0.95297;0.86634;0.74715;1.6081;1.3018;1.0063;-0.18979;-0.38677;1.2715;-0.027344;-1.3889;0.1639;-0.86632;1.0971;0.15145;1.8458;-0.79832;1.1367;-1.6116;-0.42021;-1.5729;-1.2979;-0.020284;-0.44709;-1.5577;0.72091;-0.56213;-1.4812;1.8752;1.6128;-0.60428;-1.3939;-0.33952;0.25264;0.4206;0.66973;1.4367;1.5332;0.62142
50;-1.3627;-0.66146;1.2997;0.26444;0.2013;-1.0758;1.1832;0.24112;0.49795;-1.6496;-0.7965;-1.4196;-1.1676;0.53592;0.11394;-0.00083248;1.7799;0.55662;-0.36354;1.2848;-0.43919;1.2739;-0.79815;1.4508;0.78452;-0.38468;0.08473;0.56297;-0.54049;0.39257;-1.6234;-0.93467;-1.1726;0.98561;0.38621;-1.3511;-0.67662;-0.088744;-0.82078;1.2093;-0.77391;-0.13755;-1.3361;-1.2965;-1.3989;-0.84659;-0.024487;0.18842;0.32599;-0.9497;0.84902;-1.1277;1.8832;-1.3167;-0.41004;1.6743;-0.24367;1.4704;0.30645;0.22268;-0.66224;-0.98605;1.3159;-0.32045;0.22314;0.34921;-0.21179;-0.99593;-1.0569;0.22987;-1.0357;0.67235;-0.16038;-0.40056;-1.3547;1.1557;0.73767;-1.1907;-0.68181;0.7999;1.0359;-0.44063;-0.49718;-1.5695;1.375;-0.30621;-0.21439;1.7588;-1.9295;-0.53856;0.40233;1.2228;1.2698;0.27547;1.2619;-1.603
PARTICULAR
GAIN
81
