TITLE;96 random variables, variable gain
FOCUS ON;
EXPERIMENT TYPE;SingleAmongManyVaryingGain
PARAMETERS
normalization;Standard
pcaRecompositionThreshold;0.95
component;1;2;3;4;5;6;7;8;9;10;11;12;13;14;15;16;17;18;19;20;21;22;23;24;25;26;27;28;29;30;31;32;33;34;35;36;37;38;39;40;41;42;43;44;45;46;47;48;49
type;RandomWeibull;RandomWeibull;RandomWeibull;RandomWeibull;RandomWeibull;RandomWeibull;RandomWeibull;RandomWeibull;RandomWeibull;RandomWeibull;RandomWeibull;RandomWeibull;RandomWeibull;RandomWeibull;RandomWeibull;RandomWeibull;RandomWeibull;RandomWeibull;RandomWeibull;RandomWeibull;RandomWeibull;RandomWeibull;RandomWeibull;RandomWeibull;RandomWeibull;RandomWeibull;RandomWeibull;RandomWeibull;RandomWeibull;RandomWeibull;RandomWeibull;RandomWeibull;RandomWeibull;RandomWeibull;RandomWeibull;RandomWeibull;RandomWeibull;RandomWeibull;RandomWeibull;RandomWeibull;RandomWeibull;RandomWeibull;RandomWeibull;RandomWeibull;RandomWeibull;RandomWeibull;RandomWeibull;RandomWeibull;RandomWeibull
p1;0.333333333333333;0.333333333333333;0.333333333333333;0.333333333333333;0.333333333333333;0.333333333333333;0.333333333333333;0.333333333333333;0.333333333333333;0.333333333333333;0.333333333333333;0.333333333333333;0.333333333333333;0.333333333333333;0.333333333333333;0.333333333333333;0.333333333333333;0.333333333333333;0.333333333333333;0.333333333333333;0.333333333333333;0.333333333333333;0.333333333333333;0.333333333333333;0.333333333333333;0.333333333333333;0.333333333333333;0.333333333333333;0.333333333333333;0.333333333333333;0.333333333333333;0.333333333333333;0.333333333333333;0.333333333333333;0.333333333333333;0.333333333333333;0.333333333333333;0.333333333333333;0.333333333333333;0.333333333333333;0.333333333333333;0.333333333333333;0.333333333333333;0.333333333333333;0.333333333333333;0.333333333333333;0.333333333333333;0.333333333333333;1
p2;1;1;1;1;1;1;1;1;1;1;1;1;1;1;1;1;1;1;1;1;1;1;1;1;1;1;1;1;1;1;1;1;1;1;1;1;1;1;1;1;1;1;1;1;1;1;1;1;1
RESULTS
COMMON
distance
which;Manhattan(Average);Manhattan(GeometricAverage);Manhattan(Median);Manhattan(Minimum);Manhattan(MinimumTimesMedian);Manhattan(Summation);Euclidean(Average);Euclidean(GeometricAverage);Euclidean(Median);Euclidean(Minimum);Euclidean(MinimumTimesMedian);Euclidean(Summation)
plain;1.0177;1.0166;1.017;0.88087;0.89584;1246.6;0.14524;0.14467;0.14446;0.10883;0.015721;177.91
PCA;1.0177;1.0167;1.0168;0.87911;0.8939;1246.7;0.14526;0.14469;0.14444;0.109;0.015744;177.95
DE00;1.0388;1.0378;1.0383;0.92046;0.94279;1274.8;0.23566;0.242;0.24861;0.14136;0.03503;312.68
DE01;1.0407;1.0374;1.0395;0.91401;0.945;1273.6;0.25717;0.2461;0.26905;0.14131;0.032889;318.39
DE02;1.0392;1.0385;1.0364;0.91767;0.9434;1275.1;0.24783;0.23796;0.25277;0.15211;0.027756;310.66
PCA
weights;0.010497;0.010353;0.010372;0.010355;0.0098879;0.010729;0.010631;0.010669;0.010497;0.010401;0.010174;0.010074;0.010367;0.010461;0.010127;0.01035;0.010675;0.010723;0.010448;0.010563;0.010771;0.010505;0.010441;0.010754;0.010496;0.010398;0.010785;0.010362;0.010147;0.010403;0.01046;0.010474;0.010112;0.010379;0.010481;0.01063;0.010195;0.010205;0.010733;0.0099438;0.010441;0.010401;0.010601;0.010808;0.010444;0.010695;0.010474;0.01023;0.0099635;0.010411;0.0105;0.010717;0.01082;0.009908;0.010261;0.010351;0.010204;0.010656;0.010847;0.010707;0.010413;0.0097369;0.01062;0.010471;0.010411;0.010643;0.010544;0.010313;0.010524;0.010293;0.010342;0.010599;0.010134;0.010134;0.010157;0.010299;0.010744;0.010144;0.010393;0.010459;0.010478;0.010707;0.010125;0.010733;0.010596;0.010384;0.010581;0.010312;0.010227;0.0099942;0.0099845;0.010551;0.010487;0.01043;0.010348;0.010217
differential evolutions parameters, by distance type
i;dDE / dP;distance;type;parentWeight;crossover;population;iterations;distance;weights ->
1;1.0208;1.0388;2;0.85;0.5;50;50;Manhattan(Average);0.00036382;0.018164;0.0051103;0.028709;0.0019122;0.0012296;0.005775;0.0074507;0.010787;0.00051547;0.0032025;0.027953;0.02921;0.028326;0.0022336;0.01844;0.022272;0.0040647;0.012269;0.013387;0.00067217;0.0011218;0.018674;0.013505;0.025926;0.0085048;0.00247;0.0092467;0.010986;0.01832;0.0031426;0.017462;0.027749;0.0021863;0.022395;0.028369;0.029153;0.013339;0.00052568;0.0004508;0.0066687;0.012165;0.0012927;0.014123;0.00052031;0.0028583;0.0022445;0.0011728;0.017966;0.026601;0.0014577;0.0030516;0.015223;0.0017144;0.0022518;9.1073E-05;0.029366;0.018205;0.020459;0.025254;0.0033067;0.015779;0.0031143;0.017905;0.0062858;0.024895;0.0036635;0.0048864;0.0015352;0.013018;0.0011418;0.025842;8.69E-05;0.0037915;0.001454;0.013101;0.0054279;0.0063433;0.00066978;0.001396;0.022706;0.013037;0.0012979;0.001304;0.00053219;0.014673;0.0023533;0.0019571;0.0035064;0.0012123;0.0032087;0.026353;0.028966;0.0025545;0.0048911;0.019545
2;1.0212;1.0392;2;0.85;0.5;50;50;Manhattan(Average);0.00034653;0.021646;0.0036405;0.023665;0.0034627;0.0036242;0.0031431;0.004092;0.019547;0.00093762;0.00039798;0.0038554;0.023924;0.023131;0.0040134;0.018489;0.021976;0.011469;0.0048408;0.01736;0.0005647;0.018726;0.021408;0.024434;0.012768;0.021753;0.00045886;0.022022;0.004477;0.012318;0.0010687;0.0216;0.013654;8.4245E-05;0.024261;0.023767;0.022832;0.0060084;0.00050633;0.00010344;0.012115;0.0018896;5.1015E-05;0.017477;4.5158E-05;0.00030593;0.0047563;0.00076204;0.024059;0.023287;0.018584;0.0016461;0.019584;0.0020573;0.0015968;0.0012457;0.019103;0.017164;0.013442;0.021845;0.011927;0.01125;0.0056873;0.015086;0.0032927;0.024215;0.001061;0.00075854;0.019963;0.02328;0.0082103;0.013758;0.0014428;0.0071749;0.0010071;0.020072;0.0057649;0.00028703;0.00010392;0.00062476;0.019671;0.018239;0.00046456;0.003197;0.02307;0.0042507;0.00049905;0.0010016;0.0030612;0.0035664;0.002578;0.019777;0.023978;0.00020946;0.011103;0.022977
3;1.0227;1.0407;2;0.85;0.5;50;50;Manhattan(Average);0.00022508;0.004366;0.006322;0.029723;0.00018479;0.0017213;0.0017357;0.0096623;0.028245;0.0020766;8.435E-06;0.024819;0.010848;0.026724;0.001794;0.0035946;0.028583;0.0028698;0.0074471;0.028017;0.00016774;0.0050711;0.020684;0.019664;0.016386;0.018238;0.0034235;0.0032544;0.024559;0.0023227;5.3888E-05;0.026351;0.0022843;0.0046787;0.025205;0.029131;0.021946;0.006746;2.8766E-05;0.0020636;0.0052265;0.0019807;0.00023818;0.028455;0.0003145;0.0010443;0.0015307;0.00090043;0.023675;0.02911;0.017327;0.0026458;0.020727;0.0047138;0.00054255;4.0858E-05;0.029201;0.028224;0.0027164;0.02977;0.006784;0.011339;0.0021459;0.012501;0.0020478;0.030178;0.0020386;0.007948;0.013754;0.026721;0.00018567;0.015979;0.00050133;0.0095836;0.00077256;0.028356;0.0029343;0.0054237;0.00027206;0.00057157;0.02872;0.024528;0.00034106;0.0011711;0.00019992;0.0041674;0.0021239;0.0027821;0.0026241;0.00017093;0.0085185;0.0036265;0.029808;0.0011871;0.0049241;0.025461
4;1.0209;1.0378;2;0.85;0.5;50;50;Manhattan(GeometricAverage);0.00026642;0.016461;0.017737;0.025523;4.3623E-05;0.0016207;0.0043563;0.004837;0.018947;0.00024807;0.00070829;0.021626;0.0156;0.005546;0.00073809;0.017149;0.026003;0.0095028;0.0023582;0.025872;0.0012743;0.0053725;0.01902;0.023278;0.022951;0.0201;0.00013826;0.018202;0.0016647;0.017809;0.0033733;0.019679;0.022523;0.00048631;0.024337;0.025737;0.022107;0.018784;0.00065606;0.0010564;0.021887;0.0010634;0.0014772;0.026221;0.00029009;0.0013636;0.002902;3.5149E-05;0.0195;0.020601;0.0090834;0.0017467;0.023683;0.0003624;0.0014725;0.00076496;0.022963;0.023239;0.0032951;0.025356;0.0047771;0.0068956;0.0030257;0.0090288;0.0016016;0.025782;0.0033032;0.00070022;0.0042132;0.026247;0.0021729;0.010087;0.0073111;0.021177;0.00058552;0.017496;0.024754;0.0012073;0.00041421;0.0019497;0.02214;0.0089591;0.00076832;0.0055479;0.0010204;0.006556;0.0013062;0.00096077;0.0089814;0.00055477;0.0010929;0.025295;0.025188;0.00023998;0.011407;0.016255
5;1.0205;1.0374;2;0.85;0.5;50;50;Manhattan(GeometricAverage);9.3395E-05;0.025715;0.025814;0.021025;0.001424;0.012536;0.0027752;0.013787;0.0027618;0.00084828;0.00010797;0.001449;0.0061072;0.024721;0.0023687;0.0030848;0.014406;0.013716;0.00087309;0.020514;0.00026666;0.0028007;0.010877;0.025531;0.026316;0.020948;0.0044497;0.0075088;0.021049;0.0039576;0.0024468;0.017874;0.018509;0.0050619;0.025565;0.025277;0.016352;0.021399;0.00073312;0.0058456;0.0099731;0.0027386;0.0038532;0.024991;8.7699E-05;3.0915E-05;0.0032483;0.00083234;0.015817;0.026326;0.012056;0.0039726;0.0060582;2.3892E-05;0.0010486;0.00053927;0.024595;0.025007;0.011961;0.024161;0.019686;0.0021811;0.014552;0.025965;0.0029729;0.018775;0.00010084;0.00188;0.023973;0.023836;0.01183;0.023452;0.0008883;0.0041305;0.00013479;0.018755;1.2291E-05;7.0613E-05;0.00037318;0.0039684;0.014175;0.0026913;0.0006991;0.0035707;0.0085484;0.026025;0.0016623;0.001971;0.0079139;0.0097144;0.0018527;0.024721;0.025919;0.00079044;0.013392;0.0045998
6;1.0216;1.0385;2;0.85;0.5;50;50;Manhattan(GeometricAverage);0.00030857;0.02629;0.0097827;0.024664;0.0018025;0.0015033;0.00087638;0.0084405;0.022318;0.0024053;0.0011052;0.0018171;0.016622;0.015161;0.00055422;0.0039755;0.01482;0.0068086;0.0050905;0.023854;0.00088713;0.0022882;0.018291;0.024244;0.012515;0.018349;0.0043481;0.0048151;0.026976;0.020324;0.0022555;0.023182;0.0086586;0.00061888;0.025054;0.027656;0.012445;0.0021072;0.0010514;0.00011684;0.019869;0.00028133;0.00016713;0.027187;0.0058832;0.00036563;0.00086439;0.00095945;0.0075274;0.025746;0.017238;0.00092701;0.0050589;0.0024352;0.0010991;0.00096672;0.02391;0.023374;0.0062335;0.025974;0.00015089;0.017803;0.0076064;0.0038199;0.0048692;0.027811;0.0011363;0.00048995;0.0093105;0.026557;0.0096263;0.02618;0.0058171;0.018572;0.0025592;0.020942;0.0051287;0.0028007;7.2307E-05;6.6926E-05;0.02693;0.017712;0.00056825;0.0020649;0.017626;0.019567;0.00019218;0.0013511;0.001399;0.018428;0.0057549;0.025992;0.026701;0.0012668;0.0015959;0.021082
7;1.0449;0.92046;2;0.85;0.5;50;50;Manhattan(Minimum);0.0082304;0.0072151;0.012247;0.014615;0.0093032;0.002332;0.0067038;0.0088606;0.01276;0.017967;0.009665;0.0069844;0.0090147;0.0035164;0.010124;0.006845;0.017197;0.012482;0.0041822;0.0040302;0.010627;0.018774;0.011726;0.007936;0.0094783;0.010525;0.01798;0.0039663;0.0078121;0.0097414;0.0096965;0.013009;0.013228;0.016246;0.018117;0.012371;0.0040133;0.014579;0.016005;0.012815;0.014185;0.019318;0.002935;0.0044939;0.010065;0.010221;0.00081611;0.010964;0.014915;0.017536;0.003444;0.0019921;0.0081365;0.002198;0.010901;0.00082194;0.0075865;0.00197;0.0039823;0.0077965;0.016136;0.0095472;0.010244;0.013132;0.014617;0.010301;0.0028724;0.0046213;0.01413;0.010587;0.016692;0.014924;0.011651;0.01687;0.01297;0.017208;0.0019397;0.017301;0.0032219;0.0065157;0.019738;0.010387;0.019268;0.0065038;0.009809;0.012511;0.0046161;0.009232;0.0087148;0.017599;0.017385;0.0063139;0.015524;0.012705;0.014317;0.012695
8;1.0418;0.91767;2;0.85;0.5;50;50;Manhattan(Minimum);0.0036576;0.0040508;0.01637;0.017518;0.0097898;0.014563;0.010418;0.011759;0.015034;0.0084185;0.0030521;0.003438;0.00089058;0.014983;0.0079674;0.0063581;0.013288;0.0004387;0.0084824;0.010484;0.011008;0.0083132;0.0084821;0.015985;0.018413;0.0086326;0.01203;0.015982;0.010346;0.01658;0.0099455;0.0057761;0.017805;0.0042654;0.017331;0.011271;0.002957;0.010859;0.0032524;0.010646;0.0098509;0.0050121;0.00255;0.014363;0.017818;0.0020815;0.018458;0.0044477;0.016489;0.006617;0.0042622;0.0040742;0.00084599;0.0025676;0.0077654;0.008419;0.0080842;0.015431;0.0039507;0.01071;0.011719;0.016996;0.010937;0.004028;0.0089781;0.018613;0.018789;0.00040429;0.017115;0.016897;0.017622;0.014445;0.0053689;0.018798;0.0028171;0.012995;0.0055775;0.0097743;0.0024883;0.0019081;0.015829;0.013993;0.014664;0.0032431;0.013686;0.016147;0.017465;0.014853;0.011908;0.017487;0.011527;0.006986;0.017643;0.013855;0.017666;0.012142
9;1.0376;0.91401;2;0.85;0.5;50;50;Manhattan(Minimum);0.018412;0.012606;0.014305;0.017071;0.01041;0.014062;0.010259;0.017597;0.004657;0.016949;0.0021223;0.008951;0.010721;0.0093271;0.0030236;0.0015426;0.017924;0.014526;0.012277;0.017866;0.0076821;0.011728;0.0080829;0.013512;0.015413;0.0094092;0.015502;0.015007;0.011343;0.011191;0.0046453;0.0042541;0.003367;0.010043;0.01716;0.01228;0.010993;0.0062674;0.011002;0.017521;0.0095565;0.012075;0.0088687;0.0044647;0.01183;0.0084299;0.011267;0.015419;0.014098;0.010003;0.012505;0.0048104;0.0084329;0.0023015;0.012613;0.0033808;0.0022824;0.0061188;0.0051792;0.016236;0.016305;0.0040048;0.0074801;0.016427;0.0020505;0.0049283;0.0033414;0.0073807;0.0067333;0.0074355;0.0056188;0.0054835;0.017417;0.011411;0.012575;0.014002;0.0048436;0.011526;0.006879;0.0065173;0.014603;0.0063729;0.016928;0.013072;0.017802;0.016612;0.0042895;0.0063689;0.0080084;0.01041;0.017346;0.013689;0.010583;0.018864;0.0081835;0.013625
10;1.0209;1.0383;2;0.85;0.5;50;50;Manhattan(Median);0.00060882;0.0122;0.00091937;0.022387;0.0014601;0.016956;0.016811;0.015249;0.016122;0.00093961;0.00087803;0.019861;0.018142;0.023227;0.014353;0.0074303;0.01443;0.01188;0.0028137;0.021806;0.004451;0.0017179;0.00091841;0.02056;0.019545;0.022237;0.0028787;0.013836;0.020855;0.01957;0.00041796;0.016335;0.023321;0.0002667;0.0059831;0.020766;0.015605;0.013631;0.00091104;0.001695;0.019903;0.00016235;0.018318;0.021826;0.0092978;0.006424;0.00050554;0.0012472;0.020252;0.022956;0.0040518;0.0057736;0.017798;0.0028927;0.0045281;0.0031494;0.020687;0.021021;0.0029655;0.01502;0.0026897;0.0085159;0.010994;0.018034;0.0022188;0.016844;0.0017985;3.9159E-05;0.022494;0.0066675;0.0020918;0.0058935;0.016854;0.004108;0.0066552;0.013433;0.009027;0.0093914;0.00057951;0.0030021;0.0177;0.014385;0.0032319;0.0050846;0.015934;8.379E-05;0.000959;0.0012677;0.0065449;0.018593;0.0065544;0.023371;0.016772;0.00034871;0.0037168;0.021366
11;1.0191;1.0364;2;0.85;0.5;50;50;Manhattan(Median);0.0011186;0.01666;0.00097559;0.020225;0.019388;0.017757;0.0059322;0.010075;0.015168;0.0063023;0.0013809;0.018136;0.019611;0.02035;0.00059444;0.0019548;0.0033719;0.019488;0.00068826;0.01944;0.002848;0.001655;0.020124;0.012529;0.011323;0.0043612;0.0099396;0.0039515;0.008231;0.0031155;0.0082439;0.0064106;0.004764;0.0028941;0.013212;0.020227;0.021069;0.017217;0.00018255;0.019772;0.0017229;0.006941;0.0003366;0.020803;0.00010001;0.0051289;0.0168;4.7604E-06;0.0048602;0.017221;0.016946;0.019417;0.020233;0.0039006;0.0089596;0.0026676;0.009863;0.020618;0.0017264;0.017754;0.016865;0.012897;0.011558;0.019181;0.010208;0.020654;0.0012979;0.016059;0.0078693;0.020731;0.018508;0.0077805;0.0065654;0.0021745;0.0017589;0.018396;0.0063998;0.011678;0.0018946;0.00073967;0.020038;0.019259;0.00031177;0.0058656;0.015005;0.015735;0.004059;0.00056827;0.014187;0.020009;0.0090639;0.02059;0.016245;0.00050551;0.0013195;0.017335
12;1.0221;1.0395;2;0.85;0.5;50;50;Manhattan(Median);0.0026445;0.0098272;0.020786;0.019947;0.0035168;0.0037404;0.003821;0.021591;0.0068481;0.0022986;0.00133;0.017582;0.016087;0.021466;0.0059116;0.00035044;0.0039272;0.010741;0.021553;0.020735;0.00024244;0.020042;0.0066204;0.022542;0.019892;0.021148;0.004386;0.020774;0.017496;0.014568;0.0061276;0.010675;0.0062768;0.013156;0.019188;0.019152;0.019614;0.019369;0.0011531;0.0013141;0.02271;0.0031789;0.0036187;0.016849;0.0022594;0.014967;0.0010186;0.0016255;0.00087896;0.021236;0.0055654;0.022153;0.010882;0.00066635;0.0061586;0.00029319;0.021947;0.022786;0.0196;0.0062433;0.0015651;0.020176;0.0037716;0.0038375;0.0010756;0.022121;0.0047612;0.0047383;0.0096771;0.013286;0.0030905;0.015822;0.0068959;0.003782;0.0019141;0.018691;0.0022803;0.0016061;0.00090626;0.00251;0.0061121;0.0033559;0.011477;0.00074592;0.016896;0.0076029;0.0072845;0.00016219;0.0047585;0.0172;0.016607;0.021534;0.014545;0.003086;0.02296;0.020087
13;1.0524;0.94279;2;0.85;0.5;50;50;Manhattan(MinimumTimesMedian);0.012021;0.010488;0.017944;0.017754;0.0093789;0.0076334;0.015761;0.015983;0.01435;0.0067865;0.00015529;0.0035687;0.01324;0.0088251;0.0068807;0.0064529;0.01909;0.012455;0.01554;0.018571;0.0026992;0.0060744;0.0028065;0.013144;0.014414;0.010655;0.0071366;0.0016189;0.015023;0.010807;0.0094886;0.01603;0.014975;0.0033106;0.0084115;0.0095019;0.0087598;0.0084687;0.0099971;0.0054531;0.0065984;0.013947;0.0086529;0.012457;0.012767;0.0099108;0.01159;0.009355;0.016881;0.015055;0.0098483;0.0028859;0.018209;0.010402;0.0063237;0.0070819;0.0013453;0.017412;0.0027117;0.017495;0.010842;0.0068353;0.015647;0.0078119;0.0041635;0.01809;0.012119;0.0070951;0.017187;0.016688;0.006906;0.0092645;0.0018463;0.012562;0.0031244;0.013718;0.0090418;0.0084007;0.0028299;0.0045759;0.013907;0.017238;0.0040797;0.0049268;0.012946;0.013203;0.0093863;0.014147;0.0091887;0.00739;0.017698;0.017415;0.0052283;0.0082004;0.018928;0.014789
14;1.0549;0.945;2;0.85;0.5;50;50;Manhattan(MinimumTimesMedian);0.0031612;0.010152;0.0097797;0.019706;0.010504;0.0043934;0.0074258;0.011732;0.015208;0.0037748;0.002848;0.0041793;0.015757;0.011806;0.0077637;0.010352;0.012375;0.012312;0.014995;0.017404;0.0029959;0.015103;0.015405;0.017248;0.0072249;0.015368;0.008373;0.0038788;0.016228;0.01947;0.0052623;0.018356;0.015743;0.0048242;0.01917;0.01012;0.0058566;0.016614;0.0092942;0.009487;0.012861;0.011936;0.013107;0.015894;0.011686;0.0061703;0.0060703;0.0045142;0.01244;0.0052126;0.00038832;0.0077264;0.0062733;0.0079437;0.0099562;0.0067723;0.0090493;0.018656;0.012613;0.011116;0.015409;0.010401;0.0030274;0.012235;0.01021;0.011999;0.0020988;0.01435;0.0194;0.008976;0.013888;0.013897;0.0050666;0.0057944;0.011918;0.013683;0.0035478;0.0074897;0.0044748;0.0028411;0.0082048;0.0037926;0.01056;0.010089;0.0090652;0.013972;0.0047979;0.0063683;0.017802;0.015874;0.011764;0.0098592;0.019589;0.012387;0.0052281;0.017905
15;1.0531;0.9434;2;0.85;0.5;50;50;Manhattan(MinimumTimesMedian);0.0095444;0.018476;0.007859;0.012093;0.0090491;0.017976;0.0053263;0.010269;0.015961;0.0042812;0.0045295;0.013059;0.013361;0.014993;0.0046729;0.01222;0.016032;0.014737;0.014117;0.011952;0.012064;0.009171;0.0086699;0.0019787;0.0053146;0.0063956;0.016756;0.0094301;0.014798;0.0096384;0.0060767;0.010662;0.014724;0.0146;0.017693;0.011411;0.011046;0.0085472;0.0085054;0.0094738;0.014506;0.010761;0.0089359;0.0028978;0.017434;0.010137;0.01095;0.0075754;0.018676;0.0064807;0.013116;0.003759;0.013674;0.01707;0.0061363;0.0099791;0.0031321;0.0097338;0.008008;0.018271;0.0079894;0.015576;0.0085583;0.012035;0.011009;0.011777;0.00044091;0.0030448;0.0089657;0.009789;0.01359;0.0065284;0.013339;0.0085262;0.0016227;0.018448;0.0014712;0.0033862;0.0067015;0.010282;0.012911;0.0044362;0.011847;0.00081866;0.013995;0.013893;0.0099908;0.0082259;0.015133;0.012768;0.01804;0.0079463;0.014266;0.010328;0.0093856;0.014235
16;1.0226;1274.8;2;0.85;0.5;50;50;Manhattan(Summation);8.4156E-05;0.025203;0.02057;0.029683;0.00047538;0.015505;0.0012802;0.01181;0.017094;0.00070632;0.0010045;0.0014574;0.031133;0.016146;0.0025213;0.0036411;0.029593;0.010953;0.007728;0.031023;0.00087071;0.008591;0.016737;0.01381;0.0019962;0.024509;0.0064864;0.00028719;0.016605;0.0019076;0.0029388;0.0036046;0.0022164;0.0013613;0.023482;0.031299;0.026607;0.016627;0.00027096;0.0075491;0.019711;0.0057754;0.00033706;0.0312;0.0028996;0.0019371;0.0039325;0.00015182;0.0023572;0.025464;0.0071971;0.001176;0.020916;0.0029125;0.002797;2.978E-06;0.028141;0.023478;0.0025121;0.031627;0.012102;0.018874;0.00092375;0.024665;0.00021149;0.017983;0.00057176;0.0019064;0.0073336;0.031385;7.6187E-05;0.0012896;0.0020059;0.010361;0.00076076;0.021412;0.0073586;0.0048467;3.7465E-05;0.0016433;0.029754;0.0016332;0.0012717;0.00060456;8.0553E-05;0.008472;0.0071505;2.1017E-05;0.0063673;0.0040206;1.4449E-05;0.031592;0.029316;0.00047793;0.0057457;0.027835
17;1.0216;1273.6;2;0.85;0.5;50;50;Manhattan(Summation);0.0012073;0.020356;0.015878;0.027961;0.0022137;0.0051953;0.014234;0.025998;0.019627;0.0011432;0.00032866;0.014438;0.015235;0.027949;0.00099255;0.012896;0.027199;0.00063746;6.3408E-05;0.026393;0.0022572;0.0080208;0.02842;0.022896;0.0090781;0.01809;0.002538;0.0044042;0.0044694;0.008627;0.00018854;0.0051231;0.023519;0.0029488;0.019703;0.023936;0.025698;0.023185;0.00013805;0.001013;0.023495;0.00088518;0.0016984;0.016851;0.0041973;0.0064433;0.00072207;0.0018234;0.00030124;0.023017;0.024746;0.009723;0.014314;0.00034356;0.0018228;0.00079538;0.027786;0.026959;0.0002859;0.02588;0.0030998;0.018815;0.023418;0.020752;0.00058941;0.027766;0.0034316;0.0021211;0.010204;0.012033;0.00013921;0.0089853;0.00021974;0.020705;0.0050644;0.020991;0.0013048;0.0037428;0.00011838;0.0025647;0.011162;0.0053445;0.00432;0.00029561;0.0036475;0.00032205;0.00011083;0.00026144;0.0018019;0.00052423;0.0014084;0.016496;0.028613;0.0024088;0.0045147;0.026418
18;1.0228;1275.1;2;0.85;0.5;50;50;Manhattan(Summation);0.0011372;0.024197;0.0059772;0.027911;0.00031826;0.00077122;0.0090153;0.0086715;0.028834;0.00035729;0.0014021;0.0080848;0.026049;0.025593;0.00041134;0.0041599;0.024897;0.0017918;0.0092526;0.026599;0.0013217;0.00097572;0.028542;0.020014;0.025153;0.023456;0.0024006;0.005493;0.014774;0.023611;0.0031803;0.016935;0.0043533;0.0031136;0.028192;0.022348;0.0012698;0.024911;0.0011912;0.0041455;0.017647;0.00049135;0.0005169;0.026275;0.0014536;0.001469;0.00082738;0.00079591;0.00014896;0.028037;0.013293;0.0016111;0.0049249;0.00045149;1.3107E-06;0.00042544;0.027075;0.025991;0.00063607;0.028763;0.0019904;0.010819;0.0061049;0.025563;0.0017827;0.025406;0.0021215;0.00046616;0.010067;0.022393;0.0083873;0.017911;0.0052335;0.0030948;0.00088514;0.0069244;0.00095058;0.00018089;0.00042429;0.0022174;0.014895;0.020669;0.001354;0.0002478;0.0099604;0.018656;0.00486;9.4037E-05;0.01874;0.00030264;0.0044708;0.027124;0.028629;0.0021023;0.0042206;0.019107
19;1.6226;0.23566;2;0.85;0.5;50;50;Euclidean(Average);0.0014999;0.0017428;0.0032386;0.0046159;0.0024083;0.0035288;0.00046457;0.036228;0.00025674;0.016608;0.0015805;0.03668;1.5654E-05;0.012594;0.037655;0.036884;0.0026817;0.00052478;0.020126;0.0024385;0.00039985;0.0040721;0.0071298;0.03347;0.030867;0.036716;0.030231;0.00020795;0.033802;0.00019991;0.032163;0.00027649;0.00093174;5.4111E-05;0.0096331;0.0017198;0.0052313;0.0017249;0.037888;7.3514E-05;0.001358;0.032721;0.0003979;0.00096685;0.021528;0.030253;7.1575E-05;0.0038696;0.00018598;0.00026462;0.0010166;0.038153;0.00013317;0.020998;0.0017092;0.0016594;0.00099644;0.018227;0.0060961;0.0027014;0.0016253;0.0039244;0.0007323;0.0075748;0.037948;0.0006228;0.0044461;0.0046993;0.0048732;0.011276;0.0038688;0.0009249;0.0010001;0.0001522;0.038132;0.0019359;0.025442;0.0012456;0.00095457;0.006638;0.002539;0.0068438;0.0053459;0.029168;0.0030841;0.0023591;0.0005361;0.0058196;0.00014199;0.0043335;0.00066846;0.00071062;0.03299;0.036831;0.002031;0.036712
20;1.7064;0.24783;2;0.85;0.5;50;50;Euclidean(Average);0.00031744;0.019338;0.0035012;0.003998;0.00021609;0.00082843;0.041104;6.9743E-05;0.041838;0.00011513;0.0075717;0.0028901;0.0024607;0.0023928;0.040018;0.0018517;0.0024845;0.0014714;0.003846;0.0021261;0.003148;0.0006783;0.042163;0.037774;0.0049304;0.0048848;0.0015161;0.0044477;0.0044479;1.8758E-05;0.0034443;0.0045081;0.015341;0.040809;0.0011944;0.0025499;0.0026957;0.00042471;0.0027471;0.038232;0.004002;0.0011562;0.039268;0.0025415;0.0037643;0.0010091;0.00073442;0.00078944;0.00032424;0.0012603;0.0001656;0.00034332;0.0046396;0.0010712;0.0053958;0.012406;0.0050288;0.00067508;0.0088822;0.040741;0.040306;0.042289;0.0037152;0.00080301;0.0014952;0.00072884;0.0026418;0.002197;2.7844E-05;0.0016301;0.016089;0.0020327;0.0011114;0.0029113;0.0027199;0.042081;0.030294;0.041891;0.041744;0.0024245;0.041976;0.040665;0.0030143;0.011596;0.0053773;0.0067855;0.00061051;0.0028382;0.019729;0.016817;0.00010394;0.0023133;6.576E-06;0.0039297;0.034988;0.0015248
21;1.7707;0.25717;2;0.85;0.5;50;50;Euclidean(Average);0.036714;1.8644E-05;0.0011962;0.00085307;0.026558;0.0017562;0.00052869;0.0026191;0.010191;0.00049717;0.00072224;0.010199;0.0027674;0.00051281;0.0023892;5.4678E-05;0.0040302;0.0036759;0.00022192;0.040682;0.044616;0.00092598;0.0018797;0.0017538;0.0020829;0.0029828;2.5192E-05;7.7376E-05;0.0018076;0.0015447;0.0017058;0.046002;0.039084;0.0013503;0.00062533;0.041958;0.0012684;0.044128;0.002051;2.343E-05;0.025994;0.0035051;0.0012636;0.0025749;0.0037915;0.0014958;0.0067774;0.0016583;0.000424;0.0024022;0.0058524;0.0001169;0.046477;0.00070678;0.0016896;0.018272;0.0054613;0.0012069;0.0077199;0.044009;0.00076701;0.04647;0.0047775;0.00051471;0.00014872;0.043875;0.0081511;0.0060351;0.015878;0.039685;0.00083247;0.010849;0.0054793;0.0054357;0.0016171;0.0041009;0.0083915;0.0071159;0.0018471;0.046097;0.0037497;0.0031654;0.0043778;0.0023538;0.0073891;0.0014259;0.0042315;0.045586;0.0048506;0.045828;0.0030776;5.5007E-05;0.045339;0.00048841;0.0044134;0.0021211
22;1.6728;0.242;2;0.85;0.5;50;50;Euclidean(GeometricAverage);0.0012532;0.0086839;0.0020727;0.032676;0.0012767;0.039173;0.0022049;0.039782;0.00069823;0.00078183;5.9164E-05;0.037927;0.010733;0.000888;0.0037902;0.00207;0.0023236;0.001368;0.0063962;0.03813;0.0037441;0.0069903;0.0015198;0.00038924;0.0020164;0.041397;0.00082432;0.0011305;0.0042734;0.018699;0.00073871;0.009919;0.00043032;0.0031559;0.0016912;3.8997E-05;0.0025207;0.00085973;0.0069894;0.00093623;0.0012189;0.040977;0.004917;0.00066791;0.0023818;0.039383;0.039318;0.0013049;3.4724E-05;0.0068115;0.0015257;0.0067965;0.0037169;4.7879E-05;0.00050865;0.0047488;0.0045356;0.0028136;0.00067893;0.0039949;0.0037828;0.039088;0.0005302;0.00036746;0.00048609;0.0029058;0.036506;0.0026186;0.030124;0.0012408;0.00040767;0.0014481;0.0051844;0.00071499;0.036808;0.036771;0.0034098;0.003587;0.036053;0.0051176;0.040993;0.0047498;0.0047599;0.014287;0.039156;0.006437;0.00021532;0.0069626;0.0062544;0.0022012;0.004704;0.040083;0.00083284;0.0018457;0.038677;0.033756
23;1.6448;0.23796;2;0.85;0.5;50;50;Euclidean(GeometricAverage);0.040217;0.034097;0.0042575;0.0011247;0.0015398;0.039313;0.0081099;0.0017976;0.033617;0.0001116;0.00028674;0.0012467;0.00064021;0.032247;0.03614;0.0045119;0.0012229;0.0032933;0.0014862;0.0045357;0.0050221;0.0011333;4.186E-05;0.001215;0.00081823;0.0041115;0.00051617;0.00054989;0.00098823;0.001973;0.0005379;0.00023616;0.002276;0.00024025;0.040376;0.0045343;0.00042279;3.6492E-05;0.003053;0.00025217;0.0025161;0.0099584;0.0023142;0.00034471;0.00072582;0.0020557;0.010151;0.00132;0.00012494;0.015808;0.001628;0.0019452;0.021016;0.0037936;0.002219;0.00084047;0.0068654;0.016343;0.035392;0.03847;0.0039333;0.039834;0.0083968;0.008354;0.0022943;0.00040357;0.0014684;0.0024528;0.00078784;0.0009981;0.001797;0.038917;0.039012;0.00052476;0.035683;0.039934;0.039843;0.0032659;0.0063146;0.025477;0.0021432;0.0011449;0.002049;0.0018282;0.039423;0.032994;0.00015277;0.024375;0.00057267;0.0011722;0.035746;0.0044312;0.021051;0.0024158;0.038343;0.00050341
24;1.7011;0.2461;2;0.85;0.5;50;50;Euclidean(GeometricAverage);0.016913;0.0014028;0.00028843;0.0017795;0.00070166;0.0018418;0.0012789;0.0081789;0.0044633;0.0048508;0.0096237;0.0016971;0.0011471;0.0014065;0.00026471;9.0727E-06;0.006209;8.6408E-06;0.038277;0.00065463;0.0016104;0.034943;0.0043804;0.00052519;0.0001793;0.00048358;0.031783;0.00023851;0.0032018;0.000176;0.00012249;0.041763;0.0041562;0.0018431;0.034646;0.040256;0.00019169;0.00010756;0.0021509;0.0046002;0.038365;0.0017304;0.0018379;0.0029619;0.00021339;0.038595;0.0010043;0.0021011;0.0014244;0.03831;0.0098489;0.025328;0.041592;0.0044393;0.012602;0.00066655;0.00044619;0.028338;0.00048592;0.00085671;0.041474;0.035049;0.037131;0.0057488;0.039643;0.0017036;0.0033386;0.002352;0.0040725;0.0019302;0.00024448;0.0072583;0.033934;6.0888E-05;0.040358;0.00093618;0.00023512;0.00021802;0.0028839;0.0014515;0.00045303;0.035852;0.0027124;0.0006195;0.039199;0.0040777;0.0059135;0.0041818;0.040832;0.0030596;0.0034837;0.036315;0.0014586;0.00061409;0.00036261;0.0013393
25;1.2989;0.14136;2;0.85;0.5;50;50;Euclidean(Minimum);0.011564;0.00080564;0.016583;0.01315;0.018137;0.014976;0.022693;0.0074759;0.021186;0.0039368;0.0064109;0.023638;0.0042181;0.00079135;0.00041399;0.0043355;0.011427;0.022987;0.017544;0.022417;0.0034336;0.0018216;0.0045104;0.023232;0.00029581;0.0017099;0.015719;0.00011957;0.0069464;0.012698;0.023275;0.019381;0.00038842;0.0011786;0.015625;0.02298;0.0027751;0.015339;0.00039162;0.00082477;0.023607;0.022851;0.02281;0.0059277;0.0057422;0.0003095;0.00095134;0.011179;0.022361;0.004327;0.002707;0.014218;0.0005815;0.0036925;0.020239;0.0028242;0.0026393;0.021996;0.0065465;0.0025393;0.014802;0.0076831;0.01572;0.023416;0.011704;0.0022091;0.00071104;0.0012966;0.022282;0.020063;0.022049;0.00074912;0.0059136;0.0008052;0.0041905;0.00022649;0.0010795;0.0007093;2.8783E-05;0.0026234;0.00031853;0.0055002;0.0019351;0.013629;0.021857;0.023537;0.016968;0.0050939;0.021448;0.017962;0.023125;0.022352;0.00080999;0.022901;0.0095723;0.019346
26;1.2985;0.14131;2;0.85;0.5;50;50;Euclidean(Minimum);0.019125;0.00050502;0.024456;0.001072;0.024327;0.020784;0.00067068;5.3647E-05;0.0009853;0.011543;0.0038558;0.015596;0.013949;0.022313;0.0045849;0.01427;0.013419;0.010069;0.021319;0.00025595;0.016487;0.00079494;0.0012995;0.02474;0.0072146;0.019749;0.002089;0.010379;0.018613;0.015645;0.0021247;0.0054615;0.0023753;0.00083284;0.018113;0.017364;0.0039618;0.0031726;0.014021;0.0018856;0.023739;0.0039148;0.022822;0.024439;0.021151;0.019901;0.0053648;9.2222E-07;0.025011;0.003037;0.0012687;0.024631;0.0049621;0.00041999;0.0013731;0.0026262;0.0037858;0.022148;0.0012513;0.007915;0.018923;0.022646;0.01564;0.024841;0.021266;4.6342E-05;0.00028715;0.022749;0.0055473;0.017832;0.014475;0.0051383;0.014244;0.019045;0.0013776;0.020242;0.0036958;0.0033675;0.0057295;0.019917;0.0022739;0.009539;1.8816E-05;0.0018152;0.017048;0.0013092;0.0053676;6.3378E-05;0.011943;0.001838;0.0048134;0.020366;0.0094972;0.0067073;0.020624;0.00052592
27;1.3977;0.15211;2;0.85;0.5;50;50;Euclidean(Minimum);0.00034083;0.020745;0.0039608;0.0094444;0.00094066;0.0011347;0.0022225;0.027236;0.0021001;0.0035566;0.0048011;0.00062464;0.027304;0.00087304;0.025451;0.023507;0.027664;0.026288;0.00015166;0.0022813;0.027546;0.0014029;0.00072116;0.027744;0.0016751;0.0066397;0.0006255;0.0064017;0.018586;0.027534;0.0016377;0.024872;0.00056023;0.0019939;0.019917;0.022804;0.026573;0.00082892;0.00017815;0.0028663;0.025274;0.014834;0.012717;0.00015408;0.0037703;0.026187;0.027393;0.027674;0.0013721;0.00036863;0.0017622;0.0058457;0.027408;0.0037732;0.022331;0.0011243;0.00076386;0.025076;0.0038132;0.022988;0.027711;0.026492;0.00025701;0.0010977;0.0010474;0.0021826;0.0010653;0.027779;0.018129;0.027246;0.0021159;0.004917;0.00063784;0.0016636;0.0048946;0.027835;0.00023258;0.023889;0.00065176;0.014071;8.325E-06;0.0078919;0.013967;0.0012203;0.0015758;0.00026002;0.018824;0.00095862;0.00075479;0.00020429;0.0005512;0.026646;0.015587;0.0025272;0.0071673;0.0015725
28;1.7209;0.24861;2;0.85;0.5;50;50;Euclidean(Median);0.00011993;0.0049744;0.0098357;0.042202;0.041521;0.02608;0.00051373;0.007698;0.0026091;0.0041902;0.005926;0.016048;0.00068197;0.008424;0.040737;0.0006565;0.002298;0.00051075;0.00024497;0.00024958;0.00064104;0.040676;0.00068105;0.0078778;0.0029135;0.037465;0.0048702;0.0020617;0.031988;0.00041688;0.00083932;0.010193;0.0030277;0.00061632;0.042134;0.027137;0.0023472;0.0042332;0.0016984;0.040676;0.0088375;0.00062097;0.0045194;0.0016889;0.0052408;0.0011574;0.0046742;0.0030812;2.2553E-05;0.0033846;0.03911;0.00080582;0.00027575;0.0021593;0.0029055;0.00035875;0.0016653;0.034742;0.042315;0.0018454;0.0014472;0.043004;0.0013854;0.035486;0.00097986;0.004872;0.0028312;0.0026111;0.0039683;0.042496;0.038642;0.010053;0.040856;0.03961;0.006347;0.042094;0.0081978;0.00036707;0.0020584;0.0020293;0.0004677;3.2019E-05;0.00076984;0.0099456;0.00053166;0.0032752;9.2219E-07;0.00035747;0.0021375;0.00053221;0.0018012;0.00080867;0.0027912;0.00041301;0.0016074;0.0077687
29;1.8624;0.26905;2;0.85;0.5;50;50;Euclidean(Median);0.013934;0.004636;0.0025987;0.00060924;0.045068;0.0021378;0.0096556;0.0016013;0.00041306;0.0036376;0.0036008;0.0047023;0.0041918;0.0024668;0.0020432;0.042467;0.0015703;0.0034931;0.051925;0.048089;0.00064979;0.0045686;0.00027005;0.046472;0.049899;0.052027;0.043936;0.0017964;0.0018581;0.0034755;0.00062202;0.0011119;0.0090569;0.0045625;0.004798;0.00091163;0.0031813;0.047097;0.0082416;0.00212;0.0062864;0.0073435;0.0019355;0.0080191;0.0050472;0.010688;0.014755;0.0011625;0.00071964;0.0026333;0.0081424;0.00051612;0.0010344;0.0035143;0.0031134;0.0018605;0.00042126;0.00062646;0.047621;0.0010285;0.0019395;0.0027587;0.0028097;0.0035658;0.00043796;0.0098393;0.0017965;0.0028089;0.00012104;0.0013103;0.0027408;0.00053357;0.0023103;0.00039753;0.004655;0.0018572;0.0027106;0.0020093;0.0010507;0.045006;0.0011384;0.046879;0.00083793;0.050768;0.0033928;0.0032624;0.010499;0.0011284;0.0047912;0.0022237;0.010468;0.05339;0.053222;0.0039858;0.0010466;0.0003444
30;1.7498;0.25277;2;0.85;0.5;50;50;Euclidean(Median);0.041257;0.011332;0.0027881;0.00012041;0.0047106;0.00079296;0.036095;0.0043464;0.00041615;0.0017237;0.0058096;0.03395;0.033388;0.041018;0.00017425;0.039535;0.0027903;0.045515;0.0041104;0.00096927;0.0051122;0.0023041;0.0029533;0.0045235;0.0021977;0.0021282;0.0010496;0.00059485;0.0014192;4.2068E-05;0.0013688;0.0024263;0.0033204;0.0075722;0.0013942;0.035093;0.006664;0.045338;0.0085631;0.0024202;4.976E-06;0.0033043;5.3229E-05;0.00024177;0.00038621;0.00063092;0.00017998;0.0028948;0.00019424;0.045751;0.027463;0.036418;0.0028402;0.042078;0.0015635;0.0088365;0.0013232;0.0030028;0.0026607;0.003425;0.0038212;0.032698;0.045907;0.009094;0.0067703;0.0069759;0.0020145;0.0015315;0.0010427;0.010251;0.042382;0.00099235;6.8974E-05;0.0018831;4.0518E-05;0.00054589;0.029175;0.0036248;0.0040939;0.0019857;0.00096773;0.0044553;0.0052453;0.0031275;0.0054898;0.032831;0.00082578;0.0037846;0.043434;0.012104;0.0023207;0.00028863;0.00075363;0.045976;0.0015424;0.0013765
31;2.2282;0.03503;2;0.85;0.5;50;50;Euclidean(MinimumTimesMedian);0.00028047;0.014884;0.001068;8.5848E-05;0.0059663;0.00015273;0.025613;0.0021624;0.00014921;0.0024844;0.032587;0.032708;0.0017352;0.00051288;0.029068;4.8684E-06;0.033145;0.0026912;0.0011201;0.0015742;0.0043046;0.001313;0.0028074;0.032289;0.03239;0.004403;0.0021357;0.001001;0.0014779;0.026796;6.6777E-05;0.012612;0.00093214;0.0010602;0.0033017;0.0019088;0.026836;0.00032371;0.00078132;0.031764;0.0001065;0.028898;0.0012582;0.0021645;0.020737;0.0046371;0.0015305;0.0012755;0.0063548;0.030092;0.019774;0.00017308;0.0025906;0.014866;0.00013596;0.00069725;0.0047065;0.0024721;5.5312E-06;0.029847;0.00076525;0.028501;0.032892;0.031107;0.0014518;0.031043;0.030049;0.00046293;0.025032;0.00052614;0.0004049;0.00092807;0.0099494;0.02898;0.00049616;0.033119;0.00072781;0.020323;7.3705E-05;0.0029653;0.0005909;0.00034208;0.022169;0.0019063;0.0015755;0.023681;0.031803;0.0014682;0.0015789;0.0030002;0.030274;0.026227;0.00091248;0.00127;0.023927;0.00066019
32;1.7655;0.027756;2;0.85;0.5;50;50;Euclidean(MinimumTimesMedian);7.3889E-05;0.025264;0.013189;0.0030116;0.017842;0.013075;0.00037504;0.017866;0.024872;0.0031876;0.0098125;0.00088118;0.023255;0.0037191;0.001202;0.00072036;0.025959;0.021229;0.00016477;0.024698;0.014288;0.025765;0.0020862;0.021167;0.026503;0.023357;0.0030572;2.9213E-05;0.021733;0.027142;0.017323;0.015405;0.0048702;0.02392;3.4511E-05;0.004534;0.024672;0.0085847;0.0075389;0.005018;0.00080412;0.024727;0.010625;0.0076565;0.026867;0.024051;0.0041346;9.5489E-05;0.015086;0.0092163;0.0042279;0.01323;0.00023878;9.105E-05;0.0017422;0.025908;0.0070664;0.0010887;0.015784;0.005459;0.00041302;0.001748;0.0022417;0.0049241;0.013567;0.0025963;0.00067173;0.0005803;0.018436;0.015987;0.0047443;0.0089395;0.00062782;0.021376;0.0014598;0.0013167;0.00012031;0.012026;0.0041966;0.0017665;0.026761;0.025618;0.0032909;0.0008669;0.022293;0.024056;0.0013905;0.00054768;0.00052327;0.00015362;0.0086803;0.017626;0.0088954;0.012237;0.023184;0.00061313
33;2.092;0.032889;2;0.85;0.5;50;50;Euclidean(MinimumTimesMedian);0.00029622;0.0017989;0.021456;0.027307;0.0036414;0.0020206;0.00097491;0.0084772;0.0079205;0.0015207;0.00071703;0.0016449;0.025941;0.030419;0.0072803;0.031498;0.021622;0.02205;0.022431;0.00079635;0.017528;0.0039561;0.023647;0.00046804;0.0022027;0.028267;0.028047;0.0015972;0.029669;0.026837;0.0020685;0.00093686;0.00067899;0.012594;0.026891;0.00041828;0.029357;0.0020721;0.027704;0.024775;0.02332;0.0016149;0.0036336;0.0024649;0.0054633;0.00079519;0.0045259;0.0095748;0.030706;0.0073464;0.0263;0.0050032;0.0011709;0.00075368;0.00036882;0.0055862;0.027315;0.0031128;0.023067;0.027627;0.00066376;0.02678;0.0007415;0.0028529;0.0047984;0.025515;1.1198E-05;0.025974;0.0012805;0.0008856;0.0041135;0.0018976;0.0047975;0.0040277;0.00072327;0.012887;3.1941E-05;0.011369;0.0015924;0.0014473;0.0016583;0.0012768;0.023616;0.0011402;0.0029973;0.031261;0.0021568;0.00040495;0.0011651;0.00069852;0.027635;0.00040541;0.00028203;0.0004811;0.03097;0.0021838
34;1.7896;318.39;2;0.85;0.5;50;50;Euclidean(Summation);0.00091028;0.0069575;0.0027787;0.0022178;0.0032253;8.5566E-05;0.0013522;0.0012922;0.0013102;0.013286;0.024484;0.00024203;0.0028056;0.046048;0.0032537;0.044978;0.00056491;3.3729E-06;0.00095173;0.042831;0.043894;0.00027168;0.043972;0.0014769;0.0011007;0.035435;0.016095;0.0047937;0.00020156;0.0029371;0.0043256;0.00069246;0.011459;0.0058728;0.0013972;0.00060312;0.015487;0.0016307;0.0022742;0.0026324;0.046083;0.0069466;0.0013932;0.0027121;0.0029651;0.0014334;0.0011797;0.0036944;0.0015971;0.0015537;0.0017418;0.045423;0.0073639;0.0042094;0.0032521;0.00026505;0.0015367;0.045284;0.0019603;0.0018457;0.0053848;0.001912;0.0069354;0.042501;0.00026236;0.041793;0.0098221;0.033881;0.00069583;0.0017012;0.0044685;0.00097206;0.00046313;0.00042598;0.0093598;0.001234;0.00042676;0.00014611;0.044582;0.00107;0.044008;0.0019527;0.00087311;0.010927;0.0021908;0.0018474;0.00095051;0.0022388;0.045943;0.045545;0.0056604;0.0012405;0.044621;0.0022493;0.001835;0.0013104
35;1.7575;312.68;2;0.85;0.5;50;50;Euclidean(Summation);0.043645;0.0027091;0.0067503;0.045887;0.013219;0.0029849;0.0016211;0.0011986;0.002557;0.0039187;0.0019036;0.0008187;0.0020094;0.041371;0.00015908;0.00032334;0.0012363;0.00088164;0.0019646;0.036097;0.0014746;0.0002335;0.0010701;0.0019498;0.0015978;0.0022483;0.043143;0.0013105;0.0065358;0.0054644;0.041194;0.00043687;0.0015258;0.041175;0.032119;0.045814;0.0030151;0.0011113;0.004842;0.0013713;0.0041774;0.031752;0.0033496;0.0049611;0.00056908;0.0009649;5.8886E-05;0.0067933;0.011374;0.00051934;0.0010661;0.0012765;0.0015108;0.00092504;0.045912;0.002987;0.001209;0.043139;0.0038534;0.043095;0.0047093;0.0098745;0.00010989;0.0085191;0.011511;0.0010884;0.0039127;0.0018819;0.0020321;0.00219;0.00031354;0.011289;0.00038405;0.0013253;0.0021676;0.0079387;0.0012878;0.00075788;0.012723;0.045103;0.044252;0.00058553;0.00057663;0.0059433;0.0074915;0.0012025;0.0051887;0.0022481;0.045748;0.0081822;0.00016858;0.00088788;0.042982;0.0059353;0.0063101;0.034795
36;1.7461;310.66;2;0.85;0.5;50;50;Euclidean(Summation);0.04359;5.604E-05;0.00082583;0.0013342;0.0025122;0.04112;0.00027084;0.031278;0.011963;0.0014955;0.00078894;0.0044641;0.0030529;0.00028035;0.002839;0.0011452;0.0017188;0.042261;0.00023551;0.0043499;0.00019196;0.028679;0.00023517;0.0024428;0.0031667;0.0036067;0.0020162;0.001975;0.0032718;0.0028145;0.0019164;0.00078008;0.0013191;0.00037303;0.00087648;0.00015437;0.003062;0.0032512;0.0033115;0.0011637;0.00061012;0.0039318;0.00016507;0.042795;9.8849E-05;0.0028517;0.042554;0.0010259;0.00055438;0.00040347;0.0021431;0.0072443;0.0013417;0.035142;0.0016289;0.018088;0.0055479;0.02814;0.0060262;0.0026816;0.036955;0.020815;0.018751;0.015805;0.0032694;0.0054267;0.0018034;6.7653E-05;0.0086977;0.00096075;0.028333;0.0019203;0.0013285;0.0040198;0.0017796;0.0029474;0.0051436;0.00038442;0.0046867;0.00040035;0.044446;0.0019231;0.0051008;0.047521;0.003005;0.0055238;0.048243;0.00032062;0.0059665;0.047798;0.038968;0.044253;0.046756;9.126E-05;0.033365;6.0384E-05
differential evolutions parameters, by distance
i;dDE / dP;distance;type;parentWeight;crossover;population;iterations;distance;weights ->
1;1.0191;1.0364;2;0.85;0.5;50;50;Manhattan(Median);0.0011186;0.01666;0.00097559;0.020225;0.019388;0.017757;0.0059322;0.010075;0.015168;0.0063023;0.0013809;0.018136;0.019611;0.02035;0.00059444;0.0019548;0.0033719;0.019488;0.00068826;0.01944;0.002848;0.001655;0.020124;0.012529;0.011323;0.0043612;0.0099396;0.0039515;0.008231;0.0031155;0.0082439;0.0064106;0.004764;0.0028941;0.013212;0.020227;0.021069;0.017217;0.00018255;0.019772;0.0017229;0.006941;0.0003366;0.020803;0.00010001;0.0051289;0.0168;4.7604E-06;0.0048602;0.017221;0.016946;0.019417;0.020233;0.0039006;0.0089596;0.0026676;0.009863;0.020618;0.0017264;0.017754;0.016865;0.012897;0.011558;0.019181;0.010208;0.020654;0.0012979;0.016059;0.0078693;0.020731;0.018508;0.0077805;0.0065654;0.0021745;0.0017589;0.018396;0.0063998;0.011678;0.0018946;0.00073967;0.020038;0.019259;0.00031177;0.0058656;0.015005;0.015735;0.004059;0.00056827;0.014187;0.020009;0.0090639;0.02059;0.016245;0.00050551;0.0013195;0.017335
2;1.0205;1.0374;2;0.85;0.5;50;50;Manhattan(GeometricAverage);9.3395E-05;0.025715;0.025814;0.021025;0.001424;0.012536;0.0027752;0.013787;0.0027618;0.00084828;0.00010797;0.001449;0.0061072;0.024721;0.0023687;0.0030848;0.014406;0.013716;0.00087309;0.020514;0.00026666;0.0028007;0.010877;0.025531;0.026316;0.020948;0.0044497;0.0075088;0.021049;0.0039576;0.0024468;0.017874;0.018509;0.0050619;0.025565;0.025277;0.016352;0.021399;0.00073312;0.0058456;0.0099731;0.0027386;0.0038532;0.024991;8.7699E-05;3.0915E-05;0.0032483;0.00083234;0.015817;0.026326;0.012056;0.0039726;0.0060582;2.3892E-05;0.0010486;0.00053927;0.024595;0.025007;0.011961;0.024161;0.019686;0.0021811;0.014552;0.025965;0.0029729;0.018775;0.00010084;0.00188;0.023973;0.023836;0.01183;0.023452;0.0008883;0.0041305;0.00013479;0.018755;1.2291E-05;7.0613E-05;0.00037318;0.0039684;0.014175;0.0026913;0.0006991;0.0035707;0.0085484;0.026025;0.0016623;0.001971;0.0079139;0.0097144;0.0018527;0.024721;0.025919;0.00079044;0.013392;0.0045998
3;1.0208;1.0388;2;0.85;0.5;50;50;Manhattan(Average);0.00036382;0.018164;0.0051103;0.028709;0.0019122;0.0012296;0.005775;0.0074507;0.010787;0.00051547;0.0032025;0.027953;0.02921;0.028326;0.0022336;0.01844;0.022272;0.0040647;0.012269;0.013387;0.00067217;0.0011218;0.018674;0.013505;0.025926;0.0085048;0.00247;0.0092467;0.010986;0.01832;0.0031426;0.017462;0.027749;0.0021863;0.022395;0.028369;0.029153;0.013339;0.00052568;0.0004508;0.0066687;0.012165;0.0012927;0.014123;0.00052031;0.0028583;0.0022445;0.0011728;0.017966;0.026601;0.0014577;0.0030516;0.015223;0.0017144;0.0022518;9.1073E-05;0.029366;0.018205;0.020459;0.025254;0.0033067;0.015779;0.0031143;0.017905;0.0062858;0.024895;0.0036635;0.0048864;0.0015352;0.013018;0.0011418;0.025842;8.69E-05;0.0037915;0.001454;0.013101;0.0054279;0.0063433;0.00066978;0.001396;0.022706;0.013037;0.0012979;0.001304;0.00053219;0.014673;0.0023533;0.0019571;0.0035064;0.0012123;0.0032087;0.026353;0.028966;0.0025545;0.0048911;0.019545
4;1.0209;1.0378;2;0.85;0.5;50;50;Manhattan(GeometricAverage);0.00026642;0.016461;0.017737;0.025523;4.3623E-05;0.0016207;0.0043563;0.004837;0.018947;0.00024807;0.00070829;0.021626;0.0156;0.005546;0.00073809;0.017149;0.026003;0.0095028;0.0023582;0.025872;0.0012743;0.0053725;0.01902;0.023278;0.022951;0.0201;0.00013826;0.018202;0.0016647;0.017809;0.0033733;0.019679;0.022523;0.00048631;0.024337;0.025737;0.022107;0.018784;0.00065606;0.0010564;0.021887;0.0010634;0.0014772;0.026221;0.00029009;0.0013636;0.002902;3.5149E-05;0.0195;0.020601;0.0090834;0.0017467;0.023683;0.0003624;0.0014725;0.00076496;0.022963;0.023239;0.0032951;0.025356;0.0047771;0.0068956;0.0030257;0.0090288;0.0016016;0.025782;0.0033032;0.00070022;0.0042132;0.026247;0.0021729;0.010087;0.0073111;0.021177;0.00058552;0.017496;0.024754;0.0012073;0.00041421;0.0019497;0.02214;0.0089591;0.00076832;0.0055479;0.0010204;0.006556;0.0013062;0.00096077;0.0089814;0.00055477;0.0010929;0.025295;0.025188;0.00023998;0.011407;0.016255
5;1.0209;1.0383;2;0.85;0.5;50;50;Manhattan(Median);0.00060882;0.0122;0.00091937;0.022387;0.0014601;0.016956;0.016811;0.015249;0.016122;0.00093961;0.00087803;0.019861;0.018142;0.023227;0.014353;0.0074303;0.01443;0.01188;0.0028137;0.021806;0.004451;0.0017179;0.00091841;0.02056;0.019545;0.022237;0.0028787;0.013836;0.020855;0.01957;0.00041796;0.016335;0.023321;0.0002667;0.0059831;0.020766;0.015605;0.013631;0.00091104;0.001695;0.019903;0.00016235;0.018318;0.021826;0.0092978;0.006424;0.00050554;0.0012472;0.020252;0.022956;0.0040518;0.0057736;0.017798;0.0028927;0.0045281;0.0031494;0.020687;0.021021;0.0029655;0.01502;0.0026897;0.0085159;0.010994;0.018034;0.0022188;0.016844;0.0017985;3.9159E-05;0.022494;0.0066675;0.0020918;0.0058935;0.016854;0.004108;0.0066552;0.013433;0.009027;0.0093914;0.00057951;0.0030021;0.0177;0.014385;0.0032319;0.0050846;0.015934;8.379E-05;0.000959;0.0012677;0.0065449;0.018593;0.0065544;0.023371;0.016772;0.00034871;0.0037168;0.021366
6;1.0212;1.0392;2;0.85;0.5;50;50;Manhattan(Average);0.00034653;0.021646;0.0036405;0.023665;0.0034627;0.0036242;0.0031431;0.004092;0.019547;0.00093762;0.00039798;0.0038554;0.023924;0.023131;0.0040134;0.018489;0.021976;0.011469;0.0048408;0.01736;0.0005647;0.018726;0.021408;0.024434;0.012768;0.021753;0.00045886;0.022022;0.004477;0.012318;0.0010687;0.0216;0.013654;8.4245E-05;0.024261;0.023767;0.022832;0.0060084;0.00050633;0.00010344;0.012115;0.0018896;5.1015E-05;0.017477;4.5158E-05;0.00030593;0.0047563;0.00076204;0.024059;0.023287;0.018584;0.0016461;0.019584;0.0020573;0.0015968;0.0012457;0.019103;0.017164;0.013442;0.021845;0.011927;0.01125;0.0056873;0.015086;0.0032927;0.024215;0.001061;0.00075854;0.019963;0.02328;0.0082103;0.013758;0.0014428;0.0071749;0.0010071;0.020072;0.0057649;0.00028703;0.00010392;0.00062476;0.019671;0.018239;0.00046456;0.003197;0.02307;0.0042507;0.00049905;0.0010016;0.0030612;0.0035664;0.002578;0.019777;0.023978;0.00020946;0.011103;0.022977
7;1.0216;1.0385;2;0.85;0.5;50;50;Manhattan(GeometricAverage);0.00030857;0.02629;0.0097827;0.024664;0.0018025;0.0015033;0.00087638;0.0084405;0.022318;0.0024053;0.0011052;0.0018171;0.016622;0.015161;0.00055422;0.0039755;0.01482;0.0068086;0.0050905;0.023854;0.00088713;0.0022882;0.018291;0.024244;0.012515;0.018349;0.0043481;0.0048151;0.026976;0.020324;0.0022555;0.023182;0.0086586;0.00061888;0.025054;0.027656;0.012445;0.0021072;0.0010514;0.00011684;0.019869;0.00028133;0.00016713;0.027187;0.0058832;0.00036563;0.00086439;0.00095945;0.0075274;0.025746;0.017238;0.00092701;0.0050589;0.0024352;0.0010991;0.00096672;0.02391;0.023374;0.0062335;0.025974;0.00015089;0.017803;0.0076064;0.0038199;0.0048692;0.027811;0.0011363;0.00048995;0.0093105;0.026557;0.0096263;0.02618;0.0058171;0.018572;0.0025592;0.020942;0.0051287;0.0028007;7.2307E-05;6.6926E-05;0.02693;0.017712;0.00056825;0.0020649;0.017626;0.019567;0.00019218;0.0013511;0.001399;0.018428;0.0057549;0.025992;0.026701;0.0012668;0.0015959;0.021082
8;1.0216;1273.6;2;0.85;0.5;50;50;Manhattan(Summation);0.0012073;0.020356;0.015878;0.027961;0.0022137;0.0051953;0.014234;0.025998;0.019627;0.0011432;0.00032866;0.014438;0.015235;0.027949;0.00099255;0.012896;0.027199;0.00063746;6.3408E-05;0.026393;0.0022572;0.0080208;0.02842;0.022896;0.0090781;0.01809;0.002538;0.0044042;0.0044694;0.008627;0.00018854;0.0051231;0.023519;0.0029488;0.019703;0.023936;0.025698;0.023185;0.00013805;0.001013;0.023495;0.00088518;0.0016984;0.016851;0.0041973;0.0064433;0.00072207;0.0018234;0.00030124;0.023017;0.024746;0.009723;0.014314;0.00034356;0.0018228;0.00079538;0.027786;0.026959;0.0002859;0.02588;0.0030998;0.018815;0.023418;0.020752;0.00058941;0.027766;0.0034316;0.0021211;0.010204;0.012033;0.00013921;0.0089853;0.00021974;0.020705;0.0050644;0.020991;0.0013048;0.0037428;0.00011838;0.0025647;0.011162;0.0053445;0.00432;0.00029561;0.0036475;0.00032205;0.00011083;0.00026144;0.0018019;0.00052423;0.0014084;0.016496;0.028613;0.0024088;0.0045147;0.026418
9;1.0221;1.0395;2;0.85;0.5;50;50;Manhattan(Median);0.0026445;0.0098272;0.020786;0.019947;0.0035168;0.0037404;0.003821;0.021591;0.0068481;0.0022986;0.00133;0.017582;0.016087;0.021466;0.0059116;0.00035044;0.0039272;0.010741;0.021553;0.020735;0.00024244;0.020042;0.0066204;0.022542;0.019892;0.021148;0.004386;0.020774;0.017496;0.014568;0.0061276;0.010675;0.0062768;0.013156;0.019188;0.019152;0.019614;0.019369;0.0011531;0.0013141;0.02271;0.0031789;0.0036187;0.016849;0.0022594;0.014967;0.0010186;0.0016255;0.00087896;0.021236;0.0055654;0.022153;0.010882;0.00066635;0.0061586;0.00029319;0.021947;0.022786;0.0196;0.0062433;0.0015651;0.020176;0.0037716;0.0038375;0.0010756;0.022121;0.0047612;0.0047383;0.0096771;0.013286;0.0030905;0.015822;0.0068959;0.003782;0.0019141;0.018691;0.0022803;0.0016061;0.00090626;0.00251;0.0061121;0.0033559;0.011477;0.00074592;0.016896;0.0076029;0.0072845;0.00016219;0.0047585;0.0172;0.016607;0.021534;0.014545;0.003086;0.02296;0.020087
10;1.0226;1274.8;2;0.85;0.5;50;50;Manhattan(Summation);8.4156E-05;0.025203;0.02057;0.029683;0.00047538;0.015505;0.0012802;0.01181;0.017094;0.00070632;0.0010045;0.0014574;0.031133;0.016146;0.0025213;0.0036411;0.029593;0.010953;0.007728;0.031023;0.00087071;0.008591;0.016737;0.01381;0.0019962;0.024509;0.0064864;0.00028719;0.016605;0.0019076;0.0029388;0.0036046;0.0022164;0.0013613;0.023482;0.031299;0.026607;0.016627;0.00027096;0.0075491;0.019711;0.0057754;0.00033706;0.0312;0.0028996;0.0019371;0.0039325;0.00015182;0.0023572;0.025464;0.0071971;0.001176;0.020916;0.0029125;0.002797;2.978E-06;0.028141;0.023478;0.0025121;0.031627;0.012102;0.018874;0.00092375;0.024665;0.00021149;0.017983;0.00057176;0.0019064;0.0073336;0.031385;7.6187E-05;0.0012896;0.0020059;0.010361;0.00076076;0.021412;0.0073586;0.0048467;3.7465E-05;0.0016433;0.029754;0.0016332;0.0012717;0.00060456;8.0553E-05;0.008472;0.0071505;2.1017E-05;0.0063673;0.0040206;1.4449E-05;0.031592;0.029316;0.00047793;0.0057457;0.027835
11;1.0227;1.0407;2;0.85;0.5;50;50;Manhattan(Average);0.00022508;0.004366;0.006322;0.029723;0.00018479;0.0017213;0.0017357;0.0096623;0.028245;0.0020766;8.435E-06;0.024819;0.010848;0.026724;0.001794;0.0035946;0.028583;0.0028698;0.0074471;0.028017;0.00016774;0.0050711;0.020684;0.019664;0.016386;0.018238;0.0034235;0.0032544;0.024559;0.0023227;5.3888E-05;0.026351;0.0022843;0.0046787;0.025205;0.029131;0.021946;0.006746;2.8766E-05;0.0020636;0.0052265;0.0019807;0.00023818;0.028455;0.0003145;0.0010443;0.0015307;0.00090043;0.023675;0.02911;0.017327;0.0026458;0.020727;0.0047138;0.00054255;4.0858E-05;0.029201;0.028224;0.0027164;0.02977;0.006784;0.011339;0.0021459;0.012501;0.0020478;0.030178;0.0020386;0.007948;0.013754;0.026721;0.00018567;0.015979;0.00050133;0.0095836;0.00077256;0.028356;0.0029343;0.0054237;0.00027206;0.00057157;0.02872;0.024528;0.00034106;0.0011711;0.00019992;0.0041674;0.0021239;0.0027821;0.0026241;0.00017093;0.0085185;0.0036265;0.029808;0.0011871;0.0049241;0.025461
12;1.0228;1275.1;2;0.85;0.5;50;50;Manhattan(Summation);0.0011372;0.024197;0.0059772;0.027911;0.00031826;0.00077122;0.0090153;0.0086715;0.028834;0.00035729;0.0014021;0.0080848;0.026049;0.025593;0.00041134;0.0041599;0.024897;0.0017918;0.0092526;0.026599;0.0013217;0.00097572;0.028542;0.020014;0.025153;0.023456;0.0024006;0.005493;0.014774;0.023611;0.0031803;0.016935;0.0043533;0.0031136;0.028192;0.022348;0.0012698;0.024911;0.0011912;0.0041455;0.017647;0.00049135;0.0005169;0.026275;0.0014536;0.001469;0.00082738;0.00079591;0.00014896;0.028037;0.013293;0.0016111;0.0049249;0.00045149;1.3107E-06;0.00042544;0.027075;0.025991;0.00063607;0.028763;0.0019904;0.010819;0.0061049;0.025563;0.0017827;0.025406;0.0021215;0.00046616;0.010067;0.022393;0.0083873;0.017911;0.0052335;0.0030948;0.00088514;0.0069244;0.00095058;0.00018089;0.00042429;0.0022174;0.014895;0.020669;0.001354;0.0002478;0.0099604;0.018656;0.00486;9.4037E-05;0.01874;0.00030264;0.0044708;0.027124;0.028629;0.0021023;0.0042206;0.019107
13;1.0376;0.91401;2;0.85;0.5;50;50;Manhattan(Minimum);0.018412;0.012606;0.014305;0.017071;0.01041;0.014062;0.010259;0.017597;0.004657;0.016949;0.0021223;0.008951;0.010721;0.0093271;0.0030236;0.0015426;0.017924;0.014526;0.012277;0.017866;0.0076821;0.011728;0.0080829;0.013512;0.015413;0.0094092;0.015502;0.015007;0.011343;0.011191;0.0046453;0.0042541;0.003367;0.010043;0.01716;0.01228;0.010993;0.0062674;0.011002;0.017521;0.0095565;0.012075;0.0088687;0.0044647;0.01183;0.0084299;0.011267;0.015419;0.014098;0.010003;0.012505;0.0048104;0.0084329;0.0023015;0.012613;0.0033808;0.0022824;0.0061188;0.0051792;0.016236;0.016305;0.0040048;0.0074801;0.016427;0.0020505;0.0049283;0.0033414;0.0073807;0.0067333;0.0074355;0.0056188;0.0054835;0.017417;0.011411;0.012575;0.014002;0.0048436;0.011526;0.006879;0.0065173;0.014603;0.0063729;0.016928;0.013072;0.017802;0.016612;0.0042895;0.0063689;0.0080084;0.01041;0.017346;0.013689;0.010583;0.018864;0.0081835;0.013625
14;1.0418;0.91767;2;0.85;0.5;50;50;Manhattan(Minimum);0.0036576;0.0040508;0.01637;0.017518;0.0097898;0.014563;0.010418;0.011759;0.015034;0.0084185;0.0030521;0.003438;0.00089058;0.014983;0.0079674;0.0063581;0.013288;0.0004387;0.0084824;0.010484;0.011008;0.0083132;0.0084821;0.015985;0.018413;0.0086326;0.01203;0.015982;0.010346;0.01658;0.0099455;0.0057761;0.017805;0.0042654;0.017331;0.011271;0.002957;0.010859;0.0032524;0.010646;0.0098509;0.0050121;0.00255;0.014363;0.017818;0.0020815;0.018458;0.0044477;0.016489;0.006617;0.0042622;0.0040742;0.00084599;0.0025676;0.0077654;0.008419;0.0080842;0.015431;0.0039507;0.01071;0.011719;0.016996;0.010937;0.004028;0.0089781;0.018613;0.018789;0.00040429;0.017115;0.016897;0.017622;0.014445;0.0053689;0.018798;0.0028171;0.012995;0.0055775;0.0097743;0.0024883;0.0019081;0.015829;0.013993;0.014664;0.0032431;0.013686;0.016147;0.017465;0.014853;0.011908;0.017487;0.011527;0.006986;0.017643;0.013855;0.017666;0.012142
15;1.0449;0.92046;2;0.85;0.5;50;50;Manhattan(Minimum);0.0082304;0.0072151;0.012247;0.014615;0.0093032;0.002332;0.0067038;0.0088606;0.01276;0.017967;0.009665;0.0069844;0.0090147;0.0035164;0.010124;0.006845;0.017197;0.012482;0.0041822;0.0040302;0.010627;0.018774;0.011726;0.007936;0.0094783;0.010525;0.01798;0.0039663;0.0078121;0.0097414;0.0096965;0.013009;0.013228;0.016246;0.018117;0.012371;0.0040133;0.014579;0.016005;0.012815;0.014185;0.019318;0.002935;0.0044939;0.010065;0.010221;0.00081611;0.010964;0.014915;0.017536;0.003444;0.0019921;0.0081365;0.002198;0.010901;0.00082194;0.0075865;0.00197;0.0039823;0.0077965;0.016136;0.0095472;0.010244;0.013132;0.014617;0.010301;0.0028724;0.0046213;0.01413;0.010587;0.016692;0.014924;0.011651;0.01687;0.01297;0.017208;0.0019397;0.017301;0.0032219;0.0065157;0.019738;0.010387;0.019268;0.0065038;0.009809;0.012511;0.0046161;0.009232;0.0087148;0.017599;0.017385;0.0063139;0.015524;0.012705;0.014317;0.012695
16;1.0524;0.94279;2;0.85;0.5;50;50;Manhattan(MinimumTimesMedian);0.012021;0.010488;0.017944;0.017754;0.0093789;0.0076334;0.015761;0.015983;0.01435;0.0067865;0.00015529;0.0035687;0.01324;0.0088251;0.0068807;0.0064529;0.01909;0.012455;0.01554;0.018571;0.0026992;0.0060744;0.0028065;0.013144;0.014414;0.010655;0.0071366;0.0016189;0.015023;0.010807;0.0094886;0.01603;0.014975;0.0033106;0.0084115;0.0095019;0.0087598;0.0084687;0.0099971;0.0054531;0.0065984;0.013947;0.0086529;0.012457;0.012767;0.0099108;0.01159;0.009355;0.016881;0.015055;0.0098483;0.0028859;0.018209;0.010402;0.0063237;0.0070819;0.0013453;0.017412;0.0027117;0.017495;0.010842;0.0068353;0.015647;0.0078119;0.0041635;0.01809;0.012119;0.0070951;0.017187;0.016688;0.006906;0.0092645;0.0018463;0.012562;0.0031244;0.013718;0.0090418;0.0084007;0.0028299;0.0045759;0.013907;0.017238;0.0040797;0.0049268;0.012946;0.013203;0.0093863;0.014147;0.0091887;0.00739;0.017698;0.017415;0.0052283;0.0082004;0.018928;0.014789
17;1.0531;0.9434;2;0.85;0.5;50;50;Manhattan(MinimumTimesMedian);0.0095444;0.018476;0.007859;0.012093;0.0090491;0.017976;0.0053263;0.010269;0.015961;0.0042812;0.0045295;0.013059;0.013361;0.014993;0.0046729;0.01222;0.016032;0.014737;0.014117;0.011952;0.012064;0.009171;0.0086699;0.0019787;0.0053146;0.0063956;0.016756;0.0094301;0.014798;0.0096384;0.0060767;0.010662;0.014724;0.0146;0.017693;0.011411;0.011046;0.0085472;0.0085054;0.0094738;0.014506;0.010761;0.0089359;0.0028978;0.017434;0.010137;0.01095;0.0075754;0.018676;0.0064807;0.013116;0.003759;0.013674;0.01707;0.0061363;0.0099791;0.0031321;0.0097338;0.008008;0.018271;0.0079894;0.015576;0.0085583;0.012035;0.011009;0.011777;0.00044091;0.0030448;0.0089657;0.009789;0.01359;0.0065284;0.013339;0.0085262;0.0016227;0.018448;0.0014712;0.0033862;0.0067015;0.010282;0.012911;0.0044362;0.011847;0.00081866;0.013995;0.013893;0.0099908;0.0082259;0.015133;0.012768;0.01804;0.0079463;0.014266;0.010328;0.0093856;0.014235
18;1.0549;0.945;2;0.85;0.5;50;50;Manhattan(MinimumTimesMedian);0.0031612;0.010152;0.0097797;0.019706;0.010504;0.0043934;0.0074258;0.011732;0.015208;0.0037748;0.002848;0.0041793;0.015757;0.011806;0.0077637;0.010352;0.012375;0.012312;0.014995;0.017404;0.0029959;0.015103;0.015405;0.017248;0.0072249;0.015368;0.008373;0.0038788;0.016228;0.01947;0.0052623;0.018356;0.015743;0.0048242;0.01917;0.01012;0.0058566;0.016614;0.0092942;0.009487;0.012861;0.011936;0.013107;0.015894;0.011686;0.0061703;0.0060703;0.0045142;0.01244;0.0052126;0.00038832;0.0077264;0.0062733;0.0079437;0.0099562;0.0067723;0.0090493;0.018656;0.012613;0.011116;0.015409;0.010401;0.0030274;0.012235;0.01021;0.011999;0.0020988;0.01435;0.0194;0.008976;0.013888;0.013897;0.0050666;0.0057944;0.011918;0.013683;0.0035478;0.0074897;0.0044748;0.0028411;0.0082048;0.0037926;0.01056;0.010089;0.0090652;0.013972;0.0047979;0.0063683;0.017802;0.015874;0.011764;0.0098592;0.019589;0.012387;0.0052281;0.017905
19;1.2985;0.14131;2;0.85;0.5;50;50;Euclidean(Minimum);0.019125;0.00050502;0.024456;0.001072;0.024327;0.020784;0.00067068;5.3647E-05;0.0009853;0.011543;0.0038558;0.015596;0.013949;0.022313;0.0045849;0.01427;0.013419;0.010069;0.021319;0.00025595;0.016487;0.00079494;0.0012995;0.02474;0.0072146;0.019749;0.002089;0.010379;0.018613;0.015645;0.0021247;0.0054615;0.0023753;0.00083284;0.018113;0.017364;0.0039618;0.0031726;0.014021;0.0018856;0.023739;0.0039148;0.022822;0.024439;0.021151;0.019901;0.0053648;9.2222E-07;0.025011;0.003037;0.0012687;0.024631;0.0049621;0.00041999;0.0013731;0.0026262;0.0037858;0.022148;0.0012513;0.007915;0.018923;0.022646;0.01564;0.024841;0.021266;4.6342E-05;0.00028715;0.022749;0.0055473;0.017832;0.014475;0.0051383;0.014244;0.019045;0.0013776;0.020242;0.0036958;0.0033675;0.0057295;0.019917;0.0022739;0.009539;1.8816E-05;0.0018152;0.017048;0.0013092;0.0053676;6.3378E-05;0.011943;0.001838;0.0048134;0.020366;0.0094972;0.0067073;0.020624;0.00052592
20;1.2989;0.14136;2;0.85;0.5;50;50;Euclidean(Minimum);0.011564;0.00080564;0.016583;0.01315;0.018137;0.014976;0.022693;0.0074759;0.021186;0.0039368;0.0064109;0.023638;0.0042181;0.00079135;0.00041399;0.0043355;0.011427;0.022987;0.017544;0.022417;0.0034336;0.0018216;0.0045104;0.023232;0.00029581;0.0017099;0.015719;0.00011957;0.0069464;0.012698;0.023275;0.019381;0.00038842;0.0011786;0.015625;0.02298;0.0027751;0.015339;0.00039162;0.00082477;0.023607;0.022851;0.02281;0.0059277;0.0057422;0.0003095;0.00095134;0.011179;0.022361;0.004327;0.002707;0.014218;0.0005815;0.0036925;0.020239;0.0028242;0.0026393;0.021996;0.0065465;0.0025393;0.014802;0.0076831;0.01572;0.023416;0.011704;0.0022091;0.00071104;0.0012966;0.022282;0.020063;0.022049;0.00074912;0.0059136;0.0008052;0.0041905;0.00022649;0.0010795;0.0007093;2.8783E-05;0.0026234;0.00031853;0.0055002;0.0019351;0.013629;0.021857;0.023537;0.016968;0.0050939;0.021448;0.017962;0.023125;0.022352;0.00080999;0.022901;0.0095723;0.019346
21;1.3977;0.15211;2;0.85;0.5;50;50;Euclidean(Minimum);0.00034083;0.020745;0.0039608;0.0094444;0.00094066;0.0011347;0.0022225;0.027236;0.0021001;0.0035566;0.0048011;0.00062464;0.027304;0.00087304;0.025451;0.023507;0.027664;0.026288;0.00015166;0.0022813;0.027546;0.0014029;0.00072116;0.027744;0.0016751;0.0066397;0.0006255;0.0064017;0.018586;0.027534;0.0016377;0.024872;0.00056023;0.0019939;0.019917;0.022804;0.026573;0.00082892;0.00017815;0.0028663;0.025274;0.014834;0.012717;0.00015408;0.0037703;0.026187;0.027393;0.027674;0.0013721;0.00036863;0.0017622;0.0058457;0.027408;0.0037732;0.022331;0.0011243;0.00076386;0.025076;0.0038132;0.022988;0.027711;0.026492;0.00025701;0.0010977;0.0010474;0.0021826;0.0010653;0.027779;0.018129;0.027246;0.0021159;0.004917;0.00063784;0.0016636;0.0048946;0.027835;0.00023258;0.023889;0.00065176;0.014071;8.325E-06;0.0078919;0.013967;0.0012203;0.0015758;0.00026002;0.018824;0.00095862;0.00075479;0.00020429;0.0005512;0.026646;0.015587;0.0025272;0.0071673;0.0015725
22;1.6226;0.23566;2;0.85;0.5;50;50;Euclidean(Average);0.0014999;0.0017428;0.0032386;0.0046159;0.0024083;0.0035288;0.00046457;0.036228;0.00025674;0.016608;0.0015805;0.03668;1.5654E-05;0.012594;0.037655;0.036884;0.0026817;0.00052478;0.020126;0.0024385;0.00039985;0.0040721;0.0071298;0.03347;0.030867;0.036716;0.030231;0.00020795;0.033802;0.00019991;0.032163;0.00027649;0.00093174;5.4111E-05;0.0096331;0.0017198;0.0052313;0.0017249;0.037888;7.3514E-05;0.001358;0.032721;0.0003979;0.00096685;0.021528;0.030253;7.1575E-05;0.0038696;0.00018598;0.00026462;0.0010166;0.038153;0.00013317;0.020998;0.0017092;0.0016594;0.00099644;0.018227;0.0060961;0.0027014;0.0016253;0.0039244;0.0007323;0.0075748;0.037948;0.0006228;0.0044461;0.0046993;0.0048732;0.011276;0.0038688;0.0009249;0.0010001;0.0001522;0.038132;0.0019359;0.025442;0.0012456;0.00095457;0.006638;0.002539;0.0068438;0.0053459;0.029168;0.0030841;0.0023591;0.0005361;0.0058196;0.00014199;0.0043335;0.00066846;0.00071062;0.03299;0.036831;0.002031;0.036712
23;1.6448;0.23796;2;0.85;0.5;50;50;Euclidean(GeometricAverage);0.040217;0.034097;0.0042575;0.0011247;0.0015398;0.039313;0.0081099;0.0017976;0.033617;0.0001116;0.00028674;0.0012467;0.00064021;0.032247;0.03614;0.0045119;0.0012229;0.0032933;0.0014862;0.0045357;0.0050221;0.0011333;4.186E-05;0.001215;0.00081823;0.0041115;0.00051617;0.00054989;0.00098823;0.001973;0.0005379;0.00023616;0.002276;0.00024025;0.040376;0.0045343;0.00042279;3.6492E-05;0.003053;0.00025217;0.0025161;0.0099584;0.0023142;0.00034471;0.00072582;0.0020557;0.010151;0.00132;0.00012494;0.015808;0.001628;0.0019452;0.021016;0.0037936;0.002219;0.00084047;0.0068654;0.016343;0.035392;0.03847;0.0039333;0.039834;0.0083968;0.008354;0.0022943;0.00040357;0.0014684;0.0024528;0.00078784;0.0009981;0.001797;0.038917;0.039012;0.00052476;0.035683;0.039934;0.039843;0.0032659;0.0063146;0.025477;0.0021432;0.0011449;0.002049;0.0018282;0.039423;0.032994;0.00015277;0.024375;0.00057267;0.0011722;0.035746;0.0044312;0.021051;0.0024158;0.038343;0.00050341
24;1.6728;0.242;2;0.85;0.5;50;50;Euclidean(GeometricAverage);0.0012532;0.0086839;0.0020727;0.032676;0.0012767;0.039173;0.0022049;0.039782;0.00069823;0.00078183;5.9164E-05;0.037927;0.010733;0.000888;0.0037902;0.00207;0.0023236;0.001368;0.0063962;0.03813;0.0037441;0.0069903;0.0015198;0.00038924;0.0020164;0.041397;0.00082432;0.0011305;0.0042734;0.018699;0.00073871;0.009919;0.00043032;0.0031559;0.0016912;3.8997E-05;0.0025207;0.00085973;0.0069894;0.00093623;0.0012189;0.040977;0.004917;0.00066791;0.0023818;0.039383;0.039318;0.0013049;3.4724E-05;0.0068115;0.0015257;0.0067965;0.0037169;4.7879E-05;0.00050865;0.0047488;0.0045356;0.0028136;0.00067893;0.0039949;0.0037828;0.039088;0.0005302;0.00036746;0.00048609;0.0029058;0.036506;0.0026186;0.030124;0.0012408;0.00040767;0.0014481;0.0051844;0.00071499;0.036808;0.036771;0.0034098;0.003587;0.036053;0.0051176;0.040993;0.0047498;0.0047599;0.014287;0.039156;0.006437;0.00021532;0.0069626;0.0062544;0.0022012;0.004704;0.040083;0.00083284;0.0018457;0.038677;0.033756
25;1.7011;0.2461;2;0.85;0.5;50;50;Euclidean(GeometricAverage);0.016913;0.0014028;0.00028843;0.0017795;0.00070166;0.0018418;0.0012789;0.0081789;0.0044633;0.0048508;0.0096237;0.0016971;0.0011471;0.0014065;0.00026471;9.0727E-06;0.006209;8.6408E-06;0.038277;0.00065463;0.0016104;0.034943;0.0043804;0.00052519;0.0001793;0.00048358;0.031783;0.00023851;0.0032018;0.000176;0.00012249;0.041763;0.0041562;0.0018431;0.034646;0.040256;0.00019169;0.00010756;0.0021509;0.0046002;0.038365;0.0017304;0.0018379;0.0029619;0.00021339;0.038595;0.0010043;0.0021011;0.0014244;0.03831;0.0098489;0.025328;0.041592;0.0044393;0.012602;0.00066655;0.00044619;0.028338;0.00048592;0.00085671;0.041474;0.035049;0.037131;0.0057488;0.039643;0.0017036;0.0033386;0.002352;0.0040725;0.0019302;0.00024448;0.0072583;0.033934;6.0888E-05;0.040358;0.00093618;0.00023512;0.00021802;0.0028839;0.0014515;0.00045303;0.035852;0.0027124;0.0006195;0.039199;0.0040777;0.0059135;0.0041818;0.040832;0.0030596;0.0034837;0.036315;0.0014586;0.00061409;0.00036261;0.0013393
26;1.7064;0.24783;2;0.85;0.5;50;50;Euclidean(Average);0.00031744;0.019338;0.0035012;0.003998;0.00021609;0.00082843;0.041104;6.9743E-05;0.041838;0.00011513;0.0075717;0.0028901;0.0024607;0.0023928;0.040018;0.0018517;0.0024845;0.0014714;0.003846;0.0021261;0.003148;0.0006783;0.042163;0.037774;0.0049304;0.0048848;0.0015161;0.0044477;0.0044479;1.8758E-05;0.0034443;0.0045081;0.015341;0.040809;0.0011944;0.0025499;0.0026957;0.00042471;0.0027471;0.038232;0.004002;0.0011562;0.039268;0.0025415;0.0037643;0.0010091;0.00073442;0.00078944;0.00032424;0.0012603;0.0001656;0.00034332;0.0046396;0.0010712;0.0053958;0.012406;0.0050288;0.00067508;0.0088822;0.040741;0.040306;0.042289;0.0037152;0.00080301;0.0014952;0.00072884;0.0026418;0.002197;2.7844E-05;0.0016301;0.016089;0.0020327;0.0011114;0.0029113;0.0027199;0.042081;0.030294;0.041891;0.041744;0.0024245;0.041976;0.040665;0.0030143;0.011596;0.0053773;0.0067855;0.00061051;0.0028382;0.019729;0.016817;0.00010394;0.0023133;6.576E-06;0.0039297;0.034988;0.0015248
27;1.7209;0.24861;2;0.85;0.5;50;50;Euclidean(Median);0.00011993;0.0049744;0.0098357;0.042202;0.041521;0.02608;0.00051373;0.007698;0.0026091;0.0041902;0.005926;0.016048;0.00068197;0.008424;0.040737;0.0006565;0.002298;0.00051075;0.00024497;0.00024958;0.00064104;0.040676;0.00068105;0.0078778;0.0029135;0.037465;0.0048702;0.0020617;0.031988;0.00041688;0.00083932;0.010193;0.0030277;0.00061632;0.042134;0.027137;0.0023472;0.0042332;0.0016984;0.040676;0.0088375;0.00062097;0.0045194;0.0016889;0.0052408;0.0011574;0.0046742;0.0030812;2.2553E-05;0.0033846;0.03911;0.00080582;0.00027575;0.0021593;0.0029055;0.00035875;0.0016653;0.034742;0.042315;0.0018454;0.0014472;0.043004;0.0013854;0.035486;0.00097986;0.004872;0.0028312;0.0026111;0.0039683;0.042496;0.038642;0.010053;0.040856;0.03961;0.006347;0.042094;0.0081978;0.00036707;0.0020584;0.0020293;0.0004677;3.2019E-05;0.00076984;0.0099456;0.00053166;0.0032752;9.2219E-07;0.00035747;0.0021375;0.00053221;0.0018012;0.00080867;0.0027912;0.00041301;0.0016074;0.0077687
28;1.7461;310.66;2;0.85;0.5;50;50;Euclidean(Summation);0.04359;5.604E-05;0.00082583;0.0013342;0.0025122;0.04112;0.00027084;0.031278;0.011963;0.0014955;0.00078894;0.0044641;0.0030529;0.00028035;0.002839;0.0011452;0.0017188;0.042261;0.00023551;0.0043499;0.00019196;0.028679;0.00023517;0.0024428;0.0031667;0.0036067;0.0020162;0.001975;0.0032718;0.0028145;0.0019164;0.00078008;0.0013191;0.00037303;0.00087648;0.00015437;0.003062;0.0032512;0.0033115;0.0011637;0.00061012;0.0039318;0.00016507;0.042795;9.8849E-05;0.0028517;0.042554;0.0010259;0.00055438;0.00040347;0.0021431;0.0072443;0.0013417;0.035142;0.0016289;0.018088;0.0055479;0.02814;0.0060262;0.0026816;0.036955;0.020815;0.018751;0.015805;0.0032694;0.0054267;0.0018034;6.7653E-05;0.0086977;0.00096075;0.028333;0.0019203;0.0013285;0.0040198;0.0017796;0.0029474;0.0051436;0.00038442;0.0046867;0.00040035;0.044446;0.0019231;0.0051008;0.047521;0.003005;0.0055238;0.048243;0.00032062;0.0059665;0.047798;0.038968;0.044253;0.046756;9.126E-05;0.033365;6.0384E-05
29;1.7498;0.25277;2;0.85;0.5;50;50;Euclidean(Median);0.041257;0.011332;0.0027881;0.00012041;0.0047106;0.00079296;0.036095;0.0043464;0.00041615;0.0017237;0.0058096;0.03395;0.033388;0.041018;0.00017425;0.039535;0.0027903;0.045515;0.0041104;0.00096927;0.0051122;0.0023041;0.0029533;0.0045235;0.0021977;0.0021282;0.0010496;0.00059485;0.0014192;4.2068E-05;0.0013688;0.0024263;0.0033204;0.0075722;0.0013942;0.035093;0.006664;0.045338;0.0085631;0.0024202;4.976E-06;0.0033043;5.3229E-05;0.00024177;0.00038621;0.00063092;0.00017998;0.0028948;0.00019424;0.045751;0.027463;0.036418;0.0028402;0.042078;0.0015635;0.0088365;0.0013232;0.0030028;0.0026607;0.003425;0.0038212;0.032698;0.045907;0.009094;0.0067703;0.0069759;0.0020145;0.0015315;0.0010427;0.010251;0.042382;0.00099235;6.8974E-05;0.0018831;4.0518E-05;0.00054589;0.029175;0.0036248;0.0040939;0.0019857;0.00096773;0.0044553;0.0052453;0.0031275;0.0054898;0.032831;0.00082578;0.0037846;0.043434;0.012104;0.0023207;0.00028863;0.00075363;0.045976;0.0015424;0.0013765
30;1.7575;312.68;2;0.85;0.5;50;50;Euclidean(Summation);0.043645;0.0027091;0.0067503;0.045887;0.013219;0.0029849;0.0016211;0.0011986;0.002557;0.0039187;0.0019036;0.0008187;0.0020094;0.041371;0.00015908;0.00032334;0.0012363;0.00088164;0.0019646;0.036097;0.0014746;0.0002335;0.0010701;0.0019498;0.0015978;0.0022483;0.043143;0.0013105;0.0065358;0.0054644;0.041194;0.00043687;0.0015258;0.041175;0.032119;0.045814;0.0030151;0.0011113;0.004842;0.0013713;0.0041774;0.031752;0.0033496;0.0049611;0.00056908;0.0009649;5.8886E-05;0.0067933;0.011374;0.00051934;0.0010661;0.0012765;0.0015108;0.00092504;0.045912;0.002987;0.001209;0.043139;0.0038534;0.043095;0.0047093;0.0098745;0.00010989;0.0085191;0.011511;0.0010884;0.0039127;0.0018819;0.0020321;0.00219;0.00031354;0.011289;0.00038405;0.0013253;0.0021676;0.0079387;0.0012878;0.00075788;0.012723;0.045103;0.044252;0.00058553;0.00057663;0.0059433;0.0074915;0.0012025;0.0051887;0.0022481;0.045748;0.0081822;0.00016858;0.00088788;0.042982;0.0059353;0.0063101;0.034795
31;1.7655;0.027756;2;0.85;0.5;50;50;Euclidean(MinimumTimesMedian);7.3889E-05;0.025264;0.013189;0.0030116;0.017842;0.013075;0.00037504;0.017866;0.024872;0.0031876;0.0098125;0.00088118;0.023255;0.0037191;0.001202;0.00072036;0.025959;0.021229;0.00016477;0.024698;0.014288;0.025765;0.0020862;0.021167;0.026503;0.023357;0.0030572;2.9213E-05;0.021733;0.027142;0.017323;0.015405;0.0048702;0.02392;3.4511E-05;0.004534;0.024672;0.0085847;0.0075389;0.005018;0.00080412;0.024727;0.010625;0.0076565;0.026867;0.024051;0.0041346;9.5489E-05;0.015086;0.0092163;0.0042279;0.01323;0.00023878;9.105E-05;0.0017422;0.025908;0.0070664;0.0010887;0.015784;0.005459;0.00041302;0.001748;0.0022417;0.0049241;0.013567;0.0025963;0.00067173;0.0005803;0.018436;0.015987;0.0047443;0.0089395;0.00062782;0.021376;0.0014598;0.0013167;0.00012031;0.012026;0.0041966;0.0017665;0.026761;0.025618;0.0032909;0.0008669;0.022293;0.024056;0.0013905;0.00054768;0.00052327;0.00015362;0.0086803;0.017626;0.0088954;0.012237;0.023184;0.00061313
32;1.7707;0.25717;2;0.85;0.5;50;50;Euclidean(Average);0.036714;1.8644E-05;0.0011962;0.00085307;0.026558;0.0017562;0.00052869;0.0026191;0.010191;0.00049717;0.00072224;0.010199;0.0027674;0.00051281;0.0023892;5.4678E-05;0.0040302;0.0036759;0.00022192;0.040682;0.044616;0.00092598;0.0018797;0.0017538;0.0020829;0.0029828;2.5192E-05;7.7376E-05;0.0018076;0.0015447;0.0017058;0.046002;0.039084;0.0013503;0.00062533;0.041958;0.0012684;0.044128;0.002051;2.343E-05;0.025994;0.0035051;0.0012636;0.0025749;0.0037915;0.0014958;0.0067774;0.0016583;0.000424;0.0024022;0.0058524;0.0001169;0.046477;0.00070678;0.0016896;0.018272;0.0054613;0.0012069;0.0077199;0.044009;0.00076701;0.04647;0.0047775;0.00051471;0.00014872;0.043875;0.0081511;0.0060351;0.015878;0.039685;0.00083247;0.010849;0.0054793;0.0054357;0.0016171;0.0041009;0.0083915;0.0071159;0.0018471;0.046097;0.0037497;0.0031654;0.0043778;0.0023538;0.0073891;0.0014259;0.0042315;0.045586;0.0048506;0.045828;0.0030776;5.5007E-05;0.045339;0.00048841;0.0044134;0.0021211
33;1.7896;318.39;2;0.85;0.5;50;50;Euclidean(Summation);0.00091028;0.0069575;0.0027787;0.0022178;0.0032253;8.5566E-05;0.0013522;0.0012922;0.0013102;0.013286;0.024484;0.00024203;0.0028056;0.046048;0.0032537;0.044978;0.00056491;3.3729E-06;0.00095173;0.042831;0.043894;0.00027168;0.043972;0.0014769;0.0011007;0.035435;0.016095;0.0047937;0.00020156;0.0029371;0.0043256;0.00069246;0.011459;0.0058728;0.0013972;0.00060312;0.015487;0.0016307;0.0022742;0.0026324;0.046083;0.0069466;0.0013932;0.0027121;0.0029651;0.0014334;0.0011797;0.0036944;0.0015971;0.0015537;0.0017418;0.045423;0.0073639;0.0042094;0.0032521;0.00026505;0.0015367;0.045284;0.0019603;0.0018457;0.0053848;0.001912;0.0069354;0.042501;0.00026236;0.041793;0.0098221;0.033881;0.00069583;0.0017012;0.0044685;0.00097206;0.00046313;0.00042598;0.0093598;0.001234;0.00042676;0.00014611;0.044582;0.00107;0.044008;0.0019527;0.00087311;0.010927;0.0021908;0.0018474;0.00095051;0.0022388;0.045943;0.045545;0.0056604;0.0012405;0.044621;0.0022493;0.001835;0.0013104
34;1.8624;0.26905;2;0.85;0.5;50;50;Euclidean(Median);0.013934;0.004636;0.0025987;0.00060924;0.045068;0.0021378;0.0096556;0.0016013;0.00041306;0.0036376;0.0036008;0.0047023;0.0041918;0.0024668;0.0020432;0.042467;0.0015703;0.0034931;0.051925;0.048089;0.00064979;0.0045686;0.00027005;0.046472;0.049899;0.052027;0.043936;0.0017964;0.0018581;0.0034755;0.00062202;0.0011119;0.0090569;0.0045625;0.004798;0.00091163;0.0031813;0.047097;0.0082416;0.00212;0.0062864;0.0073435;0.0019355;0.0080191;0.0050472;0.010688;0.014755;0.0011625;0.00071964;0.0026333;0.0081424;0.00051612;0.0010344;0.0035143;0.0031134;0.0018605;0.00042126;0.00062646;0.047621;0.0010285;0.0019395;0.0027587;0.0028097;0.0035658;0.00043796;0.0098393;0.0017965;0.0028089;0.00012104;0.0013103;0.0027408;0.00053357;0.0023103;0.00039753;0.004655;0.0018572;0.0027106;0.0020093;0.0010507;0.045006;0.0011384;0.046879;0.00083793;0.050768;0.0033928;0.0032624;0.010499;0.0011284;0.0047912;0.0022237;0.010468;0.05339;0.053222;0.0039858;0.0010466;0.0003444
35;2.092;0.032889;2;0.85;0.5;50;50;Euclidean(MinimumTimesMedian);0.00029622;0.0017989;0.021456;0.027307;0.0036414;0.0020206;0.00097491;0.0084772;0.0079205;0.0015207;0.00071703;0.0016449;0.025941;0.030419;0.0072803;0.031498;0.021622;0.02205;0.022431;0.00079635;0.017528;0.0039561;0.023647;0.00046804;0.0022027;0.028267;0.028047;0.0015972;0.029669;0.026837;0.0020685;0.00093686;0.00067899;0.012594;0.026891;0.00041828;0.029357;0.0020721;0.027704;0.024775;0.02332;0.0016149;0.0036336;0.0024649;0.0054633;0.00079519;0.0045259;0.0095748;0.030706;0.0073464;0.0263;0.0050032;0.0011709;0.00075368;0.00036882;0.0055862;0.027315;0.0031128;0.023067;0.027627;0.00066376;0.02678;0.0007415;0.0028529;0.0047984;0.025515;1.1198E-05;0.025974;0.0012805;0.0008856;0.0041135;0.0018976;0.0047975;0.0040277;0.00072327;0.012887;3.1941E-05;0.011369;0.0015924;0.0014473;0.0016583;0.0012768;0.023616;0.0011402;0.0029973;0.031261;0.0021568;0.00040495;0.0011651;0.00069852;0.027635;0.00040541;0.00028203;0.0004811;0.03097;0.0021838
36;2.2282;0.03503;2;0.85;0.5;50;50;Euclidean(MinimumTimesMedian);0.00028047;0.014884;0.001068;8.5848E-05;0.0059663;0.00015273;0.025613;0.0021624;0.00014921;0.0024844;0.032587;0.032708;0.0017352;0.00051288;0.029068;4.8684E-06;0.033145;0.0026912;0.0011201;0.0015742;0.0043046;0.001313;0.0028074;0.032289;0.03239;0.004403;0.0021357;0.001001;0.0014779;0.026796;6.6777E-05;0.012612;0.00093214;0.0010602;0.0033017;0.0019088;0.026836;0.00032371;0.00078132;0.031764;0.0001065;0.028898;0.0012582;0.0021645;0.020737;0.0046371;0.0015305;0.0012755;0.0063548;0.030092;0.019774;0.00017308;0.0025906;0.014866;0.00013596;0.00069725;0.0047065;0.0024721;5.5312E-06;0.029847;0.00076525;0.028501;0.032892;0.031107;0.0014518;0.031043;0.030049;0.00046293;0.025032;0.00052614;0.0004049;0.00092807;0.0099494;0.02898;0.00049616;0.033119;0.00072781;0.020323;7.3705E-05;0.0029653;0.0005909;0.00034208;0.022169;0.0019063;0.0015755;0.023681;0.031803;0.0014682;0.0015789;0.0030002;0.030274;0.026227;0.00091248;0.00127;0.023927;0.00066019
population
1;0.36419;1.3798;0.40412;0.35404;0.058104;0.20564;0.041602;0.090259;0.29568;0.053373;0.43607;0.1168;0.43955;0.025105;0.057239;1.1563;0.028579;0.16843;0.071329;0.051853;0.30992;0.013299;0.47217;0.59136;0.020501;0.14032;0.5388;0.25685;0.16526;0.11817;0.29373;0.48778;0.24187;1.1667;0.31434;0.0018756;0.34863;0.064007;0.10712;0.80047;0.043643;0.063913;0.22404;0.27035;0.15432;0.43711;0.20703;0.47648;0.00039077;0.98834;2.2989;0.21842;2.8626;0.67667;1.5613;0.36046;3.6191;0.42614;0.4438;1.6698;1.0209;0.27538;1.322;0.17181;1.6174;0.25584;1.1611;0.81614;0.055512;0.37523;3.2093;0.54425;2.5973;2.8401;1.4967;1.1254;0.4166;0.4404;1.4272;0.62373;3.1756;0.4173;0.31547;0.54269;0.24053;0.82774;1.579;0.1186;0.15297;1.6544;0.13681;0.40347;0.65323;4.542;0.69039;0.077557
2;0.33668;0.01079;0.22532;0.55419;0.4333;0.29938;0.058473;0.36529;0.11126;0.40781;0.28268;0.063005;0.58352;0.46115;0.094244;0.76574;0.50563;0.33042;0.40944;0.30549;0.17726;1.4963;1.0221;0.14066;0.2727;0.37596;0.071942;0.37776;0.23264;0.16538;0.47338;0.19674;0.21984;0.39115;0.096896;0.43785;0.055346;0.021037;0.059728;0.14527;0.023424;0.068248;0.38763;0.029281;0.40921;0.074286;1.078;1.7778;0.54893;0.8971;0.9549;3.5107;3.7014;1.3269;0.91051;2.3751;0.24108;0.60254;0.060876;1.7646;2.1143;0.40523;0.5774;0.13128;0.62951;0.40917;2.4672;1.0971;2.6499;1.6267;1.0577;0.027747;0.061293;4.3151;0.2465;2.0375;5.6206;0.022566;4.9176;0.39525;0.12609;1.7914;0.59186;0.38682;0.57797;1.171;0.071067;0.021921;0.58179;0.96794;0.92817;0.052385;2.7171;4.4698;0.37371;0.30496
3;0.21024;0.16305;0.017792;0.01515;0.16712;0.26324;1.4993;0.59023;0.20279;0.52025;0.19189;0.18677;0.1445;0.078871;0.20106;0.15984;0.022679;0.49191;0.43943;0.1472;0.0046607;0.086741;0.34526;0.22995;0.40787;0.12076;0.6877;0.28877;0.70816;0.92703;0.28758;0.20362;0.00036482;0.61197;0.28697;0.58136;0.16779;0.17059;0.1751;0.015783;0.082342;0.17336;0.0082229;0.13044;0.30486;0.503;0.53632;0.41614;0.54268;0.6687;0.19449;0.2352;1.1332;0.84562;0.90339;0.64845;2.1724;0.76014;0.1746;1.5649;0.42448;2.5674;0.36565;0.26273;0.1719;0.2435;0.038867;0.079691;0.019297;0.031928;1.1317;0.39699;0.4889;0.73865;0.93301;3.6451;1.1557;2.0774;0.27146;0.29038;2.1463;0.36271;1.4935;1.5406;0.18155;0.50555;0.88522;0.64496;0.31549;0.072621;1.8575;0.80004;0.31636;0.087636;0.88343;0.1348
4;0.060565;0.59423;0.682;0.090323;1.0944;0.102;0.48324;0.12779;0.1345;0.063165;0.29708;0.099908;0.97957;0.19525;0.30502;0.60333;0.25953;0.48063;0.039134;0.074584;0.024846;0.14255;0.44463;0.41075;0.5023;0.54228;0.22461;0.81866;0.44617;0.09235;1.5053;0.69955;0.012962;0.054958;0.15941;0.23786;0.044167;0.028504;0.28134;0.029194;0.0022112;0.65061;0.001835;0.018585;0.039342;0.3376;0.044865;0.26161;1.3596;0.3758;2.0817;0.73636;0.39902;0.95101;0.40009;0.58569;2.6715;0.15729;0.11759;0.63486;0.68804;0.34446;0.78323;2.3983;0.16875;2.4239;1.4471;0.31403;0.08318;0.024165;0.065202;0.21766;1.0017;0.85142;1.7073;0.34083;0.79007;0.11508;6.4469;0.77631;0.12128;2.0439;0.10667;1.3713;0.49866;1.8981;0.065752;0.8041;0.1944;0.23993;0.18151;1.884;0.42269;0.34346;0.96115;0.16126
5;0.037704;0.049617;0.92612;0.20382;0.22101;0.14634;0.38797;0.23297;0.34384;0.17598;0.10512;0.2053;0.024825;0.012036;0.16746;0.18907;0.1772;0.25707;0.39215;0.31866;0.20161;0.45618;0.05001;0.46253;0.1681;0.072085;0.22558;0.21745;0.12287;0.61831;0.1564;0.038659;0.11641;0.23238;0.43785;0.63653;0.23024;0.46304;0.11172;0.27943;0.049658;0.072663;0.30513;0.26303;0.03935;0.57085;0.7118;0.080504;4.8736;0.43402;0.95437;0.019235;1.1238;2.6091;0.23902;0.015873;1.1602;0.72556;0.70658;0.1772;1.0816;1.0388;0.18903;1.7422;0.11145;0.46682;0.16905;0.4109;2.4638;0.026902;1.5136;0.10156;0.19392;0.90742;1.1931;1.1688;0.10068;4.5858;0.15422;0.63251;0.35571;0.86708;0.056769;1.3242;0.31637;0.13223;0.49412;0.010956;3.2004;0.32024;1.5245;0.24511;0.98678;0.23933;0.78841;0.33603
6;0.4294;0.056637;0.14993;0.56837;0.04302;0.30057;0.88205;0.15659;0.029776;0.031105;0.043129;0.070864;0.64179;0.18696;0.15564;0.04922;0.1597;0.38856;0.034353;0.35623;2.31;0.64174;0.18562;0.01788;0.0018921;0.063243;0.11749;0.23023;0.15538;0.084305;0.3805;0.26004;0.39118;0.11501;0.3924;0.13701;0.14251;0.51777;0.39265;0.1533;0.02689;0.8096;0.19126;0.57141;0.61476;0.04582;0.16072;0.043711;0.26236;0.11205;1.5071;0.9194;1.3117;0.55382;0.17926;0.5674;1.7758;0.55779;0.1936;0.72488;0.028674;0.065275;1.2225;0.77826;0.2546;0.23374;0.44873;1.9095;0.47521;0.11114;4.7452;1.0705;0.066028;0.88269;0.32918;0.051051;1.2542;0.033601;1.4733;0.031249;1.2627;0.14362;0.28248;0.22241;2.377;1.565;2.0599;0.023383;1.1857;0.41675;2.7232;0.51118;0.52789;0.27714;0.47174;0.62137
7;0.47683;0.053836;0.073297;0.22565;0.63217;0.28358;0.31822;0.56691;0.65295;0.15327;0.19053;0.18927;0.006915;0.37288;0.096322;1.055;0.10023;0.57034;0.1442;0.057844;0.2372;0.32188;0.45851;0.39977;0.73165;0.05089;0.04905;0.59409;0.075053;0.19833;0.12797;0.1825;0.84023;0.026529;0.12393;0.26373;0.42952;0.83861;0.19741;0.19965;0.19567;0.13372;0.26235;0.74099;0.54176;0.67428;0.44477;0.26405;2.0857;1.3145;1.5081;0.31981;0.86328;0.067082;0.74927;1.4288;0.4967;0.89574;0.89029;1.0867;0.049048;0.25732;0.004213;0.46446;2.5133;1.0827;0.24319;2.9654;1.8586;1.4199;1.6034;1.2743;4.5793;1.2154;0.85789;0.42815;0.13506;0.081456;0.66745;0.49467;0.076887;0.4972;1.0204;1.0981;0.90145;2.2656;0.41769;0.65637;0.16225;0.8208;2.4172;0.85265;1.4831;1.2917;3.8666;0.21928
8;0.26265;0.73575;0.37406;0.23225;0.10634;0.94099;0.36717;0.010197;0.28491;0.26088;0.088797;0.10363;0.31659;0.29636;0.29767;0.63974;0.25212;0.030901;0.37758;1.0874;1.2077;0.71578;0.51271;0.051551;0.073526;0.24008;0.19011;0.5298;0.22934;0.057123;0.25116;0.015356;0.029956;0.21296;0.26653;0.081691;0.11983;0.5292;0.1667;0.044845;0.10617;0.023123;0.34959;0.086775;1.4602;1.6415;0.15223;0.27779;2.751;0.20833;0.047024;1.6507;1.8751;3.5186;0.13495;1.6243;1.3137;0.1436;0.37403;0.86493;0.22801;0.71587;1.9054;0.36594;0.72706;0.69505;0.28055;1.5641;0.0032314;0.12404;0.042545;0.79347;1.8887;1.0427;0.68887;0.21331;0.26306;0.88346;0.27017;0.76747;3.0736;1.2067;0.46683;2.6931;1.0252;0.14487;3.525;0.53891;0.083933;0.4856;1.5228;0.69217;0.4004;0.19303;2.3605;0.90388
9;0.094012;0.31101;0.2714;0.022289;1.1116;0.55573;0.69477;0.21746;0.055964;0.1817;0.29659;0.91667;0.02066;0.26906;0.19645;0.085894;0.3416;0.33555;0.017545;0.46712;0.05619;0.037103;0.71233;0.066945;0.36786;0.97857;0.043815;0.10626;0.029485;0.29491;0.50872;0.4598;0.20936;0.10049;0.35802;0.29285;1.1346;0.26974;0.59116;1.037;1.0839;0.45;0.11289;1.0601;0.038369;0.020256;0.11845;0.036949;0.22136;1.562;0.13947;0.68035;2.2764;0.97701;0.58643;8.2337;0.022564;0.42294;0.80052;1.1028;1.9218;1.1296;1.2824;0.41629;1.0605;1.082;0.1158;1.4672;0.34232;2.5524;0.28458;1.4337;0.50202;2.0793;0.31619;0.11772;0.66151;0.62555;0.44371;0.82711;0.80445;0.093765;0.10843;0.014922;0.83095;0.94634;1.1659;0.35855;0.054398;1.5757;0.58792;0.2576;1.3808;0.74612;0.097773;3.7326
10;0.39255;0.15549;0.15271;0.031277;0.021651;0.12029;0.090429;0.012152;0.026451;0.37531;0.19188;0.032196;0.10021;0.61731;0.071738;0.15069;0.41079;0.33502;1.2116;0.13213;0.25338;0.091116;0.14378;0.1262;0.0015226;0.44219;0.2418;0.41732;0.52077;0.096738;0.12694;0.69515;0.56194;0.10753;0.061296;0.49583;0.47896;0.2324;0.036332;0.0063753;0.016177;1.3119;1.9278;0.0099584;1.2263;0.050071;1.7744;0.17849;0.60796;1.5336;0.46382;0.70396;1.5821;0.055483;0.21296;3.1596;2.4737;0.99647;4.4843;0.7182;2.1482;0.87368;3.8075;0.72059;1.9895;1.2683;0.34608;0.23695;0.49539;0.010999;0.14467;1.4068;0.13164;2.4455;0.051805;1.8011;3.8481;2.8256;0.15674;0.90145;0.682;2.4451;0.029007;1.9895;0.89838;0.34177;0.91839;0.95011;0.87336;0.66397;0.77786;0.10589;1.2362;0.59426;0.074252;0.013959
11;0.19656;0.19987;0.32947;0.50358;0.34598;0.53909;0.14021;0.081213;0.093897;0.024546;0.12524;0.50515;0.040075;0.052167;0.11918;0.13349;0.38667;0.41441;1.5063;0.037975;0.4043;0.32593;0.18518;0.5157;0.24594;0.016299;0.80733;0.34468;0.22705;0.24754;0.15482;0.41062;0.077309;0.27925;0.35145;0.92943;0.021646;1.0122;0.022806;0.45983;0.19369;0.12645;0.57787;0.38455;0.085182;0.010113;0.18877;0.27682;1.3921;1.3802;0.49005;0.45665;0.6506;0.64593;0.62396;0.37497;1.053;1.295;0.42888;0.23483;0.20557;0.52698;2.7451;0.19822;0.050698;0.58661;0.41525;0.44285;0.51828;1.2373;0.9119;0.22307;0.86791;2.9742;0.56193;0.64818;0.473;0.15307;0.46711;1.1106;0.81567;0.76077;0.21638;0.34044;0.46515;2.0231;0.11095;0.58091;0.94073;1.7448;0.013074;2.4646;0.40717;0.1213;0.11785;0.21063
12;0.20097;0.63161;0.31362;0.28718;0.35182;0.42657;0.063054;0.1919;0.9357;0.36121;0.12198;0.031121;0.040768;0.012182;0.37597;0.42184;0.23329;0.21559;0.19483;0.015576;0.032689;1.5433;0.32334;0.54151;0.31941;0.16813;0.44367;0.34126;0.5647;0.39118;0.16318;0.043622;0.0077009;0.70346;0.52149;0.067458;0.63026;0.26704;0.1414;0.064426;0.18405;0.39446;0.70949;0.66998;0.12875;0.037147;0.37221;0.13283;0.34851;3.1653;0.81044;4.0224;0.60234;0.8751;0.14646;3.0118;0.14894;0.7655;0.0039566;1.8;4.1645;0.74197;2.1575;0.031783;0.023984;2.6663;5.2536;0.51622;0.61233;0.084814;0.29143;2.3913;1.0026;0.45823;0.095495;0.33547;2.2218;0.91703;0.64027;0.71566;1.2022;0.23057;0.13983;0.31361;1.1548;1.9366;0.48701;0.60813;0.020458;0.044168;0.15817;1.208;0.43821;0.54764;0.91533;3.0674
13;0.31582;0.092365;0.033775;0.77772;0.18777;0.098403;0.2053;0.54135;0.56957;0.10314;0.16684;0.042702;0.2776;0.63557;0.012004;0.16281;0.4098;0.197;0.40978;0.58542;0.2932;0.44071;0.41467;0.32909;0.25097;0.060012;0.1833;0.9919;0.69787;0.16308;0.4858;0.30495;1.3492;0.44484;0.11737;0.13819;0.21925;0.0081009;0.058357;0.075646;0.78501;1.6314;0.62625;0.32226;0.55261;0.45387;0.09184;0.29035;0.35261;0.37447;0.94673;1.4269;0.59118;0.9143;0.20134;0.98038;0.032609;2.6153;2.1723;0.31196;0.96153;1.8075;0.44533;1.0554;2.0779;1.3136;0.82325;0.49025;1.1996;0.44946;0.12876;0.55391;0.45142;0.34988;0.93391;0.17888;2.2411;0.5567;0.067175;0.029884;0.6168;4.1327;4.2607;0.96962;1.3477;0.095451;0.56505;2.8005;1.4891;2.5969;0.52375;1.7379;0.53397;0.45354;1.4253;1.1975
14;0.022618;0.26397;0.048396;0.35624;0.82365;0.71387;0.18856;0.014011;1.0044;0.39154;0.03234;0.12114;0.15207;0.69902;0.23784;0.043164;0.061654;0.082641;0.44242;0.60996;0.35343;0.13801;0.067901;0.029682;0.81633;0.081288;0.19971;0.078052;0.44025;0.013649;0.26836;0.16117;0.59158;0.28681;0.015999;0.0076472;0.31537;0.016692;0.16687;0.079566;0.17875;0.32614;0.46126;0.1845;0.27868;0.10909;0.093283;0.097312;1.0421;0.4957;0.54199;0.43117;0.33756;0.5631;0.1497;0.32357;1.3922;1.9814;1.4491;0.13215;0.37088;1.5323;0.68749;0.79139;0.31801;1.2902;0.79278;0.065962;0.12168;0.96319;0.44313;0.010967;1.5098;2.1819;1.6017;0.97737;0.2575;1.1277;2.3694;1.0716;0.7637;0.72931;0.92104;0.39596;1.718;0.20737;0.77737;0.15858;1.4074;0.015495;4.2517;0.088195;2.8008;0.064552;2.7846;2.6637
15;1.5746;0.74528;0.53294;0.2379;0.60187;0.03492;0.011113;1.5708;0.020867;0.65882;0.042434;1.0451;0.17023;0.53598;0.07423;0.19469;0.37765;0.61941;0.35687;0.32597;0.44977;0.27275;0.011268;0.4522;0.44303;0.28918;0.12141;0.24355;0.050449;0.55325;0.016432;0.013217;0.38931;0.19312;0.026035;0.034899;0.10997;0.082006;0.090054;0.2271;0.10073;0.27543;0.37953;0.06194;0.0097962;0.59335;0.0095195;0.26437;0.2435;2.7469;0.010885;0.91895;0.43089;1.1801;0.012083;0.68891;1.301;0.81737;0.15212;0.49963;0.52101;0.79053;1.4578;2.1072;1.2733;0.81498;0.14572;1.452;0.20829;0.02938;1.916;1.6247;0.82282;0.27106;0.85156;0.20096;0.15355;0.83328;0.67533;1.2048;0.44708;0.78253;2.9223;2.078;0.13473;1.1014;0.87925;1.2416;2.251;0.026823;0.037353;0.056931;0.24987;2.2025;0.9524;0.32119
16;0.054858;0.12407;1.3498;0.26668;0.26149;0.53576;0.14632;0.077093;0.60523;0.48366;0.23054;0.11277;0.25328;0.72839;0.72715;0.29114;0.80758;0.059301;0.045256;0.36039;1.1546;0.92869;0.43099;1.2226;0.4151;0.21665;1.2923;0.24574;0.10149;0.52839;0.001309;0.1769;0.661;0.15766;0.37099;0.029695;0.26265;0.21773;0.18425;0.085818;0.36817;0.0062879;0.18631;0.031881;0.26218;0.62627;0.77795;0.090763;0.34921;0.25565;0.042828;1.9668;0.4469;0.36549;1.1293;0.57157;0.29614;2.6062;0.39198;0.46593;1.5428;1.0242;0.57693;2.6145;0.23914;1.799;1.7054;0.29121;0.36072;0.84314;0.95436;0.22577;0.090629;0.58978;2.0759;0.34494;2.9228;0.17728;0.72249;0.54141;3.669;0.24766;5.5989;0.25351;0.75664;2.3689;0.74922;0.42675;0.080862;1.0631;0.18858;0.019634;1.1428;0.3741;0.63668;0.31373
17;0.56776;0.68317;0.14882;0.99905;2.6;0.11605;0.14827;1.2719;0.14553;0.01778;0.10442;0.34092;0.2726;1.1639;0.43736;0.85244;0.86839;0.33161;0.11166;0.25734;0.024791;0.27736;0.085813;0.29851;0.20102;0.097906;0.37522;0.23788;0.036981;0.26256;0.25704;0.60782;0.72857;0.069481;0.03147;0.093596;0.54099;0.1758;0.0047491;0.031102;0.37067;0.1978;0.30245;0.4479;0.50082;0.69632;0.097443;0.36071;0.62913;1.4538;1.863;1.1539;0.47923;1.3743;0.27608;2.3825;0.32569;3.2653;0.48857;1.1333;1.5777;0.54658;0.72054;1.0196;1.1964;2.0835;1.4002;0.26424;1.0911;1.2182;0.76728;0.70995;0.31391;0.96214;1.4154;1.3557;1.2749;0.4793;0.43004;0.14606;0.7538;0.70314;0.5121;0.056579;0.71266;2.0596;0.84195;1.0186;0.97279;0.34112;0.022869;0.31267;1.5344;0.85413;0.064572;1.696
18;0.33848;0.045346;0.63426;0.63891;0.079356;0.024905;0.43758;0.021835;0.078414;0.090739;0.054057;0.40543;0.086962;0.92297;0.96873;0.3417;0.25835;0.0024203;1.1834;0.54567;0.057515;0.10134;0.83763;0.27662;0.95465;0.34568;0.00086453;0.16559;0.053876;0.21417;0.099423;0.48771;0.15558;0.45387;0.23896;0.016409;0.15998;0.37595;0.0554;0.28124;0.40763;0.29427;0.04524;0.28029;0.05056;0.1111;0.2053;0.30945;2.5896;1.2059;2.2755;0.30559;0.46169;1.6431;1.1666;1.6288;1.9587;0.40955;3.4638;0.80177;0.20401;0.63529;1.8513;0.67602;0.54163;0.22689;0.13708;0.11295;1.0912;0.17;0.35084;1.3039;0.82302;2.6359;0.022746;0.21486;0.29266;4.4412;0.017802;1.302;0.56749;0.30361;0.55736;0.59146;4.221;1.0902;0.047546;2.354;0.076706;1.3317;1.0692;2.794;0.47532;1.2118;1.2702;1.14
19;2.2633;0.29652;0.074838;0.088235;0.18967;0.27002;0.11058;0.81899;0.317;0.11537;0.061285;0.068206;0.87141;0.57782;1.5755;0.33415;0.069663;0.1071;0.22463;0.11191;0.30489;0.53468;0.14005;0.28037;0.19243;0.01821;0.19974;0.16158;0.21478;0.25955;0.10359;0.048826;1.1483;0.078444;0.3921;0.40383;0.70695;0.079672;0.025482;0.065816;0.13387;0.37255;0.3459;1.0986;0.47886;0.14665;0.099962;0.17652;0.05076;0.031677;0.22739;0.090752;0.75469;0.21832;0.16834;0.43417;1.4603;0.27891;0.28815;0.84598;1.3043;0.96265;0.8349;0.77072;1.9396;0.88257;1.8783;0.33976;0.40362;0.87637;1.8233;1.5398;0.95768;0.7006;0.14514;2.2404;0.69223;1.8503;1.1321;1.1256;0.39028;0.66327;0.7124;0.34797;0.29278;0.31656;0.67568;0.27459;0.13899;1.9728;1.5702;1.7761;0.27004;0.17869;1.3037;0.013824
20;0.018571;0.3275;0.13248;0.07417;0.13976;0.67775;0.51765;0.67668;0.20132;0.059749;0.020508;0.37542;0.66315;0.071373;0.64581;0.83751;0.22177;0.1373;0.035264;0.089707;0.017824;0.42687;0.17084;0.42951;0.03631;0.16729;0.15227;0.72783;0.091155;0.007715;0.12369;0.058288;0.8154;0.62822;0.21483;0.017826;0.90645;0.64483;0.042001;0.24022;0.22368;0.88453;0.026119;0.17503;0.20778;0.17196;0.043227;0.289;1.0995;0.62448;3.8913;3.3897;0.73622;0.38935;0.53255;0.41398;0.21896;2.3895;0.39918;2.0077;0.29743;0.94827;0.33122;1.2455;1.181;1.4576;2.261;0.057492;1.0945;1.2676;0.055638;1.7414;0.52309;0.27189;0.38279;0.62913;0.78546;0.039259;3.5046;0.44393;3.5576;0.14416;1.741;0.42081;3.5505;0.69529;0.79321;6.2031;4.1011;0.9219;0.42581;1.737;0.48868;0.64219;1.9232;1.9869
21;0.32941;0.52301;0.023184;0.63884;1.0749;0.10682;0.14215;0.020865;0.18689;0.11613;0.031241;0.49275;0.41495;1.344;0.17371;0.63215;0.224;0.68411;0.95142;0.090046;0.18248;0.73213;0.050643;0.45962;0.1376;0.29627;0.20637;0.58693;0.14285;0.85787;0.58485;0.065701;0.37942;0.16775;0.14349;0.54301;0.07306;0.050183;0.39806;1.3819;0.0032924;0.17886;0.25559;0.026317;0.07122;0.57086;0.14872;0.079495;0.30144;2.5826;1.4714;0.10457;0.80015;1.5318;1.4295;1.3256;1.3714;0.90174;2.1418;1.4;0.8626;1.3376;2.8304;0.59106;5.745;0.76315;0.73833;0.29717;1.7986;2.1358;0.52532;1.5834;0.82234;1.2514;2.0712;0.8741;1.7339;0.32772;1.5191;0.43747;0.30056;0.71109;4.1873;0.014531;1.536;2.0363;0.36315;0.48365;0.20956;0.55763;0.14926;0.20742;0.044153;1.9248;0.69028;0.43242
22;0.015425;0.33432;0.022732;0.49491;0.018083;0.16936;0.0034561;0.08448;0.24292;0.49587;0.51642;0.11446;0.41736;0.11797;0.37428;0.11159;0.0078748;0.28472;0.31759;0.22234;1.0185;0.13811;0.19514;0.2541;0.029202;0.37264;0.79335;0.065176;0.06864;0.23188;0.0078468;0.094475;0.42558;1.6541;0.12905;0.019159;0.066649;0.23788;0.031423;0.32316;0.16782;0.1498;1.1291;0.04769;0.0020859;0.27514;0.12658;0.10897;0.92962;1.6682;0.034327;0.21416;0.94269;0.49689;0.86932;2.7974;1.6291;1.6234;1.8729;2.1384;0.063238;0.24861;0.60047;0.079158;3.341;2.1604;0.39956;1.6993;0.6673;0.47568;0.17299;0.71396;1.357;0.0088777;0.48022;1.1557;0.67345;0.17762;1.0212;0.0032101;0.50481;2.179;0.77241;0.23145;1.5123;0.66488;0.045393;0.78531;0.29573;0.51529;2.0601;2.3293;1.0721;0.55874;1.2956;0.21658
23;0.62048;0.39507;0.54723;0.0008823;1.4488;0.22411;0.69475;0.17869;0.34703;0.084439;0.63523;0.16204;1.2099;0.068789;0.1179;0.036766;0.34026;1.0511;0.34433;0.35696;0.090746;0.33362;1.0966;0.60599;1.0119;0.86477;0.031661;0.1655;0.40722;0.15664;0.74761;0.092354;0.41545;0.022889;0.66436;0.079703;0.092437;0.18668;0.4163;0.14885;0.51492;0.22927;0.31411;0.11162;0.56345;0.64241;0.14051;0.83631;1.1986;1.2305;0.42678;1.1564;0.28817;0.042489;0.54747;0.0748;2.4135;0.83565;1.1526;0.34847;0.84404;1.8471;1.7472;1.0772;0.65201;0.46115;1.3662;0.56462;0.22211;1.6087;0.70802;0.79333;1.1027;0.12918;0.77246;0.15716;0.3182;1.0894;1.0503;1.067;0.9766;0.25365;0.15094;2.032;0.58189;1.2268;3.6696;1.3815;1.1387;0.021061;0.039765;0.88661;1.6085;1.0853;1.332;0.31922
24;0.062547;0.35756;0.52817;0.61266;0.56275;0.062893;0.10897;0.31075;0.024668;0.070635;1.3162;0.14222;0.07667;0.91391;0.027422;0.40065;0.14119;0.52022;0.065453;0.39424;0.097465;0.37311;1.1529;0.1238;0.14262;0.75333;0.57737;0.069533;0.2498;0.10451;0.12157;0.32063;0.39833;0.62133;0.030585;0.26898;0.017705;0.13087;2.1195;0.3237;0.16816;0.44442;0.24937;0.14003;0.13858;0.10809;1.5499;0.17447;0.092596;0.32354;0.5552;0.82032;2.669;0.63605;0.81731;0.45024;0.31797;1.0337;1.0572;1.0248;1.1374;0.20916;0.96178;0.37852;0.33523;0.3985;0.39816;2.0633;0.29571;0.4929;0.30623;0.47694;1.4428;0.37636;0.67798;0.32719;0.77325;1.1426;1.2586;0.66943;1.5177;2.0183;0.83024;0.01171;3.1161;0.40996;4.3408;1.2675;0.45211;2.3473;0.52263;1.748;1.7814;0.076217;1.0317;1.6526
25;0.045063;0.40724;0.078017;0.52467;0.089736;0.999;1.2886;0.7146;0.93542;0.1204;1.855;0.17631;0.55243;0.25775;0.069782;0.30355;0.071393;0.14659;0.047112;0.7853;0.061708;0.55677;0.70122;0.33208;0.57991;0.64794;0.12198;0.2647;0.168;0.62145;0.92023;0.19424;1.1709;0.085526;0.14921;0.37125;0.067277;0.0049994;0.13416;0.10843;0.093958;0.17379;0.057715;0.62077;0.14265;0.29714;0.055657;0.88505;0.080523;1.7832;0.9128;5.6614;1.5243;0.22612;1.3521;0.18399;0.3146;1.8843;1.8318;0.75257;0.64308;1.4225;0.087662;0.70297;0.69416;1.4847;1.2804;5.7016;1.264;1.1889;0.70401;0.49409;1.7492;1.0689;2.2922;0.11602;0.13231;0.03396;0.00076895;1.3326;0.87314;0.85123;0.74293;1.0654;0.68044;0.75889;0.61768;0.66979;0.57378;0.96435;0.049248;1.0926;2.4495;0.47881;1.0519;1.8751
26;0.2147;0.26375;0.89749;0.27902;1.1363;0.18307;0.37783;0.31592;0.5921;0.3603;0.18096;0.22486;0.58778;0.21272;0.60613;0.010128;0.11866;0.031942;0.18619;0.98133;0.079687;0.21889;0.30886;0.053768;0.050601;0.20539;0.058401;0.44843;0.26461;0.90299;0.29472;1.1531;0.099017;0.1498;0.26711;0.27085;0.4719;0.0028321;0.92979;0.095445;0.27679;0.22956;0.04888;0.098222;0.19151;0.44235;0.9541;0.063179;0.41387;0.1794;0.46637;2.4803;0.027462;0.38137;0.55503;0.55243;1.2076;1.7666;2.1093;0.26445;1.0704;0.60797;0.47811;0.043684;1.2703;3.213;0.95453;3.1315;0.90859;1.7547;0.10094;0.20285;3.9775;0.2632;0.59024;0.53998;0.81103;2.3301;0.088971;0.86831;0.037853;0.20595;1.843;0.54668;0.13036;0.11319;1.1254;0.66822;0.64427;0.95598;1.1892;2.9702;0.76206;0.21941;0.51853;0.34067
27;0.57889;0.54812;0.062204;0.53762;0.71056;0.40525;0.16988;0.12307;0.55907;0.29141;0.11329;1.2416;0.068349;0.01724;0.08528;0.1831;0.49139;0.03455;0.13141;0.096809;0.4186;0.046633;0.51651;0.23889;0.76776;0.22064;0.56974;0.17293;0.42803;0.16804;0.31842;0.24624;0.27081;0.046369;0.26056;0.1792;0.52884;0.10901;0.14548;0.013812;0.12037;0.79014;0.49463;0.18975;0.10165;0.19332;0.29109;0.27339;0.080597;0.17928;1.2054;0.75939;0.60155;0.21057;0.21524;0.60993;1.9736;1.1654;0.2895;0.29445;3.0294;0.06412;0.58793;1.1748;0.66467;0.22928;1.9802;0.072618;0.67491;2.3954;1.4914;0.87476;0.019209;0.97673;0.022253;1.5885;0.73287;1.8667;0.79076;0.17586;0.23982;2.4289;1.4656;1.2523;0.328;0.025192;1.098;0.79624;0.065464;0.28962;0.12275;2.1874;1.9954;0.25517;1.2399;0.86121
28;0.40185;0.10343;0.16786;0.24953;0.14215;0.66611;0.41667;0.51223;0.65268;0.044286;0.079578;0.3821;0.088535;0.52584;0.0063217;0.63326;0.016578;0.23904;0.097384;0.34086;0.069947;0.011586;0.27273;0.41572;0.15334;0.21285;0.31821;0.19011;0.071772;0.35152;0.36625;0.9991;0.19374;0.17954;0.1742;0.14701;0.64069;0.58783;0.053584;1.5762;0.058044;0.21812;0.15236;0.29859;0.37991;0.8802;0.11901;0.12102;0.04659;0.12303;0.15958;0.052589;0.10669;0.51693;0.72888;0.29302;0.0031366;3.8426;0.46153;0.80416;0.89296;0.085493;0.77304;0.59968;3.7001;0.69637;0.3492;0.69873;0.023615;0.96961;0.91324;0.39629;0.70257;0.20011;0.13793;1.2868;0.1928;0.23978;1.0086;1.181;2.7797;0.25764;1.143;0.43872;1.4691;2.1095;0.18376;0.23288;0.16049;0.4915;0.13514;0.7293;1.0549;0.21407;1.7773;1.5068
29;0.14162;0.091659;0.12656;0.17197;0.4687;1.2778;0.46066;0.3378;0.083097;0.058572;0.74839;0.033193;0.044598;0.062709;1.1733;0.061041;0.62369;0.25503;0.59805;0.11087;0.72036;0.077462;0.54895;0.23076;0.039047;0.36507;0.017969;0.1538;0.027908;0.52236;0.16431;0.04241;0.087832;0.47611;0.046336;0.1888;0.013078;0.23011;0.012598;0.0099186;0.71349;0.063411;0.067922;0.26832;0.10263;0.32795;0.314;0.010202;0.10338;0.17243;1.2873;0.025282;0.0076782;0.2056;0.065657;0.50395;0.50095;2.2528;1.7757;1.3571;0.3791;0.021494;0.021611;2.7111;1.455;2.18;0.073982;1.114;0.74447;1.5108;0.37592;0.16517;1.3566;0.75065;1.3666;0.4225;0.74688;2.6959;1.0957;0.077591;0.038137;0.027921;0.60469;1.4033;2.1906;0.094558;0.365;0.84685;2.791;2.0128;0.15395;0.30156;0.49734;0.3386;2.1919;4.1263
30;0.48792;0.11253;0.73331;0.12807;0.026206;0.80889;0.86658;0.051564;0.35434;0.63094;0.57298;0.80913;0.38187;0.047748;0.29964;0.11317;0.082621;0.058174;0.20265;0.46075;0.35325;0.19125;0.2273;0.42485;0.71047;0.18289;1.073;0.44655;0.28689;1.275;0.2642;0.0040476;0.053835;0.70325;0.13395;0.33085;0.30605;0.96412;1.785;0.45351;0.55167;0.10138;0.14915;0.61352;0.95138;0.16641;0.048264;0.12173;0.056574;2.806;0.27669;1.4853;0.59744;4.7378;2.54;0.11855;1.255;0.90812;0.24011;0.17485;1.3174;0.65785;1.57E-05;0.18848;3.5686;1.6302;0.27644;0.17525;0.45375;0.24988;1.0512;3.9288;0.20292;0.87465;0.748;0.0030334;1.9338;1.0469;0.9135;4.2674;0.9059;2.178;0.76115;0.54306;1.0736;2.0855;0.064879;0.1318;0.8959;0.029267;0.3646;0.12452;0.71284;0.24203;0.14118;0.32948
31;0.12184;0.23514;0.60976;0.36793;0.54461;0.42934;0.86573;0.39736;0.44501;1.0771;0.18832;0.59441;0.22562;0.33776;0.039865;0.022692;0.7287;0.14928;0.27029;0.49864;0.10861;0.072037;1.3497;0.10635;0.25643;0.06155;0.1755;0.03959;1.0296;0.34325;0.14907;0.46823;0.79499;0.12221;0.16475;0.023993;0.98615;0.40708;0.043547;0.18186;0.82831;0.3244;0.32005;0.020719;0.10758;0.097602;1.3887;0.32411;1.7769;0.7775;2.1538;0.85126;0.20863;0.46565;3.0068;1.1663;1.2064;0.090723;0.25098;0.25361;1.115;0.012478;0.065466;1.4822;0.72347;1.7025;5.1128;0.92052;0.95017;0.75683;0.064688;0.53772;0.41702;0.76133;0.82546;2.0702;0.26218;0.51508;0.2767;0.17344;0.71231;1.4563;0.67962;5.9615;3.0461;1.4795;0.77108;0.051851;0.29744;0.39171;0.72894;0.6326;0.57976;0.64518;0.075973;1.0099
32;0.042177;0.43506;0.37923;0.41763;0.93169;0.058102;0.11011;0.09356;0.036513;0.51663;0.27779;0.093499;0.42015;0.27389;0.25749;1.2217;0.78116;0.2085;0.49153;0.52323;0.12007;0.011288;0.10206;0.0093697;0.083789;0.0047044;0.28386;0.43124;0.50638;0.98705;0.68255;0.29028;0.28736;0.2632;0.38453;0.11316;0.21483;0.23131;0.096293;0.13558;0.37482;0.75557;0.26727;0.31563;0.43511;0.20676;1.7171;0.36936;2.2065;0.010887;2.0643;0.0026497;1.5843;0.20411;1.8959;0.012632;0.62546;0.95679;1.4509;0.12301;0.27641;0.74704;1.9988;0.12756;0.85875;0.13471;0.97013;0.32246;1.514;1.1287;2.1263;1.3942;0.4181;2.0378;0.63607;0.54656;1.609;0.5043;1.1907;0.35383;0.096184;0.37124;0.14994;1.0378;0.25089;0.067992;0.012978;0.69275;0.29678;0.097949;0.84868;0.22803;0.6888;1.256;0.76529;1.0284
33;0.23731;0.66793;0.24431;0.1345;0.68181;1.9075;0.44005;0.073775;0.80131;0.12088;0.35648;0.19221;0.017664;0.62022;0.018155;0.092051;0.017442;0.13753;0.24506;0.30236;0.042521;0.1749;0.056167;0.17816;0.24774;0.026692;0.0021359;0.35487;1.0398;0.050837;0.14028;0.030622;0.02589;0.15113;0.36914;0.038614;0.69492;0.18073;0.65355;0.16886;0.3063;0.022384;0.066522;0.084345;0.26042;0.11117;0.0028033;0.13214;1.0237;0.57249;1.3831;2.5271;0.87467;0.012446;3.5587;0.59656;1.4914;0.20191;1.2307;0.73295;0.7785;0.99118;0.016389;0.76672;0.55603;0.28788;1.9955;1.3609;0.39475;1.6205;0.29392;0.11122;1.1537;0.30073;1.0979;0.64612;0.9316;0.35512;0.62975;2.437;2.4016;0.304;3.8873;0.78327;0.76004;1.6699;1.2023;0.72364;0.015863;0.96566;0.067429;1.12;2.438;2.4277;0.095752;1.3621
34;0.20139;0.054018;0.10307;0.082414;0.32905;0.93795;0.086164;0.76775;0.66025;1.2492;0.13571;0.49785;0.37257;0.11067;0.072394;0.24645;0.38523;1.0994;0.85162;0.059385;0.064711;0.93021;0.97634;0.41529;1.075;0.15379;0.023931;0.0011108;0.30303;0.1059;0.16163;0.59958;0.0054963;0.093889;0.62747;0.11324;0.10117;0.21305;0.20946;0.84202;0.11873;0.19624;0.04592;0.081659;0.11741;0.032357;0.062267;0.0073906;0.012911;0.5886;0.14813;2.5928;0.15439;0.31437;0.27119;0.95589;1.0841;1.523;0.09285;0.039153;0.59414;0.16324;1.0254;0.024022;1.0076;0.75839;0.39766;0.67375;0.056766;0.96767;0.27793;3.3069;0.083091;0.16431;1.465;0.28315;2.5986;0.48652;0.79931;0.17867;0.10381;1.1422;0.00016759;0.1837;0.10598;1.6144;1.5404;0.46409;1.5811;0.13247;1.5957;3.2898;0.8208;0.4221;0.82042;0.74581
35;0.060506;0.20329;0.12265;0.17644;0.16627;0.23637;0.13266;0.45261;0.43643;0.58193;0.021911;0.15298;0.23871;0.41053;0.15671;0.079812;0.0039453;0.52307;0.9283;0.75078;0.24486;0.5806;0.083107;0.6386;0.60672;0.019312;0.45902;0.078554;0.50503;0.046709;0.56759;0.077824;0.30506;0.45216;0.093641;0.03774;0.47963;0.097497;1.3537;0.40826;0.35742;0.22133;0.20174;0.33817;1.3162;0.091111;0.67796;0.64711;0.53474;1.232;0.65288;0.19172;2.2149;0.026813;0.46471;0.61716;0.48799;1.3237;0.80926;0.69016;1.6322;0.27705;0.37856;0.76846;1.1336;0.099505;0.23037;1.0983;0.35755;1.0661;1.2521;1.5181;0.38151;2.7846;0.014958;0.38685;0.28672;0.81065;1.981;0.14413;1.1759;0.81958;0.67505;1.0902;0.26127;0.58473;0.10242;0.48816;0.056657;1.2043;1.818;0.54331;1.1459;0.43349;0.37143;1.4941
36;0.17469;0.044804;1.3465;0.16548;0.065225;0.18385;0.22201;0.66967;0.26473;0.34873;1.6554;0.16052;0.073896;0.20954;0.019187;0.39584;0.76054;0.71607;0.57778;0.01995;0.1181;0.42774;0.020743;0.27993;1.3934;0.81016;0.47346;0.27616;0.36734;0.64237;0.012829;0.21209;0.13627;0.36095;0.35037;0.47311;0.28359;0.29783;0.11496;0.68261;0.33018;0.35572;0.021359;0.49382;0.5863;0.85241;0.32934;0.33863;2.7257;0.12933;0.21403;2.1621;0.17082;1.5757;0.37196;0.48465;0.057638;0.29892;1.9874;0.80604;0.86219;3.7857;0.78715;2.0681;0.24475;1.3385;1.5188;0.22781;0.43053;0.40301;1.6395;0.87498;0.056381;1.1889;0.087085;0.32129;3.0342;0.16361;1.027;0.18149;4.3495;0.37243;0.75202;0.87662;0.1032;0.39685;1.0393;0.43139;0.074673;1.5742;0.78024;0.058721;2.2029;0.2048;2.0924;0.028855
37;0.33496;0.4062;0.12628;0.63007;0.20577;0.13522;0.41846;0.20013;0.31682;0.196;0.29026;0.064615;0.63969;0.27957;0.23973;0.15029;0.018166;0.12182;0.47478;0.082692;0.029506;0.57596;0.026569;0.51984;0.062894;0.62403;0.44846;0.22943;0.21021;1.5317;0.69067;0.12191;0.10296;0.027632;0.18204;0.57543;0.45097;0.4982;0.14926;0.11631;0.40386;0.4438;0.10208;0.32551;0.15242;0.59625;0.080591;0.39438;0.30541;0.15926;0.10468;1.1448;0.12347;0.025575;0.20065;1.1196;0.012217;0.14815;0.17797;0.76482;0.59404;0.08688;3.608;2.1568;3.0136;1.4841;1.2213;0.66308;0.59709;1.7148;0.4635;1.6104;1.7825;0.96298;0.00076503;1.1009;0.85903;0.7083;1.9511;0.053958;0.64206;2.8984;0.14694;0.39743;0.68859;0.76149;0.39962;1.5735;3.405;1.0479;0.57115;1.8665;0.51182;0.65742;1.3505;3.5288
38;0.34249;0.17096;0.098554;0.11708;0.29159;0.29718;0.0010815;0.349;0.16307;0.49805;0.16675;0.59738;0.038801;0.07952;0.20954;0.067736;0.44524;0.074571;0.27431;0.056338;0.0073857;0.079567;0.29793;0.65717;0.39662;0.04797;0.23765;0.059072;0.11268;0.20165;0.18874;0.20818;0.0065125;0.13867;0.28944;0.41582;0.2764;1.0615;0.13391;0.077692;0.26428;0.15293;0.43072;0.67779;0.25523;2.1213;0.12704;0.15026;1.6503;2.0601;0.82019;0.85285;0.22172;1.9916;0.14657;2.0312;0.26861;0.4792;3.8993;0.23988;1.9383;1.5616;4.9141;1.3432;0.8233;0.15494;0.96738;2.8326;0.62465;0.37573;1.4193;1.1544;0.03371;1.5506;1.2489;1.1488;0.68417;0.78223;0.7997;0.54962;2.4674;2.2157;0.58885;0.58257;1.4878;1.7048;3.3799;2.0834;2.0709;1.6497;0.32282;0.045579;2.101;1.1325;0.43896;2.5594
39;0.03861;0.36433;0.27926;0.0043626;1.0826;0.30306;0.1633;0.02406;0.028582;0.031191;0.26626;1.2572;0.81732;0.31473;0.046064;0.82306;1.0691;0.58272;0.25188;0.38109;0.15748;0.86035;0.043062;0.082285;0.48927;0.29655;0.059988;0.13224;0.49697;0.098255;0.86332;0.31298;0.2524;0.17025;0.41599;0.065736;0.069875;0.064635;0.12901;0.56636;0.69053;0.45102;0.35621;0.1858;0.61752;0.30632;0.26274;0.40792;1.7496;3.2833;1.6659;0.54997;0.91357;1.6171;1.3583;0.95564;0.34414;1.9456;2.0231;0.97414;0.43831;0.36511;1.4888;2.1796;0.86223;0.98766;1.9756;1.1601;0.62605;3.8584;0.15983;1.2609;0.02039;2.2961;0.075116;2.1716;1.7287;0.036349;0.097752;0.8658;2.0795;0.62145;1.2978;2.482;1.3996;2.1606;0.81041;0.69011;1.0021;0.37381;1.2124;0.094105;1.3672;1.6587;0.89039;0.091791
40;0.76413;0.39927;0.017802;0.075769;0.071224;1.1168;0.81599;0.26337;0.40386;0.21819;0.28679;0.81164;0.31184;0.21428;0.30405;0.19922;0.29855;0.24684;0.58229;0.41197;0.37952;0.34834;0.0073147;0.4993;0.079833;0.66509;0.39763;1.0684;0.10331;0.3293;0.18982;0.2723;0.85072;0.64142;0.20186;0.61505;0.00050877;0.62879;0.53987;0.25962;0.082638;0.18121;1.235;0.056125;0.47485;0.41428;0.19908;0.099405;0.86073;1.5137;0.0333;0.67193;0.41498;1.7482;0.33621;0.53739;0.096649;0.014003;0.037397;0.12472;2.0254;0.77375;0.47933;0.87161;1.2158;0.86964;1.2377;3.0021;1.4652;0.010825;2.3409;0.040451;0.87253;0.03209;4.8857;1.2077;0.95487;0.31763;0.60192;3.8122;1.6936;0.087208;2.6663;0.45947;0.34947;4.6175;0.07131;0.28919;0.33625;1.0173;0.011849;1.3232;0.75721;0.22936;1.9525;0.19485
41;0.038519;0.2769;0.68998;0.59585;0.33589;0.15849;0.45935;0.74602;0.050636;0.23097;0.069974;0.19431;0.22857;0.90109;0.81226;0.17492;0.12255;0.47783;0.22376;0.26538;0.22628;0.028862;0.17888;0.031637;0.16694;0.48401;0.1282;0.57683;0.34265;0.6726;0.20658;1.0413;0.027723;0.02551;0.33149;0.40718;0.0014361;0.037477;0.23842;0.095496;0.51889;0.20732;0.82707;0.83648;0.070902;0.081952;0.07356;0.0099393;2.1872;1.4053;0.32988;1.1043;1.6344;0.17914;0.41691;1.6559;0.97623;3.4834;0.92865;0.23299;0.77279;0.36694;0.43701;0.8834;2.1678;0.39924;0.74185;0.22753;1.6272;1.0077;0.98657;0.49137;0.034619;0.18229;0.68054;0.19922;0.94777;0.70461;0.31699;2.1341;0.98884;1.9569;0.28022;2.7487;1.4118;0.049829;0.13678;0.63654;0.56938;0.023263;4.6416;0.19581;0.063523;0.3802;0.22749;2.2321
42;0.6139;0.12387;0.94218;0.00082482;0.25064;0.13707;0.31549;0.60494;0.18109;0.19581;0.037913;0.15862;0.31997;0.61409;0.16012;0.43003;0.5318;0.074282;0.12208;0.52703;0.10305;0.52706;0.15334;0.34295;0.74589;0.86581;0.31487;0.073986;0.12369;0.66412;0.24605;0.47898;0.35981;0.58114;0.023497;0.35743;0.17825;0.043934;0.42657;0.77725;0.16294;0.29871;0.43424;0.11269;0.025533;0.020972;0.22265;0.47416;1.3568;0.85746;0.81391;2.2708;0.53616;0.86979;1.1122;1.6596;1.0205;2.313;0.42952;0.49478;0.29538;2.6048;0.5238;3.809;3.1091;4.0916;1.4229;1.6356;1.3026;1.1912;0.40087;0.029582;0.36903;0.27139;0.93471;1.1708;2.1375;0.19386;0.87153;3.2317;3.4346;0.24608;0.21391;0.38456;0.32887;1.3784;0.15792;0.13201;0.29072;1.8319;0.45114;0.50173;1.7429;1.5059;1.9944;2.7664
43;0.15996;0.45808;0.91178;0.33535;0.57529;0.052779;0.20477;0.34682;0.25963;0.12219;0.027053;0.49491;0.0072217;0.091874;0.44604;0.1327;0.4093;0.12631;1.435;0.086804;0.072635;0.64996;0.53482;0.90064;0.04334;0.27737;0.3505;0.10995;0.34399;0.19233;0.19092;0.25844;0.021573;0.28235;0.052581;0.68025;0.78484;0.51857;1.9763;0.052377;1.1038;0.062393;0.64388;0.8857;0.1218;0.14774;0.033644;0.19644;1.1383;1.5982;0.29612;0.74365;1.1122;4.8855;0.9089;0.24764;1.4294;1.5079;0.84579;0.08205;1.3362;1.6134;0.18511;1.1503;1.8398;1.3493;0.0046475;1.5724;0.19286;1.0505;0.37593;0.63725;0.78781;0.59552;0.37393;0.00043654;1.1636;0.092618;0.26743;0.49776;2.2683;2.2206;0.22215;1.3891;1.9303;0.26748;1.2128;1.8322;0.089345;0.31912;0.835;0.35506;1.397;1.5611;0.7232;0.066478
44;0.2765;0.18338;0.15048;0.3204;0.37143;0.83151;0.77444;1.0256;1.3403;0.69329;0.051796;0.015523;0.36889;0.0080391;0.76845;0.1151;0.23897;0.2062;0.18251;0.070991;0.38806;0.4445;0.46309;0.52188;0.32138;0.055413;1.3572;0.15464;0.11837;0.50672;0.052105;0.20147;0.19177;0.098301;0.32065;0.4006;0.10664;0.00047392;0.064082;0.026939;0.037857;0.36233;0.59947;0.30421;0.18832;0.15334;0.36832;0.057217;2.0046;2.2205;0.85382;2.9566;2.7825;0.8433;0.075364;0.33868;0.70746;1.6662;0.61814;0.74004;0.37076;0.27449;0.14319;0.12116;0.23017;2.8601;0.83445;1.1797;0.06683;2.4921;1.8909;1.0084;1.8588;0.14151;1.2987;0.27954;3.2909;0.16688;0.10145;0.41237;1.0413;0.65121;1.6962;0.92645;0.26072;0.3893;0.36912;0.43545;0.21889;4.1904;0.2989;0.027455;1.0033;0.77349;0.68415;0.49584
45;0.34939;0.0015157;0.71759;0.0082325;0.19155;0.47084;0.047616;0.24557;0.0054854;1.687;0.46015;0.50569;0.12953;0.65019;0.01097;0.50908;0.10367;0.17486;0.60583;0.031024;0.24532;0.01269;0.39373;0.27872;0.33159;0.15395;0.42157;0.030422;0.11096;0.77966;0.13833;0.36449;0.16351;0.17147;0.27457;0.22725;0.11951;0.6432;0.21853;0.35274;0.25371;0.3116;0.45433;0.33126;0.15858;0.86657;0.78019;0.044463;2.0333;0.24662;0.16034;4.2292;1.2054;0.10761;0.055862;0.44282;0.471;0.86182;1.3569;1.34;0.1692;2.0282;1.1489;1.9099;0.66967;0.15687;2.5698;1.0802;3.2852;1.2607;0.63812;1.9358;0.22761;0.76407;0.25727;2.1571;0.12252;1.2222;0.016136;1.1939;1.4872;0.18907;0.52865;1.9779;0.40355;5.2184;0.079722;0.52977;0.98721;0.30899;0.15294;1.6729;1.4749;0.31917;0.1271;1.0092
46;0.069984;0.48086;0.5619;0.035917;0.068323;0.038956;0.055584;0.029221;0.19844;0.026054;0.075681;0.17944;0.27182;0.17899;0.15385;0.066815;0.14985;0.1747;0.15731;0.20435;0.10831;0.15743;0.63864;0.023887;0.086885;1.152;0.20545;0.052149;0.19712;0.26797;0.1108;0.70309;0.21703;0.23559;0.071083;0.073924;0.10932;0.15918;0.005061;1.1804;0.47068;0.087654;0.91381;0.092818;0.13486;0.20824;0.2165;0.10808;0.6293;0.012246;0.40333;1.2357;2.8692;1.0908;3.1629;6.5457;0.11778;0.66382;0.11544;0.10348;0.23678;0.28215;4.0382;0.76153;0.20313;0.74325;0.44461;1.9357;0.47861;0.048873;0.93546;0.15176;1.7648;2.5036;0.15805;1.2381;0.61807;1.2739;0.6119;1.2581;1.8351;0.13425;0.016833;0.18951;0.93531;0.2307;3.393;4.4298;2.346;1.6109;0.19131;0.60259;1.8129;1.7865;0.84316;2.673
47;0.20946;0.27744;0.09797;0.13471;0.021046;0.10825;0.091428;0.20393;0.15933;0.036631;0.0083012;0.29081;0.35518;0.2913;0.3158;0.18957;0.89128;0.193;0.064691;0.69663;0.50737;0.57086;0.27051;0.24099;0.89196;0.94498;0.084528;0.011324;0.061973;0.15002;0.22497;0.29826;0.73155;0.067526;0.53711;0.15514;0.15637;0.27116;0.45142;0.13906;0.92022;0.42634;0.19015;0.44018;0.58293;0.14246;0.68986;0.19555;0.55751;0.080456;0.37189;0.26948;0.15716;0.34798;1.3144;1.1189;0.13636;1.0607;1.0335;0.10567;0.81709;1.5569;0.48606;2.3527;0.22723;1.756;0.89698;0.60759;0.017832;0.47803;0.13086;1.6043;0.63155;0.50404;0.37058;1.2788;1.5141;0.82837;0.49037;0.73486;1.2542;0.33423;0.15644;1.0707;1.7931;0.22141;1.2943;1.7914;1.6183;4.2377;1.2011;0.77334;1.2274;0.44449;0.51843;0.43606
48;0.10494;0.78697;1.7152;0.12191;0.58796;0.35985;0.48847;0.24813;0.2501;0.51931;0.38421;0.66975;0.19989;0.69142;0.21847;0.10301;0.22013;0.18096;0.018521;0.031484;0.030647;0.16031;0.07369;0.33461;0.14789;0.26567;0.21853;0.40351;0.5451;0.02947;0.029747;0.22651;0.0041183;0.46232;0.60866;0.055576;0.60868;0.056208;0.065382;0.11798;0.52299;1.2994;0.34818;0.15724;0.50491;0.379;0.35193;0.027317;0.76942;0.79874;2.2334;0.39334;0.55956;1.5207;0.13568;0.13763;0.44935;0.75333;0.22966;0.95006;0.0078569;0.86004;0.7984;1.2723;0.677;0.91484;0.16667;0.42242;1.4316;1.0924;0.26976;0.2124;0.023217;0.41388;0.14627;2.1694;0.091153;0.44672;0.26762;1.5392;1.3402;0.36686;0.052849;0.7732;0.46244;3.9196;0.036724;2.7964;1.4883;0.24153;0.40749;1.604;0.16115;1.4039;0.55781;0.071586
49;0.010682;0.71363;0.61282;0.64339;0.10772;0.21458;0.22201;0.48063;0.34132;0.018096;0.68761;0.51789;0.38411;0.48348;0.15495;0.11801;0.022716;0.14731;0.014125;0.16814;0.91584;0.22148;0.5402;0.11414;0.018973;0.041932;0.25331;0.25252;0.10827;0.2747;0.11697;0.41851;0.0012995;0.069718;0.02597;0.36686;0.15772;0.14564;0.42039;0.045493;0.087357;0.10528;0.602;0.82962;0.24086;0.49587;0.40464;0.47226;0.096865;0.43466;0.0065006;0.22073;0.19805;0.021004;4.5644;0.15766;0.75946;0.25079;0.67688;0.041461;0.37888;1.2658;0.95359;0.078091;0.32699;2.4916;0.74138;0.10237;0.62351;1.597;1.0877;1.2921;0.33956;0.64091;0.89746;0.40052;1.5258;0.59151;0.32516;0.46334;0.35662;3.2762;0.17898;0.75856;1.1826;3.9703;0.37232;0.29498;0.20392;0.089501;1.8616;0.46792;0.42421;0.92956;0.026285;0.68449
50;0.3405;0.57539;0.043651;0.10938;0.042946;0.074206;0.10469;0.18967;0.29889;0.022628;0.017053;0.39519;0.54913;1.2435;0.23785;0.51472;0.12247;0.17052;0.56258;0.0032848;0.89275;0.081899;0.32007;0.15763;0.23223;0.29245;0.31061;0.10647;0.7475;0.3018;0.34344;0.25433;0.3561;0.50785;0.086403;0.28431;0.20882;0.16119;0.12788;0.12101;0.88812;0.1775;0.036787;0.66767;0.32839;1.1984;0.078346;0.6675;1.3275;1.1927;0.36508;2.4168;0.08256;1.0053;1.5094;1.5517;2.7199;0.29109;1.2728;0.21917;0.74253;1.4263;2.5404;0.66902;0.93538;1.7051;1.2387;0.59993;0.1747;0.50639;0.24112;1.9749;1.2114;0.2138;1.5368;1.1157;0.1754;1.0398;0.67829;1.186;0.51497;0.10696;4.3323;0.018787;1.0632;1.3365;0.17885;0.65952;1.5618;0.94643;0.92073;0.033758;1.3977;0.090488;4.1969;0.26327
normalized population
1;0.13587;3.9103;0.019181;0.25593;-0.80568;-0.49289;-0.92958;-0.79073;-0.13245;-0.75377;0.376;-0.69592;0.44761;-1.0786;-0.72748;2.6563;-1.0402;-0.51449;-0.83792;-0.95689;-0.011411;-1.0386;0.3072;1.1127;-1.0189;-0.60052;0.70693;-0.12783;-0.52311;-0.75949;-0.013986;0.6552;-0.28564;2.8088;0.41629;-1.1705;0.15481;-0.80344;-0.45567;1.3704;-0.94927;-0.82364;-0.40627;-0.207;-0.54746;0.10309;-0.39168;0.67413;-1.0304;-0.014575;1.749;-0.83194;2.1741;-0.25962;0.6942;-0.54722;3.1049;-0.80361;-0.55931;1.7116;0.11387;-0.81091;0.15462;-0.98299;0.35552;-1.0317;0.074513;-0.21304;-0.98999;-0.74919;2.5972;-0.51719;1.8483;1.8717;0.78794;0.30828;-0.67164;-0.44654;0.39158;-0.3065;1.754;-0.59252;-0.56921;-0.42663;-0.88987;-0.36745;0.64512;-0.7502;-0.74969;0.73932;-0.75662;-0.59241;-0.59376;3.8851;-0.38639;-0.91506
2;0.064042;-1.2297;-0.4403;1.0932;-0.017055;-0.24524;-0.8782;0.03402;-0.76008;0.31287;-0.024211;-0.86899;0.97772;0.21119;-0.61074;1.3975;0.73681;0.15488;0.084515;0.025173;-0.33263;3.2582;1.999;-0.7838;-0.24952;0.20021;-0.8212;0.37436;-0.24732;-0.61893;0.62902;-0.43012;-0.35129;0.27524;-0.86639;0.84;-0.90652;-0.95984;-0.55385;-0.43121;-1.0189;-0.81098;0.05243;-1.0464;0.22838;-0.78029;1.5754;5.0935;-0.46041;-0.11949;0.11262;1.7824;3.1345;0.35398;0.025775;0.79622;-0.887;-0.61129;-0.94599;1.883;1.4756;-0.64088;-0.50499;-1.0307;-0.49967;-0.85972;1.2862;0.053467;2.613;0.80875;0.18187;-1.1485;-0.88348;3.4213;-0.71473;1.4948;4.0118;-0.86234;3.3554;-0.56159;-1.039;0.83162;-0.35834;-0.58166;-0.52384;-0.079057;-0.81091;-0.83622;-0.30777;0.01437;0.03573;-0.99487;2.31;3.8089;-0.73669;-0.70547
3;-0.26621;-0.65801;-0.9736;-1.1616;-0.57654;-0.3407;3.5101;0.70853;-0.44858;0.65125;-0.26112;-0.47081;-0.63878;-0.91958;-0.27377;-0.55522;-1.0622;0.82223;0.16634;-0.58771;-0.75058;-0.82582;-0.083231;-0.40807;0.16285;-0.66699;1.1943;0.0047361;1.699;1.6489;-0.035999;-0.40445;-1.0055;0.99664;0.25484;1.5018;-0.49962;-0.41551;-0.31483;-0.78727;-0.81604;-0.50382;-1.0114;-0.69414;-0.089225;0.26349;0.35198;0.4692;-0.4669;-0.38213;-0.81322;-0.81862;0.19371;-0.10018;0.018458;-0.35518;1.3953;-0.43945;-0.83116;1.522;-0.62905;2.1902;-0.69258;-0.87586;-0.89579;-1.0455;-0.96651;-0.91158;-1.0403;-1.1766;0.26493;-0.69718;-0.42287;-0.33601;0.11041;3.5858;-0.0064835;1.1824;-0.58985;-0.67867;0.8113;-0.6491;0.32953;0.56581;-0.95385;-0.63812;-0.024785;-0.28183;-0.5822;-0.93111;0.96624;-0.13781;-1.0677;-0.81726;-0.17285;-0.86229
4;-0.65714;0.96081;0.73327;-0.8472;1.3724;-0.76667;0.41549;-0.67817;-0.68099;-0.72431;0.013363;-0.75027;2.436;-0.57533;0.054176;0.87407;-0.17991;0.77559;-0.92576;-0.86887;-0.7017;-0.66411;0.22247;0.35272;0.45091;0.76536;-0.32149;2.2057;0.62666;-0.83637;4.3224;1.4449;-0.96791;-0.82305;-0.49765;-0.082231;-0.94698;-0.93266;-0.094756;-0.75039;-1.0919;0.89081;-1.0293;-1.0836;-0.89743;-0.1392;-0.75791;-0.055613;0.38188;-0.71895;1.4845;-0.42065;-0.64704;-0.00071733;-0.49851;-0.39703;1.9852;-1.0967;-0.88873;-0.15973;-0.30078;-0.72045;-0.32265;1.6404;-0.89852;1.4;0.33989;-0.6893;-0.95156;-1.1862;-0.93229;-0.91638;0.12946;-0.21753;1.0411;-0.71222;-0.33553;-0.77027;4.6541;-0.13615;-1.0434;1.0934;-0.72852;0.39751;-0.60987;0.53172;-0.81604;-0.14023;-0.707;-0.75443;-0.71186;1.1048;-0.91811;-0.5472;-0.086874;-0.83791
5;-0.71685;-1.0839;1.3606;-0.37245;-0.46328;-0.64955;0.12534;-0.36278;0.031437;-0.3848;-0.48752;-0.41121;-1.0794;-1.1173;-0.37978;-0.46103;-0.48658;-0.14821;0.037336;0.076172;-0.27367;0.2446;-0.99149;0.57062;-0.56859;-0.83239;-0.31832;-0.29148;-0.69662;0.72967;-0.50548;-1.0196;-0.65959;-0.24342;1.1449;1.7562;-0.27361;0.64899;-0.44613;-0.062333;-0.92856;-0.79807;-0.1789;-0.23249;-0.8974;0.42871;0.74829;-0.67065;4.0331;-0.652;0.11197;-0.99011;0.18287;1.564;-0.66394;-0.77701;0.19912;-0.47716;-0.29395;-0.98725;0.18941;0.18869;-0.84904;0.86735;-0.94811;-0.79507;-0.84575;-0.59741;2.3546;-1.1828;0.69364;-1.0583;-0.74062;-0.15871;0.42306;0.36475;-0.95596;3.6785;-0.6894;-0.2967;-0.82871;-0.12635;-0.76659;0.35061;-0.8076;-0.95174;-0.40242;-0.84598;2.3908;-0.66962;0.6328;-0.77394;-0.12446;-0.65712;-0.27796;-0.67683
6;0.30619;-1.0575;-0.63402;1.1525;-0.83739;-0.2421;1.6301;-0.59183;-1.0374;-0.82079;-0.64926;-0.84371;1.1923;-0.59985;-0.41705;-0.91173;-0.55177;0.39516;-0.9388;0.22162;4.8317;0.78226;-0.5743;-1.3004;-1.0756;-0.86244;-0.67211;-0.23841;-0.56358;-0.86032;0.29658;-0.19408;0.15938;-0.62688;0.87675;-0.54734;-0.59111;0.84818;0.13583;-0.40914;-1.0069;1.3554;-0.49818;0.84126;0.85405;-0.8496;-0.49626;-0.7956;-0.75817;-1.0222;0.7849;-0.2753;0.39809;-0.37556;-0.72533;-0.40922;0.92662;-0.66007;-0.81196;0.003055;-1.122;-1.086;0.066462;-0.26843;-0.8242;-1.0565;-0.58629;0.82404;-0.40713;-1.078;4.3213;0.12604;-0.87838;-0.18469;-0.61536;-1.0892;0.082127;-0.85135;0.43067;-0.96799;0.0019664;-0.87618;-0.59439;-0.74517;1.4276;0.25194;1.1094;-0.83492;0.31459;-0.5677;1.8331;-0.46894;-0.77011;-0.61721;-0.62825;-0.41385
7;0.43009;-1.0681;-0.83097;-0.28115;0.40094;-0.28698;-0.087093;0.63862;1.0834;-0.45314;-0.26467;-0.46276;-1.1454;-0.049925;-0.60419;2.3298;-0.77328;1.1463;-0.63912;-0.93369;-0.18751;-0.14453;0.26516;0.30651;1.1506;-0.90441;-0.89613;1.2729;-0.89234;-0.52082;-0.60725;-0.48322;1.4978;-0.91592;-0.70693;0.037038;0.44753;2.016;-0.26863;-0.2817;-0.42588;-0.61964;-0.29886;1.4317;0.63184;0.68052;0.14524;-0.047316;1.1364;0.36048;0.78621;-0.75143;-0.11541;-0.8349;-0.13984;0.16519;-0.58492;-0.29162;-0.10844;0.65734;-1.0967;-0.83455;-1.0128;-0.63817;1.131;-0.10429;-0.77697;1.8256;1.5141;0.55126;0.79449;0.3752;3.9832;0.16487;0.020117;-0.59864;-0.92502;-0.80373;-0.25359;-0.4506;-1.0841;-0.50971;-0.031421;0.12574;-0.17296;0.84048;-0.47622;-0.27168;-0.74012;-0.14101;1.5266;-0.077498;0.5738;0.45382;3.127;-0.78443
8;-0.12933;1.4922;-0.058075;-0.25352;-0.7043;1.4498;0.061973;-1.0308;-0.1691;-0.1293;-0.5301;-0.73829;-0.0051563;-0.27625;0.030988;0.99139;-0.2075;-1.0828;-0.0024108;3.0527;2.1626;0.99678;0.43189;-1.1587;-0.85711;-0.26152;-0.4344;1.0059;-0.26084;-0.94125;-0.16634;-1.1065;-0.91726;-0.30686;0.13429;-0.80244;-0.67318;0.88981;-0.33226;-0.70736;-0.73399;-0.94284;-0.054244;-0.84619;3.4273;3.0354;-0.51544;-0.00065988;1.8277;-0.91152;-0.99277;0.30541;1.0432;2.4224;-0.77085;0.29557;0.38054;-1.1116;-0.62977;0.25628;-0.87377;-0.23414;0.67143;-0.75425;-0.41523;-0.53908;-0.74231;0.49643;-1.0626;-1.0619;-0.95773;-0.21257;1.0849;-0.016635;-0.18303;-0.8781;-0.80982;-0.005651;-0.59094;-0.14602;1.6606;0.22567;-0.45374;1.7121;-0.03874;-0.94112;2.5241;-0.3762;-0.82084;-0.49499;0.63114;-0.26146;-0.94948;-0.706;1.461;-0.15347
9;-0.56978;-0.10252;-0.32189;-1.1318;1.4086;0.43201;1.0598;-0.40929;-0.94828;-0.36759;0.012081;1.8774;-1.0948;-0.35702;-0.28834;-0.79354;0.1258;0.17608;-0.98466;0.65097;-0.6258;-0.96964;1.046;-1.094;0.040786;2.2479;-0.91326;-0.75333;-1.0788;-0.23326;0.75551;0.55084;-0.38254;-0.67429;0.67394;0.17134;2.9992;-0.054587;0.54707;2.0207;2.6321;0.3046;-0.71791;2.5429;-0.90039;-0.91184;-0.59173;-0.81857;-0.80077;0.64511;-0.88022;-0.46513;1.5027;0.023814;-0.30711;4.7031;-1.1452;-0.80709;-0.19908;0.68644;1.2359;0.30765;0.11958;-0.69492;-0.12657;-0.10507;-0.89514;0.4045;-0.59168;1.9611;-0.68602;0.57;-0.40874;1.0724;-0.63096;-1.0024;-0.45123;-0.2623;-0.44357;-0.079437;-0.4177;-0.92785;-0.72718;-0.95154;-0.24943;-0.26782;0.24624;-0.53668;-0.85127;0.65622;-0.30494;-0.75963;0.42987;-0.12213;-1.0419;2.4537
10;0.20997;-0.6864;-0.62689;-1.0942;-0.88231;-0.71836;-0.78087;-1.0249;-1.0487;0.21508;-0.26114;-0.96811;-0.80188;0.6731;-0.68174;-0.58471;0.38352;0.17391;2.273;-0.64605;-0.14832;-0.81314;-0.70302;-0.84463;-1.0768;0.42525;-0.26521;0.5387;0.93198;-0.8233;-0.61093;1.4285;0.66836;-0.65129;-1.0764;1.1074;0.62646;-0.19052;-0.60232;-0.81314;-1.0438;2.8233;4.371;-1.1137;2.7154;-0.83925;3.148;-0.33788;-0.39907;0.61243;-0.48529;-0.44638;0.70776;-0.84585;-0.69071;1.3194;1.7514;-0.1818;3.5209;-0.0090154;1.5179;-0.0275;2.3565;-0.33639;0.67757;0.10387;-0.68152;-0.76242;-0.3791;-1.2026;-0.84308;0.53717;-0.8077;1.4572;-0.94874;1.1872;2.4166;1.927;-0.68726;0.0035627;-0.52986;1.5092;-0.78777;1.0123;-0.17629;-0.77571;0.0072436;-0.0103;-0.0072881;-0.30663;-0.11476;-0.93354;0.22642;-0.28243;-1.0679;-0.97367
11;-0.30193;-0.51977;-0.17267;0.88146;-0.20059;0.38805;-0.62927;-0.81785;-0.81918;-0.84052;-0.43502;0.55349;-1.0233;-0.99857;-0.53207;-0.64015;0.2937;0.50195;3.0771;-1.0106;0.21712;-0.13278;-0.57568;0.79435;-0.33114;-1.022;1.5859;0.23696;-0.2702;-0.37429;-0.51114;0.36746;-0.77612;-0.090315;0.63518;3.107;-1.0285;2.6478;-0.63033;0.43373;-0.43267;-0.64089;0.58584;0.19062;-0.7579;-0.93654;-0.43292;-0.0039368;0.41565;0.43602;-0.45336;-0.64277;-0.35896;-0.28863;-0.26856;-0.53755;0.072427;0.14371;-0.57438;-0.88304;-0.90172;-0.48146;1.4153;-0.95187;-1.0007;-0.66071;-0.61735;-0.56711;-0.34731;0.32403;0.018182;-0.90977;-0.014609;2.0126;-0.3356;-0.31243;-0.62089;-0.73247;-0.4237;0.23707;-0.40743;-0.23653;-0.64482;-0.62778;-0.64621;0.63673;-0.7724;-0.33882;0.062142;0.83476;-0.8805;1.7703;-0.93996;-0.78173;-1.0197;-0.7924
12;-0.29042;1.1012;-0.2134;-0.023765;-0.18831;0.090775;-0.86425;-0.48594;2.0457;0.17263;-0.44351;-0.97157;-1.0207;-1.1168;0.27798;0.28914;-0.27763;-0.31963;-0.50099;-1.0973;-0.68271;3.3945;-0.15065;0.90296;-0.10702;-0.50602;0.39554;0.22277;1.1118;0.05339;-0.48124;-1.0011;-0.9836;1.2955;1.6383;-0.86807;1.174;-0.064444;-0.38466;-0.65352;-0.46587;0.14229;0.95488;1.1845;-0.62528;-0.87072;-0.018636;-0.49295;-0.66865;2.4887;-0.063274;2.1888;-0.41422;-0.072355;-0.75902;1.2209;-0.99588;-0.43362;-1.0035;1.9471;4.0293;-0.19996;0.89481;-1.148;-1.0238;1.6718;3.8711;-0.49752;-0.2167;-1.1107;-0.67833;1.7404;0.13052;-0.63061;-0.89623;-0.7192;0.95302;0.027751;-0.27667;-0.20387;-0.053444;-0.78606;-0.70322;-0.65447;0.10185;0.56407;-0.40928;-0.3146;-0.88625;-0.96116;-0.73522;0.32984;-0.89628;-0.33165;-0.13756;1.8405
13;0.0095585;-0.9234;-0.93253;2.0282;-0.53315;-0.77618;-0.43101;0.56195;0.79967;-0.60401;-0.32647;-0.93431;-0.14871;0.72711;-0.87018;-0.54565;0.37986;-0.39644;0.085433;1.109;-0.051896;0.19977;0.1303;0.0090904;-0.31579;-0.87342;-0.4567;2.9253;1.6569;-0.62577;0.67347;-0.026577;3.0147;0.45064;-0.74563;-0.5419;-0.31337;-1.0069;-0.55669;-0.62267;1.6031;3.757;0.72148;-0.026271;0.66487;0.1439;-0.65182;0.042013;-0.66439;-0.72047;0.10266;0.12771;-0.427;-0.035365;-0.70265;-0.13383;-1.1334;1.5832;1.1862;-0.74358;0.039862;1.1952;-0.62199;0.058067;0.7541;0.15468;-0.23886;-0.52215;0.59887;-0.65678;-0.86094;-0.50538;-0.46324;-0.74444;0.11149;-0.92288;0.97033;-0.33081;-0.76331;-0.96951;-0.58957;3.2583;2.4408;-0.0020226;0.31104;-0.98264;-0.33393;1.6362;0.62728;1.7346;-0.36919;0.93725;-0.76156;-0.43099;0.42656;0.11714
14;-0.75625;-0.2791;-0.89495;0.26512;0.80341;0.8498;-0.482;-1.0194;2.2795;0.26393;-0.67741;-0.68196;-0.61092;0.9148;-0.15776;-0.93125;-0.91698;-0.86902;0.17449;1.204;0.093941;-0.67725;-0.93645;-1.2508;1.4089;-0.80112;-0.40298;-0.8705;0.60242;-1.0707;-0.10479;-0.56275;0.7567;-0.065606;-1.3436;-1.1439;0.034446;-0.97566;-0.33189;-0.61189;-0.48411;-0.057353;0.25887;-0.50592;-0.16894;-0.69556;-0.64856;-0.61357;0.052002;-0.58107;-0.39012;-0.663;-0.71742;-0.3668;-0.75569;-0.57182;0.47328;0.892;0.45584;-1.0687;-0.69581;0.83491;-0.40747;-0.25297;-0.76931;0.12847;-0.26713;-0.9246;-0.8981;-0.017254;-0.50804;-1.169;0.67684;1.1802;0.91411;0.11577;-0.81482;0.23735;1.1916;0.1935;-0.45503;-0.26914;-0.10719;-0.57256;0.71272;-0.88861;-0.12892;-0.71462;0.54306;-0.99144;3.3634;-0.95382;2.4277;-0.84163;1.9301;1.4684
15;3.2974;1.5279;0.3502;-0.22987;0.33726;-0.9439;-1.0224;3.649;-1.0677;1.0683;-0.65107;2.2906;-0.54403;0.43252;-0.67388;-0.44292;0.26009;1.3491;-0.058896;0.10448;0.32724;-0.28687;-1.1107;0.52716;0.27011;-0.094687;-0.65927;-0.18309;-0.99304;0.53594;-1.0065;-1.1145;0.15381;-0.37169;-1.2844;-1.0182;-0.70885;-0.73793;-0.49102;-0.20622;-0.75273;-0.20555;0.029705;-0.93267;-0.98736;0.48348;-0.83773;-0.046215;-0.77776;2.0077;-1.0368;-0.27566;-0.61055;0.21544;-0.89704;-0.32819;0.36551;-0.37706;-0.85385;-0.40425;-0.50883;-0.13638;0.27491;1.2973;0.057605;-0.40457;-0.86738;0.39008;-0.77782;-1.1797;1.1453;0.80346;-0.063184;-0.82725;0.012516;-0.89416;-0.90838;-0.05558;-0.2469;0.34223;-0.74502;-0.21397;1.4196;1.1003;-1.0046;-0.13757;-0.030549;0.24911;1.4125;-0.97947;-0.85619;-0.98966;-1.1613;1.4154;-0.096554;-0.69051
16;-0.67205;-0.80437;2.4495;-0.10952;-0.37819;0.37924;-0.61066;-0.83021;0.92104;0.54114;-0.16027;-0.70889;-0.23827;1.0016;1.3858;-0.13207;1.8616;-0.96547;-0.90905;0.23772;2.034;1.6137;0.1805;3.7687;0.18492;-0.34115;3.1734;-0.17397;-0.78413;0.46194;-1.0606;-0.50412;0.96362;-0.48752;0.75048;-1.0422;-0.15634;-0.2439;-0.29588;-0.5947;0.168;-0.99204;-0.51206;-1.0373;-0.21914;0.56364;0.89768;-0.63581;-0.66792;-0.85711;-0.99788;0.55644;-0.59222;-0.55328;0.25052;-0.40644;-0.82193;1.5732;-0.61164;-0.46517;0.76388;0.16956;-0.50541;1.8951;-0.83758;0.69913;0.57951;-0.71095;-0.56613;-0.1667;0.065852;-0.90647;-0.85188;-0.49241;1.484;-0.70687;1.5839;-0.70838;-0.20685;-0.39841;2.206;-0.76835;3.4617;-0.71424;-0.33004;0.92722;-0.1561;-0.476;-0.824;0.11487;-0.70478;-1.0324;0.095111;-0.51485;-0.44579;-0.69739
17;0.66758;1.2948;-0.63689;2.954;4.5371;-0.72956;-0.60469;2.7526;-0.64346;-0.86089;-0.48935;0.025137;-0.16711;2.29;0.47165;1.6769;2.0881;0.1598;-0.72789;-0.16125;-0.70183;-0.27352;-0.88135;-0.11956;-0.46817;-0.74465;0.17151;-0.20663;-1.0482;-0.32957;-0.14531;1.1028;1.165;-0.7756;-1.2523;-0.74754;0.85093;-0.39653;-0.66774;-0.74515;0.17662;-0.4324;-0.18643;0.41121;0.50725;0.73418;-0.63916;0.28096;-0.37708;0.52068;1.2183;-0.089103;-0.55519;0.39879;-0.62588;0.80122;-0.78701;2.2918;-0.5141;0.74147;0.80739;-0.4558;-0.37819;0.015963;-0.0089202;1.0182;0.29636;-0.73653;0.44824;0.30017;-0.14416;-0.31465;-0.61136;-0.10122;0.69022;0.60791;0.10076;-0.40783;-0.45518;-0.83981;-0.4641;-0.29626;-0.4192;-0.91011;-0.37775;0.66744;-0.06656;0.050624;0.095188;-0.64756;-0.8707;-0.6965;0.64596;-0.008103;-1.0786;0.5766
18;0.068722;-1.0999;0.61057;1.4476;-0.76102;-0.97035;0.27644;-0.99591;-0.87187;-0.64132;-0.62074;0.23266;-0.85065;1.5772;2.1479;0.030868;-0.18431;-1.2005;2.1961;0.95513;-0.62259;-0.78351;1.4314;-0.21169;1.8309;0.097309;-1.0538;-0.50691;-0.97901;-0.47366;-0.70943;0.65493;-0.54284;0.48016;-0.028366;-1.1035;-0.52786;0.33197;-0.56281;-0.057341;0.30387;-0.15049;-0.90761;-0.17241;-0.86328;-0.69066;-0.39558;0.10688;1.66;0.23556;1.7206;-0.76272;-0.57528;0.65238;0.28881;0.29854;1.1428;-0.82169;2.4903;0.14209;-0.90365;-0.33965;0.62355;-0.3889;-0.57574;-1.0642;-0.8754;-0.88004;0.4483;-1.0047;-0.61164;0.41139;-0.062961;1.6572;-0.98367;-0.87609;-0.78319;3.5347;-0.80524;0.45072;-0.63473;-0.71036;-0.38466;-0.37813;3.4278;-0.14694;-0.83362;1.2389;-0.82828;0.39851;0.17699;2.1479;-0.84408;0.36946;0.25496;0.064148
19;5.096;-0.1569;-0.82701;-0.85593;-0.52915;-0.3228;-0.71951;1.3945;-0.059911;-0.56721;-0.60188;-0.85226;2.0378;0.55629;4.0622;0.0065533;-0.88715;-0.76795;-0.41968;-0.72435;-0.023591;0.47206;-0.71451;-0.19592;-0.49437;-1.0155;-0.40289;-0.52355;-0.32043;-0.33854;-0.6945;-0.98171;2.4162;-0.74632;0.87499;0.68314;1.4515;-0.74642;-0.62479;-0.64969;-0.63864;0.078266;-0.064588;2.6767;0.4404;-0.6041;-0.63348;-0.34457;-0.97803;-1.1147;-0.77316;-0.93332;-0.23976;-0.69217;-0.73654;-0.49807;0.55386;-0.96412;-0.71649;0.22203;0.46679;0.088991;-0.27688;-0.27732;0.63437;-0.32876;0.73991;-0.6649;-0.50655;-0.12534;1.0413;0.69973;0.082082;-0.37599;-0.83655;1.7587;-0.42358;0.9565;0.14099;0.25386;-0.79704;-0.33759;-0.26638;-0.62029;-0.83319;-0.79689;-0.22711;-0.6114;-0.7641;1.0755;0.67859;0.98111;-1.1329;-0.72114;0.29206;-0.9738
20;-0.76682;-0.040603;-0.67888;-0.91476;-0.63405;0.75436;0.5203;0.96778;-0.4536;-0.73459;-0.70828;0.13612;1.2709;-0.94176;1.1292;1.6288;-0.32056;-0.64314;-0.93631;-0.81032;-0.7187;0.15969;-0.61978;0.43167;-0.97064;-0.50887;-0.55825;1.8284;-0.82643;-1.0884;-0.62258;-0.94642;1.4238;1.0497;-0.17068;-1.097;2.1735;1.3107;-0.59057;-0.17013;-0.32943;1.5744;-0.96122;-0.53889;-0.38473;-0.54248;-0.7616;0.037408;0.11167;-0.43298;3.6879;1.6863;-0.26091;-0.53077;-0.36245;-0.51153;-0.91313;1.337;-0.60436;2.3226;-0.7873;0.070159;-0.72308;0.28212;-0.022241;0.31621;1.0949;-0.93263;0.45295;0.36164;-0.94303;0.94612;-0.38604;-0.82637;-0.55092;-0.33721;-0.33967;-0.84573;2.1556;-0.50724;2.1039;-0.87561;0.51839;-0.54785;2.7005;-0.47873;-0.11362;4.6639;3.3191;-0.034241;-0.46725;0.93628;-0.82528;-0.23184;0.97729;0.84473
21;0.045032;0.69343;-0.95974;1.4473;1.3315;-0.75395;-0.62334;-0.99882;-0.5027;-0.5649;-0.68028;0.51361;0.35701;2.8225;-0.36007;0.96694;-0.31224;1.6165;1.5632;-0.80901;-0.32001;1.0441;-0.98954;0.55834;-0.66164;-0.070581;-0.38119;1.2432;-0.61484;1.4429;1.028;-0.91878;0.12433;-0.45457;-0.59154;1.325;-0.84242;-0.85376;0.14703;2.969;-1.0882;-0.48775;-0.31779;-1.0567;-0.8004;0.42872;-0.52336;-0.67408;-0.71757;1.8187;0.74147;-0.92235;-0.1877;0.54742;0.55884;0.096403;0.4487;-0.28508;1.1553;1.2238;-0.083353;0.5799;1.4909;-0.48901;3.9284;-0.4627;-0.31764;-0.7053;1.4308;1.4425;-0.41578;0.75301;-0.063697;0.20266;1.4784;-0.018553;0.51389;-0.55867;0.46961;-0.51445;-0.87922;-0.28802;2.3848;-0.95192;0.5153;0.6478;-0.52888;-0.42537;-0.69137;-0.41892;-0.74415;-0.81715;-1.4507;1.1221;-0.3865;-0.58799
22;-0.77504;-0.015013;-0.9609;0.84517;-0.8898;-0.58871;-1.0458;-0.80806;-0.31201;0.5779;0.58565;-0.70346;0.3659;-0.80394;0.27265;-0.71072;-1.1173;-0.033961;-0.16608;-0.29679;1.7044;-0.67698;-0.54504;-0.30647;-0.99232;0.18891;1.5401;-0.92399;-0.91859;-0.42093;-1.0372;-0.81148;0.26193;4.4011;-0.67672;-1.0908;-0.86562;-0.17056;-0.61248;0.057904;-0.52174;-0.57266;2.1313;-0.98228;-1.0108;-0.29128;-0.57337;-0.57399;-0.06485;0.76718;-1.0082;-0.83532;-0.02448;-0.42928;-0.016538;1.0778;0.75332;0.50171;0.88385;2.559;-1.079;-0.84596;-0.48456;-1.0922;1.8475;1.1045;-0.63191;0.62466;-0.14035;-0.62415;-0.8113;-0.30976;0.51221;-1.1027;-0.43381;0.34774;-0.44048;-0.70804;0.04683;-0.99929;-0.69214;1.2334;-0.22059;-0.73618;0.48963;-0.50427;-0.8357;-0.15695;-0.60257;-0.46364;1.1691;1.6152;-0.0043625;-0.31993;0.28307;-0.78693
23;0.80529;0.21308;0.38692;-1.2213;2.1175;-0.44409;1.0597;-0.52556;0.04231;-0.66028;0.89565;-0.55039;3.2842;-0.9494;-0.53612;-0.95186;0.1208;3.1331;-0.093107;0.22443;-0.54213;-0.1105;2.228;1.1743;2.0056;1.8612;-0.95305;-0.50728;0.46722;-0.64494;1.6105;-0.81939;0.23172;-0.92781;2.481;-0.8116;-0.7723;-0.35691;0.18482;-0.42137;0.67324;-0.34043;-0.15372;-0.75968;0.69788;0.60292;-0.54189;1.8961;0.21468;0.26388;-0.5304;-0.087088;-0.77398;-0.85811;-0.34712;-0.73772;1.6802;-0.35713;0.15642;-0.67756;-0.10647;1.2471;0.53129;0.083772;-0.48019;-0.80143;0.26487;-0.45162;-0.75862;0.78631;-0.21069;-0.21274;0.23834;-0.9763;-0.082564;-0.95113;-0.7602;0.19929;0.071483;0.18835;-0.26003;-0.76214;-0.69474;1.0546;-0.51959;-0.03217;2.6638;0.37355;0.26618;-0.98556;-0.85378;-0.038566;0.75024;0.23599;0.32331;-0.69233
24;-0.65197;0.072271;0.33794;1.3377;0.25502;-0.87;-0.72441;-0.12953;-1.0548;-0.70182;2.6723;-0.61415;-0.88854;1.5504;-0.82154;0.22087;-0.62072;0.93921;-0.85395;0.3688;-0.52586;0.0039124;2.4013;-0.85474;-0.64633;1.4825;0.83319;-0.90589;-0.17711;-0.80015;-0.63017;0.03188;0.1807;1.0272;-1.2576;0.061245;-1.0427;-0.56005;3.7132;0.059388;-0.52058;0.2883;-0.33526;-0.66077;-0.59535;-0.69799;2.6409;-0.35154;-0.93456;-0.77904;-0.37404;-0.35399;1.9523;-0.29796;-0.069961;-0.48735;-0.79613;-0.14115;0.06008;0.54541;0.25896;-0.89762;-0.16448;-0.73943;-0.7544;-0.87169;-0.63321;0.96989;-0.65641;-0.60271;-0.66172;-0.59947;0.60466;-0.71662;-0.19611;-0.72996;-0.35067;0.25224;0.24839;-0.25547;0.23555;1.0669;-0.17647;-0.95473;2.2293;-0.71842;3.3119;0.2721;-0.44141;1.471;-0.37031;0.94888;0.99346;-0.82932;-0.0087944;0.53661
25;-0.69763;0.25877;-0.81883;0.96969;-0.7392;1.6031;2.8685;1.0815;2.0448;-0.55207;4.0782;-0.50447;0.86325;-0.39046;-0.68791;-0.092061;-0.88071;-0.60478;-0.90399;1.8829;-0.61244;0.53605;1.0118;0.021688;0.68768;1.1244;-0.65742;-0.095237;-0.51188;0.73901;2.2284;-0.43945;2.4835;-0.72319;-0.5578;0.53288;-0.86335;-1.0182;-0.39966;-0.53251;-0.77604;-0.50255;-0.87263;1.0131;-0.58297;-0.23771;-0.73353;2.0616;-0.94711;0.89941;0.061352;3.4903;0.64147;-0.68481;0.47932;-0.6649;-0.80011;0.78614;0.84228;0.053119;-0.35677;0.69113;-0.93884;-0.35715;-0.44371;0.34656;0.18524;4.4209;0.68826;0.26374;-0.21519;-0.5785;0.93466;0.010943;1.7441;-1.0046;-0.92749;-0.851;-0.8197;0.48492;-0.35479;-0.14278;-0.24308;0.09319;-0.41269;-0.42529;-0.28311;-0.25974;-0.31602;0.010584;-0.84429;0.19761;1.9335;-0.40431;0.013485;0.74169
26;-0.25455;-0.27994;1.287;-0.057892;1.4605;-0.55249;0.094458;-0.11404;0.87633;0.1699;-0.28962;-0.34825;0.9934;-0.52366;1.004;-1.0377;-0.70463;-1.0785;-0.52457;2.642;-0.5689;-0.44293;-0.1952;-1.1494;-0.92704;-0.37942;-0.86552;0.6679;-0.11646;1.5773;-0.010417;3.1364;-0.71142;-0.5132;0.13769;0.069895;0.60091;-1.0261;1.2486;-0.56822;-0.1466;-0.33959;-0.8974;-0.80634;-0.43425;0.11583;1.2955;-0.72949;-0.60074;-0.9448;-0.48219;0.96418;-1.0725;-0.5383;-0.33936;-0.4192;0.25524;0.65787;1.1226;-0.82948;0.17542;-0.37541;-0.59295;-1.1339;0.054977;2.285;-0.11708;1.9831;0.19473;0.96807;-0.89218;-0.93449;3.3349;-0.8355;-0.30157;-0.45317;-0.31667;1.4339;-0.7448;-0.033435;-1.1198;-0.81157;0.59618;-0.42266;-1.0094;-0.96774;0.20714;-0.26114;-0.24337;0.0017425;0.29708;2.3499;-0.44063;-0.67815;-0.5765;-0.67256
27;0.69666;0.78769;-0.85947;1.0239;0.56572;0.034457;-0.53891;-0.69234;0.76393;-0.03742;-0.46619;2.9229;-0.91918;-1.1019;-0.63902;-0.48028;0.68378;-1.0677;-0.67401;-0.78282;0.25174;-0.94203;0.4436;-0.37043;1.2607;-0.32759;0.8082;-0.4764;0.5524;-0.61101;0.074381;-0.24552;-0.19939;-0.85111;0.099064;-0.35276;0.80697;-0.63963;-0.37621;-0.79269;-0.68512;1.2986;0.35244;-0.48765;-0.70778;-0.49049;-0.20184;-0.015585;-0.94703;-0.94493;0.41755;-0.40237;-0.41512;-0.69949;-0.68837;-0.38086;1.1603;0.002418;-0.71513;-0.77524;2.6155;-1.0875;-0.49566;0.19875;-0.46924;-1.0615;0.83443;-0.91829;-0.12979;1.7657;0.6687;-0.1132;-0.92881;-0.085893;-0.98426;0.91072;-0.38701;0.9728;-0.14888;-0.80653;-0.93485;1.4924;0.3083;0.27914;-0.79499;-1.0417;0.1807;-0.14722;-0.83987;-0.70195;-0.77069;1.4525;1.2947;-0.64041;0.22148;-0.1928
28;0.23424;-0.88185;-0.58795;-0.18125;-0.62904;0.72361;0.21276;0.47463;1.0825;-0.78112;-0.55415;0.15762;-0.84486;0.40253;-0.8881;0.9705;-1.0849;-0.22274;-0.76684;0.1621;-0.59249;-1.0436;-0.30633;0.37364;-0.61363;-0.35404;-0.015091;-0.40507;-0.90577;-0.064704;0.24558;2.562;-0.42909;-0.41607;-0.41036;-0.50123;1.2117;1.1032;-0.56657;3.5033;-0.89969;-0.37302;-0.60726;-0.10869;0.1392;1.1819;-0.59046;-0.53307;-0.98237;-1.0096;-0.85572;-0.96363;-0.98179;-0.41037;-0.16079;-0.59219;-1.1682;2.9212;-0.5414;0.14641;-0.045545;-1.0595;-0.33168;-0.47885;2.1583;-0.53761;-0.67862;-0.32441;-1.0343;-0.0092632;0.019686;-0.69804;-0.19271;-0.90178;-0.84523;0.51825;-0.87305;-0.64619;0.036091;0.31571;1.3915;-0.75801;0.062157;-0.53004;0.44282;0.70936;-0.7021;-0.64851;-0.74194;-0.48876;-0.75828;-0.2189;-0.028659;-0.6838;0.8159;0.40226
29;-0.44544;-0.92605;-0.69409;-0.50568;0.057347;2.3397;0.34674;-0.048413;-0.85593;-0.73813;1.1909;-0.96491;-1.0066;-0.96738;2.7934;-0.87363;1.1766;-0.15666;0.59907;-0.72839;0.98243;-0.8527;0.54338;-0.40468;-0.96229;0.16319;-0.99786;-0.55587;-1.0853;0.44396;-0.4772;-1.0056;-0.74476;0.55281;-1.1646;-0.3085;-1.0595;-0.19884;-0.65148;-0.80339;1.3569;-0.82511;-0.84401;-0.21407;-0.7048;-0.16269;-0.1501;-0.9094;-0.92336;-0.95282;0.5173;-0.98531;-1.0952;-0.70418;-0.84201;-0.45154;-0.57989;1.188;0.78562;1.1461;-0.68557;-1.1433;-0.99736;2.009;0.21492;1.1264;-0.93393;0.069501;-0.033185;0.66441;-0.58349;-0.98054;0.51179;-0.3234;0.63151;-0.60598;-0.3744;1.7979;0.11003;-0.91625;-1.1196;-0.99609;-0.34855;0.42927;1.2253;-0.98339;-0.5271;-0.10219;1.969;1.1178;-0.73945;-0.70923;-0.8131;-0.55232;1.2745;2.8165
30;0.45905;-0.84768;0.86511;-0.68929;-0.87273;1.1008;1.583;-0.90676;0.067163;0.98438;0.73324;1.5315;0.23523;-1.0116;0.037208;-0.70564;-0.83888;-0.97013;-0.47966;0.62633;0.0935;-0.52302;-0.4461;0.41206;1.086;-0.45585;2.4556;0.66009;-0.025281;2.685;-0.11968;-1.1487;-0.84609;1.2948;-0.64779;0.34656;0.00071332;2.4729;3.0201;0.41634;0.79975;-0.71417;-0.61624;0.98786;1.8787;-0.55599;-0.75023;-0.53064;-0.97199;2.0756;-0.71314;0.17407;-0.41984;3.573;1.6995;-0.70854;0.31122;-0.27812;-0.765;-0.9915;0.48306;-0.3101;-1.0165;-0.96335;2.0445;0.50978;-0.74612;-0.82094;-0.43693;-0.90524;0.17453;3.6197;-0.73092;-0.19313;-0.11196;-1.1516;0.69377;0.15701;-0.044655;3.7615;-0.32479;1.2324;-0.22918;-0.42627;0.013818;0.68913;-0.81689;-0.73845;0.015944;-0.97689;-0.52854;-0.91218;-0.50989;-0.65428;-0.99391;-0.68287
31;-0.4971;-0.38736;0.54763;0.31403;0.2169;0.098114;1.5804;0.13017;0.37576;2.3269;-0.27041;0.84067;-0.34011;-0.15379;-0.78229;-0.99722;1.5677;-0.59364;-0.29512;0.77304;-0.49888;-0.86842;3.0067;-0.92816;-0.29914;-0.86819;-0.48221;-1.0303;3.0145;-0.089318;-0.53174;0.58229;1.363;-0.60333;-0.46611;-1.0685;2.4619;0.44529;-0.58737;-0.33061;1.7522;-0.062449;-0.13706;-1.0762;-0.68972;-0.72352;2.277;0.15667;0.81553;-0.25702;1.5723;-0.32941;-0.86507;-0.45877;2.179;-0.0098663;0.25378;-1.1693;-0.75402;-0.84908;0.23106;-1.1551;-0.95851;0.56095;-0.41833;0.59085;3.7404;-0.11403;0.25248;-0.27415;-0.93287;-0.52517;-0.5003;-0.31218;-0.018863;1.5373;-0.81062;-0.37223;-0.58539;-0.80924;-0.5021;0.4843;-0.29138;4.9628;2.1534;0.18005;-0.13499;-0.80959;-0.60081;-0.59414;-0.16375;-0.32974;-0.69713;-0.22869;-1.066;-0.055712
32;-0.70517;0.36323;-0.0448;0.52193;1.0305;-0.88265;-0.72093;-0.78083;-1.0145;0.64037;-0.036966;-0.77089;0.37619;-0.34272;-0.09578;2.8668;1.7631;-0.34893;0.30847;0.86825;-0.47112;-1.0444;-0.83137;-1.3362;-0.8258;-1.0614;-0.12755;0.59653;0.87312;1.8276;1.3777;-0.081287;-0.15004;-0.14275;0.83036;-0.65731;-0.32937;-0.19448;-0.4781;-0.45786;0.19089;1.1975;-0.28506;-0.049337;0.30723;-0.45775;3.0185;0.31032;1.2619;-1.1386;1.4633;-1.0033;0.7102;-0.70558;1.038;-0.77917;-0.43276;-0.22506;0.45768;-1.0852;-0.81348;-0.19333;0.75417;-1.0351;-0.30123;-1.1676;-0.1026;-0.6813;1.0355;0.18881;1.3814;0.52176;-0.49914;1.0288;-0.24649;-0.44462;0.40145;-0.38296;0.1907;-0.60784;-1.0664;-0.64026;-0.69551;0.065823;-0.87863;-1.0057;-0.867;-0.23931;-0.60149;-0.90436;-0.04386;-0.79352;-0.54372;0.41612;-0.30353;-0.038695
33;-0.19552;1.2375;-0.39149;-0.6624;0.50529;4.0031;0.28394;-0.84016;1.5883;-0.55061;0.16835;-0.45332;-1.1058;0.68168;-0.85077;-0.77369;-1.0817;-0.64222;-0.36396;0.013054;-0.6589;-0.57039;-0.97255;-0.62599;-0.32565;-0.98664;-1.0497;0.27931;3.0563;-0.95997;-0.56318;-1.0496;-0.92938;-0.50886;0.73954;-1.0011;1.408;-0.37859;0.6763;-0.36635;-0.044996;-0.945;-0.84794;-0.85465;-0.2245;-0.69049;-0.8529;-0.49528;0.032941;-0.49277;0.63401;1.0014;-0.10237;-0.88646;2.7458;-0.38978;0.59062;-1.0481;0.23536;0.017651;-0.1881;0.12635;-1.002;-0.28204;-0.56328;-0.99576;0.84864;0.30365;-0.51887;0.80101;-0.67554;-1.0465;0.29319;-0.79607;0.30856;-0.31511;-0.20815;-0.53141;-0.2856;1.718;1.0451;-0.70996;2.1559;-0.18736;-0.32635;0.34003;0.28135;-0.21182;-0.89099;0.011968;-0.82608;0.22899;1.9173;1.6531;-1.0442;0.26888
34;-0.28933;-1.0674;-0.75446;-0.88028;-0.23618;1.4418;-0.79386;1.2409;1.1083;2.845;-0.4077;0.53001;0.20098;-0.82553;-0.67967;-0.27611;0.28831;3.3327;1.2909;-0.92772;-0.60517;1.6181;1.8582;0.37184;2.198;-0.55475;-0.97835;-1.1901;0.040764;-0.79602;-0.48679;1.0721;-0.99017;-0.69586;2.2634;-0.65696;-0.74069;-0.26093;-0.24366;1.4846;-0.69077;-0.43695;-0.9057;-0.86401;-0.6598;-0.88238;-0.71861;-0.91895;-1.0174;-0.47424;-0.86967;1.0535;-0.92718;-0.60153;-0.6309;-0.15016;0.10921;0.39224;-0.91371;-1.2369;-0.41773;-0.95774;-0.10808;-1.1571;-0.17238;-0.46804;-0.63367;-0.3481;-0.98825;-0.011683;-0.69349;2.8596;-0.86;-0.9394;0.74986;-0.78725;1.292;-0.40065;-0.14162;-0.80339;-1.0594;0.15881;-0.80977;-0.78367;-1.0358;0.29337;0.60789;-0.44277;0.72205;-0.86791;0.70412;2.7162;-0.358;-0.46418;-0.24255;-0.29915
35;-0.6573;-0.50694;-0.70414;-0.48695;-0.57834;-0.4117;-0.65224;0.29586;0.34655;0.83688;-0.70462;-0.57953;-0.29192;0.061456;-0.41369;-0.81314;-1.1319;0.95098;1.5001;1.7493;-0.16895;0.60511;-0.88967;1.3115;0.76947;-1.0117;0.44581;-0.86842;0.86756;-0.97226;0.96621;-0.87357;-0.097298;0.47457;-0.88559;-1.0051;0.62889;-0.68154;2.1267;0.29191;0.131;-0.36362;-0.4688;0.029135;2.989;-0.73933;0.67186;1.2536;-0.47515;0.26566;-0.25512;-0.85314;1.4323;-0.8729;-0.43213;-0.37604;-0.59521;0.17498;-0.19027;-0.059723;0.87518;-0.80872;-0.68114;-0.27999;-0.06334;-1.207;-0.78886;0.054618;-0.57053;0.11088;0.40006;0.67319;-0.53855;1.8134;-0.99303;-0.65237;-0.78853;-0.078104;0.86181;-0.84196;-0.077522;-0.17558;-0.29487;0.11792;-0.86737;-0.5716;-0.78064;-0.42136;-0.84895;0.26397;0.92668;-0.4321;0.099394;-0.45216;-0.73921;0.39053
36;-0.35906;-1.102;2.441;-0.5328;-0.79072;-0.55044;-0.38013;0.94676;-0.23779;0.13508;3.5576;-0.55526;-0.89876;-0.53307;-0.84752;0.20537;1.6864;1.7485;0.54378;-1.0804;-0.47589;0.16222;-1.0815;-0.19774;3.1694;1.6756;0.49306;-0.047619;0.30398;0.80129;-1.0194;-0.37286;-0.60039;0.17661;0.62884;1.0026;-0.080542;0.047656;-0.43943;1.0463;0.037209;0.02908;-0.97457;0.57108;0.76743;1.1142;-0.11545;0.20598;1.8014;-1.0024;-0.78944;0.71147;-0.90836;0.58879;-0.5274;-0.4644;-1.1038;-0.94231;0.99944;0.14981;-0.083871;3.7854;-0.31918;1.2514;-0.83273;0.18254;0.40637;-0.77108;-0.46918;-0.71462;0.83492;-0.11294;-0.88877;0.13704;-0.90634;-0.73763;1.6841;-0.72198;0.051756;-0.80025;2.8292;-0.63903;-0.23615;-0.094521;-1.0388;-0.72944;0.12403;-0.47187;-0.83038;0.65459;-0.11238;-0.98761;1.5866;-0.69358;1.1644;-0.95994
37;0.059536;0.25489;-0.69481;1.4106;-0.49531;-0.67891;0.21821;-0.46126;-0.060513;-0.32453;-0.0044354;-0.86381;1.1846;-0.32591;-0.15181;-0.58601;-1.079;-0.70711;0.26278;-0.83748;-0.69042;0.59166;-1.0636;0.81176;-0.88954;1.0432;0.41124;-0.24173;-0.33914;3.4493;1.4067;-0.70916;-0.69966;-0.91232;-0.36412;1.4745;0.52516;0.77695;-0.36837;-0.51085;0.2909;0.28648;-0.74823;-0.014942;-0.55324;0.49055;-0.67722;0.39529;-0.71344;-0.96795;-0.92258;-0.096314;-0.96258;-0.87407;-0.70336;-0.040962;-1.1575;-1.1067;-0.82775;0.075269;-0.41786;-1.0577;2.1797;1.3558;1.5641;0.34592;0.13038;-0.35822;-0.23787;0.91841;-0.48517;0.78596;0.97057;-0.10033;-1.0101;0.27643;-0.27347;-0.17995;0.83643;-0.94264;-0.56644;1.979;-0.69779;-0.5711;-0.40385;-0.42311;-0.49367;0.54443;2.6017;0.098861;-0.32173;1.0848;-0.79272;-0.21576;0.34379;2.2658
38;0.079206;-0.62832;-0.76606;-0.73529;-0.31492;-0.25105;-1.053;-0.014834;-0.58377;0.58445;-0.3267;0.85022;-1.028;-0.91766;-0.24702;-0.85206;0.51185;-0.90237;-0.28416;-0.93952;-0.74398;-0.8466;-0.22882;1.3896;0.12852;-0.91434;-0.27881;-0.94934;-0.73835;-0.51092;-0.38974;-0.38747;-0.98714;-0.54956;0.2694;0.73844;-0.10657;2.8272;-0.40018;-0.61704;-0.18966;-0.5635;0.17323;1.2116;-0.24029;4.2036;-0.57232;-0.43375;0.68395;1.2179;-0.051398;-0.32815;-0.85007;0.98129;-0.7589;0.56693;-0.85446;-0.74576;2.9301;-0.87392;1.2564;0.87318;3.3369;0.39721;-0.33192;-1.1449;-0.10515;1.6996;-0.19959;-0.74857;0.58774;0.22859;-0.91319;0.51698;0.49014;0.33871;-0.43083;-0.10638;-0.14129;-0.38925;1.1054;1.2714;-0.36064;-0.38697;0.46306;0.36935;2.384;0.99814;1.2269;0.73437;-0.57037;-1.0027;1.4432;0.28575;-0.66451;1.3724
39;-0.71449;0.097678;-0.30168;-1.2068;1.3477;-0.23552;-0.55893;-0.98924;-1.0415;-0.82053;-0.067072;2.9731;1.8386;-0.22191;-0.76273;1.5822;2.8357;1.1975;-0.34535;0.31789;-0.38054;1.4157;-1.0129;-1.0294;0.41117;-0.069631;-0.86032;-0.64542;0.83457;-0.81879;2.0247;0.0033429;-0.25425;-0.44641;1.0159;-0.87602;-0.85394;-0.80115;-0.41032;0.72664;1.2778;0.30757;-0.03569;-0.50139;0.86246;-0.21536;-0.26587;0.44128;0.78711;2.6245;0.97827;-0.56866;-0.057825;0.6279;0.48568;-0.15033;-0.76521;0.85295;1.0355;0.45376;-0.61183;-0.69342;0.30238;1.3826;-0.29822;-0.2109;0.83014;0.11325;-0.19765;3.5869;-0.82606;0.3588;-0.92754;1.3002;-0.92072;1.6692;0.50925;-0.84862;-0.73735;-0.036234;0.75014;-0.38093;0.18024;1.5022;0.36735;0.75224;-0.097014;-0.24166;0.12541;-0.61305;0.32032;-0.94704;0.41078;0.84126;-0.16515;-0.90194
40;1.1805;0.22886;-0.97357;-0.90808;-0.77811;1.9142;1.429;-0.27163;0.2357;-0.25777;-0.013491;1.5395;-0.022644;-0.51903;0.051097;-0.42832;-0.034559;-0.1905;0.55609;0.43744;0.15713;-0.067859;-1.1228;0.72532;-0.83787;1.1827;0.24485;3.2431;-0.77667;-0.13085;-0.3859;-0.14833;1.5291;1.0929;-0.2472;1.6572;-1.105;1.2523;0.44081;-0.11679;-0.81502;-0.48088;2.4283;-0.95291;0.42819;0.047485;-0.40962;-0.60646;-0.13643;0.58959;-1.0095;-0.47181;-0.62876;0.75157;-0.56412;-0.42924;-1.0577;-1.2529;-0.9697;-1.0821;1.3649;-0.15835;-0.59188;-0.15844;0.0078092;-0.34326;0.14559;1.8604;0.96775;-1.2028;1.6223;-1.133;-0.0096386;-1.0783;4.8613;0.41536;-0.18722;-0.56872;-0.30923;3.2533;0.39664;-0.93465;1.2243;-0.5094;-0.7717;2.8162;-0.81068;-0.5984;-0.56081;0.066527;-0.88173;0.46194;-0.44747;-0.66765;1.0097;-0.80695
41;-0.71472;-0.23057;0.75376;1.2674;-0.22181;-0.61745;0.34274;1.1757;-0.96641;-0.2193;-0.57921;-0.44656;-0.32924;1.5125;1.6543;-0.50664;-0.69013;0.76403;-0.42207;-0.13014;-0.21394;-0.99352;-0.59505;-1.2425;-0.57214;0.56737;-0.63706;1.2012;0.20294;0.89132;-0.32591;2.7195;-0.92392;-0.91925;0.51747;0.6986;-1.1016;-0.9;-0.18366;-0.56808;0.6869;-0.40457;1.2846;1.7642;-0.80136;-0.76163;-0.6931;-0.91029;1.2418;0.4649;-0.64838;-0.12846;0.76755;-0.72915;-0.48122;0.31666;-0.01824;2.5296;-0.0697;-0.88637;-0.19522;-0.69101;-0.62936;-0.14456;0.8319;-0.87087;-0.31437;-0.77135;1.1926;0.038193;0.10201;-0.58182;-0.91221;-0.9205;-0.19304;-0.89642;-0.19361;-0.18362;-0.55118;1.3797;-0.24882;1.0032;-0.59611;1.7674;0.38058;-1.021;-0.74746;-0.28932;-0.32055;-0.98323;3.7538;-0.83046;-1.4235;-0.50841;-0.89843;1.0707
42;0.78808;-0.80511;1.4018;-1.2216;-0.401;-0.67404;-0.095413;0.75265;-0.52243;-0.32513;-0.66287;-0.56139;0.0072976;0.66356;-0.40293;0.31555;0.83428;-0.90356;-0.69946;0.88294;-0.51233;0.44997;-0.67363;0.067412;1.194;1.8647;-0.026036;-0.8874;-0.69325;0.86607;-0.18462;0.62237;0.065885;0.89592;-1.2994;0.46916;-0.46177;-0.8765;0.2061;1.3065;-0.53856;-0.1375;0.1831;-0.75597;-0.93946;-0.9101;-0.35639;0.66622;0.379;-0.16507;-0.059041;0.7978;-0.49;-0.077369;0.23289;0.31914;0.034046;1.2536;-0.57373;-0.413;-0.78985;2.2392;-0.55248;3.3025;1.6467;3.2705;0.31743;0.56422;0.74187;0.26661;-0.55548;-1.1463;-0.55199;-0.8269;0.11245;0.36738;0.87707;-0.69188;-0.080295;2.6052;1.9912;-0.76998;-0.6467;-0.58391;-0.79404;0.095152;-0.72705;-0.73826;-0.60773;0.92671;-0.44189;-0.47977;0.9393;0.67994;1.0561;1.5632
43;-0.39754;0.44967;1.3237;0.17776;0.28138;-0.89672;-0.43262;-0.021368;-0.25515;-0.54667;-0.6912;0.52054;-1.1443;-0.88112;0.49905;-0.64269;0.378;-0.68857;2.8825;-0.82156;-0.58598;0.80607;0.49991;2.4141;-0.94919;-0.13483;0.090605;-0.73802;0.20843;-0.53867;-0.38194;-0.20002;-0.94225;-0.080195;-1.1278;1.9579;1.7334;0.85111;3.4165;-0.68665;2.7006;-0.82809;0.77092;1.9356;-0.64643;-0.60145;-0.78325;-0.27693;0.15198;0.6867;-0.68948;-0.41486;0.16961;3.7123;0.024122;-0.62246;0.51735;0.37583;-0.15338;-1.1593;0.50658;0.94105;-0.85252;0.16991;0.54798;0.1947;-0.99825;0.5043;-0.79925;0.091373;-0.58348;-0.40351;-0.10089;-0.48638;-0.56156;-1.155;0.0006037;-0.79263;-0.59326;-0.44715;0.92299;1.2765;-0.64042;0.41514;0.94303;-0.83812;0.29155;0.77456;-0.81526;-0.6708;-0.057549;-0.6479;0.45272;0.73825;-0.35009;-0.92527
44;-0.093147;-0.5817;-0.63262;0.11522;-0.1471;1.1606;1.3024;2.0142;3.4225;1.172;-0.62664;-1.0218;0.18742;-1.1291;1.5161;-0.69942;-0.25649;-0.35842;-0.5346;-0.88278;0.17779;0.21076;0.27927;0.82033;-0.10101;-0.88904;3.3858;-0.55241;-0.71503;0.39739;-0.87878;-0.41248;-0.43496;-0.68145;0.45354;0.66823;-0.7209;-1.0347;-0.54483;-0.75659;-0.96919;0.048405;0.6464;-0.08912;-0.44395;-0.58781;-0.027422;-0.74974;1.0522;1.4023;-0.010457;1.3424;2.0823;-0.10236;-0.83204;-0.56175;-0.33585;0.54841;-0.38326;0.030467;-0.69596;-0.81207;-0.88966;-1.0427;-0.84535;1.8892;-0.22847;0.13185;-0.97427;1.886;1.1172;0.050146;1.0527;-0.96334;0.54989;-0.79195;1.9151;-0.71872;-0.73421;-0.54248;-0.20075;-0.35008;0.48421;-0.044956;-0.86796;-0.73578;-0.52311;-0.46826;-0.68176;3.4174;-0.59433;-1.0234;-0.10122;-0.093228;-0.39329;-0.52954
45;0.097218;-1.2645;0.82472;-1.1906;-0.5252;0.20775;-0.91127;-0.325;-1.1201;4.1624;0.43885;0.55524;-0.69391;0.77033;-0.87344;0.57032;-0.76047;-0.48794;0.62031;-1.0375;-0.16784;-1.0404;0.065887;-0.20284;-0.069854;-0.55419;0.32321;-1.0683;-0.74538;1.2101;-0.57017;0.19545;-0.51918;-0.44242;0.18166;-0.13117;-0.67431;1.3047;-0.22489;0.13925;-0.22603;-0.099848;0.23945;0.0050732;-0.53447;1.1487;0.90273;-0.79305;1.0819;-0.8675;-0.8548;2.353;0.2763;-0.79665;-0.85208;-0.4923;-0.61529;-0.3286;0.36277;1.1153;-0.94701;1.4843;0.0013014;1.0649;-0.4649;-1.1427;1.3814;0.037404;3.4953;0.35312;-0.28915;1.1837;-0.70432;-0.3093;-0.70178;1.6503;-0.9363;0.33142;-0.80665;0.3301;0.20763;-0.82907;-0.40657;1.0007;-0.71304;3.321;-0.80256;-0.38433;0.11005;-0.6815;-0.74046;0.86279;0.56235;-0.57284;-1.0095;-0.056369
46;-0.63254;0.53518;0.42464;-1.0748;-0.78421;-0.93323;-0.887;-0.97376;-0.4634;-0.83599;-0.56432;-0.49439;-0.16998;-0.62343;-0.42272;-0.85502;-0.58847;-0.48861;-0.60334;-0.36645;-0.4996;-0.621;0.8193;-1.2752;-0.81636;2.8371;-0.38418;-0.9781;-0.39273;-0.31347;-0.66872;1.4581;-0.35968;-0.23294;-1.0187;-0.83825;-0.71119;-0.45704;-0.66709;2.4149;0.52093;-0.75427;1.5278;-0.82515;-0.60668;-0.45416;-0.3703;-0.57701;-0.3769;-1.137;-0.55895;-0.024105;2.1815;0.1312;2.3393;3.5774;-1.0327;-0.54447;-0.8909;-1.1205;-0.86284;-0.80204;2.5609;-0.28815;-0.86876;-0.48503;-0.59011;0.8489;-0.4024;-1.1555;0.044636;-0.99693;0.95148;1.5181;-0.82104;0.4549;-0.49032;0.38284;-0.30076;0.40177;0.52626;-0.88588;-0.79706;-0.77789;-0.13623;-0.86902;2.3967;3.086;1.5103;0.69338;-0.70205;-0.36415;1.0378;0.97619;-0.21739;1.4771
47;-0.26824;-0.22853;-0.76756;-0.66153;-0.88358;-0.75016;-0.77783;-0.44985;-0.5965;-0.80416;-0.74013;-0.13609;0.13694;-0.29122;0.088166;-0.45939;2.1733;-0.41296;-0.85603;1.5396;0.46669;0.57687;-0.31316;-0.36163;1.6396;2.1338;-0.78;-1.1477;-0.94587;-0.66465;-0.26009;-0.051546;1.1739;-0.78199;1.7304;-0.46374;-0.54094;-0.049437;0.25758;-0.44831;2.0686;0.23545;-0.50128;0.38433;0.75717;-0.61431;0.69872;-0.27994;-0.45149;-1.0586;-0.59723;-0.7914;-0.924;-0.56981;0.44059;-0.041484;-1.0107;-0.11172;0.03614;-1.1166;-0.14005;0.86712;-0.58591;1.5867;-0.8479;0.65082;-0.17047;-0.41085;-1.0423;-0.62122;-0.85859;0.77855;-0.26921;-0.58248;-0.5656;0.50788;0.31604;-0.060467;-0.40396;-0.18243;-0.0057993;-0.67862;-0.69054;0.098496;0.79418;-0.87682;0.37022;0.73832;0.76043;3.4674;0.309;-0.16841;0.21402;-0.44054;-0.57661;-0.58464
48;-0.54125;1.6845;3.3884;-0.71507;0.30801;-0.085475;0.43142;-0.31732;-0.28759;0.64842;0.24069;1.083;-0.43485;0.89231;-0.21886;-0.73836;-0.32668;-0.46274;-0.98199;-1.0358;-0.68765;-0.61266;-0.91864;0.032348;-0.63026;-0.17457;-0.34138;0.48134;1.0316;-1.0236;-0.95881;-0.31911;-0.99427;0.50776;2.1525;-0.92287;1.0959;-0.83182;-0.54213;-0.50625;0.70104;2.7867;-0.058205;-0.60085;0.51968;-0.03839;-0.064441;-0.85128;-0.23131;-0.2326;1.6693;-0.69304;-0.46321;0.53695;-0.77009;-0.69582;-0.64087;-0.44689;-0.77555;0.41022;-1.148;-0.04536;-0.30921;0.3136;-0.45856;-0.29257;-0.84795;-0.58649;0.92101;0.14361;-0.70266;-0.92281;-0.9245;-0.67721;-0.8352;1.6663;-0.96453;-0.44026;-0.59311;0.71555;0.073027;-0.6448;-0.76958;-0.19737;-0.64916;2.23;-0.84407;1.6326;0.62649;-0.75274;-0.4856;0.78381;-1.2861;0.57223;-0.53305;-0.92056
49;-0.78743;1.4091;0.55549;1.4663;-0.70139;-0.46926;-0.38013;0.37987;0.02287;-0.85994;1.0323;0.59449;0.24347;0.27722;-0.41924;-0.69004;-1.062;-0.60181;-0.99399;-0.50664;1.4558;-0.43541;0.51648;-0.89539;-1.0235;-0.93485;-0.22754;-0.14582;-0.75639;-0.29343;-0.64664;0.39689;-1.0027;-0.77483;-1.2848;0.51264;-0.53605;-0.50629;0.1933;-0.70558;-0.79877;-0.70275;0.65348;1.7403;-0.28404;0.24614;0.054597;0.65978;-0.93013;-0.65127;-1.0421;-0.83011;-0.87718;-0.87839;3.7789;-0.68246;-0.2744;-0.99479;-0.32394;-1.2327;-0.68585;0.48592;-0.17174;-1.0934;-0.76154;1.4759;-0.3148;-0.89007;-0.20117;0.77181;0.21551;0.39694;-0.58373;-0.4387;0.067682;-0.63458;0.32665;-0.29618;-0.54424;-0.48557;-0.82787;2.3706;-0.67335;-0.21194;0.13204;2.2726;-0.52003;-0.59325;-0.69718;-0.91328;0.97028;-0.51853;-0.91598;0.071525;-1.121;-0.35567
50;0.074019;0.89009;-0.90715;-0.7675;-0.83755;-0.84011;-0.73743;-0.49264;-0.12152;-0.8463;-0.7173;0.19973;0.85109;2.5254;-0.15773;0.5885;-0.69043;-0.50588;0.5023;-1.1449;1.3999;-0.83985;-0.1607;-0.71238;-0.37296;-0.083585;-0.039979;-0.75246;1.86;-0.21274;0.16395;-0.21535;0.054842;0.65649;-0.92829;0.13197;-0.35113;-0.4497;-0.41267;-0.49794;1.9581;-0.49171;-0.93131;1.1764;-0.01761;1.9567;-0.68229;1.3228;0.34852;0.22042;-0.60552;0.91378;-1.0094;0.050506;0.64095;0.24716;2.0423;-0.95084;0.27779;-0.91136;-0.23291;0.69608;1.234;-0.39715;-0.2349;0.59376;0.14656;-0.41812;-0.82446;-0.58592;-0.73481;1.2315;0.35538;-0.8874;0.8361;0.29571;-0.88871;0.14995;-0.24438;0.32127;-0.68284;-0.91417;2.4954;-0.94769;0.002495;0.059908;-0.70684;-0.26887;0.70215;-0.0083449;0.028285;-1.0162;0.45374;-0.81425;3.4925;-0.74389
PARTICULAR
GAIN
3
