TITLE;72 random variables, variable gain
FOCUS ON;
EXPERIMENT TYPE;SingleAmongManyVaryingGain
PARAMETERS
normalization;Standard
pcaRecompositionThreshold;0.95
component;1;2;3;4;5;6;7;8;9;10;11;12;13;14;15;16;17;18;19;20;21;22;23;24;25;26;27;28;29;30;31;32;33;34;35;36;37
type;RandomNormal;RandomNormal;RandomNormal;RandomNormal;RandomNormal;RandomNormal;RandomNormal;RandomNormal;RandomNormal;RandomNormal;RandomNormal;RandomNormal;RandomNormal;RandomNormal;RandomNormal;RandomNormal;RandomNormal;RandomNormal;RandomNormal;RandomNormal;RandomNormal;RandomNormal;RandomNormal;RandomNormal;RandomNormal;RandomNormal;RandomNormal;RandomNormal;RandomNormal;RandomNormal;RandomNormal;RandomNormal;RandomNormal;RandomNormal;RandomNormal;RandomNormal;RandomUniform
p1;0;0;0;0;0;0;0;0;0;0;0;0;0;0;0;0;0;0;0;0;0;0;0;0;0;0;0;0;0;0;0;0;0;0;0;0;0
p2;81;81;81;81;81;81;81;81;81;81;81;81;81;81;81;81;81;81;81;81;81;81;81;81;81;81;81;81;81;81;81;81;81;81;81;81;1
RESULTS
COMMON
distance
which;Manhattan(Average);Manhattan(GeometricAverage);Manhattan(Median);Manhattan(Minimum);Manhattan(MinimumTimesMedian);Manhattan(Summation);Euclidean(Average);Euclidean(GeometricAverage);Euclidean(Median);Euclidean(Minimum);Euclidean(MinimumTimesMedian);Euclidean(Summation)
plain;1.0747;1.0736;1.0761;0.90552;0.97444;1316.5;0.16784;0.16732;0.16812;0.12826;0.021563;205.61
PCA;1.0747;1.0736;1.0761;0.90572;0.97465;1316.5;0.16786;0.16734;0.16803;0.12835;0.021566;205.63
DE00;1.0792;1.0775;1.0831;0.957;1.0367;1322.2;0.33124;0.29259;0.33459;0.17299;0.045305;415.11
DE01;1.0792;1.0777;1.0828;0.96215;1.0363;1322.1;0.31213;0.30996;0.32361;0.16332;0.04587;407.18
DE02;1.0794;1.0775;1.0842;0.96371;1.0304;1322.3;0.3099;0.30601;0.32156;0.17289;0.044096;399.17
PCA
weights;0.01325;0.014016;0.014119;0.013736;0.013898;0.013846;0.013932;0.013271;0.014163;0.013777;0.014063;0.013859;0.0138;0.013635;0.013954;0.013995;0.01388;0.013946;0.014047;0.013758;0.01396;0.013935;0.013572;0.013621;0.014095;0.014035;0.014018;0.01367;0.01404;0.013817;0.013305;0.013697;0.013969;0.01374;0.01391;0.013924;0.014134;0.013824;0.013369;0.014288;0.013854;0.014129;0.013898;0.013749;0.014309;0.014053;0.014217;0.013686;0.013837;0.01392;0.014074;0.014256;0.013836;0.013775;0.013882;0.013988;0.01411;0.014155;0.014135;0.013677;0.013878;0.013856;0.01405;0.013878;0.013782;0.013604;0.013906;0.013699;0.014301;0.013881;0.013833;0.01392
differential evolutions parameters, by distance type
i;dDE / dP;distance;type;parentWeight;crossover;population;iterations;distance;weights ->
1;1.0042;1.0792;2;0.85;0.5;50;50;Manhattan(Average);0.0017435;0.00015242;0.017057;0.018083;0.011468;0.032588;0.00066721;9.4875E-05;0.00032159;0.0010354;0.00041;0.020601;0.01564;0.002944;0.0036522;0.0047887;0.00014379;0.0030345;0.0028413;0.00035357;0.00082372;0.0022004;0.00014951;0.0012144;0.00022794;0.002617;0.017972;0.0014694;0.0019526;0.0042309;0.00073926;0.013654;0.00010003;0.00038796;0.0045484;0.0045033;0.00053254;0.024874;0.012917;0.030036;0.027087;0.0023245;0.028629;0.0024424;0.029692;0.023679;0.032844;0.010386;0.031787;0.021794;0.029149;0.03216;0.022826;0.03345;0.030537;0.018939;0.01517;0.026828;0.024142;0.0028759;0.022212;0.024754;0.022212;0.03455;0.0003261;0.031828;0.00011054;0.02991;0.034368;0.032404;0.032201;0.025619
2;1.0042;1.0792;2;0.85;0.5;50;50;Manhattan(Average);0.0035161;0.00039436;0.031288;0.02094;0.0024232;0.032128;0.00024749;0.0010072;0.0005414;0.019496;0.0004065;0.0025262;0.0050146;0.0038422;0.0011993;0.024256;0.00040303;0.0018621;0.000645;0.0055175;0.00026119;0.00041811;0.0059203;0.0043754;0.00019886;0.00073309;0.015171;0.0027554;0.00091578;0.0010887;0.001334;0.0073042;0.00033716;0.00018907;0.00020322;0.0043264;0.0001932;0.023651;0.030328;0.023127;0.022692;0.00014321;0.024842;0.019313;0.031607;0.031964;0.02883;0.0049288;0.010753;0.026951;0.031182;0.032579;0.0097351;0.021558;0.032134;0.033095;0.017218;0.0204;0.0068391;0.017635;0.029471;0.032461;0.031099;0.027979;0.0025824;0.025283;0.0015869;0.026447;0.023674;0.031948;0.031251;0.031332
3;1.0044;1.0794;2;0.85;0.5;50;50;Manhattan(Average);0.0008291;0.0030892;0.02123;0.0053069;0.0018634;0.034609;0.0024717;0.00019044;0.0010744;0.003852;0.00017641;0.011967;0.0024624;0.0015831;0.00096002;0.028438;0.0016916;0.010548;1.5938E-05;0.0003626;5.9906E-05;0.00012396;0.0022094;0.0061123;0.00070229;0.00026093;0.020435;0.0017031;0.0010263;0.00060781;0.00095224;0.021137;0.00037564;0.00045367;0.0014461;0.0077288;0.00066312;0.032103;0.021266;0.028336;0.025613;0.00046588;0.0043522;0.0029571;0.032654;0.033447;0.023061;0.0096499;0.024004;0.021318;0.023323;0.032077;0.020048;0.030181;0.024613;0.0322;0.03393;0.021768;0.015121;0.027088;0.032573;0.021383;0.031961;0.022786;0.002514;0.031803;0.0020157;0.028204;0.02249;0.027501;0.033427;0.025049
4;1.0036;1.0775;2;0.85;0.5;50;50;Manhattan(GeometricAverage);0.00037075;0.00016448;0.016363;0.0036581;0.0017414;0.028901;0.0098444;0.010788;0.00044932;0.018871;5.9439E-05;0.019057;0.014271;0.0022338;0.0038665;0.027871;6.493E-05;0.021854;7.71E-05;0.0021117;0.00087012;0.002341;0.0022343;0.0014021;0.00043087;0.00011252;0.026668;0.0038465;9.8806E-05;0.00065446;0.0020354;0.016354;0.00019714;0.00066293;0.0018441;0.023266;0.0015541;0.022153;0.024456;0.018397;0.025233;0.012394;0.02297;0.0057172;0.023183;0.025956;0.025977;0.015815;0.025358;0.026856;0.025662;0.02748;0.01265;0.020629;0.016916;0.025316;0.02809;0.024466;0.014321;0.016263;0.024573;0.014533;0.028768;0.025279;0.0048109;0.027793;0.0015508;0.01912;0.018972;0.027531;0.028765;0.024857
5;1.0038;1.0777;2;0.85;0.5;50;50;Manhattan(GeometricAverage);0.0013454;0.00039316;0.024842;0.0003963;0.0015789;0.029238;0.00034908;0.0012112;0.00064406;0.010549;0.00014949;0.025023;0.0043403;0.0015861;0.014874;0.026205;0.0006318;0.0013528;0.0021861;0.0022818;0.0027831;0.00083835;0.0051711;0.0018346;0.00017506;0.00086254;0.025281;0.0018308;0.0011771;0.003622;0.0024439;0.017434;0.000294;0.0012314;0.00085756;0.0091907;0.00057747;0.029515;0.018663;0.023006;0.02148;0.00035455;0.026376;0.0017853;0.028039;0.019903;0.030905;0.019719;0.014624;0.027263;0.024281;0.029992;0.02359;0.030237;0.02697;0.025746;0.029381;0.02531;0.011321;0.01561;0.025953;0.019502;0.024032;0.031407;0.0031697;0.026368;0.00059155;0.023322;0.028148;0.030845;0.029583;0.028227
6;1.0036;1.0775;2;0.85;0.5;50;50;Manhattan(GeometricAverage);0.0043433;0.0013863;0.020208;0.0035899;0.00077234;0.030658;0.00046127;0.00028751;0.00071116;0.019459;0.00024322;0.011974;0.013688;0.0010114;0.0061505;0.020025;0.0014831;0.0067019;0.00058309;0.0061924;0.00052853;0.0013221;0.0062582;0.0056086;0.00024487;0.0033736;0.020336;0.00078192;0.0020732;0.00022949;0.002264;0.010525;0.00066193;0.00033622;0.009839;0.0026274;0.00088717;0.019964;0.025621;0.021152;0.027757;0.0036979;0.024097;0.0017503;0.029769;0.031027;0.024785;0.022364;0.022552;0.029599;0.019182;0.027547;0.020737;0.02303;0.018999;0.026122;0.030903;0.01957;0.029259;0.028484;0.027112;0.014724;0.028892;0.020201;0.017623;0.030438;2.9306E-06;0.03049;0.017659;0.018326;0.020628;0.028108
7;1.0625;0.96215;2;0.85;0.5;50;50;Manhattan(Minimum);0.0074103;0.00038834;0.0074774;0.014826;0.0037426;0.020024;0.021477;0.017033;0.0022562;0.023084;0.0071661;0.00185;0.010296;0.010178;0.0058457;0.01375;0.016322;0.023962;0.009658;0.017581;0.0098368;0.011206;0.0243;0.022912;0.01494;0.0043488;0.023016;0.02594;0.015089;0.0014734;0.00023526;0.010209;0.0008833;0.0098793;0.0098777;0.010514;0.0054461;0.022295;0.013798;0.02534;0.015799;0.025425;0.022168;0.019128;0.017434;0.013192;0.018708;0.018135;0.020842;0.025349;0.0055452;0.025061;0.02306;0.014212;0.0090517;0.014739;0.021231;0.015239;0.022906;0.0067732;0.008496;0.016517;0.016659;0.0048833;0.02448;0.0021361;0.0065142;0.020971;0.0032568;0.014218;0.013212;0.018789
8;1.0569;0.957;2;0.85;0.5;50;50;Manhattan(Minimum);0.014639;0.021962;0.013002;0.021726;0.01858;0.017155;0.019986;0.01639;0.0074886;0.01689;0.0085516;0.00010023;0.01294;0.01758;0.0015091;0.0057037;0.019537;0.011338;0.013321;0.017185;0.018818;0.0019522;0.022958;0.015639;0.017615;0.0035425;0.018668;0.017003;0.019535;0.0059069;0.0095135;0.0044452;0.013739;0.022469;0.023227;0.021735;0.0060295;0.023096;0.010616;0.02259;0.012322;0.020669;0.022665;0.014217;0.018558;0.012955;0.012881;0.01401;0.021733;0.01869;0.018565;0.020635;0.010917;0.022806;0.010853;0.014567;0.02471;0.010423;0.0037231;0.004906;0.015298;0.015757;0.0012059;0.017383;0.018133;0.0029282;0.0010736;0.0044005;0.0091803;0.0089668;0.0089999;0.011187
9;1.0643;0.96371;2;0.85;0.5;50;50;Manhattan(Minimum);0.004406;0.0043141;0.023133;0.022212;0.015161;0.0078856;0.0083054;0.020453;0.004391;0.013195;0.015716;0.021223;0.010574;0.017041;0.0065127;0.012597;0.021398;0.018434;0.010142;0.019611;0.012116;0.0064721;0.013244;0.010869;0.023477;0.0073489;0.022953;0.015102;0.017393;0.0090087;0.0082797;0.020368;0.0091069;0.01786;0.015719;0.024091;0.0070704;0.017524;0.0083353;0.020333;0.011961;0.012444;0.023998;0.0077926;0.022812;0.021615;0.011982;0.020792;0.01138;0.0072083;0.0055503;0.023044;0.017847;0.014511;0.0074147;0.018592;0.019655;0.0088956;0.012367;0.0095545;0.008641;0.013244;0.018297;0.019081;0.021129;0.0073538;0.0038917;0.013263;0.0070258;0.0067405;0.012776;0.015765
10;1.0065;1.0831;2;0.85;0.5;50;50;Manhattan(Median);0.012681;0.020469;0.0024511;0.014263;0.0089746;0.0051247;0.012682;0.025674;0.0071058;0.029466;0.021031;0.014637;0.0064005;0.0020245;0.0041281;0.001385;0.017636;0.01359;0.00422;0.0030387;0.026462;0.017574;0.0042377;0.0062047;0.023202;0.0015898;0.0071013;0.021897;0.025078;0.0068031;0.010203;0.030149;0.0057414;0.0021877;0.021624;0.011126;0.011118;0.012531;0.0033964;0.02427;0.029529;0.0012054;0.020601;0.015225;0.028114;0.015588;0.013233;0.012252;0.0066614;0.027372;0.028033;0.0035232;0.025737;0.025941;0.028384;0.0071334;0.01786;0.026511;0.01511;0.019079;0.023363;0.0019432;0.016228;0.0096934;0.029956;0.0044859;0.0011663;0.0052804;0.0025251;0.014907;0.0016701;0.022211
11;1.0062;1.0828;2;0.85;0.5;50;50;Manhattan(Median);0.015311;0.011355;0.0024835;0.020947;9.7594E-05;0.015552;0.0035318;0.0077349;0.019917;0.021235;0.0025622;0.009287;0.023235;0.014563;0.0077223;0.020633;0.014686;0.0050002;0.0012183;0.023567;0.018169;0.024096;0.0034507;0.015041;0.0028384;0.020172;0.025779;0.0092345;0.0073187;0.014274;0.019751;0.0076235;0.0094591;0.0034423;0.00055644;0.0015293;0.0036985;0.024989;0.017108;0.0035211;0.015892;0.0041021;0.024822;0.018808;0.021156;0.0088413;0.01223;0.02368;0.0069616;0.016597;0.019954;0.013784;0.01213;0.016753;0.01986;0.018182;0.020885;0.011443;0.022996;0.020691;0.010494;0.016163;0.022728;0.018501;0.0090294;0.024414;0.019073;0.020182;0.014062;0.007075;0.017139;0.018682
12;1.0076;1.0842;2;0.85;0.5;50;50;Manhattan(Median);0.023385;0.018976;0.016154;0.027286;0.025069;0.0084667;0.0059087;0.0022935;0.015183;0.022527;0.025464;0.025036;0.021732;0.0055321;0.016133;0.017793;0.01815;0.0014803;0.0015474;0.0079663;0.015306;0.0027452;0.0070551;0.011277;0.0086608;0.014215;0.021906;0.024495;0.010086;0.0074974;0.00020859;0.026886;0.011858;0.0012498;0.0035311;0.0013747;0.020708;0.022845;0.01243;0.0019384;0.026338;0.0024062;0.022051;0.0033661;0.027325;0.014653;0.023249;0.01096;0.00071555;0.020395;0.016237;0.020134;0.0057792;0.025026;0.0018028;0.00039926;0.019996;0.026626;0.020029;0.013093;0.018191;0.009181;0.0083685;0.022277;0.022826;0.027415;0.0054215;0.011657;0.0049631;0.015844;0.0086636;0.012249
13;1.0639;1.0367;2;0.85;0.5;50;50;Manhattan(MinimumTimesMedian);0.014271;0.0070561;0.022473;0.020712;0.01299;0.011062;0.016482;0.021895;0.015531;0.024745;0.0025543;0.0064024;0.017113;0.01561;0.013668;0.013367;0.0049544;0.010441;0.011932;0.0095648;0.018207;0.015734;0.022222;0.0066917;0.022254;0.014779;0.02022;0.015241;0.002894;0.0044342;0.0011346;0.0154;0.0019595;0.012105;0.0040376;0.020185;0.016442;0.01654;0.0039707;0.016815;0.019789;0.018326;0.015711;0.010649;0.023326;0.016475;0.010296;0.010286;0.015646;0.017764;0.0091193;0.015;0.020208;0.015835;0.0031976;0.021569;0.017971;0.0057308;0.0063958;0.018124;0.018176;0.012532;0.014041;0.0169;0.018635;0.010865;0.0015184;0.024396;0.01086;0.013567;0.023268;0.019731
14;1.0634;1.0363;2;0.85;0.5;50;50;Manhattan(MinimumTimesMedian);0.0052277;0.0089009;0.017951;0.017434;0.017484;0.021093;0.022987;0.019697;0.0084408;0.021899;0.0075137;0.0098396;0.021802;0.017389;0.010268;0.0066147;0.020004;0.022152;0.0086005;0.0069184;0.022751;0.0023018;0.013877;0.0065492;0.022005;0.014186;0.012145;0.017915;0.017405;0.011153;0.0132;0.017403;0.0071696;0.015118;0.015895;0.023385;0.0013837;0.019089;0.01188;0.019889;0.020918;0.013644;0.019396;0.012867;0.021517;0.013832;0.016712;0.013313;0.0050881;0.017985;0.0083695;0.011648;0.0062837;0.022945;0.0049693;0.012916;0.021475;0.011563;0.0057295;0.0035959;0.0088191;0.010083;0.0047756;0.022276;0.022683;0.021113;0.0017158;0.022102;0.01649;0.013684;0.0094343;0.0051409
15;1.0574;1.0304;2;0.85;0.5;50;50;Manhattan(MinimumTimesMedian);0.0071644;0.0069704;0.022084;0.018978;0.020037;0.025056;0.0062412;0.022266;0.010806;0.023796;0.0088666;0.018991;0.013893;0.0063377;0.027624;0.014349;0.0024442;0.0070917;0.0028254;0.0038336;0.023133;0.0091754;0.021145;0.019674;0.0095039;0.020547;0.02301;0.013007;0.013619;0.0016736;0.0071686;0.013758;0.0035777;0.003116;0.020635;0.013137;0.0064378;0.027295;0.023834;0.0076394;0.00017233;0.02008;0.025239;0.0031557;0.012217;0.016805;0.015245;0.0088884;0.01522;0.017735;0.013914;0.017391;0.011943;0.018859;0.014454;0.0034153;0.026726;0.0049672;0.01941;0.022014;0.015648;0.012033;0.014492;0.011117;0.013982;0.00053014;0.003879;0.026402;0.0066682;0.00834;0.025989;0.022329
16;1.0043;1322.2;2;0.85;0.5;50;50;Manhattan(Summation);0.0003639;0.0053658;0.015619;0.0036018;0.0041989;0.036361;0.00064901;0.00048364;0.00031413;0.0019792;0.0003047;0.01333;0.01755;0.0029149;0.0014504;0.03006;0.00064881;0.0028956;0.00016461;0.0012805;0.0027795;0.003818;0.0020874;0.0018279;0.0018419;0.00012316;0.011955;0.0011834;0.0018792;0.0026039;0.00075647;0.0057733;0.0012143;0.0013908;0.0021284;0.00053999;0.002686;0.02042;0.024277;0.035592;0.033693;0.0010532;0.034636;0.00056249;0.036918;0.025274;0.032266;0.017963;0.0050815;0.027804;0.028296;0.036989;0.0074287;0.026571;0.031561;0.036903;0.026568;0.023513;0.031818;0.025699;0.030204;0.020666;0.030492;0.034397;0.00018965;0.035648;0.00054082;0.014173;0.011948;0.022862;0.031;0.012865
17;1.0043;1322.1;2;0.85;0.5;50;50;Manhattan(Summation);0.0069259;0.00087828;0.020405;0.0055437;0.0015114;0.035114;0.0026937;0.00094023;0.0018028;0.016625;0.00085418;0.00084037;0.0032377;0.0002183;0.0012096;0.031715;0.00035214;0.0014206;5.2926E-05;0.00064919;0.00088797;0.0023877;0.002259;0.0052962;0.00010749;0.00041609;0.028833;0.0039561;0.00045744;0.0024567;0.00035048;0.0030556;1.1405E-05;1.7632E-06;0.00021576;0.0060276;9.2576E-06;0.01736;0.03327;0.023597;0.0049731;0.0073105;0.034753;0.0013189;0.032815;0.027186;0.010201;0.0039498;0.016856;0.031966;0.024754;0.03084;0.016218;0.033564;0.034021;0.022741;0.032457;0.018807;0.030758;0.016155;0.032037;0.028189;0.031287;0.02528;0.0025254;0.035038;0.0013944;0.02735;0.035013;0.028915;0.025465;0.031911
18;1.0044;1322.3;2;0.85;0.5;50;50;Manhattan(Summation);0.00092183;0.00025717;0.0055953;0.0034711;7.7298E-05;0.026816;0.00073945;0.0026408;0.0038927;0.0084221;0.00023241;0.0058696;0.014787;0.00077457;0.0080689;0.027486;0.0010296;0.00062382;6.9308E-05;0.00074511;0.00097075;0.0018905;0.0010212;0.0017196;0.00098854;6.7922E-05;0.0062695;0.0033132;0.0012617;0.0019244;0.00047165;0.0062745;0.00084515;0.00079788;0.002747;0.0065864;0.0014417;0.032225;0.032186;0.025952;0.033627;0.0025574;0.02995;0.00089099;0.033141;0.031929;0.033125;0.011817;0.016907;0.031613;0.032026;0.029797;0.0017339;0.034906;0.026645;0.026251;0.030353;0.028409;0.01574;0.004508;0.034194;0.033125;0.029912;0.030064;0.00056609;0.031334;0.00022512;0.028548;0.030324;0.02609;0.032883;0.025333
19;1.8597;0.31213;2;0.85;0.5;50;50;Euclidean(Average);0.0020153;0.0053259;0.0080237;0.00061621;0.0028422;0.0024508;0.0063495;0.0065009;0.00099415;0.013939;0.0023417;0.0048278;0.003393;0.003921;0.00093992;0.0026528;0.0089097;0.011652;0.00024311;0.064117;0.0016202;0.0043895;0.00036066;0.0011386;0.00065842;0.0075363;0.070497;0.047517;0.0022271;0.061219;0.0045914;0.0049686;0.0015656;0.0037638;0.0077319;0.066486;0.0016266;0.0009102;0.024247;0.0030198;0.0067229;0.0013324;0.00047532;0.0046663;0.0045851;0.0023649;0.024831;0.0050622;0.0011417;0.0015733;0.066235;0.0019677;8.5279E-05;0.0075174;0.054222;0.00027961;0.0042384;0.0088724;0.00033661;0.069803;0.028752;0.0030307;0.0040297;0.069688;0.0029095;0.0010607;0.016925;0.0018061;0.067805;0.0011457;0.00069961;0.067704
20;1.9735;0.33124;2;0.85;0.5;50;50;Euclidean(Average);0.00015219;0.0032966;0.00086343;0.0098553;0.0018918;0.0042016;0.071935;0.0029527;0.0043193;0.078314;0.0072181;0.073346;0.0041814;4.1469E-05;0.0018977;0.0076937;0.0036904;0.0004729;0.0027092;0.0094795;0.0018554;0.0022706;0.062454;0.026443;0.016397;7.0298E-05;0.00052739;0.0089532;0.00049213;0.0018979;0.0033665;0.0183;0.0041923;0.079653;0.0022032;0.00065003;0.0015322;0.0091883;0.0052163;0.0014019;0.0059807;0.00025866;0.0034227;0.00020651;0.001956;0.0011329;0.012138;0.0029476;0.0013613;0.0011201;0.00096308;0.072483;0.0046334;0.0058448;0.0032781;0.0023966;0.00029932;0.0025662;0.070582;0.02403;0.00039237;0.0035176;0.0776;0.0031032;0.074757;0.065436;0.0024391;0.0039413;0.012107;0.0013751;0.0012861;0.00086843
21;1.8464;0.3099;2;0.85;0.5;50;50;Euclidean(Average);0.0072988;0.0034108;0.0026664;0.006138;0.0034116;0.0009933;0.0011655;0.00075402;0.061614;0.065736;0.0093802;0.0010351;0.0020142;0.0018733;0.00042457;0.0019173;0.00047421;0.0015605;0.0040259;0.0018131;0.0031582;0.0068338;0.00030762;0.0091065;0.0030223;0.0024108;0.0015521;0.055718;0.058096;0.059138;0.001939;0.053163;0.00064512;0.0021569;0.00014617;0.0022346;0.043517;0.063974;0.041677;0.0065961;0.0015271;0.065494;0.048365;0.0030126;0.0056739;0.0039469;0.064905;0.00037783;0.0009434;0.00062921;0.0027436;0.0046835;0.00098526;0.0027887;0.0061261;0.00078725;0.058104;0.0012487;0.00080657;0.024027;0.010403;0.0047917;0.064069;0.0047943;0.00018966;0.0036608;0.00084293;0.00082153;0.0075417;0.0050742;0.0062602;0.0012763
22;1.7487;0.29259;2;0.85;0.5;50;50;Euclidean(GeometricAverage);0.017409;0.047207;0.00054295;0.0026585;0.010776;0.0048915;0.00026748;0.021968;0.0017574;0.013673;0.0059929;0.0007557;0.0013094;0.055389;0.0010074;0.0099174;0.0063932;0.016778;0.0084073;0.063283;0.00067216;0.00090753;0.0027279;0.062725;0.0001276;0.0048042;0.059015;0.00077462;0.0026767;0.001195;0.0082883;0.0013008;0.0021682;0.0014262;0.0012572;0.018935;0.0040919;0.0066473;0.00024032;0.0035023;0.061808;0.018128;0.0015564;0.0033932;0.0015914;0.00013546;0.063059;0.0049475;0.0013902;0.0010922;0.0015328;0.062962;0.0061239;0.010883;5.7707E-05;0.05296;0.046204;0.0057107;0.0035115;0.0023455;0.059791;0.00078389;0.0082774;0.054414;0.0023478;0.039141;0.0056745;0.0015517;0.0014723;0.0013638;0.0015253;0.00039845
23;1.8525;0.30996;2;0.85;0.5;50;50;Euclidean(GeometricAverage);0.0049911;0.0040688;5.1844E-05;0.0028968;0.0048873;0.00061601;0.00089598;0.0047569;0.070526;0.056246;0.0042969;0.0031087;0.020258;0.067924;0.0014704;0.0021534;0.0036452;0.00086834;0.056106;0.0042219;0.001095;0.013357;0.0027948;0.060153;0.0035239;0.01091;0.0023983;0.0020384;0.012598;0.07015;0.008723;0.001771;0.0045341;0.0096899;0.00029126;0.0015372;0.0035656;0.0072739;0.0027125;0.0017759;0.0095509;0.00016238;0.064827;0.0010144;0.00078371;0.00059175;0.006507;0.0042103;0.00013524;0.069415;0.00094985;0.070972;0.068458;0.068291;0.0077218;0.00068642;0.0029833;0.0018347;5.6884E-05;0.014795;0.0020093;0.0012732;0.0016173;0.00022728;0.016209;0.0030513;0.0074795;0.013289;0.0038005;0.0047052;0.010719;0.0067914
24;1.8289;0.30601;2;0.85;0.5;50;50;Euclidean(GeometricAverage);0.059111;0.00095823;2.6257E-05;0.001857;0.00012469;0.064417;0.00074453;0.053561;0.00057206;0.048428;0.0016075;0.00098185;0.063438;0.0013793;0.007311;0.0012788;0.0020051;0.001526;0.0035144;0.062447;0.0095329;0.0016815;0.0037654;0.0035097;0.058043;0.0016665;0.0042891;0.0017218;0.0012746;0.0031784;0.00038489;0.00032653;0.0012582;0.0010175;0.00068273;0.064647;0.0065457;0.00077072;0.0085434;8.384E-05;0.0008068;0.00055778;0.0075943;0.00022926;0.0081059;0.047515;0.0010449;0.0015127;0.0027569;0.0014745;0.00037164;0.050242;0.038348;0.0029326;0.0026109;0.0078074;0.0597;0.0016734;0.01055;0.010168;0.0034633;0.0024684;0.0013052;0.0062196;0.048777;0.0016403;0.059892;0.0027856;0.0029443;0.060297;0.0030137;0.0029793
25;1.2733;0.16332;2;0.85;0.5;50;50;Euclidean(Minimum);0.014682;0.00060302;0.02565;0.0015323;0.015645;0.023657;0.004008;0.024043;0.00092582;0.018042;0.028692;0.023977;0.024497;0.0063853;0.014687;0.024029;0.015892;0.0047582;0.0015472;0.0016494;0.0073652;0.0030347;0.011122;0.00154;0.0032272;2.6405E-06;0.028028;0.00068613;0.028995;0.029691;0.0033969;0.0026937;0.0036579;0.025184;0.017657;0.012117;0.022229;0.022115;0.01142;0.00039517;0.018506;0.024732;0.011437;0.015893;0.029949;0.00017395;0.0014847;0.026657;0.00053057;0.026991;0.0042439;0.017785;0.0016993;0.028797;0.00093067;0.027688;0.02971;0.0072229;0.029782;0.01616;0.00010931;0.025406;0.00072101;0.029016;0.0012716;0.0085022;0.029615;0.022664;0.020194;0.0041978;0.028062;0.00040408
26;1.3487;0.17299;2;0.85;0.5;50;50;Euclidean(Minimum);0.02874;0.00077805;0.00073377;0.0025787;0.032996;0.032583;0.006912;0.031221;0.022274;0.0062158;0.001215;0.0035312;0.00023902;0.032757;0.021121;0.032181;0.014033;0.00083129;0.0013364;0.0018759;0.00020289;0.0011897;0.0046964;0.020768;0.0064774;0.0017295;0.034054;0.0016001;0.015603;0.00048318;0.013551;0.0030886;0.002109;0.030294;0.0051882;0.010506;0.0038362;0.032253;2.4622E-05;0.027658;0.0022307;0.0027767;0.029246;0.033929;0.018638;0.030714;0.002395;0.03187;0.00044751;0.033741;0.00016315;0.006928;0.033957;0.023832;0.0041976;0.031081;0.028248;0.0026974;0.0004789;0.0034526;0.017762;0.029958;0.0022005;0.033827;0.028382;0.00032007;8.0881E-05;0.0014329;0.030889;0.027597;0.016148;0.00091181
27;1.348;0.17289;2;0.85;0.5;50;50;Euclidean(Minimum);0.027112;0.0010608;0.0091219;0.0074366;0.0079832;0.0055342;0.0023194;0.010261;0.030815;0.031597;0.0011258;1.4727E-05;0.028013;0.005377;0.0024327;0.032608;0.00025651;0.021418;0.0064072;0.00071949;0.0054423;0.029315;0.027813;0.0014356;0.019502;0.00090488;0.034913;0.00080238;0.00027549;0.034441;0.0042616;0.00076846;0.0013643;0.00058223;0.00014241;0.035454;0.030576;0.032261;0.013346;0.00053182;0.0070326;0.017458;0.00016403;0.0020169;0.00016147;0.036606;0.027808;0.0042969;0.017513;0.030361;0.0022205;0.013611;0.030977;0.0013921;0.00024331;0.026371;0.034673;0.0023907;0.0027546;0.017507;0.011149;0.0031709;0.019796;0.018888;0.036954;0.032352;0.0043939;0.00013744;0.0057542;0.028727;0.033064;0.024311
28;1.9902;0.33459;2;0.85;0.5;50;50;Euclidean(Median);0.0042897;0.0012113;0.00027957;0.0017673;0.00079057;0.00015595;0.076754;0.007525;0.0041592;0.0016972;0.00088107;0.00014443;0.024392;0.0023105;0.00044925;0.074327;0.0035306;0.00036431;0.037726;0.012253;0.075845;0.0076227;0.00088498;0.0013772;0.0053164;0.0015589;0.011695;0.00048953;0.0020549;0.073618;0.065799;0.0038523;0.052623;0.00011455;0.00062016;0.00042667;0.0011291;0.00032051;0.0047933;0.00017205;0.0085345;0.0012227;0.0012539;0.0047473;0.0011542;0.0020247;0.0038283;0.0096481;0.0024666;0.00065244;0.074251;0.0057855;0.075739;0.0024254;0.0032128;0.072222;0.0016568;0.003012;0.0017073;0.077403;0.0016533;3.1418E-05;0.00075237;0.017245;0.00040229;0.0071992;0.0022155;0.0045404;0.035812;0.0039923;0.0071455;0.00074045
29;1.9249;0.32361;2;0.85;0.5;50;50;Euclidean(Median);0.0013233;0.0012865;0.0011048;0.0003628;0.002618;0.0041278;0.0016113;0.066996;0.006595;0.0052314;0.063209;0.011676;0.00215;0.0019046;0.069508;0.06258;0.0032832;0.0014903;0.0081956;0.0043533;0.0034296;0.0038529;0.05646;0.00027974;0.0069542;0.027366;0.00157;0.0043834;0.005924;0.0055739;0.003373;0.0005859;0.013284;0.0019673;0.0068529;0.0037679;0.0010581;0.0013727;0.063172;0.069019;0.065341;0.0064793;0.0024099;0.0036423;0.00088773;0.00015167;0.0041784;0.00429;0.0022452;0.0034583;0.00521;0.0018715;0.0027931;0.0021491;0.00043828;5.0961E-05;0.0011951;0.0055474;0.0016826;0.002461;0.061897;0.0020644;0.064955;0.063062;0.0027244;0.001946;0.0063749;0.0081529;0.0026828;0.065682;0.0015415;0.0025819
30;1.9127;0.32156;2;0.85;0.5;50;50;Euclidean(Median);0.060481;0.0018606;0.0019827;0.0090768;0.058358;0.057286;0.0096731;0.068573;0.0030335;0.0023617;0.00012606;0.0018333;0.006329;0.067122;0.0020257;0.0024782;0.00305;0.066486;0.0037525;0.00021353;0.0024146;0.0062592;0.0026193;0.011358;0.066971;0.0015107;0.0049382;0.0021785;0.0013988;0.0010126;0.0032601;0.0066448;0.0044079;0.0019153;0.012076;0.0075;0.0077234;0.00011418;0.0040298;0.001747;0.00039557;0.00073149;0.0076974;0.068348;0.0033665;0.00013664;0.0090844;0.0017288;0.064806;0.01277;0.0070754;0.00097852;0.0014329;0.068491;0.00011346;0.0048876;0.064893;0.0032805;0.00048287;0.00066569;0.0020657;0.0044749;0.00087226;0.00097943;0.0038601;0.0044187;0.0014372;0.0013118;0.0040552;0.01043;0.001194;0.067351
31;2.101;0.045305;2;0.85;0.5;50;50;Euclidean(MinimumTimesMedian);0.0018328;0.0017733;0.00053325;0.014256;0.00038479;0.0016884;0.006596;0.00047632;0.0072114;0.0027915;0.037949;0.025951;0.00071168;0.0012389;0.0013888;0.0037898;0.0003713;0.00022796;0.0018883;0.0045107;0.003995;0.029173;0.034548;0.018835;0.040109;0.0062441;0.00011938;0.040964;0.025975;0.00015158;0.033602;0.00044395;0.00097385;0.00036916;0.00085294;0.041525;0.0010726;0.038798;0.022059;0.0003782;0.0025992;0.041217;0.041266;0.027363;0.0058274;0.0027041;0.001041;0.00023262;0.041429;0.0064957;0.0010796;0.032662;0.00022837;0.0030441;0.0046117;0.043611;0.041712;0.028435;0.00078936;0.00082072;0.035294;0.036001;0.0024219;0.00071374;0.038097;0.039434;0.041297;0.0026408;0.0014026;0.0093137;0.0072322;0.0032248
32;2.1272;0.04587;2;0.85;0.5;50;50;Euclidean(MinimumTimesMedian);0.0050917;0.00079624;0.036417;0.0013443;0.0016884;0.00067968;0.03193;0.037874;0.0023133;0.0027847;0.0049682;0.015067;0.03707;0.011467;0.032755;0.038578;0.0031616;0.0023;0.00035412;0.036554;0.00053811;0.0046436;0.0027072;0.00093318;0.032705;0.0018259;0.0025744;0.0028248;0.0014517;0.00045825;0.022926;0.037638;0.0023996;0.0011107;0.0018477;0.0026108;0.0036857;0.037014;0.0015518;0.038857;0.00013143;0.0011055;0.036536;0.039504;0.0011246;0.00034468;0.00089642;0.034357;0.0016379;0.040011;0.0013229;0.00015321;0.00067781;0.03582;0.012515;0.00012509;0.0014625;0.038661;0.0018764;0.038846;0.00075082;0.0013172;0.035425;0.033515;0.0015681;0.0012226;0.00068417;0.037964;0.00013646;0.036512;0.038486;0.021815
33;2.045;0.044096;2;0.85;0.5;50;50;Euclidean(MinimumTimesMedian);0.027703;0.00010306;0.00086522;0.026749;0.0019873;0.038395;0.037235;0.0074403;0.000461;0.042722;0.012696;0.00087349;0.001729;0.0097121;0.033275;0.0017924;0.0008173;0.044376;0.003031;0.0061119;0.038624;0.0093962;0.040593;0.00067453;5.6704E-05;0.00034159;0.003093;0.00067023;0.0023925;0.0035563;0.01768;0.032076;0.0053996;0.00034645;0.036958;0.00063223;0.0087332;0.00092985;0.041992;0.0048097;0.038279;0.031098;0.0019831;0.0040074;0.0076391;0.0011074;0.0023165;0.0039402;0.0024601;0.011554;0.0421;0.0048007;0.0010098;0.016391;0.028842;0.039;0.041177;0.0019709;0.0041658;0.00048754;9.8675E-05;0.001345;5.1564E-05;0.00462;0.0016172;0.039902;0.031445;0.041132;0.00085003;0.00050558;0.043975;0.0030995
34;2.019;415.11;2;0.85;0.5;50;50;Euclidean(Summation);0.012419;0.0035601;0.00047216;0.0030134;0.080331;0.006013;0.0037728;0.0030151;0.012942;0.003115;0.065812;0.0012013;7.232E-05;0.0014389;0.0087264;0.06893;0.013691;0.0016563;0.0017104;0.00066282;0.0026898;0.0027299;0.0027918;0.0021111;0.079781;0.0091073;0.075888;0.0027509;0.0043558;0.0032081;0.0018637;0.0085519;0.0016271;0.071766;0.0016592;0.003406;0.0018478;0.00056331;0.0030183;0.0026354;0.0018934;0.002722;0.0019784;0.0077919;0.00091722;0.011668;0.0011295;0.0063868;0.0027864;0.00082865;0.0073628;0.0010013;0.07162;0.077518;0.00056013;0.0074263;0.076931;0.0050551;0.0030172;0.0028405;0.0013056;0.00033289;0.0042887;0.0086126;0.0028082;0.007483;0.0042353;0.0057181;0.0097849;0.002695;0.081877;0.0045177
35;1.9804;407.18;2;0.85;0.5;50;50;Euclidean(Summation);0.0009817;0.0080937;0.0015816;0.0042424;0.0031736;0.00042352;0.0024859;0.074998;0.002626;0.076661;0.078684;0.019448;0.0022127;0.0017621;0.0034322;0.01716;0.0029189;0.0011384;0.0039502;0.024165;0.0068659;0.013601;0.01345;0.0053159;0.0033818;0.075792;0.0034287;0.0069628;0.0012033;0.00066974;0.00092933;0.012312;0.0028243;0.0033303;0.0066847;0.075464;0.0057476;0.0013969;0.00055955;0.0025027;0.0043819;0.072199;0.0031035;0.00075763;0.0018718;0.0014556;0.077753;0.0082932;0.0019514;0.0026021;0.00060823;0.0020863;0.076018;0.0010671;0.00045011;0.0057058;0.00079222;0.0014981;0.012153;0.031882;0.00015364;0.0013136;0.004682;0.00044386;0.020701;0.0061393;0.0023154;0.001291;0.00028576;0.077679;0.0024408;0.0033624
36;1.9414;399.17;2;0.85;0.5;50;50;Euclidean(Summation);0.0025847;0.069997;1.1767E-05;0.073456;0.001636;0.053802;0.00056614;0.0048184;0.00022297;5.0384E-05;0.00048653;0.00052984;0.0050799;0.00059611;0.00048126;0.0061567;0.067405;0.0011162;0.0057489;0.0071997;0.0072435;0.069913;0.0045896;0.002148;0.0027186;0.072853;0.00079409;0.06367;0.071211;0.0052692;0.0053257;0.0022118;0.0016709;0.0012772;0.0021943;0.0024752;0.0026781;0.012498;0.070134;0.0048727;0.0047972;0.0053252;0.0077469;0.056039;0.00058421;0.00071749;0.00023438;0.0054626;0.0013654;0.018145;0.0024984;4.0448E-05;0.071958;0.00098596;0.016152;0.0028859;0.0021324;0.0040123;0.0044;0.00072092;0.0012213;0.00066843;0.0096346;0.046325;0.0036148;0.0030374;0.0012502;0.0036934;0.0015393;0.00079814;0.0030989;0.011222
differential evolutions parameters, by distance
i;dDE / dP;distance;type;parentWeight;crossover;population;iterations;distance;weights ->
1;1.0036;1.0775;2;0.85;0.5;50;50;Manhattan(GeometricAverage);0.00037075;0.00016448;0.016363;0.0036581;0.0017414;0.028901;0.0098444;0.010788;0.00044932;0.018871;5.9439E-05;0.019057;0.014271;0.0022338;0.0038665;0.027871;6.493E-05;0.021854;7.71E-05;0.0021117;0.00087012;0.002341;0.0022343;0.0014021;0.00043087;0.00011252;0.026668;0.0038465;9.8806E-05;0.00065446;0.0020354;0.016354;0.00019714;0.00066293;0.0018441;0.023266;0.0015541;0.022153;0.024456;0.018397;0.025233;0.012394;0.02297;0.0057172;0.023183;0.025956;0.025977;0.015815;0.025358;0.026856;0.025662;0.02748;0.01265;0.020629;0.016916;0.025316;0.02809;0.024466;0.014321;0.016263;0.024573;0.014533;0.028768;0.025279;0.0048109;0.027793;0.0015508;0.01912;0.018972;0.027531;0.028765;0.024857
2;1.0036;1.0775;2;0.85;0.5;50;50;Manhattan(GeometricAverage);0.0043433;0.0013863;0.020208;0.0035899;0.00077234;0.030658;0.00046127;0.00028751;0.00071116;0.019459;0.00024322;0.011974;0.013688;0.0010114;0.0061505;0.020025;0.0014831;0.0067019;0.00058309;0.0061924;0.00052853;0.0013221;0.0062582;0.0056086;0.00024487;0.0033736;0.020336;0.00078192;0.0020732;0.00022949;0.002264;0.010525;0.00066193;0.00033622;0.009839;0.0026274;0.00088717;0.019964;0.025621;0.021152;0.027757;0.0036979;0.024097;0.0017503;0.029769;0.031027;0.024785;0.022364;0.022552;0.029599;0.019182;0.027547;0.020737;0.02303;0.018999;0.026122;0.030903;0.01957;0.029259;0.028484;0.027112;0.014724;0.028892;0.020201;0.017623;0.030438;2.9306E-06;0.03049;0.017659;0.018326;0.020628;0.028108
3;1.0038;1.0777;2;0.85;0.5;50;50;Manhattan(GeometricAverage);0.0013454;0.00039316;0.024842;0.0003963;0.0015789;0.029238;0.00034908;0.0012112;0.00064406;0.010549;0.00014949;0.025023;0.0043403;0.0015861;0.014874;0.026205;0.0006318;0.0013528;0.0021861;0.0022818;0.0027831;0.00083835;0.0051711;0.0018346;0.00017506;0.00086254;0.025281;0.0018308;0.0011771;0.003622;0.0024439;0.017434;0.000294;0.0012314;0.00085756;0.0091907;0.00057747;0.029515;0.018663;0.023006;0.02148;0.00035455;0.026376;0.0017853;0.028039;0.019903;0.030905;0.019719;0.014624;0.027263;0.024281;0.029992;0.02359;0.030237;0.02697;0.025746;0.029381;0.02531;0.011321;0.01561;0.025953;0.019502;0.024032;0.031407;0.0031697;0.026368;0.00059155;0.023322;0.028148;0.030845;0.029583;0.028227
4;1.0042;1.0792;2;0.85;0.5;50;50;Manhattan(Average);0.0017435;0.00015242;0.017057;0.018083;0.011468;0.032588;0.00066721;9.4875E-05;0.00032159;0.0010354;0.00041;0.020601;0.01564;0.002944;0.0036522;0.0047887;0.00014379;0.0030345;0.0028413;0.00035357;0.00082372;0.0022004;0.00014951;0.0012144;0.00022794;0.002617;0.017972;0.0014694;0.0019526;0.0042309;0.00073926;0.013654;0.00010003;0.00038796;0.0045484;0.0045033;0.00053254;0.024874;0.012917;0.030036;0.027087;0.0023245;0.028629;0.0024424;0.029692;0.023679;0.032844;0.010386;0.031787;0.021794;0.029149;0.03216;0.022826;0.03345;0.030537;0.018939;0.01517;0.026828;0.024142;0.0028759;0.022212;0.024754;0.022212;0.03455;0.0003261;0.031828;0.00011054;0.02991;0.034368;0.032404;0.032201;0.025619
5;1.0042;1.0792;2;0.85;0.5;50;50;Manhattan(Average);0.0035161;0.00039436;0.031288;0.02094;0.0024232;0.032128;0.00024749;0.0010072;0.0005414;0.019496;0.0004065;0.0025262;0.0050146;0.0038422;0.0011993;0.024256;0.00040303;0.0018621;0.000645;0.0055175;0.00026119;0.00041811;0.0059203;0.0043754;0.00019886;0.00073309;0.015171;0.0027554;0.00091578;0.0010887;0.001334;0.0073042;0.00033716;0.00018907;0.00020322;0.0043264;0.0001932;0.023651;0.030328;0.023127;0.022692;0.00014321;0.024842;0.019313;0.031607;0.031964;0.02883;0.0049288;0.010753;0.026951;0.031182;0.032579;0.0097351;0.021558;0.032134;0.033095;0.017218;0.0204;0.0068391;0.017635;0.029471;0.032461;0.031099;0.027979;0.0025824;0.025283;0.0015869;0.026447;0.023674;0.031948;0.031251;0.031332
6;1.0043;1322.1;2;0.85;0.5;50;50;Manhattan(Summation);0.0069259;0.00087828;0.020405;0.0055437;0.0015114;0.035114;0.0026937;0.00094023;0.0018028;0.016625;0.00085418;0.00084037;0.0032377;0.0002183;0.0012096;0.031715;0.00035214;0.0014206;5.2926E-05;0.00064919;0.00088797;0.0023877;0.002259;0.0052962;0.00010749;0.00041609;0.028833;0.0039561;0.00045744;0.0024567;0.00035048;0.0030556;1.1405E-05;1.7632E-06;0.00021576;0.0060276;9.2576E-06;0.01736;0.03327;0.023597;0.0049731;0.0073105;0.034753;0.0013189;0.032815;0.027186;0.010201;0.0039498;0.016856;0.031966;0.024754;0.03084;0.016218;0.033564;0.034021;0.022741;0.032457;0.018807;0.030758;0.016155;0.032037;0.028189;0.031287;0.02528;0.0025254;0.035038;0.0013944;0.02735;0.035013;0.028915;0.025465;0.031911
7;1.0043;1322.2;2;0.85;0.5;50;50;Manhattan(Summation);0.0003639;0.0053658;0.015619;0.0036018;0.0041989;0.036361;0.00064901;0.00048364;0.00031413;0.0019792;0.0003047;0.01333;0.01755;0.0029149;0.0014504;0.03006;0.00064881;0.0028956;0.00016461;0.0012805;0.0027795;0.003818;0.0020874;0.0018279;0.0018419;0.00012316;0.011955;0.0011834;0.0018792;0.0026039;0.00075647;0.0057733;0.0012143;0.0013908;0.0021284;0.00053999;0.002686;0.02042;0.024277;0.035592;0.033693;0.0010532;0.034636;0.00056249;0.036918;0.025274;0.032266;0.017963;0.0050815;0.027804;0.028296;0.036989;0.0074287;0.026571;0.031561;0.036903;0.026568;0.023513;0.031818;0.025699;0.030204;0.020666;0.030492;0.034397;0.00018965;0.035648;0.00054082;0.014173;0.011948;0.022862;0.031;0.012865
8;1.0044;1.0794;2;0.85;0.5;50;50;Manhattan(Average);0.0008291;0.0030892;0.02123;0.0053069;0.0018634;0.034609;0.0024717;0.00019044;0.0010744;0.003852;0.00017641;0.011967;0.0024624;0.0015831;0.00096002;0.028438;0.0016916;0.010548;1.5938E-05;0.0003626;5.9906E-05;0.00012396;0.0022094;0.0061123;0.00070229;0.00026093;0.020435;0.0017031;0.0010263;0.00060781;0.00095224;0.021137;0.00037564;0.00045367;0.0014461;0.0077288;0.00066312;0.032103;0.021266;0.028336;0.025613;0.00046588;0.0043522;0.0029571;0.032654;0.033447;0.023061;0.0096499;0.024004;0.021318;0.023323;0.032077;0.020048;0.030181;0.024613;0.0322;0.03393;0.021768;0.015121;0.027088;0.032573;0.021383;0.031961;0.022786;0.002514;0.031803;0.0020157;0.028204;0.02249;0.027501;0.033427;0.025049
9;1.0044;1322.3;2;0.85;0.5;50;50;Manhattan(Summation);0.00092183;0.00025717;0.0055953;0.0034711;7.7298E-05;0.026816;0.00073945;0.0026408;0.0038927;0.0084221;0.00023241;0.0058696;0.014787;0.00077457;0.0080689;0.027486;0.0010296;0.00062382;6.9308E-05;0.00074511;0.00097075;0.0018905;0.0010212;0.0017196;0.00098854;6.7922E-05;0.0062695;0.0033132;0.0012617;0.0019244;0.00047165;0.0062745;0.00084515;0.00079788;0.002747;0.0065864;0.0014417;0.032225;0.032186;0.025952;0.033627;0.0025574;0.02995;0.00089099;0.033141;0.031929;0.033125;0.011817;0.016907;0.031613;0.032026;0.029797;0.0017339;0.034906;0.026645;0.026251;0.030353;0.028409;0.01574;0.004508;0.034194;0.033125;0.029912;0.030064;0.00056609;0.031334;0.00022512;0.028548;0.030324;0.02609;0.032883;0.025333
10;1.0062;1.0828;2;0.85;0.5;50;50;Manhattan(Median);0.015311;0.011355;0.0024835;0.020947;9.7594E-05;0.015552;0.0035318;0.0077349;0.019917;0.021235;0.0025622;0.009287;0.023235;0.014563;0.0077223;0.020633;0.014686;0.0050002;0.0012183;0.023567;0.018169;0.024096;0.0034507;0.015041;0.0028384;0.020172;0.025779;0.0092345;0.0073187;0.014274;0.019751;0.0076235;0.0094591;0.0034423;0.00055644;0.0015293;0.0036985;0.024989;0.017108;0.0035211;0.015892;0.0041021;0.024822;0.018808;0.021156;0.0088413;0.01223;0.02368;0.0069616;0.016597;0.019954;0.013784;0.01213;0.016753;0.01986;0.018182;0.020885;0.011443;0.022996;0.020691;0.010494;0.016163;0.022728;0.018501;0.0090294;0.024414;0.019073;0.020182;0.014062;0.007075;0.017139;0.018682
11;1.0065;1.0831;2;0.85;0.5;50;50;Manhattan(Median);0.012681;0.020469;0.0024511;0.014263;0.0089746;0.0051247;0.012682;0.025674;0.0071058;0.029466;0.021031;0.014637;0.0064005;0.0020245;0.0041281;0.001385;0.017636;0.01359;0.00422;0.0030387;0.026462;0.017574;0.0042377;0.0062047;0.023202;0.0015898;0.0071013;0.021897;0.025078;0.0068031;0.010203;0.030149;0.0057414;0.0021877;0.021624;0.011126;0.011118;0.012531;0.0033964;0.02427;0.029529;0.0012054;0.020601;0.015225;0.028114;0.015588;0.013233;0.012252;0.0066614;0.027372;0.028033;0.0035232;0.025737;0.025941;0.028384;0.0071334;0.01786;0.026511;0.01511;0.019079;0.023363;0.0019432;0.016228;0.0096934;0.029956;0.0044859;0.0011663;0.0052804;0.0025251;0.014907;0.0016701;0.022211
12;1.0076;1.0842;2;0.85;0.5;50;50;Manhattan(Median);0.023385;0.018976;0.016154;0.027286;0.025069;0.0084667;0.0059087;0.0022935;0.015183;0.022527;0.025464;0.025036;0.021732;0.0055321;0.016133;0.017793;0.01815;0.0014803;0.0015474;0.0079663;0.015306;0.0027452;0.0070551;0.011277;0.0086608;0.014215;0.021906;0.024495;0.010086;0.0074974;0.00020859;0.026886;0.011858;0.0012498;0.0035311;0.0013747;0.020708;0.022845;0.01243;0.0019384;0.026338;0.0024062;0.022051;0.0033661;0.027325;0.014653;0.023249;0.01096;0.00071555;0.020395;0.016237;0.020134;0.0057792;0.025026;0.0018028;0.00039926;0.019996;0.026626;0.020029;0.013093;0.018191;0.009181;0.0083685;0.022277;0.022826;0.027415;0.0054215;0.011657;0.0049631;0.015844;0.0086636;0.012249
13;1.0569;0.957;2;0.85;0.5;50;50;Manhattan(Minimum);0.014639;0.021962;0.013002;0.021726;0.01858;0.017155;0.019986;0.01639;0.0074886;0.01689;0.0085516;0.00010023;0.01294;0.01758;0.0015091;0.0057037;0.019537;0.011338;0.013321;0.017185;0.018818;0.0019522;0.022958;0.015639;0.017615;0.0035425;0.018668;0.017003;0.019535;0.0059069;0.0095135;0.0044452;0.013739;0.022469;0.023227;0.021735;0.0060295;0.023096;0.010616;0.02259;0.012322;0.020669;0.022665;0.014217;0.018558;0.012955;0.012881;0.01401;0.021733;0.01869;0.018565;0.020635;0.010917;0.022806;0.010853;0.014567;0.02471;0.010423;0.0037231;0.004906;0.015298;0.015757;0.0012059;0.017383;0.018133;0.0029282;0.0010736;0.0044005;0.0091803;0.0089668;0.0089999;0.011187
14;1.0574;1.0304;2;0.85;0.5;50;50;Manhattan(MinimumTimesMedian);0.0071644;0.0069704;0.022084;0.018978;0.020037;0.025056;0.0062412;0.022266;0.010806;0.023796;0.0088666;0.018991;0.013893;0.0063377;0.027624;0.014349;0.0024442;0.0070917;0.0028254;0.0038336;0.023133;0.0091754;0.021145;0.019674;0.0095039;0.020547;0.02301;0.013007;0.013619;0.0016736;0.0071686;0.013758;0.0035777;0.003116;0.020635;0.013137;0.0064378;0.027295;0.023834;0.0076394;0.00017233;0.02008;0.025239;0.0031557;0.012217;0.016805;0.015245;0.0088884;0.01522;0.017735;0.013914;0.017391;0.011943;0.018859;0.014454;0.0034153;0.026726;0.0049672;0.01941;0.022014;0.015648;0.012033;0.014492;0.011117;0.013982;0.00053014;0.003879;0.026402;0.0066682;0.00834;0.025989;0.022329
15;1.0625;0.96215;2;0.85;0.5;50;50;Manhattan(Minimum);0.0074103;0.00038834;0.0074774;0.014826;0.0037426;0.020024;0.021477;0.017033;0.0022562;0.023084;0.0071661;0.00185;0.010296;0.010178;0.0058457;0.01375;0.016322;0.023962;0.009658;0.017581;0.0098368;0.011206;0.0243;0.022912;0.01494;0.0043488;0.023016;0.02594;0.015089;0.0014734;0.00023526;0.010209;0.0008833;0.0098793;0.0098777;0.010514;0.0054461;0.022295;0.013798;0.02534;0.015799;0.025425;0.022168;0.019128;0.017434;0.013192;0.018708;0.018135;0.020842;0.025349;0.0055452;0.025061;0.02306;0.014212;0.0090517;0.014739;0.021231;0.015239;0.022906;0.0067732;0.008496;0.016517;0.016659;0.0048833;0.02448;0.0021361;0.0065142;0.020971;0.0032568;0.014218;0.013212;0.018789
16;1.0634;1.0363;2;0.85;0.5;50;50;Manhattan(MinimumTimesMedian);0.0052277;0.0089009;0.017951;0.017434;0.017484;0.021093;0.022987;0.019697;0.0084408;0.021899;0.0075137;0.0098396;0.021802;0.017389;0.010268;0.0066147;0.020004;0.022152;0.0086005;0.0069184;0.022751;0.0023018;0.013877;0.0065492;0.022005;0.014186;0.012145;0.017915;0.017405;0.011153;0.0132;0.017403;0.0071696;0.015118;0.015895;0.023385;0.0013837;0.019089;0.01188;0.019889;0.020918;0.013644;0.019396;0.012867;0.021517;0.013832;0.016712;0.013313;0.0050881;0.017985;0.0083695;0.011648;0.0062837;0.022945;0.0049693;0.012916;0.021475;0.011563;0.0057295;0.0035959;0.0088191;0.010083;0.0047756;0.022276;0.022683;0.021113;0.0017158;0.022102;0.01649;0.013684;0.0094343;0.0051409
17;1.0639;1.0367;2;0.85;0.5;50;50;Manhattan(MinimumTimesMedian);0.014271;0.0070561;0.022473;0.020712;0.01299;0.011062;0.016482;0.021895;0.015531;0.024745;0.0025543;0.0064024;0.017113;0.01561;0.013668;0.013367;0.0049544;0.010441;0.011932;0.0095648;0.018207;0.015734;0.022222;0.0066917;0.022254;0.014779;0.02022;0.015241;0.002894;0.0044342;0.0011346;0.0154;0.0019595;0.012105;0.0040376;0.020185;0.016442;0.01654;0.0039707;0.016815;0.019789;0.018326;0.015711;0.010649;0.023326;0.016475;0.010296;0.010286;0.015646;0.017764;0.0091193;0.015;0.020208;0.015835;0.0031976;0.021569;0.017971;0.0057308;0.0063958;0.018124;0.018176;0.012532;0.014041;0.0169;0.018635;0.010865;0.0015184;0.024396;0.01086;0.013567;0.023268;0.019731
18;1.0643;0.96371;2;0.85;0.5;50;50;Manhattan(Minimum);0.004406;0.0043141;0.023133;0.022212;0.015161;0.0078856;0.0083054;0.020453;0.004391;0.013195;0.015716;0.021223;0.010574;0.017041;0.0065127;0.012597;0.021398;0.018434;0.010142;0.019611;0.012116;0.0064721;0.013244;0.010869;0.023477;0.0073489;0.022953;0.015102;0.017393;0.0090087;0.0082797;0.020368;0.0091069;0.01786;0.015719;0.024091;0.0070704;0.017524;0.0083353;0.020333;0.011961;0.012444;0.023998;0.0077926;0.022812;0.021615;0.011982;0.020792;0.01138;0.0072083;0.0055503;0.023044;0.017847;0.014511;0.0074147;0.018592;0.019655;0.0088956;0.012367;0.0095545;0.008641;0.013244;0.018297;0.019081;0.021129;0.0073538;0.0038917;0.013263;0.0070258;0.0067405;0.012776;0.015765
19;1.2733;0.16332;2;0.85;0.5;50;50;Euclidean(Minimum);0.014682;0.00060302;0.02565;0.0015323;0.015645;0.023657;0.004008;0.024043;0.00092582;0.018042;0.028692;0.023977;0.024497;0.0063853;0.014687;0.024029;0.015892;0.0047582;0.0015472;0.0016494;0.0073652;0.0030347;0.011122;0.00154;0.0032272;2.6405E-06;0.028028;0.00068613;0.028995;0.029691;0.0033969;0.0026937;0.0036579;0.025184;0.017657;0.012117;0.022229;0.022115;0.01142;0.00039517;0.018506;0.024732;0.011437;0.015893;0.029949;0.00017395;0.0014847;0.026657;0.00053057;0.026991;0.0042439;0.017785;0.0016993;0.028797;0.00093067;0.027688;0.02971;0.0072229;0.029782;0.01616;0.00010931;0.025406;0.00072101;0.029016;0.0012716;0.0085022;0.029615;0.022664;0.020194;0.0041978;0.028062;0.00040408
20;1.348;0.17289;2;0.85;0.5;50;50;Euclidean(Minimum);0.027112;0.0010608;0.0091219;0.0074366;0.0079832;0.0055342;0.0023194;0.010261;0.030815;0.031597;0.0011258;1.4727E-05;0.028013;0.005377;0.0024327;0.032608;0.00025651;0.021418;0.0064072;0.00071949;0.0054423;0.029315;0.027813;0.0014356;0.019502;0.00090488;0.034913;0.00080238;0.00027549;0.034441;0.0042616;0.00076846;0.0013643;0.00058223;0.00014241;0.035454;0.030576;0.032261;0.013346;0.00053182;0.0070326;0.017458;0.00016403;0.0020169;0.00016147;0.036606;0.027808;0.0042969;0.017513;0.030361;0.0022205;0.013611;0.030977;0.0013921;0.00024331;0.026371;0.034673;0.0023907;0.0027546;0.017507;0.011149;0.0031709;0.019796;0.018888;0.036954;0.032352;0.0043939;0.00013744;0.0057542;0.028727;0.033064;0.024311
21;1.3487;0.17299;2;0.85;0.5;50;50;Euclidean(Minimum);0.02874;0.00077805;0.00073377;0.0025787;0.032996;0.032583;0.006912;0.031221;0.022274;0.0062158;0.001215;0.0035312;0.00023902;0.032757;0.021121;0.032181;0.014033;0.00083129;0.0013364;0.0018759;0.00020289;0.0011897;0.0046964;0.020768;0.0064774;0.0017295;0.034054;0.0016001;0.015603;0.00048318;0.013551;0.0030886;0.002109;0.030294;0.0051882;0.010506;0.0038362;0.032253;2.4622E-05;0.027658;0.0022307;0.0027767;0.029246;0.033929;0.018638;0.030714;0.002395;0.03187;0.00044751;0.033741;0.00016315;0.006928;0.033957;0.023832;0.0041976;0.031081;0.028248;0.0026974;0.0004789;0.0034526;0.017762;0.029958;0.0022005;0.033827;0.028382;0.00032007;8.0881E-05;0.0014329;0.030889;0.027597;0.016148;0.00091181
22;1.7487;0.29259;2;0.85;0.5;50;50;Euclidean(GeometricAverage);0.017409;0.047207;0.00054295;0.0026585;0.010776;0.0048915;0.00026748;0.021968;0.0017574;0.013673;0.0059929;0.0007557;0.0013094;0.055389;0.0010074;0.0099174;0.0063932;0.016778;0.0084073;0.063283;0.00067216;0.00090753;0.0027279;0.062725;0.0001276;0.0048042;0.059015;0.00077462;0.0026767;0.001195;0.0082883;0.0013008;0.0021682;0.0014262;0.0012572;0.018935;0.0040919;0.0066473;0.00024032;0.0035023;0.061808;0.018128;0.0015564;0.0033932;0.0015914;0.00013546;0.063059;0.0049475;0.0013902;0.0010922;0.0015328;0.062962;0.0061239;0.010883;5.7707E-05;0.05296;0.046204;0.0057107;0.0035115;0.0023455;0.059791;0.00078389;0.0082774;0.054414;0.0023478;0.039141;0.0056745;0.0015517;0.0014723;0.0013638;0.0015253;0.00039845
23;1.8289;0.30601;2;0.85;0.5;50;50;Euclidean(GeometricAverage);0.059111;0.00095823;2.6257E-05;0.001857;0.00012469;0.064417;0.00074453;0.053561;0.00057206;0.048428;0.0016075;0.00098185;0.063438;0.0013793;0.007311;0.0012788;0.0020051;0.001526;0.0035144;0.062447;0.0095329;0.0016815;0.0037654;0.0035097;0.058043;0.0016665;0.0042891;0.0017218;0.0012746;0.0031784;0.00038489;0.00032653;0.0012582;0.0010175;0.00068273;0.064647;0.0065457;0.00077072;0.0085434;8.384E-05;0.0008068;0.00055778;0.0075943;0.00022926;0.0081059;0.047515;0.0010449;0.0015127;0.0027569;0.0014745;0.00037164;0.050242;0.038348;0.0029326;0.0026109;0.0078074;0.0597;0.0016734;0.01055;0.010168;0.0034633;0.0024684;0.0013052;0.0062196;0.048777;0.0016403;0.059892;0.0027856;0.0029443;0.060297;0.0030137;0.0029793
24;1.8464;0.3099;2;0.85;0.5;50;50;Euclidean(Average);0.0072988;0.0034108;0.0026664;0.006138;0.0034116;0.0009933;0.0011655;0.00075402;0.061614;0.065736;0.0093802;0.0010351;0.0020142;0.0018733;0.00042457;0.0019173;0.00047421;0.0015605;0.0040259;0.0018131;0.0031582;0.0068338;0.00030762;0.0091065;0.0030223;0.0024108;0.0015521;0.055718;0.058096;0.059138;0.001939;0.053163;0.00064512;0.0021569;0.00014617;0.0022346;0.043517;0.063974;0.041677;0.0065961;0.0015271;0.065494;0.048365;0.0030126;0.0056739;0.0039469;0.064905;0.00037783;0.0009434;0.00062921;0.0027436;0.0046835;0.00098526;0.0027887;0.0061261;0.00078725;0.058104;0.0012487;0.00080657;0.024027;0.010403;0.0047917;0.064069;0.0047943;0.00018966;0.0036608;0.00084293;0.00082153;0.0075417;0.0050742;0.0062602;0.0012763
25;1.8525;0.30996;2;0.85;0.5;50;50;Euclidean(GeometricAverage);0.0049911;0.0040688;5.1844E-05;0.0028968;0.0048873;0.00061601;0.00089598;0.0047569;0.070526;0.056246;0.0042969;0.0031087;0.020258;0.067924;0.0014704;0.0021534;0.0036452;0.00086834;0.056106;0.0042219;0.001095;0.013357;0.0027948;0.060153;0.0035239;0.01091;0.0023983;0.0020384;0.012598;0.07015;0.008723;0.001771;0.0045341;0.0096899;0.00029126;0.0015372;0.0035656;0.0072739;0.0027125;0.0017759;0.0095509;0.00016238;0.064827;0.0010144;0.00078371;0.00059175;0.006507;0.0042103;0.00013524;0.069415;0.00094985;0.070972;0.068458;0.068291;0.0077218;0.00068642;0.0029833;0.0018347;5.6884E-05;0.014795;0.0020093;0.0012732;0.0016173;0.00022728;0.016209;0.0030513;0.0074795;0.013289;0.0038005;0.0047052;0.010719;0.0067914
26;1.8597;0.31213;2;0.85;0.5;50;50;Euclidean(Average);0.0020153;0.0053259;0.0080237;0.00061621;0.0028422;0.0024508;0.0063495;0.0065009;0.00099415;0.013939;0.0023417;0.0048278;0.003393;0.003921;0.00093992;0.0026528;0.0089097;0.011652;0.00024311;0.064117;0.0016202;0.0043895;0.00036066;0.0011386;0.00065842;0.0075363;0.070497;0.047517;0.0022271;0.061219;0.0045914;0.0049686;0.0015656;0.0037638;0.0077319;0.066486;0.0016266;0.0009102;0.024247;0.0030198;0.0067229;0.0013324;0.00047532;0.0046663;0.0045851;0.0023649;0.024831;0.0050622;0.0011417;0.0015733;0.066235;0.0019677;8.5279E-05;0.0075174;0.054222;0.00027961;0.0042384;0.0088724;0.00033661;0.069803;0.028752;0.0030307;0.0040297;0.069688;0.0029095;0.0010607;0.016925;0.0018061;0.067805;0.0011457;0.00069961;0.067704
27;1.9127;0.32156;2;0.85;0.5;50;50;Euclidean(Median);0.060481;0.0018606;0.0019827;0.0090768;0.058358;0.057286;0.0096731;0.068573;0.0030335;0.0023617;0.00012606;0.0018333;0.006329;0.067122;0.0020257;0.0024782;0.00305;0.066486;0.0037525;0.00021353;0.0024146;0.0062592;0.0026193;0.011358;0.066971;0.0015107;0.0049382;0.0021785;0.0013988;0.0010126;0.0032601;0.0066448;0.0044079;0.0019153;0.012076;0.0075;0.0077234;0.00011418;0.0040298;0.001747;0.00039557;0.00073149;0.0076974;0.068348;0.0033665;0.00013664;0.0090844;0.0017288;0.064806;0.01277;0.0070754;0.00097852;0.0014329;0.068491;0.00011346;0.0048876;0.064893;0.0032805;0.00048287;0.00066569;0.0020657;0.0044749;0.00087226;0.00097943;0.0038601;0.0044187;0.0014372;0.0013118;0.0040552;0.01043;0.001194;0.067351
28;1.9249;0.32361;2;0.85;0.5;50;50;Euclidean(Median);0.0013233;0.0012865;0.0011048;0.0003628;0.002618;0.0041278;0.0016113;0.066996;0.006595;0.0052314;0.063209;0.011676;0.00215;0.0019046;0.069508;0.06258;0.0032832;0.0014903;0.0081956;0.0043533;0.0034296;0.0038529;0.05646;0.00027974;0.0069542;0.027366;0.00157;0.0043834;0.005924;0.0055739;0.003373;0.0005859;0.013284;0.0019673;0.0068529;0.0037679;0.0010581;0.0013727;0.063172;0.069019;0.065341;0.0064793;0.0024099;0.0036423;0.00088773;0.00015167;0.0041784;0.00429;0.0022452;0.0034583;0.00521;0.0018715;0.0027931;0.0021491;0.00043828;5.0961E-05;0.0011951;0.0055474;0.0016826;0.002461;0.061897;0.0020644;0.064955;0.063062;0.0027244;0.001946;0.0063749;0.0081529;0.0026828;0.065682;0.0015415;0.0025819
29;1.9414;399.17;2;0.85;0.5;50;50;Euclidean(Summation);0.0025847;0.069997;1.1767E-05;0.073456;0.001636;0.053802;0.00056614;0.0048184;0.00022297;5.0384E-05;0.00048653;0.00052984;0.0050799;0.00059611;0.00048126;0.0061567;0.067405;0.0011162;0.0057489;0.0071997;0.0072435;0.069913;0.0045896;0.002148;0.0027186;0.072853;0.00079409;0.06367;0.071211;0.0052692;0.0053257;0.0022118;0.0016709;0.0012772;0.0021943;0.0024752;0.0026781;0.012498;0.070134;0.0048727;0.0047972;0.0053252;0.0077469;0.056039;0.00058421;0.00071749;0.00023438;0.0054626;0.0013654;0.018145;0.0024984;4.0448E-05;0.071958;0.00098596;0.016152;0.0028859;0.0021324;0.0040123;0.0044;0.00072092;0.0012213;0.00066843;0.0096346;0.046325;0.0036148;0.0030374;0.0012502;0.0036934;0.0015393;0.00079814;0.0030989;0.011222
30;1.9735;0.33124;2;0.85;0.5;50;50;Euclidean(Average);0.00015219;0.0032966;0.00086343;0.0098553;0.0018918;0.0042016;0.071935;0.0029527;0.0043193;0.078314;0.0072181;0.073346;0.0041814;4.1469E-05;0.0018977;0.0076937;0.0036904;0.0004729;0.0027092;0.0094795;0.0018554;0.0022706;0.062454;0.026443;0.016397;7.0298E-05;0.00052739;0.0089532;0.00049213;0.0018979;0.0033665;0.0183;0.0041923;0.079653;0.0022032;0.00065003;0.0015322;0.0091883;0.0052163;0.0014019;0.0059807;0.00025866;0.0034227;0.00020651;0.001956;0.0011329;0.012138;0.0029476;0.0013613;0.0011201;0.00096308;0.072483;0.0046334;0.0058448;0.0032781;0.0023966;0.00029932;0.0025662;0.070582;0.02403;0.00039237;0.0035176;0.0776;0.0031032;0.074757;0.065436;0.0024391;0.0039413;0.012107;0.0013751;0.0012861;0.00086843
31;1.9804;407.18;2;0.85;0.5;50;50;Euclidean(Summation);0.0009817;0.0080937;0.0015816;0.0042424;0.0031736;0.00042352;0.0024859;0.074998;0.002626;0.076661;0.078684;0.019448;0.0022127;0.0017621;0.0034322;0.01716;0.0029189;0.0011384;0.0039502;0.024165;0.0068659;0.013601;0.01345;0.0053159;0.0033818;0.075792;0.0034287;0.0069628;0.0012033;0.00066974;0.00092933;0.012312;0.0028243;0.0033303;0.0066847;0.075464;0.0057476;0.0013969;0.00055955;0.0025027;0.0043819;0.072199;0.0031035;0.00075763;0.0018718;0.0014556;0.077753;0.0082932;0.0019514;0.0026021;0.00060823;0.0020863;0.076018;0.0010671;0.00045011;0.0057058;0.00079222;0.0014981;0.012153;0.031882;0.00015364;0.0013136;0.004682;0.00044386;0.020701;0.0061393;0.0023154;0.001291;0.00028576;0.077679;0.0024408;0.0033624
32;1.9902;0.33459;2;0.85;0.5;50;50;Euclidean(Median);0.0042897;0.0012113;0.00027957;0.0017673;0.00079057;0.00015595;0.076754;0.007525;0.0041592;0.0016972;0.00088107;0.00014443;0.024392;0.0023105;0.00044925;0.074327;0.0035306;0.00036431;0.037726;0.012253;0.075845;0.0076227;0.00088498;0.0013772;0.0053164;0.0015589;0.011695;0.00048953;0.0020549;0.073618;0.065799;0.0038523;0.052623;0.00011455;0.00062016;0.00042667;0.0011291;0.00032051;0.0047933;0.00017205;0.0085345;0.0012227;0.0012539;0.0047473;0.0011542;0.0020247;0.0038283;0.0096481;0.0024666;0.00065244;0.074251;0.0057855;0.075739;0.0024254;0.0032128;0.072222;0.0016568;0.003012;0.0017073;0.077403;0.0016533;3.1418E-05;0.00075237;0.017245;0.00040229;0.0071992;0.0022155;0.0045404;0.035812;0.0039923;0.0071455;0.00074045
33;2.019;415.11;2;0.85;0.5;50;50;Euclidean(Summation);0.012419;0.0035601;0.00047216;0.0030134;0.080331;0.006013;0.0037728;0.0030151;0.012942;0.003115;0.065812;0.0012013;7.232E-05;0.0014389;0.0087264;0.06893;0.013691;0.0016563;0.0017104;0.00066282;0.0026898;0.0027299;0.0027918;0.0021111;0.079781;0.0091073;0.075888;0.0027509;0.0043558;0.0032081;0.0018637;0.0085519;0.0016271;0.071766;0.0016592;0.003406;0.0018478;0.00056331;0.0030183;0.0026354;0.0018934;0.002722;0.0019784;0.0077919;0.00091722;0.011668;0.0011295;0.0063868;0.0027864;0.00082865;0.0073628;0.0010013;0.07162;0.077518;0.00056013;0.0074263;0.076931;0.0050551;0.0030172;0.0028405;0.0013056;0.00033289;0.0042887;0.0086126;0.0028082;0.007483;0.0042353;0.0057181;0.0097849;0.002695;0.081877;0.0045177
34;2.045;0.044096;2;0.85;0.5;50;50;Euclidean(MinimumTimesMedian);0.027703;0.00010306;0.00086522;0.026749;0.0019873;0.038395;0.037235;0.0074403;0.000461;0.042722;0.012696;0.00087349;0.001729;0.0097121;0.033275;0.0017924;0.0008173;0.044376;0.003031;0.0061119;0.038624;0.0093962;0.040593;0.00067453;5.6704E-05;0.00034159;0.003093;0.00067023;0.0023925;0.0035563;0.01768;0.032076;0.0053996;0.00034645;0.036958;0.00063223;0.0087332;0.00092985;0.041992;0.0048097;0.038279;0.031098;0.0019831;0.0040074;0.0076391;0.0011074;0.0023165;0.0039402;0.0024601;0.011554;0.0421;0.0048007;0.0010098;0.016391;0.028842;0.039;0.041177;0.0019709;0.0041658;0.00048754;9.8675E-05;0.001345;5.1564E-05;0.00462;0.0016172;0.039902;0.031445;0.041132;0.00085003;0.00050558;0.043975;0.0030995
35;2.101;0.045305;2;0.85;0.5;50;50;Euclidean(MinimumTimesMedian);0.0018328;0.0017733;0.00053325;0.014256;0.00038479;0.0016884;0.006596;0.00047632;0.0072114;0.0027915;0.037949;0.025951;0.00071168;0.0012389;0.0013888;0.0037898;0.0003713;0.00022796;0.0018883;0.0045107;0.003995;0.029173;0.034548;0.018835;0.040109;0.0062441;0.00011938;0.040964;0.025975;0.00015158;0.033602;0.00044395;0.00097385;0.00036916;0.00085294;0.041525;0.0010726;0.038798;0.022059;0.0003782;0.0025992;0.041217;0.041266;0.027363;0.0058274;0.0027041;0.001041;0.00023262;0.041429;0.0064957;0.0010796;0.032662;0.00022837;0.0030441;0.0046117;0.043611;0.041712;0.028435;0.00078936;0.00082072;0.035294;0.036001;0.0024219;0.00071374;0.038097;0.039434;0.041297;0.0026408;0.0014026;0.0093137;0.0072322;0.0032248
36;2.1272;0.04587;2;0.85;0.5;50;50;Euclidean(MinimumTimesMedian);0.0050917;0.00079624;0.036417;0.0013443;0.0016884;0.00067968;0.03193;0.037874;0.0023133;0.0027847;0.0049682;0.015067;0.03707;0.011467;0.032755;0.038578;0.0031616;0.0023;0.00035412;0.036554;0.00053811;0.0046436;0.0027072;0.00093318;0.032705;0.0018259;0.0025744;0.0028248;0.0014517;0.00045825;0.022926;0.037638;0.0023996;0.0011107;0.0018477;0.0026108;0.0036857;0.037014;0.0015518;0.038857;0.00013143;0.0011055;0.036536;0.039504;0.0011246;0.00034468;0.00089642;0.034357;0.0016379;0.040011;0.0013229;0.00015321;0.00067781;0.03582;0.012515;0.00012509;0.0014625;0.038661;0.0018764;0.038846;0.00075082;0.0013172;0.035425;0.033515;0.0015681;0.0012226;0.00068417;0.037964;0.00013646;0.036512;0.038486;0.021815
population
1;-59.552;52.399;98.889;-50.377;105.35;36.679;13.394;-31.431;-16.493;-21.938;48.673;-20.299;22.431;24.524;-14.125;-21.409;-32.34;-6.3299;8.2372;30.585;50.708;-46.644;173.82;26.51;51.849;-3.9901;127.69;50.67;-11.406;-0.5958;-80.568;-57.99;-6.6786;-81.41;-80.049;79.157;0.023262;0.95141;0.38723;0.0020597;0.14514;0.66142;0.74976;0.44007;0.72255;0.89882;0.63754;0.708;0.51128;0.97626;0.71309;0.62203;0.46356;0.012127;0.36827;0.61546;0.14599;0.62387;0.63534;0.44079;0.43917;0.40745;0.11221;0.73284;0.050219;0.723;0.18737;0.53562;0.7392;0.4526;0.93359;0.46088
2;-45.63;113.36;-161.12;75.905;-39.767;-74.503;-85.86;-51.699;13.671;54.612;-7.9738;112.12;55.535;-50.612;71.251;22.21;-89.106;-83.105;57.171;14.877;9.979;32.82;31.994;-28.642;-51.916;19.541;56.504;28.16;26.613;31.871;-41.682;87.862;36.017;37.639;-117.97;-129.13;0.2558;0.91775;0.35188;0.93422;0.71568;0.7075;0.97605;0.66849;0.33102;0.52178;0.54627;0.80073;0.90474;0.8256;0.18926;0.62132;0.081372;0.44466;0.95412;0.45307;0.28023;0.10658;0.69199;0.17768;0.11702;0.23389;0.77613;0.31846;0.82944;0.50155;0.65332;0.99413;0.32664;0.5243;0.26842;0.61504
3;-61.821;-21.638;-63.673;-146.33;269.26;-24.074;-45.886;51.955;19.406;-166.67;-56.412;29.497;52.62;43.847;-51.521;9.9281;-28.518;63.668;84.861;-29.24;72.952;81.49;61.757;87.713;-3.5473;-22.772;152.61;59.368;7.8957;-0.24711;225.83;209.06;50.263;20.789;-138.32;53.695;0.22806;0.63749;0.33019;0.25021;0.87736;0.10135;0.92612;0.20794;0.17905;0.025429;0.51848;0.029812;0.61432;0.54004;0.52779;0.7047;0.43827;0.85163;0.73083;0.13821;0.35252;0.37664;0.12351;0.88137;0.90849;0.92002;0.50297;0.75442;0.88354;0.57434;0.9083;0.6279;0.47384;0.33184;0.72861;0.4328
4;-216.58;9.3355;-9.763;-53.282;-80.987;-49.671;-56.658;-43.14;-25.821;62.775;14.883;61.702;-140.12;-74.518;-39.815;95.166;69.013;177.07;76.469;18.485;102.69;107.49;24.569;-122.46;58.304;-144.19;-10.84;59.26;-47.874;76.283;127.92;-142.84;-47.456;163.25;-62.425;-26.71;0.92634;0.29601;0.49676;0.5371;0.85998;0.60765;0.99161;0.39456;0.40153;0.039419;0.52657;0.12173;0.66234;0.036582;0.14445;0.85762;0.34726;0.05008;0.73011;0.0063465;0.53147;0.5815;0.6965;0.41546;0.14125;0.27426;0.91797;0.41105;0.72737;0.21402;0.69691;0.18604;0.78817;0.39075;0.43409;0.48009
5;138.59;-4.5577;87.174;-41.446;-108.12;-31.713;-74.881;-25.726;-107.26;-75.461;-83.483;-107.17;78.109;-154.33;-113.36;40.993;-18.339;30.312;4.9902;71.46;-116.79;27.287;-57.791;54.88;-30.505;-52.945;97.699;-113.62;-43.725;-0.7731;61.878;55.617;11.439;-20.723;155.38;3.6659;0.52319;0.999;0.72895;0.18706;0.40413;0.093605;0.92596;0.4869;0.54326;0.26461;0.10438;0.8217;0.39546;0.71212;0.40182;0.16684;0.36188;0.066394;0.56267;0.14062;0.023011;0.69305;0.92523;0.13227;0.70209;0.49277;0.58681;0.93579;0.3938;0.85287;0.12593;0.33101;0.80078;0.19367;0.11308;0.03529
6;-82.49;65.959;-20.103;-183.73;89.946;-0.15795;-186.09;-109.23;54.966;-28.199;-99.803;-40.531;-35.101;-20.625;47.388;-87.142;116.57;66.531;74.676;-30.425;171.31;-38.325;-43.735;-19.975;-58.092;-13.145;109.12;-110.04;-158.32;-20.483;1.4548;4.2013;12.131;-15.902;35.927;-109.45;0.021526;0.576;0.27534;0.06465;0.077202;0.63934;0.69902;0.30946;0.9793;0.80266;0.71282;0.9515;0.072967;0.073837;0.34517;0.33383;0.7192;0.015269;0.87443;0.36072;0.79098;0.57664;0.62807;0.13308;0.49055;0.45661;0.075527;0.073817;0.86951;0.92973;0.19459;0.71668;0.77135;0.40492;0.35004;0.83513
7;75.763;-121.32;9.7497;-9.2744;1.6699;-113.81;42.292;-11.767;104.96;15.931;-47.154;-123.12;-46.053;-69.245;-0.2563;98.882;-180.85;131.03;52.616;32.242;69.085;-9.9647;-5.2711;34.097;-108.27;-55.755;-56.853;56.914;69.724;-7.9927;4.3921;-87.657;80.449;-30.516;-87.025;0.75783;0.38711;0.80827;0.15791;0.82396;0.39256;0.45263;0.86875;0.77271;0.55203;0.15425;0.7464;0.18019;0.76027;0.0023428;0.21518;0.12626;0.92236;0.18539;0.21912;0.031811;0.55689;0.24058;0.95719;0.92809;0.78252;0.084972;0.76692;0.50339;0.94339;0.71878;0.76369;0.88245;0.33757;0.63124;0.043708;0.32118
8;-16.846;92.866;45.92;80.003;-7.7486;135.44;-35.53;-5.753;-20.036;-73.795;114.8;-100.61;39.802;20.166;80.125;31.76;25.619;-81.035;59.356;44.619;-14.586;225.59;69.135;61.142;-115.94;52.206;44.909;-15.424;-104.64;36.682;-4.5458;123.75;7.4174;39.148;63.003;36.681;0.68802;0.53269;0.092218;0.96002;0.57817;0.27603;0.81293;0.10507;0.26273;0.47232;0.039584;0.78534;0.51208;0.70916;0.78816;0.50974;0.93126;0.74723;0.53116;0.67354;0.5231;0.36347;0.94203;0.30177;0.17856;0.86274;0.89026;0.1179;0.62951;0.95294;0.25853;0.40009;0.070146;0.67849;0.7532;0.16763
9;-15.813;85.245;-133.43;150.89;-5.6075;70.851;105.12;-55.904;-58.074;168.41;-74.929;-13.755;19.393;57.441;-44.577;-1.3129;33.971;72.176;50.476;68.549;62.919;-7.3129;-31.131;102.09;-164.68;20.823;-35.397;16.369;14.731;-148.31;7.2731;54.434;85.417;-124.78;-51.618;-67.708;0.06039;0.75072;0.84559;0.69569;0.52061;0.88951;0.49879;0.92616;0.043903;0.29539;0.79153;0.70659;0.7036;0.46601;0.33558;0.91085;0.69487;0.32124;0.69143;0.7934;0.26115;0.15073;0.75285;0.59942;0.98364;0.69974;0.98238;0.74785;0.89613;0.20676;0.39481;0.71211;0.13133;0.42938;0.59966;0.82762
10;119.03;58.169;116.47;-59.441;-111.88;-120.62;185.69;-141.72;43.461;-18.771;-1.8333;-85.721;-79.566;-36.778;147.47;-87.948;57.473;83.242;-97.36;-165.67;2.9612;-68.138;-141.52;-63.304;39.596;-42.262;-38.465;131.13;0.52805;57.467;54.252;64.606;1.5014;-100.27;30.85;133.75;0.91602;0.11365;0.67764;0.86476;0.13478;0.065322;0.68256;0.1287;0.78065;0.1681;0.028385;0.76985;0.55134;0.23002;0.7954;0.28579;0.20979;0.51599;0.083302;0.40571;0.67771;0.35657;0.70148;0.67899;0.36546;0.31004;0.39219;0.033835;0.98257;0.36094;0.050814;0.73605;0.064353;0.51031;0.34123;0.26102
11;-217.76;1.8617;99.155;107.04;-57.99;-82.587;5.2736;131.61;-22.551;-42.051;-103.17;99.81;-45.873;-32.245;-26.397;84.13;75.249;163.24;17.447;-35.79;71.952;26.083;2.7079;42.48;-47.67;-13.575;82.345;224.02;58.085;-114.91;135.97;-60.688;181.72;-51.806;14.591;30.726;0.18977;0.055611;0.60286;0.6734;0.57595;0.83453;0.92377;0.39142;0.4;0.81321;0.67407;0.68975;0.79716;0.9846;0.27124;0.38761;0.10287;0.69738;0.48172;0.76161;0.8055;0.059826;0.78319;0.97994;0.50113;0.23495;0.43694;0.12095;0.59012;0.090633;0.44893;0.85488;0.53893;0.82439;0.53467;0.076683
12;-105.46;42.526;66.099;-86.689;-40.443;83.989;-27.52;151.05;196.39;-109.53;-112.14;43.477;-45.05;31.977;119.42;129.2;-33.043;-9.6997;4.3188;-95.626;-84.724;111.39;12.98;-77.074;-10.84;20.021;93.196;101.79;-103.29;51.003;13.957;-72.525;-213.5;120.88;0.46073;-35.188;0.26872;0.17731;0.67458;0.15884;0.60029;0.7737;0.24027;0.13559;0.20745;0.30499;0.69386;0.62241;0.34648;0.49046;0.1733;0.20235;0.3364;0.11823;0.62948;0.2037;0.13828;0.25182;0.17375;0.48068;0.010869;0.097351;0.7469;0.24165;0.99041;0.15582;0.9133;0.87296;0.51275;0.064091;0.50544;0.065608
13;-41.036;5.6574;12.429;190.33;-136.92;-94.362;22.454;51.575;-85.609;-111.1;-109.98;123.43;-1.9283;92.113;57.894;-92.859;0.93631;7.6812;-48.107;151.96;69.02;-84.261;-43.89;-40.896;12.238;-8.0091;-106.23;-184.52;111.21;-84.511;50.715;-68.796;11.804;30.104;95.457;-78.551;0.0062955;0.69446;0.30224;0.14882;0.44067;0.48946;0.39909;0.51063;0.67377;0.56341;0.91497;0.4306;0.73532;0.19309;0.69677;0.47509;0.060729;0.25157;0.43516;0.73084;0.60196;0.58675;0.43484;0.3595;0.19916;0.31696;0.031943;0.32908;0.47021;0.55133;0.29668;0.83737;0.38103;0.26438;0.10664;0.38692
14;-35.877;-42.962;-63.213;-44.256;-162.6;127.07;-97.224;-20.079;170.28;-43.093;247.16;45.141;10.409;-113.61;43.318;47.628;-3.8304;165.73;108.21;-195.14;61.844;100.26;80.389;96.854;-8.5659;-132.94;-175.77;79.669;14.495;91.225;53.875;-30.661;-42.867;-17.762;-10.533;31.045;0.23802;0.047876;0.72111;0.27658;0.057002;0.94378;0.017362;0.65674;0.091757;0.58455;0.69082;0.65387;0.64641;0.62853;0.10313;0.22201;0.92055;0.23365;0.96852;0.12365;0.67027;0.50105;0.64765;0.79804;0.14029;0.16145;0.31559;0.38116;0.30649;0.022929;0.57346;0.65228;0.11686;0.51054;0.11299;0.87824
15;133.57;-47.617;4.7817;9.4651;69.072;0.72246;-167.29;61.589;-66.426;116.45;-47.499;-90.255;8.5298;-97.101;-14.268;-51.379;57.901;62.444;-74.2;22.419;85.311;-4.5973;-144.96;61.85;-25.738;13.383;-31.375;103.68;-113.74;38.919;-143.18;28.699;25.181;-235.43;4.161;18.87;0.043008;0.24263;0.13647;0.67027;0.57362;0.58222;0.2815;0.37131;0.00087294;0.35683;0.9633;0.84453;0.15883;0.58112;0.82623;0.438;0.13269;0.45746;0.93519;0.46703;0.46033;0.88016;0.06222;0.018093;0.9989;0.32073;0.90186;0.58215;0.92864;0.98905;0.39713;0.28261;0.83847;0.97183;0.096256;0.83741
16;-90.111;-8.7222;-56.326;-1.9191;69.235;37.676;-29.271;95.859;-35.164;31.434;63.444;31.867;-27.561;-7.8805;-94.695;-141.21;81.697;27.785;-2.9417;-49.097;-34.13;-64.427;93.371;157.19;-50.822;4.0135;45.361;-38.166;33.853;-25.892;151.03;48.934;53.845;-17.556;-89.779;-88.542;0.37928;0.05724;0.24718;0.79561;0.36292;0.32644;0.073227;0.51657;0.74625;0.78561;0.83764;0.043154;0.19655;0.26709;0.24209;0.47005;0.038426;0.011788;0.23134;0.056626;0.11089;0.92478;0.31302;0.14475;0.4051;0.017764;0.96894;0.59647;0.16385;0.93684;0.96063;0.29157;0.030552;0.62096;0.97936;0.26097
17;-26.836;31.518;-5.184;-50.442;-71.335;-179.49;15.187;-132.8;112.5;1.1398;-17.218;-21.97;83.736;-67.401;34.41;14.555;28.463;78.075;-104.8;-8.9884;-20.679;-102.09;-19.84;-40.578;-20.927;-26.219;-65.638;22.238;95.866;-26.615;-40.61;-79.409;32.602;-29.457;-49.137;-66.703;0.52058;0.27069;0.30891;0.40501;0.13165;0.72583;0.39099;0.45658;0.44742;0.17219;0.44168;0.97434;0.81226;0.4645;0.83861;0.56894;0.97132;0.044062;0.49218;0.89558;0.47324;0.7619;0.69946;0.4624;0.83315;0.86748;0.0087051;0.9253;0.74353;0.40163;0.90696;0.65541;0.70065;0.97419;0.5555;0.6423
18;49.416;120.93;-29.847;98.266;91.842;14.404;38.397;122.51;-116.08;73.025;32.55;-2.8145;76.819;-8.8657;-26.525;-94.702;-61.938;-22.444;-20.93;-66.95;124.37;83.214;-65.683;26.846;13.114;89.48;-85.247;-33.558;53.451;-13.974;141.2;-59.199;127.02;-46.098;-135.67;31.728;0.36998;0.052165;0.6497;0.78248;0.11998;0.95005;0.43206;0.22601;0.45776;0.85033;0.21286;0.84125;0.59659;0.95573;0.2504;0.32028;0.24558;0.031979;0.27399;0.16588;0.52767;0.95058;0.0092961;0.56186;0.19056;0.2173;0.85646;0.016865;0.46475;0.76661;0.7244;0.95788;0.091124;0.3558;0.038158;0.79675
19;-37.116;118.32;85.678;146.71;83.435;36.027;-47.533;-19.068;-78.881;-66.17;-21.341;-3.7187;-21.79;-64.837;119.39;-141.34;-145.89;-51.55;-111.87;44.708;-7.4209;41.483;9.0379;19.808;104.72;-79.845;-45.689;96.204;-35.626;-221.79;-112.34;72.153;24.46;13.293;-88.96;2.4122;0.38656;0.16515;0.93479;0.2547;0.92741;0.41968;0.69987;0.2844;0.91413;0.16806;0.31948;0.45423;0.34026;0.68574;0.62945;0.07497;0.19584;0.36588;0.123;0.18878;0.70818;0.38336;0.77981;0.60656;0.054667;0.92507;0.28191;0.38248;0.78433;0.6302;0.63576;0.18224;0.7241;0.19063;0.54073;0.87409
20;-33.187;-30.834;70.328;-34.755;73.802;-4.2186;78.972;-57.524;69.832;-89.971;129.2;34.726;115.49;79.828;-16.065;79.411;-172.75;-35.3;-48.545;-73.669;64.121;-133.56;-107.47;5.5945;-49.942;90.044;84.766;6.2725;80.904;71.03;-118.83;43.198;108.07;11.893;-116.5;-66.12;0.059836;0.48666;0.91796;0.56153;0.045865;0.31045;0.77362;0.62239;0.78088;0.083611;0.93893;0.076282;0.2876;0.017391;0.48129;0.67837;0.95678;0.52085;0.94975;0.42987;0.83208;0.74545;0.46759;0.044393;0.39062;0.83134;0.20734;0.18233;0.22458;0.8087;0.34614;0.2518;0.25215;0.71305;0.15291;0.47772
21;32.266;-82.035;-85.869;78.685;91.442;29.237;84.976;-114.57;-45.132;-51.073;33.717;19.65;109.74;-12.623;-192.86;-42.366;72.721;-21.404;-61.33;-16.623;-78.4;-50.003;-94.807;-15.922;-4.756;-29.404;76.363;-107.28;-88.838;-56.799;-122.36;142.13;-105.73;-111.03;78.44;91.493;0.55952;0.82191;0.39469;0.87739;0.41955;0.13185;0.79005;0.33056;0.24498;0.92376;0.87027;0.95292;0.65841;0.49419;0.60898;0.70606;0.36242;0.27397;0.15461;0.0059554;0.63549;0.38758;0.47841;0.49316;0.069268;0.85957;0.12501;0.38009;0.41637;0.80466;0.083982;0.45148;0.19458;0.25099;0.64607;0.49472
22;72.517;-151.85;167.04;120.5;-79.871;-95.454;11.733;-156.85;142.29;7.9317;-8.7887;8.0485;-92.035;-144.47;191.3;24.355;-59.674;-21.74;90.768;-39.729;-113.86;12.653;-111.4;-71.9;28.891;12.557;70.207;-207.67;-64.971;168.27;55.598;-131.69;-43.881;11.006;-186.48;-4.9552;0.22;0.011255;0.78496;0.29425;0.41035;0.60781;0.026889;0.75597;0.18772;0.96721;0.018525;0.073893;0.38344;0.77861;0.6836;0.063775;0.9974;0.42465;0.037507;0.040225;0.28542;0.43116;0.069144;0.73033;0.30381;0.91608;0.68119;0.39732;0.82522;0.95672;0.10918;0.75011;0.059513;0.74247;0.54953;0.38047
23;20.321;167.1;-20.842;-1.5837;104.14;109.34;-20.056;-90.133;-28.597;107.34;-108.15;6.293;-59.622;83.823;69.385;25.555;83.911;10.52;-84.72;53.326;2.831;45.934;172.12;11.651;30.164;-19.091;94.482;-9.7959;7.5315;27.755;-0.38309;-111.35;96.743;-26.958;-13.57;106.29;0.066498;0.60415;0.77285;0.60114;0.57054;0.54376;0.12185;0.21794;0.93505;0.17209;0.6875;0.46939;0.40742;0.66858;0.88956;0.3683;0.78401;0.84733;0.21057;0.09179;0.57002;0.061614;0.53278;0.60709;0.60233;0.68043;0.54194;0.87419;0.2915;0.89363;0.59185;0.16178;0.2344;0.077604;0.37787;0.63289
24;-98.265;147.29;0.96246;-28.008;25.161;-157.5;32.723;-40.152;-37.576;10.111;-128.47;78.139;-136.48;-71.861;-112.28;-11.352;5.6975;-130.37;221.71;-3.3479;8.5541;31.669;48.736;-104.15;116.17;82.88;39.74;-142.17;-11.869;147.94;-80.381;-40.462;-135.27;88.936;69.762;-182.82;0.58753;0.68498;0.39038;0.063292;0.72024;0.35534;0.34876;0.077286;0.8935;0.059972;0.090539;0.56134;0.35006;0.48454;0.37975;0.90822;0.89204;0.5735;0.70146;0.18019;0.53549;0.079273;0.1585;0.46973;0.55072;0.87338;0.27573;0.77553;0.25815;0.45928;0.87305;0.66462;0.43541;0.81883;0.1845;0.035293
25;84.677;117.87;-95.341;-36.957;69.939;-41.36;-74.465;-4.4207;-35.145;17.279;-88.871;104.44;-94.138;18.279;-46.051;21.49;30.777;-0.37189;68.342;74.362;25.102;108.09;-28.295;120.77;69.155;-7.9845;16.377;106.27;69.309;113.29;-51.001;-98.199;29.477;34.645;73.67;-35.541;0.21211;0.40498;0.17862;0.019225;0.64236;0.056096;0.15213;0.40279;0.44804;0.84164;0.6483;0.066692;0.84963;0.54294;0.8987;0.20591;0.064545;0.22951;0.56514;0.81454;0.60301;0.56806;0.62757;0.50339;0.72956;0.86211;0.11293;0.81908;0.028157;0.26346;0.59784;0.13882;0.46726;0.63917;0.68582;0.47239
26;36.484;-45.027;-45.345;5.9508;-23.126;-54.416;26.449;186.34;25.096;169.54;-44.787;-52.831;-40.4;9.962;60.624;107.41;12.209;-39.252;-113.45;36.506;-187.96;60.694;105.21;41.096;-16.128;64.734;76.633;-15.402;24.648;-98.698;-13.22;-85.947;-49.424;14.455;-20.071;19.439;0.69236;0.84795;0.5291;0.16173;0.2825;0.94702;0.87166;0.47026;0.58392;0.13713;0.28782;0.63033;0.91093;0.24285;0.86078;0.0085808;0.50556;0.94418;0.76852;0.85366;0.96984;0.020532;0.15586;0.94037;0.54719;0.11939;0.42726;0.94196;0.69563;0.2768;0.21388;0.40074;0.9162;0.46965;0.10394;0.051786
27;25.176;63.435;114.66;-34.438;22.457;90.691;40.994;46.929;119.54;-121.38;-88.203;125.27;-53.058;62.387;-16.386;3.9903;104.08;21.124;-87.847;-48.283;-13.167;-15.029;-59.286;96.671;39.891;-36.373;-49.405;46.773;9.6695;-56.893;62.755;35.464;-13.95;56.68;104.19;30.902;0.12577;0.94372;0.10648;0.61125;0.32855;0.7637;0.60766;0.49621;0.97456;0.71506;0.12435;0.51635;0.56464;0.19745;0.91368;0.72011;0.089965;0.43387;0.6164;0.14599;0.99608;0.23559;0.21718;0.53605;0.80006;0.46678;0.46996;0.97945;0.85988;0.23485;0.99233;0.81225;0.57786;0.6521;0.2155;0.73437
28;80.568;-67.259;26.489;97.069;176.65;-25.306;-34.192;76.431;-74.261;-127.71;137.5;-87.624;-84.582;-144.25;-2.0764;-7.0186;-81.982;-113.57;-3.9856;60.338;-110.56;11.537;-9.2703;-197.21;-45.57;-87.304;-37.622;-6.0286;13.75;-42.537;37.287;11.324;-148.78;-31.485;-121.21;-60.251;0.30102;0.24155;0.83856;0.84817;0.61502;0.65255;0.296;0.70334;0.14345;0.60838;0.38016;0.017102;0.5759;0.27636;0.13254;0.43425;0.090813;0.76283;0.18624;0.19956;0.19893;0.38852;0.01359;0.83189;0.48644;0.43432;0.79931;0.53167;0.63781;0.44929;0.10343;0.43755;0.60075;0.81146;0.57076;0.010069
29;71.09;-83.939;56.7;-22.238;121.37;-33.574;-49.675;-18.008;36.295;-68.986;-9.9604;109.03;51.281;-173.03;17.607;-66.188;-212.8;120.36;68.723;-56.648;126.32;-163.36;117.59;-153.15;19.743;16.152;-6.2068;63.618;-42.436;21.614;14.288;68.359;-55.572;123.42;48.613;90.675;0.97214;0.74352;0.0013966;0.30304;0.076052;0.032137;0.69856;0.50855;0.83595;0.65542;0.53382;0.93181;0.49748;0.93721;0.42175;0.783;0.85613;0.41156;0.79643;0.24467;0.72507;0.05647;0.37924;0.2507;0.10509;0.63068;0.61816;0.1914;0.78656;0.33249;0.33155;0.39933;0.16938;0.81331;0.9221;0.48664
30;-125.09;79.871;13.341;90.557;91.279;-93.823;-148.99;145.54;71.91;125.35;-15.249;59.132;-25.286;-92.343;-167.2;2.6681;-0.90253;-3.6818;-15.466;107.33;47.765;-112.78;-32.854;-6.9931;-153.01;8.9941;40.543;-71.969;177.36;-179.51;-84.89;90.596;-42.573;69.022;69.293;3.8936;0.42567;0.80668;0.37149;0.74706;0.54513;0.30747;0.39217;0.71297;0.13741;0.6064;0.944;0.26047;0.092648;0.64771;0.7089;0.81672;0.83722;0.16454;0.90495;0.51775;0.47079;0.71464;0.5519;0.88786;0.56054;0.67715;0.040849;0.89115;0.88471;0.98251;0.2816;0.83231;0.43683;0.80604;0.49347;0.60327
31;32.044;73.685;42.333;-84.231;-34.501;117.55;-81.134;-53.865;-143.53;-17.15;-63.586;3.7297;146.4;-15.592;27.325;83.829;-14.991;23.072;-8.587;106.05;-21.329;-65.615;-46.199;81.648;122.56;-72.773;47.161;50.771;-77.837;-60.726;-11.895;31.922;-85.53;-19.784;16.08;-13.66;0.16119;0.29755;0.99814;0.13589;0.44984;0.13458;0.63326;0.031649;0.14348;0.036644;0.25686;0.62222;0.65215;0.33898;0.84751;0.99451;0.54451;0.46223;0.28484;0.015472;0.96839;0.69115;0.215;0.90769;0.88443;0.26404;0.11837;0.5989;0.96985;0.045058;0.97614;0.30972;0.093094;0.41517;0.30043;0.72163
32;56.573;50.768;-49.444;-46.57;11.048;-7.8501;-63.533;55.947;-51.461;-12.497;-15.243;-21.039;62.586;77.772;-4.5424;79.555;65.704;176.16;47.747;-139.34;-97.349;-99.227;-168.64;-34.525;-41.709;-112.02;84.547;-88.632;-18.806;15.29;-16.108;77.753;35.503;34.475;-151.13;-172.78;0.26289;0.56394;0.29621;0.23236;0.20014;0.72721;0.018239;0.35715;0.67055;0.65509;0.68666;0.78172;0.62438;0.027039;0.69269;0.78893;0.4374;0.23842;0.33946;0.71166;0.086091;0.66851;0.97332;0.12865;0.8896;0.1962;0.092366;0.49873;0.67001;0.72592;0.126;0.40196;0.89986;0.76646;0.50196;0.30539
33;65.58;29.368;-5.9177;137.08;3.8763;18.958;87.904;39.463;-39.05;-173.3;-12.474;9.6561;43.112;13.001;-52.793;12.581;9.7634;13.281;-9.0593;7.7725;-22.529;-61.531;122.09;45.939;-52.885;-15.943;-77.712;171.23;-22.493;5.9293;-123.03;-2.1858;-35.73;-98.731;-2.4433;17.846;0.053578;0.45576;0.40025;0.36575;0.77214;0.58487;0.58635;0.3791;0.50785;0.4363;0.94772;0.037615;0.43681;0.49312;0.22688;0.89013;0.44786;0.67826;0.46026;0.73689;0.90827;0.62936;0.74153;0.17369;0.37061;0.39237;0.79636;0.46065;0.89339;0.51402;0.23029;0.6802;0.99643;0.53388;0.80945;0.17917
34;141.67;-138.71;-22.224;73.022;15.067;15.984;-27.191;-28.993;143.3;10.502;33.275;64.134;-135.03;-181.73;-78.54;-88.662;146.65;75.757;-44.044;45.619;127.17;-42.132;-12.384;-97.677;53.77;9.3518;33.292;-38.629;-13.046;-18.562;38.191;-36.606;67.588;46.898;-238.89;-85.377;0.22124;0.024565;0.47299;0.69861;0.061153;0.65017;0.98901;0.56027;0.38416;0.79045;0.193;0.16949;0.80903;0.65329;0.19299;0.050404;0.22373;0.85446;0.87554;0.95166;0.86872;0.051718;0.10884;0.41612;0.94829;0.46154;0.92175;0.90874;0.5731;0.59699;0.61299;0.53749;0.046941;0.19239;0.29039;0.72677
35;84.633;3.1665;105.54;68.038;94.027;-147.91;-93.369;47.374;44.936;-61.924;-107.74;40.844;54.962;70.103;61.588;-47.248;2.5282;2.0538;-39.475;-130.78;-73.528;-91.882;165.68;-9.8426;97.9;118.17;-158.65;86.015;8.7583;-132.41;16.822;-34.469;0.069299;65.192;18.21;-18.765;0.97029;0.14401;0.93369;0.22681;0.85722;0.57316;0.86456;0.32492;0.14104;0.85224;0.42174;0.23262;0.041188;0.22697;0.69297;0.72672;0.14249;0.14681;0.39126;0.72378;0.6045;0.99194;0.98061;0.25309;0.84707;0.058434;0.59301;0.44494;0.088158;0.52571;0.069692;0.86031;0.83438;0.94164;0.28217;0.11881
36;5.9462;-7.8631;-38.63;-72.055;-110.96;-151.7;33.374;0.88079;-92.681;-6.8814;-24.333;2.2124;-63.068;27.902;90.322;-57.336;211.09;16.272;120.23;-28.789;168.52;-70.536;-5.0961;74.153;-106.18;-102.18;83.054;186.74;10.82;-60.556;-117.49;-39.332;13.092;-51.673;229.15;11.35;0.45363;0.80132;0.99212;0.68232;0.99476;0.68817;0.33136;0.49598;0.47128;0.03653;0.010139;0.82973;0.083201;0.094416;0.45811;0.367;0.10631;0.31047;0.62905;0.55612;0.82818;0.38064;0.37455;0.15663;0.36521;0.075702;0.9061;0.60441;0.99371;0.41185;0.9812;0.92076;0.875;0.86039;0.5226;0.049086
37;67.965;57.217;89.588;127.15;-88.649;-111.41;39.385;-10.074;-52.691;45.984;146.96;-30.276;-23.692;13.418;-32.639;109.23;-27.94;-14.362;-68.481;52.053;-142.87;-169.34;-70.331;-125.29;-46.693;-40.332;-37.655;75.501;1.984;-13.596;-31.438;-95.672;-12.339;87.382;-17.355;-145.29;0.036417;0.31301;0.71019;0.89588;0.66721;0.85971;0.092663;0.71984;0.99303;0.19222;0.45186;0.38277;0.34005;0.51041;0.083039;0.67265;0.29373;0.86894;0.68776;0.87161;0.57643;0.13543;0.744;0.83973;0.55426;0.83987;0.87425;0.56947;0.30323;0.3605;0.24689;0.85187;0.87018;0.06322;0.49916;0.40046
38;65.694;-45.104;11.019;140.62;76.161;152.59;57.997;-89.752;20.08;5.5558;-6.2945;-56.984;-75.84;21.567;-77.534;-66.613;37.668;78.183;79.069;56.044;37.506;-158.91;183.83;-41.29;-185.58;-67.334;66.816;76.138;121.31;-66.014;52.209;-2.4935;-147.43;-41.054;-61.643;164.39;0.68887;0.2747;0.28838;0.019449;0.013603;0.37062;0.32608;0.46591;0.96776;0.33183;0.35586;0.58768;0.67172;0.32426;0.81779;0.15728;0.99305;0.08421;0.64115;0.80007;0.88887;0.24865;0.68284;0.41408;0.2163;0.71318;0.6236;0.58201;0.22885;0.095247;0.3659;0.58715;0.83673;0.28945;0.71558;0.35694
39;77.644;22.472;-53.696;-37.929;203.29;45.357;5.2344;8.3563;-87.944;49.008;-28.114;28.862;74.187;9.9733;46.108;143.17;-2.9729;-31.834;111.7;22.806;-47.135;48.076;-4.9127;-38.779;25.732;-22.67;4.983;-11.012;-98.757;7.14;-30.273;116.26;10.766;79.002;-78.373;62.014;0.69974;0.76968;0.04136;0.35052;0.33396;0.79007;0.15486;0.99212;0.21306;0.74502;0.14733;0.89933;0.13114;0.64779;0.85625;0.22394;0.84527;0.64975;0.22394;0.62051;0.16684;0.093025;0.20037;0.3083;0.82955;0.15253;0.95735;0.37614;0.80175;0.214;0.3974;0.32028;0.76394;0.33063;0.73214;0.77346
40;192.61;36.036;97.273;-56.931;23.685;-46.711;18.795;2.8803;79.447;-25.558;-0.56634;175.98;-80.823;82.738;66.073;79.059;79.561;-4.1338;-172.66;-111.52;24.65;233.32;-110.11;67.415;72.175;104.99;-74.157;-51.074;170.44;-110.95;-32.728;-89.172;126.81;-149.83;134.2;72.24;0.55122;0.23394;0.22546;0.3539;0.15248;0.59493;0.59844;0.095238;0.10156;0.13857;0.3885;0.3389;0.34183;0.61524;0.96054;0.56509;0.63913;0.61408;0.19348;0.99882;0.82528;0.2563;0.85991;0.98014;0.12692;0.71231;0.0036092;0.47334;0.067944;0.86871;0.16117;0.48232;0.22071;0.87335;0.17185;0.75805
41;12.995;-5.6852;-105.06;106.09;-62.8;41.953;-183.49;-47.15;-67.509;-60.51;107.21;-45.935;-207.91;-43.729;27.065;-111.5;-121.19;124.89;54.385;-128.43;-39.441;108.24;26.037;191.98;-42.856;70.351;146.38;-35.182;-149.98;-75.831;44.562;-36.767;-120.49;16.703;-3.1034;-14.11;0.083807;0.21421;0.92552;0.10475;0.74145;0.12565;0.96274;0.72988;0.074188;0.43648;0.87649;0.097212;0.92833;0.76681;0.33624;0.4002;0.55601;0.79247;0.93;0.0018418;0.65056;0.55763;0.6587;0.99081;0.20113;0.72334;0.23997;0.5196;0.79881;0.62687;0.37079;0.8153;0.64169;0.94851;0.30916;0.58126
42;42.004;-28.843;56.506;-117.64;15.914;-131.36;-60.433;-111.05;-27.407;49.525;-37.298;-38.194;134.44;-39.729;-54.809;-81.392;77.283;61.657;3.6599;-137.26;86.595;40.706;3.558;19.162;-39.354;195.77;127.84;-7.0298;52.464;-71.167;9.8472;-104.58;-25.706;40.426;-51.319;4.8998;0.13257;0.32561;0.65465;0.95606;0.36399;0.79197;0.63561;0.35367;0.68895;0.13551;0.65958;0.69564;0.77476;0.88018;0.72333;0.023625;0.93921;0.3364;0.24263;0.65548;0.10842;0.31758;0.39443;0.361;0.26327;0.23247;0.38609;0.15891;0.019845;0.64135;0.18033;0.83086;0.69809;0.41151;0.018182;0.41115
43;116.82;57.67;82.202;134.49;55.194;-161.68;80.608;101.46;2.9011;-120.31;52.081;71.871;-29.295;-71.742;-66.066;100.23;87.485;104.2;-186.76;75.889;-50.849;-13.306;-13.731;31.791;-8.8833;-12.298;-130.73;126;33.944;39.618;72.669;68.558;-166.72;125.3;54.186;-74.117;0.11774;0.16485;0.62291;0.99335;0.85956;0.064897;0.45675;0.44288;0.76715;0.74973;0.61956;0.6694;0.3884;0.020006;0.81944;0.36468;0.43149;0.72969;0.62493;0.28188;0.96113;0.39861;0.15787;0.72846;0.44167;0.82897;0.11805;0.016519;0.47515;0.39159;0.95863;0.12129;0.61999;0.79526;0.21159;0.82377
44;-70.759;-0.30728;-131.33;-166.41;34.477;-16.482;-47.261;18.093;149.15;-23.552;-8.903;66.967;-60.225;-34.802;-84.266;-52.954;-37.537;163.32;82.178;66.794;16.491;-7.2933;44.374;151.21;-58.023;-96.693;-91.629;-94.258;33.842;10.647;57.921;128.39;-7.8259;-26.674;-15.14;72.4;0.23274;0.46276;0.18394;0.090347;0.75675;0.81951;0.92354;0.065201;0.56906;0.94756;0.31881;0.82653;0.49932;0.81812;0.10005;0.26314;0.89704;0.0071556;0.73781;0.30602;0.48036;0.75292;0.27976;0.096252;0.63104;0.95292;0.41511;0.48901;0.8926;0.90482;0.080735;0.78346;0.21662;0.68154;0.57827;0.0070987
45;169.55;-23.504;95.152;161.57;-161.27;72.774;9.1996;226.09;48.416;76.222;-30.82;48.373;-81.8;-0.0086015;102.37;-88.28;-116.15;28.892;-209.62;155;-41.439;-168.48;74.746;68.483;-11.307;77.446;-29.946;67.787;-70.748;-109.17;100.82;-50.004;45.684;-4.9731;37.913;-68.166;0.022185;0.38282;0.05163;0.16427;0.88627;0.86013;0.82287;0.32124;0.59065;0.9978;0.93775;0.23093;0.99371;0.44113;0.44782;0.80355;0.079756;0.30826;0.75948;0.39132;0.25886;0.87939;0.20311;0.52771;0.15504;0.45521;0.48859;0.80061;0.12809;0.041083;0.42567;0.68368;0.32196;0.65737;0.88877;0.64749
46;58.695;68.534;-129.06;-3.807;82.207;-75.076;24.287;-144.14;-20.868;122.45;-50.216;12.931;12.216;-21.266;-110.48;96.002;-96.67;10.089;-13.408;34.108;54.645;151.04;-22.083;60.058;4.9694;47.436;99.978;-79.268;30.875;24.145;-26.182;-4.4881;8.9715;3.7406;-5.2685;-35.247;0.46548;0.57157;0.29525;0.042934;0.4393;0.56959;0.03215;0.93481;0.014778;0.31574;0.87865;0.25182;0.50122;0.040447;0.94548;0.78612;0.068674;0.83658;0.87619;0.1141;0.678;0.57698;0.12147;0.94191;0.33876;0.18775;0.27756;0.91993;0.98393;0.60953;0.26285;0.38324;0.60754;0.46542;0.42987;0.0027606
47;4.2959;-45.018;65.232;-93.363;-166.59;-35.658;-154.44;-24.201;149.22;68.843;140.9;-53.194;-92.216;43.416;96.02;39.771;-58.502;-4.0452;-15.347;-53.521;2.0756;-89.448;-73.762;-145.57;88.09;-137.75;120.11;37.653;66.17;-78.164;89.676;-13.702;32.472;31.583;63.265;-83.274;0.39081;0.1165;0.13356;0.50153;0.4245;0.75016;0.23498;0.52974;0.57433;0.64017;0.60207;0.50982;0.83897;0.13844;0.18363;0.56883;0.2763;0.33428;0.27297;0.40104;0.71878;0.83143;0.5254;0.16713;0.50013;0.32673;0.97059;0.27343;0.05058;0.65575;0.013793;0.4508;0.17496;0.47854;0.80493;0.23342
48;61.926;55.712;91.109;-42.229;130.55;84.461;-148.32;5.2325;25.028;-40.586;18.526;-44.453;-146.7;-203.25;103.46;102.06;-115.8;-85.141;-53.808;-43.028;-48.085;-25.147;-90.731;7.0561;30.274;-3.9539;-13.025;68.089;62.432;55.921;13.799;115.96;-31.934;12.038;-28.458;-77.906;0.79102;0.81709;0.33442;0.18418;0.37525;0.36277;0.79196;0.66126;0.51741;0.091153;0.29233;0.63775;0.68088;0.49626;0.25623;0.69762;0.77647;0.47173;0.11316;0.77674;0.086174;0.44122;0.76578;0.87312;0.55656;0.80466;0.29691;0.49412;0.89694;0.92247;0.14728;0.39988;0.73589;0.59815;0.36592;0.15389
49;-119.51;-25.176;-42.905;-92.691;-100.87;68.307;-20.326;77.615;-88.511;-163.86;145.38;162.62;-77.905;-36.584;40.192;-42.772;-22.958;84.937;-83.12;79.106;-1.2521;-33.055;-8.5367;66.805;-2.6798;65.49;-38.841;-71.822;-44.165;58.838;27.749;-17.666;-129.82;29.478;-76.385;-80.773;0.3543;0.065241;0.827;0.46367;0.79654;0.60546;0.90381;0.95335;0.31603;0.66648;0.64817;0.91157;0.36199;0.90024;0.2914;0.45018;0.69248;0.63042;0.72677;0.667;0.0095317;0.25986;0.84793;0.5695;0.9099;0.57686;0.12024;0.15664;0.71287;0.85538;0.059807;0.73984;0.0076644;0.85816;0.18011;0.59686
50;8.0583;81.936;52.261;-35.548;45.117;32.637;39.435;69.855;-26.346;63.667;-111.32;55.248;-93.237;-39.125;-0.4398;-153.98;124.09;117.78;-13.505;-10.23;228.44;-53.734;61.295;-85.169;-3.8031;-51.399;102.67;-60.186;3.4972;76.878;-37.182;-56.847;56.1;43.695;70.767;29.848;0.46365;0.31821;0.50488;0.34362;0.74591;0.56907;0.45742;0.18066;0.68667;0.57633;0.12306;0.70014;0.82098;0.92381;0.63612;0.59868;0.15021;0.098797;0.84475;0.61692;0.25158;0.84956;0.72141;0.18805;0.88811;0.063346;0.73099;0.069321;0.70808;0.41454;0.3038;0.016955;0.83794;0.29049;0.70762;0.19837
normalized population
1;-0.82587;0.49143;1.1596;-0.64195;0.95041;0.6025;0.41796;-0.39391;-0.27208;-0.15102;0.66207;-0.51986;0.52285;0.67359;-0.22142;-0.2856;-0.36057;-0.5124;0.15586;0.42819;0.45785;-0.42502;2.0469;0.22323;0.90554;0.036799;1.3598;0.42045;-0.19718;0.16153;-1.1372;-0.71576;-0.0092861;-1.1427;-0.7496;1.2191;-1.2228;1.7079;-0.33152;-1.4508;-1.2221;0.46969;0.64526;-0.072182;0.80311;1.3842;0.42028;0.59536;-0.10099;1.6493;0.69064;0.49946;-0.059859;-1.4188;-0.62369;0.58437;-1.3479;0.59066;0.45214;-0.23022;-0.17552;-0.26437;-1.2056;0.85677;-1.7336;0.60172;-0.80176;-0.1098;0.86041;-0.38965;1.8556;0.098652
2;-0.66974;1.3534;-2.2291;0.71654;-0.5576;-0.69884;-0.85421;-0.62776;0.095418;0.7695;-0.022385;1.3822;0.9417;-0.35253;0.84563;0.27138;-1.0089;-1.5376;0.73547;0.22972;-0.025853;0.43169;0.36491;-0.43659;-0.61982;0.37551;0.48873;0.17499;0.32786;0.57115;-0.63833;1.1047;0.52167;0.48154;-1.1712;-1.5536;-0.36864;1.5943;-0.45518;1.5846;0.85476;0.64067;1.3752;0.86578;-0.52548;0.15077;0.10769;0.90205;1.485;1.1389;-1.1898;0.49682;-1.2339;0.12652;1.4885;0.047473;-0.87392;-1.2901;0.64613;-1.1267;-1.2853;-0.85286;0.88177;-0.61552;0.74028;-0.16529;0.72691;1.68;-0.51779;-0.10691;-0.67146;0.65656
3;-0.85131;-0.5555;-0.95908;-1.6742;2.6536;-0.1086;-0.34185;0.56821;0.16528;-1.8915;-0.60766;0.19539;0.90481;0.93748;-0.6888;0.11455;-0.31691;0.42229;1.0635;-0.32774;0.72202;0.95639;0.71789;0.95545;0.091205;-0.23355;1.6648;0.51529;0.069377;0.16593;2.7937;2.6174;0.69883;0.25165;-1.3974;0.8801;-0.47051;0.64873;-0.53105;-0.64274;1.4433;-1.6082;1.2141;-1.0254;-1.0412;-1.473;0.01255;-1.6475;0.31437;0.17168;0.025439;0.80687;-0.13754;1.5805;0.68346;-0.99355;-0.61866;-0.3082;-1.3007;1.271;1.4413;1.4735;0.022966;0.93348;0.91203;0.086825;1.5635;0.25042;-0.026045;-0.86583;1.0768;-0.0029764
4;-2.5869;-0.11752;-0.25647;-0.6732;-0.98594;-0.4082;-0.47992;-0.52901;-0.38573;0.86765;0.25379;0.65797;-1.5338;-0.679;-0.5425;1.203;0.79706;1.9366;0.96405;0.27531;1.0752;1.2367;0.27685;-1.5591;1.0004;-1.9812;-0.33537;0.51411;-0.70081;1.1315;1.5376;-1.7748;-0.51638;2.1953;-0.55367;-0.19024;2.0944;-0.50342;0.05157;0.29146;1.3801;0.2702;1.4254;-0.25905;-0.28623;-1.4272;0.040245;-1.3435;0.50794;-1.5336;-1.3507;1.3754;-0.41712;-1.2832;0.68087;-1.4295;0.013186;0.43661;0.66159;-0.31652;-1.2019;-0.71598;1.3277;-0.28655;0.41624;-1.1612;0.86991;-1.4744;1.024;-0.63353;-0.042049;0.16818
5;1.3962;-0.31397;1.0069;-0.54587;-1.2679;-0.19801;-0.71349;-0.32808;-1.3779;-0.79463;-0.93475;-1.7677;1.2273;-1.769;-1.4617;0.51122;-0.20065;-0.023118;0.1174;0.9447;-1.5314;0.37204;-0.69994;0.56264;-0.30508;-0.66787;0.99285;-1.371;-0.64351;0.15929;0.69029;0.7022;0.21603;-0.31469;1.8678;0.21412;0.61357;1.8685;0.86375;-0.84839;-0.27934;-1.6369;1.2136;0.12011;0.19471;-0.69053;-1.4056;0.9714;-0.56784;0.75456;-0.42677;-1.193;-0.37221;-1.2249;0.0772;-0.98558;-1.7821;0.84216;1.4449;-1.2815;0.73024;0.024902;0.28655;1.5779;-0.64278;1.0515;-1.0033;-0.9085;1.0661;-1.4107;-1.2616;-1.4416
6;-1.0831;0.68318;-0.39123;-2.0766;0.7903;0.17133;-2.1388;-1.2915;0.59852;-0.22631;-1.1319;-0.81046;-0.2051;0.057006;0.54738;-1.125;1.3402;0.46053;0.94281;-0.34272;1.8901;-0.33533;-0.53324;-0.3329;-0.7106;-0.094974;1.1326;-1.332;-2.2261;-0.089384;-0.084902;0.06047;0.22463;-0.24893;0.53979;-1.2917;-1.2292;0.44127;-0.72292;-1.247;-1.4694;0.38779;0.48159;-0.60851;1.6744;1.0697;0.67806;1.4007;-1.8677;-1.4074;-0.63015;-0.57209;0.72545;-1.4076;1.2012;-0.25788;0.92954;0.41892;0.42724;-1.2787;0.0014804;-0.097691;-1.3209;-1.4848;0.86747;1.3178;-0.77808;0.59699;0.96781;-0.57766;-0.36137;1.4531
7;0.69167;-1.9651;-0.002158;-0.19979;-0.12701;-1.1589;0.78835;-0.16702;1.2076;0.30436;-0.4958;-1.9967;-0.34366;-0.60699;-0.048083;1.2504;-2.0569;1.3219;0.68152;0.44913;0.6761;-0.029579;-0.077057;0.31401;-1.4482;-0.70831;-0.89844;0.48853;0.92324;0.068201;-0.047217;-1.0861;1.0742;-0.4483;-0.82716;0.17541;0.1137;1.2249;-1.1336;1.2256;-0.32147;-0.30494;1.0291;1.2937;0.22447;-1.0516;0.79308;-1.1502;0.90267;-1.6496;-1.0968;-1.3439;1.3495;-0.79976;-1.1614;-1.3453;0.10296;-0.80289;1.5544;1.4302;1.0073;-1.3578;0.85281;0.041528;1.102;0.5871;1.089;1.2441;-0.48128;0.31478;-1.5252;-0.40691
8;-0.34693;1.0637;0.46925;0.76062;-0.22488;1.7584;-0.20911;-0.097633;-0.31524;-0.7746;1.4611;-1.6735;0.74263;0.61407;0.95654;0.39333;0.30142;-1.51;0.76135;0.60553;-0.31759;2.5099;0.8054;0.63757;-1.561;0.8457;0.34684;-0.30026;-1.4848;0.63185;-0.16189;1.5526;0.16601;0.50213;0.84082;0.65362;1.219;0.29514;-1.3634;1.6686;0.35422;-0.96011;0.84903;-1.4478;-0.75721;-0.011025;-1.6275;0.85113;-0.097747;0.74453;0.96013;0.081968;1.3769;1.2075;-0.036405;0.7764;-0.016365;-0.35608;1.5025;-0.70392;-1.0733;1.2793;1.2406;-1.3282;0.10553;1.3982;-0.56832;-0.63886;-1.3746;0.5011;1.1703;-0.96262
9;-0.33534;0.95589;-1.8682;1.5232;-0.20263;1.0025;1.5936;-0.67628;-0.77867;2.1379;-0.83139;-0.42586;0.4844;1.1231;-0.60202;-0.02899;0.39682;0.5359;0.65618;0.90791;0.60287;-0.00098924;-0.38376;1.1274;-2.2775;0.39396;-0.63588;0.046419;0.16378;-1.7021;-0.010255;0.68744;1.136;-1.7343;-0.43352;-0.736;-1.0864;1.0308;1.2717;0.80787;0.14469;1.3159;-0.16425;1.9238;-1.4998;-0.58981;0.94762;0.59069;0.67424;-0.079062;-0.66456;1.5733;0.65071;-0.31441;0.54142;1.1727;-0.94127;-1.1295;0.85456;0.31029;1.7002;0.72667;1.5302;0.91013;0.952;-1.1864;-0.12121;0.57913;-1.1702;-0.48123;0.58696;1.4259
10;1.1769;0.57302;1.3887;-0.73945;-1.3069;-1.2386;2.6264;-1.6664;0.45836;-0.11293;0.05181;-1.4596;-0.7677;-0.16359;1.7983;-1.1352;0.66526;0.68367;-1.0949;-2.0516;-0.1092;-0.65674;-1.693;-0.85128;0.72542;-0.51409;-0.67343;1.2978;-0.032371;0.89409;0.59246;0.81441;0.092439;-1.3999;0.48335;1.9458;2.0565;-1.1187;0.68428;1.3584;-1.2598;-1.7419;0.42852;-1.3508;1.0003;-1.0062;-1.6658;0.7999;0.060496;-0.87841;0.98612;-0.75074;-0.8394;0.38139;-1.6511;-0.10913;0.52956;-0.38119;0.67863;0.58145;-0.42945;-0.59466;-0.3253;-1.6268;1.2264;-0.65234;-1.2498;0.67258;-1.394;-0.16206;-0.39484;-0.62464
11;-2.6002;-0.2232;1.1631;1.0514;-0.74696;-0.79347;0.31387;1.4873;-0.34589;-0.39288;-1.1727;1.2053;-0.34138;-0.10169;-0.3748;1.0621;0.86829;1.7519;0.26495;-0.41052;0.71015;0.35906;0.017573;0.41429;-0.5574;-0.10118;0.80495;2.3107;0.7625;-1.2808;1.6408;-0.74944;2.3336;-0.73877;0.30259;0.57434;-0.61115;-1.3145;0.42271;0.73531;0.34614;1.1119;1.2066;-0.27196;-0.29141;1.1042;0.54536;0.535;1.0513;1.6775;-0.89551;-0.37215;-1.1678;1.0294;-0.21464;1.0676;0.98078;-1.4601;0.95848;1.6069;0.037927;-0.84925;-0.18461;-1.3173;-0.019513;-1.5886;0.056365;1.1364;0.19141;1.0765;0.34006;-1.2918
12;-1.3407;0.35181;0.73224;-1.0326;-0.56463;1.1562;-0.10646;1.7115;2.3215;-1.2044;-1.281;0.39619;-0.33097;0.77537;1.4477;1.6375;-0.3686;-0.5574;0.10945;-1.1666;-1.1506;1.2788;0.13939;-1.016;-0.015992;0.38243;0.93774;0.97786;-1.4661;0.81254;0.075497;-0.89718;-2.5813;1.6173;0.14549;-0.3031;-0.32118;-0.90391;0.67358;-0.94027;0.43473;0.88627;-0.99813;-1.3225;-0.94482;-0.55841;0.61314;0.3123;-0.76527;0.0037483;-1.2471;-1.061;-0.45046;-1.0397;0.31807;-0.77703;-1.3751;-0.76204;-1.1287;-0.094286;-1.651;-1.3158;0.78988;-0.88844;1.2513;-1.3628;1.5798;1.207;0.10394;-1.9217;0.22901;-1.3318
13;-0.61821;-0.16953;0.032766;1.9475;-1.5672;-0.93129;0.53408;0.56382;-1.1141;-1.2232;-1.2549;1.5445;0.21463;1.5966;0.67869;-1.198;0.019502;-0.32531;-0.51152;1.9619;0.67532;-0.83057;-0.53507;-0.58319;0.32325;-0.021052;-1.5027;-2.1442;1.4962;-0.89721;0.54709;-0.85065;0.22056;0.37874;1.2016;-0.88034;-1.2851;0.84096;-0.6288;-0.97289;-0.14633;-0.16828;-0.48586;0.21754;0.63759;0.28697;1.3704;-0.32204;0.8021;-1.0035;0.63205;-0.046865;-1.2973;-0.56332;-0.38253;0.96585;0.2621;0.45569;-0.23454;-0.50722;-1.0024;-0.5712;-1.4579;-0.57781;-0.4002;0.0071115;-0.44314;1.0681;-0.33608;-1.1318;-1.2861;-0.169
14;-0.56036;-0.85703;-0.95308;-0.57611;-1.834;1.6605;-0.99987;-0.26293;2.0034;-0.4054;3.0603;0.4201;0.37073;-1.2129;0.49652;0.59595;-0.034942;1.7851;1.34;-2.4241;0.59011;1.1587;0.93887;1.0648;0.017431;-1.8194;-2.3536;0.73666;0.16052;1.32;0.58763;-0.37467;-0.45932;-0.27431;0.023255;0.57859;-0.43393;-1.3406;0.83633;-0.55689;-1.543;1.5172;-1.7172;0.81752;-1.3374;0.35612;0.60273;0.41634;0.44373;0.47141;-1.499;-0.98789;1.344;-0.62736;1.5404;-1.0417;0.5033;0.1441;0.49428;0.98708;-1.2052;-1.0985;-0.56614;-0.39275;-0.91996;-1.8231;0.4649;0.3456;-1.2186;-0.16116;-1.262;1.6091
15;1.34;-0.92286;-0.066906;0.0018056;0.5734;0.18163;-1.8979;0.67936;-0.88042;1.5131;-0.49997;-1.5247;0.34695;-0.98742;-0.22321;-0.66829;0.67014;0.40594;-0.82059;0.32501;0.86879;0.028287;-1.7338;0.64604;-0.23501;0.28687;-0.58667;0.99844;-1.6105;0.66008;-1.9405;0.36623;0.38691;-3.244;0.18662;0.41652;-1.1502;-0.68352;-1.2086;0.7251;0.33765;0.17588;-0.86516;-0.35453;-1.6458;-0.38885;1.5359;1.0469;-1.5217;0.31085;1.0968;-0.1848;-1.0762;0.17226;1.4202;0.093633;-0.238;1.5225;-1.5107;-1.6705;1.7527;-0.55842;1.2771;0.32137;1.0552;1.5232;-0.11359;-1.0974;1.192;1.6579;-1.3255;1.4613
16;-1.1686;-0.37286;-0.86332;-0.12066;0.57509;0.61416;-0.1289;1.0748;-0.49956;0.49078;0.84054;0.22943;-0.10969;0.23105;-1.2284;-1.8153;0.94193;-0.056863;0.02345;-0.57865;-0.5497;-0.61674;1.0928;1.7867;-0.60374;0.15201;0.35237;-0.54824;0.42786;-0.15762;1.8341;0.61879;0.74337;-0.27149;-0.85778;-1.0133;0.084926;-1.309;-0.82139;1.1333;-0.42936;-0.77309;-1.537;0.24194;0.88355;1.0139;1.1055;-1.6034;-1.3696;-0.75283;-1.0002;-0.065616;-1.3658;-1.42;-1.1173;-1.2633;-1.4718;1.6847;-0.65174;-1.239;-0.2929;-1.5856;1.488;0.37227;-1.3728;1.3424;1.7351;-1.0625;-1.5069;0.27427;2.0295;-0.62482
17;-0.45896;0.19617;-0.19679;-0.64265;-0.88564;-1.9277;0.44094;-1.5635;1.2994;0.12649;-0.13408;-0.54386;1.2985;-0.58181;0.38518;0.17363;0.33391;0.61468;-1.183;-0.071848;-0.38995;-1.0227;-0.24985;-0.57939;-0.16427;-0.28318;-1.0059;0.11041;1.2843;-0.16675;-0.62458;-0.98311;0.4792;-0.43385;-0.40593;-0.72262;0.60395;-0.58884;-0.60548;-0.13868;-1.2712;0.70865;-0.51199;-0.0043764;-0.13049;-0.99287;-0.25047;1.4762;1.1123;-0.08417;1.1412;0.30209;1.4999;-1.3047;-0.17694;1.5105;-0.1924;1.0925;0.67171;-0.1566;1.1817;1.2954;-1.531;1.5406;0.46753;-0.51138;1.5591;0.35781;0.73165;1.6672;0.41918;0.7552
18;0.39619;1.4605;-0.51821;0.95709;0.81001;0.34177;0.73842;1.3822;-1.4854;0.99091;0.46725;-0.26872;1.211;0.2176;-0.3764;-1.2215;-0.69863;-0.72758;-0.18961;-0.80424;1.3326;0.97498;-0.79354;0.22725;0.33613;1.3822;-1.2459;-0.498;0.69851;-0.007268;1.7079;-0.73086;1.6534;-0.66089;-1.368;0.58769;0.050797;-1.3262;0.58655;1.0905;-1.3137;1.5405;-0.3795;-0.9512;-0.095418;1.2256;-1.0341;1.036;0.2429;1.5797;-0.97034;-0.62249;-0.72946;-1.3479;-0.96357;-0.90207;-0.00023154;1.7785;-1.6919;0.18233;-1.032;-0.90909;1.1343;-1.6871;-0.41751;0.75278;0.9601;1.5385;-1.3045;-0.77136;-1.5462;1.3142
19;-0.57425;1.4235;0.98742;1.4782;0.72265;0.59486;-0.36296;-0.25126;-1.0322;-0.68291;-0.1839;-0.28171;-0.036677;-0.54678;1.4473;-1.817;-1.6575;-1.1162;-1.2667;0.60665;-0.2325;0.52508;0.092646;0.14305;1.6827;-1.0551;-0.76183;0.91696;-0.53167;-2.6293;-1.5448;0.9086;0.37795;0.14939;-0.84867;0.19743;0.11167;-0.94495;1.5837;-0.62813;1.6255;-0.42716;0.48435;-0.71141;1.4532;-1.0064;-0.66895;-0.24392;-0.79034;0.6652;0.3904;-1.5346;-0.88224;-0.15491;-1.5079;-0.82634;0.63717;-0.28377;0.9469;0.33462;-1.5002;1.4907;-0.67203;-0.38807;0.59705;0.28031;0.6693;-1.4892;0.80999;-1.4227;0.36309;1.5941
20;-0.53019;-0.68553;0.78735;-0.4739;0.62255;0.1238;1.2585;-0.69497;0.77963;-0.96912;1.635;0.27049;1.7003;1.4289;-0.24567;1.0018;-1.9643;-0.89924;-0.51672;-0.88915;0.61714;-1.362;-1.2892;-0.026995;-0.5908;1.3904;0.83458;-0.063676;1.0776;1.0652;-1.6282;0.5472;1.4177;0.13029;-1.1548;-0.71487;-1.0884;0.13983;1.5249;0.37101;-1.5835;-0.83242;0.72223;0.67647;1.0011;-1.2826;1.4524;-1.4939;-1.0026;-1.5986;-0.1415;0.70895;1.4552;0.39873;1.4727;-0.029252;1.0746;1.0327;-0.12236;-1.5809;-0.34279;1.1728;-0.90646;-1.0992;-1.18;0.89856;-0.28088;-1.2177;-0.76663;0.6374;-1.1103;0.15957
21;0.20385;-1.4095;-1.2484;0.74645;0.80585;0.51539;1.3354;-1.3532;-0.621;-0.50137;0.48136;0.053956;1.6275;0.16629;-2.4553;-0.55321;0.8394;-0.71369;-0.66815;-0.16832;-1.0754;-0.46123;-1.1389;-0.28442;0.073436;-0.32902;0.73175;-1.3018;-1.2665;-0.54758;-1.6734;1.782;-1.2411;-1.5468;1.0124;1.3833;0.74699;1.271;-0.30546;1.3995;-0.22322;-1.495;0.77523;-0.52187;-0.81745;1.4658;1.2173;1.4053;0.4921;0.016391;0.3169;0.81192;-0.37056;-0.48331;-1.394;-1.4308;0.38048;-0.26845;-0.085319;-0.051791;-1.4498;1.2686;-1.1653;-0.39657;-0.57113;0.88456;-1.141;-0.43824;-0.95893;-1.1847;0.76327;0.22111
22;0.65527;-2.3967;2.0478;1.1962;-0.97434;-0.94407;0.39666;-1.841;1.6624;0.20816;-0.032231;-0.11269;-0.92546;-1.6343;2.346;0.29877;-0.67277;-0.71817;1.1334;-0.46028;-1.4965;0.21426;-1.3357;-0.95412;0.56805;0.27498;0.65642;-2.3966;-0.93693;2.2921;0.60973;-1.6357;-0.47193;0.11819;-1.9329;0.099359;-0.50013;-1.4642;1.0596;-0.49934;-0.25669;0.27081;-1.6864;1.225;-1.0118;1.608;-1.6996;-1.5018;-0.61627;0.97977;0.58476;-1.5762;1.58;0.055036;-1.8162;-1.3175;-0.8556;-0.10999;-1.4869;0.75638;-0.64185;1.4602;0.5833;-0.33536;0.72688;1.4112;-1.0583;0.72746;-1.4101;0.75343;0.39651;-0.19234
23;0.069899;2.1133;-0.40086;-0.11705;0.93779;1.4529;-0.010786;-1.0712;-0.41954;1.4036;-1.2328;-0.1379;-0.51535;1.4834;0.82232;0.31409;0.96722;-0.2874;-0.9452;0.71555;-0.11074;0.57307;2.0268;0.045469;0.58677;-0.18057;0.95347;-0.23889;0.064348;0.51922;-0.10848;-1.3817;1.2769;-0.39976;-0.010508;1.5803;-1.064;0.53626;1.0173;0.5;0.32643;0.033183;-1.3801;-0.9843;1.5242;-0.99318;0.59136;-0.19377;-0.51962;0.60708;1.3241;-0.44395;0.92452;1.5652;-1.1922;-1.147;0.14931;-1.4536;0.1009;0.33645;0.38655;0.66117;0.14548;1.359;-0.96755;1.1927;0.52523;-1.5691;-0.8259;-1.8684;-0.25564;0.72116
24;-1.26;1.8332;-0.11668;-0.40131;0.11709;-1.6703;0.6657;-0.49453;-0.52894;0.23437;-1.4784;0.89407;-1.4878;-0.64272;-1.4482;-0.15718;0.073884;-2.1688;2.6844;-0.00057375;-0.042775;0.41927;0.56346;-1.34;1.851;1.2872;0.28359;-1.6823;-0.20358;2.0356;-1.1348;-0.49699;-1.6084;1.1814;0.91596;-2.2683;0.8499;0.80897;-0.3205;-1.2514;0.87136;-0.66588;-0.6482;-1.5619;1.3832;-1.36;-1.453;0.11031;-0.75083;-0.016303;-0.506;1.5636;1.2564;0.58685;0.57755;-0.85475;0.027411;-1.3894;-1.1809;-0.13161;0.20875;1.3154;-0.69146;1.0085;-1.0734;-0.3117;1.4478;0.39377;-0.15443;1.0546;-0.99029;-1.4416
25;0.79164;1.4172;-1.3718;-0.49759;0.58241;-0.31093;-0.70816;-0.082261;-0.49932;0.32057;-0.99985;1.2718;-0.95207;0.58831;-0.62044;0.26218;0.36034;-0.43284;0.86779;0.98137;0.15375;1.2432;-0.35011;1.3509;1.1599;-0.020698;-0.0023171;1.0267;0.9175;1.5984;-0.75788;-1.2176;0.44034;0.44069;0.95942;-0.3078;-0.52912;-0.13576;-1.0612;-1.3949;0.58788;-1.7761;-1.2825;-0.22526;-0.1284;1.1972;0.45711;-1.5256;1.2629;0.18151;1.357;-1.0477;-1.2856;-0.64213;0.086085;1.2426;0.2658;0.38773;0.42553;-0.016934;0.82486;1.2772;-1.2033;1.1632;-1.8036;-0.98996;0.5449;-1.6587;-0.048025;0.34606;0.9143;0.14032
26;0.25116;-0.88624;-0.72021;-0.036;-0.38467;-0.46374;0.58528;2.1188;0.2346;2.1515;-0.4672;-0.98713;-0.27214;0.47472;0.71281;1.3593;0.14825;-0.95201;-1.2855;0.50301;-2.3766;0.7322;1.2333;0.39774;-0.093737;1.026;0.73506;-0.30002;0.30073;-1.0762;-0.27318;-1.0647;-0.54087;0.16524;-0.082785;0.42409;1.235;1.3588;0.16469;-0.93088;-0.72209;1.5293;1.0385;0.05177;0.33269;-1.1075;-0.77737;0.3385;1.51;-0.83494;1.2208;-1.7814;0.069178;1.9112;0.81932;1.3719;1.5611;-1.6029;-1.1899;1.4721;0.19659;-1.2411;-0.21507;1.5998;0.31546;-0.94377;-0.71478;-0.63631;1.4517;-0.32242;-1.2963;-1.3819
27;0.12434;0.64749;1.3652;-0.47048;0.089;1.2347;0.77171;0.51022;1.3853;-1.3468;-0.99177;1.571;-0.43229;1.1907;-0.24968;0.038728;1.1976;-0.1458;-0.98224;-0.56837;-0.30074;-0.084175;-0.71767;1.0626;0.72975;-0.42933;-0.8073;0.37795;0.093875;-0.54876;0.70155;0.45067;-0.09971;0.74132;1.2987;0.57668;-0.84623;1.682;-1.3136;0.53292;-0.55447;0.84917;0.1869;0.15834;1.6583;0.78307;-1.3372;-0.038463;0.11412;-0.98871;1.4107;0.86414;-1.2075;0.087968;0.27089;-0.96783;1.6537;-0.82104;-0.97997;0.094366;1.0677;-0.063222;-0.080822;1.733;0.83691;-1.0891;1.8391;0.97004;0.32145;0.39705;-0.87249;1.0884
28;0.74557;-1.2006;0.216;0.94421;1.6913;-0.12301;-0.19196;0.85061;-0.97588;-1.423;1.7354;-1.4869;-0.83116;-1.6313;-0.070831;-0.10185;-0.92757;-1.9444;0.011085;0.80415;-1.4574;0.20223;-0.12449;-2.4533;-0.52653;-1.1624;-0.66311;-0.19781;0.15023;-0.36764;0.37481;0.14937;-1.7764;-0.46153;-1.2072;-0.63673;-0.20252;-0.68718;1.2472;1.3044;0.48834;0.43677;-0.81837;1.0089;-1.162;0.43409;-0.46117;-1.6896;0.15949;-0.72145;-1.3934;-0.19872;-1.2049;1.2633;-1.28;-0.79069;-1.161;-0.26503;-1.6772;1.1024;-0.012677;-0.17326;0.95465;0.142;0.13189;-0.34633;-1.0771;-0.49262;0.39791;1.0255;0.47715;-1.5328
29;0.63927;-1.4365;0.60974;-0.33924;1.1169;-0.21979;-0.39042;-0.23903;0.37105;-0.71677;-0.046389;1.3377;0.88787;-2.0243;0.17518;-0.85739;-2.4217;1.1793;0.8723;-0.67407;1.3558;-1.6834;1.3801;-1.9262;0.43358;0.32673;-0.27868;0.56163;-0.62571;0.44174;0.079743;0.86125;-0.61732;1.6518;0.68083;1.3724;2.2626;1.0065;-1.6811;-0.4707;-1.4736;-1.865;0.48013;0.20903;1.1879;0.58796;0.065056;1.3355;-0.15661;1.517;-0.35522;1.098;1.1461;0.008272;0.91994;-0.64156;0.69678;-1.4723;-0.42496;-0.87794;-1.3264;0.49249;0.38512;-1.067;0.60413;-0.75087;-0.32875;-0.64183;-1.0431;1.0328;1.812;0.19186
30;-1.5609;0.8799;0.044646;0.87416;0.80417;-0.92498;-1.6633;1.648;0.80495;1.6201;-0.11029;0.62106;-0.080904;-0.92244;-2.1345;0.021845;-0.0015004;-0.47704;-0.1249;1.3979;0.4229;-1.138;-0.40419;-0.17759;-2.106;0.2237;0.29341;-0.91684;2.4097;-2.0957;-1.1927;1.1388;-0.45567;0.9097;0.91075;0.21715;0.25535;1.2196;-0.38658;0.97517;0.23393;-0.84348;-0.50816;1.0484;-1.1825;0.42759;1.4698;-0.88471;-1.7884;0.53639;0.67557;1.2234;1.088;-0.87427;1.3112;0.26131;-0.20105;0.92067;0.16637;1.2931;0.24261;0.65005;-1.4299;1.4193;0.91572;1.5006;-0.49262;1.0483;-0.14967;1.0041;0.18353;0.61395
31;0.20137;0.79243;0.4225;-1.0061;-0.50288;1.5491;-0.79364;-0.65276;-1.8198;-0.093448;-0.69433;-0.17472;2.0914;0.12574;0.29664;1.0582;-0.16241;-0.11979;-0.043418;1.3818;-0.39767;-0.62954;-0.56247;0.88289;1.945;-0.95329;0.3744;0.42155;-1.1146;-0.59712;-0.25618;0.40646;-0.98987;-0.30188;0.31914;-0.016514;-0.71614;-0.49824;1.8053;-1.015;-0.11293;-1.4849;0.26948;-1.7493;-1.1619;-1.4363;-0.88342;0.31168;0.46686;-0.50933;1.1732;1.8844;0.18882;0.1893;-0.92446;-1.3994;1.5559;0.83528;-0.9874;1.3607;1.3584;-0.75062;-1.1862;0.38087;1.1861;-1.7464;1.786;-0.9916;-1.298;-0.53723;-0.54985;1.0423
32;0.47646;0.46837;-0.77363;-0.60099;-0.029556;0.081297;-0.56804;0.61427;-0.6981;-0.037497;-0.11021;-0.53049;1.0309;1.4008;-0.10165;1.0036;0.75927;1.9244;0.62385;-1.719;-1.3005;-0.99191;-2.0146;-0.50697;-0.46978;-1.5183;0.8319;-1.0985;-0.29937;0.36195;-0.31022;0.9785;0.51528;0.43838;-1.5399;-2.1347;-0.3426;0.40057;-0.64991;-0.70088;-1.0219;0.71377;-1.7143;-0.41267;0.62668;0.5869;0.58849;0.83916;0.35493;-1.5659;0.61738;1.12;-0.14022;-0.6103;-0.72754;0.90244;-1.5594;0.75295;1.6096;-1.2938;1.3762;-0.98065;-1.2679;0.024979;0.23411;0.61185;-1.0031;-0.63157;1.3971;0.848;0.21581;-0.46406
33;0.57748;0.16576;-0.20635;1.3747;-0.10408;0.39508;1.373;0.42407;-0.54689;-1.9712;-0.076757;-0.089596;0.78451;0.51622;-0.7047;0.14842;0.12032;-0.25053;-0.049012;0.13994;-0.41192;-0.58551;1.4334;0.45568;-0.63406;-0.13526;-1.1537;1.735;-0.35029;0.24385;-1.682;-0.019251;-0.37057;-1.379;0.1132;0.40288;-1.1114;0.035581;-0.28598;-0.2665;1.0603;0.18568;0.11816;-0.32253;0.07457;-0.12885;1.4825;-1.6217;-0.40116;0.012763;-1.0548;1.4963;-0.10809;0.96113;-0.29204;0.98583;1.3437;0.61061;0.81579;-1.1403;-0.41172;-0.31551;0.94538;-0.11032;0.94329;-0.12211;-0.66096;0.45457;1.7197;-0.069134;1.384;-0.92087
34;1.4308;-2.211;-0.41887;0.68552;0.012208;0.36027;-0.10224;-0.36578;1.6747;0.23907;0.47602;0.69291;-1.4694;-2.1432;-1.0265;-1.1444;1.6838;0.58372;-0.4634;0.61817;1.3659;-0.37637;-0.16142;-1.2625;0.93377;0.22885;0.20468;-0.55329;-0.21983;-0.065151;0.38641;-0.44887;0.91428;0.60786;-2.5155;-0.97121;-0.49558;-1.4193;-0.031546;0.81739;-1.5278;0.42797;1.417;0.42139;-0.34518;1.0297;-1.1021;-1.1856;1.0992;0.55529;-1.1764;-1.6259;-0.79657;1.5906;1.2052;1.6959;1.204;-1.4895;-1.351;-0.31428;1.5784;-0.080978;1.3396;1.4818;-0.073559;0.16527;0.5946;-0.10252;-1.4521;-1.4158;-0.58797;1.0609
35;0.79115;-0.20475;1.2463;0.63191;0.83272;-1.5581;-0.95045;0.51535;0.47632;-0.63185;-1.2279;0.35838;0.93445;1.296;0.72487;-0.61554;0.037684;-0.40045;-0.40928;-1.6107;-1.0176;-0.91273;1.9505;-0.21168;1.5825;1.7951;-2.1442;0.80585;0.081291;-1.5015;0.11225;-0.4222;0.07463;0.85745;0.34282;-0.084474;2.2558;-1.0163;1.5799;-0.71895;1.37;0.14226;1.0156;-0.54502;-1.1702;1.2318;-0.31877;-0.97681;-1.9958;-0.88873;0.6184;0.88873;-1.0461;-0.93761;-0.54078;0.94249;0.27108;1.9289;1.6346;-0.86982;1.2297;-1.4477;0.30607;-0.16615;-1.6131;-0.081609;-1.1878;1.1576;1.1784;1.5388;-0.61921;-1.1393
36;-0.091315;-0.36071;-0.63269;-0.87515;-1.2974;-1.6024;0.67404;-0.021092;-1.2003;0.030036;-0.22005;-0.19651;-0.55895;0.71972;1.084;-0.74437;2.4199;-0.2106;1.4824;-0.32205;1.857;-0.6826;-0.074981;0.79322;-1.4175;-1.3766;0.81363;1.9042;0.10977;-0.59497;-1.6109;-0.48289;0.23658;-0.73695;2.688;0.31641;0.35804;1.2015;1.7843;0.76434;1.8707;0.56893;-0.70432;0.15739;-0.049526;-1.4367;-1.7283;0.99795;-1.8265;-1.3377;-0.22469;-0.44878;-1.1573;-0.35289;0.31649;0.38817;1.0609;-0.29367;-0.441;-1.1985;-0.43033;-1.3892;1.2904;0.40046;1.2618;-0.476;1.8026;1.3936;1.3141;1.2184;0.29419;-1.3916
37;0.60422;0.55955;1.0384;1.2679;-1.0656;-1.1308;0.75108;-0.14749;-0.71309;0.66574;1.8497;-0.66316;-0.060741;0.52192;-0.45281;1.3826;-0.31032;-0.61966;-0.75285;0.69947;-1.8411;-1.7478;-0.84867;-1.5929;-0.54304;-0.48631;-0.66351;0.69121;-0.012264;-0.0024994;-0.5069;-1.1861;-0.079673;1.1602;-0.052585;-1.7688;-1.1745;-0.44606;0.79813;1.4598;0.67834;1.2054;-1.4743;1.0766;1.721;-0.92732;-0.21562;-0.48023;-0.79118;0.07131;-1.5711;0.68768;-0.58156;1.6424;0.52817;1.4313;0.17196;-1.1852;0.82425;1.1292;0.22097;1.2018;1.1903;0.27634;-0.93033;-0.65384;-0.6065;1.1247;1.298;-1.9251;0.20516;-0.12003
38;0.57875;-0.88731;0.014385;1.4128;0.64706;1.9592;0.98964;-1.0668;0.17349;0.17959;-0.0020949;-1.0468;-0.72055;0.63321;-1.0139;-0.86282;0.43904;0.61612;0.99485;0.74989;0.30106;-1.6354;2.1657;-0.58791;-2.5847;-0.875;0.61492;0.69815;1.6357;-0.66383;0.56625;-0.023091;-1.7596;-0.59208;-0.54497;2.3537;1.2221;-0.57534;-0.67728;-1.3942;-1.7009;-0.60917;-0.72136;0.033928;1.6352;-0.47063;-0.54436;0.19742;0.54575;-0.55921;1.0665;-1.2285;1.5667;-1.1613;0.36012;1.1947;1.2752;-0.77356;0.61482;-0.32123;-0.94332;0.77223;0.40224;0.32086;-1.1664;-1.5726;-0.21605;0.091362;1.1862;-1.033;1.0274;-0.27753
39;0.71277;0.068236;-0.82904;-0.50804;1.9681;0.70406;0.31337;0.065161;-1.1426;0.7021;-0.26574;0.18627;1.1777;0.47488;0.53139;1.8159;-0.025148;-0.85297;1.3814;0.32991;-0.70415;0.59616;-0.072807;-0.55787;0.52162;-0.23209;-0.14174;-0.25215;-1.4035;0.25913;-0.49195;1.4591;0.20765;1.0459;-0.73098;0.99084;1.2621;1.0947;-1.5413;-0.31612;-0.53478;0.94698;-1.2736;2.1947;-0.92578;0.88108;-1.2585;1.2281;-1.6332;0.53666;1.2046;-0.9807;1.1127;0.85925;-1.144;0.60106;-1.2743;-1.3394;-1.0375;-0.68169;1.1693;-1.1287;1.4515;-0.4106;0.65237;-1.1613;-0.11272;-0.95039;0.94305;-0.87062;1.0903;1.2299
40;2.0021;0.26005;1.1385;-0.71246;0.10176;-0.37356;0.48717;0.001978;0.89678;-0.19455;0.067118;2.2994;-0.7836;1.4686;0.78092;0.9973;0.91754;-0.48308;-1.9868;-1.3675;0.14838;2.5933;-1.3204;0.71261;1.2043;1.6055;-1.1102;-0.68899;2.3142;-1.2308;-0.52346;-1.105;1.6507;-2.0761;1.6324;1.127;0.7165;-0.71286;-0.89737;-0.30512;-1.1954;0.223;0.15717;-1.4882;-1.3041;-1.1028;-0.43261;-0.62534;-0.78401;0.42642;1.5789;0.28775;0.47948;0.73183;-1.2538;1.8519;1.0506;-0.74574;1.2212;1.6076;-1.2512;0.76926;-1.547;-0.06525;-1.6773;1.1064;-0.88773;-0.31787;-0.87163;1.2695;-1.0383;1.1741
41;-0.012268;-0.32992;-1.4984;1.0412;-0.79695;0.66422;-2.1055;-0.57527;-0.89362;-0.61485;1.3694;-0.88808;-2.3916;-0.25852;0.29338;-1.4359;-1.3754;1.2399;0.70248;-1.5811;-0.61277;1.2448;0.29425;2.2029;-0.48663;1.1069;1.5886;-0.51571;-2.111;-0.78769;0.46814;-0.45088;-1.4246;0.19591;0.10586;-0.022513;-1.0004;-0.77941;1.5513;-1.1164;0.94858;-1.518;1.3322;1.1179;-1.397;-0.12826;1.2386;-1.4246;1.5801;0.93981;-0.66218;-0.32532;0.22414;1.3691;1.4015;-1.4444;0.43369;0.34981;0.53214;1.6439;-0.99557;0.80669;-0.80388;0.099112;0.64302;0.26876;-0.20002;0.98196;0.53467;1.5659;-0.51669;0.5343
42;0.31307;-0.65738;0.60721;-1.3655;0.021009;-1.3644;-0.5283;-1.3125;-0.40505;0.70833;-0.37671;-0.77689;1.9401;-0.2039;-0.72989;-1.0515;0.89152;0.39544;0.10164;-1.6927;0.88404;0.5167;0.027655;0.13532;-0.43516;2.9122;1.3617;-0.20873;0.68487;-0.72885;0.022768;-1.2973;-0.24591;0.51957;-0.43019;0.23055;-0.82125;-0.40356;0.60387;1.6557;-0.42544;0.95405;0.27708;-0.42696;0.68911;-1.1129;0.49574;0.5545;0.96109;1.3238;0.72738;-1.7255;1.4013;-0.26026;-1.0767;0.71668;-1.4806;-0.52292;-0.3729;-0.50211;-0.78151;-0.85767;-0.34451;-1.1824;-1.83;0.31892;-0.82486;1.0427;0.72309;-0.55169;-1.6221;-0.081329
43;1.1521;0.56597;0.94211;1.3467;0.42919;-1.7192;1.2795;1.1394;-0.035798;-1.334;0.70324;0.80403;-0.13163;-0.6411;-0.87059;1.2676;1.008;0.96351;-2.1538;1.0007;-0.74826;-0.065598;-0.17739;0.28642;0.012765;-0.082784;-1.8025;1.2419;0.42911;0.66889;0.82875;0.86373;-1.9995;1.6774;0.74279;-0.82132;-0.87576;-0.94596;0.49285;1.7772;1.3785;-1.7434;-0.29986;-0.06064;0.95446;0.89647;0.35871;0.46769;-0.59629;-1.5898;1.0724;-0.45739;-0.15838;1.1448;0.30165;-0.51854;1.5303;-0.22832;-1.1831;0.74998;-0.1669;1.1648;-1.1872;-1.6884;-0.3845;-0.54617;1.7286;-1.7272;0.46219;0.9616;-0.88735;1.4119
44;-0.95155;-0.25387;-1.8408;-1.8902;0.2139;-0.019734;-0.35947;0.1775;1.746;-0.17043;-0.033613;0.73359;-0.52298;-0.13661;-1.0981;-0.68841;-0.41993;1.7529;1.0317;0.88573;0.051487;-0.00077724;0.51173;1.7151;-0.70959;-1.2976;-1.324;-1.1599;0.4277;0.30337;0.63954;1.6105;-0.023554;-0.39588;-0.027957;1.1291;-0.45332;0.059195;-1.0426;-1.1633;1.0043;1.0562;1.2058;-1.6115;0.28227;1.5437;-0.67126;0.98736;-0.14916;1.1136;-1.51;-0.83496;1.2717;-1.4365;0.70863;-0.43872;-0.16725;1.0599;-0.76562;-1.4042;0.48546;1.5851;-0.25325;-0.0095769;0.94079;1.2315;-1.1516;0.85765;-0.8853;0.51315;0.50569;-1.5436
45;1.7435;-0.58189;1.1109;1.6381;-1.8202;1.025;0.36419;2.5774;0.51872;1.0294;-0.29843;0.46652;-0.79596;0.33856;1.2345;-1.1395;-1.3179;-0.042071;-2.4246;2.0003;-0.6365;-1.7385;0.87194;0.72539;-0.02287;1.209;-0.56918;0.60709;-1.0167;-1.2084;1.1899;-0.61609;0.64189;-0.099821;0.56188;-0.7421;-1.2267;-0.21051;-1.5054;-0.92259;1.4758;1.2069;0.8811;-0.56014;0.35553;1.708;1.4484;-0.9824;1.8437;-0.16334;-0.26164;1.1744;-1.2388;-0.36078;0.78673;-0.15669;-0.94936;1.5197;-1.0281;0.065958;-1.1544;-0.10245;-0.022249;1.0976;-1.4863;-1.7602;-0.019966;0.46814;-0.53343;0.41785;1.6853;0.77398
46;0.50026;0.71959;-1.8113;-0.14097;0.70988;-0.70556;0.55757;-1.6943;-0.32539;1.5852;-0.53279;-0.042551;0.3936;0.048247;-1.4256;1.2136;-1.0953;-0.29316;-0.10052;0.47272;0.5046;1.7062;-0.27645;0.62459;0.2164;0.77704;1.0207;-0.99642;0.38672;0.47367;-0.43947;-0.047987;0.18534;0.01906;0.08179;-0.30389;0.40156;0.42633;-0.65327;-1.3177;-0.15129;0.12899;-1.6695;1.9594;-1.5986;-0.52325;1.246;-0.91331;-0.14151;-1.5205;1.5249;1.1096;-1.2729;1.5268;1.2075;-1.0733;0.53061;0.42017;-1.3077;1.4773;-0.52143;-1.0093;-0.68571;1.5215;1.2307;0.20869;-0.55415;-0.70464;0.42058;-0.33908;-0.058068;-1.5593
47;-0.10982;-0.88611;0.72094;-1.1044;-1.8754;-0.24418;-1.7332;-0.31049;1.7468;0.94063;1.7764;-0.99234;-0.92775;0.9316;1.1552;0.49563;-0.65939;-0.48189;-0.12349;-0.63456;-0.11971;-0.88649;-0.88936;-1.8354;1.4383;-1.8886;1.2671;0.27851;0.87416;-0.81713;1.0469;-0.16299;0.47758;0.39892;0.84374;-0.94322;0.12728;-1.1091;-1.2188;0.17564;-0.20519;0.79893;-1.0152;0.29601;0.30016;0.53807;0.29879;-0.060062;1.2199;-1.1886;-1.21;0.30165;-0.63508;-0.26783;-0.96725;-0.12456;0.67458;1.3453;0.075614;-1.1627;0.034481;-0.53808;1.4932;-0.77553;-1.7324;0.36879;-1.3712;-0.4409;-1.0245;-0.28737;1.3668;-0.72453
48;0.53649;0.53827;1.0582;-0.55429;1.2122;1.1618;-1.6547;0.029118;0.23378;-0.37527;0.29781;-0.8668;-1.6171;-2.4371;1.2481;1.2911;-1.3139;-1.5648;-0.57905;-0.50196;-0.71542;-0.19326;-1.0906;-0.0095089;0.58838;0.037321;-0.36211;0.61038;0.82254;0.87459;0.073469;1.4554;-0.32336;0.13227;-0.17603;-0.87176;1.5973;1.2547;-0.51624;-0.85775;-0.38447;-0.63831;0.7814;0.83608;0.10701;-1.258;-0.76194;0.36302;0.58268;0.023395;-0.94942;0.78054;0.90137;0.22324;-1.5434;1.1176;-1.5591;-0.073412;0.89886;1.2429;0.22888;1.0824;-0.62487;0.0085989;0.95456;1.2926;-0.93328;-0.63967;0.84937;0.18431;-0.30103;-1.0123
49;-1.4983;-0.60552;-0.6884;-1.0971;-1.1926;0.97268;-0.014244;0.86428;-1.1495;-1.8576;1.8306;2.1075;-0.74668;-0.16095;0.45745;-0.55839;-0.25341;0.70631;-0.92625;1.0413;-0.15923;-0.27852;-0.11579;0.70531;0.10396;1.0369;-0.67803;-0.91524;-0.64959;0.91138;0.25244;-0.21246;-1.5407;0.3702;-0.70887;-0.90993;-0.006827;-1.282;1.2067;0.052335;1.1491;0.2621;1.1422;2.0355;-0.57638;0.62414;0.45668;1.2686;-0.70272;1.3917;-0.82317;-0.13949;0.64336;0.79019;0.66882;0.75478;-1.8297;-0.73281;1.1802;0.20834;1.4461;0.31002;-1.1803;-1.1905;0.37019;1.0602;-1.2203;0.68736;-1.5833;1.2096;-1.007;0.59075
50;-0.067628;0.9091;0.55189;-0.48242;0.32447;0.55519;0.75172;0.77474;-0.39212;0.87838;-1.271;0.56527;-0.94066;-0.19564;-0.050376;-1.9784;1.4261;1.1449;-0.10167;-0.087537;2.5686;-0.50145;0.71241;-1.1129;0.087444;-0.64562;1.0536;-0.78836;0.0086339;1.139;-0.5806;-0.7015;0.77141;0.56416;0.92714;0.56266;0.39484;-0.42852;0.07998;-0.33857;0.96484;0.12706;-0.29772;-1.1374;0.68136;0.32924;-1.3416;0.56936;1.1474;1.4716;0.41433;0.41267;-1.0224;-1.1091;1.0942;0.58921;-0.97509;1.4112;0.74691;-1.0914;1.3711;-1.4311;0.73984;-1.5007;0.355;-0.46667;-0.41979;-2.1344;1.1903;-1.0289;0.99711;-0.85139
PARTICULAR
GAIN
81
