TITLE;96 random variables, variable gain
FOCUS ON;
EXPERIMENT TYPE;SingleAmongManyVaryingGain
PARAMETERS
normalization;Standard
pcaRecompositionThreshold;0.95
component;1;2;3;4;5;6;7;8;9;10;11;12;13;14;15;16;17;18;19;20;21;22;23;24;25;26;27;28;29;30;31;32;33;34;35;36;37;38;39;40;41;42;43;44;45;46;47;48;49
type;RandomNormal;RandomNormal;RandomNormal;RandomNormal;RandomNormal;RandomNormal;RandomNormal;RandomNormal;RandomNormal;RandomNormal;RandomNormal;RandomNormal;RandomNormal;RandomNormal;RandomNormal;RandomNormal;RandomNormal;RandomNormal;RandomNormal;RandomNormal;RandomNormal;RandomNormal;RandomNormal;RandomNormal;RandomNormal;RandomNormal;RandomNormal;RandomNormal;RandomNormal;RandomNormal;RandomNormal;RandomNormal;RandomNormal;RandomNormal;RandomNormal;RandomNormal;RandomNormal;RandomNormal;RandomNormal;RandomNormal;RandomNormal;RandomNormal;RandomNormal;RandomNormal;RandomNormal;RandomNormal;RandomNormal;RandomNormal;RandomWeibull
p1;0;0;0;0;0;0;0;0;0;0;0;0;0;0;0;0;0;0;0;0;0;0;0;0;0;0;0;0;0;0;0;0;0;0;0;0;0;0;0;0;0;0;0;0;0;0;0;0;1
p2;1;1;1;1;1;1;1;1;1;1;1;1;1;1;1;1;1;1;1;1;1;1;1;1;1;1;1;1;1;1;1;1;1;1;1;1;1;1;1;1;1;1;1;1;1;1;1;1;1
RESULTS
COMMON
distance
which;Manhattan(Average);Manhattan(GeometricAverage);Manhattan(Median);Manhattan(Minimum);Manhattan(MinimumTimesMedian);Manhattan(Summation);Euclidean(Average);Euclidean(GeometricAverage);Euclidean(Median);Euclidean(Minimum);Euclidean(MinimumTimesMedian);Euclidean(Summation)
plain;1.0453;1.0444;1.046;0.9176;0.95982;1280.5;0.14537;0.14494;0.14548;0.11505;0.016738;178.08
PCA;1.0452;1.0443;1.0462;0.91599;0.95833;1280.4;0.1454;0.14497;0.1455;0.11463;0.016679;178.11
DE00;1.0668;1.065;1.0673;0.95178;1.0024;1307.3;0.2572;0.25059;0.26999;0.14584;0.032286;300.43
DE01;1.0671;1.065;1.0645;0.94924;1.0005;1306.6;0.25319;0.23878;0.25533;0.14992;0.033849;301.27
DE02;1.0669;1.0658;1.0653;0.9449;1.0011;1305.7;0.26558;0.24871;0.24402;0.14287;0.031789;325.14
PCA
weights;0.010584;0.010097;0.010266;0.010225;0.010515;0.01035;0.010471;0.010551;0.010294;0.010019;0.010605;0.010207;0.010434;0.010195;0.010473;0.010374;0.010396;0.010704;0.010375;0.010323;0.01049;0.010449;0.010491;0.010686;0.010309;0.010334;0.01033;0.010328;0.010071;0.010546;0.010167;0.010289;0.010427;0.010452;0.010399;0.010676;0.010702;0.010047;0.010528;0.010702;0.010504;0.010267;0.010575;0.010506;0.010763;0.010456;0.010717;0.010208;0.009986;0.010773;0.010547;0.010204;0.010613;0.010413;0.010674;0.010686;0.010594;0.010544;0.0107;0.010277;0.010309;0.010678;0.010372;0.010365;0.010532;0.010598;0.010253;0.010256;0.010557;0.01048;0.0097067;0.010193;0.010156;0.010487;0.01007;0.010373;0.010712;0.010693;0.010508;0.010723;0.010188;0.010544;0.010372;0.010378;0.010183;0.010476;0.010034;0.010409;0.010451;0.010415;0.01057;0.010527;0.01035;0.010407;0.0103;0.010483
differential evolutions parameters, by distance type
i;dDE / dP;distance;type;parentWeight;crossover;population;iterations;distance;weights ->
1;1.0206;1.0668;2;0.85;0.5;50;50;Manhattan(Average);0.02628;0.0034671;0.023407;0.017568;0.020922;0.01235;0.021152;0.02462;0.0048511;0.023618;0.025941;0.022528;0.0044301;0.0035762;0.025493;0.018252;0.02302;0.0031531;0.01661;0.022574;0.0034429;0.0036808;0.025279;0.02196;0.0092013;0.023508;0.01649;0.017743;0.019509;0.025579;0.021334;0.023025;0.02328;0.018224;0.019327;0.020477;0.025773;0.02435;0.0099724;0.023195;0.0004462;0.025041;0.0031187;0.014821;0.022274;0.020074;0.0019652;0.010025;0.00048526;0.0019082;0.00035506;0.018421;0.00026995;0.0018842;0.00021383;0.00016892;0.0009402;0.025626;0.0018571;0.00034431;0.010291;0.00050535;0.00029055;0.0001117;0.0010642;0.0035219;0.0025144;0.0010421;0.0001835;0.00083335;0.0017145;0.00096239;5.6928E-05;0.023142;0.00040286;0.0013702;0.00036739;0.0069537;0.0011372;0.0043534;0.0010285;0.0013868;0.0001599;0.026836;0.0018301;0.001625;0.0020257;0.0010768;0.0013933;0.001165;0.011122;0.00031412;0.00055888;0.0093375;0.0076906;0.0022288
2;1.0209;1.0671;2;0.85;0.5;50;50;Manhattan(Average);0.018345;0.013345;0.023582;0.026355;0.00665;0.024553;0.021516;0.015025;0.025429;0.025483;0.020701;0.016717;0.0012796;0.018291;0.01616;0.025772;0.024498;0.01228;0.01138;0.020097;0.016719;0.02231;0.018549;0.0025847;0.023752;0.023676;0.021273;0.022244;0.017252;0.025878;0.018295;0.024642;0.0037817;0.019262;0.023293;0.014368;0.019855;0.024079;0.025174;0.020939;0.0029903;0.021618;0.005239;0.018171;0.024522;0.006544;0.0006766;0.018785;0.0027468;0.00055253;0.0096812;0.006317;0.00030684;0.0006864;0.00087864;0.00041856;0.00052946;0.0047196;0.00083121;0.0001048;0.014519;0.00025769;9.44E-05;0.0018081;0.00030734;0.0023018;0.00057705;0.00031922;0.00057292;0.0017775;0.010447;0.0015143;0.00066666;0.020747;0.00021065;0.00092769;0.00081958;0.0073594;0.0020921;0.023667;0.00059119;0.0011673;0.00030507;0.00292;0.0004613;0.00068784;0.00071038;0.00020548;0.0019033;0.0014143;0.0033371;0.0002245;0.0080905;0.0035443;0.00067071;0.001078
3;1.0207;1.0669;2;0.85;0.5;50;50;Manhattan(Average);0.023641;0.021669;0.022925;0.023129;0.011977;0.019963;0.022614;0.020065;0.0021079;0.02166;0.020814;0.016763;0.0046327;0.018699;0.01924;0.020099;0.022029;0.0051491;0.019039;0.022935;0.0091158;0.0030019;0.016961;0.016808;0.021129;0.022744;0.0092825;0.016425;0.020247;0.02257;0.021318;0.015917;0.023621;0.019857;0.023737;0.014423;0.013983;0.022628;0.018551;0.01558;0.015361;0.0024426;0.022872;0.022425;0.023494;0.0085007;0.0013272;0.019563;0.00027517;0.00028002;0.0041643;0.0076686;0.00077628;0.00066871;0.00043123;0.00013125;0.00021809;0.022436;0.0018753;9.4471E-05;0.0016973;1.1201E-05;1.1946E-05;0.0014655;0.00013459;0.0010727;0.00042798;0.0016489;0.00061571;0.00031823;0.021291;0.00035081;0.00028546;0.00329;0.003702;0.0081774;0.0010604;0.019556;0.00045495;0.0029263;0.00068412;0.00061375;0.00018344;0.0158;0.0016445;0.0006044;0.00029383;0.00099127;0.00051347;0.00017881;0.0015373;0.00023279;0.020205;0.00084316;0.0036844;0.021438
4;1.0197;1.065;2;0.85;0.5;50;50;Manhattan(GeometricAverage);0.016516;0.0043968;0.024685;0.018685;0.0069484;0.018458;0.021622;0.021324;0.018512;0.010815;0.015057;0.021975;0.013106;0.019405;0.024309;0.020552;0.024703;0.0075483;0.018402;0.023449;0.000149;0.010639;0.023648;0.021789;0.0061445;0.0037979;0.0072571;0.023579;0.012595;0.016408;0.022561;0.023023;0.022811;0.0060016;0.022232;0.021851;0.023125;0.020649;0.024697;0.023538;0.019053;0.0067516;0.023038;0.019105;0.024688;0.020754;0.00015106;0.024734;0.00070055;0.0001611;0.0043741;0.0079542;0.00077282;0.0011275;0.00075397;0.00013108;0.00079619;0.023846;8.3558E-05;0.00038337;0.006872;0.00039345;0.00033081;5.1575E-05;0.00034809;0.00023681;0.0013162;0.0016525;0.00050581;0.0033578;0.021362;0.0037772;8.2879E-05;0.011757;0.0019881;0.0011941;0.0010028;0.009833;0.0020033;0.019775;0.0069999;0.0010392;0.00028453;0.013609;0.00043294;0.00063259;0.0012622;0.00073882;0.00063424;0.0002284;0.0042961;0.00018985;0.0098673;3.2071E-06;0.0019076;0.003711
5;1.0197;1.065;2;0.85;0.5;50;50;Manhattan(GeometricAverage);0.016714;0.022945;0.024525;0.021253;0.010604;0.020747;0.024777;0.018909;0.010708;0.023629;0.021557;0.017601;0.0056638;0.022018;0.02354;0.021503;0.0099306;0.017568;0.0068774;0.013604;0.01169;0.001284;0.024145;0.01516;0.024621;0.023592;0.008279;0.023378;0.024689;0.02475;0.024581;0.022292;0.018669;0.01894;0.024169;0.019195;0.022743;0.015363;0.023406;0.010023;0.013152;0.024095;0.0062792;0.022744;0.0045194;0.0079611;0.0004759;0.020058;0.0013997;0.017481;0.010687;0.023862;0.00019302;0.00046751;0.0017266;0.00089024;0.0039077;0.01264;0.0015235;0.0011189;0.0057629;0.0010681;1.8301E-05;0.00081911;0.00094155;0.002391;0.00012431;0.0041515;0.00071154;0.00059666;0.00094891;0.0026634;0.0018794;0.010507;0.0022855;0.0032797;0.00036787;0.001418;0.0010651;0.00010082;5.4841E-05;0.000532;0.00087434;0.022692;0.0010397;0.00061867;0.00030723;0.00035572;2.8685E-05;0.0013626;0.012381;0.00012674;0.0031809;0.00017117;0.0021033;0.0022459
6;1.0205;1.0658;2;0.85;0.5;50;50;Manhattan(GeometricAverage);0.021681;0.00023726;0.025657;0.016715;0.01575;0.019667;0.017018;0.014786;0.01638;0.019331;0.023769;0.024743;0.025589;0.0070573;0.025667;0.022446;0.025359;0.0070797;0.022844;0.0031563;0.0111;0.002695;0.022273;0.015056;0.023052;0.020615;0.012043;0.0085664;0.023558;0.019505;0.024413;0.024097;0.021113;0.023953;0.024135;0.019654;0.025987;0.020299;0.012288;0.020628;0.011249;0.024376;0.0002559;0.023944;0.010497;0.020264;9.8992E-05;0.024135;0.0005528;0.00090222;0.00026583;0.014242;0.00044794;0.00089811;0.0011577;0.0023947;0.00051437;0.019665;0.0013753;0.00012082;0.0041152;0.00062266;0.0005309;0.0022384;0.00094946;0.014533;0.00015678;0.00018836;0.0023214;0.00015865;0.0021802;0.0040218;0.0012909;0.017171;0.0019202;0.0049036;3.2007E-05;0.0037318;0.00075083;0.0030824;0.002048;0.00020548;0.0014338;0.017734;0.0023975;0.0017269;0.00070077;0.00066826;0.0015413;0.0026023;4.0736E-05;0.00087123;0.011622;0.00089482;0.0028046;0.0004878
7;1.0373;0.95178;2;0.85;0.5;50;50;Manhattan(Minimum);0.017687;0.014855;0.0030824;0.013901;0.012365;0.0097852;0.01399;0.0085589;0.0094679;0.0055545;0.011574;0.012015;0.0038268;0.012258;0.015053;0.01532;0.0080907;0.014748;0.017881;0.016585;0.014792;0.013776;0.013845;0.0053631;0.011756;0.0064062;0.0076436;0.016738;0.014224;0.0073151;0.0048217;0.0052671;0.013183;0.016781;0.0111;0.0057282;0.0082936;0.015316;0.012185;0.01439;0.016209;0.0011017;0.0051758;0.013977;0.017314;0.0027593;0.0015041;0.0087973;0.014132;0.0051169;0.01511;0.010847;0.0077822;0.0067153;0.016173;0.016658;3.3698E-05;0.015682;0.016761;0.014548;0.011363;0.0054406;0.0068021;0.0074334;0.010736;0.014298;0.013488;0.016091;0.010486;0.011459;0.0059742;0.011241;0.0068926;0.01184;0.0016801;0.010176;0.011812;0.0049868;0.016944;0.017726;0.010292;0.0054791;0.0050654;0.0018366;0.0033421;0.013215;0.013183;0.013099;0.014463;0.015421;0.0049968;0.0013904;0.0092401;0.0085387;0.0032213;0.0084255
8;1.0345;0.94924;2;0.85;0.5;50;50;Manhattan(Minimum);0.01002;0.016471;0.00098129;0.016698;0.01769;0.0048784;0.0085595;0.015217;0.012043;0.0053202;0.014223;0.013048;0.016937;0.012468;0.013344;0.0084756;0.012733;0.018835;0.0038863;0.019232;0.0056576;0.012829;0.0072024;0.016078;0.0053188;0.013765;0.0035227;0.010603;0.014975;0.010281;0.0095942;0.012915;0.010069;0.018002;0.0074094;0.01696;0.012408;0.01658;0.0051782;0.016921;0.008878;0.015228;0.018678;0.017403;0.015788;0.011828;0.0053846;0.007296;0.0076641;0.00090983;0.018197;0.0061853;0.0095969;0.010015;0.0058557;0.01894;0.0023053;0.0047155;0.018556;0.015331;0.0083422;0.0088935;0.0061081;0.0022643;0.0054359;0.01237;0.013507;0.0090499;0.0022839;0.01051;0.013008;0.012379;0.011297;0.012948;0.0092511;0.0012299;0.016577;0.0020581;0.0092074;0.011902;0.0036195;0.0088673;0.0060942;0.0076264;0.006291;0.0051331;0.011631;0.0099576;0.0058283;0.0038184;0.014586;0.0134;0.011736;0.014524;0.00057111;0.011606
9;1.0298;0.9449;2;0.85;0.5;50;50;Manhattan(Minimum);0.007365;0.012017;0.005758;0.013446;0.017954;0.020426;0.010872;0.010328;0.01883;0.0032624;0.00061558;0.0067531;0.011457;0.015946;0.010363;0.019453;0.016068;0.019297;0.0043843;0.018408;0.014865;0.003528;0.019829;0.017763;0.013489;0.014729;0.0072083;0.015396;0.0092815;0.0027205;0.01097;0.016783;0.011284;0.020313;0.010276;0.0075392;0.0039835;0.01485;0.013022;0.019093;0.0056606;0.0029977;0.016946;0.020656;0.0096659;0.0055678;0.011273;0.0032303;0.010539;0.00013245;0.013283;0.0092627;0.001136;0.003334;0.007381;0.014313;0.0019947;0.012793;0.011123;0.0052019;0.0024531;0.0043694;0.014723;0.0048329;0.017084;0.0044873;0.010724;0.011821;0.0061322;0.012168;0.01108;0.0078314;0.01212;0.015456;0.0046879;0.0069847;0.0070888;0.018698;0.014762;0.018438;0.016873;0.0183;0.010324;0.0084286;0.0081116;0.0020221;0.011798;0.0070796;0.014799;0.0045549;0.0022729;0.0021488;0.0056635;0.015945;0.00026531;0.0090492
10;1.0204;1.0673;2;0.85;0.5;50;50;Manhattan(Median);0.014587;0.014359;0.018931;0.016543;0.017941;0.014097;0.021994;0.015662;0.010644;0.0093148;0.013108;0.019633;0.018097;0.0020257;0.0037499;0.018301;0.017521;0.014749;0.0067976;0.018896;0.00075955;0.001379;0.020528;0.018099;0.022108;0.021751;0.018205;0.011126;0.020658;0.022074;0.011525;0.019267;0.019627;0.0042153;0.019453;0.01998;0.019787;0.021328;0.020476;0.018401;0.008408;0.0045678;0.0031509;0.021623;0.019465;0.021561;0.014981;0.018508;0.009184;0.0025663;0.0074608;0.0022037;0.00063296;0.018741;0.0029797;0.0028473;0.0020766;0.017172;0.00089317;0.0031043;0.0075992;0.00040318;0.0025744;0.0024577;0.01055;0.015849;0.0046952;0.0029004;0.0051678;0.00076541;0.018071;0.0078737;0.0010041;0.010668;0.00043583;0.0088419;0.0029356;0.010304;0.00010735;0.010492;0.0015691;8.0805E-05;0.00246;0.0086035;0.0028017;5.196E-05;0.0035761;0.0031052;0.0042152;0.0014169;0.0065876;0.0017798;0.017686;0.00062851;0.001138;0.020777
11;1.0184;1.0653;2;0.85;0.5;50;50;Manhattan(Median);0.021239;0.010553;0.019448;0.020544;0.019293;0.018573;0.010027;0.018229;0.005753;0.018475;0.007841;0.016075;0.008646;0.018866;0.01363;0.007068;0.017182;0.0080729;0.018282;0.017819;0.013337;0.003451;0.015072;0.0028918;0.014185;0.020982;0.0030643;0.018832;0.018151;0.019488;0.019778;0.0065721;0.0060362;0.013853;0.016628;0.021315;0.017615;0.018482;0.015717;0.011433;0.019209;0.016732;0.00028028;0.019539;0.02108;0.01457;0.00057086;0.0063244;0.00047612;0.0043104;0.010517;0.0074059;0.0058917;0.00088686;0.0012077;0.0019709;0.006514;0.019593;0.015401;0.00077536;0.0095629;0.0010865;0.0029072;0.018094;0.0041523;0.0011187;0.008438;0.00085386;0.00028639;0.0019238;0.018691;0.019611;0.0018767;0.0037405;0.0023616;0.0050042;0.0011262;0.017545;0.0010156;0.0042951;0.0062488;0.011405;0.002616;0.014655;0.012394;0.0073613;0.00012775;0.0010954;0.0032196;0.0019284;0.015183;0.0026945;0.020477;0.0098575;0.0096627;0.011628
12;1.0176;1.0645;2;0.85;0.5;50;50;Manhattan(Median);0.021786;0.019968;0.0031674;0.010595;0.0024562;0.024519;0.0097371;0.023376;0.011591;0.014101;0.016442;0.0211;0.011268;0.012859;0.01588;0.0016946;0.023571;0.012138;0.023869;0.02301;3.4052E-06;0.013221;0.0063088;0.013173;0.014918;0.019792;0.010382;0.021368;0.013087;0.01241;0.0019299;0.010299;0.024045;0.0039865;0.016271;0.015859;0.022275;0.02169;0.013228;0.023323;0.021293;0.0080203;0.021775;0.0043358;0.022109;0.01834;0.019398;0.0073973;0.0062557;0.021861;0.0092063;0.012024;0.00086776;0.0078322;0.0025442;0.0013715;0.00039481;0.020811;0.0010709;0.0033328;0.015881;0.00040956;0.00054637;0.0035369;0.0015354;0.0001146;0.00040179;0.0064147;0.012229;0.0016231;0.018211;0.0048859;0.00084723;0.0055657;0.007914;0.014662;0.00070626;0.0010725;0.00044807;0.0044573;0.0019088;0.0025459;0.003508;0.015094;0.019186;0.002752;0.00044315;0.00084354;0.0019491;0.017126;0.017217;0.00033206;0.0047469;0.0031595;0.011311;0.0054786
13;1.0443;1.0024;2;0.85;0.5;50;50;Manhattan(MinimumTimesMedian);0.016066;0.012671;0.0048428;0.01146;0.01051;0.016265;0.0073542;0.017259;0.0045716;0.0073586;0.017952;0.015849;0.014223;0.0066049;0.014057;0.0079103;0.019552;0.015052;0.012715;0.017028;0.016967;0.0030701;0.018083;0.0053421;0.015214;0.0043341;0.016425;0.014243;0.009304;0.0072988;0.0094909;0.0036038;0.010518;0.018014;0.014899;0.017484;0.013476;0.016082;0.005077;0.018668;0.0064271;0.012376;0.0087259;0.018383;0.012568;0.018076;0.0087228;0.007892;0.0062126;0.0091242;0.0062645;0.01272;0.0044759;0.0018076;0.012329;0.018423;0.0025776;0.019289;0.013069;0.013524;0.0034362;0.0031715;0.0073563;0.0067094;0.014307;0.0077521;0.012142;0.003989;0.0024523;0.0085102;0.015445;0.0049841;0.0076657;0.018734;0.0056599;0.0063868;0.0083203;0.011854;0.017962;0.0087223;0.014278;0.0020387;0.0040885;0.0023735;0.015423;0.0088207;0.013864;0.0053568;0.0038488;0.013207;0.0065866;0.0037072;0.0026904;0.0044602;0.0056629;0.018152
14;1.0424;1.0005;2;0.85;0.5;50;50;Manhattan(MinimumTimesMedian);0.019094;0.012734;0.0071516;0.018434;0.014584;0.011078;0.010347;0.014431;0.011739;0.017416;0.013568;0.014661;0.0017428;0.017416;0.0054274;0.0069373;0.0098483;0.013621;0.010157;0.01982;0.014545;0.0041591;0.0067342;0.0042176;0.017;0.0086358;0.0046824;0.019599;0.015497;0.0084376;0.010663;0.013963;0.014833;0.015835;0.009192;0.017503;0.01485;0.010053;0.014899;0.016617;0.011102;0.0025651;0.015244;0.0044457;0.015178;0.016991;0.0099195;0.014409;0.017764;0.018198;0.010743;0.0037362;0.0017586;0.017498;0.0087041;0.014264;0.0095987;0.015125;0.012965;0.018955;0.01364;0.0035398;0.0077976;0.0036333;0.0080152;0.0046806;0.0079695;0.0096445;0.0014297;0.0018552;0.018585;0.0036196;0.00091005;0.015952;0.0047758;0.0053317;0.0040694;0.010875;0.018117;0.00022429;0.014689;0.0017296;0.011854;0.016536;0.0029501;0.0079788;0.0089404;0.007597;0.0036071;0.01016;0.0037267;0.0026413;0.0032712;0.0099087;0.0033959;0.015064
15;1.043;1.0011;2;0.85;0.5;50;50;Manhattan(MinimumTimesMedian);0.011721;0.012551;0.0077738;0.007687;0.015149;0.0059964;0.017662;0.0076156;0.003963;0.010593;0.014441;0.016939;0.0056671;0.013363;0.0040922;0.011066;0.012745;0.018387;0.015958;0.016733;0.011879;0.001285;0.012914;0.016574;0.016851;0.0084716;0.013755;0.013893;0.0089726;0.018205;0.014816;0.018501;0.015924;0.017638;0.0086566;0.0099594;0.0060362;0.0092817;0.014722;0.018073;0.016346;0.011086;0.018035;0.016958;0.0053654;0.011722;0.012808;0.0049735;0.0090251;0.012017;0.010507;0.0027638;0.0045509;0.00019994;0.017312;0.0041913;0.0054254;0.011929;0.015695;0.0019651;0.017639;0.0089878;0.0075235;0.0083467;0.0049744;0.012399;0.014975;0.014705;0.0051072;0.0018753;0.0046828;0.0065113;0.0016863;0.013973;0.012522;0.010712;0.014014;0.011236;0.011972;0.015663;0.019184;0.0029137;0.0015543;0.015924;0.0046467;0.0085459;0.016826;0.0038697;0.0078977;0.0066037;0.013398;0.0009353;0.0044242;0.0019611;0.0062814;0.0061409
16;1.0204;1306.6;2;0.85;0.5;50;50;Manhattan(Summation);0.010445;0.0013539;0.018964;0.0256;0.019596;0.02336;0.009345;0.02602;0.017228;0.026411;0.017697;0.011825;0.001151;0.014947;0.012536;0.020201;0.024043;0.024795;0.01781;0.0076152;0.014699;0.017574;0.014983;0.022967;0.026212;0.026274;0.012659;0.015576;0.02262;0.02234;0.024341;0.019338;0.011996;0.018968;0.018378;0.021168;0.02154;0.025439;0.016926;0.0248;0.0040062;0.021628;0.0032343;0.025413;0.021203;0.0089666;0.00199;0.023495;0.00024873;0.0025775;0.0019181;0.0057651;0.00011493;0.00011876;0.00092811;0.00021914;0.0018694;0.0011144;0.00091423;0.0007136;0.013916;7.2694E-06;0.0010589;0.001886;0.0002084;0.0012136;0.0014656;0.00044911;0.00081536;0.0011677;0.00038962;0.0036518;7.3507E-05;0.024774;0.0019262;0.011521;0.0027996;0.0023219;0.0011642;0.0017878;0.00019078;0.0026007;0.0018852;0.023051;0.00090569;0.00022386;0.0040978;0.00092032;0.0020372;0.0040408;0.0093907;0.00052274;0.0083613;0.00024428;0.00043346;0.012319
17;1.0209;1307.3;2;0.85;0.5;50;50;Manhattan(Summation);0.020425;0.0272;0.0068341;0.02605;0.024736;0.019741;0.020063;0.012634;0.013888;0.024084;0.015658;0.016238;0.013996;0.02567;0.024892;0.027381;0.020239;0.012074;0.019476;0.00094007;0.003664;0.0026593;0.00073356;0.0041717;0.027346;0.025426;0.017312;0.019163;0.025031;0.019365;0.0092428;0.026881;0.019841;0.022659;0.023712;0.024689;0.024585;0.017027;0.013797;0.023724;0.00038863;0.026564;0.0011986;0.020996;0.027239;0.020492;0.0044049;0.027265;0.00078133;0.00028584;0.003622;0.0061353;0.00063332;0.00018468;0.00073586;0.00089015;0.00011126;0.024706;0.00022687;0.00020494;0.0086093;0.0011183;0.00069219;0.00041187;0.0013713;0.0043427;6.0687E-05;0.00015475;0.00054263;0.0002817;0.0045586;0.0018759;0.00041066;0.021368;0.0027784;0.015793;0.0010686;0.0024157;0.002582;0.00098798;0.00020029;0.00075457;0.001625;0.0033533;0.00039926;0.00099691;0.0016212;0.0016702;0.003587;0.00047129;0.0074728;0.00053239;0.0041741;0.0029033;0.0010265;0.0074744
18;1.0197;1305.7;2;0.85;0.5;50;50;Manhattan(Summation);0.022296;0.021621;0.020411;0.025451;0.022852;0.021312;0.023603;0.021032;0.0011919;0.019311;0.0024147;0.018691;0.0083775;0.024354;0.017778;0.024977;0.022377;0.014004;0.020159;0.022006;0.014201;0.0053254;0.014947;0.0093609;0.0061188;0.025072;0.01424;0.017637;0.011533;0.022261;0.026438;0.014221;0.0197;0.02556;0.020028;0.01454;0.021747;0.025317;0.021218;0.023977;0.009873;0.013437;0.0047493;0.019343;0.0099327;0.017562;0.020195;0.024586;2.81E-05;0.0015571;0.0067397;0.01021;2.9633E-05;0.010291;0.0012699;0.0023393;0.00060674;0.023644;0.0012195;0.0026975;0.0063174;0.00039958;0.0011035;0.0013353;0.0015635;1.8998E-05;0.00080982;0.0023343;0.0017509;0.0011278;0.0026271;0.0022055;0.0011199;3.0229E-05;0.0016783;0.0052591;0.0003611;0.010665;0.00041878;0.010457;0.0017036;6.8737E-07;0.00064844;0.0043487;0.0029965;4.6119E-05;0.00032838;0.0004233;0.00038611;0.0009534;0.0053883;0.0016933;0.00091945;0.0022334;0.0011661;0.017209
19;1.7417;0.25319;2;0.85;0.5;50;50;Euclidean(Average);0.0041533;0.0031355;0.00040382;0.041189;0.0016873;0.035918;0.00099658;0.00049472;0.00075408;0.00015267;0.0020994;0.0022319;0.0041065;0.043445;0.0042078;0.0040863;0.00070952;0.00090748;0.00015499;0.0012489;0.0056166;0.0093277;0.0016865;0.0022745;0.03677;0.00072661;0.00043333;0.0009204;0.00063434;0.0015119;0.043434;0.0017507;0.015603;0.0095879;0.0032853;0.00042981;0.043481;0.0094185;0.0011549;0.038539;0.043957;0.00014201;0.00066919;0.0019859;0.0044055;0.0023452;0.0022429;0.04224;0.040856;0.015198;0.0017017;0.040923;0.0034895;0.0073883;0.0037239;0.0041764;0.0015775;0.0029588;0.001233;0.043907;0.0080095;0.00036599;0.010377;0.014257;0.0026261;0.00075334;0.0010533;0.0021038;0.00070637;0.00081497;0.00062333;0.036598;0.0055621;0.043519;0.0021462;0.0049474;0.044187;0.0006974;0.0031281;0.0032257;0.00020269;0.0028067;0.0018744;0.0026665;0.0025102;0.0055329;0.0042294;0.034529;0.042904;0.039486;0.0029469;0.021217;0.00025381;0.0048898;0.0037371;0.00072346
20;1.8269;0.26558;2;0.85;0.5;50;50;Euclidean(Average);0.002391;0.0043479;0.0013292;0.0021061;0.001966;0.0090446;0.0030607;0.052014;0.0026716;0.0031643;0.050213;0.0038318;0.0011454;0.047702;0.00036236;0.0011196;0.0043496;0.001012;0.0038619;0.0036475;0.0029181;0.0025957;0.00096377;0.004494;0.0039703;0.0036348;0.0020615;4.7752E-05;0.002808;0.050258;0.044374;0.0029599;0.00020174;0.041708;0.048732;0.0045546;0.0028759;0.0025462;0.0014762;0.0018365;0.00061188;0.0046534;0.0015614;0.01524;0.05023;0.0017325;0.0049799;0.00023832;0.0009383;0.00060825;0.0070985;0.0022842;0.0018242;0.049665;0.0053048;0.0011693;0.012809;0.04595;0.023795;0.00065566;0.0063941;0.00028851;0.0022977;0.0055286;0.0046429;0.0066895;0.0095376;0.0082485;0.0005468;0.00062177;0.0088159;0.0020585;0.017178;0.00013011;0.00075635;0.001918;0.049138;0.0011106;0.051894;0.0012697;0.0088954;0.0073147;0.0012854;0.002318;0.00033731;0.0017953;0.021134;0.0060721;0.045948;0.0083295;0.0003786;0.0051402;0.0056861;0.0015288;0.0010091;0.048055
21;1.7693;0.2572;2;0.85;0.5;50;50;Euclidean(Average);0.0082343;0.042141;0.0061113;0.0059397;0.030209;0.0019786;0.0025646;0.037318;0.044416;0.0017002;0.0018077;0.00084192;0.0033497;0.014235;0.00052584;0.044075;0.00096737;0.046812;0.0043905;0.00039026;0.0057827;0.039127;0.00032821;0.03919;0.0046799;0.0023473;0.0010082;0.0031468;0.0055813;0.044575;0.00052617;0.047584;0.0049677;0.0031966;0.022298;0.00015727;0.0017425;0.0016328;0.001382;0.0032361;0.0021544;0.0075109;0.00095586;0.00052606;0.0020284;0.00079179;0.00084302;0.0031274;0.002087;0.0020495;0.039578;0.00080063;0.0057168;0.0021732;0.041881;0.0099185;0.045992;0.00099126;0.0009821;0.0038753;0.002969;0.0015849;0.004591;0.0027369;0.0030685;0.00030324;0.0019029;0.011528;0.00077378;0.034208;0.0041517;4.6546E-05;0.046349;0.039913;0.0034957;0.001929;0.0056955;0.0035474;0.00055449;0.011968;0.0040431;0.00042343;0.0012449;0.047324;0.00038147;0.0041188;0.0026783;0.00089445;0.00029626;0.00075637;0.0026764;0.00020165;0.040772;0.0039739;0.0022827;0.0021343
22;1.729;0.25059;2;0.85;0.5;50;50;Euclidean(GeometricAverage);0.0094132;0.0020087;0.043679;0.001632;0.0082134;0.0035522;0.013641;0.0015269;0.010588;0.00062665;0.0038959;0.0054998;0.0011589;0.0038119;0.00042539;0.00095893;0.045825;0.044633;0.00059264;0.043879;0.011697;0.037284;6.7412E-05;0.00051088;0.0056066;0.0012467;0.0042647;0.0015528;0.002905;8.552E-05;2.6596E-06;0.00054982;0.0025615;0.023895;0.0419;0.00022645;0.0020566;0.0046394;0.00782;0.0017238;0.0009347;0.0045138;0.04748;6.0894E-05;0.00011907;0.0051122;0.0040831;0.0011681;0.045477;0.0067348;0.0058058;0.0091952;0.0010804;7.3101E-05;0.00026341;0.0012933;0.00016284;0.0021849;0.025444;0.0027717;0.046909;0.00065472;0.0032094;0.0010803;0.0026865;0.00089036;0.0020445;0.04483;0.0032772;0.0021099;0.0070861;0.00037753;0.0022367;0.045758;0.0013504;0.0060248;9.0978E-05;0.044597;0.0098723;0.0037119;0.0025894;0.045718;0.023218;0.01918;0.013958;0.0055886;0.0048625;0.00062136;0.038242;0.0019726;0.0065052;9.9003E-07;0.044728;0.00059953;0.00083422;0.0024696
23;1.6475;0.23878;2;0.85;0.5;50;50;Euclidean(GeometricAverage);0.00025338;0.0021363;0.0056263;0.0031354;0.00017065;0.00066478;0.0012248;0.0068204;0.040897;0.0029776;0.0010857;0.00062332;0.041673;0.00059218;0.0014107;0.0080618;0.00079296;0.010461;0.00057398;0.036725;0.00076184;0.0025015;0.0012681;0.0077431;0.0070004;0.0072256;0.0019104;0.014375;0.036504;0.00058685;0.00095303;0.041421;0.00021043;0.039849;0.038796;0.013049;0.00087653;0.0019355;0.0065392;0.00098026;0.00087189;0.0018185;0.008067;0.03902;0.0025004;0.0039112;0.0027802;0.00087446;0.023272;0.037359;0.0095272;0.029265;0.00072887;0.003374;0.0022156;0.00572;0.0027617;0.041456;0.004073;0.0054409;0.0012658;0.040715;0.00066891;0.0021315;0.0019413;0.0035325;0.040705;0.0097998;0.0018053;0.00284;0.042058;0.0094844;0.041115;0.0089095;0.00025837;0.0014193;0.00068725;0.0015544;0.030607;0.0016574;0.0033544;0.0017462;0.041822;0.00011085;0.002414;0.0090705;6.2243E-05;0.0047739;0.00096527;0.03807;0.00086642;0.0043686;0.0026771;0.0020963;0.0068812;0.022137
24;1.716;0.24871;2;0.85;0.5;50;50;Euclidean(GeometricAverage);0.001342;0.012982;0.001099;0.0041296;0.0022189;0.0030176;0.0085817;7.9784E-06;0.00059417;0.025173;0.04581;0.0019246;0.010201;0.0040933;0.00553;0.0044235;0.0033831;0.00078837;0.0012504;0.001014;0.032655;0.0051535;0.00057804;0.021533;0.00083536;0.0012201;2.0859E-05;0.0018752;0.003871;0.04635;0.001045;0.013326;0.00031926;3.0076E-05;0.0025093;0.0025716;0.0022366;0.00010497;0.00065163;0.00028991;0.046058;0.042542;0.00054711;0.044647;0.0093705;0.023256;0.043415;0.033119;0.0059909;0.0016354;0.00097438;0.02053;1.5753E-05;0.011111;0.0013452;0.027646;0.0037043;0.00086999;0.00014188;0.00659;0.00024266;0.00073623;0.00092263;3.8837E-05;0.002981;0.015249;0.0013102;0.0040513;0.00018615;0.017543;0.0082009;0.001057;0.001555;0.04648;0.0012872;0.00039944;0.00161;0.0059113;0.044055;0.0016401;0.00054545;0.0022861;0.00062042;0.0088804;0.042702;0.045684;0.0040305;0.00025543;0.0041943;0.0014832;0.0018245;0.0093967;0.002739;0.036886;0.040505;0.044262
25;1.2676;0.14584;2;0.85;0.5;50;50;Euclidean(Minimum);0.0026052;0.021828;0.022693;0.012274;0.014003;0.011307;0.0058815;0.00061173;0.00098819;0.0016591;0.021;0.017305;0.00011589;0.0058429;0.0198;0.023345;0.0015142;0.00072039;0.020142;0.022559;0.021698;0.01571;0.02;0.023174;0.0074266;0.0020138;1.1893E-05;0.02366;0.010873;0.0065684;0.016973;0.023441;0.021118;0.00070851;0.014586;0.00041659;0.011773;0.0010794;0.00063931;0.023606;0.020197;0.017394;0.0008226;0.00021884;6.0295E-05;0.00015726;0.0024158;0.015496;0.020137;0.021136;0.015301;0.017655;0.00047174;0.0046944;0.022611;0.0042284;0.0034646;0.0093813;0.014291;0.0039776;0.021121;0.0033533;0.010446;0.0024851;0.0097239;0.0066159;0.00097872;0.020366;0.022295;0.0052811;0.00082219;0.018366;0.0068974;0.01528;0.007639;0.017445;0.022037;0.00057582;0.018687;0.016551;0.0049752;0.0045209;0.017357;0.013581;0.004044;0.023457;0.023087;0.00034698;0.00071192;0.00045266;0.003452;0.0021207;0.00029766;0.0014605;0.0068729;0.00051499
26;1.2417;0.14287;2;0.85;0.5;50;50;Euclidean(Minimum);0.021294;0.014029;0.0071232;0.00023057;0.0012635;0.014826;0.0010412;0.018448;0.0013581;0.0026147;0.023942;0.017772;6.4322E-06;0.0025572;0.023196;0.00058282;0.017458;0.0073513;0.022291;0.00031432;0.024134;0.016634;0.0029106;0.0015045;0.023072;0.0036875;0.002251;0.0023716;0.0034289;0.013296;0.020642;0.021651;0.0074758;0.009052;0.0098142;0.0019591;0.015983;0.020721;0.019465;0.020641;0.0032442;0.0012581;0.0015776;0.021567;0.011443;0.011136;0.0057092;0.019408;0.0028153;0.00041593;0.014733;0.0013794;0.00090208;0.013377;0.021887;0.007667;0.0098993;0.012714;0.014653;0.020019;0.018389;0.010632;0.015124;0.0123;0.017834;0.0073903;0.0012121;0.022548;0.023114;0.0039916;0.00045675;0.0031838;0.0010805;0.0049403;0.0018947;0.024241;0.00086157;0.012459;0.0015854;0.0043002;0.0018741;0.019395;0.002821;0.00045639;0.0024272;0.017517;0.023359;0.002603;0.0027911;0.0073421;0.020961;0.019325;0.021701;0.00076364;0.01302;0.021906
27;1.3031;0.14992;2;0.85;0.5;50;50;Euclidean(Minimum);0.00016138;0.018197;0.0028495;0.023525;0.02204;0.018575;0.0038336;0.01643;0.012161;0.023088;0.02118;0.023188;0.0019825;0.0040034;0.00039119;0.0024793;0.0007579;0.0045516;0.00032437;0.022039;2.3055E-05;0.021093;0.00030014;0.015359;0.021935;0.00058056;0.00012027;0.01856;0.0025134;0.00126;0.021081;0.0025695;6.3683E-05;0.018103;0.00057559;0.019372;0.016937;0.023053;0.0021103;0.022013;0.0051272;0.0015456;0.021965;0.02389;0.0011153;0.020165;0.003026;0.0012617;0.022957;0.0079442;0.021947;0.019013;0.0029148;0.02037;0.0012496;0.0014405;0.017141;0.00334;0.019242;0.019755;0.0014924;0.003104;0.014965;0.0069154;0.00019014;0.0029785;0.022043;0.00043625;0.00016335;0.0014721;0.0011913;0.013395;0.01267;0.017778;0.016643;0.0012022;0.019492;0.0011914;0.01346;0.00093785;0.00064758;0.0062872;0.023581;0.022109;0.00046834;0.015171;0.017887;0.020503;0.0076956;0.017523;0.004099;0.016961;0.023706;0.0023624;0.0038873;0.0006008
28;1.8558;0.26999;2;0.85;0.5;50;50;Euclidean(Median);0.00056601;0.0076937;0.0024453;0.001056;0.0017669;0.0013863;0.05227;0.0070386;0.0033164;0.0030515;8.9431E-05;0.0019566;3.3757E-05;0.0032754;0.0075804;0.00015141;0.0056618;0.0067406;0.00025042;0.047332;0.0017243;0.00309;0.0017078;0.00041829;4.1962E-05;0.0014514;4.8197E-05;0.0055252;0.0032634;0.0031958;0.046336;0.00033088;0.00052626;0.00013371;0.013621;0.00053038;0.0013764;0.023164;0.0023227;0.0020952;0.00083003;0.0046964;0.0014986;0.01799;0.0022686;0.0073055;0.0023938;0.0066827;0.0014852;0.0082674;0.043347;0.053112;0.048368;0.0061806;0.0034681;0.0014011;0.0017164;0.00070133;0.00037401;0.00068761;0.010227;0.0088468;0.0034961;0.00032732;0.00013028;0.001197;0.051498;0.0048008;0.00049128;4.1598E-07;0.0015634;0.05315;0.0022033;0.0011093;0.050591;0.0046668;0.0017842;0.049482;0.00031434;0.0052132;0.044949;0.040658;0.024287;0.0031718;0.0019509;0.0048218;0.051495;0.00069834;0.053073;0.004359;0.0010688;0.016781;0.012046;0.0090462;0.0014759;0.0016848
29;1.6773;0.24402;2;0.85;0.5;50;50;Euclidean(Median);0.039476;0.0017737;0.0032184;0.012071;0.0010731;0.0028572;0.0011497;0.038817;0.040573;0.0014635;0.0014199;0.001253;0.0017677;0.00073268;0.0033893;0.0011164;0.013766;0.039238;0.0049363;0.0016829;0.03836;0.039087;0.002554;9.7666E-05;0.0018381;0.0026216;0.0017275;0.0029965;0.00078391;0.040631;0.0082404;0.032783;0.0030781;0.00023595;0.0023202;0.0038393;0.0010999;0.0022971;0.00066925;0.0022106;0.00080014;0.0033878;0.00012791;0.0099089;0.0023561;0.0096393;0.001049;0.0017046;0.00035658;0.00042529;0.004854;0.0063968;0.039071;0.0011683;0.0058656;0.00021008;0.0012387;0.038552;0.0025648;0.0019572;0.0013302;0.0050915;0.037381;0.040365;0.00086071;0.0030481;0.036719;0.018011;0.0012853;0.039209;0.0099548;0.0014397;0.036601;0.040216;0.012574;0.0014521;0.00055476;5.2016E-05;0.00066763;0.0013462;0.00060888;0.00093931;0.026791;0.0044575;0.039543;0.0055557;0.0003819;0.0044234;0.0030154;0.03819;0.0045272;0.0010939;0.032391;0.00095769;0.015322;0.0027629
30;1.7551;0.25533;2;0.85;0.5;50;50;Euclidean(Median);0.047176;0.00019012;0.045367;0.0012998;0.0018947;0.010654;0.0046461;0.0015854;0.046992;0.0069634;0.018578;0.0076469;0.001668;0.0014711;0.00078698;0.010882;0.0058042;0.0012545;0.0024288;0.0053635;0.0002927;0.00052025;0.0061767;0.0013956;0.042873;0.00022276;0.0040971;0.0054343;0.0014097;0.00079995;0.00071392;0.0039032;0.045829;0.000565;0.0049403;0.006663;0.0026546;0.0036991;0.003572;0.0022036;0.00037017;0.0014777;0.021003;0.0044019;0.00058218;0.0037571;0.0024582;0.015609;0.012667;0.0077563;0.047517;0.0011859;0.00092108;0.00014743;0.00022328;7.6911E-05;0.042562;0.0010658;0.0013297;0.040782;0.045779;0.0010995;0.014352;0.0018623;0.0023192;5.2368E-05;0.046318;0.0011181;0.00071992;0.0028708;0.0050436;0.0071104;0.00095041;0.046682;0.0024696;0.00041206;0.035052;0.0064282;0.0013682;0.038647;0.0075877;0.0015377;0.00229;0.0025234;0.0001655;0.046222;0.00014785;0.04735;0.0011621;0.0076988;0.0016016;0.0023;0.024352;0.00090566;0.023756;0.0032332
31;1.9289;0.032286;2;0.85;0.5;50;50;Euclidean(MinimumTimesMedian);0.014961;0.022488;0.009535;0.0002145;0.02938;0.0045624;0.0046908;0.022717;0.02814;0.0067549;0.0049128;0.00083849;0.006629;0.0015014;0.0058372;0.0036671;0.023447;0.00096945;0.00014632;0.026502;0.0018085;0.030335;0.028992;0.030047;0.024103;0.00039947;0.029942;0.0055275;0.00063146;0.0031775;0.029605;0.0051422;0.028814;0.0024106;0.0034603;0.030731;0.0035853;0.023327;0.0047424;0.024745;0.0018137;0.0022699;0.0022041;0.00056651;0.030859;0.03051;0.00086367;0.0019368;0.002489;0.00010186;0.023797;0.0018012;0.029338;0.0003954;0.025867;0.0048258;0.0017343;0.010593;0.01394;0.00021803;0.0034494;0.020038;6.1009E-05;0.000212;0.025529;0.0010164;0.029092;0.02315;0.0074686;0.025377;0.00012883;0.0069984;0.00026306;0.0054198;0.00051253;0.0003579;0.026617;0.019758;0.024628;0.0021264;0.00087441;0.02507;0.0031099;0.0044021;0.001831;0.0020073;0.00076698;0.0015446;0.0052688;0.0018226;0.00034075;0.0030604;0.0068825;0.00090191;0.0029899;0.0013792
32;2.0223;0.033849;2;0.85;0.5;50;50;Euclidean(MinimumTimesMedian);0.0022976;0.029303;0.028336;0.019205;0.0020216;0.0031692;0.0011714;8.1558E-05;2.195E-08;0.0010286;0.003283;0.00036301;0.0010727;0.00043073;0.0012392;0.00024013;0.000464;0.0013491;0.015423;0.0041504;0.00065963;0.027866;0.017277;0.029643;0.02978;0.00025653;0.0015937;0.025336;0.0003394;0.00040765;0.0012397;0.029793;0.029892;0.016878;0.0036329;0.0036856;0.003523;0.0015806;0.0004026;0.00094523;0.00063448;0.0059966;0.027321;0.022971;0.027106;0.00012769;0.00039132;0.0018126;0.010039;0.0032786;0.0011973;0.012598;0.015322;0.00037429;0.028374;0.0072502;0.00043156;0.0011538;0.027626;0.024695;0.029737;0.0011189;0.0037779;0.00063197;0.0010558;0.027612;8.5454E-05;0.00049547;0.00090117;0.00030498;0.029511;0.00017393;0.0043635;0.029402;0.028097;0.029201;0.029509;0.00017607;0.029447;0.0016829;0.0066875;0.020962;0.025641;0.00028259;0.0039959;0.0019067;0.019662;5.8831E-05;0.029744;0.0028545;0.016868;0.027189;0.00041276;0.0090042;0.029375;1.1248E-05
33;1.8992;0.031789;2;0.85;0.5;50;50;Euclidean(MinimumTimesMedian);0.029306;0.00075751;0.00062092;0.034681;0.01174;0.028006;0.0084353;0.017115;0.0075572;0.026971;3.6484E-05;0.031443;0.0028583;0.032279;0.00069767;0.029472;0.014217;0.00032088;0.00024101;0.034384;0.0023916;0.00033911;0.016963;0.00641;0.0056639;0.019518;0.0091735;0.00025082;0.0098921;0.015903;0.0010192;0.0036928;0.031573;0.00099839;0.0027862;0.00059298;0.0086138;0.029357;4.0505E-05;0.00086164;0.0016218;0.0048803;0.00038794;0.00089718;0.00036513;0.031362;0.0078531;0.005875;0.032732;0.0048134;0.010259;0.0042991;0.00053036;0.02975;0.016451;0.0067348;0.0046853;1.7969E-06;0.0075498;0.032866;0.00012019;0.017148;0.0019525;0.0099938;0.0007218;0.00033843;0.022236;0.0046972;0.0053413;0.00032507;0.000345;0.027862;0.0033804;0.002765;0.016516;0.0063087;0.033602;0.029932;0.016387;0.007457;0.00019436;0.001617;0.0017455;0.0023843;0.00050448;0.0030476;0.014142;0.013454;0.0014625;0.0087362;0.0008173;0.0039476;0.033306;0.019723;0.0013452;0.005049
34;1.6871;300.43;2;0.85;0.5;50;50;Euclidean(Summation);0.0030561;0.0010438;0.00084395;0.0010194;0.0086223;0.0055713;0.045946;0.041315;0.0086395;0.0055415;0.0023656;0.011803;0.00099651;0.0059955;0.016669;0.00089469;0.0004373;0.024414;0.0015125;0.01335;0.0012458;0.00048957;0.0036368;0.0017918;0.0055353;0.013949;0.025759;0.0021444;0.034505;0.043503;0.0038304;0.0040276;0.001612;0.044824;0.008771;0.041379;0.0040272;0.046207;0.0010573;0.045955;0.043006;0.00043736;0.00015716;0.0016449;0.0091192;0.0068169;0.00013111;0.002556;0.0048071;0.00071442;0.012595;0.0119;0.00030069;0.005727;0.0090834;0.002533;0.00055289;0.00021123;0.0010327;0.00018624;0.0015961;0.00072072;0.012709;0.039016;0.0061756;0.0040987;0.0013678;0.0041223;0.0028918;0.0014123;0.00059921;0.04475;0.0012149;0.039344;0.001117;0.00047541;0.001568;0.0016925;0.033028;0.00016299;0.022849;0.044761;0.018876;0.0020258;0.0021786;0.00095894;0.00090363;0.016141;2.192E-05;0.0020874;0.0027118;8.3845E-05;0.02179;0.017638;0.0010333;7.7427E-05
35;1.6918;301.27;2;0.85;0.5;50;50;Euclidean(Summation);0.0036218;0.0024217;0.039788;0.0010498;0.036422;0.00068319;0.00053823;0.00044077;0.019064;0.0013569;0.0033592;0.00061348;0.0022742;0.0056556;0.0031111;0.0034404;0.0045167;0.034162;0.0048638;0.0007599;0.0027884;0.0019872;0.0019642;0.00043746;0.0021777;0.00091247;0.00057034;0.040998;0.0015647;0.0012105;0.0019877;0.0013094;0.0011897;0.00099084;0.0012436;0.00025523;0.0021725;0.041668;0.004942;0.0055145;0.00076196;0.00021521;0.038275;0.028724;0.009391;0.0070532;0.0074196;0.0025813;0.0011253;0.042939;0.0017846;0.026855;0.00061081;0.040132;0.00023721;0.0033973;0.034804;0.00256;8.0492E-05;0.00071908;0.0026568;0.022141;0.001278;0.010753;0.00033378;0.042293;0.00054875;0.0028568;0.0042124;0.00053525;0.0015309;0.037978;0.010911;0.00062311;0.010053;0.0058723;0.00045113;0.0017058;0.042582;0.043138;0.036551;0.00039052;0.0022976;0.003645;0.0032147;0.0026737;0.0056967;0.035637;0.013645;0.041953;0.00016335;0.019467;0.038039;0.0030643;0.00088767;0.016529
36;1.8258;325.14;2;0.85;0.5;50;50;Euclidean(Summation);0.0014713;0.01652;0.0034986;0.00097508;0.00092164;0.0051373;0.0010935;0.047868;0.0025011;0.00026153;0.048229;0.0033385;0.0053627;0.0032644;0.0047724;0.0043262;0.007317;0.00019676;0.0006123;0.045993;0.0023886;0.0056742;0.00033821;0.00040407;0.00097101;0.00059018;0.0020124;0.0013504;0.0011232;0.0035598;0.0044353;0.02631;0.00058004;0.0043343;0.0011061;0.0032386;0.0018717;0.0006998;0.002952;0.050448;0.04503;0.0079845;0.0033826;0.010576;0.0019184;0.0024878;0.0004723;0.0021085;0.0038079;0.049908;0.0014183;0.0018054;0.00034681;0.0058048;0.043511;0.0029955;0.00091194;0.00091276;0.0015139;0.001515;0.0036222;0.0011302;0.0025618;0.045666;0.028411;0.0058186;0.0020614;0.0052365;0.050474;0.04519;0.045045;0.048379;0.0010211;0.00036704;0.033227;0.00096973;0.0094635;0.0037312;0.0038443;0.002771;0.0063869;0.0023763;0.029111;0.00024197;0.0051862;0.00048727;0.0035872;0.048966;0.043647;0.001169;0.0052857;0.00069215;0.0011369;0.0011098;0.0014631;0.0037043
differential evolutions parameters, by distance
i;dDE / dP;distance;type;parentWeight;crossover;population;iterations;distance;weights ->
1;1.0176;1.0645;2;0.85;0.5;50;50;Manhattan(Median);0.021786;0.019968;0.0031674;0.010595;0.0024562;0.024519;0.0097371;0.023376;0.011591;0.014101;0.016442;0.0211;0.011268;0.012859;0.01588;0.0016946;0.023571;0.012138;0.023869;0.02301;3.4052E-06;0.013221;0.0063088;0.013173;0.014918;0.019792;0.010382;0.021368;0.013087;0.01241;0.0019299;0.010299;0.024045;0.0039865;0.016271;0.015859;0.022275;0.02169;0.013228;0.023323;0.021293;0.0080203;0.021775;0.0043358;0.022109;0.01834;0.019398;0.0073973;0.0062557;0.021861;0.0092063;0.012024;0.00086776;0.0078322;0.0025442;0.0013715;0.00039481;0.020811;0.0010709;0.0033328;0.015881;0.00040956;0.00054637;0.0035369;0.0015354;0.0001146;0.00040179;0.0064147;0.012229;0.0016231;0.018211;0.0048859;0.00084723;0.0055657;0.007914;0.014662;0.00070626;0.0010725;0.00044807;0.0044573;0.0019088;0.0025459;0.003508;0.015094;0.019186;0.002752;0.00044315;0.00084354;0.0019491;0.017126;0.017217;0.00033206;0.0047469;0.0031595;0.011311;0.0054786
2;1.0184;1.0653;2;0.85;0.5;50;50;Manhattan(Median);0.021239;0.010553;0.019448;0.020544;0.019293;0.018573;0.010027;0.018229;0.005753;0.018475;0.007841;0.016075;0.008646;0.018866;0.01363;0.007068;0.017182;0.0080729;0.018282;0.017819;0.013337;0.003451;0.015072;0.0028918;0.014185;0.020982;0.0030643;0.018832;0.018151;0.019488;0.019778;0.0065721;0.0060362;0.013853;0.016628;0.021315;0.017615;0.018482;0.015717;0.011433;0.019209;0.016732;0.00028028;0.019539;0.02108;0.01457;0.00057086;0.0063244;0.00047612;0.0043104;0.010517;0.0074059;0.0058917;0.00088686;0.0012077;0.0019709;0.006514;0.019593;0.015401;0.00077536;0.0095629;0.0010865;0.0029072;0.018094;0.0041523;0.0011187;0.008438;0.00085386;0.00028639;0.0019238;0.018691;0.019611;0.0018767;0.0037405;0.0023616;0.0050042;0.0011262;0.017545;0.0010156;0.0042951;0.0062488;0.011405;0.002616;0.014655;0.012394;0.0073613;0.00012775;0.0010954;0.0032196;0.0019284;0.015183;0.0026945;0.020477;0.0098575;0.0096627;0.011628
3;1.0197;1.065;2;0.85;0.5;50;50;Manhattan(GeometricAverage);0.016714;0.022945;0.024525;0.021253;0.010604;0.020747;0.024777;0.018909;0.010708;0.023629;0.021557;0.017601;0.0056638;0.022018;0.02354;0.021503;0.0099306;0.017568;0.0068774;0.013604;0.01169;0.001284;0.024145;0.01516;0.024621;0.023592;0.008279;0.023378;0.024689;0.02475;0.024581;0.022292;0.018669;0.01894;0.024169;0.019195;0.022743;0.015363;0.023406;0.010023;0.013152;0.024095;0.0062792;0.022744;0.0045194;0.0079611;0.0004759;0.020058;0.0013997;0.017481;0.010687;0.023862;0.00019302;0.00046751;0.0017266;0.00089024;0.0039077;0.01264;0.0015235;0.0011189;0.0057629;0.0010681;1.8301E-05;0.00081911;0.00094155;0.002391;0.00012431;0.0041515;0.00071154;0.00059666;0.00094891;0.0026634;0.0018794;0.010507;0.0022855;0.0032797;0.00036787;0.001418;0.0010651;0.00010082;5.4841E-05;0.000532;0.00087434;0.022692;0.0010397;0.00061867;0.00030723;0.00035572;2.8685E-05;0.0013626;0.012381;0.00012674;0.0031809;0.00017117;0.0021033;0.0022459
4;1.0197;1.065;2;0.85;0.5;50;50;Manhattan(GeometricAverage);0.016516;0.0043968;0.024685;0.018685;0.0069484;0.018458;0.021622;0.021324;0.018512;0.010815;0.015057;0.021975;0.013106;0.019405;0.024309;0.020552;0.024703;0.0075483;0.018402;0.023449;0.000149;0.010639;0.023648;0.021789;0.0061445;0.0037979;0.0072571;0.023579;0.012595;0.016408;0.022561;0.023023;0.022811;0.0060016;0.022232;0.021851;0.023125;0.020649;0.024697;0.023538;0.019053;0.0067516;0.023038;0.019105;0.024688;0.020754;0.00015106;0.024734;0.00070055;0.0001611;0.0043741;0.0079542;0.00077282;0.0011275;0.00075397;0.00013108;0.00079619;0.023846;8.3558E-05;0.00038337;0.006872;0.00039345;0.00033081;5.1575E-05;0.00034809;0.00023681;0.0013162;0.0016525;0.00050581;0.0033578;0.021362;0.0037772;8.2879E-05;0.011757;0.0019881;0.0011941;0.0010028;0.009833;0.0020033;0.019775;0.0069999;0.0010392;0.00028453;0.013609;0.00043294;0.00063259;0.0012622;0.00073882;0.00063424;0.0002284;0.0042961;0.00018985;0.0098673;3.2071E-06;0.0019076;0.003711
5;1.0197;1305.7;2;0.85;0.5;50;50;Manhattan(Summation);0.022296;0.021621;0.020411;0.025451;0.022852;0.021312;0.023603;0.021032;0.0011919;0.019311;0.0024147;0.018691;0.0083775;0.024354;0.017778;0.024977;0.022377;0.014004;0.020159;0.022006;0.014201;0.0053254;0.014947;0.0093609;0.0061188;0.025072;0.01424;0.017637;0.011533;0.022261;0.026438;0.014221;0.0197;0.02556;0.020028;0.01454;0.021747;0.025317;0.021218;0.023977;0.009873;0.013437;0.0047493;0.019343;0.0099327;0.017562;0.020195;0.024586;2.81E-05;0.0015571;0.0067397;0.01021;2.9633E-05;0.010291;0.0012699;0.0023393;0.00060674;0.023644;0.0012195;0.0026975;0.0063174;0.00039958;0.0011035;0.0013353;0.0015635;1.8998E-05;0.00080982;0.0023343;0.0017509;0.0011278;0.0026271;0.0022055;0.0011199;3.0229E-05;0.0016783;0.0052591;0.0003611;0.010665;0.00041878;0.010457;0.0017036;6.8737E-07;0.00064844;0.0043487;0.0029965;4.6119E-05;0.00032838;0.0004233;0.00038611;0.0009534;0.0053883;0.0016933;0.00091945;0.0022334;0.0011661;0.017209
6;1.0204;1.0673;2;0.85;0.5;50;50;Manhattan(Median);0.014587;0.014359;0.018931;0.016543;0.017941;0.014097;0.021994;0.015662;0.010644;0.0093148;0.013108;0.019633;0.018097;0.0020257;0.0037499;0.018301;0.017521;0.014749;0.0067976;0.018896;0.00075955;0.001379;0.020528;0.018099;0.022108;0.021751;0.018205;0.011126;0.020658;0.022074;0.011525;0.019267;0.019627;0.0042153;0.019453;0.01998;0.019787;0.021328;0.020476;0.018401;0.008408;0.0045678;0.0031509;0.021623;0.019465;0.021561;0.014981;0.018508;0.009184;0.0025663;0.0074608;0.0022037;0.00063296;0.018741;0.0029797;0.0028473;0.0020766;0.017172;0.00089317;0.0031043;0.0075992;0.00040318;0.0025744;0.0024577;0.01055;0.015849;0.0046952;0.0029004;0.0051678;0.00076541;0.018071;0.0078737;0.0010041;0.010668;0.00043583;0.0088419;0.0029356;0.010304;0.00010735;0.010492;0.0015691;8.0805E-05;0.00246;0.0086035;0.0028017;5.196E-05;0.0035761;0.0031052;0.0042152;0.0014169;0.0065876;0.0017798;0.017686;0.00062851;0.001138;0.020777
7;1.0204;1306.6;2;0.85;0.5;50;50;Manhattan(Summation);0.010445;0.0013539;0.018964;0.0256;0.019596;0.02336;0.009345;0.02602;0.017228;0.026411;0.017697;0.011825;0.001151;0.014947;0.012536;0.020201;0.024043;0.024795;0.01781;0.0076152;0.014699;0.017574;0.014983;0.022967;0.026212;0.026274;0.012659;0.015576;0.02262;0.02234;0.024341;0.019338;0.011996;0.018968;0.018378;0.021168;0.02154;0.025439;0.016926;0.0248;0.0040062;0.021628;0.0032343;0.025413;0.021203;0.0089666;0.00199;0.023495;0.00024873;0.0025775;0.0019181;0.0057651;0.00011493;0.00011876;0.00092811;0.00021914;0.0018694;0.0011144;0.00091423;0.0007136;0.013916;7.2694E-06;0.0010589;0.001886;0.0002084;0.0012136;0.0014656;0.00044911;0.00081536;0.0011677;0.00038962;0.0036518;7.3507E-05;0.024774;0.0019262;0.011521;0.0027996;0.0023219;0.0011642;0.0017878;0.00019078;0.0026007;0.0018852;0.023051;0.00090569;0.00022386;0.0040978;0.00092032;0.0020372;0.0040408;0.0093907;0.00052274;0.0083613;0.00024428;0.00043346;0.012319
8;1.0205;1.0658;2;0.85;0.5;50;50;Manhattan(GeometricAverage);0.021681;0.00023726;0.025657;0.016715;0.01575;0.019667;0.017018;0.014786;0.01638;0.019331;0.023769;0.024743;0.025589;0.0070573;0.025667;0.022446;0.025359;0.0070797;0.022844;0.0031563;0.0111;0.002695;0.022273;0.015056;0.023052;0.020615;0.012043;0.0085664;0.023558;0.019505;0.024413;0.024097;0.021113;0.023953;0.024135;0.019654;0.025987;0.020299;0.012288;0.020628;0.011249;0.024376;0.0002559;0.023944;0.010497;0.020264;9.8992E-05;0.024135;0.0005528;0.00090222;0.00026583;0.014242;0.00044794;0.00089811;0.0011577;0.0023947;0.00051437;0.019665;0.0013753;0.00012082;0.0041152;0.00062266;0.0005309;0.0022384;0.00094946;0.014533;0.00015678;0.00018836;0.0023214;0.00015865;0.0021802;0.0040218;0.0012909;0.017171;0.0019202;0.0049036;3.2007E-05;0.0037318;0.00075083;0.0030824;0.002048;0.00020548;0.0014338;0.017734;0.0023975;0.0017269;0.00070077;0.00066826;0.0015413;0.0026023;4.0736E-05;0.00087123;0.011622;0.00089482;0.0028046;0.0004878
9;1.0206;1.0668;2;0.85;0.5;50;50;Manhattan(Average);0.02628;0.0034671;0.023407;0.017568;0.020922;0.01235;0.021152;0.02462;0.0048511;0.023618;0.025941;0.022528;0.0044301;0.0035762;0.025493;0.018252;0.02302;0.0031531;0.01661;0.022574;0.0034429;0.0036808;0.025279;0.02196;0.0092013;0.023508;0.01649;0.017743;0.019509;0.025579;0.021334;0.023025;0.02328;0.018224;0.019327;0.020477;0.025773;0.02435;0.0099724;0.023195;0.0004462;0.025041;0.0031187;0.014821;0.022274;0.020074;0.0019652;0.010025;0.00048526;0.0019082;0.00035506;0.018421;0.00026995;0.0018842;0.00021383;0.00016892;0.0009402;0.025626;0.0018571;0.00034431;0.010291;0.00050535;0.00029055;0.0001117;0.0010642;0.0035219;0.0025144;0.0010421;0.0001835;0.00083335;0.0017145;0.00096239;5.6928E-05;0.023142;0.00040286;0.0013702;0.00036739;0.0069537;0.0011372;0.0043534;0.0010285;0.0013868;0.0001599;0.026836;0.0018301;0.001625;0.0020257;0.0010768;0.0013933;0.001165;0.011122;0.00031412;0.00055888;0.0093375;0.0076906;0.0022288
10;1.0207;1.0669;2;0.85;0.5;50;50;Manhattan(Average);0.023641;0.021669;0.022925;0.023129;0.011977;0.019963;0.022614;0.020065;0.0021079;0.02166;0.020814;0.016763;0.0046327;0.018699;0.01924;0.020099;0.022029;0.0051491;0.019039;0.022935;0.0091158;0.0030019;0.016961;0.016808;0.021129;0.022744;0.0092825;0.016425;0.020247;0.02257;0.021318;0.015917;0.023621;0.019857;0.023737;0.014423;0.013983;0.022628;0.018551;0.01558;0.015361;0.0024426;0.022872;0.022425;0.023494;0.0085007;0.0013272;0.019563;0.00027517;0.00028002;0.0041643;0.0076686;0.00077628;0.00066871;0.00043123;0.00013125;0.00021809;0.022436;0.0018753;9.4471E-05;0.0016973;1.1201E-05;1.1946E-05;0.0014655;0.00013459;0.0010727;0.00042798;0.0016489;0.00061571;0.00031823;0.021291;0.00035081;0.00028546;0.00329;0.003702;0.0081774;0.0010604;0.019556;0.00045495;0.0029263;0.00068412;0.00061375;0.00018344;0.0158;0.0016445;0.0006044;0.00029383;0.00099127;0.00051347;0.00017881;0.0015373;0.00023279;0.020205;0.00084316;0.0036844;0.021438
11;1.0209;1.0671;2;0.85;0.5;50;50;Manhattan(Average);0.018345;0.013345;0.023582;0.026355;0.00665;0.024553;0.021516;0.015025;0.025429;0.025483;0.020701;0.016717;0.0012796;0.018291;0.01616;0.025772;0.024498;0.01228;0.01138;0.020097;0.016719;0.02231;0.018549;0.0025847;0.023752;0.023676;0.021273;0.022244;0.017252;0.025878;0.018295;0.024642;0.0037817;0.019262;0.023293;0.014368;0.019855;0.024079;0.025174;0.020939;0.0029903;0.021618;0.005239;0.018171;0.024522;0.006544;0.0006766;0.018785;0.0027468;0.00055253;0.0096812;0.006317;0.00030684;0.0006864;0.00087864;0.00041856;0.00052946;0.0047196;0.00083121;0.0001048;0.014519;0.00025769;9.44E-05;0.0018081;0.00030734;0.0023018;0.00057705;0.00031922;0.00057292;0.0017775;0.010447;0.0015143;0.00066666;0.020747;0.00021065;0.00092769;0.00081958;0.0073594;0.0020921;0.023667;0.00059119;0.0011673;0.00030507;0.00292;0.0004613;0.00068784;0.00071038;0.00020548;0.0019033;0.0014143;0.0033371;0.0002245;0.0080905;0.0035443;0.00067071;0.001078
12;1.0209;1307.3;2;0.85;0.5;50;50;Manhattan(Summation);0.020425;0.0272;0.0068341;0.02605;0.024736;0.019741;0.020063;0.012634;0.013888;0.024084;0.015658;0.016238;0.013996;0.02567;0.024892;0.027381;0.020239;0.012074;0.019476;0.00094007;0.003664;0.0026593;0.00073356;0.0041717;0.027346;0.025426;0.017312;0.019163;0.025031;0.019365;0.0092428;0.026881;0.019841;0.022659;0.023712;0.024689;0.024585;0.017027;0.013797;0.023724;0.00038863;0.026564;0.0011986;0.020996;0.027239;0.020492;0.0044049;0.027265;0.00078133;0.00028584;0.003622;0.0061353;0.00063332;0.00018468;0.00073586;0.00089015;0.00011126;0.024706;0.00022687;0.00020494;0.0086093;0.0011183;0.00069219;0.00041187;0.0013713;0.0043427;6.0687E-05;0.00015475;0.00054263;0.0002817;0.0045586;0.0018759;0.00041066;0.021368;0.0027784;0.015793;0.0010686;0.0024157;0.002582;0.00098798;0.00020029;0.00075457;0.001625;0.0033533;0.00039926;0.00099691;0.0016212;0.0016702;0.003587;0.00047129;0.0074728;0.00053239;0.0041741;0.0029033;0.0010265;0.0074744
13;1.0298;0.9449;2;0.85;0.5;50;50;Manhattan(Minimum);0.007365;0.012017;0.005758;0.013446;0.017954;0.020426;0.010872;0.010328;0.01883;0.0032624;0.00061558;0.0067531;0.011457;0.015946;0.010363;0.019453;0.016068;0.019297;0.0043843;0.018408;0.014865;0.003528;0.019829;0.017763;0.013489;0.014729;0.0072083;0.015396;0.0092815;0.0027205;0.01097;0.016783;0.011284;0.020313;0.010276;0.0075392;0.0039835;0.01485;0.013022;0.019093;0.0056606;0.0029977;0.016946;0.020656;0.0096659;0.0055678;0.011273;0.0032303;0.010539;0.00013245;0.013283;0.0092627;0.001136;0.003334;0.007381;0.014313;0.0019947;0.012793;0.011123;0.0052019;0.0024531;0.0043694;0.014723;0.0048329;0.017084;0.0044873;0.010724;0.011821;0.0061322;0.012168;0.01108;0.0078314;0.01212;0.015456;0.0046879;0.0069847;0.0070888;0.018698;0.014762;0.018438;0.016873;0.0183;0.010324;0.0084286;0.0081116;0.0020221;0.011798;0.0070796;0.014799;0.0045549;0.0022729;0.0021488;0.0056635;0.015945;0.00026531;0.0090492
14;1.0345;0.94924;2;0.85;0.5;50;50;Manhattan(Minimum);0.01002;0.016471;0.00098129;0.016698;0.01769;0.0048784;0.0085595;0.015217;0.012043;0.0053202;0.014223;0.013048;0.016937;0.012468;0.013344;0.0084756;0.012733;0.018835;0.0038863;0.019232;0.0056576;0.012829;0.0072024;0.016078;0.0053188;0.013765;0.0035227;0.010603;0.014975;0.010281;0.0095942;0.012915;0.010069;0.018002;0.0074094;0.01696;0.012408;0.01658;0.0051782;0.016921;0.008878;0.015228;0.018678;0.017403;0.015788;0.011828;0.0053846;0.007296;0.0076641;0.00090983;0.018197;0.0061853;0.0095969;0.010015;0.0058557;0.01894;0.0023053;0.0047155;0.018556;0.015331;0.0083422;0.0088935;0.0061081;0.0022643;0.0054359;0.01237;0.013507;0.0090499;0.0022839;0.01051;0.013008;0.012379;0.011297;0.012948;0.0092511;0.0012299;0.016577;0.0020581;0.0092074;0.011902;0.0036195;0.0088673;0.0060942;0.0076264;0.006291;0.0051331;0.011631;0.0099576;0.0058283;0.0038184;0.014586;0.0134;0.011736;0.014524;0.00057111;0.011606
15;1.0373;0.95178;2;0.85;0.5;50;50;Manhattan(Minimum);0.017687;0.014855;0.0030824;0.013901;0.012365;0.0097852;0.01399;0.0085589;0.0094679;0.0055545;0.011574;0.012015;0.0038268;0.012258;0.015053;0.01532;0.0080907;0.014748;0.017881;0.016585;0.014792;0.013776;0.013845;0.0053631;0.011756;0.0064062;0.0076436;0.016738;0.014224;0.0073151;0.0048217;0.0052671;0.013183;0.016781;0.0111;0.0057282;0.0082936;0.015316;0.012185;0.01439;0.016209;0.0011017;0.0051758;0.013977;0.017314;0.0027593;0.0015041;0.0087973;0.014132;0.0051169;0.01511;0.010847;0.0077822;0.0067153;0.016173;0.016658;3.3698E-05;0.015682;0.016761;0.014548;0.011363;0.0054406;0.0068021;0.0074334;0.010736;0.014298;0.013488;0.016091;0.010486;0.011459;0.0059742;0.011241;0.0068926;0.01184;0.0016801;0.010176;0.011812;0.0049868;0.016944;0.017726;0.010292;0.0054791;0.0050654;0.0018366;0.0033421;0.013215;0.013183;0.013099;0.014463;0.015421;0.0049968;0.0013904;0.0092401;0.0085387;0.0032213;0.0084255
16;1.0424;1.0005;2;0.85;0.5;50;50;Manhattan(MinimumTimesMedian);0.019094;0.012734;0.0071516;0.018434;0.014584;0.011078;0.010347;0.014431;0.011739;0.017416;0.013568;0.014661;0.0017428;0.017416;0.0054274;0.0069373;0.0098483;0.013621;0.010157;0.01982;0.014545;0.0041591;0.0067342;0.0042176;0.017;0.0086358;0.0046824;0.019599;0.015497;0.0084376;0.010663;0.013963;0.014833;0.015835;0.009192;0.017503;0.01485;0.010053;0.014899;0.016617;0.011102;0.0025651;0.015244;0.0044457;0.015178;0.016991;0.0099195;0.014409;0.017764;0.018198;0.010743;0.0037362;0.0017586;0.017498;0.0087041;0.014264;0.0095987;0.015125;0.012965;0.018955;0.01364;0.0035398;0.0077976;0.0036333;0.0080152;0.0046806;0.0079695;0.0096445;0.0014297;0.0018552;0.018585;0.0036196;0.00091005;0.015952;0.0047758;0.0053317;0.0040694;0.010875;0.018117;0.00022429;0.014689;0.0017296;0.011854;0.016536;0.0029501;0.0079788;0.0089404;0.007597;0.0036071;0.01016;0.0037267;0.0026413;0.0032712;0.0099087;0.0033959;0.015064
17;1.043;1.0011;2;0.85;0.5;50;50;Manhattan(MinimumTimesMedian);0.011721;0.012551;0.0077738;0.007687;0.015149;0.0059964;0.017662;0.0076156;0.003963;0.010593;0.014441;0.016939;0.0056671;0.013363;0.0040922;0.011066;0.012745;0.018387;0.015958;0.016733;0.011879;0.001285;0.012914;0.016574;0.016851;0.0084716;0.013755;0.013893;0.0089726;0.018205;0.014816;0.018501;0.015924;0.017638;0.0086566;0.0099594;0.0060362;0.0092817;0.014722;0.018073;0.016346;0.011086;0.018035;0.016958;0.0053654;0.011722;0.012808;0.0049735;0.0090251;0.012017;0.010507;0.0027638;0.0045509;0.00019994;0.017312;0.0041913;0.0054254;0.011929;0.015695;0.0019651;0.017639;0.0089878;0.0075235;0.0083467;0.0049744;0.012399;0.014975;0.014705;0.0051072;0.0018753;0.0046828;0.0065113;0.0016863;0.013973;0.012522;0.010712;0.014014;0.011236;0.011972;0.015663;0.019184;0.0029137;0.0015543;0.015924;0.0046467;0.0085459;0.016826;0.0038697;0.0078977;0.0066037;0.013398;0.0009353;0.0044242;0.0019611;0.0062814;0.0061409
18;1.0443;1.0024;2;0.85;0.5;50;50;Manhattan(MinimumTimesMedian);0.016066;0.012671;0.0048428;0.01146;0.01051;0.016265;0.0073542;0.017259;0.0045716;0.0073586;0.017952;0.015849;0.014223;0.0066049;0.014057;0.0079103;0.019552;0.015052;0.012715;0.017028;0.016967;0.0030701;0.018083;0.0053421;0.015214;0.0043341;0.016425;0.014243;0.009304;0.0072988;0.0094909;0.0036038;0.010518;0.018014;0.014899;0.017484;0.013476;0.016082;0.005077;0.018668;0.0064271;0.012376;0.0087259;0.018383;0.012568;0.018076;0.0087228;0.007892;0.0062126;0.0091242;0.0062645;0.01272;0.0044759;0.0018076;0.012329;0.018423;0.0025776;0.019289;0.013069;0.013524;0.0034362;0.0031715;0.0073563;0.0067094;0.014307;0.0077521;0.012142;0.003989;0.0024523;0.0085102;0.015445;0.0049841;0.0076657;0.018734;0.0056599;0.0063868;0.0083203;0.011854;0.017962;0.0087223;0.014278;0.0020387;0.0040885;0.0023735;0.015423;0.0088207;0.013864;0.0053568;0.0038488;0.013207;0.0065866;0.0037072;0.0026904;0.0044602;0.0056629;0.018152
19;1.2417;0.14287;2;0.85;0.5;50;50;Euclidean(Minimum);0.021294;0.014029;0.0071232;0.00023057;0.0012635;0.014826;0.0010412;0.018448;0.0013581;0.0026147;0.023942;0.017772;6.4322E-06;0.0025572;0.023196;0.00058282;0.017458;0.0073513;0.022291;0.00031432;0.024134;0.016634;0.0029106;0.0015045;0.023072;0.0036875;0.002251;0.0023716;0.0034289;0.013296;0.020642;0.021651;0.0074758;0.009052;0.0098142;0.0019591;0.015983;0.020721;0.019465;0.020641;0.0032442;0.0012581;0.0015776;0.021567;0.011443;0.011136;0.0057092;0.019408;0.0028153;0.00041593;0.014733;0.0013794;0.00090208;0.013377;0.021887;0.007667;0.0098993;0.012714;0.014653;0.020019;0.018389;0.010632;0.015124;0.0123;0.017834;0.0073903;0.0012121;0.022548;0.023114;0.0039916;0.00045675;0.0031838;0.0010805;0.0049403;0.0018947;0.024241;0.00086157;0.012459;0.0015854;0.0043002;0.0018741;0.019395;0.002821;0.00045639;0.0024272;0.017517;0.023359;0.002603;0.0027911;0.0073421;0.020961;0.019325;0.021701;0.00076364;0.01302;0.021906
20;1.2676;0.14584;2;0.85;0.5;50;50;Euclidean(Minimum);0.0026052;0.021828;0.022693;0.012274;0.014003;0.011307;0.0058815;0.00061173;0.00098819;0.0016591;0.021;0.017305;0.00011589;0.0058429;0.0198;0.023345;0.0015142;0.00072039;0.020142;0.022559;0.021698;0.01571;0.02;0.023174;0.0074266;0.0020138;1.1893E-05;0.02366;0.010873;0.0065684;0.016973;0.023441;0.021118;0.00070851;0.014586;0.00041659;0.011773;0.0010794;0.00063931;0.023606;0.020197;0.017394;0.0008226;0.00021884;6.0295E-05;0.00015726;0.0024158;0.015496;0.020137;0.021136;0.015301;0.017655;0.00047174;0.0046944;0.022611;0.0042284;0.0034646;0.0093813;0.014291;0.0039776;0.021121;0.0033533;0.010446;0.0024851;0.0097239;0.0066159;0.00097872;0.020366;0.022295;0.0052811;0.00082219;0.018366;0.0068974;0.01528;0.007639;0.017445;0.022037;0.00057582;0.018687;0.016551;0.0049752;0.0045209;0.017357;0.013581;0.004044;0.023457;0.023087;0.00034698;0.00071192;0.00045266;0.003452;0.0021207;0.00029766;0.0014605;0.0068729;0.00051499
21;1.3031;0.14992;2;0.85;0.5;50;50;Euclidean(Minimum);0.00016138;0.018197;0.0028495;0.023525;0.02204;0.018575;0.0038336;0.01643;0.012161;0.023088;0.02118;0.023188;0.0019825;0.0040034;0.00039119;0.0024793;0.0007579;0.0045516;0.00032437;0.022039;2.3055E-05;0.021093;0.00030014;0.015359;0.021935;0.00058056;0.00012027;0.01856;0.0025134;0.00126;0.021081;0.0025695;6.3683E-05;0.018103;0.00057559;0.019372;0.016937;0.023053;0.0021103;0.022013;0.0051272;0.0015456;0.021965;0.02389;0.0011153;0.020165;0.003026;0.0012617;0.022957;0.0079442;0.021947;0.019013;0.0029148;0.02037;0.0012496;0.0014405;0.017141;0.00334;0.019242;0.019755;0.0014924;0.003104;0.014965;0.0069154;0.00019014;0.0029785;0.022043;0.00043625;0.00016335;0.0014721;0.0011913;0.013395;0.01267;0.017778;0.016643;0.0012022;0.019492;0.0011914;0.01346;0.00093785;0.00064758;0.0062872;0.023581;0.022109;0.00046834;0.015171;0.017887;0.020503;0.0076956;0.017523;0.004099;0.016961;0.023706;0.0023624;0.0038873;0.0006008
22;1.6475;0.23878;2;0.85;0.5;50;50;Euclidean(GeometricAverage);0.00025338;0.0021363;0.0056263;0.0031354;0.00017065;0.00066478;0.0012248;0.0068204;0.040897;0.0029776;0.0010857;0.00062332;0.041673;0.00059218;0.0014107;0.0080618;0.00079296;0.010461;0.00057398;0.036725;0.00076184;0.0025015;0.0012681;0.0077431;0.0070004;0.0072256;0.0019104;0.014375;0.036504;0.00058685;0.00095303;0.041421;0.00021043;0.039849;0.038796;0.013049;0.00087653;0.0019355;0.0065392;0.00098026;0.00087189;0.0018185;0.008067;0.03902;0.0025004;0.0039112;0.0027802;0.00087446;0.023272;0.037359;0.0095272;0.029265;0.00072887;0.003374;0.0022156;0.00572;0.0027617;0.041456;0.004073;0.0054409;0.0012658;0.040715;0.00066891;0.0021315;0.0019413;0.0035325;0.040705;0.0097998;0.0018053;0.00284;0.042058;0.0094844;0.041115;0.0089095;0.00025837;0.0014193;0.00068725;0.0015544;0.030607;0.0016574;0.0033544;0.0017462;0.041822;0.00011085;0.002414;0.0090705;6.2243E-05;0.0047739;0.00096527;0.03807;0.00086642;0.0043686;0.0026771;0.0020963;0.0068812;0.022137
23;1.6773;0.24402;2;0.85;0.5;50;50;Euclidean(Median);0.039476;0.0017737;0.0032184;0.012071;0.0010731;0.0028572;0.0011497;0.038817;0.040573;0.0014635;0.0014199;0.001253;0.0017677;0.00073268;0.0033893;0.0011164;0.013766;0.039238;0.0049363;0.0016829;0.03836;0.039087;0.002554;9.7666E-05;0.0018381;0.0026216;0.0017275;0.0029965;0.00078391;0.040631;0.0082404;0.032783;0.0030781;0.00023595;0.0023202;0.0038393;0.0010999;0.0022971;0.00066925;0.0022106;0.00080014;0.0033878;0.00012791;0.0099089;0.0023561;0.0096393;0.001049;0.0017046;0.00035658;0.00042529;0.004854;0.0063968;0.039071;0.0011683;0.0058656;0.00021008;0.0012387;0.038552;0.0025648;0.0019572;0.0013302;0.0050915;0.037381;0.040365;0.00086071;0.0030481;0.036719;0.018011;0.0012853;0.039209;0.0099548;0.0014397;0.036601;0.040216;0.012574;0.0014521;0.00055476;5.2016E-05;0.00066763;0.0013462;0.00060888;0.00093931;0.026791;0.0044575;0.039543;0.0055557;0.0003819;0.0044234;0.0030154;0.03819;0.0045272;0.0010939;0.032391;0.00095769;0.015322;0.0027629
24;1.6871;300.43;2;0.85;0.5;50;50;Euclidean(Summation);0.0030561;0.0010438;0.00084395;0.0010194;0.0086223;0.0055713;0.045946;0.041315;0.0086395;0.0055415;0.0023656;0.011803;0.00099651;0.0059955;0.016669;0.00089469;0.0004373;0.024414;0.0015125;0.01335;0.0012458;0.00048957;0.0036368;0.0017918;0.0055353;0.013949;0.025759;0.0021444;0.034505;0.043503;0.0038304;0.0040276;0.001612;0.044824;0.008771;0.041379;0.0040272;0.046207;0.0010573;0.045955;0.043006;0.00043736;0.00015716;0.0016449;0.0091192;0.0068169;0.00013111;0.002556;0.0048071;0.00071442;0.012595;0.0119;0.00030069;0.005727;0.0090834;0.002533;0.00055289;0.00021123;0.0010327;0.00018624;0.0015961;0.00072072;0.012709;0.039016;0.0061756;0.0040987;0.0013678;0.0041223;0.0028918;0.0014123;0.00059921;0.04475;0.0012149;0.039344;0.001117;0.00047541;0.001568;0.0016925;0.033028;0.00016299;0.022849;0.044761;0.018876;0.0020258;0.0021786;0.00095894;0.00090363;0.016141;2.192E-05;0.0020874;0.0027118;8.3845E-05;0.02179;0.017638;0.0010333;7.7427E-05
25;1.6918;301.27;2;0.85;0.5;50;50;Euclidean(Summation);0.0036218;0.0024217;0.039788;0.0010498;0.036422;0.00068319;0.00053823;0.00044077;0.019064;0.0013569;0.0033592;0.00061348;0.0022742;0.0056556;0.0031111;0.0034404;0.0045167;0.034162;0.0048638;0.0007599;0.0027884;0.0019872;0.0019642;0.00043746;0.0021777;0.00091247;0.00057034;0.040998;0.0015647;0.0012105;0.0019877;0.0013094;0.0011897;0.00099084;0.0012436;0.00025523;0.0021725;0.041668;0.004942;0.0055145;0.00076196;0.00021521;0.038275;0.028724;0.009391;0.0070532;0.0074196;0.0025813;0.0011253;0.042939;0.0017846;0.026855;0.00061081;0.040132;0.00023721;0.0033973;0.034804;0.00256;8.0492E-05;0.00071908;0.0026568;0.022141;0.001278;0.010753;0.00033378;0.042293;0.00054875;0.0028568;0.0042124;0.00053525;0.0015309;0.037978;0.010911;0.00062311;0.010053;0.0058723;0.00045113;0.0017058;0.042582;0.043138;0.036551;0.00039052;0.0022976;0.003645;0.0032147;0.0026737;0.0056967;0.035637;0.013645;0.041953;0.00016335;0.019467;0.038039;0.0030643;0.00088767;0.016529
26;1.716;0.24871;2;0.85;0.5;50;50;Euclidean(GeometricAverage);0.001342;0.012982;0.001099;0.0041296;0.0022189;0.0030176;0.0085817;7.9784E-06;0.00059417;0.025173;0.04581;0.0019246;0.010201;0.0040933;0.00553;0.0044235;0.0033831;0.00078837;0.0012504;0.001014;0.032655;0.0051535;0.00057804;0.021533;0.00083536;0.0012201;2.0859E-05;0.0018752;0.003871;0.04635;0.001045;0.013326;0.00031926;3.0076E-05;0.0025093;0.0025716;0.0022366;0.00010497;0.00065163;0.00028991;0.046058;0.042542;0.00054711;0.044647;0.0093705;0.023256;0.043415;0.033119;0.0059909;0.0016354;0.00097438;0.02053;1.5753E-05;0.011111;0.0013452;0.027646;0.0037043;0.00086999;0.00014188;0.00659;0.00024266;0.00073623;0.00092263;3.8837E-05;0.002981;0.015249;0.0013102;0.0040513;0.00018615;0.017543;0.0082009;0.001057;0.001555;0.04648;0.0012872;0.00039944;0.00161;0.0059113;0.044055;0.0016401;0.00054545;0.0022861;0.00062042;0.0088804;0.042702;0.045684;0.0040305;0.00025543;0.0041943;0.0014832;0.0018245;0.0093967;0.002739;0.036886;0.040505;0.044262
27;1.729;0.25059;2;0.85;0.5;50;50;Euclidean(GeometricAverage);0.0094132;0.0020087;0.043679;0.001632;0.0082134;0.0035522;0.013641;0.0015269;0.010588;0.00062665;0.0038959;0.0054998;0.0011589;0.0038119;0.00042539;0.00095893;0.045825;0.044633;0.00059264;0.043879;0.011697;0.037284;6.7412E-05;0.00051088;0.0056066;0.0012467;0.0042647;0.0015528;0.002905;8.552E-05;2.6596E-06;0.00054982;0.0025615;0.023895;0.0419;0.00022645;0.0020566;0.0046394;0.00782;0.0017238;0.0009347;0.0045138;0.04748;6.0894E-05;0.00011907;0.0051122;0.0040831;0.0011681;0.045477;0.0067348;0.0058058;0.0091952;0.0010804;7.3101E-05;0.00026341;0.0012933;0.00016284;0.0021849;0.025444;0.0027717;0.046909;0.00065472;0.0032094;0.0010803;0.0026865;0.00089036;0.0020445;0.04483;0.0032772;0.0021099;0.0070861;0.00037753;0.0022367;0.045758;0.0013504;0.0060248;9.0978E-05;0.044597;0.0098723;0.0037119;0.0025894;0.045718;0.023218;0.01918;0.013958;0.0055886;0.0048625;0.00062136;0.038242;0.0019726;0.0065052;9.9003E-07;0.044728;0.00059953;0.00083422;0.0024696
28;1.7417;0.25319;2;0.85;0.5;50;50;Euclidean(Average);0.0041533;0.0031355;0.00040382;0.041189;0.0016873;0.035918;0.00099658;0.00049472;0.00075408;0.00015267;0.0020994;0.0022319;0.0041065;0.043445;0.0042078;0.0040863;0.00070952;0.00090748;0.00015499;0.0012489;0.0056166;0.0093277;0.0016865;0.0022745;0.03677;0.00072661;0.00043333;0.0009204;0.00063434;0.0015119;0.043434;0.0017507;0.015603;0.0095879;0.0032853;0.00042981;0.043481;0.0094185;0.0011549;0.038539;0.043957;0.00014201;0.00066919;0.0019859;0.0044055;0.0023452;0.0022429;0.04224;0.040856;0.015198;0.0017017;0.040923;0.0034895;0.0073883;0.0037239;0.0041764;0.0015775;0.0029588;0.001233;0.043907;0.0080095;0.00036599;0.010377;0.014257;0.0026261;0.00075334;0.0010533;0.0021038;0.00070637;0.00081497;0.00062333;0.036598;0.0055621;0.043519;0.0021462;0.0049474;0.044187;0.0006974;0.0031281;0.0032257;0.00020269;0.0028067;0.0018744;0.0026665;0.0025102;0.0055329;0.0042294;0.034529;0.042904;0.039486;0.0029469;0.021217;0.00025381;0.0048898;0.0037371;0.00072346
29;1.7551;0.25533;2;0.85;0.5;50;50;Euclidean(Median);0.047176;0.00019012;0.045367;0.0012998;0.0018947;0.010654;0.0046461;0.0015854;0.046992;0.0069634;0.018578;0.0076469;0.001668;0.0014711;0.00078698;0.010882;0.0058042;0.0012545;0.0024288;0.0053635;0.0002927;0.00052025;0.0061767;0.0013956;0.042873;0.00022276;0.0040971;0.0054343;0.0014097;0.00079995;0.00071392;0.0039032;0.045829;0.000565;0.0049403;0.006663;0.0026546;0.0036991;0.003572;0.0022036;0.00037017;0.0014777;0.021003;0.0044019;0.00058218;0.0037571;0.0024582;0.015609;0.012667;0.0077563;0.047517;0.0011859;0.00092108;0.00014743;0.00022328;7.6911E-05;0.042562;0.0010658;0.0013297;0.040782;0.045779;0.0010995;0.014352;0.0018623;0.0023192;5.2368E-05;0.046318;0.0011181;0.00071992;0.0028708;0.0050436;0.0071104;0.00095041;0.046682;0.0024696;0.00041206;0.035052;0.0064282;0.0013682;0.038647;0.0075877;0.0015377;0.00229;0.0025234;0.0001655;0.046222;0.00014785;0.04735;0.0011621;0.0076988;0.0016016;0.0023;0.024352;0.00090566;0.023756;0.0032332
30;1.7693;0.2572;2;0.85;0.5;50;50;Euclidean(Average);0.0082343;0.042141;0.0061113;0.0059397;0.030209;0.0019786;0.0025646;0.037318;0.044416;0.0017002;0.0018077;0.00084192;0.0033497;0.014235;0.00052584;0.044075;0.00096737;0.046812;0.0043905;0.00039026;0.0057827;0.039127;0.00032821;0.03919;0.0046799;0.0023473;0.0010082;0.0031468;0.0055813;0.044575;0.00052617;0.047584;0.0049677;0.0031966;0.022298;0.00015727;0.0017425;0.0016328;0.001382;0.0032361;0.0021544;0.0075109;0.00095586;0.00052606;0.0020284;0.00079179;0.00084302;0.0031274;0.002087;0.0020495;0.039578;0.00080063;0.0057168;0.0021732;0.041881;0.0099185;0.045992;0.00099126;0.0009821;0.0038753;0.002969;0.0015849;0.004591;0.0027369;0.0030685;0.00030324;0.0019029;0.011528;0.00077378;0.034208;0.0041517;4.6546E-05;0.046349;0.039913;0.0034957;0.001929;0.0056955;0.0035474;0.00055449;0.011968;0.0040431;0.00042343;0.0012449;0.047324;0.00038147;0.0041188;0.0026783;0.00089445;0.00029626;0.00075637;0.0026764;0.00020165;0.040772;0.0039739;0.0022827;0.0021343
31;1.8258;325.14;2;0.85;0.5;50;50;Euclidean(Summation);0.0014713;0.01652;0.0034986;0.00097508;0.00092164;0.0051373;0.0010935;0.047868;0.0025011;0.00026153;0.048229;0.0033385;0.0053627;0.0032644;0.0047724;0.0043262;0.007317;0.00019676;0.0006123;0.045993;0.0023886;0.0056742;0.00033821;0.00040407;0.00097101;0.00059018;0.0020124;0.0013504;0.0011232;0.0035598;0.0044353;0.02631;0.00058004;0.0043343;0.0011061;0.0032386;0.0018717;0.0006998;0.002952;0.050448;0.04503;0.0079845;0.0033826;0.010576;0.0019184;0.0024878;0.0004723;0.0021085;0.0038079;0.049908;0.0014183;0.0018054;0.00034681;0.0058048;0.043511;0.0029955;0.00091194;0.00091276;0.0015139;0.001515;0.0036222;0.0011302;0.0025618;0.045666;0.028411;0.0058186;0.0020614;0.0052365;0.050474;0.04519;0.045045;0.048379;0.0010211;0.00036704;0.033227;0.00096973;0.0094635;0.0037312;0.0038443;0.002771;0.0063869;0.0023763;0.029111;0.00024197;0.0051862;0.00048727;0.0035872;0.048966;0.043647;0.001169;0.0052857;0.00069215;0.0011369;0.0011098;0.0014631;0.0037043
32;1.8269;0.26558;2;0.85;0.5;50;50;Euclidean(Average);0.002391;0.0043479;0.0013292;0.0021061;0.001966;0.0090446;0.0030607;0.052014;0.0026716;0.0031643;0.050213;0.0038318;0.0011454;0.047702;0.00036236;0.0011196;0.0043496;0.001012;0.0038619;0.0036475;0.0029181;0.0025957;0.00096377;0.004494;0.0039703;0.0036348;0.0020615;4.7752E-05;0.002808;0.050258;0.044374;0.0029599;0.00020174;0.041708;0.048732;0.0045546;0.0028759;0.0025462;0.0014762;0.0018365;0.00061188;0.0046534;0.0015614;0.01524;0.05023;0.0017325;0.0049799;0.00023832;0.0009383;0.00060825;0.0070985;0.0022842;0.0018242;0.049665;0.0053048;0.0011693;0.012809;0.04595;0.023795;0.00065566;0.0063941;0.00028851;0.0022977;0.0055286;0.0046429;0.0066895;0.0095376;0.0082485;0.0005468;0.00062177;0.0088159;0.0020585;0.017178;0.00013011;0.00075635;0.001918;0.049138;0.0011106;0.051894;0.0012697;0.0088954;0.0073147;0.0012854;0.002318;0.00033731;0.0017953;0.021134;0.0060721;0.045948;0.0083295;0.0003786;0.0051402;0.0056861;0.0015288;0.0010091;0.048055
33;1.8558;0.26999;2;0.85;0.5;50;50;Euclidean(Median);0.00056601;0.0076937;0.0024453;0.001056;0.0017669;0.0013863;0.05227;0.0070386;0.0033164;0.0030515;8.9431E-05;0.0019566;3.3757E-05;0.0032754;0.0075804;0.00015141;0.0056618;0.0067406;0.00025042;0.047332;0.0017243;0.00309;0.0017078;0.00041829;4.1962E-05;0.0014514;4.8197E-05;0.0055252;0.0032634;0.0031958;0.046336;0.00033088;0.00052626;0.00013371;0.013621;0.00053038;0.0013764;0.023164;0.0023227;0.0020952;0.00083003;0.0046964;0.0014986;0.01799;0.0022686;0.0073055;0.0023938;0.0066827;0.0014852;0.0082674;0.043347;0.053112;0.048368;0.0061806;0.0034681;0.0014011;0.0017164;0.00070133;0.00037401;0.00068761;0.010227;0.0088468;0.0034961;0.00032732;0.00013028;0.001197;0.051498;0.0048008;0.00049128;4.1598E-07;0.0015634;0.05315;0.0022033;0.0011093;0.050591;0.0046668;0.0017842;0.049482;0.00031434;0.0052132;0.044949;0.040658;0.024287;0.0031718;0.0019509;0.0048218;0.051495;0.00069834;0.053073;0.004359;0.0010688;0.016781;0.012046;0.0090462;0.0014759;0.0016848
34;1.8992;0.031789;2;0.85;0.5;50;50;Euclidean(MinimumTimesMedian);0.029306;0.00075751;0.00062092;0.034681;0.01174;0.028006;0.0084353;0.017115;0.0075572;0.026971;3.6484E-05;0.031443;0.0028583;0.032279;0.00069767;0.029472;0.014217;0.00032088;0.00024101;0.034384;0.0023916;0.00033911;0.016963;0.00641;0.0056639;0.019518;0.0091735;0.00025082;0.0098921;0.015903;0.0010192;0.0036928;0.031573;0.00099839;0.0027862;0.00059298;0.0086138;0.029357;4.0505E-05;0.00086164;0.0016218;0.0048803;0.00038794;0.00089718;0.00036513;0.031362;0.0078531;0.005875;0.032732;0.0048134;0.010259;0.0042991;0.00053036;0.02975;0.016451;0.0067348;0.0046853;1.7969E-06;0.0075498;0.032866;0.00012019;0.017148;0.0019525;0.0099938;0.0007218;0.00033843;0.022236;0.0046972;0.0053413;0.00032507;0.000345;0.027862;0.0033804;0.002765;0.016516;0.0063087;0.033602;0.029932;0.016387;0.007457;0.00019436;0.001617;0.0017455;0.0023843;0.00050448;0.0030476;0.014142;0.013454;0.0014625;0.0087362;0.0008173;0.0039476;0.033306;0.019723;0.0013452;0.005049
35;1.9289;0.032286;2;0.85;0.5;50;50;Euclidean(MinimumTimesMedian);0.014961;0.022488;0.009535;0.0002145;0.02938;0.0045624;0.0046908;0.022717;0.02814;0.0067549;0.0049128;0.00083849;0.006629;0.0015014;0.0058372;0.0036671;0.023447;0.00096945;0.00014632;0.026502;0.0018085;0.030335;0.028992;0.030047;0.024103;0.00039947;0.029942;0.0055275;0.00063146;0.0031775;0.029605;0.0051422;0.028814;0.0024106;0.0034603;0.030731;0.0035853;0.023327;0.0047424;0.024745;0.0018137;0.0022699;0.0022041;0.00056651;0.030859;0.03051;0.00086367;0.0019368;0.002489;0.00010186;0.023797;0.0018012;0.029338;0.0003954;0.025867;0.0048258;0.0017343;0.010593;0.01394;0.00021803;0.0034494;0.020038;6.1009E-05;0.000212;0.025529;0.0010164;0.029092;0.02315;0.0074686;0.025377;0.00012883;0.0069984;0.00026306;0.0054198;0.00051253;0.0003579;0.026617;0.019758;0.024628;0.0021264;0.00087441;0.02507;0.0031099;0.0044021;0.001831;0.0020073;0.00076698;0.0015446;0.0052688;0.0018226;0.00034075;0.0030604;0.0068825;0.00090191;0.0029899;0.0013792
36;2.0223;0.033849;2;0.85;0.5;50;50;Euclidean(MinimumTimesMedian);0.0022976;0.029303;0.028336;0.019205;0.0020216;0.0031692;0.0011714;8.1558E-05;2.195E-08;0.0010286;0.003283;0.00036301;0.0010727;0.00043073;0.0012392;0.00024013;0.000464;0.0013491;0.015423;0.0041504;0.00065963;0.027866;0.017277;0.029643;0.02978;0.00025653;0.0015937;0.025336;0.0003394;0.00040765;0.0012397;0.029793;0.029892;0.016878;0.0036329;0.0036856;0.003523;0.0015806;0.0004026;0.00094523;0.00063448;0.0059966;0.027321;0.022971;0.027106;0.00012769;0.00039132;0.0018126;0.010039;0.0032786;0.0011973;0.012598;0.015322;0.00037429;0.028374;0.0072502;0.00043156;0.0011538;0.027626;0.024695;0.029737;0.0011189;0.0037779;0.00063197;0.0010558;0.027612;8.5454E-05;0.00049547;0.00090117;0.00030498;0.029511;0.00017393;0.0043635;0.029402;0.028097;0.029201;0.029509;0.00017607;0.029447;0.0016829;0.0066875;0.020962;0.025641;0.00028259;0.0039959;0.0019067;0.019662;5.8831E-05;0.029744;0.0028545;0.016868;0.027189;0.00041276;0.0090042;0.029375;1.1248E-05
population
1;-0.0042227;-0.67736;0.064934;-0.58486;-0.41241;0.28029;1.115;1.4027;-1.4602;-0.34614;-0.017197;0.6053;0.7704;-1.292;-0.95017;-1.4681;-0.60889;0.57821;-0.080258;-0.95832;-1.3632;0.45321;-0.17286;-1.0777;-0.17906;0.56676;2.3707;-0.723;0.026299;0.30702;1.363;-0.31733;2.0963;-1.0933;-1.6997;1.2192;1.0371;1.0104;1.4023;1.1145;0.52248;0.346;-1.1246;1.0851;1.5059;-1.7926;-0.49008;-0.69302;0.34018;1.1284;0.54159;0.12779;2.0874;0.8253;0.47567;0.59586;0.36212;1.4043;3.6971;0.22209;0.10804;1.7713;1.6128;0.1641;2.18;3.0278;0.55141;0.79871;2.4626;1.8614;1.1162;2.4349;1.1644;1.2472;0.13825;1.4426;1.1954;1.088;1.7022;0.022839;1.3742;4.3142;1.0326;0.5256;3.6803;0.51454;0.94865;2.1125;0.30879;0.18511;0.15296;0.21509;2.143;0.37233;0.65179;0.75908
2;-0.067426;-1.8422;-0.73071;-1.6296;0.22716;1.1936;0.99411;1.0736;-1.5963;-0.96075;-0.047653;-0.057244;1.0739;-1.3712;0.11134;-0.19753;-0.73565;1.6482;1.314;-3.1866;-0.9901;-0.018231;-0.78112;-0.21267;-1.1001;-0.90809;-0.70897;1.7695;0.22055;-0.91706;-0.067514;-0.70644;-0.78195;1.5939;-1.5135;0.22069;-0.55321;-0.93043;0.57429;0.86923;0.95331;1.4654;-0.48819;-0.32523;-1.0576;0.81351;-0.19784;-0.27942;1.1052;1.3501;0.55382;1.1101;0.37003;0.52596;0.87285;1.0325;0.87856;1.1937;1.0285;0.27674;1.2652;1.8678;0.67656;2.4058;0.23919;1.1651;1.1181;1.4292;0.85676;1.6712;1.8975;0.32551;2.3933;0.1296;1.126;2.4559;2.5041;0.093706;1.358;0.33992;0.242;0.33961;2.0966;0.60538;0.45482;0.15106;0.31313;0.061562;1.3599;0.10826;0.21466;5.6901;0.70699;0.72995;1.6367;0.63968
3;0.73035;1.004;-1.4911;-0.0046246;0.44884;2.3626;0.93885;-0.38114;-0.053685;0.49596;0.78339;1.1671;0.37919;-0.1189;-0.060614;0.47184;0.53989;-0.36833;0.793;-0.48058;-0.082795;0.32322;0.12174;0.21802;1.2297;1.4679;-0.033747;1.1421;-0.41949;1.098;-0.83443;-0.77893;0.21424;-0.39709;0.47321;-1.0864;0.63549;0.06161;-0.63719;1.2667;-0.13138;1.1325;0.76219;-2.7969;-0.4107;0.94109;1.1895;-0.25642;0.076704;1.7764;0.49308;0.17972;0.83822;0.34038;0.093359;3.1774;0.043201;0.1278;2.1464;0.010143;1.5438;0.31523;1.8295;0.32767;3.1515;0.10629;1.6354;0.17288;4.2561;0.94662;2.0647;0.64161;1.0024;1.9068;0.1936;0.76639;3.3413;1.1047;0.81263;0.66118;0.48025;1.0871;7.4083;1.4846;0.38298;0.49333;0.35817;0.98819;0.52495;2.1824;1.3209;0.4049;0.20463;1.0928;0.08215;0.21102
4;-0.62537;-0.81369;-0.80867;1.0327;-0.82862;0.14277;-0.51395;-0.39561;0.41467;0.90013;0.24582;-0.12843;-1.4651;-2.2456;0.13754;-1.9509;-0.082567;-1.3664;0.76676;0.080388;1.7334;-1.2234;-0.87142;-0.11077;-0.15861;-0.37567;-0.37739;0.56624;2.4642;0.225;0.2782;-0.70603;-0.12033;-0.91973;-0.38124;0.12878;-0.59381;-0.87535;-0.92466;-1.9072;-0.026039;1.564;0.26715;0.29909;-0.63411;0.90194;1.287;-0.67842;0.62814;0.4359;0.76436;0.5305;5.1516;0.011828;0.30102;0.57889;5.0783;1.9733;0.069708;0.1411;1.7499;1.5808;0.53319;0.40155;3.6537;0.6;0.3882;1.237;0.56334;1.5496;1.4176;1.6662;0.34107;1.4211;0.20873;0.60981;1.2169;1.7683;0.36763;0.098104;1.5706;2.2612;0.41049;0.022417;3.5479;0.0034971;1.6848;0.83646;0.41301;0.7805;0.81153;1.2458;1.0263;0.5903;0.35896;0.46302
5;0.23036;-0.44678;0.36056;-1.2091;0.098435;0.7759;0.60683;0.17899;1.3763;1.0107;-1.9844;1.9212;0.55009;0.80764;0.77279;-0.66933;-0.20488;1.5447;-2.1055;-0.6271;0.50471;1.7749;-1.422;0.072756;0.69157;0.086292;0.45251;0.33742;-1.6202;1.3157;0.22586;1.0237;-0.1608;-1.8247;1.7826;-2.1448;-0.33185;-1.0167;-0.072281;-0.70369;0.33378;-0.11919;0.25154;-1.003;0.72256;-0.39918;-0.050813;-0.52201;1.0809;0.27965;0.41975;0.12923;1.129;0.30852;0.11245;0.093453;0.033233;2.8379;0.68839;2.5548;0.95077;0.16307;0.14046;1.7972;0.89698;0.99064;3.7049;0.29359;0.11662;0.0089152;2.2753;0.64118;0.28583;0.39917;1.436;0.030699;0.62718;1.7056;0.30648;0.6139;0.99597;0.063251;1.0037;0.64719;1.3385;0.7992;0.29595;0.012263;0.029057;0.26763;0.83704;2.1204;0.85079;0.90743;0.22991;1.122
6;0.15545;0.078249;1.8628;0.51095;0.62254;0.66165;-1.1269;0.021521;2.0664;-0.1487;0.32692;0.4907;-0.55182;1.8327;-0.70878;0.26597;0.69347;-1.3797;0.50606;-0.078638;0.76677;0.38671;-0.66022;-0.59331;-0.25869;0.49985;-0.6625;-0.44617;0.71499;1.5798;0.75138;-1.0241;-1.036;-0.8423;-1.3698;0.95865;-1.3264;0.9764;-1.2143;1.0681;-0.81901;0.88456;0.55135;-0.66107;0.17301;0.77289;-0.98107;1.3976;0.76621;0.025646;1.4091;0.23667;2.8297;0.048812;1.3533;0.037684;0.005698;0.041977;0.46346;2.4147;0.24062;0.082144;8.2416;0.11349;0.96301;0.27686;0.97221;0.28935;2.1058;1.7093;0.79272;0.064134;4.2963;0.40986;1.3987;1.4622;0.77348;2.5721;0.091032;1.9755;0.12088;0.53328;0.42914;1.1382;0.045261;0.86494;0.034354;0.41405;4.1449;3.0395;0.012896;1.3219;1.2369;2.386;0.86095;1.7102
7;2.0567;0.8186;1.9176;-2.2777;-0.59401;-1.6411;1.7022;0.83125;-0.59356;-0.079114;1.7807;1.3637;0.043551;0.87241;-0.45407;-1.1695;0.38015;2.5291;0.53784;-0.83418;0.17727;-0.23517;0.32405;-0.94241;-0.88084;-0.089895;-0.89585;-0.75119;-1.8018;-1.3042;-0.14205;0.21113;-0.38421;-1.6461;0.93536;-2.0169;0.85438;-1.4877;-0.32268;-0.81125;-0.26807;-0.94262;0.39826;0.41772;-1.1508;-0.38398;1.3129;-0.86587;1.3363;0.28555;0.1483;0.46529;0.097277;0.93533;0.63831;0.23281;0.0096908;1.1192;1.509;0.090222;0.0036459;0.16638;0.06966;0.11675;0.05344;1.384;0.55796;0.67658;0.35617;4.5059;1.0877;0.31007;0.40206;0.031604;1.6447;0.1263;0.46386;0.023364;2.3698;0.78175;0.17512;0.15559;0.020104;1.632;0.24868;0.61757;2.6394;1.0463;1.5123;0.54345;1.1579;1.0258;1.0801;1.9263;1.4711;1.0032
8;0.37211;1.1717;-1.1903;-1.3021;-0.54403;1.1181;1.0404;0.25101;0.032405;0.76885;-0.76066;-0.2919;-0.017896;1.1618;-0.7679;-0.47463;-0.82118;-0.96406;0.14926;0.36905;-1.1225;0.39825;-1.4568;-2.1412;0.356;-2.2877;1.5994;-1.4674;1.8622;1.7066;-0.059892;-1.0878;-0.24083;0.25809;0.12436;-0.89686;1.1678;-1.6644;1.6362;-1.763;0.95065;0.047696;0.80285;1.2217;-0.57303;-0.7346;-0.16624;-0.036712;0.28799;4.2155;0.71519;1.43;0.21301;0.19187;1.9805;0.82281;0.19713;1.6142;1.0601;0.48577;1.8494;1.4138;0.0050076;0.20885;3.1074;0.89806;0.32603;1.052;0.76954;3.1703;0.55662;2.5393;0.91291;0.013029;1.1454;0.46714;1.4529;0.064169;1.1105;1.2372;2.7159;0.0014937;0.96725;0.77589;0.50069;4.3493;3.4321;0.89053;1.4393;0.61556;1.2577;0.70781;0.85786;0.35789;0.344;3.3873
9;0.85645;-0.829;-1.2335;-0.55245;1.5901;-1.2182;-0.58041;0.0078336;0.97704;0.86771;1.5739;-0.14498;-2.6374;0.76851;-0.48939;-1.8476;0.70841;-0.42433;-1.9805;-1.981;1.7909;-0.60268;0.26761;-0.29842;-0.1891;-0.12967;-0.44785;-1.9264;0.90946;0.42989;0.43358;0.40204;-0.24268;0.8817;1.6339;-2.0839;-0.73833;1.5232;-1.7176;0.061212;-0.62686;0.37912;0.76253;-0.049544;-0.21795;0.18604;3.2689;-0.49422;0.2968;2.2477;0.28964;1.0747;0.069785;0.07028;0.4506;0.21615;3.1708;0.1527;0.25621;0.25058;1.2523;0.24179;0.88843;0.15216;1.7532;0.033198;0.47254;0.23012;1.5195;0.44378;1.4253;3.9024;6.1486;0.056463;0.2606;0.45179;0.10697;0.029293;0.10619;0.53398;0.50517;1.8406;0.85648;0.64557;1.6152;0.52765;1.8728;0.39758;0.11773;1.9066;0.4478;0.4137;1.2964;0.90006;1.4013;2.4516
10;-0.44054;-1.031;0.83716;-0.054052;-0.43088;-0.89417;0.99497;0.7136;1.2153;0.83185;-1.2933;1.5848;-0.96776;2.9672;-0.16246;0.52043;0.41486;-0.59033;1.1447;-0.87186;-0.73619;-1.1201;1.0654;-0.24851;1.5549;1.6389;-0.090237;-0.58544;-0.46853;1.4344;-1.2454;-0.70187;-0.13369;1.273;2.3795;1.2835;1.4723;-0.26907;-0.7145;0.50542;-0.52041;-0.55678;0.86913;0.67438;0.4237;-1.6914;-1.376;0.74271;0.74668;1.2487;0.29335;1.4514;1.3264;0.55405;0.21055;1.4701;1.9928;0.64688;0.27168;3.9545;0.49257;1.6329;0.32236;1.5793;0.61326;0.3488;1.5433;1.1009;0.053317;0.93539;0.16386;0.17473;0.99137;1.6106;0.78071;2.2683;0.60097;0.66112;0.33106;0.011606;1.2568;1.0914;4.2843;1.3634;2.6133;0.70939;0.46791;0.59563;0.42627;2.7715;0.23666;1.8507;0.16799;0.38536;0.26896;1.5352
11;-0.33321;0.13804;-0.94335;0.92113;-0.49411;0.18358;-0.26823;-0.086735;-0.25174;-0.085592;1.3462;1.1208;-2.3157;-0.48193;-2.2898;0.73226;0.95873;1.0347;0.78268;1.6984;0.36384;-0.55033;0.81429;-0.79757;0.27056;0.72202;0.85238;0.73021;0.66603;-0.16424;-0.52984;-1.2127;0.75372;-0.08407;-1.1965;-0.75464;-0.38508;-1.1735;-0.22363;0.45876;0.024526;-0.96456;-1.3978;1.6586;-0.29708;1.904;0.40335;0.16808;0.88106;0.223;1.1366;1.7825;1.0192;0.304;1.1367;0.056041;0.056175;0.077824;2.586;0.45871;0.66466;1.2864;0.75822;0.054884;1.7686;1.6601;0.23402;3.5443;0.84872;1.2289;1.8457;1.0987;0.81564;1.0216;0.11218;0.95867;0.21277;1.0208;1.4581;0.51768;1.6152;0.70477;0.92024;0.32678;0.18531;0.99051;4.6468;1.3011;0.24845;0.36511;0.1743;0.89063;1.1669;1.1197;0.80893;1.1835
12;-0.55991;-0.36513;0.44557;-0.038727;-0.68466;-0.35001;-1.7026;-0.70617;-0.08015;-0.0076849;-1.35;0.75061;0.5543;-0.37591;0.3886;1.1614;0.10876;0.99975;0.13536;-0.13387;0.28493;-0.33154;0.91835;-0.93111;1.517;0.14437;0.085422;2.7354;-2.1224;0.18162;1.8737;0.5051;-1.6606;-0.17457;-0.25777;-0.69047;0.35426;-1.0311;0.75431;-0.49163;0.70238;-0.23578;-0.17381;0.38144;-0.91256;-0.11379;0.35523;1.1249;0.04292;0.53209;0.59777;0.43191;0.16981;0.82685;1.2178;0.40259;0.4013;1.3039;0.92595;0.26548;0.041291;4.1057;0.34189;0.71546;0.60838;0.35463;0.16697;0.41036;0.19191;0.44073;1.3702;3.2357;1.7149;0.25564;0.26338;0.12098;0.082767;0.73548;1.6284;0.083024;2.2188;0.13858;0.30098;1.0672;0.98154;0.48047;1.6638;0.28127;0.013489;1.8386;1.5527;0.21586;0.93686;1.29;0.26585;3.9498
13;2.252;-0.78986;-1.8431;1.0029;0.55996;0.078725;0.38453;1.0256;-1.4947;2.5782;-0.020701;0.7945;-1.556;0.91706;0.98084;-0.37058;0.90064;-0.85717;-0.34678;-0.89177;0.064158;-0.14032;0.043135;-0.29531;-0.93968;-1.418;-0.40781;-0.28613;0.10689;-0.55248;0.037352;-0.74175;0.34665;0.20296;0.60001;0.7402;0.34546;-0.53985;-0.30091;-0.3026;0.36254;0.66391;2.3842;0.75985;0.81732;-0.31035;0.63279;1.1634;3.8125;1.1227;1.5942;0.14475;0.034135;1.1743;0.36328;0.15545;0.96837;1.8017;1.355;0.73813;2.5504;0.94357;0.041002;0.33311;5.6029;0.21172;1.0036;0.56653;0.065597;0.022144;1.6174;0.67366;0.066327;0.17076;1.4248;0.28766;1.3313;0.2812;0.6552;1.3493;0.38155;0.50769;3.0479;0.083694;0.72167;0.017288;0.91562;0.91774;3.3562;0.85628;0.092255;0.49798;0.54761;0.43412;1.3919;0.92996
14;-1.9777;0.072884;0.23466;-0.39691;-0.53611;-0.14434;2.0378;0.9705;-0.44541;-2.0958;-1.5472;-1.4364;-0.44942;0.72269;-0.94413;0.31841;0.17545;0.94615;0.83214;-1.2456;-0.17499;0.39143;-0.95472;0.96084;0.31524;1.017;0.023822;-0.17158;-0.71997;0.66694;-1.5825;-0.10173;-1.4412;-1.2261;1.2659;-1.4483;-1.0914;-0.46051;1.1884;0.4022;0.80289;0.17933;-1.9956;-1.128;1.3056;-0.88367;1.064;-0.47759;0.24866;1.4291;2.1613;0.46403;0.65802;0.1694;2.3934;0.1814;1.0111;0.32775;0.06823;0.69614;0.22908;2.5755;0.12247;0.13692;5.0717;0.7131;1.4894;0.22306;0.71662;0.16957;0.51106;2.0064;1.1003;1.8589;0.028882;1.7863;1.2042;0.36863;0.47438;0.065752;0.070042;0.036085;0.36752;1.2376;0.10778;5.4011;1.1612;0.23173;1.4498;0.47968;0.081442;1.4773;0.129;1.7437;0.31125;0.3519
15;-0.88277;1.5991;-0.38643;0.15199;1.0784;0.71718;0.29701;-0.11994;1.2995;0.56678;1.1723;-0.26975;0.10046;0.76369;0.60506;-1.6671;0.95486;-1.4331;-2.6046;1.9542;0.47823;-1.0508;-0.48376;-0.98376;-0.81471;-2.1327;-1.2476;1.234;0.39615;-0.14398;1.5598;-0.45462;-0.33905;-1.1636;0.15787;0.94857;-0.17383;-0.91934;-0.84384;-1.3588;-1.1911;0.86341;-0.63395;-0.64291;0.60845;-0.19082;0.29921;-0.32085;0.15841;0.22595;3.2247;0.1824;0.33314;0.030167;0.39322;0.034728;0.096389;0.49533;1.0543;3.9529;0.11344;0.14821;0.63392;2.1529;0.59885;1.5759;0.5774;0.49249;0.45566;0.42423;0.80784;0.10836;1.696;1.1139;0.63877;0.22779;0.17943;0.5701;0.10866;1.0079;0.38648;0.032125;0.984;0.44266;1.4877;1.4543;0.24647;0.02732;0.4594;1.7335;1.2837;0.63239;0.35062;1.5971;1.4264;0.24108
16;-1.7005;1.4655;1.3482;-1.0557;0.40999;-0.33493;1.2747;0.5946;-0.6544;-1.7314;-0.32931;-1.2127;1.4324;0.68685;-0.44565;-2.6772;-0.0082244;-1.9436;-0.52459;-0.4919;0.59356;-0.92093;0.73889;1.0918;-2.2465;-0.49337;0.4748;0.11484;-0.10294;-0.71968;-1.3382;0.11332;-0.99249;1.1755;1.2487;0.48372;-0.2923;-0.20115;0.47648;1.6497;0.26237;-0.25685;0.29002;-0.67545;0.67868;3.0388;-0.89754;-1.5652;0.79375;0.21047;1.068;1.752;1.1969;0.012052;0.72473;0.066835;0.36482;0.34603;0.97842;0.63932;3.2356;0.26872;0.40009;0.090321;0.44105;0.89163;0.15739;0.52165;0.75866;2.3072;1.1701;0.056384;1.5529;1.0553;1.4692;1.2141;0.38659;0.07025;0.53195;1.689;0.43264;2.3808;0.46024;1.028;2.41;2.2166;1.4589;1.1126;0.92662;2.41;0.3652;0.38262;2.1141;0.44272;2.0622;2.8774
17;-0.93762;-1.4011;0.42501;0.050133;0.51413;0.44057;1.1547;-0.86732;-0.12653;0.67548;0.20232;-1.3325;-1.892;0.39969;-0.17794;-1.2827;-0.31612;1.2236;0.2794;-0.2626;-1.4452;-0.41421;-1.7555;-2.9536;0.17324;0.30216;0.29809;0.49687;-0.69282;-1.0772;-0.97086;-0.29099;-1.5309;0.91632;-0.74196;0.075144;1.882;-1.1885;0.68701;1.4741;-1.8509;-0.97286;0.25785;-0.3831;-0.93364;0.56303;-0.74582;-0.50408;0.90824;0.29873;0.88863;0.11671;0.58409;0.52576;2.902;0.34763;0.13656;0.83542;1.4218;1.2212;1.231;0.77682;1.5302;1.4635;0.34366;0.090543;0.15706;0.57042;0.87135;0.052784;1.2062;0.17403;1.4361;0.42507;0.83161;0.29494;0.069872;0.42491;0.19489;1.5004;0.75978;1.6813;0.5645;0.136;0.30019;0.42225;0.62675;2.4545;0.089373;2.2311;0.68467;0.9934;1.835;0.29973;1.0928;0.24579
18;1.2878;-1.4952;0.63432;0.59954;0.58295;0.16514;1.0677;-1.1495;-0.88177;0.95434;-1.2467;0.07607;0.44971;0.63799;0.32418;-1.1373;0.28078;-0.31857;0.18935;-1.3525;0.3164;0.75876;-0.086927;-1.6039;-0.82162;0.97423;0.097337;-0.65802;0.48878;1.4439;-0.93753;-1.3602;-0.53774;-1.2756;-1.2306;0.14935;0.27583;-0.017515;0.58594;0.98019;0.64284;0.29754;0.35269;1.2145;-0.17975;1.7552;-0.30337;0.1148;0.72427;0.69969;1.107;0.14013;0.3732;1.0032;0.8171;0.75521;0.68246;1.1727;6.7969;0.50917;2.5034;1.1253;0.33779;2.3809;0.55168;0.59014;0.29484;0.35714;0.41822;2.6238;0.2542;0.45083;0.017349;1.4511;0.82407;2.126;0.34443;1.0324;1.7694;1.629;0.54112;0.5478;0.084084;0.32732;0.77763;1.9852;0.11058;1.2202;0.48194;0.059442;0.09845;0.26864;0.001626;3.9538;0.22941;0.448
19;-0.19867;1.152;-0.72189;0.27582;1.1229;0.68316;-0.92722;-0.48403;0.20882;0.52838;0.21816;-2.0778;-0.050176;-1.0514;0.18891;-0.41746;0.25521;-0.18356;-0.27353;-0.030377;-0.97072;-0.58036;-3.0668;-0.32567;-0.9168;-1.5969;-0.92592;-1.261;0.84109;0.7756;0.36129;0.25191;-1.7252;-1.1527;1.848;-1.1766;0.27759;-0.54102;-0.91822;1.0376;-2.0887;1.1844;2.703;0.44197;0.97504;-1.7954;0.45908;-0.38013;0.97024;0.44201;1.565;1.1908;0.13547;0.13919;0.91655;0.36845;0.39748;0.55369;0.83838;0.20009;0.52289;0.66619;6.791;1.2198;0.101;2.983;1.1446;0.35729;0.15061;0.93307;0.23351;0.70473;0.92663;0.10085;0.069535;0.50612;0.74078;0.93403;0.075768;2.1204;0.2879;0.72956;0.99324;0.16778;0.99235;3.3099;0.080509;0.98398;1.1118;0.41626;2.8726;0.3336;0.53834;1.0227;1.3216;0.10388
20;-0.37423;-1.4008;0.13407;-2.3796;-1.4441;0.90254;-2.0924;-0.38764;-1.8118;-2.5293;1.2777;0.50847;0.80821;1.2242;-0.39675;-0.4732;-0.77619;-0.31049;1.0415;0.22109;0.41834;-0.36272;0.67004;1.3686;-0.78965;-1.1221;0.80643;1.2199;0.69748;0.93238;0.61517;0.37988;0.50438;-0.44675;0.51412;-0.78611;0.18556;0.54129;2.0142;-0.3515;0.20335;2.3224;-0.42962;0.60699;0.83504;0.77421;2.3359;-0.93997;0.78956;0.92749;0.025681;1.0223;0.16846;1.4015;2.4952;2.0092;0.55691;0.4576;1.1816;0.73839;2.0695;1.3604;1.156;3.7946;1.1087;0.35347;1.7368;0.3556;4.2599;1.7348;2.7867;0.47259;0.83437;0.14124;0.29865;0.39124;1.2136;1.0608;0.16373;2.3824;0.19457;0.1152;0.83742;1.0475;1.4134;0.018509;0.42928;0.42549;1.9276;0.62853;0.45696;0.35157;0.86787;0.067238;0.031642;3.4984
21;0.38406;0.10684;-0.083345;1.2134;0.47269;-1.769;-0.40546;0.96821;0.77463;-0.8936;0.35081;1.3258;-0.19312;1.5098;-2.0263;0.58792;-1.3625;-0.38534;0.78311;1.13;0.27786;2.2255;1.4819;2.2866;-0.14952;1.5937;-0.58838;-1.604;0.92019;-1.6866;0.10333;-0.39126;-0.086666;0.49679;-0.11115;0.69254;0.17343;1.1769;-0.24648;-0.36432;0.82585;-0.83517;0.28147;2.1815;1.7729;0.323;0.43224;0.69409;1.2039;1.8612;1.1914;0.099223;0.5268;0.13305;0.094311;3.8786;1.2424;0.23993;0.13243;0.64641;0.20933;1.2126;0.74385;0.78512;0.63271;1.0308;1.1208;0.14178;0.79353;0.25577;0.26054;0.60443;0.31466;0.047352;0.83665;1.3422;1.3741;1.4254;1.0812;0.96778;0.80407;0.39349;1.5156;0.20068;0.96122;0.86856;3.9713;1.85;0.19594;1.3678;0.082417;0.0010768;0.77666;1.1944;0.020528;1.7769
22;1.1361;-0.24431;-0.78189;-1.9138;-0.60717;0.63746;0.68976;0.17972;-0.49122;0.6779;-0.10768;1.4871;1.5889;0.07381;0.18414;-0.50484;-0.71728;1.0311;0.072478;-0.6341;0.65748;-1.2171;-0.46576;2.2639;-0.84915;-0.27156;-2.5371;-0.2453;0.34806;-0.13114;-0.12026;-0.51008;-0.84629;0.72693;-1.4473;-1.087;0.25779;1.3248;-0.9193;-1.2135;-0.31939;-0.54363;-2.1385;-0.21823;-0.55344;-2.1335;-0.22441;1.4044;0.2831;0.14466;0.29581;2.4685;0.27358;3.2805;1.2322;1.8165;0.24659;0.47063;0.46276;0.010692;1.5985;0.2392;0.034325;0.63128;0.11256;0.56745;1.0374;0.85982;1.932;0.37234;0.066443;0.40115;0.14641;0.34962;2.7124;3.5329;0.63422;0.38372;2.4962;0.79954;1.472;0.12689;0.17217;0.75003;0.65982;0.44739;0.57328;0.44933;3.7285;0.15451;0.95294;0.53525;0.99608;0.88959;0.079744;2.088
23;1.3214;-0.69931;0.21429;-1.6456;0.78202;1.4544;2.7275;-0.042996;0.29236;-0.46147;0.65008;0.17785;0.56448;0.28172;-0.79395;-1.0359;-0.81989;-0.10254;0.53766;-0.066374;-1.0628;0.16515;0.033514;-0.98039;-0.26758;-0.31254;-0.32349;0.1097;0.067737;-1.2357;1.717;-0.52079;-0.057564;-0.26801;-0.62369;0.85713;0.44103;-0.073822;0.58301;-0.99223;0.56696;-0.058389;-0.44706;1.4477;-1.5569;0.043124;0.30045;1.5318;1.8142;2.4458;0.94742;0.55314;0.35595;0.3818;1.0282;4.0041;1.6941;0.58048;1.2513;0.18228;2.66;0.22389;0.13698;0.98832;1.3245;1.2282;0.80371;0.71475;2.768;0.33366;0.028887;0.18464;0.43131;1.301;0.18835;0.99744;4.9385;0.39508;0.1062;1.5312;1.1525;0.22378;1.7993;0.61755;0.53172;0.89712;0.73461;0.18803;0.028376;0.25782;1.0562;1.899;0.32217;1.2569;0.41108;0.33514
24;-1.6914;-0.94244;0.053784;-1.7007;-0.23533;-0.95335;-0.2267;1.3761;-0.55498;0.90278;0.016243;-0.20475;0.14177;0.18919;-0.66733;0.75788;-0.81682;-0.43401;-0.20226;2.4143;2.6722;0.1138;-0.26597;-0.053022;-1.4024;1.4078;0.65325;0.94767;-0.5842;0.57598;1.2582;-1.2681;0.060741;1.1809;-0.22333;-0.1126;-1.2944;0.24832;0.7105;0.51553;0.95397;-0.62325;-0.18397;-0.23299;0.41896;1.4915;0.067056;0.52139;0.35355;0.23647;0.67153;1.0665;3.1031;0.13374;0.028071;0.2294;0.38354;1.8476;0.24921;0.24794;0.037727;0.49931;0.23109;0.019778;1.4969;0.20239;0.21022;1.5252;0.28633;1.3785;0.5072;0.21581;1.0225;0.62964;0.061729;1.498;2.4785;1.3033;1.6072;0.38512;3.5514;0.2043;2.6535;0.033213;1.5502;0.92155;2.3599;0.034765;0.55836;0.70958;0.77187;0.20248;1.3059;0.2541;0.10705;1.1168
25;-0.82357;0.11094;0.81571;-0.18054;-1.298;-0.64723;-0.6943;0.65353;0.44152;1.2809;0.7861;-0.63922;-0.86764;-1.0397;0.71917;0.61725;-1.543;-0.6284;-1.1719;-2.2909;0.40171;-0.91515;0.96041;-2.0523;-0.093175;0.56993;-0.91352;-1.6067;0.31287;-0.29447;-1.3539;1.3439;0.72447;0.59617;1.1234;-1.2808;0.67487;0.62707;1.717;-0.73602;0.092688;-0.23779;-0.9215;-0.65921;-0.97482;0.0095719;0.16177;-0.73747;0.16086;2.0799;1.4519;0.49657;2.8711;0.2337;0.25977;0.095627;1.8742;1.9937;1.4275;0.38265;0.68182;0.29779;0.13226;0.039766;0.79153;0.43905;0.131;0.3455;0.16375;0.96757;3.1005;1.5705;0.85445;2.3524;1.1689;0.69275;0.31504;0.27439;0.10087;0.12879;2.1839;3.885;0.53962;1.6525;1.2962;1.0006;0.59823;1.7237;0.16774;1.0338;2.2812;0.21823;0.15572;1.1637;0.13536;3.1436
26;-0.58517;0.83291;-0.40388;0.25087;-0.28637;0.44962;-1.9197;-0.34508;0.81425;-0.74333;2.7637;1.1722;-0.12658;-1.2093;-0.045724;0.019912;-0.32056;-1.0266;-1.2014;-0.88769;-1.1486;0.64752;-0.17975;-1.036;0.84015;-0.93926;1.6153;-0.086852;0.65245;0.66447;-0.74546;0.55232;-1.6855;-0.3073;-0.13456;-0.3999;-1.2007;0.90209;-1.5493;-2.7107;-0.38372;-0.053206;-0.019189;-0.65814;0.24245;-0.73622;0.07594;0.87139;0.24544;0.19311;1.1658;0.22854;0.22125;2.2944;0.02351;0.017344;0.15201;1.2092;0.21311;0.15368;1.3368;0.40212;0.18156;1.1636;1.8902;2.6397;3.3526;1.1683;0.12798;0.76472;0.33914;0.38715;0.33334;1.665;1.3602;0.99875;0.75591;0.047987;3.0416;0.84289;0.22225;0.44789;0.2617;0.28709;0.18103;0.42134;0.97717;0.072861;0.028661;0.34384;0.81043;1.189;0.78144;3.476;0.36903;0.58404
27;0.36156;0.45016;-0.0099869;1.5334;0.1737;1.1753;-0.32541;0.6834;-0.30974;-0.47625;1.8213;0.063651;-2.3473;0.55119;-1.9939;-0.59044;0.2532;-0.07551;-0.18402;-0.56137;-0.20753;-0.29217;1.1794;-0.46964;-0.26582;-0.78827;0.67344;0.8914;-0.55961;-0.4116;-0.0479;-1.0906;0.16072;-0.89156;-0.0066452;2.0064;-0.79503;1.1043;0.67678;-2.4619;-0.22255;0.91178;-1.1515;-0.35073;-1.2244;0.71724;0.034759;0.94886;2.3966;0.25493;1.3793;1.8046;0.046912;0.14204;3.042;0.79603;0.038395;1.3192;2.1248;1.6617;0.21772;0.2986;1.2375;0.18043;0.14813;0.021573;1.9153;0.85901;1.464;0.53322;0.36051;0.19806;2.11;0.12763;0.29302;0.48347;0.69695;0.99587;0.1876;0.44952;0.24692;0.34328;0.15321;0.17176;0.21859;0.74054;1.1472;0.031818;0.20935;0.57358;0.60012;1.4734;1.0283;0.46733;2.1715;1.0733
28;-0.31475;1.0614;-0.90564;-0.033764;-0.31085;0.62701;0.49853;-0.23049;0.77321;1.7279;-0.15852;-0.26429;0.47179;-0.11972;-0.66597;1.5825;1.408;-0.90768;-1.0327;-0.55562;0.47013;-1.4971;1.3702;0.39485;-1.5779;0.093088;0.75303;-0.17807;-0.050225;-2.1381;-0.59682;0.82618;0.96854;0.39637;-0.38158;-0.10915;-0.62946;-0.29794;-2.1263;-2.335;0.11358;-0.64243;0.59329;-1.6166;-1.9008;2.0067;-0.28835;-0.093869;1.6759;0.14842;1.6716;2.2073;0.54497;1.5802;0.6673;1.4613;0.30466;1.7326;0.11863;0.95594;1.4513;1.3405;1.5717;1.8373;1.205;2.3638;4.119;0.058983;0.19357;0.28119;0.9287;1.9571;0.55531;0.76413;1.8855;2.1648;0.64179;1.1244;0.10796;1.6458;1.536;2.827;0.58623;1.705;0.54444;1.004;0.1539;2.38;0.96646;0.67563;1.7081;1.941;1.182;0.16768;1.6614;0.28323
29;-0.031416;0.00070277;-0.32606;-1.2162;-0.22712;0.047079;0.58928;0.042658;-0.27125;1.2303;0.91637;1.1223;-1.5647;0.41956;1.5495;-0.46467;0.25648;-0.5321;0.21017;1.7364;-1.6854;-0.2717;0.44897;0.94624;0.66958;-0.99487;-0.050247;-0.0077059;1.5585;1.3954;0.53243;-0.57327;-0.31717;-0.61865;-0.22307;1.1763;-0.26503;0.84157;0.44026;-0.72617;-1.0623;0.82639;-2.4878;0.40636;0.2819;1.7373;-0.88786;-0.21688;0.81852;2.5787;2.1339;0.08452;0.64472;0.52125;0.29912;0.98863;0.00098976;1.1247;0.3262;1.2258;0.4034;4.2982;1.3683;0.87733;0.23293;1.3414;1.5244;0.34479;0.27167;1.3479;0.23267;0.20859;0.11189;0.29781;0.7214;0.12919;0.83152;0.28525;2.3333;3.1677;1.0483;0.73004;0.1502;1.0328;1.4868;0.14959;0.13963;0.52573;1.0662;0.70911;3.0601;0.45713;0.68864;2.4344;2.1395;0.025763
30;-0.062349;-0.40293;0.79272;0.2092;1.0482;-1.2798;0.96886;1.7634;-0.6681;-1.6383;-0.5341;0.30224;-0.83586;-1.1373;-1.4569;-0.092797;0.4864;0.89217;0.94351;0.023552;-2.348;-0.493;0.86432;-0.69815;-0.3691;1.6105;0.48137;-0.99976;0.42956;-0.51568;0.87411;1.5746;0.78935;-0.73906;0.12094;-0.87153;-0.546;0.3455;-0.55985;0.35521;1.2935;-0.94201;0.80994;-0.45722;0.71356;-1.7647;-0.45682;-0.23535;1.6841;0.83622;1.0826;0.18155;1.4643;1.1454;0.89823;0.01768;0.91559;0.66797;0.88739;0.89183;1.8989;0.058659;0.14255;2.3843;0.55407;0.73674;5.1229;0.48708;4.0507;1.1687;0.7319;0.87773;1.7114;0.046281;1.8352;2.302;1.2766;1.0661;1.2357;1.8822;0.13296;0.051649;1.0067;0.11583;0.27732;0.37129;0.30749;3.8158;0.42074;3.028;3.1107;1.3757;0.04775;0.0025662;0.83057;1.1617
31;2.1471;1.1455;-1.548;1.4016;1.6646;-1.2747;0.24912;-0.37114;-0.13906;-0.65075;-0.31733;0.11006;-2.7419;-0.47047;-0.58039;1.7349;-1.3116;-0.39668;1.1742;0.65356;-0.25941;-1.1727;-1.8599;0.73325;0.53275;-0.7639;0.4505;0.41277;-0.38838;-1.3975;-0.74977;-0.09904;0.4499;0.38904;0.29423;-0.20317;-0.025678;-0.091525;0.58005;-0.64922;-2.402;0.57411;0.014803;-0.55485;0.5174;-0.66482;0.46054;2.1083;0.21899;0.2603;0.28932;0.53945;0.011972;0.27818;2.9117;0.054064;1.4456;1.6212;0.1302;0.025134;0.30712;0.19697;3.8277;1.0653;0.098449;0.019663;0.15844;0.24146;1.1304;1.1777;0.08696;0.50485;1.2086;0.033637;3.198;0.091702;0.13743;0.13451;0.81511;0.2778;0.11519;0.56458;0.85293;0.44305;0.83141;0.13466;2.6255;0.53413;0.24682;0.82964;1.9095;0.37742;0.69801;0.60915;0.70196;0.48051
32;-0.2257;0.77511;-1.6041;-0.66333;-2.5587;-1.2214;0.83216;-0.49539;-0.25359;-2.1363;0.57474;1.1057;0.23585;-0.49752;0.77066;0.98411;-0.64592;-3.0739;2.4356;0.43922;-0.11521;1.2167;-0.58158;-1.2288;-0.65668;0.57298;-1.1509;-0.67193;-1.2251;-0.77259;-0.25163;0.62713;-0.28022;-0.5287;1.1084;-0.84814;1.11;0.90685;0.55784;0.33989;0.43777;0.69051;2.9038;0.73479;1.0697;-1.881;-0.077414;-1.4903;0.84988;0.69535;0.46865;0.085552;0.4439;0.43301;0.072869;0.70551;0.41282;1.3243;2.4128;0.095803;2.0009;1.1761;2.641;3.9819;0.23453;3.9714;1.4024;0.1116;1.1279;1.4141;2.8131;1.0623;0.10844;1.2221;4.5472;0.91007;0.13213;0.32029;1.1467;0.12713;0.68918;2.6777;0.5481;1.8336;1.6765;1.384;0.31371;1.6177;0.24331;0.015282;0.042517;0.51637;0.093888;5.8178;0.67395;0.67502
33;-0.95137;3.1317;-1.5784;0.21353;-0.062567;-0.097315;-0.58821;-1.6849;1.8479;-2.367;0.0057847;0.010802;-1.443;1.1597;-0.032894;1.3904;-1.2035;-0.23217;1.0105;-0.51671;0.39504;-0.93191;0.22552;0.34163;0.43726;1.4846;1.0453;1.0509;-0.39692;-0.77169;0.01881;-1.3478;0.78702;-0.69451;0.76645;-0.30869;-0.37802;1.1725;0.79574;0.8091;-1.1599;1.8046;0.71351;-1.4156;0.039392;-0.9447;1.4296;1.5814;1.2205;0.46581;0.046824;0.82165;1.4544;2.3129;0.4731;0.97811;1.36;0.78455;2.4861;0.39611;0.43792;7.5377;2.556;1.3296;0.37513;0.065447;0.23582;0.81854;0.059459;2.4874;3.2898;0.031326;1.2944;1.0441;1.545;1.0432;1.4534;1.0824;0.7683;1.023;0.35086;0.95102;0.095324;0.44535;1.4594;0.0029333;0.078934;0.54947;1.2351;2.527;0.78742;0.38049;0.25479;0.43858;1.8132;0.22441
34;0.91769;-0.9197;1.8455;-0.57586;-1.4788;0.55597;0.80119;-0.092657;0.40174;0.51673;-0.48273;-0.29513;-1.1009;-0.81632;0.50628;-0.72402;-0.90764;2.3056;-0.6359;0.40937;-2.3984;-1.0405;0.94479;0.78576;-0.79226;0.56815;0.66061;0.099632;-1.4765;1.4789;0.15219;-0.74621;0.20847;0.19554;0.86501;-1.9351;-1.6252;-0.74281;-1.4812;0.44285;0.41841;0.17155;-1.8377;-1.2214;0.3789;-0.70719;-0.96557;0.12068;1.6642;0.48694;1.5515;1.1145;1.4144;1.678;0.33036;0.091107;0.58985;0.84495;0.41934;0.75654;1.5387;1.8502;0.92465;1.4033;0.24072;1.4272;0.29831;0.96984;0.5894;2.2301;0.83144;1.0509;0.09362;0.9697;1.4856;0.13219;2.5067;1.5064;0.37971;1.5183;0.89501;0.19014;0.48376;1.3772;0.091875;0.16867;1.3038;1.4507;0.83022;0.59923;2.3354;0.37433;2.3728;0.65728;0.47584;0.96023
35;1.5964;-0.52486;1.0852;0.93501;-0.45008;1.1797;-0.19726;0.096069;-0.81509;1.9816;1.0406;1.0738;-2.0375;-0.42305;1.4787;-1.2485;-0.53561;1.1538;-1.1711;0.17004;-1.1703;0.31692;-0.28224;-0.25087;1.36;-1.0211;-0.38561;1.2494;0.20444;0.31334;0.72589;1.6668;1.6566;0.096613;-0.38633;-1.1853;-1.009;-1.4853;-1.3329;1.3112;-2.2257;0.71921;-2.0879;-0.93453;-0.22449;-0.80918;-0.65501;1.1303;1.1429;0.48938;2.7426;0.14393;0.17252;0.99332;0.11059;0.7111;1.9199;1.1412;0.42852;0.37124;1.1684;3.2637;0.22684;0.18656;2.0746;0.61337;0.75869;1.0955;0.13032;1.3596;1.9977;1.2699;2.3917;1.4769;0.10975;0.59556;0.053413;0.68085;0.081993;0.13926;2.644;2.705;1.3979;0.089936;0.45738;1.8581;0.64736;0.14413;0.11045;0.31176;0.19807;0.41042;1.0295;3.6959;0.13852;2.6637
36;-1.3152;-0.020828;1.3913;1.5806;-0.69006;-0.7118;-1.7627;-1.0004;-1.399;-1.1811;-0.83214;0.89023;0.18896;-1.1261;0.0037342;0.48926;0.78303;-0.71867;-1.8114;0.89888;0.20695;0.53026;0.33401;-0.82934;-0.75001;0.28889;2.0846;0.54091;0.49334;0.82772;1.1078;0.67001;1.0042;-1.1997;-0.56905;-2.023;-1.1077;1.2385;0.50512;0.69127;0.055746;-0.10557;2.3324;0.49035;-2.3117;-0.3874;-0.03699;0.95688;0.26858;0.20657;0.16464;1.0004;0.5326;1.4494;0.25709;0.27189;1.1423;1.3458;0.033325;0.33736;0.071815;0.53471;0.93013;1.4372;0.058136;0.93509;1.8168;1.844;0.25888;0.6684;1.1843;3.3636;0.30298;0.4262;1.5035;0.20587;0.5186;0.56299;0.58368;3.9766;1.11;2.4588;0.39006;0.5242;0.47566;0.0539;0.80781;0.37901;0.037066;0.41483;0.8852;1.6429;0.15021;2.3906;0.20777;0.088878
37;-0.43889;-0.9836;-0.54939;-0.6163;0.70431;1.3912;-0.61326;-1.062;-0.0004471;-0.25983;-0.83476;-0.67119;-0.28189;-0.7165;-0.80996;-0.96984;-0.71503;0.055208;1.8665;0.99234;-0.22313;-0.68656;1.0748;0.88689;-0.64501;1.0332;0.47806;-0.26177;-0.27439;-0.29031;0.40742;1.6233;2.2099;-1.1523;2.3893;1.0938;-1.5814;1.1077;-0.026673;0.37627;-1.1058;-0.63968;-0.9799;-1.2878;0.761;-0.89176;0.57294;-0.012534;0.93342;1.4588;0.33306;0.25638;2.0868;1.1585;0.13223;0.30046;2.1867;0.30348;1.0429;1.4603;0.44545;0.63487;0.35184;0.040275;0.16004;1.914;2.5876;0.66193;0.0525;0.60593;1.6383;1.3746;0.62993;2.4476;1.0174;1.3961;0.040947;0.024035;2.7263;0.33854;0.73867;0.056337;0.69861;1.7628;1.2751;0.23801;1.327;2.0806;0.45781;0.45168;0.40999;0.084051;0.25286;1.1053;0.37997;1.8932
38;-0.64734;0.19469;-0.1609;-0.4851;-0.4729;-1.151;0.052111;0.2679;-0.82008;-0.94933;-1.4321;0.45036;0.61271;-0.70564;0.1007;0.7008;0.82228;-1.0524;0.24729;-0.12024;-0.42306;1.2887;-0.55196;0.15087;-0.071512;1.2617;-0.9775;-0.62343;1.2911;1.0205;1.0911;0.25544;0.17099;-0.80624;1.2173;0.65763;0.24279;1.6492;0.36799;-0.14159;0.66172;-0.70535;-0.013233;0.36368;1.636;1.0943;0.4292;0.6871;0.90599;1.9126;0.81826;0.87525;0.62176;0.59472;2.9062;0.76639;0.44173;0.29561;3.0973;0.19726;0.7113;1.041;0.41325;0.95295;0.022494;0.16856;0.081423;0.24247;0.37795;0.24241;3.8875;1.2922;0.14562;0.16441;0.76203;0.43026;0.32219;1.171;0.795;1.478;0.22696;0.025385;3.0756;2.8627;0.91436;0.19396;0.12528;0.36718;0.50996;0.10751;0.12753;0.19546;1.0771;0.0028383;1.0438;1.0728
39;1.2857;-0.76486;0.20763;0.45721;-1.0113;0.97174;-0.28271;0.23697;1.7194;1.8114;-2.2791;0.74828;0.72484;-0.93795;1.7266;-0.412;1.7602;0.34529;-0.40931;-0.41162;0.49427;-2.3744;-0.068572;-0.024173;1.0846;-0.94996;-1.7868;-0.74859;-0.20521;0.066123;-0.33995;-0.56824;1.432;-0.040966;-0.88047;-0.1755;-0.012103;0.11533;0.45189;1.8482;-1.0025;-1.2918;0.082029;-0.65983;0.72229;0.22555;1.0094;0.96784;1.268;0.44751;1.0842;0.64742;1.655;0.95866;1.6839;0.72394;1.3203;0.71554;0.21552;2.2503;0.66799;0.099848;1.7409;0.34401;3.5167;2.5342;1.6347;1.5858;0.26718;1.4854;0.26207;0.1289;2.1749;1.168;1.9773;0.10606;0.25521;1.1573;0.38336;2.3861;0.61728;0.79298;1.5576;0.41646;0.12923;2.3332;0.062251;5.4638;1.1769;0.71246;3.291;0.24011;0.32226;0.48149;0.94129;0.41911
40;-0.64148;0.40594;0.14668;0.82809;-1.5545;0.57791;0.96255;0.66974;-0.30275;-1.6675;0.57101;-1.2436;1.798;-0.55668;1.0145;0.66536;-1.5289;1.4101;0.83045;-1.2654;0.98304;-1.4284;-0.83141;-1.0344;0.53242;-0.36194;-0.67724;-0.61812;-1.3683;-0.61573;-1.5992;0.96659;-0.094619;-0.39198;1.9564;-0.78614;0.42514;0.66611;0.12174;0.66052;-0.42904;-0.72372;-0.18956;0.6989;-0.5749;0.51629;-0.34338;-0.25343;0.90481;0.6596;0.44269;1.3632;0.73388;2.0081;0.14466;1.8043;0.41131;0.82349;1.449;0.435;0.91938;1.0177;0.59954;1.3755;1.7282;0.19924;0.42039;1.069;0.51738;0.006239;2.6885;0.0255;1.372;0.12977;0.37843;0.60779;0.14079;0.09391;5.4855;0.59235;0.95814;0.10767;0.089223;1.1672;2.0511;0.61383;0.24853;1.0208;1.2729;0.91002;0.03443;0.1165;1.412;1.5548;0.3467;1.681
41;-0.085728;-0.34556;1.2859;-0.22125;-0.19038;0.1023;-0.14338;1.3807;0.51553;-0.68209;-0.53814;-1.5443;0.49298;1.281;-0.74429;0.52711;-1.4412;-0.4726;0.38977;-0.99092;-0.9004;-0.095113;1.4563;-0.47616;0.55319;-0.51325;0.43836;-0.12504;-0.90226;0.78756;1.3725;0.36761;0.43022;-0.531;-0.01858;2.7163;0.21333;1.5466;0.40854;-0.56876;0.38462;1.9745;-0.27715;-0.91943;-0.79196;0.046629;-1.5363;0.72605;0.15102;0.56527;0.10951;1.3532;0.87683;2.2919;1.2536;0.90497;0.59234;0.7459;0.75306;1.8884;1.5461;0.070912;1.3479;0.81832;0.063744;1.2154;2.2723;2.5739;1.9074;2.8082;0.30756;0.47126;0.15775;1.1333;0.27276;0.14647;0.70678;0.28343;0.82709;1.1241;3.2086;1.6812;0.70046;2.3709;0.35542;2.67;0.45262;1.9967;3.5741;0.11075;1.7149;4.0447;0.43222;2.2098;3.191;1.4444
42;0.50549;2.5043;0.38818;0.25926;-0.84395;0.33243;0.75023;0.64909;-0.6;-1.2451;0.74236;-0.82473;0.64284;0.59636;-0.93817;0.086178;-0.090741;-0.54258;-1.039;1.591;-0.69028;1.1373;1.1286;1.622;0.5931;-0.40528;2.003;-0.68637;2.2859;-0.28356;2.7611;0.087781;-0.56895;0.039879;0.11778;0.25687;-0.93764;2.0965;-2.1979;-0.14192;1.0121;-0.12026;-0.53182;-0.82246;0.23931;-0.62337;-0.60249;-0.17479;0.30878;0.30626;1.9804;0.44079;0.42632;1.6996;0.11349;1.3495;0.024573;0.85592;2.0209;0.76448;0.31639;0.74842;0.64767;0.063345;0.34012;3.4721;0.46843;0.12904;0.16761;6.0973;0.14154;0.91766;0.87783;0.064252;1.737;0.92593;0.70205;1.1807;0.65536;0.74362;0.35981;0.35424;0.45821;0.25356;0.16559;0.22027;0.09313;0.12488;0.041195;2.4616;0.47954;0.60809;0.85691;0.81795;0.46226;1.8842
43;-0.60743;-0.12693;0.63873;-0.68941;-0.83167;1.2493;2.0738;0.21006;-0.50589;1.1419;-2.1471;-2.0124;0.25626;-1.4541;-0.73344;1.5924;-0.36638;0.1434;-0.81757;0.11211;0.88981;0.33602;-0.47808;-0.51449;-0.53922;0.84679;-0.10064;-0.047962;1.0758;-0.13176;-1.2077;-1.7671;0.21084;1.678;0.48201;0.49682;0.3061;-0.077835;0.0626;-0.95233;0.77753;0.80768;0.10686;1.2974;-0.78761;0.87265;-1.2179;0.25013;1.6738;1.337;2.7587;0.47922;0.23218;0.42849;0.16779;0.28382;0.74952;1.8073;2.6257;1.5871;1.2053;0.0036266;0.1281;0.64125;1.307;0.0027958;0.042566;0.84358;0.36876;0.26579;0.16105;1.5463;1.3911;0.16989;0.24361;1.2132;0.1433;0.4432;0.46101;0.056851;1.7954;1.1397;0.032591;0.24292;1.7309;0.12989;2.1161;0.082882;2.1229;0.47339;0.68177;0.60273;1.7812;0.74946;0.55125;0.12414
44;-0.084877;-0.29006;-0.070746;-0.27796;0.10703;1.5202;-0.7191;0.26155;0.51805;-0.72098;-0.6959;0.73669;0.14039;0.12471;-1.647;1.5363;-1.1474;1.1582;-1.6908;-0.02539;-0.20123;2.8489;0.815;-0.91858;0.59124;1.8674;-0.6919;0.51537;-0.69947;0.45392;-0.65109;-0.022435;-0.25174;2.5133;-0.35123;0.33186;0.96394;1.5936;1.5837;1.3265;-0.14736;-0.93068;0.77151;-1.2385;-0.40076;-0.029847;0.61328;1.4971;0.19194;2.4546;1.2818;0.16289;0.86491;0.059815;0.023252;2.4025;0.23505;0.10942;0.3902;0.7617;0.18411;1.3296;1.1925;0.61516;1.5274;0.12031;0.45294;1.737;2.411;1.2442;0.32333;0.11658;1.7446;0.59399;1.0284;0.70411;0.16315;0.255;1.4134;0.38549;0.452;0.0119;0.21051;1.0775;0.11412;0.10604;1.0956;0.63561;0.088616;4.799;0.73208;0.49366;0.34742;0.44602;0.22771;0.72975
45;-0.94603;-0.060096;-1.9435;0.58785;-1.489;0.70851;0.40992;1.2543;-0.90454;-0.89751;0.34879;-0.52508;-0.016324;-0.94916;-1.1028;-0.23175;-1.6953;-1.0941;0.33848;-0.067759;0.87998;-0.18481;0.90864;-0.3802;-1.1114;0.89008;0.84913;-1.3285;-1.2237;-0.27105;-0.075695;0.27278;0.38615;1.1259;-0.76627;0.33772;1.486;-1.9422;2.5777;0.1607;1.7314;0.18856;-0.83151;-0.65442;-0.99902;-0.63565;-0.45415;-1.5831;0.47947;1.4274;0.1998;1.0101;0.11077;0.42452;1.1651;0.53095;0.4708;0.45297;0.11767;0.34992;0.11488;1.1663;0.50629;0.43248;0.33209;1.7153;2.2531;0.9729;0.20484;1.5566;2.4527;1.5423;0.29747;0.22858;1.7956;0.33186;0.72039;0.2672;0.71621;1.45;0.0079778;1.858;0.040071;0.28624;0.1728;1.5671;0.28362;0.29724;2.2378;0.94544;0.50585;1.661;1.2035;1.6835;0.11251;1.8467
46;0.60674;1.9334;-0.061858;-1.1238;1.8183;0.12409;1.1811;0.58538;-0.18284;-1.0649;-0.60937;0.16007;0.38756;0.39296;-0.98652;0.16755;-1.6193;0.88927;-0.51638;-2.0943;-0.96873;0.4567;-1.6274;1.0613;0.12298;-1.5793;1.1341;-0.25488;-1.1022;1.6835;-0.27886;-0.99836;0.73396;-0.73058;-0.34802;-1.5247;0.27377;-0.4099;0.78786;0.24269;-0.71623;-0.35617;0.059877;0.48051;0.17129;-0.2237;-1.0201;-1.2066;0.28848;1.7568;0.12422;0.45978;1.8129;0.086677;0.61243;1.3329;0.67604;1.4913;0.067491;0.57142;1.6647;0.34733;3.1063;0.44505;0.21241;0.96351;0.57564;1.3528;0.8357;0.53141;0.55492;1.0781;0.2968;1.3773;0.022168;2.2532;1.6932;0.59552;1.0953;0.12681;2.1088;0.23728;1.9286;1.4518;0.24105;1.6487;1.4529;2.5848;1.7632;0.34513;1.2381;0.40852;1.1483;2.1988;0.25683;0.33543
47;-0.027157;0.7383;-0.14437;-0.15131;-0.20465;-0.57822;-0.63215;1.292;-0.38122;0.042634;1.1474;0.014838;0.43747;0.92902;-1.6036;1.4301;0.046102;-1.0695;-0.74081;-0.90408;0.21994;0.28102;-0.6423;-0.21469;0.4819;-1.2829;-0.12956;0.98167;0.50273;1.4203;-1.0767;2.1147;0.21795;-1.7457;-1.3483;0.89117;-1.5996;0.43913;-1.4072;0.74384;0.29486;0.11148;-1.4231;0.51172;0.27418;0.24254;0.12702;0.71669;0.34034;1.3037;0.36741;0.54935;0.39368;0.29327;0.49893;1.8973;0.36958;0.70103;0.4283;0.5786;0.26232;0.025933;0.61755;0.52667;0.27252;1.6889;0.47351;2.1713;1.4415;0.61092;0.16344;0.4336;2.0378;0.52136;2.4811;0.11993;3.9846;0.56009;3.5705;0.61627;0.82178;0.40539;1.3221;0.40609;0.24142;2.5623;0.76311;0.29351;0.63442;2.2464;0.45842;1.4833;0.08804;0.45207;0.33858;1.3623
48;-0.31472;0.1344;0.35477;0.8708;0.18455;0.53201;-0.2571;0.57655;-1.2846;0.27931;0.15238;-1.1337;-0.064596;-0.20655;-0.20203;-0.17991;-1.3001;0.67888;0.87761;-0.7133;1.7306;-0.31821;-0.045265;0.83531;-0.12221;-1.1577;-1.3217;0.17705;0.6899;1.6861;2.0859;1.1542;-0.59127;0.65431;0.63271;-0.13607;0.17749;-0.44769;-0.42722;-0.08968;1.2607;-0.83107;0.88091;-1.1476;-0.84847;0.66151;0.19811;1.052;1.1286;0.24293;1.9441;0.86608;0.59609;0.04623;0.24565;1.1164;0.15335;0.31375;0.081219;1.2689;0.75037;0.040714;0.24285;0.27796;0.13066;0.056463;0.27159;0.36387;1.9554;0.0184;0.17188;1.9401;0.91335;0.48895;2.5406;0.7331;1.4086;1.2764;1.7392;2.2795;0.29031;0.4043;3.9929;0.50398;0.22963;2.2321;1.5723;0.89141;1.7803;0.1921;2.5908;0.21416;0.01996;0.73958;2.5982;0.40908
49;-0.46651;-0.40198;0.75561;-0.6011;-1.2349;-0.18845;0.42069;-0.051589;2.2881;1.0195;0.067211;-0.47108;1.8398;0.60721;0.25753;0.67254;-2.0758;-0.092488;-0.67334;1.0308;3.0562;-0.71542;2.1861;-1.2369;-0.38444;0.88654;-0.079962;-1.274;-0.077683;1.52;1.9345;-2.2746;0.71143;0.43582;2.1764;0.78228;0.8142;-1.178;-1.3736;-0.72503;0.23312;0.46723;2.8891;0.064686;0.94436;-1.1063;-0.14182;-0.30123;0.20678;0.96837;3.4251;1.5991;0.15784;0.051554;0.1162;1.0918;0.32263;0.33098;2.3554;0.23539;0.53104;1.0192;0.57848;0.44013;1.4399;3.1013;0.08574;0.21754;1.6883;0.42778;0.032225;0.39221;1.4368;1.5343;0.015253;0.19566;1.1633;2.1294;0.33233;0.41105;0.39379;0.34919;1.2939;1.6267;0.78004;0.24563;1.0696;0.085451;0.72334;0.087208;1.6355;0.039524;2.258;0.052038;2.6913;1.5228
50;-1.2113;-0.80864;-0.7328;-0.24155;-0.77819;-0.68256;-1.3612;0.44667;-0.17055;-0.36276;-1.6165;0.62633;0.42167;0.99221;0.1329;0.77238;-0.050162;0.36487;-0.18206;1.6535;-0.46107;-0.26025;1.498;0.51972;-0.4023;2.5002;-1.3504;0.26025;1.9113;1.2335;-0.2654;-0.53812;0.7382;-0.90971;-1.4199;-0.31473;0.40967;2.0581;-0.71276;1.4553;-0.3169;-2.4337;0.27515;-1.8953;0.021145;-0.98589;0.39323;-0.12738;3.2184;0.75883;0.88003;1.6977;1.6185;2.2241;0.77208;0.087188;0.8105;1.4026;3.4215;0.96077;0.21577;0.31684;1.7472;0.06143;0.15738;1.3924;1.3965;0.78068;0.15015;5.0557;0.56771;2.2227;0.36865;0.069577;2.3176;2.5308;0.15667;0.3736;1.0014;0.88612;0.016277;1.4838;2.097;1.5919;1.1966;1.9244;2.5525;0.61147;1.0539;0.048114;2.3825;0.186;0.71992;0.012023;0.24992;0.50176
normalized population
1;0.024078;-0.70963;0.10901;-0.42121;-0.26994;0.12764;0.88328;1.6085;-1.5092;-0.23273;-0.010411;0.52783;0.84041;-1.3615;-0.77139;-1.3954;-0.38395;0.57091;-0.054277;-0.7171;-1.2384;0.58487;-0.21165;-0.84881;-0.076913;0.4588;2.3541;-0.72745;-0.045918;0.079793;1.2009;-0.22607;2.3294;-0.99321;-1.7354;1.2647;1.2688;0.85415;1.3039;1.0293;0.61681;0.27943;-0.94631;1.2383;1.6903;-1.5914;-0.6552;-0.96561;-0.70973;0.19709;-0.60534;-1.0486;1.2117;0.065877;-0.41318;-0.29024;-0.45626;0.74822;2.0048;-0.68394;-1.065;0.52143;0.31064;-0.80361;0.84045;1.9249;-0.49963;-0.030243;1.3639;0.44959;0.02221;1.5606;0.060506;0.74407;-1.0012;0.62489;0.2229;0.59801;0.61356;-1.1424;0.52003;3.2522;-0.083397;-0.4809;3.2825;-0.47208;-0.11337;1.0928;-0.64167;-0.81117;-0.95561;-0.6675;2.1332;-0.70491;-0.22948;-0.43033
2;-0.041523;-1.8493;-0.71553;-1.5048;0.44668;1.1309;0.7679;1.1631;-1.6529;-0.75417;-0.038742;-0.16923;1.1121;-1.4406;0.41248;-0.14565;-0.52826;1.5576;1.294;-2.7164;-0.89786;0.093457;-0.80083;-0.024026;-1.214;-0.87641;-0.74369;1.9321;0.14462;-1.1556;-0.19403;-0.63881;-0.92665;1.8051;-1.5627;0.34753;-0.60336;-1.0165;0.53403;0.80414;1.0869;1.497;-0.42564;-0.18325;-1.1396;0.75314;-0.32844;-0.49776;0.29625;0.45928;-0.5905;0.54931;-0.54246;-0.32089;0.052272;0.17732;0.1095;0.40755;-0.13029;-0.62239;0.37565;0.59377;-0.29274;1.6474;-0.68367;0.076434;0.01172;0.89416;-0.12322;0.30028;0.81437;-0.7036;1.1925;-0.93956;0.041478;1.8752;1.5054;-1.1116;0.28587;-0.77443;-0.80402;-0.56173;0.71735;-0.35891;-0.55603;-0.7933;-0.72301;-0.87216;0.39882;-0.88608;-0.88758;4.7615;-0.21279;-0.3931;1.0281;-0.55228
3;0.78653;0.93537;-1.5035;0.18059;0.69507;2.4151;0.71516;-0.80574;-0.024412;0.48171;0.73433;1.1189;0.49017;-0.19001;0.2207;0.51276;0.92386;-0.30195;0.79019;-0.28846;-0.069699;0.44938;0.073725;0.38665;1.6622;1.2746;-0.064484;1.2627;-0.48318;0.87808;-0.94188;-0.7157;0.20029;-0.26823;0.27963;-0.85314;0.79608;-0.060336;-0.5924;1.1691;-0.096652;1.135;0.59737;-2.6745;-0.42541;0.86792;1.2227;-0.47173;-1.0562;0.96334;-0.66426;-0.96415;-0.064229;-0.56068;-0.86122;2.4742;-0.80564;-1.316;0.76412;-0.92262;0.72254;-0.57006;0.45032;-0.62477;1.6034;-0.97427;0.47846;-0.94778;3.025;-0.26859;0.98389;-0.36431;-0.088718;1.7377;-0.94273;-0.20952;2.3258;0.62679;-0.23347;-0.40156;-0.52539;0.15561;4.7151;0.98542;-0.64152;-0.49082;-0.6798;0.015613;-0.42769;1.1359;0.33201;-0.47928;-1.0335;-0.076731;-0.9568;-0.9901
4;-0.62064;-0.84301;-0.79632;1.2564;-0.7363;-0.023422;-0.67137;-0.82532;0.47001;0.82461;0.23426;-0.24413;-1.161;-2.3139;0.44169;-1.8703;0.21523;-1.2224;0.76481;0.21487;1.5881;-1.1628;-0.88831;0.073139;-0.051668;-0.3944;-0.41016;0.64819;2.3454;-0.0029767;0.14309;-0.63837;-0.1782;-0.81249;-0.51273;0.2631;-0.65115;-0.96345;-0.8597;-1.7449;0.01829;1.6043;0.19235;0.44603;-0.67203;0.8327;1.3317;-0.94909;-0.33107;-0.62188;-0.33479;-0.3935;4.3417;-0.9852;-0.61786;-0.3084;4.7103;1.6682;-0.8974;-0.77515;0.97916;0.37861;-0.38514;-0.544;1.9977;-0.48432;-0.64689;0.61238;-0.39496;0.20482;0.32787;0.73544;-0.69785;1.006;-0.92675;-0.40273;0.24399;1.7678;-0.65719;-1.0551;0.74969;1.2822;-0.55166;-1.2503;3.125;-0.92371;0.59279;-0.12975;-0.5385;-0.23077;-0.22955;0.35455;0.30883;-0.51487;-0.60336;-0.73272
5;0.26756;-0.48404;0.41537;-1.0687;0.30245;0.67207;0.39828;-0.047665;1.4852;0.91839;-1.8404;1.9123;0.64318;0.73532;1.1502;-0.60972;0.075992;1.4622;-2.0128;-0.41992;0.46656;1.9625;-1.4217;0.24813;0.99787;0.023824;0.42464;0.40404;-1.6609;1.0978;0.092048;1.1964;-0.22397;-1.7548;1.4939;-1.8254;-0.34274;-1.0997;-0.067152;-0.63999;0.41091;-0.22657;0.17958;-0.86638;0.82559;-0.33785;-0.16406;-0.77216;0.26428;-0.80665;-0.75332;-1.0463;0.23275;-0.60185;-0.83886;-0.82824;-0.81656;3.0664;-0.4024;1.9431;-0.015792;-0.68413;-0.63825;0.98195;-0.16711;-0.096674;2.3458;-0.77081;-0.80868;-1.0047;1.1974;-0.36477;-0.74873;-0.53346;0.36869;-1.1173;-0.33389;1.66;-0.71542;-0.45644;0.077728;-0.82692;-0.10519;-0.29498;0.49567;-0.22052;-0.73949;-0.91939;-0.91856;-0.73073;-0.20142;1.2218;0.022122;-0.23836;-0.76814;-0.059612
6;0.18982;0.029631;1.9722;0.71532;0.8897;0.54657;-1.2563;-0.26078;2.2136;-0.065221;0.3097;0.40726;-0.34333;1.759;-0.50217;0.31026;1.0987;-1.2346;0.51271;0.072185;0.70575;0.51556;-0.68372;-0.38697;-0.17522;0.39823;-0.69695;-0.43207;0.6296;1.3643;0.6045;-0.9758;-1.214;-0.73185;-1.4295;1.0254;-1.5136;0.82141;-1.129;0.98672;-0.84698;0.86525;0.42487;-0.52176;0.21895;0.7166;-1.2042;1.3992;-0.14953;-1.107;0.44823;-0.87149;1.97;-0.93741;0.61527;-0.88796;-0.84672;-1.4548;-0.58236;1.7853;-0.89997;-0.74479;4.5829;-0.85895;-0.11526;-0.805;-0.11994;-0.77702;1.0335;0.33015;-0.30572;-0.98415;2.9454;-0.51736;0.32932;0.64907;-0.19052;3.1498;-0.92056;1.1239;-0.94566;-0.37589;-0.53762;0.45581;-1.0434;-0.16242;-0.99043;-0.53445;3.1555;1.9714;-1.11;0.42997;0.6529;1.0508;0.037567;0.54116
7;2.1633;0.75396;2.029;-2.1769;-0.47343;-1.983;1.4437;0.8351;-0.59434;-0.0061812;1.6621;1.3257;0.18968;0.80001;-0.2181;-1.1017;0.742;2.3699;0.54344;-0.60573;0.16768;-0.13268;0.26969;-0.71984;-0.94326;-0.13568;-0.93168;-0.75753;-1.839;-1.5462;-0.26672;0.33448;-0.47672;-1.5689;0.70819;-1.7079;1.0538;-1.5537;-0.29997;-0.73874;-0.24581;-1.1223;0.29962;0.5656;-1.2424;-0.32417;1.3607;-1.1611;0.60016;-0.79967;-1.083;-0.49959;-0.82107;0.20805;-0.22259;-0.67901;-0.84235;0.2871;0.25419;-0.83244;-1.195;-0.68164;-0.68388;-0.85538;-0.82954;0.29369;-0.49371;-0.2093;-0.58683;2.5257;-0.0066045;-0.72017;-0.64167;-1.0872;0.58896;-0.99935;-0.49394;-1.2325;1.2492;-0.26163;-0.88224;-0.73832;-0.84548;1.2109;-0.80135;-0.38103;1.5085;0.071249;0.5496;-0.46185;0.15227;0.13639;0.3968;0.64995;0.8166;-0.181
8;0.4147;1.0995;-1.1919;-1.1651;-0.41743;1.048;0.81209;0.049799;0.06647;0.71323;-0.70202;-0.41611;0.13467;1.089;-0.56811;-0.41821;-0.62563;-0.85131;0.16767;0.47387;-1.0187;0.52759;-1.4553;-1.8629;0.58361;-2.1254;1.5783;-1.5217;1.7549;1.4922;-0.1866;-1.0433;-0.31451;0.41405;-0.043873;-0.67904;1.4227;-1.724;1.5214;-1.6126;1.084;-0.045045;0.63064;1.376;-0.60461;-0.63961;-0.29312;-0.22321;-0.77836;3.8478;-0.39451;1.0698;-0.70285;-0.75257;1.3504;-0.047198;-0.63701;1.0876;-0.10499;-0.387;1.103;0.25342;-0.72555;-0.75468;1.5687;-0.18854;-0.70299;0.34105;-0.204;1.4771;-0.54511;1.6726;-0.17112;-1.1152;0.061944;-0.57878;0.47531;-1.1623;0.050132;0.26695;2.0892;-0.88619;-0.13262;-0.098201;-0.50144;2.9168;2.2689;-0.077946;0.47738;-0.39156;0.26232;-0.17891;0.033679;-0.7175;-0.62247;2.2541
9;0.91741;-0.85799;-1.2366;-0.38759;1.9739;-1.5185;-0.73479;-0.27931;1.0637;0.7971;1.4697;-0.26153;-2.2105;0.69624;-0.2575;-1.7687;1.1157;-0.3536;-1.8919;-1.6347;1.6405;-0.51576;0.21502;-0.10579;-0.089309;-0.17169;-0.48103;-2.0115;0.82034;0.2038;0.29461;0.53698;-0.3166;1.0634;1.356;-1.7694;-0.82129;1.3485;-1.5969;0.062283;-0.6373;0.31546;0.59765;0.094623;-0.21263;0.18865;3.5476;-0.74072;-0.76678;1.5207;-0.91134;0.49186;-0.84915;-0.90967;-0.44257;-0.69685;2.6207;-1.2757;-0.74818;-0.65186;0.3596;-0.62511;-0.15619;-0.81667;0.50529;-1.0468;-0.57079;-0.86386;0.4906;-0.66335;0.33568;3.1356;4.6515;-1.0497;-0.872;-0.59772;-0.84367;-1.2223;-0.90613;-0.5492;-0.49625;0.87861;-0.21599;-0.29747;0.82494;-0.4605;0.77317;-0.55023;-0.83078;0.867;-0.63055;-0.47055;0.75013;-0.24479;0.72746;1.2984
10;-0.4288;-1.0556;0.90929;0.12932;-0.29064;-1.1625;0.76872;0.67587;1.3152;0.76669;-1.1975;1.5583;-0.71572;2.8921;0.10712;0.56055;0.78151;-0.50667;1.1303;-0.63953;-0.66609;-1.0551;0.98776;-0.0582;2.0636;1.4294;-0.12131;-0.58067;-0.53128;1.2176;-1.3427;-0.63396;-0.1933;1.4709;2.0474;1.3238;1.7813;-0.37907;-0.66428;0.47012;-0.52115;-0.70256;0.68487;0.8243;0.49568;-1.5004;-1.6457;0.65844;-0.1752;0.33931;-0.90683;1.1046;0.43443;-0.2846;-0.72388;0.64594;1.3301;-0.4766;-0.73581;3.5193;-0.58628;0.41767;-0.52102;0.74369;-0.38992;-0.73361;0.3954;0.41276;-0.8673;-0.2774;-0.94332;-0.86544;-0.098845;1.2915;-0.32299;1.6438;-0.35958;-0.13593;-0.69201;-1.1555;0.38276;0.1597;2.3639;0.80021;2.0127;-0.29989;-0.57453;-0.36049;-0.52538;1.7101;-0.86333;0.9544;-1.0934;-0.69355;-0.71828;0.36243
11;-0.31739;0.088132;-0.93589;1.1407;-0.36148;0.02141;-0.43685;-0.40729;-0.23349;-0.011678;1.2579;1.0702;-1.9224;-0.55257;-2.2655;0.76891;1.4007;0.99186;0.78022;1.6666;0.33798;-0.46119;0.74456;-0.58174;0.47814;0.59936;0.82688;0.82315;0.58157;-0.3958;-0.64486;-1.1758;0.81058;0.057733;-1.2688;-0.5484;-0.40541;-1.2509;-0.20787;0.42728;0.073466;-1.1461;-1.1698;1.8163;-0.29999;1.7342;0.34373;0.0084365;0.0014971;-0.87365;0.11728;1.6433;0.12065;-0.60768;0.36151;-0.8683;-0.79142;-1.3968;1.1159;-0.41747;-0.37202;0.15792;-0.24011;-0.92303;0.51737;0.56766;-0.78601;3.995;-0.13067;-0.046942;0.76188;0.12632;-0.26072;0.40417;-1.0287;0.027736;-0.74;0.48257;0.38115;-0.56812;0.8019;-0.21132;-0.168;-0.7849;-0.87677;-0.051452;3.4342;0.31541;-0.70139;-0.63569;-0.93208;0.0023712;0.53849;-0.053249;-0.028852;0.0031772
12;-0.5527;-0.40415;0.50348;0.14522;-0.575;-0.56474;-1.8058;-1.2456;-0.052349;0.054419;-1.2503;0.68071;0.64694;-0.44668;0.72169;1.1911;0.43304;0.95963;0.15423;0.022632;0.26595;-0.23313;0.84536;-0.70906;2.0168;0.076407;0.055389;2.9627;-2.1536;-0.046752;1.699;0.6463;-1.9206;-0.036508;-0.39823;-0.48946;0.465;-1.1136;0.70141;-0.44529;0.81312;-0.3534;-0.16842;0.52903;-0.97941;-0.081094;0.28993;1.0907;-1.1006;-0.50812;-0.53711;-0.55389;-0.74698;0.067876;0.45647;-0.4972;-0.41334;0.5859;-0.21233;-0.63508;-1.1481;2.2714;-0.50843;-0.20078;-0.39374;-0.72783;-0.84652;-0.59961;-0.73895;-0.66574;0.27974;2.4201;0.56763;-0.74968;-0.86907;-1.0059;-0.86739;-0.0080726;0.54328;-1.0726;1.5077;-0.75464;-0.63408;0.34729;0.070809;-0.50219;0.57264;-0.66166;-0.93397;0.80068;0.58759;-0.66674;0.16274;0.095174;-0.72225;2.8286
13;2.3659;-0.81969;-1.8683;1.2256;0.81957;-0.093777;0.18612;1.0981;-1.5457;2.2483;-0.01367;0.72689;-1.2423;0.84459;1.3822;-0.31587;1.3345;-0.75274;-0.31202;-0.6574;0.064434;-0.033804;-0.0024188;-0.10282;-1.0159;-1.338;-0.44076;-0.2613;0.033126;-0.78762;-0.09177;-0.67626;0.35008;0.35663;0.39721;0.82475;0.45464;-0.64007;-0.27973;-0.27174;0.44229;0.62524;1.9244;0.91044;0.9302;-0.25793;0.60026;1.1343;3.8562;0.19034;0.67303;-1.021;-0.88556;0.51683;-0.5449;-0.76185;0.20789;1.3908;0.13094;-0.1028;1.9758;-0.099043;-0.70235;-0.61883;3.5284;-0.86964;-0.091602;-0.37065;-0.85593;-0.99436;0.53046;-0.32992;-0.95092;-0.87755;0.35689;-0.80025;0.35615;-0.78917;-0.38337;0.39713;-0.64082;-0.40044;1.4333;-1.1566;-0.23846;-0.91152;-0.14506;-0.051878;2.3748;-0.15689;-1.0225;-0.38698;-0.47318;-0.65104;0.71553;-0.2558
14;-2.0243;0.024382;0.2849;-0.22627;-0.40855;-0.33882;1.764;1.0236;-0.43794;-1.7171;-1.4337;-1.6202;-0.25166;0.65048;-0.76465;0.36184;0.50896;0.91021;0.82804;-0.97483;-0.15385;0.52047;-0.96899;1.0949;0.53329;0.86638;-0.0065753;-0.13907;-0.77791;0.44302;-1.6714;0.0026227;-1.6724;-1.1315;1.0147;-1.1856;-1.237;-0.5636;1.105;0.37535;0.92279;0.098135;-1.659;-0.99239;1.4692;-0.77371;1.0824;-0.72191;-0.83009;0.55263;1.3618;-0.50164;-0.2483;-0.78161;1.8342;-0.73406;0.25467;-0.99266;-0.89858;-0.15009;-0.91434;1.1243;-0.64985;-0.83333;3.1113;-0.37209;0.34671;-0.87422;-0.25301;-0.87862;-0.5913;1.1006;0.0014836;1.6655;-1.1166;1.049;0.23156;-0.63885;-0.55554;-1.0926;-1.0051;-0.85299;-0.584;0.60771;-0.96904;3.8464;0.090511;-0.70913;0.48777;-0.52401;-1.0345;0.58408;-1.1571;0.49078;-0.66428;-0.84621
15;-0.8878;1.5176;-0.35874;0.34302;1.4005;0.60757;0.1026;-0.45224;1.4041;0.5418;1.0961;-0.39281;0.24064;0.69143;0.96309;-1.5911;1.3963;-1.2839;-2.4954;1.8962;0.44239;-0.98291;-0.5128;-0.75927;-0.86162;-1.9851;-1.2856;1.3607;0.31685;-0.37535;1.3929;-0.37169;-0.42562;-1.0664;-0.012794;1.0161;-0.15671;-1.0059;-0.78454;-1.2414;-1.253;0.84224;-0.54489;-0.50345;0.69962;-0.15039;0.22729;-0.54462;-0.94876;-0.87016;2.6533;-0.95978;-0.58014;-0.9615;-0.50982;-0.89112;-0.74737;-0.72167;-0.10964;3.5175;-1.0583;-0.69527;-0.32022;1.3708;-0.40123;0.48411;-0.47617;-0.47919;-0.49468;-0.6787;-0.2904;-0.93668;0.55017;0.54318;-0.47282;-0.87412;-0.77267;-0.29243;-0.90378;0.00082271;-0.63506;-0.85679;-0.12001;-0.60772;0.67323;0.35839;-0.78695;-0.90497;-0.49258;0.69821;0.29104;-0.2537;-0.795;0.36291;0.75955;-0.9594
16;-1.7365;1.3868;1.4389;-0.90959;0.65154;-0.54817;1.0357;0.51481;-0.65857;-1.408;-0.30075;-1.3849;1.4331;0.61468;-0.20872;-2.5847;0.29987;-1.7546;-0.48396;-0.29861;0.54765;-0.8475;0.67153;1.2198;-2.6291;-0.50096;0.44707;0.16654;-0.17269;-0.95635;-1.4331;0.23073;-1.1648;1.3694;0.99881;0.58914;-0.29619;-0.31361;0.44309;1.5207;0.333;-0.37632;0.21106;-0.53625;0.77715;2.7551;-1.1108;-1.9522;-0.11331;-0.88847;0.033925;1.5936;0.30219;-0.98491;-0.12132;-0.85674;-0.4533;-0.9631;-0.17035;-0.21408;2.8289;-0.60493;-0.47092;-0.88428;-0.52515;-0.19492;-0.85515;-0.43644;-0.21407;0.79953;0.076943;-0.99247;0.41838;0.45501;0.4037;0.34297;-0.56966;-1.1519;-0.50073;0.79135;-0.58107;1.397;-0.51421;0.28723;1.7708;1.0321;0.3761;0.13486;-0.030093;1.3577;-0.72162;-0.50138;2.086;-0.64354;1.5714;1.7332
17;-0.94474;-1.4177;0.48217;0.23738;0.76822;0.30371;0.92113;-1.4637;-0.10131;0.63402;0.19379;-1.511;-1.5432;0.3279;0.089852;-1.213;-0.050647;1.1661;0.29352;-0.092875;-1.3133;-0.3193;-1.7447;-2.6375;0.358;0.21925;0.26931;0.57418;-0.75128;-1.3172;-1.0749;-0.19813;-1.7739;1.0995;-0.84723;0.21383;2.2636;-1.2653;0.63883;1.3595;-1.973;-1.1551;0.18474;-0.24158;-1.0027;0.5278;-0.94114;-0.75189;0.037245;-0.78408;-0.18386;-1.0666;-0.32381;-0.32115;2.4302;-0.55605;-0.70336;-0.17174;0.1844;0.44116;0.33316;-0.22404;0.25743;0.61708;-0.60163;-0.9899;-0.85545;-0.36495;-0.10971;-0.97031;0.11351;-0.86619;0.31077;-0.49445;-0.26927;-0.79126;-0.88003;-0.54208;-0.82167;0.57247;-0.19849;0.72571;-0.43574;-1.0766;-0.74005;-0.55364;-0.42216;1.4205;-0.85886;1.1834;-0.3694;0.10428;1.63;-0.76821;0.33365;-0.95459
18;1.3651;-1.5098;0.69908;0.8072;0.84533;0.0011508;0.83817;-1.8457;-0.89859;0.8706;-1.1541;-0.028968;0.55331;0.56589;0.64984;-1.0701;0.62887;-0.25607;0.20644;-1.0708;0.29468;0.90337;-0.1284;-1.3505;-0.87015;0.82769;0.067374;-0.65811;0.40772;1.2272;-1.0424;-1.3323;-0.6504;-1.1831;-1.3004;0.28199;0.37267;-0.1366;0.54486;0.90601;0.74815;0.22672;0.26233;1.3687;-0.17046;1.6003;-0.44644;-0.051824;-0.20467;-0.30992;0.081317;-1.0285;-0.53923;0.2958;-0.013067;-0.11959;-0.10533;0.37359;4.4849;-0.36064;1.9173;0.037177;-0.51108;1.6201;-0.43828;-0.49412;-0.73113;-0.67763;-0.52936;1.0481;-0.85173;-0.56909;-0.99603;1.0512;-0.27723;1.4681;-0.61097;0.50252;0.67756;0.72169;-0.45421;-0.36195;-0.79732;-0.78408;-0.17186;0.82756;-0.91731;0.23792;-0.47027;-0.93367;-1.0157;-0.61439;-1.3652;2.4177;-0.76878;-0.74806
19;-0.17775;1.0801;-0.70639;0.47145;1.4503;0.57019;-1.0658;-0.94498;0.2527;0.50922;0.20853;-2.2951;0.10577;-1.1212;0.49898;-0.36198;0.59976;-0.13157;-0.24117;0.11549;-0.88016;-0.49249;-3.0148;-0.13177;-0.98766;-1.5;-0.96193;-1.3015;0.75328;0.55269;0.22411;0.37773;-1.9937;-1.0551;1.5545;-0.93602;0.37474;-0.64119;-0.85371;0.95874;-2.2324;1.1914;2.1853;0.59004;1.1043;-1.5939;0.40604;-0.61167;0.11877;-0.61465;0.63763;0.68072;-0.78205;-0.82064;0.10349;-0.53375;-0.41752;-0.6273;-0.28239;-0.70871;-0.54853;-0.30698;3.648;0.35063;-0.79219;1.8805;0.035581;-0.67742;-0.7772;-0.27923;-0.87271;-0.29657;-0.15848;-0.98287;-1.0737;-0.53068;-0.22256;0.33333;-0.9351;1.292;-0.75034;-0.18754;-0.11306;-1.028;0.08367;1.9983;-0.94616;0.011584;0.1532;-0.58583;2.0428;-0.54999;-0.48832;-0.13787;0.62571;-1.0995
20;-0.35997;-1.4174;0.18066;-2.2826;-1.426;0.81118;-2.1778;-0.81454;-1.8803;-2.0849;1.1941;0.42596;0.87426;1.1514;-0.15417;-0.41681;-0.57441;-0.24862;1.0305;0.34112;0.38772;-0.26562;0.60483;1.4837;-0.83069;-1.0702;0.78065;1.3457;0.61242;0.71092;0.47168;0.51347;0.52851;-0.31994;0.31757;-0.57731;0.26639;0.40201;1.8728;-0.31664;0.2686;2.4292;-0.37771;0.75636;0.94976;0.71778;2.5045;-1.2449;-0.11882;-0.040529;-1.2319;0.40662;-0.74836;0.81035;1.9536;1.2232;-0.24287;-0.78269;-0.0077933;-0.10251;1.3771;0.21344;0.016237;3.1658;-0.00082481;-0.72897;0.56993;-0.67989;3.0285;0.35018;1.7159;-0.54574;-0.24347;-0.92202;-0.83183;-0.67243;0.24079;0.55124;-0.85134;1.5962;-0.85948;-0.77707;-0.23033;0.31711;0.58473;-0.91044;-0.61159;-0.52349;0.96069;-0.3789;-0.62045;-0.53216;0.050029;-0.97092;-1.0213;2.3675
21;0.4271;0.057606;-0.04465;1.4439;0.72179;-2.1235;-0.56783;1.0205;0.85001;-0.69719;0.33192;1.2858;-0.022206;1.4366;-1.9716;0.62694;-1.2419;-0.31764;0.78062;1.1566;0.2595;2.4322;1.3913;2.359;-0.040447;1.3885;-0.62239;-1.6675;0.83087;-1.9322;-0.02743;-0.30449;-0.14011;0.66261;-0.26227;0.78096;0.25211;1.0147;-0.22912;-0.32841;0.94784;-1.0054;0.20406;2.3433;1.9851;0.31186;0.37603;0.60344;0.42605;1.0636;0.18386;-1.0951;-0.38232;-0.82857;-0.86011;3.2251;0.50813;-1.1347;-0.84721;-0.2061;-0.93893;0.10262;-0.24937;-0.12462;-0.37464;-0.056768;0.014186;-0.99337;-0.18178;-0.81095;-0.8453;-0.40423;-0.72217;-1.0635;-0.26395;0.501;0.39806;1.1782;0.022249;-0.045714;-0.1467;-0.51002;0.28011;-0.97772;0.046625;-0.15922;2.7861;0.8413;-0.75337;0.34178;-1.0334;-0.87971;-0.098978;0.01187;-1.0355;0.60925
22;1.2077;-0.28595;-0.76857;-1.7995;-0.48817;0.51999;0.47743;-0.046678;-0.4863;0.63607;-0.094586;1.4556;1.5732;0.0024486;0.49367;-0.44793;-0.50735;0.98858;0.093423;-0.4262;0.606;-1.1562;-0.49536;2.3374;-0.90414;-0.30015;-2.5826;-0.21773;0.26969;-0.36239;-0.24546;-0.43052;-0.99944;0.90227;-1.5013;-0.85368;0.35142;1.1572;-0.85471;-1.1081;-0.30181;-0.68826;-1.7759;-0.075396;-0.58298;-1.8981;-0.35815;1.407;-0.78479;-0.96629;-0.90385;2.7591;-0.64098;3.2383;0.47335;1.0169;-0.58282;-0.76162;-0.58292;-0.92201;0.79063;-0.62706;-0.70666;-0.29282;-0.78311;-0.51663;-0.061093;0.059348;0.87259;-0.71944;-1.0421;-0.62241;-0.87716;-0.60811;1.716;3.2041;-0.32699;-0.6129;1.3696;-0.24098;0.63439;-0.76585;-0.73102;-0.13773;-0.31206;-0.53143;-0.47345;-0.50065;2.7434;-0.84099;-0.073641;-0.35003;0.25948;-0.25392;-0.95987;0.92703
23;1.4;-0.7311;0.2638;-1.5213;1.0684;1.4174;2.4223;-0.3481;0.34089;-0.33057;0.61032;0.078111;0.65606;0.21009;-0.59716;-0.97031;-0.62416;-0.056854;0.54327;0.083189;-0.96422;0.28461;-0.011738;-0.75606;-0.1862;-0.33725;-0.35594;0.16106;-0.0052733;-1.4771;1.5461;-0.44189;-0.10719;-0.13382;-0.73756;0.93215;0.56715;-0.19088;0.54214;-0.9049;0.66536;-0.16044;-0.39198;1.6037;-1.6906;0.06007;0.22868;1.5511;1.2286;1.755;-0.11246;-0.35667;-0.55685;-0.50717;0.23428;3.3595;1.0029;-0.58398;0.047939;-0.72878;2.1123;-0.63854;-0.6405;0.097554;0.16861;0.1391;-0.27197;-0.15334;1.6468;-0.7498;-1.0802;-0.8548;-0.61472;0.82503;-0.94827;0.075579;3.8911;-0.59337;-0.90612;0.60819;0.26078;-0.67288;0.4936;-0.3403;-0.46451;-0.13398;-0.31869;-0.751;-0.91923;-0.74028;0.040214;1.0023;-0.84148;0.066382;-0.53683;-0.86333
24;-1.7272;-0.96897;0.097459;-1.5785;-0.071534;-1.2275;-0.39723;1.5725;-0.55361;0.82686;0.020697;-0.32441;0.27761;0.11768;-0.45594;0.79411;-0.62067;-0.36252;-0.17225;2.309;2.4449;0.23108;-0.30184;0.1282;-1.5871;1.2202;0.62657;1.0552;-0.64473;0.35123;1.0987;-1.2346;0.026643;1.375;-0.36629;0.04137;-1.4759;0.11963;0.66067;0.4794;1.0876;-0.77486;-0.17674;-0.090277;0.49045;1.3631;-0.032273;0.40809;-0.69215;-0.85771;-0.44753;0.47841;2.2493;-0.82768;-0.93774;-0.68266;-0.43279;1.465;-0.75378;-0.65483;-1.1526;-0.43207;-0.57984;-0.96141;0.30399;-0.8789;-0.80749;1.0348;-0.65151;0.070479;-0.59521;-0.82135;-0.070182;-0.18628;-1.0819;0.69327;1.4804;0.96818;0.52312;-0.72196;3.0662;-0.69158;1.1365;-1.2338;0.74751;-0.11239;1.2404;-0.89783;-0.39462;-0.2999;-0.27327;-0.68;0.76564;-0.80799;-0.925;-0.065015
25;-0.82636;0.061616;0.88706;-0.0018618;-1.2622;-0.89124;-0.84349;0.59457;0.49835;1.1477;0.73685;-0.78152;-0.62608;-1.1097;1.0904;0.65579;-1.4474;-0.54178;-1.11;-1.9128;0.37254;-0.84147;0.8861;-1.7781;0.029107;0.46167;-0.94945;-1.6704;0.23517;-0.52723;-1.4485;1.5361;0.77749;0.76611;0.88254;-1.0317;0.84245;0.4847;1.5966;-0.66967;0.14784;-0.35558;-0.78015;-0.51988;-1.0481;0.029885;0.073623;-1.0159;-0.94553;1.3223;0.50019;-0.44869;2.0123;-0.69852;-0.6662;-0.82591;1.2002;1.7012;0.18899;-0.50313;-0.35065;-0.58314;-0.64354;-0.93956;-0.24992;-0.64405;-0.87897;-0.6947;-0.76503;-0.25214;2.0341;0.63272;-0.22496;2.409;0.086786;-0.30038;-0.63977;-0.80089;-0.91119;-1.0195;1.467;2.8404;-0.45447;1.2422;0.44533;-0.042513;-0.44952;0.72025;-0.78128;0.016201;1.3907;-0.66438;-1.1134;-0.014945;-0.88885;2.0051
26;-0.57892;0.76797;-0.37682;0.44558;-0.12872;0.31365;-2.013;-0.75693;0.89184;-0.56971;2.5765;1.1242;0.037373;-1.279;0.23731;0.068228;-0.055703;-0.90894;-1.1384;-0.65373;-1.0425;0.78742;-0.21832;-0.80913;1.1813;-0.90463;1.5943;-0.048666;0.56825;0.44053;-0.85511;0.69639;-1.9488;-0.17472;-0.28398;-0.22254;-1.3656;0.74978;-1.4405;-2.4826;-0.37201;-0.1548;-0.04192;-0.51881;0.2956;-0.64106;-0.022341;0.804;-0.83431;-0.90899;0.15277;-0.88472;-0.69443;1.964;-0.94308;-0.90974;-0.68644;0.43264;-0.78266;-0.76098;0.4648;-0.50493;-0.61176;0.28925;0.61288;1.5398;2.0279;0.51165;-0.79816;-0.41139;-0.76561;-0.63745;-0.70497;1.3734;0.28866;0.077201;-0.20773;-1.1902;1.8889;-0.19066;-0.82711;-0.45783;-0.66365;-0.8456;-0.88186;-0.55445;-0.086014;-0.86134;-0.91895;-0.65643;-0.23075;0.29827;-0.091162;2.0011;-0.59051;-0.60911
27;0.40374;0.39349;0.031372;1.7758;0.38678;1.1109;-0.49143;0.635;-0.29472;-0.34311;1.6999;-0.042034;-1.9508;0.4792;-1.9354;-0.53212;0.59748;-0.031926;-0.15462;-0.36094;-0.18355;-0.19209;1.0982;-0.26905;-0.18402;-0.76793;0.64688;0.99514;-0.62062;-0.64544;-0.1749;-1.0463;0.13975;-0.78315;-0.16535;1.9879;-0.88805;0.94473;0.62933;-2.2542;-0.19613;0.89485;-0.96835;-0.20896;-1.3237;0.66653;-0.068385;0.89163;1.9944;-0.83588;0.41202;1.6792;-0.87251;-0.81696;2.5943;-0.075876;-0.8109;0.61053;0.74685;0.93727;-0.92848;-0.58253;0.068773;-0.78576;-0.75518;-1.0583;0.73102;0.058162;0.43916;-0.59313;-0.74394;-0.8404;0.93156;-0.94253;-0.83778;-0.55862;-0.26551;0.43965;-0.82861;-0.64722;-0.79826;-0.5582;-0.7453;-1.0219;-0.83717;-0.27236;0.077133;-0.90066;-0.74009;-0.43248;-0.46262;0.5802;0.31218;-0.62208;1.7109;-0.10937
28;-0.29823;0.99153;-0.89681;0.15037;-0.15615;0.50851;0.29492;-0.60185;0.8485;1.5269;-0.14187;-0.38706;0.57307;-0.19083;-0.45443;1.6053;1.9122;-0.79931;-0.97536;-0.35578;0.43499;-1.4481;1.2831;0.55526;-1.8038;0.029976;0.72694;-0.14599;-0.12098;-2.3878;-0.71018;0.98688;1.0536;0.55805;-0.51304;0.044543;-0.69312;-0.4069;-1.977;-2.1377;0.17064;-0.79573;0.45918;-1.4849;-2.0703;1.8266;-0.42965;-0.28787;1.0467;-0.96185;0.7671;2.3342;-0.36377;1.0413;-0.18861;0.6365;-0.51921;1.279;-0.85826;0.14249;0.60745;0.1985;0.28415;1.0258;0.07481;1.266;2.7195;-1.1148;-0.73742;-0.79099;-0.16786;1.0476;-0.5005;0.016335;0.84316;1.516;-0.31957;0.66059;-0.90444;0.74125;0.70926;1.8251;-0.41939;1.3225;-0.44937;-0.039537;-0.87576;1.3491;0.0093437;-0.33299;0.75888;1.0439;0.56322;-0.88334;1.0596;-0.91635
29;-0.0041465;-0.046238;-0.29618;-1.076;-0.062333;-0.12854;0.38153;-0.23217;-0.25409;1.1047;0.85804;1.0717;-1.2502;0.34774;2.0164;-0.40842;0.60121;-0.45297;0.22657;1.7007;-1.5325;-0.17075;0.39069;1.081;0.97072;-0.95497;-0.081082;0.035784;1.457;1.1782;0.391;-0.49755;-0.40087;-0.49896;-0.36605;1.2254;-0.26408;0.69145;0.40941;-0.66062;-1.1124;0.80198;-2.0617;0.55415;0.33915;1.5842;-1.1;-0.42702;-0.080733;1.9121;1.3286;-1.119;-0.26188;-0.32698;-0.62009;0.13037;-0.85188;0.29604;-0.69218;0.44639;-0.69731;2.4157;0.1531;-0.023801;-0.68858;0.25144;0.37831;-0.69575;-0.66509;0.046481;-0.87356;-0.8291;-0.90895;-0.68615;-0.38561;-0.99578;-0.13364;-0.78222;1.2145;2.5077;0.13895;-0.18707;-0.74756;0.29468;0.67211;-0.7946;-0.88945;-0.42746;0.10807;-0.30036;2.2495;-0.42749;-0.24277;1.093;1.6701;-1.1793
30;-0.036253;-0.44114;0.86323;0.40235;1.3667;-1.5861;0.7438;2.0967;-0.67302;-1.329;-0.49126;0.20899;-0.59763;-1.2071;-1.3366;-0.042635;0.86296;0.86042;0.93574;0.16387;-2.1373;-0.40143;0.79302;-0.48694;-0.31152;1.4037;0.45368;-1.0228;0.34962;-0.75047;0.72419;1.7808;0.85088;-0.62434;-0.047037;-0.65578;-0.59486;0.21329;-0.52049;0.33221;1.4581;-1.1216;0.63644;-0.31629;0.81565;-1.5663;-0.61801;-0.4479;1.0575;-0.14846;0.051688;-0.96116;0.5753;0.47941;0.082015;-0.90938;0.15007;-0.44251;-0.24319;0.070283;1.1647;-0.76239;-0.6369;1.6238;-0.4364;-0.34863;3.6253;-0.48713;2.8348;-0.094224;-0.36739;-0.11088;0.5644;-1.0651;0.79005;1.6853;0.30256;0.56046;0.16935;1.0155;-0.93153;-0.83806;-0.10289;-1.1075;-0.76728;-0.59867;-0.72842;2.7246;-0.53085;1.9601;2.3052;0.48339;-1.2898;-1.0273;-0.0012168;-0.019056
31;2.2571;1.0738;-1.5625;1.639;2.0573;-1.5805;0.056892;-0.79221;-0.11454;-0.49116;-0.28961;0.006789;-2.3041;-0.54111;-0.35899;1.7551;-1.1839;-0.32809;1.1588;0.72915;-0.23091;-1.11;-1.8458;0.87792;0.80181;-0.74588;0.42262;0.48444;-0.45267;-1.6405;-0.85932;0.0054756;0.46689;0.5504;0.11365;-0.041829;0.017703;-0.20794;0.53939;-0.58997;-2.5743;0.52756;-0.014109;-0.4147;0.59912;-0.57682;0.40768;2.2032;-0.8691;-0.82954;-0.91172;-0.37895;-0.9082;-0.64104;2.4416;-0.87042;0.73065;1.0989;-0.849;-0.90574;-0.81717;-0.65871;1.7381;0.1817;-0.79419;-1.0602;-0.8542;-0.84724;0.13022;-0.087155;-1.0213;-0.51111;0.10129;-1.0841;2.2286;-1.042;-0.81383;-1.0414;-0.23111;-0.84652;-0.95232;-0.34585;-0.21866;-0.60712;-0.10785;-0.80779;1.4952;-0.4194;-0.70301;-0.18286;0.98096;-0.50653;-0.22747;-0.49843;-0.16543;-0.71485
32;-0.2058;0.71142;-1.6206;-0.50259;-2.6748;-1.5219;0.61334;-0.96037;-0.23544;-1.7515;0.54024;1.0543;0.36184;-0.56814;1.1478;1.0166;-0.4261;-2.7969;2.3787;0.53683;-0.099289;1.3807;-0.60755;-0.99293;-0.66653;0.46443;-1.1882;-0.67296;-1.2734;-1.0098;-0.37357;0.77574;-0.35907;-0.40529;0.86864;-0.63429;1.3548;0.75437;0.51873;0.31814;0.52438;0.65417;2.3495;0.88518;1.2087;-1.6709;-0.1938;-1.8675;-0.039496;-0.31506;-0.69393;-1.1173;-0.467;-0.441;-0.88524;-0.17281;-0.40071;0.61889;0.97726;-0.82616;1.2916;0.07526;0.97334;3.3706;-0.68733;2.8614;0.26819;-1.0376;0.12785;0.098446;1.7427;0.087188;-0.91213;0.70619;3.6527;-0.032232;-0.81902;-0.72196;0.084628;-1.0214;-0.28105;1.6819;-0.44809;1.5191;0.89782;0.29632;-0.72246;0.61876;-0.70648;-0.97672;-1.0774;-0.36874;-1.2144;4.0429;-0.20119;-0.51619
33;-0.95901;3.017;-1.594;0.40685;0.12205;-0.28716;-0.74224;-2.5703;1.983;-1.9472;0.010968;-0.097636;-1.1412;1.0869;0.25162;1.4162;-1.0609;-0.17639;1.0005;-0.32087;0.36645;-0.85894;0.17425;0.50451;0.68393;1.2897;1.0209;1.1653;-0.46104;-1.0088;-0.10985;-1.3191;0.84825;-0.57795;0.55156;-0.13876;-0.3971;1.0105;0.73994;0.74893;-1.2189;1.866;0.55755;-1.2823;0.071445;-0.82862;1.4911;1.6072;0.44788;-0.58651;-1.2062;0.080133;0.56519;1.988;-0.4162;0.1191;0.63695;-0.25399;1.0359;-0.48797;-0.65432;4.8441;0.91855;0.47073;-0.57692;-1.0148;-0.78439;-0.0011763;-0.86162;0.94104;2.2261;-1.0194;0.18027;0.4381;0.48376;0.13208;0.47575;0.58848;-0.27568;0.018428;-0.6767;0.024981;-0.78886;-0.60361;0.63949;-0.92421;-0.94767;-0.40471;0.27521;1.4717;-0.25613;-0.50348;-0.95157;-0.64715;1.2533;-0.97643
34;0.98097;-0.94672;1.9542;-0.41188;-1.4648;0.43048;0.58378;-0.41531;0.45636;0.49933;-0.44348;-0.41951;-0.83491;-0.88652;0.85294;-0.66352;-0.72406;2.1638;-0.5916;0.51005;-2.1833;-0.97215;0.87097;0.92799;-0.83391;0.46006;0.63397;0.15031;-1.52;1.2624;0.020214;-0.681;0.19377;0.3489;0.64296;-1.6328;-1.8653;-0.8357;-1.3772;0.41267;0.50326;0.089677;-1.5298;-1.0866;0.44623;-0.61494;-1.1868;-0.04518;1.0313;-0.56152;0.62119;0.55659;0.52434;1.1676;-0.58348;-0.83075;-0.20678;-0.15632;-0.61766;-0.082069;0.71615;0.58057;-0.13285;0.55126;-0.68247;0.33654;-0.72801;0.22065;-0.37083;0.73906;-0.26647;0.07497;-0.92578;0.32601;0.42102;-0.99208;1.508;1.3174;-0.64569;0.59325;-0.04034;-0.70516;-0.49651;0.82127;-0.98797;-0.77774;0.22737;0.45873;-0.12552;-0.40747;1.4505;-0.5096;2.5086;-0.45647;-0.45414;-0.22488
35;1.6855;-0.56043;1.1664;1.1551;-0.31215;1.1157;-0.36912;-0.15989;-0.82819;1.7421;0.97356;1.0207;-1.6734;-0.49376;1.9374;-1.1794;-0.30053;1.1017;-1.1091;0.29531;-1.0623;0.44281;-0.3176;-0.060445;1.8231;-0.97876;-0.41842;1.3771;0.12881;0.086172;0.57964;1.8785;1.8319;0.24589;-0.51744;-0.94398;-1.1399;-1.5514;-1.2392;1.2099;-2.3819;0.68539;-1.7345;-0.79738;-0.21985;-0.7067;-0.83961;1.0969;0.34576;-0.55862;2.0678;-1.0224;-0.74421;0.28297;-0.84104;-0.16682;1.2503;0.32274;-0.61032;-0.51598;0.25516;1.6402;-0.58258;-0.77905;0.75766;-0.47106;-0.3126;0.40494;-0.79599;0.055626;0.91602;0.31002;1.191;1.09;-1.0312;-0.42031;-0.89616;-0.102;-0.92917;-1.0073;2.005;1.7081;0.19147;-1.1471;-0.55298;0.71531;-0.40239;-0.79306;-0.83799;-0.68771;-0.90587;-0.4738;0.31401;2.1929;-0.88483;1.515
36;-1.3367;-0.067302;1.4836;1.8247;-0.58105;-0.96217;-1.8632;-1.6438;-1.4446;-0.94113;-0.76851;0.82761;0.31987;-1.1959;0.29247;0.52989;1.2007;-0.62502;-1.7283;0.94926;0.19477;0.66519;0.27933;-0.61202;-0.78175;0.20724;2.0663;0.62117;0.41219;0.60529;0.95205;0.82122;1.0939;-1.104;-0.68689;-1.7135;-1.2561;1.074;0.46971;0.64075;0.10753;-0.21176;1.8821;0.63881;-2.5239;-0.32724;-0.14861;0.9007;-0.80389;-0.89307;-1.0632;0.37092;-0.3764;0.87233;-0.66934;-0.63715;0.39839;0.65351;-0.92651;-0.55413;-1.1101;-0.40553;-0.12932;0.58834;-0.82585;-0.15179;0.64214;1.5022;-0.67692;-0.48701;0.091249;2.5573;-0.73293;-0.49275;0.43994;-0.90116;-0.44029;-0.30465;-0.45147;3.4465;0.21114;1.4718;-0.56704;-0.48305;-0.53123;-0.87917;-0.24847;-0.56802;-0.91063;-0.58723;-0.14832;0.74828;-1.1224;1.0548;-0.79641;-1.1149
37;-0.42709;-1.0092;-0.52762;-0.45381;0.98131;1.3479;-0.76614;-1.7271;0.031789;-0.15951;-0.77094;-0.81516;-0.10167;-0.78682;-0.61502;-0.90531;-0.50478;0.088617;1.8283;1.0331;-0.19779;-0.60319;0.99688;1.0244;-0.65213;0.88104;0.45034;-0.2353;-0.34086;-0.52303;0.2691;1.8324;2.4579;-1.0546;2.0565;1.1495;-1.8138;0.948;-0.024745;0.35155;-1.1599;-0.79273;-0.82794;-1.1534;0.86802;-0.78099;0.53335;-0.19586;0.070348;0.58784;-0.85861;-0.83943;1.2112;0.4964;-0.81568;-0.60656;1.5426;-1.0319;-0.11878;0.71044;-0.64494;-0.33045;-0.50202;-0.939;-0.74583;0.81963;1.3376;-0.23079;-0.86806;-0.53605;0.5516;0.4224;-0.43178;2.5525;-0.073139;0.56747;-0.90838;-1.2314;1.5887;-0.77603;-0.22318;-0.83356;-0.33481;1.4108;0.42022;-0.71646;0.24961;1.0622;-0.49416;-0.55131;-0.67224;-0.79743;-0.95472;-0.065817;-0.57655;0.72806
38;-0.64345;0.14355;-0.12502;-0.31774;-0.33772;-1.4447;-0.13113;0.072668;-0.83346;-0.74448;-1.3266;0.36482;0.69923;-0.77598;0.4006;0.73797;1.2453;-0.93274;0.26247;0.034855;-0.38028;1.4558;-0.57885;0.32262;0.05585;1.0879;-1.0138;-0.62121;1.1946;0.7998;0.93582;0.38148;0.15136;-0.6943;0.96967;0.7489;0.33377;1.4699;0.34221;-0.12391;0.76875;-0.86416;-0.037047;0.51113;1.834;1.0057;0.37264;0.59553;0.034284;1.1244;-0.26932;0.16732;-0.28534;-0.23205;2.4352;-0.10762;-0.36905;-1.0446;1.5249;-0.7119;-0.31395;-0.026018;-0.46244;0.058877;-0.85384;-0.91248;-0.9237;-0.84576;-0.56666;-0.82144;2.832;0.33404;-0.87788;-0.88713;-0.34272;-0.62428;-0.63277;0.74085;-0.25025;0.54651;-0.8216;-0.86326;1.4542;3.0926;-0.0091442;-0.75539;-0.90321;-0.57936;-0.44253;-0.88681;-0.98364;-0.68696;0.39183;-1.0271;0.27109;-0.10988
39;1.3629;-0.79523;0.25689;0.65959;-0.94095;0.8872;-0.45068;0.030804;1.8474;1.5978;-2.1145;0.67826;0.79963;-1.008;2.2139;-0.35661;2.3131;0.35612;-0.37249;-0.22658;0.45703;-2.3625;-0.11062;0.15571;1.4831;-0.91432;-1.8279;-0.75475;-0.273;-0.16332;-0.45969;-0.49221;1.5779;0.10262;-0.97568;-0.016413;0.033685;-0.0085532;0.42022;1.7029;-1.0472;-1.502;0.040893;-0.52051;0.8253;0.22419;1.0214;0.91309;0.51028;-0.60814;0.053619;-0.20329;0.77007;0.2382;1.0028;-0.15308;0.59337;-0.36558;-0.78073;1.6001;-0.36787;-0.73152;0.39323;-0.60691;1.8901;1.4351;0.47786;1.1237;-0.66924;0.15442;-0.84375;-0.91464;0.99128;0.6248;0.94009;-1.0243;-0.69841;0.71729;-0.64221;1.6004;-0.36514;-0.12668;0.31172;-0.64778;-0.94351;1.1351;-0.96367;4.3036;0.21763;-0.29709;2.504;-0.64269;-0.84134;-0.60973;0.14014;-0.77757
40;-0.63736;0.35023;0.19373;1.0442;-1.5496;0.45458;0.73777;0.61651;-0.28734;-1.3538;0.53677;-1.4173;1.7604;-0.62721;1.4197;0.7031;-1.4313;1.338;0.82641;-0.99261;0.90315;-1.3765;-0.84955;-0.80757;0.8014;-0.38197;-0.71178;-0.61554;-1.4138;-0.85144;-1.6876;1.1358;-0.14911;-0.26291;1.655;-0.57734;0.54845;0.52233;0.11325;0.61252;-0.42145;-0.88415;-0.18131;0.84901;-0.60667;0.48575;-0.49118;-0.46835;0.032736;-0.35734;-0.72546;0.96117;-0.1708;1.5941;-0.8011;1.0038;-0.40238;-0.19103;0.20613;-0.44418;-0.054875;-0.043446;-0.34238;0.52084;0.48561;-0.88203;-0.61785;0.36602;-0.43753;-1.0068;1.6164;-1.0256;0.25173;-0.93931;-0.74763;-0.40523;-0.81053;-1.1112;4.2159;-0.48145;0.03349;-0.7843;-0.79345;0.50019;1.3436;-0.38434;-0.78498;0.046884;0.31266;-0.10451;-1.0863;-0.76525;0.93896;0.32611;-0.61902;0.51132
41;-0.06052;-0.385;1.3743;-0.044084;-0.021163;-0.067877;-0.31771;1.5787;0.57648;-0.51775;-0.49501;-1.7337;0.59204;1.208;-0.54177;0.56712;-1.3314;-0.39811;0.40025;-0.74636;-0.81598;0.013317;1.3665;-0.27527;0.82704;-0.51895;0.41041;-0.08941;-0.95671;0.56476;1.2102;0.50046;0.44462;-0.40768;-0.17642;2.64;0.29908;1.371;0.37991;-0.51611;0.46639;2.0509;-0.25297;-0.78216;-0.84628;0.063224;-1.8249;0.63959;-0.95847;-0.46888;-1.1301;0.94491;-0.024786;1.9608;0.49852;0.040786;-0.20405;-0.31649;-0.35066;1.1926;0.72547;-0.75321;0.13993;-0.088324;-0.82145;0.12633;1.0531;2.5723;0.84976;1.1928;-0.79763;-0.54716;-0.86671;0.57247;-0.85917;-0.97446;-0.25588;-0.78534;-0.2197;0.13571;2.6653;0.72562;-0.33342;2.3406;-0.67432;1.4328;-0.5892;0.98186;2.5905;-0.88365;0.76638;3.1299;-0.6617;0.89716;3.0125;0.26963
42;0.55314;2.4032;0.444;0.45428;-0.75347;0.18492;0.53515;0.58856;-0.60114;-0.99537;0.69616;-0.97669;0.72621;0.52432;-0.758;0.13341;0.20593;-0.46264;-0.9814;1.5702;-0.62419;1.2979;1.049;1.7254;0.8763;-0.42121;1.9843;-0.68837;2.1704;-0.51622;2.5642;0.20364;-0.68569;0.18681;-0.049974;0.38077;-1.0559;1.901;-2.0436;-0.12421;1.1511;-0.22774;-0.46133;-0.68442;0.29213;-0.53954;-0.78088;-0.3794;-0.75102;-0.77518;1.142;-0.53943;-0.48496;1.1955;-0.83763;0.51685;-0.82604;-0.13858;0.6637;-0.073129;-0.80564;-0.24533;-0.31136;-0.91377;-0.60441;2.3659;-0.5745;-1.012;-0.76146;3.775;-0.96596;-0.068019;-0.20343;-1.038;0.68647;-0.012655;-0.26052;0.75741;-0.38321;-0.30588;-0.66624;-0.54769;-0.51574;-0.89687;-0.90024;-0.73214;-0.93405;-0.8115;-0.90655;1.408;-0.59556;-0.27779;0.032132;-0.31638;-0.47147;0.71888
43;-0.60202;-0.17111;0.70365;-0.52964;-0.73972;1.1921;1.7983;-0.005613;-0.50179;1.0298;-1.9917;-2.2262;0.38012;-1.5234;-0.52967;1.615;-0.10787;0.16995;-0.76729;0.24333;0.81806;0.46272;-0.50729;-0.31181;-0.52153;0.71232;-0.13178;-0.0071698;0.98352;-0.36302;-1.3059;-1.7639;0.19645;1.8926;0.28779;0.60117;0.4083;-0.19474;0.058261;-0.86826;0.89512;0.78162;0.06121;1.4522;-0.84148;0.80635;-1.4689;0.10126;1.0439;0.44376;2.0874;-0.47693;-0.68327;-0.44684;-0.77399;-0.62439;-0.031863;1.3999;1.1476;0.85323;0.30117;-0.80365;-0.64622;-0.28192;0.15486;-1.077;-0.95876;0.035537;-0.57517;-0.80309;-0.94617;0.60671;0.26931;-0.87886;-0.88994;0.3418;-0.80808;-0.51062;-0.56827;-1.103;1.0127;0.20607;-0.83608;-0.91313;0.96259;-0.81201;1.0065;-0.85173;1.154;-0.53014;-0.37261;-0.28311;1.5421;-0.37609;-0.35785;-1.0788
44;-0.059636;-0.33071;-0.031594;-0.1029;0.31207;1.4896;-0.86716;0.064071;0.57915;-0.55075;-0.64177;0.66607;0.27638;0.053277;-1.5485;1.5598;-0.99701;1.1058;-1.6117;0.11996;-0.17781;3.0821;0.74525;-0.69712;0.87401;1.6363;-0.72653;0.59392;-0.7578;0.22805;-0.76309;0.086732;-0.32685;2.7625;-0.4849;0.44965;1.1828;1.4163;1.4725;1.2239;-0.11409;-1.1093;0.605;-1.1038;-0.41443;-0.0055777;0.57845;1.5118;-0.90466;1.7654;0.29362;-0.99152;-0.036964;-0.9232;-0.94338;1.6444;-0.59547;-1.3457;-0.64098;-0.076265;-0.97034;0.19036;0.039755;-0.31044;0.32794;-0.96036;-0.58848;1.3454;1.3162;-0.034946;-0.78163;-0.92786;0.59492;-0.23998;-0.061593;-0.28637;-0.78862;-0.83422;0.33857;-0.72153;-0.55843;-0.8762;-0.70217;0.36303;-0.9615;-0.83308;0.027624;-0.32218;-0.85961;3.6865;-0.31714;-0.39126;-0.80023;-0.64067;-0.77094;-0.46029
45;-0.95347;-0.10572;-1.9724;0.79508;-1.4763;0.59804;0.21036;1.4077;-0.92262;-0.70051;0.33005;-0.66144;0.13608;-1.0192;-0.94159;-0.17931;-1.6207;-0.97121;0.35066;0.081947;0.80909;-0.080183;0.83595;-0.18376;-1.2278;0.75151;0.82361;-1.3735;-1.272;-0.5036;-0.20201;0.39987;0.39477;1.3177;-0.86978;0.45503;1.7973;-1.9918;2.3968;0.15362;1.9359;0.10818;-0.70653;-0.51505;-1.0749;-0.55058;-0.61503;-1.9724;-0.52658;0.55065;-1.0204;0.38671;-0.80728;-0.45197;0.39473;-0.35974;-0.3372;-0.79017;-0.85903;-0.53999;-1.0565;0.06795;-0.40248;-0.51018;-0.61071;0.62247;1.0359;0.22513;-0.72698;0.21031;1.3773;0.60248;-0.73801;-0.79046;0.74826;-0.7457;-0.24255;-0.81325;-0.32528;0.51395;-1.0777;0.89531;-0.83045;-0.84689;-0.89166;0.45814;-0.75132;-0.64637;1.2678;-0.069982;-0.56655;0.76626;0.59842;0.43826;-0.91804;0.68054
46;0.65823;1.8446;-0.022383;-0.98019;2.2295;-0.043945;0.94632;0.50234;-0.16076;-0.84253;-0.56128;0.059405;0.49766;0.32118;-0.81193;0.21345;-1.5342;0.85775;-0.47602;-1.7363;-0.87835;0.58851;-1.6206;1.1907;0.29595;-1.4841;1.1103;-0.22795;-1.1528;1.4689;-0.40012;-0.94846;0.78823;-0.61552;-0.48192;-1.2558;0.37024;-0.51482;0.73261;0.2289;-0.73483;-0.48434;0.022769;0.62889;0.21705;-0.17997;-1.2478;-1.5466;-0.77772;0.94016;-1.1122;-0.50855;0.93139;-0.88849;-0.25291;0.49899;-0.11236;0.8888;-0.89917;-0.29055;0.87309;-0.546;1.2732;-0.49644;-0.7047;-0.1236;-0.47777;0.78216;-0.14272;-0.59456;-0.54683;0.10417;-0.73862;0.94012;-1.1237;1.6251;0.7108;-0.24872;0.035693;-1.0218;1.3792;-0.65993;0.59092;0.93531;-0.81044;0.53023;0.37036;1.5452;0.79803;-0.65517;0.24071;-0.47569;0.5082;0.8876;-0.73377;-0.86303
47;0.00027338;0.6754;-0.10789;0.028447;-0.037155;-0.81544;-0.78418;1.4586;-0.37018;0.09711;1.0729;-0.09339;0.54235;0.85654;-1.5001;1.4554;0.36171;-0.94857;-0.69306;-0.66844;0.20663;0.40539;-0.66636;-0.025954;0.73904;-1.2157;-0.16087;1.0915;0.4214;1.2033;-1.1782;2.3537;0.20449;-1.6726;-1.4095;0.96342;-1.8353;0.30354;-1.3083;0.68901;0.36845;0.024336;-1.1905;0.66035;0.33063;0.23947;0.034772;0.629;-0.70953;0.40436;-0.81689;-0.36284;-0.51831;-0.62155;-0.38593;1.1034;-0.44809;-0.38905;-0.61049;-0.28245;-0.87296;-0.78693;-0.33077;-0.4072;-0.6575;0.59623;-0.56992;1.9821;0.41835;-0.53213;-0.94375;-0.58758;0.865;-0.34939;1.4719;-1.0072;2.9562;-0.30965;2.3925;-0.45368;-0.12598;-0.49861;0.13446;-0.66364;-0.80999;1.3376;-0.29135;-0.64994;-0.31933;1.1982;-0.61884;0.59003;-1.224;-0.63538;-0.62939;0.18583
48;-0.2982;0.084571;0.40938;1.0885;0.39894;0.40415;-0.42624;0.49039;-1.3238;0.2979;0.14734;-1.3017;0.092862;-0.27754;0.062982;-0.12832;-1.1708;0.66374;0.87201;-0.49726;1.5855;-0.21924;-0.088048;0.97524;-0.0067424;-1.1024;-1.36;0.23292;0.60499;1.4715;1.9058;1.3348;-0.71094;0.82665;0.42754;0.019812;0.25689;-0.55124;-0.39717;-0.076254;1.4224;-1.0009;0.6945;-1.0122;-0.90866;0.6164;0.11426;1.0083;0.32704;-0.85008;1.098;0.1524;-0.31155;-0.94075;-0.68275;0.26715;-0.68497;-1.0153;-0.88819;0.49497;-0.2653;-0.77585;-0.57227;-0.67912;-0.7689;-1.0237;-0.75211;-0.66777;0.89424;-0.9973;-0.93519;1.0295;-0.17072;-0.39822;1.5347;-0.25059;0.43188;0.92208;0.64878;1.4767;-0.74753;-0.49966;2.1446;-0.51396;-0.82402;1.0458;0.4849;-0.077108;0.81495;-0.80435;1.7321;-0.66842;-1.3352;-0.38471;2.2557;-0.78781
49;-0.45575;-0.44021;0.82477;-0.43805;-1.1915;-0.38727;0.22063;-0.35973;2.4477;0.92592;0.068109;-0.60463;1.7978;0.53515;0.57551;0.71017;-2.0539;-0.047582;-0.62781;1.0676;2.7954;-0.63328;2.0734;-1.0007;-0.33046;0.74831;-0.11097;-1.3154;-0.14791;1.3039;1.7582;-2.3022;0.76274;0.59912;1.8591;0.8634;1.0065;-1.2552;-1.2771;-0.65958;0.30108;0.4113;2.3375;0.20976;1.0704;-0.97396;-0.26581;-0.52243;-0.88515;0.0078074;2.8967;1.3449;-0.7592;-0.93387;-0.83446;0.24086;-0.49952;-0.98744;0.93133;-0.66896;-0.53839;-0.042324;-0.35595;-0.50181;0.25928;1.9979;-0.91981;-0.88231;0.64693;-0.67591;-1.0768;-0.63201;0.31144;1.1766;-1.131;-0.91377;0.19152;2.3887;-0.6908;-0.69187;-0.62651;-0.55254;0.11324;1.2027;-0.16899;-0.70973;0.0026428;-0.84927;-0.23132;-0.9066;0.67888;-0.84159;2.321;-0.98417;2.3746;0.34975
50;-1.2288;-0.83807;-0.71769;-0.065139;-0.67979;-0.93005;-1.4799;0.31461;-0.14778;-0.24683;-1.4981;0.54996;0.5282;0.91964;0.43652;0.80838;0.25212;0.37417;-0.15272;1.6264;-0.41497;-0.15882;1.4068;0.67432;-0.35251;2.2092;-1.3889;0.3217;1.803;1.0148;-0.38699;-0.46026;0.79302;-0.80205;-1.4759;-0.1443;0.53024;1.8641;-0.66267;1.3422;-0.29909;-2.7442;0.19889;-1.7658;0.051302;-0.86568;0.33242;-0.32578;3.075;-0.23998;-0.19431;1.5053;0.73276;1.8732;-0.065827;-0.83495;0.034935;0.74536;1.7843;0.14792;-0.93092;-0.56885;0.39725;-0.91587;-0.74791;0.30198;0.26295;-0.056681;-0.77762;2.9573;-0.53386;1.3328;-0.67245;-1.03;1.2993;1.9677;-0.79497;-0.63029;-0.053738;-0.14049;-1.068;0.53626;0.7177;1.1495;0.32673;0.77384;1.4252;-0.34531;0.095853;-0.94471;1.5024;-0.69634;-0.19168;-1.0191;-0.7426;-0.69315
PARTICULAR
GAIN
1
