TITLE;96 random variables, variable gain
FOCUS ON;
EXPERIMENT TYPE;SingleAmongManyVaryingGain
PARAMETERS
normalization;Standard
pcaRecompositionThreshold;0.95
component;1;2
type;RandomNormal;RandomNormal
p1;0;0
p2;9;1
RESULTS
COMMON
distance
which;Manhattan(Average);Manhattan(GeometricAverage);Manhattan(Median);Manhattan(Minimum);Manhattan(MinimumTimesMedian);Manhattan(Summation);Euclidean(Average);Euclidean(GeometricAverage);Euclidean(Median);Euclidean(Minimum);Euclidean(MinimumTimesMedian);Euclidean(Summation)
plain;1.0689;1.0681;1.0689;0.93144;0.99562;1309.4;0.14546;0.14512;0.14525;0.11197;0.016263;178.19
PCA;1.0689;1.0681;1.0687;0.93012;0.99401;1309.4;0.14549;0.14514;0.14528;0.11199;0.01627;178.22
DE00;1.0745;1.0729;1.0775;0.97717;1.0469;1315.9;0.26289;0.25422;0.25135;0.15477;0.042291;329.56
DE01;1.0741;1.0729;1.0776;0.9821;1.0466;1315.7;0.2574;0.2605;0.25295;0.14815;0.035097;313.03
DE02;1.0746;1.073;1.0773;0.97846;1.0439;1315.7;0.26247;0.25486;0.26279;0.15095;0.036449;316.56
PCA
weights;0.010248;0.010304;0.010608;0.010467;0.01038;0.010588;0.010196;0.010282;0.010548;0.01031;0.010083;0.010214;0.010381;0.010532;0.010418;0.010381;0.0099584;0.010479;0.010371;0.010535;0.010429;0.010582;0.010039;0.010369;0.010606;0.010341;0.010299;0.010551;0.010598;0.010224;0.010454;0.010502;0.010369;0.010382;0.010496;0.010589;0.01076;0.010628;0.010498;0.010641;0.010114;0.010667;0.010326;0.010564;0.010452;0.010077;0.010467;0.010508;0.010313;0.010366;0.010506;0.01032;0.01057;0.010573;0.010387;0.010637;0.010034;0.010072;0.0097131;0.010483;0.010593;0.010431;0.010487;0.010396;0.010585;0.010643;0.010601;0.010434;0.010182;0.010548;0.010364;0.01023;0.01057;0.010635;0.010614;0.01051;0.010421;0.010355;0.010559;0.010391;0.010793;0.010445;0.010263;0.010485;0.0098987;0.010544;0.01062;0.010463;0.010196;0.010201;0.010559;0.010656;0.010671;0.0099309;0.010586;0.010348
differential evolutions parameters, by distance type
i;dDE / dP;distance;type;parentWeight;crossover;population;iterations;distance;weights ->
1;1.0053;1.0745;2;0.85;0.5;50;50;Manhattan(Average);0.011361;0.00066965;0.00022781;0.0046256;0.010826;0.0236;0.028418;0.014925;0.00046804;0.024295;0.020993;0.00028392;0.00063786;0.0001568;0.0010407;0.0007676;0.026861;0.011339;0.0001288;0.0019611;0.0020118;0.0019918;0.027072;0.018401;0.0041279;0.024766;0.023376;0.027264;0.00070177;0.0044773;0.00054793;0.028086;0.024544;0.0023425;0.00081304;0.026554;0.011171;0.0026127;0.016111;0.021221;0.022953;0.0055801;0.00053311;0.02184;0.0030228;0.0010447;0.021737;0.0050756;0.0012186;0.021903;0.012418;0.0021388;0.004369;0.028646;0.0019774;0.011876;0.026241;0.0022452;0.017928;7.6528E-05;0.0089392;0.00080986;0.0068318;0.0036465;0.0030156;0.0029354;0.0022715;0.018289;0.027244;0.00089969;0.017502;0.00067816;0.019313;0.01145;0.026439;7.0235E-05;0.00042239;0.0014485;0.011919;0.015983;0.0047399;0.009411;0.0011622;0.0069017;0.0065857;0.0012462;0.00076073;0.0051642;0.012604;0.02615;0.0028142;0.02814;0.013637;0.0069056;0.0014043;0.027662
2;1.0049;1.0741;2;0.85;0.5;50;50;Manhattan(Average);0.012993;0.00073839;0.0055109;0.0018325;0.0047612;0.024608;0.023448;0.011646;0.0032802;0.026054;0.02675;0.00014515;0.00033239;0.013878;0.0015178;0.0056239;0.01109;0.0034015;0.0005634;0.010548;0.0089594;0.00076353;0.026653;0.023178;0.024899;0.021734;0.026191;0.016097;0.00065401;0.0027942;0.00078276;0.024105;0.0087798;0.0051106;0.0074575;0.015128;0.0071126;0.0025846;0.018596;0.022984;0.024441;0.0023556;0.00036972;0.02664;0.0013338;0.0026938;0.02109;0.0023787;0.00087766;0.02393;0.0047409;0.0037381;0.0025608;0.020777;0.00037901;0.021362;0.026543;0.0075015;0.0037121;0.00064657;0.0041148;0.017095;0.0061107;0.016976;0.0067743;0.00015577;0.0014463;0.021423;0.024329;0.00092389;0.0056395;0.0022475;0.0053388;0.0011083;0.025794;0.0013814;0.0022598;0.001418;0.0029017;0.025953;0.0018109;0.015735;0.00014485;0.0014605;0.0067551;0.004449;0.0039752;0.0027804;0.019995;0.026572;0.0051716;0.027379;0.0075588;0.021844;0.011012;0.018608
3;1.0053;1.0746;2;0.85;0.5;50;50;Manhattan(Average);0.017543;0.0033673;0.002254;0.0085549;0.015683;0.025901;0.028444;0.024093;0.00012022;0.008595;0.02653;0.00014321;3.8244E-05;0.0048337;0.0012312;0.00016803;0.026847;0.0030474;0.00044366;0.0024941;0.000315;0.002384;0.026859;0.012983;0.024602;0.0046578;0.019175;0.0067193;0.0012262;0.00020841;0.00078087;0.027138;0.005998;0.0061758;0.00011502;0.019826;0.022226;0.0014005;0.019215;0.011566;0.028974;0.0023022;5.1808E-05;0.020959;0.0037585;0.0047545;0.011082;0.0022722;0.0029685;0.023502;0.0079905;0.0034561;0.012011;0.014422;3.2426E-05;0.025903;0.028962;1.3658E-05;0.012521;0.00090513;0.0005441;0.0028192;0.0062665;0.00081829;0.012586;0.017891;0.0052566;0.028476;0.027431;0.00021776;0.026487;5.5677E-05;0.02101;0.004231;0.024447;0.0027389;0.00089563;0.0015251;0.0019353;0.024328;0.002219;0.024231;0.00032776;0.0045365;0.0040972;0.0018996;0.0034276;0.0064942;0.028915;0.027939;0.00081924;0.027904;0.0024862;0.0029155;0.0046179;0.026466
4;1.0044;1.0729;2;0.85;0.5;50;50;Manhattan(GeometricAverage);0.0031831;0.011438;0.00059431;0.015485;0.00047389;0.026577;0.021088;0.010128;0.0013835;0.019271;0.01964;0.00052064;0.00025275;0.0061154;0.00073519;0.0091212;0.026915;0.00036619;0.00037181;0.0026505;0.0011799;0.00053684;0.024041;0.019606;0.018707;0.013582;0.01701;0.0062223;0.0027;0.00033984;0.00074346;0.023264;0.013682;0.0049963;0.0058978;0.024107;0.026909;0.00057606;0.003931;0.017157;0.020134;0.0093989;0.00058681;0.025048;0.00043051;0.0028677;0.024948;0.0005641;0.0012266;0.02377;0.003169;0.010816;0.00091622;0.020706;0.00089538;0.018484;0.027155;0.0046267;0.025183;2.7477E-05;0.0082768;0.020414;0.012387;0.00051897;0.014324;0.0034113;3.9E-05;0.013909;0.016979;0.0012066;0.01208;0.0027505;0.014839;0.013356;0.026939;0.0013673;0.00049496;0.0041505;0.0084491;0.0090859;0.0040643;0.024881;0.0010097;0.0010476;0.0026913;0.001333;0.014851;0.0043381;0.01666;0.025101;0.006296;0.02633;0.012733;0.02636;0.00048758;0.024384
5;1.0045;1.073;2;0.85;0.5;50;50;Manhattan(GeometricAverage);0.017394;0.010989;0.00049298;0.0012363;0.014541;0.023109;0.019127;0.017885;0.00052782;0.0019908;0.024088;0.00035804;0.0001653;0.004496;0.00045329;0.0074853;0.020542;0.006868;0.00025534;0.0073843;0.0086515;0.0005875;0.019555;0.0071443;0.016845;0.014826;0.023794;0.021111;0.00046256;0.0021959;0.0033979;0.013655;0.018945;0.0073975;0.0013327;0.023148;0.021572;0.00019168;0.024401;0.0098909;0.022443;0.00037496;9.4682E-05;0.024137;0.0024789;0.001095;0.022852;0.0037832;0.0043465;0.01804;0.010883;0.002843;0.0066423;0.022351;7.7312E-05;0.010264;0.023019;0.00040997;0.015017;9.1827E-06;0.0017268;0.015399;0.015859;0.0012669;0.0081899;0.002406;0.011097;0.022826;0.024299;0.00039834;0.015923;0.0026907;0.0020394;0.01498;0.023466;0.0038365;0.00060488;0.0008779;0.0068163;0.021475;0.015223;0.023207;0.0011858;0.0011738;0.017798;0.0068011;0.0067165;0.00057768;0.0083916;0.023711;0.0029752;0.018729;0.01622;0.023811;0.0039937;0.023654
6;1.0044;1.0729;2;0.85;0.5;50;50;Manhattan(GeometricAverage);0.015733;0.012122;0.0028677;0.0048649;0.008215;0.023206;0.017566;0.019803;0.0049006;0.019618;0.025581;0.00017282;0.0071312;0.00020864;0.00042802;0.003504;0.023456;0.010634;7.7459E-05;0.0027086;0.006478;0.00047688;0.021045;0.017087;0.024091;0.014397;0.0085585;0.025311;0.001001;0.0065571;0.00027892;0.020052;0.019272;0.012133;7.481E-05;0.021967;0.022509;0.0056213;0.024162;0.0038372;0.019871;0.0013513;0.0001234;0.017365;0.00075086;0.0012863;0.01808;0.00016297;0.0016613;0.025051;0.016618;0.00018244;0.0128;0.023661;0.0011388;0.024963;0.023585;0.0018319;0.011275;0.00081274;0.0037553;0.0088956;0.0007995;0.0057673;0.0016296;0.0028715;0.0044526;0.021987;0.0097092;0.0026618;0.016671;0.0033098;0.022083;0.010909;0.022715;0.00030716;0.0021477;0.0058725;0.0096451;0.015863;0.0011361;0.020719;0.00033676;0.013093;0.015141;0.0096393;0.0053043;0.0015697;0.00045111;0.02577;0.0012596;0.020431;0.0049639;0.021975;0.00054563;0.025336
7;1.0491;0.97717;2;0.85;0.5;50;50;Manhattan(Minimum);0.015579;0.0046914;0.0067172;0.015349;0.016031;0.018495;0.013341;0.0077931;0.0030826;0.018063;0.012729;0.0014685;0.014898;0.014885;0.0077255;0.012108;0.00025364;0.0030174;0.0067411;0.00023278;0.0070836;0.0058354;0.013737;0.003777;0.0067414;0.0074511;0.017544;0.010249;0.016744;0.0087508;0.0072834;0.014069;0.005529;0.0098117;0.014563;0.019336;0.0088055;0.0057274;0.00027313;0.0074352;0.017109;0.0038871;0.015315;5.7771E-06;0.018652;0.0084211;0.018627;0.004914;0.016609;0.017664;0.0088556;0.0075564;0.016884;0.018713;0.0085444;0.0020035;0.0049207;0.009895;0.020059;0.012147;0.01097;0.016516;0.0042951;0.0064704;0.020145;0.019847;0.013517;0.016722;0.013439;0.015294;0.016323;0.00038073;0.0040821;0.010232;0.020602;0.017951;0.013965;0.0079489;0.0099655;0.017565;0.014198;0.0051353;0.011634;0.0038506;0.012452;0.010616;0.020595;0.00079465;0.0054731;0.008295;0.0017487;0.0030254;0.0040718;0.014203;0.0013511;0.011594
8;1.0544;0.9821;2;0.85;0.5;50;50;Manhattan(Minimum);0.017498;0.0079391;0.00064163;0.014476;0.0088481;0.011578;0.0055949;0.0095184;0.0057043;0.020762;0.018358;0.0027094;0.015875;0.01119;0.0062079;0.00060199;0.0084474;0.015081;0.0016082;0.0030078;0.004935;0.0050919;0.017404;0.0074663;0.019553;0.020358;0.0062123;0.0076056;0.018;0.012172;0.015495;0.015047;0.011191;0.010268;0.019574;0.012848;0.014602;0.012841;0.00459;0.0041887;0.0031271;0.014107;0.012683;0.007645;0.011188;0.0074987;0.008936;0.013433;0.011464;0.0084719;0.019009;0.018535;0.011079;0.0041921;0.0046056;0.006228;0.0096898;0.0083002;0.017825;0.0010411;0.011711;0.0082551;0.007888;0.0099868;0.015276;0.013151;0.0088627;0.014834;0.019537;0.015619;0.017385;0.0097703;0.0056973;0.015651;0.017458;0.0077537;0.017241;5.4376E-05;0.0053903;0.010209;0.0033553;0.0037508;0.011974;0.0093774;0.012726;0.020302;0.0094839;0.00943;0.010441;0.017459;0.0015478;0.0037056;0.0085546;0.0087086;0.0017953;0.01151
9;1.0505;0.97846;2;0.85;0.5;50;50;Manhattan(Minimum);0.017898;0.012714;0.00015002;0.016238;0.0042121;0.0044418;0.017797;0.007496;0.0071933;0.005133;0.019199;0.0023806;0.020436;0.015751;0.014594;0.005559;0.0022719;0.013468;0.0032997;0.0025255;0.0073952;0.0074126;0.018466;0.020165;0.013907;0.0091542;0.011978;0.0020702;0.0068517;0.011363;0.009574;0.018367;0.01371;0.010103;0.015567;0.01755;0.01708;0.011669;0.0021166;0.00068202;0.0072696;0.0024086;0.0093397;0.0090587;0.012657;0.0041705;0.01406;0.0030254;0.010729;0.01735;0.015097;0.0072216;0.010615;0.0057415;0.014371;0.0088276;0.015907;0.0095633;0.014424;0.010955;0.01783;0.011944;0.0011086;0.0062771;0.010196;0.0062319;0.0020809;0.01693;0.017366;0.017864;0.0088063;0.01018;0.0058844;0.018242;0.019182;0.012067;0.00051126;0.013671;0.017734;0.0008124;0.00031548;0.0097297;0.018362;0.014896;0.018643;0.019153;0.01535;0.012739;0.00086866;0.014535;0.00077178;0.0052243;0.0071883;0.0101;0.0029479;0.013522
10;1.008;1.0775;2;0.85;0.5;50;50;Manhattan(Median);0.00098236;0.0089364;0.014481;0.013946;0.0085626;0.0017997;0.0078933;0.011748;0.012976;0.015009;0.019186;0.0037496;0.013582;0.0059397;0.0049753;0.012695;0.0038254;0.010552;0.003518;0.0023652;0.0044315;0.0042565;0.016288;0.012614;0.018972;0.0068412;0.016178;0.012234;0.0056456;0.0021904;0.0013065;0.019387;0.0037207;0.0096433;0.002487;0.01256;0.009795;0.019267;0.012845;0.01361;0.018843;0.017918;0.0093432;0.0071832;0.01571;0.009339;0.0078062;0.00067068;0.0063119;0.01624;0.017184;0.00074408;0.017686;0.0096568;0.00066412;0.015032;0.014477;0.010145;0.019068;0.016555;0.01405;0.0020628;0.017036;0.019566;0.0088581;0.00054044;0.0046432;0.016305;0.019341;0.0053327;0.016303;0.013537;0.019414;0.0019202;0.015948;0.00069048;0.0018246;0.019591;0.013597;0.012996;0.019462;0.007919;0.014926;0.0021633;0.016208;0.0021943;0.008675;0.011308;0.014527;0.015825;0.011109;0.00044556;0.017887;0.012804;0.0014555;0.0079642
11;1.0081;1.0776;2;0.85;0.5;50;50;Manhattan(Median);0.0097097;0.013261;0.0066821;0.00016894;0.022312;0.0065682;0.0068173;0.022663;0.0025806;0.0095732;0.010248;0.0009979;0.0034216;0.0079523;0.010335;0.021617;0.0094858;0.015819;0.0074662;0.018801;0.02211;0.013225;0.0054643;0.0041952;0.016854;0.019788;0.015552;0.0039815;0.012511;0.021316;0.0072736;0.0016472;0.00973;0.014017;0.0075249;0.017054;0.020534;0.011289;0.014554;0.021594;0.00031695;0.020422;0.0063881;0.011704;0.0025655;0.001403;0.0080033;0.017757;0.0017016;0.0036404;0.0040912;0.0018209;0.016404;0.022271;0.012408;0.0069453;0.013277;0.0012158;0.0066836;0.010161;0.0092635;0.0014065;0.006745;0.01769;0.022468;0.0018552;0.019643;0.012666;0.012381;0.0057968;0.0035061;0.014168;0.00071845;0.009418;0.01624;0.0016332;0.0026901;0.0034446;0.0062241;0.014067;0.021018;0.0065684;0.0066873;0.015765;0.0014406;0.0022303;0.0069063;0.0098334;0.013326;0.019692;0.01525;0.017485;0.019318;0.016261;0.002306;0.0080135
12;1.0078;1.0773;2;0.85;0.5;50;50;Manhattan(Median);0.0046975;0.014402;0.010333;0.013215;0.01422;0.0045835;0.010679;0.0062386;0.019197;0.002489;0.0088514;0.0037292;0.00057878;0.011357;0.0024245;0.016825;0.0013628;0.0013358;0.0082498;0.013038;0.013417;0.014365;0.0069237;0.001385;0.020604;0.012871;0.019783;0.0028543;0.00095905;0.0081184;0.0066495;0.012064;0.008303;0.012376;0.019423;0.0012441;0.014971;0.019471;0.02013;0.017652;0.0031007;0.013473;0.0076197;0.0203;0.00080893;0.012233;0.00099198;0.0051617;0.0059404;0.015723;0.019201;0.012368;0.010197;0.017148;0.011519;0.012005;0.0087197;0.003035;0.013268;0.0096227;0.016664;0.0011329;0.0091661;0.016262;0.002023;0.017917;0.00065194;0.0077031;0.018903;0.0088601;0.012768;0.011879;0.0053016;5.8666E-05;0.0029211;0.0027304;0.0086461;0.020605;0.005666;0.011621;0.0095698;0.0038397;0.0023161;0.01895;0.018686;0.014518;0.019882;0.012185;0.01239;0.019521;0.018582;0.0052442;0.016055;0.018148;0.019017;0.0058044
13;1.0515;1.0469;2;0.85;0.5;50;50;Manhattan(MinimumTimesMedian);0.013257;0.0055164;0.00048054;0.013326;0.009282;0.01126;0.0032287;0.008775;0.016241;0.012086;0.016926;0.00098138;0.017446;0.011755;0.015669;0.0080337;0.012249;0.0039503;0.0040682;0.006673;0.0060564;0.00053446;0.0076927;0.014516;0.0036104;0.013448;0.0044267;0.0070537;0.013251;0.017263;0.0036035;0.018046;0.015207;0.018044;0.0099544;0.018376;0.016138;0.0020573;0.0016398;0.012249;0.0023177;0.0093919;0.017808;0.0079043;0.01526;0.0026927;0.0087685;0.016309;0.018937;0.013473;0.015543;0.016424;0.011469;0.010026;0.0073802;0.0068844;0.014739;0.0087014;0.017951;0.0012828;0.00056765;0.0098455;0.0063342;0.015298;0.016558;0.011103;0.016705;0.014045;0.018417;0.015258;0.0099181;0.017772;0.0055981;0.0077582;0.014249;0.0078182;0.017004;0.0086751;0.0055857;0.0085083;0.018573;0.0032295;0.011303;0.0093455;0.018248;0.0084752;0.013041;0.005473;0.0040618;0.011127;0.011885;0.0058473;0.0030576;0.015178;0.0014343;0.015069
14;1.0512;1.0466;2;0.85;0.5;50;50;Manhattan(MinimumTimesMedian);0.01807;0.014873;0.0005472;0.013627;0.0063711;0.0096224;0.016021;0.01413;0.0080921;0.014273;0.018101;0.0050864;0.016435;0.016717;0.0055445;0.0031116;0.0050057;0.01299;0.0021859;0.0095029;0.01101;0.0066016;0.010903;0.012511;0.014093;0.0074638;0.013417;0.0052339;0.007344;0.0080723;0.011515;0.010707;0.0054492;0.01564;0.014545;0.016719;0.01662;8.5359E-05;0.012144;0.0093456;0.010141;0.011207;0.0067752;0.016791;0.014526;0.00075294;0.016178;0.0017073;0.012691;0.0035522;0.0092262;0.0050241;0.0096344;0.014535;0.010499;0.005631;0.0055115;0.0074874;0.014964;0.0014288;0.015279;0.017707;0.0097567;0.0084513;0.016772;0.017906;0.0093653;0.014681;0.0066851;0.016896;0.015859;0.014658;0.0035933;0.0087556;0.01237;0.014708;0.0080914;0.007022;0.014817;0.017711;0.0013438;0.0056797;0.015758;0.0014302;0.017928;0.0023999;0.01412;0.0053514;0.014121;0.013766;0.0022858;0.0077859;0.014239;0.01033;0.0083198;0.016066
15;1.0485;1.0439;2;0.85;0.5;50;50;Manhattan(MinimumTimesMedian);0.01358;0.016733;0.00071999;0.018986;0.018501;0.0029055;0.0091247;0.0054228;0.019047;0.010886;0.0077176;0.0012552;0.014315;0.0030918;0.00069214;0.017613;0.005277;0.0052374;0.0029206;0.0089393;0.0016829;0.0017966;0.00058357;0.013373;0.018935;0.0079946;0.0095654;0.0046417;0.0090237;0.011571;0.014767;0.019553;0.0026874;0.018433;0.018133;0.017374;0.011442;0.0013574;0.01708;0.019207;0.007585;0.012703;0.014426;0.01518;0.013649;0.0057991;0.016689;0.0013234;0.0092195;0.0034967;0.018053;0.013226;0.0085339;4.8833E-05;0.012637;0.0073405;0.015115;0.018491;0.016882;0.0031785;0.011269;0.015599;0.0079166;0.0043364;0.010128;0.012847;0.012881;0.0064743;0.01478;0.018231;0.011046;0.0093474;0.0058282;0.012758;0.01278;0.0075301;0.013513;0.0063078;0.0040607;0.019089;0.0072787;0.018208;0.015243;0.011019;0.017569;0.017847;0.010307;0.011031;0.011546;0.012287;0.0040194;0.0016126;0.00010356;0.015376;0.0028349;0.011251
16;1.0049;1315.9;2;0.85;0.5;50;50;Manhattan(Summation);0.0073032;0.001938;0.0010131;0.002782;0.0022195;0.021298;0.014733;0.01435;0.00038208;0.022298;0.026301;0.0004436;0.00024198;0.0023461;0.0010088;0.00049515;0.027255;0.0051255;0.000876;0.0031322;0.0075697;0.003156;0.025697;0.0048421;0.0063514;0.024421;0.022614;0.020776;0.0018006;0.0012271;0.00046962;0.022971;0.011955;0.0068054;0.010461;0.019066;0.012851;0.00010084;0.020634;0.02171;0.01902;0.0025341;0.00062085;0.00043329;0.0012247;0.002378;0.025589;2.2525E-05;0.00081985;0.027151;0.0020453;0.002;0.027185;0.026486;0.00041429;0.010936;0.025838;0.024353;0.00053555;0.0015886;0.0030624;0.0021289;0.0018009;0.0023507;0.024651;0.0020245;0.0035016;0.022155;0.027002;0.0012434;0.010262;0.0019313;0.021728;0.010022;0.021495;0.00016474;0.00026772;0.00056163;0.0020722;0.0062785;0.0063496;0.025181;0.00065794;0.018581;0.011668;0.0019301;0.026685;0.00087198;0.023815;0.024337;0.0013463;0.027053;0.019796;0.015484;0.0031154;0.026229
17;1.0048;1315.7;2;0.85;0.5;50;50;Manhattan(Summation);0.011696;0.010098;0.0027874;0.0091402;0.0029897;0.018962;0.019271;0.0083191;0.0037872;0.023343;0.023862;9.7293E-05;0.00043269;0.00111;0.00087138;0.00061853;0.021462;0.02418;0.00014539;0.0087915;0.0053798;0.00024747;0.020203;0.0090011;0.022602;0.0079327;0.023027;0.024394;0.0011777;0.00044321;0.00017748;0.01951;0.0090287;0.0022536;0.0055282;0.012334;0.022454;0.00055767;0.018442;0.021136;0.024039;0.0005904;0.0012613;0.019572;0.00089224;0.0021511;0.02043;0.00058523;0.0093156;0.016743;0.010093;0.00031818;0.0011041;0.0138;0.00033465;0.024033;0.024429;0.0026952;0.00089698;0.0010639;0.011669;0.002437;0.010027;0.022179;0.012572;0.0018683;0.0015485;0.02049;0.023945;0.0039908;0.023327;0.00094756;0.022463;0.017843;0.019736;0.0045664;0.00025795;0.00045958;0.0063684;0.018197;0.013272;0.021108;3.2037E-05;0.0074657;0.0042262;0.0005391;0.01878;0.0034789;0.01963;0.022503;0.00099582;0.024142;0.013469;0.010838;0.0021423;0.020342
18;1.0048;1315.7;2;0.85;0.5;50;50;Manhattan(Summation);0.0087823;0.0076437;0.0017047;0.0097759;0.0062306;0.02064;0.026503;0.026583;0.0041046;0.004019;0.025004;0.00014147;0.0040267;0.0020898;0.0014902;0.00096729;0.025377;0.0014536;0.0022807;0.0072522;0.0029151;0.0011108;0.024041;0.0068879;0.019762;0.0071934;0.026545;0.0022935;0.0010585;9.0912E-06;0.00046697;0.020886;0.010722;0.013609;0.0011425;0.025282;0.024271;0.0019437;0.02056;0.020442;0.021243;0.0088782;0.00030383;0.021186;0.0044249;0.00088777;0.020614;0.0012729;0.00072803;0.018267;0.010613;0.010712;0.0025772;0.027173;0.00024169;0.025889;0.022292;0.0059653;0.0081542;0.0036963;0.011455;0.0022559;0.0066794;0.0069433;0.00016724;0.0031383;0.0043401;0.0086418;0.026861;0.00022064;0.023953;0.00043519;0.0042231;0.012788;0.026015;0.0037223;0.0012778;0.0047295;0.0022339;0.0026373;0.0031422;0.021052;0.00095503;0.0028169;0.01224;0.006749;0.0090684;0.00092975;0.022378;0.025993;0.00067485;0.025706;0.021218;0.012504;0.023681;0.025844
19;1.7695;0.2574;2;0.85;0.5;50;50;Euclidean(Average);0.042134;0.0012202;0.038736;0.00058867;0.0035536;0.043879;0.00042032;0.043194;0.00037322;0.034629;0.0003891;0.00286;0.00050363;0.029882;0.0023729;0.007951;0.011561;0.038948;0.0011575;0.00059754;0.0030743;0.043062;0.0052129;0.043721;0.00085383;1.898E-05;0.0033628;0.0020189;0.0014642;0.00056951;0.0010391;3.2393E-06;0.0016956;0.012094;0.0027198;0.0053951;0.0022957;0.00045454;0.0012053;2.2355E-05;0.0013651;0.0032202;0.040447;0.0061535;0.0042857;0.0013118;0.0070976;0.00067331;0.00074941;0.0022254;0.0043339;0.003062;0.032195;0.00079489;0.0014117;0.0031676;0.037398;0.0018795;0.0026911;0.0055587;0.042508;0.0017366;0.0022173;0.043156;0.0037329;0.00027877;0.0011733;0.0021685;0.0018675;3.4965E-05;0.004259;0.0015793;0.0021457;3.1181E-05;0.043671;0.035628;0.0036848;0.0091742;0.0075506;0.0016345;0.0029055;0.0003847;0.039719;0.0073042;0.036958;0.0041789;0.0013542;0.043017;0.0017011;0.00063323;0.00015921;0.00030125;0.00025051;0.042759;0.011292;0.0035974
20;1.8073;0.26289;2;0.85;0.5;50;50;Euclidean(Average);0.00017004;0.00023249;0.0024096;0.0091423;0.00092495;0.0018359;0.00055123;0.001644;0.0040624;4.4435E-05;0.011917;0.0071506;0.0008029;0.0081101;0.046551;0.045112;0.00063871;0.04639;0.043601;0.0047593;0.00038143;0.037897;0.0007369;0.0014149;0.0068412;0.010091;0.00088567;0.001871;0.0012939;0.00034493;0.0014241;0.046546;0.00073388;7.5564E-05;0.00081299;0.0036348;0.0025076;0.00032158;0.003635;0.04002;0.041095;0.00021423;0.0028267;0.0020932;0.0010671;0.00029932;0.0067005;0.0066217;0.04175;0.0034318;0.0024675;0.0037932;0.011576;0.0029307;0.0026919;0.0038805;0.042168;0.039649;0.00081185;0.0079126;0.0024567;0.025152;0.00070465;0.0056709;3.1303E-05;9.4922E-05;0.005704;0.0040962;0.03983;0.00042473;0.0041759;0.045014;0.04518;0.00034684;0.00029594;0.043321;0.046515;0.0015711;8.8447E-05;0.0014413;0.0020139;0.0087091;0.0051649;0.00044455;0.0023853;0.0016212;0.00050635;0.031403;0.00045424;0.0025767;0.043797;0.0014494;0.00090744;0.00027325;0.0030012;0.0016734
21;1.8044;0.26247;2;0.85;0.5;50;50;Euclidean(Average);0.0041286;0.00030129;0.0012803;0.0015141;0.043713;0.013875;0.0038292;0.044378;0.002125;0.0010105;0.047542;0.00028763;0.00017825;0.031684;0.038163;0.0027114;0.016436;0.00010024;0.004987;0.00070327;0.0083216;0.001663;0.00019796;0.00028907;0.04337;0.00015868;0.0030627;0.0050249;0.0031555;0.0033215;0.046324;0.039525;0.0023463;0.00043538;0.0093228;0.00067218;0.0056317;0.011456;0.043815;0.0035214;0.047453;4.1383E-05;0.037521;0.00086959;0.0023219;0.0046336;0.0013941;0.00037084;0.0036419;0.0017324;0.00035513;0.037242;0.0016307;0.0012281;0.046638;0.0013637;3.8483E-05;6.94E-05;0.0027984;0.00050783;0.00086702;0.0021921;0.0047371;0.028065;0.00077323;0.001083;0.0033427;0.008386;9.4579E-05;0.000926;0.04616;0.033303;0.0038365;0.0012279;0.046034;0.0020904;0.0019847;0.00053773;0.0019098;0.00020688;0.002604;0.00065807;0.0001792;0.0020833;0.045912;0.0065773;0.0078655;0.0021765;0.00018782;8.0077E-05;0.0095766;0.0026143;0.0017906;0.040411;0.002831;0.0042798
22;1.7951;0.2605;2;0.85;0.5;50;50;Euclidean(GeometricAverage);0.0034092;0.0009728;0.050722;0.00064934;0.0046963;0.0035946;0.0078224;0.0061961;0.0024199;0.0035845;0.0047173;0.00098793;5.693E-05;0.0044208;0.0010962;0.00778;0.00107;0.0018493;0.00075032;0.036836;0.0035086;0.012451;0.0039057;0.0015879;0.037451;0.010637;0.00012792;0.0053378;0.0015573;0.00089214;0.011099;0.00029163;0.0054905;0.0058619;0.00035976;0.04333;0.0050199;0.05039;0.0067723;0.00057632;0.0042465;0.00084465;0.0030978;0.0031727;0.0042049;0.0033298;0.00041544;0.0034413;0.051259;2.8776E-05;0.0019526;0.00047252;0.04561;0.051157;9.1466E-05;0.0037077;0.049771;0.00046649;0.012329;0.0036981;0.046862;0.045349;0.043682;0.0035021;0.00028579;0.00023324;0.0025539;0.00094566;0.048809;0.010433;0.0013689;0.018809;0.0088699;0.00068271;0.00030415;0.0016534;0.0053666;0.006212;0.016461;0.0021732;0.0027103;0.00038456;0.00054828;0.00086181;0.0034492;0.0036378;0.052006;0.00739;0.0050993;0.00092178;0.00013916;0.008123;0.0032568;0.00077427;0.0035571;0.049009
23;1.7562;0.25486;2;0.85;0.5;50;50;Euclidean(GeometricAverage);0.0039728;0.0014107;0.0023884;0.0039022;0.0061496;0.0065225;0.01288;0.0027291;0.0045476;0.045307;0.006702;0.00027868;0.046753;0.0070555;0.0099511;0.0070957;0.0017408;0.0055566;0.032415;0.046472;0.00093297;0.0013254;0.00054101;4.1472E-05;0.0041924;0.0025203;6.2175E-05;0.044159;0.00086682;0.00063068;0.003098;0.00032594;1.3424E-05;0.011266;0.038137;0.0040208;0.042372;0.014693;0.016457;0.00041687;0.0027226;0.0042499;0.0030457;0.00017884;0.044277;7.0444E-05;0.044036;0.0075646;0.002641;0.0014317;0.00026472;0.00088926;0.0037993;0.043383;0.00020544;0.0097015;0.015785;0.046684;0.002309;0.0085244;0.046484;0.00086171;0.0020351;0.0067699;7.3997E-05;0.001572;0.0080036;0.0016345;0.046549;0.042411;0.0059485;0.00052137;0.0035701;0.0012989;0.012014;0.0018591;0.00063732;0.00048516;0.045794;0.0013186;0.00082741;0.0026915;0.00078857;0.046171;0.00012252;0.0020775;0.0028641;0.010321;0.00032102;0.0040699;0.0017043;0.0031936;0.00068145;0.0017201;0.0052509;0.0056885
24;1.7518;0.25422;2;0.85;0.5;50;50;Euclidean(GeometricAverage);0.0077224;0.041742;0.027517;0.00030803;0.00045541;0.002641;0.0036522;0.00081795;0.0026098;0.0012688;0.0031117;0.043504;0.00098673;0.04578;0.00059484;0.0020375;0.0016467;0.00010446;0.0059903;0.00073834;0.0020629;0.0046842;0.0033027;0.041672;0.00065863;0.0024615;0.021288;0.046361;0.0050452;0.0017126;0.00039767;0.0027702;0.00057984;0.00066506;0.00099055;0.0036539;0.0031467;0.041772;0.00074882;0.00028087;0.025765;0.0015133;0.043366;0.00071245;0.0010941;0.0054104;0.016266;0.00095019;0.0010437;0.01029;0.0011554;0.0013285;0.045683;0.0020704;0.0015274;0.041344;0.0015435;0.025257;0.00066319;0.005042;0.013036;0.0049882;0.0029001;0.044153;0.0010041;0.0018712;0.0011591;0.046336;0.013702;4.2664E-05;0.002483;0.001285;0.037075;0.00013176;0.0020885;0.0010103;0.0013788;0.00026201;0.00080021;0.00049899;0.013576;0.0077364;0.0037846;0.0013658;0.046323;0.024397;0.0096991;0.045936;0.0042057;0.0022952;0.0020852;0.0034744;0.0047289;0.044363;9.4394E-05;0.00022145
25;1.3823;0.15477;2;0.85;0.5;50;50;Euclidean(Minimum);0.025638;0.00225;0.017687;0.019059;0.026266;0.024502;0.022338;0.0037018;0.021446;0.00072764;0.00073084;0.026007;0.024201;0.022308;0.0095053;0.0022709;0.0046265;0.015674;0.00066957;0.0015047;0.020725;0.0092056;0.0008923;0.00046216;0.017191;0.011727;0.0046082;0.023563;0.0019179;0.023389;0.0011262;0.020928;0.025739;0.00073513;0.024718;0.022758;0.0022163;0.023869;0.002071;0.0011285;0.00011467;4.4557E-05;0.00094308;0.00084976;0.025023;0.00098939;0.0014865;0.0049255;0.0018097;0.026285;0.015285;0.00091905;0.0017176;0.00012465;0.0098964;0.0041706;0.0066269;0.016724;0.0068854;0.0040345;0.025987;0.0010656;0.0073941;0.00047085;0.0061215;0.0065904;0.024524;0.0049736;0.024077;0.001004;0.0007371;0.023449;0.0065725;0.023841;0.024107;0.0014632;0.0078691;0.010183;0.0025087;0.00045759;0.0039637;0.00048369;0.0052132;0.00051235;0.023694;0.021191;0.001001;0.020692;0.0053768;0.02596;0.019088;0.015547;0.0026846;0.0002279;0.0069529;0.0050794
26;1.3231;0.14815;2;0.85;0.5;50;50;Euclidean(Minimum);0.020363;0.016326;0.017662;0.00034405;0.0016106;0.021618;0.021444;0.021567;0.0089643;0.020066;8.1796E-05;0.0081931;0.018056;0.0013492;0.002697;0.007287;0.00020508;0.018959;0.020428;0.0012476;0.020784;0.00011268;0.017036;0.021163;0.02142;0.01184;3.6755E-05;0.01537;0.0081774;0.0016028;0.0013739;0.014658;0.0033784;0.020332;0.021381;0.0059634;0.0010199;0.020015;0.0002176;0.014882;0.016833;0.0030983;0.021032;2.0918E-05;0.020955;9.4862E-05;0.01886;0.0032783;0.00036535;0.013898;0.0050577;0.0021276;0.020568;4.0054E-05;0.013777;0.0011706;0.021597;0.020128;0.0020063;0.012939;0.010102;0.0032983;0.015256;0.0027806;0.00011562;0.018414;0.0046966;0.020777;0.019413;0.00012953;0.017384;0.020607;0.0018435;0.0091;0.0068562;0.00313;0.00038613;0.021624;0.0010397;0.00013228;0.014725;0.00061175;0.0010426;0.01877;0.021593;0.018615;0.020627;0.018657;0.0015852;0.016053;0.003732;0.0017686;0.0016259;0.014064;0.021526;0.00083799
27;1.3482;0.15095;2;0.85;0.5;50;50;Euclidean(Minimum);0.023779;0.0001601;0.011186;1.863E-05;0.00010813;0.00086728;0.0076107;0.006521;0.012832;0.00044499;0.021367;0.0012999;0.002442;0.0033736;0.0056785;0.0061733;0.0046638;0.0014312;0.018175;0.00047888;0.024447;0.013373;0.0057987;0.011385;0.00038492;0.00042805;0.0099367;0.01209;0.0032851;0.0038412;0.010509;0.023167;0.015544;0.00056615;0.022414;0.01624;0.021925;0.016176;0.00045233;0.0012777;0.023377;0.024172;0.0015158;0.021402;0.0001584;0.00080779;0.0058567;0.021598;0.024438;0.0007317;0.021165;0.024224;0.00017382;0.0006621;0.022013;0.020251;0.0026094;0.017125;0.023748;0.00015704;0.022576;0.0064131;0.0032441;0.022191;0.00085697;0.00016545;0.00021926;0.00023673;0.0016308;0.019874;0.01737;0.024001;0.00032654;0.00081338;0.024447;0.019692;0.023688;0.021195;0.00090218;0.00474;0.0091208;0.0003997;0.0016921;0.014383;0.017961;0.0020815;0.021393;0.020916;0.02383;0.01832;0.020703;0.0005753;0.00064423;0.00017396;0.012072;0.023113
28;1.7415;0.25295;2;0.85;0.5;50;50;Euclidean(Median);0.00049653;0.031418;0.010734;0.0034312;0.00025274;0.00020125;0.00046824;0.00050551;0.038036;0.035873;0.038746;0.00064354;0.00032197;0.00024555;0.0085064;0.040372;0.00073491;0.039203;0.00097129;0.0040276;0.0020134;0.0021387;0.0021871;0.00026598;0.0049714;0.0014659;0.038059;0.00035249;0.04038;0.0016269;0.00025889;0.040941;0.036055;0.040078;0.0017877;2.2001E-05;0.0041377;0.00097033;0.0024715;0.002134;0.017653;3.505E-05;0.00027964;0.001804;0.0016653;0.0010642;0.0013476;0.03668;0.0025653;0.0013178;0.00037609;0.0018515;0.003099;0.035225;0.00020475;0.0031911;0.032993;0.040788;0.001894;0.0035537;0.0085648;0.00060946;2.8212E-05;0.0024102;0.010589;0.00085682;0.0010012;0.0017421;0.002029;0.0064515;0.0010273;0.0016887;0.039522;0.03388;0.039821;0.00057763;0.0018717;0.00022846;0.012479;0.0015029;0.040508;0.00086947;0.0052738;0.0033742;0.022496;0.0015501;0.034338;0.0033625;0.0096352;0.0014189;0.00029908;0.0014004;0.038579;0.0038166;0.00069916;0.00040311
29;1.7304;0.25135;2;0.85;0.5;50;50;Euclidean(Median);0.045464;0.0059915;0.00018592;0.0028026;0.0003962;0.042823;0.00078138;0.0002964;9.6966E-05;0.0015654;0.0017962;0.0034439;0.0024341;0.0021062;0.0036794;0.045256;5.5495E-05;0.0038118;0.042546;0.0022539;0.0028437;0.0093163;0.0071023;0.006636;0.00073529;0.013262;0.0025996;0.045515;0.00019944;0.0027332;0.0070633;0.039018;0.0063303;0.0073388;0.0023885;0.040548;0.0076839;0.0037801;0.0018171;0.00071572;0.0099356;0.00059381;0.0072554;0.00098058;0.020704;0.012678;0.0019286;0.039972;0.038892;0.0010306;0.00078148;0.045322;0.00033923;0.004231;0.038698;0.00065256;0.0027003;0.0011584;0.028112;0.00045867;0.00017702;0.0010985;0.044781;0.00068353;0.0029269;0.0044275;0.0021025;0.00060545;0.0015042;0.019961;0.0065702;7.28E-05;0.0035907;0.042506;0.0019626;0.0055225;0.00028259;0.0052605;0.001173;0.039058;0.0055648;0.00074941;0.04512;0.0089535;0.0018215;0.045187;0.00013262;0.00026053;0.013295;0.0015842;0.001129;0.0042322;0.0033181;0.0048342;0.0062372;0.0014786
30;1.8092;0.26279;2;0.85;0.5;50;50;Euclidean(Median);0.012776;0.0009008;0.042721;0.00077256;0.037581;0.032247;0.0015576;0.039326;0.00060995;0.0028838;0.00061479;0.00020317;0.0014197;0.0034395;0.039482;0.00064842;0.00019528;0.0046128;0.0010453;0.045175;0.0023197;0.041548;0.0012361;0.04239;0.026695;0.00029679;0.00043747;0.0019006;0.044111;0.00012751;0.0032201;0.0030836;0.0010837;0.044058;0.002323;0.0058344;0.00017079;0.0013018;0.0030172;0.0011653;0.00097496;0.0014264;0.00015488;0.00034058;0.00084123;0.0010893;4.6818E-05;0.0032982;0.043617;0.0045045;0.037724;0.014668;0.034734;0.014063;0.00052881;0.0024256;0.00013874;0.00074303;0.0017385;0.00070964;0.00084209;0.011701;0.0016917;0.0018562;0.0002224;9.3585E-05;0.0019166;0.00048495;0.00024671;0.0013607;9.5156E-05;0.0009936;0.043839;0.0041151;0.044879;0.0011007;0.04259;0.042993;0.00092923;0.037463;0.0017592;0.0030527;0.00051216;0.027031;0.0050826;0.045346;0.0035355;0.0016177;0.00054685;9.7891E-05;0.0010123;0.0041084;0.0022439;0.0014923;0.00073861;0.0041107
31;2.6004;0.042291;2;0.85;0.5;50;50;Euclidean(MinimumTimesMedian);0.0014491;0.0019177;0.0018007;0.0034562;0.00013651;0.00029018;0.00038265;0.0001951;0.0039581;0.0010515;0.038153;0.000326;0.00020722;0.036727;0.0077708;0.0025765;0.028605;0.038779;0.039025;0.0025111;0.0019727;0.00059971;9.2526E-05;0.0004318;0.00071394;0.00078736;0.03925;0.035893;0.005057;0.039153;0.00027224;0.00053042;0.036813;0.0037726;0.00026087;0.037355;0.0025135;0.0020847;0.0040314;0.028225;0.0026649;0.00032443;0.0016361;0.0025565;0.035255;0.0014472;0.0014207;0.010218;7.3845E-05;0.037224;0.026617;0.0003882;0.00081935;0.00065685;0.003204;0.0029037;0.038679;0.00095374;0.00068913;9.1639E-05;0.0049851;0.0050942;0.00085202;0.00094046;0.0059324;0.007874;0.002284;0.0030042;0.038825;0.00065943;0.033055;0.00026091;0.0014244;0.039247;0.039709;0.00047663;0.0094005;0.00064614;0.003296;7.6849E-05;0.00023865;0.033244;0.00027845;0.00033166;0.0025685;0.00085873;0.006837;0.012613;0.00057258;0.037172;0.00042447;0.039672;0.0089759;0.038073;0.00018488;0.0029613
32;2.2411;0.036449;2;0.85;0.5;50;50;Euclidean(MinimumTimesMedian);0.028971;0.00052024;0.031054;0.00084106;0.0058813;0.0030333;0.0020963;0.00026456;0.026339;0.029712;0.00058573;0.0028791;0.0040561;0.00017689;0.024133;0.028842;0.00047638;0.00051188;0.0062616;0.0027897;0.03082;0.0036815;0.0009067;0.029489;0.026429;0.0035503;0.031154;0.0019528;0.023822;0.0021466;0.00049313;0.00014703;0.028636;0.0054461;2.2691E-05;0.0013221;0.0037407;0.00080658;0.0024322;0.029761;0.002618;0.022306;0.0018359;0.00022442;0.022559;0.0023433;0.0019296;0.030664;0.0011956;0.026346;0.0048558;0.0019237;0.019197;0.00051364;0.00019096;0.00026823;0.0020705;0.010287;0.029358;0.0021687;0.00064233;0.020154;0.0092223;0.028446;0.031208;0.031221;0.00064297;0.030492;0.0036801;0.0072116;0.029347;0.00043044;0.0012288;0.00041447;4.071E-05;0.0028662;0.030336;0.00058374;0.0028338;0.0039664;0.027509;0.01967;0.00063976;0.025497;0.007304;0.0016204;0.0026009;0.00028241;0.00074141;0.016578;0.026482;0.00017461;0.00061199;0.001388;0.022603;0.0022886
33;2.1581;0.035097;2;0.85;0.5;50;50;Euclidean(MinimumTimesMedian);0.00021805;1.9026E-05;0.00088076;0.00068582;0.031687;0.00039843;0.0037974;0.032296;0.03213;0.00092322;0.029407;0.013428;0.026116;0.029185;0.0090232;0.03226;0.0029708;0.031745;0.00061067;0.0029823;0.00095821;0.0016818;0.030959;0.0044864;0.0028346;0.0017861;0.032205;0.0028893;0.030773;0.011058;0.0027213;0.0084034;0.001465;0.0019944;0.0017482;0.0092864;0.029914;0.004925;0.00053289;0.031511;0.0084183;0.0012751;4.0319E-05;0.027304;0.032022;0.003042;0.0093277;0.0053624;0.00088665;0.0020517;0.0013241;0.0022825;0.0006619;0.0254;0.016393;0.0021653;0.026502;0.0020229;0.001033;0.003056;0.0060436;0.030052;0.013293;0.0033502;0.020478;0.0010089;0.032753;0.0015431;0.031544;0.03241;0.0012633;0.00019064;0.029544;0.0028178;0.008686;0.0044821;0.0074919;0.00219;0.0041888;7.2752E-05;0.0014219;0.0027187;0.003063;0.00043003;0.0029503;0.0007768;0.0033849;0.0044351;0.00065452;0.012445;0.02708;0.0050392;0.0039797;0.00074101;0.0048817;0.029129
34;1.8495;329.56;2;0.85;0.5;50;50;Euclidean(Summation);0.0022727;0.00065196;0.0031404;7.6469E-05;0.0037278;0.04907;0.00086486;0.001387;0.0028694;0.0038009;0.0046639;0.00013107;0.0011682;0.00030234;0.0015163;0.00081738;0.00036525;0.025363;0.04934;0.0035386;0.0012084;0.0035749;0.00037856;0.0010053;0.00424;0.047594;0.0016939;0.0014378;0.044929;0.0040816;0.0060748;0.0010588;0.0015912;0.00098177;3.5862E-05;0.00023925;0.0022271;0.0011836;0.0050546;0.0052032;0.0028735;0.047865;0.00071784;0.0031993;0.0020548;0.0015807;0.039204;0.00034579;0.0033141;0.0023;0.0054739;0.0023339;0.00016949;0.043487;0.011132;0.0037835;0.0015446;0.0024138;0.047214;0.00067869;0.00070838;0.020617;1.0668E-05;0.0011148;0.046334;6.7022E-05;0.0027551;0.0046295;0.0033216;0.044068;0.00026949;0.0027483;0.0039159;0.00067765;0.04468;0.0052768;0.041245;0.0053918;0.00070403;0.0016282;0.0033779;0.0029952;0.031213;0.0058155;0.050537;0.00070262;0.0046656;0.049481;0.031312;0.0094739;0.00094918;0.00023112;0.050678;0.00076254;0.0068606;0.010235
35;1.7567;313.03;2;0.85;0.5;50;50;Euclidean(Summation);0.00044781;0.00026615;0.0069682;0.0057814;0.013368;0.00019311;0.0040704;0.0052009;0.0048883;0.0014161;6.866E-05;0.0012517;0.003449;0.0030142;0.00037296;0.00093598;0.0051477;0.0018447;0.015322;0.047178;0.045434;0.002304;0.00063924;0.0035831;0.003404;0.00030302;0.0022084;0.00015319;0.0034372;0.0051364;0.04812;0.00092377;0.0029434;0.0067415;0.035131;0.010345;0.00030442;0.0099778;0.0007419;0.0094945;0.0072043;0.047192;0.011151;5.7563E-05;0.0011364;0.033804;0.0053714;0.0029937;0.0013349;0.046511;0.046717;0.0064383;0.04258;0.0025287;0.0015289;0.0030695;0.0028298;0.0020516;0.00052338;0.0030626;0.00050607;0.00051886;0.00099733;0.0026127;0.00015067;0.011101;0.0035206;0.0016712;0.0092346;0.00070937;0.00031643;0.0011584;0.0024007;0.00032553;0.00019689;0.046556;0.0088566;0.003341;0.024151;0.02297;0.00056089;0.047752;0.0021316;0.00029335;0.0051288;0.047723;0.02642;0.0011694;0.0056817;0.0012094;0.036268;0.012707;0.0056361;0.048122;0.036454;0.00084793
36;1.7765;316.56;2;0.85;0.5;50;50;Euclidean(Summation);0.0011724;0.0018459;0.036004;0.0015552;0.0061153;0.00021581;0.0025991;0.0028028;0.00028378;0.00072719;0.0055118;0.00037915;0.0021064;0.0026506;0.0019561;0.036436;0.0002968;0.0028735;0.00038616;0.00057617;0.0055692;0.00056896;0.0025359;0.0037389;0.00024612;0.001242;0.038994;0.046695;0.0043603;0.01286;0.0051939;0.0016755;0.0013291;0.0024955;0.0053973;0.038813;0.003843;0.042186;0.043432;0.0010773;0.0024189;0.045746;0.0015032;0.00063884;0.0021879;0.0048151;0.0039501;0.0028001;0.024632;0.0067452;0.00066349;0.0024737;0.00074913;0.042612;0.00079969;0.0036237;0.00010203;0.00045393;0.046403;0.045299;0.00011643;0.0028391;0.0026065;0.00061246;0.00088243;0.00068013;0.0010446;0.0052344;0.0089387;0.045478;0.0032778;0.00049778;0.0036981;0.0051251;0.013472;0.0026835;0.035424;0.040144;6.1154E-05;0.043188;0.00049718;0.0027504;0.045387;0.0045135;0.00094804;0.0034078;0.00019697;0.030132;0.0017606;0.012054;0.015916;0.0028587;0.046555;0.001601;0.00013289;0.0079197
differential evolutions parameters, by distance
i;dDE / dP;distance;type;parentWeight;crossover;population;iterations;distance;weights ->
1;1.0044;1.0729;2;0.85;0.5;50;50;Manhattan(GeometricAverage);0.015733;0.012122;0.0028677;0.0048649;0.008215;0.023206;0.017566;0.019803;0.0049006;0.019618;0.025581;0.00017282;0.0071312;0.00020864;0.00042802;0.003504;0.023456;0.010634;7.7459E-05;0.0027086;0.006478;0.00047688;0.021045;0.017087;0.024091;0.014397;0.0085585;0.025311;0.001001;0.0065571;0.00027892;0.020052;0.019272;0.012133;7.481E-05;0.021967;0.022509;0.0056213;0.024162;0.0038372;0.019871;0.0013513;0.0001234;0.017365;0.00075086;0.0012863;0.01808;0.00016297;0.0016613;0.025051;0.016618;0.00018244;0.0128;0.023661;0.0011388;0.024963;0.023585;0.0018319;0.011275;0.00081274;0.0037553;0.0088956;0.0007995;0.0057673;0.0016296;0.0028715;0.0044526;0.021987;0.0097092;0.0026618;0.016671;0.0033098;0.022083;0.010909;0.022715;0.00030716;0.0021477;0.0058725;0.0096451;0.015863;0.0011361;0.020719;0.00033676;0.013093;0.015141;0.0096393;0.0053043;0.0015697;0.00045111;0.02577;0.0012596;0.020431;0.0049639;0.021975;0.00054563;0.025336
2;1.0044;1.0729;2;0.85;0.5;50;50;Manhattan(GeometricAverage);0.0031831;0.011438;0.00059431;0.015485;0.00047389;0.026577;0.021088;0.010128;0.0013835;0.019271;0.01964;0.00052064;0.00025275;0.0061154;0.00073519;0.0091212;0.026915;0.00036619;0.00037181;0.0026505;0.0011799;0.00053684;0.024041;0.019606;0.018707;0.013582;0.01701;0.0062223;0.0027;0.00033984;0.00074346;0.023264;0.013682;0.0049963;0.0058978;0.024107;0.026909;0.00057606;0.003931;0.017157;0.020134;0.0093989;0.00058681;0.025048;0.00043051;0.0028677;0.024948;0.0005641;0.0012266;0.02377;0.003169;0.010816;0.00091622;0.020706;0.00089538;0.018484;0.027155;0.0046267;0.025183;2.7477E-05;0.0082768;0.020414;0.012387;0.00051897;0.014324;0.0034113;3.9E-05;0.013909;0.016979;0.0012066;0.01208;0.0027505;0.014839;0.013356;0.026939;0.0013673;0.00049496;0.0041505;0.0084491;0.0090859;0.0040643;0.024881;0.0010097;0.0010476;0.0026913;0.001333;0.014851;0.0043381;0.01666;0.025101;0.006296;0.02633;0.012733;0.02636;0.00048758;0.024384
3;1.0045;1.073;2;0.85;0.5;50;50;Manhattan(GeometricAverage);0.017394;0.010989;0.00049298;0.0012363;0.014541;0.023109;0.019127;0.017885;0.00052782;0.0019908;0.024088;0.00035804;0.0001653;0.004496;0.00045329;0.0074853;0.020542;0.006868;0.00025534;0.0073843;0.0086515;0.0005875;0.019555;0.0071443;0.016845;0.014826;0.023794;0.021111;0.00046256;0.0021959;0.0033979;0.013655;0.018945;0.0073975;0.0013327;0.023148;0.021572;0.00019168;0.024401;0.0098909;0.022443;0.00037496;9.4682E-05;0.024137;0.0024789;0.001095;0.022852;0.0037832;0.0043465;0.01804;0.010883;0.002843;0.0066423;0.022351;7.7312E-05;0.010264;0.023019;0.00040997;0.015017;9.1827E-06;0.0017268;0.015399;0.015859;0.0012669;0.0081899;0.002406;0.011097;0.022826;0.024299;0.00039834;0.015923;0.0026907;0.0020394;0.01498;0.023466;0.0038365;0.00060488;0.0008779;0.0068163;0.021475;0.015223;0.023207;0.0011858;0.0011738;0.017798;0.0068011;0.0067165;0.00057768;0.0083916;0.023711;0.0029752;0.018729;0.01622;0.023811;0.0039937;0.023654
4;1.0048;1315.7;2;0.85;0.5;50;50;Manhattan(Summation);0.0087823;0.0076437;0.0017047;0.0097759;0.0062306;0.02064;0.026503;0.026583;0.0041046;0.004019;0.025004;0.00014147;0.0040267;0.0020898;0.0014902;0.00096729;0.025377;0.0014536;0.0022807;0.0072522;0.0029151;0.0011108;0.024041;0.0068879;0.019762;0.0071934;0.026545;0.0022935;0.0010585;9.0912E-06;0.00046697;0.020886;0.010722;0.013609;0.0011425;0.025282;0.024271;0.0019437;0.02056;0.020442;0.021243;0.0088782;0.00030383;0.021186;0.0044249;0.00088777;0.020614;0.0012729;0.00072803;0.018267;0.010613;0.010712;0.0025772;0.027173;0.00024169;0.025889;0.022292;0.0059653;0.0081542;0.0036963;0.011455;0.0022559;0.0066794;0.0069433;0.00016724;0.0031383;0.0043401;0.0086418;0.026861;0.00022064;0.023953;0.00043519;0.0042231;0.012788;0.026015;0.0037223;0.0012778;0.0047295;0.0022339;0.0026373;0.0031422;0.021052;0.00095503;0.0028169;0.01224;0.006749;0.0090684;0.00092975;0.022378;0.025993;0.00067485;0.025706;0.021218;0.012504;0.023681;0.025844
5;1.0048;1315.7;2;0.85;0.5;50;50;Manhattan(Summation);0.011696;0.010098;0.0027874;0.0091402;0.0029897;0.018962;0.019271;0.0083191;0.0037872;0.023343;0.023862;9.7293E-05;0.00043269;0.00111;0.00087138;0.00061853;0.021462;0.02418;0.00014539;0.0087915;0.0053798;0.00024747;0.020203;0.0090011;0.022602;0.0079327;0.023027;0.024394;0.0011777;0.00044321;0.00017748;0.01951;0.0090287;0.0022536;0.0055282;0.012334;0.022454;0.00055767;0.018442;0.021136;0.024039;0.0005904;0.0012613;0.019572;0.00089224;0.0021511;0.02043;0.00058523;0.0093156;0.016743;0.010093;0.00031818;0.0011041;0.0138;0.00033465;0.024033;0.024429;0.0026952;0.00089698;0.0010639;0.011669;0.002437;0.010027;0.022179;0.012572;0.0018683;0.0015485;0.02049;0.023945;0.0039908;0.023327;0.00094756;0.022463;0.017843;0.019736;0.0045664;0.00025795;0.00045958;0.0063684;0.018197;0.013272;0.021108;3.2037E-05;0.0074657;0.0042262;0.0005391;0.01878;0.0034789;0.01963;0.022503;0.00099582;0.024142;0.013469;0.010838;0.0021423;0.020342
6;1.0049;1.0741;2;0.85;0.5;50;50;Manhattan(Average);0.012993;0.00073839;0.0055109;0.0018325;0.0047612;0.024608;0.023448;0.011646;0.0032802;0.026054;0.02675;0.00014515;0.00033239;0.013878;0.0015178;0.0056239;0.01109;0.0034015;0.0005634;0.010548;0.0089594;0.00076353;0.026653;0.023178;0.024899;0.021734;0.026191;0.016097;0.00065401;0.0027942;0.00078276;0.024105;0.0087798;0.0051106;0.0074575;0.015128;0.0071126;0.0025846;0.018596;0.022984;0.024441;0.0023556;0.00036972;0.02664;0.0013338;0.0026938;0.02109;0.0023787;0.00087766;0.02393;0.0047409;0.0037381;0.0025608;0.020777;0.00037901;0.021362;0.026543;0.0075015;0.0037121;0.00064657;0.0041148;0.017095;0.0061107;0.016976;0.0067743;0.00015577;0.0014463;0.021423;0.024329;0.00092389;0.0056395;0.0022475;0.0053388;0.0011083;0.025794;0.0013814;0.0022598;0.001418;0.0029017;0.025953;0.0018109;0.015735;0.00014485;0.0014605;0.0067551;0.004449;0.0039752;0.0027804;0.019995;0.026572;0.0051716;0.027379;0.0075588;0.021844;0.011012;0.018608
7;1.0049;1315.9;2;0.85;0.5;50;50;Manhattan(Summation);0.0073032;0.001938;0.0010131;0.002782;0.0022195;0.021298;0.014733;0.01435;0.00038208;0.022298;0.026301;0.0004436;0.00024198;0.0023461;0.0010088;0.00049515;0.027255;0.0051255;0.000876;0.0031322;0.0075697;0.003156;0.025697;0.0048421;0.0063514;0.024421;0.022614;0.020776;0.0018006;0.0012271;0.00046962;0.022971;0.011955;0.0068054;0.010461;0.019066;0.012851;0.00010084;0.020634;0.02171;0.01902;0.0025341;0.00062085;0.00043329;0.0012247;0.002378;0.025589;2.2525E-05;0.00081985;0.027151;0.0020453;0.002;0.027185;0.026486;0.00041429;0.010936;0.025838;0.024353;0.00053555;0.0015886;0.0030624;0.0021289;0.0018009;0.0023507;0.024651;0.0020245;0.0035016;0.022155;0.027002;0.0012434;0.010262;0.0019313;0.021728;0.010022;0.021495;0.00016474;0.00026772;0.00056163;0.0020722;0.0062785;0.0063496;0.025181;0.00065794;0.018581;0.011668;0.0019301;0.026685;0.00087198;0.023815;0.024337;0.0013463;0.027053;0.019796;0.015484;0.0031154;0.026229
8;1.0053;1.0745;2;0.85;0.5;50;50;Manhattan(Average);0.011361;0.00066965;0.00022781;0.0046256;0.010826;0.0236;0.028418;0.014925;0.00046804;0.024295;0.020993;0.00028392;0.00063786;0.0001568;0.0010407;0.0007676;0.026861;0.011339;0.0001288;0.0019611;0.0020118;0.0019918;0.027072;0.018401;0.0041279;0.024766;0.023376;0.027264;0.00070177;0.0044773;0.00054793;0.028086;0.024544;0.0023425;0.00081304;0.026554;0.011171;0.0026127;0.016111;0.021221;0.022953;0.0055801;0.00053311;0.02184;0.0030228;0.0010447;0.021737;0.0050756;0.0012186;0.021903;0.012418;0.0021388;0.004369;0.028646;0.0019774;0.011876;0.026241;0.0022452;0.017928;7.6528E-05;0.0089392;0.00080986;0.0068318;0.0036465;0.0030156;0.0029354;0.0022715;0.018289;0.027244;0.00089969;0.017502;0.00067816;0.019313;0.01145;0.026439;7.0235E-05;0.00042239;0.0014485;0.011919;0.015983;0.0047399;0.009411;0.0011622;0.0069017;0.0065857;0.0012462;0.00076073;0.0051642;0.012604;0.02615;0.0028142;0.02814;0.013637;0.0069056;0.0014043;0.027662
9;1.0053;1.0746;2;0.85;0.5;50;50;Manhattan(Average);0.017543;0.0033673;0.002254;0.0085549;0.015683;0.025901;0.028444;0.024093;0.00012022;0.008595;0.02653;0.00014321;3.8244E-05;0.0048337;0.0012312;0.00016803;0.026847;0.0030474;0.00044366;0.0024941;0.000315;0.002384;0.026859;0.012983;0.024602;0.0046578;0.019175;0.0067193;0.0012262;0.00020841;0.00078087;0.027138;0.005998;0.0061758;0.00011502;0.019826;0.022226;0.0014005;0.019215;0.011566;0.028974;0.0023022;5.1808E-05;0.020959;0.0037585;0.0047545;0.011082;0.0022722;0.0029685;0.023502;0.0079905;0.0034561;0.012011;0.014422;3.2426E-05;0.025903;0.028962;1.3658E-05;0.012521;0.00090513;0.0005441;0.0028192;0.0062665;0.00081829;0.012586;0.017891;0.0052566;0.028476;0.027431;0.00021776;0.026487;5.5677E-05;0.02101;0.004231;0.024447;0.0027389;0.00089563;0.0015251;0.0019353;0.024328;0.002219;0.024231;0.00032776;0.0045365;0.0040972;0.0018996;0.0034276;0.0064942;0.028915;0.027939;0.00081924;0.027904;0.0024862;0.0029155;0.0046179;0.026466
10;1.0078;1.0773;2;0.85;0.5;50;50;Manhattan(Median);0.0046975;0.014402;0.010333;0.013215;0.01422;0.0045835;0.010679;0.0062386;0.019197;0.002489;0.0088514;0.0037292;0.00057878;0.011357;0.0024245;0.016825;0.0013628;0.0013358;0.0082498;0.013038;0.013417;0.014365;0.0069237;0.001385;0.020604;0.012871;0.019783;0.0028543;0.00095905;0.0081184;0.0066495;0.012064;0.008303;0.012376;0.019423;0.0012441;0.014971;0.019471;0.02013;0.017652;0.0031007;0.013473;0.0076197;0.0203;0.00080893;0.012233;0.00099198;0.0051617;0.0059404;0.015723;0.019201;0.012368;0.010197;0.017148;0.011519;0.012005;0.0087197;0.003035;0.013268;0.0096227;0.016664;0.0011329;0.0091661;0.016262;0.002023;0.017917;0.00065194;0.0077031;0.018903;0.0088601;0.012768;0.011879;0.0053016;5.8666E-05;0.0029211;0.0027304;0.0086461;0.020605;0.005666;0.011621;0.0095698;0.0038397;0.0023161;0.01895;0.018686;0.014518;0.019882;0.012185;0.01239;0.019521;0.018582;0.0052442;0.016055;0.018148;0.019017;0.0058044
11;1.008;1.0775;2;0.85;0.5;50;50;Manhattan(Median);0.00098236;0.0089364;0.014481;0.013946;0.0085626;0.0017997;0.0078933;0.011748;0.012976;0.015009;0.019186;0.0037496;0.013582;0.0059397;0.0049753;0.012695;0.0038254;0.010552;0.003518;0.0023652;0.0044315;0.0042565;0.016288;0.012614;0.018972;0.0068412;0.016178;0.012234;0.0056456;0.0021904;0.0013065;0.019387;0.0037207;0.0096433;0.002487;0.01256;0.009795;0.019267;0.012845;0.01361;0.018843;0.017918;0.0093432;0.0071832;0.01571;0.009339;0.0078062;0.00067068;0.0063119;0.01624;0.017184;0.00074408;0.017686;0.0096568;0.00066412;0.015032;0.014477;0.010145;0.019068;0.016555;0.01405;0.0020628;0.017036;0.019566;0.0088581;0.00054044;0.0046432;0.016305;0.019341;0.0053327;0.016303;0.013537;0.019414;0.0019202;0.015948;0.00069048;0.0018246;0.019591;0.013597;0.012996;0.019462;0.007919;0.014926;0.0021633;0.016208;0.0021943;0.008675;0.011308;0.014527;0.015825;0.011109;0.00044556;0.017887;0.012804;0.0014555;0.0079642
12;1.0081;1.0776;2;0.85;0.5;50;50;Manhattan(Median);0.0097097;0.013261;0.0066821;0.00016894;0.022312;0.0065682;0.0068173;0.022663;0.0025806;0.0095732;0.010248;0.0009979;0.0034216;0.0079523;0.010335;0.021617;0.0094858;0.015819;0.0074662;0.018801;0.02211;0.013225;0.0054643;0.0041952;0.016854;0.019788;0.015552;0.0039815;0.012511;0.021316;0.0072736;0.0016472;0.00973;0.014017;0.0075249;0.017054;0.020534;0.011289;0.014554;0.021594;0.00031695;0.020422;0.0063881;0.011704;0.0025655;0.001403;0.0080033;0.017757;0.0017016;0.0036404;0.0040912;0.0018209;0.016404;0.022271;0.012408;0.0069453;0.013277;0.0012158;0.0066836;0.010161;0.0092635;0.0014065;0.006745;0.01769;0.022468;0.0018552;0.019643;0.012666;0.012381;0.0057968;0.0035061;0.014168;0.00071845;0.009418;0.01624;0.0016332;0.0026901;0.0034446;0.0062241;0.014067;0.021018;0.0065684;0.0066873;0.015765;0.0014406;0.0022303;0.0069063;0.0098334;0.013326;0.019692;0.01525;0.017485;0.019318;0.016261;0.002306;0.0080135
13;1.0485;1.0439;2;0.85;0.5;50;50;Manhattan(MinimumTimesMedian);0.01358;0.016733;0.00071999;0.018986;0.018501;0.0029055;0.0091247;0.0054228;0.019047;0.010886;0.0077176;0.0012552;0.014315;0.0030918;0.00069214;0.017613;0.005277;0.0052374;0.0029206;0.0089393;0.0016829;0.0017966;0.00058357;0.013373;0.018935;0.0079946;0.0095654;0.0046417;0.0090237;0.011571;0.014767;0.019553;0.0026874;0.018433;0.018133;0.017374;0.011442;0.0013574;0.01708;0.019207;0.007585;0.012703;0.014426;0.01518;0.013649;0.0057991;0.016689;0.0013234;0.0092195;0.0034967;0.018053;0.013226;0.0085339;4.8833E-05;0.012637;0.0073405;0.015115;0.018491;0.016882;0.0031785;0.011269;0.015599;0.0079166;0.0043364;0.010128;0.012847;0.012881;0.0064743;0.01478;0.018231;0.011046;0.0093474;0.0058282;0.012758;0.01278;0.0075301;0.013513;0.0063078;0.0040607;0.019089;0.0072787;0.018208;0.015243;0.011019;0.017569;0.017847;0.010307;0.011031;0.011546;0.012287;0.0040194;0.0016126;0.00010356;0.015376;0.0028349;0.011251
14;1.0491;0.97717;2;0.85;0.5;50;50;Manhattan(Minimum);0.015579;0.0046914;0.0067172;0.015349;0.016031;0.018495;0.013341;0.0077931;0.0030826;0.018063;0.012729;0.0014685;0.014898;0.014885;0.0077255;0.012108;0.00025364;0.0030174;0.0067411;0.00023278;0.0070836;0.0058354;0.013737;0.003777;0.0067414;0.0074511;0.017544;0.010249;0.016744;0.0087508;0.0072834;0.014069;0.005529;0.0098117;0.014563;0.019336;0.0088055;0.0057274;0.00027313;0.0074352;0.017109;0.0038871;0.015315;5.7771E-06;0.018652;0.0084211;0.018627;0.004914;0.016609;0.017664;0.0088556;0.0075564;0.016884;0.018713;0.0085444;0.0020035;0.0049207;0.009895;0.020059;0.012147;0.01097;0.016516;0.0042951;0.0064704;0.020145;0.019847;0.013517;0.016722;0.013439;0.015294;0.016323;0.00038073;0.0040821;0.010232;0.020602;0.017951;0.013965;0.0079489;0.0099655;0.017565;0.014198;0.0051353;0.011634;0.0038506;0.012452;0.010616;0.020595;0.00079465;0.0054731;0.008295;0.0017487;0.0030254;0.0040718;0.014203;0.0013511;0.011594
15;1.0505;0.97846;2;0.85;0.5;50;50;Manhattan(Minimum);0.017898;0.012714;0.00015002;0.016238;0.0042121;0.0044418;0.017797;0.007496;0.0071933;0.005133;0.019199;0.0023806;0.020436;0.015751;0.014594;0.005559;0.0022719;0.013468;0.0032997;0.0025255;0.0073952;0.0074126;0.018466;0.020165;0.013907;0.0091542;0.011978;0.0020702;0.0068517;0.011363;0.009574;0.018367;0.01371;0.010103;0.015567;0.01755;0.01708;0.011669;0.0021166;0.00068202;0.0072696;0.0024086;0.0093397;0.0090587;0.012657;0.0041705;0.01406;0.0030254;0.010729;0.01735;0.015097;0.0072216;0.010615;0.0057415;0.014371;0.0088276;0.015907;0.0095633;0.014424;0.010955;0.01783;0.011944;0.0011086;0.0062771;0.010196;0.0062319;0.0020809;0.01693;0.017366;0.017864;0.0088063;0.01018;0.0058844;0.018242;0.019182;0.012067;0.00051126;0.013671;0.017734;0.0008124;0.00031548;0.0097297;0.018362;0.014896;0.018643;0.019153;0.01535;0.012739;0.00086866;0.014535;0.00077178;0.0052243;0.0071883;0.0101;0.0029479;0.013522
16;1.0512;1.0466;2;0.85;0.5;50;50;Manhattan(MinimumTimesMedian);0.01807;0.014873;0.0005472;0.013627;0.0063711;0.0096224;0.016021;0.01413;0.0080921;0.014273;0.018101;0.0050864;0.016435;0.016717;0.0055445;0.0031116;0.0050057;0.01299;0.0021859;0.0095029;0.01101;0.0066016;0.010903;0.012511;0.014093;0.0074638;0.013417;0.0052339;0.007344;0.0080723;0.011515;0.010707;0.0054492;0.01564;0.014545;0.016719;0.01662;8.5359E-05;0.012144;0.0093456;0.010141;0.011207;0.0067752;0.016791;0.014526;0.00075294;0.016178;0.0017073;0.012691;0.0035522;0.0092262;0.0050241;0.0096344;0.014535;0.010499;0.005631;0.0055115;0.0074874;0.014964;0.0014288;0.015279;0.017707;0.0097567;0.0084513;0.016772;0.017906;0.0093653;0.014681;0.0066851;0.016896;0.015859;0.014658;0.0035933;0.0087556;0.01237;0.014708;0.0080914;0.007022;0.014817;0.017711;0.0013438;0.0056797;0.015758;0.0014302;0.017928;0.0023999;0.01412;0.0053514;0.014121;0.013766;0.0022858;0.0077859;0.014239;0.01033;0.0083198;0.016066
17;1.0515;1.0469;2;0.85;0.5;50;50;Manhattan(MinimumTimesMedian);0.013257;0.0055164;0.00048054;0.013326;0.009282;0.01126;0.0032287;0.008775;0.016241;0.012086;0.016926;0.00098138;0.017446;0.011755;0.015669;0.0080337;0.012249;0.0039503;0.0040682;0.006673;0.0060564;0.00053446;0.0076927;0.014516;0.0036104;0.013448;0.0044267;0.0070537;0.013251;0.017263;0.0036035;0.018046;0.015207;0.018044;0.0099544;0.018376;0.016138;0.0020573;0.0016398;0.012249;0.0023177;0.0093919;0.017808;0.0079043;0.01526;0.0026927;0.0087685;0.016309;0.018937;0.013473;0.015543;0.016424;0.011469;0.010026;0.0073802;0.0068844;0.014739;0.0087014;0.017951;0.0012828;0.00056765;0.0098455;0.0063342;0.015298;0.016558;0.011103;0.016705;0.014045;0.018417;0.015258;0.0099181;0.017772;0.0055981;0.0077582;0.014249;0.0078182;0.017004;0.0086751;0.0055857;0.0085083;0.018573;0.0032295;0.011303;0.0093455;0.018248;0.0084752;0.013041;0.005473;0.0040618;0.011127;0.011885;0.0058473;0.0030576;0.015178;0.0014343;0.015069
18;1.0544;0.9821;2;0.85;0.5;50;50;Manhattan(Minimum);0.017498;0.0079391;0.00064163;0.014476;0.0088481;0.011578;0.0055949;0.0095184;0.0057043;0.020762;0.018358;0.0027094;0.015875;0.01119;0.0062079;0.00060199;0.0084474;0.015081;0.0016082;0.0030078;0.004935;0.0050919;0.017404;0.0074663;0.019553;0.020358;0.0062123;0.0076056;0.018;0.012172;0.015495;0.015047;0.011191;0.010268;0.019574;0.012848;0.014602;0.012841;0.00459;0.0041887;0.0031271;0.014107;0.012683;0.007645;0.011188;0.0074987;0.008936;0.013433;0.011464;0.0084719;0.019009;0.018535;0.011079;0.0041921;0.0046056;0.006228;0.0096898;0.0083002;0.017825;0.0010411;0.011711;0.0082551;0.007888;0.0099868;0.015276;0.013151;0.0088627;0.014834;0.019537;0.015619;0.017385;0.0097703;0.0056973;0.015651;0.017458;0.0077537;0.017241;5.4376E-05;0.0053903;0.010209;0.0033553;0.0037508;0.011974;0.0093774;0.012726;0.020302;0.0094839;0.00943;0.010441;0.017459;0.0015478;0.0037056;0.0085546;0.0087086;0.0017953;0.01151
19;1.3231;0.14815;2;0.85;0.5;50;50;Euclidean(Minimum);0.020363;0.016326;0.017662;0.00034405;0.0016106;0.021618;0.021444;0.021567;0.0089643;0.020066;8.1796E-05;0.0081931;0.018056;0.0013492;0.002697;0.007287;0.00020508;0.018959;0.020428;0.0012476;0.020784;0.00011268;0.017036;0.021163;0.02142;0.01184;3.6755E-05;0.01537;0.0081774;0.0016028;0.0013739;0.014658;0.0033784;0.020332;0.021381;0.0059634;0.0010199;0.020015;0.0002176;0.014882;0.016833;0.0030983;0.021032;2.0918E-05;0.020955;9.4862E-05;0.01886;0.0032783;0.00036535;0.013898;0.0050577;0.0021276;0.020568;4.0054E-05;0.013777;0.0011706;0.021597;0.020128;0.0020063;0.012939;0.010102;0.0032983;0.015256;0.0027806;0.00011562;0.018414;0.0046966;0.020777;0.019413;0.00012953;0.017384;0.020607;0.0018435;0.0091;0.0068562;0.00313;0.00038613;0.021624;0.0010397;0.00013228;0.014725;0.00061175;0.0010426;0.01877;0.021593;0.018615;0.020627;0.018657;0.0015852;0.016053;0.003732;0.0017686;0.0016259;0.014064;0.021526;0.00083799
20;1.3482;0.15095;2;0.85;0.5;50;50;Euclidean(Minimum);0.023779;0.0001601;0.011186;1.863E-05;0.00010813;0.00086728;0.0076107;0.006521;0.012832;0.00044499;0.021367;0.0012999;0.002442;0.0033736;0.0056785;0.0061733;0.0046638;0.0014312;0.018175;0.00047888;0.024447;0.013373;0.0057987;0.011385;0.00038492;0.00042805;0.0099367;0.01209;0.0032851;0.0038412;0.010509;0.023167;0.015544;0.00056615;0.022414;0.01624;0.021925;0.016176;0.00045233;0.0012777;0.023377;0.024172;0.0015158;0.021402;0.0001584;0.00080779;0.0058567;0.021598;0.024438;0.0007317;0.021165;0.024224;0.00017382;0.0006621;0.022013;0.020251;0.0026094;0.017125;0.023748;0.00015704;0.022576;0.0064131;0.0032441;0.022191;0.00085697;0.00016545;0.00021926;0.00023673;0.0016308;0.019874;0.01737;0.024001;0.00032654;0.00081338;0.024447;0.019692;0.023688;0.021195;0.00090218;0.00474;0.0091208;0.0003997;0.0016921;0.014383;0.017961;0.0020815;0.021393;0.020916;0.02383;0.01832;0.020703;0.0005753;0.00064423;0.00017396;0.012072;0.023113
21;1.3823;0.15477;2;0.85;0.5;50;50;Euclidean(Minimum);0.025638;0.00225;0.017687;0.019059;0.026266;0.024502;0.022338;0.0037018;0.021446;0.00072764;0.00073084;0.026007;0.024201;0.022308;0.0095053;0.0022709;0.0046265;0.015674;0.00066957;0.0015047;0.020725;0.0092056;0.0008923;0.00046216;0.017191;0.011727;0.0046082;0.023563;0.0019179;0.023389;0.0011262;0.020928;0.025739;0.00073513;0.024718;0.022758;0.0022163;0.023869;0.002071;0.0011285;0.00011467;4.4557E-05;0.00094308;0.00084976;0.025023;0.00098939;0.0014865;0.0049255;0.0018097;0.026285;0.015285;0.00091905;0.0017176;0.00012465;0.0098964;0.0041706;0.0066269;0.016724;0.0068854;0.0040345;0.025987;0.0010656;0.0073941;0.00047085;0.0061215;0.0065904;0.024524;0.0049736;0.024077;0.001004;0.0007371;0.023449;0.0065725;0.023841;0.024107;0.0014632;0.0078691;0.010183;0.0025087;0.00045759;0.0039637;0.00048369;0.0052132;0.00051235;0.023694;0.021191;0.001001;0.020692;0.0053768;0.02596;0.019088;0.015547;0.0026846;0.0002279;0.0069529;0.0050794
22;1.7304;0.25135;2;0.85;0.5;50;50;Euclidean(Median);0.045464;0.0059915;0.00018592;0.0028026;0.0003962;0.042823;0.00078138;0.0002964;9.6966E-05;0.0015654;0.0017962;0.0034439;0.0024341;0.0021062;0.0036794;0.045256;5.5495E-05;0.0038118;0.042546;0.0022539;0.0028437;0.0093163;0.0071023;0.006636;0.00073529;0.013262;0.0025996;0.045515;0.00019944;0.0027332;0.0070633;0.039018;0.0063303;0.0073388;0.0023885;0.040548;0.0076839;0.0037801;0.0018171;0.00071572;0.0099356;0.00059381;0.0072554;0.00098058;0.020704;0.012678;0.0019286;0.039972;0.038892;0.0010306;0.00078148;0.045322;0.00033923;0.004231;0.038698;0.00065256;0.0027003;0.0011584;0.028112;0.00045867;0.00017702;0.0010985;0.044781;0.00068353;0.0029269;0.0044275;0.0021025;0.00060545;0.0015042;0.019961;0.0065702;7.28E-05;0.0035907;0.042506;0.0019626;0.0055225;0.00028259;0.0052605;0.001173;0.039058;0.0055648;0.00074941;0.04512;0.0089535;0.0018215;0.045187;0.00013262;0.00026053;0.013295;0.0015842;0.001129;0.0042322;0.0033181;0.0048342;0.0062372;0.0014786
23;1.7415;0.25295;2;0.85;0.5;50;50;Euclidean(Median);0.00049653;0.031418;0.010734;0.0034312;0.00025274;0.00020125;0.00046824;0.00050551;0.038036;0.035873;0.038746;0.00064354;0.00032197;0.00024555;0.0085064;0.040372;0.00073491;0.039203;0.00097129;0.0040276;0.0020134;0.0021387;0.0021871;0.00026598;0.0049714;0.0014659;0.038059;0.00035249;0.04038;0.0016269;0.00025889;0.040941;0.036055;0.040078;0.0017877;2.2001E-05;0.0041377;0.00097033;0.0024715;0.002134;0.017653;3.505E-05;0.00027964;0.001804;0.0016653;0.0010642;0.0013476;0.03668;0.0025653;0.0013178;0.00037609;0.0018515;0.003099;0.035225;0.00020475;0.0031911;0.032993;0.040788;0.001894;0.0035537;0.0085648;0.00060946;2.8212E-05;0.0024102;0.010589;0.00085682;0.0010012;0.0017421;0.002029;0.0064515;0.0010273;0.0016887;0.039522;0.03388;0.039821;0.00057763;0.0018717;0.00022846;0.012479;0.0015029;0.040508;0.00086947;0.0052738;0.0033742;0.022496;0.0015501;0.034338;0.0033625;0.0096352;0.0014189;0.00029908;0.0014004;0.038579;0.0038166;0.00069916;0.00040311
24;1.7518;0.25422;2;0.85;0.5;50;50;Euclidean(GeometricAverage);0.0077224;0.041742;0.027517;0.00030803;0.00045541;0.002641;0.0036522;0.00081795;0.0026098;0.0012688;0.0031117;0.043504;0.00098673;0.04578;0.00059484;0.0020375;0.0016467;0.00010446;0.0059903;0.00073834;0.0020629;0.0046842;0.0033027;0.041672;0.00065863;0.0024615;0.021288;0.046361;0.0050452;0.0017126;0.00039767;0.0027702;0.00057984;0.00066506;0.00099055;0.0036539;0.0031467;0.041772;0.00074882;0.00028087;0.025765;0.0015133;0.043366;0.00071245;0.0010941;0.0054104;0.016266;0.00095019;0.0010437;0.01029;0.0011554;0.0013285;0.045683;0.0020704;0.0015274;0.041344;0.0015435;0.025257;0.00066319;0.005042;0.013036;0.0049882;0.0029001;0.044153;0.0010041;0.0018712;0.0011591;0.046336;0.013702;4.2664E-05;0.002483;0.001285;0.037075;0.00013176;0.0020885;0.0010103;0.0013788;0.00026201;0.00080021;0.00049899;0.013576;0.0077364;0.0037846;0.0013658;0.046323;0.024397;0.0096991;0.045936;0.0042057;0.0022952;0.0020852;0.0034744;0.0047289;0.044363;9.4394E-05;0.00022145
25;1.7562;0.25486;2;0.85;0.5;50;50;Euclidean(GeometricAverage);0.0039728;0.0014107;0.0023884;0.0039022;0.0061496;0.0065225;0.01288;0.0027291;0.0045476;0.045307;0.006702;0.00027868;0.046753;0.0070555;0.0099511;0.0070957;0.0017408;0.0055566;0.032415;0.046472;0.00093297;0.0013254;0.00054101;4.1472E-05;0.0041924;0.0025203;6.2175E-05;0.044159;0.00086682;0.00063068;0.003098;0.00032594;1.3424E-05;0.011266;0.038137;0.0040208;0.042372;0.014693;0.016457;0.00041687;0.0027226;0.0042499;0.0030457;0.00017884;0.044277;7.0444E-05;0.044036;0.0075646;0.002641;0.0014317;0.00026472;0.00088926;0.0037993;0.043383;0.00020544;0.0097015;0.015785;0.046684;0.002309;0.0085244;0.046484;0.00086171;0.0020351;0.0067699;7.3997E-05;0.001572;0.0080036;0.0016345;0.046549;0.042411;0.0059485;0.00052137;0.0035701;0.0012989;0.012014;0.0018591;0.00063732;0.00048516;0.045794;0.0013186;0.00082741;0.0026915;0.00078857;0.046171;0.00012252;0.0020775;0.0028641;0.010321;0.00032102;0.0040699;0.0017043;0.0031936;0.00068145;0.0017201;0.0052509;0.0056885
26;1.7567;313.03;2;0.85;0.5;50;50;Euclidean(Summation);0.00044781;0.00026615;0.0069682;0.0057814;0.013368;0.00019311;0.0040704;0.0052009;0.0048883;0.0014161;6.866E-05;0.0012517;0.003449;0.0030142;0.00037296;0.00093598;0.0051477;0.0018447;0.015322;0.047178;0.045434;0.002304;0.00063924;0.0035831;0.003404;0.00030302;0.0022084;0.00015319;0.0034372;0.0051364;0.04812;0.00092377;0.0029434;0.0067415;0.035131;0.010345;0.00030442;0.0099778;0.0007419;0.0094945;0.0072043;0.047192;0.011151;5.7563E-05;0.0011364;0.033804;0.0053714;0.0029937;0.0013349;0.046511;0.046717;0.0064383;0.04258;0.0025287;0.0015289;0.0030695;0.0028298;0.0020516;0.00052338;0.0030626;0.00050607;0.00051886;0.00099733;0.0026127;0.00015067;0.011101;0.0035206;0.0016712;0.0092346;0.00070937;0.00031643;0.0011584;0.0024007;0.00032553;0.00019689;0.046556;0.0088566;0.003341;0.024151;0.02297;0.00056089;0.047752;0.0021316;0.00029335;0.0051288;0.047723;0.02642;0.0011694;0.0056817;0.0012094;0.036268;0.012707;0.0056361;0.048122;0.036454;0.00084793
27;1.7695;0.2574;2;0.85;0.5;50;50;Euclidean(Average);0.042134;0.0012202;0.038736;0.00058867;0.0035536;0.043879;0.00042032;0.043194;0.00037322;0.034629;0.0003891;0.00286;0.00050363;0.029882;0.0023729;0.007951;0.011561;0.038948;0.0011575;0.00059754;0.0030743;0.043062;0.0052129;0.043721;0.00085383;1.898E-05;0.0033628;0.0020189;0.0014642;0.00056951;0.0010391;3.2393E-06;0.0016956;0.012094;0.0027198;0.0053951;0.0022957;0.00045454;0.0012053;2.2355E-05;0.0013651;0.0032202;0.040447;0.0061535;0.0042857;0.0013118;0.0070976;0.00067331;0.00074941;0.0022254;0.0043339;0.003062;0.032195;0.00079489;0.0014117;0.0031676;0.037398;0.0018795;0.0026911;0.0055587;0.042508;0.0017366;0.0022173;0.043156;0.0037329;0.00027877;0.0011733;0.0021685;0.0018675;3.4965E-05;0.004259;0.0015793;0.0021457;3.1181E-05;0.043671;0.035628;0.0036848;0.0091742;0.0075506;0.0016345;0.0029055;0.0003847;0.039719;0.0073042;0.036958;0.0041789;0.0013542;0.043017;0.0017011;0.00063323;0.00015921;0.00030125;0.00025051;0.042759;0.011292;0.0035974
28;1.7765;316.56;2;0.85;0.5;50;50;Euclidean(Summation);0.0011724;0.0018459;0.036004;0.0015552;0.0061153;0.00021581;0.0025991;0.0028028;0.00028378;0.00072719;0.0055118;0.00037915;0.0021064;0.0026506;0.0019561;0.036436;0.0002968;0.0028735;0.00038616;0.00057617;0.0055692;0.00056896;0.0025359;0.0037389;0.00024612;0.001242;0.038994;0.046695;0.0043603;0.01286;0.0051939;0.0016755;0.0013291;0.0024955;0.0053973;0.038813;0.003843;0.042186;0.043432;0.0010773;0.0024189;0.045746;0.0015032;0.00063884;0.0021879;0.0048151;0.0039501;0.0028001;0.024632;0.0067452;0.00066349;0.0024737;0.00074913;0.042612;0.00079969;0.0036237;0.00010203;0.00045393;0.046403;0.045299;0.00011643;0.0028391;0.0026065;0.00061246;0.00088243;0.00068013;0.0010446;0.0052344;0.0089387;0.045478;0.0032778;0.00049778;0.0036981;0.0051251;0.013472;0.0026835;0.035424;0.040144;6.1154E-05;0.043188;0.00049718;0.0027504;0.045387;0.0045135;0.00094804;0.0034078;0.00019697;0.030132;0.0017606;0.012054;0.015916;0.0028587;0.046555;0.001601;0.00013289;0.0079197
29;1.7951;0.2605;2;0.85;0.5;50;50;Euclidean(GeometricAverage);0.0034092;0.0009728;0.050722;0.00064934;0.0046963;0.0035946;0.0078224;0.0061961;0.0024199;0.0035845;0.0047173;0.00098793;5.693E-05;0.0044208;0.0010962;0.00778;0.00107;0.0018493;0.00075032;0.036836;0.0035086;0.012451;0.0039057;0.0015879;0.037451;0.010637;0.00012792;0.0053378;0.0015573;0.00089214;0.011099;0.00029163;0.0054905;0.0058619;0.00035976;0.04333;0.0050199;0.05039;0.0067723;0.00057632;0.0042465;0.00084465;0.0030978;0.0031727;0.0042049;0.0033298;0.00041544;0.0034413;0.051259;2.8776E-05;0.0019526;0.00047252;0.04561;0.051157;9.1466E-05;0.0037077;0.049771;0.00046649;0.012329;0.0036981;0.046862;0.045349;0.043682;0.0035021;0.00028579;0.00023324;0.0025539;0.00094566;0.048809;0.010433;0.0013689;0.018809;0.0088699;0.00068271;0.00030415;0.0016534;0.0053666;0.006212;0.016461;0.0021732;0.0027103;0.00038456;0.00054828;0.00086181;0.0034492;0.0036378;0.052006;0.00739;0.0050993;0.00092178;0.00013916;0.008123;0.0032568;0.00077427;0.0035571;0.049009
30;1.8044;0.26247;2;0.85;0.5;50;50;Euclidean(Average);0.0041286;0.00030129;0.0012803;0.0015141;0.043713;0.013875;0.0038292;0.044378;0.002125;0.0010105;0.047542;0.00028763;0.00017825;0.031684;0.038163;0.0027114;0.016436;0.00010024;0.004987;0.00070327;0.0083216;0.001663;0.00019796;0.00028907;0.04337;0.00015868;0.0030627;0.0050249;0.0031555;0.0033215;0.046324;0.039525;0.0023463;0.00043538;0.0093228;0.00067218;0.0056317;0.011456;0.043815;0.0035214;0.047453;4.1383E-05;0.037521;0.00086959;0.0023219;0.0046336;0.0013941;0.00037084;0.0036419;0.0017324;0.00035513;0.037242;0.0016307;0.0012281;0.046638;0.0013637;3.8483E-05;6.94E-05;0.0027984;0.00050783;0.00086702;0.0021921;0.0047371;0.028065;0.00077323;0.001083;0.0033427;0.008386;9.4579E-05;0.000926;0.04616;0.033303;0.0038365;0.0012279;0.046034;0.0020904;0.0019847;0.00053773;0.0019098;0.00020688;0.002604;0.00065807;0.0001792;0.0020833;0.045912;0.0065773;0.0078655;0.0021765;0.00018782;8.0077E-05;0.0095766;0.0026143;0.0017906;0.040411;0.002831;0.0042798
31;1.8073;0.26289;2;0.85;0.5;50;50;Euclidean(Average);0.00017004;0.00023249;0.0024096;0.0091423;0.00092495;0.0018359;0.00055123;0.001644;0.0040624;4.4435E-05;0.011917;0.0071506;0.0008029;0.0081101;0.046551;0.045112;0.00063871;0.04639;0.043601;0.0047593;0.00038143;0.037897;0.0007369;0.0014149;0.0068412;0.010091;0.00088567;0.001871;0.0012939;0.00034493;0.0014241;0.046546;0.00073388;7.5564E-05;0.00081299;0.0036348;0.0025076;0.00032158;0.003635;0.04002;0.041095;0.00021423;0.0028267;0.0020932;0.0010671;0.00029932;0.0067005;0.0066217;0.04175;0.0034318;0.0024675;0.0037932;0.011576;0.0029307;0.0026919;0.0038805;0.042168;0.039649;0.00081185;0.0079126;0.0024567;0.025152;0.00070465;0.0056709;3.1303E-05;9.4922E-05;0.005704;0.0040962;0.03983;0.00042473;0.0041759;0.045014;0.04518;0.00034684;0.00029594;0.043321;0.046515;0.0015711;8.8447E-05;0.0014413;0.0020139;0.0087091;0.0051649;0.00044455;0.0023853;0.0016212;0.00050635;0.031403;0.00045424;0.0025767;0.043797;0.0014494;0.00090744;0.00027325;0.0030012;0.0016734
32;1.8092;0.26279;2;0.85;0.5;50;50;Euclidean(Median);0.012776;0.0009008;0.042721;0.00077256;0.037581;0.032247;0.0015576;0.039326;0.00060995;0.0028838;0.00061479;0.00020317;0.0014197;0.0034395;0.039482;0.00064842;0.00019528;0.0046128;0.0010453;0.045175;0.0023197;0.041548;0.0012361;0.04239;0.026695;0.00029679;0.00043747;0.0019006;0.044111;0.00012751;0.0032201;0.0030836;0.0010837;0.044058;0.002323;0.0058344;0.00017079;0.0013018;0.0030172;0.0011653;0.00097496;0.0014264;0.00015488;0.00034058;0.00084123;0.0010893;4.6818E-05;0.0032982;0.043617;0.0045045;0.037724;0.014668;0.034734;0.014063;0.00052881;0.0024256;0.00013874;0.00074303;0.0017385;0.00070964;0.00084209;0.011701;0.0016917;0.0018562;0.0002224;9.3585E-05;0.0019166;0.00048495;0.00024671;0.0013607;9.5156E-05;0.0009936;0.043839;0.0041151;0.044879;0.0011007;0.04259;0.042993;0.00092923;0.037463;0.0017592;0.0030527;0.00051216;0.027031;0.0050826;0.045346;0.0035355;0.0016177;0.00054685;9.7891E-05;0.0010123;0.0041084;0.0022439;0.0014923;0.00073861;0.0041107
33;1.8495;329.56;2;0.85;0.5;50;50;Euclidean(Summation);0.0022727;0.00065196;0.0031404;7.6469E-05;0.0037278;0.04907;0.00086486;0.001387;0.0028694;0.0038009;0.0046639;0.00013107;0.0011682;0.00030234;0.0015163;0.00081738;0.00036525;0.025363;0.04934;0.0035386;0.0012084;0.0035749;0.00037856;0.0010053;0.00424;0.047594;0.0016939;0.0014378;0.044929;0.0040816;0.0060748;0.0010588;0.0015912;0.00098177;3.5862E-05;0.00023925;0.0022271;0.0011836;0.0050546;0.0052032;0.0028735;0.047865;0.00071784;0.0031993;0.0020548;0.0015807;0.039204;0.00034579;0.0033141;0.0023;0.0054739;0.0023339;0.00016949;0.043487;0.011132;0.0037835;0.0015446;0.0024138;0.047214;0.00067869;0.00070838;0.020617;1.0668E-05;0.0011148;0.046334;6.7022E-05;0.0027551;0.0046295;0.0033216;0.044068;0.00026949;0.0027483;0.0039159;0.00067765;0.04468;0.0052768;0.041245;0.0053918;0.00070403;0.0016282;0.0033779;0.0029952;0.031213;0.0058155;0.050537;0.00070262;0.0046656;0.049481;0.031312;0.0094739;0.00094918;0.00023112;0.050678;0.00076254;0.0068606;0.010235
34;2.1581;0.035097;2;0.85;0.5;50;50;Euclidean(MinimumTimesMedian);0.00021805;1.9026E-05;0.00088076;0.00068582;0.031687;0.00039843;0.0037974;0.032296;0.03213;0.00092322;0.029407;0.013428;0.026116;0.029185;0.0090232;0.03226;0.0029708;0.031745;0.00061067;0.0029823;0.00095821;0.0016818;0.030959;0.0044864;0.0028346;0.0017861;0.032205;0.0028893;0.030773;0.011058;0.0027213;0.0084034;0.001465;0.0019944;0.0017482;0.0092864;0.029914;0.004925;0.00053289;0.031511;0.0084183;0.0012751;4.0319E-05;0.027304;0.032022;0.003042;0.0093277;0.0053624;0.00088665;0.0020517;0.0013241;0.0022825;0.0006619;0.0254;0.016393;0.0021653;0.026502;0.0020229;0.001033;0.003056;0.0060436;0.030052;0.013293;0.0033502;0.020478;0.0010089;0.032753;0.0015431;0.031544;0.03241;0.0012633;0.00019064;0.029544;0.0028178;0.008686;0.0044821;0.0074919;0.00219;0.0041888;7.2752E-05;0.0014219;0.0027187;0.003063;0.00043003;0.0029503;0.0007768;0.0033849;0.0044351;0.00065452;0.012445;0.02708;0.0050392;0.0039797;0.00074101;0.0048817;0.029129
35;2.2411;0.036449;2;0.85;0.5;50;50;Euclidean(MinimumTimesMedian);0.028971;0.00052024;0.031054;0.00084106;0.0058813;0.0030333;0.0020963;0.00026456;0.026339;0.029712;0.00058573;0.0028791;0.0040561;0.00017689;0.024133;0.028842;0.00047638;0.00051188;0.0062616;0.0027897;0.03082;0.0036815;0.0009067;0.029489;0.026429;0.0035503;0.031154;0.0019528;0.023822;0.0021466;0.00049313;0.00014703;0.028636;0.0054461;2.2691E-05;0.0013221;0.0037407;0.00080658;0.0024322;0.029761;0.002618;0.022306;0.0018359;0.00022442;0.022559;0.0023433;0.0019296;0.030664;0.0011956;0.026346;0.0048558;0.0019237;0.019197;0.00051364;0.00019096;0.00026823;0.0020705;0.010287;0.029358;0.0021687;0.00064233;0.020154;0.0092223;0.028446;0.031208;0.031221;0.00064297;0.030492;0.0036801;0.0072116;0.029347;0.00043044;0.0012288;0.00041447;4.071E-05;0.0028662;0.030336;0.00058374;0.0028338;0.0039664;0.027509;0.01967;0.00063976;0.025497;0.007304;0.0016204;0.0026009;0.00028241;0.00074141;0.016578;0.026482;0.00017461;0.00061199;0.001388;0.022603;0.0022886
36;2.6004;0.042291;2;0.85;0.5;50;50;Euclidean(MinimumTimesMedian);0.0014491;0.0019177;0.0018007;0.0034562;0.00013651;0.00029018;0.00038265;0.0001951;0.0039581;0.0010515;0.038153;0.000326;0.00020722;0.036727;0.0077708;0.0025765;0.028605;0.038779;0.039025;0.0025111;0.0019727;0.00059971;9.2526E-05;0.0004318;0.00071394;0.00078736;0.03925;0.035893;0.005057;0.039153;0.00027224;0.00053042;0.036813;0.0037726;0.00026087;0.037355;0.0025135;0.0020847;0.0040314;0.028225;0.0026649;0.00032443;0.0016361;0.0025565;0.035255;0.0014472;0.0014207;0.010218;7.3845E-05;0.037224;0.026617;0.0003882;0.00081935;0.00065685;0.003204;0.0029037;0.038679;0.00095374;0.00068913;9.1639E-05;0.0049851;0.0050942;0.00085202;0.00094046;0.0059324;0.007874;0.002284;0.0030042;0.038825;0.00065943;0.033055;0.00026091;0.0014244;0.039247;0.039709;0.00047663;0.0094005;0.00064614;0.003296;7.6849E-05;0.00023865;0.033244;0.00027845;0.00033166;0.0025685;0.00085873;0.006837;0.012613;0.00057258;0.037172;0.00042447;0.039672;0.0089759;0.038073;0.00018488;0.0029613
population
1;6.0791;1.6765;1.2956;-0.16056;0.39569;-0.47986;-1.0137;-0.10074;0.048192;-1.4111;0.12243;0.054978;-0.19676;0.43828;-0.7635;-1.7688;-0.86075;1.3279;0.61513;2.5835;0.1953;0.79235;-0.40091;-0.97803;-0.36761;0.17587;1.3515;0.30463;-0.55147;-0.31327;-0.30188;-0.34424;-0.010622;1.5313;0.13075;0.19805;-0.36974;0.081919;1.2229;1.0901;0.63553;-0.54526;0.87051;2.2243;1.2733;2.144;-2.5242;0.71652;-1.4906;-0.08133;1.8068;0.98532;1.0553;-0.56293;-0.17862;-0.54256;0.11371;1.0571;0.29791;0.27979;-0.88379;0.43087;0.4635;0.74953;-0.93098;-0.28574;-1.4389;-0.046273;-0.68148;-0.24597;-0.7006;3.531;-0.83377;0.48259;1.4733;0.19213;-1.0581;0.33937;1.643;-1.727;-0.48931;1.0538;0.45497;-0.84276;-1.5973;-1.2813;-0.23771;1.6036;2.5402;0.61254;1.0334;-1.2814;0.17551;1.2362;-0.076616;0.49049
2;17.424;-0.41658;-0.30509;-0.4304;0.50528;1.3325;-0.32393;-1.095;2.319;-0.3163;0.073942;-0.095877;-1.0873;0.009475;-1.3981;0.044914;0.37237;1.2164;-1.0353;-0.63886;0.16506;0.30663;-1.3905;-0.29317;0.38244;0.19034;0.81077;-0.40122;1.7951;-0.053545;0.13287;1.6095;-0.22792;1.3926;1.3731;-0.10314;-1.5029;-0.029618;-0.2232;0.27313;0.92153;-0.40459;0.067164;0.29815;-0.87995;0.14195;-0.65888;0.41234;-0.17376;0.022012;0.034484;1.5971;-0.34277;-0.49437;0.45683;-0.90195;-1.8219;0.81092;0.53583;-0.81701;0.57368;-0.42928;-0.59485;0.56293;1.7702;-1.5387;-0.35204;-0.22246;0.12955;-0.37555;-0.051449;0.038301;1.1412;0.29267;-1.5291;-0.98049;-0.93648;-0.70319;-1.3324;-0.013466;-0.71825;-0.73982;-0.39851;1.0402;-0.25846;-0.0079256;0.12745;-0.75974;0.93982;-0.21968;0.7981;-1.5318;0.86253;1.4109;0.96783;-0.23131
3;5.1418;0.78541;-0.90819;-1.5253;0.1088;0.74419;0.091909;1.2739;1.1907;0.32727;-0.59286;0.88092;0.39419;0.31812;1.031;-0.465;2.1856;0.71582;-0.82729;-0.092608;0.98969;0.54464;0.20005;-0.47204;-0.73083;-0.60086;1.6829;-0.41203;-1.0064;-0.53869;-0.31264;1.0768;-1.1545;-0.54165;-1.9848;-2.0078;-0.85708;0.24418;-0.82943;2.5101;-1.8168;-0.077977;0.25931;0.51382;1.0027;0.8867;1.1327;-0.52236;0.63303;-0.64172;-0.078129;0.98134;1.3261;0.64899;3.4736;-0.51061;-0.10624;-1.4728;-0.063639;-1.4631;-2.2861;-0.92707;0.066234;-0.7321;0.46018;1.9842;2.1484;-0.77106;0.3002;0.16512;-0.2792;-0.04818;-0.86327;-1.8003;1.0864;0.2287;-0.14379;-0.47165;0.8281;-0.27723;-1.2994;0.38185;1.198;0.54668;-0.59562;-0.71883;0.4952;-0.039099;1.5231;-0.17689;1.9025;-1.5806;-0.73333;-1.0599;0.81948;0.92091
4;0.60867;1.4113;0.31889;0.98614;0.25718;1.003;0.17555;0.76522;1.7091;0.20735;0.25892;1.0128;0.25092;0.0060342;-0.6464;-1.7834;-1.1417;-0.025639;-1.8639;-0.91608;0.031553;-1.6279;-0.20363;-1.0644;-0.19124;0.6491;1.1623;-1.4413;0.0084068;-1.8267;0.1059;0.31821;0.12485;-0.52926;1.1741;0.060079;-0.74862;0.013894;0.11607;1.3097;-0.32029;1.1988;-1.0824;-1.4153;0.43263;0.15522;0.70407;0.40277;0.37433;-1.6073;0.97465;-0.64045;-1.1809;-0.52051;-1.344;-0.5042;0.17783;1.233;0.92863;1.9854;-0.23646;0.14277;0.92351;-0.78312;-0.4356;-0.64801;0.49666;0.62384;0.5532;-0.73107;1.5587;1.7854;-0.69307;-1.8463;-2.5247;1.382;-1.0762;0.93721;-0.035413;0.58344;0.2031;-0.0022475;1.3494;1.5215;-0.31864;0.66979;-0.20655;0.85553;-0.026688;-1.8649;0.50361;0.4945;-1.2391;-1.3476;1.0494;-0.40228
5;-15.145;0.13167;1.4377;-3.2695;0.4168;1.8028;-1.6136;-0.77156;1.4423;0.9159;0.17476;-1.8693;0.82613;-0.112;-1.2402;-0.27837;-0.25521;-0.30247;1.6669;-1.9985;-1.4106;-0.21015;0.46677;1.0773;0.59724;-0.99032;1.2667;1.4991;1.1086;0.33744;-0.55636;0.36275;-1.1895;-1.7571;-0.17656;-0.86779;-0.83001;-1.0162;1.5924;0.24516;1.1205;-1.2774;-0.14376;-2.5023;0.68394;-1.28;1.4139;-1.8408;-0.44666;1.1124;0.88393;-0.90509;-1.6299;1.2622;-0.61433;0.078096;0.8985;-0.80672;-0.44362;-1.9309;-0.9037;-0.031799;-1.4075;-0.035686;-0.12872;-1.2452;0.022998;0.099053;-1.0963;-0.72784;0.97958;0.24628;1.1296;1.1024;-0.84745;0.77968;0.50123;-0.52108;-1.0356;-1.5504;-1.8642;0.53515;0.8815;-1.3308;0.053397;-0.6776;1.4055;0.52869;2.5399;-0.16309;-0.11521;1.088;-0.59538;-0.39414;-1.4982;-1.1436
6;-2.5786;0.0089352;-1.5341;-1.0558;0.60844;2.1302;-0.24571;0.30319;0.17435;0.83648;-0.78501;0.42918;-0.30862;0.32832;1.1414;1.1125;-0.090671;1.2658;-0.47648;-0.24091;1.9636;0.78227;0.045397;0.26085;-0.14382;1.5425;-1.1577;-0.94848;-1.1242;0.8709;-0.91537;-0.0869;-0.59543;0.5027;1.1026;0.85441;-0.76095;0.64998;-0.54274;1.4359;-0.45395;0.89697;-0.30696;-1.2578;0.32093;-0.65136;-1.4097;-0.26758;1.2123;-0.1523;-0.85039;1.1754;0.90675;-1.3746;1.4706;-1.0315;-1.0852;1.0832;0.96732;0.71786;-1.6378;-0.060086;-0.36435;1.741;-0.11775;1.3409;-1.0106;0.86422;2.0345;0.016759;0.50178;1.3343;-1.3833;-1.3833;-1.04;0.55453;-0.9859;-1.8273;0.79688;-0.079389;0.18274;0.68971;-0.79828;-0.08143;0.72411;-1.5587;-0.50042;-0.37462;-1.6566;0.019478;-0.29631;-0.37964;-0.91004;0.80166;-0.27881;0.69978
7;8.2681;-0.51572;2.5014;1.124;0.72618;1.6885;-0.059385;0.040417;1.5661;0.95785;1.4988;-0.18103;-0.12097;0.16126;-0.22496;-0.029861;-0.16642;0.092011;0.96381;0.56614;-0.012612;-1.9014;0.68686;-1.5084;-0.89326;-0.50875;-0.28765;-0.67785;-0.90684;0.7014;-0.59265;-0.025218;0.86421;-0.15265;-0.73414;-0.13501;1.1691;0.58646;0.58005;1.1682;-0.86959;0.43931;-1.7674;-2.2812;0.025861;-2.811;-0.74733;1.783;1.8387;-0.63628;-0.92751;0.80252;1.2559;-2.0328;-0.0040034;-0.44585;0.77401;1.3197;-0.25004;-0.55139;0.31154;0.61566;-0.94524;0.73687;0.46479;0.80312;0.30328;-1.3345;-1.7278;-0.84292;0.53174;-0.81544;0.86934;2.4996;0.99512;1.6384;0.3276;-0.91879;-0.74915;-1.0301;0.8663;1.3181;0.20443;-1.4668;1.4065;-0.26549;-0.96439;0.94534;0.35608;1.1299;0.91644;0.51145;-0.12599;-0.073885;-1.0446;-1.112
8;4.348;0.22944;0.3965;1.5229;1.0617;-0.60239;-2.1003;-0.66856;-0.096325;-0.1093;2.1265;0.0063897;0.60907;-0.39158;-0.021856;-0.44657;-0.85596;1.6431;-0.041632;-1.516;-0.74736;-0.026157;0.84912;-1.8419;-0.19964;-0.61363;0.83154;0.90637;-0.6021;-0.33594;0.20082;1.0342;0.39538;-0.90935;0.79811;-1.0536;-1.2868;1.0887;-0.29378;1.4229;-0.69383;0.91019;0.13061;0.75986;-0.46082;0.87902;-3.0614;-1.0333;-0.67058;0.10967;-0.3262;-0.92423;0.19538;-0.73244;0.85712;0.18833;0.22663;0.47067;-0.031361;-0.010917;0.772;0.85877;1.0511;1.0925;0.1964;1.0495;1.2043;-0.64262;0.20429;-0.55962;0.87515;-1.3632;0.18039;-0.84005;0.43474;-1.8698;1.9848;0.48672;-0.58133;0.80056;0.31992;-0.12972;-0.61812;-0.132;-0.50295;0.19467;0.93411;0.56187;-0.19995;-0.49745;1.2119;0.5863;-0.28538;-0.80162;-0.17802;-0.68187
9;-4.8377;1.2333;-1.6801;1.9839;-0.10493;-0.67084;-1.0556;1.2306;-1.6328;-1.4698;-2.0811;-0.10666;-0.49825;-0.90419;0.68204;-0.14874;-0.00042217;0.054218;0.1725;1.1913;-1.3491;-0.38738;-1.8462;1.2412;-0.14526;0.11938;-0.94936;1.4985;1.4151;-0.074052;-2.3148;0.10724;0.66631;0.56068;-0.9017;-1.3244;1.6332;-1.5955;-0.089489;1.0236;0.67091;0.79275;0.13246;1.1033;1.1359;0.1304;-0.10769;0.40827;0.99122;-0.47124;-1.4189;0.093596;-1.4528;1.7901;0.22173;0.0081624;1.1589;0.43352;1.7106;0.1292;-0.30936;0.56303;0.63311;-0.60265;-1.2614;0.31583;0.40518;1.4435;-0.92432;-0.82191;-0.54469;0.11756;-0.83894;-1.807;-0.27917;0.4244;-1.0133;-0.25742;-1.0275;-1.6459;1.2112;-0.39612;-0.20487;0.32779;-1.4154;1.6989;0.30829;2.5302;-0.29009;0.23343;-0.97818;0.3176;0.93365;-0.17076;1.8793;0.74116
10;-9.7649;0.61212;0.033203;0.51201;-0.21906;-0.10298;0.51637;-0.7071;-1.4908;-0.62628;1.2032;-0.85104;-0.88255;-0.69559;0.64034;-0.16691;-1.6804;-0.31736;0.12471;-1.3281;-0.53588;0.25691;0.48534;0.053758;-0.62579;-0.27413;1.0234;0.37332;0.79346;0.6847;-0.17027;0.49335;0.93097;0.010696;-0.24149;-0.23009;-1.5501;1.5322;0.38101;-0.26998;-0.88134;0.35136;0.055974;1.0722;-1.5212;-0.7658;0.42368;-0.37598;-0.33232;-1.0445;-1.4817;-0.12362;-0.37978;-0.52062;1.0122;-0.61879;-1.7772;2.3632;-0.41186;-0.94701;1.125;1.3727;0.038607;-1.5901;-0.40756;0.071356;1.1359;2.1462;-0.90576;0.84764;-1.9556;0.40753;-0.18898;1.1366;-1.1755;-0.92415;-0.16554;-0.45392;-0.49979;-0.38086;0.29582;-0.054766;0.21397;0.18938;0.047057;-0.44837;-0.68345;1.0784;0.38679;-1.1521;0.20876;-0.74737;0.18037;-1.4163;0.83771;-0.67332
11;-8.8835;0.11721;0.29397;-0.01533;1.5321;-1.0644;-2.2122;0.39669;-2.0178;-0.46565;0.87705;0.095769;-0.10204;-0.47061;-1.0791;-2.0556;-1.7974;-0.24114;1.1539;2.1258;1.1504;1.537;1.1845;0.45211;-1.0502;-0.71563;-0.049055;-1.0047;-0.059113;-0.99042;-0.77974;-0.98322;-0.2816;0.46483;0.68267;1.0815;0.41349;-1.0409;0.85647;-0.96789;0.45774;-1.044;-0.58918;-0.78702;-0.13981;0.2846;-0.49518;0.52512;0.015211;-0.12073;2.0566;-1.2539;0.11743;0.45367;-0.79609;2.2633;1.685;-0.57855;-1.2893;0.48119;0.047693;-1.4076;-0.27489;-0.99477;1.0789;1.2633;-0.89557;-0.014216;0.042616;-1.314;-1.2011;0.25843;-2.0457;0.5203;-2.7299;0.15555;-0.031101;0.033697;0.080393;0.89223;0.85759;-0.53301;1.2591;1.2573;-0.55989;0.14706;0.50329;-0.4749;0.75743;1.2226;0.17499;-1.5105;-0.3356;0.58407;0.66224;0.02377
12;-9.801;-0.48717;-0.89498;1.5207;-0.47049;0.93869;-0.47489;0.13492;0.17595;0.60335;-1.2828;-2.5115;-1.5051;2.0302;0.3781;-0.11728;-1.2319;0.036221;-0.016924;0.40033;-0.37287;-0.26352;0.23525;-0.65069;-0.52236;0.8128;0.046759;-1.6099;0.042469;1.2294;0.38555;-0.29173;2.0117;0.51289;-2.3433;-1.4081;-0.27942;0.37679;0.55675;0.85916;-0.26575;2.497;-0.098161;0.72013;0.057367;0.6681;1.6266;-1.7314;0.30949;-0.44564;-0.87307;0.24976;0.54975;1.1497;0.69116;-0.079391;-1.0369;-2.3148;-0.23294;-0.52052;0.77123;0.03362;1.4341;-2.21;0.90079;0.8699;1.154;-1.4157;0.6174;2.2467;1.7151;-0.41733;0.050083;-1.4034;-0.051167;-0.22167;-0.11423;1.6943;1.9268;2.1787;-1.3737;-1.2546;-0.67797;-0.40081;-0.58798;-0.50304;0.014957;0.5695;-2.0884;-0.25516;0.21209;-1.2531;0.21085;-0.51978;-0.86378;0.51274
13;-2.5577;-0.30259;-1.566;-1.0795;-0.56258;1.5236;-0.99136;1.4842;-0.88189;0.00048855;1.2987;-0.20871;-1.3898;0.48782;0.94259;-0.080121;-0.072971;-1.3714;0.51575;0.24332;-0.32084;-0.66832;0.44861;-1.4328;0.47093;1.2055;-0.83178;0.56207;-0.64783;1.7931;-0.42773;-1.1368;-0.85541;1.2676;-1.3167;-0.65675;-0.41134;-0.53661;-0.034321;0.70749;0.33947;0.24363;0.16239;-2.3698;-1.3424;-0.15347;1.3136;-0.23561;0.0093793;0.58679;-0.1853;0.7421;0.062423;0.49605;-0.39875;0.22433;1.0104;0.26134;-0.67287;-0.38754;1.176;0.21233;-0.62573;0.040507;0.90302;0.15233;0.84572;-1.0378;-1.0918;-0.89723;-0.41241;-1.4864;0.11278;0.57475;-0.80049;0.96179;0.89018;2.5266;-1.1568;-0.9131;-0.72726;1.6752;-2.072;-1.5336;0.17807;1.0557;1.7123;-0.27303;2.0452;-0.14994;-0.58658;-1.8697;0.84387;0.43732;1.1373;1.7996
14;6.1365;-0.58967;0.80542;0.89447;-0.48493;0.49913;0.059708;0.56224;1.2932;-1.8116;-1.0042;0.46553;1.8355;1.0822;0.088237;-0.49536;-1.4094;1.033;1.4501;-2.1981;-1.2036;0.56775;0.28718;-0.57832;-1.9303;-0.3088;0.51039;-1.7742;0.39377;0.10375;-0.7371;-0.35126;0.69159;-0.75816;-0.52907;0.24959;-0.37395;-1.313;0.14189;2.2961;0.65353;1.7931;0.47566;-0.16597;1.9746;-0.036894;-1.8752;1.4701;1.1871;0.27018;-0.36606;-0.80167;0.12229;1.1907;0.52465;2.0593;-1.1017;0.00096418;-0.80517;0.27525;1.3186;0.20604;-1.0772;-1.1376;0.69234;-0.34611;0.44105;0.25351;-0.14538;-0.19296;-0.10242;-0.40303;-0.50133;0.022285;-1.7387;-0.98542;-1.2127;0.64519;0.39203;0.83541;-0.32785;0.29736;-1.0506;0.23252;-1.2213;-1.4655;-0.82608;-0.33405;-0.36164;1.5533;-0.56537;-0.7572;1.692;0.99735;-0.76625;1.6573
15;10.109;-1.3013;-0.40696;1.0741;-1.5475;0.66663;-0.30015;-0.99932;-0.47358;-0.93368;0.5328;-0.29926;0.034785;-0.0047367;0.76112;-0.64251;-0.34753;-0.95044;0.70893;1.1159;-0.98629;-0.2151;0.96676;0.19374;-0.47495;1.0995;0.25633;-0.1044;2.2008;-1.3644;0.39468;-0.49516;-0.97238;0.86673;-0.63752;-1.6657;0.13611;2.0527;0.48873;-0.60231;0.24562;-1.2424;-0.73106;-0.39847;0.60238;-0.40827;-1.8594;1.0362;0.83296;0.39723;0.27497;0.47996;-0.50565;-1.404;1.8556;-0.79705;-1.4388;-0.52066;-0.51695;-0.41867;0.14582;-0.51793;-0.62932;0.26291;-0.87221;0.0095569;-0.46706;0.71754;-0.52206;1.2041;0.99469;1.5167;-0.31894;-0.19652;0.26474;0.25785;-0.2931;0.47189;0.35341;-1.013;-1.1369;0.454;-1.0079;0.55332;-0.22515;-0.35241;0.066883;-0.77685;-0.57609;0.16346;0.88586;0.21749;0.64671;0.90008;-0.41094;-0.67195
16;4.9656;0.12349;0.0045155;-0.96627;-0.50003;-0.35604;0.11947;-1.3329;-1.2004;0.42192;1.2288;0.83894;0.57559;0.19225;0.27082;0.035304;1.3268;-0.82188;0.24746;-0.0079332;1.0545;1.5026;-0.55928;-0.81885;-1.1688;-0.16126;1.6911;0.88842;0.41084;1.4676;0.8056;-1.3156;0.78593;-0.30612;0.38107;-0.72065;0.76243;-0.43804;0.32704;0.43611;0.51254;0.0173;2.3611;0.053983;1.0904;1.7149;-1.8125;0.38193;1.0753;0.186;1.3891;-0.52382;-0.082928;1.1411;0.4641;1.7;0.44739;-1.8995;1.156;-0.048391;-0.020711;-0.68681;-0.4233;0.25347;-1.7456;1.9615;-0.97861;-0.43307;-1.3029;-0.29415;0.59191;0.089449;-0.59643;-1.7826;0.92432;-0.91127;-1.9486;-0.054916;-0.16726;0.17726;-0.8253;-0.57622;-0.75621;1.6598;0.44287;-0.27189;1.9833;-2.1679;0.56602;-0.34652;-0.99673;0.91107;0.69045;-0.87866;0.2572;0.98162
17;-11.466;-0.33467;-0.18653;1.7159;-0.93118;1.4398;-0.80386;-0.53276;-0.90517;0.67926;0.7926;0.99893;0.49594;-1.1549;-0.65814;-1.5104;0.32863;-0.24708;0.12279;-0.85815;-0.44335;0.39848;1.3827;0.92961;-0.037026;0.17347;-0.37599;-0.052776;-0.43532;-0.8178;0.85368;0.58579;1.1541;-0.42851;-0.0075087;-0.83165;-0.45385;0.55824;-0.021285;-0.18918;-0.43296;0.35397;0.14621;1.2324;-1.779;1.1968;-0.26158;-0.045566;1.8712;-0.51836;0.60989;-0.27383;-0.037029;0.34261;0.31993;0.054803;-0.71081;-0.11461;1.3752;-0.83116;-0.81791;1.2533;-0.73965;-0.024178;1.4547;0.73358;-0.74002;-0.97912;-0.53894;-1.6221;-0.79216;0.44455;1.0522;0.39243;-0.4923;0.36039;0.79972;-0.21235;-0.12432;0.51302;-0.17548;0.86591;-0.92088;-1.6098;1.57;-0.864;-0.05474;0.6076;-1.431;1.2055;0.36459;-0.27798;-0.073592;-0.55457;-0.35312;0.51444
18;1.9904;0.45322;0.017117;-0.60375;-0.91219;-1.7157;-1.167;2.2062;-1.2674;-0.72165;1.0963;-0.38749;0.44972;-0.2229;2.7751;0.49343;-0.034716;1.4023;1.4154;0.44094;0.11749;0.7454;-0.59565;-0.21396;-0.21236;1.1195;-0.85471;0.10533;0.97345;0.80948;1.545;-0.90555;0.85339;0.24646;0.22755;0.36645;1.4765;-0.72614;-0.20307;1.3274;0.6815;-0.62477;-0.19802;-0.55396;-1.0869;1.7601;0.57864;0.3291;2.028;0.62852;0.41063;-1.2216;0.87864;-0.062665;-2.1545;1.2811;0.071526;0.69866;0.95036;-1.3842;-2.3288;-0.24852;0.34853;0.85833;-1.3275;-0.21163;0.28476;1.0022;0.2136;-0.50402;0.71322;-0.18987;2.1099;1.1076;1.6021;-0.3656;0.45763;0.55332;-0.74344;2.54;0.45634;-0.16664;0.062306;1.5183;-0.29733;0.31598;2.0095;1.1023;1.6133;-1.2953;-1.5945;-1.1298;-0.75523;-1.1724;0.061174;-0.44948
19;17.275;-0.17381;-0.55681;1.3956;2.8216;1.2303;-1.1702;1.206;-0.9086;0.77727;0.8558;-0.43015;-0.17584;-0.93744;0.20247;0.181;-1.7422;1.4849;-0.14969;0.87867;-0.51559;-0.25539;-0.44384;-0.98037;1.1726;0.095192;0.39896;1.195;0.9906;0.91924;0.66916;-0.074459;-1.1958;-1.3521;-0.38006;-1.6014;0.3535;-0.71437;1.0174;-0.80092;1.3908;-0.35017;-0.43917;0.070283;1.2236;0.26379;0.11176;-1.4181;0.31226;1.0684;0.0057444;0.67641;0.022268;-2.212;-0.35027;-1.2698;-1.4639;-1.3066;0.74093;1.0807;-0.60796;0.76011;-0.31453;-0.75048;-0.58938;-0.5682;-0.24322;1.0253;-0.96513;-1.3947;-0.27579;-0.25904;0.70149;1.0265;0.34674;-1.1537;0.4283;-1.5046;1.4019;-0.018412;0.91226;0.30158;0.6754;-0.12572;-1.9028;0.47769;-1.2745;0.13097;0.78299;-1.1875;2.2597;0.0057907;-0.62636;-0.27988;-1.3832;-0.362
20;14.975;-0.41432;1.6109;-0.98043;-0.62347;0.80538;0.16363;-0.077748;2.5786;-0.60844;1.6473;0.028623;0.39674;0.35558;-0.32835;0.35084;1.0435;0.23611;-0.9844;-0.63441;-0.94041;1.4135;-0.61167;-1.6162;0.088551;1.3895;-0.99589;0.556;0.20942;0.81992;-3.0269;-0.45254;-0.51258;0.28142;1.8079;0.43264;-0.028328;-0.038462;-0.97042;-1.3281;1.1126;0.38241;-2.0018;-0.62568;-0.042542;0.13385;-1.6508;-0.2037;-0.3057;0.41726;-0.36286;0.067308;0.23838;0.83456;-0.20799;0.57851;-1.0714;-0.87172;-0.49815;-0.17726;-1.8733;-0.12603;-2.0914;0.74041;-0.74738;-2.25;-0.81386;0.17859;-1.4488;-1.3677;-0.51125;0.59872;2.5233;-0.018075;-0.11583;0.22843;0.129;0.30522;-0.78865;-0.49176;1.0788;-0.3377;-0.54265;0.20036;1.3433;0.17769;1.0714;2.014;0.61144;-0.37325;-0.015431;0.28996;-1.1257;0.9841;-0.22094;-1.0063
21;6.0001;-1.124;0.54623;-0.50872;1.4575;0.20376;0.12062;-0.94792;0.13254;0.037556;-1.5159;-0.57733;1.0677;0.31833;-0.2769;-0.22913;0.034057;0.87575;-1.4324;0.1279;-0.83144;-0.0035778;1.1013;-0.50987;2.0035;0.88974;-0.097009;-1.3151;-0.0056184;-1.3422;1.2038;1.1375;-0.10673;-1.0141;0.42955;0.63112;1.3081;-0.14343;-0.054912;-0.49551;-0.78743;-0.68636;0.51903;0.62846;-0.95238;-1.1373;-0.30325;-0.13581;-0.093957;-0.3287;-0.39456;-1.0797;1.0794;-0.041204;0.69097;0.27555;-0.42261;-0.30805;1.6039;0.59054;-1.2832;-0.48827;-0.27157;-0.7499;2.1125;-0.60349;-0.4084;-1.109;-0.39882;0.94855;-0.016952;-1.0343;-0.68893;-1.742;-0.48587;0.80611;0.17331;0.37859;-0.26182;-0.42195;1.5583;-0.16303;-0.89819;1.7949;-1.9009;0.38871;0.43582;-0.12289;1.1314;-0.47479;0.482;2.0631;-2.2074;-1.0196;0.32107;2.014
22;-2.6723;1.337;-1.7113;2.1956;-0.013103;1.7435;-0.93367;-0.40144;2.456;-0.52126;0.080821;1.0379;1.6867;1.1761;-0.08969;-0.79668;-1.1739;-0.97317;-0.76215;0.038645;2.1456;-0.068801;-0.025252;-0.42513;-1.3728;1.3906;0.045882;2.0306;-0.11642;0.0010359;-0.57382;1.1909;0.65948;1.0528;0.13718;-1.3453;-0.38188;0.26426;0.011853;0.2589;0.71329;-0.25895;0.62954;1.3221;-0.19638;-0.18641;0.93996;0.36609;-0.56419;0.17499;0.0040986;0.58584;1.0407;-0.78286;-0.10375;0.56856;0.48168;-1.0286;-2.1969;-0.49692;0.063038;0.50044;0.51842;1.6485;0.24329;-0.22434;1.1735;-0.29908;1.6159;-2.1066;0.60813;0.7961;0.78937;-1.4385;0.19964;0.2596;0.41589;0.20661;0.64898;1.2407;-0.31597;-0.3257;0.16077;0.39129;-0.043175;0.30815;-0.47373;0.077662;-0.020348;-1.2607;-0.29607;0.96985;-0.79971;0.43244;-0.55385;1.0196
23;-1.1031;0.35702;-1.1655;-1.4627;0.57483;1.088;1.108;-0.70886;0.66412;-1.5769;0.50885;-0.54166;-0.51203;-1.0778;-0.042129;-0.066814;-1.1574;0.15544;0.88224;-1.0358;-0.39657;-1.2264;0.24069;0.27728;0.68135;-1.1329;0.80561;0.43912;0.35005;-0.01046;1.0117;0.0086061;-1.91;0.52128;-0.45147;-0.7546;-0.47842;0.22017;0.52469;0.27532;-0.086959;1.2877;0.91716;-1.4315;-1.502;-0.30301;-1.0683;1.0813;-0.82498;-0.023595;-0.30978;-0.014724;0.97345;-1.5248;-0.12684;-1.0093;0.67252;-2.1429;-0.45112;0.16236;0.066926;-2.3656;0.47052;0.070317;-0.23723;-0.18309;0.20624;0.40559;-0.044592;0.33789;-1.6877;-0.035072;-0.23141;-0.35511;1.348;2.8873;-0.58566;-1.4065;-0.83455;-0.79339;0.25277;0.14373;1.2768;0.23384;-1.9629;0.042341;0.041399;0.52182;-0.85299;0.33569;0.93611;1.7103;1.0568;0.3509;0.059843;1.7599
24;5.6752;1.7806;0.37509;0.30784;-1.6692;-1.123;0.41851;-0.00086136;0.32331;0.93394;-0.046011;1.366;-0.82373;1.0392;-0.38736;-1.4747;-0.84764;1.1461;1.9174;-0.37341;-0.15693;2.255;0.1052;0.19318;0.047528;0.12959;0.033169;-1.8153;0.51421;-2.4539;0.041597;-0.75016;-1.6531;-1.1278;-0.085065;-0.029886;1.2188;-0.066299;1.5631;-1.0613;-0.11978;1.0861;-0.57205;1.1411;0.0073965;-0.19602;0.28577;1.0776;2.3261;-1.7584;0.31918;1.3509;1.1618;1.4077;-0.10623;0.64196;-0.86843;0.69576;0.53647;-0.41389;0.98968;-1.0347;0.84508;0.68313;0.79974;-0.578;-0.10576;0.92727;-0.10689;-0.68135;1.4374;1.179;-1.3293;-0.088774;-0.14834;0.57679;-0.91703;-0.72477;-0.41992;-2.3354;-0.42587;-0.469;-0.44614;-1.559;0.47638;-0.5097;0.053018;1.3732;-1.4013;0.95484;-0.35752;-1.5779;0.43296;0.22704;-0.24954;-0.71114
25;-0.84638;-0.0044082;-0.31168;-0.0079396;-1.2232;-0.93438;0.019854;-1.6785;2.5424;-1.5863;-0.45328;-0.29337;0.55678;0.92702;-1.1556;-0.47201;0.6746;0.52377;0.13371;-0.30647;-0.56348;-1.4076;0.084519;-0.86258;-0.2652;-0.80085;-0.74924;0.068391;0.21191;0.71285;-0.31043;-1.6429;-0.43902;-0.62511;-0.68297;-0.46521;0.25742;-0.5872;1.3735;-0.57665;1.4837;-1.179;-1.264;-0.51553;0.11179;0.27652;0.84309;0.84419;-0.16775;0.54159;-0.21665;0.51596;1.0207;0.64674;0.30743;-0.43781;1.583;-0.11314;0.85898;0.2342;0.04581;-0.88244;-1.5719;-0.75978;-0.69151;1.4706;-0.83457;0.83652;1.1773;-0.46696;-0.76027;0.80016;-0.71006;0.0037525;0.95552;-0.31073;1.926;-2.2699;1.1876;-1.0388;-1.4351;-0.83485;0.31397;0.62912;-1.1773;-1.9629;-0.65266;1.5496;-0.73899;0.93464;-0.60647;-0.16891;-0.38429;-0.86379;0.25728;1.4652
26;-2.8147;1.2955;0.4372;0.62128;-1.4414;0.14266;-1.2963;0.45101;-0.54327;-0.67006;0.38973;0.17714;-0.78247;-0.67552;-0.36676;-1.5764;2.2153;-2.2048;0.11128;2.0721;-0.47886;0.082281;0.69476;-0.57094;0.71731;0.74299;-0.40315;0.74898;-0.15888;-0.46792;3.2567;0.4178;1.314;0.038708;-0.19343;0.28591;-0.91238;1.5843;-0.78618;-0.3626;-0.10808;1.4784;0.54067;1.6244;0.6311;-0.44888;-0.36691;-1.0328;-0.25834;-0.20689;-2.2878;-0.18569;-0.058093;-0.84835;1.0708;1.7986;2.1481;-1.3248;2.0091;-0.078858;-0.2488;0.72753;0.91219;1.5295;-0.85293;0.46488;0.011788;-1.7501;0.74031;0.43324;-1.0438;-0.41437;1.9822;-0.52485;1.0289;-1.109;-0.94181;-0.43735;0.68544;1.1302;1.487;0.82889;-0.52993;1.1629;0.56787;1.051;-1.494;-1.1195;0.57498;-1.1103;0.29432;1.6501;-0.8012;-0.39661;1.071;-0.28423
27;-5.9152;-0.57355;-0.16454;0.20785;1.6421;-2.0527;-0.55985;-0.99356;-0.80089;2.2814;-0.51436;0.44209;1.0032;-1.5515;-2.9932;-0.54059;-0.44859;-0.41677;0.39799;-0.051347;-1.2032;0.022985;-0.12563;0.79466;0.97495;-0.85014;1.0163;0.39361;0.193;0.93661;-1.3607;-0.77581;0.13234;-0.32969;1.5694;-0.2354;-2.6619;0.69906;0.48484;0.19107;0.33927;0.96773;-1.1786;-0.854;-1.0434;-1.4375;1.1422;0.13253;0.13533;1.3379;0.38882;-0.31618;-1.0913;-0.44846;-1.5349;0.21201;-0.41228;-0.021119;1.0271;-3.1953;-1.6163;-0.28315;1.6389;-0.63144;-0.34764;-0.59545;0.94388;0.24062;0.63528;0.74775;-0.77622;0.73534;1.127;-0.22051;-0.832;-0.97499;0.11391;1.1195;0.8943;1.8251;0.3346;-0.4185;-0.92127;0.42415;0.094095;0.89421;-0.4388;0.68714;-1.0373;-0.79744;-1.031;-0.053226;0.32979;-0.80846;0.0028353;0.014519
28;5.7578;0.79033;0.14142;0.17039;2.0254;-0.30225;-2.0594;0.54861;-2.7954;-1.259;1.383;0.0057697;0.76168;0.21647;-0.84014;-0.35481;1.1552;-0.81283;-0.011276;-0.1969;-0.066279;-0.23638;-1.7901;1.0857;0.84375;0.51536;-1.431;1.7123;-0.2464;-0.64563;0.85319;0.095091;-0.96479;1.7294;-0.45021;0.93936;-1.4402;1.2878;-0.23834;1.8192;0.98158;-0.66938;0.35955;-1.0773;-1.3386;0.31213;-0.86967;-0.58224;-0.18632;0.93868;1.309;1.2764;0.54301;1.3034;-0.66291;-0.30339;1.1104;-0.42566;-0.91734;1.1651;-1.8721;1.1113;-1.5065;0.94518;-1.8269;-0.12651;0.45302;0.6285;0.03514;1.2509;0.34515;0.24088;-0.92606;-0.10539;-0.49568;0.96206;1.6903;0.44356;-2.0575;0.22834;0.40295;1.6078;-1.5235;1.0529;-0.67235;0.89373;0.46043;-2.8021;0.49004;0.38344;1.6886;1.6223;-0.21616;-0.048106;0.13013;-1.3435
29;3.2548;-0.39433;-0.4632;1.0815;-0.013234;-1.34;-1.0408;0.2172;2.9839;-0.43238;-0.68792;-0.68224;-0.035161;0.53917;-0.86196;1.139;1.2757;0.18249;-0.22058;1.2615;-0.43736;-0.33202;1.9146;-0.18167;1.0012;-0.053202;-2.1696;-0.057357;-0.31022;-0.4802;-0.29316;-1.3279;1.483;0.54578;-0.64546;-0.91641;-1.789;-1.0781;0.32318;1.6127;0.15822;-0.38686;-0.34455;1.2586;-0.61324;1.0273;-0.013689;1.4902;-0.51914;-1.0185;-0.21194;-0.30734;-1.4141;1.0084;-0.8807;-0.27659;2.0818;-0.33244;0.032175;0.6038;0.53659;-0.85671;0.30038;2.4878;-0.87982;-1.453;-0.46641;-0.27484;0.35668;-1.6621;-0.81917;-1.315;0.73458;0.43893;0.68016;0.3591;0.12197;-0.57611;-0.4615;-0.23175;-0.6395;-0.064314;0.67298;-0.10284;1.534;0.46596;1.5085;-0.37933;-0.42683;-0.5259;-0.1062;-1.7079;0.82868;-0.29073;-0.83197;0.95361
30;-3.525;0.81771;0.22861;-2.1066;1.0041;-0.20757;-0.6982;-0.9241;-0.33397;-0.60087;0.51854;-0.92127;-0.67394;-0.0079492;0.48045;-2.1527;1.4449;0.75261;-0.18623;0.55104;-1.9768;0.10799;2.0215;-0.35961;0.81601;-0.31394;0.91484;-0.98451;-1.3023;1.4332;-0.46926;-0.0236;0.51433;-0.64363;2.0277;1.3809;0.27431;0.17227;0.78828;-1.4206;-0.21725;1.3489;1.9666;-1.7592;-1.492;1.3945;-1.1867;-0.1871;-1.8267;0.23065;-0.76642;0.47797;-1.4354;0.52205;-1.418;-0.3457;-1.3854;0.52332;-0.039847;-0.37288;0.62875;-0.9514;0.4899;-0.59443;0.074258;2.2758;0.20945;-0.049205;-0.23842;-0.53261;-0.52857;0.58129;1.5142;-0.73781;1.8958;0.83522;-0.35576;-0.58287;0.27302;0.99253;0.060279;0.3359;-0.10028;1.0285;2.2683;0.1333;-0.61375;2.1826;2.1348;0.41658;-0.39384;-1.0506;-0.7505;0.61128;1.8605;-0.23034
31;4.3556;0.30524;0.69364;-0.89557;-0.51095;0.029468;-0.08668;1.2064;-0.63781;0.73601;-1.0375;0.16417;-0.40362;-1.1221;0.74534;0.29461;0.9732;-0.029104;1.3438;-0.31297;-1.6787;-0.89221;1.7311;0.71233;-1.6086;1.1387;-1.374;1.1044;-2.0235;-0.15998;-0.42608;-0.063186;-2.6892;2.0961;1.7844;-0.074981;0.63443;0.064616;-0.32144;1.2038;1.1596;-0.044746;-0.46217;0.69608;0.11382;1.7154;-0.053073;0.013258;0.23262;-0.2237;-1.4686;-0.42267;0.2475;1.3923;-0.35915;-0.23315;-0.23359;1.2519;1.4412;-2.4299;0.26639;-0.35761;-0.35093;-0.084066;1.5457;0.3364;1.5174;0.13726;-0.55198;0.51729;0.36299;-0.85708;1.234;0.62092;0.77603;-1.3328;-0.54318;-0.010391;1.1357;-2.2593;-0.28553;0.34508;0.84464;0.70278;0.59392;-0.20027;1.4074;-0.84377;-1.7011;0.93956;2.8105;-1.3597;-1.7317;-1.1417;0.15062;1.2066
32;12.306;0.40195;0.50507;-0.12762;0.95011;0.10502;0.58459;-0.43241;0.052436;0.81683;-1.0761;0.30592;1.7219;-2.4963;0.24926;-0.18246;-0.99317;-0.93965;-0.30213;0.43823;-0.08052;-0.55694;-1.2365;-1.4318;-1.1712;0.27597;0.70156;-0.47978;0.036432;-0.69652;0.17216;-1.0889;0.61628;0.28815;-1.3329;0.00030999;0.11031;0.85189;1.6743;-1.0455;1.4359;-0.20253;0.31813;-1.1122;-0.94867;-0.14519;-0.30338;1.47;-0.016435;-0.9283;0.78629;-0.40021;1.4432;0.25209;-1.3357;0.44853;-0.76864;0.32133;0.96031;-0.44054;-0.70938;-1.7102;0.72064;0.63008;-0.31501;0.58096;0.96087;0.87542;-1.0697;-1.7204;-0.078012;1.5379;0.21215;1.42;0.18013;-0.29834;0.15288;0.015109;-0.42239;0.63267;0.26008;-1.2286;-0.48915;0.91956;-0.68241;-2.434;1.9874;1.0515;0.15295;-1.2377;0.47943;-1.6093;-0.52706;0.87705;-0.74294;1.1505
33;2.6122;1.3806;0.93141;0.95408;0.93418;-0.06845;0.72883;-0.048467;0.25497;-0.034292;-1.3148;-0.7246;-0.81248;-0.73489;1.1398;-0.84782;-1.1206;1.2673;1.4369;-0.54749;0.06519;-0.767;-0.98063;0.28182;-0.64363;0.13265;0.40137;1.0477;0.66339;1.3403;0.63897;0.31543;-0.54913;1.4;-0.35678;-0.6292;1.7436;-0.91518;-0.85097;-0.10997;-0.72681;1.058;-0.32198;-0.99866;0.42501;-0.86667;0.39992;-0.72071;-0.013285;0.0063433;0.83017;1.3219;2.1311;1.8114;0.20076;-0.44793;1.4887;0.56833;-0.743;1.2343;-0.13894;-1.9266;1.2506;-0.71652;0.43148;0.95057;0.86864;0.71025;1.6657;0.90535;0.16079;1.7057;-0.3413;1.0077;-0.93087;0.3857;2.3681;0.27348;-0.92837;-1.2036;0.72842;-0.96342;3.3524;1.215;0.14088;-2.4982;1.3348;-0.20622;-0.11293;-1.1443;-0.057008;0.52278;0.020198;-0.084423;1.9918;-0.46816
34;-4.4672;1.763;0.78342;1.234;0.28372;-2.0528;-0.64983;-0.1181;0.90887;0.73047;-0.90916;-0.24994;-0.11145;0.27228;0.3694;-0.45785;-0.36274;-0.54068;0.081536;0.49907;0.42663;-1.2621;-1.5513;0.76599;-0.70452;0.38921;0.0012337;2.3422;-1.9368;2.0679;1.1381;0.19094;-0.75084;0.63415;-0.64967;1.4276;0.66702;-0.16478;-0.060906;2.1808;0.4465;0.92106;-0.28777;-0.4365;-0.56064;0.30271;-0.83707;0.77523;0.46867;-0.61496;0.80405;0.077275;1.2132;-0.50794;0.78175;-1.528;-1.685;-0.85028;-0.059563;-0.94303;-0.12094;0.49547;0.54425;1.2267;-0.15874;-0.017912;0.0033595;-0.40732;1.3042;-0.059131;1.2415;-0.16977;0.392;0.75492;2.3842;-0.50118;0.55126;0.48902;-1.0767;0.30978;-0.019333;-0.86506;1.1135;1.0136;-0.54476;0.46523;0.30045;0.50021;0.39221;1.1647;0.25721;-0.7226;-0.70433;-0.87608;0.019874;-0.56856
35;14.463;0.17232;0.009984;-0.56975;1.1861;-0.5021;1.2133;-0.42652;0.41819;-0.12782;-0.27961;-0.22283;0.26175;1.3658;0.69241;-0.2538;-1.0677;-0.34321;0.43092;-1.5873;1.8886;-0.19;-1.1946;-1.806;1.2217;-0.10108;0.48258;-0.23837;-0.58513;-1.6307;-1.9621;-0.74354;1.8149;0.46917;-1.7142;0.16255;-1.0682;0.79787;-0.57799;0.27197;0.30184;0.52354;-0.97845;0.20042;-0.15775;-0.81171;0.59511;0.32347;-0.87096;-1.2124;-0.10605;-2.2316;0.39372;-0.14644;0.75902;0.27275;-0.63163;-0.13068;-0.68209;-1.4247;0.053188;-1.4969;0.28956;-0.25646;0.83441;-0.56744;2.5501;1.2616;1.7475;-0.3717;0.797;0.3448;-0.52164;0.19865;0.085517;0.63521;-1.0662;0.63387;0.58658;0.28639;-0.61056;-0.49478;0.61118;0.10766;0.44874;-1.1074;-1.5279;0.74207;-0.47488;-0.57004;0.19936;-1.4585;-0.31441;-0.83949;-0.37027;0.1638
36;8.7149;-0.098487;-0.20516;0.14476;0.086132;0.28283;-0.57892;-1.2325;-0.64463;0.20445;-1.3056;-1.048;2.9311;-0.10433;1.1658;-2.3641;1.0625;0.41016;-0.082226;-0.67028;0.13344;-0.66555;0.77253;-0.42069;-0.012075;0.28304;-0.81333;0.164;-0.32364;1.0706;-0.83147;-1.0127;0.33972;-0.45973;-1.1245;0.20214;-1.0066;-0.19363;1.3032;-0.28007;0.82877;-1.5263;-0.2716;-1.0271;0.42705;0.047194;0.42501;-0.24133;-1.5983;-0.74687;1.064;-0.016522;-1.9794;0.49102;0.58401;1.9685;1.2262;0.60675;-0.96623;1.7903;0.32771;0.51498;1.7421;1.0574;-0.20431;-0.39253;-0.95808;0.28314;-0.92983;0.11977;0.76042;1.0313;-0.84092;-0.39549;-0.92459;-0.58517;0.31872;1.5686;-1.6017;0.92301;1.4061;0.47583;0.61276;-0.037214;0.027786;0.12639;-0.24374;1.1021;0.86548;-1.3123;-0.86152;0.90191;-0.16644;2.5028;0.76072;-0.73194
37;2.6614;0.25428;-1.577;-0.051509;0.6497;-0.18584;0.5597;-1.2689;-0.54729;0.51433;-0.065036;-0.35552;0.55496;0.28984;0.91387;0.84147;-0.90056;-0.39144;-0.34119;0.82803;0.17558;-0.12039;-0.78826;0.10894;-0.55648;-1.0451;-0.65044;-0.22563;-0.11165;-0.38564;-0.18312;-0.53593;-0.24652;-0.36014;-0.48873;-1.4518;-0.57034;2.0509;-1.4279;-1.2817;1.0621;0.18859;0.96387;-0.66185;3.6997;0.28557;-1.5986;1.1133;0.088201;-0.76859;-1.1741;-0.73619;-0.037919;-0.50637;-1.739;1.3337;-0.28118;0.081863;-0.18468;0.73196;-0.11782;1.0877;-0.063245;-0.39351;-0.14464;-1.6455;-1.1604;0.32534;1.0459;2.3902;-2.1614;2.633;-1.6788;0.44055;-1.6015;-0.59493;-1.1053;-1.667;-0.71347;1.3599;-0.87131;0.416;-0.57551;0.21856;-0.45891;1.8158;-0.95651;-1.3066;-1.0287;-1.2501;0.71265;-0.015856;0.32806;-0.0025748;-0.084988;0.96012
38;1.2188;-0.47206;0.28444;-1.013;-1.0237;0.80061;-0.1164;0.96485;-0.96435;-1.5183;-1.7024;0.24349;0.73618;-0.76881;-0.11404;-1.482;0.95103;-0.56861;0.15716;-0.5012;-0.96031;-0.37702;-0.83863;0.27596;0.58369;-0.29271;0.94225;-0.68806;2.3144;0.18372;0.20278;0.57766;-1.0954;0.63823;1.6282;-0.044052;-0.2511;0.5587;0.98193;-2.3527;1.6625;0.26774;-0.295;2.0802;-0.22379;-0.99235;0.27447;-0.30171;0.55062;-1.3087;0.77484;-1.1484;1.2278;-1.0143;0.8066;-0.27197;-0.48855;-0.35877;0.39508;-0.42798;1.1147;-0.69942;-0.51838;0.64306;-0.58161;0.27059;-1.953;1.3261;0.25149;0.78713;-1.3965;-0.418;0.58052;-1.3425;0.058415;0.88188;-0.090909;-0.23589;2.9111;-2.4347;0.53808;-0.27561;0.77465;1.0328;0.37649;-0.33888;-0.54186;-0.069222;-0.072079;-0.46969;-1.1293;-0.012611;0.82668;-1.8606;0.66842;-0.44949
39;13.133;-0.81632;1.7799;-0.12217;0.12836;-1.1451;-1.8859;-0.16792;0.2052;1.432;1.5314;-0.39421;0.2991;-0.41854;-0.7021;-2.1407;0.50599;0.59798;0.26821;-2.8428;-0.25969;0.065215;-0.46489;1.3086;-0.11153;0.050601;-0.65583;-0.32127;0.45707;-1.2044;0.46014;0.29912;-0.32177;-0.86192;-0.30603;-1.106;-0.13567;-1.7841;1.0351;-0.45376;-0.39764;1.1914;0.074548;-0.22162;0.90506;0.2826;0.10117;0.35595;-0.61387;0.55882;0.0061884;-2.7989;-0.55364;0.056885;-0.72604;0.9754;0.28604;0.060825;-0.12046;0.74892;-0.22596;-1.5844;-2.432;1.7416;-0.61948;0.10317;0.90231;-0.32927;-0.77715;1.913;1.2325;0.51632;1.3798;-0.5884;-0.82553;-0.48091;0.43467;-0.20834;1.2145;-0.43935;-0.093392;-0.71027;-0.48664;0.88854;-1.4799;0.41526;-2.1905;-1.2369;1.5912;-0.022821;-1.3986;-1.3538;1.6028;-0.95901;0.029634;-0.55863
40;-0.012775;1.6666;1.0249;-0.66933;-0.30198;-0.82155;-1.4347;-0.72929;0.54868;1.4289;0.28417;-3.5727;-2.0537;0.97417;-0.53723;-0.69762;0.6299;-0.81887;-1.753;-1.9518;0.98667;-0.063815;-0.84477;-0.084719;0.33214;-0.11644;-1.4024;2.1207;-1.022;-0.44208;-0.69782;0.98733;0.060112;-2.3393;-0.24377;-0.33776;-0.97284;0.42174;-0.065406;-0.23967;-0.4639;0.92888;0.2264;-0.98582;-2.5154;-0.99561;-1.2977;0.53494;0.39154;-0.37521;-2.089;0.2674;-0.18564;0.52278;-1.4669;-0.94951;-0.46369;-1.0528;-0.54776;-0.12058;0.12442;0.086818;-1.4453;0.028654;-0.87212;0.59533;-0.78993;0.56132;-0.036873;0.10548;0.26486;-1.4291;-1.021;0.64316;-2.147;0.72779;-0.76538;0.47832;0.73542;-1.0414;-0.95231;0.59734;-0.1161;-0.95528;0.16734;-0.55895;0.19479;0.0012482;1.3623;-0.20447;0.69768;-0.16633;0.6057;-0.26537;0.88984;-0.99991
41;-6.1271;0.53931;0.43385;0.13209;-0.97684;0.85225;0.37205;0.13651;1.0398;2.3817;-0.39048;0.59716;0.56178;-0.51126;0.12256;-1.4036;-0.020734;0.16799;-0.075039;-0.54837;-0.1194;-0.34748;0.95544;-0.19434;0.74474;-0.2061;1.0919;-2.0521;1.4787;0.54625;0.26869;-0.40359;0.1311;0.64009;1.0404;2.0093;0.84691;0.17838;0.12199;-0.33111;0.22513;-0.30582;0.043823;-0.0058926;1.1435;1.2876;0.39141;-0.20393;-0.037068;-0.65747;1.1288;-0.040465;-0.57273;0.8515;0.090667;0.82574;-0.083953;0.51009;-0.088017;0.41127;1.561;2.1299;0.26114;0.46591;-0.23756;0.17445;-0.95181;0.39603;-0.21956;-0.72085;0.11037;2.4826;1.0413;0.31679;0.79852;0.56491;-1.1752;-0.38621;0.025163;-0.49491;0.39592;0.15348;-0.23826;0.36277;-0.57617;1.1132;0.76785;-1.2544;-0.47606;1.774;0.84859;0.53664;0.00061851;-0.32909;-0.45213;1.6411
42;5.3886;-0.19744;0.59587;-0.89242;0.69697;-0.70045;-0.65899;-0.3015;-1.0919;-0.27264;-1.2245;-0.097858;-0.33624;-0.22853;2.0318;-0.21097;-0.38508;-0.71792;-0.32813;0.72265;0.85384;1.6045;0.56498;1.0456;-1.1937;-0.23584;-0.21829;0.3045;-0.62744;3.5339;-0.85905;-0.9495;-0.93683;-0.92092;-1.6739;-0.62168;-0.10424;1.2502;2.1189;0.56514;-0.75127;-1.3611;-0.10239;0.6123;-0.884;-1.0437;0.42056;0.21188;0.41944;1.1469;-0.086552;-0.29734;-1.015;2.1624;0.42592;-0.33112;1.2789;-0.63267;-0.0086849;-0.91795;-2.4204;0.41896;-0.71644;0.58271;-0.65904;-0.53273;0.64867;0.95253;0.26486;-0.79605;2.7206;2.2431;-0.44016;0.79153;-1.5384;1.4214;1.2407;-0.51433;0.26361;1.6511;2.2583;-1.5224;0.14733;-0.65853;-0.48494;-0.87123;-1.169;-1.3233;-0.92954;0.76241;0.97935;0.67528;0.010935;1.3574;-0.67337;-1.3491
43;4.3139;1.4915;1.0322;-1.9344;-0.43907;0.99626;-2.048;-0.21604;-0.89017;0.81903;0.48997;-0.018035;2.1348;1.8404;0.65357;0.88948;1.2909;0.49284;-0.71412;-0.080521;-0.87385;0.19247;0.12584;0.1094;-0.34985;-0.22428;0.80996;-0.12882;-0.79608;-0.053418;0.7711;-0.57917;-0.17393;-0.67517;0.54836;0.73485;-1.0052;-0.44849;-1.5865;-0.92822;-0.98264;-2.7243;0.27511;0.53746;0.80955;0.25867;0.89237;-0.47927;-0.098967;1.0855;0.047449;-0.41692;-0.050219;-0.37137;-3.377;0.78602;-0.45119;0.65645;0.45668;-0.58849;-0.55229;-0.82512;-1.025;0.82113;-1.9756;-1.2927;-0.013659;-0.78493;0.64966;-0.60375;-1.2067;-0.56513;-0.31981;0.30094;0.10949;-0.27411;-1.03;0.84738;1.6088;-0.48737;-0.13315;1.1148;-0.65385;1.1454;1.2438;-0.73437;0.033156;-0.72062;-1.27;0.015113;-0.91527;1.3581;-2.2495;-0.4314;-0.017792;0.76068
44;4.2399;-1.7738;-1.0455;-2.1677;2.0454;-0.16924;-0.36568;-1.0357;-0.75729;-1.7566;-2.1953;-0.67866;0.30323;-0.59055;0.77405;0.08598;-0.4578;-1.0587;0.13955;1.1767;-1.7192;0.074513;-1.1905;0.13249;-0.55745;2.0526;-2.0149;2.7245;-0.82312;0.31699;-0.12387;-0.98069;0.21942;0.0033522;0.63137;1.5115;0.12423;-1.9054;1.5079;1.5963;1.1162;0.2624;-1.5368;-1.487;0.43611;1.1283;-0.34379;0.57067;1.9939;-0.58316;-0.0044953;0.41547;0.58897;-0.26945;0.68746;-0.95443;1.1893;8.0393E-05;0.36825;0.033285;-1.2888;-0.41211;0.42875;-0.77323;1.6245;-1.4764;-0.39288;1.1757;1.2095;-0.30183;-1.5973;-0.36525;0.39889;-0.54842;-0.60865;-0.26639;-1.2473;1.0032;0.054873;-1.2925;0.039931;0.15078;-0.022349;0.34579;0.37532;-0.45562;-0.7627;-0.25654;1.5896;0.9913;-0.96728;-0.51547;-0.70573;-1.4331;1.4216;0.44615
45;-1.0424;0.56075;0.52372;-0.79971;-1.4565;0.41053;-0.75667;0.75106;-0.47836;0.44992;-0.68142;0.55477;0.38527;-0.81353;0.87702;1.4057;-1.7081;-0.21644;1.1914;1.1336;1.165;-0.95906;-0.89586;-0.70573;-0.58566;-0.50731;-1.5141;-0.47248;3.1698;0.21722;-1.604;0.49768;1.5098;-1.0433;-0.25808;1.0382;0.031683;-0.14978;0.99278;-0.66299;-1.0515;0.51148;2.0302;0.020249;-0.85114;1.1524;0.073245;0.31717;0.34842;0.099299;1.4464;2.0545;-0.11578;-1.4937;-1.0464;1.5487;0.70225;0.34659;-1.439;0.33195;-2.4631;0.1678;0.61323;-2.1267;0.23693;0.292;-0.34721;-0.69109;0.99863;-0.50936;0.99558;-1.1312;-0.54506;-1.2199;-0.95778;-1.5775;-1.0236;-0.17935;-0.73398;0.80314;0.65877;0.06279;-1.5378;-1.0498;-1.0945;0.78972;0.38702;0.15987;0.80663;0.58291;-2.0546;1.539;-1.3724;-0.50797;0.17155;-0.24011
46;-2.4167;-0.3126;-0.1773;0.034735;0.39034;0.82555;-0.6734;0.21863;2.3743;-1.2742;-1.145;0.54032;0.59713;-1.8471;0.91833;0.15639;1.5042;0.53199;-0.2359;0.5516;-1.1422;1.0192;-0.85768;-0.39477;-0.82317;1.1516;0.75515;1.5268;-0.1479;-0.24401;2.1515;-0.2732;-0.14268;-1.154;-1.535;0.17152;-0.54858;0.10322;1.3496;0.18198;1.2871;0.16368;3.7301;1.178;0.98931;0.56742;0.28685;-0.51257;-0.31045;-0.037606;-1.121;-0.012374;1.0991;0.78643;-1.9609;1.435;-0.11804;-0.45019;-0.93284;-0.96984;0.50013;0.17575;0.99412;1.5097;0.43651;-1.5625;0.054841;1.6798;0.041747;0.98234;0.080987;0.55086;0.18229;0.75333;1.0387;0.4911;-0.12935;2.1118;-0.037326;0.25339;0.75211;-0.94512;-0.10321;0.97285;-0.33763;-0.070714;0.083893;0.99936;-0.23682;-0.21002;-1.0895;0.75997;-0.97754;1.6446;0.6207;1.2222
47;-13.868;0.10571;0.23094;0.55856;0.37422;0.085585;0.09303;1.0733;-0.56465;-0.40006;1.6739;0.36809;-1.2026;-1.2716;-0.35054;0.35891;0.6933;-0.27436;-0.28493;1.1779;1.5372;-1.7061;-1.0764;-0.55004;1.1693;0.78462;-0.080412;0.80638;0.61278;0.35681;-0.15883;-0.25108;0.7741;0.45466;1.8267;-1.2372;0.29206;0.064253;0.016925;1.2291;0.34645;-0.68216;-0.021292;2.1834;-0.44276;-0.9974;0.80502;2.6048;1.6094;-1.3691;0.096994;0.04463;-0.66031;-0.51548;-0.057438;0.87615;0.48828;-0.086228;0.65947;0.079406;-0.36698;0.36697;0.011297;0.40617;1.7567;0.70884;-0.29707;0.10986;0.65203;-0.24516;-0.16002;-0.013213;0.77514;-0.45181;0.84245;-1.2041;1.0054;0.37068;0.57746;-1.0457;0.78209;-0.42399;2.8862;-1.2841;-0.88605;-1.3198;-0.25013;0.61218;-0.73969;-1.223;1.2155;0.48721;-0.1617;1.4891;-0.29794;1.055
48;4.8627;-0.19173;0.4656;-0.45628;-0.57373;1.2763;0.95107;-0.71346;-0.6404;-0.60267;-0.48195;0.85108;-0.065703;-0.11462;0.060611;-0.29119;-0.024632;0.13683;-0.2252;0.98793;0.39977;-1.3028;-0.23101;0.022306;-0.80747;0.081974;0.2624;0.27614;0.54537;-1.121;1.2339;-0.95063;1.793;0.90734;0.69738;0.86662;1.6462;0.36583;-0.21185;-0.3723;0.95198;-0.94885;0.28842;-1.2353;-1.6071;1.1459;-1.0665;-0.63254;-0.38232;0.70282;-1.3435;1.1661;0.4515;-1.2669;0.44998;0.67658;0.60536;0.46632;-0.33653;-0.11153;1.0476;0.60311;0.75363;0.89617;0.28259;3.0667;-0.84691;0.45119;-1.4905;-0.11863;-1.2601;0.68833;0.94835;-1.3522;1.1784;0.40657;-0.70416;-1.7308;-1.5254;0.38824;-1.3095;0.79043;0.30458;0.92008;1.6256;-1.1393;0.90749;0.41697;-0.72511;0.55388;-1.8607;-0.83417;-1.2269;-0.6776;1.8596;-0.57171
49;-3.0909;0.81057;0.24913;-1.599;-1.2331;-0.58065;-0.81623;0.31744;-0.72507;0.6557;0.62355;-0.45745;0.2755;-0.79132;0.41204;-0.95101;0.48312;0.22773;1.6661;-1.3438;0.32746;0.3915;0.52487;-2.1663;-0.76715;0.094742;0.569;-0.86951;-1.5562;-1.0581;0.84721;-0.90219;-2.1177;0.0729;-1.1629;-0.76108;-1.5969;-0.29144;-1.3994;-0.46834;-0.6855;1.1946;0.23918;-0.58257;0.7054;0.94922;-1.2566;0.54779;0.12466;-0.96708;0.67809;-1.9327;0.071362;-1.3886;-0.028579;0.067056;-0.97504;-1.924;-0.3218;0.66346;0.58569;-0.40797;-2.1991;-0.2766;-0.19825;-0.69954;-0.034921;-0.90481;0.65629;-1.1121;0.94015;-0.034031;-1.1748;1.2298;-1.8858;-1.2915;-0.46576;-0.45301;0.41641;-0.33922;0.39597;-0.66244;-1.2059;0.025209;0.82255;1.3561;0.31291;0.65883;-0.41447;1.8075;0.55065;0.60782;-0.16681;0.76334;1.3542;1.2606
50;1.3868;-0.10399;-0.90882;-0.80976;0.082984;-0.03025;-1.7887;-1.143;-0.95506;0.70942;-1.5915;0.26942;-0.65644;-0.82168;-0.46828;-0.30815;1.335;-0.404;-0.1382;-0.7502;0.35047;0.22764;1.7235;1.8457;0.68897;1.3816;1.3752;-0.98683;-0.84728;-0.89346;-0.70614;-0.18961;-1.4681;0.67156;-3.6316;-0.034726;0.75691;0.076851;0.20186;-0.63996;-0.58187;0.57963;1.5481;-1.42;-0.13812;1.2492;-0.63804;0.53849;1.8097;0.51582;1.3988;-0.59803;0.23529;0.54341;-1.0585;0.27083;0.21884;-0.28258;-0.20183;-0.57113;-1.2285;2.2714;0.12713;0.96502;0.58408;-1.6391;-0.34521;-1.2603;1.774;-0.24932;0.63934;1.4197;-0.30992;0.059245;-0.17299;0.025214;-0.26288;-1.3074;0.48024;2.0555;-0.093056;0.73647;-0.0075019;-1.3268;-0.93417;-0.32462;-1.8543;0.053038;-0.18171;1.2659;-0.03347;-0.26122;-1.0593;-0.93949;-0.12489;1.2706
normalized population
1;0.58102;1.7538;1.3274;-0.036596;0.28219;-0.62179;-0.60522;-0.017589;-0.011596;-1.3962;0.17138;0.20447;-0.35734;0.63592;-0.92418;-1.5127;-0.80288;1.5447;0.56572;2.3389;0.3237;0.97549;-0.40799;-0.87824;-0.30739;-0.03254;1.3578;0.15435;-0.58121;-0.34162;-0.25715;-0.23271;0.041761;1.628;0.21921;0.39329;-0.20439;0.024375;1.1394;0.82571;0.52709;-0.70436;0.77805;2.0028;1.2028;2.0287;-2.1682;0.61915;-1.8537;0.070495;1.8353;1.0675;1.0128;-0.57988;-0.054999;-0.80102;0.086573;1.2261;0.26253;0.48247;-0.61291;0.52497;0.55223;0.56941;-0.97409;-0.28237;-1.6406;-0.21189;-0.808;-0.082942;-0.70466;2.939;-0.90073;0.5666;1.382;0.18311;-1.0255;0.38336;1.6109;-1.4384;-0.62671;1.4249;0.44136;-1.1474;-1.5151;-1.1768;-0.29968;1.3634;2.1748;0.674;0.92787;-1.1075;0.45987;1.4119;-0.32816;0.27859
2;2.0844;-0.80214;-0.42681;-0.26957;0.39209;1.1709;0.19756;-1.1825;1.7503;-0.29344;0.12628;0.029019;-1.3039;0.15563;-1.6038;0.5475;0.37108;1.4089;-1.3852;-0.52477;0.29197;0.42155;-1.4327;-0.10626;0.60072;-0.013109;0.79662;-0.47947;1.6777;-0.10199;0.14957;2.4072;-0.16538;1.4777;1.2848;0.063315;-1.3663;-0.10203;-0.56701;0.063562;0.88215;-0.56099;-0.019441;0.36617;-0.75465;-0.019971;-0.39003;0.26641;-0.43313;0.20824;0.013255;1.7017;-0.52988;-0.514;0.50931;-1.1926;-1.7991;0.96753;0.53799;-0.6555;0.79238;-0.3726;-0.53441;0.38183;1.8818;-1.4274;-0.43655;-0.41491;0.059357;-0.21504;-0.067038;-0.27971;1.0538;0.37567;-1.216;-1.0904;-0.89434;-0.6881;-1.3719;0.029576;-0.89203;-1.0365;-0.40396;0.88028;-0.13845;0.15827;0.069599;-0.88033;0.73334;-0.2278;0.69737;-1.3436;1.2567;1.597;0.92552;-0.49128
3;0.45681;0.66569;-1.0877;-1.2149;-0.0054851;0.58893;0.68154;1.5929;0.87483;0.35478;-0.49386;1.1651;0.27082;0.50133;0.99758;-0.031706;2.0973;0.79913;-1.1393;-0.039329;1.1572;0.69299;0.21427;-0.30788;-0.74714;-1.0755;1.7018;-0.48917;-1.0191;-0.5496;-0.26722;1.6875;-1.0486;-0.62028;-1.5954;-2.0233;-0.70409;0.20826;-1.2824;2.1504;-2.5174;-0.22813;0.1713;0.54942;0.95683;0.7421;1.3178;-0.81748;0.43724;-0.67644;-0.10252;1.0634;1.3117;0.58475;3.1883;-0.7662;-0.12769;-1.4302;-0.15606;-1.3259;-1.965;-0.89205;0.14435;-0.91996;0.49673;1.7921;2.3335;-1.047;0.24185;0.33612;-0.29074;-0.35941;-0.92992;-1.7284;1.0473;0.22282;-0.039528;-0.45014;0.79392;-0.19638;-1.5656;0.50275;1.1773;0.34883;-0.48512;-0.58705;0.4415;-0.19616;1.2587;-0.18143;1.7795;-1.3896;-0.59422;-1.0202;0.74746;0.73767
4;-0.1439;1.43;0.25699;0.95344;0.1433;0.84493;0.77889;0.99701;1.277;0.234;0.29831;1.3185;0.11853;0.15178;-0.79877;-1.5292;-1.0704;-0.10405;-2.3647;-0.77112;0.15189;-1.7847;-0.20372;-0.97556;-0.09386;0.6029;1.1615;-1.4134;-0.04226;-1.738;0.12435;0.66242;0.17089;-0.60684;1.1141;0.24213;-0.59288;-0.052718;-0.16666;1.0306;-0.6595;1.073;-1.1606;-1.0898;0.4386;-0.0063932;0.90921;0.25532;0.15815;-1.9635;0.97981;-0.61797;-1.4547;-0.53912;-1.0899;-0.75921;0.14904;1.4107;0.99276;2.2521;0.011245;0.22433;1.0245;-0.97124;-0.45034;-0.61345;0.50369;0.56024;0.51242;-0.57745;1.5145;1.3304;-0.76148;-1.7746;-2.0775;1.4753;-1.045;0.99776;-0.071697;0.54093;0.17573;-0.024329;1.3272;1.3986;-0.20032;0.86881;-0.26816;0.6532;-0.13721;-2.0105;0.40884;0.5675;-1.1808;-1.325;1.0235;-0.67364
5;-2.2316;-0.13263;1.4831;-2.7208;0.30336;1.636;-1.3035;-0.80354;1.07;0.94767;0.22004;-2.0336;0.72996;0.019569;-1.4347;0.18028;-0.22639;-0.44125;1.809;-1.733;-1.3613;-0.16783;0.49044;1.4385;0.86077;-1.5984;1.2699;1.2269;1.0168;0.25875;-0.49523;0.72261;-1.082;-1.9386;-0.044376;-0.7744;-0.67634;-1.2202;1.5755;0.03747;1.1292;-1.4505;-0.22883;-2.0135;0.66706;-1.475;1.5859;-2.3464;-0.72754;1.6616;0.88654;-0.89232;-1.9502;1.174;-0.44192;-0.1247;0.85111;-0.73092;-0.596;-1.8112;-0.63211;0.042168;-1.3688;-0.21991;-0.12588;-1.1592;-0.021057;-0.04444;-1.2516;-0.57417;0.94567;-0.088043;1.0423;1.1897;-0.62614;0.82119;0.65604;-0.50094;-1.0743;-1.2871;-2.22;0.71312;0.86381;-1.673;0.18221;-0.54383;1.3621;0.34289;2.1746;-0.16647;-0.19748;1.1272;-0.43422;-0.31502;-2.0345;-1.4643
6;-0.56627;-0.28251;-1.7736;-0.80954;0.49552;1.9599;0.2886;0.45567;0.086287;0.86768;-0.67256;0.6397;-0.47625;0.51275;1.1159;1.7602;-0.06975;1.4691;-0.72463;-0.17112;2.1791;0.964;0.054135;0.51823;-0.036449;1.8025;-1.2466;-0.97087;-1.1325;0.75093;-0.8311;0.11502;-0.51569;0.51244;1.0528;1.1124;-0.60553;0.66815;-0.94407;1.1483;-0.82543;0.76546;-0.39084;-0.95594;0.33705;-0.83173;-1.1057;-0.52203;1.0621;-0.024103;-0.89645;1.2646;0.84893;-1.3599;1.4096;-1.3338;-1.0814;1.2534;1.0376;0.93699;-1.3399;0.012649;-0.29775;1.566;-0.11429;1.2042;-1.1661;0.83722;2.0966;0.18489;0.47635;0.91462;-1.4446;-1.3092;-0.79272;0.57667;-0.94763;-1.8433;0.76263;-0.026899;0.15213;0.92521;-0.7999;-0.32758;0.87183;-1.4676;-0.56535;-0.5147;-1.6053;0.031356;-0.37492;-0.25694;-0.79917;0.95163;-0.57087;0.50181
7;0.87111;-0.92319;2.6487;1.0725;0.61359;1.5229;0.50545;0.1478;1.1661;0.98992;1.4515;-0.07002;-0.27678;0.32564;-0.34744;0.46256;-0.14187;0.039265;0.97788;0.54608;0.10555;-2.0966;0.71833;-1.4761;-0.9438;-0.95181;-0.34352;-0.72786;-0.9233;0.59454;-0.52918;0.19837;0.87567;-0.19837;-0.52263;0.028399;1.3735;0.59616;0.38085;0.89855;-1.3414;0.29905;-1.8406;-1.8256;0.068809;-3.0416;-0.47435;1.8559;1.7379;-0.66918;-0.97573;0.87801;1.2342;-1.9924;0.10007;-0.69563;0.72984;1.5018;-0.37188;-0.3799;0.53963;0.71779;-0.89416;0.55669;0.50161;0.71275;0.28945;-1.6963;-1.9269;-0.69147;0.50579;-1.0665;0.78474;2.5943;0.96825;1.7537;0.46881;-0.90968;-0.78718;-0.84136;0.9443;1.7875;0.19322;-1.8194;1.5735;-0.11176;-1.0345;0.73846;0.20755;1.2346;0.81332;0.58349;0.11019;0.024209;-1.49;-1.4307
8;0.35163;-0.013236;0.34204;1.4169;0.94998;-0.74298;-1.8698;-0.68287;-0.12372;-0.084947;2.0352;0.14796;0.49923;-0.29357;-0.12992;-0.010771;-0.79832;1.9286;-0.21062;-1.3043;-0.66538;0.042012;0.88634;-1.8521;-0.10403;-1.0926;0.81817;0.69468;-0.62995;-0.36253;0.21314;1.6298;0.42877;-1.0191;0.79164;-0.97798;-1.1447;1.1654;-0.65028;1.1362;-1.1232;0.77894;0.043541;0.75849;-0.37362;0.73423;-2.6803;-1.41;-0.96911;0.32508;-0.35755;-0.91217;0.063961;-0.74278;0.86479;-0.0045833;0.19658;0.61028;-0.11869;0.18085;0.9836;0.97148;1.1556;0.91415;0.21785;0.93793;1.2877;-0.89903;0.13929;-0.40268;0.84309;-1.5713;0.10293;-0.76305;0.48334;-2.0562;2.2559;0.53478;-0.61895;0.72693;0.3111;-0.19925;-0.62147;-0.38204;-0.38983;0.37068;0.88536;0.3744;-0.29328;-0.52878;1.1028;0.65408;-0.074673;-0.74664;-0.44988;-0.97185
9;-0.86564;1.2126;-1.9336;1.8149;-0.2198;-0.81069;-0.65405;1.5422;-1.3158;-1.4553;-1.8779;0.016477;-0.67782;-0.86773;0.62391;0.32753;0.016169;-0.0067712;0.042499;1.1016;-1.2967;-0.36995;-1.9045;1.6233;-0.038182;-0.10838;-1.0304;1.2263;1.3119;-0.12091;-2.1403;0.37735;0.68703;0.57534;-0.66635;-1.2746;1.8494;-1.8767;-0.40922;0.76371;0.57102;0.65925;0.045382;1.0503;1.0779;-0.031789;0.1354;0.2617;0.82367;-0.4492;-1.4809;0.14304;-1.7547;1.6814;0.30053;-0.20091;1.1047;0.57129;1.8981;0.32623;-0.059046;0.66287;0.72638;-0.78983;-1.3235;0.26741;0.40234;1.5047;-1.0677;-0.67006;-0.55151;-0.20666;-0.90584;-1.7351;-0.13441;0.43536;-0.97713;-0.22998;-1.0662;-1.3689;1.344;-0.56482;-0.21216;0.11311;-1.3281;1.9478;0.25248;2.2432;-0.37447;0.26319;-1.043;0.40066;1.3392;-0.078405;2.0195;0.54595
10;-1.5186;0.45407;-0.056086;0.54409;-0.33424;-0.24902;1.1756;-0.72802;-1.2057;-0.60567;1.1765;-0.84929;-1.0863;-0.63408;0.57925;0.30689;-1.5832;-0.4594;-0.013992;-1.1373;-0.44348;0.36484;0.50967;0.2848;-0.61997;-0.63678;1.0173;0.21603;0.71345;0.57914;-0.13403;0.89908;0.9393;-0.021196;-0.10007;-0.075767;-1.4147;1.668;0.14598;-0.44311;-1.356;0.20941;-0.030549;1.0239;-1.3376;-0.94883;0.64193;-0.64774;-0.60419;-1.2133;-1.5455;-0.082148;-0.57071;-0.53923;1.0025;-0.88408;-1.7556;2.5974;-0.55922;-0.79038;1.324;1.5078;0.11599;-1.7824;-0.42069;0.043986;1.2119;2.3143;-1.0478;1.0319;-1.9374;0.06056;-0.26262;1.2241;-0.91;-1.0292;-0.062983;-0.43192;-0.53721;-0.28516;0.28318;-0.096397;0.20267;-0.035946;0.17569;-0.3035;-0.75044;0.86476;0.23522;-1.2382;0.11995;-0.60377;0.46552;-1.3978;0.76934;-0.96274
11;-1.4018;-0.1503;0.22968;0.088796;1.4217;-1.2;-2.0001;0.56521;-1.6146;-0.44388;0.87319;0.25192;-0.25666;-0.38209;-1.2622;-1.8384;-1.6946;-0.36655;1.2026;1.9321;1.3258;1.8247;1.2336;0.73382;-1.1338;-1.2296;-0.095866;-1.0214;-0.10726;-0.96638;-0.70421;-1.0961;-0.21654;0.47137;0.69262;1.3611;0.59871;-1.2481;0.70703;-1.0942;0.30638;-1.2126;-0.671;-0.55593;-0.0818;0.12599;-0.23398;0.3972;-0.22927;0.017979;2.0921;-1.2539;-0.022063;0.39705;-0.60334;2.2564;1.6173;-0.49135;-1.5751;0.69143;0.28523;-1.3935;-0.2059;-1.184;1.1509;1.1333;-1.0387;-0.17495;-0.033616;-1.1717;-1.1963;-0.076841;-2.1001;0.60451;-2.2551;0.14338;0.081995;0.069206;0.044392;0.80546;0.93421;-0.75266;1.2378;1.1141;-0.44838;0.32076;0.44968;-0.6099;0.56905;1.3351;0.08686;-1.3235;-0.13292;0.72115;0.55872;-0.21922
12;-1.5234;-0.88834;-1.0733;1.4149;-0.58636;0.78132;0.021865;0.25852;0.087525;0.63286;-1.1356;-2.7805;-1.7481;2.4189;0.29841;0.36327;-1.1562;-0.028694;-0.18141;0.39873;-0.27245;-0.22869;0.25072;-0.50927;-0.49475;0.8227;0.0035862;-1.5648;-0.0094713;1.0817;0.38597;-0.16175;1.9695;0.52349;-1.9029;-1.3663;-0.11178;0.35855;0.35335;0.61027;-0.59178;2.3961;-0.18356;0.72473;0.09745;0.51842;1.7886;-2.2196;0.088202;-0.41508;-0.91977;0.30495;0.45499;1.0659;0.71741;-0.29631;-1.0343;-2.3144;-0.35207;-0.34788;0.98286;0.11043;1.5488;-2.4055;0.96258;0.77378;1.2319;-1.7898;0.58108;2.4581;1.6681;-0.6996;-0.026026;-1.3294;0.062883;-0.26627;-0.0076522;1.7758;1.8953;1.9076;-1.6516;-1.7429;-0.68074;-0.67151;-0.47726;-0.36081;-0.04416;0.38164;-1.9942;-0.26624;0.1232;-1.0807;0.50086;-0.4481;-1.273;0.30232
13;-0.5635;-0.66293;-1.8086;-0.82999;-0.6787;1.3599;-0.57924;1.8394;-0.73322;0.025639;1.2654;-0.10222;-1.6255;0.69141;0.90294;0.40548;-0.052899;-1.7434;0.44825;0.2592;-0.21786;-0.69035;0.47164;-1.3909;0.70784;1.3499;-0.90831;0.38552;-0.67397;1.6018;-0.37489;-1.3037;-0.76351;1.3421;-1.0223;-0.54319;-0.24704;-0.6766;-0.34412;0.46878;0.15955;0.099626;0.075086;-1.9008;-1.175;-0.32227;1.4902;-0.48496;-0.23556;0.96101;-0.2127;0.81537;-0.082757;0.43777;-0.25048;0.034637;0.96011;0.3905;-0.86141;-0.20991;1.3732;0.29691;-0.56611;-0.14332;0.96494;0.11799;0.89039;-1.3544;-1.2468;-0.74684;-0.42159;-1.6848;0.036021;0.65924;-0.58551;1.019;1.0755;2.6312;-1.1959;-0.74112;-0.90247;2.2775;-2.0614;-1.8915;0.3104;1.2734;1.6723;-0.41825;1.7289;-0.15222;-0.65932;-1.6623;1.2351;0.56571;1.129;1.6749
14;0.58863;-1.0135;0.79016;0.8743;-0.60084;0.34654;0.64406;0.75918;0.95434;-1.7995;-0.87643;0.68198;1.803;1.3571;-0.012018;-0.066195;-1.3252;1.1855;1.5527;-1.9104;-1.1441;0.71934;0.30449;-0.42768;-2.1994;-0.68333;0.48482;-1.7123;0.3287;0.043135;-0.66432;-0.2422;0.71112;-0.85512;-0.34674;0.44976;-0.2087;-1.5564;-0.13619;1.9508;0.54945;1.6787;0.38608;-0.028214;1.8404;-0.20298;-1.5495;1.4931;1.0349;0.53901;-0.39853;-0.78511;-0.016696;1.1053;0.56954;2.0342;-1.0974;0.11712;-1.0146;0.47776;1.5106;0.29035;-1.0296;-1.3276;0.74219;-0.33754;0.44208;0.13353;-0.23466;-0.028904;-0.1171;-0.68643;-0.57172;0.10385;-1.3973;-1.0957;-1.1922;0.69765;0.35679;0.75678;-0.43959;0.38681;-1.0498;0.010517;-1.1285;-1.3699;-0.89468;-0.47619;-0.43892;1.6933;-0.63854;-0.61303;2.2188;1.1589;-1.156;1.5231
15;1.115;-1.8825;-0.53845;1.0293;-1.6664;0.51222;0.22523;-1.0704;-0.41642;-0.91529;0.55303;-0.20753;-0.11122;0.13971;0.7086;-0.23334;-0.31429;-1.2305;0.67659;1.0346;-0.91608;-0.17347;1.0082;0.44258;-0.43734;1.2077;0.22112;-0.21294;2.0682;-1.3114;0.39451;-0.43664;-0.87501;0.90728;-0.43975;-1.6485;0.31429;2.2578;0.27308;-0.75315;0.043048;-1.4148;-0.81184;-0.22577;0.59291;-0.58299;-1.5344;0.98986;0.65293;0.70835;0.26049;0.5436;-0.70961;-1.3882;1.7515;-1.0783;-1.4259;-0.43057;-0.68089;-0.24221;0.37984;-0.46511;-0.5698;0.080244;-0.91196;-0.012493;-0.56397;0.66821;-0.6375;1.3952;0.96051;1.0828;-0.39123;-0.11611;0.33624;0.25448;-0.20053;0.51954;0.31808;-0.82669;-1.3772;0.60176;-1.0075;0.35598;-0.1042;-0.20289;0.008352;-0.89658;-0.63207;0.18738;0.78335;0.30624;1.0064;1.0559;-0.72947;-0.96127
16;0.43347;-0.14262;-0.087523;-0.73222;-0.61598;-0.49932;0.71362;-1.4612;-0.9803;0.45012;1.2003;1.1163;0.46365;0.36035;0.18352;0.53659;1.2797;-1.0739;0.1311;0.035918;1.2252;1.7855;-0.57197;-0.69882;-1.2774;-0.48521;1.7103;0.67856;0.34513;1.3015;0.77895;-1.5452;0.80106;-0.36482;0.43393;-0.6132;0.9565;-0.56489;0.082289;0.21561;0.37441;-0.13103;2.2578;0.15869;1.0366;1.5896;-1.4897;0.23115;0.91432;0.42681;1.4058;-0.49705;-0.24315;1.0577;0.51576;1.6426;0.41164;-1.8783;1.256;0.14197;0.21927;-0.64134;-0.35827;0.07076;-1.8353;1.7714;-1.1307;-0.65757;-1.4726;-0.13206;0.56489;-0.23257;-0.66584;-1.7106;0.90698;-1.0152;-1.9858;-0.021862;-0.20387;0.19296;-1.0161;-0.81196;-0.75823;1.5475;0.58266;-0.11847;1.9464;-2.2172;0.39665;-0.36524;-1.0612;0.96038;1.0571;-0.82825;0.072536;0.80242
17;-1.744;-0.70211;-0.29688;1.5835;-1.0483;1.277;-0.36101;-0.52376;-0.75128;0.70932;0.79465;1.3024;0.37899;-1.1485;-0.81134;-1.2192;0.32943;-0.37379;-0.016262;-0.71964;-0.3464;0.52629;1.4389;1.2721;0.092855;-0.035752;-0.43522;-0.16658;-0.4694;-0.80711;0.82392;1.024;1.152;-0.49757;0.10063;-0.73481;-0.29064;0.56419;-0.32874;-0.36773;-0.79937;0.21208;0.059028;1.16;-1.5719;1.0594;-0.011299;-0.26458;1.773;-0.51201;0.60481;-0.23788;-0.1925;0.29032;0.38774;-0.15009;-0.71667;-0.0042368;1.5097;-0.67018;-0.54939;1.3832;-0.68308;-0.20834;1.5482;0.6492;-0.86636;-1.2868;-0.65556;-1.4858;-0.79458;0.094683;0.96571;0.47596;-0.31884;0.36584;0.97793;-0.18366;-0.16082;0.4806;-0.26301;1.167;-0.92133;-1.9734;1.7416;-0.73926;-0.11464;0.41781;-1.4021;1.3165;0.27263;-0.16106;0.17096;-0.48496;-0.66005;0.30413
18;0.039207;0.26002;-0.073714;-0.41923;-1.0293;-1.8442;-0.78367;2.6853;-1.0323;-0.70173;1.0771;-0.31015;0.32985;-0.10464;2.8655;1.057;-0.016479;1.6354;1.5117;0.43482;0.24205;0.92195;-0.60963;-0.016974;-0.11942;1.2345;-0.93212;-0.02461;0.88671;0.69426;1.4707;-0.99117;0.86535;0.23452;0.30225;0.57778;1.6886;-0.89139;-0.54325;1.0471;0.58417;-0.78539;-0.28269;-0.35789;-0.94279;1.6358;0.78964;0.16989;1.9422;1.0166;0.39996;-1.2205;0.81791;-0.09914;-1.8097;1.1862;0.04548;0.84967;1.0179;-1.244;-2.0062;-0.18398;0.43419;0.67878;-1.3933;-0.21464;0.26894;0.99623;0.14925;-0.346;0.68404;-0.48998;2.0124;1.195;1.4935;-0.42259;0.60903;0.60323;-0.78145;2.2171;0.4692;-0.24991;0.052454;1.3952;-0.17841;0.49787;1.9729;0.88745;1.34;-1.3933;-1.6469;-0.9644;-0.61962;-1.1394;-0.16277;-0.72399
19;2.0647;-0.50567;-0.70266;1.307;2.7148;1.0697;-0.78735;1.5134;-0.75394;0.80804;0.85342;-0.35976;-0.3351;-0.90497;0.11032;0.70209;-1.642;1.736;-0.33836;0.82381;-0.4222;-0.21942;-0.45244;-0.88089;1.5574;-0.14086;0.36917;0.95387;0.90322;0.79553;0.65129;0.13183;-1.0879;-1.4994;-0.21892;-1.5782;0.53719;-0.87806;0.89696;-0.93843;1.4647;-0.50553;-0.52208;0.17254;1.1577;0.1047;0.34458;-1.8562;0.09119;1.6029;-0.016291;0.74727;-0.12707;-2.1646;-0.20742;-1.5934;-1.4504;-1.2558;0.77545;1.3135;-0.34696;0.86853;-0.24659;-0.93844;-0.61293;-0.54051;-0.31599;1.0228;-1.1113;-1.254;-0.28739;-0.55373;0.61864;1.1134;0.4072;-1.2784;0.57739;-1.5118;1.3691;0.025338;0.99757;0.39259;0.65969;-0.37527;-1.8292;0.6674;-1.3482;-0.034694;0.59208;-1.2765;2.1294;0.10658;-0.47015;-0.19399;-1.8965;-0.63068
20;1.76;-0.79937;1.6729;-0.74445;-0.73976;0.64946;0.76501;0.0093488;1.9517;-0.5877;1.5895;0.17382;0.27353;0.54329;-0.45816;0.89501;1.01;0.21479;-1.325;-0.52081;-0.86794;1.6839;-0.62622;-1.5976;0.24489;1.5971;-1.0787;0.38006;0.15124;0.70389;-2.8065;-0.37905;-0.43672;0.27243;1.6577;0.6503;0.14568;-0.11205;-1.4487;-1.4303;1.1193;0.24106;-2.0733;-0.41884;0.006624;-0.028256;-1.3356;-0.44796;-0.57547;0.73505;-0.39524;0.11579;0.1114;0.76307;-0.081077;0.42058;-1.068;-0.79917;-0.65913;0.0082625;-1.567;-0.056166;-2.071;0.56024;-0.77998;-2.0775;-0.94816;0.047207;-1.6286;-1.2264;-0.51867;0.23676;2.4215;0.063281;0.0069321;0.22253;0.25465;0.34826;-0.82677;-0.38017;1.1905;-0.48466;-0.54671;-0.024122;1.5085;0.35288;1.0242;1.7531;0.43756;-0.39421;-0.099715;0.37459;-1.0493;1.1449;-0.5014;-1.3179
21;0.57056;-1.666;0.50613;-0.33719;1.3469;0.054389;0.71496;-1.0102;0.053847;0.062974;-1.3523;-0.53095;0.9868;0.50157;-0.40306;0.23622;0.048994;0.99394;-1.8546;0.15663;-0.7536;0.067762;1.1474;-0.35054;2.5634;0.92602;-0.14564;-1.3001;-0.055761;-1.2909;1.1515;1.7695;-0.049853;-1.1327;0.47551;0.86775;1.5161;-0.23101;-0.36842;-0.65351;-1.2394;-0.84815;0.42913;0.64684;-0.82049;-1.329;-0.051027;-0.36923;-0.34704;-0.25922;-0.42783;-1.0734;1.0394;-0.078517;0.71723;0.090457;-0.43591;-0.20734;1.7746;0.80489;-0.99799;-0.43416;-0.20248;-0.93785;2.2436;-0.57276;-0.49898;-1.4364;-0.50571;1.1348;-0.033155;-1.2682;-0.75739;-1.6698;-0.31327;0.84989;0.30242;0.42366;-0.29866;-0.32036;1.7463;-0.24496;-0.89886;1.6931;-1.8272;0.57411;0.38144;-0.2757;0.90592;-0.50423;0.38766;2.0469;-2.3039;-0.97756;0.1492;1.9036
22;-0.57869;1.3393;-1.9679;1.9977;-0.12772;1.5774;-0.51209;-0.3699;1.8566;-0.49989;0.13268;1.3477;1.6448;1.4623;-0.20257;-0.40846;-1.101;-1.2582;-1.0623;0.077311;2.37;-0.0066224;-0.019018;-0.25501;-1.5244;1.5986;0.0026755;1.7042;-0.16242;-0.051632;-0.51157;1.8416;0.68052;1.1091;0.22473;-1.2975;-0.21684;0.23102;-0.28963;0.050285;0.62363;-0.41256;0.53883;1.2362;-0.13322;-0.35596;1.1341;0.21278;-0.85434;0.41214;-0.017983;0.65337;0.99672;-0.79124;0.011497;0.40974;0.44505;-0.96383;-2.626;-0.32339;0.30002;0.59756;0.60863;1.4731;0.26743;-0.22625;1.2535;-0.50319;1.649;-1.9797;0.58082;0.41866;0.7056;-1.3647;0.27991;0.25638;0.56402;0.24691;0.61437;1.104;-0.42583;-0.46819;0.14997;0.18149;0.08291;0.48965;-0.53835;-0.085306;-0.1315;-1.3559;-0.37468;1.0158;-0.67121;0.56054;-0.901;0.84294
23;-0.37074;0.14255;-1.3697;-1.1608;0.46183;0.92903;1.8641;-0.73008;0.46629;-1.5631;0.53076;-0.48945;-0.69247;-1.0621;-0.15163;0.42059;-1.0853;0.11653;0.88146;-0.87752;-0.29732;-1.3268;0.25635;0.53676;0.96261;-1.7899;0.79126;0.27511;0.28661;-0.062238;0.97176;0.24407;-1.7688;0.5326;-0.28018;-0.65039;-0.31583;0.18106;0.31552;0.065604;-0.36983;1.1637;0.82436;-1.1035;-1.3202;-0.47528;-0.78035;1.0422;-1.1357;0.14745;-0.34067;0.030745;0.92253;-1.5042;-0.0090155;-1.3096;0.63096;-2.1339;-0.60468;0.36063;0.30377;-2.3932;0.55944;-0.11335;-0.24062;-0.18855;0.18194;0.30877;-0.12688;0.51224;-1.6742;-0.34733;-0.3046;-0.27554;1.2736;3.1101;-0.51603;-1.4109;-0.87278;-0.63857;0.23329;0.17599;1.2554;0.011933;-1.891;0.21098;-0.017419;0.33637;-0.88148;0.374;0.83259;1.7142;1.482;0.47417;-0.16436;1.6325
24;0.5275;1.881;0.31858;0.36781;-1.7884;-1.258;1.0617;0.099432;0.20186;0.96585;0.014723;1.7293;-1.0238;1.309;-0.52135;-1.1786;-0.7904;1.3232;2.1051;-0.28887;-0.045881;2.6436;0.11606;0.44196;0.19522;-0.094672;-0.01052;-1.7492;0.44464;-2.3167;0.064183;-0.7812;-1.5239;-1.2561;0.034103;0.14357;1.4245;-0.1436;1.5409;-1.1814;-0.41057;0.95826;-0.654;1.0824;0.052022;-0.3658;0.51046;1.0379;2.2638;-2.1649;0.30594;1.4466;1.1304;1.3139;0.009291;0.48972;-0.87022;0.84663;0.53873;-0.23724;1.1935;-1.0044;0.94402;0.50266;0.85574;-0.54946;-0.1637;0.90987;-0.1935;-0.52677;1.3954;0.77153;-1.3911;-0.007793;-0.0212;0.60085;-0.87336;-0.71028;-0.45715;-1.9596;-0.55319;-0.66483;-0.45113;-1.9188;0.61712;-0.36779;-0.0056701;1.1447;-1.3754;1.0449;-0.43488;-1.387;0.75847;0.34296;-0.53573;-1.0031
25;-0.33672;-0.29881;-0.43403;0.095176;-1.3411;-1.0714;0.59768;-1.8662;1.9236;-1.5726;-0.36404;-0.20068;0.44366;1.1833;-1.3441;-0.039665;0.6588;0.56519;-0.0033533;-0.22938;-0.47244;-1.5335;0.094644;-0.74811;-0.1834;-1.344;-0.82264;-0.05778;0.15363;0.60511;-0.26515;-1.9875;-0.3666;-0.7108;-0.47874;-0.33335;0.43867;-0.73393;1.3172;-0.7292;1.58;-1.3502;-1.3409;-0.32524;0.14692;0.11773;1.0417;0.7672;-0.42664;0.90077;-0.24492;0.58093;0.97467;0.58259;0.37663;-0.68687;1.518;-0.0026904;0.91213;0.43517;0.28341;-0.84548;-1.5376;-0.94778;-0.7209;1.3228;-0.97111;0.8053;1.1798;-0.30822;-0.76326;0.4224;-0.7783;0.085224;0.93398;-0.363;2.1924;-2.2982;1.1544;-0.84882;-1.7228;-1.1669;0.30171;0.43761;-1.0832;-1.8913;-0.7193;1.3121;-0.7788;1.023;-0.67881;-0.058188;-0.18939;-0.8125;0.072628;1.3182
26;-0.59756;1.2886;0.38665;0.63843;-1.56;-0.0060439;-0.93414;0.62886;-0.47049;-0.64976;0.41997;0.34655;-0.97994;-0.6116;-0.4993;-1.2942;2.1256;-2.7585;-0.029864;1.8843;-0.38366;0.16568;0.72651;-0.41936;1.0061;0.72897;-0.4634;0.55335;-0.2033;-0.48431;3.072;0.797;1.3044;0.0091862;-0.058848;0.48955;-0.76079;1.727;-1.2313;-0.52952;-0.39605;1.358;0.45061;1.4931;0.61902;-0.62455;-0.11171;-1.4094;-0.52437;-0.096857;-2.3742;-0.1465;-0.21574;-0.85417;1.0545;1.7501;2.0685;-1.2749;2.2437;0.11036;-0.00065316;0.83453;1.0129;1.3535;-0.89157;0.40363;-0.033476;-2.1751;0.71253;0.60945;-1.0418;-0.69688;1.8861;-0.44618;0.99749;-1.2299;-0.90009;-0.4149;0.65092;1.0093;1.6636;1.1162;-0.53411;1.0124;0.71119;1.2684;-1.5701;-1.2219;0.40472;-1.1929;0.20378;1.6574;-0.67293;-0.31764;1.0493;-0.54773
27;-1.0084;-0.99382;-0.27279;0.28149;1.532;-2.1775;-0.077011;-1.0637;-0.67038;2.323;-0.42085;0.65471;0.91817;-1.5928;-3.312;-0.11757;-0.41049;-0.58048;0.30905;-0.0026618;-1.1437;0.098056;-0.12295;1.1199;1.3181;-1.4102;1.01;0.23424;0.13544;0.81155;-1.2477;-0.81586;0.17804;-0.39038;1.4532;-0.081575;-2.5547;0.72378;0.26849;-0.012991;0.15931;0.83758;-1.2562;-0.61285;-0.90324;-1.6361;1.3269;-0.058052;-0.099684;1.9621;0.37753;-0.28179;-1.3559;-0.46988;-1.2594;0.02122;-0.42583;0.093929;1.1068;-3.123;-1.3192;-0.22012;1.7591;-0.81878;-0.35734;-0.56541;0.99913;0.11867;0.6002;0.93006;-0.77893;0.36267;1.0398;-0.14023;-0.61278;-1.0844;0.23837;1.1851;0.86029;1.6046;0.32812;-0.59553;-0.92172;0.21688;0.22405;1.1041;-0.50303;0.49333;-1.0475;-0.85386;-1.0948;0.050916;0.63882;-0.7539;-0.23279;-0.22909
28;0.53844;0.6717;0.062505;0.24914;1.9164;-0.44611;-1.8223;0.74322;-2.2179;-1.243;1.3438;0.14724;0.66146;0.38748;-1.0063;0.093454;1.1164;-1.0629;-0.17474;-0.13201;0.049237;-0.19774;-1.8464;1.4481;1.1592;0.42332;-1.5303;1.4184;-0.28754;-0.64826;0.82346;0.36094;-0.86777;1.843;-0.2791;1.2054;-1.302;1.391;-0.58486;1.5059;0.95669;-0.83084;0.27082;-0.80258;-1.1716;0.15417;-0.59097;-0.88692;-0.44668;1.43;1.3236;1.3693;0.44755;1.2136;-0.48506;-0.5404;1.0575;-0.33082;-1.1445;1.4011;-1.5658;1.235;-1.4705;0.76608;-1.9213;-0.13684;0.45534;0.56562;-0.041612;1.443;0.32251;-0.093017;-0.99206;-0.024501;-0.32176;1.0193;1.9383;0.49043;-2.0988;0.23672;0.40733;2.1851;-1.5182;0.89392;-0.56401;1.1036;0.40633;-2.8194;0.32821;0.42574;1.5698;1.6312;0.0056122;0.051515;-0.079993;-1.6775
29;0.20675;-0.77496;-0.60008;1.0358;-0.12785;-1.4725;-0.63673;0.35492;2.2661;-0.41036;-0.58226;-0.65297;-0.18557;0.74892;-1.0296;1.7903;1.2311;0.14947;-0.42215;1.164;-0.34012;-0.30682;1.9896;0.019422;1.3498;-0.34012;-2.2969;-0.17069;-0.34898;-0.49564;-0.24899;-1.5619;1.4655;0.55917;-0.44657;-0.82767;-1.6596;-1.2903;0.077739;1.3132;-0.065452;-0.54293;-0.42815;1.1822;-0.51219;0.88598;0.225;1.5163;-0.80573;-1.1787;-0.24008;-0.27262;-1.712;0.93012;-0.67847;-0.5112;2.0039;-0.23295;-0.045132;0.81864;0.75662;-0.81863;0.38476;2.3168;-0.92;-1.3491;-0.56325;-0.47526;0.30225;-1.5265;-0.82111;-1.5269;0.65138;0.52271;0.6957;0.36444;0.24706;-0.5575;-0.49882;-0.15743;-0.80076;-0.1095;0.65729;-0.35064;1.7046;0.65511;1.4662;-0.51917;-0.49763;-0.55961;-0.18865;-1.5097;1.2174;-0.20549;-1.2348;0.77255
30;-0.69169;0.70513;0.15805;-1.7168;0.89226;-0.35246;-0.23804;-0.98227;-0.3081;-0.58007;0.53977;-0.93097;-0.86457;0.13612;0.40802;-1.9487;1.3921;0.84394;-0.38154;0.53265;-1.9554;0.195;2.1003;-0.18116;1.1256;-0.69023;0.90463;-1.0032;-1.3039;1.2697;-0.41375;0.20055;0.54216;-0.73089;1.8463;1.6891;0.456;0.12677;0.62656;-1.5165;-0.53158;1.2261;1.8661;-1.382;-1.3111;1.2617;-0.89319;-0.42871;-2.2163;0.48633;-0.81012;0.54154;-1.7355;0.46276;-1.1556;-0.5865;-1.3738;0.66557;-0.12852;-0.1947;0.84548;-0.91744;0.57934;-0.78157;0.088713;2.0586;0.1855;-0.21527;-0.33417;-0.37514;-0.53568;0.2207;1.4229;-0.66026;1.7476;0.8815;-0.2681;-0.56445;0.23749;0.89139;0.01021;0.4397;-0.10858;0.86767;2.4596;0.30634;-0.67995;1.9131;1.8096;0.46165;-0.47048;-0.88974;-0.61414;0.74997;1.997;-0.49025
31;0.35263;0.079326;0.66767;-0.67119;-0.62694;-0.11801;0.47369;1.514;-0.54385;0.76648;-0.90736;0.33147;-0.57723;-1.1118;0.69171;0.83113;0.94307;-0.10827;1.4271;-0.23516;-1.6426;-0.94569;1.7996;1.0271;-1.8098;1.2603;-1.4711;0.87253;-1.9983;-0.20019;-0.37334;0.14706;-2.5115;2.2407;1.6376;0.094169;0.82525;0.0047649;-0.68292;0.9318;1.1777;-0.19427;-0.54492;0.70429;0.14877;1.59;0.18746;-0.19637;0.0052833;-0.11926;-1.532;-0.39219;0.12147;1.299;-0.21532;-0.46386;-0.25176;1.4305;1.5862;-2.3289;0.4961;-0.29782;-0.28396;-0.26854;1.6444;0.28621;1.6345;-0.00042092;-0.6695;0.69513;0.34003;-1.1049;1.1456;0.70566;0.77866;-1.473;-0.47021;0.023897;1.1023;-1.8944;-0.39054;0.4523;0.8273;0.51693;0.73798;-0.043386;1.364;-0.96011;-1.6454;1.0284;2.6691;-1.1813;-1.7521;-1.1069;-0.055396;1.0424
32;1.4063;0.19742;0.46102;-0.0081542;0.83814;-0.043273;1.255;-0.40618;-0.0083034;0.84788;-0.94332;0.49634;1.6821;-2.651;0.16043;0.28923;-0.92894;-1.2174;-0.51854;0.43241;0.034295;-0.56332;-1.2732;-1.3897;-1.2803;0.10188;0.68325;-0.55;-0.015283;-0.69522;0.18633;-1.239;0.63934;0.27974;-1.0362;0.17665;0.28783;0.89698;1.6721;-1.1666;1.5208;-0.35506;0.22969;-0.83227;-0.81712;-0.31379;-0.05115;1.4929;-0.26341;-1.0584;0.78615;-0.3689;1.4408;0.20333;-1.0825;0.27895;-0.773;0.45349;1.0294;-0.2649;-0.44474;-1.7092;0.81625;0.44934;-0.32284;0.50972;1.018;0.85012;-1.2232;-1.586;-0.093129;1.1022;0.13436;1.509;0.26303;-0.34954;0.2804;0.050103;-0.45962;0.58311;0.24175;-1.7072;-0.49373;0.75038;-0.57435;-2.3853;1.9505;0.83925;0.024592;-1.3309;0.38514;-1.4167;-0.35498;1.0315;-1.128;0.98255
33;0.1216;1.3925;0.92824;0.92576;0.82216;-0.21486;1.4228;0.043656;0.14884;-0.0093935;-1.1653;-0.70223;-1.0118;-0.6781;1.1141;-0.46654;-1.0503;1.4709;1.5371;-0.44357;0.18718;-0.8029;-1.0083;0.54187;-0.64157;-0.090566;0.37167;0.8216;0.58824;1.1841;0.62305;0.65867;-0.47155;1.4857;-0.19896;-0.51301;1.9626;-1.1056;-1.3078;-0.29384;-1.1642;0.92961;-0.40575;-0.73577;0.43167;-1.052;0.61927;-1.0475;-0.26001;0.18735;0.83127;1.4164;2.1999;1.7018;0.28191;-0.69789;1.4261;0.71283;-0.94261;1.4728;0.10528;-1.9351;1.3604;-0.9043;0.46639;0.84751;0.91578;0.65981;1.7022;1.0907;0.14143;1.2569;-0.41335;1.0945;-0.69833;0.39333;2.6692;0.31564;-0.96684;-0.99002;0.78451;-1.3433;3.3111;1.0685;0.27215;-2.4526;1.2906;-0.35482;-0.2149;-1.2297;-0.14045;0.59417;0.27974;0.013046;2.1546;-0.74391
34;-0.81655;1.8595;0.76605;1.1674;0.16992;-2.1776;-0.18175;-0.037926;0.65618;0.7609;-0.78802;-0.15017;-0.26666;0.44999;0.28909;-0.023589;-0.32877;-0.73142;-0.065027;0.48648;0.56642;-1.3675;-1.5992;1.0876;-0.71529;0.25393;-0.043668;1.984;-1.9148;1.8553;1.09;0.49045;-0.66383;0.65502;-0.45018;1.7403;0.85867;-0.25521;-0.37549;1.8433;0.29243;0.79002;-0.37178;-0.25809;-0.46437;0.14452;-0.5599;0.68724;0.25994;-0.64077;0.80442;0.12612;1.1871;-0.52704;0.79785;-1.8749;-1.6657;-0.77666;-0.15134;-0.78625;0.12263;0.59237;0.63515;1.049;-0.15763;-0.037598;-0.042814;-0.62791;1.3156;0.10752;1.2029;-0.47146;0.31235;0.84038;2.1702;-0.56982;0.71;0.53714;-1.1156;0.3065;-0.082054;-1.2083;1.0936;0.85168;-0.43282;0.65434;0.24455;0.31586;0.24009;1.2723;0.16742;-0.5804;-0.56058;-0.82552;-0.21234;-0.851
35;1.692;-0.082991;-0.081531;-0.38987;1.0748;-0.64379;1.9867;-0.39928;0.27548;-0.10359;-0.20253;-0.11863;0.13004;1.6748;0.63502;0.2082;-0.9999;-0.49087;0.34796;-1.3676;2.1004;-0.14484;-1.2298;-1.8116;1.6168;-0.40441;0.45595;-0.33324;-0.61361;-1.5572;-1.8103;-0.77226;1.7819;0.47608;-1.3632;0.35439;-0.92061;0.83576;-0.98566;0.062482;0.11285;0.38489;-1.0574;0.28312;-0.098106;-0.99581;0.80535;0.16336;-1.1853;-1.437;-0.13122;-2.2676;0.28282;-0.17965;0.77766;0.087403;-0.63953;-0.02111;-0.87209;-1.286;0.29052;-1.4867;0.37365;-0.44183;0.89239;-0.53982;2.7786;1.2951;1.7896;-0.21111;0.76633;0.0027566;-0.59183;0.28116;0.18116;0.66429;-1.0342;0.68601;0.55182;0.28645;-0.76722;-0.70021;0.59608;-0.12395;0.5887;-0.99446;-1.6044;0.54548;-0.54091;-0.60744;0.11073;-1.2744;-0.10834;-0.78676;-0.68064;-0.069868
36;0.93032;-0.41369;-0.3173;0.22701;-0.028214;0.1326;-0.099211;-1.3436;-0.54913;0.23108;-1.1567;-1.0784;2.9675;0.028166;1.142;-2.1889;1.0281;0.4268;-0.2586;-0.55268;0.25879;-0.68719;0.80703;-0.25001;0.12306;0.11136;-0.88917;0.028071;-0.36189;0.93521;-0.75261;-1.1359;0.37572;-0.53143;-0.85747;0.39777;-0.85744;-0.2879;1.2342;-0.45252;0.767;-1.7042;-0.35573;-0.75993;0.43353;-0.11693;0.64319;-0.4916;-1.97;-0.81659;1.0716;0.028881;-2.3359;0.43294;0.62225;1.9352;1.1704;0.75317;-1.2011;2.0496;0.55522;0.61273;1.865;0.8789;-0.20581;-0.37996;-1.1079;0.16767;-1.0736;0.28989;0.7304;0.63539;-0.9078;-0.31613;-0.6929;-0.66104;0.45924;1.6466;-1.6418;0.83183;1.5698;0.63172;0.59764;-0.27996;0.15587;0.2991;-0.30577;0.88728;0.66638;-1.4118;-0.9287;0.95175;0.063275;2.7536;0.67692;-1.0253
37;0.12812;0.017097;-1.8207;0.057559;0.5369;-0.33097;1.226;-1.3863;-0.47361;0.5432;-0.0029706;-0.27296;0.44172;0.46966;0.87218;1.4523;-0.84079;-0.54963;-0.56471;0.77881;0.30301;-0.065457;-0.80907;0.347;-0.53606;-1.6719;-0.72009;-0.32179;-0.15783;-0.40839;-0.14605;-0.49173;-0.18311;-0.42341;-0.31213;-1.4142;-0.41008;2.2558;-1.9885;-1.387;1.0566;0.043536;0.87073;-0.44957;3.4087;0.12699;-1.2858;1.0793;-0.15052;-0.84553;-1.2292;-0.71723;-0.19348;-0.52553;-1.4406;1.2434;-0.29812;0.20206;-0.2962;0.95162;0.12563;1.2104;0.01141;-0.5796;-0.14272;-1.5251;-1.3321;0.21629;1.0394;2.6044;-2.1395;2.1115;-1.737;0.52434;-1.2786;-0.67164;-1.0764;-1.6786;-0.75141;1.2061;-1.0694;0.54961;-0.57926;-0.0045266;-0.34455;2.0703;-1.0266;-1.3995;-1.0398;-1.3444;0.61365;0.086162;0.63681;0.099744;-0.33821;0.77949
38;-0.063048;-0.86988;0.21924;-0.77254;-1.1411;0.64474;0.4391;1.2309;-0.7972;-1.5041;-1.5258;0.42372;0.63435;-0.7161;-0.22865;-1.1869;0.92197;-0.76544;0.024364;-0.40243;-0.88881;-0.35813;-0.86122;0.53526;0.84437;-0.66171;0.93308;-0.73703;2.1776;0.11691;0.21497;1.013;-0.9923;0.65944;1.5036;0.12805;-0.082741;0.56471;0.85508;-2.3861;1.802;0.12419;-0.37896;1.8804;-0.15815;-1.1807;0.49969;-0.56162;0.34834;-1.5655;0.77438;-1.1446;1.2032;-1.0136;0.81992;-0.50615;-0.50014;-0.26059;0.37503;-0.25186;1.3141;-0.6545;-0.45589;0.46238;-0.60471;0.22606;-2.2101;1.3694;0.18976;0.97021;-1.3882;-0.70022;0.49892;-1.2681;0.15771;0.93218;0.0175;-0.20785;2.882;-2.0446;0.56393;-0.39945;0.75799;0.87229;0.51441;-0.1887;-0.60725;-0.22476;-0.1781;-0.49871;-1.1911;0.089222;1.2151;-1.8684;0.56613;-0.724
39;1.5158;-1.2903;1.858;-0.0034458;0.014134;-1.2798;-1.6203;-0.096302;0.11022;1.4675;1.4817;-0.31797;0.16974;-0.32377;-0.85842;-1.9351;0.49828;0.65558;0.15563;-2.4833;-0.1537;0.14622;-0.47423;1.6993;0.0026455;-0.20074;-0.72569;-0.40767;0.38963;-1.1638;0.45575;0.63663;-0.25484;-0.96766;-0.15543;-1.0354;0.035618;-2.0904;0.91787;-0.61456;-0.75553;1.0655;-0.012111;-0.075501;0.86808;0.12395;0.33449;0.20102;-0.90793;0.92373;-0.015834;-2.8557;-0.76256;0.015745;-0.54113;0.85306;0.25445;0.17997;-0.22185;0.96921;0.021371;-1.578;-2.4207;1.5667;-0.64475;0.073057;0.95309;-0.53798;-0.91031;2.1179;1.1941;0.16082;1.2899;-0.51007;-0.60718;-0.54782;0.58427;-0.17954;1.1813;-0.33527;-0.16788;-0.99591;-0.49124;0.71697;-1.3943;0.60195;-2.2745;-1.3333;1.3201;-0.014479;-1.455;-1.1757;2.1152;-0.91337;-0.20063;-0.84041
40;-0.22625;1.7417;1.0307;-0.47586;-0.41739;-0.95976;-1.0952;-0.75403;0.37671;1.4644;0.3218;-4.0148;-2.3312;1.2361;-0.68186;-0.29593;0.61625;-1.0703;-2.2336;-1.6915;1.154;-0.00093609;-0.86758;0.12871;0.53981;-0.42504;-1.5006;1.7851;-1.0341;-0.46046;-0.62758;1.5666;0.10919;-2.5701;-0.10203;-0.19372;-0.8228;0.40949;-0.3808;-0.41483;-0.83777;0.79799;0.13863;-0.72486;-2.2414;-1.184;-0.99899;0.40858;0.17673;-0.3212;-2.1698;0.32323;-0.35648;0.46346;-1.199;-1.2445;-0.47592;-0.98928;-0.71656;0.067076;0.35921;0.16594;-1.4076;-0.15523;-0.91186;0.52285;-0.92165;0.4882;-0.11863;0.27533;0.24365;-1.632;-1.0861;0.72802;-1.7506;0.76483;-0.70983;0.52615;0.70102;-0.85102;-1.1633;0.79846;-0.12424;-1.2686;0.29937;-0.41943;0.1377;-0.15785;1.1139;-0.21131;0.59898;-0.055761;0.95882;-0.17863;0.83192;-1.3111
41;-1.0365;0.36516;0.38297;0.21608;-1.0941;0.69582;1.0076;0.26038;0.75775;2.424;-0.30564;0.83507;0.44897;-0.42762;0.024735;-1.0979;-0.0031685;0.13181;-0.25011;-0.44435;-0.0065027;-0.32445;0.99643;0.0051354;1.0393;-0.54543;1.0884;-1.9619;1.3731;0.4514;0.27664;-0.3129;0.17685;0.66146;0.99942;2.3776;1.0431;0.13369;-0.15967;-0.50014;0.017615;-0.46033;-0.042612;0.10781;1.0849;1.1523;0.61116;-0.44823;-0.28566;-0.69743;1.1383;0.0040586;-0.78363;0.77935;0.18414;0.68998;-0.10599;0.65168;-0.18429;0.61889;1.7443;2.2979;0.34447;0.2843;-0.24096;0.1382;-1.101;0.29775;-0.314;-0.56703;0.091904;1.9729;0.95492;0.39992;0.79812;0.58794;-1.1517;-0.36234;-0.010972;-0.38287;0.39919;0.18937;-0.24524;0.15077;-0.46511;1.3337;0.71722;-1.35;-0.54197;1.9325;0.74684;0.60725;0.25703;-0.24612;-0.7789;1.5058
42;0.48952;-0.53453;0.56053;-0.66846;0.5843;-0.83998;-0.1924;-0.25281;-0.89612;-0.24947;-1.0813;0.026715;-0.50561;-0.11095;2.0695;0.25684;-0.35003;-0.94732;-0.54928;0.68517;1.0147;1.9017;0.59213;1.4028;-1.3076;-0.58535;-0.27153;0.15423;-0.65434;3.2079;-0.77841;-1.0506;-0.84112;-1.0316;-1.3287;-0.50478;0.067842;1.3484;2.1967;0.33598;-1.1945;-1.5358;-0.18776;0.6331;-0.75834;-1.2331;0.63895;0.033959;0.20683;1.7075;-0.11118;-0.26225;-1.2717;2.0391;0.48186;-0.57061;1.2217;-0.54818;-0.092438;-0.76023;-2.0945;0.51253;-0.65925;0.40172;-0.68658;-0.50809;0.67209;0.93897;0.20406;-0.64369;2.6558;1.7522;-0.5112;0.87718;-1.224;1.5181;1.4534;-0.49401;0.22806;1.4556;2.5575;-2.1104;0.13666;-0.94905;-0.37132;-0.74683;-1.2414;-1.4154;-0.95044;0.83639;0.87496;0.738;0.269;1.5403;-1.0445;-1.6835
43;0.34711;1.528;1.0386;-1.5681;-0.55486;0.83827;-1.809;-0.15268;-0.73965;0.8501;0.51319;0.11955;2.121;2.2064;0.59342;1.5068;1.2456;0.52752;-1.0055;-0.028588;-0.79811;0.29134;0.13743;0.34752;-0.28588;-0.56984;0.79577;-0.23486;-0.81668;-0.10187;0.74666;-0.55015;-0.11391;-0.7651;0.57742;0.98139;-0.85599;-0.57674;-2.1757;-1.0572;-1.4818;-2.9251;0.18699;0.5695;0.78125;0.099466;1.0887;-0.76752;-0.35244;1.6257;0.026584;-0.38623;-0.20705;-0.3958;-2.8953;0.6467;-0.46374;0.80535;0.44634;-0.41841;-0.29328;-0.78567;-0.97608;0.64139;-2.0786;-1.2027;-0.061668;-1.063;0.61558;-0.44766;-1.2017;-0.83581;-0.39209;0.38399;0.2019;-0.32322;-0.99517;0.90544;1.5766;-0.37641;-0.21396;1.5086;-0.65685;0.99353;1.4062;-0.60334;-0.025756;-0.84319;-1.2571;0.026626;-0.98136;1.382;-2.3527;-0.35449;-0.25755;0.56677
44;0.3373;-2.4595;-1.2382;-1.7695;1.9364;-0.31455;0.14897;-1.113;-0.63654;-1.7442;-1.9842;-0.6488;0.17414;-0.51643;0.72244;0.59415;-0.41927;-1.3624;0.0035493;1.0887;-1.6851;0.15682;-1.2256;0.37355;-0.53723;2.4875;-2.1364;2.3273;-0.8427;0.23988;-0.090618;-1.0927;0.26104;-0.029161;0.64861;1.8322;0.30211;-2.2279;1.4757;1.298;1.1239;0.11876;-1.6117;-1.1507;0.44175;0.98928;-0.089664;0.45002;1.9053;-0.59838;-0.026818;0.47674;0.49827;-0.29786;0.71412;-1.2498;1.1344;0.11619;0.34397;0.22672;-1.0034;-0.35469;0.51656;-0.96131;1.7277;-1.3706;-0.48178;1.1961;1.2143;-0.13989;-1.5854;-0.65161;0.31916;-0.46988;-0.41951;-0.31485;-1.2296;1.0656;0.01881;-1.0661;-0.013373;0.18567;-0.031391;0.13249;0.51321;-0.3111;-0.83058;-0.40259;1.3186;1.0844;-1.0323;-0.38505;-0.5622;-1.4155;1.4702;0.23129
45;-0.3627;0.39134;0.48146;-0.58842;-1.5751;0.25891;-0.30609;0.98041;-0.42013;0.47832;-0.57622;0.78577;0.26134;-0.76619;0.83273;2.0932;-1.6095;-0.33646;1.2469;1.0503;1.3411;-1.0219;-0.92048;-0.57131;-0.57139;-0.94988;-1.6165;-0.54345;3.001;0.14783;-1.4753;0.90493;1.491;-1.1644;-0.1143;1.3138;0.20722;-0.23821;0.86788;-0.80975;-1.5672;0.3726;1.9293;0.13002;-0.72846;1.014;0.30787;0.15605;0.1302;0.31125;1.4648;2.1759;-0.2794;-1.4743;-0.82562;1.4777;0.65992;0.48001;-1.7484;0.5366;-2.1356;0.25045;0.70598;-2.3218;0.2607;0.24563;-0.43119;-0.95488;0.98879;-0.35145;0.96138;-1.3574;-0.61501;-1.1449;-0.72162;-1.7387;-0.98824;-0.14975;-0.77198;0.72914;0.7038;0.06492;-1.5324;-1.3704;-0.99802;0.99455;0.33209;-0.007259;0.61338;0.64189;-2.0976;1.5526;-1.3354;-0.4356;-0.030284;-0.50067
46;-0.54481;-0.67515;-0.28677;0.13202;0.27683;0.66941;-0.20917;0.3566;1.7931;-1.2582;-1.0074;0.76896;0.48654;-1.9239;0.87696;0.67412;1.4486;0.5752;-0.44026;0.53316;-1.0797;1.2342;-0.88095;-0.22079;-0.85895;1.2777;0.73888;1.2518;-0.19272;-0.27772;2.0381;-0.13672;-0.084117;-1.2845;-1.2096;0.36422;-0.38777;0.048516;1.2889;-0.02147;1.336;0.018145;3.6168;1.1138;0.94466;0.41539;0.51149;-0.80613;-0.5806;0.12877;-1.1746;0.033181;1.0611;0.71682;-1.6378;1.3539;-0.13919;-0.35658;-1.1624;-0.81407;0.72147;0.25875;1.097;1.3335;0.47171;-1.4492;0.01422;1.777;-0.034545;1.1692;0.063043;0.19265;0.10482;0.83878;1.006;0.50779;-0.023949;2.2049;-0.073615;0.25819;0.81197;-1.3182;-0.11148;0.80776;-0.21985;0.092446;0.025554;0.78975;-0.32649;-0.21733;-1.1521;0.81788;-0.87746;1.8446;0.50885;1.059
47;-2.0623;-0.16434;0.16061;0.58428;0.26066;-0.062499;0.68284;1.3579;-0.48708;-0.3778;1.6143;0.56864;-1.4266;-1.2793;-0.48192;0.90416;0.67661;-0.40701;-0.49821;1.0897;1.7316;-1.8739;-1.1075;-0.39581;1.5534;0.78486;-0.12841;0.60489;0.53952;0.27661;-0.12333;-0.10683;0.78977;0.46033;1.6739;-1.1791;0.4742;0.0043544;-0.28365;0.95539;0.16822;-0.84387;-0.10725;1.9681;-0.35721;-1.1858;1.0054;2.8089;1.4906;-1.6459;0.07752;0.09228;-0.88027;-0.53428;0.05262;0.74491;0.45147;0.025568;0.68113;0.27457;-0.11461;0.45828;0.087945;0.22426;1.8675;0.62658;-0.37565;-0.031985;0.61812;-0.082116;-0.17368;-0.32718;0.69152;-0.37275;0.83614;-1.3332;1.1997;0.41553;0.54268;-0.8547;0.84671;-0.60307;2.8493;-1.6227;-0.78374;-1.2171;-0.31224;0.42216;-0.77943;-1.315;1.1063;0.56063;0.068768;1.6798;-0.59382;0.88073
48;0.41983;-0.52755;0.41777;-0.29191;-0.68988;1.1153;1.6815;-0.73547;-0.54586;-0.58188;-0.39071;1.1304;-0.21803;0.01664;-0.041604;0.16572;-0.006879;0.093857;-0.42761;0.92091;0.53824;-1.414;-0.23207;0.24935;-0.83994;-0.15861;0.22742;0.12876;0.47463;-1.0869;1.1796;-1.0521;1.761;0.95133;0.70524;1.1257;1.8627;0.34613;-0.5536;-0.53857;0.91995;-1.1157;0.2002;-0.93685;-1.4157;1.0073;-0.77864;-0.94525;-0.65812;1.1157;-1.4034;1.255;0.34657;-1.2564;0.50323;0.52744;0.56553;0.60573;-0.47201;0.076467;1.2494;0.7047;0.85012;0.71681;0.30898;2.7815;-0.98478;0.3613;-1.6731;0.046874;-1.2543;0.31934;0.86294;-1.278;1.1268;0.41599;-0.64381;-1.7442;-1.5654;0.37371;-1.5772;1.0634;0.29241;0.75094;1.7988;-1.0279;0.85844;0.23683;-0.7663;0.61043;-1.9076;-0.68562;-1.1666;-0.61528;1.996;-0.85435
49;-0.63416;0.69641;0.18055;-1.2785;-1.351;-0.72149;-0.3754;0.47237;-0.61155;0.68559;0.63743;-0.39151;0.14466;-0.74131;0.33476;-0.58376;0.47651;0.20459;1.8081;-1.1513;0.46236;0.51833;0.5506;-2.2177;-0.79112;-0.14147;0.54567;-0.89996;-1.5484;-1.0288;0.81787;-0.98664;-1.9668;0.046272;-0.89041;-0.65749;-1.4627;-0.39875;-1.955;-0.62816;-1.1129;1.0688;0.15132;-0.3822;0.68657;0.80607;-0.95982;0.42349;-0.11119;-1.1101;0.67492;-1.9577;-0.072893;-1.3733;0.078248;-0.13673;-0.97407;-1.904;-0.45495;0.88054;0.80396;-0.35037;-2.1816;-0.46209;-0.1994;-0.66055;-0.085222;-1.2011;0.62268;-0.96586;0.90694;-0.34637;-1.2382;1.3178;-1.5246;-1.4281;-0.38673;-0.43099;0.38124;-0.24949;0.39924;-0.93028;-1.2036;-0.21274;0.97305;1.5884;0.25715;0.46645;-0.4865;1.9688;0.45492;0.67438;0.062844;0.91104;1.3893;1.1
50;-0.040786;-0.42041;-1.0884;-0.59709;-0.03137;-0.17707;-1.5072;-1.2388;-0.78999;0.7397;-1.4226;0.45389;-0.84598;-0.77531;-0.60801;0.14645;1.2875;-0.56492;-0.32476;-0.62371;0.48651;0.33146;1.7918;2.3047;0.97183;1.5864;1.3825;-1.0053;-0.86596;-0.87692;-0.63536;-0.02376;-1.3475;0.6956;-3.0079;0.13827;0.95084;0.018631;-0.065424;-0.78827;-0.98423;0.44205;1.4507;-1.0938;-0.080268;1.1131;-0.37017;0.41271;1.7067;0.86642;1.4159;-0.57399;0.108;0.48328;-0.83634;0.085315;0.189;-0.18059;-0.31605;-0.40039;-0.94531;2.4455;0.20687;0.78603;0.62773;-1.5192;-0.42898;-1.6108;1.818;-0.086352;0.61147;0.9934;-0.3823;0.14101;-0.042528;0.0018377;-0.16794;-1.3091;0.44521;1.802;-0.16749;0.98938;-0.016686;-1.6687;-0.83322;-0.17376;-1.9344;-0.10868;-0.27685;1.382;-0.11739;-0.14525;-0.97233;-0.89269;-0.38611;1.1107
PARTICULAR
GAIN
9
