TITLE;96 random variables, variable gain
FOCUS ON;
EXPERIMENT TYPE;SingleAmongManyVaryingGain
PARAMETERS
normalization;Center
pcaRecompositionThreshold;0.95
component;1;2;3;4;5;6;7;8;9;10;11;12;13;14;15;16;17;18;19;20;21;22;23;24;25;26;27;28;29;30;31;32;33;34;35;36;37;38;39;40;41;42;43;44;45;46;47;48;49
type;RandomWeibull;RandomWeibull;RandomWeibull;RandomWeibull;RandomWeibull;RandomWeibull;RandomWeibull;RandomWeibull;RandomWeibull;RandomWeibull;RandomWeibull;RandomWeibull;RandomWeibull;RandomWeibull;RandomWeibull;RandomWeibull;RandomWeibull;RandomWeibull;RandomWeibull;RandomWeibull;RandomWeibull;RandomWeibull;RandomWeibull;RandomWeibull;RandomWeibull;RandomWeibull;RandomWeibull;RandomWeibull;RandomWeibull;RandomWeibull;RandomWeibull;RandomWeibull;RandomWeibull;RandomWeibull;RandomWeibull;RandomWeibull;RandomWeibull;RandomWeibull;RandomWeibull;RandomWeibull;RandomWeibull;RandomWeibull;RandomWeibull;RandomWeibull;RandomWeibull;RandomWeibull;RandomWeibull;RandomWeibull;RandomPearson
p1;0.0123456790123457;0.0123456790123457;0.0123456790123457;0.0123456790123457;0.0123456790123457;0.0123456790123457;0.0123456790123457;0.0123456790123457;0.0123456790123457;0.0123456790123457;0.0123456790123457;0.0123456790123457;0.0123456790123457;0.0123456790123457;0.0123456790123457;0.0123456790123457;0.0123456790123457;0.0123456790123457;0.0123456790123457;0.0123456790123457;0.0123456790123457;0.0123456790123457;0.0123456790123457;0.0123456790123457;0.0123456790123457;0.0123456790123457;0.0123456790123457;0.0123456790123457;0.0123456790123457;0.0123456790123457;0.0123456790123457;0.0123456790123457;0.0123456790123457;0.0123456790123457;0.0123456790123457;0.0123456790123457;0.0123456790123457;0.0123456790123457;0.0123456790123457;0.0123456790123457;0.0123456790123457;0.0123456790123457;0.0123456790123457;0.0123456790123457;0.0123456790123457;0.0123456790123457;0.0123456790123457;0.0123456790123457;1
p2;1;1;1;1;1;1;1;1;1;1;1;1;1;1;1;1;1;1;1;1;1;1;1;1;1;1;1;1;1;1;1;1;1;1;1;1;1;1;1;1;1;1;1;1;1;1;1;1;0
RESULTS
COMMON
distance
which;Manhattan(Average);Manhattan(GeometricAverage);Manhattan(Median);Manhattan(Minimum);Manhattan(MinimumTimesMedian);Manhattan(Summation);Euclidean(Average);Euclidean(GeometricAverage);Euclidean(Median);Euclidean(Minimum);Euclidean(MinimumTimesMedian);Euclidean(Summation)
plain;0.78989;0.78731;0.78912;0.62012;0.48935;967.61;0.13581;0.13375;0.13423;0.079043;0.01061;166.37
PCA;1.192;1.1835;1.1746;0.84743;0.99536;1460.2;0.43236;0.39587;0.37423;0.15053;0.056334;529.65
DE00;1.0761;1.0868;1.0791;0.82871;0.89122;1323.2;0.3834;0.36662;0.35753;0.15246;0.048695;430.9
DE01;1.0967;1.0816;1.1126;0.84464;0.9228;1324;0.35807;0.30361;0.35387;0.15333;0.048401;438.93
DE02;1.0936;1.0661;1.0796;0.85797;0.88259;1330;0.39905;0.35696;0.36205;0.15327;0.045399;414.63
PCA
weights;4.8532E-07;5.2562E-07;1.3964E-06;6.6191E-07;1.2335E-06;9.8322E-07;8.3967E-07;1.0237E-06;7.9952E-07;9.9343E-07;8.6952E-07;1.276E-06;9.0995E-07;4.0393E-07;9.8202E-07;1.0854E-06;4.976E-07;1.0257E-06;5.462E-07;7.9206E-07;9.5663E-07;7.8515E-07;1.8086E-06;1.5405E-06;9.7619E-07;1.0655E-06;9.7072E-07;8.3821E-07;6.6809E-07;8.085E-07;1.3565E-06;1.4631E-06;1.0196E-06;1.7306E-06;1.6814E-06;2.5755E-06;8.9479E-07;4.6517E-07;8.3375E-07;6.2232E-07;1.8662E-06;5.1032E-07;1.3482E-06;1.6401E-06;1.2922E-06;1.4747E-06;1.034E-06;5.1587E-07;0.018056;0.008625;0.0039878;0.042411;0.012197;0.01947;0.030291;0.0133;0.020606;0.020463;0.0040646;0.019992;0.049707;0.025803;0.016575;0.010643;0.017342;0.014021;0.0049625;0.033125;0.017609;0.01123;0.017063;0.023824;0.018635;0.0056639;0.0090367;0.0099474;0.015262;0.033834;0.011707;0.025534;0.019966;0.016082;0.018611;0.017965;0.013902;0.023447;0.031139;0.089752;0.023167;0.022476;0.033466;0.029902;0.02129;0.021886;0.014096;0.017815
differential evolutions parameters, by distance type
i;dDE / dP;distance;type;parentWeight;crossover;population;iterations;distance;weights ->
1;1.3624;1.0761;2;0.85;0.5;50;50;Manhattan(Average);0.005898;0.0062201;0.0017258;0.0013777;0.0035042;0.0026425;0.00023106;0.002112;0.00026887;0.0030397;0.0034521;0.00065777;0.0018296;0.023203;0.0022584;0.0017173;0.0013538;0.0020814;0.00086276;0.00073611;0.00049703;0.0039765;0.00050797;0.00095372;0.00040688;0.00052518;0.0040744;0.0001124;0.0019013;0.00093718;0.00093354;0.00094558;0.00199;0.0025898;0.00043211;0.0020735;0.0013066;0.0011259;0.00025765;0.00017483;0.0015269;0.001651;0.0014974;0.0017286;0.0039039;0.00011603;0.0010467;0.00087841;0.0045644;0.01674;0.004764;0.025496;0.025196;0.0044233;0.025826;0.0069931;0.026639;0.024149;0.0009271;0.024031;0.023895;0.020389;0.026837;0.021116;0.0092082;0.01132;0.010778;0.020675;0.014962;0.015791;0.023184;0.015792;0.026891;0.024148;0.024072;0.017069;0.020434;0.021817;0.0063754;0.025641;0.020093;0.0251;0.025097;0.026611;0.0055669;0.023701;0.015331;0.027119;0.015608;0.016187;0.018846;0.022233;0.026027;0.017527;0.023648;0.01792
2;1.3845;1.0936;2;0.85;0.5;50;50;Manhattan(Average);0.0010758;0.00087758;0.0013125;0.00017056;0.03008;0.0028081;0.0010322;0.003636;0.0010497;0.0009866;0.00094259;0.0052776;0.00026054;0.00017032;0.00068927;0.0033307;0.0031225;3.9686E-05;0.0033698;0.00050819;2.5811E-05;6.315E-05;0.002809;0.0037099;0.0007209;0.003381;0.00084206;0.0036293;0.0024896;0.0075053;0.0026476;0.0005128;0.00015557;0.0010061;0.0011761;0.0014161;0.00031294;0.0053539;0.002068;0.0019653;0.0018027;0.00024555;0.00052454;0.0021488;0.00050216;0.00044279;0.00098699;0.0019144;0.0032175;0.0025491;0.0015161;0.027051;0.0038215;0.012714;0.031541;0.0068511;0.013928;0.018012;0.0049052;0.030083;0.032837;0.026968;0.025923;0.0012685;0.031495;0.0061057;0.0054847;0.0027834;0.030063;0.014525;0.025647;0.018283;0.023244;0.001511;0.0054596;0.0091939;0.024158;0.028282;0.0011704;0.028129;0.022649;0.0019211;0.027586;0.028673;0.022771;0.031845;0.021557;0.030818;0.030761;0.029585;0.031655;0.032993;0.012779;0.028641;0.0080948;0.027848
3;1.3885;1.0967;2;0.85;0.5;50;50;Manhattan(Average);0.00034209;0.0033521;0.00046261;0.00015774;0.0035241;0.0031226;0.00036103;0.006716;0.00051228;0.006094;0.0098176;0.0012993;0.0021438;0.00043281;0.0034041;0.0028233;0.00071516;0.00042585;0.0024687;0.0014589;0.0023428;0.00039101;0.00047568;0.0023478;0.001984;0.0011682;0.0015666;0.00098985;0.0011149;5.5312E-06;0.00046226;0.00038359;0.0022581;0.00010634;0.0021371;0.0059122;0.0025965;0.0015625;0.00034829;0.0043164;0.0013746;0.0024042;0.00015314;0.0028596;0.00023096;0.00060102;0.0017835;0.00026141;0.017961;0.022248;0.0012473;0.020943;0.0045315;0.0069779;0.027314;0.017677;0.028898;0.006471;0.02806;0.029482;0.031422;0.030855;0.00078824;0.0081655;0.015584;0.0017053;0.0036003;0.029808;0.026293;0.017936;0.023549;0.027748;0.00092356;0.00071929;0.016388;0.016006;0.030246;0.028323;0.0047147;0.031412;0.020649;0.0098324;0.015419;0.026668;0.025472;0.02708;0.024794;0.030775;0.014348;0.018375;0.026512;0.031847;0.0095936;0.029902;0.011014;0.027949
4;1.3804;1.0868;2;0.85;0.5;50;50;Manhattan(GeometricAverage);0.00062487;0.0019628;0.001861;0.00060712;0.00031307;2.5066E-05;0.0031167;0.00040628;0.00026549;0.0021612;0.00066057;0.0071054;0.0017704;0.0027269;0.0012343;0.0047964;0.0026676;0.0083215;0.0022321;0.0022803;0.018676;0.00075318;0.0021833;0.00051238;0.00062132;0.00048473;0.00025921;0.0014973;0.00078454;0.0033919;0.00068576;0.0013914;0.0010732;0.00094602;0.0016652;0.00047178;0.00094594;0.00098859;0.0007923;4.9583E-05;0.00090816;0.0027191;0.0024297;6.851E-05;0.0016907;0.0036314;0.00049023;0.003666;0.021095;0.0029216;0.0018212;0.027621;0.011102;0.014752;0.022261;0.0046316;0.029366;0.02765;0.0015141;0.012582;0.022315;0.030134;0.00011865;0.027209;0.029653;0.010954;0.006865;0.029029;0.00031432;0.015261;0.013235;0.020632;0.02417;0.025961;0.0022041;0.0035673;0.028349;0.027041;0.015867;0.028385;0.025264;0.029486;0.028407;0.0017614;0.029009;0.029135;0.0094877;0.029889;0.019774;0.022946;0.026722;0.026011;0.02253;0.013434;0.027485;0.021159
5;1.3739;1.0816;2;0.85;0.5;50;50;Manhattan(GeometricAverage);0.0040239;0.0025179;0.001333;0.013524;0.00081429;0.00015458;0.00073222;0.0025314;0.0046344;0.0052925;0.00073566;0.00063543;0.0021991;0.0020191;0.00063776;0.0015961;0.00056464;0.00049681;0.0015326;0.0027877;0.0031035;0.001605;0.00094337;0.003347;0.0038225;0.00031894;0.00018722;0.002825;0.0006628;0.00082174;0.00013387;0.0022152;0.00050239;0.0017503;0.0086134;0.0011154;0.00072883;0.013168;0.00040224;0.00077587;0.00078643;0.00073091;0.0037416;0.00031809;0.0023552;0.0021798;0.00038213;0.00025227;0.012334;0.00097339;0.00015667;0.00624;0.0074567;0.02554;0.02543;0.026756;0.02515;0.024819;0.0013314;0.026749;0.027616;0.028177;0.0050463;0.020592;0.022417;0.017739;0.011571;0.023971;0.006747;0.022035;0.014609;0.024015;0.020436;0.011883;0.003814;0.0099265;0.017452;0.02802;0.02844;0.028163;0.022563;0.0087583;0.00064466;0.024872;0.026323;0.025299;0.021852;0.029231;0.017534;0.020622;0.025926;0.028198;0.027357;0.025982;0.014782;0.017897
6;1.3541;1.0661;2;0.85;0.5;50;50;Manhattan(GeometricAverage);0.0010368;0.00061341;0.0006604;0.0022034;0.00043644;0.00057945;0.00094417;0.002653;0.00078498;0.0042377;0.00073424;0.0080043;0.0015292;1.2844E-05;0.0012314;0.0047167;0.0012957;0.0010612;0.0052508;0.0025589;0.0030073;0.0051013;0.0014783;0.0038992;0.0005695;0.00026085;0.00068959;0.0070087;0.00085406;0.0029321;0.00013717;0.0016299;5.1075E-05;0.0028202;0.00067922;0.0018614;0.0023118;3.7245E-05;0.0019998;0.0043523;0.0013698;0.0012289;7.5625E-05;0.0004577;0.029103;3.9842E-05;0.0015631;0.0002362;0.017758;0.012226;0.0046164;0.029119;0.023652;0.028039;0.02695;0.010972;0.028511;0.028728;0.023443;0.022839;0.027349;0.028163;0.012944;0.0077105;0.0090306;0.019847;0.0039422;0.0023618;0.0075254;0.0065961;0.0071751;0.026555;0.022919;0.022529;0.010438;0.015846;0.025133;0.018869;1.4311E-05;0.014424;0.017491;0.028093;0.015519;0.0095204;0.00069905;0.027062;0.029015;0.028653;0.011612;0.027481;0.023125;0.0262;0.026185;0.020003;0.028785;0.018028
7;1.3364;0.82871;2;0.85;0.5;50;50;Manhattan(Minimum);0.0022565;0.0020459;0.010116;0.00080056;0.0052252;0.0066462;0.0049292;0.00094212;0.0016828;0.0032786;0.0071593;0.0063998;0.0023923;0.0035844;0.011521;0.0039966;0.0073164;0.0084018;0.00040234;0.0030899;0.00074238;0.0018117;0.00014002;0.0015663;0.0016743;0.00020398;0.0059783;0.00038337;0.0015271;0.0071579;0.00064737;0.0092484;9.305E-05;0.0090377;0.0062515;0.0034223;0.011951;0.0054353;0.0062842;0.0058006;0.0047303;0.011122;0.0025531;0.0055986;0.00016049;0.0023129;0.0042771;3.2778E-05;0.014388;0.024677;0.024901;0.0061503;0.00099211;0.015616;0.021167;0.024497;0.01938;0.022341;0.0034912;0.024293;0.021792;0.005836;0.0086781;0.018438;0.025518;0.023859;0.018502;0.014178;0.018313;0.017469;0.0010645;0.010018;0.012419;0.020344;0.00093943;0.022177;0.023842;0.016241;0.017802;0.023338;0.018769;0.021785;0.0072197;0.024462;0.016735;0.020993;0.0030318;0.015844;0.015844;0.017613;0.014592;0.019333;0.022816;0.021282;0.025644;0.009045
8;1.362;0.84464;2;0.85;0.5;50;50;Manhattan(Minimum);0.0008122;0.00055999;0.00094481;0.0017614;0.0019832;0.027606;0.010022;0.00084832;0.008128;0.001042;0.0029957;0.001161;0.00019418;0.0004623;0.0017209;0.0047988;0.012491;0.0029158;0.0024534;0.0041209;0.0032775;0.0011163;0.00085556;0.0045426;0.0032031;0.0010169;0.0029889;0.00017113;0.0035993;0.0010904;0.012228;0.0047881;0.0049668;0.0011249;0.0023167;0.0065195;0.0022751;0.0024068;0.00015985;0.0058619;0.0039746;0.0010987;0.0015917;0.0011034;0.00037716;0.0023714;0.0050631;0.0018304;0.0054969;0.019482;0.018221;0.014146;0.0029965;0.0083822;0.017824;0.027694;0.010589;0.026442;0.022094;0.020486;0.024919;0.024247;0.018955;0.022357;0.027871;0.023817;0.015539;0.019309;0.018622;0.016246;0.0021214;0.00011303;0.01481;0.0054212;0.024202;0.011856;0.025313;0.02386;0.00048449;0.023107;0.020546;0.02398;0.007655;0.022499;0.018655;0.024452;0.006297;0.022859;0.0124;0.024005;0.010759;0.027792;0.027945;0.017509;0.017331;0.0093527
9;1.3836;0.85797;2;0.85;0.5;50;50;Manhattan(Minimum);0.002446;0.00017723;0.00072904;0.0010497;0.0041311;0.0010903;0.0064944;0.0016114;0.00030688;0.00019737;0.0022615;0.0012238;0.0001643;0.0026325;0.008306;0.0010492;0.0012165;3.1448E-05;0.0053536;0.00099258;0.0026753;0.0054093;0.00113;0.001499;0.0030095;0.0011516;0.00083723;0.0025177;1.2422E-05;0.0054281;0.00052997;0.0083692;0.010993;0.00090744;0.0013243;0.0071734;0.0028469;0.0004975;0.013458;0.010772;0.0033452;0.0042528;0.0061495;0.0031757;0.0043938;0.0041838;0.0059622;0.0007943;0.00048613;0.023856;0.0025892;0.026392;0.011348;0.0074989;0.022656;0.026483;0.024408;0.024467;0.0054338;0.022333;0.016916;0.020045;0.02521;0.021767;0.019518;0.025426;0.018563;0.0088498;0.012003;0.015534;0.0047417;0.018132;0.007068;0.0074355;0.0079926;0.0091831;0.027664;0.027034;0.015034;0.027111;0.025255;0.02452;0.0031287;0.022081;0.0048486;0.022521;0.0065036;0.026121;0.016437;0.021808;0.019271;0.02458;0.022256;0.025865;0.026723;0.020636
10;1.3674;1.0791;2;0.85;0.5;50;50;Manhattan(Median);0.00059251;0.0014684;0.0019067;0.00030104;0.0021294;0.0013884;0.0010133;0.0088508;0.0038697;8.779E-05;0.0011773;0.0064053;0.00072225;0.00032779;0.0010657;0.002901;0.0020829;0.0028429;0.0010038;0.0057822;0.0018449;0.00015401;0.0017765;0.00062069;0.0016274;0.001372;0.0084137;0.0019532;0.0021584;0.00024683;0.0018892;0.00069846;0.0037592;0.0016454;5.626E-05;0.00060321;0.0020982;0.0026596;0.00040092;0.0022999;2.8515E-05;0.00066501;0.0014343;0.00021056;0.0052438;0.0025796;0.0030803;0.0014468;0.025369;0.021252;0.0006346;0.023534;0.00021613;0.022807;0.021358;0.0055263;0.024522;0.022532;0.0123;0.020417;0.02408;0.022227;0.022768;0.015826;0.0086889;0.010431;0.02372;0.024428;0.019969;0.023856;0.023504;0.023744;0.025356;0.0046014;0.0029953;0.023497;0.0227;0.02176;0.014522;0.020776;0.024808;0.016438;0.022029;0.024174;0.018599;0.013392;0.012331;0.024831;0.0062356;0.023793;0.025237;0.022181;0.024373;0.025612;0.014694;0.024468
11;1.4099;1.1126;2;0.85;0.5;50;50;Manhattan(Median);0.00054266;0.0037047;0.0020912;0.0010871;0.0027269;8.1987E-05;0.00045088;0.00022573;0.00098261;1.7761E-05;4.6969E-05;0.00095706;0.00096337;0.0035528;0.00066688;0.00045849;0.0013295;0.00054147;0.0033699;0.0018335;0.0009461;0.0046316;0.00085073;0.001583;0.00091417;0.00318;0.00030192;0.00031707;0.0014785;0.00082944;2.5905E-05;0.0021232;0.0022285;0.0023749;0.00045967;0.00040341;0.00073274;0.0029243;0.0015037;0.0068285;0.0024461;0.0017721;0.0037298;0.0025962;0.00050102;0.00094195;0.0039493;0.00052283;0.033812;0.0022115;0.016078;0.028581;0.00048275;0.028618;0.031261;0.0070727;0.012615;0.030626;0.0082291;0.030253;0.025182;0.030591;0.031052;0.033589;0.0097055;0.0010517;0.0090379;0.026413;0.033521;0.0092815;0.030208;0.0020893;0.014503;0.0029281;0.0032546;0.019623;0.02694;0.029417;0.0078302;0.029977;0.02975;0.004929;0.0068662;0.026239;0.023217;0.026802;0.0074943;0.031463;0.0069562;0.030991;0.031546;0.025607;0.003715;0.026211;0.0019205;0.033531
12;1.3681;1.0796;2;0.85;0.5;50;50;Manhattan(Median);0.00018097;0.0017121;0.00089642;0.00066599;0.0021684;0.00058347;0.0021352;7.9088E-08;0.00068102;0.0040964;0.00014048;0.00063862;0.0056882;0.018669;0.0032499;0.0042048;0.0033255;0.0024446;0.0020707;0.0030847;0.0015461;0.00084583;6.7848E-05;0.0041295;0.0064722;0.0020076;0.002616;0.00038275;0.00081203;0.0054056;0.00060938;0.001415;0.00092217;0.0019567;0.0018505;0.0046198;0.0013929;0.00034038;0.0021668;0.00087529;0.0017347;0.00067632;0.0062708;0.0033624;0.0019099;0.00069681;0.00084803;0.002187;0.021211;0.022211;0.0039574;0.020487;0.0038204;0.012359;0.02671;0.012355;0.020109;0.022463;0.016491;0.015786;0.02817;0.025434;0.017158;0.012849;0.023027;0.0072013;0.019733;0.027182;0.027018;0.0019913;0.022491;0.017689;0.017146;0.00066105;0.015134;0.027628;0.0087076;0.024033;0.013817;0.026848;0.027453;0.021823;0.0067984;0.02136;0.021508;0.024174;0.013485;0.027849;0.02766;0.026292;0.015676;0.025993;0.027531;0.023575;0.0087033;0.0034857
13;1.8212;0.89122;2;0.85;0.5;50;50;Manhattan(MinimumTimesMedian);0.0033639;0.00099232;0.0072028;0.0018015;0.00031076;0.00089172;0.009949;0.0003095;0.0014895;0.0021721;0.0030738;0.0011173;0.0049352;0.0046644;0.0012448;0.00018292;0.0013204;0.0022445;0.0012879;0.0015926;0.00038376;0.004662;0.00056945;0.014621;0.0049841;0.0036512;0.0023601;0.00033934;0.0031537;0.017702;0.00037;0.0032437;0.00012013;0.0010751;0.0019547;0.00027044;0.00089519;0.0016856;6.6187E-06;0.0061888;0.00070511;0.0033252;0.00094271;0.0018619;0.0037941;0.0024381;0.0013325;0.0023555;0.025682;0.026234;0.019761;0.010588;0.0013543;0.023244;0.020455;0.020777;0.0068067;0.022276;0.026798;0.025758;0.01583;0.021865;0.0093268;0.021897;0.0046498;0.016298;0.0082766;0.023976;0.0030751;0.011921;0.023519;0.021402;0.0074548;0.00027832;0.00079605;0.01417;0.024902;0.026139;0.002709;0.025939;0.014699;0.021739;0.013252;0.023792;0.025137;0.016113;0.021573;0.025576;0.026557;0.026617;0.021853;0.024427;0.025113;0.026758;0.018876;0.018619
14;1.8858;0.9228;2;0.85;0.5;50;50;Manhattan(MinimumTimesMedian);0.0016255;0.0011538;0.0015199;0.001484;0.0018602;0.00033233;0.00062807;0.0047554;0.0001135;0.00044855;0.000133;0.00098751;0.002138;0.0011612;0.0013786;0.00043979;0.00076417;0.0014398;0.00070543;0.00017195;0.0022216;0.0027923;0.0013961;0.0066564;0.0040097;0.0046637;0.0032122;0.0020124;9.4316E-05;0.0018853;0.0016128;0.0020721;0.00093169;0.00080159;0.00095699;0.0021709;0.01032;0.00097633;0.00050241;0.0016498;0.00051884;0.0045098;0.0031058;0.003583;0.0058012;0.0031998;0.00052734;0.0014294;0.0032261;0.0039627;0.026004;0.020803;0.0082781;0.026568;0.02506;0.020635;0.0088529;0.024986;0.0065518;0.025443;0.02789;0.011167;0.021292;0.024949;0.026154;0.017376;0.012083;0.0039723;0.014483;0.021479;0.011336;0.01557;0.017747;0.020379;0.0039411;0.024498;0.014038;0.026984;0.0031975;0.017897;0.020735;0.026976;0.017494;0.02522;0.0080334;0.026979;0.026903;0.026033;0.023411;0.022437;0.020126;0.026607;0.026877;0.020781;0.023927;0.023799
15;1.8036;0.88259;2;0.85;0.5;50;50;Manhattan(MinimumTimesMedian);0.0031053;0.010589;0.0027747;0.0041086;0.0020372;0.00053543;0.001394;0.0065202;0.0019458;0.0028663;0.0021615;0.0027425;0.0016995;0.0018029;0.023141;0.00035027;0.0010729;0.0012461;0.00097207;0.0061034;0.0013761;0.0023377;0.0035803;0.0036801;0.0036947;0.0015171;0.0011274;0.0039869;0.00048729;0.0047326;0.00080685;0.0075418;0.0027414;0.006108;0.0021328;0.00042952;0.0016299;0.0021585;0.0011294;0.0026415;0.0032913;0.0071477;0.00016597;0.00116;0.0076224;0.00513;0.0028882;0.0037125;0.0022258;0.0243;0.014962;0.012062;0.0017336;0.01678;0.023557;0.026119;0.026053;0.020428;0.00058843;0.023336;0.024922;0.02073;0.018385;0.025047;0.016309;0.021611;0.025341;0.019604;0.0076302;0.0056695;0.0028378;0.013586;0.02169;0.0072021;0.0096196;0.0022498;0.025035;0.021367;0.014028;0.024002;0.019291;0.02073;0.0084046;0.020992;0.018027;0.024185;0.023683;0.023779;0.018508;0.01213;0.01918;0.025028;0.025108;0.024246;0.017218;0.018355
16;1.3675;1323.2;2;0.85;0.5;50;50;Manhattan(Summation);0.00011402;0.0030392;0.00095239;0.007535;0.005979;0.0014056;0.0042482;0.00034945;2.8914E-05;0.0056608;0.00024625;0.0014567;0.00071806;0.0003885;0.0042123;0.0032533;0.00078416;0.0010045;0.000173;0.0016736;0.0052406;0.00040153;0.0010124;0.0011711;0.0038097;0.0082544;0.00017062;0.00082642;0.0010567;0.0057123;0.00030471;0.0025454;0.0033297;0.0029814;0.0012466;0.00071117;0.00066093;0.002938;1.8906E-05;0.0018043;0.00056008;0.00052918;0.00028792;0.0014416;0.0018623;0.0031366;0.0010449;0.0075667;0.01471;0.022677;0.025939;0.024752;0.0069914;0.013052;0.025048;0.025986;0.017542;0.015708;0.0024896;0.023028;0.024639;0.016422;0.022081;0.018424;0.023894;0.0076387;0.0001723;0.025198;0.024484;0.016358;0.02084;0.026165;0.0088307;0.003305;0.0015523;0.015295;0.021799;0.025054;0.024878;0.024284;0.025733;0.014999;0.02559;0.020673;0.0057716;0.023238;0.025553;0.026199;0.024786;0.025563;0.025334;0.025061;0.0093296;0.01567;0.011936;0.021476
17;1.3683;1324;2;0.85;0.5;50;50;Manhattan(Summation);0.00073564;0.00063377;9.7143E-05;0.0057599;0.0044647;0.0016159;0.00093642;0.0047031;0.001047;0.0014415;0.0007359;0.0021339;0.0020627;0.0023187;0.0006176;0.00013451;0.00055082;3.2716E-05;0.003656;0.0051808;0.00033416;9.3535E-06;0.0037202;0.002039;0.011862;0.00050701;0.0024763;0.0012934;0.0013764;0.00019342;0.00036657;0.001559;0.026352;0.0001403;0.00053794;0.00075746;0.0015956;0.0005649;3.5426E-05;0.0050038;0.00087686;0.0060855;0.0020708;0.0034018;0.00024108;0.00057023;0.0038854;0.0023382;0.0029889;0.0010569;0.0034377;0.016431;0.0019486;0.027189;0.028651;0.022797;0.021807;0.022246;0.0063574;0.0297;0.023906;0.025052;0.026024;0.00033508;0.0026562;0.0055576;0.0044062;0.029357;0.028364;0.025382;0.024668;0.028715;0.0018861;0.0049536;0.015805;0.010817;0.026548;0.029176;0.025938;0.017937;0.028698;0.01368;0.029194;0.0067339;0.0060987;0.020513;0.029397;0.027624;0.022775;0.027685;0.024612;0.029338;0.025597;0.0015802;0.024264;0.021064
18;1.3745;1330;2;0.85;0.5;50;50;Manhattan(Summation);0.00093551;0.0019585;0.006715;0.0026738;0.0027326;0.00084062;6.7042E-05;0.00069486;0.0052677;0.0076869;0.0024653;0.001633;0.00058816;0.00066455;0.0019225;0.00063713;0.00012075;0.0010723;0.00064122;0.00020288;0.0043952;0.001054;0.00044268;0.0013418;0.00064291;0.00064084;0.0015857;0.0029482;0.0059924;0.0010555;0.00013128;0.0018407;0.0026717;0.0011146;0.0026183;0.0027619;0.0016726;0.0061241;0.0012174;0.0014425;0.0015624;0.00038027;0.0012754;0.0011956;0.0020464;0.00057915;0.00021685;0.00011192;0.0035548;0.016119;0.0049418;0.02363;0.014036;0.013269;0.026879;0.018824;0.01916;0.023754;0.026806;0.023791;0.022977;0.0058296;0.023905;0.021837;0.025412;0.0074884;0.0032587;0.026597;0.022588;0.018221;0.0083782;0.017609;0.024559;0.0064372;0.016931;0.0044084;0.019101;0.025572;0.026174;0.026721;0.022443;0.01488;0.0015728;0.020426;0.026772;0.024658;0.0075711;0.026766;0.022134;0.02374;0.026161;0.025071;0.024718;0.025815;0.025255;0.024667
19;2.823;0.3834;2;0.85;0.5;50;50;Euclidean(Average);0.0038806;0.00019794;0.0014996;0.0021189;0.0078787;0.0010475;0.0070863;0.0059513;0.012683;0.0022523;0.00066151;0.009054;0.017874;0.0017736;0.007005;0.0024555;0.0085193;0.0015594;0.0021517;0.0025411;0.01189;0.001059;0.0090041;0.0033851;0.0011701;0.0022339;0.0034577;0.002082;0.0017566;0.0023236;0.0028673;0.0030482;0.0023488;0.0035235;0.0067885;0.0010136;0.0037591;0.0031002;0.0011335;0.0070057;0.0085608;0.0075517;0.00045854;0.0024993;0.0022119;0.0066073;0.0051837;0.0042594;0.0075932;0.0054423;0.0015861;0.042214;0.00042818;0.0048345;0.046524;0.013009;0.00028369;0.017489;0.0086201;0.012331;0.043985;0.0037992;0.0018118;0.004887;0.00037332;0.0023644;0.0052689;0.044412;0.0021023;0.0021815;0.0037831;0.036121;0.0011583;0.0017729;0.031428;0.0022527;0.00062607;0.039725;0.00066158;0.031845;0.0012257;0.00214;0.043005;0.0082236;0.005399;0.047218;0.043333;0.046184;0.023096;0.016445;0.040355;0.045572;0.0058043;0.040583;0.00097629;0.0010503
20;2.9383;0.39905;2;0.85;0.5;50;50;Euclidean(Average);0.0002941;0.0048373;0.0071516;0.00092524;0.0034412;0.0041621;0.0011214;0.00087479;8.8578E-05;0.0063036;0.0059905;0.0011566;0.0012035;0.0029578;0.0045617;0.0039764;0.00058923;0.0061667;0.014279;0.0018006;0.002035;0.0013578;0.0010616;0.0030754;0.0012815;0.0078301;0.00010849;0.011278;0.0058462;0.013445;0.0051297;0.0030305;0.0021551;0.0078522;0.0059422;0.0069289;0.0071246;0.0007954;0.0087855;0.003821;0.0009351;0.0027476;0.0063225;0.00014086;0.0080664;0.0077623;0.00068741;0.010413;0.0014422;0.0028076;0.014548;0.048598;7.6424E-05;0.00068279;0.0024781;0.008868;2.7724E-05;0.010531;0.0013069;0.0021606;0.053525;0.030594;0.042833;0.0010171;0.00035911;0.017835;0.011403;0.047278;0.006398;0.010868;0.051262;0.034623;1.2656E-05;0.0018806;0.0054517;0.0075882;0.001224;0.052257;0.0058374;0.023667;0.027148;0.00012599;0.00013634;0.013974;0.011523;0.018406;0.0055529;0.05354;0.0081907;0.012625;0.054943;0.05346;0.00073812;0.001913;0.01878;0.011661
21;2.6365;0.35807;2;0.85;0.5;50;50;Euclidean(Average);0.0044688;0.00042943;0.007284;0.00973;0.0015624;0.00031819;0.0030829;0.0019854;0.0050816;0.00089916;0.0012008;0.00075112;0.0012903;0.0096904;0.00017562;0.001446;0.0063539;0.015133;0.01228;0.0032062;0.00049034;0.00084858;0.00082494;0.0072866;0.0023961;0.0024505;0.00053776;0.0048574;0.0085832;0.0011458;0.002504;9.5104E-05;0.0033714;0.0025737;0.0033011;0.0038397;0.0048626;0.0058285;0.010712;0.0043458;0.00031798;0.0024822;0.0037056;0.0039;0.0029936;0.0019264;6.3785E-05;0.0011955;0.007171;0.0058333;0.0022343;0.043285;0.0040287;0.028859;0.038332;0.0041341;0.0028368;0.0062258;0.013866;0.0054473;0.043609;0.020791;0.03259;0.0011703;0.00064897;0.0033285;0.00077667;0.021042;0.0054893;0.0045042;0.033037;0.025404;0.0022171;0.0015864;0.040666;0.007111;0.00089904;0.021404;0.0012434;0.00039095;0.043538;0.0028368;0.034559;0.0029404;0.0061752;0.042243;0.035205;0.042263;0.04115;0.042764;0.038626;0.017861;0.033951;0.0034559;0.0028476;0.0056108
22;2.27;0.30361;2;0.85;0.5;50;50;Euclidean(GeometricAverage);0.00063386;0.00023513;0.0054703;0.00084585;0.0019263;0.0034669;0.0017349;0.0022683;0.0044023;0.026355;0.0058377;0.0017238;0.0052572;2.155E-05;0.00067158;0.012267;0.00041574;0.00020941;0.0012329;0.00059443;0.015661;1.7958E-05;0.00043068;3.3478E-05;0.0050982;0.0029535;0.00054322;0.025773;0.0011522;0.0013611;0.004568;0.01005;0.0015876;0.019609;0.0034258;0.0022834;0.010543;0.00012029;0.0055043;0.0030671;0.0016602;0.0055441;0.0017205;0.00044619;0.00053176;0.00056624;0.00043945;0.0071121;0.026045;0.028727;0.0028397;0.034739;0.017101;0.019151;0.033963;0.002484;0.00058867;0.00020768;0.00056618;0.030451;0.033512;0.029047;0.0070062;0.031326;0.0037397;0.033745;0.0047103;0.034175;0.033349;0.012779;0.028593;0.0013324;5.9794E-05;0.00064685;0.032427;0.0010594;0.0020045;0.03458;0.016535;0.034125;0.0013893;0.0072561;0.0035875;0.0032097;0.0023967;0.0046481;0.023328;0.032415;0.033669;0.0094389;0.035458;0.00047874;0.027575;0.0012435;0.021366;0.013551
23;2.7411;0.36662;2;0.85;0.5;50;50;Euclidean(GeometricAverage);0.0013322;0.00038813;0.0015074;0.0074139;0.00084302;0.0031644;0.0071882;0.0031965;0.00022354;0.00088161;0.0019351;0.0016867;0.0022702;0.0097431;0.001928;0.006923;0.0057795;0.0012302;0.0045573;0.002369;0.00015033;0.0021485;0.000896;0.0057343;0.022777;0.0032061;0.0052133;0.00056123;0.0016171;0.0058159;0.0070807;0.0021346;0.0057259;0.0024229;0.00026716;0.00033031;0.0039586;0.010974;0.0037442;0.0033172;0.0032846;0.00062594;0.00010668;0.0062408;0.0048301;0.0061645;0.0054897;0.00076288;0.0059528;0.024097;0.0014467;0.02158;7.98E-05;0.0079078;0.044207;0.0013398;0.0011887;0.0026547;0.0064517;0.035458;0.044241;0.0044524;0.0012875;0.00046295;0.0011219;0.00070903;0.0021489;0.046694;0.035779;0.0032658;0.0016358;0.038051;0.036352;0.0079014;0.0044757;0.0023661;0.0010022;0.048062;0.0023675;0.046605;0.042762;0.038218;0.0038562;0.012284;0.020723;0.0045049;0.048162;0.048468;0.00015575;0.02588;0.045577;0.010084;0.013843;0.01041;0.00034709;0.013238
24;2.6689;0.35696;2;0.85;0.5;50;50;Euclidean(GeometricAverage);0.00068063;0.002246;0.0049978;0.0036786;0.0042363;2.3969E-05;0.00080368;0.00033538;0.00646;0.0013245;0.0015606;0.00047837;0.004156;0.0052345;0.015497;0.0031036;0.0007529;0.0015162;0.0066723;0.0002097;0.000186;0.0012041;0.0051435;0.0071715;0.0035548;0.012616;0.0064614;0.0020672;0.0014597;0.0014782;0.0028177;0.0028108;0.0044012;0.002292;0.00045652;0.0012505;0.024887;0.0042002;0.0085604;0.0042173;0.0017284;0.0031249;4.1472E-06;0.001801;0.0033766;0.0038515;0.041143;0.0027018;0.0011255;0.00037471;0.0095224;0.04589;0.013258;0.037031;0.0015954;0.0014141;0.0029685;0.0051195;0.0082268;0.035047;0.04806;0.046047;0.0054772;0.00066627;0.02529;0.037206;0.0015134;0.0063215;0.0030212;0.0031244;0.00025101;0.0021075;0.005102;0.0035164;0.037698;0.010738;0.0047971;0.041237;0.0013591;0.040869;0.00073963;0.003935;0.0058961;0.0014091;0.017038;0.034532;0.041198;0.046577;0.03354;0.0018424;0.045875;0.049066;0.00060183;0.0023401;0.0016721;0.008826
25;1.9288;0.15246;2;0.85;0.5;50;50;Euclidean(Minimum);0.00083428;0.00074217;4.2884E-05;0.021972;0.00044083;2.1885E-05;0.012335;0.0091568;0.00044179;0.0019015;0.019416;0.0081721;0.002616;0.0067666;0.0016172;0.0030122;0.0038966;0.004049;0.0023435;0.00097214;0.0025268;0.0026484;0.0026895;0.011562;0.00054214;0.00074082;0.0024867;0.0036809;0.0061381;0.008023;0.00060377;0.0059887;0.00099949;0.0030319;0.0028244;0.002312;0.0072177;0.0040154;0.0012139;0.0012842;0.001258;0.0020732;0.0023972;0.0001494;0.00080408;0.016053;0.0032889;0.00025741;0.019797;0.01975;0.02254;0.022754;0.021213;0.0015359;0.020531;0.025183;0.014463;0.026981;0.0086402;0.025086;0.01766;0.012337;0.02111;0.008835;0.02666;0.026614;0.0025699;0.025343;0.0026188;0.0016484;0.0065201;0.0026878;0.0016089;0.020768;0.017347;0.018728;0.023821;0.0048622;0.00034553;0.017384;0.02226;0.020674;0.024749;0.0067844;0.024949;0.026992;0.01254;0.026064;0.0077991;0.019673;0.024895;0.023105;0.027352;0.0056921;0.026554;0.014411
26;1.9391;0.15327;2;0.85;0.5;50;50;Euclidean(Minimum);0.0010679;0.0082155;0.0029669;0.0035862;0.0050233;0.0078539;0.0068376;0.004674;0.00012715;0.0016999;0.0034067;6.8523E-05;0.00019637;0.00086837;0.0060795;0.00092308;0.00611;0.00050078;0.00207;0.0094418;0.00077345;0.00031523;0.00089687;0.0042702;0.0025466;0.0058723;0.0046986;0.0014655;0.013055;0.0060159;0.0031838;0.0038591;0.0017237;0.0052515;0.001816;0.0080465;0.00049365;0.0036238;0.00385;0.0081359;0.00016963;0.0060516;0.00064938;0.0049693;0.00078811;0.008149;0.00088553;0.0017317;0.018929;0.013967;0.0021297;0.01918;0.023903;0.02515;0.00010969;0.025092;0.0013154;0.024522;0.019799;0.019216;0.024706;0.017984;0.023782;0.02515;0.021131;0.022457;0.025151;0.0225;0.024044;0.020349;0.023329;0.0084542;0.011481;0.0016583;0.022412;0.023067;0.017763;0.019274;0.025028;0.015237;0.015122;8.9699E-05;0.0039883;0.0038873;0.0010465;0.025154;0.0019182;0.021441;0.0098757;0.024177;0.02252;0.023901;0.022711;0.017259;0.022261;0.021372
27;1.9398;0.15333;2;0.85;0.5;50;50;Euclidean(Minimum);0.0025106;0.001186;0.0032955;0.0035633;0.0012708;0.010434;0.0071837;0.0022483;0.0029054;0.026721;0.0036672;0.00081644;0.0027018;0.0019469;0.00035445;0.0047431;0.007053;0.0028975;0.00072884;0.0011171;0.0074038;0.0064253;0.00068599;0.0061118;0.0042566;0.0087733;0.0003404;0.0045342;0.0020132;0.004381;0.0027409;0.013531;0.0039627;0.013387;0.0057871;9.8945E-05;0.022;0.0014245;0.0065704;0.0046318;0.0010656;0.00018987;0.005688;0.0044421;0.0047908;0.0084989;0.00014771;0.00066548;0.022696;0.027786;0.0044422;0.01167;0.0039189;0.0092272;0.027273;0.024186;0.018336;0.016352;0.0021003;0.019974;0.020925;0.016118;0.00039276;0.011963;0.025834;0.014685;0.022565;0.019892;0.025497;0.00068893;0.0019796;0.0077956;0.0016495;0.0071698;0.010155;0.0089471;0.018447;0.012737;0.025229;0.018252;0.026929;0.021952;0.017164;0.010039;9.8579E-05;0.026237;0.0028011;0.026663;0.02446;0.0044076;0.024435;0.02715;0.024907;0.027964;0.026329;0.017689
28;2.6635;0.35753;2;0.85;0.5;50;50;Euclidean(Median);0.0030004;0.00092088;0.0053565;0.0040524;0.0032039;0.00083137;0.0014258;0.0062075;0.0088824;0.0033527;0.00060502;0.0055086;0.0019904;0.0027774;0.0026606;0.0021932;0.0049501;8.1316E-05;0.0020015;0.0021458;0.0072781;8.7018E-05;0.00019259;0.0029701;0.0064455;0.002235;0.00087308;0.0013095;0.0017848;0.0039066;0.014573;0.010385;0.0040139;0.0009325;0.0034662;0.00268;0.0031646;0.0082119;0.0014885;7.2944E-05;0.0089809;0.0070981;0.0021546;0.00036641;0.0038912;0.00019521;0.0058732;0.0012699;0.00036535;0.041771;0.0040167;0.0090766;0.00030647;0.039585;0.029156;0.0049513;0.025469;0.040917;0.0023695;0.038029;0.038885;0.0024736;0.0024677;0.010404;0.027667;0.0041573;0.011071;0.04004;0.036673;0.0025139;0.019295;0.0083236;0.0015868;0.00088566;0.010897;0.0062329;0.0046131;0.044076;0.0017898;0.010711;0.0024342;0.00017829;0.042214;0.0024443;0.0026856;0.044131;0.03247;0.041706;0.042359;0.0015043;0.0028387;0.043637;0.0040024;0.040699;0.0062168;0.0016543
29;2.6362;0.35387;2;0.85;0.5;50;50;Euclidean(Median);0.00205;0.0080094;0.0044487;0.00053207;0.00075992;0.0036953;0.0067228;0.0082187;0.0072326;0.00036531;0.0074026;0.00019632;0.040041;0.0036709;0.0021183;0.0011686;0.00090337;0.0036081;0.0019946;0.00079561;0.0045391;0.0017236;0.00095079;0.0018981;0.0023667;0.00018607;0.0080215;0.0025241;0.0013994;0.024498;0.00046844;0.0095048;0.016949;0.010438;0.00085822;0.00082646;0.00035527;0.0020746;0.0033506;0.012114;0.0053768;0.00012827;0.00029816;0.00068909;8.4065E-05;0.0015548;0.0027599;0.0027996;0.02661;0.00050974;0.0021739;0.03927;0.0055288;0.028513;0.041817;0.0037009;0.0056578;0.0006249;0.0062213;0.041852;0.041134;0.0014986;0.002561;0.0041015;0.041316;0.0034836;0.00024667;0.040334;0.00033427;0.0056837;0.0012992;0.0022709;0.0029396;0.00023864;0.013913;0.0077042;0.0065938;0.04053;0.0021672;0.031529;0.039125;6.2016E-05;0.0078397;0.036089;0.0060804;0.020582;0.017055;0.040495;0.015223;0.002175;0.041654;0.034694;0.0042829;0.039872;0.010151;0.0095921
30;2.6971;0.36205;2;0.85;0.5;50;50;Euclidean(Median);0.00105;0.0037528;0.0022813;0.0010971;0.0020475;0.0063516;0.00031784;0.0012104;5.0953E-05;0.0024089;0.0025433;0.0025796;0.0056072;0.0027195;0.009092;0.0031218;0.00011318;0.0068371;0.0011137;0.0079209;0.0023556;0.014188;0.003079;0.019556;5.6367E-05;0.00058103;0.0067789;0.00080453;0.0038935;0.003724;0.0018691;0.0022441;0.00076547;0.0015203;0.00097139;0.0025724;0.00058398;0.010552;0.00089348;0.0041519;0.0012142;0.01681;0.00059575;0.0013529;0.0016525;0.0029754;0.014654;0.009567;0.001868;0.0040253;0.00019493;0.043149;0.016702;0.041593;0.043284;0.034568;0.041802;0.043206;0.0079032;0.00091999;0.040031;0.0016261;0.0028942;0.032868;0.0023463;0.031974;0.00041984;0.040707;0.0011801;0.0021016;0.043017;0.00050009;0.0021141;0.0056698;0.0015543;0.012802;0.036355;0.04308;0.0052061;0.0026767;0.00015082;0.0010633;0.0029643;0.0023452;0.00047139;0.029369;0.041896;0.040502;0.034005;0.0098638;0.034626;0.00025596;0.0060796;0.0055966;0.00023339;0.010057
31;4.5894;0.048695;2;0.85;0.5;50;50;Euclidean(MinimumTimesMedian);0.0021974;0.0047541;0.0019475;0.0079204;0.0050993;0.0044909;0.0029528;0.0054918;0.0020386;0.0091336;0.00038562;0.0059807;0.0018494;0.0042846;0.0017112;0.0052702;0.0056159;0.0041937;0.00057781;0.005572;0.0093377;0.00018838;0.00069598;0.011217;0.00024452;0.0042449;0.0024688;0.0073918;0.0011054;0.002219;0.0015318;0.0081684;0.0033648;2.2714E-06;0.0021043;0.0018765;0.00099906;0.0032332;0.0027354;0.0053247;0.0022295;0.0013355;0.0046106;0.0079894;0.001572;0.0020078;0.0028972;0.0044646;0.03069;0.03213;0.0048939;0.027791;0.0024193;0.033201;0.028442;0.032227;0.021664;0.022938;0.0046118;0.031315;0.030707;0.022941;0.007557;0.023508;0.033619;0.027162;0.016023;0.031443;0.0073473;0.0012188;0.0043339;0.002068;0.0084036;0.030227;0.00035464;0.0045943;0.031656;0.032665;0.0029238;0.003094;0.0010689;0.031507;0.006944;0.018286;0.0017454;0.0040091;0.0059143;0.032221;0.0005359;0.0018999;0.032941;0.033983;0.029033;0.011302;0.004151;0.013264
32;4.5617;0.048401;2;0.85;0.5;50;50;Euclidean(MinimumTimesMedian);0.00021023;0.0019743;0.0050977;0.0024203;0.00040157;0.0035249;0.0033063;0.0018258;0.0055109;0.00090059;0.0051597;0.0032202;0.00040762;0.0045984;0.0024636;0.0023148;0.0032417;0.0016292;0.012198;1.395E-05;0.00041787;0.0020714;0.00064471;0.0014314;0.0017702;0.010722;0.0059682;0.0027342;0.0095166;0.01563;0.00057042;0.0020319;0.0010753;0.007429;0.0016052;4.1913E-06;0.0035192;0.021148;0.0039354;0.0027592;0.0040597;0.0018064;0.0016349;0.0033109;0.00031977;0.0043912;0.00022718;0.0032328;0.0056461;0.030613;0.0030057;0.024565;0.0018835;0.024909;0.023696;0.021895;0.013932;0.028517;0.0010683;0.031779;0.028479;0.031783;0.031966;0.0011452;0.015179;0.031195;0.0039145;0.0032292;0.0069535;0.027988;0.024875;0.00017718;0.0026291;0.014958;0.0077136;0.00035221;0.024981;0.030903;0.0067558;2.2802E-05;0.028904;0.030329;0.0024467;0.027243;0.02571;0.027429;0.0011409;0.031928;0.010659;0.01381;0.031924;0.02985;0.013969;0.028591;0.00038229;0.014587
33;4.2787;0.045399;2;0.85;0.5;50;50;Euclidean(MinimumTimesMedian);0.0014364;0.0055254;0.0030333;0.0010784;0.0014682;0.00032767;0.00039264;0.00042765;0.0013502;0.0041063;0.0022561;0.0062266;0.0034523;0.0048131;0.0027813;0.004247;0.0079866;0.0069166;0.0029175;0.0031922;0.00080544;0.0014857;0.0014621;0.0034734;0.0050576;0.001954;0.0049635;0.00081209;0.0025104;0.0059294;0.0012463;0.0026136;0.0027135;0.0036578;0.011;0.0015495;0.0014057;0.0037639;0.0092725;0.0002217;0.001055;3.4522E-05;0.0077516;0.002454;0.011889;0.0068171;0.007007;0.0038652;0.00024708;0.011732;8.3279E-05;0.015185;0.0082008;0.030819;0.00069968;0.0088159;0.029377;0.0054292;0.021438;0.027235;0.028159;0.0023887;0.025016;0.019804;0.018727;0.021579;0.027807;0.029611;0.028234;0.0074354;0.025068;0.01699;0.0002187;0.0019742;0.00086464;0.018241;0.030577;0.025673;0.0025124;0.0027342;0.031701;0.029868;0.020546;0.026784;7.4712E-05;0.031032;0.0021181;0.028728;0.010511;0.023695;0.028825;0.029494;0.024663;0.0077909;0.014193;0.026393
34;2.59;430.9;2;0.85;0.5;50;50;Euclidean(Summation);0.0061793;0.0071611;0.010966;0.01165;0.0074868;0.001102;0.00071367;0.0050745;0.00062714;0.0076364;0.0053987;0.006851;0.004314;0.007397;0.0054756;0.0021427;0.0095902;0.001854;0.00053149;0.0075161;0.0022967;0.00027074;0.0081879;0.0025044;0.0034615;0.003167;0.0034576;0.001686;0.0034678;0.003043;0.00020592;0.00079857;0.004685;0.0030825;0.00058572;0.0032331;0.0018643;0.0051541;0.00055242;0.0090761;0.00059855;0.0027756;0.0031452;0.00024049;0.0003022;0.0015562;0.0038909;0.00023113;0.0078329;0.00099022;0.00141;0.039254;0.0049362;0.0033413;0.036967;0.0015009;0.024723;0.0025279;0.0053557;0.010421;0.038575;0.039129;0.0065256;0.0087034;0.023902;0.030729;0.0023536;0.034899;0.005355;0.026167;0.007725;0.023655;0.0029237;0.004839;0.00051712;0.00266;0.0060132;0.038946;0.0066899;0.0075646;0.0083077;0.0012785;0.003515;0.0019016;0.021375;0.021483;0.037214;0.039358;0.00029992;0.0364;0.039685;0.039993;0.039987;0.036658;0.02319;0.009034
35;2.6383;438.93;2;0.85;0.5;50;50;Euclidean(Summation);0.0057599;0.010051;0.0018726;0.0005014;0.01411;0.0030961;0.00034285;0.0042409;0.004016;0.0058235;0.0001081;0.0078493;0.0032563;0.0028392;0.00070392;0.0013137;0.0059008;0.007913;0.010545;0.0010643;0.0020353;0.0013557;0.00063263;0.0049327;0.0017041;0.0028468;0.0034774;0.0025197;0.002641;0.0017722;0.0073192;0.0018239;0.0026781;2.1757E-05;0.013403;0.0047281;0.0035633;0.0071213;6.3981E-05;0.0087271;0.0046935;0.0015473;0.00278;0.0041576;0.00084304;0.0020709;0.013141;0.005571;0.0016016;0.0035858;0.028815;0.043173;0.004085;0.0057708;0.044046;0.0068878;0.027771;0.03474;0.011228;0.0040185;0.03953;0.021494;0.00086188;0.003063;0.0074382;0.0016914;0.013861;0.041547;0.034229;0.037509;0.028665;0.026887;0.00078817;0.0014102;0.0011948;0.0014655;0.033938;0.045274;0.002964;0.0037006;0.0048114;0.00075746;0.00055028;0.0045104;0.0061824;0.042951;0.0023086;0.04432;0.034182;0.023753;0.041214;0.00018897;0.0017884;0.0042611;0.0016172;0.023888
36;2.4923;414.63;2;0.85;0.5;50;50;Euclidean(Summation);0.0054673;0.0010296;0.0067389;0.0039528;0.0059387;0.00044658;0.00041602;0.0016778;0.0029828;0.00084373;0.010546;0.0050805;0.0035031;0.0026571;0.00070402;0.0056122;0.0031964;0.0029278;0.0067922;0.0057801;0.013691;0.0069732;0.0046486;0.00097382;0.0057964;0.0030011;0.00091088;0.0016462;0.0008358;0.0017736;0.012003;0.002475;0.0084972;0.0017188;0.0043212;0.0021416;0.0062605;0.00059697;0.0060207;0.0017086;0.0079013;0.0094175;0.0010126;0.0043765;0.0042636;0.021631;0.0054134;0.0045977;0.00091964;0.0019663;0.0020411;0.03212;0.0013204;0.02722;0.022324;0.00083435;0.027689;0.038768;0.0032432;0.0022829;0.036995;0.037708;0.036884;0.0031317;0.034552;0.0053554;0.0082154;0.0050333;0.01907;0.0040466;0.036142;0.0374;0.0007436;0.0044237;0.0022559;0.0012168;0.0013867;0.034973;0.0023062;0.030809;0.0036837;0.0034333;0.0015946;0.015804;0.0052427;0.0028694;0.0046012;0.039041;0.039399;0.028856;0.038387;0.038722;0.020202;0.02973;0.0013856;0.0027712
differential evolutions parameters, by distance
i;dDE / dP;distance;type;parentWeight;crossover;population;iterations;distance;weights ->
1;1.3364;0.82871;2;0.85;0.5;50;50;Manhattan(Minimum);0.0022565;0.0020459;0.010116;0.00080056;0.0052252;0.0066462;0.0049292;0.00094212;0.0016828;0.0032786;0.0071593;0.0063998;0.0023923;0.0035844;0.011521;0.0039966;0.0073164;0.0084018;0.00040234;0.0030899;0.00074238;0.0018117;0.00014002;0.0015663;0.0016743;0.00020398;0.0059783;0.00038337;0.0015271;0.0071579;0.00064737;0.0092484;9.305E-05;0.0090377;0.0062515;0.0034223;0.011951;0.0054353;0.0062842;0.0058006;0.0047303;0.011122;0.0025531;0.0055986;0.00016049;0.0023129;0.0042771;3.2778E-05;0.014388;0.024677;0.024901;0.0061503;0.00099211;0.015616;0.021167;0.024497;0.01938;0.022341;0.0034912;0.024293;0.021792;0.005836;0.0086781;0.018438;0.025518;0.023859;0.018502;0.014178;0.018313;0.017469;0.0010645;0.010018;0.012419;0.020344;0.00093943;0.022177;0.023842;0.016241;0.017802;0.023338;0.018769;0.021785;0.0072197;0.024462;0.016735;0.020993;0.0030318;0.015844;0.015844;0.017613;0.014592;0.019333;0.022816;0.021282;0.025644;0.009045
2;1.3541;1.0661;2;0.85;0.5;50;50;Manhattan(GeometricAverage);0.0010368;0.00061341;0.0006604;0.0022034;0.00043644;0.00057945;0.00094417;0.002653;0.00078498;0.0042377;0.00073424;0.0080043;0.0015292;1.2844E-05;0.0012314;0.0047167;0.0012957;0.0010612;0.0052508;0.0025589;0.0030073;0.0051013;0.0014783;0.0038992;0.0005695;0.00026085;0.00068959;0.0070087;0.00085406;0.0029321;0.00013717;0.0016299;5.1075E-05;0.0028202;0.00067922;0.0018614;0.0023118;3.7245E-05;0.0019998;0.0043523;0.0013698;0.0012289;7.5625E-05;0.0004577;0.029103;3.9842E-05;0.0015631;0.0002362;0.017758;0.012226;0.0046164;0.029119;0.023652;0.028039;0.02695;0.010972;0.028511;0.028728;0.023443;0.022839;0.027349;0.028163;0.012944;0.0077105;0.0090306;0.019847;0.0039422;0.0023618;0.0075254;0.0065961;0.0071751;0.026555;0.022919;0.022529;0.010438;0.015846;0.025133;0.018869;1.4311E-05;0.014424;0.017491;0.028093;0.015519;0.0095204;0.00069905;0.027062;0.029015;0.028653;0.011612;0.027481;0.023125;0.0262;0.026185;0.020003;0.028785;0.018028
3;1.362;0.84464;2;0.85;0.5;50;50;Manhattan(Minimum);0.0008122;0.00055999;0.00094481;0.0017614;0.0019832;0.027606;0.010022;0.00084832;0.008128;0.001042;0.0029957;0.001161;0.00019418;0.0004623;0.0017209;0.0047988;0.012491;0.0029158;0.0024534;0.0041209;0.0032775;0.0011163;0.00085556;0.0045426;0.0032031;0.0010169;0.0029889;0.00017113;0.0035993;0.0010904;0.012228;0.0047881;0.0049668;0.0011249;0.0023167;0.0065195;0.0022751;0.0024068;0.00015985;0.0058619;0.0039746;0.0010987;0.0015917;0.0011034;0.00037716;0.0023714;0.0050631;0.0018304;0.0054969;0.019482;0.018221;0.014146;0.0029965;0.0083822;0.017824;0.027694;0.010589;0.026442;0.022094;0.020486;0.024919;0.024247;0.018955;0.022357;0.027871;0.023817;0.015539;0.019309;0.018622;0.016246;0.0021214;0.00011303;0.01481;0.0054212;0.024202;0.011856;0.025313;0.02386;0.00048449;0.023107;0.020546;0.02398;0.007655;0.022499;0.018655;0.024452;0.006297;0.022859;0.0124;0.024005;0.010759;0.027792;0.027945;0.017509;0.017331;0.0093527
4;1.3624;1.0761;2;0.85;0.5;50;50;Manhattan(Average);0.005898;0.0062201;0.0017258;0.0013777;0.0035042;0.0026425;0.00023106;0.002112;0.00026887;0.0030397;0.0034521;0.00065777;0.0018296;0.023203;0.0022584;0.0017173;0.0013538;0.0020814;0.00086276;0.00073611;0.00049703;0.0039765;0.00050797;0.00095372;0.00040688;0.00052518;0.0040744;0.0001124;0.0019013;0.00093718;0.00093354;0.00094558;0.00199;0.0025898;0.00043211;0.0020735;0.0013066;0.0011259;0.00025765;0.00017483;0.0015269;0.001651;0.0014974;0.0017286;0.0039039;0.00011603;0.0010467;0.00087841;0.0045644;0.01674;0.004764;0.025496;0.025196;0.0044233;0.025826;0.0069931;0.026639;0.024149;0.0009271;0.024031;0.023895;0.020389;0.026837;0.021116;0.0092082;0.01132;0.010778;0.020675;0.014962;0.015791;0.023184;0.015792;0.026891;0.024148;0.024072;0.017069;0.020434;0.021817;0.0063754;0.025641;0.020093;0.0251;0.025097;0.026611;0.0055669;0.023701;0.015331;0.027119;0.015608;0.016187;0.018846;0.022233;0.026027;0.017527;0.023648;0.01792
5;1.3674;1.0791;2;0.85;0.5;50;50;Manhattan(Median);0.00059251;0.0014684;0.0019067;0.00030104;0.0021294;0.0013884;0.0010133;0.0088508;0.0038697;8.779E-05;0.0011773;0.0064053;0.00072225;0.00032779;0.0010657;0.002901;0.0020829;0.0028429;0.0010038;0.0057822;0.0018449;0.00015401;0.0017765;0.00062069;0.0016274;0.001372;0.0084137;0.0019532;0.0021584;0.00024683;0.0018892;0.00069846;0.0037592;0.0016454;5.626E-05;0.00060321;0.0020982;0.0026596;0.00040092;0.0022999;2.8515E-05;0.00066501;0.0014343;0.00021056;0.0052438;0.0025796;0.0030803;0.0014468;0.025369;0.021252;0.0006346;0.023534;0.00021613;0.022807;0.021358;0.0055263;0.024522;0.022532;0.0123;0.020417;0.02408;0.022227;0.022768;0.015826;0.0086889;0.010431;0.02372;0.024428;0.019969;0.023856;0.023504;0.023744;0.025356;0.0046014;0.0029953;0.023497;0.0227;0.02176;0.014522;0.020776;0.024808;0.016438;0.022029;0.024174;0.018599;0.013392;0.012331;0.024831;0.0062356;0.023793;0.025237;0.022181;0.024373;0.025612;0.014694;0.024468
6;1.3675;1323.2;2;0.85;0.5;50;50;Manhattan(Summation);0.00011402;0.0030392;0.00095239;0.007535;0.005979;0.0014056;0.0042482;0.00034945;2.8914E-05;0.0056608;0.00024625;0.0014567;0.00071806;0.0003885;0.0042123;0.0032533;0.00078416;0.0010045;0.000173;0.0016736;0.0052406;0.00040153;0.0010124;0.0011711;0.0038097;0.0082544;0.00017062;0.00082642;0.0010567;0.0057123;0.00030471;0.0025454;0.0033297;0.0029814;0.0012466;0.00071117;0.00066093;0.002938;1.8906E-05;0.0018043;0.00056008;0.00052918;0.00028792;0.0014416;0.0018623;0.0031366;0.0010449;0.0075667;0.01471;0.022677;0.025939;0.024752;0.0069914;0.013052;0.025048;0.025986;0.017542;0.015708;0.0024896;0.023028;0.024639;0.016422;0.022081;0.018424;0.023894;0.0076387;0.0001723;0.025198;0.024484;0.016358;0.02084;0.026165;0.0088307;0.003305;0.0015523;0.015295;0.021799;0.025054;0.024878;0.024284;0.025733;0.014999;0.02559;0.020673;0.0057716;0.023238;0.025553;0.026199;0.024786;0.025563;0.025334;0.025061;0.0093296;0.01567;0.011936;0.021476
7;1.3681;1.0796;2;0.85;0.5;50;50;Manhattan(Median);0.00018097;0.0017121;0.00089642;0.00066599;0.0021684;0.00058347;0.0021352;7.9088E-08;0.00068102;0.0040964;0.00014048;0.00063862;0.0056882;0.018669;0.0032499;0.0042048;0.0033255;0.0024446;0.0020707;0.0030847;0.0015461;0.00084583;6.7848E-05;0.0041295;0.0064722;0.0020076;0.002616;0.00038275;0.00081203;0.0054056;0.00060938;0.001415;0.00092217;0.0019567;0.0018505;0.0046198;0.0013929;0.00034038;0.0021668;0.00087529;0.0017347;0.00067632;0.0062708;0.0033624;0.0019099;0.00069681;0.00084803;0.002187;0.021211;0.022211;0.0039574;0.020487;0.0038204;0.012359;0.02671;0.012355;0.020109;0.022463;0.016491;0.015786;0.02817;0.025434;0.017158;0.012849;0.023027;0.0072013;0.019733;0.027182;0.027018;0.0019913;0.022491;0.017689;0.017146;0.00066105;0.015134;0.027628;0.0087076;0.024033;0.013817;0.026848;0.027453;0.021823;0.0067984;0.02136;0.021508;0.024174;0.013485;0.027849;0.02766;0.026292;0.015676;0.025993;0.027531;0.023575;0.0087033;0.0034857
8;1.3683;1324;2;0.85;0.5;50;50;Manhattan(Summation);0.00073564;0.00063377;9.7143E-05;0.0057599;0.0044647;0.0016159;0.00093642;0.0047031;0.001047;0.0014415;0.0007359;0.0021339;0.0020627;0.0023187;0.0006176;0.00013451;0.00055082;3.2716E-05;0.003656;0.0051808;0.00033416;9.3535E-06;0.0037202;0.002039;0.011862;0.00050701;0.0024763;0.0012934;0.0013764;0.00019342;0.00036657;0.001559;0.026352;0.0001403;0.00053794;0.00075746;0.0015956;0.0005649;3.5426E-05;0.0050038;0.00087686;0.0060855;0.0020708;0.0034018;0.00024108;0.00057023;0.0038854;0.0023382;0.0029889;0.0010569;0.0034377;0.016431;0.0019486;0.027189;0.028651;0.022797;0.021807;0.022246;0.0063574;0.0297;0.023906;0.025052;0.026024;0.00033508;0.0026562;0.0055576;0.0044062;0.029357;0.028364;0.025382;0.024668;0.028715;0.0018861;0.0049536;0.015805;0.010817;0.026548;0.029176;0.025938;0.017937;0.028698;0.01368;0.029194;0.0067339;0.0060987;0.020513;0.029397;0.027624;0.022775;0.027685;0.024612;0.029338;0.025597;0.0015802;0.024264;0.021064
9;1.3739;1.0816;2;0.85;0.5;50;50;Manhattan(GeometricAverage);0.0040239;0.0025179;0.001333;0.013524;0.00081429;0.00015458;0.00073222;0.0025314;0.0046344;0.0052925;0.00073566;0.00063543;0.0021991;0.0020191;0.00063776;0.0015961;0.00056464;0.00049681;0.0015326;0.0027877;0.0031035;0.001605;0.00094337;0.003347;0.0038225;0.00031894;0.00018722;0.002825;0.0006628;0.00082174;0.00013387;0.0022152;0.00050239;0.0017503;0.0086134;0.0011154;0.00072883;0.013168;0.00040224;0.00077587;0.00078643;0.00073091;0.0037416;0.00031809;0.0023552;0.0021798;0.00038213;0.00025227;0.012334;0.00097339;0.00015667;0.00624;0.0074567;0.02554;0.02543;0.026756;0.02515;0.024819;0.0013314;0.026749;0.027616;0.028177;0.0050463;0.020592;0.022417;0.017739;0.011571;0.023971;0.006747;0.022035;0.014609;0.024015;0.020436;0.011883;0.003814;0.0099265;0.017452;0.02802;0.02844;0.028163;0.022563;0.0087583;0.00064466;0.024872;0.026323;0.025299;0.021852;0.029231;0.017534;0.020622;0.025926;0.028198;0.027357;0.025982;0.014782;0.017897
10;1.3745;1330;2;0.85;0.5;50;50;Manhattan(Summation);0.00093551;0.0019585;0.006715;0.0026738;0.0027326;0.00084062;6.7042E-05;0.00069486;0.0052677;0.0076869;0.0024653;0.001633;0.00058816;0.00066455;0.0019225;0.00063713;0.00012075;0.0010723;0.00064122;0.00020288;0.0043952;0.001054;0.00044268;0.0013418;0.00064291;0.00064084;0.0015857;0.0029482;0.0059924;0.0010555;0.00013128;0.0018407;0.0026717;0.0011146;0.0026183;0.0027619;0.0016726;0.0061241;0.0012174;0.0014425;0.0015624;0.00038027;0.0012754;0.0011956;0.0020464;0.00057915;0.00021685;0.00011192;0.0035548;0.016119;0.0049418;0.02363;0.014036;0.013269;0.026879;0.018824;0.01916;0.023754;0.026806;0.023791;0.022977;0.0058296;0.023905;0.021837;0.025412;0.0074884;0.0032587;0.026597;0.022588;0.018221;0.0083782;0.017609;0.024559;0.0064372;0.016931;0.0044084;0.019101;0.025572;0.026174;0.026721;0.022443;0.01488;0.0015728;0.020426;0.026772;0.024658;0.0075711;0.026766;0.022134;0.02374;0.026161;0.025071;0.024718;0.025815;0.025255;0.024667
11;1.3804;1.0868;2;0.85;0.5;50;50;Manhattan(GeometricAverage);0.00062487;0.0019628;0.001861;0.00060712;0.00031307;2.5066E-05;0.0031167;0.00040628;0.00026549;0.0021612;0.00066057;0.0071054;0.0017704;0.0027269;0.0012343;0.0047964;0.0026676;0.0083215;0.0022321;0.0022803;0.018676;0.00075318;0.0021833;0.00051238;0.00062132;0.00048473;0.00025921;0.0014973;0.00078454;0.0033919;0.00068576;0.0013914;0.0010732;0.00094602;0.0016652;0.00047178;0.00094594;0.00098859;0.0007923;4.9583E-05;0.00090816;0.0027191;0.0024297;6.851E-05;0.0016907;0.0036314;0.00049023;0.003666;0.021095;0.0029216;0.0018212;0.027621;0.011102;0.014752;0.022261;0.0046316;0.029366;0.02765;0.0015141;0.012582;0.022315;0.030134;0.00011865;0.027209;0.029653;0.010954;0.006865;0.029029;0.00031432;0.015261;0.013235;0.020632;0.02417;0.025961;0.0022041;0.0035673;0.028349;0.027041;0.015867;0.028385;0.025264;0.029486;0.028407;0.0017614;0.029009;0.029135;0.0094877;0.029889;0.019774;0.022946;0.026722;0.026011;0.02253;0.013434;0.027485;0.021159
12;1.3836;0.85797;2;0.85;0.5;50;50;Manhattan(Minimum);0.002446;0.00017723;0.00072904;0.0010497;0.0041311;0.0010903;0.0064944;0.0016114;0.00030688;0.00019737;0.0022615;0.0012238;0.0001643;0.0026325;0.008306;0.0010492;0.0012165;3.1448E-05;0.0053536;0.00099258;0.0026753;0.0054093;0.00113;0.001499;0.0030095;0.0011516;0.00083723;0.0025177;1.2422E-05;0.0054281;0.00052997;0.0083692;0.010993;0.00090744;0.0013243;0.0071734;0.0028469;0.0004975;0.013458;0.010772;0.0033452;0.0042528;0.0061495;0.0031757;0.0043938;0.0041838;0.0059622;0.0007943;0.00048613;0.023856;0.0025892;0.026392;0.011348;0.0074989;0.022656;0.026483;0.024408;0.024467;0.0054338;0.022333;0.016916;0.020045;0.02521;0.021767;0.019518;0.025426;0.018563;0.0088498;0.012003;0.015534;0.0047417;0.018132;0.007068;0.0074355;0.0079926;0.0091831;0.027664;0.027034;0.015034;0.027111;0.025255;0.02452;0.0031287;0.022081;0.0048486;0.022521;0.0065036;0.026121;0.016437;0.021808;0.019271;0.02458;0.022256;0.025865;0.026723;0.020636
13;1.3845;1.0936;2;0.85;0.5;50;50;Manhattan(Average);0.0010758;0.00087758;0.0013125;0.00017056;0.03008;0.0028081;0.0010322;0.003636;0.0010497;0.0009866;0.00094259;0.0052776;0.00026054;0.00017032;0.00068927;0.0033307;0.0031225;3.9686E-05;0.0033698;0.00050819;2.5811E-05;6.315E-05;0.002809;0.0037099;0.0007209;0.003381;0.00084206;0.0036293;0.0024896;0.0075053;0.0026476;0.0005128;0.00015557;0.0010061;0.0011761;0.0014161;0.00031294;0.0053539;0.002068;0.0019653;0.0018027;0.00024555;0.00052454;0.0021488;0.00050216;0.00044279;0.00098699;0.0019144;0.0032175;0.0025491;0.0015161;0.027051;0.0038215;0.012714;0.031541;0.0068511;0.013928;0.018012;0.0049052;0.030083;0.032837;0.026968;0.025923;0.0012685;0.031495;0.0061057;0.0054847;0.0027834;0.030063;0.014525;0.025647;0.018283;0.023244;0.001511;0.0054596;0.0091939;0.024158;0.028282;0.0011704;0.028129;0.022649;0.0019211;0.027586;0.028673;0.022771;0.031845;0.021557;0.030818;0.030761;0.029585;0.031655;0.032993;0.012779;0.028641;0.0080948;0.027848
14;1.3885;1.0967;2;0.85;0.5;50;50;Manhattan(Average);0.00034209;0.0033521;0.00046261;0.00015774;0.0035241;0.0031226;0.00036103;0.006716;0.00051228;0.006094;0.0098176;0.0012993;0.0021438;0.00043281;0.0034041;0.0028233;0.00071516;0.00042585;0.0024687;0.0014589;0.0023428;0.00039101;0.00047568;0.0023478;0.001984;0.0011682;0.0015666;0.00098985;0.0011149;5.5312E-06;0.00046226;0.00038359;0.0022581;0.00010634;0.0021371;0.0059122;0.0025965;0.0015625;0.00034829;0.0043164;0.0013746;0.0024042;0.00015314;0.0028596;0.00023096;0.00060102;0.0017835;0.00026141;0.017961;0.022248;0.0012473;0.020943;0.0045315;0.0069779;0.027314;0.017677;0.028898;0.006471;0.02806;0.029482;0.031422;0.030855;0.00078824;0.0081655;0.015584;0.0017053;0.0036003;0.029808;0.026293;0.017936;0.023549;0.027748;0.00092356;0.00071929;0.016388;0.016006;0.030246;0.028323;0.0047147;0.031412;0.020649;0.0098324;0.015419;0.026668;0.025472;0.02708;0.024794;0.030775;0.014348;0.018375;0.026512;0.031847;0.0095936;0.029902;0.011014;0.027949
15;1.4099;1.1126;2;0.85;0.5;50;50;Manhattan(Median);0.00054266;0.0037047;0.0020912;0.0010871;0.0027269;8.1987E-05;0.00045088;0.00022573;0.00098261;1.7761E-05;4.6969E-05;0.00095706;0.00096337;0.0035528;0.00066688;0.00045849;0.0013295;0.00054147;0.0033699;0.0018335;0.0009461;0.0046316;0.00085073;0.001583;0.00091417;0.00318;0.00030192;0.00031707;0.0014785;0.00082944;2.5905E-05;0.0021232;0.0022285;0.0023749;0.00045967;0.00040341;0.00073274;0.0029243;0.0015037;0.0068285;0.0024461;0.0017721;0.0037298;0.0025962;0.00050102;0.00094195;0.0039493;0.00052283;0.033812;0.0022115;0.016078;0.028581;0.00048275;0.028618;0.031261;0.0070727;0.012615;0.030626;0.0082291;0.030253;0.025182;0.030591;0.031052;0.033589;0.0097055;0.0010517;0.0090379;0.026413;0.033521;0.0092815;0.030208;0.0020893;0.014503;0.0029281;0.0032546;0.019623;0.02694;0.029417;0.0078302;0.029977;0.02975;0.004929;0.0068662;0.026239;0.023217;0.026802;0.0074943;0.031463;0.0069562;0.030991;0.031546;0.025607;0.003715;0.026211;0.0019205;0.033531
16;1.8036;0.88259;2;0.85;0.5;50;50;Manhattan(MinimumTimesMedian);0.0031053;0.010589;0.0027747;0.0041086;0.0020372;0.00053543;0.001394;0.0065202;0.0019458;0.0028663;0.0021615;0.0027425;0.0016995;0.0018029;0.023141;0.00035027;0.0010729;0.0012461;0.00097207;0.0061034;0.0013761;0.0023377;0.0035803;0.0036801;0.0036947;0.0015171;0.0011274;0.0039869;0.00048729;0.0047326;0.00080685;0.0075418;0.0027414;0.006108;0.0021328;0.00042952;0.0016299;0.0021585;0.0011294;0.0026415;0.0032913;0.0071477;0.00016597;0.00116;0.0076224;0.00513;0.0028882;0.0037125;0.0022258;0.0243;0.014962;0.012062;0.0017336;0.01678;0.023557;0.026119;0.026053;0.020428;0.00058843;0.023336;0.024922;0.02073;0.018385;0.025047;0.016309;0.021611;0.025341;0.019604;0.0076302;0.0056695;0.0028378;0.013586;0.02169;0.0072021;0.0096196;0.0022498;0.025035;0.021367;0.014028;0.024002;0.019291;0.02073;0.0084046;0.020992;0.018027;0.024185;0.023683;0.023779;0.018508;0.01213;0.01918;0.025028;0.025108;0.024246;0.017218;0.018355
17;1.8212;0.89122;2;0.85;0.5;50;50;Manhattan(MinimumTimesMedian);0.0033639;0.00099232;0.0072028;0.0018015;0.00031076;0.00089172;0.009949;0.0003095;0.0014895;0.0021721;0.0030738;0.0011173;0.0049352;0.0046644;0.0012448;0.00018292;0.0013204;0.0022445;0.0012879;0.0015926;0.00038376;0.004662;0.00056945;0.014621;0.0049841;0.0036512;0.0023601;0.00033934;0.0031537;0.017702;0.00037;0.0032437;0.00012013;0.0010751;0.0019547;0.00027044;0.00089519;0.0016856;6.6187E-06;0.0061888;0.00070511;0.0033252;0.00094271;0.0018619;0.0037941;0.0024381;0.0013325;0.0023555;0.025682;0.026234;0.019761;0.010588;0.0013543;0.023244;0.020455;0.020777;0.0068067;0.022276;0.026798;0.025758;0.01583;0.021865;0.0093268;0.021897;0.0046498;0.016298;0.0082766;0.023976;0.0030751;0.011921;0.023519;0.021402;0.0074548;0.00027832;0.00079605;0.01417;0.024902;0.026139;0.002709;0.025939;0.014699;0.021739;0.013252;0.023792;0.025137;0.016113;0.021573;0.025576;0.026557;0.026617;0.021853;0.024427;0.025113;0.026758;0.018876;0.018619
18;1.8858;0.9228;2;0.85;0.5;50;50;Manhattan(MinimumTimesMedian);0.0016255;0.0011538;0.0015199;0.001484;0.0018602;0.00033233;0.00062807;0.0047554;0.0001135;0.00044855;0.000133;0.00098751;0.002138;0.0011612;0.0013786;0.00043979;0.00076417;0.0014398;0.00070543;0.00017195;0.0022216;0.0027923;0.0013961;0.0066564;0.0040097;0.0046637;0.0032122;0.0020124;9.4316E-05;0.0018853;0.0016128;0.0020721;0.00093169;0.00080159;0.00095699;0.0021709;0.01032;0.00097633;0.00050241;0.0016498;0.00051884;0.0045098;0.0031058;0.003583;0.0058012;0.0031998;0.00052734;0.0014294;0.0032261;0.0039627;0.026004;0.020803;0.0082781;0.026568;0.02506;0.020635;0.0088529;0.024986;0.0065518;0.025443;0.02789;0.011167;0.021292;0.024949;0.026154;0.017376;0.012083;0.0039723;0.014483;0.021479;0.011336;0.01557;0.017747;0.020379;0.0039411;0.024498;0.014038;0.026984;0.0031975;0.017897;0.020735;0.026976;0.017494;0.02522;0.0080334;0.026979;0.026903;0.026033;0.023411;0.022437;0.020126;0.026607;0.026877;0.020781;0.023927;0.023799
19;1.9288;0.15246;2;0.85;0.5;50;50;Euclidean(Minimum);0.00083428;0.00074217;4.2884E-05;0.021972;0.00044083;2.1885E-05;0.012335;0.0091568;0.00044179;0.0019015;0.019416;0.0081721;0.002616;0.0067666;0.0016172;0.0030122;0.0038966;0.004049;0.0023435;0.00097214;0.0025268;0.0026484;0.0026895;0.011562;0.00054214;0.00074082;0.0024867;0.0036809;0.0061381;0.008023;0.00060377;0.0059887;0.00099949;0.0030319;0.0028244;0.002312;0.0072177;0.0040154;0.0012139;0.0012842;0.001258;0.0020732;0.0023972;0.0001494;0.00080408;0.016053;0.0032889;0.00025741;0.019797;0.01975;0.02254;0.022754;0.021213;0.0015359;0.020531;0.025183;0.014463;0.026981;0.0086402;0.025086;0.01766;0.012337;0.02111;0.008835;0.02666;0.026614;0.0025699;0.025343;0.0026188;0.0016484;0.0065201;0.0026878;0.0016089;0.020768;0.017347;0.018728;0.023821;0.0048622;0.00034553;0.017384;0.02226;0.020674;0.024749;0.0067844;0.024949;0.026992;0.01254;0.026064;0.0077991;0.019673;0.024895;0.023105;0.027352;0.0056921;0.026554;0.014411
20;1.9391;0.15327;2;0.85;0.5;50;50;Euclidean(Minimum);0.0010679;0.0082155;0.0029669;0.0035862;0.0050233;0.0078539;0.0068376;0.004674;0.00012715;0.0016999;0.0034067;6.8523E-05;0.00019637;0.00086837;0.0060795;0.00092308;0.00611;0.00050078;0.00207;0.0094418;0.00077345;0.00031523;0.00089687;0.0042702;0.0025466;0.0058723;0.0046986;0.0014655;0.013055;0.0060159;0.0031838;0.0038591;0.0017237;0.0052515;0.001816;0.0080465;0.00049365;0.0036238;0.00385;0.0081359;0.00016963;0.0060516;0.00064938;0.0049693;0.00078811;0.008149;0.00088553;0.0017317;0.018929;0.013967;0.0021297;0.01918;0.023903;0.02515;0.00010969;0.025092;0.0013154;0.024522;0.019799;0.019216;0.024706;0.017984;0.023782;0.02515;0.021131;0.022457;0.025151;0.0225;0.024044;0.020349;0.023329;0.0084542;0.011481;0.0016583;0.022412;0.023067;0.017763;0.019274;0.025028;0.015237;0.015122;8.9699E-05;0.0039883;0.0038873;0.0010465;0.025154;0.0019182;0.021441;0.0098757;0.024177;0.02252;0.023901;0.022711;0.017259;0.022261;0.021372
21;1.9398;0.15333;2;0.85;0.5;50;50;Euclidean(Minimum);0.0025106;0.001186;0.0032955;0.0035633;0.0012708;0.010434;0.0071837;0.0022483;0.0029054;0.026721;0.0036672;0.00081644;0.0027018;0.0019469;0.00035445;0.0047431;0.007053;0.0028975;0.00072884;0.0011171;0.0074038;0.0064253;0.00068599;0.0061118;0.0042566;0.0087733;0.0003404;0.0045342;0.0020132;0.004381;0.0027409;0.013531;0.0039627;0.013387;0.0057871;9.8945E-05;0.022;0.0014245;0.0065704;0.0046318;0.0010656;0.00018987;0.005688;0.0044421;0.0047908;0.0084989;0.00014771;0.00066548;0.022696;0.027786;0.0044422;0.01167;0.0039189;0.0092272;0.027273;0.024186;0.018336;0.016352;0.0021003;0.019974;0.020925;0.016118;0.00039276;0.011963;0.025834;0.014685;0.022565;0.019892;0.025497;0.00068893;0.0019796;0.0077956;0.0016495;0.0071698;0.010155;0.0089471;0.018447;0.012737;0.025229;0.018252;0.026929;0.021952;0.017164;0.010039;9.8579E-05;0.026237;0.0028011;0.026663;0.02446;0.0044076;0.024435;0.02715;0.024907;0.027964;0.026329;0.017689
22;2.27;0.30361;2;0.85;0.5;50;50;Euclidean(GeometricAverage);0.00063386;0.00023513;0.0054703;0.00084585;0.0019263;0.0034669;0.0017349;0.0022683;0.0044023;0.026355;0.0058377;0.0017238;0.0052572;2.155E-05;0.00067158;0.012267;0.00041574;0.00020941;0.0012329;0.00059443;0.015661;1.7958E-05;0.00043068;3.3478E-05;0.0050982;0.0029535;0.00054322;0.025773;0.0011522;0.0013611;0.004568;0.01005;0.0015876;0.019609;0.0034258;0.0022834;0.010543;0.00012029;0.0055043;0.0030671;0.0016602;0.0055441;0.0017205;0.00044619;0.00053176;0.00056624;0.00043945;0.0071121;0.026045;0.028727;0.0028397;0.034739;0.017101;0.019151;0.033963;0.002484;0.00058867;0.00020768;0.00056618;0.030451;0.033512;0.029047;0.0070062;0.031326;0.0037397;0.033745;0.0047103;0.034175;0.033349;0.012779;0.028593;0.0013324;5.9794E-05;0.00064685;0.032427;0.0010594;0.0020045;0.03458;0.016535;0.034125;0.0013893;0.0072561;0.0035875;0.0032097;0.0023967;0.0046481;0.023328;0.032415;0.033669;0.0094389;0.035458;0.00047874;0.027575;0.0012435;0.021366;0.013551
23;2.4923;414.63;2;0.85;0.5;50;50;Euclidean(Summation);0.0054673;0.0010296;0.0067389;0.0039528;0.0059387;0.00044658;0.00041602;0.0016778;0.0029828;0.00084373;0.010546;0.0050805;0.0035031;0.0026571;0.00070402;0.0056122;0.0031964;0.0029278;0.0067922;0.0057801;0.013691;0.0069732;0.0046486;0.00097382;0.0057964;0.0030011;0.00091088;0.0016462;0.0008358;0.0017736;0.012003;0.002475;0.0084972;0.0017188;0.0043212;0.0021416;0.0062605;0.00059697;0.0060207;0.0017086;0.0079013;0.0094175;0.0010126;0.0043765;0.0042636;0.021631;0.0054134;0.0045977;0.00091964;0.0019663;0.0020411;0.03212;0.0013204;0.02722;0.022324;0.00083435;0.027689;0.038768;0.0032432;0.0022829;0.036995;0.037708;0.036884;0.0031317;0.034552;0.0053554;0.0082154;0.0050333;0.01907;0.0040466;0.036142;0.0374;0.0007436;0.0044237;0.0022559;0.0012168;0.0013867;0.034973;0.0023062;0.030809;0.0036837;0.0034333;0.0015946;0.015804;0.0052427;0.0028694;0.0046012;0.039041;0.039399;0.028856;0.038387;0.038722;0.020202;0.02973;0.0013856;0.0027712
24;2.59;430.9;2;0.85;0.5;50;50;Euclidean(Summation);0.0061793;0.0071611;0.010966;0.01165;0.0074868;0.001102;0.00071367;0.0050745;0.00062714;0.0076364;0.0053987;0.006851;0.004314;0.007397;0.0054756;0.0021427;0.0095902;0.001854;0.00053149;0.0075161;0.0022967;0.00027074;0.0081879;0.0025044;0.0034615;0.003167;0.0034576;0.001686;0.0034678;0.003043;0.00020592;0.00079857;0.004685;0.0030825;0.00058572;0.0032331;0.0018643;0.0051541;0.00055242;0.0090761;0.00059855;0.0027756;0.0031452;0.00024049;0.0003022;0.0015562;0.0038909;0.00023113;0.0078329;0.00099022;0.00141;0.039254;0.0049362;0.0033413;0.036967;0.0015009;0.024723;0.0025279;0.0053557;0.010421;0.038575;0.039129;0.0065256;0.0087034;0.023902;0.030729;0.0023536;0.034899;0.005355;0.026167;0.007725;0.023655;0.0029237;0.004839;0.00051712;0.00266;0.0060132;0.038946;0.0066899;0.0075646;0.0083077;0.0012785;0.003515;0.0019016;0.021375;0.021483;0.037214;0.039358;0.00029992;0.0364;0.039685;0.039993;0.039987;0.036658;0.02319;0.009034
25;2.6362;0.35387;2;0.85;0.5;50;50;Euclidean(Median);0.00205;0.0080094;0.0044487;0.00053207;0.00075992;0.0036953;0.0067228;0.0082187;0.0072326;0.00036531;0.0074026;0.00019632;0.040041;0.0036709;0.0021183;0.0011686;0.00090337;0.0036081;0.0019946;0.00079561;0.0045391;0.0017236;0.00095079;0.0018981;0.0023667;0.00018607;0.0080215;0.0025241;0.0013994;0.024498;0.00046844;0.0095048;0.016949;0.010438;0.00085822;0.00082646;0.00035527;0.0020746;0.0033506;0.012114;0.0053768;0.00012827;0.00029816;0.00068909;8.4065E-05;0.0015548;0.0027599;0.0027996;0.02661;0.00050974;0.0021739;0.03927;0.0055288;0.028513;0.041817;0.0037009;0.0056578;0.0006249;0.0062213;0.041852;0.041134;0.0014986;0.002561;0.0041015;0.041316;0.0034836;0.00024667;0.040334;0.00033427;0.0056837;0.0012992;0.0022709;0.0029396;0.00023864;0.013913;0.0077042;0.0065938;0.04053;0.0021672;0.031529;0.039125;6.2016E-05;0.0078397;0.036089;0.0060804;0.020582;0.017055;0.040495;0.015223;0.002175;0.041654;0.034694;0.0042829;0.039872;0.010151;0.0095921
26;2.6365;0.35807;2;0.85;0.5;50;50;Euclidean(Average);0.0044688;0.00042943;0.007284;0.00973;0.0015624;0.00031819;0.0030829;0.0019854;0.0050816;0.00089916;0.0012008;0.00075112;0.0012903;0.0096904;0.00017562;0.001446;0.0063539;0.015133;0.01228;0.0032062;0.00049034;0.00084858;0.00082494;0.0072866;0.0023961;0.0024505;0.00053776;0.0048574;0.0085832;0.0011458;0.002504;9.5104E-05;0.0033714;0.0025737;0.0033011;0.0038397;0.0048626;0.0058285;0.010712;0.0043458;0.00031798;0.0024822;0.0037056;0.0039;0.0029936;0.0019264;6.3785E-05;0.0011955;0.007171;0.0058333;0.0022343;0.043285;0.0040287;0.028859;0.038332;0.0041341;0.0028368;0.0062258;0.013866;0.0054473;0.043609;0.020791;0.03259;0.0011703;0.00064897;0.0033285;0.00077667;0.021042;0.0054893;0.0045042;0.033037;0.025404;0.0022171;0.0015864;0.040666;0.007111;0.00089904;0.021404;0.0012434;0.00039095;0.043538;0.0028368;0.034559;0.0029404;0.0061752;0.042243;0.035205;0.042263;0.04115;0.042764;0.038626;0.017861;0.033951;0.0034559;0.0028476;0.0056108
27;2.6383;438.93;2;0.85;0.5;50;50;Euclidean(Summation);0.0057599;0.010051;0.0018726;0.0005014;0.01411;0.0030961;0.00034285;0.0042409;0.004016;0.0058235;0.0001081;0.0078493;0.0032563;0.0028392;0.00070392;0.0013137;0.0059008;0.007913;0.010545;0.0010643;0.0020353;0.0013557;0.00063263;0.0049327;0.0017041;0.0028468;0.0034774;0.0025197;0.002641;0.0017722;0.0073192;0.0018239;0.0026781;2.1757E-05;0.013403;0.0047281;0.0035633;0.0071213;6.3981E-05;0.0087271;0.0046935;0.0015473;0.00278;0.0041576;0.00084304;0.0020709;0.013141;0.005571;0.0016016;0.0035858;0.028815;0.043173;0.004085;0.0057708;0.044046;0.0068878;0.027771;0.03474;0.011228;0.0040185;0.03953;0.021494;0.00086188;0.003063;0.0074382;0.0016914;0.013861;0.041547;0.034229;0.037509;0.028665;0.026887;0.00078817;0.0014102;0.0011948;0.0014655;0.033938;0.045274;0.002964;0.0037006;0.0048114;0.00075746;0.00055028;0.0045104;0.0061824;0.042951;0.0023086;0.04432;0.034182;0.023753;0.041214;0.00018897;0.0017884;0.0042611;0.0016172;0.023888
28;2.6635;0.35753;2;0.85;0.5;50;50;Euclidean(Median);0.0030004;0.00092088;0.0053565;0.0040524;0.0032039;0.00083137;0.0014258;0.0062075;0.0088824;0.0033527;0.00060502;0.0055086;0.0019904;0.0027774;0.0026606;0.0021932;0.0049501;8.1316E-05;0.0020015;0.0021458;0.0072781;8.7018E-05;0.00019259;0.0029701;0.0064455;0.002235;0.00087308;0.0013095;0.0017848;0.0039066;0.014573;0.010385;0.0040139;0.0009325;0.0034662;0.00268;0.0031646;0.0082119;0.0014885;7.2944E-05;0.0089809;0.0070981;0.0021546;0.00036641;0.0038912;0.00019521;0.0058732;0.0012699;0.00036535;0.041771;0.0040167;0.0090766;0.00030647;0.039585;0.029156;0.0049513;0.025469;0.040917;0.0023695;0.038029;0.038885;0.0024736;0.0024677;0.010404;0.027667;0.0041573;0.011071;0.04004;0.036673;0.0025139;0.019295;0.0083236;0.0015868;0.00088566;0.010897;0.0062329;0.0046131;0.044076;0.0017898;0.010711;0.0024342;0.00017829;0.042214;0.0024443;0.0026856;0.044131;0.03247;0.041706;0.042359;0.0015043;0.0028387;0.043637;0.0040024;0.040699;0.0062168;0.0016543
29;2.6689;0.35696;2;0.85;0.5;50;50;Euclidean(GeometricAverage);0.00068063;0.002246;0.0049978;0.0036786;0.0042363;2.3969E-05;0.00080368;0.00033538;0.00646;0.0013245;0.0015606;0.00047837;0.004156;0.0052345;0.015497;0.0031036;0.0007529;0.0015162;0.0066723;0.0002097;0.000186;0.0012041;0.0051435;0.0071715;0.0035548;0.012616;0.0064614;0.0020672;0.0014597;0.0014782;0.0028177;0.0028108;0.0044012;0.002292;0.00045652;0.0012505;0.024887;0.0042002;0.0085604;0.0042173;0.0017284;0.0031249;4.1472E-06;0.001801;0.0033766;0.0038515;0.041143;0.0027018;0.0011255;0.00037471;0.0095224;0.04589;0.013258;0.037031;0.0015954;0.0014141;0.0029685;0.0051195;0.0082268;0.035047;0.04806;0.046047;0.0054772;0.00066627;0.02529;0.037206;0.0015134;0.0063215;0.0030212;0.0031244;0.00025101;0.0021075;0.005102;0.0035164;0.037698;0.010738;0.0047971;0.041237;0.0013591;0.040869;0.00073963;0.003935;0.0058961;0.0014091;0.017038;0.034532;0.041198;0.046577;0.03354;0.0018424;0.045875;0.049066;0.00060183;0.0023401;0.0016721;0.008826
30;2.6971;0.36205;2;0.85;0.5;50;50;Euclidean(Median);0.00105;0.0037528;0.0022813;0.0010971;0.0020475;0.0063516;0.00031784;0.0012104;5.0953E-05;0.0024089;0.0025433;0.0025796;0.0056072;0.0027195;0.009092;0.0031218;0.00011318;0.0068371;0.0011137;0.0079209;0.0023556;0.014188;0.003079;0.019556;5.6367E-05;0.00058103;0.0067789;0.00080453;0.0038935;0.003724;0.0018691;0.0022441;0.00076547;0.0015203;0.00097139;0.0025724;0.00058398;0.010552;0.00089348;0.0041519;0.0012142;0.01681;0.00059575;0.0013529;0.0016525;0.0029754;0.014654;0.009567;0.001868;0.0040253;0.00019493;0.043149;0.016702;0.041593;0.043284;0.034568;0.041802;0.043206;0.0079032;0.00091999;0.040031;0.0016261;0.0028942;0.032868;0.0023463;0.031974;0.00041984;0.040707;0.0011801;0.0021016;0.043017;0.00050009;0.0021141;0.0056698;0.0015543;0.012802;0.036355;0.04308;0.0052061;0.0026767;0.00015082;0.0010633;0.0029643;0.0023452;0.00047139;0.029369;0.041896;0.040502;0.034005;0.0098638;0.034626;0.00025596;0.0060796;0.0055966;0.00023339;0.010057
31;2.7411;0.36662;2;0.85;0.5;50;50;Euclidean(GeometricAverage);0.0013322;0.00038813;0.0015074;0.0074139;0.00084302;0.0031644;0.0071882;0.0031965;0.00022354;0.00088161;0.0019351;0.0016867;0.0022702;0.0097431;0.001928;0.006923;0.0057795;0.0012302;0.0045573;0.002369;0.00015033;0.0021485;0.000896;0.0057343;0.022777;0.0032061;0.0052133;0.00056123;0.0016171;0.0058159;0.0070807;0.0021346;0.0057259;0.0024229;0.00026716;0.00033031;0.0039586;0.010974;0.0037442;0.0033172;0.0032846;0.00062594;0.00010668;0.0062408;0.0048301;0.0061645;0.0054897;0.00076288;0.0059528;0.024097;0.0014467;0.02158;7.98E-05;0.0079078;0.044207;0.0013398;0.0011887;0.0026547;0.0064517;0.035458;0.044241;0.0044524;0.0012875;0.00046295;0.0011219;0.00070903;0.0021489;0.046694;0.035779;0.0032658;0.0016358;0.038051;0.036352;0.0079014;0.0044757;0.0023661;0.0010022;0.048062;0.0023675;0.046605;0.042762;0.038218;0.0038562;0.012284;0.020723;0.0045049;0.048162;0.048468;0.00015575;0.02588;0.045577;0.010084;0.013843;0.01041;0.00034709;0.013238
32;2.823;0.3834;2;0.85;0.5;50;50;Euclidean(Average);0.0038806;0.00019794;0.0014996;0.0021189;0.0078787;0.0010475;0.0070863;0.0059513;0.012683;0.0022523;0.00066151;0.009054;0.017874;0.0017736;0.007005;0.0024555;0.0085193;0.0015594;0.0021517;0.0025411;0.01189;0.001059;0.0090041;0.0033851;0.0011701;0.0022339;0.0034577;0.002082;0.0017566;0.0023236;0.0028673;0.0030482;0.0023488;0.0035235;0.0067885;0.0010136;0.0037591;0.0031002;0.0011335;0.0070057;0.0085608;0.0075517;0.00045854;0.0024993;0.0022119;0.0066073;0.0051837;0.0042594;0.0075932;0.0054423;0.0015861;0.042214;0.00042818;0.0048345;0.046524;0.013009;0.00028369;0.017489;0.0086201;0.012331;0.043985;0.0037992;0.0018118;0.004887;0.00037332;0.0023644;0.0052689;0.044412;0.0021023;0.0021815;0.0037831;0.036121;0.0011583;0.0017729;0.031428;0.0022527;0.00062607;0.039725;0.00066158;0.031845;0.0012257;0.00214;0.043005;0.0082236;0.005399;0.047218;0.043333;0.046184;0.023096;0.016445;0.040355;0.045572;0.0058043;0.040583;0.00097629;0.0010503
33;2.9383;0.39905;2;0.85;0.5;50;50;Euclidean(Average);0.0002941;0.0048373;0.0071516;0.00092524;0.0034412;0.0041621;0.0011214;0.00087479;8.8578E-05;0.0063036;0.0059905;0.0011566;0.0012035;0.0029578;0.0045617;0.0039764;0.00058923;0.0061667;0.014279;0.0018006;0.002035;0.0013578;0.0010616;0.0030754;0.0012815;0.0078301;0.00010849;0.011278;0.0058462;0.013445;0.0051297;0.0030305;0.0021551;0.0078522;0.0059422;0.0069289;0.0071246;0.0007954;0.0087855;0.003821;0.0009351;0.0027476;0.0063225;0.00014086;0.0080664;0.0077623;0.00068741;0.010413;0.0014422;0.0028076;0.014548;0.048598;7.6424E-05;0.00068279;0.0024781;0.008868;2.7724E-05;0.010531;0.0013069;0.0021606;0.053525;0.030594;0.042833;0.0010171;0.00035911;0.017835;0.011403;0.047278;0.006398;0.010868;0.051262;0.034623;1.2656E-05;0.0018806;0.0054517;0.0075882;0.001224;0.052257;0.0058374;0.023667;0.027148;0.00012599;0.00013634;0.013974;0.011523;0.018406;0.0055529;0.05354;0.0081907;0.012625;0.054943;0.05346;0.00073812;0.001913;0.01878;0.011661
34;4.2787;0.045399;2;0.85;0.5;50;50;Euclidean(MinimumTimesMedian);0.0014364;0.0055254;0.0030333;0.0010784;0.0014682;0.00032767;0.00039264;0.00042765;0.0013502;0.0041063;0.0022561;0.0062266;0.0034523;0.0048131;0.0027813;0.004247;0.0079866;0.0069166;0.0029175;0.0031922;0.00080544;0.0014857;0.0014621;0.0034734;0.0050576;0.001954;0.0049635;0.00081209;0.0025104;0.0059294;0.0012463;0.0026136;0.0027135;0.0036578;0.011;0.0015495;0.0014057;0.0037639;0.0092725;0.0002217;0.001055;3.4522E-05;0.0077516;0.002454;0.011889;0.0068171;0.007007;0.0038652;0.00024708;0.011732;8.3279E-05;0.015185;0.0082008;0.030819;0.00069968;0.0088159;0.029377;0.0054292;0.021438;0.027235;0.028159;0.0023887;0.025016;0.019804;0.018727;0.021579;0.027807;0.029611;0.028234;0.0074354;0.025068;0.01699;0.0002187;0.0019742;0.00086464;0.018241;0.030577;0.025673;0.0025124;0.0027342;0.031701;0.029868;0.020546;0.026784;7.4712E-05;0.031032;0.0021181;0.028728;0.010511;0.023695;0.028825;0.029494;0.024663;0.0077909;0.014193;0.026393
35;4.5617;0.048401;2;0.85;0.5;50;50;Euclidean(MinimumTimesMedian);0.00021023;0.0019743;0.0050977;0.0024203;0.00040157;0.0035249;0.0033063;0.0018258;0.0055109;0.00090059;0.0051597;0.0032202;0.00040762;0.0045984;0.0024636;0.0023148;0.0032417;0.0016292;0.012198;1.395E-05;0.00041787;0.0020714;0.00064471;0.0014314;0.0017702;0.010722;0.0059682;0.0027342;0.0095166;0.01563;0.00057042;0.0020319;0.0010753;0.007429;0.0016052;4.1913E-06;0.0035192;0.021148;0.0039354;0.0027592;0.0040597;0.0018064;0.0016349;0.0033109;0.00031977;0.0043912;0.00022718;0.0032328;0.0056461;0.030613;0.0030057;0.024565;0.0018835;0.024909;0.023696;0.021895;0.013932;0.028517;0.0010683;0.031779;0.028479;0.031783;0.031966;0.0011452;0.015179;0.031195;0.0039145;0.0032292;0.0069535;0.027988;0.024875;0.00017718;0.0026291;0.014958;0.0077136;0.00035221;0.024981;0.030903;0.0067558;2.2802E-05;0.028904;0.030329;0.0024467;0.027243;0.02571;0.027429;0.0011409;0.031928;0.010659;0.01381;0.031924;0.02985;0.013969;0.028591;0.00038229;0.014587
36;4.5894;0.048695;2;0.85;0.5;50;50;Euclidean(MinimumTimesMedian);0.0021974;0.0047541;0.0019475;0.0079204;0.0050993;0.0044909;0.0029528;0.0054918;0.0020386;0.0091336;0.00038562;0.0059807;0.0018494;0.0042846;0.0017112;0.0052702;0.0056159;0.0041937;0.00057781;0.005572;0.0093377;0.00018838;0.00069598;0.011217;0.00024452;0.0042449;0.0024688;0.0073918;0.0011054;0.002219;0.0015318;0.0081684;0.0033648;2.2714E-06;0.0021043;0.0018765;0.00099906;0.0032332;0.0027354;0.0053247;0.0022295;0.0013355;0.0046106;0.0079894;0.001572;0.0020078;0.0028972;0.0044646;0.03069;0.03213;0.0048939;0.027791;0.0024193;0.033201;0.028442;0.032227;0.021664;0.022938;0.0046118;0.031315;0.030707;0.022941;0.007557;0.023508;0.033619;0.027162;0.016023;0.031443;0.0073473;0.0012188;0.0043339;0.002068;0.0084036;0.030227;0.00035464;0.0045943;0.031656;0.032665;0.0029238;0.003094;0.0010689;0.031507;0.006944;0.018286;0.0017454;0.0040091;0.0059143;0.032221;0.0005359;0.0018999;0.032941;0.033983;0.029033;0.011302;0.004151;0.013264
population
1;0.01255;0.0063302;0.0020984;0.019792;0.021947;0.0090332;0.026385;0.012875;0.0041637;0.0078042;0.0057257;0.015102;0.016517;0.0012191;0.0012228;0.0059378;0.0013974;0.0094522;0.028092;0.0062144;0.00010939;0.0041717;0.014558;0.0041203;0.017971;0.057475;0.0063537;0.0090806;0.0010846;0.0011178;0.0063642;0.019082;0.0083176;0.00518;0.0024685;0.020914;0.014821;0.0068224;0.0088598;0.0046654;0.0094281;0.017767;0.024784;0.044584;0.0015091;0.024354;0.0077834;0.00050355;3.3793;0.19653;0.0081674;0.082863;0.51627;0.30921;0.19034;2.4996;0.043161;0.65126;0.012819;0.00053509;0.17485;1.4884;0.89743;0.1607;0.13972;0.89946;0.0035439;0.471;3.143;0.059334;0.022435;2.0339;0.16419;3.3905;0.063294;0.10926;1.8788;0.027911;0.00092268;3.9348;0.00084877;0.13723;0.038763;1.7371;0.16778;1.602;0.029074;1.2467;0.52725;4.5243;0.59134;2.5445;2.393;0.015095;1.1353;0.00051978
2;0.015698;0.0081894;0.00092156;0.014001;0.0055654;0.0027567;0.019749;0.0033563;0.0048388;0.0083297;0.027774;0.0017324;0.025427;0.00018052;0.0071025;0.0065244;0.0043326;0.011756;0.014714;0.00039103;0.050855;0.003027;0.0049342;0.015179;0.010644;0.0096818;0.034054;0.012007;0.0067053;0.0040431;0.0031196;0.032117;0.0093962;0.013681;0.019776;0.025844;0.0014386;0.0023398;0.029703;0.0036766;0.0071343;0.0012501;0.011246;5.3851E-05;0.016666;0.019733;0.01812;0.0063019;0.26836;0.42944;0.8004;1.7457;0.18239;2.8929;0.5262;0.31782;2.1274;0.46819;0.24384;0.89374;0.1196;5.8811;1.0644;0.0037214;0.21853;0.38238;0.34998;1.8299;0.7691;1.0818;0.21989;0.22212;0.61722;0.10363;0.53231;1.0875;0.0064017;0.56764;1.1989;0.27018;1.0084;3.1365;3.0592;0.92315;0.90444;0.30333;0.81407;3.0389;3.206;3.1164;0.17018;0.090231;0.10124;2.0864;0.91518;0.96439
3;0.0081237;0.0025314;0.027716;0.0021781;0.0013859;0.007009;0.014556;0.0062179;0.017047;0.0038872;0.011979;0.020907;0.014362;0.0054644;0.0021546;0.0068081;0.0066091;0.014903;0.0034378;0.0097553;0.013821;0.015384;0.022238;0.0099851;0.0043669;0.02871;0.0035278;0.0044927;0.01886;0.0093554;0.00059114;0.008864;0.0022451;0.0057735;0.019793;0.0066563;0.010752;0.021092;0.0087046;0.028304;0.010677;0.019689;0.0066583;0.0085235;0.034151;0.00091222;0.0017983;8.6926E-05;0.056699;0.10825;0.55619;0.072634;0.069778;0.69018;0.85282;3.1814;0.089676;0.098074;1.3313;0.34897;1.0641;1.4592;5.3553;3.1697;0.61365;0.87318;0.12182;3.8818;1.106;2.01;0.69871;0.00012865;0.75973;0.099587;0.0023845;0.022265;0.00046596;3.7886;1.6289;2.5724;0.10242;1.0116;0.33891;0.44769;0.014694;1.0715;1.3059;0.001492;5.9924;0.025111;6.2313;0.18855;0.011417;0.18929;2.3293E-06;4.3503
4;0.0037403;0.012478;0.042138;0.0041754;0.015117;0.011691;0.010578;0.018316;0.020471;0.0043656;0.026721;0.048525;0.0078624;0.017397;0.0041337;0.0031646;0.018037;0.022007;0.0037434;0.005013;0.022734;0.0030804;0.013551;0.0037555;0.0030453;0.011979;0.012147;0.0066301;0.0023664;0.0065508;0.0040309;0.013194;0.010238;0.053284;0.025834;0.010866;0.012641;0.010408;0.017589;0.0056945;0.073944;0.0027011;0.0018644;0.030996;0.0067724;0.020594;0.0037174;0.0047321;0.18409;3.0972;0.83746;1.9405;4.1815;0.44456;0.22765;2.1599;5.3748;0.065946;0.19497;2.5654;0.96468;2.5632;3.7358;1.0634;0.32749;0.00692;0.077198;2.4746;0.11233;1.1254;3.909;0.80264;1.1425;0.20102;0.45756;0.00012101;0.85746;0.53858;1.4378;4.0415;0.011079;0.94047;0.60767;2.34;1.4312;1.4486;4.627;2.0843;0.94551;0.01648;1.2212;1.042;0.24086;0.14367;0.0017324;0.58307
5;0.02929;0.0068274;0.040435;0.0045285;0.037675;0.010566;0.0033323;0.0083918;0.011219;0.024537;0.019093;0.071383;0.044287;0.015531;0.0004285;0.018605;0.00018261;0.011853;0.019842;0.030656;0.024133;0.034201;0.0091836;0.0046565;0.010781;0.0050314;0.0096898;0.0016313;0.0064333;0.0079462;0.0035505;0.0099352;0.00030314;0.031696;0.015307;0.0034737;0.031978;0.016541;0.0027721;0.0045553;0.0046377;0.00087102;0.037916;0.0053804;0.010793;0.00013934;0.016023;0.0032589;0.13403;0.36246;0.31994;0.15685;0.49226;0.64381;0.41717;0.8439;0.062793;0.16054;0.15471;2.2999;0.50201;0.026119;0.67181;1.3354;4.2835;0.10208;0.11381;0.080862;0.00795;1.5906;3.814;0.0017377;0.976;0.0077042;0.0013494;0.83213;3.8283;2.0442;0.41159;0.099057;2.9111;1.2954;0.071085;1.7593;0.00029567;0.25278;6.1816;3.0608;0.34208;1.1284;0.083202;8.0475;0.29506;1.5425;0.040543;0.028608
6;0.010826;0.00028096;0.0075478;0.028253;0.0067176;0.008974;0.0056894;0.0051918;0.031778;0.0027172;0.0054258;0.0026135;0.0031656;0.017517;0.036604;0.022585;0.0025863;0.0086064;0.0080141;0.0080157;0.018557;0.0067946;0.0042047;0.049191;0.036907;0.0031868;0.011703;0.011232;0.0045038;0.01991;0.020813;0.008398;0.0062929;0.0054198;0.0086959;0.0029973;0.0045057;0.0047568;0.005682;0.012469;0.0057147;0.014499;0.031415;0.044229;0.0095793;0.0064429;0.0072021;5.4573E-05;1.3832;0.022438;2.4977;0.52779;0.055432;4.7734;0.0075566;0.2911;0.47548;4.0804;0.046522;1.9064;0.49755;0.060267;0.80828;0.3731;0.13548;0.21226;0.71068;5.808;0.0024525;0.0095622;8.6843E-05;1.1225;7.6857;0.077148;0.6677;0.63023;0.24602;0.041154;3.1227;0.23029;0.42042;0.070221;0.0020829;0.50378;0.09208;0.30787;0.094135;0.45989;0.30055;0.0061735;2.0729;0.48593;0.77735;2.2033;0.10109;1.1344
7;0.014345;0.0069195;0.033151;0.016376;0.010563;0.0046393;0.0093446;0.0017239;0.00055469;0.00089755;0.017436;0.0049055;0.029262;0.0099325;0.025143;0.014619;0.006146;0.0014932;0.00145;0.0022625;0.0079448;0.02143;0.016621;0.0076158;0.0049944;0.0091349;0.027339;0.017829;0.00298;0.0040815;0.00048331;0.03263;0.0020517;0.0054037;0.008461;0.0011006;0.0036431;0.00027557;0.0086957;0.0007943;0.015268;0.018795;0.012134;0.0094208;0.00080802;0.0049307;0.011383;0.0030031;0.0059829;0.017725;1.3779;0.96004;2.4164;4.2665;0.064009;0.91832;0.078806;0.52117;0.45729;0.93464;1.012;0.0016033;3.1154;0.34981;1.8831;0.018328;0.062561;0.53691;0.16027;2.7089;0.003003;0.015137;1.15;0.31155;0.15596;0.47478;0.10552;0.74258;0.39863;0.2097;1.38;0.017308;0.062377;1.0346;0.141;6.7888;0.11244;0.86871;0.058339;5.2455;0.65819;2.1322;1.1811;0.40015;1.9199;0.63377
8;0.012958;0.025199;0.0091416;0.041843;0.024354;0.0011789;0.0046364;0.027902;0.005811;0.0074266;0.0022615;0.0042279;0.0065448;0.012208;0.0035155;0.0086151;0.0035019;0.0053083;0.004154;0.0022541;0.01428;0.0011234;0.0010891;0.011359;0.018129;0.0014648;0.001975;0.0059749;0.017331;0.013726;0.0080542;0.0035268;0.0035616;0.036372;0.0081538;0.003085;0.016672;0.0089095;0.015149;0.019244;0.0017693;0.037406;0.016738;0.0052473;0.0037608;0.0083348;0.056911;0.01153;0.072002;2.0132;0.20126;0.0078941;0.69857;0.65583;0.23351;0.33221;1.0977;0.69947;0.36811;3.096;2.5439;0.55284;1.2649;0.26778;2.0985;0.041536;0.029066;0.78795;1.0058;0.42299;0.00044758;0.48297;3.1191;2.2573;0.54398;1.2799;1.4607;0.24354;0.069933;3.3918;0.0037789;4.8653;0.31555;0.024975;4.8099;0.0039344;0.042319;0.91242;0.49708;0.22365;0.070245;1.1272;0.2659;0.025797;2.614;0.11773
9;0.018645;0.038334;0.0018436;0.0045932;0.011446;0.0061932;0.0038051;0.00161;0.0097905;0.027965;0.0022291;0.0091438;0.0010562;0.0087447;0.0046706;0.015906;0.019859;0.0081712;0.0043176;0.031386;0.011685;0.00063777;0.028825;0.0087868;0.00027708;0.020716;0.0034388;0.0081769;0.0046421;0.011907;0.024463;0.010943;0.041373;0.0094787;0.01205;0.0129;0.021064;0.019045;0.00010076;0.011931;0.0036787;0.029837;0.0073651;0.0019413;0.014375;0.055826;0.012703;0.030177;3.0788;0.14769;1.0878;0.15001;0.045104;0.21094;0.017255;0.39148;1.1134;0.99135;0.72474;0.08646;7.9828;0.10446;0.096715;0.036417;0.0013709;0.12195;0.71626;0.21445;0.21859;1.2721;0.0013506;2.6166;0.032246;0.16505;0.57743;0.44623;0.0017025;0.56655;0.52471;2.2739;1.3913;0.0085899;0.066701;0.33402;0.016118;0.70407;1.441;0.59625;0.0094004;2.9222;0.39641;4.2505;0.24278;0.045672;0.94624;0.084597
10;0.01053;0.0010652;0.023031;0.0060944;0.0001441;0.023837;0.0044472;0.0028378;0.0041188;0.0057667;0.0040153;0.020733;0.0027322;0.00024028;0.0096785;0.020547;0.00047679;0.010311;0.026047;0.0080563;0.02434;0.0095657;0.0059594;0.0089346;0.005024;0.025075;0.0010395;0.015588;0.0014033;0.0098135;0.0064987;0.021847;0.0085166;0.012898;0.094401;0.0011238;0.021332;0.0046084;0.00081388;0.015838;0.0035512;0.010209;0.0081729;0.0033477;0.00073659;0.00068702;0.00037622;0.021995;0.38455;0.36071;0.38484;0.012931;0.075943;3.8287;0.13737;0.1449;5.6035;0.79736;2.2512;3.3989;0.069483;0.048125;0.2197;0.26639;0.92175;0.2282;1.5516;5.0886;0.12806;1.9649;0.090088;1.3966;2.4792;2.227;0.60493;3.0077;2.334;2.0136;0.92177;1.9375;0.50043;1.5283;1.5637;0.46246;0.049353;0.019313;0.5644;1.3635;1.7861;1.9546;1.5158;0.56705;1.3619;0.056303;0.241;0.012461
11;1.9915E-05;0.0086774;0.00056922;0.0015116;0.011527;0.0029301;0.0052171;0.01446;0.01044;0.0067119;0.01807;0.0021327;0.024018;0.0079781;0.0073297;0.001852;0.01951;0.007348;0.0015933;0.0065638;0.018892;0.011956;0.0013116;0.0063635;0.0069884;0.00035269;0.0086331;0.026309;0.01431;0.012054;0.0081225;0.0069604;0.0076419;0.0051943;0.0016261;0.011126;0.011706;0.0030298;0.0053164;0.025766;0.0055659;0.011267;0.0023503;0.0068384;0.0055618;0.015861;0.0020882;0.013431;0.01237;0.015605;0.12728;0.57855;0.47347;0.43954;0.30542;0.70074;0.86708;4.3277;0.7696;8.033E-06;0.76543;4.6123;0.38111;0.44864;0.0079904;0.30497;2.2409;0.027544;0.0058003;1.009;0.83199;1.3474;0.49306;0.007932;0.9528;0.010283;0.62897;0.75043;0.1158;0.00042214;1.7244;0.066283;3.0629;3.6255;0.014188;2.9846;0.18682;1.3135;0.48237;0.0028298;0.0018944;0.01439;1.4402;2.1055;1.9841;1.1413
12;0.0031894;0.017006;0.019716;0.0052204;0.0033065;0.021734;0.020947;0.0075156;0.03678;0.007993;0.004329;0.0010817;0.021757;0.013007;0.027643;0.0043328;0.023713;0.00012925;0.015212;0.0023131;0.0014958;0.0041802;0.0096002;0.0044898;0.024922;0.0026041;0.0012668;0.028306;0.0097851;0.0092006;0.026389;0.0081929;0.010972;0.0089167;0.026358;0.00024673;0.006141;0.028417;0.0029266;0.018842;0.020353;0.0068021;0.002686;0.008813;0.032835;0.0052687;0.0056795;0.00065019;0.31627;2.1154;2.9559;0.29887;1.5482;0.0084726;2.9835;2.0602;0.78651;0.63386;0.28945;0.0013341;5.5253;0.072919;0.028563;0.07858;0.14655;1.0002;1.4079E-05;5.8074;1.141;0.12597;0.10926;1.2861;0.41115;0.012097;0.46581;2.162;2.4969E-07;5.7652;2.9452;0.11905;0.23807;1.2345;0.37098;0.35028;1.1123;0.29513;0.0011474;0.75935;0.89687;0.97431;2.18;0.01836;1.7083;0.26972;1.3483;0.24534
13;0.0078038;0.01279;0.0080751;0.015263;0.0014175;0.041073;0.010333;0.00045821;0.017625;0.017536;0.022566;0.0090608;0.01769;0.011962;0.040647;0.0028899;0.0050192;0.0015984;0.022014;0.0076484;0.024143;0.0015739;0.032224;0.0055329;0.0046934;0.010324;0.029437;0.010568;0.015928;0.0015432;0.0079839;0.0092333;0.016605;0.00088765;0.0054948;0.01271;0.0075394;0.023192;0.025157;0.019457;0.00054398;0.03389;0.0089402;0.013172;0.0084282;0.011285;0.008634;0.021579;0.51684;0.24722;0.38349;2.3579;0.0059441;0.70682;4.7691;2.0799;0.38885;0.37772;0.1788;0.002719;1.2963;2.6083;0.018393;0.26539;0.052314;0.45846;1.108;0.38178;3.8273;0.021622;0.0023456;2.2121;0.81101;0.38101;0.0016916;0.6083;3.3856;1.854;0.6123;1.3896;0.094794;0.80129;1.6524;0.39464;0.26063;1.1824;1.3635;1.0066;0.47818;0.203;0.00026754;3.3758;0.054017;0.24655;0.00050615;1.3513
14;0.029032;0.028179;0.0010714;0.010413;0.022309;0.01423;0.019406;0.029669;0.0075646;0.0049524;0.0044719;0.017927;0.0042578;0.014957;0.0032003;0.0048758;0.011733;0.0033465;0.0048946;0.0041693;0.0095161;0.018446;0.0033769;0.002504;0.013824;0.013241;0.023485;0.033034;0.0015024;0.0055284;0.030485;0.00070687;0.031336;0.0073133;0.0089189;0.0011459;0.0060862;0.010059;0.019275;0.0036268;0.0023831;0.010877;0.0028843;0.0023607;0.00040466;0.0063701;0.014802;0.0018925;0.26247;0.45656;0.1288;0.10578;0.10589;0.051294;0.25441;0.69299;0.36932;2.9343;0.28956;0.73544;3.4199;0.30257;0.5228;0.062595;2.5904;1.1441;0.64605;0.37184;0.80531;0.60204;0.1112;0.4384;0.6195;1.4892;0.097083;0.78989;0.07836;4.4811;0.16228;0.59077;3.151;1.2902;0.71646;1.7516;0.0082943;2.8091;1.2336;0.00035011;1.4507;0.045716;0.42061;0.391;1.5358;0.25301;0.45406;0.06444
15;0.0092504;0.0014075;0.011367;0.00078955;0.027351;0.028794;0.00017202;0.00077618;0.0036455;0.0072777;0.010682;0.013191;0.0014601;0.013955;0.022509;0.025447;0.040824;0.015205;0.027539;0.0064383;0.019838;0.0073071;0.0078525;0.0026451;0.016297;0.010654;0.0033892;0.032235;0.0028999;0.013132;0.0087381;0.0010089;0.0061644;0.013867;0.0016587;0.026668;0.0016237;0.00033417;0.0035584;0.00059678;0.0026167;0.0039614;0.022879;0.0082958;0.003464;0.0079143;0.019091;0.0031858;0.65233;1.5491;0.43874;1.0575;0.1755;2.8458;0.20279;1.3022;0.048699;0.025084;0.043737;2.5541;0.21364;0.27382;0.034415;0.32952;0.15866;0.17992;0.72328;1.6612;0.066539;0.19252;0.02444;0.24195;0.021335;0.23899;3.054;0.56726;0.091621;0.32007;0.0067976;0.5418;0.61177;0.03117;1.0246;0.1204;0.069799;1.2182;0.13668;5.5464;0.044734;0.012374;1.0411;3.2384;0.83055;0.2504;0.036919;0.18233
16;0.012671;0.021558;0.059926;0.0021948;0.014158;0.006242;0.0077438;0.001132;0.026122;0.0048634;0.01939;0.0030892;0.0045127;0.012388;0.0044928;0.0051296;8.4567E-05;0.04829;0.016835;0.0031591;0.0019321;0.0016398;0.0090783;0.0062145;0.0026381;0.0019175;0.023517;0.014284;0.025671;0.0045173;0.0042097;0.0025373;0.0091608;0.003792;0.00013505;0.027549;0.024981;0.0013575;0.0066638;0.025551;0.0044016;0.022572;0.017796;0.031331;0.012671;0.011574;0.013072;0.027146;0.01344;0.10489;0.88171;0.33039;0.18714;1.2371;0.20531;3.3678;0.10017;1.2093;0.0039609;0.054274;0.010243;0.45622;1.2282;1.5114;1.4102;0.011066;0.091262;1.4674;0.042408;0.44888;1.2108;0.60544;0.23553;1.9144;0.66603;0.9952;1.8625;0.60643;0.92202;0.014919;0.84049;1.3555;0.0034021;0.31466;0.22118;0.34467;0.00025326;4.179;1.5725;0.26673;0.26863;0.30215;0.25644;0.2657;1.5169;0.91235
17;0.016493;0.056007;0.0018826;0.00099693;0.0081453;0.0037053;0.010322;0.053402;0.017037;0.005417;0.0094149;0.011994;0.0076506;0.00035206;0.018657;0.016867;0.01246;0.021994;0.0024786;0.027876;0.0074133;0.0050837;0.0089301;0.025255;0.0086515;0.010931;0.019676;0.023245;0.0093626;0.0029492;0.0035629;0.043092;0.013811;0.00074379;0.041715;0.010187;0.0031025;0.0024679;0.0046162;0.014751;0.0036582;0.014069;0.0014704;0.0063184;0.0013919;0.0028375;0.011086;0.02259;0.077595;0.21175;0.78636;3.7741;0.17934;2.203;4.2134;0.0072701;0.59777;1.1228;0.33681;0.0089902;0.00078249;0.15676;1.2691;4.0854;0.37183;0.064211;1.3769;0.0042563;0.13227;0.034166;0.71318;1.3131;0.6681;0.18447;0.38247;0.16365;2.4753;0.01119;2.4286;0.039008;0.40511;0.86682;0.0075628;0.81426;1.4266;4.1637;2.4563;1.1729;0.016657;0.042864;0.54669;1.0765;0.021243;1.9443;2.807;0.44601
18;0.0022417;0.0029209;0.012;0.031426;0.055107;0.0095915;0.033761;0.0028578;0.0072847;0.01476;0.004478;0.041921;0.046412;0.013798;0.0075404;0.0065355;0.026014;0.02813;0.036291;0.018047;0.0042068;0.010658;0.01612;0.00055265;0.0051724;0.007779;0.021999;0.0037266;0.0090541;0.0020626;0.041658;0.00212;0.03085;0.0054206;0.0017083;0.012461;9.8273E-05;0.0013376;0.00039161;0.016692;0.025699;0.0020555;0.021145;0.01178;0.016573;0.0055387;0.0063038;0.012728;0.57506;0.001277;0.18496;0.011793;0.2311;0.00124;0.46383;0.28386;2.5108;0.048311;3.1384;1.6923;3.1885;2.265;0.022049;0.69431;1.237;0.62673;0.050483;0.34416;0.13138;0.51779;0.49904;1.6454;0.16596;0.088579;0.059418;0.70075;0.17923;0.054394;1.0742;0.01275;5.6933;2.1688;1.0249;0.015056;0.1049;0.25494;0.002226;0.67922;0.5041;1.2852;0.94134;0.19264;0.47055;0.0036296;0.078691;1.2111
19;0.0024497;0.0064067;0.0060459;0.0005484;0.023718;0.0024268;0.010152;0.005581;0.013871;0.023075;0.0054223;0.0095256;0.014138;0.0027646;0.027379;0.0055262;0.0045105;0.0063005;0.015476;0.0040827;0.0045904;0.0094281;2.7114E-06;0.06488;0.045554;0.0053785;0.0059096;0.0085004;0.027027;0.0037212;0.0017109;0.0049229;0.015114;0.013067;0.0031629;0.019146;0.0012787;0.0083052;0.057301;0.0013251;0.006288;0.013666;0.0010609;0.015074;0.060154;0.053122;0.0041807;0.0044205;0.44225;0.07902;0.077633;5.6545;0.10523;0.52471;0.007492;2.2053;1.218;0.7109;0.13063;1.5594;0.059851;0.26776;1.3383;0.24534;0.54203;0.045521;0.17693;4.7606;0.016174;0.0018513;1.5025;0.53283;0.083864;0.19733;1.0451;0.16899;2.5408;0.011853;3.9141;0.15936;0.2492;3.0373;1.1107;2.6048;2.3469;0.36921;3.7364;10.331;1.547;0.067494;1.0037;1.1348;0.034483;1.5503;0.21465;5.0521
20;0.00856;0.01445;0.056249;0.0061101;0.0060535;0.0024964;0.041291;0.0082508;0.0043336;0.017169;0.00014103;0.012706;0.036388;0.0045394;0.038979;0.003452;0.0085058;0.020454;0.016498;0.0010128;0.0060461;0.0128;0.015763;0.0039071;0.003482;0.00078259;0.027293;0.00095077;0.0026364;0.014825;0.0094873;0.021969;0.0030966;0.00090359;0.0036523;0.052593;0.0039897;0.0036811;0.00057044;0.0271;0.0038156;0.013721;0.00089529;0.0083037;0.00011321;0.01148;0.029125;0.01458;3.833;1.6311;0.4482;0.49343;0.13164;0.10465;0.15886;1.9508;0.18486;0.35838;0.312;0.73686;4.4538E-05;0.029237;0.42791;1.4386;0.30627;0.090985;1.5329;0.044618;0.46354;0.04201;0.16489;2.8328;1.0448;0.69199;1.8299;0.50628;0.17389;0.14144;0.67764;4.2283;0.16723;0.23954;1.4578;6.9434;2.1501;0.0034063;0.54285;5.1174;1.7297;1.8172;3.8065E-05;1.7751;0.0039701;0.67863;0.0018403;0.036231
21;0.017855;0.0051965;0.00012279;0.00039892;0.031272;0.018475;0.0090699;0.0091653;0.001947;0.017357;0.011576;0.0030228;0.0039128;0.0082858;0.0035089;0.0019437;0.020807;0.0019991;0.0046338;0.012082;0.0055242;0.002633;0.0023421;0.0026259;0.00064157;0.0054015;0.010194;0.0020436;0.016668;0.00439;0.0098957;0.0059156;0.0021678;0.040551;0.0066358;0.029126;0.017789;0.0028973;0.0029279;0.0038334;0.0179;0.00087592;0.019751;0.0039068;0.032505;0.0027588;0.018282;0.013457;1.1471;0.24552;0.11156;0.027778;0.086444;2.5589;0.62903;0.062287;0.56495;0.17402;1.004;0.10371;7.6708;0.26301;0.076398;0.3229;4.4972;1.5514;0.004659;0.97182;1.9678;0.44607;4.5891;0.96773;0.76715;0.068414;0.018441;0.94582;3.984E-06;0.45847;1.5609;4.8576;0.13665;3.0401;0.087708;0.002238;0.019008;0.057986;0.0098665;0.2246;0.00056326;0.28674;0.19403;1.5631;0.17849;0.00083268;0.17963;2.3093
22;0.0024505;0.0024721;0.0025165;0.022161;0.001886;0.028931;0.011165;0.0080703;0.001136;0.013945;0.0083642;0.023421;0.016827;0.013137;0.0084689;0.012455;0.00070963;0.0079839;0.033349;0.016356;0.00039402;0.019143;0.019411;0.016559;0.015918;0.013722;0.013754;0.0068224;0.0010402;0.0096454;0.051557;0.0043144;0.019715;0.0087383;0.00037937;0.00082806;0.038165;0.0019542;0.014491;0.0086806;0.0057526;0.010472;0.012077;0.0084148;0.0024334;0.028204;0.012437;0.0051171;6.091;1.3214;0.58447;0.12399;0.033498;2.2222;0.27651;0.7878;0.36795;0.056831;0.397;2.0353;0.14287;0.058085;2.178;1.4724;3.5598;0.18981;0.62514;3.5039;1.9294;0.0083996;0.004389;0.072486;0.55706;0.30939;0.58361;0.002604;0.018795;0.6435;1.4013;0.061162;0.050159;3.7238;0.036778;1.0159;0.18601;0.3294;1.64;0.32766;0.87824;1.0325;1.3919;0.63901;1.2227E-05;7.475;1.5633;0.015627
23;0.0083714;0.0072747;0.0057795;0.010204;0.022112;8.4048E-05;0.03001;0.00048545;0.018071;0.033729;0.022952;0.011607;0.018301;0.00032248;0.0061194;0.0059031;0.0039791;0.0043775;0.00041719;0.0044189;0.01928;0.0214;0.0029971;0.014551;0.018196;0.010413;0.0015685;0.020835;0.0067991;0.0015864;0.024192;0.0091578;0.0030996;0.0021821;0.021535;0.063573;0.0067888;0.0090348;0.0038221;0.013029;0.0022545;0.01024;0.0084748;0.0092265;0.021403;0.0072448;0.0013096;0.024103;0.055143;0.044055;0.92622;0.35694;0.0069609;0.0012098;0.65621;0.0082994;0.0058562;0.18716;0.12111;1.3537;0.037761;1.1145;0.037024;0.041556;1.4927;1.8965;3.0355;0.072299;0.33095;0.018629;0.10146;0.86693;0.21881;0.55152;0.91375;2.4266;0.68112;1.876;0.21725;0.058704;0.772;3.3882;0.20366;0.71074;0.49499;0.017811;0.21275;2.5727;0.011062;0.24606;0.67427;1.7062;1.8757;0.035588;0.44452;0.35842
24;0.00037576;0.027948;0.014005;0.0063415;0.045299;0.0034694;0.0040245;0.023207;0.0015999;0.0013109;0.012445;0.016102;0.012448;0.010113;0.0082278;0.030723;9.8447E-05;0.0029888;0.013982;0.0056104;0.013789;0.0093254;0.028178;0.016301;0.026191;0.018656;0.0015646;0.0044834;0.0058376;0.018011;0.0094116;0.0022085;0.013835;0.0026904;0.013276;0.01698;0.0053539;0.0084055;0.00071525;0.013074;0.010127;0.012037;0.004642;0.0084891;0.0051379;0.0037355;0.0308;0.02399;0.78219;2.7016;1.4368;0.031023;0.4429;0.18168;0.22194;0.35701;0.72176;4.6794;0.26578;0.43111;0.020525;0.098343;0.5567;1.5336;4.9738;0.083624;0.2015;0.60297;0.004591;0.031694;1.9317;0.11421;0.014786;0.052679;0.16675;0.27272;3.5172;0.077372;0.22135;1.8012;0.14438;0.53766;0.46947;0.019731;0.073483;2.8696;0.24966;0.35923;0.52371;0.15724;0.015563;0.12569;0.02032;3.5025;0.04521;2.6435
25;0.0037283;0.0013206;0.011185;0.0079653;0.00082014;0.00084016;0.024083;0.031957;0.032757;0.01497;0.021519;0.0087144;0.022415;0.016754;0.0099128;0.0082662;0.001293;0.043688;0.0014502;0.016662;0.00020205;0.00025962;0.00084891;0.021648;0.0017262;0.0093847;0.00017869;0.0075442;0.0021959;0.001436;0.0015215;0.012677;0.0042848;0.019196;0.016128;0.040097;0.0011672;0.0086395;0.0063417;0.010489;0.0032554;0.01158;0.022165;0.017786;0.0082988;0.012177;0.001451;0.011662;0.6331;0.30341;0.13298;0.74819;0.7492;0.20204;4.0074;0.25705;1.0665;0.4959;0.0014509;0.6612;0.51158;0.62401;1.5772;1.0194;0.62126;0.042993;0.40976;3.8318;0.036416;0.19855;0.18396;0.085566;0.53544;1.2773;0.15274;4.8876;1.1318;2.7237;0.45746;1.6411;3.0386;0.01945;0.69802;1.8111;1.6438;0.14656;0.65483;0.41825;0.081585;2.4368;0.021484;1.6146;0.74587;0.20734;2.9939;0.1781
26;0.014854;0.0020029;0.013705;0.0030447;0.0088714;0.029182;0.01465;0.019556;0.0035389;0.0012978;0.002747;0.0059504;0.01977;0.0035942;0.0253;0.02128;0.0055296;0.029805;0.020422;0.0076461;0.010183;0.027975;0.010725;0.0075097;0.014414;0.010919;0.051047;0.00045779;0.0081143;0.0045203;0.012602;0.0082389;0.029033;0.0019921;0.0086353;0.029323;0.012455;0.0088547;0.0028154;0.0055923;0.00032565;0.017544;0.0092958;0.00014216;0.0012282;0.038302;0.026604;0.0029242;0.10007;1.5451;1.1035;9.7469;0.020507;0.11287;0.064273;0.76042;0.19385;1.6674;1.5406;1.9446;0.67898;1.8776;2.2163;0.80488;0.5393;0.50837;0.10729;0.20172;0.13471;0.017918;0.56666;7.4441;0.1693;2.5691;0.7614;1.7065;0.43341;1.0063;0.0036523;0.49706;0.13832;1.7649;7.6355;0.53124;1.0106;2.8029;3.5127;4.9826;0.19132;0.076041;0.58242;4.556;0.0017348;0.52008;0.10669;2.5177
27;0.0020265;0.0032457;9.0527E-06;0.008957;0.0089747;0.011753;0.0086814;0.012599;0.0097852;0.0081839;0.012902;0.0083897;0.012747;0.0053392;0.018592;0.0046863;0.0025033;0.001778;0.0060966;0.0047097;0.022363;0.0046707;0.019804;0.0079171;0.03483;0.017323;0.026277;0.013557;0.030614;0.011714;0.0056955;0.019455;0.051651;0.0050738;0.0044395;0.0045465;0.011389;0.0035293;0.0094699;0.035126;0.0043985;0.026277;0.025261;0.0032056;0.0072286;0.00029583;0.010917;0.0060059;0.090453;0.19773;0.82661;0.095713;1.4163;0.73486;0.41187;0.55905;1.7207;1.2339;1.12;0.44092;1.2119;0.0076763;0.80619;1.7652;0.10893;0.050118;3.7943E-06;0.32403;0.41686;0.26581;4.108;0.21563;0.066712;0.84992;0.012197;0.09697;3.489;0.49913;2.4568;0.00068346;2.3944;1.4584;0.82641;3.7258;1.8578;0.02291;0.03625;0.79631;0.23939;0.42847;0.35661;1.4861;0.0024854;1.8366;0.064747;0.034621
28;0.0097324;0.0029144;0.032065;0.0135;0.012433;0.0034466;0.010974;0.017957;0.018971;0.010973;0.011474;0.00047719;0.020523;0.0011872;0.021023;0.0037374;0.0081993;0.00091052;0.019116;0.026044;0.0024403;0.027764;0.010126;0.0037385;0.0016479;0.018919;0.01284;0.0079094;0.023934;0.0099003;0.0060855;0.016861;0.017243;0.024627;0.012732;0.012033;0.0049909;0.011233;0.021585;0.0042255;0.017748;0.0053688;0.008472;0.007523;0.0059746;0.0061231;0.018342;0.027535;0.42322;1.0732;2.2846;1.296;4.4188;0.00024528;0.0002181;1.2605;0.86061;4.6757;0.32995;0.086964;0.82232;0.018102;0.0034764;1.3759;0.043705;1.7534;0.11952;0.34101;0.055234;1.0466;1.7926;1.0466;0.95481;0.24082;0.51505;1.5517;0.57781;0.1913;0.006798;0.060853;2.4429;1.7072;0.018844;0.25727;0.26632;1.6387;0.062848;11.687;1.2424;0.35153;0.89428;3.5614;1.491;0.76699;0.051023;0.6148
29;0.0015059;0.0079077;0.014696;0.0074265;0.0078352;0.049772;2.4008E-05;0.0045813;0.010647;0.00045212;0.0033724;0.01417;0.010342;0.016335;0.0074819;0.0077487;0.010846;0.014647;0.0029647;0.043059;0.020724;0.0022779;0.021353;0.024367;0.0055369;0.002517;0.020857;0.0077475;0.036828;0.0087092;0.0057817;0.0001896;0.018466;0.0083482;0.027498;0.0099998;6.1995E-05;0.016353;0.00088085;0.0044796;0.020371;0.0038143;0.018017;0.00036888;0.0030222;0.0058003;0.0051197;0.0099872;0.046729;0.15852;0.00089855;0.26141;2.6568;0.22865;0.6592;0.30467;4.6943;0.21606;0.45478;0.0018139;1.0277;1.8607;3.9305;0.037731;1.4715;0.035781;0.74292;1.2942;0.56719;0.052529;1.3066;0.1712;0.61635;0.46988;2.7192;1.8416;0.056608;0.12008;0.31933;2.6694;0.73861;0.0018705;0.42385;1.2923;2.2457;0.28199;8.1379;1.9272;0.015547;1.1662;7.3695;1.6992;3.2969;3.4703;4.9651;0.082829
30;0.005628;0.0020919;0.0021742;0.0053439;0.00071791;0.018444;0.0066822;0.0037207;0.00093714;0.0015882;0.0078308;0.028252;0.01522;0.0067042;0.002044;0.0030724;0.0064028;0.0056955;0.012503;0.0066426;0.018096;0.022753;0.021635;0.057795;0.012491;0.047624;0.0077962;0.013637;0.00015002;0.020083;0.0012021;0.0073698;0.016724;0.0020075;0.029163;0.0064741;0.00083016;0.012788;0.0067603;0.00034637;0.040935;0.0026697;0.0015227;0.014033;0.0038854;0.0083601;0.016673;0.021345;0.93133;0.023943;1.8308;0.39932;0.073184;4.5707;2.0583;0.052086;0.0014486;0.6825;2.1935;0.5855;0.030928;0.00054952;0.50018;0.36356;1.4117;1.3958;0.48002;0.0020037;2.0313;2.9069;1.4289;0.12856;0.022052;0.98487;0.13733;0.034986;0.85468;2.0418;0.02702;0.014776;0.33092;0.32329;0.0035405;0.062907;0.092498;0.56784;0.1733;6.0469;0.31893;5.5575;1.7213;0.036098;1.404;2.5969;1.3506;1.5358
31;0.012476;0.01014;0.0029573;0.0079636;0.015602;0.011882;0.013941;0.00045962;0.0057586;0.01668;0.005041;0.0067403;0.0056979;0.0050112;0.0033073;0.0081198;0.0083598;0.0085238;0.010824;0.0016402;0.0060939;0.0087868;0.0039948;0.010378;0.0010015;0.041339;0.0080013;0.015822;0.013563;0.018051;0.00062283;0.0086833;0.0048402;0.046274;0.01169;0.013065;0.0052952;0.0019165;0.0081226;0.0075954;0.038446;0.0027078;0.007434;0.0071743;0.0031406;0.0041085;0.038136;0.0071597;1.3266;0.02985;0.74163;7.7206;0.38751;0.1276;3.4631;1.5945;3.6156;0.033676;0.47245;0.76134;1.1183;1.437;0.78824;0.50379;0.10617;0.50568;0.09888;0.72054;0.0098777;0.19204;0.040244;0.50644;0.1636;0.60278;0.12986;1.2881;1.3807;0.39638;0.011395;0.22255;1.2915;1.9103;0.031043;0.13099;0.60586;0.051942;0.19185;0.17309;0.6186;0.0097398;0.1523;0.55102;4.5111;0.20002;0.19409;0.48554
32;0.018953;0.016688;0.0087772;0.00095095;0.036414;0.0022339;0.044521;0.0017851;0.020811;0.039529;0.0027869;0.033384;0.002716;0.04948;0.00047028;0.023174;0.026153;0.0053179;0.0019212;0.012849;0.024854;0.0059808;0.0039369;0.0097147;0.0024067;0.0063013;0.023821;0.0077147;0.0068924;0.0024618;0.014179;0.0036271;0.017262;0.042899;0.0052704;0.00034954;0.01169;2.3949E-05;0.0025442;0.0063856;0.0053937;0.010925;0.00086998;0.016029;0.0047801;0.025204;0.0059812;0.0010376;0.13309;0.014218;1.3197;0.36624;0.74417;3.1482;0.0056737;0.43284;2.2829;1.6127;0.15954;0.14357;0.080479;1.1731;2.5365;1.2719;1.6342;2.4306;0.033036;0.0099427;0.49116;0.92345;0.070996;0.41293;0.050688;0.14701;0.18325;0.032682;0.40732;0.43097;0.20655;1.117;0.25081;1.2601;0.12116;0.046087;0.96739;0.0001059;0.091303;3.4317;0.29376;0.04057;1.2006;0.22929;6.2021;1.4338;0.9585;0.19518
33;0.0068125;0.006878;0.021011;0.010541;0.0042522;0.024685;0.0038389;0.0046207;0.0014423;0.002826;0.0057852;0.014904;0.0092191;0.017902;0.0066602;0.028367;0.0024273;0.00066789;0.020624;0.02179;0.015468;0.0012603;0.0034039;0.0010636;0.0009055;0.026429;0.028736;0.023507;0.0035586;0.012542;0.05224;0.0039695;0.0057942;0.0091578;0.0030222;0.0057295;0.0052596;0.015833;0.018221;0.031696;0.042991;0.012411;0.012869;0.01415;0.043851;0.0011064;0.03321;0.0075233;0.015032;2.356;0.06739;1.6049;2.4211;1.1756;0.59751;0.96444;0.34385;2.3632;0.060523;2.9214;1.1769;0.39065;0.076895;1.3688;1.8088;0.2266;2.7885;2.7949;0.62246;0.22799;1.6167;0.065011;0.64514;0.51956;1.4188;0.061976;0.3794;0.024993;0.7059;0.22106;0.046565;0.87742;0.5316;1.1783;1.1247;0.27509;0.29084;2.907;7.5608;0.047961;0.014845;0.070776;0.066313;0.32863;2.2964;1.1803
34;0.0042152;0.0052902;0.012443;0.016829;0.0019117;0.012366;0.006994;0.014022;0.0047221;0.046886;0.0011868;0.011657;0.0019964;0.0064175;0.01395;0.0064921;0.0036515;0.014693;0.0019368;0.011418;0.013723;0.0098172;0.01245;0.031101;0.0066759;0.018936;0.0021167;0.020186;0.018462;0.022656;0.0016265;0.017423;0.020145;0.024998;0.027868;0.010411;0.043904;0.00022245;0.015702;0.031364;0.018973;0.011046;0.0025625;0.02889;0.013576;0.004893;0.016792;0.014024;0.21911;0.39994;0.048053;1.5355;2.7734;0.76418;0.081584;4.6247;0.3886;0.67546;0.061214;1.4394;0.031405;0.68028;0.064226;1.9123;0.92227;0.0032517;4.5055E-06;1.0596;6.217;1.3535;0.072649;6.5998;0.0004771;0.14094;0.038643;1.8384;1.282;1.7038;0.87585;0.054578;2.958;0.079341;0.1097;0.62379;0.083428;0.81598;0.026343;2.5582;0.023939;1.4747;2.3858;3.64;1.1808;1.6056;1.0856;0.31822
35;0.018852;0.0027522;0.0204;0.012036;0.0065665;0.0046139;0.025171;0.0014503;0.0040496;0.0017664;0.029386;0.0081563;0.0058655;0.0082324;0.0010588;0.017634;0.022486;0.0087711;0.0041218;0.0066532;0.018555;0.0072365;0.020021;0.0023506;0.0008808;0.011108;0.024053;0.0039504;0.0084175;0.032657;0.00072982;0.023932;0.010735;0.020335;0.0070906;0.0085284;0.00556;0.00669;0.0037622;0.0068896;0.026167;0.0040768;0.010907;0.01918;0.011715;0.0096767;0.0040181;0.0028634;0.13643;3.0916;0.18415;1.442;0.04596;0.024463;0.26139;0.11272;0.33326;0.49171;0.054723;0.31767;0.15854;0.094641;2.565;0.0021181;0.30152;1.14;0.83868;0.027727;0.42992;0.44263;0.016493;0.21014;1.0317;0.17777;0.16;0.0079283;0.31707;2.2281;0.13414;0.71399;0.23573;0.18425;1.8507;0.24945;0.37934;2.5743;0.042209;0.030542;0.0024792;0.69701;0.74328;0.039682;0.18004;0.6766;3.8957;1.0168
36;0.0086011;0.018138;0.025374;0.0016835;0.012094;0.0074133;0.021619;0.023135;0.036718;0.011239;0.0031659;0.0037157;0.0048916;0.013003;0.010627;0.0036231;0.013675;0.040052;0.011445;0.004441;0.0032203;0.026494;0.0249;0.00093481;0.0062976;0.00030183;0.025836;0.0018589;0.0048341;0.043705;0.017542;0.012532;0.053438;0.013776;0.0033589;0.002744;0.019956;0.0090904;0.0079534;0.0064295;7.4813E-06;0.00089339;0.0084852;0.01796;0.00055825;0.012242;0.010643;0.011843;0.032048;2.1805;0.027191;0.01924;0.83096;0.095614;0.8528;0.33732;0.016375;2.7616;0.42388;0.16311;1.811;1.107;0.94836;0.1107;0.03372;0.48817;0.012467;0.98423;0.13424;0.0847;0.1741;0.0023271;0.16197;0.96988;0.078262;1.4276;0.066549;0.73899;0.22955;0.26429;4.5415;0.72383;0.23442;0.52713;0.23579;0.0029035;0.99489;1.1545;0.27746;0.24889;4.2929;2.9164;3.1221;0.12465;0.31983;1.6057
37;0.021624;0.0078872;0.013997;0.0022451;0.00089431;0.022884;0.019865;0.00037991;0.0029973;0.01179;0.011441;0.018251;0.0085805;0.00025843;0.0040382;0.0017257;0.0036893;0.032664;0.0013049;0.0089686;0.018772;0.0075656;0.042919;0.0041198;0.0023958;0.0024048;0.0063971;0.013401;1.7387E-05;0.0064158;0.0084304;0.006213;0.044076;0.0086963;0.016616;0.014889;0.0051703;0.019606;0.0088806;0.024222;0.0090479;0.025922;0.057229;0.032781;0.003049;0.0097962;0.0058653;0.012316;1.9461;1.8543;0.40339;0.32632;0.16522;0.31743;1.708;0.085747;1.2747;0.13585;1.3014;3.8153;1.2406;2.4872;0.18319;0.33246;2.3532;0.18565;2.3824;0.057437;0.064916;0.19951;3.5277;0.03999;0.79449;0.3697;2.8613;0.47317;2.3915;3.2867;0.0011621;0.0002687;2.9059;0.18471;0.37984;1.6809;0.36122;0.0040208;0.39;0.33233;0.040967;0.12791;0.18151;1.9346;0.047711;0.00033818;0.94383;0.17273
38;0.004112;0.022879;0.00066938;0.0094503;0.021358;0.018567;0.0020465;0.0044783;0.011485;0.0045309;0.015594;0.010517;0.021275;0.0090221;0.015643;0.017318;0.0074378;0.0062968;0.0053928;0.037865;0.010654;0.023931;7.2622E-05;0.006952;0.006845;0.0041706;0.006117;0.013789;0.033469;0.0032933;0.0015734;0.0034236;0.014365;0.0061474;0.013618;0.032885;0.0039451;0.00055378;0.014614;0.0047192;0.0049679;0.015059;0.030446;0.0050506;0.0024899;0.027017;0.0013672;0.017324;0.58864;0.74708;0.27879;1.252;1.0167;0.33391;1.3409;0.019564;0.012415;3.7195E-07;1.6951;1.2751;3.6648;1.4241;3.3679;0.33837;0.27342;0.00075873;1.8531;3.6505;0.17532;0.19502;0.019114;1.3245;0.35223;0.075761;0.023806;1.9901;0.0077331;5.099;0.13417;0.035427;1.2253;0.14127;0.045317;0.19809;0.18488;0.49974;0.23467;0.011578;0.099199;0.87923;1.5029;1.1648;0.80435;1.1361;0.30162;0.0023109
39;0.0025715;0.018681;0.019725;0.019874;0.0025236;0.01879;0.0060798;0.031986;0.014736;0.011366;0.019417;0.0069904;0.0026706;0.010316;0.02296;0.0063545;0.0030713;0.027857;0.016583;0.0051609;0.034535;0.016127;0.04049;0.0088098;0.014764;0.00060451;0.005777;0.0085741;0.0077141;0.030101;0.0034264;0.011162;0.017561;0.014471;0.041911;0.0026579;0.028696;0.0018585;0.036924;0.0028592;0.023074;0.032142;0.011625;0.018658;0.0088533;0.0065234;0.010524;0.011464;0.052668;2.1486;0.19453;0.44531;1.6926;0.91547;2.5495;0.086026;0.37678;0.0195;1.3484;0.035838;0.62211;0.20413;2.2045;0.061493;1.3097;4.8926;0.39981;1.6849;0.47831;0.33994;0.91548;0.18106;0.15305;0.29497;0.18844;0.49449;2.0768;0.019156;0.28582;0.090386;0.099594;0.036277;0.22068;0.23418;0.0071107;0.36648;0.76819;1.123;0.61292;1.3089;0.53465;0.1691;3.2834;0.4302;0.15559;0.67244
40;0.0085079;0.0078493;0.0057722;0.002477;0.025954;0.029398;0.012599;0.0008511;0.00056577;0.010131;0.0013579;0.0020936;0.0098875;0.018643;0.013298;0.049773;0.0080815;0.021212;0.0079763;0.0017992;0.00096071;0.02758;0.0039749;0.017995;0.01926;0.0038186;0.0066717;0.042156;0.013159;0.0026517;0.0062988;0.0055238;0.0070068;0.0098002;0.0096767;0.093312;0.0045933;0.019885;0.0014067;0.0008575;0.044801;0.00024914;0.00037126;0.0071372;0.0095158;0.0096801;0.004142;0.00089743;1.1492;0.10801;0.12865;1.5862;1.9568;0.69933;0.23238;0.088986;1.9397;0.051176;0.93917;6.5404;0.51529;0.97466;0.0029815;2.9275;2.0151;0.018012;0.46972;0.51086;0.37471;0.2603;0.40494;0.46371;2.1244;0.75747;0.004554;0.14075;0.00055668;1.2456;0.012482;0.82667;0.32746;0.00015663;3.3615;0.17093;3.1207;3.288;0.00018263;0.17988;1.6523;0.020735;0.27836;3.0651;0.088556;3.2387;0.22295;0.3316
41;0.023691;0.0051584;0.0026115;0.0090265;0.036602;0.0008409;0.016035;0.00089284;0.0086585;0.0040859;0.0027736;0.00037674;0.013336;0.0050831;0.0077594;0.041672;0.0057708;0.011767;0.026329;0.004263;0.012975;0.025314;0.025134;0.0042352;5.8263E-05;0.0038751;0.0062597;0.018099;0.0030078;0.025889;0.022509;0.0056623;0.011045;0.059352;0.00087946;0.0039465;0.0025163;0.00023879;0.020565;0.001849;0.014326;0.022847;0.0079036;0.0070784;0.0083671;0.0070471;0.010688;0.01088;1.1924;2.4205;0.83648;0.23814;0.088085;0.25965;2.7931;0.0090522;0.66104;0.092069;0.035879;1.4702;0.47264;0.079215;0.34493;1.6886;0.29038;0.18747;0.0014693;0.0046212;0.80497;3.7159;0.097974;1.2598;0.069883;0.52071;1.5815;0.24249;0.89589;0.21713;0.19271;4.985;0.016804;0.73079;0.24789;0.098959;0.029197;3.9386;0.50799;3.7723;0.23405;0.060184;0.000389;2.0085;0.95231;0.014052;0.26348;0.029283
42;0.0087088;0.020428;0.019931;0.00032834;0.0084379;0.0071079;0.035534;0.030309;0.0090071;0.013685;0.0050937;0.00013101;0.0039235;0.00075888;0.002629;0.0078981;0.0078978;0.026217;0.026215;0.035355;0.020282;0.016308;0.0067316;0.024804;0.030682;0.010856;0.00080544;0.015304;0.014994;0.021368;0.0028167;0.070472;0.026298;0.0043959;0.0011139;0.0042629;0.0018629;0.014992;0.020845;0.0031187;0.01013;0.0036873;0.0024703;0.00062819;0.0090706;0.015734;0.008546;0.026039;0.19773;0.59386;0.58455;0.90435;0.55283;0.07997;0.011615;0.19094;1.3025;3.2529;0.018433;0.01471;0.14591;0.30374;0.097168;3.6811;2.5185;0.38666;1.1433;0.067871;1.5754;0.39608;1.0342;0.065133;2.3371E-05;0.11179;0.016319;1.79;4.2814;0.72599;0.27942;0.23185;0.45559;1.1337;2.1721;2.4776;0.023472;0.002147;1.2384;0.015263;0.5088;1.1053;2.8574;0.14264;0.4569;0.67005;1.0782;1.6566
43;0.0038958;0.020412;0.0063932;0.014447;0.0075038;0.019898;0.029256;0.0047865;0.015531;0.0066617;0.0079358;8.2084E-05;0.001747;0.028409;0.0071541;0.0033656;0.0073628;0.0053712;0.00091278;0.0081748;0.0085742;0.024352;0.0048475;0.0032371;0.014583;0.0085347;0.0060069;0.0072626;0.028209;0.013288;0.015275;0.0018237;0.011641;0.00035927;0.015075;0.010241;0.041009;0.0093041;0.0050415;0.020785;0.016784;0.01459;0.0091385;0.025108;0.012558;0.0025653;0.027501;0.025313;0.13824;0.86215;0.064856;2.1032;0.87712;0.33672;0.31142;0.25598;0.46499;1.3666;1.1956;2.3968;0.96509;0.78378;0.00015199;0.21398;0.13374;4.0679;0.26279;4.5343;0.8197;5.0093;3.0287;0.1349;1.0055;0.097828;2.0259;0.010508;1.537;0.80479;0.094661;0.97756;0.78692;0.50218;0.17338;0.1789;1.0418;0.093533;0.011841;10.238;2.1462;2.5136;3.0766;0.076811;2.5668;0.061254;0.030587;0.49428
44;7.9393E-06;6.1072E-05;0.019474;0.0046723;0.011245;0.019419;0.039515;0.039976;0.011851;1.0267E-05;0.00018808;0.027485;0.013715;0.012314;0.037484;0.0042499;0.024896;0.0076486;0.020007;0.00085594;0.035378;0.0036982;0.0080031;0.0087551;0.010636;0.00031153;0.0068515;0.0018252;0.026426;0.023479;0.028474;0.011182;0.022821;0.0041452;0.016009;0.0015047;0.006801;0.0087909;0.0032939;0.0065911;0.0060309;0.0022332;0.0071616;0.044415;0.0026123;0.0052867;0.0049984;0.013137;0.84192;0.33975;0.23942;0.033598;0.087599;0.21517;0.63357;0.3824;0.65298;1.9094;0.93382;0.023697;0.99235;0.0058654;5.0562E-07;0.10353;0.366;2.4288;0.57727;0.15373;2.0134;1.0336;1.1029;0.050227;1.3471;0.19677;0.041031;0.54541;0.001916;0.011521;0.62099;1.3329;0.60111;0.29449;1.1512;1.987;0.08874;3.2033E-05;0.045943;0.91583;1.6914;0.10546;6.5561;0.33545;0.021971;0.62666;0.60261;1.7782
45;0.008278;0.00022686;0.0017362;0.024369;0.013784;0.024154;0.033906;0.0016389;0.00035808;0.0013977;0.0010608;0.010428;0.017864;0.0014765;0.0065166;0.0049937;0.0017457;0.058248;0.048055;0.02652;0.0023405;0.02067;0.006699;0.004315;0.011551;0.021799;0.0011185;0.030179;0.011866;0.06366;0.0013891;0.0057149;0.0028501;0.002173;0.011497;0.038345;0.0079938;0.0055441;0.0011365;0.010675;0.010044;0.02231;0.0093399;0.00051881;0.0016909;0.03133;0.020626;0.018045;0.027394;0.19002;0.44256;1.6525;0.12479;0.65475;0.046158;0.20033;0.078571;0.43077;0.50029;0.055105;8.6636;0.06439;0.14562;1.1798;4.1937E-05;0.6636;0.12311;0.71119;0.11692;0.010226;0.21226;0.0028836;3.7273;1.3952;3.4854;0.38656;0.31393;2.0889;3.9889;3.2122;2.0427;0.0019921;0.63154;2.1453;2.0901;0.02564;1.2295;0.028804;0.17566;0.090723;0.0045306;0.010893;0.84136;0.0068343;2.7249;1.902
46;0.0063172;0.00072632;0.0063222;0.0074269;0.014331;0.0051581;0.00043244;0.0012373;0.0071613;0.036019;0.02047;0.0012222;0.0090911;0.012349;0.041237;0.00034328;0.0045075;0.051862;0.013332;0.020552;0.018389;0.0057932;0.00092118;0.00014145;0.0026161;0.019438;0.018376;0.012453;0.014495;0.013237;0.012028;0.00070497;0.0094924;0.0033191;0.0076464;0.038203;0.0057241;0.010435;0.025054;0.015853;0.037716;0.011219;0.026954;0.059682;0.034687;0.043464;0.0041753;0.018255;4.1877;0.37156;0.045715;2.4879;0.084395;0.017414;0.18234;3.8255;0.041622;0.69469;0.089;1.1072;0.25702;6.6212;0.48283;1.5115;1.7224;0.56261;0.021545;0.35712;4.2196;0.0011485;2.1139;0.24321;1.0428;0.36002;0.058479;0.040735;1.1539;1.6204;0.11662;9.7116E-05;0.059517;0.50925;0.11229;0.14192;0.86512;0.8826;1.2295;3.8392;0.40865;2.5639;0.44783;0.0093125;0.66592;3.1863;0.12733;0.13431
47;0.013432;0.028164;0.007853;0.0012563;0.016378;0.0064368;0.035155;0.006232;0.0093994;0.0106;0.0047465;0.0059537;0.0092517;0.025091;0.0054486;0.0037203;0.0044249;0.029366;0.0038769;0.0068196;0.0052952;0.0012438;0.036837;0.0045142;0.0034805;0.0018754;0.0075797;0.00053566;0.018147;0.006029;0.0058306;0.0088014;0.0016721;0.0053198;0.03449;0.0039452;0.017873;0.011106;0.0035547;0.0030398;0.022095;0.007916;0.00086371;0.01305;0.016429;0.031491;0.0011155;0.003159;0.70224;1.4191;0.08535;0.45956;0.2178;0.035914;1.4933;0.043879;1.7437;3.4854;0.61742;1.0338;1.5277;0.028676;0.47356;0.15637;2.4517;1.6117;0.005689;0.86088;0.054819;0.010994;1.2639;1.5063;0.020551;0.3253;0.0066223;0.098365;2.1663;0.45702;0.1891;1.4612;0.14472;1.51;0.59657;1.0741;1.0007;1.2141;0.22421;0.14258;0.21477;2.489;0.15802;2.8422;0.098956;1.3361;0.06302;5.6219
48;0.0139;0.0037625;0.018893;0.0021997;0.0060766;0.024418;0.021609;0.015863;0.0019741;0.0058661;0.0024438;0.028921;0.044132;0.0069769;0.0043295;0.011842;0.019748;0.0052369;0.0070703;0.030109;0.001614;0.0066837;0.0090235;0.02667;0.012067;0.0007455;0.014076;0.0092111;0.0092004;0.0061631;0.0017593;0.016342;0.012556;0.035145;0.0063337;0.0097936;0.00455;0.0040413;0.015148;0.015442;0.0033745;0.03326;0.041804;0.011978;0.021251;0.0047568;0.039694;0.012267;0.40955;0.0064876;0.10783;0.88608;0.33001;0.69452;7.9406;0.94924;1.2495;0.30685;0.47359;1.4854;0.54275;0.00057875;0.98634;0.3125;0.23372;1.6138;0.99049;0.87747;1.2303;1.1998;0.28988;0.37561;0.83875;1.89;2.5226;0.34394;0.67542;1.4158;1.8818;3.6783;3.2321;0.92961;2.4711;7.578E-05;4.5823;0.038033;0.013992;0.90539;0.36912;2.9726;0.0041418;0.0013423;3.9113;0.29598;0.34255;0.5739
49;0.021303;0.0072582;0.036482;0.0043582;0.0044401;0.0013295;0.0077415;0.0025122;0.013294;0.0021156;0.043887;0.012165;0.004333;0.0092095;0.0031235;0.012186;0.0046005;0.00090959;0.0050017;0.0089295;0.0010177;0.029435;0.069979;0.0056849;0.039068;0.01008;0.030771;0.014363;0.0017375;0.006661;0.008685;0.05772;0.0023091;0.01493;0.013571;0.0030964;0.0018172;0.024305;0.033269;0.0057734;0.015146;0.018377;0.03186;0.01436;0.017006;0.0092562;0.014757;0.0053205;0.94124;0.072054;1.1565;0.035789;1.4538;1.2896;3.2586;0.38234;0.13962;0.20639;3.9315E-05;0.59156;1.2384;3.4392;0.015421;1.3005;0.91647;4.1873;0.096077;0.0024696;0.085467;0.010164;0.21582;1.3433;2.3172;2.303;2.4985;0.18274;1.7374;8.3525;0.02241;0.063267;0.68732;3.8285;1.354;0.50554;0.98253;0.038164;0.011148;0.053046;0.29019;0.2672;1.4983;0.77664;0.75239;0.42735;2.2847;0.24611
50;0.030072;0.001339;0.0059496;0.0075593;0.011973;0.01649;0.01504;0.01495;0.008063;0.021684;0.011988;0.0029238;0.00060676;0.00070073;0.0063688;0.032207;0.000631;0.02806;0.05366;0.0019815;0.0033388;0.005959;0.0039404;0.0037385;0.0032347;0.012821;0.0029009;0.011992;0.0032885;0.002579;0.0052717;0.020748;0.00025871;0.0012016;0.0050285;0.0089774;0.0065408;0.028885;0.0004272;0.0027693;0.0019004;0.026682;0.0056412;0.0083815;0.0097616;0.0034599;0.010683;0.0063048;0.01569;0.021637;0.062756;0.44712;0.46431;0.050134;2.0206;0.21313;0.030594;0.030942;0.00018081;2.5775;0.10749;0.043788;0.8654;3.5674;0.63051;0.0020385;1.4557;0.24895;1.9185;0.936;1.0721;0.27481;0.10129;0.8913;1.9853;0.0038014;0.19132;0.48457;0.00070078;0.49096;1.3416;2.2597;0.27407;0.22464;1.56;3.0525;0.5606;0.074224;0.95619;0.68429;0.046332;0.40126;0.05844;0.042305;0.098086;0.64331
normalized population
1;0.0019247;-0.0045628;-0.012261;0.010565;0.0078151;-0.0041985;0.010942;0.0019675;-0.0066857;-0.0035183;-0.0049254;0.0021394;0.0030607;-0.0089121;-0.011133;-0.0057641;-0.0077324;-0.0057733;0.014609;-0.0054794;-0.013002;-0.0077268;0.00073598;-0.0078488;0.0066635;0.045534;-0.0067308;-0.0035399;-0.010078;-0.01098;-0.0048151;0.0062154;-0.0058711;-0.0084519;-0.011563;0.0052613;0.0041179;-0.0022575;-0.0019426;-0.0067081;-0.0042841;0.0044598;0.011664;0.030758;-0.0098275;0.011338;-0.0055261;-0.010999;2.5753;-0.60365;-0.60669;-1.0962;-0.24566;-0.66854;-0.9098;1.6008;-0.96256;-0.43418;-0.56893;-1.1733;-1.1631;0.47849;-0.1132;-0.78866;-0.98403;0.10099;-0.61573;-0.85919;2.2911;-0.6762;-0.9222;1.0874;-0.68683;2.7191;-0.68571;-0.68533;0.7956;-1.2833;-0.78369;2.7808;-1.086;-1.0061;-0.82187;0.74102;-0.68354;0.56143;-0.92424;-0.85269;-0.35411;3.4578;-0.58012;1.1571;1.3519;-0.9955;0.21306;-0.95756
2;0.0050728;-0.0027036;-0.013438;0.004774;-0.008566;-0.010475;0.0043067;-0.0075516;-0.0060105;-0.0029928;0.017123;-0.01123;0.011971;-0.0099507;-0.005253;-0.0051775;-0.0047972;-0.0034699;0.0012304;-0.011303;0.037744;-0.0088715;-0.0088882;0.0032099;-0.00066343;-0.0022592;0.02097;-0.00061297;-0.0044572;-0.0080542;-0.0080598;0.01925;-0.0047925;4.9035E-05;0.0057451;0.010191;-0.0092642;-0.0067401;0.0189;-0.0076969;-0.0065779;-0.012057;-0.0018746;-0.013772;0.005329;0.0067158;0.00481;-0.0052009;-0.53568;-0.37074;0.18554;0.56662;-0.57954;1.9152;-0.57394;-0.58098;1.1217;-0.61725;-0.33791;-0.28006;-1.2184;4.8712;0.053746;-0.94564;-0.90522;-0.41609;-0.2693;0.49975;-0.082832;0.34631;-0.72475;-0.72438;-0.2338;-0.56774;-0.2167;0.29286;-1.0768;-0.74357;0.41427;-0.8838;-0.078467;1.9932;2.1986;-0.072945;0.053116;-0.73721;-0.13924;0.9395;2.3247;2.0498;-1.0013;-1.2971;-0.93987;1.0758;-0.0070638;0.0063145
3;-0.0025018;-0.0083616;0.013357;-0.0070489;-0.012746;-0.0062227;-0.00088696;-0.0046899;0.0061976;-0.0074354;0.0013276;0.007945;0.00090542;-0.0046669;-0.010201;-0.0048939;-0.0025207;-0.00032276;-0.010046;-0.0019385;0.0007098;0.0034855;0.0084159;-0.001984;-0.0069404;0.016769;-0.0095567;-0.0081278;0.0076973;-0.0027419;-0.010588;-0.0040026;-0.011944;-0.0078584;0.0057619;-0.0089969;4.9148E-05;0.012012;-0.0020978;0.01693;-0.003035;0.0063822;-0.006462;-0.0053029;0.022814;-0.012105;-0.011511;-0.011416;-0.74734;-0.69193;-0.058663;-1.1064;-0.69216;-0.28758;-0.24732;2.2825;-0.91604;-0.98737;0.74956;-0.82483;-0.27386;0.44931;4.3447;2.2204;-0.5101;0.074709;-0.49745;2.5516;0.25408;1.2744;-0.24593;-0.94637;-0.091289;-0.57178;-0.74662;-0.77233;-1.0827;2.4774;0.84431;1.4185;-0.98444;-0.13174;-0.52173;-0.54841;-0.83663;0.030969;0.35256;-2.0979;5.1111;-1.0414;5.0598;-1.1988;-1.0297;-0.8213;-0.92224;3.3922
4;-0.0068852;0.0015847;0.027778;-0.0050515;0.00098578;-0.0015403;-0.0048648;0.007408;0.0096213;-0.0069569;0.016069;0.035563;-0.0055937;0.0072657;-0.0082217;-0.0085373;0.0089074;0.0067819;-0.0097399;-0.0066808;0.0096227;-0.0088181;-0.00027128;-0.0082136;-0.008262;3.8014E-05;-0.00093789;-0.0059903;-0.0087961;-0.0055466;-0.0071485;0.00032737;-0.0039505;0.039652;0.011803;-0.0047872;0.0019385;0.0013281;0.0067869;-0.005679;0.060232;-0.010606;-0.011256;0.01717;-0.0045642;0.0075775;-0.0095922;-0.0067707;-0.61995;2.297;0.2226;0.76143;3.4196;-0.53319;-0.87249;1.2611;4.3691;-1.0195;-0.38678;1.3916;-0.37329;1.5533;2.7252;0.114;-0.79626;-0.79155;-0.54207;1.1444;-0.73961;0.38986;2.9643;-0.14386;0.29145;-0.47035;-0.29145;-0.79447;-0.22574;-0.77263;0.65314;2.8875;-1.0758;-0.20283;-0.25297;1.3439;0.57983;0.40806;3.6737;-0.015058;0.064154;-1.0501;0.049706;-0.34533;-0.80025;-0.86692;-0.92051;-0.37501
5;0.018664;-0.0040657;0.026076;-0.0046985;0.023544;-0.002666;-0.01211;-0.0025161;0.00036913;0.013215;0.0084415;0.058421;0.030831;0.0054;-0.011927;0.0069036;-0.0089472;-0.0033724;0.0063588;0.018962;0.011022;0.022302;-0.0046389;-0.0073126;-0.00052617;-0.0069096;-0.0033947;-0.010989;-0.0047292;-0.0041512;-0.0076289;-0.0029314;-0.013886;0.018064;0.0012762;-0.012179;0.021275;0.0074615;-0.0080303;-0.0068182;-0.0090746;-0.012436;0.024796;-0.0084459;-0.00054392;-0.012878;0.0027134;-0.0082439;-0.67001;-0.43772;-0.29491;-1.0222;-0.26968;-0.33395;-0.68297;-0.054909;-0.94293;-0.9249;-0.42704;1.1261;-0.83596;-0.9838;-0.33882;0.38606;3.1597;-0.69639;-0.50546;-1.2493;-0.84399;0.85508;2.8694;-0.94476;0.12499;-0.66366;-0.74766;0.03754;2.7451;0.73298;-0.37303;-1.0549;1.8242;0.1521;-0.78955;0.7632;-0.85103;-0.78776;5.2283;0.96145;-0.53927;0.061862;-1.0883;6.6602;-0.74605;0.53189;-0.8817;-0.92947
6;0.00020044;-0.010612;-0.0068113;0.019026;-0.0074138;-0.0042577;-0.0097532;-0.005716;0.020929;-0.0086054;-0.0052253;-0.010349;-0.010291;0.0073862;0.024248;0.010883;-0.0065435;-0.0066191;-0.0054693;-0.0036781;0.0054453;-0.0051039;-0.0096177;0.037222;0.0256;-0.0087541;-0.0013814;-0.0013886;-0.0066587;0.0078128;0.0096336;-0.0044686;-0.0078958;-0.0082121;-0.0053353;-0.012656;-0.0061971;-0.004323;-0.0051204;0.0010955;-0.0079976;0.0011922;0.018294;0.030402;-0.0017572;-0.006574;-0.0061075;-0.011448;0.57913;-0.77775;1.8829;-0.65129;-0.70651;3.7956;-1.0926;-0.60771;-0.53024;2.9949;-0.53522;0.73255;-0.84042;-0.94965;-0.20236;-0.57626;-0.98827;-0.5862;0.09141;4.4778;-0.84948;-0.72597;-0.94455;0.17598;6.8347;-0.59422;-0.081306;-0.16436;-0.83719;-1.2701;2.3381;-0.9237;-0.66644;-1.0731;-0.85855;-0.49232;-0.75925;-0.73268;-0.85917;-1.6395;-0.58081;-1.0604;0.90144;-0.90143;-0.26376;1.1927;-0.82116;0.17632
7;0.0037191;-0.0039735;0.018792;0.0071494;-0.003568;-0.0085923;-0.0060981;-0.009184;-0.010295;-0.010425;0.0067849;-0.0080566;0.015805;-0.0001988;0.012788;0.002917;-0.0029838;-0.013732;-0.012033;-0.0094313;-0.0051666;0.0095316;0.0027982;-0.0043533;-0.0063128;-0.0028061;0.014255;0.0052086;-0.0081825;-0.0080159;-0.010696;0.019763;-0.012137;-0.0082282;-0.0055702;-0.014553;-0.0070598;-0.0088043;-0.0021068;-0.010579;0.0015561;0.0054887;-0.00098653;-0.0044055;-0.010529;-0.0080862;-0.0019263;-0.0084997;-0.79806;-0.78246;0.763;-0.21903;1.6545;3.2887;-1.0361;0.019507;-0.92691;-0.56427;-0.12446;-0.23916;-0.326;-1.0083;2.1047;-0.59955;0.75936;-0.78014;-0.55671;-0.79329;-0.69167;1.9733;-0.94163;-0.93136;0.29902;-0.35982;-0.59305;-0.31981;-0.97769;-0.56862;-0.38599;-0.94428;0.29311;-1.126;-0.79826;0.03852;-0.71033;5.7482;-0.84087;-1.2306;-0.82302;4.179;-0.51327;0.74487;0.13995;-0.61044;0.99769;-0.32431
8;0.0023327;0.014306;-0.0052175;0.032616;0.010222;-0.012053;-0.010806;0.016995;-0.0050384;-0.003896;-0.0083896;-0.0087342;-0.0069113;0.0020764;-0.0088399;-0.0030868;-0.0056279;-0.0099172;-0.0093294;-0.0094397;0.0011689;-0.010775;-0.012733;-0.00061053;0.0068214;-0.010476;-0.01111;-0.0066455;0.0061686;0.001629;-0.0031252;-0.0093398;-0.010627;0.02274;-0.0058774;-0.012568;0.0059693;-0.00017038;0.0043461;0.0078705;-0.011943;0.024099;0.0036178;-0.008579;-0.0075757;-0.0046821;0.043601;2.6705E-05;-0.73204;1.213;-0.4136;-1.1712;-0.063367;-0.32192;-0.86664;-0.5666;0.091965;-0.38597;-0.21363;1.9222;1.206;-0.45708;0.2543;-0.68158;0.97475;-0.75693;-0.59021;-0.54224;0.15387;-0.31254;-0.94419;-0.46353;2.268;1.586;-0.20502;0.48527;0.37754;-1.0677;-0.71468;2.2378;-1.0831;3.722;-0.54508;-0.97112;3.9586;-1.0366;-0.91099;-1.1869;-0.38428;-0.8429;-1.1012;-0.2602;-0.77521;-0.98479;1.6917;-0.84034
9;0.0080192;0.027441;-0.012516;-0.0046338;-0.002685;-0.0070385;-0.011637;-0.0092978;-0.0010589;0.016642;-0.008422;-0.0038183;-0.0124;-0.0013865;-0.0076848;0.0042042;0.01073;-0.0070542;-0.0091657;0.019693;-0.0014259;-0.011261;0.015003;-0.0031822;-0.01103;0.0087749;-0.0096457;-0.0044435;-0.0065204;-0.0001899;0.013284;-0.0019239;0.027184;-0.0041532;-0.0019814;-0.0027537;0.010361;0.0099653;-0.010702;0.000558;-0.010034;0.01653;-0.0057552;-0.011885;0.0030383;0.042809;-0.00060624;0.018674;2.2747;-0.65249;0.47292;-1.0291;-0.71683;-0.76682;-1.0829;-0.50733;0.10766;-0.094085;0.143;-1.0873;6.6448;-0.90546;-0.91392;-0.91294;-1.1224;-0.67652;0.096986;-1.1157;-0.63334;0.53652;-0.94329;1.6701;-0.81877;-0.50632;-0.17157;-0.34836;-1.0815;-0.74466;-0.25991;1.1199;0.30442;-1.1347;-0.79394;-0.66208;-0.83521;-0.33647;0.48768;-1.5031;-0.87196;1.8556;-0.77505;2.8632;-0.79833;-0.96492;0.023995;-0.87348
10;-9.5281E-05;-0.0098278;0.0086715;-0.0031326;-0.013987;0.010605;-0.010995;-0.00807;-0.0067306;-0.0055559;-0.0066358;0.0077705;-0.010724;-0.009891;-0.002677;0.0088448;-0.008653;-0.0049141;0.012564;-0.0036375;0.011229;-0.0023328;-0.007863;-0.0030345;-0.0062833;0.013134;-0.012045;0.0029677;-0.0097592;-0.0022839;-0.0046807;0.0089802;-0.0056721;-0.00073371;0.08037;-0.014529;0.010629;-0.0044714;-0.0099885;0.0044645;-0.010161;-0.0030975;-0.0049474;-0.010479;-0.0106;-0.01233;-0.012933;0.010492;-0.41949;-0.43948;-0.23001;-1.1661;-0.68599;2.851;-0.96277;-0.75391;4.5978;-0.28808;1.6694;2.2251;-1.2685;-0.96179;-0.79094;-0.68297;-0.20201;-0.57027;0.93233;3.7584;-0.72388;1.2294;-0.85455;0.45015;1.6281;1.5556;-0.14408;2.2131;1.2508;0.70235;0.13715;0.78356;-0.58643;0.38499;0.70309;-0.53364;-0.80197;-1.0212;-0.38891;-0.73584;0.90475;0.88808;0.34438;-0.82032;0.32082;-0.95429;-0.68125;-0.94562
11;-0.010606;-0.0022156;-0.01379;-0.0077153;-0.0026044;-0.010302;-0.010226;0.0035527;-0.00040921;-0.0046107;0.0074194;-0.010829;0.010561;-0.0021531;-0.0050258;-0.0098499;0.01038;-0.0078775;-0.01189;-0.00513;0.0057811;5.7284E-05;-0.012511;-0.0056056;-0.0043189;-0.011588;-0.0044514;0.013688;0.0031471;-4.3738E-05;-0.0030569;-0.0059062;-0.0065467;-0.0084376;-0.012405;-0.004527;0.0010028;-0.0060501;-0.005486;0.014393;-0.0081464;-0.0020397;-0.01077;-0.006988;-0.0057747;0.002844;-0.011221;0.0019286;-0.79167;-0.78458;-0.48757;-0.60053;-0.28847;-0.53822;-0.79473;-0.19806;-0.13864;3.2423;0.18785;-1.1738;-0.57254;3.6024;-0.62952;-0.50073;-1.1158;-0.49349;1.6217;-1.3027;-0.84614;0.27347;-0.11265;0.40086;-0.35795;-0.66344;0.20379;-0.78431;-0.45423;-0.56078;-0.66881;-1.1536;0.63758;-1.077;2.2023;2.6294;-0.83714;1.944;-0.76649;-0.78581;-0.39899;-1.0637;-1.1696;-1.373;0.39912;1.0949;1.0619;0.18325
12;-0.0074361;0.006113;0.0053572;-0.0040066;-0.010825;0.0085027;0.0055048;-0.0033922;0.02593;-0.0033296;-0.0063221;-0.01188;0.008301;0.0028761;0.015287;-0.0073691;0.014584;-0.015096;0.0017289;-0.0093807;-0.011616;-0.0077183;-0.0042222;-0.0074792;0.013615;-0.0093368;-0.011818;0.015685;-0.0013774;-0.0028967;0.01521;-0.0046736;-0.0032163;-0.0047152;0.012326;-0.015406;-0.0045618;0.019337;-0.0078758;0.0074681;0.0066411;-0.0065046;-0.010434;-0.0050134;0.021499;-0.0077482;-0.0076301;-0.010853;-0.48777;1.3152;2.341;-0.88021;0.7863;-0.96928;1.8833;1.1614;-0.21921;-0.45158;-0.29229;-1.1725;4.1874;-0.937;-0.98207;-0.87078;-0.9772;0.20177;-0.61926;4.4772;0.28909;-0.60956;-0.83538;0.33963;-0.43987;-0.65927;-0.2832;1.3674;-1.0832;4.454;2.1605;-1.0349;-0.84879;0.091199;-0.48965;-0.64582;0.261;-0.74542;-0.95216;-1.34;0.015512;-0.092241;1.0085;-1.369;0.66722;-0.74088;0.42608;-0.71274
13;-0.0028217;0.0018966;-0.006284;0.0060364;-0.012714;0.027841;-0.0051098;-0.01045;0.0067754;0.0062132;0.011914;-0.0039013;0.0042336;0.0018308;0.028292;-0.008812;-0.0041106;-0.013627;0.0085311;-0.0040454;0.011031;-0.010325;0.018402;-0.0064361;-0.0066139;-0.0016173;0.016353;-0.0020527;0.0047655;-0.010554;-0.0031955;-0.0036333;0.0024162;-0.012744;-0.0085365;-0.0029429;-0.0031634;0.014112;0.014355;0.008084;-0.013168;0.020583;-0.0041801;-0.00065418;-0.0029084;-0.001732;-0.0046755;0.010076;-0.2872;-0.55296;-0.23136;1.1788;-0.75599;-0.27094;3.6689;1.1811;-0.61687;-0.70772;-0.40295;-1.1711;-0.041683;1.5984;-0.99224;-0.68398;-1.0714;-0.34001;0.48873;-0.94842;2.9753;-0.71391;-0.94229;1.2656;-0.040007;-0.29036;-0.74731;-0.1863;2.3024;0.54283;-0.17232;0.23563;-0.99206;-0.34202;0.79179;-0.60145;-0.5907;0.14185;0.41021;-1.0928;-0.40318;-0.86355;-1.1712;1.9884;-0.98709;-0.76404;-0.92174;0.39324
14;0.018406;0.017286;-0.013288;0.0011859;0.0081774;0.00099798;0.0039631;0.018762;-0.0032847;-0.0063701;-0.0061793;0.0049649;-0.0091983;0.0048258;-0.0091552;-0.0068262;0.0026028;-0.011879;-0.0085887;-0.0075245;-0.0035953;0.0065474;-0.010445;-0.0094651;0.0025172;0.0013005;0.0104;0.020413;-0.0096601;-0.006569;0.019305;-0.01216;0.017147;-0.0063186;-0.0051124;-0.014507;-0.0046167;0.0009791;0.0084731;-0.0077467;-0.011329;-0.0024301;-0.010236;-0.011466;-0.010932;-0.0066469;0.0014924;-0.0096104;-0.54157;-0.34362;-0.48605;-1.0733;-0.65605;-0.92646;-0.84574;-0.20582;-0.6364;1.8488;-0.29218;-0.43836;2.0819;-0.70735;-0.48783;-0.88677;1.4666;0.3456;0.026781;-0.95836;-0.046631;-0.13349;-0.83344;-0.50809;-0.23151;0.81783;-0.65192;-0.004697;-1.0048;3.1699;-0.62234;-0.56321;2.0641;0.14688;-0.14418;0.75554;-0.84303;1.7686;0.28029;-2.099;0.56936;-1.0208;-0.75085;-0.99636;0.49474;-0.75758;-0.46818;-0.89364
15;-0.0013751;-0.0094855;-0.0029917;-0.0084374;0.01322;0.015562;-0.015271;-0.010132;-0.0072039;-0.0040449;3.0706E-05;0.0002285;-0.011996;0.0038235;0.010154;0.013746;0.031694;-2.046E-05;0.014056;-0.0052555;0.0067262;-0.0045914;-0.0059699;-0.009324;0.0049901;-0.0012872;-0.0096952;0.019614;-0.0082626;0.0010344;-0.0024413;-0.011858;-0.0080242;0.00023461;-0.012373;0.011015;-0.0090791;-0.0087457;-0.007244;-0.010777;-0.011096;-0.0093453;0.0097583;-0.0055305;-0.0078726;-0.0051026;0.0057816;-0.008317;-0.15171;0.7489;-0.17611;-0.12155;-0.58644;1.8681;-0.89735;0.40343;-0.95702;-1.0604;-0.53801;1.3803;-1.1243;-0.7361;-0.97622;-0.61984;-0.96509;-0.61855;0.104;0.33105;-0.7854;-0.54301;-0.9202;-0.70454;-0.82968;-0.43237;2.305;-0.22733;-0.99158;-0.99113;-0.77782;-0.61218;-0.47509;-1.1121;0.164;-0.8757;-0.78153;0.17767;-0.81662;3.447;-0.83663;-1.0542;-0.13037;1.8511;-0.21056;-0.76019;-0.88533;-0.77574
16;0.0020456;0.010665;0.045567;-0.0070321;2.7027E-05;-0.0069897;-0.0076988;-0.0097758;0.015273;-0.0064591;0.0087394;-0.0098729;-0.0089434;0.0022568;-0.0078627;-0.0065723;-0.0090452;0.033065;0.0033519;-0.0085347;-0.011179;-0.010259;-0.0047442;-0.0057545;-0.0086692;-0.010023;0.010432;0.0016637;0.014509;-0.0075801;-0.0069697;-0.010329;-0.0050279;-0.0098399;-0.013896;0.011896;0.014278;-0.0077224;-0.0041386;0.014178;-0.0093106;0.0092654;0.004676;0.017505;0.0013344;-0.0014428;-0.00023734;0.015643;-0.7906;-0.6953;0.26686;-0.84869;-0.5748;0.25939;-0.89483;2.469;-0.90555;0.12389;-0.57778;-1.1195;-1.3277;-0.5537;0.21752;0.56209;0.28648;-0.7874;-0.52801;0.13715;-0.80953;-0.28666;0.26621;-0.34106;-0.61548;1.2431;-0.082973;0.20061;0.77926;-0.70478;0.1374;-1.1391;-0.24637;0.21223;-0.85723;-0.68144;-0.63014;-0.69587;-0.95306;2.0796;0.69116;-0.79982;-0.90284;-1.0852;-0.78467;-0.74489;0.59468;-0.045724
17;0.0058679;0.045114;-0.012476;-0.00823;-0.0059861;-0.0095264;-0.0051209;0.042494;0.0061875;-0.0059056;-0.0012362;-0.00096773;-0.0058056;-0.0097792;0.0063013;0.005165;0.0033305;0.0067688;-0.011005;0.016182;-0.0056981;-0.0068148;-0.0048924;0.013286;-0.0026557;-0.00101;0.0065919;0.010624;-0.0017999;-0.0091481;-0.0076165;0.030226;-0.00037729;-0.012888;0.027684;-0.0054657;-0.0076003;-0.006612;-0.0061862;0.0033776;-0.010054;0.00076203;-0.01165;-0.0075079;-0.0099447;-0.010179;-0.0022239;0.011087;-0.72644;-0.58843;0.17151;2.595;-0.5826;1.2253;3.1133;-0.89154;-0.40795;0.037324;-0.24493;-1.1648;-1.3372;-0.85316;0.25849;3.1361;-0.75193;-0.73426;0.75759;-1.3259;-0.71966;-0.70137;-0.23145;0.36656;-0.18291;-0.4869;-0.36653;-0.63094;1.3921;-1.3;1.644;-1.115;-0.68175;-0.27649;-0.85307;-0.18184;0.57524;3.1232;1.503;-0.92642;-0.8647;-1.0237;-0.62477;-0.31089;-1.0199;0.93376;1.8848;-0.51207
18;-0.0083838;-0.0079721;-0.0023587;0.022199;0.040976;-0.0036402;0.018318;-0.00805;-0.0035647;0.0034372;-0.0061731;0.028959;0.032956;0.0036664;-0.004815;-0.0051664;0.016884;0.012904;0.022808;0.0063535;-0.0089045;-0.0012403;0.0022971;-0.011416;-0.0061349;-0.004162;0.0089148;-0.0088938;-0.0021084;-0.010035;0.030478;-0.010747;0.016662;-0.0082113;-0.012323;-0.0031927;-0.010605;-0.0077422;-0.010411;0.005319;0.011987;-0.011251;0.0080247;-0.0020468;0.0052364;-0.0074782;-0.0070058;0.001225;-0.22898;-0.79891;-0.42989;-1.1673;-0.53084;-0.97651;-0.63631;-0.61495;1.5051;-1.0371;2.5567;0.51853;1.8505;1.2551;-0.98859;-0.25505;0.11326;-0.17174;-0.56879;-0.98604;-0.72055;-0.21775;-0.4456;0.69886;-0.68505;-0.58279;-0.68959;-0.093842;-0.90398;-1.2568;0.28957;-1.1412;4.6065;1.0255;0.16427;-0.98104;-0.74643;-0.78561;-0.95108;-1.4201;-0.37725;0.21869;-0.23013;-1.1947;-0.57056;-1.007;-0.84355;0.25301
19;-0.0081758;-0.0044863;-0.0083132;-0.0086785;0.0095865;-0.010805;-0.0052902;-0.0053269;0.0030213;0.011752;-0.0052288;-0.0034365;0.00068156;-0.0073667;0.015024;-0.0061757;-0.0046193;-0.008925;0.0019927;-0.0076111;-0.0085209;-0.0024704;-0.01382;0.052911;0.034246;-0.0065625;-0.0071748;-0.00412;0.015864;-0.0083761;-0.0094685;-0.0079437;0.00092499;-0.00056512;-0.010868;0.0034926;-0.0094241;-0.00077466;0.046498;-0.010048;-0.0074243;0.00035916;-0.012059;0.0012482;0.048818;0.040105;-0.0091289;-0.0070823;-0.36179;-0.72116;-0.53722;4.4754;-0.65671;-0.45304;-1.0927;1.3064;0.21231;-0.37454;-0.45111;0.3856;-1.2781;-0.74216;0.32769;-0.70403;-0.58172;-0.75295;-0.44234;3.4304;-0.83576;-0.73369;0.55784;-0.41367;-0.76715;-0.47404;0.29606;-0.6256;1.4576;-1.2994;3.1294;-0.99463;-0.83766;1.894;0.25006;1.6087;1.4956;-0.67133;2.7831;8.2316;0.66567;-0.99906;-0.16774;-0.25256;-1.0066;0.53971;-0.70759;4.0941
20;-0.0020655;0.0035565;0.04189;-0.0031168;-0.0080779;-0.010735;0.025849;-0.0026571;-0.0065157;0.0058466;-0.01051;-0.00025596;0.022931;-0.0055918;0.026623;-0.0082499;-0.00062395;0.0052285;0.0030147;-0.010681;-0.0070653;0.00090191;0.0019404;-0.0080619;-0.0078252;-0.011158;0.014209;-0.01167;-0.0085261;0.0027274;-0.0016921;0.0091026;-0.011092;-0.012728;-0.010379;0.03694;-0.0067132;-0.0053987;-0.010232;0.015727;-0.0098966;0.0004138;-0.012225;-0.0055226;-0.011223;-0.0015372;0.015816;0.0030767;3.029;0.83094;-0.16665;-0.68565;-0.6303;-0.8731;-0.94128;1.052;-0.82086;-0.72706;-0.26974;-0.43694;-1.3379;-0.98068;-0.58273;0.48923;-0.81748;-0.70748;0.91367;-1.2856;-0.3884;-0.69353;-0.77975;1.8863;0.19379;0.020626;1.0809;-0.28831;-0.90932;-1.1698;-0.10698;3.0743;-0.91963;-0.90377;0.59714;5.9473;1.2988;-1.0371;-0.41046;3.0181;0.84837;0.75067;-1.1714;0.38777;-1.0371;-0.33196;-0.92041;-0.92185
21;0.0072292;-0.0056965;-0.014236;-0.008828;0.01714;0.0052436;-0.0063727;-0.0017425;-0.0089023;0.0060348;0.00092492;-0.0099393;-0.0095433;-0.0018455;-0.0088466;-0.0097583;0.011677;-0.013226;-0.0088496;0.00038864;-0.0075872;-0.0092655;-0.01148;-0.0093432;-0.010666;-0.0065394;-0.0028903;-0.010577;0.0055059;-0.0077074;-0.0012837;-0.006951;-0.012021;0.026919;-0.0073954;0.013472;0.007086;-0.0061825;-0.0078745;-0.00754;0.0041877;-0.012431;0.0066309;-0.0099195;0.021169;-0.010258;0.0049725;0.001954;0.34301;-0.55466;-0.5033;-1.1513;-0.67549;1.5812;-0.47111;-0.83652;-0.44077;-0.91142;0.42224;-1.0701;6.3328;-0.74691;-0.93424;-0.62646;3.3735;0.75291;-0.61461;-0.35838;1.1159;-0.28946;3.6444;0.021228;-0.083861;-0.60295;-0.73056;0.15123;-1.0832;-0.85274;0.77629;3.7036;-0.95021;1.8968;-0.77293;-0.99386;-0.83232;-0.98255;-0.94344;-1.8748;-0.8808;-0.77981;-0.97743;0.17574;-0.86262;-1.0098;-0.74262;1.3512
22;-0.008175;-0.0084209;-0.011843;0.012934;-0.012245;0.0157;-0.0042776;-0.0028375;-0.0097134;0.0026229;-0.0022869;0.010459;0.0033705;0.003006;-0.0038865;0.00075285;-0.0084202;-0.0072416;0.019865;0.0046617;-0.012717;0.0072442;0.0055884;0.00459;0.0046111;0.0017815;0.00066964;-0.005798;-0.010122;-0.002452;0.040378;-0.0085522;0.0055265;-0.0048936;-0.013652;-0.014825;0.027463;-0.0071257;0.0036887;-0.0026928;-0.0079596;-0.0028345;-0.001043;-0.0054115;-0.0089031;0.015187;-0.00087252;-0.0063857;5.287;0.52119;-0.030386;-1.0551;-0.72844;1.2444;-0.82363;-0.11101;-0.63777;-1.0286;-0.18475;0.86145;-1.1951;-0.95183;1.1674;0.52308;2.436;-0.60866;0.0058655;2.1737;1.0775;-0.72714;-0.94025;-0.87401;-0.29396;-0.36198;-0.1654;-0.79199;-1.0644;-0.6677;0.61667;-1.0928;-1.0367;2.5805;-0.82386;0.019769;-0.66531;-0.71114;0.68668;-1.7717;-0.003117;-0.034034;0.22043;-0.74835;-1.0411;6.4644;0.64103;-0.94245
23;-0.0022541;-0.0036183;-0.0085796;0.00097746;0.0079809;-0.013148;0.014567;-0.010422;0.0072218;0.022407;0.012301;-0.0013549;0.0048453;-0.0098088;-0.0062361;-0.0057988;-0.0051507;-0.010848;-0.013066;-0.007275;0.0061689;0.0095019;-0.010825;0.0025823;0.0068882;-0.0015282;-0.011516;0.0082147;-0.0043634;-0.010511;0.013013;-0.0037087;-0.011089;-0.01145;0.0075037;0.04792;-0.0039141;-4.5035E-05;-0.0069804;0.0016559;-0.011458;-0.0030669;-0.0046455;-0.0045998;0.010067;-0.0057721;-0.012;0.0126;-0.7489;-0.75613;0.31137;-0.82214;-0.75498;-0.97654;-0.44393;-0.89051;-0.99986;-0.89828;-0.46064;0.17986;-1.3002;0.10454;-0.97361;-0.90781;0.36892;1.098;2.4162;-1.2579;-0.52098;-0.71691;-0.84318;-0.079572;-0.6322;-0.11985;0.16475;1.632;-0.40208;0.56481;-0.56737;-1.0953;-0.31485;2.2449;-0.65697;-0.28535;-0.35634;-1.0227;-0.74056;0.47339;-0.8703;-0.82049;-0.49719;0.31889;0.83456;-0.975;-0.47772;-0.59966
24;-0.01025;0.017055;-0.00035396;-0.0028854;0.031168;-0.0097623;-0.011418;0.012299;-0.0092494;-0.010012;0.0017939;0.00314;-0.0010084;-1.7933E-05;-0.0041277;0.019021;-0.0090314;-0.012237;0.00049819;-0.0060834;0.00067794;-0.0025731;0.014356;0.0043315;0.014883;0.0067151;-0.01152;-0.008137;-0.0053249;0.0059141;-0.0017677;-0.010658;-0.00035341;-0.010942;-0.00075483;0.0013265;-0.0053489;-0.00067439;-0.010087;0.0017006;-0.0035854;-0.0012694;-0.0084783;-0.0053372;-0.0061987;-0.0092815;0.01749;0.012487;-0.021854;1.9014;0.82197;-1.1481;-0.31904;-0.79608;-0.8782;-0.5418;-0.28396;3.594;-0.31597;-0.7427;-1.3174;-0.91158;-0.45394;0.58421;3.8501;-0.71484;-0.41777;-0.72723;-0.84735;-0.70384;0.98703;-0.83229;-0.83623;-0.61869;-0.58226;-0.52187;2.434;-1.2338;-0.56327;0.6472;-0.94248;-0.60564;-0.39116;-0.97637;-0.77784;1.829;-0.70365;-1.7401;-0.35764;-0.90931;-1.1559;-1.2617;-1.0208;2.4919;-0.87704;1.6854
25;-0.0068972;-0.0095724;-0.0031738;-0.0012616;-0.013311;-0.012392;0.0086402;0.021049;0.021907;0.0036475;0.010868;-0.0042477;0.0089594;0.006623;-0.0024427;-0.0034357;-0.0078368;0.028463;-0.012033;0.004968;-0.012909;-0.011639;-0.012974;0.0096785;-0.0095811;-0.0025563;-0.012906;-0.0050763;-0.0089666;-0.010661;-0.0096579;-0.00019006;-0.0099039;0.0055646;0.0020965;0.024443;-0.0095357;-0.00044037;-0.0044607;-0.00088476;-0.010457;-0.0017263;0.0090445;0.0039601;-0.0030377;-0.00083972;-0.011859;0.0001587;-0.17094;-0.49677;-0.48187;-0.43088;-0.012737;-0.77571;2.9072;-0.64176;0.060782;-0.58954;-0.58029;-0.5126;-0.82639;-0.38591;0.5666;0.070009;-0.50249;-0.75548;-0.20951;2.5016;-0.81552;-0.53699;-0.76068;-0.86093;-0.31557;0.60597;-0.59626;4.093;0.048604;1.4125;-0.32716;0.48713;1.9518;-1.1239;-0.16261;0.81505;0.79251;-0.89398;-0.29848;-1.6811;-0.79977;1.3702;-1.15;0.22728;-0.29524;-0.80325;2.0717;-0.77997
26;0.0042285;-0.0088901;-0.00065458;-0.0061823;-0.00526;0.01595;-0.00079217;0.0086485;-0.0073105;-0.010025;-0.0079041;-0.0070118;0.0063138;-0.0065371;0.012945;0.0095784;-0.0036002;0.01458;0.0069382;-0.0040477;-0.0029287;0.016076;-0.0030974;-0.0044594;0.0031063;-0.0010223;0.037963;-0.012163;-0.0030482;-0.007577;0.0014224;-0.0046277;0.014844;-0.01164;-0.0053959;0.013669;0.0017524;-0.00022511;-0.0079871;-0.0057812;-0.013387;0.004237;-0.0038245;-0.013684;-0.010108;0.025285;0.013295;-0.0085787;-0.70397;0.74487;0.48868;8.5678;-0.74143;-0.86488;-1.0359;-0.13839;-0.81187;0.58193;0.95888;0.77082;-0.659;0.86765;1.2057;-0.14448;-0.58445;-0.2901;-0.51198;-1.1285;-0.71723;-0.71762;-0.37797;6.4976;-0.68171;1.8978;0.012398;0.91188;-0.64979;-0.30489;-0.78096;-0.65692;-0.94854;0.62163;6.7749;-0.46486;0.15927;1.7623;2.5593;2.8833;-0.69004;-0.99051;-0.58904;3.1686;-1.0394;-0.49051;-0.81556;1.5596
27;-0.008599;-0.0076473;-0.01435;-0.00026997;-0.0051567;-0.001479;-0.0067613;0.0016913;-0.0010642;-0.0031386;0.0022504;-0.0045724;-0.00070886;-0.0047921;0.0062365;-0.0070156;-0.0066265;-0.013447;-0.0073868;-0.0069841;0.009252;-0.0072278;0.0059815;-0.0040519;0.023523;0.0053822;0.013193;0.00093613;0.019452;-0.00038387;-0.0054839;0.0065883;0.037463;-0.0085581;-0.0095918;-0.011107;0.00068641;-0.0055506;-0.0013326;0.023753;-0.0093137;0.01297;0.012141;-0.010621;-0.0041079;-0.012721;-0.0023922;-0.005497;-0.71359;-0.60245;0.21176;-1.0834;0.65439;-0.24289;-0.68827;-0.33976;0.71495;0.14848;0.53826;-0.73288;-0.12604;-1.0022;-0.20445;0.81588;-1.0148;-0.74835;-0.61927;-1.0062;-0.43508;-0.46973;3.1634;-0.73087;-0.7843;0.17855;-0.73681;-0.69762;2.4058;-0.81207;1.6722;-1.1533;1.3076;0.31512;-0.034223;2.7297;1.0065;-1.0176;-0.91706;-1.303;-0.64197;-0.63808;-0.81485;0.098702;-1.0386;0.82599;-0.8575;-0.92346
28;-0.00089306;-0.0079786;0.017706;0.0042727;-0.0016989;-0.009785;-0.0044683;0.0070493;0.0081217;-0.00034976;0.00082329;-0.012485;0.0070674;-0.0089441;0.0086677;-0.0079645;-0.00093052;-0.014315;0.0056325;0.01435;-0.010671;0.015865;-0.0036967;-0.0082306;-0.0096594;0.0069785;-0.00024457;-0.0047111;0.012771;-0.002197;-0.0050939;0.0039949;0.0030546;0.010996;-0.0012989;-0.0036197;-0.0057119;0.0021533;0.010783;-0.007148;0.0040357;-0.007938;-0.0046483;-0.0063034;-0.0053619;-0.0068939;0.0050326;0.016032;-0.38082;0.27306;1.6697;0.11695;3.6568;-0.97751;-1.0999;0.36173;-0.14511;3.5903;-0.25179;-1.0868;-0.51565;-0.99182;-1.0072;0.42651;-1.08;0.95493;-0.49975;-0.98919;-0.7967;0.3111;0.84792;0.10012;0.1038;-0.43055;-0.23395;0.75713;-0.50539;-1.1199;-0.77782;-1.0931;1.356;0.56389;-0.84179;-0.73883;-0.585;0.59818;-0.89046;9.5881;0.36108;-0.71502;-0.27718;2.174;0.44993;-0.2436;-0.87122;-0.34328
29;-0.0091196;-0.0029853;0.00033731;-0.0018004;-0.0062962;0.03654;-0.015419;-0.0063265;-0.00020264;-0.01087;-0.0072787;0.0012075;-0.0031138;0.0062041;-0.0048736;-0.0039532;0.0017164;-0.00057876;-0.010519;0.031365;0.0076131;-0.0096206;0.0075306;0.012398;-0.0057704;-0.009424;0.0077723;-0.004873;0.025666;-0.0033881;-0.0053977;-0.012677;0.0042769;-0.0052837;0.013467;-0.0056534;-0.010641;0.0072735;-0.0099216;-0.0068939;0.0066586;-0.0094924;0.0048967;-0.013457;-0.0083144;-0.0072167;-0.0081899;-0.0015157;-0.75731;-0.64166;-0.61395;-0.91766;1.8949;-0.7491;-0.44094;-0.59414;3.6886;-0.86938;-0.12696;-1.172;-0.3103;0.8508;2.9199;-0.91163;0.34773;-0.76269;0.12365;-0.035998;-0.28475;-0.68301;0.362;-0.7753;-0.23466;-0.20149;1.9702;1.047;-1.0266;-1.1911;-0.46529;1.5154;-0.34825;-1.1414;-0.43679;0.29617;1.3944;-0.75855;7.1846;-0.17217;-0.86581;0.099682;6.1981;0.31189;2.2558;2.4597;4.0428;-0.87525
30;-0.0049975;-0.0088011;-0.012185;-0.003883;-0.013414;0.0052121;-0.0087604;-0.0071871;-0.0099122;-0.0097344;-0.0028204;0.01529;0.0017636;-0.0034271;-0.010311;-0.0086295;-0.002727;-0.0095299;-0.00098043;-0.0050512;0.0049844;0.010854;0.0078122;0.045826;0.001184;0.035683;-0.0052883;0.0010169;-0.011012;0.0079856;-0.0099773;-0.0054968;0.0025354;-0.011624;0.015132;-0.009179;-0.0098727;0.0037083;-0.0040421;-0.011027;0.027223;-0.010637;-0.011598;0.00020686;-0.0074512;-0.0046568;0.0033631;0.0098417;0.12729;-0.77624;1.216;-0.77975;-0.68875;3.593;0.95811;-0.84672;-1.0043;-0.40294;1.6118;-0.58831;-1.307;-1.0094;-0.51045;-0.5858;0.28791;0.59736;-0.13925;-1.3282;1.1793;2.1714;0.48428;-0.81794;-0.82896;0.3135;-0.61167;-0.75961;-0.22852;0.7306;-0.7576;-1.1392;-0.75594;-0.82002;-0.8571;-0.93319;-0.75883;-0.4727;-0.78001;3.9475;-0.56242;4.4909;0.54984;-1.3513;0.36291;1.5863;0.4284;0.57776
31;0.0018502;-0.00075283;-0.011402;-0.0012633;0.0014706;-0.0013498;-0.0015012;-0.010448;-0.0050907;0.0053572;-0.0056101;-0.0062218;-0.0077582;-0.00512;-0.0090482;-0.0035821;-0.00076998;-0.0067017;-0.0026592;-0.010054;-0.0070175;-0.0031117;-0.0098276;-0.0015908;-0.010306;0.029398;-0.0050832;0.0032019;0.0024004;0.0059537;-0.010557;-0.0041832;-0.0093484;0.032643;-0.0023408;-0.0025884;-0.0054077;-0.0071633;-0.0026799;-0.0037781;0.024733;-0.010599;-0.0056863;-0.006652;-0.008196;-0.0089084;0.024826;-0.0043431;0.52256;-0.77033;0.12677;6.5416;-0.37443;-0.85016;2.3629;0.69572;2.6099;-1.0518;-0.1093;-0.41246;-0.21969;0.42704;-0.2224;-0.44557;-1.0176;-0.29279;-0.52039;-0.60966;-0.84206;-0.54349;-0.90439;-0.44005;-0.68742;-0.068591;-0.61915;0.49356;0.29746;-0.91483;-0.77322;-0.93143;0.20465;0.76697;-0.82959;-0.86511;-0.24546;-0.9886;-0.76146;-1.9263;-0.26276;-1.0568;-1.0192;-0.83635;3.4699;-0.81057;-0.72816;-0.47254
32;0.0083272;0.0057948;-0.0055819;-0.008276;0.022282;-0.010998;0.029079;-0.0091227;0.0099616;0.028206;-0.0078642;0.020422;-0.01074;0.039349;-0.011885;0.011472;0.017023;-0.0099076;-0.011562;0.0011557;0.011742;-0.0059177;-0.0098856;-0.0022544;-0.0089006;-0.0056396;0.010737;-0.0049057;-0.0042701;-0.0096356;0.0029993;-0.0092395;0.0030737;0.029267;-0.0087608;-0.015304;0.00098746;-0.0090559;-0.0082582;-0.0049878;-0.0083186;-0.0023819;-0.01225;0.0022026;-0.0065565;0.012188;-0.0073283;-0.010465;-0.67095;-0.78596;0.70486;-0.81283;-0.017769;2.1705;-1.0945;-0.46597;1.2772;0.5273;-0.4222;-1.0302;-1.2575;0.16322;1.5259;0.3225;0.51041;1.6321;-0.58624;-1.3203;-0.36078;0.18791;-0.87364;-0.53357;-0.80033;-0.52436;-0.56575;-0.76191;-0.67588;-0.88023;-0.57807;-0.036994;-0.83605;0.11683;-0.73947;-0.95001;0.11606;-1.0404;-0.86201;1.3323;-0.58759;-1.026;0.029119;-1.1581;5.161;0.42323;0.036252;-0.76289
33;-0.003813;-0.004015;0.0066516;0.0013143;-0.0098792;0.011454;-0.011604;-0.0062872;-0.0094071;-0.0084965;-0.0048659;0.0019423;-0.0042371;0.0077711;-0.0056953;0.016665;-0.0067025;-0.014558;0.0071404;0.010096;0.0023569;-0.010638;-0.010419;-0.010906;-0.010402;0.014488;0.015652;0.010887;-0.0076039;0.00044495;0.041061;-0.0088971;-0.0083944;-0.0044741;-0.011009;-0.0099237;-0.0054433;0.0067534;0.0074188;0.020323;0.029279;-0.00089569;-0.00025119;0.00032334;0.032514;-0.011911;0.0199;-0.0039796;-0.78901;1.5558;-0.54746;0.42581;1.6591;0.19781;-0.50264;0.065627;-0.66187;1.2778;-0.52122;1.7476;-0.1611;-0.61927;-0.93374;0.41944;0.68504;-0.57187;2.1692;1.4647;-0.22948;-0.50755;0.67206;-0.88149;-0.20587;-0.15181;0.66978;-0.73262;-0.7038;-1.2862;-0.078719;-0.93292;-1.0403;-0.26588;-0.32904;0.18221;0.27333;-0.76546;-0.66247;0.80764;6.6794;-1.0186;-1.1566;-1.3166;-0.9748;-0.68196;1.3741;0.22219
34;-0.0064103;-0.0056028;-0.0019163;0.0076026;-0.01222;-0.00086573;-0.0084486;0.0031142;-0.0061273;0.035563;-0.0094644;-0.0013056;-0.01146;-0.0037138;0.0015944;-0.0052098;-0.0054783;-0.00053229;-0.011547;-0.00027548;0.00061124;-0.0020813;-0.0013728;0.019132;-0.0046313;0.0069949;-0.010968;0.0075658;0.0072996;0.010559;-0.0095529;0.0045566;0.0059565;0.011366;0.013837;-0.0052419;0.033201;-0.0088574;0.0049;0.019991;0.0052605;-0.0022604;-0.010558;0.015064;0.0022393;-0.008124;0.0034823;0.0025213;-0.58493;-0.40025;-0.5668;0.35641;2.0115;-0.21357;-1.0186;3.7259;-0.61712;-0.40998;-0.52053;0.26564;-1.3066;-0.32964;-0.94641;0.96293;-0.20148;-0.79522;-0.61927;-0.2706;5.3651;0.61793;-0.87199;5.6533;-0.85054;-0.53043;-0.71036;1.0438;0.19883;0.39263;0.091236;-1.0994;1.8712;-1.064;-0.75094;-0.3723;-0.7679;-0.22456;-0.92697;0.45884;-0.85742;0.40811;1.2144;2.2526;0.13972;0.59496;0.16339;-0.63986
35;0.0082269;-0.0081409;0.0060406;0.0028089;-0.0075649;-0.0086178;0.0097281;-0.0094576;-0.0067998;-0.0095561;0.018735;-0.0048058;-0.0075906;-0.0018989;-0.011297;0.0059322;0.013356;-0.0064544;-0.0093616;-0.0050406;0.0054439;-0.004662;0.0061984;-0.0096185;-0.010426;-0.00083262;0.010969;-0.0086701;-0.002745;0.02056;-0.01045;0.011066;-0.003454;0.006703;-0.0069406;-0.0071248;-0.0051428;-0.0023898;-0.0070402;-0.0044839;0.012455;-0.0092299;-0.0022134;0.0053532;0.00037845;-0.0033403;-0.0092915;-0.0086394;-0.66761;2.2914;-0.4307;0.26292;-0.71598;-0.95329;-0.83875;-0.78609;-0.67246;-0.59373;-0.52702;-0.85613;-1.1794;-0.91528;1.5544;-0.94724;-0.82223;0.34158;0.21941;-1.3025;-0.42202;-0.2929;-0.92814;-0.73636;0.18073;-0.4936;-0.589;-0.78666;-0.76613;0.91691;-0.65048;-0.44;-0.85113;-0.95905;0.9901;-0.74665;-0.47199;1.5338;-0.9111;-2.0688;-0.87888;-0.36954;-0.42818;-1.3477;-0.86107;-0.33399;2.9734;0.058686
36;-0.0020244;0.0072454;0.011015;-0.0075434;-0.0020379;-0.0058183;0.0061765;0.012227;0.025869;-8.3485E-05;-0.0074852;-0.0092464;-0.0085645;0.0028714;-0.0017288;-0.0080788;0.0045457;0.024827;-0.002038;-0.0072528;-0.009891;0.014596;0.011077;-0.011034;-0.0050097;-0.011639;0.012751;-0.010762;-0.0063285;0.031607;0.0063628;-0.0003343;0.03925;0.00014449;-0.010672;-0.012909;0.0092528;1.0511E-05;-0.002849;-0.004944;-0.013705;-0.012413;-0.0046351;0.0041338;-0.010778;-0.00077447;-0.0026667;0.00033978;-0.77199;1.3804;-0.58766;-1.1598;0.069021;-0.88214;-0.24734;-0.56149;-0.98934;1.6761;-0.15787;-1.0107;0.47307;0.09705;-0.062282;-0.83866;-1.09;-0.3103;-0.6068;-0.34596;-0.7177;-0.65084;-0.77054;-0.94417;-0.68904;0.29851;-0.67074;0.63304;-1.0167;-0.57222;-0.55507;-0.88969;3.4547;-0.41947;-0.62622;-0.46897;-0.61554;-1.0376;0.041585;-0.94481;-0.6039;-0.81766;3.1214;1.529;2.081;-0.88594;-0.60241;0.64762
37;0.010999;-0.0030058;-0.00036186;-0.0069818;-0.013237;0.009652;0.0044221;-0.010528;-0.0078521;0.00046714;0.00079021;0.0052892;-0.0048756;-0.0098728;-0.0083172;-0.0099763;-0.0054405;0.017438;-0.012178;-0.0027253;0.005661;-0.0043329;0.029096;-0.0078493;-0.0089114;-0.0095361;-0.0066874;0.00078036;-0.011145;-0.0056816;-0.002749;-0.0066536;0.029887;-0.0049356;0.0025852;-0.00076374;-0.0055326;0.010526;-0.0019218;0.012849;-0.0046643;0.012615;0.044109;0.018955;-0.0082876;-0.0032208;-0.0074442;0.00081331;1.1421;1.0541;-0.21147;-0.85275;-0.59672;-0.66033;0.6079;-0.81306;0.26899;-0.94959;0.71969;2.6415;-0.097403;1.4772;-0.82745;-0.6169;1.2294;-0.61282;1.7631;-1.2728;-0.78702;-0.53603;2.583;-0.90651;-0.056527;-0.30167;2.1123;-0.32142;1.3083;1.9755;-0.78346;-1.1537;1.8191;-0.9586;-0.48079;0.68484;-0.49011;-1.0365;-0.56331;-1.767;-0.84039;-0.93864;-0.98996;0.54727;-0.9934;-1.0103;0.021586;-0.78534
38;-0.0065135;0.011986;-0.01369;0.00022341;0.007227;0.0053354;-0.013396;-0.0064295;0.00063601;-0.0067917;0.0049428;-0.0024453;0.0078191;-0.0011092;0.0032878;0.0056165;-0.001692;-0.0089287;-0.0080905;0.026171;-0.0024578;0.012032;-0.01375;-0.005017;-0.0044623;-0.0077703;-0.0069675;0.0011681;0.022306;-0.008804;-0.009606;-0.009443;0.000176;-0.0074845;-0.00041279;0.017232;-0.0067577;-0.0085261;0.0038118;-0.0066542;-0.0087443;0.0017526;0.017326;-0.0087757;-0.0088467;0.014;-0.011942;0.0058207;-0.2154;-0.053107;-0.33606;0.072932;0.25478;-0.64384;0.24078;-0.87925;-0.9933;-1.0854;1.1134;0.10128;2.3268;0.4142;2.3572;-0.61099;-0.85033;-0.79771;1.2338;2.3203;-0.67661;-0.54052;-0.92552;0.37801;-0.49878;-0.59561;-0.7252;1.1955;-1.0755;3.7878;-0.65044;-1.1186;0.13846;-1.002;-0.81532;-0.79801;-0.66644;-0.54081;-0.71864;-2.0878;-0.78216;-0.18732;0.33141;-0.22256;-0.23676;0.12548;-0.62063;-0.95577
39;-0.008054;0.0077877;0.0053657;0.010647;-0.011608;0.0055583;-0.0093628;0.021078;0.003887;4.3797E-05;0.008766;-0.0059717;-0.010785;0.00018498;0.010604;-0.0053474;-0.0060585;0.012632;0.0030995;-0.0065329;0.021423;0.0042289;0.026668;-0.0031593;0.0034568;-0.011336;-0.0073075;-0.0040464;-0.0034484;0.018004;-0.007753;-0.0017045;0.0033726;0.00083947;0.02788;-0.012995;0.017993;-0.0072214;0.026121;-0.0085143;0.0093618;0.018835;-0.0014954;0.0048319;-0.0024832;-0.0064936;-0.0027853;-3.8626E-05;-0.75137;1.3484;-0.42032;-0.73377;0.93062;-0.062285;1.4493;-0.81278;-0.62894;-1.0659;0.7666;-1.138;-0.71586;-0.80579;1.1938;-0.88787;0.18592;4.0941;-0.21946;0.35472;-0.37363;-0.3956;-0.029156;-0.76544;-0.69797;-0.37639;-0.56056;-0.3001;0.99362;-1.2921;-0.4988;-1.0636;-0.98726;-1.107;-0.63996;-0.76192;-0.84421;-0.67406;-0.18512;-0.9764;-0.26844;0.2424;-0.63681;-1.2183;2.2422;-0.58039;-0.76666;-0.28564
40;-0.0021176;-0.0030437;-0.0085869;-0.0067499;0.011823;0.016167;-0.0028437;-0.010057;-0.010284;-0.0011918;-0.0092932;-0.010869;-0.0035686;0.0085114;0.00094273;0.038071;-0.0010483;0.0059869;-0.005507;-0.0098946;-0.012151;0.015682;-0.0098475;0.0060263;0.0079529;-0.0081223;-0.0064128;0.029536;0.0019965;-0.0094457;-0.0048806;-0.0073428;-0.0071819;-0.0038317;-0.0043545;0.077659;-0.0061096;0.010805;-0.0093957;-0.010516;0.031089;-0.013058;-0.012749;-0.0066891;-0.0018208;-0.0033369;-0.0091676;-0.010605;0.3452;-0.69218;-0.4862;0.40713;1.1948;-0.27843;-0.86776;-0.80982;0.93394;-1.0343;0.35742;5.3666;-0.82268;-0.035264;-1.0077;1.9781;0.89135;-0.78046;-0.14955;-0.81933;-0.47723;-0.47524;-0.53969;-0.48279;1.2734;0.086103;-0.74445;-0.65384;-1.0826;-0.065624;-0.77214;-0.32732;-0.7594;-1.1431;2.5009;-0.82517;2.2694;2.2474;-0.95313;-1.9195;0.77094;-1.0458;-0.89311;1.6777;-0.95255;2.2281;-0.69929;-0.62648
41;0.013065;-0.0057346;-0.011748;-0.00020042;0.02247;-0.012391;0.00059244;-0.010015;-0.0021909;-0.0072367;-0.0078775;-0.012585;-0.0001199;-0.0050482;-0.0045961;0.029971;-0.003359;-0.0034582;0.012846;-0.0074308;-0.00013676;0.013416;0.011312;-0.0077339;-0.011249;-0.0080659;-0.0068248;0.005479;-0.0081547;0.013792;0.01133;-0.0072043;-0.0031437;0.04572;-0.013152;-0.011707;-0.0081865;-0.0088411;0.0097624;-0.0095244;0.00061353;0.0095404;-0.0052167;-0.006748;-0.0029695;-0.0059698;-0.0026218;-0.0006231;0.38833;1.6203;0.22163;-0.94094;-0.67385;-0.71811;1.693;-0.88976;-0.34468;-0.99337;-0.54587;0.29643;-0.86533;-0.9307;-0.66571;0.7392;-0.83338;-0.611;-0.6178;-1.3256;-0.046972;2.9804;-0.84666;0.3133;-0.78113;-0.15066;0.83249;-0.5521;-0.18731;-1.0941;-0.59191;3.831;-1.0701;-0.41252;-0.61274;-0.89714;-0.82213;2.8981;-0.44532;1.6729;-0.64731;-1.0064;-1.1711;0.62109;-0.088803;-0.99654;-0.65876;-0.92879
42;-0.0019167;0.0095354;0.0055716;-0.0088986;-0.0056936;-0.0061238;0.020091;0.019401;-0.0018422;0.0023621;-0.0055575;-0.012831;-0.0095326;-0.0093724;-0.0097265;-0.0038038;-0.001232;0.010991;0.012732;0.023661;0.0071703;0.0044093;-0.0070908;0.012835;0.019375;-0.0010847;-0.012279;0.0026832;0.0038319;0.0092708;-0.0083627;0.057606;0.012109;-0.009236;-0.012917;-0.01139;-0.00884;0.0059125;0.010043;-0.0082548;-0.0035819;-0.0096194;-0.01065;-0.013198;-0.002266;0.0027172;-0.0047636;0.014536;-0.60631;-0.20633;-0.030299;-0.27472;-0.20911;-0.89778;-1.0885;-0.70787;0.29679;2.1675;-0.56331;-1.1591;-1.1921;-0.70618;-0.91347;2.7317;1.3947;-0.41181;0.52406;-1.2623;0.72351;-0.33946;0.089574;-0.88137;-0.85099;-0.55957;-0.73269;0.99543;3.1982;-0.58521;-0.5052;-0.92214;-0.63127;-0.0095768;1.3115;1.4815;-0.82785;-1.0384;0.28506;-2.0841;-0.37256;0.038731;1.6859;-1.2447;-0.58421;-0.34054;0.15593;0.69852
43;-0.0067297;0.0095193;-0.0079659;0.0052198;-0.0066277;0.0066658;0.013814;-0.0061213;0.0046814;-0.0046608;-0.0027153;-0.01288;-0.011709;0.018278;-0.0052014;-0.0083364;-0.001767;-0.0098542;-0.012571;-0.003519;-0.0045372;0.012453;-0.0089749;-0.008732;0.0032753;-0.0034063;-0.0070776;-0.0053579;0.017046;0.0011904;0.004096;-0.011043;-0.002548;-0.013273;0.0010436;-0.0054124;0.030306;0.0002242;-0.0057609;0.0094115;0.0030714;0.001283;-0.0039818;0.011281;0.0012218;-0.010452;0.014191;0.01381;-0.6658;0.061971;-0.55;0.92414;0.11519;-0.64104;-0.78872;-0.64283;-0.54073;0.28118;0.61383;1.223;-0.37289;-0.22614;-1.0105;-0.73538;-0.99001;3.2694;-0.35648;3.2042;-0.032233;4.2738;2.0841;-0.8116;0.15451;-0.57354;1.2769;-0.78408;0.4538;-0.50642;-0.68996;-0.17642;-0.29993;-0.64112;-0.68726;-0.8172;0.19046;-0.94701;-0.94147;8.1385;1.2648;1.447;1.9051;-1.3106;1.5257;-0.94934;-0.89166;-0.4638
44;-0.010618;-0.010832;0.0051149;-0.0045546;-0.0028867;0.0061876;0.024072;0.029068;0.0010017;-0.011312;-0.010463;0.014523;0.00025932;0.0021828;0.025128;-0.007452;0.015766;-0.0075768;0.0065237;-0.010838;0.022267;-0.0082003;-0.0058193;-0.003214;-0.00067138;-0.011629;-0.006233;-0.010795;0.015263;0.011381;0.017295;-0.0016841;0.008632;-0.0094867;0.001978;-0.014148;-0.0039019;-0.00028897;-0.0075085;-0.0047824;-0.0076814;-0.011074;-0.0059586;0.030589;-0.0087242;-0.0077303;-0.0083111;0.0016345;0.037876;-0.46044;-0.37544;-1.1455;-0.67434;-0.76258;-0.46657;-0.5164;-0.35274;0.82401;0.35208;-1.1501;-0.34562;-1.0041;-1.0106;-0.84584;-0.75775;1.6303;-0.042003;-1.1765;1.1615;0.29803;0.15822;-0.89627;0.4961;-0.4746;-0.70797;-0.24918;-1.0813;-1.2997;-0.16363;0.17896;-0.48574;-0.84881;0.29054;0.99094;-0.76259;-1.0405;-0.90737;-1.1835;0.81002;-0.96109;5.3847;-1.0519;-1.0191;-0.38393;-0.31964;0.82016
45;-0.0023475;-0.010666;-0.012623;0.015142;-0.00034695;0.010922;0.018463;-0.0092689;-0.010491;-0.0099249;-0.0095903;-0.0025345;0.0044075;-0.0086547;-0.0058388;-0.0067082;-0.0073841;0.043022;0.034571;0.014826;-0.010771;0.0087716;-0.0071234;-0.0076541;0.00024339;0.0098582;-0.011966;0.017559;0.0007033;0.051562;-0.0097903;-0.0071517;-0.011339;-0.011459;-0.0025338;0.022692;-0.002709;-0.0035357;-0.0096659;-0.000698;-0.0036679;0.009003;-0.0037804;-0.013308;-0.0096456;0.018313;0.0073167;0.0065423;-0.77665;-0.61016;-0.17229;0.47344;-0.63715;-0.32301;-1.054;-0.69848;-0.92715;-0.65467;-0.081458;-1.1187;7.3256;-0.94553;-0.86502;0.23048;-1.1237;-0.13487;-0.49616;-0.61901;-0.73501;-0.72531;-0.73238;-0.94361;2.8763;0.7238;2.7364;-0.40803;-0.76927;0.77765;3.2042;2.0582;0.95587;-1.1413;-0.2291;1.1492;1.2387;-1.0149;0.27624;-2.0706;-0.7057;-0.97583;-1.1669;-1.3765;-0.19975;-1.0038;1.8027;0.94394
46;-0.0043083;-0.010167;-0.0080369;-0.0018;0.00019941;-0.0080735;-0.01501;-0.0096705;-0.0036881;0.024697;0.009819;-0.01174;-0.004365;0.0022173;0.028881;-0.011359;-0.0046223;0.036636;-0.00015146;0.0088581;0.0052774;-0.0061053;-0.012901;-0.011828;-0.0086912;0.0074966;0.0052919;-0.00016759;0.0033329;0.0011394;0.0008483;-0.012162;-0.0046963;-0.010313;-0.0063848;0.022549;-0.0049787;0.0013554;0.014251;0.00448;0.024004;-0.0020875;0.013834;0.045855;0.023351;0.030447;-0.0091343;0.0067524;3.3837;-0.42862;-0.56914;1.3088;-0.67754;-0.96034;-0.91781;2.9267;-0.9641;-0.39075;-0.49275;-0.066615;-1.081;5.6112;-0.52781;0.56214;0.59869;-0.23586;-0.59773;-0.97307;3.3677;-0.73439;1.1692;-0.70329;0.19176;-0.31135;-0.69053;-0.75386;0.07065;0.30915;-0.668;-1.1539;-1.0273;-0.63405;-0.74835;-0.85417;0.013792;-0.15794;0.27622;1.7398;-0.47271;1.4973;-0.72364;-1.3781;-0.37519;2.1757;-0.79491;-0.82377
47;0.0028062;0.017271;-0.0065061;-0.0079706;0.002247;-0.0067949;0.019712;-0.0046759;-0.0014499;-0.0007229;-0.0059046;-0.0070085;-0.0042044;0.01496;-0.0069068;-0.0079817;-0.0047049;0.014141;-0.0096065;-0.0048742;-0.0078161;-0.010655;0.023014;-0.0074549;-0.0078268;-0.010066;-0.0055048;-0.012085;0.0069844;-0.0060684;-0.0053488;-0.0040652;-0.012517;-0.0083121;0.020459;-0.011708;0.0071697;0.0020264;-0.0072477;-0.0083336;0.0083825;-0.0053907;-0.012257;-0.00077631;0.0050924;0.018474;-0.012194;-0.0083438;-0.1018;0.61893;-0.5295;-0.71952;-0.54414;-0.94184;0.39317;-0.85493;0.73796;2.3999;0.035673;-0.14001;0.18973;-0.98124;-0.53707;-0.79299;1.3279;0.81326;-0.61358;-0.46931;-0.79712;-0.72454;0.31925;0.55975;-0.83046;-0.34607;-0.74238;-0.69623;1.0831;-0.85419;-0.59552;0.30725;-0.94214;0.36671;-0.26407;0.078036;0.14942;0.17354;-0.7291;-1.9568;-0.66658;1.4224;-1.0134;1.4548;-0.94215;0.32555;-0.85923;4.6639
48;0.0032742;-0.0071305;0.0045341;-0.0070272;-0.0080548;0.011187;0.0061661;0.0049553;-0.0088753;-0.0054564;-0.0082074;0.015959;0.030676;-0.0031543;-0.0080259;0.00014052;0.010618;-0.0099886;-0.006413;0.018415;-0.011497;-0.0052148;-0.004799;0.0147;0.0007598;-0.011195;0.00099194;-0.0034093;-0.0019621;-0.0059342;-0.0094201;0.0034758;-0.0016327;0.021513;-0.0076975;-0.0058596;-0.0061528;-0.0050386;0.0043456;0.0040689;-0.010338;0.019953;0.028684;-0.001848;0.0099145;-0.0082601;0.026384;0.00076394;-0.39449;-0.7937;-0.50702;-0.293;-0.43193;-0.28324;6.8405;0.050434;0.24382;-0.77859;-0.10816;0.31164;-0.79522;-1.0093;-0.024298;-0.63686;-0.89004;0.81536;0.37121;-0.45273;0.37841;0.46424;-0.65476;-0.57088;-0.012265;1.2187;1.7736;-0.45065;-0.40779;0.10456;1.0972;2.5243;2.1452;-0.21369;1.6105;-0.99602;3.731;-1.0025;-0.93932;-1.194;-0.51223;1.9061;-1.1673;-1.386;2.8702;-0.71461;-0.5797;-0.38417
49;0.010678;-0.0036348;0.022123;-0.0048687;-0.0096913;-0.011902;-0.0077011;-0.0083957;0.0024447;-0.009207;0.033236;-0.00079738;-0.0091231;-0.0009217;-0.009232;0.00048387;-0.0045293;-0.014316;-0.0084817;-0.0027643;-0.012094;0.017536;0.056157;-0.0062842;0.027761;-0.001861;0.017686;0.0017429;-0.009425;-0.0054364;-0.0024944;0.044853;-0.01188;0.0012977;-0.00045979;-0.012557;-0.0088857;0.015226;0.022466;-0.0056001;0.001434;0.0050699;0.018739;0.00053335;0.0056699;-0.0037608;0.0014471;-0.0061823;0.1372;-0.72813;0.54165;-1.1433;0.69188;0.31181;2.1585;-0.51646;-0.8661;-0.87905;-0.58171;-0.58225;-0.099583;2.4293;-0.99522;0.35113;-0.20729;3.3888;-0.5232;-1.3277;-0.76647;-0.72537;-0.72881;0.39683;1.4662;1.6317;1.7495;-0.61185;0.65422;7.0413;-0.76221;-1.0907;-0.39954;2.6852;0.49334;-0.49055;0.13121;-1.0024;-0.94216;-2.0463;-0.59117;-0.79935;0.32684;-0.61072;-0.28872;-0.58324;1.3624;-0.71197
50;0.019446;-0.009554;-0.0084096;-0.0016676;-0.0021587;0.0032584;-0.00040247;0.0040425;-0.0027864;0.010362;0.0013365;-0.010038;-0.012849;-0.0094305;-0.0059866;0.020505;-0.0084988;0.012835;0.040177;-0.0097123;-0.0097725;-0.0059395;-0.009882;-0.0082306;-0.0080726;0.00088015;-0.010184;-0.00062838;-0.007874;-0.0095184;-0.0059077;0.0078813;-0.01393;-0.01243;-0.0090027;-0.0066758;-0.0041621;0.019805;-0.010375;-0.0086042;-0.011812;0.013376;-0.0074791;-0.0054448;-0.0015749;-0.009557;-0.0026261;-0.005198;-0.78835;-0.77855;-0.5521;-0.73196;-0.29763;-0.92762;0.92047;-0.68568;-0.97513;-1.0545;-0.58156;1.4037;-1.2305;-0.96613;-0.14524;2.6181;-0.49324;-0.79643;0.83641;-1.0812;1.0665;0.20046;0.12742;-0.67169;-0.74973;0.21993;1.2363;-0.79079;-0.89188;-0.82663;-0.78392;-0.66303;0.25474;1.1164;-0.58657;-0.77146;0.70868;2.012;-0.39271;-2.0251;0.074832;-0.38226;-1.1251;-0.98611;-0.98267;-0.96829;-0.82416;-0.31477
PARTICULAR
GAIN
81
