TITLE;72 random variables, variable gain
FOCUS ON;
EXPERIMENT TYPE;SingleAmongManyVaryingGain
PARAMETERS
normalization;Center
pcaRecompositionThreshold;0.95
component;1;2
type;RandomWeibull;RandomWeibull
p1;0.111111111111111;1
p2;1;1
RESULTS
COMMON
distance
which;Manhattan(Average);Manhattan(GeometricAverage);Manhattan(Median);Manhattan(Minimum);Manhattan(MinimumTimesMedian);Manhattan(Summation);Euclidean(Average);Euclidean(GeometricAverage);Euclidean(Median);Euclidean(Minimum);Euclidean(MinimumTimesMedian);Euclidean(Summation)
plain;0.98071;0.97896;0.97715;0.82354;0.80472;1201.4;0.16019;0.15879;0.15877;0.11192;0.017769;196.23
PCA;1.0238;1.021;1.0177;0.81674;0.83121;1254.2;0.21387;0.20711;0.19983;0.12086;0.024152;261.99
DE00;1.056;1.06;1.059;0.87228;0.88719;1304.2;0.41432;0.33238;0.3382;0.15729;0.040749;432.15
DE01;1.0629;1.0558;1.0497;0.87539;0.88682;1299.4;0.34381;0.32754;0.35139;0.15479;0.045023;497.18
DE02;1.0695;1.0593;1.0594;0.87375;0.88646;1304.3;0.37432;0.31616;0.3412;0.15991;0.038577;419.63
PCA
weights;0.00016139;0.0081836;0.010916;0.012746;0.018553;0.022078;0.024501;0.016838;0.022961;0.014887;0.018699;0.010792;0.01374;0.0046823;0.0097501;0.015193;0.011681;0.017486;0.010339;0.01862;0.011176;0.011843;0.019041;0.010733;0.0079522;0.017741;0.0097591;0.01022;0.017247;0.010873;0.0052631;0.021023;0.0067566;0.011332;0.0064272;0.0090048;0.012575;0.0077036;0.010228;0.0065862;0.0068851;0.046394;0.010248;0.021435;0.0067448;0.012726;0.0095581;0.011028;0.016567;0.0077744;0.029398;0.014498;0.010007;0.019942;0.027219;0.016674;0.0095396;0.012553;0.013502;0.0085303;0.014725;0.027479;0.014848;0.012177;0.017336;0.015569;0.01921;0.012864;0.0085371;0.014894;0.011506;0.01334
differential evolutions parameters, by distance type
i;dDE / dP;distance;type;parentWeight;crossover;population;iterations;distance;weights ->
1;1.0838;1.0629;2;0.85;0.5;50;50;Manhattan(Average);0.00086438;0.0024039;0.0063063;0.0074276;0.038791;0.036715;0.032235;0.044606;0.048066;0.03769;0.035812;0.0022152;0.0083438;1.1015E-05;0.0023584;0.013556;0.003403;0.0087841;0.0018304;0.038833;0.0022655;0.0032327;0.033901;0.0068769;0.003345;0.00061467;0.0010268;0.0024116;0.0083293;0.0012677;0.00068025;0.016165;0.0018612;0.0086994;0.0017776;0.00086805;0.009217;0.0028308;0.0064545;0.00025508;0.00029827;0.048209;4.2911E-05;0.042842;0.0005864;0.0039205;0.0029966;2.8351E-05;0.041884;0.0048222;0.025781;0.0017816;0.0080698;0.047899;0.041325;0.0344;0.00017385;0.0020554;0.0028979;0.0020204;0.0023422;0.048042;0.034195;0.016187;0.011452;0.031435;0.036569;0.00069348;0.0016304;0.0034351;0.0036278;0.016024
2;1.0905;1.0695;2;0.85;0.5;50;50;Manhattan(Average);5.6115E-05;0.0012533;0.0010674;0.010365;0.051006;0.050827;0.04021;0.048852;0.02885;0.01943;0.055597;0.0031299;0.018276;0.00010893;0.0013219;0.00031839;0.00059311;0.0068693;0.0059532;0.002977;4.0547E-05;0.0057349;0.045377;0.0034184;0.00077141;0.016333;0.00084813;0.00069135;0.01588;0.0061459;0.0043042;0.0066955;0.0058754;0.00062918;0.0028958;0.0036945;0.021768;0.00047152;0.0003737;0.0035161;0.002379;0.056143;0.00057864;0.044865;0.0010759;0.00017984;0.0046869;0.0014323;0.010536;0.0083793;0.048737;0.00057524;0.00030622;0.054882;0.050931;0.018928;0.0029249;0.013886;0.0064064;0.0022398;0.0051433;0.05573;0.039556;0.0018436;0.0014373;0.038731;0.012997;0.00662;0.00010482;0.0031615;0.0033544;0.0087228
3;1.0767;1.056;2;0.85;0.5;50;50;Manhattan(Average);0.00047591;0.0026173;0.0076667;0.029406;0.019193;0.029405;0.031422;0.042684;0.041009;0.012154;0.035775;0.0017726;0.033097;0.00075157;0.0024038;0.017563;0.00058269;0.039012;0.002276;0.038548;3.9809E-05;0.0029363;0.042396;0.00073785;0.007616;0.0058043;0.001201;0.0011146;0.0063279;0.0010151;0.00095146;0.039142;0.00039844;0.0055292;0.00070728;0.0045512;0.00040605;0.0056311;0.00054799;0.001072;0.0002532;0.042504;0.001608;0.034008;0.0021484;0.016297;0.0010218;0.0047937;0.039232;0.0015639;0.041566;0.002575;0.00091545;0.037157;0.041949;0.041193;0.0066081;0.00062725;0.0030606;0.0010914;0.0081405;0.040332;0.020246;2.8127E-05;0.020145;0.011048;0.021654;0.0054889;0.0019145;0.0011928;0.0012296;0.032468
4;1.0785;1.0558;2;0.85;0.5;50;50;Manhattan(GeometricAverage);0.00071397;0.0015644;0.0097056;0.036768;0.042741;0.0062089;0.047065;0.046482;0.028522;0.044875;0.047566;0.0048753;0.011375;0.00209;0.0024837;0.0039456;0.0071592;0.039661;0.0051001;0.033937;0.00051875;0.0014574;0.015104;0.00049764;0.00016095;0.010256;0.0013775;0.0022296;0.0077694;3.3567E-05;0.00027956;0.015735;0.00019575;0.0019151;0.0015959;0.012951;0.0091038;0.00012741;0.00012694;0.0043176;0.00011027;0.046946;0.0040845;0.04491;0.0016218;0.0082719;0.0075618;0.0048127;0.031353;0.00019231;0.033215;0.0026699;0.00082566;0.041487;0.047317;0.023462;0.00025741;0.0021563;0.0086501;0.0016854;0.00015742;0.047891;0.045162;0.0049821;0.0062815;0.036961;0.01339;0.0025466;0.0015967;0.00016508;0.0050255;0.015657
5;1.0828;1.06;2;0.85;0.5;50;50;Manhattan(GeometricAverage);7.2633E-05;0.0025465;0.00035877;0.00018974;0.042279;0.04937;0.032257;0.042983;0.047251;0.010493;0.011716;0.007579;0.015181;0.0007658;0.0080626;0.014162;0.00066068;0.010125;0.0014821;0.052489;0.00093762;0.012923;0.0021866;0.0034773;0.002861;0.0018312;0.0059275;0.003904;0.01892;0.00089152;0.00049968;0.0031175;0.0058038;4.102E-05;0.00076565;0.0038267;0.012913;0.0040323;0.0011339;0.0015461;0.003387;0.055827;0.0030125;0.053031;0.0022926;0.0077901;0.0065843;0.0015302;0.012858;0.0019558;0.044294;0.0023418;0.0022836;0.043654;0.049173;0.029188;0.0013132;0.0024157;0.0045271;8.4556E-05;0.02483;0.05507;0.033189;0.0080092;0.010436;0.017428;0.011685;0.0015332;0.0046461;0.05424;0.0019636;0.011865
6;1.0821;1.0593;2;0.85;0.5;50;50;Manhattan(GeometricAverage);0.0005315;0.0044151;0.0026927;0.044122;0.048906;0.032656;0.023836;0.011656;0.045668;0.0030521;0.0088906;0.00011648;0.0021121;9.6116E-05;0.0020075;0.0060454;0.00044753;0.040402;0.0053104;0.021657;0.0022081;0.012874;0.043845;0.0020823;0.00030051;0.032892;0.0050958;0.004302;0.021894;0.0011652;9.2706E-05;0.0040362;0.0032625;0.0086079;0.0018813;2.3103E-05;0.0090979;0.0009328;0.0033503;0.0010146;0.0014106;0.049877;0.0016251;0.042337;0.0042677;0.018766;0.0015283;0.00061312;0.005646;0.0037974;0.04654;0.0018775;0.006144;0.045152;0.04794;0.038341;6.9763E-05;0.0056111;0.0059148;0.0026171;0.0018451;0.050168;0.047741;0.042979;0.010296;0.01565;0.015617;0.0022743;0.00068202;0.014385;0.00029345;0.0044156
7;1.0592;0.87228;2;0.85;0.5;50;50;Manhattan(Minimum);0.0011072;0.0046394;0.0032547;0.027289;0.020993;0.019352;0.0090186;0.025235;0.013193;0.00084634;0.0092338;0.013103;0.013608;0.0021543;0.0020359;0.0097871;0.014322;0.0053116;0.014688;0.01877;9.4432E-05;0.026307;0.014758;0.0097232;0.02407;0.02114;0.018596;0.025198;0.017905;0.0042391;0.0086649;0.023228;0.022391;0.0093056;0.026201;0.010354;0.01472;0.0042454;0.016036;0.0062688;0.016915;0.018723;0.010969;0.015196;0.0029853;0.0045932;0.0063978;0.021362;0.023639;0.0018474;0.019702;0.01898;0.0094662;0.023179;0.024963;0.015436;0.0086193;0.0030845;0.024116;0.013368;0.017865;0.018862;0.012107;0.0038304;0.014114;0.016364;0.010863;0.023055;0.016257;0.017143;0.013459;0.02115
8;1.063;0.87539;2;0.85;0.5;50;50;Manhattan(Minimum);0.0021525;0.013268;0.0060368;0.023294;0.018439;0.024193;0.02081;0.010925;0.018109;0.0086109;0.02098;0.0041442;0.018674;0.00038495;0.015897;0.0023325;0.017973;0.021824;0.008898;0.023315;0.0063624;0.0064632;0.0090265;0.0090552;0.0047181;0.023969;0.0073968;0.010232;0.014879;0.010491;0.011404;0.016627;0.017977;0.013346;0.015636;0.012136;0.0072728;0.0186;0.025047;0.0044251;0.014619;0.025949;0.012622;0.011993;0.0040508;0.012383;0.016381;0.011487;0.007049;0.016009;0.018565;0.029013;0.011321;0.024524;0.010346;0.02285;0.015751;0.0036842;0.026451;0.0099804;0.018796;0.019813;0.017461;0.0026377;0.013079;0.026341;0.012464;0.019438;0.0053966;0.0031458;0.013553;0.01752
9;1.061;0.87375;2;0.85;0.5;50;50;Manhattan(Minimum);0.0010687;0.0026132;0.010499;0.026339;0.018669;0.017401;0.018106;0.014148;0.020122;0.004326;0.022637;0.01011;0.024972;0.0017342;0.00062179;0.0042817;0.019987;0.0062778;0.009963;0.016924;0.016163;0.02369;0.024671;0.011482;0.013172;0.01228;0.018742;0.018858;0.016742;0.011316;0.0036418;0.0087923;0.020641;0.016719;0.015798;0.0028696;0.003957;0.019523;0.014702;0.008145;0.0025744;0.01566;0.016124;0.015723;0.0026525;0.014621;0.010376;0.011126;0.025282;0.016883;0.02333;0.0052905;0.019647;0.020828;0.017475;0.010477;0.011319;0.002765;0.015241;0.0081241;0.025465;0.021537;0.020022;0.010624;0.0066511;0.02107;0.0096551;0.023253;0.0081373;0.0055581;0.026721;0.023084
10;1.0743;1.0497;2;0.85;0.5;50;50;Manhattan(Median);0.00019429;0.0067888;0.0021024;0.0013037;0.031408;0.033641;0.037472;0.028301;0.023351;0.027881;0.001403;0.018913;0.0010184;0.0006472;0.013451;0.032734;0.030886;0.02721;0.0011959;0.0067593;0.0079279;0.019962;0.033033;0.00057646;0.0015291;0.0071377;0.00204;0.0011091;0.024415;0.013282;0.0017351;0.020153;0.00088133;0.00097849;0.00047612;0.0038117;0.0064151;0.00085539;0.024391;1.9581E-05;0.0024327;0.037331;0.0015579;0.035853;0.00096008;0.00035029;0.0041285;2.4959E-05;0.033328;0.0041507;0.01335;0.0041154;0.0099749;0.035038;0.03639;0.035352;0.00067495;0.021286;0.015905;0.0042018;0.019767;0.032918;0.023448;0.012575;0.0071393;0.034082;0.035356;0.0085921;0.00086517;0.020759;0.0079264;0.0027755
11;1.0838;1.059;2;0.85;0.5;50;50;Manhattan(Median);0.0014702;0.0022597;0.0041087;0.041528;0.042739;0.03644;0.039873;0.042546;0.0061775;9.0759E-05;0.017876;0.0010887;0.00068536;0.0022903;0.00014225;0.0072342;0.0025172;0.036826;0.0014567;0.020867;0.0027864;0.0077121;0.03742;0.0033174;0.0004774;0.021433;0.0035887;0.00052236;0.017083;0.014571;0.0070717;0.022801;0.00030203;0.00054591;0.0017394;0.023364;0.016912;0.0065721;0.012481;0.00042412;0.00056591;0.045941;0.0027132;0.0461;0.00027647;0.0057568;0.0022946;0.0042778;0.039447;0.0022768;0.0069676;0.0061495;0.00020138;0.03947;0.045812;0.021954;0.0002631;0.00032882;0.0053063;0.0028999;0.023709;0.041536;0.022458;0.0073544;0.001771;0.042437;0.044243;0.013386;0.008451;0.0039494;0.00099105;0.0013706
12;1.0842;1.0594;2;0.85;0.5;50;50;Manhattan(Median);0.00046227;0.0068246;0.010431;0.0076891;0.046506;0.0093665;0.031958;0.036574;0.044136;0.00025644;0.019472;0.00084161;0.010314;0.0016273;0.00013582;0.0087772;0.0062541;0.014348;0.0004093;0.025274;0.0027837;0.0093288;0.049559;0.0013147;0.0033721;0.0044186;0.0056786;0.0026676;0.015378;0.0045645;3.752E-05;0.022346;0.0050653;0.0020487;3.0669E-05;0.006321;0.017125;0.0011634;0.005685;0.00079192;8.5533E-05;0.049723;0.011858;0.049194;0.0011003;0.0016737;0.015592;0.008895;0.013719;0.0044836;0.0056744;0.0015204;0.0048234;0.047713;0.034603;0.022557;0.0028875;0.00022927;0.0010634;0.0014875;0.013345;0.049091;0.04689;0.040281;0.006406;0.048411;0.030572;0.038236;0.00029015;0.00063696;0.00083836;0.0047854
13;1.1025;0.88719;2;0.85;0.5;50;50;Manhattan(MinimumTimesMedian);0.00084803;0.0065389;0.0076243;0.030432;0.026707;0.01642;0.018388;0.0225;0.027908;0.0011515;0.024209;0.028576;0.023836;0.0053557;0.01432;0.0019184;0.0066098;0.021131;0.00073589;0.030403;0.012292;0.019066;0.01544;0.012493;0.0061331;0.012719;0.0090303;0.021744;0.010687;0.012828;0.00020416;0.0035922;0.011515;0.014534;0.0021692;0.0035624;0.0053003;0.00010116;0.028656;0.0016323;0.0079181;0.02497;0.0027501;0.026364;0.0068428;0.0068394;0.012714;0.020379;0.02455;0.0060878;0.0045173;0.012749;0.012632;0.015166;0.025717;0.014153;0.012082;0.005205;0.014904;0.0099685;0.023612;0.021941;0.011419;0.0040054;0.0042294;0.025904;0.031293;0.024097;0.0091769;0.0094644;0.020891;0.028148
14;1.102;0.88682;2;0.85;0.5;50;50;Manhattan(MinimumTimesMedian);0.00043211;0.01343;0.0064135;0.022361;0.027292;0.016331;0.023298;0.012937;0.025724;0.012912;0.02796;0.0053991;0.023639;0.0012143;0.0060198;0.0046802;0.0063735;0.019932;0.0054176;0.02072;0.0045747;0.0099529;0.024624;0.0021195;0.0092527;0.027822;0.018062;0.0054143;0.026179;0.0099765;0.0063744;0.0042379;0.018472;0.0089206;0.019815;0.0060903;0.0069944;0.023183;0.014998;0.0012705;0.0021536;0.025242;0.022268;0.019364;0.0076497;0.02211;0.0024999;0.015835;0.0077094;0.0022452;0.024681;0.023738;0.016657;0.016244;0.026756;0.014746;0.010097;0.0043068;0.019912;0.015198;0.00068737;0.025601;0.01936;0.016409;0.018951;0.018884;0.013611;0.013836;0.0029476;0.012372;0.0007974;0.026307
15;1.1016;0.88646;2;0.85;0.5;50;50;Manhattan(MinimumTimesMedian);0.00043058;0.0018355;0.0042111;0.02947;0.027711;0.015258;0.01369;0.019479;0.027992;0.0090097;0.017652;0.0081635;0.024049;0.0033698;0.0074357;0.0027782;0.0026471;0.019508;0.01816;0.026113;0.011931;0.017959;0.028208;0.0062208;0.00165;0.018864;0.015878;0.024777;0.01564;0.0049648;0.0023097;0.014815;0.019538;0.0080318;0.0063919;0.004361;0.0072032;0.024115;0.012313;0.00013195;0.0063956;0.026378;0.014048;0.016706;0.00078675;0.014613;0.0083149;0.0077214;0.012357;0.0020773;0.014203;0.024744;0.014807;0.025397;0.019538;0.021828;0.011327;0.0018363;0.025172;0.0030293;0.026888;0.0225;0.017149;0.0062068;0.0233;0.029037;0.015609;0.020435;0.019228;0.00088695;0.005733;0.017481
16;1.0856;1304.2;2;0.85;0.5;50;50;Manhattan(Summation);0.00080366;0.001375;0.00064223;0.0027106;0.043979;0.047854;0.046691;0.0063913;0.047204;0.013134;0.045213;0.00011005;0.025001;0.0025473;0.0017701;0.01667;0.0078743;0.012007;0.0040087;0.031852;0.0043133;0.0021563;0.040825;0.0052175;0.00028955;0.016728;0.0073249;0.0051606;0.0080875;0.0020541;0.0053106;0.0040039;6.8128E-05;0.0021107;0.0024773;0.0016539;0.011269;0.0025791;0.013755;0.0014334;0.00079613;0.053653;0.00054515;0.054269;0.0084477;0.0043604;0.0014148;0.008346;0.0052764;0.0047077;0.03445;0.00072866;0.0087222;0.051545;0.046638;0.041176;0.0036161;0.0025342;0.00052646;0.01578;0.0026255;0.051725;0.02557;0.0015958;0.026408;0.031132;0.0032522;1.6291E-05;0.00084287;0.0090981;0.0038915;0.0016556
17;1.0816;1299.4;2;0.85;0.5;50;50;Manhattan(Summation);0.0001666;0.0023241;0.0015988;0.012322;0.040951;0.041704;0.040282;0.040998;0.036729;0.002677;0.039041;0.0026444;0.0062006;0.0017444;0.0010465;0.036231;0.00041319;0.019138;0.0019944;0.040953;0.00601;0.0041123;0.038921;0.0022294;0.0022622;0.024409;0.00016425;0.00045219;0.038653;0.0029108;0.0012682;0.019316;0.00044543;0.0049147;0.003681;9.9567E-05;0.035276;0.0026392;0.0051969;0.0010068;0.00079106;0.0426;0.0059563;0.040175;0.00074571;0.0024318;0.0015173;0.00030814;0.0038829;0.0095062;0.040215;0.0017275;0.0031184;0.039087;0.036535;0.040653;0.00053231;0.0019319;5.6395E-05;0.0013631;0.038697;0.037539;0.02607;0.0055079;0.0091984;0.024728;0.00024881;0.004115;0.001794;0.0031231;0.00412;0.0085973
18;1.0856;1304.3;2;0.85;0.5;50;50;Manhattan(Summation);0.0001077;0.00052732;0.00072278;0.014623;0.0078719;0.048621;0.045222;0.0072558;0.032808;0.0054358;0.033435;0.0034739;0.049008;0.0023765;0.0002218;0.0022937;0.0018981;0.021597;7.5448E-05;0.041912;0.006224;0.00011596;0.03047;0.015903;0.0031796;0.037786;0.001142;0.00746;0.0040797;0.0078508;0.00091408;0.0041687;0.0025148;0.016212;0.0019694;0.0073888;0.0028443;0.00076548;0.0024401;0.0020226;0.00071729;0.055274;0.0048802;0.052577;0.0016142;0.0089507;0.0033625;0.00035145;0.0016269;0.00089846;0.032131;0.0033938;0.011246;0.051852;0.053105;0.019804;0.00040286;0.0059297;0.010093;0.0071087;0.05242;0.05281;0.022696;0.0055073;0.0098297;0.034049;0.0076472;0.00070724;0.0014244;0.0068847;0.0034407;0.0023278
19;2.5865;0.41432;2;0.85;0.5;50;50;Euclidean(Average);0.0081159;0.00078287;0.0079705;0.011575;0.0056255;0.080943;0.089903;0.0025521;0.0068291;0.0064096;0.0043314;0.0012923;0.0097408;0.00027925;0.0013505;0.0075589;0.010739;0.002603;0.00030238;0.010508;0.00076156;0.0072061;0.00040644;0.0062846;0.0047944;0.015081;0.0041969;0.0031484;0.00086146;0.0058835;8.8625E-05;0.00045638;0.0031077;0.0011276;0.0038776;0.014987;0.010441;0.01276;0.0011925;0.0062539;0.00010996;0.08788;0.0059839;0.083681;0.0020117;0.0012506;0.0013502;0.0010117;0.0014165;0.0012963;0.08686;0.0035861;0.03709;0.009518;0.084919;0.002376;0.0032676;7.3098E-05;0.0024746;0.0020445;0.0029271;2.1821E-05;0.0061604;0.084857;0.010517;0.002453;0.071617;0.0093135;0.0052556;0.0049736;0.0070232;0.0043515
20;2.1463;0.34381;2;0.85;0.5;50;50;Euclidean(Average);0.0014203;0.016471;0.017059;0.0086388;0.0080769;0.055922;0.049584;0.068286;0.065201;8.3819E-06;0.0046139;0.00037482;0.008931;0.0031088;0.0062281;0.0060654;0.0078492;0.055601;0.0027604;0.0072285;0.019906;0.0089729;0.067829;0.0036431;0.016813;0.00054105;0.0098908;0.0043855;0.001857;0.00074325;0.0001736;0.009563;0.014677;0.0014107;0.0027956;3.7921E-05;0.0033419;0.0083955;0.011019;0.0038636;0.0023576;0.063007;0.00052194;0.015491;0.0007902;2.6617E-05;0.0082927;0.0010247;0.0033738;0.0059611;0.034198;0.0003767;0.00051846;0.0068349;0.061518;0.060641;1.9394E-05;0.0071622;0.0027583;0.0010782;0.0023807;0.0030335;3.7822E-05;0.010414;0.047798;0.0084529;0.059644;0.0021669;0.0050574;0.0011327;4.4198E-05;0.00059829
21;2.3368;0.37432;2;0.85;0.5;50;50;Euclidean(Average);0.0010686;0.022244;0.0028814;0.0047521;0.0042021;0.0031827;0.0036798;0.0055549;0.070242;0.0075428;0.0001188;0.00063507;0.0044388;0.0023147;0.00016439;0.00068557;0.010064;0.075439;0.0013238;0.0023256;0.002238;0.0098138;0.00092131;0.0029012;0.00065793;0.001144;0.0069864;0.011019;0.077303;0.0077138;0.0077333;0.042234;0.0015373;0.076322;0.005689;0.00020107;0.004098;0.023243;0.0062582;0.0039514;0.012378;0.07781;0.0022981;0.0078045;0.0039806;0.0025229;0.0026954;0.0028534;0.0023914;0.00044388;0.076689;0.00010534;0.0067886;6.9442E-05;0.0044441;0.00094122;0.0016906;0.0039417;0.0017603;0.0029241;0.0031693;0.070698;0.0038958;0.0075843;0.00040372;0.075926;0.0033104;0.077381;0.005101;0.012309;0.001664;0.0091988
22;2.0932;0.33238;2;0.85;0.5;50;50;Euclidean(GeometricAverage);0.021433;0.0058687;0.0023365;0.049893;0.0027508;0.053245;0.063067;0.005527;0.001245;0.0059383;0.059608;0.0044702;0.010761;0.012381;0.0094829;0.0069322;0.0043406;0.00029245;0.0040484;0.0031204;0.00023878;0.0087829;0.05432;0.0029424;0.0021689;0.046027;0.0026365;0.0053622;0.0043862;0.0065325;0.0075744;1.9408E-05;0.0014634;0.00024568;9.6015E-05;0.011441;0.0026652;0.00073438;0.062425;0.0049599;0.0009067;0.067323;0.0037263;0.0018095;0.0025358;0.066302;0.0058089;0.0035655;0.0026365;0.00037127;0.061002;0.0046443;0.003318;0.0034256;0.061756;0.00047181;0.0016872;0.0017157;0.0070892;0.002725;0.0042457;0.064803;0.01069;0.0053031;0.0015295;0.0027164;0.0023225;0.0065909;0.0022288;0.0001583;0.012587;0.032244
23;2.0628;0.32754;2;0.85;0.5;50;50;Euclidean(GeometricAverage);0.0001236;0.00055474;0.0071734;0.0027624;0.0069362;0.068857;0.010903;0.011172;0.017636;0.0016687;0.058696;0.0029754;0.0022399;0.0032741;0.0084115;0.0069348;0.0065485;0.0074013;0.020678;0.0053414;0.062333;0.013929;0.0015136;0.0013443;0.0028845;0.0040351;0.0017226;0.011771;0.067233;0.023674;0.0018074;0.0052197;0.0037114;0.0021182;0.0075055;0.0036622;0.0028864;0.013252;0.0090911;0.0077238;0.004951;0.068392;0.0011088;0.066365;0.011424;0.0040296;0.0026673;0.011208;0.0058992;0.0053044;0.006677;0.0087037;0.0056439;0.065728;0.064704;0.00084313;0.0076371;0.003003;0.0075228;0.0029656;0.0016523;0.068816;0.0086469;0.0092568;0.0099156;0.0073187;0.0022585;0.011109;0.0034911;0.0054298;0.0098806;0.0097418
24;1.9911;0.31616;2;0.85;0.5;50;50;Euclidean(GeometricAverage);0.0032328;0.001691;0.0010348;0.0027363;0.057424;0.0046672;0.029743;0.047368;0.00011904;0.0041785;0.0031912;0.006406;0.0021892;0.014193;0.0018082;0.0067261;0.003711;0.0031565;0.0048741;0.0021569;0.056863;0.00045631;0.05204;0.0074287;0.024747;0.0018081;0.012149;0.0018625;0.0023791;0.0056158;0.0027946;0.029142;0.0064603;0.0024932;0.0034745;0.0065109;0.0027796;0.0072939;5.8124E-05;0.003615;0.00098997;0.057309;0.0038841;0.055963;0.0013415;0.0060769;0.0055571;0.0036046;0.0085978;0.0031329;0.056461;0.00087065;0.0023921;0.056428;0.0093159;0.053322;0.0018264;0.0046705;0.0028881;0.0052911;0.0020214;0.057688;0.052919;8.8714E-05;0.042936;0.0016259;0.00079183;0.051113;0.00050099;0.005127;0.010369;0.004319
25;1.4054;0.15729;2;0.85;0.5;50;50;Euclidean(Minimum);0.00075344;0.0064327;0.0005022;0.040608;0.039089;0.010925;0.0022526;0.010815;0.034974;0.032236;0.016743;0.0012586;0.0020253;0.00057221;0.035631;0.00012831;0.0023702;0.028911;0.032448;0.0019379;0.0020083;0.0038488;0.019976;0.0021766;0.0021285;0.021979;0.037595;0.00057223;0.017385;0.011813;0.0020267;0.0023359;0.03154;0.025187;0.013042;0.00020799;0.00165;0.012656;0.039049;0.0053486;0.0030225;0.035855;0.020012;0.038684;0.036478;0.00049022;0.00025686;0.004108;0.010001;0.0027805;0.033176;0.026065;0.0060876;0.0136;0.039734;0.0059486;0.00082399;0.0042858;0.030963;0.003799;0.0032032;0.0039999;0.031205;0.0017505;0.0092407;0.023994;0.029847;0.0011905;0.00037304;0.001249;0.0047499;0.019887
26;1.383;0.15479;2;0.85;0.5;50;50;Euclidean(Minimum);0.00028986;0.0036259;0.0013274;0.034411;0.029232;0.020597;0.0028749;0.021197;0.020733;0.034441;0.030959;0.0015149;0.014819;0.014929;0.00062931;0.019309;0.00036544;0.0051173;0.00041945;0.029872;0.0025109;0.01019;0.0091577;0.035368;0.0071901;0.00024247;0.0013121;0.026864;0.02233;0.025817;0.00042472;0.0065052;0.030745;0.00070988;0.0059251;0.00018779;0.0040011;0.0017795;0.014644;0.0033538;0.00029721;0.035919;0.013964;0.030563;0.00042597;0.014216;0.010012;0.035834;0.018235;0.0016014;0.00010732;0.00084414;0.0058672;0.0079353;0.029471;0.018985;0.00050305;0.0017001;0.029306;0.016316;0.026705;0.030644;0.027031;1.9749E-05;0.031997;0.035789;0.030472;0.0045943;0.0090422;0.01878;0.00028782;0.016614
27;1.4288;0.15991;2;0.85;0.5;50;50;Euclidean(Minimum);0.00053062;0.0010226;0.0028181;0.035453;0.032109;0.021052;0.01459;0.026843;0.028025;0.028918;0.013643;0.00064472;0.034505;0.0017988;0.010177;0.006151;0.0047896;0.012241;0.00064143;0.010602;0.0012779;0.010591;0.019354;0.00082306;0.018365;0.0005806;0.011695;0.0069728;0.012005;0.0091819;0.0010529;0.00049512;0.035423;0.036372;0.036412;0.00035988;0.014379;4.2614E-05;0.00080727;0.0018297;0.0021847;0.034558;0.031916;0.034487;0.0018811;0.028021;0.031296;0.027223;0.0050323;0.0084156;0.00050977;0.00072444;0.00053729;0.036489;0.031018;0.036018;0.0010877;0.0034492;0.0076026;0.00082511;0.0023686;0.025738;0.036624;0.015324;0.03454;0.028149;0.0014304;0.0054352;0.0037738;0.0086603;0.009603;0.00050539
28;2.1301;0.3382;2;0.85;0.5;50;50;Euclidean(Median);0.00098589;0.0103;0.0027963;0.0044371;0.0072863;0.057598;0.056334;0.054927;0.0029894;0.013508;0.0013943;0.0042864;0.0012057;0.0013402;0.0027948;0.052723;0.053252;0.0052628;0.0018273;0.00090231;0.0010359;0.0024092;0.058261;0.0010199;0.0050136;0.055395;0.007784;0.00354;0.0017208;0.0037232;0.0017358;0.00030827;0.0053166;0.0019762;0.00012477;0.0026512;0.00043272;0.0042859;0.0019217;6.3543E-05;0.0072192;0.060231;0.0015443;0.055548;0.00048095;0.00061992;0.0020714;0.0032348;0.0025978;0.0026011;0.042761;0.0039875;0.0051689;0.049713;0.055488;0.0026884;0.0074907;5.0857E-05;0.0014656;0.0092291;0.00033507;0.0023599;0.0036139;0.045755;0.057748;0.010326;0.0025741;0.051773;0.00045821;0.0006639;0.0090038;0.0063274
29;2.2132;0.35139;2;0.85;0.5;50;50;Euclidean(Median);0.0023331;0.0015187;0.0048429;0.0035886;0.00096002;0.0044843;0.056659;0.063767;0.001617;0.010755;0.039775;0.0036294;0.0088035;0.0015594;0.00052933;0.0060354;0.0014314;0.00059553;0.00092256;0.0026174;0.0011412;0.012405;0.062644;0.00053936;0.0043774;0.0022696;0.0024127;0.0022441;0.058648;0.00030106;0.011207;0.0038187;0.0020951;0.00077713;0.00090283;0.0047157;0.0044832;0.00011638;0.0027007;0.0037261;0.0017;0.064143;0.05013;0.064467;0.008232;0.0016048;0.0059705;0.0029416;0.0049551;0.0030469;0.001296;0.017281;0.012813;0.056992;0.058091;0.0047977;0.00052213;0.0090383;0.010394;0.0003262;0.014571;0.058705;0.00093532;0.0058025;0.05523;0.0035924;0.058762;0.00083481;0.0042174;0.0078789;0.0041042;0.0086741
30;2.1491;0.3412;2;0.85;0.5;50;50;Euclidean(Median);0.00010101;0.0024272;0.016836;0.056534;0.0014248;0.063541;0.061522;0.0017249;0.00033849;0.0004124;0.0038287;0.0018901;0.0025322;0.0052367;0.001038;0.01289;0.03883;0.049627;0.0025326;0.0039098;0.0013292;0.0052493;0.00022438;0.0043076;0.0030544;0.00067456;0.00036428;0.0036024;0.00086511;0.0074301;0.0092557;0.0016302;0.0086626;0.001725;0.00095499;0.0018525;0.036208;0.0091745;0.032495;0.00245;8.6954E-05;0.061763;0.00093143;0.00043347;0.0017212;0.0046755;0.0016958;0.0016659;0.019181;0.048543;0.0074571;0.00035415;0.00041509;0.064765;0.064691;0.0073061;0.001001;0.0014399;0.026172;0.0015026;0.00070231;0.064686;0.0029796;0.00010237;0.020438;0.0045732;0.061954;0.0043952;0.0081452;0.055171;0.0018007;0.0005628
31;2.2932;0.040749;2;0.85;0.5;50;50;Euclidean(MinimumTimesMedian);0.0037591;0.0015754;0.0021524;0.043927;0.042813;0.038125;0.0023277;0.0018825;0.044265;0.0093304;0.0068216;0.00048871;0.0128;0.014015;0.0021659;0.0053453;0.0028751;0.00099112;0.0063101;0.00025088;0.014007;0.0074072;0.027874;0.0014412;0.01496;0.00089881;0.0022276;0.010173;0.032382;0.04083;0.0076473;0.0012532;0.0012831;0.039976;0.0016776;0.0055322;0.010988;0.009982;0.0036938;0.00097935;0.0073709;0.042633;9.7714E-08;0.035998;0.0018804;0.014982;0.0083544;0.00085146;1.206E-05;0.032491;0.0080963;0.03324;0.012303;0.014415;0.041359;0.0028312;0.011663;0.006426;0.043319;0.00093561;0.001171;0.041565;0.031845;0.0012151;0.0027266;0.041369;0.0020179;0.011266;0.0016519;0.00070534;0.026479;0.041392
32;2.5338;0.045023;2;0.85;0.5;50;50;Euclidean(MinimumTimesMedian);0.0031427;0.015335;0.0028978;0.040587;0.039642;7.8993E-05;0.0079477;0.0068368;0.040636;0.037637;0.03899;4.7394E-05;0.0036757;2.4585E-05;0.0031861;0.0013055;0.0054619;0.0032891;0.0066597;0.011203;0.0071173;0.021958;0.0014575;0.0061642;0.0028869;0.041094;0.0036889;0.018031;0.037864;0.0044354;0.0065923;0.0048793;5.6578E-05;0.0029238;8.6229E-05;0.0013648;0.0017436;0.0046417;0.0277;0.0009252;0.0047196;0.038806;0.0034319;0.039618;0.00033988;0.000981;0.0014261;0.00037689;0.0025247;0.0024445;0.03711;0.006449;0.0010661;0.029866;0.036811;0.03932;0.00090826;0.0035904;0.022257;0.00085355;0.0009494;0.037023;0.040952;0.039932;0.037255;0.037037;0.018268;0.0020113;0.00038513;0.039534;0.00094485;0.0086159
33;2.171;0.038577;2;0.85;0.5;50;50;Euclidean(MinimumTimesMedian);0.0048618;0.001805;0.0033023;0.00122;7.5784E-05;0.041316;0.032525;0.01638;0.014724;0.0012949;0.038004;0.0044397;0.038722;0.0083082;0.001908;0.0062972;0.001747;0.033935;0.0033683;0.040497;0.010181;0.010039;0.040675;0.034485;0.0018286;0.029822;0.00036888;0.033789;0.028367;0.041099;0.010899;0.0037605;0.0019465;0.0030775;0.00026962;0.0038052;0.0076351;0.038859;0.026449;0.0056214;0.0019824;0.039343;0.0019059;0.0017241;0.00020842;0.0061039;0.0014624;0.0039427;0.0053992;0.015413;0.0034246;0.0079864;0.0025843;0.0028318;0.021192;0.00061842;0.040043;0.041982;0.00098053;0.0046565;0.0016466;0.035715;0.011769;0.037042;0.025943;0.0013956;0.0025807;0.038305;0.002159;0.00047151;0.00016479;0.011313
34;2.2023;432.15;2;0.85;0.5;50;50;Euclidean(Summation);0.006635;0.0019147;0.00018484;0.0058852;0.010518;0.061899;0.06517;0.007031;0.067437;0.002451;0.059683;0.0085507;0.0045184;0.003255;0.0040325;0.019191;0.00099975;0.013214;0.0028463;0.0068367;0.0045551;0.0028724;0.0010806;0.0024794;0.0027025;0.00045793;0.0014608;0.002752;0.00021748;1.6537E-05;0.0028056;0.0062134;0.0017198;0.0007294;0.018365;0.0092803;0.00039538;0.00064487;0.0051011;0.004258;0.0015145;0.07121;0.027529;0.058216;0.0059461;0.0010467;0.011584;0.00025861;0.055991;0.0087234;0.011109;0.0091489;0.011883;0.011558;0.00034618;0.055379;0.014063;0.015658;0.00067493;0.00016521;0.0031483;0.070857;0.0050353;0.0013836;0.047998;0.0020355;0.053469;0.00049883;0.008998;0.001467;0.0065271;0.0062183
35;2.1385;419.63;2;0.85;0.5;50;50;Euclidean(Summation);0.0065805;0.0015402;0.0025961;0.00059337;0.067919;0.0010358;0.05895;0.0087989;0.005445;0.0096765;0.041582;0.030365;0.0064984;1.4481E-05;0.00074949;0.0031775;0.00063985;0.04365;2.1826E-06;0.0052635;0.0030652;0.0090163;3.5395E-07;0.00016925;6.8513E-05;0.017654;0.0012726;0.0051136;0.001477;0.0029188;0.001604;0.0029783;0.00055196;0.046751;0.003263;0.026241;0.0084593;0.0055153;0.0022751;0.00035963;0.0041441;0.066553;0.0046176;0.012042;0.024988;0.0021897;0.0029022;0.0098265;0.002145;0.0057096;0.062122;0.05094;0.0059552;0.0051901;0.069616;0.00040846;0.0071816;0.0044312;0.055622;0.0042232;0.0018783;0.066815;0.0009292;0.0037066;0.0012795;0.012543;0.007233;0.0022299;0.039127;0.026406;0.0018682;0.0013447
36;2.5337;497.18;2;0.85;0.5;50;50;Euclidean(Summation);0.0011489;0.0017319;0.0019795;0.00017624;0.074801;0.0059412;0.0039349;0.019948;0.085867;0.00121;0.0069893;0.002915;0.0065679;0.0027458;0.012169;0.0046672;0.0069556;0.015218;0.0036001;0.090015;0.013747;0.011313;0.00074608;0.0018864;0.0026506;0.030635;0.004683;0.0016911;0.056436;0.0068544;0.012521;0.00063031;0.00079777;0.0052006;0.00072115;0.0099834;0.0011432;0.0093713;0.00096154;0.0022375;0.0017432;0.091643;0.00063934;0.0011893;0.0013489;0.0010313;0.00062042;0.00084805;3.4174E-05;0.00083853;0.0021889;0.0038015;0.018277;0.0047188;0.074872;0.08805;0.001191;0.003047;0.0024398;0.0044731;0.0061094;0.081556;0.00039659;0.0035556;0.02415;0.0056403;0.0047952;0.0046984;0.0054357;0.019428;0.00094531;0.017502
differential evolutions parameters, by distance
i;dDE / dP;distance;type;parentWeight;crossover;population;iterations;distance;weights ->
1;1.0592;0.87228;2;0.85;0.5;50;50;Manhattan(Minimum);0.0011072;0.0046394;0.0032547;0.027289;0.020993;0.019352;0.0090186;0.025235;0.013193;0.00084634;0.0092338;0.013103;0.013608;0.0021543;0.0020359;0.0097871;0.014322;0.0053116;0.014688;0.01877;9.4432E-05;0.026307;0.014758;0.0097232;0.02407;0.02114;0.018596;0.025198;0.017905;0.0042391;0.0086649;0.023228;0.022391;0.0093056;0.026201;0.010354;0.01472;0.0042454;0.016036;0.0062688;0.016915;0.018723;0.010969;0.015196;0.0029853;0.0045932;0.0063978;0.021362;0.023639;0.0018474;0.019702;0.01898;0.0094662;0.023179;0.024963;0.015436;0.0086193;0.0030845;0.024116;0.013368;0.017865;0.018862;0.012107;0.0038304;0.014114;0.016364;0.010863;0.023055;0.016257;0.017143;0.013459;0.02115
2;1.061;0.87375;2;0.85;0.5;50;50;Manhattan(Minimum);0.0010687;0.0026132;0.010499;0.026339;0.018669;0.017401;0.018106;0.014148;0.020122;0.004326;0.022637;0.01011;0.024972;0.0017342;0.00062179;0.0042817;0.019987;0.0062778;0.009963;0.016924;0.016163;0.02369;0.024671;0.011482;0.013172;0.01228;0.018742;0.018858;0.016742;0.011316;0.0036418;0.0087923;0.020641;0.016719;0.015798;0.0028696;0.003957;0.019523;0.014702;0.008145;0.0025744;0.01566;0.016124;0.015723;0.0026525;0.014621;0.010376;0.011126;0.025282;0.016883;0.02333;0.0052905;0.019647;0.020828;0.017475;0.010477;0.011319;0.002765;0.015241;0.0081241;0.025465;0.021537;0.020022;0.010624;0.0066511;0.02107;0.0096551;0.023253;0.0081373;0.0055581;0.026721;0.023084
3;1.063;0.87539;2;0.85;0.5;50;50;Manhattan(Minimum);0.0021525;0.013268;0.0060368;0.023294;0.018439;0.024193;0.02081;0.010925;0.018109;0.0086109;0.02098;0.0041442;0.018674;0.00038495;0.015897;0.0023325;0.017973;0.021824;0.008898;0.023315;0.0063624;0.0064632;0.0090265;0.0090552;0.0047181;0.023969;0.0073968;0.010232;0.014879;0.010491;0.011404;0.016627;0.017977;0.013346;0.015636;0.012136;0.0072728;0.0186;0.025047;0.0044251;0.014619;0.025949;0.012622;0.011993;0.0040508;0.012383;0.016381;0.011487;0.007049;0.016009;0.018565;0.029013;0.011321;0.024524;0.010346;0.02285;0.015751;0.0036842;0.026451;0.0099804;0.018796;0.019813;0.017461;0.0026377;0.013079;0.026341;0.012464;0.019438;0.0053966;0.0031458;0.013553;0.01752
4;1.0743;1.0497;2;0.85;0.5;50;50;Manhattan(Median);0.00019429;0.0067888;0.0021024;0.0013037;0.031408;0.033641;0.037472;0.028301;0.023351;0.027881;0.001403;0.018913;0.0010184;0.0006472;0.013451;0.032734;0.030886;0.02721;0.0011959;0.0067593;0.0079279;0.019962;0.033033;0.00057646;0.0015291;0.0071377;0.00204;0.0011091;0.024415;0.013282;0.0017351;0.020153;0.00088133;0.00097849;0.00047612;0.0038117;0.0064151;0.00085539;0.024391;1.9581E-05;0.0024327;0.037331;0.0015579;0.035853;0.00096008;0.00035029;0.0041285;2.4959E-05;0.033328;0.0041507;0.01335;0.0041154;0.0099749;0.035038;0.03639;0.035352;0.00067495;0.021286;0.015905;0.0042018;0.019767;0.032918;0.023448;0.012575;0.0071393;0.034082;0.035356;0.0085921;0.00086517;0.020759;0.0079264;0.0027755
5;1.0767;1.056;2;0.85;0.5;50;50;Manhattan(Average);0.00047591;0.0026173;0.0076667;0.029406;0.019193;0.029405;0.031422;0.042684;0.041009;0.012154;0.035775;0.0017726;0.033097;0.00075157;0.0024038;0.017563;0.00058269;0.039012;0.002276;0.038548;3.9809E-05;0.0029363;0.042396;0.00073785;0.007616;0.0058043;0.001201;0.0011146;0.0063279;0.0010151;0.00095146;0.039142;0.00039844;0.0055292;0.00070728;0.0045512;0.00040605;0.0056311;0.00054799;0.001072;0.0002532;0.042504;0.001608;0.034008;0.0021484;0.016297;0.0010218;0.0047937;0.039232;0.0015639;0.041566;0.002575;0.00091545;0.037157;0.041949;0.041193;0.0066081;0.00062725;0.0030606;0.0010914;0.0081405;0.040332;0.020246;2.8127E-05;0.020145;0.011048;0.021654;0.0054889;0.0019145;0.0011928;0.0012296;0.032468
6;1.0785;1.0558;2;0.85;0.5;50;50;Manhattan(GeometricAverage);0.00071397;0.0015644;0.0097056;0.036768;0.042741;0.0062089;0.047065;0.046482;0.028522;0.044875;0.047566;0.0048753;0.011375;0.00209;0.0024837;0.0039456;0.0071592;0.039661;0.0051001;0.033937;0.00051875;0.0014574;0.015104;0.00049764;0.00016095;0.010256;0.0013775;0.0022296;0.0077694;3.3567E-05;0.00027956;0.015735;0.00019575;0.0019151;0.0015959;0.012951;0.0091038;0.00012741;0.00012694;0.0043176;0.00011027;0.046946;0.0040845;0.04491;0.0016218;0.0082719;0.0075618;0.0048127;0.031353;0.00019231;0.033215;0.0026699;0.00082566;0.041487;0.047317;0.023462;0.00025741;0.0021563;0.0086501;0.0016854;0.00015742;0.047891;0.045162;0.0049821;0.0062815;0.036961;0.01339;0.0025466;0.0015967;0.00016508;0.0050255;0.015657
7;1.0816;1299.4;2;0.85;0.5;50;50;Manhattan(Summation);0.0001666;0.0023241;0.0015988;0.012322;0.040951;0.041704;0.040282;0.040998;0.036729;0.002677;0.039041;0.0026444;0.0062006;0.0017444;0.0010465;0.036231;0.00041319;0.019138;0.0019944;0.040953;0.00601;0.0041123;0.038921;0.0022294;0.0022622;0.024409;0.00016425;0.00045219;0.038653;0.0029108;0.0012682;0.019316;0.00044543;0.0049147;0.003681;9.9567E-05;0.035276;0.0026392;0.0051969;0.0010068;0.00079106;0.0426;0.0059563;0.040175;0.00074571;0.0024318;0.0015173;0.00030814;0.0038829;0.0095062;0.040215;0.0017275;0.0031184;0.039087;0.036535;0.040653;0.00053231;0.0019319;5.6395E-05;0.0013631;0.038697;0.037539;0.02607;0.0055079;0.0091984;0.024728;0.00024881;0.004115;0.001794;0.0031231;0.00412;0.0085973
8;1.0821;1.0593;2;0.85;0.5;50;50;Manhattan(GeometricAverage);0.0005315;0.0044151;0.0026927;0.044122;0.048906;0.032656;0.023836;0.011656;0.045668;0.0030521;0.0088906;0.00011648;0.0021121;9.6116E-05;0.0020075;0.0060454;0.00044753;0.040402;0.0053104;0.021657;0.0022081;0.012874;0.043845;0.0020823;0.00030051;0.032892;0.0050958;0.004302;0.021894;0.0011652;9.2706E-05;0.0040362;0.0032625;0.0086079;0.0018813;2.3103E-05;0.0090979;0.0009328;0.0033503;0.0010146;0.0014106;0.049877;0.0016251;0.042337;0.0042677;0.018766;0.0015283;0.00061312;0.005646;0.0037974;0.04654;0.0018775;0.006144;0.045152;0.04794;0.038341;6.9763E-05;0.0056111;0.0059148;0.0026171;0.0018451;0.050168;0.047741;0.042979;0.010296;0.01565;0.015617;0.0022743;0.00068202;0.014385;0.00029345;0.0044156
9;1.0828;1.06;2;0.85;0.5;50;50;Manhattan(GeometricAverage);7.2633E-05;0.0025465;0.00035877;0.00018974;0.042279;0.04937;0.032257;0.042983;0.047251;0.010493;0.011716;0.007579;0.015181;0.0007658;0.0080626;0.014162;0.00066068;0.010125;0.0014821;0.052489;0.00093762;0.012923;0.0021866;0.0034773;0.002861;0.0018312;0.0059275;0.003904;0.01892;0.00089152;0.00049968;0.0031175;0.0058038;4.102E-05;0.00076565;0.0038267;0.012913;0.0040323;0.0011339;0.0015461;0.003387;0.055827;0.0030125;0.053031;0.0022926;0.0077901;0.0065843;0.0015302;0.012858;0.0019558;0.044294;0.0023418;0.0022836;0.043654;0.049173;0.029188;0.0013132;0.0024157;0.0045271;8.4556E-05;0.02483;0.05507;0.033189;0.0080092;0.010436;0.017428;0.011685;0.0015332;0.0046461;0.05424;0.0019636;0.011865
10;1.0838;1.0629;2;0.85;0.5;50;50;Manhattan(Average);0.00086438;0.0024039;0.0063063;0.0074276;0.038791;0.036715;0.032235;0.044606;0.048066;0.03769;0.035812;0.0022152;0.0083438;1.1015E-05;0.0023584;0.013556;0.003403;0.0087841;0.0018304;0.038833;0.0022655;0.0032327;0.033901;0.0068769;0.003345;0.00061467;0.0010268;0.0024116;0.0083293;0.0012677;0.00068025;0.016165;0.0018612;0.0086994;0.0017776;0.00086805;0.009217;0.0028308;0.0064545;0.00025508;0.00029827;0.048209;4.2911E-05;0.042842;0.0005864;0.0039205;0.0029966;2.8351E-05;0.041884;0.0048222;0.025781;0.0017816;0.0080698;0.047899;0.041325;0.0344;0.00017385;0.0020554;0.0028979;0.0020204;0.0023422;0.048042;0.034195;0.016187;0.011452;0.031435;0.036569;0.00069348;0.0016304;0.0034351;0.0036278;0.016024
11;1.0838;1.059;2;0.85;0.5;50;50;Manhattan(Median);0.0014702;0.0022597;0.0041087;0.041528;0.042739;0.03644;0.039873;0.042546;0.0061775;9.0759E-05;0.017876;0.0010887;0.00068536;0.0022903;0.00014225;0.0072342;0.0025172;0.036826;0.0014567;0.020867;0.0027864;0.0077121;0.03742;0.0033174;0.0004774;0.021433;0.0035887;0.00052236;0.017083;0.014571;0.0070717;0.022801;0.00030203;0.00054591;0.0017394;0.023364;0.016912;0.0065721;0.012481;0.00042412;0.00056591;0.045941;0.0027132;0.0461;0.00027647;0.0057568;0.0022946;0.0042778;0.039447;0.0022768;0.0069676;0.0061495;0.00020138;0.03947;0.045812;0.021954;0.0002631;0.00032882;0.0053063;0.0028999;0.023709;0.041536;0.022458;0.0073544;0.001771;0.042437;0.044243;0.013386;0.008451;0.0039494;0.00099105;0.0013706
12;1.0842;1.0594;2;0.85;0.5;50;50;Manhattan(Median);0.00046227;0.0068246;0.010431;0.0076891;0.046506;0.0093665;0.031958;0.036574;0.044136;0.00025644;0.019472;0.00084161;0.010314;0.0016273;0.00013582;0.0087772;0.0062541;0.014348;0.0004093;0.025274;0.0027837;0.0093288;0.049559;0.0013147;0.0033721;0.0044186;0.0056786;0.0026676;0.015378;0.0045645;3.752E-05;0.022346;0.0050653;0.0020487;3.0669E-05;0.006321;0.017125;0.0011634;0.005685;0.00079192;8.5533E-05;0.049723;0.011858;0.049194;0.0011003;0.0016737;0.015592;0.008895;0.013719;0.0044836;0.0056744;0.0015204;0.0048234;0.047713;0.034603;0.022557;0.0028875;0.00022927;0.0010634;0.0014875;0.013345;0.049091;0.04689;0.040281;0.006406;0.048411;0.030572;0.038236;0.00029015;0.00063696;0.00083836;0.0047854
13;1.0856;1304.2;2;0.85;0.5;50;50;Manhattan(Summation);0.00080366;0.001375;0.00064223;0.0027106;0.043979;0.047854;0.046691;0.0063913;0.047204;0.013134;0.045213;0.00011005;0.025001;0.0025473;0.0017701;0.01667;0.0078743;0.012007;0.0040087;0.031852;0.0043133;0.0021563;0.040825;0.0052175;0.00028955;0.016728;0.0073249;0.0051606;0.0080875;0.0020541;0.0053106;0.0040039;6.8128E-05;0.0021107;0.0024773;0.0016539;0.011269;0.0025791;0.013755;0.0014334;0.00079613;0.053653;0.00054515;0.054269;0.0084477;0.0043604;0.0014148;0.008346;0.0052764;0.0047077;0.03445;0.00072866;0.0087222;0.051545;0.046638;0.041176;0.0036161;0.0025342;0.00052646;0.01578;0.0026255;0.051725;0.02557;0.0015958;0.026408;0.031132;0.0032522;1.6291E-05;0.00084287;0.0090981;0.0038915;0.0016556
14;1.0856;1304.3;2;0.85;0.5;50;50;Manhattan(Summation);0.0001077;0.00052732;0.00072278;0.014623;0.0078719;0.048621;0.045222;0.0072558;0.032808;0.0054358;0.033435;0.0034739;0.049008;0.0023765;0.0002218;0.0022937;0.0018981;0.021597;7.5448E-05;0.041912;0.006224;0.00011596;0.03047;0.015903;0.0031796;0.037786;0.001142;0.00746;0.0040797;0.0078508;0.00091408;0.0041687;0.0025148;0.016212;0.0019694;0.0073888;0.0028443;0.00076548;0.0024401;0.0020226;0.00071729;0.055274;0.0048802;0.052577;0.0016142;0.0089507;0.0033625;0.00035145;0.0016269;0.00089846;0.032131;0.0033938;0.011246;0.051852;0.053105;0.019804;0.00040286;0.0059297;0.010093;0.0071087;0.05242;0.05281;0.022696;0.0055073;0.0098297;0.034049;0.0076472;0.00070724;0.0014244;0.0068847;0.0034407;0.0023278
15;1.0905;1.0695;2;0.85;0.5;50;50;Manhattan(Average);5.6115E-05;0.0012533;0.0010674;0.010365;0.051006;0.050827;0.04021;0.048852;0.02885;0.01943;0.055597;0.0031299;0.018276;0.00010893;0.0013219;0.00031839;0.00059311;0.0068693;0.0059532;0.002977;4.0547E-05;0.0057349;0.045377;0.0034184;0.00077141;0.016333;0.00084813;0.00069135;0.01588;0.0061459;0.0043042;0.0066955;0.0058754;0.00062918;0.0028958;0.0036945;0.021768;0.00047152;0.0003737;0.0035161;0.002379;0.056143;0.00057864;0.044865;0.0010759;0.00017984;0.0046869;0.0014323;0.010536;0.0083793;0.048737;0.00057524;0.00030622;0.054882;0.050931;0.018928;0.0029249;0.013886;0.0064064;0.0022398;0.0051433;0.05573;0.039556;0.0018436;0.0014373;0.038731;0.012997;0.00662;0.00010482;0.0031615;0.0033544;0.0087228
16;1.1016;0.88646;2;0.85;0.5;50;50;Manhattan(MinimumTimesMedian);0.00043058;0.0018355;0.0042111;0.02947;0.027711;0.015258;0.01369;0.019479;0.027992;0.0090097;0.017652;0.0081635;0.024049;0.0033698;0.0074357;0.0027782;0.0026471;0.019508;0.01816;0.026113;0.011931;0.017959;0.028208;0.0062208;0.00165;0.018864;0.015878;0.024777;0.01564;0.0049648;0.0023097;0.014815;0.019538;0.0080318;0.0063919;0.004361;0.0072032;0.024115;0.012313;0.00013195;0.0063956;0.026378;0.014048;0.016706;0.00078675;0.014613;0.0083149;0.0077214;0.012357;0.0020773;0.014203;0.024744;0.014807;0.025397;0.019538;0.021828;0.011327;0.0018363;0.025172;0.0030293;0.026888;0.0225;0.017149;0.0062068;0.0233;0.029037;0.015609;0.020435;0.019228;0.00088695;0.005733;0.017481
17;1.102;0.88682;2;0.85;0.5;50;50;Manhattan(MinimumTimesMedian);0.00043211;0.01343;0.0064135;0.022361;0.027292;0.016331;0.023298;0.012937;0.025724;0.012912;0.02796;0.0053991;0.023639;0.0012143;0.0060198;0.0046802;0.0063735;0.019932;0.0054176;0.02072;0.0045747;0.0099529;0.024624;0.0021195;0.0092527;0.027822;0.018062;0.0054143;0.026179;0.0099765;0.0063744;0.0042379;0.018472;0.0089206;0.019815;0.0060903;0.0069944;0.023183;0.014998;0.0012705;0.0021536;0.025242;0.022268;0.019364;0.0076497;0.02211;0.0024999;0.015835;0.0077094;0.0022452;0.024681;0.023738;0.016657;0.016244;0.026756;0.014746;0.010097;0.0043068;0.019912;0.015198;0.00068737;0.025601;0.01936;0.016409;0.018951;0.018884;0.013611;0.013836;0.0029476;0.012372;0.0007974;0.026307
18;1.1025;0.88719;2;0.85;0.5;50;50;Manhattan(MinimumTimesMedian);0.00084803;0.0065389;0.0076243;0.030432;0.026707;0.01642;0.018388;0.0225;0.027908;0.0011515;0.024209;0.028576;0.023836;0.0053557;0.01432;0.0019184;0.0066098;0.021131;0.00073589;0.030403;0.012292;0.019066;0.01544;0.012493;0.0061331;0.012719;0.0090303;0.021744;0.010687;0.012828;0.00020416;0.0035922;0.011515;0.014534;0.0021692;0.0035624;0.0053003;0.00010116;0.028656;0.0016323;0.0079181;0.02497;0.0027501;0.026364;0.0068428;0.0068394;0.012714;0.020379;0.02455;0.0060878;0.0045173;0.012749;0.012632;0.015166;0.025717;0.014153;0.012082;0.005205;0.014904;0.0099685;0.023612;0.021941;0.011419;0.0040054;0.0042294;0.025904;0.031293;0.024097;0.0091769;0.0094644;0.020891;0.028148
19;1.383;0.15479;2;0.85;0.5;50;50;Euclidean(Minimum);0.00028986;0.0036259;0.0013274;0.034411;0.029232;0.020597;0.0028749;0.021197;0.020733;0.034441;0.030959;0.0015149;0.014819;0.014929;0.00062931;0.019309;0.00036544;0.0051173;0.00041945;0.029872;0.0025109;0.01019;0.0091577;0.035368;0.0071901;0.00024247;0.0013121;0.026864;0.02233;0.025817;0.00042472;0.0065052;0.030745;0.00070988;0.0059251;0.00018779;0.0040011;0.0017795;0.014644;0.0033538;0.00029721;0.035919;0.013964;0.030563;0.00042597;0.014216;0.010012;0.035834;0.018235;0.0016014;0.00010732;0.00084414;0.0058672;0.0079353;0.029471;0.018985;0.00050305;0.0017001;0.029306;0.016316;0.026705;0.030644;0.027031;1.9749E-05;0.031997;0.035789;0.030472;0.0045943;0.0090422;0.01878;0.00028782;0.016614
20;1.4054;0.15729;2;0.85;0.5;50;50;Euclidean(Minimum);0.00075344;0.0064327;0.0005022;0.040608;0.039089;0.010925;0.0022526;0.010815;0.034974;0.032236;0.016743;0.0012586;0.0020253;0.00057221;0.035631;0.00012831;0.0023702;0.028911;0.032448;0.0019379;0.0020083;0.0038488;0.019976;0.0021766;0.0021285;0.021979;0.037595;0.00057223;0.017385;0.011813;0.0020267;0.0023359;0.03154;0.025187;0.013042;0.00020799;0.00165;0.012656;0.039049;0.0053486;0.0030225;0.035855;0.020012;0.038684;0.036478;0.00049022;0.00025686;0.004108;0.010001;0.0027805;0.033176;0.026065;0.0060876;0.0136;0.039734;0.0059486;0.00082399;0.0042858;0.030963;0.003799;0.0032032;0.0039999;0.031205;0.0017505;0.0092407;0.023994;0.029847;0.0011905;0.00037304;0.001249;0.0047499;0.019887
21;1.4288;0.15991;2;0.85;0.5;50;50;Euclidean(Minimum);0.00053062;0.0010226;0.0028181;0.035453;0.032109;0.021052;0.01459;0.026843;0.028025;0.028918;0.013643;0.00064472;0.034505;0.0017988;0.010177;0.006151;0.0047896;0.012241;0.00064143;0.010602;0.0012779;0.010591;0.019354;0.00082306;0.018365;0.0005806;0.011695;0.0069728;0.012005;0.0091819;0.0010529;0.00049512;0.035423;0.036372;0.036412;0.00035988;0.014379;4.2614E-05;0.00080727;0.0018297;0.0021847;0.034558;0.031916;0.034487;0.0018811;0.028021;0.031296;0.027223;0.0050323;0.0084156;0.00050977;0.00072444;0.00053729;0.036489;0.031018;0.036018;0.0010877;0.0034492;0.0076026;0.00082511;0.0023686;0.025738;0.036624;0.015324;0.03454;0.028149;0.0014304;0.0054352;0.0037738;0.0086603;0.009603;0.00050539
22;1.9911;0.31616;2;0.85;0.5;50;50;Euclidean(GeometricAverage);0.0032328;0.001691;0.0010348;0.0027363;0.057424;0.0046672;0.029743;0.047368;0.00011904;0.0041785;0.0031912;0.006406;0.0021892;0.014193;0.0018082;0.0067261;0.003711;0.0031565;0.0048741;0.0021569;0.056863;0.00045631;0.05204;0.0074287;0.024747;0.0018081;0.012149;0.0018625;0.0023791;0.0056158;0.0027946;0.029142;0.0064603;0.0024932;0.0034745;0.0065109;0.0027796;0.0072939;5.8124E-05;0.003615;0.00098997;0.057309;0.0038841;0.055963;0.0013415;0.0060769;0.0055571;0.0036046;0.0085978;0.0031329;0.056461;0.00087065;0.0023921;0.056428;0.0093159;0.053322;0.0018264;0.0046705;0.0028881;0.0052911;0.0020214;0.057688;0.052919;8.8714E-05;0.042936;0.0016259;0.00079183;0.051113;0.00050099;0.005127;0.010369;0.004319
23;2.0628;0.32754;2;0.85;0.5;50;50;Euclidean(GeometricAverage);0.0001236;0.00055474;0.0071734;0.0027624;0.0069362;0.068857;0.010903;0.011172;0.017636;0.0016687;0.058696;0.0029754;0.0022399;0.0032741;0.0084115;0.0069348;0.0065485;0.0074013;0.020678;0.0053414;0.062333;0.013929;0.0015136;0.0013443;0.0028845;0.0040351;0.0017226;0.011771;0.067233;0.023674;0.0018074;0.0052197;0.0037114;0.0021182;0.0075055;0.0036622;0.0028864;0.013252;0.0090911;0.0077238;0.004951;0.068392;0.0011088;0.066365;0.011424;0.0040296;0.0026673;0.011208;0.0058992;0.0053044;0.006677;0.0087037;0.0056439;0.065728;0.064704;0.00084313;0.0076371;0.003003;0.0075228;0.0029656;0.0016523;0.068816;0.0086469;0.0092568;0.0099156;0.0073187;0.0022585;0.011109;0.0034911;0.0054298;0.0098806;0.0097418
24;2.0932;0.33238;2;0.85;0.5;50;50;Euclidean(GeometricAverage);0.021433;0.0058687;0.0023365;0.049893;0.0027508;0.053245;0.063067;0.005527;0.001245;0.0059383;0.059608;0.0044702;0.010761;0.012381;0.0094829;0.0069322;0.0043406;0.00029245;0.0040484;0.0031204;0.00023878;0.0087829;0.05432;0.0029424;0.0021689;0.046027;0.0026365;0.0053622;0.0043862;0.0065325;0.0075744;1.9408E-05;0.0014634;0.00024568;9.6015E-05;0.011441;0.0026652;0.00073438;0.062425;0.0049599;0.0009067;0.067323;0.0037263;0.0018095;0.0025358;0.066302;0.0058089;0.0035655;0.0026365;0.00037127;0.061002;0.0046443;0.003318;0.0034256;0.061756;0.00047181;0.0016872;0.0017157;0.0070892;0.002725;0.0042457;0.064803;0.01069;0.0053031;0.0015295;0.0027164;0.0023225;0.0065909;0.0022288;0.0001583;0.012587;0.032244
25;2.1301;0.3382;2;0.85;0.5;50;50;Euclidean(Median);0.00098589;0.0103;0.0027963;0.0044371;0.0072863;0.057598;0.056334;0.054927;0.0029894;0.013508;0.0013943;0.0042864;0.0012057;0.0013402;0.0027948;0.052723;0.053252;0.0052628;0.0018273;0.00090231;0.0010359;0.0024092;0.058261;0.0010199;0.0050136;0.055395;0.007784;0.00354;0.0017208;0.0037232;0.0017358;0.00030827;0.0053166;0.0019762;0.00012477;0.0026512;0.00043272;0.0042859;0.0019217;6.3543E-05;0.0072192;0.060231;0.0015443;0.055548;0.00048095;0.00061992;0.0020714;0.0032348;0.0025978;0.0026011;0.042761;0.0039875;0.0051689;0.049713;0.055488;0.0026884;0.0074907;5.0857E-05;0.0014656;0.0092291;0.00033507;0.0023599;0.0036139;0.045755;0.057748;0.010326;0.0025741;0.051773;0.00045821;0.0006639;0.0090038;0.0063274
26;2.1385;419.63;2;0.85;0.5;50;50;Euclidean(Summation);0.0065805;0.0015402;0.0025961;0.00059337;0.067919;0.0010358;0.05895;0.0087989;0.005445;0.0096765;0.041582;0.030365;0.0064984;1.4481E-05;0.00074949;0.0031775;0.00063985;0.04365;2.1826E-06;0.0052635;0.0030652;0.0090163;3.5395E-07;0.00016925;6.8513E-05;0.017654;0.0012726;0.0051136;0.001477;0.0029188;0.001604;0.0029783;0.00055196;0.046751;0.003263;0.026241;0.0084593;0.0055153;0.0022751;0.00035963;0.0041441;0.066553;0.0046176;0.012042;0.024988;0.0021897;0.0029022;0.0098265;0.002145;0.0057096;0.062122;0.05094;0.0059552;0.0051901;0.069616;0.00040846;0.0071816;0.0044312;0.055622;0.0042232;0.0018783;0.066815;0.0009292;0.0037066;0.0012795;0.012543;0.007233;0.0022299;0.039127;0.026406;0.0018682;0.0013447
27;2.1463;0.34381;2;0.85;0.5;50;50;Euclidean(Average);0.0014203;0.016471;0.017059;0.0086388;0.0080769;0.055922;0.049584;0.068286;0.065201;8.3819E-06;0.0046139;0.00037482;0.008931;0.0031088;0.0062281;0.0060654;0.0078492;0.055601;0.0027604;0.0072285;0.019906;0.0089729;0.067829;0.0036431;0.016813;0.00054105;0.0098908;0.0043855;0.001857;0.00074325;0.0001736;0.009563;0.014677;0.0014107;0.0027956;3.7921E-05;0.0033419;0.0083955;0.011019;0.0038636;0.0023576;0.063007;0.00052194;0.015491;0.0007902;2.6617E-05;0.0082927;0.0010247;0.0033738;0.0059611;0.034198;0.0003767;0.00051846;0.0068349;0.061518;0.060641;1.9394E-05;0.0071622;0.0027583;0.0010782;0.0023807;0.0030335;3.7822E-05;0.010414;0.047798;0.0084529;0.059644;0.0021669;0.0050574;0.0011327;4.4198E-05;0.00059829
28;2.1491;0.3412;2;0.85;0.5;50;50;Euclidean(Median);0.00010101;0.0024272;0.016836;0.056534;0.0014248;0.063541;0.061522;0.0017249;0.00033849;0.0004124;0.0038287;0.0018901;0.0025322;0.0052367;0.001038;0.01289;0.03883;0.049627;0.0025326;0.0039098;0.0013292;0.0052493;0.00022438;0.0043076;0.0030544;0.00067456;0.00036428;0.0036024;0.00086511;0.0074301;0.0092557;0.0016302;0.0086626;0.001725;0.00095499;0.0018525;0.036208;0.0091745;0.032495;0.00245;8.6954E-05;0.061763;0.00093143;0.00043347;0.0017212;0.0046755;0.0016958;0.0016659;0.019181;0.048543;0.0074571;0.00035415;0.00041509;0.064765;0.064691;0.0073061;0.001001;0.0014399;0.026172;0.0015026;0.00070231;0.064686;0.0029796;0.00010237;0.020438;0.0045732;0.061954;0.0043952;0.0081452;0.055171;0.0018007;0.0005628
29;2.171;0.038577;2;0.85;0.5;50;50;Euclidean(MinimumTimesMedian);0.0048618;0.001805;0.0033023;0.00122;7.5784E-05;0.041316;0.032525;0.01638;0.014724;0.0012949;0.038004;0.0044397;0.038722;0.0083082;0.001908;0.0062972;0.001747;0.033935;0.0033683;0.040497;0.010181;0.010039;0.040675;0.034485;0.0018286;0.029822;0.00036888;0.033789;0.028367;0.041099;0.010899;0.0037605;0.0019465;0.0030775;0.00026962;0.0038052;0.0076351;0.038859;0.026449;0.0056214;0.0019824;0.039343;0.0019059;0.0017241;0.00020842;0.0061039;0.0014624;0.0039427;0.0053992;0.015413;0.0034246;0.0079864;0.0025843;0.0028318;0.021192;0.00061842;0.040043;0.041982;0.00098053;0.0046565;0.0016466;0.035715;0.011769;0.037042;0.025943;0.0013956;0.0025807;0.038305;0.002159;0.00047151;0.00016479;0.011313
30;2.2023;432.15;2;0.85;0.5;50;50;Euclidean(Summation);0.006635;0.0019147;0.00018484;0.0058852;0.010518;0.061899;0.06517;0.007031;0.067437;0.002451;0.059683;0.0085507;0.0045184;0.003255;0.0040325;0.019191;0.00099975;0.013214;0.0028463;0.0068367;0.0045551;0.0028724;0.0010806;0.0024794;0.0027025;0.00045793;0.0014608;0.002752;0.00021748;1.6537E-05;0.0028056;0.0062134;0.0017198;0.0007294;0.018365;0.0092803;0.00039538;0.00064487;0.0051011;0.004258;0.0015145;0.07121;0.027529;0.058216;0.0059461;0.0010467;0.011584;0.00025861;0.055991;0.0087234;0.011109;0.0091489;0.011883;0.011558;0.00034618;0.055379;0.014063;0.015658;0.00067493;0.00016521;0.0031483;0.070857;0.0050353;0.0013836;0.047998;0.0020355;0.053469;0.00049883;0.008998;0.001467;0.0065271;0.0062183
31;2.2132;0.35139;2;0.85;0.5;50;50;Euclidean(Median);0.0023331;0.0015187;0.0048429;0.0035886;0.00096002;0.0044843;0.056659;0.063767;0.001617;0.010755;0.039775;0.0036294;0.0088035;0.0015594;0.00052933;0.0060354;0.0014314;0.00059553;0.00092256;0.0026174;0.0011412;0.012405;0.062644;0.00053936;0.0043774;0.0022696;0.0024127;0.0022441;0.058648;0.00030106;0.011207;0.0038187;0.0020951;0.00077713;0.00090283;0.0047157;0.0044832;0.00011638;0.0027007;0.0037261;0.0017;0.064143;0.05013;0.064467;0.008232;0.0016048;0.0059705;0.0029416;0.0049551;0.0030469;0.001296;0.017281;0.012813;0.056992;0.058091;0.0047977;0.00052213;0.0090383;0.010394;0.0003262;0.014571;0.058705;0.00093532;0.0058025;0.05523;0.0035924;0.058762;0.00083481;0.0042174;0.0078789;0.0041042;0.0086741
32;2.2932;0.040749;2;0.85;0.5;50;50;Euclidean(MinimumTimesMedian);0.0037591;0.0015754;0.0021524;0.043927;0.042813;0.038125;0.0023277;0.0018825;0.044265;0.0093304;0.0068216;0.00048871;0.0128;0.014015;0.0021659;0.0053453;0.0028751;0.00099112;0.0063101;0.00025088;0.014007;0.0074072;0.027874;0.0014412;0.01496;0.00089881;0.0022276;0.010173;0.032382;0.04083;0.0076473;0.0012532;0.0012831;0.039976;0.0016776;0.0055322;0.010988;0.009982;0.0036938;0.00097935;0.0073709;0.042633;9.7714E-08;0.035998;0.0018804;0.014982;0.0083544;0.00085146;1.206E-05;0.032491;0.0080963;0.03324;0.012303;0.014415;0.041359;0.0028312;0.011663;0.006426;0.043319;0.00093561;0.001171;0.041565;0.031845;0.0012151;0.0027266;0.041369;0.0020179;0.011266;0.0016519;0.00070534;0.026479;0.041392
33;2.3368;0.37432;2;0.85;0.5;50;50;Euclidean(Average);0.0010686;0.022244;0.0028814;0.0047521;0.0042021;0.0031827;0.0036798;0.0055549;0.070242;0.0075428;0.0001188;0.00063507;0.0044388;0.0023147;0.00016439;0.00068557;0.010064;0.075439;0.0013238;0.0023256;0.002238;0.0098138;0.00092131;0.0029012;0.00065793;0.001144;0.0069864;0.011019;0.077303;0.0077138;0.0077333;0.042234;0.0015373;0.076322;0.005689;0.00020107;0.004098;0.023243;0.0062582;0.0039514;0.012378;0.07781;0.0022981;0.0078045;0.0039806;0.0025229;0.0026954;0.0028534;0.0023914;0.00044388;0.076689;0.00010534;0.0067886;6.9442E-05;0.0044441;0.00094122;0.0016906;0.0039417;0.0017603;0.0029241;0.0031693;0.070698;0.0038958;0.0075843;0.00040372;0.075926;0.0033104;0.077381;0.005101;0.012309;0.001664;0.0091988
34;2.5337;497.18;2;0.85;0.5;50;50;Euclidean(Summation);0.0011489;0.0017319;0.0019795;0.00017624;0.074801;0.0059412;0.0039349;0.019948;0.085867;0.00121;0.0069893;0.002915;0.0065679;0.0027458;0.012169;0.0046672;0.0069556;0.015218;0.0036001;0.090015;0.013747;0.011313;0.00074608;0.0018864;0.0026506;0.030635;0.004683;0.0016911;0.056436;0.0068544;0.012521;0.00063031;0.00079777;0.0052006;0.00072115;0.0099834;0.0011432;0.0093713;0.00096154;0.0022375;0.0017432;0.091643;0.00063934;0.0011893;0.0013489;0.0010313;0.00062042;0.00084805;3.4174E-05;0.00083853;0.0021889;0.0038015;0.018277;0.0047188;0.074872;0.08805;0.001191;0.003047;0.0024398;0.0044731;0.0061094;0.081556;0.00039659;0.0035556;0.02415;0.0056403;0.0047952;0.0046984;0.0054357;0.019428;0.00094531;0.017502
35;2.5338;0.045023;2;0.85;0.5;50;50;Euclidean(MinimumTimesMedian);0.0031427;0.015335;0.0028978;0.040587;0.039642;7.8993E-05;0.0079477;0.0068368;0.040636;0.037637;0.03899;4.7394E-05;0.0036757;2.4585E-05;0.0031861;0.0013055;0.0054619;0.0032891;0.0066597;0.011203;0.0071173;0.021958;0.0014575;0.0061642;0.0028869;0.041094;0.0036889;0.018031;0.037864;0.0044354;0.0065923;0.0048793;5.6578E-05;0.0029238;8.6229E-05;0.0013648;0.0017436;0.0046417;0.0277;0.0009252;0.0047196;0.038806;0.0034319;0.039618;0.00033988;0.000981;0.0014261;0.00037689;0.0025247;0.0024445;0.03711;0.006449;0.0010661;0.029866;0.036811;0.03932;0.00090826;0.0035904;0.022257;0.00085355;0.0009494;0.037023;0.040952;0.039932;0.037255;0.037037;0.018268;0.0020113;0.00038513;0.039534;0.00094485;0.0086159
36;2.5865;0.41432;2;0.85;0.5;50;50;Euclidean(Average);0.0081159;0.00078287;0.0079705;0.011575;0.0056255;0.080943;0.089903;0.0025521;0.0068291;0.0064096;0.0043314;0.0012923;0.0097408;0.00027925;0.0013505;0.0075589;0.010739;0.002603;0.00030238;0.010508;0.00076156;0.0072061;0.00040644;0.0062846;0.0047944;0.015081;0.0041969;0.0031484;0.00086146;0.0058835;8.8625E-05;0.00045638;0.0031077;0.0011276;0.0038776;0.014987;0.010441;0.01276;0.0011925;0.0062539;0.00010996;0.08788;0.0059839;0.083681;0.0020117;0.0012506;0.0013502;0.0010117;0.0014165;0.0012963;0.08686;0.0035861;0.03709;0.009518;0.084919;0.002376;0.0032676;7.3098E-05;0.0024746;0.0020445;0.0029271;2.1821E-05;0.0061604;0.084857;0.010517;0.002453;0.071617;0.0093135;0.0052556;0.0049736;0.0070232;0.0043515
population
1;0.21936;0.55326;2.4471;4.7539;0.71576;3.8118;1.4374;4.3303;1.2063;0.12461;0.57827;2.2125;0.20995;0.029355;0.21316;2.5885;0.32789;2.7115;1.1425;1.0634;0.36936;0.18174;1.9022;0.3594;1.4565;0.20831;0.13626;1.0598;3.4762;0.67596;1.335;0.63754;0.019666;1.1851;0.17895;0.78721;2.4607;1.2348;0.00011043;0.9792;0.19348;0.11316;0.022893;0.69821;0.52069;1.4387;1.5254;4.5683;0.75792;0.02399;1.2932;0.39676;0.12293;0.30199;0.16083;0.51823;0.58936;0.92199;1.0642;1.266;3.6243;2.1432;0.70366;0.47068;0.17086;0.61936;0.31155;0.86428;0.13074;2.6248;0.82957;1.0231
2;0.23412;3.3653;0.098781;1.1446;0.90849;1.0161;0.40571;0.31351;0.18218;0.36254;1.2033;0.37661;0.52881;0.21235;0.46117;0.78721;0.69911;5.2936;1.8182;1.421;0.7551;2.1172;0.23542;0.30593;0.45758;1.3151;0.012082;1.4362;0.29856;0.45379;0.57699;0.22952;0.72368;1.2902;0.32854;0.49425;2.6252;0.23764;0.63572;1.1836;2.3174;0.10209;0.6027;2.1221;2.3438;1.7174;0.81298;0.27113;3.8301;3.0928;1.6282;0.17343;0.54005;0.3695;0.087322;0.22215;0.26888;1.2732;1.1061;0.83219;0.043969;4.8246;0.62088;2.8716;0.19712;2.5081;1.4109;0.48442;0.72401;0.011674;0.47086;0.14282
3;0.083505;2.3035;0.65507;1.8425;3.7169;0.29085;1.688;0.63569;0.036627;2.9403;0.30883;0.75233;0.040119;1.2156;0.59713;1.4067;1.676;0.77412;0.32506;1.1228;2.1075;0.64803;0.68081;0.79291;0.51548;0.37704;0.19364;2.382;0.53614;0.51888;0.11755;0.88999;0.40057;0.71155;0.47916;1.1102;0.34702;0.0039053;0.94257;0.44975;0.76696;2.88;0.3926;2.2746;0.15323;1.5115;1.2548;1.2862;0.81043;0.35419;1.8407;0.62209;0.44329;0.16992;2.2031;2.2153;0.89948;0.50846;1.0982;2.7317;2.4419;0.020834;1.2947;2.4898;0.70491;1.0351;0.4055;0.41272;0.3363;0.46668;0.091525;0.46312
4;0.061536;0.99779;0.0022139;0.21377;2.0487;0.52317;2.0255;0.57423;1.3104;0.73403;0.77505;0.10293;0.24578;1.057;0.41709;0.058914;0.53545;1.8041;0.13441;2.6811;1.4581;0.72871;1.1056;0.16376;0.59406;0.39661;0.25583;0.55939;1.623;0.27909;0.70338;0.45648;0.27841;0.82035;0.16562;1.4304;1.5238;1.4622;2.2961;0.39146;1.2758;0.80543;1.0549;1.5076;0.25094;0.66962;2.7759;0.0032902;0.087282;1.3244;0.38222;6.421;0.19286;0.71571;0.84546;0.25947;1.9421;0.62728;1.3158;0.14902;2.1874;0.86632;0.050709;4.3551;0.11145;0.7189;1.1478;0.72632;0.1498;0.355;0.010827;0.029366
5;0.068964;2.1988;0.22073;1.711;1.9849;1.7944;1.438;0.29225;0.77437;0.23121;0.48254;1.5656;1.9308;1.5825;1.0466;0.29819;1.1262;1.0909;0.75105;0.1771;0.7113;0.37462;0.22652;0.016933;0.12889;0.12686;0.4574;0.060008;0.29313;0.078269;0.85803;0.071443;2.3413;0.8955;0.64323;1.7083;1.2437;0.41068;0.094297;0.43544;1.8431;3.8481;0.17148;2.5948;1.2393;0.47689;0.79075;1.5879;0.12041;2.3873;0.73937;0.21078;0.088631;2.1875;0.56683;0.48238;0.54186;0.064393;0.70483;2.5475;0.98368;1.132;0.20782;0.65357;1.3635;0.028294;0.97147;0.89837;0.99352;2.5142;0.63875;0.73387
6;0.39391;1.9554;0.026297;0.56862;1.2638;0.030044;0.93915;1.0014;2.312;2.1684;0.90146;1.0821;0.53949;0.33873;2.279;0.34807;0.089581;0.16827;0.001774;0.64887;0.26071;3.9875;1.0853;0.71787;0.50809;0.38677;1.2192;0.33341;0.69308;0.37089;0.48489;1.1618;3.0746;0.16648;0.9517;1.0511;1.0403;1.9916;0.065282;1.1215;0.70786;4.7411;0.59917;0.46372;1.3868;0.16602;0.41229;0.048799;0.29313;0.76705;0.56428;0.19631;1.9321;0.0073136;1.6599;0.60411;0.17383;0.35321;0.2419;1.5342;0.1278;0.020574;0.88156;0.010025;0.059283;2.0834;0.4718;0.070459;1.2089;0.34952;0.83908;2.1464
7;0.22883;1.369;0.48577;1.5396;0.26998;0.81693;0.98713;3.8128;0.44131;0.47421;0.55543;0.14753;0.69492;0.13301;2.1874;0.57418;1.4468;0.27984;1.0913;0.13179;0.93876;0.25018;2.9341;0.18304;1.3885;0.45522;1.9216;1.1523;0.35805;1.7639;0.66835;1.8116;0.92338;0.47353;1.1043;1.7437;1.4941;0.3076;1.9302;2.1342;0.38076;0.24527;0.26059;1.1139;0.45009;1.1539;0.077798;0.89225;0.043875;0.49328;0.50565;2.9254;1.6114;3.0463;0.50527;1.7414;1.3515;3.0312;1.6619;0.22741;0.21866;0.41828;0.68128;3.4325;1.3667;0.20677;0.44145;0.71794;1.3655;0.92652;0.85088;0.70357
8;0.024113;0.44413;0.25845;1.2129;4.5497;2.2633;0.50163;1.1285;0.24123;0.30834;0.04046;0.66229;2.0179;0.55927;1.1829;0.6756;0.94048;1.4121;0.81094;3.5051;0.027143;0.69568;1.2887;0.28266;0.68531;2.7138;0.068443;0.77684;0.6176;0.5339;0.15877;1.1443;0.22909;1.352;0.63494;0.43943;0.052002;1.4041;0.83354;0.085168;0.73922;0.8599;0.76155;0.24236;1.2149;1.0777;0.86213;0.9055;0.46545;0.52877;0.40869;0.28018;1.8202;1.7452;1.0478;0.20921;0.015026;0.26018;1.4924;0.40558;0.55247;0.77398;2.9703;1.9286;0.27975;0.49066;0.23869;0.5825;1.7759;0.70543;1.0312;0.32557
9;0.024883;0.3192;1.0239;0.62664;0.024585;3.2956;0.54748;1.5799;0.2655;0.73843;0.3203;1.1013;0.16591;0.14432;0.28193;2.5142;0.40044;0.1804;0.69631;0.36422;0.73017;0.10044;0.619;0.33433;0.41336;2.8;0.6029;0.83185;4.1163;0.83733;0.28228;0.83027;0.55535;0.81063;0.45764;0.56405;3.14;1.3653;0.2185;0.27475;0.65255;0.69531;4.1058;0.3946;0.30745;0.20372;1.3169;0.16532;0.056735;0.85743;4.1194;0.93239;0.23394;0.16034;0.50432;0.87353;2.288;0.2559;0.030396;0.63155;2.3779;0.17175;0.018278;1.5381;0.94778;1.4205;0.92866;0.089779;0.11922;0.78539;3.3455;0.43663
10;0.032733;0.58847;1.3061;2.4766;1.0367;0.048717;1.0611;2.5628;0.77777;0.44963;1.0404;0.28682;0.96968;0.74689;0.13354;0.35556;1.6225;0.032933;1.4452;1.6825;0.8592;0.064841;0.32982;0.10206;2.4395;3.0501;0.36038;0.50286;0.11764;1.8406;0.93923;0.35943;0.37854;0.19724;1.6519;0.43164;0.55056;0.65776;0.083788;0.66945;0.28115;2.2595;0.53065;0.88462;1.1376;0.21533;2.8027;0.11792;0.30576;0.24153;0.37316;0.062846;0.11187;0.034793;0.37764;0.22337;0.44562;0.5995;0.61039;0.8227;0.33477;1.051;3.4495;1.4047;0.35921;2.0593;0.30393;0.47928;1.4399;0.11378;0.2764;0.98645
11;0.21148;0.14565;0.5912;0.17795;1.0752;0.30093;3.3772;1.5707;0.42498;1.2543;1.046;0.9091;0.098987;1.3221;0.71116;0.37294;0.35483;0.9898;2.0309;1.4539;1.4327;0.63096;0.1216;2.9258;1.0964;1.4709;0.20668;0.45334;1.1865;0.24928;0.10849;0.29307;0.2229;0.57758;0.87774;1.1643;1.6745;0.81559;1.051;0.3806;0.38502;0.52655;2.6988;0.46293;1.6689;0.35152;2.5186;0.49158;0.021938;0.29336;1.0883;0.81879;1.2023;1.8557;2.4436;0.56209;0.70277;0.41895;0.17938;0.52392;0.15944;1.1907;2.0653;0.4378;1.2106;4.6447;0.22172;0.85657;3.5548;0.52964;0.4439;1.3777
12;0.10483;0.089533;0.52555;0.0091686;0.1362;0.54671;1.4617;0.54088;0.62626;0.26209;1.3355;0.47213;3.168;0.23041;0.4014;1.225;0.47013;3.1694;1.0881;1.2939;1.1428;0.046485;0.41452;0.48125;0.35084;1.3929;0.19305;0.21436;0.075957;0.45139;1.4463;2.7998;1.6465;0.60634;0.86354;1.8946;0.026234;0.61005;0.88947;2.8832;0.40219;0.081451;0.46807;0.031911;0.57802;0.22923;0.69568;0.81284;0.38132;0.87088;0.16456;0.83101;0.31166;3.051;6.595;0.10647;0.49421;0.2028;0.41651;0.27699;0.68844;0.24213;1.0217;0.97114;1.073;2.7976;0.85311;1.044;0.93298;0.063305;0.98548;0.30848
13;0.14648;0.10804;0.70261;0.26719;0.24375;0.96268;0.78184;1.9194;2.0467;3.3626;0.08584;0.16539;3.3784;0.3545;1.3632;0.54435;2.0686;1.0746;1.4679;0.17247;0.023632;2.561;0.43688;1.6085;0.21159;1.2294;1.7969;1.2256;0.47721;1.8806;1.7138;0.24826;1.8748;0.7748;0.99956;0.94583;1.8985;0.027809;0.31746;0.58073;0.33374;0.43397;2.2039;0.15689;0.73832;0.086968;0.036423;0.53448;0.16648;1.4361;0.11018;0.22878;1.6072;0.1441;1.8474;0.96457;0.027693;1.0068;1.4237;0.65776;0.109;1.1474;0.026164;2.2193;0.7601;0.028608;1.6294;0.40633;1.0713;1.3569;0.98854;0.38576
14;0.01955;1.0865;0.025404;0.012855;3.8201;0.81028;0.12008;0.80731;0.48473;0.27061;1.0801;0.52204;2.219;0.5891;0.076443;0.50475;0.70268;0.74102;0.71491;0.089256;0.68616;2.7625;0.14842;2.9694;0.6644;0.36029;0.38352;0.71174;1.1633;2.7939;1.6071;1.4272;0.14734;0.18127;1.3116;0.968;2.0255;1.8063;3.6632;0.54327;0.12209;0.3619;0.20346;0.60665;0.22445;0.15153;0.83916;1.565;1.9771;1.216;0.69231;0.14529;0.0074046;0.16031;0.31213;2.8227;1.2687;1.3131;0.68508;2.8337;0.053485;1.011;0.65128;1.5739;0.1835;0.68576;1.1461;0.056739;0.20188;0.11843;1.2761;0.11586
15;0.38563;0.65792;1.0126;1.4457;1.2747;0.62393;0.7429;0.15178;1.3519;0.48954;0.94586;1.3585;0.8362;1.5228;0.2221;0.33565;0.032109;0.048889;0.47857;0.82743;1.7963;0.016408;0.19527;2.0129;0.36849;0.30496;0.11721;0.41711;2.9496;2.1819;0.41194;0.35472;0.52427;0.26725;2.8354;0.5598;0.34321;1.6981;0.92668;0.53598;0.56995;2.2378;1.4605;1.3316;0.41632;0.31092;0.14338;0.62843;0.35186;0.94986;1.2352;2.2332;0.51425;0.48839;1.8442;4.4537;1.5265;0.04083;0.70568;0.60698;1.1124;0.17689;0.098593;0.45722;0.32823;2.353;0.62649;0.72577;2.3185;0.30342;1.2684;2.4583
16;0.036079;0.70326;0.80614;2.0142;0.49429;0.63242;0.038535;0.79224;0.75777;0.29146;0.036232;0.26758;1.8877;0.068497;3.1684;0.71759;1.2714;1.6558;1.851;0.86313;0.42078;0.078255;1.9235;0.353;0.0054852;1.3782;0.66993;4.9454;0.37402;0.53892;1.8484;0.91994;0.060763;0.57711;1.9757;0.15237;0.052515;1.399;0.041758;0.83307;1.2399;2.4702;0.52361;3.344;0.71302;0.4746;0.94062;0.87545;0.056057;0.31604;2.0775;1.102;1.3524;0.39647;1.1775;1.2566;0.20116;0.88785;1.0454;2.9417;0.55302;0.4402;0.14591;0.69362;1.0786;1.4989;0.7353;0.26145;0.81551;3.3487;0.59139;1.5679
17;0.0073607;0.13975;1.1854;0.56327;0.29895;0.37867;0.045868;0.65944;0.24345;2.4791;0.050084;1.4194;1.4767;1.2318;0.48036;1.1453;0.37922;0.3811;0.1058;0.31979;3.3506;0.82727;0.84654;1.5997;1.2612;0.59015;0.66071;0.88494;0.33886;0.94309;0.8251;0.10753;0.97146;2.7173;0.43911;0.375;0.44564;0.13807;1.2953;0.91754;0.012798;3.2724;1.548;1.1508;1.2389;0.27297;2.5203;0.27914;0.1809;0.74541;1.2793;0.28648;2.3029;0.3481;0.73916;1.3249;0.61009;2.0002;4.065;0.54376;2.3013;0.17081;3.0852;0.44161;0.83569;1.3803;0.43646;0.088144;1.7163;0.51552;0.90365;0.28446
18;0.16684;1.7133;0.91371;0.49462;0.83996;1.4618;0.052907;0.36378;2.6597;0.46479;0.33492;1.9296;0.78783;1.2663;0.86349;0.63834;0.20104;0.67219;0.70964;1.047;0.31192;0.46843;2.1953;0.21606;0.66006;0.52069;1.2043;1.5662;0.022943;0.38323;1.3353;1.1387;0.22236;0.26373;0.095331;1.9814;0.59363;0.52805;2.0709;0.21381;0.28361;3.5935;1.6527;1.9099;1.5948;1.123;0.046604;0.17595;1.7083;0.46253;0.13492;0.76945;0.45674;1.1386;1.6289;0.12192;1.8979;0.14226;0.89942;0.41946;0.13737;0.033115;0.025556;0.30953;0.23214;0.035457;0.61397;0.42826;0.71868;0.10891;1.3091;0.45002
19;0.33605;0.60516;0.57416;1.4813;0.48755;0.44717;1.2606;0.55384;1.844;0.73424;1.1461;0.55477;2.4849;0.20121;0.03339;1.1222;1.8779;2.0806;2.2944;1.6018;0.3544;0.073666;0.34277;0.41662;0.25078;0.19626;0.87759;2.4441;1.8115;1.5418;0.006389;0.64972;0.84897;0.16424;0.61511;0.74029;0.76655;1.8089;0.84778;0.32058;1.0253;0.095104;1.1994;1.1055;0.99641;0.043989;0.63067;3.4725;0.25687;0.75233;1.6679;0.76472;0.16303;1.9571;0.42487;1.025;0.51016;0.91549;0.47641;0.34746;0.061021;0.64648;2.7491;0.80145;0.76988;0.69498;0.1663;1.4298;1.0383;0.55991;2.0168;0.78083
20;0.019054;0.81314;0.42675;0.062009;0.24323;0.67849;1.1666;1.0209;1.4141;0.21042;0.97055;0.066576;1.0612;1.3485;0.095222;0.28843;1.1082;3.1497;0.2442;0.43816;1.0048;0.49915;1.0983;0.71302;0.33577;0.21334;0.80666;1.2955;0.18029;1.445;0.064965;0.1088;0.74679;1.0892;0.63786;2.2366;0.34501;0.82237;0.45539;0.088586;2.2135;0.26769;0.96286;0.78301;2.871;0.20232;1.8195;0.19448;0.36498;0.1347;1.3577;0.53781;0.64838;0.79316;0.098633;2.3536;0.50688;2.0889;2.1158;1.13;1.2726;1.6669;0.041564;1.6267;5.4326;0.9821;2.2359;1.2775;0.64964;1.0045;2.5635;3.181
21;0.056257;0.39635;1.3551;0.15152;0.70152;1.523;0.13566;0.90502;0.40096;0.66989;5.5842;0.42446;0.84179;0.34562;0.11047;0.90784;0.72246;0.075606;1.2221;0.34784;0.52961;0.00036525;0.73133;0.20436;4.0599;0.16663;0.46194;0.40587;0.24168;0.64117;0.39197;0.054392;0.60905;0.0020973;1.5478;0.79244;0.94806;2.9457;1.1267;0.042333;0.72331;0.020747;0.65087;0.46892;0.24795;0.36383;0.17626;1.3533;1.0493;0.96032;1.9277;0.39212;2.2979;0.57644;0.38742;0.57874;0.22665;0.27967;0.0034633;0.98395;1.423;1.2768;0.2948;1.7726;1.1136;0.019593;0.12526;0.11768;0.81082;0.29613;0.61155;0.58832
22;0.29232;0.41498;0.50254;1.4942;3.3131;0.47488;0.012305;0.59007;0.3534;0.28375;0.43956;0.87189;0.44794;1.7026;0.37239;0.18437;0.59898;0.39526;0.79707;0.19465;0.16394;0.89854;3.475;0.29263;0.12288;5.1139;3.2001;0.72468;0.34277;1.4511;1.552;0.65283;0.035894;0.14333;1.2249;0.042932;0.82281;1.0001;0.4824;0.8817;0.41924;0.20069;0.013917;0.27407;0.16232;1.142;0.96659;2.3069;2.7687;0.091908;0.58542;0.69662;1.8142;0.20963;1.1118;0.040659;2.2357;0.70633;0.42599;0.75956;0.64232;0.51194;0.052532;1.4158;0.26737;0.010962;1.3997;0.93825;1.4564;0.476;1.3764;0.81994
23;0.19445;0.18683;0.70286;0.3962;0.80056;0.26225;1.5516;0.41638;0.060135;0.40458;1.5732;0.65653;3.1125;0.69409;0.031785;1.867;0.82304;1.8105;0.52142;0.46955;0.29723;1.2443;1.398;0.34358;0.86003;0.37583;0.11097;0.14858;4.8242;1.4318;0.84928;0.81651;1.8991;0.2487;0.15653;0.30232;0.54462;0.44997;0.54088;0.11737;0.20629;0.19077;0.49845;1.9849;0.28432;0.0071343;0.72305;0.92393;0.44359;0.73291;0.55153;1.1041;0.22013;0.12137;0.75659;3.1104;0.088398;0.62505;1.3784;0.25225;2.2667;1.5379;0.37394;1.6762;1.5815;0.10874;1.3246;0.28748;1.0673;3.2574;0.32172;2.4202
24;0.17521;0.094761;0.3827;1.629;0.49231;0.30986;0.17862;1.4788;0.50715;1.5683;0.29075;0.97785;0.49305;0.0808;0.96104;0.82055;0.46042;1.4627;1.1889;1.0435;0.31645;0.62634;0.109;0.62918;0.38529;2.241;0.59394;1.1034;1.1909;0.35183;0.3156;0.17554;1.3828;0.74509;0.0020992;0.36359;0.14358;0.029917;0.36094;0.93337;0.64794;0.9538;0.42599;0.066425;0.41964;1.1567;1.7508;0.35492;1.5875;2.464;0.70327;0.56505;1.2675;2.6362;4.0563;0.80805;0.23248;1.2894;2.2566;1.1193;1.9924;1.5657;0.23034;1.1496;0.47779;2.9125;2.013;2.1718;0.43494;0.55318;0.10563;0.010864
25;0.013256;3.2211;0.31032;2.0999;0.51165;0.094987;0.11453;2.7987;2.5779;0.17329;0.25294;0.097423;1.5303;0.58302;2.0091;0.09331;0.7018;0.1627;0.22164;0.14966;2.2508;1.2473;0.97599;2.1351;0.14249;0.22205;0.67285;0.27078;0.2616;2.5584;0.11881;0.78816;0.38185;0.43316;0.3982;2.5476;2.1497;0.53925;0.7498;0.99063;0.61321;4.1881;0.025692;0.63305;2.0395;0.12994;1.035;2.6438;4.8305;0.43789;0.15189;1.2458;1.3672;2.151;0.019459;0.88599;2.4862;4.4757;0.5866;0.25345;0.47703;1.2143;2.7112;2.6303;0.47529;1.496;0.2706;0.57164;1.1785;1.2967;1.0892;0.77538
26;0.026417;1.8214;0.62645;0.95994;0.27627;1.9844;0.18363;0.018282;0.47316;0.35025;2.8573;3.1327;1.0672;0.14967;0.40708;1.1273;1.298;1.7902;1.4605;0.84674;0.25606;1.346;2.5035;2.0486;1.0292;1.65;0.20208;0.67711;2.1383;0.23781;0.009132;0.72269;0.19003;0.25858;0.67332;1.0389;0.47908;0.36373;1.9812;0.78765;0.10226;2.5464;0.51594;0.55577;2.0115;0.16842;0.51284;0.55071;1.6669;1.3651;2.3796;0.5175;1.0304;5.7278;0.54902;0.38703;0.52062;0.16338;0.94399;0.50847;1.2014;0.10522;0.77905;0.21273;0.3915;0.28453;0.2489;0.025821;2.4658;0.71072;2.6636;1.7704
27;0.10893;0.96372;3.4942;0.42713;0.97254;0.1087;4.3795;2.5276;0.67049;1.2878;0.39783;1.2313;0.32319;0.4025;0.35528;4.9177;0.91142;0.99375;0.18216;2.6786;0.42481;0.35228;0.21466;0.2546;0.24603;4.2779;1.3611;0.33435;1.1227;3.8283;1.4776;1.3822;0.73833;2.2645;1.5069;1.6285;0.77644;1.0086;1.3389;0.43082;0.26546;2.1531;0.64187;0.61682;0.51998;0.22169;0.027672;1.0683;1.2923;0.616;1.4816;0.99639;0.38764;2.6983;0.13881;0.040053;0.42868;0.22613;1.2319;0.76306;0.28735;0.517;1.2354;0.15139;0.29945;0.055151;2.045;0.6402;1.7867;0.38051;2.7511;1.8199
28;0.35065;1.0948;0.61466;0.8737;1.4672;1.439;0.49775;3.864;0.1725;0.039744;0.016872;0.74188;0.87878;0.24439;0.38485;0.92889;0.44852;0.38118;2.0065;0.18228;0.65819;0.25982;0.85076;0.74867;0.18773;0.13843;1.1373;0.79236;0.21585;0.17222;1.7641;1.3374;0.071935;1.7104;2.677;3.0001;0.02427;1.4447;1.1946;0.29297;2.2395;2.1352;0.33788;2.9495;2.5848;0.056739;0.90856;1.5216;0.18792;2.069;2.1443;0.49931;1.3914;1.7453;0.1049;0.86398;0.58948;1.9041;1.3107;0.62147;0.11685;1.9021;0.1266;1.8912;0.21605;2.7249;0.66056;2.5586;0.15025;0.27117;0.66137;0.31662
29;0.19077;0.222;0.25824;0.5834;0.28023;0.38317;0.24626;3.2829;4.7696;0.89465;2.6767;0.70896;1.1578;0.29411;1.0359;1.7489;0.098733;0.58085;0.56038;0.63416;0.36477;1.7106;0.65374;0.10228;0.65274;1.3598;0.096497;0.7193;0.79349;0.77038;0.9797;2.2953;0.04638;0.86391;1.6106;2.7337;0.20821;0.068311;0.42668;1.4248;0.056099;0.098749;1.9229;4.2745;0.70752;0.29266;0.087373;1.0242;0.48753;0.11901;0.26251;0.64314;1.0515;0.55585;0.11935;0.043054;0.21412;0.083584;0.2318;0.38489;0.17788;2.4733;2.1077;2.3019;0.55411;0.57161;0.59796;0.40959;0.10197;1.3173;0.033203;1.3171
30;0.10154;1.3506;2.8371;0.9624;1.3219;4.4148;3.2537;0.20079;4.3903;0.44918;2.9467;0.7624;3.499;0.6356;1.4398;2.6974;0.87569;0.31535;0.70089;4.8927;0.072254;1.187;0.92441;0.94854;1.5089;0.89284;2.2584;0.76314;1.4905;0.63504;0.10068;1.1625;0.12203;1.4697;0.65153;0.0051419;2.6718;2.626;2.5556;1.3122;0.90906;2.4631;0.93036;1.7273;0.077064;1.1261;1.8319;0.47379;0.70703;2.2472;8.8935;0.37744;3.1396;0.059489;2.0264;0.11041;0.044676;0.17533;1.2078;0.72319;0.94963;0.16175;1.9643;1.7883;0.052994;1.3546;1.8952;0.81397;0.4016;1.4446;1.1486;0.41542
31;0.028937;0.25603;1.1686;0.50035;2.0246;0.21774;0.46479;0.23439;0.26223;0.092088;0.025801;0.18424;2.4074;0.23534;1.2848;1.171;4.1381;0.98281;2.0477;4.3271;0.23575;0.45413;0.47349;1.0694;2.1237;0.74061;0.53388;1.1251;0.43744;0.051048;0.92099;1.0275;0.50721;0.69467;0.18566;1.3546;0.011217;0.37881;1.7002;2.4003;0.96008;0.0037715;0.1898;3.6715;0.33413;0.20952;1.1456;1.1403;0.40766;1.6098;0.34305;0.6974;0.47855;1.3609;2.151;0.53383;0.91961;1.5858;0.47975;0.40137;0.067038;0.36693;1.4057;1.0978;0.6111;0.22996;4.7573;1.5899;0.016787;0.26706;0.70619;0.50748
32;0.14579;0.59037;0.30012;1.9967;0.76374;0.82638;1.6135;0.23991;2.1873;0.21602;0.67886;0.33699;0.8545;0.17473;2.4524;2.8882;0.4616;0.80752;0.48261;2.7278;1.0058;0.61092;0.12264;2.2014;1.5428;1.9898;1.2119;0.70594;0.10484;0.75456;2.0539;0.44517;0.51069;0.13116;0.04455;1.476;1.5491;1.6009;2.465;0.61072;0.087863;1.1449;0.42906;0.55869;0.071398;3.5074;0.38995;0.7744;1.1519;0.86072;1.3292;0.7088;0.24422;2.727;0.0025959;1.0985;0.56308;0.84008;0.12576;0.63937;1.2262;0.31476;0.39;0.6916;0.56908;0.76977;5.526;4.9769;1.8769;0.21082;0.022523;0.29682
33;0.012118;1.9807;2.9304;1.1368;0.1187;0.11108;0.15696;0.7017;0.61052;0.14475;1.4967;1.3078;0.45998;0.039599;0.73832;0.48529;0.66224;0.35354;0.57359;0.23851;1.8619;0.75096;2.0109;0.086671;0.85303;0.50838;2.5908;0.16962;1.1057;0.76238;0.59932;0.98098;0.0064057;0.122;0.93882;2.5076;0.13433;1.694;0.33665;0.31578;0.54215;0.39532;0.39998;0.25657;1.5064;0.70861;0.14752;2.2904;0.096136;1.6607;0.55188;0.57645;1.5381;1.1773;0.59923;3.662;1.1121;3.2683;0.38934;0.074717;0.16511;2.694;0.21448;1.8248;0.7425;0.46581;1.0185;0.23858;0.5659;0.58633;0.0044479;3.9209
34;0.4733;0.67743;1.1773;1.4804;0.60857;0.19744;0.27573;0.80096;0.40838;0.15225;1.1412;1.5757;2.081;1.846;2.653;1.6475;0.033774;1.4447;3.7603;0.087693;3.7887;0.32975;0.12088;0.88405;2.462;0.71164;0.10883;0.50832;0.17261;0.75187;1.1126;0.3032;1.1291;1.2797;0.4353;0.019717;1.0084;0.2346;1.499;0.60281;0.18254;0.76645;0.91823;0.95889;0.67552;0.76605;0.13998;0.58155;0.46759;0.34797;0.25067;1.1252;0.90431;1.9557;5.1939;0.23506;0.0072858;1.7361;0.62172;0.070125;1.8647;4.5132;0.70677;0.91727;3.9226;2.4402;0.22559;3.0053;0.88931;2.006;0.63736;0.34076
35;0.16837;0.99973;1.5674;1.3476;0.21094;0.081066;0.21764;0.73425;1.5778;3.6703;0.3496;0.88109;0.68874;0.48896;0.75553;0.047749;0.51466;0.51847;1.8604;0.32099;0.12495;1.5185;0.49228;1.7493;1.0723;0.92656;1.2084;0.45255;0.013912;0.42627;0.69999;0.28078;1.2918;2.1413;2.1712;0.55551;1.6502;0.39919;0.016077;0.56869;0.071877;0.8825;0.76775;1.2829;1.0588;0.33748;1.4713;0.070825;1.7626;0.55349;2.06;1.1975;0.10214;0.51395;0.23005;0.0029419;2.5037;1.8738;0.39795;0.015731;1.0632;2.5033;2.0125;0.087522;1.5559;1.8925;1.7078;0.095408;0.67434;0.31547;0.48831;1.9789
36;0.080195;0.40775;0.75604;0.27266;0.5239;1.4423;0.79825;0.17708;0.047174;0.7719;0.29654;2.5248;1.3574;1.7738;0.96143;0.98246;2.3421;2.0112;0.65385;0.12136;0.55262;1.2323;0.37128;0.1123;0.24639;1.205;1.7609;0.16619;0.66674;1.4825;0.95327;0.26662;0.55432;0.33598;0.4021;0.8893;0.085395;0.7085;0.18106;0.87247;1.5239;1.4789;1.2542;3.4814;1.1493;4.7879;0.62223;0.54049;0.76094;0.30897;0.13738;1.3604;0.055442;0.013535;1.7354;0.034603;1.6397;0.080084;0.10943;1.047;0.52052;0.79254;0.76742;0.71917;0.40803;1.376;0.33208;2.6822;1.1723;2.0591;0.18584;0.79167
37;0.17027;1.1208;0.017073;0.57767;1.36;3.3121;2.6073;2.076;0.017385;1.4621;4.3274;0.024926;0.16397;2.1043;1.6797;3.7295;0.24276;3.5403;2.1509;0.8551;1.4853;1.8204;1.9118;0.36449;0.50842;0.36818;2.8086;0.61081;0.57271;0.92218;0.13196;2.8593;0.12998;0.70793;1.3302;1.3676;0.039976;0.066999;0.77194;0.97415;1.6212;1.5281;3.0678;2.0164;0.046208;1.2325;0.0080645;0.72966;0.080589;0.69329;0.45468;0.2229;2.9375;0.17463;0.66279;0.18147;0.079813;0.23057;0.71486;1.5056;2.1518;0.48883;0.18512;0.8587;2.7432;1.2619;3.657;1.4772;0.35483;0.023314;0.78103;0.014733
38;0.075514;0.22329;0.53449;0.1667;0.043045;2.7979;0.70643;0.42829;0.5465;1.4097;0.90764;0.074453;1.9078;1.2873;0.10616;1.803;0.034093;2.2511;0.088618;0.50098;0.72782;1.7019;0.92771;1.6133;1.7699;0.94669;0.9726;0.26565;1.8449;0.14692;0.51994;0.53837;0.0030051;0.31155;0.34203;0.55843;0.0090182;0.31936;1.97;0.53429;0.34968;0.83519;1.4766;0.36824;0.18683;1.1267;0.038727;0.72962;1.4126;0.12737;0.56439;0.15401;0.62301;1.2836;2.4153;1.9779;0.025704;0.2379;0.59132;0.82774;0.73971;2.3221;1.6223;0.94651;2.1139;0.96119;0.3998;0.60825;2.3897;1.3787;0.46552;0.15367
39;0.14403;0.30396;0.40886;1.079;2.1497;0.36173;0.80178;1.073;0.96827;2.3753;0.66776;0.1781;0.076279;1.4837;0.45246;0.43991;0.10147;0.94953;1.1082;1.5648;1.1634;0.044832;5.5904;0.10342;0.75597;0.15571;0.068966;1.235;2.6799;0.0010965;0.5821;1.7681;1.2425;1.775;0.54055;0.4675;1.7441;0.24369;0.52811;1.0062;2.2045;0.58513;0.070721;0.2578;0.10548;0.17093;3.5061;1.2358;0.020773;1.0984;1.1508;0.39974;0.99032;0.65987;0.51481;0.52202;0.49399;0.036889;0.14592;0.16783;0.76155;0.2907;1.3321;0.1042;3.0341;0.099789;0.32913;1.7651;1.6974;0.78499;4.1262;0.51488
40;0.46723;0.91992;0.072197;0.61336;1.7808;0.98574;0.65617;0.22369;0.5301;3.1635;0.74864;0.4408;0.5513;0.54635;3.0908;1.8906;0.094154;0.34605;0.43945;1.0888;0.67005;1.7104;0.39246;0.85037;0.85132;2.519;1.3653;0.048575;1.6182;2.9267;0.030579;7.4179;0.25118;0.087195;0.94683;0.20052;2.6464;0.25995;0.10345;0.32502;0.25852;0.18939;0.405;1.0288;0.66905;0.03735;1.5877;0.0664;1.5902;2.0581;0.71937;0.83959;0.9259;0.42795;1.5164;0.047248;2.0768;0.84345;0.49774;2.1357;3.1077;6.5005;2.8414;0.1098;0.52345;0.17916;0.74081;0.44724;0.23807;0.018279;0.25939;1.6422
41;0.18529;1.22;0.14567;1.2239;2.3387;0.041945;1.8191;0.11058;1.8311;0.090652;1.6484;2.749;0.14022;0.52686;0.077483;1.5833;0.91038;0.48023;3.3903;0.35003;0.48304;2.2789;0.52164;0.3265;1.1035;0.96632;0.042033;2.1566;0.24726;2.7418;1.001;0.47505;1.6755;1.0733;0.68977;0.47424;0.63653;0.5893;0.45713;0.47691;0.44135;0.55851;0.16187;5.0183;0.80209;1.4679;0.39382;1.2327;0.23416;0.27774;0.46161;0.35057;1.672;0.58515;0.70228;0.70003;0.061299;0.59685;0.43792;0.75692;0.86535;1.1784;0.76921;1.2324;3.5567;0.47138;0.57292;0.094646;0.57387;0.10598;1.7495;0.81697
42;0.17445;0.9559;0.11046;1.0928;0.081891;0.19194;1.3207;1.6257;0.03802;1.5469;1.5503;0.63279;0.522;1.1233;1.2372;0.093131;1.1281;2.0939;0.84027;1.0779;0.30765;1.2908;2.0024;3.3239;0.61976;0.22197;2.874;1.915;0.78971;0.57651;0.4279;0.41076;1.294;0.24533;0.21394;0.21041;3.1739;0.79805;1.6355;3.2647;0.14699;8.3294;0.44655;0.23815;0.18876;0.024174;0.98954;0.60423;0.15327;1.2035;1.852;0.40531;1.2856;0.09092;0.26034;3.7566;0.26933;0.61589;1.8841;0.84631;1.644;0.86161;1.3426;1.5713;1.1432;1.1315;1.0882;0.10109;1.7087;0.1316;0.66297;2.9177
43;0.036112;0.24714;0.27772;1.6774;0.048727;5.4045;2.5626;0.34232;0.10481;0.26715;0.82594;0.81388;0.13644;0.84796;0.55673;0.74549;0.40862;0.48221;0.68052;0.37137;0.53339;2.8455;1.0927;2.023;0.086734;0.7749;0.049871;0.066317;0.31712;0.25153;0.42119;2.8457;1.4568;1.5429;0.52854;1.2831;0.30344;0.62416;2.2298;0.041667;0.47129;2.7314;0.68388;1.4693;1.4813;2.0712;0.037055;0.398;1.2167;2.1355;0.22142;0.76299;1.5407;2.1547;1.8189;0.5349;0.059103;1.7042;4.145;0.66261;0.93095;1.3067;0.60957;0.39958;1.2748;1.0528;1.1962;1.4638;0.70973;0.34778;0.75246;0.33437
44;0.079445;0.36434;1.5921;1.4007;1.4165;0.17774;7.0005;0.48419;5.7066;0.14093;0.056679;3.0158;0.16758;0.43049;0.53714;0.38231;0.0064043;0.22077;1.7495;2.0224;0.078802;0.74088;0.12817;0.31847;1.0451;0.29315;1.538;0.20765;0.11299;0.16556;1.3908;0.60545;1.1125;1.2231;0.84673;0.31278;0.47682;0.21473;1.7843;0.68175;0.712;0.35995;1.065;2.4456;0.45823;0.84323;1.0106;0.73142;0.18992;0.25559;2.142;0.53935;0.67635;0.042122;0.16717;0.96311;1.023;0.037854;0.012415;2.6179;2.0517;0.27082;2.4203;0.97403;1.3753;0.026702;2.446;0.19445;2.7391;0.23528;0.2441;3.4192
45;0.055031;0.613;3.3474;2.5435;2.3165;0.8251;0.58213;1.7169;0.44484;0.34208;0.81617;0.20109;0.052642;0.071062;0.42803;0.16611;1.4798;1.4274;2.33;2.4738;0.49077;0.07062;0.15937;0.077185;0.53727;1.4331;0.4597;0.67925;0.43076;0.3567;1.5072;1.0763;0.37366;1.414;0.83008;2.2141;2.4288;0.97561;0.97251;0.21622;1.0554;0.24533;0.16063;1.3242;1.217;2.02;0.14582;1.1514;1.5618;0.022836;0.36085;0.39962;3.1811;0.90201;2.1136;0.33464;3.1595;0.36201;4.0551;2.665;0.71724;1.3585;0.014541;0.63735;0.67392;2.3283;0.287;0.25597;0.8012;4.8681;0.49022;0.78023
46;0.024149;0.50419;1.0976;0.91446;3.5607;1.2787;0.73884;0.3953;1.0968;1.1047;2.0596;3.4427;0.28518;1.5652;1.0437;2.0504;0.87223;0.6636;1.2016;0.10395;0.93293;0.42833;1.7049;0.43173;0.99048;0.13969;0.13347;0.54234;0.527;0.45836;0.7855;2.1752;1.2243;3.8209;2.5891;0.13388;0.99414;1.8592;2.1836;0.26195;1.3072;0.54325;0.78632;0.509;0.96525;1.003;1.1806;0.45988;0.017716;0.7798;0.078965;0.0093434;1.6971;0.2213;3.2345;1.6986;1.3806;0.83128;0.83195;0.68884;0.023043;0.64875;2.6126;1.6842;0.054084;0.39147;0.57208;0.90819;0.12688;0.44601;0.29684;1.8429
47;0.30429;0.39166;1.4158;3.1518;0.21674;0.46209;0.12826;0.11714;0.15653;0.50116;1.624;1.4016;0.19914;0.45151;0.046716;1.075;0.26175;0.26426;0.93546;2.1813;0.20627;0.33165;0.95122;0.74422;1.0403;0.38309;0.51145;0.76038;0.93002;1.363;0.22769;1.3363;1.6381;0.74541;0.0098739;0.72465;0.10296;0.27936;1.549;0.21204;0.015052;0.053758;0.30597;0.26266;0.86141;0.070865;0.36874;0.68915;0.79795;1.1742;2.4403;2.0985;0.66297;0.39812;0.30007;0.90897;0.95696;1.2183;0.44196;0.71405;0.55274;2.5163;0.44675;2.1091;0.78689;0.49271;2.1193;2.0197;1.2758;0.33116;0.1588;0.67892
48;0.12682;1.0596;0.15447;1.3964;1.3606;1.6737;0.98494;1.3391;2.1156;0.47981;0.11806;0.44665;0.11324;0.28277;0.27089;0.44601;0.12711;0.11764;0.045136;0.046261;0.52349;0.39913;0.47767;1.9025;1.1302;0.025964;0.44369;1.4926;0.90123;2.3934;0.77304;0.26699;0.66652;3.4919;1.1103;0.93019;0.11144;0.21058;1.8615;0.1749;1.8996;0.20378;2.3649;0.23263;0.2415;1.8223;0.25522;1.4885;0.13143;1.0975;0.11222;0.30099;0.1189;0.83391;0.37955;0.67319;1.1177;1.022;1.1461;0.47092;2.3722;3.0334;0.5767;0.85519;0.49821;0.38011;1.2704;1.2747;0.92499;1.2714;0.50601;1.0303
49;0.07224;0.46969;1.6612;3.6677;0.22351;0.12389;1.3366;0.38737;0.34207;1.6353;0.38665;0.17063;1.4867;1.6255;1.5177;0.0010022;4.4051;0.13435;0.19249;1.4546;3.5814;2.5904;4.1089;0.36673;1.6005;0.018263;0.95435;0.038116;0.12534;1.1605;1.4253;0.15271;0.03914;2.6711;1.1424;0.65663;0.68728;2.708;0.6539;1.9451;0.059386;0.35756;0.20114;2.4594;1.3848;1.9168;0.53441;1.9091;0.94293;0.78255;1.7265;0.30071;1.9489;1.1456;0.57731;1.4862;0.21329;0.16121;0.27538;1.1781;4.2569;0.26272;2.1561;1.9692;0.65143;2.1702;0.27444;0.7197;0.3861;1.3144;0.82582;0.81717
50;0.15558;0.35387;0.66887;0.68493;2.1231;0.015886;0.25001;1.4515;0.3431;3.5424;2.7595;0.03621;0.95409;0.78394;0.80713;0.66326;1.4788;1.4926;0.20858;0.34613;0.0014478;0.42675;0.21618;1.4757;0.16029;1.0255;0.82804;0.78594;0.45182;0.93353;2.9914;1.0452;0.84614;0.059216;0.60508;2.0772;0.46169;0.060306;1.9215;1.1927;2.5481;6.0719;0.0099304;0.22089;0.01948;0.27887;1.3617;1.5295;3.9295;2.4512;0.54889;0.20081;0.3954;2.6631;2.0135;1.3609;0.28063;0.019555;0.59225;0.0076904;0.54175;3.1093;1.3633;1.0648;1.8098;0.29823;0.016989;1.0886;0.23592;0.62388;1.3191;0.086861
normalized population
1;0.073473;-0.3184;1.5716;3.5715;-0.46107;2.7667;0.32432;3.2232;0.14402;-0.82702;-0.4769;1.2925;-0.84404;-0.71015;-0.66724;1.5067;-0.55157;1.5862;0.086389;-0.028729;-0.48726;-0.76952;0.82734;-0.52635;0.58671;-0.81727;-0.71783;0.19732;2.5285;-0.33336;0.50288;-0.38856;-0.73275;0.24243;-0.69303;-0.24574;1.4673;0.36617;-1.0846;0.20092;-0.57427;-1.329;-0.82816;-0.59764;-0.32975;0.61978;0.60181;3.5793;-0.12577;-0.93302;0.12819;-0.39577;-0.90926;-0.79569;-1.0578;-0.48021;-0.23608;0.039117;0.087977;0.36017;2.5343;0.8482;-0.38543;-0.79995;-0.84799;-0.46525;-0.77674;-0.04457;-0.87874;1.743;-0.093953;0.0023076
2;0.088238;2.4937;-0.77674;-0.037841;-0.26834;-0.029038;-0.70739;-0.79356;-0.88006;-0.58909;0.14815;-0.54338;-0.52518;-0.52716;-0.41923;-0.29451;-0.18035;4.1684;0.7621;0.32887;-0.10152;1.166;-0.83946;-0.57981;-0.41217;0.28956;-0.842;0.57371;-0.64908;-0.55553;-0.25514;-0.79658;-0.028742;0.34755;-0.54343;-0.53871;1.6317;-0.63099;-0.44902;0.40535;1.5496;-1.34;-0.24836;0.82626;1.4933;0.89853;-0.11057;-0.71789;2.9464;2.1358;0.46323;-0.6191;-0.49214;-0.72819;-1.1313;-0.77628;-0.55655;0.39032;0.12988;-0.073664;-1.046;3.5296;-0.46821;1.601;-0.82173;1.4235;0.32256;-0.42444;-0.28547;-0.87016;-0.45266;-0.87802
3;-0.062381;1.4318;-0.22045;0.66007;2.54;-0.75431;0.57485;-0.47138;-1.0256;1.9886;-0.74634;-0.16766;-1.0139;0.47609;-0.28328;0.32499;0.79656;-0.3511;-0.731;0.030649;1.2509;-0.30322;-0.39407;-0.092838;-0.35427;-0.64854;-0.66044;1.5196;-0.4115;-0.49044;-0.71459;-0.13611;-0.35185;-0.23114;-0.39281;0.077247;-0.64644;-0.86473;-0.14217;-0.32853;-0.00079209;1.4378;-0.45845;0.97879;-0.69722;0.69257;0.33126;0.29719;-0.073264;-0.60282;0.67566;-0.17044;-0.5889;-0.92776;0.98456;1.2169;0.074047;-0.3744;0.12198;1.8259;1.3519;-1.2741;0.20563;1.2192;-0.31394;-0.04955;-0.68279;-0.49613;-0.67319;-0.41515;-0.832;-0.55772
4;-0.08435;0.12613;-0.87331;-0.96864;0.87183;-0.52199;0.91237;-0.53284;0.24814;-0.2176;-0.28012;-0.81706;-0.80821;0.3175;-0.46331;-1.0228;-0.34401;0.67888;-0.92165;1.589;0.60144;-0.22255;0.030698;-0.72198;-0.27568;-0.62897;-0.59826;-0.30311;0.67532;-0.73023;-0.12875;-0.56963;-0.47401;-0.12234;-0.70636;0.39745;0.53036;0.59359;1.2114;-0.38682;0.50807;-0.63668;0.20385;0.21179;-0.5995;-0.14929;1.8524;-0.98573;-0.79641;0.36735;-0.78279;5.6285;-0.83932;-0.38197;-0.37311;-0.73897;1.1167;-0.25559;0.33958;-0.75683;1.0974;-0.42863;-1.0384;3.0845;-0.90741;-0.3657;0.05947;-0.18253;-0.85968;-0.52683;-0.9127;-0.99147
5;-0.076922;1.3272;-0.65479;0.52855;0.8081;0.74925;0.32485;-0.81482;-0.28787;-0.72041;-0.57264;0.64558;0.87679;0.84304;0.16619;-0.78353;0.24672;-0.034337;-0.30501;-0.91501;-0.14532;-0.57664;-0.84836;-0.86881;-0.74086;-0.89872;-0.39669;-0.80248;-0.65451;-0.93105;0.025901;-0.95466;1.5888;-0.047188;-0.22874;0.67534;0.25027;-0.45796;-0.99044;-0.34284;1.0754;2.406;-0.67958;1.299;0.38885;-0.34203;-0.13279;0.59883;-0.76328;1.4303;-0.42565;-0.58175;-0.94356;1.0898;-0.65174;-0.51605;-0.28358;-0.81848;-0.2714;1.6417;-0.10629;-0.16292;-0.88127;-0.61705;0.34464;-1.0563;-0.11683;-0.010485;-0.015966;1.6324;-0.28478;-0.28697
6;0.24802;1.0838;-0.84922;-0.61379;0.086941;-1.0151;-0.17395;-0.10564;1.2497;1.2168;-0.15372;0.16209;-0.5145;-0.40078;1.3986;-0.73365;-0.78988;-0.95695;-1.0543;-0.44324;-0.59592;3.0362;0.010416;-0.16788;-0.36165;-0.63881;0.36513;-0.52909;-0.25456;-0.63843;-0.34725;0.13573;2.3222;-0.77621;0.079726;0.018156;0.046884;1.123;-1.0195;0.34322;-0.059886;3.299;-0.25189;-0.83213;0.53633;-0.65289;-0.51126;-0.94022;-0.59056;-0.18996;-0.60073;-0.59621;0.89987;-1.0904;0.44134;-0.39433;-0.65161;-0.52966;-0.73433;0.62831;-0.96218;-1.2744;-0.20753;-1.2606;-0.95957;0.99882;-0.61649;-0.83839;0.19941;-0.53232;-0.084444;1.1255
7;0.082947;0.49736;-0.38975;0.35716;-0.90685;-0.22823;-0.12597;2.7057;-0.62093;-0.47742;-0.49975;-0.77246;-0.35907;-0.60649;1.307;-0.50754;0.56736;-0.84538;0.03525;-0.96032;0.082143;-0.70107;1.8592;-0.70271;0.51876;-0.57036;1.0675;0.28985;-0.58959;0.75457;-0.16378;0.78547;0.17097;-0.46916;0.23228;0.7107;0.50069;-0.56103;0.84549;1.3559;-0.38699;-1.1968;-0.59047;-0.18196;-0.40035;0.33501;-0.84575;-0.096768;-0.83982;-0.46372;-0.65936;2.1328;0.57926;1.9486;-0.71331;0.74292;0.52601;2.1483;0.68565;-0.67844;-0.87131;-0.87667;-0.40781;2.1619;0.34781;-0.87783;-0.64685;-0.19091;0.35606;0.044689;-0.072643;-0.31727
8;-0.12177;-0.42754;-0.61708;0.030475;3.3729;1.2181;-0.61147;0.021408;-0.82101;-0.64329;-1.0147;-0.2577;0.96388;-0.18024;0.30247;-0.40612;0.061024;0.28689;-0.24513;2.413;-0.82948;-0.25558;0.21384;-0.60309;-0.18444;1.6882;-0.78564;-0.085651;-0.33005;-0.47542;-0.67337;0.11825;-0.52333;0.4093;-0.23703;-0.59352;-0.94145;0.53545;-0.2512;-0.69311;-0.028525;-0.58221;-0.089513;-1.0535;0.36448;0.25875;-0.061415;-0.083523;-0.41824;-0.42824;-0.75632;-0.51235;0.78802;0.64747;-0.17076;-0.78922;-0.81041;-0.62269;0.5162;-0.50027;-0.53751;-0.52097;1.8812;0.65797;-0.7391;-0.59395;-0.8496;-0.32635;0.76639;-0.1764;0.10765;-0.69527
9;-0.121;-0.55246;0.14841;-0.55577;-1.1522;2.2504;-0.56562;0.47278;-0.79674;-0.2132;-0.73488;0.18134;-0.88808;-0.59519;-0.59847;1.4325;-0.47902;-0.94482;-0.35975;-0.72788;-0.12645;-0.85081;-0.45588;-0.55142;-0.45639;1.7744;-0.25119;-0.030647;3.1686;-0.17199;-0.54986;-0.19583;-0.19707;-0.13206;-0.41433;-0.46891;2.1465;0.49666;-0.86624;-0.50353;-0.1152;-0.7468;3.2547;-0.90125;-0.54299;-0.6152;0.39333;-0.82371;-0.82696;-0.099574;2.9544;0.13987;-0.79825;-0.93734;-0.71426;-0.1249;1.4626;-0.62696;-0.94584;-0.2743;1.2879;-1.1232;-1.0708;0.26743;-0.071073;0.33588;-0.15964;-0.81907;-0.89026;-0.096439;2.4219;-0.58421
10;-0.11315;-0.28319;0.43063;1.2942;-0.14014;-0.99644;-0.052023;1.4558;-0.28447;-0.502;-0.014801;-0.63317;-0.084311;0.0073835;-0.74686;-0.72616;0.74299;-1.0923;0.38917;0.59041;0.0025763;-0.88641;-0.74506;-0.78369;1.5697;2.0246;-0.49371;-0.35963;-0.83;0.83128;0.10709;-0.66668;-0.37388;-0.74545;0.77994;-0.60131;-0.44289;-0.21087;-1.001;-0.10883;-0.4866;0.81736;-0.32041;-0.41123;0.28713;-0.60359;1.8791;-0.87111;-0.57793;-0.71547;-0.79185;-0.72968;-0.92032;-1.0629;-0.84094;-0.77506;-0.37982;-0.28337;-0.36585;-0.083151;-0.75521;-0.244;2.3604;0.13406;-0.65965;0.97466;-0.78436;-0.42958;0.43042;-0.76805;-0.64712;-0.034394
11;0.065596;-0.72601;-0.28432;-1.0045;-0.10165;-0.74423;2.2641;0.46363;-0.63725;0.30269;-0.0091693;-0.010889;-0.955;0.58257;-0.16925;-0.70878;-0.52463;-0.13543;0.97482;0.36178;0.5761;-0.3203;-0.95328;2.0401;0.22662;0.44534;-0.64741;-0.40915;0.23886;-0.76004;-0.72365;-0.73303;-0.52952;-0.36511;0.0057682;0.13138;0.68103;-0.053044;-0.033746;-0.39768;-0.38273;-0.91556;1.8477;-0.83292;0.81843;-0.4674;1.595;-0.49744;-0.86175;-0.66365;-0.07668;0.026266;0.17016;0.75797;1.225;-0.43634;-0.12267;-0.46391;-0.79685;-0.38194;-0.93054;-0.10423;0.97622;-0.83283;0.1917;3.5601;-0.86657;-0.052286;2.5453;-0.35219;-0.47962;0.35688
12;-0.04106;-0.78213;-0.34997;-1.1732;-1.0406;-0.49845;0.34865;-0.56619;-0.43598;-0.68953;0.28034;-0.44787;2.114;-0.5091;-0.479;0.14331;-0.40933;2.0442;0.032011;0.20183;0.28617;-0.90477;-0.66036;-0.40449;-0.51891;0.36735;-0.66104;-0.64814;-0.87168;-0.55793;0.61418;1.7736;0.89407;-0.33635;-0.0084291;0.86165;-0.96722;-0.25858;-0.19527;2.1049;-0.36556;-1.3607;-0.38299;-1.2639;-0.27242;-0.58969;-0.22786;-0.17619;-0.50237;-0.086129;-1.0004;0.038481;-0.72053;1.9534;5.3765;-0.89196;-0.33123;-0.68006;-0.55972;-0.62887;-0.40154;-1.0528;-0.067346;-0.29948;0.054169;1.713;-0.23518;0.13517;-0.076505;-0.81853;0.06195;-0.71236
13;0.00059491;-0.76362;-0.17291;-0.91522;-0.93308;-0.082476;-0.33126;0.81231;0.9845;2.411;-0.96934;-0.7546;2.3244;-0.385;0.48281;-0.53737;1.1892;-0.050594;0.41182;-0.91963;-0.83299;1.6097;-0.63799;0.72273;-0.65816;0.20387;0.94285;0.3631;-0.47043;0.87123;0.88164;-0.77784;1.1224;-0.16789;0.12758;-0.087129;0.90507;-0.84082;-0.76728;-0.19755;-0.43401;-1.0081;1.3529;-1.139;-0.11213;-0.73195;-0.88712;-0.45454;-0.71721;0.47909;-1.0548;-0.56375;0.57506;-0.95358;0.62886;-0.033866;-0.79775;0.12394;0.44746;-0.24809;-0.98098;-0.14755;-1.0629;0.94866;-0.25876;-1.056;0.54114;-0.50252;0.061851;0.47504;0.06501;-0.63508
14;-0.12634;0.21488;-0.85012;-1.1696;2.6433;-0.23488;-0.99302;-0.29976;-0.57751;-0.68102;0.024908;-0.39795;1.165;-0.15041;-0.80396;-0.57697;-0.17678;-0.38421;-0.34115;-1.0029;-0.17046;1.8113;-0.92645;2.0837;-0.20534;-0.66529;-0.47056;-0.15075;0.2157;1.7846;0.77494;0.40111;-0.60508;-0.76142;0.43964;-0.064956;1.0321;0.9377;2.5785;-0.23502;-0.64566;-1.0802;-0.6476;-0.6892;-0.626;-0.66738;-0.084386;0.57597;1.0934;0.25902;-0.4727;-0.64724;-1.0248;-0.93737;-0.90645;1.8243;0.44322;0.43022;-0.29116;1.9278;-1.0365;-0.28397;-0.43781;0.30324;-0.83535;-0.39885;0.05783;-0.85211;-0.8076;-0.7634;0.35254;-0.90498
15;0.23974;-0.21375;0.13712;0.26332;0.097909;-0.42123;-0.3702;-0.95529;0.28965;-0.46209;-0.10932;0.43849;-0.21779;0.78331;-0.65831;-0.74607;-0.84735;-1.0763;-0.57749;-0.26468;0.93967;-0.93485;-0.87961;1.1272;-0.50126;-0.72061;-0.73688;-0.44538;2.0019;1.1726;-0.4202;-0.67139;-0.22815;-0.67544;1.9634;-0.47315;-0.65024;0.82951;-0.15806;-0.2423;-0.1978;0.79567;0.60949;0.035795;-0.43412;-0.508;-0.78017;-0.36059;-0.53183;-0.0071422;0.070157;1.4407;-0.51794;-0.60929;0.62567;3.4552;0.70105;-0.84204;-0.27056;-0.29887;0.022425;-1.1181;-0.9905;-0.8134;-0.69062;1.2684;-0.46181;-0.18308;1.3091;-0.57842;0.34489;1.4374
16;-0.10981;-0.16841;-0.069381;0.83176;-0.68255;-0.41274;-1.0746;-0.31483;-0.30447;-0.66016;-1.0189;-0.65241;0.83376;-0.67101;2.288;-0.36413;0.39196;0.53057;0.79495;-0.22898;-0.43584;-0.873;0.84862;-0.53274;-0.86426;0.35261;-0.18416;4.0829;-0.57362;-0.4704;1.0163;-0.10616;-0.69165;-0.36558;1.1037;-0.88059;-0.94094;0.53035;-1.043;0.054789;0.47212;1.0281;-0.32745;2.0481;-0.13742;-0.34432;0.017079;-0.11357;-0.82763;-0.64096;0.91253;0.30944;0.32023;-0.70121;-0.041067;0.25821;-0.62428;0.004979;0.06919;2.0358;-0.53695;-0.85475;-0.94318;-0.577;0.059718;0.41433;-0.35299;-0.64741;-0.19397;2.4669;-0.33213;0.54704
17;-0.13853;-0.73191;0.30991;-0.61914;-0.87788;-0.66649;-1.0672;-0.44763;-0.81879;1.5275;-1.0051;0.49942;0.42268;0.49228;-0.40004;0.063592;-0.50024;-0.74412;-0.95027;-0.77232;2.4939;-0.12398;-0.22834;0.71392;0.39144;-0.43543;-0.19338;0.022452;-0.60878;-0.066231;-0.0070319;-0.91858;0.21904;1.7746;-0.43286;-0.65795;-0.54781;-0.73057;0.21058;0.13926;-0.75495;1.8303;0.69696;-0.14505;0.38841;-0.54595;1.5968;-0.70989;-0.70279;-0.21159;0.11432;-0.50605;1.2707;-0.74958;-0.47942;0.32648;-0.21534;1.1173;3.0887;-0.36209;1.2113;-1.1241;1.9961;-0.82902;-0.18316;0.29567;-0.65184;-0.82071;0.70685;-0.36631;-0.019876;-0.73638
18;0.020958;0.84166;0.038192;-0.68779;-0.33687;0.4166;-1.0602;-0.74329;1.5975;-0.48684;-0.72026;1.0096;-0.26616;0.52678;-0.016913;-0.44338;-0.67842;-0.45304;-0.34643;-0.045113;-0.54471;-0.48283;1.1204;-0.66968;-0.20969;-0.50489;0.35026;0.70369;-0.9247;-0.62609;0.50319;0.11258;-0.53006;-0.67896;-0.77664;0.94844;-0.39982;-0.34058;0.98614;-0.56447;-0.48414;2.1514;0.80164;0.61406;0.74435;0.30407;-0.87694;-0.81308;0.82466;-0.49447;-1.0301;-0.023079;-0.57545;0.040876;0.41029;-0.87652;1.0725;-0.7406;-0.076818;-0.4864;-0.9526;-1.2618;-1.0635;-0.9611;-0.78671;-1.0491;-0.47432;-0.48059;-0.2908;-0.77292;0.38559;-0.57082
19;0.19016;-0.2665;-0.30136;0.29893;-0.68928;-0.59799;0.14751;-0.55324;0.78171;-0.21739;0.090928;-0.36523;1.431;-0.5383;-0.84701;0.040452;0.99847;0.95542;1.2383;0.50972;-0.50222;-0.87759;-0.73211;-0.46912;-0.61897;-0.82932;0.023508;1.5816;0.86385;0.53251;-0.82574;-0.37639;0.09655;-0.77845;-0.25687;-0.29266;-0.22691;0.94026;-0.23696;-0.4577;0.25752;-1.347;0.34835;-0.19037;0.14596;-0.77493;-0.29288;2.4835;-0.62682;-0.20468;0.50288;-0.027811;-0.86916;0.85945;-0.79371;0.026595;-0.31527;0.03262;-0.49983;-0.5584;-1.029;-0.64847;1.66;-0.46917;-0.24898;-0.38963;-0.922;0.52091;0.028791;-0.32192;1.0933;-0.24001
20;-0.12683;-0.058518;-0.44877;-1.1204;-0.9336;-0.36667;0.05353;-0.086214;0.35189;-0.7412;-0.084622;-0.85342;0.0071966;0.60899;-0.78518;-0.79329;0.22874;2.0245;-0.81186;-0.65395;0.14813;-0.4521;0.023388;-0.17273;-0.53398;-0.81224;-0.047429;0.433;-0.76735;0.43565;-0.76717;-0.9173;-0.0056244;0.1465;-0.23411;1.2037;-0.64844;-0.046262;-0.62935;-0.68969;1.4458;-1.1744;0.11181;-0.51284;2.0206;-0.61659;0.89595;-0.79454;-0.51872;-0.8223;0.19271;-0.25472;-0.38381;-0.30452;-1.1199;1.3552;-0.31856;1.2061;1.1396;0.2241;0.18264;0.37192;-1.0475;0.3561;4.4137;-0.1025;1.1476;0.36868;-0.35984;0.12267;1.6399;2.1602
21;-0.089629;-0.47532;0.47953;-1.0309;-0.47531;0.47784;-0.97744;-0.20205;-0.66128;-0.28174;4.529;-0.49554;-0.21219;-0.39389;-0.76994;-0.17388;-0.157;-1.0496;0.16601;-0.74427;-0.32701;-0.95089;-0.34355;-0.68139;3.1901;-0.85894;-0.39215;-0.45663;-0.70596;-0.36815;-0.44017;-0.97171;-0.14337;-0.94059;0.67579;-0.24052;-0.045395;2.0771;0.041947;-0.73595;-0.044437;-1.4214;-0.20019;-0.82693;-0.60249;-0.45509;-0.74729;0.36424;0.16563;0.0033129;0.76274;-0.4004;1.2657;-0.52124;-0.83116;-0.41969;-0.59879;-0.6032;-0.97277;0.078096;0.33304;-0.01812;-0.79429;0.50198;0.094791;-1.065;-0.96304;-0.79117;-0.19866;-0.5857;-0.31198;-0.43252
22;0.14643;-0.45668;-0.37298;0.31183;2.1363;-0.57028;-1.1008;-0.517;-0.70884;-0.66788;-0.61562;-0.048102;-0.60605;0.96312;-0.50801;-0.89735;-0.28048;-0.72996;-0.25899;-0.89746;-0.69268;-0.052714;2.4001;-0.59311;-0.74687;4.0883;2.346;-0.13781;-0.60487;0.44174;0.71985;-0.37327;-0.71652;-0.79936;0.35289;-0.99002;-0.17064;0.13143;-0.60234;0.10342;-0.3485;-1.2414;-0.83714;-1.0218;-0.68812;0.32305;0.043041;1.3179;1.885;-0.8651;-0.57959;-0.095912;0.78205;-0.88805;-0.10681;-0.95778;1.4103;-0.17654;-0.55025;-0.14629;-0.44766;-0.78301;-1.0366;0.14514;-0.75149;-1.0736;0.31143;0.029393;0.4469;-0.40583;0.45289;-0.2009
23;0.048568;-0.68483;-0.17266;-0.78621;-0.37627;-0.78291;0.43847;-0.69069;-1.0021;-0.54705;0.51805;-0.26347;2.0585;-0.04542;-0.84862;0.78528;-0.056423;0.68523;-0.53465;-0.62256;-0.55939;0.29307;0.32311;-0.54216;-0.0097174;-0.64975;-0.74312;-0.71391;3.8765;0.42244;0.017153;-0.2096;1.1467;-0.69399;-0.71544;-0.73064;-0.44883;-0.41866;-0.54386;-0.66091;-0.56145;-1.2513;-0.35261;0.68905;-0.56613;-0.81178;-0.2005;-0.065098;-0.4401;-0.2241;-0.61348;0.31162;-0.81206;-0.97632;-0.46199;2.1119;-0.73704;-0.25782;0.40217;-0.6536;1.1767;0.24298;-0.71515;0.40555;0.56264;-0.97587;0.23627;-0.62138;0.057834;2.3756;-0.6018;1.3994
24;0.029328;-0.7769;-0.49282;0.44657;-0.68452;-0.7353;-0.93448;0.37169;-0.55509;0.61666;-0.76443;0.057853;-0.56094;-0.65871;0.080637;-0.26117;-0.41904;0.33743;0.13279;-0.048608;-0.54017;-0.32491;-0.96588;-0.25656;-0.48446;1.2154;-0.26015;0.24094;0.24329;-0.65749;-0.51653;-0.85056;0.63034;-0.1976;-0.86987;-0.66936;-0.84987;-0.83872;-0.7238;0.15509;-0.11981;-0.48831;-0.42506;-1.2294;-0.4308;0.33776;0.82727;-0.63411;0.70381;1.507;-0.46174;-0.22747;0.23528;1.5385;2.8378;-0.19039;-0.59296;0.40656;1.2803;0.21347;0.90244;0.27077;-0.85875;-0.12107;-0.54106;1.8279;0.92474;1.263;-0.57454;-0.32865;-0.8179;-1.01
25;-0.13263;2.3494;-0.5652;0.91747;-0.66518;-0.95017;-0.99856;1.6916;1.5157;-0.77834;-0.80224;-0.82257;0.47626;-0.15649;1.1287;-0.98841;-0.17766;-0.96252;-0.83442;-0.94244;1.3942;0.29604;-0.098891;1.2494;-0.72726;-0.80353;-0.18124;-0.59171;-0.68604;1.5491;-0.71332;-0.23795;-0.37057;-0.50954;-0.47378;1.5146;1.1562;-0.32938;-0.33494;0.21235;-0.15454;2.746;-0.82537;-0.6628;1.1891;-0.68898;0.11146;1.6548;3.9468;-0.51912;-1.0131;0.45331;0.33497;1.0533;-1.1991;-0.11244;1.6608;3.5928;-0.38963;-0.65241;-0.61294;-0.080602;1.6221;1.3597;-0.54357;0.41136;-0.81769;-0.33721;0.16904;0.41487;0.16563;-0.24546
26;-0.11947;0.9497;-0.24908;-0.22247;-0.90056;0.9392;-0.92947;-1.0888;-0.58908;-0.60138;1.8022;2.2127;0.013176;-0.58984;-0.47332;0.045579;0.41854;0.66499;0.40448;-0.24537;-0.60056;0.39474;1.4286;1.1628;0.15949;0.62446;-0.65201;-0.18538;1.1907;-0.77151;-0.823;-0.30341;-0.56238;-0.68411;-0.19866;0.0059287;-0.51437;-0.5049;0.89648;0.0093678;-0.66549;1.1043;-0.33512;-0.74008;1.161;-0.65049;-0.41071;-0.43831;0.78317;0.40809;1.2146;-0.27503;-0.0018358;4.6301;-0.66956;-0.6114;-0.30482;-0.71949;-0.032244;-0.39738;0.11141;-1.1897;-0.31004;-1.0579;-0.62736;-0.80008;-0.8394;-0.88303;1.4564;-0.17111;1.7401;0.74958
27;-0.036954;0.092058;2.6187;-0.75528;-0.20429;-0.93646;3.2664;1.4206;-0.39175;0.33615;-0.65734;0.31134;-0.7308;-0.337;-0.52512;3.836;0.031965;-0.13147;-0.87391;1.5865;-0.43181;-0.59898;-0.86022;-0.63114;-0.62372;3.2523;0.50698;-0.52814;0.17505;2.819;0.64546;0.35606;-0.014087;1.3218;0.63493;0.59557;-0.21701;0.13999;0.25417;-0.34746;-0.50229;0.71096;-0.20918;-0.67903;-0.33046;-0.59723;-0.89587;0.079292;0.4086;-0.34101;0.31663;0.20386;-0.64455;1.6006;-1.0798;-0.95838;-0.39675;-0.65673;0.25562;-0.1428;-0.80262;-0.77795;0.14629;-1.1192;-0.7194;-1.0295;0.9567;-0.26866;0.77726;-0.50132;1.8276;0.79908
28;0.20476;0.22312;-0.26086;-0.30871;0.2904;0.39388;-0.61535;2.7569;-0.88974;-0.91188;-1.0383;-0.17812;-0.1752;-0.49512;-0.49555;-0.15283;-0.43094;-0.74404;0.95044;-0.90983;-0.19843;-0.69144;-0.22412;-0.13708;-0.68202;-0.88715;0.28322;-0.070136;-0.73179;-0.8371;0.93194;0.31128;-0.68048;0.76773;1.805;1.9672;-0.96918;0.57609;0.10986;-0.48531;1.4718;0.69311;-0.51317;1.6536;1.7343;-0.76218;-0.014983;0.5326;-0.69577;1.112;0.9793;-0.29322;0.35922;0.64766;-1.1137;-0.13446;-0.23596;1.0212;0.33446;-0.28439;-0.97313;0.60712;-0.96249;0.62056;-0.8028;1.6403;-0.42774;1.6497;-0.85924;-0.61066;-0.26216;-0.70422
29;0.044886;-0.64967;-0.61728;-0.59901;-0.8966;-0.66199;-0.86684;2.1759;3.7074;-0.056976;1.6215;-0.21103;0.10381;-0.4454;0.15547;0.66719;-0.78073;-0.54437;-0.49568;-0.45795;-0.49185;0.7593;-0.42114;-0.78346;-0.21701;0.3342;-0.75759;-0.14319;-0.15415;-0.23894;0.14757;1.2692;-0.70604;-0.078778;0.7386;1.7008;-0.78524;-0.80032;-0.65806;0.64655;-0.71165;-1.3434;1.0719;2.9786;-0.14293;-0.52626;-0.83617;0.035184;-0.39616;-0.838;-0.9025;-0.14939;0.019358;-0.54183;-1.0992;-0.95538;-0.61131;-0.79928;-0.74443;-0.52096;-0.91209;1.1783;1.0186;1.0313;-0.46475;-0.51299;-0.49033;-0.49926;-0.90751;0.43548;-0.89032;0.29627
30;-0.044347;0.47893;1.9616;-0.22001;0.14504;3.3696;2.1406;-0.90628;3.3281;-0.50244;1.8916;-0.15759;2.445;-0.1039;0.55945;1.6156;-0.003765;-0.80987;-0.35517;3.8006;-0.78437;0.23578;-0.15047;0.062792;0.63918;-0.13274;1.4044;-0.099354;0.54289;-0.37428;-0.73145;0.13642;-0.63038;0.52699;-0.22044;-1.0278;1.6783;1.7574;1.4709;0.53387;0.14131;1.021;0.079302;0.43143;-0.77338;0.30716;0.90839;-0.51523;-0.17666;1.2902;7.7285;-0.41509;2.1074;-1.0382;0.80784;-0.88803;-0.78076;-0.70754;0.23152;-0.18267;-0.14034;-1.1332;0.87518;0.51768;-0.96586;0.27004;0.80687;-0.094884;-0.60788;0.56274;0.22506;-0.60542
31;-0.11695;-0.61563;0.29303;-0.68206;0.84772;-0.82742;-0.64831;-0.87268;-0.80001;-0.85954;-1.0294;-0.73575;1.3535;-0.50416;0.40437;0.089239;3.2586;-0.14241;0.99166;3.235;-0.62087;-0.49713;-0.60139;0.18363;1.2539;-0.28497;-0.32021;0.26259;-0.5102;-0.95827;0.088861;0.0013518;-0.2452;-0.24802;-0.68631;0.32167;-0.98223;-0.48982;0.61549;1.622;0.19233;-1.4383;-0.66126;2.3757;-0.51632;-0.60939;0.22205;0.15124;-0.47603;0.65275;-0.82196;-0.095132;-0.55364;0.26327;0.93246;-0.4646;0.094167;0.70298;-0.49649;-0.50449;-1.0229;-0.92802;0.31661;-0.17283;-0.40775;-0.85464;3.669;0.68104;-0.99269;-0.61477;-0.21734;-0.51337
32;-9.3873E-05;-0.28129;-0.5754;0.81428;-0.41309;-0.21878;0.50039;-0.86716;1.1251;-0.73561;-0.37631;-0.583;-0.19949;-0.56477;1.572;1.8065;-0.41786;-0.31771;-0.57345;1.6357;0.14922;-0.34033;-0.95224;1.3156;0.67303;0.96419;0.35781;-0.15655;-0.8428;-0.25476;1.2217;-0.58094;-0.24172;-0.81153;-0.82742;0.44301;0.55569;0.73228;1.3803;-0.16756;-0.67988;-0.29721;-0.42199;-0.73716;-0.77905;2.6885;-0.53359;-0.21463;0.26823;-0.096287;0.16419;-0.083726;-0.78797;1.6293;-1.216;0.10002;-0.26236;-0.042789;-0.85048;-0.26648;0.1362;-0.98019;-0.69908;-0.57903;-0.44977;-0.31483;4.4377;4.0681;0.86741;-0.67101;-0.901;-0.72402
33;-0.13377;1.109;2.0549;-0.045634;-1.0581;-0.93408;-0.95614;-0.40538;-0.45172;-0.80688;0.44152;0.3878;-0.59401;-0.69991;-0.14208;-0.59643;-0.21722;-0.77168;-0.48248;-0.8536;1.0053;-0.20029;0.93604;-0.79907;-0.016721;-0.5172;1.7367;-0.69288;0.15808;-0.24694;-0.23281;-0.045122;-0.74601;-0.82069;0.066844;1.4747;-0.85912;0.82537;-0.74809;-0.4625;-0.22559;-1.0468;-0.45108;-1.0393;0.65595;-0.11031;-0.77603;1.3014;-0.78756;0.70366;-0.61313;-0.21608;0.50588;0.079636;-0.61935;2.6636;0.28671;2.3854;-0.58689;-0.83114;-0.92487;1.3991;-0.87461;0.55416;-0.27635;-0.61879;-0.06984;-0.67027;-0.44358;-0.2955;-0.91908;2.9
34;0.32741;-0.19423;0.30176;0.298;-0.56827;-0.84772;-0.83737;-0.30611;-0.65386;-0.79938;0.086058;0.65575;1.027;1.1065;1.7726;0.56576;-0.84568;0.31952;2.7043;-1.0044;2.9321;-0.6215;-0.954;-0.0016928;1.5922;-0.31394;-0.74525;-0.35417;-0.77503;-0.25745;0.28044;-0.7229;0.37671;0.337;-0.43668;-1.0132;0.014922;-0.63403;0.41425;-0.17547;-0.58521;-0.67566;0.067173;-0.33696;-0.17492;-0.052865;-0.78356;-0.40748;-0.41611;-0.60903;-0.91435;0.33264;-0.12788;0.85805;3.9754;-0.76338;-0.81815;0.85321;-0.35452;-0.83573;0.77474;3.2183;-0.38232;-0.35336;2.9037;1.3556;-0.8627;2.0964;-0.12017;1.1242;-0.28617;-0.68008
35;0.022481;0.12807;0.69186;0.16515;-0.96589;-0.96409;-0.89546;-0.37283;0.51556;2.7187;-0.70558;-0.038899;-0.36525;-0.25055;-0.12487;-1.034;-0.3648;-0.60675;0.80436;-0.77112;-0.73167;0.56722;-0.5826;0.86355;0.20259;-0.099023;0.35435;-0.40994;-0.93373;-0.58305;-0.13214;-0.74532;0.53942;1.1986;1.2992;-0.47745;0.65673;-0.46944;-1.0687;-0.2096;-0.69587;-0.55961;-0.083307;-0.012935;0.20837;-0.48143;0.54771;-0.9182;0.87889;-0.40351;0.895;0.40492;-0.93005;-0.58373;-0.98852;-0.99549;1.6783;0.99097;-0.57828;-0.89012;-0.026743;1.2084;0.92342;-1.1831;0.53702;0.80794;0.61955;-0.81345;-0.33514;-0.56636;-0.43522;0.95808
36;-0.065691;-0.46391;-0.11948;-0.90975;-0.65293;0.39717;-0.31484;-0.93;-1.0151;-0.17973;-0.75864;1.6048;0.30342;1.0343;0.081028;-0.099259;1.4626;0.88601;-0.40222;-0.97074;-0.30401;0.28108;-0.7036;-0.77345;-0.62336;0.17938;0.90682;-0.6963;-0.2809;0.47314;0.12113;-0.75948;-0.1981;-0.60671;-0.46987;-0.14365;-0.90806;-0.16013;-0.90368;0.094193;0.7562;0.0368;0.40313;2.1855;0.29884;3.969;-0.30131;-0.44854;-0.12275;-0.64804;-1.0276;0.5679;-0.97675;-1.0841;0.51686;-0.96383;0.81424;-0.80278;-0.86681;0.14111;-0.56946;-0.50241;-0.32167;-0.55145;-0.61082;0.2914;-0.75622;1.7734;0.16283;1.1772;-0.73768;-0.22917
37;0.024386;0.24911;-0.85845;-0.60474;0.18318;2.267;1.4942;0.96897;-1.0449;0.51044;3.2722;-0.89507;-0.89002;1.3648;0.79927;2.6478;-0.6367;2.4151;1.0948;-0.237;0.62871;0.86911;0.83694;-0.52125;-0.36133;-0.6574;1.9545;-0.25169;-0.37493;-0.087138;-0.70017;1.8332;-0.62243;-0.23476;0.4582;0.33464;-0.95348;-0.80163;-0.3128;0.19587;0.85345;0.085992;2.2167;0.72055;-0.80424;0.41359;-0.91548;-0.25936;-0.8031;-0.26372;-0.71033;-0.56962;1.9053;-0.92306;-0.55579;-0.81696;-0.74562;-0.6523;-0.26137;0.59979;1.0618;-0.80612;-0.90397;-0.41192;1.7244;0.17731;2.5687;0.56837;-0.65465;-0.85852;-0.1425;-1.0061
38;-0.070372;-0.64837;-0.34103;-1.0157;-1.1338;1.7528;-0.40667;-0.67878;-0.51574;0.45808;-0.14754;-0.84554;0.8538;0.54778;-0.77425;0.72129;-0.84537;1.1258;-0.96744;-0.59113;-0.1288;0.75062;-0.14717;0.72758;0.90015;-0.07889;0.11851;-0.59684;0.89725;-0.8624;-0.31219;-0.48773;-0.74941;-0.63114;-0.52994;-0.47453;-0.98443;-0.54927;0.88525;-0.24399;-0.41807;-0.60692;0.62556;-0.92761;-0.66362;0.30778;-0.88482;-0.25941;0.5289;-0.82964;-0.60062;-0.63852;-0.40918;0.1859;1.1967;0.97946;-0.79973;-0.64497;-0.38491;-0.078118;-0.35026;1.0271;0.53322;-0.32412;1.0951;-0.12341;-0.68849;-0.30061;1.3802;0.49686;-0.458;-0.86717
39;-0.0018584;-0.5677;-0.46666;-0.10344;0.97288;-0.68343;-0.31132;-0.03409;-0.093966;1.4237;-0.38742;-0.74189;-0.97771;0.74421;-0.42795;-0.64181;-0.77799;-0.17569;0.052106;0.47266;0.30682;-0.90642;4.5156;-0.78232;-0.11378;-0.86987;-0.78512;0.37247;1.7323;-1.0082;-0.25003;0.74198;0.49005;0.83235;-0.33143;-0.56545;0.75069;-0.62494;-0.55663;0.22787;1.4368;-0.85698;-0.78034;-1.038;-0.74496;-0.64799;2.5825;0.24676;-0.86292;0.14137;-0.014214;-0.39279;-0.041869;-0.43781;-0.70377;-0.47641;-0.33145;-0.84598;-0.83031;-0.73802;-0.32843;-1.0042;0.24301;-1.1664;2.0152;-0.98481;-0.75917;0.85629;0.68796;-0.096844;3.2026;-0.50597
40;0.32135;0.048253;-0.80332;-0.56905;0.60394;-0.059424;-0.45693;-0.88338;-0.53214;2.2119;-0.30653;-0.47919;-0.50269;-0.19315;2.2104;0.80886;-0.7853;-0.77917;-0.61662;-0.0032744;-0.18657;0.75919;-0.68242;-0.035377;-0.018431;1.4935;0.5112;-0.81392;0.67054;1.9174;-0.80155;6.3918;-0.50124;-0.8555;0.074861;-0.83243;1.6529;-0.60868;-0.98129;-0.45326;-0.50922;-1.2527;-0.44605;-0.26703;-0.1814;-0.78157;0.66414;-0.92262;0.70649;1.1011;-0.44564;0.047058;-0.10629;-0.66974;0.29784;-0.95119;1.2514;-0.039415;-0.47849;1.2299;2.0177;5.2056;1.7523;-1.1608;-0.4954;-0.90544;-0.34748;-0.46161;-0.77141;-0.86355;-0.66413;0.62131
41;0.039408;0.34836;-0.72985;0.04151;1.1618;-1.0032;0.70598;-0.99649;0.76886;-0.86097;0.59319;1.829;-0.91377;-0.21264;-0.80292;0.50154;0.030926;-0.64499;2.3342;-0.74207;-0.37358;1.3277;-0.55324;-0.55925;0.23379;-0.059261;-0.81205;1.2941;-0.70038;1.7325;0.16888;-0.55105;0.92305;0.13065;-0.1822;-0.55872;-0.35692;-0.27933;-0.62761;-0.30137;-0.3264;-0.8836;-0.68919;3.7225;-0.048357;0.64897;-0.52972;0.24369;-0.64953;-0.67927;-0.7034;-0.44196;0.63979;-0.51253;-0.5163;-0.2984;-0.76414;-0.28602;-0.53831;-0.14894;-0.22463;-0.11657;-0.31988;-0.038223;2.5379;-0.61322;-0.51537;-0.81421;-0.43561;-0.77585;0.82596;-0.20387
42;0.028565;0.084242;-0.76506;-0.089588;-1.0949;-0.85322;0.2076;0.51863;-1.0242;0.59525;0.49517;-0.2872;-0.53199;0.38376;0.35684;-0.98859;0.24868;0.96869;-0.21579;-0.014213;-0.54897;0.33958;0.92753;2.4381;-0.24998;-0.80361;2.0199;1.0525;-0.15794;-0.43281;-0.40423;-0.61534;0.5416;-0.69736;-0.65803;-0.82254;2.1804;-0.070579;0.55072;2.4864;-0.62076;6.8873;-0.40451;-1.0577;-0.66169;-0.79474;0.065996;-0.38479;-0.73042;0.24647;0.687;-0.38722;0.25341;-1.0068;-0.95824;2.7581;-0.5561;-0.26698;0.90786;-0.059542;0.55398;-0.43334;0.2535;0.30068;0.12431;0.046893;-0.00010506;-0.80776;0.69923;-0.75023;-0.26056;1.8969
43;-0.10977;-0.62452;-0.5978;0.49496;-1.1281;4.3593;1.4495;-0.76475;-0.95743;-0.68447;-0.22923;-0.10611;-0.91755;0.10845;-0.32367;-0.33623;-0.47083;-0.64301;-0.37554;-0.72074;-0.32323;1.8942;0.01779;1.1372;-0.78301;-0.25068;-0.80422;-0.79618;-0.63052;-0.75779;-0.41094;1.8196;0.7044;0.60021;-0.34343;0.25018;-0.69001;-0.24447;1.1451;-0.73661;-0.29646;1.2893;-0.16718;0.17345;0.63082;1.2523;-0.88649;-0.59102;0.33302;1.1785;-0.94359;-0.02954;0.50852;1.057;0.60028;-0.46353;-0.76633;0.82134;3.1688;-0.24325;-0.15903;0.011754;-0.47952;-0.87104;0.25592;-0.031759;0.10787;0.55493;-0.29975;-0.53406;-0.17106;-0.68647
44;-0.066441;-0.50732;0.71658;0.2183;0.23963;-0.86742;5.8874;-0.62289;4.6443;-0.81069;-0.9985;2.0958;-0.88641;-0.30902;-0.34327;-0.69941;-0.87305;-0.90445;0.69345;0.93027;-0.77782;-0.21038;-0.94671;-0.56727;0.17532;-0.73243;0.68396;-0.65484;-0.83465;-0.84376;0.55868;-0.42065;0.36008;0.28037;-0.02524;-0.72018;-0.51663;-0.65391;0.69952;-0.096531;-0.055745;-1.0822;0.21393;1.1497;-0.39221;0.024312;0.087081;-0.2576;-0.69377;-0.70142;0.977;-0.25318;-0.35584;-1.0556;-1.0514;-0.035319;0.19754;-0.84501;-0.96382;1.712;0.96173;-1.0241;1.3312;-0.2966;0.35646;-1.0579;1.3577;-0.71441;1.7297;-0.64655;-0.67942;2.3984
45;-0.090855;-0.25866;2.4718;1.3611;1.1396;-0.22006;-0.53097;0.60988;-0.6174;-0.60955;-0.23901;-0.7189;-1.0013;-0.66845;-0.45237;-0.91561;0.60031;0.30217;1.2739;1.3817;-0.36586;-0.88063;-0.9155;-0.80856;-0.33248;0.40751;-0.39439;-0.18324;-0.51689;-0.65262;0.67507;0.050202;-0.37876;0.47133;-0.041895;1.1811;1.4354;0.10698;-0.11223;-0.56206;0.28765;-1.1968;-0.69043;0.028375;0.36651;1.2011;-0.77772;0.16242;0.67812;-0.93417;-0.80416;-0.39291;2.1489;-0.19567;0.89498;-0.66379;2.334;-0.52086;3.0789;1.7592;-0.37273;0.063567;-1.0745;-0.63328;-0.34493;1.2437;-0.80129;-0.65288;-0.20829;3.9863;-0.4333;-0.24061
46;-0.12174;-0.36747;0.22212;-0.26795;2.3839;0.23354;-0.37426;-0.71177;0.034548;0.15308;1.0044;2.5227;-0.76881;0.8257;0.16331;0.96867;-0.007225;-0.46162;0.14552;-0.98815;0.076314;-0.52293;0.62999;-0.45402;0.12074;-0.88588;-0.72062;-0.32015;-0.42065;-0.55096;-0.046629;1.1491;0.47185;2.8782;1.7171;-0.89908;0.00069049;0.99056;1.0989;-0.51633;0.53942;-0.89886;-0.064741;-0.78685;0.11481;0.18411;0.25702;-0.52914;-0.86598;-0.1772;-1.086;-0.78318;0.66495;-0.87639;2.0159;0.70012;0.55517;-0.05159;-0.14428;-0.21702;-1.0669;-0.6462;1.5235;0.41359;-0.96477;-0.69313;-0.51621;-0.00066164;-0.8826;-0.43582;-0.62668;0.82208
47;0.15841;-0.48;0.54032;1.9694;-0.96009;-0.58308;-0.98484;-0.98993;-0.90571;-0.45047;0.56884;0.48158;-0.85484;-0.288;-0.83369;-0.0067229;-0.61771;-0.86096;-0.1206;1.0892;-0.65035;-0.61961;-0.12366;-0.14152;0.17052;-0.64248;-0.34263;-0.10211;-0.017618;0.35369;-0.60444;0.31018;0.88564;-0.19728;-0.8621;-0.3083;-0.89049;-0.58927;0.46421;-0.56624;-0.75269;-1.3884;-0.54509;-1.0332;0.01097;-0.74805;-0.5548;-0.29987;-0.085744;0.21717;1.2753;1.306;-0.36922;-0.69956;-0.91851;-0.089467;0.13152;0.33539;-0.53428;-0.19181;-0.53723;1.2213;-0.64234;0.83852;-0.23196;-0.5919;1.031;1.1108;0.26633;-0.55067;-0.76473;-0.34192
48;-0.019062;0.1879;-0.72105;0.21402;0.18376;0.62855;-0.12816;0.23207;1.0533;-0.47182;-0.93712;-0.47335;-0.94075;-0.45674;-0.60951;-0.63571;-0.75234;-1.0076;-1.0109;-1.0458;-0.33313;-0.55213;-0.5972;1.0168;0.26048;-0.99961;-0.41039;0.63012;-0.046415;1.384;-0.05909;-0.75912;-0.085895;2.5492;0.23829;-0.10276;-0.88201;-0.65806;0.77676;-0.60338;1.1319;-1.2383;1.5139;-1.0632;-0.60894;1.0034;-0.66832;0.49945;-0.75226;0.14046;-1.0528;-0.49154;-0.91329;-0.26377;-0.83903;-0.32524;0.29226;0.13917;0.16983;-0.43493;1.2823;1.7385;-0.51239;-0.41543;-0.52064;-0.70449;0.18206;0.36589;-0.08449;0.38954;-0.41752;0.0094531
49;-0.073646;-0.40197;0.78571;2.4853;-0.95333;-0.92127;0.22348;-0.7197;-0.72017;0.68372;-0.66853;-0.74936;0.43272;0.88594;0.63727;-1.0807;3.5257;-0.99087;-0.86357;0.36253;2.7248;1.6392;3.0341;-0.51901;0.7308;-1.0073;0.10026;-0.82438;-0.8223;0.15122;0.59313;-0.8734;-0.71328;1.7284;0.27039;-0.37632;-0.30617;1.8394;-0.43084;1.1668;-0.70836;-1.0845;-0.64991;1.1636;0.53436;1.0979;-0.38914;0.92004;0.059234;-0.17446;0.56151;-0.49182;0.91672;0.047937;-0.64127;0.48775;-0.61215;-0.72166;-0.70086;0.27228;3.1669;-1.0322;1.067;0.69854;-0.36743;1.0856;-0.81385;-0.18915;-0.62338;0.43252;-0.097708;-0.20367
50;0.0096914;-0.51779;-0.20665;-0.49748;0.94626;-1.0293;-0.86309;0.34443;-0.71913;2.5907;1.7043;-0.88378;-0.099902;0.04443;-0.07327;-0.41846;0.59931;0.36736;-0.84748;-0.74598;-0.85517;-0.5245;-0.8587;0.58991;-0.70946;-5.0659E-05;-0.026048;-0.076549;-0.49582;-0.075794;2.1592;0.019082;0.093724;-0.88347;-0.26689;1.0442;-0.53176;-0.80833;0.83675;0.41441;1.7803;4.6297;-0.84113;-1.075;-0.83096;-0.54005;0.4382;0.54045;3.0458;1.4942;-0.61612;-0.59172;-0.63679;1.5654;0.79494;0.36248;-0.54481;-0.86331;-0.38399;-0.89816;-0.54822;1.8143;0.27425;-0.20586;0.79096;-0.78637;-1.0713;0.17978;-0.77356;-0.25796;0.39555;-0.93398
PARTICULAR
GAIN
9
