TITLE;96 random variables, variable gain
FOCUS ON;
EXPERIMENT TYPE;SingleAmongManyVaryingGain
PARAMETERS
normalization;Standard
pcaRecompositionThreshold;0.95
component;1;2
type;RandomPearson;RandomUniform
p1;3;0
p2;0;1
RESULTS
COMMON
distance
which;Manhattan(Average);Manhattan(GeometricAverage);Manhattan(Median);Manhattan(Minimum);Manhattan(MinimumTimesMedian);Manhattan(Summation);Euclidean(Average);Euclidean(GeometricAverage);Euclidean(Median);Euclidean(Minimum);Euclidean(MinimumTimesMedian);Euclidean(Summation)
plain;1.0803;1.0797;1.081;0.96534;1.0436;1323.4;0.14559;0.14537;0.14559;0.12243;0.017825;178.35
PCA;1.0803;1.0797;1.0805;0.96546;1.0432;1323.4;0.14561;0.14539;0.14564;0.12282;0.017888;178.37
DE00;1.0816;1.0807;1.0846;0.9976;1.0737;1324.9;0.26568;0.25871;0.2637;0.15837;0.039365;298.74
DE01;1.0816;1.0808;1.0863;0.99854;1.0768;1325;0.266;0.25568;0.25591;0.16143;0.037657;316.15
DE02;1.0816;1.0808;1.0874;0.99608;1.076;1325;0.2593;0.25461;0.25162;0.15922;0.037745;319.82
PCA
weights;0.010351;0.010546;0.010518;0.010544;0.01055;0.010095;0.01031;0.01002;0.010669;0.010484;0.010302;0.010251;0.010442;0.010668;0.010295;0.010402;0.010607;0.010306;0.010568;0.010665;0.01029;0.0098948;0.01047;0.010719;0.010688;0.01038;0.010258;0.010275;0.010449;0.010147;0.010659;0.010139;0.010545;0.010534;0.010567;0.010227;0.01052;0.010005;0.010469;0.010062;0.010288;0.010559;0.010575;0.010578;0.010464;0.010455;0.010533;0.010311;0.010381;0.010443;0.010487;0.010604;0.010492;0.010547;0.010187;0.010152;0.010384;0.010663;0.010141;0.010389;0.010372;0.010348;0.010699;0.01065;0.010404;0.01053;0.010337;0.010478;0.010289;0.010271;0.010322;0.010335;0.010601;0.010335;0.010556;0.010381;0.010166;0.010552;0.010685;0.010501;0.01047;0.010521;0.010335;0.010496;0.0102;0.010596;0.010235;0.010078;0.01043;0.010647;0.010533;0.010403;0.010349;0.010406;0.010552;0.010413
differential evolutions parameters, by distance type
i;dDE / dP;distance;type;parentWeight;crossover;population;iterations;distance;weights ->
1;1.0011;1.0816;2;0.85;0.5;50;50;Manhattan(Average);0.00015117;0.01617;0.0090743;0.0029216;0.0051664;0.0098822;0.0086905;0.014438;0.019396;0.019015;0.0047784;0.0026629;0.019281;0.018746;0.0020422;0.015223;0.0030171;0.017601;0.015143;0.0086335;0.022206;0.00056463;0.018901;0.00018691;0.0046584;0.012455;0.021272;0.00068653;0.021721;0.021163;0.022043;0.0067375;0.01568;0.012551;0.00083954;0.0037739;0.016075;0.0077501;0.0037272;0.0041942;0.00044582;0.0026412;0.0022223;0.015066;0.00038248;0.0094513;2.7497E-05;0.00038226;0.0040826;0.021945;0.00053274;0.006595;0.02237;0.017274;0.013098;0.01322;0.0098945;0.014189;0.0049062;0.0041768;0.01773;0.019483;0.00086096;0.00062348;0.0033139;0.0073016;0.022579;0.018881;0.018793;0.0016283;0.022254;0.0072006;0.022517;0.0057425;0.021498;0.0091097;0.014355;0.0082088;0.020727;0.018447;0.0074905;0.017826;0.0098089;0.015137;0.013916;0.002029;0.017209;0.010019;0.016021;0.0019883;0.0010252;0.0017758;0.012213;0.020046;6.4994E-05;5.5328E-05
2;1.0012;1.0816;2;0.85;0.5;50;50;Manhattan(Average);9.4723E-06;0.021367;0.017588;0.0002003;0.0027077;0.015543;0.00030465;0.011655;0.021407;0.017143;0.0066517;0.0039197;0.021293;0.012188;0.0010127;0.021149;0.0019103;0.016435;0.0025088;0.01073;0.016914;0.00057533;0.0032023;0.00092278;0.0011239;0.0093385;0.018565;1.467E-05;0.020578;0.019956;0.018385;0.017946;0.01809;0.016623;0.00023043;0.0068425;0.018851;0.014063;0.020541;0.0037429;0.0036437;0.00068025;0.0045836;0.014053;0.00026187;0.018579;0.00066594;0.00030912;0.017113;0.01493;0.0009834;0.016004;0.014012;0.011509;0.0063177;0.010385;0.0069909;0.016641;0.0053893;0.0063364;0.010736;0.020733;0.00054051;0.0045051;0.0054633;0.016093;0.014468;0.018282;0.019458;0.00037469;0.019946;0.00069469;0.019512;0.018174;0.021542;0.0040961;0.020253;0.014953;0.020285;0.0098557;0.021405;0.016848;0.0012645;0.01059;0.020294;0.0019677;0.021086;0.00072133;0.012164;0.00039596;0.00012257;0.0054077;0.0012345;0.020945;0.0032103;0.00076583
3;1.0012;1.0816;2;0.85;0.5;50;50;Manhattan(Average);1.5417E-06;0.019727;0.010177;0.00089459;0.0017567;0.021678;0.0021441;0.0027475;0.022627;0.018474;0.0064318;0.0071511;0.020464;0.0095325;0.0015353;0.020015;0.00080565;0.016236;0.015993;0.021095;0.011962;0.0029651;0.0081105;0.0012673;0.0028234;0.019704;0.022884;0.0013536;0.022372;0.021011;0.022499;0.016871;0.0081278;0.015122;0.0046023;0.0027848;0.015426;0.0064583;0.012385;0.0038408;0.0010021;0.00069607;0.0014199;0.014013;3.406E-05;0.017264;0.0020552;9.7675E-06;0.0032203;0.012557;0.0055744;0.0072499;0.015028;0.019246;0.021666;0.018772;0.015035;0.0075227;0.01977;0.00063402;0.020358;0.01739;0.00017608;4.209E-05;0.0084836;0.0022773;0.018852;0.018815;0.020854;0.0032647;0.020197;0.0042183;0.016032;0.011915;0.02023;0.0034379;0.020962;0.01545;0.015918;0.011033;0.01987;0.0071659;0.0020148;0.0084422;0.01668;0.0013505;0.016501;0.0072322;0.018929;0.0024379;0.00015328;0.0027311;0.00066778;0.019155;0.0014694;0.00046829
4;1.0009;1.0807;2;0.85;0.5;50;50;Manhattan(GeometricAverage);8.5154E-05;0.016375;0.016514;0.00027454;0.0092907;0.014137;0.015567;0.014744;0.018771;0.009314;0.0070083;0.011515;0.017481;0.016701;0.0023623;0.017389;0.00080854;0.011993;0.011293;0.013867;0.0088329;0.0030033;0.010957;0.0025849;0.0043533;0.013599;0.015271;0.0026768;0.018626;0.016007;0.015414;0.010576;0.012603;0.016136;0.00057192;0.0020509;0.012916;0.0075462;0.016814;0.0096396;0.0070942;0.0010041;0.006582;0.01024;0.0004157;0.014544;0.0022386;0.00017507;0.0097233;0.016992;0.0067426;0.010912;0.01701;0.012609;0.017037;0.0013601;0.016715;0.0023222;0.011944;0.0089118;0.014333;0.019091;0.00035052;0.0032762;0.014716;0.013839;0.015831;0.018633;0.017507;0.0017496;0.019129;0.0074423;0.0085724;0.014203;0.016472;0.012974;0.018627;0.00928;0.012307;0.0085182;0.015128;0.011137;0.015536;0.014777;0.017109;0.0013462;0.016694;0.0075203;0.010933;0.0025794;0.00016965;0.0081743;0.010468;0.014668;0.0050616;0.0016047
5;1.001;1.0808;2;0.85;0.5;50;50;Manhattan(GeometricAverage);0.00023948;0.017108;0.010585;0.00091384;0.00087746;0.013887;0.011005;0.011362;0.018896;0.016687;0.0050455;0.0081146;0.014885;0.013714;0.0058067;0.0072438;0.00014866;0.017962;0.010229;0.011478;0.015171;0.00069395;0.01356;0.006364;0.0047674;0.016449;0.013414;0.00084546;0.020012;0.019292;0.01974;0.017659;0.013225;0.0090122;0.0041087;0.0070766;0.013792;0.010428;0.019161;0.010766;0.0063285;0.00078183;0.0067791;0.013442;0.0004952;0.01995;0.001762;0.0015306;0.014396;0.015522;0.0048531;0.0085591;0.018881;0.01133;0.011939;0.010996;0.0077934;0.014029;0.0091424;0.011689;0.0084744;0.019268;0.0001489;0.00051837;0.0013022;0.012472;0.020125;0.017259;0.011411;0.0020654;0.019711;0.007871;0.016958;0.016163;0.017336;0.0080821;0.017871;0.014904;0.018617;0.0048241;0.015953;0.00972;0.013106;0.010993;0.015036;0.0017811;0.014128;0.0098716;0.014024;0.0039492;8.4964E-05;0.013448;0.004538;0.012764;0.0024327;0.00086642
6;1.0009;1.0808;2;0.85;0.5;50;50;Manhattan(GeometricAverage);0.00010683;0.015742;0.01724;0.00116;0.0024184;0.015096;0.0063617;0.012011;0.018915;0.012246;0.0061318;0.010015;0.018201;0.0082545;0.0014402;0.0096018;0.004217;0.015475;0.011727;0.014744;0.0087513;0.00079348;0.011927;0.0030491;0.011497;0.01525;0.010738;0.00060212;0.013991;0.017015;0.019104;0.017313;0.018308;0.010893;0.0023291;0.0084535;0.013949;0.00062681;0.015734;0.01155;0.010774;0.00033756;0.004709;0.0077567;0.00084559;0.017837;0.0017079;0.00027879;0.01054;0.01899;0.00061837;0.012553;0.014132;0.015399;0.016671;0.010831;0.013156;0.013565;0.016991;0.0073549;0.012546;0.017707;0.0017856;0.0038945;0.0081398;0.010438;0.018813;0.020164;0.010708;0.0010634;0.019644;0.0041723;0.014441;0.019465;0.017634;0.0076225;0.015794;0.015293;0.018345;0.0062548;0.014339;0.006781;0.015054;0.016293;0.017312;0.0027809;0.014416;0.0099757;0.0083249;0.0042047;9.2412E-05;0.0078811;0.0064723;0.015736;0.0070242;0.0013635
7;1.0344;0.99854;2;0.85;0.5;50;50;Manhattan(Minimum);0.00391;0.010149;0.016288;0.00010776;0.011481;0.018508;0.015492;0.017996;0.0063668;0.017366;0.011587;0.0073659;0.012479;0.01281;0.0025673;0.009234;0.0082794;0.0060147;0.0055753;0.0063533;0.0035065;0.0021011;0.018096;0.0011547;0.016983;0.0073366;0.010118;0.007291;0.018801;0.0045842;0.010333;0.015414;0.011454;0.0077899;0.0037904;0.0082774;0.0041075;0.01849;0.018123;0.014036;0.0033986;0.010697;0.01785;0.016193;0.016194;0.002619;0.014957;0.01008;0.011682;0.0078224;0.015479;0.011157;0.0069347;0.012463;0.010104;0.0050437;0.0061673;0.0071603;0.011593;0.009323;0.0079449;0.0083275;0.005587;0.011651;0.0065561;0.0087332;0.014676;0.016536;0.010126;0.0018888;0.016163;0.014025;0.010826;0.015774;0.018576;0.0040418;0.010573;0.018876;0.014336;0.015135;0.017087;0.0082215;0.014216;0.010496;0.0032723;0.004492;0.0038721;0.0087891;0.013069;0.01047;0.010874;0.0076036;0.0042159;0.0089562;0.015952;0.019424
8;1.0334;0.9976;2;0.85;0.5;50;50;Manhattan(Minimum);0.0093928;0.015766;0.014549;0.011659;0.0036846;0.015783;0.013462;0.015832;0.012979;0.0044046;0.0060901;0.0032462;0.011276;0.007401;0.01173;0.011179;0.0030438;0.011788;0.0083581;0.0067538;0.0043984;0.014333;0.014788;0.0021827;0.0098895;0.0060773;0.011241;0.0025148;0.007572;0.012727;0.012925;0.0091632;0.008106;0.01028;0.013831;0.0083837;0.013548;0.0064635;0.016225;0.012017;0.015533;0.011991;0.015842;0.0086055;0.0086686;0.015566;0.0064108;0.010112;0.012098;0.0057998;0.010111;0.011692;0.013373;0.012249;0.0096732;0.0078343;0.0020132;0.011951;0.0078251;0.017794;0.0093275;0.016533;0.0099098;0.011324;0.0094709;0.010331;0.0022299;0.012467;0.0076575;0.0067931;0.010772;0.012091;0.015916;0.0038046;0.0082307;0.0018387;0.0040457;0.012618;0.012667;0.011459;0.015985;0.006233;0.015622;0.00092157;0.014734;0.0092302;0.0078386;0.017231;0.0071854;0.01508;0.014809;0.016689;0.013783;0.015978;0.012897;0.016111
9;1.0318;0.99608;2;0.85;0.5;50;50;Manhattan(Minimum);0.0089341;0.0036373;0.015463;0.0027594;0.009786;0.007567;0.0086831;0.0086613;0.0037922;0.011305;0.0057849;0.0057977;0.0032467;0.0088026;0.0090785;0.016109;0.0092024;0.0051151;0.0057448;0.013336;0.0011412;0.011854;0.013331;0.010621;0.013996;0.00079863;0.016805;0.017297;0.015915;0.017716;0.0081913;0.012129;0.0085438;0.0098566;0.0058688;0.014392;0.015126;0.0016305;0.015212;0.0064432;0.011382;0.0087328;0.015463;0.011944;0.015979;0.006284;0.0033501;0.0041725;0.0086838;0.014181;0.0060561;0.010784;0.014276;0.00045989;0.01189;0.0041175;0.014781;0.0098376;0.00047993;0.014755;0.0018377;0.017707;0.0085202;0.0098901;0.018627;0.0178;0.018056;0.017185;0.017297;0.014137;0.015249;0.018665;0.011642;0.013222;0.013761;0.0059019;0.018433;0.010113;0.0021579;0.013808;0.0054463;0.015326;0.017415;0.01481;0.0048503;0.0085975;0.0071476;0.0071255;0.01377;0.0057499;0.01602;0.00965;0.0097327;0.0091474;0.0071174;0.016803
10;1.0033;1.0846;2;0.85;0.5;50;50;Manhattan(Median);0.0036472;0.01682;0.0040094;0.0087697;0.013214;0.011824;0.014299;0.015797;0.021917;0.014833;0.016929;0.014359;0.0045426;0.0053762;0.011162;0.0089233;0.0099588;0.0031277;0.010068;0.0049045;0.014304;0.016276;0.021479;0.016296;0.008286;0.0097534;0.019046;0.0078959;0.011355;0.017609;0.0038533;0.0056508;0.0082141;0.0047201;0.0038274;0.0035778;0.016174;0.0095856;0.0091594;0.013557;0.020341;0.0090676;0.021251;0.0091138;0.0056369;0.0045792;0.011672;0.010444;0.0034828;0.0077784;0.0019681;0.015055;0.0062495;0.0052696;0.014343;0.011717;0.017281;0.0057144;0.016952;0.013642;0.0036815;0.0062202;0.012933;0.0093037;0.0048892;0.0054596;0.012309;0.015439;0.004656;0.01722;0.020712;0.0054559;0.015817;0.018561;0.018406;0.010058;0.0025912;0.018358;0.010628;0.0062176;0.0090982;0.0019577;0.0067085;0.0042854;0.0093528;0.0062937;0.011599;0.0040109;0.017458;0.0032745;0.0035489;0.012067;0.018144;0.0046516;0.0058595;0.016112
11;1.0049;1.0863;2;0.85;0.5;50;50;Manhattan(Median);0.0001592;0.015716;0.0038878;0.016262;0.018728;0.0044016;0.012772;0.0097997;0.010361;0.0057273;0.020004;0.0068992;0.010273;0.016487;0.01416;0.0043557;0.007426;0.01794;0.013131;0.010845;0.0065351;0.013332;0.0032501;0.01521;0.0060753;0.019027;0.0055613;0.016236;0.009632;0.0021902;0.0087236;0.018678;0.012526;0.0017493;0.0057547;0.0081197;0.0080755;0.01414;0.0082342;0.012003;0.006507;0.013314;0.01097;0.012602;0.0070187;0.0085737;0.018148;0.0031918;0.00023942;0.0014674;0.018048;0.0060172;0.0025137;0.00075518;0.00048152;0.016368;0.016944;0.010537;0.018466;0.0088885;0.017924;0.0091154;0.017698;0.0089043;0.0015497;0.0046805;0.016317;0.012743;0.01674;0.011649;0.018381;0.014375;0.0031894;0.0068747;0.018546;0.012443;0.0059506;0.012146;0.020492;0.0060136;0.003775;0.016542;0.0068737;0.01935;0.0076275;0.0070428;0.00017749;0.018868;0.015932;0.0010364;0.0010398;0.020077;0.0058912;0.010346;0.019033;0.015217
12;1.0059;1.0874;2;0.85;0.5;50;50;Manhattan(Median);0.00010927;0.016704;0.00066645;0.016967;0.021603;0.00082859;0.0090982;0.020114;0.02185;0.021196;0.019974;0.014198;0.020757;0.018352;0.0049564;0.017514;0.0025344;0.023086;0.0012733;0.0055274;0.0091062;0.019589;0.00034302;0.0012138;0.0024761;0.0077244;0.011695;0.015824;0.0032093;0.0045554;0.016024;0.020209;0.013981;0.013521;0.0040859;0.021373;0.018772;0.005153;0.011384;0.0082105;0.017389;0.0041243;0.0036664;0.0085392;0.0055366;0.014626;0.0064557;0.008617;0.000273;0.0063957;0.018872;0.019702;0.0041283;0.017391;0.00334;0.021228;0.0089609;0.0038669;0.0030836;0.0064659;0.015856;0.014648;0.0028831;0.0022702;0.004801;0.011762;0.015409;0.021052;0.0177;0.0019065;0.0019802;0.021376;0.002721;0.0037277;0.018738;0.0088118;0.015411;0.014139;0.0069437;0.00087628;0.010275;0.011716;0.0019337;0.011989;0.0019333;0.0091486;0.020197;0.015822;0.0030056;0.01034;0.00080878;0.0213;0.0019666;0.0056426;0.021651;0.00084136
13;1.0319;1.0768;2;0.85;0.5;50;50;Manhattan(MinimumTimesMedian);0.0059284;0.014332;0.014787;0.0071596;0.0022407;0.016222;0.019166;0.019469;0.014476;0.013149;0.017957;0.00047061;0.005088;0.010306;0.0032853;0.01094;0.011017;0.018136;0.0041194;0.0089595;0.0078298;0.012578;0.012773;0.001027;0.014888;0.011748;0.014504;0.015435;0.016706;0.013952;0.012164;0.012162;0.0060251;0.012608;0.013113;0.011665;0.0041628;0.010195;0.017602;0.0069223;0.0085676;0.007327;0.010191;0.0018354;0.0089764;0.011312;0.0061649;0.009507;0.0069701;0.013937;0.00026213;0.01283;0.017641;0.016911;0.011646;0.0033966;0.0063351;0.017147;0.014228;0.0091847;0.014441;0.018804;0.0079862;0.0069292;0.0025212;0.0085641;0.013187;0.0021267;0.0083154;0.011977;0.01006;0.015498;0.018595;0.0080651;0.0079648;0.0082966;0.015018;0.0074252;0.0083564;0.0037411;0.0043654;0.0050828;0.014495;0.013131;0.0075486;0.017523;0.0034654;0.0020284;0.0082742;0.011885;0.015651;0.01692;0.0050242;0.01379;0.0064699;0.016834
14;1.0289;1.0737;2;0.85;0.5;50;50;Manhattan(MinimumTimesMedian);0.0073683;0.011417;0.0155;0.01143;0.00077944;0.0093295;0.010808;0.015855;0.0043402;0.010741;0.011849;0.012668;0.0013792;0.0062936;0.0051151;0.017313;0.0072314;0.0078232;0.0034901;0.0049093;0.0074301;0.0057309;0.012728;0.0070855;0.017749;0.004448;0.0019308;0.016036;0.015319;0.016785;0.00082504;0.014611;0.013496;0.011419;0.0060497;0.0043723;0.0172;0.01433;0.018931;0.0046842;0.01711;0.016323;0.0090912;0.01387;0.012512;0.005294;0.014429;0.011495;0.013182;0.013671;0.0083396;0.0043831;0.0022729;0.0050557;0.0086567;0.01658;0.0075492;0.0012144;0.012938;0.013572;0.018103;0.017843;0.0076054;0.016919;0.009062;0.012277;0.018307;0.012736;0.0087981;0.01204;0.014454;0.0066785;0.012319;0.0040592;0.0094877;0.016398;0.008371;0.012697;0.012258;0.015212;0.016937;0.014058;0.016049;0.0014838;0.0071438;0.013083;0.0081449;0.011909;0.017842;0.011018;0.010222;0.010484;0.0032413;0.0052325;0.0042808;0.0089046
15;1.0311;1.076;2;0.85;0.5;50;50;Manhattan(MinimumTimesMedian);0.0045014;0.018557;0.007698;0.016895;0.0011613;0.013296;0.0027171;0.011045;0.0075771;0.018924;0.012652;0.014795;0.016766;0.0062705;0.012237;0.010286;0.016868;0.0053443;0.010791;0.016135;0.0035303;0.018845;0.01286;0.00074644;0.0096092;0.003438;0.017021;0.014308;0.016217;0.016496;0.016374;0.0051248;0.014361;0.014331;0.0055575;0.015082;0.0156;0.0037359;0.017984;0.015259;0.011173;0.0073329;0.0097769;0.013519;0.015791;0.0097364;0.014613;0.0097216;0.010165;0.012594;0.011271;0.0098563;0.016261;0.0044986;0.009091;0.001292;0.0051851;0.0060947;0.014612;0.014965;0.001752;0.016829;0.011282;0.0022198;0.0055045;0.014426;0.018204;0.0065448;0.0049009;0.01257;0.0067913;0.0098157;0.0077603;0.0026614;0.016192;0.010042;0.01311;0.0011402;0.0088217;0.0086786;0.0099361;0.017211;0.018742;0.016541;0.00050711;0.002419;0.001851;0.015824;0.013697;0.013939;0.0064695;0.0052567;0.0047077;0.0097129;0.0058243;0.0095694
16;1.0011;1324.9;2;0.85;0.5;50;50;Manhattan(Summation);0.00030736;0.017318;0.0089623;0.0011648;0.0017074;0.020082;0.0022555;0.010607;0.019188;0.020894;0.0066383;0.0137;0.018843;0.01189;0.0013551;0.020877;0.00051902;0.019202;0.014579;0.013237;0.020661;0.00013171;0.016132;0.00046315;0.004777;0.012858;0.017166;0.0020053;0.020681;0.018482;0.017221;0.013768;0.01611;0.014866;0.0012701;0.0077746;0.0091289;0.0010133;0.011419;0.002891;0.0047716;8.0869E-05;0.0037691;0.01613;8.0829E-05;0.013912;0.0015439;0.00010326;0.016277;0.016633;0.0033081;0.0168;0.01952;0.014816;0.017773;0.012034;0.015819;0.01344;0.0066974;0.0018538;0.016692;0.021153;0.00014584;0.0014694;0.0088935;0.011377;0.013018;0.020545;0.017407;0.00019282;0.015607;0.0016237;0.016997;0.013295;0.019535;0.00565;0.020662;0.014567;0.019279;0.016913;0.011428;0.013907;0.0074494;0.0066446;0.0046347;0.00085331;0.013744;0.0069511;0.02106;0.00062284;0.00023549;0.010252;0.00086234;0.016233;0.0019038;0.00068765
17;1.0012;1325;2;0.85;0.5;50;50;Manhattan(Summation);9.1824E-05;0.020945;0.010802;1.4359E-05;0.0041296;0.016691;0.0052625;0.015722;0.020997;0.019131;0.0003745;0.0093007;0.021822;0.0096369;0.0019842;0.012857;0.00056649;0.014069;0.0089918;0.0024683;0.0067186;0.0008952;0.016928;0.0047197;0.0012046;0.0063037;0.019273;0.00011343;0.013933;0.01978;0.020393;0.011389;0.014492;0.017162;0.00043238;0.0086298;0.014512;0.0012113;0.010524;0.011203;0.0057563;0.00038087;0.0020713;0.013883;0.0008183;0.014771;0.00087745;0.00077357;0.010384;0.020942;0.00020796;0.021115;0.020027;0.01837;0.016627;0.017333;0.019462;0.020825;0.015362;0.0027888;0.021218;0.021098;0.00071329;0.0017451;0.0036832;0.012648;0.014986;0.021971;0.012973;0.00031514;0.020464;0.0073585;0.020461;0.014987;0.01855;0.00044487;0.020186;0.0071593;0.017552;0.008636;0.020611;0.0058675;0.013748;0.019867;0.019768;0.001095;0.01675;0.00029654;0.021056;0.0018573;5.0987E-05;0.00067903;0.00078084;0.011218;0.0002363;0.0005186
18;1.0012;1325;2;0.85;0.5;50;50;Manhattan(Summation);2.9505E-05;0.017108;0.011767;0.0007108;0.0046361;0.01444;0.0037481;0.015708;0.020956;0.014452;0.0011263;0.012714;0.020083;0.0084467;0.0019518;0.01332;0.00024265;0.018157;0.0078417;0.01662;0.020614;3.6397E-06;0.0050972;0.0008711;0.0065425;0.016472;0.019561;0.00095248;0.019401;0.020543;0.021361;0.008603;0.019346;0.012644;0.0055004;0.0019534;0.019263;0.00038803;0.017328;0.0050686;0.0041353;0.00067825;0.0021656;0.0060797;0.00030178;0.018967;0.0045892;0.00044659;0.0041326;0.013101;0.00084488;0.012631;0.019627;0.018025;0.013486;0.015465;0.012094;0.012863;0.01738;0.0028802;0.010626;0.01665;0.00077283;0.0016111;0.0074909;0.0093856;0.02079;0.018175;0.018727;0.0020337;0.019083;0.0046696;0.017488;0.01391;0.019689;0.0034234;0.015772;0.015524;0.017315;0.015332;0.016829;0.0038112;0.011013;0.019805;0.020815;0.0020792;0.020573;0.0084775;0.0067243;0.0034047;0.0004446;0.0081495;0.0004035;0.018114;0.0035548;0.0018702
19;1.8249;0.26568;2;0.85;0.5;50;50;Euclidean(Average);0.00082235;0.0041171;0.0022711;5.6495E-06;0.0011936;0.0015636;1.04E-05;0.015503;0.01495;0.0065591;7.7531E-05;0.00084762;0.052777;0.0087118;0.0022647;0.00036656;0.0032028;0.00091395;0.0049387;0.0054609;0.0044088;0.047156;0.0020436;0.0032553;0.042842;0.026167;0.00099126;0.002311;0.0011871;0.0011088;0.0024005;0.0011699;0.012102;0.0096593;0.0041054;0.0055345;0.0026885;0.034371;0.001462;0.0060604;0.0073528;0.053005;0.0033235;0.00059825;0.0075016;0.00019965;0.00033871;0.0070456;0.0056967;0.00042098;0.0095792;0.052136;0.0012028;0.00078141;0.00029533;0.053042;0.0035811;0.05054;2.3103E-05;0.0013009;0.0032132;0.0014496;0.052527;0.00081761;0.0015647;0.013788;0.0093224;0.0016092;0.052602;0.01034;4.8789E-05;0.0031354;0.0037717;0.014704;0.0088057;0.00080381;0.017705;0.0060892;0.0019781;0.047284;0.00028671;0.0024354;0.0081927;0.05259;0.0022743;0.0012194;0.0033303;0.0019335;0.0015502;0.050338;0.0043792;0.0031267;0.0010548;0.0051878;0.0083689;0.0066247
20;1.8271;0.266;2;0.85;0.5;50;50;Euclidean(Average);0.0057722;0.0030617;0.0056279;0.048203;0.022755;0.036758;0.0041457;0.00054823;0.0040234;0.00078205;0.0038707;0.00044062;0.00026515;0.0009912;0.0029059;0.00013206;0.0001081;0.044076;0.00054576;0.0053626;0.048321;0.042117;0.034916;0.0019282;0.046856;0.0014757;0.0011094;0.0053143;0.006237;0.046303;0.012742;0.0011737;0.0022653;0.00063256;0.0023343;0.01262;0.047401;0.00028824;0.00070663;0.015313;0.0052718;0.0023573;0.00025469;0.0051643;0.002229;0.00070136;0.00033858;0.0072121;0.0018472;0.0013995;0.0015687;0.005586;0.042751;0.0041659;0.0006015;0.00065936;0.0020241;0.0004628;0.00057151;0.0016839;0.0041406;0.0029624;0.001301;7.5231E-05;0.037835;0.00011232;0.0021989;0.0013279;0.046903;0.0042028;0.046682;0.0032675;0.0038185;0.00039456;0.00019475;0.0010079;0.0028545;0.0063273;0.00029512;0.0065907;0.002545;0.0021563;0.00030075;0.00060872;0.00036138;0.044491;0.0013476;0.0041113;0.01714;0.00086164;0.0037567;0.048036;0.039176;0.00048094;0.047717;0.0071399
21;1.7811;0.2593;2;0.85;0.5;50;50;Euclidean(Average);0.00045728;0.045901;0.037822;0.0012842;0.00031352;0.044659;0.0056919;0.0037238;0.0027644;0.00055988;0.0049726;0.0025612;0.00075428;0.010025;0.0030818;0.045809;0.036935;0.00073691;0.046062;0.00067882;0.0032369;0.002871;0.001453;0.030306;0.0029074;0.00085978;0.0050163;0.045038;0.00078488;0.00089738;0.0040682;0.00010011;0.0014109;0.00036041;0.0056469;0.0094342;0.0043628;0.0021738;0.0010468;0.0053603;0.0022175;0.014617;0.0014681;0.0055422;0.00077201;0.0021744;0.0048204;0.037749;0.045141;0.0025249;0.00043872;0.0028576;0.0006734;0.01064;0.00025971;0.0024471;0.0002268;0.0061925;0.0020601;0.042439;0.024472;0.0017432;0.0016387;0.0063577;0.01454;0.0011961;0.0027266;0.00010039;0.00078519;0.041017;0.0043889;0.045901;0.0025755;0.0039562;0.00082534;0.0014345;0.044795;0.044099;3.845E-05;0.00088493;0.0035152;0.0054542;0.0053667;0.00034142;0.023699;0.0024723;0.0041701;0.0052594;0.00072115;0.042335;0.00013794;0.0015258;0.002715;0.00058583;0.0047938;0.046042
22;1.7796;0.25871;2;0.85;0.5;50;50;Euclidean(GeometricAverage);0.0061579;0.0026294;4.1778E-05;0.050239;0.00023364;0.0030719;0.0010598;0.0018502;0.025774;0.0027848;0.0073394;0.0010346;0.015278;0.0001846;0.0069523;0.0068337;0.0011759;0.0004514;0.051858;0.0074628;7.8044E-05;0.049489;0.051693;0.00096798;0.0031929;0.00097845;0.010606;0.0078235;0.0024129;0.0021842;0.00084591;0.0011559;0.0066103;0.0015797;0.0041379;0.01303;0.00096219;0.0035679;0.049381;0.0015814;0.00065634;0.050699;0.011455;0.049979;0.0039809;0.0010096;4.5619E-05;0.0044089;0.0034997;0.049385;0.0023515;0.015814;0.00040124;0.0054805;0.0019472;0.002304;0.0031101;0.0503;0.00092638;0.0043067;0.00093547;0.012458;0.006042;0.0022698;0.0035774;0.004563;0.00025436;0.003591;0.0023585;0.0099156;0.00079053;0.0050623;0.018497;0.034542;0.04712;0.0020567;0.0043722;0.020872;0.01337;0.0012826;0.0019658;0.0076097;0.00154;0.0027124;0.006268;0.043416;0.0062592;0.0061176;5.6615E-05;0.0014262;0.001478;0.0030041;0.048959;0.0052594;0.0019122;0.0013331
23;1.7588;0.25568;2;0.85;0.5;50;50;Euclidean(GeometricAverage);0.008234;0.0029402;0.00043281;0.012127;0.034806;0.00086116;0.0078999;0.0009023;0.0035584;0.00064598;0.0044956;0.0044819;0.0035229;0.044039;0.045098;0.0080765;0.0051146;0.012127;0.00015945;0.0011704;0.042449;0.0015636;0.00041962;0.00090341;0.0088798;0.012607;0.0017591;0.011201;0.0022829;0.050707;0.0012115;0.0065207;0.0054421;0.0049713;0.0023071;0.00097871;0.002966;0.00069031;0.0035011;0.0011265;0.010844;0.0095651;0.0083654;0.001004;0.00083513;0.045771;0.0044289;0.0077604;0.0022184;0.0024215;0.0061649;0.0022921;0.0063421;0.00015541;0.0059453;0.00028602;0.0024894;0.0048913;0.0060887;0.048633;0.036921;0.001294;0.0029733;0.0031909;0.0005686;0.00028316;0.001776;0.0066598;0.0029456;0.050017;0.048371;0.050802;0.0010952;0.007557;0.001392;0.005509;0.0012553;0.0039694;0.0007357;0.00030424;0.0020459;0.0011034;0.0025085;0.050079;0.0003816;0.0067683;0.0060113;0.0492;0.0047079;0.0053235;0.0027134;0.037639;0.0029188;0.00039709;0.016281;0.044619
24;1.7514;0.25461;2;0.85;0.5;50;50;Euclidean(GeometricAverage);0.00020784;0.047117;0.00059462;0.0028125;0.0058666;0.045321;0.0019857;0.00094414;0.00075203;0.00088607;0.043638;0.0011042;0.033726;0.0072316;0.0047725;0.042035;0.0015146;0.040012;0.0098877;0.00026456;0.00042341;0.0007127;0.02287;0.00057371;0.00079814;0.0016815;0.00063166;0.033741;0.00070135;0.0035697;0.0056655;0.0016491;0.0025052;0.00092481;0.0028862;0.001023;0.0019642;0.0031419;0.0066747;0.047235;0.00056911;0.0016085;0.0030282;0.00144;0.0014127;0.0015879;0.034932;0.0054027;0.0018548;0.008788;0.0007681;0.0024618;0.04641;0.00041992;0.0058288;6.1201E-05;0.0050587;0.0029889;0.00010242;0.002471;0.0081075;0.0046802;0.0023561;0.0019045;0.0010627;0.0053443;0.044215;0.0027937;0.045334;0.030678;0.0027788;0.0013776;0.045825;0.00066799;0.0096022;0.0070501;0.0071477;0.0019417;0.0076773;0.0048211;0.0067208;0.0033717;0.001961;0.0074755;0.025863;0.0030962;0.02769;0.041962;0.0005111;4.9311E-05;0.00048329;0.0013913;7.8363E-05;0.00096305;0.044372;0.041405
25;1.2935;0.15837;2;0.85;0.5;50;50;Euclidean(Minimum);0.00086147;0.00082036;0.0255;0.0040453;0.012327;0.02717;0.00043907;0.026251;0.019495;0.027994;0.00099903;0.0099352;0.0020915;0.0022365;0.0021543;0.025084;0.022287;0.00020714;0.028542;0.020424;0.0076176;0.027526;0.028638;0.001025;0.00040056;0.0011617;0.01883;0.006726;0.021119;0.023566;0.0017441;0.0016769;0.0027441;0.00089524;0.00016474;0.0007363;0.0039254;0.0019702;0.029368;0.013762;0.029579;0.0026632;0.0055906;0.0096148;0.00041388;0.00077795;0.01379;0.0024191;0.022784;0.010371;5.0046E-05;0.003978;0.0043172;0.023419;0.012918;0.0033795;0.0027574;0.0015578;0.015082;0.0032639;0.00092174;0.021266;0.0003115;0.0077887;0.0021966;0.00012378;0.013549;0.0026039;0.025836;0.027749;0.007846;0.0010673;2.6454E-05;0.0026942;0.024886;0.027671;0.023593;0.028243;0.0069226;0.00041161;0.025703;0.0074193;0.0058988;0.015296;0.0023522;0.0026615;0.0044004;0.00075905;0.00012944;0.00034651;0.021374;0.029713;0.012722;0.00034683;0.023936;4.5439E-05
26;1.3185;0.16143;2;0.85;0.5;50;50;Euclidean(Minimum);0.0083429;0.024483;0.0010937;0.012398;0.00040095;0.016727;0.00231;0.0016512;0.015444;0.025086;0.0079675;0.020586;0.014978;0.0093432;0.0042284;0.0022763;0.0015933;0.0063949;0.0023479;0.022628;0.00059506;0.012719;0.025296;0.0029466;0.0015786;0.001029;0.014494;0.017579;0.024371;0.0014473;0.00060338;0.0010564;0.02399;0.00014039;0.00084863;0.00019646;0.0023685;0.0041423;0.021953;0.026485;0.013022;0.0028394;0.0025068;0.024235;0.010542;0.026447;0.026526;0.001051;0.002411;0.00033992;0.00059594;0.00084567;0.0007641;0.0027279;0.00078369;0.00043789;0.00019347;0.0078785;0.015305;0.0029452;0.016666;0.024927;0.019729;0.00058359;0.024304;0.025611;0.0014892;0.0058303;0.026036;0.020131;0.025589;0.025898;0.00072184;0.0028238;0.001004;0.0052986;0.027263;0.020823;0.023878;0.0038379;0.0014462;0.024407;0.018667;0.0037094;0.00126;0.0009269;0.02714;0.0043508;0.026913;0.0019033;0.00031907;0.02714;0.027153;0.0022058;0.0025818;0.00091591
27;1.3005;0.15922;2;0.85;0.5;50;50;Euclidean(Minimum);0.0066049;0.0038809;0.023568;0.0014754;3.1605E-05;0.024326;0.00032732;0.018498;0.024541;0.0015567;0.0065106;0.0024481;0.022678;0.021908;0.00016779;0.012133;0.01755;2.0538E-05;2.4346E-05;4.4533E-05;0.019151;0.00015022;0.003181;0.0081858;0.018889;0.021908;6.7696E-05;0.0009524;0.0019448;0.0063495;0.0095789;0.00082636;0.022506;0.0031254;0.024416;0.0010938;9.0731E-06;0.018786;0.024468;0.0054647;0.0055447;0.00017765;0.024635;0.0080328;0.00035689;0.024684;0.024162;0.011924;0.0034592;0.00036768;0.0017724;0.020875;0.024672;0.0009197;0.0014327;0.015234;0.0056364;0.012496;0.0035374;0.020923;0.00026318;0.017464;0.024675;0.02441;0.00088766;1.9205E-05;0.0033742;0.020099;0.02463;0.0075434;0.023668;8.5025E-05;0.0051529;0.0013671;0.0061767;0.024658;0.024673;0.00074858;0.023723;0.023658;0.00041996;3.0544E-05;0.0055628;2.4655E-05;0.0063605;0.023379;3.9801E-05;0.014664;0.00043193;0.016235;0.014811;0.0066671;0.0012628;0.020989;0.017999;0.023655
28;1.8113;0.2637;2;0.85;0.5;50;50;Euclidean(Median);0.0050699;5.4621E-05;0.00049884;9.2349E-05;0.00098525;0.024128;0.00042438;0.0051025;0.0016458;0.0003464;0.048927;0.0010073;0.047382;0.008061;0.0042858;0.0028393;0.0011512;0.0077806;0.041804;0.0043689;0.0033961;0.0005224;0.0088857;0.0052898;0.00026708;0.017537;0.0046188;0.00031345;0.00069033;0.049055;0.0008154;0.0036065;0.0061609;0.00062786;0.0032675;0.0029637;0.0019277;0.052536;0.036533;0.0016966;0.01609;0.0033729;3.8704E-06;0.0005328;0.0002304;0.0044711;0.0052544;0.0023075;0.0030368;0.0022707;0.0018324;0.0046619;0.048607;0.0063055;0.0019565;0.0080256;0.0052025;0.0045474;0.052868;0.052449;0.0044458;0.0080408;0.0061492;4.165E-05;0.011966;0.00093658;0.0042189;0.0050951;3.0008E-05;0.0075221;0.0020887;0.0028118;0.0038605;0.00034785;0.052056;0.0018175;0.00067852;0.0067583;0.050873;0.0030808;0.00077449;0.043441;0.0070301;0.003133;0.0046361;0.00087429;0.052568;0.011238;0.0043275;0.001104;0.010601;0.0072216;0.034279;0.0007927;0.010463;0.0040061
29;1.7577;0.25591;2;0.85;0.5;50;50;Euclidean(Median);0.00016071;0.0012717;0.0014096;0.0038873;0.0045861;1.151E-05;0.0016116;0.0010747;0.0010595;0.042958;0.0060465;0.033211;0.044656;0.00024139;0.00034381;0.037814;0.04419;0.0007957;0.0035269;0.00084122;0.034031;0.036983;0.00028818;0.035778;0.00019257;0.0021291;0.0044865;0.0013005;0.0075965;0.035591;0.010578;0.002614;0.0098197;0.00045265;0.00045741;0.0012053;0.0058605;0.00025616;0.0019945;0.034236;0.03831;5.6953E-05;0.0010872;0.0056224;0.0020203;7.4163E-05;0.0001614;0.0010051;0.00071717;6.7852E-05;0.00020926;0.041428;0.0093736;0.0019341;0.0040406;0.033309;0.0080974;0.022606;0.039327;0.002141;0.0017353;0.0052103;0.0014707;0.0020499;0.0047978;0.042947;0.0024902;0.0012324;0.00029287;4.9571E-05;0.003359;0.04027;0.0014503;0.0053655;0.012;0.0041306;0.0006414;0.036017;0.0033954;0.000127;0.0040064;0.0008462;0.0038961;0.044774;3.6039E-05;0.00097671;0.0016931;0.042272;0.044751;0.0030997;0.0071534;0.0015075;0.0023025;5.9119E-06;0.0039097;0.0026001
30;1.7283;0.25162;2;0.85;0.5;50;50;Euclidean(Median);2.3397E-05;0.0037301;0.0080046;0.0048838;0.0030667;0.0059157;0.043362;0.00081245;0.0025227;0.0019798;0.0012865;0.0030284;0.0043326;0.0077493;0.0050625;0.0047259;0.029876;0.024588;0.00077836;0.037178;0.0030913;0.00064406;0.0030185;0.009275;0.006878;0.043287;0.0084382;0.004054;0.00025434;0.00086987;0.0009163;0.043244;0.00011665;0.042501;0.00109;5.114E-06;0.003316;0.0019856;0.043366;0.00010219;0.0023652;0.0019678;0.0016213;0.0019256;0.0003347;0.0025194;0.038988;0.00055398;3.0745E-06;9.3541E-05;0.010417;0.00069919;0.043187;0.011951;0.0027766;0.011765;0.00077837;0.039435;0.0067103;0.0063754;0.00028774;0.042711;0.021388;0.00012879;0.0017035;0.041417;0.0035858;0.00014632;0.0032246;0.0024531;0.0033396;0.0026627;0.00069568;0.020198;0.0032933;0.020057;0.0009343;0.039037;0.014499;0.00086063;0.003631;0.001317;0.00036838;0.043284;0.043296;0.0021922;0.04212;0.0035203;0.0020443;0.034701;0.00047143;0.0024737;0.0006208;0.0004346;0.00091764;0.0021551
31;2.2084;0.039365;2;0.85;0.5;50;50;Euclidean(MinimumTimesMedian);0.011639;0.031711;0.0020263;0.03165;0.032983;9.253E-05;0.0021608;0.00070166;0.0086776;0.00089021;0.013679;0.001055;0.004308;0.00585;0.027488;0.00069032;0.00062487;0.029141;0.00022296;0.00058178;0.00036864;0.025345;0.02409;0.03095;0.0023367;0.002396;0.032896;0.00015698;0.030013;0.0039687;0.032586;0.00049725;0.028633;0.0088479;0.0033506;0.00047199;0.00021964;0.0010437;0.03202;0.0020925;0.0031074;0.023722;0.00079064;0.0073454;9.6247E-06;0.0030713;0.026563;0.00061545;0.00036622;0.00063369;0.0028169;0.0015455;0.0011417;0.031302;0.028724;0.0024897;0.0066281;0.0023322;0.0063652;0.0018925;0.0045728;0.001746;0.0029588;0.031182;0.00046058;0.032285;0.00018257;0.0040963;0.00050872;0.002704;0.0012532;0.024488;0.0047688;0.00074148;0.0015985;0.033137;0.032151;0.00033591;0.00037307;0.029887;0.0020017;0.028061;0.00046664;0.033088;0.032788;0.00050413;0.0036283;0.0075595;0.0011544;0.028726;0.021656;0.0022451;0.00068883;0.00056265;0.0021424;0.0053768
32;2.1126;0.037657;2;0.85;0.5;50;50;Euclidean(MinimumTimesMedian);0.0071841;0.028602;0.029725;0.0022521;0.024036;0.027591;0.00017419;0.0030197;0.0027764;0.0021743;0.014562;0.0024514;0.030358;0.00096244;0.0010698;0.0012203;0.0002944;0.00016365;0.00046731;0.025542;9.7921E-05;0.021398;0.0019906;0.0013382;0.00099646;8.5828E-05;0.00011027;0.022188;0.0025658;0.00201;0.00034471;0.00099989;0.021484;0.0013652;0.00034249;0.0083931;0.0029357;0.03005;0.030482;0.029239;4.3063E-05;0.0034342;7.2094E-05;0.00047967;0.00067995;0.030246;0.024183;0.0006407;0.025791;0.00027293;0.0006957;0.0023655;0.022928;0.0061995;0.029467;0.00067596;0.026805;0.030035;0.001633;0.028914;0.00080955;0.00091745;0.00056787;0.0005913;0.00062468;0.027953;0.00080225;0.025627;0.02982;0.027728;0.030334;0.0079916;0.01826;0.028204;8.989E-05;0.00056353;0.030671;0.0004202;0.00010679;0.0014106;0.0006931;0.028589;0.0022087;0.0011934;0.00020169;0.0054458;0.0043703;0.00023294;0.00066057;0.0049602;0.029666;0.017826;0.02832;0.013643;0.0095078;0.00038173
33;2.1175;0.037745;2;0.85;0.5;50;50;Euclidean(MinimumTimesMedian);0.034962;0.0060868;0.00060173;0.0072588;0.0081735;0.0019874;0.00054644;0.0060825;0.034729;0.00061218;0.031061;0.034963;0.031587;0.0043686;0.031745;0.034977;0.00029376;7.0393E-05;0.024712;1.3419E-06;0.0031865;0.011156;0.0064932;0.0024452;0.0010022;0.030434;2.7326E-05;0.00075657;0.0022266;0.0042268;0.018995;0.034655;0.0018944;0.0020289;0.00057618;0.0020634;0.0012617;0.034069;0.029124;2.4549E-05;0.0026544;0.00042997;0.001493;0.0056504;0.012502;0.0037896;0.0096291;0.032923;0.034542;0.010915;0.0025889;0.011785;0.00055189;0.00024828;0.00024924;0.0010794;0.00046373;3.8096E-05;2.1963E-06;0.00048566;0.00041153;2.8342E-05;0.00061664;0.034947;0.0047694;0.023073;9.6017E-06;0.00038415;0.00020159;0.034668;0.010431;0.0016215;6.3401E-05;0.032919;0.013137;8.9885E-07;0.027027;0.01643;4.4089E-05;0.00040272;0.032241;0.011949;0.0010091;0.018307;0.005475;0.028922;7.8981E-05;0.026157;0.00069092;0.0029842;1.8866E-05;0.026661;0.00030052;9.8477E-05;0.00028765;0.030146
34;1.6751;298.74;2;0.85;0.5;50;50;Euclidean(Summation);0.00045395;0.01213;0.0027771;0.041905;0.00018509;0.042847;0.025639;0.036954;0.040869;0.0031419;0.039555;6.5129E-05;0.0037636;1.7476E-05;0.0029753;0.0055405;0.0098243;0.0016122;0.0025914;0.0075265;0.0030726;0.008851;0.0029702;0.0029736;0.042195;0.00068237;0.0053386;0.00081602;0.0023878;0.0071255;0.00058905;0.00033062;0.00016759;0.0037946;0.0058525;0.00030798;0.0013733;0.041021;0.0095239;0.0033603;0.0028879;0.010429;0.016931;0.0037715;2.2614E-05;0.0024875;0.0026042;0.0050983;0.0042527;0.0012242;0.0060886;0.043684;0.0014867;0.010619;0.0011562;0.016719;0.001563;0.0021163;0.0012436;0.027615;0.03226;0.023058;0.0023861;0.043842;0.00019638;0.0055139;0.033775;0.00082402;0.00029078;0.034448;0.0077912;0.0022193;0.00085078;0.0097179;0.0008999;0.043785;0.0044904;0.00021588;0.0030648;0.0016398;0.0046801;0.0026737;0.0037088;0.0042052;0.0016458;0.035836;0.010716;0.0077032;0.040683;0.00056692;0.00077541;0.0050065;0.00044004;0.042673;0.0017043;0.00060825
35;1.7727;316.15;2;0.85;0.5;50;50;Euclidean(Summation);0.0045119;0.039095;0.0085179;0.00028289;0.039747;0.00652;0.0020189;0.0023394;0.0039547;0.010284;0.002624;0.0065691;0.0026355;0.0012086;0.00023437;0.0046662;0.001563;0.04814;0.0016813;0.0019819;0.00018557;0.0022715;0.0012621;0.00069567;0.0027093;0.0046445;0.00084922;0.0082238;0.040763;0.0050947;0.0023925;0.011907;0.00022337;0.0094583;0.00051017;0.0049028;0.0010224;0.00097562;0.046148;0.047129;0.0011863;8.8736E-05;0.0012021;0.00039249;0.02419;0.028111;0.0033843;0.0040888;0.0033062;0.036816;0.041884;0.00094423;0.0035088;0.04312;0.0091977;0.00060044;0.00017299;4.4328E-05;0.0017056;0.044823;0.0093595;0.0062569;0.0016464;0.0051141;0.0029579;0.016951;0.0015832;0.00074914;0.0031641;0.0013988;0.046796;0.00044014;0.044126;0.0012901;0.0017986;0.041925;0.0072861;0.047975;0.002838;0.00070271;0.0071687;0.00088386;4.5001E-05;0.003658;0.0026794;0.0068915;0.0012054;0.0040756;0.039441;0.0054521;0.0027836;0.045322;0.0021802;0.0037528;0.0011412;0.00025041
36;1.7933;319.82;2;0.85;0.5;50;50;Euclidean(Summation);0.00091332;0.00087422;0.037547;0.041486;0.0022861;0.0058437;0.031615;0.0028067;0.0020129;0.0033598;0.0040667;0.0011081;0.0025944;0.0011123;0.010051;0.0030724;0.0052047;0.0088876;0.0011272;0.0044211;0.00050736;0.0016715;0.0046617;0.046893;0.0036947;0.0020084;0.024061;0.0030558;0.00051342;0.002033;0.00074639;0.0021667;0.0058847;2.3194E-05;0.00055291;0.00059334;0.00067879;0.040355;0.00046315;0.0031475;0.002389;0.0021955;0.0059437;0.033091;0.00076688;0.0003337;0.0016482;0.0014773;0.0048805;0.003254;0.005379;0.049294;0.043313;0.04756;0.047774;0.048722;0.042918;0.00033814;0.00080026;0.0013737;5.9818E-07;0.0010109;0.0014892;0.0048982;6.7458E-05;0.0013894;8.9247E-05;0.00061503;0.0022912;0.00014738;0.0092487;0.0070455;0.00047643;0.003147;1.7419E-05;0.0045533;0.0060865;0.041533;0.0035652;0.044125;1.4778E-05;0.022188;0.0048964;0.016049;0.0071929;0.034988;0.0049396;0.046327;0.0045123;0.0011051;0.0015958;0.049045;0.0031659;0.00057317;0.01268;0.0013755
differential evolutions parameters, by distance
i;dDE / dP;distance;type;parentWeight;crossover;population;iterations;distance;weights ->
1;1.0009;1.0807;2;0.85;0.5;50;50;Manhattan(GeometricAverage);8.5154E-05;0.016375;0.016514;0.00027454;0.0092907;0.014137;0.015567;0.014744;0.018771;0.009314;0.0070083;0.011515;0.017481;0.016701;0.0023623;0.017389;0.00080854;0.011993;0.011293;0.013867;0.0088329;0.0030033;0.010957;0.0025849;0.0043533;0.013599;0.015271;0.0026768;0.018626;0.016007;0.015414;0.010576;0.012603;0.016136;0.00057192;0.0020509;0.012916;0.0075462;0.016814;0.0096396;0.0070942;0.0010041;0.006582;0.01024;0.0004157;0.014544;0.0022386;0.00017507;0.0097233;0.016992;0.0067426;0.010912;0.01701;0.012609;0.017037;0.0013601;0.016715;0.0023222;0.011944;0.0089118;0.014333;0.019091;0.00035052;0.0032762;0.014716;0.013839;0.015831;0.018633;0.017507;0.0017496;0.019129;0.0074423;0.0085724;0.014203;0.016472;0.012974;0.018627;0.00928;0.012307;0.0085182;0.015128;0.011137;0.015536;0.014777;0.017109;0.0013462;0.016694;0.0075203;0.010933;0.0025794;0.00016965;0.0081743;0.010468;0.014668;0.0050616;0.0016047
2;1.0009;1.0808;2;0.85;0.5;50;50;Manhattan(GeometricAverage);0.00010683;0.015742;0.01724;0.00116;0.0024184;0.015096;0.0063617;0.012011;0.018915;0.012246;0.0061318;0.010015;0.018201;0.0082545;0.0014402;0.0096018;0.004217;0.015475;0.011727;0.014744;0.0087513;0.00079348;0.011927;0.0030491;0.011497;0.01525;0.010738;0.00060212;0.013991;0.017015;0.019104;0.017313;0.018308;0.010893;0.0023291;0.0084535;0.013949;0.00062681;0.015734;0.01155;0.010774;0.00033756;0.004709;0.0077567;0.00084559;0.017837;0.0017079;0.00027879;0.01054;0.01899;0.00061837;0.012553;0.014132;0.015399;0.016671;0.010831;0.013156;0.013565;0.016991;0.0073549;0.012546;0.017707;0.0017856;0.0038945;0.0081398;0.010438;0.018813;0.020164;0.010708;0.0010634;0.019644;0.0041723;0.014441;0.019465;0.017634;0.0076225;0.015794;0.015293;0.018345;0.0062548;0.014339;0.006781;0.015054;0.016293;0.017312;0.0027809;0.014416;0.0099757;0.0083249;0.0042047;9.2412E-05;0.0078811;0.0064723;0.015736;0.0070242;0.0013635
3;1.001;1.0808;2;0.85;0.5;50;50;Manhattan(GeometricAverage);0.00023948;0.017108;0.010585;0.00091384;0.00087746;0.013887;0.011005;0.011362;0.018896;0.016687;0.0050455;0.0081146;0.014885;0.013714;0.0058067;0.0072438;0.00014866;0.017962;0.010229;0.011478;0.015171;0.00069395;0.01356;0.006364;0.0047674;0.016449;0.013414;0.00084546;0.020012;0.019292;0.01974;0.017659;0.013225;0.0090122;0.0041087;0.0070766;0.013792;0.010428;0.019161;0.010766;0.0063285;0.00078183;0.0067791;0.013442;0.0004952;0.01995;0.001762;0.0015306;0.014396;0.015522;0.0048531;0.0085591;0.018881;0.01133;0.011939;0.010996;0.0077934;0.014029;0.0091424;0.011689;0.0084744;0.019268;0.0001489;0.00051837;0.0013022;0.012472;0.020125;0.017259;0.011411;0.0020654;0.019711;0.007871;0.016958;0.016163;0.017336;0.0080821;0.017871;0.014904;0.018617;0.0048241;0.015953;0.00972;0.013106;0.010993;0.015036;0.0017811;0.014128;0.0098716;0.014024;0.0039492;8.4964E-05;0.013448;0.004538;0.012764;0.0024327;0.00086642
4;1.0011;1.0816;2;0.85;0.5;50;50;Manhattan(Average);0.00015117;0.01617;0.0090743;0.0029216;0.0051664;0.0098822;0.0086905;0.014438;0.019396;0.019015;0.0047784;0.0026629;0.019281;0.018746;0.0020422;0.015223;0.0030171;0.017601;0.015143;0.0086335;0.022206;0.00056463;0.018901;0.00018691;0.0046584;0.012455;0.021272;0.00068653;0.021721;0.021163;0.022043;0.0067375;0.01568;0.012551;0.00083954;0.0037739;0.016075;0.0077501;0.0037272;0.0041942;0.00044582;0.0026412;0.0022223;0.015066;0.00038248;0.0094513;2.7497E-05;0.00038226;0.0040826;0.021945;0.00053274;0.006595;0.02237;0.017274;0.013098;0.01322;0.0098945;0.014189;0.0049062;0.0041768;0.01773;0.019483;0.00086096;0.00062348;0.0033139;0.0073016;0.022579;0.018881;0.018793;0.0016283;0.022254;0.0072006;0.022517;0.0057425;0.021498;0.0091097;0.014355;0.0082088;0.020727;0.018447;0.0074905;0.017826;0.0098089;0.015137;0.013916;0.002029;0.017209;0.010019;0.016021;0.0019883;0.0010252;0.0017758;0.012213;0.020046;6.4994E-05;5.5328E-05
5;1.0011;1324.9;2;0.85;0.5;50;50;Manhattan(Summation);0.00030736;0.017318;0.0089623;0.0011648;0.0017074;0.020082;0.0022555;0.010607;0.019188;0.020894;0.0066383;0.0137;0.018843;0.01189;0.0013551;0.020877;0.00051902;0.019202;0.014579;0.013237;0.020661;0.00013171;0.016132;0.00046315;0.004777;0.012858;0.017166;0.0020053;0.020681;0.018482;0.017221;0.013768;0.01611;0.014866;0.0012701;0.0077746;0.0091289;0.0010133;0.011419;0.002891;0.0047716;8.0869E-05;0.0037691;0.01613;8.0829E-05;0.013912;0.0015439;0.00010326;0.016277;0.016633;0.0033081;0.0168;0.01952;0.014816;0.017773;0.012034;0.015819;0.01344;0.0066974;0.0018538;0.016692;0.021153;0.00014584;0.0014694;0.0088935;0.011377;0.013018;0.020545;0.017407;0.00019282;0.015607;0.0016237;0.016997;0.013295;0.019535;0.00565;0.020662;0.014567;0.019279;0.016913;0.011428;0.013907;0.0074494;0.0066446;0.0046347;0.00085331;0.013744;0.0069511;0.02106;0.00062284;0.00023549;0.010252;0.00086234;0.016233;0.0019038;0.00068765
6;1.0012;1325;2;0.85;0.5;50;50;Manhattan(Summation);2.9505E-05;0.017108;0.011767;0.0007108;0.0046361;0.01444;0.0037481;0.015708;0.020956;0.014452;0.0011263;0.012714;0.020083;0.0084467;0.0019518;0.01332;0.00024265;0.018157;0.0078417;0.01662;0.020614;3.6397E-06;0.0050972;0.0008711;0.0065425;0.016472;0.019561;0.00095248;0.019401;0.020543;0.021361;0.008603;0.019346;0.012644;0.0055004;0.0019534;0.019263;0.00038803;0.017328;0.0050686;0.0041353;0.00067825;0.0021656;0.0060797;0.00030178;0.018967;0.0045892;0.00044659;0.0041326;0.013101;0.00084488;0.012631;0.019627;0.018025;0.013486;0.015465;0.012094;0.012863;0.01738;0.0028802;0.010626;0.01665;0.00077283;0.0016111;0.0074909;0.0093856;0.02079;0.018175;0.018727;0.0020337;0.019083;0.0046696;0.017488;0.01391;0.019689;0.0034234;0.015772;0.015524;0.017315;0.015332;0.016829;0.0038112;0.011013;0.019805;0.020815;0.0020792;0.020573;0.0084775;0.0067243;0.0034047;0.0004446;0.0081495;0.0004035;0.018114;0.0035548;0.0018702
7;1.0012;1325;2;0.85;0.5;50;50;Manhattan(Summation);9.1824E-05;0.020945;0.010802;1.4359E-05;0.0041296;0.016691;0.0052625;0.015722;0.020997;0.019131;0.0003745;0.0093007;0.021822;0.0096369;0.0019842;0.012857;0.00056649;0.014069;0.0089918;0.0024683;0.0067186;0.0008952;0.016928;0.0047197;0.0012046;0.0063037;0.019273;0.00011343;0.013933;0.01978;0.020393;0.011389;0.014492;0.017162;0.00043238;0.0086298;0.014512;0.0012113;0.010524;0.011203;0.0057563;0.00038087;0.0020713;0.013883;0.0008183;0.014771;0.00087745;0.00077357;0.010384;0.020942;0.00020796;0.021115;0.020027;0.01837;0.016627;0.017333;0.019462;0.020825;0.015362;0.0027888;0.021218;0.021098;0.00071329;0.0017451;0.0036832;0.012648;0.014986;0.021971;0.012973;0.00031514;0.020464;0.0073585;0.020461;0.014987;0.01855;0.00044487;0.020186;0.0071593;0.017552;0.008636;0.020611;0.0058675;0.013748;0.019867;0.019768;0.001095;0.01675;0.00029654;0.021056;0.0018573;5.0987E-05;0.00067903;0.00078084;0.011218;0.0002363;0.0005186
8;1.0012;1.0816;2;0.85;0.5;50;50;Manhattan(Average);9.4723E-06;0.021367;0.017588;0.0002003;0.0027077;0.015543;0.00030465;0.011655;0.021407;0.017143;0.0066517;0.0039197;0.021293;0.012188;0.0010127;0.021149;0.0019103;0.016435;0.0025088;0.01073;0.016914;0.00057533;0.0032023;0.00092278;0.0011239;0.0093385;0.018565;1.467E-05;0.020578;0.019956;0.018385;0.017946;0.01809;0.016623;0.00023043;0.0068425;0.018851;0.014063;0.020541;0.0037429;0.0036437;0.00068025;0.0045836;0.014053;0.00026187;0.018579;0.00066594;0.00030912;0.017113;0.01493;0.0009834;0.016004;0.014012;0.011509;0.0063177;0.010385;0.0069909;0.016641;0.0053893;0.0063364;0.010736;0.020733;0.00054051;0.0045051;0.0054633;0.016093;0.014468;0.018282;0.019458;0.00037469;0.019946;0.00069469;0.019512;0.018174;0.021542;0.0040961;0.020253;0.014953;0.020285;0.0098557;0.021405;0.016848;0.0012645;0.01059;0.020294;0.0019677;0.021086;0.00072133;0.012164;0.00039596;0.00012257;0.0054077;0.0012345;0.020945;0.0032103;0.00076583
9;1.0012;1.0816;2;0.85;0.5;50;50;Manhattan(Average);1.5417E-06;0.019727;0.010177;0.00089459;0.0017567;0.021678;0.0021441;0.0027475;0.022627;0.018474;0.0064318;0.0071511;0.020464;0.0095325;0.0015353;0.020015;0.00080565;0.016236;0.015993;0.021095;0.011962;0.0029651;0.0081105;0.0012673;0.0028234;0.019704;0.022884;0.0013536;0.022372;0.021011;0.022499;0.016871;0.0081278;0.015122;0.0046023;0.0027848;0.015426;0.0064583;0.012385;0.0038408;0.0010021;0.00069607;0.0014199;0.014013;3.406E-05;0.017264;0.0020552;9.7675E-06;0.0032203;0.012557;0.0055744;0.0072499;0.015028;0.019246;0.021666;0.018772;0.015035;0.0075227;0.01977;0.00063402;0.020358;0.01739;0.00017608;4.209E-05;0.0084836;0.0022773;0.018852;0.018815;0.020854;0.0032647;0.020197;0.0042183;0.016032;0.011915;0.02023;0.0034379;0.020962;0.01545;0.015918;0.011033;0.01987;0.0071659;0.0020148;0.0084422;0.01668;0.0013505;0.016501;0.0072322;0.018929;0.0024379;0.00015328;0.0027311;0.00066778;0.019155;0.0014694;0.00046829
10;1.0033;1.0846;2;0.85;0.5;50;50;Manhattan(Median);0.0036472;0.01682;0.0040094;0.0087697;0.013214;0.011824;0.014299;0.015797;0.021917;0.014833;0.016929;0.014359;0.0045426;0.0053762;0.011162;0.0089233;0.0099588;0.0031277;0.010068;0.0049045;0.014304;0.016276;0.021479;0.016296;0.008286;0.0097534;0.019046;0.0078959;0.011355;0.017609;0.0038533;0.0056508;0.0082141;0.0047201;0.0038274;0.0035778;0.016174;0.0095856;0.0091594;0.013557;0.020341;0.0090676;0.021251;0.0091138;0.0056369;0.0045792;0.011672;0.010444;0.0034828;0.0077784;0.0019681;0.015055;0.0062495;0.0052696;0.014343;0.011717;0.017281;0.0057144;0.016952;0.013642;0.0036815;0.0062202;0.012933;0.0093037;0.0048892;0.0054596;0.012309;0.015439;0.004656;0.01722;0.020712;0.0054559;0.015817;0.018561;0.018406;0.010058;0.0025912;0.018358;0.010628;0.0062176;0.0090982;0.0019577;0.0067085;0.0042854;0.0093528;0.0062937;0.011599;0.0040109;0.017458;0.0032745;0.0035489;0.012067;0.018144;0.0046516;0.0058595;0.016112
11;1.0049;1.0863;2;0.85;0.5;50;50;Manhattan(Median);0.0001592;0.015716;0.0038878;0.016262;0.018728;0.0044016;0.012772;0.0097997;0.010361;0.0057273;0.020004;0.0068992;0.010273;0.016487;0.01416;0.0043557;0.007426;0.01794;0.013131;0.010845;0.0065351;0.013332;0.0032501;0.01521;0.0060753;0.019027;0.0055613;0.016236;0.009632;0.0021902;0.0087236;0.018678;0.012526;0.0017493;0.0057547;0.0081197;0.0080755;0.01414;0.0082342;0.012003;0.006507;0.013314;0.01097;0.012602;0.0070187;0.0085737;0.018148;0.0031918;0.00023942;0.0014674;0.018048;0.0060172;0.0025137;0.00075518;0.00048152;0.016368;0.016944;0.010537;0.018466;0.0088885;0.017924;0.0091154;0.017698;0.0089043;0.0015497;0.0046805;0.016317;0.012743;0.01674;0.011649;0.018381;0.014375;0.0031894;0.0068747;0.018546;0.012443;0.0059506;0.012146;0.020492;0.0060136;0.003775;0.016542;0.0068737;0.01935;0.0076275;0.0070428;0.00017749;0.018868;0.015932;0.0010364;0.0010398;0.020077;0.0058912;0.010346;0.019033;0.015217
12;1.0059;1.0874;2;0.85;0.5;50;50;Manhattan(Median);0.00010927;0.016704;0.00066645;0.016967;0.021603;0.00082859;0.0090982;0.020114;0.02185;0.021196;0.019974;0.014198;0.020757;0.018352;0.0049564;0.017514;0.0025344;0.023086;0.0012733;0.0055274;0.0091062;0.019589;0.00034302;0.0012138;0.0024761;0.0077244;0.011695;0.015824;0.0032093;0.0045554;0.016024;0.020209;0.013981;0.013521;0.0040859;0.021373;0.018772;0.005153;0.011384;0.0082105;0.017389;0.0041243;0.0036664;0.0085392;0.0055366;0.014626;0.0064557;0.008617;0.000273;0.0063957;0.018872;0.019702;0.0041283;0.017391;0.00334;0.021228;0.0089609;0.0038669;0.0030836;0.0064659;0.015856;0.014648;0.0028831;0.0022702;0.004801;0.011762;0.015409;0.021052;0.0177;0.0019065;0.0019802;0.021376;0.002721;0.0037277;0.018738;0.0088118;0.015411;0.014139;0.0069437;0.00087628;0.010275;0.011716;0.0019337;0.011989;0.0019333;0.0091486;0.020197;0.015822;0.0030056;0.01034;0.00080878;0.0213;0.0019666;0.0056426;0.021651;0.00084136
13;1.0289;1.0737;2;0.85;0.5;50;50;Manhattan(MinimumTimesMedian);0.0073683;0.011417;0.0155;0.01143;0.00077944;0.0093295;0.010808;0.015855;0.0043402;0.010741;0.011849;0.012668;0.0013792;0.0062936;0.0051151;0.017313;0.0072314;0.0078232;0.0034901;0.0049093;0.0074301;0.0057309;0.012728;0.0070855;0.017749;0.004448;0.0019308;0.016036;0.015319;0.016785;0.00082504;0.014611;0.013496;0.011419;0.0060497;0.0043723;0.0172;0.01433;0.018931;0.0046842;0.01711;0.016323;0.0090912;0.01387;0.012512;0.005294;0.014429;0.011495;0.013182;0.013671;0.0083396;0.0043831;0.0022729;0.0050557;0.0086567;0.01658;0.0075492;0.0012144;0.012938;0.013572;0.018103;0.017843;0.0076054;0.016919;0.009062;0.012277;0.018307;0.012736;0.0087981;0.01204;0.014454;0.0066785;0.012319;0.0040592;0.0094877;0.016398;0.008371;0.012697;0.012258;0.015212;0.016937;0.014058;0.016049;0.0014838;0.0071438;0.013083;0.0081449;0.011909;0.017842;0.011018;0.010222;0.010484;0.0032413;0.0052325;0.0042808;0.0089046
14;1.0311;1.076;2;0.85;0.5;50;50;Manhattan(MinimumTimesMedian);0.0045014;0.018557;0.007698;0.016895;0.0011613;0.013296;0.0027171;0.011045;0.0075771;0.018924;0.012652;0.014795;0.016766;0.0062705;0.012237;0.010286;0.016868;0.0053443;0.010791;0.016135;0.0035303;0.018845;0.01286;0.00074644;0.0096092;0.003438;0.017021;0.014308;0.016217;0.016496;0.016374;0.0051248;0.014361;0.014331;0.0055575;0.015082;0.0156;0.0037359;0.017984;0.015259;0.011173;0.0073329;0.0097769;0.013519;0.015791;0.0097364;0.014613;0.0097216;0.010165;0.012594;0.011271;0.0098563;0.016261;0.0044986;0.009091;0.001292;0.0051851;0.0060947;0.014612;0.014965;0.001752;0.016829;0.011282;0.0022198;0.0055045;0.014426;0.018204;0.0065448;0.0049009;0.01257;0.0067913;0.0098157;0.0077603;0.0026614;0.016192;0.010042;0.01311;0.0011402;0.0088217;0.0086786;0.0099361;0.017211;0.018742;0.016541;0.00050711;0.002419;0.001851;0.015824;0.013697;0.013939;0.0064695;0.0052567;0.0047077;0.0097129;0.0058243;0.0095694
15;1.0318;0.99608;2;0.85;0.5;50;50;Manhattan(Minimum);0.0089341;0.0036373;0.015463;0.0027594;0.009786;0.007567;0.0086831;0.0086613;0.0037922;0.011305;0.0057849;0.0057977;0.0032467;0.0088026;0.0090785;0.016109;0.0092024;0.0051151;0.0057448;0.013336;0.0011412;0.011854;0.013331;0.010621;0.013996;0.00079863;0.016805;0.017297;0.015915;0.017716;0.0081913;0.012129;0.0085438;0.0098566;0.0058688;0.014392;0.015126;0.0016305;0.015212;0.0064432;0.011382;0.0087328;0.015463;0.011944;0.015979;0.006284;0.0033501;0.0041725;0.0086838;0.014181;0.0060561;0.010784;0.014276;0.00045989;0.01189;0.0041175;0.014781;0.0098376;0.00047993;0.014755;0.0018377;0.017707;0.0085202;0.0098901;0.018627;0.0178;0.018056;0.017185;0.017297;0.014137;0.015249;0.018665;0.011642;0.013222;0.013761;0.0059019;0.018433;0.010113;0.0021579;0.013808;0.0054463;0.015326;0.017415;0.01481;0.0048503;0.0085975;0.0071476;0.0071255;0.01377;0.0057499;0.01602;0.00965;0.0097327;0.0091474;0.0071174;0.016803
16;1.0319;1.0768;2;0.85;0.5;50;50;Manhattan(MinimumTimesMedian);0.0059284;0.014332;0.014787;0.0071596;0.0022407;0.016222;0.019166;0.019469;0.014476;0.013149;0.017957;0.00047061;0.005088;0.010306;0.0032853;0.01094;0.011017;0.018136;0.0041194;0.0089595;0.0078298;0.012578;0.012773;0.001027;0.014888;0.011748;0.014504;0.015435;0.016706;0.013952;0.012164;0.012162;0.0060251;0.012608;0.013113;0.011665;0.0041628;0.010195;0.017602;0.0069223;0.0085676;0.007327;0.010191;0.0018354;0.0089764;0.011312;0.0061649;0.009507;0.0069701;0.013937;0.00026213;0.01283;0.017641;0.016911;0.011646;0.0033966;0.0063351;0.017147;0.014228;0.0091847;0.014441;0.018804;0.0079862;0.0069292;0.0025212;0.0085641;0.013187;0.0021267;0.0083154;0.011977;0.01006;0.015498;0.018595;0.0080651;0.0079648;0.0082966;0.015018;0.0074252;0.0083564;0.0037411;0.0043654;0.0050828;0.014495;0.013131;0.0075486;0.017523;0.0034654;0.0020284;0.0082742;0.011885;0.015651;0.01692;0.0050242;0.01379;0.0064699;0.016834
17;1.0334;0.9976;2;0.85;0.5;50;50;Manhattan(Minimum);0.0093928;0.015766;0.014549;0.011659;0.0036846;0.015783;0.013462;0.015832;0.012979;0.0044046;0.0060901;0.0032462;0.011276;0.007401;0.01173;0.011179;0.0030438;0.011788;0.0083581;0.0067538;0.0043984;0.014333;0.014788;0.0021827;0.0098895;0.0060773;0.011241;0.0025148;0.007572;0.012727;0.012925;0.0091632;0.008106;0.01028;0.013831;0.0083837;0.013548;0.0064635;0.016225;0.012017;0.015533;0.011991;0.015842;0.0086055;0.0086686;0.015566;0.0064108;0.010112;0.012098;0.0057998;0.010111;0.011692;0.013373;0.012249;0.0096732;0.0078343;0.0020132;0.011951;0.0078251;0.017794;0.0093275;0.016533;0.0099098;0.011324;0.0094709;0.010331;0.0022299;0.012467;0.0076575;0.0067931;0.010772;0.012091;0.015916;0.0038046;0.0082307;0.0018387;0.0040457;0.012618;0.012667;0.011459;0.015985;0.006233;0.015622;0.00092157;0.014734;0.0092302;0.0078386;0.017231;0.0071854;0.01508;0.014809;0.016689;0.013783;0.015978;0.012897;0.016111
18;1.0344;0.99854;2;0.85;0.5;50;50;Manhattan(Minimum);0.00391;0.010149;0.016288;0.00010776;0.011481;0.018508;0.015492;0.017996;0.0063668;0.017366;0.011587;0.0073659;0.012479;0.01281;0.0025673;0.009234;0.0082794;0.0060147;0.0055753;0.0063533;0.0035065;0.0021011;0.018096;0.0011547;0.016983;0.0073366;0.010118;0.007291;0.018801;0.0045842;0.010333;0.015414;0.011454;0.0077899;0.0037904;0.0082774;0.0041075;0.01849;0.018123;0.014036;0.0033986;0.010697;0.01785;0.016193;0.016194;0.002619;0.014957;0.01008;0.011682;0.0078224;0.015479;0.011157;0.0069347;0.012463;0.010104;0.0050437;0.0061673;0.0071603;0.011593;0.009323;0.0079449;0.0083275;0.005587;0.011651;0.0065561;0.0087332;0.014676;0.016536;0.010126;0.0018888;0.016163;0.014025;0.010826;0.015774;0.018576;0.0040418;0.010573;0.018876;0.014336;0.015135;0.017087;0.0082215;0.014216;0.010496;0.0032723;0.004492;0.0038721;0.0087891;0.013069;0.01047;0.010874;0.0076036;0.0042159;0.0089562;0.015952;0.019424
19;1.2935;0.15837;2;0.85;0.5;50;50;Euclidean(Minimum);0.00086147;0.00082036;0.0255;0.0040453;0.012327;0.02717;0.00043907;0.026251;0.019495;0.027994;0.00099903;0.0099352;0.0020915;0.0022365;0.0021543;0.025084;0.022287;0.00020714;0.028542;0.020424;0.0076176;0.027526;0.028638;0.001025;0.00040056;0.0011617;0.01883;0.006726;0.021119;0.023566;0.0017441;0.0016769;0.0027441;0.00089524;0.00016474;0.0007363;0.0039254;0.0019702;0.029368;0.013762;0.029579;0.0026632;0.0055906;0.0096148;0.00041388;0.00077795;0.01379;0.0024191;0.022784;0.010371;5.0046E-05;0.003978;0.0043172;0.023419;0.012918;0.0033795;0.0027574;0.0015578;0.015082;0.0032639;0.00092174;0.021266;0.0003115;0.0077887;0.0021966;0.00012378;0.013549;0.0026039;0.025836;0.027749;0.007846;0.0010673;2.6454E-05;0.0026942;0.024886;0.027671;0.023593;0.028243;0.0069226;0.00041161;0.025703;0.0074193;0.0058988;0.015296;0.0023522;0.0026615;0.0044004;0.00075905;0.00012944;0.00034651;0.021374;0.029713;0.012722;0.00034683;0.023936;4.5439E-05
20;1.3005;0.15922;2;0.85;0.5;50;50;Euclidean(Minimum);0.0066049;0.0038809;0.023568;0.0014754;3.1605E-05;0.024326;0.00032732;0.018498;0.024541;0.0015567;0.0065106;0.0024481;0.022678;0.021908;0.00016779;0.012133;0.01755;2.0538E-05;2.4346E-05;4.4533E-05;0.019151;0.00015022;0.003181;0.0081858;0.018889;0.021908;6.7696E-05;0.0009524;0.0019448;0.0063495;0.0095789;0.00082636;0.022506;0.0031254;0.024416;0.0010938;9.0731E-06;0.018786;0.024468;0.0054647;0.0055447;0.00017765;0.024635;0.0080328;0.00035689;0.024684;0.024162;0.011924;0.0034592;0.00036768;0.0017724;0.020875;0.024672;0.0009197;0.0014327;0.015234;0.0056364;0.012496;0.0035374;0.020923;0.00026318;0.017464;0.024675;0.02441;0.00088766;1.9205E-05;0.0033742;0.020099;0.02463;0.0075434;0.023668;8.5025E-05;0.0051529;0.0013671;0.0061767;0.024658;0.024673;0.00074858;0.023723;0.023658;0.00041996;3.0544E-05;0.0055628;2.4655E-05;0.0063605;0.023379;3.9801E-05;0.014664;0.00043193;0.016235;0.014811;0.0066671;0.0012628;0.020989;0.017999;0.023655
21;1.3185;0.16143;2;0.85;0.5;50;50;Euclidean(Minimum);0.0083429;0.024483;0.0010937;0.012398;0.00040095;0.016727;0.00231;0.0016512;0.015444;0.025086;0.0079675;0.020586;0.014978;0.0093432;0.0042284;0.0022763;0.0015933;0.0063949;0.0023479;0.022628;0.00059506;0.012719;0.025296;0.0029466;0.0015786;0.001029;0.014494;0.017579;0.024371;0.0014473;0.00060338;0.0010564;0.02399;0.00014039;0.00084863;0.00019646;0.0023685;0.0041423;0.021953;0.026485;0.013022;0.0028394;0.0025068;0.024235;0.010542;0.026447;0.026526;0.001051;0.002411;0.00033992;0.00059594;0.00084567;0.0007641;0.0027279;0.00078369;0.00043789;0.00019347;0.0078785;0.015305;0.0029452;0.016666;0.024927;0.019729;0.00058359;0.024304;0.025611;0.0014892;0.0058303;0.026036;0.020131;0.025589;0.025898;0.00072184;0.0028238;0.001004;0.0052986;0.027263;0.020823;0.023878;0.0038379;0.0014462;0.024407;0.018667;0.0037094;0.00126;0.0009269;0.02714;0.0043508;0.026913;0.0019033;0.00031907;0.02714;0.027153;0.0022058;0.0025818;0.00091591
22;1.6751;298.74;2;0.85;0.5;50;50;Euclidean(Summation);0.00045395;0.01213;0.0027771;0.041905;0.00018509;0.042847;0.025639;0.036954;0.040869;0.0031419;0.039555;6.5129E-05;0.0037636;1.7476E-05;0.0029753;0.0055405;0.0098243;0.0016122;0.0025914;0.0075265;0.0030726;0.008851;0.0029702;0.0029736;0.042195;0.00068237;0.0053386;0.00081602;0.0023878;0.0071255;0.00058905;0.00033062;0.00016759;0.0037946;0.0058525;0.00030798;0.0013733;0.041021;0.0095239;0.0033603;0.0028879;0.010429;0.016931;0.0037715;2.2614E-05;0.0024875;0.0026042;0.0050983;0.0042527;0.0012242;0.0060886;0.043684;0.0014867;0.010619;0.0011562;0.016719;0.001563;0.0021163;0.0012436;0.027615;0.03226;0.023058;0.0023861;0.043842;0.00019638;0.0055139;0.033775;0.00082402;0.00029078;0.034448;0.0077912;0.0022193;0.00085078;0.0097179;0.0008999;0.043785;0.0044904;0.00021588;0.0030648;0.0016398;0.0046801;0.0026737;0.0037088;0.0042052;0.0016458;0.035836;0.010716;0.0077032;0.040683;0.00056692;0.00077541;0.0050065;0.00044004;0.042673;0.0017043;0.00060825
23;1.7283;0.25162;2;0.85;0.5;50;50;Euclidean(Median);2.3397E-05;0.0037301;0.0080046;0.0048838;0.0030667;0.0059157;0.043362;0.00081245;0.0025227;0.0019798;0.0012865;0.0030284;0.0043326;0.0077493;0.0050625;0.0047259;0.029876;0.024588;0.00077836;0.037178;0.0030913;0.00064406;0.0030185;0.009275;0.006878;0.043287;0.0084382;0.004054;0.00025434;0.00086987;0.0009163;0.043244;0.00011665;0.042501;0.00109;5.114E-06;0.003316;0.0019856;0.043366;0.00010219;0.0023652;0.0019678;0.0016213;0.0019256;0.0003347;0.0025194;0.038988;0.00055398;3.0745E-06;9.3541E-05;0.010417;0.00069919;0.043187;0.011951;0.0027766;0.011765;0.00077837;0.039435;0.0067103;0.0063754;0.00028774;0.042711;0.021388;0.00012879;0.0017035;0.041417;0.0035858;0.00014632;0.0032246;0.0024531;0.0033396;0.0026627;0.00069568;0.020198;0.0032933;0.020057;0.0009343;0.039037;0.014499;0.00086063;0.003631;0.001317;0.00036838;0.043284;0.043296;0.0021922;0.04212;0.0035203;0.0020443;0.034701;0.00047143;0.0024737;0.0006208;0.0004346;0.00091764;0.0021551
24;1.7514;0.25461;2;0.85;0.5;50;50;Euclidean(GeometricAverage);0.00020784;0.047117;0.00059462;0.0028125;0.0058666;0.045321;0.0019857;0.00094414;0.00075203;0.00088607;0.043638;0.0011042;0.033726;0.0072316;0.0047725;0.042035;0.0015146;0.040012;0.0098877;0.00026456;0.00042341;0.0007127;0.02287;0.00057371;0.00079814;0.0016815;0.00063166;0.033741;0.00070135;0.0035697;0.0056655;0.0016491;0.0025052;0.00092481;0.0028862;0.001023;0.0019642;0.0031419;0.0066747;0.047235;0.00056911;0.0016085;0.0030282;0.00144;0.0014127;0.0015879;0.034932;0.0054027;0.0018548;0.008788;0.0007681;0.0024618;0.04641;0.00041992;0.0058288;6.1201E-05;0.0050587;0.0029889;0.00010242;0.002471;0.0081075;0.0046802;0.0023561;0.0019045;0.0010627;0.0053443;0.044215;0.0027937;0.045334;0.030678;0.0027788;0.0013776;0.045825;0.00066799;0.0096022;0.0070501;0.0071477;0.0019417;0.0076773;0.0048211;0.0067208;0.0033717;0.001961;0.0074755;0.025863;0.0030962;0.02769;0.041962;0.0005111;4.9311E-05;0.00048329;0.0013913;7.8363E-05;0.00096305;0.044372;0.041405
25;1.7577;0.25591;2;0.85;0.5;50;50;Euclidean(Median);0.00016071;0.0012717;0.0014096;0.0038873;0.0045861;1.151E-05;0.0016116;0.0010747;0.0010595;0.042958;0.0060465;0.033211;0.044656;0.00024139;0.00034381;0.037814;0.04419;0.0007957;0.0035269;0.00084122;0.034031;0.036983;0.00028818;0.035778;0.00019257;0.0021291;0.0044865;0.0013005;0.0075965;0.035591;0.010578;0.002614;0.0098197;0.00045265;0.00045741;0.0012053;0.0058605;0.00025616;0.0019945;0.034236;0.03831;5.6953E-05;0.0010872;0.0056224;0.0020203;7.4163E-05;0.0001614;0.0010051;0.00071717;6.7852E-05;0.00020926;0.041428;0.0093736;0.0019341;0.0040406;0.033309;0.0080974;0.022606;0.039327;0.002141;0.0017353;0.0052103;0.0014707;0.0020499;0.0047978;0.042947;0.0024902;0.0012324;0.00029287;4.9571E-05;0.003359;0.04027;0.0014503;0.0053655;0.012;0.0041306;0.0006414;0.036017;0.0033954;0.000127;0.0040064;0.0008462;0.0038961;0.044774;3.6039E-05;0.00097671;0.0016931;0.042272;0.044751;0.0030997;0.0071534;0.0015075;0.0023025;5.9119E-06;0.0039097;0.0026001
26;1.7588;0.25568;2;0.85;0.5;50;50;Euclidean(GeometricAverage);0.008234;0.0029402;0.00043281;0.012127;0.034806;0.00086116;0.0078999;0.0009023;0.0035584;0.00064598;0.0044956;0.0044819;0.0035229;0.044039;0.045098;0.0080765;0.0051146;0.012127;0.00015945;0.0011704;0.042449;0.0015636;0.00041962;0.00090341;0.0088798;0.012607;0.0017591;0.011201;0.0022829;0.050707;0.0012115;0.0065207;0.0054421;0.0049713;0.0023071;0.00097871;0.002966;0.00069031;0.0035011;0.0011265;0.010844;0.0095651;0.0083654;0.001004;0.00083513;0.045771;0.0044289;0.0077604;0.0022184;0.0024215;0.0061649;0.0022921;0.0063421;0.00015541;0.0059453;0.00028602;0.0024894;0.0048913;0.0060887;0.048633;0.036921;0.001294;0.0029733;0.0031909;0.0005686;0.00028316;0.001776;0.0066598;0.0029456;0.050017;0.048371;0.050802;0.0010952;0.007557;0.001392;0.005509;0.0012553;0.0039694;0.0007357;0.00030424;0.0020459;0.0011034;0.0025085;0.050079;0.0003816;0.0067683;0.0060113;0.0492;0.0047079;0.0053235;0.0027134;0.037639;0.0029188;0.00039709;0.016281;0.044619
27;1.7727;316.15;2;0.85;0.5;50;50;Euclidean(Summation);0.0045119;0.039095;0.0085179;0.00028289;0.039747;0.00652;0.0020189;0.0023394;0.0039547;0.010284;0.002624;0.0065691;0.0026355;0.0012086;0.00023437;0.0046662;0.001563;0.04814;0.0016813;0.0019819;0.00018557;0.0022715;0.0012621;0.00069567;0.0027093;0.0046445;0.00084922;0.0082238;0.040763;0.0050947;0.0023925;0.011907;0.00022337;0.0094583;0.00051017;0.0049028;0.0010224;0.00097562;0.046148;0.047129;0.0011863;8.8736E-05;0.0012021;0.00039249;0.02419;0.028111;0.0033843;0.0040888;0.0033062;0.036816;0.041884;0.00094423;0.0035088;0.04312;0.0091977;0.00060044;0.00017299;4.4328E-05;0.0017056;0.044823;0.0093595;0.0062569;0.0016464;0.0051141;0.0029579;0.016951;0.0015832;0.00074914;0.0031641;0.0013988;0.046796;0.00044014;0.044126;0.0012901;0.0017986;0.041925;0.0072861;0.047975;0.002838;0.00070271;0.0071687;0.00088386;4.5001E-05;0.003658;0.0026794;0.0068915;0.0012054;0.0040756;0.039441;0.0054521;0.0027836;0.045322;0.0021802;0.0037528;0.0011412;0.00025041
28;1.7796;0.25871;2;0.85;0.5;50;50;Euclidean(GeometricAverage);0.0061579;0.0026294;4.1778E-05;0.050239;0.00023364;0.0030719;0.0010598;0.0018502;0.025774;0.0027848;0.0073394;0.0010346;0.015278;0.0001846;0.0069523;0.0068337;0.0011759;0.0004514;0.051858;0.0074628;7.8044E-05;0.049489;0.051693;0.00096798;0.0031929;0.00097845;0.010606;0.0078235;0.0024129;0.0021842;0.00084591;0.0011559;0.0066103;0.0015797;0.0041379;0.01303;0.00096219;0.0035679;0.049381;0.0015814;0.00065634;0.050699;0.011455;0.049979;0.0039809;0.0010096;4.5619E-05;0.0044089;0.0034997;0.049385;0.0023515;0.015814;0.00040124;0.0054805;0.0019472;0.002304;0.0031101;0.0503;0.00092638;0.0043067;0.00093547;0.012458;0.006042;0.0022698;0.0035774;0.004563;0.00025436;0.003591;0.0023585;0.0099156;0.00079053;0.0050623;0.018497;0.034542;0.04712;0.0020567;0.0043722;0.020872;0.01337;0.0012826;0.0019658;0.0076097;0.00154;0.0027124;0.006268;0.043416;0.0062592;0.0061176;5.6615E-05;0.0014262;0.001478;0.0030041;0.048959;0.0052594;0.0019122;0.0013331
29;1.7811;0.2593;2;0.85;0.5;50;50;Euclidean(Average);0.00045728;0.045901;0.037822;0.0012842;0.00031352;0.044659;0.0056919;0.0037238;0.0027644;0.00055988;0.0049726;0.0025612;0.00075428;0.010025;0.0030818;0.045809;0.036935;0.00073691;0.046062;0.00067882;0.0032369;0.002871;0.001453;0.030306;0.0029074;0.00085978;0.0050163;0.045038;0.00078488;0.00089738;0.0040682;0.00010011;0.0014109;0.00036041;0.0056469;0.0094342;0.0043628;0.0021738;0.0010468;0.0053603;0.0022175;0.014617;0.0014681;0.0055422;0.00077201;0.0021744;0.0048204;0.037749;0.045141;0.0025249;0.00043872;0.0028576;0.0006734;0.01064;0.00025971;0.0024471;0.0002268;0.0061925;0.0020601;0.042439;0.024472;0.0017432;0.0016387;0.0063577;0.01454;0.0011961;0.0027266;0.00010039;0.00078519;0.041017;0.0043889;0.045901;0.0025755;0.0039562;0.00082534;0.0014345;0.044795;0.044099;3.845E-05;0.00088493;0.0035152;0.0054542;0.0053667;0.00034142;0.023699;0.0024723;0.0041701;0.0052594;0.00072115;0.042335;0.00013794;0.0015258;0.002715;0.00058583;0.0047938;0.046042
30;1.7933;319.82;2;0.85;0.5;50;50;Euclidean(Summation);0.00091332;0.00087422;0.037547;0.041486;0.0022861;0.0058437;0.031615;0.0028067;0.0020129;0.0033598;0.0040667;0.0011081;0.0025944;0.0011123;0.010051;0.0030724;0.0052047;0.0088876;0.0011272;0.0044211;0.00050736;0.0016715;0.0046617;0.046893;0.0036947;0.0020084;0.024061;0.0030558;0.00051342;0.002033;0.00074639;0.0021667;0.0058847;2.3194E-05;0.00055291;0.00059334;0.00067879;0.040355;0.00046315;0.0031475;0.002389;0.0021955;0.0059437;0.033091;0.00076688;0.0003337;0.0016482;0.0014773;0.0048805;0.003254;0.005379;0.049294;0.043313;0.04756;0.047774;0.048722;0.042918;0.00033814;0.00080026;0.0013737;5.9818E-07;0.0010109;0.0014892;0.0048982;6.7458E-05;0.0013894;8.9247E-05;0.00061503;0.0022912;0.00014738;0.0092487;0.0070455;0.00047643;0.003147;1.7419E-05;0.0045533;0.0060865;0.041533;0.0035652;0.044125;1.4778E-05;0.022188;0.0048964;0.016049;0.0071929;0.034988;0.0049396;0.046327;0.0045123;0.0011051;0.0015958;0.049045;0.0031659;0.00057317;0.01268;0.0013755
31;1.8113;0.2637;2;0.85;0.5;50;50;Euclidean(Median);0.0050699;5.4621E-05;0.00049884;9.2349E-05;0.00098525;0.024128;0.00042438;0.0051025;0.0016458;0.0003464;0.048927;0.0010073;0.047382;0.008061;0.0042858;0.0028393;0.0011512;0.0077806;0.041804;0.0043689;0.0033961;0.0005224;0.0088857;0.0052898;0.00026708;0.017537;0.0046188;0.00031345;0.00069033;0.049055;0.0008154;0.0036065;0.0061609;0.00062786;0.0032675;0.0029637;0.0019277;0.052536;0.036533;0.0016966;0.01609;0.0033729;3.8704E-06;0.0005328;0.0002304;0.0044711;0.0052544;0.0023075;0.0030368;0.0022707;0.0018324;0.0046619;0.048607;0.0063055;0.0019565;0.0080256;0.0052025;0.0045474;0.052868;0.052449;0.0044458;0.0080408;0.0061492;4.165E-05;0.011966;0.00093658;0.0042189;0.0050951;3.0008E-05;0.0075221;0.0020887;0.0028118;0.0038605;0.00034785;0.052056;0.0018175;0.00067852;0.0067583;0.050873;0.0030808;0.00077449;0.043441;0.0070301;0.003133;0.0046361;0.00087429;0.052568;0.011238;0.0043275;0.001104;0.010601;0.0072216;0.034279;0.0007927;0.010463;0.0040061
32;1.8249;0.26568;2;0.85;0.5;50;50;Euclidean(Average);0.00082235;0.0041171;0.0022711;5.6495E-06;0.0011936;0.0015636;1.04E-05;0.015503;0.01495;0.0065591;7.7531E-05;0.00084762;0.052777;0.0087118;0.0022647;0.00036656;0.0032028;0.00091395;0.0049387;0.0054609;0.0044088;0.047156;0.0020436;0.0032553;0.042842;0.026167;0.00099126;0.002311;0.0011871;0.0011088;0.0024005;0.0011699;0.012102;0.0096593;0.0041054;0.0055345;0.0026885;0.034371;0.001462;0.0060604;0.0073528;0.053005;0.0033235;0.00059825;0.0075016;0.00019965;0.00033871;0.0070456;0.0056967;0.00042098;0.0095792;0.052136;0.0012028;0.00078141;0.00029533;0.053042;0.0035811;0.05054;2.3103E-05;0.0013009;0.0032132;0.0014496;0.052527;0.00081761;0.0015647;0.013788;0.0093224;0.0016092;0.052602;0.01034;4.8789E-05;0.0031354;0.0037717;0.014704;0.0088057;0.00080381;0.017705;0.0060892;0.0019781;0.047284;0.00028671;0.0024354;0.0081927;0.05259;0.0022743;0.0012194;0.0033303;0.0019335;0.0015502;0.050338;0.0043792;0.0031267;0.0010548;0.0051878;0.0083689;0.0066247
33;1.8271;0.266;2;0.85;0.5;50;50;Euclidean(Average);0.0057722;0.0030617;0.0056279;0.048203;0.022755;0.036758;0.0041457;0.00054823;0.0040234;0.00078205;0.0038707;0.00044062;0.00026515;0.0009912;0.0029059;0.00013206;0.0001081;0.044076;0.00054576;0.0053626;0.048321;0.042117;0.034916;0.0019282;0.046856;0.0014757;0.0011094;0.0053143;0.006237;0.046303;0.012742;0.0011737;0.0022653;0.00063256;0.0023343;0.01262;0.047401;0.00028824;0.00070663;0.015313;0.0052718;0.0023573;0.00025469;0.0051643;0.002229;0.00070136;0.00033858;0.0072121;0.0018472;0.0013995;0.0015687;0.005586;0.042751;0.0041659;0.0006015;0.00065936;0.0020241;0.0004628;0.00057151;0.0016839;0.0041406;0.0029624;0.001301;7.5231E-05;0.037835;0.00011232;0.0021989;0.0013279;0.046903;0.0042028;0.046682;0.0032675;0.0038185;0.00039456;0.00019475;0.0010079;0.0028545;0.0063273;0.00029512;0.0065907;0.002545;0.0021563;0.00030075;0.00060872;0.00036138;0.044491;0.0013476;0.0041113;0.01714;0.00086164;0.0037567;0.048036;0.039176;0.00048094;0.047717;0.0071399
34;2.1126;0.037657;2;0.85;0.5;50;50;Euclidean(MinimumTimesMedian);0.0071841;0.028602;0.029725;0.0022521;0.024036;0.027591;0.00017419;0.0030197;0.0027764;0.0021743;0.014562;0.0024514;0.030358;0.00096244;0.0010698;0.0012203;0.0002944;0.00016365;0.00046731;0.025542;9.7921E-05;0.021398;0.0019906;0.0013382;0.00099646;8.5828E-05;0.00011027;0.022188;0.0025658;0.00201;0.00034471;0.00099989;0.021484;0.0013652;0.00034249;0.0083931;0.0029357;0.03005;0.030482;0.029239;4.3063E-05;0.0034342;7.2094E-05;0.00047967;0.00067995;0.030246;0.024183;0.0006407;0.025791;0.00027293;0.0006957;0.0023655;0.022928;0.0061995;0.029467;0.00067596;0.026805;0.030035;0.001633;0.028914;0.00080955;0.00091745;0.00056787;0.0005913;0.00062468;0.027953;0.00080225;0.025627;0.02982;0.027728;0.030334;0.0079916;0.01826;0.028204;8.989E-05;0.00056353;0.030671;0.0004202;0.00010679;0.0014106;0.0006931;0.028589;0.0022087;0.0011934;0.00020169;0.0054458;0.0043703;0.00023294;0.00066057;0.0049602;0.029666;0.017826;0.02832;0.013643;0.0095078;0.00038173
35;2.1175;0.037745;2;0.85;0.5;50;50;Euclidean(MinimumTimesMedian);0.034962;0.0060868;0.00060173;0.0072588;0.0081735;0.0019874;0.00054644;0.0060825;0.034729;0.00061218;0.031061;0.034963;0.031587;0.0043686;0.031745;0.034977;0.00029376;7.0393E-05;0.024712;1.3419E-06;0.0031865;0.011156;0.0064932;0.0024452;0.0010022;0.030434;2.7326E-05;0.00075657;0.0022266;0.0042268;0.018995;0.034655;0.0018944;0.0020289;0.00057618;0.0020634;0.0012617;0.034069;0.029124;2.4549E-05;0.0026544;0.00042997;0.001493;0.0056504;0.012502;0.0037896;0.0096291;0.032923;0.034542;0.010915;0.0025889;0.011785;0.00055189;0.00024828;0.00024924;0.0010794;0.00046373;3.8096E-05;2.1963E-06;0.00048566;0.00041153;2.8342E-05;0.00061664;0.034947;0.0047694;0.023073;9.6017E-06;0.00038415;0.00020159;0.034668;0.010431;0.0016215;6.3401E-05;0.032919;0.013137;8.9885E-07;0.027027;0.01643;4.4089E-05;0.00040272;0.032241;0.011949;0.0010091;0.018307;0.005475;0.028922;7.8981E-05;0.026157;0.00069092;0.0029842;1.8866E-05;0.026661;0.00030052;9.8477E-05;0.00028765;0.030146
36;2.2084;0.039365;2;0.85;0.5;50;50;Euclidean(MinimumTimesMedian);0.011639;0.031711;0.0020263;0.03165;0.032983;9.253E-05;0.0021608;0.00070166;0.0086776;0.00089021;0.013679;0.001055;0.004308;0.00585;0.027488;0.00069032;0.00062487;0.029141;0.00022296;0.00058178;0.00036864;0.025345;0.02409;0.03095;0.0023367;0.002396;0.032896;0.00015698;0.030013;0.0039687;0.032586;0.00049725;0.028633;0.0088479;0.0033506;0.00047199;0.00021964;0.0010437;0.03202;0.0020925;0.0031074;0.023722;0.00079064;0.0073454;9.6247E-06;0.0030713;0.026563;0.00061545;0.00036622;0.00063369;0.0028169;0.0015455;0.0011417;0.031302;0.028724;0.0024897;0.0066281;0.0023322;0.0063652;0.0018925;0.0045728;0.001746;0.0029588;0.031182;0.00046058;0.032285;0.00018257;0.0040963;0.00050872;0.002704;0.0012532;0.024488;0.0047688;0.00074148;0.0015985;0.033137;0.032151;0.00033591;0.00037307;0.029887;0.0020017;0.028061;0.00046664;0.033088;0.032788;0.00050413;0.0036283;0.0075595;0.0011544;0.028726;0.021656;0.0022451;0.00068883;0.00056265;0.0021424;0.0053768
population
1;5.623;0.16418;0.88875;0.35512;0.11233;0.95427;0.49565;0.25399;0.31319;0.10635;0.57477;0.058844;0.66391;0.50282;0.34322;0.030957;0.089612;0.19944;0.035373;0.37638;0.99951;0.55841;0.59442;0.10061;0.34759;0.58722;0.59684;0.69024;0.094343;0.54685;0.81521;0.86377;0.71015;0.80122;0.86969;0.71631;0.0092361;0.63274;0.12649;0.18123;0.090601;0.48798;0.75091;0.40993;0.042272;0.5021;0.81475;0.1597;0.14623;0.064782;0.38307;0.84196;0.0059809;0.44523;0.57973;0.49331;0.35561;0.13359;0.03643;0.96059;0.93092;0.4522;0.72201;0.82525;0.24591;0.12422;0.10872;0.36694;0.90183;0.81474;0.9544;0.88869;0.2417;0.86783;0.37727;0.53381;0.25199;0.43781;0.31521;0.36449;0.86147;0.553;0.44366;0.9223;0.22687;0.6541;0.21103;0.86602;0.099735;0.51066;0.612;0.84382;0.27104;0.61764;0.46713;0.75135
2;5.8945;0.28277;0.72971;0.67804;0.83627;0.73299;0.27741;0.41513;0.087179;0.071403;0.41039;0.85197;0.91847;0.41075;0.034144;0.39815;0.7294;0.27258;0.31534;0.31655;0.28685;0.60085;0.013119;0.18984;0.19183;0.27404;0.888;0.3476;0.54752;0.14428;0.95283;0.45624;0.47947;0.14136;0.18193;0.33198;0.08345;0.54008;0.39241;0.88901;0.37136;0.24794;0.15093;0.55603;0.52858;0.54703;0.98139;0.66005;0.10905;0.79867;0.49123;0.77547;0.31442;0.60136;0.94007;0.95506;0.29839;0.90717;0.41007;0.87947;0.3146;0.038391;0.23711;0.71336;0.084699;0.52493;0.063978;0.65657;0.16553;0.88795;0.38042;0.21154;0.11418;0.71504;0.038967;0.54733;0.22975;0.35191;0.22928;0.41313;0.2978;0.87951;0.081335;0.89009;0.82412;0.86184;0.70106;0.47378;0.79123;0.88739;0.83383;0.035977;0.36168;0.018018;0.43631;0.41904
3;5.2275;0.18397;0.25124;0.29168;0.074618;0.45749;0.43099;0.70796;0.15639;0.68038;0.50637;0.9037;0.32565;0.80646;0.18828;0.038134;0.06848;0.95049;0.64783;0.63931;0.70019;0.94095;0.93126;0.20497;0.2776;0.71434;0.97846;0.56476;0.070821;0.29712;0.23681;0.37885;0.68424;0.38317;0.05427;0.69391;0.38973;0.56662;0.25856;0.04239;0.90967;0.18688;0.72358;0.064024;0.45285;0.91908;0.11263;0.051733;0.78289;0.32224;0.33041;0.98987;0.74469;0.69743;0.12647;0.71227;0.086912;0.090923;0.43351;0.67521;0.8849;0.53612;0.55866;0.96623;0.84706;0.15692;0.069656;0.67118;0.22973;0.29976;0.29091;0.93866;0.71148;0.47938;0.017385;0.28468;0.56984;0.29861;0.22047;0.25279;0.11981;0.97953;0.28582;0.25462;0.66941;0.87878;0.9929;0.94431;0.72384;0.76394;0.64595;0.26611;0.14637;0.29361;0.57245;0.97092
4;6.2076;0.5003;0.54112;0.85172;0.92741;0.61414;0.85992;0.56778;0.34356;0.21169;0.097955;0.74976;0.62673;0.58323;0.86827;0.26363;0.43145;0.56561;0.98862;0.54373;0.34942;0.46903;0.56283;0.086022;0.40891;0.68815;0.16723;0.57518;0.24559;0.73542;0.47408;0.25037;0.16085;0.89068;0.24857;0.3164;0.43101;0.043275;0.19693;0.47575;0.84848;0.36691;0.15422;0.068808;0.4582;0.27059;0.31058;0.62861;0.85648;0.99642;0.90737;0.05136;0.083534;0.27095;0.75215;0.26481;0.13956;0.57172;0.70455;0.65827;0.1504;0.54076;0.69581;0.047;0.77989;0.50911;0.87251;0.02353;0.067657;0.50219;0.19963;0.84498;0.44676;0.8605;0.16123;0.094208;0.74593;0.92307;0.82215;0.28126;0.077203;0.14726;0.22618;0.019832;0.44962;0.68423;0.81982;0.89923;0.71021;0.87041;0.57134;0.25439;0.35224;0.48929;0.4414;0.50162
5;3.8947;0.14056;0.45682;0.1998;0.95746;0.12302;0.093534;0.75807;0.005045;0.83067;0.95943;0.69972;0.8232;0.70023;0.54743;0.29719;0.48446;0.029109;0.11438;0.14562;0.35596;0.7425;0.23378;0.087812;0.23394;0.50649;0.72809;0.17607;0.90527;0.081902;0.44044;0.13803;0.20193;0.78929;0.76623;0.54413;0.62591;0.13989;0.11214;0.8402;0.8956;0.069766;0.71878;0.33872;0.039734;0.54955;0.81537;0.13096;0.97726;0.068456;0.0017839;0.11174;0.0087771;0.53961;0.33628;0.23152;0.22483;0.23986;0.78465;0.74788;0.35054;0.43079;0.89018;0.70111;0.089176;0.47637;0.72758;0.84233;0.21348;0.87965;0.23898;0.54763;0.91274;0.62577;0.0050188;0.69513;0.075399;0.71176;0.53181;0.74012;0.71156;0.63359;0.51081;0.18299;0.33827;0.1702;0.050189;0.69565;0.94141;0.327;0.41497;0.14179;0.91291;0.38983;0.57991;0.79041
6;3.8145;0.46515;0.40717;0.95089;0.84292;0.90967;0.61478;0.44082;0.053606;0.38315;0.47594;0.82927;0.30527;0.18417;0.50865;0.81708;0.47549;0.66217;0.49251;0.79589;0.34591;0.83917;0.53281;0.47748;0.81973;0.37432;0.2669;0.32821;0.63969;0.15763;0.92491;0.4901;0.18342;0.1533;0.57886;0.94414;0.15539;0.99413;0.31934;0.35493;0.89013;0.24921;0.9767;0.60664;0.2475;0.92321;0.44988;0.54819;0.02429;0.24739;0.16296;0.70862;0.23779;0.49492;0.75481;0.68374;0.15355;0.63175;0.21382;0.76694;0.1877;0.4392;0.035377;0.30555;0.27546;0.91269;0.9471;0.64829;0.61707;0.81808;0.16206;0.204;0.88262;0.58211;0.982;0.92408;0.68444;0.50015;0.16454;0.058913;0.44216;0.10824;0.93315;0.43392;0.014128;0.95803;0.60531;0.60227;0.29235;0.23639;0.68092;0.96625;0.72439;0.82557;0.94192;0.85706
7;4.1886;0.34111;0.87376;0.78804;0.5494;0.0021881;0.75636;0.19618;0.081078;0.73173;0.25597;0.22495;0.057799;0.91951;0.0047354;0.94759;0.0022718;0.64944;0.68924;0.028669;0.84212;0.79176;0.13988;0.84977;0.056456;0.84983;0.95866;0.6657;0.062146;0.25671;0.54625;0.61161;0.24913;0.16167;0.64423;0.8001;0.20139;0.61003;0.7463;0.63395;0.47946;0.43107;0.82572;0.32129;0.77943;0.66983;0.96221;0.91721;0.96308;0.28818;0.96292;0.029875;0.76166;0.66559;0.98738;0.47618;0.21784;0.58649;0.030473;0.70188;0.20778;0.5554;0.42753;0.96067;0.6589;0.54633;0.21915;0.087618;0.39706;0.24525;0.44355;0.27423;0.90385;0.89772;0.4211;0.96889;0.27664;0.85813;0.90621;0.087673;0.42038;0.083071;0.16242;0.86075;0.35118;0.65043;0.68862;0.61822;0.16126;0.30233;0.46913;0.122;0.72723;0.48291;0.229;0.72573
8;1.7345;0.90505;0.48102;0.69836;0.75723;0.94016;0.25243;0.67539;0.0074137;0.72229;0.049832;0.72137;0.94808;0.039322;0.39349;0.40251;0.27725;0.33202;0.25647;0.28875;0.56361;0.71388;0.42669;0.11396;0.2817;0.94295;0.50204;0.76132;0.34961;0.19238;0.35088;0.10039;0.13235;0.20377;0.99458;0.1131;0.17785;0.76261;0.57452;0.019207;0.37811;0.1728;0.28218;0.13886;0.40685;0.1554;0.22823;0.52236;0.76976;0.68447;0.013552;0.98501;0.2092;0.099242;0.342;0.86149;0.7979;0.79976;0.62787;0.9227;0.80841;0.59042;0.241;0.44446;0.86602;0.37239;0.37729;0.44797;0.19004;0.85017;0.36661;0.33542;0.78825;0.63383;0.73795;0.41901;0.45849;0.6286;0.88715;0.73773;0.44166;0.59266;0.98094;0.91739;0.6741;0.1075;0.346;0.52987;0.012077;0.37659;0.11911;0.97753;0.93509;0.019431;0.31658;0.21398
9;2.1983;0.5423;0.021485;0.7741;0.71793;0.75794;0.67222;0.04853;0.26047;0.6282;0.55004;0.50624;0.33914;0.7118;0.69396;0.75291;0.98475;0.71825;0.87912;0.16194;0.24992;0.90559;0.8248;0.63585;0.91352;0.74689;0.093958;0.0080122;0.52131;0.69179;0.91245;0.77557;0.16709;0.84918;0.30993;0.28115;0.99115;0.065441;0.0076926;0.14091;0.25773;0.13224;0.93646;0.91465;0.4416;0.67448;0.33451;0.014711;0.25355;0.44339;0.12487;0.89092;0.60259;0.98628;0.17461;0.8885;0.72988;0.86884;0.41255;0.71275;0.2811;0.97827;0.86019;0.22224;0.74606;0.86968;0.34188;0.14019;0.020345;0.50345;0.23762;0.70455;0.34801;0.78464;0.5485;0.83202;0.45889;0.96402;0.19719;0.95543;0.26558;0.37092;0.70471;0.98853;0.30786;0.64202;0.76305;0.51556;0.0016638;0.73276;0.9546;0.59326;0.37318;0.40474;0.72474;0.759
10;2.3564;0.38692;0.28206;0.71299;0.9295;0.19822;0.23577;0.69516;0.18075;0.93168;0.31356;0.53227;0.94104;0.8622;0.71943;0.03023;0.49736;0.60345;0.0037346;0.73207;0.097111;0.50154;0.97788;0.61395;0.92317;0.0094666;0.22588;0.87638;0.51776;0.47962;0.062096;0.45846;0.19141;0.85183;0.67722;0.28322;0.21134;0.11754;0.6038;0.13318;0.8288;0.96974;0.15017;0.68738;0.5065;0.29055;0.88225;0.25478;0.78339;0.045905;0.24017;0.6848;0.8836;0.77856;0.64917;0.41944;0.71598;0.37194;0.78081;0.78297;0.44561;0.33501;0.1388;0.17015;0.34485;0.16554;0.55073;0.84634;0.96736;0.76379;0.13838;0.75748;0.60065;0.56477;0.45525;0.98493;0.71852;0.60938;0.56456;0.53687;0.57812;0.11981;0.27357;0.25491;0.34873;0.41608;0.18075;0.83903;0.073846;0.041613;0.2219;0.82835;0.78488;0.52292;0.95335;0.94212
11;3.5629;0.96812;0.98679;0.35586;0.9194;0.38478;0.29425;0.71306;0.97056;0.51658;0.99157;0.14575;0.016058;0.024312;0.13688;0.13088;0.2971;0.051518;0.17003;0.2142;0.30808;0.58085;0.37044;0.6063;0.27408;0.78356;0.49095;0.89209;0.72355;0.41531;0.55767;0.89837;0.19812;0.36926;0.93057;0.35566;0.058009;0.74378;0.61659;0.40236;0.5726;0.66165;0.38237;0.039985;0.22194;0.96788;0.59384;0.55402;0.2965;0.078412;0.42619;0.28567;0.015238;0.98545;0.34935;0.88375;0.22755;0.68444;0.71492;0.20231;0.65147;0.040192;0.10788;0.026535;0.11776;0.61883;0.52923;0.619;0.92788;0.37741;0.44641;0.03526;0.95176;0.81802;0.16862;0.34146;0.65659;0.57515;0.47873;0.9112;0.030605;0.044094;0.90562;0.64353;0.46675;0.29206;0.72092;0.21218;0.58096;0.71245;0.068873;0.53309;0.90828;0.32052;0.20606;0.83303
12;0.8632;0.46425;0.41767;0.65005;0.23116;0.72198;0.69299;0.22848;0.67732;0.26743;0.77013;0.15519;0.27724;0.59402;0.99999;0.096565;0.95607;0.51183;0.77398;0.038078;0.9557;0.17626;0.027324;0.67319;0.014792;0.18937;0.70431;0.8202;0.17304;0.83158;0.52593;0.36477;0.27936;0.51761;0.85257;0.49259;0.84509;0.21775;0.14429;0.045296;0.12197;0.15754;0.96022;0.83226;0.63129;0.16135;0.63165;0.58945;0.61145;0.58515;0.79295;0.2365;0.55443;0.97406;0.8144;0.12169;0.81648;0.13846;0.58996;0.53864;0.42989;0.26103;0.074847;0.29546;0.67609;0.91381;0.69785;0.26466;0.60325;0.67254;0.070685;0.21396;0.23687;0.67571;0.53938;0.35765;0.58849;0.55689;0.22538;0.15887;0.75288;0.49534;0.61867;0.13284;0.42907;0.87869;0.35877;0.93642;0.6232;0.83689;0.8861;0.13427;0.31615;0.14347;0.16151;0.61455
13;3.9232;0.031777;0.70177;0.9496;0.64249;0.63645;0.014787;0.1247;0.78908;0.34347;0.029187;0.57257;0.66302;0.43549;0.73741;0.6852;0.73277;0.53244;0.80467;0.89932;0.0044467;0.89534;0.16976;0.86227;0.6439;0.59131;0.40892;0.13129;0.90741;0.32269;0.69218;0.10265;0.15811;0.48711;0.50475;0.13277;0.62932;0.98183;0.98915;0.30204;0.80054;0.079238;0.54819;0.06067;0.70316;0.028135;0.66079;0.84622;0.34746;0.16894;0.71504;0.27716;0.24566;0.26692;0.95173;0.59988;0.85822;0.33657;0.22794;0.8422;0.77511;0.74707;0.043445;0.31094;0.60244;0.87635;0.15905;0.24443;0.67063;0.25528;0.78516;0.048679;0.56798;0.93775;0.77206;0.19286;0.066429;0.362;0.6278;0.21732;0.78655;0.71433;0.55217;0.51611;0.64554;0.57324;0.89127;0.60494;0.419;0.58672;0.77344;0.088955;0.81921;0.94047;0.42568;0.02866
14;2.257;0.30985;0.13065;0.79562;0.0063528;0.21064;0.037989;0.98754;0.055521;0.16534;0.39746;0.69731;0.5008;0.36744;0.38229;0.19266;0.88573;0.057678;0.98542;0.25676;0.7233;0.0034822;0.29088;0.98698;0.10632;0.45951;0.53798;0.43387;0.017628;0.42161;0.3929;0.96206;0.52158;0.17063;0.86926;0.20873;0.38039;0.19437;0.3188;0.79437;0.44221;0.89169;0.54214;0.68355;0.83451;0.55699;0.061643;0.80914;0.16705;0.38553;0.27878;0.33817;0.70827;0.015889;0.81125;0.081082;0.87884;0.1006;0.19502;0.69503;0.54892;0.10233;0.10234;0.85647;0.76957;0.64956;0.18086;0.48198;0.4556;0.71922;0.93488;0.8466;0.26288;0.231;0.2777;0.35158;0.094464;0.34089;0.43635;0.36699;0.98223;0.17649;0.39149;0.14684;0.34746;0.47116;0.73519;0.80634;0.0045664;0.092915;0.5207;0.55733;0.32109;0.86709;0.59057;0.592
15;4.0757;0.35178;0.89658;0.056875;0.032674;0.74635;0.2223;6.8104E-05;0.41282;0.94098;0.97519;0.60217;0.61493;0.2409;0.9692;0.60931;0.016216;0.86403;0.62525;0.85577;0.71339;0.59998;0.19344;0.27355;0.64926;0.8315;0.36296;0.57152;0.18007;0.60227;0.39714;0.75814;0.57968;0.7938;0.60344;0.1185;0.59435;0.081385;0.82853;0.86251;0.77699;0.77947;0.9358;0.17735;0.43932;0.70377;0.96447;0.12215;0.91254;0.69641;0.014696;0.30846;0.63522;0.60719;0.77462;0.73868;0.72894;0.82578;0.068911;0.99317;0.33561;0.83775;0.99985;0.64385;0.92506;0.83506;0.78603;0.48578;0.078876;0.20959;0.64373;0.030326;0.065027;0.59309;0.48592;0.6718;0.03554;0.67551;0.7676;0.86025;0.58441;0.62538;0.95256;0.36089;0.56149;0.61612;0.86713;0.59884;0.12521;0.21609;0.62887;0.72234;0.18021;0.70236;0.43719;0.74016
16;1.813;0.035412;0.1002;0.7711;0.74597;0.0071617;0.52392;0.18202;0.60719;0.06356;0.80553;0.61276;0.50479;0.28758;0.5755;0.48412;0.5681;0.066144;0.43037;0.36589;0.071197;0.38488;0.27379;0.4118;0.046594;0.77691;0.82275;0.1096;0.99128;0.60017;0.74934;0.94552;0.66003;0.036721;0.46921;0.24524;0.74877;0.2467;0.87097;0.75869;0.40177;0.63408;0.68031;0.42869;0.48607;0.44069;0.31462;0.8949;0.20015;0.59605;0.32457;0.91603;0.59168;0.44879;0.71734;0.68992;0.98136;0.27426;0.55685;0.6851;0.63591;0.65808;0.040643;0.018184;0.31942;0.66731;0.038558;0.46711;0.40533;0.39104;0.076074;0.6453;0.89946;0.30275;0.73259;0.83413;0.63158;0.28985;0.64735;0.63478;0.016116;0.13447;0.89113;0.52314;0.70127;0.60857;0.52843;0.040672;0.29067;0.4776;0.066735;0.83592;0.073271;0.51767;0.24382;0.057517
17;0.99085;0.93255;0.25179;0.76266;0.21287;0.80354;0.61601;0.6157;0.21487;0.47003;0.7446;0.1085;0.34523;0.63387;0.38512;0.98416;0.81575;0.3374;0.26166;0.14654;0.76394;0.12623;0.38198;0.81678;0.92102;0.90574;0.40345;0.6051;0.83974;0.0091741;0.17038;0.89353;0.97302;0.087815;0.81776;0.71219;0.37993;0.21997;0.72476;0.71544;0.43402;0.039276;0.79728;0.20961;0.067093;0.55971;0.897;0.35056;0.10779;0.78714;0.18822;0.9727;0.024785;0.56563;0.84089;0.24629;0.63832;0.36857;0.52151;0.0073186;0.81096;0.82648;0.95461;0.485;0.48337;0.60282;0.31704;0.43284;0.77413;0.77433;0.6604;0.91451;0.7886;0.52436;0.42826;0.93436;0.046293;0.31551;0.26867;0.48799;0.04026;0.71206;0.66029;0.65234;0.063743;0.47067;0.39469;0.91372;0.87901;0.72675;0.72628;0.59578;0.63448;0.98508;0.94059;0.5494
18;2.2596;0.28506;0.96601;0.064835;0.1214;0.033077;0.94136;0.38923;0.085246;0.97956;0.19739;0.1067;0.48389;0.34256;0.87901;0.9771;0.043714;0.11894;0.33126;0.21921;0.79509;0.728;0.85956;0.66131;0.26316;0.86308;0.56711;0.62287;0.5735;0.24593;0.74462;0.82812;0.93042;0.25767;0.17342;0.041669;0.34706;0.82894;0.53005;0.55699;0.52374;0.71066;0.70869;0.65286;0.64963;0.81762;0.75892;0.36584;0.67735;0.089829;0.17312;0.84328;0.89247;0.62547;0.34935;0.19081;0.20437;0.87533;0.30911;0.19127;0.80169;0.27783;0.52954;0.79852;0.53052;0.70336;0.0072607;0.26552;0.85569;0.88229;0.33882;0.59363;0.48638;0.020036;0.47996;0.7571;0.66553;0.61422;0.42633;0.88428;0.62928;0.33164;0.89784;0.4376;0.62701;0.68246;0.95124;0.34245;0.79885;0.47206;0.95429;0.58769;0.0010835;0.3944;0.98068;0.13475
19;2.2722;0.17569;0.098994;0.72975;0.30699;0.57142;0.86279;0.017736;0.44404;0.28351;0.45748;0.52871;0.62779;0.30077;0.63592;0.9753;0.37925;0.35079;0.3702;0.58476;0.18405;0.30052;0.82425;0.29966;0.16781;0.31411;0.72746;0.081566;0.18877;0.27191;0.20625;0.74906;0.94804;0.60824;0.21677;0.28766;0.33212;0.67992;0.36522;0.37711;0.42152;0.20925;0.1747;0.010014;0.15875;0.25224;0.87227;0.64174;0.8214;0.92695;0.53174;0.91392;0.047045;0.17695;0.22689;0.17034;0.95266;0.075709;0.93885;0.35054;0.99833;0.04063;0.2241;0.26688;0.752;0.055525;0.23155;0.13971;0.69857;0.58776;0.6848;0.99738;0.38321;0.73904;0.61913;0.10561;0.88251;0.95057;0.32125;0.87079;0.9976;0.21346;0.21959;0.41698;0.25607;0.82749;0.6903;0.24558;0.040045;0.2507;0.19698;0.73354;0.37955;0.8108;0.59364;0.75188
20;0.36608;0.99216;0.47046;0.63609;0.91863;0.33968;0.90253;0.23942;0.43535;0.45971;0.39961;0.14632;0.72483;0.65939;0.094154;0.23224;0.76422;0.8569;0.73022;0.51886;0.35361;0.24659;0.3982;0.37994;0.15757;0.060163;0.79939;0.044448;0.32617;0.49228;0.16502;0.79484;0.51284;0.14402;0.34306;0.5629;0.82018;0.89324;0.11586;0.76639;0.32925;0.15255;0.39173;0.56177;0.94286;0.93066;0.057828;0.58527;0.61752;0.086125;0.22297;0.10513;0.83886;0.53998;0.16993;0.36022;0.7356;0.62554;0.71072;0.99707;0.62945;0.58072;0.86887;0.52042;0.35368;0.4291;0.90641;0.18523;0.38146;0.085215;0.41437;0.088784;0.88209;0.52671;0.71502;0.29709;0.86622;0.11232;0.60513;0.12126;0.31771;0.30835;0.98546;0.37558;0.13158;0.3845;0.45692;0.70233;0.78535;0.50809;0.032705;0.28918;0.96597;0.052342;0.0086739;0.2106
21;1.123;0.9895;0.7418;0.24955;0.12905;0.15126;0.23378;0.9435;0.96548;0.66169;0.69001;0.59382;0.4437;0.44188;0.60458;0.18597;0.42992;0.79699;0.73214;0.43373;0.74956;0.26304;0.72206;0.75478;0.70689;0.24342;0.46219;0.51498;0.16438;0.021543;0.54837;0.59004;0.2442;0.43132;0.81764;0.5688;0.58086;0.30261;0.49386;0.68508;0.38169;0.14735;0.9058;0.20846;0.99595;0.61377;0.76833;0.41115;0.98745;0.48505;0.16211;0.53807;0.39733;0.03315;0.34938;0.29071;0.42487;0.28495;0.43626;0.42891;0.73873;0.86496;0.064339;0.87991;0.057237;0.038015;0.56875;0.33111;0.36268;0.6575;0.63811;0.22212;0.32896;0.78765;0.68955;0.53835;0.28884;0.1909;0.059982;0.61066;0.59058;0.069551;0.52134;0.096459;0.56928;0.90339;0.53139;0.82264;0.32576;0.8738;0.70744;0.85413;0.99889;0.87575;0.18107;0.79853
22;3.2263;0.37994;0.38009;0.082731;0.84432;0.5435;0.24604;0.20099;0.68116;0.10335;0.55768;0.74895;0.45036;0.18604;0.63214;0.72148;0.64554;0.98104;0.31864;0.54055;0.65981;0.80629;0.018145;0.25056;0.9848;0.37709;0.65626;0.60801;0.85801;0.064566;0.91784;0.22796;0.38729;0.36173;0.30163;0.4913;0.29135;0.47788;0.33595;0.78104;0.22498;0.25938;0.80177;0.99531;0.48207;0.25293;0.56915;0.06357;0.27735;0.6896;0.95096;0.81472;0.18854;0.33335;0.12133;0.63148;0.89667;0.52547;0.85475;0.95772;0.29357;0.54581;0.07381;0.77972;0.76677;0.02469;0.62599;0.88451;0.83472;0.67153;0.00087474;0.84769;0.71721;0.85313;0.50972;0.56656;0.55531;0.85051;0.67643;0.029099;0.19329;0.39933;0.18953;0.8051;0.83587;0.38349;0.24988;0.91515;0.85977;0.21002;0.35464;0.3365;0.13496;0.48656;0.81926;0.06778
23;5.8068;0.060521;0.16471;0.45838;0.093882;0.29867;0.57763;0.39567;0.7457;0.19061;0.91294;0.8676;0.87705;0.86353;0.84739;0.93995;0.067572;0.74554;0.14501;0.24653;0.98412;0.65419;0.38508;0.092757;0.80383;0.93509;0.33357;0.27078;0.56112;0.38142;0.98504;0.49654;0.72752;0.18994;0.87841;0.30058;0.7892;0.31133;0.66695;0.46525;0.82089;0.46817;0.99399;0.064108;0.65815;0.31798;0.10501;0.73513;0.75006;0.181;0.3432;0.090799;0.35406;0.66852;0.57807;0.83685;0.53987;0.69529;0.56395;0.30559;0.69789;0.86558;0.10701;0.08684;0.7166;0.91544;0.54814;0.40213;0.56312;0.73409;0.021116;0.30962;0.16197;0.10599;0.73034;0.37788;0.64809;0.60836;0.64249;0.48703;0.93725;0.69639;0.20901;0.52161;0.79376;0.91783;0.13484;0.22361;0.065626;0.9222;0.51835;0.070483;0.82956;0.47219;0.1819;0.81337
24;3.3058;0.98858;0.29709;0.24807;0.31092;0.44163;0.42369;0.64014;0.3157;0.50056;0.71873;0.19063;0.96939;0.073848;0.58797;0.010785;0.90986;0.37663;0.01166;0.94531;0.64935;0.31655;0.81623;0.034693;0.82326;0.37363;0.23891;0.80316;0.55017;0.62917;0.73621;0.15177;0.54907;0.87811;0.87419;0.26044;0.74596;0.30002;0.080858;0.35855;0.6445;0.66746;0.7427;0.17409;0.23654;0.65527;0.70238;0.57159;0.10137;0.47788;0.37189;0.21254;0.52328;0.87559;0.4001;0.95725;0.59466;0.36223;0.20745;0.93423;0.84722;0.23725;0.98941;0.012207;0.32866;0.18261;0.31065;0.71199;0.28526;0.88654;0.6507;0.78637;0.10275;0.77562;0.88353;0.59841;0.63113;0.5118;0.052061;0.60366;0.41947;0.009159;0.93728;0.9255;0.8616;0.61667;0.66615;0.75303;0.61513;0.93078;0.82402;0.34844;0.37648;0.78574;0.84262;0.39599
25;2.997;0.027135;0.33459;0.40661;0.81176;0.66637;0.6204;0.14321;0.59419;0.45197;0.13039;0.48964;0.12966;0.92923;0.86787;0.74369;0.5489;0.3533;0.028556;0.13119;0.39135;0.45266;0.24928;0.7293;0.26199;0.56166;0.55111;0.92117;0.43965;0.32939;0.9007;0.6059;0.076403;0.51401;0.20022;0.054441;0.54971;0.57996;0.10067;0.16617;0.087762;0.4478;0.32075;0.20394;0.56155;0.96505;0.82059;0.5327;0.69753;0.2194;0.4683;0.63741;0.055676;0.57752;0.43303;0.20059;0.42678;0.4176;0.65185;0.78175;0.15938;0.8021;0.055593;0.87518;0.41582;0.26333;0.13259;0.33448;0.6477;0.97458;0.95383;0.7187;0.75646;0.95156;0.12571;0.30847;0.72928;0.060259;0.32622;0.12581;0.26787;0.72164;0.74568;0.20073;0.42157;0.78636;0.43396;0.99747;0.69356;0.52641;0.043686;0.32927;0.52647;0.17474;0.94737;0.36017
26;7.6568;0.0070774;0.033336;0.84215;0.70259;0.5989;0.54451;0.53232;0.91904;0.96843;0.14642;0.39981;0.56261;0.55381;0.6038;0.26472;0.49895;0.73352;0.96139;0.6237;0.0060811;0.37429;0.41701;0.73767;0.10738;0.090092;0.4921;0.4617;0.37544;0.52757;0.23799;0.1182;0.18769;0.88656;0.47404;0.040695;0.843;0.79868;0.057237;0.061374;0.71413;0.64734;0.16956;0.46427;0.079842;0.19217;0.595;0.86913;0.019165;0.34153;0.59832;0.90553;0.12895;0.42149;0.91322;0.47299;0.76769;0.083424;0.24574;0.065373;0.79981;0.14751;0.05734;0.42366;0.36583;0.64082;0.45519;0.57474;0.75421;0.56072;0.51585;0.91368;0.40666;0.73508;0.67819;0.89829;0.0062331;0.10032;0.11898;0.43574;0.40703;0.61838;0.30461;0.48257;0.53792;0.356;0.80292;0.069962;0.5872;0.56485;0.62728;0.45104;0.9499;0.33586;0.24219;0.76221
27;1.5802;0.56715;0.20681;0.52929;0.12524;0.83045;0.82153;0.37273;0.88589;0.57936;0.4963;0.45165;0.041146;0.45929;0.086734;0.4593;0.87288;0.3982;0.022182;0.22086;0.70338;0.51891;0.26235;0.30648;0.0761;0.60921;0.59198;0.55823;0.012064;0.54824;0.091872;0.82231;0.40691;0.6628;0.18871;0.43425;0.58365;0.78861;0.67066;0.87749;0.29223;0.8036;0.31348;0.79349;0.9919;0.70342;0.87212;0.75287;0.79119;0.0088115;0.45381;0.10269;0.010769;0.14464;0.67198;0.73448;0.24464;0.29679;0.82934;0.52001;0.57309;0.67111;0.33726;1;0.18141;0.75315;0.36505;0.6397;0.9467;0.24779;0.33284;0.15996;0.58912;0.97774;0.88921;0.98776;0.39312;0.47774;0.80952;0.24934;0.96616;0.91513;0.74549;0.2932;0.91986;0.017563;0.36448;0.68973;0.3218;0.54282;0.67435;0.30415;0.79796;0.55072;0.2415;0.88735
28;0.85139;0.64214;0.29314;0.88677;0.57415;0.91431;0.33809;0.082212;0.76763;0.64668;0.1128;0.96037;0.35416;0.6348;0.69529;0.94993;0.41692;0.32223;0.83293;0.72865;0.49536;0.32645;0.10944;0.19221;0.59038;0.97417;0.47155;0.19579;0.28368;0.5598;0.7845;0.42586;0.43985;0.31946;0.016629;0.1674;0.25804;0.79301;0.49906;0.091838;0.14654;0.87107;0.34422;0.27776;0.05189;0.081711;0.74543;0.56641;0.0022003;0.37582;0.60487;0.17164;0.65284;0.28336;0.13347;0.98375;0.56614;0.60473;0.29521;0.57239;0.32375;0.14202;0.47313;0.94622;0.93412;0.99934;0.66788;0.80695;0.04322;0.63976;0.32851;0.099681;0.72378;0.2952;0.068953;0.61558;0.89921;0.82836;0.84735;0.56619;0.18427;0.97063;0.55271;0.016979;0.066619;0.068432;0.12533;0.33833;0.024089;0.44166;0.23181;0.28577;0.098033;0.99997;0.29036;0.41327
29;1.6278;0.6137;0.090736;0.81113;0.54003;0.13546;0.55098;0.4982;0.37099;0.53195;0.89778;0.52112;0.42064;0.6383;0.73525;0.49942;0.61963;0.53945;0.56106;0.84904;0.15763;0.19555;0.91351;0.41913;0.25864;0.24617;0.239;0.79025;0.036954;0.88808;0.61567;0.32307;0.17511;0.45419;0.035179;0.33303;0.59127;0.70618;0.80513;0.56214;0.50045;0.030437;0.54258;0.31221;0.32298;0.92905;0.92942;0.43493;0.30168;0.65882;0.73011;0.029073;0.80956;0.55221;0.96215;0.42206;0.85557;0.28716;0.10075;0.7668;0.77757;0.97491;0.1355;0.068782;0.80638;0.067169;0.1377;0.59646;0.80044;0.14206;0.087099;0.11816;0.33894;0.33267;0.34052;0.44608;0.37415;0.75339;0.69332;0.32537;0.87901;0.53652;0.85497;0.72472;0.35962;0.75021;0.89836;0.19487;0.55189;0.95969;0.51423;0.88526;0.11073;0.23633;0.32599;0.81707
30;0.71959;0.59394;0.72687;0.83748;0.060624;0.20998;0.67566;0.82381;0.19343;0.36719;0.60941;0.65421;0.58189;0.88718;0.3623;0.4021;0.93459;0.64743;0.77452;0.78176;0.84381;0.297;0.37487;0.93394;0.19684;0.66874;0.90909;0.69392;0.96844;0.83596;0.59016;0.46825;0.5699;0.40243;0.84892;0.69106;0.55141;0.73752;0.84371;0.43048;0.64692;0.24773;0.83031;0.088839;0.33891;0.2232;0.95002;0.12361;0.5251;0.19899;0.21666;0.69993;0.29993;0.99902;0.56209;0.14919;0.88754;0.88762;0.56895;0.045348;0.95201;0.33677;0.99219;0.71849;0.8873;0.15263;0.12556;0.035489;0.64987;0.62208;0.79198;0.37625;0.77724;0.26129;0.11058;0.33525;0.47777;0.86561;0.18888;0.54829;0.41672;0.08484;0.57829;0.27774;0.83543;0.81381;0.15298;0.9631;0.015833;0.25579;0.46568;0.63744;0.82508;0.17558;0.14989;0.66223
31;0.75374;0.8984;0.025406;0.612;0.13176;0.52233;0.45609;0.39505;0.29923;0.82888;0.67709;0.35483;0.12254;0.00058251;0.13702;0.9407;0.033817;0.28002;0.91913;0.9262;0.0015241;0.88833;0.12198;0.039158;0.55714;0.70291;0.78447;0.73109;0.73867;0.32786;0.7872;0.15621;0.44816;0.60384;0.9335;0.91257;0.33299;0.58236;0.15019;0.56655;0.45215;0.73996;0.58627;0.020325;0.8292;0.58094;0.6642;0.96705;0.47633;0.33113;0.50633;0.17756;0.15923;0.91429;0.77639;0.81831;0.47514;0.17576;0.34827;0.23711;0.62508;0.92103;0.61543;0.7502;0.12186;0.87189;0.77553;0.73806;0.84136;0.93198;0.75979;0.9244;0.50433;0.97869;0.39363;0.89202;0.95561;0.33281;0.35805;0.42737;0.33191;0.96649;0.18648;0.48689;0.11756;0.60044;0.526;0.25977;0.42606;0.14632;0.74789;0.31415;0.74711;0.21596;0.80213;0.87064
32;7.9975;0.36477;0.89556;0.60601;0.25223;0.81596;0.63205;0.66208;0.94776;0.13434;0.21764;0.34194;0.18245;0.89036;0.70861;0.56801;0.40378;0.38213;0.69941;0.9535;0.68188;0.78052;0.68013;0.67618;0.86189;0.83413;0.14372;0.83633;0.14031;0.13013;0.71495;0.32304;0.87027;0.51368;0.46938;0.037494;0.74483;0.44267;0.80227;0.12372;0.035415;3.1525E-05;0.90441;0.626;0.56313;0.19298;0.61594;0.78288;0.12652;0.12435;0.062385;0.88102;0.52149;0.51614;0.97954;0.54846;0.98905;0.52433;0.49232;0.71837;0.49392;0.33355;0.43621;0.47229;0.39066;0.40462;0.4079;0.86731;0.90119;0.66831;0.77742;0.20043;0.53041;0.87376;0.83217;0.20213;0.85413;0.70082;0.32018;0.76915;0.59736;0.55338;0.23624;0.11005;0.37764;0.83128;0.55679;0.53643;0.85548;0.30786;0.67518;0.62407;0.41751;0.10254;0.056201;0.17429
33;3.7965;0.65291;0.61343;0.10134;0.30683;0.1037;0.99517;0.21465;0.19203;0.78049;0.18917;0.058968;0.43902;0.85204;0.072643;0.72143;0.17182;0.41939;0.89779;0.35795;0.45424;0.31973;0.1408;0.38325;0.39456;0.19831;0.063607;0.073427;0.58903;0.31943;0.90406;0.16826;0.031631;0.21013;0.90482;0.98648;0.35731;0.36111;0.67753;0.16884;0.5588;0.82943;0.63245;0.67083;0.76311;0.87944;0.30308;0.89944;0.62705;0.65736;0.95127;0.42309;0.17023;0.1049;0.3298;0.58308;0.22272;0.88236;0.47315;0.76376;0.66081;0.6037;0.93693;0.85651;0.84613;0.14656;0.27595;0.94888;0.93708;0.81905;0.72555;0.0090804;0.7043;0.043527;0.16651;0.30928;0.25413;0.36467;0.82251;0.11287;0.97695;0.26348;0.80633;0.55862;0.99703;0.63189;0.95035;0.29612;0.4013;0.59677;0.95897;0.40203;0.48294;0.83907;0.41187;0.79912
34;0.46556;0.65127;0.94396;0.37406;0.82181;0.36348;0.39157;0.036164;0.63013;0.53353;0.64333;0.084265;0.40586;0.10534;0.0043538;0.43406;0.37415;0.02279;0.078133;0.08315;0.54839;0.49928;0.58459;0.78994;0.65757;0.5208;0.094282;0.92164;0.67081;0.88519;0.60299;0.76542;0.85534;0.70606;0.70675;0.94876;0.33507;0.50071;0.57334;0.14114;0.36604;0.3708;0.67615;0.62984;0.079165;0.058351;0.15394;0.64196;0.10389;0.82107;0.33715;0.29443;0.46633;0.36265;0.85078;0.95906;0.68219;0.59393;0.13383;0.84749;0.31732;0.65483;0.66163;0.47521;0.54955;0.83162;0.88543;0.95312;0.94477;0.34065;0.92683;0.36778;0.81984;0.067573;0.33733;0.20293;0.05969;0.82923;0.60081;0.84342;0.36953;0.16148;0.74486;0.97381;0.23093;0.34952;0.84979;0.93551;0.93006;0.090453;0.86075;0.35344;0.094853;0.95363;0.94828;0.51965
35;4.0225;0.82282;0.92711;0.49345;0.19041;0.71449;0.33099;0.45322;0.55545;0.80904;0.033981;0.22387;0.85588;0.58787;0.56265;0.92119;0.75758;0.19576;0.064096;0.19176;0.56092;0.79147;0.94453;0.68596;0.62385;0.5803;0.50114;0.18318;0.8855;0.5624;0.77038;0.8303;0.29652;0.69761;0.7066;0.22874;0.5595;0.16577;0.045809;0.84926;0.76845;0.4706;0.27291;0.034625;0.8116;0.95393;0.6991;0.36528;0.2389;0.8284;0.15723;0.83569;0.092182;0.24719;0.13186;0.051335;0.83766;0.92753;0.72775;0.11098;0.056926;0.46321;0.15153;0.80823;0.27991;0.15999;0.21925;0.12908;0.16091;0.43197;0.57199;0.19263;0.42914;0.59842;0.1403;0.31564;0.71642;0.55657;0.6077;0.97386;0.10777;0.57834;0.61025;0.83451;0.35419;0.13188;0.39436;0.0048832;0.45842;0.17768;0.48258;0.30515;0.36076;0.49378;0.87913;0.18638
36;0.8108;0.207;0.10015;0.93654;0.55408;0.49518;0.088939;0.93383;0.91836;0.48872;0.96588;0.54989;0.081197;0.59036;0.56944;0.15226;0.38379;0.1714;0.49761;0.778;0.49924;0.41169;0.020464;0.5996;0.31451;0.47715;0.45236;0.67168;0.44297;0.7528;0.29078;0.53144;0.73241;0.6368;0.011874;0.43538;0.0032873;0.25852;0.54008;0.53952;0.22324;0.94269;0.59372;0.80037;0.45605;0.90637;0.93328;0.98101;0.49331;0.98618;0.89384;0.78449;0.83875;0.32867;0.61864;0.55728;0.77944;0.43321;0.63204;0.38877;0.87953;0.20144;0.78947;0.8096;0.66984;0.59491;0.39378;0.80677;0.27544;0.73293;0.44649;0.56549;0.69575;0.61055;0.98279;0.61431;0.91384;0.2975;0.16396;0.23856;0.12285;0.2486;0.79876;0.51824;0.63635;0.52765;0.8471;0.24569;0.44607;0.12031;0.75627;0.46928;0.97456;0.29901;0.31582;0.47555
37;1.8601;0.079232;0.87087;0.68519;0.9807;0.017817;0.73563;0.021428;0.21889;0.48249;0.52299;0.63012;0.15685;0.41129;0.028845;0.85005;0.77065;0.45469;0.54309;0.32433;0.36121;0.47256;0.23581;0.63044;0.20381;0.57582;0.4682;0.18285;0.94512;0.84664;0.074194;0.78904;0.30069;0.33879;0.98101;0.5263;0.38493;0.61859;0.15448;0.3887;0.58149;0.15295;0.25237;0.28573;0.30166;0.86225;0.098275;0.57406;0.10857;0.17046;0.066704;0.9869;0.45424;0.80031;0.41045;0.62316;0.5245;0.37466;0.44269;0.39568;0.55092;0.93389;0.88985;0.17493;0.3565;0.79729;0.88695;0.051966;0.30998;0.83483;0.71061;0.36537;0.69252;0.34417;0.79467;0.60353;0.38215;0.56363;0.088572;0.64976;0.42752;0.24947;0.19579;0.6037;0.90525;0.13714;0.89226;0.22889;0.68425;0.12061;0.74416;0.67469;0.40472;0.44022;0.90386;0.24539
38;3.4909;0.6867;0.5258;0.95721;0.45649;0.2073;0.70054;0.23968;0.86874;0.74593;0.52901;0.060869;0.17679;0.63223;0.74379;0.16119;0.46663;0.55826;0.31711;0.22878;0.36725;0.87348;0.432;0.95342;0.57697;0.37013;0.80752;0.63879;0.81167;0.18092;0.16842;0.88699;0.22915;0.52126;0.17177;0.16239;0.91055;0.88192;0.59253;0.090814;0.99621;0.18188;0.0061787;0.74384;0.337;0.565;0.45303;0.142;0.64113;0.61074;0.73409;0.89561;0.70005;0.26764;0.074921;0.32435;0.058077;0.60062;0.023325;0.016166;0.0044058;0.77187;0.037133;0.0042506;0.46646;0.0082697;0.57272;0.71836;0.25789;0.44221;0.5772;0.41728;0.17558;0.40326;0.50023;0.26971;0.17858;0.83599;0.48837;0.28807;0.14974;0.6912;0.15325;0.16619;0.73211;0.42508;0.92497;0.31036;0.57735;0.14381;0.66407;0.40676;0.83631;0.074886;0.10842;0.54671
39;2.267;0.20173;0.17324;0.46621;0.57246;0.83345;0.012223;0.75946;0.52603;0.046806;0.96248;0.2999;0.010357;0.23839;0.36845;0.14439;0.58814;0.63146;0.17831;0.81522;0.80044;0.40764;0.71904;0.71111;0.90967;0.49032;0.39266;0.91505;0.88336;0.98781;0.010821;0.0087008;0.74077;0.91114;0.90729;0.66398;0.052839;0.026658;0.59572;0.050866;0.67436;0.97208;0.65892;0.61221;0.56081;0.69934;0.70556;0.76763;0.93292;0.7882;0.61259;0.48121;0.020234;0.54604;0.14153;0.61688;0.0083721;0.42769;0.96249;0.75916;0.94512;0.59948;0.23838;0.41938;0.81047;0.11767;0.55178;0.037033;0.53401;0.78874;0.47809;0.079968;0.29014;0.039179;0.31443;0.3892;0.44785;0.16045;0.75301;0.84399;0.79278;0.63308;0.12583;0.3396;0.26664;0.15231;0.76409;0.3051;0.6627;0.11853;0.84123;0.85842;0.97739;0.68181;0.73748;0.52918
40;3.3432;0.93279;0.60531;0.65719;0.74038;0.27533;0.71979;0.085732;0.47767;0.3796;0.4585;0.022429;0.043701;0.77583;0.98753;0.4997;0.36298;0.9088;0.10603;0.89358;0.2323;0.19957;0.0022835;0.32767;0.77327;0.81613;0.88568;0.58331;0.4357;0.92544;0.25892;0.15868;0.783;0.016981;0.17969;0.79247;0.4481;0.39173;0.59428;0.91216;0.44453;0.62923;0.50084;0.86121;0.47171;0.23378;0.71579;0.51869;0.2826;0.02509;0.89409;0.51509;0.002705;0.88786;0.041534;0.52429;0.61468;0.64708;0.60658;0.10109;0.31955;0.34889;0.47156;0.05224;0.8374;0.62232;0.52119;0.5822;0.91044;0.10382;0.75801;0.8535;0.4498;0.98947;0.59235;0.495;0.49855;0.29294;0.94204;0.075357;0.96227;0.64276;0.30254;0.79051;0.043898;0.98089;0.17323;0.81159;0.79847;0.46967;0.66596;0.58779;0.5506;0.33237;0.25426;0.90864
41;0.27073;0.81046;0.25074;0.69641;0.35946;0.72511;0.46269;0.028308;0.027228;0.98876;0.55363;0.8823;0.17781;0.12274;0.13946;0.83387;0.91673;0.88257;0.71118;0.38095;0.82684;0.61562;0.43319;0.5408;0.22645;0.42682;0.20215;0.43367;0.68539;0.69426;0.50434;0.40296;0.98788;0.16856;0.58233;0.70933;0.4632;0.25213;0.65646;0.50614;0.81744;0.48184;0.30626;0.29106;0.6076;0.67608;0.67544;0.72457;0.96771;0.6743;0.29263;0.59833;0.35103;0.42931;0.0042959;0.15937;0.043963;0.11143;0.49261;0.21098;0.62837;0.34179;0.28063;0.66901;0.28858;0.34894;0.54771;0.47206;0.54789;0.64426;0.64112;0.48612;0.10828;0.96723;0.97378;0.93368;0.98099;0.80924;0.053779;0.30691;0.66152;0.39602;0.087657;0.27223;0.56073;0.74771;0.58968;0.92463;0.053597;0.95949;0.91554;0.32157;0.42862;0.11086;0.0020508;0.16928
42;1.7735;0.43324;0.92712;0.10803;0.9084;0.40434;0.71457;0.87679;0.11031;0.28502;0.48482;0.22319;0.61701;0.32658;0.74132;0.84713;0.070217;0.21806;0.05606;0.55278;0.80028;0.28102;0.77106;0.64279;0.69972;0.88838;0.71696;0.76385;0.9807;0.1546;0.50731;0.0064009;0.40139;0.59452;0.48963;0.73071;0.72824;0.25678;0.8822;0.81944;0.96656;0.65842;0.73861;0.87085;0.35896;0.32211;0.043454;0.8066;0.50256;0.38829;0.75545;0.54898;0.77229;0.143;0.42477;0.5532;0.17407;0.56929;0.37756;0.59066;0.18565;0.82055;0.15286;0.83776;0.46978;0.041032;0.5684;0.040471;0.064337;0.59449;0.048501;0.91968;0.45694;0.2052;0.97858;0.28857;0.74824;0.21219;0.98844;0.82641;0.24599;0.76693;0.61288;0.8434;0.2922;0.72904;0.44789;0.57797;0.36342;0.11493;0.17012;0.020227;0.5021;0.59445;0.74412;0.53672
43;0.5007;0.35284;0.60832;0.91229;0.26038;0.78329;0.52932;0.82063;0.73115;0.46149;0.078607;0.5137;0.7522;0.61124;0.62997;0.94748;0.27713;0.19992;0.8614;0.88438;0.59107;0.48888;0.009981;0.59518;0.11528;0.48798;0.91313;0.068166;0.3195;0.052667;0.4867;0.042871;0.71646;0.91045;0.9242;0.48923;0.25163;0.13048;0.27711;0.77856;0.4137;0.10803;0.87562;0.27672;0.3171;0.88795;0.4475;0.32796;0.36004;0.91192;0.20539;0.65316;0.59639;0.87814;0.038453;0.66151;0.88233;0.15069;0.66129;0.28065;0.67614;0.98405;0.5242;0.04016;0.56214;0.69623;0.56411;0.82048;0.17942;0.29948;0.723;0.30682;0.23097;0.071782;0.37575;0.19794;0.11356;0.47595;0.51068;0.7758;0.3146;0.078331;0.64904;0.80654;0.56798;0.35929;0.28184;0.47178;0.25598;0.47449;0.73775;0.27959;0.049296;0.69266;0.6482;0.65024
44;3.0878;0.54132;0.10949;0.79796;0.48804;0.92773;0.58225;0.99992;0.62877;0.3443;0.61447;0.46162;0.14596;0.25233;0.30894;0.019395;0.42435;0.65086;0.27759;0.16734;0.37287;0.3119;0.29454;0.67695;0.54967;0.0020336;0.36803;0.74123;0.2539;0.9538;0.023011;0.16033;0.92623;0.31915;0.11358;0.9329;0.22091;0.67596;0.34284;0.23761;0.59504;0.49168;0.17757;0.34507;0.97479;0.27507;0.16769;0.035212;0.99587;0.6787;0.1604;0.54665;0.40507;0.048575;0.76129;0.73159;0.42241;0.74633;0.63719;0.70573;0.13763;0.89135;0.65145;0.82955;0.41848;0.48788;0.21794;0.14679;0.33726;0.23371;0.60695;0.5027;0.78409;0.42865;0.97496;0.24045;0.15397;0.31537;0.39873;0.36864;0.40052;0.93802;0.1703;0.79113;0.029248;0.2543;0.18115;0.88312;0.81432;0.2228;0.48201;0.54505;0.026649;0.8894;0.36316;0.41298
45;10.414;0.80932;0.20578;0.75397;0.070163;0.48313;0.82899;0.92427;0.50941;0.78767;0.83728;0.58717;0.71073;0.59072;0.93618;0.69868;0.46263;0.65719;0.092152;0.62776;0.78582;0.4117;0.087448;0.34678;0.93277;0.6002;0.95451;0.088731;0.25268;0.15621;0.12935;0.094696;0.961;0.94777;0.98382;0.25424;0.32264;0.27348;0.18329;0.080389;0.16969;0.9509;0.87503;0.90015;0.30644;0.38517;0.7233;0.46947;0.76683;0.32436;0.4816;0.0023869;0.53909;0.94105;0.9326;0.38271;0.27693;0.57006;0.15026;0.18882;0.6865;0.1445;0.22912;0.91086;0.77815;0.8469;0.083224;0.9317;0.96417;0.35518;0.47451;0.57894;0.23621;0.52929;0.2104;0.79577;0.93276;0.97132;0.94279;0.2124;0.62952;0.66401;0.95631;0.9387;0.99759;0.47583;0.66541;0.7985;0.90875;0.37296;0.51772;0.33648;0.52857;0.51628;0.88292;0.78489
46;3.2284;0.42695;0.21629;0.45655;0.48452;0.35999;0.24024;0.22764;0.56819;0.72064;0.059461;0.35958;0.77445;0.78698;0.80674;0.83833;0.39092;0.19916;0.72966;0.31648;0.0037273;0.04424;0.87574;0.59618;0.96349;0.77736;0.30909;0.13371;0.60558;0.22771;0.27404;0.89498;0.40729;0.86467;0.71125;0.88038;0.67589;0.12374;0.67665;0.41938;0.0084525;0.69939;0.95947;0.4446;0.46187;0.00011882;0.3015;0.56014;0.46955;0.88302;0.67061;0.923;0.48045;0.86582;0.062536;0.606;0.74508;0.15908;0.18568;0.29925;0.46981;0.45345;0.16857;0.70185;0.82315;0.8963;0.75618;0.26974;0.4541;0.6179;0.88086;0.09432;0.49519;0.98588;0.063254;0.42928;0.45624;0.61539;0.96833;0.96846;0.6358;0.035915;0.89203;0.40868;0.92899;0.53283;0.24831;0.047668;0.31879;0.95512;0.461;0.14137;0.9089;0.96498;0.64535;0.86827
47;6.4457;0.14013;0.89055;0.44092;0.89004;0.81055;0.43664;0.078695;0.87233;0.23668;0.49271;0.77002;0.26899;0.39034;0.16904;0.2121;0.51642;0.83479;0.6556;0.96817;0.00039295;0.3983;0.93501;0.86673;0.64538;0.54028;0.36156;0.55901;0.59556;0.037465;0.821;0.1976;0.69939;0.20408;0.64839;0.19222;0.0058372;0.23254;0.19212;0.01417;0.90252;0.08471;0.55386;0.42612;0.70005;0.81451;0.34101;0.33221;0.87221;0.036272;0.62746;0.064195;0.21693;0.064878;0.2616;0.17115;0.097586;0.57293;0.70854;0.82721;0.3502;0.57817;0.62984;0.52558;0.63181;0.78248;0.69932;0.5881;0.50967;0.87864;0.99664;0.78971;0.066303;0.32426;0.58603;0.43519;0.42112;0.73851;0.16329;0.92189;0.65317;0.5455;0.67488;0.93236;0.026304;0.90412;0.30714;0.7129;0.34767;0.61013;0.51487;0.1998;0.33548;0.052824;0.41074;0.42636
48;4.3393;0.56626;0.79425;0.035828;0.33839;0.69067;0.62273;0.66929;0.4985;0.35454;0.85124;0.57922;0.6249;0.53302;0.37455;0.54465;0.5199;0.84964;0.50608;0.62086;0.40661;0.31694;0.74143;0.64949;0.90258;0.091461;0.027182;0.32267;0.13982;0.66869;0.37229;0.3554;0.86698;0.089534;0.87157;0.9271;0.1083;0.13153;0.088974;0.91417;0.3597;0.074215;0.16676;0.10051;0.28265;0.60477;0.28605;0.6432;0.17286;0.022207;0.76018;0.20019;0.62677;0.43675;0.39872;0.62187;0.22738;0.46406;0.38978;0.22059;0.93303;0.80003;0.2369;0.87296;0.8452;0.37972;0.2754;0.60859;0.7301;0.9081;0.16871;0.2157;0.28002;0.085754;0.1511;0.97629;0.67984;0.40158;0.43635;0.49825;0.29353;0.70902;0.5418;0.55743;0.13923;0.42904;0.62478;0.99349;0.17379;0.038712;0.026832;0.95297;0.47067;0.7843;0.2153;0.050818
49;7.4952;0.88042;0.79383;0.57164;0.80724;0.68523;0.94046;0.1805;0.75052;0.5953;0.61051;0.72942;0.2937;0.53798;0.53628;0.19588;0.41802;0.58182;0.042001;0.75388;0.25474;0.44604;0.38914;0.4046;0.82443;0.23149;0.18181;0.85178;0.23735;0.87433;0.29964;0.62211;0.6422;0.63711;0.19604;0.80379;0.82812;0.57713;0.88134;0.14378;0.25543;0.36334;0.6178;0.22646;0.41697;0.199;0.74178;0.89493;0.60614;0.24135;0.35477;0.39567;0.917;0.44465;0.098371;0.41114;0.57788;0.64034;0.97425;0.38206;0.6535;0.71367;0.5086;0.67514;0.23153;0.19983;0.91104;0.72646;0.39396;0.50821;0.0097966;0.77026;0.72033;0.13234;0.59656;0.076206;0.084044;0.31264;0.26003;0.13677;0.69853;0.54552;0.90336;0.16441;0.88871;0.91058;0.9029;0.36934;0.31175;0.17773;0.10199;0.74652;0.32148;0.46738;0.42652;0.83146
50;0.18915;0.17562;0.01951;0.36331;0.016884;0.52886;0.088399;0.79488;0.71987;0.55101;0.44412;0.33112;0.86128;0.18511;0.3155;0.45206;0.17335;0.72526;0.16412;0.25235;0.24304;0.28588;0.56863;0.17091;0.81231;0.22284;0.96155;0.73477;0.21437;0.83848;0.71226;0.010385;0.95796;0.20472;0.069275;0.26513;0.13899;0.31411;0.56505;0.081038;0.4162;0.15293;0.74314;0.64997;0.34073;0.71441;0.42973;0.69056;0.20802;0.64823;0.16057;0.21161;0.66333;0.25715;0.060973;0.78003;0.98209;0.78278;0.025409;0.054942;0.25887;0.86314;0.32574;0.52595;0.46477;0.67201;0.9039;0.14813;0.73661;0.71145;0.45049;0.17736;0.4541;0.76749;0.19428;0.71804;0.12613;0.31252;0.41296;0.19321;0.77036;0.82788;0.62259;0.38627;0.027381;0.80786;0.89699;0.32101;0.067655;0.1819;0.62985;0.14895;0.39248;0.31941;0.45413;0.72403
normalized population
1;1.0728;-1.0414;1.3127;-0.7909;-1.1947;1.5577;-0.042171;-0.6227;-0.53681;-1.5084;0.22969;-1.5775;0.70301;0.034133;-0.55524;-1.493;-1.409;-1.063;-1.3161;-0.40951;1.8122;0.27965;0.49414;-1.4866;-0.49923;0.22176;0.30011;0.63437;-1.2872;0.28765;1.0797;1.3057;0.6923;1.1532;1.0139;0.86511;-1.6222;0.66042;-1.1989;-0.83448;-1.5525;0.18934;0.62568;-0.046526;-1.6758;-0.10672;0.8665;-1.391;-1.1129;-1.2562;-0.19345;0.99484;-1.423;-0.20119;0.30615;-0.13498;-0.58495;-1.381;-1.64;1.3995;1.4371;-0.33453;0.95222;0.91045;-1.1214;-1.2341;-1.2754;-0.41282;1.2607;0.91161;1.6249;1.3395;-1.0281;1.0186;-0.35898;0.037282;-0.78207;-0.36174;-0.61955;-0.42246;1.2721;0.26863;-0.37262;1.4114;-0.84413;0.3302;-1.3061;1.0087;-1.1507;0.20664;0.24418;1.3901;-0.79717;0.42398;-0.091454;0.68967
2;1.192;-0.64947;0.80886;0.40304;1.0754;0.7754;-0.86816;-0.099685;-1.2941;-1.64;-0.34642;1.4367;1.6018;-0.31909;-1.6145;-0.34885;0.90877;-0.79449;-0.43552;-0.61758;-0.68305;0.456;-1.4368;-1.1557;-1.0058;-0.94439;1.3721;-0.57953;0.22903;-1.0964;1.5645;-0.042637;-0.10881;-1.2005;-1.141;-0.47434;-1.3436;0.32356;-0.23538;1.5212;-0.50016;-0.61547;-1.534;0.46417;0.212;0.046782;1.4452;0.45526;-1.231;1.1814;0.19145;0.79079;-0.35363;0.3408;1.4519;1.6282;-0.77539;1.6493;-0.22458;1.1323;-0.84916;-1.817;-0.57406;0.55872;-1.7458;0.08512;-1.4371;0.60507;-1.2358;1.2087;-0.38525;-0.82601;-1.5166;0.51623;-1.5078;0.087201;-0.8586;-0.70454;-0.92987;-0.25485;-0.68532;1.3903;-1.6216;1.2997;1.1867;1.1197;0.49303;-0.31802;1.1512;1.5149;1.0637;-1.5819;-0.49847;-1.638;-0.19768;-0.52486
3;0.89919;-0.97603;-0.70699;-1.0254;-1.313;-0.19865;-0.2869;0.85078;-1.0622;0.65332;-0.010053;1.6333;-0.49132;1.199;-1.0862;-1.4706;-1.4855;1.6945;0.61028;0.50484;0.76419;1.8692;1.613;-1.0996;-0.72685;0.69515;1.7052;0.18983;-1.3659;-0.5709;-0.95818;-0.29867;0.60233;-0.33794;-1.541;0.78704;-0.1939;0.42006;-0.72037;-1.2966;1.5175;-0.82017;0.52731;-1.2557;-0.082;1.3178;-1.5718;-1.7894;0.90922;-0.40101;-0.38083;1.4487;1.1382;0.67428;-1.135;0.70111;-1.4792;-1.5481;-0.13579;0.45936;1.2664;-0.033895;0.43807;1.3536;1.2072;-1.1264;-1.4165;0.65642;-1.0181;-1.1777;-0.69876;1.4993;0.77176;-0.2587;-1.5811;-0.88232;0.31156;-0.91723;-0.96167;-0.80739;-1.3034;1.7339;-0.91671;-0.90328;0.66065;1.1841;1.5645;1.2735;0.92681;1.0862;0.3696;-0.73524;-1.208;-0.69031;0.27154;1.4922
4;1.3295;0.069545;0.21136;1.0452;1.3612;0.3552;1.3365;0.39581;-0.43504;-1.1117;-1.4414;1.0483;0.57172;0.34262;1.2442;-0.76799;-0.17061;0.2814;1.6822;0.17245;-0.46397;-0.091736;0.38922;-1.5407;-0.29977;0.59762;-1.2817;0.22674;-0.78112;0.93592;-0.1222;-0.72376;-1.2153;1.4723;-0.93223;-0.52864;-0.038941;-1.4826;-0.94367;0.14578;1.2882;-0.21657;-1.5222;-1.2389;-0.06123;-0.89766;-0.88438;0.33925;1.143;1.8382;1.6722;-1.4312;-1.1541;-0.80617;0.85437;-1.0075;-1.304;0.33527;0.89093;0.40354;-1.4583;-0.017288;0.86978;-1.536;0.94701;0.033054;1.484;-1.6197;-1.5676;-0.35646;-1.0184;1.1997;-0.24244;0.99454;-1.0927;-1.5854;0.91744;1.5748;1.2111;-0.70929;-1.4514;-1.1252;-1.1223;-1.7172;-0.086681;0.44472;0.92904;1.1211;0.88146;1.4559;0.093967;-0.77836;-0.52959;-0.017394;-0.18015;-0.22303
5;0.31405;-1.1195;-0.055678;-1.3652;1.4554;-1.3811;-1.5641;1.0134;-1.5692;1.2193;1.5778;0.8581;1.2654;0.79146;0.14462;-0.66343;0.021439;-1.6884;-1.0676;-1.212;-0.44106;1.0446;-0.70381;-1.5341;-0.86883;-0.078827;0.78334;-1.1872;1.426;-1.3108;-0.24072;-1.0955;-1.0727;1.1107;0.68974;0.26505;0.69266;-1.1314;-1.2509;1.3588;1.4648;-1.2128;0.51001;-0.29545;-1.6856;0.055381;0.86863;-1.4971;1.5266;-1.2439;-1.5502;-1.246;-1.4133;0.12642;-0.46793;-1.1346;-1.0202;-0.9647;1.1944;0.69877;-0.71583;-0.41125;1.4816;0.52021;-1.7285;-0.074732;0.96039;1.2579;-1.0732;1.175;-0.8806;0.24881;1.5428;0.22269;-1.6231;0.63275;-1.3897;0.73151;0.16261;0.87192;0.75156;0.54546;-0.14113;-1.1516;-0.46532;-1.5088;-1.8967;0.43245;1.6511;-0.43111;-0.48367;-1.1926;1.318;-0.35943;0.29725;0.83243
6;0.27884;-0.046625;-0.21298;1.4119;1.0962;1.4;0.40872;-0.0163;-1.4065;-0.46601;-0.1167;1.3504;-0.56329;-1.1883;0.011706;0.95644;-0.01106;0.63591;0.12172;1.0493;-0.47626;1.4463;0.28948;-0.088774;1.0363;-0.571;-0.9147;-0.64821;0.53741;-1.0505;1.4661;0.069395;-1.1369;-1.1579;0.10266;1.6592;-1.0736;1.9743;-0.50016;-0.25635;1.4442;-0.61118;1.4384;0.64107;-0.87912;1.332;-0.40061;0.042489;-1.5002;-0.64963;-0.97668;0.58566;-0.61932;-0.028694;0.8628;0.59217;-1.2574;0.5704;-0.968;0.76156;-1.3199;-0.38112;-1.209;-0.7232;-1.0069;1.3617;1.7534;0.57595;0.29522;0.9252;-1.15;-0.85013;1.4274;0.079126;1.6947;1.4778;0.70587;-0.11299;-1.1637;-1.4755;-0.184;-1.2592;1.3148;-0.28172;-1.5675;1.4853;0.14147;0.1166;-0.50957;-0.74578;0.49877;1.8405;0.69677;1.139;1.545;1.076
7;0.44309;-0.45662;1.2652;0.80976;0.17583;-1.8083;0.94458;-0.81034;-1.3145;0.84667;-0.88761;-0.94621;-1.4371;1.6327;-1.7153;1.3631;-1.7254;0.58919;0.74055;-1.6187;1.2611;1.2492;-1.0157;1.2921;-1.446;1.1996;1.6323;0.54744;-1.3949;-0.70982;0.13205;0.47144;-0.90871;-1.128;0.30749;1.1572;-0.90089;0.57786;1.0469;0.67231;-0.094988;-0.0014677;0.89497;-0.35635;1.1857;0.46629;1.3786;1.4042;1.4816;-0.51417;1.8699;-1.4972;1.197;0.56376;1.6023;-0.20039;-1.0435;0.39311;-1.6625;0.54721;-1.2454;0.035173;0.025319;1.3361;0.47834;0.15559;-0.87647;-1.3944;-0.45077;-1.3989;-0.16417;-0.62554;1.5088;1.1169;-0.21012;1.6433;-0.69727;1.3156;1.5146;-1.3764;-0.25965;-1.3457;-1.3421;1.198;-0.42142;0.31626;0.44736;0.17055;-0.94594;-0.5168;-0.2836;-1.2654;0.70612;-0.039345;-0.9122;0.59603
8;-0.63438;1.4074;0.020977;0.47817;0.82755;1.5078;-0.96274;0.74508;-1.5613;0.81111;-1.6101;0.94039;1.7064;-1.744;-0.38294;-0.33527;-0.72924;-0.57623;-0.62069;-0.71425;0.28598;0.92564;-0.062989;-1.4371;-0.7135;1.5464;-0.04895;0.88619;-0.43311;-0.93098;-0.55628;-1.22;-1.3143;-0.97787;1.4052;-1.2372;-0.98925;1.1326;0.42445;-1.3737;-0.47485;-0.86737;-1.0616;-0.99407;-0.26055;-1.2912;-1.1704;-0.052808;0.86754;0.80209;-1.5083;1.4338;-0.71846;-1.4022;-0.44973;1.2709;0.88701;1.2285;0.60048;1.2747;0.98266;0.16061;-0.56183;-0.28654;1.2806;-0.41705;-0.30514;-0.12803;-1.1527;1.0554;-0.43364;-0.42984;1.0659;0.24918;0.86591;-0.38647;-0.07157;0.39962;1.4458;0.86368;-0.18575;0.40486;1.4795;1.3943;0.67662;-1.7471;-0.81061;-0.12829;-1.4425;-0.25893;-1.5766;1.882;1.3911;-1.6331;-0.61036;-1.2743
9;-0.43073;0.20837;-1.4349;0.75823;0.70429;0.86359;0.62611;-1.2896;-0.71345;0.45682;0.143;0.1228;-0.44368;0.83584;0.64677;0.75648;1.8338;0.84182;1.3378;-1.1552;-0.81234;1.7223;1.2594;0.49865;1.3413;0.81635;-1.5515;-1.7826;0.14133;0.7859;1.4223;1.0139;-1.1936;1.3243;-0.73997;-0.65146;2.0637;-1.402;-1.6294;-0.96869;-0.92604;-1.0034;1.2936;1.7177;-0.12566;0.48218;-0.80126;-1.926;-0.77206;0.0013723;-1.1122;1.1451;0.6455;1.677;-0.98196;1.374;0.66064;1.4992;-0.21518;0.58304;-0.97346;1.55;1.3872;-0.98508;0.81594;1.2201;-0.43306;-1.2097;-1.7281;-0.35133;-0.88536;0.75067;-0.62074;0.7451;0.22254;1.138;-0.070191;1.7382;-1.0457;1.6139;-0.79722;-0.35686;0.52727;1.6409;-0.56872;0.28432;0.72063;-0.17669;-1.4772;0.97789;1.5098;0.46831;-0.46058;-0.30815;0.79642;0.71762
10;-0.36135;-0.30521;-0.60933;0.53228;1.3677;-1.1153;-1.0258;0.80926;-0.98055;1.5997;-0.68579;0.22172;1.6815;1.4128;0.73407;-1.4952;0.068155;0.42032;-1.4157;0.82739;-1.3474;0.043325;1.7679;0.41742;1.3727;-1.9296;-1.0657;1.2938;0.12948;0.05652;-1.5737;-0.035295;-1.1092;1.3337;0.41085;-0.64427;-0.86355;-1.2126;0.53055;-0.99441;1.2144;1.8045;-1.5367;0.92332;0.12629;-0.82947;1.1009;-1.0402;0.91083;-1.3188;-0.70194;0.51256;1.6198;0.95591;0.52694;-0.41708;0.61437;-0.44732;1.1798;0.81436;-0.36317;-0.75438;-0.88351;-1.1489;-0.73813;-1.0981;0.32144;1.272;1.4829;0.70491;-1.2329;0.91992;0.34716;0.022111;-0.094157;1.7024;0.82311;0.32294;0.28089;0.17154;0.28814;-1.2195;-0.95895;-0.90227;-0.42974;-0.57439;-1.4173;0.91741;-1.2369;-1.4221;-1.1969;1.3332;0.89612;0.098238;1.5844;1.3869
11;0.16835;1.6159;1.6233;-0.78815;1.3361;-0.45569;-0.80445;0.86735;1.6657;0.036483;1.6904;-1.2472;-1.5844;-1.8016;-1.2624;-1.1816;-0.65732;-1.6061;-0.89258;-0.97349;-0.60871;0.37287;-0.24985;0.38903;-0.73827;0.95288;-0.089795;1.3495;0.818;-0.16459;0.1723;1.4202;-1.0859;-0.38758;1.2047;-0.39178;-1.4391;1.0641;0.57688;-0.0985;0.25411;0.77159;-0.7009;-1.3397;-0.97834;1.4846;0.099316;0.064023;-0.63565;-1.2109;-0.040005;-0.71223;-1.3909;1.6741;-0.42636;1.3559;-1.0112;0.77682;0.93021;-1.0986;0.40047;-1.8105;-0.98083;-1.6003;-1.6178;0.39428;0.24379;0.47304;1.3491;-0.86271;-0.15416;-1.3898;1.6923;0.85484;-1.0675;-0.67271;0.61003;0.18634;-0.02906;1.4615;-1.6132;-1.4796;1.2199;0.44492;-0.028447;-1.0457;0.56594;-1.2029;0.45121;0.90738;-1.7622;0.24696;1.3028;-0.59775;-0.99127;0.98817
12;-1.0169;-0.049615;-0.17973;0.29955;-0.82207;0.73645;0.70473;-0.7055;0.68318;-0.90178;0.91434;-1.2113;-0.66227;0.38401;1.6956;-1.2885;1.7299;0.083913;1.0071;-1.586;1.6588;-1.3083;-1.3896;0.63715;-1.5816;-1.2597;0.69578;1.0948;-1.0239;1.2665;0.060478;-0.34527;-0.80374;0.14157;0.96029;0.085428;1.5154;-0.8483;-1.1344;-1.2869;-1.4349;-0.91853;1.3791;1.4297;0.61067;-1.2709;0.23064;0.19475;0.3647;0.4722;1.2651;-0.8631;0.47854;1.6346;1.0523;-1.554;0.94887;-1.3619;0.45687;0.0094378;-0.42151;-1.0194;-1.0848;-0.75492;0.54491;1.3654;0.85296;-0.77224;0.24837;0.33471;-1.47;-0.81828;-1.0466;0.38691;0.19154;-0.61297;0.37572;0.11344;-0.94397;-1.131;0.89504;0.070541;0.23069;-1.3254;-0.15659;1.1838;-0.76371;1.2469;0.59182;1.3395;1.2568;-1.2203;-0.64852;-1.2066;-1.1448;0.18967
13;0.32654;-1.4791;0.72032;1.4071;0.46775;0.43406;-1.8622;-1.0424;1.0577;-0.61541;-1.6824;0.3749;0.69986;-0.22417;0.7957;0.54553;0.92099;0.15959;1.1036;1.409;-1.6718;1.6797;-0.91645;1.3385;0.46445;0.23702;-0.39182;-1.3459;1.4331;-0.48299;0.64619;-1.2125;-1.2248;0.032813;-0.12954;-1.1686;0.70545;1.9296;1.9268;-0.4324;1.1084;-1.1811;-0.10403;-1.2674;0.88965;-1.726;0.33182;1.1423;-0.47378;-0.91018;0.98783;-0.73834;-0.59203;-0.82017;1.4889;0.27194;1.0878;-0.5859;-0.91449;1.0095;0.85915;0.72179;-1.1836;-0.70627;0.25963;1.2421;-1.0936;-0.84336;0.47684;-1.3582;1.0322;-1.3468;0.222;1.2486;0.98172;-1.2212;-1.4205;-0.66429;0.50924;-0.92961;1.0119;0.82282;0.0014624;0.0032087;0.57951;0.022917;1.1914;0.12564;-0.087964;0.47076;0.84058;-1.387;1.0092;1.5341;-0.23432;-1.9516
14;-0.40495;-0.55995;-1.089;0.8378;-1.527;-1.0714;-1.7744;1.7583;-1.4001;-1.2862;-0.39174;0.84896;0.12709;-0.48523;-0.42135;-0.98913;1.4751;-1.5835;1.6721;-0.8255;0.8451;-2.0262;-0.51412;1.801;-1.2839;-0.25378;0.083393;-0.27389;-1.5438;-0.14294;-0.40823;1.6309;0.037435;-1.0961;1.0126;-0.90387;-0.22896;-0.93327;-0.50211;1.2062;-0.23459;1.5429;-0.12582;0.90993;1.3995;0.080788;-1.7489;1.0054;-1.0468;-0.19081;-0.56456;-0.55111;1.0119;-1.6916;1.0423;-1.7091;1.1564;-1.5102;-1.0392;0.52464;0.020065;-1.5879;-0.99827;1.0086;0.90704;0.49542;-1.0148;-0.0084996;-0.25226;0.52408;1.5566;1.2049;-0.94691;-1.0754;-0.6971;-0.63536;-1.3241;-0.74851;-0.18211;-0.41384;1.6915;-1.0248;-0.55244;-1.2769;-0.43407;-0.36504;0.61835;0.80684;-1.4676;-1.244;-0.093071;0.33611;-0.63224;1.2818;0.33399;0.10728
15;0.39351;-0.42135;1.3375;-1.8936;-1.4445;0.82263;-1.0768;-1.4469;-0.20302;1.6347;1.633;0.48739;0.53006;-0.97069;1.59;0.30907;-1.6749;1.3771;0.53926;1.2576;0.8104;0.45237;-0.8378;-0.84517;0.48189;1.1314;-0.56101;0.21377;-1.0003;0.47814;-0.39328;0.95625;0.23922;1.1268;0.17967;-1.2183;0.57419;-1.344;1.3448;1.433;1.0202;1.1666;1.2912;-0.8595;-0.13451;0.58225;1.3864;-1.5296;1.321;0.84175;-1.5043;-0.64229;0.75864;0.36103;0.9258;0.80193;0.65753;1.3305;-1.5169;1.5069;-0.77122;1.0467;1.8268;0.34022;1.5093;1.1061;1.1715;0.0048554;-1.5296;-1.5436;0.53688;-1.4055;-1.7049;0.11524;0.0099947;0.54663;-1.5268;0.58682;1.0141;1.2859;0.31;0.51727;1.3817;-0.53486;0.2937;0.18586;1.1028;0.105;-1.0659;-0.81628;0.30651;0.94316;-1.0965;0.71531;-0.19465;0.64876
16;-0.5999;-1.4671;-1.1855;0.74713;0.79222;-1.7907;0.064833;-0.85632;0.44822;-1.6695;1.0384;0.52764;0.14118;-0.79157;0.24081;-0.081002;0.32444;-1.5524;-0.073727;-0.44598;-1.4381;-0.44141;-0.57089;-0.33239;-1.4781;0.92813;1.1319;-1.4227;1.7137;0.47093;0.8476;1.5762;0.51825;-1.5737;-0.24089;-0.77661;1.1539;-0.74304;1.4986;1.0875;-0.38616;0.67918;0.37156;0.019037;0.046967;-0.31654;-0.87035;1.3219;-0.94166;0.50841;-0.4016;1.2221;0.60767;-0.18882;0.74368;0.61578;1.4976;-0.82996;0.33143;0.49195;0.34275;0.40301;-1.1925;-1.6265;-0.83664;0.55388;-1.5289;-0.060771;-0.42273;-0.80741;-1.4511;0.56117;1.492;-0.8395;0.84768;1.1458;0.52399;-0.95219;0.57984;0.50895;-1.6635;-1.1691;1.1699;0.027594;0.76901;0.15717;-0.1408;-1.783;-0.51514;0.091827;-1.7701;1.361;-1.4489;0.080214;-0.86111;-1.8461
17;-0.96086;1.4983;-0.70525;0.71592;-0.87943;1.0248;0.41339;0.55133;-0.86623;-0.13882;0.82486;-1.3888;-0.4222;0.53689;-0.41165;1.477;1.2216;-0.55649;-0.60438;-1.2088;0.9874;-1.5161;-0.2115;1.1697;1.3657;1.4079;-0.41196;0.33275;1.2067;-1.5608;-1.1922;1.4042;1.6052;-1.3915;0.85121;0.85076;-0.23071;-0.84023;0.96882;0.94355;-0.26531;-1.315;0.79259;-0.74675;-1.5794;0.090097;1.1521;-0.68674;-1.235;1.1431;-0.88679;1.396;-1.3578;0.21675;1.1365;-1.0782;0.35591;-0.46053;0.19757;-1.741;0.99212;1.0063;1.6844;-0.15913;-0.20155;0.34156;-0.52282;-0.18122;0.82774;0.74769;0.59529;1.4221;1.0672;-0.11077;-0.1858;1.5158;-1.4898;-0.84981;-0.78764;0.003093;-1.5797;0.81504;0.37415;0.47548;-1.3988;-0.3669;-0.63184;1.1701;1.4434;0.95701;0.66635;0.47757;0.40049;1.6875;1.5404;-0.048417
18;-0.40384;-0.64191;1.5575;-1.8642;-1.1663;-1.6991;1.6448;-0.18376;-1.3005;1.78;-1.0929;-1.3956;0.067385;-0.58067;1.281;1.455;-1.5753;-1.3586;-0.38546;-0.95606;1.0964;0.98433;1.3749;0.59306;-0.77381;1.249;0.19064;0.3957;0.31596;-0.74691;0.83094;1.1878;1.4573;-0.78559;-1.1677;-1.4861;-0.35407;1.3737;0.26332;0.41616;0.070979;0.93593;0.4737;0.80263;0.68187;0.97122;0.67261;-0.63039;0.574;-1.173;-0.94054;0.99889;1.6506;0.42448;-0.42635;-1.2901;-1.0883;1.5246;-0.60702;-1.135;0.95774;-0.95922;0.3464;0.82641;-0.018951;0.67257;-1.642;-0.76925;1.1043;1.1857;-0.53096;0.39592;-0.090618;-1.7691;-0.010245;0.86148;0.64081;0.34224;-0.21831;1.3687;0.46581;-0.49182;1.193;-0.26893;0.5165;0.438;1.4116;-0.76225;1.1765;0.072612;1.5087;0.44782;-1.6868;-0.34371;1.6785;-1.5639
19;-0.3983;-1.0034;-1.1893;0.59424;-0.58431;0.20418;1.3474;-1.3895;-0.098396;-0.84122;-0.18138;0.2082;0.57549;-0.74099;0.44787;1.4494;-0.3597;-0.50733;-0.26298;0.31511;-1.043;-0.79196;1.2576;-0.74832;-1.0839;-0.79519;0.781;-1.522;-0.97124;-0.65758;-1.0658;0.92622;1.5185;0.46486;-1.0319;-0.62878;-0.41015;0.83197;-0.3339;-0.18254;-0.31214;-0.74516;-1.4484;-1.4444;-1.2236;-0.96036;1.0662;0.3877;1.0315;1.6075;0.33558;1.2157;-1.2807;-1.1325;-0.81573;-1.3683;1.4021;-1.6077;1.7785;-0.61025;1.6872;-1.809;-0.61503;-0.84477;0.83895;-1.4602;-0.83167;-1.2114;0.57156;-0.0092529;0.68074;1.6871;-0.48589;0.59515;0.4624;-1.5433;1.3874;1.6845;-0.59777;1.3222;1.7449;-0.89776;-1.145;-0.34044;-0.74484;0.98919;0.45352;-1.0899;-1.3494;-0.69607;-1.289;0.98436;-0.4396;1.0882;0.34456;0.6916
20;-1.2352;1.6953;-0.012494;0.24796;1.3337;-0.61516;1.4978;-0.66999;-0.12752;-0.17771;-0.38421;-1.245;0.91811;0.63479;-1.4088;-0.8658;1.0349;1.3509;0.86942;0.085948;-0.44931;-1.0161;-0.15765;-0.45055;-1.1172;-1.7408;1.0459;-1.6535;-0.51154;0.10003;-1.2111;1.0777;0.0071095;-1.191;-0.63617;0.33046;1.4219;1.6075;-1.2374;1.1131;-0.65797;-0.93527;-0.66722;0.48424;1.8201;1.3574;-1.7621;0.17932;0.384;-1.1853;-0.76315;-1.2662;1.4647;0.12771;-0.99686;-0.64319;0.67969;0.54607;0.91431;1.5197;0.31881;0.12587;1.4145;-0.047779;-0.70394;-0.23038;1.6064;-1.0514;-0.50366;-2.0482;-0.26638;-1.2186;1.4254;-0.10304;0.78803;-0.83648;1.3313;-1.6606;0.42739;-1.2606;-0.61619;-0.5718;1.4951;-0.48394;-1.1681;-0.69439;-0.40335;0.45505;1.1316;0.19772;-1.8958;-0.65039;1.4928;-1.52;-1.6716;-1.2866
21;-0.90282;1.6866;0.84717;-1.1812;-1.1423;-1.2813;-1.0333;1.6153;1.6487;0.58293;0.63357;0.45564;-0.074501;-0.19966;0.34047;-1.01;-0.17614;1.1309;0.87547;-0.21008;0.93704;-0.94767;0.91814;0.93977;0.66933;-1.0584;-0.19569;0.013457;-1.0528;-1.5183;0.13952;0.40007;-0.92584;-0.16619;0.85083;0.35102;0.52357;-0.53975;0.13221;0.84248;-0.46144;-0.95271;1.1832;-0.75076;2.0262;0.27479;0.70529;-0.46318;1.559;0.13975;-0.97971;0.062303;-0.066175;-1.6317;-0.42627;-0.90862;-0.35447;-0.7881;-0.12538;-0.35206;0.7242;1.1441;-1.1179;1.0823;-1.8522;-1.5179;0.38654;-0.53871;-0.56732;0.27366;0.5172;-0.79217;-0.69375;0.75498;0.70154;0.054034;-0.65527;-1.3471;-1.5412;0.42582;0.33143;-1.3921;-0.10482;-1.4516;0.32021;1.2776;-0.12994;0.86199;-0.39835;1.4677;0.59677;1.428;1.6013;1.3116;-1.0774;0.86211
22;0.020595;-0.32828;-0.29878;-1.798;1.1006;0.10546;-0.9869;-0.79474;0.69605;-1.5196;0.16977;1.0452;-0.050982;-1.1811;0.43493;0.65856;0.60499;1.8067;-0.42514;0.1614;0.6228;1.3097;-1.4201;-0.93044;1.5732;-0.56069;0.51887;0.34306;1.2678;-1.3704;1.4412;-0.79792;-0.42893;-0.41444;-0.76597;0.080916;-0.56319;0.097445;-0.43996;1.1619;-1.0488;-0.57709;0.80874;1.9997;0.031432;-0.95797;0.013579;-1.7458;-0.69645;0.81913;1.8273;0.91125;-0.79007;-0.58956;-1.1514;0.39262;1.2157;0.15408;1.4599;1.3901;-0.92718;0.00081667;-1.0881;0.76733;0.8962;-1.5618;0.59333;1.4061;1.0332;0.33059;-1.7145;1.2084;0.79373;0.9703;0.090818;0.15816;0.26155;1.2852;0.68488;-1.5782;-1.0482;-0.25929;-1.2486;1.0051;1.2267;-0.69822;-1.1635;1.1749;1.3793;-0.83735;-0.70656;-0.4763;-1.2456;-0.026768;1.1222;-1.8086
23;1.1535;-1.3841;-0.98112;-0.40911;-1.2525;-0.76012;0.26812;-0.16283;0.9123;-1.1911;1.4148;1.4961;1.4556;1.4179;1.1726;1.3393;-1.4888;0.942;-0.97129;-0.86105;1.7583;0.67762;-0.20123;-1.5158;0.98461;1.5171;-0.66925;-0.85168;0.27453;-0.28108;1.678;0.090727;0.75262;-1.0272;1.0413;-0.58377;1.3056;-0.50807;0.75936;0.11082;1.1847;0.12292;1.5007;-1.2554;0.71495;-0.73575;-1.5983;0.73234;0.80494;-0.87015;-0.33533;-1.3102;-0.2162;0.57394;0.30086;1.1768;0.028261;0.81932;0.35833;-0.75833;0.5727;1.1463;-0.98356;-1.4107;0.70185;1.3708;0.31209;-0.28913;0.11229;0.5844;-1.6436;-0.51235;-1.3335;-1.4865;0.84005;-0.53829;0.58077;0.31885;0.5623;-0.00019637;1.5353;0.76121;-1.1815;0.022298;1.0835;1.3325;-1.5859;-1.1642;-1.2643;1.6357;-0.10176;-1.4549;1.0433;-0.076182;-1.0745;0.91632
24;0.055503;1.6835;-0.56174;-1.1867;-0.57196;-0.2547;-0.31452;0.63066;-0.52838;-0.023852;0.73421;-1.0766;1.7816;-1.6115;0.28355;-1.5558;1.5625;-0.41245;-1.3907;1.5689;0.58617;-0.72534;1.2309;-1.7311;1.0478;-0.57357;-1.0178;1.0344;0.23791;0.57064;0.80132;-1.05;0.1329;1.4275;1.028;-0.72366;1.1433;-0.54919;-1.3643;-0.24431;0.5236;0.79109;0.59612;-0.8709;-0.92165;0.41657;0.47624;0.12887;-1.2554;0.11593;-0.23323;-0.93663;0.37051;1.2928;-0.26499;1.6366;0.2106;-0.48534;-0.99212;1.3127;1.1266;-1.1046;1.7939;-1.6453;-0.80085;-1.0418;-0.54588;0.79983;-0.82982;1.2029;0.5613;1.0123;-1.5604;0.71543;1.3603;0.27572;0.52242;-0.066488;-1.5698;0.40169;-0.2628;-1.5996;1.329;1.4224;1.3142;0.18797;0.36484;0.62653;0.56495;1.6655;1.0274;-0.43239;-0.4497;1.002;1.2027;-0.60908
25;-0.080087;-1.4944;-0.44291;-0.6005;0.99852;0.53986;0.42999;-0.98227;0.40466;-0.20684;-1.3277;0.059724;-1.1833;1.67;1.2428;0.72777;0.25489;-0.49812;-1.3376;-1.2622;-0.31717;-0.15978;-0.65233;0.84524;-0.77759;0.12662;0.13172;1.4525;-0.13185;-0.45997;1.3808;0.45253;-1.5086;0.12875;-1.0837;-1.4416;0.40664;0.46857;-1.2925;-0.88459;-1.5631;0.054607;-0.92274;-0.76657;0.33996;1.4749;0.88678;-0.014648;0.63811;-0.74261;0.10984;0.36715;-1.2507;0.25803;-0.1603;-1.2527;-0.34811;-0.26846;0.69132;0.81033;-1.425;0.91892;-1.1454;1.0674;-0.46324;-0.77609;-1.1892;-0.52688;0.39909;1.5601;1.6229;0.7959;0.94411;1.294;-1.2133;-0.79448;0.86013;-1.8684;-0.57982;-1.2449;-0.78925;0.84795;0.6685;-1.0901;-0.18207;0.83286;-0.48766;1.4533;0.82602;0.26132;-1.8553;-0.50291;0.044578;-1.0991;1.5638;-0.74
26;1.9657;-1.5607;-1.3973;1.0098;0.65619;0.30133;0.14278;0.2807;1.4931;1.7381;-1.2715;-0.28166;0.34535;0.22974;0.3378;-0.7646;0.073926;0.89786;1.5965;0.45054;-1.6661;-0.48543;-0.095169;0.87631;-1.2804;-1.6294;-0.085539;-0.17529;-0.34669;0.22135;-0.95401;-1.1611;-1.1221;1.4576;-0.22576;-1.4895;1.5076;1.2637;-1.4498;-1.2334;0.78456;0.72364;-1.4669;0.1434;-1.5299;-1.1656;0.10335;1.2268;-1.5165;-0.33695;0.57249;1.1899;-0.99669;-0.28361;1.3665;-0.21259;0.78648;-1.5775;-0.84706;-1.5497;0.95075;-1.4261;-1.1399;-0.35193;-0.65686;0.46668;-0.023723;0.3175;0.76023;-0.11896;0.089029;1.4194;-0.39607;0.58214;0.66294;1.3826;-1.6276;-1.7086;-1.3282;-0.17696;-0.30601;0.49322;-0.85195;-0.11304;0.21355;-0.80269;0.86701;-1.6839;0.47197;0.39484;0.30063;-0.054926;1.4399;-0.54501;-0.86676;0.72937
27;-0.70211;0.29051;-0.84775;-0.14692;-1.1542;1.12;1.1912;-0.23731;1.382;0.27291;-0.04532;-0.084658;-1.4959;-0.13286;-1.4342;-0.15834;1.4285;-0.33327;-1.3576;-0.95031;0.77534;0.1155;-0.6089;-0.72304;-1.3822;0.30366;0.2822;0.16668;-1.5624;0.29242;-1.4688;1.1686;-0.36078;0.65948;-1.1198;-0.1179;0.53403;1.2271;0.77281;1.4829;-0.79673;1.2475;-0.94889;1.2942;2.0105;0.58105;1.0657;0.79778;0.93559;-1.4421;0.058286;-1.2737;-1.4064;-1.2447;0.59944;0.7859;-0.95429;-0.74171;1.3637;-0.051948;0.10971;0.44969;-0.25883;1.4597;-1.3712;0.83646;-0.34936;0.54579;1.4129;-1.3886;-0.55192;-0.99097;0.30299;1.38;1.3796;1.7129;-0.29648;-0.20241;1.1655;-0.81928;1.6357;1.5126;0.66784;-0.76954;1.5123;-2.0889;-0.74276;0.41243;-0.41153;0.31831;0.47452;-0.59531;0.93922;0.19387;-0.86911;1.1867
28;-1.0221;0.53839;-0.57425;1.1748;0.25345;1.4164;-0.63852;-1.1803;0.98578;0.52641;-1.3894;1.8487;-0.39065;0.54047;0.65135;1.3704;-0.22325;-0.61219;1.1925;0.81552;0.047011;-0.6842;-1.1168;-1.1469;0.29041;1.6627;-0.16122;-1.1173;-0.6537;0.33214;0.97147;-0.14313;-0.2464;-0.5652;-1.659;-1.0479;-0.68824;1.2431;0.15104;-1.132;-1.3428;1.4737;-0.83824;-0.50854;-1.6384;-1.5429;0.62576;0.10975;-1.5704;-0.22307;0.59582;-1.0621;0.81972;-0.76311;-1.1128;1.7377;0.11571;0.46455;-0.65968;0.12063;-0.81524;-1.4457;0.16886;1.2907;1.5444;1.647;0.74468;1.1335;-1.6505;0.20172;-0.56706;-1.1837;0.81891;-0.86433;-1.406;0.33911;1.4448;1.1968;1.3021;0.27259;-1.0796;1.7033;0.0033148;-1.7271;-1.389;-1.8956;-1.6208;-0.77618;-1.4026;-0.03297;-1.1603;-0.66291;-1.3673;1.7387;-0.70071;-0.54594
29;-0.6812;0.44438;-1.2155;0.89511;0.14645;-1.3372;0.16723;0.16994;-0.34316;0.094356;1.3617;0.17937;-0.15593;0.55389;0.78829;-0.033318;0.51112;0.18535;0.33735;1.2342;-1.1355;-1.2281;1.5541;-0.30522;-0.78849;-1.0482;-1.0174;0.98869;-1.4792;1.4607;0.37662;-0.48324;-1.1658;-0.084633;-1.6008;-0.47067;0.56262;0.92745;1.2601;0.4333;-0.016321;-1.3447;-0.12423;-0.38812;-0.5861;1.3519;1.2647;-0.37544;-0.6192;0.7169;1.0415;-1.4996;1.3631;0.17018;1.5221;-0.40704;1.079;-0.77944;-1.3963;0.7611;0.86825;1.538;-0.89391;-1.4675;1.0496;-1.4219;-1.1707;0.39382;0.91698;-1.8176;-1.4125;-1.1246;-0.65551;-0.74111;-0.48377;-0.28654;-0.36175;0.89763;0.74584;-0.55729;1.333;0.21202;1.0453;0.72639;-0.39273;0.69547;1.2174;-1.2614;0.35442;1.7659;-0.11699;1.5425;-1.3254;-0.88728;-0.57791;0.92987
30;-1.08;0.37909;0.79984;0.99256;-1.3568;-1.0737;0.63915;1.2268;-0.93807;-0.52611;0.35108;0.68514;0.41343;1.5087;-0.48986;-0.33655;1.6521;0.5818;1.0088;1.0002;1.267;-0.80657;-0.23514;1.6043;-0.98949;0.52535;1.4498;0.64742;1.6373;1.2816;0.28674;-0.0029023;0.20524;-0.26926;0.94884;0.77713;0.413;1.0414;1.3998;-0.0049012;0.53268;-0.61615;0.91147;-1.1689;-0.52429;-1.0596;1.3363;-1.5242;0.090451;-0.81039;-0.7856;0.55898;-0.40386;1.7212;0.25006;-1.449;1.1854;1.5727;0.37727;-1.6157;1.5154;-0.74805;1.8027;0.57484;1.3631;-1.1406;-1.2146;-1.5776;0.40642;0.12999;1.0561;-0.29926;1.0237;-0.97584;-1.2647;-0.69565;-0.0052179;1.3454;-1.0758;0.21091;-0.27234;-1.3396;0.091479;-0.82314;1.2252;0.9372;-1.5193;1.3371;-1.43;-0.67841;-0.29634;0.63083;1.0286;-1.0962;-1.1849;0.36395
31;-1.065;1.3854;-1.4224;0.15887;-1.1338;0.030614;-0.19189;-0.16485;-0.58359;1.2125;0.58826;-0.45262;-1.2085;-1.8926;-1.2619;1.3416;-1.6111;-0.76717;1.4636;1.5025;-1.682;1.6505;-1.0752;-1.7146;0.18229;0.65257;0.99094;0.7791;0.86858;-0.46522;0.98096;-1.0353;-0.21752;0.44917;1.2139;1.5491;-0.4069;0.47726;-1.113;0.44798;-0.19735;1.0342;0.033036;-1.4084;1.3789;0.16262;0.34366;1.5881;-0.064471;-0.3715;0.24517;-1.044;-0.89171;1.4271;0.93142;1.106;-0.18716;-1.2158;-0.45869;-0.98394;0.30259;1.345;0.61677;0.67453;-1.6019;1.2274;1.1336;0.89146;1.0557;1.3873;0.94335;1.4538;-0.021867;1.3832;-0.3034;1.3595;1.6389;-0.78077;-0.46488;-0.20579;-0.56686;1.689;-1.2591;-0.09807;-1.2158;0.12627;-0.14971;-1.0419;-0.064432;-1.0585;0.74618;-0.55853;0.77163;-0.95733;1.0632;1.1256
32;2.1153;-0.37843;1.3343;0.13674;-0.756;1.0687;0.47409;0.70188;1.5893;-1.403;-1.0219;-0.50159;-0.99693;1.5209;0.69697;0.18039;-0.27086;-0.39228;0.77252;1.5974;0.70008;1.2026;0.77887;0.64822;1.1734;1.1412;-1.3682;1.1519;-1.1334;-1.145;0.7264;-0.48332;1.2484;0.12756;-0.24036;-1.5007;1.1391;-0.030557;1.2497;-1.0259;-1.7593;-1.4466;1.1782;0.70875;0.3461;-1.1628;0.17608;0.90854;-1.1755;-1.0583;-1.3346;1.1147;0.36433;0.044969;1.5774;0.075601;1.5232;0.14962;0.086979;0.60153;-0.18396;-0.7596;0.052643;-0.19906;-0.56068;-0.31097;-0.19456;1.3457;1.2586;0.31752;1.0051;-0.86155;0.07806;1.0382;1.1859;-1.187;1.2897;0.68784;-0.60164;0.97197;0.35498;0.26992;-1.0876;-1.4044;-0.33144;1.0036;-0.036662;-0.1061;1.365;-0.4976;0.4776;0.58165;-0.3145;-1.3473;-1.5078;-1.4193
33;0.27094;0.574;0.44045;-1.7292;-0.58479;-1.4494;1.8484;-0.75041;-0.94276;1.0303;-1.1217;-1.577;-0.091046;1.3739;-1.4825;0.6584;-1.1112;-0.25548;1.3965;-0.47358;-0.096962;-0.71212;-1.0127;-0.43828;-0.34646;-1.2264;-1.6632;-1.5508;0.36792;-0.49422;1.3927;-0.99543;-1.6641;-0.95516;1.124;1.8067;-0.31562;-0.3271;0.79768;-0.8757;0.20239;1.3341;0.19928;0.86544;1.1224;1.1824;-0.9104;1.3386;0.41424;0.71206;1.8285;-0.29054;-0.85354;-1.3826;-0.48851;0.20778;-1.0272;1.5521;0.014374;0.75109;0.43513;0.20818;1.6287;1.0087;1.2036;-1.1605;-0.67127;1.6323;1.3802;0.92913;0.82346;-1.4735;0.74426;-1.6919;-1.0747;-0.79151;-0.7747;-0.65361;1.2124;-1.2896;1.6732;-0.72593;0.87759;0.15059;1.7747;0.2458;1.4083;-0.91896;-0.14687;0.50566;1.526;-0.23523;-0.098877;1.1854;-0.28191;0.86425
34;-1.1915;0.56858;1.4876;-0.72088;1.03;-0.53101;-0.43608;-1.3297;0.52508;0.10032;0.46997;-1.4809;-0.20811;-1.4907;-1.7166;-0.23697;-0.37818;-1.7116;-1.1816;-1.4292;0.23269;0.033961;0.46151;1.0702;0.50893;-0.025545;-1.5503;1.4542;0.64152;1.4508;0.33196;0.98034;1.1965;0.81378;0.50337;1.6752;-0.39908;0.18044;0.42019;-0.9679;-0.52009;-0.20355;0.35657;0.72216;-1.5326;-1.6227;-1.4283;0.38853;-1.2474;1.2558;-0.35685;-0.68532;0.17307;-0.48786;1.1679;1.6435;0.50194;0.42226;-1.271;1.0269;-0.83907;0.39135;0.76217;-0.1899;0.054765;1.0948;1.5306;1.6472;1.4063;-1.0118;1.5284;-0.32636;1.1869;-1.6128;-0.49462;-1.1841;-1.4437;1.2003;0.41179;1.2279;-0.43624;-1.0763;0.66569;1.5899;-0.83031;-0.82731;1.0391;1.2438;1.6133;-1.2525;1.1631;-0.41399;-1.3778;1.5794;1.5669;-0.15714
35;0.37014;1.1356;1.4342;-0.27943;-0.94986;0.70998;-0.66537;0.023966;0.27488;1.1378;-1.6656;-0.95032;1.3808;0.36043;0.19675;1.2808;1.0109;-1.0766;-1.2258;-1.0515;0.27655;1.2481;1.6571;0.68451;0.39924;0.196;-0.052246;-1.162;1.3598;0.34111;0.9217;1.195;-0.74414;0.78365;0.50291;-0.83415;0.44337;-1.0373;-1.4912;1.3889;0.98816;0.13105;-1.0949;-1.3584;1.3106;1.4369;0.46486;-0.63245;-0.81857;1.2801;-0.99708;0.9756;-1.1242;-0.88865;-1.1179;-1.8227;1.0193;1.7291;0.97883;-1.3995;-1.805;-0.29511;-0.84345;0.85695;-0.98968;-1.1163;-0.87612;-1.2487;-1.2515;-0.64133;0.28564;-0.88648;-0.30992;0.13274;-1.1637;-0.76804;0.81589;0.1122;0.43666;1.6774;-1.3452;0.35566;0.20166;1.107;-0.41117;-1.6545;-0.63304;-1.9041;0.043282;-0.94964;-0.2339;-0.59164;-0.50151;-0.0019437;1.3285;-1.3752
36;-1.0399;-0.8999;-1.1857;1.3588;0.1905;-0.065374;-1.5815;1.5839;1.4908;-0.068435;1.6004;0.2887;-1.3544;0.36996;0.22002;-1.115;-0.34326;-1.166;0.13777;0.98711;0.0606;-0.33001;-1.4124;0.36419;-0.60679;-0.18807;-0.23186;0.56862;-0.12075;0.99567;-0.768;0.20619;0.76963;0.56671;-1.6739;-0.11396;-1.6445;-0.70007;0.29966;0.35803;-1.0553;1.7138;0.059857;1.3183;-0.069565;1.2744;1.2781;1.6396;-0.010538;1.8042;1.6241;0.81849;1.4643;-0.60582;0.42986;0.10926;0.82558;-0.20732;0.61626;-0.48432;1.2465;-1.2329;1.1646;0.86124;0.52071;0.31552;-0.24555;1.1329;-0.86311;0.5797;-0.15387;0.30594;0.71149;0.17264;1.6974;0.33442;1.4952;-0.92168;-1.1657;-0.85643;-1.2929;-0.77706;0.85148;0.01059;0.54826;-0.15034;1.0292;-1.0895;0.0021685;-1.1489;0.77713;0.012182;1.5212;-0.67175;-0.61296;-0.31831
37;-0.57923;-1.3222;1.2561;0.42949;1.5283;-1.7531;0.86611;-1.3776;-0.85277;-0.091912;0.048204;0.59359;-1.0873;-0.31701;-1.6326;1.0591;1.0582;-0.12587;0.28082;-0.59053;-0.42268;-0.077069;-0.69705;0.47856;-0.96681;0.17932;-0.17355;-1.1632;1.5593;1.3183;-1.5311;1.0585;-0.72965;-0.49623;1.3627;0.20292;-0.21192;0.609;-1.0975;-0.14396;0.28743;-0.93393;-1.1689;-0.48068;-0.66889;1.1237;-1.6216;0.13798;-1.2326;-0.90514;-1.3192;1.4396;0.13116;1.0314;-0.23211;0.36082;-0.022877;-0.43669;-0.10101;-0.46156;0.027467;1.3911;1.4805;-1.1338;-0.69299;0.9818;1.5361;-1.5197;-0.74601;0.99313;0.77112;-0.33407;0.69914;-0.70328;1.0585;0.29464;-0.33425;0.14036;-1.438;0.56054;-0.23485;-0.77407;-1.227;0.30686;1.4626;-1.6345;1.195;-1.1464;0.79504;-1.1478;0.7324;0.76786;-0.35664;-0.18613;1.4138;-1.1595
38;0.13677;0.68567;0.16283;1.4352;-0.1155;-1.0832;0.73332;-0.66915;1.3246;0.90017;0.069295;-1.5698;-1.0169;0.53058;0.81756;-1.0872;-0.04317;0.25439;-0.42996;-0.92278;-0.40152;1.5888;-0.045378;1.6766;0.24678;-0.58661;1.0758;0.45209;1.1128;-0.97037;-1.1991;1.3826;-0.97812;0.1546;-1.1729;-1.0654;1.7612;1.5664;0.48973;-1.1354;1.8418;-0.83694;-2.055;1.1207;-0.53169;0.10818;-0.38967;-1.4564;0.45896;0.55721;1.0556;1.1595;0.98342;-0.81767;-1.2989;-0.78016;-1.5752;0.44847;-1.6896;-1.7118;-1.9999;0.81063;-1.2035;-1.6703;-0.26709;-1.6158;0.40091;0.82222;-0.92264;-0.59981;0.30389;-0.16804;-1.2814;-0.50899;0.058607;-0.93755;-1.0346;1.2272;0.0057527;-0.68581;-1.1995;0.74336;-1.3737;-1.2098;0.87385;-0.54017;1.3151;-0.87078;0.43918;-1.0673;0.43655;-0.21782;1.0656;-1.4424;-1.3278;-0.058236
39;-0.40058;-0.91732;-0.95411;-0.38017;0.24815;1.1306;-1.8719;1.0179;0.1763;-1.7326;1.5885;-0.66137;-1.6046;-0.98031;-0.46876;-1.1395;0.39701;0.52316;-0.86655;1.1166;1.1152;-0.34684;0.90812;0.77778;1.3288;-0.13906;-0.45167;1.4308;1.3527;1.8036;-1.7544;-1.5234;0.79865;1.5453;1.1317;0.68276;-1.4585;-1.543;0.50129;-1.2684;0.63553;1.8124;0.29455;0.66053;0.33711;0.56711;0.4873;0.85224;1.3858;1.1466;0.62329;-0.11219;-1.3736;0.14874;-1.0871;0.33686;-1.7406;-0.22893;1.868;0.73592;1.4898;0.19308;-0.57006;-0.36538;1.0655;-1.2556;0.32525;-1.5722;0.0136;0.80616;-0.043192;-1.2468;-0.84246;-1.7062;-0.57239;-0.49651;-0.10818;-1.4686;0.96142;1.2298;1.0336;0.54371;-1.4682;-0.60868;-0.7089;-1.5768;0.72444;-0.88859;0.7233;-1.1551;1.091;1.4438;1.5305;0.64465;0.84034;-0.12231
40;0.071917;1.4991;0.41472;0.32594;0.77471;-0.84265;0.80619;-1.1688;0.014287;-0.47936;-0.1778;-1.7159;-1.4868;1.0815;1.6529;-0.032467;-0.41866;1.5414;-1.0939;1.3891;-0.87402;-1.2114;-1.4728;-0.64444;0.8852;1.0742;1.3636;0.25553;-0.14506;1.5892;-0.88027;-1.0271;0.94532;-1.6441;-1.148;1.1306;0.025188;-0.21578;0.49604;1.5983;-0.22592;0.66292;-0.27447;1.5309;-0.0087639;-1.0234;0.52284;-0.066344;-0.67979;-1.388;1.625;-0.0082153;-1.4344;1.3354;-1.4051;-0.016679;0.27726;0.63045;0.51984;-1.4321;-0.83082;-0.70465;0.16389;-1.5195;1.1698;0.40576;0.21475;0.3437;1.2899;-1.9727;0.93714;1.227;-0.23079;1.4186;0.37143;-0.10599;0.066264;-0.93987;1.644;-1.4188;1.6222;0.57695;-0.85908;0.95448;-1.4663;1.5722;-1.4449;0.8246;1.1753;0.06429;0.44353;0.44819;0.12407;-0.55702;-0.82515;1.2645
41;-1.277;1.0948;-0.70856;0.47095;-0.41976;0.74752;-0.16692;-1.3552;-1.4949;1.8146;0.15557;1.552;-1.0133;-1.424;-1.2535;1.0087;1.5874;1.4451;0.80953;-0.39364;1.2076;0.51735;-0.041424;0.14609;-0.89319;-0.37549;-1.1531;-0.27459;0.69031;0.79439;-0.015585;-0.21891;1.6568;-1.1035;0.11354;0.84078;0.0819;-0.72328;0.72134;0.24693;1.1718;0.16875;-0.97488;-0.46206;0.51874;0.48764;0.38271;0.69336;1.4963;0.7683;-0.51525;0.24721;-0.22668;-0.25645;-1.5235;-1.4101;-1.6222;-1.4678;0.088083;-1.07;0.31478;-0.73009;-0.43707;0.4193;-0.95608;-0.49427;0.31053;-0.043369;0.060658;0.21995;0.52775;0.052116;-1.5392;1.3455;1.6668;1.5133;1.7262;1.1205;-1.5636;-0.6209;0.57775;-0.27066;-1.5998;-0.84224;0.29113;0.68598;0.084095;1.207;-1.3043;1.7652;1.3655;-0.53123;-0.27787;-1.3187;-1.6944;-1.4376
42;-0.61725;-0.1521;1.4343;-1.7045;1.3016;-0.38653;0.7864;1.3988;-1.2166;-0.83555;-0.085556;-0.95291;0.5374;-0.64199;0.80909;1.0501;-1.4792;-0.99466;-1.2511;0.20391;1.1146;-0.87298;1.0809;0.52436;0.64599;1.3432;0.74237;0.89515;1.6783;-1.0609;-0.0051465;-1.531;-0.37996;0.41594;-0.17692;0.9153;1.0768;-0.70639;1.5393;1.2897;1.7307;0.76079;0.5814;1.5646;-0.44643;-0.72163;-1.812;0.99605;0.018835;-0.18165;1.1317;0.095781;1.2339;-1.2503;-0.18658;0.09371;-1.1892;0.32575;-0.34775;0.1808;-1.3275;0.98505;-0.83924;0.94978;-0.25422;-1.508;0.38529;-1.5601;-1.5789;0.018027;-1.5477;1.4387;-0.20341;-1.1603;1.6831;-0.86795;0.92537;-1.2621;1.8116;1.1693;-0.86522;1.0035;0.21074;1.1378;-0.62198;0.615;-0.43649;0.034399;-0.27298;-1.1675;-1.3882;-1.6398;-0.035754;0.34422;0.86323;-0.094743
43;-1.1761;-0.41786;0.42429;1.2691;-0.73046;0.95322;0.085273;1.2165;0.86354;-0.17099;-1.5092;0.15117;1.0148;0.45009;0.42747;1.3627;-0.72965;-1.0613;1.2821;1.357;0.38211;-0.0092784;-1.4472;0.34777;-1.2548;-0.14778;1.4646;-1.5695;-0.53385;-1.4113;-0.07775;-1.4103;0.71423;1.5428;1.1847;0.073719;-0.71232;-1.1656;-0.65317;1.1536;-0.34145;-1.0845;1.0746;-0.51216;-0.60895;1.2115;-0.40887;-0.77014;-0.43384;1.5575;-0.82569;0.41548;0.62402;1.3016;-1.4149;0.50729;1.168;-1.314;0.72708;-0.84052;0.492;1.5708;0.32959;-1.5575;0.10356;0.64907;0.3698;1.1811;-1.1887;-1.1789;0.81452;-0.52132;-1.0691;-1.599;-0.36412;-1.2025;-1.2584;-0.20954;0.086303;0.99489;-0.62696;-1.362;0.33536;1.01;0.31576;-0.79018;-1.0461;-0.3248;-0.63061;0.081052;0.70873;-0.68566;-1.5279;0.68196;0.53261;0.32013
44;-0.040213;0.20513;-1.1561;0.84642;-0.01657;1.4639;0.28561;1.7985;0.52052;-0.61228;0.36882;-0.046756;-1.1258;-0.92683;-0.67271;-1.529;-0.19632;0.59438;-0.55426;-1.1365;-0.38187;-0.74465;-0.50197;0.6511;0.15799;-1.9573;-0.54237;0.81501;-0.75333;1.6867;-1.7114;-1.0217;1.4427;-0.56631;-1.3552;1.62;-0.82763;0.81757;-0.415;-0.64684;0.33823;0.20172;-1.4381;-0.27325;1.9441;-0.88236;-1.3806;-1.8504;1.5857;0.78293;-0.98579;0.088627;-0.03931;-1.5781;0.88343;0.77488;-0.36266;1.0193;0.63576;0.55991;-1.5056;1.2387;0.73013;0.92397;-0.45292;-0.036833;-0.88083;-1.1865;-0.6535;-1.4457;0.40808;0.10512;1.05;-0.4255;1.6708;-1.0456;-1.1193;-0.85037;-0.31797;-0.40816;-0.3286;1.5913;-1.3149;0.95661;-1.5161;-1.1892;-1.4158;1.0666;1.228;-0.79298;-0.23603;0.29093;-1.6025;1.3585;-0.44981;-0.54699
45;3.1762;1.091;-0.85102;0.68378;-1.3269;-0.10798;1.2195;1.5529;0.12063;1.0574;1.1497;0.43038;0.86831;0.37136;1.4769;0.58753;-0.057637;0.61763;-1.1375;0.46465;1.064;-0.32997;-1.1899;-0.57356;1.404;0.2701;1.617;-1.4966;-0.7574;-1.0553;-1.3368;-1.2388;1.5635;1.6759;1.3715;-0.74526;-0.44573;-0.64566;-0.9931;-1.1701;-1.256;1.7414;1.0725;1.667;-0.65032;-0.5062;0.54892;-0.24799;0.85822;-0.39399;0.15717;-1.5815;0.42536;1.52;1.4281;-0.5573;-0.84682;0.32875;-1.2088;-1.143;0.53043;-1.4369;-0.59922;1.1796;0.94025;1.1451;-1.3675;1.572;1.4721;-0.95289;-0.055757;0.34895;-1.0491;-0.094558;-0.92565;1.0042;1.5603;1.7673;1.6467;-0.94655;0.46665;0.64995;1.3946;1.4682;1.7766;-0.34729;0.36211;0.78032;1.5424;-0.27152;-0.1041;-0.47639;0.0515;0.075414;1.3416;0.81224
46;0.021509;-0.17288;-0.8177;-0.41588;-0.0276;-0.54335;-1.0089;-0.70822;0.31757;0.80492;-1.5763;-0.43458;1.0933;1.1243;1.0333;1.0226;-0.31743;-1.0641;0.86766;-0.6178;-1.6743;-1.8568;1.4286;0.35151;1.5038;0.9298;-0.75935;-1.3373;0.42328;-0.80953;-0.82699;1.409;-0.35947;1.3795;0.51749;1.4369;0.88028;-1.1901;0.79452;-0.041837;-1.8604;0.89815;1.3764;0.074672;-0.046963;-1.8217;-0.91591;0.086611;-0.085994;1.4616;0.82974;1.2435;0.22205;1.2588;-1.3383;0.29533;0.71123;-1.2811;-1.0746;-0.77924;-0.27341;-0.33007;-0.78981;0.52253;1.1146;1.3078;1.0637;-0.75442;-0.25736;0.113;1.3674;-1.2009;-0.056877;1.4068;-1.4254;-0.34857;-0.079315;0.34691;1.739;1.6588;0.48844;-1.5077;1.173;-0.36922;1.5433;-0.13067;-1.1693;-1.7593;-0.42153;1.75;-0.31364;-1.1942;1.3048;1.6184;0.5228;1.117
47;1.434;-1.121;1.3184;-0.47368;1.244;1.0496;-0.26552;-1.1917;1.3366;-1.0176;-0.057915;1.1253;-0.69139;-0.39736;-1.1522;-0.92855;0.13719;1.2697;0.63473;1.6484;-1.686;-0.38565;1.6255;1.355;0.46929;0.046988;-0.56616;0.16944;0.38977;-1.4636;1.1001;-0.89837;0.65495;-0.97676;0.32051;-0.96142;-1.635;-0.7945;-0.96111;-1.3905;1.4907;-1.1627;-0.083629;0.010054;0.87761;0.96058;-0.7787;-0.75447;1.1929;-1.3508;0.67622;-1.3918;-0.69162;-1.5215;-0.70536;-1.3651;-1.4437;0.34001;0.90606;0.96012;-0.71712;0.11673;0.66211;-0.031558;0.37341;0.93302;0.85826;0.36443;-0.068926;1.1709;1.7729;1.023;-1.7;-0.76875;0.34997;-0.32674;-0.20016;0.83824;-1.1682;1.4983;0.54878;0.24285;0.42444;1.4462;-1.5261;1.2804;-0.95329;0.49079;-0.3254;0.55207;-0.11463;-0.97921;-0.58481;-1.5183;-0.2858;-0.49811
48;0.50923;0.28759;1.0133;-1.9714;-0.48583;0.62576;0.43881;0.72527;0.08408;-0.57373;1.1986;0.40015;0.56528;0.14999;-0.44785;0.10759;0.14981;1.3242;0.16443;0.44067;-0.26372;-0.72373;0.98248;0.54922;1.3058;-1.6243;-1.7973;-0.66784;-1.135;0.7065;-0.48085;-0.37628;1.237;-1.3853;1.0198;1.5998;-1.2503;-1.1617;-1.3348;1.605;-0.54386;-1.1979;-1.477;-1.1281;-0.74268;0.24402;-0.96955;0.39309;-1.0283;-1.3976;1.1485;-0.97451;0.72933;-0.23064;-0.2694;0.35593;-1.0117;-0.086481;-0.30145;-1.0384;1.445;0.91152;-0.57472;1.0604;1.2;-0.39293;-0.67324;0.43643;0.67848;1.2904;-1.1267;-0.81271;-0.88126;-1.553;-1.127;1.6705;0.69003;-0.50633;-0.18212;0.038446;-0.70016;0.80458;-0.034287;0.14647;-1.1421;-0.52512;0.21297;1.4399;-0.90424;-1.4322;-1.9175;1.7916;-0.1393;0.99708;-0.95942;-1.8706
49;1.8948;1.326;1.012;0.0096394;0.98436;0.60654;1.6414;-0.86124;0.92846;0.3329;0.35494;0.97099;-0.60413;0.16902;0.10639;-0.9791;-0.21928;0.34092;-1.2953;0.90323;-0.79547;-0.18729;-0.18774;-0.35908;1.0516;-1.1028;-1.228;1.2067;-0.80869;1.4135;-0.7368;0.50618;0.45635;0.56784;-1.0968;1.17;1.4517;0.45826;1.5362;-0.95913;-0.93465;-0.22856;0.14655;-0.68785;-0.22127;-1.1422;0.61307;1.322;0.34784;-0.66969;-0.29416;-0.37467;1.7356;-0.20319;-1.2244;-0.44877;0.15477;0.60406;1.9126;-0.50643;0.40803;0.60214;0.28051;0.43857;-1.1771;-0.98515;1.6232;0.85068;-0.46128;-0.33201;-1.6833;0.96079;0.80568;-1.3998;0.38574;-1.6518;-1.3599;-0.86124;-0.81882;-1.2072;0.70628;0.24294;1.2121;-1.216;1.4064;1.305;1.2341;-0.67129;-0.44498;-0.94949;-1.6399;1.0321;-0.63096;-0.092736;-0.23141;0.98244
50;-1.3128;-1.0036;-1.4411;-0.76059;-1.494;0.053705;-1.5836;1.1329;0.82577;0.16613;-0.22822;-0.54273;1.3999;-1.1847;-0.65022;-0.18089;-1.1056;0.86754;-0.91116;-0.84081;-0.83641;-0.85278;0.40849;-1.2259;1.0122;-1.1351;1.6429;0.79213;-0.88559;1.2902;0.71695;-1.5178;1.5529;-0.97446;-1.494;-0.70731;-1.1351;-0.49797;0.39015;-1.168;-0.33207;-0.93398;0.59771;0.79253;-0.51722;0.61862;-0.4706;0.56787;-0.91667;0.68171;-0.9852;-0.93946;0.8561;-0.85408;-1.3433;0.95982;1.5;1.162;-1.6817;-1.5841;-1.0559;1.1376;-0.29508;-0.030387;-0.27361;0.56935;1.5974;-1.1818;0.70053;0.49257;-0.13988;-0.93531;-0.21429;0.68869;-0.98042;0.7173;-1.2151;-0.86173;-0.26656;-1.0127;0.95572;1.2129;0.2442;-0.44688;-1.5225;0.91456;1.2124;-0.83476;-1.2575;-0.93498;0.31012;-1.1663;-0.39698;-0.60158;-0.13628;0.58981
PARTICULAR
GAIN
3
