TITLE;72 random variables, variable gain
FOCUS ON;
EXPERIMENT TYPE;SingleAmongManyVaryingGain
PARAMETERS
normalization;Center
pcaRecompositionThreshold;0.95
component;1;2
type;RandomUniform;RandomNormal
p1;0;0
p2;81;1
RESULTS
COMMON
distance
which;Manhattan(Average);Manhattan(GeometricAverage);Manhattan(Median);Manhattan(Minimum);Manhattan(MinimumTimesMedian);Manhattan(Summation);Euclidean(Average);Euclidean(GeometricAverage);Euclidean(Median);Euclidean(Minimum);Euclidean(MinimumTimesMedian);Euclidean(Summation)
plain;1.2198;1.2145;1.21;0.91978;1.1129;1494.3;0.43152;0.37365;0.37591;0.13114;0.049297;528.61
PCA;4.6736;4.1807;4.7597;0.4012;1.9096;5725.1;25.32;17.273;22.568;0.086609;1.9546;31017
DE00;2.0316;1.9274;1.987;1.0183;1.6487;2552.2;2.9609;2.2194;2.822;0.21372;0.51266;3898.6
DE01;2.0783;1.8772;1.9311;1.0083;1.603;2432.3;2.8322;2.9718;2.4852;0.22646;0.41048;3758.2
DE02;2.0126;1.8187;1.9234;1.0102;1.6554;2417.9;2.6337;2.6627;2.3502;0.22288;0.38318;4972.1
PCA
weights;0.92981;0.00087779;0.00098309;0.0012249;0.00089645;0.0013062;0.0014202;0.00068079;0.00069318;0.0013566;0.00080766;0.00095309;0.0010047;0.00075617;0.0014749;0.00084634;0.00091733;0.00088842;0.0010881;0.00072352;0.0013925;0.00028106;0.00072822;0.0006142;0.00172;0.00063951;0.0012059;0.0011333;0.0016481;0.0010762;0.0011808;0.0014922;0.0015557;0.0010531;0.00076861;0.00082869;0.0007045;0.00076689;0.00052353;0.0012912;0.00073085;0.00093742;0.0014291;0.001896;0.0012129;0.00079415;0.00043977;0.0009396;0.00045483;0.00081416;0.00060808;0.0013638;0.0014942;0.0011203;0.00053792;0.00097556;0.0010423;0.00080565;0.0011364;0.00051621;0.00040185;0.0010013;0.00049549;0.0015715;0.00049302;0.0012044;0.0015397;0.001282;0.00087676;0.00085998;0.0009486;0.00075902
differential evolutions parameters, by distance type
i;dDE / dP;distance;type;parentWeight;crossover;population;iterations;distance;weights ->
1;1.6655;2.0316;2;0.85;0.5;50;50;Manhattan(Average);0.12719;0.00093042;0.013145;0.0030252;0.0053225;0.0091432;0.04128;0.0078376;0.014372;0.011179;0.0069196;0.0037098;0.023588;0.0015908;0.01087;0.0060257;0.011918;0.0060238;0.0056303;0.0031708;0.018203;0.0017557;0.01699;0.012209;0.0066629;0.0070311;0.0069006;0.0074108;0.014906;0.016092;0.0010605;0.037217;0.002079;0.016006;0.024818;0.0014798;0.10042;0.026473;0.0014752;0.006603;0.010089;0.0013042;0.014864;0.0039677;0.00046678;0.024774;0.015253;0.010937;0.040809;0.021614;0.052692;0.003987;0.0024853;0.0063303;0.00046695;0.0044425;0.010014;0.032613;0.0011192;0.00047033;0.0019951;0.0014686;0.010015;0.00061522;0.00068011;0.0035067;0.0060297;0.028064;0.00092876;0.025053;0.0048453;0.019442
2;1.7037;2.0783;2;0.85;0.5;50;50;Manhattan(Average);0.13543;0.00080099;0.0032007;0.0012223;0.0070636;0.0079319;0.010887;0.011539;0.0063276;0.020457;0.020574;0.014536;0.0042066;0.015299;0.0086455;0.00065017;0.0010977;0.020523;0.01116;0.0080645;0.018603;0.0047755;0.0011489;0.0074081;0.013866;0.012013;0.0061263;0.00018614;0.024657;0.10484;0.0034064;0.014896;0.014797;0.0069777;0.001268;0.0228;0.011429;0.01479;0.0071294;0.022018;0.0099053;0.0026222;0.011662;0.010253;0.00061362;0.011665;0.025919;0.0049304;0.0077046;0.014528;0.0044169;0.016471;0.00024001;0.018276;0.0046479;0.0017223;0.010639;0.010049;0.0034483;0.009696;0.013705;0.025805;0.042695;0.0067367;0.0061186;0.038139;0.01184;0.016984;0.0098455;0.0078527;0.010704;0.0074167
3;1.6499;2.0126;2;0.85;0.5;50;50;Manhattan(Average);0.12357;0.011657;0.012189;0.029363;0.027027;0.0030736;0.020271;0.0011095;0.0080575;0.022689;0.0069946;0.010395;0.010318;0.0031183;0.0058162;0.0041467;0.010739;0.0034141;0.025968;0.0060368;0.00878;0.016963;0.0018427;0.012966;0.035323;0.0031309;0.0088065;0.013813;0.0016908;0.02049;0.0079948;0.0083287;0.01253;0.026683;0.015267;0.013468;0.0013598;0.0010921;0.0054272;0.01013;0.0050791;0.025927;0.0043744;0.022285;0.025635;0.033291;0.013081;0.010267;0.0075349;0.00048575;0.016122;0.0026314;0.0026417;0.0013564;0.013787;0.034502;0.03738;0.011333;0.010487;0.0033176;0.015281;0.0044331;0.024396;0.017811;0.007821;0.016957;0.003238;0.0038687;0.0056869;0.0029364;0.0012397;0.042778
4;1.587;1.9274;2;0.85;0.5;50;50;Manhattan(GeometricAverage);0.12264;0.0056125;0.0013371;0.0153;0.030835;0.0090612;0.028994;0.0083049;0.0089863;0.0048846;0.013738;0.042792;0.00057244;0.010791;0.0037008;0.0064569;0.0091105;0.0038155;0.015395;0.0099476;8.3811E-05;0.002135;0.02933;0.0046232;0.011403;0.010816;0.014191;0.002042;0.051315;0.0065657;0.0025535;0.019061;0.013571;0.0075873;0.01539;0.0079655;0.0010727;0.03413;0.0019795;0.0042734;0.0053712;0.035781;0.0080109;0.019137;0.020836;0.0020709;0.0097301;0.003751;0.0024335;0.012784;0.0079235;0.013611;0.0060784;0.030981;0.00021928;0.030681;0.0013228;0.0032888;0.00072565;0.00014394;0.0071401;0.0019755;0.0098287;0.0093018;0.004404;0.039842;0.016079;0.0030471;0.011857;0.029048;0.044502;0.01573
5;1.5456;1.8772;2;0.85;0.5;50;50;Manhattan(GeometricAverage);0.11281;0.013233;0.010639;0.026478;0.00093555;0.010906;0.046438;0.0036238;0.018847;0.0030077;0.057602;0.0052641;0.0046868;0.017147;0.0081051;0.014568;0.020252;0.011022;0.015689;0.0054807;0.0025163;0.019861;0.028638;0.0020797;0.012278;0.0038678;0.01761;0.014309;0.006284;0.0050765;0.012673;0.0037991;0.0043757;0.025199;0.025061;0.0037005;0.0082299;0.025194;0.0083358;0.0035756;0.001019;0.0077377;0.013552;0.059871;0.0054194;0.0011954;0.017539;0.0039015;0.030364;0.011022;0.0093711;0.0035354;0.0034429;0.014808;2.9294E-06;0.00093127;0.0037969;0.0099556;0.0043175;0.010839;0.0013817;0.0023508;0.005717;0.01445;0.010597;0.066401;0.011551;0.012094;0.0041839;0.01155;0.0032165;0.004488
6;1.4974;1.8187;2;0.85;0.5;50;50;Manhattan(GeometricAverage);0.10059;0.011019;0.022662;0.0006728;0.001229;0.014631;0.0088385;0.0033974;0.0037725;0.0026893;0.028185;0.0028911;0.039666;0.0052113;0.0042289;0.015628;0.007933;0.0067345;0.0058796;0.0038817;0.06583;0.00083321;0.00196;0.0055296;0.0040961;0.0066561;0.012476;0.025557;0.014091;0.026236;0.018746;0.013466;0.0089242;0.0012045;0.020688;0.0026718;0.0010723;0.086736;0.011653;0.0041668;0.0062276;0.018094;0.0036352;0.015907;0.01678;0.012387;0.0018339;0.017206;0.0047025;0.019992;0.0045438;0.0021136;0.074076;0.0032446;0.012473;0.011224;0.004463;0.0019051;0.0034004;0.0029687;0.010901;0.020935;0.0014791;0.014509;0.0031128;0.013001;0.010689;0.026749;0.005398;0.010801;0.00078768;0.022121
7;1.1071;1.0183;2;0.85;0.5;50;50;Manhattan(Minimum);0.030172;0.025019;0.023092;0.023367;0.006312;0.019495;0.026164;0.019183;0.029513;0.0052327;0.025753;0.0053619;0.026165;0.0066534;0.016643;0.019835;0.024712;0.00235;0.016042;0.00431;0.023154;0.002097;0.0089592;0.012487;0.013296;0.0032763;0.029152;0.017903;0.016596;0.0081443;0.015249;0.01703;0.025138;0.0047052;0.012208;0.0066405;0.028701;0.0049894;0.00096624;0.019835;0.0074061;0.011507;0.018333;0.0035267;0.0096107;0.0028672;0.024932;0.0043841;0.016782;0.023324;0.0078515;0.0045819;0.004968;0.0060377;0.010151;0.0087622;0.011077;0.0033038;0.0099244;0.0028696;0.0068762;0.0095725;0.0075641;0.019683;0.016227;0.024702;0.012048;0.011808;0.011258;0.020083;0.027055;0.015023
8;1.0963;1.0083;2;0.85;0.5;50;50;Manhattan(Minimum);0.026804;0.015865;0.013626;0.024833;0.0090327;0.018442;0.019507;0.024082;0.025296;0.0055227;0.024776;0.0042751;0.025453;0.020126;0.0013327;0.026149;0.023076;0.010301;0.0048034;0.016139;0.020082;0.00098986;0.005757;0.018046;0.0017775;0.0043365;0.02609;0.019424;0.022889;0.01179;0.0045209;0.026428;0.012083;0.016999;0.011069;0.0095081;0.020156;0.0027733;0.0074352;0.026911;0.0018899;0.0043097;0.024814;0.0057432;0.0072593;0.020563;0.026911;0.015117;0.013801;0.016377;0.0012244;0.00010221;0.017863;0.0085614;0.017778;0.00016798;0.0080747;0.011386;0.0083292;0.0026243;0.026109;0.0011305;0.01764;0.018411;0.0058065;0.019017;0.011684;0.013802;0.0061089;0.019445;0.01725;0.022193
9;1.0983;1.0102;2;0.85;0.5;50;50;Manhattan(Minimum);0.026969;0.014075;0.022131;0.021384;0.0047785;0.025199;0.023444;0.0049837;0.026742;0.015902;0.025517;0.024473;0.01306;0.0036998;0.001843;0.026455;0.026843;0.0042973;0.016382;0.0061221;0.019205;0.0046015;0.0022523;0.0098388;0.021193;0.0026558;0.025843;0.014984;0.015261;0.010863;0.022899;0.019514;0.014796;0.011705;0.0027639;0.0077096;0.026176;0.0054654;0.0055635;0.016926;0.014672;0.0057774;0.024071;0.0078942;0.018871;0.014921;0.0096098;0.0041818;0.0016283;0.017208;0.0082897;0.012542;0.026063;0.014939;0.011561;0.014025;0.022978;0.0090822;0.0062467;0.0043988;0.015374;0.020123;0.027121;0.017326;0.0067694;0.023361;0.0011837;0.015953;0.0039161;0.0047866;0.01028;0.010332
10;1.6422;1.987;2;0.85;0.5;50;50;Manhattan(Median);0.12108;0.021643;0.010551;0.0036258;0.0080983;0.0042707;0.016279;0.0087895;0.017994;0.0074912;0.0026946;0.021125;0.00056155;0.003516;0.040636;0.0087079;0.0033298;0.0055692;0.084105;0.016146;0.0070513;0.013572;0.0048537;0.012563;0.0078717;0.0072426;0.0011328;0.0026612;0.017875;0.003487;0.0024246;0.0070297;0.012136;0.072482;0.013137;0.014792;0.0020484;0.006907;0.018357;0.016639;0.018114;0.0015733;0.00023752;0.0090958;0.0092447;0.0049952;0.011201;0.0058899;0.0090241;0.0029389;0.019652;0.0010447;0.040768;0.0041078;0.0068927;0.014626;0.012671;0.025971;0.00174;0.0028208;0.0063306;0.02683;0.003652;0.021238;0.0037172;0.009347;0.0038004;0.017886;0.02365;0.010074;0.0020283;0.018364
11;1.596;1.9311;2;0.85;0.5;50;50;Manhattan(Median);0.11122;0.0010677;0.0020208;0.0041902;0.0012441;0.017119;0.0064495;0.0014879;0.012851;0.00047015;0.0085437;0.029263;0.0036796;0.031324;0.0071949;0.0056781;0.025723;0.0092416;0.026448;0.00635;0.028577;0.020577;0.0078854;0.012332;0.038778;0.00069555;0.015967;0.051336;0.024849;0.0098267;0.0077786;0.0039256;0.0059017;0.0072879;0.0099764;0.023685;0.01342;0.0037456;0.012935;0.0030938;0.00826;0.018707;0.010008;0.00019207;0.023713;0.0094883;0.002572;0.020547;0.0020106;0.0051654;0.0013758;0.048627;0.0027384;0.0014055;0.019366;0.01584;0.0093817;0.041058;0.0083345;0.0039157;0.0099362;0.011308;0.038079;0.00025968;0.0098735;0.013231;0.00096398;0.016377;0.01609;0.00088819;0.015209;0.00094301
12;1.5896;1.9234;2;0.85;0.5;50;50;Manhattan(Median);0.11224;0.019582;0.009301;0.00086657;0.0010296;0.053414;0.015521;0.044294;0.0042608;0.013176;0.0097706;0.00053339;0.0017761;0.015406;0.0094645;0.0071627;0.0071534;0.012907;0.010642;0.0084188;0.083749;0.02747;0.00012101;0.0028391;0.0053136;0.00813;0.012437;9.55E-05;0.02175;6.319E-05;0.0056796;0.0015243;0.0023568;0.014786;0.010375;0.026333;0.010164;0.0069612;0.0025821;0.027775;0.014968;0.0012281;0.0022659;0.0011939;0.0056824;0.0017431;0.014624;0.040953;0.0083208;0.016667;0.0043212;0.020819;0.0099317;0.015542;0.010504;0.059773;0.0024943;0.0029017;0.0085424;0.021493;0.014314;0.0050762;0.0093997;0.0091491;0.015315;0.0075374;0.008112;0.0024663;0.0066341;0.0053528;0.013469;0.011778
13;1.4814;1.6487;2;0.85;0.5;50;50;Manhattan(MinimumTimesMedian);0.070712;0.023544;0.0069925;0.016021;0.0087103;0.0030904;0.031937;0.056241;0.018498;0.0029813;0.0039906;0.0087164;0.0089715;0.0036585;0.01573;0.00083373;0.032299;0.0010985;0.0051586;0.0093092;0.015195;0.0047606;0.0012623;0.010076;0.016266;0.0051636;0.050729;0.0014144;0.012057;0.00092164;0.0026993;0.0041646;0.045948;0.003742;0.0036397;0.011962;0.013201;0.0056141;0.0048912;0.034038;0.011588;0.0053181;0.043144;0.011421;0.0046616;0.00089205;0.024516;0.013016;6.392E-05;0.0086822;0.0015903;0.013463;0.027397;0.0099841;0.012779;0.0017108;0.0035143;0.0096754;0.0082023;0.0016988;0.010924;0.027009;0.011517;0.014359;0.0078084;0.06825;0.016464;0.014144;0.011916;0.002457;0.00073618;0.024863
14;1.4404;1.603;2;0.85;0.5;50;50;Manhattan(MinimumTimesMedian);0.063812;0.00075219;0.012285;0.021339;0.014944;0.001293;0.02165;0.0098629;0.010533;0.0019213;0.021541;0.0083104;0.0010164;0.0027124;0.0043644;0.010172;0.0047292;0.0063909;0.0053852;0.006963;0.0381;0.001352;0.0043197;0.001389;0.0030086;0.0062692;0.027138;0.017859;0.059695;0.024289;0.04716;0.028475;0.0052114;0.013637;0.0014199;0.0017253;0.020277;0.0056876;0.016765;0.0038788;0.038596;0.010853;0.0099533;0.0045331;0.011073;0.014667;0.012496;0.0025305;0.0031417;0.0030064;0.0058718;0.0050786;0.0057209;0.016965;0.0060448;0.0033595;0.020705;2.6979E-05;0.020896;0.001806;0.044743;0.0096453;0.039506;0.024029;0.010019;0.006848;0.010227;0.038073;0.027215;0.0016259;0.019982;0.013128
15;1.4875;1.6554;2;0.85;0.5;50;50;Manhattan(MinimumTimesMedian);0.071227;0.015809;0.033043;0.0052572;0.0007059;0.0065656;0.004683;0.015027;0.0092152;0.01401;0.011753;0.001614;0.015035;0.0041344;0.0449;0.0039327;0.0035358;0.0012714;0.0061889;0.001729;0.01127;0.0078017;0.0014437;0.0038412;0.0068738;0.0028795;0.043445;0.0061834;0.040657;0.0098866;0.00099926;0.0077732;0.0038207;0.025086;0.0023418;0.0025158;0.061515;0.0091292;0.0072393;0.040697;0.003759;0.0045965;0.054979;0.0060225;0.0099616;0.014052;0.0033583;0.0036075;0.0043653;0.0091173;0.0082749;0.0082178;0.013565;9.8284E-05;0.010063;0.0063166;0.0093857;0.041815;0.0095377;0.011461;0.041132;0.042417;0.011522;0.0015907;0.036352;0.0096849;0.016622;0.0079468;0.0084289;0.016199;0.010055;0.00046012
16;1.708;2552.2;2;0.85;0.5;50;50;Manhattan(Summation);0.13686;0.019884;0.0010986;0.0042659;0.01911;0.009141;0.00060245;0.058211;0.0003893;0.015156;0.011075;0.0097475;0.0015719;0.0031813;0.0016817;0.0096067;0.00011077;0.008351;0.0086582;0.0036961;0.013752;0.00070126;0.012415;0.0097413;0.0013443;0.015901;0.024999;0.0058506;0.008315;0.010962;0.0080649;0.012161;0.0084505;0.002031;0.022356;0.0043626;0.0054921;0.014472;0.001512;0.025857;0.0027071;0.0093428;0.0086346;0.014611;0.032042;0.079773;0.0027285;0.009367;0.067093;0.010185;0.0088764;0.0064583;0.016094;0.0018451;0.0062865;0.0071583;0.0064651;0.034314;0.0039407;0.012646;0.0039456;0.0014591;0.00058026;0.0073478;0.011706;0.0086543;0.0036052;0.053042;0.020007;0.0016832;0.0084081;0.0078572
17;1.6278;2432.3;2;0.85;0.5;50;50;Manhattan(Summation);0.11874;0.014142;0.033189;0.0073336;0.00226;0.012563;0.012895;0.020714;0.019804;0.0018533;0.0028193;0.0045479;0.002094;0.0072127;0.0032165;0.032074;0.0032908;0.0052634;0.004359;0.017422;0.01589;0.0029002;0.0026096;0.0012278;0.0029514;0.0023915;0.04524;0.020413;0.0095583;0.0068051;0.00062168;0.039793;0.0061143;0.0080113;0.0043983;0.028031;0.020542;0.020151;0.0024225;0.0095085;0.024086;0.040052;0.0098906;0.0057492;0.0008649;0.0018236;0.00093875;0.020213;0.0013253;0.006028;0.0053306;0.035454;0.0021829;0.023702;0.022623;0.024995;0.0087273;0.0050265;0.016751;0.0047697;0.024141;0.0016825;0.0029434;0.0092889;0.011036;0.019002;0.010598;0.0017611;0.00011277;0.014229;0.038969;0.030325
18;1.6181;2417.9;2;0.85;0.5;50;50;Manhattan(Summation);0.11781;0.018371;0.00075688;0.0041893;0.0018963;0.0025914;0.00042857;0.012261;0.044769;0.011405;0.0036072;0.012277;0.0015867;0.058992;0.0077732;0.00040454;0.012162;6.6622E-05;0.0088816;0.0018718;0.0046837;0.0024782;0.019217;0.056611;0.011324;0.0011056;0.015332;0.022408;0.00074296;0.0052344;0.0050006;0.02606;0.0036088;0.0013286;0.072781;0.0043;0.057533;0.013036;0.0056188;0.020935;0.0029929;0.0013751;0.0055669;0.0041082;0.0019309;0.086303;0.006176;0.019616;0.0063618;0.010083;0.007083;0.010224;0.0055796;0.0072333;0.0012714;0.0090031;0.010614;0.045918;0.0011242;0.0041827;0.013142;0.007609;0.0084185;4.2116E-05;0.0059484;0.0028639;0.014909;0.0053827;0.0065225;0.0085799;0.0063913;0.0020021
19;6.5634;2.8322;2;0.85;0.5;50;50;Euclidean(Average);0.10317;0.019356;0.0047337;0.00151;0.0021274;0.064293;0.015286;0.0068919;0.0095434;0.020155;0.015706;0.0091212;0.014831;0.00062473;0.01618;0.085762;0.0044628;0.0035461;0.012722;0.016366;0.011201;0.024381;5.6693E-05;0.028956;0.026478;1.332E-05;0.012971;0.0029808;0.0085335;0.0079294;0.0042876;0.0037361;0.00070263;0.0089881;0.0046986;0.012493;0.028444;0.006682;0.0054614;0.011281;0.00014484;0.02074;0.0034939;0.020161;0.015895;0.00856;0.00048666;0.010068;0.0050272;0.0019201;0.02015;0.003467;0.0013966;0.0039034;0.020453;0.021362;0.0011846;0.034232;0.01349;0.0060429;0.04765;0.0047846;0.0065195;4.2091E-05;0.024722;0.00072117;0.031389;0.022154;0.0016309;0.0027587;0.0035087;0.0052809
20;6.8616;2.9609;2;0.85;0.5;50;50;Euclidean(Average);0.10768;0.00062087;0.0031447;0.0042624;0.00096543;0.0061467;0.031156;0.029875;0.0056048;0.0042666;0.0006658;0.011962;0.0027497;0.0042431;0.031751;0.012495;0.0078196;0.025264;0.00095487;0.0029361;0.0016106;0.012154;0.024723;0.0039466;0.0036993;0.0031843;0.0035942;0.015009;0.01051;0.0069917;0.0029927;0.0044786;0.0046048;0.0029282;0.0016025;0.0098985;0.0011711;0.0058891;0.019076;0.012254;0.0028934;0.0019412;0.0060236;0.0024339;0.01143;0.0021626;0.0017657;0.007966;0.098372;0.015119;0.058239;0.013684;0.00017272;0.0099216;0.0385;0.016675;0.022371;0.022578;0.0024701;0.0046154;0.0029989;0.037236;0.0020765;0.095924;0.005637;0.031464;0.00033835;0.0078104;0.00086759;0.001338;0.022591;0.0074996
21;6.1035;2.6337;2;0.85;0.5;50;50;Euclidean(Average);0.095825;0.0011381;0.0026035;0.024537;0.00053346;0.00072911;0.0073978;0.0038709;0.040493;0.014025;0.00039832;0.0083783;0.0029744;0.0018681;0.0076005;0.018563;0.042869;0.0015122;0.0030939;0.0093454;0.01651;0.041476;0.021186;0.0019665;0.010556;0.010829;0.041558;0.00073972;0.064942;0.018261;0.029952;0.0040676;0.0091931;0.00013684;0.021033;0.018686;0.017858;0.024128;0.0025794;0.0021999;0.010733;0.00093782;0.0010878;0.020865;0.010869;0.010003;0.0052737;0.00074768;0.0019785;0.0052482;0.019047;0.010332;0.00088882;0.039624;0.0030725;0.015361;0.039512;0.011921;0.017952;0.014451;0.0022594;0.0031008;0.0029288;0.0038719;0.012112;0.044536;0.012157;0.0035378;0.0019358;0.0097652;0.011214;0.0070602
22;5.9399;2.2194;2;0.85;0.5;50;50;Euclidean(GeometricAverage);0.11202;0.00091076;0.014678;0.060664;0.0016142;0.011226;0.0092517;0.014139;0.022427;0.0057333;0.00024182;0.066576;0.01944;0.011624;0.0072173;0.0051188;0.01596;0.0023378;0.0044816;0.021769;0.034689;0.012244;0.027193;0.048856;0.0081554;0.018565;0.011405;0.00092762;0.013489;0.0092104;0.0055801;0.040555;0.021713;0.013967;0.00055452;0.0047103;0.0087103;0.0012677;0.0030364;0.0020964;0.014455;0.021858;0.0015284;0.0033243;0.00029653;0.002573;0.0069099;0.0042947;0.0060498;0.010999;0.0013403;0.010133;0.0020659;0.0030099;0.01436;0.00042481;0.020537;0.0055138;0.015186;0.0055558;0.054077;0.0013552;0.0043529;0.013971;0.016668;0.0066656;0.00019612;0.024935;0.00099016;0.0078481;0.018384;0.0057875
23;7.9534;2.9718;2;0.85;0.5;50;50;Euclidean(GeometricAverage);0.15128;0.024036;0.0029734;0.0080425;0.00036246;0.0031452;0.0026357;0.0058361;0.0016528;0.011249;0.0058976;0.018024;0.0038334;0.0088225;0.0065652;0.022814;0.018993;0.031136;0.030189;0.0019653;0.00060357;0.0075661;0.0017376;0.0094451;0.019677;0.0022165;0.12896;0.011586;0.0088517;0.0011797;0.0068084;0.01074;0.017842;0.0074308;0.036281;0.0034371;0.0038525;0.014596;0.0060253;0.0088399;0.011661;0.0077235;0.0031132;5.8854E-05;0.01955;0.0010548;0.0080329;0.0036873;0.0067772;0.010012;0.015378;0.0060844;0.011712;9.7008E-05;0.010554;0.0097717;0.016486;0.0075282;0.0081799;0.028843;0.0028821;0.0030067;0.013668;0.0084205;0.0014196;0.008486;0.00043257;0.067419;0.0021694;0.0053503;0.025314;0.0079927
24;7.1261;2.6627;2;0.85;0.5;50;50;Euclidean(GeometricAverage);0.13637;0.0019744;0.0059376;0.013234;0.0080842;0.031145;0.031019;0.016968;0.0071422;0.020556;9.5905E-05;0.0083347;0.027621;0.0053855;0.0010644;0.0073272;0.00073485;0.0047281;0.0014582;0.00041724;0.00047094;0.0084478;0.039177;0.019175;0.015593;0.0011401;0.0033161;0.012749;0.0014042;0.00054687;0.006582;0.039624;0.003399;0.0045484;0.0019636;0.031496;0.010197;0.014498;0.011425;0.016793;0.00083965;0.013091;0.01033;0.030474;0.041366;0.020001;0.0057407;0.0074272;0.0055771;0.00035017;0.0017176;0.0058883;0.027523;0.0471;0.0043587;0.0019599;0.04938;0.0089327;0.00043032;0.010728;0.006214;0.031945;0.015173;0.0070531;0.00049617;0.019137;0.00062571;0.011949;0.0071477;0.01298;0.017995;0.0039194
25;1.6297;0.21372;2;0.85;0.5;50;50;Euclidean(Minimum);0.032697;0.00059324;0.0146;0.034054;0.0057094;2.4143E-05;0.042694;0.011847;0.036248;0.0013984;0.0037664;0.0016589;0.04334;1.4062E-05;0.0028669;0.00015053;0.023969;0.0049438;0.0031489;0.027573;0.0012427;0.015882;0.00096375;0.035036;0.022848;0.0122;0.039252;0.00073251;0.041158;0.0027152;0.00077611;0.0028451;0.022353;0.019875;0.00063376;0.0047498;0.03952;0.033477;0.0094088;0.0046974;0.0044731;0.033311;0.0016308;0.0040376;0.042925;0.010627;0.04451;0.00030389;0.034335;0.0027278;0.00087932;0.00093762;0.00027467;0.00094965;0.0075206;0.030183;0.0014189;0.0019545;0.00096113;0.0010991;0.0036887;0.00027292;0.041927;0.0014077;0.00039718;0.0011267;0.0032046;0.039861;0.0046536;0.026249;0.044245;0.0062437
26;1.7269;0.22646;2;0.85;0.5;50;50;Euclidean(Minimum);0.044431;0.0031953;0.020677;0.00039211;0.0042725;0.00045688;0.04722;0.042899;0.009702;0.0025559;0.0072946;0.0062966;0.032216;0.0036522;0.00066032;0.00028803;0.00069915;0.0048614;0.040365;0.0026436;0.0040879;0.00047817;0.0014156;0.0071561;0.033513;0.0032943;0.018503;0.046881;0.042291;0.03483;0.0012729;0.033658;0.0063311;0.017605;0.0012869;0.00035849;0.0010777;0.013119;0.011703;0.0022036;0.0033058;0.0043499;0.045382;0.0039834;0.0025297;0.002662;0.047063;0.0015218;0.0029197;0.032985;0.00048405;0.0261;0.0032393;0.0017651;0.0019233;0.004337;0.0051551;2.1683E-06;0.0014501;0.0051321;0.00078281;0.0015182;0.035809;0.046149;0.045591;0.012549;0.0078908;0.0097818;0.037962;0.044466;0.0010276;0.0043357
27;1.6996;0.22288;2;0.85;0.5;50;50;Euclidean(Minimum);0.039354;0.0010104;0.038264;0.0003163;0.038414;0.038384;0.037638;0.00014817;0.0009386;0.0014226;0.0060972;0.00055301;0.00034527;0.0010843;0.0070481;0.00035725;0.00145;0.0028831;0.0015018;0.003499;0.039177;0.00037147;0.038983;0.009103;0.010346;0.0062391;0.039201;0.029236;0.037241;0.038082;0.0021134;0.037757;0.0042298;0.0030854;0.00056297;0.00090895;0.030048;0.00023244;0.037617;0.024263;0.0025206;3.9045E-05;0.034969;0.013656;0.0035344;0.00013484;0.038224;0.0055099;0.0003742;0.00013063;0.027153;0.033212;0.007076;0.0034637;0.033899;0.024145;0.0010945;0.00084717;0.0074764;0.00045219;0.0010251;0.008662;0.00066557;0.034109;0.0048012;0.007284;0.0036883;0.038682;0.0015558;0.0018576;0.019168;0.031085
28;7.5072;2.822;2;0.85;0.5;50;50;Euclidean(Median);0.11594;0.010074;0.0060204;0.0016119;0.00054046;0.0038644;0.00096399;0.10021;0.0087726;0.013639;0.0036291;0.023691;0.0042946;0.066243;0.0018551;0.023685;0.010577;0.019187;0.00061458;0.0051009;0.0016907;0.0044188;0.019872;0.00042724;0.0085365;0.0099707;0.0014049;0.010685;0.0012053;0.00046414;0.0080724;0.020946;0.01071;0.00037362;4.95E-06;0.00092708;0.0039838;0.050684;0.0044044;0.0035081;0.0020748;0.0019484;0.007334;0.0039233;0.0020887;0.01139;0.0021696;0.020017;0.0032887;0.011976;0.010284;0.020643;0.0060078;0.019688;0.0055679;0.02059;0.041889;0.0087437;0.010675;0.0020046;0.0012208;0.02148;0.044135;0.030499;0.0031582;0.010559;0.0078134;0.0126;0.0086047;0.0031918;0.053407;0.0082241
29;6.611;2.4852;2;0.85;0.5;50;50;Euclidean(Median);0.10153;0.0085887;0.010999;0.005713;0.0097866;0.0047599;0.0039374;0.017058;0.0027506;0.036681;0.063153;8.9556E-05;0.0034089;0.0092662;0.0042549;0.016274;0.008092;0.0077898;0.0018316;0.017959;0.024346;0.089951;0.002468;0.0060495;0.036096;0.016923;0.008387;0.083806;0.0065666;0.0026299;0.0005721;0.00094113;0.0019939;0.0070832;0.00075325;0.012477;0.0072338;0.0038216;0.010108;0.012785;0.0055929;0.040428;0.011522;0.0041961;0.0020034;0.0019493;0.016554;0.0067537;0.0069578;0.008569;0.00092445;0.0081827;0.010722;0.0065292;0.0026089;0.010279;0.010739;0.0024592;0.030981;0.0018913;0.002004;0.0089289;0.0022238;0.012049;0.0010774;0.0014483;0.017512;0.018175;0.022326;0.0080495;0.044403;0.0030427
30;6.252;2.3502;2;0.85;0.5;50;50;Euclidean(Median);0.096251;0.01465;0.004871;0.017093;0.017525;0.0062544;0.004505;0.0086835;0.00091111;0.001621;0.014415;0.011845;0.006318;0.00080135;0.0042071;0.0066513;0.0089727;0.03149;0.01311;0.0064613;0.00057502;0.0069789;0.019368;0.0039807;0.0052042;0.028924;0.00039102;0.024748;0.01499;0.0092431;0.0016949;0.0080065;0.002332;0.006913;0.0013614;0.0062053;0.0040877;0.0057646;0.074881;0.014587;0.057096;0.095318;0.0014195;0.0044426;0.00091321;0.011128;0.00038918;0.035423;0.00081995;0.0018023;0.077964;0.0046145;0.0098581;0.0024673;0.0085859;0.0012197;0.0039997;0.002562;0.051421;0.0022018;0.0048316;0.013147;0.0086214;0.006489;0.0017578;0.0047659;0.010572;0.029671;0.0038863;0.0095631;0.0052062;0.010969
31;10.399;0.51266;2;0.85;0.5;50;50;Euclidean(MinimumTimesMedian);0.090261;0.0090926;0.00044277;0.0034181;0.0068556;0.0054047;0.0018284;0.012157;0.030755;0.0031091;0.00048513;0.00061612;0.019962;0.018327;0.0033754;0.0087966;0.0022496;0.01356;0.01624;0.00095087;0.055967;0.004815;0.0054792;0.0050115;0.085175;0.01054;0.074701;0.0028436;0.0025761;0.0023701;0.0095347;0.016387;0.0080351;0.0058256;0.0032521;0.0042111;0.0092474;0.0059353;0.054301;0.0050974;0.0054741;0.0037372;0.028192;0.0025255;0.0080111;0.0034725;0.0079296;0.0011841;0.0023657;0.0093894;0.0034365;0.014287;0.0087614;0.042878;0.0045848;0.0024018;0.0020379;0.021415;0.0011285;0.0064404;0.0014092;0.0045836;0.010343;0.04861;0.00091192;0.0041111;0.018543;0.087118;0.0059389;0.004428;0.0057836;0.0093763
32;8.3268;0.41048;2;0.85;0.5;50;50;Euclidean(MinimumTimesMedian);0.083218;0.00069609;0.0024151;0.0047736;0.00026286;0.0032235;0.0053105;0.016036;0.06295;0.005162;0.011827;0.0055251;0.027382;0.0016131;0.0037578;0.0019181;0.031897;0.0039864;0.015253;0.015059;0.0014522;0.0011171;0.00039152;0.026698;0.0011604;0.016181;0.063035;0.067631;0.0098576;0.046505;0.011049;0.0041358;0.016585;0.0093338;0.007117;0.00472;0.00050755;0.0041832;0.004062;0.02712;0.0015668;0.0012997;0.0024369;5.9766E-05;0.011361;0.00079857;0.00046889;0.0016898;0.030297;0.06815;0.0067666;0.0033621;0.0089667;0.008055;0.032136;0.0058671;0.0058453;0.0015363;0.0088106;0.0025241;0.0090316;0.01613;0.0070329;1.8952E-05;0.007041;0.027575;0.023653;0.024258;0.0087272;0.0085412;0.010265;0.03062
33;7.773;0.38318;2;0.85;0.5;50;50;Euclidean(MinimumTimesMedian);0.073395;0.047886;0.0040003;0.022156;0.002106;0.041381;0.044603;0.0072841;0.0010076;0.0045265;0.0032689;0.0073445;0.0046005;0.042763;0.0045767;0.0050321;0.0050637;0.0043404;0.006558;0.0011505;0.0012214;0.0064563;0.0043785;0.025085;0.010387;0.0029228;0.020206;0.0014178;0.0048809;0.0013186;0.022642;0.0038219;0.010092;0.0046503;0.00089986;0.0076833;0.0050961;0.0042127;0.066718;0.0052191;0.067181;0.0036983;0.067755;0.00051407;0.0035549;0.020158;0.014391;0.0071189;0.0052827;0.0012035;0.0016877;0.00053006;0.021312;0.0032575;0.0043687;0.018312;0.013044;0.010799;0.0045564;0.0046693;0.0025973;0.005648;0.0038223;0.0085401;0.012616;0.0084296;0.049228;5.608E-05;0.020055;0.014746;0.0073066;0.05121
34;7.3753;3898.6;2;0.85;0.5;50;50;Euclidean(Summation);0.11615;0.0041553;0.017469;0.0075306;0.003302;0.0063748;0.021635;0.029314;0.012384;0.00099423;0.01297;0.014886;0.010722;0.0020933;0.017981;0.0020306;0.017209;0.0021136;0.0036488;0.0029665;0.023768;0.0088178;0.017996;0.021201;0.016563;0.0022845;0.034614;0.032;0.0013685;0.0098252;0.021743;0.026642;0.01421;0.016775;0.0083036;0.006505;0.012175;0.0014386;0.060226;0.036973;0.015559;0.00012118;0.07075;0.0020718;0.0046413;0.0040918;0.010431;0.018924;0.0030464;0.0048615;0.0038604;0.0011608;0.020809;0.002546;0.029887;0.0022732;0.017496;0.019643;0.015807;0.0030171;0.00068996;0.0048579;0.00060037;9.6969E-05;0.020707;0.011803;0.0021038;0.0073777;0.0010301;0.0013991;0.0036009;0.015376
35;7.1097;3758.2;2;0.85;0.5;50;50;Euclidean(Summation);0.11195;0.0187;0.012255;0.015997;0.0081639;0.029054;0.013352;0.00428;0.014017;0.021668;0.00088462;0.022891;0.0047254;0.017021;0.0019078;0.0021677;0.012021;9.4841E-05;0.00034993;0.020783;0.03661;0.016704;0.0048066;0.027881;0.0048779;0.00090927;0.010434;0.014442;0.020645;0.0013204;0.0019534;0.00029674;0.0019765;0.058676;0.019227;0.011936;0.031905;0.013874;0.022621;0.001239;0.0018489;0.0072898;0.064918;0.015496;0.0031704;0.021148;0.00019229;0.028853;0.0067532;0.010336;0.023862;0.0030795;0.0023869;0.015678;0.0022022;0.037834;0.023621;0.003214;0.0024975;0.013956;0.0063704;0.0025591;0.00025246;0.0014511;0.0078997;3.4208E-05;0.0094401;0.010717;0.01107;0.0050998;0.0085678;0.013582
36;9.406;4972.1;2;0.85;0.5;50;50;Euclidean(Summation);0.14839;0.0042919;0.011301;0.0069965;0.008496;0.0046932;0.0056653;0.010839;7.5849E-05;0.008546;0.0015613;0.0036557;0.0047394;0.011525;0.0031134;0.012684;0.00080432;0.0025634;0.0058396;0.0023504;0.018561;0.020388;0.014891;0.0014661;0.019356;0.024873;0.0016463;0.010568;0.010759;0.010305;0.0099256;0.0053627;0.0055103;0.02322;0.0028993;0.0079693;0.0019734;0.015987;0.0049732;0.020594;0.038995;0.001254;0.0043474;0.0028493;0.061136;0.0047295;0.0030642;0.019727;0.0054143;0.0044314;0.013516;0.002763;0.0015997;0.0073507;0.016267;0.004099;0.016484;0.0068088;0.0011059;0.01083;0.017333;0.021036;0.011234;0.011459;0.0031258;0.011956;0.027631;0.092128;0.064741;0.0082136;0.0096384;0.0053705
differential evolutions parameters, by distance
i;dDE / dP;distance;type;parentWeight;crossover;population;iterations;distance;weights ->
1;1.0963;1.0083;2;0.85;0.5;50;50;Manhattan(Minimum);0.026804;0.015865;0.013626;0.024833;0.0090327;0.018442;0.019507;0.024082;0.025296;0.0055227;0.024776;0.0042751;0.025453;0.020126;0.0013327;0.026149;0.023076;0.010301;0.0048034;0.016139;0.020082;0.00098986;0.005757;0.018046;0.0017775;0.0043365;0.02609;0.019424;0.022889;0.01179;0.0045209;0.026428;0.012083;0.016999;0.011069;0.0095081;0.020156;0.0027733;0.0074352;0.026911;0.0018899;0.0043097;0.024814;0.0057432;0.0072593;0.020563;0.026911;0.015117;0.013801;0.016377;0.0012244;0.00010221;0.017863;0.0085614;0.017778;0.00016798;0.0080747;0.011386;0.0083292;0.0026243;0.026109;0.0011305;0.01764;0.018411;0.0058065;0.019017;0.011684;0.013802;0.0061089;0.019445;0.01725;0.022193
2;1.0983;1.0102;2;0.85;0.5;50;50;Manhattan(Minimum);0.026969;0.014075;0.022131;0.021384;0.0047785;0.025199;0.023444;0.0049837;0.026742;0.015902;0.025517;0.024473;0.01306;0.0036998;0.001843;0.026455;0.026843;0.0042973;0.016382;0.0061221;0.019205;0.0046015;0.0022523;0.0098388;0.021193;0.0026558;0.025843;0.014984;0.015261;0.010863;0.022899;0.019514;0.014796;0.011705;0.0027639;0.0077096;0.026176;0.0054654;0.0055635;0.016926;0.014672;0.0057774;0.024071;0.0078942;0.018871;0.014921;0.0096098;0.0041818;0.0016283;0.017208;0.0082897;0.012542;0.026063;0.014939;0.011561;0.014025;0.022978;0.0090822;0.0062467;0.0043988;0.015374;0.020123;0.027121;0.017326;0.0067694;0.023361;0.0011837;0.015953;0.0039161;0.0047866;0.01028;0.010332
3;1.1071;1.0183;2;0.85;0.5;50;50;Manhattan(Minimum);0.030172;0.025019;0.023092;0.023367;0.006312;0.019495;0.026164;0.019183;0.029513;0.0052327;0.025753;0.0053619;0.026165;0.0066534;0.016643;0.019835;0.024712;0.00235;0.016042;0.00431;0.023154;0.002097;0.0089592;0.012487;0.013296;0.0032763;0.029152;0.017903;0.016596;0.0081443;0.015249;0.01703;0.025138;0.0047052;0.012208;0.0066405;0.028701;0.0049894;0.00096624;0.019835;0.0074061;0.011507;0.018333;0.0035267;0.0096107;0.0028672;0.024932;0.0043841;0.016782;0.023324;0.0078515;0.0045819;0.004968;0.0060377;0.010151;0.0087622;0.011077;0.0033038;0.0099244;0.0028696;0.0068762;0.0095725;0.0075641;0.019683;0.016227;0.024702;0.012048;0.011808;0.011258;0.020083;0.027055;0.015023
4;1.4404;1.603;2;0.85;0.5;50;50;Manhattan(MinimumTimesMedian);0.063812;0.00075219;0.012285;0.021339;0.014944;0.001293;0.02165;0.0098629;0.010533;0.0019213;0.021541;0.0083104;0.0010164;0.0027124;0.0043644;0.010172;0.0047292;0.0063909;0.0053852;0.006963;0.0381;0.001352;0.0043197;0.001389;0.0030086;0.0062692;0.027138;0.017859;0.059695;0.024289;0.04716;0.028475;0.0052114;0.013637;0.0014199;0.0017253;0.020277;0.0056876;0.016765;0.0038788;0.038596;0.010853;0.0099533;0.0045331;0.011073;0.014667;0.012496;0.0025305;0.0031417;0.0030064;0.0058718;0.0050786;0.0057209;0.016965;0.0060448;0.0033595;0.020705;2.6979E-05;0.020896;0.001806;0.044743;0.0096453;0.039506;0.024029;0.010019;0.006848;0.010227;0.038073;0.027215;0.0016259;0.019982;0.013128
5;1.4814;1.6487;2;0.85;0.5;50;50;Manhattan(MinimumTimesMedian);0.070712;0.023544;0.0069925;0.016021;0.0087103;0.0030904;0.031937;0.056241;0.018498;0.0029813;0.0039906;0.0087164;0.0089715;0.0036585;0.01573;0.00083373;0.032299;0.0010985;0.0051586;0.0093092;0.015195;0.0047606;0.0012623;0.010076;0.016266;0.0051636;0.050729;0.0014144;0.012057;0.00092164;0.0026993;0.0041646;0.045948;0.003742;0.0036397;0.011962;0.013201;0.0056141;0.0048912;0.034038;0.011588;0.0053181;0.043144;0.011421;0.0046616;0.00089205;0.024516;0.013016;6.392E-05;0.0086822;0.0015903;0.013463;0.027397;0.0099841;0.012779;0.0017108;0.0035143;0.0096754;0.0082023;0.0016988;0.010924;0.027009;0.011517;0.014359;0.0078084;0.06825;0.016464;0.014144;0.011916;0.002457;0.00073618;0.024863
6;1.4875;1.6554;2;0.85;0.5;50;50;Manhattan(MinimumTimesMedian);0.071227;0.015809;0.033043;0.0052572;0.0007059;0.0065656;0.004683;0.015027;0.0092152;0.01401;0.011753;0.001614;0.015035;0.0041344;0.0449;0.0039327;0.0035358;0.0012714;0.0061889;0.001729;0.01127;0.0078017;0.0014437;0.0038412;0.0068738;0.0028795;0.043445;0.0061834;0.040657;0.0098866;0.00099926;0.0077732;0.0038207;0.025086;0.0023418;0.0025158;0.061515;0.0091292;0.0072393;0.040697;0.003759;0.0045965;0.054979;0.0060225;0.0099616;0.014052;0.0033583;0.0036075;0.0043653;0.0091173;0.0082749;0.0082178;0.013565;9.8284E-05;0.010063;0.0063166;0.0093857;0.041815;0.0095377;0.011461;0.041132;0.042417;0.011522;0.0015907;0.036352;0.0096849;0.016622;0.0079468;0.0084289;0.016199;0.010055;0.00046012
7;1.4974;1.8187;2;0.85;0.5;50;50;Manhattan(GeometricAverage);0.10059;0.011019;0.022662;0.0006728;0.001229;0.014631;0.0088385;0.0033974;0.0037725;0.0026893;0.028185;0.0028911;0.039666;0.0052113;0.0042289;0.015628;0.007933;0.0067345;0.0058796;0.0038817;0.06583;0.00083321;0.00196;0.0055296;0.0040961;0.0066561;0.012476;0.025557;0.014091;0.026236;0.018746;0.013466;0.0089242;0.0012045;0.020688;0.0026718;0.0010723;0.086736;0.011653;0.0041668;0.0062276;0.018094;0.0036352;0.015907;0.01678;0.012387;0.0018339;0.017206;0.0047025;0.019992;0.0045438;0.0021136;0.074076;0.0032446;0.012473;0.011224;0.004463;0.0019051;0.0034004;0.0029687;0.010901;0.020935;0.0014791;0.014509;0.0031128;0.013001;0.010689;0.026749;0.005398;0.010801;0.00078768;0.022121
8;1.5456;1.8772;2;0.85;0.5;50;50;Manhattan(GeometricAverage);0.11281;0.013233;0.010639;0.026478;0.00093555;0.010906;0.046438;0.0036238;0.018847;0.0030077;0.057602;0.0052641;0.0046868;0.017147;0.0081051;0.014568;0.020252;0.011022;0.015689;0.0054807;0.0025163;0.019861;0.028638;0.0020797;0.012278;0.0038678;0.01761;0.014309;0.006284;0.0050765;0.012673;0.0037991;0.0043757;0.025199;0.025061;0.0037005;0.0082299;0.025194;0.0083358;0.0035756;0.001019;0.0077377;0.013552;0.059871;0.0054194;0.0011954;0.017539;0.0039015;0.030364;0.011022;0.0093711;0.0035354;0.0034429;0.014808;2.9294E-06;0.00093127;0.0037969;0.0099556;0.0043175;0.010839;0.0013817;0.0023508;0.005717;0.01445;0.010597;0.066401;0.011551;0.012094;0.0041839;0.01155;0.0032165;0.004488
9;1.587;1.9274;2;0.85;0.5;50;50;Manhattan(GeometricAverage);0.12264;0.0056125;0.0013371;0.0153;0.030835;0.0090612;0.028994;0.0083049;0.0089863;0.0048846;0.013738;0.042792;0.00057244;0.010791;0.0037008;0.0064569;0.0091105;0.0038155;0.015395;0.0099476;8.3811E-05;0.002135;0.02933;0.0046232;0.011403;0.010816;0.014191;0.002042;0.051315;0.0065657;0.0025535;0.019061;0.013571;0.0075873;0.01539;0.0079655;0.0010727;0.03413;0.0019795;0.0042734;0.0053712;0.035781;0.0080109;0.019137;0.020836;0.0020709;0.0097301;0.003751;0.0024335;0.012784;0.0079235;0.013611;0.0060784;0.030981;0.00021928;0.030681;0.0013228;0.0032888;0.00072565;0.00014394;0.0071401;0.0019755;0.0098287;0.0093018;0.004404;0.039842;0.016079;0.0030471;0.011857;0.029048;0.044502;0.01573
10;1.5896;1.9234;2;0.85;0.5;50;50;Manhattan(Median);0.11224;0.019582;0.009301;0.00086657;0.0010296;0.053414;0.015521;0.044294;0.0042608;0.013176;0.0097706;0.00053339;0.0017761;0.015406;0.0094645;0.0071627;0.0071534;0.012907;0.010642;0.0084188;0.083749;0.02747;0.00012101;0.0028391;0.0053136;0.00813;0.012437;9.55E-05;0.02175;6.319E-05;0.0056796;0.0015243;0.0023568;0.014786;0.010375;0.026333;0.010164;0.0069612;0.0025821;0.027775;0.014968;0.0012281;0.0022659;0.0011939;0.0056824;0.0017431;0.014624;0.040953;0.0083208;0.016667;0.0043212;0.020819;0.0099317;0.015542;0.010504;0.059773;0.0024943;0.0029017;0.0085424;0.021493;0.014314;0.0050762;0.0093997;0.0091491;0.015315;0.0075374;0.008112;0.0024663;0.0066341;0.0053528;0.013469;0.011778
11;1.596;1.9311;2;0.85;0.5;50;50;Manhattan(Median);0.11122;0.0010677;0.0020208;0.0041902;0.0012441;0.017119;0.0064495;0.0014879;0.012851;0.00047015;0.0085437;0.029263;0.0036796;0.031324;0.0071949;0.0056781;0.025723;0.0092416;0.026448;0.00635;0.028577;0.020577;0.0078854;0.012332;0.038778;0.00069555;0.015967;0.051336;0.024849;0.0098267;0.0077786;0.0039256;0.0059017;0.0072879;0.0099764;0.023685;0.01342;0.0037456;0.012935;0.0030938;0.00826;0.018707;0.010008;0.00019207;0.023713;0.0094883;0.002572;0.020547;0.0020106;0.0051654;0.0013758;0.048627;0.0027384;0.0014055;0.019366;0.01584;0.0093817;0.041058;0.0083345;0.0039157;0.0099362;0.011308;0.038079;0.00025968;0.0098735;0.013231;0.00096398;0.016377;0.01609;0.00088819;0.015209;0.00094301
12;1.6181;2417.9;2;0.85;0.5;50;50;Manhattan(Summation);0.11781;0.018371;0.00075688;0.0041893;0.0018963;0.0025914;0.00042857;0.012261;0.044769;0.011405;0.0036072;0.012277;0.0015867;0.058992;0.0077732;0.00040454;0.012162;6.6622E-05;0.0088816;0.0018718;0.0046837;0.0024782;0.019217;0.056611;0.011324;0.0011056;0.015332;0.022408;0.00074296;0.0052344;0.0050006;0.02606;0.0036088;0.0013286;0.072781;0.0043;0.057533;0.013036;0.0056188;0.020935;0.0029929;0.0013751;0.0055669;0.0041082;0.0019309;0.086303;0.006176;0.019616;0.0063618;0.010083;0.007083;0.010224;0.0055796;0.0072333;0.0012714;0.0090031;0.010614;0.045918;0.0011242;0.0041827;0.013142;0.007609;0.0084185;4.2116E-05;0.0059484;0.0028639;0.014909;0.0053827;0.0065225;0.0085799;0.0063913;0.0020021
13;1.6278;2432.3;2;0.85;0.5;50;50;Manhattan(Summation);0.11874;0.014142;0.033189;0.0073336;0.00226;0.012563;0.012895;0.020714;0.019804;0.0018533;0.0028193;0.0045479;0.002094;0.0072127;0.0032165;0.032074;0.0032908;0.0052634;0.004359;0.017422;0.01589;0.0029002;0.0026096;0.0012278;0.0029514;0.0023915;0.04524;0.020413;0.0095583;0.0068051;0.00062168;0.039793;0.0061143;0.0080113;0.0043983;0.028031;0.020542;0.020151;0.0024225;0.0095085;0.024086;0.040052;0.0098906;0.0057492;0.0008649;0.0018236;0.00093875;0.020213;0.0013253;0.006028;0.0053306;0.035454;0.0021829;0.023702;0.022623;0.024995;0.0087273;0.0050265;0.016751;0.0047697;0.024141;0.0016825;0.0029434;0.0092889;0.011036;0.019002;0.010598;0.0017611;0.00011277;0.014229;0.038969;0.030325
14;1.6297;0.21372;2;0.85;0.5;50;50;Euclidean(Minimum);0.032697;0.00059324;0.0146;0.034054;0.0057094;2.4143E-05;0.042694;0.011847;0.036248;0.0013984;0.0037664;0.0016589;0.04334;1.4062E-05;0.0028669;0.00015053;0.023969;0.0049438;0.0031489;0.027573;0.0012427;0.015882;0.00096375;0.035036;0.022848;0.0122;0.039252;0.00073251;0.041158;0.0027152;0.00077611;0.0028451;0.022353;0.019875;0.00063376;0.0047498;0.03952;0.033477;0.0094088;0.0046974;0.0044731;0.033311;0.0016308;0.0040376;0.042925;0.010627;0.04451;0.00030389;0.034335;0.0027278;0.00087932;0.00093762;0.00027467;0.00094965;0.0075206;0.030183;0.0014189;0.0019545;0.00096113;0.0010991;0.0036887;0.00027292;0.041927;0.0014077;0.00039718;0.0011267;0.0032046;0.039861;0.0046536;0.026249;0.044245;0.0062437
15;1.6422;1.987;2;0.85;0.5;50;50;Manhattan(Median);0.12108;0.021643;0.010551;0.0036258;0.0080983;0.0042707;0.016279;0.0087895;0.017994;0.0074912;0.0026946;0.021125;0.00056155;0.003516;0.040636;0.0087079;0.0033298;0.0055692;0.084105;0.016146;0.0070513;0.013572;0.0048537;0.012563;0.0078717;0.0072426;0.0011328;0.0026612;0.017875;0.003487;0.0024246;0.0070297;0.012136;0.072482;0.013137;0.014792;0.0020484;0.006907;0.018357;0.016639;0.018114;0.0015733;0.00023752;0.0090958;0.0092447;0.0049952;0.011201;0.0058899;0.0090241;0.0029389;0.019652;0.0010447;0.040768;0.0041078;0.0068927;0.014626;0.012671;0.025971;0.00174;0.0028208;0.0063306;0.02683;0.003652;0.021238;0.0037172;0.009347;0.0038004;0.017886;0.02365;0.010074;0.0020283;0.018364
16;1.6499;2.0126;2;0.85;0.5;50;50;Manhattan(Average);0.12357;0.011657;0.012189;0.029363;0.027027;0.0030736;0.020271;0.0011095;0.0080575;0.022689;0.0069946;0.010395;0.010318;0.0031183;0.0058162;0.0041467;0.010739;0.0034141;0.025968;0.0060368;0.00878;0.016963;0.0018427;0.012966;0.035323;0.0031309;0.0088065;0.013813;0.0016908;0.02049;0.0079948;0.0083287;0.01253;0.026683;0.015267;0.013468;0.0013598;0.0010921;0.0054272;0.01013;0.0050791;0.025927;0.0043744;0.022285;0.025635;0.033291;0.013081;0.010267;0.0075349;0.00048575;0.016122;0.0026314;0.0026417;0.0013564;0.013787;0.034502;0.03738;0.011333;0.010487;0.0033176;0.015281;0.0044331;0.024396;0.017811;0.007821;0.016957;0.003238;0.0038687;0.0056869;0.0029364;0.0012397;0.042778
17;1.6655;2.0316;2;0.85;0.5;50;50;Manhattan(Average);0.12719;0.00093042;0.013145;0.0030252;0.0053225;0.0091432;0.04128;0.0078376;0.014372;0.011179;0.0069196;0.0037098;0.023588;0.0015908;0.01087;0.0060257;0.011918;0.0060238;0.0056303;0.0031708;0.018203;0.0017557;0.01699;0.012209;0.0066629;0.0070311;0.0069006;0.0074108;0.014906;0.016092;0.0010605;0.037217;0.002079;0.016006;0.024818;0.0014798;0.10042;0.026473;0.0014752;0.006603;0.010089;0.0013042;0.014864;0.0039677;0.00046678;0.024774;0.015253;0.010937;0.040809;0.021614;0.052692;0.003987;0.0024853;0.0063303;0.00046695;0.0044425;0.010014;0.032613;0.0011192;0.00047033;0.0019951;0.0014686;0.010015;0.00061522;0.00068011;0.0035067;0.0060297;0.028064;0.00092876;0.025053;0.0048453;0.019442
18;1.6996;0.22288;2;0.85;0.5;50;50;Euclidean(Minimum);0.039354;0.0010104;0.038264;0.0003163;0.038414;0.038384;0.037638;0.00014817;0.0009386;0.0014226;0.0060972;0.00055301;0.00034527;0.0010843;0.0070481;0.00035725;0.00145;0.0028831;0.0015018;0.003499;0.039177;0.00037147;0.038983;0.009103;0.010346;0.0062391;0.039201;0.029236;0.037241;0.038082;0.0021134;0.037757;0.0042298;0.0030854;0.00056297;0.00090895;0.030048;0.00023244;0.037617;0.024263;0.0025206;3.9045E-05;0.034969;0.013656;0.0035344;0.00013484;0.038224;0.0055099;0.0003742;0.00013063;0.027153;0.033212;0.007076;0.0034637;0.033899;0.024145;0.0010945;0.00084717;0.0074764;0.00045219;0.0010251;0.008662;0.00066557;0.034109;0.0048012;0.007284;0.0036883;0.038682;0.0015558;0.0018576;0.019168;0.031085
19;1.7037;2.0783;2;0.85;0.5;50;50;Manhattan(Average);0.13543;0.00080099;0.0032007;0.0012223;0.0070636;0.0079319;0.010887;0.011539;0.0063276;0.020457;0.020574;0.014536;0.0042066;0.015299;0.0086455;0.00065017;0.0010977;0.020523;0.01116;0.0080645;0.018603;0.0047755;0.0011489;0.0074081;0.013866;0.012013;0.0061263;0.00018614;0.024657;0.10484;0.0034064;0.014896;0.014797;0.0069777;0.001268;0.0228;0.011429;0.01479;0.0071294;0.022018;0.0099053;0.0026222;0.011662;0.010253;0.00061362;0.011665;0.025919;0.0049304;0.0077046;0.014528;0.0044169;0.016471;0.00024001;0.018276;0.0046479;0.0017223;0.010639;0.010049;0.0034483;0.009696;0.013705;0.025805;0.042695;0.0067367;0.0061186;0.038139;0.01184;0.016984;0.0098455;0.0078527;0.010704;0.0074167
20;1.708;2552.2;2;0.85;0.5;50;50;Manhattan(Summation);0.13686;0.019884;0.0010986;0.0042659;0.01911;0.009141;0.00060245;0.058211;0.0003893;0.015156;0.011075;0.0097475;0.0015719;0.0031813;0.0016817;0.0096067;0.00011077;0.008351;0.0086582;0.0036961;0.013752;0.00070126;0.012415;0.0097413;0.0013443;0.015901;0.024999;0.0058506;0.008315;0.010962;0.0080649;0.012161;0.0084505;0.002031;0.022356;0.0043626;0.0054921;0.014472;0.001512;0.025857;0.0027071;0.0093428;0.0086346;0.014611;0.032042;0.079773;0.0027285;0.009367;0.067093;0.010185;0.0088764;0.0064583;0.016094;0.0018451;0.0062865;0.0071583;0.0064651;0.034314;0.0039407;0.012646;0.0039456;0.0014591;0.00058026;0.0073478;0.011706;0.0086543;0.0036052;0.053042;0.020007;0.0016832;0.0084081;0.0078572
21;1.7269;0.22646;2;0.85;0.5;50;50;Euclidean(Minimum);0.044431;0.0031953;0.020677;0.00039211;0.0042725;0.00045688;0.04722;0.042899;0.009702;0.0025559;0.0072946;0.0062966;0.032216;0.0036522;0.00066032;0.00028803;0.00069915;0.0048614;0.040365;0.0026436;0.0040879;0.00047817;0.0014156;0.0071561;0.033513;0.0032943;0.018503;0.046881;0.042291;0.03483;0.0012729;0.033658;0.0063311;0.017605;0.0012869;0.00035849;0.0010777;0.013119;0.011703;0.0022036;0.0033058;0.0043499;0.045382;0.0039834;0.0025297;0.002662;0.047063;0.0015218;0.0029197;0.032985;0.00048405;0.0261;0.0032393;0.0017651;0.0019233;0.004337;0.0051551;2.1683E-06;0.0014501;0.0051321;0.00078281;0.0015182;0.035809;0.046149;0.045591;0.012549;0.0078908;0.0097818;0.037962;0.044466;0.0010276;0.0043357
22;5.9399;2.2194;2;0.85;0.5;50;50;Euclidean(GeometricAverage);0.11202;0.00091076;0.014678;0.060664;0.0016142;0.011226;0.0092517;0.014139;0.022427;0.0057333;0.00024182;0.066576;0.01944;0.011624;0.0072173;0.0051188;0.01596;0.0023378;0.0044816;0.021769;0.034689;0.012244;0.027193;0.048856;0.0081554;0.018565;0.011405;0.00092762;0.013489;0.0092104;0.0055801;0.040555;0.021713;0.013967;0.00055452;0.0047103;0.0087103;0.0012677;0.0030364;0.0020964;0.014455;0.021858;0.0015284;0.0033243;0.00029653;0.002573;0.0069099;0.0042947;0.0060498;0.010999;0.0013403;0.010133;0.0020659;0.0030099;0.01436;0.00042481;0.020537;0.0055138;0.015186;0.0055558;0.054077;0.0013552;0.0043529;0.013971;0.016668;0.0066656;0.00019612;0.024935;0.00099016;0.0078481;0.018384;0.0057875
23;6.1035;2.6337;2;0.85;0.5;50;50;Euclidean(Average);0.095825;0.0011381;0.0026035;0.024537;0.00053346;0.00072911;0.0073978;0.0038709;0.040493;0.014025;0.00039832;0.0083783;0.0029744;0.0018681;0.0076005;0.018563;0.042869;0.0015122;0.0030939;0.0093454;0.01651;0.041476;0.021186;0.0019665;0.010556;0.010829;0.041558;0.00073972;0.064942;0.018261;0.029952;0.0040676;0.0091931;0.00013684;0.021033;0.018686;0.017858;0.024128;0.0025794;0.0021999;0.010733;0.00093782;0.0010878;0.020865;0.010869;0.010003;0.0052737;0.00074768;0.0019785;0.0052482;0.019047;0.010332;0.00088882;0.039624;0.0030725;0.015361;0.039512;0.011921;0.017952;0.014451;0.0022594;0.0031008;0.0029288;0.0038719;0.012112;0.044536;0.012157;0.0035378;0.0019358;0.0097652;0.011214;0.0070602
24;6.252;2.3502;2;0.85;0.5;50;50;Euclidean(Median);0.096251;0.01465;0.004871;0.017093;0.017525;0.0062544;0.004505;0.0086835;0.00091111;0.001621;0.014415;0.011845;0.006318;0.00080135;0.0042071;0.0066513;0.0089727;0.03149;0.01311;0.0064613;0.00057502;0.0069789;0.019368;0.0039807;0.0052042;0.028924;0.00039102;0.024748;0.01499;0.0092431;0.0016949;0.0080065;0.002332;0.006913;0.0013614;0.0062053;0.0040877;0.0057646;0.074881;0.014587;0.057096;0.095318;0.0014195;0.0044426;0.00091321;0.011128;0.00038918;0.035423;0.00081995;0.0018023;0.077964;0.0046145;0.0098581;0.0024673;0.0085859;0.0012197;0.0039997;0.002562;0.051421;0.0022018;0.0048316;0.013147;0.0086214;0.006489;0.0017578;0.0047659;0.010572;0.029671;0.0038863;0.0095631;0.0052062;0.010969
25;6.5634;2.8322;2;0.85;0.5;50;50;Euclidean(Average);0.10317;0.019356;0.0047337;0.00151;0.0021274;0.064293;0.015286;0.0068919;0.0095434;0.020155;0.015706;0.0091212;0.014831;0.00062473;0.01618;0.085762;0.0044628;0.0035461;0.012722;0.016366;0.011201;0.024381;5.6693E-05;0.028956;0.026478;1.332E-05;0.012971;0.0029808;0.0085335;0.0079294;0.0042876;0.0037361;0.00070263;0.0089881;0.0046986;0.012493;0.028444;0.006682;0.0054614;0.011281;0.00014484;0.02074;0.0034939;0.020161;0.015895;0.00856;0.00048666;0.010068;0.0050272;0.0019201;0.02015;0.003467;0.0013966;0.0039034;0.020453;0.021362;0.0011846;0.034232;0.01349;0.0060429;0.04765;0.0047846;0.0065195;4.2091E-05;0.024722;0.00072117;0.031389;0.022154;0.0016309;0.0027587;0.0035087;0.0052809
26;6.611;2.4852;2;0.85;0.5;50;50;Euclidean(Median);0.10153;0.0085887;0.010999;0.005713;0.0097866;0.0047599;0.0039374;0.017058;0.0027506;0.036681;0.063153;8.9556E-05;0.0034089;0.0092662;0.0042549;0.016274;0.008092;0.0077898;0.0018316;0.017959;0.024346;0.089951;0.002468;0.0060495;0.036096;0.016923;0.008387;0.083806;0.0065666;0.0026299;0.0005721;0.00094113;0.0019939;0.0070832;0.00075325;0.012477;0.0072338;0.0038216;0.010108;0.012785;0.0055929;0.040428;0.011522;0.0041961;0.0020034;0.0019493;0.016554;0.0067537;0.0069578;0.008569;0.00092445;0.0081827;0.010722;0.0065292;0.0026089;0.010279;0.010739;0.0024592;0.030981;0.0018913;0.002004;0.0089289;0.0022238;0.012049;0.0010774;0.0014483;0.017512;0.018175;0.022326;0.0080495;0.044403;0.0030427
27;6.8616;2.9609;2;0.85;0.5;50;50;Euclidean(Average);0.10768;0.00062087;0.0031447;0.0042624;0.00096543;0.0061467;0.031156;0.029875;0.0056048;0.0042666;0.0006658;0.011962;0.0027497;0.0042431;0.031751;0.012495;0.0078196;0.025264;0.00095487;0.0029361;0.0016106;0.012154;0.024723;0.0039466;0.0036993;0.0031843;0.0035942;0.015009;0.01051;0.0069917;0.0029927;0.0044786;0.0046048;0.0029282;0.0016025;0.0098985;0.0011711;0.0058891;0.019076;0.012254;0.0028934;0.0019412;0.0060236;0.0024339;0.01143;0.0021626;0.0017657;0.007966;0.098372;0.015119;0.058239;0.013684;0.00017272;0.0099216;0.0385;0.016675;0.022371;0.022578;0.0024701;0.0046154;0.0029989;0.037236;0.0020765;0.095924;0.005637;0.031464;0.00033835;0.0078104;0.00086759;0.001338;0.022591;0.0074996
28;7.1097;3758.2;2;0.85;0.5;50;50;Euclidean(Summation);0.11195;0.0187;0.012255;0.015997;0.0081639;0.029054;0.013352;0.00428;0.014017;0.021668;0.00088462;0.022891;0.0047254;0.017021;0.0019078;0.0021677;0.012021;9.4841E-05;0.00034993;0.020783;0.03661;0.016704;0.0048066;0.027881;0.0048779;0.00090927;0.010434;0.014442;0.020645;0.0013204;0.0019534;0.00029674;0.0019765;0.058676;0.019227;0.011936;0.031905;0.013874;0.022621;0.001239;0.0018489;0.0072898;0.064918;0.015496;0.0031704;0.021148;0.00019229;0.028853;0.0067532;0.010336;0.023862;0.0030795;0.0023869;0.015678;0.0022022;0.037834;0.023621;0.003214;0.0024975;0.013956;0.0063704;0.0025591;0.00025246;0.0014511;0.0078997;3.4208E-05;0.0094401;0.010717;0.01107;0.0050998;0.0085678;0.013582
29;7.1261;2.6627;2;0.85;0.5;50;50;Euclidean(GeometricAverage);0.13637;0.0019744;0.0059376;0.013234;0.0080842;0.031145;0.031019;0.016968;0.0071422;0.020556;9.5905E-05;0.0083347;0.027621;0.0053855;0.0010644;0.0073272;0.00073485;0.0047281;0.0014582;0.00041724;0.00047094;0.0084478;0.039177;0.019175;0.015593;0.0011401;0.0033161;0.012749;0.0014042;0.00054687;0.006582;0.039624;0.003399;0.0045484;0.0019636;0.031496;0.010197;0.014498;0.011425;0.016793;0.00083965;0.013091;0.01033;0.030474;0.041366;0.020001;0.0057407;0.0074272;0.0055771;0.00035017;0.0017176;0.0058883;0.027523;0.0471;0.0043587;0.0019599;0.04938;0.0089327;0.00043032;0.010728;0.006214;0.031945;0.015173;0.0070531;0.00049617;0.019137;0.00062571;0.011949;0.0071477;0.01298;0.017995;0.0039194
30;7.3753;3898.6;2;0.85;0.5;50;50;Euclidean(Summation);0.11615;0.0041553;0.017469;0.0075306;0.003302;0.0063748;0.021635;0.029314;0.012384;0.00099423;0.01297;0.014886;0.010722;0.0020933;0.017981;0.0020306;0.017209;0.0021136;0.0036488;0.0029665;0.023768;0.0088178;0.017996;0.021201;0.016563;0.0022845;0.034614;0.032;0.0013685;0.0098252;0.021743;0.026642;0.01421;0.016775;0.0083036;0.006505;0.012175;0.0014386;0.060226;0.036973;0.015559;0.00012118;0.07075;0.0020718;0.0046413;0.0040918;0.010431;0.018924;0.0030464;0.0048615;0.0038604;0.0011608;0.020809;0.002546;0.029887;0.0022732;0.017496;0.019643;0.015807;0.0030171;0.00068996;0.0048579;0.00060037;9.6969E-05;0.020707;0.011803;0.0021038;0.0073777;0.0010301;0.0013991;0.0036009;0.015376
31;7.5072;2.822;2;0.85;0.5;50;50;Euclidean(Median);0.11594;0.010074;0.0060204;0.0016119;0.00054046;0.0038644;0.00096399;0.10021;0.0087726;0.013639;0.0036291;0.023691;0.0042946;0.066243;0.0018551;0.023685;0.010577;0.019187;0.00061458;0.0051009;0.0016907;0.0044188;0.019872;0.00042724;0.0085365;0.0099707;0.0014049;0.010685;0.0012053;0.00046414;0.0080724;0.020946;0.01071;0.00037362;4.95E-06;0.00092708;0.0039838;0.050684;0.0044044;0.0035081;0.0020748;0.0019484;0.007334;0.0039233;0.0020887;0.01139;0.0021696;0.020017;0.0032887;0.011976;0.010284;0.020643;0.0060078;0.019688;0.0055679;0.02059;0.041889;0.0087437;0.010675;0.0020046;0.0012208;0.02148;0.044135;0.030499;0.0031582;0.010559;0.0078134;0.0126;0.0086047;0.0031918;0.053407;0.0082241
32;7.773;0.38318;2;0.85;0.5;50;50;Euclidean(MinimumTimesMedian);0.073395;0.047886;0.0040003;0.022156;0.002106;0.041381;0.044603;0.0072841;0.0010076;0.0045265;0.0032689;0.0073445;0.0046005;0.042763;0.0045767;0.0050321;0.0050637;0.0043404;0.006558;0.0011505;0.0012214;0.0064563;0.0043785;0.025085;0.010387;0.0029228;0.020206;0.0014178;0.0048809;0.0013186;0.022642;0.0038219;0.010092;0.0046503;0.00089986;0.0076833;0.0050961;0.0042127;0.066718;0.0052191;0.067181;0.0036983;0.067755;0.00051407;0.0035549;0.020158;0.014391;0.0071189;0.0052827;0.0012035;0.0016877;0.00053006;0.021312;0.0032575;0.0043687;0.018312;0.013044;0.010799;0.0045564;0.0046693;0.0025973;0.005648;0.0038223;0.0085401;0.012616;0.0084296;0.049228;5.608E-05;0.020055;0.014746;0.0073066;0.05121
33;7.9534;2.9718;2;0.85;0.5;50;50;Euclidean(GeometricAverage);0.15128;0.024036;0.0029734;0.0080425;0.00036246;0.0031452;0.0026357;0.0058361;0.0016528;0.011249;0.0058976;0.018024;0.0038334;0.0088225;0.0065652;0.022814;0.018993;0.031136;0.030189;0.0019653;0.00060357;0.0075661;0.0017376;0.0094451;0.019677;0.0022165;0.12896;0.011586;0.0088517;0.0011797;0.0068084;0.01074;0.017842;0.0074308;0.036281;0.0034371;0.0038525;0.014596;0.0060253;0.0088399;0.011661;0.0077235;0.0031132;5.8854E-05;0.01955;0.0010548;0.0080329;0.0036873;0.0067772;0.010012;0.015378;0.0060844;0.011712;9.7008E-05;0.010554;0.0097717;0.016486;0.0075282;0.0081799;0.028843;0.0028821;0.0030067;0.013668;0.0084205;0.0014196;0.008486;0.00043257;0.067419;0.0021694;0.0053503;0.025314;0.0079927
34;8.3268;0.41048;2;0.85;0.5;50;50;Euclidean(MinimumTimesMedian);0.083218;0.00069609;0.0024151;0.0047736;0.00026286;0.0032235;0.0053105;0.016036;0.06295;0.005162;0.011827;0.0055251;0.027382;0.0016131;0.0037578;0.0019181;0.031897;0.0039864;0.015253;0.015059;0.0014522;0.0011171;0.00039152;0.026698;0.0011604;0.016181;0.063035;0.067631;0.0098576;0.046505;0.011049;0.0041358;0.016585;0.0093338;0.007117;0.00472;0.00050755;0.0041832;0.004062;0.02712;0.0015668;0.0012997;0.0024369;5.9766E-05;0.011361;0.00079857;0.00046889;0.0016898;0.030297;0.06815;0.0067666;0.0033621;0.0089667;0.008055;0.032136;0.0058671;0.0058453;0.0015363;0.0088106;0.0025241;0.0090316;0.01613;0.0070329;1.8952E-05;0.007041;0.027575;0.023653;0.024258;0.0087272;0.0085412;0.010265;0.03062
35;9.406;4972.1;2;0.85;0.5;50;50;Euclidean(Summation);0.14839;0.0042919;0.011301;0.0069965;0.008496;0.0046932;0.0056653;0.010839;7.5849E-05;0.008546;0.0015613;0.0036557;0.0047394;0.011525;0.0031134;0.012684;0.00080432;0.0025634;0.0058396;0.0023504;0.018561;0.020388;0.014891;0.0014661;0.019356;0.024873;0.0016463;0.010568;0.010759;0.010305;0.0099256;0.0053627;0.0055103;0.02322;0.0028993;0.0079693;0.0019734;0.015987;0.0049732;0.020594;0.038995;0.001254;0.0043474;0.0028493;0.061136;0.0047295;0.0030642;0.019727;0.0054143;0.0044314;0.013516;0.002763;0.0015997;0.0073507;0.016267;0.004099;0.016484;0.0068088;0.0011059;0.01083;0.017333;0.021036;0.011234;0.011459;0.0031258;0.011956;0.027631;0.092128;0.064741;0.0082136;0.0096384;0.0053705
36;10.399;0.51266;2;0.85;0.5;50;50;Euclidean(MinimumTimesMedian);0.090261;0.0090926;0.00044277;0.0034181;0.0068556;0.0054047;0.0018284;0.012157;0.030755;0.0031091;0.00048513;0.00061612;0.019962;0.018327;0.0033754;0.0087966;0.0022496;0.01356;0.01624;0.00095087;0.055967;0.004815;0.0054792;0.0050115;0.085175;0.01054;0.074701;0.0028436;0.0025761;0.0023701;0.0095347;0.016387;0.0080351;0.0058256;0.0032521;0.0042111;0.0092474;0.0059353;0.054301;0.0050974;0.0054741;0.0037372;0.028192;0.0025255;0.0080111;0.0034725;0.0079296;0.0011841;0.0023657;0.0093894;0.0034365;0.014287;0.0087614;0.042878;0.0045848;0.0024018;0.0020379;0.021415;0.0011285;0.0064404;0.0014092;0.0045836;0.010343;0.04861;0.00091192;0.0041111;0.018543;0.087118;0.0059389;0.004428;0.0057836;0.0093763
population
1;1.4417;0.22944;-1.5988;0.87039;1.3097;0.22717;-2.4184;-0.27404;-1.1639;-0.60577;0.063732;-0.60551;-0.2991;-0.78984;1.1135;-0.59244;0.79519;0.93293;-0.10686;-0.032308;-2.518;0.66097;0.33968;-0.26038;-0.55887;-0.57172;0.7701;0.37158;0.26165;-0.0037555;-0.41703;-0.84971;-0.46612;0.2355;-0.077544;-0.041596;-0.98156;-0.3452;-0.17783;-3.1305;0.39882;-0.068235;0.64981;-0.085288;0.67579;-0.51064;0.67526;-0.041363;-0.21354;0.10115;0.74471;1.5424;0.49853;-1.2483;0.20285;-0.91044;-0.12503;0.30448;0.094905;0.097563;0.38159;0.79539;0.058452;-1.4984;-1.1711;0.78397;-1.8614;-0.53999;-0.56418;-0.48689;0.026958;-0.35037
2;15.983;-1.2055;-0.3221;-0.89902;-0.30687;0.78347;0.54162;0.95387;-0.35855;-0.41468;-0.58118;0.70381;-0.19246;1.1029;1.4306;-1.1014;1.0462;-0.23732;-0.69016;0.76316;-0.57969;1.1051;0.51452;2.142;1.6705;-0.23625;-0.58111;-1.4316;0.56773;-1.5638;0.20688;-1.9719;-0.36576;-0.19432;0.52187;-0.20573;-0.31024;-0.78209;0.27222;-0.12316;-1.3464;-1.1336;-0.35995;-0.88888;0.21791;0.27587;0.24283;-0.076036;2.0825;1.0452;-1.0924;-1.2357;0.085888;-2.608;0.55947;0.50318;-0.74807;1.0196;-0.16151;-0.44896;1.9232;0.11965;1.4848;-0.050944;-0.93922;-0.9083;-0.6669;0.68022;1.3282;-0.61785;-0.18128;0.74259
3;62.571;-0.21817;1.6348;-0.2899;2.0938;-0.14985;0.24655;0.71952;-0.46429;-0.17016;1.3494;1.1876;0.16778;1.3593;-0.75553;0.55032;-0.89818;0.1533;0.34511;0.25804;-1.3761;-0.014617;0.54093;0.27062;-2.817;0.90112;-0.28803;-0.90287;-1.3096;-1.2166;-1.09;0.84617;-0.50728;-0.49565;0.78215;0.16032;-1.1527;-1.003;0.01985;0.074836;2.3182;0.09017;0.0096682;-0.21304;1.1116;1.4396;-0.05242;0.6184;0.49866;-0.75362;-1.9504;-1.2323;1.5907;-0.51499;0.0057632;-0.018231;1.178;1.4254;-0.8307;-0.54436;-0.51891;1.4186;-0.29108;-0.083948;0.93456;1.2664;0.6857;-1.098;-1.2266;1.5794;0.92082;-2.5075
4;53.853;1.6416;0.072881;0.4146;-0.74563;0.87884;0.77973;-0.89798;-0.68973;2.4785;-1.4185;-0.88861;-0.58385;-0.15689;1.5912;-0.10008;0.11653;-0.47099;0.69366;-0.16944;-0.34793;0.28153;-0.009155;-0.85014;0.48059;-0.71763;-1.3145;1.4887;-1.6254;-0.26921;1.2001;-1.4467;0.55267;-1.3958;-0.18025;-0.0050052;1.0695;0.29068;0.19007;-0.34259;0.064909;0.087261;1.9022;0.508;0.085786;-0.58132;1.1189;-0.86025;1.3757;0.3523;0.38054;-0.92775;0.28251;0.66628;0.63514;0.047581;-0.049387;0.59989;-0.20134;0.12665;-1.9557;0.22687;-0.43337;-0.25231;-1.1966;-2.7866;1.811;1.9859;0.51903;-0.1505;1.4012;-0.21511
5;14.965;-1.7266;1.6235;-0.76751;1.5707;0.22884;-0.68898;0.36904;-1.7724;-0.68865;-0.55168;0.056512;-0.10974;-1.2224;-1.1421;1.095;0.6514;0.06167;1.0417;0.38554;0.45693;1.888;0.12612;-1.8556;1.6922;-1.1891;0.96821;0.68792;-0.81883;1.1543;1.8183;0.86255;-1.8097;-1.073;-0.41356;0.14419;0.30263;0.45495;1.3668;1.1873;-1.3865;1.0395;-0.18427;-1.1964;0.35851;0.67776;1.1788;-1.3342;0.15053;-1.0056;0.61753;-0.24175;-0.29093;0.4994;-0.7142;0.2221;0.90346;1.1093;-1.1763;0.098108;-0.9358;-0.001138;-0.23316;0.017543;0.32239;0.81255;1.1389;1.0708;1.511;-0.30426;0.87889;-0.22945
6;54.271;0.36966;0.2791;-1.0458;1.6174;-0.11027;-1.281;1.221;0.83326;0.30584;0.52871;-0.2375;0.56823;-0.43975;-0.35473;-1.2709;-0.60433;2.4377;-0.3233;1.2277;1.2759;-0.17734;-0.35092;-0.95576;1.6468;0.67385;-0.67535;-0.44713;0.58714;-1.5459;0.035792;-1.0372;0.097766;0.64551;1.2415;-0.69144;0.22188;0.97465;1.0179;0.54561;-0.22365;-1.1065;1.6231;0.15098;-1.2143;-1.4234;1.2368;0.50838;1.369;0.54199;0.63388;-0.82119;2.6367;-0.2702;-0.54517;-0.68356;1.4021;-1.1413;0.7743;-0.23011;0.45382;1.5036;-0.36366;-1.5305;0.84026;-0.59348;-1.4405;-0.41578;1.9221;-1.5865;1.0158;-0.42185
7;18.255;0.11118;1.1675;0.24754;-0.32529;-0.5161;-0.078768;0.13322;-1.0661;0.97052;1.318;0.4226;2.0932;0.53399;-0.23882;-0.041016;2.3201;0.61741;0.026562;-2.3623;0.64421;-0.25806;-1.4236;-0.76959;1.6173;0.29865;0.032312;-1.4992;1.286;-1.7362;0.89209;0.71857;0.1961;0.32217;-0.56585;-0.34255;1.362;1.9701;-1.2055;0.02683;-0.051033;1.2875;0.1191;0.62636;1.3965;0.059522;-2.0157;-0.18546;-0.29701;-0.47795;-1.1611;1.7423;-0.20494;-0.72178;-0.090205;-0.050904;0.3629;1.7484;0.01842;-0.90129;1.7185;-0.78307;-1.7858;-0.92252;0.27275;-1.7826;0.82159;0.23192;-0.7236;-1.0233;0.078087;-0.15758
8;48.51;-0.43554;-0.93082;0.30158;-0.46735;0.71716;-0.25588;0.53478;-0.22444;-2.4925;-0.49345;0.68074;-0.54449;0.0064823;1.7342;-2.1577;0.88175;0.60348;0.58899;-1.3733;0.44878;1.587;-0.96398;0.73691;2.1553;0.59546;0.4214;0.30624;-1.1987;-1.6116;1.7195;0.34126;0.04038;2.1371;-0.055875;-0.033522;-1.527;1.1145;-0.66647;1.2883;-0.30167;1.5536;1.5896;2.2174;-0.20397;-0.77157;1.26;-0.68707;1.3774;0.70936;0.34713;0.056433;-1.2371;-0.24177;0.40072;0.79902;-0.17252;-1.1417;0.33099;0.22343;0.5126;0.88431;0.067629;-0.64255;-0.25902;1.1574;0.6922;1.2822;-0.24;-0.71625;0.48135;0.044265
9;45.113;-1.1605;1.1574;2.0421;-0.22602;-1.375;-1.3564;-1.7189;-0.68797;0.28235;0.59601;1.4262;1.4661;0.70457;0.47598;-1.7744;1.5668;0.20064;0.7955;0.70919;1.6346;0.86649;0.98023;0.060096;0.92051;1.8226;-2.2584;0.87109;-1.3429;1.3542;0.96643;-1.7788;-0.99112;-2.0549;-1.1148;-2.2009;-0.18298;-2.0384;1.0177;0.087211;1.0538;-0.4655;-0.95087;0.232;1.7643;0.060184;0.81386;-1.6378;-0.37684;1.2979;-0.38351;-0.2263;-1.9529;0.49063;0.61512;0.66908;-0.6999;1.1575;1.1282;0.01589;1.9443;-0.92937;-0.6523;1.1933;-0.24534;0.83386;-1.5989;1.073;0.0044945;0.94707;-1.571;0.38349
10;72.629;-0.59774;-1.1762;1.6216;-0.40764;2.2918;-3.0762;-1.3014;-0.051391;0.31345;0.84525;0.99505;-0.36136;-0.25133;-1.2889;-0.9482;0.29164;-1.1366;-1.3515;-0.57581;-1.2728;-0.40707;0.52411;2.4762;-0.22508;0.2743;-0.55343;0.93913;0.50066;-1.2089;-1.0828;-2.0879;0.68433;1.1706;0.29131;-0.055684;-0.22027;-0.94558;0.4055;1.5389;-0.83453;0.36645;-0.63606;2.1056;0.53158;0.67508;-1.2436;-0.19402;-0.65799;1.2467;0.79973;0.69747;-0.4067;-0.52987;1.5383;-1.4158;0.79974;0.081108;2.2947;-0.2769;-0.63323;-0.56441;1.7335;-0.55983;0.73573;0.95857;-0.24827;0.73855;-0.69504;0.3005;-0.18479;-1.3363
11;46.192;0.38286;-0.84291;-2.1445;0.70657;-0.19807;-0.81852;0.15222;-1.1711;1.4825;0.46559;-0.64379;-0.11864;0.20616;-0.0012101;-0.47386;0.28294;-0.29089;-0.28118;1.6669;-0.55256;1.5838;-0.0057538;-1.9135;-0.68735;0.047378;-0.33835;0.92322;-1.4718;-0.84564;-0.76129;-2.0172;0.80048;0.009694;-0.35291;0.1659;-0.012653;0.85292;0.61169;0.52274;0.69166;-0.53723;-1.8064;-1.4403;-1.0563;0.67749;0.033028;0.33045;0.15526;1.5754;-0.4743;1.6444;-0.91158;0.06202;0.84038;1.6243;0.37457;-0.1658;0.10904;1.1873;0.98732;1.2312;0.76162;-1.1061;0.73438;0.46275;0.074011;-1.0343;-1.1297;-0.39001;-1.8064;1.1161
12;32.69;1.2157;1.1493;-0.28069;0.066719;0.66144;-1.0284;1.1406;-0.59995;1.4401;0.44516;-0.54308;1.5581;0.17888;1.2166;1.1389;-0.15781;-0.07763;1.1413;0.28681;-0.65054;0.47198;-0.93064;0.30108;-0.64364;-0.15229;-0.4246;-1.7353;0.14561;0.98212;-0.096822;-1.078;0.072468;-0.28081;-1.2863;0.033139;0.55739;-0.4735;0.34044;-2.6688;-0.89894;-1.2374;0.13843;0.79431;-0.55597;0.84229;0.26045;1.5468;-0.3035;1.444;-0.71172;1.1925;-0.6765;0.37257;1.6716;0.16338;-1.0897;-1.1439;0.70906;0.22902;0.65245;3.493;-0.3086;-0.91732;-1.1805;-0.13166;-0.22312;1.7941;1.2135;-0.22367;-2.3602;0.33405
13;20.081;-1.2297;1.3872;-0.66154;-0.46663;-0.37054;1.5205;0.29631;-0.20529;-1.4891;-1.242;0.28297;0.054666;-0.87076;-0.25483;1.1004;-0.8078;1.4229;-0.57224;0.89204;-0.030698;-0.27496;0.72948;-0.74789;-0.012375;-1.3247;-0.30748;-0.28753;0.81133;-0.87467;0.53839;0.89301;-0.94566;0.35171;0.31097;0.44033;-2.0827;-0.010382;1.1835;0.24664;-0.19381;-0.40028;-0.6848;-0.53443;0.043124;1.0856;-0.42567;1.2588;-1.37;-0.62072;0.45632;-0.067282;0.78052;-0.38683;0.12236;-1.3168;0.08784;-0.25104;0.29706;1.4699;0.10789;-0.1411;1.2572;-0.62929;0.48764;-2.1266;-0.55541;0.13156;-0.91301;0.49907;0.47088;0.36814
14;36.427;-1.5393;-0.22643;-0.18636;0.71616;-1.7362;1.5659;-0.51984;-1.0398;-1.3967;-0.15815;1.4725;1.0839;-0.19119;-2.2375;1.1455;0.54523;0.34136;0.28713;0.44537;0.2215;-0.14337;-0.14511;0.49657;-0.87115;-0.50732;-2.5527;-0.019328;-0.56534;-0.26443;0.14545;-1.2449;-1.6806;-1.0223;0.76554;-0.24214;-1.49;0.049702;-0.21806;0.0034561;-1.5689;-0.25943;-0.43692;0.52175;-0.2371;0.5421;0.56843;-0.66872;-0.28115;1.0005;0.94731;0.90988;-0.71775;-1.0085;0.59762;-0.46468;-1.153;-0.88567;-0.14205;0.41363;-1.6552;0.1162;0.18675;1.1354;1.0335;1.5333;-0.24922;0.46337;-0.31653;0.93116;-0.7227;-1.1695
15;32.018;-1.9714;-1.4039;1.7458;-0.34365;-0.14696;0.090516;1.0801;1.1706;-0.51423;-1.2588;-0.79575;0.72978;0.86481;0.87238;0.83134;-0.0014762;0.26249;1.3533;-1.1669;0.61142;0.13315;0.82149;-1.5727;-0.31174;-0.71865;-0.05012;-1.7777;0.14675;-0.62727;-0.40227;1.2505;-0.81803;0.21802;0.013682;-0.44522;0.52711;-0.65684;-1.7421;0.5385;-0.79502;-0.94646;0.64043;-0.94291;-0.048943;-0.88631;0.48715;0.25139;-0.43458;0.64294;-0.59585;0.31163;1.1546;1.2204;-1.1019;-1.4377;0.67466;-1.1002;0.92084;-0.34079;0.60526;-0.37007;1.6678;1.3906;0.88434;0.080949;-0.7503;-1.178;1.102;1.3659;-1.0594;-0.91061
16;7.4428;0.90462;-0.28756;-0.43215;0.68392;0.62079;-0.052223;0.93099;0.3979;-1.0896;-1.3284;-0.59744;1.2812;0.070142;-0.81117;0.5234;0.98564;0.78575;-0.69037;0.8931;1.797;0.43835;1.3063;0.32932;0.81882;0.70538;0.76999;0.39154;-1.7463;1.096;1.1898;0.25128;0.21982;-0.13348;-0.61447;-1.3581;-0.033419;1.2849;-2.3274;-0.62344;0.62296;0.61919;1.1889;-0.57288;-0.1377;-0.12318;0.39456;0.99526;0.28065;-0.49915;-1.0787;-1.2116;-0.20874;0.091303;-2.3896;1.8262;1.9183;0.24649;-1.5084;0.21349;1.3812;1.565;-0.84636;-0.98492;1.7054;0.38556;0.25228;-0.0094363;-0.015624;-1.0302;-0.067349;0.81543
17;64.349;-0.53742;0.48784;0.95993;-0.091865;0.91785;1.0313;-0.48799;0.33017;-0.77039;0.36265;1.5784;0.45057;1.4028;-0.12475;0.28716;0.22818;-0.31455;-0.8883;1.0017;0.35796;-1.3529;-0.79362;0.011159;0.084058;-0.38639;0.27995;-0.73309;0.9266;-0.2068;-0.2401;-1.7203;0.13899;-0.6533;-0.064367;0.20064;0.38279;-0.8734;-0.38619;0.009955;0.085358;0.56072;0.14062;1.549;-0.49856;0.57435;1.0951;-2.4597;-0.67923;0.021684;-0.14514;-0.59241;-1.3766;0.25038;-0.32207;0.90286;1.6984;-0.54809;0.76334;0.30323;0.27916;-0.28451;-0.43573;-0.79333;1.3208;-0.39604;0.2485;0.11769;-0.29749;-0.50409;-0.60791;-0.77555
18;36.748;1.0136;0.13464;1.2304;0.24693;0.4037;-0.44095;-0.99211;0.38848;-1.4092;-1.4963;2.1016;1.6289;-0.063001;-0.94543;1.5489;-0.90217;-0.26572;0.91835;0.0030149;0.12786;0.094893;0.017278;0.049898;-0.71181;0.065758;-0.026532;0.86791;2.493;0.057918;0.51832;0.33667;-0.49806;0.17227;0.55168;-1.0048;1.018;-0.33068;0.16071;-0.11052;-1.3286;-0.14619;-1.4626;-0.053902;-0.73604;1.1595;-0.22867;-0.43708;0.17817;-0.9819;0.86977;-0.22179;0.87163;-0.72054;-0.7494;-0.67881;-0.3097;0.01993;0.010767;-0.095144;0.51252;-0.21572;0.36716;-1.0412;0.70113;-0.41401;-0.68505;-0.9642;0.37168;0.56735;0.2241;-0.65874
19;35.311;-0.27387;-0.2608;0.092119;0.61423;1.6241;2.0067;-1.3843;-0.81677;-0.52456;-0.50619;-1.6834;-2.208;0.8034;2.1478;0.77201;0.62458;-1.5674;0.54788;0.25308;-0.50329;-0.6802;2.432;-0.22445;2.2691;0.81935;-0.78571;1.1658;-0.29002;-0.20837;-0.032384;-0.94859;0.58608;0.37256;0.066624;-1.1697;-0.26792;1.483;0.8781;-1.5807;0.79262;-1.935;1.3875;-0.092242;-1.5764;2.0312;1.4201;-2.4383;0.18196;-1.0201;1.8079;-1.5869;-0.01229;1.9968;0.7634;-1.195;1.0113;0.40042;-1.2532;0.11879;1.1562;1.6244;-0.67879;-0.19992;-1.1732;1.732;-0.84756;-1.1976;-1.2749;0.024141;0.24088;0.74625
20;73.779;-1.0911;0.93073;-1.5784;-0.40365;-1.3286;-0.64547;-0.3245;0.57742;1.2367;-0.067547;0.49506;0.14997;-1.3216;-1.4213;-0.22907;-0.27773;0.49865;1.8485;0.42132;1.0204;-0.048898;-0.21514;-0.17039;-0.57638;-0.906;-0.32707;-0.020678;0.40883;-0.42236;1.6462;-0.77246;0.42683;1.307;1.2757;0.9883;0.57851;0.12928;-1.2463;-1.1361;0.41362;-1.5642;-1.1542;-2.4946;-1.1328;-1.672;0.511;-0.25299;-1.5693;2.661;-1.2448;1.3077;0.79504;-0.95181;0.086632;-1.6152;0.28389;-0.25326;1.6902;-1.3861;-0.31194;-1.56;0.68108;-0.172;1.0792;0.29576;1.2644;-1.1357;0.85063;1.6937;-0.99633;-0.11978
21;79.19;0.028137;-0.88752;-0.73651;2.1703;-1.4318;-0.33644;-0.70582;0.050552;-1.2569;-1.9699;-1.1094;0.75762;-1.3859;0.31496;2.1527;1.403;0.65271;0.82091;-0.54718;0.21824;0.37279;-0.95792;-0.55322;0.3938;-0.7567;1.2569;0.21338;0.91158;-0.67356;0.074351;0.37956;-1.3656;-0.80484;-0.87062;0.27198;-1.0936;-1.6053;-0.4856;0.61453;-2.2477;0.33716;1.6456;0.12863;-0.35063;-1.8681;-0.95549;-1.18;-0.85885;-1.2845;-2.081;-2.5173;-2.0727;-1.055;0.31928;-0.78081;0.68678;-0.22084;-0.43801;-0.88569;-1.574;-0.17369;-0.72122;-0.18545;-0.422;0.23021;-0.27769;-0.79366;0.48902;0.52289;-0.10166;0.48447
22;70.886;2.0889;0.067365;0.68153;-0.61149;0.33842;-0.53686;0.071302;-0.56639;0.71129;0.91352;1.3488;-1.4489;-0.3391;-0.7734;-1.2096;-1.0311;-0.79554;0.87473;1.247;0.90673;0.51414;2.2479;0.86674;-1.4641;-0.026714;0.3482;0.85818;1.5786;0.16593;1.0272;-0.66877;2.0443;-0.47763;-2.0169;-2.1648;1.0178;1.2338;-0.7638;-1.1692;-0.8448;-2.0228;0.80741;1.4843;-0.50837;0.99255;-0.88096;-1.3638;0.83344;0.71834;-0.089573;0.85113;-3.2178;1.4738;-0.64675;-1.1146;-0.20917;1.1683;1.0933;-0.57391;0.26377;0.14751;-1.1612;1.7572;2.0436;-1.666;0.49276;-1.313;-1.3446;-0.070466;-1.4566;-0.60705
23;61.977;0.54072;0.37878;-0.89369;0.70741;0.27413;2.6391;0.51085;1.561;-1.9045;0.42369;-0.1179;2.2819;0.42309;0.95786;-0.72035;0.95315;-1.2575;-1.1874;-0.08433;-2.1807;0.2258;0.39557;0.96438;-0.86054;1.4948;0.95652;0.18472;-1.9498;0.02402;0.34678;-0.36828;-0.40789;0.46526;-0.28123;0.74098;1.5802;-0.038191;1.5281;0.1964;0.12409;-1.6155;2.2841;1.897;1.2647;-0.31265;-0.30732;-0.88775;0.44871;0.43778;1.2131;-0.55484;0.63836;0.25013;-0.0019008;-0.24211;1.0329;-0.36543;-1.0093;-0.79522;0.4193;-1.4748;0.42093;1.2724;1.0749;0.19616;1.5001;-0.3753;-1.6902;0.89076;0.72023;-1.4058
24;26.811;-1.6401;1.4409;-1.9452;-0.083964;-1.8543;-0.85518;-1.6264;-1.165;0.63755;1.0487;-0.66367;-0.68451;-0.48848;0.28824;-0.57746;2.2398;1.2304;-2.1145;-1.2347;-0.94177;-0.19385;0.46035;0.42406;0.76925;-0.21878;0.41498;0.97609;0.39632;-0.75437;-2.4563;-1.6321;-0.38873;-2.2203;1.4733;0.96699;2.1861;-0.076235;0.55107;1.171;0.72486;-0.76466;-0.249;0.15267;-0.31352;-1.7664;-0.74179;-0.48941;0.50229;0.01423;0.793;-0.57658;0.45275;-1.7779;-0.51543;-0.1053;-1.2612;0.29677;0.085158;-0.056765;-0.38366;2.2657;-0.026226;0.15887;-0.26669;0.2984;0.32535;1.8265;-0.75286;-0.59913;0.31788;0.209
25;50.791;-0.96785;-0.49127;1.3803;1.3942;-2.7528;1.0055;-0.26722;-1.5115;-0.96043;-1.3139;-1.181;2.4583;0.11241;0.98522;-0.28543;1.5116;-0.73225;-1.3111;1.4732;-1.539;-0.62008;-0.8602;-0.37786;0.021352;-0.68579;2.2639;-0.53424;-0.20355;-1.9538;-1.0161;-1.2103;0.90802;0.68191;-0.39283;-0.32148;1.6024;0.36742;0.1105;0.76354;0.99165;1.2502;0.76862;-1.28;0.42944;-1.2765;-1.2978;-1.0417;-1.5707;-0.8283;1.1399;0.40527;-1.3049;-0.32514;-0.96823;-0.5785;-0.707;-0.11964;0.20108;-1.2342;0.34358;1.2899;1.0115;-1.0422;-0.65749;1.5164;1.1584;2.2939;-0.81907;0.69783;0.40501;0.40658
26;27.374;-0.50085;-0.74988;0.20136;-0.023736;-1.6958;-0.15016;-0.15393;1.1072;-1.749;0.096782;-0.06318;-1.3992;2.5001;0.44265;-0.76619;0.062717;-0.7675;0.33756;-1.1374;0.67069;-0.0060786;0.43834;-1.7899;-0.41515;0.0064575;-0.39496;2.2341;-0.38604;0.99903;1.6972;1.1983;0.55192;-0.21357;0.12878;1.5485;-0.34451;-0.11858;0.61412;-0.69395;-0.015559;0.72236;0.20668;-0.54586;-0.64844;-0.34685;0.38615;0.52147;-0.87546;0.77668;0.17753;0.26609;-0.0055096;-3.2156;-0.6246;-1.3406;-0.75186;-1.4344;0.35568;-0.2529;0.98905;-0.77049;-0.16414;1.3983;-1.4436;-1.4517;1.2581;0.20692;-0.20993;1.1793;1.2409;-0.65359
27;41.623;-0.40226;-1.0315;-0.31846;2.2721;-0.21761;-1.1006;2.0685;-0.34505;-0.97921;-0.15316;0.052093;-0.099124;0.48364;0.12449;-1.0529;0.40115;0.04627;0.93785;1.3047;1.4312;1.6399;0.81269;0.83009;0.2118;-0.95527;-1.4567;-0.23076;-1.1539;-0.83954;-0.18545;-0.36182;2.3726;0.86547;1.4266;0.56772;-1.0736;-0.53565;-0.85159;0.39202;-0.22058;0.96345;0.42503;0.38352;-1.6355;-1.2852;-0.17657;0.1173;-0.6318;0.43177;-1.2829;0.35002;-0.41418;-0.6788;-1.2973;-1.4357;1.7513;-1.4534;1.0815;0.13858;0.61739;0.046395;-0.54564;1.0315;-0.49637;-1.5181;-0.061335;-0.025035;-1.1824;-0.92118;0.52298;-1.5371
28;16.262;0.39948;-2.4881;1.5511;1.5163;-1.1855;0.15532;-1.7395;0.84593;-0.59552;0.14886;1.2833;-1.1404;1.4663;0.20123;0.19796;0.22403;0.20002;1.0398;1.409;1.3843;-1.7465;-1.3459;-0.39474;0.50314;-1.5795;0.23292;-0.1479;-0.28487;1.5631;-1.7512;-1.0507;-0.81997;0.058742;0.20151;0.55741;-0.37387;-1.5443;-0.20695;-0.36251;-0.64224;-0.25108;0.64011;0.0048066;0.37175;-1.1269;-1.1182;-0.12793;0.72087;-0.8813;-0.048738;-1.6786;-0.73908;-0.17642;-0.47061;2.5638;-0.62771;0.22599;-1.7823;-0.36568;-0.040826;1.1602;-0.37773;2.2327;-0.13767;1.1564;-2.4369;1.5263;-0.65789;-0.90273;-1.4385;-0.36974
29;5.3479;-0.6985;-0.5688;0.13454;0.12171;2.1797;-0.14522;0.043816;-0.86901;1.7657;0.8608;-0.59148;0.96174;-0.028286;0.24931;-1.0523;-1.6471;1.5534;-1.0543;0.31188;1.2324;-0.11498;1.5845;-1.6531;2.2519;1.0795;-0.18066;-1.3247;0.61963;-0.44809;-0.4277;2.4448;-0.38451;0.23145;0.76297;1.1001;-0.20555;-0.12656;-0.7889;-0.25367;0.60074;-1.1788;-0.83447;-0.29778;0.2768;0.65854;1.0011;-0.48491;1.1209;0.918;-1.0259;-0.67608;-0.37417;0.55653;-0.033439;-0.18682;-1.3648;1.3035;-0.049368;0.167;-0.78874;-0.16127;-0.99048;-0.63831;-0.69095;-1.2224;-0.57193;1.9985;0.15453;-1.3271;-0.8496;0.58907
30;3.0242;-0.61762;-1.8791;1.3011;-0.88185;-1.5995;1.3052;-1.0894;2.7539;-1.3875;-1.3167;-0.93824;0.00024048;-0.32508;0.53609;-0.80523;0.45904;0.62888;0.15974;-0.23173;-0.81672;0.26204;-0.56926;-1.0046;2.1843;-1.0423;0.97471;-0.085446;0.076766;-1.8568;-0.12616;1.2879;0.66302;0.79774;-2.1918;1.8399;-0.82967;0.27417;-0.15597;-0.063569;-0.1839;0.2833;-0.32008;-0.99988;1.3432;1.6096;0.36725;0.42419;-0.63743;0.53242;-0.29407;0.90172;0.80245;-0.37398;-0.24551;-1.9175;0.0099145;2.5299;-0.83852;-0.087005;-0.64918;0.73374;-0.26627;-0.022365;0.83139;-0.92616;0.89112;1.6656;-1.5691;1.3745;0.86593;-0.14519
31;52.884;-0.14191;-0.83288;-0.52812;-0.056523;-0.21222;-1.0963;0.16377;-0.8607;-0.20046;1.5559;-0.021267;1.7927;-0.77662;0.069988;-0.24022;0.63577;-0.33319;-0.37596;-0.54462;-1.0997;-2.0222;0.081106;0.020471;1.4907;0.40732;-1.1859;-0.27674;-0.064675;0.2293;1.3115;-0.36318;-2.0183;0.04811;0.72695;0.48269;-0.1655;-0.62866;-1.5313;1.5786;-0.46385;-1.1344;-1.8074;-0.54844;-1.2655;0.71083;0.1131;0.4892;-0.35409;0.75773;0.24932;1.7805;1.3302;-0.13174;-2.3772;1.2961;0.096321;0.38293;-0.23271;-1.8376;0.0011309;0.19236;0.51001;1.2682;-0.05669;0.20299;-2.7788;0.84534;0.47142;1.7477;-0.1544;1.1277
32;77.715;0.71421;1.717;-2.4881;-0.47584;-0.73614;-0.54454;1.2859;-0.80566;1.0742;0.070613;0.19598;-0.65414;-0.68945;1.3055;0.21592;0.85845;0.72656;-0.96704;0.88206;1.8047;-0.90549;0.83708;-0.22038;-0.44815;0.86262;1.471;-1.3388;-0.68223;-1.2425;0.20527;1.5206;1.8618;1.2631;1.2651;-0.20887;-0.629;0.45552;-1.177;-0.73456;-0.46045;-0.12201;2.0669;0.45397;-1.4305;0.75694;0.37029;-1.7798;-0.25976;0.71547;-1.2369;1.4013;-0.78735;0.26971;0.21278;-1.518;-0.078896;1.0955;-0.60881;0.34296;-1.7032;0.3613;-0.12531;1.2388;0.14164;0.17174;1.9181;-0.076645;-0.40099;0.89349;1.3008;1.09
33;41.821;0.060714;0.60619;-0.77402;0.14888;0.053533;0.26018;1.8;2.0364;-0.35108;-0.19731;-0.59608;-0.030335;-0.76901;0.2377;-1.0774;-0.23854;-0.22914;0.60564;-1.5151;-0.88372;-1.0155;-0.38321;-1.7553;0.57841;-0.75421;-2.6543;1.3301;-0.1976;-1.1619;1.8144;-0.37244;-0.30993;0.56896;-0.39767;0.71773;0.11513;-0.69922;0.44683;-0.11891;-0.24074;0.0069269;-1.1262;-1.1303;-1.4763;0.34773;0.15204;0.40888;-0.23781;-0.97446;0.27271;2.178;-0.53737;1.2771;0.36021;1.0217;1.2075;-0.63226;0.17785;-1.7852;-0.80154;-1.6063;1.4153;-0.43373;0.30523;-0.54525;1.2784;-0.37801;-0.30126;1.9119;-1.5567;-0.76612
34;51.207;1.7869;-0.22839;-1.4361;0.48991;0.017238;-0.19543;-0.31733;0.95567;0.45244;0.23814;0.61619;-0.24877;1.111;0.51146;0.20205;-0.55538;0.29314;0.38573;-1.7746;-0.026843;0.21255;-1.9236;-0.054318;-0.098805;0.015086;-1.69;-1.6928;-0.023329;-0.59761;-1.668;1.5227;-0.55288;-0.17366;0.40308;0.042516;0.60919;0.8325;0.70708;1.6189;-0.12957;-0.76808;0.51056;0.12287;1.0039;0.20858;-0.84239;-1.0387;-0.75367;-0.7724;-0.44953;-0.14032;0.46384;-0.59658;-1.121;-2.1275;-0.52042;0.43569;-1.4161;0.15675;0.87772;1.315;-1.1291;1.1624;0.48401;-0.94096;1.1549;1.1767;0.34362;0.13508;-0.40103;-0.078583
35;1.8969;-0.37643;-0.048445;-0.02712;1.0048;0.79489;-0.84972;-1.0608;-0.60034;-0.0008838;1.209;0.049655;0.078556;-0.20632;0.46479;-0.16857;-1.4013;0.059039;-0.017678;-0.55697;-0.1281;0.54228;0.95344;-1.7586;-0.57452;0.050025;-0.33144;-1.9559;1.7343;-0.65082;-0.74187;-0.30971;-2.2324;-0.96878;-1.1072;-0.10332;1.2301;-0.25189;-1.0869;0.90348;-1.9088;-1.4075;-0.67382;0.80941;3.1268;0.13224;-0.74403;-0.213;-0.42464;1.9936;1.5016;1.5408;-0.53001;0.38655;0.49299;-0.50153;0.11827;-0.35737;-0.69686;0.19769;0.75214;0.13279;0.69647;-0.15378;0.90773;0.23708;-0.73751;-1.7618;-0.55659;-0.29262;-0.094843;-1.1637
36;57.671;0.7791;1.7813;0.36253;-1.6672;1.9179;1.0037;-1.8052;0.74087;0.3447;0.45209;-0.97506;-0.93687;0.3635;-1.2127;-0.48943;-0.20115;0.76501;-0.074262;0.54243;-0.81444;0.082657;-1.2036;-0.10515;-0.42096;-1.5242;2.8035;-0.085528;2.0146;1.5394;-0.87398;-0.40744;-0.09605;-1.2817;-0.76976;1.1892;0.66429;-0.90923;-0.58693;-1.4526;-0.69253;0.29139;1.6847;2.9642;-0.73548;0.19814;1.3645;0.93189;0.11943;0.075503;-0.37375;-0.71224;-0.26895;-0.21867;0.32763;1.0195;-1.4168;-0.20571;-0.8999;1.8083;0.18863;1.9294;-0.40232;0.71005;-0.58784;-0.068595;-0.96168;0.082609;-1.7052;-0.75548;0.36229;-0.92778
37;62.479;-0.067995;1.6925;-0.25918;2.0938;0.079842;-0.11644;-0.084559;1.0065;0.87944;-0.94939;-0.59889;1.6408;-1.5333;-0.85897;1.1516;-0.33595;0.090727;0.1028;-0.17219;-0.0090816;0.64874;0.41007;-0.056219;-0.92032;-2.3119;1.4621;-2.1237;0.13257;0.80176;-1.3248;0.16262;0.22306;-0.88725;-2.4979;1.3541;1.1783;0.3209;0.077565;1.5308;0.32632;0.9624;0.23013;-0.23129;0.87369;-0.85803;-1.1489;1.2622;0.35811;-0.59679;-0.13024;0.97538;1.2206;0.29968;0.51342;-0.57552;0.34357;0.17947;0.53336;-1.1474;-0.38733;-1.174;0.26791;-3.0218;-0.78548;0.032428;0.2098;1.6995;0.53985;0.36046;0.92353;0.82141
38;53.443;1.599;0.027059;-1.4259;0.81515;-0.41281;0.52139;0.86987;0.17015;0.97009;-0.13022;-0.56888;0.5083;0.07713;0.16084;0.55275;-2.3487;-0.84339;1.571;-0.65038;-1.6747;0.34867;0.415;-1.5524;0.80462;0.23835;0.91923;2.4271;1.5741;-0.12863;-1.7385;-0.89389;-1.4878;0.47653;-0.35771;-1.214;-0.50737;2.7641;-1.5304;0.41488;0.5433;-1.4881;1.1029;-1.4596;-0.30865;-0.32506;-2.1705;0.26697;0.17289;0.69354;0.46427;0.18144;-2.5022;0.30565;0.70304;-0.61459;-0.44958;1.5915;0.41674;-0.0085286;0.39378;0.16435;-0.88942;-1.0103;-0.3516;-0.83667;0.1333;0.39734;-0.79618;-0.28258;0.21305;-0.40927
39;40.506;-0.10981;0.90303;1.2231;-0.36466;-0.086684;2.0869;0.17021;0.76805;-0.1509;1.1974;-0.49387;-1.3448;0.65824;0.35837;0.77796;0.67835;-0.031857;0.67647;-0.10596;-0.64669;-0.75683;1.2913;-0.42359;-0.23708;-1.3638;0.94302;0.71853;-0.65345;0.16465;-0.53534;1.315;0.53122;-0.59641;-0.47286;0.89245;0.87192;-0.36641;0.47087;-0.14883;0.57467;0.99303;1.2859;-0.75073;-0.86386;0.17667;0.47321;0.73973;0.61661;-0.3391;-0.30082;1.9936;-0.79432;1.2012;-0.34724;-0.42267;-0.29536;-0.26187;-0.61881;-0.78836;0.4316;0.39664;0.24859;0.2145;-0.54505;2.0169;0.88055;-0.56909;-0.21176;0.19002;-0.52698;-0.12414
40;5.7382;0.14102;0.511;-1.3425;0.51366;-1.8527;1.264;-0.98986;-0.096672;0.62976;-0.35684;-0.30484;-1.6969;0.13821;-0.84511;0.48046;0.84568;-1.4088;1.6795;-0.67658;-0.047365;-0.22076;-0.16378;-0.85838;-0.25917;-0.16664;0.022544;-0.14729;-0.62067;0.6288;0.36053;-0.11074;1.9325;2.1527;1.1968;0.83401;-1.0584;1.242;-1.0635;-0.56727;1.3336;0.44787;-0.0050998;2.7167;1.5068;0.66129;0.77553;-1.0893;-0.046094;0.74435;0.20243;1.5385;0.41729;-0.35195;2.5197;-0.29913;0.55725;0.84122;0.20841;0.72578;0.024748;-0.56149;0.37451;-0.16627;1.0293;-1.8179;1.3284;1.4313;0.50409;-0.56167;0.38611;0.49672
41;60.526;0.44694;0.70889;0.33515;-1.6535;1.3412;-0.40142;0.66485;-1.0472;-0.47889;-0.54196;-1.051;1.445;-0.40936;-0.66282;0.26712;-0.30406;0.26949;0.53585;-0.51459;0.57222;-0.1719;-2.0849;-1.0099;1.1744;-0.13548;-1.6027;0.03022;2.1324;0.41058;-1.1637;0.43446;-0.91473;-1.6364;1.5923;-0.23328;-0.099118;-1.2054;0.42068;1.3829;-0.57692;1.061;0.80824;2.3185;-0.96959;-0.65678;0.17214;-0.58797;-0.70778;0.21574;0.26807;-1.8988;-0.51179;-0.3461;0.42687;-1.5281;-2.5057;1.8351;0.031966;0.44823;2.0712;1.236;1.1094;0.68035;0.76751;1.8843;0.28318;-1.022;0.49631;0.1103;-0.009352;-1.1852
42;40.935;-0.69724;1.7548;-0.60295;1.3208;-0.3905;-0.81238;-2.6795;1.2072;-0.23498;0.11527;1.176;2.0059;0.6207;2.3632;-1.0483;-1.513;2.5852;1.2395;-0.37805;1.5006;-0.86403;0.19185;0.26378;-1.101;-0.068256;-1.1881;-0.84093;-1.9167;2.2118;0.96426;0.54544;0.97574;-0.58364;0.90722;0.34084;0.33836;0.90465;1.1632;-0.80672;-0.53549;0.14297;0.72356;-0.0032935;-0.62185;-2.1132;-1.18;1.2162;-0.3716;0.18101;-0.51436;0.047962;-0.1354;1.4033;0.2626;0.96664;-2.1413;-1.2237;-0.98346;-0.57587;0.94682;-0.062221;-1.1673;1.1553;1.0553;0.47192;-0.019741;0.83427;-0.11815;-0.81703;1.4544;2.0617
43;41.101;-0.26962;-0.38679;-0.49441;0.59378;1.4153;0.033255;0.50667;-0.15174;0.55561;0.92328;-0.58819;-0.043428;-0.10437;2.5363;-0.42515;-0.59676;1.7106;2.468;-0.84069;-0.2527;-0.76959;-1.1376;0.49539;1.1833;-0.39377;0.25915;-0.20229;-0.22893;2.46;0.3202;0.86993;1.0191;-0.043552;-0.66575;-0.51432;0.37145;2.073;0.71437;-2.5251;-1.9647;-0.06248;-0.37471;0.49333;-1.9988;0.55943;-2.3041;0.49593;0.97168;-0.24755;0.15184;0.30032;1.1578;0.19176;0.70319;-0.96466;-0.43867;-1.3164;1.5099;-1.0534;-0.57454;-0.45421;0.61007;1.1386;-0.17763;0.45011;-1.7285;1.1502;0.3171;0.28402;-0.059354;-1.3333
44;7.2458;1.1408;-0.53641;0.23745;0.19884;0.10765;-0.27476;0.86293;0.81231;0.35911;0.54456;1.0359;-0.49964;-0.05576;0.5575;0.79242;-0.093318;-0.18739;0.58754;1.9843;1.3654;0.24236;0.42469;0.087703;-1.304;0.65665;-0.68372;0.71328;0.10469;0.38618;-0.045061;-1.5108;1.3747;0.44334;-0.35721;1.0318;-1.8768;0.5174;0.65541;-0.78325;0.60415;0.65252;1.0378;0.66584;-0.34968;-1.0495;-2.6742;-1.2154;-1.0996;0.80353;0.23896;0.059755;0.84145;0.45169;0.036606;0.84924;0.54346;1.5682;-0.38215;-1.0071;0.25028;-1.0855;1.1876;-1.0194;-1.1016;-0.62156;1.327;-1.8674;-1.092;0.98353;-0.81319;1.6584
45;29.576;-0.052857;-0.54965;0.1092;-1.2096;-1.0956;-0.67593;-0.053556;-0.59019;0.22089;0.64951;0.043934;0.14558;0.033645;3.1746;-0.19755;1.2518;0.076008;-0.52405;-0.24598;-0.23836;-0.056732;2.3687;-0.51209;1.83;0.6691;-0.27741;-2.2157;-2.4129;-0.31982;-0.31315;1.0631;1.1165;-1.2178;0.12813;2.2634;0.94584;-1.1871;-2.2158;-0.57123;-0.039807;0.98856;0.61261;-0.32868;-2.8596;-0.46381;-0.27099;0.26107;0.33669;-0.39335;-0.72254;1.1073;-0.34057;-0.26668;-0.3989;0.90467;1.4021;-0.7671;-0.22982;-1.3216;-1.6224;0.037538;0.32394;-0.79764;0.91625;1.4356;-0.21638;1.4071;-1.1009;-0.69304;-0.17253;-1.7947
46;4.2359;-1.1644;0.23212;1.7218;-0.85293;-0.59054;0.98031;0.22053;0.79498;0.58167;1.5855;0.48748;-0.03252;1.7841;-0.082777;2.2735;-0.45826;2.8519;-0.63435;-0.16286;0.53548;0.39981;-1.4947;0.35845;-0.55932;0.9095;0.80061;0.10441;-0.77189;0.26611;-0.67582;-1.2792;-2.0046;-2.1113;-1.1126;1.4816;1.1746;1.5937;-0.50237;-0.56093;-1.2484;-0.7539;-1.3841;-1.9787;-0.0077561;-1.9393;-0.43223;0.5222;2.459;-0.43928;-1.5845;-0.47497;0.024131;1.5338;0.39193;0.97405;-0.65465;0.76604;-1.2033;-1.1838;-0.6641;-0.96095;0.67021;0.81114;0.4596;0.10602;-0.32643;-0.02227;-1.7632;-0.4514;-1.0715;-0.6982
47;1.6278;-0.53844;-1.7408;-0.50234;2.0595;0.49359;-1.1467;-0.51569;0.62259;0.28469;0.54884;-0.43725;2.3342;1.8901;-1.4865;0.99585;-0.26691;-0.13815;-0.44065;-0.51523;0.55468;0.62233;-0.60179;-0.26897;-0.13009;-0.96762;0.76843;-1.3585;0.66348;0.64666;-1.8249;-0.60423;0.46654;0.014001;0.072371;1.0309;0.3005;0.53919;-0.17722;-0.45494;1.4434;1.3107;-1.2399;0.074875;1.5087;-0.66628;0.83831;0.75139;-1.1905;-1.256;-0.066675;-1.0194;1.3244;0.28043;0.83404;-1.3388;-0.69114;-1.4358;1.1706;0.82358;0.8001;-0.63812;-2.6378;-3.4351;-0.24466;-0.024227;-0.58063;0.25262;-0.7909;0.6582;-0.98169;-2.4014
48;74.41;-0.129;-1.2571;-0.76765;0.68771;-0.87383;-0.86432;-0.62624;-0.31289;-0.13334;0.032213;-1.0628;0.32384;0.044545;-1.0702;-0.81275;0.20709;-0.083811;2.2889;-0.77722;-0.13697;-0.57482;0.18201;-0.30194;-1.4188;-0.31999;1.0158;-0.60234;1.55;-0.062449;-0.22243;0.098631;-0.72638;-0.75503;1.1733;-0.42848;-0.33824;-0.33247;1.3828;-2.2125;-1.1125;-0.2312;0.36823;-1.166;-0.48133;0.014443;0.12409;1.6689;1.044;-1.9709;-0.93544;0.44817;0.26169;-0.8006;0.57468;-0.45873;0.0686;0.49986;0.58026;1.362;0.21535;0.67311;0.98717;-0.90451;-0.061458;-0.65045;0.36587;1.958;0.98727;-0.73874;1.1993;-1.402
49;13.062;1.0081;-1.2703;0.4979;-0.18145;-0.33258;-1.5348;0.1301;-0.41003;1.1808;0.72085;-0.42668;-0.55916;-0.36517;-0.85704;-0.67484;0.76234;-0.40738;-1.4178;-0.21726;1.5303;0.31105;0.38751;0.053071;0.80043;-0.9901;-0.4195;0.41513;-0.80126;-0.13889;1.328;1.1058;0.61636;1.9665;-0.46341;0.13838;-0.056181;0.66781;-0.55753;1.1867;-0.1067;1.4568;-2.0322;-1.774;0.044077;-0.80387;0.299;-1.0506;-0.16136;-1.46;0.16517;-0.00064711;-1.9561;2.5726;0.61755;-0.016595;1.4623;-0.21518;1.0509;0.12767;-1.0216;-0.09546;0.59125;-0.46553;0.029052;1.0196;-0.29147;-0.42537;-1.0219;0.16238;-1.9773;-0.71723
50;56.873;-1.8011;1.1519;-0.80203;-0.21016;-0.11419;-1.2848;-0.21243;0.23817;-0.89301;-0.070507;-2.316;-0.0069309;-2.3532;2.6348;0.0036408;-0.38983;-0.069906;-0.88978;-0.17352;-0.10635;-0.90351;0.16646;1.2097;0.8922;0.54633;-0.16679;-0.21021;-0.96512;0.17367;-1.2187;1.0358;0.12324;0.22008;-0.48921;1.2754;-1.9362;1.5426;-0.34222;0.32539;-0.87295;1.2203;-0.50398;-2.1013;-0.20709;-0.3263;0.69648;-0.97097;0.35066;1.1402;1.8623;0.63506;1.2663;0.087639;-0.36485;-0.060779;0.27102;0.12657;2.3529;0.11593;0.49774;1.1397;-1.078;0.28047;0.74295;1.354;-1.7024;-0.56979;1.1975;0.17947;-0.76909;-0.14452
normalized population
1;-37.176;0.34064;-1.6188;0.95773;0.99617;0.32713;-2.2979;-0.17549;-1.1584;-0.53209;-0.00042717;-0.55734;-0.55357;-0.86592;0.88085;-0.56772;0.6392;0.72471;-0.3066;-0.02479;-2.5766;0.63625;0.25136;-0.029914;-0.77522;-0.41509;0.8213;0.49178;0.30288;0.11862;-0.37493;-0.69746;-0.44221;0.31708;-0.039724;-0.23793;-1.0087;-0.48218;-0.064091;-3.0296;0.59339;-0.010127;0.48238;-0.090597;0.8057;-0.39013;0.7309;0.14278;-0.24036;-0.038595;0.81811;1.3873;0.61034;-1.2218;0.16264;-0.6792;-0.16073;0.1781;0.028331;0.26301;0.25202;0.55275;0.038858;-1.4097;-1.3241;0.75088;-1.8549;-0.81099;-0.34102;-0.58176;0.15377;-0.085934
2;-22.634;-1.0943;-0.34213;-0.81168;-0.62041;0.88343;0.66213;1.0524;-0.35305;-0.341;-0.64534;0.75197;-0.44694;1.0268;1.198;-1.0767;0.89018;-0.44554;-0.88989;0.77067;-0.63826;1.0804;0.4262;2.3725;1.4541;-0.079628;-0.5299;-1.3114;0.60896;-1.4415;0.24898;-1.8197;-0.34185;-0.11274;0.55969;-0.40206;-0.33738;-0.91907;0.38596;-0.022241;-1.1518;-1.0755;-0.52738;-0.89419;0.34782;0.39638;0.29848;0.10811;2.0556;0.90548;-1.019;-1.3907;0.19771;-2.5814;0.51926;0.73443;-0.78377;0.89326;-0.22808;-0.28351;1.7937;-0.12298;1.4652;0.037733;-1.0922;-0.94138;-0.66042;0.40922;1.5514;-0.71272;-0.054471;1.007
3;23.954;-0.10697;1.6148;-0.20256;1.7803;-0.049893;0.36706;0.81808;-0.45879;-0.096478;1.2852;1.2358;-0.086697;1.2832;-0.98815;0.57504;-1.0542;-0.054919;0.14537;0.26556;-1.4347;-0.039338;0.4526;0.50109;-3.0333;1.0578;-0.23683;-0.78268;-1.2684;-1.0942;-1.0479;0.99843;-0.48337;-0.41406;0.81997;-0.036009;-1.1798;-1.14;0.13359;0.17576;2.5128;0.14828;-0.15776;-0.21835;1.2415;1.5601;0.0032244;0.80254;0.47185;-0.89337;-1.877;-1.3873;1.7025;-0.48847;-0.03444;0.21301;1.1423;1.299;-0.89727;-0.37891;-0.64848;1.176;-0.31068;0.0047283;0.78158;1.2333;0.69219;-1.369;-1.0034;1.4846;1.0476;-2.243
4;15.236;1.7529;0.052855;0.50193;-1.0592;0.9788;0.90024;-0.79943;-0.68423;2.5522;-1.4826;-0.84044;-0.83832;-0.23297;1.3586;-0.075366;-0.039459;-0.67921;0.49392;-0.16193;-0.4065;0.25681;-0.09748;-0.61967;0.26424;-0.561;-1.2633;1.6088;-1.5841;-0.14683;1.2422;-1.2944;0.57658;-1.3143;-0.14243;-0.20134;1.0424;0.1537;0.30381;-0.24166;0.25948;0.14537;1.7348;0.50269;0.2157;-0.46081;1.1745;-0.67611;1.3489;0.21256;0.45393;-1.0828;0.39433;0.6928;0.59494;0.27882;-0.085084;0.47351;-0.26791;0.2921;-2.0853;-0.015768;-0.45296;-0.16363;-1.3496;-2.8197;1.8174;1.7149;0.74219;-0.24537;1.528;0.049327
5;-23.653;-1.6154;1.6035;-0.68018;1.2572;0.3288;-0.56847;0.46759;-1.7669;-0.61497;-0.61584;0.10468;-0.36421;-1.2985;-1.3747;1.1198;0.49541;-0.14655;0.84193;0.39306;0.39836;1.8632;0.037792;-1.6251;1.4759;-1.0325;1.0194;0.80812;-0.7776;1.2767;1.8604;1.0148;-1.7858;-0.99137;-0.37574;-0.052138;0.2755;0.31797;1.4805;1.2882;-1.192;1.0976;-0.3517;-1.2017;0.48843;0.79827;1.2344;-1.1501;0.12371;-1.1453;0.69093;-0.3968;-0.17911;0.52592;-0.75441;0.45334;0.86776;0.98291;-1.2429;0.26356;-1.0654;-0.24378;-0.25275;0.10622;0.16941;0.77947;1.1454;0.79984;1.7342;-0.39913;1.0057;0.034987
6;15.654;0.48087;0.25907;-0.95847;1.3039;-0.010305;-1.1605;1.3196;0.83876;0.37953;0.46455;-0.18934;0.31375;-0.51583;-0.58735;-1.2462;-0.76032;2.2294;-0.52303;1.2352;1.2173;-0.20207;-0.43924;-0.72529;1.4305;0.83048;-0.62414;-0.32693;0.62837;-1.4235;0.077892;-0.88498;0.12168;0.7271;1.2794;-0.88778;0.19474;0.83767;1.1316;0.64653;-0.029081;-1.0484;1.4557;0.14567;-1.0844;-1.3029;1.2925;0.69252;1.3422;0.40225;0.70727;-0.97624;2.7486;-0.24368;-0.58537;-0.45231;1.3664;-1.2677;0.70773;-0.064663;0.32425;1.261;-0.38325;-1.4419;0.68728;-0.62656;-1.434;-0.68678;2.1453;-1.6814;1.1426;-0.15742
7;-20.363;0.22238;1.1475;0.33488;-0.63884;-0.41614;0.04174;0.23177;-1.0606;1.0442;1.2538;0.47076;1.8387;0.45791;-0.47145;-0.0163;2.1641;0.40919;-0.17317;-2.3548;0.58564;-0.28278;-1.512;-0.53912;1.4009;0.45527;0.083516;-1.379;1.3273;-1.6138;0.93419;0.87083;0.22001;0.40376;-0.52803;-0.53889;1.3349;1.8331;-1.0918;0.12775;0.14354;1.3456;-0.048334;0.62105;1.5264;0.18003;-1.96;-0.0013127;-0.32383;-0.61769;-1.0877;1.5872;-0.093119;-0.69526;-0.13041;0.18034;0.3272;1.622;-0.048153;-0.73584;1.589;-1.0257;-1.8054;-0.83385;0.11977;-1.8157;0.82808;-0.039076;-0.50043;-1.1182;0.2049;0.10685
8;9.8929;-0.32433;-0.95085;0.38891;-0.7809;0.81712;-0.13538;0.63334;-0.21894;-2.4188;-0.55761;0.72891;-0.79897;-0.0696;1.5015;-2.133;0.72576;0.39527;0.38926;-1.3658;0.39021;1.5623;-1.0523;0.96737;1.9389;0.75208;0.4726;0.42644;-1.1575;-1.4892;1.7616;0.49352;0.064291;2.2187;-0.018055;-0.22985;-1.5541;0.97756;-0.55274;1.3893;-0.1071;1.6117;1.4222;2.2121;-0.074063;-0.65106;1.3157;-0.50293;1.3506;0.56962;0.42053;-0.098616;-1.1253;-0.21525;0.36052;1.0303;-0.20821;-1.2681;0.26442;0.38888;0.38302;0.64168;0.048035;-0.55387;-0.412;1.1243;0.69868;1.0112;-0.01683;-0.81112;0.60815;0.3087
9;6.4957;-1.0493;1.1374;2.1294;-0.53957;-1.275;-1.2359;-1.6204;-0.68247;0.35604;0.53185;1.4744;1.2116;0.62848;0.24335;-1.7497;1.4109;-0.0075826;0.59577;0.71671;1.5761;0.84177;0.8919;0.29056;0.70416;1.9793;-2.2072;0.99129;-1.3017;1.4766;1.0085;-1.6266;-0.96721;-1.9733;-1.077;-2.3973;-0.21012;-2.1754;1.1314;0.18813;1.2484;-0.40739;-1.1183;0.22669;1.8942;0.18069;0.8695;-1.4537;-0.40365;1.1582;-0.31011;-0.38135;-1.8411;0.51715;0.57492;0.90033;-0.7356;1.0312;1.0616;0.18134;1.8147;-1.172;-0.6719;1.282;-0.39832;0.80078;-1.5925;0.80203;0.22766;0.8522;-1.4442;0.64792
10;34.012;-0.48654;-1.1962;1.709;-0.72119;2.3918;-2.9557;-1.2029;-0.045891;0.38714;0.78109;1.0432;-0.61583;-0.32741;-1.5215;-0.92348;0.13565;-1.3448;-1.5513;-0.56829;-1.3314;-0.43179;0.43579;2.7067;-0.44142;0.43093;-0.50223;1.0593;0.54189;-1.0866;-1.0407;-1.9356;0.70824;1.2522;0.32913;-0.25202;-0.24741;-1.0826;0.51924;1.6398;-0.63996;0.42455;-0.80349;2.1003;0.66149;0.79559;-1.188;-0.0098811;-0.68481;1.107;0.87312;0.54242;-0.29489;-0.50335;1.4981;-1.1846;0.76405;-0.045273;2.2282;-0.11145;-0.76281;-0.80705;1.7139;-0.47115;0.58275;0.92549;-0.24178;0.46755;-0.47187;0.20563;-0.05798;-1.0719
11;7.575;0.49406;-0.86293;-2.0572;0.39302;-0.098108;-0.69801;0.25077;-1.1656;1.5562;0.40143;-0.59563;-0.37311;0.13008;-0.23384;-0.44915;0.12696;-0.49911;-0.48091;1.6744;-0.61113;1.5591;-0.094079;-1.683;-0.90369;0.204;-0.28715;1.0434;-1.4305;-0.72326;-0.71919;-1.865;0.82439;0.091282;-0.31509;-0.03043;-0.039791;0.71594;0.72542;0.62367;0.88623;-0.47912;-1.9738;-1.4456;-0.92635;0.798;0.088673;0.51459;0.12844;1.4356;-0.40091;1.4894;-0.79976;0.088545;0.80018;1.8556;0.33887;-0.29218;0.042468;1.3528;0.85775;0.98853;0.74203;-1.0175;0.5814;0.42967;0.080495;-1.3053;-0.90649;-0.48488;-1.6796;1.3805
12;-5.9271;1.3269;1.1293;-0.19335;-0.24683;0.7614;-0.90786;1.2391;-0.59445;1.5138;0.381;-0.49491;1.3036;0.1028;0.98397;1.1636;-0.3138;-0.28585;0.94156;0.29432;-0.70912;0.44726;-1.019;0.53155;-0.85999;0.004341;-0.3734;-1.6151;0.18684;1.1045;-0.054723;-0.92573;0.096379;-0.19923;-1.2485;-0.16319;0.53025;-0.61048;0.45418;-2.5679;-0.70437;-1.1793;-0.029;0.789;-0.42605;0.9628;0.3161;1.7309;-0.33031;1.3043;-0.63832;1.0375;-0.56469;0.39909;1.6314;0.39463;-1.1254;-1.2703;0.64249;0.39447;0.52288;3.2504;-0.32819;-0.82864;-1.3335;-0.16475;-0.21664;1.5231;1.4367;-0.31854;-2.2334;0.59849
13;-18.537;-1.1185;1.3672;-0.5742;-0.78018;-0.27058;1.6411;0.39486;-0.19979;-1.4154;-1.3061;0.33113;-0.19981;-0.94685;-0.48746;1.1251;-0.96379;1.2147;-0.77198;0.89956;-0.089268;-0.29968;0.64115;-0.51742;-0.22872;-1.1681;-0.25628;-0.16733;0.85256;-0.75229;0.58049;1.0453;-0.92175;0.4333;0.34879;0.244;-2.1098;-0.14736;1.2972;0.34756;0.00075761;-0.34217;-0.85223;-0.53974;0.17304;1.2061;-0.37002;1.443;-1.3968;-0.76047;0.52971;-0.22233;0.89233;-0.36031;0.082157;-1.0855;0.052142;-0.37742;0.23049;1.6354;-0.021678;-0.38373;1.2376;-0.54061;0.33467;-2.1597;-0.54893;-0.13944;-0.68984;0.4042;0.59769;0.63257
14;-2.1907;-1.4281;-0.24646;-0.099022;0.40261;-1.6362;1.6864;-0.42128;-1.0343;-1.323;-0.2223;1.5206;0.82941;-0.26727;-2.4702;1.1703;0.38924;0.13314;0.087399;0.45289;0.16293;-0.16809;-0.23343;0.72703;-1.0875;-0.35069;-2.5015;0.10087;-0.52411;-0.14206;0.18755;-1.0927;-1.6567;-0.94068;0.80336;-0.43847;-1.5171;-0.087278;-0.10433;0.10438;-1.3743;-0.20133;-0.60435;0.51644;-0.10719;0.66262;0.62408;-0.48457;-0.30797;0.86079;1.0207;0.75483;-0.60593;-0.982;0.55741;-0.23344;-1.1887;-1.0121;-0.20862;0.57908;-1.7848;-0.12644;0.16716;1.2241;0.88054;1.5003;-0.24273;0.19238;-0.093362;0.83629;-0.59589;-0.9051
15;-6.5995;-1.8602;-1.4239;1.8331;-0.6572;-0.046996;0.21102;1.1787;1.1761;-0.44055;-1.3229;-0.74758;0.47531;0.78873;0.63976;0.85605;-0.15746;0.054274;1.1536;-1.1594;0.55285;0.10843;0.73316;-1.3422;-0.52809;-0.56202;0.0010839;-1.6575;0.18798;-0.5049;-0.36017;1.4027;-0.79412;0.29961;0.051502;-0.64156;0.49998;-0.79382;-1.6284;0.63942;-0.60045;-0.88835;0.473;-0.94822;0.080968;-0.7658;0.54279;0.43553;-0.46139;0.5032;-0.52246;0.15658;1.2664;1.247;-1.1422;-1.2065;0.63896;-1.2266;0.85427;-0.17534;0.47569;-0.6127;1.6482;1.4792;0.73136;0.047865;-0.74382;-1.449;1.3251;1.2711;-0.93263;-0.64617
16;-31.175;1.0158;-0.30759;-0.34481;0.37037;0.72075;0.068285;1.0295;0.4034;-1.0159;-1.3926;-0.54928;1.0267;-0.0059406;-1.0438;0.54812;0.82965;0.57753;-0.8901;0.90061;1.7384;0.41362;1.218;0.55979;0.60247;0.86201;0.8212;0.51174;-1.705;1.2184;1.2319;0.40353;0.24373;-0.051892;-0.57664;-1.5544;-0.060557;1.1479;-2.2137;-0.52252;0.81753;0.6773;1.0214;-0.57819;-0.0077917;-0.0026658;0.45021;1.1794;0.25383;-0.6389;-1.0053;-1.3666;-0.096918;0.11783;-2.4298;2.0574;1.8826;0.12011;-1.575;0.37894;1.2517;1.3224;-0.86595;-0.89624;1.5525;0.35248;0.25876;-0.28043;0.20754;-1.1251;0.05946;1.0799
17;25.732;-0.42622;0.46781;1.0473;-0.40541;1.0178;1.1518;-0.38944;0.33567;-0.6967;0.29849;1.6266;0.19609;1.3268;-0.35737;0.31188;0.072191;-0.52276;-1.088;1.0092;0.29939;-1.3776;-0.88194;0.24163;-0.13229;-0.22977;0.33115;-0.61289;0.96783;-0.084425;-0.198;-1.568;0.1629;-0.57171;-0.026547;0.0043053;0.35565;-1.0104;-0.27245;0.11088;0.27993;0.61883;-0.026812;1.5437;-0.36865;0.69486;1.1507;-2.2756;-0.70605;-0.11806;-0.071742;-0.74746;-1.2647;0.2769;-0.36227;1.1341;1.6627;-0.67447;0.69677;0.46868;0.14959;-0.52715;-0.45532;-0.70465;1.1678;-0.42912;0.25498;-0.1533;-0.074328;-0.59895;-0.4811;-0.51112
18;-1.869;1.1248;0.11461;1.3177;-0.066618;0.50366;-0.32045;-0.89355;0.39398;-1.3355;-1.5605;2.1498;1.3744;-0.13908;-1.1781;1.5736;-1.0582;-0.47394;0.71862;0.010532;0.069293;0.070171;-0.071047;0.28037;-0.92815;0.22238;0.024671;0.9881;2.5342;0.1803;0.56042;0.48893;-0.47415;0.25386;0.5895;-1.2011;0.99082;-0.46766;0.27445;-0.0095921;-1.1341;-0.088086;-1.6301;-0.059212;-0.60612;1.28;-0.17303;-0.25293;0.15135;-1.1216;0.94317;-0.37684;0.98345;-0.69401;-0.7896;-0.44757;-0.34539;-0.10645;-0.055806;0.070306;0.38295;-0.45836;0.34756;-0.95249;0.54815;-0.4471;-0.67856;-1.2352;0.59485;0.47248;0.35091;-0.39431
19;-3.306;-0.16266;-0.28083;0.17946;0.30068;1.7241;2.1273;-1.2858;-0.81127;-0.45088;-0.57035;-1.6352;-2.4625;0.72732;1.9151;0.79672;0.4686;-1.7756;0.34815;0.2606;-0.56186;-0.70492;2.3437;0.0060176;2.0528;0.97597;-0.7345;1.286;-0.24879;-0.085995;0.0097157;-0.79634;0.60999;0.45415;0.10444;-1.366;-0.29506;1.346;0.99184;-1.4798;0.98719;-1.8769;1.22;-0.097551;-1.4465;2.1517;1.4758;-2.2542;0.15514;-1.1599;1.8813;-1.7419;0.099528;2.0233;0.72319;-0.96371;0.9756;0.27404;-1.3197;0.28424;1.0267;1.3817;-0.69839;-0.11125;-1.3261;1.6989;-0.84108;-1.4686;-1.0517;-0.070728;0.36769;1.0107
20;35.162;-0.97994;0.9107;-1.491;-0.7172;-1.2286;-0.52496;-0.22594;0.58292;1.3104;-0.13171;0.54322;-0.1045;-1.3977;-1.654;-0.20436;-0.43372;0.29043;1.6488;0.42883;0.96181;-0.073619;-0.30346;0.060079;-0.79273;-0.74937;-0.27587;0.099519;0.45006;-0.29998;1.6883;-0.6202;0.45074;1.3886;1.3135;0.79197;0.55137;-0.0076948;-1.1325;-1.0352;0.60819;-1.5061;-1.3216;-2.4999;-1.0029;-1.5515;0.56665;-0.068849;-1.5961;2.5213;-1.1715;1.1527;0.90686;-0.92529;0.046429;-1.3839;0.2482;-0.37965;1.6236;-1.2207;-0.44151;-1.8027;0.66149;-0.083318;0.92619;0.26267;1.2709;-1.4067;1.0738;1.5989;-0.86952;0.14465
21;40.572;0.13934;-0.90755;-0.64917;1.8568;-1.3318;-0.21593;-0.60726;0.056052;-1.1832;-2.034;-1.0613;0.50314;-1.4619;0.082335;2.1774;1.247;0.4445;0.62118;-0.53966;0.15967;0.34807;-1.0462;-0.32275;0.17745;-0.60007;1.3081;0.33358;0.95281;-0.55118;0.11645;0.53181;-1.3417;-0.72325;-0.8328;0.075645;-1.1208;-1.7423;-0.37187;0.71546;-2.0531;0.39526;1.4781;0.12332;-0.22071;-1.7475;-0.89984;-0.99581;-0.88566;-1.4242;-2.0076;-2.6723;-1.9609;-1.0284;0.27908;-0.54956;0.65108;-0.34722;-0.50458;-0.72024;-1.7036;-0.41633;-0.74082;-0.096774;-0.57498;0.19713;-0.27121;-1.0647;0.71219;0.42803;0.02515;0.74891
22;32.268;2.2001;0.047339;0.76887;-0.92504;0.43838;-0.41635;0.16986;-0.56089;0.78498;0.84937;1.397;-1.7034;-0.41519;-1.006;-1.1849;-1.1871;-1.0038;0.675;1.2545;0.84816;0.48942;2.1595;1.0972;-1.6805;0.12991;0.3994;0.97838;1.6199;0.28831;1.0693;-0.51651;2.0682;-0.39605;-1.9791;-2.3612;0.99066;1.0968;-0.65006;-1.0683;-0.65023;-1.9647;0.63999;1.479;-0.37846;1.1131;-0.82532;-1.1797;0.80662;0.57859;-0.016179;0.69608;-3.106;1.5004;-0.68696;-0.88338;-0.24487;1.042;1.0268;-0.40846;0.1342;-0.095131;-1.1808;1.8459;1.8906;-1.6991;0.49924;-1.584;-1.1214;-0.16534;-1.3298;-0.34262
23;23.36;0.65192;0.35875;-0.80635;0.39386;0.37409;2.7596;0.60941;1.5665;-1.8308;0.35953;-0.069738;2.0274;0.34701;0.72523;-0.69564;0.79716;-1.4657;-1.3871;-0.076813;-2.2393;0.20108;0.30724;1.1949;-1.0769;1.6515;1.0077;0.30492;-1.9086;0.1464;0.38888;-0.21602;-0.38398;0.54685;-0.24341;0.54465;1.5531;-0.17517;1.6418;0.29732;0.31866;-1.5574;2.1167;1.8917;1.3947;-0.19214;-0.25167;-0.70361;0.4219;0.29804;1.2865;-0.70989;0.75018;0.27666;-0.042104;-0.010863;0.99716;-0.49181;-1.0759;-0.62977;0.28972;-1.7175;0.40134;1.3611;0.92194;0.16307;1.5066;-0.64629;-1.4671;0.79589;0.84704;-1.1414
24;-11.807;-1.5289;1.4209;-1.8579;-0.39751;-1.7544;-0.73467;-1.5278;-1.1595;0.71123;0.9845;-0.6155;-0.93898;-0.56457;0.055616;-0.55274;2.0838;1.0222;-2.3143;-1.2272;-1.0003;-0.21857;0.37203;0.65453;0.5529;-0.062153;0.46618;1.0963;0.43755;-0.63199;-2.4142;-1.4799;-0.36482;-2.1387;1.5111;0.77065;2.1589;-0.21321;0.66481;1.2719;0.91943;-0.70655;-0.41643;0.14736;-0.18361;-1.6459;-0.68614;-0.30526;0.47547;-0.12551;0.86639;-0.73163;0.56457;-1.7514;-0.55564;0.12594;-1.2969;0.17039;0.018584;0.10868;-0.51323;2.0231;-0.04582;0.24755;-0.41966;0.26532;0.33184;1.5556;-0.5297;-0.694;0.44469;0.47343
25;12.174;-0.85665;-0.5113;1.4677;1.0806;-2.6528;1.1261;-0.16866;-1.506;-0.88675;-1.3781;-1.1329;2.2039;0.036324;0.7526;-0.26072;1.3556;-0.94047;-1.5109;1.4807;-1.5975;-0.64481;-0.94852;-0.14739;-0.195;-0.52916;2.3151;-0.41404;-0.16232;-1.8314;-0.97399;-1.0581;0.93193;0.76349;-0.35501;-0.51781;1.5753;0.23044;0.22424;0.86446;1.1862;1.3083;0.60119;-1.2853;0.55935;-1.156;-1.2422;-0.85751;-1.5975;-0.96804;1.2133;0.25022;-1.1931;-0.29861;-1.0084;-0.34726;-0.7427;-0.24602;0.13451;-1.0687;0.21401;1.0473;0.99191;-0.95353;-0.81046;1.4833;1.1649;2.0229;-0.5959;0.60296;0.53182;0.67102
26;-11.244;-0.38964;-0.76991;0.2887;-0.33729;-1.5959;-0.029656;-0.055377;1.1127;-1.6753;0.032623;-0.015015;-1.6537;2.424;0.21002;-0.74147;-0.093269;-0.97572;0.13783;-1.1299;0.61211;-0.0308;0.35001;-1.5594;-0.6315;0.16308;-0.34375;2.3543;-0.34481;1.1214;1.7393;1.3505;0.57583;-0.13198;0.1666;1.3522;-0.37165;-0.25556;0.72785;-0.59303;0.17901;0.78046;0.039255;-0.55117;-0.51853;-0.22634;0.4418;0.70562;-0.90228;0.63693;0.25092;0.11104;0.10631;-3.1891;-0.6648;-1.1094;-0.78756;-1.5608;0.28911;-0.087451;0.85947;-1.0131;-0.18374;1.487;-1.5966;-1.4848;1.2646;-0.06408;0.013235;1.0844;1.3677;-0.38915
27;3.0056;-0.29105;-1.0516;-0.23113;1.9585;-0.11765;-0.9801;2.167;-0.33955;-0.90552;-0.21732;0.10026;-0.3536;0.40756;-0.10814;-1.0282;0.24517;-0.16195;0.73812;1.3123;1.3726;1.6152;0.72436;1.0606;-0.0045453;-0.79864;-1.4055;-0.11056;-1.1127;-0.71716;-0.14335;-0.20956;2.3966;0.94706;1.4644;0.37139;-1.1007;-0.67263;-0.73785;0.49295;-0.026009;1.0216;0.2576;0.37821;-1.5056;-1.1647;-0.12092;0.30144;-0.65862;0.29202;-1.2095;0.19497;-0.30236;-0.65227;-1.3375;-1.2045;1.7156;-1.5798;1.0149;0.30403;0.48781;-0.19624;-0.56523;1.1202;-0.64934;-1.5512;-0.054852;-0.29603;-0.9592;-1.0161;0.64979;-1.2726
28;-22.355;0.51068;-2.5082;1.6385;1.2028;-1.0855;0.27583;-1.641;0.85143;-0.52184;0.084704;1.3315;-1.3949;1.3902;-0.031402;0.22267;0.068042;-0.0081971;0.8401;1.4165;1.3257;-1.7712;-1.4342;-0.16428;0.2868;-1.4229;0.28412;-0.027706;-0.24364;1.6854;-1.7091;-0.89842;-0.79606;0.14033;0.23934;0.36107;-0.40101;-1.6813;-0.093219;-0.26159;-0.44767;-0.19298;0.47268;-0.00050322;0.50166;-1.0064;-1.0626;0.056211;0.69405;-1.021;0.024656;-1.8336;-0.62726;-0.1499;-0.51082;2.7951;-0.66341;0.09961;-1.8488;-0.20023;-0.1704;0.91753;-0.39733;2.3214;-0.29064;1.1233;-2.4304;1.2554;-0.43472;-0.9976;-1.3117;-0.10531
29;-33.269;-0.5873;-0.58883;0.22188;-0.19184;2.2797;-0.024708;0.14237;-0.86351;1.8394;0.79664;-0.54331;0.70727;-0.10437;0.01668;-1.0276;-1.803;1.3452;-1.254;0.31939;1.1738;-0.1397;1.4962;-1.4226;2.0355;1.2361;-0.12945;-1.2045;0.66086;-0.32571;-0.3856;2.5971;-0.3606;0.31304;0.80079;0.9038;-0.23269;-0.26354;-0.67516;-0.15275;0.79531;-1.1207;-1.0019;-0.30309;0.40671;0.77905;1.0567;-0.30076;1.0941;0.77825;-0.95249;-0.83113;-0.26235;0.58306;-0.073642;0.044426;-1.4005;1.1771;-0.11594;0.33245;-0.91831;-0.40391;-1.0101;-0.54963;-0.84392;-1.2554;-0.56545;1.7275;0.37769;-1.4219;-0.72279;0.8535
30;-35.593;-0.50642;-1.8991;1.3884;-1.1954;-1.4995;1.4257;-0.99085;2.7594;-1.3138;-1.3808;-0.89007;-0.25423;-0.40116;0.30346;-0.78052;0.30305;0.42066;-0.039988;-0.22422;-0.87529;0.23732;-0.65759;-0.77418;1.968;-0.88569;1.0259;0.034751;0.118;-1.7344;-0.084065;1.4401;0.68693;0.87933;-2.1539;1.6436;-0.85681;0.13719;-0.042233;0.037355;0.010671;0.34141;-0.48751;-1.0052;1.4732;1.7301;0.4229;0.60833;-0.66425;0.39267;-0.22067;0.74668;0.91427;-0.34745;-0.28571;-1.6862;-0.025783;2.4036;-0.9051;0.078445;-0.77876;0.4911;-0.28587;0.066312;0.67841;-0.95924;0.89761;1.3946;-1.346;1.2796;0.99274;0.11924
31;14.267;-0.030707;-0.85291;-0.44078;-0.37007;-0.11226;-0.97577;0.26232;-0.8552;-0.12677;1.4917;0.026898;1.5382;-0.8527;-0.16264;-0.2155;0.47978;-0.5414;-0.57569;-0.53711;-1.1583;-2.047;-0.0072192;0.25094;1.2744;0.56395;-1.1347;-0.15654;-0.023445;0.35168;1.3536;-0.21093;-1.9944;0.1297;0.76477;0.28636;-0.19263;-0.76564;-1.4176;1.6795;-0.26928;-1.0763;-1.9748;-0.55375;-1.1356;0.83134;0.16874;0.67334;-0.38091;0.61798;0.32271;1.6254;1.442;-0.10522;-2.4174;1.5274;0.060624;0.25655;-0.29928;-1.6722;-0.12844;-0.050282;0.49042;1.3569;-0.20967;0.16991;-2.7723;0.57434;0.69459;1.6528;-0.027591;1.3921
32;39.097;0.82542;1.697;-2.4008;-0.78939;-0.63618;-0.42404;1.3844;-0.80016;1.1479;0.0064542;0.24415;-0.90861;-0.76553;1.0729;0.24063;0.70247;0.51834;-1.1668;0.88958;1.7461;-0.93021;0.74875;0.010086;-0.6645;1.0192;1.5222;-1.2186;-0.641;-1.1201;0.24737;1.6729;1.8857;1.3446;1.3029;-0.4052;-0.65614;0.31854;-1.0632;-0.63364;-0.26588;-0.063905;1.8994;0.44866;-1.3006;0.87745;0.42594;-1.5956;-0.28658;0.57573;-1.1635;1.2463;-0.67553;0.29623;0.17258;-1.2867;-0.11459;0.96907;-0.67538;0.50841;-1.8328;0.11866;-0.1449;1.3275;-0.011342;0.13866;1.9246;-0.34764;-0.17782;0.79862;1.4276;1.3544
33;3.2032;0.17192;0.58616;-0.68669;-0.16467;0.15349;0.38068;1.8985;2.0419;-0.2774;-0.26147;-0.54791;-0.28481;-0.84509;0.0050709;-1.0527;-0.39452;-0.43735;0.40591;-1.5076;-0.94229;-1.0402;-0.47153;-1.5248;0.36206;-0.59758;-2.6031;1.4503;-0.15637;-1.0395;1.8565;-0.22018;-0.28602;0.65055;-0.35985;0.5214;0.087988;-0.8362;0.56056;-0.017982;-0.046169;0.065034;-1.2936;-1.1356;-1.3464;0.46824;0.20768;0.59302;-0.26463;-1.1142;0.3461;2.0229;-0.42555;1.3037;0.32001;1.253;1.1718;-0.75864;0.11127;-1.6198;-0.93111;-1.849;1.3957;-0.34505;0.15225;-0.57834;1.2849;-0.64901;-0.078096;1.8171;-1.4299;-0.50169
34;12.589;1.8981;-0.24841;-1.3487;0.17636;0.1172;-0.074919;-0.21877;0.96117;0.52613;0.17399;0.66436;-0.50324;1.0349;0.27883;0.22677;-0.71137;0.084922;0.18599;-1.7671;-0.085414;0.18783;-2.012;0.17615;-0.31515;0.17171;-1.6388;-1.5726;0.017901;-0.47523;-1.6259;1.6749;-0.52897;-0.092073;0.4409;-0.15382;0.58205;0.69552;0.82081;1.7199;0.065002;-0.70997;0.34313;0.11756;1.1338;0.32909;-0.78675;-0.8546;-0.78048;-0.91214;-0.37613;-0.29537;0.57565;-0.57005;-1.1612;-1.8963;-0.55611;0.30931;-1.4827;0.3222;0.74815;1.0724;-1.1487;1.2511;0.33103;-0.97404;1.1614;0.90573;0.56679;0.040208;-0.27422;0.18585
35;-36.721;-0.26522;-0.068471;0.060218;0.69126;0.89485;-0.72921;-0.96222;-0.59484;0.072801;1.1449;0.09782;-0.17592;-0.2824;0.23216;-0.14385;-1.5573;-0.14918;-0.21741;-0.54945;-0.18667;0.51756;0.86511;-1.5282;-0.79087;0.20665;-0.28023;-1.8357;1.7756;-0.52845;-0.69977;-0.15745;-2.2085;-0.88719;-1.0694;-0.29965;1.203;-0.38887;-0.97315;1.0044;-1.7143;-1.3494;-0.84125;0.8041;3.2567;0.25275;-0.68839;-0.028852;-0.45146;1.8539;1.575;1.3857;-0.4182;0.41307;0.45279;-0.27029;0.082574;-0.48375;-0.76343;0.36314;0.62256;-0.10984;0.67687;-0.065102;0.75476;0.20399;-0.73103;-2.0328;-0.33343;-0.38749;0.031967;-0.89922
36;19.053;0.8903;1.7613;0.44987;-1.9808;2.0179;1.1243;-1.7066;0.74637;0.41839;0.38793;-0.9269;-1.1913;0.28742;-1.4454;-0.46472;-0.35713;0.55679;-0.27399;0.54995;-0.87301;0.057936;-1.292;0.12532;-0.63731;-1.3675;2.8547;0.034669;2.0558;1.6617;-0.83188;-0.25518;-0.07214;-1.2001;-0.73194;0.99286;0.63715;-1.0462;-0.47319;-1.3517;-0.49796;0.3495;1.5173;2.9589;-0.60557;0.31865;1.4201;1.116;0.092614;-0.06424;-0.30036;-0.86729;-0.15713;-0.19215;0.28743;1.2508;-1.4525;-0.33209;-0.96647;1.9737;0.059063;1.6868;-0.42191;0.79872;-0.74082;-0.10168;-0.9552;-0.18839;-1.482;-0.85035;0.4891;-0.66335
37;23.862;0.043209;1.6725;-0.17184;1.7802;0.1798;0.0040632;0.013994;1.012;0.95312;-1.0135;-0.55072;1.3863;-1.6093;-1.0916;1.1763;-0.49194;-0.11749;-0.096931;-0.16468;-0.067653;0.62402;0.32174;0.17425;-1.1367;-2.1552;1.5133;-2.0035;0.1738;0.92414;-1.2827;0.31488;0.24697;-0.80566;-2.4601;1.1578;1.1511;0.18392;0.1913;1.6317;0.52089;1.0205;0.062704;-0.2366;1.0036;-0.73752;-1.0933;1.4464;0.33129;-0.73653;-0.056844;0.82033;1.3324;0.32621;0.47322;-0.34428;0.30787;0.053087;0.46679;-0.982;-0.5169;-1.4167;0.24832;-2.9332;-0.93846;-0.0006557;0.21628;1.4285;0.76302;0.26559;1.0503;1.0858
38;14.826;1.7102;0.0070329;-1.3385;0.5016;-0.31285;0.6419;0.96843;0.17565;1.0438;-0.19438;-0.52072;0.25383;0.001048;-0.071793;0.57746;-2.5047;-1.0516;1.3712;-0.64286;-1.7333;0.32395;0.32668;-1.3219;0.58827;0.39497;0.97044;2.5473;1.6153;-0.0062475;-1.6964;-0.74164;-1.4639;0.55812;-0.31989;-1.4103;-0.53451;2.6271;-1.4167;0.51581;0.73787;-1.43;0.9355;-1.4649;-0.17874;-0.20455;-2.1149;0.45111;0.14607;0.55379;0.53766;0.026394;-2.3903;0.33218;0.66284;-0.38334;-0.48528;1.4651;0.35017;0.15692;0.26421;-0.078288;-0.90901;-0.92162;-0.50457;-0.86975;0.13979;0.12634;-0.57301;-0.37745;0.33986;-0.14483
39;1.8891;0.0013928;0.88301;1.3105;-0.67821;0.013276;2.2074;0.26876;0.77355;-0.077213;1.1332;-0.4457;-1.5993;0.58216;0.12574;0.80268;0.52236;-0.24008;0.47674;-0.098441;-0.70526;-0.78156;1.203;-0.19312;-0.45343;-1.2072;0.99423;0.83873;-0.61222;0.28702;-0.49324;1.4672;0.55514;-0.51482;-0.43504;0.69612;0.84478;-0.50339;0.58461;-0.047906;0.76924;1.0511;1.1184;-0.75604;-0.73395;0.29718;0.52885;0.92387;0.58979;-0.47884;-0.22743;1.8385;-0.6825;1.2277;-0.38744;-0.19143;-0.33106;-0.38825;-0.68538;-0.62291;0.30202;0.154;0.229;0.30317;-0.69803;1.9838;0.88703;-0.84009;0.011408;0.095154;-0.40017;0.14029
40;-32.879;0.25223;0.49097;-1.2552;0.20011;-1.7528;1.3845;-0.8913;-0.091172;0.70344;-0.421;-0.25668;-1.9513;0.062123;-1.0777;0.50517;0.68969;-1.617;1.4797;-0.66907;-0.10594;-0.24549;-0.25211;-0.62791;-0.47552;-0.010011;0.073748;-0.027096;-0.57944;0.75117;0.40263;0.041512;1.9564;2.2343;1.2346;0.63768;-1.0855;1.105;-0.94976;-0.46635;1.5282;0.50598;-0.17253;2.7114;1.6367;0.7818;0.83118;-0.90513;-0.072912;0.60461;0.27582;1.3834;0.52911;-0.32543;2.4795;-0.067886;0.52156;0.71484;0.14184;0.89123;-0.10482;-0.80412;0.35491;-0.077596;0.87633;-1.8509;1.3349;1.1603;0.72726;-0.65653;0.51292;0.76116
41;21.909;0.55815;0.68886;0.42249;-1.967;1.4411;-0.28092;0.7634;-1.0417;-0.40521;-0.60612;-1.0028;1.1905;-0.48544;-0.89545;0.29184;-0.46004;0.061273;0.33612;-0.50707;0.51364;-0.19662;-2.1732;-0.7794;0.95804;0.021147;-1.5515;0.15042;2.1736;0.53296;-1.1216;0.58672;-0.89082;-1.5549;1.6301;-0.42962;-0.12626;-1.3424;0.53442;1.4838;-0.38236;1.1191;0.64081;2.3132;-0.83968;-0.53626;0.22778;-0.40383;-0.73459;0.076;0.34147;-2.0538;-0.39997;-0.31958;0.38667;-1.2968;-2.5414;1.7087;-0.034608;0.61368;1.9417;0.99339;1.0898;0.76903;0.61453;1.8512;0.28966;-1.293;0.71948;0.01543;0.11746;-0.9208
42;2.3176;-0.58604;1.7348;-0.51561;1.0073;-0.29054;-0.69188;-2.581;1.2127;-0.16129;0.051114;1.2242;1.7514;0.54462;2.1306;-1.0236;-1.669;2.377;1.0398;-0.37053;1.4421;-0.88875;0.10352;0.49424;-1.3173;0.08837;-1.1369;-0.72073;-1.8755;2.3341;1.0064;0.69769;0.99965;-0.50206;0.94504;0.14451;0.31122;0.76767;1.2769;-0.70579;-0.34092;0.20107;0.55613;-0.0086034;-0.49194;-1.9927;-1.1243;1.4004;-0.39842;0.041265;-0.44097;-0.10709;-0.02358;1.4299;0.2224;1.1979;-2.177;-1.3501;-1.05;-0.41042;0.81725;-0.30486;-1.1869;1.244;0.90234;0.43883;-0.013257;0.56327;0.10502;-0.9119;1.5812;2.3261
43;2.4834;-0.15842;-0.40682;-0.40707;0.28023;1.5153;0.15376;0.60522;-0.14624;0.62929;0.85912;-0.54003;-0.2979;-0.18045;2.3037;-0.40044;-0.75274;1.5024;2.2683;-0.83317;-0.31127;-0.79431;-1.226;0.72586;0.96691;-0.23715;0.31035;-0.082098;-0.1877;2.5824;0.3623;1.0222;1.043;0.038037;-0.62793;-0.71065;0.34431;1.936;0.8281;-2.4242;-1.7701;-0.0043727;-0.54214;0.48802;-1.8689;0.67994;-2.2485;0.68008;0.94486;-0.38729;0.22524;0.14527;1.2697;0.21828;0.66299;-0.73342;-0.47437;-1.4428;1.4433;-0.88792;-0.70412;-0.69685;0.59047;1.2273;-0.33061;0.41702;-1.722;0.8792;0.54026;0.18915;0.067456;-1.0688
44;-31.372;1.252;-0.55643;0.32479;-0.11471;0.20761;-0.15426;0.96148;0.81781;0.43279;0.4804;1.0841;-0.75411;-0.13184;0.32487;0.81714;-0.2493;-0.39561;0.38781;1.9918;1.3068;0.21764;0.33636;0.31817;-1.5203;0.81328;-0.63251;0.83347;0.14592;0.50856;-0.0029618;-1.3585;1.3986;0.52492;-0.31939;0.83551;-1.904;0.38042;0.76914;-0.68233;0.79872;0.71062;0.87042;0.66053;-0.21977;-0.92897;-2.6186;-1.0312;-1.1264;0.66379;0.31236;-0.095294;0.95327;0.47821;-0.0035973;1.0805;0.50776;1.4419;-0.44872;-0.84166;0.12071;-1.3282;1.168;-0.93077;-1.2546;-0.65465;1.3335;-2.1384;-0.86886;0.88866;-0.68638;1.9228
45;-9.0417;0.058347;-0.56967;0.19654;-1.5232;-0.99569;-0.55542;0.044997;-0.58469;0.29458;0.58535;0.092099;-0.1089;-0.042438;2.942;-0.17283;1.0958;-0.13221;-0.72378;-0.23846;-0.29693;-0.081453;2.2804;-0.28162;1.6136;0.82573;-0.22621;-2.0955;-2.3717;-0.19744;-0.27105;1.2153;1.1405;-1.1362;0.16595;2.067;0.9187;-1.3241;-2.1021;-0.47031;0.15476;1.0467;0.44518;-0.33399;-2.7297;-0.34329;-0.21534;0.44521;0.30988;-0.5331;-0.64915;0.95228;-0.22875;-0.24016;-0.43911;1.1359;1.3664;-0.89348;-0.29639;-1.1562;-1.7519;-0.2051;0.30434;-0.70896;0.76327;1.4026;-0.2099;1.1361;-0.87771;-0.78791;-0.045718;-1.5303
46;-34.381;-1.0532;0.21209;1.8092;-1.1665;-0.49058;1.1008;0.31909;0.80048;0.65536;1.5213;0.53564;-0.28699;1.708;-0.3154;2.2983;-0.61424;2.6437;-0.83408;-0.15534;0.47691;0.37509;-1.583;0.58891;-0.77567;1.0661;0.85181;0.22461;-0.73066;0.38849;-0.63372;-1.1269;-1.9807;-2.0298;-1.0747;1.2852;1.1475;1.4567;-0.38863;-0.46001;-1.0538;-0.69579;-1.5515;-1.984;0.12216;-1.8188;-0.37659;0.70634;2.4322;-0.57902;-1.5111;-0.63002;0.13595;1.5603;0.35173;1.2053;-0.69035;0.63966;-1.2699;-1.0184;-0.79367;-1.2036;0.65061;0.89982;0.30662;0.072932;-0.31994;-0.29327;-1.5401;-0.54627;-0.94469;-0.43376
47;-36.99;-0.42724;-1.7609;-0.415;1.746;0.59355;-1.0262;-0.41714;0.62809;0.35838;0.48468;-0.38909;2.0797;1.814;-1.7191;1.0206;-0.4229;-0.34637;-0.64039;-0.50771;0.49611;0.59761;-0.69011;-0.038505;-0.34643;-0.81099;0.81963;-1.2383;0.70471;0.76904;-1.7828;-0.45197;0.49045;0.095589;0.11019;0.83457;0.27336;0.40221;-0.063483;-0.35402;1.638;1.3688;-1.4074;0.069565;1.6386;-0.54577;0.89395;0.93553;-1.2173;-1.3958;0.0067184;-1.1745;1.4362;0.30696;0.79383;-1.1076;-0.72684;-1.5622;1.104;0.98903;0.67053;-0.88075;-2.6574;-3.3464;-0.39764;-0.05731;-0.57415;-0.018376;-0.56773;0.56334;-0.85488;-2.137
48;35.793;-0.017799;-1.2772;-0.68031;0.37416;-0.77387;-0.74381;-0.52769;-0.30739;-0.059655;-0.031946;-1.0146;0.069363;-0.031537;-1.3029;-0.78804;0.051103;-0.29203;2.0892;-0.7697;-0.19554;-0.59954;0.093685;-0.071474;-1.6351;-0.16337;1.067;-0.48214;1.5912;0.059928;-0.18033;0.25089;-0.70247;-0.67344;1.2111;-0.62481;-0.36537;-0.46944;1.4966;-2.1115;-0.91789;-0.17309;0.2008;-1.1713;-0.35142;0.13495;0.17973;1.853;1.0172;-2.1107;-0.86204;0.29312;0.3735;-0.77408;0.53448;-0.22749;0.032903;0.37348;0.51369;1.5275;0.085782;0.43047;0.96758;-0.81583;-0.21444;-0.68354;0.37235;1.687;1.2104;-0.83361;1.3261;-1.1375
49;-25.556;1.1193;-1.2903;0.58524;-0.495;-0.23262;-1.4143;0.22865;-0.40453;1.2545;0.65669;-0.37852;-0.81364;-0.44126;-1.0897;-0.65013;0.60635;-0.6156;-1.6175;-0.20974;1.4717;0.28633;0.29919;0.28354;0.58408;-0.83348;-0.36829;0.53533;-0.76003;-0.016516;1.3701;1.2581;0.64027;2.0481;-0.42559;-0.057956;-0.083319;0.53083;-0.4438;1.2876;0.08787;1.5149;-2.1997;-1.7793;0.17399;-0.68336;0.35464;-0.86642;-0.18818;-1.5997;0.23856;-0.1557;-1.8443;2.5991;0.57734;0.21465;1.4266;-0.34156;0.98437;0.29312;-1.1512;-0.3381;0.57166;-0.37685;-0.12393;0.98649;-0.28499;-0.69637;-0.79874;0.067513;-1.8505;-0.4528
50;18.255;-1.6899;1.1318;-0.71469;-0.52371;-0.014231;-1.1643;-0.11388;0.24367;-0.81933;-0.13467;-2.2678;-0.2614;-2.4292;2.4021;0.028356;-0.54581;-0.27812;-1.0895;-0.16601;-0.16493;-0.92823;0.078134;1.4401;0.67585;0.70296;-0.11559;-0.09001;-0.92389;0.29605;-1.1766;1.1881;0.14716;0.30166;-0.45139;1.0791;-1.9633;1.4056;-0.22848;0.42631;-0.67838;1.2784;-0.67141;-2.1066;-0.077179;-0.20579;0.75212;-0.78683;0.32385;1.0005;1.9357;0.48002;1.3781;0.11416;-0.40505;0.17046;0.23532;0.00018639;2.2863;0.28138;0.36817;0.89707;-1.0976;0.36915;0.58998;1.321;-1.6959;-0.84079;1.4206;0.084597;-0.64228;0.11991
PARTICULAR
GAIN
81
