TITLE;96 random variables, variable gain
FOCUS ON;
EXPERIMENT TYPE;SingleAmongManyVaryingGain
PARAMETERS
normalization;Standard
pcaRecompositionThreshold;0.95
component;1;2
type;RandomWeibull;RandomNormal
p1;0.111111111111111;0
p2;1;1
RESULTS
COMMON
distance
which;Manhattan(Average);Manhattan(GeometricAverage);Manhattan(Median);Manhattan(Minimum);Manhattan(MinimumTimesMedian);Manhattan(Summation);Euclidean(Average);Euclidean(GeometricAverage);Euclidean(Median);Euclidean(Minimum);Euclidean(MinimumTimesMedian);Euclidean(Summation)
plain;1.069;1.0682;1.0705;0.93728;1.0033;1309.6;0.14541;0.14501;0.1454;0.11093;0.016128;178.12
PCA;1.069;1.0682;1.071;0.93606;1.0025;1309.6;0.14545;0.14505;0.1456;0.11037;0.016069;178.17
DE00;1.0746;1.0733;1.0788;0.97409;1.0457;1316.6;0.25729;0.25085;0.25463;0.15993;0.032832;320.14
DE01;1.0743;1.0729;1.0782;0.97342;1.0363;1316.4;0.24832;0.23549;0.26863;0.15767;0.037308;309.04
DE02;1.0747;1.073;1.08;0.97189;1.0393;1315.9;0.25111;0.24561;0.25346;0.15241;0.035708;311.65
PCA
weights;0.010167;0.0094732;0.010344;0.010327;0.010242;0.010425;0.0107;0.010308;0.01018;0.010446;0.010472;0.010645;0.010096;0.010521;0.010656;0.010498;0.010295;0.010225;0.01028;0.010587;0.010423;0.010419;0.010473;0.010313;0.010443;0.010606;0.010648;0.010634;0.010504;0.010466;0.010431;0.010632;0.010403;0.010497;0.0097737;0.010322;0.01055;0.010841;0.010139;0.010435;0.010523;0.01068;0.010751;0.010038;0.010473;0.0097229;0.010645;0.010427;0.010601;0.010097;0.010182;0.010194;0.010571;0.010461;0.01042;0.010289;0.010629;0.010368;0.010477;0.010532;0.010613;0.010067;0.010437;0.01062;0.010351;0.010463;0.010527;0.010635;0.010686;0.01031;0.010274;0.0099258;0.010693;0.010466;0.010802;0.010717;0.0098484;0.010528;0.010703;0.010125;0.0098928;0.010396;0.010425;0.010437;0.010269;0.010667;0.010348;0.010454;0.010332;0.010754;0.010407;0.010837;0.010485;0.01044;0.010772;0.010376
differential evolutions parameters, by distance type
i;dDE / dP;distance;type;parentWeight;crossover;population;iterations;distance;weights ->
1;1.0052;1.0746;2;0.85;0.5;50;50;Manhattan(Average);6.2167E-05;0.012;0.0070453;3.5532E-07;0.026207;0.0023813;0.0012837;0.025015;0.0053161;0.011612;0.0029073;0.00080138;0.022225;0.0018502;0.025786;0.0041488;0.0046653;0.00062935;0.0043022;0.00077487;0.0022105;0.023239;0.027046;0.0009444;0.022655;0.027074;0.026625;0.015399;0.0035968;0.012686;6.4365E-05;0.010704;0.0018815;0.023474;0.025666;0.021811;0.0022835;0.00060259;0.0018425;0.0050451;0.026862;0.025866;0.0030889;0.0017745;0.012258;0.00082917;0.0090637;0.007616;0.00066192;0.020658;0.020836;0.020232;0.01849;0.0010034;0.0086319;0.0015059;0.0097637;0.008094;0.00064674;0.0070414;0.021658;0.011556;0.00096589;0.0085308;0.011557;0.0049191;0.023541;0.014892;0.00027388;0.0031381;0.0010149;0.023473;0.027103;0.008136;0.0082141;0.00045925;0.004854;0.0012003;0.016428;0.020821;0.0036955;0.00013414;0.0024033;0.020979;0.025648;0.0052108;0.014911;0.020427;0.024274;0.0028495;0.013797;0.025999;0.00050069;0.0034248;0.0039936;0.00023051
2;1.0053;1.0747;2;0.85;0.5;50;50;Manhattan(Average);0.00017299;0.009075;0.0124;6.3961E-05;0.029289;0.0023009;0.0042434;0.020494;0.0068386;0.0089905;0.00085542;0.011466;0.029416;0.0016544;0.028711;0.00083776;0.0045715;0.0017454;0.00049032;0.0016078;0.0018495;0.00354;0.028201;1.541E-05;0.026933;0.028054;0.029192;0.023742;0.017116;0.016201;0.0018821;0.0020863;0.0027773;0.02881;0.022745;0.021215;0.0042266;0.00058766;0.00013068;0.0086624;0.028328;0.027378;0.0012537;0.0011691;0.0073004;0.0017041;0.0061844;0.028746;6.2772E-05;0.019051;0.0040801;0.019946;0.026802;0.0008352;0.005659;0.0014638;0.0058389;0.0011233;0.00016618;0.00049245;0.026064;6.3886E-05;0.0034078;0.013971;0.0045025;0.001841;0.028898;0.0060227;0.00059748;0.00094443;0.0014926;0.014062;0.027762;0.010502;0.021304;0.002841;0.0052704;0.011614;0.0029739;0.00053614;0.0016647;0.00033801;0.013728;0.0086078;0.018833;0.0099281;0.027226;0.027051;0.0163;0.0019289;0.021918;0.028553;0.0035668;0.00015129;0.00113;0.0036299
3;1.0049;1.0743;2;0.85;0.5;50;50;Manhattan(Average);0.00011011;0.013003;0.0066267;0.0011179;0.020251;0.00061985;0.0056431;0.00579;0.00014224;0.024866;0.0015621;0.0019176;0.025761;0.0016152;0.01978;0.014595;0.010411;0.0039998;0.0010465;0.0014724;0.0012689;0.0033015;0.025542;0.0017453;0.018031;0.020954;0.023413;0.0034673;0.0045122;0.021414;0.00023497;0.0030594;0.0051742;0.024121;0.02306;0.026427;0.012389;0.00043299;0.00049468;0.0071153;0.024671;0.026554;0.0012898;0.003412;0.012984;0.0026038;0.022661;0.013458;0.0085374;0.025911;0.022361;0.025497;0.022107;0.00030869;0.0090937;0.00042682;0.0011353;0.0011293;0.00061784;0.0041403;0.020728;0.004956;0.011335;0.020166;0.011463;0.0036895;0.018794;0.021033;0.00056771;0.012613;0.0041406;0.014028;0.027157;0.0052996;0.0038858;0.0037229;0.026881;0.0037841;0.017828;2.1172E-05;0.0073866;0.00052834;0.0035963;0.0047773;0.0066906;0.019859;0.015447;0.024307;0.02638;0.0011405;0.0028799;0.022733;0.0068868;0.0055806;0.0017467;0.0025763
4;1.0047;1.0733;2;0.85;0.5;50;50;Manhattan(GeometricAverage);2.2176E-06;0.021978;0.0060014;0.00040104;0.018705;0.0041941;0.0048141;0.021936;0.0014658;9.408E-05;0.00024287;0.0057591;0.017182;0.0016528;0.026488;0.0091714;0.0013822;0.0003013;0.00056461;0.0005264;0.0031804;0.021228;0.022052;0.00066319;0.021977;0.023613;0.024523;0.0082093;0.016677;0.02458;0.00034293;0.010537;0.0052485;0.022327;0.019653;0.022012;0.012218;0.0041305;0.00352;0.020894;0.019149;0.026786;0.003024;0.0048029;0.0011116;0.0021726;0.018825;0.0056008;0.0034668;0.025529;0.023818;0.022716;0.021534;0.00036846;0.0086004;0.0013104;0.0042953;0.0088829;0.00048466;0.010084;0.020025;0.014842;0.0075472;0.014732;0.0066805;0.0010061;0.026731;0.018167;0.0007352;0.018027;0.00016452;0.0060125;0.025806;0.014819;0.019305;0.00056131;0.0011443;0.0092377;0.001287;0.0080357;0.0013419;0.00097467;0.020243;0.00087027;0.018903;0.0066781;0.016081;0.015656;0.022289;0.00018527;0.0052606;0.022748;0.000781;0.0038446;0.005039;0.0012271
5;1.0044;1.0729;2;0.85;0.5;50;50;Manhattan(GeometricAverage);0.00021662;0.017119;0.00084659;0.00067388;0.02024;0.00048493;0.018938;0.014564;0.0045886;0.020058;0.0023637;0.010095;0.021599;0.0011246;0.022142;0.01785;0.00071;0.00062643;0.0011535;0.00067992;0.0025847;0.0059422;0.020307;0.0026799;0.022326;0.021909;0.018215;0.010676;0.00267;0.018575;5.8591E-05;0.0033085;0.0017732;0.021759;0.021516;0.02077;0.0039656;0.0018034;0.0052114;0.009071;0.0155;0.022623;0.010471;0.0059431;0.0011559;0.0055089;0.01998;0.013079;0.00062652;0.022666;0.015529;0.019186;0.019197;0.00015874;0.0045826;0.0006354;0.015223;0.0057866;0.00037374;0.014724;0.017976;0.012501;0.0036998;0.021581;0.020013;0.0057188;0.02226;0.021882;0.00025857;0.020084;0.00082276;0.0084754;0.02194;0.012577;0.012105;0.0040988;0.0080654;0.0013383;0.0050427;0.012875;0.0077589;0.0016433;0.003089;0.0076115;0.01973;0.0053208;0.015774;0.015199;0.022279;0.001415;0.007687;0.022509;0.021727;0.00044232;0.0090676;0.0012854
6;1.0044;1.073;2;0.85;0.5;50;50;Manhattan(GeometricAverage);6.4608E-06;0.01553;0.019841;1.6672E-05;0.023168;0.00067608;0.0026852;0.0093435;0.0014317;0.014658;0.0037045;0.0085866;0.021654;0.0015647;0.022921;0.016668;0.013971;0.0026572;0.00067033;0.00026906;0.00015542;0.022928;0.022709;0.0013719;0.01523;0.02295;0.019495;0.0069831;0.0015962;0.020795;0.0010945;0.0043217;0.0044297;0.023584;0.015683;0.023735;0.011302;0.0015307;0.0060379;0.010631;0.018826;0.022736;0.0012971;0.0077614;0.0076235;0.0055462;0.012195;0.010421;0.00034477;0.013964;0.022308;0.017431;0.023364;0.00062172;0.01075;0.0030528;0.012868;0.00345;0.0005137;0.0067219;0.02302;0.0068691;0.018869;0.014141;0.0019765;0.0095282;0.022593;0.0078468;0.00023244;0.013658;0.0002262;0.019746;0.022709;0.006134;0.0036734;0.0078756;0.014046;0.017481;0.0028843;0.0069964;0.0037593;0.0022326;0.0088149;0.013715;0.018477;0.0086413;0.014444;0.021567;0.023843;0.00077987;0.0061165;0.019345;0.010987;0.00021257;0.0073407;0.00083937
7;1.0393;0.97409;2;0.85;0.5;50;50;Manhattan(Minimum);0.017724;0.010258;0.011821;0.013539;0.018532;0.018761;0.013112;0.01054;0.0043767;0.014635;0.011079;0.0050787;0.0077001;0.014563;0.014857;0.0032769;0.016508;0.0099838;0.004764;0.0028044;0.011475;0.00039063;0.018649;0.017383;0.00044729;0.011506;0.005476;0.0054024;0.016598;0.010615;0.012629;0.015507;0.018261;0.0079753;0.011259;0.015048;0.00031107;0.017813;0.0094519;0.014279;0.014828;0.011465;0.010311;0.012158;0.011791;0.017862;0.011364;0.0026382;0.0023827;0.0041013;0.0046256;0.017365;0.014592;0.0028737;0.012953;0.015168;0.0056285;0.009806;0.0061858;0.0095036;0.0095403;0.01681;0.014926;0.010565;0.011141;0.017565;0.0033868;0.016382;0.0034694;0.0024809;0.007008;0.0048785;0.0070315;0.016;0.010492;0.009852;0.012331;0.001179;0.011215;0.0086738;0.017861;0.0088935;0.0064198;0.0017159;0.015695;0.00326;0.0097213;0.0057763;0.014152;0.00013886;0.016468;0.018338;0.014009;0.0088577;0.011652;0.010123
8;1.0386;0.97342;2;0.85;0.5;50;50;Manhattan(Minimum);0.0075157;0.015088;0.015509;0.011674;0.013222;0.0049244;0.017044;0.0023191;0.0060073;0.014386;0.011336;0.015772;0.01464;0.015767;0.0057703;0.015752;0.014477;0.014183;0.0097643;0.0080542;0.018561;0.0086323;0.010821;0.012395;0.005157;0.017575;0.0079613;0.0033002;0.015931;0.012828;0.014749;0.010383;0.0014882;0.006341;0.006965;0.011851;0.0086284;0.013876;0.012302;0.010147;0.0079854;0.01365;0.0085272;0.014702;0.0026712;0.012296;0.014225;0.011415;0.015272;0.017432;0.017192;0.017019;0.015268;0.010906;0.010941;0.011826;0.011556;0.015628;0.013284;0.0095876;0.0038387;0.0044613;0.00535;0.013102;0.0059282;0.0041669;0.010001;0.013461;0.0075775;0.014099;0.0049618;0.0068965;0.011264;0.016334;0.012306;0.0182;0.0057907;0.009113;0.014131;0.0011355;0.018251;0.010502;0.0037298;0.0048619;0.0097188;0.0030246;0.011155;0.0041152;0.0078166;0.0023724;0.0051542;0.015129;0.0025539;0.0084307;0.0060796;0.010503
9;1.0369;0.97189;2;0.85;0.5;50;50;Manhattan(Minimum);0.017293;0.011355;0.014016;0.019338;0.014881;0.0097336;0.01725;0.0041611;0.018747;0.012063;0.012592;0.014103;0.016878;0.019026;0.014439;0.010806;0.016899;0.0090498;0.0025084;0.0063406;0.0032122;0.015282;0.017181;0.0099646;0.0011061;0.011554;0.016488;0.0016645;0.013908;0.01411;0.013794;0.014097;0.0067919;0.0034658;0.011544;0.016834;0.0040853;0.0058598;0.0030761;0.01169;0.0067518;0.0022234;0.0054426;0.0086596;0.013927;0.0093051;0.0039951;0.015131;0.0090824;0.016959;0.0012706;0.0071021;0.012695;0.0044936;0.018109;0.0094762;0.014226;0.010637;0.0070304;0.0042858;0.016263;0.0053024;0.0060316;0.0032533;0.013071;0.010874;0.013387;0.0075598;0.0042541;0.0043399;0.015871;0.0055984;0.017927;0.017956;0.014514;0.010574;0.0027803;0.0043442;0.011933;0.0015506;0.013606;0.0020643;0.0074419;0.010472;0.013125;0.015402;0.0074432;0.001882;0.012516;0.0070987;0.015021;0.014801;0.018335;0.0068433;0.017197;0.011376
10;1.0078;1.0788;2;0.85;0.5;50;50;Manhattan(Median);0.0046917;0.012247;0.01603;0.0043018;0.013706;0.013501;0.00035679;0.019946;0.010268;0.019273;0.019529;0.019303;0.01141;0.018903;0.020247;0.007721;0.0014698;0.0098738;0.020601;0.00087476;0.002842;0.015653;0.01362;0.014795;0.020222;0.0090347;0.014755;0.0012152;0.016243;0.011358;0.014395;0.0044943;0.0026471;0.017855;0.016154;0.0021199;0.0047617;0.018405;0.017411;0.017649;0.013429;0.017851;0.0076283;0.0069945;0.0089551;0.0021457;0.0018322;0.019661;0.005804;0.01408;0.0082845;0.0087899;0.0043459;0.0041356;0.0075815;0.0015413;0.01793;0.0037147;0.0097019;0.0041664;0.0037147;0.0074446;0.010568;0.015154;0.010377;0.0078558;0.0046884;0.020925;0.002275;0.0073745;0.011158;0.011911;0.00068038;0.0034875;0.018578;0.016901;0.0074268;0.0034781;0.0047606;0.013395;0.016059;0.011087;0.011558;0.00069039;0.018561;0.014441;0.0036278;0.011769;0.021111;0.00025704;0.020084;0.0055975;0.018053;0.00044179;6.924E-05;0.015984
11;1.0072;1.0782;2;0.85;0.5;50;50;Manhattan(Median);0.0017039;0.00070518;0.018813;0.0047462;0.020067;0.0020488;0.013792;0.0035586;0.007068;0.015681;0.0096353;0.010771;0.013665;0.0088763;0.0022572;0.019323;0.0069636;0.0039011;0.013356;0.0033974;0.0076592;0.013008;0.013262;0.017288;0.014812;0.020993;0.019259;0.016067;0.016876;0.002384;0.0031117;0.0046656;0.0017495;0.0098736;0.01019;0.0036411;0.0045973;0.020627;0.017614;0.018612;0.016244;0.01126;0.0029339;0.0093014;0.017879;0.0061427;0.019716;0.020884;0.00069737;0.015327;0.0029939;0.0042467;0.012941;0.007056;0.010068;0.0021685;0.0087507;0.0089882;0.019488;0.014089;0.002896;0.0038114;0.009734;0.015641;0.018182;0.0026755;0.014989;0.020605;0.0084073;0.010101;0.020415;0.0069042;0.00044356;0.016522;0.012076;0.014746;0.014638;0.00855;0.0074465;0.0081224;0.012095;0.0050521;0.0031387;0.020524;0.0095334;0.0014601;0.020984;0.017164;0.01549;0.0041917;0.0019232;0.010244;0.016912;0.0019855;0.012299;0.0023013
12;1.0089;1.08;2;0.85;0.5;50;50;Manhattan(Median);0.0087021;0.0025906;0.016657;0.0042346;0.0091848;0.017242;0.0046886;0.017422;0.0085257;0.0028681;0.018898;0.0068093;0.017762;0.0025971;0.014396;0.011429;0.0047757;0.00062561;0.013246;0.002241;0.0059966;0.01106;0.013905;0.0062046;0.013926;0.0065896;0.0082897;0.0046879;0.017647;0.0050057;0.0061172;0.0053635;0.012236;0.020123;0.00076978;0.011603;0.015629;0.018361;0.014015;0.017751;0.019566;0.012604;0.0065861;0.016508;0.017694;0.0028507;0.017765;0.0023833;0.014788;0.01291;0.0067419;0.0075876;0.0085372;0.0058252;0.010511;0.0039663;0.015948;0.0006046;0.01567;0.017952;0.016416;0.0014757;0.0016123;0.01882;0.012291;0.0010398;0.015775;0.012117;0.0060844;0.0034784;0.012202;0.017772;0.0072566;0.010156;0.011048;0.0062737;0.012619;0.0020053;0.0044532;0.0063381;0.018587;0.010409;0.018029;0.0023674;0.013632;0.012883;0.016549;0.019113;0.015405;0.0020281;0.015511;0.017523;0.012253;0.0076752;0.0092588;0.01237
13;1.0422;1.0457;2;0.85;0.5;50;50;Manhattan(MinimumTimesMedian);0.0020736;0.016109;0.013584;0.011256;0.014958;0.016326;0.007633;0.004941;0.0078654;0.006399;0.010909;0.0093343;0.018069;0.017572;0.0096081;0.003988;0.011453;0.0015578;0.009795;0.0018643;0.019274;0.010952;0.014773;0.012937;0.01231;0.012186;0.017265;0.008711;0.017975;0.018593;0.0094449;0.016458;0.0092431;0.0082307;0.014564;0.014546;0.0099455;0.0096303;0.0085891;0.004374;0.0053285;0.0066777;0.0017777;0.017634;0.0038743;0.0065173;0.0047488;0.011246;0.0075954;0.014203;0.0098423;0.014695;0.014014;0.0046976;0.011693;0.010849;0.012366;0.0064148;0.0076351;0.013284;0.0054278;0.0086443;0.0087702;0.011171;0.012422;0.017188;0.01513;0.01685;0.015039;0.0096888;0.011653;0.0098732;0.0069688;0.012579;0.0053295;0.013374;0.008986;0.0011127;0.016024;0.0065247;0.018035;0.0060849;0.0094954;0.0052037;0.0014541;0.011208;0.014777;0.0061693;0.014447;0.010157;0.014789;0.013002;0.010845;0.0091831;0.0078369;0.0041672
14;1.0359;1.0393;2;0.85;0.5;50;50;Manhattan(MinimumTimesMedian);0.0021771;0.0079955;0.01316;0.013343;0.0084905;0.0092908;0.011158;0.0071425;0.0088559;0.018711;0.0083428;0.0036801;0.012607;0.014333;0.015852;0.012382;0.01855;0.01015;0.014516;0.0090809;0.008796;0.0042255;0.015196;0.01044;0.012999;0.012559;0.013596;0.017127;0.01744;0.0093418;0.0021285;0.019655;0.012657;0.0031821;0.012987;0.01161;0.0054876;0.012561;0.0045557;0.0052195;0.0041579;0.0097095;0.010076;0.014351;0.0054914;0.0080788;0.019043;0.01015;0.012322;0.014308;0.0060107;0.016722;0.015066;0.0035821;0.0066344;0.017306;0.0060039;0.0055426;0.0096805;0.0087491;0.007633;0.0080718;0.0026994;0.014358;0.010056;0.010807;0.0016325;0.014893;0.00044097;0.016785;0.011631;0.007456;0.013598;0.014256;0.0021783;0.016826;0.0048894;0.012918;0.0070513;0.015274;0.018379;0.0085635;0.0054167;2.2336E-05;0.016605;0.015572;0.0051599;0.0030814;0.008331;0.014234;0.017306;0.0083714;0.01044;0.018906;0.0074162;0.014176
15;1.0329;1.0363;2;0.85;0.5;50;50;Manhattan(MinimumTimesMedian);0.017509;0.010323;0.01818;0.016763;0.011021;0.0028446;0.00705;0.0060965;0.001961;0.010385;0.017315;0.0072317;0.0053838;0.015662;0.0084379;0.0036002;0.01599;0.012115;0.00085266;0.012319;0.01766;0.0055266;0.012419;0.018905;0.0089445;0.0024758;0.017786;0.0034747;0.021658;0.021071;0.005381;0.013834;0.0089971;0.012162;0.013721;0.010165;0.0058413;0.010135;0.0055736;0.010994;0.0034437;0.0040887;0.0030132;0.015023;0.010271;0.0057132;0.015084;0.014756;0.012238;0.0064942;0.011035;0.0077969;0.0079453;0.0096234;0.019423;0.012472;0.014536;0.01153;0.014052;0.0087327;0.015012;0.0064779;0.012752;0.00727;0.01036;0.0081281;0.0076215;0.014456;0.0046512;0.0079749;0.010532;0.0016804;0.016749;0.015281;0.010616;0.015823;0.0088617;0.0033636;0.0050258;0.015248;0.011301;0.018714;0.0054726;0.0042117;0.010692;0.012171;0.0051268;0.011617;0.011252;0.0056948;0.0041195;0.0077771;0.0086143;0.021552;0.012725;0.016036
16;1.0054;1316.6;2;0.85;0.5;50;50;Manhattan(Summation);0.00027149;0.012863;0.013871;0.00020764;0.024249;0.0019273;0.0017849;0.026605;0.0046117;0.0072968;0.00074649;0.0040528;0.029726;0.0016946;0.029962;0.0097371;0.00053461;0.0035314;0.0015561;0.0010496;0.00076125;0.01928;0.028749;0.0016865;0.020053;0.02815;0.02093;0.015027;0.0075169;0.018342;0.0018172;0.020243;0.0018276;0.028997;0.029279;0.029829;0.0079177;0.0023957;0.0065919;0.01754;0.026407;0.028833;0.0025892;0.0071345;0.0058928;0.0044149;0.0084174;0.014822;0.0055343;0.009816;0.016083;0.022444;0.018293;0.00010693;0.0021502;0.00092688;0.0015855;0.0025042;0.00023494;0.0013992;0.015838;4.2315E-05;0.0013729;0.022411;0.012361;0.002322;0.026598;0.0027528;5.6168E-06;0.014493;0.0011188;0.0034836;0.01776;0.0019657;0.019163;0.0011243;0.0053734;0.019571;0.0042026;0.0106;0.0056651;0.0019675;0.0039128;0.01646;0.019474;0.00032465;0.0017544;0.027343;0.022808;0.00071416;0.017211;0.029575;0.0023103;0.0015056;0.002532;0.0010771
17;1.0052;1316.4;2;0.85;0.5;50;50;Manhattan(Summation);0.00021287;0.014972;0.0033752;0.0018165;0.016841;5.9749E-05;0.012418;0.017513;0.0011969;0.012203;0.0031417;0.0012169;0.020247;0.0012685;0.026956;0.025427;0.0024527;2.9202E-05;0.0026413;0.0024284;0.0054146;0.013831;0.026765;0.00031372;0.025837;0.026837;0.012449;0.026467;7.0795E-05;0.0071047;0.00077448;0.010489;0.010243;0.027978;0.025633;0.026006;0.01451;0.00022504;0.0069658;0.023777;0.027905;0.02335;0.00055112;0.00087495;0.0060891;0.00058086;0.0063187;0.0060615;0.0016001;0.017753;0.0084612;0.019463;0.027366;0.00016835;0.0058123;0.0010757;0.012877;0.0037104;0.00018528;0.0046981;0.019399;0.0048429;0.0008228;0.016151;0.025106;0.0002417;0.021109;0.017028;0.0011798;0.022951;0.0026119;0.0053983;0.025238;0.0046266;0.0053189;0.0014855;0.0055515;0.00086398;0.0017992;0.012198;0.017451;0.0013074;0.0065151;0.014664;0.017567;0.008163;0.020068;0.023018;0.027793;0.0009499;0.0030746;0.02462;0.0010766;0.0014779;0.003204;0.0021188
18;1.0048;1315.9;2;0.85;0.5;50;50;Manhattan(Summation);0.00014414;0.019923;0.0057423;0.00030372;0.015589;0.0038326;0.0037721;0.024333;0.0023455;0.011591;0.0010863;0.008071;0.023136;0.00046595;0.024677;0.00028659;1.5521E-05;0.0020968;0.001636;0.00056242;0.00032869;0.012778;0.019044;0.0020208;0.022201;0.023302;0.021279;0.0093294;0.006264;0.020988;0.00068464;0.0033481;0.0074581;0.024889;0.022572;0.014329;0.023994;0.00075167;0.0059328;0.02141;0.020294;0.024192;0.0035155;0.0036125;0.009582;0.0013285;0.013791;0.013202;0.0094392;0.021642;0.020015;0.021226;0.015864;7.9716E-05;0.0075899;0.0016178;0.015056;0.013992;6.1527E-05;0.00019069;0.013054;0.0011384;0.0041277;0.0088424;0.0050969;0.00092882;0.024127;0.014635;0.00015212;0.0035083;0.0029674;0.017962;0.02481;0.0099489;0.020326;0.018072;0.0017779;0.014787;0.0027847;0.012469;0.0068484;0.00072516;0.00049919;0.014445;0.019086;0.020948;0.024342;0.018174;0.02294;0.00094353;0.0028393;0.024961;9.2586E-05;0.00043545;0.011666;0.00073201
19;1.7694;0.25729;2;0.85;0.5;50;50;Euclidean(Average);1.7421E-05;0.0017041;0.003477;0.045912;0.00014156;0.0080313;0.0019153;0.00025954;0.0056615;0.0075336;0.035153;0.00062655;0.012207;0.0050124;0.0026506;0.0029997;0.0063597;0.0422;0.0011762;0.043933;0.0059053;0.0018825;0.0064779;0.046835;0.0079375;0.0029346;0.0019345;0.0035898;0.005488;0.0061126;0.041837;0.0041608;0.045657;0.0038168;0.0083516;0.032477;0.0027441;0.0006751;0.007838;0.045411;0.0018247;0.046841;0.0020284;0.0055096;0.00063295;0.003194;0.0010127;0.0017155;0.043288;0.0043685;0.0022296;0.045292;0.0047317;0.00059276;0.0023758;0.010429;0.0044698;0.0037453;0.0069406;0.018287;0.00013958;0.00072891;0.00015147;0.0035019;0.001048;0.039572;0.00066314;0.0022158;0.032733;0.00034554;0.0011407;0.045855;0.0027835;0.00094845;0.0037238;0.0447;0.0033397;0.0017517;0.001058;0.0015888;4.9335E-05;0.00030762;0.0007482;0.00024556;0.003312;0.002494;0.0040977;0.0012302;0.00011418;0.026133;0.00098442;0.00047159;0.002446;0.0044716;0.045993;0.00036614
20;1.7078;0.24832;2;0.85;0.5;50;50;Euclidean(Average);0.0010806;0.037634;0.00019247;0.04039;0.037464;8.56E-05;0.033098;0.0021424;0.00063936;0.00031359;0.0018257;0.00036186;0.00085416;0.00070701;0.00053308;0.011794;0.00122;0.035927;0.0069152;0.0030973;0.00068854;0.003361;0.0071364;0.0006512;0.032685;0.035974;0.0030865;0.0028421;0.0031448;0.0010395;0.0068459;0.0025386;0.00070465;0.010753;0.011316;0.03862;0.036809;0.039251;0.00048912;0.003928;0.040065;0.039239;0.0032674;0.033584;0.00071148;0.0012984;0.035383;0.039555;0.0046455;0.0026324;0.00088803;0.0012282;0.0004706;0.024245;0.035274;0.010089;2.2275E-05;0.0017479;0.0013445;0.039925;0.00064549;0.0058335;0.004617;0.0040306;0.00025519;0.03717;0.036716;0.0025293;0.0016261;0.0028304;0.0050075;8.0953E-05;0.0025012;0.00066719;0.0036808;0.0021225;0.00018617;0.0016281;0.0028909;0.0002969;0.040668;0.00046794;0.002288;0.00214;0.0027523;0.0027647;0.0011129;0.00018964;0.0020105;0.0048274;0.036395;0.0093732;0.0023239;0.0030829;0.00025271;0.00028118
21;1.727;0.25111;2;0.85;0.5;50;50;Euclidean(Average);3.3712E-05;0.016689;0.0040335;0.0027108;5.853E-05;0.0064958;0.00040423;0.032188;0.0074991;0.027257;0.009245;0.010581;0.00049846;0.042673;8.0064E-05;0.013776;0.00044251;0.040291;0.004375;0.0059692;0.00080871;0.00049823;0.0050885;0.00091635;0.0015955;0.0034231;0.0088475;0.00059878;0.00035769;0.00091544;0.012313;0.023716;0.0057879;0.0019627;0.00041111;0.0357;0.03268;0.0032026;0.00053789;0.00017986;0.00057679;0.00092281;0.04252;0.0043888;0.0075416;0.042358;0.0014395;0.0013613;0.014963;0.0020141;0.041726;5.2164E-05;0.0034;0.039654;0.0018072;0.0011557;0.0020232;0.0069461;0.0005093;0.0002915;0.0075161;0.0019888;7.1563E-05;0.00035738;0.0047775;0.0013396;0.042015;2.1184E-05;0.039516;0.0018741;0.03939;0.042248;0.0010029;0.0056135;0.0065481;0.00098037;0.038548;0.007551;0.042525;0.042703;0.0021887;2.114E-05;0.0031419;0.001241;0.00082081;0.032636;0.042746;0.00025453;5.4806E-06;0.00035918;0.002242;0.0010986;0.0011503;0.0013184;0.0012833;0.002414
22;1.7299;0.25085;2;0.85;0.5;50;50;Euclidean(GeometricAverage);0.0042507;0.006827;0.0057163;0.0017619;0.0014078;0.0020982;0.048169;0.00058104;0.04946;0.001074;0.050537;0.0020109;0.00087797;0.044424;0.0010823;0.0020032;0.0014839;0.0070007;0.0044046;0.0017133;0.0095972;0.0062872;0.006943;0.0017494;0.001117;0.0035252;0.00085861;0.0080258;0.002662;0.0060221;0.0031637;0.00043132;0.046592;0.0064439;0.0072044;5.0521E-05;0.011917;0.000829;0.0015405;0.0014103;0.00043185;0.0054056;0.00081269;0.0049742;0.0091834;0.017932;0.0014019;0.0049549;0.0079188;0.00011182;0.0023867;0.0042428;0.0050862;0.002235;0.00044252;0.0020182;0.0041066;0.038528;0.0019228;0.0039447;0.025394;0.04017;0.00026073;0.0019856;0.022317;0.049718;0.0038552;0.010843;0.04304;0.00032455;0.0012219;0.0063979;0.050249;0.0010132;0.010232;0.0021001;0.00068996;0.02878;0.014261;0.001503;0.0074719;0.00074706;0.0010712;0.0023306;0.041237;0.00048581;0.0018666;0.0039348;0.004804;0.044885;0.0052496;0.0029944;0.04305;0.0020688;0.041348;0.00080263
23;1.6938;0.24561;2;0.85;0.5;50;50;Euclidean(GeometricAverage);0.00070203;0.031668;0.008962;0.031843;0.00030581;0.038841;0.0037512;9.2643E-05;0.0021566;0.0027018;0.040436;0.024848;0.040923;0.036873;0.0026984;0.00088771;0.0018509;0.0012821;0.0012846;0.00063288;0.0049442;0.0024171;0.035323;0.0025917;0.00089913;0.002659;0.010566;0.021929;0.030735;0.0019248;5.8237E-05;0.034714;0.0068448;0.001013;0.041303;0.00056437;0.00088983;0.004626;0.0012474;0.041146;0.00090081;0.010025;0.032444;0.036355;0.0024359;0.0010337;0.0025842;0.0033576;0.0045366;0.0018219;0.00013809;0.0015078;0.0017098;0.0022182;0.0033942;0.0029671;0.040624;0.0016833;0.0010115;0.0020619;0.013706;0.0022735;0.0062662;0.0030793;0.00091186;0.03978;0.0035633;0.00010173;0.0016175;0.0018376;0.0017754;0.00036536;0.00062528;0.0055543;0.040076;0.00073559;0.002417;0.0013493;0.0041106;0.039042;0.0003642;0.039194;0.0010829;0.040864;0.0023489;0.0024758;0.017459;0.0021686;0.039864;7.2199E-05;0.0018519;0.0029997;0.00078045;0.0017732;0.0026578;0.0029087
24;1.624;0.23549;2;0.85;0.5;50;50;Euclidean(GeometricAverage);0.009357;0.0013671;4.5726E-05;0.023138;0.0012308;0.0015257;0.00094289;0.0015309;0.011733;0.00090044;0.0011284;8.5679E-05;0.00062242;0.00040172;0.00083187;0.0010621;7.0592E-05;0.0019878;0.028501;0.023103;0.0034769;0.028054;0.00062178;0.011435;0.0018011;0.00083494;0.036389;0.0020741;0.010617;0.00049339;6.5463E-05;0.000685;0.03671;0.00075378;0.0012871;0.036646;0.00032003;0.00055318;0.012611;0.036426;0.0038283;0.0013577;8.8563E-05;0.035953;9.1254E-06;0.036576;0.03708;0.025847;0.0018286;0.025711;0.022453;0.00068382;0.0031506;0.002825;0.035506;0.0019529;0.001583;0.035597;0.0019987;0.0018528;0.003195;0.032933;0.034382;0.00099296;0.0036223;0.0010455;0.026033;0.0046075;0.0014756;0.0017065;0.0018932;0.0019634;0.021259;0.035764;3.9822E-05;0.004012;0.0019757;0.00028795;0.036732;0.000123;0.0010749;0.00011279;0.0030584;0.010622;0.018679;0.00025566;0.033172;0.0047827;0.0055371;0.0023541;0.032696;7.9513E-05;0.00026572;0.0013875;0.027885;0.036691
25;1.4418;0.15993;2;0.85;0.5;50;50;Euclidean(Minimum);0.0019907;7.9937E-05;0.0017026;0.0048476;0.022674;0.012331;4.6492E-06;0.0024478;0.0045536;0.00017857;0.0035113;0.00055164;0.021099;0.0013958;0.013536;1.8845E-05;0.021335;0.015224;0.0010933;0.01862;0.019636;0.0011687;0.026383;0.011443;0.017934;0.021746;0.021383;0.00083022;0.027512;0.00075494;0.025887;0.027424;0.0037279;0.025083;0.0048596;0.02738;0.0249;0.00057386;0.011344;0.0012088;0.026705;0.0001962;0.00091405;4.3792E-05;0.0028578;0.0010989;0.00554;0.0038384;0.0011979;0.0076449;0.001862;0.021901;0.00027704;0.00031575;0.0027741;0.022155;0.013864;0.00080193;0.0041705;0.0023554;0.026568;0.020811;0.00099738;0.00090926;1.5382E-05;0.018205;0.0018556;0.0024141;0.0087897;9.3422E-06;0.00023162;0.0015313;0.0077782;0.021077;0.020438;0.0014161;0.0020268;0.02327;0.0022354;0.00037467;0.022803;0.0021539;0.00069404;0.0042144;0.024297;0.020027;0.025663;0.026458;0.021746;0.005932;0.00079484;0.025556;0.014573;0.027237;0.021022;0.026987
26;1.4214;0.15767;2;0.85;0.5;50;50;Euclidean(Minimum);0.00029443;0.005321;0.023132;0.0071841;0.016844;0.022488;0.025728;0.00044314;0.00073073;0.00039486;0.0046952;0.026014;0.018206;0.00078277;0.025013;0.0055024;0.00021504;0.0019036;0.026486;0.0013995;0.0021412;0.0019563;0.010503;0.022683;0.016024;0.0033996;0.0025253;0.01689;0.005046;0.020226;0.023855;0.00098001;0.0019674;0.0020466;0.026337;0.021138;0.00088808;0.0058495;7.1086E-05;0.0013075;0.00024412;0.026599;0.0011986;0.018025;0.0020484;0.015566;0.019952;0.00071584;0.002011;0.02539;0.00040904;0.026346;0.00044319;0.00015888;0.021917;0.025624;0.002643;0.026911;0.0050101;0.0010757;0.0034482;0.00062647;0.00094738;0.00049107;0.026833;0.0025601;0.019946;0.0081433;0.0052135;8.1247E-05;0.0017557;0.0011289;0.026557;0.0013502;0.026708;0.025458;0.021998;0.0045454;0.001619;0.019712;0.00022239;0.017385;0.0046999;0.014438;0.026755;0.0053148;0.024002;0.00074156;0.01987;0.0039516;0.00635;0.00016168;0.012375;0.0033113;0.019848;0.020548
27;1.374;0.15241;2;0.85;0.5;50;50;Euclidean(Minimum);0.0093734;0.018828;0.021175;0.00020137;0.011629;0.0010776;0.013408;0.0060673;0.00012091;0.020848;0.0017594;0.025046;0.0037917;0.010697;0.0077047;0.0056207;0.0054532;0.011786;0.0023377;0.0041947;0.025512;0.0017485;0.023172;0.017779;0.00019289;0.0011864;0.00052023;0.0025165;0.0062748;0.0058556;0.00082976;0.01924;0.0035992;0.0038712;0.0021899;0.014544;0.0010447;0.0026281;0.00030408;0.0031547;0.025438;0.025426;0.024849;0.0015524;0.00068755;0.023909;0.0025671;0.016578;0.017373;0.025378;0.024171;0.024279;0.024732;0.023537;0.016024;0.021745;0.00063002;0.0074007;0.0025827;0.013874;0.0009773;0.023799;0.0053401;0.0056214;0.00078984;0.02568;0.020767;0.020996;0.0036635;0.025777;0.0043722;0.00052131;0.0021995;0.020637;0.0047432;0.012143;0.023976;0.0087414;0.00010935;0.00033089;0.00097114;0.02286;0.0094915;0.0011166;0.00023591;0.0037043;0.0013212;0.025714;0.003374;0.012656;0.00040714;0.0017354;0.025714;6.2561E-05;0.015227;0.024207
28;1.7513;0.25463;2;0.85;0.5;50;50;Euclidean(Median);0.010809;0.0018828;0.00047452;0.0017119;0.030387;0.0013392;0.0038729;0.045998;0.00074972;0.0021149;0.0010906;0.042821;0.032904;0.0010111;0.0019833;0.047766;0.00016104;0.00018335;0.0010272;0.0043787;0.0052075;0.005467;0.0022474;0.001057;0.04792;0.0067924;0.047062;0.00028508;0.00071045;0.0003511;0.0025192;0.0042538;0.047765;0.0021441;0.0061174;0.00059899;0.0010238;0.0015939;0.033612;0.0050313;0.00014724;0.0063977;0.0027859;0.0048485;0.003441;0.0070365;0.047587;0.0046665;0.0016641;0.0010333;0.0029195;0.0018514;1.5154E-05;0.0049068;0.01764;0.0047865;0.0019102;0.0035892;0.0013065;0.0027614;0.0010352;0.0070616;0.036098;0.0004577;0.0010678;0.009414;0.0046769;0.030815;0.044775;0.0030741;0.00017181;0.04654;0.0078424;0.0066057;0.0031411;0.012447;0.001239;0.0083373;0.0031892;0.0017803;0.00054583;0.0011343;0.0028515;0.00016339;0.042883;0.042763;0.020567;0.0082956;0.0018003;0.048033;0.0091076;0.0086674;0.0025072;0.0035202;0.0001697;0.0015016
29;1.7432;0.25346;2;0.85;0.5;50;50;Euclidean(Median);0.039792;0.00081842;0.0052861;0.00045468;0.015072;0.0041637;0.0045576;0.047861;0.0012389;0.0064553;0.0029801;0.049128;0.00092567;0.0037597;0.00080333;0.00017845;0.0060312;0.01203;0.048342;0.02696;0.0038741;0.0030701;0.00032781;0.0051019;0.0027505;0.0052311;0.010115;0.0033076;0.0066253;0.0064456;0.029844;0.0044598;0.048271;0.0012184;0.023655;0.00041411;0.0058844;0.0024506;0.048083;0.00075959;0.0041355;0.0021235;0.0041309;0.00052198;0.00064269;0.00099909;0.0085373;0.049446;0.0026168;0.00014854;0.021057;0.0024961;0.0043498;0.001586;0.00017607;0.0017192;0.049598;0.0017002;1.8876E-05;0.0023752;0.0013275;0.0029065;0.046472;0.0088759;0.00010031;0.0028149;0.0021994;0.0013152;0.00025494;0.0094528;0.003244;0.011363;0.014012;0.001094;0.0040122;0.0026345;0.00094014;0.00012472;0.00033009;0.0015671;0.0045317;0.0052003;0.026047;0.00054542;0.030458;0.0046784;0.048901;0.045553;0.0008251;0.00042241;0.013353;0.0015035;0.001212;0.046309;0.0063002;0.0020103
30;1.8476;0.26863;2;0.85;0.5;50;50;Euclidean(Median);0.0034195;0.00017805;0.023142;0.0036975;0.049814;0.047681;0.0068643;0.0029732;1.0886E-05;0.00052996;0.02607;0.044225;0.0030427;5.3787E-05;0.00046532;0.00063406;0.00089613;0.00072046;0.00073231;0.0014782;0.00046346;0.032449;0.017247;4.018E-05;0.041335;0.048358;0.0011217;0.0036727;0.0020402;0.00064186;0.0022376;0.0010745;0.0035241;0.011806;0.0030965;0.01361;0.00061821;0.0027179;0.00022015;0.0021363;0.00094033;0.049514;0.0024008;0.048903;0.0051983;0.0028374;0.0033617;0.011333;0.00029562;0.00092764;0.0012367;0.0059104;0.0041503;0.00037419;0.0062367;0.01264;0.0032623;8.7407E-06;0.00033158;0.035091;0.0034315;0.00076295;0.0018019;0.00036456;0.0070298;0.003377;0.047892;0.00074566;0.0021353;0.042694;9.814E-05;0.0077328;0.00099571;0.0038913;0.022314;0.0018399;0.0012933;0.0023943;0.00091315;0.0002781;0.0019994;0.0013012;0.00014238;0.046687;0.0023338;0.00046481;0.046714;0.0025227;0.0020759;0.050111;0.0028658;0.043438;0.045326;0.00064267;0.00041214;0.00098514
31;2.0357;0.032832;2;0.85;0.5;50;50;Euclidean(MinimumTimesMedian);0.030129;0.030632;0.029965;0.0039159;0.0031493;0.0015352;0.014215;0.02517;0.00015212;0.03111;0.00025836;7.2031E-05;0.015613;0.00095115;0.0050116;0.0024517;0.0048838;0.0055659;0.0025172;0.0025147;0.030956;0.0053601;0.0087481;0.0028486;0.0003014;0.0013588;0.0011317;0.0039605;0.0039584;0.02994;0.00049383;0.0031673;0.00037507;0.018479;0.0053631;0.0025122;0.014872;0.0029104;0.00011672;0.0046576;0.0014204;0.026624;0.026675;0.026571;0.00046094;0.0021433;0.0037535;0.0010923;0.019193;0.00052723;0.00089157;0.030571;0.013602;9.8815E-05;0.018093;0.00065489;0.00027481;0.025511;0.0022408;0.00057469;0.0041679;0.019176;0.030383;0.0040942;0.0028133;0.00081198;0.014394;0.029212;0.029344;0.0026348;0.025308;0.028894;0.00072899;0.020106;0.00079053;0.0094591;0.00081245;0.0014588;0.0085309;0.00010403;0.0004645;0.03011;0.027037;0.0092959;0.00019805;0.0010908;0.029967;0.029962;0.029928;0.015906;0.0050965;0.024858;0.00055436;0.003279;0.0010425;0.0056871
32;2.3132;0.037308;2;0.85;0.5;50;50;Euclidean(MinimumTimesMedian);0.0033031;0.0042204;0.0022985;0.0030193;0.035761;0.0093593;0.0035276;0.0012802;0.035455;0.00011895;0.00036726;0.0011881;0.036012;0.032568;0.0037851;0.00063774;0.026203;0.027399;0.00072378;0.0089787;0.0035926;0.0057705;0.00031147;0.0011334;0.00069418;0.0021472;0.027617;0.0014965;3.6904E-05;0.033176;0.004946;0.036203;0.0045352;0.00033813;0.00682;0.0011298;0.00025722;0.035038;0.00077219;0.031505;0.028594;0.0079353;0.0047459;0.0076035;0.017216;0.0041732;0.0013042;0.0020772;0.0005861;0.00023452;0.0023915;0.001156;0.00071754;0.0054754;0.0015221;0.00091785;6.9961E-06;0.00098359;0.00086188;0.0099989;0.00044993;0.036627;0.0011696;0.0014991;0.0025789;0.033372;0.021632;0.00016708;0.0015332;0.00029858;0.0043881;0.0019659;4.478E-05;0.035471;0.0039771;0.0033272;0.00039285;0.00036898;0.0011163;0.0063581;0.024665;0.0025506;0.00029479;0.037077;0.018611;0.0086826;0.0021873;0.024831;0.03656;0.023041;0.025583;0.031162;0.0022369;0.027672;0.0099917;0.035887
33;2.214;0.035708;2;0.85;0.5;50;50;Euclidean(MinimumTimesMedian);0.0034431;0.029529;0.00051514;0.00071975;0.034103;0.01339;0.0031382;0.00023339;0.0071294;0.0024723;0.00055534;0.031503;0.00065512;0.027787;0.013614;0.00081325;0.00037824;0.0019141;0.00015651;0.00093736;0.032436;0.0033045;0.033314;0.0050565;0.0042993;0.034196;0.005358;0.00018376;0.0060768;0.0019662;0.034159;0.029907;0.024495;0.033181;0.034226;0.0045445;0.029052;0.0013355;0.0013466;0.026467;0.0010795;0.0011397;0.0049656;0.00094475;0.024529;0.0027526;0.0050405;0.00017187;0.00031775;0.0014457;0.031958;0.0042479;0.0048479;0.0094102;0.026723;0.0031571;0.0011941;0.03252;0.0056293;0.0096138;0.029719;0.0043714;0.00025397;0.028608;0.0036558;0.0045509;0.0028346;0.0011899;0.00086205;8.5964E-05;0.027985;0.0016703;0.00026321;0.0020602;0.0052997;0.00077454;0.0012226;0.0011952;0.0024393;0.010078;0.0014555;0.0019932;0.00040911;0.00012703;0.01947;0.033121;0.0011436;0.00046719;0.0030829;0.00028857;0.032543;0.028616;0.0022599;0.025222;0.029149;0.0019502
34;1.7496;311.65;2;0.85;0.5;50;50;Euclidean(Summation);0.03948;0.003915;0.0070587;0.0014428;0.00077949;0.00072676;0.042548;0.00080113;0.0025498;0.0038709;0.038941;0.0012646;0.041958;0.006585;0.0033661;0.0051382;0.0025369;0.038181;0.040392;0.04244;0.0015369;0.0027138;0.00055858;0.004913;0.042609;0.0034359;0.0018361;0.0070831;0.0015053;0.002036;0.037423;0.0012722;0.0031538;0.0038243;0.015941;0.0022993;0.00098671;0.0037677;0.00013659;0.013598;0.041939;0.0033848;0.0069897;0.0030685;0.0004571;0.00062025;0.038476;0.0033178;0.033886;0.0013636;0.0026208;0.00098707;0.0032781;0.0010655;0.042144;0.040901;0.00072984;0.00035445;0.00085817;0.0012029;0.034581;0.0012314;0.00087675;0.00070003;0.00064296;0.00082172;0.00099339;0.0015247;0.0045514;0.040726;0.035989;0.0053382;0.003867;0.0015472;0.00066215;0.0010977;0.0011804;0.00055529;0.00012726;0.00036406;0.0029611;0.0012844;0.0027085;0.0065499;0.041166;0.0019646;0.00014527;0.0031167;0.032145;0.032766;0.0022895;0.0013609;0.00036064;0.00094489;0.00089926;0.029707
35;1.7973;320.14;2;0.85;0.5;50;50;Euclidean(Summation);0.04662;0.0055403;0.0088722;0.004371;0.025563;0.0026874;0.00037419;0.0011339;0.045494;5.86E-05;0.002149;0.016024;0.00045287;0.0091099;0.0020099;0.04354;2.1401E-05;0.0087276;0.003503;0.00027898;0.010503;0.0012327;0.0048786;0.047706;0.0012312;0.021244;0.0020449;0.0031634;0.00036092;0.0054566;4.0355E-05;0.034381;0.0027449;0.0019852;0.046348;0.0015443;0.0055748;0.029331;0.0055565;0.046094;0.0057796;0.00054968;0.0015323;0.0032292;0.0021672;0.00047536;0.046533;0.0027929;0.0011693;0.041204;0.048878;0.0010465;0.00074792;0.0033749;0.0042613;0.00012247;0.04064;4.539E-05;0.00044389;0.0028151;0.038518;0.0030497;0.0050575;0.0011829;0.0023189;0.0076498;0.00093893;0.0078229;0.00032353;0.0026408;0.0010684;0.041528;0.00071893;0.00011802;0.00039815;0.0021385;0.0028085;0.0045534;0.0030162;0.0026519;0.0031657;0.00081483;0.00074821;0.0006528;0.0075645;0.0019753;0.0005397;0.00015507;0.003431;0.0074813;0.0041024;0.04122;0.0013782;0.00010845;0.044561;0.04784
36;1.735;309.04;2;0.85;0.5;50;50;Euclidean(Summation);0.0021559;0.0069115;0.0031079;0.00042564;0.00020316;0.0064345;0.00064281;4.1237E-05;0.045737;0.008091;0.0033769;0.028554;0.012017;0.00060219;0.00034335;0.0016481;0.026206;0.00042419;0.0020581;0.00011789;0.0016061;3.1379E-05;0.0019548;0.002033;0.001137;0.00045975;0.0041167;0.0042081;0.00049955;6.9234E-05;0.0002609;0.046714;0.045956;0.0075542;0.0039215;0.0083119;0.026029;0.00050785;0.00037847;0.002122;0.0050367;0.035836;0.0043077;0.015279;0.014446;0.0011846;0.0010142;0.0095551;0.0098083;0.00073342;0.003938;0.00019837;0.012553;0.0049317;0.0093815;0.0057081;0.037629;0.00020149;0.0070359;0.0027672;0.0013287;0.04217;0.0085839;0.045653;0.00035971;0.00076954;0.0015485;0.0014726;0.00086923;0.00069548;0.0024458;0.000599;0.042148;0.0019343;0.0029013;0.00086326;0.043167;0.006113;0.044852;0.034668;0.0015287;0.0019779;0.040309;0.015816;0.002071;0.0036003;0.045612;0.0015875;0.002744;0.0077365;0.045211;0.0070491;0.0017582;0.04691;0.0014127;0.0030176
differential evolutions parameters, by distance
i;dDE / dP;distance;type;parentWeight;crossover;population;iterations;distance;weights ->
1;1.0044;1.0729;2;0.85;0.5;50;50;Manhattan(GeometricAverage);0.00021662;0.017119;0.00084659;0.00067388;0.02024;0.00048493;0.018938;0.014564;0.0045886;0.020058;0.0023637;0.010095;0.021599;0.0011246;0.022142;0.01785;0.00071;0.00062643;0.0011535;0.00067992;0.0025847;0.0059422;0.020307;0.0026799;0.022326;0.021909;0.018215;0.010676;0.00267;0.018575;5.8591E-05;0.0033085;0.0017732;0.021759;0.021516;0.02077;0.0039656;0.0018034;0.0052114;0.009071;0.0155;0.022623;0.010471;0.0059431;0.0011559;0.0055089;0.01998;0.013079;0.00062652;0.022666;0.015529;0.019186;0.019197;0.00015874;0.0045826;0.0006354;0.015223;0.0057866;0.00037374;0.014724;0.017976;0.012501;0.0036998;0.021581;0.020013;0.0057188;0.02226;0.021882;0.00025857;0.020084;0.00082276;0.0084754;0.02194;0.012577;0.012105;0.0040988;0.0080654;0.0013383;0.0050427;0.012875;0.0077589;0.0016433;0.003089;0.0076115;0.01973;0.0053208;0.015774;0.015199;0.022279;0.001415;0.007687;0.022509;0.021727;0.00044232;0.0090676;0.0012854
2;1.0044;1.073;2;0.85;0.5;50;50;Manhattan(GeometricAverage);6.4608E-06;0.01553;0.019841;1.6672E-05;0.023168;0.00067608;0.0026852;0.0093435;0.0014317;0.014658;0.0037045;0.0085866;0.021654;0.0015647;0.022921;0.016668;0.013971;0.0026572;0.00067033;0.00026906;0.00015542;0.022928;0.022709;0.0013719;0.01523;0.02295;0.019495;0.0069831;0.0015962;0.020795;0.0010945;0.0043217;0.0044297;0.023584;0.015683;0.023735;0.011302;0.0015307;0.0060379;0.010631;0.018826;0.022736;0.0012971;0.0077614;0.0076235;0.0055462;0.012195;0.010421;0.00034477;0.013964;0.022308;0.017431;0.023364;0.00062172;0.01075;0.0030528;0.012868;0.00345;0.0005137;0.0067219;0.02302;0.0068691;0.018869;0.014141;0.0019765;0.0095282;0.022593;0.0078468;0.00023244;0.013658;0.0002262;0.019746;0.022709;0.006134;0.0036734;0.0078756;0.014046;0.017481;0.0028843;0.0069964;0.0037593;0.0022326;0.0088149;0.013715;0.018477;0.0086413;0.014444;0.021567;0.023843;0.00077987;0.0061165;0.019345;0.010987;0.00021257;0.0073407;0.00083937
3;1.0047;1.0733;2;0.85;0.5;50;50;Manhattan(GeometricAverage);2.2176E-06;0.021978;0.0060014;0.00040104;0.018705;0.0041941;0.0048141;0.021936;0.0014658;9.408E-05;0.00024287;0.0057591;0.017182;0.0016528;0.026488;0.0091714;0.0013822;0.0003013;0.00056461;0.0005264;0.0031804;0.021228;0.022052;0.00066319;0.021977;0.023613;0.024523;0.0082093;0.016677;0.02458;0.00034293;0.010537;0.0052485;0.022327;0.019653;0.022012;0.012218;0.0041305;0.00352;0.020894;0.019149;0.026786;0.003024;0.0048029;0.0011116;0.0021726;0.018825;0.0056008;0.0034668;0.025529;0.023818;0.022716;0.021534;0.00036846;0.0086004;0.0013104;0.0042953;0.0088829;0.00048466;0.010084;0.020025;0.014842;0.0075472;0.014732;0.0066805;0.0010061;0.026731;0.018167;0.0007352;0.018027;0.00016452;0.0060125;0.025806;0.014819;0.019305;0.00056131;0.0011443;0.0092377;0.001287;0.0080357;0.0013419;0.00097467;0.020243;0.00087027;0.018903;0.0066781;0.016081;0.015656;0.022289;0.00018527;0.0052606;0.022748;0.000781;0.0038446;0.005039;0.0012271
4;1.0048;1315.9;2;0.85;0.5;50;50;Manhattan(Summation);0.00014414;0.019923;0.0057423;0.00030372;0.015589;0.0038326;0.0037721;0.024333;0.0023455;0.011591;0.0010863;0.008071;0.023136;0.00046595;0.024677;0.00028659;1.5521E-05;0.0020968;0.001636;0.00056242;0.00032869;0.012778;0.019044;0.0020208;0.022201;0.023302;0.021279;0.0093294;0.006264;0.020988;0.00068464;0.0033481;0.0074581;0.024889;0.022572;0.014329;0.023994;0.00075167;0.0059328;0.02141;0.020294;0.024192;0.0035155;0.0036125;0.009582;0.0013285;0.013791;0.013202;0.0094392;0.021642;0.020015;0.021226;0.015864;7.9716E-05;0.0075899;0.0016178;0.015056;0.013992;6.1527E-05;0.00019069;0.013054;0.0011384;0.0041277;0.0088424;0.0050969;0.00092882;0.024127;0.014635;0.00015212;0.0035083;0.0029674;0.017962;0.02481;0.0099489;0.020326;0.018072;0.0017779;0.014787;0.0027847;0.012469;0.0068484;0.00072516;0.00049919;0.014445;0.019086;0.020948;0.024342;0.018174;0.02294;0.00094353;0.0028393;0.024961;9.2586E-05;0.00043545;0.011666;0.00073201
5;1.0049;1.0743;2;0.85;0.5;50;50;Manhattan(Average);0.00011011;0.013003;0.0066267;0.0011179;0.020251;0.00061985;0.0056431;0.00579;0.00014224;0.024866;0.0015621;0.0019176;0.025761;0.0016152;0.01978;0.014595;0.010411;0.0039998;0.0010465;0.0014724;0.0012689;0.0033015;0.025542;0.0017453;0.018031;0.020954;0.023413;0.0034673;0.0045122;0.021414;0.00023497;0.0030594;0.0051742;0.024121;0.02306;0.026427;0.012389;0.00043299;0.00049468;0.0071153;0.024671;0.026554;0.0012898;0.003412;0.012984;0.0026038;0.022661;0.013458;0.0085374;0.025911;0.022361;0.025497;0.022107;0.00030869;0.0090937;0.00042682;0.0011353;0.0011293;0.00061784;0.0041403;0.020728;0.004956;0.011335;0.020166;0.011463;0.0036895;0.018794;0.021033;0.00056771;0.012613;0.0041406;0.014028;0.027157;0.0052996;0.0038858;0.0037229;0.026881;0.0037841;0.017828;2.1172E-05;0.0073866;0.00052834;0.0035963;0.0047773;0.0066906;0.019859;0.015447;0.024307;0.02638;0.0011405;0.0028799;0.022733;0.0068868;0.0055806;0.0017467;0.0025763
6;1.0052;1.0746;2;0.85;0.5;50;50;Manhattan(Average);6.2167E-05;0.012;0.0070453;3.5532E-07;0.026207;0.0023813;0.0012837;0.025015;0.0053161;0.011612;0.0029073;0.00080138;0.022225;0.0018502;0.025786;0.0041488;0.0046653;0.00062935;0.0043022;0.00077487;0.0022105;0.023239;0.027046;0.0009444;0.022655;0.027074;0.026625;0.015399;0.0035968;0.012686;6.4365E-05;0.010704;0.0018815;0.023474;0.025666;0.021811;0.0022835;0.00060259;0.0018425;0.0050451;0.026862;0.025866;0.0030889;0.0017745;0.012258;0.00082917;0.0090637;0.007616;0.00066192;0.020658;0.020836;0.020232;0.01849;0.0010034;0.0086319;0.0015059;0.0097637;0.008094;0.00064674;0.0070414;0.021658;0.011556;0.00096589;0.0085308;0.011557;0.0049191;0.023541;0.014892;0.00027388;0.0031381;0.0010149;0.023473;0.027103;0.008136;0.0082141;0.00045925;0.004854;0.0012003;0.016428;0.020821;0.0036955;0.00013414;0.0024033;0.020979;0.025648;0.0052108;0.014911;0.020427;0.024274;0.0028495;0.013797;0.025999;0.00050069;0.0034248;0.0039936;0.00023051
7;1.0052;1316.4;2;0.85;0.5;50;50;Manhattan(Summation);0.00021287;0.014972;0.0033752;0.0018165;0.016841;5.9749E-05;0.012418;0.017513;0.0011969;0.012203;0.0031417;0.0012169;0.020247;0.0012685;0.026956;0.025427;0.0024527;2.9202E-05;0.0026413;0.0024284;0.0054146;0.013831;0.026765;0.00031372;0.025837;0.026837;0.012449;0.026467;7.0795E-05;0.0071047;0.00077448;0.010489;0.010243;0.027978;0.025633;0.026006;0.01451;0.00022504;0.0069658;0.023777;0.027905;0.02335;0.00055112;0.00087495;0.0060891;0.00058086;0.0063187;0.0060615;0.0016001;0.017753;0.0084612;0.019463;0.027366;0.00016835;0.0058123;0.0010757;0.012877;0.0037104;0.00018528;0.0046981;0.019399;0.0048429;0.0008228;0.016151;0.025106;0.0002417;0.021109;0.017028;0.0011798;0.022951;0.0026119;0.0053983;0.025238;0.0046266;0.0053189;0.0014855;0.0055515;0.00086398;0.0017992;0.012198;0.017451;0.0013074;0.0065151;0.014664;0.017567;0.008163;0.020068;0.023018;0.027793;0.0009499;0.0030746;0.02462;0.0010766;0.0014779;0.003204;0.0021188
8;1.0053;1.0747;2;0.85;0.5;50;50;Manhattan(Average);0.00017299;0.009075;0.0124;6.3961E-05;0.029289;0.0023009;0.0042434;0.020494;0.0068386;0.0089905;0.00085542;0.011466;0.029416;0.0016544;0.028711;0.00083776;0.0045715;0.0017454;0.00049032;0.0016078;0.0018495;0.00354;0.028201;1.541E-05;0.026933;0.028054;0.029192;0.023742;0.017116;0.016201;0.0018821;0.0020863;0.0027773;0.02881;0.022745;0.021215;0.0042266;0.00058766;0.00013068;0.0086624;0.028328;0.027378;0.0012537;0.0011691;0.0073004;0.0017041;0.0061844;0.028746;6.2772E-05;0.019051;0.0040801;0.019946;0.026802;0.0008352;0.005659;0.0014638;0.0058389;0.0011233;0.00016618;0.00049245;0.026064;6.3886E-05;0.0034078;0.013971;0.0045025;0.001841;0.028898;0.0060227;0.00059748;0.00094443;0.0014926;0.014062;0.027762;0.010502;0.021304;0.002841;0.0052704;0.011614;0.0029739;0.00053614;0.0016647;0.00033801;0.013728;0.0086078;0.018833;0.0099281;0.027226;0.027051;0.0163;0.0019289;0.021918;0.028553;0.0035668;0.00015129;0.00113;0.0036299
9;1.0054;1316.6;2;0.85;0.5;50;50;Manhattan(Summation);0.00027149;0.012863;0.013871;0.00020764;0.024249;0.0019273;0.0017849;0.026605;0.0046117;0.0072968;0.00074649;0.0040528;0.029726;0.0016946;0.029962;0.0097371;0.00053461;0.0035314;0.0015561;0.0010496;0.00076125;0.01928;0.028749;0.0016865;0.020053;0.02815;0.02093;0.015027;0.0075169;0.018342;0.0018172;0.020243;0.0018276;0.028997;0.029279;0.029829;0.0079177;0.0023957;0.0065919;0.01754;0.026407;0.028833;0.0025892;0.0071345;0.0058928;0.0044149;0.0084174;0.014822;0.0055343;0.009816;0.016083;0.022444;0.018293;0.00010693;0.0021502;0.00092688;0.0015855;0.0025042;0.00023494;0.0013992;0.015838;4.2315E-05;0.0013729;0.022411;0.012361;0.002322;0.026598;0.0027528;5.6168E-06;0.014493;0.0011188;0.0034836;0.01776;0.0019657;0.019163;0.0011243;0.0053734;0.019571;0.0042026;0.0106;0.0056651;0.0019675;0.0039128;0.01646;0.019474;0.00032465;0.0017544;0.027343;0.022808;0.00071416;0.017211;0.029575;0.0023103;0.0015056;0.002532;0.0010771
10;1.0072;1.0782;2;0.85;0.5;50;50;Manhattan(Median);0.0017039;0.00070518;0.018813;0.0047462;0.020067;0.0020488;0.013792;0.0035586;0.007068;0.015681;0.0096353;0.010771;0.013665;0.0088763;0.0022572;0.019323;0.0069636;0.0039011;0.013356;0.0033974;0.0076592;0.013008;0.013262;0.017288;0.014812;0.020993;0.019259;0.016067;0.016876;0.002384;0.0031117;0.0046656;0.0017495;0.0098736;0.01019;0.0036411;0.0045973;0.020627;0.017614;0.018612;0.016244;0.01126;0.0029339;0.0093014;0.017879;0.0061427;0.019716;0.020884;0.00069737;0.015327;0.0029939;0.0042467;0.012941;0.007056;0.010068;0.0021685;0.0087507;0.0089882;0.019488;0.014089;0.002896;0.0038114;0.009734;0.015641;0.018182;0.0026755;0.014989;0.020605;0.0084073;0.010101;0.020415;0.0069042;0.00044356;0.016522;0.012076;0.014746;0.014638;0.00855;0.0074465;0.0081224;0.012095;0.0050521;0.0031387;0.020524;0.0095334;0.0014601;0.020984;0.017164;0.01549;0.0041917;0.0019232;0.010244;0.016912;0.0019855;0.012299;0.0023013
11;1.0078;1.0788;2;0.85;0.5;50;50;Manhattan(Median);0.0046917;0.012247;0.01603;0.0043018;0.013706;0.013501;0.00035679;0.019946;0.010268;0.019273;0.019529;0.019303;0.01141;0.018903;0.020247;0.007721;0.0014698;0.0098738;0.020601;0.00087476;0.002842;0.015653;0.01362;0.014795;0.020222;0.0090347;0.014755;0.0012152;0.016243;0.011358;0.014395;0.0044943;0.0026471;0.017855;0.016154;0.0021199;0.0047617;0.018405;0.017411;0.017649;0.013429;0.017851;0.0076283;0.0069945;0.0089551;0.0021457;0.0018322;0.019661;0.005804;0.01408;0.0082845;0.0087899;0.0043459;0.0041356;0.0075815;0.0015413;0.01793;0.0037147;0.0097019;0.0041664;0.0037147;0.0074446;0.010568;0.015154;0.010377;0.0078558;0.0046884;0.020925;0.002275;0.0073745;0.011158;0.011911;0.00068038;0.0034875;0.018578;0.016901;0.0074268;0.0034781;0.0047606;0.013395;0.016059;0.011087;0.011558;0.00069039;0.018561;0.014441;0.0036278;0.011769;0.021111;0.00025704;0.020084;0.0055975;0.018053;0.00044179;6.924E-05;0.015984
12;1.0089;1.08;2;0.85;0.5;50;50;Manhattan(Median);0.0087021;0.0025906;0.016657;0.0042346;0.0091848;0.017242;0.0046886;0.017422;0.0085257;0.0028681;0.018898;0.0068093;0.017762;0.0025971;0.014396;0.011429;0.0047757;0.00062561;0.013246;0.002241;0.0059966;0.01106;0.013905;0.0062046;0.013926;0.0065896;0.0082897;0.0046879;0.017647;0.0050057;0.0061172;0.0053635;0.012236;0.020123;0.00076978;0.011603;0.015629;0.018361;0.014015;0.017751;0.019566;0.012604;0.0065861;0.016508;0.017694;0.0028507;0.017765;0.0023833;0.014788;0.01291;0.0067419;0.0075876;0.0085372;0.0058252;0.010511;0.0039663;0.015948;0.0006046;0.01567;0.017952;0.016416;0.0014757;0.0016123;0.01882;0.012291;0.0010398;0.015775;0.012117;0.0060844;0.0034784;0.012202;0.017772;0.0072566;0.010156;0.011048;0.0062737;0.012619;0.0020053;0.0044532;0.0063381;0.018587;0.010409;0.018029;0.0023674;0.013632;0.012883;0.016549;0.019113;0.015405;0.0020281;0.015511;0.017523;0.012253;0.0076752;0.0092588;0.01237
13;1.0329;1.0363;2;0.85;0.5;50;50;Manhattan(MinimumTimesMedian);0.017509;0.010323;0.01818;0.016763;0.011021;0.0028446;0.00705;0.0060965;0.001961;0.010385;0.017315;0.0072317;0.0053838;0.015662;0.0084379;0.0036002;0.01599;0.012115;0.00085266;0.012319;0.01766;0.0055266;0.012419;0.018905;0.0089445;0.0024758;0.017786;0.0034747;0.021658;0.021071;0.005381;0.013834;0.0089971;0.012162;0.013721;0.010165;0.0058413;0.010135;0.0055736;0.010994;0.0034437;0.0040887;0.0030132;0.015023;0.010271;0.0057132;0.015084;0.014756;0.012238;0.0064942;0.011035;0.0077969;0.0079453;0.0096234;0.019423;0.012472;0.014536;0.01153;0.014052;0.0087327;0.015012;0.0064779;0.012752;0.00727;0.01036;0.0081281;0.0076215;0.014456;0.0046512;0.0079749;0.010532;0.0016804;0.016749;0.015281;0.010616;0.015823;0.0088617;0.0033636;0.0050258;0.015248;0.011301;0.018714;0.0054726;0.0042117;0.010692;0.012171;0.0051268;0.011617;0.011252;0.0056948;0.0041195;0.0077771;0.0086143;0.021552;0.012725;0.016036
14;1.0359;1.0393;2;0.85;0.5;50;50;Manhattan(MinimumTimesMedian);0.0021771;0.0079955;0.01316;0.013343;0.0084905;0.0092908;0.011158;0.0071425;0.0088559;0.018711;0.0083428;0.0036801;0.012607;0.014333;0.015852;0.012382;0.01855;0.01015;0.014516;0.0090809;0.008796;0.0042255;0.015196;0.01044;0.012999;0.012559;0.013596;0.017127;0.01744;0.0093418;0.0021285;0.019655;0.012657;0.0031821;0.012987;0.01161;0.0054876;0.012561;0.0045557;0.0052195;0.0041579;0.0097095;0.010076;0.014351;0.0054914;0.0080788;0.019043;0.01015;0.012322;0.014308;0.0060107;0.016722;0.015066;0.0035821;0.0066344;0.017306;0.0060039;0.0055426;0.0096805;0.0087491;0.007633;0.0080718;0.0026994;0.014358;0.010056;0.010807;0.0016325;0.014893;0.00044097;0.016785;0.011631;0.007456;0.013598;0.014256;0.0021783;0.016826;0.0048894;0.012918;0.0070513;0.015274;0.018379;0.0085635;0.0054167;2.2336E-05;0.016605;0.015572;0.0051599;0.0030814;0.008331;0.014234;0.017306;0.0083714;0.01044;0.018906;0.0074162;0.014176
15;1.0369;0.97189;2;0.85;0.5;50;50;Manhattan(Minimum);0.017293;0.011355;0.014016;0.019338;0.014881;0.0097336;0.01725;0.0041611;0.018747;0.012063;0.012592;0.014103;0.016878;0.019026;0.014439;0.010806;0.016899;0.0090498;0.0025084;0.0063406;0.0032122;0.015282;0.017181;0.0099646;0.0011061;0.011554;0.016488;0.0016645;0.013908;0.01411;0.013794;0.014097;0.0067919;0.0034658;0.011544;0.016834;0.0040853;0.0058598;0.0030761;0.01169;0.0067518;0.0022234;0.0054426;0.0086596;0.013927;0.0093051;0.0039951;0.015131;0.0090824;0.016959;0.0012706;0.0071021;0.012695;0.0044936;0.018109;0.0094762;0.014226;0.010637;0.0070304;0.0042858;0.016263;0.0053024;0.0060316;0.0032533;0.013071;0.010874;0.013387;0.0075598;0.0042541;0.0043399;0.015871;0.0055984;0.017927;0.017956;0.014514;0.010574;0.0027803;0.0043442;0.011933;0.0015506;0.013606;0.0020643;0.0074419;0.010472;0.013125;0.015402;0.0074432;0.001882;0.012516;0.0070987;0.015021;0.014801;0.018335;0.0068433;0.017197;0.011376
16;1.0386;0.97342;2;0.85;0.5;50;50;Manhattan(Minimum);0.0075157;0.015088;0.015509;0.011674;0.013222;0.0049244;0.017044;0.0023191;0.0060073;0.014386;0.011336;0.015772;0.01464;0.015767;0.0057703;0.015752;0.014477;0.014183;0.0097643;0.0080542;0.018561;0.0086323;0.010821;0.012395;0.005157;0.017575;0.0079613;0.0033002;0.015931;0.012828;0.014749;0.010383;0.0014882;0.006341;0.006965;0.011851;0.0086284;0.013876;0.012302;0.010147;0.0079854;0.01365;0.0085272;0.014702;0.0026712;0.012296;0.014225;0.011415;0.015272;0.017432;0.017192;0.017019;0.015268;0.010906;0.010941;0.011826;0.011556;0.015628;0.013284;0.0095876;0.0038387;0.0044613;0.00535;0.013102;0.0059282;0.0041669;0.010001;0.013461;0.0075775;0.014099;0.0049618;0.0068965;0.011264;0.016334;0.012306;0.0182;0.0057907;0.009113;0.014131;0.0011355;0.018251;0.010502;0.0037298;0.0048619;0.0097188;0.0030246;0.011155;0.0041152;0.0078166;0.0023724;0.0051542;0.015129;0.0025539;0.0084307;0.0060796;0.010503
17;1.0393;0.97409;2;0.85;0.5;50;50;Manhattan(Minimum);0.017724;0.010258;0.011821;0.013539;0.018532;0.018761;0.013112;0.01054;0.0043767;0.014635;0.011079;0.0050787;0.0077001;0.014563;0.014857;0.0032769;0.016508;0.0099838;0.004764;0.0028044;0.011475;0.00039063;0.018649;0.017383;0.00044729;0.011506;0.005476;0.0054024;0.016598;0.010615;0.012629;0.015507;0.018261;0.0079753;0.011259;0.015048;0.00031107;0.017813;0.0094519;0.014279;0.014828;0.011465;0.010311;0.012158;0.011791;0.017862;0.011364;0.0026382;0.0023827;0.0041013;0.0046256;0.017365;0.014592;0.0028737;0.012953;0.015168;0.0056285;0.009806;0.0061858;0.0095036;0.0095403;0.01681;0.014926;0.010565;0.011141;0.017565;0.0033868;0.016382;0.0034694;0.0024809;0.007008;0.0048785;0.0070315;0.016;0.010492;0.009852;0.012331;0.001179;0.011215;0.0086738;0.017861;0.0088935;0.0064198;0.0017159;0.015695;0.00326;0.0097213;0.0057763;0.014152;0.00013886;0.016468;0.018338;0.014009;0.0088577;0.011652;0.010123
18;1.0422;1.0457;2;0.85;0.5;50;50;Manhattan(MinimumTimesMedian);0.0020736;0.016109;0.013584;0.011256;0.014958;0.016326;0.007633;0.004941;0.0078654;0.006399;0.010909;0.0093343;0.018069;0.017572;0.0096081;0.003988;0.011453;0.0015578;0.009795;0.0018643;0.019274;0.010952;0.014773;0.012937;0.01231;0.012186;0.017265;0.008711;0.017975;0.018593;0.0094449;0.016458;0.0092431;0.0082307;0.014564;0.014546;0.0099455;0.0096303;0.0085891;0.004374;0.0053285;0.0066777;0.0017777;0.017634;0.0038743;0.0065173;0.0047488;0.011246;0.0075954;0.014203;0.0098423;0.014695;0.014014;0.0046976;0.011693;0.010849;0.012366;0.0064148;0.0076351;0.013284;0.0054278;0.0086443;0.0087702;0.011171;0.012422;0.017188;0.01513;0.01685;0.015039;0.0096888;0.011653;0.0098732;0.0069688;0.012579;0.0053295;0.013374;0.008986;0.0011127;0.016024;0.0065247;0.018035;0.0060849;0.0094954;0.0052037;0.0014541;0.011208;0.014777;0.0061693;0.014447;0.010157;0.014789;0.013002;0.010845;0.0091831;0.0078369;0.0041672
19;1.374;0.15241;2;0.85;0.5;50;50;Euclidean(Minimum);0.0093734;0.018828;0.021175;0.00020137;0.011629;0.0010776;0.013408;0.0060673;0.00012091;0.020848;0.0017594;0.025046;0.0037917;0.010697;0.0077047;0.0056207;0.0054532;0.011786;0.0023377;0.0041947;0.025512;0.0017485;0.023172;0.017779;0.00019289;0.0011864;0.00052023;0.0025165;0.0062748;0.0058556;0.00082976;0.01924;0.0035992;0.0038712;0.0021899;0.014544;0.0010447;0.0026281;0.00030408;0.0031547;0.025438;0.025426;0.024849;0.0015524;0.00068755;0.023909;0.0025671;0.016578;0.017373;0.025378;0.024171;0.024279;0.024732;0.023537;0.016024;0.021745;0.00063002;0.0074007;0.0025827;0.013874;0.0009773;0.023799;0.0053401;0.0056214;0.00078984;0.02568;0.020767;0.020996;0.0036635;0.025777;0.0043722;0.00052131;0.0021995;0.020637;0.0047432;0.012143;0.023976;0.0087414;0.00010935;0.00033089;0.00097114;0.02286;0.0094915;0.0011166;0.00023591;0.0037043;0.0013212;0.025714;0.003374;0.012656;0.00040714;0.0017354;0.025714;6.2561E-05;0.015227;0.024207
20;1.4214;0.15767;2;0.85;0.5;50;50;Euclidean(Minimum);0.00029443;0.005321;0.023132;0.0071841;0.016844;0.022488;0.025728;0.00044314;0.00073073;0.00039486;0.0046952;0.026014;0.018206;0.00078277;0.025013;0.0055024;0.00021504;0.0019036;0.026486;0.0013995;0.0021412;0.0019563;0.010503;0.022683;0.016024;0.0033996;0.0025253;0.01689;0.005046;0.020226;0.023855;0.00098001;0.0019674;0.0020466;0.026337;0.021138;0.00088808;0.0058495;7.1086E-05;0.0013075;0.00024412;0.026599;0.0011986;0.018025;0.0020484;0.015566;0.019952;0.00071584;0.002011;0.02539;0.00040904;0.026346;0.00044319;0.00015888;0.021917;0.025624;0.002643;0.026911;0.0050101;0.0010757;0.0034482;0.00062647;0.00094738;0.00049107;0.026833;0.0025601;0.019946;0.0081433;0.0052135;8.1247E-05;0.0017557;0.0011289;0.026557;0.0013502;0.026708;0.025458;0.021998;0.0045454;0.001619;0.019712;0.00022239;0.017385;0.0046999;0.014438;0.026755;0.0053148;0.024002;0.00074156;0.01987;0.0039516;0.00635;0.00016168;0.012375;0.0033113;0.019848;0.020548
21;1.4418;0.15993;2;0.85;0.5;50;50;Euclidean(Minimum);0.0019907;7.9937E-05;0.0017026;0.0048476;0.022674;0.012331;4.6492E-06;0.0024478;0.0045536;0.00017857;0.0035113;0.00055164;0.021099;0.0013958;0.013536;1.8845E-05;0.021335;0.015224;0.0010933;0.01862;0.019636;0.0011687;0.026383;0.011443;0.017934;0.021746;0.021383;0.00083022;0.027512;0.00075494;0.025887;0.027424;0.0037279;0.025083;0.0048596;0.02738;0.0249;0.00057386;0.011344;0.0012088;0.026705;0.0001962;0.00091405;4.3792E-05;0.0028578;0.0010989;0.00554;0.0038384;0.0011979;0.0076449;0.001862;0.021901;0.00027704;0.00031575;0.0027741;0.022155;0.013864;0.00080193;0.0041705;0.0023554;0.026568;0.020811;0.00099738;0.00090926;1.5382E-05;0.018205;0.0018556;0.0024141;0.0087897;9.3422E-06;0.00023162;0.0015313;0.0077782;0.021077;0.020438;0.0014161;0.0020268;0.02327;0.0022354;0.00037467;0.022803;0.0021539;0.00069404;0.0042144;0.024297;0.020027;0.025663;0.026458;0.021746;0.005932;0.00079484;0.025556;0.014573;0.027237;0.021022;0.026987
22;1.624;0.23549;2;0.85;0.5;50;50;Euclidean(GeometricAverage);0.009357;0.0013671;4.5726E-05;0.023138;0.0012308;0.0015257;0.00094289;0.0015309;0.011733;0.00090044;0.0011284;8.5679E-05;0.00062242;0.00040172;0.00083187;0.0010621;7.0592E-05;0.0019878;0.028501;0.023103;0.0034769;0.028054;0.00062178;0.011435;0.0018011;0.00083494;0.036389;0.0020741;0.010617;0.00049339;6.5463E-05;0.000685;0.03671;0.00075378;0.0012871;0.036646;0.00032003;0.00055318;0.012611;0.036426;0.0038283;0.0013577;8.8563E-05;0.035953;9.1254E-06;0.036576;0.03708;0.025847;0.0018286;0.025711;0.022453;0.00068382;0.0031506;0.002825;0.035506;0.0019529;0.001583;0.035597;0.0019987;0.0018528;0.003195;0.032933;0.034382;0.00099296;0.0036223;0.0010455;0.026033;0.0046075;0.0014756;0.0017065;0.0018932;0.0019634;0.021259;0.035764;3.9822E-05;0.004012;0.0019757;0.00028795;0.036732;0.000123;0.0010749;0.00011279;0.0030584;0.010622;0.018679;0.00025566;0.033172;0.0047827;0.0055371;0.0023541;0.032696;7.9513E-05;0.00026572;0.0013875;0.027885;0.036691
23;1.6938;0.24561;2;0.85;0.5;50;50;Euclidean(GeometricAverage);0.00070203;0.031668;0.008962;0.031843;0.00030581;0.038841;0.0037512;9.2643E-05;0.0021566;0.0027018;0.040436;0.024848;0.040923;0.036873;0.0026984;0.00088771;0.0018509;0.0012821;0.0012846;0.00063288;0.0049442;0.0024171;0.035323;0.0025917;0.00089913;0.002659;0.010566;0.021929;0.030735;0.0019248;5.8237E-05;0.034714;0.0068448;0.001013;0.041303;0.00056437;0.00088983;0.004626;0.0012474;0.041146;0.00090081;0.010025;0.032444;0.036355;0.0024359;0.0010337;0.0025842;0.0033576;0.0045366;0.0018219;0.00013809;0.0015078;0.0017098;0.0022182;0.0033942;0.0029671;0.040624;0.0016833;0.0010115;0.0020619;0.013706;0.0022735;0.0062662;0.0030793;0.00091186;0.03978;0.0035633;0.00010173;0.0016175;0.0018376;0.0017754;0.00036536;0.00062528;0.0055543;0.040076;0.00073559;0.002417;0.0013493;0.0041106;0.039042;0.0003642;0.039194;0.0010829;0.040864;0.0023489;0.0024758;0.017459;0.0021686;0.039864;7.2199E-05;0.0018519;0.0029997;0.00078045;0.0017732;0.0026578;0.0029087
24;1.7078;0.24832;2;0.85;0.5;50;50;Euclidean(Average);0.0010806;0.037634;0.00019247;0.04039;0.037464;8.56E-05;0.033098;0.0021424;0.00063936;0.00031359;0.0018257;0.00036186;0.00085416;0.00070701;0.00053308;0.011794;0.00122;0.035927;0.0069152;0.0030973;0.00068854;0.003361;0.0071364;0.0006512;0.032685;0.035974;0.0030865;0.0028421;0.0031448;0.0010395;0.0068459;0.0025386;0.00070465;0.010753;0.011316;0.03862;0.036809;0.039251;0.00048912;0.003928;0.040065;0.039239;0.0032674;0.033584;0.00071148;0.0012984;0.035383;0.039555;0.0046455;0.0026324;0.00088803;0.0012282;0.0004706;0.024245;0.035274;0.010089;2.2275E-05;0.0017479;0.0013445;0.039925;0.00064549;0.0058335;0.004617;0.0040306;0.00025519;0.03717;0.036716;0.0025293;0.0016261;0.0028304;0.0050075;8.0953E-05;0.0025012;0.00066719;0.0036808;0.0021225;0.00018617;0.0016281;0.0028909;0.0002969;0.040668;0.00046794;0.002288;0.00214;0.0027523;0.0027647;0.0011129;0.00018964;0.0020105;0.0048274;0.036395;0.0093732;0.0023239;0.0030829;0.00025271;0.00028118
25;1.727;0.25111;2;0.85;0.5;50;50;Euclidean(Average);3.3712E-05;0.016689;0.0040335;0.0027108;5.853E-05;0.0064958;0.00040423;0.032188;0.0074991;0.027257;0.009245;0.010581;0.00049846;0.042673;8.0064E-05;0.013776;0.00044251;0.040291;0.004375;0.0059692;0.00080871;0.00049823;0.0050885;0.00091635;0.0015955;0.0034231;0.0088475;0.00059878;0.00035769;0.00091544;0.012313;0.023716;0.0057879;0.0019627;0.00041111;0.0357;0.03268;0.0032026;0.00053789;0.00017986;0.00057679;0.00092281;0.04252;0.0043888;0.0075416;0.042358;0.0014395;0.0013613;0.014963;0.0020141;0.041726;5.2164E-05;0.0034;0.039654;0.0018072;0.0011557;0.0020232;0.0069461;0.0005093;0.0002915;0.0075161;0.0019888;7.1563E-05;0.00035738;0.0047775;0.0013396;0.042015;2.1184E-05;0.039516;0.0018741;0.03939;0.042248;0.0010029;0.0056135;0.0065481;0.00098037;0.038548;0.007551;0.042525;0.042703;0.0021887;2.114E-05;0.0031419;0.001241;0.00082081;0.032636;0.042746;0.00025453;5.4806E-06;0.00035918;0.002242;0.0010986;0.0011503;0.0013184;0.0012833;0.002414
26;1.7299;0.25085;2;0.85;0.5;50;50;Euclidean(GeometricAverage);0.0042507;0.006827;0.0057163;0.0017619;0.0014078;0.0020982;0.048169;0.00058104;0.04946;0.001074;0.050537;0.0020109;0.00087797;0.044424;0.0010823;0.0020032;0.0014839;0.0070007;0.0044046;0.0017133;0.0095972;0.0062872;0.006943;0.0017494;0.001117;0.0035252;0.00085861;0.0080258;0.002662;0.0060221;0.0031637;0.00043132;0.046592;0.0064439;0.0072044;5.0521E-05;0.011917;0.000829;0.0015405;0.0014103;0.00043185;0.0054056;0.00081269;0.0049742;0.0091834;0.017932;0.0014019;0.0049549;0.0079188;0.00011182;0.0023867;0.0042428;0.0050862;0.002235;0.00044252;0.0020182;0.0041066;0.038528;0.0019228;0.0039447;0.025394;0.04017;0.00026073;0.0019856;0.022317;0.049718;0.0038552;0.010843;0.04304;0.00032455;0.0012219;0.0063979;0.050249;0.0010132;0.010232;0.0021001;0.00068996;0.02878;0.014261;0.001503;0.0074719;0.00074706;0.0010712;0.0023306;0.041237;0.00048581;0.0018666;0.0039348;0.004804;0.044885;0.0052496;0.0029944;0.04305;0.0020688;0.041348;0.00080263
27;1.735;309.04;2;0.85;0.5;50;50;Euclidean(Summation);0.0021559;0.0069115;0.0031079;0.00042564;0.00020316;0.0064345;0.00064281;4.1237E-05;0.045737;0.008091;0.0033769;0.028554;0.012017;0.00060219;0.00034335;0.0016481;0.026206;0.00042419;0.0020581;0.00011789;0.0016061;3.1379E-05;0.0019548;0.002033;0.001137;0.00045975;0.0041167;0.0042081;0.00049955;6.9234E-05;0.0002609;0.046714;0.045956;0.0075542;0.0039215;0.0083119;0.026029;0.00050785;0.00037847;0.002122;0.0050367;0.035836;0.0043077;0.015279;0.014446;0.0011846;0.0010142;0.0095551;0.0098083;0.00073342;0.003938;0.00019837;0.012553;0.0049317;0.0093815;0.0057081;0.037629;0.00020149;0.0070359;0.0027672;0.0013287;0.04217;0.0085839;0.045653;0.00035971;0.00076954;0.0015485;0.0014726;0.00086923;0.00069548;0.0024458;0.000599;0.042148;0.0019343;0.0029013;0.00086326;0.043167;0.006113;0.044852;0.034668;0.0015287;0.0019779;0.040309;0.015816;0.002071;0.0036003;0.045612;0.0015875;0.002744;0.0077365;0.045211;0.0070491;0.0017582;0.04691;0.0014127;0.0030176
28;1.7432;0.25346;2;0.85;0.5;50;50;Euclidean(Median);0.039792;0.00081842;0.0052861;0.00045468;0.015072;0.0041637;0.0045576;0.047861;0.0012389;0.0064553;0.0029801;0.049128;0.00092567;0.0037597;0.00080333;0.00017845;0.0060312;0.01203;0.048342;0.02696;0.0038741;0.0030701;0.00032781;0.0051019;0.0027505;0.0052311;0.010115;0.0033076;0.0066253;0.0064456;0.029844;0.0044598;0.048271;0.0012184;0.023655;0.00041411;0.0058844;0.0024506;0.048083;0.00075959;0.0041355;0.0021235;0.0041309;0.00052198;0.00064269;0.00099909;0.0085373;0.049446;0.0026168;0.00014854;0.021057;0.0024961;0.0043498;0.001586;0.00017607;0.0017192;0.049598;0.0017002;1.8876E-05;0.0023752;0.0013275;0.0029065;0.046472;0.0088759;0.00010031;0.0028149;0.0021994;0.0013152;0.00025494;0.0094528;0.003244;0.011363;0.014012;0.001094;0.0040122;0.0026345;0.00094014;0.00012472;0.00033009;0.0015671;0.0045317;0.0052003;0.026047;0.00054542;0.030458;0.0046784;0.048901;0.045553;0.0008251;0.00042241;0.013353;0.0015035;0.001212;0.046309;0.0063002;0.0020103
29;1.7496;311.65;2;0.85;0.5;50;50;Euclidean(Summation);0.03948;0.003915;0.0070587;0.0014428;0.00077949;0.00072676;0.042548;0.00080113;0.0025498;0.0038709;0.038941;0.0012646;0.041958;0.006585;0.0033661;0.0051382;0.0025369;0.038181;0.040392;0.04244;0.0015369;0.0027138;0.00055858;0.004913;0.042609;0.0034359;0.0018361;0.0070831;0.0015053;0.002036;0.037423;0.0012722;0.0031538;0.0038243;0.015941;0.0022993;0.00098671;0.0037677;0.00013659;0.013598;0.041939;0.0033848;0.0069897;0.0030685;0.0004571;0.00062025;0.038476;0.0033178;0.033886;0.0013636;0.0026208;0.00098707;0.0032781;0.0010655;0.042144;0.040901;0.00072984;0.00035445;0.00085817;0.0012029;0.034581;0.0012314;0.00087675;0.00070003;0.00064296;0.00082172;0.00099339;0.0015247;0.0045514;0.040726;0.035989;0.0053382;0.003867;0.0015472;0.00066215;0.0010977;0.0011804;0.00055529;0.00012726;0.00036406;0.0029611;0.0012844;0.0027085;0.0065499;0.041166;0.0019646;0.00014527;0.0031167;0.032145;0.032766;0.0022895;0.0013609;0.00036064;0.00094489;0.00089926;0.029707
30;1.7513;0.25463;2;0.85;0.5;50;50;Euclidean(Median);0.010809;0.0018828;0.00047452;0.0017119;0.030387;0.0013392;0.0038729;0.045998;0.00074972;0.0021149;0.0010906;0.042821;0.032904;0.0010111;0.0019833;0.047766;0.00016104;0.00018335;0.0010272;0.0043787;0.0052075;0.005467;0.0022474;0.001057;0.04792;0.0067924;0.047062;0.00028508;0.00071045;0.0003511;0.0025192;0.0042538;0.047765;0.0021441;0.0061174;0.00059899;0.0010238;0.0015939;0.033612;0.0050313;0.00014724;0.0063977;0.0027859;0.0048485;0.003441;0.0070365;0.047587;0.0046665;0.0016641;0.0010333;0.0029195;0.0018514;1.5154E-05;0.0049068;0.01764;0.0047865;0.0019102;0.0035892;0.0013065;0.0027614;0.0010352;0.0070616;0.036098;0.0004577;0.0010678;0.009414;0.0046769;0.030815;0.044775;0.0030741;0.00017181;0.04654;0.0078424;0.0066057;0.0031411;0.012447;0.001239;0.0083373;0.0031892;0.0017803;0.00054583;0.0011343;0.0028515;0.00016339;0.042883;0.042763;0.020567;0.0082956;0.0018003;0.048033;0.0091076;0.0086674;0.0025072;0.0035202;0.0001697;0.0015016
31;1.7694;0.25729;2;0.85;0.5;50;50;Euclidean(Average);1.7421E-05;0.0017041;0.003477;0.045912;0.00014156;0.0080313;0.0019153;0.00025954;0.0056615;0.0075336;0.035153;0.00062655;0.012207;0.0050124;0.0026506;0.0029997;0.0063597;0.0422;0.0011762;0.043933;0.0059053;0.0018825;0.0064779;0.046835;0.0079375;0.0029346;0.0019345;0.0035898;0.005488;0.0061126;0.041837;0.0041608;0.045657;0.0038168;0.0083516;0.032477;0.0027441;0.0006751;0.007838;0.045411;0.0018247;0.046841;0.0020284;0.0055096;0.00063295;0.003194;0.0010127;0.0017155;0.043288;0.0043685;0.0022296;0.045292;0.0047317;0.00059276;0.0023758;0.010429;0.0044698;0.0037453;0.0069406;0.018287;0.00013958;0.00072891;0.00015147;0.0035019;0.001048;0.039572;0.00066314;0.0022158;0.032733;0.00034554;0.0011407;0.045855;0.0027835;0.00094845;0.0037238;0.0447;0.0033397;0.0017517;0.001058;0.0015888;4.9335E-05;0.00030762;0.0007482;0.00024556;0.003312;0.002494;0.0040977;0.0012302;0.00011418;0.026133;0.00098442;0.00047159;0.002446;0.0044716;0.045993;0.00036614
32;1.7973;320.14;2;0.85;0.5;50;50;Euclidean(Summation);0.04662;0.0055403;0.0088722;0.004371;0.025563;0.0026874;0.00037419;0.0011339;0.045494;5.86E-05;0.002149;0.016024;0.00045287;0.0091099;0.0020099;0.04354;2.1401E-05;0.0087276;0.003503;0.00027898;0.010503;0.0012327;0.0048786;0.047706;0.0012312;0.021244;0.0020449;0.0031634;0.00036092;0.0054566;4.0355E-05;0.034381;0.0027449;0.0019852;0.046348;0.0015443;0.0055748;0.029331;0.0055565;0.046094;0.0057796;0.00054968;0.0015323;0.0032292;0.0021672;0.00047536;0.046533;0.0027929;0.0011693;0.041204;0.048878;0.0010465;0.00074792;0.0033749;0.0042613;0.00012247;0.04064;4.539E-05;0.00044389;0.0028151;0.038518;0.0030497;0.0050575;0.0011829;0.0023189;0.0076498;0.00093893;0.0078229;0.00032353;0.0026408;0.0010684;0.041528;0.00071893;0.00011802;0.00039815;0.0021385;0.0028085;0.0045534;0.0030162;0.0026519;0.0031657;0.00081483;0.00074821;0.0006528;0.0075645;0.0019753;0.0005397;0.00015507;0.003431;0.0074813;0.0041024;0.04122;0.0013782;0.00010845;0.044561;0.04784
33;1.8476;0.26863;2;0.85;0.5;50;50;Euclidean(Median);0.0034195;0.00017805;0.023142;0.0036975;0.049814;0.047681;0.0068643;0.0029732;1.0886E-05;0.00052996;0.02607;0.044225;0.0030427;5.3787E-05;0.00046532;0.00063406;0.00089613;0.00072046;0.00073231;0.0014782;0.00046346;0.032449;0.017247;4.018E-05;0.041335;0.048358;0.0011217;0.0036727;0.0020402;0.00064186;0.0022376;0.0010745;0.0035241;0.011806;0.0030965;0.01361;0.00061821;0.0027179;0.00022015;0.0021363;0.00094033;0.049514;0.0024008;0.048903;0.0051983;0.0028374;0.0033617;0.011333;0.00029562;0.00092764;0.0012367;0.0059104;0.0041503;0.00037419;0.0062367;0.01264;0.0032623;8.7407E-06;0.00033158;0.035091;0.0034315;0.00076295;0.0018019;0.00036456;0.0070298;0.003377;0.047892;0.00074566;0.0021353;0.042694;9.814E-05;0.0077328;0.00099571;0.0038913;0.022314;0.0018399;0.0012933;0.0023943;0.00091315;0.0002781;0.0019994;0.0013012;0.00014238;0.046687;0.0023338;0.00046481;0.046714;0.0025227;0.0020759;0.050111;0.0028658;0.043438;0.045326;0.00064267;0.00041214;0.00098514
34;2.0357;0.032832;2;0.85;0.5;50;50;Euclidean(MinimumTimesMedian);0.030129;0.030632;0.029965;0.0039159;0.0031493;0.0015352;0.014215;0.02517;0.00015212;0.03111;0.00025836;7.2031E-05;0.015613;0.00095115;0.0050116;0.0024517;0.0048838;0.0055659;0.0025172;0.0025147;0.030956;0.0053601;0.0087481;0.0028486;0.0003014;0.0013588;0.0011317;0.0039605;0.0039584;0.02994;0.00049383;0.0031673;0.00037507;0.018479;0.0053631;0.0025122;0.014872;0.0029104;0.00011672;0.0046576;0.0014204;0.026624;0.026675;0.026571;0.00046094;0.0021433;0.0037535;0.0010923;0.019193;0.00052723;0.00089157;0.030571;0.013602;9.8815E-05;0.018093;0.00065489;0.00027481;0.025511;0.0022408;0.00057469;0.0041679;0.019176;0.030383;0.0040942;0.0028133;0.00081198;0.014394;0.029212;0.029344;0.0026348;0.025308;0.028894;0.00072899;0.020106;0.00079053;0.0094591;0.00081245;0.0014588;0.0085309;0.00010403;0.0004645;0.03011;0.027037;0.0092959;0.00019805;0.0010908;0.029967;0.029962;0.029928;0.015906;0.0050965;0.024858;0.00055436;0.003279;0.0010425;0.0056871
35;2.214;0.035708;2;0.85;0.5;50;50;Euclidean(MinimumTimesMedian);0.0034431;0.029529;0.00051514;0.00071975;0.034103;0.01339;0.0031382;0.00023339;0.0071294;0.0024723;0.00055534;0.031503;0.00065512;0.027787;0.013614;0.00081325;0.00037824;0.0019141;0.00015651;0.00093736;0.032436;0.0033045;0.033314;0.0050565;0.0042993;0.034196;0.005358;0.00018376;0.0060768;0.0019662;0.034159;0.029907;0.024495;0.033181;0.034226;0.0045445;0.029052;0.0013355;0.0013466;0.026467;0.0010795;0.0011397;0.0049656;0.00094475;0.024529;0.0027526;0.0050405;0.00017187;0.00031775;0.0014457;0.031958;0.0042479;0.0048479;0.0094102;0.026723;0.0031571;0.0011941;0.03252;0.0056293;0.0096138;0.029719;0.0043714;0.00025397;0.028608;0.0036558;0.0045509;0.0028346;0.0011899;0.00086205;8.5964E-05;0.027985;0.0016703;0.00026321;0.0020602;0.0052997;0.00077454;0.0012226;0.0011952;0.0024393;0.010078;0.0014555;0.0019932;0.00040911;0.00012703;0.01947;0.033121;0.0011436;0.00046719;0.0030829;0.00028857;0.032543;0.028616;0.0022599;0.025222;0.029149;0.0019502
36;2.3132;0.037308;2;0.85;0.5;50;50;Euclidean(MinimumTimesMedian);0.0033031;0.0042204;0.0022985;0.0030193;0.035761;0.0093593;0.0035276;0.0012802;0.035455;0.00011895;0.00036726;0.0011881;0.036012;0.032568;0.0037851;0.00063774;0.026203;0.027399;0.00072378;0.0089787;0.0035926;0.0057705;0.00031147;0.0011334;0.00069418;0.0021472;0.027617;0.0014965;3.6904E-05;0.033176;0.004946;0.036203;0.0045352;0.00033813;0.00682;0.0011298;0.00025722;0.035038;0.00077219;0.031505;0.028594;0.0079353;0.0047459;0.0076035;0.017216;0.0041732;0.0013042;0.0020772;0.0005861;0.00023452;0.0023915;0.001156;0.00071754;0.0054754;0.0015221;0.00091785;6.9961E-06;0.00098359;0.00086188;0.0099989;0.00044993;0.036627;0.0011696;0.0014991;0.0025789;0.033372;0.021632;0.00016708;0.0015332;0.00029858;0.0043881;0.0019659;4.478E-05;0.035471;0.0039771;0.0033272;0.00039285;0.00036898;0.0011163;0.0063581;0.024665;0.0025506;0.00029479;0.037077;0.018611;0.0086826;0.0021873;0.024831;0.03656;0.023041;0.025583;0.031162;0.0022369;0.027672;0.0099917;0.035887
population
1;0.2691;0.59886;-1.1341;-0.84449;0.18739;0.43286;-0.95931;0.72124;-2.2373;-0.87453;-0.51483;-1.0636;-0.47201;0.99853;1.1218;-0.0467;-0.5119;-0.93915;-0.72288;-1.5086;-1.1226;-0.56505;-1.6953;0.28873;1.5353;-1.9051;0.17709;-2.1332;0.49956;1.0072;-0.46193;-0.30066;-1.9618;-0.55031;0.032773;1.0496;-1.2447;0.86826;-1.8277;-1.3718;-0.56084;0.98756;0.45717;1.097;-2.3121;-1.8151;0.28214;0.5107;-0.95862;0.040371;-1.5768;0.61638;-1.1606;-0.38315;0.85562;-1.6898;0.12967;-1.5645;0.40116;1.2044;1.3295;0.39255;-0.0094794;-0.84616;0.095671;0.034641;-0.080946;0.35089;0.5807;0.50512;-1.0624;-0.11892;0.48658;-0.59251;-1.1916;0.82853;-1.2544;1.4106;-2.2694;-1.3535;1.3686;-0.43286;1.4048;-1.834;-0.46649;1.4816;0.88732;0.97411;0.48614;0.69283;-0.55303;-0.50511;1.6241;1.3439;-0.7732;0.14306
2;0.24076;-0.69466;0.38104;0.82055;1.5589;-0.58278;1.5232;-1.1571;0.81045;1.5779;-0.74953;-0.20574;-0.67222;0.36332;1.2266;-1.5959;-1.3464;0.052155;-1.4479;1.8218;0.92986;-1.043;0.40133;0.85656;-0.59865;0.68257;-0.26703;0.50172;-0.62687;-1.6887;0.92398;0.11822;1.4381;-0.53418;-1.35;-1.6988;-1.5408;0.094405;-0.37994;0.35836;-0.13122;1.0611;-1.3576;0.46664;0.85477;1.4202;1.1009;1.384;0.96806;0.17361;-0.88373;-0.72397;-1.4398;-0.2529;-0.3248;0.67325;-0.63699;1.7595;-1.1297;0.95616;1.4325;0.22788;-2.0206;0.25125;0.74508;3.0189;0.0077485;-0.15416;0.83181;0.17855;-0.22502;0.51856;1.3459;0.34962;0.8472;-0.58644;0.68348;0.51584;0.23413;-0.2755;-0.84769;0.048155;0.96816;0.10806;0.39216;-0.75836;0.58551;1.1694;0.076807;1.7956;-0.17367;-0.96472;0.34283;0.080822;0.38717;1.0748
3;0.0075769;-0.42159;-0.7766;-0.96868;-0.75521;0.26289;0.18267;0.64377;0.18661;-1.442;0.77761;0.41034;-0.6697;-1.413;-0.34501;-1.5928;0.34732;-0.96421;0.17204;0.18649;1.9306;0.0046398;0.64198;0.38695;0.14525;0.32264;1.1342;-0.58938;-0.51579;-0.8499;-0.13283;0.043103;-0.80505;1.3977;2.1649;-1.1315;-0.45092;-1.9539;0.29938;1.473;-0.45228;-0.60516;0.32614;1.0691;0.062504;0.32989;-1.3366;-0.19596;0.098108;0.30416;-0.14067;0.172;1.8751;-0.3113;1.3858;0.47517;1.961;-0.46022;-0.1902;-0.077917;1.1344;1.8012;-0.18282;2.1734;-1.2145;1.7668;-0.86516;0.81668;-1.2128;-0.18698;-0.26104;-0.63775;0.043924;-0.14919;0.43491;0.017441;0.94691;0.57405;0.30308;0.30099;-0.51969;0.68811;-0.34365;1.8061;1.2371;2.2296;-1.0593;0.64159;2.3287;-2.341;0.41731;0.81717;0.49133;-0.42785;0.61968;1.9984
4;0.030882;-0.19675;0.79634;1.0062;0.21739;0.81205;0.59677;0.57671;1.4384;-0.79115;0.08107;1.6143;-1.0556;0.096241;-1.1894;-1.2983;0.24147;-1.2899;-0.24674;-0.2927;0.75195;-0.58866;-0.16246;0.71061;-1.0952;-0.59444;-0.54861;1.6205;-0.95584;0.61124;0.55293;1.0282;1.0274;-0.69322;0.11916;1.3673;1.9773;-1.1771;1.4834;1.3556;-0.96987;1.3225;-0.6045;-0.26161;0.067247;-0.10243;-1.0161;-0.53982;-0.90381;1.9013;0.37567;0.050817;0.61962;-0.23684;-0.013281;-1.2088;1.3698;0.95577;-0.80804;0.5276;-0.40676;-0.32222;-1.0949;-0.29733;-0.067052;-0.11317;-0.22844;1.5963;-0.03527;-0.068699;-2.7439;-0.46379;-1.9884;1.2823;1.4913;-0.58979;-0.88115;0.56573;-0.35575;-0.13798;-0.27976;0.38675;-0.1276;0.13247;0.19289;-1.7719;0.63238;0.88633;-1.3668;-1.9019;-0.43799;1.0453;0.012212;1.8848;-1.6524;-0.49299
5;0.040779;-0.40839;0.42965;-0.22557;0.28529;1.2534;-1.095;-0.14296;-0.87363;0.77726;-1.5675;1.7268;-2.1616;-1.7699;1.8605;0.48151;-1.0718;-0.96124;-0.26397;0.60273;0.37513;0.3931;-0.75428;-0.5001;-0.44084;-0.29391;0.86554;-0.32122;0.86745;-1.1066;-0.35681;0.60291;0.13065;0.62752;1.7688;0.60319;-0.14435;0.089776;0.22441;1.567;-1.5204;0.24214;-0.32378;0.62859;-0.11012;1.126;-1.5286;0.41162;0.77834;-0.52052;-2.1239;-0.95801;0.82979;-0.34043;0.017111;0.66092;0.4064;1.4467;-0.58712;0.046818;-0.011509;-0.20548;-1.8203;-1.0736;0.023479;-0.53817;0.15358;-0.0031427;-0.93096;-0.24;-1.102;1.7579;0.79148;0.84753;0.91678;1.292;1.0351;0.61897;0.36162;-1.32;-0.85989;-0.66991;1.3132;-0.11101;-0.47515;1.0623;-1.0926;0.88136;1.195;0.71344;-1.3986;0.34148;-1.191;1.3548;-0.10867;-1.1962
6;0.077847;1.0306;0.18446;-1.0049;0.071227;0.098984;0.84976;-0.21686;2.3633;-0.77024;-0.38644;1.1611;0.37844;-0.81934;0.10451;0.8234;0.11293;1.1455;1.1888;0.40668;0.51772;0.13123;-0.31634;-1.3426;1.2162;0.36636;-1.0949;0.39504;-0.0019996;-0.036343;-1.4113;-0.70229;0.16639;-1.58;0.34536;0.28629;-0.39853;0.72226;-0.58174;2.3368;0.57036;-1.2914;-0.15914;2.003;-0.16819;0.31074;1.1884;2.1171;0.22689;-0.20686;-0.91021;-0.57807;-0.35103;-0.6021;1.0609;2.4984;0.17865;-0.70585;0.16509;-1.8717;-0.38283;1.2245;-1.5938;0.56397;-1.1702;-0.64091;0.072144;-0.4662;-0.1102;-0.32611;2.0828;0.84068;1.3607;0.30142;1.0151;-1.5399;-0.24955;-1.7173;0.68766;-0.44282;-0.47247;-0.57326;-0.22945;0.034096;-0.14794;1.1592;-0.75053;-0.65315;-1.738;-0.18847;-1.4365;0.23457;-0.14187;-2.7666;0.17264;0.40408
7;0.056839;0.53702;1.3481;0.05205;-1.2345;1.4798;-1.039;-0.04338;-0.067428;-0.82328;-1.7704;-0.80468;0.39688;-0.43222;0.75709;1.4777;-1.1356;1.4497;-1.9937;0.37971;0.62327;0.8857;-1.522;0.8075;-1.3759;1.1003;0.83005;-1.7235;1.0768;-2.0411;-0.25868;-2.032;-0.97265;0.84274;-1.4657;0.99888;0.2462;0.11281;-0.77975;0.34851;-0.44887;0.73401;0.65744;0.62354;1.3733;-2.1651;-0.6173;-1.5874;-0.95022;0.26195;-0.759;-0.69089;1.344;-0.53607;0.38096;-0.24577;-0.55578;-1.1161;-0.58737;-1.3377;-1.3954;-0.13978;-1.4761;-0.86997;1.3639;-0.61991;1.0677;0.3437;-1.0042;0.7167;0.25448;-0.74422;-1.0616;-1.5952;-0.51029;-0.85623;-0.84319;0.52934;0.43973;0.41842;-0.042223;-0.75188;-1.0472;-1.2177;-0.48351;1.44;-1.6651;2.3555;-0.92299;-0.070099;-0.28154;-1.2345;-2.4057;-0.07022;0.066578;0.3073
8;0.035328;-0.24992;-1.2361;-0.76208;0.37093;0.49003;0.11164;0.28888;0.13014;-1.1048;0.10596;0.65808;0.59586;1.1173;0.097172;-0.28504;-0.94207;0.51102;1.0615;1.8872;-0.26013;0.25017;0.1669;0.28328;-0.055829;0.54147;0.31962;-0.026302;0.61196;-1.8007;-0.81078;1.9895;-0.9849;0.42172;1.0169;-1.8558;0.063337;-0.86015;-0.69197;0.24839;-0.054388;0.42608;-0.45922;-1.5796;0.74237;2.1142;0.72826;-0.11539;-0.60265;-1.9358;1.0335;-0.19838;0.20828;0.11178;-0.83903;0.19349;0.9452;0.52811;0.3119;-0.56194;-0.8072;0.6058;-1.5326;-0.48668;0.11783;-0.74021;-0.044123;-0.22306;-0.11747;0.14433;-0.035363;-0.2592;-0.33741;0.15832;-1.1549;-0.58897;0.58413;0.40809;0.80876;-0.53049;0.068053;-0.25363;-0.37025;-0.32208;-0.78384;-0.67456;0.16937;-0.51505;-1.162;0.086009;-0.54552;-0.60285;0.61614;0.20163;0.55864;0.3369
9;0.5347;0.33034;1.6848;-0.78883;0.62446;0.26841;1.004;-0.0065847;-0.41895;-0.82716;1.1369;-0.41833;0.39102;3.0106;1.0789;0.43915;0.1405;0.78587;-1.2149;1.3359;1.1128;-0.52323;1.5744;0.14721;1.1;-1.3211;-0.43995;0.53643;1.3135;0.96111;0.094848;0.74669;-1.4869;-0.40265;-0.75808;1.0855;-0.53194;-0.92576;-2.4617;-0.25284;1.6959;-0.55512;-1.0945;1.3838;-0.29394;-0.54907;-1.2051;-1.0352;0.47645;0.68396;-0.86867;0.19845;1.9654;0.61046;1.0443;-0.77272;1.526;-0.18729;-0.53773;0.19127;-0.77886;0.69668;0.47414;1.6455;-0.11077;1.1898;-0.4636;-0.91818;-0.8707;-0.18253;-0.623;1.5236;-0.011451;-0.21373;-0.18518;0.20829;-1.0002;0.63084;-0.30735;0.27098;0.17571;2.5733;-0.35489;-0.28431;1.4665;0.3696;0.94017;1.1708;-1.7524;-0.24577;-0.69802;-0.45234;-0.5981;0.85636;0.62051;-0.26588
10;0.19251;0.11304;0.015306;-1.1329;1.3075;0.97395;1.8736;-0.37174;-0.31147;-0.34431;-1.3083;-0.11036;-1.1516;0.37479;1.2643;-0.30172;0.12652;-1.1025;0.89684;-0.14369;0.35303;-0.42316;-0.31412;0.76706;-0.54787;-0.91068;1.1498;-0.22968;-0.43607;-0.015347;-2.5217;-0.36275;-0.068933;-1.6393;-0.59331;0.33271;1.1363;-3.033;0.030436;-0.96569;1.5188;0.93353;-0.6896;-0.52324;0.81901;-0.64708;1.5849;-1.0486;-0.69055;-0.80152;-0.66414;1.5647;0.038771;-0.3958;1.2013;-0.30297;-0.069526;0.29387;-0.55791;2.0662;0.033982;0.068731;-0.82853;-1.081;1.3164;0.93047;1.5383;1.4552;0.22266;-0.88783;1.1119;-0.71842;-0.55155;-0.11857;-0.9666;-0.43191;-0.50314;0.30273;1.9465;0.54435;0.66809;-0.093991;-0.79549;0.69444;0.72431;0.39384;-0.60179;1.7419;1.9821;-0.32033;-0.51459;-0.89399;-0.11956;-0.30247;0.1028;-0.37228
11;0.5685;0.58604;-1.2393;-0.093897;-0.14634;-0.76996;-1.7142;1.331;-0.39009;-0.92573;-2.6553;-0.76329;-0.17015;-0.85922;0.055966;1.8605;-1.3046;0.74717;-0.27872;0.28647;-0.96145;1.4976;-1.8592;0.22404;-0.79531;1.5497;-0.57977;0.37847;-0.12218;1.7762;-0.88732;0.39076;2.1542;0.27192;0.14727;-1.2898;-1.9169;0.20168;-0.51901;1.4099;-0.3092;1.0188;-0.070865;-0.98994;-0.96388;0.1922;-0.73952;0.74383;0.80864;-0.77583;0.51704;-0.21377;-0.078764;-1.5458;-0.30831;-0.22377;0.63406;-0.39589;-0.11783;-0.082794;0.84582;-0.54294;-0.057222;0.068299;2.5502;1.3678;1.7618;-0.047399;0.015686;0.34402;-0.59567;-0.32278;-1.4246;1.1222;-1.8082;-1.0637;-0.0018904;-1.3635;-0.16149;0.67789;1.0438;0.90017;-1.1678;-2.1163;-1.45;0.50876;-0.045084;-0.26156;0.82035;-2.4056;1.8101;-1.7699;0.13191;0.13391;-0.72822;2.4446
12;0.18813;-0.19748;-1.4809;0.20717;-0.30219;0.28893;1.4487;-0.1457;-0.44674;0.54345;0.55211;-0.34285;0.93036;-0.56027;-1.9417;-1.1341;-0.36134;1.8276;-1.2039;0.14157;0.79047;-0.62857;-0.79632;0.19807;0.39177;0.35628;-1.0522;0.52452;0.78119;-0.086299;-0.41618;-0.89081;0.62256;-1.3017;-1.0906;0.63689;0.60236;-1.0802;-0.16317;0.60569;0.60643;1.3415;0.90318;-0.18402;-0.2493;-1.4157;-1.29;-0.38054;0.7216;1.6273;-0.34663;-0.88258;-0.65506;-0.058544;0.68865;-0.48861;0.34072;0.062661;-0.48621;1.1055;2.3924;-0.37939;1.3401;1.3698;0.62844;0.17679;-1.2276;-0.58047;0.23339;-0.38807;0.72935;-1.4079;-0.75379;1.2456;0.024414;0.29206;0.73448;0.3548;0.10928;-0.89582;-0.36659;1.9947;1.2817;-1.5186;0.99479;0.17994;0.24279;-0.77457;-1.0684;-2.3024;-0.89758;-1.4345;-1.2143;0.33487;-0.64599;1.9018
13;0.083588;-1.1412;0.0007864;0.51591;1.9196;-0.45888;0.79747;-0.52401;-0.72851;1.4146;0.073312;1.6782;1.6278;-0.50303;0.61627;-0.39791;0.097249;0.5437;1.293;2.657;-0.99225;1.578;-0.078809;1.4108;-0.93385;0.92263;1.8464;0.41305;-0.88276;0.027028;0.83719;0.56177;-1.9513;1.5067;0.61681;-0.85808;0.24722;-0.57226;1.2057;-0.98772;-0.70086;0.51895;-2.3002;-0.49369;-1.9818;0.4372;0.69174;-0.75441;-0.94691;-0.11502;-1.5901;-0.68149;1.7101;-0.23003;-0.081737;-2.5645;-1.5299;0.083421;-0.19445;-0.7429;-1.3858;-0.92722;-0.20606;0.69764;0.20391;-0.58973;0.32709;0.12809;0.268;1.6243;0.16217;0.62863;0.41175;0.29387;-1.3708;-0.53902;-1.1574;-1.0076;1.3293;0.57469;1.373;-0.57034;0.38218;0.76214;0.60624;1.5055;-2.6217;-0.044526;-1.1581;-1.2652;0.68292;-0.61538;-1.2293;0.25296;0.24931;1.1412
14;0.027184;1.0153;-0.70762;1.2829;1.7587;-0.25325;1.2319;-0.92678;-0.89235;1.1683;-1.9396;0.64916;-0.42213;1.2376;2.0973;-0.59449;-0.55834;0.39794;-0.16361;0.27502;-2.4901;2.5776;-0.95325;1.0199;-0.64791;-1.1522;-1.5202;1.1543;0.56312;0.98167;-0.23269;1.284;0.78502;-1.2465;1.2299;0.62482;-0.25841;-0.11506;-0.80007;0.077634;-0.38117;0.30337;0.10045;1.6496;-0.33209;0.62685;0.065889;0.16412;0.28061;-1.279;-0.36254;0.6474;-1.3527;0.15125;-0.31569;-1.6284;1.5928;0.062088;-0.24501;0.88252;-0.62263;0.12167;-1.9661;-0.90932;-1.4428;-1.1861;-0.65655;0.002024;-0.02834;-0.9515;1.2572;-1.3373;-0.08695;1.265;0.31336;1.4433;0.18257;0.38876;-0.21281;1.7592;0.25214;-0.075796;0.26387;0.12254;0.51896;-0.34025;0.58076;2.0406;1.0923;0.31861;0.23901;-0.44058;-0.20156;-0.41603;0.66263;-1.6389
15;0.14568;0.65382;1.2995;0.33601;0.782;0.15267;0.29836;0.67922;-0.33375;-0.36616;0.81816;0.59272;-0.037814;1.8307;-1.1612;-0.041617;-1.152;0.64297;-1.0785;0.021549;1.9132;-0.55777;1.3448;0.57968;-0.37077;-0.58424;0.69998;-0.88384;0.3321;-1.0565;0.64084;0.4789;-0.63543;1.0579;-0.77965;-0.41722;-1.0352;0.031979;-0.38077;-0.67008;1.0343;-0.2705;0.34332;0.98808;-1.451;-0.08006;2.6713;-0.19477;-0.11983;0.077759;0.20247;0.17477;-0.67104;-0.65709;0.053233;-0.23872;-0.66134;1.2238;0.24093;0.95457;-0.75387;0.38362;-1.0952;0.26694;0.017887;-0.11681;0.28512;1.2391;0.1998;-0.71825;-2.352;-0.17552;-1.048;0.22966;-1.1836;1.1009;0.65948;-1.1061;-0.90218;1.2107;0.8451;0.52803;2.6725;-1.4225;-1.1997;-2.1375;0.32826;-0.74191;1.3971;0.34776;-0.049526;0.34991;-1.4641;0.40119;-1.1263;3.1614
16;0.13584;1.0955;0.38492;-0.10805;0.51564;0.6109;2.9828;0.24135;1.7813;-1.6873;-0.02171;1.2985;0.39802;-1.2542;1.2766;-2.594;-0.47069;0.11726;0.79897;-0.58142;-0.30081;0.86973;1.7296;-0.40811;0.33459;-0.16225;-2.6257;-0.68791;-0.46998;-0.75215;2.2869;-0.44327;0.41371;1.4318;1.5755;0.80105;0.80558;-0.89952;-1.2295;0.26493;-0.12209;1.309;0.22417;-1.0048;0.1545;0.41213;0.42069;-0.63766;-0.8965;0.55617;0.3435;1.9091;2.2107;-0.98859;-1.2075;-0.56095;0.31363;-0.4571;0.16651;0.51696;0.4079;2.1708;-0.67528;0.045015;-0.69995;0.34391;0.71589;0.46771;1.0509;-0.40807;1.2843;2.2205;0.074298;1.6268;-0.73963;-0.53786;-0.090001;0.025545;-0.45428;0.11962;-1.1366;-0.045665;-0.53496;0.54822;0.82948;-0.7167;-0.064872;2.0161;1.2234;1.7118;0.13499;0.77684;0.44946;2.2362;-0.075563;0.5107
17;0.016124;0.12239;1.0404;1.4715;0.52284;0.87652;-1.2183;-0.75303;1.5978;1.4103;0.46215;1.147;0.42952;0.26314;-0.24087;1.6531;0.17632;-0.022092;-0.47465;-2.1644;0.80512;0.096334;-1.4613;0.18889;-0.77228;1.2685;-0.050944;-0.020029;0.18472;1.1662;2.6499;1.4831;-1.9542;-0.88552;-1.0747;-0.88941;0.29;-1.2704;1.3687;0.32501;-0.51203;-0.062878;0.05734;-2.7837;0.48828;0.0070023;-0.5607;0.25183;0.88432;-0.39651;0.28983;-1.2272;-2.5528;-1.4365;1.1367;0.043029;0.031872;-1.2608;-1.1734;0.32926;0.60519;1.6739;-0.65102;-2.0977;-1.5223;-0.91803;1.5971;-1.5567;0.50903;-0.11565;3.1116;-0.80738;1.1948;-0.23404;-0.92;-0.7041;1.9137;2.0367;0.52912;0.25372;0.27804;2.0496;-0.80466;1.3812;-2.1419;-1.388;-0.61724;0.97758;-0.74129;-0.36635;0.44952;0.60152;-0.19359;-0.63908;1.3912;1.2454
18;0.022673;0.52726;0.088302;0.015445;1.1663;-1.3866;-0.0010058;-0.34068;0.74638;0.94106;0.2608;0.41634;-0.37976;-0.30121;-1.3392;0.26189;-0.40435;1.1533;-0.66175;0.48164;1.9134;0.91298;1.0955;-1.0056;-0.58947;0.38564;1.3755;-0.37171;-0.0011769;-0.63477;1.5317;-1.3005;0.47012;-0.26913;-0.80599;-0.2459;0.91769;0.64742;-0.040189;0.23547;-0.30158;-0.22516;-1.8632;-0.46561;-0.015354;-1.3715;-0.60446;-0.323;0.62811;0.36829;-0.26227;0.20171;-0.82794;-0.10464;-0.99554;0.64955;-0.40003;2.1539;-0.33719;-0.31829;1.4983;0.63614;-0.96277;-0.18492;-1.5001;-0.89586;-1.764;0.38308;-1.8109;2.0626;0.34045;-0.90419;0.64608;1.363;0.52444;1.7805;0.65067;1.2034;0.64332;-1.6918;-0.23232;0.37712;-0.44223;-0.25896;-0.16877;-0.057245;-0.0037353;0.46977;-0.26818;-2.5347;0.42488;0.62163;0.18586;-0.1876;-1.6981;-0.73603
19;0.30798;0.6222;-0.39096;0.55036;-1.1216;0.20394;0.82864;-0.58757;0.54381;0.30794;1.8868;-0.42343;1.4514;0.015495;0.71442;-0.92054;0.53288;-2.2866;-0.39535;-0.26349;-0.77972;-0.69384;1.4118;0.25021;-0.23717;2.3691;-0.95687;-0.70816;-0.43738;0.37008;0.16986;0.24899;0.089744;1.6866;-1.6369;0.64575;0.46448;0.22624;1.2556;-0.25704;0.88118;0.0085259;-2.3883;-1.2892;0.65445;-0.84854;0.072916;0.24439;1.4993;-1.5392;-0.42326;-0.066862;0.050458;-0.40467;1.6895;-0.43551;-0.14728;-0.8203;0.85243;-0.19949;0.23631;-1.2412;-1.2032;0.53976;1.9556;-0.677;-1.4545;1.1629;-0.029581;-0.033668;-0.40873;-0.94146;-0.6934;-0.0033481;-0.96245;-0.075394;-0.79826;1.7606;-0.19627;-0.91586;-2.251;1.3789;-0.71881;0.092546;-1.1772;-1.1879;2.1461;-0.58194;1.2794;0.47992;-0.041517;-0.90429;-0.84786;0.40556;0.22786;0.18707
20;0.020489;-1.371;1.1142;0.097083;-0.34427;-0.27594;0.61758;0.27683;1.5059;-0.56628;0.52393;0.8895;-0.97341;2.161;-0.6139;-1.7127;0.90584;-0.206;0.59715;0.32414;-2.3017;2.156;-0.099484;-0.8556;-1.1358;-0.97605;0.49258;-1.7114;-0.35658;0.62844;0.2738;-1.0496;-1.5392;1.6603;0.95501;0.15854;-0.81759;-0.66411;-0.26664;0.79366;2.0417;-1.054;-0.42565;-0.41524;-0.069705;0.88028;0.56216;-0.06795;-1.8309;0.048088;1.7495;0.57357;-1.518;-0.53007;0.21505;-1.3961;0.6638;-1.0127;1.1945;-1.2529;-0.47137;0.027546;0.50168;-0.69486;-0.40127;-0.072202;1.1492;1.9401;-1.2453;-0.85683;0.25604;-1.1507;-0.2351;-0.23797;1.7658;0.087182;-0.99446;-0.043357;-1.0933;0.47878;-0.13454;1.4213;-0.23871;-1.7342;0.70487;0.64172;1.2979;-1.5186;-0.7229;-0.51936;0.27148;0.13533;1.4859;-0.94892;-0.4291;0.13466
21;0.17301;-0.80939;-0.23794;-1.2368;-0.1457;-0.37726;1.366;-0.61705;-0.17327;-0.68048;-0.73112;-1.8538;0.2795;0.69699;-0.60696;0.25163;1.4333;0.054586;-0.86281;-0.66336;-0.046094;1.3091;0.30011;0.22702;-1.3066;-0.92363;-0.9844;-1.0177;-0.30394;-1.0561;0.68769;-1.1886;1.7055;1.5765;-0.39352;0.7034;0.50776;1.4043;-0.8332;-0.7201;-1.1693;-0.72367;-0.546;0.90927;-1.3959;1.1306;0.10828;0.11856;-0.72529;0.6539;0.80674;-0.73864;1.0106;0.34055;2.7386;0.60167;1.7208;-1.0609;-0.63374;-1.4018;-0.66517;-0.26352;-0.16285;1.2435;-0.77021;-0.62076;-1.4546;-0.25686;0.21892;1.1041;1.6138;-0.22312;-0.00044666;1.4001;1.0942;-2.2867;0.011074;-0.045149;0.33154;-1.2607;0.74866;0.26868;1.2274;1.2762;-0.68142;-0.20519;-0.67547;2.4297;0.17235;0.79829;-0.74391;0.99839;0.62899;0.19072;0.028335;0.3178
22;0.15221;0.085343;-0.44285;-0.50474;-1.0303;0.56976;1.3413;0.12657;-1.0106;0.29121;-0.32451;0.96644;-0.22672;0.42659;0.20872;-1.0475;0.051045;0.38155;0.75274;0.15463;0.75098;-0.034458;-1.5283;-0.79083;-1.1252;-0.19226;2.1212;1.221;0.90117;0.21679;0.61491;0.76823;0.067006;0.51616;-1.7619;0.97492;-0.19197;0.23481;-0.43809;0.21332;-0.41861;-1.8381;-0.23562;-0.22099;1.7425;0.95894;-0.55251;-0.018802;-0.14456;0.51023;-0.16264;1.4903;0.014513;-0.20915;-0.25332;-1.9702;-0.059831;-0.44558;0.41822;-0.36807;0.14383;1.6405;-1.2964;-0.67735;0.59784;0.51119;-1.0943;1.6254;0.68969;0.99518;-0.74641;-0.56919;1.9084;0.59403;-0.092322;-1.1135;-0.36752;1.326;1.2408;-0.63408;-1.6266;1.4176;-0.6523;1.0368;-0.77583;0.23176;1.7612;-0.87816;-0.24918;0.86904;-0.57093;0.49586;0.15904;-1.0715;-1.1573;0.39753
23;0.23929;-0.085586;-1.5862;-0.84634;-0.42264;0.57385;0.075065;0.79515;0.24823;-0.59044;-0.11531;3.2187;1.2669;-1.7723;-1.2817;1.2008;-0.028475;1.3369;-0.48157;-0.24023;-0.15393;-0.14349;-1.8603;0.63021;0.94491;-1.7443;-0.76438;-0.88699;0.2346;-0.64269;-0.28514;1.5383;2.8491;0.18583;-2.2518;-1.6191;2.0047;-0.23843;0.61738;-0.40138;-0.2843;-1.3257;-1.8967;-1.0018;1.2388;0.83316;0.92497;-1.6212;-0.0029181;-0.53964;1.0588;0.51817;-0.59679;0.41719;0.18725;-0.064829;-1.0237;1.3584;-1.1186;0.071418;-1.6107;0.61456;-0.64959;-1.4235;-1.0588;0.83214;-1.4564;1.5911;0.53316;-0.69628;1.7148;-0.28565;0.59785;-1.5712;-1.2414;0.01278;0.6064;-0.64656;2.6812;0.031913;0.16426;-0.36954;1.4124;0.96467;-0.35225;0.50585;-1.4074;1.8906;-0.40341;0.1177;0.38994;0.39998;1.9271;-1.8942;-1.7331;0.34471
24;0.063885;-0.7556;-3.1519;0.55489;-1.2035;0.78465;0.46975;-1.194;-0.36894;1.0357;0.84237;-1.3288;0.20584;-1.0514;-0.2957;0.40374;-0.66873;0.011188;0.663;1.7963;1.282;-0.65106;-1.1084;-0.24559;-0.59113;-1.5995;0.6487;-0.39864;0.11117;0.28866;-0.1292;-0.49069;-0.86885;0.81647;-0.71883;-0.94804;0.83818;-2.5146;-0.37516;1.0457;0.98391;-0.72933;-0.3771;1.9734;1.5198;0.10823;-0.65999;-1.508;2.4218;1.6626;0.96594;0.66893;0.7705;1.9511;-0.59849;1.591;0.28226;0.58125;-0.11946;0.36804;1.3001;-1.7784;0.62969;-2.026;0.15778;-0.90496;-0.11659;0.34116;-0.34723;-0.18857;0.33016;-0.63144;-0.30866;0.30285;-1.0239;0.25802;-0.29515;-1.1391;-1.2678;-2.2213;0.56427;-0.25533;0.30426;-1.8268;1.1707;0.090803;-1.1928;-1.2494;1.5701;0.45447;-1.281;0.74934;-0.49582;-0.89368;1.0423;0.97944
25;0.10838;0.25576;0.96495;-0.01454;0.0081105;0.98177;-0.70781;-0.94056;-0.56053;-0.10751;0.16421;-0.19449;1.0995;-1.3888;-1.7775;-1.7942;1.5312;0.085222;-0.83312;0.75722;-1.0061;1.1024;0.62484;-0.050671;-1.5973;1.2737;0.2016;0.82652;0.82095;0.47188;0.70456;0.3825;0.6476;-0.66364;0.038497;0.88541;0.19834;0.24159;-0.55326;-0.096179;-0.5951;-0.1152;1.19;1.1077;-1.1468;-0.007825;-1.6233;0.31794;1.4463;0.10442;-0.64;1.027;0.21912;-0.92141;-0.33772;-0.41177;-0.11677;0.36841;-0.1221;-2.0358;0.14738;0.85195;0.77072;0.67589;0.99996;-1.0589;-0.42756;0.20987;-0.26371;0.48775;-1.8037;0.02481;-0.13684;-0.023978;0.34187;-0.33572;0.27262;0.2065;2.4783;-1.2496;-0.28011;0.38266;0.48165;1.2046;-2.1295;-1.032;-1.4512;-0.63514;0.48073;-1.7503;0.079493;-0.9636;-0.17087;-1.7052;-0.25053;1.9203
26;0.16664;0.83343;-0.012423;-3.293;0.85006;2.1387;0.67583;1.2925;0.49904;-0.045416;-0.47771;-0.97073;-0.9231;-0.30827;0.15045;0.83332;-1.6418;0.32315;-2.1386;-0.51991;0.71242;-0.15926;-0.61229;0.17016;1.0857;-0.91182;0.41436;0.19826;0.11326;0.59546;0.61686;1.282;-0.30226;-0.31405;1.6321;1.03;2.3752;-0.2759;-0.86604;-0.083139;1.2547;0.42147;-0.39251;1.1558;2.1611;1.8651;-0.73237;0.048937;-0.4364;-0.32661;-0.43068;1.5176;-0.98693;-0.41685;-1.3433;-0.40505;-2.3293;-1.1633;0.63763;-1.3606;1.6875;-1.8866;-0.062374;-0.58633;-0.40517;-0.25891;0.048692;2.3388;-0.54858;0.91063;2.7037;-1.814;-1.1891;1.0293;-0.092052;0.77002;-0.01598;-1.7727;-1.803;-0.1328;-0.58912;-0.046678;-0.14204;-0.041013;-1.01;1.6006;-1.5684;-0.70044;2.0732;0.62889;1.3174;1.3952;0.74973;0.5094;-0.1164;-0.040987
27;0.036972;-0.4863;-1.2172;0.89855;-0.58493;-1.525;1.2013;-0.2628;0.46272;0.0761;-0.89864;-0.28413;-0.4088;-1.7168;0.48017;-1.0027;-0.34544;-0.76298;-0.47045;1.0185;0.075879;-1.0733;1.4448;1.0747;-0.19136;1.0091;-1.3723;-0.16974;0.68604;1.1434;-1.3348;-0.77468;0.6087;-0.084839;1.5375;-0.31784;-1.0455;0.60341;0.53431;0.35179;0.78255;-0.001061;0.5567;0.8283;-0.69261;0.78661;-0.66655;1.0336;-0.89343;1.1234;1.1194;1.0273;-0.62056;-0.37205;-0.82415;-0.31826;0.7901;-0.90753;-0.50545;-0.30312;-0.87965;0.4516;-1.1142;-0.39914;0.72167;0.2671;2.0088;1.3888;0.25883;0.79521;-0.098364;-0.027605;-1.3385;0.41188;0.22692;-0.21642;0.15988;-0.49769;-0.60146;-0.72556;0.02374;1.989;-1.1916;0.15217;-1.5385;-1.5405;-0.39297;1.5556;-0.25951;-0.47122;-1.0525;1.6746;0.11013;1.6891;0.27974;1.1474
28;0.13224;-0.29187;-1.1296;0.69194;-1.8606;-0.33586;0.17357;-1.0945;-0.60743;-0.56011;-0.00083198;0.36756;-0.93332;-0.13736;-0.74584;1.4613;2.1738;-0.18915;0.25496;0.87569;-1.6068;-0.72451;1.7057;0.30385;0.093722;-0.34129;-1.3439;-0.023811;-0.15158;0.25259;-0.2003;1.6771;0.5315;-0.033399;-0.35778;0.50858;0.98989;-0.90541;-0.13627;-1.5545;-0.027597;1.0184;-0.0082291;0.076484;1.0633;-2.0225;-1.1573;-0.37152;-0.57218;-0.2267;0.10813;2.353;1.1651;0.84464;0.09889;0.65381;1.4174;-1.4333;-0.9743;-1.2372;-0.72425;-0.51747;-0.72671;-0.61822;0.58879;-2.0072;-0.55763;0.54544;-0.090869;1.1018;0.70012;-0.18893;0.0021147;-0.2218;1.9215;-0.21011;-1.5478;2.6085;0.88036;-1.5582;-2.1123;0.51625;1.6492;1.9901;-1.2317;-1.1276;0.95678;-0.7071;-0.40757;1.0499;-1.6072;-1.4703;0.78374;2.5464;0.18979;0.50447
29;0.0055716;0.38977;-0.38422;-0.69322;-0.9247;0.64957;-0.25961;0.30875;-0.79502;-0.051049;0.23652;0.075204;-0.54643;0.32864;1.1982;-1.0933;-1.0158;-0.12981;1.6044;-0.31395;0.71039;-0.86859;1.6817;0.030249;0.47829;1.1918;1.0883;1.2548;0.28969;-0.63189;0.27924;-0.29851;-0.056053;-0.55143;1.2275;-1.3474;-1.0675;0.032186;0.99946;-1.1062;-0.44278;0.074713;0.43096;0.61371;-1.1127;0.15984;-0.58416;-0.4072;-0.72929;2.5118;0.23299;-0.052636;-1.0306;1.6535;-0.97962;1.3019;-1.1414;-0.66411;0.70519;0.0090633;0.7338;-0.58391;2.4059;-1.6474;-1.1999;-0.24011;-1.1302;-0.37083;0.30481;-0.30652;-1.1311;0.32956;0.12969;-0.89802;-1.4406;0.070033;0.16171;-0.70275;0.076931;-2.739;0.69803;0.24519;1.9922;-0.23999;-0.87782;-0.35077;-1.5543;-1.434;-1.4084;-1.5835;0.98452;1.3858;-0.25559;-1.0222;-0.092577;1.6641
30;0.11906;0.20187;0.41911;0.58685;1.7032;-0.099027;-0.80414;-0.35041;0.26074;0.27275;-0.36496;-0.19476;-0.23702;-0.18726;0.74041;0.019675;-1.39;1.4842;-0.47671;0.19609;-0.26586;2.1558;-1.7264;0.70082;-0.87036;-0.17518;0.94363;0.39621;-1.063;1.1012;0.052625;0.7312;1.616;1.0932;0.23116;1.4604;0.24841;-2.1261;-0.46184;-0.56852;-0.27844;-0.63461;-0.32536;-0.58812;0.77544;1.2802;-0.95074;-0.63555;-1.5563;-0.77508;-0.024554;1.2598;-0.21196;-1.6659;0.73008;0.13536;-1.3494;-0.11846;-0.38055;0.12901;0.083231;-0.38563;-1.8786;-0.13217;-0.97834;0.10898;-1.3012;-0.60752;0.020511;0.70563;1.1142;-0.14918;0.72326;-0.247;0.079564;-1.8736;-1.1215;1.6666;-1.3448;-1.1259;0.4084;-0.017079;-0.6697;1.5101;0.97219;-0.69987;0.21131;-0.19212;-0.11345;-0.77787;-0.68786;-1.1946;2.8444;-1.2005;-0.70876;-0.69634
31;0.10347;1.1542;1.6476;-0.79646;1.9736;1.3437;0.28043;-0.51184;-0.13939;-0.64964;0.39287;0.87329;-1.4417;0.26267;-1.197;-1.5717;0.8025;0.7182;-0.32827;-0.077294;-0.033062;1.3332;-0.075112;0.37883;-0.01694;-1.1314;1.1078;-0.13056;-0.81194;-1.7482;-0.74914;0.69172;0.91764;1.6283;-1.17;-0.8217;0.38789;0.58347;-0.2768;-0.28667;-0.83531;-0.38026;-0.73389;-0.62384;0.23224;0.9653;-0.50588;-0.70559;0.13628;-0.72968;0.8712;1.4552;-0.79689;-2.3889;0.26442;-0.31005;-0.1215;-0.60154;0.48937;0.45044;1.5761;-0.37325;-1.3292;0.32867;-1.4285;-0.18417;0.23008;0.45888;-0.95636;0.32444;0.54705;-1.1591;-0.87824;-1.3626;0.23657;0.41956;-0.14248;0.60723;0.9411;-1.0082;-1.1153;0.88402;0.66665;0.53113;-1.3006;-0.55075;-0.24405;-0.2107;2.6871;-0.25306;-1.1537;1.3028;-1.272;1.3125;-0.87492;-0.3192
32;0.023447;1.9104;0.70385;0.25357;-0.35197;0.66352;0.6316;1.0448;-0.64514;-1.6135;-0.57715;-0.046567;-0.82887;-0.30175;0.57583;1.2576;0.79098;-0.30947;0.055117;-1.6297;-1.1872;-0.61612;0.25533;-2.1254;-0.76172;0.78954;-0.36076;-1.0013;0.43738;-0.34822;-1.3125;0.39467;-1.581;1.4625;0.42219;-1.5252;-0.78333;-1.8762;-0.22647;-0.55481;-0.82769;-1.8189;-0.72009;-0.10228;2.1474;1.0277;0.067414;-1.657;-0.18476;-1.7433;0.24183;1.7958;0.074511;-0.094685;1.0145;0.091017;-0.52489;0.89212;0.87921;0.85667;1.5182;-0.28731;-0.094019;0.36311;0.4763;0.69315;0.12584;-0.12391;-0.12651;-0.43687;1.063;0.21151;0.16513;0.34486;-0.64149;1.7125;-0.34684;-0.77914;-0.47636;0.13956;-1.5995;-0.025654;-1.3431;-0.68503;1.1304;0.087184;1.3467;0.53557;-0.29357;0.3145;1.8186;-0.79755;1.2907;-0.48332;-0.87357;0.14885
33;0.012689;0.0032608;0.58705;-0.16538;0.10632;2.447;1.6248;-0.627;-1.2258;-2.0844;0.62049;-0.88221;-1.8005;-3.2619;1.2138;0.42329;-0.40441;-0.98187;-1.0792;0.00016097;-0.37263;1.3403;1.0541;0.7797;-1.722;-0.52443;0.26069;0.21653;-0.42618;0.29909;1.0718;-1.6538;-1.9524;-1.6745;-1.3652;0.50433;0.11956;-0.33344;1.482;0.65636;0.30155;0.088725;-0.63119;-0.84579;-0.13712;0.32529;-2.469;-1.7283;0.17265;0.8363;0.13153;0.3942;-0.66425;0.54871;-0.0035977;-1.5705;-0.24011;-1.1612;-1.7384;-0.089747;-0.81921;-0.92913;-0.33037;-0.17431;-0.11978;1.6266;0.508;0.56442;-1.1392;-0.054151;0.51938;-1.3376;0.15395;0.648;0.35582;1.2785;0.037233;1.4833;1.7276;0.80267;0.39746;0.50096;0.32318;-0.22739;-1.7866;0.17833;0.043279;-0.95295;-2.0195;0.11391;0.68325;0.77779;-1.4074;0.8481;-0.17951;0.55801
34;0.14167;1.0205;-1.7736;-0.97239;1.8329;-1.6484;0.74137;-1.4555;-1.838;0.75303;-0.8816;1.4549;0.69878;0.15746;-0.57277;0.17191;0.504;0.64211;-0.99496;0.16774;-0.0044771;-1.2883;-0.35612;0.3246;0.2937;0.92253;0.40875;-0.80796;0.31583;1.8762;0.85029;0.64517;0.045624;-0.2734;-1.7924;2.0441;-0.36687;-0.22439;-1.4363;-0.47942;0.42668;-0.81315;-1.1613;0.35212;0.39872;-0.56052;0.67531;0.49183;0.51233;1.6603;1.4793;0.040962;0.44845;-1.3089;0.68613;0.76187;0.79817;0.94238;-0.023931;-0.50519;-0.16353;-0.53145;-0.30063;1.4097;0.55414;0.7595;-0.31477;-0.09319;-0.3586;-1.4108;-0.06311;-1.1783;-1.2825;1.2363;0.31975;-0.69056;0.27552;-0.30961;-1.5534;1.0781;-0.67958;-0.4227;-0.029053;-0.38931;-0.02812;0.89291;1.1491;-1.3058;0.18279;0.60888;1.9337;-0.73961;-1.8538;-0.55358;-0.47062;-1.6166
35;0.023802;-0.88269;-0.32598;-0.19149;-0.079867;1.8908;-1.8374;-0.091797;0.41298;-3.028;-1.3262;-0.056049;1.5955;-1.1722;-0.12412;0.55885;0.46982;0.34891;0.46416;0.11547;-0.14487;0.59992;-0.1251;-1.0048;-0.60778;1.7647;-0.046834;1.4285;-1.7299;-0.32965;-0.33026;-1.7062;-0.15391;-0.43743;1.1776;-0.43903;-0.75671;0.058394;-0.032084;0.16308;0.48098;-0.68536;-0.90463;-0.28814;1.3237;0.4135;-0.27102;-0.89413;-0.072372;-1.3415;-0.76911;0.56218;-1.073;0.28041;-1.2462;-0.64057;0.98562;-0.081143;0.50575;-0.078976;1.8988;0.52148;0.72039;-1.6963;0.85427;1.2376;0.94061;1.3743;-0.35398;-0.072633;-0.38613;0.32719;-1.5668;-0.88197;0.088394;0.22894;-1.9852;-0.5458;0.28261;0.10737;0.22658;-1.7305;-0.12289;-1.4391;-0.033615;0.58466;-0.26696;0.47217;1.7057;-0.76172;-0.91535;-1.1112;-0.29638;-0.40666;-0.42093;-0.18333
36;0.00060692;-0.0039237;-1.1102;0.67744;1.4971;-0.39667;-1.4506;0.32141;1.0178;1.7029;-0.084917;-0.8495;-0.61622;0.28289;-1.7932;-0.27137;-0.27088;0.22468;0.36227;0.14327;-0.85227;-0.043992;0.12846;-0.17867;0.44066;0.32847;-0.98576;-0.67778;-0.37151;-0.55988;0.6166;-0.092342;-1.8109;0.96724;-0.44322;-0.54033;0.66379;0.52118;0.083904;1.0428;1.4432;-0.88776;-0.5626;1.6785;-0.00095816;-0.50798;-0.14978;-0.51006;-0.75044;0.68109;0.84072;-0.81453;0.52808;0.79637;0.76767;0.1859;-0.70596;0.45593;-1.2244;-0.123;1.127;-1.2649;-0.50067;-1.4238;-0.032654;-0.39091;0.38347;1.9937;2.0301;0.55838;-1.0815;0.40599;0.69721;0.55004;1.2853;0.11828;0.79485;-1.9045;-1.049;-1.0433;-1.1905;-0.37016;-0.82984;1.0984;-1.2521;2.5481;-0.3317;1.229;-1.2552;1.7841;-1.5503;-0.12182;-0.67893;-0.11429;1.6408;-0.26211
37;0.027433;-0.28574;1.5336;0.32504;1.1047;1.8492;-0.11106;0.70876;1.6569;0.97453;0.72317;0.9517;-0.75724;-0.9745;1.5998;-0.82321;0.22997;-0.087027;-0.69115;0.87775;-0.24521;0.89776;0.88184;0.5092;0.34612;-0.28122;2.194;-0.075927;1.19;-0.35554;1.1591;0.65614;0.71198;1.2107;0.54976;0.70354;-0.70593;-0.92761;-0.76609;1.1754;0.30898;-1.3469;0.13612;-0.76929;0.4438;0.52544;-0.0857;-0.71561;0.77457;-1.2403;-0.72863;-0.61971;-0.78947;-0.27355;-0.78092;0.24797;1.6005;-0.1116;-0.40446;-1.329;0.16446;-1.6572;1.6454;0.54107;1.344;1.3556;-0.066002;-0.38019;-0.50032;1.7552;-0.047339;1.2018;1.2554;-1.4491;0.20967;-0.11441;0.57014;-1.0369;0.64202;1.6502;1.0382;0.24121;1.0494;-1.0723;-0.43635;0.37643;1.2002;0.15283;1.0628;0.39943;-0.096946;0.92486;1.0375;-0.97646;-0.080824;-0.03374
38;0.10275;-0.45238;-0.44245;0.97444;-0.95696;0.99198;-0.53767;0.5168;2.0217;1.7596;-1.506;-0.17269;1.256;-0.65698;1.4531;-0.29209;0.38798;1.4624;0.52176;0.85445;-0.38693;0.82684;1.2848;-0.004201;-0.85095;0.032243;0.43063;-0.29937;0.12011;-0.19321;0.40599;0.89288;-0.76998;-1.0237;0.46866;-0.047074;1.1635;1.5548;-1.1643;0.35783;-1.1004;-0.90073;-0.99762;2.6417;1.6181;0.55223;-1.5227;1.3025;0.54681;0.77096;0.075127;0.62703;1.2184;0.32094;0.0024454;1.2926;-0.52631;-0.50058;0.7488;-0.92006;-0.73987;-1.831;-1.8657;1.8332;1.1851;-0.94701;-1.2226;0.34668;-0.41699;0.65259;0.24751;0.4897;0.61771;0.76753;2.1636;1.1361;-1.1204;1.7204;-0.11678;-0.36674;1.3986;-0.3942;-0.051049;1.7554;-1.5758;1.967;-0.90982;0.054639;-1.7667;0.42445;-1.1459;0.40198;-1.393;-0.17678;0.26227;-0.36472
39;0.11496;0.047807;1.0225;0.68709;-0.14286;2.9411;-0.65038;0.96477;0.64921;-0.70896;0.015619;0.24243;-0.96385;1.0215;-0.41881;1.0918;0.36527;0.026731;0.79132;0.78366;-1.5879;0.41836;2.0106;-0.37153;0.056338;-0.54884;0.20893;-0.37439;-1.1787;1.4177;-0.71481;0.42367;1.2491;1.9165;-0.65206;-0.49976;0.28501;0.23528;1.1887;-0.25974;0.015565;0.21794;-1.8013;0.16645;1.1059;0.68486;0.90005;0.43595;-0.0080933;-0.29288;-0.42771;-2.422;2.0864;-0.27164;-0.64173;-0.29367;0.92064;-0.19837;-0.9856;1.9211;-0.17476;-1.6742;-0.14908;-1.0424;0.99592;1.1873;1.6241;0.97508;-0.51212;0.84617;-1.11;-1.2058;-0.306;-0.31883;-0.010934;-0.10935;-0.20791;-1.028;-0.40486;-0.32558;0.4164;0.34111;-0.53865;0.40842;-1.3814;-0.31088;-0.49382;0.17461;-0.41613;0.87296;0.10498;0.4196;-1.8381;0.87135;-0.2297;-0.21389
40;0.32981;-0.21216;0.51429;-0.95961;0.4302;0.93794;0.39598;-0.56494;0.21666;0.2198;-1.0488;-1.0471;-1.9447;-0.22932;1.3873;-0.22171;-1.1859;1.3621;-1.8345;-0.071453;0.88598;-0.096409;-0.99114;-1.3589;0.24895;-1.1969;0.11823;-0.94286;2.1919;1.0607;-0.66089;0.26809;0.39608;-0.90342;-0.52043;-1.5488;0.66753;0.21999;0.15249;2.0238;-0.76091;0.90594;-0.58345;0.23146;0.066783;0.48825;1.2203;0.68089;2.595;-0.32611;-0.16729;-2.0734;1.0556;1.1453;1.762;0.20738;-0.15207;-0.16757;-0.49221;-0.34092;-0.47236;1.8444;-0.70285;-0.29533;0.78375;0.19196;-0.7909;0.086457;0.82097;-0.79885;-1.1364;0.67676;1.013;0.10435;-0.24301;-0.5794;0.0083341;-0.29928;1.1853;1.7404;2.004;-0.076773;0.11628;-0.050068;-0.27877;0.25876;-0.49415;0.67549;0.61981;-0.81144;0.12224;-0.77093;-0.091091;-0.6833;1.4362;1.286
41;0.096328;0.40417;0.54139;-0.13564;-0.94284;-1.0297;0.21465;-0.18322;-0.95682;2.4618;-0.30873;0.71436;1.2183;-0.047306;0.24364;-0.98131;-0.94099;-1.0002;-0.77564;-0.07595;1.4064;0.49174;0.28217;-0.2839;0.42181;0.11991;-0.040831;0.68507;1.346;-0.011971;1.5575;0.96629;0.013756;-1.0894;1.4031;-0.036459;-0.47337;0.21542;0.095905;-0.57979;1.462;-0.98276;-0.8883;1.9099;-1.2037;0.54608;0.60779;1.2577;0.36871;-1.5997;1.3255;-1.1804;-1.149;0.74631;-0.84383;0.23391;0.18519;-1.3896;-0.59222;-0.20762;1.2553;-1.2109;-0.41618;1.6519;1.1097;-0.56744;-0.98528;1.4623;0.024131;-0.56805;0.083142;1.1588;-0.95676;-0.96578;0.49051;0.49114;0.75748;-0.55649;0.62273;0.95154;-0.58711;0.015501;1.6093;-0.28446;2.5841;0.11984;-0.10777;0.60883;-0.0016807;-0.23104;-0.75803;0.84841;0.10898;-0.18008;-0.95866;-0.21309
42;0.090987;-0.082634;-0.67113;0.33171;-1.2774;-2.5782;0.81246;1.0571;0.43708;-1.1421;0.76063;1.4053;-0.4668;0.20234;-1.4053;0.31908;-0.46577;-1.1759;-0.85298;0.29992;0.54827;1.0439;0.52838;1.2955;0.010714;-0.88763;-2.3976;1.01;2.1802;0.62075;-0.24034;0.09859;-0.4655;0.45266;-0.37681;-1.8989;-0.5311;-0.57302;-0.49856;-1.0175;1.4173;0.10332;-0.82226;-0.81121;-0.13671;-0.14992;-0.13832;-0.23177;-1.1433;0.90731;-0.36937;-1.4537;1.119;0.2818;-1.2577;-0.13444;2.1625;0.3569;-2.2877;2.1982;-0.95896;0.1036;0.081398;-0.55152;0.69801;0.50774;0.41932;0.016983;-3.0429;0.32968;1.2239;-0.1564;-0.91729;0.3426;-0.32562;1.7647;-1.5656;0.1269;0.48975;0.19964;-0.61446;-0.31701;0.074056;-1.4071;-1.2275;1.6791;-1.0863;-1.0393;-0.89894;-0.095618;-2.0607;-1.0954;0.041264;0.36064;0.39684;-0.9732
43;0.020511;-0.85119;-1.0558;0.45634;0.30592;0.41973;1.8027;-1.8731;-0.046782;0.60821;-1.0979;0.25551;-0.77956;0.33752;-1.3163;-0.20451;0.029714;-0.68312;0.95426;-0.74497;0.65621;0.36555;-1.6924;-0.27139;-1.1112;0.0076203;-0.94978;0.027032;0.86689;-0.46308;0.054482;1.1951;-0.3197;0.6187;-0.62037;1.7643;1.2687;-1.5684;0.95058;-0.024339;0.22919;-0.18975;-0.14304;0.79053;0.73839;-0.48621;0.89434;-1.8593;-0.77248;-1.9895;-1.1908;-0.57622;1.229;0.063605;0.025492;0.95322;1.3427;-0.94941;1.7893;0.42197;0.042399;0.0068121;-1.1476;2.3319;1.1016;0.38565;-0.47156;-0.46273;-1.278;0.74736;2.2539;0.39274;0.55097;-1.3613;-0.57962;-0.21506;0.39226;-0.6068;0.20769;-1.0299;0.95464;-1.4899;-0.62428;-1.9731;-0.55797;0.14471;0.58101;-1.0065;1.1694;0.33725;-1.9207;-0.72383;1.9895;-0.18638;-1.6371;0.62012
44;0.24378;0.19554;-0.21682;0.2645;-1.7256;-2.2947;0.71077;-0.4433;0.20065;-0.026118;-0.4474;0.40747;-0.031918;0.44959;-2.4045;2.3168;-0.71444;-1.039;2.6757;-0.9277;0.41922;-1.2931;-1.2656;-0.079766;0.54006;0.86856;-0.67669;1.5019;-0.68158;-0.23547;-0.50151;0.40485;-0.2567;0.25491;1.0093;-1.9759;0.75606;-0.54478;1.1592;0.19922;-1.4698;0.66345;-1.3682;-0.49423;1.29;0.063736;-0.62127;-1.271;-0.42838;0.87256;-1.0795;-0.56113;-1.2131;-0.25426;-0.60169;0.17278;0.81576;-0.60078;-1.5821;-1.3826;1.1491;1.9032;0.734;-0.088567;0.58728;0.69892;1.0408;-0.72729;1.2827;1.1167;-1.9208;-1.5753;0.31239;0.64152;0.99986;0.30681;0.23787;-0.0224;0.8169;-0.07937;0.6183;-0.1326;0.50247;0.45792;-1.256;2.5508;0.5769;0.10154;1.1139;-1.453;-0.081699;-0.65756;0.42076;1.6693;0.20922;0.72888
45;0.082721;-1.0383;0.9732;0.36933;0.75683;-0.005416;2.0482;1.2933;-0.77901;-1.4074;-0.23706;-1.7789;0.71858;0.13164;0.17697;-0.00011559;-0.4406;0.44298;-0.28573;-1.7724;0.43673;0.35195;-0.031717;0.91401;-0.60856;1.2156;-1.0769;1.1304;-0.22663;0.13092;-0.11458;-1.1189;-0.86912;1.9818;1.1473;0.051859;-1.2826;0.90868;0.22135;-0.52317;-2.131;-1.019;-0.38212;-0.45044;1.0629;-0.37484;2.0398;0.96567;0.53689;-0.6163;1.2477;1.932;0.20701;-0.69726;-0.14483;0.82099;0.62446;0.41433;0.16636;-0.37771;0.75336;2.9368;0.45791;0.83323;-1.4538;1.0729;0.17176;-1.0251;-0.67033;-0.92514;0.24969;0.0027832;-0.060986;-0.30827;0.119;0.98648;-0.31018;0.33328;-1.2046;0.75228;-0.56967;0.93711;-1.6743;-2.2478;-0.13348;-0.32874;-0.023168;-1.4908;0.67357;-0.035627;0.27628;-0.54337;-1.0348;-0.63251;0.45397;1.6644
46;0.030742;-0.4703;-0.043407;0.38028;-1.6262;-1.8736;0.96395;-0.26056;-0.23175;-1.2326;-0.69831;-0.33048;1.0215;0.48466;2.4012;1.1844;0.21906;0.17663;-0.34659;0.012277;1.2266;-1.0387;-1.4417;1.4121;0.38711;0.46917;-0.57531;0.97302;-0.37366;-1.0676;0.56933;-0.23071;0.05386;-0.094763;-2.7236;0.30653;0.8112;-1.9896;-0.93174;0.97682;-1.243;-1.0343;1.0971;1.6082;-0.98651;-1.0531;0.64561;0.74674;1.2172;-2.0588;-1.574;-1.2941;-0.38555;-0.38648;-0.4135;-0.46237;0.56619;1.3682;-0.49764;-1.6341;0.19544;0.13476;1.5122;-0.34658;0.043421;-1.3295;0.0085448;0.48951;-0.073681;-0.27842;-0.54715;-0.070059;-0.9968;-0.072262;0.58521;-0.71887;1.1164;-0.55014;-0.796;-0.83345;0.74526;1.219;1.4251;0.65671;1.0433;0.10738;0.016287;-0.5331;2.7237;-0.99854;-1.0893;-0.83274;0.57609;-0.077195;0.38036;-0.12968
47;0.18333;0.31617;0.69669;-1.5322;0.087535;-0.63884;0.82041;-0.2476;-1.7664;-0.51339;0.62401;-1.5007;-0.092836;-1.1966;-0.89915;-0.85592;-2.1345;-2.199;-0.79103;-0.079481;0.40266;-0.5552;0.62528;-2.0191;1.5235;0.11112;0.2117;0.47876;1.2892;0.41885;-0.29628;-0.073135;-0.87781;0.53265;1.3325;1.5828;-0.30047;0.45963;-1.2971;0.65368;-1.8569;1.858;0.091288;0.57018;-0.15824;0.84999;-1.2698;-0.52455;0.80563;-0.56933;-0.69266;-0.50121;0.70264;-0.5246;-1.5084;0.20938;-0.3149;-0.15413;0.49005;-0.19228;-0.1225;-0.98258;-1.4202;-1.248;0.3016;0.66035;0.43344;1.8375;0.55201;0.71929;-0.6547;1.3994;1.0174;-1.5334;0.33242;-0.18417;-0.45964;0.43903;0.66776;0.069436;0.82097;-1.2575;-1.2941;0.48278;0.18031;0.88706;-0.85308;0.47153;1.5102;0.5239;0.77225;-0.36489;-1.4433;0.42313;1.6891;1.6928
48;0.0050274;0.41102;-0.32173;0.55467;-0.10488;0.4018;0.90117;-1.5403;1.9212;0.94234;-0.12243;-0.93899;-1.0341;-0.50746;-1.1217;0.21846;0.3494;-0.6021;-0.71175;1.374;0.33429;-0.63008;-1.7975;0.68986;0.9921;-1.2946;-1.8424;0.36015;0.57742;2.2103;-2.344;1.2365;0.19912;-0.79203;0.61701;-0.73868;-0.36954;1.5121;-2.1258;-1.6125;0.31844;-0.63724;-0.53119;0.097389;-0.22189;-1.5519;-1.4264;-0.052835;-0.6492;0.26916;0.11344;-1.0998;-1.6969;-0.25583;1.1862;-1.3918;-1.1783;-0.052665;0.0064392;-1.1487;0.37893;-0.0037177;-0.10472;1.3786;-0.20111;-0.24742;-1.487;0.86892;0.50195;0.17713;0.56489;0.047332;-0.88465;-2.1436;0.37187;2.4184;-0.29911;-0.47355;0.82679;0.2441;0.80893;1.0956;-0.88754;-0.36481;-0.57279;0.6056;0.82593;0.25356;0.13157;-1.1809;-0.32215;0.85288;-1.2365;0.11753;-0.073903;0.50916
49;0.23629;-0.49644;-0.83548;-0.5166;-0.063615;0.018259;1.9201;-0.67857;0.0099628;0.91414;-0.4999;1.3851;0.60398;0.77936;-0.47829;0.020886;0.95437;3.2238;-0.43617;0.75346;-0.030743;0.82611;-1.8613;0.70791;0.53236;-1.2629;1.6147;0.15116;0.060215;0.82913;0.79599;-2.3727;0.37675;0.65796;1.1603;0.68417;-0.022026;0.3945;-1.708;-0.062933;-1.3393;0.42072;-0.22615;-0.72325;-1.6174;0.24226;0.47136;-1.5806;-1.4025;1.1062;0.80414;-1.7909;1.1331;0.14903;-0.93873;-0.083731;-1.8215;-0.39207;-3.4653;1.588;1.8404;0.30015;-0.31769;-0.86395;2.1097;0.49432;1.8879;-1.6783;0.096314;-1.0789;0.034787;0.66071;1.9341;-2.2812;1.8224;-0.15696;-0.87638;-1.6272;-0.6956;-0.64702;1.4338;-0.55844;-0.14649;1.137;0.93858;-0.097169;0.56506;-0.28327;-0.5801;0.52955;-0.57564;-0.13914;-0.11588;-0.15762;0.14169;1.2444
50;0.055832;1.2348;1.2861;0.46195;-0.24237;1.7006;-0.88881;0.074072;-0.0024867;0.66319;-2.163;0.78356;-0.45371;0.91374;0.23201;-1.1029;-0.39372;0.69819;-1.0886;-0.035685;0.60885;-0.42891;0.89124;-1.2281;-0.27091;1.0698;0.98022;-0.36383;0.53156;0.33928;-0.61276;-1.1718;-0.84884;-0.28865;-0.22674;-1.3799;1.6639;0.13221;0.10794;0.76239;-1.2319;0.98587;0.022403;-1.0762;0.35311;-0.28522;0.2923;-0.61068;2.1582;-0.93161;-0.24957;0.61304;-1.2047;0.28479;0.067776;-1.4634;0.36471;-0.026478;0.60072;-0.38603;-0.30051;1.2966;-0.84612;0.22926;-0.27909;0.91208;0.91218;-0.2213;0.37657;-0.011979;0.38599;0.67025;1.194;-1.3659;1.4569;0.96105;-0.99994;-0.096075;2.1601;0.15165;-0.15383;-0.94777;0.11765;-0.12574;0.27261;-0.18598;-1.078;0.6107;-0.70548;-0.074703;1.6876;-0.2703;-0.38934;1.089;1.1292;0.5471
normalized population
1;1.1982;0.76569;-1.0684;-0.93214;0.10114;0.15124;-1.309;1.0763;-2.2943;-0.71696;-0.26712;-1.2116;-0.37941;1.0156;0.9673;0.051336;-0.40746;-1.0279;-0.53806;-1.8545;-1.2453;-0.80853;-1.3977;0.25424;2.1124;-1.9167;0.17578;-2.5378;0.4118;0.98736;-0.52741;-0.4014;-1.7207;-0.72786;0.045893;1.0271;-1.4564;1.1484;-1.7411;-1.703;-0.48088;1.1888;1.1178;0.85891;-2.386;-2.0518;0.39395;0.8056;-1.0342;0.098327;-1.7428;0.52885;-1.0579;-0.2789;0.88226;-1.6439;-0.052092;-1.6821;0.74588;1.32;1.1368;0.30792;0.42604;-0.72402;-0.068844;-0.10088;-0.077792;-0.020932;0.86233;0.48676;-0.98215;-0.01951;0.53451;-0.57656;-1.3582;0.79755;-1.407;1.323;-2.2961;-1.1909;1.4438;-0.71572;1.3774;-1.6215;-0.20088;1.1896;1.0219;0.75847;0.26489;0.82682;-0.36897;-0.48461;1.6187;1.2423;-0.87697;-0.29125
2;0.96658;-1.1294;0.41838;1.0445;1.4838;-0.73523;1.073;-1.3919;0.74226;1.5043;-0.5289;-0.37287;-0.59631;0.42704;1.0594;-1.4147;-1.392;-0.055681;-1.2992;1.8083;0.8337;-1.3171;0.426;0.9555;-0.54315;0.68335;-0.23233;0.57338;-0.9846;-1.8283;0.89031;0.018772;1.3949;-0.71198;-1.1554;-1.5505;-1.7749;0.37904;-0.17732;0.25671;-0.038278;1.2721;-1.1748;0.27315;0.67701;1.3903;1.1933;1.7803;0.93389;0.22471;-0.94133;-0.70062;-1.309;-0.1107;-0.40907;0.85046;-0.82598;2.1281;-0.964;1.0691;1.2429;0.15798;-1.6098;0.29548;0.59069;3.0785;0.012876;-0.57155;1.1674;0.058164;-0.28428;0.69181;1.4636;0.39575;0.78071;-0.69673;1.0241;0.45975;0.062579;-0.077636;-0.93891;-0.18053;0.9243;0.1506;0.63068;-0.92009;0.71336;0.94419;-0.069178;1.8723;0.028453;-1.0101;0.42369;0.021293;0.5402;0.65336
3;-0.93964;-0.72932;-0.71757;-1.0796;-0.84917;0.0028851;-0.21322;0.97446;0.12073;-1.2309;1.1745;0.22948;-0.59358;-1.2189;-0.32194;-1.4118;0.60626;-1.0525;0.40147;0.0097283;1.8474;-0.20246;0.63532;0.37553;0.38259;0.3217;1.0552;-0.71496;-0.84691;-0.95221;-0.19075;-0.056574;-0.66063;1.19;1.8982;-1.0185;-0.60255;-1.6573;0.55641;1.5192;-0.36904;-0.6131;0.95225;0.83296;-0.089274;0.23035;-1.1865;0.016932;0.045239;0.34856;-0.082084;0.12123;1.6714;-0.18612;1.4623;0.64137;1.7965;-0.41626;0.085359;0.023804;0.93598;1.5905;0.25057;2.0812;-1.3995;1.7445;-0.87946;0.48687;-1.3168;-0.42155;-0.31431;-0.59843;0.055878;-0.11904;0.34819;-0.059;1.3546;0.51591;0.12754;0.51772;-0.58628;0.53149;-0.43676;1.7;1.4489;1.8941;-0.96843;0.44222;1.7687;-2.0493;0.64756;1.0273;0.5622;-0.47047;0.82417;1.5896
4;-0.74912;-0.39992;0.82591;1.2649;0.13138;0.4822;0.18412;0.88635;1.3679;-0.64144;0.39754;1.4066;-1.0117;0.17957;-1.0641;-1.1331;0.48138;-1.3719;-0.038186;-0.51728;0.65349;-0.83365;-0.064418;0.77525;-1.161;-0.59974;-0.49106;1.8944;-1.3924;0.57386;0.51074;0.9316;1.0185;-0.86856;0.12095;1.325;2.0093;-0.88512;1.8352;1.3863;-0.90227;1.5678;-0.22345;-0.40356;-0.084686;-0.22961;-0.87358;-0.36684;-0.97821;1.8635;0.51499;0.010071;0.54258;-0.089963;-0.068286;-1.1362;1.1997;1.2068;-0.60475;0.63591;-0.65073;-0.34288;-0.67268;-0.21415;-0.23411;-0.25836;-0.22857;1.3368;0.11394;-0.26632;-2.3835;-0.40432;-2.1416;1.3583;1.4564;-0.70026;-0.93877;0.50788;-0.49319;0.064387;-0.32834;0.19619;-0.2126;0.17288;0.4377;-1.8747;0.76128;0.67499;-1.2473;-1.633;-0.24846;1.2882;0.11533;1.7652;-1.9507;-0.93607
5;-0.66822;-0.70997;0.46608;-0.19741;0.19984;0.86742;-1.4392;-0.059331;-0.93559;0.77914;-1.4412;1.5166;-2.2099;-1.5495;1.6166;0.55119;-1.068;-1.0496;-0.056275;0.46752;0.27179;0.21082;-0.57921;-0.71996;-0.34676;-0.29778;0.80839;-0.39833;0.86787;-1.2203;-0.41987;0.50497;0.19682;0.43173;1.5542;0.60841;-0.27281;0.37444;0.47544;1.6258;-1.4694;0.34551;0.13119;0.42363;-0.25624;1.0773;-1.3739;0.69503;0.74009;-0.43373;-2.3755;-0.9153;0.73154;-0.22373;-0.035039;0.83744;0.22725;1.7695;-0.35799;0.14989;-0.24379;-0.23658;-1.4069;-0.93532;-0.14216;-0.71114;0.16195;-0.40691;-0.9743;-0.49113;-1.0151;2.0747;0.86418;0.90962;0.8537;1.287;1.4653;0.55924;0.18269;-1.1563;-0.95203;-0.97947;1.2823;-0.04929;-0.20927;0.79468;-1.0024;0.67026;0.8434;0.84636;-1.2548;0.48338;-1.0069;1.2529;-0.065372;-1.6489
6;-0.36519;1.3982;0.22548;-1.1225;-0.015975;-0.14017;0.42687;-0.15643;2.2894;-0.6225;-0.12391;0.96346;0.54193;-0.66876;0.073167;0.87473;0.32972;1.0167;1.4689;0.25189;0.41623;-0.067785;-0.19827;-1.7604;1.7153;0.36563;-0.99308;0.44741;-0.20997;-0.1025;-1.4986;-0.80429;0.22957;-1.7416;0.31747;0.31119;-0.5462;1.0032;-0.39528;2.4978;0.68451;-1.3894;0.33919;1.7008;-0.31241;0.20997;1.2788;2.5984;0.17679;-0.13619;-0.97196;-0.56679;-0.33012;-0.56162;1.1068;2.777;-0.0026523;-0.69782;0.4822;-1.7895;-0.6261;1.0654;-1.1777;0.586;-1.3544;-0.8206;0.078704;-0.91173;0.022904;-0.60415;1.6391;1.0512;1.4797;0.346;0.9568;-1.7037;-0.1464;-1.6948;0.48988;-0.25043;-0.53551;-0.87193;-0.31827;0.083117;0.10762;0.88591;-0.65269;-0.78919;-1.5503;-0.0086613;-1.2945;0.36114;-0.028379;-2.7315;0.2782;-0.026636
7;-0.53692;0.6751;1.3673;0.13216;-1.3324;1.0651;-1.3854;0.071525;-0.13236;-0.67054;-1.6676;-0.95846;0.5619;-0.31008;0.64676;1.4939;-1.1433;1.315;-1.8722;0.22223;0.52314;0.73487;-1.247;0.89492;-1.5104;1.1031;0.77577;-2.0541;1.1273;-2.1964;-0.3195;-2.1381;-0.81422;0.64362;-1.256;0.97951;0.14728;0.39734;-0.60914;0.24556;-0.36553;0.90199;1.3708;0.41894;1.1785;-2.4242;-0.48419;-1.536;-1.0256;0.30851;-0.7971;-0.67027;1.1939;-0.47636;0.363;-0.11961;-0.744;-1.1681;-0.35827;-1.2497;-1.6686;-0.17676;-1.0585;-0.74613;1.2192;-0.79823;1.0965;-0.028778;-1.0632;0.76443;0.11533;-0.71724;-1.1395;-1.6114;-0.64338;-0.98164;-0.89114;0.47278;0.25629;0.63899;-0.072967;-1.0707;-1.1667;-1.0592;-0.21736;1.1504;-1.5878;2.0722;-0.88514;0.10355;-0.084555;-1.3186;-2.1398;-0.12473;0.14866;-0.12475
8;-0.71277;-0.47781;-1.1685;-0.83431;0.28618;0.20114;-0.28138;0.50813;0.064472;-0.92555;0.42531;0.4717;0.77747;1.1257;0.066721;-0.17421;-0.91497;0.39436;1.3352;1.8802;-0.3717;0.05875;0.22208;0.24751;0.13236;0.54158;0.30674;-0.050095;0.55114;-1.9453;-0.88427;1.8958;-0.82545;0.22912;0.90094;-1.6978;-0.049411;-0.56997;-0.51434;0.13215;0.040876;0.55361;-0.03991;-1.6282;0.5683;2.1288;0.82951;0.10686;-0.67058;-1.7762;1.2757;-0.21851;0.17275;0.36019;-0.97163;0.34405;0.77113;0.71662;0.64618;-0.46548;-1.063;0.50208;-1.1158;-0.39006;-0.046345;-0.92639;-0.04015;-0.64666;0.01407;0.013261;-0.12623;-0.17603;-0.35644;0.19832;-1.3196;-0.6994;0.8995;0.35579;0.60398;-0.34097;0.045589;-0.5163;-0.46435;-0.24188;-0.50822;-0.84116;0.28787;-0.65785;-1.0802;0.25155;-0.3611;-0.59637;0.67861;0.13808;0.74962;-0.094739
9;3.3695;0.3723;1.6978;-0.86607;0.54178;0.0077092;0.57492;0.11988;-0.48259;-0.67406;1.5752;-0.58072;0.55556;2.8799;0.92962;0.51111;0.36225;0.66392;-1.0546;1.2738;1.019;-0.76404;1.4464;0.079459;1.5708;-1.3298;-0.39122;0.61436;1.4208;0.93928;0.042149;0.6492;-1.2854;-0.58249;-0.6412;1.0607;-0.6897;-0.6352;-2.4258;-0.4356;1.8441;-0.55649;-0.84244;1.1254;-0.43403;-0.70481;-1.058;-0.91975;0.43171;0.70883;-0.92392;0.14549;1.7525;1.0041;1.0887;-0.67583;1.3574;-0.10342;-0.30282;0.29592;-1.0338;0.58481;0.91559;1.5908;-0.27851;1.1298;-0.46896;-1.4045;-0.90109;-0.41571;-0.61596;1.8133;-0.0039961;-0.18565;-0.30233;0.14255;-1.0881;0.5707;-0.44759;0.48673;0.16132;2.629;-0.44842;-0.20742;1.6711;0.14228;1.076;0.94556;-1.562;-0.062984;-0.52087;-0.42427;-0.45389;0.77104;0.82519;-0.70583
10;0.57218;0.053948;0.059501;-1.2745;1.2304;0.62352;1.4093;-0.35995;-0.3755;-0.23671;-1.1522;-0.27961;-1.1157;0.43767;1.0926;-0.19;0.34576;-1.1881;1.1624;-0.3534;0.2494;-0.65758;-0.19634;0.84496;-0.47995;-0.91748;1.0696;-0.29024;-0.74807;-0.080574;-2.6344;-0.46369;0.013923;-1.8;-0.49804;0.35473;1.1047;-2.7302;0.26593;-1.2431;1.6616;1.1277;-0.33094;-0.64667;0.64243;-0.80909;1.6658;-0.93464;-0.76037;-0.70029;-0.68741;1.3987;0.020349;-0.29523;1.2604;-0.17999;-0.25317;0.44812;-0.32536;2.1912;-0.19696;0.013083;-0.40304;-0.94214;1.1709;0.8535;1.5774;1.183;0.42732;-1.3414;0.82992;-0.68845;-0.58799;-0.087442;-1.1221;-0.53354;-0.46454;0.25414;1.6759;0.76905;0.69068;-0.33869;-0.90556;0.68566;0.95235;0.1651;-0.50061;1.4887;1.4858;-0.13367;-0.32871;-0.92926;-0.0075674;-0.34925;0.1929;-0.81369
11;3.6458;0.74691;-1.1716;-0.041097;-0.23532;-0.89861;-2.0333;1.8775;-0.45384;-0.76334;-2.6545;-0.91799;-0.052389;-0.70572;0.030502;1.8562;-1.3426;0.62596;-0.071753;0.11969;-1.0821;1.3859;-1.5403;0.17435;-0.78788;1.5546;-0.5197;0.42785;-0.35895;1.7906;-0.96256;0.29217;2.0511;0.081638;0.14536;-1.167;-2.1794;0.48569;-0.32753;1.4478;-0.22164;1.2241;0.4507;-1.0803;-1.082;0.083848;-0.60351;1.0658;0.77104;-0.67592;0.67848;-0.23263;-0.085325;-1.7802;-0.39104;-0.09639;0.45705;-0.34253;0.16619;0.018873;0.63889;-0.54384;0.37771;0.12552;2.424;1.3195;1.806;-0.45516;0.17585;0.27533;-0.59318;-0.24699;-1.532;1.1931;-2.005;-1.2007;0.16431;-1.3535;-0.31016;0.90696;1.0946;0.76744;-1.2918;-1.8791;-1.1534;0.27334;0.068602;-0.41676;0.53765;-2.1106;2.1066;-1.9308;0.22697;0.072613;-0.82203;2.042
12;0.53639;-0.40098;-1.4087;0.31631;-0.39244;0.025618;1.0016;-0.062929;-0.51027;0.56736;0.92294;-0.50692;1.1399;-0.42872;-1.7254;-0.97768;-0.22983;1.6856;-1.0431;-0.039675;0.69251;-0.87611;-0.61577;0.14228;0.68936;0.3555;-0.95383;0.6003;0.76093;-0.15468;-0.48061;-0.99338;0.64759;-1.4676;-0.93007;0.64001;0.53037;-0.78875;0.056813;0.53687;0.72167;1.5892;1.6812;-0.33145;-0.39085;-1.6269;-1.1409;-0.18906;0.68213;1.6037;-0.32024;-0.8461;-0.60346;0.14026;0.6996;-0.37594;0.16095;0.18309;-0.24528;1.2201;2.2312;-0.39492;1.7921;1.3346;0.47223;0.050558;-1.25;-1.0363;0.44035;-0.68547;0.51108;-1.4577;-0.80666;1.3204;-0.082447;0.23102;1.0881;0.30437;-0.055052;-0.71825;-0.42169;1.9853;1.2497;-1.3337;1.2143;-0.036352;0.36294;-0.90467;-1.0038;-2.0127;-0.72993;-1.5473;-1.0286;0.26689;-0.7216;1.4917
13;-0.31826;-1.7836;0.045253;0.68282;1.8476;-0.62709;0.3767;-0.56003;-0.791;1.3564;0.38889;1.4691;1.8955;-0.37568;0.52299;-0.28102;0.31122;0.42641;1.5783;2.7268;-1.1133;1.4714;0.0083481;1.64;-0.96028;0.92455;1.7097;0.46868;-1.3018;-0.036317;0.80153;0.4637;-1.7111;1.2973;0.5533;-0.76209;0.14838;-0.28375;1.5353;-1.268;-0.62514;0.65867;-2.3656;-0.6192;-2.0666;0.34452;0.79386;-0.60633;-1.0222;-0.049078;-1.7582;-0.66165;1.5231;-0.081172;-0.14318;-2.5671;-1.7273;0.20689;0.080603;-0.6484;-1.6587;-0.89371;0.22705;0.71018;0.041082;-0.76607;0.33932;-0.26384;0.48241;1.9556;0.0384;0.81463;0.45359;0.33822;-1.5461;-0.64665;-1.2853;-1.0101;1.0944;0.80039;1.4486;-0.86868;0.31633;0.74744;0.838;1.2121;-2.5659;-0.21034;-1.077;-1.0294;0.92582;-0.6107;-1.0427;0.1877;0.37183;0.72061
14;-0.77935;1.3758;-0.64988;1.5933;1.6853;-0.44761;0.79352;-1.0893;-0.95424;1.1333;-1.8563;0.46297;-0.32537;1.2371;1.8248;-0.46705;-0.46224;0.28345;0.049095;0.10709;-2.6305;2.5349;-0.75228;1.1572;-0.60445;-1.1602;-1.3839;1.3439;0.49059;0.96075;-0.29291;1.1882;0.79646;-1.4132;1.086;0.62869;-0.39549;0.17079;-0.63109;-0.061267;-0.29578;0.41478;0.66713;1.3723;-0.47092;0.5463;0.18282;0.41881;0.23167;-1.1533;-0.33865;0.5573;-1.2307;0.41116;-0.39911;-1.579;1.4248;0.18244;0.02413;0.99467;-0.87298;0.061282;-1.5546;-0.78269;-1.6313;-1.4015;-0.66621;-0.40128;0.12236;-1.4249;0.951;-1.3791;-0.085631;1.3405;0.22067;1.4468;0.39572;0.33714;-0.35852;2.0236;0.2435;-0.31844;0.19357;0.16382;0.75347;-0.52629;0.7085;1.7728;0.7596;0.47206;0.46078;-0.41083;-0.084054;-0.45904;0.87663;-2.0978
15;0.18934;0.84622;1.3196;0.46926;0.70061;-0.093311;-0.10222;1.021;-0.3977;-0.2565;1.2197;0.4078;0.090978;1.7866;-1.0393;0.056146;-1.1626;0.52377;-0.91145;-0.17168;1.8298;-0.80079;1.2467;0.61355;-0.25956;-0.58949;0.65626;-1.0626;0.20421;-1.168;0.60067;0.38058;-0.5052;0.85549;-0.65994;-0.34862;-1.2311;0.31698;-0.17821;-0.90822;1.1625;-0.23448;0.97395;0.75768;-1.5531;-0.20581;2.7265;0.01826;-0.17738;0.13379;0.31471;0.12377;-0.61783;-0.63263;0.0044777;-0.11217;-0.85056;1.5141;0.56691;1.0675;-1.0081;0.29978;-0.673;0.31006;-0.14784;-0.26224;0.29642;0.9474;0.39955;-1.1188;-2.0569;-0.082666;-1.1248;0.27194;-1.3498;1.0852;0.99402;-1.1051;-1.008;1.4572;0.88098;0.35338;2.6926;-1.246;-0.911;-2.219;0.45033;-0.87361;1.0084;0.49969;0.1585;0.49302;-1.2616;0.33101;-1.3082;2.7687
16;0.10891;1.4932;0.42219;-0.057896;0.43207;0.30664;2.4736;0.44567;1.7095;-1.4532;0.2829;1.0979;0.56314;-1.0717;1.1034;-2.3592;-0.35883;0.0081672;1.0597;-0.83483;-0.4129;0.71788;1.5814;-0.60634;0.61822;-0.16549;-2.3997;-0.83131;-0.79011;-0.85012;2.2845;-0.54446;0.4562;1.2236;1.3862;0.79397;0.74896;-0.60911;-1.095;0.15088;-0.028874;1.5525;0.82342;-1.0942;-0.00029411;0.31784;0.52922;-0.47603;-0.97074;0.58761;0.4778;1.7146;1.9731;-1.0607;-1.3747;-0.45229;0.1336;-0.41269;0.48378;0.62515;0.18802;1.927;-0.24792;0.10389;-0.87687;0.22861;0.73678;0.10642;1.4337;-0.71171;0.97358;2.5909;0.088721;1.7139;-0.88397;-0.64543;0.053767;-0.013291;-0.58603;0.33041;-1.2495;-0.28492;-0.63524;0.55224;1.0542;-0.88085;0.04837;1.7495;0.86663;1.7928;0.3518;0.98117;0.52315;2.105;-0.024939;0.081454
17;-0.86976;0.067645;1.0654;1.8173;0.43933;0.53847;-1.5575;-0.86098;1.5267;1.3525;0.8226;0.94976;0.59727;0.33422;-0.23041;1.6599;0.40451;-0.1285;-0.27745;-2.5758;0.70734;-0.10491;-1.1942;0.13094;-0.75921;1.272;-0.033765;-0.042687;0.0215;1.1535;2.6558;1.3879;-1.7137;-1.0579;-0.91623;-0.79148;0.19439;-0.97779;1.7114;0.21894;-0.43059;0.00041811;0.61267;-2.7471;0.32254;-0.11319;-0.42894;0.51669;0.84835;-0.31609;0.41573;-1.1622;-2.3097;-1.6391;1.1898;0.18523;-0.15081;-1.334;-1.0129;0.4354;0.39115;1.4746;-0.22336;-1.8867;-1.712;-1.1158;1.6376;-2.1006;0.77525;-0.32794;2.4965;-0.78772;1.3003;-0.20661;-1.0732;-0.82098;2.5675;1.9271;0.34051;0.46891;0.27134;2.0463;-0.91507;1.3123;-1.8235;-1.5131;-0.51641;0.76178;-0.73685;-0.17729;0.68131;0.78072;-0.076619;-0.67468;1.7665;0.82626
18;-0.81623;0.66079;0.13113;0.088704;1.0881;-1.4369;-0.38947;-0.31913;0.67844;0.9275;0.59801;0.23535;-0.27947;-0.18869;-1.1958;0.34336;-0.28057;1.0242;-0.47388;0.33434;1.83;0.76389;1.0298;-1.3442;-0.53172;0.385;1.277;-0.45794;-0.20895;-0.72752;1.512;-1.4043;0.5079;-0.45104;-0.68282;-0.18794;0.86955;0.92884;0.18965;0.11752;-0.21378;-0.18318;-1.8136;-0.59311;-0.16458;-1.5799;-0.47166;-0.12485;0.58663;0.40939;-0.2227;0.14848;-0.7589;0.080745;-1.1428;0.82544;-0.58679;2.5802;-0.078831;-0.21918;1.3107;0.5297;-0.53893;-0.10972;-1.6895;-1.0922;-1.7983;0.014163;-2.0434;2.5308;0.18698;-0.89574;0.70697;1.4415;0.44211;1.8029;0.98297;1.1231;0.44811;-1.5403;-0.27734;0.18548;-0.53903;-0.18429;0.087444;-0.25974;0.11088;0.2788;-0.35073;-2.2329;0.6555;0.8037;0.27729;-0.2382;-2.0066;-1.1825
19;1.5161;0.79989;-0.33915;0.72371;-1.2186;-0.048565;0.40661;-0.64356;0.47661;0.35405;2.4117;-0.5857;1.7043;0.10476;0.60926;-0.7756;0.82518;-2.3494;-0.1942;-0.48516;-0.89801;-0.94555;1.3049;0.20666;-0.093312;2.3779;-0.86621;-0.85522;-0.7497;0.32198;0.11888;0.14995;0.15933;1.4744;-1.4047;0.64832;0.38207;0.5101;1.5892;-0.44035;1.0047;0.081202;-2.4769;-1.3584;0.48326;-1.0234;0.18968;0.50839;1.4766;-1.4001;-0.40886;-0.097873;0.030857;-0.30668;1.7945;-0.31989;-0.33165;-0.82902;1.2499;-0.099094;0.011354;-1.1796;-0.78229;0.56351;1.8201;-0.85904;-1.4819;0.86435;0.12085;-0.22035;-0.43739;-0.93732;-0.74136;0.031476;-1.1177;-0.15704;-0.83478;1.6607;-0.34293;-0.73895;-2.4475;1.3;-0.826;0.13645;-0.88915;-1.3246;2.309;-0.72147;0.91228;0.62498;0.16689;-0.94103;-0.68684;0.33523;0.34563;-0.24663
20;-0.83408;-2.1202;1.1378;0.18562;-0.43487;-0.46741;0.20409;0.49229;1.4351;-0.43777;0.8915;0.69797;-0.9226;2.0927;-0.55829;-1.5252;1.2652;-0.30887;0.84777;0.16111;-2.4397;2.0863;-0.0096358;-1.159;-1.2115;-0.98316;0.46567;-2.0398;-0.64954;0.59182;0.22521;-1.1526;-1.3334;1.4485;0.84713;0.19138;-0.99696;-0.37506;-0.054939;0.74979;2.2003;-1.1209;0.0025009;-0.54631;-0.21715;0.81593;0.66734;0.1598;-1.9252;0.10565;2.1037;0.48958;-1.3793;-0.46861;0.1815;-1.3339;0.48708;-1.0496;1.632;-1.1639;-0.71725;-0.024416;0.94346;-0.58346;-0.57354;-0.21471;1.1797;1.7116;-1.3562;-1.3007;0.11663;-1.1708;-0.24582;-0.21066;1.7444;0.01465;-1.0809;-0.079768;-1.1881;0.70133;-0.17222;1.3472;-0.32787;-1.5304;0.93352;0.39857;1.4417;-1.6123;-0.72184;-0.32235;0.49479;0.24767;1.4898;-0.97421;-0.45672;-0.29977
21;0.41276;-1.2975;-0.189;-1.3979;-0.23468;-0.55585;0.92221;-0.68229;-0.23782;-0.5412;-0.50837;-1.9842;0.43474;0.7362;-0.55219;0.33366;1.8876;-0.053296;-0.68496;-0.92494;-0.15489;1.1853;0.33795;0.17803;-1.4241;-0.93049;-0.89151;-1.2207;-0.58428;-1.1676;0.6486;-1.2921;1.64;1.3661;-0.32447;0.70239;0.42862;1.6814;-0.66688;-0.96488;-1.1078;-0.74718;-0.14954;0.68445;-1.4998;1.0823;0.22421;0.36796;-0.79585;0.68032;1.0135;-0.71408;0.89414;0.6556;2.9422;0.7749;1.5541;-1.1048;-0.41006;-1.3144;-0.91678;-0.28943;0.27079;1.2173;-0.94823;-0.79913;-1.482;-0.68352;0.42277;1.2728;1.2482;-0.13577;0.0079022;1.4799;1.0398;-2.4922;0.18057;-0.081496;0.15435;-1.095;0.7773;0.064829;1.1933;1.2165;-0.40903;-0.39909;-0.57594;2.1429;0.0087966;0.9268;-0.56894;1.2345;0.69059;0.12754;0.10195;-0.1141
22;0.24275;0.013368;-0.39008;-0.52882;-1.1266;0.27073;0.8985;0.29484;-1.0721;0.3389;-0.054838;0.77319;-0.11367;0.48566;0.16476;-0.89577;0.25671;0.26738;1.0111;-0.025309;0.65251;-0.24405;-1.2525;-1.079;-1.1984;-0.19565;1.9622;1.4226;0.90967;0.16188;0.57415;0.6708;0.13849;0.3221;-1.5133;0.95704;-0.32403;0.51863;-0.24013;0.092431;-0.33435;-2.008;0.24256;-0.3658;1.5356;0.89962;-0.42094;0.21465;-0.20264;0.54403;-0.10749;1.3305;-0.0014607;-0.054216;-0.33088;-1.9398;-0.24338;-0.39948;0.76493;-0.2695;-0.083861;1.4442;-0.87662;-0.56718;0.44116;0.40681;-1.1137;1.3686;0.99474;1.1299;-0.7188;-0.52193;2.0718;0.64799;-0.20491;-1.2533;-0.29439;1.2414;1.011;-0.44794;-1.7763;1.3431;-0.75699;0.99805;-0.50046;0.012453;1.9155;-1.0032;-0.33523;0.99387;-0.38772;0.6599;0.25227;-1.0928;-1.3461;-0.033275
23;0.95456;-0.23705;-1.512;-0.93434;-0.51388;0.2743;-0.31647;1.1734;0.18213;-0.45965;0.17851;2.9752;1.5045;-1.5517;-1.1453;1.2319;0.16289;1.2044;-0.28472;-0.45958;-0.26411;-0.36005;-1.5412;0.67596;1.3777;-1.7551;-0.68933;-1.0664;0.08334;-0.73579;-0.34656;1.4433;2.6879;-0.0031133;-1.9389;-1.4758;2.0387;0.048139;0.89988;-0.60386;-0.19599;-1.4283;-1.8559;-1.0914;1.0485;0.76579;1.0216;-1.5737;-0.057957;-0.45187;1.305;0.43876;-0.55107;0.75457;0.15109;0.071381;-1.2164;1.6684;-0.95168;0.17476;-1.8903;0.51005;-0.22192;-1.2604;-1.2413;0.74875;-1.4839;1.3312;0.80456;-1.09;1.3324;-0.20555;0.65482;-1.5866;-1.4104;-0.063922;0.92744;-0.66174;2.3681;0.23984;0.14902;-0.64527;1.3852;0.93225;-0.090245;0.2706;-1.3243;1.6301;-0.4611;0.28159;0.6189;0.55026;1.9013;-1.888;-2.0494;-0.086825
24;-0.47932;-1.2187;-3.0484;0.72909;-1.3011;0.45829;0.062234;-1.4405;-0.43276;1.0132;1.2467;-1.4709;0.35494;-0.88376;-0.2786;0.4776;-0.59249;-0.09586;0.9169;1.7802;1.1904;-0.90003;-0.88722;-0.40564;-0.53378;-1.6096;0.60913;-0.48974;-0.069679;0.23694;-0.18704;-0.59203;-0.71909;0.61776;-0.6071;-0.84646;0.78403;-2.2148;-0.17215;1.0352;1.1106;-0.75358;0.063833;1.6732;1.3202;-0.0054822;-0.52588;-1.4474;2.4188;1.6371;1.1976;0.57705;0.67823;2.7353;-0.70849;1.8191;0.10194;0.77753;0.16436;0.47461;1.1066;-1.6687;1.073;-1.8201;-0.0057695;-1.1019;-0.11423;-0.031543;-0.26509;-0.42364;0.1784;-0.5914;-0.32535;0.34749;-1.1821;0.19506;-0.2036;-1.137;-1.3525;-2.0871;0.57906;-0.51819;0.23548;-1.6149;1.3847;-0.12031;-1.1049;-1.3563;1.1496;0.60086;-1.1316;0.94973;-0.3585;-0.92081;1.3403;0.55665
25;-0.11559;0.26303;0.99136;0.053109;-0.079607;0.63034;-1.0677;-1.1074;-0.62364;-0.022242;0.49027;-0.36187;1.323;-1.1964;-1.5811;-1.6023;2.003;-0.023249;-0.6538;0.63742;-1.1273;0.96536;0.62042;-0.16492;-1.7859;1.2773;0.19829;0.95689;0.81023;0.4283;0.66586;0.28387;0.67053;-0.83943;0.050866;0.87309;0.0958;0.52537;-0.36451;-0.25815;-0.51618;-0.05878;2.0436;0.86883;-1.2589;-0.12896;-1.4663;0.59048;1.4224;0.15908;-0.65949;0.90548;0.1825;-0.97394;-0.42321;-0.29483;-0.30085;0.53356;0.16142;-1.9554;-0.080208;0.72619;1.2158;0.68997;0.84954;-1.266;-0.43212;-0.17468;-0.16362;0.46396;-1.5999;0.14087;-0.13957;0.010185;0.25058;-0.43196;0.50869;0.1613;2.1769;-1.0836;-0.32871;0.19164;0.41953;1.1512;-1.8114;-1.1779;-1.3691;-0.77206;0.26047;-1.4893;0.29366;-1.0089;-0.055424;-1.7053;-0.23863;1.5105
26;0.36069;1.1094;0.032291;-3.8388;0.76923;1.6401;0.25998;1.8269;0.43201;0.034003;-0.22571;-1.1208;-0.8681;-0.19523;0.11355;0.88412;-1.7406;0.2101;-2.0243;-0.76718;0.61344;-0.37683;-0.4557;0.1078;1.5529;-0.91862;0.39379;0.21506;-0.067089;0.55738;0.57614;1.1862;-0.19989;-0.49526;1.4353;1.0087;2.4373;0.010889;-0.70235;-0.24338;1.3895;0.54839;0.04437;0.9135;1.9405;1.8637;-0.59654;0.29025;-0.50075;-0.24979;-0.41744;1.3556;-0.90184;-0.32241;-1.5233;-0.28774;-2.5343;-1.2222;1.01;-1.2728;1.5055;-1.7673;0.3725;-0.48264;-0.5775;-0.41363;0.054731;2.1464;-0.50972;1.0189;2.1565;-1.9109;-1.2773;1.0972;-0.20463;0.73576;0.14663;-1.7482;-1.8568;0.069737;-0.66092;-0.28605;-0.22757;0.014581;-0.72721;1.3017;-1.489;-0.83417;1.5601;0.76621;1.5905;1.6882;0.8032;0.43563;-0.074818;-0.47783
27;-0.69934;-0.82412;-1.1499;1.1371;-0.6775;-1.5576;0.76419;-0.2168;0.39582;0.14407;-0.69522;-0.44951;-0.31093;-1.5003;0.40336;-0.85333;-0.21107;-0.85513;-0.27304;0.92483;-0.031334;-1.3492;1.3336;1.2249;-0.036305;1.0114;-1.2479;-0.21946;0.64297;1.1296;-1.4203;-0.8769;0.63489;-0.2696;1.3532;-0.25541;-1.2421;0.88508;0.81016;0.24927;0.90311;0.070356;1.2435;0.60921;-0.81962;0.71627;-0.53227;1.3892;-0.96761;1.1257;1.3751;0.90578;-0.57244;-0.26456;-0.95535;-0.19612;0.61457;-0.929;-0.26677;-0.20384;-1.1376;0.36168;-0.69225;-0.30873;0.56691;0.14677;2.0585;1.1106;0.47126;0.86747;-0.17873;0.082387;-1.4389;0.46001;0.12999;-0.30597;0.36726;-0.51811;-0.72469;-0.54242;-0.0020503;1.9789;-1.3166;0.19086;-1.239;-1.6567;-0.2871;1.3116;-0.34365;-0.27672;-0.89218;2.0077;0.20666;1.5761;0.40899;0.72698
28;0.079506;-0.53927;-1.064;0.89179;-1.9636;-0.51972;-0.22195;-1.3097;-0.67037;-0.43218;0.30619;0.18766;-0.87918;-0.036872;-0.67426;1.4784;2.7612;-0.29235;0.48852;0.76771;-1.7358;-0.97818;1.5606;0.27291;0.31847;-0.34539;-1.2218;-0.047153;-0.39539;0.19927;-0.25978;1.5825;0.56415;-0.21895;-0.29342;0.51967;0.9472;-0.61497;0.085869;-1.91;0.068478;1.2238;0.52983;-0.089389;0.87867;-2.2725;-1.0114;-0.179;-0.63945;-0.15501;0.20562;2.1218;1.033;1.3065;0.054425;0.82993;1.2478;-1.5317;-0.79046;-1.1481;-0.97761;-0.52064;-0.29997;-0.51226;0.43197;-2.2762;-0.56509;0.19117;0.046385;1.2698;0.48672;-0.097631;0.010672;-0.19397;1.9077;-0.29931;-1.7751;2.4787;0.67144;-1.4024;-2.2985;0.34028;1.6309;1.8679;-0.94191;-1.2679;1.093;-0.8405;-0.46449;1.1653;-1.4733;-1.5882;0.83492;2.4049;0.29914;0.075144
29;-0.95603;0.45936;-0.33254;-0.75256;-1.0201;0.34039;-0.63761;0.53424;-0.85726;0.028901;0.57093;-0.098185;-0.46003;0.3949;1.0345;-0.93904;-1.002;-0.23414;1.9052;-0.54066;0.61139;-1.1315;1.5398;-0.064983;0.79703;1.195;1.0131;1.4626;0.15163;-0.72452;0.23077;-0.39925;0.025726;-0.72897;1.0839;-1.221;-1.2658;0.31718;1.3126;-1.4022;-0.35926;0.15608;1.0847;0.40981;-1.2259;0.04942;-0.45183;-0.21883;-0.79994;2.4427;0.35001;-0.084823;-0.94108;2.351;-1.1254;1.514;-1.3351;-0.64998;1.0855;0.11173;0.52356;-0.58113;2.8711;-1.4684;-1.3846;-0.39359;-1.1504;-0.80776;0.52712;-0.57843;-1.0394;0.48092;0.14861;-0.89186;-1.6194;-0.00346;0.36955;-0.71596;-0.085531;-2.6217;0.72286;0.038686;1.9868;-0.16698;-0.59923;-0.5362;-1.4745;-1.5318;-1.2813;-1.3312;1.2418;1.6774;-0.13444;-1.045;-0.045719;1.2507
30;-0.028306;0.18409;0.45574;0.76704;1.6294;-0.313;-1.1601;-0.33192;0.19459;0.32218;-0.099958;-0.36213;-0.12483;-0.08311;0.6321;0.11415;-1.4435;1.3488;-0.27962;0.020284;-0.3775;2.0861;-1.4248;0.76317;-0.88127;-0.17849;0.88014;0.44879;-1.5253;1.0856;-0.001043;0.63366;1.5579;0.89023;0.21825;1.4124;0.14966;-1.8286;-0.26578;-0.79317;-0.18994;-0.64641;0.12919;-0.70695;0.60028;1.2414;-0.80974;-0.47368;-1.6447;-0.6752;0.052192;1.1191;-0.20508;-1.9353;0.74493;0.28269;-1.5451;-0.024519;-0.12726;0.23298;-0.14625;-0.40061;-1.4659;-0.06072;-1.1596;-0.021687;-1.3252;-1.0658;0.18171;0.74991;0.83182;-0.053274;0.79042;-0.21998;-0.024591;-2.056;-1.2403;1.57;-1.425;-0.95587;0.41149;-0.25311;-0.77504;1.43;1.1924;-0.86499;0.33075;-0.35071;-0.22445;-0.56743;-0.51023;-1.273;2.7569;-1.2174;-0.79826;-1.1422
31;-0.15569;1.5793;1.6612;-0.87512;1.902;0.94627;-0.11942;-0.54405;-0.20406;-0.51327;0.74533;0.68212;-1.4299;0.33378;-1.0708;-1.3918;1.1433;0.59755;-0.12378;-0.28038;-0.14169;1.2109;0.011564;0.36551;0.18076;-1.1393;1.031;-0.1732;-1.214;-1.8904;-0.82121;0.59406;0.91799;1.417;-0.99904;-0.72797;0.29968;0.86526;-0.065916;-0.47392;-0.76364;-0.35865;-0.38691;-0.74014;0.074894;0.90639;-0.37541;-0.55184;0.084228;-0.63213;1.088;1.2983;-0.73098;-2.8689;0.23551;-0.18746;-0.30563;-0.57826;0.84441;0.55791;1.3908;-0.38934;-0.90984;0.3674;-1.6168;-0.334;0.24016;0.0968;-1.0052;0.24963;0.35915;-1.1801;-0.94122;-1.3713;0.14011;0.36566;-0.012066;0.54792;0.72866;-0.83428;-1.2266;0.74946;0.61147;0.53665;-1.0087;-0.72455;-0.13483;-0.36838;2.0611;-0.069898;-0.99826;1.5825;-1.0824;1.212;-1.0012;-0.75989
32;-0.8099;2.6872;0.73515;0.37139;-0.44263;0.35257;0.21753;1.5014;-0.70794;-1.3863;-0.33663;-0.21724;-0.76602;-0.18919;0.48745;1.2856;1.1297;-0.41035;0.27872;-1.9877;-1.3108;-0.86286;0.299;-2.7271;-0.74608;0.79082;-0.31845;-1.2013;0.33472;-0.42824;-1.3975;0.29608;-1.3717;1.2537;0.38422;-1.3878;-0.96011;-1.5802;-0.011557;-0.77765;-0.7558;-1.9863;-0.36947;-0.2555;1.9273;0.97277;0.18431;-1.6137;-0.2437;-1.5936;0.36023;1.6107;0.052483;0.093594;1.0561;0.23588;-0.71283;1.1339;1.2799;0.96855;1.3312;-0.31109;0.34047;0.3994;0.31772;0.60067;0.13359;-0.53857;0.0030824;-0.7495;0.78913;0.3492;0.18693;0.39084;-0.78102;1.7311;-0.26845;-0.78965;-0.60682;0.35101;-1.7472;-0.26265;-1.4737;-0.57307;1.3456;-0.12372;1.4917;0.34138;-0.37145;0.46816;2.1156;-0.81899;1.3077;-0.52409;-0.99955;-0.28538
33;-0.89784;-0.10689;0.62053;-0.12596;0.019406;1.9092;1.1705;-0.69537;-1.2864;-1.8128;0.9992;-1.0343;-1.8186;-2.9319;1.0482;0.4961;-0.28064;-1.0698;-0.91211;-0.1952;-0.48565;1.2185;0.99376;0.86058;-1.941;-0.5294;0.25259;0.23664;-0.73582;0.24784;1.0415;-1.7588;-1.712;-1.8347;-1.1686;0.51569;0.011062;-0.04632;1.8337;0.59426;0.40757;0.17194;-0.25716;-0.94638;-0.28235;0.22545;-2.2921;-1.6933;0.12138;0.85334;0.23269;0.32505;-0.61173;0.92439;-0.057693;-1.5179;-0.42536;-1.2198;-1.6439;0.011845;-1.0754;-0.89545;0.10122;-0.099863;-0.28766;1.5951;0.52426;0.21185;-1.2273;-0.24723;0.3361;-1.3794;0.17484;0.70368;0.26522;1.2728;0.21339;1.3932;1.4697;1.0358;0.39973;0.32326;0.25511;-0.15548;-1.4794;-0.03787;0.15895;-1.0743;-1.7801;0.278;0.92617;0.98226;-1.2088;0.76306;-0.15189;0.12942
34;0.15657;1.3834;-1.6959;-1.084;1.7601;-1.6653;0.32286;-1.7841;-1.8964;0.75719;-0.67621;1.2507;0.88897;0.2363;-0.52214;0.25821;0.79111;0.52292;-0.8237;-0.010893;-0.11273;-1.578;-0.23287;0.29853;0.56733;0.92444;0.38864;-0.97306;0.18404;1.8951;0.81492;0.54736;0.1189;-0.45524;-1.5398;1.9598;-0.51215;0.062096;-1.3183;-0.69225;0.53648;-0.84841;-0.92688;0.16674;0.23591;-0.717;0.77781;0.78455;0.46836;1.6349;1.7913;0.0010313;0.38868;-1.4744;0.69684;0.944;0.62271;1.1915;0.27107;-0.40812;-0.4003;-0.53337;0.13133;1.3717;0.39677;0.67136;-0.31682;-0.50508;-0.2789;-2.0277;-0.14935;-1.2016;-1.3783;1.3108;0.22738;-0.80668;0.51233;-0.33665;-1.6216;1.3203;-0.75818;-0.70441;-0.11035;-0.30323;0.22366;0.63515;1.2896;-1.4099;0.017314;0.74724;2.2361;-0.75274;-1.6251;-0.59202;-0.50743;-2.0751
35;-0.807;-1.4048;-0.27539;-0.15695;-0.1683;1.4237;-2.1515;0.0079044;0.34627;-2.6674;-1.1721;-0.22651;1.8604;-0.99569;-0.12778;0.62438;0.75078;0.23536;0.70816;-0.068383;-0.25494;0.43084;-0.03192;-1.3433;-0.55451;1.7706;-0.029988;1.6677;-2.352;-0.40884;-0.39271;-1.8114;-0.063951;-0.61673;1.0405;-0.36907;-0.93147;0.34324;0.1984;0.035513;0.59242;-0.70383;-0.60259;-0.42821;1.1305;0.3193;-0.14612;-0.76227;-0.1289;-1.2125;-0.8088;0.47913;-0.97921;0.57795;-1.4171;-0.53634;0.81193;0.018254;0.8627;0.022733;1.723;0.4253;1.1649;-1.5138;0.70158;1.1807;0.9665;1.0948;-0.27328;-0.27149;-0.41855;0.47828;-1.6858;-0.87529;-0.015328;0.16436;-2.3239;-0.56453;0.10826;0.31777;0.21602;-2.1595;-0.20771;-1.2611;0.21834;0.34483;-0.15826;0.28109;1.2602;-0.55211;-0.74855;-1.1776;-0.17249;-0.44998;-0.44674;-0.62213
36;-0.99661;-0.11741;-1.0449;0.87458;1.4216;-0.57279;-1.7804;0.55087;0.94888;1.6176;0.2124;-1.0023;-0.53564;0.35252;-1.5948;-0.16128;-0.1231;0.11353;0.60118;-0.03781;-0.9715;-0.25419;0.18864;-0.323;0.75021;0.32755;-0.89276;-0.81934;-0.66804;-0.6493;0.57587;-0.19244;-1.5824;0.7662;-0.36765;-0.46408;0.59645;0.80333;0.32368;1.032;1.5838;-0.93282;-0.17051;1.3992;-0.15065;-0.66109;-0.027745;-0.33362;-0.82155;0.70611;1.0528;-0.78369;0.46028;1.2442;0.78605;0.33603;-0.89561;0.63388;-1.0698;-0.021775;0.92843;-1.2011;-0.071172;-1.2606;-0.19917;-0.55425;0.39696;1.77;2.6233;0.55665;-0.99808;0.56621;0.76225;0.60259;1.2403;0.047493;1.1638;-1.8754;-1.1463;-0.87053;-1.3075;-0.64596;-0.9412;1.0542;-0.96169;2.194;-0.22445;1.0009;-1.1563;1.8613;-1.4137;-0.046356;-0.52928;-0.16734;2.0712;-0.702
37;-0.77732;-0.53028;1.5494;0.45623;1.0259;1.3874;-0.49507;1.0599;1.5856;0.95781;1.1137;0.75877;-0.68842;-0.81253;1.3875;-0.68349;0.4678;-0.19219;-0.50475;0.76998;-0.35658;0.7477;0.84396;0.52651;0.63256;-0.28503;2.0291;-0.10869;1.2677;-0.43589;1.1308;0.55837;0.72953;1.0059;0.49505;0.70252;-0.87685;-0.63704;-0.5944;1.1822;0.41523;-1.4523;0.71219;-0.8753;0.27951;0.4384;0.034821;-0.56303;0.73624;-1.1165;-0.76198;-0.60499;-0.72431;-0.13737;-0.90806;0.40155;1.4326;-0.016654;-0.15397;-1.2409;-0.062622;-1.5583;2.1012;0.56473;1.1989;1.3064;-0.062516;-0.81797;-0.45109;2.1274;-0.13621;1.4542;1.3658;-1.4606;0.1119;-0.19825;0.88195;-1.0383;0.44688;1.9111;1.0886;0.034261;1.0086;-0.92647;-0.17169;0.14871;1.3418;-0.022636;0.73554;0.54867;0.10883;1.1504;1.0716;-1.0008;-0.031365;-0.47049
38;-0.16162;-0.77442;-0.38968;1.2272;-1.0526;0.63925;-0.90441;0.80762;1.9491;1.6689;-1.3727;-0.34056;1.4927;-0.51833;1.2586;-0.18088;0.65422;1.3275;0.76863;0.74436;-0.50014;0.67225;1.1945;-0.10753;-0.85711;0.029923;0.40875;-0.37253;-0.05859;-0.26635;0.36043;0.79585;-0.6285;-1.1939;0.42459;-0.0014639;1.1339;1.8309;-1.0245;0.25611;-1.0367;-0.94749;-0.72008;2.2943;1.4153;0.46691;-1.3681;1.6893;0.50358;0.79136;0.16746;0.53861;1.0809;0.63029;-0.051082;1.5042;-0.71426;-0.46253;1.1342;-0.8275;-0.99369;-1.7166;-1.453;1.7651;1.0376;-1.1467;-1.2448;-0.025528;-0.34984;0.68029;0.10952;0.65961;0.67629;0.82705;2.1616;1.1224;-1.239;1.6219;-0.26804;-0.17185;1.4761;-0.6727;-0.13317;1.6537;-1.2752;1.6468;-0.81555;-0.11602;-1.5737;0.5724;-0.99003;0.55256;-1.1953;-0.22775;0.38766;-0.80602
39;-0.06177;-0.041625;1.0478;0.88603;-0.23181;2.3405;-1.0126;1.3963;0.58163;-0.56699;0.32454;0.065312;-0.91225;1.0368;-0.38681;1.1288;0.62743;-0.080616;1.0516;0.6665;-1.7167;0.23769;1.8258;-0.56118;0.27194;-0.55392;0.20503;-0.46111;-1.6686;1.4161;-0.78609;0.32517;1.2217;1.7007;-0.54909;-0.42603;0.18902;0.5191;1.5169;-0.44341;0.11294;0.31812;-1.7353;-0.0057946;0.91987;0.60801;0.99724;0.72218;-0.063244;-0.21779;-0.414;-2.2582;1.8614;-0.13491;-0.75579;-0.17017;0.74634;-0.11612;-0.80307;2.0446;-0.41187;-1.5738;0.28473;-0.90632;0.84544;1.1271;1.6651;0.65957;-0.46543;0.93435;-1.0218;-1.2323;-0.32248;-0.29411;-0.11953;-0.1929;-0.094151;-1.0297;-0.53946;-0.12935;0.4201;0.14541;-0.63907;0.42468;-1.0869;-0.49863;-0.39022;-0.0019191;-0.47148;0.99759;0.32037;0.5727;-1.6104;0.78554;-0.21319;-0.65312
40;1.6946;-0.42249;0.54914;-1.0688;0.34594;0.59209;-0.0085494;-0.61382;0.15067;0.27422;-0.86266;-1.1954;-1.9749;-0.12208;1.2007;-0.11428;-1.2027;1.2291;-1.7051;-0.27396;0.78926;-0.30996;-0.78524;-1.7805;0.51164;-1.205;0.12169;-1.1323;2.5098;1.0433;-0.73093;0.16911;0.44004;-1.0755;-0.43472;-1.4099;0.60047;0.5039;0.39776;2.1431;-0.687;1.0965;-0.19684;0.054614;-0.085135;0.39883;1.3099;0.99555;2.5958;-0.24932;-0.11287;-1.9384;0.93453;1.6947;1.8738;0.35871;-0.33649;-0.080819;-0.25198;-0.24206;-0.71827;1.6298;-0.27583;-0.21229;0.62997;0.066721;-0.80354;-0.30922;1.1542;-1.2246;-1.0438;0.86834;1.1037;0.14263;-0.36299;-0.6893;0.17713;-0.32668;0.95873;2.0042;2.1269;-0.31953;0.040445;0.0063187;-0.019089;0.037884;-0.39055;0.47446;0.37398;-0.59925;0.33845;-0.78855;0.018982;-0.71743;1.8214;0.86743
41;-0.21411;0.48046;0.57573;-0.090647;-1.0383;-1.1253;-0.18254;-0.11222;-1.0185;2.3049;-0.037237;0.52673;1.4518;0.046569;0.19546;-0.83311;-0.9137;-1.0878;-0.59345;-0.27891;1.3164;0.31575;0.32234;-0.45296;0.72675;0.118;-0.024471;0.78987;1.4611;-0.077048;1.5384;0.86948;0.089697;-1.2586;1.2364;0.0084915;-0.62671;0.49935;0.33664;-0.80594;1.6031;-1.0403;-0.58197;1.6143;-1.314;0.46036;0.71189;1.6393;0.32166;-1.4574;1.6133;-1.1192;-1.0476;1.1795;-0.97688;0.38671;0.003955;-1.4816;-0.36368;-0.10731;1.0605;-1.152;0.014361;1.5967;0.96095;-0.74232;-1.0022;1.1908;0.18611;-0.92166;-0.027464;1.4063;-1.0261;-0.96179;0.40652;0.44125;1.117;-0.57484;0.42871;1.1896;-0.65877;-0.21686;1.5895;-0.20756;2.7535;-0.092955;0.0045104;0.41106;-0.13323;-0.049016;-0.58373;1.063;0.20559;-0.23094;-1.1035;-0.65231
42;-0.25777;-0.23273;-0.61407;0.46415;-1.3756;-2.4769;0.39108;1.5176;0.37028;-0.95933;1.1555;1.2023;-0.37377;0.27788;-1.2539;0.39748;-0.35304;-1.2601;-0.67464;0.13448;0.44717;0.90322;0.5365;1.4976;0.21517;-0.89432;-2.1901;1.1736;2.4953;0.58379;-0.30073;-0.00091516;-0.34948;0.25958;-0.30995;-1.7383;-0.6888;-0.28451;-0.30544;-1.3017;1.5571;0.18845;-0.49854;-0.91425;-0.28195;-0.28014;-0.016557;-0.023029;-1.2228;0.9207;-0.34654;-1.37;0.99155;0.57974;-1.4296;-0.0020975;1.9999;0.52037;-2.2575;2.3246;-1.2193;0.044834;0.51803;-0.4503;0.54289;0.40314;0.43361;-0.38497;-3.5403;0.25651;0.92328;-0.061324;-0.98345;0.3885;-0.44966;1.7862;-1.7974;0.084497;0.30341;0.41305;-0.68816;-0.58682;-0.0033657;-1.2319;-0.93786;1.3756;-0.99601;-1.1565;-0.86551;0.079362;-1.9484;-1.1596;0.14243;0.29181;0.55201;-1.4229
43;-0.8339;-1.3587;-0.99155;0.61211;0.22064;0.13978;1.3412;-2.3328;-0.11179;0.62602;-0.91747;0.078099;-0.7126;0.40313;-1.1757;-0.098008;0.23154;-0.77681;1.2227;-1.0147;0.55651;0.18151;-1.3953;-0.4375;-1.1809;0.0051832;-0.8597;0.012881;0.86717;-0.5482;0.00085685;1.099;-0.21587;0.42306;-0.52156;1.6974;1.2471;-1.2741;1.2598;-0.17677;0.33302;-0.14312;0.35953;0.57411;0.56444;-0.63794;0.99165;-1.8394;-0.84406;-1.8272;-1.2965;-0.56509;1.0904;0.29799;-0.02587;1.146;1.1723;-0.97701;2.2964;0.52913;-0.18829;-0.043294;-0.726;2.2284;0.9528;0.27307;-0.4771;-0.90796;-1.3959;0.80467;1.7816;0.55142;0.60413;-1.37;-0.71612;-0.30454;0.65879;-0.62338;0.037665;-0.85674;0.99874;-1.8918;-0.72791;-1.7484;-0.28948;-0.069538;0.70876;-1.1252;0.82249;0.48972;-1.8017;-0.7347;1.9596;-0.23703;-1.932;0.19238
44;0.9913;0.17481;-0.16828;0.38436;-1.8275;-2.2294;0.2935;-0.45398;0.13472;0.051482;-0.1919;0.22668;0.097365;0.50698;-2.1321;2.288;-0.64642;-1.1258;3.03;-1.2157;0.31645;-1.5831;-1.024;-0.20085;0.8739;0.87022;-0.60876;1.7544;-1.0524;-0.31047;-0.56789;0.30629;-0.15814;0.064888;0.89426;-1.8105;0.6957;-0.25643;1.485;0.076454;-1.4173;0.82216;-1.1882;-0.6197;1.0979;-0.052825;-0.48807;-1.1829;-0.49256;0.88773;-1.1677;-0.55125;-1.1052;-0.11246;-0.71199;0.32218;0.64047;-0.57739;-1.4694;-1.2951;0.95113;1.6834;1.1786;-0.020208;0.43043;0.60681;1.0689;-1.1964;1.7153;1.2894;-1.6975;-1.6446;0.34616;0.697;0.94085;0.24659;0.4651;-0.059548;0.61165;0.12492;0.63715;-0.38165;0.44113;0.46985;-0.96548;2.1966;0.70456;-0.071417;0.77725;-1.2074;0.1248;-0.65892;0.49638;1.5569;0.32287;0.30264
45;-0.32534;-1.6328;0.99945;0.50881;0.67524;-0.2313;1.5769;1.8279;-0.84132;-1.1996;0.042702;-1.911;0.91042;0.21238;0.13686;0.09542;-0.32334;0.32763;-0.079113;-2.1446;0.33419;0.16703;0.049311;1.0264;-0.55548;1.2189;-0.97653;1.3157;-0.48844;0.072195;-0.17209;-1.2221;-0.71934;1.765;1.0142;0.091323;-1.4971;1.1886;0.47213;-0.7418;-2.0985;-1.0813;0.05749;-0.57902;0.87828;-0.51944;2.11;1.3134;0.49345;-0.52458;1.5233;1.7356;0.17161;-0.68449;-0.2122;1.0064;0.44736;0.5862;0.48361;-0.27925;0.54369;2.6244;0.89916;0.83615;-1.6425;1.0053;0.18053;-1.521;-0.65765;-1.3903;0.11134;0.11629;-0.057557;-0.28321;0.016778;0.96435;-0.22246;0.28361;-1.2929;0.98378;-0.64001;0.80853;-1.8174;-1.9991;0.12162;-0.51545;0.091011;-1.5859;0.41786;0.13623;0.49982;-0.52836;-0.86124;-0.66832;0.62178;1.251
46;-0.75026;-0.80067;0.0018876;0.52181;-1.7272;-1.8619;0.53644;-0.21385;-0.29608;-1.0413;-0.47177;-0.49483;1.2386;0.53947;2.0919;1.2163;0.45493;0.066395;-0.14301;-0.18187;1.1343;-1.3125;-1.1772;1.6415;0.68357;0.46893;-0.5156;1.1299;-0.67071;-1.1796;0.52752;-0.33124;0.12645;-0.27937;-2.3489;0.33017;0.755;-1.6929;-0.77331;0.95726;-1.1836;-1.0986;1.9262;1.3339;-1.1039;-1.2411;0.74882;1.069;1.1884;-1.893;-1.7395;-1.2236;-0.36115;-0.2832;-0.50612;-0.34824;0.38855;1.6796;-0.25804;-1.5493;-0.030725;0.073198;1.9664;-0.2599;-0.12191;-1.5542;0.01369;0.13019;0.067267;-0.54156;-0.55275;0.035015;-1.0694;-0.039646;0.50586;-0.83658;1.5672;-0.56871;-0.90798;-0.65385;0.77364;1.1222;1.3984;0.65124;1.2612;-0.10469;0.13135;-0.67502;2.091;-0.77662;-0.93073;-0.85923;0.64125;-0.13147;0.53189;-0.56775
47;0.49713;0.35153;0.72812;-1.7485;0.00046699;-0.78416;0.39871;-0.19683;-1.825;-0.38986;1.0031;-1.639;0.031369;-1.0183;-0.80902;-0.71445;-2.3218;-2.2636;-0.6096;-0.28279;0.29967;-0.79805;0.62079;-2.5959;2.0977;0.10917;0.20757;0.54627;1.3907;0.37291;-0.35795;-0.17317;-0.72731;0.33833;1.1751;1.5272;-0.44073;0.74214;-1.1679;0.59123;-1.8161;2.1736;0.65555;0.36936;-0.30277;0.7837;-1.1212;-0.34979;0.76796;-0.48003;-0.72039;-0.49629;0.61722;-0.46155;-1.7039;0.36082;-0.50086;-0.065405;0.84517;-0.091804;-0.35807;-0.94412;-1.002;-1.0973;0.14029;0.56572;0.44804;1.5998;0.82747;0.76782;-0.64238;1.6747;1.1085;-1.5476;0.24067;-0.27192;-0.40997;0.38564;0.47113;0.27859;0.85504;-1.6332;-1.4229;0.49253;0.42551;0.62964;-0.75754;0.28048;1.1006;0.66667;1.0194;-0.32428;-1.2422;0.35222;2.1303;1.2798
48;-0.96048;0.49051;-0.27122;0.72883;-0.19352;0.12413;0.4762;-1.8955;1.8489;0.92866;0.17056;-1.0898;-0.98832;-0.37979;-1.0046;0.30226;0.60871;-0.69734;-0.52637;1.3158;0.23042;-0.87771;-1.4866;0.74963;1.4364;-1.3032;-1.68;0.40621;0.50833;2.244;-2.4527;1.1405;0.25956;-0.96584;0.55347;-0.6501;-0.51502;1.7885;-2.063;-1.9757;0.42498;-0.64939;-0.13083;-0.069964;-0.36434;-1.7718;-1.2741;0.17667;-0.71813;0.31536;0.21176;-1.0454;-1.5401;-0.11448;1.244;-1.3293;-1.3724;0.050898;0.30499;-1.0586;0.1582;-0.052881;0.32963;1.3428;-0.37025;-0.40139;-1.5152;0.54383;0.76664;0.056308;0.37402;0.166;-0.94815;-2.1773;0.28206;2.4765;-0.20857;-0.49482;0.62097;0.45897;0.84209;0.98486;-1.0011;-0.28087;-0.30383;0.36455;0.95918;0.073168;-0.024488;-0.9495;-0.1271;1.0681;-1.0493;0.056777;-0.022912;0.079889
49;0.93003;-0.83898;-0.77535;-0.5429;-0.15192;-0.21063;1.4539;-0.76314;-0.05526;0.90311;-0.25046;1.1825;0.78627;0.81252;-0.4391;0.11529;1.3225;3.0549;-0.23706;0.63328;-0.13934;0.67148;-1.5422;0.77192;0.86433;-1.2714;1.4968;0.15944;-0.13284;0.80143;0.75938;-2.4799;0.42234;0.4617;1.0254;0.68435;-0.14123;0.67739;-1.6117;-0.22049;-1.2829;0.54754;0.25453;-0.83252;-1.7141;0.13711;0.57869;-1.5284;-1.4876;1.1094;1.0105;-1.6793;1.0042;0.4083;-1.0807;0.051429;-2.0216;-0.33815;-3.5728;1.7078;1.6629;0.22379;0.11405;-0.74054;1.9766;0.38885;1.9349;-2.2332;0.27381;-1.5921;-0.067763;0.85044;2.0996;-2.3194;1.8037;-0.24318;-0.93279;-1.6078;-0.81338;-0.46131;1.5138;-0.85544;-0.23219;1.0895;1.1599;-0.29735;0.69245;-0.4374;-0.6053;0.67203;-0.39266;-0.066164;-0.0041351;-0.20922;0.2404;0.8253
50;-0.54516;1.6974;1.3065;0.61876;-0.33214;1.2577;-1.2413;0.22586;-0.067663;0.67582;-2.1055;0.59438;-0.35958;0.93703;0.18524;-0.94814;-0.26803;0.57793;-0.92205;-0.23462;0.50853;-0.66369;0.85214;-1.6191;-0.1353;1.0724;0.91376;-0.44864;0.45147;0.28981;-0.68169;-1.2753;-0.70076;-0.47025;-0.17957;-1.2515;1.6722;0.41663;0.34964;0.71437;-1.1722;1.1869;0.56853;-1.1604;0.19181;-0.42409;0.40387;-0.44591;2.1496;-0.82369;-0.20801;0.52578;-1.0976;0.58361;0.020387;-1.4048;0.18516;0.080915;0.96878;-0.28766;-0.54134;1.1311;-0.42085;0.27505;-0.44945;0.83391;0.93743;-0.64474;0.61431;-0.19188;0.22492;0.86107;1.2994;-1.3747;1.4203;0.9375;-1.0878;-0.13063;1.8772;0.3635;-0.19295;-1.2886;0.041861;-0.062731;0.5149;-0.38099;-0.98753;0.41284;-0.70763;0.09919;1.9784;-0.21613;-0.25919;0.996;1.4464;0.11836
PARTICULAR
GAIN
9
