TITLE;72 random variables, variable gain
FOCUS ON;
EXPERIMENT TYPE;SingleAmongManyVaryingGain
PARAMETERS
normalization;Standard
pcaRecompositionThreshold;0.95
component;1;2;3;4;5;6;7;8;9;10;11;12;13;14;15;16;17;18;19;20;21;22;23;24;25;26;27;28;29;30;31;32;33;34;35;36;37
type;RandomNormal;RandomNormal;RandomNormal;RandomNormal;RandomNormal;RandomNormal;RandomNormal;RandomNormal;RandomNormal;RandomNormal;RandomNormal;RandomNormal;RandomNormal;RandomNormal;RandomNormal;RandomNormal;RandomNormal;RandomNormal;RandomNormal;RandomNormal;RandomNormal;RandomNormal;RandomNormal;RandomNormal;RandomNormal;RandomNormal;RandomNormal;RandomNormal;RandomNormal;RandomNormal;RandomNormal;RandomNormal;RandomNormal;RandomNormal;RandomNormal;RandomNormal;RandomUniform
p1;0;0;0;0;0;0;0;0;0;0;0;0;0;0;0;0;0;0;0;0;0;0;0;0;0;0;0;0;0;0;0;0;0;0;0;0;0
p2;3;3;3;3;3;3;3;3;3;3;3;3;3;3;3;3;3;3;3;3;3;3;3;3;3;3;3;3;3;3;3;3;3;3;3;3;1
RESULTS
COMMON
distance
which;Manhattan(Average);Manhattan(GeometricAverage);Manhattan(Median);Manhattan(Minimum);Manhattan(MinimumTimesMedian);Manhattan(Summation);Euclidean(Average);Euclidean(GeometricAverage);Euclidean(Median);Euclidean(Minimum);Euclidean(MinimumTimesMedian);Euclidean(Summation)
plain;1.074;1.0731;1.0735;0.91683;0.98419;1315.7;0.16792;0.16748;0.16756;0.12537;0.021006;205.7
PCA;1.074;1.0731;1.0734;0.91729;0.98462;1315.7;0.16795;0.16751;0.16755;0.12537;0.021006;205.73
DE00;1.0796;1.078;1.0826;0.96853;1.0319;1322.5;0.33867;0.30676;0.3125;0.17673;0.04909;389.51
DE01;1.0799;1.0781;1.0841;0.96521;1.0386;1322.4;0.30816;0.31646;0.326;0.18222;0.048601;406.45
DE02;1.0794;1.0777;1.0824;0.96515;1.037;1322.3;0.32791;0.31;0.30903;0.17637;0.050228;404.36
PCA
weights;0.013875;0.013497;0.013421;0.013998;0.013815;0.013601;0.014249;0.013877;0.013961;0.014279;0.013791;0.013459;0.013393;0.014161;0.01364;0.013553;0.013978;0.013685;0.014242;0.014004;0.013879;0.013869;0.01356;0.01396;0.014187;0.013953;0.013798;0.014096;0.013489;0.014149;0.013671;0.014105;0.013696;0.01402;0.01406;0.014004;0.013614;0.013752;0.01377;0.01388;0.013741;0.013881;0.014011;0.014265;0.013912;0.014037;0.013924;0.014167;0.01395;0.013813;0.013721;0.014071;0.014096;0.013542;0.013923;0.013568;0.013523;0.014092;0.014236;0.013885;0.013458;0.013733;0.014032;0.014198;0.013968;0.013869;0.013777;0.014112;0.014112;0.014276;0.014041;0.014079
differential evolutions parameters, by distance type
i;dDE / dP;distance;type;parentWeight;crossover;population;iterations;distance;weights ->
1;1.0051;1.0796;2;0.85;0.5;50;50;Manhattan(Average);0.0010815;0.0015803;0.011722;0.00010529;0.0019458;0.0025051;0.017374;0.0003428;0.011139;0.00029385;0.00019353;0.00027419;0.0005989;0.001155;0.00013651;0.00088639;0.022245;0.0099302;0.00032806;0.0017031;0.021084;0.012792;0.0014236;0.001046;0.0015072;0.0055396;0.007159;0.00027788;0.00098389;0.011462;0.0031713;0.00026144;0.0008989;0.0046598;0.0025541;0.00066377;0.0334;0.032313;0.027868;0.024769;0.025868;0.023836;0.020027;0.032523;0.028446;0.028484;0.028623;0.031862;0.02131;0.031764;0.029272;0.0029852;0.0024131;0.019077;0.028696;0.032018;0.00041125;0.0012147;0.028009;0.032738;0.02703;0.00281;0.029105;0.029692;0.027883;0.03336;0.026859;0.022571;0.019319;0.019769;0.025718;0.0069317
2;1.0055;1.0799;2;0.85;0.5;50;50;Manhattan(Average);0.00073922;0.0011736;0.017976;0.0010242;0.0029523;0.0025941;5.6381E-05;0.00054997;0.028062;0.0016719;0.0001206;0.0014748;0.0001797;0.00022848;3.0784E-05;0.00052338;0.00014149;0.009957;9.9624E-05;7.2601E-05;0.002443;0.0089509;8.522E-05;0.0010526;0.00095225;0.0014399;0.0043122;0.0011451;0.0019744;0.013881;0.0036691;0.0004392;0.00061253;0.0041685;0.00057386;0.00022225;0.036058;0.026262;0.016867;0.018802;0.037155;0.02996;0.0023516;0.030394;0.029488;0.017746;0.03446;0.03572;0.015064;0.035878;0.035097;0.0037526;0.029376;0.0062189;0.034412;0.029946;0.00078726;0.0013245;0.032087;0.026381;0.032581;0.021515;0.032756;0.033509;0.028121;0.025805;0.026713;0.030766;0.035718;0.031683;0.016561;0.0031312
3;1.005;1.0794;2;0.85;0.5;50;50;Manhattan(Average);6.2473E-05;0.00071562;0.0080333;3.6645E-05;0.00011069;0.00055692;0.0021746;0.0013924;0.011895;0.0020509;0.00016675;0.02609;0.0036355;3.1997E-05;9.4529E-05;0.0004367;0.0147;0.014339;0.0023481;5.6169E-05;0.0034181;0.016903;4.2776E-05;0.00095943;0.0034087;0.004558;0.0092481;0.00084899;0.0003577;0.02333;0.012994;0.00095095;0.00062436;0.0080567;0.00060213;0.0019271;0.031004;0.031967;0.018041;0.010074;0.026699;0.02863;0.029198;0.031915;0.031696;0.016023;0.013793;0.028954;0.011936;0.029907;0.029366;0.0025891;0.019533;0.023373;0.030599;0.030502;0.00059567;0.013812;0.026022;0.030039;0.024454;0.01467;0.031083;0.02852;0.028853;0.02576;0.0063813;0.028148;0.031452;0.028789;0.0049555;0.023508
4;1.0046;1.078;2;0.85;0.5;50;50;Manhattan(GeometricAverage);0.00070976;0.011023;0.017864;0.00025107;0.00040085;0.0043484;0.0021787;0.00063334;0.0096048;0.0040425;0.0007223;0.0020272;0.00077039;0.00045064;0.00066197;0.00057282;0.0060834;0.022847;7.1456E-05;0.0001339;0.026151;0.013798;0.0029612;0.00059863;0.0095071;0.0038645;0.011272;0.0013492;0.00065149;0.015212;0.010914;0.00090655;0.0001724;0.00539;0.0002643;0.001827;0.029416;0.02659;0.02286;0.024325;0.025978;0.028097;0.019872;0.027104;0.025551;0.022386;0.024809;0.023793;0.024112;0.025624;0.020352;0.01282;0.022123;0.010309;0.027972;0.025286;0.00026914;0.0015624;0.027708;0.020082;0.028194;0.018538;0.026144;0.026003;0.025706;0.028859;0.019985;0.028303;0.023117;0.028415;0.027515;0.0099839
5;1.0047;1.0781;2;0.85;0.5;50;50;Manhattan(GeometricAverage);0.00063363;4.2485E-05;0.017149;0.00041462;0.0031685;0.0024521;0.0093536;0.00066529;0.0252;0.0015452;0.0017625;0.0017395;0.00039249;0.00070822;0.00012846;0.0015775;0.00097315;0.0288;0.00036475;0.00097747;0.024293;0.019898;6.293E-05;0.00018799;0.0049621;0.010832;0.0080756;0.004847;0.0019857;0.017885;0.022847;0.00045952;0.00034913;0.0067563;0.0041325;0.00272;0.026404;0.031126;0.014798;0.011339;0.021277;0.023524;0.01642;0.03024;0.029326;0.022644;0.025646;0.030687;0.0033106;0.023857;0.027627;0.0095917;0.024368;0.0033623;0.028887;0.024404;0.0023251;0.00066124;0.031229;0.019805;0.029429;0.014827;0.029661;0.030914;0.03154;0.021581;0.029347;0.023831;0.025973;0.030787;0.013295;0.0076112
6;1.0043;1.0777;2;0.85;0.5;50;50;Manhattan(GeometricAverage);0.00078357;0.0017393;0.012891;0.00048739;0.014338;0.0026894;0.0090195;0.00037615;0.022428;0.00072984;0.00029262;0.00025912;0.00049843;0.00055372;0.00014989;0.00035487;0.0015871;0.020199;0.0020852;0.010412;0.023337;0.020261;0.0015273;0.0019896;0.0065349;0.0036615;0.025925;0.016152;0.0014366;0.011292;0.020432;0.00041765;0.00088916;0.01792;0.00047416;0.0019752;0.026662;0.024535;0.018192;0.0054789;0.026562;0.023756;0.02249;0.024529;0.026695;0.025755;0.024882;0.022067;0.01997;0.026141;0.02428;0.0074562;0.021296;0.010447;0.025268;0.026234;0.00092723;8.7241E-05;0.026285;0.023139;0.021403;0.014781;0.025375;0.026186;0.0244;0.021816;0.025989;0.023396;0.021348;0.025211;0.025194;0.005667
7;1.0564;0.96853;2;0.85;0.5;50;50;Manhattan(Minimum);0.0085723;0.0081997;0.022133;0.015192;0.002762;0.00016826;0.021204;0.018155;0.0081593;0.0058431;0.022369;0.0057457;0.0083519;0.017464;0.024636;0.011857;0.005206;0.0044491;0.006587;0.01157;0.015595;0.010274;0.013531;0.0057421;0.0049558;0.0090619;0.02025;0.017372;0.0251;0.011441;0.0063449;0.0095698;0.020244;0.016971;0.016054;0.016232;0.0088817;0.0098647;0.021788;0.0054541;0.024935;0.0082285;0.0095593;0.020738;0.02233;0.016304;0.022258;0.00064384;0.0098754;0.022528;0.0039665;0.018496;0.018751;0.016562;0.022847;0.0047941;0.0119;0.024766;0.024935;0.02391;0.0092386;0.014644;0.021227;0.026974;0.0048371;0.02725;0.0073162;0.024431;0.0030279;0.019792;0.017058;0.0025241
8;1.0528;0.96521;2;0.85;0.5;50;50;Manhattan(Minimum);0.011783;0.017403;0.0080746;0.014626;0.0063203;0.022291;0.016382;0.014026;0.016584;0.010027;0.017347;0.011485;0.0030423;0.015735;0.013155;0.01964;0.017643;0.0023432;0.0033692;0.024179;0.022861;0.012094;0.01907;0.011172;0.0050236;0.018861;0.024303;0.0064426;0.022701;0.020839;0.0025966;0.0062389;0.0043424;0.023844;0.019177;0.0084509;0.0022506;0.023473;0.020254;0.007573;0.013064;0.015772;0.012078;0.018989;0.018604;0.0091418;0.011628;0.000553;0.0025555;0.024554;0.002903;0.0098834;0.0094902;0.012751;0.023357;0.010319;0.018733;0.0098867;0.02146;0.0054324;0.016042;0.020658;0.025557;0.02466;0.019143;0.021673;0.0074908;0.0076214;0.02054;0.015241;0.0061822;0.017017
9;1.0527;0.96515;2;0.85;0.5;50;50;Manhattan(Minimum);0.020065;0.004995;0.01568;0.023665;0.0075079;0.01158;0.010163;0.0038105;0.014363;0.024374;0.00099051;0.012672;0.0077705;0.024041;0.0091077;0.008936;0.02173;0.0040458;0.0027954;0.020599;0.024869;0.01521;0.009171;0.017912;0.014483;0.024695;0.017197;0.011074;0.011799;0.017875;0.01558;0.010358;0.010583;0.0018027;0.014287;0.0087226;0.0025203;0.02153;0.024426;0.0078346;0.013517;0.01849;0.0024512;0.010313;0.019177;0.0047772;0.018231;0.015156;0.018278;0.023435;0.015301;0.0023368;0.022123;0.007868;0.019806;0.020162;0.014154;0.016721;0.012063;0.011191;0.0084961;0.0088866;0.022334;0.021727;0.02385;0.025393;0.0051617;0.010645;0.022101;0.024106;0.0036094;0.0073154
10;1.0085;1.0826;2;0.85;0.5;50;50;Manhattan(Median);0.0013396;0.004563;0.012227;0.0041842;0.011641;0.027065;0.025399;0.0089851;0.017818;0.023983;0.0092249;0.014785;0.0088942;0.0040992;0.00063647;0.01405;0.016167;0.0098232;0.013251;0.013227;0.010877;0.0011717;0.018472;0.016008;0.003317;0.0077567;0.015099;0.00051264;0.0070214;0.013645;0.024995;0.001301;0.014643;0.01303;0.01581;0.023271;0.024288;0.017341;0.018409;0.019517;0.024472;0.0039069;0.013846;0.013636;0.020804;0.013883;0.013374;0.018889;0.0035754;0.020604;0.025736;0.0032171;0.017367;0.021454;0.0271;0.00033842;0.012949;0.0070923;0.025464;0.0097358;0.019993;0.0078847;0.02312;0.0094966;0.02048;0.0051606;0.014945;0.022084;0.021115;0.021917;0.0067994;0.02171
11;1.0099;1.0841;2;0.85;0.5;50;50;Manhattan(Median);0.024086;0.02092;0.013653;0.00071841;0.017936;0.018618;0.009605;0.0018657;0.025581;0.010846;0.0094659;0.00080687;0.0090725;0.0097579;0.0022791;0.014506;0.022776;0.023433;0.0012091;0.0043497;0.0081845;0.015625;0.0078048;0.023653;0.017858;0.020367;0.023633;0.0030363;0.0084609;0.024755;0.022891;0.003635;0.011799;0.014295;0.004675;0.0067961;0.0097793;0.011394;0.02095;0.020572;0.024272;0.013707;0.010855;0.0042069;0.026684;0.020699;0.022901;0.0030087;0.017543;0.016043;0.009656;0.0067091;0.0018469;0.0048309;0.024649;0.0060284;0.017615;0.01792;0.020852;0.0054859;0.026497;0.0028396;0.010497;0.023249;0.015201;0.012154;0.018357;0.00095566;0.024637;0.021557;0.023975;0.022917
12;1.0083;1.0824;2;0.85;0.5;50;50;Manhattan(Median);9.9126E-05;0.0034851;0.00050804;0.0046445;0.019986;0.022116;0.0010026;0.010101;0.020344;0.022446;0.012386;0.016427;0.010058;0.016458;0.0094677;0.0021879;0.029569;0.02635;0.012213;0.018923;0.023171;0.0044847;0.0044679;0.0019906;0.01427;0.0017666;0.0020164;0.020333;0.018639;0.014972;0.028244;0.014871;0.01112;0.0056629;0.00060036;0.019954;0.033982;0.031205;0.023818;0.033935;0.01806;0.027316;0.0046066;0.00081394;0.023776;0.027151;0.017973;0.0025476;0.021279;0.01409;0.0057757;0.015112;0.00094161;0.0065404;0.030132;0.0017407;0.0021115;0.0044845;0.028034;0.01691;0.0024037;0.012826;0.029092;0.031877;0.0034543;0.010744;0.0071737;0.01276;0.006862;0.023422;0.0024605;0.019257
13;1.0485;1.0319;2;0.85;0.5;50;50;Manhattan(MinimumTimesMedian);0.016687;0.0047749;0.0069286;0.016415;0.0021136;0.0021151;0.019712;0.022116;0.018738;0.0073779;0.022295;0.015972;0.0078547;0.0078372;0.017465;0.019366;0.0043148;0.010242;0.016761;0.016166;0.018453;0.022403;0.00521;0.008899;0.0022823;0.023993;0.014921;0.010068;0.01754;0.024035;0.012785;0.022309;0.020772;0.006091;0.013541;0.012898;0.0011551;0.01021;0.022562;0.0030906;0.0093984;0.015549;0.012312;0.020298;0.020213;0.020353;0.014255;0.0069998;0.00043856;0.012463;0.021108;0.016025;0.01232;0.018069;0.017904;0.01207;0.022552;0.014215;0.011853;0.024857;0.0056376;0.0021052;0.012354;0.021484;0.025157;0.024962;0.011853;0.018557;0.019003;0.022188;0.00217;0.0028048
14;1.0553;1.0386;2;0.85;0.5;50;50;Manhattan(MinimumTimesMedian);0.0070114;0.009334;0.015628;0.017166;0.0034258;0.021001;0.015652;0.010885;0.015007;0.014555;0.016748;0.018842;0.012067;0.017992;0.018575;0.012744;0.021698;0.015054;0.0015554;0.021663;0.018647;0.01675;0.0048955;0.015728;0.017151;0.02362;0.023048;0.008453;0.011506;0.004302;0.017264;0.012151;0.019983;0.012302;0.0064631;0.010481;0.0046493;0.022203;0.0024047;0.0037968;0.0088423;0.02019;0.021835;0.0095504;0.014403;0.013598;0.01977;0.0093405;0.0074313;0.013504;0.011806;0.0035519;0.010675;0.0042674;0.019377;0.013202;0.020029;0.0027847;0.014489;0.019111;0.012084;0.010857;0.017186;0.020902;0.016534;0.01915;0.0076362;0.019451;0.011179;0.021852;0.021911;0.0211
15;1.0536;1.037;2;0.85;0.5;50;50;Manhattan(MinimumTimesMedian);0.012716;0.0067117;0.0126;0.025083;0.0050453;0.019406;0.016825;0.012611;0.012709;0.012041;0.021021;0.0048877;0.01145;0.023676;0.018108;0.0039929;0.019991;0.0099267;0.0094565;0.017684;0.016785;0.012338;0.013187;0.0084863;0.0094411;0.016689;0.012979;0.0073661;0.019402;0.012065;0.005963;0.014307;0.024399;0.012305;0.00862;0.011326;0.0017698;0.0062247;0.01816;0.016954;0.0082859;0.022078;0.015704;0.017489;0.025033;0.023805;0.021062;0.011445;0.011837;0.020743;0.0076399;0.006095;0.014408;0.0037392;0.01768;0.011253;0.013333;0.014068;0.018961;0.020378;0.014697;0.012078;0.016639;0.024331;0.0097704;0.017537;0.0094693;0.011793;0.011919;0.024262;0.011203;0.0065589
16;1.0052;1322.5;2;0.85;0.5;50;50;Manhattan(Summation);0.00094909;0.0038314;0.020502;0.00069623;0.0017315;0.0023059;0.0002686;0.0018921;0.011802;0.00080007;0.0003608;0.0026014;3.4781E-05;0.00021087;2.8294E-06;0.001613;0.0010906;0.010984;7.7709E-07;0.00070033;0.01658;0.00026351;0.0029239;0.00059079;0.0018575;0.0043513;0.00064077;0.0011189;0.00069725;0.032029;0.018726;0.00112;0.00055942;0.0070487;0.0043282;0.0031581;0.028535;0.032562;0.02069;0.007431;0.024032;0.029382;0.017333;0.023809;0.02969;0.018174;0.02718;0.034696;0.0086537;0.032281;0.033301;0.0018477;0.012948;0.021307;0.030502;0.024944;0.0041728;0.0025347;0.031634;0.020933;0.015908;0.019863;0.033555;0.0346;0.02693;0.017845;0.028268;0.03159;0.025119;0.031896;0.033266;0.024217
17;1.0051;1322.4;2;0.85;0.5;50;50;Manhattan(Summation);0.001245;0.00331;0.015499;0.00050848;0.00012366;0.0056864;0.0041531;0.00016211;0.014521;0.0018488;0.0004579;0.0012141;0.0004876;0.00035666;0.0014341;0.0024101;0.0075539;0.0010367;0.00048679;0.00033223;0.0059751;0.0073169;3.8387E-05;0.0013319;0.0020616;0.0026187;0.0084435;0.0020688;0.00099184;0.023389;0.018192;0.00023916;0.00032954;0.0067225;0.0017233;0.00041464;0.019733;0.031107;0.019187;0.010987;0.027799;0.021807;0.019448;0.034272;0.030283;0.028166;0.033087;0.0071778;0.02027;0.026943;0.024335;0.0070246;0.027946;0.020921;0.024375;0.020106;0.0018347;0.0059418;0.024417;0.024941;0.034497;0.017166;0.025988;0.033566;0.029939;0.030151;0.032562;0.03352;0.031936;0.023197;0.033536;0.017148
18;1.005;1322.3;2;0.85;0.5;50;50;Manhattan(Summation);0.0021245;0.0017988;0.030275;0.00053132;0.027;0.00050327;0.018588;0.00011895;0.024851;0.0020799;0.00049538;0.0013294;0.0010544;0.00052658;0.00072027;0.0022915;0.0020246;0.013786;0.0022167;0.00050739;0.016004;0.0097082;0.00035082;0.0010362;0.0037585;0.0020799;0.0056333;0.0011927;0.00093064;0.012426;0.0055119;0.00041995;0.0011229;0.0017081;0.0010868;0.0037103;0.032204;0.028033;0.015108;0.031976;0.033173;0.030036;0.013116;0.031468;0.018164;0.017842;0.027469;0.021122;0.0085992;0.030972;0.022353;0.0027183;0.020201;0.021961;0.031314;0.020681;0.0015843;0.0015959;0.024398;0.029621;0.030103;0.0014012;0.032371;0.032435;0.030841;0.02814;0.017971;0.032545;0.025648;0.02042;0.023665;0.0092495
19;2.0169;0.33867;2;0.85;0.5;50;50;Euclidean(Average);0.0016387;0.0024685;0.00207;0.0032512;0.0027684;0.0068578;0.0024144;0.00095682;0.0009034;0.076937;0.0036527;0.0031554;0.0076621;0.00053057;0.00042833;0.00051968;0.00074938;0.0045923;0.0069295;0.0073266;0.079916;0.0049783;0.0010602;0.0032888;0.0043402;0.0020823;0.0040702;0.079225;0.0053961;0.0032378;0.002327;0.071204;0.0012202;0.0021881;0.079033;0.0067405;0.0013766;0.0015532;0.0783;0.0044152;0.007164;0.079559;0.00052395;0.0014829;0.0035027;0.0039999;0.0087012;0.0078891;0.011406;0.065083;0.0096391;0.0040375;0.012099;0.00037185;0.010344;0.00039746;0.0014682;0.0018551;0.0053732;0.0040753;0.0014872;0.0097891;0.0010881;0.0053813;0.063254;0.078229;0.00018995;0.0033026;0.0015135;0.0040098;0.016732;0.0042871
20;1.8352;0.30816;2;0.85;0.5;50;50;Euclidean(Average);0.00017484;0.062592;0.0013619;7.4579E-05;0.0011155;0.062589;0.0020465;0.0033691;0.0011892;7.8051E-05;0.058237;0.013704;0.0049152;0.0024514;0.0086985;0.0047771;0.0010356;0.0063188;0.060533;0.0053361;0.003846;0.00098729;0.054509;0.0085749;0.0049046;0.0049725;4.1565E-06;0.0047725;0.024783;0.0022031;0.0063303;0.0011357;0.0020926;0.002919;0.000334;0.0094624;0.056401;0.0016909;0.058686;0.0025264;0.0010432;0.013692;0.003182;0.005262;0.00052021;0.0047673;0.055897;0.00048139;0.0036148;0.062138;0.0017923;0.00017197;0.0057763;0.0014452;0.054311;0.003018;0.00095007;0.0048607;0.00087284;0.0020758;0.00010606;0.063154;0.060186;0.062665;0.0077887;0.00061981;0.0010849;0.0021676;0.00016468;0.0035939;0.013801;0.0070644
21;1.9528;0.32791;2;0.85;0.5;50;50;Euclidean(Average);0.0022528;0.00032118;0.024988;0.0016557;0.0013135;0.004743;0.0070939;0.00018299;0.00059853;0.00093492;0.0085323;0.077696;0.0068602;0.0018221;0.0069682;0.0012024;0.012702;0.074166;0.00091172;0.0019378;0.00026572;0.022801;0.0034692;0.012964;0.0034494;0.01941;0.0013093;0.0025532;0.069603;0.0059076;0.0031802;0.0021341;3.0416E-05;0.020071;0.063176;0.074065;0.0010552;0.00091532;0.074428;0.079476;0.0035452;0.00041037;0.00037287;0.00094673;0.010462;0.0026033;0.01326;0.0041241;0.0020263;0.0053131;0.0058147;0.0058635;0.00025946;0.014598;0.073806;0.0037402;0.00026243;0.008202;0.0023366;0.0023346;0.00043687;0.0010891;0.080414;0.0035649;0.0053797;0.0010001;0.0017943;0.037667;0.00075106;0.0035349;0.00042217;0.0065169
22;1.8317;0.30676;2;0.85;0.5;50;50;Euclidean(GeometricAverage);0.00043114;0.0011104;0.0035984;0.00020507;0.0062538;0.027633;0.0023242;0.0056103;0.0059098;0.0050219;0.010329;0.066162;0.0034398;0.006929;0.0032926;0.069031;0.0019451;0.00056997;0.0017696;0.0012373;0.00079207;0.0019144;0.068358;0.01856;0.0033652;0.0012488;0.00017823;0.0045084;0.020541;0.041456;0.070204;0.0089066;0.012214;0.061926;0.0023827;0.060281;0.00064606;0.066406;0.0038848;0.063525;0.0017037;0.00046141;0.00040522;0.0089889;0.0082441;0.00012517;0.0017628;0.00046888;0.0093148;0.0012522;0.0075097;0.0048978;0.071259;0.0034943;0.0044627;0.0010696;0.0037993;0.0094264;0.00055062;0.0012874;0.067763;0.020297;0.010241;0.0024915;0.0032829;0.00084727;0.00065261;0.0021383;0.0043132;0.0014116;0.010141;0.0018339
23;1.8896;0.31646;2;0.85;0.5;50;50;Euclidean(GeometricAverage);0.0027167;0.0052312;0.066968;0.0088049;0.06697;0.064709;0.0025917;0.00018802;0.00012971;0.00092657;0.0015205;0.0647;6.3321E-07;0.05858;0.0022438;0.0021719;0.058378;0.00019585;6.7343E-05;0.066616;0.00019445;0.00096045;0.00021788;0.045747;0.0052779;0.001701;0.00062693;0.0042938;0.0060658;0.0028959;0.00062008;0.00035044;0.00093833;0.0005304;2.2356E-05;0.0093461;0.012168;0.0010396;0.063617;0.00015725;0.00038359;0.065193;0.064434;0.0014847;0.0044704;0.0045662;0.0057842;0.0013175;0.002008;0.0014306;0.00086677;0.055393;0.006117;0.00014297;0.0016286;0.00098804;0.0066883;0.0032096;0.00020163;0.0011541;4.6212E-05;0.062393;0.0091601;0.0004292;0.036286;0.0043422;0.0017364;0.0080042;0.0071482;0.0029007;0.0054992;0.0041132
24;1.851;0.31;2;0.85;0.5;50;50;Euclidean(GeometricAverage);0.0074779;0.0018588;0.068975;0.0078181;0.0029848;0.0067913;0.0045698;0.0070035;0.00074945;0.06843;0.0045771;0.065263;0.0044103;0.0017721;0.0016298;0.00076308;0.055289;0.0054316;0.0043173;0.000167;0.0022586;0.00080134;0.0027175;0.0040568;0.0024885;0.0020273;0.0036955;0.015606;0.0036682;0.032756;0.0040797;0.0051724;0.022261;0.00038889;7.1987E-05;0.0079506;0.056786;0.073889;0.075961;0.00020954;0.011672;0.00021488;0.0028538;0.004204;0.013364;0.0041819;0.0021606;0.0017595;0.0007753;0.00045335;0.067709;0.00092496;0.0024497;0.02189;0.0084995;0.0013404;0.070309;0.0079213;0.00041602;0.0014096;0.0070028;0.0017892;0.00095913;0.0031801;0.00070228;0.014011;0.012598;0.0027831;0.015073;0.075206;0.0039578;0.0011032
25;1.4097;0.17673;2;0.85;0.5;50;50;Euclidean(Minimum);0.0029292;0.0032331;0.0084985;0.0048227;0.0037509;0.0014923;0.0024142;0.03744;0.00046966;0.037601;0.0015719;0.0061387;0.038328;0.014729;0.0049354;0.00043597;0.037938;0.010475;0.00042557;0.0041354;0.031626;0.038393;0.0022795;0.0021573;0.032796;0.016267;0.036835;0.032458;0.034913;0.0042821;0.029313;0.0090868;0.034262;0.00063202;0.0046347;0.0002433;0.010118;0.00035463;0.00093729;0.018955;3.2526E-05;0.0036987;0.00056915;0.0054384;0.038184;0.0012661;0.021304;0.037044;0.014825;0.03568;0.001154;0.026799;0.032098;0.012156;0.0031232;0.027722;0.00088481;0.0058462;1.6631E-05;0.0017066;0.037495;0.011729;0.00065404;0.0041562;0.0033286;0.0021245;0.025334;0.011181;0.00058615;0.038094;0.010309;0.023151
26;1.4535;0.18222;2;0.85;0.5;50;50;Euclidean(Minimum);0.0020605;0.0015605;0.038282;0.041259;0.00067513;0.040253;0.00065339;1.5305E-05;0.016158;0.0010418;0.029374;0.0010776;0.0052917;0.0044267;0.00097966;0.00084646;0.0045539;0.034127;0.024662;0.0022941;0.0033367;0.0015679;0.024245;0.00095212;0.0053675;0.042681;0.011039;0.042855;0.041046;0.0040124;0.00065438;0.0040534;0.011646;0.0012413;0.0032188;0.00023537;0.0031909;0.034923;0.038944;0.042269;0.037496;0.002218;0.0039091;0.018491;0.0022017;0.00028335;0.031786;0.0033974;0.00042591;0.025494;0.021684;0.033773;0.0028312;0.00073626;0.0039891;0.0020226;0.040855;0.031863;0.00035854;0.00041316;0.00055081;0.0052264;0.026811;0.041047;0.04069;9.2867E-05;0.0082662;0.00026888;0.0024693;0.042076;0.00038766;0.00081417
27;1.4068;0.17637;2;0.85;0.5;50;50;Euclidean(Minimum);0.019069;0.028181;0.00067352;0.0016453;0.034979;0.026292;0.0012102;0.036414;0.0037128;0.0033638;0.025947;0.01155;0.0051334;0.033782;0.0026349;0.0061174;0.001971;0.0075761;0.0065484;0.037196;0.014614;0.00013245;0.0015455;1.2435E-05;0.033476;0.029769;0.036951;0.00051706;0.035541;0.00032237;0.029618;0.00027346;0.037323;0.027238;0.0012871;0.014653;0.00030748;0.0038549;0.00018849;0.00012373;0.0039434;0.031508;0.0012333;0.032855;0.0024454;0.024947;0.0010513;0.00023123;0.0014042;0.00016264;0.00014861;0.0044795;0.034051;0.00089532;0.034963;0.037321;0.025107;0.00062514;0.013948;9.6309E-05;0.0046148;0.018995;0.023659;0.036145;0.0045166;0.021879;0.037126;0.020749;0.0057487;0.00097777;0.010623;0.0018063
28;1.9456;0.326;2;0.85;0.5;50;50;Euclidean(Median);0.00070455;0.002443;0.00066695;0.0034688;0.0010292;0.0091378;0.0020999;0.00022789;0.013258;0.0015999;0.00049486;3.2546E-05;0.045514;0.0051117;0.0010158;0.0069011;0.0014248;0.00066191;0.016822;0.065467;0.0014802;0.0023892;0.001501;0.070323;0.067034;0.00043963;0.003755;0.0031136;0.002064;0.0071523;0.00052131;0.00079523;0.067507;0.038394;0.0053086;0.004284;0.0030045;0.0093352;0.0024656;0.0015567;0.0036799;0.0077975;0.00095573;0.073803;0.0021422;0.0015273;0.073197;0.0055032;0.023487;0.0014776;0.00066762;0.004956;0.0047585;0.0020454;0.070995;0.00049574;0.0042049;0.0037968;0.0034251;0.06668;0.072325;0.0065505;0.0055548;0.0040738;0.001371;0.002535;0.00030131;0.0055535;0.064344;0.0058267;0.00019689;0.0052665
29;1.8443;0.30903;2;0.85;0.5;50;50;Euclidean(Median);0.0001506;0.0030897;0.0016619;3.8694E-05;0.0047251;0.0020105;0.059853;0.0075943;0.00051855;0.0038992;0.00050135;0.057167;0.0053917;0.00082778;0.053435;0.00036787;0.0024498;0.012929;0.0014152;0.0024153;0.056437;0.059826;0.004135;0.00096926;0.00036867;0.055617;0.0018686;0.05896;0.0043694;0.0072925;0.0036039;0.00099958;0.047874;0.054951;0.061876;0.0067902;0.0038289;0.00075605;0.012271;0.0040105;0.0046035;0.055389;0.0009931;0.059696;0.0010436;0.00084302;0.026252;0.011097;1.6508E-05;0.00050404;0.00067492;8.1853E-05;0.0018822;0.057871;0.0032786;0.0032718;0.0026612;0.006859;0.061641;0.0011341;0.0071286;0.003368;0.0010602;0.0041378;0.002013;0.0033398;0.0033452;0.00055088;0.002;0.0020038;0.0012896;0.0027249
30;1.865;0.3125;2;0.85;0.5;50;50;Euclidean(Median);0.067037;0.0029332;0.0027378;0.0028111;0.014107;0.0040375;0.0019649;0.011033;0.0031313;0.032981;0.012481;0.0027778;0.0039795;0.0071854;0.0014965;0.001822;0.0046873;0.017545;0.0028624;0.0024532;0.072065;0.0055466;0.0047054;0.00055296;0.030329;0.0039494;0.072783;0.0022894;0.0024774;0.020786;0.0052;0.00098541;0.0025682;0.0013422;0.0017106;0.0030833;0.06943;0.0142;0.064464;0.013535;9.8474E-05;0.0017127;0.00013338;0.0022159;0.071758;0.013098;0.0005278;0.0024543;0.0045882;0.0017293;0.0048199;0.0025914;2.6477E-05;0.0012421;1.3116E-05;0.001211;0.028477;0.0052866;0.0045834;0.071073;0.0044281;0.011261;0.0050271;0.00072091;0.0016407;0.071469;0.00040412;0.0098144;0.007027;0.010809;0.065295;0.0023979
31;2.337;0.04909;2;0.85;0.5;50;50;Euclidean(MinimumTimesMedian);0.037602;0.040141;0.0011519;0.00059587;0.0002046;0.00062129;0.0011687;0.0063114;0.00038016;0.039249;0.00045283;0.0053113;0.00098429;0.040989;0.00089207;0.0038987;0.00064252;0.00081765;0.0055219;0.007308;0.042739;0.035941;0.00090643;0.00301;0.0035685;0.0052377;0.01123;0.010919;0.0010871;0.039733;0.042016;0.042481;0.04047;0.003155;5.5427E-05;0.0020159;0.0096818;0.042743;0.0023624;0.0016091;0.0016355;0.0033537;0.0080387;0.042033;0.0017135;0.001249;0.0010282;0.014718;0.00042523;0.0020728;0.001193;0.00030361;0.04227;0.033101;0.042585;0.00066807;0.001052;0.00046306;0.0064249;0.035986;0.0030902;0.0033813;0.015113;0.040707;0.039663;0.041679;0.0032937;0.00058399;0.035657;0.00025097;0.039603;0.0014586
32;2.3137;0.048601;2;0.85;0.5;50;50;Euclidean(MinimumTimesMedian);0.041698;0.00027158;0.00011831;0.017472;0.032314;0.0060438;0.041822;0.0018054;0.041768;0.029824;0.0020839;0.00095266;0.0016819;0.038216;0.033428;0.00071259;0.00049342;0.028942;0.0307;0.0053015;0.001068;0.001385;0.0031376;0.00085937;0.0027716;0.00013673;0.00095206;0.00047255;0.0010366;0.00037308;0.042834;0.0037119;0.0003786;0.017782;0.035933;0.0016594;0.0030567;0.037577;0.0033717;0.0006358;0.040051;0.042333;0.00013054;0.00068446;0.04262;0.0019304;0.0013388;0.0044252;0.042744;0.034624;0.0013263;0.041822;0.00043129;0.0010345;0.00077025;0.0020464;9.2349E-05;0.0035797;0.042173;0.00079636;0.039304;0.034295;0.0010389;0.037279;0.04253;0.0028363;0.009426;0.0040666;0.00815;3.249E-05;1.3435E-05;0.0012915
33;2.3911;0.050228;2;0.85;0.5;50;50;Euclidean(MinimumTimesMedian);0.00024238;0.00069043;0.00034805;0.046777;0.0047032;0.04114;0.041934;0.034951;0.045511;0.00063639;0.0014484;0.034817;0.00092996;0.04534;0.002381;0.0017859;0.0028153;0.033902;0.00055977;0.0037826;0.00045595;0.01836;0.00037621;0.00081092;0.011934;0.0042817;0.0047951;0.0005796;0.0017627;0.00218;0.0014707;0.0059502;0.047789;0.00037282;0.0021914;0.0009548;0.014665;0.0014806;0.00039391;0.001908;0.0038754;0.043938;0.04702;0.0015215;0.00066672;0.0042406;0.0018017;0.0014032;0.0022948;0.00013231;0.038277;0.002352;0.0044845;0.0030059;0.0016882;0.042639;0.00071962;0.046585;0.04696;0.01866;0.0040716;0.0010604;0.00050115;0.045224;0.047098;0.0018017;0.0010024;0.041289;0.029043;0.045709;0.0020231;0.0015031
34;1.8936;389.51;2;0.85;0.5;50;50;Euclidean(Summation);0.071401;0.0034861;0.0098963;0.00022419;0.010036;0.0013094;0.0045065;0.018237;0.012817;0.0015379;0.0023697;0.072642;0.0035798;0.0023567;0.0038966;0.0078964;0.0010656;0.0011362;0.0015664;0.067868;0.046765;0.00037023;0.00062076;0.066379;8.4039E-05;0.0047299;9.8056E-05;0.064716;0.001918;0.059699;0.0016908;0.0030906;0.00115;0.0017073;0.025148;0.0054747;0.064425;0.06272;0.0048877;0.022362;0.0019916;0.0020629;0.00010416;0.071883;0.0008941;0.0031229;0.00015807;0.0038468;0.014941;0.00267;2.7845E-06;0.073526;0.0029429;0.0045804;0.0020649;0.0014275;0.0027222;0.0019376;0.005105;0.00064502;0.0038896;0.0002876;0.0017719;0.016411;0.0053578;0.0050193;0.0088302;0.00045717;0.0036537;0.0025246;0.0003699;0.018932
35;1.9759;406.45;2;0.85;0.5;50;50;Euclidean(Summation);0.0031603;0.0068423;0.015707;0.0021882;0.075703;0.0034705;0.0054759;0.073013;0.0079862;0.0032037;0.00079106;0.0062293;0.0002744;0.009953;0.0044847;0.063781;0.0010276;0.00080001;0.0017374;0.0016381;0.0071961;0.0025388;0.069184;0.074206;0.011832;0.0096933;0.053586;0.0012014;0.074361;0.0047919;0.0025417;0.0019361;0.072332;0.0012738;0.0085978;0.00016146;0.019894;0.0041068;4.3803E-07;0.00027994;0.0036308;0.0013591;0.0040803;0.00016678;0.00093254;0.00096634;0.00292;0.00067836;0.0019027;0.077013;0.001647;0.0076182;0.0055205;0.0061855;0.00067451;0.072395;2.2253E-05;2.3948E-05;0.0024449;0.062208;0.0011389;0.00043984;0.0098267;0.0013462;0.00087116;0.0047959;0.0090349;0.00069705;0.0067659;7.597E-06;0.0015284;0.0039751
36;1.9658;404.36;2;0.85;0.5;50;50;Euclidean(Summation);0.0027523;0.0077387;0.063053;0.010583;0.00020844;0.0059864;0.0022397;0.065034;0.0035872;0.0017207;0.066934;0.00431;0.015088;0.0018782;0.0075567;0.00046008;0.071524;0.0012491;8.0852E-05;0.00023917;0.022727;0.00097554;0.00042221;0.0082061;0.0010142;0.066613;0.070771;0.0010016;0.012409;0.073518;0.00091596;0.0035133;0.0019918;0.0053213;0.0025866;0.073734;0.0023754;0.002796;0.0012636;0.0027504;0.0033027;0.072926;0.072139;0.0040553;0.0011835;0.002437;0.070923;0.0053867;0.0080989;8.5886E-05;2.7779E-05;0.00054712;0.00067871;0.00049706;0.0033189;0.0028479;0.00067399;0.0049034;0.00062706;0.0090571;0.0013483;0.0040731;0.0070392;0.0074521;0.014027;0.00047869;0.0032082;0.00012859;0.0076536;0.0031565;0.00051432;7.4725E-05
differential evolutions parameters, by distance
i;dDE / dP;distance;type;parentWeight;crossover;population;iterations;distance;weights ->
1;1.0043;1.0777;2;0.85;0.5;50;50;Manhattan(GeometricAverage);0.00078357;0.0017393;0.012891;0.00048739;0.014338;0.0026894;0.0090195;0.00037615;0.022428;0.00072984;0.00029262;0.00025912;0.00049843;0.00055372;0.00014989;0.00035487;0.0015871;0.020199;0.0020852;0.010412;0.023337;0.020261;0.0015273;0.0019896;0.0065349;0.0036615;0.025925;0.016152;0.0014366;0.011292;0.020432;0.00041765;0.00088916;0.01792;0.00047416;0.0019752;0.026662;0.024535;0.018192;0.0054789;0.026562;0.023756;0.02249;0.024529;0.026695;0.025755;0.024882;0.022067;0.01997;0.026141;0.02428;0.0074562;0.021296;0.010447;0.025268;0.026234;0.00092723;8.7241E-05;0.026285;0.023139;0.021403;0.014781;0.025375;0.026186;0.0244;0.021816;0.025989;0.023396;0.021348;0.025211;0.025194;0.005667
2;1.0046;1.078;2;0.85;0.5;50;50;Manhattan(GeometricAverage);0.00070976;0.011023;0.017864;0.00025107;0.00040085;0.0043484;0.0021787;0.00063334;0.0096048;0.0040425;0.0007223;0.0020272;0.00077039;0.00045064;0.00066197;0.00057282;0.0060834;0.022847;7.1456E-05;0.0001339;0.026151;0.013798;0.0029612;0.00059863;0.0095071;0.0038645;0.011272;0.0013492;0.00065149;0.015212;0.010914;0.00090655;0.0001724;0.00539;0.0002643;0.001827;0.029416;0.02659;0.02286;0.024325;0.025978;0.028097;0.019872;0.027104;0.025551;0.022386;0.024809;0.023793;0.024112;0.025624;0.020352;0.01282;0.022123;0.010309;0.027972;0.025286;0.00026914;0.0015624;0.027708;0.020082;0.028194;0.018538;0.026144;0.026003;0.025706;0.028859;0.019985;0.028303;0.023117;0.028415;0.027515;0.0099839
3;1.0047;1.0781;2;0.85;0.5;50;50;Manhattan(GeometricAverage);0.00063363;4.2485E-05;0.017149;0.00041462;0.0031685;0.0024521;0.0093536;0.00066529;0.0252;0.0015452;0.0017625;0.0017395;0.00039249;0.00070822;0.00012846;0.0015775;0.00097315;0.0288;0.00036475;0.00097747;0.024293;0.019898;6.293E-05;0.00018799;0.0049621;0.010832;0.0080756;0.004847;0.0019857;0.017885;0.022847;0.00045952;0.00034913;0.0067563;0.0041325;0.00272;0.026404;0.031126;0.014798;0.011339;0.021277;0.023524;0.01642;0.03024;0.029326;0.022644;0.025646;0.030687;0.0033106;0.023857;0.027627;0.0095917;0.024368;0.0033623;0.028887;0.024404;0.0023251;0.00066124;0.031229;0.019805;0.029429;0.014827;0.029661;0.030914;0.03154;0.021581;0.029347;0.023831;0.025973;0.030787;0.013295;0.0076112
4;1.005;1.0794;2;0.85;0.5;50;50;Manhattan(Average);6.2473E-05;0.00071562;0.0080333;3.6645E-05;0.00011069;0.00055692;0.0021746;0.0013924;0.011895;0.0020509;0.00016675;0.02609;0.0036355;3.1997E-05;9.4529E-05;0.0004367;0.0147;0.014339;0.0023481;5.6169E-05;0.0034181;0.016903;4.2776E-05;0.00095943;0.0034087;0.004558;0.0092481;0.00084899;0.0003577;0.02333;0.012994;0.00095095;0.00062436;0.0080567;0.00060213;0.0019271;0.031004;0.031967;0.018041;0.010074;0.026699;0.02863;0.029198;0.031915;0.031696;0.016023;0.013793;0.028954;0.011936;0.029907;0.029366;0.0025891;0.019533;0.023373;0.030599;0.030502;0.00059567;0.013812;0.026022;0.030039;0.024454;0.01467;0.031083;0.02852;0.028853;0.02576;0.0063813;0.028148;0.031452;0.028789;0.0049555;0.023508
5;1.005;1322.3;2;0.85;0.5;50;50;Manhattan(Summation);0.0021245;0.0017988;0.030275;0.00053132;0.027;0.00050327;0.018588;0.00011895;0.024851;0.0020799;0.00049538;0.0013294;0.0010544;0.00052658;0.00072027;0.0022915;0.0020246;0.013786;0.0022167;0.00050739;0.016004;0.0097082;0.00035082;0.0010362;0.0037585;0.0020799;0.0056333;0.0011927;0.00093064;0.012426;0.0055119;0.00041995;0.0011229;0.0017081;0.0010868;0.0037103;0.032204;0.028033;0.015108;0.031976;0.033173;0.030036;0.013116;0.031468;0.018164;0.017842;0.027469;0.021122;0.0085992;0.030972;0.022353;0.0027183;0.020201;0.021961;0.031314;0.020681;0.0015843;0.0015959;0.024398;0.029621;0.030103;0.0014012;0.032371;0.032435;0.030841;0.02814;0.017971;0.032545;0.025648;0.02042;0.023665;0.0092495
6;1.0051;1322.4;2;0.85;0.5;50;50;Manhattan(Summation);0.001245;0.00331;0.015499;0.00050848;0.00012366;0.0056864;0.0041531;0.00016211;0.014521;0.0018488;0.0004579;0.0012141;0.0004876;0.00035666;0.0014341;0.0024101;0.0075539;0.0010367;0.00048679;0.00033223;0.0059751;0.0073169;3.8387E-05;0.0013319;0.0020616;0.0026187;0.0084435;0.0020688;0.00099184;0.023389;0.018192;0.00023916;0.00032954;0.0067225;0.0017233;0.00041464;0.019733;0.031107;0.019187;0.010987;0.027799;0.021807;0.019448;0.034272;0.030283;0.028166;0.033087;0.0071778;0.02027;0.026943;0.024335;0.0070246;0.027946;0.020921;0.024375;0.020106;0.0018347;0.0059418;0.024417;0.024941;0.034497;0.017166;0.025988;0.033566;0.029939;0.030151;0.032562;0.03352;0.031936;0.023197;0.033536;0.017148
7;1.0051;1.0796;2;0.85;0.5;50;50;Manhattan(Average);0.0010815;0.0015803;0.011722;0.00010529;0.0019458;0.0025051;0.017374;0.0003428;0.011139;0.00029385;0.00019353;0.00027419;0.0005989;0.001155;0.00013651;0.00088639;0.022245;0.0099302;0.00032806;0.0017031;0.021084;0.012792;0.0014236;0.001046;0.0015072;0.0055396;0.007159;0.00027788;0.00098389;0.011462;0.0031713;0.00026144;0.0008989;0.0046598;0.0025541;0.00066377;0.0334;0.032313;0.027868;0.024769;0.025868;0.023836;0.020027;0.032523;0.028446;0.028484;0.028623;0.031862;0.02131;0.031764;0.029272;0.0029852;0.0024131;0.019077;0.028696;0.032018;0.00041125;0.0012147;0.028009;0.032738;0.02703;0.00281;0.029105;0.029692;0.027883;0.03336;0.026859;0.022571;0.019319;0.019769;0.025718;0.0069317
8;1.0052;1322.5;2;0.85;0.5;50;50;Manhattan(Summation);0.00094909;0.0038314;0.020502;0.00069623;0.0017315;0.0023059;0.0002686;0.0018921;0.011802;0.00080007;0.0003608;0.0026014;3.4781E-05;0.00021087;2.8294E-06;0.001613;0.0010906;0.010984;7.7709E-07;0.00070033;0.01658;0.00026351;0.0029239;0.00059079;0.0018575;0.0043513;0.00064077;0.0011189;0.00069725;0.032029;0.018726;0.00112;0.00055942;0.0070487;0.0043282;0.0031581;0.028535;0.032562;0.02069;0.007431;0.024032;0.029382;0.017333;0.023809;0.02969;0.018174;0.02718;0.034696;0.0086537;0.032281;0.033301;0.0018477;0.012948;0.021307;0.030502;0.024944;0.0041728;0.0025347;0.031634;0.020933;0.015908;0.019863;0.033555;0.0346;0.02693;0.017845;0.028268;0.03159;0.025119;0.031896;0.033266;0.024217
9;1.0055;1.0799;2;0.85;0.5;50;50;Manhattan(Average);0.00073922;0.0011736;0.017976;0.0010242;0.0029523;0.0025941;5.6381E-05;0.00054997;0.028062;0.0016719;0.0001206;0.0014748;0.0001797;0.00022848;3.0784E-05;0.00052338;0.00014149;0.009957;9.9624E-05;7.2601E-05;0.002443;0.0089509;8.522E-05;0.0010526;0.00095225;0.0014399;0.0043122;0.0011451;0.0019744;0.013881;0.0036691;0.0004392;0.00061253;0.0041685;0.00057386;0.00022225;0.036058;0.026262;0.016867;0.018802;0.037155;0.02996;0.0023516;0.030394;0.029488;0.017746;0.03446;0.03572;0.015064;0.035878;0.035097;0.0037526;0.029376;0.0062189;0.034412;0.029946;0.00078726;0.0013245;0.032087;0.026381;0.032581;0.021515;0.032756;0.033509;0.028121;0.025805;0.026713;0.030766;0.035718;0.031683;0.016561;0.0031312
10;1.0083;1.0824;2;0.85;0.5;50;50;Manhattan(Median);9.9126E-05;0.0034851;0.00050804;0.0046445;0.019986;0.022116;0.0010026;0.010101;0.020344;0.022446;0.012386;0.016427;0.010058;0.016458;0.0094677;0.0021879;0.029569;0.02635;0.012213;0.018923;0.023171;0.0044847;0.0044679;0.0019906;0.01427;0.0017666;0.0020164;0.020333;0.018639;0.014972;0.028244;0.014871;0.01112;0.0056629;0.00060036;0.019954;0.033982;0.031205;0.023818;0.033935;0.01806;0.027316;0.0046066;0.00081394;0.023776;0.027151;0.017973;0.0025476;0.021279;0.01409;0.0057757;0.015112;0.00094161;0.0065404;0.030132;0.0017407;0.0021115;0.0044845;0.028034;0.01691;0.0024037;0.012826;0.029092;0.031877;0.0034543;0.010744;0.0071737;0.01276;0.006862;0.023422;0.0024605;0.019257
11;1.0085;1.0826;2;0.85;0.5;50;50;Manhattan(Median);0.0013396;0.004563;0.012227;0.0041842;0.011641;0.027065;0.025399;0.0089851;0.017818;0.023983;0.0092249;0.014785;0.0088942;0.0040992;0.00063647;0.01405;0.016167;0.0098232;0.013251;0.013227;0.010877;0.0011717;0.018472;0.016008;0.003317;0.0077567;0.015099;0.00051264;0.0070214;0.013645;0.024995;0.001301;0.014643;0.01303;0.01581;0.023271;0.024288;0.017341;0.018409;0.019517;0.024472;0.0039069;0.013846;0.013636;0.020804;0.013883;0.013374;0.018889;0.0035754;0.020604;0.025736;0.0032171;0.017367;0.021454;0.0271;0.00033842;0.012949;0.0070923;0.025464;0.0097358;0.019993;0.0078847;0.02312;0.0094966;0.02048;0.0051606;0.014945;0.022084;0.021115;0.021917;0.0067994;0.02171
12;1.0099;1.0841;2;0.85;0.5;50;50;Manhattan(Median);0.024086;0.02092;0.013653;0.00071841;0.017936;0.018618;0.009605;0.0018657;0.025581;0.010846;0.0094659;0.00080687;0.0090725;0.0097579;0.0022791;0.014506;0.022776;0.023433;0.0012091;0.0043497;0.0081845;0.015625;0.0078048;0.023653;0.017858;0.020367;0.023633;0.0030363;0.0084609;0.024755;0.022891;0.003635;0.011799;0.014295;0.004675;0.0067961;0.0097793;0.011394;0.02095;0.020572;0.024272;0.013707;0.010855;0.0042069;0.026684;0.020699;0.022901;0.0030087;0.017543;0.016043;0.009656;0.0067091;0.0018469;0.0048309;0.024649;0.0060284;0.017615;0.01792;0.020852;0.0054859;0.026497;0.0028396;0.010497;0.023249;0.015201;0.012154;0.018357;0.00095566;0.024637;0.021557;0.023975;0.022917
13;1.0485;1.0319;2;0.85;0.5;50;50;Manhattan(MinimumTimesMedian);0.016687;0.0047749;0.0069286;0.016415;0.0021136;0.0021151;0.019712;0.022116;0.018738;0.0073779;0.022295;0.015972;0.0078547;0.0078372;0.017465;0.019366;0.0043148;0.010242;0.016761;0.016166;0.018453;0.022403;0.00521;0.008899;0.0022823;0.023993;0.014921;0.010068;0.01754;0.024035;0.012785;0.022309;0.020772;0.006091;0.013541;0.012898;0.0011551;0.01021;0.022562;0.0030906;0.0093984;0.015549;0.012312;0.020298;0.020213;0.020353;0.014255;0.0069998;0.00043856;0.012463;0.021108;0.016025;0.01232;0.018069;0.017904;0.01207;0.022552;0.014215;0.011853;0.024857;0.0056376;0.0021052;0.012354;0.021484;0.025157;0.024962;0.011853;0.018557;0.019003;0.022188;0.00217;0.0028048
14;1.0527;0.96515;2;0.85;0.5;50;50;Manhattan(Minimum);0.020065;0.004995;0.01568;0.023665;0.0075079;0.01158;0.010163;0.0038105;0.014363;0.024374;0.00099051;0.012672;0.0077705;0.024041;0.0091077;0.008936;0.02173;0.0040458;0.0027954;0.020599;0.024869;0.01521;0.009171;0.017912;0.014483;0.024695;0.017197;0.011074;0.011799;0.017875;0.01558;0.010358;0.010583;0.0018027;0.014287;0.0087226;0.0025203;0.02153;0.024426;0.0078346;0.013517;0.01849;0.0024512;0.010313;0.019177;0.0047772;0.018231;0.015156;0.018278;0.023435;0.015301;0.0023368;0.022123;0.007868;0.019806;0.020162;0.014154;0.016721;0.012063;0.011191;0.0084961;0.0088866;0.022334;0.021727;0.02385;0.025393;0.0051617;0.010645;0.022101;0.024106;0.0036094;0.0073154
15;1.0528;0.96521;2;0.85;0.5;50;50;Manhattan(Minimum);0.011783;0.017403;0.0080746;0.014626;0.0063203;0.022291;0.016382;0.014026;0.016584;0.010027;0.017347;0.011485;0.0030423;0.015735;0.013155;0.01964;0.017643;0.0023432;0.0033692;0.024179;0.022861;0.012094;0.01907;0.011172;0.0050236;0.018861;0.024303;0.0064426;0.022701;0.020839;0.0025966;0.0062389;0.0043424;0.023844;0.019177;0.0084509;0.0022506;0.023473;0.020254;0.007573;0.013064;0.015772;0.012078;0.018989;0.018604;0.0091418;0.011628;0.000553;0.0025555;0.024554;0.002903;0.0098834;0.0094902;0.012751;0.023357;0.010319;0.018733;0.0098867;0.02146;0.0054324;0.016042;0.020658;0.025557;0.02466;0.019143;0.021673;0.0074908;0.0076214;0.02054;0.015241;0.0061822;0.017017
16;1.0536;1.037;2;0.85;0.5;50;50;Manhattan(MinimumTimesMedian);0.012716;0.0067117;0.0126;0.025083;0.0050453;0.019406;0.016825;0.012611;0.012709;0.012041;0.021021;0.0048877;0.01145;0.023676;0.018108;0.0039929;0.019991;0.0099267;0.0094565;0.017684;0.016785;0.012338;0.013187;0.0084863;0.0094411;0.016689;0.012979;0.0073661;0.019402;0.012065;0.005963;0.014307;0.024399;0.012305;0.00862;0.011326;0.0017698;0.0062247;0.01816;0.016954;0.0082859;0.022078;0.015704;0.017489;0.025033;0.023805;0.021062;0.011445;0.011837;0.020743;0.0076399;0.006095;0.014408;0.0037392;0.01768;0.011253;0.013333;0.014068;0.018961;0.020378;0.014697;0.012078;0.016639;0.024331;0.0097704;0.017537;0.0094693;0.011793;0.011919;0.024262;0.011203;0.0065589
17;1.0553;1.0386;2;0.85;0.5;50;50;Manhattan(MinimumTimesMedian);0.0070114;0.009334;0.015628;0.017166;0.0034258;0.021001;0.015652;0.010885;0.015007;0.014555;0.016748;0.018842;0.012067;0.017992;0.018575;0.012744;0.021698;0.015054;0.0015554;0.021663;0.018647;0.01675;0.0048955;0.015728;0.017151;0.02362;0.023048;0.008453;0.011506;0.004302;0.017264;0.012151;0.019983;0.012302;0.0064631;0.010481;0.0046493;0.022203;0.0024047;0.0037968;0.0088423;0.02019;0.021835;0.0095504;0.014403;0.013598;0.01977;0.0093405;0.0074313;0.013504;0.011806;0.0035519;0.010675;0.0042674;0.019377;0.013202;0.020029;0.0027847;0.014489;0.019111;0.012084;0.010857;0.017186;0.020902;0.016534;0.01915;0.0076362;0.019451;0.011179;0.021852;0.021911;0.0211
18;1.0564;0.96853;2;0.85;0.5;50;50;Manhattan(Minimum);0.0085723;0.0081997;0.022133;0.015192;0.002762;0.00016826;0.021204;0.018155;0.0081593;0.0058431;0.022369;0.0057457;0.0083519;0.017464;0.024636;0.011857;0.005206;0.0044491;0.006587;0.01157;0.015595;0.010274;0.013531;0.0057421;0.0049558;0.0090619;0.02025;0.017372;0.0251;0.011441;0.0063449;0.0095698;0.020244;0.016971;0.016054;0.016232;0.0088817;0.0098647;0.021788;0.0054541;0.024935;0.0082285;0.0095593;0.020738;0.02233;0.016304;0.022258;0.00064384;0.0098754;0.022528;0.0039665;0.018496;0.018751;0.016562;0.022847;0.0047941;0.0119;0.024766;0.024935;0.02391;0.0092386;0.014644;0.021227;0.026974;0.0048371;0.02725;0.0073162;0.024431;0.0030279;0.019792;0.017058;0.0025241
19;1.4068;0.17637;2;0.85;0.5;50;50;Euclidean(Minimum);0.019069;0.028181;0.00067352;0.0016453;0.034979;0.026292;0.0012102;0.036414;0.0037128;0.0033638;0.025947;0.01155;0.0051334;0.033782;0.0026349;0.0061174;0.001971;0.0075761;0.0065484;0.037196;0.014614;0.00013245;0.0015455;1.2435E-05;0.033476;0.029769;0.036951;0.00051706;0.035541;0.00032237;0.029618;0.00027346;0.037323;0.027238;0.0012871;0.014653;0.00030748;0.0038549;0.00018849;0.00012373;0.0039434;0.031508;0.0012333;0.032855;0.0024454;0.024947;0.0010513;0.00023123;0.0014042;0.00016264;0.00014861;0.0044795;0.034051;0.00089532;0.034963;0.037321;0.025107;0.00062514;0.013948;9.6309E-05;0.0046148;0.018995;0.023659;0.036145;0.0045166;0.021879;0.037126;0.020749;0.0057487;0.00097777;0.010623;0.0018063
20;1.4097;0.17673;2;0.85;0.5;50;50;Euclidean(Minimum);0.0029292;0.0032331;0.0084985;0.0048227;0.0037509;0.0014923;0.0024142;0.03744;0.00046966;0.037601;0.0015719;0.0061387;0.038328;0.014729;0.0049354;0.00043597;0.037938;0.010475;0.00042557;0.0041354;0.031626;0.038393;0.0022795;0.0021573;0.032796;0.016267;0.036835;0.032458;0.034913;0.0042821;0.029313;0.0090868;0.034262;0.00063202;0.0046347;0.0002433;0.010118;0.00035463;0.00093729;0.018955;3.2526E-05;0.0036987;0.00056915;0.0054384;0.038184;0.0012661;0.021304;0.037044;0.014825;0.03568;0.001154;0.026799;0.032098;0.012156;0.0031232;0.027722;0.00088481;0.0058462;1.6631E-05;0.0017066;0.037495;0.011729;0.00065404;0.0041562;0.0033286;0.0021245;0.025334;0.011181;0.00058615;0.038094;0.010309;0.023151
21;1.4535;0.18222;2;0.85;0.5;50;50;Euclidean(Minimum);0.0020605;0.0015605;0.038282;0.041259;0.00067513;0.040253;0.00065339;1.5305E-05;0.016158;0.0010418;0.029374;0.0010776;0.0052917;0.0044267;0.00097966;0.00084646;0.0045539;0.034127;0.024662;0.0022941;0.0033367;0.0015679;0.024245;0.00095212;0.0053675;0.042681;0.011039;0.042855;0.041046;0.0040124;0.00065438;0.0040534;0.011646;0.0012413;0.0032188;0.00023537;0.0031909;0.034923;0.038944;0.042269;0.037496;0.002218;0.0039091;0.018491;0.0022017;0.00028335;0.031786;0.0033974;0.00042591;0.025494;0.021684;0.033773;0.0028312;0.00073626;0.0039891;0.0020226;0.040855;0.031863;0.00035854;0.00041316;0.00055081;0.0052264;0.026811;0.041047;0.04069;9.2867E-05;0.0082662;0.00026888;0.0024693;0.042076;0.00038766;0.00081417
22;1.8317;0.30676;2;0.85;0.5;50;50;Euclidean(GeometricAverage);0.00043114;0.0011104;0.0035984;0.00020507;0.0062538;0.027633;0.0023242;0.0056103;0.0059098;0.0050219;0.010329;0.066162;0.0034398;0.006929;0.0032926;0.069031;0.0019451;0.00056997;0.0017696;0.0012373;0.00079207;0.0019144;0.068358;0.01856;0.0033652;0.0012488;0.00017823;0.0045084;0.020541;0.041456;0.070204;0.0089066;0.012214;0.061926;0.0023827;0.060281;0.00064606;0.066406;0.0038848;0.063525;0.0017037;0.00046141;0.00040522;0.0089889;0.0082441;0.00012517;0.0017628;0.00046888;0.0093148;0.0012522;0.0075097;0.0048978;0.071259;0.0034943;0.0044627;0.0010696;0.0037993;0.0094264;0.00055062;0.0012874;0.067763;0.020297;0.010241;0.0024915;0.0032829;0.00084727;0.00065261;0.0021383;0.0043132;0.0014116;0.010141;0.0018339
23;1.8352;0.30816;2;0.85;0.5;50;50;Euclidean(Average);0.00017484;0.062592;0.0013619;7.4579E-05;0.0011155;0.062589;0.0020465;0.0033691;0.0011892;7.8051E-05;0.058237;0.013704;0.0049152;0.0024514;0.0086985;0.0047771;0.0010356;0.0063188;0.060533;0.0053361;0.003846;0.00098729;0.054509;0.0085749;0.0049046;0.0049725;4.1565E-06;0.0047725;0.024783;0.0022031;0.0063303;0.0011357;0.0020926;0.002919;0.000334;0.0094624;0.056401;0.0016909;0.058686;0.0025264;0.0010432;0.013692;0.003182;0.005262;0.00052021;0.0047673;0.055897;0.00048139;0.0036148;0.062138;0.0017923;0.00017197;0.0057763;0.0014452;0.054311;0.003018;0.00095007;0.0048607;0.00087284;0.0020758;0.00010606;0.063154;0.060186;0.062665;0.0077887;0.00061981;0.0010849;0.0021676;0.00016468;0.0035939;0.013801;0.0070644
24;1.8443;0.30903;2;0.85;0.5;50;50;Euclidean(Median);0.0001506;0.0030897;0.0016619;3.8694E-05;0.0047251;0.0020105;0.059853;0.0075943;0.00051855;0.0038992;0.00050135;0.057167;0.0053917;0.00082778;0.053435;0.00036787;0.0024498;0.012929;0.0014152;0.0024153;0.056437;0.059826;0.004135;0.00096926;0.00036867;0.055617;0.0018686;0.05896;0.0043694;0.0072925;0.0036039;0.00099958;0.047874;0.054951;0.061876;0.0067902;0.0038289;0.00075605;0.012271;0.0040105;0.0046035;0.055389;0.0009931;0.059696;0.0010436;0.00084302;0.026252;0.011097;1.6508E-05;0.00050404;0.00067492;8.1853E-05;0.0018822;0.057871;0.0032786;0.0032718;0.0026612;0.006859;0.061641;0.0011341;0.0071286;0.003368;0.0010602;0.0041378;0.002013;0.0033398;0.0033452;0.00055088;0.002;0.0020038;0.0012896;0.0027249
25;1.851;0.31;2;0.85;0.5;50;50;Euclidean(GeometricAverage);0.0074779;0.0018588;0.068975;0.0078181;0.0029848;0.0067913;0.0045698;0.0070035;0.00074945;0.06843;0.0045771;0.065263;0.0044103;0.0017721;0.0016298;0.00076308;0.055289;0.0054316;0.0043173;0.000167;0.0022586;0.00080134;0.0027175;0.0040568;0.0024885;0.0020273;0.0036955;0.015606;0.0036682;0.032756;0.0040797;0.0051724;0.022261;0.00038889;7.1987E-05;0.0079506;0.056786;0.073889;0.075961;0.00020954;0.011672;0.00021488;0.0028538;0.004204;0.013364;0.0041819;0.0021606;0.0017595;0.0007753;0.00045335;0.067709;0.00092496;0.0024497;0.02189;0.0084995;0.0013404;0.070309;0.0079213;0.00041602;0.0014096;0.0070028;0.0017892;0.00095913;0.0031801;0.00070228;0.014011;0.012598;0.0027831;0.015073;0.075206;0.0039578;0.0011032
26;1.865;0.3125;2;0.85;0.5;50;50;Euclidean(Median);0.067037;0.0029332;0.0027378;0.0028111;0.014107;0.0040375;0.0019649;0.011033;0.0031313;0.032981;0.012481;0.0027778;0.0039795;0.0071854;0.0014965;0.001822;0.0046873;0.017545;0.0028624;0.0024532;0.072065;0.0055466;0.0047054;0.00055296;0.030329;0.0039494;0.072783;0.0022894;0.0024774;0.020786;0.0052;0.00098541;0.0025682;0.0013422;0.0017106;0.0030833;0.06943;0.0142;0.064464;0.013535;9.8474E-05;0.0017127;0.00013338;0.0022159;0.071758;0.013098;0.0005278;0.0024543;0.0045882;0.0017293;0.0048199;0.0025914;2.6477E-05;0.0012421;1.3116E-05;0.001211;0.028477;0.0052866;0.0045834;0.071073;0.0044281;0.011261;0.0050271;0.00072091;0.0016407;0.071469;0.00040412;0.0098144;0.007027;0.010809;0.065295;0.0023979
27;1.8896;0.31646;2;0.85;0.5;50;50;Euclidean(GeometricAverage);0.0027167;0.0052312;0.066968;0.0088049;0.06697;0.064709;0.0025917;0.00018802;0.00012971;0.00092657;0.0015205;0.0647;6.3321E-07;0.05858;0.0022438;0.0021719;0.058378;0.00019585;6.7343E-05;0.066616;0.00019445;0.00096045;0.00021788;0.045747;0.0052779;0.001701;0.00062693;0.0042938;0.0060658;0.0028959;0.00062008;0.00035044;0.00093833;0.0005304;2.2356E-05;0.0093461;0.012168;0.0010396;0.063617;0.00015725;0.00038359;0.065193;0.064434;0.0014847;0.0044704;0.0045662;0.0057842;0.0013175;0.002008;0.0014306;0.00086677;0.055393;0.006117;0.00014297;0.0016286;0.00098804;0.0066883;0.0032096;0.00020163;0.0011541;4.6212E-05;0.062393;0.0091601;0.0004292;0.036286;0.0043422;0.0017364;0.0080042;0.0071482;0.0029007;0.0054992;0.0041132
28;1.8936;389.51;2;0.85;0.5;50;50;Euclidean(Summation);0.071401;0.0034861;0.0098963;0.00022419;0.010036;0.0013094;0.0045065;0.018237;0.012817;0.0015379;0.0023697;0.072642;0.0035798;0.0023567;0.0038966;0.0078964;0.0010656;0.0011362;0.0015664;0.067868;0.046765;0.00037023;0.00062076;0.066379;8.4039E-05;0.0047299;9.8056E-05;0.064716;0.001918;0.059699;0.0016908;0.0030906;0.00115;0.0017073;0.025148;0.0054747;0.064425;0.06272;0.0048877;0.022362;0.0019916;0.0020629;0.00010416;0.071883;0.0008941;0.0031229;0.00015807;0.0038468;0.014941;0.00267;2.7845E-06;0.073526;0.0029429;0.0045804;0.0020649;0.0014275;0.0027222;0.0019376;0.005105;0.00064502;0.0038896;0.0002876;0.0017719;0.016411;0.0053578;0.0050193;0.0088302;0.00045717;0.0036537;0.0025246;0.0003699;0.018932
29;1.9456;0.326;2;0.85;0.5;50;50;Euclidean(Median);0.00070455;0.002443;0.00066695;0.0034688;0.0010292;0.0091378;0.0020999;0.00022789;0.013258;0.0015999;0.00049486;3.2546E-05;0.045514;0.0051117;0.0010158;0.0069011;0.0014248;0.00066191;0.016822;0.065467;0.0014802;0.0023892;0.001501;0.070323;0.067034;0.00043963;0.003755;0.0031136;0.002064;0.0071523;0.00052131;0.00079523;0.067507;0.038394;0.0053086;0.004284;0.0030045;0.0093352;0.0024656;0.0015567;0.0036799;0.0077975;0.00095573;0.073803;0.0021422;0.0015273;0.073197;0.0055032;0.023487;0.0014776;0.00066762;0.004956;0.0047585;0.0020454;0.070995;0.00049574;0.0042049;0.0037968;0.0034251;0.06668;0.072325;0.0065505;0.0055548;0.0040738;0.001371;0.002535;0.00030131;0.0055535;0.064344;0.0058267;0.00019689;0.0052665
30;1.9528;0.32791;2;0.85;0.5;50;50;Euclidean(Average);0.0022528;0.00032118;0.024988;0.0016557;0.0013135;0.004743;0.0070939;0.00018299;0.00059853;0.00093492;0.0085323;0.077696;0.0068602;0.0018221;0.0069682;0.0012024;0.012702;0.074166;0.00091172;0.0019378;0.00026572;0.022801;0.0034692;0.012964;0.0034494;0.01941;0.0013093;0.0025532;0.069603;0.0059076;0.0031802;0.0021341;3.0416E-05;0.020071;0.063176;0.074065;0.0010552;0.00091532;0.074428;0.079476;0.0035452;0.00041037;0.00037287;0.00094673;0.010462;0.0026033;0.01326;0.0041241;0.0020263;0.0053131;0.0058147;0.0058635;0.00025946;0.014598;0.073806;0.0037402;0.00026243;0.008202;0.0023366;0.0023346;0.00043687;0.0010891;0.080414;0.0035649;0.0053797;0.0010001;0.0017943;0.037667;0.00075106;0.0035349;0.00042217;0.0065169
31;1.9658;404.36;2;0.85;0.5;50;50;Euclidean(Summation);0.0027523;0.0077387;0.063053;0.010583;0.00020844;0.0059864;0.0022397;0.065034;0.0035872;0.0017207;0.066934;0.00431;0.015088;0.0018782;0.0075567;0.00046008;0.071524;0.0012491;8.0852E-05;0.00023917;0.022727;0.00097554;0.00042221;0.0082061;0.0010142;0.066613;0.070771;0.0010016;0.012409;0.073518;0.00091596;0.0035133;0.0019918;0.0053213;0.0025866;0.073734;0.0023754;0.002796;0.0012636;0.0027504;0.0033027;0.072926;0.072139;0.0040553;0.0011835;0.002437;0.070923;0.0053867;0.0080989;8.5886E-05;2.7779E-05;0.00054712;0.00067871;0.00049706;0.0033189;0.0028479;0.00067399;0.0049034;0.00062706;0.0090571;0.0013483;0.0040731;0.0070392;0.0074521;0.014027;0.00047869;0.0032082;0.00012859;0.0076536;0.0031565;0.00051432;7.4725E-05
32;1.9759;406.45;2;0.85;0.5;50;50;Euclidean(Summation);0.0031603;0.0068423;0.015707;0.0021882;0.075703;0.0034705;0.0054759;0.073013;0.0079862;0.0032037;0.00079106;0.0062293;0.0002744;0.009953;0.0044847;0.063781;0.0010276;0.00080001;0.0017374;0.0016381;0.0071961;0.0025388;0.069184;0.074206;0.011832;0.0096933;0.053586;0.0012014;0.074361;0.0047919;0.0025417;0.0019361;0.072332;0.0012738;0.0085978;0.00016146;0.019894;0.0041068;4.3803E-07;0.00027994;0.0036308;0.0013591;0.0040803;0.00016678;0.00093254;0.00096634;0.00292;0.00067836;0.0019027;0.077013;0.001647;0.0076182;0.0055205;0.0061855;0.00067451;0.072395;2.2253E-05;2.3948E-05;0.0024449;0.062208;0.0011389;0.00043984;0.0098267;0.0013462;0.00087116;0.0047959;0.0090349;0.00069705;0.0067659;7.597E-06;0.0015284;0.0039751
33;2.0169;0.33867;2;0.85;0.5;50;50;Euclidean(Average);0.0016387;0.0024685;0.00207;0.0032512;0.0027684;0.0068578;0.0024144;0.00095682;0.0009034;0.076937;0.0036527;0.0031554;0.0076621;0.00053057;0.00042833;0.00051968;0.00074938;0.0045923;0.0069295;0.0073266;0.079916;0.0049783;0.0010602;0.0032888;0.0043402;0.0020823;0.0040702;0.079225;0.0053961;0.0032378;0.002327;0.071204;0.0012202;0.0021881;0.079033;0.0067405;0.0013766;0.0015532;0.0783;0.0044152;0.007164;0.079559;0.00052395;0.0014829;0.0035027;0.0039999;0.0087012;0.0078891;0.011406;0.065083;0.0096391;0.0040375;0.012099;0.00037185;0.010344;0.00039746;0.0014682;0.0018551;0.0053732;0.0040753;0.0014872;0.0097891;0.0010881;0.0053813;0.063254;0.078229;0.00018995;0.0033026;0.0015135;0.0040098;0.016732;0.0042871
34;2.3137;0.048601;2;0.85;0.5;50;50;Euclidean(MinimumTimesMedian);0.041698;0.00027158;0.00011831;0.017472;0.032314;0.0060438;0.041822;0.0018054;0.041768;0.029824;0.0020839;0.00095266;0.0016819;0.038216;0.033428;0.00071259;0.00049342;0.028942;0.0307;0.0053015;0.001068;0.001385;0.0031376;0.00085937;0.0027716;0.00013673;0.00095206;0.00047255;0.0010366;0.00037308;0.042834;0.0037119;0.0003786;0.017782;0.035933;0.0016594;0.0030567;0.037577;0.0033717;0.0006358;0.040051;0.042333;0.00013054;0.00068446;0.04262;0.0019304;0.0013388;0.0044252;0.042744;0.034624;0.0013263;0.041822;0.00043129;0.0010345;0.00077025;0.0020464;9.2349E-05;0.0035797;0.042173;0.00079636;0.039304;0.034295;0.0010389;0.037279;0.04253;0.0028363;0.009426;0.0040666;0.00815;3.249E-05;1.3435E-05;0.0012915
35;2.337;0.04909;2;0.85;0.5;50;50;Euclidean(MinimumTimesMedian);0.037602;0.040141;0.0011519;0.00059587;0.0002046;0.00062129;0.0011687;0.0063114;0.00038016;0.039249;0.00045283;0.0053113;0.00098429;0.040989;0.00089207;0.0038987;0.00064252;0.00081765;0.0055219;0.007308;0.042739;0.035941;0.00090643;0.00301;0.0035685;0.0052377;0.01123;0.010919;0.0010871;0.039733;0.042016;0.042481;0.04047;0.003155;5.5427E-05;0.0020159;0.0096818;0.042743;0.0023624;0.0016091;0.0016355;0.0033537;0.0080387;0.042033;0.0017135;0.001249;0.0010282;0.014718;0.00042523;0.0020728;0.001193;0.00030361;0.04227;0.033101;0.042585;0.00066807;0.001052;0.00046306;0.0064249;0.035986;0.0030902;0.0033813;0.015113;0.040707;0.039663;0.041679;0.0032937;0.00058399;0.035657;0.00025097;0.039603;0.0014586
36;2.3911;0.050228;2;0.85;0.5;50;50;Euclidean(MinimumTimesMedian);0.00024238;0.00069043;0.00034805;0.046777;0.0047032;0.04114;0.041934;0.034951;0.045511;0.00063639;0.0014484;0.034817;0.00092996;0.04534;0.002381;0.0017859;0.0028153;0.033902;0.00055977;0.0037826;0.00045595;0.01836;0.00037621;0.00081092;0.011934;0.0042817;0.0047951;0.0005796;0.0017627;0.00218;0.0014707;0.0059502;0.047789;0.00037282;0.0021914;0.0009548;0.014665;0.0014806;0.00039391;0.001908;0.0038754;0.043938;0.04702;0.0015215;0.00066672;0.0042406;0.0018017;0.0014032;0.0022948;0.00013231;0.038277;0.002352;0.0044845;0.0030059;0.0016882;0.042639;0.00071962;0.046585;0.04696;0.01866;0.0040716;0.0010604;0.00050115;0.045224;0.047098;0.0018017;0.0010024;0.041289;0.029043;0.045709;0.0020231;0.0015031
population
1;-0.058163;-1.9923;1.5544;-2.425;-0.2308;2.9291;3.1112;4.0718;-3.6519;-1.8654;0.24803;-1.1256;-0.91008;0.87704;1.8372;3.2144;-1.2876;-2.7235;-1.3309;-3.2303;-2.3913;-2.8217;-2.9618;-0.27983;2.2644;-2.8333;4.5829;-3.3151;-2.0667;-4.6718;-2.7858;-2.6965;0.41323;-4.7179;3.9998;0.066133;0.62179;0.90814;0.22342;0.76198;0.91594;0.75266;0.19433;0.50183;0.17378;0.93152;0.83366;0.84411;0.10869;0.046955;0.29976;0.060842;0.84707;0.31856;0.074399;0.81633;0.066769;0.10685;0.38482;0.17783;0.30042;0.23778;0.79288;0.60156;0.53773;0.24992;0.81992;0.03085;0.7828;0.88775;0.109;0.71769
2;-0.24399;-2.519;-0.34496;0.76849;2.414;2.3704;-3.3733;3.0075;-1.3856;4.2362;-1.1935;-1.4235;-4.1157;4.5776;1.1718;7.9652;-5.5121;0.81354;-2.2717;1.8637;1.1957;-1.0917;0.54116;-1.6154;5.0353;-1.5966;0.52087;-1.3839;-0.014977;2.6027;2.8374;0.44285;3.4881;0.92804;2.0364;-1.5483;0.66855;0.58494;0.82439;0.4077;0.30841;0.52508;0.9614;0.022863;0.27894;0.77921;0.18166;0.58634;0.78782;0.23138;0.62242;0.40336;0.34479;0.10004;0.06046;0.44321;0.84716;0.53546;0.038866;0.80421;0.096023;0.19008;0.89595;0.80432;0.14185;0.095903;0.88301;0.57733;0.94279;0.80254;0.79442;0.0077142
3;3.5693;0.72687;-0.13365;-1.727;-2.0193;3.5964;2.2071;5.4544;5.5633;4.2127;-5.6537;-3.726;0.79118;0.2664;0.54845;4.0602;1.3766;4.5993;4.0761;-0.47212;-1.3392;0.44166;-3.2938;-4.8101;2.6728;-2.1827;2.8613;3.5181;-0.44461;4.4435;-0.85476;-1.1905;6.4432;-5.9015;1.7709;-2.1714;0.41499;0.59511;0.16436;0.35122;0.020173;0.35525;0.60235;0.29565;0.6168;0.87471;0.74803;0.69049;0.0071439;0.8348;0.421;0.18956;0.16539;0.63805;0.91192;0.28849;0.46172;0.30575;0.44014;0.21318;0.25388;0.97894;0.40722;0.37393;0.40735;0.57641;0.46704;0.45017;0.36453;0.0053331;0.69085;0.27115
4;-1.0307;0.5191;-1.3743;-1.7079;1.0384;2.3248;-3.9172;-5.229;3.9142;-2.2767;-1.7394;1.7329;-4.0418;1.1927;7.1588;-0.33466;3.2566;3.1534;-1.7136;-0.62914;-0.64282;-2.6999;-0.52071;0.51108;-3.9067;-1.3808;-3.232;-0.33146;-0.067378;3.0801;-1.9261;3.0474;-2.273;-0.82876;-0.088306;-0.10472;0.73608;0.026477;0.52807;0.92327;0.60415;0.29474;0.88316;0.49197;0.64696;0.036945;0.40866;0.44464;0.90655;0.24473;0.08839;0.45652;0.35954;0.26364;0.31051;0.72891;0.044738;0.01595;0.53159;0.98511;0.44909;0.99989;0.96636;0.30426;0.85684;0.45529;0.41537;0.7332;0.2903;0.22429;0.80296;0.33205
5;-5.427;-0.96121;1.3445;-0.82418;2.642;-0.035558;2.0345;0.46265;-1.6164;-5.8299;-4.7931;-4.3595;-0.64607;-0.8194;-0.87537;0.62497;-0.35092;-0.18888;-1.4922;2.5396;-0.30662;2.3276;-2.0682;0.024311;-2.0686;-0.48611;2.1672;0.048725;1.2149;1.9602;4.768;-0.80523;4.9569;-1.1596;0.29506;-3.9475;0.05999;0.24579;0.41133;0.14169;0.20951;0.032938;0.45138;0.028964;0.76931;0.29039;0.70094;0.18099;0.96616;0.76123;0.2122;0.95138;0.24995;0.43273;0.74377;0.020538;0.86951;0.37075;0.93317;0.36239;0.62046;0.75425;0.89819;0.071051;0.24464;0.75946;0.013552;0.058468;0.44098;0.62753;0.18141;0.66836
6;5.3733;-3.2401;-4.0298;-0.27565;1.021;-0.7337;-1.9385;-0.81394;-1.5478;1.1931;-1.8038;-2.4786;3.3063;0.52344;3.222;1.9355;1.5033;-0.50285;5.2001;-3.5603;-4.718;2.6205;-0.17104;-6.3597;2.3971;3.5298;2.2001;-1.8044;1.9577;-2.148;2.96;-4.3757;-0.46113;-1.8798;-4.1518;-2.5576;0.10013;0.75855;0.8152;0.88322;0.6035;0.28521;0.1771;0.4245;0.36094;0.70471;0.4244;0.41241;0.49414;0.64267;0.64247;0.011932;0.14494;0.33456;0.3514;0.78157;0.80222;0.11511;0.65442;0.96935;0.32034;0.1012;0.026576;0.72819;0.28366;0.16797;0.96908;0.86726;0.97092;0.95562;0.16094;0.48728
7;4.7068;1.8443;2.6206;0.75999;1.7062;1.0168;-5.8403;0.44756;1.6926;-1.652;3.1927;-1.347;0.72536;-5.634;-0.86359;0.061127;-3.0538;2.5364;-2.1703;5.0213;2.5467;6.7319;2.3589;0.98506;-0.65587;0.84679;-0.27663;0.6701;0.73463;0.048003;1.2618;0.28212;2.0977;6.6473;4.1378;-2.5979;0.49521;0.4899;0.014668;0.85526;0.786;0.45185;0.75979;0.1216;0.32017;0.38564;0.79863;0.37942;0.76676;0.37033;0.15378;0.037135;0.48251;0.23801;0.42437;0.045498;0.83506;0.20642;0.62943;0.9764;0.59254;0.089671;0.75248;0.98585;0.29614;0.52664;0.33625;0.63314;0.99702;0.39886;0.77431;0.50361
8;3.0012;-0.6302;0.41085;-3.1442;2.2882;2.1446;-3.8608;3.8592;2.341;2.2438;0.06921;2.7576;3.2761;-1.9448;-4.535;1.3719;1.1928;3.0016;0.94821;5.3876;0.99762;4.4851;0.043788;-0.77749;0.65914;4.6933;1.9205;-1.2899;1.8671;1.6036;0.39047;-3.9028;-6.7622;1.0151;-1.5326;-2.5648;0.23977;0.23208;0.88255;0.76153;0.34334;0.46413;0.21511;0.72813;0.7975;0.36399;0.69187;0.44837;0.70365;0.66322;0.77002;0.17529;0.30056;0.46946;0.25025;0.91541;0.94659;0.57074;0.42624;0.7035;0.19566;0.67618;0.46431;0.44792;0.46501;0.33785;0.98405;0.50993;0.55836;0.30845;0.38896;0.48313
9;3.6145;0.19649;0.12483;-2.1443;3.1339;1.9487;1.7939;-0.40213;4.5859;-1.6266;6.2067;1.0454;-5.5664;-0.24568;-0.13538;0.1306;6.1436;-0.071796;-4.2099;-4.0722;2.4744;0.16914;-0.92722;-2.462;1.5261;-5.0127;-2.0253;3.4847;-2.6766;-3.1607;4.8133;-3.2707;3.9739;-0.1795;0.64983;-3.0794;0.013396;0.80671;0.57188;0.9048;0.54009;0.90182;0.43542;0.43828;0.53782;0.58272;0.23047;0.80545;0.31033;0.72524;0.90919;0.30261;0.12858;0.052613;0.83703;0.4123;0.22398;0.39767;0.97358;0.57021;0.088564;0.92877;0.18571;0.61696;0.85512;0.15907;0.13251;0.51898;0.94887;0.82435;0.011686;0.65155
10;-1.4715;-0.62264;-1.7449;6.4639;2.5932;-1.582;1.5772;0.049567;0.77198;-1.4124;-0.18537;-0.18187;-0.8158;-0.29469;2.1068;3.0599;-0.19087;-1.114;0.25343;0.95223;-2.1037;-3.6962;1.7818;-0.90067;-1.7129;2.0362;-4.7127;0.055626;-7.1526;-4.2209;3.4261;2.9919;-3.4616;-2.7756;2.3613;-0.31338;0.013116;0.41559;0.59431;0.61505;0.6668;0.60744;0.2085;0.8045;0.20152;0.63024;0.71126;0.053126;0.27998;0.75253;0.0006073;0.38897;0.7372;0.98527;0.25419;0.91691;0.1101;0.014182;0.73512;0.73128;0.06623;0.96455;0.81906;0.58224;0.13661;0.60766;0.79813;0.29622;0.80053;0.67658;0.13525;0.48652
11;-0.30417;3.6466;-3.0785;2.0278;0.91783;5.035;-4.6452;0.40234;0.56449;-3.8458;3.2861;2.498;2.8187;-1.2296;1.1553;-0.53043;5.0618;-3.6678;-9.0536;-4.4645;3.192;3.9983;1.247;4.433;-3.6853;3.3406;-2.0776;2.0234;-4.1311;2.9285;-0.5252;-1.4794;1.3212;3.9172;2.9675;-0.69233;0.0075145;0.14681;0.89415;0.14473;0.40219;0.93119;0.49393;0.23859;0.45986;0.35238;0.79084;0.63977;0.51677;0.2335;0.14555;0.9959;0.81526;0.88989;0.91483;0.036985;0.75032;0.44226;0.41734;0.0063905;0.088082;0.89816;0.99613;0.35417;0.85232;0.60075;0.75111;0.6862;0.50361;0.15583;0.71692;0.76052
12;3.74;5.1809;1.0038;-1.3714;-1.1877;0.34356;-2.6282;0.38979;-2.2711;-4.0065;-3.6204;2.6536;-0.72775;-0.36698;8.7318;-0.45221;1.8795;-1.945;-0.98452;1.0736;3.1984;-0.34077;-2.2922;4.8399;-3.7732;2.8682;-3.1218;1.2791;-4.754;3.4613;-3.6266;-1.8118;-4.6358;-2.2632;-0.7459;-3.226;0.73685;0.46296;0.57086;0.94535;0.97678;0.36053;0.66505;0.73161;0.30794;0.57873;0.34591;0.99402;0.31109;0.70061;0.053516;0.93586;0.99595;0.92733;0.247;0.59944;0.70948;0.37798;0.26764;0.37306;0.43031;0.57705;0.5251;0.35137;0.89709;0.10528;0.30607;0.70046;0.5355;0.87518;0.064926;0.74782
13;-0.74981;-3.9508;0.23387;-0.43484;-4.4044;-4.0081;0.62732;4.5294;4.7839;1.3759;5.943;-5.4789;-2.7381;0.85448;2.2528;0.50291;6.4392;0.23451;0.67597;0.19335;-2.4694;1.8935;-1.2077;1.7958;2.0333;5.5958;5.5218;5.5464;-4.3329;-4.3792;-2.1493;-0.87082;-0.32201;1.6468;-1.7946;4.2564;0.5406;0.10364;0.020302;0.63178;0.29735;0.80486;0.40441;0.56421;0.45325;0.78424;0.48291;0.88928;0.53199;0.21316;0.86395;0.22522;0.71528;0.12295;0.3303;0.64941;0.27304;0.62892;0.32453;0.20425;0.1712;0.06906;0.7919;0.18597;0.11953;0.040322;0.92348;0.73076;0.64875;0.38423;0.23024;0.48368
14;0.59542;2.9526;0.53995;-1.6324;0.86629;1.2916;2.5492;2.0262;2.7689;1.9306;-4.3266;0.060862;2.0587;-0.70721;1.1799;0.6926;-3.4517;1.8402;-0.82592;0.54079;2.1298;0.65248;2.1307;-0.0018424;2.0394;-1.2665;2.9309;-1.0554;1.9308;3.2971;-3.4276;-1.2391;0.35845;-3.0214;-1.6047;-6.6286;0.52657;0.22124;0.57469;0.63914;0.80242;0.36804;0.55148;0.092958;0.99312;0.51967;0.76361;0.47584;0.40117;0.52711;0.46588;0.9523;0.88788;0.82564;0.72773;0.44799;0.7097;0.84207;0.20782;0.70961;0.86077;0.35751;0.36368;0.84194;0.9362;0.23837;0.86201;0.12584;0.0099484;0.97619;0.41076;0.54545
15;-5.0778;-2.4652;1.7003;-1.5364;3.7156;-7.2773;3.673;-2.0922;0.56477;-1.056;2.3376;-0.15568;3.1359;6.0988;2.1213;7.8088;-0.93514;-5.2291;2.013;-0.46332;3.2296;-0.69327;0.92808;-2.0406;-0.62123;3.8335;-1.1444;1.504;-0.43011;-1.9227;-0.64098;-1.617;-0.19816;7.7263;4.7916;-0.34081;0.15084;0.74431;0.062672;0.62112;0.72984;0.64237;0.77686;0.085925;0.118;0.63062;0.64412;0.63589;0.25187;0.0039325;0.91873;0.62389;0.14062;0.29011;0.23839;0.6539;0.017937;0.3093;0.54167;0.36613;0.36;0.064941;0.92976;0.16206;0.72041;0.80334;0.55131;0.81399;0.74638;0.60471;0.68224;0.72933
16;-0.92555;2.8046;3.8377;-7.0166;-5.6634;2.8671;-3.5649;7.4591;-2.9059;-4.3286;1.1046;-3.2059;1.1592;-2.0992;4.2051;-4.1265;-3.1109;4.6972;-1.6684;-1.2966;0.6469;2.0854;0.75685;-1.0281;2.7663;1.6345;-0.17051;-5.2243;-0.0015598;-3.9905;0.9974;-0.6765;-4.4632;3.826;-2.6137;1.4344;0.17682;0.17219;0.23946;0.0638;0.40244;0.53049;0.19543;0.52518;0.51858;0.74558;0.45712;0.27514;0.85587;0.10436;0.91401;0.93554;0.14055;0.051269;0.25134;0.30724;0.025014;0.97545;0.87344;0.87292;0.9757;0.51339;0.088659;0.76336;0.72506;0.16568;0.84837;0.56591;0.10311;0.45444;0.70371;0.38884
17;-0.38844;-3.1081;-2.3978;-2.4068;-4.3102;-3.7451;1.0768;0.4525;-5.2423;0.84559;-0.47401;0.744;0.97928;0.13182;-2.298;-3.849;-0.36679;6.2949;-2.6932;-7.0685;1.688;-6.3824;1.2561;4.3548;2.3051;-4.0981;1.7004;-1.1597;2.0548;-1.2923;5.2263;-0.94074;2.9431;-3.398;0.13429;0.28148;0.031139;0.28171;0.60839;0.19516;0.24448;0.95675;0.41;0.34522;0.66812;0.693;0.40026;0.85067;0.26522;0.10061;0.27814;0.99845;0.51348;0.92208;0.51133;0.39203;0.80623;0.98753;0.34269;0.55418;0.26694;0.97789;0.50177;0.33445;0.70243;0.17972;0.49395;0.53386;0.77273;0.75053;0.92295;0.18122
18;2.7941;0.88278;-3.1173;-0.36981;1.918;-2.6561;4.0258;-1.2043;-0.76886;0.060227;-3.9121;-1.2853;2.5247;1.5441;-1.9983;2.2218;-3.9708;-0.67126;-0.76704;-0.067586;1.792;-1.5019;-2.8143;5.0466;2.718;0.84356;-2.1899;-4.345;-0.59855;-0.16189;-1.6632;0.03724;11;0.050128;0.7516;4.8339;0.80141;0.62579;0.62217;0.30477;0.94082;0.94383;0.4248;0.40921;0.81214;0.64496;0.13325;0.6303;0.30713;0.96388;0.34976;0.21888;0.57902;0.86877;0.021662;0.1327;0.95516;0.45707;0.89224;0.84578;0.26979;0.18212;0.34101;0.0415;0.78818;0.40392;0.83043;0.34233;0.9703;0.55602;0.88577;0.37444
19;1.7269;-0.4119;-4.328;-0.48965;2.9384;-3.6189;-3.1453;0.65082;-3.4381;0.1609;-0.45467;5.261;-2.0905;2.6436;0.76519;1.4089;-2.0268;-2.225;-0.9494;2.7211;2.3137;0.66043;-1.8897;-3.7463;-4.1782;0.47226;-0.91056;1.7746;5.4359;-2.7617;-0.26022;-3.3952;1.3247;-2.1861;-5.871;-3.7601;0.81835;0.080494;0.85429;0.83252;0.73927;0.32525;0.15137;0.94199;0.54084;0.18737;0.99763;0.26225;0.73277;0.97358;0.102;0.95203;0.62311;0.11971;0.96583;0.7587;0.69489;0.85817;0.58968;0.7506;0.57102;0.61343;0.61962;0.57107;0.66763;0.46964;0.39191;0.50215;0.23115;0.91214;0.21051;0.50389
20;-6.0541;0.8941;5.1567;-0.27131;-4.2637;0.74426;-0.31943;-0.912;-3.9211;-5.0173;-0.50279;6.6555;0.95405;-0.10539;0.59815;-2.568;-1.2293;-1.1142;3.2647;-1.1444;-4.3308;-2.6761;0.28594;2.0372;3.5023;-2.511;0.14735;-1.2663;1.1833;-5.5126;0.10774;-1.4074;-1.1777;-4.8635;-0.31402;-0.41011;0.33949;0.00092425;0.71109;0.8614;0.41893;0.88175;0.79548;0.37661;0.85567;0.73902;0.10878;0.72113;0.71684;0.32932;0.16191;0.23261;0.33151;0.65945;0.67153;0.038474;0.32391;0.033051;0.71405;0.20822;0.056876;0.17183;0.32928;0.91572;0.56051;0.75136;0.80169;0.78302;0.42238;0.54349;0.66438;0.94647
21;1.9024;2.4349;0.20128;-0.11638;-3.5077;2.8559;-4.7172;-2.0211;-1.531;-4.4872;4.0704;-3.2837;-0.69212;3.2052;0.15992;0.9525;4.1861;-1.8375;0.17979;-1.4577;-1.1618;-4.1236;-0.51829;-0.016853;-0.42839;0.037173;2.7742;4.155;-0.8601;-0.98309;-4.4004;1.5522;2.5083;-3.3773;2.7429;0.67685;0.52734;0.47961;0.05895;0.66667;0.14449;0.82195;0.84101;0.48157;0.36888;0.66601;0.033644;0.8074;0.23869;0.49687;0.14969;0.65618;0.22851;0.72503;0.27584;0.70276;0.93151;0.39084;0.39999;0.019515;0.85396;0.026711;0.55827;0.61562;0.23771;0.95996;0.38597;0.25201;0.36787;0.38288;0.51794;0.83162
22;2.2594;7.0229;-3.717;0.030204;2.7689;0.23222;6.1725;-2.7488;-2.0822;-3.695;-6.5577;-2.9685;8.1236;-1.9196;-8.7379;-2.0487;3.5139;1.385;0.29955;1.363;5.4965;0.75944;-1.2385;5.4019;-2.248;-1.4703;-5.3889;5.1245;-1.3181;-2.0326;3.1733;-2.3953;-0.33321;-3.2304;1.8456;3.016;0.16937;0.32821;0.03474;0.7277;0.22739;0.97784;0.76582;0.79749;0.53745;0.63926;0.99281;0.15793;0.94985;0.41447;0.93225;0.33617;0.59858;0.64246;0.70892;0.58706;0.86538;0.13292;0.77486;0.12547;0.77027;0.75127;0.44788;0.91521;0.072276;0.60268;0.43387;0.59197;0.3605;0.40472;0.39509;0.087547
23;2.3837;3.7058;4.4725;3.5186;1.1334;4.0572;-1.8274;2.5068;6.6924;-0.14822;2.3188;6.2693;-2.6267;2.4091;2.5498;4.6884;-1.1169;-3.1491;-1.6357;0.71926;-1.7233;4.7417;-0.050344;0.17309;-5.2972;2.0006;2.0328;-1.0722;-1.1876;2.2945;-5.9725;3.4488;-4.3189;1.5892;2.1033;1.9643;0.218;0.6614;0.68569;0.9744;0.42887;0.21365;0.38562;0.40821;0.064281;0.90668;0.90415;0.88878;0.95744;0.64765;0.81564;0.45624;0.36745;0.12778;0.76796;0.91921;0.82717;0.93307;0.86988;0.62818;0.46153;0.33512;0.47341;0.36503;0.54569;0.95246;0.58978;0.057385;0.6871;0.628;0.65125;0.097832
24;-2.4884;-0.95986;-4.0166;0.84881;1.4515;3.8051;7.3773;1.0755;3.8026;-0.46401;2.5009;0.57848;2.46;-5.1728;-1.6388;1.9994;-3.8783;4.7098;1.8402;1.3791;-1.5676;7.1958;4.396;-0.20807;0.97337;2.7868;1.0599;-1.6664;0.9702;-2.4673;-0.59982;-1.3186;2.5454;-6.0552;-0.70737;-0.68775;0.56829;0.8763;0.79494;0.82475;0.71829;0.64437;0.11546;0.59569;0.92333;0.45867;0.72582;0.33264;0.27848;0.88224;0.79923;0.64545;0.20379;0.16511;0.80094;0.93975;0.8165;0.33492;0.7603;0.083821;0.0023322;0.35256;0.19957;0.40277;0.96335;0.6626;0.19064;0.021655;0.25994;0.88674;0.36076;0.023061
25;4.1689;1.6732;2.8834;-3.0865;-2.7152;1.4022;0.77629;-0.40262;-1.13;-2.3149;2.4868;1.1998;0.63086;-3.1147;-2.1412;1.3481;-2.0632;-1.2474;-1.3787;-2.2515;-1.5937;0.9131;0.83092;-1.5578;1.7955;-2.1431;-1.5436;6.1638;4.3468;0.98195;-4.5231;-3.6662;4.8361;-1.7292;1.4819;-0.60392;0.63508;0.22865;0.50438;0.69982;0.26413;0.59206;0.52795;0.58611;0.88497;0.48283;0.4029;0.792;0.24581;0.27797;0.16337;0.030505;0.48841;0.65766;0.017712;0.42995;0.026549;0.50205;0.5831;0.37773;0.72131;0.18358;0.71387;0.93337;0.42739;0.02328;0.388;0.017307;0.072818;0.066535;0.65874;0.4676
26;-8.2343;-0.42548;-2.83;7.011;-2.7167;1.2186;0.38669;3.2306;3.2586;0.21206;3.0806;3.0819;0.62541;0.13685;-2.0073;-1.6411;1.4488;-2.4687;2.2413;0.77085;2.1853;-4.8247;-0.010879;0.93127;-7.4042;-1.0424;-3.2618;1.0822;-1.3383;-1.3607;-0.66883;-1.3014;0.12177;1.9847;1.914;-3.3177;0.38179;0.32171;0.58112;0.1998;0.33402;0.43541;0.56496;0.20229;0.35818;0.42522;0.62081;0.66307;0.12697;0.71796;0.23174;0.11874;0.10116;0.85908;0.68734;0.71125;0.75633;0.15605;0.02049;0.49076;0.31001;0.98624;0.0060319;0.42471;0.23932;0.85375;0.53538;0.31851;0.92314;0.044053;0.46746;0.77687
27;0.41668;1.2041;1.8713;-1.6896;-1.1328;-4.1143;6.6907;0.86542;-0.25099;-1.9027;3.7012;2.6153;-3.7463;-1.533;1.6019;1.1593;-7.7796;-5.4808;0.2798;4.026;0.28118;2.4386;-1.641;-0.51132;1.5872;2.6486;-3.8393;0.70016;-5.0788;-6.3595;-1.3131;-1.9971;5.6199;-1.1807;1.4057;2.3796;0.37159;0.76507;0.49093;0.024775;0.54884;0.3788;0.4477;0.017565;0.77632;0.41196;0.39105;0.96701;0.10029;0.36252;0.23004;0.0062951;0.33834;0.46657;0.68365;0.9696;0.48166;0.3949;0.65301;0.93586;0.99665;0.88103;0.032939;0.17168;0.19257;0.99522;0.79182;0.3988;0.5794;0.10775;0.07072;0.90096
28;3.6014;-3.5424;-3.8012;-0.41476;4.4357;-2.52;-1.6328;-0.89537;1.9412;-4.4025;-3.0275;7.9845;2.3407;2.1401;2.3404;4.1703;0.65798;0.64975;2.3745;-4.8468;0.51857;3.5302;-2.5518;-1.081;2.3373;-6.2188;3.2218;0.54607;3.147;2.9844;-3.1134;-3.4268;1.5612;2.0062;-2.4618;-1.654;0.91839;0.63717;0.051511;0.22974;0.21162;0.9724;0.18077;0.26098;0.35644;0.025566;0.12048;0.75708;0.82589;0.81553;0.36739;0.1517;0.37937;0.25551;0.71559;0.30895;0.89988;0.15942;0.86574;0.5677;0.19286;0.67565;0.56425;0.70544;0.58625;0.89866;0.43214;0.65814;0.82693;0.5337;0.79602;0.71099
29;2.5136;-1.3246;2.937;2.5642;2.7754;3.1066;2.188;2.3414;-3.3288;-1.4224;3.127;2.6276;-6.2918;-5.4573;0.93038;3.1517;2.6438;4.576;-2.3391;-4.4334;-2.2354;-1.2208;6.4071;0.82535;3.3862;-2.2902;-1.9235;-1.0159;-6.4881;4.4132;-4.9916;-0.78584;0.54977;-1.7192;1.9178;2.9895;0.47447;0.57693;0.66762;0.81448;0.33126;0.53474;0.51433;0.16171;0.1112;0.96023;0.20777;0.9194;0.2218;0.90058;0.51376;0.15236;0.76838;0.56282;0.97683;0.29573;0.103;0.53934;0.11389;0.6271;0.6334;0.83597;0.99063;0.56987;0.82928;0.82624;0.46208;0.76288;0.6353;0.57751;0.86568;0.93441
30;0.67351;1.0528;-5.119;-3.4218;0.30043;0.35076;-3.8877;1.5314;2.052;1.6633;0.19697;3.788;-1.9995;-6.5527;-1.4137;0.66353;-2.5281;2.5654;0.88577;0.56615;1.3058;-1.7074;4.4203;-0.27848;0.91576;1.2985;-1.6222;-2.058;-0.83318;3.4358;6.4243;0.51975;-0.36658;-2.7169;1.9071;-4.3123;0.30073;0.94902;0.0036152;0.79091;0.58149;0.0781;0.44185;0.4646;0.80122;0.29201;0.71607;0.29499;0.29542;0.7822;0.51582;0.32794;0.13475;0.1329;0.36619;0.73709;0.8355;0.0072477;0.44876;0.12613;0.80141;0.77196;0.89212;0.075384;0.62882;0.15248;0.27417;0.79115;0.77081;0.70088;0.09424;0.092314
31;3.6304;-3.5936;0.093503;2.5339;-1.7119;-4.0698;0.92298;-0.044877;6.9814;0.28242;1.953;-5.6233;-2.5228;-1.662;2.3531;0.068552;-4.9311;0.82867;-4.7701;0.96132;-1.5896;-0.05383;-4.2809;-1.192;-4.7639;-1.0848;0.12304;1.3093;-0.57821;-1.7607;-4.2858;8.627;3.2413;-0.12172;5.1036;2.5466;0.76101;0.26475;0.44778;0.6452;0.69262;0.165;0.466;0.48193;0.55315;0.36377;0.96545;0.71598;0.17374;0.21365;0.85097;0.23671;0.85999;0.41401;0.86742;0.78157;0.8896;0.43577;0.65719;0.73981;0.15177;0.89769;0.95095;0.32835;0.69951;0.22474;0.69092;0.95678;0.77533;0.874;0.85166;0.18068
32;-1.6749;-1.3158;-0.53834;2.6005;4.2001;3.7868;1.4974;1.687;2.8423;0.0083293;1.9569;2.5107;7.5168;-9.6108;-3.8856;-1.3439;-1.2242;-3.6367;1.8005;1.1955;-2.2828;1.2161;1.0501;-0.53185;-5.165;-1.3888;-2.7932;-1.1196;-4.4204;1.9656;1.3867;2.5814;-2.0091;-1.9939;-3.7578;0.83128;0.023241;0.41291;0.91673;0.4007;0.23521;0.62077;0.9587;0.66304;0.73283;0.65792;0.2976;0.11877;0.14752;0.32843;0.92068;0.05845;0.71295;0.37558;0.72478;0.086117;0.20706;0.11938;0.48164;0.92249;0.056726;0.91235;0.28964;0.47697;0.70277;0.43209;0.90813;0.4783;0.81774;0.56254;0.89723;0.82024
33;-4.6071;-1.3667;1.508;-0.89647;-2.2596;-4.3286;3.853;-0.9694;-2.935;-0.7495;0.23226;-5.7511;3.076;1.2165;3.5836;-0.67253;1.1155;-2.0122;-0.46864;-0.84718;-1.2028;-0.40105;-0.79204;4.1085;2.2717;-1.2831;5.1793;-2.7075;-1.4794;1.6106;3.597;-2.1584;5.0082;0.96591;-1.3259;-0.27766;0.3096;0.87035;0.46585;0.45748;0.014715;0.35785;0.45853;0.84656;0.45588;0.24882;0.67599;0.49876;0.51883;0.17554;0.94533;0.37233;0.42021;0.18581;0.61631;0.25688;0.18631;0.61099;0.079694;0.97404;0.90838;0.91822;0.87553;0.61917;0.27851;0.1998;0.31822;0.095185;0.64771;0.4437;0.30983;0.89152
34;2.6067;-0.061575;-2.2543;-1.7025;5.3643;-3.9202;3.5542;-3.7907;2.0909;-3.7738;-0.60536;-4.9021;-1.0158;1.7661;0.30057;3.8595;0.7159;1.7432;-0.73213;1.925;2.649;2.549;-5.5654;2.1938;2.93;2.8636;4.0567;0.030756;0.070036;-0.3686;4.0427;-1.9353;-0.8172;6.1688;-1.975;3.4113;0.85254;0.56854;0.038373;0.69619;0.38942;0.20111;0.077292;0.42995;0.73269;0.087629;0.93191;0.66847;0.54262;0.82608;0.22668;0.99289;0.28048;0.88138;0.61652;0.76115;0.62749;0.43504;0.19163;0.34839;0.63618;0.91837;0.080472;0.82705;0.26536;0.74372;0.76779;0.82924;0.2508;0.63644;0.12824;0.30796
35;-4.0248;1.6125;3.7767;-2.9514;-5.8353;3.602;-0.84219;-2.1035;2.0304;-1.3875;1.1151;4.6436;-4.7148;2.953;1.8995;0.6695;-1.979;-0.26411;-5.0676;2.992;1.4626;1.4855;-3.0923;1.4632;-3.914;-6.7324;3.9334;-1.0646;1.2526;0.8263;0.54416;-1.1306;1.9325;7.8858;-3.884;-0.48756;0.11155;0.38477;0.94453;0.38303;0.95341;0.89504;0.57549;0.62119;0.30549;0.71207;0.05756;0.49468;0.19303;0.072332;0.94216;0.64917;0.20677;0.88736;0.5722;0.35924;0.90167;0.33098;0.14156;0.015055;0.68678;0.38796;0.91741;0.27691;0.96036;0.75906;0.74015;0.083584;0.035499;0.6546;0.29562;0.27889
36;1.1456;-0.92555;1.9077;3.3075;3.1816;-1.667;-1.7585;-3.7186;1.0111;-3.5097;0.73409;3.7336;-2.3889;-2.1184;1.1596;-0.18689;0.94896;-3.1548;-6.1397;-2.4532;2.9223;5.5528;-3.8355;6.9983;0.55214;-1.1197;-0.94595;0.39788;-3.2739;-4.3923;-3.0332;4.2452;-0.052067;0.082093;1.3204;-3.2121;0.73515;0.88988;0.20869;0.14364;0.036838;0.18055;0.13657;0.24295;0.027617;0.72433;0.64207;0.67346;0.61256;0.75354;0.45254;0.48291;0.4531;0.39486;0.49726;0.86866;0.8726;0.046912;0.0043279;0.010158;0.82075;0.25639;0.25822;0.71924;0.009783;0.18561;0.35137;0.89599;0.8528;0.49041;0.15786;0.70902
37;1.5212;1.1861;0.15526;-3.2178;1.3563;1.9385;-3.2048;0.63517;0.031804;-1.88;1.5073;0.077226;2.8122;0.82458;-0.22927;5.7952;-0.6216;6.0519;-1.4925;0.035017;-2.8069;0.093017;0.64755;-3.6025;-1.6058;-4.7835;5.0328;2.4557;-0.86865;1.2854;-2.7676;-1.6329;-0.011869;1.7633;-1.3612;-0.2849;0.42202;0.29366;0.73043;0.67747;0.56553;0.73237;0.6797;0.16686;0.43367;0.016918;0.12958;0.019828;0.33151;0.93377;0.70393;0.96502;0.29667;0.87823;0.18827;0.18067;0.47046;0.94417;0.076282;0.99714;0.50012;0.29084;0.18616;0.20664;0.40512;0.76418;0.76533;0.14091;0.071015;0.78297;0.24302;0.8287
38;-1.2469;-2.4285;5.0168;1.2567;1.7944;0.26841;0.54972;-2.1936;-3.327;0.99293;0.71905;-1.17;-1.8703;1.3525;-3.8052;-3.3769;1.9561;1.7609;1.685;0.89253;-0.95335;2.1101;0.35508;-2.0561;0.62383;-1.2946;1.6254;3.1377;1.0467;2.5779;2.2092;-3.2481;1.7617;-8.1608;7.6759;-2.1556;0.7041;0.037299;0.56823;0.90863;0.26996;0.23539;0.54314;0.12204;0.52673;0.21379;0.88619;0.97176;0.2544;0.96542;0.35804;0.23238;0.45177;0.0837;0.3889;0.95453;0.98835;0.52796;0.29073;0.12494;0.71165;0.55422;0.31349;0.069754;0.5683;0.17032;0.65745;0.05962;0.1605;0.0082595;0.87403;0.39474
39;0.37978;0.93159;-2.428;5.0142;-2.6595;4.6475;1.9265;4.7356;0.80614;3.6436;-1.8587;-0.89863;1.6179;-1.6259;-0.93235;2.0472;-0.52134;-4.9516;0.88622;-0.3912;-3.4003;3.145;0.23191;-0.39554;-0.86929;0.058454;-0.63156;1.3089;1.0472;-1.8686;-0.52211;-3.0013;-1.4981;1.1776;-4.1044;0.99908;0.78196;0.456;0.71063;0.75381;0.84209;0.26284;0.024815;0.035426;0.49701;0.37515;0.57802;0.50067;0.10985;0.13572;0.42863;0.063722;0.95055;0.96643;0.2003;0.26086;0.62646;0.14966;0.63023;0.96801;0.5204;0.76879;0.52428;0.14405;0.92125;0.984;0.56977;0.27906;0.44685;0.42092;0.82832;0.77371
40;2.6936;-4.1026;6.5326;-1.1422;-1.3118;2.6603;-3.3195;-6.4176;-1.2649;2.4362;1.9414;0.18851;2.2276;-1.3777;-1.8436;-1.4739;4.1232;-5.1876;-4.3399;1.5939;3.6509;3.881;1.5671;1.6737;6.6038;-3.5004;2.2188;0.050759;0.68679;3.1418;-1.6475;-0.49089;1.6045;2.6189;3.2112;6.8115;0.11737;0.058993;0.30395;0.70457;0.0014005;0.87175;0.36168;0.46996;0.06938;0.56297;0.89087;0.44866;0.83425;0.48976;0.1308;0.77863;0.6161;0.14921;0.60465;0.27832;0.78936;0.9358;0.95079;0.13136;0.39828;0.78275;0.19159;0.56632;0.58153;0.14572;0.55605;0.46815;0.87539;0.76611;0.86697;0.80073
41;-3.4787;-3.7677;-1.5348;-1.9654;5.926;-0.71616;3.0148;-0.55492;-1.1616;0.56182;5.8945;-0.88085;1.9892;0.5615;2.1579;4.9754;3.5888;-2.0558;-0.0089081;-4.3971;-0.21623;-7.2266;-0.23287;0.12284;-0.023156;0.42222;-0.7683;-0.93086;-5.7473;-0.49516;-1.3426;-5.2098;-1.198;-2.8711;1.0459;-0.69232;0.48042;0.48067;0.11216;0.64006;0.50898;0.56196;0.75375;0.92582;0.6635;0.83791;0.39767;0.88512;0.87462;0.9066;0.70832;0.40403;0.32349;0.27934;0.084159;0.30677;0.41179;0.0032239;0.10006;0.0060044;0.98627;0.6729;0.16889;0.21724;0.5394;0.25894;0.048573;0.69887;0.31171;0.12625;0.52832;0.45375
42;4.2456;-4.0694;-3.0235;0.22146;4.3049;-1.1977;1.888;-0.39408;2.6488;-1.9705;2.1793;4.8403;0.53249;2.8788;0.030525;-4.4238;5.0233;-0.00036529;-1.0312;-0.78688;3.1169;5.483;-2.5781;-3.8051;4.8872;1.0476;-1.2182;-3.5201;3.0887;0.83682;-5.2431;4.3421;3.2785;-1.5885;-4.5646;0.26797;0.94421;0.90205;0.47698;0.38154;0.71258;0.12527;0.22604;0.8671;0.70431;0.020226;0.31028;0.31962;0.13606;0.58756;0.62788;0.36029;0.23448;0.50868;0.89083;0.47175;0.61158;0.73582;0.28544;0.63999;0.67246;0.090273;0.76829;0.59635;0.14512;0.58688;0.89099;0.97267;0.45255;0.039152;0.92866;0.23582
43;2.8778;4.435;4.0346;-0.1276;-5.6008;3.3185;-1.0472;-0.93522;-1.4308;-0.10477;0.071694;1.1049;6.0747;2.0826;4.2953;-1.1898;-2.6548;1.0552;-1.3776;1.6183;1.6561;-5.3869;-4.2534;-0.92026;4.1121;-1.5731;-0.085093;2.4849;0.40136;-5.5254;4.4049;-4.0338;0.56758;6.4405;0.55562;-1.6381;0.88718;0.38434;0.95536;0.10785;0.87568;0.15966;0.40988;0.62974;0.19063;0.98204;0.94142;0.26344;0.68622;0.5149;0.38203;0.89114;0.57741;0.99988;0.19319;0.42514;0.54009;0.21017;0.71423;0.45486;0.25453;0.49498;0.58246;0.7472;0.87767;0.31909;0.32461;0.47523;0.5849;0.067189;0.37366;0.25421
44;0.23994;-2.6401;0.24101;-5.4872;1.9464;-3.2906;-5.6539;-3.0314;0.19954;1.9604;0.085877;-3.7601;1.7185;-2.2065;0.58889;1.8666;0.98307;3.9416;2.8567;0.75669;3.2365;-1.2663;-2.4872;0.8411;-0.16389;2.1168;-2.5699;3.4435;2.128;-4.8104;-4.9516;-0.23969;1.6805;2.4578;3.0493;-3.7896;0.69194;0.75617;0.13715;0.031824;0.0032986;0.88206;0.075046;0.74933;0.49867;0.69123;0.7449;0.16387;0.09848;0.93167;0.17833;0.91335;0.97502;0.94754;0.55419;0.45297;0.79326;0.30116;0.79484;0.61489;0.36569;0.063003;0.98349;0.021949;0.29453;0.1513;0.45612;0.53026;0.79593;0.0048792;0.65443;0.7859
45;4.1086;-0.40032;2.6591;2.2961;0.54107;3.5874;2.565;-0.43838;0.46502;-0.97437;0.51276;-1.398;1.4763;1.335;5.7508;-0.81779;4.5337;5.6934;4.7103;0.82754;0.74862;-0.91245;2.3817;-0.9914;6.6503;0.78111;-0.5543;-0.50576;3.3781;5.4264;-5.2063;4.4244;-2.1035;0.30305;-1.0202;1.5693;0.41348;0.10361;0.067787;0.5083;0.86757;0.66205;0.97857;0.69192;0.93493;0.18089;0.0057769;0.42262;0.75396;0.3111;0.67608;0.97081;0.95037;0.8316;0.92804;0.028586;0.53074;0.34753;0.3494;0.061402;0.27709;0.76239;0.79097;0.52543;0.42352;0.19192;0.79857;0.43954;0.37337;0.33777;0.45131;0.85523
46;-0.96076;1.546;0.83926;-4.1678;2.3664;3.7636;-3.0775;1.2506;-2.1158;-0.83622;0.59506;-0.92687;1.0034;3.1908;1.9232;-2.3946;0.041372;-0.6876;-6.9308;-0.75243;1.3574;-1.5943;1.3098;1.6032;-1.156;-4.0324;-0.71065;-2.2877;0.71165;-5.8472;-4.5101;1.7901;5.5594;4.9413;1.1016;4.1302;0.94035;0.85872;0.35432;0.8913;0.63866;0.30173;0.12126;0.19623;0.22866;0.91747;0.22185;0.17268;0.98004;0.2648;0.80232;0.9914;0.52939;0.79405;0.166;0.73941;0.97206;0.86425;0.66212;0.84611;0.77226;0.87405;0.44173;0.20154;0.12421;0.92712;0.73931;0.31868;0.078739;0.15455;0.93078;0.2805
47;-5.8315;0.8342;-0.36206;0.090473;1.9445;-0.88161;1.3651;-1.1225;-0.2307;6.6611;2.7123;-0.82694;-0.28288;-1.0356;0.95465;-1.6431;1.2518;2.3672;-3.4039;-0.98979;3.5842;-2.7969;0.20991;6.3205;4.2835;-2.2387;-0.87787;-4.6205;-4.8471;-2.3999;-1.3255;3.1179;-2.5644;-5.3012;1.7376;2.9845;0.79919;0.67574;0.55822;0.44593;0.79556;0.84862;0.84449;0.27291;0.93582;0.77968;0.35185;0.51965;0.82136;0.47473;0.050409;0.72943;0.54092;0.98488;0.46539;0.76301;0.90992;0.33187;0.36908;0.9678;0.55607;0.031995;0.79198;0.55671;0.89577;0.498;0.99802;0.072436;0.049618;0.26475;0.42235;0.41197
48;1.697;-5.1671;-0.35175;6.166;-3.6019;3.6916;0.9696;-2.0032;4.4854;2.145;4.3788;-0.63296;0.68458;3.7939;-1.8057;-3.821;-4.3611;0.61673;6.0091;2.5429;0.34552;-1.8837;0.26352;-2.8068;4.6787;-0.22125;0.14424;7.6281;-4.5706;2.6139;1.6564;-3.4239;-1.619;4.4328;-1.5065;-1.6163;0.41185;0.29536;0.44154;0.20876;0.84815;0.2226;0.47966;0.49308;0.5238;0.059513;0.40795;0.26632;0.84893;0.80276;0.61144;0.1942;0.54298;0.46003;0.1397;0.9015;0.35622;0.48806;0.15901;0.93809;0.55081;0.062872;0.47716;0.40032;0.52436;0.93191;0.3409;0.28699;0.44399;0.59112;0.38899;0.48243
49;0.24252;2.1275;4.8011;0.55363;4.787;2.3953;-0.29809;0.62854;3.1792;-1.546;1.7509;-0.067508;2.1711;-0.98627;-3.6457;-3.9941;-0.26932;-1.1937;1.0725;-0.90369;-0.9731;-5.5426;-0.0071661;-1.1092;-0.27294;5.3728;1.6559;4.4734;-0.41464;3.1835;-1.4011;0.3992;1.8628;4.1846;-1.8211;0.76151;0.53078;0.79086;0.020676;0.23604;0.82287;0.65699;0.097031;0.82805;0.72874;0.41109;0.26996;0.15241;0.37726;0.24229;0.36613;0.42008;0.84736;0.18486;0.48944;0.5553;0.42934;0.22274;0.18066;0.36616;0.76142;0.77194;0.15869;0.16541;0.4611;0.66664;0.0078293;0.80184;0.28674;0.40676;0.36022;0.69053
50;1.6551;2.1858;-2.063;-1.1058;5.9172;-1.497;-0.001875;-1.067;-0.71836;-2.0151;-0.018058;1.2972;-5.1111;-1.5407;-2.2012;-1.861;-4.8704;-1.3618;-2.0517;0.98556;0.47807;-3.5957;2.9145;1.3188;-1.338;-5.3606;-0.04617;-3.2673;-0.8034;2.4219;-3.2298;0.013752;2.996;7.0599;4.5171;-0.88632;0.98002;0.84844;0.4582;0.074626;0.6416;0.75749;0.31033;0.69576;0.44896;0.40891;0.77818;0.0025539;0.45347;0.79287;0.42997;0.91933;0.49861;0.87924;0.93559;0.29235;0.68417;0.27477;0.34232;0.95039;0.23158;0.85669;0.32811;0.81687;0.19573;0.49712;0.14331;0.33362;0.56723;0.85023;0.2942;0.45958
normalized population
1;-0.14447;-0.72233;0.47889;-0.77949;-0.25525;0.82215;0.95643;1.4793;-1.4305;-0.45915;-0.1347;-0.42377;-0.38691;0.37904;0.45194;0.90214;-0.40201;-0.94413;-0.2464;-1.2382;-1.216;-0.88068;-1.1522;-0.19379;0.56232;-0.84769;1.6857;-1.2985;-0.50637;-1.402;-0.69303;-0.77377;-0.15166;-1.2829;1.2835;0.12514;0.4892;1.5211;-0.80223;0.75811;1.4367;0.78184;-1.0196;0.19261;-1.3332;1.5077;1.0531;1.1565;-1.2819;-1.64;-0.60297;-1.2595;1.3836;-0.64757;-1.4944;1.0461;-1.7367;-1.0647;-0.33289;-1.039;-0.60697;-0.93862;0.85583;0.47776;0.078959;-0.7875;0.946;-1.5779;0.87435;1.353;-1.3834;0.74842
2;-0.20357;-0.92213;-0.1914;0.35187;0.58658;0.63237;-1.0879;1.0764;-0.6452;1.8914;-0.64349;-0.51607;-1.4309;1.6622;0.22824;2.538;-1.7355;0.2223;-0.56139;0.78367;0.34229;-0.36527;0.34129;-0.67473;1.4283;-0.42376;0.13072;-0.61386;0.22311;0.89375;1.0686;0.37625;0.80994;0.19837;0.57825;-0.48142;0.64953;0.36956;1.2392;-0.46232;-0.70911;-0.03689;1.8978;-1.6412;-0.92369;0.95033;-1.2013;0.23218;1.0364;-1.0124;0.4904;-0.25691;-0.54971;-1.3369;-1.5428;-0.24598;0.82268;0.44886;-1.5768;0.81493;-1.3303;-1.0819;1.1954;1.2372;-1.3473;-1.303;1.1781;0.38146;1.4235;1.0596;1.0164;-1.9642
3;1.0091;0.30901;-0.11683;-0.53219;-0.82453;1.0488;0.6714;2.0029;1.7628;1.8823;-2.2177;-1.2296;0.16716;0.1673;0.018699;1.1934;0.43895;1.4707;1.5639;-0.14344;-0.75898;0.091539;-1.2937;-1.8251;0.68995;-0.62469;1.0267;1.1239;0.070354;1.4747;-0.088074;-0.22208;1.7341;-1.5935;0.4829;-0.71551;-0.21985;0.40581;-1.0028;-0.6569;-1.7272;-0.64785;0.53222;-0.59676;0.39208;1.2998;0.75701;0.60566;-1.6286;1.041;-0.19213;-0.88272;-1.2402;0.36032;1.4159;-0.78176;-0.4414;-0.36232;-0.13397;-0.93442;-0.77166;1.2873;-0.41462;-0.37483;-0.39076;0.30528;-0.35197;-0.074463;-0.56132;-1.6852;0.65382;-0.95767
4;-0.45374;0.2302;-0.55466;-0.52545;0.14873;0.61686;-1.2594;-2.0424;1.1913;-0.6176;-0.83614;0.46208;-1.4069;0.4885;2.2409;-0.31994;1.0324;0.99392;-0.37454;-0.20577;-0.45643;-0.84439;-0.11144;0.091012;-1.3663;-0.34979;-1.3059;-0.24077;0.20448;1.0444;-0.42371;1.3304;-0.99172;-0.26256;-0.18492;0.060948;0.88104;-1.6201;0.23261;1.3137;0.33544;-0.86555;1.6003;0.15489;0.50953;-1.7661;-0.4164;-0.2759;1.4416;-0.96698;-1.3192;-0.1013;-0.49296;-0.82083;-0.67392;0.74338;-1.8089;-1.3857;0.19488;1.3504;-0.080864;1.3502;1.4273;-0.63581;1.2286;-0.10011;-0.54203;0.94033;-0.81612;-0.93131;1.0464;-0.72496
5;-1.8518;-0.33126;0.40482;-0.21236;0.65917;-0.18492;0.61698;0.11275;-0.72517;-1.9864;-1.9139;-1.4259;-0.30093;-0.2092;-0.45994;0.010498;-0.10635;-0.10827;-0.3004;1.052;-0.31038;0.65338;-0.77121;-0.084273;-0.79183;-0.043113;0.76095;-0.10599;0.6604;0.69099;1.6735;-0.080952;1.2693;-0.34935;-0.047219;-1.3828;-1.437;-0.83877;-0.16393;-1.3787;-1.0584;-1.8074;-0.041981;-1.6178;0.98604;-0.83857;0.5942;-1.2213;1.6451;0.79061;-0.89967;1.3473;-0.91475;-0.28739;0.83163;-1.7096;0.89597;-0.13278;1.6389;-0.49278;0.52559;0.61251;1.2028;-1.5093;-0.97695;0.91794;-2.02;-1.4789;-0.2989;0.45701;-1.1299;0.55998
6;1.5828;-1.1956;-1.4918;-0.018035;0.14318;-0.42208;-0.63555;-0.37063;-0.7014;0.71906;-0.85888;-0.84305;0.98629;0.25643;0.91745;0.46175;0.47892;-0.21181;1.9402;-1.3692;-2.2268;0.74065;0.037644;-2.3831;0.60377;1.3335;0.77356;-0.76292;0.92447;-0.60548;1.107;-1.3889;-0.42509;-0.53833;-1.6445;-0.86062;-1.2994;0.98813;1.2079;1.1757;0.33315;-0.89983;-1.0851;-0.10344;-0.60433;0.6777;-0.36201;-0.39149;0.033844;0.38718;0.55836;-1.4027;-1.3189;-0.59708;-0.53181;0.92571;0.67529;-1.0355;0.63655;1.3037;-0.53646;-1.3488;-1.6686;0.95203;-0.83638;-1.0618;1.4946;1.421;1.5201;1.5866;-1.2016;-0.13188
7;1.3709;0.73285;0.85516;0.34886;0.3613;0.17256;-1.8656;0.10703;0.42148;-0.37694;0.9046;-0.49236;0.14572;-1.8787;-0.45598;-0.18365;-0.95952;0.79044;-0.52744;2.037;0.92919;1.9655;1.1163;0.26169;-0.35033;0.41379;-0.17457;0.11429;0.48963;0.087536;0.57502;0.31737;0.37511;1.6989;1.3331;-0.87573;0.055178;0.030977;-1.5113;1.0794;0.97771;-0.30032;1.131;-1.2631;-0.7631;-0.48996;0.93199;-0.50976;0.96446;-0.53956;-1.0976;-1.3289;-0.019624;-0.90168;-0.27826;-1.6232;0.78298;-0.71309;0.54667;1.3246;0.42678;-1.3834;0.72275;1.9171;-0.79141;0.13868;-0.83304;0.58156;1.6097;-0.33026;0.94604;-0.069501
8;0.82844;-0.20571;0.075328;-1.0343;0.54654;0.55568;-1.2416;1.3988;0.64617;1.1238;-0.19782;0.77963;0.97645;-0.59944;-1.6902;0.26769;0.38094;0.94385;0.51665;2.1824;0.25622;1.2962;0.12923;-0.373;0.060635;1.7323;0.66653;-0.58055;0.89227;0.57846;0.30204;-1.2157;-2.3956;0.22121;-0.70371;-0.86332;-0.82061;-0.8876;1.4367;0.75655;-0.58574;-0.25615;-0.9406;1.0591;1.0958;-0.5692;0.56283;-0.26253;0.74903;0.45711;0.99058;-0.92452;-0.71996;-0.17154;-0.8833;1.3892;1.1487;0.57342;-0.18395;0.51686;-0.97769;0.37804;-0.22655;-0.097704;-0.18304;-0.49318;1.5497;0.1398;0.104;-0.64155;-0.40319;-0.14774
9;1.0235;0.10784;-0.02561;-0.68004;0.81572;0.48912;0.54115;-0.2147;1.4241;-0.36714;1.9683;0.24902;-1.9034;-0.010261;-0.21118;-0.15973;1.9436;-0.069664;-1.2103;-1.5724;0.89779;0.010352;-0.28475;-0.9796;0.33158;-1.5948;-0.844;1.1121;-0.7232;-0.92508;1.6877;-0.9841;0.96185;-0.092215;0.080213;-1.0567;-1.5968;1.1597;0.38145;1.2501;0.10917;1.3184;-0.10266;-0.050662;0.084526;0.23127;-1.0325;1.0179;-0.59362;0.66815;1.4622;-0.55183;-1.3819;-1.4865;1.1557;-0.35303;-1.2211;-0.037732;1.7842;0.12234;-1.3567;1.1366;-1.1443;0.53543;1.2224;-1.0916;-1.5825;0.17227;1.4444;1.1347;-1.7242;0.49574
10;-0.59394;-0.20284;-0.68546;2.3696;0.64361;-0.71024;0.47282;-0.043664;0.10247;-0.28464;-0.28767;-0.1313;-0.35621;-0.027257;0.54257;0.84893;-0.055829;-0.41337;0.28403;0.42191;-1.0911;-1.1412;0.87025;-0.41736;-0.68069;0.82152;-1.8727;-0.10355;-2.3146;-1.2597;1.2531;1.31;-1.3634;-0.77334;0.69495;-0.017447;-1.5977;-0.2338;0.45763;0.25197;0.5567;0.25941;-0.96573;1.3514;-1.2252;0.40518;0.6299;-1.6798;-0.6972;0.76101;-1.6167;-0.29901;0.96066;1.4556;-0.86962;1.3944;-1.5945;-1.3919;0.92672;0.59907;-1.4357;1.2441;0.94208;0.40537;-1.3661;0.40988;0.86587;-0.62644;0.93521;0.6259;-1.2915;-0.13481
11;-0.2227;1.4164;-1.1561;0.79802;0.11036;1.5375;-1.4889;0.089912;0.030569;-1.2221;0.93755;0.69918;0.82748;-0.35144;0.2227;-0.38735;1.6022;-1.2555;-2.832;-1.7281;1.2095;1.1511;0.64223;1.5033;-1.2971;1.2687;-0.86402;0.59404;-1.2404;0.99656;0.015172;-0.32792;0.13228;0.98263;0.9127;-0.15982;-1.6169;-1.1914;1.4761;-1.3682;-0.37787;1.4241;0.11986;-0.81523;-0.21912;-0.61172;0.90506;0.42377;0.1111;-1.0052;-1.1255;1.4776;1.2611;1.1548;1.426;-1.6527;0.50507;0.11972;-0.21595;-1.5465;-1.3584;1.0447;1.5254;-0.44888;1.2123;0.38675;0.69291;0.77181;-0.083936;-1.167;0.7451;0.91206
12;1.0634;1.9984;0.2846;-0.40623;-0.55983;-0.056141;-0.85297;0.085162;-0.95203;-1.284;-1.5;0.7474;-0.32753;-0.052324;2.7697;-0.36041;0.59767;-0.68739;-0.13043;0.4701;1.2123;-0.14156;-0.8667;1.6498;-1.3245;1.1067;-1.2637;0.33018;-1.4618;1.1647;-0.95645;-0.44969;-1.7306;-0.63892;-0.42113;-1.1117;0.88369;-0.065026;0.37798;1.3898;1.6515;-0.62886;0.77069;1.0724;-0.81074;0.21665;-0.63339;1.694;-0.59103;0.58433;-1.4374;1.3018;1.9566;1.2729;-0.89459;0.29502;0.37115;-0.10725;-0.75423;-0.46119;-0.1473;0.080315;-0.02631;-0.45933;1.3736;-1.2716;-0.94407;0.82295;0.025527;1.3097;-1.5378;0.86356
13;-0.36442;-1.4652;0.012873;-0.074431;-1.5837;-1.5344;0.17336;1.6526;1.4927;0.78947;1.8753;-1.7728;-0.98225;0.37122;0.59162;-0.031531;2.0369;0.031349;0.4255;0.12069;-1.25;0.52406;-0.40434;0.55363;0.49009;2.0417;2.0451;1.843;-1.3121;-1.3096;-0.49363;-0.10498;-0.38159;0.38696;-0.79782;1.6994;0.21081;-1.3452;-1.4922;0.3096;-0.74816;0.96962;-0.22063;0.43145;-0.24485;0.96877;-0.15968;1.3185;0.16305;-1.0744;1.3089;-0.77835;0.87631;-1.2646;-0.60514;0.46807;-1.0602;0.77886;-0.54967;-0.96085;-1.0642;-1.4453;0.85261;-1.0789;-1.4277;-1.489;1.3269;0.93156;0.41423;-0.38063;-0.95894;-0.14565
14;0.063377;1.1532;0.12089;-0.4987;0.093952;0.26592;0.77926;0.70479;0.79446;1.0032;-1.7493;-0.056082;0.57999;-0.1703;0.23097;0.033787;-1.0851;0.56085;-0.077335;0.2586;0.74808;0.15435;1.019;-0.09369;0.492;-0.31061;1.0533;-0.49742;0.91492;1.1129;-0.89411;-0.23987;-0.16879;-0.83784;-0.72959;-2.3901;0.16272;-0.92622;0.39098;0.33495;1.0357;-0.60185;0.33873;-1.3728;1.8577;0.00053453;0.8109;-0.16402;-0.28353;-0.0060746;-0.04005;1.35;1.5406;0.95209;0.77587;-0.22944;0.37188;1.5315;-0.96933;0.53494;1.376;-0.57904;-0.55805;1.3781;1.5145;-0.82615;1.1008;-1.2373;-1.7784;1.6574;-0.32687;0.090367
15;-1.7408;-0.90172;0.53039;-0.46468;1.0009;-2.6449;1.1335;-0.85465;0.030668;-0.14735;0.6028;-0.12319;0.93079;2.1897;0.54742;2.4841;-0.29075;-1.7704;0.87313;-0.13995;1.2258;-0.24658;0.50625;-0.82783;-0.3395;1.4376;-0.50676;0.40992;0.075511;-0.53439;-0.0211;-0.37832;-0.34286;1.982;1.5679;-0.027749;-1.1255;0.93739;-1.3482;0.27285;0.77938;0.38509;1.1959;-1.3997;-1.5505;0.40655;0.39774;0.40988;-0.79319;-1.7864;1.4945;0.38864;-1.3356;-0.73731;-0.92452;0.48362;-1.8968;-0.34979;0.23113;-0.48173;-0.39612;-1.4577;1.3068;-1.1684;0.73705;1.0648;-0.042006;1.23;0.74934;0.37846;0.62369;0.7929
16;-0.42031;1.0971;1.2847;-2.4061;-1.9844;0.80109;-1.1483;2.7619;-1.172;-1.408;0.16763;-1.0684;0.28701;-0.65299;1.2479;-1.6256;-0.97753;1.503;-0.35942;-0.47071;0.10385;0.58123;0.43324;-0.46324;0.71915;0.68383;-0.13395;-1.9753;0.22788;-1.187;0.49218;-0.033795;-1.6767;0.95871;-1.092;0.63919;-1.0364;-1.101;-0.74772;-1.647;-0.377;-0.017426;-1.0154;0.28202;0.0095729;0.82727;-0.24886;-0.88369;1.2687;-1.4446;1.4785;1.3009;-1.3358;-1.4908;-0.87953;-0.71684;-1.8736;2.0026;1.4241;1.0183;1.7827;-0.11087;-1.4641;1.0838;0.75381;-1.0694;1.0506;0.34053;-1.4586;-0.13891;0.69884;-0.508
17;-0.2495;-1.1455;-0.91587;-0.77302;-1.5537;-1.445;0.31507;0.1089;-1.9817;0.5852;-0.38954;0.15562;0.22842;0.12064;-0.93818;-1.53;-0.11136;2.0299;-0.70252;-2.7617;0.55615;-1.9415;0.64611;1.4751;0.57502;-1.2813;0.58225;-0.53439;0.95902;-0.33544;1.817;-0.13059;0.63949;-0.93666;-0.10497;0.20605;-1.5359;-0.7108;0.50546;-1.1945;-0.9349;1.5161;-0.19934;-0.40698;0.59196;0.63485;-0.44547;1.18;-0.7476;-1.4574;-0.67623;1.485;0.099555;1.2563;0.023915;-0.4232;0.68843;2.0452;-0.48437;0.074875;-0.72544;1.2841;-0.10314;-0.52273;0.67231;-1.0225;-0.25298;0.2256;0.83979;0.8805;1.4665;-1.3012
18;0.76259;0.36814;-1.1698;-0.051393;0.42871;-1.0751;1.2448;-0.51844;-0.43147;0.28265;-1.603;-0.47323;0.73174;0.61035;-0.83741;0.56036;-1.2489;-0.26735;-0.057624;0.017123;0.60133;-0.48748;-1.0893;1.7243;0.70407;0.41269;-0.90699;-1.6636;0.015622;0.021297;-0.34133;0.22767;3.1592;-0.031968;0.11677;1.9164;1.105;0.51512;0.55226;-0.81691;1.5245;1.4696;-0.14307;-0.16198;1.1528;0.45904;-1.3687;0.38983;-0.60455;1.4802;-0.43354;-0.7969;0.35183;1.0881;-1.6776;-1.3212;1.1768;0.17205;1.4917;0.93797;-0.71534;-1.1058;-0.63274;-1.62;0.98121;-0.27203;0.98465;-0.4611;1.5179;0.2108;1.3363;-0.56301
19;0.42321;-0.12291;-1.5971;-0.093847;0.75349;-1.4022;-1.016;0.184;-1.3564;0.32144;-0.38271;1.5554;-0.77134;0.9916;0.091559;0.28044;-0.63535;-0.77972;-0.11868;1.124;0.82797;0.15671;-0.69509;-1.4421;-1.4511;0.28541;-0.41725;0.50583;2.1612;-0.79915;0.098187;-1.0297;0.13339;-0.61868;-2.262;-1.3124;1.1631;-1.4277;1.3407;1.0011;0.81267;-0.75578;-1.183;1.8779;0.096256;-1.2156;1.6201;-0.92991;0.84844;1.5132;-1.2731;1.3492;0.52153;-1.2748;1.6033;0.84652;0.32329;1.5884;0.40377;0.65626;0.35064;0.18956;0.28508;0.36356;0.54692;-0.05207;-0.6283;0.11193;-1.0191;1.4369;-1.028;-0.068449
20;-2.0513;0.37244;1.7502;-0.016495;-1.5389;0.079975;-0.12512;-0.40776;-1.5238;-1.6734;-0.3997;1.9876;0.22021;0.038385;0.035406;-1.089;-0.38361;-0.41343;1.2922;-0.4103;-2.0586;-0.8373;0.23247;0.64058;0.94916;-0.73722;-0.012266;-0.57216;0.64916;-1.6673;0.21346;-0.30153;-0.6492;-1.3212;-0.266;-0.053786;-0.47872;-1.7112;0.8543;1.1006;-0.31876;1.2463;1.2667;-0.2868;1.3224;0.80328;-1.4533;0.71551;0.79406;-0.67914;-1.0701;-0.75672;-0.60084;0.42781;0.5806;-1.6475;-0.89335;-1.3253;0.85095;-0.94909;-1.4688;-1.1367;-0.6714;1.6545;0.16102;0.89082;0.87894;1.1189;-0.36276;0.16767;0.56115;1.6225
21;0.47903;0.95684;0.0013717;0.038391;-1.2983;0.79728;-1.5116;-0.82773;-0.69559;-1.4692;1.2144;-1.0926;-0.31592;1.1863;-0.11191;0.12328;1.3258;-0.65195;0.25938;-0.53463;-0.68188;-1.2685;-0.11041;-0.099096;-0.27924;0.13626;0.99333;1.3497;-0.077372;-0.23786;-1.1989;0.78263;0.50354;-0.93122;0.83203;0.35459;0.16536;-0.0056908;-1.3609;0.42979;-1.2881;1.0311;1.4399;0.11505;-0.57342;0.53606;-1.7131;1.0249;-0.83816;-0.10898;-1.1115;0.48317;-0.99729;0.6347;-0.79437;0.6528;1.0993;-0.061845;-0.27833;-1.5076;1.3519;-1.5725;0.082977;0.53039;-1.0019;1.589;-0.65017;-0.78495;-0.54984;-0.38529;0.04841;1.1837
22;0.59254;2.697;-1.3814;0.090321;0.69954;-0.09396;1.9215;-1.1033;-0.88659;-1.164;-2.5367;-0.99486;2.5552;-0.59071;-3.103;-0.91015;1.1136;0.41076;0.29947;0.58495;2.2107;0.18621;-0.41748;1.8522;-0.84789;-0.38048;-2.1316;1.6934;-0.2402;-0.56906;1.1739;-0.66344;-0.38509;-0.89269;0.50974;1.2334;-1.062;-0.54511;-1.4431;0.64001;-0.99526;1.5919;1.154;1.3246;0.08307;0.43817;1.6034;-1.304;1.5895;-0.38938;1.5403;-0.45357;0.42714;0.37422;0.71051;0.25216;0.88241;-0.97263;1.0696;-1.194;1.0557;0.60353;-0.28068;1.6525;-1.5979;0.39319;-0.47398;0.43394;-0.57514;-0.31011;-0.38175;-1.6591
23;0.63207;1.4389;1.5087;1.3262;0.17897;1.2054;-0.60054;0.88675;2.154;0.20235;0.59616;1.8679;-0.94599;0.9103;0.69147;1.4097;-0.34813;-1.0845;-0.34845;0.32943;-0.92584;1.3726;0.089102;-0.030697;-1.8008;0.80932;0.7095;-0.50338;-0.19381;0.79651;-1.6914;1.4774;-1.6315;0.37182;0.60228;0.83828;-0.89525;0.64198;0.76802;1.4899;-0.28366;-1.1573;-0.29207;-0.1658;-1.7597;1.4168;1.2968;1.3167;1.6154;0.40412;1.1452;-0.1021;-0.4625;-1.2494;0.91566;1.4024;0.7571;1.8529;1.4113;0.29391;-0.036844;-0.64626;-0.19658;-0.4082;0.10761;1.5639;0.099488;-1.4828;0.5459;0.45864;0.51518;-1.6199
24;-0.91732;-0.33075;-1.4872;0.38033;0.28023;1.1197;2.3014;0.34479;1.1527;0.080704;0.66042;0.10432;0.71067;-1.7187;-0.71658;0.48377;-1.2198;1.5072;0.81528;0.59132;-0.85817;2.1037;1.9848;-0.16795;0.15884;1.0788;0.33709;-0.71402;0.57338;-0.70625;-0.0082062;-0.26901;0.51512;-1.6338;-0.40729;-0.1581;0.30575;1.4076;1.1391;0.97433;0.73857;0.39226;-1.3196;0.55201;1.5859;-0.22273;0.68022;-0.67752;-0.70233;1.2024;1.0896;0.45175;-1.0924;-1.1316;1.0303;1.4735;0.72213;-0.25933;1.0172;-1.3173;-1.6618;-0.59389;-1.0987;-0.26681;1.6123;0.59375;-1.3686;-1.6109;-0.9203;1.3495;-0.50195;-1.9055
25;1.1998;0.66793;0.94791;-1.0138;-1.046;0.30349;0.22032;-0.21488;-0.55661;-0.6323;0.65546;0.29687;0.11495;-1.0051;-0.88546;0.25949;-0.64682;-0.45736;-0.26241;-0.84972;-0.86951;0.23199;0.46483;-0.65397;0.41576;-0.61111;-0.65959;2.0618;1.7739;0.38227;-1.2373;-1.129;1.2315;-0.49881;0.37909;-0.1266;0.53474;-0.89985;0.15216;0.54395;-0.86551;0.20407;0.24925;0.51531;1.4365;-0.13431;-0.43633;0.96962;-0.81386;-0.85388;-1.0651;-1.3483;0.00307;0.42218;-1.6913;-0.29188;-1.8686;0.33085;0.3801;-0.44738;0.88247;-1.1014;0.59556;1.7205;-0.31857;-1.546;-0.64269;-1.6265;-1.5626;-1.4745;0.54138;-0.20709
26;-2.7446;-0.12806;-1.0684;2.5634;-1.0465;0.24111;0.097495;1.1608;0.96416;0.34114;0.86504;0.88012;0.11317;0.12238;-0.84044;-0.76979;0.46174;-0.86011;0.94958;0.34992;0.77219;-1.4774;0.10593;0.24232;-2.4593;-0.2338;-1.3173;0.26039;-0.24738;-0.35703;-0.029826;-0.26273;-0.24281;0.47559;0.5343;-1.1462;-0.33369;-0.56826;0.41283;-1.1785;-0.61866;-0.35948;0.39001;-0.95421;-0.61509;-0.34515;0.31715;0.50734;-1.2196;0.64337;-0.83346;-1.09;-1.4875;1.0576;0.63554;0.68222;0.5248;-0.89095;-1.6429;-0.11283;-0.57303;1.3092;-1.7363;-0.18464;-0.99613;1.2335;-0.1006;-0.54653;1.3561;-1.5519;-0.12835;0.97456
27;0.0065357;0.49001;0.59073;-0.51894;-0.54234;-1.5704;2.0849;0.26526;-0.25202;-0.47352;1.0841;0.73551;-1.3106;-0.45663;0.37282;0.19449;-2.4512;-1.8534;0.29286;1.6419;-0.055024;0.68648;-0.58907;-0.27715;0.35067;1.0314;-1.5384;0.12494;-1.5773;-1.9346;-0.23165;-0.51757;1.4766;-0.3549;0.35171;0.99433;-0.36867;1.0114;0.10646;-1.7814;0.14007;-0.56312;-0.055958;-1.6614;1.0134;-0.39367;-0.47731;1.5972;-1.3106;-0.56615;-0.8392;-1.4192;-0.57455;-0.18064;0.62269;1.5769;-0.376;-0.047524;0.63148;1.2046;1.8568;0.99324;-1.6476;-1.1324;-1.1645;1.707;0.84267;-0.25863;0.17621;-1.3325;-1.5175;1.4487
28;1.0193;-1.3103;-1.4111;-0.067316;1.2301;-1.0289;-0.53916;-0.40146;0.50764;-1.4365;-1.2908;2.3994;0.67183;0.81703;0.62108;1.2313;0.21211;0.16828;0.99418;-1.8798;0.048107;1.0117;-0.9774;-0.48229;0.58509;-2.0082;1.1647;0.070319;1.3473;1.0142;-0.79567;-1.0413;0.20735;0.48124;-1.0375;-0.52113;1.5061;0.55567;-1.3862;-1.0754;-1.051;1.5724;-1.0712;-0.72948;-0.62185;-1.8077;-1.4129;0.84442;1.1663;0.97539;-0.37378;-0.99357;-0.41663;-0.84646;0.73369;-0.71091;0.99558;-0.87903;1.3964;0.11489;-0.98758;0.37643;0.10266;0.86682;0.25374;1.3838;-0.48033;0.6712;1.0258;0.13397;1.0221;0.72283
29;0.67337;-0.46909;0.96683;0.98803;0.7016;0.88245;0.66538;0.82414;-1.3186;-0.28851;0.88141;0.73933;-2.1396;-1.8174;0.14709;0.88054;0.83893;1.4631;-0.58396;-1.7157;-1.1483;-0.40374;2.8422;0.20418;0.91291;-0.66155;-0.80501;-0.48341;-2.0784;1.4651;-1.3841;-0.07385;-0.10896;-0.49617;0.53565;1.2235;-0.015927;0.34102;0.70666;0.93894;-0.62841;-0.0021331;0.19745;-1.1096;-1.577;1.6128;-1.111;1.4265;-0.89582;1.2648;0.12221;-0.99162;1.0807;0.12298;1.6415;-0.75668;-1.6178;0.46253;-1.3071;0.29073;0.57137;0.85791;1.5073;0.35904;1.1293;1.1415;-0.37023;1.0467;0.36807;0.28479;1.2659;1.5764
30;0.088213;0.43264;-1.8762;-1.1326;-0.086158;-0.053693;-1.2501;0.51743;0.54603;0.90021;-0.15272;1.0989;-0.74172;-2.1972;-0.64092;0.023777;-0.79358;0.80003;0.49574;0.26867;0.39009;-0.5487;1.9951;-0.19331;0.14083;0.56865;-0.6897;-0.85283;-0.067801;1.1567;2.1924;0.40442;-0.39553;-0.75796;0.5318;-1.5199;-0.6116;1.6667;-1.5488;0.85776;0.25541;-1.6449;-0.078218;0.050108;1.1103;-0.83262;0.64653;-0.81253;-0.64452;0.86196;0.12918;-0.47765;-1.3582;-1.2332;-0.48043;0.77169;0.78443;-1.4164;-0.10298;-1.1921;1.1659;0.66569;1.1828;-1.4931;0.4071;-1.1136;-1.0614;1.1481;0.8332;0.70955;-1.4351;-1.6409
31;1.0285;-1.3297;-0.036665;0.97729;-0.72666;-1.5553;0.26657;-0.079425;2.2542;0.36825;0.46704;-1.8176;-0.91216;-0.50137;0.62537;-0.1811;-1.5521;0.22729;-1.3979;0.42551;-0.86774;-0.056076;-1.7146;-0.52225;-1.6342;-0.24832;-0.021575;0.3409;0.022854;-0.48327;-1.163;3.3743;0.73274;-0.077055;1.68;1.0571;0.96653;-0.77122;-0.040089;0.35581;0.6479;-1.3323;0.01365;0.11642;0.14419;-0.57001;1.5088;0.69705;-1.0599;-1.0727;1.2649;-0.74472;1.4333;-0.34647;1.2613;0.92572;0.96186;0.096798;0.64648;0.62433;-1.133;1.0433;1.3766;-0.54556;0.66179;-0.87175;0.47151;1.7419;0.84872;1.3056;1.2169;-1.3033
32;-0.65863;-0.46575;-0.25965;1.0009;1.1551;1.1135;0.44765;0.57633;0.81991;0.26266;0.46842;0.70311;2.3576;-3.2577;-1.4719;-0.66747;-0.38201;-1.2453;0.80199;0.51846;-1.1689;0.32226;0.55827;-0.28455;-1.7595;-0.35253;-1.1379;-0.52015;-1.3432;0.69269;0.61414;1.1596;-0.90918;-0.56825;-1.503;0.41261;-1.563;-0.24335;1.5528;-0.48645;-0.96765;0.30737;1.8875;0.80985;0.84399;0.50645;-0.80045;-1.4444;-1.1494;-0.68216;1.5011;-1.2665;0.86734;-0.46768;0.76564;-1.4826;-1.2766;-1.0204;0.015273;1.165;-1.4693;1.0873;-0.80198;0.011083;0.67351;-0.17778;1.2705;0.026399;0.9943;0.23326;1.3764;1.1402
33;-1.5911;-0.48505;0.46252;-0.23797;-0.901;-1.6432;1.1903;-0.42949;-1.1821;-0.029275;-0.14027;-1.8572;0.9113;0.49676;1.039;-0.43628;0.35654;-0.70956;0.042282;-0.29231;-0.69969;-0.15952;-0.22712;1.3864;0.56459;-0.31631;1.9141;-1.0831;-0.29756;0.58068;1.3066;-0.57665;1.2853;0.2083;-0.62947;-0.0040237;-0.58119;1.3864;0.021265;-0.29086;-1.7464;-0.63849;-0.014789;1.5125;-0.23459;-0.99071;0.50795;-0.081855;0.11813;-1.2024;1.5846;-0.34772;-0.25943;-1.0663;0.38871;-0.89121;-1.3446;0.71556;-1.43;1.3176;1.5445;1.1049;1.1281;0.5437;-0.85491;-0.95524;-0.89938;-1.3472;0.41069;-0.17589;-0.68027;1.4126
34;0.703;0.0099625;-0.86522;-0.52354;1.5256;-1.5045;1.0961;-1.4978;0.55953;-1.1943;-0.4359;-1.5941;-0.42133;0.68734;-0.064628;1.1243;0.23039;0.52888;-0.045936;0.80803;0.97365;0.71936;-2.2622;0.69696;0.77031;1.1051;1.4843;-0.11236;0.25333;-0.043936;1.4462;-0.49494;-0.53645;1.5734;-0.86263;1.3819;1.2804;0.31114;-1.4308;0.53146;-0.423;-1.2024;-1.4648;-0.082574;0.84342;-1.5806;1.3928;0.52668;0.19934;1.0113;-0.8506;1.4688;-0.79726;1.1279;0.38945;0.85501;0.10225;0.094236;-1.0275;-0.53422;0.58124;1.1054;-1.491;1.3223;-0.90231;0.86528;0.75427;1.2847;-0.9517;0.48769;-1.3161;-0.81702
35;-1.4059;0.64493;1.2632;-0.96597;-2.0392;1.0507;-0.28992;-0.85893;0.53856;-0.27507;0.17132;1.3641;-1.626;1.0989;0.47287;0.025831;-0.62026;-0.13309;-1.4975;1.2315;0.45823;0.40252;-1.2078;0.43386;-1.3686;-2.1843;1.4371;-0.50069;0.6738;0.33315;0.35019;-0.20016;0.32347;2.0239;-1.5483;-0.082885;-1.2603;-0.34361;1.6473;-0.54732;1.569;1.2941;0.43005;0.64963;-0.82029;0.70463;-1.6304;-0.09646;-0.99403;-1.5536;1.5739;0.46263;-1.0809;1.1468;0.23544;-0.53675;1.0014;-0.27323;-1.2076;-1.5208;0.76029;-0.48759;1.2661;-0.73823;1.6015;0.91662;0.65261;-1.3888;-1.6907;0.55022;-0.73003;-0.92809
36;0.23834;-0.31773;0.60359;1.2514;0.83092;-0.7391;-0.5788;-1.4705;0.18535;-1.0926;0.036847;1.0821;-0.86856;-0.65962;0.22415;-0.26905;0.30395;-1.0864;-1.8564;-0.92978;1.0924;1.6142;-1.5247;2.4271;0.027194;-0.26029;-0.4308;0.017784;-0.93558;-1.3137;-0.77056;1.7692;-0.29717;-0.023581;0.32108;-1.1065;0.87787;1.456;-0.85225;-1.372;-1.6683;-1.2763;-1.2393;-0.79853;-1.9025;0.74949;0.39064;0.54458;0.43809;0.76445;-0.085262;-0.024039;-0.13283;-0.40685;-0.024965;1.2273;0.90609;-1.2763;-1.701;-1.5353;1.2344;-0.88273;-0.90547;0.91853;-1.8231;-1.0027;-0.77745;1.524;1.1146;-0.01507;-1.2124;0.7153
37;0.3578;0.48318;-0.014871;-1.0603;0.24991;0.48564;-1.0348;0.17807;-0.15402;-0.46477;0.30974;-0.051011;0.82536;0.36085;-0.24274;1.7908;-0.19179;1.9498;-0.3005;0.057848;-1.3966;-0.012328;0.38665;-1.3903;-0.64719;-1.5162;1.8579;0.74728;-0.080412;0.47804;-0.68733;-0.38417;-0.2846;0.41752;-0.64212;-0.0067465;-0.19574;-0.66822;0.91999;0.46698;0.19903;0.70885;0.82639;-1.0899;-0.32111;-1.8394;-1.3814;-1.7992;-0.5213;1.3778;0.76662;1.3872;-0.73493;1.118;-1.0987;-1.1551;-0.41273;1.8921;-1.4423;1.386;0.099717;-0.77926;-1.1428;-1.0014;-0.39881;0.93376;0.7452;-1.1833;-1.5688;0.99218;-0.9142;1.1726
38;-0.5225;-0.88777;1.7008;0.52481;0.38937;-0.081668;0.14889;-0.89305;-1.3179;0.64196;0.031541;-0.4375;-0.69963;0.54392;-1.4448;-1.3675;0.62187;0.53472;0.76332;0.39821;-0.59134;0.5886;0.26195;-0.83344;0.049599;-0.32027;0.55356;0.98907;0.60058;0.88593;0.87182;-0.97584;0.27003;-2.1862;2.6039;-0.70958;0.77139;-1.5816;0.36904;1.2633;-0.84492;-1.0791;0.30701;-1.2614;0.041336;-1.1189;1.2348;1.6142;-0.78455;1.4854;-0.40548;-0.75739;-0.13795;-1.3885;-0.40152;1.5247;1.2857;0.42234;-0.67119;-1.1956;0.8483;0.011736;-0.72339;-1.5141;0.18906;-1.0539;0.34839;-1.4747;-1.2616;-1.6751;1.2952;-0.48545
39;-0.0051965;0.38666;-0.92651;1.856;-1.0283;1.4059;0.58294;1.7307;0.11431;1.6631;-0.87825;-0.35342;0.43641;-0.48887;-0.47909;0.50023;-0.16014;-1.6789;0.49589;-0.11133;-1.6544;0.89692;0.20944;-0.23546;-0.41703;0.14356;-0.31045;0.34074;0.60076;-0.51732;0.016141;-0.88543;-0.74939;0.26385;-1.6275;0.47565;1.0384;-0.089818;0.85276;0.72995;1.1758;-0.9803;-1.6643;-1.5931;-0.074415;-0.52838;0.16918;-0.074987;-1.278;-1.3379;-0.16628;-1.2511;1.7819;1.3962;-1.0569;-0.87744;0.098871;-0.91351;0.54954;1.2998;0.17148;0.65617;-0.029007;-1.2359;1.4606;1.6695;0.025892;-0.68795;-0.27876;-0.25433;1.1352;0.96246
40;0.73064;-1.5227;2.2357;-0.32504;-0.59932;0.73085;-1.0709;-2.4924;-0.60337;1.198;0.46295;-0.016525;0.63499;-0.40279;-0.78542;-0.71223;1.3059;-1.7567;-1.2538;0.67659;1.4089;1.1162;0.7787;0.50965;1.9185;-1.0764;0.78071;-0.10527;0.47262;1.0639;-0.33643;0.0342;0.22089;0.642;1.0002;2.6594;-1.2403;-1.5043;-0.52866;0.56032;-1.7935;1.2103;-0.38312;0.070603;-1.7398;0.15899;1.2509;-0.26148;1.1949;-0.13316;-1.1755;0.84159;0.49455;-1.1818;0.3482;-0.81699;0.63313;1.8625;1.7022;-1.1766;-0.26065;0.6981;-1.125;0.34577;0.23675;-1.1362;-0.024578;-0.0099811;1.1922;0.93414;1.2705;1.0657
41;-1.2322;-1.3957;-0.6113;-0.61668;1.7044;-0.41612;0.92602;-0.27255;-0.56758;0.47588;1.8582;-0.34791;0.55734;0.26963;0.55973;1.5085;1.1372;-0.72393;0.1962;-1.7013;-0.27111;-2.193;0.011284;-0.048791;-0.1526;0.26825;-0.36279;-0.45326;-1.815;-0.083878;-0.2409;-1.6945;-0.65554;-0.79841;0.22248;-0.15981;0.0044917;-0.0019218;-1.1801;0.3381;-0.00069287;0.095804;1.108;1.816;0.57398;1.1652;-0.45441;1.3036;1.3327;1.2853;0.78148;-0.25493;-0.63171;-0.77128;-1.4604;-0.71846;-0.60513;-1.4306;-1.3568;-1.5476;1.8201;0.36817;-1.1997;-0.96173;0.084957;-0.75731;-1.8912;0.81726;-0.74262;-1.2689;0.084751;-0.25999
42;1.2242;-1.5102;-1.1367;0.15808;1.1884;-0.57969;0.5708;-0.21165;0.75286;-0.49963;0.54692;1.425;0.082909;1.0732;-0.15541;-1.728;1.59;-0.046108;-0.14607;-0.26838;1.1769;1.5935;-0.9886;-1.4632;1.382;0.48263;-0.53502;-1.3711;1.3266;0.33647;-1.4629;1.8046;0.74439;-0.46189;-1.7928;0.20097;1.5947;1.4994;0.059078;-0.55245;0.71839;-1.4752;-0.89903;1.5911;0.73288;-1.8273;-0.7566;-0.72421;-1.1885;0.19964;0.5089;-0.38297;-0.97431;-0.047794;1.3426;-0.14716;0.050074;1.1564;-0.69023;0.32887;0.7096;-1.3816;0.77484;0.45823;-1.3355;0.34034;1.2074;1.7989;-0.25918;-1.5687;1.4865;-1.0927
43;0.7892;1.7155;1.3542;0.034417;-1.9645;0.95445;-0.35455;-0.41655;-0.66084;0.21909;-0.19694;0.26747;1.8879;0.79709;1.2783;-0.61438;-0.83355;0.30197;-0.26205;0.68626;0.54227;-1.6449;-1.7029;-0.42441;1.1397;-0.41573;-0.10125;0.75765;0.37113;-1.6713;1.5597;-1.2637;-0.10339;1.6447;0.046371;-0.51514;1.3991;-0.34512;1.684;-1.4952;1.2945;-1.3515;-0.19983;0.68235;-1.2676;1.6926;1.4257;-0.92565;0.68954;-0.047623;-0.32416;1.1709;0.34565;1.5017;-1.0816;-0.30854;-0.18437;-0.69982;0.8516;-0.21907;-0.76936;-0.16616;0.16267;1.0232;1.3036;-0.55599;-0.87586;0.015378;0.1951;-1.4722;-0.45678;-1.0224
44;-0.049668;-0.96806;0.015392;-1.8643;0.43776;-1.2906;-1.8069;-1.2103;-0.095894;1.0147;-0.19193;-1.2402;0.46919;-0.69018;0.032293;0.43804;0.31472;1.2539;1.1556;0.34429;1.2288;-0.41728;-0.94983;0.20985;-0.19658;0.84915;-1.0525;1.0975;0.98505;-1.4457;-1.3716;0.12622;0.24466;0.59974;0.94207;-1.3235;0.72973;0.97963;-1.0953;-1.7572;-1.7868;1.2474;-1.4733;1.1402;-0.067956;0.62837;0.7462;-1.2827;-1.3168;1.3706;-1.0144;1.2359;1.876;1.3366;0.17284;-0.2122;0.64591;-0.37854;1.1415;0.25458;-0.37597;-1.4635;1.4838;-1.6932;-0.79722;-1.1176;-0.39214;0.2127;0.91943;-1.6867;0.52632;1.009
45;1.1806;-0.11852;0.86876;0.89306;-0.0095623;1.0458;0.78424;-0.22842;-0.0038983;-0.1159;-0.041267;-0.50818;0.3903;0.53784;1.7675;-0.4863;1.4355;1.8315;1.7762;0.37241;0.14805;-0.31187;1.126;-0.45003;1.933;0.39128;-0.28087;-0.30256;1.4295;1.7849;-1.4513;1.8348;-0.93871;0.034391;-0.51967;0.68988;-0.22502;-1.3453;-1.3309;-0.11578;1.2658;0.45587;1.9631;0.92042;1.6311;-1.2393;-1.8095;-0.35486;0.92078;-0.74112;0.67225;1.4041;1.7812;0.9709;1.4719;-1.6818;-0.21504;-0.21477;-0.46024;-1.3837;-0.68951;0.63693;0.84954;0.19262;-0.3325;-0.9816;0.86747;-0.11258;-0.53098;-0.54059;-0.18489;1.2739
46;-0.43151;0.61972;0.22652;-1.3969;0.57142;1.1056;-0.99463;0.41109;-0.89824;-0.062685;-0.01222;-0.36217;0.23628;1.1813;0.48085;-1.0293;0.017478;-0.27274;-2.1213;-0.25471;0.41251;-0.51501;0.669;0.48427;-0.50664;-1.2588;-0.34072;-0.93427;0.48146;-1.7729;-1.2332;0.86978;1.4577;1.2513;0.24248;1.652;1.5814;1.345;-0.35759;1.2036;0.45732;-0.84038;-1.2975;-0.97739;-1.1195;1.4563;-1.0623;-1.2511;1.6925;-0.89868;1.1;1.4644;0.1608;0.85242;-1.1761;0.77971;1.2323;1.6099;0.66423;0.93897;1.0628;0.97229;-0.30095;-1.0205;-1.4108;1.4791;0.6495;-0.54591;-1.5423;-1.1714;1.4939;-0.92193
47;-1.9805;0.34972;-0.19744;0.11167;0.43713;-0.47232;0.40594;-0.48746;-0.24499;2.8255;0.73504;-0.33121;-0.18264;-0.28416;0.15525;-0.77047;0.39955;0.73465;-0.94045;-0.34892;1.3799;-0.87329;0.20006;2.183;1.1933;-0.64389;-0.40474;-1.7612;-1.4949;-0.68498;-0.23554;1.3562;-1.0828;-1.436;0.47095;1.2216;1.0974;0.69308;0.33504;-0.33063;1.0115;1.1271;1.4532;-0.68383;1.6345;0.95207;-0.61284;-0.0069424;1.1509;-0.1843;-1.4479;0.69756;0.20518;1.4544;-0.13573;0.86146;1.0285;-0.27007;-0.38947;1.2991;0.29774;-1.5566;0.85288;0.30976;1.3688;0.042853;1.6011;-1.4288;-1.6422;-0.79201;-0.28631;-0.41963
48;0.41369;-1.9265;-0.1938;2.264;-1.3282;1.0812;0.28127;-0.82092;1.3893;1.0858;1.3232;-0.27109;0.13244;1.3905;-0.77268;-1.5204;-1.3722;0.15739;2.211;1.0533;-0.027072;-0.60123;0.22292;-1.1038;1.3168;0.047681;-0.013457;2.5809;-1.3966;0.8973;0.69863;-1.0402;-0.78721;1.1179;-0.69431;-0.50697;-0.23063;-0.66215;-0.061296;-1.1476;1.1972;-1.1251;0.06559;0.15914;0.029894;-1.6835;-0.41887;-0.91533;1.245;0.93194;0.45319;-0.86915;0.2131;-0.20129;-1.2674;1.341;-0.78738;0.28147;-1.1448;1.2112;0.27912;-1.4639;-0.18424;-0.27599;0.030773;1.4952;-0.81594;-0.65951;-0.28857;0.33167;-0.4031;-0.15044
49;-0.04885;0.84024;1.6247;0.27576;1.3419;0.64084;-0.11839;0.17556;0.93664;-0.33609;0.39573;-0.095863;0.61658;-0.26706;-1.3912;-1.58;-0.080592;-0.43963;0.55825;-0.31474;-0.59992;-1.6913;0.10751;-0.49246;-0.23066;1.9653;0.56525;1.4626;0.08101;1.0771;-0.25924;0.36026;0.30165;1.0528;-0.80732;0.3864;0.17714;1.1032;-1.4909;-1.0537;1.1079;0.43767;-1.3897;1.4416;0.82805;-0.39684;-0.89602;-1.3238;-0.36514;-0.97527;-0.37805;-0.20795;1.3847;-1.0693;-0.052148;0.14216;-0.54758;-0.65544;-1.067;-0.48164;1.0244;0.66562;-1.2334;-1.1559;-0.19713;0.60729;-2.0411;1.1864;-0.82834;-0.30309;-0.50384;0.64468
50;0.40036;0.86236;-0.79773;-0.31212;1.7016;-0.68138;-0.025004;-0.46647;-0.41397;-0.51681;-0.22862;0.32704;-1.7551;-0.45931;-0.90564;-0.84552;-1.5329;-0.49506;-0.48773;0.43513;0.030513;-1.1113;1.3531;0.38187;-0.56352;-1.714;-0.086349;-1.2815;-0.05721;0.83669;-0.83215;0.21906;0.65605;1.8072;1.4693;-0.2327;1.7174;1.3084;-0.0047127;-1.6097;0.46771;0.79923;-0.57842;0.93512;-0.26157;-0.40483;0.86126;-1.8611;-0.105;0.89828;-0.16174;1.2534;0.042326;1.1212;1.4982;-0.76838;0.28813;-0.47171;-0.4857;1.2476;-0.85056;0.92016;-0.67522;1.2842;-1.1532;0.039906;-1.5427;-0.49233;0.13442;1.2238;-0.73499;-0.23773
PARTICULAR
GAIN
3
