TITLE;72 random variables, variable gain
FOCUS ON;
EXPERIMENT TYPE;SingleAmongManyVaryingGain
PARAMETERS
normalization;Center
pcaRecompositionThreshold;0.95
component;1;2
type;RandomWeibull;RandomWeibull
p1;0.0123456790123457;1
p2;1;1
RESULTS
COMMON
distance
which;Manhattan(Average);Manhattan(GeometricAverage);Manhattan(Median);Manhattan(Minimum);Manhattan(MinimumTimesMedian);Manhattan(Summation);Euclidean(Average);Euclidean(GeometricAverage);Euclidean(Median);Euclidean(Minimum);Euclidean(MinimumTimesMedian);Euclidean(Summation)
plain;0.99117;0.98936;0.98374;0.82344;0.81005;1214.2;0.16337;0.16198;0.16038;0.10838;0.017381;200.13
PCA;1.0281;1.0254;1.0192;0.81945;0.83518;1259.4;0.20395;0.19936;0.19985;0.11879;0.023741;249.83
DE00;1.0646;1.0627;1.0634;0.88217;0.91086;1317.1;0.34503;0.34622;0.33771;0.15602;0.046168;462.38
DE01;1.0718;1.061;1.0674;0.88512;0.91009;1307;0.35031;0.35538;0.36151;0.15298;0.039331;498.74
DE02;1.0678;1.0614;1.0642;0.88441;0.89703;1310.8;0.3846;0.34444;0.3399;0.15976;0.045827;501.38
PCA
weights;2.9756E-06;0.014721;0.023188;0.0095815;0.012812;0.0099638;0.0061856;0.010282;0.0086504;0.009625;0.023175;0.0092406;0.0051437;0.0058289;0.011159;0.015962;0.010681;0.0085774;0.023006;0.01738;0.01726;0.0064373;0.0092277;0.014064;0.031763;0.0062082;0.020606;0.01335;0.009757;0.015393;0.011223;0.013619;0.015088;0.028578;0.018628;0.031599;0.010274;0.017108;0.010354;0.013214;0.014284;0.014801;0.011258;0.014775;0.014832;0.0222;0.013804;0.011698;0.013822;0.0098416;0.017526;0.0075472;0.0087159;0.011427;0.012487;0.011462;0.022068;0.0175;0.01957;0.0034099;0.020147;0.012741;0.017382;0.013186;0.017582;0.018087;0.012622;0.009377;0.013908;0.024218;0.011412;0.0073929
differential evolutions parameters, by distance type
i;dDE / dP;distance;type;parentWeight;crossover;population;iterations;distance;weights ->
1;1.0741;1.0646;2;0.85;0.5;50;50;Manhattan(Average);6.9717E-06;0.01366;0.041715;0.00060213;0.021393;0.0059335;0.0014514;0.01287;0.0053162;0.00034083;0.038319;0.0034575;0.0025227;0.00012555;0.00079763;0.0018435;4.9892E-05;0.004507;0.009736;0.016283;0.030321;0.001042;0.0066823;0.017687;0.042804;0.0010821;0.041207;0.0034389;0.0010671;0.00070936;0.0031024;0.0024489;0.027743;0.031649;0.0079487;0.043364;0.0028562;0.011095;0.0016168;0.037654;0.0083679;0.0051956;0.00032039;0.043361;0.0040657;0.035921;0.029011;0.0055604;0.0012363;0.0033377;0.0026627;0.00057369;0.0017659;0.001083;0.0046674;0.0036217;0.042115;0.042436;0.035238;9.1864E-05;0.041676;0.00066809;0.015562;0.033039;0.0097998;0.03472;0.035142;0.00099302;0.015798;0.043141;0.00032587;0.0020517
2;1.0814;1.0718;2;0.85;0.5;50;50;Manhattan(Average);0.0001091;0.00052934;0.049731;0.0039703;0.0051087;0.0028664;0.00027712;0.0029638;0.00069965;0.0069527;0.038578;0.0012649;0.00089141;0.0018173;0.0016717;0.018623;0.0031401;0.0019299;0.048721;0.0072257;0.035125;0.0023046;0.018622;0.010158;0.046686;0.0012151;0.046747;0.005067;0.0075912;0.0011312;0.0012323;0.0015702;0.016168;0.038905;0.040568;0.050479;0.0012494;0.014934;0.00099178;0.00337;0.0065327;0.0037213;0.0028706;0.045145;0.0043898;0.044699;0.015824;0.0013813;0.0045632;0.0011515;0.002583;0.001195;0.0010829;0.0062015;0.0017786;0.0048771;0.038602;0.031659;0.053366;0.0017486;0.022584;0.0028661;0.0013929;0.0082552;0.0062715;0.035148;0.0074156;0.0013522;0.046167;0.047015;0.0067803;0.00019371
3;1.0773;1.0678;2;0.85;0.5;50;50;Manhattan(Average);0.00028656;0.0030455;0.038861;4.4332E-05;0.043742;0.0014534;0.0018084;0.0049448;0.00056517;0.0023975;0.037746;0.0043949;0.00058931;0.0010767;0.0020499;0.019836;0.00010001;0.0026458;0.043066;0.0024314;0.032108;0.0024293;0.00050367;0.00038238;0.04367;0.0046521;0.04224;0.0017658;0.00062053;0.0096744;0.005571;0.003567;0.0039099;0.036652;0.029926;0.039609;0.0037759;0.018562;0.00096852;0.0022451;0.0028972;0.0052721;0.0052339;0.035219;0.012015;0.040462;0.041524;0.0021403;0.0035648;0.0032221;0.00055482;0.0058122;0.00095908;0.00014296;0.0036921;0.0048835;0.028457;0.037541;0.042428;0.00084408;0.031641;0.003382;0.030343;0.015331;0.015324;0.042971;0.041552;0.0020899;0.0038763;0.041561;0.00094004;0.0002048
4;1.0741;1.0627;2;0.85;0.5;50;50;Manhattan(GeometricAverage);8.7038E-05;0.0048034;0.034672;0.0042084;0.0077174;0.0034756;0.00036844;0.0041452;0.00075855;0.020648;0.040425;9.6205E-05;0.0011936;6.2849E-05;0.0037031;0.027089;0.0062654;0.00012722;0.041788;0.03497;0.037329;0.0007746;0.00032331;0.0015043;0.042848;0.00028072;0.037573;0.041094;0.0038397;0.0066023;0.00092577;0.0074072;0.041244;0.034316;0.042854;0.040852;0.011739;0.0033916;0.00024518;0.0025664;0.005885;0.0006013;0.0054619;0.035718;0.00071395;0.040797;0.029689;0.00050646;0.0011525;0.0035062;0.0032249;0.00055738;0.001385;0.0073287;0.0014462;0.0014026;0.041831;0.013354;0.039147;0.0022815;0.038259;0.0011392;7.585E-06;0.004236;0.0087027;0.043894;0.025737;0.0014196;0.0016496;0.041894;0.0013645;0.0013928
5;1.0724;1.061;2;0.85;0.5;50;50;Manhattan(GeometricAverage);0.00024124;0.0068634;0.039213;0.0046205;0.036063;0.00022206;0.0022079;0.0017807;0.00030265;0.0043723;0.039584;0.0059316;0.0052611;0.0022093;1.0805E-05;0.025022;0.010275;0.001469;0.025864;0.029497;0.032131;0.0012072;0.0024391;0.031384;0.04155;0.0037697;0.042011;0.0050739;0.00093033;0.0027916;0.00042263;0.035355;0.025795;0.020006;0.042556;0.043647;0.0039799;0.00060618;0.0015058;2.3914E-05;0.007539;0.00044321;0.0051366;0.024797;0.013027;0.043402;0.032012;0.010508;0.0036476;0.0024228;0.0012221;0.00061318;0.00051136;0.00012072;0.0083698;0.0032185;0.032318;0.025787;0.032807;0.00080169;0.016028;0.00309;0.035733;0.010126;0.00089277;0.03562;0.01653;0.00056327;0.010509;0.041073;0.0028383;9.6744E-05
6;1.0728;1.0614;2;0.85;0.5;50;50;Manhattan(GeometricAverage);0.00052626;0.0023134;0.042128;0.011571;0.00025123;0.00069193;0.0042842;0.037653;0.00064886;0.00023737;0.041235;0.00050446;0.00096921;0.0003414;0.0013189;0.0064619;0.00032108;0.00094527;0.041787;0.037471;0.042785;7.845E-07;0.0034867;0.040254;0.038153;0.0011048;0.043117;0.0046763;0.0025946;0.0021753;0.0014989;0.0029284;0.0027765;0.040059;0.039784;0.043251;0.00080704;0.0032783;0.0030209;0.0032087;0.037897;0.0031515;0.0093127;0.03561;2.613E-05;0.042057;0.026852;0.0019239;0.0052674;0.0047503;0.0092154;0.0051478;0.0038325;0.0031812;0.00092933;0.007002;0.025452;0.02496;0.040536;0.0010799;0.032676;0.00050617;0.0095485;0.00012063;0.014881;0.039261;0.010753;0.0062629;0.0055349;0.036106;0.0045094;0.0010335
7;1.0713;0.88217;2;0.85;0.5;50;50;Manhattan(Minimum);0.0026066;0.02234;0.0022492;0.0097899;0.0062859;0.019946;0.0036571;0.012775;0.019171;0.024145;0.013162;0.0021645;0.016647;0.015423;0.020149;0.023097;0.018844;0.015636;0.025213;0.018689;0.010808;0.0098527;0.0067874;0.020888;0.021096;0.0077277;0.02405;0.007791;0.013553;0.0022238;0.01532;0.0042819;0.018895;0.0057976;0.0098282;0.018621;0.0038846;0.010978;0.020099;0.024439;0.01516;0.0030663;0.0072357;0.022812;0.0039978;0.023455;0.020805;0.0055224;0.019627;0.013392;0.013773;0.019024;0.0043143;0.010634;0.0064143;0.011081;0.019971;0.022685;0.023481;0.0036944;0.014763;0.02375;0.0066221;0.010365;0.017206;0.022586;0.010406;0.0056662;0.023254;0.025229;0.015349;0.0057428
8;1.0749;0.88512;2;0.85;0.5;50;50;Manhattan(Minimum);0.00080869;0.01256;0.01634;0.0031484;0.025355;0.0026506;0.002419;0.00091807;0.022033;0.0064797;0.0089927;0.00076796;0.018495;0.018702;0.029204;0.024073;0.0027798;0.0019496;0.009304;0.024375;0.022177;0.014907;0.019047;0.014305;0.013209;0.017949;0.011907;0.0052897;0.0026299;0.0083886;0.028222;3.4609E-07;0.025024;0.0094914;0.022605;0.015188;0.021011;0.0041672;0.0092866;0.01764;0.012124;0.017012;0.0057535;0.0097155;0.014753;0.026554;0.02809;0.0011887;0.0098529;0.022557;0.0038251;0.0057553;0.0029316;0.026157;0.012276;0.020179;0.024988;0.0091049;0.017692;0.0043743;0.01466;0.024382;0.020994;0.0079987;0.0087565;0.028338;0.026719;0.006223;0.028324;0.026781;0.0056613;0.012476
9;1.074;0.88441;2;0.85;0.5;50;50;Manhattan(Minimum);0.0015085;0.019333;0.0087541;0.0058438;0.0065295;0.0046656;0.0023594;0.0088614;0.016572;0.016589;0.014219;0.0063911;0.024624;0.019071;0.021589;0.017579;0.0084501;0.017239;0.010521;0.02042;0.014963;0.013334;0.015366;0.016677;0.026938;0.008291;0.0046688;0.015891;0.0059845;0.015689;0.022603;0.0012634;0.018766;0.002453;0.019782;0.0074495;0.019774;0.002481;0.022947;0.019144;0.013334;0.01242;0.014163;0.013822;0.0084156;0.022045;0.020992;0.0071047;0.020672;0.0097216;0.020141;0.00445;0.0074762;0.021183;0.0058538;0.019197;0.015668;0.021939;0.025646;0.010811;0.001713;0.018754;0.0066599;0.016595;0.0068809;0.021944;0.024805;0.01575;0.025708;0.018576;0.019854;0.0021196
10;1.081;1.0634;2;0.85;0.5;50;50;Manhattan(Median);0.000731;0.0034484;0.035505;0.0031993;0.019244;0.00012744;0.0098256;0.0041091;0.00041039;0.0065648;0.039933;0.002283;7.367E-05;0.0033558;0.0033649;0.028163;0.0024523;0.0087867;0.03863;0.00082202;0.03954;0.0010044;0.0012409;0.026808;0.040158;0.0025386;0.036714;0.010802;0.0026199;0.0046763;0.004876;0.0016783;0.015603;0.012024;0.038989;0.036801;0.0029743;0.0011454;0.012846;0.022207;0.0067705;0.0058734;0.032117;0.030159;0.0038485;0.032739;0.032252;0.0010594;0.00044483;0.013193;0.0033276;0.00042943;0.0038865;0.0026345;0.00032891;0.0042579;0.038429;0.026034;0.040855;4.4899E-05;0.038698;0.013652;0.0057459;0.0050631;0.0022145;0.028793;0.031268;0.0013572;0.025117;0.040686;0.0013685;0.0010755
11;1.085;1.0674;2;0.85;0.5;50;50;Manhattan(Median);0.0020046;0.000636;0.027502;0.000606;0.034281;0.00079863;0.0068613;0.0048203;0.0019122;0.0052548;0.031687;0.0035968;0.0008907;0.00073642;0.0019097;0.024435;0.002693;0.0027773;0.022936;0.018441;0.027124;0.0003197;0.0011294;0.00085562;0.043942;0.0013874;0.035534;0.014184;0.0041317;0.0068031;0.0050875;0.0058046;0.022318;0.038571;0.037369;0.040474;0.0094979;0.002804;0.0035288;0.0060618;0.02085;9.034E-05;0.019695;0.038391;0.0025114;0.033802;0.016559;0.0084303;0.0039051;0.0054219;0.0030367;0.0016638;0.0047536;0.005914;0.0018456;0.0042747;0.040456;0.041424;0.043289;0.0010274;0.0026716;0.0038596;0.022215;0.012727;0.0033626;0.040524;0.043357;0.0018856;0.027639;0.040006;0.0016974;0.0010078
12;1.0818;1.0642;2;0.85;0.5;50;50;Manhattan(Median);0.00075038;0.03295;0.033312;0.0013529;0.0030454;0.00037785;0.0075431;0.0071479;0.00017457;0.0029838;0.03245;0.0071031;0.0014519;0.0022395;0.00058608;0.0053653;0.00043644;0.0027318;0.011832;0.035648;0.02363;0.004795;0.0012424;0.014026;0.038278;0.0010463;0.040944;0.0022331;0.00049853;0.0025459;0.0016923;0.037987;0.0071655;0.037781;0.039444;0.039337;0.0021718;3.2642E-05;0.041192;0.031103;0.03899;0.0032379;0.0020261;0.038631;0.016662;0.035798;0.031142;0.0011416;0.0054734;0.0012561;0.0012005;0.0015714;0.00054825;0.0011168;0.0094072;0.0002214;0.039431;0.02633;0.033433;0.0014368;0.014508;0.02114;0.00071699;0.0054325;0.028386;0.028188;0.0063669;0.0037961;0.0045112;0.039312;0.0012832;0.00067867
13;1.1244;0.91086;2;0.85;0.5;50;50;Manhattan(MinimumTimesMedian);0.0007185;0.022708;0.014178;0.01561;0.015069;0.0061126;0.0023333;0.021382;0.015975;0.012969;0.0046229;0.0024338;0.0059034;0.0025823;0.016622;0.014098;0.012608;0.0017903;0.021672;0.019325;0.025726;0.002291;0.014538;0.021265;0.026459;0.0030633;0.026423;0.0066808;0.015334;0.0093667;0.017336;0.0032077;0.016559;0.0059595;0.014024;0.027769;0.017562;0.001369;0.01258;0.023778;0.024818;0.0043778;0.0093031;0.012084;0.015462;0.026535;0.029469;0.027757;0.016844;0.012983;0.0031633;0.0065606;0.0018039;0.0072152;0.015649;0.017444;0.011002;0.022899;0.01946;0.001073;0.0040236;0.027522;0.027691;0.0041936;0.0035386;0.025076;0.027853;0.0010592;0.029028;0.027202;0.001166;0.01574
14;1.1235;0.91009;2;0.85;0.5;50;50;Manhattan(MinimumTimesMedian);0.0036861;0.015064;0.0040754;0.019806;0.027684;0.00038004;0.0062378;0.018248;0.017637;0.022948;0.025459;0.00054891;0.0028563;0.0004987;0.029614;0.016394;0.0016893;0.013978;0.018228;0.022362;0.020376;0.0079221;0.0035565;0.028732;0.027317;0.00057185;0.025341;0.013495;0.011755;0.008215;0.0055517;0.013926;0.014732;0.016083;0.016175;0.028856;0.0058712;0.00092765;0.0028808;0.022854;0.028884;0.010042;0.0012009;0.027213;0.0085055;0.026926;0.023011;0.012639;0.019658;0.0026354;0.0056989;0.015602;0.014994;0.026697;0.0023909;0.0079775;0.015931;0.023414;0.021342;0.00066212;0.0049154;0.013278;0.0085686;0.0053645;0.014961;0.027726;0.018707;0.0012166;0.028361;0.030409;0.0041827;0.0043524
15;1.1074;0.89703;2;0.85;0.5;50;50;Manhattan(MinimumTimesMedian);0.0043642;0.0092434;0.0030215;0.012164;0.022358;0.0069624;0.0013358;0.0053186;0.018289;0.021203;0.016415;0.0033927;0.022226;0.014232;0.010088;0.013603;0.021622;0.019516;0.011257;0.025139;0.019188;0.010401;0.0013003;0.018633;0.028322;0.010986;0.027526;0.0031313;0.010855;0.012884;0.016413;0.016751;0.022576;0.022636;0.0052128;0.017764;0.01139;0.007347;0.010344;0.027236;0.026887;0.010944;0.0025318;0.0201;0.0080008;0.026821;0.028146;0.0051847;0.01041;0.0046258;0.0057389;0.014897;0.0045842;0.0026078;0.005352;0.013852;0.013088;0.021621;0.027546;0.0023632;0.0092315;0.021472;0.02228;0.0023252;0.0093099;0.029297;0.024639;0.0011827;0.026415;0.024327;0.0061787;0.0053929
16;1.0848;1317.1;2;0.85;0.5;50;50;Manhattan(Summation);7.4154E-05;0.0010225;0.050343;0.0035282;0.0087867;0.0025918;0.00070877;0.00087981;0.0012235;0.0057538;0.037561;0.00020717;0.0010866;0.00025574;0.004856;0.0086672;0.00024919;0.00078219;0.052636;0.052854;0.052693;0.003729;0.004799;0.0084698;0.043263;0.00030345;0.048958;0.015958;0.0031943;0.0086023;0.0040449;0.00015308;0.0038805;0.044407;0.052135;0.052846;0.00014263;0.0031604;0.0011908;0.0060891;0.00067273;0.00091951;0.00082975;0.0056684;0.0026612;0.041916;0.042544;0.002239;0.001276;0.010997;0.0022837;0.0013916;0.00085489;0.0061436;0.00024958;0.0022875;0.031868;0.016524;0.040109;0.00050594;0.029216;0.0094495;0.021248;0.0027813;0.014026;0.053535;0.0012867;0.0054734;0.0068458;0.048966;0.00217;0.0009778
17;1.0764;1307;2;0.85;0.5;50;50;Manhattan(Summation);0.00050736;0.015415;0.044187;0.012178;0.00052513;0.00096032;0.0014156;0.0025111;0.00011326;0.00089603;0.036662;0.00057327;0.0020421;0.001142;0.00036902;0.0065685;0.010425;0.00045052;0.022808;0.0040208;0.02553;0.0010582;0.0015864;0.0023433;0.044315;0.0015596;0.044117;0.00050803;0.008267;0.0013091;0.0031271;0.01509;0.0061425;0.033334;0.043629;0.045029;0.0019627;0.0037639;0.0037724;0.0029976;0.012335;0.0037186;0.0021346;0.035016;0.010451;0.043874;0.043674;0.002061;0.004158;0.0033642;0.0010984;0.0065051;0.00075816;0.0019685;0.0016752;0.0091363;0.01009;0.045175;0.04542;0.0012634;0.040652;1.0159E-05;0.04184;0.043187;0.0309;0.037597;0.0033148;0.0069115;0.013356;0.043351;0.0003614;0.0014306
18;1.0795;1310.8;2;0.85;0.5;50;50;Manhattan(Summation);0.00062965;0.00034245;0.046375;0.0004018;0.0037284;0.0090041;0.0022241;0.0076169;0.0032808;0.0008086;0.046563;0.014627;0.0049094;0.0025113;0.011444;0.001399;0.0014381;0.00034331;0.045556;0.0015646;0.05075;0.0031478;0.0019827;0.0054757;0.051188;0.0014309;0.049781;0.00078387;0.00071793;0.0029358;0.0010533;0.015302;0.027689;0.027193;0.047912;0.049247;0.0025701;0.015951;0.0079162;0.014378;0.0044125;0.0076147;0.0014793;0.0049699;0.0063908;0.049116;0.034334;0.0028972;0.0069972;0.0030187;3.3546E-05;0.0011332;0.0075932;0.00023758;0.0032024;0.0061027;0.012188;0.033678;0.049081;0.00076447;0.028408;0.0014049;0.034876;0.0038923;0.0044197;0.048247;0.0016875;0.0028661;0.0094075;0.0452;0.00063693;0.0015365
19;2.112;0.34503;2;0.85;0.5;50;50;Euclidean(Average);0.0032384;0.0041582;0.065471;0.0027883;0.0037838;0.0045746;0.0073504;0.0053853;0.0080381;0.0037924;0.061338;0.00093228;0.0012275;0.0013326;0.006339;0.016932;0.0013594;0.0071511;0.007641;0.026902;0.0088587;0.0047026;0.0036496;0.0060926;0.066465;0.002223;0.066743;0.003725;0.0015163;0.0014739;0.0016412;0.011449;0.055158;0.068943;0.0021209;0.0070979;0.0026378;0.0019477;0.0021888;0.0011992;0.0045489;0.00043492;0.022299;0.004253;0.00077524;0.067423;0.0015943;0.0068194;0.0047239;0.0046558;0.0069689;0.00066558;0.0088765;0.060596;0.0091013;0.034519;9.1949E-05;0.0004978;0.0028519;0.0027254;0.015471;0.0068752;0.0039793;0.0084108;0.059102;0.00027323;0.00095337;0.0031188;0.021358;0.063193;0.0060315;0.0072437
20;2.1443;0.35031;2;0.85;0.5;50;50;Euclidean(Average);0.024043;0.0013736;0.05961;0.0072887;0.00085013;0.0011891;0.00019475;0.0043597;0.0053606;0.0018987;0.070449;0.0014891;0.0062067;0.0054274;0.0087959;0.055429;0.00062473;0.0010943;0.0041381;0.0017069;0.0034665;0.0059903;0.001257;0.0010761;0.068606;0.0047474;0.037042;0.0011419;0.0048648;0.012967;0.031334;0.061093;0.0017656;0.068181;0.00082117;0.071649;0.0020066;0.013793;0.0050028;0.0012245;0.0079743;0.00039497;0.015156;0.0019097;0.07066;0.0079921;0.005839;0.0034856;0.0036613;0.004611;0.00052926;0.0047829;0.0031057;0.014337;0.00069329;0.014268;0.058623;2.9065E-05;0.0077309;0.0054926;0.0049828;0.0077943;0.010923;0.0029179;0.049034;0.00026921;0.0090682;0.016745;0.00071688;0.0002471;0.0048079;0.0016585
21;2.3542;0.3846;2;0.85;0.5;50;50;Euclidean(Average);0.0054998;0.0038386;0.077654;0.0097699;0.0040805;0.002448;0.0040364;0.0015263;0.017393;0.0069713;0.076185;0.0023272;0.012517;0.00064394;0.0046978;0.0060519;0.010707;0.00591;0.0040909;0.044617;0.0066226;0.0047683;0.0051464;0.00062337;0.07653;0.00064056;0.0033268;0.004879;0.0015241;0.0028661;0.0051157;0.0022064;0.00070433;0.074094;0.0024725;0.074018;3.1868E-05;0.0011611;0.0040808;0.006901;0.059057;0.0075963;0.0010531;0.0052805;0.0029264;0.008883;0.0096619;0.0072211;0.0019451;0.0034267;0.0021432;0.010613;0.00071778;0.0029089;0.00067168;0.0035235;0.050354;0.0072366;0.0034379;0.0034321;0.071344;0.0014184;0.0025209;0.010847;0.00097193;0.02047;0.037285;0.0019117;0.0035853;0.073774;0.0044449;0.00065864
22;2.1374;0.34622;2;0.85;0.5;50;50;Euclidean(GeometricAverage);0.00036501;0.0036169;0.0013465;0.0021392;0.069884;9.4841E-05;0.0010816;0.001535;0.0021387;0.00084362;0.061784;0.0038249;0.0011389;0.00046882;0.0026541;0.0026904;0.0032567;0.0094284;0.0052571;0.0018582;0.0019109;0.003891;0.010603;0.016432;0.068526;0.0073632;0.067046;0.00062507;0.00030086;0.014078;0.0019822;0.00089688;0.01144;0.0014854;0.012782;0.067634;0.0078935;0.0062296;0.002717;0.0031626;0.05968;9.8395E-05;0.0028828;0.00025293;0.0018683;0.071519;0.0087414;0.0021756;0.0082003;0.0023477;0.0042307;0.010874;0.0021495;0.0018994;0.004352;0.0057567;0.0081481;0.0058432;0.015748;0.00064051;0.070794;0.0025319;0.0006608;0.0097964;0.05624;0.061611;0.017573;0.0012569;0.0036393;0.041215;0.031896;0.0029693
23;2.1939;0.35538;2;0.85;0.5;50;50;Euclidean(GeometricAverage);0.00092325;1.1107E-05;0.060478;0.0011204;0.0038678;0.0036535;0.00065641;0.0053151;0.0019572;0.0033587;0.06599;0.0032163;0.00081207;0.00075183;0.0011298;0.0054149;0.0021624;0.0054823;0.067778;0.00018198;0.0033421;0.00044608;0.0067918;0.057718;0.067823;1.5528E-05;0.0021355;0.012372;0.00010246;0.067053;0.048198;0.00099779;0.0016401;0.051888;0.0029647;0.068674;0.00059942;0.0052056;0.00056507;0.0011777;0.0010678;0.0073238;0.0016087;0.0046445;0.0090757;0.0018853;0.0029545;0.0030982;5.6855E-06;0.01145;0.0019711;0.001691;0.00093324;0.0072596;0.0077505;0.0040054;0.0018412;0.0089631;0.068888;0.0067158;0.0031955;0.0016743;0.046591;0.0070208;0.0070107;0.0024288;0.065291;0.0045851;0.0042415;0.064963;0.0058086;8.421E-05
24;2.1264;0.34444;2;0.85;0.5;50;50;Euclidean(GeometricAverage);0.011018;0.0020081;0.0042912;0.01113;0.050354;0.0013282;0.016889;0.0074624;0.00029652;0.0012178;0.00076347;0.0087781;0.0034;0.0038472;2.3207E-05;3.0664E-05;0.0036866;0.00077911;0.0032257;0.0082712;0.00083436;0.00012879;0.00097212;0.010777;0.058036;0.0018301;0.0043709;0.0014208;0.00088196;0.0069577;0.0016274;0.00041753;0.012651;0.064886;0.064764;0.064412;0.0058842;0.011759;0.006847;0.0098346;0.002491;0.016164;0.0050068;0.0032107;0.0015624;0.068773;0.0073542;0.0026304;0.0021978;0.0075668;0.0086301;0.00084954;0.0017549;0.0021707;0.00056361;0.0061673;0.062;0.065043;0.067603;0.00034695;0.012419;0.010893;0.00047994;0.00028597;0.0014329;0.063259;0.00067192;0.025313;0.00030994;0.069662;0.014022;0.001074
25;1.4396;0.15602;2;0.85;0.5;50;50;Euclidean(Minimum);0.0026352;0.026584;0.031467;0.00039795;0.0046486;0.016074;0.0053921;0.018003;0.026674;0.01862;0.0090922;0.0021031;0.027757;0.0034543;0.0071426;0.034374;0.00034643;0.033697;0.0016111;0.002787;0.032818;0.0014299;0.00089683;0.036307;0.020407;0.0025953;0.025426;0.0036857;0.023001;9.7258E-05;0.0031568;0.0031776;0.0049493;0.034888;0.00081278;0.013427;0.024988;0.0020591;0.018303;0.024657;0.0049099;0.010335;0.0026081;0.034279;0.00018749;0.032293;0.031178;0.030256;0.016454;0.017427;0.00015717;0.0025851;0.01317;0.033103;0.0046613;0.00029049;0.015637;0.037219;0.0027859;0.0051821;0.021532;0.0017738;0.0059639;0.00028104;0.0025544;0.031191;0.030188;0.0046483;0.022853;0.027191;0.0018234;0.0053401
26;1.4116;0.15298;2;0.85;0.5;50;50;Euclidean(Minimum);0.0034887;0.017123;0.024319;0.0069107;0.00051737;0.0025491;0.005422;0.0045283;0.028082;0.01166;0.020793;4.1242E-05;0.00011657;0.028831;0.0036503;0.024818;0.005051;0.00013407;0.010116;0.012539;0.026552;0.023022;0.00012993;0.017561;0.017349;0.000363;0.0040978;0.027178;0.00084736;0.023399;0.029683;0.0021847;0.031361;0.00044261;0.015086;0.023207;0.031764;0.0014434;0.0029968;0.030323;0.030961;0.0010702;0.0017072;0.0051439;8.0341E-05;0.030724;0.029022;0.0096782;0.00060748;0.0073984;0.0097822;0.030861;0.011563;0.03121;0.0047046;0.013305;0.0086387;0.02942;0.027075;0.00084222;0.019928;0.027725;0.031588;0.0021397;0.020736;0.025826;0.0041676;0.0040381;0.02841;0.025794;0.0005332;0.0056387
27;1.4741;0.15976;2;0.85;0.5;50;50;Euclidean(Minimum);0.0037761;0.0083916;0.0016844;0.0070306;0.030881;0.03049;0.023162;0.0020898;0.0086886;0.024851;0.027803;0.00031545;0.0039765;0.002286;0.028604;0.003577;0.031857;0.013622;0.0046178;0.033326;0.018009;0.0032933;0.018665;0.033181;0.012389;0.00056017;0.032154;0.0036419;0.032799;0.012726;0.026383;0.0011514;0.024601;0.0072051;9.6472E-05;0.017404;0.0025585;0.008743;0.023035;0.031158;0.026409;0.0019568;0.00050002;0.018485;0.0081679;0.021055;0.004786;0.015523;0.0021103;0.00074771;0.0019445;0.0033933;0.00078137;0.027337;0.00065416;0.026046;0.028702;0.029645;0.030435;0.0028339;0.0002886;0.025793;0.00093094;0.0023996;0.00063488;0.027156;0.020562;0.0059521;0.031749;0.028687;0.0020567;0.0014968
28;2.2541;0.36151;2;0.85;0.5;50;50;Euclidean(Median);0.0064351;0.0019907;0.065852;0.011637;0.056026;0.0011864;0.00023482;0.0029968;0.0059293;0.0012129;0.03269;0.0024622;0.00066562;0.0029822;0.00089966;0.0016281;0.0022504;0.0069367;0.07199;0.043113;0.0022763;0.0025107;0.0061179;0.0037384;0.041106;0.00208;0.021711;0.0088178;0.0074912;0.0094218;0.016064;0.0021725;0.0028023;0.072043;0.012749;0.071684;0.002836;0.00065926;0.0026618;0.0036715;0.0049513;0.010718;0.00074582;0.0070598;0.0027527;0.0023033;2.092E-05;0.0074012;0.005385;0.0016478;0.011224;0.0044272;0.00024998;0.020771;3.7243E-05;0.0062969;0.059067;0.070027;0.00015283;0.0071023;0.0035092;0.0022613;0.0065268;0.017621;0.0024639;0.069961;0.0050699;0.001871;0.0035649;0.050044;0.0029715;6.0971E-05
29;2.1056;0.33771;2;0.85;0.5;50;50;Euclidean(Median);0.0053886;0.00083082;0.0016012;0.0079751;0.05707;0.0021929;0.0031144;0.003587;0.00041362;0.0044183;0.057565;0.0046175;0.00043085;0.0049344;0.0052938;0.058197;0.015189;0.003125;0.054183;0.060192;0.0029042;0.00040999;0.00083957;0.010689;0.047304;0.0003831;0.010007;0.0035892;0.047053;0.0041721;0.0029862;0.0012934;0.0034509;0.0024979;0.000698;0.062156;0.0026131;0.00048498;0.00023415;0.0040828;0.00298;0.0019521;0.0020775;0.041415;0.0070918;0.061782;0.0039894;0.00064821;0.0012743;0.00087457;0.0090239;0.0051962;0.0017345;0.0051806;0.0009872;0.0055908;0.061807;0.012634;0.041031;0.00023188;0.044343;0.0038919;0.0051938;0.0012655;0.0044867;0.0092972;0.0059165;0.0014353;0.014657;0.06209;0.0072165;0.014536
30;2.1193;0.3399;2;0.85;0.5;50;50;Euclidean(Median);0.00033898;0.0010231;0.00068817;0.0017359;0.0011057;0.0076523;0.0021239;0.0065559;0.00062999;0.014601;0.058287;0.002413;0.00088004;0.0053101;0.00071213;0.0029555;0.00089342;0.00887;0.058975;0.056597;0.002333;0.0041293;0.014815;0.0045938;0.044837;0.0068347;0.0019604;0.0051265;0.0083894;0.0016139;0.0025754;0.054871;0.0035098;0.050748;0.057993;0.052811;0.0057214;0.0013224;0.0051696;0.0026583;0.0018021;0.00060195;0.0028832;0.0020067;0.0023652;0.055165;0.00029177;0.0056112;0.0025943;0.001511;0.0079305;0.0014812;0.0063106;0.0018042;0.047352;0.030236;0.058352;3.4181E-05;0.057672;0.0061371;0.0012437;0.0083867;0.0027829;0.0053233;0.057775;0.0019612;0.0038671;0.0024929;0.0023751;0.04743;0.0077553;0.002105
31;2.6562;0.046168;2;0.85;0.5;50;50;Euclidean(MinimumTimesMedian);0.0023232;0.039602;0.0069683;0.00033373;0.00372;0.0013936;0.011876;0.0017376;0.036791;0.001219;0.041215;0.0018486;0.0026423;0.041052;0.0020692;0.042687;0.0012955;0.00075494;0.0014316;0.0022007;0.00069837;0.0051952;0.0041473;0.040343;0.042456;0.00075554;0.0059932;0.0068187;0.02788;0.012217;0.037846;0.00063939;0.037509;0.0031532;0.0022569;0.040196;0.00031242;0.011438;0.0026703;0.00085878;0.010705;0.00022298;0.00035501;0.039238;0.0012697;0.040992;0.019069;0.0031344;0.0038935;0.0041328;0.0015786;0.0028494;0.0020423;0.0014116;0.0045351;0.0028637;0.01273;0.010091;0.04131;0.00043416;0.040578;0.030706;0.040356;0.0025698;0.040704;0.040311;0.0017214;0.0018744;0.038999;0.030099;0.001085;0.0015916
32;2.6366;0.045827;2;0.85;0.5;50;50;Euclidean(MinimumTimesMedian);0.0050832;0.011451;0.0068501;0.00079076;0.00017149;0.0080452;0.0013567;0.0044107;0.021695;0.0066533;0.042895;0.00098295;0.0011596;0.0055008;0.00056863;0.015029;0.0039287;0.036014;0.033591;0.044466;0.00028171;0.00098658;0.00028121;0.035968;0.042926;0.00070032;0.041381;0.03627;0.0028123;0.0022759;0.014368;0.00031349;0.035004;0.0020489;0.002283;0.041793;0.0027162;0.0031296;0.010613;0.0022438;0.043755;0.037237;0.0027607;0.036298;3.0452E-05;0.041274;0.0028838;0.0033856;0.0076938;0.0050917;0.014878;0.00091579;6.3801E-05;0.00055015;0.0036892;0.028304;0.010035;0.042543;0.0040628;0.00028707;0.0084838;0.0015361;0.0094993;0.0304;0.00013408;0.041065;0.0096601;0.0053483;0.043622;0.032251;0.0027439;0.00047689
33;2.2629;0.039331;2;0.85;0.5;50;50;Euclidean(MinimumTimesMedian);0.0041661;0.042041;0.0010752;0.033458;0.02909;0.007681;0.0026113;0.0063246;0.0017638;0.03634;0.017657;0.0019582;0.0027253;0.0064257;0.0021588;8.9006E-05;0.01407;0.00017765;0.001092;0.040994;0.0018117;0.0035463;0.0028168;0.043908;0.030134;0.0042157;0.042188;0.00049465;0.0095193;0.033994;0.0047344;0.00045734;0.0011066;0.020335;0.0015829;0.00030977;0.0012495;0.01774;0.0038827;0.012205;0.024814;0.039519;0.0012944;0.0054509;0.042413;0.043919;0.005396;0.00022165;0.031264;0.0085163;0.0019747;0.00018733;0.0035693;0.002781;0.0015202;4.3447E-05;0.01525;0.024861;0.042821;0.00026917;0.00095068;0.039195;0.044119;0.0011143;0.0070707;0.039074;0.034527;0.0015752;0.0041396;0.036015;0.0037011;0.0043037
34;2.4921;498.74;2;0.85;0.5;50;50;Euclidean(Summation);0.0020109;0.0016259;0.0031449;0.00060495;0.00059681;0.0075489;0.006201;0.00060261;0.015944;2.5561E-05;0.00026173;0.0016267;0.0080508;0.0034658;0.04359;0.0042387;0.0060485;0.00039905;0.0048278;0.0010747;0.07666;0.0011633;6.3692E-05;0.0054647;0.081011;0.0024794;0.0074049;0.00011143;0.0030754;0.0014569;0.0088008;0.00016563;0.01154;0.081479;0.072537;0.076715;0.030214;0.0038435;0.0097805;0.0043832;0.0058319;0.0025228;0.0037119;0.0046571;0.0046703;0.081041;0.0011184;0.0063526;0.0022361;0.0027928;0.0098484;0.0018432;0.0001672;0.0039903;0.0045847;0.001405;0.075712;0.0031796;0.011544;0.003909;0.076393;0.0017005;0.0010799;0.0036034;0.0046053;2.2654E-05;0.0035843;0.0027097;0.0017349;0.077674;0.0043539;0.0011812
35;2.3104;462.38;2;0.85;0.5;50;50;Euclidean(Summation);0.0017327;0.0033947;0.071196;0.008316;0.0022055;0.0053794;0.0008801;0.0034952;0.0024596;0.00031833;0.069926;0.0015375;0.0026738;0.00050657;0.00018071;0.0038685;0.001426;0.0024409;0.0022352;0.002491;0.0017644;0.0012544;0.006916;0.0026475;0.071578;0.00039254;0.0046114;0.005298;0.0024195;0.0018943;0.0012755;0.0041599;0.0048753;0.067746;0.067496;0.07009;0.005426;0.0042866;0.0034631;0.048431;0.029456;0.0011994;0.0048422;0.043143;0.00059705;0.070736;0.00041359;0.0013302;0.0081769;0.0013213;0.001173;0.011915;0.0019989;0.0099161;0.0078206;0.0035738;0.034385;0.0021508;0.0040991;0.0033038;0.064937;0.0088877;0.0037655;0.00075357;0.065476;0.012072;0.0028084;0.0063594;0.0065524;0.020772;0.0029886;0.00038625
36;2.5053;501.38;2;0.85;0.5;50;50;Euclidean(Summation);0.0025612;0.0047388;0.084075;0.0037381;0.0021757;0.015511;0.00050328;0.021382;0.0014077;0.0012718;0.080691;0.00059068;0.0056866;0.00089136;0.00083798;0.0079563;0.0018701;0.01085;4.4074E-05;0.0094951;0.016467;0.0049711;0.006794;0.0057186;0.08627;0.0058654;0.0099461;0.0077815;0.0027567;0.013778;0.0011749;0.018574;0.002829;0.078649;0.00020609;0.086397;0.0059611;0.0048781;0.0060074;0.00010267;0.0057454;0.0039551;5.6387E-05;0.0036001;0.002033;0.0025079;0.0076562;0.0010082;0.015395;0.00098043;0.00098005;0.0091389;0.0035244;0.0013712;0.082971;0.00077077;0.0075916;0.0051268;0.0179;0.00087919;0.082903;0.0048565;0.00095578;0.0023911;0.0049354;0.0030847;0.00086466;0.014906;0.0011078;0.085836;0.0010768;0.0024852
differential evolutions parameters, by distance
i;dDE / dP;distance;type;parentWeight;crossover;population;iterations;distance;weights ->
1;1.0713;0.88217;2;0.85;0.5;50;50;Manhattan(Minimum);0.0026066;0.02234;0.0022492;0.0097899;0.0062859;0.019946;0.0036571;0.012775;0.019171;0.024145;0.013162;0.0021645;0.016647;0.015423;0.020149;0.023097;0.018844;0.015636;0.025213;0.018689;0.010808;0.0098527;0.0067874;0.020888;0.021096;0.0077277;0.02405;0.007791;0.013553;0.0022238;0.01532;0.0042819;0.018895;0.0057976;0.0098282;0.018621;0.0038846;0.010978;0.020099;0.024439;0.01516;0.0030663;0.0072357;0.022812;0.0039978;0.023455;0.020805;0.0055224;0.019627;0.013392;0.013773;0.019024;0.0043143;0.010634;0.0064143;0.011081;0.019971;0.022685;0.023481;0.0036944;0.014763;0.02375;0.0066221;0.010365;0.017206;0.022586;0.010406;0.0056662;0.023254;0.025229;0.015349;0.0057428
2;1.0724;1.061;2;0.85;0.5;50;50;Manhattan(GeometricAverage);0.00024124;0.0068634;0.039213;0.0046205;0.036063;0.00022206;0.0022079;0.0017807;0.00030265;0.0043723;0.039584;0.0059316;0.0052611;0.0022093;1.0805E-05;0.025022;0.010275;0.001469;0.025864;0.029497;0.032131;0.0012072;0.0024391;0.031384;0.04155;0.0037697;0.042011;0.0050739;0.00093033;0.0027916;0.00042263;0.035355;0.025795;0.020006;0.042556;0.043647;0.0039799;0.00060618;0.0015058;2.3914E-05;0.007539;0.00044321;0.0051366;0.024797;0.013027;0.043402;0.032012;0.010508;0.0036476;0.0024228;0.0012221;0.00061318;0.00051136;0.00012072;0.0083698;0.0032185;0.032318;0.025787;0.032807;0.00080169;0.016028;0.00309;0.035733;0.010126;0.00089277;0.03562;0.01653;0.00056327;0.010509;0.041073;0.0028383;9.6744E-05
3;1.0728;1.0614;2;0.85;0.5;50;50;Manhattan(GeometricAverage);0.00052626;0.0023134;0.042128;0.011571;0.00025123;0.00069193;0.0042842;0.037653;0.00064886;0.00023737;0.041235;0.00050446;0.00096921;0.0003414;0.0013189;0.0064619;0.00032108;0.00094527;0.041787;0.037471;0.042785;7.845E-07;0.0034867;0.040254;0.038153;0.0011048;0.043117;0.0046763;0.0025946;0.0021753;0.0014989;0.0029284;0.0027765;0.040059;0.039784;0.043251;0.00080704;0.0032783;0.0030209;0.0032087;0.037897;0.0031515;0.0093127;0.03561;2.613E-05;0.042057;0.026852;0.0019239;0.0052674;0.0047503;0.0092154;0.0051478;0.0038325;0.0031812;0.00092933;0.007002;0.025452;0.02496;0.040536;0.0010799;0.032676;0.00050617;0.0095485;0.00012063;0.014881;0.039261;0.010753;0.0062629;0.0055349;0.036106;0.0045094;0.0010335
4;1.074;0.88441;2;0.85;0.5;50;50;Manhattan(Minimum);0.0015085;0.019333;0.0087541;0.0058438;0.0065295;0.0046656;0.0023594;0.0088614;0.016572;0.016589;0.014219;0.0063911;0.024624;0.019071;0.021589;0.017579;0.0084501;0.017239;0.010521;0.02042;0.014963;0.013334;0.015366;0.016677;0.026938;0.008291;0.0046688;0.015891;0.0059845;0.015689;0.022603;0.0012634;0.018766;0.002453;0.019782;0.0074495;0.019774;0.002481;0.022947;0.019144;0.013334;0.01242;0.014163;0.013822;0.0084156;0.022045;0.020992;0.0071047;0.020672;0.0097216;0.020141;0.00445;0.0074762;0.021183;0.0058538;0.019197;0.015668;0.021939;0.025646;0.010811;0.001713;0.018754;0.0066599;0.016595;0.0068809;0.021944;0.024805;0.01575;0.025708;0.018576;0.019854;0.0021196
5;1.0741;1.0646;2;0.85;0.5;50;50;Manhattan(Average);6.9717E-06;0.01366;0.041715;0.00060213;0.021393;0.0059335;0.0014514;0.01287;0.0053162;0.00034083;0.038319;0.0034575;0.0025227;0.00012555;0.00079763;0.0018435;4.9892E-05;0.004507;0.009736;0.016283;0.030321;0.001042;0.0066823;0.017687;0.042804;0.0010821;0.041207;0.0034389;0.0010671;0.00070936;0.0031024;0.0024489;0.027743;0.031649;0.0079487;0.043364;0.0028562;0.011095;0.0016168;0.037654;0.0083679;0.0051956;0.00032039;0.043361;0.0040657;0.035921;0.029011;0.0055604;0.0012363;0.0033377;0.0026627;0.00057369;0.0017659;0.001083;0.0046674;0.0036217;0.042115;0.042436;0.035238;9.1864E-05;0.041676;0.00066809;0.015562;0.033039;0.0097998;0.03472;0.035142;0.00099302;0.015798;0.043141;0.00032587;0.0020517
6;1.0741;1.0627;2;0.85;0.5;50;50;Manhattan(GeometricAverage);8.7038E-05;0.0048034;0.034672;0.0042084;0.0077174;0.0034756;0.00036844;0.0041452;0.00075855;0.020648;0.040425;9.6205E-05;0.0011936;6.2849E-05;0.0037031;0.027089;0.0062654;0.00012722;0.041788;0.03497;0.037329;0.0007746;0.00032331;0.0015043;0.042848;0.00028072;0.037573;0.041094;0.0038397;0.0066023;0.00092577;0.0074072;0.041244;0.034316;0.042854;0.040852;0.011739;0.0033916;0.00024518;0.0025664;0.005885;0.0006013;0.0054619;0.035718;0.00071395;0.040797;0.029689;0.00050646;0.0011525;0.0035062;0.0032249;0.00055738;0.001385;0.0073287;0.0014462;0.0014026;0.041831;0.013354;0.039147;0.0022815;0.038259;0.0011392;7.585E-06;0.004236;0.0087027;0.043894;0.025737;0.0014196;0.0016496;0.041894;0.0013645;0.0013928
7;1.0749;0.88512;2;0.85;0.5;50;50;Manhattan(Minimum);0.00080869;0.01256;0.01634;0.0031484;0.025355;0.0026506;0.002419;0.00091807;0.022033;0.0064797;0.0089927;0.00076796;0.018495;0.018702;0.029204;0.024073;0.0027798;0.0019496;0.009304;0.024375;0.022177;0.014907;0.019047;0.014305;0.013209;0.017949;0.011907;0.0052897;0.0026299;0.0083886;0.028222;3.4609E-07;0.025024;0.0094914;0.022605;0.015188;0.021011;0.0041672;0.0092866;0.01764;0.012124;0.017012;0.0057535;0.0097155;0.014753;0.026554;0.02809;0.0011887;0.0098529;0.022557;0.0038251;0.0057553;0.0029316;0.026157;0.012276;0.020179;0.024988;0.0091049;0.017692;0.0043743;0.01466;0.024382;0.020994;0.0079987;0.0087565;0.028338;0.026719;0.006223;0.028324;0.026781;0.0056613;0.012476
8;1.0764;1307;2;0.85;0.5;50;50;Manhattan(Summation);0.00050736;0.015415;0.044187;0.012178;0.00052513;0.00096032;0.0014156;0.0025111;0.00011326;0.00089603;0.036662;0.00057327;0.0020421;0.001142;0.00036902;0.0065685;0.010425;0.00045052;0.022808;0.0040208;0.02553;0.0010582;0.0015864;0.0023433;0.044315;0.0015596;0.044117;0.00050803;0.008267;0.0013091;0.0031271;0.01509;0.0061425;0.033334;0.043629;0.045029;0.0019627;0.0037639;0.0037724;0.0029976;0.012335;0.0037186;0.0021346;0.035016;0.010451;0.043874;0.043674;0.002061;0.004158;0.0033642;0.0010984;0.0065051;0.00075816;0.0019685;0.0016752;0.0091363;0.01009;0.045175;0.04542;0.0012634;0.040652;1.0159E-05;0.04184;0.043187;0.0309;0.037597;0.0033148;0.0069115;0.013356;0.043351;0.0003614;0.0014306
9;1.0773;1.0678;2;0.85;0.5;50;50;Manhattan(Average);0.00028656;0.0030455;0.038861;4.4332E-05;0.043742;0.0014534;0.0018084;0.0049448;0.00056517;0.0023975;0.037746;0.0043949;0.00058931;0.0010767;0.0020499;0.019836;0.00010001;0.0026458;0.043066;0.0024314;0.032108;0.0024293;0.00050367;0.00038238;0.04367;0.0046521;0.04224;0.0017658;0.00062053;0.0096744;0.005571;0.003567;0.0039099;0.036652;0.029926;0.039609;0.0037759;0.018562;0.00096852;0.0022451;0.0028972;0.0052721;0.0052339;0.035219;0.012015;0.040462;0.041524;0.0021403;0.0035648;0.0032221;0.00055482;0.0058122;0.00095908;0.00014296;0.0036921;0.0048835;0.028457;0.037541;0.042428;0.00084408;0.031641;0.003382;0.030343;0.015331;0.015324;0.042971;0.041552;0.0020899;0.0038763;0.041561;0.00094004;0.0002048
10;1.0795;1310.8;2;0.85;0.5;50;50;Manhattan(Summation);0.00062965;0.00034245;0.046375;0.0004018;0.0037284;0.0090041;0.0022241;0.0076169;0.0032808;0.0008086;0.046563;0.014627;0.0049094;0.0025113;0.011444;0.001399;0.0014381;0.00034331;0.045556;0.0015646;0.05075;0.0031478;0.0019827;0.0054757;0.051188;0.0014309;0.049781;0.00078387;0.00071793;0.0029358;0.0010533;0.015302;0.027689;0.027193;0.047912;0.049247;0.0025701;0.015951;0.0079162;0.014378;0.0044125;0.0076147;0.0014793;0.0049699;0.0063908;0.049116;0.034334;0.0028972;0.0069972;0.0030187;3.3546E-05;0.0011332;0.0075932;0.00023758;0.0032024;0.0061027;0.012188;0.033678;0.049081;0.00076447;0.028408;0.0014049;0.034876;0.0038923;0.0044197;0.048247;0.0016875;0.0028661;0.0094075;0.0452;0.00063693;0.0015365
11;1.081;1.0634;2;0.85;0.5;50;50;Manhattan(Median);0.000731;0.0034484;0.035505;0.0031993;0.019244;0.00012744;0.0098256;0.0041091;0.00041039;0.0065648;0.039933;0.002283;7.367E-05;0.0033558;0.0033649;0.028163;0.0024523;0.0087867;0.03863;0.00082202;0.03954;0.0010044;0.0012409;0.026808;0.040158;0.0025386;0.036714;0.010802;0.0026199;0.0046763;0.004876;0.0016783;0.015603;0.012024;0.038989;0.036801;0.0029743;0.0011454;0.012846;0.022207;0.0067705;0.0058734;0.032117;0.030159;0.0038485;0.032739;0.032252;0.0010594;0.00044483;0.013193;0.0033276;0.00042943;0.0038865;0.0026345;0.00032891;0.0042579;0.038429;0.026034;0.040855;4.4899E-05;0.038698;0.013652;0.0057459;0.0050631;0.0022145;0.028793;0.031268;0.0013572;0.025117;0.040686;0.0013685;0.0010755
12;1.0814;1.0718;2;0.85;0.5;50;50;Manhattan(Average);0.0001091;0.00052934;0.049731;0.0039703;0.0051087;0.0028664;0.00027712;0.0029638;0.00069965;0.0069527;0.038578;0.0012649;0.00089141;0.0018173;0.0016717;0.018623;0.0031401;0.0019299;0.048721;0.0072257;0.035125;0.0023046;0.018622;0.010158;0.046686;0.0012151;0.046747;0.005067;0.0075912;0.0011312;0.0012323;0.0015702;0.016168;0.038905;0.040568;0.050479;0.0012494;0.014934;0.00099178;0.00337;0.0065327;0.0037213;0.0028706;0.045145;0.0043898;0.044699;0.015824;0.0013813;0.0045632;0.0011515;0.002583;0.001195;0.0010829;0.0062015;0.0017786;0.0048771;0.038602;0.031659;0.053366;0.0017486;0.022584;0.0028661;0.0013929;0.0082552;0.0062715;0.035148;0.0074156;0.0013522;0.046167;0.047015;0.0067803;0.00019371
13;1.0818;1.0642;2;0.85;0.5;50;50;Manhattan(Median);0.00075038;0.03295;0.033312;0.0013529;0.0030454;0.00037785;0.0075431;0.0071479;0.00017457;0.0029838;0.03245;0.0071031;0.0014519;0.0022395;0.00058608;0.0053653;0.00043644;0.0027318;0.011832;0.035648;0.02363;0.004795;0.0012424;0.014026;0.038278;0.0010463;0.040944;0.0022331;0.00049853;0.0025459;0.0016923;0.037987;0.0071655;0.037781;0.039444;0.039337;0.0021718;3.2642E-05;0.041192;0.031103;0.03899;0.0032379;0.0020261;0.038631;0.016662;0.035798;0.031142;0.0011416;0.0054734;0.0012561;0.0012005;0.0015714;0.00054825;0.0011168;0.0094072;0.0002214;0.039431;0.02633;0.033433;0.0014368;0.014508;0.02114;0.00071699;0.0054325;0.028386;0.028188;0.0063669;0.0037961;0.0045112;0.039312;0.0012832;0.00067867
14;1.0848;1317.1;2;0.85;0.5;50;50;Manhattan(Summation);7.4154E-05;0.0010225;0.050343;0.0035282;0.0087867;0.0025918;0.00070877;0.00087981;0.0012235;0.0057538;0.037561;0.00020717;0.0010866;0.00025574;0.004856;0.0086672;0.00024919;0.00078219;0.052636;0.052854;0.052693;0.003729;0.004799;0.0084698;0.043263;0.00030345;0.048958;0.015958;0.0031943;0.0086023;0.0040449;0.00015308;0.0038805;0.044407;0.052135;0.052846;0.00014263;0.0031604;0.0011908;0.0060891;0.00067273;0.00091951;0.00082975;0.0056684;0.0026612;0.041916;0.042544;0.002239;0.001276;0.010997;0.0022837;0.0013916;0.00085489;0.0061436;0.00024958;0.0022875;0.031868;0.016524;0.040109;0.00050594;0.029216;0.0094495;0.021248;0.0027813;0.014026;0.053535;0.0012867;0.0054734;0.0068458;0.048966;0.00217;0.0009778
15;1.085;1.0674;2;0.85;0.5;50;50;Manhattan(Median);0.0020046;0.000636;0.027502;0.000606;0.034281;0.00079863;0.0068613;0.0048203;0.0019122;0.0052548;0.031687;0.0035968;0.0008907;0.00073642;0.0019097;0.024435;0.002693;0.0027773;0.022936;0.018441;0.027124;0.0003197;0.0011294;0.00085562;0.043942;0.0013874;0.035534;0.014184;0.0041317;0.0068031;0.0050875;0.0058046;0.022318;0.038571;0.037369;0.040474;0.0094979;0.002804;0.0035288;0.0060618;0.02085;9.034E-05;0.019695;0.038391;0.0025114;0.033802;0.016559;0.0084303;0.0039051;0.0054219;0.0030367;0.0016638;0.0047536;0.005914;0.0018456;0.0042747;0.040456;0.041424;0.043289;0.0010274;0.0026716;0.0038596;0.022215;0.012727;0.0033626;0.040524;0.043357;0.0018856;0.027639;0.040006;0.0016974;0.0010078
16;1.1074;0.89703;2;0.85;0.5;50;50;Manhattan(MinimumTimesMedian);0.0043642;0.0092434;0.0030215;0.012164;0.022358;0.0069624;0.0013358;0.0053186;0.018289;0.021203;0.016415;0.0033927;0.022226;0.014232;0.010088;0.013603;0.021622;0.019516;0.011257;0.025139;0.019188;0.010401;0.0013003;0.018633;0.028322;0.010986;0.027526;0.0031313;0.010855;0.012884;0.016413;0.016751;0.022576;0.022636;0.0052128;0.017764;0.01139;0.007347;0.010344;0.027236;0.026887;0.010944;0.0025318;0.0201;0.0080008;0.026821;0.028146;0.0051847;0.01041;0.0046258;0.0057389;0.014897;0.0045842;0.0026078;0.005352;0.013852;0.013088;0.021621;0.027546;0.0023632;0.0092315;0.021472;0.02228;0.0023252;0.0093099;0.029297;0.024639;0.0011827;0.026415;0.024327;0.0061787;0.0053929
17;1.1235;0.91009;2;0.85;0.5;50;50;Manhattan(MinimumTimesMedian);0.0036861;0.015064;0.0040754;0.019806;0.027684;0.00038004;0.0062378;0.018248;0.017637;0.022948;0.025459;0.00054891;0.0028563;0.0004987;0.029614;0.016394;0.0016893;0.013978;0.018228;0.022362;0.020376;0.0079221;0.0035565;0.028732;0.027317;0.00057185;0.025341;0.013495;0.011755;0.008215;0.0055517;0.013926;0.014732;0.016083;0.016175;0.028856;0.0058712;0.00092765;0.0028808;0.022854;0.028884;0.010042;0.0012009;0.027213;0.0085055;0.026926;0.023011;0.012639;0.019658;0.0026354;0.0056989;0.015602;0.014994;0.026697;0.0023909;0.0079775;0.015931;0.023414;0.021342;0.00066212;0.0049154;0.013278;0.0085686;0.0053645;0.014961;0.027726;0.018707;0.0012166;0.028361;0.030409;0.0041827;0.0043524
18;1.1244;0.91086;2;0.85;0.5;50;50;Manhattan(MinimumTimesMedian);0.0007185;0.022708;0.014178;0.01561;0.015069;0.0061126;0.0023333;0.021382;0.015975;0.012969;0.0046229;0.0024338;0.0059034;0.0025823;0.016622;0.014098;0.012608;0.0017903;0.021672;0.019325;0.025726;0.002291;0.014538;0.021265;0.026459;0.0030633;0.026423;0.0066808;0.015334;0.0093667;0.017336;0.0032077;0.016559;0.0059595;0.014024;0.027769;0.017562;0.001369;0.01258;0.023778;0.024818;0.0043778;0.0093031;0.012084;0.015462;0.026535;0.029469;0.027757;0.016844;0.012983;0.0031633;0.0065606;0.0018039;0.0072152;0.015649;0.017444;0.011002;0.022899;0.01946;0.001073;0.0040236;0.027522;0.027691;0.0041936;0.0035386;0.025076;0.027853;0.0010592;0.029028;0.027202;0.001166;0.01574
19;1.4116;0.15298;2;0.85;0.5;50;50;Euclidean(Minimum);0.0034887;0.017123;0.024319;0.0069107;0.00051737;0.0025491;0.005422;0.0045283;0.028082;0.01166;0.020793;4.1242E-05;0.00011657;0.028831;0.0036503;0.024818;0.005051;0.00013407;0.010116;0.012539;0.026552;0.023022;0.00012993;0.017561;0.017349;0.000363;0.0040978;0.027178;0.00084736;0.023399;0.029683;0.0021847;0.031361;0.00044261;0.015086;0.023207;0.031764;0.0014434;0.0029968;0.030323;0.030961;0.0010702;0.0017072;0.0051439;8.0341E-05;0.030724;0.029022;0.0096782;0.00060748;0.0073984;0.0097822;0.030861;0.011563;0.03121;0.0047046;0.013305;0.0086387;0.02942;0.027075;0.00084222;0.019928;0.027725;0.031588;0.0021397;0.020736;0.025826;0.0041676;0.0040381;0.02841;0.025794;0.0005332;0.0056387
20;1.4396;0.15602;2;0.85;0.5;50;50;Euclidean(Minimum);0.0026352;0.026584;0.031467;0.00039795;0.0046486;0.016074;0.0053921;0.018003;0.026674;0.01862;0.0090922;0.0021031;0.027757;0.0034543;0.0071426;0.034374;0.00034643;0.033697;0.0016111;0.002787;0.032818;0.0014299;0.00089683;0.036307;0.020407;0.0025953;0.025426;0.0036857;0.023001;9.7258E-05;0.0031568;0.0031776;0.0049493;0.034888;0.00081278;0.013427;0.024988;0.0020591;0.018303;0.024657;0.0049099;0.010335;0.0026081;0.034279;0.00018749;0.032293;0.031178;0.030256;0.016454;0.017427;0.00015717;0.0025851;0.01317;0.033103;0.0046613;0.00029049;0.015637;0.037219;0.0027859;0.0051821;0.021532;0.0017738;0.0059639;0.00028104;0.0025544;0.031191;0.030188;0.0046483;0.022853;0.027191;0.0018234;0.0053401
21;1.4741;0.15976;2;0.85;0.5;50;50;Euclidean(Minimum);0.0037761;0.0083916;0.0016844;0.0070306;0.030881;0.03049;0.023162;0.0020898;0.0086886;0.024851;0.027803;0.00031545;0.0039765;0.002286;0.028604;0.003577;0.031857;0.013622;0.0046178;0.033326;0.018009;0.0032933;0.018665;0.033181;0.012389;0.00056017;0.032154;0.0036419;0.032799;0.012726;0.026383;0.0011514;0.024601;0.0072051;9.6472E-05;0.017404;0.0025585;0.008743;0.023035;0.031158;0.026409;0.0019568;0.00050002;0.018485;0.0081679;0.021055;0.004786;0.015523;0.0021103;0.00074771;0.0019445;0.0033933;0.00078137;0.027337;0.00065416;0.026046;0.028702;0.029645;0.030435;0.0028339;0.0002886;0.025793;0.00093094;0.0023996;0.00063488;0.027156;0.020562;0.0059521;0.031749;0.028687;0.0020567;0.0014968
22;2.1056;0.33771;2;0.85;0.5;50;50;Euclidean(Median);0.0053886;0.00083082;0.0016012;0.0079751;0.05707;0.0021929;0.0031144;0.003587;0.00041362;0.0044183;0.057565;0.0046175;0.00043085;0.0049344;0.0052938;0.058197;0.015189;0.003125;0.054183;0.060192;0.0029042;0.00040999;0.00083957;0.010689;0.047304;0.0003831;0.010007;0.0035892;0.047053;0.0041721;0.0029862;0.0012934;0.0034509;0.0024979;0.000698;0.062156;0.0026131;0.00048498;0.00023415;0.0040828;0.00298;0.0019521;0.0020775;0.041415;0.0070918;0.061782;0.0039894;0.00064821;0.0012743;0.00087457;0.0090239;0.0051962;0.0017345;0.0051806;0.0009872;0.0055908;0.061807;0.012634;0.041031;0.00023188;0.044343;0.0038919;0.0051938;0.0012655;0.0044867;0.0092972;0.0059165;0.0014353;0.014657;0.06209;0.0072165;0.014536
23;2.112;0.34503;2;0.85;0.5;50;50;Euclidean(Average);0.0032384;0.0041582;0.065471;0.0027883;0.0037838;0.0045746;0.0073504;0.0053853;0.0080381;0.0037924;0.061338;0.00093228;0.0012275;0.0013326;0.006339;0.016932;0.0013594;0.0071511;0.007641;0.026902;0.0088587;0.0047026;0.0036496;0.0060926;0.066465;0.002223;0.066743;0.003725;0.0015163;0.0014739;0.0016412;0.011449;0.055158;0.068943;0.0021209;0.0070979;0.0026378;0.0019477;0.0021888;0.0011992;0.0045489;0.00043492;0.022299;0.004253;0.00077524;0.067423;0.0015943;0.0068194;0.0047239;0.0046558;0.0069689;0.00066558;0.0088765;0.060596;0.0091013;0.034519;9.1949E-05;0.0004978;0.0028519;0.0027254;0.015471;0.0068752;0.0039793;0.0084108;0.059102;0.00027323;0.00095337;0.0031188;0.021358;0.063193;0.0060315;0.0072437
24;2.1193;0.3399;2;0.85;0.5;50;50;Euclidean(Median);0.00033898;0.0010231;0.00068817;0.0017359;0.0011057;0.0076523;0.0021239;0.0065559;0.00062999;0.014601;0.058287;0.002413;0.00088004;0.0053101;0.00071213;0.0029555;0.00089342;0.00887;0.058975;0.056597;0.002333;0.0041293;0.014815;0.0045938;0.044837;0.0068347;0.0019604;0.0051265;0.0083894;0.0016139;0.0025754;0.054871;0.0035098;0.050748;0.057993;0.052811;0.0057214;0.0013224;0.0051696;0.0026583;0.0018021;0.00060195;0.0028832;0.0020067;0.0023652;0.055165;0.00029177;0.0056112;0.0025943;0.001511;0.0079305;0.0014812;0.0063106;0.0018042;0.047352;0.030236;0.058352;3.4181E-05;0.057672;0.0061371;0.0012437;0.0083867;0.0027829;0.0053233;0.057775;0.0019612;0.0038671;0.0024929;0.0023751;0.04743;0.0077553;0.002105
25;2.1264;0.34444;2;0.85;0.5;50;50;Euclidean(GeometricAverage);0.011018;0.0020081;0.0042912;0.01113;0.050354;0.0013282;0.016889;0.0074624;0.00029652;0.0012178;0.00076347;0.0087781;0.0034;0.0038472;2.3207E-05;3.0664E-05;0.0036866;0.00077911;0.0032257;0.0082712;0.00083436;0.00012879;0.00097212;0.010777;0.058036;0.0018301;0.0043709;0.0014208;0.00088196;0.0069577;0.0016274;0.00041753;0.012651;0.064886;0.064764;0.064412;0.0058842;0.011759;0.006847;0.0098346;0.002491;0.016164;0.0050068;0.0032107;0.0015624;0.068773;0.0073542;0.0026304;0.0021978;0.0075668;0.0086301;0.00084954;0.0017549;0.0021707;0.00056361;0.0061673;0.062;0.065043;0.067603;0.00034695;0.012419;0.010893;0.00047994;0.00028597;0.0014329;0.063259;0.00067192;0.025313;0.00030994;0.069662;0.014022;0.001074
26;2.1374;0.34622;2;0.85;0.5;50;50;Euclidean(GeometricAverage);0.00036501;0.0036169;0.0013465;0.0021392;0.069884;9.4841E-05;0.0010816;0.001535;0.0021387;0.00084362;0.061784;0.0038249;0.0011389;0.00046882;0.0026541;0.0026904;0.0032567;0.0094284;0.0052571;0.0018582;0.0019109;0.003891;0.010603;0.016432;0.068526;0.0073632;0.067046;0.00062507;0.00030086;0.014078;0.0019822;0.00089688;0.01144;0.0014854;0.012782;0.067634;0.0078935;0.0062296;0.002717;0.0031626;0.05968;9.8395E-05;0.0028828;0.00025293;0.0018683;0.071519;0.0087414;0.0021756;0.0082003;0.0023477;0.0042307;0.010874;0.0021495;0.0018994;0.004352;0.0057567;0.0081481;0.0058432;0.015748;0.00064051;0.070794;0.0025319;0.0006608;0.0097964;0.05624;0.061611;0.017573;0.0012569;0.0036393;0.041215;0.031896;0.0029693
27;2.1443;0.35031;2;0.85;0.5;50;50;Euclidean(Average);0.024043;0.0013736;0.05961;0.0072887;0.00085013;0.0011891;0.00019475;0.0043597;0.0053606;0.0018987;0.070449;0.0014891;0.0062067;0.0054274;0.0087959;0.055429;0.00062473;0.0010943;0.0041381;0.0017069;0.0034665;0.0059903;0.001257;0.0010761;0.068606;0.0047474;0.037042;0.0011419;0.0048648;0.012967;0.031334;0.061093;0.0017656;0.068181;0.00082117;0.071649;0.0020066;0.013793;0.0050028;0.0012245;0.0079743;0.00039497;0.015156;0.0019097;0.07066;0.0079921;0.005839;0.0034856;0.0036613;0.004611;0.00052926;0.0047829;0.0031057;0.014337;0.00069329;0.014268;0.058623;2.9065E-05;0.0077309;0.0054926;0.0049828;0.0077943;0.010923;0.0029179;0.049034;0.00026921;0.0090682;0.016745;0.00071688;0.0002471;0.0048079;0.0016585
28;2.1939;0.35538;2;0.85;0.5;50;50;Euclidean(GeometricAverage);0.00092325;1.1107E-05;0.060478;0.0011204;0.0038678;0.0036535;0.00065641;0.0053151;0.0019572;0.0033587;0.06599;0.0032163;0.00081207;0.00075183;0.0011298;0.0054149;0.0021624;0.0054823;0.067778;0.00018198;0.0033421;0.00044608;0.0067918;0.057718;0.067823;1.5528E-05;0.0021355;0.012372;0.00010246;0.067053;0.048198;0.00099779;0.0016401;0.051888;0.0029647;0.068674;0.00059942;0.0052056;0.00056507;0.0011777;0.0010678;0.0073238;0.0016087;0.0046445;0.0090757;0.0018853;0.0029545;0.0030982;5.6855E-06;0.01145;0.0019711;0.001691;0.00093324;0.0072596;0.0077505;0.0040054;0.0018412;0.0089631;0.068888;0.0067158;0.0031955;0.0016743;0.046591;0.0070208;0.0070107;0.0024288;0.065291;0.0045851;0.0042415;0.064963;0.0058086;8.421E-05
29;2.2541;0.36151;2;0.85;0.5;50;50;Euclidean(Median);0.0064351;0.0019907;0.065852;0.011637;0.056026;0.0011864;0.00023482;0.0029968;0.0059293;0.0012129;0.03269;0.0024622;0.00066562;0.0029822;0.00089966;0.0016281;0.0022504;0.0069367;0.07199;0.043113;0.0022763;0.0025107;0.0061179;0.0037384;0.041106;0.00208;0.021711;0.0088178;0.0074912;0.0094218;0.016064;0.0021725;0.0028023;0.072043;0.012749;0.071684;0.002836;0.00065926;0.0026618;0.0036715;0.0049513;0.010718;0.00074582;0.0070598;0.0027527;0.0023033;2.092E-05;0.0074012;0.005385;0.0016478;0.011224;0.0044272;0.00024998;0.020771;3.7243E-05;0.0062969;0.059067;0.070027;0.00015283;0.0071023;0.0035092;0.0022613;0.0065268;0.017621;0.0024639;0.069961;0.0050699;0.001871;0.0035649;0.050044;0.0029715;6.0971E-05
30;2.2629;0.039331;2;0.85;0.5;50;50;Euclidean(MinimumTimesMedian);0.0041661;0.042041;0.0010752;0.033458;0.02909;0.007681;0.0026113;0.0063246;0.0017638;0.03634;0.017657;0.0019582;0.0027253;0.0064257;0.0021588;8.9006E-05;0.01407;0.00017765;0.001092;0.040994;0.0018117;0.0035463;0.0028168;0.043908;0.030134;0.0042157;0.042188;0.00049465;0.0095193;0.033994;0.0047344;0.00045734;0.0011066;0.020335;0.0015829;0.00030977;0.0012495;0.01774;0.0038827;0.012205;0.024814;0.039519;0.0012944;0.0054509;0.042413;0.043919;0.005396;0.00022165;0.031264;0.0085163;0.0019747;0.00018733;0.0035693;0.002781;0.0015202;4.3447E-05;0.01525;0.024861;0.042821;0.00026917;0.00095068;0.039195;0.044119;0.0011143;0.0070707;0.039074;0.034527;0.0015752;0.0041396;0.036015;0.0037011;0.0043037
31;2.3104;462.38;2;0.85;0.5;50;50;Euclidean(Summation);0.0017327;0.0033947;0.071196;0.008316;0.0022055;0.0053794;0.0008801;0.0034952;0.0024596;0.00031833;0.069926;0.0015375;0.0026738;0.00050657;0.00018071;0.0038685;0.001426;0.0024409;0.0022352;0.002491;0.0017644;0.0012544;0.006916;0.0026475;0.071578;0.00039254;0.0046114;0.005298;0.0024195;0.0018943;0.0012755;0.0041599;0.0048753;0.067746;0.067496;0.07009;0.005426;0.0042866;0.0034631;0.048431;0.029456;0.0011994;0.0048422;0.043143;0.00059705;0.070736;0.00041359;0.0013302;0.0081769;0.0013213;0.001173;0.011915;0.0019989;0.0099161;0.0078206;0.0035738;0.034385;0.0021508;0.0040991;0.0033038;0.064937;0.0088877;0.0037655;0.00075357;0.065476;0.012072;0.0028084;0.0063594;0.0065524;0.020772;0.0029886;0.00038625
32;2.3542;0.3846;2;0.85;0.5;50;50;Euclidean(Average);0.0054998;0.0038386;0.077654;0.0097699;0.0040805;0.002448;0.0040364;0.0015263;0.017393;0.0069713;0.076185;0.0023272;0.012517;0.00064394;0.0046978;0.0060519;0.010707;0.00591;0.0040909;0.044617;0.0066226;0.0047683;0.0051464;0.00062337;0.07653;0.00064056;0.0033268;0.004879;0.0015241;0.0028661;0.0051157;0.0022064;0.00070433;0.074094;0.0024725;0.074018;3.1868E-05;0.0011611;0.0040808;0.006901;0.059057;0.0075963;0.0010531;0.0052805;0.0029264;0.008883;0.0096619;0.0072211;0.0019451;0.0034267;0.0021432;0.010613;0.00071778;0.0029089;0.00067168;0.0035235;0.050354;0.0072366;0.0034379;0.0034321;0.071344;0.0014184;0.0025209;0.010847;0.00097193;0.02047;0.037285;0.0019117;0.0035853;0.073774;0.0044449;0.00065864
33;2.4921;498.74;2;0.85;0.5;50;50;Euclidean(Summation);0.0020109;0.0016259;0.0031449;0.00060495;0.00059681;0.0075489;0.006201;0.00060261;0.015944;2.5561E-05;0.00026173;0.0016267;0.0080508;0.0034658;0.04359;0.0042387;0.0060485;0.00039905;0.0048278;0.0010747;0.07666;0.0011633;6.3692E-05;0.0054647;0.081011;0.0024794;0.0074049;0.00011143;0.0030754;0.0014569;0.0088008;0.00016563;0.01154;0.081479;0.072537;0.076715;0.030214;0.0038435;0.0097805;0.0043832;0.0058319;0.0025228;0.0037119;0.0046571;0.0046703;0.081041;0.0011184;0.0063526;0.0022361;0.0027928;0.0098484;0.0018432;0.0001672;0.0039903;0.0045847;0.001405;0.075712;0.0031796;0.011544;0.003909;0.076393;0.0017005;0.0010799;0.0036034;0.0046053;2.2654E-05;0.0035843;0.0027097;0.0017349;0.077674;0.0043539;0.0011812
34;2.5053;501.38;2;0.85;0.5;50;50;Euclidean(Summation);0.0025612;0.0047388;0.084075;0.0037381;0.0021757;0.015511;0.00050328;0.021382;0.0014077;0.0012718;0.080691;0.00059068;0.0056866;0.00089136;0.00083798;0.0079563;0.0018701;0.01085;4.4074E-05;0.0094951;0.016467;0.0049711;0.006794;0.0057186;0.08627;0.0058654;0.0099461;0.0077815;0.0027567;0.013778;0.0011749;0.018574;0.002829;0.078649;0.00020609;0.086397;0.0059611;0.0048781;0.0060074;0.00010267;0.0057454;0.0039551;5.6387E-05;0.0036001;0.002033;0.0025079;0.0076562;0.0010082;0.015395;0.00098043;0.00098005;0.0091389;0.0035244;0.0013712;0.082971;0.00077077;0.0075916;0.0051268;0.0179;0.00087919;0.082903;0.0048565;0.00095578;0.0023911;0.0049354;0.0030847;0.00086466;0.014906;0.0011078;0.085836;0.0010768;0.0024852
35;2.6366;0.045827;2;0.85;0.5;50;50;Euclidean(MinimumTimesMedian);0.0050832;0.011451;0.0068501;0.00079076;0.00017149;0.0080452;0.0013567;0.0044107;0.021695;0.0066533;0.042895;0.00098295;0.0011596;0.0055008;0.00056863;0.015029;0.0039287;0.036014;0.033591;0.044466;0.00028171;0.00098658;0.00028121;0.035968;0.042926;0.00070032;0.041381;0.03627;0.0028123;0.0022759;0.014368;0.00031349;0.035004;0.0020489;0.002283;0.041793;0.0027162;0.0031296;0.010613;0.0022438;0.043755;0.037237;0.0027607;0.036298;3.0452E-05;0.041274;0.0028838;0.0033856;0.0076938;0.0050917;0.014878;0.00091579;6.3801E-05;0.00055015;0.0036892;0.028304;0.010035;0.042543;0.0040628;0.00028707;0.0084838;0.0015361;0.0094993;0.0304;0.00013408;0.041065;0.0096601;0.0053483;0.043622;0.032251;0.0027439;0.00047689
36;2.6562;0.046168;2;0.85;0.5;50;50;Euclidean(MinimumTimesMedian);0.0023232;0.039602;0.0069683;0.00033373;0.00372;0.0013936;0.011876;0.0017376;0.036791;0.001219;0.041215;0.0018486;0.0026423;0.041052;0.0020692;0.042687;0.0012955;0.00075494;0.0014316;0.0022007;0.00069837;0.0051952;0.0041473;0.040343;0.042456;0.00075554;0.0059932;0.0068187;0.02788;0.012217;0.037846;0.00063939;0.037509;0.0031532;0.0022569;0.040196;0.00031242;0.011438;0.0026703;0.00085878;0.010705;0.00022298;0.00035501;0.039238;0.0012697;0.040992;0.019069;0.0031344;0.0038935;0.0041328;0.0015786;0.0028494;0.0020423;0.0014116;0.0045351;0.0028637;0.01273;0.010091;0.04131;0.00043416;0.040578;0.030706;0.040356;0.0025698;0.040704;0.040311;0.0017214;0.0018744;0.038999;0.030099;0.001085;0.0015916
population
1;0.0016635;0.30721;1.4358;0.91859;2.5626;0.44857;0.37378;3.4681;3.0721;1.7741;0.2664;0.45824;0.55022;0.70665;1.2012;0.25622;0.37109;0.84665;0.6248;0.011503;0.21095;0.52925;0.56719;1.4072;1.1296;1.3502;3.4022;0.86177;0.032014;1.2214;1.0839;1.2143;0.05478;1.2897;0.46671;0.5747;0.27172;0.23427;0.83059;1.8248;1.0283;0.19247;1.2172;0.90695;0.23517;1.1788;0.50192;0.30862;0.93015;2.7874;2.5072;0.059113;0.13677;0.25981;1.3583;2.5517;0.60591;0.77827;1.6678;0.82283;0.1625;0.68386;0.90039;0.34922;0.015877;0.50423;0.52118;0.21619;0.19663;0.78007;0.007036;0.61809
2;0.036936;0.457;0.040066;0.39435;0.031944;0.97455;0.27931;0.32516;0.43746;1.2924;0.16078;0.5411;2.7027;0.23738;1.1371;0.62438;0.22305;2.1653;0.33084;1.1607;1.725;0.60666;0.31893;2.5437;1.356;1.7305;0.30169;2.7315;0.97601;1.0173;0.47695;0.50505;0.4874;7.1706;2.5808;0.076871;0.40765;0.035071;1.8254;0.18428;0.32019;0.075141;0.39376;1.9492;0.64786;0.032562;0.78409;0.032748;1.9723;0.19661;0.096388;0.70124;0.16031;0.14109;1.1578;0.13476;1.0437;0.71568;2.1943;1.5813;0.22381;1.36;0.167;2.4753;2.0108;2.2823;1.4116;1.9429;1.8964;0.5696;0.86745;0.20925
3;0.0077655;0.057191;1.3597;0.39259;0.35448;0.031956;0.41132;0.55683;2.0347;0.29093;2.095;0.69211;0.61372;1.094;0.21471;3.49;2.1219;0.25761;0.58987;1.0713;0.99668;0.16729;1.2644;0.70641;4.3444;0.56147;2.0461;1.002;1.3126;0.63399;3.1591;0.23283;0.65199;0.091546;3.2467;0.83718;0.79889;0.59992;1.9745;0.10702;0.20681;0.96983;1.9766;3.478;1.4058;1.8286;0.95443;0.2214;1.3158;0.86077;0.68631;1.2525;0.61737;2.3112;3.192;1.0374;0.020491;0.90306;1.3142;1.1686;0.27077;0.44763;1.3582;1.4223;0.34056;0.90698;0.36302;2.1628;0.54655;0.68323;0.26449;0.35841
4;0.019875;0.66242;0.050167;0.42521;0.43956;0.39969;0.2106;0.45277;0.21962;0.19372;0.19279;1.6147;0.27114;0.022637;4.1777;0.11527;0.52912;0.16306;0.0021118;0.25144;2.1928;1.15;0.33331;0.72111;1.0543;1.3547;3.3435;2.1004;0.84052;0.097683;0.25741;0.16266;4.0586;0.40681;0.76991;0.35125;1.2857;1.6796;0.064565;0.085701;0.077769;0.38572;0.096204;1.3232;0.47796;0.099567;3.4923;0.14577;1.517;0.1872;1.2753;0.37;0.21456;0.22866;0.2166;1.5299;0.90102;0.13406;0.20237;0.6002;0.13444;1.6566;2.1561;0.57657;0.82496;0.033414;0.056548;0.23208;0.47053;0.18511;0.045437;0.097737
5;0.00077777;2.0743;0.41577;0.19276;1.2151;0.1098;0.89116;1.0226;0.92279;3.402;0.37356;0.48654;0.22735;0.56777;0.47314;0.34975;2.381;0.81746;1.3056;5.0176;2.7955;0.32812;1.5949;0.095995;1.3664;2.7513;0.029373;0.19655;0.90285;0.30462;1.6347;0.030465;1.7752;0.22244;0.017454;0.70369;1.5172;0.024763;0.35685;0.048686;0.68772;0.24254;2.8991;1.9407;0.69505;0.07504;0.004526;1.1947;0.33207;3.7577;0.7444;0.84984;0.62704;0.70712;1.1725;0.20224;0.47432;0.14404;1.4297;0.37929;1.8541;1.0093;0.64201;3.3351;1.7801;1.1089;1.2932;0.51115;2.6644;0.02656;0.021047;0.51856
6;0.0030276;0.26005;1.4632;2.0763;2.3301;0.22371;0.57705;1.5912;0.29873;2.4865;0.11656;1.617;0.85545;0.14579;0.60779;2.036;0.61159;2.8345;0.32677;1.6826;0.28521;2.2948;0.2331;0.21893;1.1923;0.16452;0.47233;0.72164;4.1647;1.8623;2.8568;1.3427;0.48813;0.96534;0.60314;0.25636;0.15566;0.16901;0.39644;2.4493;0.64835;1.5806;0.7831;2.2183;0.89051;1.8096;0.095124;1.375;1.6863;0.32599;1.0118;1.8748;0.86278;0.27262;1.0696;0.37872;1.588;1.0124;1.4851;0.33669;0.34867;0.46406;0.32853;0.73609;0.6776;0.92207;3.08;0.37365;2.38;0.59788;0.22605;0.32187
7;0.0020696;0.29433;1.5453;1.818;0.54186;0.049606;1.8409;0.058682;2.0158;0.0085484;2.7429;0.62216;1.0428;0.80717;0.94533;0.61316;0.50448;0.011208;0.41989;0.10765;0.15631;0.2278;1.4823;0.061802;1.2308;0.069258;0.49446;0.16921;1.2211;0.83533;1.0773;0.36964;1.118;0.28056;1.8304;0.65687;2.8986;1.1532;0.75023;0.79103;2.3545;0.07231;0.86182;2.7891;0.73455;2.5802;0.030774;0.55565;1.903;1.3573;0.54987;1.3984;1.7397;0.5786;0.36252;0.69654;0.30577;0.029254;0.46741;0.2081;2.58;2.6335;0.8301;0.11641;0.058974;0.18114;0.086218;3.6984;0.047689;1.0352;0.75913;2.1287
8;0.0033031;0.32605;0.14416;0.75378;2.4751;0.05427;0.30613;0.50186;1.2898;2.4437;0.63879;0.37428;0.77295;0.21821;0.36353;1.9632;0.234;0.045276;1.9757;1.2876;2.1928;1.7883;1.7313;0.095406;0.28191;0.50072;0.77856;0.88579;0.78074;0.72756;0.59984;0.28945;0.20423;1.5056;0.72155;0.64592;1.6531;1.8402;0.18825;0.33397;0.7499;1.8048;1.3218;1.5379;0.63004;3.9775;2.4001;0.80192;0.43831;0.37066;1.0315;0.61374;0.65905;1.1663;0.53957;2.2182;1.1394;1.4205;2.3855;1.029;0.092754;1.7603;0.55;0.22998;0.87653;1.7288;2.8044;2.2491;0.2632;0.83894;0.11753;0.46581
9;0.00086463;3.739;2.6554;0.37146;0.80552;0.28546;0.097356;1.9298;0.27076;0.25645;0.35171;0.62846;0.15787;1.967;0.77026;1.1057;2.198;0.55984;0.22466;2.2376;2.6678;0.76491;3.0226;1.6381;0.25077;0.15935;0.63569;0.36174;1.2394;0.45493;0.037518;1.1146;1.065;2.856;0.23046;0.79827;0.061338;0.31051;0.54681;0.12566;3.8322;0.44704;0.0064263;0.51052;1.7694;0.40051;2.9909;0.2397;0.29634;0.046287;0.79172;0.047751;1.2452;0.0786;0.1982;0.58563;1.3547;0.81573;0.023119;0.24887;0.33057;1.6054;0.44078;0.6727;0.011446;0.77163;0.28564;1.0766;0.4367;0.2595;3.2366;0.57928
10;0.017786;0.36046;0.94751;0.41312;3.1895;0.1915;1.076;0.018644;0.29174;0.10551;0.91103;1.868;1.5248;2.4132;0.73586;1.5176;0.33706;1.3341;0.081542;0.85555;2.4506;0.40139;1.2139;0.15776;0.97135;0.79632;1.837;1.9271;3.592;3.9042;0.39984;0.89141;0.6934;0.46109;1.4072;0.29391;0.19715;0.94637;0.10601;0.11539;1.4218;0.88167;1.902;1.2204;1.1023;1.4001;1.0946;0.79902;1.7872;0.8966;0.085797;0.55593;2.3224;0.039114;2.0201;0.16908;0.05399;0.82182;0.28234;1.0065;1.4781;0.053792;0.51643;2.6991;1.3641;0.99766;0.65968;2.0081;0.50018;0.58277;0.44105;0.085346
11;0.015739;0.11691;0.68052;0.13837;1.1834;1.1513;1.0539;0.012572;1.4367;1.6829;0.56275;0.040425;0.21589;1.1556;0.24121;1.9022;0.72479;2.0155;0.32537;0.28068;0.24018;0.34085;0.61894;0.52565;1.7465;1.5753;2.3147;1.8894;0.13417;0.81937;0.030299;1.172;2.326;0.10528;0.14315;0.76579;0.0063326;1.7756;1.2897;1.1502;3.8522;0.32437;0.22765;2.7425;1.6914;0.080477;0.32107;0.01749;0.75001;1.3199;0.57487;1.2026;0.78191;0.91617;0.075181;0.48036;2.8892;1.9136;2.5793;1.2492;0.29844;1.1464;1.3561;0.36065;0.027972;0.27577;0.25964;1.3292;0.40366;0.060758;0.80345;0.91923
12;0.0089953;1.6056;2.1615;0.61302;0.76906;0.90823;1.1098;0.54605;0.76981;3.4625;0.09247;1.2405;0.70999;0.83914;0.050191;1.4406;0.0074402;0.46279;0.015139;1.0626;0.48957;0.0055748;1.2419;1.7818;1.6415;1.7953;0.42402;0.58075;1.1663;1.6049;0.0061315;2.8538;0.47063;0.99676;3.6176;5.289;0.10569;0.65365;1.0289;1.3888;1.6209;0.35869;0.12151;0.89033;1.0037;1.3446;0.46506;0.50371;0.13509;0.4433;0.48662;0.44146;0.74177;1.5565;3.4376;3.3792;1.5893;0.83081;1.2087;0.97261;1.5893;0.5147;2.56;2.1809;0.017844;1.0381;2.5254;2.2518;1.4135;0.54588;2.4947;1.5256
13;0.026298;0.3936;1.0432;0.035502;0.36737;3.5377;1.1524;2.1042;3.3961;0.27089;0.94892;2.0826;0.49858;1.3336;0.11947;1.8102;0.77398;0.81528;3.8091;0.88303;0.29148;2.7672;0.45255;1.0953;2.7478;0.24951;1.0426;0.89437;0.64235;0.5884;2.1116;3.7728;3.468;0.057893;0.2147;1.0878;0.70588;0.72475;0.015221;0.98426;0.55809;1.8863;0.349;0.68875;0.0063698;0.17894;0.70576;0.11713;5.6388;0.018986;0.57773;0.67393;0.95583;3.4856;0.90091;1.5943;0.17433;3.0001;0.089691;0.76198;5.7782;1.1071;2.9197;0.25897;0.49145;2.8021;3.4279;2.1664;3.5351;2.7571;3.6702;0.13181
14;0.0035525;0.47087;1.2748;0.17369;0.33901;0.23715;0.75209;1.6928;0.79652;0.26155;0.89242;1.3747;0.42657;1.1677;1.1705;1.3242;0.99295;0.29576;4.0124;0.54424;2.869;1.1329;2.4531;0.23497;0.39446;0.52369;3.5008;0.30068;1.165;1.2253;0.35128;1.3504;0.47206;4.3478;3.371;2.6213;0.33367;4.0097;0.18179;1.0382;0.17751;5.509;0.16713;0.45378;0.13381;2.1091;1.1837;0.34568;1.2446;0.12287;3.3836;0.74194;0.52697;0.60072;2.2112;0.20821;1.3404;2.2392;1.3811;0.33483;0.29292;0.56505;0.42636;1.422;5.2098;3.1781;1.144;1.587;0.94452;2.5909;2.0303;0.68427
15;0.0032142;1.4084;0.54011;2.3875;1.7445;0.56713;1.8013;0.57425;0.95985;0.77916;0.85159;0.19925;2.3113;0.24813;3.1688;5.2473;3.4125;1.7171;2.0225;0.67228;0.71505;0.38541;1.5051;0.30805;0.62897;0.47706;0.070706;0.21642;0.055266;1.4738;0.50949;0.6768;1.9136;1.5338;0.79247;0.74118;1.3144;1.3558;0.3021;0.44367;3.4893;0.11036;0.3025;1.3885;1.4448;0.89931;0.033134;0.0089891;1.418;0.73622;0.48712;2.4075;0.73425;0.65791;0.38511;0.077098;3.4207;0.58288;0.52727;0.38656;0.66224;1.0474;0.12301;0.95052;0.89867;2.3634;0.086653;1.292;0.23972;0.12133;0.67236;0.16652
16;0.0046606;0.40217;5.3858;0.43957;2.9133;0.65694;0.99925;0.8241;0.93441;1.6914;0.13426;0.13205;1.1163;0.15077;0.34554;0.57096;0.15512;0.065627;0.028267;4.8676;0.51844;0.30994;0.98159;0.52185;1.412;2.3627;0.13871;0.65112;1.0128;1.9021;1.0369;0.6104;0.10109;0.17848;1.0653;0.87308;3.2462;0.62769;0.06217;0.15524;0.0050759;0.99063;0.95005;0.1941;0.19571;1.6175;0.08642;0.56524;1.4543;0.24303;0.83158;1.3803;0.51604;0.5472;1.7532;0.12297;1.6921;1.658;3.9851;1.8382;1.7268;0.34793;4.9448;0.022964;0.28117;0.051247;0.054764;0.28159;2.654;0.72782;1.7648;0.68749
17;0.017416;0.38917;5.0537;0.40371;1.9986;0.032051;0.52252;0.43905;0.158;0.17757;1.1498;2.022;0.55601;1.0759;0.3483;0.64138;2.093;0.72077;0.0029324;0.90274;0.37761;0.87175;1.265;0.51101;1.7171;0.37725;1.2079;0.72083;0.18033;0.046034;1.0598;0.26161;0.92363;0.33648;0.66371;3.8836;0.58504;3.9784;0.2626;1.5193;0.46659;0.29186;2.8242;0.7277;0.51968;1.8626;1.1729;2.6113;0.35213;0.10663;0.46243;0.096114;0.18008;1.0136;0.38626;0.2139;0.076777;0.58283;0.027664;0.53319;0.73963;1.4144;1.297;0.30994;2.5828;0.26603;3.3151;0.4844;1.827;0.62881;1.138;0.30477
18;0.0128;0.15902;2.0915;1.6512;0.29953;2.2826;0.55688;2.2391;0.34286;0.16526;2.0679;3.5489;1.6267;0.10262;1.5253;0.51187;0.23764;0.0098462;0.087531;0.036147;0.95961;0.26489;0.90381;0.12772;1.4366;0.29666;0.21305;0.11866;1.2771;0.2165;0.68858;0.13941;0.043811;0.25841;1.5165;0.83705;0.36105;0.38735;1.8897;0.15855;1.3641;1.129;1.4597;1.467;0.34404;0.89176;3.1834;0.53588;0.40485;0.683;0.25664;0.041924;0.068296;0.012906;0.18125;0.7026;1.85;2.6979;2.8061;0.62677;2.6602;2.1009;0.21155;2.9649;0.040791;1.2961;0.56164;0.3101;0.055825;2.161;1.5618;0.99166
19;0.015441;1.6981;2.3337;0.74147;4.4922;0.67993;0.39656;0.21721;0.92916;0.706;0.073975;0.46754;0.57916;3.1;0.51753;0.49298;3.0609;0.67629;0.34044;0.57525;1.0427;1.4948;0.23213;0.15786;1.5648;0.46956;0.10254;0.61883;0.62799;0.21917;1.5929;0.41585;3.0844;0.13062;0.43788;0.33423;1.7687;0.6995;1.392;0.47282;1.2311;2.2163;0.96175;1.4386;2.0118;0.68621;2.7002;0.26913;0.16837;0.62922;1.7368;1.7389;3.0567;2.5524;0.24852;0.4979;1.1615;0.64148;0.95434;1.3972;1.1864;2.7758;1.3824;0.5573;0.75636;1.1298;0.12428;0.62372;0.55923;0.22143;0.47416;1.1568
20;0.0121;0.98289;0.32205;0.6553;0.19845;0.026228;0.35585;1.8931;0.10855;0.19598;0.99751;0.49382;0.20103;0.2537;1.6626;1.3268;1.1657;1.3308;1.3368;0.4588;1.8656;1.7927;0.26927;2.5864;0.049788;0.44368;1.2065;1.3398;0.90827;0.79169;2.2017;0.98461;0.15143;1.4896;0.11412;0.44068;1.0306;1.4087;0.36435;2.6993;0.063079;1.6263;0.47339;0.33676;0.36343;0.72241;2.6056;0.61131;0.29419;0.8543;0.44387;0.25364;0.45394;2.5124;1.4414;1.2185;0.62611;0.25717;1.1076;1.1643;0.40937;1.7518;0.56651;0.034603;2.0628;0.87837;0.3073;1.7094;0.0015242;0.58301;0.1693;0.91118
21;0.050909;0.60929;0.28949;0.0020338;0.91893;1.7595;1.1699;1.9088;0.36607;1.4217;0.41572;0.71862;0.22004;0.58641;0.47979;0.1389;0.31486;1.8472;0.46716;1.0222;0.3675;0.59206;1.0466;0.14865;1.0689;0.41622;0.30952;2.5565;0.08415;1.3454;3.2767;0.33413;1.1979;0.31211;0.13359;0.55584;0.25739;0.21412;0.90868;1.4882;1.0326;2.1622;2.0492;4.9406;0.095434;0.61335;0.099674;0.52232;1.2517;0.36124;1.2914;0.55675;1.1486;3.597;0.84465;0.10658;1.3439;1.5818;0.52641;0.35307;0.012651;2.7838;0.14452;0.61799;0.34283;1.495;0.46227;0.10399;0.3503;0.46399;0.47227;0.9842
22;0.03495;0.95851;0.76847;0.080491;1.2296;1.6667;0.67375;0.32821;0.28624;0.053414;4.463;1.601;0.1087;0.75487;0.15222;0.10758;0.33306;0.82527;0.51753;0.25272;2.4679;0.62099;0.18998;0.075595;0.47491;1.0964;1.8413;2.753;0.38338;0.12821;2.1086;0.691;0.96221;0.12499;0.88193;4.7334;0.58711;1.1535;2.2665;0.00010974;3.3997;0.074657;1.6557;2.3543;0.56537;0.78602;0.55185;0.091223;0.932;2.3425;0.081357;1.5018;2.8171;0.16346;4.0858;0.70449;1.0714;0.28595;0.0074142;0.36649;0.0992;1.2768;0.40115;0.021692;1.2594;0.021501;1.7155;0.083692;0.060586;0.63618;0.12258;1.3586
23;0.0019795;0.049412;1.6303;0.90203;1.3617;0.54238;2.6609;3.5524;0.99029;0.95104;0.3873;0.0023758;0.12844;0.62475;0.1011;0.66788;1.1212;0.088122;0.576;0.065331;1.1776;0.73115;0.83114;1.2325;0.26166;1.5417;0.25492;1.6213;0.37564;0.46897;0.57741;0.26821;0.3721;1.3086;3.3878;6.1148;1.986;5.4847;0.58218;4.4044;1.2646;0.032721;3.4175;2.5322;0.0065726;0.015718;0.11982;0.17568;0.20467;1.2336;6.9949;0.14181;0.36283;0.53006;2.421;1.8755;2.242;0.84189;0.048182;0.56277;0.5427;0.10693;1.6411;1.4006;1.2196;1.3272;0.35555;2.9669;0.3249;1.1309;0.010986;0.85687
24;0.019207;0.36486;2.5724;0.23335;1.5949;2.1173;0.051088;0.70526;0.27353;0.087694;3.4875;0.040813;0.24367;0.34055;1.3565;2.6777;0.67727;0.22045;0.61337;2.6001;1.0029;0.46034;0.50288;0.22611;1.9192;0.22214;3.3457;0.82073;1.0302;0.3405;1.1484;0.42287;0.23092;0.97661;0.04936;0.15173;1.0467;1.6443;0.10018;0.22779;0.60053;0.84409;0.036373;1.0898;0.02076;0.68914;1.6368;1.1877;0.52691;0.73822;1.7025;1.256;1.3625;1.7512;0.57754;0.030962;1.8396;1.5387;0.099579;0.13051;4.0561;0.14819;1.4037;0.16956;0.84269;0.58066;0.038063;0.2392;0.83163;2.6343;1.1675;1.4055
25;0.0012689;0.43946;1.5459;2.4106;1.5712;0.26661;0.39839;0.90321;0.46295;1.4488;0.95925;0.47928;1.9952;1.961;1.2001;2.1897;0.13566;1.4443;0.61244;2.6626;0.25512;0.78352;0.079233;0.27151;2.5015;0.40892;0.18549;1.1655;2.3624;1.5323;1.0671;1.6869;0.89834;0.73133;1.2748;0.66957;0.17665;0.86118;1.2077;1.2719;0.084679;0.51044;0.42028;2.3947;0.65175;4.1274;2.4381;0.7424;0.44604;0.013519;2.0638;0.55874;1.2427;0.20168;0.16292;0.92973;1.1837;0.089818;0.011237;0.4067;0.4384;0.64499;0.040666;1.4158;0.90191;0.19677;1.5551;0.97051;0.61542;2.6579;0.5228;1.2099
26;0.044515;0.042925;0.1682;0.20641;0.7289;0.31784;0.25518;1.1793;0.28411;0.37828;0.26545;0.64818;0.25632;0.85067;0.98003;0.67199;0.15806;0.87773;0.64537;0.23427;0.37857;0.1031;0.56868;0.28506;0.3043;0.1042;0.95365;0.034986;0.21583;0.98085;0.45328;0.33756;3.5328;6.0898;2.7925;1.427;0.36329;0.20307;1.8514;0.19636;0.79112;0.2049;0.64554;0.45714;0.34515;4.9109;0.68118;1.2209;0.61229;1.1182;1.0156;0.43775;0.12733;0.44363;1.1713;0.52727;0.68852;0.593;1.9571;0.60472;2.2223;1.9252;4.6104;0.55818;0.02292;0.30723;1.3057;1.822;1.5877;2.1574;0.56449;1.2351
27;0.018653;0.081568;0.37763;0.73024;2.5092;3.551;1.5868;0.039409;0.5971;1.6203;1.0738;1.5125;0.95766;0.6476;0.14601;0.85668;0.32708;2.8364;3.7059;1.3799;2.8401;0.082836;0.10649;0.12995;2.7372;1.2568;3.1811;2.6091;0.40327;0.8224;0.99134;0.73778;2.5262;0.76218;0.10117;1.6449;0.32757;1.876;0.97266;0.40032;0.82959;0.14262;0.5296;2.2052;5.9273;0.74131;0.51578;0.37099;0.1585;0.76125;0.18476;0.028094;2.0339;0.92242;1.9514;0.64968;0.89177;1.7691;4.799;0.30776;1.605;0.52559;0.19344;3.2315;0.16281;3.4114;0.42221;0.87893;0.83502;1.0923;0.55706;1.4988
28;0.00024119;2.0964;0.83218;0.11963;0.3488;1.2606;0.55041;0.11893;1.28;0.5985;2.9304;0.40231;0.94952;0.15203;1.1762;0.32918;0.96356;1.8641;0.73313;1.3702;0.15259;0.86299;0.35104;2.9278;1.2966;1.5455;2.4683;0.48117;1.2013;0.37827;0.0326;0.10221;2.7116;0.16951;0.68764;4.681;2.2996;0.46823;3.0191;0.15963;2.0962;0.12388;1.4644;0.60905;0.83344;1.3101;1.0787;0.096008;0.19593;0.25016;0.742;0.54322;0.22036;0.94767;0.088139;0.72895;0.79054;0.94599;0.015843;0.11901;0.037766;1.5797;0.10962;0.60009;0.32048;0.94869;0.068618;0.39143;0.066804;0.85135;1.1304;0.14523
29;0.0058571;1.7566;0.65027;1.5276;1.2876;1.2235;2.6491;0.65994;0.63468;0.37456;0.11493;0.80484;0.61827;0.047588;0.03533;0.19911;2.5603;1.7048;0.32064;0.19861;1.8606;1.5532;0.0074768;0.90781;0.021066;0.46736;1.2811;0.12541;0.015034;0.39199;0.84161;0.070192;0.19947;0.564;4.1896;0.88501;1.1812;0.87241;2.5245;0.82454;0.5611;0.62811;0.35434;0.1766;0.11338;1.1909;0.51148;0.86708;1.1906;0.99984;0.27823;0.64972;1.0347;0.43125;1.8316;1.0661;0.059766;1.9642;0.18833;0.30144;1.3642;0.91735;0.59635;0.019801;0.31674;4.4899;1.6359;0.21566;0.2172;2.8192;1.1966;0.33514
30;0.061237;0.092287;1.4822;2.5297;1.481;0.75175;0.0046236;1.5773;1.3321;1.1312;0.095427;0.11608;1.0445;0.91083;1.3377;0.11489;2.4839;0.72938;1.7446;0.2198;0.41139;1.5358;0.63125;1.0421;1.3227;0.38773;0.086934;1.5313;0.32255;1.0492;1.8114;0.63526;0.1635;0.72867;1.5416;1.2181;1.6103;0.44795;0.19188;0.38851;0.44504;0.72503;3.5658;2.3407;1.3963;0.14076;1.1963;4.6097;1.1595;0.16028;0.028077;1.6345;0.40737;0.88796;0.1675;3.8525;0.13255;0.30313;4.1093;2.8444;2.3199;0.45459;1.22;0.34516;1.6886;0.77615;0.1317;0.48307;0.90244;0.65578;1.4778;1.8381
31;0.00053385;1.5053;0.4741;0.037261;0.90446;0.12826;0.15009;3.0228;0.12711;0.63402;0.11861;0.16698;1.5761;2.1111;0.59022;0.047091;0.62104;1.421;2.6481;1.2912;0.084192;0.12144;0.34275;1.4985;0.36012;0.36325;0.19361;0.059209;1.4646;3.8453;0.12339;0.21057;0.12969;2.0323;0.6101;1.2691;1.7297;3.4556;0.9588;1.0783;2.0715;1.4704;0.62438;0.82071;2.9497;0.1887;0.18823;1.9617;2.2817;0.39761;0.82986;0.54836;0.13279;1.6245;0.16897;0.082797;1.1821;1.0605;1.8206;0.62516;2.8543;1.2088;0.097882;0.54606;0.067776;0.47377;1.0166;1.125;0.84045;6.8953;0.17227;1.8601
32;0.0018205;0.15978;0.15904;0.080352;0.5612;0.71761;1.389;0.49562;0.66417;1.1565;3.5782;0.55529;0.075663;1.0696;0.10989;2.1295;0.091975;0.15379;6.4028;0.15217;0.83703;1.0739;0.23454;0.47511;1.1587;0.9427;1.6568;1.1397;0.36147;0.75909;0.24925;0.14333;1.4911;0.80709;0.32989;0.27634;0.69414;0.23339;0.65212;2.0532;0.166;3.0623;2.0327;0.62256;0.21908;0.60117;0.75887;0.5509;1.9236;0.14549;0.24697;0.36733;0.61538;3.1657;0.070679;0.95568;0.22094;0.66596;0.34817;0.17378;0.81114;0.29615;1.4151;0.67583;0.17076;0.16342;2.3542;0.251;0.98126;0.043026;0.50728;0.34179
33;0.0057556;1.2782;1.5462;0.23911;0.40079;0.97605;0.055693;0.86504;1.1994;0.032225;0.099035;0.4292;0.16126;0.30249;0.86218;0.017756;0.8468;0.27656;0.18131;0.32231;0.82638;0.95798;0.23745;1.648;1.602;0.23322;2.4197;0.19681;1.1637;1.0563;0.62969;0.70919;0.10038;0.60978;3.1214;4.1141;1.5139;0.68857;0.057366;2.2623;2.2042;0.83637;0.64192;2.0427;3.3274;0.17712;2.1906;1.3228;0.57822;1.2566;0.71304;0.24956;0.15153;1.3857;0.64193;0.86886;0.98353;2.487;0.46691;0.54032;1.4084;0.66312;0.02368;0.85132;1.4977;0.035307;0.46091;0.27077;1.4871;0.1429;1.303;1.5556
34;0.011969;0.38349;1.0292;0.46727;0.79948;0.11188;0.017315;1.2707;0.42487;0.57772;0.95754;0.43722;0.93335;0.17557;0.46349;1.0458;0.10169;0.019748;0.30536;0.21047;0.73509;0.053792;0.60058;4.7665;1.5834;1.8687;1.7924;0.99018;0.094102;1.4289;0.27995;1.5252;1.1316;0.62551;1.1194;0.39062;3.6849;0.46874;1.4687;0.033448;2.2323;2.1695;0.61062;0.5769;0.022352;0.61429;0.8564;1.7346;0.96517;0.65812;2.2506;2.8924;1.6546;0.71086;2.0484;0.0093756;2.0071;0.12511;0.0485;0.83186;0.068961;0.035192;0.66585;1.7015;0.6017;0.85521;0.80145;0.14192;0.89102;0.92326;1.752;3.9185
35;0.018356;1.1997;0.40704;0.43819;0.15364;0.79188;0.59168;0.66249;0.16784;0.80181;1.2064;1.8605;0.10883;0.15111;0.37573;0.99106;0.090056;0.6903;1.9604;0.44072;0.15092;0.066389;0.5904;0.018066;2.5988;1.142;1.77;0.37754;0.89039;5.6576;0.12378;0.30329;1.0408;0.57237;1.1647;1.3808;0.58663;1.4115;2.1027;0.38004;0.68156;0.40017;1.1432;0.034483;0.2715;0.38553;0.011224;1.3471;0.46758;2.038;0.27329;1.5205;1.5619;0.22413;0.42145;1.405;0.074072;0.57943;0.65824;0.16483;3.2481;0.59685;0.88458;0.31399;0.007265;0.9779;0.66305;1.2562;0.37606;2.4718;1.5834;0.11367
36;0.0026705;0.1967;0.57178;0.025107;1.1415;0.031842;0.46418;0.90493;0.033771;1.7699;0.63208;1.5379;0.98106;0.2313;1.1719;0.12065;1.0657;1.291;2.1549;2.4766;0.094897;1.3741;0.37662;0.52657;0.83714;1.2069;2.8259;0.10885;1.1538;0.12847;0.013431;0.022689;0.15455;0.062699;0.96713;0.17737;0.41799;0.51983;2.4867;1.7209;0.69297;0.23562;0.40749;1.7026;1.7419;3.7259;0.26081;2.104;1.1592;0.79664;1.0208;1.1908;0.80965;1.3886;1.0539;1.0254;1.5241;0.85166;1.622;0.91219;0.80309;1.0809;1.0286;1.2373;3.4486;4.1594;1.625;0.57189;0.38762;2.5574;2.8286;1.3676
37;0.0051776;0.17048;0.51026;0.37207;1.1471;0.86604;0.13881;1.401;1.5879;1.9633;0.64506;0.45752;0.71382;0.80934;0.8699;0.35305;0.7626;1.3904;0.19133;0.73038;0.78461;0.80812;0.62346;1.1571;0.80752;0.034901;1.1614;0.60817;0.64158;1.6802;0.53149;2.2524;1.0609;0.044833;0.11041;1.4618;0.13409;0.90628;1.1693;1.8723;0.98273;0.072535;0.16309;2.4558;0.93337;3.722;0.41299;1.0051;0.60721;0.62412;0.23175;0.38961;0.58758;0.05929;0.81292;0.19206;0.78685;1.0708;0.35837;1.6739;0.94491;0.4413;0.10153;2.0067;0.10941;1.7567;0.33056;0.917;4.1857;3.3349;1.222;1.3011
38;0.015238;0.36473;0.26639;1.053;2.5528;0.385;0.21491;0.50294;0.89544;1.2328;0.178;0.99989;0.21493;0.20759;0.24196;1.0067;0.18103;1.2226;2.0915;0.759;2.0805;0.19396;0.047882;1.128;0.21188;0.17728;0.84844;1.5188;2.1602;0.074159;0.94827;2.1335;1.2929;1.5911;0.11323;0.085082;1.0686;0.24071;2.4719;2.2946;0.16382;0.052646;0.43006;0.1058;0.69886;0.3847;1.0074;0.84115;1.3222;1.3469;0.41011;0.37781;2.1988;0.91286;1.0553;0.036893;0.0041903;4.623;2.2851;0.35104;0.29414;0.60579;0.082798;1.4823;0.90143;0.041388;0.19296;1.3265;0.17409;4.1166;0.26206;0.34854
39;0.03876;0.0047702;0.62478;1.2751;0.45318;0.18242;0.43289;0.18205;0.5181;0.27923;0.71522;0.75053;0.95209;0.60469;1.0288;1.7488;0.1036;0.63762;1.0009;1.6764;0.085604;1.434;0.5621;1.0404;9.3543;1.0269;0.18651;0.013715;1.8529;1.0865;0.56388;0.61098;1.9264;0.68689;0.22728;0.83511;0.18802;0.44672;0.057989;0.47183;0.32317;0.77792;1.755;1.0579;1.286;1.7308;0.93218;2.0193;0.47164;3.2786;0.042368;0.26583;0.10263;1.8887;0.81179;0.71449;1.2902;0.35453;0.09444;1.4707;0.23534;1.58;0.66169;4.2334;0.37005;2.0403;1.7097;2.046;1.3682;0.37722;1.4288;0.32263
40;0.00066676;1.2778;0.36588;0.44852;1.3823;0.86674;0.82778;1.0574;0.27033;0.45366;6.3951;2.8265;0.21111;0.31064;0.19978;3.0811;1.0865;0.038286;0.47159;0.24216;2.1285;1.0018;1.9207;2.223;0.1831;0.94548;2.0293;0.39382;0.73662;0.26641;0.11369;0.79833;0.16773;0.94156;2.8901;1.7721;0.80131;1.3155;0.83152;0.044421;1.082;0.064098;0.056244;1.3023;0.83444;0.78517;1.0885;0.92585;0.96341;0.55548;1.0214;0.1638;0.27912;0.84149;0.12288;0.60405;0.22711;4.1642;0.55605;1.2217;0.36972;0.034575;0.82952;1.4723;0.48822;0.014966;2.935;1.6145;0.83573;0.80669;0.048094;0.58746
41;0.026241;0.22252;0.58309;0.70633;1.1643;0.8086;1.6212;1.5646;0.37786;0.45737;0.52147;0.88433;0.49956;0.75093;0.2772;0.067115;0.83093;0.52062;1.1785;0.94976;2.0603;0.32584;0.77056;0.09511;0.17893;0.065988;1.2091;1.7554;2.2472;0.26469;0.76958;2.0465;1.3077;0.41971;1.3433;0.253;1.2659;1.6428;0.64117;2.25;1.7551;0.41519;1.8752;0.37609;0.54557;0.081544;0.86237;1.1291;0.10681;0.035815;1.9318;0.34088;2.6462;1.1269;0.63417;3.7501;1.3385;0.33288;0.62925;0.70378;0.17123;0.060644;1.762;1.5867;0.41882;2.746;3.2084;0.38586;1.0434;0.10183;0.80911;1.2028
42;0.0089903;1.6709;0.98079;1.1998;0.021932;1.2193;0.83122;1.1814;1.2211;0.31637;1.3134;1.0107;0.60175;0.61163;0.40053;0.99912;0.96618;0.38905;0.052137;2.4709;4.07;0.5525;0.33481;2.4368;3.3816;0.16671;0.17986;0.07245;0.001044;1.0587;0.52312;0.26676;0.36572;0.54025;1.5044;3.3321;0.095448;0.81364;2.1644;3.3938;0.47113;1.4436;2.0906;0.3417;1.4179;0.36471;3.2896;0.69445;0.39944;1.1166;1.4461;0.49788;0.88975;0.088649;0.64896;0.68099;1.4023;0.031002;1.0555;1.7765;0.25698;0.29451;1.8322;0.60472;1.6221;0.4614;1.1327;0.4533;0.90653;1.9035;0.25647;0.29775
43;0.057653;1.5431;1.8628;1.268;2.1097;2.0024;1.7317;0.046791;0.1814;0.65059;1.8654;3.0723;0.84658;1.3411;2.9569;0.65834;0.19985;0.20439;0.49111;0.25241;0.13421;0.061233;2.2449;0.32707;0.96218;1.2634;0.66672;5.1597;1.1884;0.7048;0.29051;3.0448;0.80147;0.80256;0.1902;1.5703;0.90082;0.40441;0.27182;0.62165;0.39758;1.4648;0.035777;1.1538;2.1342;0.0095136;1.2166;0.25585;1.0144;1.4553;0.12477;1.3485;0.56594;0.70389;0.0043396;0.87919;7.3348;0.027302;0.54803;0.63826;0.051104;2.4577;1.2247;1.2986;0.27677;1.9912;1.4642;1.0804;2.8488;0.60617;0.6692;2.1042
44;0.018439;1.0826;1.8063;0.81115;0.109;0.4196;0.65133;0.40369;0.71519;0.80253;0.6496;0.32147;1.2798;0.39373;0.92287;1.2054;2.2062;0.46326;0.73347;0.91453;1.029;0.014417;2.0653;1.7147;0.019313;0.11712;0.19773;0.37218;0.72815;0.3703;0.89498;1.4249;0.55737;0.65782;0.69817;0.74004;0.14068;0.65151;0.32047;0.27393;2.0119;0.19805;0.60768;0.14469;1.8544;0.9974;2.4213;1.6267;0.078586;0.32489;1.0753;0.019959;0.23054;1.197;0.46315;0.65953;0.061061;1.5741;2.6898;0.08939;0.15093;4.7937;0.69346;0.51166;1.1388;2.9893;0.64882;0.72894;2.6438;0.45384;0.6293;1.0548
45;0.0035555;5.1828;0.9581;0.52003;1.2096;0.91474;2.351;1.5938;0.57074;0.57055;1.1205;1.3147;1.005;0.46208;2.135;0.11089;0.42121;0.82994;1.0353;2.3605;0.63796;0.03356;1.5354;0.57087;1.2408;1.9887;1.687;0.25291;1.1781;0.37757;3.4299;4.1386;0.71951;0.83467;0.80656;0.41206;1.2483;1.0851;0.23447;0.70429;0.20376;0.15176;1.3303;0.92919;0.74973;0.065558;1.2373;1.0807;0.10739;0.21637;0.24217;1.7857;0.81436;0.32913;1.3432;0.89829;1.3187;1.7567;1.1444;1.1246;0.30421;0.4783;0.068449;0.55423;0.47433;0.12259;1.4043;0.44946;0.80134;0.90579;0.62945;0.51148
46;0.00081088;0.90426;5.7245;2.3042;0.051494;1.8098;0.35369;0.19869;0.21467;1.312;2.397;0.11212;0.48301;0.28158;1.6614;2.7476;0.20966;0.75347;0.59664;2.229;4.5413;1.0775;0.43866;2.0195;1.4591;1.1752;3.2526;1.5428;0.17849;0.50021;1.212;1.6453;2.3644;1.0851;1.6051;0.070806;0.73756;1.2607;0.92727;0.6424;0.5641;2.6722;0.064292;0.65521;1.253;0.37929;1.2894;3.5345;0.010286;0.044538;0.13683;0.043228;1.5078;0.34263;0.026981;1.5858;0.030196;0.35172;0.80257;0.097259;0.48651;0.47648;0.2013;0.73245;4.5536;1.2148;0.85585;1.2735;2.8067;1.4535;3.2678;0.19518
47;0.0090791;0.52635;1.0491;0.4828;0.083195;1.9606;1.4201;0.19417;0.0097272;0.052898;0.52983;2.5724;0.47943;0.27339;0.26994;0.72267;0.69345;0.53848;0.78561;0.0012245;0.49935;0.12767;3.7044;0.37267;2.2586;0.33592;4.1933;0.78071;0.27623;0.86686;0.45702;0.21714;1.5409;1.8142;0.39236;1.6371;0.39238;1.6466;0.16151;0.72637;0.56968;0.82472;1.0108;1.1326;0.5956;0.72635;2.9758;0.99751;1.6394;2.2315;0.50412;2.7738;2.7524;0.34997;0.073447;0.63474;2.6819;4.1941;0.037469;0.42853;0.010329;0.55897;0.06714;1.3025;0.24959;1.3723;1.4991;1.0856;1.0068;0.17115;0.30086;0.058742
48;0.0036449;2.549;0.46839;1.2457;0.2312;0.20585;0.81545;0.74237;0.6022;1.2874;0.84245;0.37445;0.4319;0.90746;0.72753;0.92699;0.95076;3.3932;0.99075;0.76045;1.7743;2.0079;2.1484;1.3624;1.2258;1.0264;3.3911;0.33315;0.014254;0.37683;0.44207;0.76628;0.61752;1.7417;1.9962;0.16286;0.048311;0.26095;0.69865;0.66029;1.5004;0.12528;0.22202;0.13735;0.61435;0.44591;1.2887;0.17046;2.5932;0.03201;0.61713;0.092756;0.99509;0.059497;0.11659;0.75057;3.2014;0.080959;1.7531;0.61529;0.21046;0.75007;3.6674;0.031608;0.46425;1.1202;1.0981;0.81585;2.2149;1.8017;0.0037643;0.076217
49;0.017874;1.8041;1.9974;4.196;0.83204;0.14511;0.071704;0.95878;3.4511;0.91179;0.49567;0.99237;0.5275;0.89333;0.091506;0.86266;2.3376;0.20554;0.14333;0.36726;0.11523;2.9345;0.67193;3.0444;0.026469;0.2725;0.63199;1.1587;0.76925;0.81789;0.5978;0.90169;0.32932;1.4322;0.069544;1.7039;0.18806;1.313;3.2824;0.31267;1.3553;0.070741;0.24459;0.50138;0.066421;0.32879;1.9689;1.7853;0.53279;0.64534;0.31512;0.7612;0.2826;1.4536;0.64455;0.39983;0.46577;1.1396;0.2902;1.1659;0.099316;2.9016;1.6903;1.3699;2.0584;0.14438;0.94848;0.23552;0.77298;0.57432;0.52337;0.90136
50;0.0015149;2.0225;0.31431;0.32508;1.5655;1.5127;0.022634;1.6339;1.0354;0.2291;0.37654;0.29163;2.3969;0.30437;2.8375;0.32963;1.1283;0.78659;0.071095;1.1315;1.6278;0.14649;0.27332;0.55798;1.4136;1.5194;0.1496;1.2616;0.22375;1.9135;0.087156;2.635;2.1309;0.41905;0.044688;0.73188;2.1097;0.035068;1.0376;1.4103;0.035457;0.64563;0.22098;1.9704;1.4767;3.3951;1.5487;0.1397;3.441;0.34798;0.60159;1.9794;0.7055;0.92744;0.84543;1.5462;0.77036;0.20895;0.16755;0.87364;0.89193;0.61965;0.69848;2.1287;0.13593;1.8368;0.91927;0.20573;1.5598;0.12333;0.33825;0.44245
normalized population
1;-0.012374;-0.62689;0.17655;0.093933;1.3994;-0.39867;-0.40456;2.4616;2.2429;0.87;-0.82262;-0.49773;-0.20903;-0.026877;0.30251;-0.83308;-0.55102;-0.049521;-0.40089;-1.0627;-0.99414;-0.2571;-0.3473;0.41267;-0.25618;0.52363;2.044;-0.13991;-0.88698;0.20898;0.16872;0.22485;-1.0568;0.20618;-0.69639;-0.75583;-0.65802;-0.85853;-0.15841;0.85187;-0.066235;-0.68147;0.23722;-0.40039;-0.74986;0.030569;-0.68691;-0.6188;-0.097449;1.958;1.5784;-0.77327;-0.80008;-0.70609;0.40589;1.6287;-0.58322;-0.35716;0.56264;0.060399;-0.82127;-0.411;-0.1343;-0.74474;-0.9134;-0.71153;-0.58536;-0.80175;-0.90258;-0.43635;-0.92341;-0.22774
2;0.022899;-0.4771;-1.2191;-0.4303;-1.1312;0.12731;-0.49903;-0.68132;-0.39176;0.38833;-0.92824;-0.41487;1.9434;-0.49614;0.23844;-0.46492;-0.69905;1.2691;-0.69485;0.086477;0.51991;-0.17969;-0.59556;1.5492;-0.029781;0.90397;-1.0566;1.7299;0.057023;0.0049348;-0.43828;-0.48442;-0.62414;6.0871;1.4177;-1.2537;-0.52209;-1.0577;0.83642;-0.78862;-0.77431;-0.7988;-0.58625;0.64185;-0.33717;-1.1156;-0.40474;-0.89468;0.94468;-0.63281;-0.8324;-0.13114;-0.77654;-0.82481;0.2054;-0.78826;-0.14544;-0.41976;1.0891;0.81888;-0.75996;0.26511;-0.86769;1.3813;1.0815;1.0666;0.30505;0.92492;0.79717;-0.64681;-0.062995;-0.63659
3;-0.0062716;-0.87691;0.10052;-0.43207;-0.80867;-0.81528;-0.36702;-0.44965;1.2055;-0.61315;1.006;-0.26386;-0.14553;0.36047;-0.68399;2.4007;1.1998;-0.63856;-0.43582;-0.0029011;-0.20841;-0.61906;0.34987;-0.28812;2.9586;-0.2651;0.68782;0.00028756;0.39356;-0.37838;2.2439;-0.75664;-0.45955;-0.99193;2.0836;-0.49335;-0.13085;-0.49288;0.98553;-0.86588;-0.8877;0.095885;0.99659;2.1707;0.42078;0.68042;-0.23441;-0.70603;0.28821;0.031356;-0.24248;0.4201;-0.31948;1.3453;2.2396;0.11442;-1.1686;-0.23238;0.20904;0.40614;-0.713;-0.64723;0.32347;0.32833;-0.58873;-0.30878;-0.74353;1.1449;-0.55266;-0.53318;-0.66596;-0.48743
4;0.0058374;-0.27168;-1.209;-0.39944;-0.72359;-0.44755;-0.56773;-0.55371;-0.6096;-0.71036;-0.89624;0.65872;-0.48812;-0.71089;3.279;-0.97403;-0.39299;-0.73311;-1.0236;-0.82279;0.98769;0.36366;-0.58117;-0.27343;-0.33152;0.52814;1.9852;1.0987;-0.078471;-0.91469;-0.65782;-0.82681;2.947;-0.67667;-0.39319;-0.97928;0.35601;0.58682;-0.92444;-0.8872;-1.0167;-0.48822;-0.88381;0.015893;-0.50707;-1.0486;2.3035;-0.78166;0.48944;-0.64221;0.34655;-0.46238;-0.72229;-0.73725;-0.73577;0.60688;-0.28811;-1.0014;-0.90277;-0.16223;-0.84933;0.56173;1.1214;-0.51738;-0.10432;-1.1824;-1.05;-0.78585;-0.62868;-1.0313;-0.88501;-0.7481
5;-0.013259;1.1402;-0.84343;-0.6319;0.051917;-0.73744;0.11282;0.01612;0.093574;2.4979;-0.71547;-0.46943;-0.5319;-0.16576;-0.42556;-0.73956;1.4589;-0.078711;0.27987;3.9434;1.5904;-0.45824;0.68044;-0.89854;-0.019329;1.9248;-1.3289;-0.80513;-0.016138;-0.70775;0.71946;-0.959;0.66363;-0.86104;-1.1456;-0.62685;0.58744;-1.068;-0.63215;-0.92421;-0.40679;-0.63141;1.9191;0.63331;-0.28998;-1.0732;-1.1843;0.26731;-0.69553;2.9283;-0.18439;0.017456;-0.30981;-0.25879;0.22015;-0.72078;-0.71481;-0.9914;0.3246;-0.38315;0.87034;-0.085524;-0.39269;2.2412;0.85085;-0.10691;0.18665;-0.50679;1.5652;-1.1899;-0.9094;-0.32727
6;-0.011009;-0.67406;0.20401;1.2516;1.1669;-0.62353;-0.20129;0.58472;-0.53049;1.5824;-0.97246;0.66099;0.096194;-0.58773;-0.29092;0.94665;-0.31052;1.9384;-0.69892;0.60835;-0.91988;1.5084;-0.68139;-0.77561;-0.19345;-0.66205;-0.88594;-0.28004;3.2458;0.8499;1.9416;0.35328;-0.62341;-0.11814;-0.55996;-1.0742;-0.77407;-0.92379;-0.59256;1.4764;-0.44615;0.70667;-0.19691;0.91096;-0.094523;0.66137;-1.0937;0.44753;0.65865;-0.50343;0.083015;1.0424;-0.074075;-0.69329;0.11724;-0.5443;0.39888;-0.12305;0.37993;-0.42574;-0.6351;-0.63081;-0.70616;-0.35786;-0.25168;-0.2937;1.9734;-0.64429;1.2808;-0.61854;-0.7044;-0.52396
7;-0.011967;-0.63978;0.28607;0.99335;-0.62129;-0.79763;1.0626;-0.9478;1.1866;-0.89553;1.6539;-0.3338;0.28358;0.073643;0.046629;-0.47615;-0.41763;-0.88497;-0.60579;-0.96658;-1.0488;-0.55855;0.56782;-0.93273;-0.15496;-0.75732;-0.86381;-0.83246;0.30212;-0.17704;0.16206;-0.61983;0.0064991;-0.80292;0.66735;-0.67366;1.9689;0.060376;-0.23877;-0.18187;1.26;-0.80163;-0.11819;1.4818;-0.25048;1.432;-1.1581;-0.37178;0.87541;0.52788;-0.37892;0.56606;0.80289;-0.38731;-0.58986;-0.22648;-0.88335;-1.1062;-0.63773;-0.55433;1.5963;1.5386;-0.20459;-0.97754;-0.87031;-1.0346;-1.0203;2.6805;-1.0515;-0.18123;-0.17132;1.2829
8;-0.010734;-0.60805;-1.115;-0.070875;1.3119;-0.79297;-0.47221;-0.50462;0.46062;1.5396;-0.45024;-0.58169;0.013703;-0.51531;-0.53517;0.87391;-0.6881;-0.8509;0.94996;0.21332;0.98771;1.002;0.81681;-0.89913;-1.1039;-0.32585;-0.57971;-0.11588;-0.13825;-0.28482;-0.31539;-0.70001;-0.90731;0.42209;-0.44155;-0.68461;0.72336;0.74737;-0.80076;-0.63893;-0.3446;0.93086;0.3418;0.23057;-0.35499;2.8293;1.2113;-0.12551;-0.58929;-0.45876;0.10268;-0.21864;-0.2778;0.20041;-0.4128;1.2951;-0.04974;0.28511;1.2803;0.26654;-0.89102;0.66545;-0.48469;-0.86397;-0.052754;0.51305;1.6979;1.2312;-0.83601;-0.37747;-0.81292;-0.38002
9;-0.013172;2.8049;1.3962;-0.45319;-0.35763;-0.56178;-0.68098;0.92329;-0.55846;-0.64764;-0.73731;-0.32751;-0.60139;1.2335;-0.12845;0.016423;1.2759;-0.33633;-0.80103;1.1633;1.4627;-0.021441;2.1081;0.64357;-1.135;-0.66722;-0.72258;-0.63994;0.32036;-0.55745;-0.87771;0.12511;-0.046532;1.7725;-0.93264;-0.53227;-0.8684;-0.78229;-0.44219;-0.84724;2.7377;-0.42691;-0.97358;-0.79682;0.78435;-0.7477;1.802;-0.68773;-0.73126;-0.78313;-0.13706;-0.78463;0.30832;-0.88731;-0.75417;-0.33739;0.16557;-0.31971;-1.082;-0.51356;-0.6532;0.51052;-0.59391;-0.42125;-0.91784;-0.44414;-0.8209;0.058669;-0.66251;-0.95691;2.3061;-0.26656
10;0.0037494;-0.57365;-0.3117;-0.41153;2.0263;-0.65574;0.29764;-0.98784;-0.53748;-0.79857;-0.178;0.91206;0.76559;1.6796;-0.16284;0.42828;-0.58505;0.43794;-0.94415;-0.21868;1.2455;-0.38496;0.29941;-0.83678;-0.41442;-0.030258;0.47876;0.9254;2.673;2.8918;-0.51539;-0.098062;-0.41814;-0.62238;0.24408;-1.0366;-0.73259;-0.14643;-0.88299;-0.85751;0.32731;0.0077278;0.92196;-0.08695;0.11731;0.25187;-0.094229;-0.1284;0.75956;0.067187;-0.84299;-0.27646;1.3855;-0.92679;1.0677;-0.75394;-1.1351;-0.31362;-0.82281;0.24407;0.49432;-1.0411;-0.51826;1.6052;0.43477;-0.2181;-0.44687;0.99012;-0.59903;-0.63365;-0.4894;-0.76049
11;0.0017022;-0.81719;-0.57869;-0.68629;0.020227;0.30403;0.27558;-0.99391;0.60748;0.7788;-0.52628;-0.91554;-0.54336;0.42208;-0.65749;0.81289;-0.19731;1.1194;-0.70032;-0.79355;-0.96491;-0.4455;-0.29555;-0.46888;0.3607;0.74871;0.95642;0.88775;-0.78482;-0.193;-0.88493;0.18257;1.2145;-0.9782;-1.0199;-0.56474;-0.92341;0.68284;0.30067;0.17732;2.7577;-0.54958;-0.75235;1.4352;0.7064;-1.0677;-0.86776;-0.90994;-0.27759;0.49051;-0.35392;0.37017;-0.15494;-0.049732;-0.87719;-0.44266;1.7;0.77814;1.4741;0.48672;-0.68533;0.051538;0.32137;-0.7333;-0.90131;-0.93999;-0.8469;0.31127;-0.69555;-1.1557;-0.127;0.073399
12;-0.0050418;0.67148;0.90228;-0.21163;-0.39409;0.060988;0.33147;-0.46043;-0.05941;2.5584;-0.99655;0.28457;-0.049263;0.10562;-0.84851;0.35128;-0.91467;-0.43338;-1.0105;-0.011672;-0.71551;-0.78078;0.32743;0.78722;0.25573;0.96874;-0.93425;-0.42093;0.24734;0.59251;-0.9091;1.8643;-0.64091;-0.08672;2.4545;3.9584;-0.82404;-0.43915;0.039937;0.41594;0.52641;-0.51526;-0.8585;-0.41701;0.01865;0.19636;-0.72378;-0.42372;-0.89252;-0.38611;-0.44216;-0.39092;-0.19508;0.59055;2.4852;2.4562;0.40015;-0.30463;0.10359;0.21018;0.60553;-0.58016;1.5253;1.0869;-0.91144;-0.17764;1.4188;1.2338;0.3143;-0.67053;1.5643;0.67979
13;0.012261;-0.5405;-0.21599;-0.78915;-0.79578;2.6904;0.37407;1.0977;2.5669;-0.63319;-0.1401;1.1266;-0.26067;0.60008;-0.77924;0.72089;-0.14813;-0.080889;2.7834;-0.1912;-0.91361;1.9809;-0.46194;0.10076;1.362;-0.57707;-0.31567;-0.1073;-0.27664;-0.42397;1.1964;2.7833;2.3565;-1.0256;-0.9484;-0.24269;-0.22386;-0.36805;-0.97378;0.011356;-0.53642;1.0124;-0.63101;-0.61859;-0.97866;-0.96927;-0.48308;-0.8103;4.6112;-0.81043;-0.35106;-0.15845;0.018978;2.5197;-0.051468;0.67131;-1.0148;1.8647;-1.0155;-0.00045475;4.7944;0.012242;1.885;-0.83498;-0.43784;1.5864;2.3214;1.1485;2.4359;1.5407;2.7397;-0.71402
14;-0.010485;-0.46323;0.015588;-0.65096;-0.82414;-0.61009;-0.026249;0.68633;-0.032696;-0.64253;-0.19661;0.41874;-0.33269;0.43415;0.27179;0.23487;0.070847;-0.60041;2.9867;-0.52999;1.6639;0.34653;1.5386;-0.75956;-0.99131;-0.30289;2.1425;-0.701;0.24601;0.21297;-0.56395;0.36096;-0.63948;3.2643;2.2079;1.2908;-0.59607;2.9169;-0.80721;0.065292;-0.917;4.6351;-0.81288;-0.85356;-0.85122;0.96093;-0.0051066;-0.58175;0.21704;-0.70654;2.4549;-0.090443;-0.40988;-0.36518;1.2588;-0.71481;0.15132;1.1037;0.27595;-0.4276;-0.69085;-0.52981;-0.60833;0.32803;4.2806;1.9623;0.037437;0.5691;-0.15469;1.3745;1.0999;-0.16157
15;-0.010823;0.47429;-0.7191;1.5629;0.58137;-0.28011;1.023;-0.43223;0.13063;-0.12493;-0.23743;-0.75672;1.552;-0.4854;2.2701;4.158;2.4904;0.82089;0.99682;-0.40195;-0.49004;-0.40095;0.59065;-0.68648;-0.7568;-0.34951;-1.2876;-0.78526;-0.86373;0.46138;-0.40573;-0.31267;0.80206;0.45036;-0.37063;-0.58935;0.38467;0.26301;-0.6869;-0.52923;2.3948;-0.76359;-0.67751;0.081123;0.45981;-0.2489;-1.1557;-0.91844;0.39043;-0.093194;-0.44167;1.5751;-0.2026;-0.308;-0.56726;-0.84592;2.2316;-0.55256;-0.57787;-0.37587;-0.32153;-0.047465;-0.91169;-0.14344;-0.03061;1.1477;-1.0199;0.27402;-0.85949;-1.0951;-0.25809;-0.67931
16;-0.0093766;-0.53194;4.1266;-0.38509;1.7501;-0.1903;0.22092;-0.18238;0.10519;0.78727;-0.95476;-0.82392;0.35706;-0.58275;-0.55316;-0.51835;-0.76698;-0.83055;-0.99742;3.7933;-0.68664;-0.47641;0.067103;-0.47268;0.026191;1.5361;-1.2196;-0.35055;0.093764;0.88969;0.12169;-0.37906;-1.0104;-0.905;-0.097833;-0.45745;2.3165;-0.46511;-0.92683;-0.81766;-1.0894;0.11668;-0.029956;-1.1132;-0.78932;0.46928;-1.1024;-0.36219;0.42673;-0.58638;-0.097212;0.54796;-0.42081;-0.41871;0.8008;-0.80005;0.50293;0.52255;2.88;1.0758;0.74302;-0.74694;3.9101;-1.071;-0.64811;-1.1645;-1.0518;-0.73635;1.5548;-0.48859;0.83436;-0.15834
17;0.0033789;-0.54494;3.7945;-0.42095;0.83546;-0.81519;-0.25582;-0.56743;-0.67122;-0.72651;0.06082;1.066;-0.20324;0.34237;-0.55041;-0.44792;1.1709;-0.17541;-1.0228;-0.1715;-0.82748;0.085395;0.35054;-0.48352;0.33136;-0.44933;-0.15035;-0.28085;-0.73866;-0.96634;0.14454;-0.72785;-0.18791;-0.747;-0.49939;2.553;-0.3447;2.8856;-0.7264;0.54638;-0.62791;-0.58209;1.8442;-0.57964;-0.46535;0.71436;-0.015897;1.6839;-0.67547;-0.72279;-0.46636;-0.73627;-0.75677;0.047736;-0.56611;-0.70912;-1.1124;-0.55261;-1.0775;-0.22924;-0.24414;0.31953;0.26229;-0.78401;1.6535;-0.94973;2.2085;-0.53353;0.72779;-0.58761;0.20753;-0.54107
18;-0.0012375;-0.77509;0.83225;0.82657;-0.86362;1.4354;-0.22145;1.2326;-0.48636;-0.73882;0.97891;2.5929;0.86745;-0.63091;0.62655;-0.57744;-0.68447;-0.88633;-0.93816;-1.0381;-0.24548;-0.52146;-0.010676;-0.86681;0.050808;-0.52992;-1.1452;-0.88301;0.3581;-0.79587;-0.22665;-0.85006;-1.0677;-0.82507;0.35345;-0.49348;-0.56869;-0.70545;0.9007;-0.81435;0.26963;0.25508;0.47965;0.15964;-0.64099;-0.25645;1.9946;-0.39155;-0.62275;-0.14641;-0.67215;-0.79046;-0.86856;-0.953;-0.77113;-0.22042;0.66091;1.5625;1.7009;-0.13567;1.6765;1.0061;-0.82314;1.8709;-0.88849;0.080362;-0.5449;-0.70784;-1.0434;0.94461;0.63139;0.14582
19;0.001404;0.76395;1.0745;-0.083189;3.3291;-0.16731;-0.38178;-0.78927;0.099939;-0.19808;-1.0151;-0.48843;-0.18009;2.3664;-0.38117;-0.59633;2.1388;-0.21989;-0.68525;-0.49898;-0.16238;0.7084;-0.68236;-0.83668;0.17901;-0.35702;-1.2557;-0.38285;-0.291;-0.79321;0.67769;-0.57362;1.9728;-0.95286;-0.72522;-0.99631;0.83898;-0.3933;0.403;-0.50008;0.13658;1.3424;-0.018257;0.13129;1.0268;-0.462;1.5113;-0.65829;-0.85924;-0.2002;0.80801;0.90647;2.1199;1.5865;-0.70385;-0.42512;-0.027582;-0.49395;-0.15081;0.63479;0.20265;1.681;0.3477;-0.53665;-0.17292;-0.08597;-0.98227;-0.39422;-0.53998;-0.99499;-0.45629;0.31098
20;-0.0019369;0.048785;-0.93716;-0.16935;-0.9647;-0.82101;-0.42249;0.88663;-0.72066;-0.70811;-0.091511;-0.46215;-0.55822;-0.47983;0.76388;0.23748;0.24363;0.43464;0.31108;-0.61543;0.66054;1.0063;-0.64521;1.5918;-1.336;-0.3829;-0.15178;0.33809;-0.010724;-0.22069;1.2865;-0.0048534;-0.96011;0.40611;-1.049;-0.88986;0.10083;0.31589;-0.62465;1.7264;-1.0314;0.75236;-0.50662;-0.97058;-0.6216;-0.4258;1.4168;-0.31612;-0.73341;0.024884;-0.48492;-0.57875;-0.48291;1.5465;0.48905;0.29552;-0.56301;-0.87827;0.0024044;0.4019;-0.5744;0.65689;-0.46818;-1.0594;1.1335;-0.3374;-0.79925;0.69143;-1.0977;-0.6334;-0.76115;0.065344
21;0.036872;-0.32482;-0.96972;-0.82262;-0.24422;0.91229;0.39152;0.90231;-0.46315;0.51766;-0.6733;-0.23734;-0.53921;-0.14712;-0.41891;-0.9504;-0.60725;0.95107;-0.55852;-0.052019;-0.83759;-0.19429;0.13213;-0.84588;-0.31692;-0.41035;-1.0487;1.5548;-0.83484;0.33301;2.3615;-0.65534;0.086309;-0.77137;-1.0295;-0.77469;-0.67235;-0.87868;-0.080324;0.51529;-0.061857;1.2882;1.0692;3.6333;-0.88959;-0.53486;-1.0892;-0.40511;0.22405;-0.46817;0.36265;-0.27563;0.21173;2.6311;-0.10773;-0.81644;0.15478;0.44638;-0.57874;-0.40936;-0.97112;1.689;-0.89018;-0.47596;-0.58645;0.27921;-0.64428;-0.91394;-0.74891;-0.75242;-0.45818;0.13836
22;0.020913;0.024406;-0.49074;-0.74416;0.066451;0.81949;-0.10458;-0.67827;-0.54297;-0.85067;3.374;0.64505;-0.65056;0.021347;-0.74648;-0.98173;-0.58904;-0.070903;-0.50816;-0.82151;1.2628;-0.16536;-0.7245;-0.91894;-0.91086;0.26978;0.48301;1.7513;-0.53561;-0.88417;1.1933;-0.29847;-0.14933;-0.95848;-0.28117;3.4029;-0.34263;0.060717;1.2775;-0.97279;2.3052;-0.79929;0.67567;1.0469;-0.41966;-0.36219;-0.63698;-0.8362;-0.095609;1.5131;-0.84743;0.6694;1.8802;-0.80245;3.1334;-0.21853;-0.11773;-0.84949;-1.0977;-0.39594;-0.88457;0.1819;-0.63354;-1.0723;0.33015;-1.1943;0.60891;-0.93424;-1.0386;-0.58023;-0.80787;0.51279
23;-0.012058;-0.88469;0.37108;0.07738;0.19853;-0.30486;1.8826;2.5459;0.16107;0.046958;-0.70173;-0.95359;-0.63081;-0.10877;-0.7976;-0.42143;0.19913;-0.80805;-0.44969;-1.0089;-0.027484;-0.055203;-0.083342;0.23793;-1.1241;0.71508;-1.1034;0.6196;-0.54335;-0.54341;-0.33782;-0.72126;-0.73945;0.22511;2.2247;4.7843;1.0563;4.3919;-0.40682;3.4315;0.17007;-0.84122;2.4375;1.2249;-0.97846;-1.1325;-1.069;-0.75175;-0.82293;0.40418;6.0661;-0.69057;-0.57402;-0.43585;1.4687;0.95244;1.0528;-0.29355;-1.057;-0.19966;-0.44107;-0.98794;0.60645;0.30663;0.29032;0.11144;-0.751;1.949;-0.77431;-0.085466;-0.91946;0.011034
24;0.0051701;-0.56924;1.3132;-0.5913;0.43178;1.27;-0.72725;-0.30122;-0.55569;-0.81639;2.3985;-0.91515;-0.51558;-0.39297;0.45782;1.5884;-0.24484;-0.67573;-0.41232;1.5259;-0.2022;-0.32601;-0.41161;-0.76842;0.5334;-0.60443;1.9874;-0.18094;0.11122;-0.67188;0.23317;-0.56659;-0.88063;-0.10686;-1.1137;-1.1788;0.11699;0.55146;-0.88882;-0.74511;-0.49398;-0.029852;-0.94364;-0.21751;-0.96427;-0.45907;0.448;0.26029;-0.5007;-0.091191;0.77367;0.42357;0.42566;0.78533;-0.37483;-0.89206;0.65045;0.4033;-1.0056;-0.63192;3.0723;-0.94668;0.36899;-0.9244;-0.086592;-0.63511;-1.0685;-0.77874;-0.26758;1.4179;0.237;0.55969
25;-0.012768;-0.49465;0.28667;1.586;0.40807;-0.58063;-0.37994;-0.10327;-0.36626;0.54467;-0.12977;-0.47668;1.236;1.2275;0.30142;1.1004;-0.78644;0.54815;-0.41325;1.5884;-0.94996;-0.0028281;-0.83525;-0.72302;1.1157;-0.41765;-1.1728;0.16387;1.4434;0.51989;0.15186;0.69739;-0.2132;-0.35215;0.11166;-0.66097;-0.75309;-0.23162;0.21875;0.29898;-1.0098;-0.3635;-0.55973;1.0874;-0.33328;2.9792;1.2493;-0.18503;-0.58156;-0.8159;1.135;-0.27365;0.3059;-0.76423;-0.78946;0.0067105;-0.0054602;-1.0456;-1.0939;-0.35574;-0.54537;-0.44988;-0.99403;0.32181;-0.027376;-1.019;0.44858;-0.047428;-0.48379;1.4415;-0.40765;0.36407
26;0.030478;-0.89118;-1.091;-0.61824;-0.43425;-0.5294;-0.52315;0.17283;-0.54511;-0.5258;-0.82358;-0.30779;-0.50293;0.11715;0.081326;-0.41732;-0.76404;-0.018447;-0.38032;-0.83996;-0.82652;-0.68325;-0.34581;-0.70948;-1.0815;-0.72237;-0.40462;-0.96669;-0.70316;-0.031522;-0.46194;-0.65191;2.4212;5.0063;1.6294;0.096494;-0.56645;-0.88973;0.86238;-0.77654;-0.30339;-0.66904;-0.33446;-0.85019;-0.63988;3.7627;-0.50765;0.29351;-0.41532;0.28878;0.08684;-0.39463;-0.80952;-0.52228;0.21891;-0.39575;-0.50061;-0.54244;0.85199;-0.15771;1.2385;0.83037;3.5757;-0.53578;-0.90636;-0.90854;0.19913;0.80404;0.48848;0.94103;-0.36596;0.38924
27;0.0046161;-0.85254;-0.88158;-0.094419;1.346;2.7037;0.80846;-0.96707;-0.23211;0.71619;-0.015195;0.55649;0.19841;-0.085927;-0.75269;-0.23262;-0.59503;1.9402;2.6802;0.30567;1.635;-0.70352;-0.808;-0.86458;1.3514;0.43023;1.8228;1.6075;-0.51572;-0.18998;0.076113;-0.25168;1.4146;-0.3213;-1.0619;0.31438;-0.60216;0.7832;-0.016345;-0.57258;-0.26492;-0.73133;-0.45041;0.89788;4.9423;-0.4069;-0.67305;-0.55644;-0.86911;-0.068162;-0.74402;-0.80429;1.0971;-0.043489;0.99905;-0.27333;-0.29735;0.63363;3.6939;-0.45468;0.62123;-0.56927;-0.84125;2.1376;-0.76647;2.1957;-0.68433;-0.13901;-0.26419;-0.12407;-0.37339;0.65298
28;-0.013796;1.1623;-0.42702;-0.70502;-0.81435;0.41339;-0.22792;-0.88755;0.45077;-0.30558;1.8414;-0.55366;0.19027;-0.58149;0.27746;-0.76013;0.041455;0.96795;-0.29256;0.29592;-1.0525;0.076642;-0.56344;1.9333;-0.089187;0.71896;1.11;-0.5205;0.28236;-0.6341;-0.88263;-0.88726;1.6001;-0.91397;-0.47546;3.3505;1.3699;-0.62457;2.0301;-0.81327;1.0017;-0.75006;0.48434;-0.69829;-0.15159;0.16189;-0.11013;-0.83142;-0.83167;-0.57926;-0.18679;-0.28916;-0.7165;-0.018234;-0.86423;-0.19407;-0.39859;-0.18944;-1.0893;-0.64342;-0.946;0.48484;-0.92507;-0.49387;-0.6088;-0.26707;-1.0379;-0.62651;-1.0324;-0.36506;0.19991;-0.7006
29;-0.0081801;0.82253;-0.60894;0.70296;0.12444;0.37623;1.8708;-0.34654;-0.19453;-0.52953;-0.97409;-0.15112;-0.14098;-0.68594;-0.86338;-0.8902;1.6382;0.80865;-0.70505;-0.87563;0.65556;0.76682;-0.90701;-0.086719;-1.3647;-0.35921;-0.077165;-0.87626;-0.90396;-0.62039;-0.073613;-0.91928;-0.91207;-0.51948;3.0265;-0.44552;0.25143;-0.22039;1.5355;-0.14836;-0.5334;-0.24583;-0.62567;-1.1307;-0.87165;0.042715;-0.67736;-0.060347;0.16299;0.17043;-0.65056;-0.18266;0.097835;-0.53466;0.87926;0.14308;-1.1294;0.82874;-0.91681;-0.46099;0.38045;-0.17751;-0.43834;-1.0742;-0.61254;3.2742;0.52934;-0.80228;-0.88201;1.6027;0.26615;-0.51069
30;0.0472;-0.84182;0.22295;1.7051;0.31786;-0.095489;-0.77371;0.57081;0.50293;0.22707;-0.9936;-0.83989;0.28527;0.17731;0.43899;-0.97442;1.5618;-0.16679;0.71889;-0.85443;-0.7937;0.74945;-0.28324;0.047597;-0.063066;-0.43884;-1.2713;0.5296;-0.59644;0.036845;0.89614;-0.35421;-0.94804;-0.35481;0.37847;-0.11246;0.6806;-0.64485;-0.79713;-0.58439;-0.64947;-0.14892;2.5857;1.0333;0.41131;-1.0074;0.0074809;3.6823;0.13187;-0.66914;-0.90071;0.80209;-0.52948;-0.077951;-0.78487;2.9295;-1.0566;-0.8323;3.0042;2.0819;1.3361;-0.64027;0.18531;-0.74879;0.75936;-0.43962;-0.97484;-0.53487;-0.19677;-0.56063;0.54735;0.99224
31;-0.013503;0.57121;-0.78511;-0.78739;-0.25869;-0.71898;-0.62824;2.0164;-0.70211;-0.27006;-0.97041;-0.78898;0.81689;1.3776;-0.30848;-1.0422;-0.30107;0.52482;1.6224;0.21699;-1.1209;-0.66491;-0.57174;0.50392;-1.0256;-0.46333;-1.1647;-0.94247;0.54565;2.8329;-0.79184;-0.7789;-0.98185;0.94886;-0.553;-0.061425;0.79997;2.3628;-0.030202;0.10545;0.97701;0.59648;-0.35563;-0.48663;1.9647;-0.95951;-1.0006;1.0343;1.2541;-0.4318;-0.098923;-0.28403;-0.80406;0.65855;-0.7834;-0.84022;-0.0070732;-0.074956;0.71543;-0.13727;1.8705;0.11392;-0.93681;-0.54789;-0.8615;-0.74199;-0.089935;0.10711;-0.25876;5.6789;-0.75818;1.0143
32;-0.012217;-0.77432;-1.1002;-0.7443;-0.60195;-0.12963;0.61071;-0.51086;-0.16505;0.2524;2.4892;-0.40067;-0.68359;0.33612;-0.78881;1.0402;-0.83013;-0.74238;5.3771;-0.92206;-0.36805;0.28756;-0.67995;-0.51942;-0.22711;0.11613;0.29853;0.13804;-0.55752;-0.25328;-0.66598;-0.84614;0.37957;-0.27638;-0.83321;-1.0542;-0.2356;-0.85941;-0.33688;1.0803;-0.9285;2.1883;1.0527;-0.68478;-0.76595;-0.54704;-0.42996;-0.37653;0.89601;-0.68393;-0.68182;-0.46505;-0.32147;2.1998;-0.88169;0.03266;-0.96818;-0.46948;-0.75697;-0.58865;-0.17263;-0.79871;0.3804;-0.41812;-0.75852;-1.0523;1.2476;-0.76694;-0.11795;-1.1734;-0.42317;-0.50404
33;-0.0082815;0.34406;0.28697;-0.58554;-0.76235;0.12881;-0.72264;-0.14145;0.37018;-0.87186;-0.98999;-0.52676;-0.59799;-0.43103;-0.036525;-1.0715;-0.075304;-0.61961;-0.84438;-0.75193;-0.37871;0.17163;-0.67704;0.65346;0.21628;-0.59335;1.0614;-0.80487;0.24474;0.043954;-0.28553;-0.28027;-1.0112;-0.4737;1.9583;2.7836;0.58418;-0.40423;-0.93164;1.2894;1.1097;-0.037572;-0.33809;0.73539;2.3423;-0.97109;1.0017;0.39536;-0.44938;0.42717;-0.21574;-0.58283;-0.78532;0.41976;-0.31044;-0.054156;-0.2056;1.3515;-0.63824;-0.22211;0.42464;-0.43174;-1.011;-0.24263;0.56837;-1.1805;-0.64564;-0.74716;0.38787;-1.0735;0.37252;0.70979
34;-0.0020684;-0.55062;-0.23001;-0.35738;-0.36367;-0.73535;-0.76102;0.26425;-0.40434;-0.32636;-0.13148;-0.51875;0.1741;-0.55795;-0.43522;-0.043491;-0.82042;-0.87643;-0.72032;-0.86376;-0.47;-0.73256;-0.3139;3.772;0.19765;1.0421;0.43411;-0.011497;-0.82489;0.4165;-0.63527;0.53574;0.020088;-0.45797;-0.043683;-0.93991;2.7551;-0.62406;0.47974;-0.93945;1.1378;1.2955;-0.36939;-0.73044;-0.96268;-0.53392;-0.33243;0.80716;-0.062435;-0.17129;1.3218;2.06;0.71771;-0.25505;1.096;-0.91364;0.81793;-1.0103;-1.0566;0.069429;-0.91481;-1.0597;-0.36884;0.60754;-0.32759;-0.36055;-0.30509;-0.87602;-0.20819;-0.29315;0.82159;3.0726
35;0.0043185;0.26559;-0.85217;-0.38647;-1.0095;-0.055355;-0.18666;-0.34399;-0.66138;-0.10227;0.11738;0.90451;-0.65043;-0.58241;-0.52297;-0.098246;-0.83205;-0.20588;0.93468;-0.63351;-1.0542;-0.71996;-0.32409;-0.97647;1.2131;0.31543;0.41175;-0.62414;-0.028602;4.6452;-0.79145;-0.68618;-0.070708;-0.51111;0.0016422;0.050231;-0.34311;0.31867;1.1137;-0.59286;-0.41295;-0.47377;0.16317;-1.2729;-0.71353;-0.76268;-1.1776;0.41965;-0.56002;1.2086;-0.6555;0.68816;0.62509;-0.74178;-0.53092;0.48201;-1.1151;-0.55601;-0.44691;-0.5976;2.2643;-0.49802;-0.15011;-0.77996;-0.92202;-0.23786;-0.4435;0.23822;-0.72315;1.2554;0.653;-0.73217
36;-0.011367;-0.7374;-0.68742;-0.79955;-0.021625;-0.8154;-0.31416;-0.10155;-0.79545;0.86579;-0.45695;0.58198;0.22181;-0.50222;0.27318;-0.96866;0.14354;0.39485;1.1292;1.4024;-1.1102;0.58778;-0.53787;-0.46796;-0.54863;0.38034;1.4677;-0.89283;0.23479;-0.8839;-0.9018;-0.96678;-0.95699;-1.0208;-0.19596;-1.1532;-0.51175;-0.57297;1.4977;0.74798;-0.40153;-0.63833;-0.57252;0.39527;0.75685;2.5777;-0.92803;1.1766;0.13158;-0.03278;0.092018;0.35839;-0.1272;0.42265;0.10153;0.10241;0.33495;-0.28378;0.51686;0.14976;-0.18068;-0.014;-0.006133;0.14339;2.5193;2.9436;0.51842;-0.44605;-0.7116;1.341;1.8982;0.52175
37;-0.0088595;-0.76363;-0.74894;-0.45258;-0.01608;0.018801;-0.63952;0.39449;0.75868;1.0592;-0.44396;-0.49845;-0.045434;0.075819;-0.028807;-0.73625;-0.15951;0.49427;-0.83435;-0.34385;-0.42048;0.021766;-0.29102;0.16252;-0.57825;-0.79167;-0.19691;-0.39351;-0.27741;0.66783;-0.38374;1.263;-0.050645;-1.0386;-1.0527;0.1313;-0.79565;-0.18652;0.18031;0.89939;-0.11178;-0.80141;-0.81692;1.1484;-0.051655;2.5738;-0.77584;0.077717;-0.42039;-0.2053;-0.69704;-0.44278;-0.34927;-0.90662;-0.13945;-0.73096;-0.40228;-0.064601;-0.74677;0.91146;-0.038861;-0.65357;-0.93316;0.91275;-0.81988;0.54094;-0.77599;-0.10093;3.0865;2.1185;0.29157;0.45523
38;0.0012005;-0.56938;-0.99281;0.2284;1.3897;-0.46224;-0.56342;-0.50354;0.066219;0.32872;-0.91103;0.043928;-0.54433;-0.52593;-0.65675;-0.082638;-0.74108;0.32642;1.0658;-0.31523;0.87545;-0.59239;-0.8666;0.13342;-1.1739;-0.64929;-0.50983;0.51708;1.2412;-0.93822;0.033045;1.144;0.18131;0.50767;-1.0499;-1.2455;0.13883;-0.85209;1.4829;1.3217;-0.93068;-0.8213;-0.54995;-1.2015;-0.28617;-0.76351;-0.18145;-0.086282;0.2946;0.5175;-0.51868;-0.45458;1.2619;-0.053045;0.10297;-0.88613;-1.1849;3.4876;1.18;-0.4114;-0.68963;-0.48908;-0.95189;0.3884;-0.027849;-1.1744;-0.91358;0.3086;-0.92512;2.9002;-0.66838;-0.49729
39;0.024723;-0.92933;-0.63443;0.45044;-0.70997;-0.66482;-0.34544;-0.82443;-0.31112;-0.62485;-0.37381;-0.20544;0.19284;-0.12883;0.13006;0.65947;-0.81851;-0.25855;-0.024755;0.60216;-1.1195;0.64763;-0.35239;0.045888;7.9685;0.20028;-1.1718;-0.98796;0.9339;0.074167;-0.35135;-0.37849;0.81481;-0.39659;-0.93582;-0.49543;-0.74172;-0.64608;-0.93101;-0.50107;-0.77133;-0.096029;0.77498;-0.24939;0.30097;0.58258;-0.25665;1.0919;-0.55597;2.4491;-0.88642;-0.56656;-0.83422;0.92275;-0.14058;-0.20853;0.10112;-0.78091;-1.0107;0.70826;-0.74843;0.4851;-0.373;3.1394;-0.55923;0.82456;0.60311;1.028;0.26901;-0.8392;0.49834;-0.5232
40;-0.01337;0.34374;-0.89333;-0.37614;0.21917;0.019503;0.04945;0.050965;-0.55889;-0.45042;5.3061;1.8705;-0.54814;-0.42288;-0.69892;1.9918;0.16438;-0.85789;-0.5541;-0.83207;0.92345;0.21541;1.0062;1.2284;-1.2027;0.11891;0.67106;-0.60785;-0.18237;-0.74596;-0.80154;-0.19114;-0.94381;-0.14191;1.727;0.44159;-0.12843;0.22267;-0.15748;-0.92848;-0.012457;-0.80985;-0.92376;-0.0050234;-0.15059;-0.36304;-0.10032;-0.0015749;-0.064195;-0.27394;0.092602;-0.66859;-0.65773;-0.12442;-0.82949;-0.31897;-0.96202;3.0288;-0.5491;0.45929;-0.61405;-1.0603;-0.20517;0.37831;-0.44106;-1.2008;1.8285;0.59653;-0.26348;-0.40973;-0.88236;-0.25838
41;0.012204;-0.71159;-0.67612;-0.11832;0.0011502;-0.038636;0.84286;0.55811;-0.45136;-0.44671;-0.56755;-0.071638;-0.25969;0.017402;-0.6215;-1.0222;-0.091178;-0.37556;0.15278;-0.12448;0.85518;-0.46051;-0.14393;-0.89942;-1.2068;-0.76059;-0.14914;0.75368;1.3282;-0.74769;-0.14564;1.057;0.19613;-0.66377;0.18024;-1.0775;0.3362;0.55001;-0.34783;1.2771;0.66062;-0.45875;0.89519;-0.93124;-0.43946;-1.0667;-0.32646;0.20163;-0.9208;-0.7936;1.003;-0.4915;1.7093;0.16103;-0.3182;2.827;0.14934;-0.80256;-0.4759;-0.058657;-0.81254;-1.0342;0.72736;0.49279;-0.51046;1.5303;2.1019;-0.63208;-0.055823;-1.1146;-0.12134;0.35692
42;-0.0050468;0.73679;-0.27841;0.37513;-1.1412;0.37205;0.052882;0.17493;0.3919;-0.58771;0.22438;0.05472;-0.1575;-0.12189;-0.49818;-0.090187;0.044076;-0.50712;-0.97355;1.3967;2.8649;-0.23386;-0.57968;1.4422;1.9958;-0.65986;-1.1784;-0.92922;-0.91795;0.046318;-0.3921;-0.72271;-0.74582;-0.54323;0.34129;2.0016;-0.83429;-0.27916;1.1754;2.4209;-0.62338;0.56964;1.1106;-0.96564;0.43292;-0.7835;2.1008;-0.23297;-0.62816;0.28718;0.51735;-0.33451;-0.047099;-0.87726;-0.30342;-0.24202;0.21314;-1.1044;-0.049616;1.014;-0.72679;-0.80036;0.79754;-0.48923;0.69287;-0.75437;0.026171;-0.56464;-0.19268;0.68709;-0.67398;-0.54809
43;0.043616;0.60901;0.60359;0.44333;0.94652;1.1552;0.95335;-0.95969;-0.64782;-0.25349;0.77639;2.1164;0.087331;0.60754;2.0582;-0.43097;-0.72226;-0.69178;-0.53457;-0.82183;-1.0709;-0.72512;1.3304;-0.66746;-0.42359;0.43686;-0.69155;4.158;0.26937;-0.30758;-0.62471;2.0553;-0.31008;-0.28092;-0.9729;0.23973;-0.028921;-0.68839;-0.71718;-0.35125;-0.69693;0.59088;-0.94423;-0.15349;1.1492;-1.1387;0.027796;-0.67158;-0.01316;0.62589;-0.80402;0.51616;-0.37091;-0.26201;-0.94803;-0.043828;6.1456;-1.1081;-0.55712;-0.12417;-0.93267;1.3628;0.19003;0.2047;-0.65252;0.77547;0.35768;0.06243;1.7496;-0.61025;-0.26125;1.2583
44;0.004402;0.14854;0.5471;-0.013502;-1.0541;-0.42764;-0.12701;-0.60279;-0.11403;-0.10156;-0.43942;-0.6345;0.52056;-0.33979;0.024166;0.11607;1.2841;-0.43292;-0.29221;-0.1597;-0.17607;-0.77193;1.1508;0.7202;-1.3665;-0.70945;-1.1605;-0.6295;-0.19084;-0.64207;-0.020243;0.43544;-0.55417;-0.42566;-0.46492;-0.59049;-0.78906;-0.44129;-0.66853;-0.69897;0.91736;-0.67589;-0.37233;-1.1626;0.86941;-0.15081;1.2325;0.69928;-0.94902;-0.50453;0.14651;-0.81242;-0.70631;0.23113;-0.48923;-0.26349;-1.1281;0.4387;1.5846;-0.67304;-0.83284;3.6988;-0.34123;-0.58229;0.20955;1.7736;-0.45773;-0.289;1.5446;-0.76257;-0.30115;0.20894
45;-0.010482;4.2487;-0.3011;-0.30462;0.046502;0.067501;1.5727;0.58734;-0.25847;-0.33353;0.031451;0.35868;0.24571;-0.27145;1.2363;-0.97841;-0.5009;-0.066234;0.0096497;1.2863;-0.56713;-0.75279;0.62093;-0.42367;-0.14496;1.1621;0.3287;-0.74877;0.25914;-0.6348;2.5146;3.1491;-0.39203;-0.24881;-0.35653;-0.91847;0.31852;-0.0077108;-0.75453;-0.26861;-0.89075;-0.72218;0.35026;-0.37815;-0.2353;-1.0827;0.048474;0.15329;-0.92021;-0.61305;-0.68662;0.95332;-0.12249;-0.63678;0.3908;-0.024727;0.12958;0.62124;0.03923;0.36217;-0.67956;-0.61656;-0.96624;-0.53973;-0.45495;-1.0932;0.29772;-0.56848;-0.29787;-0.31062;-0.301;-0.33435
46;-0.013226;-0.029848;4.4653;1.4796;-1.1117;0.96256;-0.42465;-0.80779;-0.61455;0.40794;1.308;-0.84384;-0.27624;-0.45194;0.76268;1.6583;-0.71245;-0.14271;-0.42905;1.1548;3.3362;0.29116;-0.47583;1.025;0.073327;0.34863;1.8943;0.54112;-0.7405;-0.51216;0.29675;0.65584;1.2529;0.0016205;0.442;-1.2597;-0.19218;0.16788;-0.061732;-0.3305;-0.5304;1.7983;-0.91572;-0.65213;0.26799;-0.76892;0.10058;2.6071;-1.0173;-0.78488;-0.79196;-0.78916;0.57097;-0.62328;-0.92539;0.66277;-1.1589;-0.78372;-0.30257;-0.66517;-0.49726;-0.61838;-0.83339;-0.36151;3.6243;-0.0010031;-0.2507;0.25561;1.7075;0.23713;2.3374;-0.65065
47;-0.0049581;-0.40775;-0.21008;-0.34185;-1.08;1.1134;0.6418;-0.81231;-0.81949;-0.85118;-0.55919;1.6165;-0.27982;-0.46013;-0.62876;-0.36663;-0.22866;-0.3577;-0.24007;-1.073;-0.70574;-0.65868;2.7899;-0.62187;0.87281;-0.49066;2.835;-0.22097;-0.64276;-0.14552;-0.45821;-0.77233;0.42932;0.73073;-0.77074;0.30661;-0.53735;0.55377;-0.82749;-0.24653;-0.52482;-0.049223;0.030833;-0.17472;-0.38943;-0.42186;1.7869;0.070079;0.61178;1.4021;-0.42467;1.9414;1.8155;-0.61594;-0.87893;-0.28828;1.4928;3.0586;-1.0677;-0.3339;-0.97344;-0.53589;-0.96755;0.20851;-0.6797;0.15653;0.39259;0.067676;-0.092381;-1.0453;-0.62959;-0.78709
48;-0.010392;1.6149;-0.79081;0.42104;-0.93195;-0.64139;0.037114;-0.26411;-0.22702;0.38328;-0.24658;-0.58152;-0.32735;0.17393;-0.17117;-0.16231;0.028656;2.4971;-0.034935;-0.31378;0.56917;1.2215;1.234;0.36786;-0.15993;0.19986;2.0329;-0.66852;-0.90474;-0.63555;-0.47316;-0.22319;-0.49402;0.65818;0.8331;-1.1677;-0.88143;-0.83185;-0.29035;-0.31261;0.40586;-0.74866;-0.75799;-1.17;-0.37068;-0.7023;0.099873;-0.75697;1.5656;-0.7974;-0.31166;-0.73963;0.05824;-0.90641;-0.83579;-0.17245;2.0122;-1.0545;0.64792;-0.14714;-0.77331;-0.3448;2.6327;-1.0623;-0.46504;-0.095612;-0.008488;-0.20208;1.1157;0.58532;-0.92669;-0.76962
49;0.0038373;0.87001;0.73819;3.3713;-0.3311;-0.70212;-0.70663;-0.047705;2.6219;0.0077048;-0.59336;0.036399;-0.23175;0.15981;-0.8072;-0.22665;1.4155;-0.69063;-0.88235;-0.70697;-1.0899;2.1482;-0.24256;2.0498;-1.3593;-0.55408;-0.72628;0.15702;-0.14974;-0.19449;-0.31743;-0.087782;-0.78222;0.34873;-1.0936;0.37341;-0.74168;0.22024;2.2934;-0.66023;0.26076;-0.8032;-0.73541;-0.80596;-0.91861;-0.81942;0.78002;0.85786;-0.49481;-0.18408;-0.61366;-0.071179;-0.65425;0.4877;-0.30782;-0.52319;-0.72336;0.0041133;-0.81495;0.40343;-0.88445;1.8067;0.65562;0.27599;1.1291;-1.0714;-0.15806;-0.78241;-0.32623;-0.64209;-0.40708;0.055531
50;-0.012522;1.0884;-0.94489;-0.49957;0.40236;0.66545;-0.7557;0.62744;0.20618;-0.67498;-0.71248;-0.66434;1.6376;-0.42915;1.9388;-0.75968;0.20617;-0.10958;-0.95459;0.057283;0.42273;-0.63986;-0.64116;-0.43655;0.027818;0.69286;-1.2087;0.25989;-0.69524;0.90108;-0.82807;1.6455;1.0194;-0.66443;-1.1184;-0.59865;1.1799;-1.0577;0.04856;0.43736;-1.059;-0.22832;-0.75903;0.66309;0.49166;2.2469;0.35985;-0.78773;2.4134;-0.48144;-0.3272;1.147;-0.23135;-0.03847;-0.10694;0.62322;-0.41877;-0.92649;-0.93759;0.11121;-0.091838;-0.47522;-0.33621;1.0347;-0.79335;0.62108;-0.18727;-0.8122;0.46063;-1.0931;-0.5922;-0.40339
PARTICULAR
GAIN
81
