TITLE;72 random variables, variable gain
FOCUS ON;
EXPERIMENT TYPE;SingleAmongManyVaryingGain
PARAMETERS
normalization;Center
pcaRecompositionThreshold;0.95
component;1;2
type;RandomNormal;RandomWeibull
p1;0;1
p2;81;1
RESULTS
COMMON
distance
which;Manhattan(Average);Manhattan(GeometricAverage);Manhattan(Median);Manhattan(Minimum);Manhattan(MinimumTimesMedian);Manhattan(Summation);Euclidean(Average);Euclidean(GeometricAverage);Euclidean(Median);Euclidean(Minimum);Euclidean(MinimumTimesMedian);Euclidean(Summation)
plain;1.5311;1.4952;1.4996;0.91926;1.3785;1875.6;1.4884;1.0979;1.2568;0.13898;0.17467;1823.2
PCA;9.4948;8.4485;9.4676;0.38026;3.6002;11631;105.64;71.377;89.635;0.14447;12.949;1.2941E+05
DE00;3.5839;2.9432;3.283;1.0157;2.8074;4055.8;15.048;9.1235;11.993;0.25545;1.9445;14844
DE01;3.7162;3.466;3.4274;1.0075;2.7024;4387.9;14.541;7.3857;12.389;0.24053;1.8321;14734
DE02;3.6359;2.8656;3.4184;0.99947;2.8188;4108.4;14.894;9.1436;11.915;0.25038;1.9732;14692
PCA
weights;0.99985;8.0436E-06;2.1825E-06;8.922E-08;3.6228E-06;1.1561E-06;5.0496E-08;1.6875E-06;5.7275E-06;2.1654E-06;1.2691E-06;2.9435E-06;5.7012E-06;1.3698E-06;7.6414E-07;1.2686E-07;9.3108E-10;2.6691E-07;4.0046E-07;3.0632E-09;2.0331E-06;4.7167E-07;2.8088E-06;4.0751E-06;4.0226E-06;1.2964E-07;1.0117E-06;5.1013E-08;1.301E-06;2.0664E-06;3.446E-07;3.8657E-06;3.4714E-06;2.5069E-07;9.8197E-06;1.2737E-08;4.6168E-07;5.5587E-06;1.3171E-06;1.0591E-07;1.2238E-06;5.8834E-06;4.4467E-06;2.1714E-07;9.7008E-07;1.1159E-06;1.5149E-07;2.914E-06;1.201E-06;7.8918E-08;2.2574E-06;9.8758E-06;8.8227E-07;5.4986E-06;4.8446E-06;2.9718E-07;7.1818E-08;1.0909E-06;2.2692E-06;1.1089E-06;2.1875E-06;1.1338E-06;1.316E-06;3.9668E-06;1.1901E-06;1.1411E-07;1.3838E-06;5.4164E-07;2.8514E-07;7.544E-07;7.8148E-06;1.874E-06
differential evolutions parameters, by distance type
i;dDE / dP;distance;type;parentWeight;crossover;population;iterations;distance;weights ->
1;2.3407;3.5839;2;0.85;0.5;50;50;Manhattan(Average);0.13016;0.0076428;0.009126;0.011517;0.012247;0.0015779;0.0077568;0.016624;0.017071;0.0015429;0.0093843;0.027523;0.0043458;0.016997;0.014;0.056616;0.014977;0.011156;0.0044612;0.0093383;0.031248;0.0011209;0.0097079;0.0027306;0.0080698;0.0088057;0.017414;0.014509;0.0065923;0.00018708;0.014827;0.024361;0.0084346;0.025022;0.0051906;0.026329;0.010824;0.017282;0.0074087;0.00026836;0.013925;0.00070969;0.006783;0.010985;0.012217;0.029755;0.0079281;0.0036096;0.0295;0.0026918;0.033529;0.0061352;0.0029977;0.0314;0.0073435;0.0028233;0.0054929;0.018775;0.0073286;0.0041572;0.00069798;0.0024817;0.0018273;0.02912;0.0026853;0.010939;0.0050349;0.00095058;0.030873;0.026829;0.0064097;0.019673
2;2.4271;3.7162;2;0.85;0.5;50;50;Manhattan(Average);0.14095;0.012422;0.012414;0.0010571;0.0060567;0.0034739;0.0085256;0.015344;0.0032241;0.016756;0.018301;0.0042927;0.0050837;0.019068;0.018869;0.0081364;0.0081686;0.0040431;0.0014547;0.00050329;0.03492;0.0090909;0.023124;0.0080315;0.01142;0.007826;0.017387;0.030688;0.0056235;0.024841;0.0085896;0.0003767;0.008069;0.0006708;0.051856;0.021883;0.014744;0.0045919;0.00051556;0.00056027;0.031039;0.022355;0.048776;0.00065049;0.013381;0.0030506;0.012246;0.0027358;0.011059;0.022884;0.0060183;7.6272E-05;0.032619;0.0015901;7.5426E-05;0.060034;0.001864;0.0061102;0.019522;0.00070446;0.00046467;0.037756;0.0018226;0.0075032;0.0032702;0.0073324;0.00050054;0.013866;0.00083448;0.0171;0.0020277;0.017774
3;2.3747;3.6359;2;0.85;0.5;50;50;Manhattan(Average);0.13434;0.0068402;0.00040729;0.018742;0.0056275;0.0005133;0.0056182;0.0077283;0.00095651;0.0060934;0.018643;0.028807;0.02193;0.023269;0.010065;0.07933;0.0015678;0.0057786;0.0035951;0.0083334;0.0069133;0.00014341;0.00044478;0.013936;0.023217;0.018241;0.029539;0.0095453;0.0060917;0.0014758;0.0053074;0.013614;0.016148;0.015348;0.021127;0.0017373;0.00047929;0.016446;0.0019898;0.0087375;0.018315;0.0019741;0.018781;0.01316;0.0099655;0.011574;0.0016816;0.020562;0.015493;0.013654;0.036842;3.156E-05;0.0073736;0.0060533;0.030354;0.0061561;0.016313;0.02414;0.011705;0.00068367;0.030626;0.0014591;0.0091002;0.0098143;0.0025524;0.025637;0.001841;0.013122;0.0029769;0.0055826;0.015573;0.018234
4;1.9684;2.9432;2;0.85;0.5;50;50;Manhattan(GeometricAverage);0.099579;0.025556;0.0097289;0.0089128;0.0028235;0.018115;0.016037;0.0066491;0.031915;0.009305;0.014934;0.0057707;0.0097149;0.019563;0.0016941;0.0050886;0.0060192;0.0098133;0.032661;0.0028183;0.0047515;0.018157;0.021632;0.027958;0.0061784;0.0061563;0.016051;0.042404;0.0081871;0.0047795;0.0077204;0.0022673;0.0087916;0.0066468;0.0094102;0.00069266;0.0044958;0.0018958;0.0022318;0.058519;0.010047;0.010353;0.0050967;0.0013671;0.0030307;0.041239;0.0075905;0.018918;0.0049199;0.003803;0.0013068;0.0065558;0.003356;0.00053385;0.03094;0.037584;0.006891;0.017967;0.024063;0.0013774;0.0058014;0.079399;0.015942;0.011669;0.0058071;0.0071985;0.00063557;0.0039187;0.0053492;0.009985;0.013442;0.0082886
5;2.318;3.466;2;0.85;0.5;50;50;Manhattan(GeometricAverage);0.14568;0.016353;0.0057209;0.017262;0.011261;0.027771;0.019482;0.015785;0.0052933;0.0030004;0.0023939;0.012628;0.0095624;0.014672;0.015034;0.013524;0.0018031;0.0061409;0.0013015;0.081932;0.0077922;0.0034414;0.011183;0.032056;0.0034549;0.0001387;0.021715;0.014604;0.011425;0.010151;0.0014076;0.025606;0.002843;0.0019157;0.011443;0.016777;0.001867;0.0087162;0.0082461;0.010724;0.0028354;0.0054821;0.032498;0.0019525;0.0086842;0.010734;0.010099;0.0074492;0.013724;0.0035596;0.015749;0.023934;0.0037667;0.0089583;0.01519;0.019641;0.0064628;0.010133;0.017384;0.013583;0.00038353;0.0079249;0.011989;0.0066566;0.00094888;0.0063749;0.0035707;0.038653;0.027831;0.018528;0.0074399;0.0057718
6;1.9165;2.8656;2;0.85;0.5;50;50;Manhattan(GeometricAverage);0.093312;0.0035794;0.00046605;0.0085248;0.0012642;0.0046993;0.0036799;0.005715;0.054537;0.011316;0.025039;0.00079435;0.023766;0.0028042;0.022581;0.033125;0.0014197;0.0050861;0.0097131;0.0035161;0.0037544;0.035105;0.0045255;0.013254;0.023797;0.01206;0.0049221;0.0018887;0.016658;0.028016;0.028094;0.015916;0.0066612;0.049882;0.015829;0.017805;0.0046924;0.020703;0.0061416;0.0030917;0.018965;0.0075513;0.034719;0.0023567;0.0058972;0.0059561;0.044876;0.0040889;0.0075382;0.0043291;0.040121;0.0018014;0.0014546;0.0055775;0.015595;0.008979;0.0017908;0.0024394;0.010966;0.0023803;0.0032152;0.016152;0.0021459;0.011986;0.020668;0.0047722;0.0019234;0.0095432;0.008197;0.030989;0.034574;0.00071558
7;1.1049;1.0157;2;0.85;0.5;50;50;Manhattan(Minimum);0.036252;0.0024691;0.0077692;0.010074;0.030157;0.0042964;0.013318;0.025528;0.020872;0.0051939;0.0058078;0.023745;0.031235;0.025757;0.019859;0.025078;0.0060013;0.0054713;0.0021106;0.029665;0.010734;0.0010323;0.019763;0.019118;0.014378;0.033275;0.0015765;0.0087114;0.032566;0.031645;0.018583;0.013156;0.034709;0.003219;0.033617;0.0022663;0.01173;0.0008117;0.0087875;0.01039;0.023717;0.0024399;0.0045253;0.0058331;0.0037821;0.005127;0.0076732;0.017244;0.01207;0.020404;0.016487;0.011375;0.025365;0.011169;0.0018057;0.029347;0.016133;0.013991;0.0055888;0.0011005;0.0072509;0.020345;0.029999;0.0077007;0.0050393;0.0037764;0.0025339;0.010773;0.0069389;0.006108;0.0036982;0.01993
8;1.096;1.0075;2;0.85;0.5;50;50;Manhattan(Minimum);0.029411;0.0010323;0.014382;0.0118;0.021924;0.0073998;0.029361;0.026441;0.026631;6.7264E-05;0.0024792;0.02785;0.015906;0.025791;0.010147;0.029653;0.0070422;0.014925;0.015686;0.0058684;0.0053073;0.0073449;0.022818;0.0047901;0.0035608;0.010772;0.0094474;0.015415;0.029512;0.0014298;0.004457;0.002011;0.026995;0.031499;0.025671;0.0034708;0.012966;0.005024;0.0030182;0.025631;0.029234;0.0042853;0.0034524;0.0060528;0.0046804;0.029054;0.01695;0.030388;0.0029645;0.028638;0.020876;0.0023895;0.015151;0.0005234;0.011499;0.030247;0.009648;0.029474;0.0002801;0.0011401;0.0091473;0.026681;0.030298;0.028913;0.0060462;0.011891;0.0075216;0.0013798;0.0039595;0.0097775;0.0061017;0.006421
9;1.0873;0.99947;2;0.85;0.5;50;50;Manhattan(Minimum);0.030073;0.0015656;0.011822;0.014241;0.029253;0.0073013;0.025227;0.022859;0.018472;0.029703;0.0030557;0.011108;0.014164;0.021066;0.019333;0.024284;0.02563;0.022263;0.016795;0.0059212;0.0011646;0.0023545;0.024827;0.0075965;0.029723;0.021834;0.011864;0.014535;0.028766;0.011279;0.0031132;0.00094239;0.028681;0.008104;0.020796;0.0037936;0.00072358;0.0041079;0.011517;0.013075;0.023658;0.010743;0.028868;0.017569;0.014278;0.0031889;0.0088445;0.0021712;0.0092918;0.017686;0.014684;0.00028359;0.029826;0.01814;0.004421;0.021399;0.0010021;0.022044;0.0023575;0.001506;0.0066364;0.020943;0.016851;0.030981;0.014676;0.011269;0.0086036;0.0015074;0.001228;0.009062;0.0067698;0.016578
10;2.1893;3.283;2;0.85;0.5;50;50;Manhattan(Median);0.10914;0.011307;0.0023636;0.013405;0.014323;0.0028682;0.0057489;0.0084477;0.005162;0.012356;0.00068524;0.027312;0.0012959;0.0079533;0.035399;0.0088024;0.0090844;0.0075385;0.0047969;0.059952;0.0026731;0.027529;0.0034535;0.041717;0.0026838;0.0037119;0.005569;0.00060632;0.018519;0.0072506;0.0032233;0.011127;0.0057913;0.0056547;0.011139;0.015911;0.011003;0.0038684;0.012787;0.00071102;0.0042794;0.0021647;0.026509;0.021168;0.057468;0.00039277;0.035348;0.0042755;0.0044132;0.0018655;0.0080503;0.012202;0.0019697;0.00056292;0.0031687;0.015819;0.0010717;0.0039228;0.010724;0.041697;0.0074669;0.012009;0.00083043;0.011811;0.0034091;0.081502;0.02916;0.0072963;0.0037236;0.0032505;0.016616;0.022984
11;2.2796;3.4184;2;0.85;0.5;50;50;Manhattan(Median);0.11994;0.032001;0.0018812;0.0029067;0.0028953;0.0030671;0.02074;0.012434;0.005274;0.0052116;0.014572;0.069385;0.00019157;0.020399;0.090577;0.0028188;0.0013195;0.0037982;0.0018386;0.0046548;0.01485;0.021454;0.0019152;0.0016709;2.6661E-05;0.010428;0.024592;0.016862;0.0012242;0.015272;0.0019234;0.036361;0.0027101;0.0061348;0.0043512;0.014688;0.001739;0.0019282;0.0072917;0.011871;0.0015509;0.019753;0.0037604;0.012641;0.0308;0.004629;0.00063302;0.0020892;0.012836;0.018801;0.0043026;0.018963;0.013053;0.00040528;0.0048092;0.011912;0.0020821;0.00027205;0.019199;0.019762;0.001517;0.00013185;0.005;0.0041609;0.0058908;0.10477;0.0048457;0.0081234;0.019699;0.011994;0.0046786;0.013735
12;2.2856;3.4274;2;0.85;0.5;50;50;Manhattan(Median);0.12085;0.017187;0.018029;0.0029828;0.0099673;0.0056719;0.030596;0.0053713;0.0017846;0.027735;0.0055826;0.0081868;0.01689;0.0041106;0.013742;0.013122;0.019715;0.0053486;0.0072234;0.0012502;0.0068375;0.0024288;0.035919;0.013171;0.015424;0.0093379;0.00075067;0.015857;0.001361;0.0098047;0.00065097;0.017694;0.0029488;0.050897;0.00050231;0.0064112;0.021566;0.012247;0.0048329;0.0095892;0.0042289;0.013084;0.0026403;0.014998;0.01635;0.016579;0.0038648;0.0069108;0.049475;0.0045308;0.0071051;0.013957;0.012352;0.014533;0.011377;0.014496;0.0027728;0.01829;0.052514;0.0081624;0.011546;0.0091909;0.020841;0.011949;0.012828;0.0018667;0.0010967;0.011249;0.0060944;0.0039338;0.045252;0.0023524
13;2.0366;2.8074;2;0.85;0.5;50;50;Manhattan(MinimumTimesMedian);0.080251;0.001468;0.0015374;0.048494;0.012028;0.0074751;0.001341;0.005026;0.0015307;0.0084434;0.014912;0.046502;0.0031362;0.019135;0.01883;0.053193;0.061518;0.01557;0.0048915;0.0020653;0.0097993;0.00097378;0.0029437;0.0089721;0.0049572;0.045891;0.020554;0.0055748;0.0089524;0.011771;0.0078015;0.0041926;0.012748;0.0024329;0.0066898;0.017218;0.0063154;0.0082044;0.0094483;0.0017578;0.078584;0.020705;0.0040904;0.00046518;0.01913;5.4447E-06;0.0036256;0.0097952;0.0002823;0.0073809;0.00042542;0.0024939;0.00031469;0.0066406;0.0040801;0.00063553;0.0062178;0.0036233;0.011664;7.9038E-05;0.0043124;0.020673;0.070622;0.015398;0.015445;0.0091254;0.013396;0.0075361;0.034235;0.0127;0.0031746;0.008597
14;1.9604;2.7024;2;0.85;0.5;50;50;Manhattan(MinimumTimesMedian);0.076152;0.018719;0.016444;0.014607;0.068392;0.0061378;0.003675;0.00084687;0.00064782;0.0030256;0.0071536;0.019808;0.017839;0.025843;0.015022;0.014341;0.0031414;0.014127;0.039847;0.018756;0.0023589;0.0026318;0.0008228;0.01931;0.008581;0.034079;0.006151;0.01057;0.017755;0.0093346;0.017608;0.0014592;0.019029;0.018958;0.0056858;0.0045465;0.0009128;0.019634;0.042243;0.017934;0.035184;0.009452;0.0072675;0.015572;0.0016569;0.0099103;0.0049683;0.0056781;0.0024636;0.028903;0.008821;0.0086334;0.01712;0.014664;0.010477;0.006329;0.013021;0.001352;0.0049215;0.0070127;0.019815;0.011308;0.0020662;0.017311;0.0066094;0.0015046;0.044967;0.014478;0.0045995;0.0055632;0.0023685;0.011874
15;2.0449;2.8188;2;0.85;0.5;50;50;Manhattan(MinimumTimesMedian);0.08282;0.0048141;0.0054593;0.023238;0.045497;0.0011385;0.00015301;0.022207;0.0091103;0.0068351;0.012592;0.0095958;0.0064875;0.024292;0.012255;0.003006;0.012687;0.0016241;0.0072719;0.0059716;0.0014687;0.0028834;0.023712;0.0023735;0.0058761;0.045388;0.0017229;0.020816;0.041613;0.006924;0.0036403;0.00037063;0.054182;0.052441;0.00028698;0.035368;0.0074841;0.0072292;0.0088238;0.0017908;0.010674;0.00051875;0.0034436;0.004539;0.034462;0.002196;0.0014118;0.025584;0.0023805;0.063949;0.0019669;0.03468;0.020826;0.044098;0.00051189;0.013353;0.0052003;0.0067302;0.001064;0.00084696;0.023074;0.006076;0.0094266;0.0082301;0.016019;0.011788;0.010148;0.00081088;0.0034227;0.0079459;0.0017386;0.001435
16;2.1624;4055.8;2;0.85;0.5;50;50;Manhattan(Summation);0.10906;0.018424;0.0044582;0.0091489;0.030496;0.04969;0.00099678;0.00936;0.0076518;0.0044605;0.0021155;0.009463;0.0073577;0.009942;0.038146;0.0032065;0.026584;0.022171;0.0086433;0.007526;0.002461;0.0051864;0.039892;0.0088133;0.020556;0.011223;0.007663;0.032614;0.037995;0.011889;0.005916;0.0027742;0.0020354;0.014076;0.0023812;0.0015998;0.0011001;0.008638;0.025311;0.0010428;0.0049178;0.0022165;0.030095;0.041011;0.032014;0.011387;0.0090015;0.0028633;0.0025171;0.0046072;0.012422;0.010676;0.0015685;0.010722;0.0074227;0.021268;0.0059638;0.0063042;0.025426;0.0062819;0.023333;0.00056316;0.030409;0.018534;0.0066972;0.0023548;0.00095011;0.0066451;0.037756;0.0013384;0.00037667;0.00028604
17;2.3395;4387.9;2;0.85;0.5;50;50;Manhattan(Summation);0.13012;0.0029156;0.029528;0.013307;0.00058214;0.00045541;0.0022429;0.032716;0.030189;0.0023704;0.0038004;0.041781;0.0044631;0.012946;0.0082681;0.0046329;0.010672;0.003425;0.012366;0.00011441;0.0070811;0.041758;0.0041882;0.0028819;0.0067176;0.023614;0.001033;0.010752;0.03138;0.0088501;0.0041684;0.0065673;0.016932;0.0061591;0.011855;0.018732;0.011052;0.001128;0.00021089;0.008329;0.013124;0.011708;0.024582;0.011699;0.0020992;0.0081736;0.0056837;0.0018111;0.0446;0.019431;0.0085223;0.014321;0.0026259;0.056877;0.013834;0.017716;0.029253;0.0039899;0.013221;0.031812;0.0031808;0.029844;0.0027205;0.011027;0.0092085;0.013051;0.0014556;0.00045379;0.003474;0.00069452;0.011648;0.0078769
18;2.1904;4108.4;2;0.85;0.5;50;50;Manhattan(Summation);0.11276;0.018438;0.0025579;0.020292;0.0037035;0.015092;0.0061937;0.033742;0.0036108;0.0099518;0.003572;0.0048235;0.00462;0.021364;0.08578;0.014643;0.011473;0.0031795;0.0034538;0.014169;0.0047925;7.5523E-05;0.00045091;0.013268;0.0025854;0.005638;0.0016336;0.0045577;0.0017817;0.0042424;0.0097079;0.0011251;0.002955;0.013613;0.0071725;0.0058286;0.0039155;0.0078431;0.0022895;0.061248;0.0076516;0.0027367;0.00069222;0.017552;0.017711;0.021412;0.001783;0.0055814;0.0075126;0.0020715;0.0085734;0.015942;0.025016;0.0094825;0.00012337;0.0067865;0.0029878;0.0091508;0.0047199;0.093395;0.0013442;0.0061531;0.013349;0.0098682;0.056548;0.02408;0.029042;0.011816;0.0029685;0.010153;0.014619;0.011036
19;10.11;15.048;2;0.85;0.5;50;50;Euclidean(Average);0.14239;0.012227;0.0093291;0.0068038;0.010859;0.0085536;0.02875;0.029212;0.0035483;0.016572;0.0049434;0.0036811;0.0074557;0.0061803;0.0089709;0.024766;0.012984;0.024085;0.012559;0.0017032;0.01812;0.010869;0.016379;0.016721;0.023629;0.01469;0.017809;0.010692;0.0015584;0.009225;0.010497;0.037802;0.00078099;0.0084177;0.0033848;0.013208;0.011713;0.0027723;0.0090716;0.00062321;0.015046;0.022189;0.012747;0.0078791;0.0069806;0.0029438;0.0057912;0.026941;0.0011561;0.016141;0.015075;0.0029426;0.0023747;0.014948;0.002536;0.0091439;0.0059025;0.032903;0.012506;0.0020018;0.021873;0.0050462;0.002425;0.0075684;0.038262;0.02813;0.0036536;0.013938;0.023112;0.012883;0.0026498;0.0087764
20;9.77;14.541;2;0.85;0.5;50;50;Euclidean(Average);0.13758;0.00021385;0.00070765;0.036973;0.01321;0.0015959;0.0014892;0.0025126;0.0020791;0.00035848;0.00047663;0.012224;0.0038301;0.025307;0.0005693;0.028123;0.021663;0.012459;0.013564;0.037408;0.0035268;0.0088172;0.0032649;0.010296;0.0081545;0.01272;0.0093225;0.0027332;0.010552;0.034252;0.012522;0.042929;0.00070774;0.0012556;0.0033079;0.0057434;0.0010378;0.014648;0.018138;0.0012535;0.0036106;0.028753;0.013022;0.022011;0.003409;0.0060833;0.011911;0.0016878;0.0017592;0.010414;0.008859;0.0037331;0.029227;0.01961;0.0024134;0.0057111;0.081027;0.019239;0.0038042;0.00033145;0.0022818;0.054206;0.013589;0.0052686;0.037143;0.0024798;0.0095302;0.015993;0.0075475;0.0091731;0.0083989;0.0002499
21;10.007;14.894;2;0.85;0.5;50;50;Euclidean(Average);0.14091;0.0020084;0.083378;0.022832;0.045224;0.0027093;0.071551;0.0061062;0.0034961;0.0074905;0.0027449;0.0106;0.017795;0.0138;0.016419;0.0036778;0.0087877;0.0022832;0.00034779;0.0037879;0.021576;0.0058939;0.0039815;0.0043651;0.0032354;0.0072553;0.004095;0.01133;8.1228E-05;0.0021713;0.0084677;0.01557;0.0074395;0.016775;0.034181;0.018951;0.030314;0.0024756;0.035389;0.0064609;0.030259;0.0016238;0.0099914;0.0046429;0.0060156;0.0036808;0.00045337;0.0036803;0.024805;0.0062004;0.01756;0.0021854;0.0088559;0.0035579;0.00069681;0.0022013;0.0093467;0.012775;0.0095232;0.0024914;0.0088475;0.0014674;0.0010795;0.028493;0.0041954;0.00036398;0.015451;0.010479;0.016786;0.024664;0.018026;0.0036488
22;8.3101;9.1235;2;0.85;0.5;50;50;Euclidean(GeometricAverage);0.12564;0.012743;0.0058076;0.095232;0.0060669;0.00081754;0.0030021;0.012504;0.014608;0.0058731;0.0053194;0.0012581;0.001363;0.0092773;0.048994;0.0094718;0.0067499;0.017128;0.0066756;0.0054006;0.0025384;0.014425;0.031666;0.0081196;0.0039134;0.0052688;0.002885;0.011013;0.012272;0.0019318;0.019422;0.0025248;0.012928;0.033798;0.0033102;0.011854;0.008784;0.0034185;0.0043341;0.00033285;0.084942;0.00023663;0.002093;0.019487;0.016534;0.01173;0.010709;0.0042105;0.04341;0.014215;0.01055;0.0096614;0.0022905;0.010803;0.00024127;0.0087865;0.004096;0.011596;0.0027069;0.020236;0.015602;0.00092454;0.0064781;0.0046176;0.0072351;0.015376;0.020229;0.033487;0.005675;0.0061059;0.004649;0.0024142
23;6.7272;7.3857;2;0.85;0.5;50;50;Euclidean(GeometricAverage);0.10123;0.0058505;0.013691;0.0049829;0.0013531;0.064627;0.0047284;0.0012415;0.0054884;0.0042118;0.011598;0.0083257;0.019882;0.0013388;0.0024753;0.00058539;0.023046;0.00026351;0.019866;0.0098725;5.1742E-05;0.0036915;0.0063725;0.0040788;0.01067;0.0059751;0.017579;0.015614;0.028062;0.088426;0.0028706;0.00085491;0.019864;0.0057979;0.00086579;0.0039928;0.0076531;0.0078369;0.010095;0.04906;0.0012215;0.011319;0.0041107;0.0049381;0.025235;0.0040942;0.0098761;0.015109;0.065412;0.055019;0.0037354;0.034161;0.0058137;0.008581;0.0063905;0.0021297;0.0044077;0.0038695;0.0031973;0.0025915;0.0087879;0.0081905;0.00369;0.007565;0.0057746;0.011454;0.038934;0.003498;0.0066473;0.011113;0.011478;0.01758
24;8.3284;9.1436;2;0.85;0.5;50;50;Euclidean(GeometricAverage);0.12632;0.015518;0.0022297;0.021541;0.0069484;0.028981;0.012914;0.00011841;0.00057359;0.0039516;0.019071;0.053825;0.011794;0.0056845;0.012513;0.0095618;0.01473;0.0028007;0.018141;0.0021339;0.017901;0.0075647;0.0068284;0.043012;0.0030804;0.0037489;0.024028;0.0072714;0.00086952;0.01522;0.0098779;0.0096834;0.0053225;3.7109E-05;0.020457;0.00086136;0.009079;0.018529;0.020963;0.019214;0.029491;0.0028514;0.0035298;0.00091531;0.01363;0.014098;0.00070197;0.0017343;0.0051354;0.0080415;0.020297;0.023952;0.00738;0.015603;0.018568;0.037573;0.033447;0.0086659;0.0033133;0.0046463;0.017138;0.012258;0.016568;0.0052275;0.00021687;0.0075324;0.012304;0.02543;0.03146;0.0031915;0.0017462;0.00045895
25;1.838;0.25545;2;0.85;0.5;50;50;Euclidean(Minimum);0.056934;0.036418;0.020383;0.0033561;0.0011079;0.0086191;0.015601;0.00152;0.0026664;0.0050117;0.053285;0.0353;0.00018328;0.053548;0.0010187;0.058437;0.0014761;0.0077945;0.00037857;0.039023;0.016265;0.015423;0.038899;0.00041935;0.0020301;0.007852;0.00077666;0.0078581;0.006594;3.4007E-05;0.00014181;9.5893E-05;0.053363;0.0021359;0.055632;0.0053412;0.000318;0.006624;0.026548;0.024754;0.033623;0.0044756;0.0030987;0.0038405;0.03992;6.0938E-05;0.0084686;0.0050465;0.0013895;0.010294;0.0082476;0.0028303;0.029386;0.010637;0.0082236;0.0024867;0.016112;0.018324;0.018714;0.023467;0.011721;0.050026;0.0015438;0.0035217;3.8892E-05;0.00022426;0.00081323;0.0024688;0.002976;0.00011271;0.00074782;0.0039931
26;1.7307;0.24053;2;0.85;0.5;50;50;Euclidean(Minimum);0.037941;0.033675;0.0012828;0.0013735;0.042408;0.011002;0.0033555;0.0079685;0.0011783;0.003479;0.024005;0.036838;0.00032936;0.0072028;0.0026663;0.039291;0.033987;0.006658;0.0102;0.027686;0.00073293;3.6047E-05;0.043216;0.029465;0.0050518;0.013922;7.3988E-05;0.037806;0.01967;0.010543;0.008019;0.021648;0.0017536;0.00046033;0.0066822;0.0062343;0.0071243;0.0055993;0.0035229;0.003805;0.034232;0.042035;0.0049369;0.010832;0.0071795;1.2975E-05;0.0009702;0.0062211;0.0086319;0.027313;0.029465;0.040783;0.041862;0.0035206;0.0023442;0.0073233;0.0020155;0.0045384;0.008627;0.0021779;0.002269;0.035307;0.040441;0.00098089;0.020467;0.017743;0.0086268;0.0047067;0.0011907;0.0065283;0.011291;0.0075347
27;1.8015;0.25038;2;0.85;0.5;50;50;Euclidean(Minimum);0.040728;0.00048724;0.0013364;0.0038658;0.030289;0.00043713;0.0002167;0.0031036;0.044352;0.042471;0.013457;0.0031959;0.0052081;0.04352;1.2163E-06;0.045386;0.0096223;0.044197;0.026425;0.028297;0.0014864;0.0012877;0.03623;0.00097407;0.038128;0.044399;0.0038038;0.0051926;0.032674;0.0017421;0.00064368;0.013989;0.0084714;0.0021182;0.043297;0.0011286;0.0049633;0.00049099;0.0028729;0.0011042;0.029601;0.0035241;0.004221;0.0012828;0.002691;0.013244;0.010867;0.0023336;0.0054082;0.0039869;0.0072242;0.010807;0.042366;0.0044025;0.0021573;0.0031996;0.005624;0.023972;0.00083616;8.0296E-05;0.0059816;0.033895;0.033773;0.038399;0.014721;0.00098678;0.037497;0.0012135;0.01197;0.0045525;0.00093488;0.0066553
28;9.5423;11.993;2;0.85;0.5;50;50;Euclidean(Median);0.13376;0.021352;0.019371;0.031531;0.0028482;0.012954;0.0029891;0.0020207;0.0037047;0.040142;0.0043998;0.0021177;0.0067425;0.010341;0.0039499;0.0031278;0.015842;0.0029572;0.0088091;0.0044038;0.0079163;0.028585;0.0026404;0.012385;0.0058518;0.0094651;0.0087496;0.015303;0.0053551;0.010118;0.010893;0.022379;0.015145;0.013463;0.021688;0.0038527;0.01112;0.014016;0.0055869;0.0062684;0.0056221;0.022525;0.01483;0.028027;0.0030872;0.016413;0.0087506;0.0050967;0.01369;0.036008;0.011678;0.0057106;0.019901;0.0065192;0.0016051;0.013441;0.0095815;0.029217;0.02141;0.0058221;8.1455E-05;0.016125;0.011431;0.020818;0.0087754;0.016969;0.02426;0.0039797;0.024967;0.013789;0.014235;0.0014878
29;9.8577;12.389;2;0.85;0.5;50;50;Euclidean(Median);0.13819;0.018617;0.022806;0.029259;0.015916;0.0071076;0.0039721;0.0046179;0.0016251;0.02188;0.010197;0.029445;0.012973;0.010057;0.0030513;0.015305;0.0045878;0.013095;0.014262;0.0043843;0.031377;0.044251;0.024407;0.018145;0.009188;0.051185;0.0057096;3.4384E-05;0.0089768;0.0059219;0.008202;0.0028256;0.0034998;0.022373;0.03787;0.013902;0.002833;0.0082558;0.0039566;0.011239;0.018576;8.5609E-05;0.015406;0.01832;0.0094856;0.021732;0.0023635;0.0041115;0.01027;0.0076399;0.0010492;0.021102;0.0033624;0.022075;0.021857;0.00015923;0.0011309;0.014168;0.020502;0.019065;0.010641;0.016804;0.0033149;0.0047539;0.0029343;0.0028662;0.0039465;0.01636;0.00019108;0.0019556;0.0073199;0.00095114
30;9.4804;11.915;2;0.85;0.5;50;50;Euclidean(Median);0.13287;0.0041878;0.090037;0.01906;2.9275E-05;0.043698;0.011959;0.0107;0.00072858;0.0057409;0.026342;0.0033958;0.0090602;0.0051277;0.063484;0.0029216;0.004594;0.0082637;0.001576;0.010391;0.0049828;0.00025322;0.0055586;0.002173;0.003065;0.015838;0.021355;0.0016693;0.0012182;0.055048;0.0043853;0.010048;0.00052261;0.017508;0.0059316;0.020306;0.0051122;0.0071691;0.018606;0.032448;0.0069236;0.014327;0.020909;0.0049253;0.023616;0.0027502;0.010702;0.001662;0.0014825;0.010132;0.006158;0.015728;0.01402;0.0031708;0.0041071;0.00057511;0.033716;0.0009796;0.044496;0.0034394;0.012131;0.00052089;0.0031615;0.0011164;0.0087846;0.012173;0.0045084;0.018469;0.002868;0.0097237;0.0073742;0.007985
31;11.132;1.9445;2;0.85;0.5;50;50;Euclidean(MinimumTimesMedian);0.078971;0.0044465;0.00097005;0.0022717;0.0042958;0.0051637;0.017039;0.0037502;0.00075804;0.014214;0.017296;0.073935;0.0064545;0.003763;0.0118;0.0058356;0.0029243;0.015261;0.038456;0.010742;0.0024242;0.0037635;0.069922;0.0021834;0.0027215;0.0054313;0.018776;0.016907;0.068482;0.0058218;0.014851;0.0021317;0.035168;0.006893;0.0014769;0.0028962;0.0015719;0.016341;0.0067781;0.0057581;0.0021251;0.024778;0.00064006;0.0038366;0.0001322;0.0039448;0.0037036;0.00061093;0.0071459;0.0047277;0.0055618;0.0073149;0.060751;0.0037317;0.008011;0.012809;0.0035197;0.0023314;4.1186E-05;2.7016E-05;0.004062;0.067455;0.03749;0.0027475;0.0057862;0.0058674;0.058315;0.010494;0.02942;0.0069711;0.0022526;0.0047491
32;10.489;1.8321;2;0.85;0.5;50;50;Euclidean(MinimumTimesMedian);0.08055;0.006962;0.009188;0.0047809;0.008071;0.0022249;0.0046567;0.0058501;0.056568;0.0041202;0.0033189;0.0072039;0.001949;0.058239;0.0054028;0.0134;0.0051594;0.00086674;0.030588;0.065162;0.034891;0.022477;0.0074187;0.0086899;0.019645;0.0059061;0.0080733;0.0036692;0.001522;0.0051267;0.0039941;0.0027782;0.0041974;0.00084097;0.0023968;0.0023882;0.010951;0.0041038;0.0011807;5.3417E-05;0.0018624;0.0069611;0.017548;0.021452;0.022526;0.0020443;0.015474;0.0014924;0.023835;0.042076;0.0021989;0.0060388;0.076871;0.017426;0.004048;0.0012095;0.0084789;0.019331;0.0089022;0.018938;0.00055157;0.054268;0.0052459;0.0093901;0.0083616;0.029967;0.0040365;0.028592;0.011201;0.0013001;0.00028775;0.0035172
33;11.297;1.9732;2;0.85;0.5;50;50;Euclidean(MinimumTimesMedian);0.081203;0.010238;0.0065074;0.014215;0.019915;0.01214;0.0068495;0.027889;0.0078277;0.0043891;0.0054922;0.020981;0.025872;0.032997;0.020245;0.052527;0.057326;0.0060994;0.017676;0.0038078;0.0033308;0.0030898;0.071639;0.001476;0.017979;0.066878;0.00041578;0.0025862;0.035629;0.015014;0.0053516;0.0021787;0.063001;0.0038021;0.0023821;0.007947;0.00016119;0.0093369;0.0083969;0.0091176;0.0011091;0.0011605;0.011219;0.0045244;0.015914;0.016291;0.0017565;0.01451;0.0036751;0.00053927;0.00059011;0.0067112;0.0042994;0.009768;0.006628;0.0033054;0.0053151;0.011944;0.00673;0.0064302;0.0019851;0.00035105;0.006693;0.0017298;0.0076067;0.0034689;0.032287;0.0055401;0.016687;0.009475;0.0012501;0.016595
34;8.1413;14844;2;0.85;0.5;50;50;Euclidean(Summation);0.11461;0.022019;0.0088354;0.10321;0.0020585;0.001999;0.013802;0.011724;0.0038409;0.0070424;0.0074655;0.024842;0.014302;0.023672;0.036478;0.027166;0.0061583;0.0053955;0.0092651;0.0011528;0.016984;0.0040111;0.011382;0.019992;0.019343;0.001053;0.0059057;0.0031558;0.00013064;0.00078471;0.0052722;0.0082456;0.0071764;0.02503;0.0049168;0.026667;0.0043161;0.0037389;0.0078129;0.00081691;0.0061788;0.020575;0.0087237;0.020675;0.0038479;0.0047506;0.012198;0.0043884;0.0071213;0.0012485;0.0089356;0.0046898;0.016107;0.038168;0.010257;0.0061466;0.0097172;0.0038785;0.0045083;0.012303;0.00018587;0.014623;0.0085648;0.0082837;0.00050937;0.0045117;0.021751;0.0091595;0.036507;0.051063;0.00042818;0.018219
35;8.0813;14734;2;0.85;0.5;50;50;Euclidean(Summation);0.11377;0.021749;0.0037094;0.0057865;0.0050644;0.0015301;0.018346;0.010294;0.0031888;0.014192;0.027899;0.0047085;0.03179;0.0082623;0.00020087;0.00063708;0.013647;0.010469;0.0030436;0.0010262;8.1309E-05;0.0027588;0.034503;0.0060592;0.064646;0.002799;0.0073939;0.02474;0.036213;0.01123;0.041373;0.00047869;0.010623;0.0014145;0.0071571;0.001926;0.0036765;0.0047471;0.014621;0.02293;0.0094767;0.022148;0.021667;0.022836;0.0065436;0.00039783;0.0052537;0.01804;0.0074663;0.016033;0.0089353;0.0089569;0.01962;0.00056543;0.011677;0.040173;0.0010874;0.0013571;0.0037594;0.013857;0.0065183;0.015247;0.0091439;0.0081805;0.038786;0.044714;0.016633;0.0064979;0.0047893;0.0017688;0.00076595;0.0084151
36;8.0583;14692;2;0.85;0.5;50;50;Euclidean(Summation);0.11346;0.010935;0.0085532;0.011979;0.0024579;0.0080857;0.0098426;0.00089508;0.10742;0.0069571;0.0054692;0.0064843;0.035013;0.012951;0.0066866;0.0047987;0.0021387;0.0033216;0.0080963;0.0020859;0.05625;0.0075246;0.021644;0.020284;0.004823;0.010242;0.012561;0.00041905;0.0019897;0.013937;0.003037;0.014942;0.0098812;0.0082999;0.018537;0.01803;0.007024;0.0091753;0.00015069;0.013826;0.00021574;0.019657;0.015523;0.0098248;0.005998;0.0076596;0.01151;0.0044351;0.014382;0.012096;0.0067114;0.011158;0.0041243;0.020446;0.010103;0.00239;0.0030834;0.04054;0.016535;0.016966;0.014189;0.00074349;0.0082272;0.018502;0.010157;0.00075986;0.039454;0.0077069;0.02353;0.0079929;0.013354;0.0018261
differential evolutions parameters, by distance
i;dDE / dP;distance;type;parentWeight;crossover;population;iterations;distance;weights ->
1;1.0873;0.99947;2;0.85;0.5;50;50;Manhattan(Minimum);0.030073;0.0015656;0.011822;0.014241;0.029253;0.0073013;0.025227;0.022859;0.018472;0.029703;0.0030557;0.011108;0.014164;0.021066;0.019333;0.024284;0.02563;0.022263;0.016795;0.0059212;0.0011646;0.0023545;0.024827;0.0075965;0.029723;0.021834;0.011864;0.014535;0.028766;0.011279;0.0031132;0.00094239;0.028681;0.008104;0.020796;0.0037936;0.00072358;0.0041079;0.011517;0.013075;0.023658;0.010743;0.028868;0.017569;0.014278;0.0031889;0.0088445;0.0021712;0.0092918;0.017686;0.014684;0.00028359;0.029826;0.01814;0.004421;0.021399;0.0010021;0.022044;0.0023575;0.001506;0.0066364;0.020943;0.016851;0.030981;0.014676;0.011269;0.0086036;0.0015074;0.001228;0.009062;0.0067698;0.016578
2;1.096;1.0075;2;0.85;0.5;50;50;Manhattan(Minimum);0.029411;0.0010323;0.014382;0.0118;0.021924;0.0073998;0.029361;0.026441;0.026631;6.7264E-05;0.0024792;0.02785;0.015906;0.025791;0.010147;0.029653;0.0070422;0.014925;0.015686;0.0058684;0.0053073;0.0073449;0.022818;0.0047901;0.0035608;0.010772;0.0094474;0.015415;0.029512;0.0014298;0.004457;0.002011;0.026995;0.031499;0.025671;0.0034708;0.012966;0.005024;0.0030182;0.025631;0.029234;0.0042853;0.0034524;0.0060528;0.0046804;0.029054;0.01695;0.030388;0.0029645;0.028638;0.020876;0.0023895;0.015151;0.0005234;0.011499;0.030247;0.009648;0.029474;0.0002801;0.0011401;0.0091473;0.026681;0.030298;0.028913;0.0060462;0.011891;0.0075216;0.0013798;0.0039595;0.0097775;0.0061017;0.006421
3;1.1049;1.0157;2;0.85;0.5;50;50;Manhattan(Minimum);0.036252;0.0024691;0.0077692;0.010074;0.030157;0.0042964;0.013318;0.025528;0.020872;0.0051939;0.0058078;0.023745;0.031235;0.025757;0.019859;0.025078;0.0060013;0.0054713;0.0021106;0.029665;0.010734;0.0010323;0.019763;0.019118;0.014378;0.033275;0.0015765;0.0087114;0.032566;0.031645;0.018583;0.013156;0.034709;0.003219;0.033617;0.0022663;0.01173;0.0008117;0.0087875;0.01039;0.023717;0.0024399;0.0045253;0.0058331;0.0037821;0.005127;0.0076732;0.017244;0.01207;0.020404;0.016487;0.011375;0.025365;0.011169;0.0018057;0.029347;0.016133;0.013991;0.0055888;0.0011005;0.0072509;0.020345;0.029999;0.0077007;0.0050393;0.0037764;0.0025339;0.010773;0.0069389;0.006108;0.0036982;0.01993
4;1.7307;0.24053;2;0.85;0.5;50;50;Euclidean(Minimum);0.037941;0.033675;0.0012828;0.0013735;0.042408;0.011002;0.0033555;0.0079685;0.0011783;0.003479;0.024005;0.036838;0.00032936;0.0072028;0.0026663;0.039291;0.033987;0.006658;0.0102;0.027686;0.00073293;3.6047E-05;0.043216;0.029465;0.0050518;0.013922;7.3988E-05;0.037806;0.01967;0.010543;0.008019;0.021648;0.0017536;0.00046033;0.0066822;0.0062343;0.0071243;0.0055993;0.0035229;0.003805;0.034232;0.042035;0.0049369;0.010832;0.0071795;1.2975E-05;0.0009702;0.0062211;0.0086319;0.027313;0.029465;0.040783;0.041862;0.0035206;0.0023442;0.0073233;0.0020155;0.0045384;0.008627;0.0021779;0.002269;0.035307;0.040441;0.00098089;0.020467;0.017743;0.0086268;0.0047067;0.0011907;0.0065283;0.011291;0.0075347
5;1.8015;0.25038;2;0.85;0.5;50;50;Euclidean(Minimum);0.040728;0.00048724;0.0013364;0.0038658;0.030289;0.00043713;0.0002167;0.0031036;0.044352;0.042471;0.013457;0.0031959;0.0052081;0.04352;1.2163E-06;0.045386;0.0096223;0.044197;0.026425;0.028297;0.0014864;0.0012877;0.03623;0.00097407;0.038128;0.044399;0.0038038;0.0051926;0.032674;0.0017421;0.00064368;0.013989;0.0084714;0.0021182;0.043297;0.0011286;0.0049633;0.00049099;0.0028729;0.0011042;0.029601;0.0035241;0.004221;0.0012828;0.002691;0.013244;0.010867;0.0023336;0.0054082;0.0039869;0.0072242;0.010807;0.042366;0.0044025;0.0021573;0.0031996;0.005624;0.023972;0.00083616;8.0296E-05;0.0059816;0.033895;0.033773;0.038399;0.014721;0.00098678;0.037497;0.0012135;0.01197;0.0045525;0.00093488;0.0066553
6;1.838;0.25545;2;0.85;0.5;50;50;Euclidean(Minimum);0.056934;0.036418;0.020383;0.0033561;0.0011079;0.0086191;0.015601;0.00152;0.0026664;0.0050117;0.053285;0.0353;0.00018328;0.053548;0.0010187;0.058437;0.0014761;0.0077945;0.00037857;0.039023;0.016265;0.015423;0.038899;0.00041935;0.0020301;0.007852;0.00077666;0.0078581;0.006594;3.4007E-05;0.00014181;9.5893E-05;0.053363;0.0021359;0.055632;0.0053412;0.000318;0.006624;0.026548;0.024754;0.033623;0.0044756;0.0030987;0.0038405;0.03992;6.0938E-05;0.0084686;0.0050465;0.0013895;0.010294;0.0082476;0.0028303;0.029386;0.010637;0.0082236;0.0024867;0.016112;0.018324;0.018714;0.023467;0.011721;0.050026;0.0015438;0.0035217;3.8892E-05;0.00022426;0.00081323;0.0024688;0.002976;0.00011271;0.00074782;0.0039931
7;1.9165;2.8656;2;0.85;0.5;50;50;Manhattan(GeometricAverage);0.093312;0.0035794;0.00046605;0.0085248;0.0012642;0.0046993;0.0036799;0.005715;0.054537;0.011316;0.025039;0.00079435;0.023766;0.0028042;0.022581;0.033125;0.0014197;0.0050861;0.0097131;0.0035161;0.0037544;0.035105;0.0045255;0.013254;0.023797;0.01206;0.0049221;0.0018887;0.016658;0.028016;0.028094;0.015916;0.0066612;0.049882;0.015829;0.017805;0.0046924;0.020703;0.0061416;0.0030917;0.018965;0.0075513;0.034719;0.0023567;0.0058972;0.0059561;0.044876;0.0040889;0.0075382;0.0043291;0.040121;0.0018014;0.0014546;0.0055775;0.015595;0.008979;0.0017908;0.0024394;0.010966;0.0023803;0.0032152;0.016152;0.0021459;0.011986;0.020668;0.0047722;0.0019234;0.0095432;0.008197;0.030989;0.034574;0.00071558
8;1.9604;2.7024;2;0.85;0.5;50;50;Manhattan(MinimumTimesMedian);0.076152;0.018719;0.016444;0.014607;0.068392;0.0061378;0.003675;0.00084687;0.00064782;0.0030256;0.0071536;0.019808;0.017839;0.025843;0.015022;0.014341;0.0031414;0.014127;0.039847;0.018756;0.0023589;0.0026318;0.0008228;0.01931;0.008581;0.034079;0.006151;0.01057;0.017755;0.0093346;0.017608;0.0014592;0.019029;0.018958;0.0056858;0.0045465;0.0009128;0.019634;0.042243;0.017934;0.035184;0.009452;0.0072675;0.015572;0.0016569;0.0099103;0.0049683;0.0056781;0.0024636;0.028903;0.008821;0.0086334;0.01712;0.014664;0.010477;0.006329;0.013021;0.001352;0.0049215;0.0070127;0.019815;0.011308;0.0020662;0.017311;0.0066094;0.0015046;0.044967;0.014478;0.0045995;0.0055632;0.0023685;0.011874
9;1.9684;2.9432;2;0.85;0.5;50;50;Manhattan(GeometricAverage);0.099579;0.025556;0.0097289;0.0089128;0.0028235;0.018115;0.016037;0.0066491;0.031915;0.009305;0.014934;0.0057707;0.0097149;0.019563;0.0016941;0.0050886;0.0060192;0.0098133;0.032661;0.0028183;0.0047515;0.018157;0.021632;0.027958;0.0061784;0.0061563;0.016051;0.042404;0.0081871;0.0047795;0.0077204;0.0022673;0.0087916;0.0066468;0.0094102;0.00069266;0.0044958;0.0018958;0.0022318;0.058519;0.010047;0.010353;0.0050967;0.0013671;0.0030307;0.041239;0.0075905;0.018918;0.0049199;0.003803;0.0013068;0.0065558;0.003356;0.00053385;0.03094;0.037584;0.006891;0.017967;0.024063;0.0013774;0.0058014;0.079399;0.015942;0.011669;0.0058071;0.0071985;0.00063557;0.0039187;0.0053492;0.009985;0.013442;0.0082886
10;2.0366;2.8074;2;0.85;0.5;50;50;Manhattan(MinimumTimesMedian);0.080251;0.001468;0.0015374;0.048494;0.012028;0.0074751;0.001341;0.005026;0.0015307;0.0084434;0.014912;0.046502;0.0031362;0.019135;0.01883;0.053193;0.061518;0.01557;0.0048915;0.0020653;0.0097993;0.00097378;0.0029437;0.0089721;0.0049572;0.045891;0.020554;0.0055748;0.0089524;0.011771;0.0078015;0.0041926;0.012748;0.0024329;0.0066898;0.017218;0.0063154;0.0082044;0.0094483;0.0017578;0.078584;0.020705;0.0040904;0.00046518;0.01913;5.4447E-06;0.0036256;0.0097952;0.0002823;0.0073809;0.00042542;0.0024939;0.00031469;0.0066406;0.0040801;0.00063553;0.0062178;0.0036233;0.011664;7.9038E-05;0.0043124;0.020673;0.070622;0.015398;0.015445;0.0091254;0.013396;0.0075361;0.034235;0.0127;0.0031746;0.008597
11;2.0449;2.8188;2;0.85;0.5;50;50;Manhattan(MinimumTimesMedian);0.08282;0.0048141;0.0054593;0.023238;0.045497;0.0011385;0.00015301;0.022207;0.0091103;0.0068351;0.012592;0.0095958;0.0064875;0.024292;0.012255;0.003006;0.012687;0.0016241;0.0072719;0.0059716;0.0014687;0.0028834;0.023712;0.0023735;0.0058761;0.045388;0.0017229;0.020816;0.041613;0.006924;0.0036403;0.00037063;0.054182;0.052441;0.00028698;0.035368;0.0074841;0.0072292;0.0088238;0.0017908;0.010674;0.00051875;0.0034436;0.004539;0.034462;0.002196;0.0014118;0.025584;0.0023805;0.063949;0.0019669;0.03468;0.020826;0.044098;0.00051189;0.013353;0.0052003;0.0067302;0.001064;0.00084696;0.023074;0.006076;0.0094266;0.0082301;0.016019;0.011788;0.010148;0.00081088;0.0034227;0.0079459;0.0017386;0.001435
12;2.1624;4055.8;2;0.85;0.5;50;50;Manhattan(Summation);0.10906;0.018424;0.0044582;0.0091489;0.030496;0.04969;0.00099678;0.00936;0.0076518;0.0044605;0.0021155;0.009463;0.0073577;0.009942;0.038146;0.0032065;0.026584;0.022171;0.0086433;0.007526;0.002461;0.0051864;0.039892;0.0088133;0.020556;0.011223;0.007663;0.032614;0.037995;0.011889;0.005916;0.0027742;0.0020354;0.014076;0.0023812;0.0015998;0.0011001;0.008638;0.025311;0.0010428;0.0049178;0.0022165;0.030095;0.041011;0.032014;0.011387;0.0090015;0.0028633;0.0025171;0.0046072;0.012422;0.010676;0.0015685;0.010722;0.0074227;0.021268;0.0059638;0.0063042;0.025426;0.0062819;0.023333;0.00056316;0.030409;0.018534;0.0066972;0.0023548;0.00095011;0.0066451;0.037756;0.0013384;0.00037667;0.00028604
13;2.1893;3.283;2;0.85;0.5;50;50;Manhattan(Median);0.10914;0.011307;0.0023636;0.013405;0.014323;0.0028682;0.0057489;0.0084477;0.005162;0.012356;0.00068524;0.027312;0.0012959;0.0079533;0.035399;0.0088024;0.0090844;0.0075385;0.0047969;0.059952;0.0026731;0.027529;0.0034535;0.041717;0.0026838;0.0037119;0.005569;0.00060632;0.018519;0.0072506;0.0032233;0.011127;0.0057913;0.0056547;0.011139;0.015911;0.011003;0.0038684;0.012787;0.00071102;0.0042794;0.0021647;0.026509;0.021168;0.057468;0.00039277;0.035348;0.0042755;0.0044132;0.0018655;0.0080503;0.012202;0.0019697;0.00056292;0.0031687;0.015819;0.0010717;0.0039228;0.010724;0.041697;0.0074669;0.012009;0.00083043;0.011811;0.0034091;0.081502;0.02916;0.0072963;0.0037236;0.0032505;0.016616;0.022984
14;2.1904;4108.4;2;0.85;0.5;50;50;Manhattan(Summation);0.11276;0.018438;0.0025579;0.020292;0.0037035;0.015092;0.0061937;0.033742;0.0036108;0.0099518;0.003572;0.0048235;0.00462;0.021364;0.08578;0.014643;0.011473;0.0031795;0.0034538;0.014169;0.0047925;7.5523E-05;0.00045091;0.013268;0.0025854;0.005638;0.0016336;0.0045577;0.0017817;0.0042424;0.0097079;0.0011251;0.002955;0.013613;0.0071725;0.0058286;0.0039155;0.0078431;0.0022895;0.061248;0.0076516;0.0027367;0.00069222;0.017552;0.017711;0.021412;0.001783;0.0055814;0.0075126;0.0020715;0.0085734;0.015942;0.025016;0.0094825;0.00012337;0.0067865;0.0029878;0.0091508;0.0047199;0.093395;0.0013442;0.0061531;0.013349;0.0098682;0.056548;0.02408;0.029042;0.011816;0.0029685;0.010153;0.014619;0.011036
15;2.2796;3.4184;2;0.85;0.5;50;50;Manhattan(Median);0.11994;0.032001;0.0018812;0.0029067;0.0028953;0.0030671;0.02074;0.012434;0.005274;0.0052116;0.014572;0.069385;0.00019157;0.020399;0.090577;0.0028188;0.0013195;0.0037982;0.0018386;0.0046548;0.01485;0.021454;0.0019152;0.0016709;2.6661E-05;0.010428;0.024592;0.016862;0.0012242;0.015272;0.0019234;0.036361;0.0027101;0.0061348;0.0043512;0.014688;0.001739;0.0019282;0.0072917;0.011871;0.0015509;0.019753;0.0037604;0.012641;0.0308;0.004629;0.00063302;0.0020892;0.012836;0.018801;0.0043026;0.018963;0.013053;0.00040528;0.0048092;0.011912;0.0020821;0.00027205;0.019199;0.019762;0.001517;0.00013185;0.005;0.0041609;0.0058908;0.10477;0.0048457;0.0081234;0.019699;0.011994;0.0046786;0.013735
16;2.2856;3.4274;2;0.85;0.5;50;50;Manhattan(Median);0.12085;0.017187;0.018029;0.0029828;0.0099673;0.0056719;0.030596;0.0053713;0.0017846;0.027735;0.0055826;0.0081868;0.01689;0.0041106;0.013742;0.013122;0.019715;0.0053486;0.0072234;0.0012502;0.0068375;0.0024288;0.035919;0.013171;0.015424;0.0093379;0.00075067;0.015857;0.001361;0.0098047;0.00065097;0.017694;0.0029488;0.050897;0.00050231;0.0064112;0.021566;0.012247;0.0048329;0.0095892;0.0042289;0.013084;0.0026403;0.014998;0.01635;0.016579;0.0038648;0.0069108;0.049475;0.0045308;0.0071051;0.013957;0.012352;0.014533;0.011377;0.014496;0.0027728;0.01829;0.052514;0.0081624;0.011546;0.0091909;0.020841;0.011949;0.012828;0.0018667;0.0010967;0.011249;0.0060944;0.0039338;0.045252;0.0023524
17;2.318;3.466;2;0.85;0.5;50;50;Manhattan(GeometricAverage);0.14568;0.016353;0.0057209;0.017262;0.011261;0.027771;0.019482;0.015785;0.0052933;0.0030004;0.0023939;0.012628;0.0095624;0.014672;0.015034;0.013524;0.0018031;0.0061409;0.0013015;0.081932;0.0077922;0.0034414;0.011183;0.032056;0.0034549;0.0001387;0.021715;0.014604;0.011425;0.010151;0.0014076;0.025606;0.002843;0.0019157;0.011443;0.016777;0.001867;0.0087162;0.0082461;0.010724;0.0028354;0.0054821;0.032498;0.0019525;0.0086842;0.010734;0.010099;0.0074492;0.013724;0.0035596;0.015749;0.023934;0.0037667;0.0089583;0.01519;0.019641;0.0064628;0.010133;0.017384;0.013583;0.00038353;0.0079249;0.011989;0.0066566;0.00094888;0.0063749;0.0035707;0.038653;0.027831;0.018528;0.0074399;0.0057718
18;2.3395;4387.9;2;0.85;0.5;50;50;Manhattan(Summation);0.13012;0.0029156;0.029528;0.013307;0.00058214;0.00045541;0.0022429;0.032716;0.030189;0.0023704;0.0038004;0.041781;0.0044631;0.012946;0.0082681;0.0046329;0.010672;0.003425;0.012366;0.00011441;0.0070811;0.041758;0.0041882;0.0028819;0.0067176;0.023614;0.001033;0.010752;0.03138;0.0088501;0.0041684;0.0065673;0.016932;0.0061591;0.011855;0.018732;0.011052;0.001128;0.00021089;0.008329;0.013124;0.011708;0.024582;0.011699;0.0020992;0.0081736;0.0056837;0.0018111;0.0446;0.019431;0.0085223;0.014321;0.0026259;0.056877;0.013834;0.017716;0.029253;0.0039899;0.013221;0.031812;0.0031808;0.029844;0.0027205;0.011027;0.0092085;0.013051;0.0014556;0.00045379;0.003474;0.00069452;0.011648;0.0078769
19;2.3407;3.5839;2;0.85;0.5;50;50;Manhattan(Average);0.13016;0.0076428;0.009126;0.011517;0.012247;0.0015779;0.0077568;0.016624;0.017071;0.0015429;0.0093843;0.027523;0.0043458;0.016997;0.014;0.056616;0.014977;0.011156;0.0044612;0.0093383;0.031248;0.0011209;0.0097079;0.0027306;0.0080698;0.0088057;0.017414;0.014509;0.0065923;0.00018708;0.014827;0.024361;0.0084346;0.025022;0.0051906;0.026329;0.010824;0.017282;0.0074087;0.00026836;0.013925;0.00070969;0.006783;0.010985;0.012217;0.029755;0.0079281;0.0036096;0.0295;0.0026918;0.033529;0.0061352;0.0029977;0.0314;0.0073435;0.0028233;0.0054929;0.018775;0.0073286;0.0041572;0.00069798;0.0024817;0.0018273;0.02912;0.0026853;0.010939;0.0050349;0.00095058;0.030873;0.026829;0.0064097;0.019673
20;2.3747;3.6359;2;0.85;0.5;50;50;Manhattan(Average);0.13434;0.0068402;0.00040729;0.018742;0.0056275;0.0005133;0.0056182;0.0077283;0.00095651;0.0060934;0.018643;0.028807;0.02193;0.023269;0.010065;0.07933;0.0015678;0.0057786;0.0035951;0.0083334;0.0069133;0.00014341;0.00044478;0.013936;0.023217;0.018241;0.029539;0.0095453;0.0060917;0.0014758;0.0053074;0.013614;0.016148;0.015348;0.021127;0.0017373;0.00047929;0.016446;0.0019898;0.0087375;0.018315;0.0019741;0.018781;0.01316;0.0099655;0.011574;0.0016816;0.020562;0.015493;0.013654;0.036842;3.156E-05;0.0073736;0.0060533;0.030354;0.0061561;0.016313;0.02414;0.011705;0.00068367;0.030626;0.0014591;0.0091002;0.0098143;0.0025524;0.025637;0.001841;0.013122;0.0029769;0.0055826;0.015573;0.018234
21;2.4271;3.7162;2;0.85;0.5;50;50;Manhattan(Average);0.14095;0.012422;0.012414;0.0010571;0.0060567;0.0034739;0.0085256;0.015344;0.0032241;0.016756;0.018301;0.0042927;0.0050837;0.019068;0.018869;0.0081364;0.0081686;0.0040431;0.0014547;0.00050329;0.03492;0.0090909;0.023124;0.0080315;0.01142;0.007826;0.017387;0.030688;0.0056235;0.024841;0.0085896;0.0003767;0.008069;0.0006708;0.051856;0.021883;0.014744;0.0045919;0.00051556;0.00056027;0.031039;0.022355;0.048776;0.00065049;0.013381;0.0030506;0.012246;0.0027358;0.011059;0.022884;0.0060183;7.6272E-05;0.032619;0.0015901;7.5426E-05;0.060034;0.001864;0.0061102;0.019522;0.00070446;0.00046467;0.037756;0.0018226;0.0075032;0.0032702;0.0073324;0.00050054;0.013866;0.00083448;0.0171;0.0020277;0.017774
22;6.7272;7.3857;2;0.85;0.5;50;50;Euclidean(GeometricAverage);0.10123;0.0058505;0.013691;0.0049829;0.0013531;0.064627;0.0047284;0.0012415;0.0054884;0.0042118;0.011598;0.0083257;0.019882;0.0013388;0.0024753;0.00058539;0.023046;0.00026351;0.019866;0.0098725;5.1742E-05;0.0036915;0.0063725;0.0040788;0.01067;0.0059751;0.017579;0.015614;0.028062;0.088426;0.0028706;0.00085491;0.019864;0.0057979;0.00086579;0.0039928;0.0076531;0.0078369;0.010095;0.04906;0.0012215;0.011319;0.0041107;0.0049381;0.025235;0.0040942;0.0098761;0.015109;0.065412;0.055019;0.0037354;0.034161;0.0058137;0.008581;0.0063905;0.0021297;0.0044077;0.0038695;0.0031973;0.0025915;0.0087879;0.0081905;0.00369;0.007565;0.0057746;0.011454;0.038934;0.003498;0.0066473;0.011113;0.011478;0.01758
23;8.0583;14692;2;0.85;0.5;50;50;Euclidean(Summation);0.11346;0.010935;0.0085532;0.011979;0.0024579;0.0080857;0.0098426;0.00089508;0.10742;0.0069571;0.0054692;0.0064843;0.035013;0.012951;0.0066866;0.0047987;0.0021387;0.0033216;0.0080963;0.0020859;0.05625;0.0075246;0.021644;0.020284;0.004823;0.010242;0.012561;0.00041905;0.0019897;0.013937;0.003037;0.014942;0.0098812;0.0082999;0.018537;0.01803;0.007024;0.0091753;0.00015069;0.013826;0.00021574;0.019657;0.015523;0.0098248;0.005998;0.0076596;0.01151;0.0044351;0.014382;0.012096;0.0067114;0.011158;0.0041243;0.020446;0.010103;0.00239;0.0030834;0.04054;0.016535;0.016966;0.014189;0.00074349;0.0082272;0.018502;0.010157;0.00075986;0.039454;0.0077069;0.02353;0.0079929;0.013354;0.0018261
24;8.0813;14734;2;0.85;0.5;50;50;Euclidean(Summation);0.11377;0.021749;0.0037094;0.0057865;0.0050644;0.0015301;0.018346;0.010294;0.0031888;0.014192;0.027899;0.0047085;0.03179;0.0082623;0.00020087;0.00063708;0.013647;0.010469;0.0030436;0.0010262;8.1309E-05;0.0027588;0.034503;0.0060592;0.064646;0.002799;0.0073939;0.02474;0.036213;0.01123;0.041373;0.00047869;0.010623;0.0014145;0.0071571;0.001926;0.0036765;0.0047471;0.014621;0.02293;0.0094767;0.022148;0.021667;0.022836;0.0065436;0.00039783;0.0052537;0.01804;0.0074663;0.016033;0.0089353;0.0089569;0.01962;0.00056543;0.011677;0.040173;0.0010874;0.0013571;0.0037594;0.013857;0.0065183;0.015247;0.0091439;0.0081805;0.038786;0.044714;0.016633;0.0064979;0.0047893;0.0017688;0.00076595;0.0084151
25;8.1413;14844;2;0.85;0.5;50;50;Euclidean(Summation);0.11461;0.022019;0.0088354;0.10321;0.0020585;0.001999;0.013802;0.011724;0.0038409;0.0070424;0.0074655;0.024842;0.014302;0.023672;0.036478;0.027166;0.0061583;0.0053955;0.0092651;0.0011528;0.016984;0.0040111;0.011382;0.019992;0.019343;0.001053;0.0059057;0.0031558;0.00013064;0.00078471;0.0052722;0.0082456;0.0071764;0.02503;0.0049168;0.026667;0.0043161;0.0037389;0.0078129;0.00081691;0.0061788;0.020575;0.0087237;0.020675;0.0038479;0.0047506;0.012198;0.0043884;0.0071213;0.0012485;0.0089356;0.0046898;0.016107;0.038168;0.010257;0.0061466;0.0097172;0.0038785;0.0045083;0.012303;0.00018587;0.014623;0.0085648;0.0082837;0.00050937;0.0045117;0.021751;0.0091595;0.036507;0.051063;0.00042818;0.018219
26;8.3101;9.1235;2;0.85;0.5;50;50;Euclidean(GeometricAverage);0.12564;0.012743;0.0058076;0.095232;0.0060669;0.00081754;0.0030021;0.012504;0.014608;0.0058731;0.0053194;0.0012581;0.001363;0.0092773;0.048994;0.0094718;0.0067499;0.017128;0.0066756;0.0054006;0.0025384;0.014425;0.031666;0.0081196;0.0039134;0.0052688;0.002885;0.011013;0.012272;0.0019318;0.019422;0.0025248;0.012928;0.033798;0.0033102;0.011854;0.008784;0.0034185;0.0043341;0.00033285;0.084942;0.00023663;0.002093;0.019487;0.016534;0.01173;0.010709;0.0042105;0.04341;0.014215;0.01055;0.0096614;0.0022905;0.010803;0.00024127;0.0087865;0.004096;0.011596;0.0027069;0.020236;0.015602;0.00092454;0.0064781;0.0046176;0.0072351;0.015376;0.020229;0.033487;0.005675;0.0061059;0.004649;0.0024142
27;8.3284;9.1436;2;0.85;0.5;50;50;Euclidean(GeometricAverage);0.12632;0.015518;0.0022297;0.021541;0.0069484;0.028981;0.012914;0.00011841;0.00057359;0.0039516;0.019071;0.053825;0.011794;0.0056845;0.012513;0.0095618;0.01473;0.0028007;0.018141;0.0021339;0.017901;0.0075647;0.0068284;0.043012;0.0030804;0.0037489;0.024028;0.0072714;0.00086952;0.01522;0.0098779;0.0096834;0.0053225;3.7109E-05;0.020457;0.00086136;0.009079;0.018529;0.020963;0.019214;0.029491;0.0028514;0.0035298;0.00091531;0.01363;0.014098;0.00070197;0.0017343;0.0051354;0.0080415;0.020297;0.023952;0.00738;0.015603;0.018568;0.037573;0.033447;0.0086659;0.0033133;0.0046463;0.017138;0.012258;0.016568;0.0052275;0.00021687;0.0075324;0.012304;0.02543;0.03146;0.0031915;0.0017462;0.00045895
28;9.4804;11.915;2;0.85;0.5;50;50;Euclidean(Median);0.13287;0.0041878;0.090037;0.01906;2.9275E-05;0.043698;0.011959;0.0107;0.00072858;0.0057409;0.026342;0.0033958;0.0090602;0.0051277;0.063484;0.0029216;0.004594;0.0082637;0.001576;0.010391;0.0049828;0.00025322;0.0055586;0.002173;0.003065;0.015838;0.021355;0.0016693;0.0012182;0.055048;0.0043853;0.010048;0.00052261;0.017508;0.0059316;0.020306;0.0051122;0.0071691;0.018606;0.032448;0.0069236;0.014327;0.020909;0.0049253;0.023616;0.0027502;0.010702;0.001662;0.0014825;0.010132;0.006158;0.015728;0.01402;0.0031708;0.0041071;0.00057511;0.033716;0.0009796;0.044496;0.0034394;0.012131;0.00052089;0.0031615;0.0011164;0.0087846;0.012173;0.0045084;0.018469;0.002868;0.0097237;0.0073742;0.007985
29;9.5423;11.993;2;0.85;0.5;50;50;Euclidean(Median);0.13376;0.021352;0.019371;0.031531;0.0028482;0.012954;0.0029891;0.0020207;0.0037047;0.040142;0.0043998;0.0021177;0.0067425;0.010341;0.0039499;0.0031278;0.015842;0.0029572;0.0088091;0.0044038;0.0079163;0.028585;0.0026404;0.012385;0.0058518;0.0094651;0.0087496;0.015303;0.0053551;0.010118;0.010893;0.022379;0.015145;0.013463;0.021688;0.0038527;0.01112;0.014016;0.0055869;0.0062684;0.0056221;0.022525;0.01483;0.028027;0.0030872;0.016413;0.0087506;0.0050967;0.01369;0.036008;0.011678;0.0057106;0.019901;0.0065192;0.0016051;0.013441;0.0095815;0.029217;0.02141;0.0058221;8.1455E-05;0.016125;0.011431;0.020818;0.0087754;0.016969;0.02426;0.0039797;0.024967;0.013789;0.014235;0.0014878
30;9.77;14.541;2;0.85;0.5;50;50;Euclidean(Average);0.13758;0.00021385;0.00070765;0.036973;0.01321;0.0015959;0.0014892;0.0025126;0.0020791;0.00035848;0.00047663;0.012224;0.0038301;0.025307;0.0005693;0.028123;0.021663;0.012459;0.013564;0.037408;0.0035268;0.0088172;0.0032649;0.010296;0.0081545;0.01272;0.0093225;0.0027332;0.010552;0.034252;0.012522;0.042929;0.00070774;0.0012556;0.0033079;0.0057434;0.0010378;0.014648;0.018138;0.0012535;0.0036106;0.028753;0.013022;0.022011;0.003409;0.0060833;0.011911;0.0016878;0.0017592;0.010414;0.008859;0.0037331;0.029227;0.01961;0.0024134;0.0057111;0.081027;0.019239;0.0038042;0.00033145;0.0022818;0.054206;0.013589;0.0052686;0.037143;0.0024798;0.0095302;0.015993;0.0075475;0.0091731;0.0083989;0.0002499
31;9.8577;12.389;2;0.85;0.5;50;50;Euclidean(Median);0.13819;0.018617;0.022806;0.029259;0.015916;0.0071076;0.0039721;0.0046179;0.0016251;0.02188;0.010197;0.029445;0.012973;0.010057;0.0030513;0.015305;0.0045878;0.013095;0.014262;0.0043843;0.031377;0.044251;0.024407;0.018145;0.009188;0.051185;0.0057096;3.4384E-05;0.0089768;0.0059219;0.008202;0.0028256;0.0034998;0.022373;0.03787;0.013902;0.002833;0.0082558;0.0039566;0.011239;0.018576;8.5609E-05;0.015406;0.01832;0.0094856;0.021732;0.0023635;0.0041115;0.01027;0.0076399;0.0010492;0.021102;0.0033624;0.022075;0.021857;0.00015923;0.0011309;0.014168;0.020502;0.019065;0.010641;0.016804;0.0033149;0.0047539;0.0029343;0.0028662;0.0039465;0.01636;0.00019108;0.0019556;0.0073199;0.00095114
32;10.007;14.894;2;0.85;0.5;50;50;Euclidean(Average);0.14091;0.0020084;0.083378;0.022832;0.045224;0.0027093;0.071551;0.0061062;0.0034961;0.0074905;0.0027449;0.0106;0.017795;0.0138;0.016419;0.0036778;0.0087877;0.0022832;0.00034779;0.0037879;0.021576;0.0058939;0.0039815;0.0043651;0.0032354;0.0072553;0.004095;0.01133;8.1228E-05;0.0021713;0.0084677;0.01557;0.0074395;0.016775;0.034181;0.018951;0.030314;0.0024756;0.035389;0.0064609;0.030259;0.0016238;0.0099914;0.0046429;0.0060156;0.0036808;0.00045337;0.0036803;0.024805;0.0062004;0.01756;0.0021854;0.0088559;0.0035579;0.00069681;0.0022013;0.0093467;0.012775;0.0095232;0.0024914;0.0088475;0.0014674;0.0010795;0.028493;0.0041954;0.00036398;0.015451;0.010479;0.016786;0.024664;0.018026;0.0036488
33;10.11;15.048;2;0.85;0.5;50;50;Euclidean(Average);0.14239;0.012227;0.0093291;0.0068038;0.010859;0.0085536;0.02875;0.029212;0.0035483;0.016572;0.0049434;0.0036811;0.0074557;0.0061803;0.0089709;0.024766;0.012984;0.024085;0.012559;0.0017032;0.01812;0.010869;0.016379;0.016721;0.023629;0.01469;0.017809;0.010692;0.0015584;0.009225;0.010497;0.037802;0.00078099;0.0084177;0.0033848;0.013208;0.011713;0.0027723;0.0090716;0.00062321;0.015046;0.022189;0.012747;0.0078791;0.0069806;0.0029438;0.0057912;0.026941;0.0011561;0.016141;0.015075;0.0029426;0.0023747;0.014948;0.002536;0.0091439;0.0059025;0.032903;0.012506;0.0020018;0.021873;0.0050462;0.002425;0.0075684;0.038262;0.02813;0.0036536;0.013938;0.023112;0.012883;0.0026498;0.0087764
34;10.489;1.8321;2;0.85;0.5;50;50;Euclidean(MinimumTimesMedian);0.08055;0.006962;0.009188;0.0047809;0.008071;0.0022249;0.0046567;0.0058501;0.056568;0.0041202;0.0033189;0.0072039;0.001949;0.058239;0.0054028;0.0134;0.0051594;0.00086674;0.030588;0.065162;0.034891;0.022477;0.0074187;0.0086899;0.019645;0.0059061;0.0080733;0.0036692;0.001522;0.0051267;0.0039941;0.0027782;0.0041974;0.00084097;0.0023968;0.0023882;0.010951;0.0041038;0.0011807;5.3417E-05;0.0018624;0.0069611;0.017548;0.021452;0.022526;0.0020443;0.015474;0.0014924;0.023835;0.042076;0.0021989;0.0060388;0.076871;0.017426;0.004048;0.0012095;0.0084789;0.019331;0.0089022;0.018938;0.00055157;0.054268;0.0052459;0.0093901;0.0083616;0.029967;0.0040365;0.028592;0.011201;0.0013001;0.00028775;0.0035172
35;11.132;1.9445;2;0.85;0.5;50;50;Euclidean(MinimumTimesMedian);0.078971;0.0044465;0.00097005;0.0022717;0.0042958;0.0051637;0.017039;0.0037502;0.00075804;0.014214;0.017296;0.073935;0.0064545;0.003763;0.0118;0.0058356;0.0029243;0.015261;0.038456;0.010742;0.0024242;0.0037635;0.069922;0.0021834;0.0027215;0.0054313;0.018776;0.016907;0.068482;0.0058218;0.014851;0.0021317;0.035168;0.006893;0.0014769;0.0028962;0.0015719;0.016341;0.0067781;0.0057581;0.0021251;0.024778;0.00064006;0.0038366;0.0001322;0.0039448;0.0037036;0.00061093;0.0071459;0.0047277;0.0055618;0.0073149;0.060751;0.0037317;0.008011;0.012809;0.0035197;0.0023314;4.1186E-05;2.7016E-05;0.004062;0.067455;0.03749;0.0027475;0.0057862;0.0058674;0.058315;0.010494;0.02942;0.0069711;0.0022526;0.0047491
36;11.297;1.9732;2;0.85;0.5;50;50;Euclidean(MinimumTimesMedian);0.081203;0.010238;0.0065074;0.014215;0.019915;0.01214;0.0068495;0.027889;0.0078277;0.0043891;0.0054922;0.020981;0.025872;0.032997;0.020245;0.052527;0.057326;0.0060994;0.017676;0.0038078;0.0033308;0.0030898;0.071639;0.001476;0.017979;0.066878;0.00041578;0.0025862;0.035629;0.015014;0.0053516;0.0021787;0.063001;0.0038021;0.0023821;0.007947;0.00016119;0.0093369;0.0083969;0.0091176;0.0011091;0.0011605;0.011219;0.0045244;0.015914;0.016291;0.0017565;0.01451;0.0036751;0.00053927;0.00059011;0.0067112;0.0042994;0.009768;0.006628;0.0033054;0.0053151;0.011944;0.00673;0.0064302;0.0019851;0.00035105;0.006693;0.0017298;0.0076067;0.0034689;0.032287;0.0055401;0.016687;0.009475;0.0012501;0.016595
population
1;-10.02;0.55438;5.2164;0.089754;1.6401;0.85372;0.41038;0.38215;0.63743;0.34564;0.50036;0.068654;0.52276;2.3726;1.7167;0.21688;0.70588;2.6547;0.15297;0.00030912;2.7678;0.41837;1.2642;2.2736;0.75473;1.5606;0.71189;1.4761;1.75;0.6767;2.2468;0.58222;0.82545;0.24963;0.88209;0.54072;0.1065;0.042466;0.6317;2.3408;0.54003;2.5199;0.8871;1.1269;0.34699;0.42015;0.66722;0.11054;0.084212;1.7256;0.02768;0.16809;0.15447;2.1046;0.10116;0.45562;0.32323;0.47075;7.3222;0.61587;1.0713;1.2021;2.6839;3.6163;0.6398;1.994;1.7285;0.096791;0.22198;2.0324;0.0093469;0.27266
2;128.53;0.52974;0.17787;1.1321;1.2972;1.4877;1.9308;0.32194;0.95777;0.57621;3.0536;0.62587;0.047561;0.45921;0.13945;2.9952;0.90031;1.5322;1.0194;1.4693;0.76832;0.21839;0.042749;0.12184;0.081992;0.11211;1.8965;0.57156;2.2334;0.34955;0.67749;0.6174;1.1509;1.0195;0.41945;0.35466;0.75166;1.3614;0.086423;0.97748;1.705;0.19997;0.38256;0.29303;2.909;0.67243;1.5037;0.68439;1.8035;1.7734;0.15961;0.72234;0.47778;0.45994;0.38763;0.014946;0.46163;0.95705;0.47083;0.072158;0.045257;0.49436;0.34496;0.17841;0.081397;0.37041;3.3304;1.9473;1.3722;0.20659;2.9159;1.5652
3;11.414;1.7072;1.0646;1.7201;1.0913;0.50665;0.19296;0.25451;0.25072;0.1009;0.11064;0.80557;2.9652;0.1778;0.82094;1.2381;0.70623;1.5295;1.1375;0.54844;0.96697;0.222;3.9448;1.007;0.2727;0.54659;0.24958;0.10806;1.6149;0.29366;1.8519;0.7876;1.3603;3.3108;0.035221;1.4178;1.8739;0.080879;0.02797;0.13516;0.020375;1.8563;0.08444;0.58677;0.47707;1.1493;0.96678;0.19247;2.215;0.5669;1.1468;1.2927;0.25024;0.36649;0.039569;0.26594;0.69877;0.14986;0.51658;0.83044;1.1243;1.0086;0.41057;1.8788;2.2566;0.41555;0.35061;0.69766;3.0598;0.0045387;0.1941;1.0956
4;-4.05;0.21659;2.5379;0.23959;0.40002;0.37541;1.3959;0.69474;0.26931;1.7764;0.22892;1.082;0.30746;2.4394;1.5384;1.1758;2.2785;0.14269;0.15505;2.5354;0.33123;0.07078;0.046046;1.2329;0.28971;1.7085;1.9735;1.5685;0.45469;2.784;0.41488;0.49723;3.8539;0.087743;0.30624;3.6253;0.031282;0.90351;0.84313;1.1736;1.0683;0.70737;0.11423;1.9713;0.30262;0.058125;0.36612;2.0052;0.76252;4.9545;0.071724;0.044012;0.25249;3.6644;1.4507;0.02739;0.040254;0.042646;0.0073074;2.2671;1.1092;1.6581;1.6878;1.3609;0.71015;1.0138;2.3432;1.0229;3.1429;0.072316;1.5096;0.69401
5;-91.22;0.79356;0.22877;0.0072433;0.34411;3.7529;2.4348;1.8803;0.0073714;1.6888;0.37728;0.17258;0.26978;2.5309;0.40162;0.58296;1.2336;0.26883;0.88819;0.1698;0.69342;0.60344;0.53717;0.77271;0.32748;3.0446;1.0799;0.42859;0.54412;0.56214;0.081873;0.98738;2.19;1.1633;0.85057;0.41905;0.5022;4.7726;0.28416;0.60367;2.0095;1.8423;0.34629;0.61337;1.3148;0.2714;0.28847;1.0504;0.16917;1.3792;1.9222;0.096759;1.5675;0.6575;1.6008;4.2581;0.81769;2.1861;0.028602;2.9221;2.6251;2.4534;0.10985;0.1506;1.515;3.2293;0.19134;1.5208;0.10685;1.6334;0.09766;0.10717
6;23.616;0.17661;0.96466;0.96737;0.42961;0.48989;0.55595;3.1297;0.23598;0.83385;0.48392;0.95664;0.89076;0.71257;2.4033;0.33521;1.3713;1.407;0.46422;3.4723;0.37597;0.4599;0.023617;2.3689;0.65361;2.2204;0.91052;2.9666;0.88099;0.64163;1.2134;1.462;0.68624;1.014;0.42609;0.90715;0.11433;0.97767;0.94664;0.015343;4.8406;0.10902;1.5385;1.6299;0.16414;0.82079;2.0929;2.0685;0.41165;0.29481;1.6314;0.68545;1.335;0.092895;0.87922;0.18317;1.2638;0.81367;0.2895;0.12786;2.6484;1.9247;0.17319;2.9023;0.83043;2.9239;0.33843;0.11991;0.58791;0.3324;2.016;0.23048
7;133.48;1.5894;0.54064;1.742;0.90394;0.46664;0.8123;0.66729;2.437;0.61637;0.50762;0.92803;1.8968;0.018512;0.44514;0.014114;0.85694;0.25524;0.39197;1.5915;2.0889;0.66491;2.2268;0.084899;0.06416;0.6474;0.64331;0.84702;0.17916;3.7903;1.1634;1.5219;0.53566;1.7049;0.93331;0.52701;1.2183;1.2136;3.0509;0.94392;2.9754;0.82848;1.0971;2.5704;1.3957;2.3954;0.062119;1.3414;0.46574;1.3298;0.8744;0.070669;0.42587;0.51396;0.34671;1.3614;0.75133;0.64854;0.19297;1.052;1.8875;0.36453;1.07;3.4121;0.67862;0.14509;0.15816;0.51774;0.75893;1.1675;2.1235;1.3106
8;138.36;3.4316;1.3022;5.0187;0.80173;1.3587;0.36078;0.28211;0.85113;1.1128;0.44222;0.24869;1.1631;1.2782;0.41637;5.7554;0.30562;1.5784;1.8672;1.4905;0.25275;0.9556;0.59734;2.3118;0.99495;0.9067;1.8762;0.088919;0.2797;0.48541;0.32176;1.2809;0.77135;0.36337;2.6118;2.3874;0.92415;0.11298;1.7619;1.5283;0.9148;1.3186;0.46457;0.53157;1.9542;1.9152;0.70307;0.30043;0.85051;1.3156;1.2427;0.070189;3.3287;0.57661;2.2886;2.318;0.088073;0.33529;0.26218;0.74173;0.3603;0.31203;0.0046393;0.31032;0.92243;1.8204;0.07224;0.1624;1.1811;0.52544;0.65685;1.8992
9;147.43;3.174;0.94737;1.5995;1.5758;0.015344;0.88877;0.7545;3.8737;0.1562;0.56103;0.31781;1.2687;1.5687;0.56329;0.4454;1.0389;0.26127;0.32225;0.45076;2.4849;1.3354;0.79946;0.45005;0.49732;0.68634;0.37783;1.0797;0.4968;1.6706;0.70529;1.0392;0.18867;0.4059;0.30217;0.67573;1.0787;0.069403;0.41818;0.025853;0.12985;0.15327;0.56817;0.83688;0.46051;1.0754;2.7686;0.26617;2.1444;0.019989;0.62856;0.28822;1.3142;0.93363;3.7293;1.1457;2.166;1.9065;0.13069;0.74456;0.7832;0.075236;0.35793;0.33433;0.38588;0.25416;0.77196;2.9582;0.13846;2.5293;1.1768;0.35763
10;12.361;1.3726;0.30004;2.7036;0.80632;0.38721;0.58965;1.1012;1.1145;2.0485;0.92777;0.09306;1.3348;1.4946;0.16401;2.5286;2.6085;0.71626;0.6204;4.5579;0.22595;0.38197;0.4798;1.3288;3.2863;0.34863;0.30082;1.8804;0.95898;0.2659;0.29304;0.068173;2.0492;0.11844;1.151;0.62139;0.36561;2.7094;0.27426;0.16304;0.84683;0.13134;0.46364;2.9998;0.66547;0.18569;2.487;1.8373;1.316;0.16532;0.11426;0.00075362;0.032626;0.10235;2.5238;1.0345;2.9084;0.073489;0.11532;1.8605;0.27682;0.65943;1.3254;0.90417;1.4567;0.83609;0.054496;0.74627;1.2197;1.9938;1.2585;3.113
11;133.62;0.020665;0.35654;0.56206;0.66425;1.3492;1.7673;0.36038;1.8012;0.070697;0.26944;1.0591;1.0974;4.8237;1.6902;0.1634;0.42266;2.3074;0.30005;0.6042;1.7888;0.74981;0.22058;0.11426;0.66701;0.43093;0.94164;4.1825;3.7678;0.56295;0.19047;0.15138;0.097079;0.051429;0.79962;3.873;1.1122;0.44096;0.04045;0.62625;0.14196;0.041114;2.5713;2.1789;1.1443;0.52153;1.4588;2.285;0.20526;0.6546;0.29507;1.053;1.0949;1.1247;1.5526;0.039599;1.0296;2.0812;0.23583;0.27547;0.77293;0.59635;3.1206;2.9249;1.3202;0.088676;0.51681;0.35978;0.3475;3.784;1.9195;0.0093508
12;-48.722;0.3058;1.5888;0.72017;0.35005;0.20384;0.84929;0.021197;2.0526;0.24601;0.19107;0.17623;0.065678;1.1193;0.47434;1.2466;0.66282;1.0213;1.7901;0.06795;1.4857;1.1333;0.20724;0.55164;0.36161;0.83773;2.2041;0.56626;0.0076951;0.14571;0.43214;1.4588;0.086228;0.00094684;0.86912;1.1378;0.53173;0.071325;1.2873;0.5251;1.2294;1.4983;0.082673;0.2001;1.0792;2.1585;1.021;0.96866;4.3226;0.1449;0.95028;0.096643;1.2455;0.27235;0.44073;1.6724;0.44337;0.52064;3.0489;0.42291;0.40508;1.0018;0.075472;1.7439;0.14306;1.5172;0.41403;0.51882;0.085736;5.2409;0.57029;1.2155
13;-42.269;0.58452;0.34213;2.7805;1.1551;0.92898;0.15678;0.34322;0.34979;0.045113;0.29749;0.57523;1.7708;1.035;0.20973;0.050745;2.5178;0.62769;1.6095;0.70857;2.9979;0.10694;0.38713;1.4798;1.392;4.9698;0.75986;1.5692;0.14081;0.47959;0.72101;0.79573;2.2255;4.1814;1.7343;0.99931;0.015777;2.4603;0.25307;2.4338;0.12261;0.2447;1.7803;1.5755;2.3956;0.32363;0.79064;2.7986;1.0098;0.48625;0.5654;0.20901;0.045865;0.16223;0.17935;0.63214;2.0958;0.50043;0.075647;1.0827;0.26994;0.19247;0.16219;0.36618;0.61682;0.91536;0.79301;0.44905;1.588;1.2121;0.081264;1.6242
14;137.97;0.79579;0.54862;0.98675;2.9723;1.5556;0.56593;2.9227;1.68;0.31205;0.26974;0.058544;0.72448;0.2761;0.23675;0.21403;0.18924;0.96385;1.4569;2.555;2.0753;0.9606;0.57724;0.72858;0.326;0.31637;0.14339;0.52104;3.2232;0.80489;0.67607;0.91677;0.24251;0.55926;0.86922;0.7269;1.7878;0.42168;1.8292;1.8331;0.28792;0.50614;0.73872;0.090333;1.5145;0.59763;0.30526;0.87366;0.4301;0.41319;0.23878;0.39119;0.54161;0.03508;2.4672;0.68847;0.67012;0.1179;0.45228;1.1194;0.22694;0.99544;0.43036;0.78555;1.3906;0.23505;1.1172;0.37332;0.21186;0.00028245;1.7646;0.15912
15;-180.75;0.52628;0.30305;1.2554;1.2015;0.54359;1.5077;2.9576;1.233;0.29756;0.63452;0.92856;0.52628;0.15098;0.22921;2.0569;0.16975;1.1138;0.46922;1.5243;0.27006;0.40825;0.66648;2.6013;1.3868;0.079531;2.045;1.4164;1.7477;0.0023992;0.05065;4.0194;1.6321;0.32949;0.16403;0.98037;0.60725;1.6344;0.74865;0.93133;0.61594;0.6478;0.24795;2.2246;0.34419;1.2584;0.75284;0.1097;0.096572;0.20364;2.8494;0.52159;0.039098;1.5953;0.12664;1.1762;0.051131;1.7849;1.8256;0.66963;0.19856;0.50439;3.9719;0.044954;1.2773;0.50209;0.38976;0.64857;2.1816;0.62066;0.25687;1.0638
16;65.177;0.050796;0.87123;2.3629;0.2838;0.31108;0.59701;0.12662;2.183;0.69003;1.1975;0.82638;0.09633;3.166;0.84979;1.2345;0.31519;1.6407;0.29639;0.20192;0.10918;0.18489;0.81666;0.15746;0.88476;2.5179;1.7765;0.020295;2.2074;0.53761;3.2884;0.45536;1.0747;1.1186;0.43955;0.15075;1.7177;3.0481;4.5162;0.38642;1.3959;0.18676;0.71115;0.10078;0.62362;0.43315;1.5507;1.0586;4.0583;0.52965;0.35908;0.33526;0.042254;0.77435;2.6725;2.5193;1.2945;0.11873;0.57097;2.1149;0.99069;0.07113;0.46512;0.94679;0.0058853;0.23021;0.44697;0.038481;0.17917;1.4898;1.4733;0.28269
17;78.622;1.612;1.2748;0.69845;0.60628;0.56647;3.0299;0.65371;0.38805;0.17515;0.07352;0.42183;3.4435;3.1969;0.06969;0.030002;1.4483;0.032451;2.5366;0.38286;0.83462;0.9103;2.8129;4.2054;0.1181;0.2755;0.94989;2.6535;7.2295;0.89626;2.1617;1.4919;0.21081;0.013739;0.71665;1.3355;0.2343;0.34464;0.19328;0.056187;0.93063;2.4599;0.56646;1.0538;0.066005;0.36224;1.9099;0.46608;0.50226;0.51271;2.0162;0.55596;2.4921;0.27506;2.1909;0.18861;0.97847;0.68537;1.2751;0.06172;2.012;0.23336;0.88815;0.32178;3.0999;0.65514;1.1316;0.88514;1.6492;0.42082;0.89019;0.26317
18;-32.993;0.019483;1.6729;0.58285;2.8794;0.34644;0.0225;1.8069;0.10242;0.48185;0.29697;0.19105;0.12048;3.034;0.57321;0.52372;2.7591;0.11708;3.6498;0.35544;1.2638;1.2229;0.56534;0.46323;1.1392;1.9874;0.96632;0.0298;0.68235;0.28518;0.48472;1.4329;0.43109;0.053362;0.58188;0.81413;0.8952;0.38347;0.99047;0.39004;1.6892;0.42612;0.067212;0.12653;0.26136;0.65555;0.70322;1.1814;0.12486;1.491;2.5262;0.18472;2.8098;0.021807;1.649;0.50469;0.56102;1.7361;1.0857;1.8701;1.5414;0.045634;0.057311;1.2682;0.76365;0.67768;0.91824;0.97381;0.38265;1.3278;2.7013;2.17
19;-32.779;0.82557;2.3085;0.81666;0.92613;0.64367;0.27649;1.7248;1.3948;0.21377;2.2937;1.6031;0.34004;0.98258;3.0821;1.9046;0.68958;0.29225;0.14388;0.87052;2.3534;0.30066;1.6449;0.17191;1.6884;0.4148;0.057176;0.52509;0.30213;0.37716;0.064657;0.11287;3.3039;0.22195;2.7025;0.62445;1.2226;0.44546;0.38835;1.1875;1.0047;0.37531;0.12546;0.06936;0.35615;0.46923;0.34006;1.976;1.6409;0.27631;0.84495;0.65545;0.64252;0.6091;0.40915;0.10506;0.018291;0.049091;0.33559;2.0416;0.90453;0.38258;3.672;0.29296;1.8047;0.037125;0.80155;0.95126;0.32933;1.2292;2.4032;2.4831
20;47.098;0.049159;0.075319;0.99418;1.5923;1.2856;0.42592;0.21378;1.8112;0.66211;0.88093;0.55417;0.053436;0.98557;0.76408;0.53239;0.22176;3.2936;0.75695;1.0321;0.066634;2.1247;0.80635;0.08932;0.71802;0.37926;0.45404;0.45053;1.1692;1.2577;0.69894;0.68327;0.52515;0.1538;0.75692;0.065635;2.6494;0.45779;0.72356;0.0859;1.0615;0.39947;2.2985;0.40332;1.117;0.061387;1.2514;0.87115;1.9905;0.84211;0.21879;0.010918;1.3978;1.2576;0.84496;0.10001;0.076829;1.9578;0.18878;1.0167;0.46494;0.40914;0.96759;0.30591;1.8022;0.16194;1.0754;0.3275;2.5193;2.0539;0.61452;0.34141
21;-55.308;0.37771;1.3459;1.5375;3.5972;0.72042;1.2076;0.81636;0.13456;1.6779;0.62171;0.23025;0.01564;0.82189;1.0128;1.8268;0.31191;0.70889;0.74945;0.081884;0.13518;1.4088;0.19969;2.5927;0.2954;0.41173;0.20828;0.055245;1.2399;0.33265;1.2196;0.48051;2.245;0.045206;1.1439;0.44104;2.6304;1.4063;1.5235;0.95985;0.1065;1.3583;1.8546;0.41129;0.944;1.5554;1.1101;1.8036;1.9443;0.66205;1.5154;0.69972;0.48831;1.5161;1.1423;0.055633;2.3901;2.338;1.2527;0.81051;0.28424;0.058031;3.0486;0.50037;0.16022;0.7433;0.54178;1.1174;0.42311;0.3224;2.9595;1.7901
22;-134.85;1.0832;4.2544;0.54736;0.49091;0.49923;5.2699;1.096;0.11794;0.30485;0.071784;1.3802;0.48805;4.6339;1.2871;0.74418;0.28784;1.7508;0.18696;0.31657;0.53777;0.031864;1.2455;1.5799;0.98761;1.4384;0.87875;0.047457;2.597;0.021375;1.5781;1.2279;0.12531;0.037156;3.4122;0.27403;1.1314;1.1299;1.4883;0.37436;3.6056;1.3715;0.77902;0.87604;0.068487;0.14299;0.048133;0.74011;2.612;0.40041;1.5924;0.93044;0.73608;1.7412;0.51404;1.3144;0.93186;0.11439;0.087343;0.29959;0.32696;2.1393;0.26977;1.0313;0.72242;0.12168;0.081175;0.25683;1.0681;1.1719;0.0006857;1.6345
23;78.836;1.2755;1.3525;1.9937;0.57363;0.32784;1.0357;0.57488;0.23608;0.082782;0.36258;0.68696;0.087856;0.90402;4.6743;0.13091;1.0136;0.15519;1.1372;3.6776;0.085298;0.44135;1.9015;0.023571;0.12585;0.076516;1.7744;1.1876;0.15851;1.6201;0.078606;0.60043;0.63994;0.33294;1.1623;0.079652;1.8279;0.32029;0.3183;0.35816;3.9174;0.61202;0.67735;0.9071;5.0784;1.2521;1.2625;1.4927;0.042717;0.94039;0.76753;0.36222;2.3595;0.13576;0.32409;0.15411;0.77715;1.0163;0.65623;0.72541;0.016453;2.1092;0.70468;0.1449;2.0523;0.3361;0.12472;0.073781;1.9074;0.40447;2.3338;1.3749
24;-188.53;0.49169;0.27146;2.5814;2.9605;0.13163;0.44019;0.16123;0.75637;0.66072;3.2478;0.40207;0.26412;0.69585;2.3589;1.7158;0.39053;1.364;0.64053;3.7812;0.48693;0.36879;0.70489;0.015429;0.86643;0.1959;1.4005;0.19647;2.3196;1.1634;1.5972;0.04367;0.12451;1.0556;0.37888;0.52563;1.2916;0.12019;0.9369;0.62294;1.6397;0.9807;0.021051;1.9692;0.76508;0.38808;0.11684;0.37842;0.43832;2.0275;0.34207;1.8771;1.4722;0.81998;0.11212;0.36912;1.0737;1.1234;0.21723;0.47918;0.33628;1.2736;0.6791;0.59852;1.7467;1.7517;1.5982;0.16157;0.038231;1.0604;0.27439;1.7151
25;-21.14;0.055511;0.26802;0.089329;1.6079;0.12247;0.60617;0.31875;0.68607;1.2091;0.16882;2.9009;0.1657;1.175;0.156;3.1884;0.2226;0.87827;0.93252;0.14746;0.4017;0.26969;2.972;3.0254;4.6009;0.75178;0.041027;0.23309;0.12139;1.6992;0.39332;0.46344;0.21468;0.033014;1.5244;0.052554;0.96228;0.86356;0.089598;0.74386;0.59694;1.758;1.0371;0.034835;0.88085;1.3762;0.41811;1.8234;2.0644;0.61459;1.8167;2.8095;0.77175;3.3811;2.4729;0.77494;0.40738;0.39504;0.54094;1.8363;1.224;0.37109;0.27534;0.39659;0.29328;7.3941;3.7595;0.28298;0.89201;0.096492;0.33636;0.68207
26;-66.79;0.48554;0.59387;2.3137;1.4276;0.059501;1.2406;0.91651;2.6232;0.51585;0.78878;0.15754;1.0484;0.27929;0.54493;0.0077442;0.2429;0.64308;0.34962;1.2173;0.57447;0.14775;1.14;0.038471;0.52404;0.67449;1.7778;4.9408;0.58148;1.67;1.1215;1.0297;0.1311;0.066244;1.6882;1.4433;0.98476;1.4801;1.7538;0.076636;1.3228;2.7326;0.92505;0.0056924;0.93505;0.67305;0.51869;0.77882;0.093398;1.9993;0.66203;1.3744;0.61066;1.9375;0.16464;1.633;1.1805;0.19567;2.0579;0.26976;0.27089;2.0886;0.012264;0.93819;1.2394;0.14615;0.63532;0.16401;2.5039;0.7024;0.025484;0.20338
27;31.365;0.30941;0.75605;0.029966;0.40669;0.28407;0.33541;1.3258;0.64379;0.32586;0.095003;1.1592;0.10462;0.15516;0.89637;0.66276;0.25538;0.31551;0.31679;0.21225;2.11;0.060415;2.1634;0.59546;0.12281;3.9738;0.96851;0.3165;1.4837;0.31315;0.10658;1.2042;0.15072;2.2336;1.3135;0.034476;0.31775;0.93197;0.41219;1.2508;0.81146;0.24993;2.2008;0.39269;1.289;1.4126;0.58444;3.7419;0.17628;0.12033;1.4445;0.23709;0.18122;0.40184;1.0174;0.8409;1.3899;0.42704;2.2296;0.25062;0.21709;1.0716;0.76575;0.99268;0.34938;0.84858;0.11429;1.9588;0.091501;0.39443;0.45309;2.4533
28;20.981;0.18435;0.81518;2.1543;0.59726;1.1022;0.16001;1.8042;0.2256;0.02382;0.1254;0.52148;0.25448;0.12112;1.4758;3.0057;2.0782;2.7668;0.044831;0.20993;0.091829;0.43706;0.51611;2.4263;0.1043;0.1182;0.48096;2.8615;0.50308;0.51864;2.5678;2.848;0.25095;0.264;1.1224;0.013642;1.0329;0.31355;1.254;1.1654;0.42049;0.13282;0.35514;1.9024;0.87574;0.55283;1.0695;1.6842;0.073981;0.60302;2.1889;1.3218;0.024218;0.97311;0.39062;2.4764;0.28424;0.71828;0.2547;0.062111;0.13697;0.065581;0.017972;0.05986;1.2249;0.95709;1.5484;1.0466;0.89942;1.0249;1.8444;2.1057
29;-39.193;1.0203;0.40854;1.957;1.0811;0.74195;0.063026;0.35044;1.4202;0.18631;0.57258;0.54408;1.6988;1.3904;0.6727;0.11494;1.5572;1.9635;1.0963;0.61583;0.25877;2.7289;4.043;0.2658;2.3537;0.97601;4.1646;1.1264;0.04745;0.63079;4.8673;0.48462;0.72045;0.29651;4.2916;1.7261;1.3642;0.42807;0.17724;1.0274;0.70008;2.2445;3.4549;0.26083;1.1876;1.0679;1.9125;1.3054;0.001199;0.02629;0.15121;0.048966;2.0725;0.0082661;0.42533;0.81439;0.0061578;0.97514;1.3974;0.65217;0.48693;1.1688;0.25863;1.1323;0.42717;0.474;1.6065;1.0721;1.1234;0.31516;1.1207;0.59347
30;59.594;0.48501;0.12791;0.039436;1.037;0.77992;0.41306;1.3239;0.28097;0.19976;0.8674;0.0079469;0.00098757;0.0032487;1.2225;0.10701;0.063968;3.6192;1.6836;0.48751;0.48596;1.0493;1.7367;1.4023;0.93008;0.061906;0.85916;0.65868;0.7595;0.058493;1.6384;0.28877;1.392;0.77303;0.038365;0.22703;0.020965;0.79688;0.28756;0.8167;0.040303;0.045223;0.18426;0.19859;0.50496;0.28849;0.98422;1.4214;0.1881;2.6692;0.55887;0.46601;2.1767;0.63987;0.68691;0.62523;1.1228;1.6324;0.35224;0.29877;0.43821;0.39326;0.24372;3.8005;5.1369;0.72435;0.79595;1.7404;1.9972;0.60592;2.1041;0.29283
31;59.982;0.51978;1.7694;0.15285;0.50615;1.1522;0.10867;2.6116;0.87417;0.21019;2.2408;3.735;2.767;0.31193;1.0311;2.157;1.4506;0.35149;1.1767;0.47911;4.6435;0.22759;0.069039;0.9763;1.1379;0.7723;0.86385;0.49742;1.5245;0.86308;0.041406;0.26343;3.2893;1.2511;1.126;0.37668;0.50716;0.48084;2.0848;2.2382;1.2922;0.89026;0.90494;0.59399;0.0914;0.023036;2.2772;1.1353;0.70428;0.57694;1.4032;1.6554;0.17769;1.9579;0.089604;0.42235;1.6061;0.46599;0.26338;0.5232;1.2435;0.0033164;0.41338;2.2711;0.55205;0.18748;3.2142;0.22862;0.50319;0.088253;0.98289;0.77521
32;-14.2;0.14022;0.409;0.33278;0.037169;3.1888;0.40532;0.29504;0.40543;0.41762;0.44536;5.1112;0.25628;0.17191;0.59297;0.0054398;1.5826;0.55679;0.074409;1.4066;0.3469;0.49088;0.97199;0.53259;5.6413;2.0219;0.18531;0.4195;3.154;0.22808;0.27721;2.8002;2.4426;0.69628;0.071544;1.1498;0.56448;0.70628;2.1811;2.1917;0.4616;0.010821;0.54573;1.1151;1.52;2.0035;0.9011;0.015689;1.9586;4.3746;0.3437;0.054997;1.7902;1.6534;0.87714;0.63966;1.4231;0.34358;0.93882;1.2694;0.15012;0.51396;0.073893;0.065493;1.4689;0.19704;1.323;0.24445;1.4291;0.27089;0.14993;0.12782
33;-12.735;0.78107;0.41173;0.94415;0.027078;4.3902;0.78716;0.47265;1.4846;1.7845;0.53022;0.59491;0.32735;0.49865;0.61471;0.79175;0.44434;2.9227;0.58123;0.09604;0.33652;0.29458;0.36049;0.02297;2.2122;0.75718;0.35562;1.5541;0.50164;0.24943;0.62017;1.3558;0.080712;0.4839;2.2541;0.20147;0.40619;0.75614;0.21607;0.2174;0.35247;1.3916;1.564;0.56725;1.9275;2.4425;0.45668;2.8238;2.6469;0.083335;0.27068;3.081;1.8478;0.27135;1.1514;0.56247;1.6497;1.2375;0.27037;2.2961;0.12988;1.3369;1.0063;0.64276;0.15426;0.85541;0.026908;0.77191;1.0541;1.3843;0.67978;0.20624
34;-27.529;0.50093;4.0174;2.6681;1.41;0.059987;1.2896;0.074812;0.094912;1.1007;0.40977;0.24099;1.0325;0.5284;1.5309;0.96821;1.2786;0.18038;5.8752;1.3131;0.88287;0.59331;3.9632;2.0648;0.89578;1.5353;1.9823;2.6402;0.39105;1.6007;4.2156;0.48852;1.6694;0.34336;0.3323;0.12987;0.52892;1.9245;2.3639;0.75867;1.221;0.063013;2.3755;0.38873;3.0543;0.93714;0.18185;0.22461;2.1104;1.2754;0.5856;0.3705;1.052;0.13727;2.0676;0.34447;0.46613;0.26287;0.066285;1.5498;0.75083;1.3031;0.42063;0.25375;1.3261;0.90998;0.077845;1.3888;0.087914;0.71631;2.7066;0.71958
35;59.146;0.024981;0.39498;0.73887;0.77586;0.22299;1.1261;0.18676;0.73349;2.1693;0.82468;0.17306;1.0405;0.36355;0.81706;1.9884;0.12174;0.76086;0.18188;0.1943;0.71028;0.72792;0.1757;0.66768;0.64833;3.0509;0.44517;0.94246;0.45802;2.8336;0.37071;0.75171;0.60068;1.8193;1.2767;0.020669;0.80984;0.66577;4.0589;0.28293;1.7279;0.52106;0.64683;0.38398;1.601;1.1182;0.87333;1.3456;0.21357;0.16551;1.7963;0.54223;1.014;0.25237;0.098639;1.7978;0.085049;1.9944;0.068863;0.15979;1.6671;4.9828;0.45691;0.61448;0.028019;0.90098;0.58854;0.039437;0.32753;0.70649;1.1919;0.35419
36;-57.354;0.71524;0.26936;1.1563;0.72649;0.60741;0.14864;0.23057;3.0707;0.52982;0.43967;1.2451;1.4884;0.7192;0.92387;0.22325;0.024022;0.14176;0.18436;0.83219;0.23285;0.69634;1.7541;0.49603;0.050578;1.1406;0.5802;2.4537;3.0986;0.24585;0.88879;0.12031;0.87709;0.75594;0.57401;0.76821;1.5559;1.7519;1.9949;0.48114;0.14626;1.4394;0.042153;0.10455;4.9147;2.4269;0.37894;1.1649;2.7921;0.09408;0.042235;0.14377;0.35979;0.13802;0.11977;0.55109;0.0054845;0.8233;0.82702;0.9272;0.1411;0.54339;0.052121;0.95542;0.39717;0.17349;0.16985;0.56283;0.13371;0.89492;1.596;2.3331
37;-73.74;1.0465;0.70281;0.46449;0.2236;0.80934;1.8519;1.3164;1.6736;0.73384;1.3258;0.85291;0.39989;1.1883;0.67866;0.33022;0.13466;0.8658;0.41686;0.12548;0.57378;1.7728;0.075375;0.22981;1.0025;0.31035;1.4093;0.87537;0.17671;0.21737;0.24018;0.67055;2.1927;1.3032;0.38688;0.37359;0.82854;1.1191;2.0057;1.6958;1.0888;0.65033;3.2468;1.8791;0.1672;1.8661;0.53268;0.53901;0.47218;1.507;0.3748;0.95288;0.058439;0.11135;0.29965;0.75049;0.29984;2.3199;0.68155;0.31661;0.22509;0.81363;1.3174;1.8499;0.13801;1.0901;0.36247;1.4555;0.75766;0.60733;0.57694;2.5313
38;69.521;0.072981;0.8417;0.12815;0.73592;1.4855;0.43188;2.4513;0.87862;0.32848;0.056623;0.19996;1.455;0.11551;0.09324;0.81943;0.11685;0.0021835;0.59507;0.10086;0.10528;0.79241;1.2034;0.68969;0.43862;1.229;0.3718;0.58162;0.033688;0.3731;0.30308;0.24068;0.5803;0.47527;0.067446;1.1601;0.44852;0.38813;3.2838;0.11409;0.77951;0.052648;0.26275;0.998;0.78213;1.1904;0.42446;0.86146;0.69174;0.012769;0.18916;0.81329;1.0563;0.085662;0.039519;0.82;1.6321;0.80541;0.37142;0.027665;0.27419;0.07643;7.0357;0.36342;0.7455;1.6408;1.1535;0.016166;3.0846;1.0388;0.23035;0.5073
39;34.149;0.34742;0.56976;0.28483;0.10345;0.51088;0.53618;0.12964;0.86474;0.27156;2.0928;0.43819;0.40176;1.8477;3.8048;0.36793;2.5129;0.022368;0.09174;0.024773;1.8357;2.0927;2.4245;1.0802;0.77652;0.76868;1.8894;0.83201;1.1575;0.0029801;0.56459;1.7505;2.0968;0.19432;2.7951;0.44647;0.93153;0.31027;0.52749;0.05627;0.04871;3.3514;1.0485;0.54648;1.1201;0.41814;0.69443;1.3667;0.69431;1.0975;1.088;0.50993;2.5775;0.67337;1.6904;3.5918;0.7835;0.73587;1.9462;0.74849;1.5866;2.8335;1.1278;0.11968;0.051388;0.14016;1.5348;0.40605;0.69488;0.34989;0.90459;0.68775
40;62.775;3.9864;1.9257;0.45281;0.10438;1.3417;1.5205;0.58147;0.45097;0.85656;1.1621;0.38361;0.95103;2.7017;0.95216;0.65755;0.030667;0.29254;0.98802;0.92165;0.40371;1.2784;1.0363;0.64333;0.29364;0.16611;1.1919;0.1582;1.133;1.983;0.2168;2.1887;0.21645;0.68511;2.493;0.51065;2.2814;1.1143;0.17806;3.7402;1.0867;1.9681;2.9029;0.13502;0.14689;1.2482;0.90584;1.6046;1.9124;1.0919;2.9025;1.7213;2.4486;0.23356;1.9161;1.02;0.12282;4.1757;2.348;0.094786;0.51383;0.32463;0.029754;3.2956;0.081739;0.82532;0.26284;0.27649;1.2636;0.91816;1.0578;0.13072
41;-20.128;0.047538;0.5352;4.3838;2.3529;0.40684;2.7536;1.9534;1.4637;0.057029;0.25767;0.84974;0.18784;0.045578;2.0459;0.1016;1.0036;1.1729;0.11873;0.039936;0.50803;0.94592;0.4104;0.10001;1.8599;0.55478;0.59203;1.102;0.3817;4.2213;2.1406;0.67729;0.09352;0.44029;0.073773;0.7403;0.55766;1.0328;0.36695;1.4134;0.8685;0.65436;0.090059;0.11236;1.5832;0.7091;3.6586;2.2392;0.21937;0.65871;0.22957;2.2325;0.053168;0.013035;2.153;0.12049;1.1184;0.14433;0.13165;0.23525;0.32631;0.74182;0.15358;1.5982;0.35771;1.0996;1.0494;1.1002;0.39437;0.45527;0.47152;0.15583
42;-7.4712;0.55908;0.048078;0.68916;0.66469;0.33326;0.30512;0.13844;0.085114;0.27332;0.42229;0.96583;1.2842;0.95024;0.1526;3.2758;1.4;1.4845;1.4545;3.1805;1.1516;1.9343;0.62327;0.22567;1.8477;0.28021;0.45673;1.0389;0.10249;0.28993;0.097435;2.2175;1.3198;0.52924;0.087696;1.5287;0.13524;1.5045;2.1972;0.27434;2.1975;0.36122;0.42973;0.04314;5.2613;1.7536;0.16156;0.16837;0.54144;0.75682;0.16861;5.0613;0.49055;0.70453;0.25251;1.7967;0.59385;0.34492;0.47818;0.54086;0.60711;0.78935;2.7671;0.81014;0.46865;0.93805;0.85516;0.091293;0.0084748;2.1685;0.17444;0.88366
43;-141.8;1.1556;0.22559;0.42538;2.3071;2.0338;1.8094;2.2728;0.79437;2.8612;1.7299;1.8338;0.24857;0.12954;0.77446;0.40802;0.51083;0.69142;0.47244;0.014182;2.7454;4.0496;3.4509;2.4714;1.4111;0.19425;0.62942;0.6808;1.7162;2.6239;0.70616;0.44471;0.96582;2.0875;0.83781;1.4684;2.3092;2.1289;0.43859;0.07815;3.1545;1.4384;0.33755;0.71806;0.81755;0.080358;1.7839;0.29046;0.29639;0.366;3.1942;1.1119;2.4453;3.2361;0.027795;1.9383;0.6397;0.043379;0.83983;0.35542;0.4673;0.58977;0.33575;1.197;1.1627;0.9942;1.9399;0.89395;0.92868;0.39287;0.0082511;0.023945
44;91.64;1.759;2.7916;1.1714;1.6991;0.36103;1.3273;1.1712;1.8296;0.20064;0.13721;0.19137;4.1787;0.0034987;0.29226;0.82059;0.45281;2.2244;0.46185;0.11701;0.22242;0.5878;0.58982;0.57067;0.25459;0.16656;0.9226;0.6026;1.166;1.3684;0.57768;0.001963;2.0104;0.026717;0.80358;0.37777;0.29096;1.3392;1.4198;0.23916;0.40635;1.0346;3.4394;1.2743;0.089212;0.81235;0.20299;0.57296;0.36721;0.054281;0.17214;0.066108;2.1514;0.064865;0.031273;0.16457;0.22427;1.9578;0.24197;1.8914;0.36676;2.0891;0.13113;0.60325;0.40906;0.4406;0.48993;0.13934;0.19489;0.59048;0.6426;0.48684
45;-62.336;1.275;1.7261;1.424;1.5738;0.2562;1.8761;1.4562;0.26531;0.51375;1.4864;1.7367;0.65024;0.11642;0.50913;0.13866;0.018513;0.038052;0.28477;2.4131;3.8288;0.63768;1.1748;3.35;0.21639;2.1313;0.23148;0.76536;0.90593;0.053691;0.52395;0.036258;3.8995;1.6122;1.4994;2.8321;2.144;3.5089;2.1478;2.234;0.0082031;3.4021;1.3467;2.3998;1.0559;0.31157;4.4812;2.4315;0.70754;1.2372;0.81091;2.7574;0.20297;4.4342;0.63824;1.6635;0.58295;0.34723;0.065848;0.65455;1.1689;0.25039;0.71145;0.28701;2.8347;0.26673;2.4096;0.91032;1.7922;1.5925;1.4951;0.87183
46;196.89;0.72142;0.20062;0.23289;0.80787;0.34396;0.43835;0.97407;2.0924;0.70491;0.13088;3.8961;0.6629;0.47842;0.37596;1.0759;0.2343;0.83397;0.2108;0.18777;2.5268;1.6532;0.30276;0.87485;1.6048;0.6076;1.1035;1.9746;0.038547;1.1848;0.079098;2.2947;0.19545;1.8192;0.48417;0.21246;0.59502;0.92162;1.7032;0.93693;0.11405;1.3675;0.71565;1.9506;0.78458;1.3918;1.3809;1.0285;0.26844;0.70529;0.44125;0.82472;0.28335;1.0067;0.11438;2.1174;2.9357;1.3464;0.9904;0.024299;0.56468;0.2254;0.13236;0.31069;0.29421;1.7438;4.555;0.89719;0.46383;0.15912;0.066918;1.6648
47;-72.668;0.56281;2.7542;0.90102;0.26911;2.5444;1.5459;0.11777;0.34266;0.79386;0.46233;2.0242;1.6266;1.0224;0.75617;1.6029;1.1209;0.78366;1.782;1.0414;0.01801;0.24901;4.1906;1.5899;0.99306;0.59605;1.8805;3.1269;0.45282;1.0118;0.4896;0.10538;1.2301;0.23303;3.228;0.17763;0.089185;0.2114;0.13694;0.6753;0.29707;1.7183;0.20655;1.6078;0.32245;0.056073;4.0219;0.96944;1.7048;5.9355;1.6144;0.70089;1.2345;0.047797;0.10127;0.51333;0.13647;1.1576;0.26853;0.16664;1.9348;0.57174;3.3123;0.028906;2.9465;2.2073;2.6216;0.36142;0.56716;0.27335;0.16435;0.93135
48;223.17;1.8138;0.64613;0.10341;0.067868;0.29926;4.8958;0.35888;0.14724;0.13651;1.402;3.7334;0.66616;0.38969;0.07167;1.1401;0.92819;0.31471;0.0074722;1.7866;1.0431;0.51858;1.4149;0.32792;0.67459;0.82467;0.59653;0.79443;0.6079;1.5032;2.7878;4.2487;0.79389;1.0775;0.054248;0.56297;0.59933;1.2666;0.5238;0.99304;2.2659;0.15539;2.2245;0.46717;0.21833;1.3574;0.82372;4.1513;0.13952;2.1337;2.2558;0.271;0.26786;1.6515;0.2435;0.69872;0.1407;0.54012;0.19394;0.13657;2.4588;0.18558;1.0552;0.8834;0.35541;2.6857;0.75203;1.1555;0.021104;1.5156;1.0383;0.96985
49;117.61;3.2403;1.3323;0.51856;0.88651;0.043978;2.0376;0.21557;1.984;0.80716;0.45263;1.956;2.1997;0.10741;3.0282;0.13596;0.35291;1.1727;0.32811;1.748;0.50253;0.53481;2.4571;3.0993;1.7107;4.4851;1.0161;1.6124;3.5886;2.3503;3.07;1.8124;1.9187;1.1637;0.059383;1.6756;0.073451;1.1337;0.47499;0.46739;0.81072;0.067318;1.2044;0.5763;2.6219;0.47798;0.33695;0.20681;1.0942;3.4109;0.33241;0.089656;2.4836;0.66618;0.10755;0.41383;0.04409;1.9956;0.82744;0.67709;1.5419;1.4118;0.63873;2.7472;0.25555;2.6684;0.38779;0.59306;0.89136;0.094894;0.60255;2.631
50;-112.15;2.4934;0.88058;0.087276;1.0784;0.66623;1.7022;0.99585;0.58416;0.46932;1.206;0.62657;1.2585;3.2079;2.2507;4.3174;0.058305;0.35691;0.91568;1.7294;0.57314;1.7871;1.7145;2.2082;1.2016;1.0483;0.69782;1.106;0.59325;3.1196;0.19308;0.54644;0.58781;0.0055939;4.6774;1.6962;0.92751;0.50044;0.47509;0.38025;1.8962;0.02121;0.050994;0.4754;0.39914;0.56831;0.3621;1.4743;1.0516;0.27779;0.090365;4.0534;1.1356;0.77895;1.1805;0.61199;3.2539;0.5951;0.9424;0.33298;0.29912;0.24475;0.49876;0.50134;0.080393;0.99625;0.19449;0.24788;0.62546;3.584;0.0037141;3.2542
normalized population
1;-22.272;-0.36297;4.111;-1.0599;0.5989;-0.011401;-0.71843;-0.56369;-0.38008;-0.31151;-0.25434;-0.94079;-0.39958;1.2345;0.66896;-0.90462;-0.12619;1.6329;-0.71439;-1.0615;1.7166;-0.42647;-0.008867;1.1396;-0.27902;0.45436;-0.29358;0.30946;0.53274;-0.34772;1.2206;-0.45876;-0.30447;-0.5156;-0.25411;-0.3275;-0.81128;-1.0077;-0.49462;1.4762;-0.59829;1.55;-0.11713;0.23731;-0.85101;-0.49399;-0.42989;-1.1341;-0.9723;0.6264;-0.9329;-0.72379;-0.91581;1.1991;-0.82545;-0.51015;-0.55768;-0.48343;6.5174;-0.19457;0.27381;0.29895;1.6854;2.5554;-0.34343;0.94439;0.69408;-0.60262;-0.72666;0.99688;-1.0073;-0.79433
2;116.28;-0.38761;-0.9275;-0.017614;0.25602;0.6226;0.80197;-0.6239;-0.059742;-0.080937;2.2989;-0.38358;-0.87478;-0.67881;-0.90828;1.8737;0.06824;0.51035;0.15202;0.40753;-0.28289;-0.62645;-1.2303;-1.0122;-0.95176;-0.9941;0.89102;-0.59509;1.0161;-0.67487;-0.34873;-0.42358;0.020924;0.25431;-0.71676;-0.51356;-0.16612;0.31124;-1.0399;0.11294;0.56668;-0.76997;-0.62167;-0.59654;1.711;-0.24172;0.4066;-0.56022;0.74701;0.67429;-0.80097;-0.16955;-0.5925;-0.44551;-0.53899;-0.95083;-0.41928;0.0028738;-0.33395;-0.73828;-0.75223;-0.40875;-0.65353;-0.88246;-0.90183;-0.67922;2.2961;1.2479;0.42357;-0.82896;1.8993;0.4982
3;-0.83852;0.78984;-0.04075;0.57039;0.050094;-0.35847;-0.93584;-0.69132;-0.76679;-0.55625;-0.64407;-0.20388;2.0428;-0.96021;-0.22679;0.11662;-0.12584;0.50764;0.27015;-0.51333;-0.084246;-0.62284;2.6717;-0.12702;-0.76105;-0.55962;-0.75589;-1.0586;0.39757;-0.73076;0.82571;-0.25339;0.23038;2.5456;-1.101;0.54956;0.95614;-0.96928;-1.0984;-0.72938;-1.1179;0.88641;-0.91979;-0.3028;-0.72094;0.23513;-0.13033;-1.0521;1.1585;-0.53225;0.18626;0.4008;-0.82004;-0.53896;-0.88704;-0.69983;-0.18215;-0.80432;-0.2882;0.02;0.32684;0.10547;-0.58793;0.81795;1.2733;-0.63408;-0.68376;-0.0017507;2.1111;-1.031;-0.8225;0.028601
4;-16.302;-0.70076;1.4325;-0.91008;-0.64115;-0.4897;0.26711;-0.2511;-0.7482;1.1193;-0.52578;0.072604;-0.61488;1.3014;0.49073;0.05429;1.4464;-0.87914;-0.71231;1.4736;-0.71999;-0.77406;-1.227;0.098865;-0.74405;0.60226;0.96805;0.40187;-0.7626;1.7595;-0.61134;-0.54375;2.724;-0.67749;-0.82996;2.7571;-0.8865;-0.14666;-0.28319;0.30902;-0.069997;-0.26257;-0.89;1.0817;-0.89539;-0.85602;-0.73098;0.76057;-0.29399;3.8553;-0.88886;-0.84787;-0.8178;2.7589;0.5241;-0.93838;-0.84066;-0.91153;-0.79747;1.4566;0.31172;0.75499;0.6893;0.30001;-0.27308;-0.035806;1.3088;0.32345;2.1942;-0.96324;0.49297;-0.37298
5;-103.47;-0.12379;-0.8766;-1.1424;-0.69706;2.8878;1.306;0.93441;-1.0101;1.0316;-0.37742;-0.83687;-0.65256;1.3929;-0.6461;-0.53853;0.40156;-0.753;0.020829;-0.89197;-0.3578;-0.2414;-0.73588;-0.36133;-0.70627;1.9384;0.07447;-0.73806;-0.67317;-0.46228;-0.94434;-0.053608;1.0601;0.39806;-0.28563;-0.44917;-0.41557;3.7224;-0.84216;-0.26088;0.87118;0.87234;-0.65794;-0.2762;0.11681;-0.64275;-0.80863;-0.19424;-0.88734;0.28005;0.96167;-0.79512;0.49726;-0.24796;0.67415;3.2923;-0.063229;1.232;-0.77618;2.1116;1.8276;1.5503;-0.88864;-0.91026;0.53175;2.1796;-0.84303;0.82136;-0.8418;0.59784;-0.91894;-0.95982
6;11.364;-0.74074;-0.14071;-0.18231;-0.61156;-0.37523;-0.57285;2.1838;-0.78153;0.17671;-0.27078;-0.052804;-0.031579;-0.42544;1.3555;-0.78628;0.53924;0.38517;-0.40315;2.4105;-0.67524;-0.38494;-1.2494;1.2348;-0.38014;1.1142;-0.09495;1.7999;-0.33631;-0.38279;0.18717;0.42097;-0.44369;0.24874;-0.71011;0.038928;-0.80344;-0.072491;-0.17968;-0.8492;3.7022;-0.86092;0.53427;0.74028;-1.0339;-0.093361;0.99583;0.82386;-0.64486;-0.80435;0.6708;-0.20644;0.26474;-0.81256;-0.047394;-0.7826;0.38289;-0.14051;-0.51528;-0.68258;1.8509;1.0215;-0.82531;1.8414;-0.1528;1.8742;-0.69594;-0.5795;-0.36073;-0.70315;0.99936;-0.83652
7;121.22;0.67204;-0.56473;0.59236;-0.13723;-0.39847;-0.3165;-0.27855;1.4195;-0.040772;-0.24708;-0.081411;0.97444;-1.1195;-0.60259;-1.1074;0.024864;-0.7666;-0.47539;0.52968;1.0377;-0.17993;0.95373;-1.0491;-0.96959;-0.45882;-0.36216;-0.31963;-1.0381;2.7658;0.1372;0.4809;-0.59426;0.93972;-0.2029;-0.34121;0.30056;0.1634;1.9246;0.079381;1.8371;-0.14146;0.092879;1.6809;0.19765;1.4812;-1.035;0.096775;-0.59078;0.2306;-0.086178;-0.82122;-0.64442;-0.3915;-0.57991;0.39566;-0.12958;-0.30564;-0.61181;0.24153;1.09;-0.53857;0.07151;2.3513;-0.30461;-0.90454;-0.87622;-0.18167;-0.18971;0.13193;1.1069;0.24356
8;126.11;2.5143;0.19688;3.869;-0.23944;0.49353;-0.76803;-0.66373;-0.16638;0.4557;-0.31248;-0.76076;0.24071;0.14021;-0.63135;4.6339;-0.52646;0.55652;0.99983;0.42876;-0.79847;0.11076;-0.67571;1.1777;-0.038804;-0.19952;0.87078;-1.0777;-0.93759;-0.53901;-0.70446;0.23994;-0.35858;-0.40186;1.4756;1.5192;0.0063748;-0.93718;0.63561;0.66371;-0.22352;0.34866;-0.53965;-0.35801;0.75616;1.001;-0.39404;-0.94418;-0.206;0.21642;0.28214;-0.82169;2.2584;-0.32884;1.362;1.3523;-0.79284;-0.61889;-0.5426;-0.068713;-0.43719;-0.59107;-0.99386;-0.75055;-0.060807;0.77074;-0.96213;-0.53701;0.23249;-0.51011;-0.35975;0.83221
9;135.18;2.2566;-0.158;0.44979;0.53467;-0.84977;-0.24003;-0.19133;2.8562;-0.50095;-0.19367;-0.69164;0.34637;0.43066;-0.48443;-0.67609;0.2068;-0.76056;-0.54511;-0.61101;1.4337;0.49054;-0.47359;-0.68399;-0.53644;-0.41988;-0.62764;-0.086928;-0.72049;0.64618;-0.32093;-0.0017965;-0.94126;-0.35933;-0.83403;-0.19249;0.16094;-0.98076;-0.70814;-0.83869;-1.0085;-0.81667;-0.43606;-0.052699;-0.73749;0.16122;1.6715;-0.97843;1.0879;-1.0792;-0.33202;-0.60366;0.24392;0.028179;2.8027;0.17989;1.2851;0.95235;-0.67409;-0.065875;-0.014285;-0.82787;-0.64056;-0.72654;-0.59735;-0.79547;-0.26241;2.2588;-0.81018;1.4938;0.16017;-0.70937
10;0.10855;0.45521;-0.80533;1.5539;-0.23484;-0.47791;-0.53915;0.15534;0.096943;1.3914;0.17306;-0.91639;0.4125;0.35661;-0.88371;1.4071;1.7764;-0.30557;-0.24696;3.4961;-0.82527;-0.46287;-0.79326;0.19477;2.2526;-0.75759;-0.70465;0.71376;-0.25831;-0.75852;-0.73318;-0.97281;0.91924;-0.64679;0.014762;-0.24683;-0.55217;1.6592;-0.85207;-0.7015;-0.29149;-0.8386;-0.54058;2.1102;-0.53253;-0.72846;1.3899;0.59273;0.25946;-0.93384;-0.84632;-0.89113;-1.0377;-0.80311;1.5972;0.068764;2.0275;-0.88069;-0.68946;1.05;-0.52066;-0.24367;0.32688;-0.15669;0.47342;-0.21354;-0.97988;0.046858;0.27105;0.95826;0.24187;2.046
11;121.37;-0.89669;-0.74883;-0.58762;-0.37691;0.48405;0.63847;-0.58546;0.78368;-0.58645;-0.48526;0.049616;0.17508;3.6857;0.64248;-0.95809;-0.40941;1.2856;-0.56732;-0.45757;0.73758;-0.09503;-1.0525;-1.0198;-0.36674;-0.67529;-0.063827;3.0158;2.5505;-0.46147;-0.83575;-0.8896;-1.0328;-0.7138;-0.33659;3.0048;0.19441;-0.6092;-1.0859;-0.23829;-0.99636;-0.92882;1.5671;1.2893;-0.053662;-0.39261;0.36174;1.0404;-0.85125;-0.44456;-0.66552;0.16116;0.024571;0.21923;0.62594;-0.92617;0.14871;1.127;-0.56895;-0.53496;-0.024555;-0.30675;2.1221;1.864;0.33694;-0.96096;-0.51756;-0.33963;-0.60115;2.7484;0.90294;-1.0576
12;-60.975;-0.61155;0.48343;-0.4295;-0.69112;-0.66128;-0.27952;-0.92464;1.0351;-0.41114;-0.56363;-0.83321;-0.85666;-0.018717;-0.57338;0.12511;-0.16926;-0.00048711;0.92277;-0.99382;0.43447;0.28846;-1.0658;-0.5824;-0.67214;-0.26848;1.1986;-0.60039;-1.2096;-0.8787;-0.59408;0.41778;-1.0437;-0.76428;-0.26708;0.2696;-0.38605;-0.97884;0.16097;-0.33944;0.091041;0.52834;-0.92155;-0.68947;-0.11884;1.2444;-0.076103;-0.27595;3.2661;-0.95426;-0.010304;-0.79524;0.17524;-0.6331;-0.48589;0.70668;-0.43754;-0.43354;2.2442;-0.38753;-0.39241;0.098672;-0.92302;0.68304;-0.84018;0.46759;-0.62034;-0.1806;-0.86291;4.2053;-0.44631;0.14848
13;-54.522;-0.33283;-0.76324;1.6308;0.1139;0.063862;-0.97202;-0.60262;-0.66772;-0.61203;-0.45721;-0.43422;0.84841;-0.10297;-0.83799;-1.0707;1.6858;-0.39414;0.74209;-0.3532;1.9467;-0.7379;-0.88592;0.34577;0.35826;3.8636;-0.24561;0.40251;-1.0765;-0.54483;-0.30521;-0.24526;1.0956;3.4161;0.59812;0.13109;-0.902;1.4101;-0.87326;1.5692;-1.0157;-0.72524;0.7761;0.68588;1.1976;-0.59052;-0.30646;1.554;-0.04672;-0.61291;-0.39518;-0.68288;-1.0244;-0.74323;-0.74726;-0.33363;1.2149;-0.45375;-0.72913;0.27224;-0.52755;-0.71063;-0.8363;-0.69469;-0.36642;-0.13427;-0.24136;-0.25036;0.63934;0.1765;-0.93534;0.55722
14;125.72;-0.12156;-0.55675;-0.16292;1.9311;0.69051;-0.56288;1.9769;0.6625;-0.3451;-0.48497;-0.9509;-0.19786;-0.86191;-0.81097;-0.90746;-0.64284;-0.057978;0.58957;1.4932;1.0241;0.11576;-0.69581;-0.40546;-0.70776;-0.78985;-0.86207;-0.64561;2.0059;-0.21953;-0.35015;-0.12422;-0.88741;-0.20597;-0.26699;-0.14132;0.86998;-0.62848;0.7029;0.96858;-0.8504;-0.4638;-0.26551;-0.79924;0.31647;-0.31652;-0.79185;-0.37094;-0.62641;-0.68597;-0.7218;-0.50069;-0.52867;-0.87037;1.5406;-0.2773;-0.2108;-0.83628;-0.3525;0.30894;-0.57055;0.092336;-0.56814;-0.27532;0.40732;-0.81459;0.08281;-0.32609;-0.73679;-1.0353;0.74799;-0.90787
15;-193;-0.39107;-0.80232;0.10569;0.16038;-0.32153;0.37894;2.0118;0.21545;-0.35958;-0.12019;-0.080886;-0.39606;-0.98703;-0.81851;0.93538;-0.66232;0.091942;-0.39815;0.46252;-0.78116;-0.43659;-0.60657;1.4672;0.35308;-1.0267;1.0395;0.24979;0.53043;-1.022;-0.97557;2.9784;0.50215;-0.43574;-0.97217;0.11215;-0.31052;0.58426;-0.37767;0.066782;-0.52238;-0.32213;-0.75628;1.335;-0.85381;0.3443;-0.34427;-1.1349;-0.95994;-0.89552;1.8888;-0.37029;-1.0312;0.68987;-0.79997;0.21039;-0.82978;0.83074;1.0208;-0.14081;-0.59893;-0.39872;2.9734;-1.0159;0.29407;-0.54754;-0.64462;-0.050842;1.233;-0.4149;-0.75973;-0.0032051
16;52.925;-0.86655;-0.23414;1.2132;-0.75736;-0.55404;-0.53179;-0.81922;1.1655;0.032887;0.44279;-0.18306;-0.82601;2.028;-0.19794;0.11297;-0.51688;0.61891;-0.57097;-0.85985;-0.94204;-0.65995;-0.45639;-0.97658;-0.14899;1.4117;0.77101;-1.1464;0.99013;-0.48681;2.2622;-0.58563;-0.055213;0.35338;-0.69665;-0.71747;0.79996;1.9979;3.3899;-0.47812;0.2576;-0.78318;-0.29308;-0.78879;-0.57438;-0.481;0.4536;-0.18603;3.0018;-0.56951;-0.6015;-0.55663;-1.028;-0.1311;1.7459;1.5536;0.41354;-0.83545;-0.23381;1.3045;0.1932;-0.83197;-0.53338;-0.11408;-0.97735;-0.81942;-0.5874;-0.66093;-0.76948;0.45424;0.45673;-0.7843
17;66.37;0.69463;0.16947;-0.45122;-0.43488;-0.29865;1.9011;-0.29213;-0.62946;-0.482;-0.68118;-0.58761;2.5211;2.0589;-0.97803;-1.0915;0.61625;-0.98938;1.6693;-0.67891;-0.21659;0.065461;1.5398;3.0713;-0.91565;-0.83072;-0.055581;1.4869;6.0123;-0.12816;1.1354;0.45094;-0.91912;-0.75149;-0.41956;0.46727;-0.68347;-0.70553;-0.93304;-0.80836;-0.20769;1.49;-0.43777;0.16423;-1.132;-0.55191;0.81279;-0.77852;-0.55425;-0.58645;1.0557;-0.33592;1.4218;-0.63039;1.2643;-0.77716;0.09755;-0.26881;0.47037;-0.74872;1.2145;-0.66975;-0.11035;-0.73908;2.1166;-0.39449;0.097248;0.18573;0.70051;-0.61473;-0.12641;-0.80382
18;-45.245;-0.89787;0.56749;-0.56682;1.8382;-0.51867;-1.1063;0.86105;-0.91509;-0.17529;-0.45773;-0.81839;-0.80187;1.896;-0.47451;-0.59777;1.927;-0.90475;2.7824;-0.70633;0.21257;0.37803;-0.70772;-0.67081;0.10545;0.8812;-0.039152;-1.1368;-0.53494;-0.73924;-0.5415;0.39195;-0.69883;-0.71187;-0.55432;-0.054088;-0.022578;-0.66669;-0.13585;-0.4745;0.55085;-0.54382;-0.93702;-0.76305;-0.93665;-0.2586;-0.39388;-0.063169;-0.93165;0.39187;1.5656;-0.70716;1.7395;-0.88365;0.72236;-0.46108;-0.3199;0.78192;0.28089;1.0597;0.74388;-0.85747;-0.94119;0.20735;-0.21958;-0.37195;-0.11613;0.27439;-0.566;0.29224;1.6847;1.103
19;-45.032;-0.091777;1.2032;-0.33301;-0.11503;-0.22144;-0.85231;0.77901;0.37734;-0.44338;1.539;0.59366;-0.5823;-0.15543;2.0343;0.78309;-0.1425;-0.72958;-0.72348;-0.19125;1.3022;-0.54418;0.37182;-0.96213;0.65465;-0.69142;-0.94829;-0.64156;-0.91516;-0.64726;-0.96156;-0.92812;2.174;-0.54328;1.5663;-0.24377;0.30486;-0.60471;-0.73797;0.323;-0.13361;-0.59463;-0.87877;-0.82021;-0.84185;-0.44491;-0.75705;0.73141;0.58434;-0.82284;-0.11564;-0.23644;-0.42777;-0.29635;-0.51747;-0.86071;-0.86263;-0.90509;-0.46919;1.2312;0.10704;-0.52053;2.6735;-0.76791;0.82142;-1.0125;-0.23282;0.25185;-0.61931;0.19366;1.3866;1.4161
20;34.846;-0.86819;-1.0301;-0.1555;0.55111;0.42049;-0.70288;-0.73205;0.79367;0.0049606;0.12622;-0.45527;-0.86891;-0.15244;-0.28364;-0.5891;-0.61032;2.2718;-0.11041;-0.029633;-0.98458;1.2799;-0.4667;-1.0447;-0.31574;-0.72695;-0.55143;-0.71612;-0.048139;0.23326;-0.32728;-0.35772;-0.60478;-0.61143;-0.37928;-0.80258;1.7316;-0.59237;-0.40277;-0.77864;-0.076825;-0.57046;1.2943;-0.48625;-0.081038;-0.85276;0.15432;-0.37346;0.93397;-0.25705;-0.74179;-0.88097;0.32756;0.35212;-0.081653;-0.86577;-0.80409;1.0037;-0.616;0.20628;-0.33255;-0.49397;-0.030904;-0.75496;0.81893;-0.88769;0.041044;-0.37191;1.5707;1.0184;-0.40208;-0.72559
21;-67.56;-0.53964;0.24051;0.38779;2.5561;-0.14469;0.078772;-0.12948;-0.88295;1.0207;-0.133;-0.7792;-0.9067;-0.31612;-0.034889;0.7053;-0.52016;-0.31294;-0.11791;-0.97989;-0.91604;0.564;-1.0734;1.4586;-0.73836;-0.69449;-0.79719;-1.1114;0.022606;-0.69177;0.19339;-0.56047;1.1151;-0.72002;0.0077294;-0.42718;1.7126;0.35616;0.39717;0.095304;-1.0318;0.38832;0.85035;-0.47828;-0.25401;0.64128;0.012999;0.55898;0.88779;-0.43711;0.55487;-0.19216;-0.58197;0.61063;0.2157;-0.91014;1.5092;1.3839;0.44787;7.3691E-05;-0.51324;-0.84507;2.0501;-0.56049;-0.82302;-0.30633;-0.4926;0.41801;-0.52554;-0.71315;1.9428;0.72309
22;-147.1;0.16585;3.149;-0.60231;-0.55026;-0.36589;4.1411;0.15019;-0.89957;-0.3523;-0.68292;0.37074;-0.43429;3.4958;0.2394;-0.37731;-0.54423;0.72894;-0.6804;-0.7452;-0.51345;-0.81298;-0.027584;0.44586;-0.046146;0.33213;-0.12672;-1.1192;1.3797;-1.003;0.5519;0.1869;-1.0046;-0.72807;2.276;-0.59419;0.21364;0.079707;0.36196;-0.49018;2.4673;0.4016;-0.22521;-0.013536;-1.1295;-0.77115;-1.049;-0.50449;1.5555;-0.69875;0.6318;0.03856;-0.3342;0.83579;-0.41258;0.34863;0.050941;-0.83979;-0.71744;-0.51085;-0.47053;1.2362;-0.72873;-0.029517;-0.26082;-0.92795;-0.9532;-0.44258;0.11948;0.13636;-1.0159;0.56753
23;66.584;0.35819;0.24715;0.84407;-0.46753;-0.53728;-0.093109;-0.37096;-0.78143;-0.57436;-0.39212;-0.32248;-0.83449;-0.23399;3.6265;-0.99058;0.18156;-0.86664;0.26981;2.6159;-0.96592;-0.40349;0.62846;-1.1105;-0.90791;-1.0297;0.76889;0.02095;-1.0588;0.59567;-0.94761;-0.44055;-0.48999;-0.43229;0.026146;-0.78857;0.91013;-0.72987;-0.80802;-0.50639;2.7791;-0.35792;-0.32687;0.017528;3.8804;0.33791;0.16542;0.24806;-1.0138;-0.15877;-0.19305;-0.52966;1.2892;-0.7697;-0.60252;-0.81166;-0.10377;0.062093;-0.14855;-0.085027;-0.78104;1.2061;-0.29382;-0.91597;1.069;-0.71353;-0.90965;-0.62563;0.95873;-0.63108;1.3172;0.30786
24;-200.79;-0.42565;-0.83391;1.4318;1.9193;-0.73349;-0.68862;-0.78461;-0.26114;0.0035733;2.4931;-0.60738;-0.65822;-0.44217;1.3112;0.59429;-0.44154;0.34219;-0.22683;2.7194;-0.56428;-0.47605;-0.56816;-1.1186;-0.16732;-0.91032;0.395;-0.97018;1.1023;0.13895;0.57102;-0.99731;-1.0054;0.29035;-0.75732;-0.34259;0.37387;-0.92997;-0.18943;-0.2416;0.5014;0.01076;-0.98318;1.0796;-0.43292;-0.52607;-0.98026;-0.86618;-0.61819;0.92838;-0.61851;0.9852;0.40197;-0.085472;-0.81449;-0.59665;0.19275;0.16924;-0.58755;-0.33126;-0.46121;0.37047;-0.3194;-0.46235;0.76344;0.7021;0.56386;-0.53784;-0.91042;0.024882;-0.74222;0.6481
25;-33.392;-0.86184;-0.83735;-1.0603;0.56676;-0.74265;-0.52264;-0.62709;-0.33144;0.55196;-0.58589;1.8915;-0.75664;0.036979;-0.89173;2.0669;-0.60947;-0.14356;0.065162;-0.91431;-0.64952;-0.57515;1.699;1.8914;3.5671;-0.35444;-0.96444;-0.93356;-1.0959;0.67476;-0.6329;-0.57755;-0.91525;-0.73222;0.38824;-0.81567;0.044498;-0.18661;-1.0367;-0.12068;-0.54138;0.78805;0.032858;-0.85474;-0.31715;0.46203;-0.679;0.57882;1.0079;-0.48456;0.85614;1.9176;-0.29853;2.4756;1.5462;-0.19083;-0.47354;-0.55914;-0.26384;1.0259;0.42647;-0.53201;-0.72316;-0.66427;-0.68995;6.3444;2.7251;-0.41643;-0.056633;-0.93906;-0.68024;-0.38492
26;-79.042;-0.43181;-0.5115;1.164;0.3864;-0.80562;0.1118;-0.029331;1.6057;-0.1413;0.034078;-0.85191;0.12609;-0.85873;-0.50279;-1.1137;-0.58917;-0.37875;-0.51774;0.15553;-0.47675;-0.69709;-0.13302;-1.0956;-0.50972;-0.43173;0.77232;3.7742;-0.63581;0.64557;0.095275;-0.011316;-0.99883;-0.69899;0.55204;0.57507;0.066987;0.42996;0.62752;-0.78791;0.18453;1.7627;-0.079176;-0.88388;-0.26296;-0.2411;-0.57841;-0.46578;-0.96311;0.90019;-0.29855;0.48249;-0.45962;1.0321;-0.76197;0.66719;0.29961;-0.75851;1.2531;-0.54068;-0.5266;1.1855;-0.98623;-0.12268;0.25612;-0.90348;-0.39905;-0.5354;1.5553;-0.33315;-0.99112;-0.86362
27;19.113;-0.60794;-0.34932;-1.1197;-0.63448;-0.58105;-0.79339;0.37996;-0.37372;-0.33128;-0.6597;0.14979;-0.81772;-0.98285;-0.15135;-0.45873;-0.5767;-0.70633;-0.55057;-0.84952;1.0588;-0.78442;0.89035;-0.53858;-0.91095;2.8676;-0.036959;-0.85015;0.26643;-0.71127;-0.91963;0.16323;-0.9792;1.4684;0.17734;-0.83374;-0.60002;-0.11819;-0.71413;0.38623;-0.32686;-0.72001;1.1966;-0.49688;0.090987;0.49848;-0.51266;2.4973;-0.88023;-0.97883;0.48395;-0.6548;-0.88907;-0.50361;0.090836;-0.12487;0.50894;-0.52714;1.4249;-0.55982;-0.5804;0.16852;-0.23275;-0.068184;-0.63385;-0.20106;-0.92008;1.2593;-0.85715;-0.64112;-0.56351;1.3864
28;8.7287;-0.73299;-0.29019;1.0047;-0.44391;0.23704;-0.96879;0.8584;-0.7919;-0.63333;-0.62931;-0.48797;-0.66786;-1.0169;0.42805;1.8842;1.2461;1.7449;-0.82253;-0.85184;-0.95939;-0.40778;-0.75694;1.2922;-0.92945;-0.98802;-0.52451;1.6949;-0.71421;-0.50578;1.5415;1.807;-0.87898;-0.50123;-0.013835;-0.85458;0.11511;-0.73661;0.12765;0.30086;-0.71783;-0.83712;-0.64909;1.0129;-0.32227;-0.36132;-0.027632;0.43958;-0.98253;-0.49613;1.2283;0.42987;-1.0461;0.067652;-0.53599;1.5107;-0.59667;-0.2359;-0.55008;-0.74833;-0.66052;-0.83752;-0.98052;-1.001;0.24166;-0.092539;0.51403;0.34721;-0.04923;-0.010672;0.82776;1.0387
29;-51.445;0.10298;-0.69683;0.80734;0.03998;-0.12317;-1.0658;-0.5954;0.40269;-0.47084;-0.18212;-0.46537;0.77642;0.25235;-0.37503;-1.0065;0.72515;0.94169;0.22893;-0.44594;-0.79244;1.8841;2.77;-0.86824;1.3199;-0.1302;3.1591;-0.040219;-1.1698;-0.39363;3.841;-0.55636;-0.40948;-0.46872;3.1554;0.85793;0.4464;-0.62209;-0.94909;0.16288;-0.43824;1.2746;2.4507;-0.62874;-0.010361;0.15373;0.81541;0.060834;-1.0553;-1.0729;-0.80937;-0.84292;1.0023;-0.89719;-0.50128;-0.15138;-0.87476;0.020959;0.59264;-0.15827;-0.31056;0.26566;-0.73987;0.071424;-0.55606;-0.57564;0.57216;0.37266;0.1748;-0.72039;0.10405;-0.47352
30;47.342;-0.43234;-0.97746;-1.1102;-0.0041863;-0.085195;-0.71574;0.37806;-0.73654;-0.45738;0.1127;-1.0015;-0.92135;-1.1348;0.17473;-1.0145;-0.76811;2.5974;0.81624;-0.57426;-0.56525;0.20442;0.46366;0.26825;-0.10368;-1.0443;-0.14631;-0.50797;-0.45779;-0.96593;0.61215;-0.75222;0.26206;0.0078028;-1.0978;-0.64119;-0.89681;-0.25328;-0.83876;-0.047839;-1.098;-0.92472;-0.81996;-0.69098;-0.69305;-0.62566;-0.11289;0.17682;-0.86841;1.57;-0.40171;-0.42587;1.1065;-0.26558;-0.2397;-0.34054;0.24184;0.67826;-0.45254;-0.51167;-0.35928;-0.50984;-0.75478;2.7397;4.1536;-0.32529;-0.23842;1.041;1.0486;-0.42963;1.0875;-0.77417
31;47.73;-0.39757;0.66402;-0.99682;-0.53502;0.28711;-1.0201;1.6658;-0.14334;-0.44695;1.4861;2.7255;1.8447;-0.82609;-0.016666;1.0355;0.61852;-0.67034;0.3093;-0.58266;3.5923;-0.61725;-1.204;-0.15774;0.10412;-0.33392;-0.14162;-0.66923;0.30724;-0.16134;-0.98481;-0.77756;2.1594;0.48583;-0.010218;-0.49153;-0.41061;-0.56932;0.95845;1.3737;0.1539;-0.079676;-0.09929;-0.29559;-1.1066;-0.89111;1.1801;-0.10926;-0.35223;-0.52222;0.44266;0.76347;-0.8926;1.0524;-0.83701;-0.54342;0.72516;-0.48819;-0.5414;-0.28724;0.44602;-0.89979;-0.58512;1.2102;-0.43119;-0.86216;2.1798;-0.47079;-0.44546;-0.9473;-0.033711;-0.29179
32;-26.452;-0.77713;-0.69637;-0.8169;-1.004;2.3237;-0.72349;-0.6508;-0.61208;-0.23953;-0.30934;4.1018;-0.66607;-0.9661;-0.45475;-1.1161;0.75057;-0.46505;-0.79295;0.34487;-0.70432;-0.35396;-0.30106;-0.60145;4.6075;0.91567;-0.82016;-0.74715;1.9368;-0.79634;-0.74901;1.7593;1.3126;-0.068954;-1.0647;0.28153;-0.35329;-0.34388;1.0548;1.3271;-0.67672;-0.95912;-0.4585;0.22553;0.32196;1.0894;-0.196;-1.2289;0.90212;3.2755;-0.61688;-0.83689;0.71991;0.74797;-0.04947;-0.32611;0.54214;-0.6106;0.13404;0.45892;-0.64737;-0.38914;-0.9246;-0.99537;0.48567;-0.85259;0.28862;-0.45496;0.48048;-0.76466;-0.86667;-0.93917
33;-24.988;-0.13628;-0.69364;-0.20552;-1.0141;3.5251;-0.34164;-0.47318;0.46706;1.1274;-0.22449;-0.41453;-0.595;-0.63936;-0.43301;-0.32974;-0.38773;1.9009;-0.28613;-0.96573;-0.71469;-0.55026;-0.91256;-1.1111;1.1784;-0.34904;-0.64985;0.38748;-0.71565;-0.77499;-0.40605;0.31478;-1.0492;-0.28133;1.1179;-0.66675;-0.51159;-0.29402;-0.91026;-0.64714;-0.78585;0.42167;0.55981;-0.32233;0.72948;1.5283;-0.64043;1.5792;1.5904;-1.0158;-0.6899;2.1892;0.77753;-0.63411;0.22478;-0.4033;0.76883;0.28329;-0.53441;1.4857;-0.66761;0.43377;0.0077899;-0.4181;-0.82897;-0.19422;-1.0075;0.072497;0.10546;0.34872;-0.33682;-0.86075
34;-39.782;-0.41642;2.9121;1.5185;0.36887;-0.80513;0.16078;-0.87103;-0.9226;0.4436;-0.34494;-0.76846;0.11012;-0.60961;0.48318;-0.15329;0.44654;-0.84145;5.0078;0.25137;-0.16834;-0.25153;2.6902;0.9308;-0.13797;0.42909;0.97688;1.4735;-0.82624;0.57626;3.1894;-0.55247;0.53952;-0.42187;-0.8039;-0.73835;-0.38886;0.87437;1.2375;-0.10587;0.082722;-0.90693;1.3713;-0.50085;1.8563;0.02299;-0.91526;-1.02;1.0539;0.17625;-0.37498;-0.52139;-0.01832;-0.76819;1.141;-0.6213;-0.41479;-0.69131;-0.73849;0.73938;-0.046659;0.40001;-0.57787;-0.80711;0.34288;-0.13965;-0.95653;0.68943;-0.86073;-0.31924;1.69;-0.34742
35;46.894;-0.89237;-0.71039;-0.4108;-0.26531;-0.64213;-0.0026743;-0.75908;-0.28402;1.5121;0.069977;-0.83638;0.1182;-0.77446;-0.23066;0.86686;-0.71033;-0.26097;-0.68548;-0.86747;-0.34094;-0.11692;-1.0973;-0.46636;-0.38542;1.9446;-0.5603;-0.22419;-0.75927;1.8092;-0.6555;-0.28928;-0.52925;1.054;0.14045;-0.84755;-0.10793;-0.38439;2.9326;-0.58162;0.58957;-0.44888;-0.3574;-0.5056;0.40298;0.20402;-0.22378;0.10104;-0.84294;-0.93365;0.83569;-0.34965;-0.056275;-0.65308;-0.82797;0.832;-0.79587;1.0402;-0.73592;-0.65065;0.86965;4.0797;-0.54158;-0.44638;-0.95521;-0.14865;-0.44584;-0.65997;-0.62112;-0.32906;0.17527;-0.7128
36;-69.606;-0.20211;-0.83601;0.0066639;-0.31467;-0.25771;-0.98017;-0.71526;2.0532;-0.12733;-0.31504;0.23562;0.56604;-0.41881;-0.12386;-0.89825;-0.80805;-0.88007;-0.683;-0.22958;-0.81836;-0.1485;0.48102;-0.63801;-0.98318;0.034429;-0.42526;1.2871;1.8813;-0.77857;-0.13742;-0.92068;-0.25284;-0.0092952;-0.56219;-0.10001;0.63812;0.70179;0.8686;-0.38341;-0.99206;0.46945;-0.96208;-0.78503;3.7167;1.5127;-0.71816;-0.079744;1.7356;-1.0051;-0.91835;-0.74812;-0.7105;-0.76743;-0.80685;-0.41468;-0.87543;-0.13089;0.022239;0.11676;-0.65639;-0.35971;-0.94638;-0.10544;-0.58606;-0.87614;-0.86452;-0.13658;-0.81494;-0.14063;0.57941;1.2661
37;-85.992;0.12918;-0.40256;-0.68518;-0.81757;-0.055775;0.72312;0.3706;0.65604;0.076691;0.57114;-0.15653;-0.52245;0.050324;-0.36907;-0.79127;-0.69741;-0.15603;-0.4505;-0.93629;-0.47744;0.92798;-1.1977;-0.90423;-0.031249;-0.79587;0.40386;-0.29128;-1.0406;-0.80705;-0.78604;-0.37044;1.0628;0.53797;-0.74933;-0.49463;-0.089241;0.068897;0.87934;0.8313;-0.049533;-0.31961;2.2425;0.98948;-1.0308;0.95196;-0.56442;-0.70559;-0.58433;0.40786;-0.58578;0.061001;-1.0118;-0.7941;-0.62697;-0.21528;-0.58107;1.3657;-0.12323;-0.49383;-0.5724;-0.089471;0.31889;0.78899;-0.84522;0.040466;-0.6719;0.75614;-0.19098;-0.42822;-0.43966;1.4643
38;57.268;-0.84437;-0.26367;-1.0215;-0.30525;0.62038;-0.69692;1.5054;-0.13889;-0.32867;-0.69808;-0.80949;0.53267;-1.0225;-0.95448;-0.30207;-0.71523;-1.0196;-0.27229;-0.96091;-0.94594;-0.052427;-0.06967;-0.44435;-0.59514;0.12278;-0.63367;-0.58503;-1.1836;-0.65132;-0.72314;-0.8003;-0.54962;-0.28996;-1.0688;0.29186;-0.46926;-0.66204;2.1574;-0.75046;-0.35881;-0.91729;-0.74148;0.10842;-0.41587;0.27626;-0.67264;-0.38314;-0.36477;-1.0864;-0.77142;-0.078593;-0.013987;-0.81979;-0.88709;-0.14577;0.75118;-0.14877;-0.43336;-0.78277;-0.5233;-0.82667;6.0372;-0.69745;-0.23773;0.5912;0.11914;-0.68325;2.1359;0.0032845;-0.78625;-0.5597
39;21.896;-0.56993;-0.53561;-0.86484;-0.93772;-0.35424;-0.59262;-0.81619;-0.15277;-0.38559;1.3381;-0.57125;-0.52058;0.70968;2.7571;-0.75356;1.6809;-0.99946;-0.77562;-1.037;0.78452;1.2479;1.1514;-0.053887;-0.25723;-0.33754;0.88395;-0.33464;-0.059773;-1.0214;-0.46163;0.70953;0.96689;-0.57091;1.6589;-0.42175;0.013757;-0.73989;-0.59884;-0.80827;-1.0896;2.3815;0.044262;-0.34309;-0.077951;-0.49601;-0.40268;0.1221;-0.3622;-0.0016641;0.1274;-0.38195;1.5072;-0.23208;0.76378;2.626;-0.097412;-0.21831;1.1414;-0.061951;0.78908;1.9304;0.12927;-0.94119;-0.93184;-0.90947;0.50039;-0.29336;-0.25377;-0.68567;-0.11202;-0.37925
40;50.523;3.0691;0.82034;-0.69686;-0.93679;0.47656;0.39174;-0.36436;-0.56654;0.19941;0.40738;-0.62583;0.028689;1.5637;-0.095565;-0.46395;-0.80141;-0.72929;0.12066;-0.14012;-0.6475;0.4336;-0.2368;-0.49071;-0.74011;-0.94011;0.1864;-1.0085;-0.084286;0.95853;-0.80942;1.1477;-0.91348;-0.080124;1.3568;-0.35757;1.3636;0.064136;-0.94826;2.8756;-0.051664;0.99817;1.8987;-0.75456;-1.0511;0.33404;-0.19127;0.36001;0.85591;-0.0072149;1.9419;0.82942;1.3784;-0.67189;0.98945;0.054244;-0.75809;3.2216;1.5432;-0.71565;-0.28366;-0.57847;-0.96874;2.2347;-0.90149;-0.22431;-0.77154;-0.42293;0.31497;-0.11739;0.041157;-0.93628
41;-32.38;-0.86981;-0.57017;3.2341;1.3118;-0.45828;1.6248;1.0076;0.44622;-0.60012;-0.49704;-0.15971;-0.7345;-1.0924;0.9982;-1.0199;0.17153;0.15103;-0.74863;-1.0218;-0.54318;0.10108;-0.86265;-1.034;0.82619;-0.55144;-0.41344;-0.064617;-0.8356;3.1969;1.1144;-0.36369;-1.0364;-0.32494;-1.0624;-0.12792;-0.36011;-0.017384;-0.75938;0.54886;-0.26982;-0.31558;-0.91417;-0.77722;0.38522;-0.20504;2.5615;0.9946;-0.83714;-0.44045;-0.73102;1.3406;-1.0171;-0.89242;1.2264;-0.84528;0.23745;-0.80985;-0.67313;-0.57518;-0.47117;-0.16128;-0.84492;0.53733;-0.62552;0.049945;0.015062;0.40075;-0.55427;-0.58028;-0.54508;-0.91116
42;-19.723;-0.35827;-1.0573;-0.46051;-0.37648;-0.53186;-0.82368;-0.80739;-0.93239;-0.38382;-0.33241;-0.043614;0.36186;-0.18778;-0.89513;2.1543;0.56796;0.46271;0.58714;2.1187;0.10037;1.0894;-0.64979;-0.90837;0.81396;-0.82601;-0.54874;-0.12777;-1.1148;-0.73449;-0.92878;1.1765;0.18983;-0.23599;-1.0485;0.66048;-0.78254;0.45434;1.0709;-0.59021;1.0592;-0.60872;-0.5745;-0.84644;4.0633;0.83946;-0.93554;-1.0762;-0.51507;-0.34234;-0.79197;4.1694;-0.57973;-0.20092;-0.67411;0.83097;-0.28707;-0.60927;-0.3266;-0.26957;-0.19038;-0.11375;1.7686;-0.25072;-0.51458;-0.11158;-0.17921;-0.60812;-0.94017;1.133;-0.84216;-0.18333
43;-154.05;0.23827;-0.87978;-0.72429;1.2659;1.1687;0.68062;1.327;-0.22314;2.204;0.97522;0.82431;-0.67377;-1.0085;-0.27326;-0.71347;-0.32124;-0.33041;-0.39493;-1.0476;1.6942;3.2047;2.1779;1.3374;0.37735;-0.91197;-0.37605;-0.48585;0.49892;1.5995;-0.32006;-0.59628;-0.16411;1.3222;-0.29839;0.60015;1.3914;1.0787;-0.68773;-0.78639;2.0162;0.46843;-0.66668;-0.17151;-0.38045;-0.83379;0.68684;-0.95415;-0.76012;-0.73315;2.2336;0.22;1.3751;2.3306;-0.89882;0.97256;-0.24122;-0.9108;0.035055;-0.45502;-0.33019;-0.31333;-0.66275;0.13614;0.17948;-0.055435;0.90555;0.19454;-0.019964;-0.64268;-1.0084;-1.043
44;79.388;0.84166;1.6862;0.021722;0.65792;-0.50409;0.19851;0.22538;0.81214;-0.45651;-0.61749;-0.81808;3.2564;-1.1345;-0.75546;-0.30091;-0.37926;1.2026;-0.40551;-0.94476;-0.8288;-0.25704;-0.68323;-0.56337;-0.77917;-0.93966;-0.08287;-0.56405;-0.051295;0.34396;-0.44854;-1.039;0.88045;-0.73851;-0.33262;-0.49045;-0.62681;0.28902;0.2935;-0.62538;-0.73197;0.064637;2.4352;0.3847;-1.1088;-0.10179;-0.89412;-0.67164;-0.6893;-1.0449;-0.78844;-0.82578;1.0811;-0.84059;-0.89534;-0.80121;-0.65665;1.0036;-0.56281;1.081;-0.43073;1.186;-0.86736;-0.45761;-0.57417;-0.60903;-0.54445;-0.56007;-0.75376;-0.44507;-0.374;-0.58015
45;-74.588;0.35762;0.62075;0.27431;0.53258;-0.60892;0.74727;0.51031;-0.7522;-0.14339;0.73168;0.72724;-0.2721;-1.0216;-0.5386;-0.98283;-0.81356;-0.98378;-0.58259;1.3513;2.7776;-0.20716;-0.098219;2.2159;-0.81737;1.0251;-0.77399;-0.40129;-0.31136;-0.97073;-0.50227;-1.0047;2.7696;0.84695;0.3632;1.9639;1.2262;2.4587;1.0214;1.3694;-1.1301;2.4322;0.34246;1.5102;-0.14206;-0.60258;3.384;1.1869;-0.34897;0.13808;-0.14967;1.8655;-0.86732;3.5287;-0.28837;0.69778;-0.29796;-0.60695;-0.73893;-0.15588;0.37143;-0.65271;-0.28704;-0.77386;1.8515;-0.7829;1.3752;0.21091;0.84352;0.55698;0.47852;-0.19516
46;184.64;-0.19593;-0.90475;-0.91678;-0.2333;-0.52116;-0.69045;0.028237;1.0748;0.047764;-0.62383;2.8866;-0.25945;-0.6596;-0.67176;-0.045574;-0.59778;-0.18786;-0.65656;-0.874;1.4756;0.8084;-0.97029;-0.25919;0.57101;-0.49862;0.09802;0.80793;-1.1787;0.16033;-0.94712;1.2537;-0.93448;1.054;-0.65204;-0.65576;-0.32276;-0.12854;0.57685;0.072387;-1.0243;0.39759;-0.28858;1.061;-0.41343;0.47769;0.28377;-0.2161;-0.78807;-0.39386;-0.51933;-0.067161;-0.78693;0.10128;-0.81224;1.1516;2.0548;0.3922;0.18562;-0.78614;-0.2328;-0.67771;-0.86614;-0.75017;-0.68902;0.69415;3.5206;0.19777;-0.48482;-0.87643;-0.94968;0.59784
47;-84.921;-0.35454;1.6488;-0.24865;-0.77205;1.6793;0.4171;-0.82807;-0.67485;0.13671;-0.29238;1.0147;0.70427;-0.11559;-0.29155;0.4814;0.28886;-0.23818;0.91463;-0.020416;-1.0332;-0.59583;2.9175;0.45586;-0.040691;-0.51017;0.875;1.9603;-0.76447;-0.012606;-0.53662;-0.9356;0.10015;-0.5322;2.0918;-0.69059;-0.82859;-0.83876;-0.98939;-0.18924;-0.84125;0.74838;-0.79767;0.71823;-0.87556;-0.85807;2.9248;-0.27517;0.64827;4.8363;0.65385;-0.19099;0.16418;-0.85766;-0.82534;-0.45244;-0.74444;0.20343;-0.53625;-0.6438;1.1373;-0.33136;2.3138;-1.032;1.9633;1.1577;1.5872;-0.33799;-0.38148;-0.7622;-0.85225;-0.13565
48;210.91;0.89645;-0.45925;-1.0463;-0.9733;-0.56585;3.767;-0.58696;-0.87027;-0.52063;0.64734;2.724;-0.25618;-0.74832;-0.97605;0.018584;0.096119;-0.70713;-0.85989;0.72483;-0.008137;-0.32626;0.14188;-0.80612;-0.35916;-0.28155;-0.40894;-0.37222;-0.60939;0.4788;1.7616;3.2077;-0.33604;0.31228;-1.082;-0.30525;-0.31845;0.21644;-0.60253;0.1285;1.1276;-0.81455;1.2203;-0.4224;-0.97968;0.44329;-0.27339;2.9067;-0.91699;1.0346;1.2952;-0.62089;-0.80242;0.74602;-0.68311;-0.26705;-0.74022;-0.41406;-0.61084;-0.67387;1.6614;-0.71752;0.056697;-0.17747;-0.62782;1.636;-0.28234;0.45612;-0.92754;0.48003;0.021679;-0.097144
49;105.36;2.323;0.2269;-0.63111;-0.15466;-0.82114;0.90881;-0.73027;0.96649;0.15002;-0.30208;0.94653;1.2774;-1.0306;1.9805;-0.98553;-0.47916;0.1509;-0.53925;0.68623;-0.54869;-0.31003;1.1841;1.9653;0.6769;3.3788;0.010641;0.44575;2.3713;1.3259;2.0438;0.77145;0.78882;0.39843;-1.0768;0.80734;-0.84433;0.083588;-0.65134;-0.39716;-0.3276;-0.90262;0.20022;-0.31327;1.4239;-0.43617;-0.76016;-1.0378;0.037696;2.3117;-0.62817;-0.80223;1.4133;-0.23927;-0.81907;-0.55194;-0.83683;1.0414;0.022662;-0.13335;0.74445;0.50865;-0.35977;1.6863;-0.72768;1.6187;-0.64658;-0.10635;-0.057284;-0.94066;-0.41405;1.564
50;-124.41;1.576;-0.22479;-1.0624;0.037184;-0.19888;0.57336;0.050017;-0.43335;-0.18783;0.45127;-0.38288;0.33619;2.0699;1.203;3.1959;-0.77377;-0.66492;0.048314;0.6676;-0.47808;0.94222;0.44141;1.0741;0.16784;-0.057963;-0.30765;-0.060623;-0.62404;2.0952;-0.83314;-0.49455;-0.54212;-0.75964;3.5412;0.82799;0.0097352;-0.54972;-0.65124;-0.48429;0.75789;-0.94873;-0.95323;-0.41418;-0.79887;-0.34584;-0.73501;0.22968;-0.0048891;-0.82137;-0.87022;3.1615;0.065318;-0.1265;0.25386;-0.35378;2.373;-0.35908;0.13762;-0.47746;-0.49837;-0.65835;-0.49974;-0.55952;-0.90284;-0.053379;-0.83988;-0.45154;-0.32319;2.5484;-1.0129;2.1873
PARTICULAR
GAIN
81
