TITLE;96 random variables, variable gain
FOCUS ON;
EXPERIMENT TYPE;SingleAmongManyVaryingGain
PARAMETERS
normalization;Center
pcaRecompositionThreshold;0.95
component;1;2
type;RandomNormal;RandomWeibull
p1;0;1
p2;3;1
RESULTS
COMMON
distance
which;Manhattan(Average);Manhattan(GeometricAverage);Manhattan(Median);Manhattan(Minimum);Manhattan(MinimumTimesMedian);Manhattan(Summation);Euclidean(Average);Euclidean(GeometricAverage);Euclidean(Median);Euclidean(Minimum);Euclidean(MinimumTimesMedian);Euclidean(Summation)
plain;1.0198;1.0184;1.0178;0.87179;0.8873;1249.3;0.15312;0.15188;0.15106;0.10722;0.016197;187.57
PCA;1.1464;1.1399;1.1368;0.8416;0.95672;1404.3;0.41338;0.35724;0.35391;0.1107;0.039176;506.39
DE00;1.1095;1.1126;1.1053;0.9183;0.97805;1379.6;0.32813;0.33979;0.31604;0.14514;0.041384;459.46
DE01;1.1078;1.1071;1.1059;0.92118;0.97493;1366.1;0.36192;0.33433;0.32955;0.15437;0.044103;477.94
DE02;1.1072;1.1056;1.1197;0.92231;0.97946;1370.6;0.3907;0.37127;0.32423;0.1508;0.038126;473.34
PCA
weights;0.097031;0.013952;0.0065836;0.0080924;0.016593;0.0037863;0.0089441;0.011229;0.010911;0.0032169;0.014197;0.00702;0.013324;0.0064307;0.0073369;0.0042222;0.0272;0.010086;0.010429;0.015042;0.018577;0.0080658;0.012459;0.0057186;0.010167;0.0083717;0.01488;0.012867;0.010544;0.010002;0.0097755;0.0062611;0.005732;0.0079053;0.0075972;0.0053453;0.0060089;0.0075145;0.011316;0.0085629;0.0037738;0.0088784;0.0032805;0.0051632;0.0070138;0.01064;0.010488;0.007126;0.0082449;0.0078914;0.013995;0.0062337;0.0055034;0.011399;0.010067;0.0045251;0.0086993;0.0069992;0.0092351;0.015028;0.0078949;0.0070886;0.0070819;0.010088;0.0078558;0.0099484;0.011818;0.0091759;0.011218;0.008419;0.0070422;0.0066093;0.0080238;0.0064108;0.0072799;0.018715;0.008967;0.0090158;0.0058516;0.0095277;0.0081039;0.0075249;0.013078;0.0079066;0.0078999;0.031379;0.0043291;0.016287;0.0065357;0.018462;0.0085635;0.0049811;0.008846;0.01409;0.0094968;0.0070017
differential evolutions parameters, by distance type
i;dDE / dP;distance;type;parentWeight;crossover;population;iterations;distance;weights ->
1;1.0879;1.1095;2;0.85;0.5;50;50;Manhattan(Average);0.03594;0.0070219;0.00059985;0.00077686;0.025443;0.0011096;0.0093507;0.0077064;0.030495;0.0018923;0.012251;0.0018727;0.028018;0.0012055;0.00087596;0.00068016;0.022303;0.032498;0.0044481;0.029494;0.024423;0.010236;0.015279;0.0018485;0.018834;0.0028765;0.023771;0.025085;0.022838;0.03003;0.030592;0.00014589;0.0022663;0.0048703;0.0013511;0.00092976;0.0018707;0.0053696;0.021913;0.0031996;0.0012696;0.01363;0.00073849;0.00096959;0.0031986;0.0030364;0.024751;0.0059703;0.015827;3.88E-05;0.033421;0.0039456;0.0037492;0.012364;0.012584;0.0021767;0.0020558;0.00097831;0.0011926;0.035417;0.0056803;0.0069791;0.0033386;0.00083633;0.0072635;0.00082618;0.02541;0.0042113;0.0064177;0.0022819;0.0030006;0.0027381;0.004955;0.0021989;0.023714;0.033825;0.0012494;0.0023684;0.0030044;0.0041546;0.001126;0.0028871;0.0012834;0.01196;0.0010948;0.027689;0.0020014;0.035914;0.0031397;0.031731;0.0055716;0.0041635;0.014441;0.027799;0.0041037;0.0016161
2;1.0863;1.1078;2;0.85;0.5;50;50;Manhattan(Average);0.03552;0.0236;0.002831;0.0019892;0.033815;0.0022762;0.0023261;0.0031378;0.03422;0.0020229;0.027015;0.0015277;0.02717;0.00059908;0.0075415;0.0019468;0.029339;0.0070089;0.0016361;0.032796;0.033475;0.0035025;0.031245;0.030588;0.0094829;0.023419;0.03252;0.03091;0.0044258;0.0092639;0.0065987;0.0030212;0.0077742;0.0023293;0.00015639;0.001434;0.0012122;0.00060431;0.023859;0.0080642;0.0013951;0.00056086;0.00028717;3.2345E-05;0.0034074;0.00018489;0.019631;0.0020218;0.0025841;0.0002024;0.028727;0.0021493;0.00069014;0.021714;0.0022509;0.0047375;8.2757E-05;0.0032913;0.0025544;0.034752;0.00021564;0.016223;0.00084875;0.00072532;2.4305E-05;0.0034561;0.012498;0.010684;0.0096564;0.0044234;0.00321;0.006544;0.010414;0.0095877;0.0099836;0.031883;0.023249;0.002125;0.0029659;0.0032287;0.0055321;0.0080303;0.0019788;0.0054093;0.0069105;0.035576;0.001256;0.030309;0.00061674;0.0027444;0.025426;0.0013766;0.0058273;0.01794;0.0087932;0.0068678
3;1.0857;1.1072;2;0.85;0.5;50;50;Manhattan(Average);0.039405;0.0095567;0.0044353;0.0142;0.017223;0.0010459;0.012387;1.12E-05;0.0003817;0.0029458;0.0072663;0.01434;0.020769;0.0086238;0.0040045;0.01596;0.033613;0.00359;0.014605;0.03451;0.038144;0.0019247;0.014109;0.0051768;0.0080967;0.00048254;0.020093;0.035048;0.011801;0.012748;0.0041447;0.004604;0.00983;0.0025085;0.026767;0.0011809;0.0014282;0.0057937;0.029486;0.0032436;0.00079988;0.018756;0.00067824;0.00026041;0.00043878;0.0041315;0.0055747;0.013869;0.0044381;0.0037556;0.035464;0.0077451;0.0039443;0.034903;0.0022307;0.0010224;0.015166;0.0011219;0.0019855;0.03497;0.0022423;0.0012172;0.007991;0.002169;0.0054208;0.0065594;0.0035188;0.0066306;0.0052343;0.0027422;0.0010474;0.014023;0.00027169;0.0065165;0.0048213;0.034792;0.0091759;0.0048259;0.00011763;0.0054299;0.0011669;0.0055957;0.014636;0.0015857;0.0054912;0.03762;0.00022771;0.037728;0.0088497;0.036227;0.00068927;0.0027116;0.010199;0.020912;0.0028755;0.0019998
4;1.0926;1.1126;2;0.85;0.5;50;50;Manhattan(GeometricAverage);0.0436;0.022096;0.0011232;0.00036088;0.026148;0.00085803;0.0013948;0.0039409;0.0090144;0.0028068;0.023731;0.00031951;0.019415;0.00051813;0.0040219;0.00063235;0.036982;0.02256;0.01178;0.03904;0.025214;0.01466;0.015906;0.0025109;0.017336;0.0018868;0.027805;0.022777;0.0083516;0.029952;0.022286;4.9272E-05;0.00067806;0.0044277;0.0029303;0.0063909;0.00093747;0.0053943;0.0014911;0.00070205;0.0041224;0.010738;0.0026235;8.2292E-05;0.0025053;0.011526;0.006503;0.0056036;0.010585;0.0022847;0.020676;0.002708;0.0033282;0.023915;0.016441;0.0030795;0.0074141;0.0051983;0.0016346;0.022685;0.00060053;0.0083099;0.0021797;0.0045299;0.020165;0.021245;0.0366;0.005394;0.0063536;0.0026074;0.0014098;0.0042378;0.021519;0.0048113;0.0016783;0.037791;0.023578;0.0044545;0.0027689;0.00077172;0.0039438;0.0024543;9.2101E-05;0.0094285;0.0090421;0.036332;0.0031602;0.039877;0.0019621;0.0025526;0.0025085;0.00021325;0.00274;0.011072;0.017487;0.00044732
5;1.0871;1.1071;2;0.85;0.5;50;50;Manhattan(GeometricAverage);0.04006;0.011585;0.0093498;0.0037183;0.003511;0.00096444;0.00022288;0.0038234;0.036523;0.0015495;0.011324;0.0026024;0.028156;0.0096687;0.014049;0.0045184;0.026168;0.02741;0.01171;0.036358;0.037673;0.0052985;0.036049;0.002186;0.0046061;0.0058509;0.036449;0.034992;0.0029812;0.024399;0.0069927;0.0051875;0.0010699;0.002126;0.00076368;0.0046771;0.020924;0.0068365;0.0078722;0.00075533;0.00072311;0.001892;0.0002477;0.00032024;0.0014444;0.008238;0.020203;0.00055245;0.0090097;0.0060484;0.027515;0.0010765;0.013816;0.022975;0.0089633;0.0039495;0.014404;0.0060489;0.0015453;0.032084;0.0013644;0.0018562;0.0075817;0.0052716;0.0026541;0.0043515;0.019592;0.0031683;0.014506;0.0039634;0.0023109;0.0041514;0.0045619;0.0076974;0.01475;0.039842;0.0040488;0.016363;0.0048453;0.0034787;0.0010414;0.00012114;0.0039097;0.0035828;0.0027936;0.029301;0.00011773;0.03678;0.0016778;0.0057474;0.022183;0.0013036;0.0035034;0.007958;0.0013829;0.00021973
6;1.0857;1.1056;2;0.85;0.5;50;50;Manhattan(GeometricAverage);0.038674;0.00093961;0.001675;0.0040883;0.013542;0.00064356;0.002303;0.0028663;0.0047224;0.0017783;0.026061;0.0056046;0.030449;0.0052627;0.00012862;4.2874E-07;0.032751;0.0012183;0.035919;0.025034;0.028902;0.0024308;0.015128;0.0010205;0.01131;0.025394;0.035153;0.036765;0.024399;0.011321;0.0013368;6.1157E-05;0.0044241;0.00079947;0.00055695;0.00063601;0.0004104;0.0040436;0.028714;0.0024561;0.0082604;0.011837;0.0003932;0.0011552;0.0078132;0.0045967;0.00094825;0.0001199;0.0053457;0.004109;0.020555;0.00091061;0.00052634;0.026511;0.0014027;0.00011933;0.0026616;0.018901;0.00079368;0.035514;0.0033198;0.024065;0.0043197;0.004277;0.03528;0.0010238;0.0073603;0.0011932;0.0040926;0.0080513;0.0038855;0.0028368;0.0027292;0.0043963;0.0077577;0.033446;0.0047158;0.0030289;0.00014397;0.0027241;0.010016;0.020977;0.034128;0.0010698;0.00016265;0.038683;0.0014622;0.037582;0.006126;0.038408;0.0026374;8.4464E-05;0.0087078;0.0072813;0.012;0.00063082
7;1.0533;0.9183;2;0.85;0.5;50;50;Manhattan(Minimum);0.019489;0.020547;0.0096915;0.0033423;0.01052;0.0024702;0.010207;0.019181;0.0016765;0.0016204;0.016311;0.0091621;0.0024614;0.0010884;0.0027135;0.0068136;0.0071339;0.012635;0.0023654;0.018978;0.0034972;0.019675;0.021439;0.011338;0.017414;0.019811;0.01246;0.011181;0.01976;0.01823;0.011398;0.0049523;0.0062116;0.00021834;0.0015929;0.00034602;0.016119;0.0069119;0.020943;0.020217;0.007428;0.014697;0.0086119;0.010344;0.013514;0.0092873;0.01578;0.0026552;0.011607;0.0093554;0.016972;0.010886;0.01683;0.010843;0.0097373;0.0065687;0.0083017;0.0097691;0.0039565;0.0018269;0.015462;0.020688;0.017931;0.0081772;0.01102;0.015692;0.013981;0.0067652;0.0094485;0.01371;0.00092148;0.0063663;0.01026;0.018991;0.0097662;0.015984;0.019615;0.0085186;0.0065012;0.0051289;0.0048892;0.019345;0.010018;0.010337;0.0098954;0.0066556;0.00034933;0.0093347;0.0094349;0.0027328;0.0031617;0.0064755;0.0059952;0.015615;0.016615;0.013125
8;1.0579;0.92231;2;0.85;0.5;50;50;Manhattan(Minimum);0.017722;0.015994;0.00081735;0.0083518;0.0050397;0.012348;0.01245;0.0092773;0.010983;0.01017;0.017922;0.0018782;0.0050695;0.013472;0.010938;0.015048;0.0040219;0.017676;0.0032496;0.015093;0.012714;0.013297;0.013342;0.018164;0.013982;0.01455;0.014968;0.013783;0.017593;0.017586;0.011975;0.014887;0.0020348;0.0055165;0.0054089;0.0057738;0.00238;0.017929;0.017246;0.017188;0.0011973;0.018132;0.00081244;0.0084788;0.01854;0.0092521;0.012712;0.0039029;0.018302;0.0050909;0.017683;0.0074474;0.0030135;0.005207;0.00057353;0.0080852;0.018177;0.0087877;0.0033129;0.0044392;0.015268;0.013796;0.010135;0.0099605;0.010805;0.012209;0.01054;0.011433;0.01527;0.011039;0.0060853;0.0048015;0.016411;0.018616;0.014846;0.008853;0.01886;0.018037;0.0084274;0.0047908;0.00069748;0.0044604;0.011638;0.0088138;0.015474;0.011914;0.0026282;0.0044852;0.00054137;0.0002908;0.012791;0.0098441;0.0093164;0.01863;0.015989;0.0013132
9;1.0566;0.92118;2;0.85;0.5;50;50;Manhattan(Minimum);0.019723;0.0076435;0.00058084;0.01002;0.007227;0.018703;0.014807;0.0071597;0.015101;0.0037237;0.018346;0.017567;0.0081825;0.010899;0.011585;0.010047;0.019129;0.013892;0.0099973;0.015384;0.002128;0.018766;0.013104;0.0081012;0.015801;0.014166;0.018383;0.0064093;0.016628;0.001536;0.0059193;0.012278;0.0078626;0.0010601;0.0011297;0.0098447;0.014292;0.0099652;0.005571;0.013437;0.00045898;0.012299;0.01829;0.018858;0.013771;0.00149;0.014996;0.0044143;0.016272;0.0030833;0.019418;0.011017;0.0073613;0.0046692;0.0042177;0.011958;0.01312;0.0037292;0.004443;0.017522;0.0068297;0.016588;0.011353;0.017066;0.017742;0.011532;0.018067;0.0026454;0.0062546;0.015814;0.0088337;0.018731;0.0090323;0.011197;0.0076251;0.011116;0.017052;0.0073313;0.0057296;0.0058559;0.0014614;0.0058792;0.012755;0.012994;0.010493;0.013697;0.017006;0.0071428;0.0084309;0.0031161;0.0007546;0.0033829;0.0082246;0.0056506;0.016629;0.0085003
10;1.086;1.1053;2;0.85;0.5;50;50;Manhattan(Median);0.042056;0.0028872;0.0049108;0.0013028;0.028198;0.0091147;0.00022772;0.00062303;0.042079;0.0032561;0.025273;0.0041964;0.0053012;0.015721;0.0075393;0.0022387;0.0014255;0.0012213;0.0020621;0.041615;0.028453;0.0019457;0.0014873;0.0061852;0.024085;0.0078757;0.028806;0.0066695;0.0031833;0.040225;0.0062621;0.00013337;0.012;0.00036473;0.014123;0.0019913;0.001826;0.029906;0.02756;0.0089643;0.0014674;0.0037895;0.0011868;0.00021336;0.0047297;0.0049787;0.0024885;0.0023223;0.0012032;0.0069686;0.030433;0.0045588;0.013198;0.00078368;0.0091054;0.0054403;0.022729;0.0028359;0.010067;0.036494;0.00095684;0.0030887;0.0007722;0.00074321;0.0075561;0.036335;0.039515;0.013428;0.0012824;0.0063319;0.0070728;0.0075027;0.0064411;0.00038644;0.0074759;0.037125;0.034997;0.0057504;0.0036189;0.0071917;0.0021496;0.0060239;0.0014814;0.0022195;0.001864;0.0035626;0.0024542;0.040242;0.0015183;0.00066355;0.0010739;0.0015537;0.017848;0.018453;0.0070471;0.0059867
11;1.0866;1.1059;2;0.85;0.5;50;50;Manhattan(Median);0.036935;0.02072;0.0033689;0.012206;0.026671;0.0023075;0.024322;0.004221;0.025328;0.0018357;0.031982;0.00032852;0.016488;0.00010047;0.0023969;9.9624E-05;0.021539;0.03042;0.016159;0.036501;0.035505;0.0072893;0.025433;0.00054003;0.027293;0.0011679;0.0064459;0.034422;0.015414;5.6839E-05;0.00094019;0.0017537;0.003931;0.0034871;0.0044825;0.0029006;0.0018064;0.0044724;0.0048156;0.018687;0.0018237;0.010324;0.0021279;0.00041678;0.0047918;0.00025948;0.020098;0.0040893;0.014065;0.0022473;0.00090282;0.0015844;0.00069718;0.022164;0.00073395;0.0057835;0.0027205;0.0010712;0.0055148;0.017918;0.00046715;0.003159;0.0064999;0.0108;0.0016295;0.0028831;0.032342;0.01031;0.00036124;0.0024813;0.011838;0.0051734;0.0048621;6.2776E-05;0.00039518;0.037001;0.031536;0.034033;0.0009562;0.007575;0.025602;0.0076822;0.012223;0.024371;0.0041553;0.0099004;0.00034566;0.030443;0.0034943;0.016114;0.0053671;0.0014656;0.0081795;0.0069814;0.0026497;0.0025554
12;1.1001;1.1197;2;0.85;0.5;50;50;Manhattan(Median);0.039917;0.0064387;0.0013027;0.0061744;0.021797;0.0026953;0.0018651;0.02816;0.036836;0.0013908;0.022753;0.014432;0.006339;0.00094637;0.0095183;0.00053925;0.022138;0.013515;0.027019;0.037094;0.03923;0.0092534;0.0093163;0.0014369;0.031819;0.0026035;0.028484;0.027851;0.0093891;0.027037;0.0063951;0.0012021;0.0016323;0.0016081;0.0023134;0.0020619;0.0018633;0.00028723;0.00069604;0.0037043;0.0028645;0.0042877;0.0044581;0.0015832;0.0050389;0.009045;0.011179;0.0037618;0.0038918;0.0006118;0.0046157;0.00092992;0.0013247;0.03286;0.0014584;0.0026169;0.0012437;0.0081224;0.0027486;0.032659;0.0017636;0.0054637;0.014429;0.0019211;0.0017213;0.0014988;0.038966;0.0034419;0.0031587;0.013863;0.0012267;0.012752;0.0020776;0.002212;0.0027023;0.037386;0.0016256;0.0054066;0.0036504;0.016677;0.0053568;0.0030004;0.0040525;0.0021351;0.0026844;0.017706;0.00028377;0.035247;0.0005225;0.02429;0.014526;0.0014275;0.030338;0.030169;0.0057509;0.0062103
13;1.1023;0.97805;2;0.85;0.5;50;50;Manhattan(MinimumTimesMedian);0.023357;0.0053383;0.018905;0.0055287;0.0099533;0.018182;0.018365;0.0043647;0.019006;0.0022634;0.011547;0.0012649;0.011011;0.0061141;0.0057435;0.00087467;0.015549;0.0081523;0.005297;0.017857;0.02269;0.022271;0.018405;0.0026173;0.022529;0.015209;0.022064;0.0053446;0.020183;0.014126;0.011467;0.01252;0.0011435;0.0043813;0.0037795;0.0030537;0.0045766;0.0069571;0.019971;0.018751;0.0021744;0.0073354;0.00078955;0.015579;0.010704;0.014452;0.0096946;0.0023973;0.01504;0.0068891;0.020064;0.0048563;0.0080539;0.00974;0.0097219;0.0065627;0.010225;0.0088734;0.0012751;0.012683;0.0059181;0.0034022;0.0032787;0.01702;0.003718;0.018459;0.02089;0.012813;0.013575;0.00481;0.0054459;0.015281;0.0041328;0.011641;0.019651;0.020027;0.02094;0.0050144;0.0033044;0.015152;0.018354;0.0033634;0.010846;0.010458;0.0030125;0.0077429;0.0024846;0.015325;0.0023519;0.0082704;0.0035388;0.010886;0.0069956;0.00084415;0.018459;0.014771
14;1.0988;0.97493;2;0.85;0.5;50;50;Manhattan(MinimumTimesMedian);0.020541;0.015506;0.0097959;0.0061207;0.00088836;0.010899;0.0083977;0.0093266;0.0089493;0.002975;0.014194;0.0021023;0.012771;0.0090088;0.012309;0.00067093;0.01929;0.017431;0.013036;0.017832;0.0076992;0.017575;0.015596;0.0058761;0.016441;0.013027;0.014964;0.017065;0.018008;0.01282;0.011237;0.0045493;0.002941;0.0021758;0.0027734;0.00095645;0.0040851;0.01062;0.017702;0.020402;0.0058007;0.016875;0.0047093;0.020864;0.0076386;0.012281;0.0084012;0.019274;0.015821;0.0087401;0.019955;0.0072192;0.0083032;0.016401;0.0092663;0.0024399;0.015204;0.014007;0.00063183;0.016992;0.010037;0.0055799;0.015822;0.018709;0.004805;0.013481;0.017767;0.0038028;0.0076768;0.0076686;0.0057164;0.014829;0.011548;0.01452;0.0090871;0.016666;0.01519;0.015078;0.009607;0.015645;0.010945;0.016597;0.0055861;0.0044516;0.0039721;0.012425;0.002301;0.0088808;0.010975;0.0043721;0.0013199;0.0031727;0.0065267;0.0055632;0.0035406;0.0067539
15;1.1039;0.97946;2;0.85;0.5;50;50;Manhattan(MinimumTimesMedian);0.023394;0.014125;0.007003;0.0047845;0.010799;0.0013148;0.0074176;0.022374;0.023819;0.00084674;0.010559;0.0016495;0.0072051;0.0053607;0.0049558;0.0023632;0.011715;0.010706;0.0099091;0.022311;0.022268;0.0056867;0.023499;0.0016405;0.014809;0.022647;0.013496;0.014454;0.023567;0.020481;0.015458;0.0030482;0.0018402;0.0019184;0.0021694;0.00074506;0.012879;0.0074438;0.021399;0.00039087;0.0035542;0.023191;0.018756;0.022966;0.0046377;0.0039485;0.021601;0.0016405;0.020287;0.0032334;0.021221;0.01135;0.0058465;0.019032;0.005047;0.011907;0.013869;0.0060487;0.0016515;0.0096988;0.0087773;0.010556;0.017809;0.015395;0.014238;0.014314;0.020307;0.0039365;0.0096633;0.0014397;0.0062599;0.0025911;0.005831;0.020497;0.0066896;0.0098775;0.010764;0.0026615;0.0020772;0.01337;0.0076107;0.009962;0.010288;0.01556;0.017247;0.015291;0.0064281;0.017402;0.0043485;0.001375;0.0046425;0.011472;0.0041529;0.0049468;0.0093354;0.00094448
16;1.1044;1379.6;2;0.85;0.5;50;50;Manhattan(Summation);0.0481;0.0021341;0.00097403;0.0026342;0.031236;0.0010442;0.0023823;7.5091E-05;0.017445;0.0011613;0.042364;0.0014853;0.0032951;1.0192E-06;0.0029734;0.00059635;0.043046;0.019128;0.01883;0.03599;0.041601;0.0024368;0.0019791;0.00050855;0.0073578;0.0023146;0.028491;0.02766;0.036524;0.0058298;0.00099273;0.0012494;0.0059167;0.0025678;0.0036751;0.0029166;0.00045833;0.0027396;0.010871;9.6417E-05;0.00086993;0.0055938;0.0035602;0.0028896;0.002308;0.012388;0.016044;0.0051851;0.01405;0.0033995;0.024848;0.00084672;0.00043416;0.011389;0.0049588;0.0010775;0.011024;0.0013193;0.0010982;0.010463;7.9267E-05;0.0029504;0.0017193;0.013891;0.0022273;0.015684;0.0041131;0.00051725;0.043092;0.0039566;0.013979;0.0067437;0.0067098;0.0017825;0.00083407;0.047671;0.030553;0.046484;0.00045001;0.015887;0.0041936;0.0086607;0.00050892;0.0099595;0.0019926;0.036812;0.0051079;0.041627;0.003503;0.00059492;0.0085084;0.0029852;0.0058354;0.012348;0.0019757;0.0012369
17;1.0935;1366.1;2;0.85;0.5;50;50;Manhattan(Summation);0.039441;0.018445;0.00038498;0.00073112;0.039784;0.0048354;0.006588;0.00036871;0.012064;0.0013968;0.036624;0.0014115;0.0051588;0.0018517;0.01986;0.00065379;0.034137;0.004432;0.0085752;0.03566;0.032346;0.0083405;0.02178;0.0020986;0.0083675;0.0016049;0.027766;0.0048793;0.0012042;0.037062;0.036745;0.00078682;0.00031591;0.001411;0.0090731;0.0042494;0.0011187;0.0066811;0.015962;0.017505;0.004464;0.00021887;0.0029735;7.6945E-05;0.00011577;0.0021545;0.032933;0.0021303;0.0029929;0.0079693;0.034522;0.005465;0.0011058;0.025252;0.0011175;0.0010998;0.0049709;0.004635;0.0010114;0.039329;0.0020913;0.0026481;0.00021841;0.016504;0.0014177;0.0021148;0.014093;0.0018704;0.0026441;0.0074362;0.001245;0.0059123;0.00092673;0.0076037;0.00073727;0.036617;0.014288;0.0013615;0.00089586;0.020043;0.0031025;0.00069686;0.0062673;0.0021771;0.0016901;0.037508;0.0046739;0.019044;0.00067183;0.036194;0.007611;6.759E-05;0.014566;0.03671;1.8464E-05;0.0020932
18;1.0971;1370.6;2;0.85;0.5;50;50;Manhattan(Summation);0.039817;0.022124;0.0033114;0.0041964;0.034149;0.002736;0.0052305;0.0017841;0.030756;0.0015577;0.027538;0.0054933;0.018846;0.0045588;0.0016392;0.00083531;0.038401;0.00096686;0.0065103;0.037435;0.039645;0.0055721;0.011213;0.0025235;0.0058498;0.015968;0.035649;0.022562;0.0070418;0.036113;0.013527;0.0068701;0.0026185;0.0038256;0.0016186;0.00064625;0.0043515;0.0068002;0.016939;0.0016395;0.0012787;0.00057377;0.0011394;0.0010213;0.0015522;0.0085317;0.00085031;0.0024974;0.0068633;0.00088612;0.039972;0.0017492;0.0010604;0.0032768;0.0019685;0.0012901;0.0027832;0.0011557;0.0011707;0.030672;0.0024937;0.01131;0.0019534;0.0047147;0.0045896;0.0018807;0.012068;0.005768;0.0318;0.0078945;0.0040431;0.00052646;0.0055945;0.002364;0.001241;0.037106;0.0043062;0.0038279;0.0027277;0.012544;0.00039959;0.0015135;0.025538;0.0045323;0.0021351;0.03775;0.0064999;0.034592;0.0024323;0.017884;0.0015568;0.0039975;0.030384;0.028267;0.0036923;0.00092209
19;2.143;0.32813;2;0.85;0.5;50;50;Euclidean(Average);0.046311;0.045301;0.0077931;0.020855;0.0054318;0.00088713;0.0018557;0.042843;0.0050763;0.00033375;0.00054503;0.0072069;0.0017281;6.6587E-05;0.0022229;0.010383;0.045204;0.0060167;0.044816;0.045073;0.00037027;0.0025926;0.018431;0.0083178;0.041677;0.0027855;0.0010648;0.0061081;0.0017431;0.0094815;0.0043829;0.041617;0.0071933;0.0015567;0.0044435;0.00024515;0.0037823;0.00023046;0.0020698;0.0043402;0.0070991;0.0045028;0.00020306;0.00043466;0.0011795;0.00076881;0.0025053;0.0011394;0.0029645;0.01327;0.001708;0.010731;0.042844;0.0085788;0.044848;0.044044;0.0055647;0.00011194;0.0033459;0.0068844;0.0035512;0.0084466;0.0049288;0.00087807;0.0018014;0.0057489;0.00043144;0.041359;0.0043215;0.0017031;0.0019146;0.00034535;0.0055997;0.0074915;0.0056137;0.04574;0.025204;0.0043172;0.003106;0.00050378;0.0010371;0.0045495;0.0014269;0.0045362;0.0044915;0.0019517;0.0080024;0.0058932;0.0017924;0.024671;0.0032704;0.0018605;0.001323;0.037711;0.0025498;0.016818
20;2.3637;0.36192;2;0.85;0.5;50;50;Euclidean(Average);0.054106;0.0036708;0.0077292;0.0055474;0.0028128;0.015181;0.0011793;0.0041782;0.00067626;0.001542;0.055539;0.0025368;0.0093784;0.00021596;0.0017027;0.0030648;0.0044338;0.0038019;0.0048208;0.053327;0.012227;0.00053429;0.0049912;0.0039635;0.011566;0.0007097;0.047394;0.0026658;0.0095198;0.0043998;0.00022886;0.0075142;0.014508;0.0039142;0.0013103;1.2969E-05;0.0014689;0.0027306;0.014743;0.0012663;0.00099094;0.0049571;0.001675;0.011634;0.0059191;0.015675;0.011571;0.0060794;0.004197;0.014587;0.045645;0.010986;0.0012019;0.002091;0.0027619;0.00092914;0.0012022;0.0072797;0.00035188;0.0050009;0.0079452;0.006067;0.009412;0.0096342;0.0047471;0.0003682;0.0078971;0.012747;0.0014955;0.0033115;0.0021665;0.0050556;0.00084465;0.011688;0.055928;0.055021;0.0075753;0.031157;0.004533;0.01271;0.011136;0.0024612;0.013103;0.026595;0.010881;0.051437;0.0076504;0.046621;0.00098207;0.0013889;0.0078805;0.00041746;0.0011345;0.0019373;0.0047255;0.025497
21;2.5516;0.3907;2;0.85;0.5;50;50;Euclidean(Average);0.063361;0.0028809;0.0022793;0.0060612;0.011086;0.0051905;0.0016017;0.0029906;0.0013901;0.0032349;0.0010674;0.0023023;0.0085554;0.0066107;0.0012374;0.00061516;0.060081;0.0025818;0.0028224;0.00060934;0.011179;0.001972;0.011622;0.0026256;0.018454;0.0027467;0.027509;0.054851;0.036044;0.00057748;0.0066217;0.011423;0.011037;0.014822;0.00901;0.0035136;0.00010463;0.012405;0.022199;0.01515;0.00087629;0.0026076;0.0018882;0.0047745;0.009853;0.002153;0.027426;0.00037809;0.0011754;0.013047;0.0057191;0.001196;0.00029294;0.0036236;0.0071331;0.0069447;0.0079789;0.0045526;0.014061;0.0044765;0.0024208;0.0037294;0.0017141;0.005018;3.1105E-05;0.0026261;0.062968;0.0036622;0.03419;0.010028;0.0048291;0.018966;0.0030669;0.005549;0.0018498;0.014502;0.016632;0.0031284;0.0095859;3.1988E-05;0.0044799;0.0044115;0.011751;0.0094252;0.0027527;0.060439;0.00034256;0.050415;0.004674;0.010505;0.0032535;0.0075074;0.019741;0.023606;0.00023853;0.0013444
22;2.2373;0.33979;2;0.85;0.5;50;50;Euclidean(GeometricAverage);0.053626;0.0050554;0.0063366;0.029512;0.012204;0.0018977;0.0022857;0.0034303;0.0010343;0.008733;0.037884;0.010143;0.012173;0.0031122;0.0081904;0.0007833;0.052633;0.00048212;0.0055963;0.008186;0.05156;0.0022024;0.02424;0.0032272;0.010449;0.0032132;0.051528;0.047147;0.0023308;0.0027507;0.00022209;0.0029791;0.01767;0.0022938;0.0032125;0.00039024;0.039727;0.0036397;0.0003664;0.0029774;0.0025731;0.0036142;0.027794;0.0020555;0.0074759;0.0030476;0.011172;0.0024798;0.0041959;0.019886;0.044703;0.00011712;0.014366;0.003742;2.3492E-05;0.0022988;0.00043084;0.00054505;0.0051967;0.0052052;0.0010354;0.0031886;0.0038281;0.005467;0.00049996;0.052404;0.0060624;0.0058504;0.00084383;0.00043407;0.002194;0.0044028;0.0031911;0.0017423;0.0025504;0.001094;0.029967;0.00089683;0.00040994;0.035527;0.015204;0.018305;0.0011855;0.014812;0.0063735;0.0022114;0.00072137;0.0010294;0.0031406;0.053659;0.0045689;0.0022487;0.010017;0.0065303;0.00061257;0.0014467
23;2.2013;0.33433;2;0.85;0.5;50;50;Euclidean(GeometricAverage);0.052258;0.0081351;0.0016135;0.012831;0.0011212;0.0026884;0.014455;0.00063923;0.0001459;0.0024974;0.053598;0.013061;0.011875;0.0089058;0.0041869;0.013812;0.0331;0.00054087;0.020166;0.0095477;0.013327;0.0023282;0.0013468;0.001061;0.006699;0.00025765;0.047953;0.013926;0.027733;0.00063767;0.0020466;0.00075105;0.016983;0.015101;0.0052727;0.0044806;0.018775;0.0055524;0.0012728;0.00038773;0.0029264;0.0061065;4.4862E-05;0.00053734;0.0032926;0.0068826;0.0010488;0.0038199;0.0047527;0.0036822;0.022119;0.00024273;0.00043775;0.00095456;0.00045464;0.014819;0.0017394;0.005026;0.001518;0.022021;0.00022815;0.01174;0.0089364;0.0040872;0.00029277;0.00042037;0.0078821;0.045592;0.00012656;0.0050324;0.00074052;0.0080559;0.00076803;0.0043952;0.00031636;0.053718;0.016096;0.0078314;0.0023336;0.0076383;0.0091471;0.0046096;0.0025187;0.04629;0.0094338;0.0034611;0.0019416;0.053126;0.0091179;0.053681;0.0065837;0.0074012;0.0035367;0.0032586;0.005153;0.04101
24;2.4446;0.37127;2;0.85;0.5;50;50;Euclidean(GeometricAverage);0.063219;0.056168;0.0011375;0.0012955;0.0029431;0.0044774;0.0038418;0.0064485;0.0098532;0.0048657;0.014185;0.0085564;0.0031742;0.011702;0.00036503;0.020496;0.058667;0.014765;0.0051215;0.040556;0.030989;7.5463E-05;0.0017096;0.0014825;0.0052745;0.00083271;0.00059482;0.01251;0.00072989;0.0073115;0.0049448;0.0028471;0.0081031;0.0011855;0.0011706;0.0024139;0.0051939;0.00071699;0.0033414;0.0037443;0.0020682;0.0016515;0.0012878;0.0039368;0.012285;0.060301;0.007444;0.0062676;0.00016454;0.020712;0.00099539;0.0075369;0.0015543;0.020012;0.0016303;0.043176;0.0012295;0.0020289;0.0018624;0.0028299;9.1438E-05;0.0049606;0.0038811;0.00082699;0.0011283;0.01502;0.017323;0.00031302;0.0030616;0.010188;0.002031;0.0038606;0.00086216;0.022116;0.00084745;0.062606;0.0063112;0.0074314;0.0021479;0.0031919;0.0026166;0.011874;0.011757;9.77E-06;0.056897;0.059179;0.015703;0.0050185;0.017172;0.0047886;0.0012789;0.0029868;0.0034129;0.0064031;0.0016972;0.0050255
25;1.4397;0.15437;2;0.85;0.5;50;50;Euclidean(Minimum);0.02366;0.021218;0.0024613;0.024599;0.005404;0.0015035;0.02547;0.0053165;0.00040572;0.0043632;0.017175;0.0034346;0.014095;0.00021133;0.024638;0.0054138;0.025131;0.020847;0.0038426;0.025497;0.0091089;0.0038953;0.024258;0.007037;0.025463;0.019057;0.012224;0.0023107;0.024714;0.024758;0.00047443;0.0018016;0.0015018;0.0010137;0.004007;0.0023627;0.0021979;0.020708;0.020919;0.020477;0.0030199;0.022526;0.0025335;0.0025245;0.0098893;0.023537;0.00018868;0.016023;0.00010944;0.0021457;0.021585;0.0013937;0.00011281;0.016666;0.021721;0.020037;0.00064918;0.014505;0.00056328;0.0012255;0.0044313;0.0098395;0.010729;0.025615;0.014565;0.014386;0.016126;0.0056911;0.0011526;0.00017214;0.014352;0.0018161;0.0028004;0.00044053;0.0037515;0.021336;0.025432;0.011439;0.003968;0.00016576;0.00096025;0.0244;0.0014707;0.015349;0.00042235;0.015973;0.0041333;8.1594E-05;0.022841;4.6055E-05;0.0019768;0.013435;0.015372;0.0047306;0.025057;0.0016128
26;1.4064;0.1508;2;0.85;0.5;50;50;Euclidean(Minimum);0.023493;0.0015365;0.018997;0.013944;0.0032691;0.0023848;0.0048119;0.0035973;0.022577;0.023324;0.00097212;0.022918;0.023273;0.00097361;0.012989;0.0016745;0.014667;0.017536;0.013695;0.011146;0.021613;0.0077355;0.015353;0.0026346;0.0043286;0.01666;0.023769;0.0014647;0.0006291;0.020547;0.020494;0.02434;0.0010347;0.020417;0.0044864;0.0012233;0.018223;0.0030358;0.020533;0.018578;0.00046777;0.021545;0.0054829;0.013258;0.013587;0.020893;0.00037593;0.017566;0.0019353;0.0080835;0.012987;0.021004;0.00043357;0.021164;0.00030843;0.0019737;0.0011808;0.010443;2.5602E-05;0.021734;0.0019602;0.0016766;0.023649;0.02073;0.00040661;0.016247;0.024182;0.0005241;0.023248;0.00052946;0.0013717;0.0025587;0.011858;0.022447;0.0025496;0.0064977;0.0015177;0.023307;0.0018967;0.021132;0.0062339;0.023973;0.0051419;0.011439;0.00020753;0.00040481;0.0065297;0.017225;0.0066841;0.0049888;0.00049893;0.018696;0.00093537;0.00060144;0.00766;0.0011641
27;1.3536;0.14514;2;0.85;0.5;50;50;Euclidean(Minimum);0.025642;0.00097293;0.022638;0.00010295;0.00078183;0.0013741;0.0074415;0.023891;0.0022606;0.0099724;0.011171;0.002573;0.012014;7.6959E-05;0.0032942;0.026281;0.0037825;0.0041116;0.025247;0.0012785;0.0082124;0.012583;0.025635;0.0053493;0.0021419;0.017183;0.023213;0.0092807;0.02696;0.022376;0.019702;0.010674;0.0021701;0.00046733;0.020187;0.0029561;0.025645;0.0018295;0.0029548;1.9833E-05;0.026833;0.018178;0.0011532;0.0086282;0.0011111;0.017978;0.018957;0.023735;0.0016631;0.0052927;0.026231;0.017251;0.019084;0.009216;0.025407;0.013948;0.00043843;0.0083809;0.00011439;0.0063501;0.0029629;0.0083567;0.016603;0.0022445;0.0011981;0.021805;0.0051402;0.014699;0.015794;0.016054;0.0038577;0.00052708;0.00020699;0.014974;0.0014868;0.018367;0.026934;0.0068316;0.0028352;0.00015289;0.0011696;0.0040939;0.019064;0.015822;0.00065239;0.013543;0.0024372;0.016133;0.00032162;0.0013919;0.01958;0.0022813;0.024864;0.01722;0.0012753;0.0047249
28;2.0922;0.31604;2;0.85;0.5;50;50;Euclidean(Median);0.040189;0.0081949;0.0015482;0.0053446;0.0018026;0.0042431;0.006588;0.0018803;0.038112;0.017564;0.0015712;0.00082375;0.035628;0.0011345;0.010369;0.0036855;0.032372;0.0050172;0.0035044;0.038885;0.033916;0.0029789;0.016893;5.4972E-05;0.00027993;0.0031927;0.036484;0.0030608;0.0013623;0.039352;0.00091272;0.018052;0.00048255;0.0028263;0.0035334;0.0038391;0.0029422;0.0069581;0.00078437;0.00063262;0.008411;0.0017742;0.014002;0.0065643;0.038838;9.4453E-05;0.00015745;0.0020882;0.0023309;0.0023631;0.012703;0.0016601;0.0077358;0.00032447;0.0080161;0.00098442;0.007365;0.003289;0.0046472;0.0065061;0.0037363;0.0043073;0.02631;0.0038828;0.0025951;0.0080393;0.004396;0.033356;0.0010558;0.0013036;0.0014723;0.00068722;0.0068364;0.010905;0.00057868;0.035955;0.0018062;0.00030356;0.0011582;0.0032164;0.030259;0.0020648;0.038293;0.03978;0.0026977;0.02745;0.0030565;0.039069;0.0022057;0.040046;0.010227;0.0016817;0.0065773;0.033867;0.00051939;0.0034561
29;2.1816;0.32955;2;0.85;0.5;50;50;Euclidean(Median);0.044926;0.00086629;0.004726;0.0041583;0.015089;0.0019943;0.0018659;0.021182;0.016631;0.0087057;0.0383;0.0044351;0.0066758;0.0024283;0.030023;0.00061593;0.032851;0.0051112;0.038366;0.029044;0.036647;0.03971;0.00155;0.0018586;0.0019857;0.00060604;0.034541;0.0051786;0.039854;0.00027812;0.0029891;0.0067437;0.00017994;0.00015347;0.0022155;0.00042668;0.0026012;0.010581;4.8458E-05;0.00063169;0.0026111;0.0085056;0.00062424;0.04542;0.00014812;0.0051144;0.0099287;0.002427;0.0026413;0.00049243;0.0062173;0.0042973;0.012457;0.0041261;0.045355;0.003736;0.0030234;0.0091732;0.0045033;0.0018267;0.0030107;0.0015078;0.0011122;0.0021679;0.0020661;0.0027901;0.0054064;0.0034879;0.0024574;0.0032943;0.0086778;0.0036038;0.0022897;0.0014755;0.015049;0.043936;0.010025;0.0027771;0.0017425;0.002004;0.0023851;0.00011892;0.00073368;0.0039165;0.0034265;0.040379;0.0055345;0.043038;0.0019767;0.043708;0.01433;0.00015147;0.00093831;0.027479;0.0042084;0.019392
30;2.1464;0.32423;2;0.85;0.5;50;50;Euclidean(Median);0.052521;0.0040738;0.00081979;0.0065068;0.0097394;0.0064531;0.012168;0.0012843;0.00026606;0.012665;0.015532;0.0019552;0.0013491;0.010138;0.0037705;0.0021449;0.049339;0.010585;0.0031263;0.027721;0.021603;0.001607;0.0042588;0.0081904;0.027839;0.00043381;0.0028897;0.0012293;0.01993;0.0049746;0.00029876;0.0054747;0.0080196;0.0053994;0.014058;0.013394;0.00078956;0.0093368;0.021123;0.0017368;0.0024345;0.0037424;0.0026733;0.003027;0.00062025;0.00050872;0.019315;0.018739;0.0053177;0.0021622;0.00013195;0.00099807;0.0053441;0.029932;0.00024279;0.019582;0.014513;0.0037505;0.02899;0.00096188;0.0033428;0.0078438;0.0053587;0.0057379;0.021963;0.0028297;0.009325;0.00078675;0.040226;0.0018636;0.0017997;0.0020182;0.013113;0.017247;0.0010255;0.046685;0.0039917;0.0093891;0.0036155;0.00061893;0.0023463;0.0059071;0.022301;0.0053543;0.0023207;0.046734;0.0026733;0.040354;0.014387;0.046955;0.0066385;0.011997;0.020094;0.0011187;0.0026036;0.0017033
31;2.5551;0.041384;2;0.85;0.5;50;50;Euclidean(MinimumTimesMedian);0.032599;0.0023458;0.030606;0.0016835;0.0018378;0.0012612;0.0027699;0.0064063;0.006032;0.0017298;0.00021157;0.0037268;0.0096905;0.0042066;0.0095369;0.00477;0.00010765;0.03156;0.0068651;0.033518;0.00043101;0.00046723;0.00043783;0.0033037;0.030761;0.030618;0.033435;0.0046909;0.0010797;0.03188;0.017464;0.00099993;7.1264E-06;0.0041289;0.0012123;0.0033466;0.0043976;0.0042957;0.0045513;0.0016957;0.00019135;0.0050954;0.00086108;0.019507;0.0066356;0.010561;0.029678;0.0028553;0.0022246;0.0020015;0.028192;7.6234E-05;0.0048209;0.0052125;0.032754;0.0056627;0.017724;9.604E-06;0.0069234;0.031651;0.011005;0.0016294;0.029497;0.010615;0.020952;0.030926;0.032306;0.0047464;0.026389;0.0057618;0.0025497;0.026612;0.0018102;0.0294;0.0024253;0.033161;0.004095;0.03098;0.0021355;0.0031199;0.0011361;0.0052286;0.0024176;0.0077004;0.00012288;0.0025507;0.0019236;0.028695;0.010694;0.016746;0.0032446;0.00016605;0.0063099;0.014002;0.0019733;0.0036659
32;2.7229;0.044103;2;0.85;0.5;50;50;Euclidean(MinimumTimesMedian);0.034109;0.0003972;0.0095791;0.00031925;0.00014906;5.699E-05;0.020773;0.027772;0.012442;7.8262E-05;0.024836;0.00012158;0.0016545;0.0069692;0.00086125;0.034431;0.0047046;0.00076313;0.0017975;0.024455;0.014003;0.0023279;0.022453;0.0015556;0.0026216;0.0020424;0.027856;0.019586;0.0016625;0.027576;0.028093;8.9653E-05;0.00048739;0.00091748;2.1154E-05;0.0016245;0.016045;0.0018554;0.0033413;0.017397;0.0047092;0.033914;0.00073577;0.0019073;0.0024919;0.034178;0.0040576;0.00041244;0.0073518;0.0036462;0.020422;0.00095807;0.00046657;0.012063;0.0018125;0.030993;0.027058;0.0015423;0.0050644;0.012236;0.032431;0.0033078;0.0028361;0.022092;0.000732;0.0039267;0.035053;0.0036521;2.8965E-05;0.0020761;0.0053137;0.0020816;0.028564;0.031717;0.028115;0.032846;0.0014419;0.034063;0.0017985;0.0015312;0.0044537;0.0029617;0.0024078;0.0054759;0.0010348;0.001937;0.0010911;0.030651;0.0055575;0.00054449;0.0089547;0.004992;0.0016383;0.03096;0.019357;0.00052862
33;2.3539;0.038126;2;0.85;0.5;50;50;Euclidean(MinimumTimesMedian);0.030306;0.03061;0.0010225;0.0041658;0.006275;0.0072172;0.018065;0.00030279;0.013103;0.0044299;0.025788;0.0068159;0.010551;0.0096925;0.0004903;0.0016696;0.027137;0.0013543;0.00064716;0.0296;0.022784;0.003567;0.0014417;0.01072;0.027934;0.030632;0.020809;0.030453;0.025897;0.0094652;0.00036163;0.02176;0.00025394;0.00039967;0.010716;0.0034888;0.0077703;0.006866;0.030479;0.021557;0.0038416;0.0027844;0.0015879;0.00042085;0.0084776;0.024933;0.00065296;0.0010296;0.019295;0.0048542;0.028851;0.00676;0.0060921;0.028683;0.0010535;0.0056962;0.026908;0.0113;0.00016657;0.0026066;0.0037864;0.0048643;0.00039557;0.00071106;0.0017048;0.0053607;0.0020846;0.0021093;0.002507;0.0075467;0.0015242;0.0017812;0.0031098;0.0058927;0.00041934;0.02005;0.00059371;0.0014469;0.029099;0.013123;0.0078089;0.00050795;0.029153;0.0019931;0.0090546;0.01955;0.00067691;0.029071;0.0024389;0.026323;0.00017841;0.0014104;0.019838;0.0098637;0.027967;0.0034641
34;2.4495;459.46;2;0.85;0.5;50;50;Euclidean(Summation);0.056957;0.010928;0.00010909;0.0039695;0.012646;0.010035;0.015254;0.0066928;0.00013273;0.0014751;0.0029026;0.0058701;0.0028491;0.0028221;0.0025063;0.011807;0.052352;0.0031784;0.022009;0.025016;0.036164;0.0044002;0.024541;0.00016313;0.0054962;0.0093978;0.010818;0.00077885;0.0082938;0.0012307;0.00017085;0.0039185;0.0039573;0.0030177;0.0094445;0.0080273;0.0015368;0.0014114;0.00034876;0.0044898;0.0031411;0.0020028;0.0037938;0.0040575;0.0010304;0.0046046;0.0022381;0.0014975;0.0017279;0.011296;0.0041518;0.0057205;0.003504;7.88E-05;0.053842;0.0071312;0.0012411;0.00046256;0.0053771;0.0060833;0.0080261;0.025133;0.0063088;0.0036154;0.0014656;0.0022963;0.0035717;0.014252;0.037416;0.0017005;0.0058215;0.0022691;0.013379;0.011591;0.0052911;0.056502;0.0034422;0.0027051;0.001834;0.0036942;0.0023098;0.00084608;0.00011563;0.056693;0.0064487;0.057587;0.0051012;0.039793;0.0081848;0.004893;0.0025515;0.038512;0.010559;0.034412;0.0087915;0.0027863
35;2.548;477.94;2;0.85;0.5;50;50;Euclidean(Summation);0.064931;0.0017248;0.0018172;0.0038995;0.00015839;0.0064964;0.0034825;0.0023846;0.0034861;0.015028;0.0073206;0.0043926;0.012855;0.012105;0.0020247;0.01028;0.056634;0.0026903;0.0020616;0.005166;0.0070781;0.0078714;0.008454;0.0033767;0.0040944;0.0031181;9.6515E-06;0.0051052;0.020663;0.061604;0.0067459;0.00035449;0.0028906;0.0038988;0.01029;0.0026974;0.003288;0.0062629;0.0068598;0.00085274;0.0051757;0.011226;0.0028017;0.0050606;0.001864;0.0029609;0.00087564;0.0051648;0.0019296;0.011138;0.00073989;0.0019235;0.0018908;0.053768;0.0091709;0.0040631;0.019927;0.0087951;0.0015155;0.001653;0.0045095;0.0091299;0.0041755;0.0010561;0.0062689;0.011055;0.0063732;0.0041652;0.062317;0.02847;0.0076891;0.013671;0.0046621;0.0087324;0.0049604;0.052634;0.0036546;0.0095979;0.023111;0.0035736;0.0011551;0.019821;0.0052592;0.0060746;0.0024231;0.060043;0.0050183;0.02796;0.013136;0.0011182;0.0083217;0.014557;0.01184;0.005441;0.0083851;0.0035426
36;2.5235;473.34;2;0.85;0.5;50;50;Euclidean(Summation);0.057249;0.0017378;0.0015557;0.011805;0.0022982;0.0021855;0.003673;0.010546;0.0098657;0.0048921;0.054905;0.0010006;0.013728;0.021945;0.0013327;0.003801;0.053311;0.0073071;0.0024355;0.0050884;0.050755;0.011385;0.020871;0.054241;0.0014513;0.00093625;0.020375;0.0080507;0.0033326;0.0024116;0.0037905;0.0035317;0.00060637;0.0080687;0.00031079;0.0046708;0.0062478;0.0017789;0.0018249;0.0015582;0.0035618;0.00066902;0.015028;0.012035;0.0007268;0.0065392;0.04112;0.00093893;0.0016491;0.0017754;0.053286;0.0026766;5.4511E-06;0.00051659;0.0087245;0.003395;0.0081353;0.00091215;0.0035893;0.036872;0.001085;0.0020148;0.013086;0.015908;0.0021573;0.0092087;0.013228;0.0030144;0.0095752;0.010936;0.00044949;0.004324;0.00062158;0.0056235;0.007688;0.055477;0.00051936;0.0013186;0.00037793;0.0088221;0.027465;0.00059698;0.0017408;0.039691;0.0017058;0.055933;0.00079793;0.00040054;0.0080904;0.0077588;0.0016729;0.00055483;0.0015858;0.00089601;0.0017897;0.0048659
differential evolutions parameters, by distance
i;dDE / dP;distance;type;parentWeight;crossover;population;iterations;distance;weights ->
1;1.0533;0.9183;2;0.85;0.5;50;50;Manhattan(Minimum);0.019489;0.020547;0.0096915;0.0033423;0.01052;0.0024702;0.010207;0.019181;0.0016765;0.0016204;0.016311;0.0091621;0.0024614;0.0010884;0.0027135;0.0068136;0.0071339;0.012635;0.0023654;0.018978;0.0034972;0.019675;0.021439;0.011338;0.017414;0.019811;0.01246;0.011181;0.01976;0.01823;0.011398;0.0049523;0.0062116;0.00021834;0.0015929;0.00034602;0.016119;0.0069119;0.020943;0.020217;0.007428;0.014697;0.0086119;0.010344;0.013514;0.0092873;0.01578;0.0026552;0.011607;0.0093554;0.016972;0.010886;0.01683;0.010843;0.0097373;0.0065687;0.0083017;0.0097691;0.0039565;0.0018269;0.015462;0.020688;0.017931;0.0081772;0.01102;0.015692;0.013981;0.0067652;0.0094485;0.01371;0.00092148;0.0063663;0.01026;0.018991;0.0097662;0.015984;0.019615;0.0085186;0.0065012;0.0051289;0.0048892;0.019345;0.010018;0.010337;0.0098954;0.0066556;0.00034933;0.0093347;0.0094349;0.0027328;0.0031617;0.0064755;0.0059952;0.015615;0.016615;0.013125
2;1.0566;0.92118;2;0.85;0.5;50;50;Manhattan(Minimum);0.019723;0.0076435;0.00058084;0.01002;0.007227;0.018703;0.014807;0.0071597;0.015101;0.0037237;0.018346;0.017567;0.0081825;0.010899;0.011585;0.010047;0.019129;0.013892;0.0099973;0.015384;0.002128;0.018766;0.013104;0.0081012;0.015801;0.014166;0.018383;0.0064093;0.016628;0.001536;0.0059193;0.012278;0.0078626;0.0010601;0.0011297;0.0098447;0.014292;0.0099652;0.005571;0.013437;0.00045898;0.012299;0.01829;0.018858;0.013771;0.00149;0.014996;0.0044143;0.016272;0.0030833;0.019418;0.011017;0.0073613;0.0046692;0.0042177;0.011958;0.01312;0.0037292;0.004443;0.017522;0.0068297;0.016588;0.011353;0.017066;0.017742;0.011532;0.018067;0.0026454;0.0062546;0.015814;0.0088337;0.018731;0.0090323;0.011197;0.0076251;0.011116;0.017052;0.0073313;0.0057296;0.0058559;0.0014614;0.0058792;0.012755;0.012994;0.010493;0.013697;0.017006;0.0071428;0.0084309;0.0031161;0.0007546;0.0033829;0.0082246;0.0056506;0.016629;0.0085003
3;1.0579;0.92231;2;0.85;0.5;50;50;Manhattan(Minimum);0.017722;0.015994;0.00081735;0.0083518;0.0050397;0.012348;0.01245;0.0092773;0.010983;0.01017;0.017922;0.0018782;0.0050695;0.013472;0.010938;0.015048;0.0040219;0.017676;0.0032496;0.015093;0.012714;0.013297;0.013342;0.018164;0.013982;0.01455;0.014968;0.013783;0.017593;0.017586;0.011975;0.014887;0.0020348;0.0055165;0.0054089;0.0057738;0.00238;0.017929;0.017246;0.017188;0.0011973;0.018132;0.00081244;0.0084788;0.01854;0.0092521;0.012712;0.0039029;0.018302;0.0050909;0.017683;0.0074474;0.0030135;0.005207;0.00057353;0.0080852;0.018177;0.0087877;0.0033129;0.0044392;0.015268;0.013796;0.010135;0.0099605;0.010805;0.012209;0.01054;0.011433;0.01527;0.011039;0.0060853;0.0048015;0.016411;0.018616;0.014846;0.008853;0.01886;0.018037;0.0084274;0.0047908;0.00069748;0.0044604;0.011638;0.0088138;0.015474;0.011914;0.0026282;0.0044852;0.00054137;0.0002908;0.012791;0.0098441;0.0093164;0.01863;0.015989;0.0013132
4;1.0857;1.1072;2;0.85;0.5;50;50;Manhattan(Average);0.039405;0.0095567;0.0044353;0.0142;0.017223;0.0010459;0.012387;1.12E-05;0.0003817;0.0029458;0.0072663;0.01434;0.020769;0.0086238;0.0040045;0.01596;0.033613;0.00359;0.014605;0.03451;0.038144;0.0019247;0.014109;0.0051768;0.0080967;0.00048254;0.020093;0.035048;0.011801;0.012748;0.0041447;0.004604;0.00983;0.0025085;0.026767;0.0011809;0.0014282;0.0057937;0.029486;0.0032436;0.00079988;0.018756;0.00067824;0.00026041;0.00043878;0.0041315;0.0055747;0.013869;0.0044381;0.0037556;0.035464;0.0077451;0.0039443;0.034903;0.0022307;0.0010224;0.015166;0.0011219;0.0019855;0.03497;0.0022423;0.0012172;0.007991;0.002169;0.0054208;0.0065594;0.0035188;0.0066306;0.0052343;0.0027422;0.0010474;0.014023;0.00027169;0.0065165;0.0048213;0.034792;0.0091759;0.0048259;0.00011763;0.0054299;0.0011669;0.0055957;0.014636;0.0015857;0.0054912;0.03762;0.00022771;0.037728;0.0088497;0.036227;0.00068927;0.0027116;0.010199;0.020912;0.0028755;0.0019998
5;1.0857;1.1056;2;0.85;0.5;50;50;Manhattan(GeometricAverage);0.038674;0.00093961;0.001675;0.0040883;0.013542;0.00064356;0.002303;0.0028663;0.0047224;0.0017783;0.026061;0.0056046;0.030449;0.0052627;0.00012862;4.2874E-07;0.032751;0.0012183;0.035919;0.025034;0.028902;0.0024308;0.015128;0.0010205;0.01131;0.025394;0.035153;0.036765;0.024399;0.011321;0.0013368;6.1157E-05;0.0044241;0.00079947;0.00055695;0.00063601;0.0004104;0.0040436;0.028714;0.0024561;0.0082604;0.011837;0.0003932;0.0011552;0.0078132;0.0045967;0.00094825;0.0001199;0.0053457;0.004109;0.020555;0.00091061;0.00052634;0.026511;0.0014027;0.00011933;0.0026616;0.018901;0.00079368;0.035514;0.0033198;0.024065;0.0043197;0.004277;0.03528;0.0010238;0.0073603;0.0011932;0.0040926;0.0080513;0.0038855;0.0028368;0.0027292;0.0043963;0.0077577;0.033446;0.0047158;0.0030289;0.00014397;0.0027241;0.010016;0.020977;0.034128;0.0010698;0.00016265;0.038683;0.0014622;0.037582;0.006126;0.038408;0.0026374;8.4464E-05;0.0087078;0.0072813;0.012;0.00063082
6;1.086;1.1053;2;0.85;0.5;50;50;Manhattan(Median);0.042056;0.0028872;0.0049108;0.0013028;0.028198;0.0091147;0.00022772;0.00062303;0.042079;0.0032561;0.025273;0.0041964;0.0053012;0.015721;0.0075393;0.0022387;0.0014255;0.0012213;0.0020621;0.041615;0.028453;0.0019457;0.0014873;0.0061852;0.024085;0.0078757;0.028806;0.0066695;0.0031833;0.040225;0.0062621;0.00013337;0.012;0.00036473;0.014123;0.0019913;0.001826;0.029906;0.02756;0.0089643;0.0014674;0.0037895;0.0011868;0.00021336;0.0047297;0.0049787;0.0024885;0.0023223;0.0012032;0.0069686;0.030433;0.0045588;0.013198;0.00078368;0.0091054;0.0054403;0.022729;0.0028359;0.010067;0.036494;0.00095684;0.0030887;0.0007722;0.00074321;0.0075561;0.036335;0.039515;0.013428;0.0012824;0.0063319;0.0070728;0.0075027;0.0064411;0.00038644;0.0074759;0.037125;0.034997;0.0057504;0.0036189;0.0071917;0.0021496;0.0060239;0.0014814;0.0022195;0.001864;0.0035626;0.0024542;0.040242;0.0015183;0.00066355;0.0010739;0.0015537;0.017848;0.018453;0.0070471;0.0059867
7;1.0863;1.1078;2;0.85;0.5;50;50;Manhattan(Average);0.03552;0.0236;0.002831;0.0019892;0.033815;0.0022762;0.0023261;0.0031378;0.03422;0.0020229;0.027015;0.0015277;0.02717;0.00059908;0.0075415;0.0019468;0.029339;0.0070089;0.0016361;0.032796;0.033475;0.0035025;0.031245;0.030588;0.0094829;0.023419;0.03252;0.03091;0.0044258;0.0092639;0.0065987;0.0030212;0.0077742;0.0023293;0.00015639;0.001434;0.0012122;0.00060431;0.023859;0.0080642;0.0013951;0.00056086;0.00028717;3.2345E-05;0.0034074;0.00018489;0.019631;0.0020218;0.0025841;0.0002024;0.028727;0.0021493;0.00069014;0.021714;0.0022509;0.0047375;8.2757E-05;0.0032913;0.0025544;0.034752;0.00021564;0.016223;0.00084875;0.00072532;2.4305E-05;0.0034561;0.012498;0.010684;0.0096564;0.0044234;0.00321;0.006544;0.010414;0.0095877;0.0099836;0.031883;0.023249;0.002125;0.0029659;0.0032287;0.0055321;0.0080303;0.0019788;0.0054093;0.0069105;0.035576;0.001256;0.030309;0.00061674;0.0027444;0.025426;0.0013766;0.0058273;0.01794;0.0087932;0.0068678
8;1.0866;1.1059;2;0.85;0.5;50;50;Manhattan(Median);0.036935;0.02072;0.0033689;0.012206;0.026671;0.0023075;0.024322;0.004221;0.025328;0.0018357;0.031982;0.00032852;0.016488;0.00010047;0.0023969;9.9624E-05;0.021539;0.03042;0.016159;0.036501;0.035505;0.0072893;0.025433;0.00054003;0.027293;0.0011679;0.0064459;0.034422;0.015414;5.6839E-05;0.00094019;0.0017537;0.003931;0.0034871;0.0044825;0.0029006;0.0018064;0.0044724;0.0048156;0.018687;0.0018237;0.010324;0.0021279;0.00041678;0.0047918;0.00025948;0.020098;0.0040893;0.014065;0.0022473;0.00090282;0.0015844;0.00069718;0.022164;0.00073395;0.0057835;0.0027205;0.0010712;0.0055148;0.017918;0.00046715;0.003159;0.0064999;0.0108;0.0016295;0.0028831;0.032342;0.01031;0.00036124;0.0024813;0.011838;0.0051734;0.0048621;6.2776E-05;0.00039518;0.037001;0.031536;0.034033;0.0009562;0.007575;0.025602;0.0076822;0.012223;0.024371;0.0041553;0.0099004;0.00034566;0.030443;0.0034943;0.016114;0.0053671;0.0014656;0.0081795;0.0069814;0.0026497;0.0025554
9;1.0871;1.1071;2;0.85;0.5;50;50;Manhattan(GeometricAverage);0.04006;0.011585;0.0093498;0.0037183;0.003511;0.00096444;0.00022288;0.0038234;0.036523;0.0015495;0.011324;0.0026024;0.028156;0.0096687;0.014049;0.0045184;0.026168;0.02741;0.01171;0.036358;0.037673;0.0052985;0.036049;0.002186;0.0046061;0.0058509;0.036449;0.034992;0.0029812;0.024399;0.0069927;0.0051875;0.0010699;0.002126;0.00076368;0.0046771;0.020924;0.0068365;0.0078722;0.00075533;0.00072311;0.001892;0.0002477;0.00032024;0.0014444;0.008238;0.020203;0.00055245;0.0090097;0.0060484;0.027515;0.0010765;0.013816;0.022975;0.0089633;0.0039495;0.014404;0.0060489;0.0015453;0.032084;0.0013644;0.0018562;0.0075817;0.0052716;0.0026541;0.0043515;0.019592;0.0031683;0.014506;0.0039634;0.0023109;0.0041514;0.0045619;0.0076974;0.01475;0.039842;0.0040488;0.016363;0.0048453;0.0034787;0.0010414;0.00012114;0.0039097;0.0035828;0.0027936;0.029301;0.00011773;0.03678;0.0016778;0.0057474;0.022183;0.0013036;0.0035034;0.007958;0.0013829;0.00021973
10;1.0879;1.1095;2;0.85;0.5;50;50;Manhattan(Average);0.03594;0.0070219;0.00059985;0.00077686;0.025443;0.0011096;0.0093507;0.0077064;0.030495;0.0018923;0.012251;0.0018727;0.028018;0.0012055;0.00087596;0.00068016;0.022303;0.032498;0.0044481;0.029494;0.024423;0.010236;0.015279;0.0018485;0.018834;0.0028765;0.023771;0.025085;0.022838;0.03003;0.030592;0.00014589;0.0022663;0.0048703;0.0013511;0.00092976;0.0018707;0.0053696;0.021913;0.0031996;0.0012696;0.01363;0.00073849;0.00096959;0.0031986;0.0030364;0.024751;0.0059703;0.015827;3.88E-05;0.033421;0.0039456;0.0037492;0.012364;0.012584;0.0021767;0.0020558;0.00097831;0.0011926;0.035417;0.0056803;0.0069791;0.0033386;0.00083633;0.0072635;0.00082618;0.02541;0.0042113;0.0064177;0.0022819;0.0030006;0.0027381;0.004955;0.0021989;0.023714;0.033825;0.0012494;0.0023684;0.0030044;0.0041546;0.001126;0.0028871;0.0012834;0.01196;0.0010948;0.027689;0.0020014;0.035914;0.0031397;0.031731;0.0055716;0.0041635;0.014441;0.027799;0.0041037;0.0016161
11;1.0926;1.1126;2;0.85;0.5;50;50;Manhattan(GeometricAverage);0.0436;0.022096;0.0011232;0.00036088;0.026148;0.00085803;0.0013948;0.0039409;0.0090144;0.0028068;0.023731;0.00031951;0.019415;0.00051813;0.0040219;0.00063235;0.036982;0.02256;0.01178;0.03904;0.025214;0.01466;0.015906;0.0025109;0.017336;0.0018868;0.027805;0.022777;0.0083516;0.029952;0.022286;4.9272E-05;0.00067806;0.0044277;0.0029303;0.0063909;0.00093747;0.0053943;0.0014911;0.00070205;0.0041224;0.010738;0.0026235;8.2292E-05;0.0025053;0.011526;0.006503;0.0056036;0.010585;0.0022847;0.020676;0.002708;0.0033282;0.023915;0.016441;0.0030795;0.0074141;0.0051983;0.0016346;0.022685;0.00060053;0.0083099;0.0021797;0.0045299;0.020165;0.021245;0.0366;0.005394;0.0063536;0.0026074;0.0014098;0.0042378;0.021519;0.0048113;0.0016783;0.037791;0.023578;0.0044545;0.0027689;0.00077172;0.0039438;0.0024543;9.2101E-05;0.0094285;0.0090421;0.036332;0.0031602;0.039877;0.0019621;0.0025526;0.0025085;0.00021325;0.00274;0.011072;0.017487;0.00044732
12;1.0935;1366.1;2;0.85;0.5;50;50;Manhattan(Summation);0.039441;0.018445;0.00038498;0.00073112;0.039784;0.0048354;0.006588;0.00036871;0.012064;0.0013968;0.036624;0.0014115;0.0051588;0.0018517;0.01986;0.00065379;0.034137;0.004432;0.0085752;0.03566;0.032346;0.0083405;0.02178;0.0020986;0.0083675;0.0016049;0.027766;0.0048793;0.0012042;0.037062;0.036745;0.00078682;0.00031591;0.001411;0.0090731;0.0042494;0.0011187;0.0066811;0.015962;0.017505;0.004464;0.00021887;0.0029735;7.6945E-05;0.00011577;0.0021545;0.032933;0.0021303;0.0029929;0.0079693;0.034522;0.005465;0.0011058;0.025252;0.0011175;0.0010998;0.0049709;0.004635;0.0010114;0.039329;0.0020913;0.0026481;0.00021841;0.016504;0.0014177;0.0021148;0.014093;0.0018704;0.0026441;0.0074362;0.001245;0.0059123;0.00092673;0.0076037;0.00073727;0.036617;0.014288;0.0013615;0.00089586;0.020043;0.0031025;0.00069686;0.0062673;0.0021771;0.0016901;0.037508;0.0046739;0.019044;0.00067183;0.036194;0.007611;6.759E-05;0.014566;0.03671;1.8464E-05;0.0020932
13;1.0971;1370.6;2;0.85;0.5;50;50;Manhattan(Summation);0.039817;0.022124;0.0033114;0.0041964;0.034149;0.002736;0.0052305;0.0017841;0.030756;0.0015577;0.027538;0.0054933;0.018846;0.0045588;0.0016392;0.00083531;0.038401;0.00096686;0.0065103;0.037435;0.039645;0.0055721;0.011213;0.0025235;0.0058498;0.015968;0.035649;0.022562;0.0070418;0.036113;0.013527;0.0068701;0.0026185;0.0038256;0.0016186;0.00064625;0.0043515;0.0068002;0.016939;0.0016395;0.0012787;0.00057377;0.0011394;0.0010213;0.0015522;0.0085317;0.00085031;0.0024974;0.0068633;0.00088612;0.039972;0.0017492;0.0010604;0.0032768;0.0019685;0.0012901;0.0027832;0.0011557;0.0011707;0.030672;0.0024937;0.01131;0.0019534;0.0047147;0.0045896;0.0018807;0.012068;0.005768;0.0318;0.0078945;0.0040431;0.00052646;0.0055945;0.002364;0.001241;0.037106;0.0043062;0.0038279;0.0027277;0.012544;0.00039959;0.0015135;0.025538;0.0045323;0.0021351;0.03775;0.0064999;0.034592;0.0024323;0.017884;0.0015568;0.0039975;0.030384;0.028267;0.0036923;0.00092209
14;1.0988;0.97493;2;0.85;0.5;50;50;Manhattan(MinimumTimesMedian);0.020541;0.015506;0.0097959;0.0061207;0.00088836;0.010899;0.0083977;0.0093266;0.0089493;0.002975;0.014194;0.0021023;0.012771;0.0090088;0.012309;0.00067093;0.01929;0.017431;0.013036;0.017832;0.0076992;0.017575;0.015596;0.0058761;0.016441;0.013027;0.014964;0.017065;0.018008;0.01282;0.011237;0.0045493;0.002941;0.0021758;0.0027734;0.00095645;0.0040851;0.01062;0.017702;0.020402;0.0058007;0.016875;0.0047093;0.020864;0.0076386;0.012281;0.0084012;0.019274;0.015821;0.0087401;0.019955;0.0072192;0.0083032;0.016401;0.0092663;0.0024399;0.015204;0.014007;0.00063183;0.016992;0.010037;0.0055799;0.015822;0.018709;0.004805;0.013481;0.017767;0.0038028;0.0076768;0.0076686;0.0057164;0.014829;0.011548;0.01452;0.0090871;0.016666;0.01519;0.015078;0.009607;0.015645;0.010945;0.016597;0.0055861;0.0044516;0.0039721;0.012425;0.002301;0.0088808;0.010975;0.0043721;0.0013199;0.0031727;0.0065267;0.0055632;0.0035406;0.0067539
15;1.1001;1.1197;2;0.85;0.5;50;50;Manhattan(Median);0.039917;0.0064387;0.0013027;0.0061744;0.021797;0.0026953;0.0018651;0.02816;0.036836;0.0013908;0.022753;0.014432;0.006339;0.00094637;0.0095183;0.00053925;0.022138;0.013515;0.027019;0.037094;0.03923;0.0092534;0.0093163;0.0014369;0.031819;0.0026035;0.028484;0.027851;0.0093891;0.027037;0.0063951;0.0012021;0.0016323;0.0016081;0.0023134;0.0020619;0.0018633;0.00028723;0.00069604;0.0037043;0.0028645;0.0042877;0.0044581;0.0015832;0.0050389;0.009045;0.011179;0.0037618;0.0038918;0.0006118;0.0046157;0.00092992;0.0013247;0.03286;0.0014584;0.0026169;0.0012437;0.0081224;0.0027486;0.032659;0.0017636;0.0054637;0.014429;0.0019211;0.0017213;0.0014988;0.038966;0.0034419;0.0031587;0.013863;0.0012267;0.012752;0.0020776;0.002212;0.0027023;0.037386;0.0016256;0.0054066;0.0036504;0.016677;0.0053568;0.0030004;0.0040525;0.0021351;0.0026844;0.017706;0.00028377;0.035247;0.0005225;0.02429;0.014526;0.0014275;0.030338;0.030169;0.0057509;0.0062103
16;1.1023;0.97805;2;0.85;0.5;50;50;Manhattan(MinimumTimesMedian);0.023357;0.0053383;0.018905;0.0055287;0.0099533;0.018182;0.018365;0.0043647;0.019006;0.0022634;0.011547;0.0012649;0.011011;0.0061141;0.0057435;0.00087467;0.015549;0.0081523;0.005297;0.017857;0.02269;0.022271;0.018405;0.0026173;0.022529;0.015209;0.022064;0.0053446;0.020183;0.014126;0.011467;0.01252;0.0011435;0.0043813;0.0037795;0.0030537;0.0045766;0.0069571;0.019971;0.018751;0.0021744;0.0073354;0.00078955;0.015579;0.010704;0.014452;0.0096946;0.0023973;0.01504;0.0068891;0.020064;0.0048563;0.0080539;0.00974;0.0097219;0.0065627;0.010225;0.0088734;0.0012751;0.012683;0.0059181;0.0034022;0.0032787;0.01702;0.003718;0.018459;0.02089;0.012813;0.013575;0.00481;0.0054459;0.015281;0.0041328;0.011641;0.019651;0.020027;0.02094;0.0050144;0.0033044;0.015152;0.018354;0.0033634;0.010846;0.010458;0.0030125;0.0077429;0.0024846;0.015325;0.0023519;0.0082704;0.0035388;0.010886;0.0069956;0.00084415;0.018459;0.014771
17;1.1039;0.97946;2;0.85;0.5;50;50;Manhattan(MinimumTimesMedian);0.023394;0.014125;0.007003;0.0047845;0.010799;0.0013148;0.0074176;0.022374;0.023819;0.00084674;0.010559;0.0016495;0.0072051;0.0053607;0.0049558;0.0023632;0.011715;0.010706;0.0099091;0.022311;0.022268;0.0056867;0.023499;0.0016405;0.014809;0.022647;0.013496;0.014454;0.023567;0.020481;0.015458;0.0030482;0.0018402;0.0019184;0.0021694;0.00074506;0.012879;0.0074438;0.021399;0.00039087;0.0035542;0.023191;0.018756;0.022966;0.0046377;0.0039485;0.021601;0.0016405;0.020287;0.0032334;0.021221;0.01135;0.0058465;0.019032;0.005047;0.011907;0.013869;0.0060487;0.0016515;0.0096988;0.0087773;0.010556;0.017809;0.015395;0.014238;0.014314;0.020307;0.0039365;0.0096633;0.0014397;0.0062599;0.0025911;0.005831;0.020497;0.0066896;0.0098775;0.010764;0.0026615;0.0020772;0.01337;0.0076107;0.009962;0.010288;0.01556;0.017247;0.015291;0.0064281;0.017402;0.0043485;0.001375;0.0046425;0.011472;0.0041529;0.0049468;0.0093354;0.00094448
18;1.1044;1379.6;2;0.85;0.5;50;50;Manhattan(Summation);0.0481;0.0021341;0.00097403;0.0026342;0.031236;0.0010442;0.0023823;7.5091E-05;0.017445;0.0011613;0.042364;0.0014853;0.0032951;1.0192E-06;0.0029734;0.00059635;0.043046;0.019128;0.01883;0.03599;0.041601;0.0024368;0.0019791;0.00050855;0.0073578;0.0023146;0.028491;0.02766;0.036524;0.0058298;0.00099273;0.0012494;0.0059167;0.0025678;0.0036751;0.0029166;0.00045833;0.0027396;0.010871;9.6417E-05;0.00086993;0.0055938;0.0035602;0.0028896;0.002308;0.012388;0.016044;0.0051851;0.01405;0.0033995;0.024848;0.00084672;0.00043416;0.011389;0.0049588;0.0010775;0.011024;0.0013193;0.0010982;0.010463;7.9267E-05;0.0029504;0.0017193;0.013891;0.0022273;0.015684;0.0041131;0.00051725;0.043092;0.0039566;0.013979;0.0067437;0.0067098;0.0017825;0.00083407;0.047671;0.030553;0.046484;0.00045001;0.015887;0.0041936;0.0086607;0.00050892;0.0099595;0.0019926;0.036812;0.0051079;0.041627;0.003503;0.00059492;0.0085084;0.0029852;0.0058354;0.012348;0.0019757;0.0012369
19;1.3536;0.14514;2;0.85;0.5;50;50;Euclidean(Minimum);0.025642;0.00097293;0.022638;0.00010295;0.00078183;0.0013741;0.0074415;0.023891;0.0022606;0.0099724;0.011171;0.002573;0.012014;7.6959E-05;0.0032942;0.026281;0.0037825;0.0041116;0.025247;0.0012785;0.0082124;0.012583;0.025635;0.0053493;0.0021419;0.017183;0.023213;0.0092807;0.02696;0.022376;0.019702;0.010674;0.0021701;0.00046733;0.020187;0.0029561;0.025645;0.0018295;0.0029548;1.9833E-05;0.026833;0.018178;0.0011532;0.0086282;0.0011111;0.017978;0.018957;0.023735;0.0016631;0.0052927;0.026231;0.017251;0.019084;0.009216;0.025407;0.013948;0.00043843;0.0083809;0.00011439;0.0063501;0.0029629;0.0083567;0.016603;0.0022445;0.0011981;0.021805;0.0051402;0.014699;0.015794;0.016054;0.0038577;0.00052708;0.00020699;0.014974;0.0014868;0.018367;0.026934;0.0068316;0.0028352;0.00015289;0.0011696;0.0040939;0.019064;0.015822;0.00065239;0.013543;0.0024372;0.016133;0.00032162;0.0013919;0.01958;0.0022813;0.024864;0.01722;0.0012753;0.0047249
20;1.4064;0.1508;2;0.85;0.5;50;50;Euclidean(Minimum);0.023493;0.0015365;0.018997;0.013944;0.0032691;0.0023848;0.0048119;0.0035973;0.022577;0.023324;0.00097212;0.022918;0.023273;0.00097361;0.012989;0.0016745;0.014667;0.017536;0.013695;0.011146;0.021613;0.0077355;0.015353;0.0026346;0.0043286;0.01666;0.023769;0.0014647;0.0006291;0.020547;0.020494;0.02434;0.0010347;0.020417;0.0044864;0.0012233;0.018223;0.0030358;0.020533;0.018578;0.00046777;0.021545;0.0054829;0.013258;0.013587;0.020893;0.00037593;0.017566;0.0019353;0.0080835;0.012987;0.021004;0.00043357;0.021164;0.00030843;0.0019737;0.0011808;0.010443;2.5602E-05;0.021734;0.0019602;0.0016766;0.023649;0.02073;0.00040661;0.016247;0.024182;0.0005241;0.023248;0.00052946;0.0013717;0.0025587;0.011858;0.022447;0.0025496;0.0064977;0.0015177;0.023307;0.0018967;0.021132;0.0062339;0.023973;0.0051419;0.011439;0.00020753;0.00040481;0.0065297;0.017225;0.0066841;0.0049888;0.00049893;0.018696;0.00093537;0.00060144;0.00766;0.0011641
21;1.4397;0.15437;2;0.85;0.5;50;50;Euclidean(Minimum);0.02366;0.021218;0.0024613;0.024599;0.005404;0.0015035;0.02547;0.0053165;0.00040572;0.0043632;0.017175;0.0034346;0.014095;0.00021133;0.024638;0.0054138;0.025131;0.020847;0.0038426;0.025497;0.0091089;0.0038953;0.024258;0.007037;0.025463;0.019057;0.012224;0.0023107;0.024714;0.024758;0.00047443;0.0018016;0.0015018;0.0010137;0.004007;0.0023627;0.0021979;0.020708;0.020919;0.020477;0.0030199;0.022526;0.0025335;0.0025245;0.0098893;0.023537;0.00018868;0.016023;0.00010944;0.0021457;0.021585;0.0013937;0.00011281;0.016666;0.021721;0.020037;0.00064918;0.014505;0.00056328;0.0012255;0.0044313;0.0098395;0.010729;0.025615;0.014565;0.014386;0.016126;0.0056911;0.0011526;0.00017214;0.014352;0.0018161;0.0028004;0.00044053;0.0037515;0.021336;0.025432;0.011439;0.003968;0.00016576;0.00096025;0.0244;0.0014707;0.015349;0.00042235;0.015973;0.0041333;8.1594E-05;0.022841;4.6055E-05;0.0019768;0.013435;0.015372;0.0047306;0.025057;0.0016128
22;2.0922;0.31604;2;0.85;0.5;50;50;Euclidean(Median);0.040189;0.0081949;0.0015482;0.0053446;0.0018026;0.0042431;0.006588;0.0018803;0.038112;0.017564;0.0015712;0.00082375;0.035628;0.0011345;0.010369;0.0036855;0.032372;0.0050172;0.0035044;0.038885;0.033916;0.0029789;0.016893;5.4972E-05;0.00027993;0.0031927;0.036484;0.0030608;0.0013623;0.039352;0.00091272;0.018052;0.00048255;0.0028263;0.0035334;0.0038391;0.0029422;0.0069581;0.00078437;0.00063262;0.008411;0.0017742;0.014002;0.0065643;0.038838;9.4453E-05;0.00015745;0.0020882;0.0023309;0.0023631;0.012703;0.0016601;0.0077358;0.00032447;0.0080161;0.00098442;0.007365;0.003289;0.0046472;0.0065061;0.0037363;0.0043073;0.02631;0.0038828;0.0025951;0.0080393;0.004396;0.033356;0.0010558;0.0013036;0.0014723;0.00068722;0.0068364;0.010905;0.00057868;0.035955;0.0018062;0.00030356;0.0011582;0.0032164;0.030259;0.0020648;0.038293;0.03978;0.0026977;0.02745;0.0030565;0.039069;0.0022057;0.040046;0.010227;0.0016817;0.0065773;0.033867;0.00051939;0.0034561
23;2.143;0.32813;2;0.85;0.5;50;50;Euclidean(Average);0.046311;0.045301;0.0077931;0.020855;0.0054318;0.00088713;0.0018557;0.042843;0.0050763;0.00033375;0.00054503;0.0072069;0.0017281;6.6587E-05;0.0022229;0.010383;0.045204;0.0060167;0.044816;0.045073;0.00037027;0.0025926;0.018431;0.0083178;0.041677;0.0027855;0.0010648;0.0061081;0.0017431;0.0094815;0.0043829;0.041617;0.0071933;0.0015567;0.0044435;0.00024515;0.0037823;0.00023046;0.0020698;0.0043402;0.0070991;0.0045028;0.00020306;0.00043466;0.0011795;0.00076881;0.0025053;0.0011394;0.0029645;0.01327;0.001708;0.010731;0.042844;0.0085788;0.044848;0.044044;0.0055647;0.00011194;0.0033459;0.0068844;0.0035512;0.0084466;0.0049288;0.00087807;0.0018014;0.0057489;0.00043144;0.041359;0.0043215;0.0017031;0.0019146;0.00034535;0.0055997;0.0074915;0.0056137;0.04574;0.025204;0.0043172;0.003106;0.00050378;0.0010371;0.0045495;0.0014269;0.0045362;0.0044915;0.0019517;0.0080024;0.0058932;0.0017924;0.024671;0.0032704;0.0018605;0.001323;0.037711;0.0025498;0.016818
24;2.1464;0.32423;2;0.85;0.5;50;50;Euclidean(Median);0.052521;0.0040738;0.00081979;0.0065068;0.0097394;0.0064531;0.012168;0.0012843;0.00026606;0.012665;0.015532;0.0019552;0.0013491;0.010138;0.0037705;0.0021449;0.049339;0.010585;0.0031263;0.027721;0.021603;0.001607;0.0042588;0.0081904;0.027839;0.00043381;0.0028897;0.0012293;0.01993;0.0049746;0.00029876;0.0054747;0.0080196;0.0053994;0.014058;0.013394;0.00078956;0.0093368;0.021123;0.0017368;0.0024345;0.0037424;0.0026733;0.003027;0.00062025;0.00050872;0.019315;0.018739;0.0053177;0.0021622;0.00013195;0.00099807;0.0053441;0.029932;0.00024279;0.019582;0.014513;0.0037505;0.02899;0.00096188;0.0033428;0.0078438;0.0053587;0.0057379;0.021963;0.0028297;0.009325;0.00078675;0.040226;0.0018636;0.0017997;0.0020182;0.013113;0.017247;0.0010255;0.046685;0.0039917;0.0093891;0.0036155;0.00061893;0.0023463;0.0059071;0.022301;0.0053543;0.0023207;0.046734;0.0026733;0.040354;0.014387;0.046955;0.0066385;0.011997;0.020094;0.0011187;0.0026036;0.0017033
25;2.1816;0.32955;2;0.85;0.5;50;50;Euclidean(Median);0.044926;0.00086629;0.004726;0.0041583;0.015089;0.0019943;0.0018659;0.021182;0.016631;0.0087057;0.0383;0.0044351;0.0066758;0.0024283;0.030023;0.00061593;0.032851;0.0051112;0.038366;0.029044;0.036647;0.03971;0.00155;0.0018586;0.0019857;0.00060604;0.034541;0.0051786;0.039854;0.00027812;0.0029891;0.0067437;0.00017994;0.00015347;0.0022155;0.00042668;0.0026012;0.010581;4.8458E-05;0.00063169;0.0026111;0.0085056;0.00062424;0.04542;0.00014812;0.0051144;0.0099287;0.002427;0.0026413;0.00049243;0.0062173;0.0042973;0.012457;0.0041261;0.045355;0.003736;0.0030234;0.0091732;0.0045033;0.0018267;0.0030107;0.0015078;0.0011122;0.0021679;0.0020661;0.0027901;0.0054064;0.0034879;0.0024574;0.0032943;0.0086778;0.0036038;0.0022897;0.0014755;0.015049;0.043936;0.010025;0.0027771;0.0017425;0.002004;0.0023851;0.00011892;0.00073368;0.0039165;0.0034265;0.040379;0.0055345;0.043038;0.0019767;0.043708;0.01433;0.00015147;0.00093831;0.027479;0.0042084;0.019392
26;2.2013;0.33433;2;0.85;0.5;50;50;Euclidean(GeometricAverage);0.052258;0.0081351;0.0016135;0.012831;0.0011212;0.0026884;0.014455;0.00063923;0.0001459;0.0024974;0.053598;0.013061;0.011875;0.0089058;0.0041869;0.013812;0.0331;0.00054087;0.020166;0.0095477;0.013327;0.0023282;0.0013468;0.001061;0.006699;0.00025765;0.047953;0.013926;0.027733;0.00063767;0.0020466;0.00075105;0.016983;0.015101;0.0052727;0.0044806;0.018775;0.0055524;0.0012728;0.00038773;0.0029264;0.0061065;4.4862E-05;0.00053734;0.0032926;0.0068826;0.0010488;0.0038199;0.0047527;0.0036822;0.022119;0.00024273;0.00043775;0.00095456;0.00045464;0.014819;0.0017394;0.005026;0.001518;0.022021;0.00022815;0.01174;0.0089364;0.0040872;0.00029277;0.00042037;0.0078821;0.045592;0.00012656;0.0050324;0.00074052;0.0080559;0.00076803;0.0043952;0.00031636;0.053718;0.016096;0.0078314;0.0023336;0.0076383;0.0091471;0.0046096;0.0025187;0.04629;0.0094338;0.0034611;0.0019416;0.053126;0.0091179;0.053681;0.0065837;0.0074012;0.0035367;0.0032586;0.005153;0.04101
27;2.2373;0.33979;2;0.85;0.5;50;50;Euclidean(GeometricAverage);0.053626;0.0050554;0.0063366;0.029512;0.012204;0.0018977;0.0022857;0.0034303;0.0010343;0.008733;0.037884;0.010143;0.012173;0.0031122;0.0081904;0.0007833;0.052633;0.00048212;0.0055963;0.008186;0.05156;0.0022024;0.02424;0.0032272;0.010449;0.0032132;0.051528;0.047147;0.0023308;0.0027507;0.00022209;0.0029791;0.01767;0.0022938;0.0032125;0.00039024;0.039727;0.0036397;0.0003664;0.0029774;0.0025731;0.0036142;0.027794;0.0020555;0.0074759;0.0030476;0.011172;0.0024798;0.0041959;0.019886;0.044703;0.00011712;0.014366;0.003742;2.3492E-05;0.0022988;0.00043084;0.00054505;0.0051967;0.0052052;0.0010354;0.0031886;0.0038281;0.005467;0.00049996;0.052404;0.0060624;0.0058504;0.00084383;0.00043407;0.002194;0.0044028;0.0031911;0.0017423;0.0025504;0.001094;0.029967;0.00089683;0.00040994;0.035527;0.015204;0.018305;0.0011855;0.014812;0.0063735;0.0022114;0.00072137;0.0010294;0.0031406;0.053659;0.0045689;0.0022487;0.010017;0.0065303;0.00061257;0.0014467
28;2.3539;0.038126;2;0.85;0.5;50;50;Euclidean(MinimumTimesMedian);0.030306;0.03061;0.0010225;0.0041658;0.006275;0.0072172;0.018065;0.00030279;0.013103;0.0044299;0.025788;0.0068159;0.010551;0.0096925;0.0004903;0.0016696;0.027137;0.0013543;0.00064716;0.0296;0.022784;0.003567;0.0014417;0.01072;0.027934;0.030632;0.020809;0.030453;0.025897;0.0094652;0.00036163;0.02176;0.00025394;0.00039967;0.010716;0.0034888;0.0077703;0.006866;0.030479;0.021557;0.0038416;0.0027844;0.0015879;0.00042085;0.0084776;0.024933;0.00065296;0.0010296;0.019295;0.0048542;0.028851;0.00676;0.0060921;0.028683;0.0010535;0.0056962;0.026908;0.0113;0.00016657;0.0026066;0.0037864;0.0048643;0.00039557;0.00071106;0.0017048;0.0053607;0.0020846;0.0021093;0.002507;0.0075467;0.0015242;0.0017812;0.0031098;0.0058927;0.00041934;0.02005;0.00059371;0.0014469;0.029099;0.013123;0.0078089;0.00050795;0.029153;0.0019931;0.0090546;0.01955;0.00067691;0.029071;0.0024389;0.026323;0.00017841;0.0014104;0.019838;0.0098637;0.027967;0.0034641
29;2.3637;0.36192;2;0.85;0.5;50;50;Euclidean(Average);0.054106;0.0036708;0.0077292;0.0055474;0.0028128;0.015181;0.0011793;0.0041782;0.00067626;0.001542;0.055539;0.0025368;0.0093784;0.00021596;0.0017027;0.0030648;0.0044338;0.0038019;0.0048208;0.053327;0.012227;0.00053429;0.0049912;0.0039635;0.011566;0.0007097;0.047394;0.0026658;0.0095198;0.0043998;0.00022886;0.0075142;0.014508;0.0039142;0.0013103;1.2969E-05;0.0014689;0.0027306;0.014743;0.0012663;0.00099094;0.0049571;0.001675;0.011634;0.0059191;0.015675;0.011571;0.0060794;0.004197;0.014587;0.045645;0.010986;0.0012019;0.002091;0.0027619;0.00092914;0.0012022;0.0072797;0.00035188;0.0050009;0.0079452;0.006067;0.009412;0.0096342;0.0047471;0.0003682;0.0078971;0.012747;0.0014955;0.0033115;0.0021665;0.0050556;0.00084465;0.011688;0.055928;0.055021;0.0075753;0.031157;0.004533;0.01271;0.011136;0.0024612;0.013103;0.026595;0.010881;0.051437;0.0076504;0.046621;0.00098207;0.0013889;0.0078805;0.00041746;0.0011345;0.0019373;0.0047255;0.025497
30;2.4446;0.37127;2;0.85;0.5;50;50;Euclidean(GeometricAverage);0.063219;0.056168;0.0011375;0.0012955;0.0029431;0.0044774;0.0038418;0.0064485;0.0098532;0.0048657;0.014185;0.0085564;0.0031742;0.011702;0.00036503;0.020496;0.058667;0.014765;0.0051215;0.040556;0.030989;7.5463E-05;0.0017096;0.0014825;0.0052745;0.00083271;0.00059482;0.01251;0.00072989;0.0073115;0.0049448;0.0028471;0.0081031;0.0011855;0.0011706;0.0024139;0.0051939;0.00071699;0.0033414;0.0037443;0.0020682;0.0016515;0.0012878;0.0039368;0.012285;0.060301;0.007444;0.0062676;0.00016454;0.020712;0.00099539;0.0075369;0.0015543;0.020012;0.0016303;0.043176;0.0012295;0.0020289;0.0018624;0.0028299;9.1438E-05;0.0049606;0.0038811;0.00082699;0.0011283;0.01502;0.017323;0.00031302;0.0030616;0.010188;0.002031;0.0038606;0.00086216;0.022116;0.00084745;0.062606;0.0063112;0.0074314;0.0021479;0.0031919;0.0026166;0.011874;0.011757;9.77E-06;0.056897;0.059179;0.015703;0.0050185;0.017172;0.0047886;0.0012789;0.0029868;0.0034129;0.0064031;0.0016972;0.0050255
31;2.4495;459.46;2;0.85;0.5;50;50;Euclidean(Summation);0.056957;0.010928;0.00010909;0.0039695;0.012646;0.010035;0.015254;0.0066928;0.00013273;0.0014751;0.0029026;0.0058701;0.0028491;0.0028221;0.0025063;0.011807;0.052352;0.0031784;0.022009;0.025016;0.036164;0.0044002;0.024541;0.00016313;0.0054962;0.0093978;0.010818;0.00077885;0.0082938;0.0012307;0.00017085;0.0039185;0.0039573;0.0030177;0.0094445;0.0080273;0.0015368;0.0014114;0.00034876;0.0044898;0.0031411;0.0020028;0.0037938;0.0040575;0.0010304;0.0046046;0.0022381;0.0014975;0.0017279;0.011296;0.0041518;0.0057205;0.003504;7.88E-05;0.053842;0.0071312;0.0012411;0.00046256;0.0053771;0.0060833;0.0080261;0.025133;0.0063088;0.0036154;0.0014656;0.0022963;0.0035717;0.014252;0.037416;0.0017005;0.0058215;0.0022691;0.013379;0.011591;0.0052911;0.056502;0.0034422;0.0027051;0.001834;0.0036942;0.0023098;0.00084608;0.00011563;0.056693;0.0064487;0.057587;0.0051012;0.039793;0.0081848;0.004893;0.0025515;0.038512;0.010559;0.034412;0.0087915;0.0027863
32;2.5235;473.34;2;0.85;0.5;50;50;Euclidean(Summation);0.057249;0.0017378;0.0015557;0.011805;0.0022982;0.0021855;0.003673;0.010546;0.0098657;0.0048921;0.054905;0.0010006;0.013728;0.021945;0.0013327;0.003801;0.053311;0.0073071;0.0024355;0.0050884;0.050755;0.011385;0.020871;0.054241;0.0014513;0.00093625;0.020375;0.0080507;0.0033326;0.0024116;0.0037905;0.0035317;0.00060637;0.0080687;0.00031079;0.0046708;0.0062478;0.0017789;0.0018249;0.0015582;0.0035618;0.00066902;0.015028;0.012035;0.0007268;0.0065392;0.04112;0.00093893;0.0016491;0.0017754;0.053286;0.0026766;5.4511E-06;0.00051659;0.0087245;0.003395;0.0081353;0.00091215;0.0035893;0.036872;0.001085;0.0020148;0.013086;0.015908;0.0021573;0.0092087;0.013228;0.0030144;0.0095752;0.010936;0.00044949;0.004324;0.00062158;0.0056235;0.007688;0.055477;0.00051936;0.0013186;0.00037793;0.0088221;0.027465;0.00059698;0.0017408;0.039691;0.0017058;0.055933;0.00079793;0.00040054;0.0080904;0.0077588;0.0016729;0.00055483;0.0015858;0.00089601;0.0017897;0.0048659
33;2.548;477.94;2;0.85;0.5;50;50;Euclidean(Summation);0.064931;0.0017248;0.0018172;0.0038995;0.00015839;0.0064964;0.0034825;0.0023846;0.0034861;0.015028;0.0073206;0.0043926;0.012855;0.012105;0.0020247;0.01028;0.056634;0.0026903;0.0020616;0.005166;0.0070781;0.0078714;0.008454;0.0033767;0.0040944;0.0031181;9.6515E-06;0.0051052;0.020663;0.061604;0.0067459;0.00035449;0.0028906;0.0038988;0.01029;0.0026974;0.003288;0.0062629;0.0068598;0.00085274;0.0051757;0.011226;0.0028017;0.0050606;0.001864;0.0029609;0.00087564;0.0051648;0.0019296;0.011138;0.00073989;0.0019235;0.0018908;0.053768;0.0091709;0.0040631;0.019927;0.0087951;0.0015155;0.001653;0.0045095;0.0091299;0.0041755;0.0010561;0.0062689;0.011055;0.0063732;0.0041652;0.062317;0.02847;0.0076891;0.013671;0.0046621;0.0087324;0.0049604;0.052634;0.0036546;0.0095979;0.023111;0.0035736;0.0011551;0.019821;0.0052592;0.0060746;0.0024231;0.060043;0.0050183;0.02796;0.013136;0.0011182;0.0083217;0.014557;0.01184;0.005441;0.0083851;0.0035426
34;2.5516;0.3907;2;0.85;0.5;50;50;Euclidean(Average);0.063361;0.0028809;0.0022793;0.0060612;0.011086;0.0051905;0.0016017;0.0029906;0.0013901;0.0032349;0.0010674;0.0023023;0.0085554;0.0066107;0.0012374;0.00061516;0.060081;0.0025818;0.0028224;0.00060934;0.011179;0.001972;0.011622;0.0026256;0.018454;0.0027467;0.027509;0.054851;0.036044;0.00057748;0.0066217;0.011423;0.011037;0.014822;0.00901;0.0035136;0.00010463;0.012405;0.022199;0.01515;0.00087629;0.0026076;0.0018882;0.0047745;0.009853;0.002153;0.027426;0.00037809;0.0011754;0.013047;0.0057191;0.001196;0.00029294;0.0036236;0.0071331;0.0069447;0.0079789;0.0045526;0.014061;0.0044765;0.0024208;0.0037294;0.0017141;0.005018;3.1105E-05;0.0026261;0.062968;0.0036622;0.03419;0.010028;0.0048291;0.018966;0.0030669;0.005549;0.0018498;0.014502;0.016632;0.0031284;0.0095859;3.1988E-05;0.0044799;0.0044115;0.011751;0.0094252;0.0027527;0.060439;0.00034256;0.050415;0.004674;0.010505;0.0032535;0.0075074;0.019741;0.023606;0.00023853;0.0013444
35;2.5551;0.041384;2;0.85;0.5;50;50;Euclidean(MinimumTimesMedian);0.032599;0.0023458;0.030606;0.0016835;0.0018378;0.0012612;0.0027699;0.0064063;0.006032;0.0017298;0.00021157;0.0037268;0.0096905;0.0042066;0.0095369;0.00477;0.00010765;0.03156;0.0068651;0.033518;0.00043101;0.00046723;0.00043783;0.0033037;0.030761;0.030618;0.033435;0.0046909;0.0010797;0.03188;0.017464;0.00099993;7.1264E-06;0.0041289;0.0012123;0.0033466;0.0043976;0.0042957;0.0045513;0.0016957;0.00019135;0.0050954;0.00086108;0.019507;0.0066356;0.010561;0.029678;0.0028553;0.0022246;0.0020015;0.028192;7.6234E-05;0.0048209;0.0052125;0.032754;0.0056627;0.017724;9.604E-06;0.0069234;0.031651;0.011005;0.0016294;0.029497;0.010615;0.020952;0.030926;0.032306;0.0047464;0.026389;0.0057618;0.0025497;0.026612;0.0018102;0.0294;0.0024253;0.033161;0.004095;0.03098;0.0021355;0.0031199;0.0011361;0.0052286;0.0024176;0.0077004;0.00012288;0.0025507;0.0019236;0.028695;0.010694;0.016746;0.0032446;0.00016605;0.0063099;0.014002;0.0019733;0.0036659
36;2.7229;0.044103;2;0.85;0.5;50;50;Euclidean(MinimumTimesMedian);0.034109;0.0003972;0.0095791;0.00031925;0.00014906;5.699E-05;0.020773;0.027772;0.012442;7.8262E-05;0.024836;0.00012158;0.0016545;0.0069692;0.00086125;0.034431;0.0047046;0.00076313;0.0017975;0.024455;0.014003;0.0023279;0.022453;0.0015556;0.0026216;0.0020424;0.027856;0.019586;0.0016625;0.027576;0.028093;8.9653E-05;0.00048739;0.00091748;2.1154E-05;0.0016245;0.016045;0.0018554;0.0033413;0.017397;0.0047092;0.033914;0.00073577;0.0019073;0.0024919;0.034178;0.0040576;0.00041244;0.0073518;0.0036462;0.020422;0.00095807;0.00046657;0.012063;0.0018125;0.030993;0.027058;0.0015423;0.0050644;0.012236;0.032431;0.0033078;0.0028361;0.022092;0.000732;0.0039267;0.035053;0.0036521;2.8965E-05;0.0020761;0.0053137;0.0020816;0.028564;0.031717;0.028115;0.032846;0.0014419;0.034063;0.0017985;0.0015312;0.0044537;0.0029617;0.0024078;0.0054759;0.0010348;0.001937;0.0010911;0.030651;0.0055575;0.00054449;0.0089547;0.004992;0.0016383;0.03096;0.019357;0.00052862
population
1;-2.1715;1.2059;1.388;0.14218;1.4983;1.8498;0.12507;0.8807;0.28016;0.020095;1.4578;1.9536;2.0025;0.14504;0.97593;0.66944;0.036433;1.2006;0.097095;0.45051;3.8077;0.0049384;0.37617;0.23236;0.10035;0.55846;1.5243;2.0455;0.46667;0.29108;0.68772;0.93443;2.9184;0.34228;0.43949;1.0137;3.3625;0.091532;0.93986;1.704;0.17231;2.9088;0.49659;0.76046;0.55091;0.21832;0.80966;2.5327;1.5815;0.17223;0.075356;0.058053;3.6222;0.71744;4.6003;0.40702;0.80115;0.42962;0.06669;0.23328;2.0322;0.54334;1.5857;0.39622;0.61353;0.15208;0.04851;1.7572;0.66801;3.0834;0.50445;0.49019;0.095271;1.6149;3.1838;0.51275;1.8696;0.042537;0.95971;1.8962;0.18335;0.50902;0.22939;1.2665;0.91643;0.86389;0.18444;3.3291;0.53706;1.2492;1.7575;0.72289;0.73465;0.010465;2.0126;0.22503
2;-4.8945;0.25235;2.1669;0.40033;0.38112;0.73207;0.16331;1.9815;3.0634;0.47907;5.8085;0.59404;1.6608;1.6716;0.53891;0.88146;1.0845;0.89597;0.11347;0.22284;0.67334;0.59997;0.47162;0.61806;0.029177;1.0644;1.5473;0.96396;0.70912;0.20409;0.076877;0.59341;2.5204;0.42194;2.7992;0.64577;0.070286;0.15772;1.2488;0.030806;1.0889;0.34379;0.69439;1.1907;0.04038;2.908;1.3406;0.95789;2.0624;0.065487;0.7139;2.2141;0.25661;0.069017;0.043832;0.24162;0.79609;0.41289;0.071297;0.051439;0.056991;1.1796;0.73454;0.054796;0.081786;0.38938;1.298;0.18867;0.29791;0.57424;1.2943;2.303;1.3975;0.19984;3.7871;3.1652;0.4143;0.76119;1.9903;1.5508;0.74127;0.074083;0.4929;1.4476;1.1058;0.72262;1.6319;0.022719;0.32475;0.43717;0.05059;3.5654;0.19897;0.88768;0.27583;0.19034
3;-4.8669;0.70398;0.88381;0.57889;0.11321;1.2943;0.12862;1.3942;0.31456;1.7479;0.69225;3.5195;3.0962;0.89226;0.63523;0.38778;6.465;2.3085;0.19083;0.53486;0.028002;0.53167;0.54843;0.42107;1.5666;0.96517;0.55624;4.2242;0.34553;3.8442;0.050844;0.69338;5.1133E-05;4.39;4.4535;2.8491;1.2145;0.78482;2.5307;0.4381;0.19228;0.59345;0.73853;0.2584;0.53425;0.10218;0.52186;0.57251;0.039492;0.17542;4.7056;0.46733;0.94452;0.40725;0.48457;0.0051301;0.0082416;1.0724;0.81163;0.26652;0.30519;0.28114;0.21436;1.0169;3.3546;0.72313;0.12392;1.9625;0.91675;0.62554;0.77129;0.82277;0.096005;0.85491;2.1058;0.26202;0.55669;1.6294;1.683;0.054228;0.067595;0.83778;0.78273;0.38649;0.0057954;3.4605;2.4722;3.1426;0.67145;1.6996;0.22984;0.066009;2.1674;2.358;2.4687;2.7221
4;-1.2408;1.0933;0.14239;0.23316;0.56159;0.1146;0.36134;0.67664;3.1114;2.3788;2.2683;0.016968;1.7518;1.5541;0.39925;0.14287;0.59321;0.23117;2.4669;1.1666;2.4886;3.0759;2.0367;0.80537;4.5954;0.42348;3.2966;1.0347;2.2309;0.1767;0.016517;1.064;0.95819;0.12084;1.4645;0.20133;1.5491;1.5401;0.83671;0.91179;0.001785;1.6965;1.3165;1.111;0.015371;1.6778;0.12745;0.060388;1.7325;0.10196;0.6323;0.094479;0.61783;0.22535;0.2759;0.98548;0.35526;0.053895;5.7169E-05;3.2985;0.19579;1.9767;0.53379;0.20236;0.24402;0.55316;2.8797;0.12784;0.48481;0.13496;0.39185;0.1458;0.38405;2.398;1.5925;1.5256;1.7391;0.5109;2.1154;2.9165;2.2622;1.9843;1.1823;1.2955;1.8713;1.0439;1.2128;0.19949;0.58759;0.22691;2.1325;0.081595;1.3073;0.082753;0.59599;0.22193
5;-0.83999;2.3492;0.36151;0.13105;0.32381;1.4935;6.0091;0.35038;0.20264;0.12209;0.3458;0.78706;0.73665;2.8171;0.67308;2.4395;0.070681;1.3649;0.17851;0.4564;0.35864;1.9495;4.2864;0.98875;2.7318;0.1997;0.35899;0.63026;0.79181;0.61373;1.5431;0.020844;1.9356;0.31199;0.041023;0.51689;0.16694;1.1101;1.7434;0.12467;1.7284;0.94862;1.6481;1.0751;0.11103;0.14868;3.3161;1.7899;0.80523;0.12048;0.3382;0.28987;0.4351;2.1472;1.3142;1.0203;1.2876;1.3473;0.14013;0.19453;1.8044;0.47497;2.0767;0.83066;1.0246;0.072099;0.13856;1.2788;1.6805;1.8319;0.15931;0.15594;1.5371;1.9125;0.31712;0.94268;1.3629;0.045414;1.5852;2.9375;0.41675;0.72465;1.1738;1.0059;0.67538;1.9742;1.2076;1.2475;0.38756;0.44743;0.34958;1.3845;0.41825;0.046403;0.47314;0.24911
6;-0.82452;2.6832;1.9814;0.071944;0.96947;1.5848;0.27387;0.8318;0.86626;1.0329;0.24222;1.0132;0.15545;0.89473;1.1665;2.1421;0.23132;0.0074197;0.34128;0.14134;0.23328;0.67168;0.18959;1.2937;0.35894;0.10898;0.19162;0.88449;1.9144;0.59411;2.1315;0.086572;0.26723;0.80198;0.40264;2.9134;0.042917;1.9312;0.21416;0.070821;2.0047;2.0584;0.60159;0.70214;0.65265;0.57666;0.42296;2.7293;3.5734;1.4274;1.0777;0.27843;0.14825;1.6212;0.97118;0.0019277;0.39989;0.32707;0.29895;0.72177;0.036777;3.6409;2.8005;4.8378;1.0417;0.12713;0.0050349;1.1452;1.3733;0.40936;0.73492;0.19931;0.42354;0.21736;0.57365;0.27609;1.298;0.53328;0.28644;0.29403;0.73308;0.5783;1.5233;1.2573;0.49727;2.5348;1.2494;1.7966;1.4125;1.1412;0.14405;0.10666;0.46752;0.033381;0.72127;0.044248
7;-0.49771;0.3958;1.0292;0.077345;5.9312;1.5564;1.2341;1.8298;1.0047;0.055808;0.24994;0.71482;1.8323;1.0443;0.067183;0.51829;8.6566;3.1576;3.0564;1.8207;1.1833;0.15533;0.11004;1.3411;1.068;0.64823;3.8456;0.27132;1.0687;0.30005;5.1223;0.36231;0.19372;1.2438;1.323;0.013348;0.26887;1.0551;1.0464;0.84108;0.54092;0.73807;0.80607;1.1937;0.10053;0.64488;0.51216;0.64397;0.041156;1.3296;0.90432;0.20817;1.3015;0.77331;0.04773;2.0638;3.9856;0.72538;1.9232;1.1227;0.27003;1.3167;0.2396;0.65507;0.53595;0.23461;0.38986;1.6906;0.26106;2.6904;0.76622;2.2756;0.9173;0.1638;1.2417;0.0057141;2.464;0.45889;0.93935;0.054123;0.775;2.7891;0.71778;0.061334;1.0316;0.65343;0.1933;0.12746;0.071947;0.51518;1.9638;0.27493;1.5834;0.86492;2.9268;0.024221
8;-2.8793;1.3372;0.125;0.31661;0.35558;0.37567;2.7328;1.0044;1.6668;0.20744;0.49107;0.87321;0.25518;0.20716;0.79286;0.70775;1.9869;1.0908;0.25739;0.28656;7.9403;0.12633;1.1268;0.28148;1.0555;0.44033;2.8167;1.6969;0.94416;0.69212;2.055;0.27292;1.109;2.5928;1.1169;1.245;0.33858;0.86796;1.8789;0.093936;0.62613;1.4969;0.39706;1.8838;4.3756;0.034035;0.20323;2.0106;1.3163;0.23456;1.1768;0.7615;2.4069;1.9696;0.099461;0.4853;0.38841;0.00071864;2.3333;0.25346;0.77117;1.8918;1.2381;3.1937;0.83696;1.9963;0.73313;0.71665;0.44786;1.7182;2.1039;0.22743;0.29526;0.54922;0.5152;0.25446;0.11041;0.73922;0.79927;0.7486;0.60669;0.10716;0.76227;0.85292;0.22841;0.038862;1.2615;0.18382;0.60684;0.623;1.2817;0.22198;0.40563;0.43787;0.30822;0.01678
9;0.83473;0.75347;0.067739;0.19598;3.5974;0.53038;0.46705;1.4565;0.94608;0.026014;0.66536;2.1944;2.0206;0.92275;3.0384;0.86514;0.11684;0.36869;0.99962;0.2691;1.6903;0.44104;1.4195;1.5462;0.21565;0.28263;0.89355;4.5887;1.3683;0.30969;0.85607;0.223;0.50082;0.7525;0.83933;0.12588;0.24421;0.89638;1.8649;0.083714;0.040837;0.72208;0.65691;0.21665;0.16806;1.7068;0.43161;0.54212;1.1751;3.6264;0.87316;0.94172;0.87908;1.5764;0.47268;2.0345;2.0606;0.11716;1.7634;0.36865;0.0048097;1.2992;0.50971;0.58637;0.61301;2.7313;0.25112;0.24772;0.53519;0.96307;0.06465;3.6711;2.2368;0.6068;1.4346;0.23961;0.43751;0.50369;2.1053;0.044453;0.19979;1.6215;2.5693;3.5478;3.3542;0.22251;0.08213;0.32522;0.49487;0.29969;1.0824;1.9435;4.2589;1.165;0.41092;0.33594
10;-3.4738;0.88841;1.6501;0.65007;0.44503;0.16274;1.2561;1.2366;0.77446;0.54216;0.12917;0.80251;0.51443;0.20409;0.85893;2.9829;0.78113;0.0094786;0.12764;0.62198;0.89866;2.0405;0.44765;0.67399;3.1773;0.54795;0.02775;1.8702;0.18695;0.80574;0.77912;3.3029;0.39086;0.14948;0.10346;0.65787;0.0093979;0.52684;0.057758;0.84163;0.31628;1.413;1.0176;0.44276;0.87591;0.019351;0.80541;0.38735;0.58911;1.1252;2.7478;0.98264;0.7404;0.33542;0.21801;0.21808;0.40021;0.55606;0.62233;1.3144;2.223;0.42401;0.3766;0.31206;1.9129;0.79259;0.44161;0.74993;0.099263;0.24085;0.13324;1.6478;0.87854;1.4508;0.20685;0.022072;2.6131;0.97483;0.34869;1.2711;1.4273;2.3208;1.2199;1.1053;0.51098;0.4469;0.11464;2.5237;0.42774;0.39334;0.30622;3.4658;1.5175;1.8229;0.37525;0.53719
11;2.7826;2.2052;0.23636;0.43806;1.3752;0.15954;0.057724;0.55805;0.16897;1.7248;0.01316;0.96566;0.70883;1.0494;0.98208;0.060633;0.52466;3.3818;0.87601;0.27669;1.2437;1.2286;1.3004;0.11635;0.10756;0.51425;0.11571;0.26579;0.75582;2.279;1.5027;0.33874;0.76426;0.028865;0.54963;1.5261;2.8711;0.44833;3.9822;1.6118;0.12112;1.8622;0.49771;0.40416;0.54644;0.025855;0.073388;2.372;0.16458;0.95098;0.83845;0.67832;0.44288;0.15305;2.2493;1.3847;2.3552;0.84089;0.19777;1.0906;0.92741;2.0873;0.13108;1.5819;0.24245;1.0193;0.48991;0.36879;0.41041;0.98002;4.1959;0.27475;1.3921;0.092828;0.11644;0.091232;0.35032;0.056732;0.48045;0.87787;1.0121;0.51119;2.2083;0.96387;0.42648;0.035728;1.0336;1.2364;0.48183;0.81778;1.4063;0.07658;0.74889;0.83739;3.0603;0.28196
12;-0.23256;1.4894;1.6692;0.57395;0.93921;0.24458;0.13477;1.0598;1.8168;0.044757;0.26619;1.2918;2.7651;0.53163;0.79414;0.076284;0.39266;0.082152;3.9029;0.67029;0.056722;0.23019;1.1486;0.036339;0.90976;0.88862;1.4982;4.1162;0.19806;0.74395;0.017934;2.9115;1.8282;2.3026;3.0154;0.44122;0.59238;1.633;0.41592;0.39739;1.4604;1.741;0.1081;0.94955;0.79308;1.0169;0.68624;0.24999;1.2378;1.6252;0.16109;0.54561;0.0069528;1.5376;0.25611;0.35185;0.50062;0.0052458;0.8156;0.89903;0.78867;0.23071;0.57955;0.077756;1.4833;3.087;2.2881;0.11407;0.9027;1.0578;3.7323;1.6995;1.37;0.057964;0.9408;1.9932;3.3642;1.499;0.14558;2.1313;3.0625;1.9264;0.8458;2.1722;0.15437;0.67689;2.0931;0.072547;0.08194;0.6869;0.11361;0.14047;0.78869;6.715;0.95419;2.1363
13;-2.3472;2.0423;0.012713;0.0071632;0.36188;0.49624;0.023495;0.8406;0.4723;0.80086;0.39357;0.46931;2.217;1.4008;0.084563;0.55524;0.12043;0.065711;0.13596;0.52164;0.8106;4.1061;0.5191;1.5244;0.65234;1.3248;0.18712;0.19231;1.6797;0.30934;0.86953;0.63514;1.7082;0.45678;0.35581;0.022044;1.6871;0.92217;0.21763;0.8457;1.2657;1.1374;0.56172;3.0005;0.011806;3.4081;3.3881;1.1524;0.75264;1.4093;0.68485;1.0929;1.4253;2.914;1.0924;2.3938;0.076626;0.6449;0.83818;0.19289;0.30278;0.4211;1.1505;1.1777;3.0523;1.294;0.20232;0.29774;1.373;0.24559;1.0218;0.42044;0.61029;0.32271;0.92679;0.16257;2.0631;2.329;0.92768;0.38521;1.3212;0.088665;0.11452;0.021913;0.48758;1.1557;0.45293;1.8087;0.021554;0.021137;1.1986;0.86426;2.648;0.98818;0.10908;0.01342
14;-4.7412;0.74606;0.00685;0.038116;3.0029;1.6248;0.72506;6.2826;0.96351;2.4865;0.98131;0.46883;0.24896;0.8177;0.88637;0.10382;1.6329;3.2828;1.3186;0.72263;4.1089;0.13472;0.10487;3.0582;2.5775;0.77151;2.2244;0.013393;0.62017;0.383;2.0242;0.99096;0.69809;0.80886;0.044482;0.9706;1.2094;0.1459;1.3422;0.22585;2.6045;0.73361;0.56138;1.3782;0.36961;3.2586;0.068978;0.91011;1.4316;0.36762;0.60009;0.29332;0.74778;0.36129;0.85038;0.40813;1.1686;0.055281;0.55025;1.3858;2.4913;2.2037;0.25929;0.46122;0.40279;0.3979;0.98943;3.7689;3.6628;0.058052;0.096572;0.014936;0.18122;0.17141;1.6331;1.1468;0.6797;0.28964;0.4754;0.0050583;0.65719;0.072329;2.0011;3.4756;0.13631;0.54728;2.1277;0.22468;2.2917;0.18536;0.91632;0.033133;2.0357;0.049984;0.64416;0.54034
15;8.2495;0.061296;0.1158;0.45959;0.30852;1.5409;0.94022;2.5154;0.47571;0.16788;0.25365;0.78807;1.7293;0.69653;0.99466;0.15757;1.8495;0.89364;0.24996;0.11381;1.0288;0.53034;2.0129;0.0044725;0.97586;1.8314;1.4184;0.22191;0.43559;1.339;0.056891;2.2572;0.5471;0.6901;1.8555;1.6799;0.01417;0.46625;1.9037;2.1421;2.1791;0.96174;0.56576;0.4435;0.73643;0.11442;0.43041;0.28437;0.83021;0.55859;0.27013;0.46865;0.46329;0.43445;0.23065;0.057059;1.7549;2.1281;1.4596;1.2681;0.42755;1.8448;0.51423;1.314;1.0423;0.24164;0.15556;0.45443;0.15985;0.29957;2.8572;1.5564;0.72382;0.64418;0.24913;1.6759;0.58866;2.0308;0.38104;1.022;0.23361;1.125;0.99902;0.6825;2.0032;1.256;0.72236;0.98881;1.5;0.11764;0.080017;0.076784;1.3745;0.02818;0.2891;0.20842
16;-2.9407;0.22302;0.64048;0.083055;1.4629;1.458;0.34332;1.0269;0.30227;0.12918;1.878;0.24486;0.54609;0.97071;0.0086191;0.12325;0.075129;0.33771;1.7641;1.1974;0.28034;1.5416;1.3429;0.13378;1.1624;1.001;0.65018;0.16847;0.20437;0.30687;1.1335;0.06577;1.1112;0.18449;0.54022;1.5077;0.58736;0.282;1.8604;1.1495;1.38;0.13625;0.45519;0.54668;1.2638;0.26365;4.1686;1.9657;0.027499;1.2751;3.0095;1.7582;0.24635;4.5931;0.49554;0.36156;1.5318;1.8022;0.95933;0.35839;0.72925;0.14308;2.2448;1.4102;0.065086;0.95699;3.0076;1.2958;0.34126;1.2511;0.23838;0.69934;0.28954;0.64982;0.15921;0.22125;0.66799;0.79106;0.39634;0.73187;1.5842;1.0893;0.50278;0.32384;0.014266;0.094265;2.2275;2.0551;1.4465;1.3483;1.9765;0.020469;2.7728;0.60722;0.056426;0.10695
17;-0.50136;0.051257;1.1068;2.4533;1.2327;0.48715;0.043164;0.29576;0.15927;0.21088;1.8713;0.91396;1.8655;1.0644;1.8091;2.9299;0.91009;0.07598;0.17461;1.6289;0.73258;0.12716;0.026831;1.2054;0.68294;2.8379;0.7789;0.039858;0.62813;0.5163;0.57674;0.70264;0.8156;0.73694;0.20955;0.77784;0.087419;0.95382;0.90406;0.91036;1.718;4.5112;0.36145;1.3486;0.91085;1.2058;0.0027592;0.16448;0.68616;1.6328;0.25518;1.6523;2.5457;0.12278;0.7792;0.18075;0.8542;0.28395;0.005659;0.72358;0.31965;1.5655;0.99524;1.0636;0.7439;0.72665;2.1936;0.50448;1.8634;0.69136;0.044761;0.01837;0.36135;0.64476;0.20129;0.71238;1.3217;2.5283;4.4661;1.5976;1.2786;3.1232;2.3343;0.41368;1.4236;0.088628;0.013938;3.8352;0.35051;0.80896;1.0677;1.2711;0.58044;3.2564;0.54185;0.554
18;5.4232;7.7709;0.44154;1.4556;0.47037;1.7467;0.6935;4.1066;1.6576;0.12385;0.25709;0.94436;6.7218;0.44938;1.3119;1.7809;0.99326;0.72791;1.1901;2.1795;0.8505;0.4535;0.50186;0.33252;0.022253;0.68284;0.18341;0.54384;0.22576;2.674;2.1075;0.3504;0.46662;0.34309;0.039408;1.6733;0.045418;2.8495;3.8743;0.066608;0.2412;1.8652;0.26523;0.15374;0.14582;0.28381;0.21346;1.7517;0.20655;0.1485;0.20626;0.034164;0.68429;0.98149;0.02575;0.07832;1.3115;0.4709;0.69035;0.041552;0.22857;0.91358;1.3761;0.49726;0.21565;0.44754;0.198;1.1277;0.82714;0.71873;0.78092;2.1895;0.43517;0.0098663;1.4588;0.0077012;0.59113;0.0047769;0.49337;1.079;2.4287;0.67025;0.18965;0.04895;0.087892;0.33064;0.39198;1.4277;0.36217;0.33645;3.6937;1.3473;0.040481;0.75744;1.9628;1.7652
19;1.45;0.68469;0.21006;0.87558;0.30056;0.55097;0.89109;0.12953;0.31444;0.84872;0.48576;0.81994;2.2175;2.7796;1.6693;0.84757;0.43108;1.9829;0.23397;0.30432;1.6966;0.0020972;0.91872;0.34602;0.039065;1.5929;0.21085;0.76812;2.3769;1.6106;0.85542;0.46495;0.84756;1.7249;0.99836;0.21599;0.18364;0.48048;0.057973;1.3331;0.94142;4.6209;1.7848;0.16598;0.043;1.3135;0.4142;1.0807;0.71171;0.093986;0.023863;1.064;2.2079;0.081649;5.6077;0.83477;1.453;1.2627;0.4629;2.0643;1.8182;0.45851;1.9995;0.14671;1.4797;3.5297;0.047572;0.037424;0.38643;0.98179;0.60029;0.022481;0.46989;2.4146;0.13861;0.44926;1.155;0.39804;0.0092051;1.9534;0.4741;2.116;0.74233;0.57585;1.9695;0.26774;0.58579;0.30283;0.97891;1.2127;1.0423;1.6618;1.713;0.10144;0.1087;2.9989
20;0.75479;0.45923;1.4397;0.097903;0.42157;0.58149;0.77678;1.6976;1.3107;0.66653;0.48717;2.3446;0.41786;0.47747;0.56212;0.1765;0.60773;3.2395;0.022685;0.69326;0.82174;1.1411;0.31454;0.59425;0.77474;2.6171;0.64091;1.0847;1.0221;2.1829;0.21702;2.0245;3.884;0.20595;0.74344;0.50047;0.20959;1.1623;0.070953;0.72949;0.73933;2.0211;0.14803;0.80098;0.18947;1.1129;2.1155;0.08748;1.9915;0.27557;0.39105;0.16364;2.3104;0.045741;0.30139;0.66846;1.4261;0.029391;0.4081;0.55322;0.29775;2.0352;0.22034;0.21308;0.77785;1.5992;0.93306;0.007543;1.6496;0.37307;0.55409;0.77372;2.8746;2.546;2.0567;5.7542;0.13623;1.2045;0.052834;0.37519;0.19679;0.40216;0.42436;0.26058;0.022593;0.89562;0.30318;1.4891;1.5702;0.4663;1.8234;1.594;0.52822;0.028199;0.92171;0.75177
21;-2.4388;1.8301;0.90025;1.2395;0.62427;1.9769;2.4503;0.38369;1.4142;0.35456;1.6287;1.234;0.56484;3.6432;0.42246;0.083208;2.8011;0.5066;0.15946;0.54338;0.022482;0.37627;0.99976;0.6352;1.3714;0.83935;1.039;1.1417;0.14493;1.6246;3.4997;1.0296;2.2006;0.043809;0.059195;0.40324;1.5303;0.16603;0.3782;1.407;0.16135;0.62925;0.90567;0.90094;0.013164;1.6521;0.060848;0.4693;0.36669;1.6147;0.3461;0.43666;0.17714;0.044669;1.6567;0.073525;0.024646;0.064137;0.062683;0.50908;0.3438;0.18712;0.26478;0.73559;0.20968;0.34542;2.0422;0.048753;0.66146;0.51691;2.0859;2.766;0.65847;1.4962;2.2635;1.4644;0.14886;0.23762;1.3155;0.43266;0.56215;3.2659;1.5407;4.4011;0.041169;0.64162;0.26909;1.0615;0.63221;1.2763;0.8422;0.067361;0.56279;0.67073;0.23317;0.61955
22;-0.19871;0.57171;0.65476;0.2409;1.502;0.84548;0.35665;0.014838;1.401;1.1077;1.0412;0.61874;1.0484;0.25287;0.94336;0.46842;0.091369;1.5431;0.55476;0.32868;2.6762;0.70118;0.84826;0.40867;0.29272;2.6191;3.6658;0.016175;0.07287;2.8722;0.13868;0.087809;0.70866;0.095825;0.035978;0.58234;1.0466;3.375;2.3013;0.090596;1.2949;1.5536;0.77726;2.1472;1.6057;0.47533;3.0978;0.47608;0.35225;0.51963;2.2869;0.50234;0.69278;0.65301;0.079451;0.32565;0.019653;0.91105;0.18428;0.56575;0.3661;1.1916;0.15204;0.42112;0.43629;0.79362;1.3514;0.0061644;0.037816;1.1621;0.85636;0.081144;2.2319;0.38474;3.2765;0.75295;1.4496;1.3947;2.0258;0.56339;1.0981;0.311;0.43624;0.54393;2.3343;1.1702;0.98999;1.2485;0.36368;0.064242;0.33934;0.62736;0.19622;0.87179;0.9104;1.933
23;-6.304;1.6925;0.063056;0.047348;5.1217;0.47016;1.2894;0.01096;0.16628;1.092;1.619;1.5409;0.50083;0.72147;3.0157;0.79057;1.157;1.066;1.9579;0.34086;0.29121;0.015177;0.34544;2.9127;3.5929;0.22974;0.17328;0.288;1.995;0.45688;2.0317;1.592;1.1022;3.2107;0.67058;0.10418;1.0717;0.97101;2.4463;0.13716;0.57728;0.68698;1.1642;1.1781;0.043288;0.80708;1.3137;2.6773;1.1766;0.18467;0.060784;1.6064;1.7983;1.3458;1.2199;0.32345;0.19957;4.2404;0.1539;0.086357;0.55483;0.72768;1.7457;0.38659;1.9732;0.70556;0.067479;0.70485;0.11145;3.0021;0.21835;1.8296;0.251;1.0202;0.069334;0.20375;0.43208;1.4032;0.18147;0.30639;0.55713;0.27721;1.1285;0.33582;0.75737;0.50539;0.41531;0.2672;2.8819;0.60623;2.5171;0.20292;0.37265;1.1625;0.42852;0.080335
24;1.6448;2.3049;0.27115;1.0265;0.25466;1.1162;0.71302;0.061437;0.54787;0.50345;0.98403;0.24531;0.10099;1.0818;1.4041;0.12929;0.66527;0.47842;0.10983;2.6534;1.676;0.10667;0.12553;2.4384;1.7566;0.093239;0.52664;0.060447;1.2745;0.41864;3.2205;0.28015;1.5061;0.56629;2.3048;0.34573;1.4095;0.37469;0.74989;0.46124;0.50364;0.15164;0.72856;0.38196;0.22912;1.2689;0.51865;2.4408;1.1603;0.57742;0.24453;2.045;1.1101;0.80632;1.8178;2.8447;0.19459;2.2265;0.2329;1.3878;0.3179;2.1368;0.0012402;2.3613;1.2209;2.4486;0.010146;0.39729;1.463;0.55291;0.66622;0.68444;1.7293;2.0219;1.1704;0.18467;3.5349;0.1459;1.7574;2.4426;0.87798;1.1508;0.01348;1.3399;2.1189;2.0026;0.49447;3.4625;0.3714;1.0815;0.092594;1.1817;1.4492;0.075497;2.597;0.81839
25;2.2736;1.3006;2.896;0.748;0.60908;0.19642;0.94476;1.1911;1.3809;0.15809;3.7405;3.354;1.0635;1.0565;4.0438;0.31796;1.7601;0.020393;3.3102;1.4854;0.42728;3.5355;2.9364;2.9643;1.1683;0.2412;0.26266;0.11217;0.57818;0.23732;1.264;0.89072;1.4819;0.57148;1.0479;0.22308;0.70735;2.2447;1.0395;2.2567;1.3992;0.21286;0.55509;1.415;1.1297;0.78321;1.5834;1.0559;0.40973;0.057223;1.436;0.26687;0.43655;2.1615;0.44222;0.087653;0.066054;2.304;1.2592;0.67701;3.681;0.56068;1.0097;2.9169;0.65668;1.3019;0.23975;1.2669;0.86125;1.4544;1.6386;1.353;0.7086;0.37428;2.2643;1.2213;0.28129;0.70778;1.0799;2.0355;4.0034;1.4089;7.6035;1.2525;1.0909;1.7077;2.1797;0.99474;0.11947;0.85426;3.9273;0.095101;1.6177;2.1998;0.75644;1.7453
26;0.16379;0.068373;0.60728;3.2817;0.52197;0.66029;1.931;0.13297;1.5023;0.55256;0.09405;0.18192;1.2204;1.0784;2.9725;0.13319;0.024671;0.2329;1.4105;0.29949;0.95893;0.79702;0.72793;0.080161;0.79603;0.20874;0.14897;3.1908;1.3971;2.9289;0.50029;3.0478;0.80729;0.21051;0.29511;3.8512;0.37286;0.27452;1.3053;0.8824;0.29228;1.9084;0.058123;0.26629;0.55881;0.16052;1.3208;0.33118;0.76317;1.4048;2.0233;3.2282;0.21603;0.10398;2.5425;1.3092;0.77759;1.4903;0.82927;0.2226;0.62657;1.0103;0.28507;0.93091;1.45;0.64787;4.413;0.54537;1.4184;2.4537;0.32204;1.737;0.98331;0.78274;0.13765;4.3041;1.2967;0.85238;0.22914;5.2964;2.7866;0.10329;1.4;0.062877;0.14044;0.66311;0.096265;0.16077;0.07903;1.0966;0.5118;0.21936;0.56212;0.19903;0.17482;0.0094374
27;2.9397;0.13606;0.029187;3.2185;1.0028;1.2893;0.092176;0.39497;0.16875;0.43052;0.0012417;2.2951;0.65152;0.43253;1.0744;0.32129;0.079259;0.78388;4.6091;1.6497;2.4545;0.68043;1.0164;0.49471;1.9724;1.5955;1.123;3.1055;1.6374;2.4615;0.90456;0.19173;0.38036;0.91085;2.3703;0.19503;1.495;0.063452;0.0017127;1.0234;0.42062;0.83107;1.4422;0.34038;0.50814;4.8014;1.0585;3.9166;0.39644;0.53529;0.23333;1.554;1.1482;0.13518;1.4711;0.15923;1.9968;0.030239;6.1535;0.0070503;0.29127;0.64242;2.5218;0.35429;0.036276;1.2858;0.27554;0.27486;0.60227;2.0376;0.36442;1.0957;0.7489;0.32719;0.45957;2.8344;0.086242;0.22591;0.59755;1.7214;0.56635;0.77752;1.9739;0.27;1.0848;0.54305;0.61409;0.8399;0.33877;4.8198;1.3915;0.4745;0.19685;0.42819;0.16411;0.43465
28;2.9737;0.5912;0.8518;2.777;0.24545;1.5458;1.4891;1.4564;0.3;0.64554;0.017798;0.08775;0.32264;0.041387;2.0158;0.21734;0.0041183;1.3177;0.98123;3.6597;0.73097;0.71252;0.2356;0.044959;0.21419;4.0594;0.11944;0.44003;0.059917;0.04645;0.22415;0.31403;0.52017;2.1868;1.9675;0.13945;1.5342;0.19101;1.6272;1.3727;0.021644;0.02726;0.23991;0.07931;1.17;0.053665;0.26602;0.33092;0.70105;1.4487;2.1411;0.37222;0.47779;0.097148;1.189;3.5222;1.2792;0.50228;1.8265;2.5017;2.4965;0.13718;1.1019;0.35157;0.40245;2.3261;0.018108;1.1324;1.1625;0.3106;1.2135;0.31517;0.21091;0.096679;1.6971;1.3815;1.1277;0.38462;0.20362;0.8981;0.28021;1.264;1.5736;0.017448;0.33375;0.14909;1.0036;1.9585;1.2157;0.13339;0.78321;0.1285;3.9026;0.77163;1.9907;3.2396
29;1.7344;1.3996;1.3575;0.3392;0.31445;1.1096;1.8879;0.87031;2.358;0.40312;0.20223;0.34195;0.14752;0.17126;1.2407;0.59577;0.57938;0.79363;0.70582;0.10286;0.88345;0.85168;0.52859;0.95043;0.81242;1.1743;0.0012667;2.1177;0.42114;0.28623;0.70944;0.45013;0.80885;0.78461;1.1593;0.19229;0.40916;0.4094;1.9985;0.48275;0.14915;2.3013;2.1852;0.81887;1.7867;0.23265;1.6412;0.43509;1.5158;1.0588;0.098237;0.59751;0.81622;0.7918;0.22926;0.0095325;0.39444;0.57227;0.64974;0.11824;0.32573;0.7161;0.33753;1.9297;0.38642;0.22997;2.6331;0.44513;3.9258;0.42642;1.8619;2.0242;1.6353;1.3113;0.26882;0.46015;0.28591;0.2587;2.0129;1.1151;0.33018;1.4017;1.981;1.4165;0.12961;3.2139;0.44297;0.77807;1.8933;0.22265;2.1424;0.098201;0.039766;0.19024;0.5516;1.6326
30;1.5941;1.2877;0.82477;0.55811;0.67301;0.16411;1.6069;0.33633;0.4075;0.44411;0.98742;1.2903;0.79951;1.9574;0.12495;0.8147;0.28519;0.30487;0.84356;1.2077;0.11922;2.8929;3.4525;2.8134;0.19654;1.2631;3.6972;0.37576;1.1442;2.7022;2.1472;0.2967;1.1684;1.1556;1.105;1.1548;1.864;1.6595;1.7431;2.9016;0.46037;1.0576;1.2776;0.6111;0.40407;0.36763;0.49456;0.086725;0.13091;1.1073;0.27372;1.4144;1.3937;2.3532;0.31808;0.18628;0.30179;1.3873;0.40658;0.028469;0.093727;0.038407;0.36244;0.28505;0.036359;0.83867;0.078941;0.87141;4.858;0.56424;1.1383;0.87064;0.57446;0.78135;0.25933;0.018732;0.99954;0.0072396;1.3489;0.22391;0.23508;0.058464;0.28437;1.4907;1.6775;3.1417;0.17577;1.3857;2.6492;0.091618;1.0167;0.26803;0.4337;0.55153;1.0632;0.77981
31;4.4656;1.8489;0.047069;1.0019;1.6135;1.3719;0.57735;2.6093;0.88288;2.6495;0.37886;1.2791;0.040089;0.35263;2.7595;0.5798;2.8684;0.96021;0.52812;1.7497;1.1934;1.6987;1.2601;0.68672;0.609;1.0556;2.4284;0.4635;0.42729;2.4503;0.97052;0.22395;1.3365;0.15104;1.4366;0.76698;1.0259;0.66655;0.39822;1.0033;0.35905;0.97547;0.6568;0.84673;0.26645;1.0705;0.018741;0.02478;0.5386;0.72498;0.67522;0.75488;2.1786;0.23554;2.0101;0.2642;0.22924;0.0044824;0.30277;0.96161;1.6244;0.51742;0.2997;0.62406;3.7011;1.3831;1.5175;0.81568;2.3951;0.5087;0.98468;0.56768;0.026579;2.5841;0.5186;0.26448;2.5578;0.037412;0.84987;0.73167;0.26693;0.033454;0.22243;1.4607;0.083346;0.73934;0.13401;0.39577;3.0699;0.84778;0.30283;0.50301;1.5103;0.96106;0.51677;0.54518
32;-1.6633;0.66551;0.15039;1.0982;0.056783;0.63573;0.41115;1.1655;4.7494;0.23976;1.1351;0.5725;1.0071;0.78077;0.61168;0.43278;0.78103;0.6974;0.032776;1.5241;0.24736;0.71945;0.55053;1.3725;0.922;0.063677;0.73112;1.4122;0.21692;0.58217;0.65016;2.0652;1.5618;1.8089;1.0383;0.79137;0.39318;3.1358;0.1648;1.0794;0.17604;0.4012;0.54605;0.24817;0.12464;1.4762;1.3437;0.54905;0.4558;0.43862;1.1655;0.074691;0.11926;4.0879;0.52675;0.12606;0.15491;0.85336;0.15067;2.6407;0.28977;0.079619;0.39695;0.20557;1.1051;0.59209;0.024812;0.4059;0.61222;0.5158;0.071211;2.0448;4.3984;0.1747;0.74112;4.3544;0.92392;2.5673;0.15799;0.15993;1.0335;0.097326;0.98409;1.34;0.40338;0.65389;2.2594;0.73278;1.4055;0.1271;2.7917;0.25603;2.7567;0.55307;0.97489;0.78434
33;-1.1958;2.7332;4.0457;2.5127;0.50292;0.050804;1.3304;0.70761;2.8103;1.0306;3.8743;1.9988;1.8539;1.4288;2.2406;0.18353;0.33382;0.5045;1.8421;1.1677;0.74792;0.85625;0.83012;0.45794;1.0211;0.21152;0.39558;0.023966;3.3632;0.15795;0.5904;1.3498;2.4485;0.98002;0.39519;1.6963;0.067707;1.0384;0.6217;1.4604;0.43126;0.0083529;1.1502;3.5052;0.28382;3.4466;0.95658;0.45088;0.59217;1.0489;1.701;0.041608;1.1387;0.27168;1.5315;0.082334;1.0374;0.62489;0.45982;0.43277;1.0692;1.9464;0.15209;0.071964;0.032968;1.196;0.36261;0.36792;1.6173;0.27362;0.042927;2.0491;0.19346;0.50598;0.54569;3.6499;0.0097301;1.5;1.7258;1.6934;0.21939;0.13196;0.054341;0.38956;1.6215;0.13213;0.61412;0.34567;0.22335;0.073784;0.59718;1.2822;0.01179;1.4788;0.10418;0.4699
34;5.734;1.3533;0.45016;1.1074;0.10215;0.38091;0.13177;1.6759;1.695;0.32284;0.99348;0.63114;2.216;0.78581;1.1283;1.2509;0.35435;0.55269;1.55;0.59589;2.1827;0.44425;0.072785;0.66144;2.5635;1.7447;0.54239;0.053918;1.2243;0.28386;0.21269;0.71274;1.3911;0.47349;0.3679;0.24238;0.45714;1.5053;0.5709;2.4471;1.5425;1.8996;1.2657;0.93218;1.9707;0.59742;1.1331;2.114;2.2245;1.3051;0.086624;0.94794;0.47561;0.52796;0.62317;0.44384;2.5872;0.037986;0.13808;0.86724;3.1674;0.59023;3.1104;0.34069;0.34659;0.70501;2.1376;1.0122;0.52512;0.21067;0.06399;1.1965;0.79904;0.81032;0.09659;0.10981;3.1192;0.46978;0.32401;0.66756;0.55064;0.3876;0.35693;0.34415;0.84203;1.921;1.0408;3.6006;0.51603;0.716;0.38284;0.28115;1.6414;1.4032;0.19274;1.3009
35;1.117;1.3951;0.17531;1.0443;0.15626;1.332;1.1139;1.7119;0.38546;0.60063;0.28188;0.71511;0.21141;0.44261;0.81822;1.1725;1.0553;0.32741;1.4658;0.13401;0.28476;1.0912;2.9464;0.70741;0.11858;3.9628;0.15468;0.0061845;2.0174;1.4408;1.2515;0.93776;0.9983;0.71169;0.65315;0.11955;0.23908;0.27624;2.8548;5.261;0.31447;0.52806;0.35677;0.75765;0.61982;0.0042288;0.8918;0.478;0.86451;0.47263;1.2354;0.41186;0.49871;0.8184;0.71812;1.2474;0.32874;1.0373;0.032439;0.26303;0.618;2.2717;1.3826;2.8227;0.35074;1.5017;0.89811;2.9464;1.7693;1.3684;0.46197;0.32885;3.1869;1.4744;0.56941;0.4811;2.1899;0.038202;0.32987;0.62274;0.57175;0.85011;0.0071997;1.8745;0.060769;0.33868;0.84355;0.34406;0.15529;0.52064;2.5611;0.12504;1.1393;1.0274;0.59374;1.7973
36;2.0038;0.17205;0.097592;0.30687;4.6209;0.94666;0.75123;0.85676;1.4332;0.14466;0.90637;2.9933;0.63111;0.99874;0.62643;0.60721;2.6268;0.41577;0.68729;0.79372;0.76649;0.41361;0.18596;0.4884;1.2731;0.60942;1.6301;0.29597;3.7926;1.0885;0.07835;0.67946;2.2552;2.9025;1.7938;0.061788;3.0689;0.0419;0.26249;0.077516;0.067653;1.0441;3.0629;0.67349;1.4557;0.73171;0.30317;0.5049;2.3876;1.3365;2.0518;0.46052;1.1779;1.0276;0.5702;1.1041;0.41676;0.99672;0.21849;6.5948;3.298;2.7948;1.5856;0.4624;0.3648;1.1177;2.3255;0.023821;4.504;2.0245;0.33125;0.30799;2.7428;0.2057;0.66269;0.62993;0.15873;1.1591;0.067621;2.6484;0.37674;0.62723;1.3512;0.08856;3.9406;12.006;1.2782;0.51481;1.8508;0.30307;2.5047;1.3341;0.45189;0.82259;0.39552;0.61378
37;-0.15317;0.91447;0.6396;0.12553;1.2333;1.0467;0.66059;0.43254;1.9142;0.6153;2.9259;0.59589;1.1349;0.83034;0.029182;0.61827;5.777;1.4074;0.58676;1.1975;3.6237;0.38967;0.7267;0.11086;0.27442;0.2129;0.15375;0.060547;1.15;3.2803;1.4424;0.30763;1.257;0.039399;0.88187;0.23989;0.67177;1.3117;1.8158;1.6086;0.62127;0.034772;0.275;0.33425;1.0847;0.28129;2.4853;0.71844;0.75013;2.1445;0.22883;0.74717;0.49113;0.88788;0.59841;1.0612;0.36138;0.085843;0.086648;0.074702;0.80578;1.0914;2.7622;0.86152;0.55563;0.042848;0.22273;0.3522;0.85735;0.11323;0.54689;0.9234;1.4082;0.03886;0.15041;0.12041;0.01303;3.5627;0.42804;0.33375;2.8892;1.8576;1.9906;0.17857;0.20728;0.32545;1.3112;1.6612;0.3262;0.97264;0.084403;0.092302;0.17923;0.032293;2.0307;1.0356
38;3.2188;0.3148;0.44493;1.7376;1.1076;0.68175;0.92787;2.3123;0.66681;0.36665;0.22535;0.84404;0.15604;2.3504;0.59374;0.52724;0.39182;0.053201;0.07632;1.9469;3.0327;0.54759;4.3053;0.26477;2.8327;0.79072;5.8701;2.9383;0.17951;2.3026;0.70828;0.11126;0.082561;1.5493;1.483;0.95002;0.2059;0.34926;0.062952;0.57436;1.3057;1.0789;0.69324;0.24577;0.89563;0.017118;3.6922;1.4177;4.1958;0.14701;5.0473;0.59546;0.26283;3.8951;0.63139;1.1311;0.56752;0.15556;2.2873;0.14202;0.73241;1.192;1.6863;0.29549;0.9788;1.5106;0.59162;0.47476;1.04;2.7952;1.6333;0.76525;0.56278;0.72939;0.9139;0.73653;0.94986;0.010458;0.62525;1.0423;0.2677;0.43189;1.6871;1.1776;1.2662;0.12851;2.4097;1.3195;2.7237;5.1878;0.4938;1.1037;1.197;0.45988;0.34704;1.156
39;-3.2094;0.73454;0.22653;0.98669;1.312;0.40344;0.40984;0.5561;0.0029308;0.73801;0.39952;1.1233;0.35622;0.64591;1.1455;0.25741;0.11411;1.203;0.17061;6.5047;0.43532;0.19415;0.19579;0.69182;0.72298;0.40754;1.1368;1.5966;1.4411;2.8997;3.2084;0.046647;0.62566;1.0259;1.7822;0.10505;1.91;2.6924;0.11598;2.5523;1.6868;0.95324;0.33431;2.7616;0.2216;2.6278;0.33575;0.02337;0.90487;3.744;0.2632;3.6577;1.6822;3.0237;0.048217;0.83532;0.39187;1.2595;0.21918;0.32645;0.12789;0.11007;0.21841;0.56326;0.87122;0.94375;1.1768;0.63857;0.398;4.4772;0.62702;2.2158;0.80996;1.885;0.03973;1.0179;1.5287;0.18341;0.019993;1.3755;1.7814;1.2658;0.068025;0.52186;0.026254;0.6144;0.56023;0.51756;2.6806;0.11396;0.57222;0.36101;1.8709;0.39675;0.25453;0.34927
40;-0.98278;0.093249;0.23421;0.96682;0.93852;0.19791;2.0136;0.10784;2.4675;1.0455;0.92369;3.0453;3.9903;1.261;1.2918;0.20633;0.20895;1.432;1.8945;0.28542;1.3062;1.1224;3.9614;1.7115;2.1337;0.14118;0.26028;0.9149;0.83157;3.0087;0.84382;0.081134;0.01682;0.67331;0.028056;0.38268;0.55058;3.2679;4.7263;2.173;0.42462;2.0916;0.20977;1.3169;0.94154;0.85097;0.083745;0.16219;0.13557;1.1002;0.46867;1.532;0.2236;1.0214;0.90156;0.4946;0.368;1.0905;0.44343;0.26055;0.51095;3.1492;2.9284;1.0787;0.26641;1.2145;0.31786;3.2085;0.20013;1.2529;1.1157;0.18146;0.58389;3.1567;0.78705;1.542;1.4507;1.5077;0.13245;0.13875;0.10121;1.7542;1.2016;0.46229;0.62666;3.3254;0.39621;0.17385;0.70202;6.6519;0.32594;0.56749;0.25916;1.3336;1.0852;0.42668
41;5.7744;1.9133;1.0936;0.19152;0.16091;2.6466;0.46156;0.51106;1.4841;0.4373;0.3334;1.0162;0.34804;0.56431;1.1553;0.5917;1.3034;0.020981;0.18271;0.69964;0.71636;0.45051;0.26567;0.35097;1.7646;0.13131;0.064035;1.0045;3.6858;0.77042;1.0177;0.12644;1.4702;1.0143;0.047611;1.1543;0.37653;1.6018;1.5659;2.1713;0.66306;0.82232;0.13009;0.36823;0.014026;1.7084;1.2673;0.049442;0.59616;3.9265;0.91382;0.0063115;1.4517;1.3438;0.69265;0.15016;1.088;0.43558;0.19101;0.55613;0.58651;0.70588;0.022427;3.414;1.4559;2.9778;1.1885;0.24206;0.50804;0.42277;0.59301;0.14095;0.92982;1.1115;0.29723;0.24051;2.4682;0.15472;0.57297;0.0066319;0.54506;0.35739;1.1384;1.9205;0.65237;0.62405;1.1352;3.6379;0.68255;0.9688;0.014068;0.66154;1.2449;0.69613;5.2719;0.59246
42;-2.196;0.072031;0.048742;3.6455;0.022744;1.1326;1.6855;0.65602;0.2466;0.25644;2.1944;0.3275;1.6687;2.2972;0.83005;0.32378;1.6547;0.12138;2.2746;0.83273;1.6067;0.53593;0.83875;0.054424;0.68274;1.0722;2.1533;2.2678;4.3315;0.21143;0.31759;1.232;0.27648;2.5159;0.0041988;1.0607;0.63812;0.37761;1.6575;0.54868;1.5039;0.48215;1.3211;0.078257;0.070858;0.22842;0.12737;0.47718;0.044902;0.52465;0.26639;0.9553;1.8136;0.11174;0.12706;1.5643;0.72216;0.3109;0.30755;4.1321;1.9561;0.087599;1.5782;2.9934;0.74374;0.6973;1.9359;0.45985;1.263;0.39516;1.1607;0.22978;3.5077;0.41266;0.71186;0.80882;0.056155;1.0745;0.98199;0.0846;0.3175;2.8317;0.61661;0.82025;0.7365;0.64207;1.6241;1.9387;0.56883;0.074776;0.35675;0.46132;2.288;3.4753;0.46357;3.7726
43;4.9998;0.15111;0.5375;4.7987E-05;0.086957;0.020206;0.026693;0.047133;0.22598;0.46675;1.0817;0.039154;1.8847;0.26167;0.59284;0.26017;0.096511;0.088069;0.1709;4.6159;0.26554;1.6887;0.15605;0.9067;0.67256;0.7914;2.0275;1.0002;0.14808;0.27867;0.74297;2.2846;0.79767;0.16401;0.024245;1.1266;0.37461;0.59922;0.9392;1.3358;0.36914;1.0651;0.24408;0.44237;1.0783;0.034995;0.85859;1.1425;1.222;0.027433;4.4722;1.1555;0.56441;0.3498;0.29967;0.52729;0.44817;0.59792;1.2422;0.20559;0.63873;0.53437;0.26759;0.09923;1.5684;1.7979;2.0096;0.23412;0.28078;0.28092;1.5111;0.30924;1.3474;1.1552;0.11249;0.73658;0.15248;0.20446;0.51356;2.1286;0.55753;0.14383;0.11422;0.092901;0.48139;0.0076702;0.61653;0.076724;0.54998;0.96617;0.7952;0.5271;2.1758;0.32306;1.4129;0.83695
44;2.9008;0.28414;0.9401;1.0095;2.498;0.3067;0.083094;0.36049;4.4698;0.2353;0.30728;0.095912;0.065665;0.56137;2.8979;0.84679;0.089467;0.22456;0.34214;2.2361;0.033388;2.9912;0.74085;0.73165;0.18588;2.1034;0.46944;0.025202;0.4644;0.45578;1.1655;0.59026;0.50934;0.87575;0.36327;1.0461;0.09345;0.38329;0.69426;2.0212;1.2984;1.8101;0.44015;1.0324;0.046511;0.66736;0.1008;0.78002;2.3003;0.8779;1.4268;1.3428;2.7613;0.45384;0.85642;0.86948;0.29517;0.94114;0.63628;0.50401;0.38308;0.53734;2.8414;0.40467;0.08038;0.60156;0.54873;3.2334;1.946;0.019944;0.79801;0.6766;1.4843;0.97061;1.8326;3.4434;1.1879;4.8118;1.1506;1.1731;0.7686;1.2775;0.20226;2.2337;1.4703;0.44952;1.1889;3.6128;0.29176;5.0084;1.1832;0.11818;0.30905;0.30571;2.3821;1.1042
45;-1.898;0.032709;0.16825;2.4718;2.7889;2.2086;0.56423;0.493;0.43805;0.078977;0.095636;1.0155;0.21489;0.10733;0.33792;1.5859;0.13909;2.1757;0.6706;1.8695;2.7225;0.062022;0.51384;0.39887;1.6747;0.25089;2.2934;0.012899;2.9563;0.84193;0.69938;0.61177;0.044577;0.00047204;0.50166;0.58309;0.043364;0.53166;0.58399;0.81375;1.2868;2.3504;1.0881;0.40422;1.0242;0.38956;3.0508;0.70956;0.71924;0.080868;0.67853;3.5938;0.70781;0.43577;0.67432;0.14922;1.7069;2.5084;0.062492;2.3788;0.43449;0.70661;0.81091;0.31863;1.1008;0.97312;1.4757;0.81913;0.26573;0.17205;0.94892;1.05;0.38468;3.11;2.6331;0.17817;2.4165;2.4188;1.4239;1.0364;0.65886;0.29114;0.4234;0.80826;2.1836;0.8108;0.073239;1.4225;0.059104;0.052114;0.18321;0.24007;1.0858;0.52347;0.35759;0.056723
46;-6.0042;0.38443;0.45242;0.15967;0.099062;0.59639;0.86024;2.0805;1.8726;0.25445;0.40324;2.171;0.031012;0.47179;0.90868;0.15676;1.0268;2.1608;1.6098;1.2252;1.0442;1.7416;0.30204;0.26573;0.93923;2.888;0.49589;0.61294;0.1081;0.60548;1.9249;0.090316;0.069279;1.0408;0.018765;1.1355;0.7379;1.8229;1.7214;0.071548;0.045995;1.1553;0.29964;2.5118;2.1162;0.034987;1.0035;0.64586;1.159;1.5486;0.015299;1.1478;0.31202;0.48464;0.8712;0.57648;0.76699;2.078;1.4478;2.8333;1.2832;0.094056;1.1896;0.67427;0.85143;1.3198;0.46626;0.60062;0.69134;2.2122;0.42832;1.5222;0.32595;2.6411;0.29626;4.7473;2.6644;0.87989;1.6289;1.3408;1.3665;2.2368;0.15156;0.7718;1.0037;1.5668;0.39872;0.056885;0.91638;0.66384;1.1772;1.7634;0.37671;3.1986;0.10817;0.10701
47;0.21261;0.299;0.56004;0.11015;0.52433;2.9715;1.3012;0.79867;0.15674;0.72065;0.015576;0.46852;1.5971;0.55638;0.52327;0.23186;0.28573;4.5795;1.8882;3.7832;0.16966;0.70546;0.18534;2.176;2.32;1.0211;2.5232;0.2725;0.3917;0.18128;0.16082;0.35391;1.1222;0.81885;0.94521;0.77915;0.42563;0.60008;0.034634;1.9324;0.46501;0.27537;0.17866;0.66344;0.39744;0.035478;1.7061;0.51631;3.2045;1.5117;3.5427;0.64125;0.59314;0.81397;0.92687;1.2076;0.085615;0.83811;0.88383;0.26221;0.33927;0.48414;0.31256;0.3371;4.2643;0.82672;0.43872;0.22554;0.022782;2.0826;1.0822;1.2041;0.50116;0.33829;0.42414;2.0798;0.18927;0.59017;0.044181;2.0553;3.3226;2.1644;0.41438;0.91413;3.0056;0.47997;1.2932;6.2844;0.26366;0.48003;0.5119;1.947;0.0035455;0.76888;0.31177;0.48466
48;0.6785;0.5037;0.51084;0.25124;0.22565;0.66662;1.0268;0.32519;2.1261;0.36715;4.5097;0.89636;0.22558;1.6926;1.7475;0.10607;0.38377;0.58147;1.9103;2.5042;1.2406;1.4323;2.6856;0.15467;0.44369;0.09751;1.0915;1.0745;2.8159;1.9048;0.77042;0.33922;0.57849;0.91141;0.33108;0.55153;0.041027;1.4878;0.13067;1.575;1.7217;0.55635;2.2447;0.17406;0.49827;0.12441;0.083638;0.24619;0.58077;0.11047;1.2511;0.37079;1.1913;0.055421;0.63942;1.5169;1.0661;2.1624;0.30223;2.8102;0.081482;0.40892;0.029848;0.4814;0.094442;0.39445;4.615;4.1089;0.34308;0.89714;2.1657;1.0111;1.7675;0.0815;0.29496;0.40058;0.066493;0.086541;0.82519;0.16358;0.19708;0.31238;0.3876;0.55611;1.8325;2.4651;1.1328;0.21498;0.33461;1.8496;0.027884;0.19653;1.5522;0.21073;0.022543;2.327
49;-1.8171;1.8714;0.12131;0.060859;0.12481;0.44647;1.9848;0.62144;0.042353;0.016312;1.4018;0.3495;1.2782;0.26855;0.73878;1.8092;1.3389;1.3271;0.28291;2.6261;1.0848;0.27436;0.22883;0.22383;2.5543;0.37225;0.31416;0.1952;0.56583;0.77401;1.6349;0.43843;0.13079;0.45044;0.53887;0.54043;1.943;0.35315;0.20078;1.3625;1.223;0.20718;0.75788;0.075433;1.7918;0.24551;1.1417;1.0092;3.4563;1.5811;0.45893;0.24457;0.62315;0.010461;0.58431;0.023377;1.6676;0.40944;0.023956;0.32358;1.2012;0.68846;0.66644;1.2369;0.54968;5.6291;2.2831;0.12973;0.49171;1.3847;0.2368;0.075833;0.11169;0.57687;1.8042;0.93326;0.39568;1.5266;0.74816;0.66966;2.1499;0.1176;0.39169;0.34002;0.42646;0.76743;0.42833;1.3195;0.81398;0.73893;0.19551;0.75823;0.69049;3.4021;0.090723;0.42205
50;-0.10441;1.6513;3.3755;1.3789;0.70741;1.0374;0.30246;0.038159;1.3532;0.72919;0.77184;2.1736;0.1057;3.6141;0.18516;0.1632;0.62655;0.26366;0.69121;0.26964;0.73971;0.054754;3.0957;1.2547;2.4525;0.70885;0.91786;1.4627;0.31066;0.049603;1.5803;1.6532;0.38485;0.90193;0.033137;1.0623;0.10894;2.9856;0.13838;1.2059;0.24482;0.87759;1.2554;0.065417;3.6323;0.50984;0.6385;1.7938;0.16108;0.53236;0.86256;0.51419;0.88992;0.46624;1.2556;0.53877;4.9066;2.5345;0.69843;2.2726;1.7756;2.8219;1.5817;0.00097577;0.0084949;1.5051;0.11897;0.58272;0.051554;1.0304;0.0035851;0.91735;1.0809;1.0669;1.1093;2.4795;0.34486;1.2528;0.34962;0.4105;0.65185;2.1521;0.056991;0.072732;1.08;2.2892;0.64307;1.2827;2.1702;0.098624;1.6171;0.61184;0.58794;2.192;1.4039;1.4507
normalized population
1;-2.2376;0.086514;0.61895;-0.71629;0.42225;0.90898;-0.81025;-0.18082;-0.89868;-0.59638;0.40352;0.84832;0.82444;-0.88095;-0.15745;-0.017204;-1.0928;0.1836;-0.92687;-0.81174;2.5154;-0.93858;-0.71319;-0.62699;-1.1224;-0.44679;0.33676;1.0021;-0.67974;-0.86452;-0.45812;0.12019;1.8882;-0.60484;-0.46088;0.19197;2.5711;-0.96974;-0.25699;0.56711;-0.63559;1.699;-0.29395;-0.11161;-0.21745;-0.69619;-0.24296;1.5671;0.49308;-0.79595;-1.0375;-0.84729;2.6251;-0.28022;3.6709;-0.33174;-0.14617;-0.47553;-0.65954;-0.7937;1.1112;-0.5185;0.55799;-0.56357;-0.30374;-1.0264;-1.0035;0.86886;-0.39651;2.0064;-0.41993;-0.51148;-0.96182;0.63195;2.1989;-0.71127;0.74424;-0.89718;0.073844;0.78726;-0.80771;-0.53122;-0.78605;0.29326;-0.05521;-0.36283;-0.72806;1.9701;-0.37208;0.25526;0.70029;0.013418;-0.40447;-1.0248;1.0844;-0.67197
2;-4.9607;-0.86699;1.3978;-0.45814;-0.69497;-0.20873;-0.77201;0.91997;1.8846;-0.1374;4.7543;-0.5112;0.48282;0.64558;-0.59447;0.19481;-0.044758;-0.12101;-0.91049;-1.0394;-0.61899;-0.34355;-0.61774;-0.24129;-1.1936;0.059136;0.35971;-0.079388;-0.43729;-0.95151;-1.069;-0.22083;1.4902;-0.52518;1.8988;-0.17592;-0.72108;-0.90355;0.051979;-1.1061;0.28096;-0.86596;-0.096157;0.31859;-0.72798;1.9935;0.28798;-0.0076969;0.97398;-0.90269;-0.39893;1.3088;-0.74053;-0.92864;-0.88556;-0.49714;-0.15123;-0.49226;-0.65494;-0.97555;-0.86406;0.11774;-0.29317;-0.90499;-0.83548;-0.78913;0.24599;-0.69967;-0.7666;-0.50272;0.36994;1.3014;0.3404;-0.78313;2.8022;1.9412;-0.7111;-0.17853;1.1045;0.44195;-0.24979;-0.96616;-0.52254;0.47429;0.13419;-0.50409;0.71937;-1.3363;-0.58439;-0.55677;-1.0066;2.8559;-0.94015;-0.1476;-0.65232;-0.70666
3;-4.9331;-0.41536;0.11479;-0.27958;-0.96288;0.35353;-0.8067;0.3327;-0.86427;1.1314;-0.36201;2.4143;1.9182;-0.13374;-0.49815;-0.29886;5.3357;1.2915;-0.83313;-0.72739;-1.2643;-0.41185;-0.54093;-0.43829;0.34383;-0.04008;-0.6313;3.1809;-0.80089;2.6886;-1.095;-0.12086;-1.0301;3.4429;3.5531;2.0274;0.42312;-0.27645;1.3338;-0.69876;-0.61562;-0.61629;-0.052013;-0.61366;-0.23411;-0.81233;-0.53076;-0.39307;-1.049;-0.79276;3.5928;-0.43801;-0.052628;-0.59041;-0.44481;-0.73363;-0.93908;0.16725;0.085396;-0.76046;-0.61586;-0.7807;-0.81336;0.057103;2.4373;-0.45538;-0.92808;1.0742;-0.14777;-0.45142;-0.15309;-0.17889;-0.96108;-0.12806;1.1209;-0.962;-0.56871;0.68965;0.79715;-1.0547;-0.92347;-0.20246;-0.2327;-0.5868;-0.96585;2.2338;1.5597;1.7836;-0.23769;0.70568;-0.82735;-0.64346;1.0283;1.3227;1.5405;1.8251
4;-1.3069;-0.026053;-0.62663;-0.62532;-0.5145;-0.8262;-0.57398;-0.38488;1.9326;1.7623;1.214;-1.0883;0.57379;0.5281;-0.73414;-0.54377;-0.53607;-0.78582;1.4429;-0.095614;1.1963;2.1324;0.94733;-0.053982;3.3727;-0.58177;2.1091;-0.0086222;1.0845;-0.9789;-1.1293;0.24972;-0.071952;-0.82629;0.5641;-0.62036;0.75776;0.47883;-0.36014;-0.22507;-0.80611;0.48672;0.526;0.2389;-0.75299;0.76325;-0.92517;-0.90519;0.64405;-0.86621;-0.48053;-0.81086;-0.37931;-0.7723;-0.65348;0.24672;-0.59206;-0.85125;-0.72618;2.2715;-0.72526;0.91485;-0.49393;-0.75743;-0.67325;-0.62535;1.8277;-0.7605;-0.57971;-0.942;-0.53254;-0.85587;-0.67304;1.415;0.60754;0.30154;0.6137;-0.42881;1.2296;1.8076;1.2711;0.94407;0.16686;0.32218;0.89964;-0.18287;0.30031;-1.1595;-0.32155;-0.76703;1.0753;-0.62787;0.16819;-0.95253;-0.33216;-0.67507
5;-0.90613;1.2298;-0.40751;-0.72742;-0.75228;0.5527;5.0738;-0.71113;-0.9762;-0.49438;-0.70846;-0.31819;-0.44136;1.7911;-0.4603;1.7528;-1.0586;0.34789;-0.84545;-0.80585;-0.9337;1.006;3.197;0.1294;1.5091;-0.80555;-0.82856;-0.41309;-0.35461;-0.54187;0.39725;-0.7934;0.90549;-0.63514;-0.85935;-0.3048;-0.62442;0.048881;0.54653;-1.0122;0.92051;-0.26113;0.85755;0.20305;-0.65734;-0.76584;2.2635;0.82432;-0.28323;-0.8477;-0.77463;-0.61547;-0.56205;1.1496;0.38478;0.28153;0.34026;0.44213;-0.58611;-0.83246;0.88333;-0.58688;1.049;-0.12912;0.10734;-1.1064;-0.91344;0.39044;0.61598;0.75491;-0.76507;-0.84572;0.47999;0.9295;-0.66781;-0.28134;0.2375;-0.8943;0.69931;1.8286;-0.57431;-0.31559;0.15835;0.032573;-0.29626;0.74753;0.29513;-0.11148;-0.52158;-0.5465;-0.70761;0.67503;-0.72087;-0.98888;-0.45501;-0.64789
6;-0.89066;1.5639;1.2123;-0.78653;-0.10663;0.64405;-0.66145;-0.22971;-0.31258;0.41639;-0.81204;-0.092023;-1.0226;-0.13126;0.033149;1.4555;-0.89797;-1.0096;-0.68268;-1.1209;-1.0591;-0.27184;-0.89977;0.43436;-0.86382;-0.89627;-0.99593;-0.15886;0.76795;-0.56149;0.98563;-0.72767;-0.76291;-0.14515;-0.49774;2.0917;-0.74844;0.86992;-0.9827;-1.066;1.1968;0.8487;-0.18896;-0.16992;-0.11572;-0.33785;-0.62965;1.7638;2.485;0.45919;-0.035126;-0.62691;-0.84889;0.62356;0.041797;-0.73683;-0.54744;-0.57807;-0.42728;-0.30522;-0.88427;2.5791;1.7728;3.878;0.12442;-1.0514;-1.047;0.25688;0.30878;-0.6676;-0.18947;-0.80236;-0.63355;-0.76561;-0.41129;-0.94793;0.17261;-0.40643;-0.59942;-0.81487;-0.25798;-0.46194;0.50787;0.28406;-0.47437;1.3081;0.33688;0.43764;0.50338;0.14724;-0.91314;-0.60281;-0.6716;-1.0019;-0.20688;-0.85275
7;-0.56385;-0.72354;0.26017;-0.78113;4.8551;0.61564;0.2988;0.7683;-0.1741;-0.56067;-0.80432;-0.39042;0.65431;0.018306;-1.0662;-0.16836;7.5274;2.1406;2.0325;0.55843;-0.10903;-0.78819;-0.97932;0.48178;-0.15479;-0.35702;2.658;-0.77203;-0.077701;-0.85555;3.9765;-0.45193;-0.83642;0.29672;0.42265;-0.80834;-0.52249;-0.0061677;-0.15048;-0.29579;-0.26698;-0.47168;0.01553;0.32161;-0.66783;-0.26963;-0.54045;-0.32162;-1.0473;0.36142;-0.20851;-0.69717;0.30439;-0.22435;-0.88166;1.3251;3.0383;-0.17977;1.1969;0.095669;-0.65102;0.25485;-0.78812;-0.30471;-0.38132;-0.9439;-0.66214;0.80224;-0.80345;1.6135;-0.15816;1.274;-0.13979;-0.81918;0.25672;-1.2183;1.3386;-0.48082;0.053484;-1.0548;-0.21606;1.7488;-0.29766;-0.91196;0.059948;-0.57328;-0.7192;-1.2315;-0.83719;-0.47876;0.90661;-0.43454;0.44431;-0.17037;1.9987;-0.87278
8;-2.9454;0.21782;-0.64402;-0.54187;-0.72052;-0.56513;1.7975;-0.057091;0.48793;-0.40903;-0.56319;-0.23203;-0.92284;-0.81884;-0.34053;0.021104;0.85765;0.073808;-0.76657;-0.97569;6.648;-0.81719;0.037434;-0.57787;-0.16723;-0.56492;1.6292;0.65354;-0.20225;-0.46347;0.90916;-0.54132;0.078831;1.6457;0.21653;0.42329;-0.45278;-0.19331;0.68207;-1.0429;-0.18177;0.28717;-0.39348;1.0118;3.6072;-0.88048;-0.84938;1.045;0.22779;-0.73362;0.063952;-0.14385;1.4097;0.97195;-0.82993;-0.25345;-0.55891;-0.90443;1.6071;-0.77352;-0.14987;0.82998;0.21036;2.2339;-0.080308;0.81777;-0.31887;-0.17169;-0.61666;0.64122;1.1795;-0.77424;-0.76183;-0.43376;-0.46974;-0.96956;-1.015;-0.2005;-0.086589;-0.3603;-0.38438;-0.93308;-0.25317;-0.12037;-0.74323;-1.1879;0.34896;-1.1752;-0.3023;-0.37094;0.22449;-0.48749;-0.73349;-0.59742;-0.61993;-0.88022
9;0.76859;-0.36588;-0.70128;-0.6625;2.5213;-0.41042;-0.46827;0.39494;-0.23276;-0.59046;-0.38889;1.0891;0.84256;-0.10325;1.905;0.17849;-1.0124;-0.64829;-0.024343;-0.99315;0.39795;-0.50248;0.33012;0.68687;-1.0071;-0.72262;-0.294;3.5454;0.22191;-0.84591;-0.28976;-0.59124;-0.52932;-0.19463;-0.061038;-0.69581;-0.54716;-0.16489;0.66805;-1.0531;-0.76706;-0.48767;-0.13364;-0.65541;-0.6003;0.79226;-0.62101;-0.42347;0.086614;2.6582;-0.23967;0.036376;-0.11806;0.57873;-0.45671;1.2958;1.1133;-0.78798;1.0371;-0.65834;-0.91624;0.23734;-0.51801;-0.37342;-0.30426;1.5527;-0.80088;-0.64063;-0.52932;-0.11389;-0.85974;2.6694;1.1797;-0.37617;0.44966;-0.98441;-0.68789;-0.43602;1.2195;-1.0644;-0.79128;0.58129;1.5538;2.5745;2.3825;-1.0042;-0.83037;-1.0338;-0.41427;-0.69424;0.025261;1.234;3.1198;0.12967;-0.51723;-0.56106
10;-3.5399;-0.23093;0.88105;-0.2084;-0.63107;-0.77806;0.32076;0.17505;-0.40438;-0.074316;-0.92508;-0.30274;-0.66358;-0.8219;-0.27445;2.2963;-0.34816;-1.0075;-0.89632;-0.64027;-0.39368;1.097;-0.64171;-0.18537;1.9545;-0.4573;-1.1598;0.82683;-0.95946;-0.34986;-0.36671;2.4887;-0.63927;-0.79765;-0.79691;-0.16382;-0.78196;-0.53443;-1.1391;-0.29523;-0.49162;0.20324;0.22707;-0.42931;0.10754;-0.89516;-0.24721;-0.57823;-0.49936;0.15705;1.635;0.0773;-0.25674;-0.66223;-0.71138;-0.52068;-0.54711;-0.34909;-0.1039;0.28746;1.302;-0.63783;-0.65111;-0.64773;0.99563;-0.38592;-0.61039;-0.13841;-0.96525;-0.83611;-0.79115;0.64612;-0.17855;0.46781;-0.77809;-1.2019;1.4877;0.035116;-0.53717;0.16224;0.43622;1.2805;0.20447;0.132;-0.46067;-0.77982;-0.79786;1.1647;-0.4814;-0.60059;-0.75097;2.7563;0.37834;0.78759;-0.5529;-0.35981
11;2.7165;1.0859;-0.53265;-0.42041;0.2991;-0.78126;-0.8776;-0.50346;-1.0099;1.1083;-1.0411;-0.13959;-0.46918;0.023429;-0.1513;-0.62601;-0.60462;2.3648;-0.14795;-0.98556;-0.048674;0.28504;0.21108;-0.74301;-1.1152;-0.491;-1.0718;-0.77756;-0.39059;1.1234;0.35685;-0.4755;-0.26588;-0.91826;-0.35074;0.70437;2.0797;-0.61294;2.7853;0.47495;-0.68678;0.65246;-0.29283;-0.4679;-0.22192;-0.88866;-0.97923;1.4065;-0.92389;-0.017197;-0.27439;-0.22702;-0.55426;-0.8446;1.3199;0.64594;1.4079;-0.064251;-0.52847;0.063592;0.0063656;1.0255;-0.89664;0.62209;-0.67482;-0.15917;-0.56209;-0.51955;-0.65411;-0.096945;3.2716;-0.72691;0.33499;-0.89015;-0.8685;-1.1328;-0.77508;-0.88298;-0.40541;-0.23102;0.02105;-0.52905;1.1929;-0.0094218;-0.54516;-1.191;0.12115;-0.12261;-0.42731;-0.17615;0.34908;-0.63289;-0.39022;-0.19789;2.1321;-0.61504
12;-0.2987;0.37003;0.90014;-0.28453;-0.13688;-0.69622;-0.80054;-0.0017012;0.63796;-0.57172;-0.78806;0.18654;1.5871;-0.49437;-0.33924;-0.61036;-0.73662;-0.93483;2.879;-0.59196;-1.2356;-0.71333;0.05925;-0.82302;-0.313;-0.11662;0.31066;3.0728;-0.94836;-0.41165;-1.1279;2.0972;0.79804;1.3555;2.1151;-0.38047;-0.19898;0.57171;-0.78093;-0.73948;0.65251;0.53123;-0.68245;0.077488;0.024717;0.1024;-0.36637;-0.71559;0.14929;0.65698;-0.95174;-0.35974;-0.99019;0.53992;-0.67328;-0.38691;-0.4467;-0.8999;0.089363;-0.12795;-0.13238;-0.83113;-0.44817;-0.88203;0.56602;1.9085;1.2361;-0.77427;-0.16181;-0.019196;2.8079;0.69788;0.31291;-0.92501;-0.044139;0.7692;2.2388;0.55928;-0.74028;1.0224;2.0714;0.88613;-0.16964;1.1989;-0.81727;-0.54982;1.1806;-1.2864;-0.8272;-0.30703;-0.94357;-0.56899;-0.35043;5.6797;0.026039;1.2393
13;-2.4133;0.92292;-0.75631;-0.85131;-0.71422;-0.44456;-0.91182;-0.22091;-0.70654;0.18438;-0.66068;-0.63593;1.039;0.37479;-1.0488;-0.1314;-1.0089;-0.95127;-0.888;-0.74061;-0.48174;3.1626;-0.57026;0.665;-0.57042;0.31952;-1.0004;-0.85104;0.53328;-0.84626;-0.2763;-0.1791;0.67811;-0.49034;-0.54456;-0.79964;0.89571;-0.1391;-0.97922;-0.29116;0.45782;-0.072324;-0.22882;2.1284;-0.75656;2.4936;2.3354;0.18685;-0.33583;0.44108;-0.42798;0.18759;0.42815;1.9163;0.16298;1.655;-0.8707;-0.26025;0.11195;-0.8341;-0.61827;-0.64074;0.12277;0.21796;2.135;0.11551;-0.84968;-0.5906;0.30848;-0.83137;0.097453;-0.58122;-0.4468;-0.66027;-0.058147;-1.0615;0.93771;1.3893;0.041822;-0.72368;0.33012;-0.95158;-0.90092;-0.95138;-0.48407;-0.071052;-0.45957;0.44971;-0.88759;-0.9728;0.14143;0.15479;1.5089;-0.0471;-0.81907;-0.88358
14;-4.8073;-0.37329;-0.76217;-0.82036;1.9268;0.684;-0.21026;5.2211;-0.21533;1.87;-0.07295;-0.63641;-0.92905;-0.2083;-0.24702;-0.58282;0.50362;2.2658;0.29463;-0.53962;2.8165;-0.8088;-0.98449;2.1988;1.3547;-0.23374;1.0368;-1.03;-0.52624;-0.7726;0.87837;0.17672;-0.33204;-0.13826;-0.85589;0.14891;0.41801;-0.91537;0.14537;-0.91101;1.7966;-0.47614;-0.22916;0.50616;-0.39875;2.3441;-0.98364;-0.055471;0.34311;-0.60055;-0.51274;-0.61202;-0.24937;-0.63636;-0.079012;-0.33063;0.22125;-0.84986;-0.17598;0.35877;1.5703;1.1419;-0.76843;-0.49856;-0.51448;-0.78061;-0.062572;2.8806;2.5983;-1.0189;-0.82781;-0.98673;-0.87587;-0.81156;0.64818;-0.077215;-0.4457;-0.65008;-0.41047;-1.1038;-0.33388;-0.96791;0.98567;2.5023;-0.83533;-0.67944;1.2152;-1.1343;1.3826;-0.80857;-0.14087;-0.67634;0.8966;-0.9853;-0.28399;-0.35667
15;8.1834;-1.058;-0.65322;-0.39889;-0.76757;0.60007;0.0049021;1.4539;-0.70313;-0.4486;-0.80061;-0.31718;0.55132;-0.32946;-0.13872;-0.52907;0.72019;-0.12335;-0.774;-1.1484;-0.26354;-0.41318;0.92356;-0.85488;-0.2469;0.82616;0.23084;-0.82144;-0.71082;0.1834;-1.0889;1.4429;-0.48304;-0.25702;0.95513;0.85824;-0.77719;-0.59502;0.7068;1.0052;1.3712;-0.24801;-0.22479;-0.42857;-0.031936;-0.80009;-0.6222;-0.68122;-0.25826;-0.40958;-0.8427;-0.43669;-0.53385;-0.5632;-0.69873;-0.6817;0.80759;1.223;0.73333;0.24113;-0.4935;0.78297;-0.51349;0.3542;0.125;-0.93687;-0.89644;-0.43391;-0.90466;-0.7774;1.9329;0.55478;-0.33327;-0.33879;-0.7358;0.45189;-0.53674;1.0911;-0.50483;-0.086866;-0.75745;0.084756;-0.016415;-0.29079;1.0315;0.029254;-0.19014;-0.37018;0.59091;-0.87629;-0.97717;-0.63268;0.23541;-1.0071;-0.63905;-0.68858
16;-3.0069;-0.89632;-0.12854;-0.77542;0.38685;0.51724;-0.592;-0.034586;-0.87657;-0.4873;0.82379;-0.86038;-0.63193;-0.055288;-1.1248;-0.56339;-1.0542;-0.67927;0.74009;-0.064799;-1.012;0.5981;0.25352;-0.72558;-0.060389;-0.0042328;-0.53737;-0.87488;-0.94204;-0.84873;-0.01235;-0.74847;0.081098;-0.76263;-0.36015;0.68597;-0.204;-0.77927;0.66358;0.012617;0.57207;-1.0735;-0.33535;-0.32538;0.49545;-0.65087;3.116;1.0001;-1.061;0.30697;1.8967;0.85283;-0.75079;3.5955;-0.43385;-0.3772;0.58449;0.8971;0.2331;-0.6686;-0.1918;-0.91876;1.2171;0.45046;-0.85218;-0.22151;1.9556;0.40745;-0.72326;0.17411;-0.68601;-0.30232;-0.76755;-0.33315;-0.82573;-1.0028;-0.45741;-0.14865;-0.48952;-0.37702;0.59311;0.04908;-0.51266;-0.64944;-0.95738;-1.1325;1.315;0.69611;0.53741;0.35436;0.91933;-0.689;1.6337;-0.42807;-0.87172;-0.79006
17;-0.56749;-1.0681;0.33781;1.5949;0.15662;-0.45364;-0.89216;-0.76576;-1.0196;-0.4056;0.817;-0.19129;0.68752;0.038389;0.67574;2.2432;-0.21919;-0.941;-0.84935;0.36665;-0.55975;-0.81636;-1.0625;0.34603;-0.53982;1.8326;-0.40865;-1.0035;-0.51829;-0.6393;-0.56909;-0.1116;-0.21454;-0.21019;-0.69082;-0.043847;-0.70394;-0.10745;-0.29279;-0.2265;0.91008;3.3015;-0.42909;0.47653;0.14248;0.29133;-1.0499;-0.80111;-0.40231;0.66463;-0.85766;0.74695;1.5486;-0.87488;-0.15018;-0.55801;-0.093121;-0.6212;-0.72057;-0.3034;-0.60139;0.50368;-0.032479;0.10377;-0.17337;-0.45186;1.1416;-0.38387;0.79887;-0.3856;-0.87962;-0.98329;-0.69574;-0.33821;-0.78364;-0.51164;0.19631;1.5886;3.5802;0.48875;0.28755;2.083;1.3189;-0.55961;0.45194;-1.1381;-0.89856;2.4762;-0.55863;-0.18498;0.010481;0.56166;-0.55868;2.2211;-0.3863;-0.34301
18;5.3571;6.6516;-0.32748;0.59714;-0.60573;0.80588;-0.24182;3.0451;0.47872;-0.49262;-0.79717;-0.16089;5.5438;-0.57661;0.17855;1.0943;-0.13602;-0.28908;0.1661;0.91725;-0.44183;-0.49002;-0.5875;-0.52684;-1.2005;-0.32241;-1.0041;-0.49951;-0.92066;1.5184;0.96167;-0.46384;-0.56352;-0.60403;-0.86096;0.85159;-0.74594;1.7882;2.6775;-1.0703;-0.5667;0.65548;-0.52532;-0.71833;-0.62254;-0.6307;-0.83915;0.78607;-0.88192;-0.81968;-0.90657;-0.87118;-0.31285;-0.016162;-0.90364;-0.66044;0.3642;-0.43425;-0.035884;-0.98543;-0.69248;-0.14826;0.34838;-0.46253;-0.70162;-0.73097;-0.854;0.23933;-0.23738;-0.35823;-0.14346;1.1878;-0.62192;-0.97311;0.47387;-1.2163;-0.53427;-0.93494;-0.39249;-0.029852;1.4376;-0.36999;-0.82578;-0.92434;-0.88375;-0.89608;-0.52051;0.068712;-0.54697;-0.65748;2.6365;0.63783;-1.0986;-0.27784;1.0346;0.86823
19;1.3839;-0.43465;-0.55896;0.017102;-0.77553;-0.38983;-0.044232;-0.93198;-0.8644;0.23225;-0.56849;-0.2853;1.0395;1.7536;0.53587;0.16093;-0.6982;0.96588;-0.78999;-0.95793;0.4043;-0.94142;-0.17064;-0.51333;-1.1837;0.58767;-0.9767;-0.27523;1.2305;0.45497;-0.29041;-0.34929;-0.18258;0.77782;0.097985;-0.6057;-0.60772;-0.58079;-1.1389;0.19621;0.13352;3.4111;0.99426;-0.70608;-0.72536;0.39896;-0.63841;0.11515;-0.37675;-0.87419;-1.089;0.15863;1.2107;-0.91601;4.6783;0.096015;0.50568;0.35759;-0.26334;1.0373;0.89718;-0.60333;0.97183;-0.81307;0.56244;2.3512;-1.0044;-0.85092;-0.67808;-0.095176;-0.32409;-0.97918;-0.5872;1.4316;-0.84633;-0.77476;0.029607;-0.54167;-0.87666;0.84455;-0.51696;1.0758;-0.2731;-0.39744;0.99785;-0.95897;-0.3267;-1.0562;0.069768;0.21878;-0.014926;0.95233;0.57389;-0.93384;-0.81945;2.1019
20;0.68866;-0.66011;0.6707;-0.76057;-0.65452;-0.35931;-0.15854;0.63605;0.13191;0.050052;-0.56708;1.2393;-0.76016;-0.54852;-0.57127;-0.51015;-0.52156;2.2225;-1.0013;-0.56898;-0.47059;0.19755;-0.77482;-0.26511;-0.44802;1.6119;-0.54664;0.041301;-0.12429;1.0273;-0.92881;1.2103;2.8539;-0.74117;-0.15693;-0.32122;-0.58177;0.10103;-1.1259;-0.40737;-0.068568;0.81137;-0.64251;-0.07108;-0.57889;0.19835;1.0629;-0.8781;0.90308;-0.69261;-0.72178;-0.7417;1.3133;-0.95191;-0.62799;-0.070296;0.47882;-0.87575;-0.31813;-0.47376;-0.6233;0.97331;-0.80738;-0.74671;-0.13941;0.42066;-0.11894;-0.8808;0.58509;-0.7039;-0.37029;-0.22795;1.8176;1.5631;1.0718;4.5302;-0.98917;0.26479;-0.83303;-0.73371;-0.79427;-0.63808;-0.59107;-0.71271;-0.94905;-0.3311;-0.60932;0.13013;0.66105;-0.52764;0.76619;0.88454;-0.6109;-1.0071;-0.0064425;-0.14524
21;-2.5049;0.71074;0.13123;0.38103;-0.45182;1.0361;1.5149;-0.67782;0.23539;-0.26192;0.57447;0.12872;-0.61318;2.6172;-0.71093;-0.60344;1.6718;-0.51038;-0.8645;-0.71887;-1.2699;-0.56725;-0.089594;-0.22415;0.14866;-0.16589;-0.14855;0.098375;-1.0015;0.46904;2.3539;0.21538;1.1704;-0.90332;-0.84118;-0.41845;0.73893;-0.89523;-0.81865;0.27013;-0.64655;-0.5805;0.11512;0.028877;-0.7552;0.73762;-0.99177;-0.49628;-0.72178;0.64651;-0.76673;-0.46869;-0.82;-0.95299;0.72733;-0.66523;-0.92268;-0.84101;-0.66355;-0.51791;-0.57725;-0.87473;-0.76294;-0.22419;-0.70759;-0.83309;0.99019;-0.83959;-0.40306;-0.56005;1.1615;1.7643;-0.39862;0.51321;1.2785;0.24034;-0.97654;-0.7021;0.42969;-0.67624;-0.42891;2.2257;0.52531;3.4278;-0.93047;-0.5851;-0.64341;-0.29746;-0.27693;0.28234;-0.21498;-0.64211;-0.57632;-0.36455;-0.69498;-0.27745
22;-0.26485;-0.54763;-0.11426;-0.61757;0.42592;-0.09532;-0.57867;-1.0467;0.22213;0.49125;-0.013082;-0.4865;-0.12965;-0.77313;-0.19002;-0.21822;-1.0379;0.52612;-0.4692;-0.93356;1.3839;-0.24234;-0.24109;-0.45069;-0.93003;1.6139;2.4783;-1.0272;-1.0735;1.7166;-1.0072;-0.72643;-0.32148;-0.8513;-0.86439;-0.23934;0.25523;2.3138;1.1045;-1.0463;0.48697;0.34388;-0.013282;1.2751;0.83732;-0.43919;2.0452;-0.4895;-0.73621;-0.44854;1.1741;-0.403;-0.30436;-0.34465;-0.84994;-0.41311;-0.92767;0.005909;-0.54195;-0.46123;-0.55495;0.12979;-0.87568;-0.53866;-0.48098;-0.38489;0.29942;-0.88218;-1.0267;0.085178;-0.068023;-0.92052;1.1748;-0.59824;2.2915;-0.47107;0.32424;0.45498;1.14;-0.5455;0.10701;-0.72924;-0.5792;-0.42936;1.3627;-0.056528;0.07749;-0.1105;-0.54546;-0.92969;-0.71785;-0.082109;-0.9429;-0.16349;-0.017745;1.036
23;-6.3701;0.57318;-0.70596;-0.81113;4.0456;-0.47064;0.35406;-1.0506;-1.0126;0.47551;0.56473;0.43565;-0.67719;-0.30452;1.8823;0.10393;0.027705;0.049014;0.93395;-0.92138;-1.0011;-0.92834;-0.74392;2.0534;2.3702;-0.77551;-1.0143;-0.75536;0.84859;-0.69872;0.8859;0.77781;0.072043;2.2635;-0.22979;-0.71751;0.28029;-0.090259;1.2495;-0.99971;-0.23062;-0.52276;0.37366;0.30602;-0.72508;-0.10743;0.26112;1.7118;0.088165;-0.7835;-1.052;0.70109;0.80117;0.3481;0.29053;-0.4153;-0.74775;3.3353;-0.57234;-0.94063;-0.36622;-0.33416;0.718;-0.5732;1.0559;-0.47295;-0.98452;-0.18349;-0.95307;1.9252;-0.70603;0.82789;-0.80609;0.037234;-0.9156;-1.0203;-0.69332;0.46348;-0.70439;-0.80251;-0.43393;-0.76303;0.11302;-0.63747;-0.21427;-0.72132;-0.49719;-1.0918;1.9727;-0.3877;1.4599;-0.50655;-0.76646;0.12722;-0.49963;-0.81667
24;1.5787;1.1856;-0.49787;0.16798;-0.82143;0.17544;-0.2223;-1.0001;-0.63097;-0.11302;-0.070227;-0.85993;-1.077;0.055771;0.27068;-0.55735;-0.46401;-0.53857;-0.91413;1.3911;0.38364;-0.83685;-0.96383;1.579;0.53387;-0.91201;-0.66091;-0.98291;0.12808;-0.73696;2.0747;-0.53409;0.47599;-0.38084;1.4044;-0.47596;0.61811;-0.68658;-0.44696;-0.67563;-0.30426;-1.0581;-0.061984;-0.49011;-0.53925;0.35443;-0.53397;1.4752;0.071847;-0.39075;-0.8683;1.1396;0.113;-0.19134;0.88843;2.106;-0.75274;1.3214;-0.49334;0.36083;-0.60315;1.0749;-1.0265;1.4015;0.30361;1.2701;-1.0419;-0.49106;0.39848;-0.52405;-0.25817;-0.31722;0.67218;1.0389;0.18543;-1.0393;2.4095;-0.79381;0.87157;1.3337;-0.11308;0.11051;-1.002;0.36661;1.1473;0.77585;-0.41803;2.1035;-0.53774;0.087556;-0.96459;0.47219;0.31011;-0.95979;1.6688;-0.078615
25;2.2075;0.18121;2.127;-0.11048;-0.46701;-0.74438;0.0094433;0.12956;0.20202;-0.45839;2.6863;2.2488;-0.1145;0.030512;2.9104;-0.36869;0.63081;-0.99659;2.2862;0.22316;-0.86506;2.592;1.8471;2.105;-0.054466;-0.76405;-0.92489;-0.93118;-0.56824;-0.91828;0.1182;0.076485;0.45172;-0.37564;0.14757;-0.59861;-0.084008;1.1834;-0.15739;1.1198;0.59129;-0.99688;-0.23546;0.54289;0.36129;-0.1313;0.53083;0.090302;-0.67874;-0.91095;0.3232;-0.63847;-0.56059;1.1638;-0.48717;-0.6511;-0.88127;1.3989;0.53292;-0.34997;2.7599;-0.50116;-0.017998;1.9571;-0.26059;0.12339;-0.81225;0.37852;-0.20327;0.37749;0.71417;0.35133;-0.34849;-0.60869;1.2793;-0.0027073;-0.84411;-0.23194;0.19408;0.92664;3.0124;0.36866;6.5881;0.2792;0.11928;0.48097;1.2672;-0.36425;-0.78967;-0.13967;2.8701;-0.61437;0.47856;1.1645;-0.17171;0.84827
26;0.097652;-1.051;-0.16174;2.4232;-0.55412;-0.28051;0.99567;-0.92854;0.32348;-0.063916;-0.96021;-0.92332;0.04238;0.052437;1.8391;-0.55345;-1.1046;-0.78408;0.38655;-0.96276;-0.3334;-0.1465;-0.36143;-0.77919;-0.42673;-0.79651;-1.0386;2.1475;0.25068;1.7733;-0.64554;2.2335;-0.22285;-0.73662;-0.60526;3.0295;-0.4185;-0.78675;0.10845;-0.25446;-0.51562;0.69867;-0.73242;-0.60577;-0.20955;-0.75399;0.26821;-0.63441;-0.32529;0.43663;0.91047;2.3229;-0.78111;-0.89368;1.6131;0.57044;-0.16973;0.58519;0.10304;-0.80438;-0.29448;-0.05153;-0.74264;-0.028877;0.53277;-0.53064;3.361;-0.34297;0.35391;1.3767;-0.60235;0.73535;-0.073782;-0.20023;-0.84729;3.0801;0.17132;-0.087329;-0.65672;4.1875;1.7955;-0.93696;0.38455;-0.91041;-0.8312;-0.5636;-0.81623;-1.1982;-0.83011;0.10269;-0.54538;-0.49011;-0.577;-0.83625;-0.75333;-0.88757
27;2.8735;-0.98328;-0.73983;2.36;-0.073269;0.34851;-0.84314;-0.66654;-1.0101;-0.18596;-1.053;1.1899;-0.52649;-0.59346;-0.058981;-0.36535;-1.05;-0.23311;3.5851;0.38741;1.1622;-0.26309;-0.072944;-0.36464;0.74965;0.5903;-0.064527;2.0621;0.49096;1.3059;-0.24127;-0.62251;-0.64978;-0.036274;1.4699;-0.62666;0.70363;-0.99782;-1.1951;-0.11343;-0.38728;-0.37868;0.65167;-0.53169;-0.26023;3.8869;0.0058777;2.9511;-0.69203;-0.43288;-0.87951;0.64868;0.1511;-0.86247;0.54175;-0.57952;1.0494;-0.87491;5.4272;-1.0199;-0.62978;-0.41943;1.4941;-0.6055;-0.88099;0.10731;-0.77646;-0.61348;-0.46225;0.96064;-0.55997;0.094028;-0.30819;-0.65578;-0.52536;1.6104;-1.0392;-0.7138;-0.28832;0.6125;-0.42472;-0.26272;0.95851;-0.70329;0.11316;-0.68367;-0.29841;-0.51909;-0.57037;3.8258;0.33436;-0.23497;-0.94227;-0.60709;-0.76404;-0.46235
28;2.9075;-0.52814;0.082782;1.9186;-0.83064;0.60503;0.5538;0.39485;-0.87884;0.029061;-1.0365;-1.0175;-0.85538;-0.98461;0.88242;-0.46931;-1.1252;0.30067;-0.042732;2.3974;-0.56136;-0.231;-0.85376;-0.8144;-1.0086;3.0542;-1.0681;-0.60332;-1.0865;-1.1091;-0.92169;-0.50021;-0.50997;1.2397;1.0671;-0.68224;0.74281;-0.87026;0.43033;0.23582;-0.78626;-1.1825;-0.55064;-0.79275;0.40166;-0.86085;-0.78659;-0.63466;-0.38742;0.48051;1.0283;-0.53312;-0.51935;-0.90051;0.25966;2.7835;0.3319;-0.40286;1.1003;1.4748;1.5754;-0.92466;0.074228;-0.60821;-0.51482;1.1476;-1.0339;0.24403;0.098034;-0.76636;0.2891;-0.68649;-0.84618;-0.88629;0.71213;0.15749;0.0022818;-0.55509;-0.68224;-0.2108;-0.71085;0.22376;0.55816;-0.95584;-0.63789;-1.0776;0.091118;0.59948;0.30659;-0.86054;-0.27398;-0.58097;2.7635;-0.26365;1.0626;2.3426
29;1.6683;0.2803;0.5885;-0.51928;-0.76164;0.16883;0.95261;-0.1912;1.1792;-0.21336;-0.85203;-0.7633;-1.0305;-0.85473;0.10736;-0.090878;-0.5499;-0.22335;-0.31814;-1.1594;-0.40889;-0.091834;-0.56077;0.091079;-0.41034;0.16905;-1.1863;1.0744;-0.72528;-0.86937;-0.43639;-0.36411;-0.22128;-0.16251;0.2589;-0.6294;-0.3822;-0.65187;0.80169;-0.65411;-0.65875;1.0916;1.3946;-0.053193;1.0183;-0.68187;0.58862;-0.53049;0.42729;0.090603;-1.0146;-0.30783;-0.18092;-0.20586;-0.70012;-0.72923;-0.55289;-0.33287;-0.076495;-0.90875;-0.59531;-0.34574;-0.69019;0.96987;-0.53085;-0.94854;1.5811;-0.44321;2.8613;-0.65054;0.93749;1.0225;0.57823;0.32835;-0.71612;-0.76387;-0.83949;-0.68102;1.1271;0.0062195;-0.66088;0.36151;0.96557;0.44322;-0.84204;1.9872;-0.46953;-0.58092;0.9842;-0.77129;1.0852;-0.61127;-1.0994;-0.84505;-0.37655;0.7356
30;1.528;0.16835;0.055753;-0.30037;-0.40308;-0.77669;0.67156;-0.72519;-0.77134;-0.17236;-0.066837;0.18506;-0.37851;0.93142;-1.0084;0.12806;-0.84409;-0.71211;-0.1804;-0.054545;-1.1731;1.9494;2.3631;1.954;-1.0262;0.25786;2.5097;-0.66759;-0.0021772;1.5466;1.0013;-0.51754;0.13827;0.2085;0.20465;0.33313;1.0726;0.59823;0.54629;1.7647;-0.34753;-0.15217;0.48709;-0.26097;-0.36429;-0.54688;-0.55806;-0.87886;-0.95755;0.13912;-0.83911;0.50903;0.39659;1.3555;-0.61131;-0.55248;-0.64553;0.48219;-0.31966;-0.99852;-0.82732;-1.0234;-0.66527;-0.67473;-0.88091;-0.33984;-0.97306;-0.016935;3.7935;-0.51272;0.2139;-0.13102;-0.48263;-0.20162;-0.72561;-1.2053;-0.12586;-0.93247;0.46301;-0.88499;-0.75599;-0.98178;-0.73107;0.51743;0.7059;1.915;-0.73673;0.026711;1.7401;-0.90232;-0.040468;-0.44144;-0.70541;-0.48376;0.1351;-0.11719
31;4.3995;0.72961;-0.72195;0.14338;0.53736;0.43112;-0.35797;1.5477;-0.29596;2.0331;-0.6754;0.17383;-1.1379;-0.67337;1.6261;-0.10685;1.7391;-0.056774;-0.49584;0.48745;-0.098969;0.7552;0.17077;-0.17264;-0.61375;0.05036;1.2408;-0.57986;-0.71912;1.2947;-0.17531;-0.59029;0.30639;-0.79608;0.53618;-0.054711;0.23452;-0.39472;-0.79863;-0.13354;-0.44885;-0.23428;-0.13374;-0.025332;-0.50192;0.15595;-1.0339;-0.9408;-0.54987;-0.2432;-0.43761;-0.15046;1.1815;-0.76212;1.0807;-0.47456;-0.71808;-0.90066;-0.42346;-0.065371;0.70338;-0.54442;-0.72802;-0.33573;2.7838;0.20456;0.46553;-0.072666;1.3306;-0.56826;0.060297;-0.43399;-1.0305;1.6011;-0.46634;-0.95955;1.4324;-0.9023;-0.035989;-0.37723;-0.72413;-1.0068;-0.793;0.48741;-0.8883;-0.48737;-0.77848;-0.96322;2.1607;-0.14615;-0.75436;-0.20646;0.37122;-0.074229;-0.41138;-0.35182
32;-1.7294;-0.45384;-0.61863;0.23973;-1.0193;-0.30507;-0.52417;0.10395;3.5705;-0.37672;0.080812;-0.53274;-0.17093;-0.24522;-0.52171;-0.25387;-0.34825;-0.31958;-0.99118;0.26186;-1.045;-0.22406;-0.53883;0.51318;-0.30076;-0.94157;-0.45643;0.36886;-0.92949;-0.57343;-0.49567;1.251;0.53164;0.86176;0.13794;-0.030322;-0.39818;2.0746;-1.0321;-0.057443;-0.63186;-0.80855;-0.2445;-0.6239;-0.64372;0.56168;0.29109;-0.41653;-0.63267;-0.52955;0.052694;-0.83065;-0.87788;3.0903;-0.40264;-0.6127;-0.79242;-0.05178;-0.57557;1.6137;-0.63128;-0.98223;-0.63077;-0.75422;0.1878;-0.58642;-1.0272;-0.48244;-0.4523;-0.56117;-0.85318;1.0432;3.3413;-0.80828;-0.24382;3.1304;-0.20148;1.6276;-0.72787;-0.94896;0.042462;-0.94292;-0.031349;0.36671;-0.56826;-0.57283;1.3469;-0.62621;0.49638;-0.86684;1.7345;-0.45344;1.6175;-0.48221;0.046737;-0.11266
33;-1.2619;1.6139;3.2767;1.6542;-0.57317;-0.88999;0.39507;-0.3539;1.6315;0.41412;2.82;0.89354;0.67586;0.40276;1.1072;-0.50312;-0.79546;-0.51248;0.81815;-0.094524;-0.54442;-0.087272;-0.25924;-0.40142;-0.2017;-0.79373;-0.79196;-1.0194;2.2168;-0.99765;-0.55543;0.5356;1.4183;0.032895;-0.50518;0.87462;-0.72365;-0.022841;-0.57515;0.32349;-0.37664;-1.2014;0.35964;2.6331;-0.48455;2.5321;-0.096037;-0.51471;-0.49629;0.080697;0.58815;-0.86373;0.14156;-0.72598;0.60215;-0.65642;0.090074;-0.28025;-0.26641;-0.59421;0.14818;0.88458;-0.87562;-0.88782;-0.8843;0.017502;-0.68939;-0.52042;0.55278;-0.80335;-0.88146;1.0474;-0.86363;-0.47699;-0.43924;2.4259;-1.1157;0.56027;0.83996;0.5845;-0.77167;-0.90828;-0.9611;-0.58373;0.64982;-1.0946;-0.29838;-1.0133;-0.68579;-0.92015;-0.46001;0.5727;-1.1273;0.44349;-0.82397;-0.4271
34;5.6679;0.23397;-0.31886;0.24889;-0.97394;-0.55989;-0.80355;0.61441;0.51612;-0.29364;-0.060773;-0.4741;1.038;-0.24018;-0.0050354;0.56428;-0.77493;-0.4643;0.52601;-0.66636;0.89032;-0.49927;-1.0166;-0.19791;1.3407;0.73948;-0.64516;-0.98943;0.077905;-0.87174;-0.93315;-0.1015;0.361;-0.47363;-0.53247;-0.57931;-0.33422;0.444;-0.62596;1.3103;0.73463;0.68989;0.47515;0.060114;1.2023;-0.31709;0.080509;1.1484;1.1361;0.33691;-1.0262;0.042598;-0.52153;-0.4697;-0.30621;-0.29492;1.6398;-0.86716;-0.58815;-0.15974;2.2464;-0.47161;2.0827;-0.6191;-0.57068;-0.4735;1.0856;0.12389;-0.53939;-0.8663;-0.8604;0.19485;-0.25804;-0.17265;-0.88835;-1.1142;1.9938;-0.46994;-0.56186;-0.44134;-0.44042;-0.65264;-0.65851;-0.62914;-0.12961;0.69429;0.12835;2.2416;-0.39311;-0.27794;-0.67435;-0.42832;0.50224;0.36792;-0.73541;0.40388
35;1.0509;0.27571;-0.59371;0.18583;-0.91983;0.39121;0.17862;0.65037;-0.79337;-0.015847;-0.77238;-0.39014;-0.9666;-0.58338;-0.31517;0.48589;-0.073965;-0.68958;0.44188;-1.1282;-1.0076;0.14768;1.8571;-0.15195;-1.1042;2.9576;-1.0329;-1.0372;0.87099;0.2852;0.10564;0.12352;-0.031839;-0.23544;-0.24722;-0.70214;-0.55228;-0.78502;1.658;4.1242;-0.49343;-0.68169;-0.43378;-0.11441;-0.14855;-0.91028;-0.16082;-0.48758;-0.22396;-0.49554;0.12255;-0.49349;-0.49843;-0.17925;-0.21127;0.50866;-0.61858;0.13218;-0.69379;-0.76395;-0.30305;1.2099;0.35488;1.8629;-0.56653;0.32322;-0.15389;2.0581;0.70481;0.29139;-0.46241;-0.67281;2.1298;0.49139;-0.41553;-0.74292;1.0645;-0.90151;-0.55599;-0.48616;-0.41932;-0.19013;-1.0082;0.90121;-0.91087;-0.88804;-0.068942;-1.0149;-0.75385;-0.47329;1.5039;-0.58443;0.00016954;-0.0078866;-0.33441;0.90029
36;1.9376;-0.9473;-0.67143;-0.5516;3.5449;0.0058654;-0.18409;-0.20476;0.25433;-0.47181;-0.14789;1.888;-0.54691;-0.027258;-0.50696;-0.079431;1.4975;-0.60122;-0.33667;-0.46853;-0.52585;-0.52991;-0.9034;-0.37095;0.050386;-0.39583;0.44256;-0.74738;2.6462;-0.067063;-1.0675;-0.13478;1.225;1.9554;0.89347;-0.7599;2.2776;-1.0194;-0.93436;-1.0593;-0.74025;-0.16565;2.2724;-0.19857;0.68736;-0.18281;-0.74945;-0.46068;1.2991;0.36836;0.93897;-0.44482;0.18077;0.029963;-0.35918;0.36538;-0.53056;0.091573;-0.50774;5.5678;2.377;1.7329;0.55788;-0.49739;-0.55247;-0.060856;1.2735;-0.86452;3.4395;0.94756;-0.59314;-0.69368;1.6857;-0.77727;-0.32225;-0.59409;-0.96667;0.21942;-0.81824;1.5395;-0.61432;-0.41302;0.33573;-0.88473;2.969;10.779;0.36566;-0.84418;0.94165;-0.69087;1.4476;0.62463;-0.68723;-0.21269;-0.53263;-0.28322
37;-0.2193;-0.20487;-0.12942;-0.73295;0.1572;0.10588;-0.27473;-0.62897;0.73534;-0.001172;1.8717;-0.50935;-0.043084;-0.19566;-1.1042;-0.068377;4.6477;0.39046;-0.43721;-0.064709;2.3313;-0.55385;-0.36266;-0.74849;-0.94834;-0.79235;-1.0338;-0.98281;0.0035808;2.1247;0.29661;-0.50661;0.22688;-0.90773;-0.018501;-0.5818;-0.11959;0.25045;0.61895;0.47174;-0.18663;-1.175;-0.51554;-0.53782;0.31633;-0.63322;1.4327;-0.24714;-0.33833;1.1764;-0.884;-0.15818;-0.50601;-0.10978;-0.33098;0.3224;-0.58594;-0.8193;-0.63958;-0.95228;-0.11527;0.029506;1.7345;-0.098267;-0.36163;-1.1357;-0.82927;-0.53614;-0.20717;-0.96373;-0.3775;-0.078262;0.35109;-0.94411;-0.83453;-1.1036;-1.1124;2.623;-0.45783;-0.77514;1.8981;0.81736;0.97517;-0.79472;-0.76436;-0.90126;0.39869;0.30221;-0.58294;-0.021294;-0.97279;-0.61717;-0.95988;-1.003;1.1026;0.13855
38;3.1527;-0.80454;-0.32409;0.87912;0.031467;-0.25905;-0.0074524;1.2508;-0.51202;-0.24983;-0.82891;-0.26121;-1.022;1.3244;-0.53965;-0.15941;-0.73746;-0.96378;-0.94764;0.68461;1.7404;-0.39593;3.216;-0.59458;1.6099;-0.21453;4.6826;1.895;-0.9669;1.147;-0.43755;-0.70298;-0.94758;0.60221;0.58262;0.12833;-0.58546;-0.712;-1.1339;-0.56251;0.49777;-0.13084;-0.0973;-0.62629;0.12727;-0.8974;2.6396;0.45207;3.1073;-0.82116;3.9344;-0.30988;-0.73431;2.8975;-0.298;0.39234;-0.3798;-0.74958;1.5611;-0.88496;-0.18864;0.13014;0.65861;-0.6643;0.061531;0.33209;-0.46038;-0.41358;-0.024497;1.7182;0.70894;-0.23641;-0.4943;-0.25358;-0.071035;-0.48749;-0.17554;-0.92926;-0.26061;-0.066638;-0.72336;-0.60835;0.67166;0.20433;0.2946;-1.0982;1.4972;-0.039468;1.8146;4.1939;-0.56339;0.39428;0.057839;-0.5754;-0.58111;0.25903
39;-3.2755;-0.38481;-0.54249;0.12821;0.23591;-0.53735;-0.52548;-0.50541;-1.1759;0.12153;-0.65474;0.018006;-0.8218;-0.38008;0.012157;-0.42923;-1.0152;0.18602;-0.85335;5.2424;-0.85702;-0.74937;-0.89357;-0.16754;-0.49978;-0.59771;-0.050785;0.55321;0.29469;1.7441;2.0626;-0.76759;-0.40447;0.078732;0.88178;-0.71664;1.1187;1.6311;-1.0809;1.4154;0.87895;-0.2565;-0.45624;1.8895;-0.54677;1.7133;-0.71687;-0.94221;-0.1836;2.7758;-0.84963;2.7524;0.68504;2.026;-0.88117;0.096565;-0.55545;0.35435;-0.50705;-0.70053;-0.79316;-0.95177;-0.80931;-0.39652;-0.046052;-0.23476;0.12476;-0.24977;-0.66652;3.4003;-0.29737;1.2141;-0.24713;0.90206;-0.94521;-0.20609;0.4033;-0.7563;-0.86587;0.26656;0.79038;0.22554;-0.94741;-0.45143;-0.94539;-0.61232;-0.35227;-0.84143;1.7715;-0.87998;-0.48497;-0.34846;0.73177;-0.63853;-0.67362;-0.54773
40;-1.0489;-1.0261;-0.53481;0.10834;-0.13757;-0.74289;1.0782;-0.95367;1.2886;0.42903;-0.13057;1.9401;2.8123;0.23496;0.15841;-0.48031;-0.92034;0.41506;0.87052;-0.97683;0.01389;0.17889;2.872;0.85218;0.91099;-0.86407;-0.92727;-0.12845;-0.31484;1.8531;-0.30201;-0.73311;-1.0133;-0.27381;-0.87232;-0.43901;-0.24078;2.2066;3.5294;1.0361;-0.38328;0.88186;-0.58077;0.44488;0.17317;-0.063544;-0.96887;-0.80339;-0.9529;0.13198;-0.64417;0.62665;-0.77355;0.023729;-0.027825;-0.24416;-0.57933;0.18531;-0.2828;-0.76644;-0.4101;2.0874;1.9006;0.11895;-0.65086;0.036034;-0.73414;2.3202;-0.86438;0.17597;0.19134;-0.82021;-0.47319;2.1737;-0.19789;0.31799;0.32527;0.56802;-0.75341;-0.97015;-0.88985;0.71397;0.18619;-0.511;-0.34498;2.0986;-0.51629;-1.1851;-0.20712;5.6579;-0.73125;-0.14198;-0.87995;0.29829;0.157;-0.47032
41;5.7082;0.79399;0.3246;-0.66696;-0.91519;1.7058;-0.47376;-0.55045;0.30523;-0.17918;-0.72086;-0.089051;-0.82997;-0.46169;0.021884;-0.094943;0.17407;-0.996;-0.84125;-0.56261;-0.57597;-0.49301;-0.82368;-0.50838;0.54179;-0.87393;-1.1235;-0.038823;2.5394;-0.38518;-0.12817;-0.6878;0.4401;0.067148;-0.85276;0.33265;-0.41484;0.54057;0.36901;1.0344;-0.14484;-0.38743;-0.66045;-0.50384;-0.75434;0.79393;0.21472;-0.91614;-0.49231;2.9583;-0.19902;-0.89903;0.45452;0.34618;-0.23674;-0.5886;0.14068;-0.46957;-0.53522;-0.47085;-0.33454;-0.35597;-1.0053;2.4542;0.53862;1.7993;0.13647;-0.64628;-0.55648;-0.65419;-0.33137;-0.86071;-0.12727;0.12853;-0.68771;-0.98351;1.3428;-0.78499;-0.31289;-1.1023;-0.446;-0.68285;0.12297;0.94718;-0.31927;-0.60267;0.22269;2.2789;-0.22659;-0.025133;-1.0431;-0.047931;0.10576;-0.33915;4.3437;-0.30455
42;-2.2621;-1.0473;-0.72028;2.7871;-1.0533;0.19182;0.75019;-0.4055;-0.93224;-0.36004;1.1401;-0.77775;0.49065;1.2712;-0.30333;-0.36287;0.52545;-0.8956;1.2506;-0.42952;0.31434;-0.40759;-0.25061;-0.80493;-0.54002;0.066903;0.96571;1.2245;3.1851;-0.94416;-0.82824;0.41781;-0.75366;1.5687;-0.89617;0.23905;-0.15324;-0.68366;0.46062;-0.58818;0.69596;-0.7276;0.53056;-0.79381;-0.69751;-0.68609;-0.92524;-0.4884;-1.0436;-0.44352;-0.84644;0.049955;0.81641;-0.88592;-0.80233;0.82558;-0.22517;-0.59425;-0.41868;3.1051;1.0351;-0.97425;0.55043;2.0337;-0.17353;-0.48121;0.88391;-0.42849;0.19844;-0.68181;0.23635;-0.77189;2.4507;-0.57031;-0.27307;-0.41521;-1.0692;0.13479;0.096128;-1.0243;-0.67356;1.7915;-0.39882;-0.15304;-0.23514;-0.58465;0.71163;0.57966;-0.34031;-0.91916;-0.70044;-0.24815;1.1489;2.44;-0.46458;2.8756
43;4.9337;-0.96823;-0.23152;-0.85843;-0.98914;-0.92059;-0.90863;-1.0144;-0.95286;-0.14973;0.027486;-1.0661;0.70669;-0.76433;-0.54055;-0.42647;-1.0328;-0.92892;-0.85306;3.3537;-1.0268;0.7452;-0.9333;0.047344;-0.5502;-0.21385;0.83996;-0.043162;-0.99833;-0.87692;-0.40287;1.4703;-0.23246;-0.78312;-0.87613;0.30489;-0.41675;-0.46205;-0.25765;0.19898;-0.43876;-0.14469;-0.54647;-0.4297;0.30991;-0.87952;-0.19402;0.17694;0.13355;-0.94074;3.3594;0.25015;-0.43274;-0.64786;-0.62971;-0.21147;-0.49915;-0.30723;0.51595;-0.8214;-0.28232;-0.52748;-0.76013;-0.86056;0.6511;0.6194;0.95758;-0.65422;-0.78373;-0.79604;0.58675;-0.69242;0.29027;0.17222;-0.87245;-0.48744;-0.97292;-0.73526;-0.3723;1.0197;-0.43353;-0.89641;-0.90122;-0.88039;-0.49026;-1.219;-0.29597;-1.2823;-0.35916;-0.027763;-0.26198;-0.18237;1.0367;-0.71223;0.4848;-0.060053
44;2.8347;-0.8352;0.17108;0.15102;1.4219;-0.6341;-0.85223;-0.70103;3.291;-0.38118;-0.74698;-1.0093;-1.1124;-0.46462;1.7645;0.16015;-1.0398;-0.79243;-0.68182;0.97388;-1.2589;2.0476;-0.34851;-0.1277;-1.0369;1.0982;-0.71811;-1.0182;-0.68201;-0.69982;0.019623;-0.22398;-0.5208;-0.071378;-0.5371;0.22445;-0.69791;-0.67798;-0.50259;0.88439;0.49053;0.60038;-0.35039;0.16032;-0.72185;-0.24715;-0.95181;-0.18556;1.2119;-0.090276;0.31401;0.43742;1.7642;-0.54381;-0.072965;0.13072;-0.65215;0.035994;-0.089952;-0.52297;-0.53797;-0.52451;1.8137;-0.55511;-0.83689;-0.57695;-0.50327;2.345;0.88151;-1.057;-0.12638;-0.32506;0.4272;-0.012361;0.84765;2.2194;0.062496;3.8721;0.26472;0.064161;-0.22246;0.23726;-0.81318;1.2604;0.49863;-0.7772;0.27645;2.2538;-0.61738;4.0145;0.12599;-0.59129;-0.83007;-0.72957;1.454;0.20717
45;-1.9641;-1.0866;-0.60077;1.6133;1.7128;1.2678;-0.37109;-0.56852;-0.74078;-0.5375;-0.95862;-0.089784;-0.96313;-0.91866;-0.79547;0.89926;-0.9902;1.1587;-0.35336;0.60729;1.4301;-0.8815;-0.57551;-0.46048;0.45196;-0.75436;1.1058;-1.0305;1.8099;-0.31367;-0.44645;-0.20246;-0.98556;-0.94665;-0.39871;-0.2386;-0.748;-0.52961;-0.61286;-0.32311;0.47889;1.1406;0.2976;-0.46784;0.25587;-0.52495;1.9982;-0.25602;-0.36922;-0.88731;-0.4343;2.6885;-0.28934;-0.56189;-0.25507;-0.58953;0.75953;1.6033;-0.66374;1.3518;-0.48655;-0.35524;-0.21681;-0.64116;0.18351;-0.20539;0.4237;-0.069218;-0.79879;-0.90491;0.024538;0.048289;-0.67241;2.127;1.6482;-1.0459;1.2911;1.4791;0.53807;-0.072499;-0.3322;-0.7491;-0.59204;-0.16503;1.2119;-0.41592;-0.83926;0.063532;-0.85004;-0.94182;-0.87398;-0.4694;-0.053365;-0.51182;-0.57056;-0.84028
46;-6.0704;-0.73491;-0.3166;-0.69881;-0.97703;-0.34441;-0.075081;1.019;0.69378;-0.36203;-0.65102;1.0657;-1.147;-0.55421;-0.2247;-0.52988;-0.10245;1.1438;0.58581;-0.037056;-0.24814;0.79812;-0.78732;-0.59362;-0.28353;1.8827;-0.69166;-0.43042;-1.0383;-0.55012;0.77907;-0.72392;-0.96086;0.093684;-0.88161;0.31386;-0.053456;0.76167;0.5245;-1.0653;-0.7619;-0.054471;-0.49091;1.6398;1.3478;-0.87953;-0.0491;-0.31972;0.070555;0.58038;-1.0975;0.24243;-0.68513;-0.51302;-0.058189;-0.16227;-0.18034;1.1728;0.72156;1.8063;0.36214;-0.96779;0.16193;-0.28552;-0.065839;0.14133;-0.58574;-0.28772;-0.37318;1.1352;-0.49607;0.52058;-0.73114;1.6581;-0.68868;3.5233;1.539;-0.059825;0.74309;0.23192;0.37543;1.1966;-0.86388;-0.20149;0.03208;0.34004;-0.51377;-1.3021;0.0072362;-0.3301;0.11997;1.054;-0.76241;2.1633;-0.81998;-0.78999
47;0.14647;-0.82035;-0.20898;-0.74832;-0.55176;2.0307;0.36589;-0.26284;-1.0221;0.10417;-1.0387;-0.63673;0.41907;-0.46961;-0.61011;-0.45479;-0.84355;3.5625;0.86429;2.521;-1.1227;-0.23806;-0.90402;1.3166;1.0973;0.01584;1.3356;-0.77085;-0.75471;-0.97432;-0.98501;-0.46033;0.092015;-0.12827;0.044834;-0.042541;-0.36573;-0.46119;-1.1622;0.79556;-0.34289;-0.93438;-0.61188;-0.20862;-0.37092;-0.87903;0.65348;-0.44927;2.1161;0.54357;2.4298;-0.26409;-0.40401;-0.18368;-0.0025199;0.46887;-0.86171;-0.067031;0.1576;-0.76477;-0.58177;-0.5777;-0.71516;-0.62268;3.3471;-0.35179;-0.61328;-0.6628;-1.0417;1.0056;0.15778;0.20245;-0.55593;-0.64469;-0.5608;0.85579;-0.93613;-0.34954;-0.84168;0.94643;2.3316;1.1242;-0.60106;-0.059155;2.0339;-0.74674;0.3807;4.9254;-0.64548;-0.5139;-0.54529;1.2375;-1.1356;-0.2664;-0.61638;-0.41235
48;0.61236;-0.61564;-0.25818;-0.60723;-0.85044;-0.27418;0.091475;-0.73633;0.94726;-0.24932;3.4555;-0.20889;-0.95243;0.6666;0.61414;-0.58057;-0.74552;-0.43552;0.88636;1.2419;-0.051748;0.48881;1.5963;-0.70468;-0.77907;-0.90774;-0.096091;0.031111;1.6695;0.7492;-0.37542;-0.47502;-0.45164;-0.035714;-0.56929;-0.27015;-0.75033;0.42654;-1.0662;0.43818;0.91383;-0.6534;1.4542;-0.69801;-0.27009;-0.7901;-0.96898;-0.71939;-0.50769;-0.8577;0.13831;-0.53455;0.1942;-0.94223;-0.28997;0.77811;0.11875;1.2572;-0.424;1.7832;-0.83956;-0.65292;-0.99787;-0.47839;-0.82283;-0.78406;3.563;3.2205;-0.72143;-0.17982;1.2413;0.0093879;0.71042;-0.90147;-0.68998;-0.82344;-1.0589;-0.85317;-0.060676;-0.94532;-0.79398;-0.72786;-0.62784;-0.41718;0.86082;1.2384;0.22026;-1.144;-0.57454;0.85563;-1.0293;-0.51294;0.41306;-0.82456;-0.90561;1.43
49;-1.8833;0.75206;-0.64771;-0.79762;-0.95128;-0.49433;1.0495;-0.44007;-1.1365;-0.60016;0.34757;-0.75574;0.10023;-0.75744;-0.39461;1.1226;0.20959;0.31007;-0.74105;1.3638;-0.20753;-0.66916;-0.86053;-0.63552;1.3316;-0.633;-0.87339;-0.84816;-0.58059;-0.38159;0.4891;-0.37581;-0.89934;-0.49668;-0.3615;-0.28126;1.1516;-0.70812;-0.99607;0.22563;0.41513;-1.0026;-0.032662;-0.79663;1.0235;-0.669;0.08905;0.043665;2.3678;0.61292;-0.6539;-0.66077;-0.37399;-0.98719;-0.34508;-0.71538;0.72026;-0.49571;-0.70228;-0.70341;0.28012;-0.37338;-0.36127;0.2771;-0.36759;4.4506;1.2311;-0.75861;-0.5728;0.30777;-0.68759;-0.92583;-0.9454;-0.4061;0.81924;-0.29076;-0.72972;0.58688;-0.1377;-0.43924;1.1588;-0.92264;-0.62375;-0.63327;-0.54518;-0.45929;-0.48417;-0.039497;-0.095164;-0.25501;-0.86168;0.048759;-0.44862;2.3668;-0.83743;-0.47495
50;-0.17055;0.532;2.6064;0.52038;-0.36868;0.096552;-0.63286;-1.0234;0.1744;0.11272;-0.28242;1.0684;-1.0723;2.5881;-0.94822;-0.52344;-0.50273;-0.75332;-0.33276;-0.99261;-0.55263;-0.88876;2.0064;0.39534;1.2298;-0.2964;-0.26969;0.4193;-0.83576;-1.106;0.43444;0.83897;-0.64529;-0.045193;-0.86723;0.24057;-0.68242;1.9243;-1.0585;0.06903;-0.56308;-0.33215;0.46483;-0.80665;2.8639;-0.40468;-0.41411;0.82824;-0.92738;-0.43581;-0.25027;-0.39115;-0.10722;-0.53142;0.3262;-0.19998;3.9592;1.6294;-0.027802;1.2456;0.85452;1.7601;0.55401;-0.95881;-0.90877;0.32662;-0.93303;-0.30562;-1.013;-0.04652;-0.9208;-0.084311;0.023808;0.083915;0.12432;1.2555;-0.78054;0.31313;-0.53624;-0.6984;-0.33921;1.1118;-0.95845;-0.90056;0.10839;1.0624;-0.26943;-0.076262;1.2611;-0.89531;0.55991;-0.097626;-0.55118;1.1567;0.47577;0.55374
PARTICULAR
GAIN
3
