TITLE;96 random variables, variable gain
FOCUS ON;
EXPERIMENT TYPE;SingleAmongManyVaryingGain
PARAMETERS
normalization;Standard
pcaRecompositionThreshold;0.95
component;1;2;3;4;5;6;7;8;9;10;11;12;13;14;15;16;17;18;19;20;21;22;23;24;25;26;27;28;29;30;31;32;33;34;35;36;37;38;39;40;41;42;43;44;45;46;47;48;49
type;RandomUniform;RandomUniform;RandomUniform;RandomUniform;RandomUniform;RandomUniform;RandomUniform;RandomUniform;RandomUniform;RandomUniform;RandomUniform;RandomUniform;RandomUniform;RandomUniform;RandomUniform;RandomUniform;RandomUniform;RandomUniform;RandomUniform;RandomUniform;RandomUniform;RandomUniform;RandomUniform;RandomUniform;RandomUniform;RandomUniform;RandomUniform;RandomUniform;RandomUniform;RandomUniform;RandomUniform;RandomUniform;RandomUniform;RandomUniform;RandomUniform;RandomUniform;RandomUniform;RandomUniform;RandomUniform;RandomUniform;RandomUniform;RandomUniform;RandomUniform;RandomUniform;RandomUniform;RandomUniform;RandomUniform;RandomUniform;RandomWeibull
p1;0;0;0;0;0;0;0;0;0;0;0;0;0;0;0;0;0;0;0;0;0;0;0;0;0;0;0;0;0;0;0;0;0;0;0;0;0;0;0;0;0;0;0;0;0;0;0;0;1
p2;3;3;3;3;3;3;3;3;3;3;3;3;3;3;3;3;3;3;3;3;3;3;3;3;3;3;3;3;3;3;3;3;3;3;3;3;3;3;3;3;3;3;3;3;3;3;3;3;1
RESULTS
COMMON
distance
which;Manhattan(Average);Manhattan(GeometricAverage);Manhattan(Median);Manhattan(Minimum);Manhattan(MinimumTimesMedian);Manhattan(Summation);Euclidean(Average);Euclidean(GeometricAverage);Euclidean(Median);Euclidean(Minimum);Euclidean(MinimumTimesMedian);Euclidean(Summation)
plain;1.0508;1.0499;1.0515;0.84432;0.88776;1287.2;0.1454;0.14499;0.14495;0.10223;0.014818;178.11
PCA;1.0508;1.0499;1.0514;0.84484;0.88828;1287.3;0.14543;0.14502;0.14492;0.10267;0.014879;178.15
DE00;1.0757;1.0738;1.0758;0.94456;1.0006;1319.1;0.25202;0.25473;0.25539;0.15312;0.030082;307.16
DE01;1.0752;1.074;1.0733;0.95033;1.0053;1317.2;0.25608;0.25454;0.25597;0.15249;0.032047;303.06
DE02;1.0761;1.0736;1.073;0.95179;1.0044;1317.8;0.25661;0.25122;0.2431;0.14878;0.036343;314.36
PCA
weights;0.010388;0.010491;0.010714;0.010758;0.010528;0.010534;0.0099677;0.010631;0.010517;0.0098577;0.010392;0.010591;0.010455;0.010714;0.010622;0.010316;0.010558;0.010657;0.010663;0.01018;0.010376;0.010398;0.010535;0.010406;0.010238;0.010486;0.010592;0.010162;0.010429;0.010185;0.010548;0.010222;0.010269;0.010726;0.010225;0.010316;0.010488;0.01056;0.010331;0.010482;0.010543;0.01052;0.01;0.010338;0.010319;0.01038;0.010711;0.010537;0.010253;0.010039;0.010271;0.01061;0.010068;0.010473;0.010646;0.010586;0.010097;0.010718;0.010596;0.009945;0.010592;0.010552;0.010617;0.010242;0.0098828;0.010227;0.010694;0.010275;0.0098759;0.010576;0.01064;0.010227;0.010681;0.010524;0.010467;0.01068;0.010649;0.010227;0.01023;0.010377;0.0099429;0.010481;0.010452;0.010471;0.010343;0.010523;0.010538;0.010277;0.010407;0.010395;0.01013;0.010576;0.010506;0.01026;0.010529;0.010772
differential evolutions parameters, by distance type
i;dDE / dP;distance;type;parentWeight;crossover;population;iterations;distance;weights ->
1;1.0237;1.0757;2;0.85;0.5;50;50;Manhattan(Average);0.023222;0.01634;0.014936;0.013811;0.0011843;0.010243;0.024292;0.022756;0.023253;0.020829;0.02044;0.0066362;0.022429;0.019975;0.021635;0.021593;0.010407;0.016872;0.016965;0.021861;0.02472;0.022663;0.013662;0.025025;0.017465;0.020978;0.019237;0.018995;0.024725;0.022986;0.022896;0.017464;0.022599;0.020457;0.025337;0.012306;0.018167;0.024254;0.023263;0.019141;0.022588;0.018293;0.018439;0.021199;0.014488;0.024538;0.0036338;0.017632;0.0037056;0.00049017;0.00057703;0.001657;0.0011605;0.0018967;0.0051772;0.0027823;0.0014519;0.00059217;0.00042102;0.0038256;0.00089357;0.003874;0.00045426;0.0023216;0.0015956;0.0019032;0.003228;0.0034801;0.012621;0.00083535;0.0016203;0.0027067;0.00022459;0.0042611;0.0023155;0.00061266;0.00083924;0.0036364;0.0023956;0.0031051;0.0023846;0.0026958;0.00059161;0.0033027;0.00057667;0.0015041;0.000177;0.00049269;0.0014776;0.00042853;0.00066406;0.00071249;0.00058773;0.00027837;0.00017703;0.00045941
2;1.0232;1.0752;2;0.85;0.5;50;50;Manhattan(Average);0.022777;0.021687;0.0095454;0.010704;0.010419;0.013588;0.028692;0.02828;0.00055269;0.025143;0.0050068;0.0013824;0.013171;0.027416;0.024688;0.028677;0.018535;0.017277;0.027858;0.025265;0.01345;0.024121;0.025199;0.02746;0.020072;0.019901;0.018714;0.0199;0.022451;0.013039;0.024703;0.023338;0.026731;0.018245;0.028349;0.011084;0.013642;0.017301;0.010842;0.01411;0.026796;0.0037761;0.0037526;0.024743;0.012788;0.013052;0.024966;0.026635;0.0031971;0.0034217;0.0010533;0.0070078;0.00016653;0.0011835;0.005483;0.0015995;0.0062281;0.0025124;0.0011612;0.01275;0.00045157;0.0081895;0.00033996;0.0010134;0.00037735;0.00016522;0.00045645;0.00080932;0.0046821;0.0022197;9.9984E-05;0.0012537;0.0060244;0.002017;0.00043336;0.0018897;0.00042723;0.0072254;4.4419E-06;0.0043335;0.00088244;0.00029197;0.0003116;0.00072947;0.00015421;0.0022175;0.002134;0.0010508;0.006217;5.8292E-05;0.001512;8.5332E-06;0.001021;0.0012495;0.00015415;0.004002
3;1.0241;1.0761;2;0.85;0.5;50;50;Manhattan(Average);0.025071;0.023863;0.024905;0.023892;0.023943;0.023963;0.020205;0.025066;0.021136;0.018871;0.021034;0.019557;0.016008;0.025992;0.015713;0.019311;0.0088928;0.025069;0.024737;0.021043;0.012045;0.010857;0.004893;0.025575;0.025264;0.025869;0.023913;0.020565;0.017643;0.022619;0.019983;0.025291;0.010264;0.010755;0.025961;0.011064;0.025631;0.019357;0.0085398;0.0011225;0.0047088;0.024993;0.0061546;0.019831;0.021715;0.022721;0.0029667;0.023088;1.161E-05;0.00033198;0.0047023;0.0017821;0.0013594;0.00074756;0.01549;0.0013464;0.0015414;0.00010125;0.0005626;0.0085635;0.0010177;0.0034739;0.0020768;0.00058863;4.8864E-05;0.00093985;0.00040263;0.00091252;0.016363;0.00084355;0.00037468;0.0016856;0.00071754;0.00046532;0.0026046;0.00020918;0.00038874;0.0015258;0.00022104;0.00084094;0.0015801;0.0024575;0.0010988;8.3681E-05;0.00014923;0.0022609;0.00082294;0.0013688;0.0033276;0.00082501;0.0019076;0.0026981;0.0001808;0.0055662;0.00028306;0.0014877
4;1.0229;1.074;2;0.85;0.5;50;50;Manhattan(GeometricAverage);0.00036706;0.015324;0.022869;0.023824;0.020519;0.021396;0.020753;0.023243;0.01913;0.026317;0.021442;0.015557;0.00122;0.026228;0.012174;0.027182;0.025713;0.025501;0.02443;0.024965;0.022645;0.017545;0.023311;0.026511;0.019729;0.027379;0.012037;0.017197;0.013115;0.020044;0.023192;0.026774;0.017688;0.0013154;0.026835;0.025386;0.01728;0.016935;0.0032458;0.0073494;0.013343;0.006021;0.017312;0.021703;0.023007;0.024335;0.016072;0.014092;0.0004064;0.00038917;0.0015517;0.0012063;0.00020483;5.4059E-06;0.0061952;0.0022957;0.00091159;0.0018747;0.002325;0.001848;0.0079078;0.00042158;0.00084045;0.0031466;0.0060341;0.00074415;0.0015286;0.00062556;0.019007;0.0026608;0.0017834;0.0025209;0.0014441;0.00011004;0.003404;0.00057781;1.3608E-05;0.0017683;0.002104;0.0021715;0.0058268;0.00011412;3.3438E-06;0.00071118;0.0033905;0.002764;0.00064522;0.00038419;0.0018986;0.0014801;0.00075904;0.0013562;3.2254E-06;0.00069235;0.00045217;0.0019383
5;1.0228;1.0738;2;0.85;0.5;50;50;Manhattan(GeometricAverage);0.012055;0.021492;0.018324;0.0247;0.021878;0.0014775;0.0218;0.013621;0.016676;0.020339;0.022586;0.019941;0.014985;0.019096;0.021059;0.018892;0.024603;0.018427;0.020785;0.014651;0.00077055;0.022532;0.023254;0.023681;0.021246;0.018127;0.024843;0.025106;0.01534;0.024985;0.022835;0.024865;0.023959;0.021387;0.009286;0.012289;0.0048691;0.010598;0.022762;0.016055;0.017868;0.0011793;0.024758;0.013125;0.022322;0.01292;0.021829;0.024631;0.0021749;0.00055701;0.0034075;0.0022013;0.0013518;0.0029105;0.0025689;0.001096;0.00044603;0.0031962;0.0034493;0.01957;0.00058752;0.0096546;0.00060445;0.0024192;0.00080372;0.0040665;0.0023917;0.00082353;0.018936;0.0025441;0.0014459;0.0010904;0.0019212;0.00056968;0.00030178;0.00056643;0.00057273;0.0035814;0.0017245;0.00073738;0.0030152;0.0026457;0.0021442;0.0017154;0.0040488;0.0037525;8.8489E-06;0.00082665;0.00034745;2.1913E-06;0.0015901;0.00041288;0.0046064;0.0012007;0.00050321;0.00010153
6;1.0226;1.0736;2;0.85;0.5;50;50;Manhattan(GeometricAverage);0.017424;0.015491;0.016102;0.016157;0.014943;0.015629;0.014913;0.0030198;0.017459;0.010154;0.026185;0.0039348;0.022057;0.017363;0.025044;0.019256;0.022768;0.025743;0.021528;0.021382;0.02193;0.0095038;0.019192;0.0035105;0.016327;0.025351;0.023203;0.017267;0.025157;0.025705;0.02473;0.013258;0.0092182;0.024645;0.019861;0.024327;0.021399;0.010794;0.015131;0.025346;0.021669;0.025922;0.02423;0.013204;0.018582;0.025648;0.025796;0.0070997;0.0020271;1.2433E-06;0.0020859;0.002061;0.00019546;0.00155;0.025423;0.0038249;0.0019261;0.0013441;0.00039567;0.0014316;0.00076653;0.00071521;0.00029413;0.001497;0.0030381;0.0038264;0.00011353;0.00050738;0.017424;0.0077994;0.00047214;4.0558E-05;0.0003373;0.0051479;0.0017661;0.00071491;0.0032768;0.0017938;7.7286E-05;0.0019319;0.00042525;0.00096515;0.00051474;1.7854E-05;0.00069601;0.0043103;0.000418;0.002492;0.00037515;9.4447E-05;0.0072893;2.2371E-05;0.0022526;9.9559E-05;0.0013779;0.00028587
7;1.1256;0.95033;2;0.85;0.5;50;50;Manhattan(Minimum);0.0014341;0.0045269;0.011428;0.011167;0.0046453;0.012531;0.0084136;0.01755;0.012808;0.012283;0.0032271;0.013866;0.021697;0.018592;0.018517;0.016113;0.010827;0.018487;0.014641;7.6105E-05;0.013303;0.018906;0.018928;0.012554;0.02067;0.012533;0.0077023;0.018404;0.014932;0.0067239;0.0055044;0.00094389;0.019266;0.0036994;0.015314;0.019837;0.01114;0.017812;0.017873;0.014109;0.0066652;0.012561;0.013899;0.017357;0.014466;0.0037669;0.015521;0.0012967;0.0069794;0.0066777;0.0043966;0.01721;0.018435;0.0040611;0.010633;0.0085272;0.0097847;0.010011;0.0083175;0.0093462;0.0035783;0.0042664;0.016055;0.0030581;0.0038247;0.0080522;0.0015316;0.003302;0.014739;0.0080721;0.0061086;0.0048158;0.012953;0.018888;0.012649;0.0050631;0.012633;0.012833;0.006674;0.0036055;0.017161;0.0010782;0.0048491;0.01256;0.011484;0.014424;0.010286;0.0032385;0.01371;0.01032;0.0092258;0.0051174;0.0086054;0.0053437;0.0063328;0.00066667
8;1.1273;0.95179;2;0.85;0.5;50;50;Manhattan(Minimum);0.012089;0.0018499;0.01556;0.0087754;0.0051199;0.010707;0.016889;0.0098165;0.017362;0.0021897;0.011076;0.01001;0.02065;0.013816;0.015966;0.018099;0.013916;0.018282;0.01442;0.0082588;0.011053;0.010382;0.016992;0.01467;0.021039;0.020332;0.007145;0.018123;0.01588;0.00026595;0.007243;0.013494;0.0034359;0.0076984;0.0065073;0.018238;0.0074314;0.006601;0.0088143;0.013946;0.0071342;0.020563;0.015027;0.017992;0.012386;0.0073698;0.016584;0.0096491;0.00087756;0.0040299;0.0082077;0.020824;0.012752;0.0036669;0.0047978;0.0048929;0.011243;0.0047205;0.0176;0.014951;0.0034468;0.0050715;0.016641;0.00788;0.0069893;0.0072416;0.0057649;0.018168;0.011586;0.018621;0.0079729;0.0059054;0.0065651;0.018457;0.0038928;0.0026561;0.009463;0.012856;0.003973;0.005268;0.0063435;0.0023209;0.0043358;0.013063;0.011503;0.010573;0.0055169;0.013215;0.014427;0.0018521;0.0086945;0.0076984;0.016676;0.0095773;0.0037831;0.0025906
9;1.1187;0.94456;2;0.85;0.5;50;50;Manhattan(Minimum);0.0085614;0.010372;0.0057049;0.0039055;0.0029874;0.011933;0.0077129;0.01581;0.018105;0.015972;0.020213;0.0085186;0.021724;0.019692;0.010848;0.0057362;0.019249;0.020998;0.0091982;0.013052;0.01392;0.017636;0.01207;0.0080535;0.019637;0.012791;0.002527;0.0068348;0.0087058;0.0039814;0.0036591;0.011473;0.019723;0.01487;0.0075455;0.015374;0.012194;0.013915;0.0083298;0.016897;0.013043;0.012454;0.020102;0.0034155;0.015384;0.012276;0.0051088;0.0027201;0.0095187;0.0034463;0.0065323;0.021311;0.013818;0.0015257;0.0069442;0.01156;0.0054544;0.016418;0.015323;0.0093839;0.0079889;0.0069384;0.0053241;0.0067235;0.0036323;0.0053454;0.0074338;0.016414;0.014202;0.0069652;0.0036279;0.001865;0.0084388;0.021203;0.0098119;0.0049106;0.0088232;0.0053518;0.0032792;0.0065193;0.020399;0.0071253;0.0035957;0.017731;0.018005;0.012812;0.0040777;0.01963;0.019989;0.00088092;0.0077294;0.00049417;0.011008;0.0086659;0.0044497;0.0024403
10;1.0232;1.0758;2;0.85;0.5;50;50;Manhattan(Median);0.022442;0.014018;0.0051573;0.017163;0.020467;0.022405;0.02276;0.02056;0.021876;0.0064742;0.0091418;0.006608;0.014045;0.016375;0.015391;0.019188;0.022409;0.021556;0.021731;0.019218;0.020103;0.022301;0.0061938;0.021464;0.020866;0.023372;0.01924;0.014387;0.0021758;0.02126;0.021596;0.022716;0.011004;0.019795;0.017457;0.022492;0.010168;0.016679;0.013177;0.017949;0.0224;0.0057639;0.023277;0.014427;0.011238;0.023096;0.0042056;0.016115;0.0014015;0.0020365;0.0034927;0.00051001;0.00083852;0.003562;0.020742;0.001328;0.0032338;0.001759;0.0026503;0.0070531;0.00034445;0.01673;0.000774;0.0097585;0.0013751;0.0035311;0.0042425;0.00063568;0.00095593;0.0044023;0.0027967;0.0042765;0.0021653;0.0013352;0.0044901;0.0058466;0.0020762;0.010234;0.0015733;0.0035604;0.0017513;0.00079063;0.00062171;0.0024966;0.01039;0.0064849;0.016836;0.0010281;0.002003;0.00025135;0.0027756;0.0094281;0.0031267;0.0038044;0.0039745;0.00062148
11;1.0208;1.0733;2;0.85;0.5;50;50;Manhattan(Median);0.013354;0.0038049;0.021032;0.013944;0.0069046;0.02299;0.0071918;0.020905;0.017215;0.018797;0.020094;0.022699;0.017717;0.020819;0.0098173;0.013897;0.021953;0.015338;0.021718;0.021965;0.010624;0.020439;0.02331;0.016283;0.018223;0.021155;0.02163;0.020019;0.0051177;0.01414;0.021464;0.022572;0.020243;0.0055319;0.023448;0.017638;0.020568;0.023333;0.0012966;0.0038526;0.020911;0.0072384;0.022062;0.0031905;0.004393;0.014833;0.0027866;0.012032;0.0074827;0.00064902;0.005831;0.0052289;0.00051712;7.1017E-05;0.0063341;0.0015399;0.002183;0.00029833;0.0041171;0.019764;6.1167E-05;0.0032491;0.0044599;0.013892;0.0038322;0.0024842;0.0017663;0.0022868;0.017464;0.020978;0.0028601;0.0088734;0.016316;0.0028727;0.0059994;0.00092724;0.0012824;0.0018455;0.0013891;0.012238;0.0083042;0.00087287;0.0064369;0.0017305;0.00052061;0.00025781;0.0077288;0.00068216;0.0031377;0.001827;0.0016181;0.0062603;0.018681;0.0052625;0.0046564;0.002436
12;1.0205;1.073;2;0.85;0.5;50;50;Manhattan(Median);0.021249;0.021769;0.015785;0.014946;0.017135;0.0010585;0.021607;0.00033867;0.020022;0.020691;0.021195;0.01789;0.00036099;0.020968;0.019405;0.0015087;0.016569;0.020443;0.021642;0.018477;6.5566E-06;0.019745;0.021296;0.01264;0.0090663;0.021569;0.021288;0.018529;0.0024246;0.010977;0.0018323;0.02155;0.0217;0.020867;0.019434;0.021591;0.01939;0.021652;0.0076488;0.018263;0.015626;0.014729;0.021034;0.012255;0.022077;0.019529;0.0046628;0.018546;0.00068034;0.013758;2.4283E-05;0.010113;0.0018884;0.0023212;0.017916;0.00035282;0.015138;0.0007915;0.0075597;0.01204;0.0020803;0.021365;0.0017059;0.004471;0.0027441;0.0018403;9.9664E-06;0.0016331;0.01969;0.00037486;0.00023946;0.0028262;0.0069247;0.0041684;0.0025238;0.0047857;0.0068712;0.0045236;0.0015019;0.0071345;0.0043519;0.00095322;0.0031785;0.0014494;0.00015259;0.012628;0.0030329;0.0014432;0.010784;0.00867;0.0049902;0.0042285;0.0076448;0.003223;2.4435E-05;0.00026102
13;1.1271;1.0006;2;0.85;0.5;50;50;Manhattan(MinimumTimesMedian);0.006408;0.021317;0.013254;0.021181;0.014406;0.0037607;0.0087055;0.01958;0.0042369;0.015568;0.0064718;0.0085022;0.015045;0.0082319;0.019426;0.010963;0.022;0.0087249;0.010498;0.0059609;0.010502;0.015348;0.003972;0.016862;0.021081;0.01439;0.014377;0.012542;0.010985;0.010741;0.018721;0.020006;0.01546;0.0052397;0.019309;0.020299;0.012225;0.012207;0.010668;0.0051282;0.013517;0.002166;0.019187;0.021461;0.015744;0.008242;0.0013196;0.020008;0.0042126;0.0050701;0.0075646;0.018326;0.010835;0.0024217;0.0076242;0.0033637;8.4825E-05;0.0032513;0.014256;0.018201;0.00065568;0.0015168;0.013098;0.011797;0.00075311;0.0039479;0.0068206;0.018323;0.019715;0.017694;0.0066883;0.0026427;0.0098242;0.021774;0.00054302;0.012841;0.0033157;0.005062;0.0053254;0.0038478;0.00088025;0.0070811;0.0042958;0.020286;0.0032261;0.0086643;0.0046973;0.0049437;0.0058594;0.013265;0.0066318;0.010832;0.014934;0.0025415;0.012621;0.0018991
14;1.1324;1.0053;2;0.85;0.5;50;50;Manhattan(MinimumTimesMedian);0.012346;0.011971;0.0080873;0.013168;0.0023591;0.012623;0.012961;0.017275;0.0096838;0.020006;0.020102;0.019263;0.020361;0.0061279;0.015565;0.019928;0.016592;0.0069289;0.015626;0.0054438;0.015044;0.016824;0.0044816;0.016218;0.018707;0.012761;0.0037432;0.0081317;0.014374;0.002613;0.010575;2.8606E-06;0.013623;0.0033558;0.014772;0.018302;0.0090431;0.014521;0.010026;0.01742;0.0086394;0.018235;0.0075742;0.01941;0.01887;0.011747;0.015698;0.010902;0.0060874;0.0062606;0.011218;0.017647;0.0036402;0.0055098;0.0045668;0.004544;0.0054409;0.016378;0.018335;0.01616;0.0056725;0.014225;0.019637;0.0027359;0.0022572;0.0036737;0.0048282;0.0102;0.017864;0.015375;0.00048786;0.0037504;0.0051733;0.020096;0.0018192;0.020198;0.010619;0.0038075;0.00093136;0.0041442;0.010472;0.00026777;0.006254;0.014;0.014283;0.0061886;0.0065455;8.834E-05;0.01796;0.0071329;0.0078264;0.0018427;0.0098897;0.003141;0.004012;0.0047828
15;1.1314;1.0044;2;0.85;0.5;50;50;Manhattan(MinimumTimesMedian);0.0050492;0.013244;0.0069774;0.018197;0.0029999;0.0027484;0.01029;0.0080354;0.019841;0.013236;0.011559;0.011449;0.018546;0.013152;0.021488;0.0034137;0.022551;0.02073;0.019799;0.0099807;0.00027059;0.0061387;0.0072214;0.0039661;0.0211;0.020905;0.013065;0.015384;0.021506;0.0080188;0.015364;0.022076;0.023612;0.0020047;0.021242;0.019693;0.012956;0.011905;0.011482;0.00092628;0.0047371;0.021294;0.017521;0.010799;0.015375;0.01731;0.013409;0.0063383;0.0049986;0.0086015;0.0079134;0.021803;0.0066514;0.0054002;0.0022798;0.0025227;0.0022796;0.01414;0.012003;0.015926;0.0047056;0.0017903;0.00069471;0.011168;0.0081868;0.012881;0.0045745;0.0017973;0.01315;0.0044755;0.0072322;0.0037748;0.0044548;0.023585;0.0068025;0.018959;0.0077554;0.010516;0.0053787;0.009036;0.0076816;0.0016177;0.0046742;0.0068162;0.0096194;0.013236;0.010125;0.0028173;0.012081;0.0045485;0.0055303;0.0026353;0.01155;0.0066063;0.0076141;0.0085036
16;1.0247;1319.1;2;0.85;0.5;50;50;Manhattan(Summation);0.024105;0.011999;0.027819;0.025905;0.026657;0.015544;0.022549;0.028267;0.026073;0.002046;0.026232;0.026679;0.026491;0.021373;0.01903;0.024689;0.023076;0.010996;0.027727;0.027736;0.007131;0.02122;0.010935;0.0027384;0.022942;0.02806;0.017608;0.017592;0.01104;0.026225;0.028445;0.024848;0.026703;0.017693;0.021654;0.0062049;0.0039213;0.025612;0.023815;0.0071745;0.027348;0.010457;0.0028326;0.012028;0.02772;0.013435;0.027849;0.016785;0.002697;0.00035579;0.0016497;0.0078452;0.00051823;0.001113;0.0016791;0.0013373;0.0013751;0.00046557;0.0010661;0.0022248;0.0013052;0.0011338;0.00092931;0.0012411;0.0010234;0.00022706;0.0037949;0.00094034;0.005117;0.0024811;0.0002831;4.6007E-05;0.0022303;0.0020885;0.00047716;0.00081608;0.00036894;0.0031399;0.00051055;0.00060625;0.00029005;0.0039578;0.0001429;0.00019085;0.00071951;0.0002215;0.00053715;0.00064677;0.0016029;0.00051284;0.0018876;0.0014876;0.0001228;0.00038984;0.00036553;0.0008301
17;1.0233;1317.2;2;0.85;0.5;50;50;Manhattan(Summation);0.010405;0.02574;0.0044052;0.016784;0.0098059;0.00618;0.022019;0.021966;0.0077434;0.021845;0.025688;0.023235;0.024556;0.019624;0.015381;0.0039037;0.0092493;0.020768;0.025192;0.024784;0.022309;0.023343;0.022667;0.023014;0.02472;0.025844;0.024789;0.017803;0.015485;0.023067;0.02516;0.020726;0.022001;0.012604;0.014191;0.017822;0.025343;0.025208;0.016712;0.0078449;0.022569;0.018977;0.020456;0.025301;0.0043381;0.01343;0.025986;0.021421;0.0017728;0.00032446;0.0089256;0.0018849;0.0015692;0.0011475;0.0094836;0.0006763;0.0003152;0.0012048;0.00066685;0.0090313;0.0004519;0.0036194;0.0013903;0.0040161;3.4195E-05;0.00098266;0.00020916;0.00061965;0.004244;0.00042623;0.0011983;0.0031041;0.0008094;0.00024697;0.0022408;0.001154;0.0010594;0.0023078;0.0025087;0.0035649;0.0016896;0.0001357;0.0037224;0.00013997;0.0025176;0.00109;0.00098519;0.0016214;0.001202;0.0012242;0.00027763;0.0033601;0.0025372;0.0012086;0.002998;0.0016931
18;1.0238;1317.8;2;0.85;0.5;50;50;Manhattan(Summation);0.02412;0.02294;0.015447;0.024928;0.0056994;0.00054046;0.011338;0.0069217;0.025368;0.014899;0.018429;0.020545;0.024262;0.026307;0.024435;0.022027;0.018247;0.018823;0.026474;0.020641;0.024412;0.019042;0.0094515;0.023159;0.022759;0.025879;0.0090846;0.024222;0.016209;0.024397;0.024695;0.026064;0.0080375;0.021117;0.019208;0.023839;0.015425;0.020902;0.010031;0.003012;0.023421;0.019132;0.017444;0.015757;0.011783;0.017432;0.02384;0.021638;0.00012574;2.202E-05;0.0025559;0.0015436;0.0013087;0.0014407;0.0048472;0.00029699;0.0045732;0.0010315;0.00175;0.019939;0.00084754;0.0009898;0.0012247;0.0076073;0.00087264;0.0027732;0.0021499;0.00027488;0.011827;0.0043486;0.00046701;0.00068947;0.0042177;0.0019569;0.00031115;0.0011699;0.00011335;0.001823;0.00063441;0.0024144;0.00076099;0.00069279;0.00029108;0.0010941;0.00097611;0.0019633;0.0008459;0.003317;0.00020906;0.0017557;0.0012007;0.00099643;0.0036958;0.00029979;8.3423E-05;0.0018858
19;1.7333;0.25202;2;0.85;0.5;50;50;Euclidean(Average);0.0012883;0.00046872;0.0038174;0.0086549;0.0011754;0.0021927;0.044001;0.0011002;2.213E-06;0.00065347;0.0019004;0.00059728;0.0051546;2.557E-05;0.0079278;0.0017466;0.044106;0.00056271;0.0015676;0.0021725;0.045431;0.0032879;0.0025162;0.034389;0.0024134;0.00070744;0.0019279;0.00041311;0.0074758;0.0016677;0.044951;0.0015909;0.0028601;0.0066296;0.00075806;0.01298;0.041683;0.00045325;0.040188;0.0016383;0.044044;0.0013902;0.003111;0.002364;0.00079235;0.02543;0.01019;0.003011;0.0046519;0.00077773;0.0012818;0.0013087;0.00073749;0.041061;0.041484;0.010636;0.00085324;0.00047872;0.0080151;0.044068;0.0023679;0.0031835;0.00042937;0.042306;0.0078794;0.0013701;0.0097637;0.039928;0.001009;0.0032051;0.0027752;0.0022205;0.00039005;0.017911;0.0038696;0.012795;0.00034479;0.00057299;0.0032572;0.014416;0.0013023;0.0038689;0.044986;0.0041139;0.001282;0.0042576;0.028007;0.0094497;0.0025014;0.036905;0.0015012;0.007361;0.0035563;0.0081824;0.043674;0.00029214
20;1.7649;0.25661;2;0.85;0.5;50;50;Euclidean(Average);0.0039787;0.0001183;0.0016159;0.004168;0.042116;0.0023651;0.00095866;0.00077315;0.022335;0.00023873;0.00050917;0.0019822;0.0075437;0.0053039;0.0057606;0.0024234;0.00078097;0.00087655;0.0055783;0.0081382;0.0020618;0.00076101;0.046676;0.0049399;0.047559;0.00086452;0.035356;0.00032189;0.0084827;0.045102;0.00036765;0.0031882;0.00040824;0.00018076;0.0012864;0.015265;0.0051907;0.0049213;0.01058;0.0012364;0.0021454;0.0026787;0.00032638;0.0027198;0.0022258;0.0074224;0.002286;0.043267;0.0012255;0.0019152;0.03059;0.0010606;0.0014679;0.013995;0.044092;0.0010013;0.0040493;0.00068475;0.0033261;0.010478;0.0096457;0.002047;0.0033648;0.00055398;0.0020328;0.00018475;0.00095557;0.0003689;0.043698;0.029244;0.001442;0.0012326;0.047683;0.00074928;0.00092487;0.00070093;0.035169;0.00073325;0.00089915;0.00077289;0.0036285;0.014546;0.043556;0.00022122;0.047615;0.00063302;0.042771;0.00072876;0.0066941;0.0021277;0.037225;0.0013223;0.031428;0.044146;0.010407;0.0012775
21;1.7613;0.25608;2;0.85;0.5;50;50;Euclidean(Average);0.0013207;0.00015276;0.0021943;0.004955;0.044955;0.0038207;0.0010449;0.0039106;0.00026882;0.0038744;0.0027425;0.00044619;0.0026186;0.033305;0.0050237;0.011694;0.00014741;0.0036873;0.00082015;0.0054263;0.0030066;0.011978;0.011659;0.044631;0.00065144;8.5553E-05;0.0039475;0.036819;0.042522;0.0024049;0.0012622;0.00062087;0.0072332;0.0067848;0.0048223;0.0021749;8.1571E-06;0.043385;0.00047677;0.00072835;0.043246;0.00063861;0.0033314;0.0028887;0.0019366;0.037334;0.0009908;0.033121;0.0015982;0.00070565;0.042498;0.00044545;0.045028;0.044837;0.0014124;0.00070669;0.0033421;0.00021655;0.014047;0.0027735;0.002379;0.046202;0.044143;0.045449;0.0053129;0.0013381;0.036741;0.0013548;0.0020088;0.00036932;0.0046616;0.001894;0.0065766;0.0018248;0.0010536;0.00077049;0.0095779;0.0027826;0.0016424;0.0051579;0.0049293;0.042477;0.041189;0.0012592;0.0046867;0.010852;0.00016106;0.0020576;0.0057249;0.00068501;0.0069723;0.0044372;0.0020244;0.00012941;0.0011168;0.01135
22;1.7569;0.25473;2;0.85;0.5;50;50;Euclidean(GeometricAverage);0.0015902;0.044562;0.0058435;0.0025901;0.00064026;0.0012039;0.0016884;0.0029619;0.0010405;0.00072435;0.00027244;0.0018844;0.026519;0.0019624;6.7725E-05;0.00011975;0.043667;0.0076607;0.010999;0.0032226;0.045508;0.045733;0.00046731;0.0091797;0.0028698;0.0066185;0.036821;0.0024109;0.0013772;0.0014117;0.0082188;0.00067598;0.011527;0.0004337;0.045459;0.001041;0.00073902;0.00012396;0.0037856;0.0054311;0.00048094;0.00060726;0.0081255;0.00051214;0.0014382;0.00093201;0.044278;0.0007799;0.041834;0.0072202;0.00047807;0.0035839;0.00098391;0.0043284;0.00080776;0.046175;0.0049766;0.00071117;0.0040468;0.04709;0.0039948;0.00063605;0.00066623;0.018004;9.6937E-05;0.00066142;0.0016686;0.0006525;0.00013841;0.0097732;0.0073512;0.0020196;0.0001088;0.035886;0.0051866;0.00024621;0.041829;0.0049308;0.0021804;0.03832;0.00016485;0.001129;0.046144;0.046254;0.0065301;0.0040876;0.0039094;0.0039534;0.043653;0.00077187;0.029582;0.004501;0.0020095;0.0087723;0.0013809;0.014366
23;1.7556;0.25454;2;0.85;0.5;50;50;Euclidean(GeometricAverage);0.001605;0.00066256;0.0014943;0.0019055;0.014834;0.0048171;0.046254;0.0011909;0.0030716;0.00068298;0.002418;2.3058E-07;0.011158;0.0075211;0.045417;0.0013813;0.038366;0.041562;0.0011676;0.0034508;0.0028853;0.00039315;0.0011259;0.0016551;0.0027243;0.0021003;0.044261;0.0024061;0.0058216;0.047654;0.0006002;0.0092688;0.0055318;0.014087;0.00028423;0.0033299;0.0021061;0.0014479;0.044929;0.0007865;0.0025508;0.023805;0.0018313;0.0018791;0.0021612;0.0097984;0.0088695;0.0013857;0.0068239;6.9848E-05;0.00098953;0.0052044;0.046537;0.028513;0.0013423;0.0025474;0.029279;0.00094294;0.042701;0.0029529;0.0012191;0.0012557;0.0047734;0.00074681;0.0025421;0.00086227;0.00078125;0.0090284;0.0020284;0.042175;0.0031166;0.043063;8.6539E-05;0.046675;0.0023507;0.046074;0.0003561;0.0036577;0.0022073;0.007487;0.00019185;0.0098562;0.0016033;0.047265;0.0080788;0.0023602;0.0028953;0.00084618;0.0055621;0.00042617;0.00046852;0.047893;0.0044762;0.00045532;0.0034245;0.0011699
24;1.7327;0.25122;2;0.85;0.5;50;50;Euclidean(GeometricAverage);0.035741;0.044515;0.00054717;0.0056539;0.0016846;0.0019452;0.029002;0.0025526;0.043448;0.042054;0.0012644;0.0038192;0.001172;0.0020171;0.0016274;0.0014301;0.0046345;0.00088757;0.0011771;0.0020395;0.045167;0.0094098;6.2886E-06;0.003004;0.01057;0.027054;0.0021992;0.043699;0.00067651;0.0036336;0.00077995;0.0010174;0.015012;0.00021388;0.0036638;0.00075615;0.042736;0.00055513;0.00069609;0.045199;0.0038587;0.0045679;0.040314;0.0039979;0.008988;0.0020829;0.0051242;0.0025693;0.0030391;0.0017274;0.0053386;0.036091;0.0010303;0.0043664;0.0027913;0.00049053;0.00244;0.0069849;0.043722;0.008377;0.00052309;0.034119;0.00068383;0.007302;0.0053302;0.045088;0.00099035;0.00096377;0.043938;0.0006748;0.00012214;0.0073017;0.0019478;5.4591E-05;0.0013693;0.0013253;0.00072876;0.0016455;0.0409;0.00090336;0.0021619;0.01212;0.011099;0.039621;0.0015447;0.0013567;0.0012203;0.0013809;0.021202;0.0011072;0.00067985;0.0012533;0.00078502;0.032053;0.0043561;0.00098358
25;1.4979;0.15312;2;0.85;0.5;50;50;Euclidean(Minimum);0.00092367;0.022014;0.026126;2.0227E-07;0.0028298;0.019844;0.0033467;0.0055622;0.0018623;0.022281;0.024043;0.0038139;0.00042652;2.7339E-05;0.0013792;0.021497;0.025021;0.013905;0.006408;0.0032884;0.002952;0.0097259;0.023127;0.025357;0.022868;0.00081931;0.0064665;0.025228;0.024446;0.025029;0.0041065;0.01309;0.002285;0.00090124;0.021625;0.0014111;0.0011753;0.0034627;0.024539;0.0085316;0.00024585;0.0019809;0.00038824;0.022427;0.0002077;0.02255;0.0002141;0.025543;0.015554;0.0029474;0.013172;0.026373;0.00025798;0.024432;0.025469;0.00098342;0.004426;0.00071768;0.0024118;0.00036722;0.0070036;0.0058791;0.005729;0.0060976;0.005999;0.023632;0.0055695;0.010174;0.022594;0.026122;0.00091847;0.00045974;9.5822E-05;0.020054;0.022699;0.025761;0.010299;0.0030225;0.022563;0.0087184;0.0015053;0.01102;0.00031764;0.00065875;0.0010133;0.02328;0.024154;0.0050537;0.0043297;0.00094458;0.020777;0.00064291;0.020945;0.0020898;0.00128;0.0061826
26;1.4917;0.15249;2;0.85;0.5;50;50;Euclidean(Minimum);0.0015803;0.026372;0.00023935;0.0038895;0.027028;0.0013283;0.0014246;0.00069851;0.0066417;0.026166;0.026395;0.0057353;0.00072513;0.027042;0.00096644;0.024466;0.012823;0.025933;0.0014841;0.0020929;0.026795;0.0052904;0.022023;0.00035803;0.019691;0.026684;0.008474;0.013913;0.020545;0.0006983;0.016556;0.024992;0.0036198;0.0052778;0.0032993;0.026135;0.00086736;0.025435;0.013085;0.0019816;0.021421;2.6581E-05;0.005454;0.025013;0.00029078;0.0028346;0.025426;0.00058719;0.016193;0.00013041;0.022353;0.024774;0.0044945;0.024053;0.024772;0.0069511;0.001125;0.0041115;0.0026212;0.00058151;0.0082588;0.0085158;0.026011;0.026633;0.00050506;0.0010185;0.011105;0.0018224;2.3939E-05;0.00096616;0.00024598;0.002168;0.0034251;0.022356;0.0036098;0.0016411;0.018369;0.0021576;0.00079768;0.00085888;0.019477;0.010493;0.0019476;0.020941;0.010637;0.00028208;0.024025;0.00094637;0.025054;0.0023693;0.007498;0.0015598;0.0013262;0.025395;0.0039708;0.0016247
27;1.4554;0.14878;2;0.85;0.5;50;50;Euclidean(Minimum);0.00096931;0.015547;0.00044308;0.016156;0.024142;0.016304;0.011632;0.023684;0.0013056;0.0081157;0.025052;0.022509;0.00024661;0.0095249;0.0069834;0.021677;0.0044731;0.02387;0.0028902;0.013922;0.020624;0.016131;0.021751;0.0030947;0.015271;0.0016066;0.0022021;0.024861;0.021313;0.023061;0.024618;0.011045;0.0023122;0.0026487;0.003419;0.011649;0.0070464;0.0010158;0.022357;0.020459;0.002164;0.0071847;0.0081717;0.020359;0.0019323;0.010959;0.02489;0.022475;0.010589;0.0010905;0.011631;0.022791;0.016059;0.0022314;2.7916E-05;0.00097568;0.0038057;0.0036068;0.022534;0.011224;0.0015322;0.0024858;0.021799;0.01133;0.0061705;0.0022722;0.0047641;0.025233;0.022854;4.4399E-05;0.0049171;2.2932E-05;0.00026009;0.02032;0.0036934;0.0008156;0.00083041;0.00078679;0.00079813;0.0006466;0.00056958;0.010666;0.023971;0.023369;0.0015443;0.0012125;0.0006163;6.8127E-05;0.012006;0.022814;0.022838;0.020289;0.0080561;0.0045687;0.002428;0.0027719
28;1.7618;0.25539;2;0.85;0.5;50;50;Euclidean(Median);0.0037542;0.045997;0.048412;0.00013314;0.0023671;0.0045873;0.00011066;0.0010681;0.0038562;0.0029092;0.0047579;0.001777;0.004889;0.0041031;0.0060907;0.00014318;0.00011316;0.0016886;0.0025731;0.048036;0.0014108;0.031631;0.00072255;0.0014294;0.001238;0.00078392;0.0025958;0.0045981;0.0018292;0.0092499;0.00071373;0.0035955;7.6706E-05;0.042848;0.00020709;0.0020839;0.0027559;0.0088864;0.0055094;0.0011201;0.0011177;0.0085846;0.0039426;3.512E-05;0.036631;0.035474;0.0016587;0.0014879;0.00076267;0.00050922;0.0038126;0.0011486;0.0001549;0.00090165;0.0057916;0.04074;0.0019071;0.048709;0.0042739;0.0030669;0.0059283;0.0021232;0.0039342;0.011331;0.0020679;0.01127;0.031775;0.026671;0.0063005;4.5502E-05;0.00030468;0.0012672;0.039154;0.0063485;0.019692;0.0059804;0.0011103;0.048832;0.010498;0.0020185;0.01111;4.4898E-05;0.047059;0.040424;0.01974;0.0006021;0.0012472;0.047453;0.0012822;0.0058353;0.0012934;0.0021656;0.00090842;0.0021204;0.043263;0.027438
29;1.7658;0.25597;2;0.85;0.5;50;50;Euclidean(Median);0.0017363;0.00055201;0.0022682;0.0032236;0.0015714;0.0002175;0.03978;0.00060008;0.0025844;0.041431;0.0015527;0.0010911;0.010926;0.001409;0.0068695;0.0042557;0.0037038;2.0355E-05;0.0010443;0.01345;0.0015018;0.00066657;0.0045081;0.00012888;0.043702;0.036557;0.00063417;0.00087426;0.0015672;0.028484;0.0043401;0.0047568;0.00064191;0.042092;0.00040069;0.0046754;0.0017626;0.0024111;0.041042;0.0017325;0.00035642;0.0051089;0.0030099;0.0062921;0.00203;0.03381;0.00021057;0.00075295;0.021515;0.00095302;0.038359;0.044174;0.0078082;0.001052;0.00098593;0.040882;0.0070339;0.0018783;0.00031951;0.0043798;0.0095454;0.009114;0.01572;0.0033191;0.043104;0.0091716;0.04278;0.0034533;0.00085234;0.04432;0.0010053;0.0078058;7.8957E-05;0.0019657;0.043521;0.00099947;0.0021449;0.00044091;0.0011489;0.041808;0.001413;0.00088265;0.0026314;0.0016202;0.001697;6.7349E-05;3.6382E-05;0.038359;0.0019447;0.0009069;0.037529;8.4531E-05;2.0215E-05;0.043429;0.0037495;0.0016522
30;1.6771;0.2431;2;0.85;0.5;50;50;Euclidean(Median);0.03477;0.00089857;0.025669;0.001469;0.029575;0.0030087;0.032909;0.0015098;0.00029324;0.0023589;0.0046672;0.038283;0.0010954;0.014366;0.037015;0.0015944;0.0022848;0.0004202;0.00083814;0.0011314;0.028834;0.00086984;0.00099793;0.0017794;0.0066789;0.00086194;0.0010087;0.0059851;0.002071;0.00090704;0.0088404;0.0067466;1.8195E-05;0.0005848;0.035245;0.038006;0.035654;7.1959E-05;0.0029803;0.037658;0.0017528;0.001308;0.0048965;0.037813;0.00076445;0.015354;0.036589;0.038319;0.037421;0.00090973;0.0001317;0.0036934;0.0012513;0.00055776;0.0051932;0.0036699;0.0041884;0.00036373;0.00012108;0.0024423;0.0002876;0.031877;0.0040374;0.0027279;0.001694;0.032913;0.0019773;0.03128;0.035805;0.0012018;0.00063668;0.0057745;0.0001851;0.00066428;0.024319;0.0029321;0.00014277;0.0022139;0.00070377;0.0042698;0.00056152;0.03732;0.0027569;0.02662;0.0038402;0.0014135;0.0024978;0.036415;0.00026213;0.00089889;0.0038707;0.0052979;0.03564;0.0032673;0.0056196;0.0013806
31;2.0301;0.030082;2;0.85;0.5;50;50;Euclidean(MinimumTimesMedian);0.0001174;0.028667;0.0070673;0.018165;0.029585;0.009679;0.00016251;0.012989;0.0007918;0.027538;0.030021;0.0012187;0.00050189;0.024631;0.00047771;0.0077881;0.00037134;0.030337;0.0063504;0.024731;0.0010851;0.030649;0.0020999;0.00011594;0.006539;0.0025188;0.030441;0.026962;0.026993;0.026388;0.0011027;0.024926;0.00084269;0.024411;0.0062602;0.0039212;0.00059579;2.7847E-05;0.004527;0.012013;0.0018711;0.00049512;0.0051833;0.00106;0.013681;0.0045731;0.0086524;0.0057829;0.0010055;0.0021601;4.294E-05;0.029071;0.0047682;0.012045;0.029808;0.022451;0.0014378;0.009566;0.0025302;0.028474;0.023612;0.0050769;0.00026185;0.0016093;0.00013889;0.0019906;0.004879;0.012915;0.0075996;1.6337E-05;0.0053881;0.00077755;0.0028555;0.024062;0.011951;6.278E-06;0.0087667;0.00042094;0.011891;0.029626;0.0051862;0.0060488;0.013268;0.024528;0.008084;0.025835;0.01512;0.028392;2.8693E-05;0.00075346;0.0031455;0.0057741;0.0018875;0.028904;0.00088266;4.9246E-05
32;2.1627;0.032047;2;0.85;0.5;50;50;Euclidean(MinimumTimesMedian);0.0010533;0.029368;0.0027396;0.0021146;0.0031171;0.021326;0.00023083;0.026836;0.012364;0.029941;0.0026433;0.0016525;9.6507E-05;0.029596;0.0049422;0.0019459;0.0013596;0.0010939;0.029621;0.025634;0.001471;0.02167;0.00018507;0.006692;0.00064966;0.0038076;0.00031581;0.002471;0.016869;0.00039206;0.0032202;0.0015619;0.027122;0.01149;0.002213;0.030738;0.014513;0.0017099;0.030535;0.0088983;0.0033205;0.026778;0.017794;0.0013337;0.02876;0.02271;0.00132;0.018633;0.0048669;0.015133;0.027793;0.028595;0.0032693;0.0027665;0.030265;5.6136E-05;0.00062755;0.0020796;0.028746;0.0034283;0.00067831;0.0052699;0.00016522;0.0016566;0.028789;0.010458;0.02161;9.3451E-05;0.023339;0.0012696;0.0017175;0.0006545;0.0019374;0.026269;0.010443;0.0024194;0.0030288;0.011493;0.0018956;0.005235;0.0090995;0.0016893;0.0074976;0.020092;0.0029809;0.026688;0.00020255;0.028085;0.019273;0.0039683;0.00022038;0.003237;0.00048922;0.0064357;0.025625;0.0035201
33;2.4526;0.036343;2;0.85;0.5;50;50;Euclidean(MinimumTimesMedian);0.0023026;8.7875E-05;0.0094902;0.00013724;6.2252E-05;0.0075543;0.02584;0.0027582;0.01771;0.0016457;0.0018154;0.0042829;0.032388;0.032664;0.00062856;0.0016131;0.029918;0.0019102;0.00022012;0.033048;0.0020671;0.029195;1.226E-05;0.00026578;0.028251;0.004355;0.02929;0.0014106;0.00044519;0.015523;0.00095304;0.0025497;0.032149;0.031839;0.031264;0.024907;0.0019866;0.00042039;0.020132;0.00098707;0.0010852;4.7725E-05;0.032915;0.012245;0.03276;0.0032073;0.004558;0.00059533;0.021132;0.0015839;0.033108;0.026032;0.0056392;0.0031193;0.03283;0.0031411;0.00061459;0.025073;0.00054704;0.004986;0.0037534;0.002054;0.032659;0.0060859;0.00041573;0.0010641;0.016791;0.00083618;5.6774E-05;1.3926E-05;0.00010959;0.00020481;0.023518;0.031111;0.00088856;0.020893;0.027057;0.030627;0.00055601;0.0003882;0.0028029;0.0007493;0.026279;0.0072654;0.0004273;0.02912;0.0019289;0.0073909;0.0007572;0.00098757;0.0053251;0.00052178;0.0042519;0.0022927;0.0010394;0.00047767
34;1.7246;307.16;2;0.85;0.5;50;50;Euclidean(Summation);0.00074009;0.0086446;0.0019019;0.0023026;0.043822;0.046165;0.0031389;0.0041182;0.0028619;0.0029234;0.00086508;0.047239;0.0466;0.0033059;0.00029384;0.0017371;0.0087924;0.0087124;0.0030978;0.0034748;0.0042;0.00028926;0.0024003;0.00077346;0.0037974;0.018163;0.002987;0.001214;0.0063658;0.040029;0.037759;0.0016254;0.00040649;0.018444;0.0022651;0.00044723;0.00068178;0.00037226;0.0054282;0.00085511;0.047241;0.046464;0.0027291;9.8837E-06;0.0021864;0.00030951;0.0024422;0.043585;0.00025758;0.046903;0.001143;0.0017088;0.003619;0.0032433;0.0071169;0.015745;0.0013508;0.0072467;2.3804E-05;0.038442;0.00020408;0.0066218;0.013329;0.0014366;0.0027117;0.0017135;0.031402;0.0057095;0.00024509;0.0037574;0.0067575;0.010548;0.0062763;0.0010424;0.002546;0.00044871;0.00013283;0.0047599;0.037333;0.00068962;0.00037451;0.0021755;0.0070161;0.017179;0.0025385;0.0028945;0.0030783;0.023966;0.011178;0.0036982;0.024674;0.0098778;0.04564;0.045048;0.001284;0.00070706
35;1.7015;303.06;2;0.85;0.5;50;50;Euclidean(Summation);0.0010042;0.007475;0.010012;0.003358;0.00082909;0.00088891;0.0058517;0.00082222;0.0016548;0.0021689;0.0036129;0.0073456;0.038551;0.0066748;0.0021439;0.0014098;0.044103;0.0031457;0.0055666;0.0034629;0.0025375;0.0014962;0.0073558;8.2399E-05;0.00048257;0.00067256;0.04604;0.0073823;0.00061512;0.0069003;7.0508E-05;0.02015;0.0073823;0.0070932;0.037411;0.0037614;0.041251;0.011876;0.041289;0.00412;0.032433;0.00041413;0.0078032;0.0036312;0.0028093;0.0074831;0.019814;0.045925;0.0016105;0.0095365;0.044852;0.00054198;0.0029178;0.0081369;0.0036163;0.001286;0.0027094;0.0013014;0.0018136;0.00049217;0.0028714;0.0031058;0.0091567;0.044435;0.042537;0.0020025;0.0001361;0.00040681;0.046079;0.0020486;3.8065E-05;0.00094835;0.0019861;0.0024045;0.0044722;0.043149;0.0028754;0.0076732;0.0071036;0.0007859;0.0027671;0.0034918;0.0074199;0.00094347;5.4441E-05;0.022187;0.0022237;0.045578;0.0072993;0.00092159;0.00065285;0.017004;0.045972;0.0064749;0.0030362;0.012579
36;1.7649;314.36;2;0.85;0.5;50;50;Euclidean(Summation);0.00065687;0.0025467;0.00086301;0.0036833;0.0023483;0.047045;0.0049696;0.0013597;0.0017959;0.04097;0.00098291;0.0025488;0.0029205;0.047778;0.00011081;0.0046138;0.04579;0.041523;0.0039657;0.0076155;0.0019927;0.0017213;0.002524;0.0043817;0.00034635;0.0023763;0.0063065;0.013108;0.0047553;9.7317E-05;0.00055731;0.0092496;0.0069923;0.046408;0.0013107;0.0034333;0.00016103;0.0059992;0.0028665;0.0047845;0.0050751;0.002904;0.011527;0.0028165;0.044096;0.011028;0.046207;0.016024;0.013325;0.00052642;0.0002042;0.00050722;0.0059041;0.00042337;0.0070114;0.037327;0.0024446;0.00037027;0.038706;0.00032392;0.0035062;0.0071747;0.00093402;0.0036895;0.046188;0.00035647;0.0040955;0.046578;3.9533E-05;0.0014366;0.0016341;0.0061646;0.00046319;0.0023311;0.0020984;0.0022963;0.046385;0.00095863;0.0052209;0.041918;0.0011926;0.044133;0.004003;0.044597;0.0066034;0.011636;0.00024127;0.0089109;0.0068052;0.0013845;0.0040611;0.00042843;0.006315;0.0011448;0.0011084;0.0037573
differential evolutions parameters, by distance
i;dDE / dP;distance;type;parentWeight;crossover;population;iterations;distance;weights ->
1;1.0205;1.073;2;0.85;0.5;50;50;Manhattan(Median);0.021249;0.021769;0.015785;0.014946;0.017135;0.0010585;0.021607;0.00033867;0.020022;0.020691;0.021195;0.01789;0.00036099;0.020968;0.019405;0.0015087;0.016569;0.020443;0.021642;0.018477;6.5566E-06;0.019745;0.021296;0.01264;0.0090663;0.021569;0.021288;0.018529;0.0024246;0.010977;0.0018323;0.02155;0.0217;0.020867;0.019434;0.021591;0.01939;0.021652;0.0076488;0.018263;0.015626;0.014729;0.021034;0.012255;0.022077;0.019529;0.0046628;0.018546;0.00068034;0.013758;2.4283E-05;0.010113;0.0018884;0.0023212;0.017916;0.00035282;0.015138;0.0007915;0.0075597;0.01204;0.0020803;0.021365;0.0017059;0.004471;0.0027441;0.0018403;9.9664E-06;0.0016331;0.01969;0.00037486;0.00023946;0.0028262;0.0069247;0.0041684;0.0025238;0.0047857;0.0068712;0.0045236;0.0015019;0.0071345;0.0043519;0.00095322;0.0031785;0.0014494;0.00015259;0.012628;0.0030329;0.0014432;0.010784;0.00867;0.0049902;0.0042285;0.0076448;0.003223;2.4435E-05;0.00026102
2;1.0208;1.0733;2;0.85;0.5;50;50;Manhattan(Median);0.013354;0.0038049;0.021032;0.013944;0.0069046;0.02299;0.0071918;0.020905;0.017215;0.018797;0.020094;0.022699;0.017717;0.020819;0.0098173;0.013897;0.021953;0.015338;0.021718;0.021965;0.010624;0.020439;0.02331;0.016283;0.018223;0.021155;0.02163;0.020019;0.0051177;0.01414;0.021464;0.022572;0.020243;0.0055319;0.023448;0.017638;0.020568;0.023333;0.0012966;0.0038526;0.020911;0.0072384;0.022062;0.0031905;0.004393;0.014833;0.0027866;0.012032;0.0074827;0.00064902;0.005831;0.0052289;0.00051712;7.1017E-05;0.0063341;0.0015399;0.002183;0.00029833;0.0041171;0.019764;6.1167E-05;0.0032491;0.0044599;0.013892;0.0038322;0.0024842;0.0017663;0.0022868;0.017464;0.020978;0.0028601;0.0088734;0.016316;0.0028727;0.0059994;0.00092724;0.0012824;0.0018455;0.0013891;0.012238;0.0083042;0.00087287;0.0064369;0.0017305;0.00052061;0.00025781;0.0077288;0.00068216;0.0031377;0.001827;0.0016181;0.0062603;0.018681;0.0052625;0.0046564;0.002436
3;1.0226;1.0736;2;0.85;0.5;50;50;Manhattan(GeometricAverage);0.017424;0.015491;0.016102;0.016157;0.014943;0.015629;0.014913;0.0030198;0.017459;0.010154;0.026185;0.0039348;0.022057;0.017363;0.025044;0.019256;0.022768;0.025743;0.021528;0.021382;0.02193;0.0095038;0.019192;0.0035105;0.016327;0.025351;0.023203;0.017267;0.025157;0.025705;0.02473;0.013258;0.0092182;0.024645;0.019861;0.024327;0.021399;0.010794;0.015131;0.025346;0.021669;0.025922;0.02423;0.013204;0.018582;0.025648;0.025796;0.0070997;0.0020271;1.2433E-06;0.0020859;0.002061;0.00019546;0.00155;0.025423;0.0038249;0.0019261;0.0013441;0.00039567;0.0014316;0.00076653;0.00071521;0.00029413;0.001497;0.0030381;0.0038264;0.00011353;0.00050738;0.017424;0.0077994;0.00047214;4.0558E-05;0.0003373;0.0051479;0.0017661;0.00071491;0.0032768;0.0017938;7.7286E-05;0.0019319;0.00042525;0.00096515;0.00051474;1.7854E-05;0.00069601;0.0043103;0.000418;0.002492;0.00037515;9.4447E-05;0.0072893;2.2371E-05;0.0022526;9.9559E-05;0.0013779;0.00028587
4;1.0228;1.0738;2;0.85;0.5;50;50;Manhattan(GeometricAverage);0.012055;0.021492;0.018324;0.0247;0.021878;0.0014775;0.0218;0.013621;0.016676;0.020339;0.022586;0.019941;0.014985;0.019096;0.021059;0.018892;0.024603;0.018427;0.020785;0.014651;0.00077055;0.022532;0.023254;0.023681;0.021246;0.018127;0.024843;0.025106;0.01534;0.024985;0.022835;0.024865;0.023959;0.021387;0.009286;0.012289;0.0048691;0.010598;0.022762;0.016055;0.017868;0.0011793;0.024758;0.013125;0.022322;0.01292;0.021829;0.024631;0.0021749;0.00055701;0.0034075;0.0022013;0.0013518;0.0029105;0.0025689;0.001096;0.00044603;0.0031962;0.0034493;0.01957;0.00058752;0.0096546;0.00060445;0.0024192;0.00080372;0.0040665;0.0023917;0.00082353;0.018936;0.0025441;0.0014459;0.0010904;0.0019212;0.00056968;0.00030178;0.00056643;0.00057273;0.0035814;0.0017245;0.00073738;0.0030152;0.0026457;0.0021442;0.0017154;0.0040488;0.0037525;8.8489E-06;0.00082665;0.00034745;2.1913E-06;0.0015901;0.00041288;0.0046064;0.0012007;0.00050321;0.00010153
5;1.0229;1.074;2;0.85;0.5;50;50;Manhattan(GeometricAverage);0.00036706;0.015324;0.022869;0.023824;0.020519;0.021396;0.020753;0.023243;0.01913;0.026317;0.021442;0.015557;0.00122;0.026228;0.012174;0.027182;0.025713;0.025501;0.02443;0.024965;0.022645;0.017545;0.023311;0.026511;0.019729;0.027379;0.012037;0.017197;0.013115;0.020044;0.023192;0.026774;0.017688;0.0013154;0.026835;0.025386;0.01728;0.016935;0.0032458;0.0073494;0.013343;0.006021;0.017312;0.021703;0.023007;0.024335;0.016072;0.014092;0.0004064;0.00038917;0.0015517;0.0012063;0.00020483;5.4059E-06;0.0061952;0.0022957;0.00091159;0.0018747;0.002325;0.001848;0.0079078;0.00042158;0.00084045;0.0031466;0.0060341;0.00074415;0.0015286;0.00062556;0.019007;0.0026608;0.0017834;0.0025209;0.0014441;0.00011004;0.003404;0.00057781;1.3608E-05;0.0017683;0.002104;0.0021715;0.0058268;0.00011412;3.3438E-06;0.00071118;0.0033905;0.002764;0.00064522;0.00038419;0.0018986;0.0014801;0.00075904;0.0013562;3.2254E-06;0.00069235;0.00045217;0.0019383
6;1.0232;1.0752;2;0.85;0.5;50;50;Manhattan(Average);0.022777;0.021687;0.0095454;0.010704;0.010419;0.013588;0.028692;0.02828;0.00055269;0.025143;0.0050068;0.0013824;0.013171;0.027416;0.024688;0.028677;0.018535;0.017277;0.027858;0.025265;0.01345;0.024121;0.025199;0.02746;0.020072;0.019901;0.018714;0.0199;0.022451;0.013039;0.024703;0.023338;0.026731;0.018245;0.028349;0.011084;0.013642;0.017301;0.010842;0.01411;0.026796;0.0037761;0.0037526;0.024743;0.012788;0.013052;0.024966;0.026635;0.0031971;0.0034217;0.0010533;0.0070078;0.00016653;0.0011835;0.005483;0.0015995;0.0062281;0.0025124;0.0011612;0.01275;0.00045157;0.0081895;0.00033996;0.0010134;0.00037735;0.00016522;0.00045645;0.00080932;0.0046821;0.0022197;9.9984E-05;0.0012537;0.0060244;0.002017;0.00043336;0.0018897;0.00042723;0.0072254;4.4419E-06;0.0043335;0.00088244;0.00029197;0.0003116;0.00072947;0.00015421;0.0022175;0.002134;0.0010508;0.006217;5.8292E-05;0.001512;8.5332E-06;0.001021;0.0012495;0.00015415;0.004002
7;1.0232;1.0758;2;0.85;0.5;50;50;Manhattan(Median);0.022442;0.014018;0.0051573;0.017163;0.020467;0.022405;0.02276;0.02056;0.021876;0.0064742;0.0091418;0.006608;0.014045;0.016375;0.015391;0.019188;0.022409;0.021556;0.021731;0.019218;0.020103;0.022301;0.0061938;0.021464;0.020866;0.023372;0.01924;0.014387;0.0021758;0.02126;0.021596;0.022716;0.011004;0.019795;0.017457;0.022492;0.010168;0.016679;0.013177;0.017949;0.0224;0.0057639;0.023277;0.014427;0.011238;0.023096;0.0042056;0.016115;0.0014015;0.0020365;0.0034927;0.00051001;0.00083852;0.003562;0.020742;0.001328;0.0032338;0.001759;0.0026503;0.0070531;0.00034445;0.01673;0.000774;0.0097585;0.0013751;0.0035311;0.0042425;0.00063568;0.00095593;0.0044023;0.0027967;0.0042765;0.0021653;0.0013352;0.0044901;0.0058466;0.0020762;0.010234;0.0015733;0.0035604;0.0017513;0.00079063;0.00062171;0.0024966;0.01039;0.0064849;0.016836;0.0010281;0.002003;0.00025135;0.0027756;0.0094281;0.0031267;0.0038044;0.0039745;0.00062148
8;1.0233;1317.2;2;0.85;0.5;50;50;Manhattan(Summation);0.010405;0.02574;0.0044052;0.016784;0.0098059;0.00618;0.022019;0.021966;0.0077434;0.021845;0.025688;0.023235;0.024556;0.019624;0.015381;0.0039037;0.0092493;0.020768;0.025192;0.024784;0.022309;0.023343;0.022667;0.023014;0.02472;0.025844;0.024789;0.017803;0.015485;0.023067;0.02516;0.020726;0.022001;0.012604;0.014191;0.017822;0.025343;0.025208;0.016712;0.0078449;0.022569;0.018977;0.020456;0.025301;0.0043381;0.01343;0.025986;0.021421;0.0017728;0.00032446;0.0089256;0.0018849;0.0015692;0.0011475;0.0094836;0.0006763;0.0003152;0.0012048;0.00066685;0.0090313;0.0004519;0.0036194;0.0013903;0.0040161;3.4195E-05;0.00098266;0.00020916;0.00061965;0.004244;0.00042623;0.0011983;0.0031041;0.0008094;0.00024697;0.0022408;0.001154;0.0010594;0.0023078;0.0025087;0.0035649;0.0016896;0.0001357;0.0037224;0.00013997;0.0025176;0.00109;0.00098519;0.0016214;0.001202;0.0012242;0.00027763;0.0033601;0.0025372;0.0012086;0.002998;0.0016931
9;1.0237;1.0757;2;0.85;0.5;50;50;Manhattan(Average);0.023222;0.01634;0.014936;0.013811;0.0011843;0.010243;0.024292;0.022756;0.023253;0.020829;0.02044;0.0066362;0.022429;0.019975;0.021635;0.021593;0.010407;0.016872;0.016965;0.021861;0.02472;0.022663;0.013662;0.025025;0.017465;0.020978;0.019237;0.018995;0.024725;0.022986;0.022896;0.017464;0.022599;0.020457;0.025337;0.012306;0.018167;0.024254;0.023263;0.019141;0.022588;0.018293;0.018439;0.021199;0.014488;0.024538;0.0036338;0.017632;0.0037056;0.00049017;0.00057703;0.001657;0.0011605;0.0018967;0.0051772;0.0027823;0.0014519;0.00059217;0.00042102;0.0038256;0.00089357;0.003874;0.00045426;0.0023216;0.0015956;0.0019032;0.003228;0.0034801;0.012621;0.00083535;0.0016203;0.0027067;0.00022459;0.0042611;0.0023155;0.00061266;0.00083924;0.0036364;0.0023956;0.0031051;0.0023846;0.0026958;0.00059161;0.0033027;0.00057667;0.0015041;0.000177;0.00049269;0.0014776;0.00042853;0.00066406;0.00071249;0.00058773;0.00027837;0.00017703;0.00045941
10;1.0238;1317.8;2;0.85;0.5;50;50;Manhattan(Summation);0.02412;0.02294;0.015447;0.024928;0.0056994;0.00054046;0.011338;0.0069217;0.025368;0.014899;0.018429;0.020545;0.024262;0.026307;0.024435;0.022027;0.018247;0.018823;0.026474;0.020641;0.024412;0.019042;0.0094515;0.023159;0.022759;0.025879;0.0090846;0.024222;0.016209;0.024397;0.024695;0.026064;0.0080375;0.021117;0.019208;0.023839;0.015425;0.020902;0.010031;0.003012;0.023421;0.019132;0.017444;0.015757;0.011783;0.017432;0.02384;0.021638;0.00012574;2.202E-05;0.0025559;0.0015436;0.0013087;0.0014407;0.0048472;0.00029699;0.0045732;0.0010315;0.00175;0.019939;0.00084754;0.0009898;0.0012247;0.0076073;0.00087264;0.0027732;0.0021499;0.00027488;0.011827;0.0043486;0.00046701;0.00068947;0.0042177;0.0019569;0.00031115;0.0011699;0.00011335;0.001823;0.00063441;0.0024144;0.00076099;0.00069279;0.00029108;0.0010941;0.00097611;0.0019633;0.0008459;0.003317;0.00020906;0.0017557;0.0012007;0.00099643;0.0036958;0.00029979;8.3423E-05;0.0018858
11;1.0241;1.0761;2;0.85;0.5;50;50;Manhattan(Average);0.025071;0.023863;0.024905;0.023892;0.023943;0.023963;0.020205;0.025066;0.021136;0.018871;0.021034;0.019557;0.016008;0.025992;0.015713;0.019311;0.0088928;0.025069;0.024737;0.021043;0.012045;0.010857;0.004893;0.025575;0.025264;0.025869;0.023913;0.020565;0.017643;0.022619;0.019983;0.025291;0.010264;0.010755;0.025961;0.011064;0.025631;0.019357;0.0085398;0.0011225;0.0047088;0.024993;0.0061546;0.019831;0.021715;0.022721;0.0029667;0.023088;1.161E-05;0.00033198;0.0047023;0.0017821;0.0013594;0.00074756;0.01549;0.0013464;0.0015414;0.00010125;0.0005626;0.0085635;0.0010177;0.0034739;0.0020768;0.00058863;4.8864E-05;0.00093985;0.00040263;0.00091252;0.016363;0.00084355;0.00037468;0.0016856;0.00071754;0.00046532;0.0026046;0.00020918;0.00038874;0.0015258;0.00022104;0.00084094;0.0015801;0.0024575;0.0010988;8.3681E-05;0.00014923;0.0022609;0.00082294;0.0013688;0.0033276;0.00082501;0.0019076;0.0026981;0.0001808;0.0055662;0.00028306;0.0014877
12;1.0247;1319.1;2;0.85;0.5;50;50;Manhattan(Summation);0.024105;0.011999;0.027819;0.025905;0.026657;0.015544;0.022549;0.028267;0.026073;0.002046;0.026232;0.026679;0.026491;0.021373;0.01903;0.024689;0.023076;0.010996;0.027727;0.027736;0.007131;0.02122;0.010935;0.0027384;0.022942;0.02806;0.017608;0.017592;0.01104;0.026225;0.028445;0.024848;0.026703;0.017693;0.021654;0.0062049;0.0039213;0.025612;0.023815;0.0071745;0.027348;0.010457;0.0028326;0.012028;0.02772;0.013435;0.027849;0.016785;0.002697;0.00035579;0.0016497;0.0078452;0.00051823;0.001113;0.0016791;0.0013373;0.0013751;0.00046557;0.0010661;0.0022248;0.0013052;0.0011338;0.00092931;0.0012411;0.0010234;0.00022706;0.0037949;0.00094034;0.005117;0.0024811;0.0002831;4.6007E-05;0.0022303;0.0020885;0.00047716;0.00081608;0.00036894;0.0031399;0.00051055;0.00060625;0.00029005;0.0039578;0.0001429;0.00019085;0.00071951;0.0002215;0.00053715;0.00064677;0.0016029;0.00051284;0.0018876;0.0014876;0.0001228;0.00038984;0.00036553;0.0008301
13;1.1187;0.94456;2;0.85;0.5;50;50;Manhattan(Minimum);0.0085614;0.010372;0.0057049;0.0039055;0.0029874;0.011933;0.0077129;0.01581;0.018105;0.015972;0.020213;0.0085186;0.021724;0.019692;0.010848;0.0057362;0.019249;0.020998;0.0091982;0.013052;0.01392;0.017636;0.01207;0.0080535;0.019637;0.012791;0.002527;0.0068348;0.0087058;0.0039814;0.0036591;0.011473;0.019723;0.01487;0.0075455;0.015374;0.012194;0.013915;0.0083298;0.016897;0.013043;0.012454;0.020102;0.0034155;0.015384;0.012276;0.0051088;0.0027201;0.0095187;0.0034463;0.0065323;0.021311;0.013818;0.0015257;0.0069442;0.01156;0.0054544;0.016418;0.015323;0.0093839;0.0079889;0.0069384;0.0053241;0.0067235;0.0036323;0.0053454;0.0074338;0.016414;0.014202;0.0069652;0.0036279;0.001865;0.0084388;0.021203;0.0098119;0.0049106;0.0088232;0.0053518;0.0032792;0.0065193;0.020399;0.0071253;0.0035957;0.017731;0.018005;0.012812;0.0040777;0.01963;0.019989;0.00088092;0.0077294;0.00049417;0.011008;0.0086659;0.0044497;0.0024403
14;1.1256;0.95033;2;0.85;0.5;50;50;Manhattan(Minimum);0.0014341;0.0045269;0.011428;0.011167;0.0046453;0.012531;0.0084136;0.01755;0.012808;0.012283;0.0032271;0.013866;0.021697;0.018592;0.018517;0.016113;0.010827;0.018487;0.014641;7.6105E-05;0.013303;0.018906;0.018928;0.012554;0.02067;0.012533;0.0077023;0.018404;0.014932;0.0067239;0.0055044;0.00094389;0.019266;0.0036994;0.015314;0.019837;0.01114;0.017812;0.017873;0.014109;0.0066652;0.012561;0.013899;0.017357;0.014466;0.0037669;0.015521;0.0012967;0.0069794;0.0066777;0.0043966;0.01721;0.018435;0.0040611;0.010633;0.0085272;0.0097847;0.010011;0.0083175;0.0093462;0.0035783;0.0042664;0.016055;0.0030581;0.0038247;0.0080522;0.0015316;0.003302;0.014739;0.0080721;0.0061086;0.0048158;0.012953;0.018888;0.012649;0.0050631;0.012633;0.012833;0.006674;0.0036055;0.017161;0.0010782;0.0048491;0.01256;0.011484;0.014424;0.010286;0.0032385;0.01371;0.01032;0.0092258;0.0051174;0.0086054;0.0053437;0.0063328;0.00066667
15;1.1271;1.0006;2;0.85;0.5;50;50;Manhattan(MinimumTimesMedian);0.006408;0.021317;0.013254;0.021181;0.014406;0.0037607;0.0087055;0.01958;0.0042369;0.015568;0.0064718;0.0085022;0.015045;0.0082319;0.019426;0.010963;0.022;0.0087249;0.010498;0.0059609;0.010502;0.015348;0.003972;0.016862;0.021081;0.01439;0.014377;0.012542;0.010985;0.010741;0.018721;0.020006;0.01546;0.0052397;0.019309;0.020299;0.012225;0.012207;0.010668;0.0051282;0.013517;0.002166;0.019187;0.021461;0.015744;0.008242;0.0013196;0.020008;0.0042126;0.0050701;0.0075646;0.018326;0.010835;0.0024217;0.0076242;0.0033637;8.4825E-05;0.0032513;0.014256;0.018201;0.00065568;0.0015168;0.013098;0.011797;0.00075311;0.0039479;0.0068206;0.018323;0.019715;0.017694;0.0066883;0.0026427;0.0098242;0.021774;0.00054302;0.012841;0.0033157;0.005062;0.0053254;0.0038478;0.00088025;0.0070811;0.0042958;0.020286;0.0032261;0.0086643;0.0046973;0.0049437;0.0058594;0.013265;0.0066318;0.010832;0.014934;0.0025415;0.012621;0.0018991
16;1.1273;0.95179;2;0.85;0.5;50;50;Manhattan(Minimum);0.012089;0.0018499;0.01556;0.0087754;0.0051199;0.010707;0.016889;0.0098165;0.017362;0.0021897;0.011076;0.01001;0.02065;0.013816;0.015966;0.018099;0.013916;0.018282;0.01442;0.0082588;0.011053;0.010382;0.016992;0.01467;0.021039;0.020332;0.007145;0.018123;0.01588;0.00026595;0.007243;0.013494;0.0034359;0.0076984;0.0065073;0.018238;0.0074314;0.006601;0.0088143;0.013946;0.0071342;0.020563;0.015027;0.017992;0.012386;0.0073698;0.016584;0.0096491;0.00087756;0.0040299;0.0082077;0.020824;0.012752;0.0036669;0.0047978;0.0048929;0.011243;0.0047205;0.0176;0.014951;0.0034468;0.0050715;0.016641;0.00788;0.0069893;0.0072416;0.0057649;0.018168;0.011586;0.018621;0.0079729;0.0059054;0.0065651;0.018457;0.0038928;0.0026561;0.009463;0.012856;0.003973;0.005268;0.0063435;0.0023209;0.0043358;0.013063;0.011503;0.010573;0.0055169;0.013215;0.014427;0.0018521;0.0086945;0.0076984;0.016676;0.0095773;0.0037831;0.0025906
17;1.1314;1.0044;2;0.85;0.5;50;50;Manhattan(MinimumTimesMedian);0.0050492;0.013244;0.0069774;0.018197;0.0029999;0.0027484;0.01029;0.0080354;0.019841;0.013236;0.011559;0.011449;0.018546;0.013152;0.021488;0.0034137;0.022551;0.02073;0.019799;0.0099807;0.00027059;0.0061387;0.0072214;0.0039661;0.0211;0.020905;0.013065;0.015384;0.021506;0.0080188;0.015364;0.022076;0.023612;0.0020047;0.021242;0.019693;0.012956;0.011905;0.011482;0.00092628;0.0047371;0.021294;0.017521;0.010799;0.015375;0.01731;0.013409;0.0063383;0.0049986;0.0086015;0.0079134;0.021803;0.0066514;0.0054002;0.0022798;0.0025227;0.0022796;0.01414;0.012003;0.015926;0.0047056;0.0017903;0.00069471;0.011168;0.0081868;0.012881;0.0045745;0.0017973;0.01315;0.0044755;0.0072322;0.0037748;0.0044548;0.023585;0.0068025;0.018959;0.0077554;0.010516;0.0053787;0.009036;0.0076816;0.0016177;0.0046742;0.0068162;0.0096194;0.013236;0.010125;0.0028173;0.012081;0.0045485;0.0055303;0.0026353;0.01155;0.0066063;0.0076141;0.0085036
18;1.1324;1.0053;2;0.85;0.5;50;50;Manhattan(MinimumTimesMedian);0.012346;0.011971;0.0080873;0.013168;0.0023591;0.012623;0.012961;0.017275;0.0096838;0.020006;0.020102;0.019263;0.020361;0.0061279;0.015565;0.019928;0.016592;0.0069289;0.015626;0.0054438;0.015044;0.016824;0.0044816;0.016218;0.018707;0.012761;0.0037432;0.0081317;0.014374;0.002613;0.010575;2.8606E-06;0.013623;0.0033558;0.014772;0.018302;0.0090431;0.014521;0.010026;0.01742;0.0086394;0.018235;0.0075742;0.01941;0.01887;0.011747;0.015698;0.010902;0.0060874;0.0062606;0.011218;0.017647;0.0036402;0.0055098;0.0045668;0.004544;0.0054409;0.016378;0.018335;0.01616;0.0056725;0.014225;0.019637;0.0027359;0.0022572;0.0036737;0.0048282;0.0102;0.017864;0.015375;0.00048786;0.0037504;0.0051733;0.020096;0.0018192;0.020198;0.010619;0.0038075;0.00093136;0.0041442;0.010472;0.00026777;0.006254;0.014;0.014283;0.0061886;0.0065455;8.834E-05;0.01796;0.0071329;0.0078264;0.0018427;0.0098897;0.003141;0.004012;0.0047828
19;1.4554;0.14878;2;0.85;0.5;50;50;Euclidean(Minimum);0.00096931;0.015547;0.00044308;0.016156;0.024142;0.016304;0.011632;0.023684;0.0013056;0.0081157;0.025052;0.022509;0.00024661;0.0095249;0.0069834;0.021677;0.0044731;0.02387;0.0028902;0.013922;0.020624;0.016131;0.021751;0.0030947;0.015271;0.0016066;0.0022021;0.024861;0.021313;0.023061;0.024618;0.011045;0.0023122;0.0026487;0.003419;0.011649;0.0070464;0.0010158;0.022357;0.020459;0.002164;0.0071847;0.0081717;0.020359;0.0019323;0.010959;0.02489;0.022475;0.010589;0.0010905;0.011631;0.022791;0.016059;0.0022314;2.7916E-05;0.00097568;0.0038057;0.0036068;0.022534;0.011224;0.0015322;0.0024858;0.021799;0.01133;0.0061705;0.0022722;0.0047641;0.025233;0.022854;4.4399E-05;0.0049171;2.2932E-05;0.00026009;0.02032;0.0036934;0.0008156;0.00083041;0.00078679;0.00079813;0.0006466;0.00056958;0.010666;0.023971;0.023369;0.0015443;0.0012125;0.0006163;6.8127E-05;0.012006;0.022814;0.022838;0.020289;0.0080561;0.0045687;0.002428;0.0027719
20;1.4917;0.15249;2;0.85;0.5;50;50;Euclidean(Minimum);0.0015803;0.026372;0.00023935;0.0038895;0.027028;0.0013283;0.0014246;0.00069851;0.0066417;0.026166;0.026395;0.0057353;0.00072513;0.027042;0.00096644;0.024466;0.012823;0.025933;0.0014841;0.0020929;0.026795;0.0052904;0.022023;0.00035803;0.019691;0.026684;0.008474;0.013913;0.020545;0.0006983;0.016556;0.024992;0.0036198;0.0052778;0.0032993;0.026135;0.00086736;0.025435;0.013085;0.0019816;0.021421;2.6581E-05;0.005454;0.025013;0.00029078;0.0028346;0.025426;0.00058719;0.016193;0.00013041;0.022353;0.024774;0.0044945;0.024053;0.024772;0.0069511;0.001125;0.0041115;0.0026212;0.00058151;0.0082588;0.0085158;0.026011;0.026633;0.00050506;0.0010185;0.011105;0.0018224;2.3939E-05;0.00096616;0.00024598;0.002168;0.0034251;0.022356;0.0036098;0.0016411;0.018369;0.0021576;0.00079768;0.00085888;0.019477;0.010493;0.0019476;0.020941;0.010637;0.00028208;0.024025;0.00094637;0.025054;0.0023693;0.007498;0.0015598;0.0013262;0.025395;0.0039708;0.0016247
21;1.4979;0.15312;2;0.85;0.5;50;50;Euclidean(Minimum);0.00092367;0.022014;0.026126;2.0227E-07;0.0028298;0.019844;0.0033467;0.0055622;0.0018623;0.022281;0.024043;0.0038139;0.00042652;2.7339E-05;0.0013792;0.021497;0.025021;0.013905;0.006408;0.0032884;0.002952;0.0097259;0.023127;0.025357;0.022868;0.00081931;0.0064665;0.025228;0.024446;0.025029;0.0041065;0.01309;0.002285;0.00090124;0.021625;0.0014111;0.0011753;0.0034627;0.024539;0.0085316;0.00024585;0.0019809;0.00038824;0.022427;0.0002077;0.02255;0.0002141;0.025543;0.015554;0.0029474;0.013172;0.026373;0.00025798;0.024432;0.025469;0.00098342;0.004426;0.00071768;0.0024118;0.00036722;0.0070036;0.0058791;0.005729;0.0060976;0.005999;0.023632;0.0055695;0.010174;0.022594;0.026122;0.00091847;0.00045974;9.5822E-05;0.020054;0.022699;0.025761;0.010299;0.0030225;0.022563;0.0087184;0.0015053;0.01102;0.00031764;0.00065875;0.0010133;0.02328;0.024154;0.0050537;0.0043297;0.00094458;0.020777;0.00064291;0.020945;0.0020898;0.00128;0.0061826
22;1.6771;0.2431;2;0.85;0.5;50;50;Euclidean(Median);0.03477;0.00089857;0.025669;0.001469;0.029575;0.0030087;0.032909;0.0015098;0.00029324;0.0023589;0.0046672;0.038283;0.0010954;0.014366;0.037015;0.0015944;0.0022848;0.0004202;0.00083814;0.0011314;0.028834;0.00086984;0.00099793;0.0017794;0.0066789;0.00086194;0.0010087;0.0059851;0.002071;0.00090704;0.0088404;0.0067466;1.8195E-05;0.0005848;0.035245;0.038006;0.035654;7.1959E-05;0.0029803;0.037658;0.0017528;0.001308;0.0048965;0.037813;0.00076445;0.015354;0.036589;0.038319;0.037421;0.00090973;0.0001317;0.0036934;0.0012513;0.00055776;0.0051932;0.0036699;0.0041884;0.00036373;0.00012108;0.0024423;0.0002876;0.031877;0.0040374;0.0027279;0.001694;0.032913;0.0019773;0.03128;0.035805;0.0012018;0.00063668;0.0057745;0.0001851;0.00066428;0.024319;0.0029321;0.00014277;0.0022139;0.00070377;0.0042698;0.00056152;0.03732;0.0027569;0.02662;0.0038402;0.0014135;0.0024978;0.036415;0.00026213;0.00089889;0.0038707;0.0052979;0.03564;0.0032673;0.0056196;0.0013806
23;1.7015;303.06;2;0.85;0.5;50;50;Euclidean(Summation);0.0010042;0.007475;0.010012;0.003358;0.00082909;0.00088891;0.0058517;0.00082222;0.0016548;0.0021689;0.0036129;0.0073456;0.038551;0.0066748;0.0021439;0.0014098;0.044103;0.0031457;0.0055666;0.0034629;0.0025375;0.0014962;0.0073558;8.2399E-05;0.00048257;0.00067256;0.04604;0.0073823;0.00061512;0.0069003;7.0508E-05;0.02015;0.0073823;0.0070932;0.037411;0.0037614;0.041251;0.011876;0.041289;0.00412;0.032433;0.00041413;0.0078032;0.0036312;0.0028093;0.0074831;0.019814;0.045925;0.0016105;0.0095365;0.044852;0.00054198;0.0029178;0.0081369;0.0036163;0.001286;0.0027094;0.0013014;0.0018136;0.00049217;0.0028714;0.0031058;0.0091567;0.044435;0.042537;0.0020025;0.0001361;0.00040681;0.046079;0.0020486;3.8065E-05;0.00094835;0.0019861;0.0024045;0.0044722;0.043149;0.0028754;0.0076732;0.0071036;0.0007859;0.0027671;0.0034918;0.0074199;0.00094347;5.4441E-05;0.022187;0.0022237;0.045578;0.0072993;0.00092159;0.00065285;0.017004;0.045972;0.0064749;0.0030362;0.012579
24;1.7246;307.16;2;0.85;0.5;50;50;Euclidean(Summation);0.00074009;0.0086446;0.0019019;0.0023026;0.043822;0.046165;0.0031389;0.0041182;0.0028619;0.0029234;0.00086508;0.047239;0.0466;0.0033059;0.00029384;0.0017371;0.0087924;0.0087124;0.0030978;0.0034748;0.0042;0.00028926;0.0024003;0.00077346;0.0037974;0.018163;0.002987;0.001214;0.0063658;0.040029;0.037759;0.0016254;0.00040649;0.018444;0.0022651;0.00044723;0.00068178;0.00037226;0.0054282;0.00085511;0.047241;0.046464;0.0027291;9.8837E-06;0.0021864;0.00030951;0.0024422;0.043585;0.00025758;0.046903;0.001143;0.0017088;0.003619;0.0032433;0.0071169;0.015745;0.0013508;0.0072467;2.3804E-05;0.038442;0.00020408;0.0066218;0.013329;0.0014366;0.0027117;0.0017135;0.031402;0.0057095;0.00024509;0.0037574;0.0067575;0.010548;0.0062763;0.0010424;0.002546;0.00044871;0.00013283;0.0047599;0.037333;0.00068962;0.00037451;0.0021755;0.0070161;0.017179;0.0025385;0.0028945;0.0030783;0.023966;0.011178;0.0036982;0.024674;0.0098778;0.04564;0.045048;0.001284;0.00070706
25;1.7327;0.25122;2;0.85;0.5;50;50;Euclidean(GeometricAverage);0.035741;0.044515;0.00054717;0.0056539;0.0016846;0.0019452;0.029002;0.0025526;0.043448;0.042054;0.0012644;0.0038192;0.001172;0.0020171;0.0016274;0.0014301;0.0046345;0.00088757;0.0011771;0.0020395;0.045167;0.0094098;6.2886E-06;0.003004;0.01057;0.027054;0.0021992;0.043699;0.00067651;0.0036336;0.00077995;0.0010174;0.015012;0.00021388;0.0036638;0.00075615;0.042736;0.00055513;0.00069609;0.045199;0.0038587;0.0045679;0.040314;0.0039979;0.008988;0.0020829;0.0051242;0.0025693;0.0030391;0.0017274;0.0053386;0.036091;0.0010303;0.0043664;0.0027913;0.00049053;0.00244;0.0069849;0.043722;0.008377;0.00052309;0.034119;0.00068383;0.007302;0.0053302;0.045088;0.00099035;0.00096377;0.043938;0.0006748;0.00012214;0.0073017;0.0019478;5.4591E-05;0.0013693;0.0013253;0.00072876;0.0016455;0.0409;0.00090336;0.0021619;0.01212;0.011099;0.039621;0.0015447;0.0013567;0.0012203;0.0013809;0.021202;0.0011072;0.00067985;0.0012533;0.00078502;0.032053;0.0043561;0.00098358
26;1.7333;0.25202;2;0.85;0.5;50;50;Euclidean(Average);0.0012883;0.00046872;0.0038174;0.0086549;0.0011754;0.0021927;0.044001;0.0011002;2.213E-06;0.00065347;0.0019004;0.00059728;0.0051546;2.557E-05;0.0079278;0.0017466;0.044106;0.00056271;0.0015676;0.0021725;0.045431;0.0032879;0.0025162;0.034389;0.0024134;0.00070744;0.0019279;0.00041311;0.0074758;0.0016677;0.044951;0.0015909;0.0028601;0.0066296;0.00075806;0.01298;0.041683;0.00045325;0.040188;0.0016383;0.044044;0.0013902;0.003111;0.002364;0.00079235;0.02543;0.01019;0.003011;0.0046519;0.00077773;0.0012818;0.0013087;0.00073749;0.041061;0.041484;0.010636;0.00085324;0.00047872;0.0080151;0.044068;0.0023679;0.0031835;0.00042937;0.042306;0.0078794;0.0013701;0.0097637;0.039928;0.001009;0.0032051;0.0027752;0.0022205;0.00039005;0.017911;0.0038696;0.012795;0.00034479;0.00057299;0.0032572;0.014416;0.0013023;0.0038689;0.044986;0.0041139;0.001282;0.0042576;0.028007;0.0094497;0.0025014;0.036905;0.0015012;0.007361;0.0035563;0.0081824;0.043674;0.00029214
27;1.7556;0.25454;2;0.85;0.5;50;50;Euclidean(GeometricAverage);0.001605;0.00066256;0.0014943;0.0019055;0.014834;0.0048171;0.046254;0.0011909;0.0030716;0.00068298;0.002418;2.3058E-07;0.011158;0.0075211;0.045417;0.0013813;0.038366;0.041562;0.0011676;0.0034508;0.0028853;0.00039315;0.0011259;0.0016551;0.0027243;0.0021003;0.044261;0.0024061;0.0058216;0.047654;0.0006002;0.0092688;0.0055318;0.014087;0.00028423;0.0033299;0.0021061;0.0014479;0.044929;0.0007865;0.0025508;0.023805;0.0018313;0.0018791;0.0021612;0.0097984;0.0088695;0.0013857;0.0068239;6.9848E-05;0.00098953;0.0052044;0.046537;0.028513;0.0013423;0.0025474;0.029279;0.00094294;0.042701;0.0029529;0.0012191;0.0012557;0.0047734;0.00074681;0.0025421;0.00086227;0.00078125;0.0090284;0.0020284;0.042175;0.0031166;0.043063;8.6539E-05;0.046675;0.0023507;0.046074;0.0003561;0.0036577;0.0022073;0.007487;0.00019185;0.0098562;0.0016033;0.047265;0.0080788;0.0023602;0.0028953;0.00084618;0.0055621;0.00042617;0.00046852;0.047893;0.0044762;0.00045532;0.0034245;0.0011699
28;1.7569;0.25473;2;0.85;0.5;50;50;Euclidean(GeometricAverage);0.0015902;0.044562;0.0058435;0.0025901;0.00064026;0.0012039;0.0016884;0.0029619;0.0010405;0.00072435;0.00027244;0.0018844;0.026519;0.0019624;6.7725E-05;0.00011975;0.043667;0.0076607;0.010999;0.0032226;0.045508;0.045733;0.00046731;0.0091797;0.0028698;0.0066185;0.036821;0.0024109;0.0013772;0.0014117;0.0082188;0.00067598;0.011527;0.0004337;0.045459;0.001041;0.00073902;0.00012396;0.0037856;0.0054311;0.00048094;0.00060726;0.0081255;0.00051214;0.0014382;0.00093201;0.044278;0.0007799;0.041834;0.0072202;0.00047807;0.0035839;0.00098391;0.0043284;0.00080776;0.046175;0.0049766;0.00071117;0.0040468;0.04709;0.0039948;0.00063605;0.00066623;0.018004;9.6937E-05;0.00066142;0.0016686;0.0006525;0.00013841;0.0097732;0.0073512;0.0020196;0.0001088;0.035886;0.0051866;0.00024621;0.041829;0.0049308;0.0021804;0.03832;0.00016485;0.001129;0.046144;0.046254;0.0065301;0.0040876;0.0039094;0.0039534;0.043653;0.00077187;0.029582;0.004501;0.0020095;0.0087723;0.0013809;0.014366
29;1.7613;0.25608;2;0.85;0.5;50;50;Euclidean(Average);0.0013207;0.00015276;0.0021943;0.004955;0.044955;0.0038207;0.0010449;0.0039106;0.00026882;0.0038744;0.0027425;0.00044619;0.0026186;0.033305;0.0050237;0.011694;0.00014741;0.0036873;0.00082015;0.0054263;0.0030066;0.011978;0.011659;0.044631;0.00065144;8.5553E-05;0.0039475;0.036819;0.042522;0.0024049;0.0012622;0.00062087;0.0072332;0.0067848;0.0048223;0.0021749;8.1571E-06;0.043385;0.00047677;0.00072835;0.043246;0.00063861;0.0033314;0.0028887;0.0019366;0.037334;0.0009908;0.033121;0.0015982;0.00070565;0.042498;0.00044545;0.045028;0.044837;0.0014124;0.00070669;0.0033421;0.00021655;0.014047;0.0027735;0.002379;0.046202;0.044143;0.045449;0.0053129;0.0013381;0.036741;0.0013548;0.0020088;0.00036932;0.0046616;0.001894;0.0065766;0.0018248;0.0010536;0.00077049;0.0095779;0.0027826;0.0016424;0.0051579;0.0049293;0.042477;0.041189;0.0012592;0.0046867;0.010852;0.00016106;0.0020576;0.0057249;0.00068501;0.0069723;0.0044372;0.0020244;0.00012941;0.0011168;0.01135
30;1.7618;0.25539;2;0.85;0.5;50;50;Euclidean(Median);0.0037542;0.045997;0.048412;0.00013314;0.0023671;0.0045873;0.00011066;0.0010681;0.0038562;0.0029092;0.0047579;0.001777;0.004889;0.0041031;0.0060907;0.00014318;0.00011316;0.0016886;0.0025731;0.048036;0.0014108;0.031631;0.00072255;0.0014294;0.001238;0.00078392;0.0025958;0.0045981;0.0018292;0.0092499;0.00071373;0.0035955;7.6706E-05;0.042848;0.00020709;0.0020839;0.0027559;0.0088864;0.0055094;0.0011201;0.0011177;0.0085846;0.0039426;3.512E-05;0.036631;0.035474;0.0016587;0.0014879;0.00076267;0.00050922;0.0038126;0.0011486;0.0001549;0.00090165;0.0057916;0.04074;0.0019071;0.048709;0.0042739;0.0030669;0.0059283;0.0021232;0.0039342;0.011331;0.0020679;0.01127;0.031775;0.026671;0.0063005;4.5502E-05;0.00030468;0.0012672;0.039154;0.0063485;0.019692;0.0059804;0.0011103;0.048832;0.010498;0.0020185;0.01111;4.4898E-05;0.047059;0.040424;0.01974;0.0006021;0.0012472;0.047453;0.0012822;0.0058353;0.0012934;0.0021656;0.00090842;0.0021204;0.043263;0.027438
31;1.7649;0.25661;2;0.85;0.5;50;50;Euclidean(Average);0.0039787;0.0001183;0.0016159;0.004168;0.042116;0.0023651;0.00095866;0.00077315;0.022335;0.00023873;0.00050917;0.0019822;0.0075437;0.0053039;0.0057606;0.0024234;0.00078097;0.00087655;0.0055783;0.0081382;0.0020618;0.00076101;0.046676;0.0049399;0.047559;0.00086452;0.035356;0.00032189;0.0084827;0.045102;0.00036765;0.0031882;0.00040824;0.00018076;0.0012864;0.015265;0.0051907;0.0049213;0.01058;0.0012364;0.0021454;0.0026787;0.00032638;0.0027198;0.0022258;0.0074224;0.002286;0.043267;0.0012255;0.0019152;0.03059;0.0010606;0.0014679;0.013995;0.044092;0.0010013;0.0040493;0.00068475;0.0033261;0.010478;0.0096457;0.002047;0.0033648;0.00055398;0.0020328;0.00018475;0.00095557;0.0003689;0.043698;0.029244;0.001442;0.0012326;0.047683;0.00074928;0.00092487;0.00070093;0.035169;0.00073325;0.00089915;0.00077289;0.0036285;0.014546;0.043556;0.00022122;0.047615;0.00063302;0.042771;0.00072876;0.0066941;0.0021277;0.037225;0.0013223;0.031428;0.044146;0.010407;0.0012775
32;1.7649;314.36;2;0.85;0.5;50;50;Euclidean(Summation);0.00065687;0.0025467;0.00086301;0.0036833;0.0023483;0.047045;0.0049696;0.0013597;0.0017959;0.04097;0.00098291;0.0025488;0.0029205;0.047778;0.00011081;0.0046138;0.04579;0.041523;0.0039657;0.0076155;0.0019927;0.0017213;0.002524;0.0043817;0.00034635;0.0023763;0.0063065;0.013108;0.0047553;9.7317E-05;0.00055731;0.0092496;0.0069923;0.046408;0.0013107;0.0034333;0.00016103;0.0059992;0.0028665;0.0047845;0.0050751;0.002904;0.011527;0.0028165;0.044096;0.011028;0.046207;0.016024;0.013325;0.00052642;0.0002042;0.00050722;0.0059041;0.00042337;0.0070114;0.037327;0.0024446;0.00037027;0.038706;0.00032392;0.0035062;0.0071747;0.00093402;0.0036895;0.046188;0.00035647;0.0040955;0.046578;3.9533E-05;0.0014366;0.0016341;0.0061646;0.00046319;0.0023311;0.0020984;0.0022963;0.046385;0.00095863;0.0052209;0.041918;0.0011926;0.044133;0.004003;0.044597;0.0066034;0.011636;0.00024127;0.0089109;0.0068052;0.0013845;0.0040611;0.00042843;0.006315;0.0011448;0.0011084;0.0037573
33;1.7658;0.25597;2;0.85;0.5;50;50;Euclidean(Median);0.0017363;0.00055201;0.0022682;0.0032236;0.0015714;0.0002175;0.03978;0.00060008;0.0025844;0.041431;0.0015527;0.0010911;0.010926;0.001409;0.0068695;0.0042557;0.0037038;2.0355E-05;0.0010443;0.01345;0.0015018;0.00066657;0.0045081;0.00012888;0.043702;0.036557;0.00063417;0.00087426;0.0015672;0.028484;0.0043401;0.0047568;0.00064191;0.042092;0.00040069;0.0046754;0.0017626;0.0024111;0.041042;0.0017325;0.00035642;0.0051089;0.0030099;0.0062921;0.00203;0.03381;0.00021057;0.00075295;0.021515;0.00095302;0.038359;0.044174;0.0078082;0.001052;0.00098593;0.040882;0.0070339;0.0018783;0.00031951;0.0043798;0.0095454;0.009114;0.01572;0.0033191;0.043104;0.0091716;0.04278;0.0034533;0.00085234;0.04432;0.0010053;0.0078058;7.8957E-05;0.0019657;0.043521;0.00099947;0.0021449;0.00044091;0.0011489;0.041808;0.001413;0.00088265;0.0026314;0.0016202;0.001697;6.7349E-05;3.6382E-05;0.038359;0.0019447;0.0009069;0.037529;8.4531E-05;2.0215E-05;0.043429;0.0037495;0.0016522
34;2.0301;0.030082;2;0.85;0.5;50;50;Euclidean(MinimumTimesMedian);0.0001174;0.028667;0.0070673;0.018165;0.029585;0.009679;0.00016251;0.012989;0.0007918;0.027538;0.030021;0.0012187;0.00050189;0.024631;0.00047771;0.0077881;0.00037134;0.030337;0.0063504;0.024731;0.0010851;0.030649;0.0020999;0.00011594;0.006539;0.0025188;0.030441;0.026962;0.026993;0.026388;0.0011027;0.024926;0.00084269;0.024411;0.0062602;0.0039212;0.00059579;2.7847E-05;0.004527;0.012013;0.0018711;0.00049512;0.0051833;0.00106;0.013681;0.0045731;0.0086524;0.0057829;0.0010055;0.0021601;4.294E-05;0.029071;0.0047682;0.012045;0.029808;0.022451;0.0014378;0.009566;0.0025302;0.028474;0.023612;0.0050769;0.00026185;0.0016093;0.00013889;0.0019906;0.004879;0.012915;0.0075996;1.6337E-05;0.0053881;0.00077755;0.0028555;0.024062;0.011951;6.278E-06;0.0087667;0.00042094;0.011891;0.029626;0.0051862;0.0060488;0.013268;0.024528;0.008084;0.025835;0.01512;0.028392;2.8693E-05;0.00075346;0.0031455;0.0057741;0.0018875;0.028904;0.00088266;4.9246E-05
35;2.1627;0.032047;2;0.85;0.5;50;50;Euclidean(MinimumTimesMedian);0.0010533;0.029368;0.0027396;0.0021146;0.0031171;0.021326;0.00023083;0.026836;0.012364;0.029941;0.0026433;0.0016525;9.6507E-05;0.029596;0.0049422;0.0019459;0.0013596;0.0010939;0.029621;0.025634;0.001471;0.02167;0.00018507;0.006692;0.00064966;0.0038076;0.00031581;0.002471;0.016869;0.00039206;0.0032202;0.0015619;0.027122;0.01149;0.002213;0.030738;0.014513;0.0017099;0.030535;0.0088983;0.0033205;0.026778;0.017794;0.0013337;0.02876;0.02271;0.00132;0.018633;0.0048669;0.015133;0.027793;0.028595;0.0032693;0.0027665;0.030265;5.6136E-05;0.00062755;0.0020796;0.028746;0.0034283;0.00067831;0.0052699;0.00016522;0.0016566;0.028789;0.010458;0.02161;9.3451E-05;0.023339;0.0012696;0.0017175;0.0006545;0.0019374;0.026269;0.010443;0.0024194;0.0030288;0.011493;0.0018956;0.005235;0.0090995;0.0016893;0.0074976;0.020092;0.0029809;0.026688;0.00020255;0.028085;0.019273;0.0039683;0.00022038;0.003237;0.00048922;0.0064357;0.025625;0.0035201
36;2.4526;0.036343;2;0.85;0.5;50;50;Euclidean(MinimumTimesMedian);0.0023026;8.7875E-05;0.0094902;0.00013724;6.2252E-05;0.0075543;0.02584;0.0027582;0.01771;0.0016457;0.0018154;0.0042829;0.032388;0.032664;0.00062856;0.0016131;0.029918;0.0019102;0.00022012;0.033048;0.0020671;0.029195;1.226E-05;0.00026578;0.028251;0.004355;0.02929;0.0014106;0.00044519;0.015523;0.00095304;0.0025497;0.032149;0.031839;0.031264;0.024907;0.0019866;0.00042039;0.020132;0.00098707;0.0010852;4.7725E-05;0.032915;0.012245;0.03276;0.0032073;0.004558;0.00059533;0.021132;0.0015839;0.033108;0.026032;0.0056392;0.0031193;0.03283;0.0031411;0.00061459;0.025073;0.00054704;0.004986;0.0037534;0.002054;0.032659;0.0060859;0.00041573;0.0010641;0.016791;0.00083618;5.6774E-05;1.3926E-05;0.00010959;0.00020481;0.023518;0.031111;0.00088856;0.020893;0.027057;0.030627;0.00055601;0.0003882;0.0028029;0.0007493;0.026279;0.0072654;0.0004273;0.02912;0.0019289;0.0073909;0.0007572;0.00098757;0.0053251;0.00052178;0.0042519;0.0022927;0.0010394;0.00047767
population
1;0.88307;1.3599;2.0045;2.306;2.4105;1.0568;2.8981;2.5136;1.5778;1.0045;1.1698;1.6325;1.1974;2.5285;0.15926;2.4236;0.32875;2.4146;1.5869;2.7368;0.47876;0.70403;1.3643;0.37791;1.5405;1.4669;0.043833;2.3229;1.1253;2.1291;0.95053;0.62132;2.6594;2.8041;0.80943;1.4491;0.57265;0.80112;2.7242;2.2239;0.44263;1.9833;0.95062;1.6154;0.00013169;1.8241;2.3256;0.60671;0.15259;0.17683;0.8989;1.3166;0.72545;0.23856;1.1538;0.47202;1.5315;0.53853;0.18222;1.1387;3.4037;1.1016;0.98854;3.2901;1.2241;1.639;0.15949;1.7974;0.33281;0.2025;0.52133;1.6708;1.426;1.2708;0.16188;0.09051;0.66938;2.031;0.58005;0.29974;0.096462;0.041622;1.3293;0.25359;1.035;0.090004;0.01644;1.7529;1.4588;0.28898;0.24869;0.12349;0.12293;0.41295;1.342;0.38367
2;1.553;2.9483;0.50029;2.3354;2.4413;2.0161;0.47498;1.3066;1.0736;0.82364;2.9238;1.6488;1.1999;0.84571;1.5303;1.9049;1.1173;1.5044;1.6339;0.66017;0.96908;1.9925;1.03;0.73403;1.0417;0.45804;1.8758;1.491;1.0154;0.48255;1.1316;0.093185;1.1816;1.2243;2.1965;1.402;0.36033;0.61223;1.774;1.3681;2.2255;2.6439;0.3724;0.055521;1.6646;2.5107;0.39564;2.5815;1.3653;0.54476;1.3552;0.016084;0.17002;2.0577;1.925;0.14459;0.21794;1.4804;3.3163;0.39133;0.32637;1.6561;0.70324;0.3273;0.17372;1.0781;0.88972;0.10774;0.87222;2.3354;0.22152;0.29462;0.44114;1.7078;0.016227;0.80042;2.1205;0.74191;0.84426;0.099557;1.3998;0.75539;2.7788;0.7411;1.0992;1.4559;0.49851;3.1591;1.5534;3.8179;1.5295;1.0585;2.5961;0.16281;0.5329;0.98873
3;0.2762;0.35309;2.1994;0.64175;2.6647;2.3837;2.5223;1.6258;0.4863;1.1414;1.4188;1.1883;1.6157;1.1646;2.5923;1.2812;2.2342;0.28109;2.8725;2.73;1.3774;1.0622;1.5317;0.26991;0.22935;0.80355;1.085;0.55556;2.8301;2.7563;0.47123;2.0815;0.26426;0.62225;1.0699;0.33979;0.79238;2.8497;1.7248;2.9229;1.5769;2.1997;1.1231;0.016805;2.766;0.85154;0.38417;1.4512;0.19348;2.1024;0.87288;1.1392;1.0772;0.36278;1.8787;0.10519;0.87613;0.56061;1.4733;2.5858;1.4654;0.41859;0.62008;0.37853;1.1361;0.37596;0.18449;1.7502;0.083939;0.17588;0.088734;3.3382;0.48995;1.4335;1.1689;0.0040124;0.65354;1.7957;0.17521;1.0396;1.4191;0.17869;1.08;0.41727;1.0218;0.64757;2.0924;0.90076;0.37553;0.32255;0.76318;0.44435;2.0064;0.040167;4.7287;0.25903
4;2.3751;0.9104;0.98849;1.253;2.3357;1.1781;0.13006;2.2495;0.2852;2.3841;1.1086;0.68538;2.0811;1.8128;0.66602;2.4496;2.2199;0.62642;2.1626;0.30524;0.061194;0.27179;0.47956;2.4396;0.70916;0.32834;1.6659;1.7186;0.25212;2.7456;2.5936;1.5272;1.7257;0.005613;0.39429;0.91557;0.73744;2.8872;1.8964;1.364;2.1879;2.9773;0.30103;0.44854;2.4296;0.32813;0.33874;2.1901;0.057748;0.20127;1.7537;1.0213;0.63694;0.19692;1.1529;0.97938;1.7959;0.46596;0.0069035;0.43084;0.97176;1.1406;0.011042;1.2247;1.0113;0.18834;1.4676;0.77158;2.3668;2.2095;4.6389;0.11987;0.14044;1.48;1.9436;1.6073;0.98192;0.45992;1.8534;0.33047;3.2754;0.21666;0.15781;0.9268;0.75771;1.2065;1.5034;0.53762;0.34393;0.3629;2.2284;0.75558;0.30351;3.1397;0.12631;5.7839
5;0.35336;2.1643;2.4504;2.0863;0.36797;0.35132;2.589;1.5236;1.4412;2.0339;0.067449;1.7517;1.9269;0.41762;2.5435;1.9324;2.8778;0.93455;1.6141;1.4668;0.20536;2.8225;1.4735;1.9056;0.78272;2.4312;1.5464;1.8196;2.8649;2.3491;0.80979;0.5839;2.2636;2.9341;0.74409;1.0682;1.2469;2.4907;0.6363;2.6768;0.64616;2.4704;0.0019215;2.3244;1.1837;0.33098;0.38745;0.82614;0.42947;1.6598;0.87099;0.9293;5.5449;0.94405;0.21083;1.4103;2.6489;0.76961;0.38104;2.9522;1.2078;2.7106;0.072376;1.4985;1.7925;0.87;2.9662;2.9365;2.5989;1.2056;2.8846;1.4463;1.1938;0.77467;1.1816;0.34991;0.3118;1.0781;0.32078;0.66788;0.021515;0.47647;1.0009;2.152;0.7396;0.15835;0.50304;2.0621;0.32641;0.6776;0.2171;0.33006;0.070724;0.053295;1.8225;0.16235
6;2.1651;0.63722;1.5292;1.4662;1.8656;1.752;1.9403;1.8722;1.3798;2.4951;2.0945;1.2197;0.76179;1.5394;2.238;2.432;2.8443;0.1645;0.16567;2.8916;0.41025;0.91435;0.79645;1.9908;1.2172;0.52888;0.6341;1.4825;1.1869;1.3038;1.8058;0.54558;1.7629;2.6078;0.85718;0.82438;1.4095;1.7384;2.0665;2.854;2.4416;1.7967;1.8379;2.7148;1.6472;2.797;1.1287;2.5517;0.42364;0.012194;0.47377;1.2101;0.30105;0.197;0.66782;0.98269;0.36971;0.0082871;4.1461;1.366;1.4681;0.94341;1.3555;2.4528;0.77158;1.2754;0.11117;0.14468;0.11956;0.54791;0.43783;0.56468;0.82542;0.14732;0.47294;0.33353;4.9369;0.9689;2.0668;0.041639;0.22756;0.24179;1.5323;1.3454;1.5528;3.0058;0.7962;1.0141;0.057437;3.7678;0.31285;2.1082;0.029525;1.2264;0.00054945;0.33896
7;2.9514;1.2635;2.0564;0.022776;2.1246;2.923;2.3604;2.8599;2.4983;2.7647;0.3219;1.9738;0.30351;2.1081;0.95615;0.015121;2.5628;2.5522;1.6362;2.0757;1.4884;2.8815;0.18683;2.8921;0.42239;2.3418;1.5118;2.5873;0.021773;1.6575;0.7493;1.9116;2.0034;1.969;2.0437;2.2492;0.80125;0.62159;2.3543;1.2656;0.16617;2.7169;1.9396;2.2444;0.050107;0.30259;0.64872;1.4524;0.3387;0.045694;0.38566;0.89288;0.76271;2.5649;2.4642;1.5201;1.0635;1.4143;2.2591;1.4581;2.283;1.4902;1.0067;0.026934;0.54619;0.99823;0.28112;1.2124;0.66344;0.23723;0.43904;0.69973;2.2915;0.16429;0.39255;0.80464;0.91369;1.1215;1.9022;0.53917;1.0149;2.8711;0.29309;3.7124;0.28103;0.38647;0.55116;0.67358;1.0142;0.65592;1.3778;0.67242;0.094745;0.085736;0.53135;0.68024
8;1.625;1.7367;2.556;1.7014;2.9602;2.5533;2.4814;1.3296;1.0139;2.098;0.52511;1.4117;1.2962;1.9109;0.53186;1.8958;2.3422;2.6478;1.0799;0.84015;2.8087;1.6808;2.6941;2.7714;0.33847;1.8953;0.80305;0.011705;1.1302;1.2233;2.3228;2.5181;2.7495;0.30733;1.4941;0.95116;2.2087;1.2809;1.3726;1.1759;1.5224;0.82937;0.88368;2.3972;1.1229;1.6729;1.1117;2.6391;0.55034;0.21831;0.49497;0.16331;0.16544;1.2852;3.058;1.9402;2.6147;0.29524;2.8687;0.3714;3.6668;2.1607;1.2814;0.13732;1.0845;4.3283;0.77659;1.5184;0.41744;0.32881;0.70606;0.17491;1.4494;1.4292;0.34741;0.81335;0.32969;3.3795;0.16926;2.1878;0.12113;0.65701;0.42873;0.0305;0.4133;1.9107;3.1664;0.71661;0.47261;0.0097077;0.85439;0.84265;0.078176;0.46526;1.1395;0.31676
9;1.8004;1.1928;2.519;1.6698;0.18308;0.66751;0.93934;0.038868;1.6134;0.85154;1.98;2.16;0.60902;0.43739;0.86206;2.6736;0.88632;0.56134;1.3408;1.7488;0.01227;1.1268;2.119;1.6622;0.8996;2.3557;1.4577;1.8605;1.9356;0.50035;1.173;1.9205;0.23467;2.7376;2.7415;2.1081;1.1943;0.48941;1.8607;2.0016;0.89007;0.022282;2.1177;1.7507;0.19519;1.0803;1.0419;0.38015;1.1154;0.62875;0.43173;0.39151;0.63512;0.73901;0.43361;1.997;0.85667;0.18516;0.0098123;0.66174;0.62311;0.23658;3.2237;0.92765;0.98336;2.0137;0.59689;0.098726;1.2245;0.70029;0.16241;0.28332;0.53843;0.46398;0.19897;0.72513;0.315;1.2912;1.0007;0.17152;1.9047;0.20209;0.88729;0.62626;0.0042141;0.24462;0.73168;0.25485;0.75582;1.0304;0.19211;0.82539;4.81;2.1206;0.082505;0.33137
10;0.39738;2.4826;1.6697;1.1724;2.2601;1.2785;1.6963;0.84104;2.0181;2.2122;0.82525;2.9484;1.7221;1.3283;0.68451;2.917;0.7711;1.0646;1.5126;2.4675;0.84574;2.9511;1.2716;1.1587;1.1667;1.9464;1.8671;2.7813;0.52351;0.47176;2.3998;2.5228;0.46286;1.5117;0.47661;1.7751;0.42257;0.19697;0.78262;0.24034;1.8944;2.185;2.7819;0.60993;0.83033;1.0631;0.83453;0.0287;0.79381;0.2207;0.28407;0.71506;2.6184;2.22;0.41612;0.93357;0.31917;0.28462;1.8306;1.1097;3.9327;0.95377;0.53133;0.087575;0.88341;0.47851;3.2341;1.7114;0.071138;0.30665;1.5615;0.54717;0.34777;0.050693;0.20138;5.2485;1.1513;0.49514;0.35343;2.0643;0.84791;0.41354;1.2415;0.20314;2.1692;1.0519;1.9844;0.44851;0.019002;0.49148;0.9238;3.0743;1.3653;0.13321;1.3276;0.47764
11;2.1685;1.705;0.3442;1.2368;2.665;2.4719;2.3051;1.4284;2.1229;2.9466;2.4623;2.3036;2.0573;0.068636;1.9517;1.9967;1.2433;1.7903;2.7572;0.14905;0.026257;1.2718;2.8093;1.1498;2.9337;0.83421;1.5479;0.16994;2.6968;1.3776;0.028449;0.22791;2.8884;0.75322;1.7938;2.5615;0.51983;0.47908;0.59794;0.63491;2.5503;0.36628;2.2772;2.3932;2.6396;2.0837;2.3226;1.2259;0.18782;3.4429;0.63223;0.87842;3.7056;0.24503;1.2721;3.9174;0.40426;0.43013;0.27069;0.15329;0.73119;0.69609;0.55612;0.93037;0.27744;0.50283;0.11649;0.24174;0.17544;2.5479;0.88953;1.4763;0.8899;0.79567;0.91271;0.0024438;0.12915;2.1375;0.50098;1.2333;1.4913;0.23568;0.28265;0.36452;4.1678;0.50967;0.85169;1.1556;0.91244;0.75061;0.012699;0.22192;1.3916;0.1976;0.081906;0.034947
12;1.2069;2.5239;2.5581;0.037785;0.70928;0.23464;2.5118;0.19904;0.36968;1.2378;0.87857;1.9319;1.0543;2.2861;1.115;0.62135;1.5458;1.8389;2.5232;1.0931;2.9039;1.039;1.9118;1.5822;2.4348;0.32163;2.1543;0.78492;1.8032;1.0165;0.81814;1.9626;2.4462;1.4203;2.7922;0.25686;2.5973;2.7552;1.756;1.233;0.3572;2.4153;0.76146;1.9155;1.147;1.2834;2.5768;0.29472;3.4761;0.1706;0.2206;1.6057;3.1546;0.67293;2.9291;0.45435;0.28013;0.13382;0.31342;2.885;0.008872;0.03888;1.737;0.24739;3.9208;0.25097;0.017748;1.449;0.7329;0.27876;0.065231;0.19482;0.074337;1.203;0.55288;0.42389;2.4108;1.1807;0.46637;0.71922;0.13989;0.15527;0.86266;1.1665;2.3226;0.67665;1.0527;0.37381;0.21817;1.6515;0.037898;0.088246;0.79731;0.25031;4.2649;1.6087
13;0.84047;0.82863;0.0016325;0.42518;2.757;2.0518;2.6063;1.7318;2.3581;0.97277;2.4757;1.3857;2.0574;1.8976;0.27185;1.1844;2.1642;0.21417;1.2372;0.63432;2.1879;0.9739;1.119;2.2195;2.4437;1.8648;1.1108;1.1652;0.21472;0.91044;0.58434;0.070125;1.7552;1.2503;1.5252;1.9085;1.5284;0.22711;2.4277;2.3669;0.78104;1.5367;0.15793;1.6575;1.932;2.1626;1.003;2.8466;0.10406;0.46443;0.091303;0.93697;1.3571;0.61127;0.20046;0.019406;1.1964;2.226;1.4308;1.2697;1.024;0.088258;1.4185;0.5036;0.039354;0.35121;1.2362;0.76895;0.49829;1.2012;0.90969;0.33276;2.0753;5.3439;0.54074;1.8283;0.039748;0.22187;0.5125;0.053417;1.7658;0.37396;0.24106;1.9528;1.6564;0.7208;0.59532;0.15039;1.2416;0.87169;0.24665;1.1417;0.94512;1.1459;0.11111;0.56324
14;0.24505;0.26056;2.7075;2.8917;2.8613;0.17869;1.6841;1.5139;1.7948;2.5706;2.821;1.9261;0.59017;2.4589;2.3429;0.12591;1.7722;1.118;2.1503;0.98489;0.63039;2.086;0.16822;0.63316;2.0279;2.9481;0.49251;0.63013;0.71917;1.6444;2.45;0.67951;2.4174;0.90074;1.6707;1.0338;0.91007;1.0851;2.3278;0.54542;0.83775;2.0624;1.8641;1.9309;0.3613;1.5344;2.6075;1.2904;0.087415;0.76337;0.34035;1.1803;1.2791;0.045967;0.45486;0.78029;0.058627;1.4466;0.65199;1.6144;0.60465;3.0078;0.30999;0.20218;0.20937;0.95244;0.77922;0.49279;1.3813;0.11956;0.58938;0.17681;0.26164;0.54941;2.7393;0.47483;0.10268;0.38633;0.17039;0.075351;3.1092;0.46944;3.1158;1.5381;0.13617;0.58633;0.34172;4.4841;0.73545;0.6036;0.17065;0.85418;2.7037;2.4042;1.0844;1.06
15;1.2993;0.58055;2.0587;0.49925;1.9167;2.9649;1.1568;0.1541;0.11401;1.5465;2.6771;1.505;0.076292;0.4022;1.8987;2.1496;0.76726;0.6428;0.026207;1.4678;1.9287;0.94789;2.5106;2.9794;0.60792;1.8867;0.53835;0.35855;0.008099;2.6604;1.605;2.3548;0.69679;2.4319;2.4483;2.2656;0.71547;1.5327;1.696;0.55754;2.2219;2.9688;0.90392;2.4866;0.20248;1.7136;1.6131;2.8347;3.0154;0.1859;0.70138;0.014744;0.63987;0.080881;1.0733;0.62131;2.4564;0.016665;0.88291;0.81816;2.0464;1.222;0.4089;2.1895;0.32822;1.4537;0.20875;0.45105;0.26127;0.53901;0.050674;0.79167;0.16435;0.31259;1.6062;0.040964;0.59698;0.23793;0.30224;0.063851;0.56841;0.57771;3.4368;0.078512;2.0189;1.9208;4.0861;0.44966;1.8884;3.3277;0.64232;1.4452;0.03055;0.4697;0.46219;0.51
16;2.4976;2.4122;2.3562;0.45271;1.1954;2.3702;2.1319;2.9186;1.6281;1.0598;0.59657;1.3848;1.2328;1.0554;0.59333;0.84388;2.8701;1.1448;1.0338;1.083;0.88808;1.9903;2.634;2.7878;1.3286;1.5497;0.40714;0.040879;2.2396;2.4224;1.0122;2.4206;2.277;1.8917;0.90653;0.094218;0.58305;2.7058;0.57962;0.21078;0.98545;1.1451;2.4959;1.6854;0.51262;2.2019;0.59347;2.4998;0.87518;0.44807;0.14254;0.43911;0.15848;0.74965;2.8325;1.7632;0.89549;2.3046;0.10345;0.062037;0.30452;1.196;2.8108;0.38327;1.5159;0.44797;0.65298;0.44829;0.36747;2.2089;1.9853;1.0903;1.4574;0.47532;1.7277;0.74964;0.7083;0.41038;0.21357;0.27861;0.36771;0.35363;3.0886;2.3132;2.1913;0.020832;0.54691;0.42594;0.31058;0.56956;0.5118;0.10072;0.20058;0.23723;0.84539;2.062
17;0.29599;2.7801;2.3114;1.4632;1.8963;0.36745;1.7766;1.4368;2.5234;2.5817;1.187;0.93398;2.3324;0.031089;0.32444;1.4313;0.59053;1.6887;2.6813;2.1753;1.7276;1.0174;2.5723;0.99121;0.68484;1.6372;2.897;2.3829;0.90866;2.6143;0.052091;1.0756;0.68162;0.7061;0.81585;1.2214;0.62193;1.5042;2.0312;1.1844;2.6779;0.53539;2.2947;0.77619;0.62171;0.67439;0.26881;0.85445;1.1382;0.24879;0.89527;1.7409;0.091107;0.024438;1.273;0.15322;0.96962;0.44211;0.49;0.045154;0.012457;0.39683;1.7603;1.2621;0.35226;0.29078;1.802;4.7017;0.66874;0.74476;0.080308;2.5817;1.3782;0.40821;1.9207;0.00021242;0.30718;1.3962;2.3107;1.5827;1.7137;0.12194;0.94537;1.1341;1.2812;4.1244;0.51203;1.3799;0.38225;1.9201;0.095881;1.9335;1.2364;0.21928;0.20044;1.8076
18;2.0479;0.83175;2.0451;0.70163;0.96042;1.235;2.1087;0.74292;0.94057;2.7422;0.78507;1.0988;1.0769;0.18973;0.061103;1.2288;2.9939;0.4021;2.1712;1.5339;1.492;0.13657;0.44823;2.0807;2.506;1.5573;0.91434;2.5665;0.30634;0.41143;2.5436;1.5534;2.3723;1.3158;0.088818;2.3298;0.078854;2.6453;2.8629;1.0336;0.74267;2.9499;0.33912;1.9722;1.6108;1.928;0.63458;0.95178;0.64088;3.1881;0.41076;0.86501;1.5294;0.17264;0.12833;0.25057;3.0367;0.10575;0.51736;1.117;0.47151;0.58389;0.51233;0.81006;0.13817;0.10376;1.0845;0.27178;1.7418;0.58075;0.69396;0.31126;1.4012;1.6824;0.49534;0.3213;1.3067;1.3148;0.89101;0.14567;0.10762;0.17213;3.3474;0.14102;0.048688;0.018344;0.3107;0.43056;0.47254;0.53765;0.042141;1.5418;0.054112;3.804;0.22302;0.52987
19;1.6221;0.5026;0.71305;2.0907;0.10332;1.5825;0.31322;2.6129;1.3283;1.8577;2.0914;0.74344;1.9432;2.6337;0.47704;0.16545;1.7911;1.8444;0.65281;0.62114;2.0363;2.1597;1.3854;1.0731;2.0858;1.3596;2.5152;1.4631;1.9199;2.3339;2.8229;2.4767;0.366;2.5419;1.8969;2.1653;1.2664;0.2606;2.7442;2.8156;2.7277;0.52285;1.7933;1.2291;2.1528;2.1747;0.42451;2.727;0.77599;0.6329;0.23721;0.052787;0.48706;0.0055945;0.33117;0.011745;0.58019;0.73138;3.0894;0.10985;1.112;2.507;0.21617;0.073942;0.16751;0.3094;0.42687;1.1959;0.033156;1.9248;1.1255;0.52017;1.2202;0.073128;0.32205;0.34213;0.35511;0.17178;0.63441;2.0027;0.63259;3.0055;0.60202;0.60546;0.46498;0.012615;0.17829;3.7283;0.29355;1.0195;0.19878;5.2629;2.2663;0.010498;0.47941;0.31571
20;2.217;1.8016;0.24093;2.474;2.365;1.4167;1.4426;0.14788;0.55184;0.060158;1.6864;2.4173;0.36356;0.81509;1.8702;2.9892;1.1658;0.25805;2.7994;0.25673;1.5568;2.2802;0.89899;2.388;2.1968;1.4903;2.6795;1.9532;1.3763;0.016189;0.25098;2.7377;1.8614;2.4284;2.7751;1.2831;2.1069;1.0941;2.498;2.6149;0.31457;1.2942;0.18387;2.339;1.9995;2.6535;2.8818;1.7293;0.33375;2.9403;0.14801;0.37616;0.56943;0.47324;0.46948;1.7489;0.19928;1.8979;0.032062;1.429;1.5082;1.0035;1.098;0.97544;1.857;0.053768;0.5227;1.0987;0.61718;0.34503;0.74711;0.31926;0.18702;0.81641;3.7706;0.22036;0.52204;2.6053;0.38848;1.0262;1.2735;1.1295;0.11938;0.73808;3.2795;0.12996;1.8952;2.6393;0.38087;0.4605;2.8674;0.010505;0.544;0.12789;0.31405;0.7075
21;1.115;1.0147;1.1717;0.2364;1.7478;0.24536;2.8033;1.6748;0.71055;2.7696;2.8794;1.9837;2.5211;1.9514;2.5946;0.93004;1.8623;1.1145;2.9387;2.1351;2.3374;2.2014;2.6216;1.9895;1.4051;2.9322;2.9313;2.6716;1.8173;2.8941;0.011839;1.4476;0.49163;2.794;2.2575;2.5863;2.9149;2.3419;1.3438;0.52351;2.4842;2.1419;1.1866;1.8131;1.2332;1.2171;0.53502;2.7978;0.064201;1.8489;0.59447;0.40641;0.92752;0.11123;1.155;0.21459;1.5867;0.2097;0.081231;2.4726;0.18934;1.4262;0.3985;0.23392;2.2697;0.38381;0.3538;0.5846;0.095031;0.1418;0.22561;0.49055;1.6467;1.6401;1.8855;0.88494;0.75404;0.39759;0.43479;0.32429;1.1516;0.48433;0.13708;0.48028;0.44959;2.5766;1.3754;0.51445;0.11069;0.80899;1.0665;0.25316;1.4332;1.0867;0.15402;2.6548
22;2.3379;2.9569;2.8972;2.9421;1.467;2.7326;1.5959;1.743;0.44871;2.465;2.7651;2.9604;2.8894;0.27736;0.19925;2.4243;2.3508;2.1829;1.4007;2.373;0.96149;1.793;1.9402;1.1424;0.63957;0.89503;2.6035;2.9032;1.6719;2.4968;2.2212;0.037661;1.2338;2.335;2.8807;1.2872;1.4767;1.8065;2.7339;0.41727;0.83183;1.5525;2.8161;2.9668;0.96604;2.1364;2.4383;2.9959;0.87519;0.83122;1.1413;0.26739;0.64774;0.58407;2.1605;2.6802;0.51299;0.24333;0.44891;0.0095763;0.8845;0.38849;1.5309;1.712;0.80586;0.37295;1.9346;0.11803;1.4461;0.55083;1.5655;0.22801;0.82807;1.1257;5.2414;0.34518;0.11192;0.79341;0.19618;0.27726;1.3849;1.2895;0.015244;1.1551;0.12138;0.358;1.7583;1.5907;0.75385;2.1667;0.027081;0.20634;0.65116;2.3815;0.047375;1.0949
23;0.44071;2.0867;2.9753;1.2796;2.6948;2.7445;2.0833;1.0493;2.782;2.4231;0.11614;1.4208;0.56167;1.2204;1.4482;0.66913;1.6874;0.4012;0.17243;0.11327;0.81372;2.0762;0.15806;2.9146;2.6347;1.9663;1.0603;2.4229;1.5572;1.9313;0.13713;1.9959;0.7522;2.9178;2.3397;0.53224;1.1038;1.8746;2.1;0.72218;0.71646;1.9729;2.7681;1.5633;0.61175;1.6807;0.61215;2.8885;0.22156;0.37934;0.76312;1.8513;1.8151;0.071095;3.8336;0.7095;1.5339;0.82384;0.729;0.23643;0.57985;0.48757;5.7963;0.29029;0.099203;2.4523;0.71712;0.24756;0.59831;0.79117;1.0095;1.583;1.3875;0.07851;0.64863;1.6782;2.8048;0.12106;2.3954;0.62034;0.25598;0.17644;0.47084;0.25248;0.11446;0.16428;1.3343;0.4443;0.083881;1.1948;0.43004;0.1835;2.158;0.32123;0.058113;0.55894
24;2.2482;1.3973;0.47864;0.48176;0.18118;1.5914;2.6051;1.7898;1.5682;2.5357;1.8952;1.8663;0.79689;2.943;0.042947;0.11123;1.5059;2.4535;2.9624;1.3636;1.6664;2.5318;0.93154;1.763;2.659;2.4841;1.9931;0.69883;2.9651;2.1136;2.146;1.2861;2.8795;0.97638;2.6043;1.543;0.084854;2.6044;1.7281;0.64978;0.85063;1.4142;2.0407;2.8731;2.0218;0.41024;1.3752;1.8936;0.063995;0.30731;1.0361;0.29562;0.26767;2.5884;1.1345;0.091888;0.26269;0.26901;2.5182;0.24759;1.1152;0.74128;0.34849;1.2528;0.29872;0.28037;0.37696;0.83089;0.1674;0.60636;0.78014;0.96143;1.4639;0.34278;0.15389;1.0306;2.2953;2.2108;0.15055;0.27606;1.4935;1.3208;0.076148;1.0191;0.14497;0.087469;0.62782;0.084559;0.23859;0.084382;2.2488;1.4833;0.25114;0.3475;0.5685;0.1975
25;0.30448;1.5824;2.575;0.010565;2.4951;0.46171;2.8585;2.9026;1.7864;2.7633;2.1464;0.038644;2.1495;1.0776;1.8337;0.77301;1.1778;0.87214;2.0926;2.796;1.4112;0.65956;0.018695;0.66798;2.3523;1.1592;0.63686;0.69237;0.27928;1.959;0.52157;0.7406;2.2541;0.32326;2.6762;0.73871;0.14892;2.6936;2.6702;0.0028916;1.4467;1.5721;0.66552;1.8066;2.3966;1.3484;0.69858;2.6239;0.41864;0.84492;0.99493;0.2744;0.4879;0.16536;2.9145;0.12185;1.2357;1.6123;0.23299;0.53111;0.29676;0.90693;0.83163;3.2261;0.39024;0.15167;0.0083085;0.16049;0.24156;0.55967;0.70845;1.2821;0.24437;1.2435;0.1481;3.6799;0.90985;2.383;1.6427;1.6569;2.5206;0.78044;0.53639;0.33928;0.0039897;1.8325;0.60092;0.36107;0.41966;0.0063447;0.75016;0.40704;1.1434;0.20173;0.95882;0.47975
26;0.6814;1.0516;0.44783;0.9149;2.8333;2.0768;2.7534;0.26921;1.5587;0.81421;2.673;1.7656;0.5272;1.1621;1.9905;0.30456;2.8371;1.5434;0.72684;0.57409;1.724;1.6719;1.1538;1.0207;1.7649;2.7118;0.79151;2.3091;0.23079;0.66575;0.36608;0.39039;2.4975;1.3345;0.54227;0.657;1.6935;0.51526;2.1937;1.1192;0.82556;2.4174;1.4619;0.38711;0.77192;2.5357;1.3385;2.7115;0.35313;1.0852;0.15315;2.9432;0.25617;0.9201;0.26707;0.60049;1.2642;0.44792;0.30513;0.16864;0.84119;0.062219;0.81325;0.613;0.33862;0.093925;1.2525;2.1651;0.15959;0.59168;0.18629;0.39669;1.7843;0.75211;0.21897;0.69084;0.2352;0.055957;0.4557;0.60326;0.58759;0.37994;0.17218;0.45897;0.34486;1.9699;0.36004;0.096557;0.19348;1.2176;0.73241;0.084058;0.13432;0.44345;0.83644;0.26282
27;1.6797;2.7059;0.30574;1.9498;2.9607;2.1873;2.0957;0.97415;0.27867;2.0638;1.5236;2.9;2.3854;1.9145;1.1654;2.0678;0.77587;2.5723;1.2545;2.9667;1.0003;0.90947;0.39492;2.9608;1.3112;1.7777;1.3332;0.13206;0.013952;0.38375;1.741;0.92377;0.42383;2.7412;0.065952;1.3585;0.71868;1.5703;1.1483;1.5919;1.6773;1.9987;2.2343;2.7598;2.3225;1.8323;0.20089;0.84812;1.3975;0.31724;0.66935;1.176;2.1116;0.0752;1.6316;0.48032;0.69022;0.16133;2.8822;0.68922;1.4642;0.44022;1.3772;2.0373;1.0202;1.3207;1.0598;0.19425;1.6342;1.3809;1.8941;0.64362;0.74332;2.2037;0.21707;1.728;2.5382;0.13562;0.35262;0.23999;0.1973;0.21394;0.23512;1.7587;1.1229;0.83113;0.51429;0.11068;2.2964;0.54904;2.3318;1.8252;2.0233;2.1149;0.35683;2.5152
28;1.4795;2.3685;2.5929;2.8221;2.1179;0.60364;0.58126;0.22464;1.7367;2.9869;1.0196;1.3882;2.709;1.826;0.91722;0.61067;1.302;0.79933;0.55515;0.45637;1.6628;0.49904;2.1819;1.3076;1.9648;2.2736;1.2142;0.64784;2.132;1.1682;2.21;1.4824;2.4894;1.6873;1.0282;0.87141;2.8771;0.82954;2.0214;0.58286;0.1666;0.50009;2.1227;0.77946;0.43923;2.9702;2.5951;2.9513;0.2703;0.092517;0.8458;0.89374;1.195;0.29766;0.23909;0.88864;0.4931;3.2219;0.62639;1.6184;1.4772;0.53812;0.76651;1.4139;1.0607;0.39116;0.1445;0.94111;0.55783;0.059768;0.79208;0.35298;2.0481;1.1321;0.015591;0.28868;0.63379;2.9522;1.3857;0.38282;0.30828;2.8349;0.10577;0.32652;0.28703;0.91137;1.2434;0.42858;0.76178;3.4594;0.59222;0.53538;0.14145;0.63954;0.0045691;1.2849
29;2.7371;1.4054;0.55319;1.1063;1.2954;1.7707;0.82284;2.9111;0.87816;1.8683;0.38449;1.2583;1.6707;2.2616;1.5333;0.71777;2.0204;1.1295;0.23242;0.1884;2.1445;2.284;0.82414;1.3825;0.16576;0.98186;1.7769;0.82996;0.065407;0.83893;2.0712;1.9079;0.80301;2.3749;2.4534;0.69342;0.71967;1.6804;1.5641;1.2779;0.2555;0.74179;1.4159;2.2772;1.9357;2.5851;0.79994;0.35497;0.35367;0.2897;0.051469;0.24242;1.703;0.79861;1.4665;0.10525;0.40234;0.43351;0.14986;0.62156;0.72032;2.0209;2.2304;0.76422;1.6738;1.1714;0.98123;0.047763;1.4194;0.75594;0.4995;1.2109;2.3701;4.7336;2.3081;3.6714;0.7226;2.9621;0.52093;0.68292;0.19833;1.3351;0.3545;0.71897;0.19275;2.5379;0.28569;1.6554;0.15956;0.36175;0.56827;3.5775;0.53651;0.28072;0.31809;0.31319
30;2.7734;0.97524;0.86954;1.9571;0.72252;0.62957;2.8868;1.0153;0.89197;1.8933;2.6112;0.13523;1.2512;0.30889;0.75539;2.0546;1.5901;2.8786;0.13807;1.5888;2.1632;2.2907;0.34834;0.3538;1.8494;2.4983;0.65003;0.52825;0.18497;2.0676;1.5268;1.1775;0.96932;1.406;2.1688;0.51624;0.44193;2.5662;2.5008;2.8602;1.2325;2.094;1.3991;2.3329;0.88214;0.2871;2.9304;0.38163;1.915;5.5585;0.99327;0.020613;2.1024;2.3765;0.128;0.24334;0.2878;0.32262;1.2892;2.0436;0.33554;0.74809;0.577;0.98176;0.98152;1.393;0.44666;0.58211;0.64725;1.1555;4.2866;0.56723;0.0165;0.18374;0.84245;1.5947;1.3004;0.18566;3.9341;1.5035;0.81148;0.25837;0.57484;0.19713;0.13139;0.71167;1.2292;0.040053;2.3594;0.90122;0.32704;0.023785;1.3492;2.1995;1.7059;0.015878
31;0.0055933;0.20435;0.90114;2.4953;1.8047;2.6056;2.753;2.6555;2.4233;0.30118;2.4602;1.2371;1.0127;0.32599;1.7011;2.6929;2.4351;1.0937;2.2794;0.59843;2.7374;0.23374;0.69612;1.9389;0.93612;1.082;2.8322;2.9992;1.8831;1.6662;0.58016;1.2242;0.96796;2.5773;0.56378;2.97;1.6947;1.4945;1.1986;2.505;2.289;1.458;1.0763;2.3385;1.7201;0.3999;1.567;2.4228;0.092476;5.1247;1.9274;0.67549;1.2351;0.88694;1.2771;0.48828;1.159;0.31196;0.096017;1.171;0.25054;0.61586;0.046946;0.66725;0.53149;0.49438;0.079266;1.2473;2.2862;0.2838;1.3176;1.2161;0.73972;2.2689;1.2345;0.72799;1.2826;3.058;0.32102;0.26999;1.2322;0.114;0.036016;2.8004;0.71145;0.62149;0.42632;1.3272;0.5279;1.1087;0.040441;2.5137;2.4576;0.13161;0.094013;0.54007
32;0.91998;2.8788;0.63131;2.9561;0.082919;2.7802;2.7528;2.1014;1.1394;2.1669;2.946;1.6626;0.86425;1.0178;2.1371;0.15867;0.79858;1.9574;2.9122;1.2006;1.4212;0.1475;2.8247;1.4034;1.9969;1.4577;2.8957;0.99349;0.034006;1.7465;1.2964;1.9358;2.5963;0.583;2.0236;0.21191;1.075;2.9435;2.5385;1.2217;2.7552;1.0623;0.4005;0.36594;0.75584;2.4965;2.0355;1.6787;1.5377;1.1218;1.3644;1.4157;1.2959;0.77922;2.2334;0.49213;0.6486;1.3866;2.0123;1.5234;0.089076;0.13811;1.5556;3.759;2.9246;0.88893;2.3778;0.52638;0.099725;0.19023;1.9851;4.0637;1.946;1.1719;0.24484;2.6699;0.37572;0.61562;0.31963;0.058273;0.11913;0.077123;0.26187;0.31969;0.75047;1.8147;0.35119;0.49944;1.7028;0.58778;1.1906;1.8621;1.5754;0.20703;1.2337;0.094814
33;0.43884;0.64471;0.091317;0.68932;2.8373;0.061008;0.58259;1.2077;0.33313;0.34108;0.86222;0.867;0.50038;0.5091;0.16462;2.8296;0.40234;0.57313;2.8113;2.9202;1.4573;2.0344;1.7128;0.86569;2.1504;1.623;1.3354;1.2406;1.2422;2.9556;1.6489;0.37698;0.97841;1.4038;0.34782;1.9039;1.9495;1.417;0.058199;1.0555;2.8253;1.5753;0.042424;2.8646;0.70304;0.1947;2.6312;1.8936;0.61276;0.36564;0.14763;1.4343;0.37244;0.25752;0.45531;1.3282;4.8347;0.095174;1.4213;1.9864;0.26721;0.60201;0.90384;0.35929;1.4463;1.2;0.32548;0.050969;0.090505;2.6218;0.25007;1.901;2.2492;0.8588;0.37249;0.088389;2.072;2.6197;4.4304;0.91377;0.42403;2.5483;0.24596;1.7237;0.071071;0.69127;0.35989;1.2568;0.21572;0.64673;0.11434;0.04942;1.418;0.85925;1.4717;2.5791
34;1.1606;1.6631;2.2185;2.9582;1.3481;0.0091546;0.052089;2.3017;1.7609;2.4037;0.11472;0.56182;2.8112;2.7731;0.13746;1.6883;1.3371;1.2347;1.76;0.95021;0.95816;1.7039;0.75903;1.5243;1.195;1.0999;0.8098;2.3903;2.5721;0.17782;1.865;0.64614;1.0516;0.35985;1.278;0.94224;2.8902;2.3251;1.2077;2.4827;1.969;0.089696;2.9809;2.5578;0.99901;0.90907;0.25995;0.14784;0.19756;1.0529;1.3166;0.33812;0.69817;3.2327;0.43028;0.37159;0.46881;0.84207;0.50764;0.9684;0.47725;2.6282;1.5566;2.2278;0.57068;2.4009;1.855;0.19861;0.25632;0.026338;1.4949;0.13999;0.13751;0.0085626;0.10075;1.2746;0.32525;0.27765;0.090681;1.2046;0.71043;0.054168;0.096747;3.7162;0.86096;1.2344;0.58696;0.14951;1.498;0.75172;0.40529;1.9602;0.68345;2.2724;0.3597;2.3217
35;2.4949;2.6817;1.7043;0.2857;1.5516;1.3324;1.78;2.2936;0.59323;1.9562;2.9192;1.2015;0.65373;2.4738;1.728;1.299;2.7734;1.1119;1.3708;1.9048;1.5696;1.6504;2.8105;0.97116;2.5775;0.63748;1.087;2.0311;2.5255;2.7524;2.9697;2.6845;1.5159;1.1876;2.2859;1.8774;1.9813;2.3323;2.1368;0.049999;0.043585;0.56466;0.44093;2.8551;0.094832;1.7545;2.1964;0.23473;0.55652;1.1668;0.20887;0.12498;1.1203;0.4946;2.2177;3.9075;0.73355;0.51934;1.9655;0.033006;0.2373;0.25635;1.1914;4.164;0.030399;1.1985;0.0030522;0.97403;0.74844;1.3806;1.0095;0.22101;0.81178;2.783;0.70781;2.3541;0.47192;0.023249;0.12851;0.73695;0.69095;0.91828;0.084754;4.3868;0.4519;1.1065;0.40392;0.47298;1.2097;5.649;0.56357;0.65257;2.7959;3.3919;0.28096;1.2427
36;1.009;1.9803;2.0024;1.9663;2.1001;1.6576;1.1602;0.58278;0.808;0.84241;0.12422;2.6973;1.4244;1.6325;1.5887;1.8495;2.69;1.0027;1.8172;1.0095;1.0773;0.9389;2.7902;2.8587;0.88321;0.39722;0.6951;0.68272;0.45463;1.4064;1.6598;1.7628;2.5716;0.64536;2.6561;1.8018;2.1207;0.41075;1.6502;1.7395;0.23689;1.769;1.9163;0.90269;2.4102;0.531;2.4646;2.0792;2.1787;0.014426;0.29658;0.33243;0.90259;0.95969;0.075953;1.3724;1.403;4.4852;1.7287;1.4429;0.576;0.23335;1.4097;0.44129;1.7184;1.4941;1.0549;3.6877;2.3134;0.15285;1.2851;1.3886;0.29437;0.92405;3.1164;1.7785;4.2548;0.15631;1.033;2.749;0.13984;1.5169;0.38628;0.63488;0.22464;0.025056;3.0924;0.68354;0.1205;0.31484;0.23136;3.882;0.21335;0.072819;0.31976;0.076763
37;0.39314;0.3964;2.7417;1.9558;1.1157;2.7014;0.83285;2.3664;0.213;2.4852;0.72015;2.8018;2.55;0.26087;2.6836;0.48528;0.38208;1.9365;0.48985;2.9023;0.30852;1.6138;0.73564;2.5913;1.3181;0.28202;1.0753;2.7627;2.6665;2.2613;0.11237;2.7627;0.43738;0.11419;2.0204;1.9366;2.8381;0.77503;0.53863;2.8533;2.1999;1.8073;2.5679;2.3661;2.8796;2.6641;1.9025;2.0056;1.3871;0.41141;2.2896;0.06156;0.032292;4.2856;0.25862;0.12653;2.0311;3.6929;0.21966;0.21636;0.10978;0.49746;1.3524;0.13887;2.1971;2.1005;2.2972;0.86839;1.73;0.098804;0.1133;0.3238;0.36296;2.1135;0.35983;1.1351;0.92867;0.23011;0.36501;0.72887;0.41396;1.2438;0.81153;3.4763;0.26614;2.0831;0.87602;0.62825;1.0319;1.0105;0.16848;2.1286;1.13;1.0986;2.8916;0.73358
38;0.50587;2.4966;2.6759;1.3386;2.2165;2.846;0.39332;0.16186;1.149;0.89426;0.41167;0.041894;2.5547;2.2914;1.6654;0.19204;0.31031;1.2465;0.85292;2.8261;1.398;1.1373;0.89766;0.048441;1.9226;0.25497;1.6608;1.6864;2.1433;1.777;2.6246;2.4384;1.358;0.83206;1.3794;2.945;1.2305;2.2539;1.9946;0.68805;2.3773;0.8745;0.16384;2.2054;0.92849;2.0506;0.12195;1.023;1.4736;0.18867;0.66584;0.31807;1.0094;1.2534;3.0384;1.3304;0.047471;2.3699;0.078004;1.2077;0.60422;1.1387;2.2238;1.6705;0.83778;3.0678;0.84728;0.10862;2.1764;0.44104;0.024672;1.9404;1.9135;1.1615;1.7169;0.35455;0.80951;0.19498;0.5802;0.040714;0.21732;1.6501;0.21183;0.082237;0.26965;1.3654;0.0038491;0.9029;0.44346;2.3161;0.73455;0.28343;0.041357;1.1334;0.49316;0.97412
39;0.61097;1.636;0.63843;2.5022;1.9279;2.447;2.9443;2.4455;0.80164;0.34525;2.7982;2.9463;1.9856;1.889;2.7314;1.6449;1.6291;2.7345;0.333;0.78233;0.32991;0.36177;0.053798;0.7139;2.4798;0.41505;2.4047;2.5525;2.964;1.3735;1.3823;2.2973;1.3722;2.6055;2.9556;2.3291;0.71139;1.9135;2.6221;1.0059;0.9394;2.2627;2.2492;1.3436;2.8903;0.23028;2.4168;0.87908;0.64337;0.54371;2.4983;0.64501;0.42555;1.8035;2.228;0.15285;1.7575;1.2587;0.25849;0.11485;1.06;2.1219;1.6356;0.17745;0.70651;0.33984;0.51661;0.85778;0.98179;1.208;1.1318;2.6493;1.5273;1.4353;3.8702;3.2156;0.46681;0.48048;1.6133;0.1791;0.77989;0.31412;0.12298;1.7181;0.12322;0.62833;0.37974;0.24917;0.44995;0.06738;0.31399;5.9387;1.9375;2.2498;2.2777;1.0166
40;0.2808;0.22081;0.19765;0.94453;1.4823;0.69748;2.4593;0.48775;2.7169;0.81016;0.3144;2.6349;2.742;0.3952;0.097135;0.41198;0.92596;0.3019;1.9294;1.7706;1.2684;0.58592;0.73811;0.63458;2.5533;0.17665;1.8048;0.001305;2.7914;2.8903;0.20565;2.6205;0.9218;2.5398;2.3463;2.6195;2.6342;0.96079;0.14776;0.34299;0.25004;0.43035;0.28498;1.7902;2.8147;1.7895;1.8603;1.5324;0.52529;0.95027;0.35112;0.39;0.15043;0.44606;1.484;0.034242;0.10726;4.2608;0.21571;0.17732;0.068723;1.6918;0.044078;0.77589;0.22421;0.25974;0.12585;0.38393;1.5031;2.5351;3.9682;0.35671;0.048111;0.095886;0.053067;0.30464;0.85277;0.25232;2.5308;0.031497;0.1886;4.0283;0.17563;1.3464;1.9746;0.96223;2.2533;1.1105;0.74924;1.0199;0.38505;1.1441;0.11078;1.6521;1.6021;2.2733
41;0.67491;0.19546;0.18671;0.98494;2.1055;0.38887;0.25939;2.1185;0.023488;1.0898;1.7217;0.76788;2.3092;0.19286;1.2089;1.5448;0.54968;1.3349;2.0234;2.345;0.97193;1.2295;2.9507;0.30855;1.7039;1.5353;0.20813;2.827;0.49944;0.37875;1.4406;2.6009;0.13286;2.9495;1.7774;2.0979;1.8274;2.4917;0.87769;1.5556;2.5225;1.8091;1.3911;2.2997;0.75681;1.3044;0.85;1.6266;0.0063872;0.77755;1.8672;0.32893;0.35037;0.60033;2.2355;0.067806;1.1434;0.87629;3.3813;0.37312;0.15901;0.56441;3.5283;1.3198;0.30922;1.3195;2.6565;1.5948;0.38142;1.4728;0.90766;0.018364;0.65195;1.2877;0.26546;1.7025;0.089011;0.19874;1.6153;0.13073;0.41328;0.22915;0.052799;1.9042;1.8241;0.47915;0.41749;0.078754;0.56668;0.68197;0.89465;1.3918;1.7686;0.21409;0.58417;0.27756
42;1.3318;0.23215;1.295;2.6076;1.14;2.2314;0.91596;0.92673;0.70128;2.8009;1.8393;1.0153;2.1186;1.4866;2.4175;2.711;0.69718;2.818;1.8946;0.23229;2.707;1.7801;2.421;2.5915;1.6072;0.70052;2.1103;2.7611;2.7515;2.5368;1.3593;1.0233;2.2616;1.3456;1.6715;1.8139;0.28318;1.5095;0.51253;0.74031;1.7902;0.098432;1.0201;2.3787;1.5818;2.2407;2.5404;0.51418;0.66995;0.99387;0.28354;0.92067;0.91787;1.9761;0.0065172;0.075477;0.41559;0.17014;0.38066;2.262;0.25387;1.7284;0.45898;1.4525;0.61531;0.14654;2.6693;0.071781;1.4753;0.36761;2.7402;0.066037;0.5834;2.0804;0.03536;0.091512;0.65342;0.0044453;0.85494;0.69519;0.92505;0.088579;0.31501;0.10994;2.5563;1.2279;2.8108;0.23583;0.02223;0.30376;0.84302;1.493;0.049862;0.19839;2.0746;0.29635
43;2.3338;1.6882;0.96806;1.8169;1.6835;2.3984;0.48429;2.2997;0.51617;1.5438;1.9803;0.63663;2.3121;2.615;0.89773;0.13044;1.281;2.2422;2.6877;1.6637;0.10757;2.3017;1.891;0.91612;2.3035;1.405;2.9665;2.5481;1.7063;1.8479;1.0676;1.064;0.67355;1.752;2.4689;0.44049;0.6635;2.1438;0.43365;0.7307;1.0684;1.9002;0.020209;0.096849;0.62755;2.1482;1.5279;2.5752;2.1558;1.1088;1.7702;0.39605;0.32404;2.6222;0.80745;0.1399;0.47236;1.0408;0.082332;1.0536;0.73731;1.2071;0.6096;2.7132;0.88838;0.51167;0.44167;0.64678;1.6492;0.37791;0.25542;0.72571;0.24757;1.5345;2.0166;0.7759;0.24687;0.55022;0.19668;0.46695;0.96353;1.0011;0.31529;0.43484;0.53817;0.77505;0.37038;4.2797;0.29611;0.10745;0.38931;0.49664;0.19691;0.097279;1.9019;1.2227
44;0.9179;0.554;0.519;0.72125;0.75472;2.2121;0.25461;1.7696;1.5498;0.68429;2.7552;1.6401;0.69225;1.1871;1.8611;0.78014;0.88689;1.3026;2.2762;2.2437;1.4257;0.47745;0.092816;2.4704;0.96628;0.31835;2.4675;0.27215;2.3435;1.1198;2.4456;2.932;0.70498;2.4639;0.7637;1.8501;2.0961;2.8031;0.061095;1.4307;0.21274;1.9412;0.031925;0.98107;1.4135;0.19136;0.97829;0.18052;0.13839;3.561;0.4416;0.78571;4.4539;1.1371;4.0566;1.8775;0.055523;0.08509;0.77535;0.76231;0.23774;0.58641;1.2753;0.2847;1.6464;0.77345;0.062589;1.0233;0.80394;0.638;0.09391;0.42243;0.64415;0.13322;0.11388;1.1583;0.069753;0.55682;0.84043;0.88113;0.065126;1.2463;1.7784;0.58521;0.41576;0.0018258;0.93943;1.0888;0.49475;0.16954;0.2017;3.5862;1.551;1.5221;0.57871;0.20595
45;1.191;2.6502;0.12595;2.1786;1.6233;1.9289;1.224;0.2723;1.3388;0.12785;0.57485;0.11766;0.77024;1.6928;0.76435;0.21297;2.1219;0.31881;1.2211;0.30839;2.2672;0.80701;2.5236;1.404;0.63917;1.8676;1.8128;1.3655;1.2013;1.2572;1.6584;0.38287;2.9198;1.4021;1.4365;1.0935;2.2968;0.77556;1.1716;0.82118;2.2348;1.7807;1.3785;1.3278;0.89493;2.1455;0.6846;2.4866;0.36842;0.39379;0.47391;0.5896;6.2709;0.60286;1.8878;0.49007;3.2462;2.0054;0.48593;1.0029;0.69485;0.71394;0.30224;0.39873;0.12297;0.14926;1.8052;1.9875;2.7583;1.1818;1.6827;0.051209;2.0151;0.53636;1.7288;3.6769;0.44372;1.0815;0.59303;0.47027;0.2723;1.0295;0.32636;0.020216;0.63799;0.060322;1.9516;3.5386;0.19086;0.22664;0.24364;0.32222;0.061812;0.76765;0.21944;0.7878
46;2.1588;0.27597;0.92622;0.56807;0.21249;1.09;1.9134;2.3726;0.92137;2.1299;2.1582;0.29957;0.48383;2.3728;2.2049;2.3228;0.14328;0.41467;0.035263;1.4981;1.7078;1.3911;1.2051;2.2089;2.979;0.82705;0.72496;2.2862;0.011284;2.8855;1.9447;0.3519;1.3278;0.6727;2.8206;0.0061432;2.3462;2.3873;1.6708;1.7274;1.0293;2.0836;2.041;1.5167;0.57412;0.019035;2.332;1.1956;1.0291;0.5201;0.56668;0.98475;0.028332;1.5015;0.26667;0.70414;0.14561;0.61907;0.039692;2.5063;0.15542;0.035736;2.3316;0.25476;0.01455;0.59185;0.55836;0.20575;0.9401;0.40781;2.0457;0.40374;1.4821;0.24949;0.059309;0.78682;0.16556;0.48279;1.4853;0.14657;0.02355;0.19909;0.13272;1.4799;0.86873;0.26757;0.3421;0.61538;0.18034;0.32398;1.7328;0.68536;2.353;0.85399;0.44884;1.436
47;2.3278;2.6787;1.178;2.3816;2.2919;2.1625;1.0164;1.4268;2.171;2.524;0.56037;0.81;0.61556;0.0070221;2.373;2.9052;1.887;2.688;2.4605;0.5229;0.89246;1.6926;2.7779;1.0237;1.3874;1.2022;2.4433;1.1379;1.872;2.2115;2.5617;0.00097512;0.061035;1.985;0.38847;1.243;1.4523;1.51;1.5524;1.0326;2.0312;2.1031;1.9836;0.29378;1.6434;2.8416;1.0847;0.051245;1.009;0.33147;0.14421;0.31797;1.8244;2.342;1.9163;1.5594;1.48;0.15194;1.3817;0.33055;0.94271;3.0166;0.73565;0.39571;0.0033264;1.1113;0.16509;0.4629;1.1033;0.39044;0.77707;0.031361;4.4594;0.12783;1.0649;1.2037;1.6008;0.23905;1.2038;0.69256;0.016307;1.9743;1.9685;0.1404;0.53543;0.81745;0.33703;0.15409;0.23682;1.7561;0.37173;0.23003;1.1708;0.037308;2.1352;0.16177
48;1.6544;0.60442;0.85276;2.1008;2.4601;2.888;2.8114;0.34787;2.5872;1.7174;1.8492;2.0512;0.87449;1.9765;2.6503;2.4356;0.22877;2.7796;0.20721;2.2555;1.6794;1.705;1.0507;0.67773;0.34353;1.7187;2.2701;2.1168;2.3099;2.7998;0.51671;0.99658;2.8767;1.0589;0.31814;1.942;1.5487;1.0946;1.5594;0.66843;1.3047;0.56554;0.1456;0.87057;2.2478;0.51861;0.50185;2.4259;1.3841;0.44695;0.18855;0.044153;1.9624;0.19556;4.1244;2.1994;0.15703;1.9558;1.1635;0.76731;0.53484;0.15988;1.5387;1.4775;0.065228;0.2281;0.63546;1.3255;0.97411;0.060614;0.67545;1.0073;0.60591;0.24399;0.8535;0.3649;0.42676;0.24873;0.17474;0.075507;0.1667;1.8881;0.088969;1.8278;0.58276;0.33266;1.7085;0.29974;2.0875;2.8611;0.14662;1.7956;0.19293;0.33298;0.42869;0.57002
49;0.7089;2.56;2.1854;2.2544;1.23;2.1668;2.5223;2.0302;2.4422;1.0991;1.5765;2.4556;0.90098;2.2576;1.6263;1.3566;0.996;2.738;0.74989;2.5309;2.0463;2.8201;2.2445;2.4389;1.0556;2.0362;2.3234;2.9674;2.585;0.43574;2.6202;0.58293;1.935;0.57959;1.8284;1.2391;0.48124;0.11923;1.5201;0.3695;1.646;2.5972;0.20296;1.1124;0.70186;0.60757;2.4782;2.0756;1.5596;1.3156;0.024571;0.015216;0.99966;0.27158;0.56753;0.081226;0.61896;1.6279;0.027426;0.010001;0.75172;1.6221;0.36175;0.32149;0.69353;0.20016;0.73353;2.7559;0.82622;0.0053468;0.15112;0.024457;0.94535;2.9317;0.18419;0.80102;1.4887;0.18906;0.079813;1.8947;3.834;2.5482;0.77233;0.080161;3.612;1.7839;0.24555;0.43147;0.26148;4.8764;1.605;0.89916;0.88166;1.6983;0.23074;1.3028
50;1.6411;0.26511;0.046993;2.7436;1.7325;2.6142;1.2096;2.5839;0.17457;0.78895;0.96209;0.80442;1.01;1.9297;1.4268;1.748;2.0638;2.9623;2.0254;2.1568;2.9662;2.7515;0.6997;0.71678;1.0931;2.0054;1.624;2.8908;2.4067;0.41;1.4857;2.9213;2.1253;2.931;0.80041;1.2596;1.3855;2.5796;1.2399;1.6217;2.8451;1.4874;0.38826;1.027;2.1031;2.9834;1.1068;0.54206;0.22332;0.10612;1.7444;0.20669;0.30009;2.2269;1.0121;0.81828;0.38893;0.86324;0.052401;0.96706;0.93816;0.05108;3.504;1.4999;0.38711;3.2977;0.15614;0.47335;2.234;0.65435;1.2633;1.2662;1.19;0.94354;0.48496;0.81112;1.2588;0.47411;0.53954;0.0051534;1.0297;0.24547;0.022363;1.0392;2.7509;0.079951;1.3786;0.1402;1.2305;0.82113;0.55813;0.7595;0.0044729;1.2231;0.43781;0.35938
normalized population
1;-0.56744;-0.11755;0.62476;0.85841;0.80029;-0.66654;1.3049;1.1282;0.37987;-0.81773;-0.41299;0.15919;-0.31017;1.3067;-1.4426;1.0492;-1.4619;1.1126;0.024205;1.3682;-1.1512;-1.0036;-0.078964;-1.3898;0.015192;0.068549;-1.9002;0.74646;-0.33726;0.54915;-0.54412;-0.92896;1.2767;1.3278;-0.93028;0.024771;-0.92461;-0.94144;1.4288;1.0826;-1.1262;0.46961;-0.36755;-0.067762;-1.6209;0.33901;1.0981;-1.0428;-0.84737;-0.67168;0.24471;1.0698;-0.3832;-0.77458;-0.21841;-0.444;0.50888;-0.46577;-0.75688;0.18435;2.8901;0.10251;-0.23083;2.1765;0.44855;0.75167;-0.85571;0.85905;-0.80885;-0.80987;-0.52223;0.93474;0.42248;0.12249;-0.75202;-0.90941;-0.31631;1.1397;-0.3641;-0.56233;-0.87612;-0.91177;0.62289;-0.80006;0.043256;-0.96663;-1.1192;0.67868;1.2704;-0.70555;-0.63699;-0.86954;-0.90561;-0.53418;0.44176;-0.55323
2;0.25096;1.6332;-0.97025;0.8915;0.83736;0.38314;-1.3554;-0.25206;-0.26862;-1.0302;1.4666;0.17943;-0.30693;-0.64741;0.19865;0.48771;-0.50598;0.064215;0.07626;-0.93277;-0.52788;0.63776;-0.44152;-0.97037;-0.6259;-1.2526;0.38708;-0.12448;-0.44827;-1.3331;-0.33407;-1.5156;-0.39844;-0.45106;0.67395;-0.037069;-1.1848;-1.1587;0.19005;0.064755;0.91784;1.2914;-1.0043;-1.9242;0.38096;1.1142;-1.1237;1.0313;0.75283;-0.37397;0.99013;-1.1564;-0.80014;1.0881;0.47505;-0.80106;-0.84873;0.40555;2.1586;-0.74015;-0.64023;0.78582;-0.49571;-0.76667;-0.86594;0.13536;0.0077901;-0.89495;-0.10255;2.0978;-0.80329;-0.64666;-0.75566;0.52602;-0.87985;-0.2829;1.1196;-0.22083;-0.083132;-0.86536;0.61811;-0.14715;2.1898;-0.33896;0.10729;0.57876;-0.57918;1.9532;1.4251;2.0585;1.2829;-0.16026;1.5333;-0.79025;-0.35872;0.053405
3;-1.3088;-1.2273;0.83151;-1.0105;1.106;0.78546;0.89231;0.11285;-1.024;-0.65684;-0.14615;-0.39254;0.21829;-0.27716;1.47;-0.18758;0.84788;-1.3449;1.4466;1.3607;-0.0088435;-0.54734;0.10267;-1.517;-1.6698;-0.80014;-0.60026;-1.1039;1.3847;1.2661;-1.1003;0.69306;-1.4382;-1.1289;-0.629;-1.4317;-0.65536;1.4148;0.12589;1.9139;0.17416;0.73879;-0.17763;-1.9703;1.7057;-0.75923;-1.1369;-0.1559;-0.79342;0.88642;0.20221;0.76607;-0.11917;-0.64738;0.43347;-0.84402;-0.16845;-0.44534;0.44418;1.9743;0.66645;-0.73926;-0.57293;-0.71578;0.33844;-0.6362;-0.82614;0.81007;-1.1347;-0.84616;-0.92778;2.8507;-0.69727;0.27275;0.1318;-0.98574;-0.33198;0.89147;-0.79461;0.55756;0.64017;-0.76493;0.35337;-0.64525;0.030108;-0.33579;1.2062;-0.093701;-0.50149;-0.67925;0.1342;-0.62615;0.95176;-0.9158;3.7924;-0.67819
4;1.2553;-0.61302;-0.45257;-0.32405;0.7103;-0.53387;-1.7341;0.82608;-1.2827;0.80334;-0.47857;-1.0172;0.8062;0.47566;-0.83593;1.0775;0.83055;-0.94714;0.66119;-1.326;-1.682;-1.5542;-1.0384;1.0383;-1.0532;-1.4224;0.12492;0.11375;-1.2192;1.2539;1.3624;0.077287;0.21835;-1.8232;-1.4104;-0.67572;-0.72269;1.458;0.34968;0.059872;0.87469;1.7062;-1.0829;-1.4564;1.3011;-1.3503;-1.1892;0.62021;-0.97252;-0.6519;1.6412;0.56429;-0.44964;-0.81721;-0.21921;0.10927;0.78217;-0.5329;-0.91997;-0.69127;0.10016;0.15058;-1.1384;0.12481;0.18217;-0.84237;0.69119;-0.20582;1.8544;1.9262;3.3379;-0.84745;-1.1154;0.31568;0.8117;0.42917;-0.0070398;-0.51847;0.98999;-0.51582;2.7683;-0.72427;-0.64354;-0.16332;-0.23324;0.29658;0.54644;-0.42283;-0.55318;-0.64766;2.3305;-0.39006;-0.72753;2.2572;-0.76098;4.8611
5;-1.2146;0.76912;1.0977;0.61176;-1.6567;-1.4386;0.96557;-0.0039777;0.20409;0.39181;-1.5942;0.30714;0.61133;-1.1445;1.4115;0.51748;1.6281;-0.5922;0.054384;-0.038965;-1.4987;1.6951;0.039502;0.40945;-0.95869;1.3313;-0.024219;0.21952;1.4198;0.80058;-0.70743;-0.97052;0.82796;1.4741;-1.0058;-0.47527;-0.098456;1.002;-1.2931;1.6212;-0.89288;1.0756;-1.4123;0.77599;-0.19739;-1.347;-1.1331;-0.81235;-0.48201;0.52824;0.19912;0.4068;3.2345;-0.052196;-1.0664;0.57916;1.6638;-0.25201;-0.57193;2.4275;0.37096;2.0855;-1.0814;0.39673;1.1598;-0.093355;2.4632;2.0416;2.1584;0.55762;1.6933;0.6767;0.14467;-0.33567;0.14289;-0.68048;-0.67014;0.13401;-0.63981;-0.0050749;-0.96204;-0.44594;0.26791;0.99545;-0.25129;-0.8893;-0.57411;0.95884;-0.58183;-0.40116;-0.68435;-0.71284;-0.95709;-0.90236;0.91715;-0.77513
6;0.99879;-0.91413;0.12078;-0.084675;0.1448;0.094176;0.25334;0.39462;0.12513;0.93377;0.57793;-0.35353;-0.86041;0.15811;1.0459;1.0584;1.5874;-1.4792;-1.5482;1.5397;-1.2383;-0.73564;-0.69477;0.50982;-0.40031;-1.1598;-1.1633;-0.1334;-0.27507;-0.39433;0.44827;-1.0131;0.26049;1.1068;-0.87504;-0.79545;0.10084;0.13657;0.57138;1.8319;1.1656;0.23754;0.60956;1.2407;0.36007;1.4376;-0.27979;1;-0.4897;-0.80489;-0.44983;0.88745;-0.70177;-0.81713;-0.65549;0.11287;-0.69187;-0.95628;2.9305;0.46552;0.66953;-0.092467;0.10987;1.3447;-0.11778;0.35215;-0.91284;-0.85661;-1.0881;-0.339;-0.6005;-0.33633;-0.29596;-0.91501;-0.47902;-0.69494;3.9065;0.018753;1.2169;-0.95303;-0.72582;-0.69734;0.84233;0.23259;0.55954;2.3324;-0.24573;0.0090583;-1.0218;2.0192;-0.54083;0.63602;-0.99771;0.29856;-0.8854;-0.59806
7;1.9593;-0.22379;0.67988;-1.7056;0.45637;1.3756;0.71453;1.5242;1.5638;1.2505;-1.3215;0.58304;-1.4393;0.81855;-0.48862;-1.5585;1.2461;1.2712;0.078825;0.63567;0.13222;1.7703;-1.3559;1.5713;-1.4218;1.2142;-0.067465;1.0233;-1.4519;0.010054;-0.77762;0.50432;0.53309;0.38751;0.49719;1.0754;-0.6445;-1.1479;0.94654;-0.057118;-1.4432;1.3821;0.72155;0.68082;-1.5608;-1.3791;-0.83237;-0.15456;-0.60179;-0.77779;-0.59378;0.34448;-0.35523;1.6075;0.95996;0.69896;0.025228;0.34438;1.1751;0.57943;1.6045;0.58141;-0.21399;-1.065;-0.39983;0.047548;-0.71187;0.25185;-0.37592;-0.76253;-0.59937;-0.18114;1.4579;-0.89934;-0.54957;-0.27918;-0.074559;0.17985;1.0419;-0.1999;0.17681;2.1193;-0.49731;2.4713;-0.70855;-0.6312;-0.52021;-0.29961;0.54317;-0.41814;1.0555;-0.45314;-0.9334;-0.86915;-0.36025;-0.25589
8;0.33895;0.29781;1.2096;0.17954;1.4615;0.97099;0.84738;-0.22578;-0.34548;0.46722;-1.1038;-0.1151;-0.18536;0.58951;-0.99653;0.4778;0.97881;1.3813;-0.53666;-0.73334;1.8106;0.24077;1.3633;1.4292;-1.5296;0.6296;-0.95232;-1.6733;-0.3323;-0.48634;1.0481;1.1781;1.3787;-1.4835;-0.13837;-0.62899;1.0801;-0.38954;-0.33323;-0.1638;0.11175;-0.96578;-0.44125;0.8626;-0.27051;0.16826;-0.29943;1.0918;-0.32251;-0.63812;-0.4152;-0.90435;-0.80357;0.29708;1.494;1.1571;1.6284;-0.69083;1.7422;-0.76479;3.192;1.4078;0.041093;-0.95539;0.27386;3.7067;-0.12598;0.5695;-0.69803;-0.63769;-0.34905;-0.78421;0.45042;0.26875;-0.58919;-0.2715;-0.65243;2.5631;-0.80095;2.2956;-0.84783;-0.25254;-0.35067;-1.0111;-0.57666;1.0934;2.4092;-0.26061;-0.34271;-0.9243;0.27092;-0.32401;-0.94974;-0.48063;0.24142;-0.62032
9;0.55319;-0.3017;1.1704;0.14403;-1.8791;-1.0926;-0.84561;-1.7018;0.42561;-0.99746;0.45519;0.81433;-1.0534;-1.1216;-0.60125;1.32;-0.78603;-1.0221;-0.24802;0.27342;-1.7442;-0.46503;0.73951;0.12281;-0.8085;1.2324;-0.13497;0.26234;0.48119;-1.3127;-0.28604;0.51414;-1.4717;1.2529;1.3043;0.8901;-0.16292;-1.3;0.30303;0.81818;-0.61324;-1.9697;0.9177;0.093285;-1.3863;-0.50097;-0.37972;-1.2807;0.42307;-0.30601;-0.51852;-0.51374;-0.45101;-0.26214;-0.8661;1.219;-0.18856;-0.79266;-0.91726;-0.40567;-0.29981;-0.96358;1.8444;-0.1703;0.14724;1.1633;-0.33847;-0.90431;0.35874;-0.13128;-0.85871;-0.65964;-0.63928;-0.62258;-0.71947;-0.34935;-0.66697;0.3589;0.08322;-0.75643;1.1969;-0.73988;0.14504;-0.44757;-0.98458;-0.79169;-0.318;-0.67912;0.12053;-0.1248;-0.7218;-0.3371;3.7165;1.2139;-0.80432;-0.60567
10;-1.1608;1.12;0.26982;-0.41459;0.61935;-0.42396;-0.014574;-0.78449;0.94616;0.60139;-0.78216;1.7935;0.35268;-0.086963;-0.8138;1.5835;-0.92569;-0.44235;-0.05798;1.0698;-0.68466;1.859;-0.17941;-0.4702;-0.4652;0.69648;0.37621;1.2264;-0.94512;-1.3454;1.1376;1.1832;-1.2131;-0.12746;-1.3152;0.45282;-1.1085;-1.6363;-1.1023;-1.2764;0.53818;0.72059;1.6491;-1.2644;-0.62239;-0.5203;-0.61846;-1.6499;-0.0012423;-0.63618;-0.75976;0.040092;1.0378;1.2543;-0.88183;0.059315;-0.74411;-0.70065;0.77648;0.14841;3.4969;-0.079701;-0.65532;-1.0048;0.022163;-0.52352;2.78;0.76981;-1.1515;-0.66789;0.45292;-0.35645;-0.86735;-1.0042;-0.71735;3.6425;0.16054;-0.4813;-0.60509;2.1087;-0.014637;-0.51336;0.52793;-0.84777;1.1742;0.12172;1.0853;-0.5036;-1.0846;-0.54694;0.37496;1.3688;0.31952;-0.82055;0.42748;-0.45902
11;1.0028;0.26287;-1.1358;-0.34225;1.1064;0.882;0.65382;-0.11282;1.081;1.4644;0.97204;0.9927;0.77612;-1.5498;0.70312;0.58711;-0.35325;0.39354;1.319;-1.4991;-1.7264;-0.28034;1.4882;-0.48068;1.8055;-0.75999;-0.022422;-1.5076;1.2501;-0.30996;-1.614;-1.366;1.5362;-0.98141;0.20817;1.4854;-0.98933;-1.3118;-1.3431;-0.80713;1.2902;-1.5418;1.0933;0.85793;1.5536;0.63216;1.0946;-0.39244;-0.80088;1.9711;-0.19096;0.31973;1.8538;-0.76795;-0.11204;3.3132;-0.65616;-0.56604;-0.67458;-1.0346;-0.17582;-0.39726;-0.63231;-0.16759;-0.73614;-0.4968;-0.90656;-0.75584;-1.0149;2.3875;-0.17705;0.71126;-0.21884;-0.31628;-0.09306;-0.98712;-0.85087;1.2522;-0.44819;0.85079;0.723;-0.70389;-0.50859;-0.69514;3.1671;-0.4918;-0.18357;0.13723;0.3767;-0.34397;-0.99074;-0.79488;0.34551;-0.75463;-0.80491;-0.90286
12;-0.17189;1.1655;1.2119;-1.6887;-1.2461;-1.5663;0.88076;-1.5186;-1.174;-0.54358;-0.72502;0.53097;-0.4909;1.0252;-0.29847;-0.90208;0.01333;0.44946;1.0602;-0.45303;1.9317;-0.5768;0.51483;0.028614;1.1644;-1.4312;0.7348;-0.86376;0.3475;-0.72266;-0.69774;0.56092;1.035;-0.23034;1.3629;-1.5406;1.5563;1.3062;0.16656;-0.095812;-1.2242;1.007;-0.57585;0.28939;-0.2415;-0.27163;1.3872;-1.3705;3.5382;-0.67672;-0.86345;1.5647;1.4402;-0.32981;1.378;-0.46327;-0.78445;-0.84015;-0.63484;2.3444;-1.0045;-1.2072;0.46405;-0.84605;3.8231;-0.77354;-1.0233;0.4974;-0.28496;-0.70591;-0.94981;-0.76133;-1.1944;0.059889;-0.40886;-0.61519;1.4069;0.24227;-0.48499;0.072637;-0.82633;-0.79003;0.11842;0.063413;1.3272;-0.30288;0.04158;-0.57131;-0.75887;0.36169;-0.95297;-0.89628;-0.24057;-0.70068;3.3336;0.67498
13;-0.61949;-0.70316;-1.499;-1.2537;1.2171;0.42228;0.98458;0.23409;1.3834;-0.85501;0.98639;-0.14741;0.77617;0.57406;-1.3078;-0.2924;0.76295;-1.422;-0.36265;-0.96141;1.0214;-0.65978;-0.34496;0.77918;1.1758;0.58965;-0.56816;-0.46557;-1.257;-0.84395;-0.96903;-1.5412;0.2518;-0.42171;-0.10245;0.62808;0.24656;-1.6017;1.0423;1.2526;-0.73824;-0.08585;-1.2405;-0.017651;0.70253;0.72119;-0.42455;1.3096;-0.91141;-0.43897;-1.0747;0.41994;0.090937;-0.39294;-1.0758;-0.93757;0.16252;1.0953;0.40462;0.34631;0.16008;-1.1464;0.1684;-0.59154;-1.0341;-0.66341;0.41744;-0.20855;-0.59216;0.55151;-0.15815;-0.60283;1.1992;3.8838;-0.41952;0.62418;-0.93934;-0.76973;-0.43593;-0.93521;1.0377;-0.55575;-0.55355;0.8071;0.66289;-0.25293;-0.47074;-0.7738;0.91513;-0.24914;-0.64006;-0.097195;-0.094815;0.21617;-0.77602;-0.37319
14;-1.3469;-1.3293;1.3702;1.5162;1.3425;-1.6275;-0.027908;-0.015109;0.65889;1.0225;1.3564;0.52377;-1.0772;1.2258;1.1714;-1.4385;0.28784;-0.38091;0.64755;-0.57297;-0.95841;0.75692;-1.3761;-1.0892;0.64145;2.0081;-1.34;-1.0258;-0.74749;-0.0049724;1.1957;-0.86432;1.0023;-0.81532;0.065791;-0.52048;-0.51115;-0.61479;0.91203;-0.91357;-0.67323;0.56799;0.63839;0.30765;-1.1865;0.011857;1.4225;-0.32474;-0.93338;-0.19708;-0.66782;0.83651;0.032368;-0.97178;-0.84699;-0.10783;-1.0134;0.37424;-0.31988;0.7727;-0.32099;2.4518;-0.86082;-0.89096;-0.82132;-0.0027664;-0.12287;-0.49523;0.56405;-0.92293;-0.45843;-0.78203;-0.97038;-0.54369;1.51;-0.57024;-0.87707;-0.59615;-0.79974;-0.902;2.5778;-0.45348;2.5541;0.41487;-0.853;-0.40507;-0.75481;3.1541;0.087204;-0.45912;-0.75398;-0.31526;1.6394;1.5043;0.18694;0.12489
15;-0.05893;-0.9766;0.6823;-1.1705;0.20628;1.4214;-0.60683;-1.57;-1.5028;-0.1809;1.2022;0.00073127;-1.7263;-1.1624;0.63973;0.75261;-0.93036;-0.92827;-1.7025;-0.037857;0.69201;-0.69292;1.1643;1.6741;-1.1833;0.61825;-1.2828;-1.3102;-1.4657;1.1566;0.21528;0.99658;-0.94791;0.90866;0.96518;1.0969;-0.74961;-0.099966;0.088426;-0.89915;0.91368;1.6955;-0.41897;0.96901;-1.3775;0.21417;0.27777;1.2972;2.9303;-0.66434;-0.07797;-1.1587;-0.44744;-0.93603;-0.29083;-0.2812;1.4649;-0.94853;-0.10507;-0.21218;1.333;0.25088;-0.769;1.0832;-0.6726;0.54804;-0.79745;-0.53856;-0.90252;-0.35113;-0.96346;-0.075495;-1.0868;-0.76239;0.5156;-0.95313;-0.38794;-0.75279;-0.65953;-0.91941;-0.33506;-0.33749;2.9011;-0.96565;1.0243;1.1047;3.4395;-0.50256;1.973;1.6746;-0.046969;0.13303;-0.9967;-0.47608;-0.42867;-0.42658
16;1.4049;1.0424;0.9977;-1.2228;-0.6613;0.77066;0.46371;1.5912;0.44455;-0.75277;-1.0272;-0.14851;-0.26542;-0.40393;-0.92295;-0.66114;1.6186;-0.35002;-0.58769;-0.46425;-0.63085;0.63502;1.2981;1.4485;-0.25719;0.1769;-1.4466;-1.6428;0.78823;0.88442;-0.47253;1.0697;0.84321;0.30038;-0.81797;-1.7542;-0.91187;1.2493;-1.3669;-1.3115;-0.50388;-0.573;1.3342;0.015572;-1.0045;0.76559;-0.89597;0.94549;0.10613;-0.4522;-0.99099;-0.43225;-0.80879;-0.25125;1.2912;0.96403;-0.14844;1.168;-0.83016;-1.1475;-0.6653;0.21879;1.461;-0.71107;0.81366;-0.55708;-0.27215;-0.54143;-0.76346;1.9253;0.85022;0.26765;0.46008;-0.61212;0.62222;-0.32772;-0.2778;-0.57076;-0.75382;-0.59433;-0.56515;-0.57754;2.5247;1.1479;1.1962;-1.0449;-0.52497;-0.52406;-0.60773;-0.48579;-0.24261;-0.88681;-0.82903;-0.71406;-0.049552;1.1295
17;-1.2846;1.4479;0.95027;-0.088021;0.18171;-1.4209;0.073591;-0.10324;1.596;1.0355;-0.39449;-0.70843;1.1236;-1.5934;-1.2448;-0.02506;-1.1446;0.2765;1.2351;0.74604;0.43637;-0.60431;1.2312;-0.66747;-1.0845;0.29153;1.6621;0.80935;-0.55609;1.1038;-1.5866;-0.42437;-0.96511;-1.0345;-0.92285;-0.27415;-0.86423;-0.13276;0.52541;-0.15366;1.4364;-1.3315;1.1126;-1.0665;-0.87331;-0.95927;-1.2697;-0.78261;0.45316;-0.61345;0.23879;1.7961;-0.85937;-0.99382;-0.11125;-0.79165;-0.071824;-0.55496;-0.47058;-1.1683;-1.0003;-0.76609;0.48567;0.16194;-0.64251;-0.7298;1.0866;3.8741;-0.36897;-0.070649;-0.93567;1.9814;0.36523;-0.67409;0.79155;-0.98909;-0.67471;0.46971;1.4764;1.3798;0.97797;-0.82573;0.20782;0.032779;0.28872;3.598;-0.56404;0.34058;-0.49051;0.57205;-0.86605;0.50348;0.19242;-0.73244;-0.68764;0.87445
18;0.8556;-0.69972;0.66787;-0.94323;-0.94401;-0.47159;0.43828;-0.89669;-0.43975;1.2242;-0.82521;-0.50374;-0.46236;-1.4092;-1.5601;-0.24437;1.7687;-1.2055;0.67077;0.035311;0.13683;-1.7265;-1.0724;0.61563;1.256;0.18696;-0.81339;1.0015;-1.1645;-1.4144;1.3044;0.10639;0.95122;-0.34797;-1.7637;1.1812;-1.5297;1.1798;1.6096;-0.33301;-0.78224;1.672;-1.0409;0.3569;0.31632;0.4563;-0.84864;-0.68038;-0.20304;1.7649;-0.55278;0.29676;0.2203;-0.84207;-1.1406;-0.68548;2.0647;-0.86612;-0.44512;0.15742;-0.47373;-0.53555;-0.67296;-0.28711;-0.91041;-0.9353;0.23816;-0.72466;1.0361;-0.29423;-0.36039;-0.62753;0.39282;0.50261;-0.45936;-0.70573;0.31437;0.38385;-0.033415;-0.79556;-0.86333;-0.77197;2.8044;-0.90652;-0.94023;-1.0477;-0.78956;-0.51986;-0.34282;-0.51078;-0.94661;0.20635;-0.97347;2.9373;-0.6653;-0.40665
19;0.33536;-1.0625;-0.74464;0.61665;-1.975;-0.091257;-1.533;1.2417;0.058984;0.18484;0.57463;-0.94507;0.63197;1.4289;-1.0622;-1.3957;0.31074;0.45587;-1.0092;-0.97601;0.82873;0.85079;-0.056068;-0.57108;0.71593;-0.071977;1.1853;-0.15374;0.46536;0.78323;1.6284;1.132;-1.3229;1.0325;0.32744;0.96522;-0.074493;-1.5631;1.4548;1.7862;1.4936;-1.3471;0.56045;-0.52746;0.96814;0.73486;-1.0905;1.184;-0.024757;-0.30265;-0.83632;-1.0935;-0.56215;-1.0131;-0.95823;-0.94592;-0.47432;-0.28737;1.9475;-1.0883;0.26102;1.8346;-0.94793;-1.0183;-0.8737;-0.70934;-0.53953;0.23469;-1.2012;1.538;0.044178;-0.38747;0.17623;-0.98353;-0.61144;-0.68735;-0.62728;-0.82261;-0.30629;2.0155;-0.26148;2.2633;-0.16334;-0.46725;-0.52512;-1.0542;-0.93787;2.4691;-0.63559;-0.1334;-0.71181;3.0291;1.2081;-0.94617;-0.41164;-0.62137
20;1.0621;0.36935;-1.2453;1.0472;0.74559;-0.2727;-0.29307;-1.5771;-0.93972;-1.9274;0.14059;1.1338;-1.3635;-0.68297;0.60564;1.6617;-0.4472;-1.3715;1.3658;-1.3798;0.21926;1.0043;-0.58355;0.97768;0.85857;0.09917;1.3904;0.3594;-0.083767;-1.8662;-1.3558;1.4219;0.37217;0.90471;1.3432;-0.19317;0.95543;-0.60447;1.1338;1.5476;-1.273;-0.38758;-1.2119;0.79337;0.78375;1.2755;1.7384;0.13626;-0.60832;1.5644;-0.98205;-0.54001;-0.50032;-0.53428;-0.83385;0.94843;-0.86802;0.79176;-0.89657;0.54343;0.71561;-0.018458;-0.12922;-0.12282;1.2405;-0.99023;-0.42621;0.13374;-0.43649;-0.61556;-0.31056;-0.61834;-1.0596;-0.29712;2.4151;-0.79481;-0.4621;1.746;-0.56782;0.53738;0.47327;0.25359;-0.68509;-0.34181;2.2813;-0.92142;0.98527;1.482;-0.49276;-0.57121;3.2883;-0.95525;-0.49037;-0.826;-0.57524;-0.22856
21;-0.28417;-0.49803;-0.25827;-1.4657;0.0030856;-1.5545;1.2009;0.16896;-0.73559;1.2564;1.419;0.59537;1.3619;0.63651;1.4728;-0.56785;0.39703;-0.38489;1.5199;0.70154;1.2115;0.90398;1.2847;0.5083;-0.15892;1.9874;1.7048;1.1116;0.36173;1.4236;-1.6333;-0.011108;-1.1804;1.3163;0.74454;1.518;1.9455;0.83079;-0.37075;-0.93962;1.2144;0.66693;-0.10766;0.16753;-0.13781;-0.3464;-0.96325;1.2584;-0.96401;0.68131;-0.25265;-0.48823;-0.23152;-0.90495;-0.21733;-0.72472;0.56599;-0.76996;-0.85083;1.8343;-0.79743;0.5025;-0.77865;-0.85943;1.757;-0.62758;-0.62593;-0.39993;-1.1202;-0.89261;-0.79945;-0.42151;0.68652;0.46351;0.76068;-0.20832;-0.23253;-0.58426;-0.51857;-0.52518;0.33349;-0.43752;-0.66596;-0.58565;-0.54047;1.8468;0.40304;-0.44383;-0.93467;-0.29825;0.58881;-0.77118;0.38651;0.15555;-0.73357;1.7238
22;1.2098;1.6428;1.5714;1.5728;-0.33463;1.1672;-0.12478;0.2469;-1.0724;0.89843;1.2965;1.8084;1.8271;-1.3074;-1.3947;1.05;0.98919;0.84574;-0.18177;0.96504;-0.53753;0.38372;0.54563;-0.48937;-1.1427;-0.68034;1.2955;1.3541;0.21481;0.9695;0.93022;-1.5773;-0.33924;0.7996;1.4653;-0.18773;0.18314;0.21495;1.4415;-1.066;-0.68001;-0.066205;1.6868;1.5405;-0.45918;0.6916;1.2278;1.4665;0.10614;-0.14218;0.64071;-0.7262;-0.44153;-0.42079;0.68686;1.964;-0.54377;-0.73884;-0.50879;-1.2124;6.1512E-05;-0.77636;0.27269;0.60883;-0.074875;-0.63952;1.2433;-0.88427;0.64895;-0.33502;0.45664;-0.7232;-0.29279;-0.011489;3.706;-0.68466;-0.86792;-0.16648;-0.77232;-0.59637;0.60104;0.42501;-0.79766;0.052637;-0.86774;-0.66341;0.83194;0.53166;0.1173;0.76522;-0.96918;-0.80669;-0.38469;1.4811;-0.83907;0.15986
23;-1.1078;0.68353;1.6542;-0.29422;1.1423;1.1802;0.41039;-0.54637;1.9286;0.84915;-1.542;-0.10381;-1.1132;-0.21228;0.10038;-0.85034;0.18501;-1.2066;-1.5407;-1.5387;-0.72537;0.74449;-1.3871;1.5978;1.4213;0.72253;-0.63118;0.8512;0.099016;0.32308;-1.4879;0.59794;-0.8851;1.4557;0.83959;-1.179;-0.27371;0.29328;0.61501;-0.70335;-0.81228;0.45669;1.6339;-0.12981;-0.88529;0.177;-0.87447;1.3537;-0.75637;-0.50782;0.02289;1.985;0.43471;-0.94605;2.1915;-0.18504;0.51137;-0.20184;-0.24824;-0.93174;-0.34944;-0.65426;4.2329;-0.80344;-0.95918;1.6453;-0.19631;-0.74981;-0.4612;-0.0073835;-0.064597;0.83381;0.37639;-0.97856;-0.32482;0.49173;1.7967;-0.87613;1.5664;-0.07704;-0.69324;-0.76735;-0.30515;-0.8011;-0.87464;-0.88259;0.35701;-0.50741;-0.97853;0.0039489;-0.36517;-0.82402;1.1013;-0.62807;-0.82845;-0.3775
24;1.1003;-0.076288;-0.99321;-1.1901;-1.8814;-0.081613;0.98319;0.30048;0.36752;0.98146;0.36432;0.44957;-0.81608;1.788;-1.5818;-1.4544;-0.034951;1.1575;1.5461;-0.15333;0.35853;1.3248;-0.54826;0.24155;1.4526;1.4006;0.53346;-0.9539;1.5211;0.5314;0.84303;-0.19055;1.5261;-0.73015;1.1456;0.14815;-1.5223;1.1326;0.1302;-0.78946;-0.65845;-0.23833;0.8329;1.429;0.81055;-1.2575;0.0039792;0.30876;-0.96428;-0.5661;0.46882;-0.67788;-0.72683;1.6315;-0.23576;-0.85853;-0.80248;-0.71509;1.4161;-0.91794;0.26468;-0.34157;-0.82507;0.15271;-0.7095;-0.74124;-0.59855;-0.14425;-1.0254;-0.25931;-0.27959;0.11958;0.46786;-0.73451;-0.75903;-0.079782;1.2925;1.3296;-0.82084;-0.59818;0.72545;0.45854;-0.73182;-0.076068;-0.84423;-0.96949;-0.43434;-0.83346;-0.72549;-0.86581;2.361;0.16197;-0.77917;-0.60119;-0.3235;-0.73989
25;-1.2743;0.12765;1.2298;-1.7193;0.90205;-1.3178;1.2614;1.573;0.64809;1.2489;0.63348;-1.8204;0.89257;-0.37812;0.56183;-0.73787;-0.43271;-0.66409;0.58379;1.4337;0.034089;-1.0602;-1.5382;-1.0482;1.0584;-0.33446;-1.1598;-0.96066;-1.1918;0.35473;-1.0419;-0.79646;0.81725;-1.4655;1.2288;-0.90794;-1.4438;1.2353;1.3584;-1.5588;0.024961;-0.041821;-0.68151;0.15977;1.2614;-0.19818;-0.77496;1.0758;-0.4963;-0.13109;0.40162;-0.7142;-0.56152;-0.84953;1.3649;-0.82586;0.20324;0.52754;-0.70966;-0.56725;-0.6742;-0.13742;-0.37651;2.1129;-0.59498;-0.88266;-1.0345;-0.84019;-0.92832;-0.32297;-0.34681;0.48801;-0.99105;0.097251;-0.76411;2.2583;-0.078354;1.5113;0.76596;1.492;1.903;-0.12031;-0.23429;-0.719;-0.9848;1.0049;-0.46447;-0.58285;-0.4293;-0.92693;0.11468;-0.65445;0.10073;-0.7504;0.062663;-0.4569
26;-0.81381;-0.4574;-1.0259;-0.70373;1.3089;0.44963;1.1461;-1.4384;0.35528;-1.0413;1.1978;0.32439;-1.1567;-0.28004;0.74956;-1.2451;1.5787;0.10914;-0.9273;-1.0281;0.43178;0.22935;-0.30722;-0.63279;0.30351;1.6987;-0.96674;0.73208;-1.2408;-1.1237;-1.2223;-1.1855;1.0931;-0.32691;-1.2393;-1.0152;0.44887;-1.2702;0.73722;-0.23119;-0.6872;1.0096;0.19546;-1.5296;-0.69265;1.1425;-0.038244;1.1678;-0.58274;0.063321;-0.97366;3.8541;-0.73547;-0.076717;-1.0159;-0.30391;0.23262;-0.54959;-0.64254;-1.0156;-0.049623;-1.1785;-0.39358;-0.48286;-0.65958;-0.94611;0.43676;1.2408;-1.0357;-0.27933;-0.83632;-0.52937;0.85108;-0.3565;-0.70191;-0.37961;-0.74593;-0.94485;-0.49633;-0.10289;-0.31307;-0.54935;-0.628;-0.6058;-0.6449;1.1604;-0.7343;-0.82259;-0.79925;0.021809;0.088077;-0.89945;-0.89437;-0.50296;-0.058413;-0.6744
27;0.40571;1.3661;-1.1765;0.45844;1.4622;0.57056;0.42393;-0.63227;-1.2911;0.42698;-0.033842;1.7333;1.1906;0.59374;-0.2381;0.66409;-0.91992;1.2943;-0.34352;1.6229;-0.48825;-0.74186;-1.1302;1.6522;-0.27957;0.47557;-0.29042;-1.5473;-1.4598;-1.446;0.37308;-0.59299;-1.2573;1.2569;-1.7902;-0.094185;-0.74567;-0.056715;-0.62564;0.33092;0.28932;0.48882;1.0461;1.2942;1.1722;0.34823;-1.3479;-0.78925;0.79543;-0.55806;-0.1303;0.82906;0.6573;-0.94185;0.21124;-0.43495;-0.3606;-0.81471;1.7547;-0.37167;0.66513;-0.7126;0.13004;0.93197;0.1934;0.40186;0.20892;-0.80514;0.89514;0.79648;0.76475;-0.24561;-0.39417;0.98397;-0.70358;0.53568;1.5329;-0.86077;-0.60595;-0.65278;-0.76051;-0.72718;-0.55997;0.62354;0.13089;-0.12809;-0.56151;-0.80979;2.6403;-0.50186;2.4855;0.42134;0.96846;1.2081;-0.53291;1.5838
28;0.16117;0.9942;1.2488;1.438;0.44835;-1.1625;-1.2387;-1.4894;0.58426;1.5116;-0.57389;-0.14434;1.5993;0.49095;-0.53522;-0.91364;-0.28218;-0.74796;-1.1173;-1.1586;0.35398;-1.2647;0.80779;-0.29488;0.56045;1.1249;-0.43899;-1.0073;0.67959;-0.54926;0.91731;0.02759;1.084;0.070257;-0.67726;-0.7337;1.8991;-0.90875;0.51256;-0.86904;-1.4427;-1.3754;0.92321;-1.0626;-1.0928;1.6332;1.4082;1.4196;-0.69205;-0.7399;0.15797;0.34594;-0.030763;-0.71406;-1.041;0.010322;-0.56434;2.0165;-0.34369;0.77772;0.68;-0.59196;-0.43697;0.31273;0.24404;-0.6195;-0.87342;-0.029831;-0.5142;-1.0044;-0.26841;-0.57959;1.1666;-0.0056426;-0.8804;-0.73452;-0.35152;2.1121;0.49262;-0.43658;-0.63328;2.0805;-0.6998;-0.73107;-0.70257;-0.037313;0.2552;-0.52166;0.13027;1.7777;-0.12207;-0.55709;-0.88734;-0.30222;-0.88142;0.35035
29;1.6975;-0.067439;-0.91416;-0.48883;-0.5411;0.11464;-0.97351;1.5826;-0.52001;0.19732;-1.2545;-0.30566;0.28767;0.99679;0.20223;-0.79767;0.58872;-0.36759;-1.4743;-1.4555;0.96636;1.0091;-0.66473;-0.20665;-1.7516;-0.56664;0.26349;-0.81661;-1.4078;-0.9257;0.75621;0.50021;-0.82752;0.84448;0.97103;-0.96741;-0.74446;0.069877;-0.083522;-0.042445;-1.3408;-1.0747;0.14485;0.71986;0.70698;1.1983;-0.65828;-1.3072;-0.58203;-0.58035;-1.1398;-0.76895;0.35059;-0.20112;0.062726;-0.84396;-0.65814;-0.56292;-0.78699;-0.45536;-0.18829;1.2355;0.92213;-0.33264;1.0112;0.23778;0.116;-0.95721;0.6139;-0.055409;-0.54269;0.40624;1.5518;3.3203;1.1316;2.2507;-0.26364;2.1225;-0.42696;0.017693;-0.75933;0.47384;-0.43092;-0.35989;-0.79658;1.803;-0.81757;0.59029;-0.85474;-0.64856;-0.15797;1.7506;-0.49776;-0.66955;-0.57124;-0.62389
30;1.7419;-0.54155;-0.5787;0.46662;-1.2302;-1.1341;1.2925;-0.58523;-0.50225;0.22667;1.1316;-1.7005;-0.2422;-1.2708;-0.72895;0.64972;0.067025;1.6472;-1.5787;0.096234;0.99004;1.0176;-1.1807;-1.4182;0.41209;1.4192;-1.1434;-1.1325;-1.2871;0.47884;0.12454;-0.31119;-0.639;-0.24638;0.64192;-1.2;-1.0848;1.0887;1.1375;1.8393;-0.22069;0.60737;0.12628;0.78614;-0.56008;-1.3966;1.7943;-1.2792;1.4783;3.6829;0.3989;-1.1486;0.65038;1.4145;-1.1409;-0.69337;-0.77652;-0.6655;0.2729;1.3036;-0.6297;-0.33318;-0.61292;-0.11655;0.14494;0.48129;-0.51612;-0.40251;-0.39712;0.48923;3.0076;-0.3334;-1.2636;-0.88138;-0.15472;0.41805;0.30809;-0.80796;3.2027;1.2599;-0.056392;-0.67958;-0.19272;-0.85346;-0.85777;-0.26325;0.23928;-0.8738;2.7434;-0.22601;-0.51956;-0.94517;0.30369;1.2948;0.80183;-0.92198
31;-1.6394;-1.3913;-0.5452;1.071;0.071568;1.0283;1.1456;1.2904;1.4673;-1.6442;0.96975;-0.33195;-0.54344;-1.2509;0.40321;1.3408;1.0914;-0.4089;0.79043;-1.0012;1.7199;-1.6027;-0.80358;0.44863;-0.76156;-0.43547;1.5811;1.4546;0.4282;0.019991;-0.97387;-0.25922;-0.64054;1.0724;-1.2144;2.0218;0.45034;-0.14387;-0.56007;1.4169;0.99059;-0.18375;-0.22915;0.79274;0.44771;-1.2692;0.22476;0.86458;-0.9267;3.3319;1.925;-0.027637;-0.00060329;-0.11067;-0.10755;-0.42627;0.12393;-0.67536;-0.83707;0.22431;-0.72722;-0.49615;-1.105;-0.42897;-0.41822;-0.50608;-0.95057;0.28805;1.7489;-0.69904;0.22422;0.41225;-0.39848;1.0442;0.1894;-0.34683;0.29049;2.2237;-0.63955;-0.60737;0.4259;-0.83424;-0.77521;1.6087;-0.27936;-0.36529;-0.66005;0.29282;-0.25226;-0.063503;-0.94915;0.94355;1.3967;-0.82219;-0.79293;-0.39642
32;-0.52235;1.5566;-0.83132;1.5885;-1.9996;1.2193;1.1454;0.65674;-0.18403;0.54818;1.4904;0.19649;-0.73098;-0.44752;0.9251;-1.403;-0.89239;0.58601;1.4905;-0.33392;0.046876;-1.7125;1.5049;-0.18195;0.60169;0.056536;1.6605;-0.64539;-1.4396;0.11175;-0.14285;0.53117;1.2051;-1.1731;0.47396;-1.5996;-0.30905;1.5228;1.1867;-0.10936;1.5251;-0.67602;-0.97335;-1.5547;-0.71199;1.0983;0.76413;0.083067;0.98044;0.092961;1.0053;1.2394;0.045016;-0.22097;0.75244;-0.42208;-0.40361;0.31871;0.94553;0.66021;-0.91245;-1.0849;0.2956;2.6423;2.5765;-0.072545;1.7674;-0.46036;-1.114;-0.82659;0.85002;3.6844;1.0445;0.031175;-0.6792;1.3669;-0.60689;-0.35413;-0.64103;-0.92785;-0.85013;-0.87374;-0.53105;-0.73754;-0.24045;0.98472;-0.7442;-0.45744;1.6695;-0.47151;0.77491;0.4493;0.52677;-0.74498;0.33462;-0.84284
33;-1.1101;-0.90588;-1.4039;-0.95706;1.3137;-1.7563;-1.2373;-0.3652;-1.221;-1.5973;-0.74254;-0.79161;-1.1906;-1.0383;-1.4362;1.4888;-1.3727;-1.0085;1.3789;1.5715;0.092714;0.69119;0.29907;-0.8153;0.79892;0.27302;-0.28763;-0.3867;-0.21917;1.4939;0.26626;-1.2004;-0.6287;-0.24891;-1.4642;0.622;0.76255;-0.233;-2.0467;-0.3069;1.6055;-0.037937;-1.3677;1.4189;-0.77549;-1.5009;1.4499;0.30877;-0.24015;-0.5189;-0.98267;1.2712;-0.64819;-0.75516;-0.84659;0.48965;3.923;-0.8759;0.39578;1.2329;-0.70809;-0.51322;-0.30947;-0.73489;0.72652;0.26922;-0.65943;-0.95388;-1.1261;2.4881;-0.77653;1.1992;1.4072;-0.25798;-0.56718;-0.91128;1.0716;1.7612;3.7305;0.36714;-0.50059;1.7736;-0.54825;0.59039;-0.91791;-0.28634;-0.73446;0.22901;-0.76289;-0.42534;-0.83838;-0.92573;0.37155;-0.077297;0.57009;1.6479
34;-0.22845;0.21661;0.85172;1.5908;-0.47768;-1.813;-1.8197;0.88586;0.61534;0.82644;-1.5435;-1.1706;1.7284;1.5907;-1.4687;0.25314;-0.2396;-0.24645;0.21574;-0.61139;-0.54176;0.27013;-0.73534;-0.03965;-0.42892;-0.41204;-0.9439;0.8171;1.1241;-1.6814;0.51693;-0.90138;-0.54572;-1.4243;-0.38839;-0.6407;1.9152;0.81142;-0.54817;1.3903;0.62369;-1.8859;1.8683;1.0538;-0.41952;-0.69427;-1.2799;-1.5247;-0.78804;0.037157;0.92716;-0.60512;-0.40368;2.2912;-0.86909;-0.55351;-0.58944;-0.18498;-0.45416;-0.026341;-0.46714;1.9839;0.29657;1.1212;-0.36919;1.5888;1.1493;-0.80061;-0.909;-1.05;0.39048;-0.82434;-1.1189;-1.0432;-0.80566;0.13556;-0.65683;-0.71086;-0.88451;0.80744;-0.17225;-0.89833;-0.70955;2.475;-0.13028;0.32813;-0.48011;-0.77459;1.3344;-0.34311;-0.40226;0.52369;-0.35286;1.3694;-0.53008;1.3899
35;1.4016;1.3395;0.30647;-1.4103;-0.2329;-0.365;0.077402;0.87656;-0.88649;0.30058;1.4616;-0.37618;-0.99691;1.2431;0.43531;-0.16838;1.5015;-0.38796;-0.21485;0.44636;0.23543;0.20205;1.4895;-0.69109;1.3478;-1.0176;-0.59777;0.44096;1.0771;1.2616;1.7988;1.3629;-0.019499;-0.49234;0.77739;0.58724;0.80149;0.81975;0.66302;-1.5027;-1.5837;-1.2951;-0.92882;1.4076;-1.507;0.26034;0.94935;-1.4335;-0.31436;0.12936;-0.88262;-0.96997;-0.086771;-0.51241;0.73834;3.3023;-0.31581;-0.48352;0.90199;-1.1834;-0.74241;-0.93922;-0.042513;3.0446;-1.0453;0.26764;-1.0407;0.0043464;-0.26462;0.79613;-0.06455;-0.73124;-0.31229;1.5189;-0.27289;1.0882;-0.5117;-0.97938;-0.84427;0.099475;-0.19457;0.027341;-0.72252;3.1092;-0.53817;0.18348;-0.68513;-0.48142;0.86293;3.4927;-0.16502;-0.4682;1.7304;2.5154;-0.60798;0.30799
36;-0.41356;0.56626;0.62258;0.47691;0.42687;-0.0091646;-0.60313;-1.0798;-0.61025;-1.0082;-1.5333;1.4816;-0.02344;0.26622;0.26857;0.42768;1.4003;-0.51372;0.27906;-0.54574;-0.39036;-0.70437;1.4675;1.532;-0.82955;-1.3322;-1.0871;-0.97076;-1.0147;-0.27696;0.27892;0.33896;1.1771;-1.1029;1.2055;0.48791;0.97232;-1.3904;0.028663;0.50648;-1.3621;0.20307;0.6959;-0.91596;1.2777;-1.1212;1.258;0.50371;1.8263;-0.80309;-0.73931;-0.61487;-0.25023;-0.036182;-1.1877;0.53789;0.37616;3.1851;0.68175;0.56053;-0.35385;-0.96756;0.16016;-0.65344;1.067;0.59239;0.20306;2.8214;1.7845;-0.87755;0.1938;0.61038;-0.93123;-0.19772;1.841;0.58025;3.2315;-0.83893;0.11758;3.1452;-0.82638;0.66862;-0.39656;-0.43943;-0.76478;-1.0401;2.3263;-0.29058;-0.91863;-0.6853;-0.66298;1.9816;-0.81643;-0.88237;-0.56959;-0.86094
37;-1.166;-1.1796;1.4065;0.46521;-0.75722;1.1331;-0.96252;0.95984;-1.3755;0.92215;-0.89478;1.6115;1.3985;-1.3265;1.5793;-1.0494;-1.3973;0.56193;-1.1895;1.5516;-1.3676;0.15544;-0.76071;1.217;-0.2707;-1.4831;-0.6124;1.2069;1.2194;0.70022;-1.5167;1.4497;-1.2419;-1.7009;0.47033;0.66488;1.8513;-0.97145;-1.4204;1.8311;0.88843;0.25073;1.4134;0.82564;1.8422;1.2875;0.611;0.42637;0.78161;-0.48186;2.5167;-1.0785;-0.90352;3.3693;-1.0235;-0.82075;1.0253;2.4522;-0.72206;-0.95657;-0.8887;-0.64206;0.10698;-0.95385;1.6661;1.2587;1.6722;-0.10532;1.0207;-0.95123;-0.90474;-0.61312;-0.84918;0.90069;-0.57829;0.012432;-0.059735;-0.76104;-0.59278;0.087252;-0.51213;0.37605;0.063142;2.248;-0.7234;1.2885;-0.15632;-0.34069;0.57201;-0.14043;-0.75723;0.65149;0.087495;0.16777;1.9748;-0.20241
38;-1.0282;1.1354;1.3368;-0.22795;0.56693;1.2913;-1.4451;-1.5611;-0.17161;-0.94725;-1.2253;-1.8164;1.4044;1.0314;0.36038;-1.3669;-1.4843;-0.23291;-0.78781;1.4672;0.017348;-0.45165;-0.585;-1.7778;0.50623;-1.5185;0.11861;0.080086;0.69095;0.14667;1.3984;1.0894;-0.19846;-0.89264;-0.27105;1.989;-0.11852;0.72953;0.47759;-0.74394;1.0918;-0.90964;-1.234;0.63444;-0.50434;0.59477;-1.4388;-0.60558;0.89579;-0.6621;-0.13604;-0.63945;-0.17007;0.26457;1.4763;0.49202;-1.0249;1.2284;-0.85383;0.26969;-0.32148;0.14818;0.91606;0.56761;-0.034939;2.3216;-0.042397;-0.89404;1.6052;-0.48469;-0.98783;1.2445;1.0057;0.021516;0.61276;-0.67639;-0.17764;-0.79812;-0.36394;-0.95443;-0.73756;0.81133;-0.58515;-0.96212;-0.7199;0.47642;-1.1333;-0.091758;-0.39039;0.8822;0.091285;-0.74822;-0.98605;0.20339;-0.39804;0.038754
39;-0.89986;0.18678;-0.82377;1.0788;0.21972;0.85472;1.3556;1.0503;-0.61843;-1.5924;1.3319;1.7908;0.68545;0.56404;1.6365;0.20616;0.11429;1.4812;-1.363;-0.79741;-1.3404;-1.4396;-1.5002;-0.99408;1.2223;-1.3089;1.0474;0.98686;1.52;-0.31462;-0.043134;0.93274;-0.18232;1.1042;1.552;1.1803;-0.75461;0.33801;1.2956;-0.36595;-0.55668;0.81724;1.0625;-0.39118;1.8552;-1.4608;1.203;-0.75674;-0.19976;-0.37482;2.8577;-0.07981;-0.60832;0.82782;0.74755;-0.79205;0.74251;0.20039;-0.68593;-1.0821;0.20144;1.3599;0.36993;-0.91553;-0.19921;-0.6759;-0.4334;-0.11633;0.040932;0.5609;0.050089;2.0591;0.54367;0.27435;2.5025;1.8485;-0.51675;-0.49677;0.7347;-0.74496;-0.092606;-0.61986;-0.68119;0.58512;-0.86591;-0.35756;-0.71223;-0.68427;-0.37978;-0.87912;-0.53911;3.5417;0.88379;1.3462;1.3675;0.081335
40;-1.3032;-1.3731;-1.2912;-0.67046;-0.31621;-1.0598;0.8232;-1.1885;1.8449;-1.0461;-1.3296;1.4041;1.6411;-1.1706;-1.5169;-1.1288;-0.73798;-1.321;0.40321;0.29764;-0.14738;-1.154;-0.75803;-1.0875;1.3167;-1.6211;0.29841;-1.6842;1.3456;1.4193;-1.4084;1.2918;-0.69286;1.0302;0.84725;1.5616;1.6015;-0.75778;-1.9299;-1.1543;-1.347;-1.4621;-1.1006;0.14024;1.7642;0.29993;0.56244;-0.070608;-0.35557;-0.045844;-0.65022;-0.51632;-0.81484;-0.56211;0.078485;-0.92139;-0.96313;2.9776;-0.72573;-1.0049;-0.9358;0.82993;-1.1077;-0.32105;-0.80275;-0.76391;-0.89549;-0.60824;0.72349;2.37;2.7092;-0.5753;-1.2258;-0.96251;-0.84751;-0.72043;-0.13484;-0.73759;1.7104;-0.96839;-0.77048;3.3589;-0.62428;0.2335;0.98016;0.020233;1.3864;0.096401;0.10976;-0.13305;-0.4326;-0.095306;-0.91758;0.73438;0.69911;1.3413
41;-0.82174;-1.4011;-1.3028;-0.62509;0.43339;-1.3975;-1.5921;0.67629;-1.6193;-0.71755;0.17843;-0.91472;1.0943;-1.4055;-0.18601;0.097803;-1.1941;-0.13107;0.50719;0.93402;-0.52426;-0.33415;1.6415;-1.4715;0.22507;0.15816;-1.6951;1.2743;-0.96943;-1.4517;0.024516;1.27;-1.5871;1.4915;0.18921;0.8767;0.61294;1.003;-0.97838;0.28783;1.2584;0.2529;0.11755;0.74659;-0.71082;-0.24786;-0.60065;0.028368;-1.0403;-0.1856;1.8266;-0.62085;-0.66475;-0.40415;0.75432;-0.88479;0.10777;-0.15332;2.219;-0.76267;-0.83223;-0.55956;2.1272;0.21926;-0.69637;0.40057;2.0971;0.64873;-0.7452;0.92176;-0.16005;-0.9641;-0.50347;0.13805;-0.66111;0.51317;-0.89059;-0.79414;0.7368;-0.81817;-0.51291;-0.71088;-0.75706;0.7611;0.83009;-0.52634;-0.66993;-0.83873;-0.18883;-0.39774;0.33127;0.092577;0.71725;-0.73775;-0.30799;-0.65962
42;-0.019286;-1.3606;-0.12751;1.1971;-0.72798;0.61877;-0.87127;-0.6865;-0.74751;1.2931;0.30447;-0.60737;0.85353;0.096839;1.2608;1.3604;-1.0153;1.5773;0.36466;-1.4069;1.6813;0.36717;1.0671;1.2173;0.10087;-0.93506;0.67987;1.2053;1.3053;1.0152;-0.069765;-0.48242;0.82576;-0.31445;0.066718;0.50379;-1.2793;-0.12665;-1.4544;-0.6818;0.41871;-1.875;-0.29098;0.84066;0.28137;0.8094;1.3453;-1.14;-0.16468;-0.010564;-0.76062;0.39204;-0.23876;1.0046;-1.2502;-0.87642;-0.64445;-0.80656;-0.57228;1.5737;-0.7234;0.87493;-0.7225;0.35106;-0.31334;-0.8883;2.1121;-0.93228;0.68707;-0.58479;1.558;-0.90932;-0.58548;0.87014;-0.86305;-0.90852;-0.3321;-0.99922;-0.071774;0.036261;0.073803;-0.86147;-0.4736;-0.93592;1.5602;0.32084;2.0109;-0.69636;-1.0794;-0.69397;0.25387;0.16936;-0.97766;-0.75383;1.1666;-0.64078
43;1.2049;0.24428;-0.47423;0.30919;-0.074247;0.80156;-1.3452;0.8835;-0.98559;-0.18398;0.45556;-1.0777;1.098;1.4072;-0.55855;-1.4336;-0.30759;0.91403;1.2421;0.17919;-1.623;1.0317;0.49229;-0.75591;0.99564;-0.012473;1.7488;0.98225;0.24956;0.22768;-0.40828;-0.43722;-0.97425;0.14316;0.98904;-1.2995;-0.81329;0.60293;-1.5572;-0.69322;-0.40882;0.36631;-1.3921;-1.875;-0.86628;0.70496;0.17975;1.0247;1.7961;0.08243;1.6682;-0.50597;-0.68452;1.6661;-0.52991;-0.80617;-0.58577;-0.0011223;-0.8498;0.079094;-0.1688;0.23252;-0.58265;1.6034;0.028387;-0.48709;-0.52202;-0.33537;0.91486;-0.57075;-0.77151;-0.15129;-0.98722;0.36605;0.87576;-0.30454;-0.73439;-0.42316;-0.77178;-0.30923;0.11792;0.11607;-0.4733;-0.62862;-0.45214;-0.19155;-0.72271;2.9688;-0.6314;-0.84774;-0.42622;-0.58648;-0.83265;-0.85733;0.9957;0.28802
44;-0.52489;-1.0059;-0.95041;-0.9212;-1.1914;0.59762;-1.5974;0.27737;0.34387;-1.194;1.2859;0.16863;-0.94826;-0.25092;0.59473;-0.73015;-0.78534;-0.16823;0.78684;0.82181;0.052596;-1.2922;-1.4579;1.0747;-0.7228;-1.4355;1.1258;-1.4006;0.89317;-0.60464;1.1907;1.6377;-0.93862;0.94474;-0.98317;0.5513;0.94214;1.3612;-2.0429;0.13921;-1.3898;0.41732;-1.3792;-0.82268;0.079007;-1.5047;-0.45297;-1.4904;-0.86611;2.0666;-0.5024;0.16102;2.4155;0.14551;2.392;1.0886;-1.0166;-0.88523;-0.20512;-0.28126;-0.7419;-0.53244;0.035429;-0.80899;0.97691;-0.19945;-0.97029;0.055519;-0.19194;-0.21618;-0.92292;-0.49978;-0.5128;-0.92804;-0.79414;0.032887;-0.90965;-0.4162;-0.087205;0.31772;-0.91204;0.37869;1.1084;-0.4864;-0.5742;-1.0664;-0.085284;0.076689;-0.3065;-0.7991;-0.70744;1.7571;0.50263;0.60131;-0.3134;-0.73141
45;-0.19125;1.3047;-1.3672;0.71541;-0.14667;0.28779;-0.53304;-1.4348;0.072449;-1.8478;-1.0505;-1.7223;-0.84975;0.33625;-0.71822;-1.3442;0.71176;-1.3015;-0.38051;-1.3225;1.1223;-0.87238;1.1783;-0.1813;-1.1432;0.59322;0.30832;-0.25589;-0.26049;-0.44755;0.27726;-1.1938;1.5718;-0.25081;-0.20497;-0.44204;1.1881;-0.97083;-0.59518;-0.58562;0.92848;0.21766;0.10369;-0.41006;-0.54471;0.70195;-0.79106;0.93161;-0.56257;-0.49612;-0.4496;-0.17467;3.7795;-0.40155;0.44161;-0.42431;2.2812;0.89122;-0.47436;0.016373;-0.21751;-0.37527;-0.86802;-0.69571;-0.92943;-0.8853;1.0903;1.0564;2.367;0.52514;0.5665;-0.92636;1.1271;-0.55574;0.62314;2.2556;-0.5396;0.13763;-0.35029;-0.3042;-0.67453;0.14646;-0.46134;-1.0208;-0.35261;-1.0002;1.0484;2.2971;-0.80355;-0.75438;-0.64456;-0.71879;-0.96587;-0.17107;-0.66884;-0.14805
46;0.99105;-1.3123;-0.5186;-1.0932;-1.8437;-0.63019;0.22377;0.96684;-0.46444;0.50467;0.64614;-1.4964;-1.2115;1.1259;1.0062;0.94014;-1.6867;-1.191;-1.6925;-0.0043678;0.41118;-0.12826;-0.25154;0.76673;1.8637;-0.76936;-1.0498;0.70812;-1.4625;1.4138;0.60941;-1.2282;-0.23266;-1.0721;1.3957;-1.8698;1.2486;0.883;0.055497;0.49206;-0.45361;0.59442;0.83316;-0.18519;-0.93054;-1.6993;1.1054;-0.42435;0.30926;-0.39392;-0.29804;0.50172;-0.90649;0.51858;-1.0162;-0.19088;-0.92349;-0.39126;-0.88947;1.8759;-0.83635;-1.2111;1.0161;-0.83872;-1.0651;-0.39898;-0.38404;-0.79321;-0.01366;-0.52999;0.90684;-0.52127;0.4896;-0.82066;-0.84204;-0.29491;-0.81485;-0.49434;0.59857;-0.79419;-0.9597;-0.74308;-0.67067;0.35984;-0.12253;-0.76572;-0.75439;-0.35235;-0.82076;-0.67814;1.5877;-0.44333;1.2936;-0.082685;-0.44188;0.5018
47;1.1975;1.3361;-0.25163;0.94338;0.65761;0.54335;-0.76105;-0.11465;1.1428;0.96779;-1.066;-0.86241;-1.0451;-1.6213;1.2075;1.5707;0.42695;1.4276;0.99084;-1.0849;-0.62528;0.25583;1.4541;-0.62919;-0.18166;-0.27809;1.0956;-0.49423;0.41695;0.64331;1.3254;-1.618;-1.6685;0.40543;-1.4171;-0.24582;0.15321;-0.12607;-0.0988;-0.33425;0.69503;0.61865;0.76996;-1.6406;0.35547;1.4879;-0.33048;-1.6262;0.28266;-0.54655;-0.98825;-0.63963;0.44169;1.3792;0.46724;0.74173;0.4557;-0.82339;0.35889;-0.81533;0.066832;2.4625;-0.46563;-0.69871;-1.0792;0.1718;-0.84909;-0.52626;0.20007;-0.55366;-0.28248;-0.94916;4.0512;-0.93301;0.040541;0.073009;0.60532;-0.7516;0.29926;0.032284;-0.96801;1.1586;1.3139;-0.90711;-0.45488;-0.14357;-0.76007;-0.77044;-0.72837;0.44356;-0.45257;-0.78872;0.12771;-0.91873;1.2265;-0.77571
48;0.37479;-0.95029;-0.5965;0.62801;0.85995;1.3373;1.2097;-1.3484;1.6781;0.019971;0.31505;0.67916;-0.71805;0.66575;1.5395;1.0623;-1.5831;1.5331;-1.5022;0.83488;0.37503;0.27162;-0.41904;-1.0367;-1.5231;0.39829;0.87932;0.53073;0.85922;1.3158;-1.0475;-0.51212;1.5229;-0.6372;-1.4985;0.67207;0.27138;-0.60392;-0.089706;-0.76728;-0.13784;-1.294;-1.254;-0.95418;1.0824;-1.1352;-1.0014;0.86782;0.77763;-0.45311;-0.91581;-1.1083;0.54534;-0.81861;2.453;1.4397;-0.91168;0.8453;0.15596;-0.27508;-0.40107;-1.0581;0.27995;0.37593;-1.0017;-0.79868;-0.29287;0.36925;0.030875;-1.0033;-0.37775;0.17228;-0.55856;-0.82574;-0.14502;-0.66726;-0.55638;-0.74138;-0.79512;-0.90177;-0.7956;1.0663;-0.71796;0.6889;-0.40768;-0.69207;0.77623;-0.63843;2.2987;1.3091;-0.79;0.39885;-0.83657;-0.61605;-0.46181;-0.36639
49;-0.78022;1.2052;0.81657;0.80047;-0.61978;0.5481;0.89235;0.57535;1.4915;-0.70656;0.022849;1.1814;-0.68459;0.99215;0.31363;-0.10596;-0.65308;1.4851;-0.9018;1.1401;0.84148;1.6921;0.87563;1.0376;-0.60808;0.81399;0.94589;1.4213;1.1372;-1.3866;1.3933;-0.9716;0.45556;-1.1769;0.24824;-0.25087;-1.0366;-1.7257;-0.14096;-1.1228;0.25345;1.2333;-1.1909;-0.66642;-0.77691;-1.0347;1.2737;0.49989;1.0092;0.2498;-1.1837;-1.1579;-0.17737;-0.74077;-0.74567;-0.87016;-0.43425;0.542;-0.90088;-1.2118;-0.15227;0.744;-0.81277;-0.77244;-0.21545;-0.82938;-0.1769;1.8541;-0.16277;-1.0786;-0.86929;-0.9571;-0.1525;1.6563;-0.73243;-0.28238;0.49438;-0.80436;-0.89607;1.852;3.4087;1.7734;0.02077;-0.96409;2.6129;0.94994;-0.86254;-0.51905;-0.68803;2.8876;1.396;-0.28114;-0.15739;0.78169;-0.65767;0.36827
50;0.35865;-1.3243;-1.4509;1.3499;-0.015305;1.0376;-0.54891;1.2085;-1.4249;-1.071;-0.63553;-0.86934;-0.5469;0.61138;0.074844;0.31779;0.64129;1.7436;0.5094;0.72555;2.0109;1.6047;-0.79969;-0.99069;-0.55982;0.7737;0.07264;1.3411;0.957;-1.416;0.076858;1.6258;0.67129;1.4706;-0.9407;-0.22403;0.07139;1.1042;-0.50626;0.36636;1.6281;-0.14723;-0.98682;-0.76805;0.90833;1.6481;-0.30506;-1.1107;-0.75404;-0.7289;1.626;-0.8301;-0.7025;1.2614;-0.34585;-0.066407;-0.672;-0.1654;-0.87765;-0.028005;0.061622;-1.1922;2.1046;0.39815;-0.5989;2.5742;-0.85967;-0.51541;1.6805;-0.1939;0.17338;0.46973;0.14014;-0.17973;-0.46847;-0.27346;0.26693;-0.5035;-0.40717;-1.0083;0.19372;-0.6934;-0.78997;-0.056976;1.7542;-0.978;0.40666;-0.78303;0.89699;-0.28874;-0.17317;-0.38708;-1.0224;0.29513;-0.45279;-0.57759
PARTICULAR
GAIN
3
