TITLE;96 random variables, variable gain
FOCUS ON;
EXPERIMENT TYPE;SingleAmongManyVaryingGain
PARAMETERS
normalization;Center
pcaRecompositionThreshold;0.95
component;1;2;3;4;5;6;7;8;9;10;11;12;13;14;15;16;17;18;19;20;21;22;23;24;25;26;27;28;29;30;31;32;33;34;35;36;37;38;39;40;41;42;43;44;45;46;47;48;49
type;RandomWeibull;RandomWeibull;RandomWeibull;RandomWeibull;RandomWeibull;RandomWeibull;RandomWeibull;RandomWeibull;RandomWeibull;RandomWeibull;RandomWeibull;RandomWeibull;RandomWeibull;RandomWeibull;RandomWeibull;RandomWeibull;RandomWeibull;RandomWeibull;RandomWeibull;RandomWeibull;RandomWeibull;RandomWeibull;RandomWeibull;RandomWeibull;RandomWeibull;RandomWeibull;RandomWeibull;RandomWeibull;RandomWeibull;RandomWeibull;RandomWeibull;RandomWeibull;RandomWeibull;RandomWeibull;RandomWeibull;RandomWeibull;RandomWeibull;RandomWeibull;RandomWeibull;RandomWeibull;RandomWeibull;RandomWeibull;RandomWeibull;RandomWeibull;RandomWeibull;RandomWeibull;RandomWeibull;RandomWeibull;RandomUniform
p1;1;1;1;1;1;1;1;1;1;1;1;1;1;1;1;1;1;1;1;1;1;1;1;1;1;1;1;1;1;1;1;1;1;1;1;1;1;1;1;1;1;1;1;1;1;1;1;1;0
p2;1;1;1;1;1;1;1;1;1;1;1;1;1;1;1;1;1;1;1;1;1;1;1;1;1;1;1;1;1;1;1;1;1;1;1;1;1;1;1;1;1;1;1;1;1;1;1;1;1
RESULTS
COMMON
distance
which;Manhattan(Average);Manhattan(GeometricAverage);Manhattan(Median);Manhattan(Minimum);Manhattan(MinimumTimesMedian);Manhattan(Summation);Euclidean(Average);Euclidean(GeometricAverage);Euclidean(Median);Euclidean(Minimum);Euclidean(MinimumTimesMedian);Euclidean(Summation)
plain;0.79663;0.79542;0.79676;0.66701;0.53145;975.87;0.099562;0.098609;0.09898;0.065095;0.0064432;121.96
PCA;0.96127;0.95822;0.96171;0.7357;0.70753;1177.6;0.2012;0.19559;0.1934;0.10905;0.02109;246.47
DE00;0.95695;0.93959;0.95968;0.75536;0.70574;1158.4;0.23735;0.21525;0.2032;0.11085;0.024126;288.03
DE01;0.94803;0.91117;0.94412;0.75027;0.70598;1154.8;0.22143;0.22078;0.21616;0.1118;0.023291;264.97
DE02;0.95132;0.94702;0.96076;0.74793;0.69734;1159.6;0.22354;0.21625;0.23405;0.11114;0.023592;288.21
PCA
weights;0.013182;0.01732;0.013914;0.028134;0.02473;0.01692;0.023954;0.030505;0.042791;0.017803;0.016383;0.030977;0.018379;0.016815;0.014766;0.024873;0.01713;0.025259;0.017925;0.016872;0.010918;0.016537;0.029876;0.014411;0.018819;0.013534;0.013093;0.011446;0.021295;0.023506;0.019719;0.024892;0.019684;0.02016;0.0218;0.019797;0.013424;0.01681;0.01247;0.021993;0.016428;0.016627;0.019803;0.014531;0.024184;0.011035;0.026154;0.011016;0.0011114;0.00071651;0.0014928;0.0015683;0.0012159;0.0015198;0.0017025;0.0015383;0.0012467;0.0013232;0.00098927;0.0011141;0.0014538;0.0015358;0.0014691;0.0018768;0.0014191;0.0013647;0.0012742;0.001475;0.001454;0.0020832;0.0014822;0.0017547;0.0010152;0.0016642;0.0014252;0.001416;0.0016225;0.0013901;0.0011411;0.0012937;0.0017082;0.0013131;0.0014422;0.0016636;0.0012999;0.0007771;0.0017589;0.0011061;0.0011972;0.0011383;0.0014588;0.0011459;0.0021605;0.0012496;0.0011662;0.0016681
differential evolutions parameters, by distance type
i;dDE / dP;distance;type;parentWeight;crossover;population;iterations;distance;weights ->
1;1.2012;0.95695;2;0.85;0.5;50;50;Manhattan(Average);0.0034254;0.012597;0.019723;0.027058;0.025178;0.018937;0.024559;0.011134;0.02744;0.024053;0.016052;0.027712;0.023317;0.010632;0.0079097;0.029693;0.026152;0.0229;0.019459;0.028341;0.0011675;0.029624;0.027461;0.029308;0.025218;0.023677;6.3298E-05;0.0043343;0.025828;0.028871;0.02126;0.018307;0.028838;0.020185;0.026244;0.026132;0.0067067;0.00032903;0.0077974;0.020889;0.016826;0.015366;0.028118;0.025757;0.025648;0.0097881;0.018418;0.001868;0.0010411;0.00041726;0.0032273;0.0028771;1.5017E-05;0.0011493;0.0024564;0.0012102;0.00094638;0.0010859;0.00033795;0.0058886;0.00011305;0.0014883;0.0036435;0.0015191;0.0021614;0.001178;0.0001119;0.0012141;0.00166;0.0024818;0.00080112;9.052E-05;0.0041244;0.0017416;0.0014726;0.00043314;0.0030035;0.0014408;0.0019958;0.00040723;0.0020043;0.0034037;0.0010529;0.0046528;0.00033556;0.0014615;3.9568E-05;0.0027706;0.00040297;0.0027893;0.00032102;0.0022068;0.00038274;0.0012781;0.00013399;0.004728
2;1.1901;0.94803;2;0.85;0.5;50;50;Manhattan(Average);0.005506;0.017283;0.0019163;0.012966;0.028501;0.027968;0.025475;0.027249;0.026149;0.028427;0.027239;0.026927;0.00052765;0.02818;0.028412;0.027575;0.0036028;0.024416;0.013022;0.018212;0.012652;0.027107;0.027149;0.010513;0.022016;0.012556;0.013942;0.012453;0.020151;0.027187;0.011266;0.020893;0.017646;0.016951;0.020847;0.01529;0.02297;0.015166;0.024297;0.023593;0.0077574;0.023476;0.024547;0.0065483;0.024399;0.010591;0.027902;0.0056504;0.001593;0.00025423;0.00035151;0.0025045;0.00035368;0.0042297;1.2886E-05;0.0013785;0.00088575;0.0027147;0.00073312;0.00026112;0.001438;0.0012829;0.0015545;0.00043658;0.00236;0.0036515;0.00046265;0.0041021;0.0075982;0.00054676;0.0011348;0.0026844;0.0019824;0.00038647;0.0034659;0.0024853;0.0085426;0.0068802;0.0027105;0.0030792;0.0010053;0.00028457;0.00029806;0.00028939;0.0039202;0.00155;0.0023404;0.0012733;0.00025061;7.1164E-05;0.0026877;0.00042449;0.0016763;0.0009333;0.0045089;0.0013584
3;1.1942;0.95132;2;0.85;0.5;50;50;Manhattan(Average);0.018141;0.021696;0.0029911;0.021362;0.02681;0.006858;0.023902;0.015959;0.028416;0.0281;0.024104;0.027457;0.023036;0.006203;0.017471;0.022803;0.022136;0.025325;0.022315;0.004802;0.01917;0.027234;0.028442;0.016475;0.014802;0.00035831;0.020873;0.0029167;0.017118;0.025348;0.028327;0.021845;0.028019;0.028284;0.02658;0.02002;0.00096521;0.017196;0.026554;0.027543;0.0010675;0.024785;0.0010716;0.021121;0.026428;0.016765;0.02459;0.0082219;0.00023874;0.0008548;0.0015443;0.007543;0.00031699;0.00089413;0.0016976;0.00023154;0.0012876;0.00027306;0.0014718;0.0082979;0.00024818;0.0019295;0.0066412;0.001546;0.00067557;0.0038674;0.0017779;0.0012001;8.4439E-05;0.00045187;0.0017507;0.00049705;0.00075079;0.0019095;0.00077608;0.00032441;0.00060369;0.0013798;0.00018545;0.00091899;0.0048741;0.0046247;0.00061704;0.00093303;7.1925E-05;0.0016016;0.00067005;0.0037802;0.00038726;0.00073669;0.00084004;0.00011564;0.0063961;0.00034658;0.0094448;0.00038174
4;1.1813;0.93959;2;0.85;0.5;50;50;Manhattan(GeometricAverage);0.02466;0.010326;0.022784;0.024144;0.017742;0.024199;0.023307;0.02325;0.017373;0.019462;0.020208;0.023829;0.018549;0.020472;0.020003;0.024232;0.016495;0.024031;0.022113;0.020305;0.016614;0.019778;0.024531;0.0080534;0.0047315;0.024055;0.010716;0.011454;0.020569;0.015424;0.018973;0.023343;0.015865;0.01247;0.022724;0.021285;0.0068175;0.024315;0.020161;0.023247;0.021324;0.023731;0.017048;0.018117;0.02333;0.0027342;0.021465;0.0042968;0.00044608;0.0049315;0.00016206;4.3795E-05;0.0019097;0.0017618;0.00032932;0.01206;0.001036;0.003204;0.001789;0.00020076;0.002376;0.01182;1.71E-05;0.00082233;0.0012324;0.0034161;0.0018153;0.00048354;0.0015581;0.0031811;0.0020716;0.0032661;0.0010165;0.0034477;0.0024356;0.0017679;0.0009758;0.00091122;0.00047407;0.0019224;0.00017157;0.0012089;0.003157;0.0012272;0.0061403;0.00055185;0.00014994;0.0018093;0.00074549;0.0042032;0.002396;0.00064731;0.00030959;0.0023064;0.0069803;0.00045506
5;1.1455;0.91117;2;0.85;0.5;50;50;Manhattan(GeometricAverage);0.010222;0.010086;0.022162;0.0077549;0.021716;0.022705;0.017891;0.021611;0.022;0.018529;0.022945;0.023328;0.021514;0.0051662;0.017182;0.022595;0.017682;0.018999;0.016748;0.021588;0.0028585;0.018081;0.022889;0.022029;0.0061163;0.016255;0.012082;0.0052265;0.023525;0.023158;0.0084108;0.018699;0.019841;0.011097;0.018771;0.015374;0.0058689;0.017072;0.011502;0.022576;0.0072319;0.019499;0.01659;0.021074;0.023576;0.013087;0.020994;0.012247;0.0013833;0.0028488;0.0073234;0.0092583;0.0049256;0.0012995;0.004065;0.015197;0.0086637;6.5427E-05;0.0052158;0.01122;0.0020584;0.0040886;0.00054364;0.0012007;0.001466;0.0012671;8.1123E-05;0.0054018;0.002002;0.0072909;0.0021323;0.0030387;0.00013131;0.00026221;0.0018986;0.0020796;0.019757;0.013614;0.0082839;0.0013082;0.0020752;0.0062089;0.0029411;0.00082127;0.00082515;0.00052709;0.0026501;0.0039248;0.00071121;0.0017124;0.0040181;0.0060811;0.017364;0.00016916;0.00031065;0.0021357
6;1.1906;0.94702;2;0.85;0.5;50;50;Manhattan(GeometricAverage);0.010177;0.025873;0.026904;0.021316;0.0040469;0.002916;0.024349;0.027238;0.02511;0.026111;0.023564;0.024065;0.022709;0.0012131;0.0012667;0.027319;0.02129;0.028598;0.024245;0.0055204;0.003942;0.022752;0.024762;0.016652;0.01938;0.0045416;0.027545;0.0015545;0.02834;0.028871;0.026742;0.027077;0.024041;0.0061725;0.027942;0.015136;0.0065695;0.015293;0.028091;0.026051;0.020641;0.023719;0.0078197;0.027335;0.028978;0.0057831;0.02282;0.0073634;0.00018269;0.0011062;0.00026063;0.0022992;0.0020653;0.0038138;0.0029417;0.0002204;8.3501E-05;0.0034842;0.0074922;0.00040271;0.0009828;0.00243;0.0030233;0.0039441;4.5769E-05;0.0035872;0.00062122;0.004859;0.0019532;0.0013915;0.00040404;0.0005902;0.0016193;0.00056427;0.001339;0.00088174;0.00068951;0.0044299;0.0034662;0.00068313;0.0018115;0.00039346;0.0033103;0.0029046;0.00023781;0.00037233;0.00064752;0.0005005;0.0057986;9.3749E-06;0.0060303;0.0075702;0.0017275;0.0023533;0.0024064;0.0023188
7;1.1248;0.75027;2;0.85;0.5;50;50;Manhattan(Minimum);0.010534;0.0079739;0.019198;0.019478;0.013268;0.022457;0.0015785;0.020713;0.0089421;0.012434;0.013727;0.018766;0.014194;0.0066257;0.010005;0.014075;0.0093159;0.011778;0.018156;0.020484;0.021799;0.015229;0.011368;0.015453;0.011644;0.021253;0.021754;0.021629;0.021804;0.016295;0.0080741;0.012666;0.019225;0.014;0.019122;0.019248;0.010615;0.020157;0.0068876;0.020964;0.01797;0.02051;0.014168;0.020065;0.021541;0.018213;0.011129;0.015001;0.0025065;0.0056165;0.00053082;0.014151;0.0068062;0.0022338;0.0071582;0.00029865;0.00028472;0.010408;0.0038036;0.015618;0.0014118;0.020112;0.00040136;0.0030352;0.0042508;0.0071754;0.004811;0.00049855;0.010432;0.00057368;0.0086767;0.0047983;0.0088069;0.004165;0.0051038;0.0024236;0.002713;0.00013671;3.8257E-05;0.0052324;0.0030993;0.0097914;0.00078442;0.0069584;0.011005;0.0015323;0.009347;0.0043198;0.016586;0.001156;0.0041472;0.012528;0.00045913;0.0085111;0.0023594;0.0017179
8;1.1213;0.74793;2;0.85;0.5;50;50;Manhattan(Minimum);0.0084719;0.00084956;0.022848;0.022483;0.009736;0.023022;0.0050419;0.013233;0.014832;0.01156;0.02303;0.015003;0.014503;0.0054397;0.015317;0.01663;0.0069906;0.016215;0.0071321;0.020243;0.011593;0.014252;0.019664;0.019664;0.016791;0.015511;0.01508;0.020624;0.01627;0.011673;0.0024553;0.012518;0.012526;0.017903;0.01745;0.022214;0.014316;0.020981;0.0039589;0.021703;0.02055;0.016353;0.022073;0.019517;0.009569;0.021798;0.020312;0.01694;0.0077702;0.0096521;0.00023251;9.312E-05;0.013279;0.0012077;0.00026806;0.0011474;0.010929;0.0022896;0.0090538;0.016464;0.0054052;0.0021969;0.00024798;0.0036288;0.02314;0.0071236;0.0033458;0.011818;0.0029832;0.0092091;0.0075856;0.0020307;0.014664;0.0056756;0.0096962;0.0019164;0.015424;0.012668;0.002172;0.0095365;0.010742;0.0016872;0.00011821;0.0021298;0.0075781;0.0020621;0.0056436;0.0011389;0.0076862;0.00011106;0.00024963;0.0017717;0.0015204;0.0013545;0.00038155;0.0061334
9;1.1325;0.75536;2;0.85;0.5;50;50;Manhattan(Minimum);0.0071123;0.0050879;0.013783;0.018932;0.0099139;0.022847;0.01266;0.021871;0.0090696;0.0051211;0.023123;0.023318;0.016033;0.014158;0.023429;0.0054301;0.016451;0.0057322;0.018473;0.021509;0.017763;0.022565;0.0214;0.013916;0.019197;0.022176;0.021615;0.019242;0.016383;0.015902;0.0081596;0.011433;0.019788;0.023143;0.019719;0.018761;0.019537;0.016911;0.014044;0.01897;0.023465;0.020241;0.011281;0.01515;0.013166;0.015046;0.018528;0.0061631;0.0034479;0.002133;0.0060351;0.0030567;0.010527;2.2955E-05;0.0040983;0.012548;0.001813;0.0038339;0.0064215;0.0038664;0.0085211;0.0030626;0.0094988;0.00075415;0.0086572;0.0054949;0.0013003;0.0038178;0.0016743;0.0094974;0.0019751;0.0052128;0.0038869;0.00099547;0.00055754;0.0096368;0.0068969;0.0014126;0.0018521;0.00029029;0.0024008;0.0043917;0.00028162;0.0006165;0.0070221;0.0025593;0.0088094;0.0061558;0.0027284;0.000642;0.0068891;0.0093327;0.0074604;0.012511;0.0026714;0.0050115
10;1.185;0.94412;2;0.85;0.5;50;50;Manhattan(Median);2.2461E-05;0.014232;0.017592;0.021966;0.026204;0.019904;0.024713;0.025442;0.0227;0.023367;0.0011957;0.026363;0.025485;0.026276;0.021822;0.019007;0.0055948;0.022318;0.024443;0.023161;0.0018643;0.012532;0.025145;0.0069676;0.0040582;0.019527;0.015185;0.0078023;0.021945;0.020003;0.020332;0.020197;0.01919;0.019284;0.025204;0.018875;0.011775;0.018912;0.023474;0.02638;0.024336;0.025426;0.016454;0.0044367;0.024626;0.023503;0.016464;0.010025;0.011664;0.0039255;0.0029642;0.0010818;0.0012215;0.0012531;0.0011331;0.00071064;0.019065;0.00073963;0.0013299;0.00062066;0.0050341;4.6885E-05;0.0023906;0.00018751;0.0011257;0.0022434;0.0049385;0.0017477;0.00016358;0.00067373;0.00027817;0.0013957;0.0010408;0.00064556;0.0025576;0.0010667;0.0036777;0.0023487;0.00024947;0.0017448;0.0013012;0.0012598;0.00023939;0.024938;0.00094521;0.00025202;0.0008658;0.00039939;0.001808;0.0034102;4.921E-05;0.00044171;0.0025321;0.00076703;0.00069809;0.0050955
11;1.2045;0.95968;2;0.85;0.5;50;50;Manhattan(Median);0.0018515;0.02887;0.029145;0.025958;0.028545;0.0031503;0.030087;0.02907;0.030049;0.025864;0.013561;0.026488;0.0069751;0.0067305;0.0024067;0.029281;0.029141;0.02964;0.025351;0.0032929;0.022132;0.0069782;0.027187;0.016535;0.015513;0.0035717;0.0062216;0.0086129;0.025185;0.029616;0.0058611;0.030041;0.026945;0.0042813;0.02454;0.022145;0.018805;0.019487;0.015;0.029812;0.017631;0.030018;0.011539;0.020421;0.025364;0.010276;0.025644;0.0013148;0.00039506;0.0023387;0.0009507;0.00044675;0.0050884;0.00023489;0.0058442;0.00010251;0.00048397;0.00032008;0.0039636;0.00050354;0.0042487;0.00073332;0.0021393;0.0016025;0.004289;0.0022528;0.00083448;0.0024093;0.00011517;0.00053663;0.0016863;0.0043233;0.0018405;0.0033568;0.00065179;0.0022804;0.00027857;0.00065503;0.00058282;0.0036864;0.00022898;0.00051046;0.00062485;0.0017837;0.00059858;0.0018163;0.0030446;0.0011699;0.0024975;0.011206;0.0025269;0.00019746;0.00024321;0.00028459;0.0011493;0.0068098
12;1.2058;0.96076;2;0.85;0.5;50;50;Manhattan(Median);0.0054654;0.028792;0.018346;0.027803;0.029136;0.026885;0.020894;0.015604;0.02452;0.014297;0.029207;0.027487;0.019044;0.021055;0.023736;0.028667;0.029378;0.026832;0.024923;0.027664;0.0040549;0.017485;0.026952;0.0055739;0.018636;0.020925;0.0012516;0.0052714;0.0029348;0.022617;0.027685;0.028501;0.023598;0.029048;0.027148;0.0037199;0.0046486;0.02065;0.021374;0.025798;0.011486;0.011856;0.029013;0.013797;0.023664;0.0095331;0.014585;0.0054225;0.0017462;0.0017657;0.0011393;1.7261E-05;0.001162;0.0021037;0.0023079;0.0073494;0.0015586;0.001557;0.00011649;0.0019193;0.00027176;0.0024686;0.0014762;0.0023031;1.4597E-05;0.00043565;0.0070801;0.0015916;0.00041894;0.00011697;0.0026775;0.0028008;0.0012913;0.00050349;0.0014459;0.00026467;4.8767E-05;0.00087944;0.0013582;0.00028994;0.00097577;0.00042338;0.00018591;0.00034076;7.4028E-05;0.0011503;0.005676;0.00061239;0.0038721;0.0015383;0.0015375;0.00016424;8.9672E-05;0.00036138;0.0015036;0.0040488
13;1.328;0.70574;2;0.85;0.5;50;50;Manhattan(MinimumTimesMedian);0.0034337;0.023713;0.016851;0.019459;0.010366;0.02687;0.014662;0.014904;0.027768;0.0054985;0.023443;0.028391;0.016881;0.00043046;0.012934;0.016807;0.003131;0.016984;0.028191;0.021503;0.020405;0.012241;0.023984;0.012987;0.0085501;0.019129;0.025886;0.0031014;0.027639;0.022368;0.025109;0.023165;0.022031;0.025044;0.021244;0.024968;0.0012261;0.01888;0.0085433;0.022667;0.025379;0.013397;0.024221;0.018333;0.01261;0.0095157;0.022101;0.0097048;0.0013738;0.0025863;0.001001;4.6437E-05;0.00078245;0.0006885;0.00061554;0.0069382;0.0053373;0.00088598;0.0009633;0.0057636;0.0017096;0.0058943;0.0071792;0.0069493;0.00025623;0.002506;0.0025611;0.002475;0.0041034;0.00079459;0.0011314;0.021138;0.0041025;0.0015504;0.0047331;0.0021258;0.0017485;0.0067902;0.0047678;0.00013543;0.00084471;0.0031026;0.0020228;0.0082841;0.012305;0.0021788;0.0085464;0.00093168;0.00040799;0.00073485;0.0012051;0.0012023;0.0034099;0.0064428;0.00073995;0.0013563
14;1.3284;0.70598;2;0.85;0.5;50;50;Manhattan(MinimumTimesMedian);0.024629;0.0097962;0.027425;0.016766;0.022602;0.025271;0.011556;0.017591;0.025415;0.025768;0.022714;0.025036;0.010737;0.00088418;0.013191;0.024787;0.016232;0.02786;0.0076019;0.027855;0.021725;0.015903;0.022037;0.016984;0.015092;0.011352;0.01822;0.012076;0.013797;0.024968;0.005857;0.0087455;0.024678;0.022717;0.0026407;0.024487;0.019617;0.024311;0.002861;0.017947;0.02027;0.023033;0.022073;0.021993;0.015275;0.007362;0.024208;0.01343;0.0011123;0.00071185;0.0074842;0.0052565;0.00039752;0.0071083;0.00025204;0.003276;0.00095154;5.9937E-05;0.0028459;0.010651;0.0039167;0.0016746;0.004777;0.0039772;0.00096913;0.0002318;0.0092182;0.001114;0.00090925;0.00361;0.0049818;0.0034395;0.0026058;0.0030191;0.0031566;0.0010581;0.0015814;0.00092356;0.0017577;0.00018375;0.010011;0.0012072;0.0047871;0.00066169;0.0024455;0.00057027;0.0014465;0.0014511;0.002541;0.0061114;0.00163;0.0010434;0.010229;0.0020571;0.0021653;0.0010544
15;1.3121;0.69734;2;0.85;0.5;50;50;Manhattan(MinimumTimesMedian);0.021545;0.017272;0.019624;0.011775;0.018135;0.022893;0.02236;0.021252;0.020183;0.0094396;0.022592;0.018147;0.022043;0.01804;0.00021616;0.016798;0.019077;0.018135;0.019838;0.022925;0.01992;0.013482;0.0096258;0.023188;0.019025;0.023306;0.022245;0.020234;0.0033711;0.024011;0.0028068;0.02191;0.01492;0.018915;0.014742;0.02295;0.017824;0.020267;0.011975;0.017436;0.0223;0.023376;0.0029821;0.019486;0.023995;0.01357;0.021755;0.0084558;0.0014442;0.0025689;0.0031412;0.0025887;0.0015755;0.0016042;0.00070982;0.0062544;0.0078345;0.0030296;0.0014601;0.00108;0.00087146;0.0012456;0.0026871;0.0054959;0.001859;0.0030766;0.0035857;0.0010914;0.0016628;0.0043952;0.0013875;0.003949;0.0024372;0.0014981;0.0017526;0.017963;0.016974;0.00024052;0.0017456;0.0018176;0.00041733;0.0055234;0.0013555;0.0011294;0.0020276;0.0045689;0.0049317;0.0041232;0.0018415;0.0022562;0.00057059;0.00027825;7.2422E-05;0.00054338;0.0042198;0.01675
16;1.187;1158.4;2;0.85;0.5;50;50;Manhattan(Summation);0.0017576;0.027398;0.022986;0.024457;0.02575;0.0081557;0.028205;0.027168;0.026141;0.0029667;0.014177;0.024971;0.018682;0.015287;0.0050608;0.025398;0.0057307;0.025821;0.026996;0.0042842;0.0040626;0.027246;0.027929;0.021078;0.003239;0.0064169;0.013663;0.016159;0.028048;0.02741;0.02389;0.023738;0.013145;0.011213;0.018325;0.011409;0.028763;0.020992;0.026266;0.014065;0.017839;0.01807;0.02535;0.02704;0.026415;0.027738;0.019265;0.0044645;0.0027632;0.00036733;0.0016923;0.0066;0.0022129;0.0024958;0.00069476;0.0032564;0.00010852;0.0033976;0.0017185;0.0021766;0.00090957;0.00022108;0.0032047;8.421E-05;2.5018E-05;0.0010177;0.0058968;0.0029099;0.0028138;0.00014457;0.00023289;0.0033929;0.0030423;0.0042907;0.0013608;0.0010611;0.00043367;0.00046281;0.002909;0.0017024;0.0047103;0.0015988;0.0071373;6.107E-05;0.012318;0.00014033;0.0011292;0.0019728;0.0011863;0.00057052;8.7434E-05;0.0012866;0.0035012;0.0047169;0.00096019;0.00038851
17;1.1834;1154.8;2;0.85;0.5;50;50;Manhattan(Summation);0.012241;0.024239;0.026033;0.022738;0.020875;0.023394;0.022303;0.018525;0.025479;0.021433;0.0086174;0.025244;0.01414;0.020777;0.018362;0.025074;0.025923;0.019734;0.0096244;0.016829;0.010578;0.018901;0.023809;0.019815;0.022555;0.024495;0.0033693;0.0027615;0.010158;0.015763;0.014935;0.025452;0.021585;0.014825;0.018508;0.023966;0.0083231;0.010314;0.017618;0.023383;0.023594;0.02417;0.016602;0.024711;0.021662;0.0073599;0.022037;0.021709;0.00043588;0.0001419;0.0010474;0.00084711;0.00094272;0.00056352;0.00060767;0.0041425;0.0039653;0.0010171;0.0020291;0.0036319;0.00085456;0.0016463;0.00016861;3.8337E-05;0.00074933;0.002385;0.00085625;0.0009322;0.00094943;0.00086683;0.0009365;0.00036513;0.00029572;0.024859;0.0021596;0.00028773;0.0011456;0.0055777;0.00092774;0.0059092;0.0018171;0.0043422;0.00063566;2.8166E-05;0.005072;0.001038;0.0029044;0.0014479;0.0073391;0.0005559;0.0017439;0.0029022;0.00094225;0.0020269;0.00057662;0.0008003
18;1.1882;1159.6;2;0.85;0.5;50;50;Manhattan(Summation);0.0055351;0.025667;0.017624;0.02395;0.026569;0.019719;0.027095;0.024103;0.019601;0.027028;0.025451;0.026952;0.0098694;0.0048167;0.015004;0.027847;0.020365;0.025389;0.024443;0.00393;0.0025141;0.026729;0.027675;0.022113;0.013525;0.0080951;0.027096;0.0074277;0.025986;0.021368;0.028344;0.028477;0.022645;0.019854;0.023395;0.001431;0.0050806;0.0044294;0.0092466;0.019542;0.024291;0.019471;0.021902;0.023685;0.018126;0.0079505;0.018752;0.0086842;0.002146;0.00070718;0.0050467;0.0014118;0.0028449;0.0013296;0.00029293;0.0043226;0.0054054;0.00094258;0.0027247;0.00098605;0.0011289;0.00026272;3.7339E-05;0.0062165;0.00084092;0.017741;0.0010664;0.00033972;0.001914;0.0017731;0.00024289;0.0038126;0.0015244;0.0032604;0.00072197;0.001557;0.0034953;0.0041568;0.00029197;0.0034165;0.0033949;0.0038494;0.0012608;0.00087597;0.00027568;0.00087641;0.0012556;0.0010009;0.0004224;0.0035837;0.0039492;0.0016042;0.003362;0.0010787;0.0013246;0.0011293
19;2.3839;0.23735;2;0.85;0.5;50;50;Euclidean(Average);0.033902;0.0024985;0.0033509;0.038323;0.035613;0.0036229;0.0015229;0.043463;0.040511;0.0099969;0.0031231;0.041916;0.012997;0.0093498;0.0094457;0.039055;0.008123;0.035937;0.0096933;0.000678;0.0075554;0.00034624;0.035837;0.0091181;0.025719;0.0044979;0.00049167;0.0041195;0.024978;0.036432;0.0045572;0.034414;0.00033421;0.038859;0.040764;0.0087048;0.0041358;0.031;0.0030121;0.043751;0.01303;0.039257;0.011838;0.0045199;0.011008;0.0012318;0.030045;0.00071768;0.0041605;0.01078;0.0077995;0.0055212;0.0019249;0.0049872;0.001071;0.00070322;0.0061285;4.1894E-06;0.0032966;0.0018762;0.0018408;0.0031454;0.0060452;0.0033889;0.00057833;0.0011712;0.00021921;0.00066379;0.0039869;0.00057378;0.00041722;0.0041913;0.00043059;0.0038737;0.0029174;0.014627;0.0012953;0.0050957;0.00010666;0.0011066;0.003541;0.0034596;0.00017894;0.0004019;0.0036013;0.00094906;0.00092258;0.0080641;0.00074348;0.0038188;0.0020667;0.002406;0.0072203;0.0029044;0.00099103;0.0014066
20;2.224;0.22143;2;0.85;0.5;50;50;Euclidean(Average);0.0004094;0.00084992;0.0013947;0.035942;0.032096;0.013912;0.030425;0.035788;0.036097;0.0023504;0.0011485;0.035967;0.035886;0.034139;0.0066129;0.034987;0.035102;0.0046902;0.021967;0.012366;0.027736;0.0086735;0.033063;0.0037016;0.033662;0.0031764;0.00086751;0.0027482;0.034388;0.034865;0.029944;0.0074697;0.0045308;0.00054396;0.014002;0.032152;0.032363;0.035717;0.0036089;0.0010478;0.0010998;0.0038781;0.0027212;0.034338;0.0010792;0.002458;0.032268;0.0024899;0.0052305;0.0010662;0.00045719;0.0095608;0.0048101;0.0038888;0.0023327;0.00010519;0.0050694;0.0030752;0.0015244;0.0016985;0.0092373;0.00022085;0.006271;0.0030678;0.0102;0.00031517;0.0054014;0.00026917;0.0086389;0.00091639;0.0060015;0.0071269;9.6617E-05;0.0028755;0.00079965;0.0044632;0.0022104;0.0016161;0.0084406;0.0053703;0.0081094;0.0062481;0.00031711;0.00034868;0.001155;0.0024041;0.0014967;0.0069184;0.0014115;0.0011309;0.00020526;0.001031;0.0018515;0.00012727;0.0079806;0.00018384
21;2.2452;0.22354;2;0.85;0.5;50;50;Euclidean(Average);0.0048269;0.039888;0.012275;0.00025592;0.038388;0.0041029;0.039972;0.039726;0.038967;0.02165;0.00015954;0.040501;0.030466;0.030993;0.0025043;0.020046;0.037377;0.04109;0.0043008;0.0020404;0.0012462;0.00027495;0.040631;0.0041186;0.040783;0.0059446;0.0089458;0.00081493;0.0021207;0.00013751;0.0059788;0.0028795;0.0029159;0.040053;0.00075673;0.013368;0.016121;0.010965;0.0052293;0.032436;0.033961;0.015071;0.036994;0.012595;0.0026899;0.0050269;0.0035625;0.011254;0.0026688;0.004064;0.0063972;0.0016262;0.0094754;0.00083591;0.0031107;0.0032744;0.0016755;0.0065537;0.00096317;0.00086675;0.00018622;0.010359;0.0025702;0.0016848;0.01057;1.8655E-05;0.0014963;0.011974;0.0040374;0.0032745;0.0033614;0.023143;0.0028593;0.0029213;0.0010856;0.00031977;0.0026783;0.01552;0.0036807;9.6674E-06;0.0033793;0.0019854;0.0078626;0.00083187;0.0062777;0.0021891;0.0034384;0.0026815;0.00068482;0.0041589;0.0026687;0.001287;0.0010965;2.3256E-05;0.008066;0.003704
22;2.239;0.22078;2;0.85;0.5;50;50;Euclidean(GeometricAverage);0.010642;0.0028442;0.032263;0.032236;0.037231;0.03042;0.0048483;0.037261;0.038822;0.0090831;0.0067272;0.038781;0.00094132;0.0015448;0.00050003;0.03879;0.022926;0.037337;0.012344;0.00010839;0.0092513;0.00010119;0.03921;0.037113;0.037012;0.0022164;0.00072466;0.030919;0.0020741;0.004463;0.035774;0.038531;0.0119;0.003596;0.030019;0.026389;0.0005167;0.005485;0.00074245;0.0031317;0.031913;0.023192;0.0012179;0.028256;0.034329;0.0044023;0.001764;0.0018463;0.0058647;0.0017742;5.0711E-05;0.0035652;0.0014751;0.00043708;0.00086527;0.0012667;0.0054886;0.00026603;0.004453;0.0044715;0.0027325;0.00070227;0.0010584;2.2165E-05;0.0037414;0.00018564;0.013621;0.00064041;0.0002391;0.002078;0.0006181;0.023744;0.0012964;0.0025615;0.001687;0.0027054;0.0031048;0.0067586;0.0016149;0.0039625;0.0014557;0.0045198;0.0028124;0.0023504;0.00039232;0.0025732;0.0040065;0.00082232;8.6418E-05;0.019064;0.0028523;0.0032474;0.0041184;0.0022513;0.0035965;0.0010582
23;2.1829;0.21525;2;0.85;0.5;50;50;Euclidean(GeometricAverage);0.0031898;0.0014085;0.015194;0.033483;0.035434;0.012816;0.035511;0.037348;0.035954;0.0013924;0.022991;0.029758;0.00075401;0.016749;0.0057293;0.0388;0.032964;0.0078766;0.021484;0.0020759;0.0030417;0.011386;0.032243;0.0065852;0.0062852;0.0059308;0.0053701;0.0025756;0.015442;0.035175;0.035677;0.030058;0.038668;0.0070222;0.037141;0.031041;0.0028436;0.0038426;0.0018685;0.033995;0.034028;0.032669;0.0028171;0.00046774;0.0029769;0.028912;0.0047335;0.004429;0.003064;0.00038092;0.0026558;0.0027291;0.0041891;0.0036576;0.00025684;0.00051589;0.0035623;0.0010255;0.0044796;0.0018571;0.0024448;0.0030602;0.0019591;0.0055305;0.0010978;0.003621;0.0016295;0.0042536;0.0014429;0.008115;0.0028273;0.0011406;0.0032212;0.00028254;0.0035506;0.0002922;0.00062746;0.0039418;0.0014348;0.020029;0.010423;0.0020652;0.0034917;0.0028999;0.00010247;0.0042538;0.0020718;0.0054342;0.0019217;0.0028897;0.0034399;0.0039172;0.0020445;0.0030438;0.0010107;0.0039795
24;2.193;0.21625;2;0.85;0.5;50;50;Euclidean(GeometricAverage);0.013536;0.0088141;0.034016;0.03222;0.00010933;0.037221;0.039636;0.035331;0.034869;0.0012476;0.0020325;0.037047;0.0003656;0.0018737;0.0035132;0.0041002;0.0084826;0.035596;0.00014369;0.0038328;0.033032;0.029281;0.0076525;0.033439;0.033199;0.0026613;0.0004069;0.0094137;0.029625;0.035111;0.0059946;0.040357;0.036154;5.6707E-05;0.028495;0.0039966;0.012638;0.00041743;1.0041E-05;0.039339;0.0023324;0.011392;0.00052296;0.0022207;0.039283;0.0013213;0.0042024;0.036469;0.0005402;0.0053749;0.00062875;0.00099056;0.00031867;0.014057;0.016716;0.0050374;0.0021583;0.0004957;0.0053787;0.0028567;0.0010086;0.003797;0.00063613;0.002168;0.0072483;0.00019206;0.0010688;0.028629;0.0018511;0.0047172;0.0058036;0.0019886;0.0048491;0.00084236;0.0010271;0.0028865;0.0051533;0.0049436;0.0034188;0.0021741;0.0019703;0.0051331;0.002075;0.0017854;0.0012661;0.0029134;0.0081887;0.0017894;0.0031755;0.00248;0.0017769;0.0035103;0.0012705;0.00070894;0.0084472;0.0015426
25;1.7175;0.1118;2;0.85;0.5;50;50;Euclidean(Minimum);0.0034597;0.016177;0.027975;0.027037;5.4028E-05;0.028964;0.024828;0.029084;0.026005;0.011138;0.024579;0.026899;0.015051;0.00048464;0.002665;0.027267;0.0017312;0.0294;0.028194;0.0086412;0.019399;0.01925;0.0076923;0.029669;0.0012489;0.018121;0.029798;0.012698;0.0097908;0.019873;0.00052599;0.0277;0.018273;0.0071397;0.00012964;0.024594;0.0074899;0.018602;0.00023252;0.021893;0.029616;0.027591;0.017752;0.010671;0.0064066;0.015609;0.0069028;0.022301;0.0016037;0.0036078;0.001618;0.0037391;0.0014711;0.0014988;0.0035704;0.010182;0.00014773;0.010111;0.00072862;0.02429;0.010289;0.0036018;0.0029916;0.00045941;0.0011439;0.0025195;0.0012732;0.00096862;0.0010753;0.0021382;0.0072671;0.0010033;0.00073699;0.00022719;0.0065513;0.0067243;0.0034376;0.0060575;0.0002362;0.002558;0.00073674;0.0010992;0.0014424;0.00062494;0.0025367;0.0021641;0.0061368;0.0015503;0.010052;0.011999;0.0022282;0.029234;0.0039733;0.0025396;0.0070647;0.0021867
26;1.7074;0.11114;2;0.85;0.5;50;50;Euclidean(Minimum);0.026598;0.010562;0.010544;0.016895;0.011546;0.01964;0.0066479;0.022561;0.024816;0.011088;0.0023936;0.025487;0.00144;0.021924;0.0026944;0.025868;0.0073063;0.015812;0.003109;0.025295;0.017174;0.026172;0.024322;0.02226;0.0090598;0.026984;0.023897;0.0030874;0.018643;0.028053;0.0053207;0.022378;0.0084832;0.0059746;0.018376;0.023052;0.024561;0.016174;0.0016508;0.026717;0.027724;0.027897;0.012904;0.00022077;0.0056345;0.0053798;0.027668;0.006564;0.0063713;0.011765;0.0091912;2.1706E-05;0.023297;0.00070639;0.0034988;0.0011472;0.00074434;0.0011963;0.0015503;0.00062166;0.00047947;0.00010537;0.01091;0.003962;0.01395;0.001634;0.01938;0.0059637;0.00033606;0.0020925;0.0075915;0.00099378;0.0015512;0.00092672;0.012528;5.0965E-05;0.004403;0.0046679;0.0028117;0.0012729;0.0030909;0.00035534;0.0011714;0.019961;0.00072815;0.0058203;0.0079402;0.0011403;0.0071807;0.0016404;0.00093709;0.0079246;0.0077683;0.00037973;0.018707;0.00097163
27;1.7029;0.11085;2;0.85;0.5;50;50;Euclidean(Minimum);0.0021406;0.016359;0.024825;0.0054131;0.015145;0.027043;0.013904;0.022014;0.0010612;0.018051;0.015792;0.027067;0.0042632;0.014565;0.027772;0.020917;0.00069747;0.023936;0.017925;0.01991;0.023486;0.028092;0.014607;0.027418;0.023456;0.026455;0.00059793;0.00058747;0.019722;0.028158;0.012075;0.026709;0.028137;0.010721;0.0015472;0.026851;0.0013097;0.022219;0.015538;0.023505;0.026057;0.024957;0.0041843;0.01608;0.01187;0.0012331;0.023435;0.0076105;0.0010515;0.00062669;0.0031038;0.0078918;0.0082677;0.013775;0.0030857;0.000209;0.00051429;0.0095128;0.0010648;0.0034458;0.0010135;0.012212;0.00064746;0.011836;0.0017697;0.011365;0.0025406;0.0012402;0.0052775;0.0049022;0.020973;0.0018163;0.0076725;0.0017306;0.0028195;0.0025868;0.0017622;0.00073842;0.0073281;0.00071356;0.0029787;0.0032457;0.00081024;0.0036748;0.00084565;0.0047967;0.00013456;0.0018259;0.001243;0.0027383;0.0027947;0.0022506;0.009987;0.0011421;0.0038001;0.0088206
28;2.0529;0.2032;2;0.85;0.5;50;50;Euclidean(Median);0.006111;0.0017498;0.0099046;0.032279;0.032621;0.0064542;0.031965;0.026003;0.032588;0.0033764;0.032434;0.032585;0.00063685;0.0022596;0.0018728;0.03283;0.0062543;0.033094;0.029199;0.00057393;0.0007561;0.033459;0.033657;0.010646;0.0012011;0.030624;0.016092;0.0012727;0.033313;0.033412;0.031851;0.011118;0.0034575;0.0082755;0.013124;0.01652;0.00018119;0.016211;0.0039632;0.028489;0.003522;0.0085891;0.016851;0.00098171;0.030658;0.0033184;0.024355;0.0020702;0.0041031;0.0015277;0.0015118;0.0022925;0.0036531;0.0070078;0.011558;0.010234;0.00070713;0.0043138;0.01281;0.00019265;0.00015207;0.0037385;0.0020418;0.0018709;0.0012689;0.0045907;0.0027155;0.00082215;0.0045843;0.0027378;0.0020121;0.0006318;0.0043542;0.011102;0.0049247;0.0050309;0.018524;0.0085501;0.00581;0.0038035;0.0057052;0.0045469;0.0020824;0.0064329;0.0043081;0.00092668;0.0087169;0.0048198;0.023071;0.0030068;0.00099268;0.0009871;0.0031059;0.0035038;0.0045512;0.0013051
29;2.1838;0.21616;2;0.85;0.5;50;50;Euclidean(Median);6.8514E-05;0.00067374;0.032538;0.033047;0.0087379;0.00043771;0.0047432;0.034324;0.024482;0.00029414;0.03292;0.026966;0.02376;0.033619;0.0045224;0.031068;0.00033256;0.033109;0.032533;0.0060656;0.0025893;0.00054987;0.032469;0.0068213;0.013424;0.0014378;0.00085844;0.0082013;0.030027;0.033579;0.033963;0.032529;0.001119;0.0012451;0.032975;0.031254;0.0033665;0.024236;0.029427;0.029166;0.028052;0.0054569;0.033182;0.0034399;0.032237;0.00010651;0.0007032;0.0023401;0.005373;0.00014921;0.00063324;0.0084275;0.00064113;0.00098405;0.004171;0.00066882;0.00027792;0.0048246;0.00090138;0.0030301;0.0016574;0.0017999;0.00027168;0.0066552;0.0012092;0.00019165;0.0032626;0.000476;0.0053779;0.0023541;0.0039375;0.0016616;0.003486;0.0012984;0.0027452;0.0076571;0.011016;0.0037684;0.0035708;0.0096573;0.0061498;0.0011606;0.0018679;0.00054092;0.0019255;0.0039043;0.0022494;0.0096943;0.0034695;0.0044635;0.0031282;0.02629;0.0015266;0.0020947;0.0020342;0.0083692
30;2.3646;0.23405;2;0.85;0.5;50;50;Euclidean(Median);0.0058596;0.0049641;0.0099091;0.042426;0.042248;0.016591;0.010272;0.040897;0.025936;0.0015177;0.0073076;0.041994;0.0055817;0.0031791;0.020744;0.018442;0.0023366;0.039983;0.00025629;0.0034844;0.0012107;0.034347;0.039537;0.0097573;0.0021691;0.0090814;0.0063517;0.015227;0.040857;0.037376;0.0016546;0.039412;0.002674;0.04084;0.04082;0.039252;0.0036254;0.0094277;0.0045314;0.041837;0.010803;0.00012364;0.0068691;0.00079796;0.034294;0.0052248;0.0017441;0.0018507;0.00077085;0.0045847;0.0025812;0.0008986;0.0049507;0.0045977;0.0045888;0.0068454;0.0043948;0.0073869;0.0043685;0.00073339;0.0079484;0.00050464;0.0014814;0.019193;0.0033758;0.0001946;0.005386;0.0015835;0.0011672;0.0059162;0.0044463;0.00038433;0.0016479;0.0029508;0.0063864;0.008396;0.00037587;0.00050506;0.00023721;0.0079097;0.0018449;0.0017069;0.001137;0.0017156;0.00055239;0.007754;0.0021718;0.0016475;0.0063018;0.00077352;0.0040039;0.0068739;0.0017344;0.0046584;0.0039693;0.00083776
31;3.7445;0.024126;2;0.85;0.5;50;50;Euclidean(MinimumTimesMedian);0.0061186;0.0086113;0.017828;0.033768;0.00040069;0.033103;0.001837;0.00046137;0.029712;0.00014381;0.031518;0.034019;0.032646;0.02813;0.0021166;0.033278;0.0062474;0.011832;0.029694;0.021366;0.026419;0.0072444;0.028647;0.013923;0.031791;0.016051;0.026973;0.0036506;0.020638;0.02542;0.001605;0.026541;0.0034965;0.00042417;0.00148;0.030766;0.00086567;0.025758;0.0053533;0.029073;0.0062926;0.030472;0.025493;0.0063175;0.033784;0.032753;0.024468;0.0098805;0.00022629;0.015041;0.0021678;0.0029054;0.0019418;0.0039397;0.0084952;0.0026007;0.0029226;0.0070305;0.0097926;0.0025373;0.0017541;0.0078367;0.00053728;0.0005856;0.00026884;0.002295;0.00072997;0.0012037;0.0017193;0.0011349;0.0046752;0.00098414;0.0004057;0.0015319;0.0030615;0.00054311;0.0036908;0.005424;0.0082729;0.000956;0.0014941;0.00087191;0.0022594;0.0077021;0.0096374;0.00078447;0.00076433;0.0029697;0.00092139;0.001914;0.0011149;0.00041175;0.0010849;0.00053589;0.0018005;0.00011015
32;3.6149;0.023291;2;0.85;0.5;50;50;Euclidean(MinimumTimesMedian);0.00047174;0.030365;0.027437;0.030919;0.0099614;0.028703;0.0048076;0.019576;0.028173;0.0038969;0.028743;0.027382;0.0043327;0.0036972;0.0029111;0.032472;0.012164;0.031448;0.026575;0.031373;0.030934;0.0223;0.032469;0.031938;0.027516;0.0023071;0.008045;0.0034365;0.030337;0.0029014;0.0018131;0.00484;0.029264;0.012703;0.0083667;0.032388;0.0029537;0.0054161;0.0053202;0.027638;0.0039123;0.026122;0.012737;0.0017925;0.031074;0.0035873;0.029373;0.0034896;0.0022882;0.0021923;0.0074676;0.000167;0.0019865;0.003956;0.00022155;0.0078266;0.0029073;0.0012902;0.0019454;0.0011554;0.0099127;0.0025678;0.0020351;0.00043011;0.01503;0.0057825;0.0020973;0.00039702;0.00052359;0.0022244;0.0057644;0.0062477;0.0021393;0.00097441;0.0021914;0.0032057;0.00020847;0.00021464;0.0045929;0.0028368;0.0025545;0.0034494;0.0019708;0.0075542;0.0010882;0.00017675;0.0031705;0.0043238;0.03143;0.00059778;0.0090564;0.0034519;0.00034465;6.8193E-05;0.0016175;0.0059798
33;3.6615;0.023592;2;0.85;0.5;50;50;Euclidean(MinimumTimesMedian);0.032662;0.020867;0.0068497;0.030499;0.020509;0.023735;0.029064;0.013302;0.025292;0.0012177;0.022496;0.033452;0.00056851;0.0020512;0.0010464;0.03131;0.0026099;0.025502;0.0060805;0.030605;0.0015689;0.031629;0.029053;0.032871;0.00061813;0.032015;0.021163;0.0010274;0.0321;0.029475;8.0385E-05;0.0032189;0.002355;0.025343;0.02884;0.0016689;0.0049002;0.0016236;0.018249;0.029775;0.024041;0.015025;0.031817;0.001096;0.032813;0.012433;0.0173;0.010259;0.0028356;0.00050721;0.0014757;0.00027401;0.0073869;0.0035125;0.011013;0.002014;0.00012703;0.0096919;0.0080631;0.0022656;0.00063032;0.0026368;0.0012621;0.002128;0.00031743;0.00089979;0.0089824;0.0018275;0.0023224;0.0012351;0.00048637;0.0010465;0.0025924;0.00095671;0.0037814;0.00097039;0.006011;0.0003067;0.00094166;0.0036114;0.012418;0.0059205;0.011859;0.0070516;0.0051407;0.00050967;0.0022622;3.1366E-05;0.003276;7.6902E-06;0.0022601;0.0088312;0.0017619;0.0037196;0.01011;0.00065311
34;2.3616;288.03;2;0.85;0.5;50;50;Euclidean(Summation);0.016983;0.0074113;0.0011451;0.033161;0.038605;0.0016588;0.034585;0.040827;0.041127;0.03748;0.0012227;0.04154;0.0012951;0.0040947;0.035994;0.00025738;0.0097331;0.040008;0.00066942;0.0042658;0.00018826;0.038721;0.038049;0.0011664;0.00017886;0.0019225;0.0013474;0.0037475;0.0021906;0.042018;0.0068102;0.041102;0.0032223;0.039211;0.00048642;0.0029669;0.039943;0.030644;0.0017482;3.1564E-05;0.0025334;0.0039824;0.0015887;7.8089E-06;0.038432;5.4746E-05;0.033067;0.0014182;0.01235;0.0023723;0.0021012;0.0073244;0.001978;0.0013602;0.0020891;0.011528;0.00036021;0.021779;0.0051456;0.022997;0.0027297;0.0024411;0.013113;0.0056634;0.0067522;0.0050764;0.0045475;0.013246;0.0013957;0.0012415;0.010459;0.0026505;0.014593;0.00095302;0.0040739;0.00069941;0.0025112;6.8788E-05;0.00039767;0.0014809;0.0097178;0.00057313;0.0019998;0.00073492;0.001769;0.0019663;0.0041583;0.000595;0.0002996;0.0033158;8.754E-05;0.0092215;0.0016989;0.0034517;0.0046433;0.0014433
35;2.1725;264.97;2;0.85;0.5;50;50;Euclidean(Summation);5.1525E-05;0.0021179;0.0013278;0.03557;0.031443;0.035803;0.00036031;0.031409;0.035726;0.013581;0.028542;0.036137;0.00012412;0.00044261;0.01535;0.006161;0.026477;0.036086;0.018942;0.001666;0.0063746;0.017123;0.035889;0.0010801;0.030096;0.0032613;0.028651;0.00061596;0.03498;0.035916;0.002279;0.032403;0.035913;0.0028581;0.0023059;0.0015855;4.6096E-05;0.029652;0.00027897;0.0011768;0.00077897;0.030637;0.0046397;0.0061291;0.032564;0.00039553;0.030279;0.0027622;0.00067355;0.001986;0.001501;0.0011402;0.0004448;0.00036645;0.00052267;0.001749;0.0043686;0.0065527;0.0011623;0.0073879;0.0056009;0.0015198;0.0040607;0.0021343;0.0015932;0.006698;0.023907;0.00090197;0.0020159;0.0078676;0.0017286;0.02106;0.00085541;0.014855;0.035832;0.0027296;0.0038503;6.6228E-05;0.018437;0.0034336;0.0046609;0.00017103;0.0043762;0.003191;0.0010566;0.0093933;0.006907;0.0014174;0.0011522;0.0024435;0.0029609;0.00047414;0.00050763;0.0026196;0.0010113;0.0026661
36;2.3631;288.21;2;0.85;0.5;50;50;Euclidean(Summation);0.012375;0.0012539;0.00065344;0.042424;0.038888;0.042088;0.0011589;0.038744;0.040968;0.032775;0.0037975;0.041818;0.0076265;0.0037016;0.002316;0.043183;0.0089328;0.0016309;0.0044711;0.032431;0.0021137;0.0047727;0.0417;0.0035158;0.010538;0.016627;0.020796;0.0024021;0.014489;0.00060448;0.00016642;0.035487;0.038666;0.019739;0.0019297;0.0043802;0.0005701;0.0042245;0.0022842;0.043134;0.01166;0.039652;0.0002153;0.0067938;0.030847;0.016793;0.038335;0.017374;0.0037397;0.0061262;0.00067209;0.0018389;0.0043707;0.00965;0.0012186;0.002182;0.00019918;0.0046622;0.0010357;0.0027973;0.0048051;0.0062039;0.00048372;0.0036399;0.0079834;0.010075;0.0033762;0.00081016;0.0032491;0.00081432;0.00099619;0.0010948;0.0016286;0.0056959;0.0049975;0.0021445;0.00093589;0.0012738;0.0022021;0.0091006;0.0039806;0.001577;0.010693;0.0051379;0.0059651;0.0036993;0.00082948;0.0060541;0.0062595;0.0013793;0.0050015;0.0031661;0.00077223;0.00321;0.001095;0.00012974
differential evolutions parameters, by distance
i;dDE / dP;distance;type;parentWeight;crossover;population;iterations;distance;weights ->
1;1.1213;0.74793;2;0.85;0.5;50;50;Manhattan(Minimum);0.0084719;0.00084956;0.022848;0.022483;0.009736;0.023022;0.0050419;0.013233;0.014832;0.01156;0.02303;0.015003;0.014503;0.0054397;0.015317;0.01663;0.0069906;0.016215;0.0071321;0.020243;0.011593;0.014252;0.019664;0.019664;0.016791;0.015511;0.01508;0.020624;0.01627;0.011673;0.0024553;0.012518;0.012526;0.017903;0.01745;0.022214;0.014316;0.020981;0.0039589;0.021703;0.02055;0.016353;0.022073;0.019517;0.009569;0.021798;0.020312;0.01694;0.0077702;0.0096521;0.00023251;9.312E-05;0.013279;0.0012077;0.00026806;0.0011474;0.010929;0.0022896;0.0090538;0.016464;0.0054052;0.0021969;0.00024798;0.0036288;0.02314;0.0071236;0.0033458;0.011818;0.0029832;0.0092091;0.0075856;0.0020307;0.014664;0.0056756;0.0096962;0.0019164;0.015424;0.012668;0.002172;0.0095365;0.010742;0.0016872;0.00011821;0.0021298;0.0075781;0.0020621;0.0056436;0.0011389;0.0076862;0.00011106;0.00024963;0.0017717;0.0015204;0.0013545;0.00038155;0.0061334
2;1.1248;0.75027;2;0.85;0.5;50;50;Manhattan(Minimum);0.010534;0.0079739;0.019198;0.019478;0.013268;0.022457;0.0015785;0.020713;0.0089421;0.012434;0.013727;0.018766;0.014194;0.0066257;0.010005;0.014075;0.0093159;0.011778;0.018156;0.020484;0.021799;0.015229;0.011368;0.015453;0.011644;0.021253;0.021754;0.021629;0.021804;0.016295;0.0080741;0.012666;0.019225;0.014;0.019122;0.019248;0.010615;0.020157;0.0068876;0.020964;0.01797;0.02051;0.014168;0.020065;0.021541;0.018213;0.011129;0.015001;0.0025065;0.0056165;0.00053082;0.014151;0.0068062;0.0022338;0.0071582;0.00029865;0.00028472;0.010408;0.0038036;0.015618;0.0014118;0.020112;0.00040136;0.0030352;0.0042508;0.0071754;0.004811;0.00049855;0.010432;0.00057368;0.0086767;0.0047983;0.0088069;0.004165;0.0051038;0.0024236;0.002713;0.00013671;3.8257E-05;0.0052324;0.0030993;0.0097914;0.00078442;0.0069584;0.011005;0.0015323;0.009347;0.0043198;0.016586;0.001156;0.0041472;0.012528;0.00045913;0.0085111;0.0023594;0.0017179
3;1.1325;0.75536;2;0.85;0.5;50;50;Manhattan(Minimum);0.0071123;0.0050879;0.013783;0.018932;0.0099139;0.022847;0.01266;0.021871;0.0090696;0.0051211;0.023123;0.023318;0.016033;0.014158;0.023429;0.0054301;0.016451;0.0057322;0.018473;0.021509;0.017763;0.022565;0.0214;0.013916;0.019197;0.022176;0.021615;0.019242;0.016383;0.015902;0.0081596;0.011433;0.019788;0.023143;0.019719;0.018761;0.019537;0.016911;0.014044;0.01897;0.023465;0.020241;0.011281;0.01515;0.013166;0.015046;0.018528;0.0061631;0.0034479;0.002133;0.0060351;0.0030567;0.010527;2.2955E-05;0.0040983;0.012548;0.001813;0.0038339;0.0064215;0.0038664;0.0085211;0.0030626;0.0094988;0.00075415;0.0086572;0.0054949;0.0013003;0.0038178;0.0016743;0.0094974;0.0019751;0.0052128;0.0038869;0.00099547;0.00055754;0.0096368;0.0068969;0.0014126;0.0018521;0.00029029;0.0024008;0.0043917;0.00028162;0.0006165;0.0070221;0.0025593;0.0088094;0.0061558;0.0027284;0.000642;0.0068891;0.0093327;0.0074604;0.012511;0.0026714;0.0050115
4;1.1455;0.91117;2;0.85;0.5;50;50;Manhattan(GeometricAverage);0.010222;0.010086;0.022162;0.0077549;0.021716;0.022705;0.017891;0.021611;0.022;0.018529;0.022945;0.023328;0.021514;0.0051662;0.017182;0.022595;0.017682;0.018999;0.016748;0.021588;0.0028585;0.018081;0.022889;0.022029;0.0061163;0.016255;0.012082;0.0052265;0.023525;0.023158;0.0084108;0.018699;0.019841;0.011097;0.018771;0.015374;0.0058689;0.017072;0.011502;0.022576;0.0072319;0.019499;0.01659;0.021074;0.023576;0.013087;0.020994;0.012247;0.0013833;0.0028488;0.0073234;0.0092583;0.0049256;0.0012995;0.004065;0.015197;0.0086637;6.5427E-05;0.0052158;0.01122;0.0020584;0.0040886;0.00054364;0.0012007;0.001466;0.0012671;8.1123E-05;0.0054018;0.002002;0.0072909;0.0021323;0.0030387;0.00013131;0.00026221;0.0018986;0.0020796;0.019757;0.013614;0.0082839;0.0013082;0.0020752;0.0062089;0.0029411;0.00082127;0.00082515;0.00052709;0.0026501;0.0039248;0.00071121;0.0017124;0.0040181;0.0060811;0.017364;0.00016916;0.00031065;0.0021357
5;1.1813;0.93959;2;0.85;0.5;50;50;Manhattan(GeometricAverage);0.02466;0.010326;0.022784;0.024144;0.017742;0.024199;0.023307;0.02325;0.017373;0.019462;0.020208;0.023829;0.018549;0.020472;0.020003;0.024232;0.016495;0.024031;0.022113;0.020305;0.016614;0.019778;0.024531;0.0080534;0.0047315;0.024055;0.010716;0.011454;0.020569;0.015424;0.018973;0.023343;0.015865;0.01247;0.022724;0.021285;0.0068175;0.024315;0.020161;0.023247;0.021324;0.023731;0.017048;0.018117;0.02333;0.0027342;0.021465;0.0042968;0.00044608;0.0049315;0.00016206;4.3795E-05;0.0019097;0.0017618;0.00032932;0.01206;0.001036;0.003204;0.001789;0.00020076;0.002376;0.01182;1.71E-05;0.00082233;0.0012324;0.0034161;0.0018153;0.00048354;0.0015581;0.0031811;0.0020716;0.0032661;0.0010165;0.0034477;0.0024356;0.0017679;0.0009758;0.00091122;0.00047407;0.0019224;0.00017157;0.0012089;0.003157;0.0012272;0.0061403;0.00055185;0.00014994;0.0018093;0.00074549;0.0042032;0.002396;0.00064731;0.00030959;0.0023064;0.0069803;0.00045506
6;1.1834;1154.8;2;0.85;0.5;50;50;Manhattan(Summation);0.012241;0.024239;0.026033;0.022738;0.020875;0.023394;0.022303;0.018525;0.025479;0.021433;0.0086174;0.025244;0.01414;0.020777;0.018362;0.025074;0.025923;0.019734;0.0096244;0.016829;0.010578;0.018901;0.023809;0.019815;0.022555;0.024495;0.0033693;0.0027615;0.010158;0.015763;0.014935;0.025452;0.021585;0.014825;0.018508;0.023966;0.0083231;0.010314;0.017618;0.023383;0.023594;0.02417;0.016602;0.024711;0.021662;0.0073599;0.022037;0.021709;0.00043588;0.0001419;0.0010474;0.00084711;0.00094272;0.00056352;0.00060767;0.0041425;0.0039653;0.0010171;0.0020291;0.0036319;0.00085456;0.0016463;0.00016861;3.8337E-05;0.00074933;0.002385;0.00085625;0.0009322;0.00094943;0.00086683;0.0009365;0.00036513;0.00029572;0.024859;0.0021596;0.00028773;0.0011456;0.0055777;0.00092774;0.0059092;0.0018171;0.0043422;0.00063566;2.8166E-05;0.005072;0.001038;0.0029044;0.0014479;0.0073391;0.0005559;0.0017439;0.0029022;0.00094225;0.0020269;0.00057662;0.0008003
7;1.185;0.94412;2;0.85;0.5;50;50;Manhattan(Median);2.2461E-05;0.014232;0.017592;0.021966;0.026204;0.019904;0.024713;0.025442;0.0227;0.023367;0.0011957;0.026363;0.025485;0.026276;0.021822;0.019007;0.0055948;0.022318;0.024443;0.023161;0.0018643;0.012532;0.025145;0.0069676;0.0040582;0.019527;0.015185;0.0078023;0.021945;0.020003;0.020332;0.020197;0.01919;0.019284;0.025204;0.018875;0.011775;0.018912;0.023474;0.02638;0.024336;0.025426;0.016454;0.0044367;0.024626;0.023503;0.016464;0.010025;0.011664;0.0039255;0.0029642;0.0010818;0.0012215;0.0012531;0.0011331;0.00071064;0.019065;0.00073963;0.0013299;0.00062066;0.0050341;4.6885E-05;0.0023906;0.00018751;0.0011257;0.0022434;0.0049385;0.0017477;0.00016358;0.00067373;0.00027817;0.0013957;0.0010408;0.00064556;0.0025576;0.0010667;0.0036777;0.0023487;0.00024947;0.0017448;0.0013012;0.0012598;0.00023939;0.024938;0.00094521;0.00025202;0.0008658;0.00039939;0.001808;0.0034102;4.921E-05;0.00044171;0.0025321;0.00076703;0.00069809;0.0050955
8;1.187;1158.4;2;0.85;0.5;50;50;Manhattan(Summation);0.0017576;0.027398;0.022986;0.024457;0.02575;0.0081557;0.028205;0.027168;0.026141;0.0029667;0.014177;0.024971;0.018682;0.015287;0.0050608;0.025398;0.0057307;0.025821;0.026996;0.0042842;0.0040626;0.027246;0.027929;0.021078;0.003239;0.0064169;0.013663;0.016159;0.028048;0.02741;0.02389;0.023738;0.013145;0.011213;0.018325;0.011409;0.028763;0.020992;0.026266;0.014065;0.017839;0.01807;0.02535;0.02704;0.026415;0.027738;0.019265;0.0044645;0.0027632;0.00036733;0.0016923;0.0066;0.0022129;0.0024958;0.00069476;0.0032564;0.00010852;0.0033976;0.0017185;0.0021766;0.00090957;0.00022108;0.0032047;8.421E-05;2.5018E-05;0.0010177;0.0058968;0.0029099;0.0028138;0.00014457;0.00023289;0.0033929;0.0030423;0.0042907;0.0013608;0.0010611;0.00043367;0.00046281;0.002909;0.0017024;0.0047103;0.0015988;0.0071373;6.107E-05;0.012318;0.00014033;0.0011292;0.0019728;0.0011863;0.00057052;8.7434E-05;0.0012866;0.0035012;0.0047169;0.00096019;0.00038851
9;1.1882;1159.6;2;0.85;0.5;50;50;Manhattan(Summation);0.0055351;0.025667;0.017624;0.02395;0.026569;0.019719;0.027095;0.024103;0.019601;0.027028;0.025451;0.026952;0.0098694;0.0048167;0.015004;0.027847;0.020365;0.025389;0.024443;0.00393;0.0025141;0.026729;0.027675;0.022113;0.013525;0.0080951;0.027096;0.0074277;0.025986;0.021368;0.028344;0.028477;0.022645;0.019854;0.023395;0.001431;0.0050806;0.0044294;0.0092466;0.019542;0.024291;0.019471;0.021902;0.023685;0.018126;0.0079505;0.018752;0.0086842;0.002146;0.00070718;0.0050467;0.0014118;0.0028449;0.0013296;0.00029293;0.0043226;0.0054054;0.00094258;0.0027247;0.00098605;0.0011289;0.00026272;3.7339E-05;0.0062165;0.00084092;0.017741;0.0010664;0.00033972;0.001914;0.0017731;0.00024289;0.0038126;0.0015244;0.0032604;0.00072197;0.001557;0.0034953;0.0041568;0.00029197;0.0034165;0.0033949;0.0038494;0.0012608;0.00087597;0.00027568;0.00087641;0.0012556;0.0010009;0.0004224;0.0035837;0.0039492;0.0016042;0.003362;0.0010787;0.0013246;0.0011293
10;1.1901;0.94803;2;0.85;0.5;50;50;Manhattan(Average);0.005506;0.017283;0.0019163;0.012966;0.028501;0.027968;0.025475;0.027249;0.026149;0.028427;0.027239;0.026927;0.00052765;0.02818;0.028412;0.027575;0.0036028;0.024416;0.013022;0.018212;0.012652;0.027107;0.027149;0.010513;0.022016;0.012556;0.013942;0.012453;0.020151;0.027187;0.011266;0.020893;0.017646;0.016951;0.020847;0.01529;0.02297;0.015166;0.024297;0.023593;0.0077574;0.023476;0.024547;0.0065483;0.024399;0.010591;0.027902;0.0056504;0.001593;0.00025423;0.00035151;0.0025045;0.00035368;0.0042297;1.2886E-05;0.0013785;0.00088575;0.0027147;0.00073312;0.00026112;0.001438;0.0012829;0.0015545;0.00043658;0.00236;0.0036515;0.00046265;0.0041021;0.0075982;0.00054676;0.0011348;0.0026844;0.0019824;0.00038647;0.0034659;0.0024853;0.0085426;0.0068802;0.0027105;0.0030792;0.0010053;0.00028457;0.00029806;0.00028939;0.0039202;0.00155;0.0023404;0.0012733;0.00025061;7.1164E-05;0.0026877;0.00042449;0.0016763;0.0009333;0.0045089;0.0013584
11;1.1906;0.94702;2;0.85;0.5;50;50;Manhattan(GeometricAverage);0.010177;0.025873;0.026904;0.021316;0.0040469;0.002916;0.024349;0.027238;0.02511;0.026111;0.023564;0.024065;0.022709;0.0012131;0.0012667;0.027319;0.02129;0.028598;0.024245;0.0055204;0.003942;0.022752;0.024762;0.016652;0.01938;0.0045416;0.027545;0.0015545;0.02834;0.028871;0.026742;0.027077;0.024041;0.0061725;0.027942;0.015136;0.0065695;0.015293;0.028091;0.026051;0.020641;0.023719;0.0078197;0.027335;0.028978;0.0057831;0.02282;0.0073634;0.00018269;0.0011062;0.00026063;0.0022992;0.0020653;0.0038138;0.0029417;0.0002204;8.3501E-05;0.0034842;0.0074922;0.00040271;0.0009828;0.00243;0.0030233;0.0039441;4.5769E-05;0.0035872;0.00062122;0.004859;0.0019532;0.0013915;0.00040404;0.0005902;0.0016193;0.00056427;0.001339;0.00088174;0.00068951;0.0044299;0.0034662;0.00068313;0.0018115;0.00039346;0.0033103;0.0029046;0.00023781;0.00037233;0.00064752;0.0005005;0.0057986;9.3749E-06;0.0060303;0.0075702;0.0017275;0.0023533;0.0024064;0.0023188
12;1.1942;0.95132;2;0.85;0.5;50;50;Manhattan(Average);0.018141;0.021696;0.0029911;0.021362;0.02681;0.006858;0.023902;0.015959;0.028416;0.0281;0.024104;0.027457;0.023036;0.006203;0.017471;0.022803;0.022136;0.025325;0.022315;0.004802;0.01917;0.027234;0.028442;0.016475;0.014802;0.00035831;0.020873;0.0029167;0.017118;0.025348;0.028327;0.021845;0.028019;0.028284;0.02658;0.02002;0.00096521;0.017196;0.026554;0.027543;0.0010675;0.024785;0.0010716;0.021121;0.026428;0.016765;0.02459;0.0082219;0.00023874;0.0008548;0.0015443;0.007543;0.00031699;0.00089413;0.0016976;0.00023154;0.0012876;0.00027306;0.0014718;0.0082979;0.00024818;0.0019295;0.0066412;0.001546;0.00067557;0.0038674;0.0017779;0.0012001;8.4439E-05;0.00045187;0.0017507;0.00049705;0.00075079;0.0019095;0.00077608;0.00032441;0.00060369;0.0013798;0.00018545;0.00091899;0.0048741;0.0046247;0.00061704;0.00093303;7.1925E-05;0.0016016;0.00067005;0.0037802;0.00038726;0.00073669;0.00084004;0.00011564;0.0063961;0.00034658;0.0094448;0.00038174
13;1.2012;0.95695;2;0.85;0.5;50;50;Manhattan(Average);0.0034254;0.012597;0.019723;0.027058;0.025178;0.018937;0.024559;0.011134;0.02744;0.024053;0.016052;0.027712;0.023317;0.010632;0.0079097;0.029693;0.026152;0.0229;0.019459;0.028341;0.0011675;0.029624;0.027461;0.029308;0.025218;0.023677;6.3298E-05;0.0043343;0.025828;0.028871;0.02126;0.018307;0.028838;0.020185;0.026244;0.026132;0.0067067;0.00032903;0.0077974;0.020889;0.016826;0.015366;0.028118;0.025757;0.025648;0.0097881;0.018418;0.001868;0.0010411;0.00041726;0.0032273;0.0028771;1.5017E-05;0.0011493;0.0024564;0.0012102;0.00094638;0.0010859;0.00033795;0.0058886;0.00011305;0.0014883;0.0036435;0.0015191;0.0021614;0.001178;0.0001119;0.0012141;0.00166;0.0024818;0.00080112;9.052E-05;0.0041244;0.0017416;0.0014726;0.00043314;0.0030035;0.0014408;0.0019958;0.00040723;0.0020043;0.0034037;0.0010529;0.0046528;0.00033556;0.0014615;3.9568E-05;0.0027706;0.00040297;0.0027893;0.00032102;0.0022068;0.00038274;0.0012781;0.00013399;0.004728
14;1.2045;0.95968;2;0.85;0.5;50;50;Manhattan(Median);0.0018515;0.02887;0.029145;0.025958;0.028545;0.0031503;0.030087;0.02907;0.030049;0.025864;0.013561;0.026488;0.0069751;0.0067305;0.0024067;0.029281;0.029141;0.02964;0.025351;0.0032929;0.022132;0.0069782;0.027187;0.016535;0.015513;0.0035717;0.0062216;0.0086129;0.025185;0.029616;0.0058611;0.030041;0.026945;0.0042813;0.02454;0.022145;0.018805;0.019487;0.015;0.029812;0.017631;0.030018;0.011539;0.020421;0.025364;0.010276;0.025644;0.0013148;0.00039506;0.0023387;0.0009507;0.00044675;0.0050884;0.00023489;0.0058442;0.00010251;0.00048397;0.00032008;0.0039636;0.00050354;0.0042487;0.00073332;0.0021393;0.0016025;0.004289;0.0022528;0.00083448;0.0024093;0.00011517;0.00053663;0.0016863;0.0043233;0.0018405;0.0033568;0.00065179;0.0022804;0.00027857;0.00065503;0.00058282;0.0036864;0.00022898;0.00051046;0.00062485;0.0017837;0.00059858;0.0018163;0.0030446;0.0011699;0.0024975;0.011206;0.0025269;0.00019746;0.00024321;0.00028459;0.0011493;0.0068098
15;1.2058;0.96076;2;0.85;0.5;50;50;Manhattan(Median);0.0054654;0.028792;0.018346;0.027803;0.029136;0.026885;0.020894;0.015604;0.02452;0.014297;0.029207;0.027487;0.019044;0.021055;0.023736;0.028667;0.029378;0.026832;0.024923;0.027664;0.0040549;0.017485;0.026952;0.0055739;0.018636;0.020925;0.0012516;0.0052714;0.0029348;0.022617;0.027685;0.028501;0.023598;0.029048;0.027148;0.0037199;0.0046486;0.02065;0.021374;0.025798;0.011486;0.011856;0.029013;0.013797;0.023664;0.0095331;0.014585;0.0054225;0.0017462;0.0017657;0.0011393;1.7261E-05;0.001162;0.0021037;0.0023079;0.0073494;0.0015586;0.001557;0.00011649;0.0019193;0.00027176;0.0024686;0.0014762;0.0023031;1.4597E-05;0.00043565;0.0070801;0.0015916;0.00041894;0.00011697;0.0026775;0.0028008;0.0012913;0.00050349;0.0014459;0.00026467;4.8767E-05;0.00087944;0.0013582;0.00028994;0.00097577;0.00042338;0.00018591;0.00034076;7.4028E-05;0.0011503;0.005676;0.00061239;0.0038721;0.0015383;0.0015375;0.00016424;8.9672E-05;0.00036138;0.0015036;0.0040488
16;1.3121;0.69734;2;0.85;0.5;50;50;Manhattan(MinimumTimesMedian);0.021545;0.017272;0.019624;0.011775;0.018135;0.022893;0.02236;0.021252;0.020183;0.0094396;0.022592;0.018147;0.022043;0.01804;0.00021616;0.016798;0.019077;0.018135;0.019838;0.022925;0.01992;0.013482;0.0096258;0.023188;0.019025;0.023306;0.022245;0.020234;0.0033711;0.024011;0.0028068;0.02191;0.01492;0.018915;0.014742;0.02295;0.017824;0.020267;0.011975;0.017436;0.0223;0.023376;0.0029821;0.019486;0.023995;0.01357;0.021755;0.0084558;0.0014442;0.0025689;0.0031412;0.0025887;0.0015755;0.0016042;0.00070982;0.0062544;0.0078345;0.0030296;0.0014601;0.00108;0.00087146;0.0012456;0.0026871;0.0054959;0.001859;0.0030766;0.0035857;0.0010914;0.0016628;0.0043952;0.0013875;0.003949;0.0024372;0.0014981;0.0017526;0.017963;0.016974;0.00024052;0.0017456;0.0018176;0.00041733;0.0055234;0.0013555;0.0011294;0.0020276;0.0045689;0.0049317;0.0041232;0.0018415;0.0022562;0.00057059;0.00027825;7.2422E-05;0.00054338;0.0042198;0.01675
17;1.328;0.70574;2;0.85;0.5;50;50;Manhattan(MinimumTimesMedian);0.0034337;0.023713;0.016851;0.019459;0.010366;0.02687;0.014662;0.014904;0.027768;0.0054985;0.023443;0.028391;0.016881;0.00043046;0.012934;0.016807;0.003131;0.016984;0.028191;0.021503;0.020405;0.012241;0.023984;0.012987;0.0085501;0.019129;0.025886;0.0031014;0.027639;0.022368;0.025109;0.023165;0.022031;0.025044;0.021244;0.024968;0.0012261;0.01888;0.0085433;0.022667;0.025379;0.013397;0.024221;0.018333;0.01261;0.0095157;0.022101;0.0097048;0.0013738;0.0025863;0.001001;4.6437E-05;0.00078245;0.0006885;0.00061554;0.0069382;0.0053373;0.00088598;0.0009633;0.0057636;0.0017096;0.0058943;0.0071792;0.0069493;0.00025623;0.002506;0.0025611;0.002475;0.0041034;0.00079459;0.0011314;0.021138;0.0041025;0.0015504;0.0047331;0.0021258;0.0017485;0.0067902;0.0047678;0.00013543;0.00084471;0.0031026;0.0020228;0.0082841;0.012305;0.0021788;0.0085464;0.00093168;0.00040799;0.00073485;0.0012051;0.0012023;0.0034099;0.0064428;0.00073995;0.0013563
18;1.3284;0.70598;2;0.85;0.5;50;50;Manhattan(MinimumTimesMedian);0.024629;0.0097962;0.027425;0.016766;0.022602;0.025271;0.011556;0.017591;0.025415;0.025768;0.022714;0.025036;0.010737;0.00088418;0.013191;0.024787;0.016232;0.02786;0.0076019;0.027855;0.021725;0.015903;0.022037;0.016984;0.015092;0.011352;0.01822;0.012076;0.013797;0.024968;0.005857;0.0087455;0.024678;0.022717;0.0026407;0.024487;0.019617;0.024311;0.002861;0.017947;0.02027;0.023033;0.022073;0.021993;0.015275;0.007362;0.024208;0.01343;0.0011123;0.00071185;0.0074842;0.0052565;0.00039752;0.0071083;0.00025204;0.003276;0.00095154;5.9937E-05;0.0028459;0.010651;0.0039167;0.0016746;0.004777;0.0039772;0.00096913;0.0002318;0.0092182;0.001114;0.00090925;0.00361;0.0049818;0.0034395;0.0026058;0.0030191;0.0031566;0.0010581;0.0015814;0.00092356;0.0017577;0.00018375;0.010011;0.0012072;0.0047871;0.00066169;0.0024455;0.00057027;0.0014465;0.0014511;0.002541;0.0061114;0.00163;0.0010434;0.010229;0.0020571;0.0021653;0.0010544
19;1.7029;0.11085;2;0.85;0.5;50;50;Euclidean(Minimum);0.0021406;0.016359;0.024825;0.0054131;0.015145;0.027043;0.013904;0.022014;0.0010612;0.018051;0.015792;0.027067;0.0042632;0.014565;0.027772;0.020917;0.00069747;0.023936;0.017925;0.01991;0.023486;0.028092;0.014607;0.027418;0.023456;0.026455;0.00059793;0.00058747;0.019722;0.028158;0.012075;0.026709;0.028137;0.010721;0.0015472;0.026851;0.0013097;0.022219;0.015538;0.023505;0.026057;0.024957;0.0041843;0.01608;0.01187;0.0012331;0.023435;0.0076105;0.0010515;0.00062669;0.0031038;0.0078918;0.0082677;0.013775;0.0030857;0.000209;0.00051429;0.0095128;0.0010648;0.0034458;0.0010135;0.012212;0.00064746;0.011836;0.0017697;0.011365;0.0025406;0.0012402;0.0052775;0.0049022;0.020973;0.0018163;0.0076725;0.0017306;0.0028195;0.0025868;0.0017622;0.00073842;0.0073281;0.00071356;0.0029787;0.0032457;0.00081024;0.0036748;0.00084565;0.0047967;0.00013456;0.0018259;0.001243;0.0027383;0.0027947;0.0022506;0.009987;0.0011421;0.0038001;0.0088206
20;1.7074;0.11114;2;0.85;0.5;50;50;Euclidean(Minimum);0.026598;0.010562;0.010544;0.016895;0.011546;0.01964;0.0066479;0.022561;0.024816;0.011088;0.0023936;0.025487;0.00144;0.021924;0.0026944;0.025868;0.0073063;0.015812;0.003109;0.025295;0.017174;0.026172;0.024322;0.02226;0.0090598;0.026984;0.023897;0.0030874;0.018643;0.028053;0.0053207;0.022378;0.0084832;0.0059746;0.018376;0.023052;0.024561;0.016174;0.0016508;0.026717;0.027724;0.027897;0.012904;0.00022077;0.0056345;0.0053798;0.027668;0.006564;0.0063713;0.011765;0.0091912;2.1706E-05;0.023297;0.00070639;0.0034988;0.0011472;0.00074434;0.0011963;0.0015503;0.00062166;0.00047947;0.00010537;0.01091;0.003962;0.01395;0.001634;0.01938;0.0059637;0.00033606;0.0020925;0.0075915;0.00099378;0.0015512;0.00092672;0.012528;5.0965E-05;0.004403;0.0046679;0.0028117;0.0012729;0.0030909;0.00035534;0.0011714;0.019961;0.00072815;0.0058203;0.0079402;0.0011403;0.0071807;0.0016404;0.00093709;0.0079246;0.0077683;0.00037973;0.018707;0.00097163
21;1.7175;0.1118;2;0.85;0.5;50;50;Euclidean(Minimum);0.0034597;0.016177;0.027975;0.027037;5.4028E-05;0.028964;0.024828;0.029084;0.026005;0.011138;0.024579;0.026899;0.015051;0.00048464;0.002665;0.027267;0.0017312;0.0294;0.028194;0.0086412;0.019399;0.01925;0.0076923;0.029669;0.0012489;0.018121;0.029798;0.012698;0.0097908;0.019873;0.00052599;0.0277;0.018273;0.0071397;0.00012964;0.024594;0.0074899;0.018602;0.00023252;0.021893;0.029616;0.027591;0.017752;0.010671;0.0064066;0.015609;0.0069028;0.022301;0.0016037;0.0036078;0.001618;0.0037391;0.0014711;0.0014988;0.0035704;0.010182;0.00014773;0.010111;0.00072862;0.02429;0.010289;0.0036018;0.0029916;0.00045941;0.0011439;0.0025195;0.0012732;0.00096862;0.0010753;0.0021382;0.0072671;0.0010033;0.00073699;0.00022719;0.0065513;0.0067243;0.0034376;0.0060575;0.0002362;0.002558;0.00073674;0.0010992;0.0014424;0.00062494;0.0025367;0.0021641;0.0061368;0.0015503;0.010052;0.011999;0.0022282;0.029234;0.0039733;0.0025396;0.0070647;0.0021867
22;2.0529;0.2032;2;0.85;0.5;50;50;Euclidean(Median);0.006111;0.0017498;0.0099046;0.032279;0.032621;0.0064542;0.031965;0.026003;0.032588;0.0033764;0.032434;0.032585;0.00063685;0.0022596;0.0018728;0.03283;0.0062543;0.033094;0.029199;0.00057393;0.0007561;0.033459;0.033657;0.010646;0.0012011;0.030624;0.016092;0.0012727;0.033313;0.033412;0.031851;0.011118;0.0034575;0.0082755;0.013124;0.01652;0.00018119;0.016211;0.0039632;0.028489;0.003522;0.0085891;0.016851;0.00098171;0.030658;0.0033184;0.024355;0.0020702;0.0041031;0.0015277;0.0015118;0.0022925;0.0036531;0.0070078;0.011558;0.010234;0.00070713;0.0043138;0.01281;0.00019265;0.00015207;0.0037385;0.0020418;0.0018709;0.0012689;0.0045907;0.0027155;0.00082215;0.0045843;0.0027378;0.0020121;0.0006318;0.0043542;0.011102;0.0049247;0.0050309;0.018524;0.0085501;0.00581;0.0038035;0.0057052;0.0045469;0.0020824;0.0064329;0.0043081;0.00092668;0.0087169;0.0048198;0.023071;0.0030068;0.00099268;0.0009871;0.0031059;0.0035038;0.0045512;0.0013051
23;2.1725;264.97;2;0.85;0.5;50;50;Euclidean(Summation);5.1525E-05;0.0021179;0.0013278;0.03557;0.031443;0.035803;0.00036031;0.031409;0.035726;0.013581;0.028542;0.036137;0.00012412;0.00044261;0.01535;0.006161;0.026477;0.036086;0.018942;0.001666;0.0063746;0.017123;0.035889;0.0010801;0.030096;0.0032613;0.028651;0.00061596;0.03498;0.035916;0.002279;0.032403;0.035913;0.0028581;0.0023059;0.0015855;4.6096E-05;0.029652;0.00027897;0.0011768;0.00077897;0.030637;0.0046397;0.0061291;0.032564;0.00039553;0.030279;0.0027622;0.00067355;0.001986;0.001501;0.0011402;0.0004448;0.00036645;0.00052267;0.001749;0.0043686;0.0065527;0.0011623;0.0073879;0.0056009;0.0015198;0.0040607;0.0021343;0.0015932;0.006698;0.023907;0.00090197;0.0020159;0.0078676;0.0017286;0.02106;0.00085541;0.014855;0.035832;0.0027296;0.0038503;6.6228E-05;0.018437;0.0034336;0.0046609;0.00017103;0.0043762;0.003191;0.0010566;0.0093933;0.006907;0.0014174;0.0011522;0.0024435;0.0029609;0.00047414;0.00050763;0.0026196;0.0010113;0.0026661
24;2.1829;0.21525;2;0.85;0.5;50;50;Euclidean(GeometricAverage);0.0031898;0.0014085;0.015194;0.033483;0.035434;0.012816;0.035511;0.037348;0.035954;0.0013924;0.022991;0.029758;0.00075401;0.016749;0.0057293;0.0388;0.032964;0.0078766;0.021484;0.0020759;0.0030417;0.011386;0.032243;0.0065852;0.0062852;0.0059308;0.0053701;0.0025756;0.015442;0.035175;0.035677;0.030058;0.038668;0.0070222;0.037141;0.031041;0.0028436;0.0038426;0.0018685;0.033995;0.034028;0.032669;0.0028171;0.00046774;0.0029769;0.028912;0.0047335;0.004429;0.003064;0.00038092;0.0026558;0.0027291;0.0041891;0.0036576;0.00025684;0.00051589;0.0035623;0.0010255;0.0044796;0.0018571;0.0024448;0.0030602;0.0019591;0.0055305;0.0010978;0.003621;0.0016295;0.0042536;0.0014429;0.008115;0.0028273;0.0011406;0.0032212;0.00028254;0.0035506;0.0002922;0.00062746;0.0039418;0.0014348;0.020029;0.010423;0.0020652;0.0034917;0.0028999;0.00010247;0.0042538;0.0020718;0.0054342;0.0019217;0.0028897;0.0034399;0.0039172;0.0020445;0.0030438;0.0010107;0.0039795
25;2.1838;0.21616;2;0.85;0.5;50;50;Euclidean(Median);6.8514E-05;0.00067374;0.032538;0.033047;0.0087379;0.00043771;0.0047432;0.034324;0.024482;0.00029414;0.03292;0.026966;0.02376;0.033619;0.0045224;0.031068;0.00033256;0.033109;0.032533;0.0060656;0.0025893;0.00054987;0.032469;0.0068213;0.013424;0.0014378;0.00085844;0.0082013;0.030027;0.033579;0.033963;0.032529;0.001119;0.0012451;0.032975;0.031254;0.0033665;0.024236;0.029427;0.029166;0.028052;0.0054569;0.033182;0.0034399;0.032237;0.00010651;0.0007032;0.0023401;0.005373;0.00014921;0.00063324;0.0084275;0.00064113;0.00098405;0.004171;0.00066882;0.00027792;0.0048246;0.00090138;0.0030301;0.0016574;0.0017999;0.00027168;0.0066552;0.0012092;0.00019165;0.0032626;0.000476;0.0053779;0.0023541;0.0039375;0.0016616;0.003486;0.0012984;0.0027452;0.0076571;0.011016;0.0037684;0.0035708;0.0096573;0.0061498;0.0011606;0.0018679;0.00054092;0.0019255;0.0039043;0.0022494;0.0096943;0.0034695;0.0044635;0.0031282;0.02629;0.0015266;0.0020947;0.0020342;0.0083692
26;2.193;0.21625;2;0.85;0.5;50;50;Euclidean(GeometricAverage);0.013536;0.0088141;0.034016;0.03222;0.00010933;0.037221;0.039636;0.035331;0.034869;0.0012476;0.0020325;0.037047;0.0003656;0.0018737;0.0035132;0.0041002;0.0084826;0.035596;0.00014369;0.0038328;0.033032;0.029281;0.0076525;0.033439;0.033199;0.0026613;0.0004069;0.0094137;0.029625;0.035111;0.0059946;0.040357;0.036154;5.6707E-05;0.028495;0.0039966;0.012638;0.00041743;1.0041E-05;0.039339;0.0023324;0.011392;0.00052296;0.0022207;0.039283;0.0013213;0.0042024;0.036469;0.0005402;0.0053749;0.00062875;0.00099056;0.00031867;0.014057;0.016716;0.0050374;0.0021583;0.0004957;0.0053787;0.0028567;0.0010086;0.003797;0.00063613;0.002168;0.0072483;0.00019206;0.0010688;0.028629;0.0018511;0.0047172;0.0058036;0.0019886;0.0048491;0.00084236;0.0010271;0.0028865;0.0051533;0.0049436;0.0034188;0.0021741;0.0019703;0.0051331;0.002075;0.0017854;0.0012661;0.0029134;0.0081887;0.0017894;0.0031755;0.00248;0.0017769;0.0035103;0.0012705;0.00070894;0.0084472;0.0015426
27;2.224;0.22143;2;0.85;0.5;50;50;Euclidean(Average);0.0004094;0.00084992;0.0013947;0.035942;0.032096;0.013912;0.030425;0.035788;0.036097;0.0023504;0.0011485;0.035967;0.035886;0.034139;0.0066129;0.034987;0.035102;0.0046902;0.021967;0.012366;0.027736;0.0086735;0.033063;0.0037016;0.033662;0.0031764;0.00086751;0.0027482;0.034388;0.034865;0.029944;0.0074697;0.0045308;0.00054396;0.014002;0.032152;0.032363;0.035717;0.0036089;0.0010478;0.0010998;0.0038781;0.0027212;0.034338;0.0010792;0.002458;0.032268;0.0024899;0.0052305;0.0010662;0.00045719;0.0095608;0.0048101;0.0038888;0.0023327;0.00010519;0.0050694;0.0030752;0.0015244;0.0016985;0.0092373;0.00022085;0.006271;0.0030678;0.0102;0.00031517;0.0054014;0.00026917;0.0086389;0.00091639;0.0060015;0.0071269;9.6617E-05;0.0028755;0.00079965;0.0044632;0.0022104;0.0016161;0.0084406;0.0053703;0.0081094;0.0062481;0.00031711;0.00034868;0.001155;0.0024041;0.0014967;0.0069184;0.0014115;0.0011309;0.00020526;0.001031;0.0018515;0.00012727;0.0079806;0.00018384
28;2.239;0.22078;2;0.85;0.5;50;50;Euclidean(GeometricAverage);0.010642;0.0028442;0.032263;0.032236;0.037231;0.03042;0.0048483;0.037261;0.038822;0.0090831;0.0067272;0.038781;0.00094132;0.0015448;0.00050003;0.03879;0.022926;0.037337;0.012344;0.00010839;0.0092513;0.00010119;0.03921;0.037113;0.037012;0.0022164;0.00072466;0.030919;0.0020741;0.004463;0.035774;0.038531;0.0119;0.003596;0.030019;0.026389;0.0005167;0.005485;0.00074245;0.0031317;0.031913;0.023192;0.0012179;0.028256;0.034329;0.0044023;0.001764;0.0018463;0.0058647;0.0017742;5.0711E-05;0.0035652;0.0014751;0.00043708;0.00086527;0.0012667;0.0054886;0.00026603;0.004453;0.0044715;0.0027325;0.00070227;0.0010584;2.2165E-05;0.0037414;0.00018564;0.013621;0.00064041;0.0002391;0.002078;0.0006181;0.023744;0.0012964;0.0025615;0.001687;0.0027054;0.0031048;0.0067586;0.0016149;0.0039625;0.0014557;0.0045198;0.0028124;0.0023504;0.00039232;0.0025732;0.0040065;0.00082232;8.6418E-05;0.019064;0.0028523;0.0032474;0.0041184;0.0022513;0.0035965;0.0010582
29;2.2452;0.22354;2;0.85;0.5;50;50;Euclidean(Average);0.0048269;0.039888;0.012275;0.00025592;0.038388;0.0041029;0.039972;0.039726;0.038967;0.02165;0.00015954;0.040501;0.030466;0.030993;0.0025043;0.020046;0.037377;0.04109;0.0043008;0.0020404;0.0012462;0.00027495;0.040631;0.0041186;0.040783;0.0059446;0.0089458;0.00081493;0.0021207;0.00013751;0.0059788;0.0028795;0.0029159;0.040053;0.00075673;0.013368;0.016121;0.010965;0.0052293;0.032436;0.033961;0.015071;0.036994;0.012595;0.0026899;0.0050269;0.0035625;0.011254;0.0026688;0.004064;0.0063972;0.0016262;0.0094754;0.00083591;0.0031107;0.0032744;0.0016755;0.0065537;0.00096317;0.00086675;0.00018622;0.010359;0.0025702;0.0016848;0.01057;1.8655E-05;0.0014963;0.011974;0.0040374;0.0032745;0.0033614;0.023143;0.0028593;0.0029213;0.0010856;0.00031977;0.0026783;0.01552;0.0036807;9.6674E-06;0.0033793;0.0019854;0.0078626;0.00083187;0.0062777;0.0021891;0.0034384;0.0026815;0.00068482;0.0041589;0.0026687;0.001287;0.0010965;2.3256E-05;0.008066;0.003704
30;2.3616;288.03;2;0.85;0.5;50;50;Euclidean(Summation);0.016983;0.0074113;0.0011451;0.033161;0.038605;0.0016588;0.034585;0.040827;0.041127;0.03748;0.0012227;0.04154;0.0012951;0.0040947;0.035994;0.00025738;0.0097331;0.040008;0.00066942;0.0042658;0.00018826;0.038721;0.038049;0.0011664;0.00017886;0.0019225;0.0013474;0.0037475;0.0021906;0.042018;0.0068102;0.041102;0.0032223;0.039211;0.00048642;0.0029669;0.039943;0.030644;0.0017482;3.1564E-05;0.0025334;0.0039824;0.0015887;7.8089E-06;0.038432;5.4746E-05;0.033067;0.0014182;0.01235;0.0023723;0.0021012;0.0073244;0.001978;0.0013602;0.0020891;0.011528;0.00036021;0.021779;0.0051456;0.022997;0.0027297;0.0024411;0.013113;0.0056634;0.0067522;0.0050764;0.0045475;0.013246;0.0013957;0.0012415;0.010459;0.0026505;0.014593;0.00095302;0.0040739;0.00069941;0.0025112;6.8788E-05;0.00039767;0.0014809;0.0097178;0.00057313;0.0019998;0.00073492;0.001769;0.0019663;0.0041583;0.000595;0.0002996;0.0033158;8.754E-05;0.0092215;0.0016989;0.0034517;0.0046433;0.0014433
31;2.3631;288.21;2;0.85;0.5;50;50;Euclidean(Summation);0.012375;0.0012539;0.00065344;0.042424;0.038888;0.042088;0.0011589;0.038744;0.040968;0.032775;0.0037975;0.041818;0.0076265;0.0037016;0.002316;0.043183;0.0089328;0.0016309;0.0044711;0.032431;0.0021137;0.0047727;0.0417;0.0035158;0.010538;0.016627;0.020796;0.0024021;0.014489;0.00060448;0.00016642;0.035487;0.038666;0.019739;0.0019297;0.0043802;0.0005701;0.0042245;0.0022842;0.043134;0.01166;0.039652;0.0002153;0.0067938;0.030847;0.016793;0.038335;0.017374;0.0037397;0.0061262;0.00067209;0.0018389;0.0043707;0.00965;0.0012186;0.002182;0.00019918;0.0046622;0.0010357;0.0027973;0.0048051;0.0062039;0.00048372;0.0036399;0.0079834;0.010075;0.0033762;0.00081016;0.0032491;0.00081432;0.00099619;0.0010948;0.0016286;0.0056959;0.0049975;0.0021445;0.00093589;0.0012738;0.0022021;0.0091006;0.0039806;0.001577;0.010693;0.0051379;0.0059651;0.0036993;0.00082948;0.0060541;0.0062595;0.0013793;0.0050015;0.0031661;0.00077223;0.00321;0.001095;0.00012974
32;2.3646;0.23405;2;0.85;0.5;50;50;Euclidean(Median);0.0058596;0.0049641;0.0099091;0.042426;0.042248;0.016591;0.010272;0.040897;0.025936;0.0015177;0.0073076;0.041994;0.0055817;0.0031791;0.020744;0.018442;0.0023366;0.039983;0.00025629;0.0034844;0.0012107;0.034347;0.039537;0.0097573;0.0021691;0.0090814;0.0063517;0.015227;0.040857;0.037376;0.0016546;0.039412;0.002674;0.04084;0.04082;0.039252;0.0036254;0.0094277;0.0045314;0.041837;0.010803;0.00012364;0.0068691;0.00079796;0.034294;0.0052248;0.0017441;0.0018507;0.00077085;0.0045847;0.0025812;0.0008986;0.0049507;0.0045977;0.0045888;0.0068454;0.0043948;0.0073869;0.0043685;0.00073339;0.0079484;0.00050464;0.0014814;0.019193;0.0033758;0.0001946;0.005386;0.0015835;0.0011672;0.0059162;0.0044463;0.00038433;0.0016479;0.0029508;0.0063864;0.008396;0.00037587;0.00050506;0.00023721;0.0079097;0.0018449;0.0017069;0.001137;0.0017156;0.00055239;0.007754;0.0021718;0.0016475;0.0063018;0.00077352;0.0040039;0.0068739;0.0017344;0.0046584;0.0039693;0.00083776
33;2.3839;0.23735;2;0.85;0.5;50;50;Euclidean(Average);0.033902;0.0024985;0.0033509;0.038323;0.035613;0.0036229;0.0015229;0.043463;0.040511;0.0099969;0.0031231;0.041916;0.012997;0.0093498;0.0094457;0.039055;0.008123;0.035937;0.0096933;0.000678;0.0075554;0.00034624;0.035837;0.0091181;0.025719;0.0044979;0.00049167;0.0041195;0.024978;0.036432;0.0045572;0.034414;0.00033421;0.038859;0.040764;0.0087048;0.0041358;0.031;0.0030121;0.043751;0.01303;0.039257;0.011838;0.0045199;0.011008;0.0012318;0.030045;0.00071768;0.0041605;0.01078;0.0077995;0.0055212;0.0019249;0.0049872;0.001071;0.00070322;0.0061285;4.1894E-06;0.0032966;0.0018762;0.0018408;0.0031454;0.0060452;0.0033889;0.00057833;0.0011712;0.00021921;0.00066379;0.0039869;0.00057378;0.00041722;0.0041913;0.00043059;0.0038737;0.0029174;0.014627;0.0012953;0.0050957;0.00010666;0.0011066;0.003541;0.0034596;0.00017894;0.0004019;0.0036013;0.00094906;0.00092258;0.0080641;0.00074348;0.0038188;0.0020667;0.002406;0.0072203;0.0029044;0.00099103;0.0014066
34;3.6149;0.023291;2;0.85;0.5;50;50;Euclidean(MinimumTimesMedian);0.00047174;0.030365;0.027437;0.030919;0.0099614;0.028703;0.0048076;0.019576;0.028173;0.0038969;0.028743;0.027382;0.0043327;0.0036972;0.0029111;0.032472;0.012164;0.031448;0.026575;0.031373;0.030934;0.0223;0.032469;0.031938;0.027516;0.0023071;0.008045;0.0034365;0.030337;0.0029014;0.0018131;0.00484;0.029264;0.012703;0.0083667;0.032388;0.0029537;0.0054161;0.0053202;0.027638;0.0039123;0.026122;0.012737;0.0017925;0.031074;0.0035873;0.029373;0.0034896;0.0022882;0.0021923;0.0074676;0.000167;0.0019865;0.003956;0.00022155;0.0078266;0.0029073;0.0012902;0.0019454;0.0011554;0.0099127;0.0025678;0.0020351;0.00043011;0.01503;0.0057825;0.0020973;0.00039702;0.00052359;0.0022244;0.0057644;0.0062477;0.0021393;0.00097441;0.0021914;0.0032057;0.00020847;0.00021464;0.0045929;0.0028368;0.0025545;0.0034494;0.0019708;0.0075542;0.0010882;0.00017675;0.0031705;0.0043238;0.03143;0.00059778;0.0090564;0.0034519;0.00034465;6.8193E-05;0.0016175;0.0059798
35;3.6615;0.023592;2;0.85;0.5;50;50;Euclidean(MinimumTimesMedian);0.032662;0.020867;0.0068497;0.030499;0.020509;0.023735;0.029064;0.013302;0.025292;0.0012177;0.022496;0.033452;0.00056851;0.0020512;0.0010464;0.03131;0.0026099;0.025502;0.0060805;0.030605;0.0015689;0.031629;0.029053;0.032871;0.00061813;0.032015;0.021163;0.0010274;0.0321;0.029475;8.0385E-05;0.0032189;0.002355;0.025343;0.02884;0.0016689;0.0049002;0.0016236;0.018249;0.029775;0.024041;0.015025;0.031817;0.001096;0.032813;0.012433;0.0173;0.010259;0.0028356;0.00050721;0.0014757;0.00027401;0.0073869;0.0035125;0.011013;0.002014;0.00012703;0.0096919;0.0080631;0.0022656;0.00063032;0.0026368;0.0012621;0.002128;0.00031743;0.00089979;0.0089824;0.0018275;0.0023224;0.0012351;0.00048637;0.0010465;0.0025924;0.00095671;0.0037814;0.00097039;0.006011;0.0003067;0.00094166;0.0036114;0.012418;0.0059205;0.011859;0.0070516;0.0051407;0.00050967;0.0022622;3.1366E-05;0.003276;7.6902E-06;0.0022601;0.0088312;0.0017619;0.0037196;0.01011;0.00065311
36;3.7445;0.024126;2;0.85;0.5;50;50;Euclidean(MinimumTimesMedian);0.0061186;0.0086113;0.017828;0.033768;0.00040069;0.033103;0.001837;0.00046137;0.029712;0.00014381;0.031518;0.034019;0.032646;0.02813;0.0021166;0.033278;0.0062474;0.011832;0.029694;0.021366;0.026419;0.0072444;0.028647;0.013923;0.031791;0.016051;0.026973;0.0036506;0.020638;0.02542;0.001605;0.026541;0.0034965;0.00042417;0.00148;0.030766;0.00086567;0.025758;0.0053533;0.029073;0.0062926;0.030472;0.025493;0.0063175;0.033784;0.032753;0.024468;0.0098805;0.00022629;0.015041;0.0021678;0.0029054;0.0019418;0.0039397;0.0084952;0.0026007;0.0029226;0.0070305;0.0097926;0.0025373;0.0017541;0.0078367;0.00053728;0.0005856;0.00026884;0.002295;0.00072997;0.0012037;0.0017193;0.0011349;0.0046752;0.00098414;0.0004057;0.0015319;0.0030615;0.00054311;0.0036908;0.005424;0.0082729;0.000956;0.0014941;0.00087191;0.0022594;0.0077021;0.0096374;0.00078447;0.00076433;0.0029697;0.00092139;0.001914;0.0011149;0.00041175;0.0010849;0.00053589;0.0018005;0.00011015
population
1;0.04204;0.1824;3.2029;0.95082;1.1679;0.36828;0.58492;1.7559;1.7249;0.56329;0.90572;0.086292;1.6565;1.7585;0.020592;2.4891;1.4905;0.66011;0.93702;1.7347;1.2082;0.26014;1.2528;0.063379;0.68681;0.4759;0.13165;1.0413;0.10173;1.7575;0.74803;0.15213;0.52596;0.88544;1.6772;1.433;0.20286;2.5128;0.68867;0.27372;2.5595;0.37476;5.298;1.4318;0.255;1.4443;0.38034;0.65428;0.52546;0.64822;0.84318;0.84069;0.86999;0.35174;0.19855;0.073376;0.39315;0.5253;0.82576;0.0065088;0.65002;0.72736;0.66875;0.75266;0.043676;0.6422;0.65616;0.55414;0.74426;0.82526;0.65561;0.98387;0.32367;0.65844;0.88197;0.43188;0.63325;0.67862;0.23718;0.39054;0.93222;0.4608;0.40836;0.85978;0.44085;0.52227;0.059773;0.34778;0.79881;0.49393;0.36482;0.46648;0.7789;0.82834;0.48837;0.92373
2;0.64833;0.0379;2.3406;1.1382;0.3114;1.005;0.19896;1.5484;1.9789;0.17277;1.3228;0.86558;1.1636;0.46431;0.1997;0.14859;0.66581;1.5873;0.048995;0.55687;1.0521;1.081;0.5175;0.055517;1.0205;0.47818;1.6464;0.99252;0.69703;2.1964;0.98051;0.74138;1.5229;1.0829;0.50278;2.2312;0.0935;0.27365;0.15281;0.62853;0.20553;1.2462;0.070848;0.56743;0.15934;0.87134;0.27079;0.8035;0.039499;0.5263;0.83973;0.46642;0.29682;0.037438;0.30696;0.12052;0.63102;0.44443;0.56422;0.83855;0.13956;0.54455;0.4433;0.48106;0.8563;0.48764;0.25491;0.41691;0.44819;0.75094;0.26231;0.86939;0.20569;0.91477;0.90091;0.46366;0.56229;0.30944;0.83084;0.82525;0.53047;0.60207;0.23805;0.70311;0.80442;0.35609;0.95673;0.25171;0.42295;0.65887;0.39443;0.58214;0.053554;0.27993;0.37058;0.80998
3;0.017966;1.5579;1.2362;0.88412;2.1861;0.01382;2.6486;0.5318;1.1992;0.96263;1.3685;0.6309;1.1196;1.1149;0.014982;1.2479;0.75179;0.33124;0.21894;2.2583;0.3581;2.6934;0.71787;0.55543;1.9242;0.10051;0.70224;0.93783;0.74242;1.7386;1.4381;0.5655;0.31619;0.94212;0.56502;0.46707;1.5482;1.3222;1.0169;0.31367;1.9344;1.8206;0.47118;0.75249;1.4095;0.54431;1.2966;2.4208;0.71293;0.64431;0.86704;0.20314;0.87567;0.18576;0.72449;0.10762;0.81608;0.76303;0.44399;0.86165;0.65547;0.15328;0.98763;0.26935;0.96298;0.45801;0.92416;0.44325;0.66029;0.17855;0.59738;0.38168;0.46122;0.43828;0.59131;0.3138;0.022103;0.41569;0.48186;0.61634;0.64202;0.055409;0.53196;0.24478;0.010632;0.58729;0.065882;0.12501;0.22499;0.65284;0.41243;0.44055;0.46059;0.98938;0.36527;0.85783
4;1.0443;0.32925;0.44285;0.91903;0.91722;4.4365;0.78641;0.16668;1.012;0.62327;2.3367;0.43589;0.14364;0.76677;0.02505;0.27519;0.26229;0.71263;1.0307;2.1528;2.4223;0.19025;0.6194;0.56086;0.11075;0.22192;0.072995;0.87302;0.42892;0.72696;0.82023;0.38452;1.0057;0.98204;0.22035;0.76886;0.38431;1.4628;0.52749;0.08139;0.39464;1.1399;0.65269;0.71746;0.19586;0.23056;0.03627;0.095969;0.56622;0.16335;0.00073587;0.62044;0.89649;0.50444;0.13515;0.17964;0.63492;0.085198;0.74498;0.41604;0.51412;0.67287;0.50898;0.38864;0.55889;0.13176;0.17824;0.067978;0.061848;0.25811;0.085875;0.42743;0.11727;0.063919;0.97973;0.73651;0.42432;0.70403;0.77302;0.34365;0.48519;0.57846;0.18195;0.034525;0.38169;0.48717;0.86441;0.96638;0.50073;0.83738;0.95737;0.45084;0.14822;0.72655;0.41502;0.72831
5;0.33703;0.30273;0.58106;0.53292;0.47193;0.48582;0.54822;1.9931;0.94121;2.8584;0.92132;0.63121;1.0622;1.4909;2.1057;0.030229;0.95676;0.15456;0.090453;0.063247;0.0044849;0.65621;2.639;1.1814;0.61681;0.79481;0.33923;0.71913;0.28977;0.28946;0.74745;2.1088;1.6635;0.73738;0.23197;0.7157;0.7792;0.12961;1.7217;3.0486;0.71389;0.11208;0.99465;1.7011;1.1138;0.34302;1.3543;1.0415;0.057479;0.4097;0.6768;0.28582;0.62909;0.76036;0.52931;0.49826;0.12395;0.73192;0.36561;0.11243;0.19314;0.21925;0.42223;0.27661;0.33894;0.51043;0.0098642;0.81121;0.80104;0.0804;0.40022;0.056839;0.35702;0.82556;0.38375;0.40601;0.84921;0.35702;0.26312;0.67127;0.3951;0.71333;0.27497;0.80542;0.40116;0.46855;0.94922;0.04144;0.70035;0.087853;0.81387;0.68913;0.17888;0.09673;0.0084793;0.61277
6;0.68876;0.57556;0.06974;0.14624;0.33358;0.70789;0.55571;3.2139;0.48339;1.1249;2.0959;0.087621;1.3441;1.5344;0.047636;1.3334;0.22916;3.7616;0.52651;0.80926;3.5176;0.76488;0.79703;2.4695;0.86994;0.28108;0.29039;0.68723;1.5815;2.6145;0.63288;1.3379;0.45175;0.42436;1.3496;1.3091;0.22697;2.1618;3.0803;0.69155;1.0956;2.0143;0.29856;0.35292;1.8257;0.7172;0.41911;0.21573;0.3955;0.40265;0.85805;0.53911;0.71455;0.61542;0.52221;0.63971;0.42361;0.65943;0.31106;0.80359;0.23102;0.071866;0.098763;0.16807;0.040016;0.52436;0.93867;0.5269;0.32572;0.33192;0.39447;0.70676;0.28874;0.39207;0.30788;0.095286;0.32308;0.45533;0.94743;0.1645;0.80111;0.7821;0.15998;0.59822;0.21918;0.8641;0.60304;0.25004;0.64646;0.70547;0.31393;0.16486;0.93891;0.16573;0.972;0.7914
7;0.064387;3.1161;0.95396;1.6705;0.16957;0.40519;0.21194;0.34125;2.7544;1.63;1.1645;0.13999;0.14974;0.10915;3.2761;0.50336;0.48487;1.9414;0.50151;1.2252;0.77536;1.0271;3.6216;1.0164;1.1117;0.0096779;1.0885;0.23442;0.88396;1.7571;0.22235;3.0689;4.0049;0.54304;0.34579;1.0391;0.12964;0.78506;0.31578;0.0246;0.064149;0.25687;0.51284;0.53301;5.2698;1.116;1.5056;0.95696;0.81776;0.93009;0.48592;0.93035;0.92877;0.93504;0.093319;0.19811;0.97943;0.73926;0.41828;0.36926;0.56053;0.84127;0.6252;0.99392;0.4256;0.11277;0.13584;0.57728;0.23788;0.13929;0.3175;0.45551;0.19607;0.23454;0.88644;0.77978;0.97801;0.91347;0.096315;0.66196;0.74645;0.16692;0.45893;0.63139;0.1823;0.63278;0.6167;0.67658;0.41499;0.61385;0.90943;0.6233;0.19622;0.40603;0.70643;0.23703
8;0.6014;0.24884;0.42216;3.027;0.13483;0.5543;0.52825;3.0754;0.77194;0.44054;1.5147;0.6979;4.8331;0.19379;0.53582;0.77568;0.84923;0.55694;0.30686;0.88074;0.14007;0.83594;0.96441;0.062384;0.077809;1.348;1.4131;0.79624;2.5851;0.6825;3.022;2.8192;1.0148;0.16398;1.5074;1.8416;0.46031;0.70891;0.51587;0.20983;0.48037;0.098074;0.21115;0.72932;0.17952;0.25391;0.3595;0.77173;0.88042;0.31176;0.15863;0.4595;0.72325;0.38638;0.14871;0.23707;0.16351;0.43514;0.67231;0.79836;0.17812;0.22054;0.96656;0.32263;0.19106;0.80481;0.58321;0.65865;0.91795;0.054794;0.39314;0.89235;0.68092;0.60599;0.19631;0.21635;0.93765;0.34249;0.16546;0.41827;0.078996;0.66829;0.41109;0.34393;0.51016;0.355;0.48658;0.83577;0.86393;0.57402;0.087521;0.14423;0.20518;0.68985;0.58239;0.66561
9;1.0057;1.1347;0.21877;0.018107;0.19913;0.54;0.72995;1.0408;0.78267;1.0541;0.5682;0.034755;1.2634;1.134;0.68035;1.813;1.3945;0.66109;1.3813;0.18994;0.40986;0.66713;0.33911;0.21409;0.59427;0.46498;2.6323;2.0577;0.73995;0.11741;0.72828;3.4922;2.7211;1.0074;2.3261;0.56996;0.29696;0.34664;2.7362;0.088426;0.06501;2.9137;0.17592;0.18842;0.13333;1.5758;0.8048;0.14233;0.27742;0.25881;0.85725;0.1211;0.072639;0.96789;0.023487;0.39517;0.13366;0.47221;0.73664;0.24285;0.63631;0.95003;0.046382;0.070563;0.71386;0.10004;0.046864;0.17663;0.62554;0.93195;0.81063;0.017419;0.31518;0.50642;0.70054;0.61416;0.42538;0.058862;0.29271;0.82966;0.80291;0.020213;0.6519;0.91412;0.20296;0.35831;0.73935;0.77934;0.99722;0.65135;0.38988;0.65207;0.27779;0.36662;0.62768;0.072279
10;0.033865;0.5085;0.21973;2.1788;1.9487;3.1931;0.46386;0.33692;0.57656;2.4881;2.1229;2.3788;1.0425;0.25726;0.59425;2.1156;3.2593;1.3465;1.2939;0.95203;0.79842;0.39636;0.59723;0.24008;0.38941;2.1158;1.4915;1.2779;0.091118;0.37706;0.67636;1.1013;1.0556;2.1082;0.86218;0.0033983;0.47862;1.0838;0.43597;3.1814;0.47939;0.0025285;0.23546;0.021657;1.9247;0.50329;0.1606;0.97756;0.36842;0.9844;0.95025;0.68226;0.39773;0.047704;0.78912;0.20502;0.49528;0.15814;0.26477;0.040552;0.64034;0.21828;0.1018;0.99459;0.50995;0.39089;0.52003;0.80731;0.57889;0.90585;0.24607;0.4746;0.72463;0.78556;0.40565;0.74954;0.41823;0.64948;0.033161;0.28688;0.21334;0.029861;0.36525;0.2214;0.36531;0.58804;0.6943;0.22832;0.84414;0.83929;0.20821;0.35009;0.86399;0.037173;0.99302;0.14333
11;1.2195;0.64446;0.34724;0.14106;2.405;0.61814;0.94147;0.74608;0.9271;0.28929;1.6367;0.79446;0.85999;2.5358;0.43862;0.02891;1.3657;2.1474;0.88978;0.90256;0.21622;3.4706;0.39455;0.70154;0.43966;0.96775;0.46702;0.92545;0.78524;0.42685;1.81;2.7212;0.87332;2.4286;0.63002;0.88595;2.8485;1.2605;0.62841;1.4759;1.0718;1.1806;2.081;1.4211;3.3724;2.6754;0.17729;0.5878;0.91456;0.64258;0.13503;0.72809;0.16211;0.39637;0.89708;0.09401;0.18117;0.071776;0.34858;0.41472;0.4863;0.90433;0.56476;0.83987;0.40602;0.69547;0.87204;0.49093;0.77755;0.30202;0.23413;0.13192;0.17151;0.049905;0.26404;0.67279;0.63095;0.39041;0.71234;0.27712;0.81648;0.10628;0.80135;0.073495;0.056126;0.23256;0.41143;0.40894;0.54817;0.95067;0.75754;0.11167;0.023151;0.37345;0.68081;0.4135
12;0.55793;0.6266;0.28037;0.50921;0.90949;1.3148;2.0231;1.2083;2.8869;1.1722;0.56648;0.43574;0.1475;5.0365;0.97592;1.5014;2.224;1.7806;0.0095321;0.62668;0.54263;1.1453;0.7321;1.8285;0.9008;0.46213;0.51923;0.1458;0.50871;1.9453;2.6763;1.2833;1.0375;0.74377;3.5459;1.2301;0.75298;2.0058;1.0107;0.68567;0.19577;0.66524;0.063935;0.3341;0.015599;0.1454;0.2643;0.7477;0.9807;0.90659;0.95176;0.73911;0.79846;0.56754;0.97558;0.68194;0.0042783;0.92033;0.63139;0.013348;0.47109;0.1702;0.67714;0.11123;0.92084;0.23028;0.22113;0.9817;0.1121;0.07383;0.55231;0.064472;0.13299;0.11939;0.46272;0.44126;0.079087;0.48461;0.48574;0.64522;0.67594;0.03358;0.24584;0.0013688;0.99533;0.15755;0.37766;0.43772;0.19303;0.22197;0.29176;0.29775;0.9417;0.93436;0.38335;0.42615
13;1.1475;2.5651;0.18626;0.49886;0.28815;0.84184;0.31704;0.4152;0.040121;0.97755;0.75327;0.9796;0.55285;0.02696;0.088378;0.28142;2.8551;1.6039;0.45165;0.34531;0.19992;1.0147;2.1529;0.11406;0.25548;3.5704;1.3295;1.2254;0.19782;5.7619;0.58529;0.11007;1.4924;0.66169;0.23161;0.2312;0.33523;1.3966;0.30901;1.2972;1.1223;3.981;0.34436;2.6287;2.226;2.013;0.109;1.2714;0.43505;0.80549;0.35487;0.75661;0.65247;0.91274;0.59035;0.22726;0.35099;0.35968;0.33564;0.60392;0.74309;0.05585;0.2264;0.069417;0.83678;0.64726;0.11461;0.91814;0.96379;0.062768;0.91437;0.098932;0.86058;0.42436;0.96271;0.49727;0.45132;0.17243;0.36545;0.36608;0.053656;0.6263;0.19059;0.85966;0.14305;0.40554;0.10447;0.48526;0.76973;0.7777;0.37969;0.71922;0.53119;0.22014;0.10362;0.96432
14;0.55338;0.59002;0.38487;0.18302;1.2007;0.084075;0.2553;0.12305;0.91435;0.14534;0.86936;0.14429;0.59372;0.73057;0.15373;0.74533;0.16585;1.8832;1.1725;0.74238;0.093822;0.076547;0.004855;0.51964;0.15098;1.6629;0.029219;0.38633;0.78943;1.5311;0.36313;0.079618;1.8204;0.46793;1.597;1.6605;0.5679;1.4594;0.72191;2.6107;0.36699;1.0668;0.61577;0.9688;0.44998;0.20846;1.1459;0.16386;0.79301;0.50449;0.36582;0.6738;0.44597;0.68142;0.58418;0.94632;0.017285;0.81107;0.077349;0.73347;0.87696;0.19646;0.51392;0.87902;0.10714;0.23417;0.66781;0.81243;0.22819;0.59224;0.038163;0.80339;0.16885;0.23297;0.16601;0.32094;0.0083482;0.15969;0.036809;0.23792;0.31988;0.41652;0.61712;0.28989;0.091173;0.65594;0.8376;0.32826;0.71511;0.6667;0.36721;0.95136;0.46395;0.21086;0.53466;0.41726
15;0.46621;0.0049471;0.19727;0.65998;1.8568;0.65307;0.93086;0.50002;1.4034;0.33011;0.2945;1.9292;1.7103;0.18613;0.83951;0.75859;0.42496;1.2419;0.24745;0.80666;1.0551;1.973;0.20549;0.38788;0.41335;0.9189;0.042037;0.41068;0.24418;0.64479;0.42155;0.53288;0.086095;0.26369;0.84043;0.093955;0.6921;4.4627;2.4969;0.5743;1.1429;2.5054;2.6686;1.1368;0.33513;0.63865;2.1312;1.2601;0.023421;0.40807;0.070541;0.68435;0.078641;0.96599;0.24247;0.39151;0.94477;0.47716;0.18484;0.71846;0.49363;0.55286;0.7095;0.90047;0.40056;0.16719;0.077192;0.49332;0.64759;0.035755;0.99279;0.90576;0.57886;0.96614;0.73313;0.028032;0.82568;0.069292;0.41634;0.48817;0.69345;0.705;0.49548;0.76146;0.57578;0.4631;0.53299;0.45628;0.1875;0.46024;0.047265;0.055401;0.51503;0.55774;0.9179;0.10044
16;0.036118;0.59978;0.2753;0.16269;0.13006;0.8337;1.665;0.16962;1.6918;0.11954;0.17135;1.2393;0.025069;0.6243;0.50191;0.017903;0.14224;0.17734;1.9014;2.7428;0.33816;0.49354;1.0017;0.4951;0.5937;2.0377;0.62116;0.63157;0.58775;0.23437;0.13833;0.16906;0.11429;2.4062;1.2183;4.3099;0.95606;0.79454;0.14172;0.40578;1.4016;0.06057;0.22768;0.96919;2.335;1.3599;1.3453;0.10326;0.075493;0.50236;0.2739;0.4217;0.67626;0.93712;0.45962;0.36897;0.53221;0.80422;0.46762;0.0025987;0.41163;0.0098724;0.74273;0.224;0.10601;0.99075;0.77194;0.46386;0.035806;0.61303;0.96218;0.58936;0.25704;0.65915;0.94089;0.69301;0.12441;0.88285;0.0010323;0.85947;0.68343;0.12204;0.71041;0.073298;0.35793;0.13289;0.93026;0.10886;0.11927;0.14307;0.69853;0.019249;0.20125;0.86573;0.78602;0.077799
17;0.85273;3.5033;1.1264;1.7525;0.81574;1.9472;1.5868;0.16484;0.96035;1.327;0.55764;2.1515;0.40852;0.77002;0.5995;0.74196;0.4646;0.76229;1.7415;0.68575;0.3678;0.76189;0.52652;0.32458;1.2228;1.893;0.05646;0.9212;0.16707;0.19606;0.19083;0.29152;0.29333;2.1037;0.30042;0.76054;0.11331;1.2201;0.021394;0.41442;0.41358;0.15563;0.49436;1.1785;0.84583;1.6651;2.8072;2.6306;0.70192;0.70699;0.6412;0.083374;0.30421;0.61479;0.16981;0.86565;0.24212;0.3351;0.55542;0.92843;0.99879;0.26698;0.39121;0.18182;0.13176;0.074933;0.71035;0.66989;0.88247;0.24855;0.76962;0.33528;0.85003;0.15781;0.099984;0.44475;0.41147;0.84817;0.72671;0.17488;0.12756;0.32056;0.78528;0.48098;0.783;0.21404;0.97547;0.20395;0.22941;0.17862;0.44882;0.75112;0.97563;0.63261;0.16244;0.16811
18;0.071451;0.56385;2.1017;0.53548;0.19166;0.78853;0.4077;0.078271;0.73549;0.3929;0.59848;0.43984;0.1599;2.1563;2.1024;0.78101;0.46885;5.3315;2.0236;1.0945;0.33494;0.10174;0.85799;1.7998;1.1827;1.2915;0.62557;0.5802;0.64973;0.28178;0.14673;0.49709;1.3243;0.31572;0.01848;0.89913;0.22601;0.0093036;2.1514;0.34972;1.594;1.0163;0.9259;0.35117;0.021552;0.17297;0.62293;1.1727;0.78356;0.1386;0.47859;0.11;0.59012;0.37454;0.63155;0.39134;0.92086;0.014319;0.30551;0.26039;0.38746;0.22491;0.48526;0.54463;0.40744;0.95576;0.026309;0.50655;0.50259;0.43571;0.10421;0.56377;0.089774;0.22226;0.37774;0.99898;0.3068;0.24752;0.33123;0.12687;0.36025;0.29968;0.93731;0.61222;0.078747;0.80595;0.80951;0.60819;0.5931;0.4997;0.92503;0.25374;0.43987;0.54608;0.90827;0.71179
19;0.70768;0.67295;0.99671;0.7726;1.2614;0.95376;0.85233;0.17845;0.48114;0.48203;0.77544;0.71198;2.5239;0.7673;0.089922;1.5827;0.55629;0.043285;0.30901;0.18383;0.27002;4.1813;0.49675;0.72765;0.62316;0.12757;0.3382;0.19581;0.29004;0.26793;0.093155;0.13499;0.38292;1.144;1.0381;1.7547;1.0747;0.51449;1.4021;0.17272;0.2869;1.5552;0.29401;0.16791;0.11278;0.20778;2.0392;0.019966;0.97353;0.49644;0.83181;0.30275;0.28479;0.067911;0.79367;0.89714;0.6659;0.22784;0.52942;0.30258;0.92316;0.43413;0.93986;0.18831;0.075684;0.38639;0.38971;0.64099;0.74283;0.00076776;0.18624;0.97175;0.46062;0.96667;0.059697;0.27018;0.65263;0.34899;0.89979;0.43125;0.42337;0.66281;0.21596;0.61657;0.94161;0.56351;0.31247;0.84308;0.58938;0.63461;0.5504;0.47348;0.41248;0.18728;0.48031;0.45849
20;0.70353;0.65502;2.6335;0.84422;0.43382;0.24821;0.90194;1.6398;0.03603;3.2232;3.4725;1.413;0.78795;2.0949;0.2184;1.3379;0.037975;1.3659;2.6306;0.18113;1.4123;2.0768;0.26578;0.64173;0.80028;2.7876;1.542;0.82319;0.54215;0.93086;0.8199;3.0935;0.012869;5.0008;0.2426;1.007;2.2453;1.4956;1.4923;0.39784;1.2796;0.75829;0.31206;2.4021;0.011768;2.1555;5.9089;0.06829;0.5434;0.66181;0.11316;0.27852;0.96492;0.96186;0.18566;0.51124;0.63371;0.15755;0.48037;0.79088;0.45699;0.96982;0.97567;0.28966;0.057763;0.5105;0.78457;0.94391;0.58072;0.39443;0.093036;0.61509;0.7563;0.88059;0.6221;0.68365;0.97555;0.75948;0.18651;0.33439;0.27363;0.72488;0.81992;0.91856;0.090021;0.5253;0.17963;0.79928;0.97058;0.35219;0.70295;0.18913;0.56355;0.29719;0.41595;0.98322
21;0.21302;0.045828;2.2431;0.33979;0.36305;0.52517;5.1613;1.4522;0.067301;0.28524;1.4753;0.35802;0.1831;0.25536;1.1932;5.5059;1.0077;0.13958;0.56139;0.19532;0.21379;0.62703;2.9027;1.0105;0.57292;0.2205;1.7404;3.8849;0.43342;0.6447;0.43249;0.23211;1.8128;2.0435;2.9382;0.2119;2.3277;1.2951;0.20839;1.3428;0.33273;1.0476;0.16368;1.1615;0.058841;0.52366;0.077456;2.4527;0.31233;0.58592;0.19223;0.90746;0.19815;0.43774;0.50516;0.14433;0.055111;0.5176;0.19848;0.63767;0.089079;0.021591;0.92217;0.29472;0.13865;0.32008;0.45989;0.41603;0.060283;0.9738;0.48412;0.15989;0.23965;0.52778;0.79687;0.85378;0.77398;0.20067;0.6753;0.030759;0.77807;0.24371;0.41662;0.7008;0.37163;0.1809;0.96928;0.4704;0.24995;0.48952;0.61167;0.54529;0.84878;0.1795;0.29936;0.8467
22;0.46739;0.98494;0.64859;0.35725;0.34102;1.0893;0.53163;0.3766;0.15824;1.2279;0.63317;0.19282;0.12211;0.21339;2.5396;1.2471;2.6052;1.6769;1.6543;0.70969;0.028922;0.75579;0.98372;0.53242;0.89328;1.3979;0.96919;1.0299;3.4054;0.086063;0.35854;2.2518;3.4053;0.80338;1.4387;0.70375;0.21586;1.1467;0.83743;2.8755;2.8209;0.17306;0.42759;0.96029;0.17604;3.0398;1.1612;0.38872;0.97833;0.82509;0.056138;0.86313;0.60309;0.62056;0.71877;0.062567;0.19046;0.8055;0.041025;0.88812;0.10742;0.57418;0.63405;0.097955;0.57147;0.13557;0.4916;0.25703;0.7303;0.50818;0.60387;0.7173;0.8181;0.59682;0.19392;0.27527;0.33585;0.17751;0.83704;0.78355;0.25618;0.94557;0.19457;0.94723;0.86992;0.3488;0.099123;0.21653;0.46106;0.1646;0.56087;0.60654;0.17025;0.95336;0.9679;0.64458
23;3.4679;2.89;1.6129;0.13962;2.1248;0.79581;0.24722;0.10727;0.06591;1.2548;1.5502;1.9924;3.1047;1.3181;0.74572;3.528;0.50481;0.0088115;0.0019175;0.69774;0.48671;0.83992;2.0332;2.1047;0.23116;1.3585;0.46411;2.4975;1.6438;0.11256;0.050604;0.14286;0.16372;0.09221;3.5622;0.23733;0.6545;1.9039;0.56548;0.37917;0.076752;0.64166;0.26871;0.52288;1.0876;2.4395;1.1799;0.43212;0.33021;0.73453;0.56506;0.78883;0.78836;0.66688;0.39841;0.055302;0.1152;0.60048;0.35128;0.37581;0.71832;0.45507;0.55616;0.44556;0.38033;0.87791;0.4717;0.65151;0.42559;0.034533;0.57723;0.36822;0.32066;0.91188;0.48183;0.85751;0.32746;0.59554;0.2486;0.33256;0.63685;0.58043;0.011292;0.82226;0.23942;0.19583;0.35049;0.33986;0.45534;0.33216;0.73482;0.88824;0.69736;0.45668;0.46692;0.90333
24;1.3942;0.17626;0.51422;0.60363;0.76076;1.6307;0.78745;0.93119;0.057887;0.11061;1.6173;1.6827;0.80749;1.346;1.1446;2.3885;0.11436;0.38031;0.91596;0.6957;0.52824;0.42058;0.63005;0.3994;2.0426;0.16991;0.75731;0.90622;0.059007;1.1707;0.33224;4.8121;0.76333;0.78074;0.48566;0.084054;0.33072;1.0315;0.82365;0.29194;0.59162;1.2679;0.76283;1.3723;0.21566;0.38705;1.9619;0.90667;0.836;0.10129;0.95755;0.95207;0.46457;0.89039;0.89897;0.81374;0.056055;0.092083;0.32555;0.27957;0.87436;0.38183;0.42895;0.049675;0.39535;0.1783;0.19647;0.32525;0.23896;0.30495;0.85537;0.24861;0.74052;0.84042;0.3668;0.46215;0.021796;0.23869;0.87622;0.52935;0.48607;0.55958;0.79038;0.9184;0.23872;0.49806;0.03725;0.38242;0.98893;0.91753;0.49395;0.68611;0.58823;0.3191;0.99994;0.94739
25;1.6213;1.4156;0.071653;0.58732;2.3236;1.5896;1.8002;0.4614;0.37894;0.97987;0.075949;0.020493;0.59934;1.3396;0.21016;1.4323;3.7832;1.2811;1.3066;0.43532;0.6949;1.6431;3.5387;0.47296;0.63153;1.6113;1.3537;1.0043;2.5403;0.13307;1.9507;1.2621;1.738;3.1646;0.093524;0.12762;1.8256;0.97298;0.76452;1.8483;0.74053;0.8976;2.5807;0.27205;0.20964;0.14384;0.60103;0.24704;0.0040271;0.44458;0.70866;0.65914;0.2612;0.10332;0.88628;0.59726;0.076653;0.16948;0.084816;0.69347;0.38849;0.81447;0.71773;0.23511;0.26777;0.056658;0.45173;0.60972;0.6775;0.47584;0.70172;0.37142;0.3223;0.77926;0.41785;0.82221;0.80709;0.048161;0.93704;0.34542;0.37599;0.61917;0.99428;0.62329;0.63295;0.35852;0.77425;0.76479;0.23422;0.92096;0.37174;0.70635;0.11569;0.35553;0.75117;0.0968
26;1.2086;0.25952;0.86855;0.11109;0.19522;0.27722;0.067623;1.3969;0.45301;0.75683;0.10243;3.8513;0.71514;1.5492;0.8755;1.9422;0.65272;0.1223;1.4167;1.9914;0.45912;0.74262;5.6054;0.37087;0.2623;2.0173;0.10212;0.23987;0.25494;0.048171;0.80338;1.3174;0.51526;2.2839;1.2497;0.39775;0.1862;0.0047155;0.16435;1.4638;1.3981;1.682;1.0686;1.6586;2.5204;1.2731;1.1422;2.0242;0.93155;0.48133;0.18992;0.9597;0.15727;0.46397;0.51388;0.26606;0.29214;0.29186;0.42767;0.98105;0.63673;0.26659;0.60823;0.47041;0.00063708;0.62743;0.62603;0.54031;0.47596;0.4362;0.74557;0.71073;0.74246;0.52747;0.87672;0.94868;0.20297;0.69708;0.59395;0.032334;0.34927;0.30569;0.29723;0.97204;0.73933;0.13243;0.09193;0.66442;0.84697;0.32432;0.2278;0.78234;0.1451;0.019084;0.3419;0.14517
27;1.1751;0.19687;0.18004;0.86251;1.5048;2.1313;0.0029721;0.28511;1.1936;0.0030548;1.1854;1.5589;0.76768;1.4462;0.14748;0.41806;0.70357;0.57856;0.14723;0.2523;0.22481;0.19133;0.31667;0.51108;1.6176;0.093639;1.0162;0.53998;0.63038;0.48528;0.29357;0.18723;0.43864;2.6921;0.15945;0.86184;2.421;1.3117;0.4225;2.5052;0.29723;0.073494;0.089902;2.0997;0.46238;0.2398;1.3569;0.82277;0.9678;0.5482;0.63431;0.66381;0.15665;0.78634;0.64292;0.97323;0.46164;0.15845;0.019442;0.58646;0.99623;0.90312;0.10182;0.40341;0.78868;0.52914;0.90606;0.12552;0.5522;0.85835;0.4406;0.90745;0.84067;0.25664;0.6796;0.25431;0.84988;0.14614;0.037724;0.19318;0.53822;0.16494;0.68695;0.33281;0.90709;0.2028;0.87234;0.054169;0.20264;0.85788;0.7414;0.28077;0.072391;0.16851;0.5387;0.28941
28;0.41907;1.0022;1.5188;2.7312;0.20184;0.13163;0.39647;1.0569;1.7988;1.1089;0.43161;0.43191;0.45591;0.59407;0.63397;0.0038103;1.1207;1.2249;0.66524;1.4716;0.67062;1.9928;1.7909;3.4704;1.3072;0.38848;0.79726;1.2106;0.53744;1.811;0.23262;1.7023;0.80937;1.4692;0.24953;0.85499;0.40286;0.87228;0.071528;0.0010597;1.2928;0.054187;0.35056;0.71287;0.65499;0.051392;0.49279;1.0462;0.79635;0.24216;0.64531;0.016992;0.40193;0.21754;0.91853;0.65337;0.50236;0.91676;0.65104;0.11903;0.83052;0.78073;0.32245;0.010031;0.71114;0.25867;0.22674;0.37763;0.55324;0.10547;0.50686;0.48982;0.62936;0.80463;0.56039;0.46773;0.79664;0.91472;0.64845;0.65914;0.95702;0.98123;0.052091;0.36008;0.28427;0.46113;0.89556;0.12653;0.42822;0.68565;0.076027;0.31266;0.95061;0.74443;0.18985;0.84001
29;3.3546;0.10508;0.21343;0.32127;0.93954;0.66323;0.006233;1.1825;8.8811;0.34959;0.37306;0.62742;1.0805;0.14293;0.98514;0.7242;0.51;0.62567;2.1324;0.49212;0.28039;0.04705;0.83333;0.33778;3.0281;1.5032;0.40178;1.2967;1.0658;0.91528;1.327;0.6667;3.1158;0.24578;0.085299;0.59979;0.097561;0.50103;0.46167;0.02199;0.11046;0.59915;1.7899;0.92047;0.29867;0.93876;1.3104;1.101;0.57758;0.54505;0.45025;0.36152;0.46731;0.27504;0.32805;0.39591;0.81726;0.0016938;0.31816;0.84869;0.42805;0.93937;0.68084;0.94782;0.24414;0.86273;0.76511;0.73596;0.62358;0.33707;0.32798;0.091314;0.68543;0.75797;0.43255;0.1648;0.31526;0.0055293;0.61572;0.32356;0.051143;0.26254;0.66257;0.30535;0.06915;0.68801;0.88416;0.51046;0.55131;0.014172;0.036568;0.47149;0.31251;0.63358;0.2818;0.66822
30;1.0212;2.6306;0.66701;1.7244;6.3902;0.54999;1.3621;0.61289;2.2147;0.57089;1.0977;2.5863;2.0082;0.068441;0.41628;0.32031;0.087322;0.5448;0.53519;0.36953;0.55486;1.2271;1.428;0.076852;1.1125;0.2157;0.056114;0.036024;0.18107;0.49186;0.19771;0.8414;0.067088;0.59296;1.9722;0.97214;1.1147;0.40649;2.4298;2.2984;0.98462;0.046523;1.9336;0.72421;0.23607;0.29345;2.2521;0.15217;0.37726;0.64404;0.77543;0.80503;0.39943;0.85117;0.15936;0.5977;0.79808;0.4165;0.94513;0.085917;0.91971;0.52239;0.79691;0.77222;0.87046;0.26086;0.14631;0.64608;0.4744;0.94577;0.6591;0.6054;0.50566;0.10827;0.52414;0.85872;0.30659;0.80389;0.98227;0.81502;0.99087;0.20949;0.11404;0.87365;0.57629;0.0040107;0.90372;0.43279;0.49974;0.031296;0.58572;0.09675;0.17271;0.37319;0.6762;0.67062
31;0.0027608;0.36656;1.7161;0.3475;1.574;2.8679;0.11608;0.64045;0.73064;3.1621;0.9556;0.76448;0.34143;0.079869;3.7623;1.292;0.79118;3.9607;4.1732;2.3028;0.23688;0.099586;1.569;0.032301;0.35845;0.81059;3.3776;1.2543;0.27159;0.8251;0.28439;0.22537;0.086888;1.3425;4.2299;0.034811;0.19757;0.54887;0.4978;2.3575;1.6128;0.48451;1.0222;0.57827;1.112;0.99949;1.8381;1.0092;0.39227;0.83777;0.76513;0.24669;0.38629;0.86456;0.089516;0.65118;0.59401;0.098071;0.51727;0.45747;0.50921;0.67566;0.55867;0.15644;0.022599;0.83672;0.28083;0.86932;0.5641;0.81548;0.94579;0.98686;0.16246;0.91548;0.80841;0.27202;0.21152;0.31844;0.069038;0.063652;0.53392;0.073086;0.98768;0.39726;0.95551;0.35026;0.61397;0.089529;0.35128;0.43308;0.93466;0.93589;0.17526;0.3433;0.47486;0.53066
32;0.070307;0.15336;0.010995;0.40973;1.4936;1.1978;1.303;0.71121;1.1994;0.13248;0.0019958;0.58035;0.43679;1.4551;1.3682;0.048446;0.0020998;1.8826;0.53537;0.67849;0.0068236;0.28216;0.10354;2.3419;0.28572;0.049998;3.0017;1.4022;0.46151;0.82687;0.48103;0.92807;2.0138;0.67075;0.4906;0.073584;0.16611;0.95062;0.67533;0.40031;0.12768;0.19767;1.8317;3.1355;0.62278;0.62416;1.6708;0.39802;0.53703;0.61868;0.16746;0.46543;0.064373;0.79712;0.092332;0.75627;0.32836;0.0067447;0.99962;0.82854;0.46674;0.80868;0.048968;0.45878;0.28992;0.68979;0.72315;0.48392;0.29669;0.93122;0.029775;0.59884;0.083853;0.10821;0.34997;0.86115;0.43777;0.6537;0.67483;0.84333;0.28321;0.45439;0.16653;0.20385;0.87944;0.15984;0.918;0.060726;0.88362;0.84752;0.85066;0.26556;0.29791;0.30363;0.23824;0.71805
33;0.017476;0.026154;1.7379;0.037946;0.35838;0.44487;1.4354;0.32016;0.13414;0.17848;0.39948;6.2168;2.9672;0.48323;1.1533;2.5285;0.2158;0.56058;1.4863;0.75076;0.096342;1.1197;3.1511;2.6145;0.7479;0.28881;1.035;0.46944;0.37652;0.10298;1.942;1.5382;0.73595;0.77162;1.7584;0.66927;0.2249;1.7102;1.5192;1.1926;0.67398;0.48389;1.8334;1.2268;1.7262;0.48472;0.42949;1.1556;0.46594;0.24867;0.92044;0.1441;0.82956;0.91745;0.91688;0.065277;0.35714;0.60059;0.7706;0.48245;0.79157;0.91098;0.10388;0.17876;0.32456;0.8086;0.24776;0.96884;0.84166;0.93144;0.25698;0.59807;0.7685;0.71056;0.67194;0.63487;0.73578;0.61014;0.27318;0.64165;0.8582;0.55236;0.052669;0.95605;0.99472;0.7096;0.88219;0.45112;0.77001;0.2859;0.7998;0.75569;0.91439;0.47007;0.38966;0.036918
34;3.0197;0.57662;0.59333;0.36851;0.54728;1.3665;0.048383;0.26159;0.1872;1.2045;0.66337;2.1219;1.1796;0.32241;2.2411;0.51125;0.15609;0.55201;0.20834;0.0046118;2.513;0.4786;2.0753;0.85057;0.40357;1.1007;0.82397;0.72994;1.4298;1.0484;1.2222;1.0835;0.3646;0.31475;0.50877;0.79584;0.039323;0.44394;1.0101;0.15588;2.9939;1.3403;1.0662;0.16054;2.1548;0.75447;2.4597;0.28857;0.9564;0.4447;0.24601;0.16419;0.89996;0.79873;0.80059;0.70643;0.044146;0.52994;0.88856;0.79907;0.5196;0.085659;0.78903;0.73774;0.72617;0.81764;0.5925;0.58155;0.53791;0.17044;0.90615;0.11865;0.53995;0.7975;0.78264;0.0015035;0.015819;0.77757;0.66646;0.42647;0.73784;0.2177;0.31026;0.81915;0.48942;0.59127;0.89636;0.44115;0.88626;0.383;0.069609;0.011771;0.3068;0.11362;0.33763;0.75564
35;0.011618;1.1236;0.013593;0.052395;0.46063;1.6247;0.92341;0.63728;0.91386;0.074025;1.3295;0.71654;0.67027;0.41526;0.34374;0.84771;0.40281;0.8384;1.3405;0.21972;0.18559;0.62697;0.28445;1.8457;1.2086;0.79506;0.012722;0.11438;4.6805;0.5383;0.1807;0.25114;0.20051;0.076398;0.42586;0.051366;0.44698;1.771;2.52;0.069721;0.95822;0.035199;0.0076886;0.080907;0.14521;1.2568;0.10703;2.7046;0.52157;0.84234;0.5909;0.99028;0.70543;0.62184;0.95416;0.56988;0.90383;0.028381;0.92082;0.98037;0.86473;0.04658;0.53105;0.73904;0.30747;0.46873;0.38767;0.097377;0.021074;0.71956;0.47711;0.43093;0.6819;0.61985;0.051601;0.78892;0.76413;0.045656;0.49726;0.80481;0.17089;0.22823;0.5078;0.45031;0.40462;0.55258;0.32505;0.66808;0.46608;0.74459;0.52061;0.05999;0.86858;0.14326;0.33044;0.053983
36;0.45344;0.32971;0.92503;0.68122;0.69664;1.0832;0.028964;1.1082;0.50806;0.0073469;0.15965;2.5671;0.079442;0.033881;1.1943;0.039298;0.43375;0.77846;2.117;4.1883;0.036627;0.35901;0.0539;1.8454;0.19292;0.24087;0.18601;1.01;2.7687;0.04119;4.8711;2.5297;0.99238;0.33498;0.40291;0.54087;0.34636;0.28202;0.66026;0.15158;0.13263;0.070428;0.76312;2.356;0.20281;0.79076;3.7263;1.2059;0.75065;0.32574;0.57131;0.90573;0.10372;0.44925;0.94027;0.87217;0.57573;0.64518;0.31515;0.15493;0.83338;0.37375;0.24302;0.084837;0.40868;0.35159;0.088666;0.10236;0.9369;0.94271;0.99693;0.33635;0.30871;0.25756;0.26827;0.61774;0.051834;0.4551;0.89467;0.66226;0.087158;0.44624;0.77667;0.40162;0.17652;0.4561;0.34214;0.17286;0.16567;0.40413;0.052051;0.27015;0.98193;0.76167;0.68401;0.56626
37;0.25773;1.1737;0.60799;0.25239;1.4959;0.26858;0.36121;6.8819;1.3816;0.47263;1.0818;0.27583;0.31056;0.68893;0.47533;2.2954;0.71125;2.0988;1.6387;0.049719;1.5735;0.49642;0.45739;0.68893;1.2435;0.54703;0.84079;0.33053;0.20786;0.23465;0.62901;1.1253;0.4233;1.2106;0.080637;0.29422;0.61138;1.7029;1.3523;0.13702;0.39687;1.0874;2.0542;2.2295;1.9183;1.0971;0.52551;0.49555;0.16966;0.66275;0.74307;0.10398;0.72748;0.22409;0.59397;0.61104;0.72776;0.90388;0.30894;0.55321;0.74704;0.53344;0.82445;0.41223;0.77794;0.60108;0.23957;0.13741;0.46695;0.42523;0.75824;0.98405;0.60953;0.84714;0.90295;0.13338;0.31306;0.11172;0.51259;0.099595;0.025044;0.035851;0.67966;0.96361;0.67479;0.29158;0.38057;0.072561;0.1161;0.22714;0.23335;0.48677;0.9682;0.12287;0.23216;0.57222
38;0.12968;2.3758;0.076307;0.72865;0.55229;0.0032163;2.5524;0.10733;0.307;3.1565;0.29608;0.42069;0.93206;0.20112;0.30488;0.54184;0.83151;1.0091;1.2508;1.9286;0.75932;0.54707;0.68736;1.886;0.038308;1.2143;0.17495;0.56579;1.7702;1.9856;1.094;0.45285;0.89048;0.11048;0.71068;4.3987;0.11788;0.19513;1.2938;1.2154;0.46354;0.51675;0.27408;1.2878;0.80691;1.1495;0.36135;2.2474;0.41942;0.60815;0.99218;0.53252;0.06632;0.92123;0.19876;0.0039194;0.0754;0.78463;0.81843;0.96744;0.13724;0.22633;0.19664;0.88451;0.53684;0.44558;0.88176;0.50043;0.15422;0.74217;0.82787;0.98227;0.32299;0.37168;0.96719;0.87952;0.50481;0.16274;0.21374;0.68567;0.49992;0.92004;0.21577;0.83068;0.47449;0.78385;0.63584;0.52386;0.52931;0.7572;0.045638;0.68613;0.97359;0.68293;0.090773;0.37364
39;0.86684;0.33453;0.26116;0.053877;0.39596;0.67068;0.018924;3.1744;3.5529;3.0373;0.43364;2.19;0.2714;0.88999;1.6998;0.42914;0.46173;0.67515;0.079089;0.25464;1.2127;0.12676;0.13653;0.1383;0.59114;0.59837;0.36149;0.35682;0.065594;2.2044;0.75863;0.6323;2.3136;0.37441;2.8106;1.3037;0.80624;1.5329;0.10014;0.12041;0.1641;0.41177;1.1328;1.0088;0.22835;0.65214;1.4885;0.48454;0.81925;0.11157;0.86537;0.76979;0.82682;0.41469;0.65407;0.12821;0.30362;0.43812;0.94702;0.73894;0.10949;0.3359;0.15706;0.96072;0.45678;0.48911;0.11602;0.37323;0.34592;0.71644;0.26586;0.92872;0.83948;0.51888;0.11545;0.70874;0.34519;0.49723;0.43148;0.13592;0.23216;0.38727;0.060409;0.28099;0.55106;0.75071;0.97048;0.94304;0.42821;0.80786;0.59394;0.37077;0.19043;0.98954;0.26998;0.38585
40;0.44215;0.32996;0.83074;2.6415;0.26061;0.75435;0.3682;0.10062;0.78726;0.70636;0.59906;2.0031;0.63169;0.69476;0.20472;1.7017;3.0041;0.95569;1.2051;0.95914;0.1631;0.31803;1.759;1.6272;0.16273;1.1093;0.48433;0.84895;1.5071;2.3847;0.84598;0.42219;1.0503;0.54441;0.4693;1.0637;0.40102;0.71577;0.060218;0.70586;2.1014;0.77317;0.54603;2.9131;0.42622;0.87268;0.80836;1.042;0.41026;0.53012;0.65949;0.22311;0.89768;0.90549;0.39088;0.027937;0.81773;0.54717;0.45119;0.37741;0.77624;0.37999;0.61447;0.46584;0.014955;0.93923;0.11266;0.70411;0.40898;0.92678;0.75888;0.58999;0.44328;0.36668;0.67191;0.081478;0.62668;0.31224;0.83968;0.11509;0.30336;0.42225;0.83686;0.63778;0.37172;0.38968;0.73309;0.41782;0.34676;0.23224;0.80495;0.97335;0.66907;0.13923;0.13998;0.19955
41;1.1489;0.67323;1.3733;0.12937;0.86744;2.4342;0.65516;1.7888;0.71014;0.78785;0.03711;1.3158;0.8446;0.34315;1.0541;0.063121;0.13987;0.30539;0.0028043;0.74916;0.16899;0.10912;2.3102;0.4292;0.49571;0.91769;1.079;0.141;0.79449;1.0164;0.042203;0.35774;0.096171;0.4681;1.0018;1.3806;0.55873;0.23616;0.25006;0.36213;1.1787;2.5162;1.7289;0.70078;0.22876;0.94217;1.4362;0.9925;0.86987;0.70979;0.74261;0.29602;0.18557;0.7817;0.86062;0.42139;0.51048;0.44235;0.30352;0.63297;0.080442;0.12532;0.16307;0.87122;0.79303;0.56061;0.70039;0.19529;0.8926;0.79732;0.69201;0.2621;0.60177;0.43839;0.020738;0.96152;0.70299;0.046926;0.43512;0.055219;0.15111;0.62558;0.59367;0.11149;0.8606;0.65436;0.067174;0.4374;0.23549;0.53127;0.47793;0.16897;0.31625;0.36033;0.74467;0.32582
42;0.68223;1.9657;1.9813;0.28878;1.8078;0.087954;1.7859;0.64461;0.22942;0.12143;0.14609;3.0634;0.1596;1.992;0.65268;0.16996;1.6741;0.87489;0.69521;0.6767;0.53894;2.2132;0.65943;0.59428;5.6271;1.9185;0.077621;0.56411;0.13005;1.3198;0.70737;0.57402;0.10863;0.37885;0.36334;1.7196;1.024;0.23563;0.75362;0.0002102;0.51998;1.6728;0.45209;2.2267;0.45883;0.70328;0.33096;0.94324;0.60912;0.98278;0.11675;0.92471;0.10798;0.60128;0.85437;0.44863;0.68051;0.30417;0.30474;0.58366;0.90514;0.28553;0.22428;0.060621;0.87658;0.050445;0.068803;0.28554;0.057318;0.098661;0.8735;0.73867;0.34437;0.82478;0.72484;0.73106;0.023761;0.46657;0.93504;0.25139;0.82531;0.1814;0.26528;0.98236;0.3916;0.43261;0.83793;0.72646;0.18227;0.52456;0.69456;0.35555;0.011115;0.45756;0.48898;0.18855
43;0.0087851;0.56564;1.9449;0.13966;1.0643;0.32659;1.5783;1.1302;1.3144;0.12633;0.30837;0.35654;0.02702;0.47301;0.58325;0.20719;0.7704;0.3394;1.8113;0.6162;0.23055;0.24232;0.58383;1.1648;0.11352;0.099392;0.15383;0.47917;0.25839;0.8262;0.6099;0.085359;0.29911;0.098773;1.5035;0.274;0.48438;0.14909;0.18976;0.5787;2.6354;0.54497;0.70305;0.79116;2.1257;1.0297;1.7781;0.40957;0.081015;0.55599;0.9576;0.0087862;0.032605;0.71977;0.88248;0.14424;0.41204;0.68058;0.71987;0.55425;0.29031;0.82518;0.8999;0.24484;0.19011;0.79276;0.83296;0.92548;0.71538;0.62364;0.030918;0.89138;0.96117;0.67206;0.38457;0.32293;0.13603;0.7435;0.40808;0.72304;0.66247;0.80129;0.66142;0.48051;0.38048;0.34028;0.08013;0.081371;0.98342;0.34317;0.58564;0.5655;0.36917;0.26524;0.47145;0.98514
44;0.5048;1.9608;0.022252;0.11042;2.2783;2.0778;2.762;0.70676;0.41953;1.4104;2.2476;2.666;0.39268;0.91884;0.45556;1.6915;0.71889;2.115;1.261;3.3597;0.77347;0.15576;1.0564;0.10571;1.9815;0.6108;1.0724;0.15313;1.1638;0.84266;3.2821;0.77461;0.66837;0.17596;0.77304;0.15915;0.060406;1.4702;0.34782;0.63358;1.0407;0.87996;0.98746;0.1834;0.14311;0.11676;2.5642;1.2076;0.17686;0.30454;0.3078;0.56814;0.25542;0.90611;0.093141;0.76133;0.30986;0.49665;0.27642;0.28821;0.57045;0.61301;0.16195;0.075521;0.00046831;0.6628;0.057707;0.96098;0.64411;0.91703;0.57939;0.056136;0.91362;0.90029;0.92436;0.04412;0.48615;0.017839;0.86275;0.62907;0.074458;0.77627;0.092224;0.35899;0.90876;0.57067;0.056889;0.52401;0.47913;0.53895;0.67295;0.82613;0.70111;0.23869;0.05927;0.47662
45;0.39932;0.13519;1.4145;4.9087;0.027077;1.7318;2.4929;0.21821;0.11369;0.55668;1.4445;0.11062;0.26224;1.4629;0.43552;1.6452;0.57692;0.76143;3.3116;0.78239;0.017059;0.29387;2.4871;1.8097;0.51861;0.34031;0.098163;0.67556;0.69094;0.094292;0.48476;1.8925;0.67693;1.125;1.3823;0.073607;2.2407;0.94845;1.599;1.8235;1.6251;0.15541;0.32682;0.30941;0.99037;0.10858;1.1524;0.46445;0.94046;0.60871;0.012742;0.69575;0.80568;0.58079;0.578;0.14893;0.47847;0.33324;0.29091;0.56901;0.99958;0.8911;0.11005;0.53862;0.84312;0.93947;0.63818;0.0882;0.9221;0.20603;0.73138;0.012534;0.58571;0.073276;0.048183;0.33648;0.026938;0.12166;0.66384;0.0019426;0.76354;0.88604;0.85294;0.2408;0.38856;0.86234;0.92539;0.8678;0.50037;0.24324;0.8429;0.86793;0.94445;0.29655;0.35476;0.84693
46;1.2447;0.58535;0.79223;0.019986;2.1249;0.38416;0.37499;0.33246;0.053806;0.15114;1.5207;1.6454;0.30044;1.706;0.48105;0.1645;0.32927;0.85211;1.6648;0.7214;1.9099;0.077693;0.29671;1.2705;0.073941;2.2674;0.5797;3.0036;0.38688;0.15848;0.75259;0.54377;0.36471;0.50325;0.62795;0.22011;0.21497;1.2804;0.44987;0.35893;0.94456;0.17799;0.3361;1.281;0.5012;0.56203;0.19624;0.93868;0.56618;0.44474;0.89293;0.22403;0.94352;0.96811;0.99651;0.086575;0.7941;0.2174;0.22406;0.44775;0.97372;0.57896;0.95794;0.35159;0.63756;0.12847;0.89937;0.45896;0.084789;0.89652;0.11511;0.017742;0.71188;0.093016;0.55969;0.067601;0.058276;0.33663;0.34265;0.19167;0.99788;0.80429;0.57904;0.60275;0.86923;0.85828;0.41973;0.62249;0.47194;0.60903;0.66257;0.97376;0.50725;0.71528;0.69312;0.89071
47;0.385;1.762;0.68155;0.091907;1.2751;0.41407;3.0387;0.20752;0.22874;1.4215;0.9318;1.6315;1.7658;0.73485;0.38005;1.7192;1.8596;3.1057;1.7017;0.53162;0.27874;0.39721;0.085876;0.10878;2.186;0.048927;1.9416;1.12;0.5687;0.49934;2.1039;0.17845;2.7569;0.88559;0.21971;0.092199;3.1266;0.18966;0.52166;0.96898;0.29912;2.2032;0.40137;0.28211;0.15255;2.1882;0.24906;0.67414;0.47637;0.56998;0.95335;0.92876;0.72641;0.96489;0.95901;0.50639;0.59317;0.17809;0.3891;0.86212;0.52408;0.64291;0.4789;0.14365;0.21788;0.79699;0.047903;0.86478;0.13835;0.041761;0.5853;0.25733;0.089268;0.48314;0.3656;0.18701;0.022486;0.069169;0.66422;0.71603;0.37004;0.49484;0.5395;0.62356;0.77808;0.53099;0.28465;0.57335;0.34199;0.80987;0.60274;0.18886;0.6724;0.45026;0.48825;0.71616
48;0.82644;0.29139;0.44948;0.89894;0.52677;0.78464;0.063885;1.5398;0.085791;0.15678;0.96295;0.65595;0.89364;0.80273;1.8571;0.18241;0.81611;0.41735;0.3122;0.17148;0.39849;0.020356;0.26958;0.023874;0.80347;0.82871;0.24232;1.0333;2.7354;0.90098;0.0087579;0.27128;0.78978;0.063734;0.217;2.497;0.7048;3.5995;0.31147;4.0674;1.5431;0.11105;1.4274;0.22469;2.2241;1.9165;0.1427;0.72984;0.40309;0.1167;0.93682;0.79285;0.44656;0.34599;0.30225;0.95358;0.56339;0.6344;0.43727;0.1144;0.16677;0.25253;0.9579;0.87197;0.84628;0.10931;0.64335;0.097371;0.23933;0.53732;0.071996;0.37288;0.63435;0.082807;0.83154;0.24062;0.57061;0.054911;0.50851;0.35169;0.81435;0.51804;0.22809;0.28049;0.25663;0.95326;0.41849;0.56412;0.34426;0.0077863;0.040195;0.43573;0.8211;0.73395;0.67713;0.81309
49;0.59697;1.3517;0.15957;5.1453;0.027903;0.46663;0.89503;0.7124;0.66188;0.35034;2.1729;0.21202;0.90228;0.17945;1.003;0.7422;0.90583;0.45287;0.35263;0.45805;1.0974;0.48695;2.3277;1.1206;0.87169;0.3697;1.8919;0.37408;0.6055;1.5204;1.1118;0.72286;0.60545;0.072615;1.1654;1.9704;1.7265;0.16553;1.1099;0.33794;3.7571;1.9281;1.8217;2.5629;0.42553;0.36011;0.35451;0.71149;0.086708;0.15803;0.9368;0.9921;0.30439;0.77842;0.31985;0.73723;0.32604;0.80077;0.32598;0.55441;0.26401;0.73371;0.38775;0.91347;0.91072;0.42542;0.37441;0.85453;0.86306;0.14385;0.48415;0.34868;0.44347;0.15859;0.0047236;0.73465;0.79837;0.11059;0.25729;0.8843;0.69412;0.32476;0.83595;0.37512;0.28481;0.50379;0.33361;0.48408;0.40041;0.18479;0.5051;0.3691;0.40523;0.22955;0.31249;0.28017
50;0.52125;0.36927;2.3369;0.53899;0.23689;1.8833;3.0843;2.2148;1.9156;1.1207;4.442;0.25841;0.065688;0.27567;0.62363;2.2788;0.27604;0.46348;2.6667;0.15594;0.29735;0.20011;0.15816;0.65891;0.96342;0.47615;0.83161;0.28021;2.1249;3.1025;0.030373;0.21286;0.29379;0.65157;0.35499;0.063218;1.4786;1.293;0.26664;0.70369;0.081111;1.0385;0.031857;0.13581;0.79415;0.23219;1.161;2.5507;0.78224;0.19147;0.30388;0.064958;0.82534;0.16704;0.99441;0.77003;0.33513;0.85127;0.37563;0.80927;0.14052;0.38626;0.34918;0.87687;0.35848;0.049358;0.16717;0.28252;0.0036465;0.72223;0.31229;0.97838;0.10808;0.00024297;0.98388;0.69552;0.75245;0.39486;0.58138;0.98429;0.30444;0.10814;0.86828;0.83067;0.177;0.11915;0.38415;0.16538;0.33057;0.1524;0.88214;0.52162;0.9829;0.36484;0.036724;0.76635
normalized population
1;-0.6926;-0.70914;2.3092;0.08784;0.15693;-0.63672;-0.44286;0.74533;0.66482;-0.3439;-0.14814;-1.0998;0.76001;0.83492;-0.83289;1.3867;0.58619;-0.49254;-0.16027;0.81458;0.56507;-0.55998;0.067208;-0.8247;-0.20423;-0.43648;-0.69442;0.173;-0.83134;0.74054;-0.14563;-0.90593;-0.47966;-0.08967;0.65752;0.51424;-0.57648;1.4273;-0.18745;-0.65219;1.5842;-0.54597;4.3953;0.37911;-0.65501;0.54407;-0.76876;-0.27238;-0.022773;0.12665;0.27095;0.30176;0.36195;-0.25454;-0.35033;-0.36582;-0.054523;0.071595;0.36153;-0.5237;0.10388;0.25185;0.15628;0.29864;-0.39633;0.15967;0.22164;0.024556;0.24781;0.33522;0.14336;0.47374;-0.15626;0.14932;0.34811;-0.070601;0.18601;0.29096;-0.27216;-0.058689;0.43493;0.016292;-0.068288;0.30522;-0.035711;0.056117;-0.49805;-0.092858;0.28958;-0.0021973;-0.14186;-0.01055;0.27248;0.3924;0.0097492;0.38177
2;-0.086309;-0.85364;1.4469;0.2752;-0.6996;-2.7866E-05;-0.82881;0.53785;0.91878;-0.73441;0.26892;-0.32048;0.26703;-0.45927;-0.65378;-0.95379;-0.23853;0.43466;-1.0483;-0.36323;0.40897;0.26092;-0.66809;-0.83256;0.12943;-0.4342;0.82037;0.12421;-0.23604;1.1794;0.086845;-0.31668;0.5173;0.10774;-0.51687;1.3124;-0.68584;-0.81183;-0.7233;-0.29737;-0.76974;0.32548;-0.83182;-0.48524;-0.75067;-0.02893;-0.87831;-0.12317;-0.50873;0.0047287;0.2675;-0.072517;-0.21122;-0.56884;-0.24192;-0.31868;0.18335;-0.0092724;0.099988;0.30834;-0.40658;0.069038;-0.069173;0.027051;0.4163;0.0051034;-0.17961;-0.11268;-0.048262;0.2609;-0.24994;0.35926;-0.27423;0.40565;0.36705;-0.038815;0.11505;-0.078223;0.3215;0.37602;0.033179;0.15756;-0.2386;0.14855;0.32785;-0.11006;0.39891;-0.18892;-0.086276;0.16275;-0.11224;0.1051;-0.45286;-0.15601;-0.10804;0.26802
3;-0.71668;0.66634;0.34248;0.021139;1.1751;-0.99118;1.6208;-0.47879;0.13907;0.055438;0.31466;-0.55515;0.22302;0.19127;-0.83849;0.14555;-0.15254;-0.82141;-0.87835;1.3382;-0.28499;1.8733;-0.46772;-0.33265;1.0332;-0.81188;-0.12383;0.069524;-0.19065;0.72158;0.54443;-0.49256;-0.68943;-0.032996;-0.45463;-0.45172;0.76885;0.23675;0.14081;-0.61224;0.95913;0.89987;-0.43149;-0.30019;0.49951;-0.35596;0.14748;1.4941;0.1647;0.12274;0.2948;-0.33579;0.36763;-0.42052;0.17562;-0.33158;0.3684;0.30932;-0.020239;0.33144;0.10933;-0.32222;0.47516;-0.18466;0.52298;-0.024527;0.48964;-0.086337;0.16384;-0.31149;0.085132;-0.12845;-0.018704;-0.070843;0.057452;-0.18868;-0.42514;0.028028;-0.027484;0.16711;0.14472;-0.3891;0.055311;-0.30978;-0.46593;0.12114;-0.49195;-0.31563;-0.28424;0.15672;-0.094244;-0.036479;-0.045825;0.55344;-0.11335;0.31587
4;0.30967;-0.56229;-0.45084;0.056051;-0.093773;3.4315;-0.24136;-0.84391;-0.048122;-0.28392;1.2828;-0.75017;-0.75289;-0.15682;-0.82843;-0.82719;-0.64205;-0.44003;-0.066541;1.2327;1.7793;-0.62987;-0.5662;-0.32721;-0.78029;-0.69046;-0.75308;0.0047077;-0.50415;-0.29004;-0.073434;-0.67354;0.00010117;0.006925;-0.7993;-0.14992;-0.39503;0.37728;-0.34862;-0.84452;-0.58064;0.21919;-0.24998;-0.33522;-0.71415;-0.66971;-1.1128;-0.8307;0.017992;-0.35822;-0.5715;0.081505;0.38845;-0.10184;-0.41372;-0.25956;0.18724;-0.3685;0.28075;-0.11417;-0.032014;0.19736;-0.0034894;-0.06537;0.11889;-0.35078;-0.25628;-0.46161;-0.4346;-0.23193;-0.42637;-0.082692;-0.36265;-0.4452;0.44587;0.23404;-0.022915;0.31637;0.26368;-0.10559;-0.012105;0.13395;-0.29469;-0.52004;-0.094872;0.021014;0.30658;0.52574;-0.0084931;0.34125;0.45069;-0.026193;-0.3582;0.29061;-0.063594;0.18635
5;-0.39761;-0.58881;-0.31264;-0.33007;-0.53907;-0.51918;-0.47956;0.98255;-0.11892;1.9512;-0.13255;-0.55484;0.16568;0.56735;1.2522;-1.0722;0.052431;-0.9981;-1.0068;-0.85685;-0.6386;-0.16391;1.4534;0.29337;-0.27423;-0.11758;-0.48684;-0.14918;-0.6433;-0.72755;-0.14621;1.0508;0.65787;-0.23773;-0.78768;-0.20308;-0.00014021;-0.95587;0.84562;2.1227;-0.26138;-0.80865;0.091983;0.64843;0.20378;-0.55725;0.20519;0.11483;-0.49075;-0.11187;0.10457;-0.25312;0.12105;0.15408;-0.019562;0.059056;-0.32372;0.27822;-0.098619;-0.41778;-0.353;-0.25626;-0.090241;-0.17741;-0.10106;0.027897;-0.42466;0.28162;0.30459;-0.40964;-0.11203;-0.45329;-0.1229;0.31644;-0.1501;-0.096464;0.40197;-0.030643;-0.24622;0.22204;-0.10219;0.26882;-0.20168;0.25086;-0.075405;0.0023987;0.39139;-0.3992;0.19112;-0.40827;0.30719;0.2121;-0.32753;-0.33921;-0.47014;0.070812
6;-0.045886;-0.31598;-0.82396;-0.71674;-0.67741;-0.29711;-0.47207;2.2033;-0.57674;0.21767;1.042;-1.0984;0.44753;0.61085;-0.80584;0.231;-0.67517;2.609;-0.57078;-0.11084;2.8745;-0.055236;-0.38857;1.5815;-0.021101;-0.6313;-0.53569;-0.18108;0.64843;1.5975;-0.26078;0.27981;-0.55387;-0.55075;0.32996;0.39034;-0.55238;1.0763;2.2042;-0.23436;0.12036;1.0936;-0.60411;-0.69976;0.91566;-0.18307;-0.73;-0.71094;-0.15273;-0.11891;0.28582;0.00017445;0.20651;0.0091367;-0.026668;0.20051;-0.024063;0.20573;-0.15317;0.27339;-0.31512;-0.40364;-0.41371;-0.28595;-0.39999;0.04183;0.50415;-0.0026894;-0.17073;-0.15813;-0.11778;0.19663;-0.19118;-0.11705;-0.22597;-0.40719;-0.12416;0.067673;0.43809;-0.28473;0.30382;0.33759;-0.31667;0.04366;-0.25739;0.39794;0.045216;-0.1906;0.13723;0.20935;-0.19274;-0.31217;0.4325;-0.27021;0.49338;0.24944
7;-0.67026;2.2246;0.060265;0.80756;-0.84143;-0.59981;-0.81583;-0.66934;1.6943;0.72279;0.11066;-1.0461;-0.7468;-0.81444;2.4226;-0.59902;-0.41946;0.78874;-0.59578;0.30509;0.13227;0.207;2.436;0.12835;0.22066;-0.90271;0.26245;-0.63389;-0.049106;0.74014;-0.67132;2.0109;2.9993;-0.43207;-0.67386;0.12033;-0.6497;-0.30042;-0.56034;-0.90131;-0.91113;-0.66386;-0.38982;-0.51967;4.3597;0.21575;0.3565;0.030292;0.26952;0.40852;-0.086317;0.39142;0.42073;0.32876;-0.45555;-0.24109;0.53176;0.28556;-0.04595;-0.16094;0.014388;0.36576;0.11273;0.53991;-0.014399;-0.36976;-0.29869;0.047698;-0.25857;-0.35075;-0.19475;-0.054619;-0.28385;-0.27458;0.35259;0.27731;0.53077;0.52581;-0.41303;0.21273;0.24916;-0.27759;-0.017715;0.076825;-0.29426;0.16663;0.058873;0.23595;-0.094242;0.11773;0.40276;0.14627;-0.3102;-0.029913;0.22781;-0.30493
8;-0.13324;-0.6427;-0.47154;2.164;-0.87617;-0.45071;-0.49952;2.0648;-0.28819;-0.46665;0.46078;-0.48816;3.9366;-0.7298;-0.31766;-0.32671;-0.0551;-0.59571;-0.79043;-0.039363;-0.50302;0.015824;-0.22119;-0.82569;-0.81323;0.43561;0.58704;-0.072068;1.652;-0.33451;2.1284;1.7611;0.0092034;-0.81114;0.48779;0.92284;-0.31903;-0.37656;-0.36024;-0.71608;-0.49491;-0.82266;-0.69151;-0.32336;-0.73049;-0.64636;-0.7896;-0.15494;0.33219;-0.20981;-0.41361;-0.079439;0.21521;-0.2199;-0.40017;-0.20213;-0.28417;-0.01856;0.20809;0.26815;-0.36802;-0.25497;0.45409;-0.13138;-0.24894;0.32228;0.14869;0.12907;0.42151;-0.43525;-0.1191;0.38222;0.201;0.096871;-0.33754;-0.28613;0.49041;-0.045166;-0.34389;-0.030959;-0.4183;0.22378;-0.06556;-0.21063;0.033593;-0.11116;-0.071249;0.39513;0.3547;0.077898;-0.41915;-0.3328;-0.30124;0.25391;0.10377;0.12365
9;0.27109;0.24313;-0.67493;-0.84488;-0.81187;-0.465;-0.29782;0.030179;-0.27746;0.14687;-0.48567;-1.1513;0.36691;0.21039;-0.17312;0.71063;0.49014;-0.49156;0.28399;-0.73016;-0.23323;-0.15299;-0.84649;-0.67398;-0.29678;-0.44741;1.8062;1.1894;-0.19311;-0.89959;-0.16538;2.4341;1.7155;0.032295;1.3065;-0.34883;-0.48238;-0.73884;1.8601;-0.83748;-0.91027;1.9929;-0.72675;-0.86426;-0.77669;0.67554;-0.34431;-0.78434;-0.27081;-0.26276;0.28502;-0.41783;-0.4354;0.36161;-0.52539;-0.044024;-0.31402;0.018505;0.27241;-0.28736;0.090172;0.47452;-0.46609;-0.38345;0.27386;-0.38249;-0.38766;-0.35295;0.12909;0.4419;0.29839;-0.49271;-0.16474;-0.0027;0.16668;0.11168;-0.02186;-0.3288;-0.21663;0.38042;0.30562;-0.4243;0.17525;0.35956;-0.2736;-0.10784;0.18153;0.33871;0.48799;0.15522;-0.1168;0.17503;-0.22863;-0.069325;0.14907;-0.46968
10;-0.70078;-0.38304;-0.67397;1.3158;0.93771;2.1881;-0.56392;-0.67367;-0.48356;1.5809;1.069;1.1928;0.14593;-0.66633;-0.25922;1.0132;2.355;0.19387;0.19657;0.031932;0.15533;-0.42376;-0.58837;-0.648;-0.50163;1.2034;0.66542;0.40963;-0.84195;-0.63995;-0.2173;0.04327;0.050019;1.1331;-0.15747;-0.91539;-0.30072;-0.0016978;-0.44014;2.2555;-0.49589;-0.9182;-0.66721;-1.031;1.0147;-0.39698;-0.98851;0.0509;-0.17981;0.46283;0.37801;0.14333;-0.11031;-0.55858;0.24025;-0.23418;0.047606;-0.29556;-0.19946;-0.48965;0.094201;-0.25723;-0.41067;0.54058;0.069953;-0.091641;0.085505;0.27773;0.08244;0.41581;-0.26618;-0.035526;0.24471;0.27644;-0.1282;0.24707;-0.029007;0.26182;-0.47618;-0.16235;-0.28395;-0.41465;-0.11139;-0.33317;-0.11126;0.12189;0.13647;-0.21232;0.33491;0.34317;-0.29846;-0.12694;0.35757;-0.39877;0.5144;-0.39862
11;0.48485;-0.24708;-0.54646;-0.72192;1.394;-0.38686;-0.086304;-0.26451;-0.13302;-0.6179;0.58287;-0.39159;-0.036542;1.6122;-0.41486;-1.0735;0.4614;0.99475;-0.20751;-0.017539;-0.42687;2.6505;-0.79105;-0.18654;-0.45138;0.055364;-0.35905;0.057137;-0.14783;-0.59016;0.91634;1.6632;-0.1323;1.4535;-0.38962;-0.032838;2.0692;0.17501;-0.2477;0.54998;0.096544;0.25985;1.1784;0.3684;2.4623;1.7752;-0.97181;-0.33887;0.36633;0.12101;-0.43721;0.18916;-0.34593;-0.20991;0.34821;-0.34519;-0.2665;-0.38193;-0.11565;-0.11548;-0.059842;0.42882;0.052293;0.38586;-0.03398;0.21294;0.43752;-0.038659;0.2811;-0.18802;-0.27811;-0.3782;-0.30841;-0.45922;-0.26982;0.17031;0.18371;0.0027538;0.203;-0.17211;0.31919;-0.33823;0.3247;-0.48107;-0.42044;-0.2336;-0.1464;-0.031695;0.038939;0.45455;0.25087;-0.36536;-0.48327;-0.062489;0.20219;-0.12846
12;-0.17672;-0.26494;-0.61332;-0.35378;-0.1015;0.30983;0.99536;0.19772;1.8268;0.26506;-0.48739;-0.75031;-0.74904;4.1129;0.12244;0.39905;1.3197;0.62799;-1.0878;-0.29342;-0.10046;0.32517;-0.45349;0.9404;0.0097598;-0.45025;-0.30685;-0.72251;-0.42435;0.92826;1.7826;0.22521;0.031845;-0.23134;2.5262;0.31136;-0.026358;0.92031;0.13458;-0.24024;-0.7795;-0.25549;-0.83873;-0.71858;-0.89441;-0.75487;-0.88481;-0.17896;0.43247;0.38502;0.37953;0.20018;0.29042;-0.038737;0.4267;0.24274;-0.4434;0.46662;0.16716;-0.51686;-0.075043;-0.30531;0.16467;-0.34279;0.48084;-0.25225;-0.21339;0.45212;-0.38434;-0.41621;0.040062;-0.44565;-0.34693;-0.38973;-0.071134;-0.061212;-0.36815;0.096948;-0.023604;0.19598;0.17865;-0.41093;-0.23081;-0.55319;0.51877;-0.3086;-0.18017;-0.0029175;-0.3162;-0.27416;-0.21491;-0.17928;0.43528;0.49842;-0.095271;-0.11581
13;0.41285;1.6735;-0.70744;-0.36412;-0.72284;-0.16316;-0.71073;-0.59539;-1.02;0.070358;-0.3006;-0.20645;-0.34368;-0.89662;-0.7651;-0.82096;1.9508;0.45129;-0.64565;-0.57479;-0.44317;0.1946;0.96733;-0.77401;-0.63556;2.658;0.50341;0.35712;-0.73525;4.7449;-0.30837;-0.948;0.48674;-0.31342;-0.78804;-0.68759;-0.44412;0.31117;-0.5671;0.37127;0.14706;3.0602;-0.55831;1.576;1.316;1.1127;-1.0401;0.34477;-0.11318;0.28393;-0.21736;0.21768;0.14443;0.30646;0.041475;-0.21194;-0.096682;-0.094022;-0.12859;0.07372;0.19695;-0.41966;-0.28607;-0.3846;0.39678;0.16473;-0.31991;0.38856;0.46734;-0.42728;0.40212;-0.41119;0.38066;-0.084757;0.42886;-0.0052031;0.0040831;-0.21523;-0.14389;-0.083154;-0.44364;0.18179;-0.28605;0.30509;-0.33351;-0.060617;-0.45336;0.044625;0.2605;0.28157;-0.12699;0.24219;0.024776;-0.2158;-0.375;0.42236
14;-0.18126;-0.30151;-0.50883;-0.67997;0.18971;-0.92093;-0.77248;-0.88754;-0.14578;-0.76185;-0.18451;-1.0418;-0.30281;-0.19301;-0.69974;-0.35705;-0.73849;0.73057;0.075222;-0.17772;-0.54927;-0.74357;-1.1807;-0.36844;-0.74006;0.75053;-0.79685;-0.48198;-0.14364;0.51407;-0.53054;-0.97845;0.81476;-0.50718;0.57733;0.7417;-0.21144;0.3739;-0.1542;1.6848;-0.60829;0.14611;-0.2869;-0.083877;-0.46004;-0.69182;-0.0032248;-0.7628;0.24478;-0.017074;-0.20642;0.13486;-0.062073;0.075145;0.035307;0.50712;-0.43039;0.35736;-0.38688;0.20327;0.33082;-0.27905;0.001448;0.425;-0.33286;-0.24837;0.23328;0.28285;-0.26826;0.1022;-0.47408;0.29326;-0.31107;-0.27615;-0.36784;-0.18154;-0.43889;-0.22797;-0.47253;-0.21132;-0.17741;-0.027991;0.14047;-0.26467;-0.38539;0.18978;0.27977;-0.11238;0.20588;0.17057;-0.13946;0.47433;-0.042464;-0.22509;0.056043;-0.1247
15;-0.26844;-0.88659;-0.69643;-0.20301;0.84576;-0.35194;-0.096912;-0.51057;0.34329;-0.57708;-0.75937;0.7431;0.81374;-0.73745;-0.013971;-0.3438;-0.47937;0.089213;-0.84984;-0.11344;0.41205;1.1529;-0.98011;-0.50019;-0.47769;0.0065166;-0.78404;-0.45763;-0.68889;-0.37222;-0.47212;-0.52518;-0.91952;-0.71142;-0.17922;-0.82483;-0.087239;3.3772;1.6207;-0.35161;0.16761;1.5847;1.766;0.084076;-0.57488;-0.26162;0.9821;0.33344;-0.52481;-0.11349;-0.5017;0.14541;-0.4294;0.35971;-0.30641;-0.04769;0.49709;0.023453;-0.27939;0.18826;-0.052507;0.077351;0.19703;0.44646;-0.039445;-0.31535;-0.35733;-0.03626;0.15114;-0.45429;0.48054;0.39563;0.098939;0.45702;0.19928;-0.47445;0.37844;-0.31837;-0.093006;0.038938;0.19616;0.26049;0.018828;0.2069;0.099214;-0.0030579;-0.024836;0.015641;-0.32173;-0.035885;-0.45941;-0.42163;0.0086109;0.1218;0.43929;-0.44151
16;-0.69853;-0.29175;-0.6184;-0.7003;-0.88093;-0.1713;0.6372;-0.84097;0.63171;-0.78765;-0.88252;0.053252;-0.87147;-0.29929;-0.35156;-1.0845;-0.7621;-0.97532;0.80411;1.8227;-0.30493;-0.32658;-0.18395;-0.39298;-0.29734;1.1253;-0.20491;-0.23674;-0.34532;-0.78263;-0.75533;-0.889;-0.89133;1.4311;0.19866;3.3911;0.17672;-0.29094;-0.73439;-0.52013;0.4263;-0.86016;-0.67498;-0.083485;1.425;0.45966;0.19616;-0.8234;-0.47274;-0.019212;-0.29833;-0.11724;0.16822;0.33084;-0.089251;-0.070228;0.084529;0.35051;0.0033955;-0.52761;-0.1345;-0.46564;0.23026;-0.23002;-0.33399;0.50822;0.33742;-0.065726;-0.46064;0.12299;0.44993;0.079234;-0.22288;0.15003;0.40704;0.19053;-0.32282;0.49519;-0.50831;0.41023;0.18614;-0.32247;0.23376;-0.48126;-0.11863;-0.33326;0.37243;-0.33178;-0.38995;-0.35305;0.19186;-0.45778;-0.30517;0.42979;0.30741;-0.46416
17;0.11809;2.6117;0.23269;0.88956;-0.19526;0.94221;0.55903;-0.84575;-0.099776;0.41977;-0.49622;0.96547;-0.48802;-0.15356;-0.25397;-0.36042;-0.43973;-0.39036;0.64417;-0.23435;-0.27529;-0.058234;-0.65908;-0.56349;0.33179;0.98064;-0.76961;0.052894;-0.766;-0.82095;-0.70283;-0.76655;-0.71229;1.1286;-0.71923;-0.15824;-0.66603;0.13464;-0.85472;-0.51149;-0.56169;-0.76511;-0.4083;0.12578;-0.064184;0.76483;1.6581;1.7039;0.15369;0.18543;0.068963;-0.45556;-0.20383;0.0085086;-0.37907;0.42645;-0.20555;-0.1186;0.091187;0.39822;0.45265;-0.20853;-0.12126;-0.27219;-0.30824;-0.4076;0.27583;0.14031;0.38602;-0.24149;0.25737;-0.17485;0.37011;-0.35131;-0.43387;-0.057722;-0.035769;0.46051;0.21736;-0.27435;-0.36973;-0.12395;0.30863;-0.073581;0.30644;-0.25211;0.41764;-0.23668;-0.27982;-0.3175;-0.05785;0.27409;0.46921;0.19667;-0.31618;-0.37384
18;-0.66319;-0.32769;1.208;-0.3275;-0.81934;-0.21647;-0.62008;-0.93232;-0.32464;-0.51429;-0.45539;-0.74621;-0.73663;1.2327;1.2489;-0.32138;-0.43549;4.1789;0.9263;0.17442;-0.30815;-0.71838;-0.32761;0.91175;0.29162;0.37914;-0.2005;-0.28811;-0.28334;-0.73523;-0.74693;-0.56097;0.3187;-0.65939;-1.0012;-0.019651;-0.55333;-1.0762;1.2753;-0.57619;0.61872;0.095522;0.023237;-0.70151;-0.88846;-0.7273;-0.52617;0.24603;0.23533;-0.38297;-0.093642;-0.42893;0.08208;-0.23173;0.082681;-0.047856;0.47318;-0.43938;-0.15872;-0.26981;-0.15868;-0.2506;-0.027214;0.090615;-0.032563;0.47323;-0.40821;-0.02303;0.0061459;-0.054333;-0.40804;0.053646;-0.39015;-0.28686;-0.15611;0.4965;-0.14043;-0.14014;-0.17811;-0.32237;-0.13704;-0.14483;0.46066;0.057661;-0.39782;0.33979;0.25168;0.16756;0.083874;0.0035808;0.41836;-0.22329;-0.06655;0.11013;0.42965;0.16983
19;-0.026961;-0.21858;0.10301;-0.09038;0.25045;-0.051239;-0.17544;-0.83214;-0.57899;-0.42515;-0.27842;-0.47408;1.6273;-0.15628;-0.76355;0.48033;-0.34804;-1.1094;-0.78828;-0.73627;-0.37307;3.3612;-0.68885;-0.16043;-0.26788;-0.78482;-0.48787;-0.6725;-0.64303;-0.74908;-0.80051;-0.92307;-0.62269;0.16892;0.018485;0.83588;0.29533;-0.57099;0.52594;-0.75319;-0.68837;0.6345;-0.60866;-0.88477;-0.79724;-0.6925;0.89009;-0.9067;0.4253;-0.025132;0.25957;-0.23619;-0.22325;-0.53837;0.2448;0.45794;0.21823;-0.22586;0.065188;-0.22763;0.37702;-0.041378;0.42739;-0.26571;-0.36432;-0.096142;-0.044808;0.1114;0.24639;-0.48928;-0.326;0.46163;-0.019305;0.45755;-0.47416;-0.2323;0.20539;-0.038668;0.39045;-0.017979;-0.073921;0.2183;-0.26069;0.062004;0.46504;0.097355;-0.24536;0.40245;0.080153;0.13849;0.043729;-0.0035516;-0.093935;-0.24866;0.0016933;-0.083466
20;-0.031111;-0.23652;1.7398;-0.018763;-0.57718;-0.75679;-0.12584;0.62918;-1.0241;2.316;2.4186;0.22699;-0.10859;1.1713;-0.63508;0.23551;-0.86636;0.21324;1.5333;-0.73896;0.7692;1.2566;-0.91981;-0.24634;-0.09076;1.8752;0.71591;-0.045115;-0.39092;-0.086153;-0.073766;2.0355;-0.99275;4.0257;-0.77705;0.088222;1.466;0.41016;0.61615;-0.52806;0.30429;-0.16244;-0.59061;1.3494;-0.89824;1.2552;4.7598;-0.85838;-0.0048347;0.14025;-0.45907;-0.26042;0.45688;0.35558;-0.36321;0.072045;0.18603;-0.29615;0.016144;0.26067;-0.089151;0.49431;0.4632;-0.16435;-0.38224;0.027969;0.35005;0.41432;0.084274;-0.09561;-0.41921;0.10496;0.27637;0.37146;0.088252;0.18117;0.52831;0.37182;-0.32283;-0.11485;-0.22366;0.28037;0.34327;0.364;-0.38654;0.059149;-0.3782;0.35865;0.46135;-0.14394;0.19627;-0.28791;0.057132;-0.13875;-0.062672;0.44126
21;-0.52163;-0.84571;1.3494;-0.52319;-0.64794;-0.47983;4.1336;0.44162;-0.99282;-0.62195;0.42145;-0.82803;-0.71343;-0.66822;0.33977;4.4035;0.10337;-1.0131;-0.5359;-0.72477;-0.4293;-0.19309;1.7171;0.12242;-0.31812;-0.69188;0.91435;3.0166;-0.49965;-0.37231;-0.46117;-0.82596;0.80719;1.0684;1.9186;-0.70689;1.5484;0.2096;-0.66772;0.41693;-0.64255;0.12691;-0.73898;0.10882;-0.85117;-0.37662;-1.0717;1.5261;-0.2359;0.064349;-0.38001;0.36852;-0.30989;-0.16854;-0.043711;-0.29487;-0.39257;0.063896;-0.26574;0.10747;-0.45706;-0.45392;0.4097;-0.15929;-0.30135;-0.16245;0.025372;-0.11356;-0.43616;0.48376;-0.028127;-0.35024;-0.24027;0.018661;0.26302;0.35131;0.32674;-0.18699;0.16595;-0.41847;0.28077;-0.2008;-0.060025;0.14624;-0.10494;-0.28525;0.41145;0.029769;-0.25928;-0.0066062;0.105;0.068255;0.34236;-0.25644;-0.17926;0.30475
22;-0.26725;0.093399;-0.24511;-0.50573;-0.66997;0.084282;-0.49615;-0.63399;-0.90189;0.32068;-0.4207;-0.99323;-0.77443;-0.71019;1.6861;0.14476;1.7009;0.52425;0.55698;-0.21041;-0.61417;-0.064335;-0.20188;-0.35565;0.0022413;0.48556;0.14312;0.16157;2.4723;-0.93095;-0.53512;1.1937;2.3997;-0.17173;0.41906;-0.21503;-0.56348;0.061261;-0.038682;1.9496;1.8456;-0.74767;-0.47507;-0.092388;-0.73398;2.1395;0.012108;-0.53794;0.4301;0.30353;-0.5161;0.32419;0.095046;0.01428;0.16989;-0.37663;-0.25721;0.3518;-0.4232;0.35792;-0.43872;0.098675;0.12158;-0.35606;0.13147;-0.34696;0.057083;-0.27256;0.23385;0.018136;0.091619;0.20717;0.33817;0.087698;-0.33993;-0.2272;-0.11139;-0.21015;0.3277;0.33432;-0.24111;0.50106;-0.28208;0.39267;0.39336;-0.11735;-0.4587;-0.2241;-0.048168;-0.33152;0.054193;0.12951;-0.33617;0.51742;0.48928;0.10263
23;2.7332;1.9985;0.71915;-0.72337;1.1138;-0.20919;-0.78056;-0.90332;-0.99422;0.34762;0.49637;0.80631;2.2082;0.39453;-0.10775;2.4257;-0.39952;-1.1438;-1.0954;-0.22236;-0.15638;0.019795;0.84756;1.2166;-0.65988;0.44607;-0.36196;1.6292;0.71073;-0.90445;-0.84306;-0.91521;-0.8419;-0.8829;2.5426;-0.68145;-0.12484;0.81845;-0.31063;-0.54674;-0.89852;-0.27907;-0.63395;-0.5298;0.17761;1.5392;0.030814;-0.49454;-0.21802;0.21296;-0.0071718;0.24989;0.28032;0.060605;-0.15047;-0.3839;-0.33247;0.14678;-0.11295;-0.15439;0.17218;-0.020441;0.043688;-0.0084571;-0.059671;0.39537;0.037175;0.12193;-0.070853;-0.45551;0.064986;-0.1419;-0.15927;0.40276;-0.052027;0.35503;-0.11978;0.20788;-0.26074;-0.11667;0.13956;0.13591;-0.46536;0.2677;-0.23714;-0.27032;-0.20734;-0.10078;-0.05389;-0.16396;0.22815;0.41121;0.19095;0.020739;-0.011702;0.36138
24;0.65957;-0.71528;-0.37948;-0.25935;-0.25024;0.62568;-0.24032;-0.079398;-1.0022;-0.79658;0.56347;0.49669;-0.089047;0.42245;0.29112;1.2861;-0.78998;-0.77235;-0.18134;-0.2244;-0.11485;-0.39954;-0.55555;-0.48868;1.1516;-0.74248;-0.068767;0.037912;-0.87406;0.15368;-0.56142;3.7541;-0.24229;-0.19437;-0.53399;-0.83473;-0.44862;-0.05396;-0.052463;-0.63397;-0.38366;0.34718;-0.13983;0.31966;-0.69435;-0.51322;0.81277;-0.019994;0.28777;-0.42028;0.38532;0.41313;-0.043468;0.28411;0.35009;0.37454;-0.39162;-0.36162;-0.13868;-0.25064;0.32823;-0.093679;-0.083525;-0.40434;-0.044655;-0.30423;-0.23805;-0.20433;-0.25749;-0.18509;0.34312;-0.26151;0.2606;0.3313;-0.16705;-0.040331;-0.42544;-0.14897;0.36688;0.080112;-0.011221;0.11507;0.31373;0.36384;-0.23784;0.031907;-0.52058;-0.058217;0.47971;0.42141;-0.012723;0.20908;0.081813;-0.11684;0.52132;0.40544
25;0.88662;0.52404;-0.82205;-0.27566;1.3126;0.58457;0.77241;-0.54919;-0.68119;0.07268;-0.97792;-1.1656;-0.29719;0.41604;-0.64331;0.3299;2.8788;0.12843;0.20931;-0.48478;0.051809;0.82296;2.3531;-0.41512;-0.25952;0.69888;0.52764;0.136;1.6072;-0.88394;1.057;0.204;0.73235;2.1895;-0.92613;-0.79116;1.0463;-0.11249;-0.11159;0.92238;-0.23475;-0.023132;1.678;-0.78062;-0.70038;-0.75644;-0.54808;-0.67963;-0.5442;-0.076992;0.13643;0.12021;-0.24684;-0.50296;0.33741;0.15806;-0.37102;-0.28422;-0.37941;0.16326;-0.15765;0.33896;0.20526;-0.21891;-0.17223;-0.42588;0.01721;0.080136;0.18105;-0.014207;0.18948;-0.13871;-0.15762;0.27014;-0.11601;0.31973;0.35985;-0.3395;0.42769;-0.10381;-0.1213;0.17465;0.51764;0.068726;0.15638;-0.10764;0.21642;0.32416;-0.27501;0.42484;-0.13493;0.22931;-0.39072;-0.080408;0.27255;-0.44516
26;0.47399;-0.63201;-0.025153;-0.75189;-0.81577;-0.72778;-0.96015;0.38629;-0.60712;-0.15036;-0.95144;2.6653;-0.18139;0.62559;0.022019;0.83977;-0.25161;-1.0304;0.31943;1.0713;-0.18397;-0.077496;4.4198;-0.5172;-0.62874;1.1049;-0.72396;-0.62844;-0.67813;-0.96884;-0.090284;0.25932;-0.49036;1.3088;0.23004;-0.52104;-0.59314;-1.0808;-0.71176;0.53792;0.4228;0.7613;0.16595;0.60589;1.6104;0.37286;-0.0068985;1.0975;0.38332;-0.040236;-0.38232;0.42077;-0.35077;-0.14231;-0.034992;-0.17314;-0.15554;-0.16184;-0.036559;0.45084;0.090592;-0.20892;0.095764;0.016396;-0.43936;0.14489;0.19151;0.010725;-0.020492;-0.05384;0.23333;0.2006;0.26254;0.018347;0.34287;0.44621;-0.24427;0.30942;0.084604;-0.4169;-0.14802;-0.13882;-0.17942;0.41748;0.26276;-0.33372;-0.4659;0.22379;0.33775;-0.1718;-0.27887;0.30531;-0.36132;-0.41686;-0.13671;-0.39678
27;0.44041;-0.69467;-0.71366;-0.00047689;0.4938;1.1263;-1.0248;-0.72548;0.13344;-0.90413;0.13153;0.3728;-0.12886;0.52258;-0.706;-0.68433;-0.20076;-0.5741;-0.95006;-0.6678;-0.41827;-0.62879;-0.86893;-0.37699;0.72656;-0.81875;0.19008;-0.32833;-0.30269;-0.53173;-0.60009;-0.87083;-0.56698;1.717;-0.8602;-0.05694;1.6417;0.22627;-0.45361;1.5793;-0.67805;-0.84724;-0.81276;1.0471;-0.44764;-0.66048;0.20778;-0.10389;0.41957;0.02663;0.062075;0.12488;-0.35139;0.18006;0.094048;0.53403;0.013962;-0.29525;-0.44479;0.056254;0.4501;0.42761;-0.41066;-0.0506;0.34867;0.046604;0.47154;-0.40406;0.055753;0.36831;-0.071647;0.39733;0.36075;-0.25248;0.14575;-0.24817;0.40264;-0.24152;-0.47162;-0.25605;0.040933;-0.27957;0.2103;-0.22176;0.43052;-0.26336;0.31451;-0.38647;-0.30659;0.36176;0.23473;-0.19626;-0.43403;-0.26743;0.060085;-0.25255
28;-0.31557;0.11068;0.62513;1.8683;-0.80915;-0.87337;-0.63131;0.046293;0.73864;0.20167;-0.62226;-0.75414;-0.44062;-0.32951;-0.21951;-1.0986;0.21638;0.072227;-0.43206;0.55152;0.027526;1.1727;0.6053;2.5823;0.41616;-0.5239;-0.02881;0.34228;-0.39563;0.79396;-0.66105;0.64425;-0.19625;0.49409;-0.77012;-0.063795;-0.37648;-0.21319;-0.80458;-0.92485;0.31748;-0.86655;-0.55211;-0.3398;-0.25502;-0.84888;-0.65632;0.11955;0.24812;-0.27941;0.073079;-0.52194;-0.10611;-0.38874;0.36966;0.21417;0.054686;0.46305;0.18681;-0.41117;0.28438;0.30522;-0.19002;-0.44398;0.27114;-0.22387;-0.20778;-0.15195;0.056791;-0.38457;-0.0053873;-0.020305;0.14943;0.29551;0.026538;-0.034747;0.3494;0.52706;0.13911;0.20991;0.45972;0.53672;-0.42456;-0.19448;-0.19229;-0.0050254;0.33773;-0.3141;-0.081012;0.18953;-0.43065;-0.16438;0.4442;0.30849;-0.28876;0.29805
29;2.6199;-0.78646;-0.68027;-0.54171;-0.07145;-0.34177;-1.0215;0.17187;7.821;-0.55759;-0.6808;-0.55863;0.18398;-0.78065;0.13166;-0.37819;-0.39433;-0.52699;1.0351;-0.42798;-0.3627;-0.77307;-0.35227;-0.55029;2.137;0.59077;-0.4243;0.42834;0.13269;-0.10173;0.43337;-0.39137;2.1102;-0.72933;-0.93435;-0.31899;-0.68178;-0.58445;-0.41444;-0.90392;-0.86482;-0.32159;0.88728;-0.13221;-0.61134;0.038491;0.16128;0.17438;0.029347;0.023482;-0.12198;-0.17742;-0.040729;-0.33124;-0.22083;-0.043292;0.36959;-0.45201;-0.14607;0.31849;-0.11809;0.46386;0.16837;0.4938;-0.19586;0.3802;0.33059;0.20637;0.12713;-0.15297;-0.18426;-0.41881;0.20551;0.24885;-0.1013;-0.33768;-0.13198;-0.38213;0.10638;-0.12567;-0.44615;-0.18197;0.18593;-0.24921;-0.40741;0.22186;0.32633;0.069822;0.042086;-0.48195;-0.47011;-0.0055435;-0.1939;0.19763;-0.19682;0.12626
30;0.28657;1.7391;-0.22669;0.8614;5.3792;-0.45501;0.33435;-0.3977;1.1545;-0.3363;0.043829;1.4003;1.1117;-0.85514;-0.43719;-0.78208;-0.81701;-0.60786;-0.5621;-0.55057;-0.088228;0.40694;0.24245;-0.81122;0.22151;-0.69668;-0.76996;-0.83229;-0.752;-0.52515;-0.69595;-0.21667;-0.93853;-0.38215;0.95257;0.053352;0.33537;-0.67899;1.5537;1.3725;0.0093413;-0.87421;1.0309;-0.32847;-0.67394;-0.60683;1.103;-0.7745;-0.17097;0.12247;0.20319;0.26609;-0.10861;0.24489;-0.38951;0.1585;0.3504;-0.037204;0.48091;-0.44429;0.37357;0.046881;0.28444;0.31821;0.43046;-0.22168;-0.28822;0.11649;-0.022045;0.45573;0.14686;0.095273;0.025733;-0.40086;-0.0097084;0.35624;-0.14064;0.41623;0.47293;0.36579;0.49358;-0.23502;-0.36261;0.31909;0.099726;-0.46214;0.34589;-0.0078493;-0.0094877;-0.46483;0.079049;-0.38028;-0.3337;-0.062754;0.19758;0.12866
31;-0.73188;-0.52498;0.82244;-0.51549;0.563;1.8629;-0.9117;-0.37014;-0.32949;2.2549;-0.098267;-0.42157;-0.5551;-0.84371;2.9088;0.1896;-0.11315;2.8081;3.0759;1.3827;-0.40621;-0.72053;0.38339;-0.85577;-0.53259;-0.10179;2.5515;0.38598;-0.66148;-0.19191;-0.60927;-0.8327;-0.91873;0.36736;3.2102;-0.88397;-0.58178;-0.53661;-0.37832;1.4316;0.63756;-0.43622;0.11956;-0.47441;0.20204;0.09922;0.68899;0.082568;-0.15596;0.3162;0.1929;-0.29224;-0.12175;0.25829;-0.45936;0.21198;0.14634;-0.35563;0.05304;-0.072735;-0.036929;0.20015;0.046197;-0.29757;-0.4174;0.35419;-0.1537;0.33974;0.067652;0.32544;0.43355;0.47673;-0.31746;0.40635;0.27455;-0.23046;-0.23572;-0.069219;-0.4403;-0.38558;0.036628;-0.37143;0.51103;-0.15731;0.47894;-0.11589;0.056141;-0.35111;-0.15794;-0.063044;0.42799;0.45886;-0.33116;-0.092637;-0.0037579;-0.011295
32;-0.66434;-0.73817;-0.8827;-0.45325;0.48259;0.19275;0.27525;-0.29938;0.13922;-0.77471;-1.0519;-0.60571;-0.45975;0.53152;0.5147;-1.0539;-0.90223;0.72994;-0.56192;-0.24161;-0.63627;-0.53796;-1.0821;1.4538;-0.60533;-0.86239;2.1756;0.53393;-0.47156;-0.19014;-0.41264;-0.13;1.0082;-0.30437;-0.52905;-0.8452;-0.61323;-0.13486;-0.20078;-0.5256;-0.84759;-0.72306;0.92901;2.0828;-0.28724;-0.27612;0.52166;-0.52865;-0.0112;0.097117;-0.40477;-0.073508;-0.44367;0.19084;-0.45654;0.31707;-0.11932;-0.44696;0.53539;0.29834;-0.0794;0.33317;-0.4635;0.0047627;-0.15008;0.20726;0.28863;-0.045667;-0.19976;0.44118;-0.48247;0.088717;-0.39607;-0.40092;-0.18389;0.35867;-0.0094717;0.26604;0.16549;0.3941;-0.21409;0.0098822;-0.31012;-0.35071;0.40287;-0.30631;0.36017;-0.37991;0.3744;0.3514;0.34399;-0.21147;-0.2085;-0.13231;-0.24038;0.17609
33;-0.71717;-0.86538;0.84418;-0.82504;-0.65261;-0.56013;0.40762;-0.69043;-0.92599;-0.72871;-0.65439;5.0308;2.0707;-0.44036;0.29986;1.4262;-0.68853;-0.59208;0.38902;-0.16934;-0.54675;0.29957;1.9655;1.7264;-0.14314;-0.62357;0.20896;-0.39887;-0.55654;-0.91403;1.0484;0.48018;-0.26966;-0.20349;0.73874;-0.24951;-0.55444;0.62476;0.64304;0.26665;-0.30129;-0.43685;0.93074;0.17417;0.81617;-0.41556;-0.71961;0.22893;-0.082291;-0.2729;0.3482;-0.39484;0.32152;0.31117;0.36801;-0.37392;-0.090537;0.14689;0.30637;-0.047755;0.24543;0.43547;-0.40859;-0.27525;-0.11544;0.32606;-0.18676;0.43925;0.34522;0.4414;-0.25527;0.087941;0.28858;0.20144;0.13809;0.1324;0.28854;0.22248;-0.23616;0.19242;0.36091;0.10785;-0.42398;0.40149;0.51816;0.24345;0.32436;0.010486;0.26078;-0.21022;0.29313;0.27866;0.40798;0.034128;-0.088955;-0.50504
34;2.285;-0.31492;-0.30037;-0.49447;-0.46372;0.36152;-0.97939;-0.749;-0.87293;0.29728;-0.39049;0.93589;0.28309;-0.60118;1.3877;-0.59113;-0.74824;-0.60064;-0.88895;-0.91549;1.8699;-0.34152;0.88974;-0.037501;-0.48747;0.18835;-0.0021043;-0.13837;0.49673;0.031418;0.32852;0.025438;-0.64102;-0.66037;-0.51088;-0.12295;-0.74002;-0.64153;0.13398;-0.77003;2.0187;0.41958;0.16353;-0.89213;1.2448;-0.1458;1.3106;-0.6381;0.40817;-0.076871;-0.32623;-0.37475;0.39192;0.19245;0.25171;0.26723;-0.40353;0.076236;0.42433;0.26887;-0.026539;-0.38985;0.27656;0.28373;0.28617;0.33511;0.15798;0.051965;0.04146;-0.31961;0.3939;-0.39147;0.060029;0.28838;0.24879;-0.50097;-0.43142;0.38991;0.15712;-0.022759;0.24055;-0.22681;-0.16639;0.26459;0.012858;0.12512;0.33853;0.00051521;0.37704;-0.11313;-0.43706;-0.46526;-0.19961;-0.32232;-0.14098;0.21368
35;-0.72303;0.23202;-0.88011;-0.81059;-0.55036;0.61967;-0.10437;-0.37331;-0.14627;-0.83316;0.27566;-0.46951;-0.22627;-0.50832;-0.50973;-0.25468;-0.50153;-0.31425;0.24321;-0.70038;-0.4575;-0.19315;-0.90115;0.95764;0.31755;-0.11733;-0.81335;-0.75393;3.7474;-0.47871;-0.71296;-0.80693;-0.80511;-0.89872;-0.59379;-0.86742;-0.33236;0.68549;1.6438;-0.85619;-0.01706;-0.88553;-0.89498;-0.97177;-0.76481;0.35649;-1.0421;1.7779;-0.026658;0.32077;0.018664;0.45135;0.19739;0.015562;0.40529;0.13068;0.45615;-0.42532;0.4566;0.45016;0.31859;-0.42893;0.018577;0.28502;-0.13254;-0.013803;-0.046852;-0.43221;-0.47537;0.22952;-0.03514;-0.079197;0.20198;0.11073;-0.48225;0.28644;0.31689;-0.342;-0.01208;0.35558;-0.3264;-0.21628;0.031155;-0.10426;-0.071948;0.086422;-0.23278;0.22745;-0.043143;0.24847;0.013937;-0.41704;0.36217;-0.29268;-0.14818;-0.48798
36;-0.28121;-0.56182;0.031327;-0.18176;-0.31436;0.078245;-0.99881;0.097635;-0.55207;-0.89984;-0.89421;1.381;-0.81709;-0.8897;0.34082;-1.0631;-0.47058;-0.3742;1.0198;3.2682;-0.60646;-0.46111;-1.1317;0.95733;-0.69812;-0.67152;-0.64007;0.14173;1.8356;-0.97582;3.9774;1.4716;-0.013234;-0.64014;-0.61674;-0.37792;-0.43298;-0.80345;-0.21585;-0.77432;-0.84264;-0.85031;-0.13954;1.3033;-0.70721;-0.10951;2.5772;0.27925;0.20242;-0.19583;-0.00092815;0.3668;-0.40432;-0.15702;0.39139;0.43297;0.12806;0.19148;-0.14908;-0.37527;0.28724;-0.10176;-0.26945;-0.36918;-0.031319;-0.13094;-0.34586;-0.42723;0.44046;0.45267;0.48469;-0.17377;-0.17121;-0.25156;-0.26558;0.11527;-0.3954;0.067437;0.38532;0.21303;-0.41013;0.0017327;0.30003;-0.15294;-0.30005;-0.010053;-0.21569;-0.26777;-0.34356;-0.09199;-0.45462;-0.20688;0.47551;0.32573;0.20539;0.024306
37;-0.47692;0.28214;-0.28571;-0.61059;0.4849;-0.73643;-0.66657;5.8713;0.32148;-0.43456;0.027971;-0.91022;-0.58598;-0.23465;-0.37815;1.193;-0.19308;0.94612;0.54143;-0.87038;0.93045;-0.3237;-0.7282;-0.19914;0.35246;-0.36535;0.01472;-0.53778;-0.72521;-0.78236;-0.26465;0.067268;-0.58231;0.23546;-0.93901;-0.62456;-0.16796;0.61747;0.47615;-0.78889;-0.57841;0.16669;1.1515;1.1768;1.0083;0.19683;-0.62359;-0.43112;-0.37857;0.14118;0.17083;-0.43496;0.21944;-0.38219;0.045097;0.17184;0.28008;0.45018;-0.15529;0.023002;0.2009;0.057927;0.31198;-0.041784;0.33794;0.11855;-0.19495;-0.39217;-0.029494;-0.064811;0.24599;0.47392;0.1296;0.33801;0.3691;-0.3691;-0.13418;-0.27594;0.0032431;-0.34964;-0.47225;-0.40866;0.20301;0.40905;0.19822;-0.17457;-0.17725;-0.36807;-0.39312;-0.26898;-0.27333;0.0097349;0.46178;-0.31307;-0.24646;0.030258
38;-0.60497;1.4842;-0.81739;-0.13433;-0.45871;-1.0018;1.5246;-0.90326;-0.75312;2.2493;-0.75779;-0.76536;0.035527;-0.72247;-0.54859;-0.56054;-0.072825;-0.1436;0.15347;1.0085;0.11623;-0.27305;-0.49824;0.99792;-0.85273;0.30189;-0.65112;-0.30252;0.83712;0.96858;0.20034;-0.60521;-0.11514;-0.86463;-0.30897;3.4799;-0.66146;-0.89035;0.41764;0.28949;-0.51174;-0.40399;-0.62859;0.23513;-0.1031;0.24926;-0.78776;1.3207;-0.12881;0.086578;0.41994;-0.0064141;-0.44172;0.31495;-0.35011;-0.43528;-0.37228;0.33093;0.3542;0.43724;-0.40889;-0.24918;-0.31583;0.43049;0.096843;-0.036952;0.44724;-0.029152;-0.34222;0.25213;0.31562;0.47215;-0.15693;-0.13744;0.43334;0.37704;0.057573;-0.22492;-0.29561;0.23643;0.0026332;0.47553;-0.26088;0.27611;-0.0020774;0.3177;0.078009;0.083224;0.020085;0.26108;-0.46104;0.2091;0.46718;0.24699;-0.38784;-0.16832
39;0.1322;-0.55701;-0.63254;-0.80911;-0.61504;-0.33432;-1.0089;2.1638;2.4927;2.1301;-0.62022;1.0039;-0.62514;-0.033595;0.84629;-0.67324;-0.4426;-0.4775;-1.0182;-0.66546;0.56959;-0.69337;-1.0491;-0.74978;-0.2999;-0.31402;-0.46458;-0.51149;-0.86747;1.1874;-0.13503;-0.42577;1.308;-0.60071;1.7909;0.38487;0.0269;0.44741;-0.77597;-0.80549;-0.81118;-0.50897;0.23016;-0.043831;-0.68166;-0.24814;0.33943;-0.44213;0.27101;-0.41;0.29314;0.23086;0.31878;-0.19159;0.1052;-0.31099;-0.14406;-0.015586;0.48279;0.20873;-0.43665;-0.13961;-0.35541;0.50671;0.016783;0.0065796;-0.3185;-0.15636;-0.15052;0.2264;-0.24639;0.41859;0.35956;0.0097578;-0.4184;0.20627;-0.10205;0.10957;-0.077866;-0.31331;-0.26513;-0.057239;-0.41624;-0.27357;0.074498;0.28456;0.41265;0.5024;-0.081013;0.31173;0.087266;-0.10626;-0.31599;0.5536;-0.20863;-0.15611
40;-0.29249;-0.56158;-0.062957;1.7785;-0.75038;-0.25066;-0.65958;-0.90997;-0.27287;-0.20083;-0.45481;0.817;-0.26485;-0.22882;-0.64875;0.59936;2.0998;-0.19697;0.10784;0.039043;-0.47999;-0.50209;0.57338;0.73916;-0.72831;0.19696;-0.34174;-0.019363;0.57403;1.3676;-0.047685;-0.63587;0.044654;-0.4307;-0.55035;0.14496;-0.37832;-0.3697;-0.81589;-0.22005;1.1261;-0.14757;-0.35663;1.8604;-0.48379;-0.027595;-0.34074;0.1153;-0.13797;0.0085503;0.087258;-0.31582;0.38964;0.29921;-0.15799;-0.41126;0.37006;0.093467;-0.013044;-0.15279;0.2301;-0.09552;0.102;0.011826;-0.42505;0.45669;-0.32186;0.17453;-0.087468;0.43673;0.24664;0.079865;-0.036644;-0.14244;0.13806;-0.421;0.17944;-0.075423;0.33033;-0.33414;-0.19393;-0.022256;0.36021;0.083217;-0.10485;-0.076477;0.17526;-0.022812;-0.16246;-0.26388;0.29828;0.49632;0.16266;-0.29671;-0.33864;-0.34241
41;0.41424;-0.21831;0.47962;-0.73362;-0.14355;1.4292;-0.37262;0.77825;-0.34998;-0.11933;-1.0168;0.1298;-0.051934;-0.58043;0.2006;-1.0393;-0.76446;-0.84727;-1.0945;-0.17094;-0.4741;-0.711;1.1246;-0.45887;-0.39533;0.0053045;0.25296;-0.72731;-0.13858;-0.0005746;-0.85146;-0.70032;-0.90945;-0.50701;-0.017836;0.4618;-0.22061;-0.84932;-0.62605;-0.56378;0.20347;1.5955;0.82622;-0.3519;-0.68125;0.041897;0.28707;0.065834;0.32163;0.18822;0.17038;-0.24291;-0.32247;0.17542;0.31175;-0.017814;0.062802;-0.011352;-0.16071;0.10276;-0.4657;-0.35019;-0.3494;0.4172;0.35303;0.078077;0.26587;-0.33429;0.39615;0.30728;0.17976;-0.24802;0.12184;-0.070735;-0.51311;0.45904;0.25576;-0.34073;-0.074227;-0.39401;-0.34618;0.18107;0.11702;-0.44307;0.38404;0.18821;-0.49065;-0.0032343;-0.27374;0.035148;-0.028742;-0.30806;-0.19017;-0.075615;0.26605;-0.21614
42;-0.052411;1.0742;1.0876;-0.5742;0.79679;-0.91705;0.75809;-0.36598;-0.83071;-0.78576;-0.90778;1.8774;-0.73693;1.0684;-0.20079;-0.93242;0.76972;-0.27777;-0.40208;-0.2434;-0.10415;1.3931;-0.52617;-0.29379;4.7361;1.0061;-0.74845;-0.3042;-0.80302;0.30283;-0.18629;-0.48405;-0.89699;-0.59627;-0.65631;0.80077;0.24469;-0.84984;-0.12249;-0.9257;-0.45529;0.75211;-0.45058;1.174;-0.45118;-0.19699;-0.81815;0.016574;0.060892;0.46121;-0.45549;0.38577;-0.40006;-0.0049996;0.3055;0.0094329;0.23284;-0.14953;-0.15949;0.053458;0.359;-0.18998;-0.28819;-0.39339;0.43658;-0.43209;-0.36572;-0.24405;-0.43913;-0.39138;0.36125;0.22855;-0.13555;0.31566;0.19098;0.22858;-0.42348;0.078906;0.4257;-0.19784;0.32802;-0.26311;-0.21137;0.4278;-0.084967;-0.033546;0.2801;0.28582;-0.32696;0.028432;0.18789;-0.12148;-0.4953;0.021616;0.01036;-0.3534
43;-0.72586;-0.3259;1.0512;-0.72332;0.053295;-0.67841;0.55054;0.11956;0.25425;-0.78086;-0.7455;-0.82951;-0.86952;-0.45057;-0.27023;-0.8952;-0.13394;-0.81326;0.714;-0.3039;-0.41254;-0.5778;-0.60176;0.27669;-0.77752;-0.81299;-0.67225;-0.38914;-0.67468;-0.19081;-0.28377;-0.97271;-0.7065;-0.87634;0.4839;-0.64479;-0.29496;-0.93639;-0.68635;-0.34721;1.6602;-0.37576;-0.19962;-0.26152;1.2156;0.12943;0.62899;-0.5171;-0.46722;0.034421;0.38536;-0.53015;-0.47544;0.11349;0.33361;-0.29496;-0.035632;0.22688;0.25564;0.024047;-0.25583;0.34967;0.38743;-0.20918;-0.24989;0.31022;0.39844;0.3959;0.21893;0.1336;-0.48133;0.38126;0.48125;0.16294;-0.14928;-0.17955;-0.31121;0.35584;-0.10126;0.27381;0.16517;0.35678;0.18477;-0.074053;-0.096082;-0.12588;-0.4777;-0.35926;0.4742;-0.15295;0.078963;0.088473;-0.13725;-0.1707;-0.0071711;0.44319
44;-0.22984;1.0692;-0.87145;-0.75256;1.2673;1.0728;1.7342;-0.30383;-0.6406;0.50322;1.1937;1.48;-0.50385;-0.0047381;-0.39792;0.58914;-0.18545;0.96234;0.16374;2.4396;0.13038;-0.66436;-0.12916;-0.78237;1.0904;-0.30158;0.24636;-0.71518;0.23076;-0.17435;2.3885;-0.28345;-0.33725;-0.79915;-0.24661;-0.75963;-0.71894;0.38473;-0.52829;-0.29233;0.065473;-0.040777;0.084795;-0.86928;-0.76691;-0.78352;1.415;0.28098;-0.37137;-0.21703;-0.26444;0.029204;-0.25262;0.29984;-0.45573;0.32213;-0.13782;0.042943;-0.18781;-0.24199;0.024314;0.1375;-0.35053;-0.37849;-0.43953;0.18027;-0.37681;0.4314;0.14767;0.42698;0.067146;-0.45399;0.4337;0.39117;0.39051;-0.45836;0.038911;-0.36982;0.35341;0.17984;-0.42283;0.33176;-0.38442;-0.19557;0.43219;0.10452;-0.50094;0.083376;-0.0301;0.042829;0.16628;0.3491;0.19469;-0.19725;-0.41935;-0.065341
45;-0.33532;-0.75635;0.52081;4.0457;-0.98392;0.72684;1.4651;-0.79238;-0.94643;-0.35051;0.39067;-1.0754;-0.6343;0.53928;-0.41796;0.54286;-0.32741;-0.39123;2.2143;-0.1377;-0.62603;-0.52625;1.3015;0.92163;-0.37243;-0.57208;-0.72791;-0.19275;-0.24213;-0.92272;-0.40891;0.83445;-0.32869;0.1499;0.36262;-0.84518;1.4614;-0.13703;0.72289;0.89757;0.64985;-0.76532;-0.57584;-0.74327;0.080361;-0.79169;0.0032813;-0.46222;0.39223;0.087144;-0.55949;0.15681;0.29764;-0.025492;0.029122;-0.29027;0.030797;-0.12047;-0.17332;0.038808;0.45344;0.41559;-0.40242;0.084608;0.40312;0.45693;0.20366;-0.44138;0.42566;-0.28402;0.21914;-0.49759;0.10578;-0.43584;-0.48567;-0.166;-0.4203;-0.266;0.1545;-0.44729;0.26625;0.44153;0.37629;-0.31377;-0.088001;0.39619;0.36756;0.42717;-0.0088615;-0.25289;0.33623;0.3909;0.43803;-0.13939;-0.12385;0.30497
46;0.51005;-0.30619;-0.10147;-0.843;1.1139;-0.62085;-0.65279;-0.67813;-1.0063;-0.75605;0.46683;0.45936;-0.59609;0.78241;-0.37242;-0.93788;-0.57507;-0.30054;0.56746;-0.1987;1.2668;-0.74243;-0.88889;0.3824;-0.8171;1.355;-0.24637;2.1353;-0.54619;-0.85853;-0.14107;-0.5143;-0.64091;-0.47186;-0.3917;-0.69867;-0.56437;0.19496;-0.42624;-0.56698;-0.030713;-0.74275;-0.56657;0.2283;-0.40881;-0.33825;-0.95287;0.012018;0.01795;-0.07683;0.32069;-0.31491;0.43548;0.36183;0.44764;-0.35262;0.34642;-0.2363;-0.24017;-0.082452;0.42758;0.10345;0.44547;-0.10243;0.19756;-0.35406;0.46484;-0.070622;-0.41166;0.40648;-0.39713;-0.49238;0.23196;-0.41611;0.025836;-0.43488;-0.38896;-0.051028;-0.16669;-0.25757;0.50059;0.35978;0.10239;0.048191;0.39267;0.39213;-0.1381;0.18185;-0.037291;0.1129;0.1559;0.49673;0.00083078;0.27933;0.21451;0.34875
47;-0.34964;0.87045;-0.21215;-0.77108;0.26409;-0.59093;2.011;-0.80307;-0.83139;0.5143;-0.12206;0.44547;0.86928;-0.18873;-0.47343;0.61684;0.95522;1.953;0.60446;-0.38847;-0.36435;-0.42291;-1.0997;-0.7793;1.2949;-0.86346;1.1155;0.25165;-0.36437;-0.51767;1.2103;-0.87962;1.7513;-0.089525;-0.79994;-0.82658;2.3473;-0.89582;-0.35446;0.043071;-0.67616;1.2825;-0.50129;-0.77057;-0.75746;1.2879;-0.90005;-0.25253;-0.071862;0.048413;0.38112;0.38983;0.21837;0.35861;0.41014;0.067194;0.1455;-0.27561;-0.07513;0.33192;-0.022054;0.1674;-0.033568;-0.31037;-0.22213;0.31446;-0.38662;0.33519;-0.3581;-0.44828;0.073056;-0.25279;-0.39065;-0.025978;-0.16825;-0.31546;-0.42475;-0.31849;0.15488;0.2668;-0.12725;0.05033;0.062853;0.068999;0.30151;0.064834;-0.27318;0.13272;-0.16724;0.31374;0.096064;-0.28817;0.16599;0.014318;0.0096293;0.1742
48;0.091799;-0.60015;-0.44422;0.035957;-0.48422;-0.22036;-0.96389;0.52922;-0.97433;-0.75041;-0.090912;-0.5301;-0.0028977;-0.12085;1.0037;-0.91997;-0.088227;-0.7353;-0.78509;-0.74861;-0.2446;-0.79976;-0.91602;-0.8642;-0.087573;-0.083676;-0.58376;0.16496;1.8023;-0.11602;-0.88491;-0.78678;-0.21584;-0.91138;-0.80265;1.5782;-0.074541;2.514;-0.56464;3.1415;0.56779;-0.80969;0.52471;-0.82799;1.3141;1.0163;-1.0064;-0.19682;-0.14514;-0.40486;0.36458;0.25392;-0.061481;-0.26029;-0.24663;0.51438;0.11572;0.1807;-0.026954;-0.41581;-0.37937;-0.22298;0.44542;0.41796;0.40627;-0.37322;0.20883;-0.43221;-0.25712;0.047272;-0.44025;-0.13724;0.15443;-0.42631;0.29769;-0.26186;0.12338;-0.33275;-0.00082931;-0.097544;0.31705;0.073533;-0.24856;-0.27407;-0.21994;0.48711;-0.13934;0.12348;-0.16497;-0.48834;-0.46648;-0.041304;0.31468;0.298;0.19851;0.27113
49;-0.13767;0.46017;-0.73413;4.2823;-0.98309;-0.53837;-0.13275;-0.29819;-0.39825;-0.55685;1.119;-0.97404;0.0057485;-0.74413;0.14957;-0.36018;0.0014939;-0.69978;-0.74466;-0.46205;0.4543;-0.33317;1.1421;0.23257;-0.019352;-0.54268;1.0658;-0.49423;-0.32757;0.50343;0.21814;-0.3352;-0.40017;-0.9025;0.14573;1.0517;0.94712;-0.91995;0.23381;-0.58797;2.7819;1.0073;0.91906;1.5103;-0.48448;-0.54016;-0.7946;-0.21518;-0.46152;-0.36354;0.36457;0.45317;-0.20365;0.17214;-0.22903;0.29803;-0.12164;0.34706;-0.13825;0.024208;-0.28212;0.2582;-0.12472;0.45946;0.47072;-0.057116;-0.060112;0.32495;0.36662;-0.34619;-0.0281;-0.16144;-0.036453;-0.35053;-0.52913;0.23218;0.35113;-0.27707;-0.25206;0.43507;0.19683;-0.11975;0.3593;-0.17944;-0.19175;0.037638;-0.22422;0.04344;-0.10882;-0.31133;-0.0015769;-0.10793;-0.10118;-0.2064;-0.16613;-0.26179
50;-0.2134;-0.52227;1.4432;-0.32399;-0.77411;0.87832;2.0565;1.2042;0.85548;0.2135;3.3882;-0.92764;-0.83085;-0.64791;-0.22985;1.1764;-0.62829;-0.68917;1.5694;-0.76416;-0.34574;-0.62001;-1.0274;-0.22917;0.072376;-0.43624;0.0055354;-0.5881;1.1918;2.0855;-0.86329;-0.84521;-0.71183;-0.32354;-0.66466;-0.85557;0.6993;0.20751;-0.60947;-0.22222;-0.89417;0.11775;-0.87081;-0.91687;-0.11587;-0.66808;0.011904;1.624;0.23401;-0.3301;-0.26836;-0.47398;0.3173;-0.43924;0.44553;0.33083;-0.11254;0.39757;-0.088602;0.27906;-0.40561;-0.089255;-0.16329;0.42285;-0.081518;-0.43318;-0.26735;-0.24706;-0.4928;0.23219;-0.19996;0.46825;-0.37184;-0.50888;0.45003;0.19305;0.30521;0.007204;0.072038;0.53506;-0.19285;-0.33637;0.39163;0.27611;-0.29956;-0.347;-0.17368;-0.27525;-0.17866;-0.34372;0.37547;0.044583;0.47648;-0.071098;-0.44189;0.22439
PARTICULAR
GAIN
1
