TITLE;96 random variables, variable gain
FOCUS ON;
EXPERIMENT TYPE;SingleAmongManyVaryingGain
PARAMETERS
normalization;Center
pcaRecompositionThreshold;0.95
component;1;2;3;4;5;6;7;8;9;10;11;12;13;14;15;16;17;18;19;20;21;22;23;24;25;26;27;28;29;30;31;32;33;34;35;36;37;38;39;40;41;42;43;44;45;46;47;48;49
type;RandomWeibull;RandomWeibull;RandomWeibull;RandomWeibull;RandomWeibull;RandomWeibull;RandomWeibull;RandomWeibull;RandomWeibull;RandomWeibull;RandomWeibull;RandomWeibull;RandomWeibull;RandomWeibull;RandomWeibull;RandomWeibull;RandomWeibull;RandomWeibull;RandomWeibull;RandomWeibull;RandomWeibull;RandomWeibull;RandomWeibull;RandomWeibull;RandomWeibull;RandomWeibull;RandomWeibull;RandomWeibull;RandomWeibull;RandomWeibull;RandomWeibull;RandomWeibull;RandomWeibull;RandomWeibull;RandomWeibull;RandomWeibull;RandomWeibull;RandomWeibull;RandomWeibull;RandomWeibull;RandomWeibull;RandomWeibull;RandomWeibull;RandomWeibull;RandomWeibull;RandomWeibull;RandomWeibull;RandomWeibull;RandomNormal
p1;0.111111111111111;0.111111111111111;0.111111111111111;0.111111111111111;0.111111111111111;0.111111111111111;0.111111111111111;0.111111111111111;0.111111111111111;0.111111111111111;0.111111111111111;0.111111111111111;0.111111111111111;0.111111111111111;0.111111111111111;0.111111111111111;0.111111111111111;0.111111111111111;0.111111111111111;0.111111111111111;0.111111111111111;0.111111111111111;0.111111111111111;0.111111111111111;0.111111111111111;0.111111111111111;0.111111111111111;0.111111111111111;0.111111111111111;0.111111111111111;0.111111111111111;0.111111111111111;0.111111111111111;0.111111111111111;0.111111111111111;0.111111111111111;0.111111111111111;0.111111111111111;0.111111111111111;0.111111111111111;0.111111111111111;0.111111111111111;0.111111111111111;0.111111111111111;0.111111111111111;0.111111111111111;0.111111111111111;0.111111111111111;0
p2;1;1;1;1;1;1;1;1;1;1;1;1;1;1;1;1;1;1;1;1;1;1;1;1;1;1;1;1;1;1;1;1;1;1;1;1;1;1;1;1;1;1;1;1;1;1;1;1;1
RESULTS
COMMON
distance
which;Manhattan(Average);Manhattan(GeometricAverage);Manhattan(Median);Manhattan(Minimum);Manhattan(MinimumTimesMedian);Manhattan(Summation);Euclidean(Average);Euclidean(GeometricAverage);Euclidean(Median);Euclidean(Minimum);Euclidean(MinimumTimesMedian);Euclidean(Summation)
plain;0.78431;0.7834;0.78544;0.64115;0.50359;960.78;0.10162;0.10112;0.10193;0.068785;0.0070115;124.49
PCA;1.0626;1.0611;1.0667;0.85816;0.91538;1301.7;0.21001;0.20868;0.21032;0.14089;0.029633;257.27
DE00;1.0216;1.0261;1.0215;0.83986;0.86818;1251.9;0.25627;0.22991;0.22849;0.14652;0.032327;299.4
DE01;1.0203;1.0072;1.0255;0.8418;0.86098;1257.6;0.23178;0.23757;0.23585;0.14396;0.034627;292
DE02;1.0286;1.0198;1.0104;0.85362;0.85953;1259.6;0.23999;0.21397;0.23189;0.14142;0.03164;290.19
PCA
weights;0.00032108;0.00016291;8.4099E-05;8.045E-05;0.00020999;0.00012657;9.0953E-05;0.00039003;0.00010392;0.00017072;4.0164E-05;0.00024282;0.00014292;0.00011048;0.00014736;0.00015549;0.00012029;0.00014403;0.00028208;0.00015781;0.00020945;0.0002038;0.00033506;0.00012578;0.00012901;0.00012799;0.00028139;7.7013E-05;9.5542E-05;0.00022096;0.00019802;0.00011519;0.00016902;0.00011428;0.00029664;0.00014493;9.3772E-05;0.00013459;0.00015486;0.00023904;0.0001625;0.00022339;0.00019984;0.00027913;0.00026275;0.00016065;0.00013413;0.00013874;0.0229;0.018149;0.023153;0.014754;0.023728;0.02136;0.018707;0.020537;0.022914;0.023214;0.018155;0.022034;0.020882;0.021683;0.018004;0.020894;0.025261;0.030283;0.018898;0.022955;0.018356;0.01877;0.023238;0.028993;0.023987;0.020226;0.012302;0.01853;0.02028;0.017741;0.014051;0.021972;0.018547;0.011825;0.020539;0.025572;0.017736;0.016382;0.022797;0.015842;0.020277;0.020192;0.013116;0.02362;0.02547;0.026586;0.024653;0.021624
differential evolutions parameters, by distance type
i;dDE / dP;distance;type;parentWeight;crossover;population;iterations;distance;weights ->
1;1.3026;1.0216;2;0.85;0.5;50;50;Manhattan(Average);0.0029957;0.0011726;0.00078663;0.001059;0.00045972;0.00075233;7.9535E-05;0.0018034;0.0013121;0.00077638;0.00020803;0.0017529;0.00047288;0.0011687;0.0031671;0.00045555;0.0019598;0.00087335;0.00033152;0.00082879;0.0018449;0.0025911;0.00083106;0.00076299;0.0036046;0.0039496;0.0026161;0.0009181;0.0023527;0.0025435;0.0029734;0.0019236;0.00086111;0.0027026;0.0013526;0.001617;0.00096937;0.00090738;0.0014248;0.0011652;0.0012686;0.0017673;0.0016697;0.0016882;0.00031657;0.024544;0.0009237;0.00092105;0.019996;0.02547;0.020886;0.0098729;0.015862;0.020681;0.0090615;0.022336;0.02349;0.020649;0.011089;0.024171;0.021634;0.024125;0.025684;0.022755;0.024169;0.023438;0.021604;0.026088;0.022826;0.017124;0.022463;0.024251;0.021182;0.019949;0.0040687;0.019529;0.025766;0.0083327;0.014693;0.023506;0.02052;0.0019663;0.013832;0.022006;0.023234;0.016438;0.0089631;0.012013;0.017039;0.020236;0.0051924;0.022842;0.017174;0.024951;0.023211;0.020206
2;1.3009;1.0203;2;0.85;0.5;50;50;Manhattan(Average);0.00086172;0.0010067;0.00064003;0.00062623;0.0037628;0.0019721;0.0056666;0.00032417;0.0010964;0.0011102;0.0021156;0.00050737;0.00070207;0.00082845;0.00035947;0.0016428;0.0019794;0.002439;0.00017519;0.001755;0.0030596;0.0022455;0.0065598;0.0011021;0.0016473;0.0016593;0.0003447;0.0027457;0.00038593;0.00092999;0.00077212;0.0018137;0.00022596;0.0030588;0.00046107;0.0025128;0.00069961;0.0019484;0.0085373;0.0019839;0.0012723;0.0022637;0.0044283;0.002174;0.00088528;0.0033486;0.0022058;0.0020761;0.0045849;0.01924;0.018526;0.014066;0.028418;0.02559;0.0089723;0.024247;0.028484;0.020648;0.0032829;0.025474;0.027454;0.019224;0.022958;0.014124;0.025942;0.028615;0.026395;0.010825;0.027857;0.012869;0.0098564;0.028842;0.022446;0.021243;0.0022499;0.015202;0.027641;0.026367;0.0018853;0.011602;0.0022325;0.026259;0.0067327;0.022116;0.026192;0.028332;0.00057754;0.026301;0.01359;0.026839;0.0064913;0.017302;0.017047;0.028138;0.027883;0.027915
3;1.3115;1.0286;2;0.85;0.5;50;50;Manhattan(Average);0.0010422;0.0004513;0.0011784;0.0021097;0.0024245;0.00083057;0.00078736;0.0027459;0.0012201;0.003415;0.00029465;0.0013358;0.0022916;0.00063024;0.0022479;0.0022748;0.0011525;0.0027342;0.00023497;0.00011411;0.00020817;0.00046965;0.0011892;0.0027453;0.0016581;0.0013525;0.00031506;0.00018908;0.0033442;0.00071772;0.0019429;0.0018893;0.0034453;0.00077357;0.0013851;0.0009749;0.0002814;0.0018549;0.0024297;0.0012357;0.00084313;0.0029938;0.0023137;0.0082743;0.00039561;0.00056748;0.00086381;0.00043958;0.017988;0.014365;0.026098;0.013815;0.012764;0.019654;0.017126;0.0257;0.020117;0.026759;0.021467;0.026663;0.018275;0.026801;0.026003;0.015215;0.020473;0.024468;0.011581;0.026182;0.025571;0.015959;0.016386;0.023565;0.010461;0.0068138;0.023865;0.023738;0.019959;0.018602;0.007233;0.018935;0.006984;0.00030647;0.021496;0.015241;0.025954;0.0033315;0.019308;0.014224;0.023575;0.023112;0.020492;0.02491;0.025677;0.025067;0.026992;0.026121
4;1.3099;1.0261;2;0.85;0.5;50;50;Manhattan(GeometricAverage);9.7939E-05;0.0080734;0.0026898;0.00026226;0.00014877;0.00027635;0.00015043;6.6189E-05;0.0022412;0.00029363;0.0055822;0.0054682;0.0010873;0.00056488;0.00050971;0.00014684;0.0010848;0.0006404;0.0017347;0.0032526;0.00053246;2.3405E-05;0.00015772;0.0008534;0.00049746;0.0037092;0.0073781;0.00082862;0.0031553;0.00090399;0.00081903;0.0021372;0.00022088;0.001189;0.00095645;0.0012705;7.1789E-06;0.0021935;0.00049504;0.0012516;0.0036426;0.00012785;0.00061966;0.00038864;0.00086455;0.0019473;0.0020048;0.0031146;0.02868;0.023859;0.021068;0.020858;0.01735;0.021268;0.010413;0.027348;0.00026746;0.02813;0.025928;0.017076;0.029214;0.025088;0.01363;0.019564;0.026164;0.028677;0.025932;0.01998;0.023662;0.022981;0.0039837;0.022021;0.018457;0.014942;0.018473;0.011752;0.028103;0.0014106;0.022423;0.011529;0.020789;0.0052809;0.026932;0.026307;0.0038101;0.0066274;0.029004;0.00032939;0.024931;0.0027016;0.025919;0.028321;0.017174;0.027702;0.028716;0.019561
5;1.2856;1.0072;2;0.85;0.5;50;50;Manhattan(GeometricAverage);0.00073212;0.0033553;0.00064463;0.0032151;0.00084862;0.00089933;0.0022956;0.00064258;0.0081366;0.0022022;0.0059506;0.0011198;0.00094762;0.00083648;0.002924;0.0055318;0.0028196;0.00024012;0.0033432;0.0023281;0.0093342;0.0010667;0.0010492;0.0022476;0.0013651;0.0047511;0.0039804;0.00044411;0.0015051;0.0035443;0.0014456;0.00063969;0.00078433;0.00019609;0.0023887;0.0054541;0.00093158;0.00059784;0.0020344;0.002364;0.0047561;0.0023724;0.0024989;0.0024622;0.0067035;0.0013327;0.0031204;0.0013922;0.0235;0.016999;0.018774;0.0015033;0.025115;0.022121;0.016892;0.020918;0.021958;0.01372;0.02059;0.026211;0.016614;0.016236;0.022178;0.022527;0.021382;0.022075;0.0021852;0.025729;0.006035;0.022131;0.016819;0.02071;0.023241;0.024324;0.0021676;0.019409;0.023433;0.0137;0.009988;0.012642;0.019532;0.0020085;0.013708;0.024016;0.025037;0.021231;0.015168;0.020293;0.015442;0.0099473;0.016093;0.025832;0.025877;0.025705;0.022545;0.025963
6;1.3017;1.0198;2;0.85;0.5;50;50;Manhattan(GeometricAverage);4.5933E-06;0.00098134;0.0032193;6.4871E-05;0.0023286;0.0018649;0.003635;0.00084861;0.0064872;0.00049264;0.0013749;0.0026324;0.0014837;0.0054673;0.0041461;0.00077974;0.0023814;0.00040974;0.00035803;0.0015275;0.0013618;0.0012965;0.0037948;0.0010269;0.0014187;0.0018224;0.00023684;0.00070881;0.0041278;0.00093929;0.00065728;0.0023931;1.3984E-05;0.00034625;0.0013599;0.00043382;6.9866E-06;0.0064436;0.002638;0.0049269;0.00064337;0.00021754;0.0034782;9.8815E-05;0.0022498;0.0012428;0.0010832;0.0026906;0.0054186;0.020721;0.027958;0.0148;0.025787;0.020607;0.0098225;0.00094127;0.021937;0.018318;0.018902;0.025096;0.0058302;0.029672;0.026924;0.02186;0.015134;0.029956;0.018052;0.028428;0.019749;0.020943;0.020046;0.015582;0.028753;0.02518;0.0045127;0.029185;0.016885;0.01375;0.027802;0.023164;0.026383;0.012248;0.028349;0.026094;0.021861;0.01007;0.023317;0.0025683;0.023273;0.018787;0.0019069;0.030098;0.012755;0.01881;0.017458;0.0061587
7;1.3099;0.83986;2;0.85;0.5;50;50;Manhattan(Minimum);0.0012729;0.00050938;0.0018558;4.743E-05;0.0061416;0.0069928;0.0017298;0.00064741;0.0030409;0.004116;0.0085081;0.00028483;0.0019833;0.013391;0.0024266;0.00019879;0.0074178;0.0049849;0.0040832;0.0015819;0.0016009;0.0055608;0.0025985;0.0032484;0.0023301;0.001486;0.002807;0.0008527;0.0020147;0.0019495;0.0039869;0.010542;0.0018579;0.0011951;0.0018596;0.0077785;0.0029451;0.0051833;0.002272;0.0023739;0.0014405;0.0039165;0.0063795;0.0039678;0.0019267;0.0018978;0.0069641;0.002317;0.021767;0.0004267;0.0094963;0.0037344;0.026506;0.02418;0.021148;0.023098;0.025986;0.025631;0.024978;0.017069;0.0027351;0.018707;0.025658;0.025386;0.015964;0.022452;0.0057259;0.012805;0.023651;0.026752;0.025161;0.0034181;0.013328;0.026905;0.00051907;0.014807;0.015971;0.014479;0.019774;0.015315;0.026718;0.010727;0.025618;0.022117;0.0092791;0.0070739;0.024815;0.022531;0.023205;0.012428;0.022221;0.017132;0.0037257;0.018084;0.020902;0.015421
8;1.313;0.8418;2;0.85;0.5;50;50;Manhattan(Minimum);0.00028984;0.0077148;0.0080736;0.0013927;0.0039945;0.0010562;0.0021557;0.0015603;0.017308;0.0028703;0.0013189;0.0097536;0.00087676;0.0014283;0.0022017;0.001397;0.015234;0.01248;0.0014884;0.012193;4.7194E-05;0.0010699;0.00062782;0.0038576;0.0013683;0.0018554;0.0004206;5.6128E-06;0.0028997;0.00058998;0.0025704;0.0047491;0.00057266;0.010837;0.0026219;0.0031706;0.0026482;0.0033241;0.0020587;0.00013908;7.4397E-05;0.0020877;0.00187;0.00097751;0.0042587;0.0041278;0.00053573;0.0057876;0.025462;0.019127;0.016295;0.023102;0.019565;0.020338;0.015314;0.019433;0.025677;0.026329;0.026631;0.021129;0.011591;0.025475;0.02058;0.025781;0.019138;0.026735;0.026443;0.018667;0.0048058;0.026597;0.023726;0.0094178;0.010689;0.014757;0.015555;0.01882;0.0099626;0.0072728;0.0014814;0.011003;0.014288;0.0046258;0.017465;0.016495;0.017446;0.017977;0.025315;0.024571;0.02108;0.0026671;0.019652;0.0079088;0.0079719;0.0083838;0.013205;0.024112
9;1.3314;0.85362;2;0.85;0.5;50;50;Manhattan(Minimum);0.0016055;0.0048232;0.0035579;0.00035035;0.0042477;0.0028797;0.00037807;0.0011826;0.00027546;0.0036911;0.008695;0.0015307;0.0016222;0.00039583;0.0051879;0.0040831;0.0011525;0.00072811;0.0026046;0.0039064;0.0038525;0.0010787;0.001134;0.0032746;0.0041571;0.0038809;0.0023097;0.0012181;0.0012032;0.00027148;0.0019673;0.0051391;0.0043941;0.0059299;0.004432;0.004515;0.0014051;0.0018381;0.002264;0.0012557;0.0091875;0.00085254;0.00038543;0.00066142;0.0021524;0.0045502;0.002135;0.0018475;0.019184;0.016739;0.022917;0.018323;0.012484;0.025559;0.018714;0.0055491;0.014262;0.023676;0.023698;0.016077;0.0013841;0.025584;0.025368;0.025586;0.0054474;0.025388;0.020959;0.022999;0.014293;0.015843;0.021557;0.015916;0.021799;0.016842;0.022875;0.023154;0.0021325;0.021956;0.014335;0.024468;0.024258;0.0040773;0.0042867;0.023535;0.023505;0.017765;0.020602;0.022803;0.014733;0.018272;0.025364;0.0246;0.01576;0.0021632;0.020674;0.022344
10;1.3056;1.0255;2;0.85;0.5;50;50;Manhattan(Median);0.0018113;0.0030406;0.0006138;0.0013565;0.0016489;0.0020669;0.00091944;0.00057798;0.0023837;0.0035936;0.0032532;0.0015689;0.00057243;0.001181;0.0006223;0.00045209;0.0047064;0.0010994;0.0011301;0.00011262;0.00058746;0.00092003;0.00059886;0.0010376;0.00096961;0.0030045;0.0022119;0.00017292;0.0016097;0.0010898;0.00038776;0.00077867;0.014763;0.00098074;0.0016878;0.002644;0.0021419;0.0063572;0.00025034;0.0015452;0.0014836;0.00080442;0.00015928;0.0011199;0.0011866;0.0028352;0.00064696;0.0016615;0.022889;0.023685;0.024953;0.014057;0.024795;0.021728;0.023773;0.012627;0.023785;0.0063202;0.0068382;0.024115;0.014911;0.024424;0.023597;0.016089;0.021891;0.025113;0.011825;0.023258;0.022434;0.0054138;0.022163;0.024293;0.025022;0.0067493;0.0033184;0.0063368;0.025543;0.02233;0.0037931;0.016344;0.019379;0.020947;0.024327;0.024888;0.025013;0.021573;0.024554;0.018432;0.020132;0.020608;0.0088026;0.02035;0.024591;0.024521;0.018051;0.023069
11;1.3005;1.0215;2;0.85;0.5;50;50;Manhattan(Median);0.00072222;0.00023231;0.00077954;0.0012075;2.4164E-05;0.0013881;0.0031523;0.00059411;0.0023905;0.0014943;0.00067015;0.00092605;0.0039297;0.00030526;0.0017426;0.00098007;0.00087529;0.0026521;9.5579E-05;0.0020991;0.0039701;0.00193;0.0061474;0.0024712;0.0067958;1.6108E-05;0.00035098;0.0011968;0.0031445;0.003114;0.004293;0.0017572;0.00091934;0.0064542;0.00070767;0.006978;0.0014921;0.00072472;0.00058041;0.0017905;0.0010231;0.001038;0.00060224;0.002475;0.00026814;0.0028236;0.00095334;0.0048211;0.023009;0.020915;0.016849;0.0247;0.027771;0.025314;0.024087;0.027726;0.02896;0.02381;0.0077333;0.026153;0.025321;0.023742;0.026604;0.029363;0.01407;0.018172;0.0087292;0.020359;0.0047562;0.0053359;0.029167;0.025626;0.020891;0.0084238;0.021513;0.010666;0.010035;0.013643;0.0004474;0.019531;0.016466;0.0033035;0.018898;0.019503;0.029202;0.024948;0.023101;0.029841;0.0021089;0.016056;0.002649;0.024273;0.026691;0.02421;0.022535;0.0076947
12;1.2864;1.0104;2;0.85;0.5;50;50;Manhattan(Median);0.0022569;0.0032535;0.0038617;0.0070955;0.00182;0.0010925;0.00025645;0.0018761;0.0025031;0.0010292;0.00017051;0.00055601;2.1375E-05;0.0079334;0.0019515;0.0001456;0.0011599;0.00081769;0.0008333;0.00012684;0.0041078;0.0030557;0.0008897;0.00081191;0.00014322;0.00034292;0.0049869;0.0014298;0.00011802;0.0016107;0.0013004;0.0045138;0.0027644;0.00034229;0.00064702;0.0015664;0.0057712;0.00069636;5.0249E-05;0.0027464;0.0028969;0.00056915;0.0045914;0.00057847;0.0032343;0.00018295;0.012169;0.0031091;0.002411;0.025282;0.026729;0.025724;0.01947;0.022914;0.020952;0.017145;0.022706;0.013273;0.022358;0.020713;0.020269;0.0055879;0.024099;0.024358;0.024262;0.022966;0.025439;0.0031477;0.008445;0.017454;0.02437;0.021595;0.0097456;0.019238;0.023413;0.010321;0.026811;0.022358;0.018743;0.019804;0.012732;0.018584;0.024802;0.013291;0.010237;0.0067655;0.024886;0.0076289;0.02512;0.012423;0.019055;0.024804;0.024906;0.02628;0.019563;0.012832
13;1.724;0.86818;2;0.85;0.5;50;50;Manhattan(MinimumTimesMedian);0.00049676;0.0012014;0.0026028;0.00022931;0.0013816;0.004916;0.0033623;0.00094632;0.0019182;0.0024858;0.00046653;0.0014348;7.3895E-05;0.0050364;0.0099985;6.0805E-05;0.001522;0.0020151;0.0010473;0.00088079;0.0023502;0.00041899;0.00049581;0.0025632;0.00060148;0.0027743;0.002594;0.00072303;0.00094161;0.0026276;0.0010243;0.0015486;0.0011163;0.010431;0.0012913;0.002316;0.00021574;0.0013346;0.00028411;0.004923;0.0010076;0.00060461;0.0020688;0.0024318;0.0019532;0.008595;0.0029592;0.0034809;0.022758;0.023633;0.022421;0.011742;0.021832;0.025986;0.012847;0.006325;0.020414;0.009926;0.02422;0.019112;0.020631;0.013987;0.025547;0.025333;0.021572;0.022805;0.024279;0.0096541;0.022394;0.012204;0.021455;0.021867;0.011803;0.016123;0.016568;0.023359;0.0085952;0.013285;0.013387;0.01306;0.025698;0.0066613;0.022044;0.023058;0.013499;0.011312;0.025351;0.01977;0.025293;0.0099478;0.023029;0.023969;0.011989;0.025623;0.023651;0.024228
14;1.7068;0.85953;2;0.85;0.5;50;50;Manhattan(MinimumTimesMedian);0.001155;0.0022613;0.0037657;0.0010088;0.0012013;0.0048263;6.8938E-05;4.9501E-05;0.00058627;0.0025109;0.0010473;0.0060494;7.9048E-05;0.0018699;0.00065095;0.0009134;0.0023851;0.0038072;0.0056634;0.0011078;0.0043386;0.0029245;0.0001719;0.00064677;0.0015616;0.0040659;0.0037404;0.00028574;0.0049424;0.00025731;0.00049391;0.004655;0.00024886;0.0039864;0.0024349;0.003466;0.003849;0.0042946;0.00053596;0.0022567;0.00051411;0.00076895;0.001609;0.0005986;0.001658;0.00025928;0.0029687;0.00084831;0.013597;0.016062;0.015084;0.017949;0.01283;0.02424;0.025392;0.019679;0.017907;0.024492;0.022024;0.013738;0.0079603;0.025811;0.020204;0.02621;0.018563;0.025605;0.020927;0.013515;0.019183;0.014647;0.019866;0.018453;0.020278;0.023174;0.017991;0.023244;0.0026118;0.021021;0.025855;0.021736;0.020226;0.019102;0.0059579;0.010582;0.023708;0.015424;0.022143;0.017857;0.024566;0.018026;0.023795;0.024513;0.012924;0.018106;0.0078046;0.026025
15;1.7097;0.86098;2;0.85;0.5;50;50;Manhattan(MinimumTimesMedian);0.003247;0.0025791;0.0010883;0.00062538;0.00011436;0.0015653;0.0041681;0.0041105;0.00097475;0.0048443;0.00089802;0.00045431;0.00053899;0.0012761;0.0013729;0.00057039;0.0024125;0.00022445;4.0964E-05;0.0020645;0.002778;0.00049114;0.0027578;0.00316;0.0080364;0.0044443;0.0042882;0.0016408;4.56E-05;0.00074691;0.00018329;0.00059864;0.0011831;0.00011451;0.0010846;0.0048926;0.0017401;0.00059232;0.0066923;0.0020157;0.0011488;0.0003523;0.0056598;0.00086101;0.0062273;0.0068302;0.0020346;0.0026373;0.021132;0.022493;0.023576;0.026333;0.017618;0.023253;0.0071242;0.025656;0.015805;0.026005;0.026097;0.02113;0.0017237;0.019262;0.026349;0.022492;0.025397;0.021661;0.017624;0.0238;0.013511;0.025787;0.025914;0.017154;0.012985;0.0035639;0.021165;0.024988;0.022699;0.01097;0.0024104;0.022836;0.02534;0.0015498;0.023887;0.017431;0.01825;0.011867;0.020028;0.015954;0.022829;0.019961;0.022375;0.023643;0.0034404;0.010083;0.019282;0.019156
16;1.303;1251.9;2;0.85;0.5;50;50;Manhattan(Summation);0.00053015;0.0013413;0.00057331;0.001538;0.0016294;0.0053102;0.00065066;0.0013965;0.001605;0.0013759;0.00080559;0.0026207;0.0002623;0.0031222;0.00014556;0.0028745;0.0022068;0.0022559;0.0037279;0.00067792;0.0031694;0.00012891;0.00013957;0.0074801;0.00055124;0.0015645;0.0036416;0.0010187;0.0056784;0.0024602;0.0031378;0.0013475;0.0052466;0.00022787;0.0024237;0.00085553;0.00054613;0.00094763;0.00069977;5.6931E-05;0.00065141;0.0005301;0.00071161;0.0026209;0.0044968;0.0015209;0.0041717;0.00021052;0.013354;0.026101;0.011653;0.0010726;0.0082957;0.02526;0.0090581;0.024457;0.019575;0.027111;0.021589;0.023586;0.0065935;0.022548;0.0020529;0.026533;0.026931;0.023362;0.026515;0.01896;0.0017305;0.020294;0.026547;0.02106;0.022841;0.023433;0.010223;0.02725;0.025901;0.026023;0.0010528;0.023412;0.0082344;0.024015;0.022154;0.026012;0.0087522;0.025795;0.023103;0.013633;0.015659;0.020229;0.0048545;0.022537;0.025951;0.025556;0.02328;0.02497
17;1.3111;1259.6;2;0.85;0.5;50;50;Manhattan(Summation);0.00091928;0.0026895;0.0024223;0.0021225;0.0002414;0.00073706;0.0018013;0.00084538;0.00046201;6.1383E-05;0.00047021;0.00068945;0.0013323;0.0015569;0.0017874;0.001015;0.0017796;0.00046239;0.0020189;5.9125E-05;0.00068453;0.0011153;0.00084939;0.0020829;4.2043E-05;0.0019077;0.00098412;0.0014278;0.0007427;3.6329E-05;0.0054422;0.00065877;9.081E-05;0.0023672;0.0013431;0.0014961;0.00095784;0.0035422;0.0042851;0.0005682;0.0017704;0.0011124;0.0052578;0.0017231;0.0028904;0.002376;0.00039094;0.00020588;0.026668;0.02522;0.024246;0.021789;0.018497;0.012036;0.026853;0.019946;0.021334;0.022793;0.020991;0.015048;0.022773;0.025992;0.02072;0.007538;0.019333;0.026159;0.021613;0.021345;0.02021;0.021313;0.0020604;0.017795;0.026485;0.012346;0.0010751;0.0076881;0.015471;0.019493;0.019383;0.025177;0.022768;0.017689;0.025374;0.024363;0.02471;0.021754;0.024711;0.0086394;0.022403;0.026634;0.003105;0.026449;0.025931;0.002133;0.020288;0.023833
18;1.309;1257.6;2;0.85;0.5;50;50;Manhattan(Summation);0.00097679;0.00030819;0.00018801;0.00055759;0.0030176;4.1497E-05;0.0020987;2.1497E-05;0.0012869;0.00039382;0.0029183;0.00010076;0.00039926;0.0036991;0.0045644;0.00082965;0.0059563;0.00096118;0.0012454;0.0018878;0.0025822;0.00041263;0.005602;0.0013969;0.00082479;0.0019059;0.0013965;0.00053607;0.0011724;0.00051057;0.0013314;0.0023279;0.0010778;0.007264;0.00048654;0.0025912;0.0042112;0.0014338;0.0009548;0.0003776;0.0019213;0.0013573;4.5728E-05;0.0011604;0.0032432;0.00076365;0.0019514;0.00090709;0.027829;0.0057355;0.015811;0.015866;0.022171;0.025734;0.019249;0.017749;0.011067;0.026203;0.013428;0.028344;0.028857;0.022402;0.019137;0.0027532;0.022103;0.028455;0.0087149;0.029118;0.01576;0.022238;0.026488;0.024736;0.028582;0.023912;0.025051;0.020987;0.025261;0.018053;0.012637;0.026316;0.0071283;0.0087558;0.021016;0.010771;0.026927;0.00013079;0.023471;0.014032;0.014988;0.016365;0.010467;0.026186;0.021639;0.026678;0.028295;0.0012054
19;2.5219;0.25627;2;0.85;0.5;50;50;Euclidean(Average);0.0052557;8.6166E-06;0.0033658;0.00019755;0.00045509;0.004325;0.00095135;0.00078092;0.0011275;0.0015141;0.00098357;0.0036055;0.0086989;0.0011125;0.0024799;0.0042199;0.0018124;0.003412;0.0010237;3.2595E-05;0.0015303;3.1597E-05;0.0016396;0.00072259;0.0015442;0.0021488;0.0031726;0.0063164;0.0046752;0.0045518;0.00086554;0.00028635;0.00081532;0.0014584;0.0014113;0.0058078;0.0011734;0.0039076;0.0024416;7.6263E-05;0.0039922;0.00093925;0.0035186;0.0029034;0.00052772;0.0012025;0.0010047;0.002578;0.04169;0.0051933;0.0037597;0.0044421;0.011308;0.035952;0.023057;0.0018521;0.0427;0.00211;0.042518;0.0033972;0.040289;0.036093;0.00021881;0.042505;0.038581;0.041262;0.025295;0.0025973;0.0055381;0.0017364;0.0035099;0.038654;0.042059;0.03866;0.042992;0.031729;0.0014831;0.0044385;0.0025246;0.042356;0.00068438;0.0031693;0.0067875;0.042334;0.0061394;0.00083532;0.0084623;0.0016922;0.005951;0.0054984;0.0011235;0.0011617;0.00010291;0.043427;0.035155;0.030371
20;2.2808;0.23178;2;0.85;0.5;50;50;Euclidean(Average);0.0035687;0.0090439;0.0014122;5.1191E-05;0.0018868;0.0040591;0.007786;0.0020006;0.0016434;0.00059588;0.0061712;0.0052874;0.0038813;0.010431;0.00056122;0.0012154;0.0021448;0.0066661;0.00015834;0.00042847;0.0054826;0.00056306;0.0019394;0.00075389;0.0024878;0.0029748;0.0035255;0.00096695;0.0037648;0.0089412;0.00033171;0.0017576;4.0538E-05;0.0031075;0.002676;0.00027756;0.0013656;0.0070135;0.0031797;0.0010417;0.00013976;0.00011169;0.002336;0.00039542;0.00065477;0.0019218;0.0081285;0.0032303;0.0010219;0.0021707;0.001406;0.001457;0.0071727;0.022811;0.027604;0.0009896;0.00087425;0.030682;0.013532;0.00059473;0.00068974;0.0024374;0.037441;0.031641;0.025391;0.026152;0.026363;0.034038;0.0027928;0.030425;0.035493;0.030478;0.037764;0.034008;0.0044387;0.029083;0.037331;0.0020285;0.0064592;0.0025992;0.03539;0.0061244;0.00065076;0.037671;0.0019858;9.984E-05;0.0003468;0.012683;0.031012;0.034125;0.017745;0.037122;0.0016879;0.036311;0.037775;0.023799
21;2.3616;0.23999;2;0.85;0.5;50;50;Euclidean(Average);0.014643;0.0036114;0.00061493;0.00026423;0.00023112;0.0079658;0.00061633;0.0030195;0.00018287;0.0019354;0.0096557;0.0027308;0.0020714;0.0032;0.0025448;0.0062051;0.0028641;0.0002421;0.0023566;0.0042863;0.00011059;0.0094913;0.00082796;0.0038502;0.0049396;0.022403;0.0021447;0.0027752;0.00041537;0.00098731;0.002661;0.0015223;0.0046752;0.0086005;0.00080336;0.0012078;0.0018105;0.0010968;0.0091584;0.0017727;0.0025796;0.0079383;0.0023459;0.001113;0.0017744;0.00041901;0.010232;0.0011896;0.030896;0.00015064;0.00020783;0.00062871;0.0071632;0.0076641;0.0011946;0.034619;0.039831;0.039051;0.0030175;1.7873E-05;0.011606;0.0014551;0.00073696;0.003786;0.040274;0.040324;0.0072945;0.035628;0.0013983;0.00023411;0.003409;0.040444;0.0061106;0.040541;0.016191;0.004785;0.031833;0.009899;0.0024658;0.0009835;0.0050932;0.010739;0.039587;0.032812;0.0013841;0.03047;0.040261;0.00073077;0.012068;0.03298;0.0027062;0.036688;0.03754;0.037588;0.031956;0.0054683
22;2.2735;0.22991;2;0.85;0.5;50;50;Euclidean(GeometricAverage);0.00093608;0.0064546;0.023981;0.0073156;0.00044018;0.0056285;0.0025495;0.0013459;0.00063859;0.0042877;0.00030315;0.0023045;0.0010879;0.0033185;0.0056545;0.0049562;0.0019033;0.013314;0.0050794;0.001239;0.0015305;0.0035713;0.0026251;0.0031975;0.0022896;0.0043426;0.0034451;0.010633;0.0014994;0.00034555;0.001957;0.0087375;0.0043014;0.0010618;0.01225;0.00090215;0.0021824;0.0056069;0.002464;0.0051922;0.0024443;0.002569;0.0018291;0.0058875;0.0026211;0.0038769;0.0026353;0.00055106;0.037368;0.0017727;0.03205;0.027896;0.0024646;0.037981;0.0081734;0.031338;0.0052408;0.037578;0.037801;0.036995;0.035882;0.002427;0.0029003;0.033779;0.036581;0.038045;0.0014328;0.0080641;0.0058901;0.0015125;0.00053039;0.037563;0.03144;0.0025934;0.00019191;0.0026525;0.0010087;0.0010722;0.0024587;0.0019307;0.0058306;0.0014346;0.00058859;0.035702;0.0010663;0.03624;0.025797;0.0016705;0.0013697;0.0095657;0.034324;0.033007;0.037573;0.00017565;0.004103;0.033651
23;2.3493;0.23757;2;0.85;0.5;50;50;Euclidean(GeometricAverage);0.00016991;0.0019214;0.00012237;0.0028332;0.0012658;0.0042311;0.0012754;0.0050922;0.0069744;0.0017309;1.0359E-06;0.0077217;0.0059462;0.0029334;0.005883;0.00053815;0.00019034;0.0038643;0.00078722;0.0030173;0.0019583;0.0050736;0.0002915;0.012625;0.0036128;0.0010964;0.0011153;0.0015817;0.0043209;0.016555;0.0002272;0.0073509;0.0020184;0.0020771;0.0035332;0.0010198;0.00086954;0.0015553;0.0017304;0.00042024;0.0019247;0.0016946;0.0017978;0.0016038;0.0017653;0.00029948;0.0022437;0.0033107;0.0031717;0.0036943;0.0006286;0.026077;0.0013869;0.006311;0.00361;0.040049;0.038418;0.0088973;0.037925;0.034019;0.021532;0.0005705;0.0023006;0.031387;0.040165;0.035189;0.0083265;0.0031784;0.040993;0.014267;0.041927;0.0061479;0.041017;0.0043828;0.00010203;0.024752;0.00027211;0.0075287;0.00037327;0.0020867;0.0031879;0.0008714;0.037975;0.036379;0.039283;0.0012374;0.02973;0.0011739;0.0061997;0.0022201;0.041191;0.035316;0.040079;0.0090082;0.040131;0.0051568
24;2.1159;0.21397;2;0.85;0.5;50;50;Euclidean(GeometricAverage);0.0010569;0.00026097;0.0016634;0.015296;0.00021729;0.0012681;0.0016264;0.0022887;0.0026109;0.0020136;0.00070644;0.00020574;0.00081856;0.0021064;0.0036206;0.00014064;0.0028309;0.0037197;0.0019413;0.0024622;0.001611;0.00043807;0.0055642;0.001109;0.00059842;4.7737E-05;0.0056835;0.0086175;0.0055147;0.0021722;0.0011238;0.0022656;0.0045504;0.0055489;0.00023892;0.0063995;0.0026104;0.00014722;0.0039076;0.012463;0.002366;0.010896;0.0013635;0.00034969;0.00026112;0.0070714;0.0078554;0.0077256;0.0011384;0.032943;0.00023554;0.0033125;0.032366;0.0071736;6.157E-05;0.031076;0.030485;0.031757;0.030079;0.031147;0.032428;0.03144;0.0012795;0.032017;0.0095023;0.032323;0.032086;0.0024628;0.0038201;0.033456;0.0020773;0.0026128;0.00088856;0.033377;0.02738;0.032839;0.025596;0.016001;0.025352;0.00022593;0.022805;0.0018337;0.00056346;0.032999;0.002024;0.012462;0.0048599;0.0038087;0.027907;0.030365;0.024475;0.0079278;0.026886;0.0014956;0.032897;0.0023948
25;2.1301;0.14652;2;0.85;0.5;50;50;Euclidean(Minimum);0.0098599;8.1613E-05;0.0018725;0.0037166;0.0050924;0.015387;0.0099625;0.00039588;0.00092399;0.00086892;0.00027055;0.0056904;0.00018468;0.00064314;0.004105;0.0022704;0.0041207;0.0022408;0.00064519;0.0044162;0.0053811;0.0045044;0.00057459;0.00095275;0.0037956;0.0014508;0.0022786;0.0010824;0.002338;0.010498;0.0050355;0.00069723;0.0026201;0.00072754;0.0075398;0.0039091;0.00074534;0.0010848;0.0052927;0.0066707;0.0043258;0.00072492;0.0020111;0.0022156;0.0014697;0.004981;0.0043805;0.0030641;0.029939;0.024654;0.014609;8.0854E-05;0.01925;0.029449;0.02939;0.025923;0.0022757;0.025713;0.015026;0.026638;0.0011545;0.0055487;0.028447;0.030821;0.03062;0.028022;0.0033851;0.02786;0.00016323;0.026759;0.0073185;0.030572;0.0057169;0.0062991;0.0015648;0.0008175;0.030491;0.020249;0.0057009;0.0040087;0.016518;0.030902;0.017645;0.027096;0.027963;7.7259E-05;0.026221;0.016201;0.026805;0.0016587;0.0050651;0.012033;0.023974;0.030618;0.022567;0.013088
26;2.093;0.14396;2;0.85;0.5;50;50;Euclidean(Minimum);0.0027695;0.003705;0.00022382;0.002483;0.0019286;6.135E-06;0.0024817;0.0016393;0.0019473;0.0060156;0.0010934;0.01529;0.002274;0.009257;0.0008642;0.00022021;0.00023162;0.00065347;0.00032953;0.017065;0.00038309;0.0024779;0.0045252;0.0013971;0.0025376;0.0008268;7.7025E-05;0.0026952;0.0035587;0.022188;0.00083575;0.0020023;0.0035972;0.00014572;0.0088658;0.00083226;0.0051608;0.00058151;0.0020125;0.001117;0.0043187;0.0019705;0.0017712;0.00037985;0.0015523;0.0043015;0.00096999;0.0010372;1.2559E-05;0.018203;0.025133;0.02367;0.0005096;0.028919;0.017386;0.0094552;0.0044966;0.028566;0.023644;0.027564;0.0013045;0.0011119;0.026564;0.022838;0.0064907;0.027885;0.028251;0.0018034;0.0091826;0.026521;0.0020421;0.0265;0.013214;0.00013677;0.0016882;0.028389;0.00077457;0.022011;0.0024358;0.017316;0.016384;0.021598;0.02414;0.028546;0.018362;0.028021;0.017834;0.012305;0.02127;0.026553;0.02857;0.028256;0.024594;0.027812;0.028142;0.020996
27;2.0559;0.14142;2;0.85;0.5;50;50;Euclidean(Minimum);0.0014143;0.0035558;0.0027899;0.0010357;0.0042708;0.0051593;0.005081;0.0086251;0.02279;0.00077254;0.0049805;0.00094899;0.0071418;0.0066422;0.00099252;0.00048603;1.1833E-05;0.0029392;0.0070453;0.0040059;0.0025057;0.0047955;0.00016326;0.0019362;0.0035068;0.0016352;0.0017623;0.0067316;0.0062681;0.0036498;0.0078629;0.0015262;0.0038732;0.0050823;0.001675;0.00014553;0.0017815;0.0037092;0.0012039;0.0032261;0.002353;0.0081068;0.0027545;0.00048318;0.0010989;0.0044955;0.0070628;0.0024165;0.0013571;0.028692;0.028635;0.023938;0.026929;0.020751;0.021536;0.025912;0.0069161;0.01798;0.001004;0.0034886;0.0081585;0.0072908;0.02603;0.02888;0.027271;0.028381;0.026232;0.028373;0.012666;0.026606;0.026871;0.013357;0.016462;0.018366;0.0058458;0.022176;0.0069277;0.028059;0.0018659;7.444E-05;0.00072699;0.00051736;0.02777;0.028903;0.01998;0.021775;0.027596;0.021776;0.027235;0.0031143;0.0024343;0.0017238;0.027686;0.023706;0.012726;0.0027974
28;2.3137;0.23585;2;0.85;0.5;50;50;Euclidean(Median);0.0025054;0.0075225;0.0056082;0.00024242;0.00022291;0.0021016;0.00065738;0.0013492;0.00041555;0.0024739;0.00070772;0.0060788;0.00059926;0.00068349;0.00096208;0.00039945;0.0060831;0.0017502;0.0015135;0.0014984;0.0013954;0.0059774;0.0104;0.0017448;0.0059598;0.003051;0.00036103;0.0098919;0.0040667;0.0058009;0.0024343;0.0020004;0.0003786;0.0021263;0.006315;0.0018738;0.0060358;0.01002;0.00058413;0.0016126;0.0014852;0.00046814;0.0036208;0.00043915;0.00080476;0.0013283;0.00079339;0.00046983;0.012197;0.038322;0.0011454;0.0040244;0.0036339;0.024785;0.00084019;0.037629;0.00064266;0.040273;0.0088152;0.033241;0.034043;0.040516;0.03677;0.037318;0.019395;0.03876;0.01048;0.0063429;0.002639;0.022305;0.03051;0.01095;0.00094531;0.038157;0.006383;0.0016298;0.037131;0.036233;0.006063;0.0029518;0.033163;0.0023209;0.0080955;0.03799;0.016045;0.00071979;0.0398;0.0022307;0.014219;0.0092106;0.0014007;0.0015879;4.3982E-06;0.034993;0.037758;0.0005759
29;2.2415;0.22849;2;0.85;0.5;50;50;Euclidean(Median);0.0046333;0.0080548;0.00059503;0.00020375;0.00050341;0.001802;0.0063401;0.0062048;0.0097446;0.0013845;0.0046147;0.004666;0.0017951;0.0060014;0.0016994;0.0010264;0.0038483;0.0015318;0.00051399;0.025338;0.0010868;0.0051448;0.0013691;0.00059431;0.0016746;0.0018545;0.0018655;0.001565;0.012671;0.0012064;0.0021443;0.012728;0.0020589;0.00038674;0.0083122;0.0060977;0.0027516;0.0011199;0.011746;0.0039108;0.00056542;0.00209;0.0041381;0.0018971;0.0015067;0.0003139;9.788E-05;0.003067;0.03717;0.0098026;0.036547;0.032964;0.035969;0.037781;0.00047791;0.0012496;0.0012502;0.037144;0.023879;0.0081982;0.017822;0.037673;0.0037178;0.024713;0.0080594;0.0028215;0.030611;0.031025;0.0017465;0.038089;0.0024963;0.033177;0.036073;0.00051174;0.0013474;0.037796;0.0066101;0.0027947;0.0081567;0.037715;0.002717;0.001045;0.0016955;0.034406;0.00043021;0.0012405;0.02794;0.0016081;0.002428;0.001261;0.0079858;0.033633;0.0022645;0.037062;0.02848;0.005948
30;2.275;0.23189;2;0.85;0.5;50;50;Euclidean(Median);0.0055516;0.001896;0.00071992;0.0076034;0.00038682;0.0092916;0.0014622;0.0020048;0.010491;0.0048272;0.0022767;0.00017521;0.0015768;0.0017023;0.0012052;0.00069623;0.0021261;0.0016736;0.002496;0.0013316;0.0010949;0.00070518;0.00010042;0.013034;0.0022471;0.0032317;0.002955;0.0071441;0.0037928;0.0026492;0.0019115;0.0039159;0.0029892;0.0006038;0.004716;1.9482E-05;0.0023302;0.0010822;0.0013364;0.00082632;0.00033224;0.01217;0.0077884;0.0015514;0.0032082;7.7118E-05;0.00085265;0.0045368;0.0039286;0.036419;0.036896;0.0090987;0.02845;0.017604;0.0024226;0.010858;0.0070004;0.036307;0.006407;0.0033468;1.3104E-05;0.027417;0.0011739;0.0044716;0.018102;0.036946;0.00013081;0.033655;0.0010463;0.0050334;0.0347;0.036917;0.00038942;0.029738;0.0063197;0.024713;0.00068319;0.035098;0.0015857;0.0037975;0.037916;2.3703E-05;0.035908;0.027534;0.0095232;0.0099601;0.036049;0.035525;0.0024656;0.03712;0.0025441;0.017586;0.037002;0.033964;0.028204;0.0013106
31;4.6106;0.032327;2;0.85;0.5;50;50;Euclidean(MinimumTimesMedian);0.0029023;0.0025817;0.00055676;0.0015435;0.0016005;0.0049343;0.0012755;0.0013656;0.00079998;0.0033738;0.0061063;0.0012414;0.0020302;0.0074327;0.00036764;0.019779;0.00083536;0.00076296;0.0016179;0.00019881;0.0013781;0.0041612;0.00016451;0.00021775;0.0010271;0.0029123;0.0020112;0.0035457;0.00061435;0.0046522;0.0049491;0.0028781;0.0029579;0.00099007;0.001431;0.0027747;0.0060751;0.0020901;0.0035356;0.0055384;0.0031259;0.0024066;3.097E-06;0.0010476;0.016785;0.0027676;1.1711E-05;0.00069975;0.0005382;0.024748;0.030999;0.0014214;8.3189E-05;0.027634;0.025404;0.031058;0.00093799;0.026418;0.022652;0.02972;0.00086462;0.016566;0.030875;0.011431;0.024923;0.026947;0.0024704;0.017217;0.031817;0.026612;0.0021464;0.029644;0.026614;0.0023368;0.0025249;0.0015978;0.0049185;0.02636;1.7737E-05;0.014323;0.029393;0.00013175;0.029366;0.019387;0.00053845;0.025128;0.02431;0.0047182;0.030404;0.031833;0.0091754;0.027998;0.027582;0.022118;0.029264;0.024778
32;4.5126;0.03164;2;0.85;0.5;50;50;Euclidean(MinimumTimesMedian);0.00060261;0.0022846;0.0014582;0.0022609;0.0049965;0.0027762;0.0016521;0.0041757;0.0004793;0.0010538;0.0068943;0.00064077;0.0032348;0.0016062;0.0063716;0.00017558;0.00020299;0.0073169;0.0020836;0.010089;0.0022757;0.012651;0.0049395;0.00094962;0.0024286;0.0029522;0.0010667;0.00057954;0.0010146;0.005145;0.0001746;0.0004845;0.0017154;0.004692;0.0015241;0.00075764;0.0010915;0.0011241;0.00010123;5.8595E-05;0.0053383;0.0012295;0.0060043;0.001566;0.0056548;0.0029133;0.0044099;0.0058402;0.031274;0.014445;0.022024;0.024265;0.014701;0.027913;0.025158;0.031903;0.0020172;0.025121;0.03058;0.032391;0.0028874;0.031201;0.022909;0.03247;0.016086;0.032828;0.03012;0.0076803;0.0016947;0.031773;0.010602;0.030013;0.0083782;0.006913;0.0015622;0.00041855;0.0059298;0.0045573;0.0043805;0.0019919;0.024365;0.017952;0.00097239;0.0039172;0.011752;0.032731;0.030435;0.0039408;0.00092521;0.030561;0.0043006;0.026517;0.026531;0.028435;0.032922;0.018517
33;4.9385;0.034627;2;0.85;0.5;50;50;Euclidean(MinimumTimesMedian);0.0024077;0.0076149;0.00095779;0.0011078;0.002689;0.012111;0.0001879;0.00095454;0.00011935;0.0026304;0.0042656;0.00021758;0.0015607;0.0081805;0.00024579;0.00094007;0.0020155;0.008248;0.00091283;0.0034047;0.007186;0.0013699;9.3474E-05;1.5224E-05;0.00086141;0.0010355;0.0094503;0.00020685;0.001916;0.0032877;6.5817E-05;0.0018957;0.00072746;1.8836E-05;0.00051267;0.006121;0.0041688;0.0012365;0.0010618;0.0033282;0.0064448;0.0030457;0.0016545;0.0058651;0.0040139;0.00046037;0.005496;0.0012105;0.00026472;0.010625;0.033396;0.0052297;0.028282;0.034768;0.0024108;0.0021051;0.0040565;0.019492;0.031485;0.030849;0.014724;0.032542;0.032753;0.00011184;0.024004;0.033258;0.032301;0.00067945;0.000663;0.029788;0.017921;0.030901;0.026625;0.00034935;0.0011984;0.00063134;0.034891;0.00079188;0.0027389;0.021779;0.0066296;0.0044525;0.03167;0.032449;0.0058711;0.029375;0.033277;0.027456;0.034833;0.031413;0.0015375;0.0086411;0.00053575;0.033582;0.01146;0.03168
34;2.4051;299.4;2;0.85;0.5;50;50;Euclidean(Summation);0.001568;0.0022505;0.013563;0.00092246;0.0038342;0.0032003;0.0016345;0.01394;0.0010908;0.0034441;0.00030282;0.00032904;0.00036233;0.00010746;0.003021;0.00046297;0.0019622;0.0021328;0.00095155;0.00018426;0.00053427;0.021491;0.00043599;0.0012899;0.00070162;0.0011148;0.0047816;0.0014899;0.00066086;0.00041245;0.002049;0.00021928;0.0011234;0.0010793;0.002079;0.0014319;0.00071715;0.00034403;0.0014365;0.00118;0.010478;0.00044571;0.0010457;0.0024385;0.0056716;0.00064133;0.0016698;0.0012776;0.0034304;0.0016125;0.0019295;0.00097807;0.00097056;0.018335;0.0013593;0.0047421;0.038019;0.039263;0.036826;0.0046994;0.0053679;0.040705;0.028844;0.0011261;0.039595;0.036463;0.013028;0.040326;0.020511;0.038599;0.0015376;0.040507;0.037794;0.0043168;0.032551;0.00028912;0.040275;0.0010923;0.0015065;0.038352;0.020971;0.016145;0.0046793;0.035864;0.0033515;0.00023291;0.02867;0.0036833;0.036106;0.0049758;0.0011434;0.039747;0.039629;0.0084952;0.0095949;0.0082549
35;2.3311;290.19;2;0.85;0.5;50;50;Euclidean(Summation);0.0071412;0.010899;0.0011439;0.0015162;0.0012607;0.0091261;0.00099049;0.0012847;0.0028201;0.0087017;7.9606E-05;0.00086985;0.00048558;0.0063785;0.0045463;0.00083376;0.002341;0.0003644;0.0016587;0.0067427;0.00060089;0.0011413;0.0030187;0.0022621;0.010233;0.00043535;0.00090619;0.00018903;0.0062197;0.00043412;0.009966;0.001136;0.0011499;0.0020304;0.011244;0.0067211;0.00040464;0.0020673;0.0058372;0.00043098;0.0081619;0.0063665;0.0062057;0.0050167;0.0026092;0.0033243;0.0035915;0.00084698;0.0030341;0.031241;0.0414;0.0030593;0.00070798;0.0012374;0.001439;0.0066509;0.0031318;0.031586;0.01282;0.017847;0.00089717;0.0091452;0.0050714;0.0013302;0.030767;0.04128;0.042131;0.0016299;0.00080567;0.015953;0.03923;0.0022557;0.037982;0.020463;0.0024923;0.00088833;0.042069;0.0029184;0.018236;0.039116;0.0086953;0.0002756;0.04067;0.031052;0.0020646;0.0074167;0.019754;0.040462;0.0038968;0.038473;0.0041868;0.0012793;0.037349;0.041745;0.040249;0.0018783
36;2.3457;292;2;0.85;0.5;50;50;Euclidean(Summation);0.0022762;0.001673;0.0023932;0.0023696;9.6538E-05;0.00015305;0.0023389;0.00021076;0.012319;0.0011288;0.002776;0.0013942;0.00079121;0.0030928;0.00095851;0.00082988;0.0007586;0.0055463;0.0054664;0.0028106;0.0060666;0.0045195;0.00482;0.0045381;0.00069038;0.00091265;0.0012352;0.00062864;0.0011802;0.0019975;0.00526;0.00038529;0.0075438;0.0017889;0.00068612;0.0062919;0.0011255;0.00098851;0.0024419;0.0016563;0.0036107;0.00016334;0.0011673;0.0019482;0.00093535;0.0044709;0.00014875;0.0023568;0.037895;0.0047636;0.0044146;0.004298;0.00073551;0.00052387;0.021923;0.0066668;0.0019967;0.036043;0.031823;0.034942;0.033215;0.0069951;0.00056519;0.032637;0.035738;0.0019672;0.031324;0.035493;0.034508;0.030471;0.037385;0.032973;0.037992;0.012407;0.0027069;0.0028419;0.0023057;0.00063525;0.0050931;0.037387;0.0011085;0.00033332;0.027704;0.029045;0.0065031;0.00044667;0.0097375;0.00071609;0.030975;0.038072;0.0010518;0.038021;0.0038136;0.027467;0.031836;0.033563
differential evolutions parameters, by distance
i;dDE / dP;distance;type;parentWeight;crossover;population;iterations;distance;weights ->
1;1.2856;1.0072;2;0.85;0.5;50;50;Manhattan(GeometricAverage);0.00073212;0.0033553;0.00064463;0.0032151;0.00084862;0.00089933;0.0022956;0.00064258;0.0081366;0.0022022;0.0059506;0.0011198;0.00094762;0.00083648;0.002924;0.0055318;0.0028196;0.00024012;0.0033432;0.0023281;0.0093342;0.0010667;0.0010492;0.0022476;0.0013651;0.0047511;0.0039804;0.00044411;0.0015051;0.0035443;0.0014456;0.00063969;0.00078433;0.00019609;0.0023887;0.0054541;0.00093158;0.00059784;0.0020344;0.002364;0.0047561;0.0023724;0.0024989;0.0024622;0.0067035;0.0013327;0.0031204;0.0013922;0.0235;0.016999;0.018774;0.0015033;0.025115;0.022121;0.016892;0.020918;0.021958;0.01372;0.02059;0.026211;0.016614;0.016236;0.022178;0.022527;0.021382;0.022075;0.0021852;0.025729;0.006035;0.022131;0.016819;0.02071;0.023241;0.024324;0.0021676;0.019409;0.023433;0.0137;0.009988;0.012642;0.019532;0.0020085;0.013708;0.024016;0.025037;0.021231;0.015168;0.020293;0.015442;0.0099473;0.016093;0.025832;0.025877;0.025705;0.022545;0.025963
2;1.2864;1.0104;2;0.85;0.5;50;50;Manhattan(Median);0.0022569;0.0032535;0.0038617;0.0070955;0.00182;0.0010925;0.00025645;0.0018761;0.0025031;0.0010292;0.00017051;0.00055601;2.1375E-05;0.0079334;0.0019515;0.0001456;0.0011599;0.00081769;0.0008333;0.00012684;0.0041078;0.0030557;0.0008897;0.00081191;0.00014322;0.00034292;0.0049869;0.0014298;0.00011802;0.0016107;0.0013004;0.0045138;0.0027644;0.00034229;0.00064702;0.0015664;0.0057712;0.00069636;5.0249E-05;0.0027464;0.0028969;0.00056915;0.0045914;0.00057847;0.0032343;0.00018295;0.012169;0.0031091;0.002411;0.025282;0.026729;0.025724;0.01947;0.022914;0.020952;0.017145;0.022706;0.013273;0.022358;0.020713;0.020269;0.0055879;0.024099;0.024358;0.024262;0.022966;0.025439;0.0031477;0.008445;0.017454;0.02437;0.021595;0.0097456;0.019238;0.023413;0.010321;0.026811;0.022358;0.018743;0.019804;0.012732;0.018584;0.024802;0.013291;0.010237;0.0067655;0.024886;0.0076289;0.02512;0.012423;0.019055;0.024804;0.024906;0.02628;0.019563;0.012832
3;1.3005;1.0215;2;0.85;0.5;50;50;Manhattan(Median);0.00072222;0.00023231;0.00077954;0.0012075;2.4164E-05;0.0013881;0.0031523;0.00059411;0.0023905;0.0014943;0.00067015;0.00092605;0.0039297;0.00030526;0.0017426;0.00098007;0.00087529;0.0026521;9.5579E-05;0.0020991;0.0039701;0.00193;0.0061474;0.0024712;0.0067958;1.6108E-05;0.00035098;0.0011968;0.0031445;0.003114;0.004293;0.0017572;0.00091934;0.0064542;0.00070767;0.006978;0.0014921;0.00072472;0.00058041;0.0017905;0.0010231;0.001038;0.00060224;0.002475;0.00026814;0.0028236;0.00095334;0.0048211;0.023009;0.020915;0.016849;0.0247;0.027771;0.025314;0.024087;0.027726;0.02896;0.02381;0.0077333;0.026153;0.025321;0.023742;0.026604;0.029363;0.01407;0.018172;0.0087292;0.020359;0.0047562;0.0053359;0.029167;0.025626;0.020891;0.0084238;0.021513;0.010666;0.010035;0.013643;0.0004474;0.019531;0.016466;0.0033035;0.018898;0.019503;0.029202;0.024948;0.023101;0.029841;0.0021089;0.016056;0.002649;0.024273;0.026691;0.02421;0.022535;0.0076947
4;1.3009;1.0203;2;0.85;0.5;50;50;Manhattan(Average);0.00086172;0.0010067;0.00064003;0.00062623;0.0037628;0.0019721;0.0056666;0.00032417;0.0010964;0.0011102;0.0021156;0.00050737;0.00070207;0.00082845;0.00035947;0.0016428;0.0019794;0.002439;0.00017519;0.001755;0.0030596;0.0022455;0.0065598;0.0011021;0.0016473;0.0016593;0.0003447;0.0027457;0.00038593;0.00092999;0.00077212;0.0018137;0.00022596;0.0030588;0.00046107;0.0025128;0.00069961;0.0019484;0.0085373;0.0019839;0.0012723;0.0022637;0.0044283;0.002174;0.00088528;0.0033486;0.0022058;0.0020761;0.0045849;0.01924;0.018526;0.014066;0.028418;0.02559;0.0089723;0.024247;0.028484;0.020648;0.0032829;0.025474;0.027454;0.019224;0.022958;0.014124;0.025942;0.028615;0.026395;0.010825;0.027857;0.012869;0.0098564;0.028842;0.022446;0.021243;0.0022499;0.015202;0.027641;0.026367;0.0018853;0.011602;0.0022325;0.026259;0.0067327;0.022116;0.026192;0.028332;0.00057754;0.026301;0.01359;0.026839;0.0064913;0.017302;0.017047;0.028138;0.027883;0.027915
5;1.3017;1.0198;2;0.85;0.5;50;50;Manhattan(GeometricAverage);4.5933E-06;0.00098134;0.0032193;6.4871E-05;0.0023286;0.0018649;0.003635;0.00084861;0.0064872;0.00049264;0.0013749;0.0026324;0.0014837;0.0054673;0.0041461;0.00077974;0.0023814;0.00040974;0.00035803;0.0015275;0.0013618;0.0012965;0.0037948;0.0010269;0.0014187;0.0018224;0.00023684;0.00070881;0.0041278;0.00093929;0.00065728;0.0023931;1.3984E-05;0.00034625;0.0013599;0.00043382;6.9866E-06;0.0064436;0.002638;0.0049269;0.00064337;0.00021754;0.0034782;9.8815E-05;0.0022498;0.0012428;0.0010832;0.0026906;0.0054186;0.020721;0.027958;0.0148;0.025787;0.020607;0.0098225;0.00094127;0.021937;0.018318;0.018902;0.025096;0.0058302;0.029672;0.026924;0.02186;0.015134;0.029956;0.018052;0.028428;0.019749;0.020943;0.020046;0.015582;0.028753;0.02518;0.0045127;0.029185;0.016885;0.01375;0.027802;0.023164;0.026383;0.012248;0.028349;0.026094;0.021861;0.01007;0.023317;0.0025683;0.023273;0.018787;0.0019069;0.030098;0.012755;0.01881;0.017458;0.0061587
6;1.3026;1.0216;2;0.85;0.5;50;50;Manhattan(Average);0.0029957;0.0011726;0.00078663;0.001059;0.00045972;0.00075233;7.9535E-05;0.0018034;0.0013121;0.00077638;0.00020803;0.0017529;0.00047288;0.0011687;0.0031671;0.00045555;0.0019598;0.00087335;0.00033152;0.00082879;0.0018449;0.0025911;0.00083106;0.00076299;0.0036046;0.0039496;0.0026161;0.0009181;0.0023527;0.0025435;0.0029734;0.0019236;0.00086111;0.0027026;0.0013526;0.001617;0.00096937;0.00090738;0.0014248;0.0011652;0.0012686;0.0017673;0.0016697;0.0016882;0.00031657;0.024544;0.0009237;0.00092105;0.019996;0.02547;0.020886;0.0098729;0.015862;0.020681;0.0090615;0.022336;0.02349;0.020649;0.011089;0.024171;0.021634;0.024125;0.025684;0.022755;0.024169;0.023438;0.021604;0.026088;0.022826;0.017124;0.022463;0.024251;0.021182;0.019949;0.0040687;0.019529;0.025766;0.0083327;0.014693;0.023506;0.02052;0.0019663;0.013832;0.022006;0.023234;0.016438;0.0089631;0.012013;0.017039;0.020236;0.0051924;0.022842;0.017174;0.024951;0.023211;0.020206
7;1.303;1251.9;2;0.85;0.5;50;50;Manhattan(Summation);0.00053015;0.0013413;0.00057331;0.001538;0.0016294;0.0053102;0.00065066;0.0013965;0.001605;0.0013759;0.00080559;0.0026207;0.0002623;0.0031222;0.00014556;0.0028745;0.0022068;0.0022559;0.0037279;0.00067792;0.0031694;0.00012891;0.00013957;0.0074801;0.00055124;0.0015645;0.0036416;0.0010187;0.0056784;0.0024602;0.0031378;0.0013475;0.0052466;0.00022787;0.0024237;0.00085553;0.00054613;0.00094763;0.00069977;5.6931E-05;0.00065141;0.0005301;0.00071161;0.0026209;0.0044968;0.0015209;0.0041717;0.00021052;0.013354;0.026101;0.011653;0.0010726;0.0082957;0.02526;0.0090581;0.024457;0.019575;0.027111;0.021589;0.023586;0.0065935;0.022548;0.0020529;0.026533;0.026931;0.023362;0.026515;0.01896;0.0017305;0.020294;0.026547;0.02106;0.022841;0.023433;0.010223;0.02725;0.025901;0.026023;0.0010528;0.023412;0.0082344;0.024015;0.022154;0.026012;0.0087522;0.025795;0.023103;0.013633;0.015659;0.020229;0.0048545;0.022537;0.025951;0.025556;0.02328;0.02497
8;1.3056;1.0255;2;0.85;0.5;50;50;Manhattan(Median);0.0018113;0.0030406;0.0006138;0.0013565;0.0016489;0.0020669;0.00091944;0.00057798;0.0023837;0.0035936;0.0032532;0.0015689;0.00057243;0.001181;0.0006223;0.00045209;0.0047064;0.0010994;0.0011301;0.00011262;0.00058746;0.00092003;0.00059886;0.0010376;0.00096961;0.0030045;0.0022119;0.00017292;0.0016097;0.0010898;0.00038776;0.00077867;0.014763;0.00098074;0.0016878;0.002644;0.0021419;0.0063572;0.00025034;0.0015452;0.0014836;0.00080442;0.00015928;0.0011199;0.0011866;0.0028352;0.00064696;0.0016615;0.022889;0.023685;0.024953;0.014057;0.024795;0.021728;0.023773;0.012627;0.023785;0.0063202;0.0068382;0.024115;0.014911;0.024424;0.023597;0.016089;0.021891;0.025113;0.011825;0.023258;0.022434;0.0054138;0.022163;0.024293;0.025022;0.0067493;0.0033184;0.0063368;0.025543;0.02233;0.0037931;0.016344;0.019379;0.020947;0.024327;0.024888;0.025013;0.021573;0.024554;0.018432;0.020132;0.020608;0.0088026;0.02035;0.024591;0.024521;0.018051;0.023069
9;1.309;1257.6;2;0.85;0.5;50;50;Manhattan(Summation);0.00097679;0.00030819;0.00018801;0.00055759;0.0030176;4.1497E-05;0.0020987;2.1497E-05;0.0012869;0.00039382;0.0029183;0.00010076;0.00039926;0.0036991;0.0045644;0.00082965;0.0059563;0.00096118;0.0012454;0.0018878;0.0025822;0.00041263;0.005602;0.0013969;0.00082479;0.0019059;0.0013965;0.00053607;0.0011724;0.00051057;0.0013314;0.0023279;0.0010778;0.007264;0.00048654;0.0025912;0.0042112;0.0014338;0.0009548;0.0003776;0.0019213;0.0013573;4.5728E-05;0.0011604;0.0032432;0.00076365;0.0019514;0.00090709;0.027829;0.0057355;0.015811;0.015866;0.022171;0.025734;0.019249;0.017749;0.011067;0.026203;0.013428;0.028344;0.028857;0.022402;0.019137;0.0027532;0.022103;0.028455;0.0087149;0.029118;0.01576;0.022238;0.026488;0.024736;0.028582;0.023912;0.025051;0.020987;0.025261;0.018053;0.012637;0.026316;0.0071283;0.0087558;0.021016;0.010771;0.026927;0.00013079;0.023471;0.014032;0.014988;0.016365;0.010467;0.026186;0.021639;0.026678;0.028295;0.0012054
10;1.3099;1.0261;2;0.85;0.5;50;50;Manhattan(GeometricAverage);9.7939E-05;0.0080734;0.0026898;0.00026226;0.00014877;0.00027635;0.00015043;6.6189E-05;0.0022412;0.00029363;0.0055822;0.0054682;0.0010873;0.00056488;0.00050971;0.00014684;0.0010848;0.0006404;0.0017347;0.0032526;0.00053246;2.3405E-05;0.00015772;0.0008534;0.00049746;0.0037092;0.0073781;0.00082862;0.0031553;0.00090399;0.00081903;0.0021372;0.00022088;0.001189;0.00095645;0.0012705;7.1789E-06;0.0021935;0.00049504;0.0012516;0.0036426;0.00012785;0.00061966;0.00038864;0.00086455;0.0019473;0.0020048;0.0031146;0.02868;0.023859;0.021068;0.020858;0.01735;0.021268;0.010413;0.027348;0.00026746;0.02813;0.025928;0.017076;0.029214;0.025088;0.01363;0.019564;0.026164;0.028677;0.025932;0.01998;0.023662;0.022981;0.0039837;0.022021;0.018457;0.014942;0.018473;0.011752;0.028103;0.0014106;0.022423;0.011529;0.020789;0.0052809;0.026932;0.026307;0.0038101;0.0066274;0.029004;0.00032939;0.024931;0.0027016;0.025919;0.028321;0.017174;0.027702;0.028716;0.019561
11;1.3099;0.83986;2;0.85;0.5;50;50;Manhattan(Minimum);0.0012729;0.00050938;0.0018558;4.743E-05;0.0061416;0.0069928;0.0017298;0.00064741;0.0030409;0.004116;0.0085081;0.00028483;0.0019833;0.013391;0.0024266;0.00019879;0.0074178;0.0049849;0.0040832;0.0015819;0.0016009;0.0055608;0.0025985;0.0032484;0.0023301;0.001486;0.002807;0.0008527;0.0020147;0.0019495;0.0039869;0.010542;0.0018579;0.0011951;0.0018596;0.0077785;0.0029451;0.0051833;0.002272;0.0023739;0.0014405;0.0039165;0.0063795;0.0039678;0.0019267;0.0018978;0.0069641;0.002317;0.021767;0.0004267;0.0094963;0.0037344;0.026506;0.02418;0.021148;0.023098;0.025986;0.025631;0.024978;0.017069;0.0027351;0.018707;0.025658;0.025386;0.015964;0.022452;0.0057259;0.012805;0.023651;0.026752;0.025161;0.0034181;0.013328;0.026905;0.00051907;0.014807;0.015971;0.014479;0.019774;0.015315;0.026718;0.010727;0.025618;0.022117;0.0092791;0.0070739;0.024815;0.022531;0.023205;0.012428;0.022221;0.017132;0.0037257;0.018084;0.020902;0.015421
12;1.3111;1259.6;2;0.85;0.5;50;50;Manhattan(Summation);0.00091928;0.0026895;0.0024223;0.0021225;0.0002414;0.00073706;0.0018013;0.00084538;0.00046201;6.1383E-05;0.00047021;0.00068945;0.0013323;0.0015569;0.0017874;0.001015;0.0017796;0.00046239;0.0020189;5.9125E-05;0.00068453;0.0011153;0.00084939;0.0020829;4.2043E-05;0.0019077;0.00098412;0.0014278;0.0007427;3.6329E-05;0.0054422;0.00065877;9.081E-05;0.0023672;0.0013431;0.0014961;0.00095784;0.0035422;0.0042851;0.0005682;0.0017704;0.0011124;0.0052578;0.0017231;0.0028904;0.002376;0.00039094;0.00020588;0.026668;0.02522;0.024246;0.021789;0.018497;0.012036;0.026853;0.019946;0.021334;0.022793;0.020991;0.015048;0.022773;0.025992;0.02072;0.007538;0.019333;0.026159;0.021613;0.021345;0.02021;0.021313;0.0020604;0.017795;0.026485;0.012346;0.0010751;0.0076881;0.015471;0.019493;0.019383;0.025177;0.022768;0.017689;0.025374;0.024363;0.02471;0.021754;0.024711;0.0086394;0.022403;0.026634;0.003105;0.026449;0.025931;0.002133;0.020288;0.023833
13;1.3115;1.0286;2;0.85;0.5;50;50;Manhattan(Average);0.0010422;0.0004513;0.0011784;0.0021097;0.0024245;0.00083057;0.00078736;0.0027459;0.0012201;0.003415;0.00029465;0.0013358;0.0022916;0.00063024;0.0022479;0.0022748;0.0011525;0.0027342;0.00023497;0.00011411;0.00020817;0.00046965;0.0011892;0.0027453;0.0016581;0.0013525;0.00031506;0.00018908;0.0033442;0.00071772;0.0019429;0.0018893;0.0034453;0.00077357;0.0013851;0.0009749;0.0002814;0.0018549;0.0024297;0.0012357;0.00084313;0.0029938;0.0023137;0.0082743;0.00039561;0.00056748;0.00086381;0.00043958;0.017988;0.014365;0.026098;0.013815;0.012764;0.019654;0.017126;0.0257;0.020117;0.026759;0.021467;0.026663;0.018275;0.026801;0.026003;0.015215;0.020473;0.024468;0.011581;0.026182;0.025571;0.015959;0.016386;0.023565;0.010461;0.0068138;0.023865;0.023738;0.019959;0.018602;0.007233;0.018935;0.006984;0.00030647;0.021496;0.015241;0.025954;0.0033315;0.019308;0.014224;0.023575;0.023112;0.020492;0.02491;0.025677;0.025067;0.026992;0.026121
14;1.313;0.8418;2;0.85;0.5;50;50;Manhattan(Minimum);0.00028984;0.0077148;0.0080736;0.0013927;0.0039945;0.0010562;0.0021557;0.0015603;0.017308;0.0028703;0.0013189;0.0097536;0.00087676;0.0014283;0.0022017;0.001397;0.015234;0.01248;0.0014884;0.012193;4.7194E-05;0.0010699;0.00062782;0.0038576;0.0013683;0.0018554;0.0004206;5.6128E-06;0.0028997;0.00058998;0.0025704;0.0047491;0.00057266;0.010837;0.0026219;0.0031706;0.0026482;0.0033241;0.0020587;0.00013908;7.4397E-05;0.0020877;0.00187;0.00097751;0.0042587;0.0041278;0.00053573;0.0057876;0.025462;0.019127;0.016295;0.023102;0.019565;0.020338;0.015314;0.019433;0.025677;0.026329;0.026631;0.021129;0.011591;0.025475;0.02058;0.025781;0.019138;0.026735;0.026443;0.018667;0.0048058;0.026597;0.023726;0.0094178;0.010689;0.014757;0.015555;0.01882;0.0099626;0.0072728;0.0014814;0.011003;0.014288;0.0046258;0.017465;0.016495;0.017446;0.017977;0.025315;0.024571;0.02108;0.0026671;0.019652;0.0079088;0.0079719;0.0083838;0.013205;0.024112
15;1.3314;0.85362;2;0.85;0.5;50;50;Manhattan(Minimum);0.0016055;0.0048232;0.0035579;0.00035035;0.0042477;0.0028797;0.00037807;0.0011826;0.00027546;0.0036911;0.008695;0.0015307;0.0016222;0.00039583;0.0051879;0.0040831;0.0011525;0.00072811;0.0026046;0.0039064;0.0038525;0.0010787;0.001134;0.0032746;0.0041571;0.0038809;0.0023097;0.0012181;0.0012032;0.00027148;0.0019673;0.0051391;0.0043941;0.0059299;0.004432;0.004515;0.0014051;0.0018381;0.002264;0.0012557;0.0091875;0.00085254;0.00038543;0.00066142;0.0021524;0.0045502;0.002135;0.0018475;0.019184;0.016739;0.022917;0.018323;0.012484;0.025559;0.018714;0.0055491;0.014262;0.023676;0.023698;0.016077;0.0013841;0.025584;0.025368;0.025586;0.0054474;0.025388;0.020959;0.022999;0.014293;0.015843;0.021557;0.015916;0.021799;0.016842;0.022875;0.023154;0.0021325;0.021956;0.014335;0.024468;0.024258;0.0040773;0.0042867;0.023535;0.023505;0.017765;0.020602;0.022803;0.014733;0.018272;0.025364;0.0246;0.01576;0.0021632;0.020674;0.022344
16;1.7068;0.85953;2;0.85;0.5;50;50;Manhattan(MinimumTimesMedian);0.001155;0.0022613;0.0037657;0.0010088;0.0012013;0.0048263;6.8938E-05;4.9501E-05;0.00058627;0.0025109;0.0010473;0.0060494;7.9048E-05;0.0018699;0.00065095;0.0009134;0.0023851;0.0038072;0.0056634;0.0011078;0.0043386;0.0029245;0.0001719;0.00064677;0.0015616;0.0040659;0.0037404;0.00028574;0.0049424;0.00025731;0.00049391;0.004655;0.00024886;0.0039864;0.0024349;0.003466;0.003849;0.0042946;0.00053596;0.0022567;0.00051411;0.00076895;0.001609;0.0005986;0.001658;0.00025928;0.0029687;0.00084831;0.013597;0.016062;0.015084;0.017949;0.01283;0.02424;0.025392;0.019679;0.017907;0.024492;0.022024;0.013738;0.0079603;0.025811;0.020204;0.02621;0.018563;0.025605;0.020927;0.013515;0.019183;0.014647;0.019866;0.018453;0.020278;0.023174;0.017991;0.023244;0.0026118;0.021021;0.025855;0.021736;0.020226;0.019102;0.0059579;0.010582;0.023708;0.015424;0.022143;0.017857;0.024566;0.018026;0.023795;0.024513;0.012924;0.018106;0.0078046;0.026025
17;1.7097;0.86098;2;0.85;0.5;50;50;Manhattan(MinimumTimesMedian);0.003247;0.0025791;0.0010883;0.00062538;0.00011436;0.0015653;0.0041681;0.0041105;0.00097475;0.0048443;0.00089802;0.00045431;0.00053899;0.0012761;0.0013729;0.00057039;0.0024125;0.00022445;4.0964E-05;0.0020645;0.002778;0.00049114;0.0027578;0.00316;0.0080364;0.0044443;0.0042882;0.0016408;4.56E-05;0.00074691;0.00018329;0.00059864;0.0011831;0.00011451;0.0010846;0.0048926;0.0017401;0.00059232;0.0066923;0.0020157;0.0011488;0.0003523;0.0056598;0.00086101;0.0062273;0.0068302;0.0020346;0.0026373;0.021132;0.022493;0.023576;0.026333;0.017618;0.023253;0.0071242;0.025656;0.015805;0.026005;0.026097;0.02113;0.0017237;0.019262;0.026349;0.022492;0.025397;0.021661;0.017624;0.0238;0.013511;0.025787;0.025914;0.017154;0.012985;0.0035639;0.021165;0.024988;0.022699;0.01097;0.0024104;0.022836;0.02534;0.0015498;0.023887;0.017431;0.01825;0.011867;0.020028;0.015954;0.022829;0.019961;0.022375;0.023643;0.0034404;0.010083;0.019282;0.019156
18;1.724;0.86818;2;0.85;0.5;50;50;Manhattan(MinimumTimesMedian);0.00049676;0.0012014;0.0026028;0.00022931;0.0013816;0.004916;0.0033623;0.00094632;0.0019182;0.0024858;0.00046653;0.0014348;7.3895E-05;0.0050364;0.0099985;6.0805E-05;0.001522;0.0020151;0.0010473;0.00088079;0.0023502;0.00041899;0.00049581;0.0025632;0.00060148;0.0027743;0.002594;0.00072303;0.00094161;0.0026276;0.0010243;0.0015486;0.0011163;0.010431;0.0012913;0.002316;0.00021574;0.0013346;0.00028411;0.004923;0.0010076;0.00060461;0.0020688;0.0024318;0.0019532;0.008595;0.0029592;0.0034809;0.022758;0.023633;0.022421;0.011742;0.021832;0.025986;0.012847;0.006325;0.020414;0.009926;0.02422;0.019112;0.020631;0.013987;0.025547;0.025333;0.021572;0.022805;0.024279;0.0096541;0.022394;0.012204;0.021455;0.021867;0.011803;0.016123;0.016568;0.023359;0.0085952;0.013285;0.013387;0.01306;0.025698;0.0066613;0.022044;0.023058;0.013499;0.011312;0.025351;0.01977;0.025293;0.0099478;0.023029;0.023969;0.011989;0.025623;0.023651;0.024228
19;2.0559;0.14142;2;0.85;0.5;50;50;Euclidean(Minimum);0.0014143;0.0035558;0.0027899;0.0010357;0.0042708;0.0051593;0.005081;0.0086251;0.02279;0.00077254;0.0049805;0.00094899;0.0071418;0.0066422;0.00099252;0.00048603;1.1833E-05;0.0029392;0.0070453;0.0040059;0.0025057;0.0047955;0.00016326;0.0019362;0.0035068;0.0016352;0.0017623;0.0067316;0.0062681;0.0036498;0.0078629;0.0015262;0.0038732;0.0050823;0.001675;0.00014553;0.0017815;0.0037092;0.0012039;0.0032261;0.002353;0.0081068;0.0027545;0.00048318;0.0010989;0.0044955;0.0070628;0.0024165;0.0013571;0.028692;0.028635;0.023938;0.026929;0.020751;0.021536;0.025912;0.0069161;0.01798;0.001004;0.0034886;0.0081585;0.0072908;0.02603;0.02888;0.027271;0.028381;0.026232;0.028373;0.012666;0.026606;0.026871;0.013357;0.016462;0.018366;0.0058458;0.022176;0.0069277;0.028059;0.0018659;7.444E-05;0.00072699;0.00051736;0.02777;0.028903;0.01998;0.021775;0.027596;0.021776;0.027235;0.0031143;0.0024343;0.0017238;0.027686;0.023706;0.012726;0.0027974
20;2.093;0.14396;2;0.85;0.5;50;50;Euclidean(Minimum);0.0027695;0.003705;0.00022382;0.002483;0.0019286;6.135E-06;0.0024817;0.0016393;0.0019473;0.0060156;0.0010934;0.01529;0.002274;0.009257;0.0008642;0.00022021;0.00023162;0.00065347;0.00032953;0.017065;0.00038309;0.0024779;0.0045252;0.0013971;0.0025376;0.0008268;7.7025E-05;0.0026952;0.0035587;0.022188;0.00083575;0.0020023;0.0035972;0.00014572;0.0088658;0.00083226;0.0051608;0.00058151;0.0020125;0.001117;0.0043187;0.0019705;0.0017712;0.00037985;0.0015523;0.0043015;0.00096999;0.0010372;1.2559E-05;0.018203;0.025133;0.02367;0.0005096;0.028919;0.017386;0.0094552;0.0044966;0.028566;0.023644;0.027564;0.0013045;0.0011119;0.026564;0.022838;0.0064907;0.027885;0.028251;0.0018034;0.0091826;0.026521;0.0020421;0.0265;0.013214;0.00013677;0.0016882;0.028389;0.00077457;0.022011;0.0024358;0.017316;0.016384;0.021598;0.02414;0.028546;0.018362;0.028021;0.017834;0.012305;0.02127;0.026553;0.02857;0.028256;0.024594;0.027812;0.028142;0.020996
21;2.1159;0.21397;2;0.85;0.5;50;50;Euclidean(GeometricAverage);0.0010569;0.00026097;0.0016634;0.015296;0.00021729;0.0012681;0.0016264;0.0022887;0.0026109;0.0020136;0.00070644;0.00020574;0.00081856;0.0021064;0.0036206;0.00014064;0.0028309;0.0037197;0.0019413;0.0024622;0.001611;0.00043807;0.0055642;0.001109;0.00059842;4.7737E-05;0.0056835;0.0086175;0.0055147;0.0021722;0.0011238;0.0022656;0.0045504;0.0055489;0.00023892;0.0063995;0.0026104;0.00014722;0.0039076;0.012463;0.002366;0.010896;0.0013635;0.00034969;0.00026112;0.0070714;0.0078554;0.0077256;0.0011384;0.032943;0.00023554;0.0033125;0.032366;0.0071736;6.157E-05;0.031076;0.030485;0.031757;0.030079;0.031147;0.032428;0.03144;0.0012795;0.032017;0.0095023;0.032323;0.032086;0.0024628;0.0038201;0.033456;0.0020773;0.0026128;0.00088856;0.033377;0.02738;0.032839;0.025596;0.016001;0.025352;0.00022593;0.022805;0.0018337;0.00056346;0.032999;0.002024;0.012462;0.0048599;0.0038087;0.027907;0.030365;0.024475;0.0079278;0.026886;0.0014956;0.032897;0.0023948
22;2.1301;0.14652;2;0.85;0.5;50;50;Euclidean(Minimum);0.0098599;8.1613E-05;0.0018725;0.0037166;0.0050924;0.015387;0.0099625;0.00039588;0.00092399;0.00086892;0.00027055;0.0056904;0.00018468;0.00064314;0.004105;0.0022704;0.0041207;0.0022408;0.00064519;0.0044162;0.0053811;0.0045044;0.00057459;0.00095275;0.0037956;0.0014508;0.0022786;0.0010824;0.002338;0.010498;0.0050355;0.00069723;0.0026201;0.00072754;0.0075398;0.0039091;0.00074534;0.0010848;0.0052927;0.0066707;0.0043258;0.00072492;0.0020111;0.0022156;0.0014697;0.004981;0.0043805;0.0030641;0.029939;0.024654;0.014609;8.0854E-05;0.01925;0.029449;0.02939;0.025923;0.0022757;0.025713;0.015026;0.026638;0.0011545;0.0055487;0.028447;0.030821;0.03062;0.028022;0.0033851;0.02786;0.00016323;0.026759;0.0073185;0.030572;0.0057169;0.0062991;0.0015648;0.0008175;0.030491;0.020249;0.0057009;0.0040087;0.016518;0.030902;0.017645;0.027096;0.027963;7.7259E-05;0.026221;0.016201;0.026805;0.0016587;0.0050651;0.012033;0.023974;0.030618;0.022567;0.013088
23;2.2415;0.22849;2;0.85;0.5;50;50;Euclidean(Median);0.0046333;0.0080548;0.00059503;0.00020375;0.00050341;0.001802;0.0063401;0.0062048;0.0097446;0.0013845;0.0046147;0.004666;0.0017951;0.0060014;0.0016994;0.0010264;0.0038483;0.0015318;0.00051399;0.025338;0.0010868;0.0051448;0.0013691;0.00059431;0.0016746;0.0018545;0.0018655;0.001565;0.012671;0.0012064;0.0021443;0.012728;0.0020589;0.00038674;0.0083122;0.0060977;0.0027516;0.0011199;0.011746;0.0039108;0.00056542;0.00209;0.0041381;0.0018971;0.0015067;0.0003139;9.788E-05;0.003067;0.03717;0.0098026;0.036547;0.032964;0.035969;0.037781;0.00047791;0.0012496;0.0012502;0.037144;0.023879;0.0081982;0.017822;0.037673;0.0037178;0.024713;0.0080594;0.0028215;0.030611;0.031025;0.0017465;0.038089;0.0024963;0.033177;0.036073;0.00051174;0.0013474;0.037796;0.0066101;0.0027947;0.0081567;0.037715;0.002717;0.001045;0.0016955;0.034406;0.00043021;0.0012405;0.02794;0.0016081;0.002428;0.001261;0.0079858;0.033633;0.0022645;0.037062;0.02848;0.005948
24;2.2735;0.22991;2;0.85;0.5;50;50;Euclidean(GeometricAverage);0.00093608;0.0064546;0.023981;0.0073156;0.00044018;0.0056285;0.0025495;0.0013459;0.00063859;0.0042877;0.00030315;0.0023045;0.0010879;0.0033185;0.0056545;0.0049562;0.0019033;0.013314;0.0050794;0.001239;0.0015305;0.0035713;0.0026251;0.0031975;0.0022896;0.0043426;0.0034451;0.010633;0.0014994;0.00034555;0.001957;0.0087375;0.0043014;0.0010618;0.01225;0.00090215;0.0021824;0.0056069;0.002464;0.0051922;0.0024443;0.002569;0.0018291;0.0058875;0.0026211;0.0038769;0.0026353;0.00055106;0.037368;0.0017727;0.03205;0.027896;0.0024646;0.037981;0.0081734;0.031338;0.0052408;0.037578;0.037801;0.036995;0.035882;0.002427;0.0029003;0.033779;0.036581;0.038045;0.0014328;0.0080641;0.0058901;0.0015125;0.00053039;0.037563;0.03144;0.0025934;0.00019191;0.0026525;0.0010087;0.0010722;0.0024587;0.0019307;0.0058306;0.0014346;0.00058859;0.035702;0.0010663;0.03624;0.025797;0.0016705;0.0013697;0.0095657;0.034324;0.033007;0.037573;0.00017565;0.004103;0.033651
25;2.275;0.23189;2;0.85;0.5;50;50;Euclidean(Median);0.0055516;0.001896;0.00071992;0.0076034;0.00038682;0.0092916;0.0014622;0.0020048;0.010491;0.0048272;0.0022767;0.00017521;0.0015768;0.0017023;0.0012052;0.00069623;0.0021261;0.0016736;0.002496;0.0013316;0.0010949;0.00070518;0.00010042;0.013034;0.0022471;0.0032317;0.002955;0.0071441;0.0037928;0.0026492;0.0019115;0.0039159;0.0029892;0.0006038;0.004716;1.9482E-05;0.0023302;0.0010822;0.0013364;0.00082632;0.00033224;0.01217;0.0077884;0.0015514;0.0032082;7.7118E-05;0.00085265;0.0045368;0.0039286;0.036419;0.036896;0.0090987;0.02845;0.017604;0.0024226;0.010858;0.0070004;0.036307;0.006407;0.0033468;1.3104E-05;0.027417;0.0011739;0.0044716;0.018102;0.036946;0.00013081;0.033655;0.0010463;0.0050334;0.0347;0.036917;0.00038942;0.029738;0.0063197;0.024713;0.00068319;0.035098;0.0015857;0.0037975;0.037916;2.3703E-05;0.035908;0.027534;0.0095232;0.0099601;0.036049;0.035525;0.0024656;0.03712;0.0025441;0.017586;0.037002;0.033964;0.028204;0.0013106
26;2.2808;0.23178;2;0.85;0.5;50;50;Euclidean(Average);0.0035687;0.0090439;0.0014122;5.1191E-05;0.0018868;0.0040591;0.007786;0.0020006;0.0016434;0.00059588;0.0061712;0.0052874;0.0038813;0.010431;0.00056122;0.0012154;0.0021448;0.0066661;0.00015834;0.00042847;0.0054826;0.00056306;0.0019394;0.00075389;0.0024878;0.0029748;0.0035255;0.00096695;0.0037648;0.0089412;0.00033171;0.0017576;4.0538E-05;0.0031075;0.002676;0.00027756;0.0013656;0.0070135;0.0031797;0.0010417;0.00013976;0.00011169;0.002336;0.00039542;0.00065477;0.0019218;0.0081285;0.0032303;0.0010219;0.0021707;0.001406;0.001457;0.0071727;0.022811;0.027604;0.0009896;0.00087425;0.030682;0.013532;0.00059473;0.00068974;0.0024374;0.037441;0.031641;0.025391;0.026152;0.026363;0.034038;0.0027928;0.030425;0.035493;0.030478;0.037764;0.034008;0.0044387;0.029083;0.037331;0.0020285;0.0064592;0.0025992;0.03539;0.0061244;0.00065076;0.037671;0.0019858;9.984E-05;0.0003468;0.012683;0.031012;0.034125;0.017745;0.037122;0.0016879;0.036311;0.037775;0.023799
27;2.3137;0.23585;2;0.85;0.5;50;50;Euclidean(Median);0.0025054;0.0075225;0.0056082;0.00024242;0.00022291;0.0021016;0.00065738;0.0013492;0.00041555;0.0024739;0.00070772;0.0060788;0.00059926;0.00068349;0.00096208;0.00039945;0.0060831;0.0017502;0.0015135;0.0014984;0.0013954;0.0059774;0.0104;0.0017448;0.0059598;0.003051;0.00036103;0.0098919;0.0040667;0.0058009;0.0024343;0.0020004;0.0003786;0.0021263;0.006315;0.0018738;0.0060358;0.01002;0.00058413;0.0016126;0.0014852;0.00046814;0.0036208;0.00043915;0.00080476;0.0013283;0.00079339;0.00046983;0.012197;0.038322;0.0011454;0.0040244;0.0036339;0.024785;0.00084019;0.037629;0.00064266;0.040273;0.0088152;0.033241;0.034043;0.040516;0.03677;0.037318;0.019395;0.03876;0.01048;0.0063429;0.002639;0.022305;0.03051;0.01095;0.00094531;0.038157;0.006383;0.0016298;0.037131;0.036233;0.006063;0.0029518;0.033163;0.0023209;0.0080955;0.03799;0.016045;0.00071979;0.0398;0.0022307;0.014219;0.0092106;0.0014007;0.0015879;4.3982E-06;0.034993;0.037758;0.0005759
28;2.3311;290.19;2;0.85;0.5;50;50;Euclidean(Summation);0.0071412;0.010899;0.0011439;0.0015162;0.0012607;0.0091261;0.00099049;0.0012847;0.0028201;0.0087017;7.9606E-05;0.00086985;0.00048558;0.0063785;0.0045463;0.00083376;0.002341;0.0003644;0.0016587;0.0067427;0.00060089;0.0011413;0.0030187;0.0022621;0.010233;0.00043535;0.00090619;0.00018903;0.0062197;0.00043412;0.009966;0.001136;0.0011499;0.0020304;0.011244;0.0067211;0.00040464;0.0020673;0.0058372;0.00043098;0.0081619;0.0063665;0.0062057;0.0050167;0.0026092;0.0033243;0.0035915;0.00084698;0.0030341;0.031241;0.0414;0.0030593;0.00070798;0.0012374;0.001439;0.0066509;0.0031318;0.031586;0.01282;0.017847;0.00089717;0.0091452;0.0050714;0.0013302;0.030767;0.04128;0.042131;0.0016299;0.00080567;0.015953;0.03923;0.0022557;0.037982;0.020463;0.0024923;0.00088833;0.042069;0.0029184;0.018236;0.039116;0.0086953;0.0002756;0.04067;0.031052;0.0020646;0.0074167;0.019754;0.040462;0.0038968;0.038473;0.0041868;0.0012793;0.037349;0.041745;0.040249;0.0018783
29;2.3457;292;2;0.85;0.5;50;50;Euclidean(Summation);0.0022762;0.001673;0.0023932;0.0023696;9.6538E-05;0.00015305;0.0023389;0.00021076;0.012319;0.0011288;0.002776;0.0013942;0.00079121;0.0030928;0.00095851;0.00082988;0.0007586;0.0055463;0.0054664;0.0028106;0.0060666;0.0045195;0.00482;0.0045381;0.00069038;0.00091265;0.0012352;0.00062864;0.0011802;0.0019975;0.00526;0.00038529;0.0075438;0.0017889;0.00068612;0.0062919;0.0011255;0.00098851;0.0024419;0.0016563;0.0036107;0.00016334;0.0011673;0.0019482;0.00093535;0.0044709;0.00014875;0.0023568;0.037895;0.0047636;0.0044146;0.004298;0.00073551;0.00052387;0.021923;0.0066668;0.0019967;0.036043;0.031823;0.034942;0.033215;0.0069951;0.00056519;0.032637;0.035738;0.0019672;0.031324;0.035493;0.034508;0.030471;0.037385;0.032973;0.037992;0.012407;0.0027069;0.0028419;0.0023057;0.00063525;0.0050931;0.037387;0.0011085;0.00033332;0.027704;0.029045;0.0065031;0.00044667;0.0097375;0.00071609;0.030975;0.038072;0.0010518;0.038021;0.0038136;0.027467;0.031836;0.033563
30;2.3493;0.23757;2;0.85;0.5;50;50;Euclidean(GeometricAverage);0.00016991;0.0019214;0.00012237;0.0028332;0.0012658;0.0042311;0.0012754;0.0050922;0.0069744;0.0017309;1.0359E-06;0.0077217;0.0059462;0.0029334;0.005883;0.00053815;0.00019034;0.0038643;0.00078722;0.0030173;0.0019583;0.0050736;0.0002915;0.012625;0.0036128;0.0010964;0.0011153;0.0015817;0.0043209;0.016555;0.0002272;0.0073509;0.0020184;0.0020771;0.0035332;0.0010198;0.00086954;0.0015553;0.0017304;0.00042024;0.0019247;0.0016946;0.0017978;0.0016038;0.0017653;0.00029948;0.0022437;0.0033107;0.0031717;0.0036943;0.0006286;0.026077;0.0013869;0.006311;0.00361;0.040049;0.038418;0.0088973;0.037925;0.034019;0.021532;0.0005705;0.0023006;0.031387;0.040165;0.035189;0.0083265;0.0031784;0.040993;0.014267;0.041927;0.0061479;0.041017;0.0043828;0.00010203;0.024752;0.00027211;0.0075287;0.00037327;0.0020867;0.0031879;0.0008714;0.037975;0.036379;0.039283;0.0012374;0.02973;0.0011739;0.0061997;0.0022201;0.041191;0.035316;0.040079;0.0090082;0.040131;0.0051568
31;2.3616;0.23999;2;0.85;0.5;50;50;Euclidean(Average);0.014643;0.0036114;0.00061493;0.00026423;0.00023112;0.0079658;0.00061633;0.0030195;0.00018287;0.0019354;0.0096557;0.0027308;0.0020714;0.0032;0.0025448;0.0062051;0.0028641;0.0002421;0.0023566;0.0042863;0.00011059;0.0094913;0.00082796;0.0038502;0.0049396;0.022403;0.0021447;0.0027752;0.00041537;0.00098731;0.002661;0.0015223;0.0046752;0.0086005;0.00080336;0.0012078;0.0018105;0.0010968;0.0091584;0.0017727;0.0025796;0.0079383;0.0023459;0.001113;0.0017744;0.00041901;0.010232;0.0011896;0.030896;0.00015064;0.00020783;0.00062871;0.0071632;0.0076641;0.0011946;0.034619;0.039831;0.039051;0.0030175;1.7873E-05;0.011606;0.0014551;0.00073696;0.003786;0.040274;0.040324;0.0072945;0.035628;0.0013983;0.00023411;0.003409;0.040444;0.0061106;0.040541;0.016191;0.004785;0.031833;0.009899;0.0024658;0.0009835;0.0050932;0.010739;0.039587;0.032812;0.0013841;0.03047;0.040261;0.00073077;0.012068;0.03298;0.0027062;0.036688;0.03754;0.037588;0.031956;0.0054683
32;2.4051;299.4;2;0.85;0.5;50;50;Euclidean(Summation);0.001568;0.0022505;0.013563;0.00092246;0.0038342;0.0032003;0.0016345;0.01394;0.0010908;0.0034441;0.00030282;0.00032904;0.00036233;0.00010746;0.003021;0.00046297;0.0019622;0.0021328;0.00095155;0.00018426;0.00053427;0.021491;0.00043599;0.0012899;0.00070162;0.0011148;0.0047816;0.0014899;0.00066086;0.00041245;0.002049;0.00021928;0.0011234;0.0010793;0.002079;0.0014319;0.00071715;0.00034403;0.0014365;0.00118;0.010478;0.00044571;0.0010457;0.0024385;0.0056716;0.00064133;0.0016698;0.0012776;0.0034304;0.0016125;0.0019295;0.00097807;0.00097056;0.018335;0.0013593;0.0047421;0.038019;0.039263;0.036826;0.0046994;0.0053679;0.040705;0.028844;0.0011261;0.039595;0.036463;0.013028;0.040326;0.020511;0.038599;0.0015376;0.040507;0.037794;0.0043168;0.032551;0.00028912;0.040275;0.0010923;0.0015065;0.038352;0.020971;0.016145;0.0046793;0.035864;0.0033515;0.00023291;0.02867;0.0036833;0.036106;0.0049758;0.0011434;0.039747;0.039629;0.0084952;0.0095949;0.0082549
33;2.5219;0.25627;2;0.85;0.5;50;50;Euclidean(Average);0.0052557;8.6166E-06;0.0033658;0.00019755;0.00045509;0.004325;0.00095135;0.00078092;0.0011275;0.0015141;0.00098357;0.0036055;0.0086989;0.0011125;0.0024799;0.0042199;0.0018124;0.003412;0.0010237;3.2595E-05;0.0015303;3.1597E-05;0.0016396;0.00072259;0.0015442;0.0021488;0.0031726;0.0063164;0.0046752;0.0045518;0.00086554;0.00028635;0.00081532;0.0014584;0.0014113;0.0058078;0.0011734;0.0039076;0.0024416;7.6263E-05;0.0039922;0.00093925;0.0035186;0.0029034;0.00052772;0.0012025;0.0010047;0.002578;0.04169;0.0051933;0.0037597;0.0044421;0.011308;0.035952;0.023057;0.0018521;0.0427;0.00211;0.042518;0.0033972;0.040289;0.036093;0.00021881;0.042505;0.038581;0.041262;0.025295;0.0025973;0.0055381;0.0017364;0.0035099;0.038654;0.042059;0.03866;0.042992;0.031729;0.0014831;0.0044385;0.0025246;0.042356;0.00068438;0.0031693;0.0067875;0.042334;0.0061394;0.00083532;0.0084623;0.0016922;0.005951;0.0054984;0.0011235;0.0011617;0.00010291;0.043427;0.035155;0.030371
34;4.5126;0.03164;2;0.85;0.5;50;50;Euclidean(MinimumTimesMedian);0.00060261;0.0022846;0.0014582;0.0022609;0.0049965;0.0027762;0.0016521;0.0041757;0.0004793;0.0010538;0.0068943;0.00064077;0.0032348;0.0016062;0.0063716;0.00017558;0.00020299;0.0073169;0.0020836;0.010089;0.0022757;0.012651;0.0049395;0.00094962;0.0024286;0.0029522;0.0010667;0.00057954;0.0010146;0.005145;0.0001746;0.0004845;0.0017154;0.004692;0.0015241;0.00075764;0.0010915;0.0011241;0.00010123;5.8595E-05;0.0053383;0.0012295;0.0060043;0.001566;0.0056548;0.0029133;0.0044099;0.0058402;0.031274;0.014445;0.022024;0.024265;0.014701;0.027913;0.025158;0.031903;0.0020172;0.025121;0.03058;0.032391;0.0028874;0.031201;0.022909;0.03247;0.016086;0.032828;0.03012;0.0076803;0.0016947;0.031773;0.010602;0.030013;0.0083782;0.006913;0.0015622;0.00041855;0.0059298;0.0045573;0.0043805;0.0019919;0.024365;0.017952;0.00097239;0.0039172;0.011752;0.032731;0.030435;0.0039408;0.00092521;0.030561;0.0043006;0.026517;0.026531;0.028435;0.032922;0.018517
35;4.6106;0.032327;2;0.85;0.5;50;50;Euclidean(MinimumTimesMedian);0.0029023;0.0025817;0.00055676;0.0015435;0.0016005;0.0049343;0.0012755;0.0013656;0.00079998;0.0033738;0.0061063;0.0012414;0.0020302;0.0074327;0.00036764;0.019779;0.00083536;0.00076296;0.0016179;0.00019881;0.0013781;0.0041612;0.00016451;0.00021775;0.0010271;0.0029123;0.0020112;0.0035457;0.00061435;0.0046522;0.0049491;0.0028781;0.0029579;0.00099007;0.001431;0.0027747;0.0060751;0.0020901;0.0035356;0.0055384;0.0031259;0.0024066;3.097E-06;0.0010476;0.016785;0.0027676;1.1711E-05;0.00069975;0.0005382;0.024748;0.030999;0.0014214;8.3189E-05;0.027634;0.025404;0.031058;0.00093799;0.026418;0.022652;0.02972;0.00086462;0.016566;0.030875;0.011431;0.024923;0.026947;0.0024704;0.017217;0.031817;0.026612;0.0021464;0.029644;0.026614;0.0023368;0.0025249;0.0015978;0.0049185;0.02636;1.7737E-05;0.014323;0.029393;0.00013175;0.029366;0.019387;0.00053845;0.025128;0.02431;0.0047182;0.030404;0.031833;0.0091754;0.027998;0.027582;0.022118;0.029264;0.024778
36;4.9385;0.034627;2;0.85;0.5;50;50;Euclidean(MinimumTimesMedian);0.0024077;0.0076149;0.00095779;0.0011078;0.002689;0.012111;0.0001879;0.00095454;0.00011935;0.0026304;0.0042656;0.00021758;0.0015607;0.0081805;0.00024579;0.00094007;0.0020155;0.008248;0.00091283;0.0034047;0.007186;0.0013699;9.3474E-05;1.5224E-05;0.00086141;0.0010355;0.0094503;0.00020685;0.001916;0.0032877;6.5817E-05;0.0018957;0.00072746;1.8836E-05;0.00051267;0.006121;0.0041688;0.0012365;0.0010618;0.0033282;0.0064448;0.0030457;0.0016545;0.0058651;0.0040139;0.00046037;0.005496;0.0012105;0.00026472;0.010625;0.033396;0.0052297;0.028282;0.034768;0.0024108;0.0021051;0.0040565;0.019492;0.031485;0.030849;0.014724;0.032542;0.032753;0.00011184;0.024004;0.033258;0.032301;0.00067945;0.000663;0.029788;0.017921;0.030901;0.026625;0.00034935;0.0011984;0.00063134;0.034891;0.00079188;0.0027389;0.021779;0.0066296;0.0044525;0.03167;0.032449;0.0058711;0.029375;0.033277;0.027456;0.034833;0.031413;0.0015375;0.0086411;0.00053575;0.033582;0.01146;0.03168
population
1;0.12774;0.25411;0.074953;0.21124;0.02514;0.1851;0.016562;0.1795;0.10888;0.013304;0.065203;0.04374;0.032521;0.29099;0.0074438;0.23768;0.074154;0.26641;0.25583;0.064978;0.0041991;0.0027198;0.031414;0.20278;0.015522;0.0095564;0.12611;0.030077;0.055105;0.021798;0.0091546;0.021394;0.12827;0.11459;0.17499;0.029811;0.037251;0.036919;0.060872;0.00018226;0.068358;0.064369;0.018449;0.11368;0.036129;0.13861;0.16846;0.013124;2.1542;0.034612;-0.34063;-0.1557;2.1192;0.88938;-0.60099;-1.5411;2.2957;-0.0972;-0.12428;-0.11578;-1.3271;-0.47298;1.3548;-2.4636;-0.85061;0.34675;0.10069;-0.10795;-0.86643;-1.2468;-0.17889;0.19908;-1.1859;-1.4471;0.1858;1.4754;0.36656;0.42401;-0.41136;0.6831;-1.2771;0.053124;-0.44064;-1.0148;0.36988;1.9138;0.19759;0.16593;-0.69195;-0.79772;-0.489;-1.4668;2.1228;-0.17837;-0.26186;1.5773
2;0.051495;0.062277;0.15452;0.033862;0.052529;0.072791;0.21349;0.018747;0.2106;0.029336;0.036743;0.42301;0.056021;0.083863;0.30394;0.05238;0.02996;0.043676;0.037341;0.023722;0.17806;0.45598;0.73958;0.0018366;0.07944;0.12376;0.20439;0.007811;0.019412;0.039084;0.20826;0.055297;0.06252;0.068926;0.0065554;0.14357;0.15032;0.043782;0.064684;0.19534;0.15306;0.022584;0.14333;0.055108;0.047422;0.0085119;0.06499;0.1727;-0.51673;0.52084;-0.24158;0.10646;-0.90841;1.4882;1.0905;-0.28135;0.61455;-0.22995;0.51785;-0.6898;0.59608;0.59221;-0.91577;0.22653;0.77578;0.58044;-0.58907;-0.64204;-2.1137;0.33832;0.35579;-0.76064;-0.59686;-0.094703;-0.094892;-1.3445;-0.61204;1.2868;0.61738;-0.5889;-0.60154;0.42031;0.29599;-0.81066;-0.26121;1.131;-0.72659;-1.7273;-0.62158;0.2166;-0.7627;-1.0733;-0.28946;1.2896;-0.076045;0.59502
3;0.15591;0.013558;0.23486;0.10113;0.048484;0.097234;0.043997;0.10546;0.12973;0.019653;0.15345;0.05745;0.082287;0.037873;0.12478;0.11662;0.088436;0.027557;0.030206;0.24396;0.61869;0.20763;0.0087263;0.11961;0.077824;0.19433;0.1231;0.049841;0.0093197;0.066562;0.14481;0.25879;0.0067116;0.077635;0.23013;0.036479;0.093269;0.061731;0.20136;0.062653;0.034386;0.14718;0.080193;0.0016963;0.48375;0.03268;0.074016;0.035783;-1.7657;-1.0665;1.717;-1.5299;-0.2187;0.86255;0.13119;-0.36597;-0.62806;-0.97939;-1.2365;0.77154;0.31049;0.53271;-0.8024;0.21824;-0.38485;0.13946;-0.76105;-1.1326;-1.5047;0.10846;-0.37758;-1.0594;-1.3816;-0.87772;-0.62804;-0.65907;-0.060878;0.94168;0.04331;-0.93735;1.7763;-0.58168;1.2938;0.094069;-0.25636;-1.5772;-1.2525;-0.49011;-1.0124;-0.633;0.022951;0.026897;0.69267;-1.2588;-1.2077;0.13161
4;0.061102;0.1099;0.023387;0.13092;0.11011;0.086201;0.21934;0.36929;0.021665;0.21821;0.091855;0.08654;0.094341;0.044455;0.031116;0.0077966;0.053417;0.052674;0.16042;0.083286;0.018778;0.090937;0.071954;0.13872;0.11723;0.0074113;0.054095;0.1539;0.12782;0.0042768;0.061112;0.10115;0.08625;0.4349;0.051395;0.10137;0.16269;0.063965;0.061391;0.12364;0.0442;0.063888;0.030761;0.19065;0.047404;0.16953;0.10952;0.053069;0.15797;-0.38205;-0.88858;-0.90125;-0.53039;0.26957;1.7137;-0.19206;0.11695;0.477;-1.3092;0.67971;-0.43115;-1.0765;1.6801;0.97633;0.96108;0.63572;-1.6225;0.25521;0.75866;-1.1482;-0.45855;0.96872;-0.015796;0.061282;-0.60663;-0.88205;2.1675;-0.02015;0.78982;0.37877;-1.0108;-0.81334;1.5798;-0.25044;-0.17995;0.16507;0.44137;0.38947;0.55015;-1.4319;0.46002;0.084765;-0.79181;-0.72326;0.81269;-0.32285
5;0.10318;0.15383;0.019014;0.23672;0.036074;0.036685;0.2763;0.0063633;0.1139;0.039864;0.13456;0.0034241;0.43766;0.050064;0.22642;0.0004582;0.0068037;0.0097159;0.38915;0.00096682;0.060508;0.017325;0.57927;0.098727;0.25339;0.12282;0.17057;0.13936;0.11617;0.0035784;0.05528;0.061858;0.27553;0.062582;0.050938;0.1512;0.046222;0.32756;0.029329;0.11609;0.0086773;0.15942;0.086691;0.068777;0.00077501;0.018116;0.076504;0.042938;0.11903;0.85936;0.84095;-0.10802;1.4406;-0.93618;-0.66657;1.8911;1.4206;1.1096;-1.9573;-0.064426;1.8776;0.37159;-0.4219;-1.2223;-1.257;1.4786;2.1618;-0.87652;0.42631;-0.092761;-1.7485;-1.5307;0.3939;-0.66847;0.2694;2.0038;-1.5414;1.4834;0.3178;-0.39927;0.063023;1.2616;0.93316;0.47674;-0.32935;0.39523;-0.78741;-0.45074;0.8135;1.0131;1.6123;0.5727;-0.39234;-1.4034;1.4665;-0.13366
6;0.013478;0.13885;0.11058;0.10324;0.09589;0.019892;0.3659;0.012336;0.16567;0.11884;0.029036;0.10391;0.14413;0.069717;0.12852;0.014683;0.12485;0.091142;0.048117;0.0092718;0.051539;0.21716;0.0069052;0.13381;0.15448;0.030813;0.0095797;0.078622;0.071983;0.0086769;0.0011644;0.048721;0.016375;0.048834;0.054135;0.072136;0.073484;0.088761;0.13941;0.20315;0.22983;0.047015;0.010811;0.020631;0.25912;0.08974;0.072152;0.018741;0.15659;1.4226;0.59338;-0.10455;1.7442;-0.21071;-0.3651;-1.9534;0.42204;-0.62664;-1.2023;-0.53227;-0.1199;-1.6024;-0.58648;-0.14474;-0.55568;-0.98646;-0.65603;1.5396;1.1776;0.15649;0.04379;-1.5441;0.07133;1.0276;-0.634;-0.33198;-0.84445;0.28256;-0.18693;-1.3975;0.11619;0.6698;-0.19991;-0.21963;0.0054052;-1.054;-2.0509;0.78556;-0.29601;-1.2529;1.5389;-0.068881;-0.38384;0.24597;1.0568;0.71824
7;0.074239;0.048986;0.048649;0.13169;0.007752;0.020922;0.0044872;0.037699;0.16799;0.051976;0.00052377;0.060998;0.01806;0.047995;0.042487;0.067461;0.026161;0.14295;0.00031382;0.029621;0.15919;0.00036195;0.36103;0.021572;0.047245;0.17309;0.16216;0.20871;0.01806;0.61536;0.10554;0.13735;0.019008;0.097195;0.10618;0.18607;0.021595;0.052542;0.01378;0.0063893;0.1002;0.63656;0.010431;0.031603;0.12195;0.034534;0.16306;0.039935;-0.40555;0.89103;-0.4981;-1.2987;-0.3932;0.57804;-1.1339;0.042307;-0.099954;-0.28762;0.24507;0.39569;-0.44208;-1.1142;0.56483;0.19032;2.3508;-1.0117;0.023368;-0.31037;0.99641;0.46795;0.56383;1.1671;1.8232;-0.69435;-0.21303;-0.75203;-0.10485;-0.38708;-0.38229;-1.9874;-0.16829;-1.1636;-0.99526;-1.9694;1.9978;0.026345;-1.6639;0.51039;-0.11452;-1.6347;-0.79167;-1.3065;0.10682;-2.0987;1.0462;-1.8675
8;0.034402;0.19346;0.050841;0.15791;0.017414;0.099347;0.075884;0.27756;0.011016;0.038935;0.20823;0.42258;0.073738;0.048386;0.068567;0.25466;0.0017239;0.025561;0.11422;0.16278;0.09945;0.10355;0.034895;0.11947;0.015167;0.1566;0.018423;0.0031611;0.31978;0.3481;0.0076881;0.10219;0.25597;0.16751;0.18381;0.24133;0.063623;0.047619;0.04038;0.24503;0.035958;0.12793;0.34447;0.073744;0.15782;0.19714;0.030535;0.01903;-0.016401;-0.1645;1.4064;0.82;-0.5797;0.018801;-1.6329;-0.98416;1.6199;-1.4357;-0.91593;-0.29631;-0.70106;-0.47587;1.4148;-0.35969;0.75923;1.4416;0.91573;0.88402;-0.35999;0.078601;-0.59596;0.78394;0.19899;0.96912;-0.4189;-0.4758;0.31717;1.3701;-0.56221;1.4084;0.38029;-0.012213;0.51316;0.29386;-0.59393;-1.2264;0.028616;1.3164;-0.44436;-0.62408;0.45916;-1.6908;-0.83099;1.3637;-0.48298;1.2001
9;0.14226;0.017312;0.070136;0.033555;0.0036132;0.28248;0.035833;0.077779;0.05573;0.36188;0.0011908;0.082791;0.12106;0.10007;0.035996;0.013976;0.011837;0.029178;0.093956;0.10863;0.13465;0.11299;0.16065;0.14263;0.062203;0.031267;0.3675;0.25569;0.14102;0.037481;0.0010652;0.083623;0.11672;0.12107;0.042225;0.12331;0.11346;0.11264;0.10281;0.029651;0.11559;0.2683;0.083811;0.13182;0.19757;0.059166;0.0037932;0.053147;0.47469;0.35687;0.89726;0.81488;0.30365;-0.33367;0.82;-0.42359;-0.39804;-0.22055;-1.5634;-1.4097;1.7901;0.025013;1.0514;0.12939;3.0222;0.61289;-1.8129;-0.12355;0.81726;-0.41732;-0.50804;-0.28635;1.4442;0.77168;0.49072;-0.46634;-0.61441;-1.3484;0.4405;-1.5634;1.0548;-0.13813;-0.46903;0.11454;-1.5943;1.1572;0.0075088;0.67114;0.31283;-1.7144;0.93627;-0.95789;1.6772;2.1898;1.1108;-0.10066
10;0.17367;0.14186;0.015147;0.28067;0.085555;0.07643;0.0013394;0.068932;0.19096;0.18212;0.032561;0.047706;0.026848;0.068879;0.23898;0.050925;0.064023;0.17622;0.052231;0.17678;0.26723;0.082094;0.44147;0.025407;0.17129;0.14267;0.13094;0.24413;0.05846;0.33729;0.058756;0.22441;0.20146;0.043189;0.15238;0.1945;0.00036096;0.20238;0.0045799;0.38194;0.24143;0.11297;0.025793;0.29813;0.092356;0.068556;0.017028;0.10769;0.64455;1.2992;-0.44385;0.0098239;-1.1713;0.11712;0.076938;1.0842;0.35731;-0.66042;-0.79189;-0.53906;-0.02729;-1.7452;1.1285;-2.0499;-1.0577;-0.12218;-0.70662;-0.21151;0.65892;1.2044;-0.49026;-0.6813;-1.5485;-1.3561;0.42116;-0.78644;0.83649;0.15238;-0.55535;0.14788;-1.0753;0.057667;-0.64029;-1.6751;0.17806;-1.1492;-0.21013;0.64395;-0.95786;1.3049;-0.63404;-0.81153;0.49177;-1.1138;1.7053;-1.2639
11;0.083592;0.044346;0.083869;0.14816;0.027403;0.14926;0.22636;0.042999;0.026631;0.32243;0.037372;0.071664;0.085632;0.088454;0.030532;0.1334;0.084083;0.003639;0.045921;0.4904;0.0023024;0.063208;0.011725;0.02445;0.066029;0.20103;0.043679;0.016054;0.028635;0.10678;0.081135;0.11696;0.092754;0.037022;0.13929;0.020497;0.15463;0.42731;0.060446;0.09212;0.046571;0.18771;0.066408;0.10604;0.030727;0.096912;0.23404;0.22523;0.00074309;0.76299;1.8568;-0.50557;-0.41489;1.5992;-1.723;-0.73732;-0.020612;-1.3192;-0.16793;-0.46028;-0.097921;-0.21623;-0.34369;0.10141;-0.72914;-0.62115;0.20127;0.26222;-1.3205;-1.7754;-0.50741;-1.0087;0.54012;0.023431;-0.059703;0.29795;0.38022;-0.7016;-0.24067;-0.98493;-0.12133;-1.4255;-0.34173;0.37758;-0.21559;0.47317;0.42618;-0.18713;-0.27978;0.48791;-0.90735;0.085035;1.4608;0.32057;-0.6349;-0.085642
12;0.1004;0.13401;0.039067;0.20124;0.02356;0.030156;0.12326;0.17178;0.2164;0.052872;0.006329;0.082258;0.12689;0.051628;0.039181;0.41509;0.05163;0.097327;0.10755;0.20869;0.17776;0.050009;0.028375;0.00078709;0.037077;0.10554;0.074347;0.082718;0.045412;0.020998;0.0096509;0.18361;0.0031394;0.46812;0.99674;0.010329;0.016755;0.062565;0.12779;0.16993;0.064545;0.043822;0.0019726;0.11836;0.60635;0.13581;0.028731;0.032439;0.75193;0.060634;0.16817;-1.9172;-1.683;-1.0518;1.1996;0.57599;0.06729;-1.353;2.1318;-0.55492;-1.6714;-0.17282;-1.5834;-2.0538;-0.095505;0.35822;-0.86602;-0.20391;-0.44098;0.6023;-0.67421;0.70982;0.29816;0.35827;0.84195;-1.196;0.092645;1.5441;0.6303;1.2337;-0.28863;1.3221;-0.52326;-0.12443;0.6865;-1.2713;-0.63373;-0.060913;-0.3408;-0.45307;-0.89387;0.68905;-0.24431;0.71483;-0.28936;-0.16275
13;0.17956;0.037331;0.0070269;0.066267;0.17655;0.20923;0.083302;0.0058818;0.025993;0.074529;0.11592;0.0030947;0.064869;0.0012649;0.030724;0.019084;0.049253;0.11319;0.017166;0.12764;0.059717;0.00084196;0.01336;0.03223;0.038711;0.090432;0.0071943;0.0454;0.031906;0.06217;0.44673;0.013688;0.059388;0.11624;0.047644;0.071806;0.01699;0.026955;0.07454;0.1112;0.024012;0.052528;0.069617;0.16479;0.012947;0.060197;0.025412;0.027884;-0.41585;-1.0737;0.94988;1.1542;1.735;1.0283;-0.56062;-0.96993;-0.63536;1.3591;-0.88109;1.1582;-1.037;-0.27427;-0.29576;-0.35017;-0.92974;-1.5664;-1.174;0.88087;-1.7115;-0.86496;-1.6627;-1.3165;1.43;0.022585;0.84532;1.395;1.0201;-0.86363;-0.81717;-0.15705;1.0441;-0.21985;-0.81036;2.1538;-0.45626;-0.17941;-0.47658;0.10541;1.2715;0.90934;-1.4719;-0.90957;-1.0358;1.247;0.65582;-0.41043
14;0.36129;0.22153;0.12338;0.021335;0.0084215;0.012826;0.061212;0.10431;0.089356;0.13818;0.17616;0.34339;0.15821;0.22477;0.26648;0.18297;0.30153;0.15626;0.037759;0.34494;0.16203;0.40876;0.00019022;0.043626;0.00914;0.0060326;0.069232;0.019063;0.097233;0.1587;0.049729;0.30667;0.044577;0.02002;0.042939;0.026424;0.14548;0.10287;0.048775;0.15792;0.023869;0.076443;0.15944;0.045276;0.029189;0.086569;0.096633;0.015384;1.879;0.81279;1.4561;-1.0524;-0.0081686;0.13836;0.82183;0.26299;0.64758;-0.78724;0.54866;-0.5097;-0.063348;-0.11407;0.5012;-0.83391;0.63892;-1.7286;0.46012;0.16585;0.49004;-1.6961;-0.69137;0.27762;-1.5427;0.50899;-0.51158;-0.27594;0.73802;1.0282;0.92635;0.016637;-1.1142;-0.94161;-1.1803;-1.4252;0.39543;-1.0923;-0.46305;0.6393;0.22088;-1.8184;0.72193;-0.6981;-0.84786;0.80052;2.6696;-0.12145
15;0.02752;0.066233;0.072742;0.1652;0.010359;0.020472;0.39384;0.012178;0.11655;0.091508;0.019103;0.3137;0.080901;0.022622;0.22306;0.077837;0.037795;0.10695;0.22437;0.32469;0.038152;0.020959;0.13938;0.068504;0.21097;0.066217;0.036846;0.23082;0.020308;0.10135;0.058121;0.16891;0.021004;0.095779;0.0017953;0.087763;0.0035663;0.077256;0.088433;0.07298;0.071564;0.14464;0.061212;0.037669;0.084866;0.045063;0.01007;0.037349;0.70149;0.10263;0.19035;0.04997;-0.2766;0.27584;-0.23966;1.8807;0.62224;1.7825;-0.65598;0.33153;0.097153;0.87547;1.297;-0.47365;-0.91924;-2.9754;0.090034;0.35446;0.62606;1.0987;-0.6631;0.22793;-1.8275;-0.34568;0.90289;-0.87806;0.73127;0.57421;0.21634;-1.9281;-0.10268;1.2219;1.6676;-0.17769;-0.2385;0.66728;1.21;-0.70437;-2.5487;-0.43823;-0.23292;-0.68619;-0.18624;-0.7346;-0.62538;-2.1812
16;0.12609;0.090913;0.079479;0.25644;0.076293;0.017553;0.03338;0.19915;0.23686;0.29524;0.043018;0.17933;0.040138;0.18955;0.092581;0.0081709;0.031818;0.16502;0.083662;0.11862;0.038623;0.0933;0.023711;0.017792;0.022151;0.3065;0.0091629;0.04245;0.079361;0.023719;0.10563;0.070082;0.025834;0.14139;0.12533;0.019817;0.067994;0.22298;0.027445;0.49157;0.2999;0.016485;0.047603;0.41411;0.13955;0.20611;0.19221;0.055842;-1.3002;0.30687;-2.2025;0.14881;-0.025297;-0.26992;0.5998;-2.9111;-0.83729;-1.0613;-0.038463;-2.3347;1.3201;-0.082385;-0.21147;0.26232;1.7352;-0.73881;-0.18631;-1.5373;-0.60693;1.1168;-1.27;0.35936;-1.0181;0.95329;-0.30492;1.0591;-0.064067;-1.223;2.4294;0.14556;-0.64135;0.1125;-0.77042;-1.8686;0.29658;-0.47354;1.7348;-0.98539;0.89192;0.065487;-0.82206;0.43481;0.42701;0.81917;0.57773;-0.087265
17;0.032834;0.17623;0.191;0.22884;0.021482;0.020413;0.022456;0.070268;0.23308;0.069949;0.0043663;0.24198;0.12373;0.03125;0.0045835;0.079878;0.23276;0.00089601;0.022137;0.068609;0.0044987;0.064677;0.21155;0.0064701;0.087295;0.37138;0.1279;0.063626;0.076601;0.17074;0.19886;0.095086;0.35473;0.10139;0.012058;0.026518;0.15841;0.40388;0.13071;0.075198;0.075492;0.11998;0.14483;0.054828;0.016423;0.3186;0.024999;0.41937;0.29378;1.1991;-1.387;1.3042;-1.8283;0.40831;1.5577;0.54691;-0.03618;-0.55255;-0.17644;1.008;-1.0735;0.82385;1.1463;-0.20046;-0.0031227;0.32173;0.4777;-0.85878;-0.82245;1.0808;-0.87981;-1.6802;0.73484;-1.005;0.63967;2.3136;1.002;-0.49129;-0.18474;-0.017757;-0.092868;0.21581;-1.6382;-1.4949;-1.7827;1.0726;-1.2335;-0.49645;1.4284;2.269;-0.54703;-0.7526;-0.57702;0.30044;-1.6857;-0.40278
18;0.12973;0.3178;0.10492;0.059997;0.084171;0.017845;0.061611;0.09225;0.061244;0.1151;0.054177;0.61504;0.0027971;0.0096672;0.22768;0.25398;0.015929;0.15416;0.025541;0.00039553;0.012131;0.3523;0.21154;0.074342;0.35707;0.060478;0.058162;0.030049;0.19334;0.23172;0.002673;0.0074854;0.24466;0.11611;0.014895;0.0098197;0.14922;0.090678;0.13618;0.0051424;0.10628;0.18289;0.27877;0.044194;0.089852;0.04692;0.056792;0.032074;-1.4613;-1.4889;-0.82695;0.49773;-0.51553;0.69092;0.21441;0.34671;0.41391;-0.22686;-0.15933;1.9701;1.8839;0.16432;-0.94442;-2.3412;-1.206;0.71368;0.10564;-3.023;1.0117;-1.18;0.22591;-2.2138;0.44909;0.12609;-0.05087;-1.2558;-0.24659;0.23757;0.081492;0.84315;-0.36504;0.27893;-0.72791;-1.412;-1.0496;-0.99332;0.17623;-0.11254;-0.6016;0.48573;-0.55103;-0.42367;-0.28163;-3.1283;-0.84629;-0.44812
19;0.33428;0.022752;0.13858;0.015731;0.095302;0.3194;0.2106;0.14289;0.063151;0.25621;0.006519;0.0039653;0.25414;0.063289;0.22032;0.31305;0.03412;0.060616;0.029606;0.0081269;0.027686;0.10001;0.046024;0.095581;0.0059196;0.21305;0.064874;0.036503;0.21327;0.014037;0.10329;0.018046;0.2078;0.083035;0.041516;0.057116;0.041465;0.04762;0.028523;0.050489;0.31885;0.15304;0.025552;0.13131;0.0097782;0.071464;0.062576;0.027263;1.2458;1.1943;0.18633;-1.696;-0.33518;0.42177;-0.92168;0.96019;0.71208;0.16858;-0.15487;-1.4856;0.42289;-0.95316;-0.034698;0.13846;-0.49961;-1.1653;-0.9574;-0.62181;-0.26164;-0.040188;-0.60394;0.38246;0.39395;-1.0301;0.34903;0.64752;-0.73373;1.2977;0.15501;0.495;-0.058296;0.077139;-0.42695;2.2963;0.10987;0.87905;-1.2515;1.1368;0.69056;-1.7976;-0.10272;-0.64639;-0.33316;1.545;1.3804;0.068551
20;0.060123;0.039166;0.0017935;0.12305;0.4058;0.021643;0.13542;0.2758;0.037772;0.11077;0.068429;0.044537;0.065057;0.011897;0.028038;0.0066945;0.23076;0.031449;0.0072969;0.027641;0.45396;0.0326;0.058464;0.066551;0.09191;0.0056677;0.045781;0.2156;0.025622;0.012783;0.3289;0.03671;0.097333;0.021127;0.39086;0.018359;0.061263;0.060257;0.053676;0.029433;0.39713;0.032839;0.22104;0.0032747;0.022066;0.032608;0.0030232;0.1499;0.68339;-0.79387;0.25;0.80554;-0.07557;1.1091;-0.88331;0.8563;0.71545;0.95126;-0.52154;-0.9692;1.4009;0.46806;0.41172;-1.7773;-0.009007;0.59782;0.40915;0.5953;0.2945;0.092078;0.59596;-0.02669;-0.38425;0.93181;-0.076141;0.018465;1.5316;-1.0065;-1.0383;-0.88575;-0.48794;-0.55323;0.17045;-0.12115;1.7476;-0.64179;-1.3668;0.1266;1.4669;-0.62509;-0.45263;0.41083;0.98861;-0.60933;0.1925;-0.96329
21;0.03292;0.10764;0.12305;0.061404;0.011474;0.03539;0.015163;0.043965;0.073123;0.031701;0.14166;0.11764;0.071895;0.092266;0.022679;0.19499;0.29277;0.027089;0.12387;0.25359;0.1723;0.024723;0.0069288;0.25131;0.008704;0.0074686;0.0017939;0.050931;0.021404;0.10201;0.036895;0.12385;0.091222;0.03474;0.089323;0.15678;0.059804;0.27238;0.21864;0.090719;0.13772;0.053774;0.30761;0.37985;0.11807;0.043191;0.14153;0.032229;-1.5047;-0.9197;-2.7591;1.8527;1.2991;-1.8793;0.70318;-0.78414;-0.45106;0.58202;-1.1371;0.24006;-1.8711;0.14293;1.2555;-1.0259;-0.24322;0.017301;0.35871;0.7686;-1.0095;0.78926;-1.0697;-2.4867;-0.51995;-1.3624;0.018512;0.19313;-0.88113;0.1299;1.4945;1.9022;0.21861;1.5331;0.19494;-1.3805;0.65289;0.74561;1.5065;-0.47184;0.083035;-0.35195;0.48958;0.17707;0.35662;0.74418;-0.41093;0.17905
22;0.51253;0.17031;0.12182;0.13305;0.23349;0.12185;0.1996;0.010425;0.075147;0.40332;0.040276;0.0071647;0.0070167;0.15038;0.084868;0.066934;0.042236;0.10904;0.36646;0.033847;0.064433;0.11952;0.23469;0.15589;0.017031;0.25021;0.093797;0.039363;0.055311;0.24329;0.19401;0.073677;0.025354;0.079578;0.05904;0.17107;0.032565;0.35557;0.12313;0.01481;0.25597;0.059163;0.21991;0.015282;0.075319;0.097667;0.23784;0.0080491;1.3584;-0.49305;0.80706;0.88333;-0.67555;-0.58149;-0.059344;0.19426;-0.18063;-0.23554;-1.4576;1.1907;0.68695;0.46153;0.79318;0.034148;1.5048;0.51685;1.7682;0.70906;0.79616;0.58471;-0.24054;-0.77704;-0.40893;-0.25786;1.8678;1.1429;-1.566;0.50183;1.6363;-0.53808;-2.0196;-0.22814;-1.7183;1.4919;0.90171;-0.3526;-2.0113;1.4801;0.55425;-0.47682;-0.5078;-0.41912;-0.078433;1.1125;1.7172;1.2944
23;0.53936;0.10071;0.15775;0.049207;0.067174;0.0091148;0.035044;0.07031;0.21295;0.048409;0.16181;0.031828;0.10624;0.10668;0.15026;0.38772;0.010144;0.16059;0.12453;0.043191;0.097495;0.024915;0.092539;0.07021;0.078104;0.16777;0.0060176;0.077654;0.12741;0.055008;0.097549;0.046085;0.07624;0.15363;0.011382;0.11931;0.12515;0.23981;0.13683;0.004539;0.19369;0.1629;0.0035372;0.1768;0.23483;0.023671;0.028784;0.085675;-0.67475;-0.73801;-0.090752;-0.17021;-0.43904;-1.2533;-1.0479;0.060172;-0.3916;0.3192;1.0282;0.13463;-0.87871;-0.17112;1.6751;0.20618;-1.0329;0.47619;0.12384;-0.17908;0.90401;0.58607;1.1824;-0.30398;0.12826;1.4549;1.4495;1.2219;-0.99627;1.0069;-0.055445;1.0047;-2.3956;-0.28273;1.3691;-0.29305;-0.60724;-0.63251;-0.55129;-0.95259;1.8008;-0.923;0.1134;0.83831;-1.6442;0.31076;-1.4407;0.052529
24;0.0014813;0.016493;0.0061782;0.076443;0.14034;0.020458;0.0053108;0.054399;0.017117;0.037736;0.021785;0.0085834;0.022216;0.065749;0.10501;0.05162;0.04424;0.0026534;0.0037257;0.058378;0.031878;0.099579;0.077555;0.091126;0.020849;0.079739;0.61637;0.14785;0.10047;0.015097;0.20884;0.061158;0.23978;0.010357;0.17511;0.071957;0.061154;0.0089049;0.0010983;0.0060878;0.069511;0.022105;0.023234;0.17494;0.07898;0.12162;0.26204;0.034446;0.39943;0.97958;0.90901;-0.44558;-0.4756;-0.63268;-0.25204;2.2768;-1.1128;-0.312;2.1486;-0.92395;-0.41232;0.30663;2.2108;-0.21523;-0.36018;1.0184;-0.17906;-0.30786;-0.57072;-0.026139;1.0084;-0.062301;-0.11028;0.84439;-0.21144;-1.5579;-0.28129;1.4708;0.48197;-0.064144;-0.28935;0.70837;0.79313;-1.685;-1.031;-1.5977;-0.24826;0.11994;-0.99513;0.60208;0.32098;0.16264;-0.12095;1.2745;-0.15202;-0.76904
25;0.13859;0.10864;0.017679;0.030324;0.118;0.080052;0.045161;0.003483;0.10782;0.045084;0.055204;4.4138E-05;0.13776;0.03027;0.035404;0.25692;0.20656;0.073351;0.33822;0.16307;0.2444;0.083077;0.16979;0.34543;0.10668;0.1965;0.057303;0.27668;0.010085;0.11584;0.092497;0.32025;0.061102;0.022641;0.10978;0.027905;0.20994;0.14218;0.076366;0.047411;0.071242;0.22653;0.0086287;0.0082787;0.14287;0.1609;0.095575;0.01398;0.23634;1.515;1.2175;-0.26846;-0.70987;-0.35388;0.30317;0.96486;-0.01183;-0.57301;0.26868;1.9354;-0.3463;0.72036;0.44523;0.89335;0.53174;-0.11827;-0.33453;0.89248;1.0536;-0.85767;1.7166;-0.59165;0.42615;0.72917;-0.27925;0.50858;-0.67974;-1.3406;0.62772;0.59591;0.39589;0.32179;0.4762;0.10243;1.096;0.39007;0.80491;0.72029;0.95753;0.23064;-0.36733;-0.25464;-0.87267;1.1075;-0.71327;1.538
26;0.28733;0.064069;0.10518;0.010605;0.43012;0.031113;0.040042;0.19865;0.023691;0.0092182;0.025951;0.14886;0.19933;0.16038;0.0045441;0.23066;0.027012;0.081116;0.36302;0.095696;0.057566;0.048655;0.051908;0.11251;0.013361;0.0094903;0.038307;0.10971;0.15722;0.041742;0.12546;0.15576;0.25435;0.17487;0.29;0.1006;0.0038382;0.029245;0.026227;0.16681;0.29053;0.036736;0.25589;0.061003;0.13875;0.016604;0.027877;0.0029843;-0.63882;-1.4364;-0.21378;-0.11116;1.424;0.54591;-2.0336;0.017838;-1.6845;-1.5002;-0.12128;-2.6691;0.63366;-1.2258;1.7212;-0.67955;0.50019;0.23611;0.036604;0.022322;-0.749;0.046556;2.3879;0.39236;1.8583;-0.36089;1.0138;-0.080397;-0.64678;-1.9959;1.694;-0.34125;0.86547;-0.20455;-0.92827;-1.151;-0.80614;1.4024;1.3378;-0.24974;0.59933;0.50362;0.0053469;-0.58877;0.43669;0.9928;-0.93078;2.2717
27;0.18524;0.27103;0.015119;0.0072405;0.48879;0.21874;0.091328;0.012095;0.0028156;0.10654;0.0093713;0.021613;0.15072;0.02641;0.11928;0.20203;0.19819;0.13922;0.41029;0.095893;0.0054665;0.1296;0.058075;0.12844;0.22788;0.041038;0.021977;0.058839;0.26056;0.10528;0.46758;0.1717;0.083779;0.03168;0.17344;0.034129;0.083889;0.012406;0.3488;0.13;0.019552;0.21517;0.098901;0.14478;0.0091919;0.044628;0.034945;0.20442;0.18548;-1.2834;-0.44873;0.85307;-1.5005;-0.85115;0.36939;-0.18431;0.26839;0.057386;0.75676;-0.79927;0.76381;-1.2474;-0.22448;-0.12071;0.95718;1.6884;-0.1183;1.2217;-1.3175;-1.7717;-0.18074;-0.99754;-0.06891;0.48141;0.27756;0.7245;0.05051;1.3151;0.73768;-0.46125;-2.1358;-1.0238;0.48241;-1.0135;-2.1245;-0.36185;0.85356;-0.19631;-0.62039;0.4661;-2.011;0.54821;-0.71761;-0.60499;0.59244;0.7367
28;0.017673;0.085723;0.07221;0.022244;0.03859;0.0077183;0.058249;0.16862;0.23224;0.026916;0.051605;0.017617;0.056874;0.17566;0.14009;0.1857;0.16205;0.14514;0.076833;0.17719;0.43041;0.016757;0.042301;0.10075;0.11085;0.046192;0.053396;0.044182;0.029409;0.049637;0.043613;0.23601;0.085975;0.088002;0.0023333;0.22649;0.076994;0.0534;0.23478;0.16977;0.35319;0.047218;0.018872;0.048435;0.051412;0.15435;0.1522;0.11649;-2.9086;0.5803;-0.61709;1.0386;-0.42474;0.41092;0.4367;0.68193;0.88207;-0.39557;-1.6617;-1.1075;-1.8596;0.94445;0.78487;0.82227;-1.395;-1.8982;-0.11488;2.6534;-0.29211;0.54266;0.94144;2.159;0.21918;0.15758;0.32899;0.74721;-0.81446;0.59323;-0.72319;-1.7021;1.5337;0.36522;0.2648;-0.59894;0.58885;-1.6491;-0.97644;1.2045;0.91093;0.30227;1.4344;-1.2564;2.0632;0.31141;0.30499;0.49944
29;0.52035;0.058503;0.035688;0.091482;0.0083174;0.19228;0.11242;0.095271;0.0045842;0.051248;0.1449;0.037936;0.0083727;0.11148;0.029351;0.12763;0.24504;0.027464;0.0030236;0.26793;0.067069;0.023346;0.049757;0.058434;0.09235;0.14965;0.066064;0.025654;0.020213;0.061929;0.084892;0.1006;0.28404;0.0029214;0.047535;0.011262;0.31033;0.077819;0.13796;0.013383;0.40509;0.041361;0.086069;0.16706;0.26325;0.12607;0.0069027;0.14066;-1.1731;-0.37544;-0.57125;-0.035679;-1.8159;0.40356;-0.87407;-0.30817;-1.2243;0.238;2.0083;-0.81786;-0.56549;1.8869;0.089353;-0.45897;-0.79825;-1.2306;2.2793;0.1848;-2.2782;0.19447;0.62121;0.088103;1.15;0.51628;0.16741;-0.6785;-0.14492;-0.37237;1.7376;1.4518;0.83502;1.2259;-1.3872;0.72899;1.5007;0.19208;0.6811;0.95863;-2.0098;-0.63117;0.66155;-0.64562;-2.2335;-0.46926;1.4935;1.6697
30;0.21382;0.041774;0.39097;0.00046895;0.16325;0.096548;0.087973;0.2152;0.057785;0.0198;0.019585;0.089927;0.18321;0.090875;0.25345;0.033999;0.052412;0.027688;0.26293;0.14835;0.072094;0.12018;0.040412;0.10493;0.15341;0.024532;0.23496;0.09231;0.0046077;0.071796;0.013243;0.0065328;0.097418;0.1629;0.21346;0.24747;0.013169;0.12363;0.12574;0.077559;0.07799;0.05109;0.48563;0.045044;0.1387;0.25901;0.01576;0.036794;0.3198;-0.25439;2.0452;0.72692;-0.12963;0.16838;1.458;0.93495;0.70436;1.9779;-0.79645;-0.73838;0.64583;0.55221;-0.54275;-0.38271;0.036667;0.64519;-1.127;-0.15963;0.5563;0.23953;1.8574;0.1644;0.050227;-0.41276;1.4389;0.55379;-1.0347;-0.08497;-0.16571;3.1688;1.3049;-1.2792;-1.4923;1.1215;0.88489;-0.52051;0.94497;0.44709;-0.51169;-0.32545;-0.32623;-3.162;-0.82315;-0.66251;-0.13392;-1.6754
31;0.060822;0.035854;0.026905;0.19833;0.071244;0.076187;0.01418;0.021213;0.10043;0.11309;0.049966;0.036362;0.069608;0.37444;0.025709;0.011361;0.0089124;0.075205;0.049021;0.060075;0.001521;0.47733;0.12037;0.038385;0.1616;0.18068;0.25784;0.032361;0.28471;0.05466;0.14404;0.05361;0.34534;0.20948;0.046275;0.076521;0.19397;0.19184;0.065235;0.071735;0.13372;0.10466;0.016377;0.17567;0.06229;0.32867;0.1363;0.1858;0.22998;-1.4029;0.48695;0.57333;-0.42567;0.51111;0.13672;0.023605;1.6684;-0.37848;0.54525;-1.1224;0.24026;0.32251;1.3841;-1.2154;-0.881;-0.23595;-1.0603;-0.59662;0.023561;-1.0513;-2.849;-1.8852;-0.42197;-0.57104;2.1807;0.85345;1.5079;0.52011;1.1714;0.0015794;-0.37078;0.06239;0.41894;-1.0314;-0.65265;-0.86012;-0.19952;-1.6748;0.0054877;-2.0987;1.6512;-0.24624;0.93626;0.26225;-1.3394;1.156
32;0.34613;0.02537;0.13183;0.069799;0.23976;0.12747;0.038988;0.48168;0.24939;0.0047102;0.081988;0.11266;0.047352;0.068417;0.17953;0.14474;0.12689;0.037323;0.13588;0.031864;0.61315;0.049027;0.20568;0.31899;0.066272;0.050176;0.08265;0.053951;0.10859;0.046029;0.031258;0.11428;0.078741;0.011064;0.038264;0.042895;0.0037618;0.027163;0.28095;0.0094763;0.16246;0.1011;0.084369;0.007173;0.039861;0.0071051;0.16916;0.0393;0.17706;-0.085485;-1.1441;0.6559;-0.84881;-0.12029;-0.42968;-0.96656;0.98619;0.63258;0.6555;-1.3519;0.56793;0.83266;0.7417;0.9963;-0.27792;-0.72085;1.3558;1.1875;-1.3309;-1.9606;0.80608;-0.6899;-1.8307;1.245;1.1305;0.50847;-0.1699;1.3615;0.13485;-0.011114;-0.22297;1.0185;-0.1913;0.58374;-0.51747;-0.86478;0.091784;-0.62148;1.221;0.2362;-0.79904;-0.47942;-0.37154;-0.2223;1.4471;0.84288
33;0.1513;0.08234;0.085631;0.0012544;0.34695;0.1211;0.083837;0.11358;0.017436;0.24341;0.14168;0.18565;0.048788;0.12434;0.14103;0.38579;0.3123;0.00035254;0.01618;0.088299;0.16123;0.16882;0.08442;0.088187;0.092785;0.3124;0.014726;0.045353;0.034336;0.0059414;0.071536;0.07964;0.32737;0.0024259;0.34021;0.13918;0.095939;0.073867;0.032009;0.045711;0.050994;0.20455;0.52636;0.04338;0.025123;0.081628;0.037404;0.40077;0.17496;0.95346;-0.21932;-0.84837;0.96595;-1.1941;-0.15578;-0.95444;-0.16846;1.2658;-0.14309;-0.23778;-1.2633;1.9063;1.4706;0.99272;-0.48618;0.62046;0.43376;-1.7228;0.41225;-0.95976;0.49846;2.7726;0.28354;0.68178;0.91069;-0.082454;1.0913;0.67644;-1.1162;0.022569;0.54888;-0.19081;-1.3714;0.95396;-1.1212;-0.50768;0.66095;-0.80842;0.53798;-0.53165;-1.1427;0.78248;-0.14235;-0.54544;0.30248;0.35424
34;0.093393;0.063711;0.13327;0.047226;0.097575;0.16332;0.090419;0.1548;0.1251;0.05816;0.10927;0.14746;0.10853;0.21976;0.047308;0.24084;0.25586;0.046344;0.011243;0.0056837;0.01439;0.1027;0.0057686;0.027102;0.036192;0.096263;0.33101;0.022196;0.062827;0.013812;0.26787;0.083838;0.066868;0.23972;0.14291;0.13891;0.0018634;0.30198;0.086021;0.071291;0.050227;0.21662;0.056191;0.044484;0.063398;0.0046009;0.046973;0.043273;-0.21964;-0.28909;-0.32582;-0.038452;-0.97559;-2.0211;-0.21404;-0.55286;0.75144;-2.4802;-0.18407;1.0609;-0.99024;2.0516;1.3149;0.13001;-0.45135;-0.064741;-1.0206;2.1362;-0.43695;1.1467;0.32473;-1.2564;-0.51747;-0.12443;1.5497;0.038032;0.13402;-0.59118;0.38209;-0.21961;1.0364;0.071168;1.2421;0.51648;0.46408;-0.60554;0.55282;-1.3235;-0.60104;-0.58485;-0.063074;-0.58737;-0.021145;-2.0346;0.20668;0.39859
35;0.029127;0.029066;0.076925;0.13789;0.0033379;0.07718;0.024958;1.0649;0.098945;0.022897;0.036583;0.12509;0.16272;0.17593;0.012684;0.12894;0.0052082;0.083865;0.043531;0.053331;0.12561;0.029061;0.051069;0.32994;0.40465;0.13289;0.053095;0.092944;0.10397;0.0098903;0.42566;0.36565;0.0064854;0.13544;0.15773;0.40954;0.021277;0.036702;0.030857;0.14439;0.041229;0.020983;0.033443;0.045712;0.36403;0.29052;0.072791;0.0016067;-0.060622;0.16008;-0.47183;0.41625;-0.78768;-0.61286;0.48212;-1.2062;1.3514;-2.2841;0.44813;1.8483;0.77056;-0.16386;2.2259;-1.0596;-1.907;-1.6469;0.79703;0.56684;-0.31505;0.173;-1.0698;-0.015705;1.1302;-1.1795;-0.23418;-0.38471;0.14561;0.84034;1.2793;-0.018297;0.10752;-0.84896;0.64049;-0.82069;-0.87832;-0.46295;-1.2351;-0.48466;-1.2026;0.86853;1.1884;1.0194;0.081118;-0.034819;0.23877;-0.02035
36;0.051752;0.32098;0.055021;0.044917;0.058135;0.0464;0.019782;0.049649;0.062696;0.0077907;0.093766;0.0049855;0.016515;0.14882;0.10257;0.049263;0.15144;0.033118;0.092024;0.063345;0.039005;0.013645;0.099141;0.006858;0.063286;0.011661;0.01299;0.18009;0.16316;0.033664;0.0012218;0.028396;0.098788;0.091081;0.030914;0.0055674;0.13015;0.19163;0.25711;0.083147;0.15752;0.00013791;0.23573;0.11472;0.017552;0.20114;0.024684;0.22117;-1.6072;0.36945;0.69649;-0.72793;-0.35278;-0.81487;0.46633;0.32322;0.18057;-0.4467;-0.43194;-1.2909;-0.35618;0.77929;0.3068;-0.068681;0.34593;-2.954;-0.40784;-1.4693;-0.10292;-0.084636;-0.78503;0.98576;-0.50578;-0.78759;-0.32724;0.19045;1.1519;-0.75221;0.99185;-1.2305;-1.0724;0.28023;-0.88461;0.25134;-0.63174;-1.0804;1.2096;1.0711;1.6248;0.082057;0.80857;0.51584;-2.2943;0.5278;0.75866;-0.57175
37;0.044204;0.22239;0.011462;0.022711;0.08132;0.06215;0.054806;0.042294;0.011002;0.40095;0.11907;0.088151;0.050387;0.20704;0.3155;0.031821;0.27427;0.024091;0.12078;0.03885;0.10284;0.028026;0.065118;0.11592;0.15613;0.058017;0.061874;0.026406;0.21242;0.16535;0.082524;0.14806;0.018686;0.092573;0.013203;0.2819;0.013447;0.077366;0.023803;0.11307;0.058004;0.19689;0.099491;0.12164;0.22309;0.00587;0.41335;0.076632;1.8554;-1.2954;-0.37432;0.21423;-0.27359;-1.2964;-1.5022;-0.93579;1.2237;-0.0060626;-0.44356;-1.3118;-1.2874;-1.7476;-1.0515;-0.1965;1.2566;0.5036;0.25962;-0.5157;-0.21202;-0.029964;1.407;1.3992;2.3478;1.0196;0.41096;-0.7667;-1.952;-1.1702;0.22965;0.16883;0.21754;-0.64033;-1.075;2.0688;-0.42087;-1.0167;-0.68125;-0.21797;-1.2045;0.3841;0.0036558;0.89902;1.1813;-1.119;-0.46111;1.1432
38;0.35654;0.13102;0.2078;0.023708;0.14958;0.037859;0.0027471;0.020685;0.10873;0.041794;0.10462;0.25029;0.52162;0.039045;0.30064;0.12118;0.2846;0.64208;0.045702;0.0028119;0.13523;0.36144;0.20253;0.054865;0.14631;0.10176;0.054257;0.037074;0.15621;0.0043017;0.056913;0.19829;0.045845;0.042407;0.12443;0.3011;0.19435;0.09707;0.079541;0.01103;0.099174;0.18329;0.044803;0.0081339;0.028934;0.082821;0.28845;0.098962;0.7769;0.49706;0.3463;-0.7091;0.013419;1.8114;1.9873;-0.092351;1.279;0.93193;0.8066;0.34987;0.40856;2.1318;0.42712;1.0077;0.32478;0.15613;2.1425;-0.32443;1.0642;0.87329;0.52787;-0.31688;-0.53423;0.97641;0.059911;1.2435;1.8256;-1.0719;-0.54965;-1.1548;0.0048821;-0.92816;0.39969;1.7306;-0.3435;-0.412;0.35314;-0.8053;0.65661;0.36396;-1.1266;-2.8012;1.3983;0.34294;-0.15585;-0.24315
39;0.14243;0.20245;0.066655;0.057808;0.043024;0.0037235;0.00017134;0.067395;0.07344;0.12732;0.067182;0.0434;0.00069045;0.032978;0.068949;0.071436;0.044031;0.17187;0.004084;0.075439;0.15802;0.11615;0.029753;0.062453;0.039797;0.20936;0.0082917;0.067787;0.24645;0.07846;0.017587;0.11255;0.46969;0.012803;0.30089;0.10235;0.030375;0.015007;0.2108;0.020152;0.03452;0.10093;0.081365;0.052168;0.12624;0.43947;0.025096;0.01526;2.2589;-1.0269;-1.6327;0.064364;0.069581;0.76696;0.33203;-0.73656;-1.0694;0.28439;-0.58638;-0.00034114;0.87691;-1.0736;0.15895;0.23228;-1.4446;-1.7942;-0.33293;1.4071;0.56844;-1.6488;-0.87901;-0.55957;-0.60308;-1.5871;0.43858;0.17193;0.98684;0.11334;-0.72913;0.30275;0.24482;-0.83314;1.2929;0.67006;0.83364;-0.022217;0.50219;-0.41795;0.092212;0.66147;0.25126;0.36103;0.81873;0.67336;-3.0629;0.35741
40;0.059303;0.057223;0.039418;0.10812;0.077497;0.12837;0.10637;0.0097853;0.0026873;0.046151;0.066316;0.12292;0.060328;0.10001;0.09342;0.065997;0.01771;0.035629;0.068736;0.23802;0.18813;0.0061379;0.057544;0.13649;0.095965;0.11734;0.26857;0.19174;0.067068;0.10437;0.11647;0.014413;0.11585;0.080616;0.087037;0.17803;0.049025;0.027986;0.18357;0.087786;0.067668;0.47445;0.056513;0.020384;0.015131;0.033179;0.010586;0.15055;-0.11157;0.73203;1.4069;-0.13645;0.62238;2.7052;1.5402;0.67846;-0.49498;1.3435;-0.33112;-1.0478;-0.96691;-1.0309;1.5646;-0.24745;0.89988;0.066292;-0.34422;2.2808;-0.58033;1.4625;-0.78557;0.96127;-0.82733;-1.1187;1.1704;-1.2208;0.52809;-1.2162;-1.6133;-0.59706;0.87131;-0.79008;-0.57869;0.44593;1.5371;0.27837;-0.14727;-0.62152;-0.59997;-0.07868;-1.0791;1.2877;-0.29072;-1.0696;-0.53066;1.3519
41;0.13699;0.4203;0.0028541;0.0080336;0.089712;0.071966;0.20121;0.0063587;0.0058356;0.12188;0.021175;0.096645;0.11114;0.20813;0.051363;0.0948;0.024124;0.095408;0.039507;0.10114;0.1339;0.016874;0.015732;0.2042;0.064744;0.15289;0.066108;0.012607;0.17267;0.036685;0.02998;0.23281;0.16644;0.042502;0.24903;0.040131;0.14675;0.27743;0.024038;0.054622;0.040077;0.050475;0.085792;0.25774;0.15495;0.1232;0.010086;0.041386;-0.83755;-0.80536;-0.99574;0.32628;-0.9677;1.1356;-0.18532;-0.087896;0.44154;-0.20341;-0.15415;-0.94559;-0.26121;-1.3495;0.34326;-1.3963;-0.17403;1.9261;-0.087521;-0.088488;0.74405;-1.4084;-0.41864;1.04;-0.011459;1.4602;1.0602;-0.39894;-1.0306;0.66023;-0.66322;0.61297;-0.58773;-0.44659;1.334;0.52538;-0.15801;-0.7546;-1.8198;0.17712;0.44075;-1.0286;0.53619;1.8329;-1.4023;0.3009;-1.3258;0.73891
42;0.10174;0.25761;0.2342;0.010299;0.062457;0.014363;0.067887;0.013986;0.28517;0.0055588;0.0022457;0.28162;0.21397;0.049637;0.29337;0.050637;0.068462;0.20295;0.029634;0.00022578;0.053204;0.053827;0.10996;0.19077;0.23327;0.012376;0.33579;0.02334;0.022154;0.083061;0.004228;0.37995;0.014357;0.1067;0.032289;0.10906;0.045835;0.21739;0.15599;0.06837;0.053928;0.062503;0.017732;0.052887;0.44988;0.21403;0.090338;0.065526;-0.71605;-1.0989;-0.13786;0.8579;-1.1466;-1.1738;-0.038081;0.94922;1.6191;1.2225;0.14586;1.1445;0.29857;-0.56032;0.040449;1.7763;-1.3065;-1.7522;-1.7316;-0.43149;0.82953;-1.11;0.93282;0.34916;-0.14693;0.3312;1.3079;-0.58621;0.47287;-0.98029;-0.17869;-0.74913;0.51763;0.14125;-0.27863;0.3081;0.20897;-2.0948;-0.42549;-0.78779;-0.003864;-1.0152;0.037123;0.155;-0.79685;-0.98073;-0.87968;-0.21018
43;0.17742;0.02833;0.10352;0.12881;0.16779;0.0095074;0.0046643;0.034319;0.069359;0.11696;0.1921;0.029498;0.10197;0.066291;0.014452;0.29796;0.030991;0.23315;0.072856;0.0097622;0.041641;0.059674;0.13156;0.0085001;0.0048755;0.059845;0.61035;0.12264;0.03304;0.043347;0.062814;0.089165;0.011382;0.10173;0.039909;0.23715;0.044727;0.16214;0.030352;0.025493;0.021346;0.006833;0.053479;0.034234;0.078497;0.22925;0.088641;0.018353;1.4602;-0.68154;-0.62884;1.2756;-0.46054;1.0418;-0.36471;0.81692;0.16106;2.5927;1.1011;-0.71637;1.8132;-1.548;0.7639;-3.0602;-0.42484;-0.57831;0.40312;0.095062;1.325;0.014666;0.3532;-0.40329;-0.15679;1.373;0.56957;-1.0883;1.7393;-0.66457;-0.015351;-0.76838;0.545;-1.0189;1.6591;-0.6218;-1.138;-0.59933;1.4316;-1.8103;0.8882;-0.51577;0.047458;1.4101;0.073708;0.055928;-0.73353;1.7043
44;0.070645;0.075685;0.026879;0.076554;0.038797;0.071017;0.071053;0.16128;0.051771;0.054495;0.17443;0.087753;0.14215;0.26263;0.049931;0.22228;0.2326;0.11205;0.14425;0.28498;0.12111;0.15312;0.20989;0.051984;0.0116;0.077334;0.047342;0.093193;0.12259;0.018711;0.012214;0.070329;0.17867;0.00055696;0.0041489;0.027462;0.06585;0.018468;0.49435;0.052929;0.15257;0.031751;0.21191;0.67524;0.12236;0.21469;0.20302;0.32481;1.0875;-1.3844;-1.2439;2.0015;-1.9782;1.659;-1.3086;0.90492;0.86553;-0.33083;1.2456;-0.89631;0.41028;0.68264;-0.04626;-0.42939;0.25679;0.20534;-1.1173;-0.58689;-0.70078;0.40029;1.1776;1.6201;0.2346;-3.0704;0.060877;0.74082;-1.3624;0.70922;-0.24522;-1.2562;0.039706;1.4528;-0.59581;-0.69513;-1.814;-1.0033;2.7636;1.8507;1.0735;-0.36871;-0.16669;1.347;-0.16559;1.0115;-0.33288;-0.14852
45;0.03585;0.16494;0.02337;0.049247;0.23829;0.20198;0.002432;0.0016783;0.046945;0.19315;0.02762;0.0034117;0.031169;0.23965;0.0015687;0.051781;0.056635;0.010506;0.34221;0.038592;0.00093233;0.027141;0.057731;0.29942;0.030679;0.33251;0.024883;0.17415;0.12718;0.099143;0.038755;0.044839;0.10738;0.032886;0.085369;0.19527;0.020025;0.15373;0.17057;0.027675;0.16563;0.13077;0.10885;0.007556;0.041334;0.31363;0.070936;0.11627;-0.38526;1.2695;-0.70484;0.78507;0.0089479;-0.029883;0.38921;-0.068973;-0.067843;1.4624;-0.0066883;-0.81783;-0.096603;0.14097;-1.115;-0.61883;-0.6561;-1.2933;1.2071;-1.1957;0.29776;-0.019412;1.1558;0.72441;0.93507;-0.1533;1.3357;-0.50865;-0.87816;0.94801;0.90744;0.18703;0.13745;-0.544;1.1794;1.1619;1.4034;1.1688;0.21377;-0.52027;-0.38661;0.66515;0.86747;-1.9455;1.8731;1.2573;-1.429;0.16006
46;0.15461;0.022415;0.017072;0.06341;0.0048817;0.3301;0.080599;0.015771;0.06988;0.024297;0.055709;0.38316;0.12792;0.09951;0.01304;0.046663;0.021931;0.03554;0.15491;0.033456;0.028946;0.052881;0.45212;0.39559;0.091088;0.0287;0.11645;0.040859;0.065348;0.24352;0.097417;0.33595;0.19805;0.18603;0.020608;0.10895;0.11681;0.17066;0.010847;0.030235;0.22127;0.12568;0.004617;0.020255;0.41543;0.12085;0.18941;0.053669;0.40698;1.5753;-0.43331;0.088541;-2.1593;1.0341;0.61528;0.79771;-2.0668;-0.19574;-0.36094;0.7453;1.2959;-0.85043;-0.69937;0.93938;-0.48687;-1.4259;-0.15972;0.32989;0.044228;1.0544;1.2212;2.4547;0.15006;0.68329;-0.58968;0.16205;-1.2938;-0.96423;0.44855;1.6292;2.2653;-0.69586;0.2397;0.28449;-0.27093;-0.89033;0.25107;0.15051;-0.9806;-0.13875;0.31916;1.4895;0.76535;1.0783;0.19943;0.56694
47;0.42701;0.018389;0.14947;0.1878;0.01169;0.0079674;0.047309;0.007409;0.1838;0.038755;0.11363;0.14308;0.19875;0.053255;0.10219;0.0067058;0.064989;0.18741;0.50454;0.014432;0.17627;0.095178;0.42185;0.08232;0.0048511;0.033527;0.014928;0.036591;0.17667;0.31638;0.12261;0.011009;0.23571;0.12705;0.030438;0.0087215;0.047536;0.087778;0.057038;0.079461;0.091577;0.038915;0.040955;0.40396;0.064978;0.03354;0.067567;0.22242;-0.9563;0.61267;1.4803;-0.30749;-1.553;0.30379;-0.62638;1.108;-0.37073;1.1275;0.73108;0.021039;1.2164;-0.64431;0.18519;0.99019;0.97906;-2.2556;-0.58722;1.0775;1.6242;0.026126;0.34613;-2.0031;1.4114;-1.1568;-1.3881;0.98746;0.5371;-0.43521;1.1598;0.06486;-1.439;0.59766;-2.0193;-0.34751;-0.68605;-0.18625;-1.0162;1.7202;0.88432;0.38148;0.39484;-0.91356;-1.1672;1.4869;0.71481;-0.68396
48;0.34255;0.22304;0.16939;0.012108;0.094044;0.1925;0.043978;0.18481;0.046526;0.28311;0.05111;0.33635;0.29716;0.098637;0.056947;0.014799;0.079676;0.14593;0.029596;0.086937;0.01024;0.034382;0.41275;0.023271;0.060341;0.15328;0.062862;0.11276;0.063178;0.013092;0.0071326;0.31651;0.083607;0.13451;0.058486;0.16903;0.31815;0.38051;0.014959;0.20079;0.26871;0.37911;0.20004;0.00066378;0.23357;0.0045345;0.55618;0.027501;0.91496;-0.13762;-0.27801;1.1624;1.3768;0.40405;0.53298;-0.48443;0.54343;-0.64809;-1.0171;0.038119;1.0716;1.0467;1.0872;0.10188;2.4308;-1.612;-0.28347;-0.66761;-0.011885;-1.7598;1.2973;-0.12286;2.5237;1.1691;-1.6855;-1.4149;0.030931;0.65215;0.85378;-0.53199;0.26413;-1.0706;0.9707;1.5337;-0.56274;0.38777;-0.40603;0.54046;-2.3228;-0.42379;-0.52118;0.058831;-2.9956;1.3355;-0.27357;-0.84934
49;0.066593;0.32159;0.1051;0.074627;0.38286;0.3426;0.14866;0.052104;0.18787;0.16446;0.11181;0.25167;0.045191;0.035066;0.032204;0.044536;0.15189;0.1136;0.2476;0.039009;0.011037;0.2819;0.051788;0.062355;0.43158;0.2005;0.0046833;0.15866;0.016091;0.13003;0.004949;0.017302;0.1261;0.40029;0.031369;0.074746;0.11171;0.078717;0.033027;0.64434;0.052521;0.064606;0.15369;0.18709;0.14591;0.019898;0.063946;0.24753;0.92706;0.60274;-1.1231;-0.14696;1.4025;-1.8055;-1.2028;1.3849;-1.5482;-0.62104;-0.964;1.3348;0.34872;0.88436;1.2769;-0.061677;1.6281;-0.43524;-0.23839;0.17013;1.0683;-0.51116;1.3411;1.0558;-2.1944;-0.30003;0.30974;-0.63004;1.3549;-0.6789;0.15077;-0.37105;-0.236;-0.16446;0.34627;-0.66431;0.23802;0.4863;0.59687;0.60036;-0.55389;2.0091;1.217;-1.0759;-0.66071;1.9143;1.4826;-2.2124
50;0.061275;0.017217;0.031699;0.13421;0.11012;0.24721;0.061942;0.11476;0.024957;0.1207;0.012155;0.075614;0.0038963;0.052564;0.23483;0.055298;0.0072707;0.082793;0.028265;0.088886;0.17643;0.20274;0.094995;0.12528;0.11593;0.28918;0.062491;0.15873;0.10449;0.15551;0.039335;0.18233;0.054316;0.073484;0.004163;0.26951;0.31163;0.02092;0.054944;0.09747;0.18109;0.072868;0.01107;0.086862;0.17261;0.16508;0.020208;0.017894;-0.59217;-1.8136;0.68864;0.34367;1.584;0.39;0.5095;0.63357;-3.4157;0.086935;-0.23344;-0.15911;-1.1911;1.6524;-0.35563;0.26281;-1.2161;1.7859;-1.076;0.11461;-1.1206;0.68859;0.81612;-0.01089;-1.0192;-1.5463;0.0016646;-1.7392;0.77993;-0.35325;0.36723;0.5748;-0.9214;0.43321;0.36409;1.2536;-0.25234;0.49355;0.86127;-1.2823;0.23477;-2.1749;-0.086956;-1.5664;1.1082;0.86349;-0.14617;-1.5377
normalized population
1;-0.026894;0.13353;-0.012808;0.11831;-0.084471;0.086257;-0.072655;0.06426;0.010632;-0.098106;-0.0065833;-0.086622;-0.07533;0.18693;-0.10163;0.11404;-0.026876;0.16806;0.13511;-0.041343;-0.1179;-0.10724;-0.10626;0.093241;-0.085703;-0.11048;0.014409;-0.061126;-0.042469;-0.076259;-0.091578;-0.10434;0.00089328;0.0081597;0.057488;-0.084414;-0.05311;-0.092761;-0.043542;-0.10542;-0.060414;-0.058506;-0.092397;-6.2587E-05;-0.095523;0.021044;0.066402;-0.079342;2.0789;0.051017;-0.3277;-0.28803;2.3383;0.77409;-0.5903;-1.6106;2.175;-0.087685;0.0068044;0.095367;-1.3753;-0.50071;0.90192;-2.186;-0.84774;0.62361;0.17153;-0.16516;-0.81707;-1.1169;-0.26124;0.26605;-1.2109;-1.3945;-0.12803;1.5003;0.30725;0.35584;-0.66536;0.75955;-1.223;0.11587;-0.40938;-0.98827;0.46742;2.168;0.23749;0.18452;-0.69814;-0.59012;-0.47385;-1.2219;2.2014;-0.35455;-0.29327;1.5006
2;-0.10314;-0.058308;0.066757;-0.059068;-0.057082;-0.026051;0.12428;-0.096496;0.11236;-0.082075;-0.035043;0.29265;-0.05183;-0.020197;0.19487;-0.071256;-0.07107;-0.054668;-0.083384;-0.082598;0.055957;0.34602;0.6019;-0.1077;-0.021785;0.0037178;0.092689;-0.083393;-0.078161;-0.058972;0.10753;-0.070434;-0.064859;-0.0375;-0.11094;0.029347;0.059957;-0.085897;-0.03973;0.089729;0.024287;-0.10029;0.032481;-0.058635;-0.08423;-0.10905;-0.037073;0.080234;-0.59202;0.53724;-0.22865;-0.025865;-0.6893;1.3729;1.1012;-0.35087;0.49381;-0.22043;0.64893;-0.47865;0.54788;0.56449;-1.3686;0.50411;0.77865;0.8573;-0.51824;-0.69925;-2.0643;0.46819;0.27343;-0.69367;-0.62181;-0.042083;-0.40872;-1.3196;-0.67136;1.2187;0.36337;-0.51245;-0.54739;0.48306;0.32725;-0.78412;-0.16366;1.3852;-0.68669;-1.7087;-0.62777;0.4242;-0.74756;-0.8284;-0.21081;1.1135;-0.10746;0.51835
3;0.0012773;-0.10703;0.1471;0.0081962;-0.061127;-0.0016082;-0.045221;-0.0097801;0.031486;-0.091758;0.081659;-0.072912;-0.025563;-0.066187;0.015709;-0.0070146;-0.012593;-0.070786;-0.09052;0.13764;0.49659;0.097672;-0.12895;0.010075;-0.023401;0.074293;0.011395;-0.041363;-0.088254;-0.031495;0.044073;0.13306;-0.12067;-0.028791;0.11264;-0.077745;0.0029078;-0.067948;0.096949;-0.042953;-0.094386;0.024308;-0.030653;-0.11205;0.3521;-0.084885;-0.028046;-0.056683;-1.841;-1.0501;1.73;-1.6622;0.00040359;0.74726;0.14188;-0.43549;-0.74881;-0.96988;-1.1054;0.9827;0.26229;0.50498;-1.2552;0.49582;-0.38199;0.41632;-0.69021;-1.1898;-1.4553;0.23833;-0.45994;-0.99242;-1.4066;-0.8251;-0.94187;-0.63421;-0.12019;0.87352;-0.21069;-0.8609;1.8305;-0.51894;1.3251;0.12061;-0.15882;-1.323;-1.2126;-0.47151;-1.0186;-0.42539;0.038099;0.27181;0.77132;-1.435;-1.2391;0.054935
4;-0.093535;-0.010683;-0.064375;0.03799;0.00050267;-0.012641;0.13012;0.25404;-0.076584;0.1068;0.020069;-0.043822;-0.013509;-0.059605;-0.077956;-0.11584;-0.047612;-0.04567;0.03969;-0.023035;-0.10332;-0.019019;-0.065724;0.029183;0.016008;-0.11263;-0.05761;0.0627;0.030247;-0.09378;-0.039621;-0.024578;-0.041129;0.32847;-0.066102;-0.012859;0.072325;-0.065715;-0.043023;0.018037;-0.084573;-0.058988;-0.080084;0.076904;-0.084248;0.051969;0.0074562;-0.039397;0.082676;-0.36564;-0.87565;-1.0336;-0.31129;0.15428;1.7244;-0.26159;-0.0037905;0.48651;-1.1781;0.89086;-0.47935;-1.1042;1.2273;1.2539;0.96395;0.91258;-1.5516;0.198;0.80802;-1.0183;-0.54091;1.0357;-0.04075;0.1139;-0.92046;-0.8572;2.1081;-0.088317;0.53582;0.45521;-0.9567;-0.7506;1.611;-0.2239;-0.082406;0.41923;0.48126;0.40806;0.54396;-1.2243;0.47517;0.32967;-0.71315;-0.89944;0.78128;-0.39952
5;-0.051452;0.033243;-0.068748;0.14379;-0.073536;-0.062158;0.18708;-0.10888;0.015651;-0.071547;0.062777;-0.12694;0.32981;-0.053996;0.11735;-0.12318;-0.094226;-0.088627;0.26843;-0.10535;-0.061594;-0.092631;0.44159;-0.010809;0.15217;0.0027853;0.058863;0.048156;0.0186;-0.094478;-0.045453;-0.063874;0.14815;-0.043845;-0.066559;0.036977;-0.044139;0.19788;-0.075085;0.010486;-0.1201;0.036542;-0.024155;-0.044965;-0.13088;-0.099449;-0.025558;-0.049528;0.043736;0.87577;0.85388;-0.24035;1.6597;-1.0515;-0.65588;1.8216;1.2999;1.1191;-1.8262;0.14672;1.8294;0.34386;-0.87474;-0.94469;-1.2541;1.7555;2.2326;-0.93373;0.47568;0.037108;-1.8309;-1.4637;0.36895;-0.61585;-0.044434;2.0287;-1.6007;1.4152;0.063799;-0.32283;0.11717;1.3243;0.96442;0.50328;-0.23181;0.64939;-0.74752;-0.43215;0.80731;1.2207;1.6275;0.81761;-0.31368;-1.5796;1.4351;-0.21033
6;-0.14116;0.018264;0.022819;0.010307;-0.01372;-0.07895;0.27668;-0.10291;0.067417;0.007433;-0.04275;-0.026447;0.036277;-0.034343;0.019452;-0.10895;0.023816;-0.0072008;-0.072609;-0.097049;-0.070563;0.10721;-0.13077;0.024274;0.053256;-0.089225;-0.10212;-0.012582;-0.02559;-0.08938;-0.099568;-0.077011;-0.111;-0.057592;-0.063363;-0.042088;-0.016877;-0.040918;0.034995;0.09754;0.10105;-0.07586;-0.10003;-0.093111;0.12747;-0.027825;-0.02991;-0.073725;0.0813;1.439;0.60631;-0.23688;1.9634;-0.32599;-0.35441;-2.0229;0.3013;-0.61713;-1.0712;-0.32112;-0.1681;-1.6301;-1.0393;0.13285;-0.55281;-0.7096;-0.5852;1.4824;1.227;0.28636;-0.038567;-1.4771;0.046376;1.0802;-0.94783;-0.30713;-0.90377;0.21439;-0.44093;-1.3211;0.17033;0.73254;-0.16865;-0.19309;0.10295;-0.7998;-2.011;0.80415;-0.3022;-1.0453;1.554;0.17603;-0.30518;0.069794;1.0254;0.64157
7;-0.080398;-0.0716;-0.039113;0.03876;-0.10186;-0.07792;-0.08473;-0.077543;0.069739;-0.059435;-0.071263;-0.069364;-0.08979;-0.056065;-0.066585;-0.056176;-0.074868;0.044606;-0.12041;-0.0767;0.037091;-0.10959;0.22335;-0.087964;-0.05398;0.053055;0.050456;0.11751;-0.079514;0.51731;0.004805;0.011617;-0.10837;-0.009231;-0.011319;0.071842;-0.068766;-0.077138;-0.090634;-0.099217;-0.028577;0.51369;-0.10041;-0.082139;-0.0096983;-0.083031;0.060992;-0.052531;-0.48084;0.90744;-0.48517;-1.431;-0.17409;0.46275;-1.1232;-0.027215;-0.2207;-0.2781;0.37616;0.60684;-0.49028;-1.1419;0.11198;0.4679;2.3537;-0.73485;0.094203;-0.36758;1.0458;0.59781;0.48147;1.2341;1.7983;-0.64173;-0.52686;-0.72718;-0.16417;-0.45525;-0.63629;-1.911;-0.11415;-1.1009;-0.96399;-1.9429;2.0954;0.28051;-1.624;0.52899;-0.12072;-1.4271;-0.77652;-1.0616;0.18548;-2.2749;1.0148;-1.9442
8;-0.12023;0.072874;-0.03692;0.064979;-0.092196;0.00050459;-0.013334;0.16232;-0.087232;-0.072476;0.13644;0.29222;-0.034112;-0.055674;-0.040504;0.13102;-0.099306;-0.072783;-0.0065092;0.05646;-0.022652;-0.0064038;-0.10278;0.0099299;-0.086058;0.036556;-0.093281;-0.088043;0.22221;0.25005;-0.093044;-0.023538;0.12859;0.061087;0.066317;0.1271;-0.026738;-0.082061;-0.064034;0.13942;-0.092814;0.0050564;0.23363;-0.039998;0.026166;0.07957;-0.071528;-0.073436;-0.091692;-0.14809;1.4193;0.68767;-0.36059;-0.096484;-1.6222;-1.0537;1.4991;-1.4262;-0.78485;-0.085158;-0.74927;-0.5036;0.96191;-0.082103;0.7621;1.7185;0.98657;0.82681;-0.31062;0.20847;-0.67831;0.85091;0.17404;1.0217;-0.73273;-0.45095;0.25785;1.3019;-0.81621;1.4849;0.43443;0.05053;0.54442;0.3204;-0.49639;-0.97229;0.068511;1.335;-0.45055;-0.41647;0.47431;-1.4459;-0.75233;1.1875;-0.5144;1.1235
9;-0.01238;-0.10327;-0.017625;-0.059376;-0.106;0.18364;-0.053384;-0.037463;-0.042518;0.25047;-0.070595;-0.047571;0.01321;-0.0039942;-0.073075;-0.10966;-0.089192;-0.069165;-0.026769;0.0023143;0.012544;0.0030315;0.022976;0.033091;-0.039022;-0.088771;0.2558;0.16449;0.043443;-0.060575;-0.099667;-0.042109;-0.010657;0.014643;-0.075272;0.0090823;0.023102;-0.017039;-0.0016086;-0.075955;-0.013179;0.14543;-0.027034;0.018074;0.065922;-0.058399;-0.098269;-0.039319;0.3994;0.37327;0.91019;0.68255;0.52275;-0.44896;0.83068;-0.49311;-0.51879;-0.21104;-1.4323;-1.1986;1.7419;-0.0027143;0.59857;0.40698;3.0251;0.88975;-1.7421;-0.18075;0.86663;-0.28745;-0.5904;-0.21938;1.4192;0.8243;0.17689;-0.44149;-0.67372;-1.4165;0.1865;-1.487;1.1089;-0.075386;-0.43777;0.14108;-1.4967;1.4114;0.047404;0.68974;0.30664;-1.5068;0.95142;-0.71298;1.7558;2.0137;1.0794;-0.17733
10;0.019038;0.021274;-0.072615;0.18774;-0.024055;-0.022413;-0.087878;-0.04631;0.092711;0.070705;-0.039226;-0.082656;-0.081003;-0.035181;0.12991;-0.072711;-0.037006;0.077875;-0.068494;0.070456;0.14513;-0.027862;0.30379;-0.084128;0.070061;0.022635;0.019234;0.15292;-0.039113;0.23924;-0.041977;0.098676;0.074081;-0.063237;0.034883;0.080277;-0.09;0.072703;-0.099834;0.27633;0.11265;-0.0099026;-0.085052;0.18439;-0.039296;-0.049009;-0.085034;0.01522;0.56926;1.3156;-0.43092;-0.1225;-0.95222;0.0018383;0.087627;1.0147;0.23656;-0.6509;-0.66081;-0.32791;-0.075492;-1.7729;0.67567;-1.7723;-1.0548;0.15468;-0.63578;-0.26872;0.70828;1.3343;-0.57262;-0.61434;-1.5734;-1.3035;0.10733;-0.76159;0.77718;0.084208;-0.80935;0.22433;-1.0211;0.12041;-0.60903;-1.6486;0.2756;-0.89505;-0.17023;0.66255;-0.96405;1.5125;-0.61889;-0.56663;0.57042;-1.29;1.6739;-1.3406
11;-0.071045;-0.07624;-0.003892;0.055234;-0.082208;0.050413;0.13715;-0.072243;-0.071617;0.21102;-0.034414;-0.058698;-0.022218;-0.015606;-0.07854;0.0097604;-0.016946;-0.094704;-0.074804;0.38408;-0.1198;-0.046749;-0.12595;-0.085085;-0.035196;0.080993;-0.068025;-0.07515;-0.068938;0.0087254;-0.019598;-0.0087718;-0.034625;-0.069405;0.021788;-0.093728;0.064268;0.29763;-0.043968;-0.013486;-0.082201;0.064839;-0.044437;-0.0076982;-0.10093;-0.020653;0.13198;0.13276;-0.074547;0.77939;1.8697;-0.63789;-0.19579;1.4839;-1.7123;-0.80684;-0.14136;-1.3097;-0.03685;-0.24912;-0.14612;-0.24396;-0.79654;0.379;-0.72627;-0.34429;0.27211;0.20501;-1.2711;-1.6456;-0.58976;-0.94168;0.51517;0.076051;-0.37353;0.3228;0.3209;-0.76977;-0.49467;-0.90848;-0.067183;-1.3627;-0.31047;0.40412;-0.11805;0.72733;0.46607;-0.16853;-0.28597;0.69552;-0.89221;0.32994;1.5395;0.1444;-0.66631;-0.16232
12;-0.05424;0.013424;-0.048694;0.10831;-0.08605;-0.068687;0.034046;0.056541;0.11816;-0.058539;-0.065457;-0.048104;0.019044;-0.052432;-0.069891;0.29145;-0.0494;-0.0010163;-0.013171;0.10237;0.055662;-0.059948;-0.1093;-0.10875;-0.064147;-0.014497;-0.037358;-0.0084861;-0.052161;-0.077058;-0.091082;0.057874;-0.12424;0.36169;0.87924;-0.1039;-0.073606;-0.067114;0.023378;0.064327;-0.064227;-0.079053;-0.10887;0.0046209;0.4747;0.018241;-0.073332;-0.060027;0.67664;0.077038;0.1811;-2.0495;-1.4639;-1.1671;1.2103;0.50647;-0.053455;-1.3435;2.2629;-0.34377;-1.7196;-0.20055;-2.0363;-1.7762;-0.092637;0.63508;-0.79518;-0.26112;-0.39162;0.73217;-0.75657;0.77679;0.2732;0.41089;0.52812;-1.1711;0.03333;1.4759;0.37629;1.3101;-0.23448;1.3848;-0.49199;-0.097888;0.78404;-1.0171;-0.59383;-0.042318;-0.347;-0.24547;-0.87872;0.93396;-0.16566;0.53865;-0.32077;-0.23942
13;0.024922;-0.083255;-0.080734;-0.026663;0.066938;0.11039;-0.0059155;-0.10936;-0.072255;-0.036882;0.044132;-0.12727;-0.042982;-0.1028;-0.078348;-0.10455;-0.051777;0.014847;-0.10356;0.021318;-0.062385;-0.10911;-0.12432;-0.077305;-0.062514;-0.029606;-0.10451;-0.045804;-0.065667;-0.035887;0.346;-0.11204;-0.067991;0.00981;-0.069853;-0.042418;-0.073371;-0.10272;-0.029874;0.0055976;-0.10476;-0.070347;-0.041228;0.051053;-0.11871;-0.057368;-0.076651;-0.064582;-0.49114;-1.0573;0.96281;1.0219;1.9541;0.91297;-0.54993;-1.0395;-0.75611;1.3686;-0.75001;1.3694;-1.0852;-0.302;-0.7486;-0.072586;-0.92688;-1.2895;-1.1031;0.82367;-1.6622;-0.73509;-1.745;-1.2496;1.405;0.075205;0.53149;1.4199;0.96077;-0.9318;-1.0712;-0.080607;1.0983;-0.15711;-0.7791;2.1803;-0.35872;0.074752;-0.43669;0.124;1.2653;1.1169;-1.4567;-0.66467;-0.95718;1.0708;0.62441;-0.48711
14;0.20665;0.10094;0.035614;-0.071595;-0.10119;-0.086017;-0.028006;-0.010931;-0.0088925;0.026773;0.10437;0.21302;0.050356;0.12071;0.15741;0.059332;0.2005;0.057915;-0.082967;0.23862;0.039926;0.29881;-0.13749;-0.06591;-0.092085;-0.11401;-0.042472;-0.072141;-0.00034036;0.060646;-0.051004;0.18094;-0.082802;-0.086406;-0.074558;-0.0878;0.05512;-0.02681;-0.055639;0.05231;-0.1049;-0.046432;0.048597;-0.068466;-0.10246;-0.030996;-0.0054298;-0.077082;1.8037;0.8292;1.469;-1.1847;0.21094;0.023071;0.83252;0.19347;0.52683;-0.77772;0.67974;-0.29855;-0.11155;-0.1418;0.048353;-0.55633;0.64179;-1.4517;0.53096;0.10865;0.5394;-1.5663;-0.77373;0.34459;-1.5676;0.56161;-0.82541;-0.25109;0.67871;0.96002;0.67235;0.093084;-1.0601;-0.87887;-1.149;-1.3986;0.49298;-0.83811;-0.42316;0.65789;0.21468;-1.6108;0.73708;-0.45319;-0.7692;0.62434;2.6382;-0.19813
15;-0.12712;-0.054353;-0.015019;0.072269;-0.099251;-0.078371;0.30462;-0.10306;0.018305;-0.019903;-0.052683;0.18334;-0.02695;-0.081438;0.11398;-0.045799;-0.063234;0.0086073;0.10365;0.21837;-0.08395;-0.088997;0.0016982;-0.041032;0.10975;-0.053822;-0.074859;0.13962;-0.077265;0.0032983;-0.042611;0.043181;-0.10638;-0.010647;-0.1157;-0.026461;-0.086795;-0.052424;-0.015981;-0.032626;-0.057209;0.021763;-0.049633;-0.076073;-0.046786;-0.072502;-0.091993;-0.055117;0.6262;0.11903;0.20328;-0.082355;-0.057493;0.16056;-0.22897;1.8112;0.50149;1.792;-0.5249;0.54268;0.048951;0.84774;0.84415;-0.19607;-0.91638;-2.6986;0.16087;0.29725;0.67542;1.2286;-0.74546;0.2949;-1.8525;-0.29306;0.58906;-0.85321;0.67196;0.50604;-0.037665;-1.8516;-0.048536;1.2846;1.6988;-0.15115;-0.14096;0.92144;1.2499;-0.68578;-2.5549;-0.23062;-0.21777;-0.44128;-0.10758;-0.91078;-0.6568;-2.2579
16;-0.028547;-0.029672;-0.008282;0.16351;-0.033317;-0.081289;-0.055837;0.083905;0.13862;0.18383;-0.028768;0.048972;-0.067712;0.085489;-0.01649;-0.11547;-0.069211;0.066678;-0.037063;0.012297;-0.083479;-0.016656;-0.11397;-0.091744;-0.079074;0.18646;-0.10254;-0.048754;-0.018212;-0.074337;0.0048947;-0.05565;-0.10155;0.034959;0.0078283;-0.094407;-0.022367;0.093298;-0.076969;0.38597;0.17112;-0.10639;-0.063243;0.30036;0.0078972;0.088544;0.090146;-0.036624;-1.3755;0.32327;-2.1895;0.016483;0.19381;-0.3852;0.61049;-2.9806;-0.95804;-1.0517;0.092618;-2.1235;1.2719;-0.11011;-0.66432;0.53991;1.7381;-0.46195;-0.11548;-1.5945;-0.55756;1.2467;-1.3524;0.42633;-1.0431;1.0059;-0.61875;1.0839;-0.12338;-1.2911;2.1754;0.22201;-0.58721;0.17524;-0.73916;-1.8421;0.39412;-0.21938;1.7747;-0.96679;0.88572;0.27309;-0.80691;0.67972;0.50567;0.64299;0.54632;-0.16394
17;-0.1218;0.055648;0.10323;0.13591;-0.088128;-0.07843;-0.066761;-0.044974;0.13483;-0.041461;-0.06742;0.11162;0.015879;-0.07281;-0.10449;-0.043758;0.13173;-0.097447;-0.098588;-0.037711;-0.1176;-0.045279;0.073873;-0.10307;-0.013929;0.25135;0.016195;-0.027578;-0.020972;0.072688;0.098129;-0.030646;0.22735;-0.0050351;-0.10544;-0.087706;0.068052;0.2742;0.026291;-0.030408;-0.05328;-0.0028939;0.033986;-0.058914;-0.11523;0.20103;-0.077063;0.32691;0.21849;1.2155;-1.3741;1.1719;-1.6092;0.29302;1.5684;0.47739;-0.15692;-0.54303;-0.045357;1.2192;-1.1217;0.79612;0.69348;0.077127;-0.00025428;0.59859;0.54854;-0.91598;-0.77309;1.2107;-0.96217;-1.6132;0.70989;-0.95239;0.32584;2.3384;0.94268;-0.55945;-0.43874;0.058689;-0.038726;0.27855;-1.6069;-1.4683;-1.6852;1.3268;-1.1936;-0.47786;1.4222;2.4767;-0.53188;-0.50769;-0.49836;0.12426;-1.7172;-0.47945
18;-0.024911;0.19721;0.017157;-0.032934;-0.02544;-0.080997;-0.027606;-0.022992;-0.037004;0.0036904;-0.017609;0.48468;-0.10505;-0.094393;0.11861;0.13034;-0.0851;0.055813;-0.095184;-0.10592;-0.10997;0.24234;0.073858;-0.035194;0.25585;-0.059561;-0.053542;-0.061154;0.095764;0.13366;-0.098059;-0.11825;0.11728;0.0096806;-0.1026;-0.1044;0.058857;-0.039001;0.031769;-0.10046;-0.022495;0.060015;0.16792;-0.069548;-0.0418;-0.070645;-0.045271;-0.060392;-1.5366;-1.4725;-0.81402;0.3654;-0.29642;0.57563;0.2251;0.27718;0.29316;-0.21735;-0.02825;2.1813;1.8356;0.13659;-1.3973;-2.0636;-1.2031;0.99054;0.17647;-3.0802;1.061;-1.0502;0.14355;-2.1468;0.42414;0.17871;-0.3647;-1.231;-0.30591;0.1694;-0.17251;0.9196;-0.3109;0.34167;-0.69665;-1.3855;-0.95203;-0.73916;0.21613;-0.093943;-0.60779;0.69334;-0.53588;-0.17876;-0.20297;-3.3045;-0.87771;-0.52479
19;0.17964;-0.097834;0.050819;-0.077199;-0.014309;0.22056;0.12138;0.027649;-0.035098;0.1448;-0.065267;-0.1264;0.14629;-0.040771;0.11125;0.18942;-0.066909;-0.037727;-0.091119;-0.098193;-0.094416;-0.009942;-0.091655;-0.013955;-0.095305;0.093013;-0.046831;-0.0547;0.11569;-0.08402;0.0025562;-0.10769;0.080416;-0.023392;-0.075982;-0.057109;-0.048897;-0.08206;-0.075891;-0.055117;0.19008;0.030164;-0.085293;0.017565;-0.12187;-0.046101;-0.039486;-0.065204;1.1705;1.2107;0.19926;-1.8283;-0.11607;0.30649;-0.91099;0.89067;0.59134;0.17809;-0.023787;-1.2745;0.37468;-0.98088;-0.48755;0.41605;-0.49674;-0.88842;-0.88656;-0.67902;-0.21227;0.089681;-0.6863;0.44942;0.369;-0.97751;0.035202;0.67237;-0.79305;1.2295;-0.098995;0.57145;-0.0041535;0.13988;-0.39569;2.3229;0.20741;1.1332;-1.2116;1.1554;0.68436;-1.59;-0.087574;-0.40148;-0.2545;1.3688;1.349;-0.0081218
20;-0.094514;-0.081419;-0.085968;0.030125;0.29619;-0.0772;0.046206;0.16055;-0.060476;-0.00063593;-0.0033572;-0.085825;-0.042794;-0.092163;-0.081034;-0.11694;0.12973;-0.066894;-0.11343;-0.078679;0.33186;-0.077357;-0.079214;-0.042985;-0.0093144;-0.11437;-0.065923;0.1244;-0.071951;-0.085274;0.22816;-0.089022;-0.030046;-0.085299;0.27337;-0.095865;-0.029098;-0.069422;-0.050738;-0.076173;0.26836;-0.090036;0.1102;-0.11047;-0.10959;-0.084957;-0.099039;0.05743;0.60809;-0.77747;0.26293;0.67322;0.14354;0.99381;-0.87262;0.78678;0.59471;0.96078;-0.39046;-0.75805;1.3527;0.44033;-0.041129;-1.4997;-0.0061386;0.87468;0.47999;0.5381;0.34387;0.22195;0.5136;0.040278;-0.4092;0.98443;-0.38997;0.043319;1.4723;-1.0747;-1.2923;-0.80931;-0.4338;-0.49049;0.20171;-0.094615;1.8451;-0.38763;-1.3269;0.1452;1.4607;-0.41748;-0.43748;0.65574;1.0673;-0.7855;0.16109;-1.04
21;-0.12172;-0.012944;0.03529;-0.031527;-0.098136;-0.063452;-0.074055;-0.071277;-0.025125;-0.07971;0.06987;-0.012726;-0.035955;-0.011794;-0.086393;0.071358;0.19174;-0.071254;0.003144;0.14727;0.0502;-0.085233;-0.13075;0.14177;-0.092521;-0.11257;-0.10991;-0.040273;-0.07617;0.0039573;-0.063838;-0.0018846;-0.036158;-0.071686;-0.028174;0.042556;-0.030557;0.1427;0.11422;-0.014887;0.0089427;-0.069102;0.19676;0.2661;-0.013582;-0.074374;0.039467;-0.060237;-1.5799;-0.9033;-2.7462;1.7204;1.5182;-1.9946;0.71387;-0.85367;-0.57181;0.59153;-1.0061;0.45121;-1.9193;0.1152;0.80261;-0.74829;-0.24036;0.29416;0.42955;0.71139;-0.96012;0.91913;-1.1521;-2.4197;-0.5449;-1.3098;-0.29532;0.21798;-0.94045;0.061728;1.2405;1.9786;0.27276;1.5958;0.2262;-1.3539;0.75043;0.99977;1.5464;-0.45325;0.07684;-0.14435;0.50473;0.42198;0.43527;0.568;-0.44234;0.10237
22;0.35789;0.049721;0.034059;0.040121;0.12388;0.023007;0.11038;-0.10482;-0.023101;0.29191;-0.031511;-0.1232;-0.10083;0.046318;-0.024203;-0.056702;-0.058794;0.010693;0.24573;-0.072474;-0.057669;0.0095596;0.097007;0.04635;-0.084194;0.13018;-0.017908;-0.051841;-0.042262;0.14523;0.093282;-0.052055;-0.10202;-0.026848;-0.058457;0.056841;-0.057796;0.2259;0.018718;-0.090796;0.1272;-0.063713;0.10907;-0.09846;-0.056332;-0.019898;0.13578;-0.084417;1.2831;-0.47664;0.81999;0.751;-0.45644;-0.69678;-0.048656;0.12474;-0.30137;-0.22603;-1.3265;1.4018;0.63875;0.4338;0.34033;0.31173;1.5077;0.79371;1.839;0.65185;0.84552;0.71458;-0.3229;-0.71007;-0.43389;-0.20524;1.554;1.1678;-1.6253;0.43366;1.3823;-0.46163;-1.9654;-0.1654;-1.687;1.5184;0.99925;-0.098439;-1.9715;1.4987;0.54805;-0.26921;-0.49265;-0.17421;0.00022407;0.93629;1.6858;1.2178
23;0.38472;-0.019872;0.069988;-0.043723;-0.042436;-0.089728;-0.054173;-0.044932;0.1147;-0.063002;0.090019;-0.098534;-0.0016115;0.0026218;0.041189;0.26408;-0.090885;0.062251;0.0038068;-0.063129;-0.024607;-0.085041;-0.04514;-0.039325;-0.023121;0.047727;-0.10569;-0.013549;0.029841;-0.043049;-0.0031835;-0.079646;-0.051139;0.047203;-0.10612;0.0050868;0.03479;0.11013;0.032421;-0.10107;0.064922;0.040028;-0.10731;0.063059;0.10318;-0.093894;-0.073278;-0.0067911;-0.75004;-0.7216;-0.077822;-0.30253;-0.21993;-1.3686;-1.0372;-0.00935;-0.51234;0.32872;1.1593;0.34578;-0.92691;-0.19885;1.2223;0.48377;-1.03;0.75305;0.19468;-0.23629;0.95338;0.71593;1.1001;-0.23701;0.1033;1.5075;1.1357;1.2468;-1.0556;0.9387;-0.30945;1.0811;-2.3415;-0.21999;1.4004;-0.26651;-0.5097;-0.37835;-0.51139;-0.934;1.7946;-0.71539;0.12855;1.0832;-1.5655;0.13458;-1.4721;-0.024144
24;-0.15316;-0.10409;-0.081583;-0.016487;0.03073;-0.078385;-0.083907;-0.060843;-0.081131;-0.073674;-0.050001;-0.12178;-0.085634;-0.038311;-0.0040663;-0.072016;-0.05679;-0.09569;-0.117;-0.047943;-0.090224;-0.010378;-0.060123;-0.01841;-0.080376;-0.0403;0.50467;0.056643;0.0028934;-0.082959;0.1081;-0.064574;0.11241;-0.096069;0.057611;-0.042268;-0.029207;-0.12077;-0.10332;-0.099518;-0.059262;-0.10077;-0.087611;0.061196;-0.052672;0.0040552;0.15998;-0.05802;0.32414;0.99598;0.92194;-0.5779;-0.2565;-0.74796;-0.24136;2.2073;-1.2335;-0.30249;2.2797;-0.7128;-0.46053;0.2789;1.7579;0.062356;-0.35731;1.2953;-0.10823;-0.36507;-0.52136;0.10373;0.92603;0.0046673;-0.13524;0.89701;-0.52527;-1.5331;-0.3406;1.4026;0.22797;0.012302;-0.23521;0.77111;0.82439;-1.6584;-0.9335;-1.3435;-0.20836;0.13853;-1.0013;0.80969;0.33613;0.40755;-0.042292;1.0983;-0.18343;-0.84571
25;-0.016049;-0.011942;-0.070082;-0.062606;0.0083883;-0.01879;-0.044056;-0.11176;0.009568;-0.066327;-0.016582;-0.13032;0.029914;-0.07379;-0.073668;0.13328;0.10553;-0.024992;0.21749;0.056754;0.1223;-0.02688;0.032112;0.23589;0.005458;0.076459;-0.054401;0.18547;-0.087489;0.017787;-0.0082355;0.19452;-0.066278;-0.083785;-0.0077158;-0.08632;0.11958;0.012499;-0.028048;-0.058195;-0.05753;0.10365;-0.10222;-0.10546;0.011222;0.043335;-0.0064873;-0.078486;0.16105;1.5314;1.2304;-0.40078;-0.49076;-0.46917;0.31386;0.89534;-0.13258;-0.56349;0.39976;2.1466;-0.3945;0.69263;-0.0076174;1.1709;0.53461;0.1586;-0.2637;0.83527;1.103;-0.7278;1.6343;-0.52468;0.4012;0.78179;-0.59308;0.53343;-0.73906;-1.4088;0.37372;0.67236;0.45003;0.38454;0.50746;0.12897;1.1936;0.64423;0.84481;0.73889;0.95134;0.43824;-0.35219;-0.0097339;-0.79401;0.93131;-0.74469;1.4613
26;0.13269;-0.056517;0.017419;-0.082325;0.32051;-0.06773;-0.049176;0.083412;-0.074558;-0.10219;-0.045836;0.018498;0.091477;0.056319;-0.10453;0.10702;-0.074018;-0.017227;0.2423;-0.010624;-0.064536;-0.061301;-0.085771;0.0029787;-0.087864;-0.11055;-0.073397;0.018511;0.059647;-0.056315;0.024723;0.030032;0.12697;0.068444;0.1725;-0.013627;-0.086523;-0.10043;-0.078187;0.061206;0.16175;-0.08614;0.14505;-0.05274;0.0071012;-0.10096;-0.074186;-0.089482;-0.71411;-1.42;-0.20085;-0.24349;1.6431;0.43062;-2.0229;-0.051684;-1.8052;-1.4906;0.0098019;-2.458;0.58546;-1.2536;1.2683;-0.40196;0.50306;0.51297;0.10744;-0.034886;-0.69963;0.17642;2.3056;0.45933;1.8333;-0.30827;0.69996;-0.055544;-0.7061;-2.064;1.44;-0.26481;0.91962;-0.1418;-0.89701;-1.1245;-0.70859;1.6566;1.3777;-0.23115;0.59314;0.71123;0.020495;-0.34386;0.51534;0.81662;-0.96219;2.1951
27;0.030607;0.15044;-0.072642;-0.08569;0.37918;0.11989;0.0021102;-0.10315;-0.095433;-0.0048681;-0.062415;-0.10875;0.042865;-0.07765;0.010206;0.078393;0.097163;0.040879;0.28957;-0.010428;-0.11664;0.019643;-0.079604;0.018899;0.12666;-0.079001;-0.089727;-0.032365;0.16298;0.0072256;0.36684;0.045967;-0.0436;-0.074746;0.055939;-0.080096;-0.0064725;-0.11727;0.24438;0.024396;-0.10922;0.092292;-0.011944;0.031036;-0.12246;-0.072937;-0.067118;0.11195;0.11019;-1.267;-0.4358;0.72074;-1.2814;-0.96644;0.38008;-0.25383;0.14764;0.066901;0.88785;-0.58812;0.71561;-1.2751;-0.67733;0.15687;0.96005;1.9652;-0.04747;1.1645;-1.2682;-1.6419;-0.2631;-0.93057;-0.093864;0.53403;-0.036275;0.74936;-0.0088055;1.247;0.48368;-0.38481;-2.0816;-0.9611;0.51367;-0.98695;-2.027;-0.10768;0.89345;-0.17771;-0.62658;0.6737;-1.9959;0.79312;-0.63895;-0.78117;0.56103;0.66003
28;-0.13696;-0.034863;-0.015552;-0.070686;-0.07102;-0.091124;-0.030968;0.053382;0.134;-0.084495;-0.020181;-0.11274;-0.050976;0.071597;0.031022;0.062067;0.061017;0.046802;-0.043892;0.070865;0.30831;-0.093199;-0.095378;-0.0087816;0.0096242;-0.073847;-0.058309;-0.047022;-0.068164;-0.04842;-0.057119;0.11028;-0.041404;-0.018425;-0.11516;0.11227;-0.013368;-0.07628;0.13037;0.064159;0.22441;-0.075657;-0.091973;-0.065307;-0.080239;0.036784;0.050141;0.024026;-2.9839;0.59671;-0.60416;0.90629;-0.20564;0.29564;0.44739;0.61241;0.76133;-0.38606;-1.5306;-0.89637;-1.9078;0.91672;0.33202;1.0999;-1.3921;-1.6213;-0.04405;2.5962;-0.24274;0.67253;0.85908;2.2259;0.19422;0.2102;0.015157;0.77206;-0.87377;0.52506;-0.97719;-1.6257;1.5879;0.42796;0.29606;-0.5724;0.68639;-1.3949;-0.93655;1.2231;0.90473;0.50988;1.4495;-1.0115;2.1418;0.13523;0.27358;0.42277
29;0.36571;-0.062083;-0.052073;-0.0014483;-0.10129;0.093441;0.023207;-0.019972;-0.093664;-0.060163;0.073109;-0.092426;-0.099477;0.007421;-0.079721;0.0039906;0.14401;-0.07088;-0.1177;0.16161;-0.055033;-0.08661;-0.087921;-0.051102;-0.0088748;0.029613;-0.045641;-0.06555;-0.07736;-0.036127;-0.01584;-0.02513;0.15666;-0.1035;-0.069962;-0.10296;0.21997;-0.051861;0.03355;-0.092223;0.27631;-0.081514;-0.024776;0.053321;0.1316;0.0085052;-0.09516;0.048199;-1.2484;-0.35904;-0.55832;-0.168;-1.5968;0.28827;-0.86338;-0.3777;-1.3451;0.24752;2.1393;-0.60671;-0.61369;1.8592;-0.3635;-0.18138;-0.79538;-0.95372;2.3501;0.1276;-2.2288;0.32434;0.53885;0.15507;1.1251;0.5689;-0.14642;-0.65365;-0.20423;-0.44053;1.4836;1.5283;0.88916;1.2886;-1.3559;0.75553;1.5982;0.44624;0.721;0.97722;-2.016;-0.42356;0.6767;-0.40071;-2.1548;-0.64544;1.4621;1.5931
30;0.059178;-0.078811;0.3032;-0.092461;0.053643;-0.0022945;-0.0012448;0.099962;-0.040464;-0.09161;-0.052202;-0.040435;0.075355;-0.013185;0.14437;-0.089637;-0.048618;-0.070655;0.14221;0.042028;-0.050008;0.010225;-0.097267;-0.0046018;0.052186;-0.095506;0.12326;0.0011059;-0.092966;-0.02626;-0.08749;-0.1192;-0.029961;0.056472;0.095962;0.13324;-0.077193;-0.0060453;0.021331;-0.028047;-0.050782;-0.071786;0.37479;-0.068698;0.0070486;0.14145;-0.086303;-0.055672;0.24451;-0.23799;2.0582;0.5946;0.08948;0.053094;1.4687;0.86543;0.58361;1.9874;-0.66537;-0.52723;0.59763;0.52449;-0.9956;-0.10512;0.039535;0.92205;-1.0561;-0.21684;0.60567;0.3694;1.7751;0.23137;0.025273;-0.36014;1.125;0.57864;-1.094;-0.15314;-0.41972;3.2452;1.3591;-1.2165;-1.461;1.1481;0.98243;-0.26635;0.98486;0.46568;-0.51788;-0.11784;-0.31108;-2.9171;-0.74449;-0.83869;-0.16534;-1.7521
31;-0.093815;-0.084731;-0.060857;0.1054;-0.038367;-0.022656;-0.075037;-0.094029;0.0021814;0.0016796;-0.02182;-0.094001;-0.038242;0.27038;-0.083362;-0.11228;-0.092117;-0.023138;-0.071704;-0.046245;-0.12058;0.36737;-0.017305;-0.071151;0.060379;0.060641;0.14614;-0.058842;0.18713;-0.043396;0.043303;-0.072122;0.21796;0.10305;-0.071222;-0.037704;0.10361;0.062156;-0.03918;-0.033871;0.0049492;-0.018217;-0.094468;0.061928;-0.069362;0.21111;0.034241;0.09333;0.15469;-1.3865;0.49988;0.44101;-0.20656;0.39583;0.14741;-0.045917;1.5476;-0.36896;0.67633;-0.91121;0.19206;0.29478;0.93123;-0.93777;-0.87813;0.04091;-0.98948;-0.65383;0.072926;-0.92139;-2.9314;-1.8182;-0.44693;-0.51842;1.8669;0.8783;1.4486;0.45194;0.91739;0.078026;-0.31664;0.12513;0.4502;-1.0049;-0.5551;-0.60596;-0.15962;-1.6562;-0.0007071;-1.8911;1.6664;-0.0013353;1.0149;0.086074;-1.3708;1.0793
32;0.19149;-0.095216;0.044071;-0.023131;0.13015;0.028632;-0.05023;0.36644;0.15114;-0.1067;0.010202;-0.017699;-0.060498;-0.035643;0.070459;0.021099;0.025864;-0.06102;0.015156;-0.074456;0.49105;-0.06093;0.068005;0.20946;-0.034953;-0.069863;-0.029054;-0.037253;0.011018;-0.052028;-0.069474;-0.011448;-0.048638;-0.095362;-0.079233;-0.07133;-0.086599;-0.10252;0.17654;-0.09613;0.033691;-0.021771;-0.026476;-0.10657;-0.091791;-0.11046;0.067095;-0.053166;0.10177;-0.06908;-1.1312;0.52357;-0.6297;-0.23558;-0.41899;-1.0361;0.86545;0.64209;0.78658;-1.1407;0.51973;0.80494;0.28885;1.2739;-0.27505;-0.44399;1.4266;1.1303;-1.2815;-1.8308;0.72372;-0.62294;-1.8556;1.2976;0.81663;0.53332;-0.22922;1.2934;-0.11915;0.065332;-0.16883;1.0812;-0.16004;0.61028;-0.41992;-0.61062;0.13168;-0.60289;1.2148;0.44381;-0.78389;-0.23451;-0.29288;-0.39847;1.4156;0.76621
33;-0.0033377;-0.038246;-0.0021298;-0.091676;0.23734;0.022256;-0.0053802;-0.0016629;-0.080812;0.132;0.069897;0.055291;-0.059062;0.02028;0.031962;0.26215;0.21127;-0.097991;-0.10455;-0.018021;0.039132;0.058865;-0.053259;-0.021349;-0.00844;0.19236;-0.096979;-0.045851;-0.063237;-0.092115;-0.029197;-0.046092;0.19999;-0.104;0.22271;0.024959;0.0055781;-0.055813;-0.072405;-0.059895;-0.077778;0.081674;0.41552;-0.070362;-0.10653;-0.035937;-0.064658;0.30831;0.099672;0.96986;-0.20639;-0.98069;1.1851;-1.3094;-0.14509;-1.024;-0.2892;1.2753;-0.012009;-0.026634;-1.3115;1.8785;1.0178;1.2703;-0.48331;0.89732;0.50459;-1.78;0.46161;-0.8299;0.41611;2.8395;0.25859;0.7344;0.59686;-0.057601;1.032;0.60828;-1.3702;0.099015;0.60302;-0.12806;-1.3401;0.9805;-1.0236;-0.25352;0.70084;-0.78982;0.53178;-0.32404;-1.1276;1.0274;-0.06369;-0.72162;0.27107;0.27757
34;-0.061244;-0.056875;0.045508;-0.045704;-0.012035;0.064476;0.0012011;0.03956;0.026851;-0.053251;0.037488;0.017099;0.00067719;0.1157;-0.061764;0.1172;0.15483;-0.051999;-0.10948;-0.10064;-0.10771;-0.0072571;-0.13191;-0.082434;-0.065033;-0.023775;0.2193;-0.069008;-0.034746;-0.084244;0.16714;-0.041894;-0.060511;0.1333;0.025416;0.024687;-0.088498;0.1723;-0.018393;-0.034316;-0.078545;0.093746;-0.054654;-0.069258;-0.068253;-0.11296;-0.055089;-0.049193;-0.29493;-0.27268;-0.31289;-0.17078;-0.75648;-2.1364;-0.20335;-0.62238;0.63069;-2.4707;-0.052991;1.272;-1.0384;2.0239;0.86203;0.4076;-0.44848;0.21212;-0.94979;2.079;-0.38759;1.2766;0.24237;-1.1894;-0.54242;-0.07181;1.2359;0.062885;0.074705;-0.65935;0.12809;-0.14317;1.0906;0.13391;1.2734;0.54302;0.56162;-0.35138;0.59271;-1.3049;-0.60724;-0.37725;-0.047926;-0.34246;0.057513;-2.2108;0.17527;0.32192
35;-0.12551;-0.09152;-0.010836;0.044955;-0.10627;-0.021663;-0.06426;0.94971;0.00069622;-0.088513;-0.035203;-0.0052768;0.054872;0.071873;-0.096388;0.005308;-0.095821;-0.014479;-0.077194;-0.052989;0.0035077;-0.080896;-0.08661;0.2204;0.30342;0.012848;-0.058609;0.0017404;0.0063952;-0.088166;0.32493;0.23992;-0.12089;0.029013;0.040232;0.29532;-0.069085;-0.092977;-0.073557;0.038782;-0.087544;-0.10189;-0.077402;-0.06803;0.23238;0.17295;-0.029272;-0.090859;-0.13591;0.17648;-0.4589;0.28393;-0.56857;-0.72815;0.49281;-1.2757;1.2307;-2.2746;0.57921;2.0595;0.72236;-0.19159;1.7731;-0.78202;-1.9041;-1.3701;0.86787;0.50964;-0.26569;0.30287;-1.1522;0.051263;1.1053;-1.1269;-0.54801;-0.35986;0.086295;0.77218;1.0253;0.058149;0.16166;-0.78622;0.67175;-0.79415;-0.78078;-0.20879;-1.1952;-0.46607;-1.2088;1.0761;1.2035;1.2643;0.15978;-0.211;0.20736;-0.097022
36;-0.10289;0.2004;-0.03274;-0.048013;-0.051475;-0.052442;-0.069436;-0.065593;-0.035552;-0.10362;0.02198;-0.12538;-0.091335;0.044764;-0.006506;-0.074374;0.050408;-0.065225;-0.028701;-0.042976;-0.083097;-0.096311;-0.038538;-0.10268;-0.037939;-0.10838;-0.098714;0.088889;0.065591;-0.064392;-0.099511;-0.097336;-0.028592;-0.015345;-0.086583;-0.10866;0.039789;0.061951;0.1527;-0.022459;0.028749;-0.12274;0.12489;0.00097993;-0.1141;0.08357;-0.077379;0.1287;-1.6825;0.38585;0.70942;-0.86026;-0.13367;-0.93016;0.47702;0.2537;0.059825;-0.43718;-0.30086;-1.0798;-0.40439;0.75157;-0.14605;0.2089;0.3488;-2.6772;-0.337;-1.5265;-0.053557;0.045233;-0.86738;1.0527;-0.53073;-0.73497;-0.64107;0.2153;1.0926;-0.82037;0.73785;-1.1541;-1.0183;0.34297;-0.85334;0.27788;-0.5342;-0.82627;1.2495;1.0897;1.6187;0.28966;0.82372;0.76075;-2.2156;0.35162;0.72724;-0.64842
37;-0.11043;0.10181;-0.0763;-0.07022;-0.02829;-0.036693;-0.034411;-0.072949;-0.087246;0.28954;0.047287;-0.042212;-0.057463;0.10298;0.20642;-0.091815;0.17324;-0.074252;5.8314E-05;-0.067471;-0.01926;-0.081931;-0.07256;0.0063848;0.054903;-0.062021;-0.04983;-0.064798;0.11485;0.067293;-0.018208;0.022328;-0.10869;-0.013854;-0.10429;0.16768;-0.076914;-0.052313;-0.080611;0.0074612;-0.070769;0.074014;-0.011354;0.0078931;0.091438;-0.1117;0.31128;-0.015834;1.7801;-1.279;-0.36139;0.0819;-0.054483;-1.4117;-1.4915;-1.0053;1.1029;0.0034526;-0.31248;-1.1007;-1.3356;-1.7754;-1.5043;0.081083;1.2594;0.78046;0.33045;-0.5729;-0.16265;0.099905;1.3246;1.4661;2.3229;1.0722;0.097128;-0.74184;-2.0114;-1.2383;-0.02435;0.24528;0.27168;-0.57759;-1.0437;2.0953;-0.32333;-0.76252;-0.64136;-0.19937;-1.2107;0.59171;0.018804;1.1439;1.26;-1.2952;-0.49252;1.0665
38;0.20191;0.010438;0.12004;-0.069222;0.039967;-0.060984;-0.08647;-0.094557;0.01048;-0.069617;0.032833;0.11992;0.41377;-0.065015;0.19157;-0.0024568;0.18357;0.54374;-0.075023;-0.10351;0.01313;0.25148;0.064847;-0.054671;0.04509;-0.018282;-0.057447;-0.05413;0.058641;-0.093755;-0.04382;0.072556;-0.081534;-0.06402;0.0069321;0.18688;0.10399;-0.032609;-0.024873;-0.094576;-0.029598;0.060417;-0.066042;-0.10561;-0.10272;-0.034744;0.18639;0.0064962;0.70161;0.51346;0.35923;-0.84143;0.23253;1.6961;1.998;-0.16187;1.1583;0.94145;0.93768;0.56102;0.36036;2.104;-0.02573;1.2853;0.32765;0.43299;2.2134;-0.38163;1.1136;1.0032;0.44551;-0.24991;-0.55919;1.029;-0.25392;1.2684;1.7663;-1.1401;-0.80365;-1.0783;0.059024;-0.86541;0.43095;1.7572;-0.24596;-0.15784;0.39304;-0.78671;0.65041;0.57156;-1.1114;-2.5563;1.477;0.16676;-0.18726;-0.31982
39;-0.01221;0.081861;-0.021106;-0.035123;-0.066586;-0.095119;-0.089046;-0.047847;-0.024808;0.015906;-0.0046047;-0.086962;-0.10716;-0.071082;-0.040122;-0.0522;-0.056998;0.07353;-0.11664;-0.030882;0.035922;0.0061895;-0.10793;-0.047083;-0.061428;0.089326;-0.10341;-0.023417;0.14888;-0.019596;-0.083145;-0.013185;0.34231;-0.093623;0.18339;-0.011879;-0.059987;-0.11467;0.10638;-0.085454;-0.094252;-0.021943;-0.029481;-0.061574;-0.0054101;0.3219;-0.076967;-0.077207;2.1836;-1.0105;-1.6197;-0.067961;0.28869;0.65167;0.34271;-0.80608;-1.1902;0.2939;-0.4553;0.21081;0.82871;-1.1014;-0.2939;0.50987;-1.4417;-1.5174;-0.26209;1.3499;0.61781;-1.519;-0.96137;-0.49261;-0.62803;-1.5344;0.12475;0.19678;0.92753;0.045174;-0.98313;0.37919;0.29896;-0.7704;1.3241;0.6966;0.93118;0.23194;0.54209;-0.39936;0.086017;0.86907;0.2664;0.60594;0.89739;0.49718;-3.0943;0.28074
40;-0.095334;-0.063363;-0.048343;0.01519;-0.032113;0.029529;0.017155;-0.10546;-0.095561;-0.06526;-0.0054702;-0.007446;-0.047522;-0.0040471;-0.015652;-0.05764;-0.08332;-0.062714;-0.051989;0.1317;0.066025;-0.10382;-0.080135;0.026954;-0.0052602;-0.0027001;0.15687;0.10054;-0.030506;0.0063164;0.015739;-0.11132;-0.011527;-0.025811;-0.03046;0.063804;-0.041336;-0.10169;0.079154;-0.01782;-0.061104;0.35157;-0.054332;-0.093358;-0.11652;-0.084386;-0.091476;0.058081;-0.18686;0.74843;1.4198;-0.26878;0.84149;2.59;1.5509;0.60894;-0.61572;1.353;-0.20004;-0.83661;-1.0151;-1.0586;1.1117;0.030132;0.90275;0.34315;-0.27339;2.2236;-0.53096;1.5924;-0.86793;1.0282;-0.85228;-1.0661;0.85655;-1.1959;0.46878;-1.2843;-1.8673;-0.52061;0.92545;-0.72733;-0.54743;0.47247;1.6346;0.53253;-0.10738;-0.60292;-0.60617;0.12893;-1.0639;1.5326;-0.21206;-1.2457;-0.56208;1.2752
41;-0.017649;0.29972;-0.084907;-0.084897;-0.019899;-0.026876;0.11199;-0.10888;-0.092413;0.010467;-0.050611;-0.033717;0.0032849;0.10407;-0.057709;-0.028837;-0.076906;-0.0029354;-0.081218;-0.0051811;0.011794;-0.093083;-0.12195;0.094667;-0.036481;0.032856;-0.045596;-0.078597;0.075102;-0.061371;-0.070753;0.10708;0.039065;-0.063924;0.13153;-0.074094;0.056386;0.14775;-0.080376;-0.050984;-0.088695;-0.0724;-0.025054;0.144;0.023294;0.0056377;-0.091976;-0.05108;-0.91284;-0.78896;-0.98281;0.19396;-0.7486;1.0203;-0.17463;-0.15742;0.3208;-0.1939;-0.023067;-0.73444;-0.30941;-1.3772;-0.10959;-1.1188;-0.17117;2.203;-0.016686;-0.1457;0.79341;-1.2785;-0.50099;1.107;-0.036413;1.5128;0.74637;-0.37409;-1.09;0.59206;-0.91722;0.68942;-0.53358;-0.38385;1.3652;0.55192;-0.060464;-0.50044;-1.78;0.19571;0.43456;-0.82102;0.55134;2.0778;-1.3236;0.12472;-1.3572;0.66223
42;-0.0529;0.13702;0.14644;-0.082631;-0.047153;-0.084479;-0.02133;-0.10126;0.18692;-0.10585;-0.069541;0.15126;0.10612;-0.054423;0.18429;-0.072999;-0.032568;0.10461;-0.091092;-0.10609;-0.068898;-0.05613;-0.02772;0.081231;0.13205;-0.10766;0.22408;-0.067864;-0.07542;-0.014995;-0.096504;0.25422;-0.11302;0.00027013;-0.085209;-0.0051599;-0.044526;0.087715;0.051573;-0.037236;-0.074845;-0.060372;-0.093113;-0.060855;0.31823;0.096466;-0.011725;-0.02694;-0.79134;-1.0825;-0.12493;0.72557;-0.92751;-1.2891;-0.027392;0.8797;1.4983;1.232;0.27695;1.3556;0.25037;-0.58805;-0.4124;2.0539;-1.3036;-1.4753;-1.6608;-0.4887;0.87889;-0.98015;0.85046;0.41613;-0.17189;0.38382;0.99409;-0.56136;0.41355;-1.0485;-0.43269;-0.67268;0.57177;0.20399;-0.24737;0.33464;0.30652;-1.8407;-0.38559;-0.76919;-0.010059;-0.80761;0.052271;0.39991;-0.71819;-1.1569;-0.91109;-0.28685
43;0.022778;-0.092256;0.015762;0.03588;0.058178;-0.089335;-0.084553;-0.080923;-0.02889;0.0055477;0.12031;-0.10086;-0.0058753;-0.037769;-0.094619;0.17433;-0.070039;0.1348;-0.047869;-0.096558;-0.080461;-0.050283;-0.0061234;-0.10104;-0.096349;-0.060194;0.49864;0.031436;-0.064533;-0.054709;-0.037918;-0.036567;-0.116;-0.004693;-0.077588;0.12293;-0.045634;0.03246;-0.074062;-0.080113;-0.10743;-0.11604;-0.057367;-0.079509;-0.053155;0.11169;-0.013421;-0.074113;1.3849;-0.66514;-0.61591;1.1433;-0.24143;0.9265;-0.35402;0.7474;0.040312;2.6023;1.2322;-0.50522;1.765;-1.5758;0.31105;-2.7827;-0.42197;-0.30145;0.47395;0.037854;1.3744;0.14453;0.27084;-0.33632;-0.18174;1.4256;0.25574;-1.0634;1.68;-0.73274;-0.26935;-0.69193;0.59914;-0.95619;1.6903;-0.59526;-1.0404;-0.34517;1.4715;-1.7917;0.882;-0.30816;0.062606;1.655;0.15237;-0.12025;-0.76494;1.6277
44;-0.083992;-0.0449;-0.060882;-0.016376;-0.070814;-0.027826;-0.018165;0.046034;-0.046477;-0.056915;0.10264;-0.042609;0.034302;0.15857;-0.059141;0.098648;0.13157;0.013709;0.023524;0.17866;-0.00099404;0.043168;0.072216;-0.057552;-0.089625;-0.042704;-0.064362;0.0019889;0.025013;-0.079346;-0.088518;-0.055403;0.051287;-0.10587;-0.11335;-0.086763;-0.024512;-0.11121;0.38993;-0.052677;0.023801;-0.091124;0.10106;0.5615;-0.0092952;0.09713;0.10096;0.23235;1.0122;-1.368;-1.231;1.8692;-1.7591;1.5437;-1.2979;0.83539;0.74478;-0.32132;1.3767;-0.68516;0.36208;0.65491;-0.49911;-0.1518;0.25966;0.48221;-1.0464;-0.6441;-0.65142;0.53016;1.0953;1.6871;0.20965;-3.0177;-0.25295;0.76567;-1.4217;0.64106;-0.49922;-1.1798;0.093848;1.5156;-0.56455;-0.66859;-1.7164;-0.74916;2.8035;1.8693;1.0673;-0.16111;-0.15154;1.5919;-0.086934;0.83535;-0.36429;-0.22519
45;-0.11879;0.044354;-0.064392;-0.043683;0.12868;0.10314;-0.086785;-0.11356;-0.051304;0.081739;-0.044166;-0.12695;-0.076681;0.13559;-0.1075;-0.071855;-0.044395;-0.087837;0.22148;-0.067729;-0.12117;-0.082816;-0.079948;0.18988;-0.070546;0.21247;-0.086821;0.082941;0.029604;0.0010861;-0.061978;-0.080893;-0.019999;-0.07354;-0.032128;0.081044;-0.070336;0.024047;0.066159;-0.077931;0.036856;0.0078937;-0.0019944;-0.10619;-0.090318;0.19607;-0.031126;0.023805;-0.46055;1.2859;-0.69191;0.65274;0.22805;-0.14517;0.3999;-0.13849;-0.18859;1.4719;0.12439;-0.60668;-0.1448;0.11325;-1.5679;-0.34125;-0.65323;-1.0164;1.2779;-1.2529;0.34713;0.11046;1.0735;0.79138;0.91012;-0.10068;1.0219;-0.4838;-0.93747;0.87985;0.65344;0.26348;0.19159;-0.48125;1.2107;1.1885;1.5009;1.4229;0.25366;-0.50167;-0.3928;0.87275;0.88262;-1.7006;1.9518;1.0811;-1.4604;0.083391
46;-2.305E-05;-0.098171;-0.070689;-0.029521;-0.10473;0.23126;-0.0086189;-0.099471;-0.028368;-0.087113;-0.016077;0.2528;0.020067;-0.0045496;-0.096031;-0.076973;-0.079098;-0.062803;0.034185;-0.072864;-0.093156;-0.057076;0.31444;0.28605;-0.010137;-0.091338;0.0047478;-0.050345;-0.032225;0.14546;-0.0033152;0.21022;0.070672;0.079605;-0.09689;-0.0052698;0.026449;0.04098;-0.093567;-0.075371;0.092499;0.0028009;-0.10623;-0.093487;0.28378;0.0032883;0.08735;-0.038797;0.33169;1.5917;-0.42038;-0.043785;-1.9402;0.91881;0.62596;0.72819;-2.1876;-0.18622;-0.22986;0.95645;1.2477;-0.87816;-1.1522;1.217;-0.484;-1.149;-0.088882;0.27268;0.093594;1.1843;1.1389;2.5217;0.1251;0.73591;-0.90351;0.1869;-1.3531;-1.0324;0.19455;1.7056;2.3194;-0.63312;0.27097;0.31103;-0.17339;-0.63617;0.29096;0.1691;-0.98679;0.068855;0.33431;1.7344;0.84401;0.90213;0.16802;0.49027
47;0.27237;-0.1022;0.061711;0.094872;-0.09792;-0.090875;-0.041909;-0.10783;0.085552;-0.072656;0.041846;0.012715;0.090902;-0.050805;-0.0068828;-0.11693;-0.036041;0.089067;0.38382;-0.091888;0.054166;-0.014778;0.28417;-0.027215;-0.096374;-0.086512;-0.096776;-0.054613;0.079098;0.21832;0.021877;-0.11472;0.10833;0.020626;-0.08706;-0.1055;-0.042826;-0.041902;-0.047376;-0.026145;-0.037195;-0.083961;-0.06989;0.29022;-0.066674;-0.084025;-0.034495;0.12995;-1.0316;0.62907;1.4933;-0.43981;-1.3339;0.18851;-0.6157;1.0385;-0.49147;1.137;0.86216;0.23219;1.1682;-0.67204;-0.26766;1.2678;0.98193;-1.9787;-0.51638;1.0203;1.6736;0.15599;0.26378;-1.9362;1.3865;-1.1042;-1.7019;1.0123;0.47778;-0.50338;0.90582;0.14131;-1.3849;0.6604;-1.9881;-0.32097;-0.58851;0.067908;-0.97626;1.7388;0.87812;0.58909;0.40999;-0.66865;-1.0885;1.3107;0.6834;-0.76063
48;0.18791;0.10245;0.081631;-0.080822;-0.015566;0.09366;-0.04524;0.069563;-0.051723;0.1717;-0.020676;0.20599;0.18931;-0.0054234;-0.052125;-0.10884;-0.021354;0.04759;-0.091129;-0.019383;-0.11186;-0.075575;0.27507;-0.086265;-0.040884;0.033237;-0.048843;0.021552;-0.034395;-0.084964;-0.0936;0.19078;-0.043773;0.028085;-0.059011;0.054802;0.22779;0.25083;-0.089455;0.095182;0.13994;0.25623;0.089191;-0.11308;0.10191;-0.11303;0.45412;-0.064965;0.83967;-0.12122;-0.26508;1.0301;1.5959;0.28876;0.54367;-0.55395;0.42268;-0.63858;-0.88605;0.24927;1.0234;1.019;0.63437;0.37947;2.4337;-1.3351;-0.21264;-0.72481;0.03748;-1.6299;1.215;-0.055893;2.4987;1.2217;-1.9993;-1.39;-0.028385;0.58398;0.59978;-0.45554;0.31827;-1.0079;1.002;1.5603;-0.4652;0.64193;-0.36613;0.55905;-2.329;-0.21619;-0.50603;0.30374;-2.9169;1.1593;-0.30498;-0.92601
49;-0.088044;0.20101;0.01734;-0.018303;0.27325;0.24375;0.059446;-0.063138;0.089626;0.05305;0.040026;0.12131;-0.062659;-0.068994;-0.076867;-0.0791;0.050862;0.015255;0.12688;-0.067311;-0.11107;0.17194;-0.08589;-0.047181;0.33036;0.080463;-0.10702;0.067457;-0.081482;0.031975;-0.095784;-0.10843;-0.0012767;0.29386;-0.086129;-0.039478;0.02135;-0.050962;-0.071387;0.53873;-0.076251;-0.05827;0.042846;0.073344;0.01426;-0.097667;-0.038117;0.15507;0.85177;0.61915;-1.1101;-0.27929;1.6216;-1.9208;-1.1921;1.3154;-1.669;-0.61153;-0.83291;1.546;0.30052;0.85664;0.82404;0.21591;1.6309;-0.15838;-0.16756;0.11293;1.1177;-0.38129;1.2588;1.1228;-2.2194;-0.24741;-0.0040851;-0.60519;1.2956;-0.74707;-0.10323;-0.29461;-0.18186;-0.10171;0.37753;-0.63777;0.33556;0.74046;0.63676;0.61895;-0.56008;2.2167;1.2322;-0.83101;-0.58205;1.7381;1.4512;-2.2891
50;-0.093362;-0.10337;-0.056063;0.041275;0.00050837;0.14837;-0.027275;-0.00048218;-0.073291;0.0092865;-0.059631;-0.054748;-0.10395;-0.051496;0.12576;-0.068338;-0.093759;-0.01555;-0.09246;-0.017434;0.054327;0.092786;-0.042684;0.015741;0.014701;0.16914;-0.049213;0.067526;0.0069166;0.057453;-0.061398;0.056599;-0.073063;-0.032942;-0.11333;0.15529;0.22126;-0.10876;-0.04947;-0.0081358;0.052318;-0.050008;-0.099776;-0.02688;0.040955;0.04751;-0.081855;-0.074572;-0.66746;-1.7972;0.70157;0.21135;1.8031;0.27472;0.52019;0.56405;-3.5365;0.096451;-0.10236;0.052041;-1.2393;1.6247;-0.80847;0.54039;-1.2132;2.0628;-1.0052;0.0574;-1.0712;0.81846;0.73376;0.056078;-1.0441;-1.4937;-0.31217;-1.7143;0.72061;-0.42142;0.11323;0.65124;-0.86725;0.49595;0.39535;1.2801;-0.1548;0.74771;0.90116;-1.2637;0.22858;-1.9673;-0.071808;-1.3215;1.1869;0.68731;-0.17758;-1.6143
PARTICULAR
GAIN
9
