TITLE;96 random variables, variable gain
FOCUS ON;
EXPERIMENT TYPE;SingleAmongManyVaryingGain
PARAMETERS
normalization;Standard
pcaRecompositionThreshold;0.95
component;1;2;3;4;5;6;7;8;9;10;11;12;13;14;15;16;17;18;19;20;21;22;23;24;25;26;27;28;29;30;31;32;33;34;35;36;37;38;39;40;41;42;43;44;45;46;47;48;49
type;RandomWeibull;RandomWeibull;RandomWeibull;RandomWeibull;RandomWeibull;RandomWeibull;RandomWeibull;RandomWeibull;RandomWeibull;RandomWeibull;RandomWeibull;RandomWeibull;RandomWeibull;RandomWeibull;RandomWeibull;RandomWeibull;RandomWeibull;RandomWeibull;RandomWeibull;RandomWeibull;RandomWeibull;RandomWeibull;RandomWeibull;RandomWeibull;RandomWeibull;RandomWeibull;RandomWeibull;RandomWeibull;RandomWeibull;RandomWeibull;RandomWeibull;RandomWeibull;RandomWeibull;RandomWeibull;RandomWeibull;RandomWeibull;RandomWeibull;RandomWeibull;RandomWeibull;RandomWeibull;RandomWeibull;RandomWeibull;RandomWeibull;RandomWeibull;RandomWeibull;RandomWeibull;RandomWeibull;RandomWeibull;RandomPearson
p1;0.333333333333333;0.333333333333333;0.333333333333333;0.333333333333333;0.333333333333333;0.333333333333333;0.333333333333333;0.333333333333333;0.333333333333333;0.333333333333333;0.333333333333333;0.333333333333333;0.333333333333333;0.333333333333333;0.333333333333333;0.333333333333333;0.333333333333333;0.333333333333333;0.333333333333333;0.333333333333333;0.333333333333333;0.333333333333333;0.333333333333333;0.333333333333333;0.333333333333333;0.333333333333333;0.333333333333333;0.333333333333333;0.333333333333333;0.333333333333333;0.333333333333333;0.333333333333333;0.333333333333333;0.333333333333333;0.333333333333333;0.333333333333333;0.333333333333333;0.333333333333333;0.333333333333333;0.333333333333333;0.333333333333333;0.333333333333333;0.333333333333333;0.333333333333333;0.333333333333333;0.333333333333333;0.333333333333333;0.333333333333333;1
p2;1;1;1;1;1;1;1;1;1;1;1;1;1;1;1;1;1;1;1;1;1;1;1;1;1;1;1;1;1;1;1;1;1;1;1;1;1;1;1;1;1;1;1;1;1;1;1;1;0
RESULTS
COMMON
distance
which;Manhattan(Average);Manhattan(GeometricAverage);Manhattan(Median);Manhattan(Minimum);Manhattan(MinimumTimesMedian);Manhattan(Summation);Euclidean(Average);Euclidean(GeometricAverage);Euclidean(Median);Euclidean(Minimum);Euclidean(MinimumTimesMedian);Euclidean(Summation)
plain;0.99273;0.99129;0.99087;0.77361;0.76655;1216.1;0.14503;0.14425;0.14437;0.084515;0.012201;177.66
PCA;0.99255;0.9911;0.99082;0.77343;0.76633;1215.9;0.14506;0.14427;0.14454;0.084414;0.012201;177.7
DE00;1.0239;1.0217;1.0221;0.87806;0.87632;1253.3;0.25553;0.24958;0.23792;0.14102;0.028852;331.16
DE01;1.0231;1.0221;1.0193;0.88196;0.87556;1253.2;0.25689;0.23661;0.24706;0.13974;0.030301;308.15
DE02;1.0224;1.0191;1.0181;0.8795;0.89358;1251.4;0.25193;0.24355;0.26756;0.14246;0.031168;303.59
PCA
weights;0.01042;0.010582;0.01028;0.010157;0.010522;0.010446;0.01058;0.01074;0.010075;0.010407;0.010064;0.010564;0.0099597;0.010574;0.01057;0.010525;0.010064;0.010267;0.010076;0.010767;0.010497;0.010643;0.010636;0.010357;0.010601;0.010012;0.010006;0.010223;0.010138;0.01044;0.010253;0.010688;0.010714;0.010606;0.010621;0.01004;0.010563;0.01018;0.010314;0.010607;0.01033;0.010781;0.010569;0.010318;0.0098371;0.010297;0.010371;0.010465;0.010573;0.010395;0.010483;0.010401;0.010524;0.010537;0.010578;0.010099;0.009669;0.010418;0.010655;0.010507;0.01062;0.010545;0.010755;0.010343;0.010518;0.010478;0.010234;0.0096799;0.010675;0.010132;0.010585;0.010727;0.010362;0.01062;0.010529;0.010324;0.010586;0.010558;0.010718;0.010139;0.010188;0.010671;0.010674;0.010565;0.010476;0.010103;0.010351;0.010385;0.010531;0.010513;0.010182;0.010511;0.01045;0.010644;0.010418;0.010626
differential evolutions parameters, by distance type
i;dDE / dP;distance;type;parentWeight;crossover;population;iterations;distance;weights ->
1;1.0306;1.0231;2;0.85;0.5;50;50;Manhattan(Average);0.017559;0.024613;0.0016309;0.0007767;0.011658;0.00083169;0.018473;0.00038951;0.0076522;0.0019619;0.01899;0.026246;0.024998;0.025904;0.00015726;0.028307;0.014554;0.02283;0.020424;0.028424;0.028236;0.015515;0.02803;0.00053366;0.0089557;0.026908;0.026132;0.0084764;0.023179;0.00065389;0.026919;6.4208E-05;0.0025526;0.026668;0.025447;0.028253;0.0047176;0.0040127;0.02102;0.0042924;0.0044546;0.0088394;0.0027416;0.0018134;0.022381;0.027892;0.023787;0.028237;0.0071437;0.00052516;0.00010778;0.00081311;1.7006E-05;0.0020914;0.0021603;0.005457;0.0081947;0.00043706;0.02531;0.00064773;0.0015109;0.0040058;0.0036016;0.0031285;0.00099588;0.0093069;0.0028415;0.0016788;0.0019819;0.0091083;0.0033603;0.0033679;0.025303;0.019661;0.0048479;0.0035882;0.001174;0.00014179;0.027698;0.015915;0.001698;0.016476;0.00022912;0.0035633;0.0066443;0.0029282;0.0024636;0.0018413;0.0028807;0.0031176;0.0015131;0.00047539;0.02192;0.0013183;0.0085593;0.0011536
2;1.0314;1.0239;2;0.85;0.5;50;50;Manhattan(Average);0.024678;0.028099;0.0014892;0.0053671;0.026523;0.0011295;0.00065566;0.0016663;0.0035915;0.0017442;0.028221;0.013303;0.023975;0.026096;0.0037988;0.02307;0.0017398;0.029198;0.025043;0.027996;0.029871;0.027779;0.023097;0.0027568;4.6039E-05;0.027521;0.012178;0.0028673;0.026432;0.00015849;0.02915;0.00031464;3.7139E-05;0.027374;0.01898;0.023876;0.00078529;0.024588;0.0043516;0.0044442;0.025838;0.0032193;0.0074788;0.0076474;0.028736;0.029479;0.0083629;0.013996;0.020098;0.00011315;0.00061627;0.00026372;0.0098883;0.00065836;0.00024181;0.0066758;0.0044506;0.015751;0.017152;0.00050058;0.0021583;0.0029036;0.01677;0.00095791;0.011835;0.0020924;0.00031128;0.00095743;0.0029531;0.017301;0.0018301;0.0013227;0.01272;0.023745;0.0012016;0.00070706;9.4233E-05;0.0017404;0.025432;0.019307;0.001207;0.004251;0.001975;0.0019057;0.00075683;0.0025296;0.0008401;0.016191;0.0021576;9.351E-05;0.00087302;0.0020649;0.028676;0.00034893;0.00096194;0.0036665
3;1.0299;1.0224;2;0.85;0.5;50;50;Manhattan(Average);0.011739;0.022229;0.00026187;0.0020376;0.02599;0.0018193;0.0074757;0.00093496;0.012438;0.00061824;0.02469;0.016622;0.02576;0.027398;0.0021151;0.024404;0.0076345;0.024641;0.025256;0.024309;0.025686;0.017469;0.024066;0.0019534;0.0020348;0.02734;0.022612;0.0054714;0.027679;0.0017692;0.020972;0.01322;0.00065875;0.02508;0.0061816;0.025358;0.0077064;0.013063;0.02485;0.00086595;0.012487;0.019688;0.014073;0.0031095;0.023345;0.027005;0.0022856;0.027288;0.0033339;0.0082885;0.0024436;0.0035877;0.0022099;0.00086656;0.00020766;0.0028836;0.0047481;0.0011988;0.026593;0.002843;0.0012971;0.0030981;0.025232;0.0014136;0.00040245;0.0003125;0.0058348;0.0005579;0.011469;0.0065391;0.00091148;0.00051854;0.020676;0.0036009;0.0004271;0.0059397;0.0010979;0.0019235;0.024891;0.024305;0.0074115;7.0365E-05;3.5472E-05;0.010034;0.0013834;0.0045975;0.00080274;0.015829;0.00049929;0.0081259;0.00087071;0.0020789;0.027362;0.00014356;0.0092921;0.00012241
4;1.0307;1.0217;2;0.85;0.5;50;50;Manhattan(GeometricAverage);0.01235;0.028953;0.0027398;0.00039086;0.022038;0.0014131;0.0045788;0.00052321;0.0010048;0.00062647;0.025122;0.014514;0.02543;0.018937;0.0052536;0.02731;0.010392;0.028569;0.027404;0.029568;0.029573;0.014541;0.028948;0.00055554;0.0038972;0.027642;0.027998;0.012172;0.021514;0.0013242;0.012904;0.0002316;5.1947E-05;0.027269;0.021145;0.024953;0.011514;0.0074099;0.012186;0.0059818;0.015314;0.010226;0.0024744;0.00066262;0.023593;0.028793;0.0077464;0.023869;0.0028628;0.00016986;0.0012526;0.00022859;0.010849;0.0010091;0.00099463;0.003652;0.0071837;0.0024664;0.016324;0.00068737;0.0025321;0.00090798;0.013934;0.0040831;0.00081215;0.003573;0.0032706;0.0012525;0.001309;0.024363;0.0026306;0.00017346;0.02077;0.0069175;0.0017204;0.0013181;4.4739E-05;0.00041038;0.02753;0.021072;0.00084581;0.022849;0.00010861;0.027592;0.00022489;0.013086;0.0023749;0.016394;0.00031308;0.0010476;0.00059166;0.0025479;0.023195;0.0046963;0.0029892;0.003231
5;1.0311;1.0221;2;0.85;0.5;50;50;Manhattan(GeometricAverage);0.013438;0.025498;0.0013108;0.0028477;0.028725;0.0020647;0.0032089;0.00036962;0.00017037;0.00097392;0.030493;0.027342;0.030683;0.02263;0.0024044;0.026483;0.011956;0.031539;0.024096;0.016193;0.029588;0.0045115;0.024418;0.0019433;0.00085362;0.031338;0.018012;0.017398;0.026156;0.00096157;0.020572;0.0023611;0.0028402;0.030158;0.0038648;0.031702;0.0047545;0.013023;0.016892;0.0011085;0.0091267;0.010936;0.0044223;0.001456;0.021996;0.031595;0.0028415;0.009159;0.0082663;0.001757;0.00091627;0.001217;0.002345;0.00060452;0.00024284;0.0019075;0.029482;0.008642;0.017094;0.00073635;0.0012192;0.003506;0.010787;0.0021501;0.00343;0.012794;0.00075682;0.0038787;0.014732;0.008503;0.010042;0.00043095;0.005514;0.021293;0.001032;0.00018927;0.00056306;0.00048524;0.025231;0.028668;0.0076728;0.0078122;0.002682;0.0073693;0.00010259;0.0036797;0.0012413;0.00049659;0.0055186;0.014898;0.00035816;0.0082988;0.028304;0.00023875;0.0050468;0.0014498
6;1.0281;1.0191;2;0.85;0.5;50;50;Manhattan(GeometricAverage);0.0032586;0.025885;0.00066644;0.0015915;0.024432;0.00056181;0.017083;0.00030174;0.0011309;0.00038617;0.024353;0.02422;0.026179;0.023099;0.016039;0.020443;0.0097926;0.023198;0.023463;0.025871;0.02342;0.0054652;0.025486;5.7508E-06;3.8689E-05;0.025443;0.023593;0.0062518;0.02259;0.027087;0.021907;0.00065332;0.0030427;0.026092;0.0089538;0.02523;0.00071209;0.0033234;0.013851;0.0025471;0.0033206;0.014112;0.0006514;0.0010785;0.022464;0.0265;0.016914;0.027208;0.021544;0.0042447;0.00037156;0.0015043;0.0037638;0.00083949;0.0012513;0.0014208;0.0013106;0.0095026;0.015669;0.0004143;0.00049536;0.0062849;0.0038417;0.004841;0.0048398;0.006514;0.00032136;0.00089358;0.0058198;0.02589;0.003227;0.0017366;0.027419;0.0083315;0.00026353;0.0059109;0.027138;0.00042854;0.026789;0.02622;0.016478;0.0076813;0.0044478;0.0048167;0.0018694;0.00075532;0.0026524;0.00079215;0.00097636;0.0020503;0.00034755;0.0032573;0.025812;0.00031063;0.0084228;0.00039075
7;1.135;0.87806;2;0.85;0.5;50;50;Manhattan(Minimum);0.019465;0.0096614;0.0033064;0.0089863;0.0042869;0.00066936;0.0080038;0.015759;0.006981;0.0051575;0.0095681;0.0078439;0.019419;0.020927;0.00022741;0.014642;0.022226;0.0037122;0.012974;0.014636;0.017911;0.0021811;0.022405;0.0048875;0.0054294;0.013114;0.021357;0.0052889;0.01326;0.0076715;0.018964;0.0080432;0.019387;0.0066792;0.015637;0.02114;0.002988;0.0061681;0.0092397;0.0046217;0.0030521;0.023269;0.021571;0.0019887;0.019891;0.021542;0.011715;0.016025;0.0035227;0.0018842;0.020063;0.018765;0.014092;0.0010364;0.0025717;0.011821;0.021041;0.0094999;0.0011135;0.017416;0.0099526;0.0068321;0.014154;0.0082453;0.0026741;0.018943;0.0010473;0.0066433;0.0055007;0.0010582;0.00040018;0.007393;0.02292;0.0092955;0.0080705;0.022616;0.01335;0.0057018;0.0152;0.0076174;0.018572;0.00097565;0.0036794;0.0095485;0.012079;0.0048713;0.019867;0.022377;0.0013683;0.00062663;0.0022879;0.011527;0.0033731;0.014839;0.0015292;0.0081559
8;1.1401;0.88196;2;0.85;0.5;50;50;Manhattan(Minimum);0.014142;0.020204;0.0048302;0.0016648;0.0065986;0.0010856;0.0059804;0.0064149;0.0093812;0.0012516;0.015501;0.0059289;0.012964;0.010645;0.0055639;0.0048475;0.019049;0.0083002;0.0088127;0.014363;0.018983;0.0034427;0.016711;0.003636;0.01738;0.013173;0.018628;0.0044794;0.017594;0.015091;0.0095497;0.016882;0.00081063;0.0067162;0.0159;0.0098728;0.012616;0.016929;0.0020236;0.0004994;0.0091986;0.0061064;0.019813;0.014046;0.013136;0.020747;0.017043;0.018352;0.0037364;0.017287;0.0062834;0.017476;0.015363;0.0046457;0.002525;0.003905;0.015953;0.011663;0.00075977;0.020743;0.0057028;0.0060629;0.019732;0.0043669;0.0021435;0.020357;0.0032973;0.0091842;0.0028064;0.016289;0.014978;0.0074322;0.018349;0.0034048;0.0086716;0.020583;0.012011;0.012125;0.017892;0.018916;0.011099;0.0048637;0.0070474;0.007401;0.01866;0.0038454;0.010278;0.016514;0.0016703;0.0019919;0.0013561;0.01057;0.010483;0.0080555;0.0081448;0.016488
9;1.1369;0.8795;2;0.85;0.5;50;50;Manhattan(Minimum);0.0060067;0.019113;0.0042805;0.005358;0.0062012;0.0014654;0.0072425;0.012723;0.0086786;0.0015667;0.0018633;0.006951;0.01654;0.013352;0.0035888;0.01614;0.019793;0.00085601;0.010911;0.021208;0.019377;0.0023038;0.020166;0.0076629;0.018582;0.020274;0.020933;0.013828;0.01648;0.015316;0.0043018;0.0027584;0.0019051;0.017391;0.018917;0.013184;0.01489;0.0080531;0.0064584;0.0075628;0.018538;0.0095712;0.019561;0.0013179;0.012318;0.02011;0.00041372;0.016928;0.00094657;0.015993;0.0015844;0.0028408;0.017055;0.010256;0.001526;0.0071987;0.019497;0.0046514;0.017982;0.019149;0.014259;0.0032575;0.011599;0.0014525;0.00033533;0.020042;0.00807;0.011935;0.0066455;0.0056393;0.00096709;0.01355;0.018235;0.0052216;0.00058855;0.02006;0.0053123;0.0066089;0.0098372;0.013085;0.018454;0.0066822;0.013838;0.018171;0.012249;0.0040491;0.011779;0.021909;0.00017487;0.0090412;0.0028975;0.0010081;0.01927;0.011598;0.0025509;0.018011
10;1.0315;1.0221;2;0.85;0.5;50;50;Manhattan(Median);8.4286E-05;0.0011908;0.0081703;0.012143;0.014482;0.0061817;0.00045283;0.0020191;0.0083447;0.002873;0.025054;0.021337;0.021094;0.02531;0.015111;0.0056119;0.005071;0.024944;0.023713;0.020979;0.01875;0.019822;0.025489;6.6386E-06;0.0029021;0.0099025;0.024032;0.018098;0.024649;0.01079;0.024862;0.0021276;0.0026526;0.024538;0.0065102;0.021969;0.017546;0.0095933;0.022031;0.0068419;0.0021169;0.025218;0.0013961;0.0019168;0.015049;0.0060849;0.012051;0.0067316;0.012476;0.0014927;0.011612;0.00046429;0.00082309;0.00058305;0.0012992;0.0019643;0.002134;0.0037022;0.014333;0.001343;0.0014517;0.016205;0.025228;0.0043223;0.011284;0.00079654;0.00085105;0.0062067;0.00052508;0.015239;0.0024074;0.0033466;0.015572;0.024956;0.0013208;0.0039927;0.0046928;0.0017097;0.0071093;0.019595;0.0044605;0.017715;0.0012836;0.021539;0.00018607;0.0013954;0.0091681;0.025677;0.011891;0.018867;0.0034006;0.010209;0.023897;0.0040406;0.018746;0.00064374
11;1.0287;1.0193;2;0.85;0.5;50;50;Manhattan(Median);0.02512;0.024899;0.0003566;0.023236;0.024144;0.0013222;0.0014222;0.00010746;0.01783;0.0020553;0.024709;0.0031311;0.024857;0.019589;0.002931;0.018056;0.002806;0.024615;0.003897;0.02461;0.015815;0.0043128;0.019701;0.00021526;0.0016914;0.024274;0.012963;0.024692;0.0058312;0.0203;0.02455;0.00093124;0.0015657;0.021767;0.0048233;0.023264;0.0046037;0.012135;0.021694;0.015975;0.0045209;0.023675;0.0016267;0.023121;0.025776;0.023322;0.01732;0.019246;0.02459;0.0049101;0.0010854;0.0017525;0.0048117;0.0030627;0.0031107;0.00035287;0.0092149;0.015215;0.012457;0.0026866;0.00099145;0.0096946;0.0086673;0.0053984;0.0015272;0.00090167;0.00069742;0.0003659;0.0023477;0.0059325;0.003927;0.011012;0.0011808;0.0046544;0.0054604;0.0021325;0.017661;0.0041341;0.011691;0.017437;0.016106;8.5561E-05;0.00041763;0.011069;0.0034372;0.011221;0.00017395;0.00057594;0.020886;0.012313;0.00081107;0.012647;0.02161;0.00014336;0.013495;0.0065389
12;1.0275;1.0181;2;0.85;0.5;50;50;Manhattan(Median);0.019047;0.013487;0.014513;0.0038741;0.023632;0.018097;0.0044346;0.0081764;0.021353;0.0021915;0.021245;0.0205;0.018787;0.0042869;0.022545;0.022015;0.019205;0.023133;0.019089;0.020759;0.006626;0.0054041;0.018594;0.0025107;0.00065561;0.0099685;0.01922;0.008143;0.0069142;0.00036918;0.021914;0.0056324;0.0031435;0.019924;0.0012392;0.017806;0.020445;0.019798;0.023347;0.0081189;0.0014191;0.020954;0.011153;0.0023565;0.022625;0.021949;0.017456;0.0055674;0.012962;0.0027906;0.0031606;0.0013754;0.019796;6.1353E-05;0.00022087;0.0032206;0.014153;0.019214;0.023387;0.0023367;0.0012812;0.01857;0.019643;0.0053226;0.00042411;0.0086077;0.0062908;0.0074746;0.00057436;0.019904;0.0062177;0.0074463;0.010376;0.0088836;0.0065562;0.0037832;0.0068177;0.0034803;0.019458;0.0049136;0.00036165;0.012602;0.00067629;0.01168;0.000552;0.0014469;0.00025643;0.0017873;0.00069663;0.01389;0.0050768;0.0036732;0.022963;0.0014123;0.0043401;0.0062575
13;1.1432;0.87632;2;0.85;0.5;50;50;Manhattan(MinimumTimesMedian);0.014439;0.021873;0.0062555;0.00086867;0.0050922;0.00065221;0.018486;0.0097691;0.0035179;0.011019;0.0072443;0.0193;0.0067811;0.021262;0.00075032;0.002414;0.023045;0.0093427;0.0047829;0.0062698;0.022349;0.0038252;0.014881;0.012625;0.0019702;0.01709;0.019341;0.0097233;0.013944;0.005745;0.018035;0.0080491;0.0038052;0.017421;0.015139;0.0080911;0.007933;0.0021489;0.0024441;0.0032521;0.0054558;0.010084;0.02279;0.012582;0.014018;0.022008;0.021057;0.017455;0.0012717;0.0088565;0.018574;0.0082647;0.012839;0.0028738;0.0035973;0.0058353;0.014546;0.012762;0.0073222;0.010698;0.01021;0.0089362;0.011056;0.0059969;0.0048393;0.022439;0.0037356;0.020606;0.003374;0.009441;0.0001832;0.009714;0.014009;0.012177;0.0058389;0.014451;0.013215;0.015611;0.01845;0.0080944;0.0061202;0.0074805;0.0020187;0.0080087;0.02126;0.0091725;0.016986;0.012208;0.0091377;0.016863;0.0076716;0.0032433;0.018563;0.0015718;0.0079446;0.005504
14;1.1422;0.87556;2;0.85;0.5;50;50;Manhattan(MinimumTimesMedian);0.0081991;0.020994;0.00069217;0.021659;0.018597;0.0052527;0.0066955;0.012429;0.006094;0.004947;0.0008824;0.010382;0.022141;0.012577;0.0078352;0.0069681;0.018403;0.0005672;0.0088927;0.020551;0.019643;0.014666;0.021024;0.00038367;0.011829;0.0081953;0.017667;0.005658;0.021797;0.016628;0.018654;0.0056574;0.0042686;0.0010362;0.016031;0.014145;0.014456;0.00047064;0.022561;0.0016792;0.007043;0.0040381;0.018241;0.010214;0.0164;0.018117;0.019239;0.013919;0.0020013;0.018721;0.010403;0.00477;0.01682;0.0038275;0.0052459;0.0077619;0.0096177;0.0074103;0.0125;0.018351;0.0010317;0.0037093;0.011412;0.0029536;0.0027414;0.019872;0.004632;0.015876;0.01037;0.010961;0.0085812;0.0033781;0.0084671;0.012661;0.014899;0.022684;0.014577;0.0080111;0.017104;0.0077717;0.021634;0.0057753;0.006201;0.0086025;0.0020041;0.003187;0.012826;0.020476;0.0047941;0.0038524;0.0025606;0.0072017;0.0016934;0.016131;0.0024823;0.0030346
15;1.1657;0.89358;2;0.85;0.5;50;50;Manhattan(MinimumTimesMedian);0.010923;0.018825;0.0018337;0.0097633;0.010852;0.00099171;0.011033;0.0095807;0.0075947;0.00065686;0.016077;0.005554;0.020929;0.020982;0.012134;0.0070588;0.021926;0.0048546;0.0077318;0.014862;0.021426;0.0059961;0.020909;0.0031536;0.0097866;0.0047316;0.014439;0.0061872;0.022774;0.0056957;0.018994;0.0030634;0.0062048;0.014996;0.011953;0.020841;0.0010967;0.01646;0.0061006;0.0031975;0.012687;0.0072176;0.019964;0.013083;0.010216;0.020566;0.0083461;0.019643;0.0039426;0.013932;0.014113;0.0045532;0.01502;0.0036116;0.0028491;0.0027521;0.013136;0.0065967;0.0062431;0.018049;0.019667;0.020784;0.013123;0.0014639;0.013354;0.02011;0.0012207;0.01269;0.008811;0.012695;0.0021671;0.00086263;0.020378;0.019111;0.0032878;0.022133;0.010429;0.0092374;0.0082502;0.011372;0.013277;0.0052401;0.00085113;0.011048;0.0059358;0.0033417;0.01456;0.021135;0.00050071;0.0024504;0.0009311;0.0010068;0.0080811;0.0072164;0.0054446;0.019144
16;1.029;1251.4;2;0.85;0.5;50;50;Manhattan(Summation);0.016449;0.014248;0.0047988;0.00339;0.026245;0.00062119;0.017262;5.1637E-05;0.0010657;0.00060958;0.011736;0.026478;0.016184;0.024877;0.0020908;0.010848;0.0097875;0.028423;0.028422;0.027216;0.026557;0.0080639;0.027172;0.0014006;0.00052054;0.025773;0.028429;0.0021173;0.0085211;0.0018;0.015783;0.0013571;0.0054588;0.029166;0.012831;0.017975;0.013185;0.0031591;0.011567;0.0052654;0.027343;0.020385;0.015485;0.0033514;0.028695;0.02703;0.017307;0.025899;0.0043588;0.0036545;0.00072602;0.00045099;0.0047521;0.00029699;0.00029923;0.00198;0.0021708;0.013561;0.0048533;0.0013627;0.0037079;0.012603;0.013493;0.003257;0.0024284;0.0037666;0.00024962;0.00065502;0.016113;0.021825;0.0012767;0.0010933;0.015576;0.023826;0.0034525;0.00073473;0.0036081;0.00037291;0.020544;0.019313;0.0002376;0.013194;0.00072288;0.002741;0.00032044;0.00097192;0.0027843;0.017069;0.012318;0.012454;0.00040855;0.010341;0.02623;0.00014975;0.010816;0.00047778
17;1.0305;1253.2;2;0.85;0.5;50;50;Manhattan(Summation);0.0024267;0.026107;0.0010762;0.0243;0.030298;0.001112;0.012577;0.0023206;0.0069893;0.0016631;0.031061;0.021405;0.030419;0.021066;0.0014961;0.029343;0.019361;0.0285;0.025836;0.020156;0.019868;0.016129;0.031525;0.0041075;0.00092355;0.030827;0.026752;0.0013307;0.027752;0.0010972;0.013938;0.0017904;0.0017756;0.030536;0.022872;0.019746;0.0016836;0.011252;0.013989;0.0082859;0.0062194;0.0055106;0.00071318;0.003904;0.026587;0.029109;0.024199;0.022358;0.0003833;0.0035712;0.0031066;0.00073312;0.0011102;0.0012659;0.00015258;0.0013854;0.0050229;0.0099007;0.016745;0.0016034;0.0022826;0.0016373;0.018316;0.0022595;0.0017177;0.0033921;0.00054857;0.0028495;0.002089;0.010966;0.00066989;0.0083801;0.0083258;0.023366;0.0015913;0.0079971;0.001211;0.0035896;0.0028664;0.027694;0.018546;0.0042784;0.00018112;0.0088189;5.9864E-05;0.0004142;0.00069391;0.0059544;0.0037544;0.0073027;0.0024631;0.0016683;0.023586;0.00082555;0.00050187;0.0019263
18;1.0306;1253.3;2;0.85;0.5;50;50;Manhattan(Summation);0.020306;0.026393;0.00062179;0.0005446;0.026335;0.0011502;0.011119;0.00018215;0.001926;0.0042728;0.019067;0.029081;0.02709;0.028996;0.018793;0.02658;0.015908;0.019318;0.0068103;0.024877;0.027998;0.01326;0.026147;0.00040396;0.0010916;0.027599;0.027862;0.018933;0.028888;0.0014679;0.010455;0.0043222;0.0021778;0.027118;0.0082326;0.025866;0.00084971;0.0059676;0.024286;0.0038963;0.023694;0.012603;0.0037759;0.0011071;0.027296;0.02956;0.019396;0.0021017;0.0052231;0.0016752;0.00019623;0.0010606;8.4376E-05;0.00025431;0.0028503;0.0026728;0.0076868;0.0031227;0.025125;0.00055257;0.00041259;0.0029127;0.009753;0.0021598;0.0018296;0.00067025;0.0025496;0.0088209;0.012048;0.00040045;0.0010304;0.00029467;0.0183;0.018533;0.0013881;0.0010498;0.0049375;0.00033115;0.0058037;0.027187;0.0046571;0.026422;0.00030949;0.028045;0.0030335;0.00076488;0.0010324;0.00044043;0.0017316;0.015092;0.00028422;0.0006181;0.02812;0.00054516;0.0011501;0.0011118
19;1.7619;0.25553;2;0.85;0.5;50;50;Euclidean(Average);0.028534;0.0015915;0.0019058;0.0005091;0.00050035;0.0018311;0.0040624;0.0017227;0.001295;0.0052439;0.0011303;0.044246;0.0059022;0.041403;0.026677;0.0014221;0.003226;0.033919;0.044772;0.042006;0.0033486;0.0046841;4.4651E-05;0.00078982;0.0040748;0.04375;0.044615;0.0012518;0.044685;0.00067048;5.5506E-05;0.019307;0.00064177;0.00092109;0.0063993;9.9543E-05;0.0015725;0.035307;0.0015073;0.0003205;0.0063875;0.00070636;0.00066545;0.033608;0.0013627;0.0011936;0.0025608;0.044867;0.003239;6.6821E-05;0.045071;0.00086498;6.5909E-05;0.0068937;0.00096919;0.0028227;0.0053283;0.029294;0.005993;0.0031671;0.003818;0.0017517;0.00049155;0.0038475;0.0023826;0.00073796;0.0011869;0.00099106;0.032581;0.0073539;8.6474E-05;0.031942;0.0030393;0.0039195;0.0012507;0.00052069;0.031729;0.0010275;0.0012144;0.0011844;0.00021963;0.00094597;0.0025418;0.0029234;0.003008;0.04427;0.0044974;0.038171;0.0012976;0.0017576;0.0030134;0.01747;0.00075255;0.044451;0.00034184;0.0022114
20;1.7713;0.25689;2;0.85;0.5;50;50;Euclidean(Average);0.003411;0.001628;0.0486;0.046222;0.0060114;0.0047393;0.0015584;0.0026053;0.0061625;0.0016693;0.0012869;0.00053054;0.0068972;0.0011706;0.0014639;0.049324;0.0039305;0.0022088;0.00074096;0.0068275;0.047053;0.0010075;0.00018498;0.0093052;0.0024182;0.00050252;0.003678;0.005031;0.0088983;0.00074074;0.0095873;0.037246;0.043339;0.0047108;0.049635;0.0067281;0.0021171;0.0019468;0.013706;0.0018307;0.046422;0.0033847;0.0011348;0.0018614;0.041463;0.0039665;0.0015466;0.0035359;0.001182;0.00074469;0.0050379;0.0014801;0.047192;0.040723;0.0040958;0.039848;0.0030369;0.00098238;0.0014673;0.0027952;0.007689;0.00054045;0.002507;0.0032323;0.006186;0.0068663;0.0013806;0.0054712;0.0015053;0.0033206;0.0043439;0.0015014;0.0014352;0.046183;0.0057622;0.0067264;0.001167;0.0093365;0.00052898;0.0047954;0.0018561;0.0024367;0.0012622;0.0076648;0.0095569;0.0037968;0.0010569;0.005143;0.0038684;0.044474;0.045915;0.0021003;0.001106;0.046374;0.0010401;0.0033157
21;1.7371;0.25193;2;0.85;0.5;50;50;Euclidean(Average);0.0020598;0.00044725;0.0043492;0.0091705;0.00085416;0.048869;0.0011636;0.043401;6.82E-05;0.01907;0.0034209;0.021699;0.00018412;0.037863;0.0020247;0.00031072;0.0014612;0.0029206;0.012629;0.0032761;0.046513;0.00014771;0.00057589;1.2862E-05;0.014167;0.0015416;0.0069313;0.0030412;0.049107;0.047565;0.0019961;0.00037708;0.0032072;0.045267;0.0026772;0.00033302;0.044828;0.04644;0.00017846;0.0010432;4.9022E-05;0.0019248;0.013247;0.0023544;0.00057339;0.0060669;0.035554;0.016861;0.0035773;0.047933;0.041333;0.0078329;0.046217;0.0066448;0.0020561;0.0049078;0.0051484;0.0002454;0.0004738;0.0026554;0.0003057;0.0054653;0.0018266;0.00065576;0.00023545;0.027786;0.0014872;0.0068712;0.0015798;0.0064727;0.0043138;0.0051424;0.0061539;0.0035271;0.00022093;0.00017386;0.0077973;0.0017165;0.0061964;0.0069672;4.1243E-05;0.00089758;0.0040117;0.011314;0.00058997;0.00019981;0.0029465;0.0060466;0.0010815;0.0044753;0.0032432;3.9243E-06;0.0025869;0.012959;0.04122;0.036645
22;1.7302;0.24958;2;0.85;0.5;50;50;Euclidean(GeometricAverage);0.0019468;0.039535;0.0044431;0.0021941;0.0033188;9.2822E-05;0.0012058;0.0013434;0.043144;0.03219;0.001964;0.0037799;0.005747;0.0029309;0.00089278;0.0044441;0.044001;0.0027616;0.00026161;0.040255;0.0045685;0.001772;0.00079892;0.004622;0.03586;0.002896;0.00054394;0.0065935;0.00067078;0.038141;0.037603;0.0028211;0.0082783;0.0044864;0.043917;0.042609;0.00044291;0.0086494;0.041223;0.0029339;0.002285;0.003228;0.00066334;5.8913E-06;0.036361;0.00034913;0.0071406;0.0017383;0.00097229;0.00048677;0.001651;0.0032523;0.00030619;0.00050736;6.581E-05;0.00040173;0.0010771;0.0090946;0.0006345;0.00041275;0.0011616;0.044477;0.0031429;0.00040831;0.002623;0.015688;0.00056247;0.035923;0.0040564;0.044138;4.1407E-05;0.0064864;0.0019707;0.00029025;0.0045683;0.00046536;0.0010921;0.0021372;0.00082306;0.00012285;0.039984;0.00012238;0.039998;0.0027151;0.0033618;0.0029132;0.0023921;0.039501;0.0026218;0.040824;0.0040529;0.00023037;0.0037513;0.042075;0.0040648;0.0046995
23;1.6884;0.24355;2;0.85;0.5;50;50;Euclidean(GeometricAverage);0.00055997;0.0036473;0.0044786;0.010452;0.002234;0.006135;0.0013733;0.0026306;0.0019473;0.0015621;0.00027884;0.00010846;0.0051501;0.0026785;0.0084877;0.0014635;0.043219;0.0046942;0.001786;0.00071886;0.00012502;0.0011898;0.0055999;0.007848;0.013313;0.0019268;0.0048237;0.0071278;0.0013435;0.00014284;0.0022556;0.0055926;0.044547;0.0038936;0.029242;0.0023038;0.0022061;0.0013854;0.040882;0.043493;0.0010681;0.0012789;0.0014652;0.0077311;0.0037753;0.00629;0.036386;0.00084232;0.0011603;0.0010062;0.0019381;0.0031113;0.0010296;0.005571;0.00060522;0.04321;0.0021148;0.00048033;0.00075019;0.031148;0.042939;0.042414;0.019049;0.044377;0.037982;0.00040937;0.040931;0.0009669;0.00062606;0.039028;0.003618;0.0010538;0.0029782;0.030741;0.00029767;0.0010092;0.006769;0.0068633;0.040056;0.0020367;0.00064242;0.0025107;0.0047096;0.0016738;0.04245;0.041885;0.00015698;0.0017537;0.0021332;0.00093271;0.0033855;0.044296;0.0072989;0.0017595;0.0028062;0.0036534
24;1.6403;0.23661;2;0.85;0.5;50;50;Euclidean(GeometricAverage);0.037636;0.01882;0.0010931;0.00058536;0.004443;0.00043902;9.098E-05;0.014862;0.039502;0.0016783;0.0025113;0.00010792;0.0013754;0.002619;0.0022088;0.028948;0.0014243;0.00080733;0.00097767;0.0034219;0.00042312;0.012428;0.0033807;0.034676;0.0023329;0.0011502;0.00011799;0.038236;0.00017766;0.0038954;0.0031856;0.017794;0.039181;0.038429;0.00029199;0.0087264;0.0072176;0.0019895;0.026326;0.039868;0.00028064;0.036893;0.01337;0.0037931;0.038193;0.0012158;0.001941;0.034838;0.0083413;0.037823;0.00016179;0.022652;0.00013974;0.039793;0.0060826;0.0030632;0.032624;0.0042049;0.039313;0.0015099;0.00073935;0.0029065;0.00016187;0.00052908;0.0025961;0.037755;0.0072851;0.038496;6.9792E-05;0.00034234;0.013714;5.2237E-05;0.033184;0.00045358;0.0028007;0.00059718;0.0048211;0.0025853;0.00011936;2.403E-05;0.00069761;0.0075439;0.00087832;0.0026762;0.001592;0.00016123;0.0074595;0.012302;2.9834E-05;0.0025355;0.00087258;0.037565;0.00471;2.3148E-05;0.0008661;0.0012411
25;1.6685;0.14102;2;0.85;0.5;50;50;Euclidean(Minimum);0.0011813;0.028291;0.00051232;0.0041589;0.026379;0.0078971;0.018499;0.0052703;0.0086976;0.005911;0.020575;0.012339;0.028329;0.000688;0.0016164;0.00059801;0.018226;0.018063;0.007163;0.019562;0.027048;0.016538;0.014162;0.011399;0.0088249;0.0033469;0.027312;0.022152;0.018251;0.025511;0.017608;0.001706;0.0018069;0.0147;0.020061;0.0013508;0.025321;0.0026539;0.0039204;0.0087868;0.0011835;0.00037918;0.016723;0.015309;0.0033848;0.027738;0.016598;0.00070543;0.015678;0.0033235;0.025011;0.0034835;0.00032224;0.0039803;0.00031504;0.0059408;0.024408;0.021568;0.00094422;0.023559;0.016739;0.0092161;0.0018243;0.012081;0.0036703;0.01654;0.0031257;0.0091487;0.0016395;0.026493;0.0029351;0.004005;0.00082911;0.0034073;0.0059332;0.0072807;0.027067;0.0033626;0.0038064;0.0014117;0.0012215;0.0010773;0.0013668;0.0068027;0.0068503;0.00023083;0.022064;0.026692;0.017913;0.0020732;0.0062101;0.0035818;0.00039508;0.021024;0.0045277;0.00048247
26;1.6535;0.13974;2;0.85;0.5;50;50;Euclidean(Minimum);0.011406;0.027754;0.0083277;0.028973;0.022795;0.00023298;0.027846;0.0015158;0.0002463;0.00035612;0.028477;0.024536;0.0042908;0.01771;0.0022224;0.0045421;0.0226;1.7706E-05;0.0093039;0.027189;0.028785;0.028505;0.0016615;0.01391;0.0074668;0.0023477;0.027115;0.013928;0.0088914;0.021403;0.0017808;0.0019489;0.00040166;0.0030714;0.022879;0.027217;0.015598;0.0020419;0.00020694;0.016056;0.026271;0.0043757;0.01405;0.0041738;0.0074762;0.00036607;0.0082331;0.0029039;0.0042413;0.0022371;0.0038853;0.0047489;0.019821;0.0041797;0.0011035;0.005495;0.0028854;0.0019877;0.024675;0.0062081;0.012415;0.027155;0.003361;6.9205E-05;0.0022711;0.018959;0.0096195;0.015607;0.0050577;0.0096798;0.00047697;0.0097355;0.0091669;0.029522;0.021322;0.023725;0.0035082;0.00080391;0.0070905;0.0026008;0.0068351;0.00060961;0.00039815;0.00031595;0.014359;0.0023119;0.012819;0.015691;0.0055689;0.0006842;0.0029924;0.0024175;0.0003111;0.019896;0.023554;0.014216
27;1.6856;0.14246;2;0.85;0.5;50;50;Euclidean(Minimum);0.020634;0.029563;0.020825;0.00010519;0.025544;0.0028659;0.001103;0.00018985;0.0016099;0.00010502;0.024927;0.001263;0.029705;0.01904;0.021265;0.0018089;0.02576;0.013345;0.0074214;0.021931;0.029606;4.3085E-05;0.023564;0.0094737;0.0030029;0.0039437;0.0014028;0.0032975;0.0080236;0.0010156;0.011986;0.00014274;0.0028459;0.029228;3.2315E-05;0.0029512;0.016764;0.0013762;1.1588E-05;0.0055287;0.0027221;4.3027E-05;0.026133;0.026099;0.017364;0.00036275;0.027954;0.0045068;0.00057549;0.002533;0.027828;0.002509;0.0028537;0.014025;0.00049627;0.013455;0.0019768;0.026519;0.028867;0.029838;0.014675;0.0020517;0.0019662;0.0037129;0.003097;0.0026878;0.020454;0.010203;0.0025477;0.0015898;0.0012594;0.017599;0.0037287;0.0051314;0.0025504;0.024274;0.013797;0.019412;0.020111;0.024053;0.0044335;0.022086;0.0016168;0.00020324;0.010539;0.0015584;0.001598;0.028273;0.0069463;0.0055893;0.020718;0.0030898;0.0077612;0.0011953;0.0075484;0.0020322
28;1.648;0.23792;2;0.85;0.5;50;50;Euclidean(Median);0.005435;0.0038812;0.00055127;0.00094136;0.003662;0.010884;0.028813;0.0014137;0.032171;0.0029684;0.00012186;0.0018894;0.0025472;0.0072233;0.031834;0.0033963;0.012043;0.035613;0.0011148;0.0018999;0.0015726;3.2231E-05;0.0064536;0.032387;0.00078129;0.00050685;5.3214E-07;7.2816E-05;0.0014424;0.0022573;0.037756;0.0011567;0.032693;0.00010427;0.0087909;0.00018268;0.0042851;0.00025696;0.00074272;0.0026007;0.00025606;0.0037997;0.00019126;0.00043433;0.034347;0.0011448;0.0015395;0.036645;0.0031409;0.0043541;0.038077;0.00016248;0.016879;0.0042787;2.0101E-05;0.02554;0.0017435;0.00072953;0.0046862;0.011742;0.033751;0.00057119;0.03456;0.00037507;0.0025542;0.0015719;8.708E-05;0.038138;0.0072939;0.0033887;0.0006591;0.0050095;0.0010121;0.0066679;0.001297;0.01167;0.033308;7.0232E-05;0.0047084;0.0078174;0.037431;0.02545;0.0015446;0.00073754;0.0032241;0.024025;0.038161;0.037835;0.0065394;0.038158;0.037192;0.033989;0.0003147;3.3428E-05;0.0012039;0.0074591
29;1.7113;0.24706;2;0.85;0.5;50;50;Euclidean(Median);6.1787E-05;0.0010346;0.0011783;0.0011183;0.001836;0.017426;1.0716E-05;0.0070879;0.025031;0.0067578;0.0027348;0.0002875;0.0044287;0.040692;0.0094823;0.0020653;7.927E-06;0.00011755;0.037149;0.0010813;0.0061036;0.00018394;0.0033807;0.0012607;0.0035897;0.0036028;0.0050453;0.0034543;0.0052552;0.0037056;0.0013417;0.00080277;0.0080752;0.00044036;0.041783;0.0075115;0.011882;0.00035316;0.03531;0.003368;0.039246;0.001778;0.04056;0.03961;0.0035713;0.0023312;0.020128;0.0083646;0.00056748;1.1759E-05;0.00071295;0.00027362;0.00010211;0.041293;0.0017296;0.0087054;0.0016783;0.04186;0.010198;0.0013881;0.0022202;0.032729;0.041316;0.0012313;0.005552;0.0025213;0.041858;0.0029659;0.0039517;0.0007406;0.0047723;0.001718;0.0036494;0.0012082;0.0029758;0.0011711;5.0955E-06;0.026504;0.0037819;0.036874;0.0056556;0.002763;0.039211;0.040181;0.030431;1.9798E-05;0.0015867;0.041155;0.0020887;0.0046664;0.0026208;0.03171;0.0038012;0.0031934;0.00023367;0.0027876
30;1.8533;0.26756;2;0.85;0.5;50;50;Euclidean(Median);0.0034647;0.040863;0.0019875;0.0073625;0.00061923;0.0010717;0.0011624;0.046487;0.0017849;0.0027813;0.041954;0.0012417;0.0010111;0.0034616;0.0042941;0.01774;0.00075212;0.0026537;0.00054956;0.0030394;0.00020195;0.0024179;0.00088295;0.0027571;0.047246;0.017252;0.047358;0.0019392;0.0030128;9.1927E-05;0.0003388;0.0051221;0.0078513;0.044518;0.0027992;0.032061;0.00058048;0.0059576;0.00073714;0.0019647;0.048935;0.00082893;0.009041;0.0038856;0.00094153;0.00062228;0.0017175;0.0013042;0.0011269;0.00026246;0.049973;6.9028E-05;0.00046279;0.0025135;0.00041076;0.049404;0.00070998;0.038793;0.039857;0.01726;0.048853;0.049489;0.00089709;0.0056533;0.0065489;0.0052497;0.0016116;0.0057115;0.0023996;0.0012457;0.0010366;0.0055871;0.0036297;0.049015;0.0028664;0.0017344;0.0046265;0.0041048;0.00089625;0.0021218;0.048745;0.0099498;0.0035605;0.00035954;0.00010176;0.00097314;0.00058077;0.0013982;0.00064871;0.00072027;0.0047754;3.1673E-05;0.00064883;0.0015361;0.00041668;0.044788
31;2.4834;0.030301;2;0.85;0.5;50;50;Euclidean(MinimumTimesMedian);0.00026464;0.029418;0.0016287;0.0066698;0.00023593;0.00022635;0.029085;0.0018595;0.030005;0.0013837;0.029988;0.00022233;0.0011327;0.0047584;0.00046733;0.00032191;0.017414;0.00224;0.001357;0.0072425;0.029241;0.001377;0.00047456;0.0097572;0.0031382;0.03039;0.02683;0.0068409;0.02628;0.030081;0.030405;0.011339;6.7825E-06;0.029704;0.028092;0.0015518;0.030195;0.0016833;0.02231;0.006411;0.027276;0.019086;0.0085725;0.018839;0.0015438;0.030526;0.0014416;0.0032324;0.020886;0.00099845;0.01836;0.00028985;0.0012721;0.00061344;0.0025219;0.00020541;0.00056743;0.012706;0.0055873;0.0052178;0.0059871;0.0044661;0.028664;0.00076193;0.025533;0.016919;0.0042521;0.009235;0.016236;0.022754;0.024781;0.0085228;0.0068745;0.0007266;0.0045241;0.027271;0.024248;0.00072801;0.0018819;0.018902;0.014356;0.005551;0.0014418;0.0003076;0.00083297;3.4868E-05;0.0026729;0.030302;0.0010204;0.0019748;0.00027787;0.0086125;8.6759E-05;0.0055824;0.00033921;0.0015694
32;2.3646;0.028852;2;0.85;0.5;50;50;Euclidean(MinimumTimesMedian);0.0097052;0.029763;0.0038436;0.0010089;0.024967;0.00071959;0.0029707;0.028045;0.029266;0.00099945;9.241E-05;0.0045121;0.024067;0.00048941;0.015371;0.01934;0.0292;0.0020619;0.0047625;0.0026544;0.029161;0.00074215;0.0053319;5.4132E-06;0.0037124;1.0495E-05;0.0086028;0.030098;0.024874;0.00095748;0.030087;0.024337;0.012372;0.0035554;0.027504;0.012909;0.0045058;0.0012995;0.0015587;0.0017635;0.0054616;0.0012346;0.023787;0.0028384;0.0028004;0.020315;0.0035361;0.0048684;0.016873;0.0027112;0.00021385;0.00042358;0.016861;0.0011722;0.0033086;0.00084464;0.027971;0.00044039;0.016736;0.026397;0.0039434;0.00039753;0.017248;0.021608;0.0021129;0.0011948;0.0057019;0.0036455;0.0009448;0.00073204;0.0010804;0.0018342;0.0036156;0.016436;0.00036853;0.030351;0.00029366;0.028767;0.019693;0.02072;0.0011664;0.02179;0.0021549;0.030353;0.0064721;2.1328E-05;0.00023554;0.0079677;0.0023787;0.024054;0.02793;0.027066;3.4413E-05;0.027971;0.0022048;0.0014908
33;2.5544;0.031168;2;0.85;0.5;50;50;Euclidean(MinimumTimesMedian);0.0093267;0.0090045;0.0046589;0.00106;0.020861;0.00077659;0.00046154;0.0010286;0.021373;0.0024589;0.00047901;0.028156;0.035548;0.0064337;0.0028818;0.0066399;0.0024843;0.018381;0.021467;0.0011873;0.036437;0.0013796;0.0032834;0.02305;0.0049194;0.016745;0.0025457;0.0026267;0.034084;0.00029952;0.017567;0.032402;0.010144;0.030116;0.03491;0.0039755;0.025606;0.00035665;0.0012902;0.0034468;0.0024769;0.02225;0.035689;0.0011298;0.00083457;0.0063825;0.0015144;0.0056133;0.0015016;0.032145;0.022817;0.00028563;0.00012617;0.0026773;0.00065804;0.0087071;0.036212;0.0015762;0.0011477;0.021285;0.0047774;0.00024917;0.00049775;0.024924;0.00048533;0.0019185;0.00071361;0.013062;0.0011605;0.0021935;0.014601;0.0014264;0.00079222;0.0054622;0.01141;0.035341;0.0029005;0.013065;0.0045138;0.0053961;0.022944;0.018677;0.012459;0.0031285;0.0013044;0.00033757;0.00056938;0.030803;0.0046658;0.0039343;0.034219;0.0035316;0.0025861;0.002942;0.00025824;0.02787
34;1.7345;308.15;2;0.85;0.5;50;50;Euclidean(Summation);0.0013304;0.016152;0.00010626;0.0082603;0.046393;0.0030072;0.0042378;0.041598;0.0026074;0.0024102;0.00043692;0.0012746;0.0029281;0.00348;0.0029367;0.00046968;0.0013414;0.034426;0.0067318;0.0109;0.0052432;0.047221;0.041109;0.0014152;0.0028257;0.0066915;0.0041977;0.0044907;0.027262;0.0026952;0.042342;0.00096232;0.0033514;0.0029395;0.0036802;0.046044;0.0038058;0.037032;0.00086955;0.00071213;0.0004672;0.0035901;0.0021251;0.019982;0.002162;0.047489;0.0017448;0.0077306;0.0011567;0.012614;0.003706;0.0021093;0.033173;0.0055854;0.00058376;0.047559;0.00014642;0.0049877;0.0028034;0.00306;0.0024428;0.010756;0.039512;0.0013732;0.0076479;0.0029237;0.0020184;0.022613;7.7985E-05;0.00038316;0.00027884;0.042592;0.0036071;0.00025674;0.00087791;0.0011529;0.002634;0.0005228;0.0039234;0.042877;0.0017502;0.044463;0.0024496;0.0026322;0.0023435;0.043377;0.013568;0.00038333;0.0014138;0.0064926;0.0035579;0.004486;0.0030823;3.1109E-05;0.0013883;0.0014168
35;1.7088;303.59;2;0.85;0.5;50;50;Euclidean(Summation);0.0055618;0.0014112;0.00081455;0.0055341;0.002165;0.042575;0.00032695;0.0023098;0.0010229;0.0018056;0.016602;0.0013217;0.0008792;0.040296;0.035754;0.04214;9.2993E-05;0.040323;0.00087631;0.042888;0.00020386;0.040549;0.0013281;0.00019156;0.00093003;0.0046416;0.0008754;0.0026144;0.0056955;0.0011717;0.0050087;0.038129;0.0021928;0.023858;0.0018217;0.038409;0.00054855;0.00064084;0.00069734;0.00032342;0.0044474;0.00091591;0.043257;0.0024994;0.0031362;0.0046528;0.0054787;0.043466;0.0061105;0.043543;0.00053852;0.00097166;0.011353;0.0011986;0.00092723;0.0049417;0.0046874;0.0028462;0.0056675;0.0038291;0.0027243;0.0010462;0.0024804;0.00064683;0.00080284;0.0043133;0.0023505;0.0060059;0.0016426;0.0058989;0.00026871;0.00014037;0.0065192;0.04245;0.024293;0.0039678;0.033895;0.0040599;0.008794;0.00054956;0.029983;0.005632;0.0025257;0.040374;0.0064921;0.01165;0.0030481;0.00022684;0.0014765;0.04262;0.002608;0.0039624;0.0019117;0.039822;0.0010823;0.0047384
36;1.864;331.16;2;0.85;0.5;50;50;Euclidean(Summation);0.00059488;0.0017425;0.00047756;0.05603;0.044416;0.039488;0.0014207;0.0029986;0.0083377;0.050664;7.421E-05;0.0008666;0.0099831;0.00090557;0.0028469;0.00086913;0.0036832;0.0023146;0.00033822;0.0038361;0.00057532;0.0016833;0.014584;0.0027961;0.0021244;0.055171;0.0024482;0.00064463;0.0010651;0.055406;0.001916;0.0066111;0.001807;0.0029784;0.052887;0.054649;0.0052121;0.00070599;0.0053846;0.0042956;0.0050191;0.0099495;0.0044555;0.0016428;0.0025421;0.055131;0.05093;0.0040958;0.0047884;0.0089392;0.0014921;0.0012111;0.010498;0.0023749;0.0024951;0.0068509;0.00080989;0.0017078;0.0085217;0.00092312;0.05624;0.0010026;8.516E-05;0.0014942;0.00042202;0.005669;0.017108;0.0014511;0.0033729;0.0016794;0.04375;0.00098032;0.0011739;0.014808;0.0040552;0.00068281;0.0066704;0.0089517;0.00076992;9.4809E-05;0.056779;0.012075;0.0051427;0.0042382;0.0076136;0.0022211;0.031683;0.00015485;4.2168E-05;0.003165;0.00053273;0.00042374;0.0011643;0.01082;0.0023013;0.0019715
differential evolutions parameters, by distance
i;dDE / dP;distance;type;parentWeight;crossover;population;iterations;distance;weights ->
1;1.0275;1.0181;2;0.85;0.5;50;50;Manhattan(Median);0.019047;0.013487;0.014513;0.0038741;0.023632;0.018097;0.0044346;0.0081764;0.021353;0.0021915;0.021245;0.0205;0.018787;0.0042869;0.022545;0.022015;0.019205;0.023133;0.019089;0.020759;0.006626;0.0054041;0.018594;0.0025107;0.00065561;0.0099685;0.01922;0.008143;0.0069142;0.00036918;0.021914;0.0056324;0.0031435;0.019924;0.0012392;0.017806;0.020445;0.019798;0.023347;0.0081189;0.0014191;0.020954;0.011153;0.0023565;0.022625;0.021949;0.017456;0.0055674;0.012962;0.0027906;0.0031606;0.0013754;0.019796;6.1353E-05;0.00022087;0.0032206;0.014153;0.019214;0.023387;0.0023367;0.0012812;0.01857;0.019643;0.0053226;0.00042411;0.0086077;0.0062908;0.0074746;0.00057436;0.019904;0.0062177;0.0074463;0.010376;0.0088836;0.0065562;0.0037832;0.0068177;0.0034803;0.019458;0.0049136;0.00036165;0.012602;0.00067629;0.01168;0.000552;0.0014469;0.00025643;0.0017873;0.00069663;0.01389;0.0050768;0.0036732;0.022963;0.0014123;0.0043401;0.0062575
2;1.0281;1.0191;2;0.85;0.5;50;50;Manhattan(GeometricAverage);0.0032586;0.025885;0.00066644;0.0015915;0.024432;0.00056181;0.017083;0.00030174;0.0011309;0.00038617;0.024353;0.02422;0.026179;0.023099;0.016039;0.020443;0.0097926;0.023198;0.023463;0.025871;0.02342;0.0054652;0.025486;5.7508E-06;3.8689E-05;0.025443;0.023593;0.0062518;0.02259;0.027087;0.021907;0.00065332;0.0030427;0.026092;0.0089538;0.02523;0.00071209;0.0033234;0.013851;0.0025471;0.0033206;0.014112;0.0006514;0.0010785;0.022464;0.0265;0.016914;0.027208;0.021544;0.0042447;0.00037156;0.0015043;0.0037638;0.00083949;0.0012513;0.0014208;0.0013106;0.0095026;0.015669;0.0004143;0.00049536;0.0062849;0.0038417;0.004841;0.0048398;0.006514;0.00032136;0.00089358;0.0058198;0.02589;0.003227;0.0017366;0.027419;0.0083315;0.00026353;0.0059109;0.027138;0.00042854;0.026789;0.02622;0.016478;0.0076813;0.0044478;0.0048167;0.0018694;0.00075532;0.0026524;0.00079215;0.00097636;0.0020503;0.00034755;0.0032573;0.025812;0.00031063;0.0084228;0.00039075
3;1.0287;1.0193;2;0.85;0.5;50;50;Manhattan(Median);0.02512;0.024899;0.0003566;0.023236;0.024144;0.0013222;0.0014222;0.00010746;0.01783;0.0020553;0.024709;0.0031311;0.024857;0.019589;0.002931;0.018056;0.002806;0.024615;0.003897;0.02461;0.015815;0.0043128;0.019701;0.00021526;0.0016914;0.024274;0.012963;0.024692;0.0058312;0.0203;0.02455;0.00093124;0.0015657;0.021767;0.0048233;0.023264;0.0046037;0.012135;0.021694;0.015975;0.0045209;0.023675;0.0016267;0.023121;0.025776;0.023322;0.01732;0.019246;0.02459;0.0049101;0.0010854;0.0017525;0.0048117;0.0030627;0.0031107;0.00035287;0.0092149;0.015215;0.012457;0.0026866;0.00099145;0.0096946;0.0086673;0.0053984;0.0015272;0.00090167;0.00069742;0.0003659;0.0023477;0.0059325;0.003927;0.011012;0.0011808;0.0046544;0.0054604;0.0021325;0.017661;0.0041341;0.011691;0.017437;0.016106;8.5561E-05;0.00041763;0.011069;0.0034372;0.011221;0.00017395;0.00057594;0.020886;0.012313;0.00081107;0.012647;0.02161;0.00014336;0.013495;0.0065389
4;1.029;1251.4;2;0.85;0.5;50;50;Manhattan(Summation);0.016449;0.014248;0.0047988;0.00339;0.026245;0.00062119;0.017262;5.1637E-05;0.0010657;0.00060958;0.011736;0.026478;0.016184;0.024877;0.0020908;0.010848;0.0097875;0.028423;0.028422;0.027216;0.026557;0.0080639;0.027172;0.0014006;0.00052054;0.025773;0.028429;0.0021173;0.0085211;0.0018;0.015783;0.0013571;0.0054588;0.029166;0.012831;0.017975;0.013185;0.0031591;0.011567;0.0052654;0.027343;0.020385;0.015485;0.0033514;0.028695;0.02703;0.017307;0.025899;0.0043588;0.0036545;0.00072602;0.00045099;0.0047521;0.00029699;0.00029923;0.00198;0.0021708;0.013561;0.0048533;0.0013627;0.0037079;0.012603;0.013493;0.003257;0.0024284;0.0037666;0.00024962;0.00065502;0.016113;0.021825;0.0012767;0.0010933;0.015576;0.023826;0.0034525;0.00073473;0.0036081;0.00037291;0.020544;0.019313;0.0002376;0.013194;0.00072288;0.002741;0.00032044;0.00097192;0.0027843;0.017069;0.012318;0.012454;0.00040855;0.010341;0.02623;0.00014975;0.010816;0.00047778
5;1.0299;1.0224;2;0.85;0.5;50;50;Manhattan(Average);0.011739;0.022229;0.00026187;0.0020376;0.02599;0.0018193;0.0074757;0.00093496;0.012438;0.00061824;0.02469;0.016622;0.02576;0.027398;0.0021151;0.024404;0.0076345;0.024641;0.025256;0.024309;0.025686;0.017469;0.024066;0.0019534;0.0020348;0.02734;0.022612;0.0054714;0.027679;0.0017692;0.020972;0.01322;0.00065875;0.02508;0.0061816;0.025358;0.0077064;0.013063;0.02485;0.00086595;0.012487;0.019688;0.014073;0.0031095;0.023345;0.027005;0.0022856;0.027288;0.0033339;0.0082885;0.0024436;0.0035877;0.0022099;0.00086656;0.00020766;0.0028836;0.0047481;0.0011988;0.026593;0.002843;0.0012971;0.0030981;0.025232;0.0014136;0.00040245;0.0003125;0.0058348;0.0005579;0.011469;0.0065391;0.00091148;0.00051854;0.020676;0.0036009;0.0004271;0.0059397;0.0010979;0.0019235;0.024891;0.024305;0.0074115;7.0365E-05;3.5472E-05;0.010034;0.0013834;0.0045975;0.00080274;0.015829;0.00049929;0.0081259;0.00087071;0.0020789;0.027362;0.00014356;0.0092921;0.00012241
6;1.0305;1253.2;2;0.85;0.5;50;50;Manhattan(Summation);0.0024267;0.026107;0.0010762;0.0243;0.030298;0.001112;0.012577;0.0023206;0.0069893;0.0016631;0.031061;0.021405;0.030419;0.021066;0.0014961;0.029343;0.019361;0.0285;0.025836;0.020156;0.019868;0.016129;0.031525;0.0041075;0.00092355;0.030827;0.026752;0.0013307;0.027752;0.0010972;0.013938;0.0017904;0.0017756;0.030536;0.022872;0.019746;0.0016836;0.011252;0.013989;0.0082859;0.0062194;0.0055106;0.00071318;0.003904;0.026587;0.029109;0.024199;0.022358;0.0003833;0.0035712;0.0031066;0.00073312;0.0011102;0.0012659;0.00015258;0.0013854;0.0050229;0.0099007;0.016745;0.0016034;0.0022826;0.0016373;0.018316;0.0022595;0.0017177;0.0033921;0.00054857;0.0028495;0.002089;0.010966;0.00066989;0.0083801;0.0083258;0.023366;0.0015913;0.0079971;0.001211;0.0035896;0.0028664;0.027694;0.018546;0.0042784;0.00018112;0.0088189;5.9864E-05;0.0004142;0.00069391;0.0059544;0.0037544;0.0073027;0.0024631;0.0016683;0.023586;0.00082555;0.00050187;0.0019263
7;1.0306;1253.3;2;0.85;0.5;50;50;Manhattan(Summation);0.020306;0.026393;0.00062179;0.0005446;0.026335;0.0011502;0.011119;0.00018215;0.001926;0.0042728;0.019067;0.029081;0.02709;0.028996;0.018793;0.02658;0.015908;0.019318;0.0068103;0.024877;0.027998;0.01326;0.026147;0.00040396;0.0010916;0.027599;0.027862;0.018933;0.028888;0.0014679;0.010455;0.0043222;0.0021778;0.027118;0.0082326;0.025866;0.00084971;0.0059676;0.024286;0.0038963;0.023694;0.012603;0.0037759;0.0011071;0.027296;0.02956;0.019396;0.0021017;0.0052231;0.0016752;0.00019623;0.0010606;8.4376E-05;0.00025431;0.0028503;0.0026728;0.0076868;0.0031227;0.025125;0.00055257;0.00041259;0.0029127;0.009753;0.0021598;0.0018296;0.00067025;0.0025496;0.0088209;0.012048;0.00040045;0.0010304;0.00029467;0.0183;0.018533;0.0013881;0.0010498;0.0049375;0.00033115;0.0058037;0.027187;0.0046571;0.026422;0.00030949;0.028045;0.0030335;0.00076488;0.0010324;0.00044043;0.0017316;0.015092;0.00028422;0.0006181;0.02812;0.00054516;0.0011501;0.0011118
8;1.0306;1.0231;2;0.85;0.5;50;50;Manhattan(Average);0.017559;0.024613;0.0016309;0.0007767;0.011658;0.00083169;0.018473;0.00038951;0.0076522;0.0019619;0.01899;0.026246;0.024998;0.025904;0.00015726;0.028307;0.014554;0.02283;0.020424;0.028424;0.028236;0.015515;0.02803;0.00053366;0.0089557;0.026908;0.026132;0.0084764;0.023179;0.00065389;0.026919;6.4208E-05;0.0025526;0.026668;0.025447;0.028253;0.0047176;0.0040127;0.02102;0.0042924;0.0044546;0.0088394;0.0027416;0.0018134;0.022381;0.027892;0.023787;0.028237;0.0071437;0.00052516;0.00010778;0.00081311;1.7006E-05;0.0020914;0.0021603;0.005457;0.0081947;0.00043706;0.02531;0.00064773;0.0015109;0.0040058;0.0036016;0.0031285;0.00099588;0.0093069;0.0028415;0.0016788;0.0019819;0.0091083;0.0033603;0.0033679;0.025303;0.019661;0.0048479;0.0035882;0.001174;0.00014179;0.027698;0.015915;0.001698;0.016476;0.00022912;0.0035633;0.0066443;0.0029282;0.0024636;0.0018413;0.0028807;0.0031176;0.0015131;0.00047539;0.02192;0.0013183;0.0085593;0.0011536
9;1.0307;1.0217;2;0.85;0.5;50;50;Manhattan(GeometricAverage);0.01235;0.028953;0.0027398;0.00039086;0.022038;0.0014131;0.0045788;0.00052321;0.0010048;0.00062647;0.025122;0.014514;0.02543;0.018937;0.0052536;0.02731;0.010392;0.028569;0.027404;0.029568;0.029573;0.014541;0.028948;0.00055554;0.0038972;0.027642;0.027998;0.012172;0.021514;0.0013242;0.012904;0.0002316;5.1947E-05;0.027269;0.021145;0.024953;0.011514;0.0074099;0.012186;0.0059818;0.015314;0.010226;0.0024744;0.00066262;0.023593;0.028793;0.0077464;0.023869;0.0028628;0.00016986;0.0012526;0.00022859;0.010849;0.0010091;0.00099463;0.003652;0.0071837;0.0024664;0.016324;0.00068737;0.0025321;0.00090798;0.013934;0.0040831;0.00081215;0.003573;0.0032706;0.0012525;0.001309;0.024363;0.0026306;0.00017346;0.02077;0.0069175;0.0017204;0.0013181;4.4739E-05;0.00041038;0.02753;0.021072;0.00084581;0.022849;0.00010861;0.027592;0.00022489;0.013086;0.0023749;0.016394;0.00031308;0.0010476;0.00059166;0.0025479;0.023195;0.0046963;0.0029892;0.003231
10;1.0311;1.0221;2;0.85;0.5;50;50;Manhattan(GeometricAverage);0.013438;0.025498;0.0013108;0.0028477;0.028725;0.0020647;0.0032089;0.00036962;0.00017037;0.00097392;0.030493;0.027342;0.030683;0.02263;0.0024044;0.026483;0.011956;0.031539;0.024096;0.016193;0.029588;0.0045115;0.024418;0.0019433;0.00085362;0.031338;0.018012;0.017398;0.026156;0.00096157;0.020572;0.0023611;0.0028402;0.030158;0.0038648;0.031702;0.0047545;0.013023;0.016892;0.0011085;0.0091267;0.010936;0.0044223;0.001456;0.021996;0.031595;0.0028415;0.009159;0.0082663;0.001757;0.00091627;0.001217;0.002345;0.00060452;0.00024284;0.0019075;0.029482;0.008642;0.017094;0.00073635;0.0012192;0.003506;0.010787;0.0021501;0.00343;0.012794;0.00075682;0.0038787;0.014732;0.008503;0.010042;0.00043095;0.005514;0.021293;0.001032;0.00018927;0.00056306;0.00048524;0.025231;0.028668;0.0076728;0.0078122;0.002682;0.0073693;0.00010259;0.0036797;0.0012413;0.00049659;0.0055186;0.014898;0.00035816;0.0082988;0.028304;0.00023875;0.0050468;0.0014498
11;1.0314;1.0239;2;0.85;0.5;50;50;Manhattan(Average);0.024678;0.028099;0.0014892;0.0053671;0.026523;0.0011295;0.00065566;0.0016663;0.0035915;0.0017442;0.028221;0.013303;0.023975;0.026096;0.0037988;0.02307;0.0017398;0.029198;0.025043;0.027996;0.029871;0.027779;0.023097;0.0027568;4.6039E-05;0.027521;0.012178;0.0028673;0.026432;0.00015849;0.02915;0.00031464;3.7139E-05;0.027374;0.01898;0.023876;0.00078529;0.024588;0.0043516;0.0044442;0.025838;0.0032193;0.0074788;0.0076474;0.028736;0.029479;0.0083629;0.013996;0.020098;0.00011315;0.00061627;0.00026372;0.0098883;0.00065836;0.00024181;0.0066758;0.0044506;0.015751;0.017152;0.00050058;0.0021583;0.0029036;0.01677;0.00095791;0.011835;0.0020924;0.00031128;0.00095743;0.0029531;0.017301;0.0018301;0.0013227;0.01272;0.023745;0.0012016;0.00070706;9.4233E-05;0.0017404;0.025432;0.019307;0.001207;0.004251;0.001975;0.0019057;0.00075683;0.0025296;0.0008401;0.016191;0.0021576;9.351E-05;0.00087302;0.0020649;0.028676;0.00034893;0.00096194;0.0036665
12;1.0315;1.0221;2;0.85;0.5;50;50;Manhattan(Median);8.4286E-05;0.0011908;0.0081703;0.012143;0.014482;0.0061817;0.00045283;0.0020191;0.0083447;0.002873;0.025054;0.021337;0.021094;0.02531;0.015111;0.0056119;0.005071;0.024944;0.023713;0.020979;0.01875;0.019822;0.025489;6.6386E-06;0.0029021;0.0099025;0.024032;0.018098;0.024649;0.01079;0.024862;0.0021276;0.0026526;0.024538;0.0065102;0.021969;0.017546;0.0095933;0.022031;0.0068419;0.0021169;0.025218;0.0013961;0.0019168;0.015049;0.0060849;0.012051;0.0067316;0.012476;0.0014927;0.011612;0.00046429;0.00082309;0.00058305;0.0012992;0.0019643;0.002134;0.0037022;0.014333;0.001343;0.0014517;0.016205;0.025228;0.0043223;0.011284;0.00079654;0.00085105;0.0062067;0.00052508;0.015239;0.0024074;0.0033466;0.015572;0.024956;0.0013208;0.0039927;0.0046928;0.0017097;0.0071093;0.019595;0.0044605;0.017715;0.0012836;0.021539;0.00018607;0.0013954;0.0091681;0.025677;0.011891;0.018867;0.0034006;0.010209;0.023897;0.0040406;0.018746;0.00064374
13;1.135;0.87806;2;0.85;0.5;50;50;Manhattan(Minimum);0.019465;0.0096614;0.0033064;0.0089863;0.0042869;0.00066936;0.0080038;0.015759;0.006981;0.0051575;0.0095681;0.0078439;0.019419;0.020927;0.00022741;0.014642;0.022226;0.0037122;0.012974;0.014636;0.017911;0.0021811;0.022405;0.0048875;0.0054294;0.013114;0.021357;0.0052889;0.01326;0.0076715;0.018964;0.0080432;0.019387;0.0066792;0.015637;0.02114;0.002988;0.0061681;0.0092397;0.0046217;0.0030521;0.023269;0.021571;0.0019887;0.019891;0.021542;0.011715;0.016025;0.0035227;0.0018842;0.020063;0.018765;0.014092;0.0010364;0.0025717;0.011821;0.021041;0.0094999;0.0011135;0.017416;0.0099526;0.0068321;0.014154;0.0082453;0.0026741;0.018943;0.0010473;0.0066433;0.0055007;0.0010582;0.00040018;0.007393;0.02292;0.0092955;0.0080705;0.022616;0.01335;0.0057018;0.0152;0.0076174;0.018572;0.00097565;0.0036794;0.0095485;0.012079;0.0048713;0.019867;0.022377;0.0013683;0.00062663;0.0022879;0.011527;0.0033731;0.014839;0.0015292;0.0081559
14;1.1369;0.8795;2;0.85;0.5;50;50;Manhattan(Minimum);0.0060067;0.019113;0.0042805;0.005358;0.0062012;0.0014654;0.0072425;0.012723;0.0086786;0.0015667;0.0018633;0.006951;0.01654;0.013352;0.0035888;0.01614;0.019793;0.00085601;0.010911;0.021208;0.019377;0.0023038;0.020166;0.0076629;0.018582;0.020274;0.020933;0.013828;0.01648;0.015316;0.0043018;0.0027584;0.0019051;0.017391;0.018917;0.013184;0.01489;0.0080531;0.0064584;0.0075628;0.018538;0.0095712;0.019561;0.0013179;0.012318;0.02011;0.00041372;0.016928;0.00094657;0.015993;0.0015844;0.0028408;0.017055;0.010256;0.001526;0.0071987;0.019497;0.0046514;0.017982;0.019149;0.014259;0.0032575;0.011599;0.0014525;0.00033533;0.020042;0.00807;0.011935;0.0066455;0.0056393;0.00096709;0.01355;0.018235;0.0052216;0.00058855;0.02006;0.0053123;0.0066089;0.0098372;0.013085;0.018454;0.0066822;0.013838;0.018171;0.012249;0.0040491;0.011779;0.021909;0.00017487;0.0090412;0.0028975;0.0010081;0.01927;0.011598;0.0025509;0.018011
15;1.1401;0.88196;2;0.85;0.5;50;50;Manhattan(Minimum);0.014142;0.020204;0.0048302;0.0016648;0.0065986;0.0010856;0.0059804;0.0064149;0.0093812;0.0012516;0.015501;0.0059289;0.012964;0.010645;0.0055639;0.0048475;0.019049;0.0083002;0.0088127;0.014363;0.018983;0.0034427;0.016711;0.003636;0.01738;0.013173;0.018628;0.0044794;0.017594;0.015091;0.0095497;0.016882;0.00081063;0.0067162;0.0159;0.0098728;0.012616;0.016929;0.0020236;0.0004994;0.0091986;0.0061064;0.019813;0.014046;0.013136;0.020747;0.017043;0.018352;0.0037364;0.017287;0.0062834;0.017476;0.015363;0.0046457;0.002525;0.003905;0.015953;0.011663;0.00075977;0.020743;0.0057028;0.0060629;0.019732;0.0043669;0.0021435;0.020357;0.0032973;0.0091842;0.0028064;0.016289;0.014978;0.0074322;0.018349;0.0034048;0.0086716;0.020583;0.012011;0.012125;0.017892;0.018916;0.011099;0.0048637;0.0070474;0.007401;0.01866;0.0038454;0.010278;0.016514;0.0016703;0.0019919;0.0013561;0.01057;0.010483;0.0080555;0.0081448;0.016488
16;1.1422;0.87556;2;0.85;0.5;50;50;Manhattan(MinimumTimesMedian);0.0081991;0.020994;0.00069217;0.021659;0.018597;0.0052527;0.0066955;0.012429;0.006094;0.004947;0.0008824;0.010382;0.022141;0.012577;0.0078352;0.0069681;0.018403;0.0005672;0.0088927;0.020551;0.019643;0.014666;0.021024;0.00038367;0.011829;0.0081953;0.017667;0.005658;0.021797;0.016628;0.018654;0.0056574;0.0042686;0.0010362;0.016031;0.014145;0.014456;0.00047064;0.022561;0.0016792;0.007043;0.0040381;0.018241;0.010214;0.0164;0.018117;0.019239;0.013919;0.0020013;0.018721;0.010403;0.00477;0.01682;0.0038275;0.0052459;0.0077619;0.0096177;0.0074103;0.0125;0.018351;0.0010317;0.0037093;0.011412;0.0029536;0.0027414;0.019872;0.004632;0.015876;0.01037;0.010961;0.0085812;0.0033781;0.0084671;0.012661;0.014899;0.022684;0.014577;0.0080111;0.017104;0.0077717;0.021634;0.0057753;0.006201;0.0086025;0.0020041;0.003187;0.012826;0.020476;0.0047941;0.0038524;0.0025606;0.0072017;0.0016934;0.016131;0.0024823;0.0030346
17;1.1432;0.87632;2;0.85;0.5;50;50;Manhattan(MinimumTimesMedian);0.014439;0.021873;0.0062555;0.00086867;0.0050922;0.00065221;0.018486;0.0097691;0.0035179;0.011019;0.0072443;0.0193;0.0067811;0.021262;0.00075032;0.002414;0.023045;0.0093427;0.0047829;0.0062698;0.022349;0.0038252;0.014881;0.012625;0.0019702;0.01709;0.019341;0.0097233;0.013944;0.005745;0.018035;0.0080491;0.0038052;0.017421;0.015139;0.0080911;0.007933;0.0021489;0.0024441;0.0032521;0.0054558;0.010084;0.02279;0.012582;0.014018;0.022008;0.021057;0.017455;0.0012717;0.0088565;0.018574;0.0082647;0.012839;0.0028738;0.0035973;0.0058353;0.014546;0.012762;0.0073222;0.010698;0.01021;0.0089362;0.011056;0.0059969;0.0048393;0.022439;0.0037356;0.020606;0.003374;0.009441;0.0001832;0.009714;0.014009;0.012177;0.0058389;0.014451;0.013215;0.015611;0.01845;0.0080944;0.0061202;0.0074805;0.0020187;0.0080087;0.02126;0.0091725;0.016986;0.012208;0.0091377;0.016863;0.0076716;0.0032433;0.018563;0.0015718;0.0079446;0.005504
18;1.1657;0.89358;2;0.85;0.5;50;50;Manhattan(MinimumTimesMedian);0.010923;0.018825;0.0018337;0.0097633;0.010852;0.00099171;0.011033;0.0095807;0.0075947;0.00065686;0.016077;0.005554;0.020929;0.020982;0.012134;0.0070588;0.021926;0.0048546;0.0077318;0.014862;0.021426;0.0059961;0.020909;0.0031536;0.0097866;0.0047316;0.014439;0.0061872;0.022774;0.0056957;0.018994;0.0030634;0.0062048;0.014996;0.011953;0.020841;0.0010967;0.01646;0.0061006;0.0031975;0.012687;0.0072176;0.019964;0.013083;0.010216;0.020566;0.0083461;0.019643;0.0039426;0.013932;0.014113;0.0045532;0.01502;0.0036116;0.0028491;0.0027521;0.013136;0.0065967;0.0062431;0.018049;0.019667;0.020784;0.013123;0.0014639;0.013354;0.02011;0.0012207;0.01269;0.008811;0.012695;0.0021671;0.00086263;0.020378;0.019111;0.0032878;0.022133;0.010429;0.0092374;0.0082502;0.011372;0.013277;0.0052401;0.00085113;0.011048;0.0059358;0.0033417;0.01456;0.021135;0.00050071;0.0024504;0.0009311;0.0010068;0.0080811;0.0072164;0.0054446;0.019144
19;1.6403;0.23661;2;0.85;0.5;50;50;Euclidean(GeometricAverage);0.037636;0.01882;0.0010931;0.00058536;0.004443;0.00043902;9.098E-05;0.014862;0.039502;0.0016783;0.0025113;0.00010792;0.0013754;0.002619;0.0022088;0.028948;0.0014243;0.00080733;0.00097767;0.0034219;0.00042312;0.012428;0.0033807;0.034676;0.0023329;0.0011502;0.00011799;0.038236;0.00017766;0.0038954;0.0031856;0.017794;0.039181;0.038429;0.00029199;0.0087264;0.0072176;0.0019895;0.026326;0.039868;0.00028064;0.036893;0.01337;0.0037931;0.038193;0.0012158;0.001941;0.034838;0.0083413;0.037823;0.00016179;0.022652;0.00013974;0.039793;0.0060826;0.0030632;0.032624;0.0042049;0.039313;0.0015099;0.00073935;0.0029065;0.00016187;0.00052908;0.0025961;0.037755;0.0072851;0.038496;6.9792E-05;0.00034234;0.013714;5.2237E-05;0.033184;0.00045358;0.0028007;0.00059718;0.0048211;0.0025853;0.00011936;2.403E-05;0.00069761;0.0075439;0.00087832;0.0026762;0.001592;0.00016123;0.0074595;0.012302;2.9834E-05;0.0025355;0.00087258;0.037565;0.00471;2.3148E-05;0.0008661;0.0012411
20;1.648;0.23792;2;0.85;0.5;50;50;Euclidean(Median);0.005435;0.0038812;0.00055127;0.00094136;0.003662;0.010884;0.028813;0.0014137;0.032171;0.0029684;0.00012186;0.0018894;0.0025472;0.0072233;0.031834;0.0033963;0.012043;0.035613;0.0011148;0.0018999;0.0015726;3.2231E-05;0.0064536;0.032387;0.00078129;0.00050685;5.3214E-07;7.2816E-05;0.0014424;0.0022573;0.037756;0.0011567;0.032693;0.00010427;0.0087909;0.00018268;0.0042851;0.00025696;0.00074272;0.0026007;0.00025606;0.0037997;0.00019126;0.00043433;0.034347;0.0011448;0.0015395;0.036645;0.0031409;0.0043541;0.038077;0.00016248;0.016879;0.0042787;2.0101E-05;0.02554;0.0017435;0.00072953;0.0046862;0.011742;0.033751;0.00057119;0.03456;0.00037507;0.0025542;0.0015719;8.708E-05;0.038138;0.0072939;0.0033887;0.0006591;0.0050095;0.0010121;0.0066679;0.001297;0.01167;0.033308;7.0232E-05;0.0047084;0.0078174;0.037431;0.02545;0.0015446;0.00073754;0.0032241;0.024025;0.038161;0.037835;0.0065394;0.038158;0.037192;0.033989;0.0003147;3.3428E-05;0.0012039;0.0074591
21;1.6535;0.13974;2;0.85;0.5;50;50;Euclidean(Minimum);0.011406;0.027754;0.0083277;0.028973;0.022795;0.00023298;0.027846;0.0015158;0.0002463;0.00035612;0.028477;0.024536;0.0042908;0.01771;0.0022224;0.0045421;0.0226;1.7706E-05;0.0093039;0.027189;0.028785;0.028505;0.0016615;0.01391;0.0074668;0.0023477;0.027115;0.013928;0.0088914;0.021403;0.0017808;0.0019489;0.00040166;0.0030714;0.022879;0.027217;0.015598;0.0020419;0.00020694;0.016056;0.026271;0.0043757;0.01405;0.0041738;0.0074762;0.00036607;0.0082331;0.0029039;0.0042413;0.0022371;0.0038853;0.0047489;0.019821;0.0041797;0.0011035;0.005495;0.0028854;0.0019877;0.024675;0.0062081;0.012415;0.027155;0.003361;6.9205E-05;0.0022711;0.018959;0.0096195;0.015607;0.0050577;0.0096798;0.00047697;0.0097355;0.0091669;0.029522;0.021322;0.023725;0.0035082;0.00080391;0.0070905;0.0026008;0.0068351;0.00060961;0.00039815;0.00031595;0.014359;0.0023119;0.012819;0.015691;0.0055689;0.0006842;0.0029924;0.0024175;0.0003111;0.019896;0.023554;0.014216
22;1.6685;0.14102;2;0.85;0.5;50;50;Euclidean(Minimum);0.0011813;0.028291;0.00051232;0.0041589;0.026379;0.0078971;0.018499;0.0052703;0.0086976;0.005911;0.020575;0.012339;0.028329;0.000688;0.0016164;0.00059801;0.018226;0.018063;0.007163;0.019562;0.027048;0.016538;0.014162;0.011399;0.0088249;0.0033469;0.027312;0.022152;0.018251;0.025511;0.017608;0.001706;0.0018069;0.0147;0.020061;0.0013508;0.025321;0.0026539;0.0039204;0.0087868;0.0011835;0.00037918;0.016723;0.015309;0.0033848;0.027738;0.016598;0.00070543;0.015678;0.0033235;0.025011;0.0034835;0.00032224;0.0039803;0.00031504;0.0059408;0.024408;0.021568;0.00094422;0.023559;0.016739;0.0092161;0.0018243;0.012081;0.0036703;0.01654;0.0031257;0.0091487;0.0016395;0.026493;0.0029351;0.004005;0.00082911;0.0034073;0.0059332;0.0072807;0.027067;0.0033626;0.0038064;0.0014117;0.0012215;0.0010773;0.0013668;0.0068027;0.0068503;0.00023083;0.022064;0.026692;0.017913;0.0020732;0.0062101;0.0035818;0.00039508;0.021024;0.0045277;0.00048247
23;1.6856;0.14246;2;0.85;0.5;50;50;Euclidean(Minimum);0.020634;0.029563;0.020825;0.00010519;0.025544;0.0028659;0.001103;0.00018985;0.0016099;0.00010502;0.024927;0.001263;0.029705;0.01904;0.021265;0.0018089;0.02576;0.013345;0.0074214;0.021931;0.029606;4.3085E-05;0.023564;0.0094737;0.0030029;0.0039437;0.0014028;0.0032975;0.0080236;0.0010156;0.011986;0.00014274;0.0028459;0.029228;3.2315E-05;0.0029512;0.016764;0.0013762;1.1588E-05;0.0055287;0.0027221;4.3027E-05;0.026133;0.026099;0.017364;0.00036275;0.027954;0.0045068;0.00057549;0.002533;0.027828;0.002509;0.0028537;0.014025;0.00049627;0.013455;0.0019768;0.026519;0.028867;0.029838;0.014675;0.0020517;0.0019662;0.0037129;0.003097;0.0026878;0.020454;0.010203;0.0025477;0.0015898;0.0012594;0.017599;0.0037287;0.0051314;0.0025504;0.024274;0.013797;0.019412;0.020111;0.024053;0.0044335;0.022086;0.0016168;0.00020324;0.010539;0.0015584;0.001598;0.028273;0.0069463;0.0055893;0.020718;0.0030898;0.0077612;0.0011953;0.0075484;0.0020322
24;1.6884;0.24355;2;0.85;0.5;50;50;Euclidean(GeometricAverage);0.00055997;0.0036473;0.0044786;0.010452;0.002234;0.006135;0.0013733;0.0026306;0.0019473;0.0015621;0.00027884;0.00010846;0.0051501;0.0026785;0.0084877;0.0014635;0.043219;0.0046942;0.001786;0.00071886;0.00012502;0.0011898;0.0055999;0.007848;0.013313;0.0019268;0.0048237;0.0071278;0.0013435;0.00014284;0.0022556;0.0055926;0.044547;0.0038936;0.029242;0.0023038;0.0022061;0.0013854;0.040882;0.043493;0.0010681;0.0012789;0.0014652;0.0077311;0.0037753;0.00629;0.036386;0.00084232;0.0011603;0.0010062;0.0019381;0.0031113;0.0010296;0.005571;0.00060522;0.04321;0.0021148;0.00048033;0.00075019;0.031148;0.042939;0.042414;0.019049;0.044377;0.037982;0.00040937;0.040931;0.0009669;0.00062606;0.039028;0.003618;0.0010538;0.0029782;0.030741;0.00029767;0.0010092;0.006769;0.0068633;0.040056;0.0020367;0.00064242;0.0025107;0.0047096;0.0016738;0.04245;0.041885;0.00015698;0.0017537;0.0021332;0.00093271;0.0033855;0.044296;0.0072989;0.0017595;0.0028062;0.0036534
25;1.7088;303.59;2;0.85;0.5;50;50;Euclidean(Summation);0.0055618;0.0014112;0.00081455;0.0055341;0.002165;0.042575;0.00032695;0.0023098;0.0010229;0.0018056;0.016602;0.0013217;0.0008792;0.040296;0.035754;0.04214;9.2993E-05;0.040323;0.00087631;0.042888;0.00020386;0.040549;0.0013281;0.00019156;0.00093003;0.0046416;0.0008754;0.0026144;0.0056955;0.0011717;0.0050087;0.038129;0.0021928;0.023858;0.0018217;0.038409;0.00054855;0.00064084;0.00069734;0.00032342;0.0044474;0.00091591;0.043257;0.0024994;0.0031362;0.0046528;0.0054787;0.043466;0.0061105;0.043543;0.00053852;0.00097166;0.011353;0.0011986;0.00092723;0.0049417;0.0046874;0.0028462;0.0056675;0.0038291;0.0027243;0.0010462;0.0024804;0.00064683;0.00080284;0.0043133;0.0023505;0.0060059;0.0016426;0.0058989;0.00026871;0.00014037;0.0065192;0.04245;0.024293;0.0039678;0.033895;0.0040599;0.008794;0.00054956;0.029983;0.005632;0.0025257;0.040374;0.0064921;0.01165;0.0030481;0.00022684;0.0014765;0.04262;0.002608;0.0039624;0.0019117;0.039822;0.0010823;0.0047384
26;1.7113;0.24706;2;0.85;0.5;50;50;Euclidean(Median);6.1787E-05;0.0010346;0.0011783;0.0011183;0.001836;0.017426;1.0716E-05;0.0070879;0.025031;0.0067578;0.0027348;0.0002875;0.0044287;0.040692;0.0094823;0.0020653;7.927E-06;0.00011755;0.037149;0.0010813;0.0061036;0.00018394;0.0033807;0.0012607;0.0035897;0.0036028;0.0050453;0.0034543;0.0052552;0.0037056;0.0013417;0.00080277;0.0080752;0.00044036;0.041783;0.0075115;0.011882;0.00035316;0.03531;0.003368;0.039246;0.001778;0.04056;0.03961;0.0035713;0.0023312;0.020128;0.0083646;0.00056748;1.1759E-05;0.00071295;0.00027362;0.00010211;0.041293;0.0017296;0.0087054;0.0016783;0.04186;0.010198;0.0013881;0.0022202;0.032729;0.041316;0.0012313;0.005552;0.0025213;0.041858;0.0029659;0.0039517;0.0007406;0.0047723;0.001718;0.0036494;0.0012082;0.0029758;0.0011711;5.0955E-06;0.026504;0.0037819;0.036874;0.0056556;0.002763;0.039211;0.040181;0.030431;1.9798E-05;0.0015867;0.041155;0.0020887;0.0046664;0.0026208;0.03171;0.0038012;0.0031934;0.00023367;0.0027876
27;1.7302;0.24958;2;0.85;0.5;50;50;Euclidean(GeometricAverage);0.0019468;0.039535;0.0044431;0.0021941;0.0033188;9.2822E-05;0.0012058;0.0013434;0.043144;0.03219;0.001964;0.0037799;0.005747;0.0029309;0.00089278;0.0044441;0.044001;0.0027616;0.00026161;0.040255;0.0045685;0.001772;0.00079892;0.004622;0.03586;0.002896;0.00054394;0.0065935;0.00067078;0.038141;0.037603;0.0028211;0.0082783;0.0044864;0.043917;0.042609;0.00044291;0.0086494;0.041223;0.0029339;0.002285;0.003228;0.00066334;5.8913E-06;0.036361;0.00034913;0.0071406;0.0017383;0.00097229;0.00048677;0.001651;0.0032523;0.00030619;0.00050736;6.581E-05;0.00040173;0.0010771;0.0090946;0.0006345;0.00041275;0.0011616;0.044477;0.0031429;0.00040831;0.002623;0.015688;0.00056247;0.035923;0.0040564;0.044138;4.1407E-05;0.0064864;0.0019707;0.00029025;0.0045683;0.00046536;0.0010921;0.0021372;0.00082306;0.00012285;0.039984;0.00012238;0.039998;0.0027151;0.0033618;0.0029132;0.0023921;0.039501;0.0026218;0.040824;0.0040529;0.00023037;0.0037513;0.042075;0.0040648;0.0046995
28;1.7345;308.15;2;0.85;0.5;50;50;Euclidean(Summation);0.0013304;0.016152;0.00010626;0.0082603;0.046393;0.0030072;0.0042378;0.041598;0.0026074;0.0024102;0.00043692;0.0012746;0.0029281;0.00348;0.0029367;0.00046968;0.0013414;0.034426;0.0067318;0.0109;0.0052432;0.047221;0.041109;0.0014152;0.0028257;0.0066915;0.0041977;0.0044907;0.027262;0.0026952;0.042342;0.00096232;0.0033514;0.0029395;0.0036802;0.046044;0.0038058;0.037032;0.00086955;0.00071213;0.0004672;0.0035901;0.0021251;0.019982;0.002162;0.047489;0.0017448;0.0077306;0.0011567;0.012614;0.003706;0.0021093;0.033173;0.0055854;0.00058376;0.047559;0.00014642;0.0049877;0.0028034;0.00306;0.0024428;0.010756;0.039512;0.0013732;0.0076479;0.0029237;0.0020184;0.022613;7.7985E-05;0.00038316;0.00027884;0.042592;0.0036071;0.00025674;0.00087791;0.0011529;0.002634;0.0005228;0.0039234;0.042877;0.0017502;0.044463;0.0024496;0.0026322;0.0023435;0.043377;0.013568;0.00038333;0.0014138;0.0064926;0.0035579;0.004486;0.0030823;3.1109E-05;0.0013883;0.0014168
29;1.7371;0.25193;2;0.85;0.5;50;50;Euclidean(Average);0.0020598;0.00044725;0.0043492;0.0091705;0.00085416;0.048869;0.0011636;0.043401;6.82E-05;0.01907;0.0034209;0.021699;0.00018412;0.037863;0.0020247;0.00031072;0.0014612;0.0029206;0.012629;0.0032761;0.046513;0.00014771;0.00057589;1.2862E-05;0.014167;0.0015416;0.0069313;0.0030412;0.049107;0.047565;0.0019961;0.00037708;0.0032072;0.045267;0.0026772;0.00033302;0.044828;0.04644;0.00017846;0.0010432;4.9022E-05;0.0019248;0.013247;0.0023544;0.00057339;0.0060669;0.035554;0.016861;0.0035773;0.047933;0.041333;0.0078329;0.046217;0.0066448;0.0020561;0.0049078;0.0051484;0.0002454;0.0004738;0.0026554;0.0003057;0.0054653;0.0018266;0.00065576;0.00023545;0.027786;0.0014872;0.0068712;0.0015798;0.0064727;0.0043138;0.0051424;0.0061539;0.0035271;0.00022093;0.00017386;0.0077973;0.0017165;0.0061964;0.0069672;4.1243E-05;0.00089758;0.0040117;0.011314;0.00058997;0.00019981;0.0029465;0.0060466;0.0010815;0.0044753;0.0032432;3.9243E-06;0.0025869;0.012959;0.04122;0.036645
30;1.7619;0.25553;2;0.85;0.5;50;50;Euclidean(Average);0.028534;0.0015915;0.0019058;0.0005091;0.00050035;0.0018311;0.0040624;0.0017227;0.001295;0.0052439;0.0011303;0.044246;0.0059022;0.041403;0.026677;0.0014221;0.003226;0.033919;0.044772;0.042006;0.0033486;0.0046841;4.4651E-05;0.00078982;0.0040748;0.04375;0.044615;0.0012518;0.044685;0.00067048;5.5506E-05;0.019307;0.00064177;0.00092109;0.0063993;9.9543E-05;0.0015725;0.035307;0.0015073;0.0003205;0.0063875;0.00070636;0.00066545;0.033608;0.0013627;0.0011936;0.0025608;0.044867;0.003239;6.6821E-05;0.045071;0.00086498;6.5909E-05;0.0068937;0.00096919;0.0028227;0.0053283;0.029294;0.005993;0.0031671;0.003818;0.0017517;0.00049155;0.0038475;0.0023826;0.00073796;0.0011869;0.00099106;0.032581;0.0073539;8.6474E-05;0.031942;0.0030393;0.0039195;0.0012507;0.00052069;0.031729;0.0010275;0.0012144;0.0011844;0.00021963;0.00094597;0.0025418;0.0029234;0.003008;0.04427;0.0044974;0.038171;0.0012976;0.0017576;0.0030134;0.01747;0.00075255;0.044451;0.00034184;0.0022114
31;1.7713;0.25689;2;0.85;0.5;50;50;Euclidean(Average);0.003411;0.001628;0.0486;0.046222;0.0060114;0.0047393;0.0015584;0.0026053;0.0061625;0.0016693;0.0012869;0.00053054;0.0068972;0.0011706;0.0014639;0.049324;0.0039305;0.0022088;0.00074096;0.0068275;0.047053;0.0010075;0.00018498;0.0093052;0.0024182;0.00050252;0.003678;0.005031;0.0088983;0.00074074;0.0095873;0.037246;0.043339;0.0047108;0.049635;0.0067281;0.0021171;0.0019468;0.013706;0.0018307;0.046422;0.0033847;0.0011348;0.0018614;0.041463;0.0039665;0.0015466;0.0035359;0.001182;0.00074469;0.0050379;0.0014801;0.047192;0.040723;0.0040958;0.039848;0.0030369;0.00098238;0.0014673;0.0027952;0.007689;0.00054045;0.002507;0.0032323;0.006186;0.0068663;0.0013806;0.0054712;0.0015053;0.0033206;0.0043439;0.0015014;0.0014352;0.046183;0.0057622;0.0067264;0.001167;0.0093365;0.00052898;0.0047954;0.0018561;0.0024367;0.0012622;0.0076648;0.0095569;0.0037968;0.0010569;0.005143;0.0038684;0.044474;0.045915;0.0021003;0.001106;0.046374;0.0010401;0.0033157
32;1.8533;0.26756;2;0.85;0.5;50;50;Euclidean(Median);0.0034647;0.040863;0.0019875;0.0073625;0.00061923;0.0010717;0.0011624;0.046487;0.0017849;0.0027813;0.041954;0.0012417;0.0010111;0.0034616;0.0042941;0.01774;0.00075212;0.0026537;0.00054956;0.0030394;0.00020195;0.0024179;0.00088295;0.0027571;0.047246;0.017252;0.047358;0.0019392;0.0030128;9.1927E-05;0.0003388;0.0051221;0.0078513;0.044518;0.0027992;0.032061;0.00058048;0.0059576;0.00073714;0.0019647;0.048935;0.00082893;0.009041;0.0038856;0.00094153;0.00062228;0.0017175;0.0013042;0.0011269;0.00026246;0.049973;6.9028E-05;0.00046279;0.0025135;0.00041076;0.049404;0.00070998;0.038793;0.039857;0.01726;0.048853;0.049489;0.00089709;0.0056533;0.0065489;0.0052497;0.0016116;0.0057115;0.0023996;0.0012457;0.0010366;0.0055871;0.0036297;0.049015;0.0028664;0.0017344;0.0046265;0.0041048;0.00089625;0.0021218;0.048745;0.0099498;0.0035605;0.00035954;0.00010176;0.00097314;0.00058077;0.0013982;0.00064871;0.00072027;0.0047754;3.1673E-05;0.00064883;0.0015361;0.00041668;0.044788
33;1.864;331.16;2;0.85;0.5;50;50;Euclidean(Summation);0.00059488;0.0017425;0.00047756;0.05603;0.044416;0.039488;0.0014207;0.0029986;0.0083377;0.050664;7.421E-05;0.0008666;0.0099831;0.00090557;0.0028469;0.00086913;0.0036832;0.0023146;0.00033822;0.0038361;0.00057532;0.0016833;0.014584;0.0027961;0.0021244;0.055171;0.0024482;0.00064463;0.0010651;0.055406;0.001916;0.0066111;0.001807;0.0029784;0.052887;0.054649;0.0052121;0.00070599;0.0053846;0.0042956;0.0050191;0.0099495;0.0044555;0.0016428;0.0025421;0.055131;0.05093;0.0040958;0.0047884;0.0089392;0.0014921;0.0012111;0.010498;0.0023749;0.0024951;0.0068509;0.00080989;0.0017078;0.0085217;0.00092312;0.05624;0.0010026;8.516E-05;0.0014942;0.00042202;0.005669;0.017108;0.0014511;0.0033729;0.0016794;0.04375;0.00098032;0.0011739;0.014808;0.0040552;0.00068281;0.0066704;0.0089517;0.00076992;9.4809E-05;0.056779;0.012075;0.0051427;0.0042382;0.0076136;0.0022211;0.031683;0.00015485;4.2168E-05;0.003165;0.00053273;0.00042374;0.0011643;0.01082;0.0023013;0.0019715
34;2.3646;0.028852;2;0.85;0.5;50;50;Euclidean(MinimumTimesMedian);0.0097052;0.029763;0.0038436;0.0010089;0.024967;0.00071959;0.0029707;0.028045;0.029266;0.00099945;9.241E-05;0.0045121;0.024067;0.00048941;0.015371;0.01934;0.0292;0.0020619;0.0047625;0.0026544;0.029161;0.00074215;0.0053319;5.4132E-06;0.0037124;1.0495E-05;0.0086028;0.030098;0.024874;0.00095748;0.030087;0.024337;0.012372;0.0035554;0.027504;0.012909;0.0045058;0.0012995;0.0015587;0.0017635;0.0054616;0.0012346;0.023787;0.0028384;0.0028004;0.020315;0.0035361;0.0048684;0.016873;0.0027112;0.00021385;0.00042358;0.016861;0.0011722;0.0033086;0.00084464;0.027971;0.00044039;0.016736;0.026397;0.0039434;0.00039753;0.017248;0.021608;0.0021129;0.0011948;0.0057019;0.0036455;0.0009448;0.00073204;0.0010804;0.0018342;0.0036156;0.016436;0.00036853;0.030351;0.00029366;0.028767;0.019693;0.02072;0.0011664;0.02179;0.0021549;0.030353;0.0064721;2.1328E-05;0.00023554;0.0079677;0.0023787;0.024054;0.02793;0.027066;3.4413E-05;0.027971;0.0022048;0.0014908
35;2.4834;0.030301;2;0.85;0.5;50;50;Euclidean(MinimumTimesMedian);0.00026464;0.029418;0.0016287;0.0066698;0.00023593;0.00022635;0.029085;0.0018595;0.030005;0.0013837;0.029988;0.00022233;0.0011327;0.0047584;0.00046733;0.00032191;0.017414;0.00224;0.001357;0.0072425;0.029241;0.001377;0.00047456;0.0097572;0.0031382;0.03039;0.02683;0.0068409;0.02628;0.030081;0.030405;0.011339;6.7825E-06;0.029704;0.028092;0.0015518;0.030195;0.0016833;0.02231;0.006411;0.027276;0.019086;0.0085725;0.018839;0.0015438;0.030526;0.0014416;0.0032324;0.020886;0.00099845;0.01836;0.00028985;0.0012721;0.00061344;0.0025219;0.00020541;0.00056743;0.012706;0.0055873;0.0052178;0.0059871;0.0044661;0.028664;0.00076193;0.025533;0.016919;0.0042521;0.009235;0.016236;0.022754;0.024781;0.0085228;0.0068745;0.0007266;0.0045241;0.027271;0.024248;0.00072801;0.0018819;0.018902;0.014356;0.005551;0.0014418;0.0003076;0.00083297;3.4868E-05;0.0026729;0.030302;0.0010204;0.0019748;0.00027787;0.0086125;8.6759E-05;0.0055824;0.00033921;0.0015694
36;2.5544;0.031168;2;0.85;0.5;50;50;Euclidean(MinimumTimesMedian);0.0093267;0.0090045;0.0046589;0.00106;0.020861;0.00077659;0.00046154;0.0010286;0.021373;0.0024589;0.00047901;0.028156;0.035548;0.0064337;0.0028818;0.0066399;0.0024843;0.018381;0.021467;0.0011873;0.036437;0.0013796;0.0032834;0.02305;0.0049194;0.016745;0.0025457;0.0026267;0.034084;0.00029952;0.017567;0.032402;0.010144;0.030116;0.03491;0.0039755;0.025606;0.00035665;0.0012902;0.0034468;0.0024769;0.02225;0.035689;0.0011298;0.00083457;0.0063825;0.0015144;0.0056133;0.0015016;0.032145;0.022817;0.00028563;0.00012617;0.0026773;0.00065804;0.0087071;0.036212;0.0015762;0.0011477;0.021285;0.0047774;0.00024917;0.00049775;0.024924;0.00048533;0.0019185;0.00071361;0.013062;0.0011605;0.0021935;0.014601;0.0014264;0.00079222;0.0054622;0.01141;0.035341;0.0029005;0.013065;0.0045138;0.0053961;0.022944;0.018677;0.012459;0.0031285;0.0013044;0.00033757;0.00056938;0.030803;0.0046658;0.0039343;0.034219;0.0035316;0.0025861;0.002942;0.00025824;0.02787
population
1;0.89233;0.36063;0.1806;0.31344;0.38959;0.1388;0.11445;1.8822;0.26889;0.35011;0.17802;0.051108;0.012996;0.39425;0.37408;0.11226;0.015468;0.30466;0.020024;0.77699;0.28829;0.77127;0.35623;0.20764;0.14534;0.67634;0.16611;0.18924;0.19113;0.12848;0.06939;0.20465;0.27522;0.04945;0.19782;0.17729;0.089223;0.1293;0.0046057;2.0139;0.11674;0.35591;0.45521;0.0287;0.95995;0.31622;0.017988;0.1804;0.63674;0.75504;0.49596;0.5874;0.17279;1.0468;1.1488;0.49595;0.23617;5.4528;0.00054291;0.0090267;0.012769;0.018022;3.9673;1.4616;1.6558;1.5362;0.64596;0.26734;0.018372;3.3688;0.92851;2.5392;0.03353;0.054512;0.22584;1.3152;2.205;1.77;0.59157;0.32809;0.0026269;1.9922;1.1522;1.247;0.096287;0.094672;0.13152;1.7486;0.50765;0.50825;0.061809;0.22207;0.95643;1.1193;0.71446;5.7145
2;0.041695;0.038592;0.32169;1.2442;0.15504;0.13359;0.32712;0.078027;1.7921;0.096724;1.1628;0.50949;0.052026;0.32138;0.18138;0.28816;0.069667;0.83381;0.35133;1.2473;0.47724;0.17152;0.16846;0.16578;0.33478;0.35687;0.096439;0.37755;0.49191;0.17372;0.16529;0.18579;0.33816;0.42281;0.59236;0.3888;0.073397;0.048891;0.42756;0.11439;0.27401;0.098666;0.17083;0.10386;0.77272;0.22425;0.18302;0.14634;0.0019695;1.7021;0.099911;0.0093084;1.7538;0.26819;0.44397;0.73163;0.070745;1.8472;0.1407;0.52303;0.84463;0.19754;0.020616;1.2276;1.3211;0.20706;0.00057091;2.5772;0.44671;0.044006;0.00029622;3.3175;0.9468;0.092134;0.21303;0.92718;0.10868;0.52996;1.7174;0.067507;0.44519;1.3698;0.48296;0.17479;1.9636;1.2213;5.2362;0.37274;0.25636;0.74267;1.0796;0.016601;0.036022;0.16841;1.2168;0.90054
3;0.24433;0.090221;0.47923;0.26354;0.18868;0.019465;0.61882;0.39624;0.8142;0.13805;0.21339;0.61331;0.3852;0.11634;0.12898;0.58794;0.080515;1.0552;0.029076;0.10763;0.065512;0.051714;0.62353;0.27229;0.037368;0.7338;0.044104;0.6976;0.82379;0.21753;0.37805;0.34158;0.082015;0.17647;0.74055;0.41249;0.36362;0.48903;0.048579;0.63735;1.1377;0.093142;0.70354;0.095066;0.13673;0.1951;0.18877;0.19557;1.9549;0.0057095;0.39927;0.15435;0.22285;0.56125;0.0011855;0.038362;1.1401;4.9266;4.1374;0.26735;0.51272;1.5172;1.4912;0.91823;4.9422;3.9543;0.54525;1.3167;0.029057;2.799;5.773;0.87105;2.1058;1.0135;0.30406;0.71921;0.58077;3.5669;0.26008;0.0030695;6.0733;3.1156;1.9303;0.35605;0.29677;0.44992;1.6008;0.39335;1.292;1.1455;0.16046;2.3251;0.0016243;0.63433;0.0017052;0.52197
4;0.2571;0.68776;0.20667;0.01809;0.38178;0.12788;1.5333;0.095528;0.83983;0.47564;0.19059;0.22747;0.3489;0.12637;0.16042;1.8735;0.41035;0.058361;0.81854;0.68933;0.052454;0.19842;0.012782;0.61267;0.095862;0.11036;0.16643;1.092;0.055692;1.1933;0.0080205;0.55577;0.18289;0.2676;0.5823;0.15811;0.020907;0.49592;0.019184;0.14397;0.057274;0.392;0.67315;0.070282;0.2465;0.053407;0.016136;0.22311;1.0289;0.68407;0.48427;0.69907;0.0046401;0.20589;1.3966;0.063822;0.05818;0.058201;3.1419;0.27255;0.23403;0.055227;2.263;0.076819;1.1035;0.37113;0.10189;0.61321;0.02009;0.0097088;0.29867;0.26875;0.68773;0.74101;0.78251;0.23916;0.051688;0.13936;0.24944;0.36563;0.89111;1.0622;1.795;0.00096565;1.1413;1.2619;0.48358;0.80815;0.023523;0.19353;9.505;1.4096;0.29925;0.082907;0.23154;3.4813
5;0.010071;1.2119;0.74425;0.018849;0.02103;0.11997;0.064181;0.053149;0.024814;0.10779;0.018021;0.48211;0.49795;0.19059;1.8201;0.13266;0.017957;0.44064;0.32994;0.024635;0.3837;1.3667;0.71013;0.035046;0.28809;0.0086869;0.06223;1.5555;0.18711;0.10599;0.3732;0.042155;0.19361;0.53414;0.58739;0.47801;0.31299;0.17634;0.0026495;0.19577;0.56032;0.14382;0.43925;0.13375;0.14877;0.12818;0.028332;0.11706;4.4873;0.16005;2.2636;0.34341;3.2069;0.74575;0.077985;0.0045824;0.22828;0.00076798;0.64556;0.38294;2.5319;1.0799;2.579;0.59857;0.011025;0.15216;1.7458;0.18584;4.8477;0.077412;0.22557;0.31881;3.6713;0.82078;1.1267;1.7168;0.31467;1.0421;1.0258;0.78217;3.4526;0.0068284;11.637;5.4979E-05;0.69127;0.26975;3.8213;1.3441;0.72957;4.2317;2.1494;0.16303;2.3317;1.092;0.051423;1.7329
6;0.12525;0.54356;0.52538;0.13119;0.027032;0.053592;0.058082;0.22777;0.11701;0.12532;0.35997;0.45441;0.03147;0.36837;0.4328;0.55437;1.024;0.20886;0.26554;0.35708;0.81074;0.010182;1.1531;0.036754;0.093886;0.1858;0.02235;0.025006;0.30307;0.51498;0.2164;0.38376;0.086982;0.083058;0.6559;0.1516;0.2452;0.54224;0.24843;0.14362;0.058831;0.19704;0.42008;0.62963;0.33614;0.3677;0.36998;0.029777;0.70524;1.4632;0.0016954;0.085988;0.16998;0.45919;0.76297;0.035029;1.9071;2.4176;0.15018;0.14987;0.63011;0.25235;0.99596;1.6298;0.12909;0.046348;2.6484;6.6603;0.0029826;0.47605;0.13756;0.05984;0.73374;1.3928;0.81205;0.44845;0.13682;0.30685;0.069624;0.31013;0.17768;0.715;0.20527;0.079695;0.030722;1.5975;0.71599;3.4323;0.7018;1.3773;0.58618;0.20895;0.36561;1.6041;0.41113;0.093471
7;0.33279;0.026791;0.095392;0.76226;0.15541;0.36641;0.039778;0.13118;0.081677;0.22658;0.14668;0.038103;0.58328;0.21103;0.41617;0.069799;0.12063;0.12318;0.15683;0.588;0.15391;0.65799;0.1378;0.1356;1.704;0.1813;0.027504;0.084828;0.061019;0.10568;0.031593;0.093984;0.27855;0.24371;1.1515;0.94172;0.71218;0.2411;0.025854;0.0016975;0.2205;0.32292;0.11022;0.38736;0.84965;0.12088;0.11604;0.023462;2.7303;1.5107;1.1391;0.0068758;0.083797;1.4541;8.8141;0.84378;0.00021467;0.0041607;2.1561;2.7854;0.32333;0.0012808;0.057745;0.52966;0.45414;1.3856;0.39573;1.5868;3.4414;1.778;1.3034;1.4327;2.1566;0.73836;2.1725;1.4492;0.00035312;0.00022013;4.8363;3.7545;0.46373;0.36912;0.00093659;1.0052;0.26487;3.9247;3.5913;0.060085;2.0026;5.354;2.9225;0.13813;1.112;1.3401;0.053954;0.32914
8;0.18025;0.30576;0.14985;0.086086;0.32344;0.26975;0.18782;0.024118;0.81255;0.15369;0.30613;1.4122;0.010928;0.032493;0.56932;0.046398;0.20551;0.51789;0.52332;0.065561;0.024365;0.11018;0.55204;0.26817;0.23872;0.89258;0.44598;0.17705;0.055799;1.1037;0.00069872;0.044011;0.17419;0.47229;1.2411;0.095122;0.23982;0.3151;0.09357;0.31996;0.074334;0.061477;0.19827;0.21994;0.25852;0.0001631;0.68945;0.27217;1.1035;0.33282;0.049115;5.4312;0.8106;0.1613;0.40944;3.8858;0.05326;0.85748;0.018753;0.10927;1.857;0.36393;1.0524;0.45164;0.0070658;0.49803;7.6831;1.5004;0.0051485;0.27535;1.2503;3.1167;0.00082163;0.13456;0.55278;1.8199;0.16717;0.06629;2.8231;0.079341;0.033407;1.6335;3.2844;0.21838;1.3414;0.011803;9.942;0.70335;0.18163;3.2909;0.085094;0.24144;0.85068;0.057591;0.073032;0.14085
9;0.068402;0.045556;0.46373;0.43142;0.55185;0.56374;0.41506;0.51121;1.2105;0.68188;0.11605;0.083075;0.163;0.15156;0.23367;1.3657;1.3579;0.083738;1.3155;0.030319;0.76627;0.25514;0.54124;0.079867;0.032909;0.29471;0.85021;0.40744;0.99451;0.13329;0.45959;0.082442;0.29362;0.17698;0.55133;0.49497;0.58496;0.26223;0.13534;0.13262;0.083691;0.015476;0.018276;0.56938;0.040251;0.37707;0.37916;0.21242;2.0922;0.21173;1.7261;0.056138;0.26203;0.004095;0.17947;4.4752;0.018765;0.14361;0.32607;0.13592;0.060292;0.0015293;1.3144;6.7004;5.5954;0.90144;5.4463;0.32652;1.2417;0.22632;3.139;7.7911;1.3206;0.08981;0.022373;0.073183;1.1942;0.19298;1.0057;1.7695;1.012;0.00011713;0.34922;4.0459;1.8409;0.44544;3.4732;0.50873;0.13553;0.24557;0.029027;0.92526;0.030746;0.029848;0.6453;0.099722
10;0.022755;0.91819;0.0034727;0.27317;0.95921;0.10262;0.315;2.3189;0.49967;0.48634;0.4765;0.68587;0.47629;0.15509;0.023347;0.070097;0.15011;0.60921;0.20662;0.084139;0.11351;0.27679;0.30761;0.2203;0.15131;0.41147;0.12369;0.036142;1.3138;0.18252;0.21933;0.024138;0.16937;0.083038;0.57241;0.094342;0.13318;0.19561;0.03458;0.031528;0.080812;0.68705;0.059299;1.1951;0.64942;0.066879;0.21674;0.086558;0.33482;1.1961;0.71727;1.3851;1.271;0.62142;1.8813;1.2359;0.61285;1.5011;1.6777;1.0722;0.043724;1.5019;1.8034;4.5755;3.2008;0.88744;4.5115;0.068432;0.095626;1.6104;0.090257;0.3777;0.035421;0.11214;0.031433;0.67024;0.43404;3.2311;1.2953;0.75327;0.093116;0.66907;0.037271;2.2659;0.81073;0.31361;0.21312;0.0088043;1.5521;0.50906;1.2227;6.4046;0.079266;0.30372;0.35636;2.7351
11;0.53864;0.093698;0.41254;0.051076;0.20255;0.21772;0.45469;0.22811;0.20514;2.1557;0.24186;0.29699;1.3587;0.57969;0.50647;0.073047;0.72814;0.74094;1.2075;0.97376;0.21759;0.15116;0.052952;0.017552;0.048397;0.089454;0.81008;0.37709;0.028915;0.33735;0.013736;0.3384;0.17726;0.89;0.12004;0.21753;0.52039;1.2407;0.32048;0.69493;0.48918;0.22525;0.17256;0.6949;0.81194;0.073473;0.30156;0.027134;1.4735;0.34371;0.054966;4.9389;0.14514;0.57795;4.9722;1.3006;0.0027903;0.26789;1.4132;0.061892;1.894;0.0078614;0.48467;0.16988;0.0035487;0.18102;1.0364;0.11293;0.50547;2.9598;0.35447;2.0834;0.061075;0.74819;1.1649;6.1925;0.021539;1.45;0.10502;3.7414;0.3367;2.6425;0.18436;0.0030807;0.080813;0.49795;0.026968;0.015131;1.3548;0.010018;1.7213;2.9702;1.4815;0.081493;1.9036;0.61418
12;0.098218;0.65876;0.35125;0.20274;0.039593;0.11323;0.022158;0.53664;0.08069;0.12275;0.5743;0.50534;0.70114;1.0992;0.041275;1.1213;0.015255;0.19842;0.5612;0.18766;0.94293;0.57475;0.065048;0.018952;0.23407;0.091891;0.082543;0.34954;0.052445;0.07305;0.34822;0.088269;0.35917;0.039794;0.66943;0.27973;0.24448;0.11866;0.61698;0.42275;0.48571;0.43277;0.095197;0.3375;0.0025072;0.0010124;0.14843;0.29225;0.20867;0.064698;0.56703;0.19057;1.0349;0.47081;0.0025932;0.77607;4.6313;0.078935;3.1884;0.74265;0.85784;1.7364;0.053201;0.011136;0.57285;2.4595;1.496;0.043037;0.54624;3.6987;0.11209;0.0028845;3.8603;0.1202;1.1792;0.55762;0.02618;4.4415;0.39736;0.47823;0.21359;4.8229;4.3684;2.9073;0.16509;3.423;0.50576;0.015569;1.9558;0.16632;0.029179;0.44746;2.9936;0.49639;0.022746;0.91571
13;0.1208;0.040329;0.11428;0.21051;0.0012183;0.14104;0.38037;0.46194;0.28071;0.51977;0.27736;0.25514;0.10857;0.43234;0.0029326;0.34146;0.57559;0.18416;0.0028508;0.57043;0.85617;0.030121;0.10181;0.16096;0.10489;0.24828;0.014483;0.41876;0.84372;0.80765;0.53103;0.37786;0.12446;0.54228;0.25126;0.14074;0.0060545;0.13069;0.14366;0.031743;1.21;0.055115;1.9859;0.18224;0.63518;0.3345;0.015044;0.33298;1.4167E-05;2.2131;0.071968;0.81932;1.8134;1.6034;1.6892;3.4395;0.085056;0.0077305;0.033639;2.2193;0.81119;0.42555;1.4264;0.045575;0.022504;2.3944;0.063788;0.14711;4.843;0.64068;0.11484;0.013676;0.096721;2.0047;0.39585;2.5592;0.19345;1.3988;0.17455;0.024401;1.7164;0.33997;0.16572;1.1656;0.23636;0.03549;0.18654;1.3884;0.14653;0.1641;0.014768;1.1671;0.13179;0.74635;0.21681;1.7326
14;0.20787;0.35672;0.28209;0.19575;0.1019;0.43842;0.3117;0.40103;0.24335;0.12004;0.24252;0.31406;0.29569;0.069686;0.46208;0.098315;0.38607;0.65213;0.022371;0.023451;0.22896;0.49545;0.022228;0.36774;0.059878;0.15738;0.58891;0.45745;0.13272;0.049056;0.5777;2.4307;0.46185;0.74896;0.063066;0.25457;1.7684;0.26092;0.44498;0.05092;0.13646;0.42695;0.61565;0.13741;0.1631;0.77067;0.12719;0.44696;0.0051191;0.65777;0.019454;0.040445;0.010257;0.0071243;0.07606;0.36366;0.7732;3.2673;0.55857;0.041185;0.72603;0.012299;0.23933;0.23258;0.63036;0.37529;0.15781;0.41367;0.16872;0.87967;0.0067656;0.36153;1.9027;3.6713;0.031745;0.0013384;0.011222;0.0040376;0.0019277;0.1974;0.90023;1.5187;0.22174;1.3321;1.7782;3.2528;0.15862;1.32;2.6326;0.79319;0.766;0.76545;4.2852;0.11427;1.4773;2.0256
15;0.34098;0.29574;0.0072695;0.96566;0.18725;0.41574;0.1025;0.022415;0.017691;0.1422;0.1984;0.20033;0.72828;0.38712;0.16064;0.23735;0.05283;0.20762;0.012944;0.60473;0.5997;0.2029;0.0021362;0.076692;0.87101;0.57;0.070825;0.2646;0.042263;0.11141;0.11752;0.23428;0.22591;0.11516;0.21208;0.098699;0.13191;0.63687;0.028829;0.12818;0.11156;0.023429;0.036336;0.16656;0.034063;0.94444;0.44956;0.30028;0.34275;0.30333;0.19855;0.20122;0.13401;0.64476;1.0289;0.40256;0.31728;3.3767;0.11035;0.034981;0.30329;0.0025522;0.10914;0.31199;1.4295;3.5626;0.23646;0.91751;3.7253;1.2006;0.71255;0.57005;0.49933;0.32015;3.0644;0.4054;0.00028321;0.042925;2.7604;1.2438;0.1515;1.0048;4.5708;0.14622;0.34009;0.12264;0.1769;0.38759;0.12028;1.0457;0.00055173;0.45311;2.7974;0.16621;0.30028;0.49778
16;0.15978;0.19635;0.044069;0.070402;0.38811;0.026246;0.11696;0.35431;0.023434;0.0042109;0.05352;0.12869;0.57343;0.1676;0.37202;0.37244;0.16108;0.77008;0.78883;0.16513;0.48274;0.064029;0.25273;0.62357;0.30051;0.46244;0.025488;1.6652;0.099158;0.29709;0.79465;0.12528;0.33608;0.34737;0.26946;0.12128;0.0060802;0.065729;0.97559;0.16281;0.066367;0.48828;0.22437;0.22561;1.2052;0.16978;0.48816;0.53511;0.41602;0.283;0.70387;2.0096;0.86314;3.4676;0.64541;4.4762;0.45559;2.5532;0.86317;0.086749;5.297E-05;3.0809;0.0009973;1.0627;2.4533;6.2831;0.66145;0.22277;0.19129;0.41868;0.018267;0.50789;0.022296;0.11223;0.31606;0.21336;1.7602;1.7399;0.63309;1.7078;0.1164;1.5106;2.0758;2.1049;1.0935;0.092959;0.72382;0.040741;0.88576;1.8014;5.2699;0.16504;3.7681;0.039849;0.038341;0.013094
17;0.20059;0.48906;0.0064971;0.1493;0.43139;0.099867;0.30861;0.10199;0.51522;0.30692;0.27574;0.55742;0.024886;0.21587;0.087367;0.33843;0.051965;0.25106;0.26253;0.1007;1.233;0.12904;0.93442;0.081212;0.067762;0.4579;0.016427;0.25235;0.11347;0.018528;0.1026;0.018387;0.50721;0.093195;0.48228;0.24078;0.39911;0.022081;0.22127;0.0030244;0.082642;0.20862;0.15667;0.50819;0.22094;0.018134;0.36553;0.014451;0.48182;0.72448;0.54314;3.1902;2.0262;0.26306;0.0083242;0.041688;1.4691;0.28989;0.02328;0.7289;7.6183;0.23331;0.98993;3.1789;0.026537;0.59801;0.049546;0.021953;2.112;0.014155;4.0428;0.00016232;0.80166;0.20102;1.0471;0.0016235;0.51007;0.58507;1.5947;0.58943;4.8113;0.69784;1.2766;0.80113;0.26159;0.90164;0.024012;0.15941;0.18016;0.42793;0.19888;1.0929;1.8326;0.00039748;3.0911;0.70316
18;0.072293;0.32686;0.10647;0.17691;0.028644;0.1163;0.33548;0.022492;0.21891;0.034508;0.33248;0.23684;0.051969;0.054629;0.091374;0.26693;0.0037356;0.21784;0.12282;0.49518;0.038928;0.083899;0.20884;0.059354;0.37193;0.38723;0.77023;0.2467;0.29931;0.37843;0.33772;0.50614;0.36826;0.39506;0.54777;0.031344;0.19261;0.30264;0.086364;0.084054;1.3512;0.064484;1.2562;0.0069633;0.3463;0.57552;0.34929;0.063591;0.38859;0.24849;1.4452;0.24626;0.42752;0.20127;0.15335;3.2322;0.024544;0.064169;0.15719;0.096809;0.051967;0.70593;0.57564;0.037383;0.4805;5.1492;0.067553;0.88523;4.652;0.061914;5.6568E-07;0.025899;1.3676;1.1881;0.34216;1.1648E-06;0.16481;2.324;0.00097543;0.20823;0.46091;0.54561;1.5587;0.014608;1.5785;0.16668;2.4494;0.71217;0.16669;0.037843;0.10622;0.098166;0.055246;0.039185;0.051121;0.14289
19;0.37525;0.3541;0.047024;0.10679;0.44809;0.12499;0.0099604;0.29876;0.51523;0.073359;0.11725;0.74647;0.031788;0.065002;0.41785;0.08027;0.08934;0.11109;0.21255;0.20206;0.20266;0.38453;0.034369;0.076815;0.46978;0.26298;0.11851;0.11447;0.14049;0.058233;0.071382;0.087082;0.3598;0.25025;0.21648;0.42129;0.70368;0.00082452;0.027489;0.33876;0.01867;0.23696;0.0083467;0.29547;0.79244;0.046434;0.099167;0.33684;1.9266;1.3372;0.58827;0.11969;1.7216;0.35154;0.028262;0.013779;0.010748;0.18411;0.47245;1.5921;0.043687;0.038063;0.5825;3.476;1.2327;0.070897;0.38675;4.6808;0.033548;0.2959;0.12609;0.036262;0.30475;2.3526;0.14472;0.29297;6.2595;0.54035;0.69801;1.7553;4.8974;1.9043;0.012381;0.0077366;5.4936;0.80035;0.010739;1.332;0.082887;0.19432;0.11416;0.57479;2.3263;2.4022;3.3842;0.35016
20;0.2198;0.042809;0.005102;0.60026;0.25332;0.44499;0.36853;0.024958;0.16698;0.022547;0.21592;0.7454;0.066432;0.49725;0.0063291;0.30408;0.98181;0.0035469;0.15816;0.022255;0.38935;0.15478;0.32343;0.21911;0.11588;0.21142;0.65554;0.92248;0.35035;0.38479;0.0069764;0.11132;0.25421;0.94328;0.073371;0.33396;0.26409;1.0136;0.036683;0.02553;0.031945;0.14042;0.050591;0.34788;0.37659;0.71197;0.47999;0.0042138;0.0014899;4.7652;2.0536;0.15007;0.21884;0.96965;3.7548;0.048287;0.16102;2.4859;1.094;0.12413;3.3302;1.7367;0.0010288;0.078962;2.6207;0.26757;0.048541;0.031899;0.63272;1.1855;0.16146;0.80496;0.58111;0.31499;5.6871;0.04904;1.3297;0.018086;0.19167;0.39321;0.62476;0.27599;0.52106;1.0811;0.050452;0.35371;0.93494;2.6614;0.032604;2.9774;0.43384;5.9851;0.42239;0.046783;0.0011685;1.1366
21;0.27761;0.053255;0.77108;0.20257;0.30611;0.54024;0.13116;0.1206;0.76129;0.15994;0.044191;0.0041116;0.57314;0.20239;0.93191;0.013717;0.28163;0.13268;0.16884;0.12962;0.1826;0.27207;0.61235;0.18728;0.31075;0.13257;0.90212;0.6968;0.097636;1.7104;0.084915;0.578;0.021498;0.40245;0.17989;0.5752;0.091184;0.086309;0.13879;1.0793;0.13913;0.47331;0.59984;0.1854;0.35161;0.33759;0.94815;0.36381;0.30739;0.00058285;0.0040704;1.2694;0.056447;0.51146;0.27974;0.054187;2.0261;0.71327;0.42697;0.91515;1.188;0.95839;0.0047824;0.6871;0.0025335;2.6396;0.57256;0.073952;0.86994;0.029698;0.33751;0.081742;1.7418;0.0010089;1.2551;0.0053327;0.010496;0.30557;1.6022;1.4775;1.0277;4.8773;8.0114;1.3809;1.5627;0.35111;3.0826;3.6878;0.00077752;0.30204;0.59125;1.9113;3.4223;0.057495;0.0062546;0.54569
22;0.32342;0.23086;0.041533;0.10529;0.017733;0.17349;0.24586;0.35173;0.24663;0.0039098;0.64793;0.56605;0.35498;0.99201;0.57569;0.38007;0.36143;0.17359;0.75936;0.27905;0.65013;0.023134;0.31216;0.083938;0.27066;0.37759;0.15976;2.0563;0.49314;0.068255;0.18349;0.08802;0.54615;0.0052709;0.21348;0.06443;0.53344;0.0067945;0.32101;0.73784;0.43119;0.22359;1.0757;0.43746;0.17694;0.30675;1.2719;0.1839;0.089974;0.05013;4.5999;0.00091616;0.083137;0.034778;0.65596;0.68725;0.83874;0.021237;0.2078;2.0479;0.072881;0.71017;5.2025;0.0054887;1.2254;0.085716;0.19225;1.3234;1.7276;0.23174;0.89918;0.6362;0.095635;0.72661;0.066869;0.92678;0.31096;1.1423;1.6478;0.87448;0.00014231;0.06923;0.30288;0.21953;0.091858;1.0839;4.0495;0.88387;0.092309;0.15997;0.57389;0.83201;2.4405;0.0032816;2.0432;0.1372
23;0.2846;0.27723;0.10944;0.237;0.13591;0.074693;0.25656;0.3586;0.031151;0.66538;0.33295;0.020351;0.43788;0.5657;0.088696;0.82576;0.052862;0.17765;0.034453;0.57575;1.2745;0.65626;0.33877;0.062516;0.32143;0.31102;0.17464;0.1773;0.52104;0.76785;0.66804;0.35352;0.4149;0.71176;0.45409;0.016608;0.11212;0.027575;0.15024;0.10109;0.21986;0.14663;0.23042;0.032012;0.24903;0.083245;0.37173;0.19905;0.073928;1.2284;0.43253;1.4174;0.024373;0.62235;1.4683;0.024926;0.011082;0.13812;1.2126;1.947;2.6798;0.47467;0.1082;0.34187;1.2599;0.75372;0.75471;0.71526;0.54297;1.1546;0.58871;2.0678;2.0873;1.8654;0.23672;0.66561;3.544;0.38288;0.43252;0.86976;3.3993;2.2426;0.10886;1.5775;0.93529;2.644;0.56584;0.097538;0.25258;0.082371;0.31224;0.72887;0.16214;0.3687;0.090057;0.67732
24;0.20856;0.23241;0.032479;0.23287;0.34732;0.25516;0.092018;0.62079;0.050521;0.67918;0.23486;0.43645;7.1968E-05;0.056643;1.9717;0.66507;0.15198;0.87886;0.084917;0.31005;0.25625;0.60404;0.20328;0.010645;0.013068;0.059634;0.0075687;0.15557;0.41446;0.022636;0.43706;0.072883;0.66059;0.63681;0.2909;0.98634;0.84252;0.17914;0.22241;0.72169;0.9932;0.23572;0.090577;0.03182;0.026081;0.4118;0.61768;0.21916;0.15973;0.90638;1.168;0.23414;0.21439;0.21955;0.15935;0.031344;1.579;0.79678;1.3064;0.63937;1.0622;0.13844;0.015987;2.097;0.00064203;0.6369;0.06568;1.4226;0.25613;0.20449;0.18878;0.52061;0.36003;0.038296;0.012985;0.15873;1.8935;0.089815;0.75493;0.002889;0.026633;0.25004;0.54897;0.0043613;0.53181;0.33447;1.2569;0.15878;3.3441;0.0013045;0.2768;0.56851;0.018924;4.4158E-07;5.1662;0.096491
25;0.59558;0.027697;0.13431;0.25213;0.063954;0.016582;0.42871;0.11152;0.27972;0.30821;0.4463;0.75122;0.64634;0.15302;0.41129;1.0452;0.049035;0.52801;0.18094;0.3669;0.44133;0.26753;0.30866;0.27614;0.43458;0.11734;0.0037072;0.0065925;0.074778;0.6763;0.044765;0.021352;0.25891;0.01696;0.33357;0.051881;1.1143;0.068089;0.090326;0.0082324;0.35886;0.12835;0.20338;0.54863;0.019538;0.32456;0.21149;0.035582;1.0732;1.3013;0.0028786;0.12353;0.60278;0.27529;0.097048;5.1337;0.048873;0.43792;5.7029E-06;0.17875;2.1728;2.2116;5.6409;0.59462;0.063212;2.7841;0.064371;0.38365;0.67745;0.062787;0.051909;0.26936;0.42225;0.043653;0.29351;3.1235;0.32833;0.85599;0.4974;0.84065;0.67723;2.167;0.48994;0.088175;0.036648;0.9304;0.51006;0.00051518;0.98207;0.17356;1.4973;0.0025082;1.048;0.63428;0.13818;5.0792
26;0.023791;0.2847;1.0794;0.01739;0.015159;0.79513;0.003388;0.81028;0.04154;0.12381;0.17357;0.14969;0.28993;0.023249;0.19864;0.98557;0.59548;0.026893;0.0047623;0.39363;0.35175;0.17952;0.14279;0.27265;1.0474;0.13192;0.83409;0.0082378;0.053078;0.37176;5.5273E-05;0.50055;0.30293;0.56044;0.50571;0.1329;0.1167;0.004937;0.32638;0.95733;0.74162;0.043446;0.23405;0.15063;0.28586;0.29169;0.19959;0.51528;4.4979;0.84486;0.51611;0.54462;0.26429;0.13199;0.036217;0.83973;0.2445;2.7729;0.40385;0.98199;6.0654;0.88709;1.1429;0.14276;0.0069161;2.6064;0.90367;0.12976;2.0836;2.7866;1.2413;1.8682;0.15028;0.057311;1.1156;2.7122;0.723;12.957;1.4548;0.25938;1.4231;2.5634;0.23359;1.4667;0.44375;0.85071;0.57367;0.30484;1.5983;0.71702;0.62854;0.3608;0.32073;0.01977;0.94946;1.4694
27;0.18051;0.12066;0.28169;0.19363;0.24029;0.061906;0.043723;0.14427;0.03368;0.11893;0.23499;0.23249;0.33988;0.20235;0.00027426;0.40263;0.061449;0.41066;0.54637;0.4993;0.013098;0.092863;0.70176;0.11173;1.1512;0.1445;1.0635;0.1879;0.5152;0.18248;0.13467;0.28557;0.81071;0.37022;0.082849;0.27161;0.22114;1.2761;0.52531;0.055202;0.0074761;0.29094;0.062818;0.1141;0.15211;0.69048;1.2221;0.09989;3.2082;4.4022;0.043977;0.62771;0.36396;7.7869;0.68846;0.3026;1.1171;2.0032;0.036158;0.518;0.48674;1.8459;2.9375;5.4687;0.16256;0.13181;0.0055853;1.4558;0.090405;0.060914;1.9939;0.012062;0.058308;0.0012017;0.06152;0.36075;2.5447;0.25494;0.059534;1.0796;5.1317;0.53334;0.68393;0.020728;0.19339;0.035876;1.2728;0.6708;0.30714;1.3082;0.01632;0.32818;0.3277;0.47958;0.17066;6.9473
28;0.33088;0.15134;0.59299;0.33998;1.0586;0.056144;0.28731;0.35024;0.076045;0.54989;0.16985;0.59809;0.25643;0.045007;0.82594;0.25523;0.12993;0.11155;0.87191;0.080058;0.68859;0.35162;0.88695;0.08188;0.054258;0.13147;0.33029;0.1251;0.077974;0.034308;0.64354;0.69808;0.58618;0.1671;0.90292;0.18676;0.16662;0.43706;0.077324;0.50077;0.056192;0.96774;0.2414;0.24344;0.33977;0.019395;0.15898;0.53737;0.21136;0.66343;1.3897;0.22588;0.0020083;0.39321;1.3379;0.71677;0.00035782;0.75485;2.2852;0.12048;0.16425;0.1703;0.013464;0.49842;0.13497;0.13733;0.045611;1.2375;0.57411;0.84806;0.00088261;0.286;2.7475;0.35122;1.896;0.65041;0.71441;0.54852;1.7923;0.15648;0.014707;1.1844;0.19564;0.024789;1.7691;0.11421;0.27472;0.2423;2.6541;1.3166;1.7043;9.163E-06;0.63645;0.0051671;3.3326;0.018967
29;0.47113;0.04688;0.10615;0.098715;0.0051282;0.033433;0.025874;0.032755;0.063147;0.36172;0.087231;0.9999;0.19136;0.12477;0.46471;0.092955;0.55375;0.019717;0.19063;0.2458;0.58454;0.5592;0.28815;0.26038;0.21836;0.021959;0.13645;0.30653;0.40396;2.8667;0.39842;0.47123;0.16809;0.0064972;1.7578;0.025651;0.069865;0.098695;0.46538;0.029287;0.070504;0.097288;0.083131;1.1257;0.37;0.30375;0.039451;0.087453;0.21879;0.076303;0.062344;2.2174;2.0086;2.3372;0.24147;0.27749;1.2194;0.30482;2.0896;0.14658;0.96449;0.93934;0.90008;0.09409;0.033222;0.79309;0.7408;0.37198;0.0011114;0.78272;1.5737;0.47893;0.33261;0.63546;0.0033605;0.88827;4.7945;2.373;2.0341;0.070121;0.74508;0.063489;1.0244;0.41823;0.043068;0.032264;0.82558;0.54455;0.51592;0.40442;0.044745;0.01112;0.6334;0.050706;2.6457;1.0855
30;0.12176;0.44349;0.51677;0.030373;0.04039;1.1189;0.35671;0.083562;0.77699;0.14466;0.39097;1.6434;0.013202;0.40658;0.075998;0.33676;0.10604;0.046314;0.46655;0.088362;0.10068;0.92758;0.56755;0.22463;0.28104;0.01733;0.55047;1.9079;0.57756;0.41382;0.55904;0.010684;0.51282;0.80552;0.0062785;0.00652;0.015363;0.61804;0.31113;0.88814;0.309;0.32271;0.16947;0.25384;0.35127;0.041185;0.12855;0.321;1.3053;0.10782;0.10887;0.032853;0.77307;0.0073581;0.0065773;0.55068;2.6169;0.044488;0.22895;0.12526;0.4591;0.012742;0.29932;0.97058;0.30696;1.8062;0.1218;0.21955;2.2981;0.68332;4.5447;0.85528;1.8619;1.7318;0.00046994;1.7219;0.049977;0.33368;0.045311;3.0066;0.41632;0.25545;2.7363;0.30451;3.6579;0.0023006;0.23167;2.4843;0.66725;0.68761;2.16;0.63157;0.33644;0.026794;0.912;0.43271
31;0.70754;0.2025;0.20074;0.57149;1.005;0.27947;0.2685;0.1042;0.27477;0.87184;0.14651;0.52756;0.60845;0.32657;0.58997;0.83811;0.20073;0.20684;0.20439;0.80598;0.066634;0.091641;0.083065;0.010301;0.22899;0.12445;0.026257;0.11726;0.031345;0.30424;0.38542;0.83966;0.192;0.3671;0.77498;0.46065;0.46328;0.0049031;0.70244;0.14563;0.037758;0.36305;1.0139;0.34333;0.20397;0.83956;1.1194;0.46679;1.0982;0.48699;0.0098539;0.17531;7.0834;0.82161;4.7336;0.21188;0.91237;1.8502;0.34693;0.067324;6.2498;2.384;0.23481;1.2966;0.67669;0.12552;2.2233;1.162;0.057;0.035365;0.45824;0.82908;0.10768;0.44135;0.001333;0.80275;0.049448;3.1867;0.33046;0.001337;1.4593;0.010691;0.004635;1.0361;0.27978;2.1575;0.40538;2.5623;0.57957;0.17112;0.48715;3.7407;0.058799;0.067495;0.0041205;0.42055
32;0.12351;0.26434;0.36003;1.9471;0.70216;0.86977;0.15005;0.091951;0.011199;0.41815;0.5236;0.20126;0.2626;0.14353;0.64412;0.41442;1.0514;0.25771;0.24017;0.21712;0.085119;0.30202;0.43944;0.042642;0.069531;0.27094;0.46712;0.24294;0.72885;0.0024178;0.35481;0.1652;0.18974;0.042648;0.0065601;0.36064;0.12281;0.85465;0.23582;0.43124;0.76577;1.0873;0.0249;0.69387;0.25706;0.13477;0.061525;0.4495;0.42217;0.075164;0.88422;1.6388;0.019707;1.9046;0.15312;0.63254;1.9299;4.6834;0.1457;0.54577;0.68644;0.98874;0.19942;0.37733;0.83891;0.29933;0.51214;0.33682;0.0838;0.1139;0.076686;2.3787;0.27046;1.5154;0.0002259;0.028209;0.3409;4.2805;0.32992;0.00076457;0.71947;0.26103;0.25874;1.2557;0.88313;1.1143;0.90923;1.2897;0.47661;1.7306;10.432;1.3976;1.7741;0.44032;0.074755;0.10861
33;0.14175;0.2101;0.1906;0.048531;0.29738;0.68523;0.20394;0.33661;0.054024;0.12756;0.86166;1.2197;0.26636;0.099536;0.13798;0.56963;0.13434;0.1239;0.45233;0.38351;0.25414;0.050102;0.2906;0.09098;0.036438;0.53641;0.71202;0.38746;0.54224;0.39252;0.41922;0.32585;0.0774;0.058014;0.57246;0.16105;0.2021;0.028982;0.96532;0.22975;0.29174;0.043731;0.13031;2.1886;0.48948;0.071348;0.44435;0.026808;0.52131;0.022843;0.16954;0.60303;3.6111;1.7673;0.047871;0.26465;0.53218;0.020988;0.18764;0.27118;6.5644E-06;0.14029;2.4645;2.5976;0.090552;0.11284;0.037385;4.7358;2.5485;0.29119;0.2168;2.2178;0.71704;0.62244;1.7704;0.16145;0.0045195;1.3698;0.21038;2.9137;2.3884;0.019848;1.0336;0.013169;0.35073;0.0030219;0.013792;1.0377;0.072918;0.14475;0.95308;4.3912;1.0941;0.06494;0.54124;5.9521
34;0.021554;0.048886;0.22227;0.3939;0.62769;0.30157;0.051992;0.10215;0.16219;0.27845;0.70706;0.35041;1.1928;0.20806;0.088465;0.050302;0.0055066;0.069627;0.049537;0.65063;0.22525;0.11744;0.22384;0.14048;0.075045;0.068162;0.29836;0.37886;1.5352;0.053636;0.13795;0.0058839;0.11151;0.10062;0.29343;0.98588;0.020216;0.024289;0.094364;0.39901;0.28641;0.30622;0.35284;0.65697;0.20526;0.099411;0.15225;0.2979;0.72451;0.41812;0.97578;0.32457;3.8376;3.2456;0.1407;0.23889;0.019552;0.19327;2.0843;0.2715;0.19918;0.019213;1.5196;0.28134;1.1106;0.0076626;1.7759;0.2753;0.92063;2.0467;0.24633;0.97872;0.28468;0.85567;4.808;0.52144;0.020978;1.359;0.61775;1.4827;2.2485;1.8539;0.0101;0.029198;0.11462;1.6381;0.24958;0.70617;0.72231;1.4988;0.86503;0.62974;0.10326;1.0482;0.010856;1.1368
35;0.90624;0.068498;0.70573;0.51056;0.08663;0.13526;0.75321;0.21189;1.2721;0.047133;0.97429;0.065333;0.34913;0.78266;0.90969;0.26459;0.097383;0.37637;0.74634;0.24316;0.48373;0.12956;0.27057;0.070423;0.061283;0.64392;0.31761;0.73036;0.33823;0.39595;0.078883;0.066473;0.013772;0.45048;0.13891;0.65276;0.39569;0.23691;0.51209;0.43511;1.016;0.014605;0.31762;0.36127;0.37482;0.038083;0.078711;0.9193;0.51162;2.5454;0.48076;1.0063;1.3795;0.18876;0.5082;0.019746;0.98069;0.87505;1.3575;5.6417;0.06806;0.79001;1.2981;0.61349;0.052178;0.4432;0.8699;0.06294;0.10778;0.035741;4.8255;1.8006;1.0521;3.4879;6.2524E-05;0.0042044;0.80948;0.45058;1.7945;0.59128;3.2095;6.0938;0.04456;0.099666;0.92421;1.3093;0.13648;0.32358;0.18371;2.3691;0.4972;2.5168;1.0162;0.8695;0.0091421;0.01782
36;0.23568;0.3464;0.01023;0.58973;0.44226;0.058449;0.078517;0.23904;0.24354;0.42596;1.1854;0.092112;0.39391;0.62209;0.16824;0.022119;0.24316;0.019302;0.03248;1.207;0.02096;0.36416;0.089651;0.044185;2.1128;0.036859;0.31662;0.59324;1.214;0.70429;0.56121;0.18619;0.32111;0.082074;0.48714;0.42459;0.3348;0.1498;0.49225;0.03845;0.19646;0.13048;0.26736;0.70075;0.651;0.32035;0.10956;0.10694;2.2301;0.059199;0.00072986;0.074051;1.4423;1.3441;1.4911;0.38875;0.77807;0.63982;0.33845;0.18092;0.07695;1.7477;0.078453;0.022125;0.54412;5.4869;0.015699;1.5071;0.66702;0.073577;2.5164;0.0098168;0.075913;0.14848;0.1072;0.00026221;2.0479;0.45472;0.87512;1.5728;0.37198;0.43768;0.453;2.7776;2.727;0.00083628;0.70756;3.784;2.5816;1.1541;0.014213;1.0087;0.30109;0.0032765;1.753;0.28388
37;0.63653;0.14756;0.75994;0.049709;0.096848;0.05131;0.096542;0.2837;0.088677;0.20941;0.36613;0.52424;0.71646;0.30542;1.2563;0.14118;0.39657;0.20807;1.1503;0.30682;0.048215;0.92409;0.14627;0.18323;0.11517;0.26319;0.24668;0.31619;0.26257;0.35815;0.16805;0.8306;0.16452;0.71533;1.5266;1.1034;0.11806;0.083412;0.15951;0.16667;0.1064;0.094468;0.43466;0.46683;0.24463;0.06693;0.021474;0.14273;0.23411;0.49864;0.16502;0.003798;1.8789;0.75099;3.0731;0.12454;1.0463;0.13495;0.075631;0.023083;0.00064324;0.27872;0.013973;0.0060626;0.043641;0.062555;2.1732;0.20083;1.4999;1.1135;0.30374;2.6582;0.052633;0.088786;0.058747;0.42425;1.0696;0.0018662;2.6748;0.64713;0.066513;0.0078744;7.1299E-05;0.15265;0.075765;1.1401;1.2876;4.3686;2.6558;4.0479E-05;0.048181;0.574;3.3099;2.9867;0.3762;0.012305
38;0.33027;0.032785;0.61223;0.34084;0.15827;0.01777;0.7083;0.23559;0.26461;0.0024745;0.79502;0.44906;0.60661;0.70937;0.60011;1.1517;0.12699;0.13025;0.19776;0.17143;0.0080165;0.26152;0.15228;0.44126;0.0467;0.20129;0.065911;0.16837;0.013014;0.086153;1.3413;0.010214;0.64566;0.40011;0.10963;0.45982;0.10661;0.027688;0.027406;0.13823;0.053953;0.085164;0.11647;0.41677;0.070526;0.73624;0.27724;0.6737;1.098;4.014;0.48379;0.097122;2.602;7.7225;1.3394;0.92185;1.9368;0.095616;1.7007;0.060957;1.4891;0.658;1.3756;0.6471;1.2822E-06;0.53967;0.91078;0.43818;0.0095251;0.66165;0.75501;0.79832;0.033221;0.11931;0.50042;0.45119;1.3897;2.4655;2.267;0.60212;0.59808;0.34313;1.1628;0.067236;0.85546;4.4962;0.0076578;2.012;0.051278;0.008025;0.35198;0.73962;0.12139;0.068101;4.295;0.13198
39;0.51384;0.21474;0.2069;0.022334;0.24316;0.13052;0.76977;0.35967;0.4427;0.064779;0.15152;0.46401;0.20385;0.1182;0.021767;0.15868;0.10982;0.16521;0.089372;0.53572;0.87507;0.10216;0.050223;0.56197;0.15584;0.43091;0.0046867;1.6085;0.63829;0.56384;0.25877;0.89907;0.021559;0.57577;0.092259;0.21496;0.084911;0.062425;0.17679;0.11879;0.10008;0.16855;0.0054112;0.38006;0.045507;0.35064;0.04466;0.11736;0.008297;0.31161;0.80419;0.20092;0.23532;0.25317;0.30634;1.3822;0.093457;0.075171;0.37359;0.045962;0.07589;0.045689;0.76483;0.82507;2.601;0.30933;0.26395;0.72522;0.65854;3.8349;1.2917;0.019575;0.2063;0.81722;0.79548;0.013963;0.70573;0.0021469;1.3726;0.40992;0.51229;0.5647;1.3826;1.5627;0.92736;0.41492;0.81437;7.6861;0.40212;0.64612;0.00045713;2.0253;0.75624;0.22804;0.27024;0.61549
40;0.025153;0.49979;0.17086;0.20062;0.14891;0.55455;0.082715;0.0032547;0.19219;0.02281;0.49267;0.2966;0.96883;0.36764;0.092556;0.85715;0.056591;0.39982;0.096443;0.23174;0.090004;0.36497;0.52307;0.2525;0.083753;0.054582;0.46324;0.41943;0.7209;0.073318;0.08591;0.33577;1.3621;0.9337;2.0289;0.20106;0.0052842;0.29606;0.0077622;0.35022;0.44098;0.13789;1.0215;0.25969;0.153;0.39861;0.39895;0.61745;0.029125;1.5356;0.047589;0.0010189;0.5613;1.5389;0.0032182;0.045116;0.46618;0.21086;1.1402;0.64488;1.1973;0.87252;3.0723E-05;3.4095;0.062737;2.0164;0.013547;2.5033;1.5329;1.7237;3.1556;0.00042722;0.24781;0.86048;0.0036595;0.0098569;2.2156;0.49691;0.24132;0.067688;1.0976;0.071126;0.12124;0.21625;0.025504;0.81707;3.126;0.12053;3.1496;0.21018;0.0065629;0.085578;1.5415;0.19829;1.0613;2.2396
41;0.06602;0.35623;0.16597;0.14615;0.16925;0.35485;0.63909;0.14671;0.31276;0.032633;0.064639;0.22419;0.098221;0.20366;0.28727;0.19707;0.044873;0.20668;0.072415;0.21847;0.34706;0.47566;0.54937;0.099969;0.035648;0.97993;0.29701;0.12499;1.0657;0.40421;0.042443;0.15934;0.28421;0.21239;0.26406;0.34516;0.002235;0.24649;0.020044;0.022447;0.67678;1.0045;0.027048;0.72521;1.0745;0.34158;0.18974;0.17398;2.4293;0.054895;0.21638;0.034654;3.3256;0.4294;0.16784;0.26544;0.20039;0.53378;0.33466;0.04505;1.5324;0.10152;0.45979;0.066106;1.1011E-05;0.95525;0.22228;0.01039;0.0049572;0.8582;0.94895;0.085734;0.90663;0.58086;0.4561;1.7966;1.1381;2.2845E-05;1.5762;0.0047571;0.0022957;3.588;0.55092;4.7363;0.60157;0.4929;0.28228;3.9222;1.455;0.74076;0.0061424;1.0423;3.0167;4.9823;0.057927;1.0877
42;0.41294;0.66574;0.48597;0.47716;0.18014;0.099144;0.55275;0.57491;0.3573;0.24227;0.5464;0.15503;0.65831;0.30455;0.081823;0.039546;0.001825;0.4931;0.28707;1.0265;0.47836;0.12762;0.34389;0.018207;0.0087638;0.41599;0.051693;0.042323;0.51384;0.24979;0.16643;0.15725;0.011586;0.262;0.039544;0.024176;0.077723;0.013504;0.24136;0.02454;0.30338;0.015192;0.49098;0.025331;0.34471;0.22104;0.039437;0.45564;0.12156;0.062734;0.65083;0.57973;0.099004;0.23167;0.23175;0.056922;2.2096;0.23486;0.5676;0.027689;0.54351;1.526;1.1452;0.15805;0.90916;0.0061187;0.063559;0.65164;0.029116;0.4151;0.06612;0.015174;1.3928;1.383;0.19229;3.2267;0.010073;3.8746;0.033313;1.9678;0.00589;0.0082909;1.9795;1.5657;0.60199;0.83838;1.9186;0.2929;0.25741;2.715;0.076298;0.056033;0.020436;1.0123;1.3746E-06;0.14083
43;0.10881;0.61927;0.15102;0.11973;0.71866;2.1018;0.14283;0.15334;0.30347;0.3295;0.72034;0.60491;0.093968;0.69447;0.41668;0.50703;0.030713;0.70337;0.17233;0.49878;0.44035;0.36672;0.071836;0.49864;0.67815;0.050787;1.3267;0.15417;1.0169;0.49915;0.051637;0.38578;1.6969;0.054575;0.56946;0.92765;0.7718;1.1034;0.13756;0.51054;0.091535;0.64247;0.31174;0.40688;0.032647;0.31626;0.047982;1.2031;0.010464;0.23861;0.12176;0.0014418;0.027466;0.0034514;0.13687;0.28826;0.21971;1.9987;0.11387;0.03929;0.88074;0.021379;0.037477;0.5495;0.92159;0.041242;0.75576;1.6905;1.6258;0.89473;0.10804;4.1011;1.8422;0.86624;0.2156;3.1904E-05;0.46352;0.00047357;0.095031;2.0689;0.26344;0.43785;1.8034;0.32584;0.72913;1.8088;1.5597;1.067;0.07269;1.4407;0.15613;0.047222;1.0637;0.001285;3.399;0.6895
44;1.6391;0.37812;0.076215;0.13986;0.005721;0.10779;0.21422;0.42;0.16573;0.10054;0.21404;0.091027;0.11124;0.24058;0.016102;1.0007;1.3607;0.44223;0.24788;0.12134;0.035642;0.012541;0.30695;0.14815;0.31937;0.50691;0.68353;0.16009;0.014186;0.083636;0.020543;0.55527;0.065249;0.036962;0.077293;0.48387;0.62132;0.10557;0.0060829;0.57269;0.24784;0.0082747;0.24568;0.3947;0.18645;0.53123;0.096927;0.086702;0.51257;0.15795;0.56775;0.017694;0.00020677;0.70107;0.0024255;1.5515;0.87547;0.45544;1.022;0.28297;0.38178;0.26545;1.5452;2.5669;0.15915;0.17753;0.73642;0.28297;0.042759;1.5773;0.52015;0.052936;2.1153;1.067;0.16595;2.3968;0.0023998;0.07972;0.30254;2.1336;2.0245;3.4531;1.593;1.4142;1.299;0.24345;0.97621;0.013266;0.079288;0.96731;1.238;0.0002036;0.27186;1.4758;0.0095506;0.2122
45;0.56705;0.25712;0.11656;0.70617;0.35988;0.094725;0.0060061;0.51507;0.45137;0.17704;0.013365;0.58315;0.051065;0.094859;0.98405;0.091819;0.11492;0.21709;1.0623;0.34508;1.0671;0.21023;0.11624;0.17045;0.53397;0.59564;0.88566;0.50962;0.18248;0.85815;0.42602;0.12308;0.14929;0.21781;0.62298;0.12001;0.171;0.14859;0.045122;0.23389;0.36128;0.066232;0.14051;0.25378;0.15553;0.72473;0.52976;0.51398;0.088551;0.015794;1.302;0.92027;0.78771;1.136;0.63535;0.16301;0.011011;0.0068833;0.2255;0.075933;0.0028532;5.5148;1.7028;0.96323;1.2521;1.1886;1.6029;0.0025951;0.23304;0.080113;0.017874;2.3922;0.7179;0.222;0.84968;2.6161;1.3839;4.6572;2.4456;0.13606;0.00058147;1.3654;0.23452;0.21165;1.2449;0.8494;0.054005;0.0030592;0.013533;1.1679;3.7911;0.17722;0.049757;0.0014435;0.95745;1.5737
46;0.060628;0.45191;0.23969;0.83065;0.041853;0.60105;0.098761;0.53688;0.073101;0.035468;0.68021;0.32254;0.62181;0.40424;0.21448;0.12757;0.42818;0.17798;0.43632;0.31962;0.04471;1.1028;1.3246;1.2644;0.17504;0.057217;0.36676;0.51804;0.029615;0.042216;0.048674;0.22134;0.40299;0.27924;0.003165;0.74829;0.0014138;0.10619;0.24815;1.1756;0.33654;0.036442;0.47135;0.23302;0.14166;0.022615;0.0084914;0.10182;0.10875;0.0027406;0.34249;0.0019248;0.48715;0.052467;0.030684;0.13286;0.067144;0.12931;0.013878;1.0624;0.60287;3.1089;2.5946;1.1144;1.0298;1.417;0.046206;0.13134;0.29901;0.30258;0.0022505;0.67247;0.13084;2.0285;0.42323;0.10505;0.22087;0.2277;0.49222;0.28789;0.048258;0.047268;0.053391;3.7626;0.17197;0.49775;0.62446;5.4853;0.59973;0.95971;0.53627;3.9635;0.94552;0.66495;1.4788;1.121
47;0.31522;0.48594;0.20652;0.61015;0.017219;0.4138;0.11608;0.4287;0.06482;0.079516;0.62042;0.45935;0.18467;0.20707;0.21926;0.1819;0.27999;0.40509;0.37873;0.078851;0.050572;0.26522;0.032656;1.1575;0.033;0.79724;0.091838;0.50129;1.1852;0.1063;0.1591;0.27767;0.46414;0.13412;0.017805;0.62074;0.14167;0.2041;0.11276;0.30416;0.056622;0.67924;0.44354;0.23098;0.0098604;0.20986;0.61171;0.088863;0.61923;0.78456;2.4898;0.8706;0.54152;0.19722;0.50877;1.1163;0.37721;1.2994;0.28292;2.5585;0.0012548;0.032943;1.3408;0.90088;0.15702;0.63166;0.042558;0.068289;0.44933;0.38433;0.058929;0.087996;1.18;0.85831;1.1601;0.092002;0.23861;0.056875;0.96939;4.4628;0.49483;0.51437;1.1717;2.4398;3.8934;0.095849;1.121;0.25066;0.34481;0.0020207;0.30861;4.8221;3.9991;0.74251;0.2979;1.1317
48;0.71667;0.29907;0.25728;0.15936;0.0043586;0.0073842;0.10598;0.070548;0.073083;0.4195;0.31694;0.77234;0.0063746;0.32544;0.048899;0.25286;0.34249;0.45434;0.024764;0.034338;0.32511;0.045195;0.08367;0.18141;0.36823;0.68747;0.92849;0.52006;0.52917;0.82261;0.50229;0.80646;0.61417;0.83234;0.45287;0.097077;0.64692;0.39716;0.60136;0.039458;0.37535;0.1163;0.37395;0.18995;0.12734;0.041972;0.14022;0.18875;2.4985;6.4125;0.0017413;0.13476;2.2499;0.23027;0.015143;0.056264;1.1687;0.73952;2.4314;2.3955;0.49907;0.034268;0.20335;0.409;0.08133;0.2929;3.0653;3.6198;0.0024867;0.61521;0.13374;1.0276;0.48632;0.0058453;0.13711;0.71718;0.99697;0.01431;0.019878;2.1371;0.038038;0.13092;0.082196;0.4202;0.52302;0.15681;3.0687;0.76714;1.0676;3.3995;0.40264;0.34742;1.0609;3.706;0.30207;0.0057413
49;0.14965;0.15804;0.11655;0.23923;0.27918;0.5949;0.21513;1.6863;0.0080124;0.24523;0.038454;0.12972;0.25659;0.36932;0.232;0.33571;0.18832;0.042708;0.038683;0.62516;0.029278;0.066294;0.021849;0.033086;0.040352;0.32685;0.20308;0.1718;0.092122;1.2346;0.10602;0.49143;1.5302;0.40938;0.34596;0.30405;0.096863;0.71081;0.082003;0.237;0.34929;0.016306;0.22416;1.0386;0.09115;0.16947;0.40491;0.011882;0.89268;0.20888;5.6197;1.1044;0.041176;0.89888;0.014514;0.07285;0.75228;0.027257;0.50465;0.12051;1.7774;0.064197;0.88104;1.751;0.22291;1.8966;4.7228;0.72855;0.12916;0.27182;1.5554;0.30547;0.0037723;2.9183;1.1092;0.26223;0.00088203;0.15452;0.17784;2.3645;0.58816;0.52108;0.59587;5.665;0.24335;0.50705;0.033332;0.36702;6.1704;1.0422;1.1997;0.36093;4.4893;0.98994;0.70542;0.17037
50;0.042774;0.055377;2.0017;0.53755;0.22891;1.8551;0.64376;0.14019;0.6058;0.28841;0.026393;0.46263;0.15447;0.033227;0.28148;0.10121;0.48149;0.30056;0.64014;0.21751;0.31569;0.70905;0.045565;0.26618;0.096461;0.32674;1.4294;1.3962;0.032897;0.18497;0.062355;0.50367;0.015547;0.14876;0.072112;0.59955;0.11463;0.038508;0.32362;0.051003;0.075753;0.14262;0.64077;0.091892;0.59388;0.75235;0.27614;0.71749;0.4506;1.8312;0.071096;0.012857;0.39148;0.08305;1.456;0.65151;0.55894;0.38543;1.139;0.55092;0.71859;1.054;0.65722;0.11453;0.020246;1.3651;0.098544;0.94426;0.052311;0.92433;2.7237;5.8473;0.063386;1.8389;5.5277;0.28288;0.17762;0.028916;3.9111;0.47194;0.15007;0.028694;0.99488;0.032407;8.0672;0.048079;0.056987;0.28315;0.41905;0.32775;3.7101;1.1788;1.2558;1.7973;4.4286;0.065816
normalized population
1;2.0023;0.27161;-0.37578;-0.053992;0.47299;-0.45474;-0.59036;3.3836;-0.16686;0.21478;-0.62463;-1.1305;-1.0852;0.39117;-0.029446;-0.74653;-0.80784;-0.019502;-0.95132;1.3282;-0.226;1.4828;0.11508;-0.047522;-0.38094;1.4876;-0.55186;-0.58935;-0.55399;-0.57108;-0.76352;-0.33616;-0.23327;-1.0608;-0.59509;-0.58431;-0.6237;-0.4813;-0.97375;4.4093;-0.6177;0.38705;0.25962;-0.95896;2.135;0.088494;-0.94073;-0.38245;-0.26143;-0.15734;-0.23178;-0.10246;-0.63381;0.030905;0.12508;-0.28561;-0.5725;3.2177;-0.89369;-0.65649;-0.67569;-0.76013;2.2738;0.23076;0.68506;0.21262;-0.24511;-0.54182;-0.71016;2.4249;-0.054071;0.88905;-0.87334;-0.88931;-0.48363;0.35837;1.0657;0.21355;-0.41225;-0.63933;-0.74486;0.56044;-0.058887;0.15345;-0.65959;-0.75462;-0.65332;0.30734;-0.36326;-0.44273;-0.53449;-0.63206;-0.21737;0.44691;-0.2098;2.8482
2;-0.87783;-1.0468;0.035887;2.5903;-0.42163;-0.46715;0.18165;-0.61606;3.9779;-0.53548;2.7909;0.20609;-0.95883;0.090785;-0.48651;-0.30962;-0.64879;2.0819;0.015723;2.8649;0.34368;-0.50227;-0.51222;-0.21278;0.077147;0.18238;-0.74037;-0.21788;0.20758;-0.4819;-0.39312;-0.38518;-0.054412;0.31452;0.30033;0.16188;-0.67146;-0.72718;0.81187;-0.55753;-0.14647;-0.60133;-0.49919;-0.75967;1.4951;-0.27563;-0.3999;-0.51975;-0.84416;0.55026;-0.59729;-0.61377;0.53932;-0.46322;-0.31577;-0.10181;-0.75978;0.58425;-0.74759;-0.15311;-0.15858;-0.58983;-0.85139;0.069438;0.40494;-0.68286;-0.65601;1.1668;-0.38459;-0.84396;-0.71928;1.3897;0.093262;-0.84714;-0.49345;0.027001;-0.61205;-0.36962;0.64679;-0.87658;-0.44996;0.11831;-0.38251;-0.66075;0.60899;0.32117;2.2302;-0.55218;-0.57726;-0.24044;-0.050963;-0.76418;-0.93539;-0.50147;0.16643;-0.15551
3;-0.19173;-0.83541;0.49553;-0.19577;-0.29332;-0.73931;1.2405;0.08937;1.3169;-0.41312;-0.50195;0.50879;0.11965;-0.75451;-0.6108;0.43497;-0.61695;2.961;-0.9249;-0.8588;-0.89766;-0.89881;1.0081;0.20772;-0.64203;1.7224;-0.88198;0.41344;1.0479;-0.39554;0.42857;0.019573;-0.78233;-0.59288;0.63663;0.24545;0.20437;0.61874;-0.78811;0.80991;2.4415;-0.62255;0.92225;-0.78298;-0.67845;-0.39106;-0.38108;-0.3213;0.94866;-0.71719;-0.32102;-0.48548;-0.59666;-0.27724;-0.5927;-0.64248;0.45078;2.8335;3.4187;-0.4035;-0.3649;0.662;0.31313;-0.14386;3.4356;1.8418;-0.30923;0.23442;-0.70204;1.8647;3.4177;-0.184;1.3199;0.18541;-0.42368;-0.15059;-0.23421;1.0586;-0.72408;-0.93525;3.3002;1.3584;0.31741;-0.52311;-0.5234;-0.41539;0.17668;-0.53931;0.30473;0.10721;-0.48762;0.72018;-0.96222;-0.03677;-0.74364;-0.39172
4;-0.14851;1.6108;-0.29973;-0.89311;0.44321;-0.48078;4.56;-0.57726;1.3867;0.58649;-0.58103;-0.61626;0.0021479;-0.71318;-0.53621;3.628;0.35096;-0.99765;1.3795;1.0418;-0.93703;-0.41325;-1.0323;1.5516;-0.50058;-0.82481;-0.55099;1.1915;-0.8969;1.5279;-1.0005;0.57606;-0.49565;-0.25721;0.27749;-0.65196;-0.82986;0.63979;-0.91221;-0.48019;-0.79587;0.52574;0.84119;-0.8487;-0.3033;-0.95206;-0.9468;-0.2103;0.09858;-0.21036;-0.24257;-0.0036937;-0.75858;-0.50275;0.28002;-0.62262;-0.774;-0.7224;2.381;-0.39842;-0.53815;-0.72483;0.92425;-0.72394;0.22285;-0.57232;-0.5915;-0.28597;-0.70885;-0.87768;-0.50544;-0.57143;-0.18095;-0.11993;-0.056957;-0.56053;-0.65766;-0.5533;-0.73409;-0.60515;-0.15283;-0.10017;0.25199;-0.79275;0.050324;0.35994;-0.45444;-0.28016;-0.77554;-0.71431;3.9518;0.1315;-0.73004;-0.58675;-0.5715;1.4547
5;-0.9849;3.7565;1.2688;-0.89096;-0.93279;-0.49963;-0.77283;-0.67121;-0.83101;-0.50272;-1.1796;0.12626;0.48461;-0.44843;3.4004;-0.69586;-0.80053;0.52051;-0.046692;-1.13;0.061644;3.4536;1.2974;-0.72893;-0.035744;-1.2402;-0.83293;2.1057;-0.56415;-0.61542;0.40983;-0.75834;-0.4652;0.72461;0.28905;0.47662;0.051591;-0.33745;-0.98201;-0.34474;0.71135;-0.42783;0.21704;-0.6804;-0.6373;-0.65601;-0.90683;-0.63777;3.2735;-0.60188;1.3996;-0.31826;1.6175;-0.16016;-0.54466;-0.66882;-0.58143;-0.76435;-0.22131;-0.29031;0.89025;0.24721;1.1744;-0.36424;-0.6915;-0.71985;0.45509;-0.60211;2.9605;-0.81111;-0.55783;-0.53923;2.9769;-0.030529;0.20684;0.7013;-0.44719;-0.12878;-0.0037498;-0.22591;1.5539;-0.84986;5.0116;-0.79344;-0.25539;-0.58744;1.431;0.054655;-0.17428;2.7703;0.45728;-0.67002;0.85546;0.41966;-0.7064;0.36382
6;-0.59494;1.0205;0.63018;-0.5718;-0.90989;-0.65793;-0.79497;-0.28409;-0.58014;-0.4508;0.0064469;0.045477;-1.0254;0.28448;0.10983;0.35159;2.1518;-0.39995;-0.23468;-0.043741;1.3491;-1.0363;2.7773;-0.72219;-0.50536;-0.51655;-0.94084;-0.91331;-0.27055;0.19079;-0.19576;0.12918;-0.76821;-0.93698;0.44453;-0.67491;-0.153;0.78145;0.055619;-0.48111;-0.7912;-0.22336;0.1659;0.6345;0.0030671;0.29233;0.21278;-0.98961;-0.19854;0.37173;-0.68793;-0.54595;-0.63589;-0.34201;-0.11625;-0.64508;1.3191;1.0009;-0.73771;-0.51856;-0.29193;-0.53784;-0.079061;0.34668;-0.59269;-0.79114;1.0297;4.1871;-0.72186;-0.41918;-0.6209;-0.70581;-0.13224;0.61056;-0.034312;-0.38181;-0.58953;-0.47454;-0.90325;-0.65568;-0.62822;-0.34681;-0.51679;-0.73296;-0.70413;0.68044;-0.32316;1.3593;-0.19793;0.30717;-0.28537;-0.6405;-0.67827;0.93042;-0.43699;-0.65908
7;0.10776;-1.0951;-0.6244;1.2211;-0.42022;0.088041;-0.86141;-0.49822;-0.67628;-0.15098;-0.73335;-1.1684;0.76084;-0.36415;0.070385;-0.85199;-0.49923;-0.74022;-0.55198;0.71072;-0.63114;1.1079;-0.61464;-0.33192;3.3882;-0.53495;-0.92689;-0.7953;-0.88341;-0.61602;-0.9095;-0.62369;-0.2238;-0.34519;1.5692;2.1125;1.2562;-0.13942;-0.88405;-0.85221;-0.3068;0.26032;-0.66093;-0.0079066;1.758;-0.6849;-0.61942;-1.0151;1.6605;0.40723;0.36175;-0.61592;-0.69984;0.28936;4.9192;-0.014342;-0.83962;-0.76187;1.3533;2.0625;-0.48263;-0.77601;-0.82199;-0.41175;-0.32065;0.11113;-0.40443;0.43421;1.8917;0.86086;0.21462;0.17727;1.3738;-0.1229;1.0084;0.47275;-0.69875;-0.61874;3.5809;2.4803;-0.43761;-0.59251;-0.6156;-0.030199;-0.54507;2.9027;1.3011;-0.74751;0.90987;3.7387;0.82456;-0.68604;-0.096029;0.66712;-0.7045;-0.51203
8;-0.40871;0.046993;-0.46551;-0.69993;0.22068;-0.14246;-0.32402;-0.73557;1.3124;-0.3668;-0.18029;2.8383;-1.0919;-1.1002;0.43365;-0.91012;-0.25014;0.82731;0.51776;-0.99624;-1.0217;-0.70529;0.76927;0.19144;-0.15514;2.3711;0.20539;-0.61339;-0.89663;1.3513;-1.0288;-0.75352;-0.52039;0.49677;1.7727;-0.87417;-0.16924;0.086856;-0.59817;-0.020019;-0.74475;-0.74422;-0.42598;-0.45186;-0.2622;-1.1629;1.2597;-0.012514;0.16703;-0.47279;-0.64417;4.1817;-0.16055;-0.53105;-0.33736;2.3581;-0.77957;-0.13861;-0.87471;-0.55832;0.47076;-0.43199;-0.034409;-0.46554;-0.69481;-0.48683;4.2351;0.37025;-0.72021;-0.6165;0.17656;1.2605;-0.90796;-0.79959;-0.23304;0.78933;-0.56523;-0.58767;1.687;-0.86581;-0.72435;0.30563;0.97223;-0.62765;0.18624;-0.83375;4.8885;-0.34564;-0.64089;1.9585;-0.52342;-0.6196;-0.29987;-0.612;-0.69022;-0.62951
9;-0.7874;-1.0183;0.4503;0.28119;1.0919;0.5586;0.50088;0.34426;2.3954;1.1972;-0.83956;-1.0373;-0.59962;-0.60933;-0.36248;2.3669;3.1316;-0.89687;2.8301;-1.1114;1.2151;-0.2255;0.73319;-0.55198;-0.65281;-0.071609;1.2992;-0.15893;1.4801;-0.5616;0.74348;-0.65367;-0.18098;-0.59103;0.2072;0.53643;0.87234;-0.074793;-0.42184;-0.50987;-0.71672;-0.92097;-0.90627;0.47475;-1.0082;0.32942;0.24286;-0.25336;1.0747;-0.56326;0.90344;-0.57235;-0.56759;-0.63081;-0.48119;2.8178;-0.81862;-0.66002;-0.55435;-0.53222;-0.64614;-0.77577;0.17307;3.8424;3.9823;-0.21504;2.8111;-0.49804;0.21966;-0.66471;1.5301;4.2673;0.48885;-0.84975;-0.63959;-0.70226;0.25673;-0.52809;-0.022715;0.67304;-0.072266;-0.85462;-0.44718;2.2788;0.52558;-0.41967;1.2344;-0.46722;-0.68015;-0.6694;-0.55006;-0.17992;-0.9395;-0.63967;-0.2616;-0.65517
10;-0.94196;2.5542;-0.8926;-0.1684;2.6456;-0.54102;0.13766;4.3517;0.46107;0.61816;0.41065;0.72039;0.41451;-0.59478;-0.86134;-0.85125;-0.41272;1.19;-0.40667;-0.93554;-0.75295;-0.15383;-0.047331;0.0024737;-0.3665;0.40543;-0.66663;-0.89134;2.2887;-0.46456;-0.18443;-0.80515;-0.53409;-0.93705;0.25504;-0.87692;-0.49104;-0.27854;-0.84721;-0.77421;-0.72534;1.6594;-0.7968;2.1338;1.0737;-0.89872;-0.28941;-0.76073;-0.5386;0.17223;-0.027545;0.60313;0.18106;-0.23906;0.58322;0.29147;-0.14608;0.33147;0.85459;0.38473;-0.65644;0.64749;0.56033;2.3775;1.9781;-0.22447;2.2159;-0.68895;-0.65144;0.6961;-0.65481;-0.50135;-0.87134;-0.82472;-0.63264;-0.19242;-0.35165;0.90065;0.24973;-0.25222;-0.68456;-0.37944;-0.59803;0.92715;-0.17424;-0.54556;-0.60722;-0.77955;0.5262;-0.44203;0.017016;3.3432;-0.90165;-0.36652;-0.47801;0.98917
11;0.80474;-0.82118;0.30094;-0.7994;-0.24042;-0.26653;0.64473;-0.28334;-0.34033;5.5612;-0.40322;-0.41353;3.2708;1.1557;0.28456;-0.84393;1.2836;1.7131;2.5149;1.9711;-0.43914;-0.56965;-0.89811;-0.79799;-0.61536;-0.91021;1.1906;-0.2188;-0.9647;-0.15935;-0.97846;0.011307;-0.51165;2.0354;-0.77161;-0.44234;0.67747;2.9173;0.35979;0.96047;0.4982;-0.11496;-0.49459;0.80756;1.6292;-0.87261;-0.011429;-1.0003;0.50671;-0.46465;-0.63877;3.7463;-0.65433;-0.26665;2.5163;0.34194;-0.83671;-0.56924;0.5789;-0.60472;0.49376;-0.76977;-0.48393;-0.65979;-0.69776;-0.70041;0.0034603;-0.65604;-0.33992;2.0228;-0.46545;0.59583;-0.84419;-0.11188;0.2361;4.5232;-0.68179;0.063064;-0.86995;2.4683;-0.52225;1.0223;-0.52691;-0.79114;-0.6701;-0.36952;-0.71238;-0.77559;0.35818;-0.87266;0.2539;1.135;0.19226;-0.58816;0.68082;-0.33418
12;-0.68645;1.4921;0.12213;-0.3685;-0.86198;-0.5157;-0.92537;0.40063;-0.67897;-0.4584;0.74985;0.19398;1.1423;3.2976;-0.81882;1.7597;-0.80846;-0.44141;0.62833;-0.59729;1.7477;0.83237;-0.8577;-0.79247;-0.16637;-0.90025;-0.77797;-0.27313;-0.90512;-0.68035;0.31338;-0.63854;0.0052934;-1.0963;0.47523;-0.2229;-0.15518;-0.51382;1.6115;0.24877;0.48781;0.68238;-0.70101;-0.14014;-1.1372;-1.1595;-0.51327;0.068422;-0.65441;-0.67312;-0.16619;-0.45345;0.0058977;-0.33463;-0.59182;-0.067147;4.4031;-0.70725;2.4295;0.061967;-0.15037;0.87003;-0.82559;-0.76923;-0.22129;0.83463;0.29607;-0.70774;-0.30893;2.7494;-0.63916;-0.74244;3.1769;-0.81569;0.2471;-0.28858;-0.67808;1.4699;-0.59494;-0.50263;-0.60428;2.5712;1.4964;1.4142;-0.61285;2.4236;-0.44191;-0.77532;0.86999;-0.73779;-0.54999;-0.48714;1.3718;-0.17435;-0.72788;-0.14604
13;-0.61001;-1.0397;-0.56928;-0.34644;-1.0084;-0.44939;0.37494;0.23504;-0.13471;0.71715;-0.28006;-0.53557;-0.7758;0.54824;-0.90976;-0.17722;0.83587;-0.49805;-1.0015;0.65332;1.4861;-0.97028;-0.73487;-0.23182;-0.47876;-0.26129;-0.96213;-0.13659;1.0983;0.76771;1.0194;0.11384;-0.66171;0.75457;-0.47379;-0.71324;-0.87468;-0.47706;-0.3867;-0.77365;2.6578;-0.76866;4.3441;-0.55182;1.0251;0.16089;-0.95038;0.2326;-0.84596;0.93202;-0.62308;0.10267;0.58355;0.38411;0.46305;2.0101;-0.74358;-0.75926;-0.85919;1.5081;-0.17937;-0.37353;0.26176;-0.74548;-0.68189;0.79077;-0.61576;-0.63075;2.957;-0.25732;-0.63719;-0.7355;-0.80646;1.2963;-0.35333;1.4207;-0.5442;0.038959;-0.80455;-0.91583;0.39709;-0.61322;-0.53592;0.091616;-0.56443;-0.81113;-0.62224;0.082367;-0.67079;-0.7397;-0.55683;-0.024447;-0.86068;0.074953;-0.58253;0.36364
14;-0.3152;0.25558;-0.07968;-0.38838;-0.62432;0.25977;0.12569;0.1;-0.23637;-0.46643;-0.40093;-0.36376;-0.17008;-0.94686;0.17927;-0.78117;0.27972;1.3604;-0.94447;-1.1338;-0.40488;0.56992;-1.0008;0.58457;-0.5876;-0.63268;0.59214;-0.060285;-0.70188;-0.72765;1.1996;5.4473;0.2971;1.5159;-0.9009;-0.31167;4.4438;-0.078811;0.88541;-0.7235;-0.55861;0.66003;0.68775;-0.6707;-0.5883;1.8879;-0.58286;0.69207;-0.84127;-0.23001;-0.67154;-0.58623;-0.75441;-0.62889;-0.54587;-0.38879;0.035448;1.6215;-0.31198;-0.625;-0.23231;-0.76556;-0.6782;-0.61656;-0.17316;-0.56952;-0.5559;-0.43357;-0.59588;-0.022341;-0.71464;-0.51175;1.105;3.1641;-0.63241;-0.76361;-0.69005;-0.61694;-0.96693;-0.75832;-0.14675;0.22408;-0.50883;0.21803;0.483;2.2611;-0.63801;0.039607;1.4464;-0.19685;-0.19994;-0.28268;2.3794;-0.55547;0.36155;0.54647
15;0.13551;0.0059453;-0.88152;1.799;-0.29878;0.20568;-0.63374;-0.73934;-0.85039;-0.40082;-0.55393;-0.69538;1.2302;0.36179;-0.53571;-0.43582;-0.6982;-0.40488;-0.97199;0.76541;0.71287;-0.39839;-1.0679;-0.56451;1.3738;1.0531;-0.80968;-0.4407;-0.9309;-0.60474;-0.57763;-0.25918;-0.37341;-0.81873;-0.56272;-0.86155;-0.49487;1.0708;-0.87149;-0.52149;-0.63321;-0.89041;-0.85808;-0.59342;-1.0293;2.5759;0.47355;0.1008;-0.53131;-0.49483;-0.50626;-0.44403;-0.66258;-0.22425;0.050049;-0.35845;-0.48068;1.7014;-0.77922;-0.63107;-0.49509;-0.7748;-0.78129;-0.56181;0.49569;1.5778;-0.50583;-0.060886;2.1075;0.29319;-0.20884;-0.37762;-0.38034;-0.5916;1.6921;-0.41857;-0.6988;-0.59866;1.628;0.19439;-0.64566;-0.14094;1.5943;-0.68245;-0.49397;-0.72791;-0.62768;-0.54291;-0.69314;0.02108;-0.56359;-0.4835;1.2187;-0.50367;-0.52001;-0.40681
16;-0.47801;-0.40092;-0.77415;-0.74449;0.46733;-0.72314;-0.58126;-0.0035705;-0.83477;-0.80941;-1.0565;-0.90428;0.72895;-0.5432;-0.034338;-0.10029;-0.38053;1.8289;1.2928;-0.67093;0.36024;-0.85805;-0.2307;1.5946;-0.005718;0.61371;-0.93235;2.3221;-0.78684;-0.23871;2.0376;-0.54239;-0.060313;0.036616;-0.4325;-0.78191;-0.87461;-0.67569;3.1255;-0.43094;-0.76862;0.89565;-0.35634;-0.43683;2.9731;-0.49128;0.60007;1.0474;-0.46405;-0.51002;-0.039911;1.1555;-0.12156;1.5671;-0.18977;2.8186;-0.3241;1.1;0.00554;-0.58037;-0.68359;2.1454;-0.86692;-0.044276;1.3525;3.4107;-0.23525;-0.57479;-0.57873;-0.47558;-0.7064;-0.41761;-0.88523;-0.82462;-0.41448;-0.58256;0.70971;0.19938;-0.37319;0.61684;-0.66905;0.21837;0.38774;0.80486;0.017835;-0.75625;-0.31873;-0.75959;-0.041264;0.67312;1.9398;-0.66873;1.976;-0.62969;-0.7162;-0.70923
17;-0.33985;0.79738;-0.88377;-0.52034;0.63243;-0.54758;0.11444;-0.56292;0.50339;0.086913;-0.28568;0.34582;-1.0467;-0.34419;-0.7095;-0.18475;-0.70074;-0.23238;-0.24347;-0.88144;2.6224;-0.64287;2.0467;-0.54666;-0.56853;0.59513;-0.95687;-0.46486;-0.7506;-0.78782;-0.63526;-0.82009;0.42602;-0.89964;0.050484;-0.36031;0.31148;-0.80917;-0.059043;-0.84874;-0.71986;-0.17884;-0.53698;0.31249;-0.39063;-1.0917;0.1982;-1.0514;-0.40365;-0.18017;-0.18824;2.1996;0.74145;-0.46647;-0.58823;-0.63989;0.82323;-0.55318;-0.86999;0.048506;4.0521;-0.5559;-0.083835;1.4147;-0.67852;-0.41947;-0.62483;-0.72333;0.88121;-0.87331;2.1778;-0.7442;-0.06036;-0.72512;0.14588;-0.76337;-0.2908;-0.3437;0.53142;-0.40139;2.4593;-0.35901;0.0013087;-0.18514;-0.54729;0.015951;-0.71405;-0.68546;-0.64215;-0.51204;-0.46937;-0.072154;0.4661;-0.66904;1.5702;-0.27866
18;-0.77423;0.13334;-0.59209;-0.44191;-0.90375;-0.5084;0.21199;-0.73917;-0.30286;-0.7197;-0.088894;-0.58893;-0.95901;-1.0089;-0.69999;-0.36235;-0.84227;-0.36431;-0.65128;0.40744;-0.97781;-0.79228;-0.37732;-0.63296;0.167;0.30639;1.0828;-0.476;-0.28008;-0.078378;0.2728;0.44713;0.031121;0.21228;0.19913;-1.0992;-0.31171;0.04877;-0.62859;-0.63687;3.081;-0.73267;2.3969;-1.0166;0.037803;1.1152;0.14496;-0.85331;-0.48924;-0.5358;0.64421;-0.40419;-0.4448;-0.50569;-0.49752;1.8484;-0.81208;-0.71804;-0.7304;-0.57052;-0.65132;-0.10755;-0.41189;-0.75113;-0.29858;2.6468;-0.61336;-0.084763;2.8118;-0.82635;-0.71949;-0.72764;0.53862;0.38117;-0.39448;-0.76476;-0.56712;0.47406;-0.96782;-0.74846;-0.43948;-0.46714;0.13768;-0.78239;0.34735;-0.68586;0.65601;-0.34013;-0.65362;-0.84865;-0.51339;-0.71173;-0.92039;-0.63036;-0.70663;-0.62824
19;0.25154;0.24487;-0.76553;-0.6411;0.69612;-0.48765;-0.96965;-0.12672;0.50342;-0.60467;-0.8354;0.89707;-1.0243;-0.96617;0.074379;-0.82599;-0.59106;-0.78823;-0.38937;-0.55026;-0.48418;0.20276;-0.96019;-0.56402;0.40359;-0.20125;-0.68065;-0.73683;-0.6822;-0.70956;-0.75583;-0.64162;0.007084;-0.32112;-0.55273;0.27652;1.2306;-0.87417;-0.87715;0.029135;-0.91153;-0.069952;-0.93276;-0.25157;1.5625;-0.97967;-0.6747;0.24817;0.92271;0.27759;-0.1466;-0.51614;0.51544;-0.41033;-0.57576;-0.66165;-0.8277;-0.63044;-0.40175;0.89381;-0.65647;-0.74112;-0.40646;1.6195;0.33092;-0.7746;-0.41014;2.7228;-0.69862;-0.5963;-0.62913;-0.72097;-0.58629;1.6863;-0.54581;-0.51458;4.3106;-0.36473;-0.31212;0.66009;2.5167;0.49796;-0.61007;-0.7876;3.007;-0.080771;-0.72155;0.047113;-0.72499;-0.71362;-0.50962;-0.40527;0.8513;1.7265;1.7898;-0.49892
20;-0.2748;-1.0295;-0.88784;0.76088;-0.046795;0.27544;0.33195;-0.7337;-0.44416;-0.75512;-0.49316;0.89397;-0.9122;0.81581;-0.90171;-0.27007;2.028;-1.2153;-0.54812;-1.1377;0.078677;-0.55767;0.0055196;-0.0022391;-0.45217;-0.41191;0.77243;0.85702;-0.15084;-0.065836;-1.0046;-0.57864;-0.29297;2.2317;-0.87752;-0.031579;-0.095989;2.2228;-0.83833;-0.78989;-0.87176;-0.4409;-0.82004;-0.11262;0.14131;1.6554;0.57329;-1.0927;-0.8446;2.8388;1.2057;-0.48927;-0.59964;-0.018072;1.755;-0.63474;-0.65758;1.0508;0.24621;-0.54377;1.3865;0.87026;-0.8669;-0.72247;1.4926;-0.64209;-0.62547;-0.71597;-0.2432;0.27837;-0.60378;-0.22651;-0.29379;-0.59739;3.7023;-0.72288;0.36518;-0.61034;-0.78844;-0.58004;-0.33031;-0.65866;-0.36408;0.027424;-0.69073;-0.50726;-0.19947;0.87763;-0.76781;1.6879;-0.35774;3.0735;-0.63398;-0.62278;-0.74404;-0.0082348
21;-0.079067;-0.98674;1.3471;-0.36899;0.15456;0.50258;-0.5297;-0.52167;1.173;-0.34829;-1.0888;-1.2675;0.728;-0.39978;1.2937;-0.99129;-0.026757;-0.7025;-0.51693;-0.78695;-0.54464;-0.16947;0.97075;-0.1279;0.019039;-0.73404;1.4396;0.41185;-0.7907;2.5473;-0.70356;0.63383;-0.95431;0.23952;-0.63578;0.81949;-0.61778;-0.61276;-0.40724;1.9654;-0.5506;0.83814;0.64555;-0.54344;0.055944;0.1731;2.1075;0.35687;-0.56378;-0.72102;-0.68574;0.50073;-0.72014;-0.30884;-0.41848;-0.63014;1.4538;-0.24394;-0.44917;0.2309;0.054872;0.13194;-0.86393;-0.30321;-0.69861;0.95597;-0.29184;-0.68487;-0.062888;-0.85803;-0.47761;-0.69172;0.93468;-0.94927;0.30531;-0.7602;-0.69063;-0.47514;0.53851;0.40717;-0.061814;2.6099;3.2581;0.25507;0.3366;-0.50975;1.0137;1.5189;-0.79491;-0.62067;-0.28296;0.45412;1.7063;-0.61209;-0.74023;-0.37691
22;0.076045;-0.25967;-0.78155;-0.64537;-0.94536;-0.37202;-0.11334;-0.0092999;-0.22744;-0.8103;1.0052;0.37101;0.021825;2.8555;0.44874;-0.081341;0.2074;-0.54003;1.2068;-0.29872;0.86491;-0.99341;-0.032128;-0.5359;-0.077909;0.26702;-0.56903;3.0936;0.21071;-0.6898;-0.32283;-0.63918;0.53668;-1.2235;-0.55954;-0.98245;0.71685;-0.85591;0.36205;1.0727;0.32446;-0.12134;1.9154;0.12492;-0.54102;0.051004;3.1685;-0.36834;-0.76337;-0.684;3.5557;-0.62119;-0.70033;-0.61134;-0.18318;-0.13642;0.10964;-0.7494;-0.67764;1.3402;-0.63832;-0.10353;3.2519;-0.77312;0.32488;-0.76461;-0.53397;0.23935;0.58904;-0.65938;-0.075086;-0.33507;-0.80761;-0.13606;-0.60548;0.026655;-0.45015;-0.081669;0.58138;-0.14186;-0.74651;-0.80553;-0.46959;-0.62678;-0.6626;0.18999;1.5599;-0.23286;-0.71696;-0.74326;-0.29121;-0.23988;0.94036;-0.66617;0.78535;-0.63179
23;-0.055382;-0.069839;-0.5834;-0.27117;-0.4946;-0.60761;-0.074484;0.0059488;-0.81377;1.1483;-0.087258;-1.2202;0.29017;1.098;-0.70634;1.0257;-0.6981;-0.5239;-0.90921;0.6707;2.7474;1.1022;0.056776;-0.62047;0.044872;-0.004979;-0.52877;-0.61289;0.28133;0.68927;1.5486;0.050615;0.16369;1.3789;-0.013489;-1.1512;-0.55461;-0.79237;-0.35892;-0.59232;-0.30872;-0.41704;-0.3402;-0.95018;-0.29465;-0.83392;0.21851;-0.30728;-0.7781;0.19635;-0.29032;0.63168;-0.74393;-0.23847;0.3249;-0.65296;-0.82732;-0.66402;0.36984;1.2414;0.98219;-0.32693;-0.78203;-0.54121;0.35374;-0.31456;-0.17588;-0.21049;-0.31142;0.24796;-0.29759;0.58582;1.3004;1.1402;-0.47529;-0.19637;2.1373;-0.43878;-0.56186;-0.14616;1.5185;0.7383;-0.56341;0.40443;-0.089616;1.6798;-0.40797;-0.72411;-0.58048;-0.81023;-0.41551;-0.30619;-0.837;-0.3017;-0.67746;-0.29479
24;-0.31284;-0.25332;-0.80796;-0.2829;0.31176;-0.17725;-0.67178;0.58717;-0.76106;1.1892;-0.42748;-0.0068944;-1.127;-1.0006;3.76;0.62655;-0.40723;2.2609;-0.76191;-0.19741;-0.32261;0.92933;-0.39589;-0.82526;-0.70079;-1.032;-0.98083;-0.65576;0.011483;-0.77973;0.65647;-0.67851;0.8619;1.1028;-0.38383;2.2699;1.6496;-0.32889;-0.054225;1.0304;2.0084;-0.074747;-0.71334;-0.95069;-1.0566;0.46695;1.0245;-0.22623;-0.69933;-0.044263;0.38847;-0.41491;-0.60295;-0.49409;-0.49378;-0.64795;0.94765;-0.18294;0.46755;-0.039178;-0.023332;-0.6459;-0.85505;0.66877;-0.70019;-0.39327;-0.61456;0.31275;-0.52944;-0.68617;-0.5842;-0.40942;-0.52778;-0.90748;-0.64678;-0.62921;0.81642;-0.57661;-0.25857;-0.93541;-0.72886;-0.6771;-0.35059;-0.79017;-0.36372;-0.52564;-0.017575;-0.68585;2.0523;-0.88018;-0.43235;-0.4093;-0.94872;-0.66944;3.1244;-0.65719
25;0.99755;-1.0914;-0.51084;-0.22819;-0.76907;-0.74618;0.55043;-0.5418;-0.13741;0.090728;0.30591;0.91093;0.96494;-0.60333;0.05882;1.5706;-0.70933;0.86749;-0.48162;-0.01166;0.23539;-0.18448;-0.043821;0.22292;0.31847;-0.79627;-0.99128;-0.94963;-0.84857;0.5088;-0.85863;-0.81239;-0.27961;-1.1805;-0.28701;-1.0267;2.4698;-0.66848;-0.61186;-0.83512;0.10774;-0.48727;-0.41236;0.41971;-1.079;0.12152;-0.30661;-0.96621;0.13921;0.25078;-0.68684;-0.51274;-0.31476;-0.45872;-0.53274;3.3313;-0.78454;-0.44505;-0.89425;-0.49028;0.66707;1.3208;3.599;-0.36696;-0.64782;1.0533;-0.61539;-0.45578;-0.2092;-0.82549;-0.68229;-0.57104;-0.46193;-0.90148;-0.43177;1.9026;-0.43626;-0.21629;-0.50084;-0.17267;-0.29535;0.68459;-0.37913;-0.72652;-0.70011;0.043413;-0.43948;-0.78473;0.040756;-0.73154;0.14749;-0.77324;-0.14593;-0.036824;-0.64142;2.4517
26;-0.93845;-0.039262;2.2467;-0.8951;-0.95518;1.1104;-0.99351;1.0073;-0.7855;-0.45529;-0.64008;-0.84305;-0.18873;-1.1383;-0.44558;1.4226;0.89424;-1.1226;-0.99587;0.075674;-0.034677;-0.4758;-0.59798;0.20914;1.8004;-0.73669;1.2555;-0.94638;-0.90352;-0.091521;-1.0313;0.4326;-0.15452;0.82148;0.10367;-0.7409;-0.54077;-0.86159;0.38471;1.6466;1.2546;-0.8135;-0.33052;-0.63564;-0.16876;-0.0086035;-0.3456;0.96745;3.2832;-0.090225;-0.21319;-0.1403;-0.56591;-0.54965;-0.57079;-0.017503;-0.56308;1.2604;-0.47327;0.29636;3.0868;0.064299;0.037314;-0.67848;-0.69494;0.9336;-0.081042;-0.64359;0.85963;1.8526;0.1701;0.45743;-0.74978;-0.88617;0.19836;1.5513;-0.12038;5.4744;0.3998;-0.70189;0.20166;0.96622;-0.5031;0.32023;-0.42355;-0.032679;-0.40355;-0.59461;0.56549;-0.26258;-0.26524;-0.54286;-0.71329;-0.64972;-0.033795;0.19944
27;-0.40781;-0.71078;-0.080842;-0.3944;-0.096496;-0.6381;-0.84709;-0.46919;-0.80689;-0.46973;-0.42702;-0.6016;-0.027041;-0.39994;-0.91607;-0.025293;-0.6729;0.40146;0.58503;0.42092;-1.0557;-0.76261;1.2695;-0.42617;2.0514;-0.68532;1.8762;-0.59199;0.26656;-0.46463;-0.5114;-0.12592;1.2885;0.12081;-0.856;-0.25154;-0.22561;3.0256;1.2245;-0.71231;-0.94507;0.13745;-0.78741;-0.7325;-0.62587;1.5703;3.0052;-0.70699;2.0992;2.5676;-0.64891;-0.06681;-0.49196;4.3082;-0.16285;-0.43641;0.42479;0.69823;-0.85657;-0.15804;-0.38105;0.97385;1.4584;2.9933;-0.56467;-0.73356;-0.65281;0.33727;-0.65541;-0.82734;0.70943;-0.73654;-0.84712;-0.94906;-0.60958;-0.4567;1.3376;-0.49895;-0.91274;0.044857;2.6728;-0.47585;-0.28532;-0.77774;-0.59363;-0.81076;-0.0086143;-0.36597;-0.53401;0.24754;-0.5561;-0.56383;-0.70785;-0.19112;-0.6171;3.6173
28;0.10131;-0.58518;0.82744;0.021408;3.0246;-0.65184;0.037145;-0.012602;-0.69161;0.80635;-0.65296;0.46443;-0.29718;-1.0486;1.0423;-0.39142;-0.47196;-0.78643;1.5353;-0.94887;0.98088;0.09384;1.8881;-0.54403;-0.60119;-0.73855;-0.10763;-0.71586;-0.84048;-0.75672;1.4539;0.9458;0.65043;-0.62741;1.0051;-0.55089;-0.39014;0.45982;-0.66675;0.45278;-0.79911;2.7379;-0.31088;-0.38954;0.015463;-1.0867;-0.47868;1.0565;-0.65194;-0.22578;0.593;-0.42221;-0.76053;-0.38388;0.24335;-0.1134;-0.83946;-0.21357;1.4879;-0.54734;-0.58152;-0.61568;-0.85705;-0.43329;-0.58777;-0.72984;-0.62733;0.17582;-0.28775;-0.053417;-0.71886;-0.56033;1.9991;-0.55677;0.79653;-0.20934;-0.12726;-0.36089;0.71729;-0.79557;-0.73681;-0.013351;-0.52145;-0.77466;0.47684;-0.73596;-0.57242;-0.63368;1.4647;0.25485;0.24582;-0.77484;-0.46699;-0.66429;1.7511;-0.70556
29;0.57618;-1.0128;-0.59303;-0.66405;-0.99344;-0.706;-0.91188;-0.71642;-0.72671;0.24918;-0.93953;1.636;-0.50779;-0.71976;0.18551;-0.79448;0.77178;-1.1511;-0.45333;-0.40735;0.66718;0.78091;-0.11234;0.16068;-0.20437;-1.186;-0.63212;-0.35797;-0.015099;4.8265;0.50726;0.35643;-0.53773;-1.219;2.9453;-1.1193;-0.68212;-0.57489;0.97155;-0.78007;-0.75623;-0.60662;-0.73321;1.95;0.11879;0.03912;-0.8704;-0.75712;-0.64512;-0.66445;-0.63196;1.3392;0.7284;0.84978;-0.44242;-0.45598;0.54054;-0.54227;1.2841;-0.52178;-0.08407;0.11387;-0.15498;-0.71204;-0.67292;-0.28804;-0.18473;-0.46442;-0.72328;-0.11766;0.40831;-0.43623;-0.5568;-0.23822;-0.65416;-0.0062228;3.1382;0.49711;0.94476;-0.8742;-0.25014;-0.80961;-0.12067;-0.47589;-0.69575;-0.81421;-0.26125;-0.44485;-0.35621;-0.53232;-0.54259;-0.7677;-0.46937;-0.61887;1.2366;-0.040113
30;-0.60674;0.61084;0.60506;-0.85822;-0.85894;1.8826;0.28905;-0.60379;1.2157;-0.39355;0.11398;3.5123;-1.0845;0.44203;-0.73646;-0.18889;-0.54206;-1.0455;0.35204;-0.92174;-0.79164;2.0002;0.82107;0.019566;-0.052803;-1.2049;0.48813;2.8009;0.42445;-0.0086026;1.1276;-0.84011;0.44195;1.7243;-1.0298;-1.1867;-0.84659;1.0132;0.3203;1.4657;-0.041638;0.25949;-0.50282;-0.36197;0.05477;-1.0005;-0.57842;0.1843;0.35235;-0.6409;-0.58902;-0.59295;-0.1884;-0.62874;-0.58932;-0.24293;2.1227;-0.73241;-0.65559;-0.54266;-0.39823;-0.76514;-0.6307;-0.10777;-0.44383;0.39449;-0.57883;-0.57717;1.0226;-0.21539;2.5375;-0.19415;1.0617;0.99044;-0.65638;0.70561;-0.65903;-0.46192;-0.92612;1.7994;-0.4692;-0.67325;0.70717;-0.56225;1.76;-0.84282;-0.59674;0.767;-0.22735;-0.28796;0.46234;-0.36876;-0.70103;-0.64271;-0.061854;-0.44741
31;1.3766;-0.37575;-0.31703;0.67914;2.8204;-0.11929;-0.031156;-0.55803;-0.15086;1.7596;-0.73394;0.25876;0.8423;0.11215;0.48262;1.0564;-0.26419;-0.40797;-0.41318;1.4229;-0.89428;-0.76666;-0.7975;-0.82662;-0.17867;-0.76721;-0.93027;-0.73133;-0.95854;-0.22462;0.45703;1.3136;-0.46978;0.10931;0.71477;0.41538;0.50511;-0.86169;1.9723;-0.47586;-0.85434;0.41449;1.7505;-0.12468;-0.44865;2.1606;2.6687;0.77198;0.16216;-0.35761;-0.6804;-0.46694;4.4939;-0.11202;2.3671;-0.50716;0.193;0.58647;-0.53261;-0.5994;3.2014;1.4843;-0.68178;0.11697;-0.13438;-0.7378;0.75912;0.11995;-0.6808;-0.85246;-0.39109;-0.211;-0.79486;-0.45577;-0.65572;-0.079253;-0.65945;0.87979;-0.65788;-0.93683;0.2258;-0.84711;-0.61382;-0.0066987;-0.53494;1.2151;-0.49862;0.81571;-0.30202;-0.73365;-0.33242;1.6304;-0.91762;-0.60212;-0.74183;-0.45499
32;-0.60082;-0.12259;0.14774;4.5873;1.6652;1.2884;-0.46111;-0.58519;-0.86806;0.41626;0.57401;-0.69268;-0.2772;-0.64245;0.61104;0.0039929;2.2322;-0.20598;-0.30874;-0.50105;-0.83855;-0.070334;0.39308;-0.69894;-0.56425;-0.16871;0.26261;-0.48342;0.80751;-0.81958;0.33881;-0.43865;-0.47618;-1.0858;-1.0291;0.062539;-0.52236;1.7368;0.0023732;0.27095;1.3269;3.1972;-0.88859;0.80485;-0.2672;-0.62992;-0.79806;0.70228;-0.45841;-0.6653;0.12653;0.82745;-0.7474;0.57522;-0.49767;-0.17908;1.345;2.6558;-0.74238;-0.13084;-0.25691;0.16072;-0.7098;-0.51677;0.0013796;-0.6207;-0.33031;-0.49042;-0.66043;-0.77524;-0.66453;0.78575;-0.62257;0.74795;-0.65656;-0.74067;-0.4262;1.3942;-0.65838;-0.93735;-0.2672;-0.66929;-0.49093;0.16008;-0.12505;0.21901;-0.214;0.020675;-0.38969;0.61209;4.3922;0.12377;0.42051;-0.23028;-0.68892;-0.64963
33;-0.53905;-0.34464;-0.34662;-0.80663;0.12129;0.84832;-0.26552;-0.042801;-0.75153;-0.44416;1.7466;2.277;-0.26502;-0.8238;-0.58945;0.38951;-0.45901;-0.73735;0.31054;0.042614;-0.32897;-0.90415;-0.10415;-0.5081;-0.64428;0.91591;0.92525;-0.19833;0.33502;-0.050602;0.58759;-0.021298;-0.79545;-1.0292;0.25517;-0.6416;-0.28307;-0.78806;3.0822;-0.2559;-0.093356;-0.8124;-0.60732;4.7684;0.52714;-0.88103;0.45648;-1.0016;-0.3674;-0.70439;-0.53303;-0.088635;1.9174;0.48814;-0.5635;-0.466;-0.23741;-0.74958;-0.69866;-0.39976;-0.68362;-0.64414;1.0838;1.0139;-0.62494;-0.74634;-0.63257;2.7635;1.2129;-0.60093;-0.56412;0.68229;-0.14992;-0.25281;0.70023;-0.62689;-0.69541;0.025343;-0.77084;1.7148;0.84485;-0.84061;-0.11624;-0.78348;-0.48674;-0.84213;-0.71982;-0.13678;-0.73348;-0.7564;-0.11106;2.0486;-0.11001;-0.60467;-0.33954;2.9964
34;-0.94602;-1.0046;-0.2542;0.1746;1.3811;-0.06659;-0.81708;-0.56259;-0.4572;0.002611;1.2103;-0.25778;2.7338;-0.37641;-0.70689;-0.90042;-0.83707;-0.9529;-0.86518;0.91537;-0.41605;-0.68128;-0.3272;-0.31266;-0.55092;-0.9972;-0.19401;-0.21531;2.8491;-0.71862;-0.49874;-0.85258;-0.69851;-0.87229;-0.3781;2.2683;-0.83195;-0.80241;-0.59481;0.18669;-0.10933;0.19613;-0.013519;0.707;-0.44424;-0.76991;-0.50074;0.091211;-0.18085;-0.40906;0.21103;-0.33492;2.0855;1.4263;-0.50544;-0.48609;-0.81773;-0.62375;1.2785;-0.39944;-0.55981;-0.759;0.33557;-0.58294;0.2288;-0.8172;0.47428;-0.53593;-0.024362;1.1251;-0.54296;-0.11475;-0.60752;0.008573;3.0285;-0.31948;-0.68224;0.020266;-0.38762;0.41186;0.75166;0.46217;-0.61117;-0.77131;-0.64714;0.71916;-0.58663;-0.34388;-0.18046;0.41206;-0.15289;-0.36993;-0.88293;0.37603;-0.73678;-0.008102
35;2.0494;-0.92434;1.1564;0.50601;-0.68257;-0.46318;1.7284;-0.31931;2.563;-0.68232;2.1372;-1.089;0.0028881;1.9925;1.241;-0.36816;-0.56746;0.26528;1.1687;-0.41596;0.36324;-0.64116;-0.17109;-0.58926;-0.5842;1.3552;-0.14193;0.47806;-0.18153;-0.043841;-0.72686;-0.69516;-0.97627;0.41644;-0.72878;1.0931;0.30116;-0.15224;1.1687;0.28108;2.0768;-0.92431;-0.1075;-0.077092;0.13525;-1.0127;-0.74174;2.5961;-0.37629;1.1803;-0.24582;0.26803;0.26157;-0.51363;-0.27559;-0.657;0.27035;-0.12578;0.5209;4.8597;-0.64131;-0.027793;0.1602;-0.35396;-0.65706;-0.52377;-0.10254;-0.69301;-0.6422;-0.85209;2.7388;0.41389;0.20474;2.9586;-0.65669;-0.76117;-0.051168;-0.40695;0.71935;-0.3997;1.392;3.474;-0.59451;-0.7178;-0.097145;0.40521;-0.65052;-0.58289;-0.63913;1.163;-0.32764;0.84344;-0.17075;0.19778;-0.73807;-0.70628
36;-0.22103;0.21334;-0.87288;0.73096;0.6739;-0.64634;-0.72079;-0.2591;-0.23584;0.43938;2.8695;-1.0109;0.14784;1.3305;-0.51767;-0.97042;-0.13965;-1.1528;-0.91497;2.7332;-1.032;0.13536;-0.7755;-0.69285;4.3767;-1.1251;-0.14462;0.20757;2.0359;0.56398;1.136;-0.38414;-0.10286;-0.9406;0.06153;0.28814;0.1174;-0.41862;1.085;-0.75611;-0.37885;-0.4791;-0.24162;0.82309;1.0792;0.10484;-0.64063;-0.67857;1.2013;-0.67723;-0.68882;-0.55651;0.30816;0.21958;0.33912;-0.36922;0.040968;-0.29759;-0.54144;-0.48815;-0.63579;0.8807;-0.80559;-0.76165;-0.24533;2.8743;-0.64638;0.37525;-0.21713;-0.81489;1.0839;-0.73799;-0.82849;-0.784;-0.57457;-0.76453;0.94001;-0.405;-0.14551;0.49396;-0.49874;-0.5438;-0.397;1.3157;1.1275;-0.84422;-0.32792;1.5789;1.4029;0.11455;-0.5571;-0.1263;-0.72861;-0.66617;0.568;-0.54027
37;1.1362;-0.60069;1.3146;-0.80328;-0.6436;-0.66337;-0.65536;-0.1601;-0.65724;-0.20182;0.027811;0.24909;1.1919;0.024967;2.0631;-0.6747;0.31054;-0.4031;2.3478;-0.20797;-0.94981;1.9886;-0.58633;-0.14391;-0.4539;-0.20037;-0.33386;-0.33893;-0.3731;-0.11836;-0.38247;1.2901;-0.54787;1.392;2.4205;2.6827;-0.53668;-0.62162;-0.31976;-0.42085;-0.64867;-0.61746;0.20478;0.2028;-0.30966;-0.89852;-0.92931;-0.5343;-0.63106;-0.3489;-0.5372;-0.61864;0.6321;-0.15683;1.3286;-0.57527;0.34463;-0.66634;-0.81542;-0.64272;-0.68322;-0.51283;-0.85665;-0.77272;-0.6642;-0.78022;0.72725;-0.59102;0.41592;0.20755;-0.50181;0.96555;-0.85313;-0.8509;-0.61171;-0.40248;0.15703;-0.61797;1.5475;-0.34885;-0.70229;-0.84911;-0.61602;-0.67757;-0.67353;0.24365;-0.00026448;1.9442;1.4661;-0.88127;-0.54096;-0.40578;1.6186;2.3095;-0.46315;-0.70972
38;0.099222;-1.0705;0.88359;0.023841;-0.40934;-0.74335;1.5654;-0.26676;-0.17852;-0.81455;1.5154;0.029888;0.83634;1.6903;0.50667;1.8353;-0.48056;-0.71216;-0.43252;-0.65032;-1.071;-0.20439;-0.56627;0.87481;-0.61946;-0.4533;-0.82297;-0.63051;-1.005;-0.65452;4.1488;-0.84133;0.81947;0.23088;-0.79523;0.41243;-0.57122;-0.79202;-0.8775;-0.4952;-0.80582;-0.65321;-0.64425;0.070078;-0.9047;1.7515;-0.091133;1.606;0.16202;2.2776;-0.24302;-0.5361;1.1687;4.2673;0.2443;0.046547;1.3527;-0.69507;0.87858;-0.60563;0.24203;-0.15303;0.22158;-0.33078;-0.70073;-0.45877;-0.076515;-0.41545;-0.71688;-0.23669;-0.17841;-0.23079;-0.87367;-0.81669;-0.27318;-0.37946;0.41321;0.54064;1.1639;-0.38983;-0.34809;-0.61097;-0.053742;-0.74242;-0.14385;3.4483;-0.72329;0.47193;-0.7519;-0.87438;-0.39663;-0.29928;-0.86879;-0.60152;2.4719;-0.63505
39;0.72077;-0.32566;-0.29905;-0.88106;-0.085521;-0.47449;1.7885;0.0083069;0.30606;-0.63007;-0.71656;0.073459;-0.46738;-0.74688;-0.86509;-0.63124;-0.53095;-0.5733;-0.7489;0.5399;1.5431;-0.73182;-0.90722;1.3514;-0.35555;0.48487;-0.98863;2.2103;0.57822;0.28711;-0.032107;1.468;-0.95414;0.87795;-0.83465;-0.45141;-0.63671;-0.6858;-0.24681;-0.54604;-0.66762;-0.33283;-0.9406;-0.027288;-0.9902;0.22481;-0.85332;-0.63658;-0.83835;-0.48864;0.052676;-0.44429;-0.58741;-0.47275;-0.40184;0.40556;-0.73406;-0.71;-0.50481;-0.62032;-0.63645;-0.73388;-0.26208;-0.20809;1.4761;-0.61396;-0.48832;-0.20312;-0.22358;2.8832;0.20622;-0.73171;-0.69048;-0.034512;-0.047018;-0.75283;-0.1342;-0.61783;0.3225;-0.56483;-0.40525;-0.45358;0.052563;0.39317;-0.095002;-0.44881;-0.26758;4.0168;-0.45313;-0.32376;-0.56363;0.52741;-0.37354;-0.442;-0.54251;-0.33336
40;-0.93384;0.84132;-0.4042;-0.37452;-0.44502;0.5367;-0.70555;-0.78182;-0.37557;-0.75434;0.46673;-0.41468;2.0089;0.28149;-0.69719;1.1037;-0.68716;0.35841;-0.72826;-0.45327;-0.82382;0.13802;0.67247;0.12958;-0.52986;-1.0527;0.25212;-0.13529;0.78738;-0.67982;-0.69972;0.0044744;2.8554;2.1964;3.5605;-0.50042;-0.87701;0.028647;-0.96043;0.059122;0.35379;-0.45061;1.7708;-0.34644;-0.62284;0.41472;0.30772;1.3793;-0.81923;0.42582;-0.64558;-0.6211;-0.34554;0.3432;-0.59142;-0.63721;-0.31212;-0.6109;0.29436;-0.03378;0.060642;0.050477;-0.86769;1.5736;-0.64822;0.53611;-0.64775;1.1121;0.44105;0.80755;1.542;-0.74402;-0.64656;0.013971;-0.65393;-0.75634;1.0742;-0.38516;-0.74173;-0.87642;-0.015256;-0.80418;-0.55743;-0.62927;-0.70768;-0.064808;1.0382;-0.70975;1.8866;-0.69994;-0.56073;-0.71982;0.23908;-0.47167;0.050004;0.68001
41;-0.79547;0.2536;-0.41848;-0.52928;-0.36743;0.060483;1.3141;-0.4638;-0.047506;-0.72525;-1.0179;-0.62581;-0.80929;-0.39453;-0.23536;-0.53587;-0.72155;-0.40863;-0.7984;-0.49664;-0.04882;0.5044;0.76033;-0.47261;-0.64619;2.728;-0.19768;-0.71608;1.6604;-0.027551;-0.86759;-0.45388;-0.20771;-0.46057;-0.44476;0.0079361;-0.88621;-0.12292;-0.90857;-0.79796;1.0603;2.8791;-0.88286;0.88794;2.5266;0.18894;-0.37789;-0.40834;1.3842;-0.68044;-0.48981;-0.59135;1.7056;-0.36091;-0.48847;-0.46538;-0.61301;-0.37504;-0.5454;-0.62121;0.26894;-0.68092;-0.50363;-0.73133;-0.70072;-0.17879;-0.51486;-0.73188;-0.72036;-0.043451;-0.03942;-0.68915;0.050745;-0.29941;-0.30714;0.76941;0.2118;-0.61883;0.51398;-0.93371;-0.74508;1.694;-0.34964;2.8031;-0.31633;-0.37436;-0.56815;1.6653;0.44351;-0.24209;-0.56093;-0.10468;1.3898;4.2998;-0.70153;-0.038761
42;0.37915;1.5207;0.5152;0.41115;-0.3259;-0.5493;1.0007;0.48548;0.073685;-0.10452;0.65309;-0.82746;1.0037;0.021382;-0.72265;-0.92714;-0.84788;0.72885;-0.17184;2.1434;0.34704;-0.64758;0.07386;-0.79541;-0.7112;0.42393;-0.86144;-0.87915;0.26312;-0.33195;-0.38872;-0.45931;-0.98248;-0.27785;-0.95428;-1.1245;-0.6584;-0.83539;0.025749;-0.79248;-0.058472;-0.92206;0.35507;-0.96789;0.032355;-0.28834;-0.87044;0.72704;-0.73438;-0.67459;-0.088857;-0.10924;-0.68856;-0.48639;-0.44849;-0.628;1.6616;-0.59337;-0.30258;-0.63821;-0.34576;0.67043;0.039075;-0.66794;0.060176;-0.81824;-0.61591;-0.25755;-0.70199;-0.4791;-0.6721;-0.73454;0.56527;0.59959;-0.50935;1.9906;-0.69097;1.2033;-0.9374;0.8536;-0.74268;-0.84882;0.34121;0.39543;-0.31605;-0.044452;0.35619;-0.60206;-0.57637;1.4615;-0.5276;-0.73882;-0.94754;0.34025;-0.74491;-0.62953
43;-0.65058;1.3304;-0.4621;-0.60436;1.7281;4.2263;-0.48732;-0.4491;-0.072774;0.15376;1.2564;0.48431;-0.82306;1.6289;0.071605;0.23402;-0.7631;1.5639;-0.50675;0.41923;0.23246;0.14382;-0.83502;1.1013;0.90746;-1.0682;2.5884;-0.65853;1.5368;0.15959;-0.83208;0.13442;3.807;-1.0419;0.24834;2.0629;1.4362;2.4974;-0.41243;0.47832;-0.69321;1.4881;-0.1232;0.043844;-1.0342;0.088663;-0.84244;3.7401;-0.83637;-0.54318;-0.57712;-0.62073;-0.74164;-0.63122;-0.50783;-0.44759;-0.59114;0.69494;-0.77556;-0.62685;-0.13613;-0.75694;-0.83804;-0.39807;0.07058;-0.79458;-0.17521;0.51089;0.51164;-0.0075282;-0.64206;1.8937;1.0409;0.020419;-0.49149;-0.76473;-0.32806;-0.61862;-0.87934;0.94559;-0.57107;-0.54369;0.25602;-0.54605;-0.22967;0.88219;0.15343;-0.11847;-0.73367;0.36192;-0.48968;-0.74449;-0.13367;-0.66816;1.8008;-0.28718
44;4.5309;0.34322;-0.68035;-0.54715;-0.99118;-0.52867;-0.22817;0.14205;-0.44758;-0.52418;-0.4997;-1.0141;-0.76716;-0.24233;-0.87853;1.4602;3.14;0.52684;-0.28624;-0.81397;-0.98772;-1.0285;-0.049531;-0.28239;0.039893;0.79536;0.84817;-0.64685;-1.002;-0.65948;-0.95217;0.57477;-0.82997;-1.1068;-0.86861;0.49728;0.98206;-0.55385;-0.96752;0.64082;-0.2249;-0.94863;-0.29947;0.011532;-0.50853;0.93982;-0.68204;-0.76015;-0.37541;-0.60345;-0.16553;-0.60635;-0.76187;-0.18851;-0.59192;0.53762;0.15123;-0.43226;0.17109;-0.38821;-0.4463;-0.52541;0.35587;0.99274;-0.56753;-0.70276;-0.18752;-0.53025;-0.69162;0.66356;-0.34672;-0.71025;1.33;0.24539;-0.52954;1.282;-0.69711;-0.58135;-0.68414;1.0045;0.6024;1.5982;0.15427;0.28039;0.15745;-0.61255;-0.17616;-0.77676;-0.72805;-0.046597;0.024316;-0.77472;-0.7514;0.80251;-0.73776;-0.585
45;0.90094;-0.15214;-0.56264;1.0618;0.35967;-0.55984;-0.984;0.35282;0.32965;-0.29765;-1.1957;0.42085;-0.96194;-0.84308;1.4173;-0.7973;-0.516;-0.36727;2.0911;-0.082972;2.122;-0.37414;-0.68666;-0.19435;0.55882;1.1579;1.3951;0.042631;-0.57588;0.86727;0.61384;-0.54809;-0.59116;-0.4406;0.36982;-0.78638;-0.37691;-0.42231;-0.8027;-0.24508;0.11499;-0.72595;-0.58011;-0.36214;-0.61418;1.706;0.73637;0.9622;-0.76468;-0.70966;0.51211;0.19195;-0.17754;0.087499;-0.19607;-0.54527;-0.8274;-0.75988;-0.65918;-0.59097;-0.68185;4.4543;0.48066;-0.11284;0.34721;-0.021607;0.36414;-0.73765;-0.547;-0.80846;-0.70668;0.79447;-0.14901;-0.7016;-0.0054705;1.4692;0.40854;1.5713;1.3318;-0.81416;-0.74622;0.11517;-0.50265;-0.63276;0.12071;-0.033931;-0.6971;-0.78314;-0.78405;0.1265;1.2372;-0.6609;-0.92467;-0.668;-0.027808;0.26453
46;-0.81372;0.64527;-0.20339;1.4154;-0.85336;0.64759;-0.6473;0.40115;-0.69962;-0.71686;1.1172;-0.33904;0.88556;0.43236;-0.408;-0.70849;0.4033;-0.52261;0.2638;-0.16614;-0.96038;2.5803;3.3503;4.1247;-0.30911;-1.0419;-0.0089584;0.059231;-0.96292;-0.74113;-0.84353;-0.29281;0.12984;-0.21435;-1.0368;1.4301;-0.88869;-0.55198;0.054449;2.2172;0.04088;-0.84041;0.30269;-0.41718;-0.66158;-1.074;-0.97185;-0.69922;-0.74614;-0.71941;-0.37341;-0.6203;-0.40055;-0.60012;-0.57425;-0.56878;-0.76385;-0.67046;-0.87979;0.37515;-0.30886;2.172;1.1868;-0.0085933;0.16118;0.13233;-0.62695;-0.64242;-0.49685;-0.58973;-0.71788;-0.31174;-0.77035;1.323;-0.33234;-0.67505;-0.52226;-0.51176;-0.5057;-0.67593;-0.71445;-0.82113;-0.59024;2.0636;-0.60817;-0.36972;-0.37486;2.6418;-0.28484;-0.053155;-0.30908;1.7736;-0.22588;-0.0062259;0.36265;-0.017923
47;0.048273;0.78459;-0.30016;0.78896;-0.94732;0.20106;-0.58443;0.16134;-0.72215;-0.58643;0.90982;0.059891;-0.52948;-0.38047;-0.39666;-0.57355;-0.031569;0.37936;0.095717;-0.95281;-0.9427;-0.19214;-0.96591;3.7026;-0.65259;1.9816;-0.75282;0.026198;1.9629;-0.61481;-0.41704;-0.14646;0.3036;-0.74889;-1.0036;0.98015;-0.46543;-0.25257;-0.51717;-0.061317;-0.79782;1.6294;0.22848;-0.42259;-1.112;-0.33262;1.0049;-0.75144;-0.2775;-0.13528;1.6083;0.14802;-0.36021;-0.50826;-0.27524;0.19815;-0.41284;0.18415;-0.59934;1.8403;-0.68284;-0.74597;0.19396;-0.15582;-0.56931;-0.3968;-0.62928;-0.68906;-0.38259;-0.50936;-0.67726;-0.6877;0.34003;0.01154;0.23244;-0.68619;-0.50806;-0.5921;-0.056829;3.1251;-0.41688;-0.48933;-0.049423;1.0592;1.92;-0.75349;-0.094396;-0.62845;-0.50194;-0.87957;-0.41724;2.3257;2.1562;0.071128;-0.5218;-0.011285
48;1.4075;0.019571;-0.15206;-0.49176;-0.99638;-0.76812;-0.62109;-0.63264;-0.69967;0.42025;-0.1428;0.97251;-1.1066;0.10753;-0.80074;-0.39731;0.15183;0.57492;-0.93749;-1.0983;-0.11499;-0.92039;-0.79548;-0.15109;0.15804;1.5331;1.511;0.063231;0.30193;0.79721;0.9084;1.2274;0.72997;1.823;-0.016249;-0.86727;1.0593;0.3378;1.5456;-0.75348;0.15716;-0.53357;0.042799;-0.53138;-0.71051;-0.99734;-0.54017;-0.34879;1.4477;4.0696;-0.68789;-0.50281;0.90739;-0.48729;-0.58397;-0.62852;0.48318;-0.22476;1.6403;1.6806;-0.37339;-0.74472;-0.70669;-0.49493;-0.63266;-0.62503;1.2952;1.938;-0.72223;-0.28236;-0.62365;-0.083337;-0.39411;-0.94385;-0.55165;-0.15233;0.098883;-0.61211;-0.95004;1.0077;-0.72126;-0.76171;-0.57631;-0.4744;-0.36969;-0.69528;1.0059;-0.30579;0.11362;2.0522;-0.37257;-0.55146;-0.1359;3.0268;-0.51867;-0.71381
49;-0.5123;-0.55778;-0.56267;-0.26483;0.051863;0.63293;-0.22489;2.9494;-0.87673;-0.095746;-1.1087;-0.90128;-0.29665;0.28841;-0.36645;-0.19152;-0.30058;-1.0598;-0.89686;0.83214;-1.0069;-0.85055;-1.002;-0.73667;-0.63481;0.059709;-0.45182;-0.62374;-0.80466;1.6094;-0.62204;0.40891;3.3331;0.26503;-0.25888;-0.13711;-0.60064;1.2969;-0.647;-0.23694;0.079078;-0.91777;-0.35689;1.7189;-0.83421;-0.49254;0.32723;-1.0618;-0.02647;-0.56539;4.4968;0.35484;-0.73147;-0.062985;-0.58436;-0.61558;0.011766;-0.745;-0.3682;-0.54731;0.42128;-0.71633;-0.17007;0.43022;-0.51417;0.45541;2.3505;-0.20066;-0.62595;-0.61997;0.39522;-0.54781;-0.90484;2.3202;0.19341;-0.54083;-0.69832;-0.54617;-0.80145;1.2147;-0.35469;-0.48456;-0.32791;3.5083;-0.55969;-0.36084;-0.70878;-0.55576;4.4591;0.018015;0.0060985;-0.54278;2.5387;0.31791;-0.21657;-0.61109
50;-0.87418;-0.97806;4.9378;0.5827;-0.13987;3.6381;1.3311;-0.47826;0.74985;0.032099;-1.1505;0.069438;-0.62721;-1.0972;-0.24909;-0.77397;0.55974;-0.035796;0.85874;-0.49979;-0.14339;1.2769;-0.92278;0.1836;-0.49914;0.059278;2.8663;1.7914;-0.95461;-0.45973;-0.79069;0.4407;-0.97122;-0.69496;-0.88037;0.9054;-0.54702;-0.75893;0.37307;-0.72329;-0.7405;-0.43243;0.75476;-0.7914;0.88393;1.8153;-0.094753;1.7826;-0.43231;0.64669;-0.62388;-0.61063;-0.47154;-0.58071;0.3172;-0.1643;-0.20711;-0.48339;0.29304;-0.1258;-0.23693;0.22262;-0.34729;-0.69795;-0.68378;0.097343;-0.59363;-0.041095;-0.68436;0.021569;1.2325;3.0169;-0.84174;1.1105;3.5801;-0.5232;-0.55687;-0.60524;2.7105;-0.50836;-0.64661;-0.83433;-0.13495;-0.76887;4.7554;-0.79911;-0.69542;-0.60816;-0.43871;-0.59849;1.1987;-0.016922;0.016158;1.1232;2.572;-0.67633
PARTICULAR
GAIN
3
