TITLE;72 random variables, variable gain
FOCUS ON;
EXPERIMENT TYPE;SingleAmongManyVaryingGain
PARAMETERS
normalization;Standard
pcaRecompositionThreshold;0.95
component;1;2
type;RandomPearson;RandomPearson
p1;3;1
p2;0;0
RESULTS
COMMON
distance
which;Manhattan(Average);Manhattan(GeometricAverage);Manhattan(Median);Manhattan(Minimum);Manhattan(MinimumTimesMedian);Manhattan(Summation);Euclidean(Average);Euclidean(GeometricAverage);Euclidean(Median);Euclidean(Minimum);Euclidean(MinimumTimesMedian);Euclidean(Summation)
plain;0.97245;0.97054;0.97273;0.81288;0.79071;1191.3;0.16718;0.16601;0.16671;0.1177;0.019622;204.8
PCA;0.9724;0.97048;0.97281;0.81199;0.78991;1191.2;0.1672;0.166;0.16656;0.11806;0.019664;204.82
DE00;1.0035;0.99878;1.0032;0.85567;0.84068;1228.8;0.33134;0.31178;0.31274;0.14739;0.037465;401.69
DE01;1.0033;0.99997;0.99608;0.85177;0.83778;1223.8;0.31396;0.29703;0.29692;0.14503;0.039832;380.68
DE02;1.0028;1;1.0032;0.84396;0.83728;1229.6;0.30941;0.29867;0.28777;0.14724;0.035264;372.75
PCA
weights;0.013932;0.014195;0.014152;0.014143;0.013782;0.013887;0.014108;0.013634;0.013545;0.013575;0.013836;0.013929;0.014271;0.013766;0.013973;0.014217;0.014343;0.01344;0.013509;0.014211;0.013646;0.013948;0.013928;0.013989;0.01343;0.013882;0.01361;0.014041;0.013511;0.014202;0.014036;0.013863;0.013507;0.013645;0.013483;0.013891;0.013738;0.013822;0.014086;0.013729;0.014114;0.013624;0.013054;0.014254;0.013713;0.013691;0.014191;0.013639;0.013833;0.013838;0.014416;0.013715;0.013666;0.014012;0.013408;0.014206;0.014291;0.013924;0.01329;0.013503;0.014084;0.014147;0.01422;0.013815;0.013882;0.014208;0.014093;0.014062;0.014214;0.014014;0.014055;0.014393
differential evolutions parameters, by distance type
i;dDE / dP;distance;type;parentWeight;crossover;population;iterations;distance;weights ->
1;1.0319;1.0035;2;0.85;0.5;50;50;Manhattan(Average);0.044478;0.012329;0.044442;0.044064;0.04321;0.0027203;0.026694;0.039111;0.00011411;0.03388;0.015104;0.0011372;0.0012287;0.00049842;0.038839;0.004537;0.005629;0.035639;0.0029365;0.00013215;0.002416;0.0006785;0.038155;0.0053527;0.012006;0.0041361;0.0050668;0.029351;0.009331;0.00087637;0.039125;0.0049164;0.0011929;0.0033;0.0022115;0.037022;0.002087;0.0011101;0.0015569;0.0070018;0.010399;0.00096032;0.0068305;0.032438;0.010274;0.0079118;0.014368;0.0080322;0.0040334;0.031378;0.0024186;0.042214;0.00061376;0.0043896;0.039017;0.0025341;0.003748;0.00014363;0.0021085;0.010737;0.020388;0.0015472;0.04314;0.0022097;0.0075684;0.0012332;0.00023877;0.042959;0.0027155;0.037112;0.0019241;0.00079955
2;1.0317;1.0033;2;0.85;0.5;50;50;Manhattan(Average);0.040595;0.0053577;0.034077;0.040767;0.040588;0.0014844;0.025297;0.022962;0.0025403;0.039386;0.039188;0.00034924;0.00014432;0.00073047;0.035369;0.0015325;0.0024206;0.039812;0.0026544;0.0021229;0.00081976;0.0029604;0.021372;0.0095418;0.013945;0.0028723;0.0026369;0.021875;0.036592;0.0015473;0.038933;0.0012334;0.00033171;0.0027122;0.0020884;0.019255;0.0027105;0.040635;0.00038604;0.017094;0.0056565;0.018098;0.00023304;0.039222;0.012577;0.012075;0.029063;0.0018809;0.0089486;0.039398;0.0024554;0.0082759;0.00061981;0.0028485;0.026027;0.0034293;0.002548;0.00065049;0.0034724;0.00381;0.0017132;0.00021943;0.037336;0.0011691;0.03214;0.004989;0.0010294;0.039824;0.0023084;0.039492;0.001537;3.7976E-05
3;1.0312;1.0028;2;0.85;0.5;50;50;Manhattan(Average);0.041083;0.0054019;0.026508;0.028127;0.038592;0.0030032;0.0016255;0.041177;4.8475E-05;0.038771;0.0011907;0.0015747;0.00019911;0.00022446;0.037672;0.0026462;0.00073087;0.033048;0.0014514;0.012827;0.0067782;0.00029664;0.0079426;0.022334;0.0047405;0.0037769;0.00028822;0.036547;0.028582;0.0027241;0.031511;0.001065;0.0018209;0.0011206;0.0049807;0.030466;0.036507;0.010844;0.0012588;0.033411;9.5712E-05;0.011321;3.635E-05;0.027787;0.0026148;0.028349;0.038624;0.00031375;0.020519;0.040777;0.0023954;0.0026223;0.0024153;0.005972;0.036091;0.0044717;0.0083041;0.00089259;0.00035798;0.034355;0.018211;0.0010144;0.035526;0.00013588;0.013189;0.00070564;0.0038121;0.035842;0.00090934;0.038065;0.0011364;0.0002384
4;1.0291;0.99878;2;0.85;0.5;50;50;Manhattan(GeometricAverage);0.040185;0.0016614;0.038034;0.038573;0.040921;0.0031346;0.0091964;0.028205;0.003805;0.034739;0.0052018;0.0001133;0.0011487;0.0034339;0.039195;0.00045848;0.00051494;0.03881;0.012119;0.00034625;0.00012758;0.0017134;0.027843;0.029374;0.011028;0.002887;0.001308;0.035961;0.015637;0.0031863;0.032648;0.0038634;0.0018923;3.5135E-06;0.0010763;0.017485;0.0042116;0.0018387;0.002264;0.020459;0.030526;0.017053;0.00032613;0.021568;0.0053086;0.0096134;0.039788;0.0030043;0.029741;0.041405;0.00062061;0.022003;0.0012105;0.0069121;0.0093673;0.0041646;0.00060683;0.00028533;0.0046093;0.030163;0.039349;0.0042654;0.023121;0.00052255;0.0020037;0.0023329;0.00016333;0.038846;0.0035656;0.024458;0.027859;0.00063549
5;1.0303;0.99997;2;0.85;0.5;50;50;Manhattan(GeometricAverage);0.041848;0.0095049;0.034186;0.040569;0.043323;0.0051977;0.0052637;0.028925;0.00044188;0.043187;0.0063759;0.00099203;0.00050292;0.00051515;0.040034;0.0039363;0.029409;0.041549;0.01241;0.0060969;0.0049268;0.00049311;0.015289;0.028294;0.0070659;0.012644;0.0010986;0.04304;0.0029619;0.0012491;0.029933;0.0011588;0.00078643;1.628E-05;0.0051944;0.032525;0.0086947;0.019444;0.0011821;0.0076018;0.0065656;0.0017314;0.001183;0.021521;0.017275;0.0026412;0.023106;0.010095;0.02179;0.03897;0.0024383;0.0062151;0.0017104;0.0034142;0.041274;0.012548;0.0050794;0.0077198;0.0061129;0.033616;0.025733;0.00037778;0.011782;0.0006248;0.0067529;0.00040171;0.00062087;0.04132;0.0026837;0.022289;0.003396;0.0011443
6;1.0304;1;2;0.85;0.5;50;50;Manhattan(GeometricAverage);0.041476;0.0045175;0.03981;0.036621;0.042208;0.00061514;0.022251;0.035003;0.0055147;0.04005;0.002363;0.0044999;0.0011926;0.00011938;0.038719;0.0015456;0.014676;0.041033;0.0028099;0.003111;0.0054904;0.000196;0.029066;0.01931;0.0023663;0.0057988;0.0034151;0.01739;0.0072509;0.00375;0.039717;0.0091166;0.00095853;0.00072145;0.0043127;0.012248;0.0010345;0.03701;0.0066193;0.0023667;0.0042013;0.019897;0.0028546;0.031683;0.0014073;0.039206;0.036803;0.001055;0.019851;0.039968;0.0025264;0.010124;0.00048111;0.0014992;0.030669;0.00059644;0.0036047;0.0017032;0.0029961;0.018535;0.036392;0.0024595;0.022628;0.00015081;0.0086538;0.001062;0.0031371;0.032484;0.00053517;0.024755;0.011329;0.00047712
7;1.0478;0.85177;2;0.85;0.5;50;50;Manhattan(Minimum);0.024697;0.021313;0.010411;0.019679;0.024605;0.01345;0.014065;0.021394;0.0027852;0.018223;0.018208;0.014637;0.0072348;0.0018361;0.021686;0.008869;0.021002;0.016341;0.015461;0.023897;0.024467;0.0078105;0.0028957;0.021762;0.015079;0.011645;0.0063984;0.014001;0.016062;0.021945;0.024191;0.018657;0.0091544;0.013097;0.0076694;0.020113;0.01461;0.0089997;0.0044221;0.021999;0.013179;0.017216;0.0038069;0.0052335;0.011817;0.0035177;0.017086;0.0070564;0.0048246;0.01509;0.0067291;0.0051039;0.023687;0.022534;0.020232;0.014511;0.015655;0.014288;0.019517;0.018173;0.0041752;0.012279;0.011537;0.0030911;0.022133;0.004383;0.0092904;0.0061799;0.01794;0.023549;0.015042;0.0063707
8;1.0526;0.85567;2;0.85;0.5;50;50;Manhattan(Minimum);0.016389;0.01975;0.018335;0.017057;0.025238;0.017097;0.021983;0.0023129;0.0090214;0.017958;0.023503;0.016376;0.0033882;0.0076952;0.016485;0.0075773;0.022503;0.012158;0.018259;0.019691;0.0073254;0.014951;0.011131;0.016106;0.020426;0.0055896;0.0090538;0.016641;0.011302;0.0076721;0.011569;0.012548;0.0007516;0.012588;0.0069923;0.024804;0.0016531;0.013132;0.0077125;0.016448;0.012271;0.014674;0.0073754;0.011212;0.022418;0.018182;0.015859;0.00363;0.020594;0.014757;0.007686;0.015559;0.016479;0.020861;0.01574;0.023533;0.013529;0.023841;0.024149;0.024999;0.012467;0.018964;0.01299;0.0051896;0.015146;0.0025095;0.0062579;0.021879;0.0048688;0.017515;0.0031609;0.01053
9;1.0382;0.84396;2;0.85;0.5;50;50;Manhattan(Minimum);0.0215;0.020711;0.023352;0.013933;0.010007;0.012969;0.013849;0.001388;0.0079111;0.012356;0.019773;0.024843;0.0039549;0.0029455;0.024868;7.8059E-05;0.023335;0.016495;0.0094014;0.017767;0.010207;0.0094836;0.016912;0.0056618;0.0063784;0.020228;0.0085213;0.020491;0.021726;0.023044;0.010004;0.018191;0.0041736;0.015097;0.0086009;0.00041834;0.018512;0.0088812;0.012223;0.01239;0.024382;0.014569;0.0058527;0.0088507;0.0097298;0.014263;0.019031;0.011205;0.021067;0.0076297;0.020307;0.018156;0.0099997;0.016497;0.020924;0.019262;0.012857;0.012291;0.022346;0.024148;0.022405;0.016737;0.0076541;0.01371;0.010532;0.0058816;0.0063931;0.02378;0.013267;0.020748;0.00087356;0.012069
10;1.0314;1.0032;2;0.85;0.5;50;50;Manhattan(Median);0.033115;0.001528;0.027463;0.032823;0.031211;0.010651;0.031798;0.029468;0.0082673;0.0077172;0.026227;0.00053146;0.0008692;0.0026599;0.031898;0.0059353;0.023084;0.016445;0.0012568;0.0022264;0.012152;1.4602E-05;0.031836;0.028101;0.002448;0.03016;0.026346;0.025648;0.026787;0.0056846;0.030496;0.0096801;0.011272;0.011;0.00081481;0.017075;0.0016717;0.0023572;0.0028233;0.019437;0.016633;0.031418;0.0037484;0.02621;0.020048;0.0063458;0.019177;0.0016738;0.0018506;0.032014;0.0031812;0.018529;0.0013825;0.010715;0.032572;0.0006873;0.018756;0.0039951;0.0044075;0.016985;0.026224;0.0030534;0.010838;0.00013198;0.0086901;0.0090649;0.00464;0.029463;0.0078849;0.0036777;0.0030335;0.0019886
11;1.024;0.99608;2;0.85;0.5;50;50;Manhattan(Median);0.02665;0.0048731;0.026395;0.026335;0.022069;0.014054;0.0032734;0.02911;0.0040629;0.025394;0.014319;0.013807;0.0055847;0.0071605;0.019432;0.022041;0.011244;0.022561;0.011423;0.0022204;0.0060736;0.0026188;0.021507;0.0056187;0.0022813;0.01854;0.024;0.023463;0.023543;0.012531;0.020827;0.027307;0.018268;0.0055374;0.0051594;0.0076429;0.0071656;0.0080574;0.019267;0.019105;0.0064747;0.010998;0.013231;0.021427;0.021573;0.016515;0.015278;0.014534;0.0039002;0.02193;0.0037647;0.0070937;0.0023442;0.012882;0.026398;0.0005597;0.019205;0.0016173;0.014136;0.020571;0.019694;0.0027698;0.017721;0.00076596;0.023534;0.0055108;0.016029;0.021471;0.010449;0.010911;0.025102;0.0010916
12;1.0313;1.0032;2;0.85;0.5;50;50;Manhattan(Median);0.031951;0.0085435;0.037877;0.018491;0.006872;0.015683;0.03011;0.036767;0.019818;0.035218;0.00042645;0.00014093;0.0063461;0.0017434;0.022521;0.0094411;0.0077668;0.038059;0.020923;0.005893;0.0023409;0.0006568;0.038806;0.038195;0.0036785;0.02537;0.0011793;0.036222;0.013909;3.0017E-05;0.0024941;0.017812;0.0038059;0.0026263;0.00058082;0.002809;0.00035683;0.0041813;0.0013295;0.029282;0.004575;0.0024646;0.004215;0.038888;0.036454;0.0069842;0.0013808;0.00075732;0.00018259;0.029691;0.0048349;0.00099465;0.008579;0.001807;0.037437;0.013105;0.0022394;0.00084345;0.0043867;0.020372;0.027377;0.011125;0.036148;0.0032993;0.030311;0.016833;0.0064447;0.029021;0.0044863;0.029438;0.0030608;0.002009
13;1.0632;0.84068;2;0.85;0.5;50;50;Manhattan(MinimumTimesMedian);0.019075;0.015932;0.017298;0.024317;0.028516;0.0081211;0.0030332;0.0052249;0.0061066;0.021033;0.018123;0.018181;0.016287;0.016003;0.017353;0.0089479;0.024504;0.025114;0.010063;0.023217;0.019648;0.001106;0.010385;0.0062086;0.0042975;0.018797;0.012689;0.011318;0.012457;0.011893;0.027501;0.015605;0.010348;0.0057278;0.016027;0.02194;0.010004;0.025884;0.0076976;0.027864;0.0095104;0.011285;0.00070237;0.009753;0.0040379;0.015482;0.018645;0.018166;0.0169;0.0077636;0.0052551;0.0083114;0.02036;0.0038153;0.025375;0.022939;0.0068049;0.017101;0.02465;0.02958;0.010474;0.0034485;0.010401;0.0075896;0.010251;0.0053855;0.00058467;0.021968;0.020977;0.024208;0.00023829;0.0041912
14;1.0595;0.83778;2;0.85;0.5;50;50;Manhattan(MinimumTimesMedian);0.022469;0.024478;0.017854;0.02698;0.023676;0.0071562;0.02131;0.023809;0.0037097;0.0198;0.013917;0.017262;0.0011791;0.013618;0.015539;0.0089623;0.024148;0.014536;0.014768;0.0083433;0.0031563;0.013663;0.021711;0.0075973;0.0169;0.0059288;0.014221;0.0067533;0.021525;0.0023563;0.026145;0.010869;0.0027714;0.0044463;0.0029317;0.010502;0.022936;0.022726;0.013125;0.022919;0.0033702;0.013552;0.0027051;0.01547;0.011089;0.013527;0.018809;0.0031943;0.015147;0.0040399;0.0077021;0.011531;0.0086165;0.018938;0.016704;0.0080867;0.011896;0.018886;0.019998;0.015784;0.021461;0.0079945;0.022925;0.0059833;0.017907;0.0084537;0.024079;0.02011;0.0071807;0.027569;0.01595;0.0046424
15;1.0589;0.83728;2;0.85;0.5;50;50;Manhattan(MinimumTimesMedian);0.01897;0.021554;0.024884;0.011375;0.0225;0.0052718;0.0094073;0.0084231;0.015586;0.014114;0.016472;0.020799;0.0082921;0.00052631;0.013107;0.010111;0.017869;0.019778;0.01231;0.015936;0.013302;0.0071896;0.012773;0.016381;0.018803;0.0039886;0.0033894;0.006519;0.010813;0.0070006;0.021992;0.012961;0.0077181;0.0056864;0.016943;0.014247;0.012765;0.023147;0.0077517;0.021135;0.013212;0.014864;0.0048515;0.017235;0.013124;0.014221;0.018688;0.007619;0.019921;0.017007;0.0020917;0.013948;0.013722;0.014256;0.020316;0.019816;0.013505;0.018742;0.01347;0.022935;0.0099574;0.0075281;0.016194;0.016688;0.023427;0.01551;0.0067523;0.019813;0.014984;0.016018;0.0017295;0.026063
16;1.0315;1228.8;2;0.85;0.5;50;50;Manhattan(Summation);0.039057;0.00032404;0.04015;0.035433;0.04032;0.00033418;0.01354;0.032852;0.00091441;0.038817;0.012743;0.00023415;0.00016686;0.00088018;0.036988;0.0014846;0.0013212;0.040393;0.0048367;0.0043161;0.0068562;0.0016879;0.02805;0.0060893;0.0055644;0.022005;0.00048081;0.037666;0.0027604;0.004919;0.031642;0.0041263;7.3613E-05;0.00018128;0.00076589;0.018079;0.00073817;0.039736;0.00019386;0.038848;0.020467;0.0023838;0.00099275;0.014318;0.028343;0.024862;0.0068021;0.0077788;0.013676;0.035849;0.0011044;0.0045477;0.0029912;0.0018315;0.029748;0.024395;0.0022004;0.0012747;0.00068226;0.0060795;0.037347;0.00069083;0.039925;0.0012587;0.012181;0.00025184;0.0015137;0.039224;0.0052737;0.035833;0.00048396;0.00012298
17;1.0273;1223.8;2;0.85;0.5;50;50;Manhattan(Summation);0.033904;0.0023127;0.032326;0.033468;0.027849;0.0001151;0.025791;0.026037;0.011324;0.032223;0.027281;0.004071;0.00013789;0.0032564;0.033392;0.0065406;0.0082002;0.031381;0.024419;0.02734;0.0031643;0.0043831;0.020246;0.029063;0.00072628;0.0049596;0.0059991;0.029246;0.0059212;0.00045513;0.033437;0.005656;0.0002833;0.00017247;0.006264;0.026602;0.0001363;0.013743;0.00030016;0.028888;0.0028582;0.031631;0.00127;0.019068;0.0012663;0.023742;0.025816;0.00094961;0.0098042;0.032312;0.00057253;0.030203;0.0029399;0.00062047;0.02312;0.0022661;0.0026693;0.0015574;0.00039876;0.0051147;0.03341;0.0069459;0.026506;0.00051926;0.032989;0.00046484;0.0035413;0.0294;0.00042366;0.033636;0.0020411;0.00092794
18;1.0322;1229.6;2;0.85;0.5;50;50;Manhattan(Summation);0.04005;0.00074045;0.036902;0.038523;0.037651;0.0024033;0.01433;0.031014;0.00042767;0.032678;0.0049895;0.00087158;0.00010571;1.9867E-06;0.039493;0.0027956;0.0025745;0.033351;0.0037955;0.0091375;0.005828;0.00026681;0.039098;0.033509;0.0012817;0.0047968;0.0008139;0.037878;0.00015948;0.0049478;0.03281;0.001864;0.00089654;0.0064826;0.00082127;0.038038;0.0075041;0.0028155;0.0011205;0.034314;0.0023948;0.0050442;4.5514E-05;0.036119;0.0008731;0.026842;0.039438;0.011529;0.013809;0.037545;0.00082111;0.0067478;0.00037707;0.00090002;0.0392;0.0054555;0.005733;0.0037718;0.00012664;0.026901;0.035997;0.0046724;0.021097;0.00028855;0.0076891;0.00013199;0.00029148;0.029864;0.0057353;0.039241;0.003825;0.0004111
19;1.8779;0.31396;2;0.85;0.5;50;50;Euclidean(Average);0.069546;0.0014909;0.0024526;0.00016725;0.0015262;0.0033659;0.00021673;0.00532;0.0011744;0.0071336;0.0015753;0.0010822;0.004389;0.00095358;0.04679;0.039227;0.063799;0.0077285;0.0015409;3.3414E-05;0.0010963;0.0059383;0.0013798;0.070651;0.022753;0.0013699;0.00020876;0.062403;0.012153;0.0032935;0.0011988;0.00050714;0.0029509;0.0011249;0.011113;0.00038589;0.01031;0.0014728;0.0080721;0.069541;0.00013806;0.0018411;0.069184;0.0023166;0.003202;0.00063733;0.0053924;0.0075562;0.0022826;0.067461;0.00066221;0.0049587;0.00050946;0.0052306;0.0027209;0.004697;0.0089564;0.00038278;0.0025934;0.0055145;0.0091478;0.0020681;0.007255;0.0048149;0.068459;0.00045813;0.0076264;0.070193;0.0070718;0.0065516;0.070265;0.0024162
20;1.9819;0.33134;2;0.85;0.5;50;50;Euclidean(Average);0.0011597;0.062527;0.068652;0.070743;0.00099159;0.01786;0.002521;0.00096637;0.073484;0.0014179;2.2884E-05;0.071985;0.0039369;0.0016806;0.066475;0.04446;0.0024543;0.073117;0.0010869;0.0041767;0.001626;0.0056439;0.069175;0.00033072;9.9498E-05;0.0010401;0.0008843;0.00017042;0.00049521;0.0015166;0.0038971;0.072397;0.0082854;0.00057667;0.0016333;0.00020991;0.0038206;0.0079248;0.0043488;0.00018177;0.00012181;0.00020985;0.001452;0.00059243;0.0012237;0.0013735;0.0032989;0.0028911;0.0011832;0.070785;0.023597;0.0056023;0.0030605;0.0039479;0.0018771;0.0054765;0.0025022;0.0038394;0.0053443;0.00079372;0.0021578;0.0035493;0.0031865;0.0026588;0.0011948;0.0011503;0.0011773;0.004324;0.0049228;0.072933;0.0085017;0.0010963
21;1.8507;0.30941;2;0.85;0.5;50;50;Euclidean(Average);0.0064561;0.0029829;0.002124;0.076836;0.037494;0.0052522;0.0040764;0.079667;0.00084286;0.00019576;0.007713;0.0098622;0.0028231;0.0077666;0.00502;0.0097281;0.00019157;0.028415;0.016046;0.0012627;0.0052232;0.0053841;0.0089771;0.067419;0.00077444;0.00012696;0.060605;0.0022902;0.015179;0.070565;0.00039573;0.0018625;0.0012564;0.054995;0.0026595;0.0058984;0.022647;0.0016775;0.0046854;0.0019356;0.0038841;0.000626;0.017646;0.0027153;0.0041236;0.078553;0.0038463;0.00067258;0.079895;0.076357;0.0014793;7.168E-05;0.021392;0.0041059;0.0013094;0.0034137;0.0011231;0.0021795;0.0043106;0.0054319;0.0040598;0.0032266;0.0075183;0.0040208;0.0023333;0.0059116;0.0087068;0.00080927;0.00026013;0.0021667;0.00018379;0.0083541
22;1.8781;0.31178;2;0.85;0.5;50;50;Euclidean(GeometricAverage);0.0017324;0.0040367;0.0073068;0.075282;0.0038285;0.001504;0.0032527;0.00074996;0.0005179;0.0019745;0.0086413;0.0046776;0.0010005;0.00077433;0.0063521;0.0007456;0.0011986;0.075439;0.0019367;0.00047693;0.00024516;0.0037791;0.030222;0.070118;0.0048046;0.00058787;0.0012582;0.011112;0.0020683;0.00060677;0.0011162;0.0022935;0.0084533;0.0019214;0.0024171;0.071564;0.0047969;0.071103;0.00069222;0.0031781;0.0047559;0.0101;0.061759;0.015955;0.0049204;0.0061322;9.9367E-05;0.00068557;0.0010243;0.003439;0.0017165;0.0080648;0.00023688;0.052353;0.00089688;0.061789;0.003096;0.00038605;0.014969;0.006856;0.0032926;0.0058294;0.003512;0.0012636;0.075507;0.0049696;0.073356;0.00035567;0.001207;0.074039;0.00329;0.00037909
23;1.7892;0.29703;2;0.85;0.5;50;50;Euclidean(GeometricAverage);0.0032019;0.060459;0.0057849;0.0013601;0.00084367;0.001504;0.062902;0.05922;0.0018177;0.06228;0.00032459;0.062747;0.002859;0.00044733;0.0043411;0.0013337;0.00054635;0.063047;0.0090208;0.0033492;0.049488;0.0024433;0.058721;0.0035318;0.0057831;0.0025266;0.0041214;0.0041212;0.0014855;0.00092161;5.8792E-05;0.0039463;0.00051829;0.001375;0.056976;0.056173;0.001396;0.061654;0.0034015;0.00024024;0.0026173;0.0049212;0.0021782;0.0029276;0.00401;0.00066813;0.0038239;0.00079205;0.057271;0.00017919;0.0018607;0.0028184;0.061085;0.00046338;0.0018405;0.0021407;0.0056635;0.010895;0.0032593;0.00027881;0.002674;0.00091337;0.0047564;0.009312;0.062514;0.0015289;0.0022126;0.0046526;0.0038927;0.0059277;0.003767;0.0018837
24;1.7992;0.29867;2;0.85;0.5;50;50;Euclidean(GeometricAverage);0.057701;0.0014623;0.060984;0.06015;0.0022236;0.0029229;0.059228;0.00039933;0.0016374;0.002963;0.061137;0.00057377;0.0014822;0.00063926;0.0022288;0.00040002;0.0015679;0.0063851;0.00070483;0.00055398;0.0059216;0.0042909;0.0030935;0.0020989;0.0027114;0.0017653;0.00084443;0.023843;0.053595;0.0018969;0.004767;0.0016599;0.00073579;0.0054106;0.00035721;0.0004652;0.0017433;0.057301;0.0019918;0.0036424;0.0013427;0.0035825;0.061021;0.048922;0.00039764;0.00096904;0.05842;8.6124E-06;0.0013765;0.0045512;0.023892;0.00061047;0.010533;0.0065331;8.0484E-05;0.0028922;0.058772;0.000703;0.00033225;0.06156;0.011188;0.00088489;0.056087;0.0033978;0.0006132;0.0030278;0.058118;0.01041;0.0016986;0.0019449;0.0020863;0.00056542
25;1.2523;0.14739;2;0.85;0.5;50;50;Euclidean(Minimum);0.0074879;0.029275;0.0016538;0.028794;0.020107;0.019512;0.026015;0.0020436;0.0017581;0.021091;0.0006994;0.03112;0.0038994;0.01569;0.00091877;0.0010574;0.023632;0.0007553;0.0019729;0.0059814;0.0071669;0.0013992;0.0047059;0.00094414;0.0063828;0.00092105;0.0053063;0.012448;0.0026166;0.023297;0.031533;0.0014879;0.0037403;0.028069;0.014689;0.01683;0.029507;0.00017625;0.028809;0.030765;0.031595;0.00053968;0.00068489;0.0058332;0.031805;0.021318;0.026067;0.0069826;0.020763;0.0024749;0.011707;0.014371;0.019943;0.0058021;0.018549;0.014892;0.016391;0.0033868;0.022748;0.030675;0.027203;0.031104;0.014064;0.024351;0.026903;0.019052;0.0027872;0.0033895;0.0011699;0.02181;0.0035063;0.023873
26;1.2322;0.14503;2;0.85;0.5;50;50;Euclidean(Minimum);0.033421;0.015874;0.0022526;0.016679;0.025075;0.014938;0.02357;0.00080929;0.027741;0.020255;0.02211;0.024878;0.00011462;0.021142;0.0021201;0.002577;0.018822;0.0021303;0.022599;0.033224;0.024673;0.00020806;0.0024558;0.0028039;0.029557;0.029784;0.0023293;0.023883;0.023428;0.00065719;0.01109;0.0053816;0.019824;0.0107;2.8178E-05;0.0071765;0.00045751;0.017931;0.025094;0.0094611;0.00010253;0.00062151;0.025941;0.019699;0.011663;0.020568;0.00018274;0.00035455;0.028;0.009348;0.0026612;0.012474;0.012042;0.019563;0.022503;0.013437;0.0062084;0.0073683;0.0062736;0.023006;0.019915;0.0037031;0.032046;0.025829;0.00073347;0.0041083;0.017616;0.032098;0.00017793;0.032974;0.00017121;0.011357
27;1.251;0.14724;2;0.85;0.5;50;50;Euclidean(Minimum);0.019834;0.0026234;0.0031158;0.02306;0.005179;0.024288;0.01656;0.025769;0.0056471;0.024358;0.00015345;0.020734;0.0014423;0.0020008;0.0035686;0.0030947;0.02827;0.0046762;0.029144;0.0069204;0.014568;0.0036818;0.022264;0.014968;0.026593;0.01413;0.013294;0.0083105;0.027399;0.022066;0.029526;0.029899;0.0012653;0.016142;0.0022887;0.028546;0.0024554;0.0055031;0.0011006;0.023097;0.012156;0.016556;0.0206;0.00018684;0.0020066;0.0091178;0.021846;0.021973;0.026392;0.028393;0.02801;0.018992;0.0076339;0.0032516;0.026305;0.00019354;0.0065881;0.022871;0.025846;0.014363;0.0016285;0.011009;0.02466;0.0015845;0.0072786;0.0051949;0.0070592;0.016694;0.016613;0.02714;0.0056499;0.0046679
28;1.781;0.29692;2;0.85;0.5;50;50;Euclidean(Median);0.0038636;0.00049836;0.0046965;0.00023708;0.058241;0.0052394;0.0019644;0.0083053;0.0015619;0.0014887;0.00058869;0.00066636;0.0013927;0.0038463;0.056553;0.036457;0.0015286;0.0015243;0.0011087;0.057982;0.0020179;0.058974;0.0033502;0.0060735;0.0025075;0.0040375;0.040975;0.0027691;0.00095637;0.0026308;0.058906;0.00033341;0.0010099;0.0069876;0.0038078;0.0024339;0.060845;0.0031364;0.0099059;0.055069;0.0013211;0.0013767;0.0057478;0.0042918;0.0034965;0.0019879;0.001835;0.057532;0.061712;0.00012354;0.0045595;0.0045473;0.00027996;0.060376;0.00036605;0.058148;0.0071962;0.0033468;0.0089249;0.0031597;0.010386;2.1727E-05;0.0070439;0.0016487;0.062149;0.0020893;0.0050161;0.0016201;0.0017717;0.0017829;0.0036256;0.038046
29;1.7261;0.28777;2;0.85;0.5;50;50;Euclidean(Median);0.050804;0.0048924;0.00058889;0.0045343;0.051844;0.052134;0.042407;0.0084846;0.056581;0.03112;0.0021117;0.00091688;0.0067301;0.0053279;0.054614;0.0028558;0.00093036;0.0040597;0.054111;0.006816;0.055034;0.00081831;0.0060492;0.055958;0.0040981;0.0014965;0.0027701;7.9164E-05;0.014172;0.00063575;0.0025127;0.0019478;0.0014322;0.046455;0.00024278;0.0031086;0.0014427;0.0025534;0.0010922;0.050077;0.0028702;0.05052;0.0020811;0.0004699;0.00069886;6.9677E-05;0.0015171;0.0058806;0.0018474;0.049517;0.0032853;0.0050548;0.0012214;0.0032281;0.0038626;0.001193;0.0071505;8.3026E-05;0.00279;0.00055396;0.0046205;0.00040759;0.05526;0.0074855;0.001747;0.0067542;0.00058165;0.0025501;0.05446;0.001317;0.0044458;0.022637
30;1.8759;0.31274;2;0.85;0.5;50;50;Euclidean(Median);0.0025838;0.0011449;0.00020607;0.0044285;0.0018821;0.00090768;0.00094101;0.0024345;0.0025972;0.00029602;0.00099808;0.0073194;0.00088264;0.063181;0.010324;0.064242;0.00056215;0.0022911;0.057506;0.00085392;0.0038328;0.0049085;0.054148;0.0059784;0.0018852;0.0021496;0.00083194;0.0013448;0.0073251;0.0039772;0.066151;0.06659;0.055185;0.00099541;0.00082159;0.06374;0.006069;0.0017156;0.0021076;0.011267;0.0011894;9.8893E-06;0.0022254;0.0032848;0.012016;0.0040469;0.0005681;0.011517;0.064834;0.011457;0.0020539;0.0027351;0.00094114;0.0018722;0.0019485;0.062471;0.00054072;0.0023401;0.0028505;0.063802;0.0039084;0.00035649;0.012556;0.010759;0.00071706;0.065617;0.00083311;0.00038078;0.00095862;0.0011059;0.063275;0.00022226
31;1.9093;0.037465;2;0.85;0.5;50;50;Euclidean(MinimumTimesMedian);0.03598;0.01284;0.041296;0.044859;0.00067356;0.001836;0.01047;0.014452;0.0011672;0.04433;0.04749;0.030804;0.001399;0.0050812;0.00081816;0.011183;0.018107;0.0024062;0.044419;0.020735;0.0009953;0.0019893;6.4291E-05;0.002894;0.0014045;0.00022793;0.001027;0.0043502;0.0010795;0.019531;0.026654;0.028862;0.0087912;9.642E-06;0.0024049;0.028015;0.0089297;0.0013074;0.033597;0.041205;0.0086934;0.042874;0.0046765;0.00155;0.0045549;2.7349E-05;0.0071901;0.0010947;0.047231;0.0095495;0.007978;0.042255;0.0066208;0.0081852;0.036021;0.018428;0.0016795;0.0078122;0.0035696;0.027657;0.0010686;0.00018497;0.026731;0.003274;0.031966;0.010251;0.00031778;0.021309;0.0014735;0.0051381;0.0045471;0.0024063
32;2.0299;0.039832;2;0.85;0.5;50;50;Euclidean(MinimumTimesMedian);0.0012551;0.0070203;0.0066066;0.03331;0.040807;0.00068649;0.0063813;0.00018048;0.00061949;0.038523;0.02341;0.0157;0.00061019;0.0038879;0.0094361;0.04043;0.029651;0.038962;0.021446;0.00029928;0.022846;0.0011279;0.00049303;0.011091;0.0014108;0.0012664;0.0018467;0.00095273;0.00010487;0.0010949;0.001618;0.0013877;0.039384;0.00069555;0.019664;0.0023426;0.0017508;0.034235;0.035812;0.028356;0.0054111;0.040696;0.00027842;0.0031308;0.00080374;0.0055636;0.031954;0.0029358;0.0070653;0.0020295;0.0017008;0.040261;0.0058594;0.036463;0.037426;0.003577;0.020852;0.0022888;0.0030208;0.039782;0.0033035;0.020985;0.026468;0.00044994;0.033949;0.00022965;0.034758;0.01947;0.0012691;0.037459;0.001374;0.0024825
33;1.7972;0.035264;2;0.85;0.5;50;50;Euclidean(MinimumTimesMedian);0.021044;0.0036126;0.0023609;0.033726;0.0229;0.039159;0.00098576;0.037612;0.00033055;0.009567;0.035408;0.0015666;0.0014975;0.00042341;0.003156;0.0041973;0.040558;0.037839;0.0012341;0.0013368;0.0035522;0.0054329;0.0019844;0.001806;0.0083787;0.00019278;0.00034848;0.0012014;0.037468;0.0014531;0.038311;0.0094579;6.0669E-05;0.00011987;0.0072342;0.010427;0.040259;0.0082153;0.00036369;0.035357;0.039281;0.00034627;0.0024727;0.011558;0.039487;0.0030756;0.0020356;0.039558;1.2359E-05;7.1197E-05;0.00055126;0.024661;0.00103;0.00042524;0.031995;0.0019087;0.007078;0.0030086;0.036066;0.040253;0.010685;0.0068808;0.007369;0.0012122;0.012065;0.0083313;0.040105;0.039797;0.0047222;0.004915;0.035707;0.033197
34;1.9614;401.69;2;0.85;0.5;50;50;Euclidean(Summation);0.014048;0.0079002;0.0039168;0.0020527;0.00082297;0.073299;0.0032342;0.00014654;0.010222;0.076489;0.02721;0.0031122;0.0021485;0.0024448;0.0012812;0.0026599;0.071084;0.0033288;0.00065116;0.0030966;0.00030473;0.0060245;0.0072006;0.00055912;0.0010249;0.00064181;0.0011662;0.00098709;0.0020671;0.0032394;0.01075;0.0029979;0.00086718;0.0041179;0.0065411;0.079192;0.0024507;0.0016551;0.00051329;0.001533;0.0027558;0.0043495;1.8793E-06;0.0055732;0.00057357;0.0027255;0.0022358;0.0064595;0.0029284;0.0044541;0.017383;2.7869E-05;0.067637;0.00086649;0.077922;0.0034348;0.00063351;0.00046745;0.0092025;0.00091686;0.077333;0.0052256;0.0019809;0.0013684;0.071664;0.0065409;0.065806;0.075787;0.0026823;0.01961;0.0049398;0.013531
35;1.8588;380.68;2;0.85;0.5;50;50;Euclidean(Summation);0.00045679;0.00080026;0.0015351;0.0012826;0.06688;0.054075;0.00085632;0.00039117;0.0016638;0.0020248;0.0012158;0.0074648;0.003092;0.0015043;0.00015837;0.062959;0.0098639;0.0014348;0.053943;0.002583;0.0051141;0.0036635;0.0064389;0.002652;0.0023362;0.0010472;0.00030023;0.066788;0.011406;0.062066;0.0034557;0.001334;0.0031417;0.0067161;0.00065962;0.006129;0.0018432;0.0014448;0.0019267;0.0047914;0.00094214;0.0014535;0.00095263;0.00074342;0.0048025;0.010498;0.063847;0.00069083;0.00070922;0.060854;0.0023543;0.00054117;0.001446;0.0024176;0.0019051;0.021274;0.064265;4.3024E-05;0.0050219;0.00072437;0.027814;0.055792;0.00022734;0.064569;0.001834;0.056411;0.0058151;0.0025412;0.0028599;0.006664;0.059841;0.0027066
36;1.8201;372.75;2;0.85;0.5;50;50;Euclidean(Summation);0.0013083;0.0043775;0.0021075;0.047958;0.0043031;0.0010807;0.00088438;0.0029358;0.0005047;0.00051822;0.00065428;0.058607;0.00095903;0.0050198;0.0053146;0.0020949;3.9933E-05;1.3037E-05;0.063222;0.06448;0.0038799;0.0034521;0.06491;0.0055675;0.0042957;0.00052911;0.00059704;0.0080617;0.010685;0.0017572;0.0024888;0.0003408;0.0014077;0.004783;0.0009923;0.0012629;0.001439;0.00094676;0.0039235;0.0064011;0.0014286;0.0022416;0.05915;0.063346;0.061948;0.056771;0.0046393;0.012602;0.06271;0.0029152;0.055717;0.0014626;0.0019006;0.00063086;0.0010805;0.0023638;0.029826;0.0012385;0.00043172;0.0003711;0.060196;0.0056009;0.00095833;0.00080071;0.025879;0.0042967;0.059265;0.00037505;0.0023583;0.0080041;0.0022582;0.013129
differential evolutions parameters, by distance
i;dDE / dP;distance;type;parentWeight;crossover;population;iterations;distance;weights ->
1;1.024;0.99608;2;0.85;0.5;50;50;Manhattan(Median);0.02665;0.0048731;0.026395;0.026335;0.022069;0.014054;0.0032734;0.02911;0.0040629;0.025394;0.014319;0.013807;0.0055847;0.0071605;0.019432;0.022041;0.011244;0.022561;0.011423;0.0022204;0.0060736;0.0026188;0.021507;0.0056187;0.0022813;0.01854;0.024;0.023463;0.023543;0.012531;0.020827;0.027307;0.018268;0.0055374;0.0051594;0.0076429;0.0071656;0.0080574;0.019267;0.019105;0.0064747;0.010998;0.013231;0.021427;0.021573;0.016515;0.015278;0.014534;0.0039002;0.02193;0.0037647;0.0070937;0.0023442;0.012882;0.026398;0.0005597;0.019205;0.0016173;0.014136;0.020571;0.019694;0.0027698;0.017721;0.00076596;0.023534;0.0055108;0.016029;0.021471;0.010449;0.010911;0.025102;0.0010916
2;1.0273;1223.8;2;0.85;0.5;50;50;Manhattan(Summation);0.033904;0.0023127;0.032326;0.033468;0.027849;0.0001151;0.025791;0.026037;0.011324;0.032223;0.027281;0.004071;0.00013789;0.0032564;0.033392;0.0065406;0.0082002;0.031381;0.024419;0.02734;0.0031643;0.0043831;0.020246;0.029063;0.00072628;0.0049596;0.0059991;0.029246;0.0059212;0.00045513;0.033437;0.005656;0.0002833;0.00017247;0.006264;0.026602;0.0001363;0.013743;0.00030016;0.028888;0.0028582;0.031631;0.00127;0.019068;0.0012663;0.023742;0.025816;0.00094961;0.0098042;0.032312;0.00057253;0.030203;0.0029399;0.00062047;0.02312;0.0022661;0.0026693;0.0015574;0.00039876;0.0051147;0.03341;0.0069459;0.026506;0.00051926;0.032989;0.00046484;0.0035413;0.0294;0.00042366;0.033636;0.0020411;0.00092794
3;1.0291;0.99878;2;0.85;0.5;50;50;Manhattan(GeometricAverage);0.040185;0.0016614;0.038034;0.038573;0.040921;0.0031346;0.0091964;0.028205;0.003805;0.034739;0.0052018;0.0001133;0.0011487;0.0034339;0.039195;0.00045848;0.00051494;0.03881;0.012119;0.00034625;0.00012758;0.0017134;0.027843;0.029374;0.011028;0.002887;0.001308;0.035961;0.015637;0.0031863;0.032648;0.0038634;0.0018923;3.5135E-06;0.0010763;0.017485;0.0042116;0.0018387;0.002264;0.020459;0.030526;0.017053;0.00032613;0.021568;0.0053086;0.0096134;0.039788;0.0030043;0.029741;0.041405;0.00062061;0.022003;0.0012105;0.0069121;0.0093673;0.0041646;0.00060683;0.00028533;0.0046093;0.030163;0.039349;0.0042654;0.023121;0.00052255;0.0020037;0.0023329;0.00016333;0.038846;0.0035656;0.024458;0.027859;0.00063549
4;1.0303;0.99997;2;0.85;0.5;50;50;Manhattan(GeometricAverage);0.041848;0.0095049;0.034186;0.040569;0.043323;0.0051977;0.0052637;0.028925;0.00044188;0.043187;0.0063759;0.00099203;0.00050292;0.00051515;0.040034;0.0039363;0.029409;0.041549;0.01241;0.0060969;0.0049268;0.00049311;0.015289;0.028294;0.0070659;0.012644;0.0010986;0.04304;0.0029619;0.0012491;0.029933;0.0011588;0.00078643;1.628E-05;0.0051944;0.032525;0.0086947;0.019444;0.0011821;0.0076018;0.0065656;0.0017314;0.001183;0.021521;0.017275;0.0026412;0.023106;0.010095;0.02179;0.03897;0.0024383;0.0062151;0.0017104;0.0034142;0.041274;0.012548;0.0050794;0.0077198;0.0061129;0.033616;0.025733;0.00037778;0.011782;0.0006248;0.0067529;0.00040171;0.00062087;0.04132;0.0026837;0.022289;0.003396;0.0011443
5;1.0304;1;2;0.85;0.5;50;50;Manhattan(GeometricAverage);0.041476;0.0045175;0.03981;0.036621;0.042208;0.00061514;0.022251;0.035003;0.0055147;0.04005;0.002363;0.0044999;0.0011926;0.00011938;0.038719;0.0015456;0.014676;0.041033;0.0028099;0.003111;0.0054904;0.000196;0.029066;0.01931;0.0023663;0.0057988;0.0034151;0.01739;0.0072509;0.00375;0.039717;0.0091166;0.00095853;0.00072145;0.0043127;0.012248;0.0010345;0.03701;0.0066193;0.0023667;0.0042013;0.019897;0.0028546;0.031683;0.0014073;0.039206;0.036803;0.001055;0.019851;0.039968;0.0025264;0.010124;0.00048111;0.0014992;0.030669;0.00059644;0.0036047;0.0017032;0.0029961;0.018535;0.036392;0.0024595;0.022628;0.00015081;0.0086538;0.001062;0.0031371;0.032484;0.00053517;0.024755;0.011329;0.00047712
6;1.0312;1.0028;2;0.85;0.5;50;50;Manhattan(Average);0.041083;0.0054019;0.026508;0.028127;0.038592;0.0030032;0.0016255;0.041177;4.8475E-05;0.038771;0.0011907;0.0015747;0.00019911;0.00022446;0.037672;0.0026462;0.00073087;0.033048;0.0014514;0.012827;0.0067782;0.00029664;0.0079426;0.022334;0.0047405;0.0037769;0.00028822;0.036547;0.028582;0.0027241;0.031511;0.001065;0.0018209;0.0011206;0.0049807;0.030466;0.036507;0.010844;0.0012588;0.033411;9.5712E-05;0.011321;3.635E-05;0.027787;0.0026148;0.028349;0.038624;0.00031375;0.020519;0.040777;0.0023954;0.0026223;0.0024153;0.005972;0.036091;0.0044717;0.0083041;0.00089259;0.00035798;0.034355;0.018211;0.0010144;0.035526;0.00013588;0.013189;0.00070564;0.0038121;0.035842;0.00090934;0.038065;0.0011364;0.0002384
7;1.0313;1.0032;2;0.85;0.5;50;50;Manhattan(Median);0.031951;0.0085435;0.037877;0.018491;0.006872;0.015683;0.03011;0.036767;0.019818;0.035218;0.00042645;0.00014093;0.0063461;0.0017434;0.022521;0.0094411;0.0077668;0.038059;0.020923;0.005893;0.0023409;0.0006568;0.038806;0.038195;0.0036785;0.02537;0.0011793;0.036222;0.013909;3.0017E-05;0.0024941;0.017812;0.0038059;0.0026263;0.00058082;0.002809;0.00035683;0.0041813;0.0013295;0.029282;0.004575;0.0024646;0.004215;0.038888;0.036454;0.0069842;0.0013808;0.00075732;0.00018259;0.029691;0.0048349;0.00099465;0.008579;0.001807;0.037437;0.013105;0.0022394;0.00084345;0.0043867;0.020372;0.027377;0.011125;0.036148;0.0032993;0.030311;0.016833;0.0064447;0.029021;0.0044863;0.029438;0.0030608;0.002009
8;1.0314;1.0032;2;0.85;0.5;50;50;Manhattan(Median);0.033115;0.001528;0.027463;0.032823;0.031211;0.010651;0.031798;0.029468;0.0082673;0.0077172;0.026227;0.00053146;0.0008692;0.0026599;0.031898;0.0059353;0.023084;0.016445;0.0012568;0.0022264;0.012152;1.4602E-05;0.031836;0.028101;0.002448;0.03016;0.026346;0.025648;0.026787;0.0056846;0.030496;0.0096801;0.011272;0.011;0.00081481;0.017075;0.0016717;0.0023572;0.0028233;0.019437;0.016633;0.031418;0.0037484;0.02621;0.020048;0.0063458;0.019177;0.0016738;0.0018506;0.032014;0.0031812;0.018529;0.0013825;0.010715;0.032572;0.0006873;0.018756;0.0039951;0.0044075;0.016985;0.026224;0.0030534;0.010838;0.00013198;0.0086901;0.0090649;0.00464;0.029463;0.0078849;0.0036777;0.0030335;0.0019886
9;1.0315;1228.8;2;0.85;0.5;50;50;Manhattan(Summation);0.039057;0.00032404;0.04015;0.035433;0.04032;0.00033418;0.01354;0.032852;0.00091441;0.038817;0.012743;0.00023415;0.00016686;0.00088018;0.036988;0.0014846;0.0013212;0.040393;0.0048367;0.0043161;0.0068562;0.0016879;0.02805;0.0060893;0.0055644;0.022005;0.00048081;0.037666;0.0027604;0.004919;0.031642;0.0041263;7.3613E-05;0.00018128;0.00076589;0.018079;0.00073817;0.039736;0.00019386;0.038848;0.020467;0.0023838;0.00099275;0.014318;0.028343;0.024862;0.0068021;0.0077788;0.013676;0.035849;0.0011044;0.0045477;0.0029912;0.0018315;0.029748;0.024395;0.0022004;0.0012747;0.00068226;0.0060795;0.037347;0.00069083;0.039925;0.0012587;0.012181;0.00025184;0.0015137;0.039224;0.0052737;0.035833;0.00048396;0.00012298
10;1.0317;1.0033;2;0.85;0.5;50;50;Manhattan(Average);0.040595;0.0053577;0.034077;0.040767;0.040588;0.0014844;0.025297;0.022962;0.0025403;0.039386;0.039188;0.00034924;0.00014432;0.00073047;0.035369;0.0015325;0.0024206;0.039812;0.0026544;0.0021229;0.00081976;0.0029604;0.021372;0.0095418;0.013945;0.0028723;0.0026369;0.021875;0.036592;0.0015473;0.038933;0.0012334;0.00033171;0.0027122;0.0020884;0.019255;0.0027105;0.040635;0.00038604;0.017094;0.0056565;0.018098;0.00023304;0.039222;0.012577;0.012075;0.029063;0.0018809;0.0089486;0.039398;0.0024554;0.0082759;0.00061981;0.0028485;0.026027;0.0034293;0.002548;0.00065049;0.0034724;0.00381;0.0017132;0.00021943;0.037336;0.0011691;0.03214;0.004989;0.0010294;0.039824;0.0023084;0.039492;0.001537;3.7976E-05
11;1.0319;1.0035;2;0.85;0.5;50;50;Manhattan(Average);0.044478;0.012329;0.044442;0.044064;0.04321;0.0027203;0.026694;0.039111;0.00011411;0.03388;0.015104;0.0011372;0.0012287;0.00049842;0.038839;0.004537;0.005629;0.035639;0.0029365;0.00013215;0.002416;0.0006785;0.038155;0.0053527;0.012006;0.0041361;0.0050668;0.029351;0.009331;0.00087637;0.039125;0.0049164;0.0011929;0.0033;0.0022115;0.037022;0.002087;0.0011101;0.0015569;0.0070018;0.010399;0.00096032;0.0068305;0.032438;0.010274;0.0079118;0.014368;0.0080322;0.0040334;0.031378;0.0024186;0.042214;0.00061376;0.0043896;0.039017;0.0025341;0.003748;0.00014363;0.0021085;0.010737;0.020388;0.0015472;0.04314;0.0022097;0.0075684;0.0012332;0.00023877;0.042959;0.0027155;0.037112;0.0019241;0.00079955
12;1.0322;1229.6;2;0.85;0.5;50;50;Manhattan(Summation);0.04005;0.00074045;0.036902;0.038523;0.037651;0.0024033;0.01433;0.031014;0.00042767;0.032678;0.0049895;0.00087158;0.00010571;1.9867E-06;0.039493;0.0027956;0.0025745;0.033351;0.0037955;0.0091375;0.005828;0.00026681;0.039098;0.033509;0.0012817;0.0047968;0.0008139;0.037878;0.00015948;0.0049478;0.03281;0.001864;0.00089654;0.0064826;0.00082127;0.038038;0.0075041;0.0028155;0.0011205;0.034314;0.0023948;0.0050442;4.5514E-05;0.036119;0.0008731;0.026842;0.039438;0.011529;0.013809;0.037545;0.00082111;0.0067478;0.00037707;0.00090002;0.0392;0.0054555;0.005733;0.0037718;0.00012664;0.026901;0.035997;0.0046724;0.021097;0.00028855;0.0076891;0.00013199;0.00029148;0.029864;0.0057353;0.039241;0.003825;0.0004111
13;1.0382;0.84396;2;0.85;0.5;50;50;Manhattan(Minimum);0.0215;0.020711;0.023352;0.013933;0.010007;0.012969;0.013849;0.001388;0.0079111;0.012356;0.019773;0.024843;0.0039549;0.0029455;0.024868;7.8059E-05;0.023335;0.016495;0.0094014;0.017767;0.010207;0.0094836;0.016912;0.0056618;0.0063784;0.020228;0.0085213;0.020491;0.021726;0.023044;0.010004;0.018191;0.0041736;0.015097;0.0086009;0.00041834;0.018512;0.0088812;0.012223;0.01239;0.024382;0.014569;0.0058527;0.0088507;0.0097298;0.014263;0.019031;0.011205;0.021067;0.0076297;0.020307;0.018156;0.0099997;0.016497;0.020924;0.019262;0.012857;0.012291;0.022346;0.024148;0.022405;0.016737;0.0076541;0.01371;0.010532;0.0058816;0.0063931;0.02378;0.013267;0.020748;0.00087356;0.012069
14;1.0478;0.85177;2;0.85;0.5;50;50;Manhattan(Minimum);0.024697;0.021313;0.010411;0.019679;0.024605;0.01345;0.014065;0.021394;0.0027852;0.018223;0.018208;0.014637;0.0072348;0.0018361;0.021686;0.008869;0.021002;0.016341;0.015461;0.023897;0.024467;0.0078105;0.0028957;0.021762;0.015079;0.011645;0.0063984;0.014001;0.016062;0.021945;0.024191;0.018657;0.0091544;0.013097;0.0076694;0.020113;0.01461;0.0089997;0.0044221;0.021999;0.013179;0.017216;0.0038069;0.0052335;0.011817;0.0035177;0.017086;0.0070564;0.0048246;0.01509;0.0067291;0.0051039;0.023687;0.022534;0.020232;0.014511;0.015655;0.014288;0.019517;0.018173;0.0041752;0.012279;0.011537;0.0030911;0.022133;0.004383;0.0092904;0.0061799;0.01794;0.023549;0.015042;0.0063707
15;1.0526;0.85567;2;0.85;0.5;50;50;Manhattan(Minimum);0.016389;0.01975;0.018335;0.017057;0.025238;0.017097;0.021983;0.0023129;0.0090214;0.017958;0.023503;0.016376;0.0033882;0.0076952;0.016485;0.0075773;0.022503;0.012158;0.018259;0.019691;0.0073254;0.014951;0.011131;0.016106;0.020426;0.0055896;0.0090538;0.016641;0.011302;0.0076721;0.011569;0.012548;0.0007516;0.012588;0.0069923;0.024804;0.0016531;0.013132;0.0077125;0.016448;0.012271;0.014674;0.0073754;0.011212;0.022418;0.018182;0.015859;0.00363;0.020594;0.014757;0.007686;0.015559;0.016479;0.020861;0.01574;0.023533;0.013529;0.023841;0.024149;0.024999;0.012467;0.018964;0.01299;0.0051896;0.015146;0.0025095;0.0062579;0.021879;0.0048688;0.017515;0.0031609;0.01053
16;1.0589;0.83728;2;0.85;0.5;50;50;Manhattan(MinimumTimesMedian);0.01897;0.021554;0.024884;0.011375;0.0225;0.0052718;0.0094073;0.0084231;0.015586;0.014114;0.016472;0.020799;0.0082921;0.00052631;0.013107;0.010111;0.017869;0.019778;0.01231;0.015936;0.013302;0.0071896;0.012773;0.016381;0.018803;0.0039886;0.0033894;0.006519;0.010813;0.0070006;0.021992;0.012961;0.0077181;0.0056864;0.016943;0.014247;0.012765;0.023147;0.0077517;0.021135;0.013212;0.014864;0.0048515;0.017235;0.013124;0.014221;0.018688;0.007619;0.019921;0.017007;0.0020917;0.013948;0.013722;0.014256;0.020316;0.019816;0.013505;0.018742;0.01347;0.022935;0.0099574;0.0075281;0.016194;0.016688;0.023427;0.01551;0.0067523;0.019813;0.014984;0.016018;0.0017295;0.026063
17;1.0595;0.83778;2;0.85;0.5;50;50;Manhattan(MinimumTimesMedian);0.022469;0.024478;0.017854;0.02698;0.023676;0.0071562;0.02131;0.023809;0.0037097;0.0198;0.013917;0.017262;0.0011791;0.013618;0.015539;0.0089623;0.024148;0.014536;0.014768;0.0083433;0.0031563;0.013663;0.021711;0.0075973;0.0169;0.0059288;0.014221;0.0067533;0.021525;0.0023563;0.026145;0.010869;0.0027714;0.0044463;0.0029317;0.010502;0.022936;0.022726;0.013125;0.022919;0.0033702;0.013552;0.0027051;0.01547;0.011089;0.013527;0.018809;0.0031943;0.015147;0.0040399;0.0077021;0.011531;0.0086165;0.018938;0.016704;0.0080867;0.011896;0.018886;0.019998;0.015784;0.021461;0.0079945;0.022925;0.0059833;0.017907;0.0084537;0.024079;0.02011;0.0071807;0.027569;0.01595;0.0046424
18;1.0632;0.84068;2;0.85;0.5;50;50;Manhattan(MinimumTimesMedian);0.019075;0.015932;0.017298;0.024317;0.028516;0.0081211;0.0030332;0.0052249;0.0061066;0.021033;0.018123;0.018181;0.016287;0.016003;0.017353;0.0089479;0.024504;0.025114;0.010063;0.023217;0.019648;0.001106;0.010385;0.0062086;0.0042975;0.018797;0.012689;0.011318;0.012457;0.011893;0.027501;0.015605;0.010348;0.0057278;0.016027;0.02194;0.010004;0.025884;0.0076976;0.027864;0.0095104;0.011285;0.00070237;0.009753;0.0040379;0.015482;0.018645;0.018166;0.0169;0.0077636;0.0052551;0.0083114;0.02036;0.0038153;0.025375;0.022939;0.0068049;0.017101;0.02465;0.02958;0.010474;0.0034485;0.010401;0.0075896;0.010251;0.0053855;0.00058467;0.021968;0.020977;0.024208;0.00023829;0.0041912
19;1.2322;0.14503;2;0.85;0.5;50;50;Euclidean(Minimum);0.033421;0.015874;0.0022526;0.016679;0.025075;0.014938;0.02357;0.00080929;0.027741;0.020255;0.02211;0.024878;0.00011462;0.021142;0.0021201;0.002577;0.018822;0.0021303;0.022599;0.033224;0.024673;0.00020806;0.0024558;0.0028039;0.029557;0.029784;0.0023293;0.023883;0.023428;0.00065719;0.01109;0.0053816;0.019824;0.0107;2.8178E-05;0.0071765;0.00045751;0.017931;0.025094;0.0094611;0.00010253;0.00062151;0.025941;0.019699;0.011663;0.020568;0.00018274;0.00035455;0.028;0.009348;0.0026612;0.012474;0.012042;0.019563;0.022503;0.013437;0.0062084;0.0073683;0.0062736;0.023006;0.019915;0.0037031;0.032046;0.025829;0.00073347;0.0041083;0.017616;0.032098;0.00017793;0.032974;0.00017121;0.011357
20;1.251;0.14724;2;0.85;0.5;50;50;Euclidean(Minimum);0.019834;0.0026234;0.0031158;0.02306;0.005179;0.024288;0.01656;0.025769;0.0056471;0.024358;0.00015345;0.020734;0.0014423;0.0020008;0.0035686;0.0030947;0.02827;0.0046762;0.029144;0.0069204;0.014568;0.0036818;0.022264;0.014968;0.026593;0.01413;0.013294;0.0083105;0.027399;0.022066;0.029526;0.029899;0.0012653;0.016142;0.0022887;0.028546;0.0024554;0.0055031;0.0011006;0.023097;0.012156;0.016556;0.0206;0.00018684;0.0020066;0.0091178;0.021846;0.021973;0.026392;0.028393;0.02801;0.018992;0.0076339;0.0032516;0.026305;0.00019354;0.0065881;0.022871;0.025846;0.014363;0.0016285;0.011009;0.02466;0.0015845;0.0072786;0.0051949;0.0070592;0.016694;0.016613;0.02714;0.0056499;0.0046679
21;1.2523;0.14739;2;0.85;0.5;50;50;Euclidean(Minimum);0.0074879;0.029275;0.0016538;0.028794;0.020107;0.019512;0.026015;0.0020436;0.0017581;0.021091;0.0006994;0.03112;0.0038994;0.01569;0.00091877;0.0010574;0.023632;0.0007553;0.0019729;0.0059814;0.0071669;0.0013992;0.0047059;0.00094414;0.0063828;0.00092105;0.0053063;0.012448;0.0026166;0.023297;0.031533;0.0014879;0.0037403;0.028069;0.014689;0.01683;0.029507;0.00017625;0.028809;0.030765;0.031595;0.00053968;0.00068489;0.0058332;0.031805;0.021318;0.026067;0.0069826;0.020763;0.0024749;0.011707;0.014371;0.019943;0.0058021;0.018549;0.014892;0.016391;0.0033868;0.022748;0.030675;0.027203;0.031104;0.014064;0.024351;0.026903;0.019052;0.0027872;0.0033895;0.0011699;0.02181;0.0035063;0.023873
22;1.7261;0.28777;2;0.85;0.5;50;50;Euclidean(Median);0.050804;0.0048924;0.00058889;0.0045343;0.051844;0.052134;0.042407;0.0084846;0.056581;0.03112;0.0021117;0.00091688;0.0067301;0.0053279;0.054614;0.0028558;0.00093036;0.0040597;0.054111;0.006816;0.055034;0.00081831;0.0060492;0.055958;0.0040981;0.0014965;0.0027701;7.9164E-05;0.014172;0.00063575;0.0025127;0.0019478;0.0014322;0.046455;0.00024278;0.0031086;0.0014427;0.0025534;0.0010922;0.050077;0.0028702;0.05052;0.0020811;0.0004699;0.00069886;6.9677E-05;0.0015171;0.0058806;0.0018474;0.049517;0.0032853;0.0050548;0.0012214;0.0032281;0.0038626;0.001193;0.0071505;8.3026E-05;0.00279;0.00055396;0.0046205;0.00040759;0.05526;0.0074855;0.001747;0.0067542;0.00058165;0.0025501;0.05446;0.001317;0.0044458;0.022637
23;1.781;0.29692;2;0.85;0.5;50;50;Euclidean(Median);0.0038636;0.00049836;0.0046965;0.00023708;0.058241;0.0052394;0.0019644;0.0083053;0.0015619;0.0014887;0.00058869;0.00066636;0.0013927;0.0038463;0.056553;0.036457;0.0015286;0.0015243;0.0011087;0.057982;0.0020179;0.058974;0.0033502;0.0060735;0.0025075;0.0040375;0.040975;0.0027691;0.00095637;0.0026308;0.058906;0.00033341;0.0010099;0.0069876;0.0038078;0.0024339;0.060845;0.0031364;0.0099059;0.055069;0.0013211;0.0013767;0.0057478;0.0042918;0.0034965;0.0019879;0.001835;0.057532;0.061712;0.00012354;0.0045595;0.0045473;0.00027996;0.060376;0.00036605;0.058148;0.0071962;0.0033468;0.0089249;0.0031597;0.010386;2.1727E-05;0.0070439;0.0016487;0.062149;0.0020893;0.0050161;0.0016201;0.0017717;0.0017829;0.0036256;0.038046
24;1.7892;0.29703;2;0.85;0.5;50;50;Euclidean(GeometricAverage);0.0032019;0.060459;0.0057849;0.0013601;0.00084367;0.001504;0.062902;0.05922;0.0018177;0.06228;0.00032459;0.062747;0.002859;0.00044733;0.0043411;0.0013337;0.00054635;0.063047;0.0090208;0.0033492;0.049488;0.0024433;0.058721;0.0035318;0.0057831;0.0025266;0.0041214;0.0041212;0.0014855;0.00092161;5.8792E-05;0.0039463;0.00051829;0.001375;0.056976;0.056173;0.001396;0.061654;0.0034015;0.00024024;0.0026173;0.0049212;0.0021782;0.0029276;0.00401;0.00066813;0.0038239;0.00079205;0.057271;0.00017919;0.0018607;0.0028184;0.061085;0.00046338;0.0018405;0.0021407;0.0056635;0.010895;0.0032593;0.00027881;0.002674;0.00091337;0.0047564;0.009312;0.062514;0.0015289;0.0022126;0.0046526;0.0038927;0.0059277;0.003767;0.0018837
25;1.7972;0.035264;2;0.85;0.5;50;50;Euclidean(MinimumTimesMedian);0.021044;0.0036126;0.0023609;0.033726;0.0229;0.039159;0.00098576;0.037612;0.00033055;0.009567;0.035408;0.0015666;0.0014975;0.00042341;0.003156;0.0041973;0.040558;0.037839;0.0012341;0.0013368;0.0035522;0.0054329;0.0019844;0.001806;0.0083787;0.00019278;0.00034848;0.0012014;0.037468;0.0014531;0.038311;0.0094579;6.0669E-05;0.00011987;0.0072342;0.010427;0.040259;0.0082153;0.00036369;0.035357;0.039281;0.00034627;0.0024727;0.011558;0.039487;0.0030756;0.0020356;0.039558;1.2359E-05;7.1197E-05;0.00055126;0.024661;0.00103;0.00042524;0.031995;0.0019087;0.007078;0.0030086;0.036066;0.040253;0.010685;0.0068808;0.007369;0.0012122;0.012065;0.0083313;0.040105;0.039797;0.0047222;0.004915;0.035707;0.033197
26;1.7992;0.29867;2;0.85;0.5;50;50;Euclidean(GeometricAverage);0.057701;0.0014623;0.060984;0.06015;0.0022236;0.0029229;0.059228;0.00039933;0.0016374;0.002963;0.061137;0.00057377;0.0014822;0.00063926;0.0022288;0.00040002;0.0015679;0.0063851;0.00070483;0.00055398;0.0059216;0.0042909;0.0030935;0.0020989;0.0027114;0.0017653;0.00084443;0.023843;0.053595;0.0018969;0.004767;0.0016599;0.00073579;0.0054106;0.00035721;0.0004652;0.0017433;0.057301;0.0019918;0.0036424;0.0013427;0.0035825;0.061021;0.048922;0.00039764;0.00096904;0.05842;8.6124E-06;0.0013765;0.0045512;0.023892;0.00061047;0.010533;0.0065331;8.0484E-05;0.0028922;0.058772;0.000703;0.00033225;0.06156;0.011188;0.00088489;0.056087;0.0033978;0.0006132;0.0030278;0.058118;0.01041;0.0016986;0.0019449;0.0020863;0.00056542
27;1.8201;372.75;2;0.85;0.5;50;50;Euclidean(Summation);0.0013083;0.0043775;0.0021075;0.047958;0.0043031;0.0010807;0.00088438;0.0029358;0.0005047;0.00051822;0.00065428;0.058607;0.00095903;0.0050198;0.0053146;0.0020949;3.9933E-05;1.3037E-05;0.063222;0.06448;0.0038799;0.0034521;0.06491;0.0055675;0.0042957;0.00052911;0.00059704;0.0080617;0.010685;0.0017572;0.0024888;0.0003408;0.0014077;0.004783;0.0009923;0.0012629;0.001439;0.00094676;0.0039235;0.0064011;0.0014286;0.0022416;0.05915;0.063346;0.061948;0.056771;0.0046393;0.012602;0.06271;0.0029152;0.055717;0.0014626;0.0019006;0.00063086;0.0010805;0.0023638;0.029826;0.0012385;0.00043172;0.0003711;0.060196;0.0056009;0.00095833;0.00080071;0.025879;0.0042967;0.059265;0.00037505;0.0023583;0.0080041;0.0022582;0.013129
28;1.8507;0.30941;2;0.85;0.5;50;50;Euclidean(Average);0.0064561;0.0029829;0.002124;0.076836;0.037494;0.0052522;0.0040764;0.079667;0.00084286;0.00019576;0.007713;0.0098622;0.0028231;0.0077666;0.00502;0.0097281;0.00019157;0.028415;0.016046;0.0012627;0.0052232;0.0053841;0.0089771;0.067419;0.00077444;0.00012696;0.060605;0.0022902;0.015179;0.070565;0.00039573;0.0018625;0.0012564;0.054995;0.0026595;0.0058984;0.022647;0.0016775;0.0046854;0.0019356;0.0038841;0.000626;0.017646;0.0027153;0.0041236;0.078553;0.0038463;0.00067258;0.079895;0.076357;0.0014793;7.168E-05;0.021392;0.0041059;0.0013094;0.0034137;0.0011231;0.0021795;0.0043106;0.0054319;0.0040598;0.0032266;0.0075183;0.0040208;0.0023333;0.0059116;0.0087068;0.00080927;0.00026013;0.0021667;0.00018379;0.0083541
29;1.8588;380.68;2;0.85;0.5;50;50;Euclidean(Summation);0.00045679;0.00080026;0.0015351;0.0012826;0.06688;0.054075;0.00085632;0.00039117;0.0016638;0.0020248;0.0012158;0.0074648;0.003092;0.0015043;0.00015837;0.062959;0.0098639;0.0014348;0.053943;0.002583;0.0051141;0.0036635;0.0064389;0.002652;0.0023362;0.0010472;0.00030023;0.066788;0.011406;0.062066;0.0034557;0.001334;0.0031417;0.0067161;0.00065962;0.006129;0.0018432;0.0014448;0.0019267;0.0047914;0.00094214;0.0014535;0.00095263;0.00074342;0.0048025;0.010498;0.063847;0.00069083;0.00070922;0.060854;0.0023543;0.00054117;0.001446;0.0024176;0.0019051;0.021274;0.064265;4.3024E-05;0.0050219;0.00072437;0.027814;0.055792;0.00022734;0.064569;0.001834;0.056411;0.0058151;0.0025412;0.0028599;0.006664;0.059841;0.0027066
30;1.8759;0.31274;2;0.85;0.5;50;50;Euclidean(Median);0.0025838;0.0011449;0.00020607;0.0044285;0.0018821;0.00090768;0.00094101;0.0024345;0.0025972;0.00029602;0.00099808;0.0073194;0.00088264;0.063181;0.010324;0.064242;0.00056215;0.0022911;0.057506;0.00085392;0.0038328;0.0049085;0.054148;0.0059784;0.0018852;0.0021496;0.00083194;0.0013448;0.0073251;0.0039772;0.066151;0.06659;0.055185;0.00099541;0.00082159;0.06374;0.006069;0.0017156;0.0021076;0.011267;0.0011894;9.8893E-06;0.0022254;0.0032848;0.012016;0.0040469;0.0005681;0.011517;0.064834;0.011457;0.0020539;0.0027351;0.00094114;0.0018722;0.0019485;0.062471;0.00054072;0.0023401;0.0028505;0.063802;0.0039084;0.00035649;0.012556;0.010759;0.00071706;0.065617;0.00083311;0.00038078;0.00095862;0.0011059;0.063275;0.00022226
31;1.8779;0.31396;2;0.85;0.5;50;50;Euclidean(Average);0.069546;0.0014909;0.0024526;0.00016725;0.0015262;0.0033659;0.00021673;0.00532;0.0011744;0.0071336;0.0015753;0.0010822;0.004389;0.00095358;0.04679;0.039227;0.063799;0.0077285;0.0015409;3.3414E-05;0.0010963;0.0059383;0.0013798;0.070651;0.022753;0.0013699;0.00020876;0.062403;0.012153;0.0032935;0.0011988;0.00050714;0.0029509;0.0011249;0.011113;0.00038589;0.01031;0.0014728;0.0080721;0.069541;0.00013806;0.0018411;0.069184;0.0023166;0.003202;0.00063733;0.0053924;0.0075562;0.0022826;0.067461;0.00066221;0.0049587;0.00050946;0.0052306;0.0027209;0.004697;0.0089564;0.00038278;0.0025934;0.0055145;0.0091478;0.0020681;0.007255;0.0048149;0.068459;0.00045813;0.0076264;0.070193;0.0070718;0.0065516;0.070265;0.0024162
32;1.8781;0.31178;2;0.85;0.5;50;50;Euclidean(GeometricAverage);0.0017324;0.0040367;0.0073068;0.075282;0.0038285;0.001504;0.0032527;0.00074996;0.0005179;0.0019745;0.0086413;0.0046776;0.0010005;0.00077433;0.0063521;0.0007456;0.0011986;0.075439;0.0019367;0.00047693;0.00024516;0.0037791;0.030222;0.070118;0.0048046;0.00058787;0.0012582;0.011112;0.0020683;0.00060677;0.0011162;0.0022935;0.0084533;0.0019214;0.0024171;0.071564;0.0047969;0.071103;0.00069222;0.0031781;0.0047559;0.0101;0.061759;0.015955;0.0049204;0.0061322;9.9367E-05;0.00068557;0.0010243;0.003439;0.0017165;0.0080648;0.00023688;0.052353;0.00089688;0.061789;0.003096;0.00038605;0.014969;0.006856;0.0032926;0.0058294;0.003512;0.0012636;0.075507;0.0049696;0.073356;0.00035567;0.001207;0.074039;0.00329;0.00037909
33;1.9093;0.037465;2;0.85;0.5;50;50;Euclidean(MinimumTimesMedian);0.03598;0.01284;0.041296;0.044859;0.00067356;0.001836;0.01047;0.014452;0.0011672;0.04433;0.04749;0.030804;0.001399;0.0050812;0.00081816;0.011183;0.018107;0.0024062;0.044419;0.020735;0.0009953;0.0019893;6.4291E-05;0.002894;0.0014045;0.00022793;0.001027;0.0043502;0.0010795;0.019531;0.026654;0.028862;0.0087912;9.642E-06;0.0024049;0.028015;0.0089297;0.0013074;0.033597;0.041205;0.0086934;0.042874;0.0046765;0.00155;0.0045549;2.7349E-05;0.0071901;0.0010947;0.047231;0.0095495;0.007978;0.042255;0.0066208;0.0081852;0.036021;0.018428;0.0016795;0.0078122;0.0035696;0.027657;0.0010686;0.00018497;0.026731;0.003274;0.031966;0.010251;0.00031778;0.021309;0.0014735;0.0051381;0.0045471;0.0024063
34;1.9614;401.69;2;0.85;0.5;50;50;Euclidean(Summation);0.014048;0.0079002;0.0039168;0.0020527;0.00082297;0.073299;0.0032342;0.00014654;0.010222;0.076489;0.02721;0.0031122;0.0021485;0.0024448;0.0012812;0.0026599;0.071084;0.0033288;0.00065116;0.0030966;0.00030473;0.0060245;0.0072006;0.00055912;0.0010249;0.00064181;0.0011662;0.00098709;0.0020671;0.0032394;0.01075;0.0029979;0.00086718;0.0041179;0.0065411;0.079192;0.0024507;0.0016551;0.00051329;0.001533;0.0027558;0.0043495;1.8793E-06;0.0055732;0.00057357;0.0027255;0.0022358;0.0064595;0.0029284;0.0044541;0.017383;2.7869E-05;0.067637;0.00086649;0.077922;0.0034348;0.00063351;0.00046745;0.0092025;0.00091686;0.077333;0.0052256;0.0019809;0.0013684;0.071664;0.0065409;0.065806;0.075787;0.0026823;0.01961;0.0049398;0.013531
35;1.9819;0.33134;2;0.85;0.5;50;50;Euclidean(Average);0.0011597;0.062527;0.068652;0.070743;0.00099159;0.01786;0.002521;0.00096637;0.073484;0.0014179;2.2884E-05;0.071985;0.0039369;0.0016806;0.066475;0.04446;0.0024543;0.073117;0.0010869;0.0041767;0.001626;0.0056439;0.069175;0.00033072;9.9498E-05;0.0010401;0.0008843;0.00017042;0.00049521;0.0015166;0.0038971;0.072397;0.0082854;0.00057667;0.0016333;0.00020991;0.0038206;0.0079248;0.0043488;0.00018177;0.00012181;0.00020985;0.001452;0.00059243;0.0012237;0.0013735;0.0032989;0.0028911;0.0011832;0.070785;0.023597;0.0056023;0.0030605;0.0039479;0.0018771;0.0054765;0.0025022;0.0038394;0.0053443;0.00079372;0.0021578;0.0035493;0.0031865;0.0026588;0.0011948;0.0011503;0.0011773;0.004324;0.0049228;0.072933;0.0085017;0.0010963
36;2.0299;0.039832;2;0.85;0.5;50;50;Euclidean(MinimumTimesMedian);0.0012551;0.0070203;0.0066066;0.03331;0.040807;0.00068649;0.0063813;0.00018048;0.00061949;0.038523;0.02341;0.0157;0.00061019;0.0038879;0.0094361;0.04043;0.029651;0.038962;0.021446;0.00029928;0.022846;0.0011279;0.00049303;0.011091;0.0014108;0.0012664;0.0018467;0.00095273;0.00010487;0.0010949;0.001618;0.0013877;0.039384;0.00069555;0.019664;0.0023426;0.0017508;0.034235;0.035812;0.028356;0.0054111;0.040696;0.00027842;0.0031308;0.00080374;0.0055636;0.031954;0.0029358;0.0070653;0.0020295;0.0017008;0.040261;0.0058594;0.036463;0.037426;0.003577;0.020852;0.0022888;0.0030208;0.039782;0.0033035;0.020985;0.026468;0.00044994;0.033949;0.00022965;0.034758;0.01947;0.0012691;0.037459;0.001374;0.0024825
population
1;5.2019;0.47993;0.001303;0.51362;0.32763;0.0014132;1.2511;3.0165;0.020353;1.1253;2.2403;0.93463;0.58418;0.22731;2.8518;0.44306;0.0074933;1.0078;0.0041747;0.18014;0.0076948;0.35506;1.1903;0.00047881;0.010007;1.0945;1.1081;0.04998;0.11095;0.16914;0.0099503;11.872;1.4479;0.36583;2.6845E-06;1.9077;0.068406;1.8024;2.694;0.061507;0.2253;0.38855;1.5372;0.096372;0.12422;4.1884;0.31366;0.070642;0.96609;0.30247;0.18973;0.93528;0.18481;0.024206;3.6975;0.023193;0.12765;0.072347;2.3571;0.057571;0.8144;0.8819;0.46022;0.2232;0.65515;0.051736;0.17902;0.64348;0.60778;1.3025;0.33372;0.044391
2;1.9268;1.8592;0.5288;0.64912;3.3047;1.8131;0.69044;1.479;1.2621;0.12035;1.1668;2.7341;1.0861;0.32332;0.13081;0.16122;0.029003;1.1787;0.21956;0.59563;5.6142;0.0034362;2.8041;0.20913;1.2513;0.70354;0.46028;0.080006;3.5129;0.0004493;0.18162;2.867;0.1952;4.4507;0.08815;0.057668;0.52498;0.39388;1.2935;2.5985;0.095258;0.55007;0.4227;1.6341;1.9469;3.3098;0.24352;0.94162;0.56575;4.7285;2.2921;2.1404;0.2846;0.024946;7.6196E-05;0.71166;2.2972;0.84307;8.3621;0.69264;0.97763;0.73126;0.31041;0.018187;0.41485;0.51958;0.030561;1.8397;1.4308;0.42912;1.8351;0.052264
3;2.0614;4.0964;0.063106;1.9654;0.40424;1.4806;0.51611;1.899;0.039726;0.04062;0.042389;0.43784;0.50189;0.16745;3.7651;0.75599;1.3774;0.21059;0.025451;0.4311;0.27287;1.6456;0.75046;1.7383;0.0051337;0.43208;1.7252;0.11961;0.00090943;0.1664;0.0073962;0.054963;0.010988;0.51821;0.10418;0.020289;0.19365;5.3891;0.17302;1.1684;0.0021299;0.052906;0.035587;0.43739;0.55866;1.3176;0.83848;0.21377;0.19069;0.15099;0.59151;0.75955;2.0415;0.67499;4.6384;0.57012;0.83328;0.0038109;0.071087;0.032784;1.8466;0.047085;0.35927;0.67198;0.010585;0.22678;1.1299;0.81403;0.00088199;0.012982;0.17296;3.4703
4;1.7771;0.50424;0.466;0.45715;0.46613;1.4689;1.8284;1.3309;0.13452;0.043633;0.21625;0.46262;0.4355;0.23708;0.5454;0.092508;1.5319;0.36883;1.7163;1.5828;0.30406;0.95764;0.048419;0.90714;0.86544;7.1789;2.441;1.0696;0.0056515;0.38241;0.14306;1.0097;0.0095515;0.39768;0.085979;0.71337;0.12672;2.1667;1.3192;0.84549;2.7741;0.21439;2.1749;0.40353;0.63527;0.93621;4.5161;0.57092;0.1549;2.0147;0.0018023;0.16716;8.1211;0.54127;0.88566;1.0047;0.36277;0.99298;0.0040508;0.57232;0.072276;1.141;0.0024873;0.041813;4.6006;0.70503;0.73728;2.9513;1.4273;0.079606;7.5985;0.92976
5;3.7337;4.4394;0.017134;0.46141;0.6234;0.0053204;1.9202;0.16592;0.031389;0.036672;2.9552;2.4278;4.3873;0.4456;0.2326;1.1491;3.6367;1.8313;2.3081;2.2363E-05;0.092263;0.33279;1.1911;2.5813;0.11368;1.0371;0.13262;0.31102;2.0089;0.60772;0.028771;0.33073;0.35743;0.38128;0.051179;2.9589;0.53749;0.43473;1.6049;1.5875;0.62925;3.9259;0.51845;1.2454;0.14874;0.29357;0.058039;0.3804;1.4603;1.0051;3.805;1.9976;0.62624;0.068453;0.27929;0.056057;0.08761;0.035554;0.31855;1.6482;1.79;0.20841;0.014184;0.15258;0.16408;0.32479;0.082534;3.929;0.055259;1.1242;0.030517;0.17013
6;5.0112;0.0096894;0.1558;0.071927;0.19617;0.011897;0.090361;1.0636;1.6187;5.4807;0.20866;0.58036;0.71997;0.022328;0.77662;0.46575;0.025694;0.55877;0.0050834;1.8797;0.035701;0.55225;1.0367;0.56693;5.2831;2.2874;3.9113;2.4779;0.27923;0.76019;0.070915;0.19836;0.00082048;0.12777;0.22059;0.36084;0.2262;1.9264;0.051314;0.01686;0.010262;0.47228;0.010421;3.1033;1.1776;0.0090051;0.7978;0.012148;1.7977;0.89456;0.032057;4.6507;0.013868;0.073564;2.1076;0.3602;4.7114;0.031138;0.046485;2.7382;0.22272;0.69227;0.13941;0.091645;5.3095;0.14965;0.00088214;0.39126;8.5507;0.13153;0.48458;0.0028294
7;3.2457;1.0407;0.10626;5.3297;1.6407;7.4688;0.26001;0.054792;1.3824;0.048084;0.090952;0.53598;1.2674;0.67944;2.8311E-07;2.0885;0.001251;0.46501;1.0052;1.0209;0.23808;0.584;1.9174;3.0368;1.4102;0.45615;0.011845;0.69531;0.066252;2.0771;0.71317;1.3017;0.79998;0.093332;0.82472;1.2739;0.58905;1.373;0.22511;2.6645;0.74877;0.0076786;0.036546;0.95124;0.00022836;0.26588;0.31581;3.0536;0.11144;0.29223;1.2291;1.9052;0.089405;1.5818;0.15909;2.4001;0.13883;0.7477;0.42479;0.41368;0.033838;0.70575;1.6359;0.16481;1.4174;1.7258;0.038611;1.187;0.11762;0.082579;0.045156;1.8334
8;5.373;0.27434;0.09613;0.53406;4.2552;0.655;0.14172;0.15889;0.019386;0.97706;5.1349;8.761;0.0084317;0.011997;0.0086541;0.12479;0.035098;1.0072;0.74743;0.43255;0.061123;0.47315;1.9261;0.75326;0.20107;0.051163;0.16651;1.9942;2.8929;0.56759;2.5584;6.7972E-05;0.48542;0.21672;0.83175;0.097451;0.24346;0.24085;0.48214;0.58809;0.42412;0.26257;1.8815;0.43506;3.122;0.0032079;0.20166;0.049856;0.63909;0.015308;0.091672;0.80348;0.00024573;0.0050877;0.52888;0.646;0.51481;0.052707;0.18404;0.084454;0.46592;0.088096;0.081095;0.079008;0.97904;0.30707;0.28073;0.7181;1.6171;0.46729;1.3713;0.011265
9;5.1017;1.1041;2.0424;0.25348;1.5876;0.067155;5.2619;0.0078139;0.22221;0.39117;1.8593;0.54982;0.84639;0.47494;0.016706;0.53016;0.39152;3.5804;0.47785;3.6481;0.9835;0.28633;1.1372;0.082835;0.059905;0.20139;0.10732;0.17406;0.57464;0.0014986;1.4344;0.011675;0.77463;1.5845;0.76626;0.090026;0.66688;0.35491;0.79772;1.6706;0.019135;0.22178;0.25574;1.34;0.019561;0.22758;0.049193;0.33912;0.0042399;1.841;0.95595;0.49003;0.062952;0.46895;1.1993;3.2876;0.82515;0.60166;0.53052;2.5017;0.45266;1.2134;1.4283;0.05648;4.532;0.11131;0.41181;0.67705;0.05619;1.4219;0.024704;1.3586
10;3.4194;1.3241;0.010325;1.3348;0.09523;0.51507;0.24502;0.009598;0.047847;0.020014;0.80801;0.46554;0.71797;0.62824;0.15849;0.95176;0.22865;1.0326;6.2345;1.2336;0.082434;0.099225;1.6146;0.078979;0.92275;1.5998;0.22546;0.061391;0.017267;0.81634;0.041649;0.90055;0.19377;0.091908;0.0083414;0.0022491;1.6384;0.1983;0.0047282;1.661;0.0074301;0.046017;0.056312;0.42729;3.1702;0.32882;0.07402;1.6501;0.13802;0.29097;0.68964;0.7222;0.25369;0.089352;0.65023;3.087;0.014234;0.12822;9.2619;1.8388;0.62681;2.6159;2.6097;7.357;0.10785;0.085643;0.23702;1.6317;0.80164;0.95697;0.59258;0.029974
11;3.1742;0.036811;0.00018957;0.86647;2.5809;0.17332;0.99577;2.4714;0.0036909;2.893;1.4557;0.034972;0.075787;0.17439;3.9782;0.36988;0.027353;0.90756;0.057491;0.0052809;0.019037;0.43356;0.35807;0.23165;1.0854;1.619;0.074092;0.0002447;0.57245;0.054319;0.46699;1.9102;0.41187;0.2783;0.90913;7.1999;1.9494;0.047345;0.93928;0.1843;0.76246;2.5576;1.1393;0.19787;1.1895;0.98487;4.2512;2.8033;0.76775;0.90799;2.6189E-05;1.1529;0.071434;0.28036;0.661;0.52053;0.41203;0.001005;0.19004;0.086884;1.9491;0.017188;2.5902;6.837;0.25134;1.9954;0.48857;2.0532;0.021679;0.00067148;0.48077;1.0813
12;0.14997;2.1837;0.072027;0.68581;0.24652;4.1323;1.4483;0.014675;0.18004;0.15834;5.4458;1.3544;0.37289;0.36537;2.9855;2.4711;1.7323;1.7799;0.0047545;0.15733;0.96048;0.075216;0.6424;0.47256;0.001542;1.6442;0.12825;1.1822;0.016586;3.0867;0.62033;2.7281;0.24102;1.7844;0.42799;0.010515;0.037304;3.2812;0.18154;1.8972;0.7764;1.3624;0.003337;0.31371;1.9689;3.065;0.1034;0.58017;2.1595;0.21962;0.084162;2.2831;0.50769;0.85345;9.7883E-05;0.20885;1.5658;2.2136;0.33029;0.00082218;1.8084;0.0063775;0.0098172;1.0549;0.41246;0.61247;0.14848;2.5794;0.3136;0.48175;1.0178;0.23853
13;6.2765;0.2009;2.0271;0.089337;1.3027;0.0056201;1.1442;0.25566;0.43842;0.20022;0.38775;0.39924;1.6092;1.4694;0.6757;0.92108;5.9187;0.12765;0.85382;0.40732;1.2658;0.079462;1.2679;1.8785;0.0078502;0.21182;0.90648;0.89369;0.094169;0.13395;0.038727;0.071473;0.69255;0.13409;3.1577;0.003278;0.0087504;0.29737;0.21989;1.4073;0.045377;0.034892;1.1492;0.15985;0.04485;0.0028313;0.00074285;0.13777;0.015026;0.55918;0.0020505;0.15869;0.047428;0.18299;0.1122;0.07885;0.10134;0.82865;0.08615;0.14274;1.1686;3.0366;0.030756;0.45837;1.1658;0.010614;0.051754;0.12682;0.5445;0.83608;0.91299;0.52216
14;0.98306;0.07964;1.8718;4.0035;0.5792;0.23383;0.43799;0.80646;0.12922;0.0013465;3.9989;0.99099;0.4069;0.04351;2.1554;0.19391;0.02479;2.4776;2.2679;1.1745;1.0843;0.27272;1.9872;0.42029;1.163;0.71139;0.23814;0.50949;0.39275;0.029083;0.27151;1.5912;1.0656;0.084374;0.107;1.8195;0.20538;2.726;0.3683;0.21104;0.0010488;0.35149;0.07352;2.6845;0.45143;0.70796;0.081099;4.3556;0.42978;0.76899;0.0029536;0.059029;0.50886;0.39557;1.9811;0.74225;0.40312;0.23862;1.4343;0.70802;0.83652;2.7586;8.2836;1.8959;8.8248E-06;1.2511;1.3742;1.7207;0.44101;0.24406;2.6544;1.141
15;0.90663;1.3383;1.6419;0.14589;0.03131;0.0052321;1.6279;0.84386;0.036987;1.2079;2.4815;1.0845;0.81072;0.14948;1.8957;2.6366;0.43392;0.75426;1.8674;1.7975;0.16051;1.3676;0.19109;0.18859;0.70326;0.0092879;8.473;0.12915;1.6412;2.6709;1.6249;0.36124;5.5309;2.0179;8.9763E-05;1.7672;0.00034746;0.79028;0.6649;0.071206;0.18347;1.1805;2.5919;2.1141;2.5756;0.048542;0.062486;2.523;1.4269;0.018689;0.078025;1.3842;1.749;0.00063378;0.025541;3.6012;0.056765;0.35467;0.20423;1.1172;6.4083;0.017055;1.6516;0.97617;0.57936;0.53251;0.0736;0.16768;0.0088482;0.23575;0.16504;0.81213
16;2.8952;0.59186;0.07077;0.73365;0.43039;0.66855;2.3024;0.41684;0.82234;1.025;0.10391;0.15471;2.4446;0.026602;1.767;0.047956;0.36086;0.51438;0.01719;0.60306;0.00050688;0.49257;3.9169;4.4559;0.0013526;4.2932;0.31015;0.011611;0.36965;0.45044;0.072912;3.8604;0.89284;4.2443;0.15526;0.16961;0.20287;0.86111;0.32101;1.8562;2.9411;0.51437;0.00015876;0.57295;0.36145;0.16379;1.8353;0.13536;0.041339;2.7731;5.1936E-05;0.16933;0.64134;0.047857;2.1815;0.10354;0.44808;0.71629;0.41112;1.8891;0.37268;0.017233;4.9882;0.2769;1.465;0.089681;4.1237;0.18106;1.5056;0.00046327;4.682;0.12729
17;2.234;0.013592;1.8015;1.5463;1.3213;0.46255;0.66748;1.8487;1.0136;4.6873;0.00044794;0.65365;0.18861;0.33468;4.3543;0.11897;0.23407;0.80495;0.72627;0.48956;0.15421;0.28162;0.026422;2.7643;2.4107;0.46877;3.7025;1.1922;0.068175;4.1647;0.038905;1.5368;0.56806;2.1156;0.070066;4.5072;0.034809;2.638E-05;3.8175;0.039518;9.2803;0.68849;1.2512;0.01882;0.218;0.24539;1.4726;0.0046658;0.56479;0.011064;0.23316;1.554;2.1552;2.344;1.5925;0.18338;0.40831;0.027003;1.3035;0.71923;0.68406;0.54157;1.7313;0.028854;0.0022563;1.6963;2.0723;0.69232;0.041976;0.042462;0.55872;0.00019634
18;1.3758;0.98161;3.2086;0.25487;0.1578;3.6681;1.0531;0.088032;0.23054;0.11432;0.54138;0.083366;2.0384;4.0148;2.4388;0.012323;0.88305;2.6719;1.5074;1.9163;1.749;0.63921;2.3877;1.2498;4.965E-06;0.0023091;1.4015;0.0671;0.025238;0.46827;1.2942;0.60663;0.10509;0.52596;7.318;1.7149;1.9196;0.0031659;0.34911;0.14785;2.9972;0.11202;1.9184;0.20015;0.46984;1.3211;0.17527;0.06054;1.5879;0.00077584;0.98504;0.038938;0.32559;0.19109;2.8171;0.18192;0.077477;0.10301;1.1724;0.19238;0.37373;0.00426;4.5246;0.017085;0.23081;0.1211;0.092526;0.12544;0.17523;2.5295;0.0029981;0.00058431
19;6.7756;0.12607;1.7535;0.0021009;0.11326;2.0826;0.46406;2.2525;0.097965;0.035621;0.082002;1.5589;1.5819;1.1366;2.9222;0.2543;0.69061;0.36821;0.9146;0.64074;0.87251;0.027269;0.036332;3.3986;0.3214;0.036472;0.12663;3.5549;2.2239;0.032917;0.20732;2.7382;0.20096;0.001184;0.18723;0.041656;0.00039265;0.04198;0.040521;0.95696;0.67938;0.0010451;0.042636;1.5237;0.001296;0.3586;1.4788;0.36921;1.0814;0.14031;0.90632;0.26287;1.1015;0.0097861;0.33014;0.66969;1.2722;0.46773;0.061061;6.5099;2.6012;3.7046;3.8787;3.048;0.010357;1.5996;0.88376;1.9369;1.7362;1.6924;0.00020366;0.62576
20;5.344;0.046701;0.59731;0.061118;0.085382;0.12398;0.010295;0.098535;0.090974;2.9864;4.3057;0.029518;0.14419;0.10037;0.45261;0.22704;0.037646;1.4163;0.49398;0.066267;2.4203;0.071719;0.68216;0.33325;0.072166;0.0051474;0.86273;0.087382;2.4633;0.063955;3.2158;0.016935;0.39886;0.035332;0.11913;2.1092;0.051723;0.01585;0.057192;0.015648;2.4372;3.1129;0.42627;1.593;0.09547;0.0038381;0.070991;0.18584;0.47569;0.35395;0.40789;0.34633;0.0025311;0.35566;1.317;0.020814;0.57879;1.9222;0.095255;3.1003;0.056867;0.33492;0.62949;0.35134;2.5566;0.69613;0.0026895;3.7121;0.76617;2.2969;2.5411;0.0027869
21;0.73204;0.074259;0.030449;0.44186;0.008705;0.3303;0.31353;4.7435;0.0030908;0.00041706;0.20949;0.25082;11.538;0.050418;0.35856;1.6287;0.37203;0.0057672;0.22093;0.96897;4.0344;0.20031;0.38006;4.0766;0.014798;0.0040774;4.0019;0.23733;0.25843;0.031256;1.0872;0.34436;2.3043;0.40318;0.0068167;0.84898;0.075224;2.1988;0.45153;0.00097647;4.1423;4.5459;7.3685;0.58828;0.009133;0.059728;0.068176;0.14752;1.2788;0.45041;2.7252;0.049897;0.8387;0.31291;0.55127;0.036169;0.39762;0.30508;1.608;1.6876;0.56767;0.60594;1.5686;7.6923;0.01361;3.5556;3.8414;0.034284;4.177;0.00098494;0.061797;1.5342
22;1.112;4.368;0.37058;3.7701;0.29544;0.77264;0.14785;0.24565;1.3962;0.061811;0.37881;1.8031;0.10052;0.048977;1.3895;3.2514;2.2883;0.21763;3.3053;0.74395;0.0095875;0.2281;0.37494;0.75705;0.023141;0.019224;0.38471;0.78639;0.0039788;0.025793;0.38075;1.1104;0.17415;0.032491;0.47763;0.33054;0.017404;0.47784;1.0404;0.76643;2.6242;1.1839;1.9431;0.18305;0.0060197;0.34243;0.15489;0.00013661;2.6764;1.6256;0.0080847;0.18133;0.30143;9.6852E-10;2.5712;0.26788;1.9092;0.44913;0.31556;0.38336;6.4243;2.2344;1.0289;0.76149;2.6161;0.047572;0.479;0.35797;4.0077;1.3355;0.75474;0.00012652
23;4.4192;7.992;1.3089;0.086357;0.0078258;0.21868;1.1223;0.44489;3.0775;0.57064;0.015225;0.16388;0.30766;1.9679E-06;0.55043;0.0086391;1.6652;0.93772;0.26405;3.4703;0.026503;0.23137;4.0092;1.0659;0.326;0.062318;0.89828;4.0199;0.0327;2.6799;2.5199;0.14012;0.047451;0.69094;1.2178;1.7738;0.54097;0.15259;0.17841;0.87432;0.28424;0.059905;0.17051;1.9913;1.804;0.12307;0.41619;5.7835;0.16555;0.97109;0.15362;0.012972;0.1907;5.1231;1.527;1.8826;0.030088;1.6951;0.062566;0.014974;6.3775;0.58811;2.2464;4.9097E-05;0.38217;0.42747;0.028379;1.6706;0.036845;0.14066;0.017021;0.18259
24;6.1963;0.88446;0.39869;0.0023409;0.0196;1.3208;0.57172;0.031346;0.18437;3.618;1.2528;0.00047662;0.15394;0.0041534;0.045051;4.1865;0.91787;0.021062;1.041;0.49908;1.6998;0.20966;0.10008;0.49332;0.50852;2.4063;0.53742;2.997;0.091489;1.543;0.1026;1.2907;2.2834;1.1657;0.19609;0.49165;0.19651;1.6239;0.65453;0.033303;1.1711;2.0338;0.27553;0.39405;3.2203;0.065596;1.694;0.095331;3.0212;0.017407;6.7952;2.8821;4.1551;0.14807;0.059517;6.9962;1.0416;0.5207;4.407;0.14882;3.4335;0.34628;3.4394;2.8666E-05;0.28119;0.86399;2.7074;1.1796;3.6871;0.16298;0.021846;0.40372
25;2.0708;0.0074579;0.7535;1.6811;0.085867;0.93598;0.14399;1.1025;0.2114;2.9271;0.041893;0.75074;0.33851;1.6127;0.050639;3.3755;0.9841;0.39857;0.2139;6.0885;1.0676;0.041582;7.1863;1.4727;0.0051655;0.20272;1.8075E-06;9.5418E-07;0.065532;0.87145;0.031552;1.1134;0.13986;2.7387;2.938;3.7177;3.3076;0.30704;0.14183;0.095482;1.8877;0.18505;1.2202;0.02261;0.20563;0.38796;3.8591;2.9471;1.0547;0.11619;0.018044;0.10965;1.5173;1.2505;1.6459;0.86819;1.1047;0.027602;1.8231;0.02781;0.0091919;0.88532;0.028557;0.11525;0.56394;0.038863;0.057989;0.034429;1.7299;0.91776;0.18398;0.084127
26;4.0806;0.014533;0.001151;2.5933;1.3235;1.3124;0.015994;0.061072;0.097752;4.1551;0.98766;3.0106;0.78005;0.064431;0.77819;1.0546;0.25637;0.00072739;0.48223;0.64618;3.4399;0.72865;0.00045702;0.0031087;0.8311;3.3056;0.74215;0.00027585;0.48639;0.040715;2.5545;0.39863;0.5254;0.087068;0.65015;0.14025;2.1567;0.050334;0.90632;0.46933;0.047646;0.30221;0.37465;0.0023892;0.17322;0.53344;0.11116;0.15873;1.1149;1.3443;0.65147;4.8751;0.75734;2.7259;0.9694;0.049126;0.018614;2.3366;0.036513;1.057;0.39888;0.36765;0.57631;0.20721;0.40549;0.83884;0.2528;0.10198;0.092252;0.26373;0.044973;0.03105
27;3.0527;2.1955;2.4728;0.2405;0.69508;1.163;0.024912;0.72766;1.2905;0.065325;0.0064786;0.48468;0.016619;0.073801;1.3319;2.6407;1.0316;0.45733;0.51695;0.39966;3.3736;1.0561;1.8693;0.041097;0.13663;0.67862;0.37772;0.020151;1.827;0.095505;1.8829;0.86569;0.0068624;1.043;1.4176;5.8732;1.625;1.4417;3.0125;1.6162;2.2291;0.051888;10.057;0.30826;0.19765;1.3347;1.0155;0.024479;0.36367;1.4137;0.30253;0.36279;0.010183;0.27069;0.97514;0.11184;0.48455;1.5022;1.4072;1.1794;0.55003;3.3229;1.6713;0.033233;0.34181;0.10741;0.86505;0.77663;2.148;0.10792;0.018183;0.83491
28;9.4343;0.3101;0.3577;1.7646;1.1788;0.52353;0.30883;0.32961;0.647;0.72717;0.008651;0.11294;0.14581;0.45248;0.028738;0.016113;0.72755;0.085875;0.13189;0.045789;3.5812;0.31014;1.4397;0.52622;2.4032;2.8694;1.426;0.087479;1.0173;0.12433;0.069899;0.019515;0.16021;0.68011;0.0013911;2.0472;0.2919;1.1694;0.067711;0.7183;0.0040307;0.076787;0.21363;0.51909;0.10686;0.029434;2.9683;2.1794;0.48178;0.29984;0.58534;7.8143;0.050059;0.037025;0.071088;0.0010822;1.8582;9.6391;0.34822;2.2773;0.065761;0.32907;1.1735;0.13205;0.1536;0.76415;0.48218;0.35307;1.455;1.2147;0.030995;0.57692
29;1.8169;0.49216;0.011855;1.8682;1.4893;0.016086;1.4545;1.1063;4.4005;2.7987;1.5279;0.73786;0.34397;0.03958;0.14986;0.67649;4.9795;1.3171;0.24339;0.0029911;1.1487;0.96178;0.24474;0.13314;0.10621;2.3553;1.1443;3.1442;3.8892;0.6904;4.6935;0.34277;0.52801;0.0048359;1.1148;0.39484;1.4094;0.010689;0.27956;0.83704;0.0047089;0.00020526;0.024087;0.11425;1.3942;1.2425;0.1456;5.2924;0.033264;0.6712;1.467;0.87514;0.45107;1.8614;1.6869;0.25159;0.2941;0.020214;3.4606;0.68173;0.94825;1.128;0.055031;0.60805;0.31399;0.0004395;6.9994;3.0436;0.039023;0.02053;0.0039431;5.0225
30;1.8698;0.088806;0.22786;0.65147;3.0778;1.7888;0.16089;0.21349;0.0036272;0.63187;0.51462;0.21375;0.72796;0.015484;0.038649;0.00018301;1.1056;0.89897;3.7738;2.6911;0.20387;6.347;0.0087056;0.42146;4.006E-05;0.73247;0.21667;1.3964;0.49412;4.1303;0.044575;5.6812;2.0117;0.089298;0.090127;0.016133;0.41152;1.6465;0.0081013;0.86456;6.739;1.6334;0.068182;4.5973;0.0057741;0.98399;0.21894;0.33713;0.87305;1.2129;0.040237;2.4176;5.6586;0.31816;2.0148;0.67507;4.3049;0.75177;2.8463;0.28984;0.49786;4.2206;0.4515;0.40173;2.8584;0.34428;0.57197;0.00069574;1.5133;0.68678;3.2463;3.2579
31;0.33951;0.4978;0.83787;0.18826;5.1995;0.31763;0.050672;0.66889;1.9516;0.025502;0.0036235;1.2471;1.6105;0.15039;0.12603;1.0578;0.74278;0.47712;0.5729;0.13464;0.20129;0.029553;0.32838;0.1382;1.4808;0.23642;0.011636;0.23069;3.0209;1.1732;1.1755;3.1558;0.58146;2.6722;0.19163;0.6869;0.56241;0.72168;0.34276;6.1184;3.9694;1.5608;0.088424;1.4523;0.096799;1.642;0.87587;0.22973;0.0017592;1.6091;0.14412;2.0554;0.013449;1.739;0.024765;2.522;0.83898;1.6915;0.0099884;0.15635;0.7227;0.77953;0.017541;0.22847;0.27195;0.021537;1.6749;0.77838;1.8548;0.60218;0.30324;0.017179
32;1.8873;0.10831;0.045892;5.0397;0.57471;3.3911;0.48413;1.0092;2.4189;0.17428;0.66145;0.012322;1.128;2.8242;0.11306;0.017071;0.21746;1.1991;0.93101;0.3808;0.62375;0.82971;2.2783;0.47556;1.0471;0.0005358;0.4319;0.074585;0.54521;0.23628;2.1313;2.6082;0.11431;8.709;2.6932;0.38856;0.53126;0.060748;0.028751;0.034985;0.20168;0.0084949;1.7825;1.0426;0.65047;0.69547;2.4334;0.80571;2.9087;0.053535;0.68031;0.0062075;0.33994;0.39053;0.050146;0.11344;0.015335;0.25738;1.0445;1.4077;2.5183;0.23126;0.033483;0.010217;0.42834;3.4991;2.5499;0.89453;1.0621;0.00026908;2.3271;0.00016718
33;0.39763;2.7641;0.42243;0.027864;1.7628;0.050405;0.037637;0.24119;0.073512;0.10545;0.36584;0.038414;2.9923;0.0015123;1.3338;3.5486;0.65193;0.038892;0.27633;0.067703;0.30699;1.6821;0.86477;1.2883;0.57805;1.9003;0.30534;0.036306;0.10778;0.0032901;1.9465;0.0093143;0.61854;2.8249;0.11015;2.1255;0.00021052;0.003924;0.147;0.12277;0.36341;0.55117;0.20585;0.65045;0.0031997;0.00024226;0.023721;0.028971;5.3603;2.3174;0.98862;1.0824;0.029628;1.9634;5.269E-05;0.18882;0.023467;6.6427E-05;0.89954;0.47115;0.36766;0.24373;2.9914;0.024408;0.70639;0.20462;0.13437;1.0103;0.54592;0.0019457;2.8929;1.825
34;8.5216;0.065854;0.001137;1.5383;1.2256;0.20815;0.86033;1.4635;0.18751;0.4155;0.65556;0.70141;0.60289;1.094;5.0175;0.15532;0.84648;0.8848;0.98372;0.77536;0.79681;0.46973;0.1364;0.12519;1.6842;0.23685;1.7462;0.59483;4.5041;0.34147;0.54239;2.5528;4.2246;0.013378;5.9125E-05;0.18475;0.012252;0.0041975;1.5335;0.43056;0.014442;2.8533;3.2167;1.0722;0.14758;0.88721;2.427;0.10816;0.12095;0.018442;0.46346;0.030042;0.40278;1.1477;2.2118;1.2447;0.39889;0.18437;1.0785;0.099381;4.304;8.4494;0.9498;1.0344;1.352;0.016524;0.81136;0.55674;7.9906;0.32453;0.17065;0.089443
35;1.1672;0.70796;2.2916;2.2771;0.35673;1.9495;0.16549;0.00056491;1.8262;0.34355;0.55058;0.12873;0.19727;0.061468;2.1658;0.17546;1.4346;1.4482;0.13395;0.23932;0.018447;0.00362;0.12451;6.0747;0.49738;0.011199;4.9187;0.21787;0.17477;1.2563;0.26205;1.6659;0.071322;0.13141;2.4112;0.47385;0.0044156;0.004586;4.6765;0.2948;1.9135;0.080956;5.052;1.5509;1.0479;0.39001;0.51299;0.0047862;0.024881;2.5245;0.015957;0.51105;0.28251;0.14135;1.2965;0.051773;0.27241;0.11122;0.027485;3.9288;0.35438;0.41573;0.65228;0.41572;0.0073691;2.4328;0.66405;0.13936;0.12389;3.8273;0.62681;2.8565
36;7.524;1.2904;1.503;0.24983;0.53921;0.66232;1.6992;0.00076798;0.20642;0.49772;0.57533;0.14759;1.4696;0.83575;0.062493;0.55498;0.056109;0.92875;0.59269;0.036626;0.11479;1.6039;3.3217;0.061437;2.0445;0.37195;1.6012;0.027146;0.43039;0.28595;0.051007;2.7162;3.3703;0.048443;0.048994;4.07;1.458;0.50555;0.17107;0.51491;0.86738;1.4826;0.00063923;0.018618;5.6525;0.0001598;6.7478;4.7856;0.33933;0.0011552;1.4205;1.9576;0.57068;2.0454;0.72247;0.33471;0.50534;0.0089208;0.021074;0.014435;2.0498;0.66779;3.8894;1.4058;0.0049745;0.42874;0.0029486;0.47192;0.21665;2.3642;0.041411;9.8292
37;5.0828;0.023116;0.03446;1.9198;4.0274;0.1635;1.4342;2.6948E-05;0.38475;0.00014557;0.75013;0.42199;0.37079;0.058771;0.23174;0.15068;0.00069618;0.025701;0.16505;0.78711;0.0027912;0.48341;5.5145;0.013943;1.078;2.1872;0.23053;2.168;0.056477;0.011892;3.8227E-05;1.353E-05;0.0019249;0.25721;0.024925;0.017884;0.41568;0.30301;1.2087;0.0029885;4.072;0.61884;0.046834;0.21635;0.012283;0.011489;4.2555;0.0056033;0.15491;0.37762;0.025964;0.81293;1.1801;0.0043535;0.11025;0.11967;0.24057;5.2399E-05;0.029274;6.2145;0.20575;0.05218;0.74942;1.3817;0.085445;1.3393;0.60354;0.76744;0.33968;1.1773;2.4652;0.77435
38;2.3265;0.013152;0.10792;0.80649;1.1703;1.7378;0.11729;0.68531;0.040367;0.11307;1.0432;0.021702;1.2346;0.10091;0.53211;0.0034864;0.57025;1.1104;2.545;0.23166;0.40947;0.042197;0.42812;1.1382;0.042423;0.0034898;0.58406;2.2383;0.24697;0.069053;0.18571;3.3963;7.5235;0.04422;0.00035113;0.56711;0.029456;0.12076;0.24004;1.3539;0.00058423;0.012693;0.0092508;1.4821;0.26746;0.94448;1.3694;0.016898;0.24464;2.1826;2.8931;3.6926;0.0080202;0.84729;2.6216;1.4233;1.6994;3.9118;3.5476;0.077649;7.8931;0.30934;0.23347;1.157;4.2119;6.7819;0.40667;1.4935;1.1855;0.28138;0.10905;1.924
39;0.20072;0.0015836;0.30163;3.0947;4.0599E-08;6.8128;1.5474;2.7591;1.3659;3.0017;0.17526;1.5049;0.47131;0.9503;0.00014746;0.079796;1.0324;1.3027;0.63552;0.15327;0.091686;0.34286;0.93338;2.7087;0.0072525;6.4455;0.55709;1.3005;1.1598;7.4001E-05;0.34909;2.8878;1.1799;0.51479;4.1999;1.8119;0.031029;4.4423;0.91501;1.1432;0.27001;0.1281;0.0075333;0.10378;2.7793;0.060428;2.1062;1.7341;0.097837;0.17542;0.060414;0.41286;0.49945;1.3238;0.21324;0.50944;0.26035;2.0659;0.010804;2.2498;0.6497;0.00045452;0.031295;0.18127;0.08549;1.4933;0.18772;1.1609;0.10802;0.19988;0.75133;0.042047
40;3.9548;1.7435;0.12153;1.0665;0.39;0.022965;0.079909;0.01335;1.3349;3.5145;0.011437;0.10691;0.064825;0.052999;0.6718;0.21699;0.62256;1.5752;3.8012;0.062821;0.39837;2.5341;0.88644;0.60473;0.41402;0.89521;0.53013;0.40608;0.12122;0.33591;0.06482;0.153;0.61599;3.8736E-07;0.0010747;2.2277;0.35022;0.14448;0.13282;0.033066;4.7295;0.012141;2.1321;0.073938;0.0062468;1.737;0.14036;0.077024;0.143;1.3415;0.21515;0.60187;2.0927;0.22218;0.038166;0.77647;0.002894;0.20143;0.0037046;0.011271;1.7564;0.12326;1.1231;0.088412;0.0048283;0.41163;0.73069;1.4782;3.0895;3.4746;2.5682;0.022267
41;3.5719;1.1536;0.07438;0.013298;2.6117;1.3829;0.012174;0.062947;4.8017;0.014339;2.4005;1.5109;0.08647;0.5347;1.7837;0.25275;1.2726;0.086201;1.0466;0.27291;0.10868;0.033136;0.22336;0.13741;0.76191;0.018663;0.21372;0.11591;1.4659;0.50778;1.8358;2.9535;0.42766;2.22;0.055279;0.077083;0.21413;0.23023;0.17195;4.0392E-05;0.11344;0.6375;0.52428;1.7366;0.016031;0.018429;0.92884;0.46392;0.27136;0.038695;0.084168;4.5428;0.19948;0.26517;0.16126;2.3957;0.20861;1.4143;6.4224;1.4601;5.1564;1.3798;0.010771;0.98807;2.63;1.2198;1.6442;0.097683;0.44807;0.41385;0.19702;0.06717
42;2.4698;0.26998;2.7496E-05;0.5625;1.1314;0.024652;1.2237;0.69794;4.6875;3.6498;3.5523;0.56954;0.19226;0.43821;0.035674;0.12172;1.1964;0.24791;0.19894;2.2274;0.0053959;0.024334;3.728;3.392;0.7529;0.45302;1.9165;0.41571;0.012381;0.41212;0.039322;0.41914;0.058566;0.82337;0.55426;2.9513;4.2004;1.1077;0.50489;1.7524;0.48767;0.19005;3.8936;0.0067989;0.1033;0.31602;0.20503;0.046429;0.27558;3.1553;0.092349;0.093761;0.016031;0.93124;5.8141;0.98393;0.027481;3.417;0.071226;0.62651;0.045573;0.15087;0.017123;0.19666;3.9548;0.015339;0.57006;0.3765;0.0055998;0.66349;4.0927;0.00050043
43;0.5384;1.5843;1.5579;0.018054;0.4531;9.4616E-05;0.15445;0.59627;0.0019601;3.148;0.4675;0.038149;0.1185;0.50435;1.1557;1.6638;1.5154;0.89262;0.17344;2.6171;0.12948;0.00077083;0.65712;0.24846;2.9233;0.84707;0.01664;0.0018456;0.10626;0.11019;0.061729;0.16192;0.42896;0.32139;1.5283;0.16779;1.826;0.057984;0.12173;0.19749;0.36625;1.178;0.15488;0.031165;1.3877;0.59179;1.3683E-06;2.0474;0.06225;0.35007;4.0299E-07;0.12316;2.833;0.0043807;0.3912;0.02297;0.7533;0.13627;2.4874;3.7605;0.13746;0.23908;0.053153;2.0976;0.12673;0.65598;1.4397;0.10259;1.0734;0.00037732;0.16366;0.11774
44;1.4743;0.0036385;1.6028;0.1932;0.68268;0.00014875;0.0087599;2.1339;0.054836;0.31483;1.8774;1.2932;0.21294;0.21309;0.53119;8.5808;3.2798;1.2377;0.011301;4.3061;3.5194;3.2659;0.3283;0.73902;0.73657;4.7981;0.69316;0.94804;0.47462;0.53072;1.8868;3.2868;0.91763;1.8555;1.2574;0.17485;0.0036828;0.17944;0.15416;1.7087;0.10793;2.5395;0.033471;0.35502;2.6263;0.042845;1.6067;0.047467;0.75274;1.2379;0.53297;0.031923;3.3501;0.0015849;0.14905;1.1501;0.32798;0.26902;1.3343;0.31059;1.0335;0.6163;0.90223;0.082215;0.00016352;0.075143;0.5098;0.13933;0.13151;1.2229;0.90244;2.0594
45;7.0636;0.11246;0.015459;0.17377;4.0813;0.002578;0.0091651;1.9552;0.39444;0.87447;0.23389;0.35371;0.33756;0.030366;1.2914;0.97526;1.5652;0.83908;0.032325;0.3438;0.0068225;0.22658;0.02977;0.49339;0.32983;0.18527;2.0268;0.0019468;0.90572;3.5549;0.0053771;2.6631;0.83878;0.18537;0.0046534;1.7126;0.73935;3.4224;0.0028175;0.20131;0.092949;0.51496;2.5424E-06;0.012801;0.39265;0.68392;0.89308;0.62939;0.53748;1.8168;0.12607;0.41705;0.59142;0.55256;1.1038;0.00092486;0.47855;1.9679;0.021948;0.65846;2.9057;2.4276;0.17845;0.68502;0.050804;1.9639;0.11933;4.242;0.47806;1.0537E-05;0.0012021;0.85832
46;6.1877;1.2475;0.058159;3.0675;1.6572;0.06646;1.3006;4.0981;1.2106;0.54329;7.1094;0.035898;0.0040155;0.69831;1.8426;5.0529;0.62836;1.4473;0.17921;1.4849;0.097052;4.7583;5.019;0.094062;1.4469;2.4177;0.00071904;1.0454;6.1791E-05;0.0013667;0.075507;1.3088;0.79201;0.95294;1.0378;6.063;0.97921;1.965;0.35157;2.243;0.76522;0.22335;0.52296;0.93381;0.5421;1.9926;1.9476;1.606;0.053163;4.6089;0.067204;0.11433;0.46466;0.010231;0.17075;0.16449;0.46329;0.54792;0.73564;0.030113;3.0266;1.8082;2.6664;0.18388;4.4706;0.17732;0.75229;0.00045065;0.012281;0.39277;0.017383;0.041399
47;4.0084;3.0168;0.014818;2.6551;3.0321;0.11579;0.0035909;0.026954;0.44346;1.2804;0.78427;0.86104;6.07E-05;1.0562;0.51706;1.3465;0.49544;0.34488;0.78379;1.25;1.2888;1.6391;0.0014023;0.068663;1.0293;0.18109;7.1704E-07;0.53224;0.92733;0.0070087;0.92758;0.73513;0.1278;0.077697;0.34285;0.017352;2.0271;0.28139;0.16898;1.8683;1.7914;0.03818;0.40173;0.14648;0.027232;0.19358;0.10637;0.021902;3.0691;0.20452;0.16801;1.0746;0.48808;0.0064202;0.041713;0.63858;2.5961;5.0445;4.4336;0.00094832;0.43496;0.2675;3.5419;0.27231;0.045807;0.29264;0.089503;0.16283;0.0050832;2.5814;0.015098;3.7873
48;2.863;1.0718;0.040394;0.3175;4.6463;0.79939;1.7383;1.4853;0.0070502;0.086094;0.053532;0.14375;0.10135;0.0050597;0.046589;0.7529;0.25476;0.11355;0.59513;2.6465;0.31709;0.39778;0.73827;0.60571;0.060273;0.086038;0.038628;0.95076;0.077895;0.082445;3.4872;1.9071;0.27316;0.18068;1.2094;1.6726;0.00096007;1.0143;3.0195;0.0042841;0.0019478;0.051811;0.49705;0.19161;1.0748;0.42271;2.0825;0.019628;0.41322;0.441;0.90034;0.0009639;0.31938;0.12839;0.50031;4.1104;0.81463;1.111;0.71005;0.77188;2.2908;0.36795;0.12801;0.51502;0.8295;0.95158;1.9975;0.00010823;6.8492;0.084822;0.019776;0.7651
49;5.6053;0.012042;1.5163;1.592;2.833;1.2859;0.56441;0.30307;0.23048;5.2659;0.019242;2.0262;0.10194;4.1951;0.31567;0.04366;1.9359;3.6539;0.3092;0.003575;0.48922;0.15863;0.0052804;0.12631;0.071034;0.4288;0.0063704;1.9891;0.0050512;0.0071184;0.019237;0.45678;0.69078;0.50471;2.4004;1.1884;0.3282;0.072702;0.55578;3.1988;0.93754;0.0075583;0.101;0.83944;0.42028;0.31895;0.98545;2.9041;0.2094;2.5675;1.541;0.86034;1.3542;0.006146;0.22652;0.12446;1.0883;1.2929;0.53939;2.5084;3.3705;1.71;4.217;0.46266;0.2271;2.279;0.47293;0.62946;0.26587;0.25615;0.38263;0.00022488
50;0.63037;0.068605;0.00062548;0.1532;0.39555;1.7787;0.6737;0.13844;0.92993;1.9228;4.8526;0.90814;0.69469;0.41263;5.21;0.00070583;0.53273;0.0012371;4.8051;8.0255;0.070204;2.2682;0.098724;1.0191;0.90778;1.4399;0.3546;0.023015;0.29108;0.055304;0.46505;0.47122;0.43779;0.1875;0.24846;0.089348;0.23533;1.4914;0.27197;0.27597;0.83364;0.93671;0.46094;3.1606;0.051274;3.2217;2.831;0.57325;0.36474;0.0882;0.060827;0.24194;0.14367;0.72771;0.47505;0.0070057;1.1478;0.22308;1.901;0.062223;0.2354;0.35486;0.070733;2.3421;0.282;7.8157;0.34073;0.2133;0.067751;0.074142;0.084141;0.054195
normalized population
1;0.80159;-0.38261;-0.78874;-0.48986;-0.70166;-0.68837;0.52656;1.9467;-0.68228;-0.07853;0.56524;0.043284;-0.20174;-0.36357;1.1912;-0.4142;-0.8387;0.1232;-0.75828;-0.63972;-0.68408;-0.37031;-0.086227;-0.80224;-0.78146;-0.063233;0.038297;-0.74588;-0.61694;-0.5027;-0.75865;5.2592;0.37101;-0.39827;-0.62706;0.30813;-0.66307;0.70733;1.9231;-0.7991;-0.58172;-0.38091;0.21394;-0.79147;-0.61959;3.6224;-0.60449;-0.64181;0.13867;-0.62505;-0.43957;-0.17212;-0.50602;-0.6673;2.1122;-0.67615;-0.66312;-0.58613;0.48097;-0.74126;-0.43241;-0.12499;-0.5499;-0.41892;-0.26892;-0.63895;-0.55602;-0.33941;-0.35421;0.60817;-0.41884;-0.55591
2;-0.61701;0.52984;-0.15737;-0.38722;1.4598;0.46361;-0.094481;0.52411;0.35934;-0.71732;-0.07478;1.3874;0.08818;-0.25615;-0.76672;-0.58868;-0.82081;0.32857;-0.59565;-0.37841;3.7167;-0.66115;0.92875;-0.64687;0.50714;-0.30555;-0.37833;-0.71655;2.4169;-0.6571;-0.60145;0.65958;-0.50475;2.2585;-0.56105;-0.77739;-0.15489;-0.46305;0.54382;1.4864;-0.65073;-0.2296;-0.368;0.79196;0.92751;2.6992;-0.65224;-0.059848;-0.24379;3.2826;1.3161;0.5983;-0.44071;-0.66651;-0.86141;-0.16258;1.5528;-0.11427;3.4067;-0.31125;-0.34752;-0.2263;-0.63746;-0.53707;-0.43199;-0.33572;-0.67236;0.77769;0.067444;-0.34162;0.58459;-0.55128
3;-0.55871;2.0098;-0.71477;0.60987;-0.64604;0.25223;-0.28761;0.91274;-0.66603;-0.768;-0.74518;-0.32781;-0.24926;-0.43054;1.8484;-0.22047;0.30078;-0.83436;-0.74222;-0.48189;-0.47594;0.69708;-0.36289;0.49182;-0.78652;-0.47381;0.43519;-0.67785;-0.71507;-0.50521;-0.76099;-0.77675;-0.63353;-0.29917;-0.54904;-0.79933;-0.52367;3.6876;-0.55967;0.19806;-0.70015;-0.69535;-0.57014;-0.44032;-0.25083;0.60578;-0.24713;-0.54618;-0.6021;-0.75878;-0.10405;-0.28446;0.70916;0.021794;2.8689;-0.26816;0.057602;-0.62809;-0.63278;-0.75805;0.10437;-0.68647;-0.60891;-0.16029;-0.70633;-0.52549;0.18912;-0.18014;-0.66513;-0.79415;-0.52627;1.4575
4;-0.68187;-0.36653;-0.23254;-0.53265;-0.6011;0.24474;1.1661;0.3871;-0.58651;-0.76609;-0.64152;-0.3093;-0.28761;-0.35264;-0.4684;-0.63123;0.42936;-0.64428;0.53449;0.24241;-0.45146;0.12808;-0.80442;-0.12711;0.10661;3.7082;0.89558;0.25036;-0.71084;-0.3075;-0.63676;-0.28911;-0.63454;-0.37756;-0.56267;-0.39266;-0.59817;1.01;0.56908;-0.092813;0.77088;-0.54406;0.54693;-0.47519;-0.1858;0.20501;2.257;-0.30754;-0.63629;0.88666;-0.5965;-0.66316;4.6881;-0.1198;-0.1492;0.056027;-0.42296;-0.022492;-0.66544;-0.39272;-0.81835;0.049268;-0.81742;-0.52345;2.4085;-0.21551;-0.11854;1.8158;0.06562;-0.7217;4.4364;-0.035571
5;0.16562;2.2367;-0.76979;-0.52942;-0.48691;-0.68589;1.2679;-0.69087;-0.67303;-0.77051;0.99147;1.1587;1.9948;-0.11934;-0.69348;0.022921;2.1801;1.1124;0.98141;-0.75299;-0.6177;-0.38874;-0.085741;1.1195;-0.67383;-0.09881;-0.58906;-0.49083;1.0757;-0.10128;-0.74142;-0.63589;-0.39133;-0.38823;-0.58874;0.92492;-0.14097;-0.4291;0.85052;0.57569;-0.36735;2.9329;-0.318;0.39165;-0.59878;-0.47028;-0.77854;-0.43484;0.61083;-0.0047405;2.5794;0.50702;-0.21712;-0.62045;-0.63686;-0.65164;-0.70401;-0.60865;-0.51221;0.33578;0.074936;-0.57797;-0.81059;-0.45961;-0.60217;-0.46197;-0.63163;2.7288;-0.63727;0.41425;-0.62147;-0.48201
6;0.71896;-0.69369;-0.60382;-0.82446;-0.7971;-0.68171;-0.75925;0.13977;0.65849;2.6901;-0.64605;-0.22135;-0.12331;-0.59291;-0.30202;-0.40016;-0.82356;-0.41613;-0.7576;0.42918;-0.6621;-0.20722;-0.18283;-0.38045;4.6927;0.67621;1.8412;1.6264;-0.46687;0.038269;-0.70283;-0.7035;-0.64064;-0.55311;-0.46186;-0.59951;-0.48745;0.81037;-0.67953;-0.83933;-0.69584;-0.30247;-0.58328;2.3047;0.27457;-0.7693;-0.27483;-0.6809;0.93315;-0.10231;-0.57123;2.2031;-0.6179;-0.61503;0.8335;-0.42476;4.0187;-0.61136;-0.64476;1.0738;-0.7401;-0.25253;-0.7374;-0.49473;2.8896;-0.57549;-0.69561;-0.57495;3.715;-0.66524;-0.31801;-0.58034
7;-0.045757;-0.011661;-0.66311;3.1585;0.2517;4.06;-0.57132;-0.7937;0.46021;-0.76326;-0.71623;-0.2545;0.19289;0.14228;-0.86085;0.60446;-0.8439;-0.52875;-0.0024149;-0.11093;-0.50324;-0.18096;0.37106;1.4587;0.67214;-0.45889;-0.66673;-0.11535;-0.6568;1.2436;-0.11469;-0.13995;-0.08195;-0.57551;-0.0093998;-0.063732;-0.083587;0.35055;-0.50837;1.5459;-0.30392;-0.73772;-0.56963;0.088792;-0.72484;-0.49938;-0.60302;1.3513;-0.6778;-0.63409;0.42841;0.44795;-0.56846;0.982;-0.73353;1.0969;-0.6517;-0.17266;-0.46045;-0.50014;-0.83833;-0.24346;0.13722;-0.45257;0.24834;0.44608;-0.66605;0.16813;-0.60532;-0.71847;-0.61169;0.49551
8;0.87568;-0.51861;-0.67524;-0.47438;2.1499;-0.27277;-0.70235;-0.69737;-0.68309;-0.17274;2.291;5.8895;-0.53427;-0.60447;-0.85462;-0.61124;-0.81574;0.12246;-0.19706;-0.48097;-0.64214;-0.27264;0.3765;-0.2417;-0.58311;-0.70992;-0.56726;1.1537;1.864;-0.13801;1.5751;-0.80479;-0.30186;-0.49526;-0.0041342;-0.75405;-0.46823;-0.5902;-0.25523;-0.32471;-0.47621;-0.49893;0.39374;-0.44272;1.925;-0.7754;-0.68075;-0.6557;-0.17372;-0.87857;-0.52145;-0.25638;-0.62681;-0.68754;-0.43613;-0.21156;-0.26767;-0.59815;-0.57775;-0.72306;-0.61363;-0.65889;-0.77148;-0.50202;-0.049125;-0.47346;-0.47632;-0.26973;0.16286;-0.30012;0.27463;-0.57538
9;0.75819;0.0303;1.6543;-0.68693;0.21313;-0.64657;4.9698;-0.83716;-0.51296;-0.54517;0.33808;-0.24417;-0.050295;-0.086514;-0.84883;-0.36028;-0.51926;3.2135;-0.40062;1.5413;0.081861;-0.42716;-0.11964;-0.74091;-0.72966;-0.6168;-0.60532;-0.62465;-0.20342;-0.65614;0.5458;-0.79886;-0.099672;0.39432;-0.053181;-0.75841;0.0030388;-0.49542;0.055555;0.65058;-0.69113;-0.53714;-0.45518;0.48913;-0.70843;-0.53963;-0.78457;-0.46242;-0.78022;0.73327;0.20028;-0.45676;-0.58577;-0.19637;0.10302;1.759;0.049301;-0.26207;-0.40894;0.91371;-0.62053;0.097967;0.015896;-0.515;2.3619;-0.60034;-0.3736;-0.30806;-0.63679;0.73795;-0.62536;0.21645
10;0.029485;0.17582;-0.77794;0.13221;-0.87039;-0.36175;-0.58792;-0.83551;-0.65922;-0.7811;-0.28871;-0.30712;-0.12446;0.085005;-0.7468;-0.099275;-0.65474;0.15303;3.9461;0.022844;-0.62542;-0.58192;0.18061;-0.74379;0.1661;0.25;-0.52934;-0.73474;-0.70049;0.089657;-0.72963;-0.34484;-0.50575;-0.57643;-0.62082;-0.80991;1.0844;-0.62556;-0.72541;0.64193;-0.69734;-0.7018;-0.55931;-0.45072;1.9659;-0.43324;-0.76766;0.41356;-0.65241;-0.6352;-0.022105;-0.30834;-0.46094;-0.59832;-0.33854;1.6093;-0.77896;-0.55192;3.8451;0.46486;-0.52996;1.0413;0.70635;3.6923;-0.64033;-0.61697;-0.51056;0.58343;-0.2549;0.23238;-0.24583;-0.56438
11;-0.076735;-0.67574;-0.79008;-0.22257;0.93432;-0.57906;0.24375;1.4424;-0.69626;1.0452;0.097446;-0.62875;-0.49537;-0.42278;2.0018;-0.45951;-0.82218;0.0028391;-0.71802;-0.74969;-0.67518;-0.30539;-0.60967;-0.6301;0.33493;0.26192;-0.6267;-0.79448;-0.20537;-0.6078;-0.34012;0.17088;-0.35328;-0.45521;0.053823;3.4133;1.4305;-0.75099;0.19497;-0.68848;-0.29666;1.6511;0.0061725;-0.68696;0.28461;0.25614;2.0767;1.1841;-0.050808;-0.090451;-0.59798;-0.032965;-0.58022;-0.39606;-0.32988;-0.30516;-0.37266;-0.6298;-0.57482;-0.72142;0.15771;-0.70658;0.69495;3.3926;-0.54295;0.62084;-0.31344;0.97711;-0.65447;-0.80754;-0.32056;0.053466
12;-1.3867;0.74447;-0.70409;-0.35943;-0.76054;1.9384;0.7451;-0.83081;-0.54833;-0.69317;2.4764;0.35685;-0.32377;-0.2091;1.2874;0.84132;0.59602;1.0507;-0.75784;-0.65406;0.063792;-0.60178;-0.43084;-0.45072;-0.79025;0.27753;-0.59186;0.36036;-0.70109;2.1677;-0.1997;0.58862;-0.47271;0.52436;-0.30652;-0.80506;-0.69769;1.9361;-0.55128;0.85467;-0.28926;0.53141;-0.58697;-0.56767;0.94618;2.442;-0.74765;-0.30136;1.2788;-0.69819;-0.52772;0.68954;-0.2947;0.21075;-0.86139;-0.53766;0.80579;0.7248;-0.50649;-0.77969;0.084521;-0.71385;-0.81314;0.060376;-0.43362;-0.27551;-0.57995;1.4684;-0.50492;-0.28439;0.038334;-0.44181
13;1.2671;-0.56719;1.636;-0.81127;0.0062883;-0.6857;0.40819;-0.60783;-0.3316;-0.66655;-0.53927;-0.35664;0.39028;1.0261;-0.37464;-0.11827;4.0784;-0.93398;-0.11673;-0.49684;0.30346;-0.59827;-0.037461;0.59618;-0.7837;-0.61034;-0.091353;0.078475;-0.6319;-0.53491;-0.7323;-0.76832;-0.15705;-0.549;1.7379;-0.80931;-0.72947;-0.54323;-0.51351;0.4133;-0.6772;-0.71222;0.01135;-0.72611;-0.68696;-0.77579;-0.81756;-0.59696;-0.76991;-0.39841;-0.59629;-0.66858;-0.59593;-0.49917;-0.77124;-0.63464;-0.68998;-0.1231;-0.62544;-0.6836;-0.2482;1.3242;-0.8009;-0.28339;0.077642;-0.6656;-0.65575;-0.8219;-0.38663;0.10092;-0.031693;-0.27512
14;-1.0258;-0.64741;1.4501;2.1538;-0.519;-0.54058;-0.37414;-0.098187;-0.59096;-0.79297;1.6137;0.085386;-0.30413;-0.56921;0.69011;-0.56845;-0.82432;1.8888;0.95103;-0.014335;0.16099;-0.43842;0.41496;-0.48963;0.41553;-0.30068;-0.52119;-0.29691;-0.36563;-0.63089;-0.51913;0.0079359;0.10377;-0.58133;-0.54693;0.2564;-0.51061;1.4748;-0.36735;-0.66438;-0.70073;-0.41563;-0.55033;1.8735;-0.34185;-0.034838;-0.76284;2.2213;-0.37368;-0.21317;-0.59553;-0.73229;-0.29393;-0.27407;0.73176;-0.13976;-0.38175;-0.48433;0.031412;-0.30083;-0.4209;1.1372;4.0224;0.54508;-0.71351;0.13839;0.3806;0.66653;-0.43965;-0.54287;1.1321;0.088559
15;-1.0589;0.1852;1.1749;-0.76843;-0.91679;-0.68594;0.94399;-0.063579;-0.66833;-0.026002;0.70907;0.15526;-0.070898;-0.45065;0.50321;0.94379;-0.48399;-0.1813;0.64861;0.37749;-0.56413;0.46713;-0.71469;-0.66217;-0.061762;-0.73587;4.775;-0.66853;0.74773;1.787;0.72026;-0.62031;3.2255;0.67624;-0.627;0.22568;-0.73882;-0.13367;-0.075243;-0.79037;-0.60392;0.36098;0.76467;1.2862;1.4612;-0.72776;-0.77551;0.99681;0.57892;-0.87559;-0.53284;0.11488;0.51772;-0.69226;-0.84093;1.9929;-0.73551;-0.41328;-0.56791;-0.023752;2.4767;-0.70667;0.14641;0.015015;-0.32035;-0.32733;-0.63863;-0.78374;-0.66105;-0.5519;-0.53157;-0.1047
16;-0.19758;-0.30856;-0.7056;-0.32319;-0.62705;-0.26416;1.6912;-0.4587;-0.0095492;-0.14228;-0.7085;-0.5393;0.87276;-0.58813;0.41065;-0.65881;-0.54477;-0.46945;-0.74845;-0.37374;-0.68972;-0.25658;1.6286;2.5154;-0.79044;1.9195;-0.47488;-0.78337;-0.38623;-0.24523;-0.701;1.167;-0.01703;2.1242;-0.51078;-0.71171;-0.51341;-0.074808;-0.41392;0.81773;0.8595;-0.26304;-0.58863;-0.30073;-0.41823;-0.60666;0.4316;-0.59857;-0.74478;1.5562;-0.59796;-0.66178;-0.20724;-0.64225;0.89293;-0.61622;-0.33583;-0.19189;-0.46711;0.49888;-0.66212;-0.70655;2.0965;-0.38797;0.28062;-0.61436;2.5352;-0.77124;0.10575;-0.80776;2.4872;-0.50719
17;-0.48398;-0.6911;1.366;0.29241;0.019818;-0.39515;-0.11992;0.86619;0.15089;2.1857;-0.77019;-0.1666;-0.4302;-0.24344;2.2723;-0.61484;-0.65023;-0.12042;-0.21303;-0.44512;-0.56908;-0.43105;-0.81826;1.2558;1.7108;-0.45107;1.7069;0.37015;-0.65509;3.1543;-0.73214;-0.019863;-0.24408;0.73977;-0.57459;1.8334;-0.70046;-0.79031;3.0296;-0.81891;4.2236;-0.099927;0.064612;-0.87132;-0.53998;-0.52091;0.18466;-0.6859;-0.24471;-0.88232;-0.4033;0.2234;0.78353;1.789;0.41923;-0.55666;-0.37646;-0.61389;-0.032345;-0.29324;-0.50019;-0.35389;0.19296;-0.53092;-0.71198;0.42701;0.92763;-0.2938;-0.64407;-0.76209;-0.26846;-0.58188
18;-0.85571;-0.050729;3.0501;-0.68588;-0.82496;1.6432;0.30732;-0.76294;-0.50597;-0.72115;-0.44767;-0.5926;0.63815;3.874;0.89402;-0.68087;-0.1104;2.1221;0.37681;0.45218;0.68274;-0.13529;0.66685;0.12805;-0.79184;-0.7402;0.22701;-0.72916;-0.69338;-0.22892;0.4174;-0.49497;-0.56774;-0.29413;4.8537;0.19501;1.3973;-0.7877;-0.38625;-0.72131;0.88929;-0.63996;0.41302;-0.68461;-0.32622;0.60941;-0.69872;-0.64856;0.73268;-0.8914;0.22457;-0.74514;-0.41389;-0.49059;1.4041;-0.55775;-0.71436;-0.56735;-0.096189;-0.64998;-0.66157;-0.71528;1.8255;-0.5377;-0.55688;-0.59399;-0.6238;-0.82318;-0.57581;1.9424;-0.63986;-0.58166
19;1.4832;-0.61669;1.3085;-0.87736;-0.85729;0.63501;-0.34527;1.2398;-0.61718;-0.77118;-0.72156;0.50959;0.37454;0.6538;1.2419;-0.53106;-0.27047;-0.64503;-0.070829;-0.35004;-0.0052563;-0.64143;-0.81203;1.7281;-0.45819;-0.71903;-0.59291;2.6787;1.2674;-0.62738;-0.57791;0.59377;-0.50072;-0.63544;-0.48684;-0.78679;-0.73877;-0.75545;-0.69016;0.0076104;-0.34075;-0.74393;-0.56645;0.67829;-0.72393;-0.40195;0.18888;-0.44232;0.24882;-0.76821;0.15884;-0.60198;0.093921;-0.68257;-0.59597;-0.19389;0.50592;-0.34406;-0.63766;3.6277;0.49681;1.7735;1.448;1.209;-0.70648;0.3643;-0.0037576;0.8685;0.22388;1.0321;-0.64173;-0.21423
20;0.86312;-0.6692;-0.075363;-0.83265;-0.87754;-0.61044;-0.84795;-0.75322;-0.62304;1.1045;1.7967;-0.63282;-0.45586;-0.5056;-0.53517;-0.54794;-0.81362;0.61397;-0.38844;-0.71133;1.2097;-0.60467;-0.40584;-0.55445;-0.71693;-0.73844;-0.11949;-0.70934;1.4809;-0.59898;2.1771;-0.79617;-0.36237;-0.61323;-0.53784;0.42634;-0.68164;-0.77716;-0.67374;-0.84042;0.59211;2.1713;-0.36613;0.7496;-0.64399;-0.77473;-0.76972;-0.56484;-0.32983;-0.5796;-0.25739;-0.54862;-0.62532;-0.31633;0.1977;-0.67793;-0.20232;0.54642;-0.621;1.319;-0.82636;-0.49288;-0.45098;-0.34507;1.0214;-0.22128;-0.6942;2.5262;-0.27307;1.6895;1.0564;-0.58036
21;-1.1345;-0.65097;-0.75386;-0.54423;-0.93321;-0.47924;-0.51202;3.5447;-0.69676;-0.79356;-0.64555;-0.46752;6.1249;-0.56148;-0.60284;0.31979;-0.53548;-1.0804;-0.59461;-0.14361;2.4766;-0.49831;-0.59584;2.2329;-0.77648;-0.7391;1.8995;-0.56283;-0.48542;-0.62891;0.22782;-0.62893;0.96972;-0.37398;-0.62196;-0.31308;-0.65548;1.0367;-0.28538;-0.85364;1.497;3.5137;3.2588;-0.28495;-0.71728;-0.716;-0.77164;-0.59045;0.43738;-0.49443;1.6777;-0.73813;-0.078065;-0.3616;-0.41812;-0.66648;-0.38737;-0.44364;0.11603;0.36244;-0.56072;-0.31059;0.097904;3.8855;-0.70428;1.6321;2.314;-0.90831;1.4743;-0.8072;-0.60057;0.31966
22;-0.96997;2.1894;-0.34675;1.977;-0.72503;-0.19797;-0.69556;-0.6171;0.4718;-0.75453;-0.5446;0.69203;-0.48109;-0.5631;0.139;1.3244;1.0586;-0.82591;1.7343;-0.28513;-0.68259;-0.47533;-0.59906;-0.23887;-0.76782;-0.72972;-0.42693;-0.026365;-0.71234;-0.6339;-0.41909;-0.23764;-0.51946;-0.61508;-0.26935;-0.61728;-0.71984;-0.39328;0.2946;-0.16404;0.69133;0.36415;0.4259;-0.70221;-0.71992;-0.41894;-0.7126;-0.68892;1.7726;0.54306;-0.59125;-0.65411;-0.42969;-0.69293;1.2064;-0.49363;1.1565;-0.35545;-0.51367;-0.52067;2.485;0.78468;-0.21755;-0.1087;1.0618;-0.64165;-0.32094;-0.60604;1.3876;0.64397;-0.13746;-0.58193
23;0.46254;4.5868;0.77637;-0.81353;-0.93384;-0.55022;0.38394;-0.43275;1.8822;-0.43109;-0.76137;-0.53246;-0.36145;-0.61789;-0.46478;-0.68315;0.54026;0.039056;-0.56205;1.4295;-0.66932;-0.47262;1.6867;-0.0089083;-0.45341;-0.703;-0.096625;3.133;-0.68672;1.7953;1.5398;-0.73325;-0.60804;-0.18683;0.28498;0.22957;-0.1371;-0.66354;-0.55436;-0.066841;-0.55044;-0.68879;-0.49968;1.1598;0.80623;-0.64945;-0.53467;3.1754;-0.62611;-0.034741;-0.46972;-0.76174;-0.50216;4.7317;0.36655;0.71091;-0.76276;0.40739;-0.63693;-0.77011;2.4607;-0.32259;0.49402;-0.54752;-0.45416;-0.39541;-0.67407;0.61982;-0.6467;-0.6553;-0.63049;-0.47469
24;1.2323;-0.115;-0.3131;-0.87717;-0.9253;0.15062;-0.226;-0.81539;-0.5447;1.506;-0.023513;-0.65452;-0.45023;-0.61325;-0.82843;1.9033;-0.081428;-1.062;0.024585;-0.43913;0.6441;-0.49058;-0.77193;-0.43525;-0.26393;0.74992;-0.32871;2.1336;-0.63429;0.75472;-0.67381;-0.14558;0.9551;0.12198;-0.4802;-0.52275;-0.52048;0.55901;-0.08546;-0.82451;-0.079821;1.1604;-0.44484;-0.48495;2.0084;-0.70984;0.33542;-0.62532;2.102;-0.87672;5.0764;1.0725;2.0925;-0.53615;-0.81361;4.5255;0.27033;-0.31163;1.4797;-0.67948;0.92963;-0.48524;1.1913;-0.54753;-0.52269;-0.11248;1.4253;0.16128;1.2233;-0.63104;-0.62727;-0.34473
25;-0.55465;-0.69516;0.11159;0.39456;-0.87718;-0.094099;-0.69984;0.17575;-0.52203;1.0668;-0.74548;-0.09408;-0.34363;1.1864;-0.82441;1.4012;-0.026334;-0.60857;-0.59992;3.0761;0.14786;-0.6296;3.6849;0.29403;-0.78648;-0.61598;-0.67435;-0.79472;-0.65744;0.1401;-0.73887;-0.23614;-0.54344;1.145;1.5733;1.3702;2.9421;-0.5352;-0.59038;-0.76849;0.3005;-0.57155;0.048414;-0.86742;-0.55049;-0.3711;1.8096;1.2801;0.22333;-0.78951;-0.58293;-0.69993;0.36608;0.63113;0.4622;-0.045815;0.33486;-0.61352;0.22081;-0.76142;-0.85115;-0.12269;-0.80219;-0.48113;-0.33081;-0.64729;-0.65086;-0.90818;0.22066;0.18975;-0.51891;-0.53256
26;0.31588;-0.69048;-0.78892;1.0856;0.021352;0.14524;-0.84163;-0.78788;-0.61736;1.8474;-0.1816;1.594;-0.088611;-0.54581;-0.30089;-0.035586;-0.63168;-1.0864;-0.39731;-0.34662;2.01;-0.06131;-0.83459;-0.80028;0.070958;1.3073;-0.19704;-0.79445;-0.28212;-0.62025;1.5715;-0.60121;-0.27391;-0.57958;-0.14014;-0.72894;1.6612;-0.7485;0.16251;-0.43169;-0.676;-0.46179;-0.39309;-0.88824;-0.578;-0.21823;-0.74237;-0.58295;0.28084;0.29471;-0.053983;2.3465;-0.13132;2.1934;-0.081858;-0.65681;-0.77448;0.80009;-0.64962;-0.064551;-0.6485;-0.47087;-0.48206;-0.42813;-0.43834;-0.12878;-0.4982;-0.84509;-0.61832;-0.52148;-0.61181;-0.56375
27;-0.12934;0.75227;2.1695;-0.69676;-0.43487;0.050257;-0.83175;-0.1711;0.38316;-0.7523;-0.76659;-0.29282;-0.52954;-0.53532;0.097562;0.94634;0.013168;-0.53798;-0.37109;-0.50165;1.9579;0.2095;0.34081;-0.77199;-0.65001;-0.321;-0.43142;-0.77503;0.9134;-0.5701;0.9565;-0.36264;-0.63642;0.042172;0.43461;2.6349;1.0695;0.40759;2.2367;0.60155;0.48164;-0.6963;4.6629;-0.57329;-0.55726;0.62373;-0.12661;-0.67266;-0.43685;0.35604;-0.34537;-0.5381;-0.62031;-0.4063;-0.077237;-0.61003;-0.29858;0.28926;0.018204;0.01833;-0.56989;1.5168;0.15793;-0.5284;-0.48155;-0.60286;-0.018417;-0.21507;0.43486;-0.69091;-0.62972;-0.091313
28;2.6348;-0.49495;-0.36216;0.45778;-0.083676;-0.35637;-0.51723;-0.53941;-0.15664;-0.33159;-0.76529;-0.57051;-0.45492;-0.11164;-0.84017;-0.67852;-0.23975;-0.98417;-0.66184;-0.72421;2.1209;-0.40747;0.070575;-0.41076;1.7031;1.037;0.24275;-0.70925;0.19131;-0.54372;-0.70376;-0.79486;-0.52921;-0.19387;-0.62602;0.38998;-0.41431;0.18134;-0.66338;-0.2074;-0.69914;-0.67297;-0.47717;-0.3562;-0.63432;-0.74784;1.2031;0.76723;-0.324;-0.62737;-0.1092;4.2256;-0.59421;-0.65372;-0.8043;-0.69265;1.1045;5.2709;-0.49776;0.76177;-0.82173;-0.49681;-0.13303;-0.47145;-0.60928;-0.1772;-0.31845;-0.61061;0.07982;0.51264;-0.62115;-0.24294
29;-0.66462;-0.37452;-0.77611;0.53624;0.14175;-0.67904;0.75191;0.17929;2.9919;0.98519;0.14049;-0.1037;-0.34047;-0.57361;-0.75302;-0.26969;3.2971;0.49475;-0.57765;-0.75113;0.21156;0.13152;-0.68095;-0.70346;-0.68158;0.71831;0.061599;2.2774;2.7525;-0.025607;3.5303;-0.62974;-0.27208;-0.63306;0.20784;-0.57955;0.82951;-0.78145;-0.45475;-0.10042;-0.69878;-0.74472;-0.57614;-0.77306;0.45838;0.52684;-0.71892;2.8472;-0.75249;-0.29951;0.62706;-0.21056;-0.33176;1.278;0.49521;-0.50578;-0.49311;-0.61804;1.0186;-0.31863;-0.3628;0.040536;-0.78672;-0.19713;-0.50044;-0.6722;4.7887;1.902;-0.64559;-0.78594;-0.63923;2.3698
30;-0.64174;-0.64135;-0.51757;-0.38544;1.295;0.44818;-0.68112;-0.64686;-0.69631;-0.39217;-0.46363;-0.4952;-0.11869;-0.60057;-0.83304;-0.68838;0.074721;-0.0074892;2.0881;0.93944;-0.53009;4.5857;-0.8294;-0.48876;-0.79181;-0.28762;-0.535;0.56965;-0.27522;3.1228;-0.72695;2.097;0.7652;-0.57813;-0.55957;-0.80176;-0.28118;0.57775;-0.72208;-0.075627;2.875;0.78528;-0.55311;3.8431;-0.72013;0.25522;-0.66899;-0.46375;0.049783;0.17878;-0.5644;0.77551;3.0765;-0.35604;0.75891;-0.18988;3.6035;-0.17017;0.71931;-0.58399;-0.59702;2.1206;-0.555;-0.31603;1.2262;-0.44933;-0.24809;-0.93968;0.10971;-0.061435;1.5277;1.3327
31;-1.3046;-0.37078;0.21257;-0.73634;2.8355;-0.4873;-0.80322;-0.22548;0.93768;-0.77761;-0.76829;0.27668;0.39104;-0.44964;-0.77016;-0.033643;-0.22707;-0.5142;-0.32884;-0.66833;-0.53212;-0.63955;-0.62835;-0.69969;0.74541;-0.59509;-0.66687;-0.56931;1.9782;0.41626;0.30873;0.80712;-0.23472;1.1018;-0.48355;-0.40819;-0.11323;-0.19067;-0.3925;4.6576;1.4052;0.71724;-0.54255;0.6047;-0.64286;0.94663;-0.22167;-0.53552;-0.78259;0.52851;-0.47765;0.54393;-0.61817;1.1484;-0.84155;1.1879;0.063428;0.40514;-0.66254;-0.67438;-0.48009;-0.19384;-0.80863;-0.41588;-0.52896;-0.65852;0.61624;-0.21343;0.28463;-0.15343;-0.43921;-0.5719
32;-0.63414;-0.62844;-0.73537;2.9388;-0.52227;1.467;-0.32303;0.089398;1.3297;-0.68304;-0.37609;-0.64567;0.11236;2.5419;-0.77949;-0.67793;-0.66405;0.35306;-0.058439;-0.51352;-0.20052;0.022278;0.59805;-0.44848;0.29516;-0.7413;-0.39657;-0.72184;-0.22966;-0.44125;1.184;0.52739;-0.5613;5.0281;1.39;-0.58324;-0.14791;-0.73985;-0.70175;-0.823;-0.59425;-0.73695;0.34206;0.18286;-0.1729;-0.047963;0.83886;-0.15066;1.9945;-0.84482;-0.029897;-0.76606;-0.40449;-0.27942;-0.82114;-0.60884;-0.77783;-0.47284;-0.15851;0.1729;0.45369;-0.5626;-0.79931;-0.54166;-0.42284;1.5955;1.3019;-0.10496;-0.12144;-0.80798;0.91341;-0.5819
33;-1.2794;1.1284;-0.28468;-0.85784;0.34037;-0.65722;-0.81766;-0.62122;-0.63769;-0.72679;-0.55233;-0.62618;1.1891;-0.6162;0.098911;1.5084;-0.30265;-1.0406;-0.55278;-0.71043;-0.44915;0.72731;-0.29099;0.15669;-0.19174;0.43628;-0.47797;-0.75924;-0.61977;-0.6545;1.0147;-0.80007;-0.20879;1.2011;-0.54457;0.43594;-0.73897;-0.78707;-0.58529;-0.74391;-0.50842;-0.22857;-0.48123;-0.22093;-0.72231;-0.77851;-0.80191;-0.66966;4.3366;1.1538;0.22756;-0.078037;-0.60758;1.386;-0.86143;-0.5526;-0.76952;-0.63038;-0.22914;-0.46122;-0.66473;-0.55421;0.92946;-0.53348;-0.23415;-0.53985;-0.59101;0.0031025;-0.3859;-0.80615;1.2915;0.49056
34;2.2395;-0.65653;-0.78894;0.28635;-0.049679;-0.55691;0.093721;0.50978;-0.54206;-0.52971;-0.3796;-0.13093;-0.19093;0.60606;2.7496;-0.59234;-0.14082;-0.024505;-0.018635;-0.26538;-0.064681;-0.27547;-0.74909;-0.70938;0.95664;-0.59482;0.44871;-0.21353;3.3008;-0.34498;-0.27108;0.4991;2.3122;-0.62751;-0.62702;-0.70282;-0.72557;-0.78684;0.78022;-0.46663;-0.69362;1.9281;1.0909;0.21335;-0.59976;0.15352;0.83455;-0.61674;-0.66872;-0.87581;-0.21098;-0.75082;-0.36336;0.52231;0.9173;0.23507;-0.38608;-0.51754;-0.14196;-0.71295;1.3823;4.9648;-0.26377;0.048551;0.20398;-0.66177;-0.060497;-0.42041;3.428;-0.45536;-0.52782;-0.52943
35;-0.94607;-0.23176;1.9526;0.84602;-0.68052;0.55037;-0.67603;-0.84387;0.83249;-0.57544;-0.44219;-0.55871;-0.42521;-0.54912;0.69761;-0.57987;0.3484;0.6522;-0.66029;-0.6025;-0.67564;-0.661;-0.75657;3.7208;-0.27549;-0.73469;2.4891;-0.58185;-0.56002;0.4923;-0.52779;0.046099;-0.59135;-0.55074;1.1788;-0.5332;-0.73429;-0.78652;3.8755;-0.58893;0.31418;-0.66907;2.0493;0.7063;0.16449;-0.36894;-0.46876;-0.68582;-0.7605;1.3367;-0.58467;-0.44332;-0.44208;-0.54326;0.18117;-0.65484;-0.51526;-0.56233;-0.65402;1.88;-0.67164;-0.43853;-0.43765;-0.30797;-0.70851;0.90438;-0.17593;-0.81018;-0.60211;3.3537;-0.22295;1.0968
36;1.8074;0.15351;1.0087;-0.68969;-0.54804;-0.26812;1.023;-0.84368;-0.52621;-0.47744;-0.42744;-0.54462;0.30964;0.31717;-0.81588;-0.34492;-0.79826;0.028291;-0.3139;-0.72997;-0.60002;0.66263;1.2542;-0.75685;1.3306;-0.51108;0.35543;-0.76819;-0.33206;-0.39579;-0.72106;0.58255;1.715;-0.6047;-0.59037;1.5769;0.88358;-0.37025;-0.56158;-0.39063;-0.24098;0.64405;-0.58838;-0.87153;4.073;-0.7786;3.7766;2.5086;-0.4601;-0.89107;0.58823;0.48143;-0.25348;1.4729;-0.28045;-0.44378;-0.27734;-0.62496;-0.65714;-0.77047;0.21007;-0.269;1.4543;0.26263;-0.71014;-0.39459;-0.69399;-0.49962;-0.55459;1.7627;-0.61419;5.1948
37;0.74997;-0.6848;-0.74906;0.57532;1.9845;-0.58531;0.7295;-0.84437;-0.37662;-0.79373;-0.32322;-0.33965;-0.32499;-0.55214;-0.6941;-0.59521;-0.84436;-1.0564;-0.63681;-0.25799;-0.68793;-0.26416;2.6334;-0.79221;0.32731;0.61412;-0.52608;1.3235;-0.66552;-0.64663;-0.76773;-0.80482;-0.63987;-0.46892;-0.6084;-0.80074;-0.27655;-0.53855;0.46027;-0.85182;1.4596;-0.16517;-0.56426;-0.66793;-0.7146;-0.76669;2.0796;-0.68527;-0.63628;-0.5587;-0.57632;-0.25033;0.14539;-0.68832;-0.77281;-0.60419;-0.54778;-0.63039;-0.65315;3.4277;-0.74893;-0.68305;-0.38088;0.24872;-0.65553;0.1956;-0.22335;-0.22365;-0.49156;0.47194;1.0057;-0.1269
38;-0.44392;-0.69139;-0.66113;-0.26801;-0.089835;0.41573;-0.72942;-0.21029;-0.66549;-0.72195;-0.14848;-0.63866;0.17392;-0.50499;-0.47796;-0.68634;-0.37059;0.2465;1.1602;-0.60731;-0.36871;-0.62909;-0.56562;0.044943;-0.74781;-0.73947;-0.29872;1.3923;-0.49564;-0.59431;-0.59771;0.92993;4.6184;-0.60745;-0.6268;-0.47847;-0.70642;-0.68999;-0.49366;0.36519;-0.70097;-0.73302;-0.58389;0.63545;-0.498;0.2137;0.11438;-0.67772;-0.55055;1.0349;1.8179;1.5906;-0.62173;0.20423;1.2469;0.36827;0.94222;1.7645;1.061;-0.72767;3.2489;-0.51009;-0.68243;0.11926;2.1447;3.7232;-0.37762;0.45435;-0.05824;-0.50228;-0.56899;0.54874
39;-1.3647;-0.69905;-0.42927;1.4654;-0.93953;3.6429;0.85489;1.7086;0.44641;1.1143;-0.66596;0.46927;-0.26693;0.44533;-0.86074;-0.63909;0.013854;0.47751;-0.28156;-0.65661;-0.61815;-0.3804;-0.24784;1.2144;-0.78432;3.2535;-0.31606;0.476;0.31839;-0.65744;-0.44809;0.67022;0.18368;-0.30139;2.5184;0.25194;-0.70467;2.9009;0.17107;0.17541;-0.55799;-0.6249;-0.58478;-0.78384;1.6341;-0.71527;0.61611;0.46967;-0.6908;-0.73722;-0.54755;-0.50609;-0.3001;0.70881;-0.68998;-0.31343;-0.52757;0.63436;-0.66215;0.74311;-0.51806;-0.71784;-0.80059;-0.44308;-0.6555;0.29543;-0.5492;0.14379;-0.61024;-0.59091;-0.13974;-0.55729
40;0.26139;0.45325;-0.64484;-0.071045;-0.65637;-0.67467;-0.77083;-0.83204;0.42043;1.4402;-0.76363;-0.57501;-0.5017;-0.5586;-0.37744;-0.55416;-0.32707;0.80479;2.1088;-0.7135;-0.37743;1.432;-0.27736;-0.3523;-0.36203;-0.18674;-0.3334;-0.39795;-0.60778;-0.35007;-0.70841;-0.72667;-0.21058;-0.63621;-0.62626;0.49592;-0.3494;-0.67028;-0.59925;-0.82473;1.8086;-0.73353;0.5246;-0.81457;-0.71973;1.0465;-0.72249;-0.63755;-0.64766;0.29228;-0.41834;-0.38526;0.74266;-0.45767;-0.83078;-0.11423;-0.79054;-0.5071;-0.66561;-0.77261;0.057472;-0.63524;-0.16247;-0.4966;-0.71024;-0.40568;-0.12371;0.44005;0.91717;2.9702;1.0745;-0.56891
41;0.095522;0.063063;-0.70127;-0.86887;0.95666;0.1901;-0.84586;-0.78615;3.3285;-0.78471;0.66074;0.47372;-0.4892;-0.019652;0.42263;-0.53202;0.21368;-0.98377;0.028853;-0.58137;-0.60481;-0.63658;-0.6944;-0.70028;-0.00087228;-0.73006;-0.5369;-0.68147;0.59144;-0.19276;0.91333;0.70377;-0.34223;0.80767;-0.58566;-0.766;-0.50088;-0.59903;-0.56072;-0.85448;-0.64108;-0.14769;-0.31496;0.89746;-0.71142;-0.7594;-0.1856;-0.37904;-0.52503;-0.85793;-0.52771;2.1341;-0.49642;-0.41215;-0.73178;1.0936;-0.58043;0.23542;2.4616;0.20842;1.8256;0.20987;-0.81258;0.021874;1.0712;0.11814;0.59213;-0.84911;-0.43603;-0.35822;-0.5102;-0.54252
42;-0.38185;-0.5215;-0.79027;-0.45284;-0.11811;-0.6736;0.49631;-0.1986;3.2326;1.5262;1.3475;-0.22944;-0.4281;-0.12761;-0.83518;-0.61314;0.15026;-0.78953;-0.61121;0.64781;-0.68588;-0.64386;1.5098;1.7232;-0.010227;-0.46083;0.55824;-0.38854;-0.70484;-0.28031;-0.73176;-0.59073;-0.60027;-0.1007;-0.21196;0.92048;3.9359;0.13007;-0.23283;0.72422;-0.44248;-0.56687;1.4444;-0.8837;-0.63734;-0.44669;-0.67845;-0.65799;-0.521;1.8937;-0.52088;-0.71009;-0.61648;0.29312;3.8144;0.04052;-0.76542;1.4616;-0.63271;-0.35603;-0.83223;-0.61667;-0.80887;-0.43421;1.9703;-0.66254;-0.24958;-0.58873;-0.66271;-0.086759;2.0934;-0.58171
43;-1.2184;0.34798;1.0744;-0.86527;-0.61056;-0.68921;-0.68825;-0.29268;-0.69771;1.2073;-0.49173;-0.62638;-0.4707;-0.053611;-0.029239;0.34154;0.41564;-0.015107;-0.63047;0.89289;-0.58848;-0.66335;-0.42159;-0.61759;2.243;-0.21658;-0.66365;-0.79292;-0.62112;-0.55666;-0.71124;-0.72212;-0.34132;-0.42718;0.51758;-0.71278;1.2931;-0.74215;-0.61018;-0.6766;-0.50692;0.35869;-0.50784;-0.85861;0.45288;-0.15691;-0.81806;0.67899;-0.7248;-0.58302;-0.598;-0.6913;1.2272;-0.68829;-0.54686;-0.67632;-0.024085;-0.54699;0.54445;1.766;-0.78444;-0.55734;-0.78781;0.66132;-0.62751;-0.2473;0.43189;-0.84452;-0.11568;-0.80786;-0.53249;-0.5128
44;-0.81303;-0.69769;1.1282;-0.73259;-0.44387;-0.68918;-0.84965;1.1301;-0.65336;-0.59369;0.34889;0.31111;-0.41615;-0.37949;-0.47863;4.6237;1.8833;0.39944;-0.7529;1.9551;2.0724;2.0373;-0.62839;-0.2523;-0.027179;2.2324;-0.22855;0.13159;-0.29262;-0.17176;0.96004;0.874;0.00030197;0.57059;0.31463;-0.70864;-0.73511;-0.64123;-0.57824;0.68486;-0.64401;1.6341;-0.57124;-0.52514;1.5043;-0.73374;0.27594;-0.6573;-0.06515;0.20084;-0.15293;-0.74962;1.5656;-0.69125;-0.7416;0.1645;-0.4585;-0.46572;-0.017323;-0.56994;-0.31849;-0.30363;-0.29157;-0.50017;-0.7134;-0.62378;-0.2968;-0.81021;-0.59821;0.52154;-0.038746;0.62834
45;1.608;-0.6257;-0.7718;-0.74731;2.0237;-0.68763;-0.8492;0.96469;-0.36848;-0.23796;-0.631;-0.39066;-0.34418;-0.58392;0.068362;-0.084724;0.45705;-0.079423;-0.73703;-0.53679;-0.68477;-0.47658;-0.81615;-0.4352;-0.44943;-0.62679;0.62919;-0.79282;0.091835;2.5962;-0.76284;0.55546;-0.054819;-0.51565;-0.62358;0.19367;0.083698;2.0534;-0.72729;-0.67316;-0.65196;-0.26249;-0.58872;-0.87752;-0.39174;-0.060102;-0.20995;-0.26847;-0.2708;0.71189;-0.49272;-0.50342;-0.2399;-0.10784;0.026262;-0.69277;-0.30471;0.57437;-0.65672;-0.33439;0.65515;0.91466;-0.71458;-0.15277;-0.67904;0.60041;-0.6028;3.021;-0.42067;-0.80826;-0.64106;-0.077554
46;1.2286;0.12517;-0.72069;1.4448;0.26366;-0.64701;0.58145;2.9475;0.3161;-0.44847;3.4682;-0.62806;-0.53682;0.1634;0.46505;2.4397;-0.32225;0.6512;-0.62611;0.18087;-0.61394;3.2716;2.3218;-0.73255;0.71028;0.75696;-0.67389;0.22671;-0.71583;-0.65626;-0.69862;-0.1363;-0.087517;-0.016423;0.15022;2.7463;0.35067;0.84242;-0.38382;1.1662;-0.29519;-0.53567;-0.31565;0.070842;-0.26488;1.315;0.50807;0.38406;-0.73348;3.1769;-0.54188;-0.69694;-0.32286;-0.6821;-0.72415;-0.57075;-0.3203;-0.29497;-0.309;-0.75986;0.71806;0.49801;0.73949;-0.44158;2.3203;-0.55755;-0.10679;-0.93991;-0.65929;-0.38115;-0.63025;-0.55767
47;0.28461;1.2956;-0.77257;1.1324;1.2619;-0.61564;-0.85537;-0.81945;-0.32737;0.020059;-0.30286;-0.011685;-0.5391;0.56384;-0.48879;0.14508;-0.43282;-0.67305;-0.1696;0.033118;0.32153;0.69174;-0.83399;-0.75147;0.27667;-0.62939;-0.67435;-0.27468;0.11111;-0.6511;0.081656;-0.42933;-0.55187;-0.58568;-0.37029;-0.80105;1.517;-0.55651;-0.56364;0.82868;0.24941;-0.70914;-0.37895;-0.73987;-0.70192;-0.57535;-0.74564;-0.67438;2.1477;-0.71152;-0.4577;-0.08306;-0.30754;-0.68613;-0.82793;-0.2171;1.8581;2.458;1.4927;-0.7796;-0.62973;-0.53822;1.2512;-0.39061;-0.68243;-0.48281;-0.62617;-0.78826;-0.66297;1.9988;-0.63178;1.6439
48;-0.21151;0.0089437;-0.74195;-0.63843;2.4339;-0.18096;1.0664;0.52989;-0.69344;-0.7391;-0.73854;-0.54749;-0.48061;-0.61223;-0.82732;-0.22238;-0.63302;-0.95092;-0.31206;0.9114;-0.44123;-0.33498;-0.37055;-0.35156;-0.72927;-0.6883;-0.64951;0.13424;-0.64642;-0.58205;2.4256;0.16929;-0.45025;-0.5187;0.27867;0.17019;-0.73814;0.052473;2.2437;-0.85066;-0.70025;-0.69637;-0.32917;-0.6934;0.1873;-0.33458;0.59996;-0.6759;-0.38951;-0.50275;0.15384;-0.76941;-0.41795;-0.55698;-0.45911;2.3728;0.038561;0.049734;-0.32147;-0.25759;0.33538;-0.47067;-0.74406;-0.25074;-0.15061;-0.055713;0.86903;-0.94023;2.8432;-0.71603;-0.62865;-0.13234
49;0.97631;-0.69213;1.0245;0.32704;1.1173;0.12839;-0.2341;-0.56397;-0.50602;2.5535;-0.75898;0.85867;-0.48026;4.0758;-0.6337;-0.66147;0.76541;3.3018;-0.52796;-0.75076;-0.30611;-0.53279;-0.83156;-0.70854;-0.7181;-0.47584;-0.67025;1.1488;-0.71138;-0.651;-0.75015;-0.57151;-0.15829;-0.30795;1.1707;-0.11395;-0.37391;-0.72992;-0.18272;2.0273;-0.20375;-0.73783;-0.53598;-0.026325;-0.36829;-0.44361;-0.14705;1.2515;-0.58422;1.3747;0.68882;-0.22002;0.25932;-0.68642;-0.6793;-0.60061;0.31805;0.16112;-0.40461;0.91823;0.89687;0.43199;1.6458;-0.28092;-0.5594;0.80465;-0.3257;-0.35251;-0.52937;-0.52972;-0.38615;-0.58187
50;-1.1786;-0.65471;-0.78955;-0.7629;-0.65234;0.44179;-0.11303;-0.7163;0.080698;0.42846;2.1227;0.023499;-0.13791;-0.15623;2.8881;-0.68806;-0.4018;-1.0858;2.8669;4.2943;-0.63501;1.2121;-0.77279;-0.043775;0.15057;0.15091;-0.44629;-0.77223;-0.4563;-0.60689;-0.3419;-0.56413;-0.33515;-0.51426;-0.44099;-0.75881;-0.47728;0.44893;-0.46221;-0.60589;-0.25889;0.13261;-0.34803;2.3638;-0.68151;2.6066;1.1096;-0.30598;-0.43582;-0.81422;-0.54721;-0.61536;-0.53295;0.077615;-0.47942;-0.68823;0.37882;-0.49384;0.25877;-0.73811;-0.73351;-0.47947;-0.77754;0.80222;-0.52214;4.3933;-0.42929;-0.74114;-0.63087;-0.72764;-0.58563;-0.55015
PARTICULAR
GAIN
3
