TITLE;96 random variables, variable gain
FOCUS ON;
EXPERIMENT TYPE;SingleAmongManyVaryingGain
PARAMETERS
normalization;Center
pcaRecompositionThreshold;0.95
component;1;2;3;4;5;6;7;8;9;10;11;12;13;14;15;16;17;18;19;20;21;22;23;24;25;26;27;28;29;30;31;32;33;34;35;36;37;38;39;40;41;42;43;44;45;46;47;48;49
type;RandomWeibull;RandomWeibull;RandomWeibull;RandomWeibull;RandomWeibull;RandomWeibull;RandomWeibull;RandomWeibull;RandomWeibull;RandomWeibull;RandomWeibull;RandomWeibull;RandomWeibull;RandomWeibull;RandomWeibull;RandomWeibull;RandomWeibull;RandomWeibull;RandomWeibull;RandomWeibull;RandomWeibull;RandomWeibull;RandomWeibull;RandomWeibull;RandomWeibull;RandomWeibull;RandomWeibull;RandomWeibull;RandomWeibull;RandomWeibull;RandomWeibull;RandomWeibull;RandomWeibull;RandomWeibull;RandomWeibull;RandomWeibull;RandomWeibull;RandomWeibull;RandomWeibull;RandomWeibull;RandomWeibull;RandomWeibull;RandomWeibull;RandomWeibull;RandomWeibull;RandomWeibull;RandomWeibull;RandomWeibull;RandomUniform
p1;0.111111111111111;0.111111111111111;0.111111111111111;0.111111111111111;0.111111111111111;0.111111111111111;0.111111111111111;0.111111111111111;0.111111111111111;0.111111111111111;0.111111111111111;0.111111111111111;0.111111111111111;0.111111111111111;0.111111111111111;0.111111111111111;0.111111111111111;0.111111111111111;0.111111111111111;0.111111111111111;0.111111111111111;0.111111111111111;0.111111111111111;0.111111111111111;0.111111111111111;0.111111111111111;0.111111111111111;0.111111111111111;0.111111111111111;0.111111111111111;0.111111111111111;0.111111111111111;0.111111111111111;0.111111111111111;0.111111111111111;0.111111111111111;0.111111111111111;0.111111111111111;0.111111111111111;0.111111111111111;0.111111111111111;0.111111111111111;0.111111111111111;0.111111111111111;0.111111111111111;0.111111111111111;0.111111111111111;0.111111111111111;0
p2;1;1;1;1;1;1;1;1;1;1;1;1;1;1;1;1;1;1;1;1;1;1;1;1;1;1;1;1;1;1;1;1;1;1;1;1;1;1;1;1;1;1;1;1;1;1;1;1;1
RESULTS
COMMON
distance
which;Manhattan(Average);Manhattan(GeometricAverage);Manhattan(Median);Manhattan(Minimum);Manhattan(MinimumTimesMedian);Manhattan(Summation);Euclidean(Average);Euclidean(GeometricAverage);Euclidean(Median);Euclidean(Minimum);Euclidean(MinimumTimesMedian);Euclidean(Summation)
plain;0.47012;0.46975;0.47093;0.40431;0.19041;575.89;0.031231;0.031144;0.031285;0.023251;0.00072741;38.257
PCA;0.55396;0.55327;0.55466;0.45524;0.2525;678.6;0.052807;0.052584;0.052945;0.035359;0.0018721;64.689
DE00;0.56241;0.55835;0.56062;0.45987;0.25831;686.98;0.06654;0.068767;0.065072;0.041514;0.0028678;80.482
DE01;0.56158;0.55671;0.56022;0.46323;0.25898;691.56;0.065068;0.066875;0.066896;0.040759;0.0025296;77.309
DE02;0.55968;0.55614;0.5584;0.46077;0.25566;684.5;0.068528;0.065168;0.068344;0.041614;0.0022678;86.563
PCA
weights;0.0033201;0.0028381;0.0031451;0.0029982;0.0041473;0.00089934;0.0012803;0.0018445;0.0029836;0.0030688;0.0013824;0.0027905;0.0018808;0.002281;0.003936;0.0025105;0.0024624;0.0029283;0.0022295;0.0018673;0.0013488;0.0046104;0.0035158;0.0015667;0.0040661;0.0023679;0.0018879;0.0015198;0.001984;0.0010331;0.0026494;0.0025001;0.0028297;0.0028347;0.0020306;0.0048461;0.0021949;0.0036401;0.0011142;0.0034756;0.0019864;0.0013978;0.002244;0.00098519;0.0014103;0.0012071;0.0028278;0.001672;0.020527;0.018989;0.017943;0.016979;0.022374;0.016463;0.020406;0.018839;0.013617;0.018821;0.012951;0.016079;0.014772;0.019596;0.015477;0.016392;0.014993;0.018731;0.021175;0.020838;0.01765;0.019531;0.019206;0.01781;0.020515;0.01797;0.019096;0.022231;0.016106;0.015702;0.020082;0.020453;0.016479;0.017167;0.020708;0.024406;0.02007;0.019736;0.016001;0.023674;0.019293;0.018703;0.017722;0.015717;0.016316;0.019104;0.012799;0.023252
differential evolutions parameters, by distance type
i;dDE / dP;distance;type;parentWeight;crossover;population;iterations;distance;weights ->
1;1.1963;0.56241;2;0.85;0.5;50;50;Manhattan(Average);0.00091522;1.6021E-06;0.00063728;0.001841;0.0001536;0.00079003;0.00036458;0.0021815;0.0067632;0.0045611;1.8621E-05;0.0020467;0.0020914;0.0018451;0.003664;0.0033787;0.0027938;0.003182;0.00014015;0.0029726;0.00315;0.0022355;0.00010324;0.0025709;0.00055611;0.00023552;0.00031157;0.00027835;0.00010929;0.0028279;0.00074092;0.00039917;0.0041364;0.00069228;0.0011851;0.00306;0.0023537;0.00023197;0.0018362;0.00047726;0.00036428;0.0034256;8.7544E-05;0.001673;0.0035658;0.00050294;0.0012135;8.2222E-05;0.022203;0.011061;0.028344;0.002666;0.024345;0.01924;0.029003;0.021991;0.0060236;0.026571;0.0002442;0.011842;0.027533;0.023719;0.0019464;0.020265;0.020088;0.017562;0.027105;0.012504;0.023882;0.026948;0.024333;0.0060751;0.00408;0.019701;0.025113;0.028689;0.026586;0.021034;0.027325;0.026645;0.019951;0.028379;0.026972;0.02829;0.014197;0.029074;0.0032878;0.024081;0.0075349;0.028302;0.02756;0.020599;0.0098257;0.015488;0.00027001;0.022774
2;1.1946;0.56158;2;0.85;0.5;50;50;Manhattan(Average);0.0014957;0.0025153;0.0023398;0.0019763;0.0010065;0.002549;0.00016168;0.00075654;0.00085157;0.0010262;0.0006046;0.0009122;0.0034407;0.0021846;0.0028281;4.2834E-05;0.0040316;0.0001895;0.00033058;0.004911;0.0037693;0.00036898;0.00018301;0.000794;0.001082;0.0017196;0.00070041;0.00016177;0.002598;0.0016597;0.0011467;0.00059564;0.0016389;0.0051545;0.0002383;0.0012843;0.00092249;8.8019E-05;0.0036609;0.0028349;0.0033532;0.0011283;0.00074779;0.00014342;0.0029496;0.00093908;0.0007826;0.0017588;0.02867;0.021582;0.017138;0.0078169;0.0258;0.0020763;0.018962;0.01402;0.0074245;0.020194;0.011234;0.025505;0.014317;0.027098;0.028357;0.0028116;0.0060146;0.013707;0.016565;0.028376;0.028452;0.026967;0.0034468;0.023116;0.019878;0.027752;0.024051;0.018733;0.004777;0.026836;0.015349;0.027125;0.023712;0.016911;0.023044;0.015992;0.026548;0.024283;0.024768;0.027315;0.0231;0.02702;0.0058644;0.025198;0.012486;0.023079;0.011392;0.028575
3;1.1905;0.55968;2;0.85;0.5;50;50;Manhattan(Average);0.0023639;0.00071815;0.002149;0.00034284;7.7638E-05;0.0016942;0.0012947;0.0017707;0.00052266;0.00077977;0.00084127;0.0013093;0.00052522;0.00041949;0.0012962;0.006308;0.0034898;0.00021312;0.00084044;0.0024325;0.0010919;0.0042913;0.0048204;0.00039127;0.00087785;0.0013811;1.367E-05;0.00087657;0.00092259;0.0018875;0.0010785;0.00059638;0.0024727;0.0011068;0.0020654;0.0012898;0.001242;0.0015233;0.0022834;0.00031969;0.003735;0.0058274;0.0016127;0.002229;0.001119;0.001107;0.0021608;0.0010563;0.019035;0.021463;0.00048107;0.015076;0.0076194;0.0248;0.016158;0.023154;0.0021068;0.01007;0.024978;0.020822;0.02102;0.02591;0.019682;0.026785;0.0045131;0.025087;0.025084;0.025205;0.02223;0.024161;0.02618;0.024697;0.021185;0.023398;0.0037462;0.026957;0.0022936;0.023114;0.016819;0.019687;0.012424;0.021065;0.020777;0.026672;0.026188;0.025121;0.022312;0.017341;0.026809;0.020976;0.0089461;0.010219;0.022118;0.021656;0.021012;0.024079
4;1.1886;0.55835;2;0.85;0.5;50;50;Manhattan(GeometricAverage);8.4137E-05;0.0026655;0.0009704;0.0047246;0.0078326;0.0002045;0.0009217;0.0014624;0.0035148;0.0003386;0.0015265;0.0038819;0.00069048;0.0012274;0.00077313;0.0025688;0.0018179;0.0014885;0.0019912;0.0039303;0.00070769;0.0063252;0.0045416;0.0016192;0.0018206;0.000457;0.0012314;0.0010504;0.00030881;0.0002158;0.0005654;0.0018916;0.00098776;0.00076359;0.00046097;0.0035906;0.0028646;0.00036359;0.0032232;0.00020478;0.0002889;0.003555;0.00073365;0.00078175;0.0014045;0.003016;0.00038108;0.0022527;0.025756;0.013833;0.026883;0.023621;0.010694;0.0049899;0.00886;0.017513;0.009386;0.024846;0.010544;0.023754;0.0028128;0.020774;0.022358;0.019406;0.023262;0.023053;0.017586;0.026567;0.025108;0.024763;0.016374;0.010297;0.024904;0.01064;0.024494;0.020828;0.023477;0.023671;0.0254;0.01819;0.026602;0.021219;0.02238;0.024314;0.024147;0.022967;0.017214;0.020394;0.01511;0.01579;0.014922;0.01013;0.021345;0.024803;0.0012522;0.024541
5;1.1851;0.55671;2;0.85;0.5;50;50;Manhattan(GeometricAverage);0.00070882;0.0023312;0.00082579;0.00010595;0.0030273;0.00075506;0.00099002;0.0029097;0.00089069;0.0014558;0.0031504;0.00076212;0.0029117;0.00094975;0.0022159;0.003933;0.00099263;0.0005387;0.00064208;0.0025373;0.0011223;0.00024863;0.0021437;0.0010801;0.0019041;0.019369;0.00019152;0.00048761;0.0025261;0.00023165;0.0015295;0.0019671;0.0044204;0.00030178;7.8316E-05;0.0020194;0.00079803;0.00014021;0.0010303;0.00064711;0.0035321;0.0021369;0.0013082;0.00051992;0.0023608;0.0044683;0.0025563;0.00018228;0.025717;0.02052;0.012183;0.017823;0.018447;0.0072257;0.016288;0.0069109;0.015917;0.016868;0.0037569;0.011215;0.023598;0.022459;0.01114;0.025369;0.024208;0.025129;0.018427;0.02284;0.022921;0.025505;0.018557;0.011628;0.024456;0.02455;0.022483;0.015661;0.012377;0.018665;0.024769;0.024442;0.017961;0.024815;0.018499;0.022343;0.021028;0.011722;0.023112;0.023539;0.022171;0.024511;0.019207;0.0097214;0.015174;0.024321;0.018011;0.019874
6;1.1839;0.55614;2;0.85;0.5;50;50;Manhattan(GeometricAverage);0.0022911;9.0723E-05;0.0034252;0.00047612;0.00049595;0.00090775;0.0011053;4.2952E-05;0.002652;0.00086643;0.0033585;0.0035298;0.0014019;2.1118E-05;0.0010051;0.0066931;0.0034365;0.0030858;0.0015687;0.00091462;0.0028496;0.0025604;9.2646E-05;0.0029428;0.0014536;0.0027759;0.0031677;0.00049432;0.00038156;9.9484E-05;4.8888E-05;0.0056148;0.0030901;0.0028564;0.0017993;0.001088;0.0045122;0.0023789;0.0032124;0.002744;0.00013005;0.00022191;0.00075782;0.0021037;0.00041297;0.00065283;0.00043411;0.0018424;0.014327;0.020631;0.022143;0.020799;0.018113;0.023228;0.016437;0.023973;0.01012;0.022953;0.02404;0.020944;0.021485;0.018994;0.022065;0.022175;0.016344;0.023442;0.017728;0.025501;0.02175;0.025403;0.012618;0.016587;0.026351;0.015585;0.019807;0.015044;0.019904;0.02426;0.022335;0.025648;0.016081;0.017503;0.019339;0.019138;0.0025149;0.004434;0.021547;0.024258;0.020682;0.018841;0.022521;0.0089942;0.020808;0.017046;0.0059587;0.021513
7;1.1374;0.45987;2;0.85;0.5;50;50;Manhattan(Minimum);0.0046176;0.00043007;0.0040366;0.0055951;0.0090362;0.0019294;0.0048728;0.0016047;0.0040154;0.017088;0.0030688;0.00013523;0.0003838;0.0015506;0.019057;0.0042466;0.0025073;0.0040218;0.0023709;0.0024074;0.0053019;0.0014449;0.0013511;0.0035548;0.0093482;0.01382;0.0043871;3.7225E-05;0.0027665;0.0035818;0.0037441;0.0039931;0.015318;0.0018896;0.00058356;0.0049288;0.00044818;0.0057328;0.0034934;0.0018559;0.00086221;0.0049763;0.00035724;0.0073333;0.012075;0.0048161;0.010409;0.0052574;0.014624;0.016348;0.0040383;0.010658;0.0046744;0.018106;0.015728;0.02019;0.0090706;0.018625;0.018754;0.016752;0.021361;0.016892;0.017597;0.019022;0.021137;0.0059106;0.015975;0.019038;0.006507;0.021394;0.016297;0.011979;0.021663;0.014314;0.018799;0.014909;0.018762;0.019361;0.019428;0.020632;0.017259;0.016399;0.0029965;0.019577;0.019604;0.017645;0.021537;0.019561;0.016588;0.016739;0.011649;0.0023521;0.020287;0.021175;0.021029;0.020413
8;1.1396;0.46077;2;0.85;0.5;50;50;Manhattan(Minimum);0.0072796;0.00075295;0.0021297;0.0096926;0.0072798;0.0068005;0.0048588;0.0021246;0.013157;0.019509;0.013305;0.0035507;0.00069072;0.0019741;0.00083411;0.0081838;0.0045886;0.0016345;0.0011077;0.0014232;0.005543;0.0012477;0.0033345;0.0030854;0.0014765;0.006241;0.0051854;0.001042;0.0043722;0.0057889;0.01261;0.005557;0.0039246;0.00097331;0.010405;0.0082307;0.0025792;0.0011409;0.0025704;0.0002897;0.00062916;0.0036167;0.0010298;0.00028538;0.0033551;0.00044582;0.0076329;0.021304;0.0068729;0.016626;0.0074743;0.020618;0.012982;0.014578;0.013852;0.012207;0.0020803;0.0030403;0.017853;0.020576;0.02138;0.020793;0.0090787;0.019653;0.016394;0.014718;0.020094;0.020257;0.019763;0.011671;0.015923;0.020558;0.020987;0.021729;0.0058859;0.01639;0.015628;0.013673;0.013487;0.019877;0.021567;0.0060163;0.013698;0.014326;0.01959;0.020315;0.01955;0.021105;0.020322;0.011888;0.017647;0.014113;0.021436;0.022085;0.013305;0.021565
9;1.1457;0.46323;2;0.85;0.5;50;50;Manhattan(Minimum);0.0059036;0.0019211;0.0003643;0.00356;0.016462;0.00029497;0.0013795;0.00095612;0.0047742;0.011714;0.005797;0.0030628;0.00069856;0.0036821;0.0081195;0.0015012;0.01237;0.0016066;0.0019001;0.0032586;0.00011158;0.0040596;0.0081452;0.0034273;0.00529;0.0067599;0.010543;0.001715;0.00098577;0.00052372;0.0027301;0.0016742;0.003558;0.006892;0.0070953;0.00053491;0.0056321;0.01702;0.005511;0.0038795;0.0097177;7.1972E-05;0.0042962;5.3868E-05;0.00181;0.0025384;0.003396;0.0092972;0.013782;0.019116;0.014941;0.0080816;0.021516;0.020556;0.019551;0.01239;0.001404;0.011538;0.022187;0.012464;0.022694;0.015807;0.020181;0.022277;0.018602;0.0033708;0.014423;0.017811;0.014343;0.016027;0.022075;0.010571;0.021469;0.015052;0.018489;0.021738;0.02051;0.012226;0.022266;0.018761;0.020991;0.0066652;0.023029;0.018223;0.013052;0.021604;0.018336;0.018002;0.022952;0.013622;0.015359;0.010687;0.022543;0.00011193;0.015687;0.01632
10;1.1904;0.56062;2;0.85;0.5;50;50;Manhattan(Median);0.002073;0.00044669;0.0053799;0.0015249;0.00019642;0.00032772;0.0040134;0.0042739;0.0031922;0.0021669;0.00018178;0.0028999;0.0014037;0.00096329;0.0084413;0.00062769;0.00032162;0.0014733;0.00012307;0.0021729;0.00048524;0.00012659;0.0017908;0.0015192;0.0012345;0.00047737;0.001082;0.00037638;0.0017952;0.0010432;0.0044597;0.0019604;0.0033941;0.0011773;0.0032079;0.0020222;0.0039293;3.6216E-05;0.00034707;0.0010866;0.00034313;0.0010858;0.00073628;0.0053859;0.0046153;0.00058299;0.0013353;0.0037523;0.030149;0.025119;0.0062537;0.01319;0.027037;0.0071115;0.030659;0.022427;0.009524;0.026684;0.0012683;0.02484;0.0064241;0.029743;0.0016982;0.026138;0.026606;0.014011;0.013399;0.020344;0.0054155;0.010403;0.022344;0.029622;0.027741;0.016271;0.02447;0.006802;0.0015118;0.027987;0.025834;0.0021931;0.0092456;0.016863;0.026944;0.028558;0.021183;0.017778;0.023948;0.025571;0.02574;0.02292;0.0073663;0.023392;0.020066;0.027798;0.019122;0.028695
11;1.1896;0.56022;2;0.85;0.5;50;50;Manhattan(Median);0.0014128;0.0013261;4.4643E-07;0.0047678;0.0031442;0.0012209;0.00054909;0.0007758;0.0031139;0.00093274;0.0020165;0.00073136;0.00065026;0.0003087;0.0018062;0.00056045;0.0018176;0.010454;0.00014694;5.8462E-05;1.0571E-05;0.00034573;0.00029299;0.0038312;2.9057E-05;0.0023837;0.0093778;0.00065527;0.0027232;0.00040225;0.00079265;0.0023184;0.0061188;0.0047597;0.0012284;0.00059601;0.0011889;2.2118E-05;0.004628;0.0035937;0.00047761;0.00017511;0.00026355;0.0015332;0.0024157;0.0020526;0.00079457;0.00046966;0.026017;0.023799;0.026864;0.0010193;0.020094;0.019892;0.029139;0.026958;0.015244;0.017668;0.0063907;0.0053454;0.014914;0.024035;0.019257;0.015932;0.0033697;0.025676;0.019506;0.018849;0.023164;0.026029;0.0055871;0.020227;0.023922;0.011841;0.012812;0.026484;0.027632;0.0097206;0.027727;0.017499;0.015073;0.010647;0.0014205;0.021237;0.020625;0.028164;0.026941;0.027504;0.022399;0.026639;0.014566;0.007501;0.029067;0.025664;0.018582;0.022079
12;1.1857;0.5584;2;0.85;0.5;50;50;Manhattan(Median);0.0020269;0.01025;0.0013845;0.0014942;0.00031422;0.0043583;0.0010914;0.0027174;0.004001;0.0044056;0.0020619;0.0018776;0.0014548;0.016794;0.00097443;0.0029693;0.00022311;0.0027097;0.0025782;0.0016836;0.0027627;0.00025335;0.00016456;0.0020121;0.0025468;0.0013946;0.0013968;0.00070196;0.0012405;8.0773E-05;0.00082113;0.002021;0.0018469;0.0010596;0.00014675;0.0045679;0.0030559;0.00082201;0.001776;0.0014374;0.00074022;0.00029939;0.00022517;0.0013083;0.000101;0.0013338;7.1841E-06;3.3444E-05;0.026376;0.026536;0.026218;0.0059998;0.02284;0.023695;0.011928;0.023983;0.0095933;0.010349;0.00050803;0.0062648;0.013534;0.026174;0.0074237;0.01236;0.026767;0.0017153;0.024853;0.025732;0.024268;0.024746;0.022853;0.026869;0.022489;0.02614;0.026918;0.026267;0.023696;0.0072683;0.026898;0.026127;0.023929;0.025979;0.023922;0.025827;0.00525;0.0182;0.02215;0.021872;0.020616;0.0087926;0.0056206;0.021188;0.0031277;0.014707;0.022469;0.019435
13;1.3601;0.25898;2;0.85;0.5;50;50;Manhattan(MinimumTimesMedian);0.0021081;2.0656E-06;0.0020213;0.0035621;0.0046942;0.00086242;0.0022382;0.0085449;0.00051749;0.00073991;0.00078587;0.0010554;0.0040656;0.006372;0.00088833;0.0011963;0.0048344;0.0037535;0.0040738;0.0017631;0.00099337;0.0081266;0.00071581;0.0014876;0.00018985;0.006701;0.0018328;0.0013109;0.00091334;0.0020031;0.010056;0.0009721;0.0038255;0.0015668;0.00011033;0.016794;0.00026546;0.0006262;0.00052836;0.00026743;0.002788;0.0027129;0.0052082;0.0029564;0.0011316;0.0012264;0.002461;0.00059143;0.0014908;0.022696;0.0080024;0.024398;0.013448;0.018237;0.018893;0.022101;0.0040299;0.019374;0.019271;0.022355;0.022317;0.0177;0.015716;0.024319;0.021927;0.0062308;0.016079;0.024492;0.022069;0.016702;0.017156;0.0057035;0.018409;0.020917;0.013005;0.020819;0.0134;0.024082;0.022649;0.022298;0.018891;0.017259;0.017243;0.020533;0.020136;0.020066;0.023929;0.018654;0.021556;0.016153;0.023687;0.020045;0.024916;0.0090949;0.024304;0.010805
14;1.3566;0.25831;2;0.85;0.5;50;50;Manhattan(MinimumTimesMedian);0.0001127;0.005184;0.0032075;0.00046662;0.002613;0.00063414;0.00042937;0.0019343;0.0014863;0.00083465;0.00092009;0.002178;0.0011382;6.5524E-05;0.00070836;0.0040549;0.0046349;0.0043695;0.004037;0.0018869;0.00032578;0.00025752;0.0028007;0.00045691;0.00077502;0.0026503;0.0021703;0.0058418;0.00074673;0.0037946;0.0023082;0.0004582;0.0088619;0.0028371;0.0028777;0.0039873;0.00026664;9.9826E-05;0.0020543;0.0094507;0.0027084;0.00031171;0.00013699;0.00074321;0.00044273;0.00012623;0.0010821;0.023429;0.026223;0.018115;0.0080758;0.011892;0.022501;0.019559;0.0063025;0.026681;0.016845;0.015765;0.0055321;0.018958;0.021202;0.024911;0.0014806;0.013712;0.025378;0.012652;0.0075629;0.012349;0.02226;0.019506;0.022572;0.013994;0.023456;0.012347;0.010053;0.023932;0.021661;0.026853;0.026462;0.017746;0.019344;0.024233;0.012866;0.019214;0.024136;0.025631;0.025458;0.020866;0.015327;0.0094577;0.018828;0.018078;0.023492;0.017093;0.025616;0.020924
15;1.3427;0.25566;2;0.85;0.5;50;50;Manhattan(MinimumTimesMedian);0.00058416;0.00055486;0.00024703;0.0058554;0.0023159;0.0070293;0.0072267;0.0039244;0.00041509;0.0088194;0.0020904;0.000589;0.0035941;0.0070342;0.0049778;0.00055173;0.00042747;0.0022967;0.00084576;0.00041688;0.0025445;0.0029941;5.636E-05;0.0043019;0.00015515;0.0015894;0.0090515;0.012504;0.0036472;0.003692;0.0019635;0.002565;0.0010084;0.00065255;0.0003209;0.0004198;0.0014016;0.0083827;0.00029183;0.0003521;8.1611E-05;0.00040372;0.0029847;0.00086095;0.0016316;0.0025494;0.0026013;0.00014978;0.022351;0.0258;0.0040104;0.0026402;0.0020928;0.024805;0.016292;0.016221;0.022941;0.016377;0.016655;0.011844;0.022657;0.015546;0.0051886;0.025172;0.013484;0.022248;0.017489;0.024995;0.026552;0.026224;0.022445;0.0060857;0.018318;0.023579;0.01634;0.020614;0.011417;0.023602;0.02;0.025817;0.024418;0.012824;0.025323;0.02115;0.011098;0.02185;0.02611;0.022895;0.023268;0.0076315;0.02201;0.011712;0.013657;0.0096677;0.023593;0.024039
16;1.1929;686.98;2;0.85;0.5;50;50;Manhattan(Summation);0.0044165;0.0020113;0.0013501;0.0010211;0.0008576;0.00012944;0.0020651;0.0017169;0.00077768;0.00051587;0.00077805;0.0027994;4.7437E-05;0.003323;0.00033232;0.0038779;0.00020143;0.0017961;0.0011067;0.00081987;0.0003224;0.0027032;0.0024276;4.5843E-06;0.00021753;0.00086029;0.00031031;0.0010346;0.00077088;0.00030815;0.0002093;0.00062708;0.0026754;0.0056321;0.0026105;0.0019655;0.0023923;0.0042111;9.9715E-05;0.00088538;0.0011065;0.0019839;0.00030948;0.00074195;0.0024261;0.0042965;0.0010314;0.0013166;0.0074725;0.023943;0.016468;0.026345;0.018609;0.013733;0.026281;0.026249;0.0059726;0.018117;0.026812;0.010522;0.011281;0.026269;0.018778;0.0086763;0.025913;0.024762;0.024828;0.021044;0.017122;0.0091265;0.025132;0.019421;0.025354;0.013931;0.015001;0.026632;0.026242;0.017218;0.026751;0.025565;0.01746;0.014183;0.02623;0.02349;0.024859;0.0012391;0.025289;0.020126;0.017993;0.020214;0.016598;0.010477;0.019651;0.021701;0.015667;0.021828
17;1.2009;691.56;2;0.85;0.5;50;50;Manhattan(Summation);0.0032923;0.00053122;0.0017295;0.0011638;0.0020921;0.0013532;7.9315E-05;0.00016702;0.0020999;0.00036072;5.2883E-05;0.00062783;0.0006401;0.00011838;0.00030565;0.0012342;0.0031363;0.0016282;0.00033227;0.0015522;0.0020855;0.00085453;0.0016203;0.00043705;0.00042939;0.0025254;0.0035689;0.00024697;0.00013022;3.4439E-05;0.0011338;0.00049178;0.00063991;0.0039759;0.0033313;0.00043959;0.0012532;0.00053946;0.00091168;0.0089955;0.00062496;0.0010829;0.0022026;0.00045836;0.00092073;0.0014283;0.0010978;0.0011285;0.025575;0.025563;0.024553;0.012898;0.028399;0.0049679;0.024728;0.019173;0.013082;0.024174;0.010426;0.028537;0.024367;0.029089;0.0090069;0.0048816;0.024825;0.027404;0.026053;0.023645;0.020118;0.019447;0.021015;0.011922;0.021902;0.0096904;0.024162;0.020848;0.010652;0.027983;0.011369;0.029063;0.0020483;0.024223;0.023321;0.028529;0.025819;0.024613;0.013795;0.021429;0.016661;0.02511;0.0076014;0.028705;0.017428;0.014943;0.0017653;0.019402
18;1.1886;684.5;2;0.85;0.5;50;50;Manhattan(Summation);0.0011304;0.00018506;0.0007505;0.0050262;0.0047518;0.0029391;0.00060473;0.00092229;0.0038243;0.0010354;0.0020155;0.00016669;0.0015769;0.0021088;0.0011264;0.0013035;0.0013565;0.0012777;0.00031161;0.00061855;0.0037745;0.0010704;0.0023849;0.00016501;0.002257;0.00057544;0.003318;0.0030229;0.0022436;0.0029934;0.0011745;0.00065301;0.0023901;0.0028422;0.0020674;0.0099854;6.792E-05;0.0053683;0.0013447;0.0060808;0.0015244;0.0010583;0.0012998;1.4386E-05;0.0032981;0.00076519;0.0009248;0.0004781;0.016131;0.018202;0.013686;0.01798;0.022732;0.019524;0.025855;0.0061134;0.00044896;0.02194;0.0058566;0.018338;0.023056;0.025088;0.002108;0.024792;0.00054832;0.024773;0.022027;0.023912;0.022639;0.022093;0.020304;0.024285;0.024377;0.0245;0.020419;0.025069;0.0077916;0.022602;0.024106;0.02486;0.014555;0.021554;0.019164;0.022429;0.024327;0.0076414;0.02164;0.017239;0.02417;0.019563;0.025846;0.013875;0.026447;0.020066;0.0049337;0.024219
19;2.1306;0.06654;2;0.85;0.5;50;50;Euclidean(Average);5.769E-05;9.6235E-05;0.00054298;0.017754;0.00080841;0.00036744;0.00065907;6.3248E-06;5.1769E-05;0.0014081;0.00017778;0.013058;0.00049435;0.023965;0.0056692;0.0029389;0.00066261;0.00024577;0.01083;0.0049364;0.0020976;0.00020552;0.00056658;0.0017282;0.016127;0.0011494;0.013303;0.0018017;0.00050024;0.00015445;0.0077476;0.00021643;0.00064627;0.0031883;0.0013883;0.0059171;0.0017898;0.00072257;0.0011328;0.0019808;0.0021591;0.009277;0.00081072;0.007708;0.002309;0.0048425;0.0072494;0.00032581;0.0029597;0.0014573;0.0014193;0.0016528;0.039315;0.0053269;0.03969;0.037492;0.00038289;0.037684;0.021382;0.035219;0.00054841;0.00026936;0.0014645;0.00014977;0.0010488;0.0010772;0.03004;0.037644;0.03756;0.00048905;0.035968;0.032863;0.028354;0.0080827;0.0038353;5.8785E-06;0.0035025;0.032014;0.038912;0.0058297;0.0046127;0.0037194;0.029123;0.012922;0.0016424;0.033173;0.03846;0.0013276;0.0060314;0.038914;0.034971;0.00036928;0.039449;0.039397;0.0018103;0.0086658
20;2.1943;0.068528;2;0.85;0.5;50;50;Euclidean(Average);0.0020906;0.00071592;0.0022284;0.0017066;0.023056;0.00018362;0.00030766;0.0070415;0.00016697;0.00039997;0.0063712;0.0041342;0.0085213;0.003257;0.0054939;0.00018163;0.01054;0.0059285;0.0012598;0.00077046;0.00018193;0.0034316;0.0017348;0.0060065;0.004078;0.00092225;0.00018288;0.0018767;0.00010714;0.002535;0.00112;2.7016E-05;0.00035516;0.0026479;0.0044934;0.00053822;0.0060576;0.0037571;0.0027569;7.7796E-05;0.0019075;0.00070001;0.0022474;0.0011191;0.00059454;0.0070387;0.0096926;0.0022194;0.00090934;0.00029432;0.0056588;0.0050672;0.033277;0.0039442;0.040859;0.02295;0.0037422;0.029637;0.00079872;0.038487;0.039115;0.034921;0.0097091;0.0020547;0.0073398;0.0018601;0.037749;0.010967;0.0031978;0.0011568;0.0013598;0.002529;0.0015135;0.00043583;2.3085E-05;0.041022;0.002362;0.00044674;0.030958;0.023197;0.0025053;0.007732;0.038844;0.029547;0.03742;0.03952;0.0011419;0.032995;0.02797;0.03763;0.00040833;0.039544;0.035022;0.0038484;0.037837;0.03773
21;2.0835;0.065068;2;0.85;0.5;50;50;Euclidean(Average);0.001522;0.012407;0.0017752;0.0082746;0.0056832;0.0015541;0.0033308;0.0014474;0.0038157;0.0040188;0.00029037;0.003558;0.0016513;0.00017211;0.0014777;0.0018574;0.00015521;0.022037;0.00080088;0.013223;0.0019106;0.0016501;0.0096579;0.00067856;0.0022652;0.0013607;2.9077E-05;0.0019154;0.00091156;0.012362;0.0010443;0.00077043;0.00032772;0.00046761;0.0010964;0.0011793;0.0013796;0.0076346;0.00093222;0.00050314;0.001506;0.001276;0.0012557;0.0044646;0.0013843;2.039E-05;0.001502;0.0019241;0.035821;0.02558;0.0059609;0.0076126;0.0014732;0.0075467;0.035839;0.00094915;0.0321;0.00079788;0.0026066;0.036471;1.7051E-05;0.035095;0.0064974;0.0073973;0.0038887;0.029153;0.034482;0.034554;0.025109;0.0044017;0.012097;0.03557;0.0046908;0.033719;0.032091;0.036557;0.00013866;0.011822;0.0013313;0.033353;0.00017456;0.025542;0.0033974;0.0049704;0.027142;0.035481;0.0036936;0.00054282;0.0015574;0.036375;0.03614;0.03044;0.031656;0.0044395;0.00033821;0.032931
22;2.1473;0.066875;2;0.85;0.5;50;50;Euclidean(GeometricAverage);0.00094607;0.0090107;0.0055893;0.0030434;0.0054873;0.0033147;0.0011497;0.0014423;0.0010658;0.00071379;0.0014608;0.0012621;0.0056191;0.0078535;0.0080781;0.0053018;0.0075006;0.0001725;0.0010437;0.00063651;0.0012401;7.3878E-05;0.0018611;0.0016876;0.00092913;0.0049127;0.0042273;0.0017683;0.0031458;0.0018616;0.00033294;0.0029983;0.0058429;0.00055294;0.0010284;0.0031369;0.0011621;0.0042998;0.00074558;0.0031055;0.0026905;0.00055398;0.018762;0.0096919;0.0015984;0.0034318;0.0018068;0.0008801;0.037441;0.012769;0.034604;0.038385;0.019983;0.014668;0.035727;0.0024085;8.0337E-06;0.040003;0.0043342;0.0067248;0.0011144;0.039413;0.0016525;0.01071;0.026699;0.0074306;0.039468;0.039931;0.030241;0.00088572;0.029562;0.0067368;0.039585;0.0044171;0.032798;0.038765;0.0016147;0.0014796;0.038824;0.00014025;0.0048039;0.00014754;1.3773E-05;0.0010798;0.00052153;0.010048;0.033249;0.005706;0.033676;0.030522;0.00053922;0.029929;0.016027;0.00013146;0.0015082;0.038553
23;2.0925;0.065168;2;0.85;0.5;50;50;Euclidean(GeometricAverage);0.0034309;0.0034836;1.536E-05;0.0027738;0.0060937;0.0054264;0.0027189;0.0034267;0.001734;0.00074791;0.0069023;0.00030768;0.0037303;0.0087779;0.0075799;0.0044367;0.00037704;0.0015202;0.0071086;7.2458E-05;0.00057212;0.0020927;0.0023255;0.00094515;0.00026163;0.0047247;0.0019386;0.0024514;0.0014522;0.0058297;0.0015758;0.00078551;0.0012688;0.0051158;0.00017309;0.0036753;0.00042888;0.0010894;0.0014298;6.9827E-05;0.00010513;0.0076742;0.0073292;0.0001195;0.00083232;0.0010958;0.0022665;0.0043025;0.033811;0.025053;0.0026403;0.0027001;0.034084;0.0076345;0.00090695;0.013341;0.037233;0.025174;0.034899;0.005046;0.00062083;0.0053204;0.035466;0.0085412;0.0073679;0.0019455;0.0070119;0.0025218;0.031354;0.03643;0.0045845;0.013031;0.028047;0.03464;0.00095138;0.025483;0.0049675;0.0014416;0.035437;0.029178;0.036351;0.0014329;0.0031378;0.036974;0.0029422;0.028173;0.0012784;0.03449;0.035403;0.036134;0.0059758;0.0026534;0.033906;0.036207;0.0030148;0.03247
24;2.208;0.068767;2;0.85;0.5;50;50;Euclidean(GeometricAverage);0.001516;0.0053317;0.0070742;0.0032565;0.0019782;0.0035754;0.0020341;0.00043109;0.00071038;0.0026503;0.00039292;0.0086258;0.00012929;0.0072514;0.0020352;0.0010603;0.00075501;0.00080779;0.0001129;0.00023537;0.0020855;0.0083351;0.003486;0.0041889;0.0043197;0.0052395;0.0008875;0.011446;0.00065107;0.0022846;0.0023573;0.0023921;0.0022173;0.0021115;0.0001985;0.0017173;0.0014464;0.024212;0.0030994;0.00038336;0.0025364;2.136E-05;0.0010501;0.0042515;0.0020727;0.0037261;0.028529;0.00015758;0.040902;0.04187;0.03979;0.002364;0.037705;0.0017964;0.043257;0.00025709;0.00079199;0.021657;0.03409;0.0087957;0.00037121;0.00012416;0.0056013;0.0057605;0.0040986;0.04316;0.040091;0.043138;0.0024995;0.0010558;0.0021805;0.0090602;8.8946E-05;0.0024741;0.0017946;0.042321;0.0054318;0.0034773;0.0091;0.014299;0.0063003;0.038241;0.042706;0.0056702;0.012107;0.0051992;0.013897;0.042027;0.034577;0.0016013;0.0027825;0.00041981;0.0095098;0.043297;0.032353;0.024542
25;1.7854;0.041514;2;0.85;0.5;50;50;Euclidean(Minimum);0.003692;0.0078406;0.0080261;0.001728;0.0028574;0.00036789;0.0037275;0.00026988;0.004728;0.011752;0.0004994;0.0020333;0.0057054;9.4258E-05;0.0030078;0.0029853;0.0018526;0.00077395;0.0021297;0.0023739;0.0043623;0.0066356;0.0086372;0.0021901;0.0019526;0.0056259;0.0068934;0.0042047;0.0027085;0.0025968;0.011754;0.0034867;0.010314;0.00053541;0.00038348;0.00078635;0.0040253;0.004048;0.00033178;0.00084687;0.00018322;0.004447;0.0029418;0.0088129;0.0057363;0.012913;0.00042598;0.00042982;0.026803;0.018976;0.0038816;0.00023009;0.026384;0.0016837;0.00026833;0.026223;0.022784;0.0037908;0.017091;0.02282;0.023209;0.0031921;0.024218;0.029345;0.0035543;0.022643;0.027074;0.027238;0.0040909;0.00021885;0.028522;0.025678;0.02314;0.0013173;0.026724;0.0055647;0.016393;0.011716;0.0048328;0.026939;0.01645;0.027363;0.021291;0.01777;0.028134;0.026684;0.024124;0.021226;0.0042194;0.014594;0.025836;0.0065195;0.026524;0.0046374;0.02517;0.01826
26;1.753;0.040759;2;0.85;0.5;50;50;Euclidean(Minimum);0.0035578;0.00010322;0.0015735;0.0034104;0.0012677;0.0005645;0.010955;0.021831;0.016745;0.000662;0.00030095;0.005814;0.0012414;0.0020156;0.0078864;0.00063217;0.0022956;0.0040842;0.0006429;0.001074;0.0019097;0.001638;0.0032715;0.0014571;0.0027626;0.0012336;0.0012154;0.015609;0.005921;0.0046274;0.00050913;0.0041022;0.0032278;0.0013725;0.0022214;0.0011474;0.0014438;0.0027682;0.0053441;0.0051591;0.0034069;0.00089685;0.0011091;0.0041757;0.0092593;0.00070328;0.0012495;0.0086355;0.0065447;0.01194;0.021158;0.00063306;0.027323;0.00019186;0.025475;0.002273;0.0098991;0.026094;0.022545;0.0035563;0.028081;0.0044597;0.0029816;0.028172;0.020212;0.023925;0.027469;0.023288;0.022437;0.014553;0.022123;0.028051;0.02018;0.027637;0.018494;0.027408;0.0058239;0.0031426;0.0054031;0.020598;0.0059246;0.023845;0.017423;0.026158;0.0016127;0.018026;0.028218;0.0060294;0.021462;0.024497;0.006647;0.027404;0.024759;0.0022752;0.027592;0.023024
27;1.7898;0.041614;2;0.85;0.5;50;50;Euclidean(Minimum);0.00073567;0.00020967;0.0085616;0.0012073;0.00046702;0.0059327;0.0013913;0.0014613;0.0077646;9.1703E-06;0.00053103;0.0060409;0.00028136;0.00088712;0.00097714;3.2009E-06;0.006317;0.0083782;0.0047221;0.0026811;0.0082844;0.0020126;0.0013598;0.00095564;0.0036974;0.00083777;0.0026111;0.0011383;0.0061215;0.0071172;0.0037971;0.027551;0.0034231;0.00059925;0.026579;0.0010968;0.00056557;0.0012474;0.0021824;0.00023462;0.00081993;0.015563;0.0037531;0.00030921;0.0028303;6.5051E-05;0.0023032;0.012187;0.02735;0.0218;0.022914;0.0041157;0.015908;0.0045964;0.0070199;0.027276;0.017992;0.027884;0.028771;0.0045814;0.018749;0.028451;0.027203;0.028811;0.025569;0.0013393;0.00056205;0.0010685;0.0019264;0.028084;0.023989;0.0010292;0.021;0.0030365;0.015423;0.026833;0.016708;0.02899;1.6244E-06;0.023101;0.0085508;0.027242;0.025977;0.028405;0.02739;0.028956;0.001319;0.019552;0.027999;0.013942;0.024656;0.00021497;0.024628;9.2141E-05;0.00013789;0.011051
28;2.08;0.065072;2;0.85;0.5;50;50;Euclidean(Median);0.0027305;0.0032601;0.0063865;0.0018362;0.010793;0.00077826;0.0063072;0.0010626;0.0055598;0.0027105;0.0011228;0.00019123;0.00024194;0.0014658;0.0017537;0.0012534;0.00025345;0.0034502;0.0013981;0.0028276;0.0029264;0.00030893;0.0028495;0.0012221;0.0012597;0.0076544;0.0038558;0.0015842;0.0028727;0.0032435;0.0016988;0.00052765;0.0071727;0.00041238;7.7148E-05;0.0067757;0.006904;0.00057613;0.0010646;0.0022192;0.0015224;0.0034914;0.00040597;0.013444;0.013209;0.0037071;0.0013448;0.0073366;0.032371;0.00047583;0.033337;0.0012037;0.035212;0.0322;0.00088958;0.0033606;0.0049132;0.001;0.00081792;0.0016116;0.0019637;0.00034717;0.0065859;0.035033;0.0031866;0.0083158;0.0010758;0.034884;0.032204;0.034165;0.032222;0.033984;0.029929;0.025263;0.034527;0.025593;0.0043016;0.0048186;0.034904;0.034094;0.033657;0.011462;0.0031217;0.003404;0.031305;0.0027202;0.030179;0.034609;0.0021058;0.034157;0.031526;8.7466E-05;0.015552;0.015479;0.00070596;0.030089
29;2.1383;0.066896;2;0.85;0.5;50;50;Euclidean(Median);0.001827;0.0014584;0.0013624;0.0038461;0.0036551;0.0049081;0.00197;9.5791E-05;0.0065744;0.0052593;0.0046548;0.0035817;0.0022699;0.00086094;0.0030043;0.0016946;0.0023764;0.0019639;0.00030509;0.0043933;0.00055122;0.0052022;0.0021811;0.00030159;0.00052686;0.001473;0.00095836;0.0061393;0.0025165;0.0054183;0.00032302;0.00040897;0.0020371;0.0037945;0.0020596;0.0011627;0.0038275;0.0013518;0.0012775;0.0012897;0.00037338;0.0030938;0.0018531;0.0074957;8.4343E-05;0.0032445;0.00097539;0.008058;0.036245;0.033878;0.011377;0.0053648;0.033708;0.0013669;0.021787;0.034598;0.0005052;0.015728;0.022352;0.0026601;0.0019833;0.0011014;0.025101;0.002713;0.007264;0.0071116;0.030414;0.035768;0.034159;0.0032778;0.03076;0.0044602;0.00016583;0.00050096;0.032388;0.03494;0.0094805;0.013171;0.00026512;0.0012878;0.004468;0.033722;0.031562;0.034082;0.031292;0.00092452;4.7661E-05;0.031399;0.02172;0.029113;0.034498;0.019043;0.035352;0.035066;0.0018125;0.035974
30;2.1846;0.068344;2;0.85;0.5;50;50;Euclidean(Median);0.0021268;0.00014639;0.0028518;0.0028621;0.0085464;0.0040772;0.00049737;0.00087258;0.0031609;0.00095711;0.0030869;0.007779;0.016864;0.014729;0.0019184;0.00090102;0.0022715;0.0025213;0.01436;0.0038723;0.0059448;0.003789;0.0042234;0.00026597;0.0082132;0.0010329;0.0023959;0.00031268;0.0047294;0.0068627;0.0051149;0.0047676;0.00064489;0.0004188;0.0095856;0.0010869;0.0037492;0.0027474;0.0016872;0.00011639;0.0012793;0.00077857;0.016709;0.0016694;0.0027256;0.010132;0.00032624;0.0011364;0.036202;0.0014999;0.0049637;0.00032014;0.00048498;0.0018402;0.0082277;0.00032903;0.0012863;0.0067117;0.0025535;0.0028265;0.003807;0.041706;0.0022834;0.042191;0.0031355;0.035529;0.039657;0.040791;0.0033752;0.032594;0.00071802;0.00059668;0.040547;0.011751;0.0016557;0.037323;7.4117E-05;0.040726;0.018478;0.040649;0.002118;0.00081891;0.04054;0.037852;0.022632;0.0053636;0.033549;0.040418;0.0088066;0.011715;0.0038777;0.0077165;0.011678;0.038522;0.0037316;0.028981
31;3.9425;0.0028678;2;0.85;0.5;50;50;Euclidean(MinimumTimesMedian);0.013007;0.001687;0.00092484;0.0076621;0.00084073;0.0025574;0.0022682;0.0079165;0.0021355;0.003706;0.0021169;0.0022602;0.0011751;0.0030784;0.003454;0.00055918;0.0019774;0.00041841;0.0026997;0.0014985;0.0081841;0.0015516;0.0011028;0.0080287;0.0033182;0.0031951;0.0008541;0.0017281;0.0012375;0.0029985;0.0049643;0.0027075;0.0022436;0.0075319;0.00072197;0.028513;0.0059463;0.017626;0.0050301;0.0023218;0.000449;0.00029221;0.0035227;0.00065485;0.0022055;0.00089524;0.001804;0.001241;0.0056607;0.035257;0.0047143;0.00042548;0.0033747;0.0025429;0.0010901;0.030601;0.0033875;0.0069096;0.027423;0.029265;0.0321;0.033534;0.0009738;0.0022612;0.018639;0.0033359;0.0351;0.0046631;0.032709;0.0024992;0.024462;0.0057084;0.026001;0.00043643;0.033685;0.034469;0.00073332;0.034337;0.018138;0.029418;0.034163;0.016383;0.035012;0.031914;0.026828;0.030175;0.0029533;0.0015474;0.033451;0.00079275;0.014099;0.0010406;0.026434;0.0020956;0.0010055;0.035436
32;3.1176;0.0022678;2;0.85;0.5;50;50;Euclidean(MinimumTimesMedian);0.0018765;0.012345;0.0056068;0.0030892;0.0012369;0.0022174;0.0047022;0.027352;0.0011568;0.00027385;0.0012323;0.027994;0.0023686;0.00059201;0.00098206;0.001657;0.0022296;0.002778;0.0036637;0.0020922;0.001422;0.0049025;0.01094;0.0035474;0.0041524;0.013451;0.0015752;0.0021599;0.0018037;0.00099327;0.0021766;0.001226;0.0037355;0.0038415;0.0024842;0.026426;0.0046058;0.00021015;0.0010803;0.00027451;0.0017981;0.00089119;0.00068897;0.00093888;0.023318;0.0073667;0.002989;0.00050069;0.029664;0.013958;0.02375;0.00055012;0.027368;0.00065462;0.0047323;0.0031029;0.0059682;0.0010805;0.0015034;0.003708;0.028928;0.0038997;0.013245;0.028948;0.0011397;0.024787;0.028623;0.015957;0.00034673;0.0052192;0.026588;0.029444;0.00045702;0.023547;0.028607;0.0041562;0.0021309;0.0043458;0.028252;0.014644;0.029431;0.023246;0.0067992;0.027394;0.028848;0.029786;0.024734;0.01115;0.0073266;0.023945;0.016429;0.024618;0.02942;0.0015317;0.023429;0.027663
33;3.4775;0.0025296;2;0.85;0.5;50;50;Euclidean(MinimumTimesMedian);0.0028248;0.0015849;0.0016114;0.0038192;0.0010074;0.00054266;0.0097855;0.0016085;0.00053997;0.0003888;0.00071624;0.0026889;0.0020538;0.007269;0.0063418;0.00041905;0.0052854;0.0070459;0.0085136;0.015033;0.011816;0.0074651;0.00072701;0.00013768;4.8949E-05;0.0059544;0.0035507;0.0023768;0.0045144;0.0015177;0.0043923;0.0033205;0.0017129;0.0013746;0.0065215;0.00030215;0.00091912;0.00013187;0.0035006;0.00052244;1.3032E-05;0.001822;0.00069382;0.002245;0.0099142;0.0014139;0.0018642;0.0081175;0.028417;0.0024931;0.0028777;0.0063288;0.032312;0.019156;0.030188;0.016553;0.014481;0.018854;0.0029238;0.00092807;0.029115;0.032545;0.011816;0.017758;0.031124;0.0035856;0.031099;0.00072135;0.0021945;3.7985E-05;0.031921;0.0018144;0.023286;0.030856;0.0041374;0.023247;0.0026896;0.0035333;0.0066539;0.026601;0.032562;0.015695;0.025831;0.0039838;0.030918;0.029583;0.032909;0.032925;0.030946;0.011166;0.01031;0.0038848;0.032702;0.0027005;0.025273;0.02239
34;2.1037;80.482;2;0.85;0.5;50;50;Euclidean(Summation);0.0018349;0.0041758;0.013104;0.0028665;0.00035899;0.0025966;0.0026959;0.0066944;0.00068873;0.0014742;0.0012063;0.0066793;0.0011083;0.0080756;6.5643E-05;0.0021932;0.00084051;0.00040552;0.0062432;0.0034541;0.0010647;0.0029197;0.0012069;0.0033379;0.005298;0.0013135;0.00053392;0.0089347;0.0022492;0.0030171;0.0003357;0.022407;0.005877;0.0086305;0.0055453;0.0094789;0.0028401;0.00057221;0.00055039;0.0017527;0.0050052;0.010027;0.0032633;0.0035805;0.001749;0.0018946;0.0025415;0.0028436;0.036038;0.028922;0.035434;0.0082712;0.036945;0.0050664;0.034869;0.010184;0.00091497;0.00011562;0.0026738;0.00039467;0.00085711;0.0061756;0.030226;0.032529;0.00069088;0.00024565;0.0020442;0.0019695;0.037675;0.00067618;0.029781;0.035653;0.037948;0.0018008;0.0022707;0.037761;0.031159;0.0034476;0.036744;0.0018005;0.0018749;0.033358;0.0071091;0.03831;0.037917;0.002565;0.0094462;0.034995;0.011346;0.038265;0.020306;0.0043199;0.00067986;0.0015581;0.035374;0.0057626
35;2.2626;86.563;2;0.85;0.5;50;50;Euclidean(Summation);0.003318;0.0020179;0.00012711;0.0080868;0.0014157;0.0025543;0.00037277;0.0050995;0.0012943;0.0018693;0.0021435;0.00032798;0.0017407;1.0782E-05;0.0068349;0.0012735;0.0031207;0.0024578;0.0014357;0.0047889;0.0024113;0.00064424;0.0011834;0.0088908;0.0006961;0.0010103;0.00051177;0.0009734;0.0059689;0.0039575;0.0016098;0.00015385;0.00036836;0.0082547;0.0014959;0.0077811;0.0010166;0.0046399;0.0012376;0.00013274;0.0073286;0.0013837;0.0017432;0.0014481;0.0011829;0.00046684;0.011819;0.00045548;0.0040187;0.001838;0.0011406;0.041009;0.041136;0.007009;0.04062;0.042414;0.034368;0.0015793;0.0011259;0.012039;0.012344;0.0094223;0.0025444;0.010894;0.003153;0.0015142;0.039024;0.0016503;0.0047507;0.00045482;0.0040778;0.041734;0.040553;0.01157;0.00078083;0.037841;0.010245;0.0032617;0.035512;0.0044254;0.0068314;0.0015661;0.041747;0.038961;0.042862;0.025813;0.0021469;0.042249;0.028179;0.034459;0.0010711;0.03911;0.01111;0.011188;0.0081495;0.031449
36;2.0208;77.309;2;0.85;0.5;50;50;Euclidean(Summation);0.0022151;0.0012295;0.0012574;0.0027737;0.00016833;0.001623;0.00078992;0.0040086;0.016344;0.0010605;0.0049607;0.0028556;0.00078914;0.00087602;0.00067267;0.0013829;0.0016315;0.0090511;0.00015587;0.010031;0.0027016;0.0058699;0.0035204;0.0093272;0.00054675;0.0085521;0.0072077;0.0043562;0.0029914;0.00088761;0.00069891;0.015365;0.0018271;0.0033984;0.020618;0.0040485;0.0030646;0.0048717;0.0041305;0.0010418;0.002848;0.0011126;0.002663;0.00035539;0.010139;0.0027631;0.0017679;0.0033545;0.033273;0.0045888;0.0010281;0.001664;0.0036707;0.035751;0.015157;0.00039412;0.00237;0.00062822;0.0023172;0.023104;0.00062918;0.0013239;0.035147;0.0017568;0.0015519;0.029801;0.035394;0.034564;0.0032171;0.036037;0.017763;0.032745;0.01059;0.0023461;0.030638;0.027183;0.0054856;0.0012263;0.029872;0.023463;0.0021913;0.033456;0.0031881;0.032585;0.036638;0.031453;0.0088675;0.022418;0.015075;0.0011022;0.033262;0.0038752;0.026137;0.034789;0.0013383;0.035039
differential evolutions parameters, by distance
i;dDE / dP;distance;type;parentWeight;crossover;population;iterations;distance;weights ->
1;1.1374;0.45987;2;0.85;0.5;50;50;Manhattan(Minimum);0.0046176;0.00043007;0.0040366;0.0055951;0.0090362;0.0019294;0.0048728;0.0016047;0.0040154;0.017088;0.0030688;0.00013523;0.0003838;0.0015506;0.019057;0.0042466;0.0025073;0.0040218;0.0023709;0.0024074;0.0053019;0.0014449;0.0013511;0.0035548;0.0093482;0.01382;0.0043871;3.7225E-05;0.0027665;0.0035818;0.0037441;0.0039931;0.015318;0.0018896;0.00058356;0.0049288;0.00044818;0.0057328;0.0034934;0.0018559;0.00086221;0.0049763;0.00035724;0.0073333;0.012075;0.0048161;0.010409;0.0052574;0.014624;0.016348;0.0040383;0.010658;0.0046744;0.018106;0.015728;0.02019;0.0090706;0.018625;0.018754;0.016752;0.021361;0.016892;0.017597;0.019022;0.021137;0.0059106;0.015975;0.019038;0.006507;0.021394;0.016297;0.011979;0.021663;0.014314;0.018799;0.014909;0.018762;0.019361;0.019428;0.020632;0.017259;0.016399;0.0029965;0.019577;0.019604;0.017645;0.021537;0.019561;0.016588;0.016739;0.011649;0.0023521;0.020287;0.021175;0.021029;0.020413
2;1.1396;0.46077;2;0.85;0.5;50;50;Manhattan(Minimum);0.0072796;0.00075295;0.0021297;0.0096926;0.0072798;0.0068005;0.0048588;0.0021246;0.013157;0.019509;0.013305;0.0035507;0.00069072;0.0019741;0.00083411;0.0081838;0.0045886;0.0016345;0.0011077;0.0014232;0.005543;0.0012477;0.0033345;0.0030854;0.0014765;0.006241;0.0051854;0.001042;0.0043722;0.0057889;0.01261;0.005557;0.0039246;0.00097331;0.010405;0.0082307;0.0025792;0.0011409;0.0025704;0.0002897;0.00062916;0.0036167;0.0010298;0.00028538;0.0033551;0.00044582;0.0076329;0.021304;0.0068729;0.016626;0.0074743;0.020618;0.012982;0.014578;0.013852;0.012207;0.0020803;0.0030403;0.017853;0.020576;0.02138;0.020793;0.0090787;0.019653;0.016394;0.014718;0.020094;0.020257;0.019763;0.011671;0.015923;0.020558;0.020987;0.021729;0.0058859;0.01639;0.015628;0.013673;0.013487;0.019877;0.021567;0.0060163;0.013698;0.014326;0.01959;0.020315;0.01955;0.021105;0.020322;0.011888;0.017647;0.014113;0.021436;0.022085;0.013305;0.021565
3;1.1457;0.46323;2;0.85;0.5;50;50;Manhattan(Minimum);0.0059036;0.0019211;0.0003643;0.00356;0.016462;0.00029497;0.0013795;0.00095612;0.0047742;0.011714;0.005797;0.0030628;0.00069856;0.0036821;0.0081195;0.0015012;0.01237;0.0016066;0.0019001;0.0032586;0.00011158;0.0040596;0.0081452;0.0034273;0.00529;0.0067599;0.010543;0.001715;0.00098577;0.00052372;0.0027301;0.0016742;0.003558;0.006892;0.0070953;0.00053491;0.0056321;0.01702;0.005511;0.0038795;0.0097177;7.1972E-05;0.0042962;5.3868E-05;0.00181;0.0025384;0.003396;0.0092972;0.013782;0.019116;0.014941;0.0080816;0.021516;0.020556;0.019551;0.01239;0.001404;0.011538;0.022187;0.012464;0.022694;0.015807;0.020181;0.022277;0.018602;0.0033708;0.014423;0.017811;0.014343;0.016027;0.022075;0.010571;0.021469;0.015052;0.018489;0.021738;0.02051;0.012226;0.022266;0.018761;0.020991;0.0066652;0.023029;0.018223;0.013052;0.021604;0.018336;0.018002;0.022952;0.013622;0.015359;0.010687;0.022543;0.00011193;0.015687;0.01632
4;1.1839;0.55614;2;0.85;0.5;50;50;Manhattan(GeometricAverage);0.0022911;9.0723E-05;0.0034252;0.00047612;0.00049595;0.00090775;0.0011053;4.2952E-05;0.002652;0.00086643;0.0033585;0.0035298;0.0014019;2.1118E-05;0.0010051;0.0066931;0.0034365;0.0030858;0.0015687;0.00091462;0.0028496;0.0025604;9.2646E-05;0.0029428;0.0014536;0.0027759;0.0031677;0.00049432;0.00038156;9.9484E-05;4.8888E-05;0.0056148;0.0030901;0.0028564;0.0017993;0.001088;0.0045122;0.0023789;0.0032124;0.002744;0.00013005;0.00022191;0.00075782;0.0021037;0.00041297;0.00065283;0.00043411;0.0018424;0.014327;0.020631;0.022143;0.020799;0.018113;0.023228;0.016437;0.023973;0.01012;0.022953;0.02404;0.020944;0.021485;0.018994;0.022065;0.022175;0.016344;0.023442;0.017728;0.025501;0.02175;0.025403;0.012618;0.016587;0.026351;0.015585;0.019807;0.015044;0.019904;0.02426;0.022335;0.025648;0.016081;0.017503;0.019339;0.019138;0.0025149;0.004434;0.021547;0.024258;0.020682;0.018841;0.022521;0.0089942;0.020808;0.017046;0.0059587;0.021513
5;1.1851;0.55671;2;0.85;0.5;50;50;Manhattan(GeometricAverage);0.00070882;0.0023312;0.00082579;0.00010595;0.0030273;0.00075506;0.00099002;0.0029097;0.00089069;0.0014558;0.0031504;0.00076212;0.0029117;0.00094975;0.0022159;0.003933;0.00099263;0.0005387;0.00064208;0.0025373;0.0011223;0.00024863;0.0021437;0.0010801;0.0019041;0.019369;0.00019152;0.00048761;0.0025261;0.00023165;0.0015295;0.0019671;0.0044204;0.00030178;7.8316E-05;0.0020194;0.00079803;0.00014021;0.0010303;0.00064711;0.0035321;0.0021369;0.0013082;0.00051992;0.0023608;0.0044683;0.0025563;0.00018228;0.025717;0.02052;0.012183;0.017823;0.018447;0.0072257;0.016288;0.0069109;0.015917;0.016868;0.0037569;0.011215;0.023598;0.022459;0.01114;0.025369;0.024208;0.025129;0.018427;0.02284;0.022921;0.025505;0.018557;0.011628;0.024456;0.02455;0.022483;0.015661;0.012377;0.018665;0.024769;0.024442;0.017961;0.024815;0.018499;0.022343;0.021028;0.011722;0.023112;0.023539;0.022171;0.024511;0.019207;0.0097214;0.015174;0.024321;0.018011;0.019874
6;1.1857;0.5584;2;0.85;0.5;50;50;Manhattan(Median);0.0020269;0.01025;0.0013845;0.0014942;0.00031422;0.0043583;0.0010914;0.0027174;0.004001;0.0044056;0.0020619;0.0018776;0.0014548;0.016794;0.00097443;0.0029693;0.00022311;0.0027097;0.0025782;0.0016836;0.0027627;0.00025335;0.00016456;0.0020121;0.0025468;0.0013946;0.0013968;0.00070196;0.0012405;8.0773E-05;0.00082113;0.002021;0.0018469;0.0010596;0.00014675;0.0045679;0.0030559;0.00082201;0.001776;0.0014374;0.00074022;0.00029939;0.00022517;0.0013083;0.000101;0.0013338;7.1841E-06;3.3444E-05;0.026376;0.026536;0.026218;0.0059998;0.02284;0.023695;0.011928;0.023983;0.0095933;0.010349;0.00050803;0.0062648;0.013534;0.026174;0.0074237;0.01236;0.026767;0.0017153;0.024853;0.025732;0.024268;0.024746;0.022853;0.026869;0.022489;0.02614;0.026918;0.026267;0.023696;0.0072683;0.026898;0.026127;0.023929;0.025979;0.023922;0.025827;0.00525;0.0182;0.02215;0.021872;0.020616;0.0087926;0.0056206;0.021188;0.0031277;0.014707;0.022469;0.019435
7;1.1886;684.5;2;0.85;0.5;50;50;Manhattan(Summation);0.0011304;0.00018506;0.0007505;0.0050262;0.0047518;0.0029391;0.00060473;0.00092229;0.0038243;0.0010354;0.0020155;0.00016669;0.0015769;0.0021088;0.0011264;0.0013035;0.0013565;0.0012777;0.00031161;0.00061855;0.0037745;0.0010704;0.0023849;0.00016501;0.002257;0.00057544;0.003318;0.0030229;0.0022436;0.0029934;0.0011745;0.00065301;0.0023901;0.0028422;0.0020674;0.0099854;6.792E-05;0.0053683;0.0013447;0.0060808;0.0015244;0.0010583;0.0012998;1.4386E-05;0.0032981;0.00076519;0.0009248;0.0004781;0.016131;0.018202;0.013686;0.01798;0.022732;0.019524;0.025855;0.0061134;0.00044896;0.02194;0.0058566;0.018338;0.023056;0.025088;0.002108;0.024792;0.00054832;0.024773;0.022027;0.023912;0.022639;0.022093;0.020304;0.024285;0.024377;0.0245;0.020419;0.025069;0.0077916;0.022602;0.024106;0.02486;0.014555;0.021554;0.019164;0.022429;0.024327;0.0076414;0.02164;0.017239;0.02417;0.019563;0.025846;0.013875;0.026447;0.020066;0.0049337;0.024219
8;1.1886;0.55835;2;0.85;0.5;50;50;Manhattan(GeometricAverage);8.4137E-05;0.0026655;0.0009704;0.0047246;0.0078326;0.0002045;0.0009217;0.0014624;0.0035148;0.0003386;0.0015265;0.0038819;0.00069048;0.0012274;0.00077313;0.0025688;0.0018179;0.0014885;0.0019912;0.0039303;0.00070769;0.0063252;0.0045416;0.0016192;0.0018206;0.000457;0.0012314;0.0010504;0.00030881;0.0002158;0.0005654;0.0018916;0.00098776;0.00076359;0.00046097;0.0035906;0.0028646;0.00036359;0.0032232;0.00020478;0.0002889;0.003555;0.00073365;0.00078175;0.0014045;0.003016;0.00038108;0.0022527;0.025756;0.013833;0.026883;0.023621;0.010694;0.0049899;0.00886;0.017513;0.009386;0.024846;0.010544;0.023754;0.0028128;0.020774;0.022358;0.019406;0.023262;0.023053;0.017586;0.026567;0.025108;0.024763;0.016374;0.010297;0.024904;0.01064;0.024494;0.020828;0.023477;0.023671;0.0254;0.01819;0.026602;0.021219;0.02238;0.024314;0.024147;0.022967;0.017214;0.020394;0.01511;0.01579;0.014922;0.01013;0.021345;0.024803;0.0012522;0.024541
9;1.1896;0.56022;2;0.85;0.5;50;50;Manhattan(Median);0.0014128;0.0013261;4.4643E-07;0.0047678;0.0031442;0.0012209;0.00054909;0.0007758;0.0031139;0.00093274;0.0020165;0.00073136;0.00065026;0.0003087;0.0018062;0.00056045;0.0018176;0.010454;0.00014694;5.8462E-05;1.0571E-05;0.00034573;0.00029299;0.0038312;2.9057E-05;0.0023837;0.0093778;0.00065527;0.0027232;0.00040225;0.00079265;0.0023184;0.0061188;0.0047597;0.0012284;0.00059601;0.0011889;2.2118E-05;0.004628;0.0035937;0.00047761;0.00017511;0.00026355;0.0015332;0.0024157;0.0020526;0.00079457;0.00046966;0.026017;0.023799;0.026864;0.0010193;0.020094;0.019892;0.029139;0.026958;0.015244;0.017668;0.0063907;0.0053454;0.014914;0.024035;0.019257;0.015932;0.0033697;0.025676;0.019506;0.018849;0.023164;0.026029;0.0055871;0.020227;0.023922;0.011841;0.012812;0.026484;0.027632;0.0097206;0.027727;0.017499;0.015073;0.010647;0.0014205;0.021237;0.020625;0.028164;0.026941;0.027504;0.022399;0.026639;0.014566;0.007501;0.029067;0.025664;0.018582;0.022079
10;1.1904;0.56062;2;0.85;0.5;50;50;Manhattan(Median);0.002073;0.00044669;0.0053799;0.0015249;0.00019642;0.00032772;0.0040134;0.0042739;0.0031922;0.0021669;0.00018178;0.0028999;0.0014037;0.00096329;0.0084413;0.00062769;0.00032162;0.0014733;0.00012307;0.0021729;0.00048524;0.00012659;0.0017908;0.0015192;0.0012345;0.00047737;0.001082;0.00037638;0.0017952;0.0010432;0.0044597;0.0019604;0.0033941;0.0011773;0.0032079;0.0020222;0.0039293;3.6216E-05;0.00034707;0.0010866;0.00034313;0.0010858;0.00073628;0.0053859;0.0046153;0.00058299;0.0013353;0.0037523;0.030149;0.025119;0.0062537;0.01319;0.027037;0.0071115;0.030659;0.022427;0.009524;0.026684;0.0012683;0.02484;0.0064241;0.029743;0.0016982;0.026138;0.026606;0.014011;0.013399;0.020344;0.0054155;0.010403;0.022344;0.029622;0.027741;0.016271;0.02447;0.006802;0.0015118;0.027987;0.025834;0.0021931;0.0092456;0.016863;0.026944;0.028558;0.021183;0.017778;0.023948;0.025571;0.02574;0.02292;0.0073663;0.023392;0.020066;0.027798;0.019122;0.028695
11;1.1905;0.55968;2;0.85;0.5;50;50;Manhattan(Average);0.0023639;0.00071815;0.002149;0.00034284;7.7638E-05;0.0016942;0.0012947;0.0017707;0.00052266;0.00077977;0.00084127;0.0013093;0.00052522;0.00041949;0.0012962;0.006308;0.0034898;0.00021312;0.00084044;0.0024325;0.0010919;0.0042913;0.0048204;0.00039127;0.00087785;0.0013811;1.367E-05;0.00087657;0.00092259;0.0018875;0.0010785;0.00059638;0.0024727;0.0011068;0.0020654;0.0012898;0.001242;0.0015233;0.0022834;0.00031969;0.003735;0.0058274;0.0016127;0.002229;0.001119;0.001107;0.0021608;0.0010563;0.019035;0.021463;0.00048107;0.015076;0.0076194;0.0248;0.016158;0.023154;0.0021068;0.01007;0.024978;0.020822;0.02102;0.02591;0.019682;0.026785;0.0045131;0.025087;0.025084;0.025205;0.02223;0.024161;0.02618;0.024697;0.021185;0.023398;0.0037462;0.026957;0.0022936;0.023114;0.016819;0.019687;0.012424;0.021065;0.020777;0.026672;0.026188;0.025121;0.022312;0.017341;0.026809;0.020976;0.0089461;0.010219;0.022118;0.021656;0.021012;0.024079
12;1.1929;686.98;2;0.85;0.5;50;50;Manhattan(Summation);0.0044165;0.0020113;0.0013501;0.0010211;0.0008576;0.00012944;0.0020651;0.0017169;0.00077768;0.00051587;0.00077805;0.0027994;4.7437E-05;0.003323;0.00033232;0.0038779;0.00020143;0.0017961;0.0011067;0.00081987;0.0003224;0.0027032;0.0024276;4.5843E-06;0.00021753;0.00086029;0.00031031;0.0010346;0.00077088;0.00030815;0.0002093;0.00062708;0.0026754;0.0056321;0.0026105;0.0019655;0.0023923;0.0042111;9.9715E-05;0.00088538;0.0011065;0.0019839;0.00030948;0.00074195;0.0024261;0.0042965;0.0010314;0.0013166;0.0074725;0.023943;0.016468;0.026345;0.018609;0.013733;0.026281;0.026249;0.0059726;0.018117;0.026812;0.010522;0.011281;0.026269;0.018778;0.0086763;0.025913;0.024762;0.024828;0.021044;0.017122;0.0091265;0.025132;0.019421;0.025354;0.013931;0.015001;0.026632;0.026242;0.017218;0.026751;0.025565;0.01746;0.014183;0.02623;0.02349;0.024859;0.0012391;0.025289;0.020126;0.017993;0.020214;0.016598;0.010477;0.019651;0.021701;0.015667;0.021828
13;1.1946;0.56158;2;0.85;0.5;50;50;Manhattan(Average);0.0014957;0.0025153;0.0023398;0.0019763;0.0010065;0.002549;0.00016168;0.00075654;0.00085157;0.0010262;0.0006046;0.0009122;0.0034407;0.0021846;0.0028281;4.2834E-05;0.0040316;0.0001895;0.00033058;0.004911;0.0037693;0.00036898;0.00018301;0.000794;0.001082;0.0017196;0.00070041;0.00016177;0.002598;0.0016597;0.0011467;0.00059564;0.0016389;0.0051545;0.0002383;0.0012843;0.00092249;8.8019E-05;0.0036609;0.0028349;0.0033532;0.0011283;0.00074779;0.00014342;0.0029496;0.00093908;0.0007826;0.0017588;0.02867;0.021582;0.017138;0.0078169;0.0258;0.0020763;0.018962;0.01402;0.0074245;0.020194;0.011234;0.025505;0.014317;0.027098;0.028357;0.0028116;0.0060146;0.013707;0.016565;0.028376;0.028452;0.026967;0.0034468;0.023116;0.019878;0.027752;0.024051;0.018733;0.004777;0.026836;0.015349;0.027125;0.023712;0.016911;0.023044;0.015992;0.026548;0.024283;0.024768;0.027315;0.0231;0.02702;0.0058644;0.025198;0.012486;0.023079;0.011392;0.028575
14;1.1963;0.56241;2;0.85;0.5;50;50;Manhattan(Average);0.00091522;1.6021E-06;0.00063728;0.001841;0.0001536;0.00079003;0.00036458;0.0021815;0.0067632;0.0045611;1.8621E-05;0.0020467;0.0020914;0.0018451;0.003664;0.0033787;0.0027938;0.003182;0.00014015;0.0029726;0.00315;0.0022355;0.00010324;0.0025709;0.00055611;0.00023552;0.00031157;0.00027835;0.00010929;0.0028279;0.00074092;0.00039917;0.0041364;0.00069228;0.0011851;0.00306;0.0023537;0.00023197;0.0018362;0.00047726;0.00036428;0.0034256;8.7544E-05;0.001673;0.0035658;0.00050294;0.0012135;8.2222E-05;0.022203;0.011061;0.028344;0.002666;0.024345;0.01924;0.029003;0.021991;0.0060236;0.026571;0.0002442;0.011842;0.027533;0.023719;0.0019464;0.020265;0.020088;0.017562;0.027105;0.012504;0.023882;0.026948;0.024333;0.0060751;0.00408;0.019701;0.025113;0.028689;0.026586;0.021034;0.027325;0.026645;0.019951;0.028379;0.026972;0.02829;0.014197;0.029074;0.0032878;0.024081;0.0075349;0.028302;0.02756;0.020599;0.0098257;0.015488;0.00027001;0.022774
15;1.2009;691.56;2;0.85;0.5;50;50;Manhattan(Summation);0.0032923;0.00053122;0.0017295;0.0011638;0.0020921;0.0013532;7.9315E-05;0.00016702;0.0020999;0.00036072;5.2883E-05;0.00062783;0.0006401;0.00011838;0.00030565;0.0012342;0.0031363;0.0016282;0.00033227;0.0015522;0.0020855;0.00085453;0.0016203;0.00043705;0.00042939;0.0025254;0.0035689;0.00024697;0.00013022;3.4439E-05;0.0011338;0.00049178;0.00063991;0.0039759;0.0033313;0.00043959;0.0012532;0.00053946;0.00091168;0.0089955;0.00062496;0.0010829;0.0022026;0.00045836;0.00092073;0.0014283;0.0010978;0.0011285;0.025575;0.025563;0.024553;0.012898;0.028399;0.0049679;0.024728;0.019173;0.013082;0.024174;0.010426;0.028537;0.024367;0.029089;0.0090069;0.0048816;0.024825;0.027404;0.026053;0.023645;0.020118;0.019447;0.021015;0.011922;0.021902;0.0096904;0.024162;0.020848;0.010652;0.027983;0.011369;0.029063;0.0020483;0.024223;0.023321;0.028529;0.025819;0.024613;0.013795;0.021429;0.016661;0.02511;0.0076014;0.028705;0.017428;0.014943;0.0017653;0.019402
16;1.3427;0.25566;2;0.85;0.5;50;50;Manhattan(MinimumTimesMedian);0.00058416;0.00055486;0.00024703;0.0058554;0.0023159;0.0070293;0.0072267;0.0039244;0.00041509;0.0088194;0.0020904;0.000589;0.0035941;0.0070342;0.0049778;0.00055173;0.00042747;0.0022967;0.00084576;0.00041688;0.0025445;0.0029941;5.636E-05;0.0043019;0.00015515;0.0015894;0.0090515;0.012504;0.0036472;0.003692;0.0019635;0.002565;0.0010084;0.00065255;0.0003209;0.0004198;0.0014016;0.0083827;0.00029183;0.0003521;8.1611E-05;0.00040372;0.0029847;0.00086095;0.0016316;0.0025494;0.0026013;0.00014978;0.022351;0.0258;0.0040104;0.0026402;0.0020928;0.024805;0.016292;0.016221;0.022941;0.016377;0.016655;0.011844;0.022657;0.015546;0.0051886;0.025172;0.013484;0.022248;0.017489;0.024995;0.026552;0.026224;0.022445;0.0060857;0.018318;0.023579;0.01634;0.020614;0.011417;0.023602;0.02;0.025817;0.024418;0.012824;0.025323;0.02115;0.011098;0.02185;0.02611;0.022895;0.023268;0.0076315;0.02201;0.011712;0.013657;0.0096677;0.023593;0.024039
17;1.3566;0.25831;2;0.85;0.5;50;50;Manhattan(MinimumTimesMedian);0.0001127;0.005184;0.0032075;0.00046662;0.002613;0.00063414;0.00042937;0.0019343;0.0014863;0.00083465;0.00092009;0.002178;0.0011382;6.5524E-05;0.00070836;0.0040549;0.0046349;0.0043695;0.004037;0.0018869;0.00032578;0.00025752;0.0028007;0.00045691;0.00077502;0.0026503;0.0021703;0.0058418;0.00074673;0.0037946;0.0023082;0.0004582;0.0088619;0.0028371;0.0028777;0.0039873;0.00026664;9.9826E-05;0.0020543;0.0094507;0.0027084;0.00031171;0.00013699;0.00074321;0.00044273;0.00012623;0.0010821;0.023429;0.026223;0.018115;0.0080758;0.011892;0.022501;0.019559;0.0063025;0.026681;0.016845;0.015765;0.0055321;0.018958;0.021202;0.024911;0.0014806;0.013712;0.025378;0.012652;0.0075629;0.012349;0.02226;0.019506;0.022572;0.013994;0.023456;0.012347;0.010053;0.023932;0.021661;0.026853;0.026462;0.017746;0.019344;0.024233;0.012866;0.019214;0.024136;0.025631;0.025458;0.020866;0.015327;0.0094577;0.018828;0.018078;0.023492;0.017093;0.025616;0.020924
18;1.3601;0.25898;2;0.85;0.5;50;50;Manhattan(MinimumTimesMedian);0.0021081;2.0656E-06;0.0020213;0.0035621;0.0046942;0.00086242;0.0022382;0.0085449;0.00051749;0.00073991;0.00078587;0.0010554;0.0040656;0.006372;0.00088833;0.0011963;0.0048344;0.0037535;0.0040738;0.0017631;0.00099337;0.0081266;0.00071581;0.0014876;0.00018985;0.006701;0.0018328;0.0013109;0.00091334;0.0020031;0.010056;0.0009721;0.0038255;0.0015668;0.00011033;0.016794;0.00026546;0.0006262;0.00052836;0.00026743;0.002788;0.0027129;0.0052082;0.0029564;0.0011316;0.0012264;0.002461;0.00059143;0.0014908;0.022696;0.0080024;0.024398;0.013448;0.018237;0.018893;0.022101;0.0040299;0.019374;0.019271;0.022355;0.022317;0.0177;0.015716;0.024319;0.021927;0.0062308;0.016079;0.024492;0.022069;0.016702;0.017156;0.0057035;0.018409;0.020917;0.013005;0.020819;0.0134;0.024082;0.022649;0.022298;0.018891;0.017259;0.017243;0.020533;0.020136;0.020066;0.023929;0.018654;0.021556;0.016153;0.023687;0.020045;0.024916;0.0090949;0.024304;0.010805
19;1.753;0.040759;2;0.85;0.5;50;50;Euclidean(Minimum);0.0035578;0.00010322;0.0015735;0.0034104;0.0012677;0.0005645;0.010955;0.021831;0.016745;0.000662;0.00030095;0.005814;0.0012414;0.0020156;0.0078864;0.00063217;0.0022956;0.0040842;0.0006429;0.001074;0.0019097;0.001638;0.0032715;0.0014571;0.0027626;0.0012336;0.0012154;0.015609;0.005921;0.0046274;0.00050913;0.0041022;0.0032278;0.0013725;0.0022214;0.0011474;0.0014438;0.0027682;0.0053441;0.0051591;0.0034069;0.00089685;0.0011091;0.0041757;0.0092593;0.00070328;0.0012495;0.0086355;0.0065447;0.01194;0.021158;0.00063306;0.027323;0.00019186;0.025475;0.002273;0.0098991;0.026094;0.022545;0.0035563;0.028081;0.0044597;0.0029816;0.028172;0.020212;0.023925;0.027469;0.023288;0.022437;0.014553;0.022123;0.028051;0.02018;0.027637;0.018494;0.027408;0.0058239;0.0031426;0.0054031;0.020598;0.0059246;0.023845;0.017423;0.026158;0.0016127;0.018026;0.028218;0.0060294;0.021462;0.024497;0.006647;0.027404;0.024759;0.0022752;0.027592;0.023024
20;1.7854;0.041514;2;0.85;0.5;50;50;Euclidean(Minimum);0.003692;0.0078406;0.0080261;0.001728;0.0028574;0.00036789;0.0037275;0.00026988;0.004728;0.011752;0.0004994;0.0020333;0.0057054;9.4258E-05;0.0030078;0.0029853;0.0018526;0.00077395;0.0021297;0.0023739;0.0043623;0.0066356;0.0086372;0.0021901;0.0019526;0.0056259;0.0068934;0.0042047;0.0027085;0.0025968;0.011754;0.0034867;0.010314;0.00053541;0.00038348;0.00078635;0.0040253;0.004048;0.00033178;0.00084687;0.00018322;0.004447;0.0029418;0.0088129;0.0057363;0.012913;0.00042598;0.00042982;0.026803;0.018976;0.0038816;0.00023009;0.026384;0.0016837;0.00026833;0.026223;0.022784;0.0037908;0.017091;0.02282;0.023209;0.0031921;0.024218;0.029345;0.0035543;0.022643;0.027074;0.027238;0.0040909;0.00021885;0.028522;0.025678;0.02314;0.0013173;0.026724;0.0055647;0.016393;0.011716;0.0048328;0.026939;0.01645;0.027363;0.021291;0.01777;0.028134;0.026684;0.024124;0.021226;0.0042194;0.014594;0.025836;0.0065195;0.026524;0.0046374;0.02517;0.01826
21;1.7898;0.041614;2;0.85;0.5;50;50;Euclidean(Minimum);0.00073567;0.00020967;0.0085616;0.0012073;0.00046702;0.0059327;0.0013913;0.0014613;0.0077646;9.1703E-06;0.00053103;0.0060409;0.00028136;0.00088712;0.00097714;3.2009E-06;0.006317;0.0083782;0.0047221;0.0026811;0.0082844;0.0020126;0.0013598;0.00095564;0.0036974;0.00083777;0.0026111;0.0011383;0.0061215;0.0071172;0.0037971;0.027551;0.0034231;0.00059925;0.026579;0.0010968;0.00056557;0.0012474;0.0021824;0.00023462;0.00081993;0.015563;0.0037531;0.00030921;0.0028303;6.5051E-05;0.0023032;0.012187;0.02735;0.0218;0.022914;0.0041157;0.015908;0.0045964;0.0070199;0.027276;0.017992;0.027884;0.028771;0.0045814;0.018749;0.028451;0.027203;0.028811;0.025569;0.0013393;0.00056205;0.0010685;0.0019264;0.028084;0.023989;0.0010292;0.021;0.0030365;0.015423;0.026833;0.016708;0.02899;1.6244E-06;0.023101;0.0085508;0.027242;0.025977;0.028405;0.02739;0.028956;0.001319;0.019552;0.027999;0.013942;0.024656;0.00021497;0.024628;9.2141E-05;0.00013789;0.011051
22;2.0208;77.309;2;0.85;0.5;50;50;Euclidean(Summation);0.0022151;0.0012295;0.0012574;0.0027737;0.00016833;0.001623;0.00078992;0.0040086;0.016344;0.0010605;0.0049607;0.0028556;0.00078914;0.00087602;0.00067267;0.0013829;0.0016315;0.0090511;0.00015587;0.010031;0.0027016;0.0058699;0.0035204;0.0093272;0.00054675;0.0085521;0.0072077;0.0043562;0.0029914;0.00088761;0.00069891;0.015365;0.0018271;0.0033984;0.020618;0.0040485;0.0030646;0.0048717;0.0041305;0.0010418;0.002848;0.0011126;0.002663;0.00035539;0.010139;0.0027631;0.0017679;0.0033545;0.033273;0.0045888;0.0010281;0.001664;0.0036707;0.035751;0.015157;0.00039412;0.00237;0.00062822;0.0023172;0.023104;0.00062918;0.0013239;0.035147;0.0017568;0.0015519;0.029801;0.035394;0.034564;0.0032171;0.036037;0.017763;0.032745;0.01059;0.0023461;0.030638;0.027183;0.0054856;0.0012263;0.029872;0.023463;0.0021913;0.033456;0.0031881;0.032585;0.036638;0.031453;0.0088675;0.022418;0.015075;0.0011022;0.033262;0.0038752;0.026137;0.034789;0.0013383;0.035039
23;2.08;0.065072;2;0.85;0.5;50;50;Euclidean(Median);0.0027305;0.0032601;0.0063865;0.0018362;0.010793;0.00077826;0.0063072;0.0010626;0.0055598;0.0027105;0.0011228;0.00019123;0.00024194;0.0014658;0.0017537;0.0012534;0.00025345;0.0034502;0.0013981;0.0028276;0.0029264;0.00030893;0.0028495;0.0012221;0.0012597;0.0076544;0.0038558;0.0015842;0.0028727;0.0032435;0.0016988;0.00052765;0.0071727;0.00041238;7.7148E-05;0.0067757;0.006904;0.00057613;0.0010646;0.0022192;0.0015224;0.0034914;0.00040597;0.013444;0.013209;0.0037071;0.0013448;0.0073366;0.032371;0.00047583;0.033337;0.0012037;0.035212;0.0322;0.00088958;0.0033606;0.0049132;0.001;0.00081792;0.0016116;0.0019637;0.00034717;0.0065859;0.035033;0.0031866;0.0083158;0.0010758;0.034884;0.032204;0.034165;0.032222;0.033984;0.029929;0.025263;0.034527;0.025593;0.0043016;0.0048186;0.034904;0.034094;0.033657;0.011462;0.0031217;0.003404;0.031305;0.0027202;0.030179;0.034609;0.0021058;0.034157;0.031526;8.7466E-05;0.015552;0.015479;0.00070596;0.030089
24;2.0835;0.065068;2;0.85;0.5;50;50;Euclidean(Average);0.001522;0.012407;0.0017752;0.0082746;0.0056832;0.0015541;0.0033308;0.0014474;0.0038157;0.0040188;0.00029037;0.003558;0.0016513;0.00017211;0.0014777;0.0018574;0.00015521;0.022037;0.00080088;0.013223;0.0019106;0.0016501;0.0096579;0.00067856;0.0022652;0.0013607;2.9077E-05;0.0019154;0.00091156;0.012362;0.0010443;0.00077043;0.00032772;0.00046761;0.0010964;0.0011793;0.0013796;0.0076346;0.00093222;0.00050314;0.001506;0.001276;0.0012557;0.0044646;0.0013843;2.039E-05;0.001502;0.0019241;0.035821;0.02558;0.0059609;0.0076126;0.0014732;0.0075467;0.035839;0.00094915;0.0321;0.00079788;0.0026066;0.036471;1.7051E-05;0.035095;0.0064974;0.0073973;0.0038887;0.029153;0.034482;0.034554;0.025109;0.0044017;0.012097;0.03557;0.0046908;0.033719;0.032091;0.036557;0.00013866;0.011822;0.0013313;0.033353;0.00017456;0.025542;0.0033974;0.0049704;0.027142;0.035481;0.0036936;0.00054282;0.0015574;0.036375;0.03614;0.03044;0.031656;0.0044395;0.00033821;0.032931
25;2.0925;0.065168;2;0.85;0.5;50;50;Euclidean(GeometricAverage);0.0034309;0.0034836;1.536E-05;0.0027738;0.0060937;0.0054264;0.0027189;0.0034267;0.001734;0.00074791;0.0069023;0.00030768;0.0037303;0.0087779;0.0075799;0.0044367;0.00037704;0.0015202;0.0071086;7.2458E-05;0.00057212;0.0020927;0.0023255;0.00094515;0.00026163;0.0047247;0.0019386;0.0024514;0.0014522;0.0058297;0.0015758;0.00078551;0.0012688;0.0051158;0.00017309;0.0036753;0.00042888;0.0010894;0.0014298;6.9827E-05;0.00010513;0.0076742;0.0073292;0.0001195;0.00083232;0.0010958;0.0022665;0.0043025;0.033811;0.025053;0.0026403;0.0027001;0.034084;0.0076345;0.00090695;0.013341;0.037233;0.025174;0.034899;0.005046;0.00062083;0.0053204;0.035466;0.0085412;0.0073679;0.0019455;0.0070119;0.0025218;0.031354;0.03643;0.0045845;0.013031;0.028047;0.03464;0.00095138;0.025483;0.0049675;0.0014416;0.035437;0.029178;0.036351;0.0014329;0.0031378;0.036974;0.0029422;0.028173;0.0012784;0.03449;0.035403;0.036134;0.0059758;0.0026534;0.033906;0.036207;0.0030148;0.03247
26;2.1037;80.482;2;0.85;0.5;50;50;Euclidean(Summation);0.0018349;0.0041758;0.013104;0.0028665;0.00035899;0.0025966;0.0026959;0.0066944;0.00068873;0.0014742;0.0012063;0.0066793;0.0011083;0.0080756;6.5643E-05;0.0021932;0.00084051;0.00040552;0.0062432;0.0034541;0.0010647;0.0029197;0.0012069;0.0033379;0.005298;0.0013135;0.00053392;0.0089347;0.0022492;0.0030171;0.0003357;0.022407;0.005877;0.0086305;0.0055453;0.0094789;0.0028401;0.00057221;0.00055039;0.0017527;0.0050052;0.010027;0.0032633;0.0035805;0.001749;0.0018946;0.0025415;0.0028436;0.036038;0.028922;0.035434;0.0082712;0.036945;0.0050664;0.034869;0.010184;0.00091497;0.00011562;0.0026738;0.00039467;0.00085711;0.0061756;0.030226;0.032529;0.00069088;0.00024565;0.0020442;0.0019695;0.037675;0.00067618;0.029781;0.035653;0.037948;0.0018008;0.0022707;0.037761;0.031159;0.0034476;0.036744;0.0018005;0.0018749;0.033358;0.0071091;0.03831;0.037917;0.002565;0.0094462;0.034995;0.011346;0.038265;0.020306;0.0043199;0.00067986;0.0015581;0.035374;0.0057626
27;2.1306;0.06654;2;0.85;0.5;50;50;Euclidean(Average);5.769E-05;9.6235E-05;0.00054298;0.017754;0.00080841;0.00036744;0.00065907;6.3248E-06;5.1769E-05;0.0014081;0.00017778;0.013058;0.00049435;0.023965;0.0056692;0.0029389;0.00066261;0.00024577;0.01083;0.0049364;0.0020976;0.00020552;0.00056658;0.0017282;0.016127;0.0011494;0.013303;0.0018017;0.00050024;0.00015445;0.0077476;0.00021643;0.00064627;0.0031883;0.0013883;0.0059171;0.0017898;0.00072257;0.0011328;0.0019808;0.0021591;0.009277;0.00081072;0.007708;0.002309;0.0048425;0.0072494;0.00032581;0.0029597;0.0014573;0.0014193;0.0016528;0.039315;0.0053269;0.03969;0.037492;0.00038289;0.037684;0.021382;0.035219;0.00054841;0.00026936;0.0014645;0.00014977;0.0010488;0.0010772;0.03004;0.037644;0.03756;0.00048905;0.035968;0.032863;0.028354;0.0080827;0.0038353;5.8785E-06;0.0035025;0.032014;0.038912;0.0058297;0.0046127;0.0037194;0.029123;0.012922;0.0016424;0.033173;0.03846;0.0013276;0.0060314;0.038914;0.034971;0.00036928;0.039449;0.039397;0.0018103;0.0086658
28;2.1383;0.066896;2;0.85;0.5;50;50;Euclidean(Median);0.001827;0.0014584;0.0013624;0.0038461;0.0036551;0.0049081;0.00197;9.5791E-05;0.0065744;0.0052593;0.0046548;0.0035817;0.0022699;0.00086094;0.0030043;0.0016946;0.0023764;0.0019639;0.00030509;0.0043933;0.00055122;0.0052022;0.0021811;0.00030159;0.00052686;0.001473;0.00095836;0.0061393;0.0025165;0.0054183;0.00032302;0.00040897;0.0020371;0.0037945;0.0020596;0.0011627;0.0038275;0.0013518;0.0012775;0.0012897;0.00037338;0.0030938;0.0018531;0.0074957;8.4343E-05;0.0032445;0.00097539;0.008058;0.036245;0.033878;0.011377;0.0053648;0.033708;0.0013669;0.021787;0.034598;0.0005052;0.015728;0.022352;0.0026601;0.0019833;0.0011014;0.025101;0.002713;0.007264;0.0071116;0.030414;0.035768;0.034159;0.0032778;0.03076;0.0044602;0.00016583;0.00050096;0.032388;0.03494;0.0094805;0.013171;0.00026512;0.0012878;0.004468;0.033722;0.031562;0.034082;0.031292;0.00092452;4.7661E-05;0.031399;0.02172;0.029113;0.034498;0.019043;0.035352;0.035066;0.0018125;0.035974
29;2.1473;0.066875;2;0.85;0.5;50;50;Euclidean(GeometricAverage);0.00094607;0.0090107;0.0055893;0.0030434;0.0054873;0.0033147;0.0011497;0.0014423;0.0010658;0.00071379;0.0014608;0.0012621;0.0056191;0.0078535;0.0080781;0.0053018;0.0075006;0.0001725;0.0010437;0.00063651;0.0012401;7.3878E-05;0.0018611;0.0016876;0.00092913;0.0049127;0.0042273;0.0017683;0.0031458;0.0018616;0.00033294;0.0029983;0.0058429;0.00055294;0.0010284;0.0031369;0.0011621;0.0042998;0.00074558;0.0031055;0.0026905;0.00055398;0.018762;0.0096919;0.0015984;0.0034318;0.0018068;0.0008801;0.037441;0.012769;0.034604;0.038385;0.019983;0.014668;0.035727;0.0024085;8.0337E-06;0.040003;0.0043342;0.0067248;0.0011144;0.039413;0.0016525;0.01071;0.026699;0.0074306;0.039468;0.039931;0.030241;0.00088572;0.029562;0.0067368;0.039585;0.0044171;0.032798;0.038765;0.0016147;0.0014796;0.038824;0.00014025;0.0048039;0.00014754;1.3773E-05;0.0010798;0.00052153;0.010048;0.033249;0.005706;0.033676;0.030522;0.00053922;0.029929;0.016027;0.00013146;0.0015082;0.038553
30;2.1846;0.068344;2;0.85;0.5;50;50;Euclidean(Median);0.0021268;0.00014639;0.0028518;0.0028621;0.0085464;0.0040772;0.00049737;0.00087258;0.0031609;0.00095711;0.0030869;0.007779;0.016864;0.014729;0.0019184;0.00090102;0.0022715;0.0025213;0.01436;0.0038723;0.0059448;0.003789;0.0042234;0.00026597;0.0082132;0.0010329;0.0023959;0.00031268;0.0047294;0.0068627;0.0051149;0.0047676;0.00064489;0.0004188;0.0095856;0.0010869;0.0037492;0.0027474;0.0016872;0.00011639;0.0012793;0.00077857;0.016709;0.0016694;0.0027256;0.010132;0.00032624;0.0011364;0.036202;0.0014999;0.0049637;0.00032014;0.00048498;0.0018402;0.0082277;0.00032903;0.0012863;0.0067117;0.0025535;0.0028265;0.003807;0.041706;0.0022834;0.042191;0.0031355;0.035529;0.039657;0.040791;0.0033752;0.032594;0.00071802;0.00059668;0.040547;0.011751;0.0016557;0.037323;7.4117E-05;0.040726;0.018478;0.040649;0.002118;0.00081891;0.04054;0.037852;0.022632;0.0053636;0.033549;0.040418;0.0088066;0.011715;0.0038777;0.0077165;0.011678;0.038522;0.0037316;0.028981
31;2.1943;0.068528;2;0.85;0.5;50;50;Euclidean(Average);0.0020906;0.00071592;0.0022284;0.0017066;0.023056;0.00018362;0.00030766;0.0070415;0.00016697;0.00039997;0.0063712;0.0041342;0.0085213;0.003257;0.0054939;0.00018163;0.01054;0.0059285;0.0012598;0.00077046;0.00018193;0.0034316;0.0017348;0.0060065;0.004078;0.00092225;0.00018288;0.0018767;0.00010714;0.002535;0.00112;2.7016E-05;0.00035516;0.0026479;0.0044934;0.00053822;0.0060576;0.0037571;0.0027569;7.7796E-05;0.0019075;0.00070001;0.0022474;0.0011191;0.00059454;0.0070387;0.0096926;0.0022194;0.00090934;0.00029432;0.0056588;0.0050672;0.033277;0.0039442;0.040859;0.02295;0.0037422;0.029637;0.00079872;0.038487;0.039115;0.034921;0.0097091;0.0020547;0.0073398;0.0018601;0.037749;0.010967;0.0031978;0.0011568;0.0013598;0.002529;0.0015135;0.00043583;2.3085E-05;0.041022;0.002362;0.00044674;0.030958;0.023197;0.0025053;0.007732;0.038844;0.029547;0.03742;0.03952;0.0011419;0.032995;0.02797;0.03763;0.00040833;0.039544;0.035022;0.0038484;0.037837;0.03773
32;2.208;0.068767;2;0.85;0.5;50;50;Euclidean(GeometricAverage);0.001516;0.0053317;0.0070742;0.0032565;0.0019782;0.0035754;0.0020341;0.00043109;0.00071038;0.0026503;0.00039292;0.0086258;0.00012929;0.0072514;0.0020352;0.0010603;0.00075501;0.00080779;0.0001129;0.00023537;0.0020855;0.0083351;0.003486;0.0041889;0.0043197;0.0052395;0.0008875;0.011446;0.00065107;0.0022846;0.0023573;0.0023921;0.0022173;0.0021115;0.0001985;0.0017173;0.0014464;0.024212;0.0030994;0.00038336;0.0025364;2.136E-05;0.0010501;0.0042515;0.0020727;0.0037261;0.028529;0.00015758;0.040902;0.04187;0.03979;0.002364;0.037705;0.0017964;0.043257;0.00025709;0.00079199;0.021657;0.03409;0.0087957;0.00037121;0.00012416;0.0056013;0.0057605;0.0040986;0.04316;0.040091;0.043138;0.0024995;0.0010558;0.0021805;0.0090602;8.8946E-05;0.0024741;0.0017946;0.042321;0.0054318;0.0034773;0.0091;0.014299;0.0063003;0.038241;0.042706;0.0056702;0.012107;0.0051992;0.013897;0.042027;0.034577;0.0016013;0.0027825;0.00041981;0.0095098;0.043297;0.032353;0.024542
33;2.2626;86.563;2;0.85;0.5;50;50;Euclidean(Summation);0.003318;0.0020179;0.00012711;0.0080868;0.0014157;0.0025543;0.00037277;0.0050995;0.0012943;0.0018693;0.0021435;0.00032798;0.0017407;1.0782E-05;0.0068349;0.0012735;0.0031207;0.0024578;0.0014357;0.0047889;0.0024113;0.00064424;0.0011834;0.0088908;0.0006961;0.0010103;0.00051177;0.0009734;0.0059689;0.0039575;0.0016098;0.00015385;0.00036836;0.0082547;0.0014959;0.0077811;0.0010166;0.0046399;0.0012376;0.00013274;0.0073286;0.0013837;0.0017432;0.0014481;0.0011829;0.00046684;0.011819;0.00045548;0.0040187;0.001838;0.0011406;0.041009;0.041136;0.007009;0.04062;0.042414;0.034368;0.0015793;0.0011259;0.012039;0.012344;0.0094223;0.0025444;0.010894;0.003153;0.0015142;0.039024;0.0016503;0.0047507;0.00045482;0.0040778;0.041734;0.040553;0.01157;0.00078083;0.037841;0.010245;0.0032617;0.035512;0.0044254;0.0068314;0.0015661;0.041747;0.038961;0.042862;0.025813;0.0021469;0.042249;0.028179;0.034459;0.0010711;0.03911;0.01111;0.011188;0.0081495;0.031449
34;3.1176;0.0022678;2;0.85;0.5;50;50;Euclidean(MinimumTimesMedian);0.0018765;0.012345;0.0056068;0.0030892;0.0012369;0.0022174;0.0047022;0.027352;0.0011568;0.00027385;0.0012323;0.027994;0.0023686;0.00059201;0.00098206;0.001657;0.0022296;0.002778;0.0036637;0.0020922;0.001422;0.0049025;0.01094;0.0035474;0.0041524;0.013451;0.0015752;0.0021599;0.0018037;0.00099327;0.0021766;0.001226;0.0037355;0.0038415;0.0024842;0.026426;0.0046058;0.00021015;0.0010803;0.00027451;0.0017981;0.00089119;0.00068897;0.00093888;0.023318;0.0073667;0.002989;0.00050069;0.029664;0.013958;0.02375;0.00055012;0.027368;0.00065462;0.0047323;0.0031029;0.0059682;0.0010805;0.0015034;0.003708;0.028928;0.0038997;0.013245;0.028948;0.0011397;0.024787;0.028623;0.015957;0.00034673;0.0052192;0.026588;0.029444;0.00045702;0.023547;0.028607;0.0041562;0.0021309;0.0043458;0.028252;0.014644;0.029431;0.023246;0.0067992;0.027394;0.028848;0.029786;0.024734;0.01115;0.0073266;0.023945;0.016429;0.024618;0.02942;0.0015317;0.023429;0.027663
35;3.4775;0.0025296;2;0.85;0.5;50;50;Euclidean(MinimumTimesMedian);0.0028248;0.0015849;0.0016114;0.0038192;0.0010074;0.00054266;0.0097855;0.0016085;0.00053997;0.0003888;0.00071624;0.0026889;0.0020538;0.007269;0.0063418;0.00041905;0.0052854;0.0070459;0.0085136;0.015033;0.011816;0.0074651;0.00072701;0.00013768;4.8949E-05;0.0059544;0.0035507;0.0023768;0.0045144;0.0015177;0.0043923;0.0033205;0.0017129;0.0013746;0.0065215;0.00030215;0.00091912;0.00013187;0.0035006;0.00052244;1.3032E-05;0.001822;0.00069382;0.002245;0.0099142;0.0014139;0.0018642;0.0081175;0.028417;0.0024931;0.0028777;0.0063288;0.032312;0.019156;0.030188;0.016553;0.014481;0.018854;0.0029238;0.00092807;0.029115;0.032545;0.011816;0.017758;0.031124;0.0035856;0.031099;0.00072135;0.0021945;3.7985E-05;0.031921;0.0018144;0.023286;0.030856;0.0041374;0.023247;0.0026896;0.0035333;0.0066539;0.026601;0.032562;0.015695;0.025831;0.0039838;0.030918;0.029583;0.032909;0.032925;0.030946;0.011166;0.01031;0.0038848;0.032702;0.0027005;0.025273;0.02239
36;3.9425;0.0028678;2;0.85;0.5;50;50;Euclidean(MinimumTimesMedian);0.013007;0.001687;0.00092484;0.0076621;0.00084073;0.0025574;0.0022682;0.0079165;0.0021355;0.003706;0.0021169;0.0022602;0.0011751;0.0030784;0.003454;0.00055918;0.0019774;0.00041841;0.0026997;0.0014985;0.0081841;0.0015516;0.0011028;0.0080287;0.0033182;0.0031951;0.0008541;0.0017281;0.0012375;0.0029985;0.0049643;0.0027075;0.0022436;0.0075319;0.00072197;0.028513;0.0059463;0.017626;0.0050301;0.0023218;0.000449;0.00029221;0.0035227;0.00065485;0.0022055;0.00089524;0.001804;0.001241;0.0056607;0.035257;0.0047143;0.00042548;0.0033747;0.0025429;0.0010901;0.030601;0.0033875;0.0069096;0.027423;0.029265;0.0321;0.033534;0.0009738;0.0022612;0.018639;0.0033359;0.0351;0.0046631;0.032709;0.0024992;0.024462;0.0057084;0.026001;0.00043643;0.033685;0.034469;0.00073332;0.034337;0.018138;0.029418;0.034163;0.016383;0.035012;0.031914;0.026828;0.030175;0.0029533;0.0015474;0.033451;0.00079275;0.014099;0.0010406;0.026434;0.0020956;0.0010055;0.035436
population
1;0.13327;0.050914;0.063102;0.067588;0.045458;0.08254;0.35905;0.0078203;0.1843;0.013578;0.18345;0.028482;0.10432;0.093177;0.099662;0.0059826;0.17245;0.11026;0.019304;0.068662;0.012382;0.19661;0.052428;0.056124;0.12983;0.078466;0.021671;0.068508;0.29765;0.11512;0.55957;0.13034;0.079811;0.1514;0.39592;0.19681;0.14394;0.050578;0.21082;0.051749;0.092588;0.13123;0.057427;0.015691;0.24379;0.047688;0.10873;0.13604;0.43667;0.95635;0.93407;0.071047;0.31209;0.015813;0.33448;0.54819;0.87349;0.42927;0.14672;0.16154;0.59806;0.1691;0.60926;0.50152;0.35201;0.805;0.37642;0.90426;0.57703;0.62075;0.87883;0.41536;0.44995;0.19383;0.34298;0.97853;0.80411;0.079885;0.79164;0.19176;0.68292;0.38087;0.54613;0.057903;0.827;0.69553;0.89641;0.83015;0.69238;0.046411;0.5794;0.083032;0.79369;0.49509;0.43565;0.9095
2;0.06181;0.022412;0.17703;0.051093;0.0099656;0.27782;0.043132;0.0082969;0.012893;0.6377;0.011996;0.039053;0.28632;0.024807;0.18255;0.0016677;0.19527;0.023;0.092543;0.024124;0.25007;0.065728;0.26565;0.048966;0.00086249;0.038161;0.043308;0.074801;0.28665;0.049953;0.053923;0.089746;0.10844;0.1276;0.1012;0.47477;0.0053604;0.12991;0.058231;0.0039454;0.12631;0.054298;0.031188;0.083246;0.036686;0.16938;0.081414;0.10424;0.92555;0.083063;0.48227;0.21611;0.25783;0.73603;0.97094;0.85339;0.9044;0.81238;0.14731;0.54197;0.40822;0.63534;0.55821;0.95012;0.62189;0.15553;0.14521;0.55913;0.98212;0.71035;0.40498;0.67176;0.60426;0.055134;0.62791;0.57433;0.17754;0.73248;0.053712;0.43776;0.60569;0.65622;0.12549;0.8278;0.90243;0.54449;0.9369;0.77568;0.30193;0.42301;0.10092;0.35284;0.88425;0.12565;0.35849;0.99509
3;0.043781;0.029132;0.28382;0.033425;0.095861;0.072067;0.13687;0.019062;0.010231;0.023124;0.037414;0.13032;0.060305;0.02515;0.076968;0.49511;0.38327;0.049435;0.022616;0.056824;0.026432;0.010424;0.050359;0.070456;0.4536;0.10194;0.049131;0.086253;0.25556;0.0064227;0.13826;0.2041;0.14757;0.13629;0.00032617;0.13694;0.12214;0.43653;0.0061941;0.018184;0.074656;0.14277;0.26332;0.26175;0.01688;0.011989;0.023178;0.026645;0.44255;0.71619;0.78803;0.10847;0.25981;0.081937;0.95594;0.029126;0.16295;0.60848;0.08414;0.070393;0.16005;0.32112;0.18643;0.32629;0.23724;0.37511;0.73189;0.66191;0.94472;0.79299;0.082853;0.17998;0.0013835;0.1136;0.4871;0.97426;0.33243;0.3009;0.40508;0.56902;0.97249;0.12351;0.40216;0.29936;0.86035;0.49573;0.1419;0.012278;0.98639;0.73095;0.21018;0.98303;0.39424;0.63836;0.56481;0.23263
4;0.22516;0.04894;0.23372;0.0065476;0.18979;0.026194;0.035053;0.069729;0.17349;0.0033674;0.17564;0.042466;0.015998;0.20964;0.20525;0.13826;0.010181;0.16298;0.018517;0.16188;0.069606;0.0089764;0.089175;0.15709;0.19123;0.058706;0.13698;0.15491;0.41636;0.084805;0.023219;0.12057;0.11781;0.61063;0.17872;0.041684;0.1135;0.0062436;0.052277;0.067589;0.10713;0.032379;0.045279;0.015003;0.092212;0.031022;0.18777;0.23981;0.66902;0.40443;0.90156;0.50013;0.050227;0.11667;0.068861;0.98278;0.65458;0.1568;0.2995;0.79734;0.16175;0.63543;0.26095;0.16506;0.55227;0.15024;0.27266;0.63268;0.063215;0.081921;0.93838;0.30161;0.93327;0.91576;0.22101;0.80684;0.71338;0.18866;0.97827;0.64871;0.5914;0.0029644;0.48326;0.37724;0.071993;0.073474;0.95571;0.28821;0.28755;0.58341;0.44387;0.50465;0.62663;0.59292;0.12703;0.70021
5;0.1368;0.033951;0.10773;0.0095962;0.028374;0.082912;0.03906;0.16428;0.020141;0.016602;0.012735;0.23847;0.062479;0.0010311;0.031875;0.11374;0.06395;0.010178;0.075714;0.066285;0.053701;0.32511;0.058492;0.017014;0.2955;0.080415;0.053084;0.025022;0.065241;0.065568;0.023183;0.0014845;0.073145;0.068548;0.098631;0.0049181;0.018116;0.17826;0.12393;0.014787;0.070916;0.11176;0.037551;0.049674;0.012185;0.31072;0.36619;0.11406;0.97342;0.079814;0.31204;0.53641;0.33007;0.069172;0.80763;0.56797;0.70866;0.15712;0.019367;0.079953;0.46467;0.093854;0.76546;0.24066;0.88361;0.52548;0.92155;0.11247;0.94168;0.61633;0.94478;0.93672;0.18366;0.85267;0.70329;0.68225;0.2845;0.11104;0.18691;0.5982;0.10997;0.90688;0.56864;0.59716;0.67174;0.70673;0.33392;0.42831;0.89681;0.19593;0.69564;0.78734;0.68065;0.73602;0.25365;0.98783
6;0.12604;0.066926;0.097302;0.013909;0.10999;0.010601;0.069862;0.0038148;0.2093;0.012458;0.14964;0.016252;0.21921;0.0010085;0.097226;0.051783;0.048603;0.098895;0.014949;0.32294;0.04745;0.025207;0.42989;0.27084;0.1204;0.35995;0.027263;0.0013927;0.10523;0.077291;0.022863;0.16248;0.057814;0.15197;0.074406;0.023589;0.11529;0.37183;0.024843;0.26606;0.022259;0.076656;0.0077269;0.086975;0.032725;0.13147;0.19324;0.00087773;0.76725;0.21541;0.16656;0.22671;0.31619;0.16745;0.5796;0.78453;0.94194;0.87148;0.15516;0.38557;0.16398;0.89073;0.03808;0.32614;0.81129;0.27164;0.55939;0.76824;0.91339;0.72661;0.70605;0.64597;0.29647;0.092961;0.31259;0.76861;0.44775;0.098564;0.59005;0.19958;0.44059;0.26999;0.09592;0.94005;0.54586;0.41854;0.1006;0.3878;0.62423;0.1669;0.28307;0.32948;0.69994;0.92895;0.71752;0.30816
7;0.12214;0.10507;0.0013412;0.064889;0.069875;0.10488;0.068378;0.19965;0.021244;0.014011;0.07648;0.13676;0.060629;0.029926;0.41827;0.036252;0.1647;0.030229;0.028428;0.013153;0.028878;0.18848;0.0034287;0.014575;0.0057522;0.48218;0.28615;0.082039;0.043115;0.037851;0.026721;0.098828;0.16699;0.076654;0.094592;0.02664;0.13894;0.065987;0.024067;0.25923;0.047693;0.059456;0.1443;0.1557;0.11647;0.056521;0.17615;0.070765;0.2819;0.84615;0.89987;0.38641;0.66143;0.59561;0.0548;0.9315;0.47547;0.95844;0.65452;0.3646;0.75637;0.95003;0.37243;0.97795;0.69567;0.52665;0.19061;0.8014;0.077786;0.15232;0.86616;0.70719;0.55848;0.73124;0.0025749;0.59159;0.27915;0.20719;0.12695;0.66871;0.9247;0.75693;0.12933;0.068164;0.86286;0.13938;0.34343;0.058626;0.50657;0.6812;0.49336;0.21783;0.32332;0.85908;0.57365;0.81248
8;0.15298;0.052177;0.064234;0.075979;0.069623;0.085816;0.05987;0.046072;0.11943;0.002654;0.31602;0.22182;0.074196;0.53716;0.06077;0.15998;0.073514;0.39066;0.028674;0.022711;0.23257;0.077747;0.012513;0.15949;0.11706;0.2776;0.025572;0.1096;0.033727;0.15163;0.12387;0.0049864;0.19224;0.087384;0.076412;0.12414;0.091968;0.082866;0.091705;0.040407;0.053774;0.051702;0.52815;0.17073;0.014216;0.034966;0.0031147;0.0075827;0.94538;0.77939;0.64586;0.20067;0.97967;0.55477;0.38117;0.57124;0.4069;0.8537;0.035344;0.67312;0.51183;0.72842;0.36056;0.23902;0.26693;0.14315;0.23851;0.75205;0.9505;0.95311;0.25402;0.35973;0.72259;0.56624;0.75044;0.11807;0.39093;0.0074906;0.43075;0.0057763;0.75998;0.64478;0.62583;0.43205;0.52;0.016792;0.79585;0.4522;0.85471;0.017372;0.71089;0.09298;0.095535;0.82627;0.84911;0.89217
9;0.094891;0.067317;0.13897;0.014965;0.0074785;0.0082653;0.055666;0.022163;0.18789;0.26067;0.029746;0.39528;0.15925;0.20844;0.1081;0.047096;0.01091;0.18116;0.0043417;0.058063;0.16466;0.031604;0.028558;0.074314;0.28237;0.035922;0.027602;0.14524;0.091717;0.0013048;0.079961;0.0522;0.090679;0.017456;0.08557;0.084186;0.0040061;0.10844;0.010157;0.11004;0.00019887;0.058834;0.036985;0.17655;0.011671;0.01751;0.28463;0.019766;0.56901;0.25434;0.00062471;0.54511;0.84322;0.022978;0.90018;0.49428;0.32866;0.35503;0.46682;0.25415;0.028505;0.64653;0.72272;0.76001;0.33639;0.98511;0.33027;0.061565;0.9934;0.078544;0.44978;0.14255;0.65606;0.23551;0.6802;0.78985;0.79297;0.30053;0.07363;0.84828;0.26265;0.88591;0.62423;0.86741;0.95627;0.82595;0.438;0.55562;0.88947;0.8966;0.76662;0.32181;0.9308;0.25805;0.042258;0.47575
10;0.0049979;0.0094177;0.047146;0.030669;0.49261;0.02984;0.28701;0.025741;0.19104;0.2925;0.012484;0.34707;0.10651;0.075398;0.17889;0.35117;0.37522;0.0032671;0.076351;0.040401;0.0061626;0.32879;0.019072;0.065506;0.11794;0.068748;0.063414;0.0079422;0.037856;0.23014;0.048736;0.36766;0.14196;0.2233;0.038287;0.6019;0.028494;0.64435;0.37398;0.016845;0.022199;0.246;0.10572;0.1624;0.23053;0.03224;0.04709;0.1328;0.047753;0.45531;0.5811;0.85418;0.21682;0.64226;0.30623;0.090968;0.0047126;0.70422;0.30852;0.25266;0.41069;0.12706;0.19372;0.6721;0.11657;0.094691;0.97117;0.51546;0.37638;0.32854;0.89086;0.29726;0.45938;0.56503;0.60792;0.29219;0.71285;0.49408;0.84422;0.74435;0.50109;0.59384;0.79945;0.44127;0.78643;0.94035;0.97039;0.96723;0.23435;0.48865;0.022125;0.72993;0.72551;0.50534;0.56693;0.84228
11;0.23219;0.12302;0.15786;0.024965;0.050423;0.27109;0.010932;0.17126;0.057788;0.15672;0.098628;0.044511;0.16323;0.15635;0.013745;0.0343;0.055372;0.24265;0.032492;0.15926;0.01954;0.42205;0.23334;0.060183;0.078286;0.034465;0.072482;0.046324;0.016514;0.1104;0.06618;0.011295;0.088238;0.091752;0.12169;0.0035073;0.15305;0.15647;0.10026;0.052695;0.030563;0.055358;0.0043093;0.11206;0.06758;0.15658;0.02026;0.10849;0.35371;0.50069;0.46977;0.33282;0.99446;0.21089;0.97862;0.00025738;0.22789;0.49187;0.61743;0.9111;0.39008;0.76129;0.4412;0.50606;0.73729;0.14976;0.84034;0.88153;0.9618;0.35498;0.54546;0.88656;0.34444;0.46848;0.79982;0.62196;0.50905;0.078408;0.95434;0.58631;0.2235;0.29842;0.67964;0.99956;0.39639;0.8051;0.88815;0.0071975;0.97833;0.92854;0.70983;0.72767;0.062901;0.2941;0.78791;0.11051
12;0.05231;0.013579;0.18318;0.52071;0.17806;0.024244;0.056977;0.10951;0.21246;0.012433;0.037256;0.048064;0.392;0.10695;0.017767;0.33841;0.24785;0.36189;0.17388;0.10341;0.029174;0.7862;0.033242;0.032103;0.042086;0.017348;0.25659;0.066265;0.0058853;0.1672;0.11215;0.0027709;0.065588;0.040435;0.039754;0.027931;0.03297;0.20907;0.040719;0.017769;0.063446;0.0030642;0.073672;0.18443;0.097072;0.17001;0.016516;0.043836;0.16169;0.78862;0.69904;0.4189;0.42258;0.5043;0.56254;0.60386;0.056721;0.13308;0.5187;0.48311;0.22364;0.011314;0.52141;0.26831;0.22544;0.072131;0.74404;0.64777;0.1678;0.088906;0.80317;0.47671;0.69847;0.5869;0.66415;0.23353;0.50799;0.84335;0.55719;0.2244;0.055844;0.0045269;0.92812;0.24142;0.2739;0.77476;0.47054;0.96633;0.88273;0.30455;0.13056;0.83235;0.53328;0.5299;0.8046;0.32044
13;0.25157;0.26961;0.0038198;0.023129;0.012995;0.18267;0.11678;0.26393;0.021942;0.13887;0.11983;0.10952;0.11924;0.0044239;0.0029733;0.045991;0.3813;0.001456;0.2895;0.074076;0.07446;0.090906;0.0065384;0.1776;0.047503;0.23011;0.053942;0.15622;0.19184;0.060919;0.099752;0.01703;0.0057325;0.10627;0.076476;0.017321;0.011337;0.0047589;0.11555;0.036997;0.062643;0.070626;0.017036;0.067855;0.31816;0.107;0.050494;0.027817;0.88777;0.72233;0.94078;0.10551;0.63337;0.5341;0.70987;0.42423;0.2969;0.50568;0.43231;0.35854;0.71735;0.8197;0.41965;0.50159;0.25589;0.64841;0.91936;0.073872;0.066783;0.72573;0.5829;0.41821;0.41857;0.70875;0.63985;0.35081;0.038935;0.98392;0.67022;0.93744;0.5407;0.4306;0.99274;0.77189;0.8472;0.11809;0.038614;0.78877;0.056693;0.60297;0.14026;0.53641;0.63122;0.575;0.60071;0.22578
14;0.0088823;0.043189;0.37571;0.016441;0.13682;0.028117;0.018724;0.015575;0.00089384;0.06245;0.32014;0.13133;0.28488;0.39183;0.096525;0.3598;0.074977;0.31579;0.039834;0.31319;0.013128;0.1577;0.020374;0.064121;0.010674;0.014511;0.041002;0.071216;0.054804;0.086134;0.0073493;0.010723;0.0046163;0.0091836;0.092214;0.0078119;0.29282;0.064901;0.040624;0.13148;0.17197;0.068274;0.0091672;0.038919;0.0060501;0.079433;0.01642;0.13278;0.85496;0.94205;0.41756;0.73362;0.13667;0.2625;0.21326;0.61475;0.14116;0.1251;0.44781;0.58306;0.15944;0.4349;0.96484;0.39371;0.53144;0.87829;0.44091;0.94939;0.48014;0.49546;0.96733;0.28474;0.38706;0.64892;0.95272;0.67197;0.1982;0.13978;0.46623;0.1802;0.39991;0.54016;0.24447;0.22415;0.17786;0.55168;0.24325;0.24256;0.13439;0.12922;0.9633;0.68059;0.68854;0.30864;0.39397;0.17265
15;0.19257;0.1558;0.20402;0.17352;0.0056987;0.065687;0.083332;0.17746;0.24944;0.0072999;0.0032662;0.019875;0.1062;0.35141;0.15984;0.19847;0.056066;0.058404;0.098192;0.012544;0.087317;0.006223;0.13403;0.042115;0.075073;0.065588;0.15319;0.088398;0.24307;0.17009;0.086108;0.28341;0.12244;0.10162;0.090922;0.10338;0.2537;0.11202;0.12907;0.086927;0.12058;0.11098;0.067058;0.10873;0.14763;0.097583;0.031601;0.25931;0.61905;0.15389;0.77518;0.27532;0.73696;0.486;0.65788;0.72315;0.19291;0.47183;0.36254;0.75254;0.69953;0.15187;0.70968;0.25175;0.29453;0.63142;0.60179;0.23095;0.032442;0.14415;0.96036;0.96715;0.40086;0.5546;0.78601;0.15761;0.016006;0.51548;0.87776;0.83521;0.81337;0.16149;0.68643;0.33089;0.848;0.36933;0.71323;0.098811;0.50198;0.17645;0.28266;0.078246;0.60238;0.47009;0.86742;0.091619
16;0.2229;0.043474;0.00826;0.16742;0.24006;0.00728;0.16254;0.095411;0.28207;0.091458;0.050493;0.0089576;0.17264;0.016246;0.089728;0.062981;0.43291;0.27881;0.10434;0.030271;0.18176;0.10758;0.039345;0.12547;0.26069;0.037337;0.10282;0.00068989;0.091085;0.089287;0.39309;0.27521;0.11562;0.33525;0.066872;0.24879;0.34564;0.038401;0.21463;0.034382;0.013431;0.19822;0.1428;0.019013;0.30776;0.065606;0.12278;0.0073389;0.099664;0.34618;0.15166;0.3906;0.47754;0.10033;0.83443;0.91124;0.4775;0.73785;0.91149;0.75252;0.33907;0.20892;0.36918;0.70253;0.38933;0.058058;0.9292;0.62124;0.74545;0.94155;0.23965;0.89211;0.53315;0.41984;0.81659;0.78753;0.20857;0.034204;0.97204;0.12247;0.091858;0.28425;0.95281;0.63461;0.76331;0.63316;0.038986;0.30323;0.82351;0.20093;0.61833;0.36119;0.60959;0.94777;0.069706;0.23518
17;0.33804;0.028848;0.034018;0.052002;0.031781;0.0053564;0.061039;0.043808;0.4057;0.020179;0.16177;0.066191;0.0038298;0.062967;0.047841;0.019351;0.1612;0.03045;0.4494;0.030018;0.0148;0.15859;0.32661;0.11254;0.045583;0.054096;0.22545;0.045553;0.20182;0.035681;0.14935;0.037674;0.41655;0.035086;0.039115;0.044131;0.11877;0.017417;0.31718;0.033534;0.52407;0.11638;0.020427;0.26235;0.085914;0.0241;0.15555;0.18424;0.32296;0.44824;0.49601;0.38531;0.79205;0.45147;0.66252;0.35997;0.2799;0.82907;0.13146;0.78639;0.6829;0.25717;0.61683;0.44862;0.16988;0.24733;0.78125;0.30306;0.21754;0.9939;0.10616;0.37647;0.78169;0.95494;0.93552;0.99788;0.41425;0.096247;0.61002;0.86664;0.70369;0.42865;0.85818;0.3796;0.90556;0.72989;0.73999;0.85319;0.092591;0.28092;0.22606;0.64772;0.61994;0.16721;0.85672;0.25645
18;0.13473;0.0024501;0.20267;0.18299;0.17106;0.013336;0.0080756;0.12715;0.078428;0.17283;0.016895;0.19053;0.11472;0.18444;0.096647;0.0057004;0.052999;0.16107;0.11625;0.015648;0.057256;0.13127;0.014661;0.0083072;0.1608;0.072618;0.04531;0.058112;0.35262;0.024287;0.12922;0.012134;0.12639;0.19249;0.09886;0.029706;0.11698;0.062357;0.094987;0.59714;0.067861;0.21115;0.17509;0.091332;0.0057118;0.089244;0.10101;0.012712;0.74934;0.15554;0.92323;0.78539;0.15813;0.81002;0.44879;0.089679;0.53927;0.54005;0.56566;0.97069;0.73203;0.7279;0.24446;0.4683;0.67891;0.5527;0.41746;0.45206;0.77109;0.47201;0.49419;0.25131;0.0042504;0.88779;0.1461;0.82769;0.13548;0.49681;0.13351;0.52712;0.79035;0.70927;0.77797;0.71718;0.83179;0.85529;0.24363;0.11556;0.69884;0.23801;0.29761;0.80007;0.7824;0.98813;0.40102;0.23346
19;0.038343;0.016518;0.11129;0.14953;0.090553;0.19513;0.073828;0.37433;0.025646;0.094708;0.036996;0.11905;0.022486;0.008849;0.042715;0.069073;0.19371;0.084627;0.23287;0.017574;0.022291;0.13503;0.39117;0.16582;0.42405;0.11865;0.24007;0.19224;0.13518;0.16861;0.024479;0.19224;0.0066089;0.053702;0.07448;0.023735;0.30095;0.22369;0.4686;0.053207;0.034504;0.00083579;0.18017;0.26051;0.061618;0.16368;0.024733;0.14586;0.59632;0.31838;0.4574;0.06167;0.26353;0.70199;0.10163;0.69607;0.43843;0.43205;0.69203;0.9244;0.28138;0.97146;0.30316;0.32795;0.84767;0.14279;0.1001;0.65286;0.55808;0.28621;0.48528;0.8371;0.031063;0.58394;0.35785;0.042375;0.15364;0.63348;0.38264;0.13332;0.81553;0.79771;0.60782;0.11436;0.81644;0.3849;0.52915;0.15041;0.96895;0.56743;0.059315;0.34432;0.28476;0.80551;0.71076;0.6162
20;0.63713;0.058793;0.044649;0.037665;0.045017;0.15211;0.15574;0.055707;0.06124;0.0094653;0.023847;0.22883;0.049971;0.047584;0.015259;0.081602;0.0059551;0.035406;0.0045035;0.29323;0.026751;0.22511;0.041638;0.26486;0.01175;0.067137;0.064193;0.014876;0.1151;0.1009;0.26992;0.2057;0.023034;0.012876;0.30633;0.042582;0.060898;0.16678;0.17665;0.020053;0.11433;0.023877;0.0057235;0.024594;0.0013499;0.17469;0.040157;0.073863;0.99628;0.13418;0.74307;0.65973;0.5107;0.4261;0.15499;0.58786;0.62273;0.70846;0.436;0.51192;0.36475;0.23221;0.53816;0.52438;0.97181;0.18903;0.92459;0.3398;0.57499;0.87941;0.69595;0.53387;0.94276;0.33032;0.89682;0.23621;0.42077;0.21676;0.40102;0.39701;0.42393;0.66662;0.53987;0.37716;0.98023;0.44627;0.60755;0.23917;0.12806;0.76634;0.18981;0.20833;0.14844;0.89375;0.21409;0.0096701
21;0.09745;0.13501;0.026716;0.06924;0.1665;0.10594;0.13175;0.21167;0.017579;0.031898;0.018977;0.1159;0.080924;0.21976;0.13248;0.098812;0.0052935;0.45828;0.10077;0.15401;0.26877;0.016641;0.0053683;0.16188;0.44271;0.26461;0.31038;0.046653;0.059941;0.02439;0.30511;0.021287;0.0029566;0.0869;0.094785;0.10924;0.40201;0.0016285;0.024522;0.28174;0.2139;0.30568;0.1317;0.034637;0.11954;0.066973;0.17768;0.17185;0.94912;0.67547;0.94724;0.4341;0.11244;0.38251;0.57651;0.35016;0.3066;0.19387;0.30269;0.80654;0.48026;0.82933;0.20049;0.84;0.3999;0.45123;0.68392;0.12737;0.34082;0.81397;0.92586;0.7281;0.86515;0.98048;0.48855;0.96223;0.95263;0.69894;0.72166;0.14211;0.8334;0.11478;0.56768;0.85828;0.74251;0.82133;0.63756;0.51615;0.10237;0.20709;0.49808;0.75615;0.25916;0.96888;0.27641;0.40975
22;0.17421;0.089245;0.049064;0.10109;0.5324;0.18462;0.004252;0.21111;0.034349;0.00014637;0.043553;0.067171;0.032066;0.14408;0.017676;0.0033639;0.019562;0.18749;0.4844;0.089095;0.14684;0.45582;0.5969;0.13056;0.017829;0.099255;0.0083113;0.24279;0.078366;0.022703;0.023742;0.006287;0.21483;0.083545;0.042033;0.037918;0.0050677;0.0083352;0.092034;0.01708;0.1953;0.18905;0.054213;0.046446;0.248;0.052303;0.074714;0.027587;0.78458;0.30702;0.34428;0.94431;0.24297;0.48245;0.30018;0.21834;0.29809;0.37811;0.38266;0.44035;0.36311;0.85067;0.038217;0.11436;0.19554;0.1293;0.09963;0.42287;0.66114;0.69034;0.45851;0.29192;0.009256;0.42261;0.76922;0.16826;0.39979;0.37761;0.6587;0.18272;0.83201;0.50805;0.096562;0.71439;0.24984;0.96334;0.83662;0.65779;0.21368;0.45821;0.62712;0.3589;0.89529;0.56141;0.53501;0.87557
23;0.14371;0.24509;0.0050617;0.098698;0.1076;0.082805;0.070144;0.0032033;0.10911;0.0053812;0.0089478;0.15746;0.059615;0.020656;0.050339;0.36364;0.012318;0.01255;0.020214;0.018909;0.050623;0.029446;0.10076;0.12398;0.013012;0.019936;0.23509;0.20019;0.16481;0.089499;0.061601;0.086579;0.55153;0.045567;0.0010587;0.058049;0.03018;0.025067;0.0066935;0.18354;0.071157;0.073812;0.368;0.038638;0.07017;0.22025;0.22651;0.10983;0.9508;0.48229;0.46861;0.3331;0.50707;0.36443;0.73033;0.44729;0.29631;0.58049;0.47699;0.25877;0.27576;0.37576;0.86902;0.4849;0.38459;0.69728;0.94212;0.18192;0.04418;0.61929;0.38072;0.91528;0.72374;0.75306;0.11404;0.7398;0.43478;0.29066;0.37509;0.97961;0.37582;0.36335;0.51741;0.43903;0.51379;0.32614;0.60004;0.59325;0.73426;0.25752;0.86415;0.81621;0.46879;0.30537;0.17448;0.069423
24;0.10282;0.16908;0.054432;0.20757;0.65266;0.11609;0.0061291;0.020897;0.24327;0.15955;0.026325;0.16834;0.12064;0.018445;0.0030248;0.30974;0.092914;0.11661;0.27546;0.20904;0.01201;0.15637;0.035173;0.088376;0.18061;0.0038812;0.063242;0.13661;0.4017;0.0068355;0.0087946;0.2995;0.24873;0.04224;0.085555;0.10141;0.052247;0.11297;0.1468;0.033551;0.011086;0.01216;0.11767;0.0090838;0.10814;0.082926;0.014238;0.14738;0.27189;0.99358;0.32881;0.2214;0.94386;0.44242;0.075181;0.18124;0.46117;0.67312;0.4888;0.226;0.013288;0.66891;0.87433;0.9791;0.43923;0.055015;0.48727;0.13625;0.18375;0.74728;0.69317;0.42076;0.75567;0.099885;0.091911;0.48991;0.70128;0.55776;0.64686;0.31614;0.47096;0.51251;0.12419;0.75923;0.16588;0.16786;0.45346;0.66193;0.68554;0.44615;0.32485;0.65546;0.852;0.63181;0.639;0.81433
25;0.067225;0.043007;0.30099;0.031238;0.030533;0.10254;0.083601;0.010626;0.45194;0.075204;0.021665;0.045843;0.10707;0.0010369;0.045798;0.058675;0.2152;0.15866;0.0072327;0.33733;0.058014;0.027182;0.0031154;0.31649;0.01449;0.12766;0.42523;0.035816;0.0035416;0.17685;0.16931;0.015184;0.020289;0.0010704;0.029827;0.13646;0.01595;0.066593;0.13704;0.029501;0.00797;0.10936;0.030751;0.085208;0.10149;0.099794;0.11637;0.079463;0.85967;0.083415;0.91314;0.91423;0.39648;0.31606;0.15469;0.68007;0.37154;0.23845;0.25619;0.80146;0.05142;0.86516;0.029131;0.79242;0.92039;0.38206;0.95305;0.82134;0.55797;0.56803;0.96975;0.5114;0.050715;0.097517;0.53995;0.25054;0.24652;0.6369;0.35859;0.54124;0.02235;0.27682;0.92807;0.020116;0.51704;0.3153;0.34947;0.28359;0.74258;0.46164;0.71362;0.97176;0.5139;0.4919;0.46333;0.077593
26;0.022094;0.045804;0.055077;0.067522;0.012404;0.35407;0.03926;0.014083;0.10015;0.091447;0.14284;0.16391;0.012831;0.13502;0.12497;0.20983;0.00037302;0.020111;0.080516;0.23971;0.018782;0.076896;0.00097444;0.035092;0.033954;0.083265;0.035466;0.019615;0.088692;0.049288;0.033587;0.20059;0.044586;0.073297;0.026669;0.14447;0.27688;0.20895;0.025216;0.19365;0.064571;0.17859;0.14007;0.11776;0.017567;0.048962;0.21318;0.54381;0.5425;0.92828;0.82376;0.019184;0.66667;0.89843;0.68262;0.94432;0.4508;0.0090121;0.53956;0.476;0.98615;0.70919;0.32427;0.049543;0.69701;0.21617;0.7383;0.35976;0.27297;0.98569;0.26241;0.33677;0.48235;0.58918;0.47287;0.41436;0.23688;0.55148;0.0048423;0.80013;0.3629;0.16442;0.26226;0.057718;0.95815;0.41983;0.47849;0.96309;0.30234;0.14485;0.70242;0.50774;0.98543;0.50782;0.10597;0.28375
27;0.31004;0.080794;0.0050042;0.021004;0.090637;0.14159;0.016666;0.2953;0.019329;0.13853;0.099427;0.037913;0.050991;0.04552;0.047608;0.18545;0.1186;0.0090636;0.066201;0.00036482;0.017584;0.003557;0.034926;0.026283;0.27527;0.00093629;0.057736;0.0056936;0.071052;0.18115;0.11813;0.043471;0.054914;0.091944;0.087283;0.099866;0.07156;0.073545;0.059193;0.30184;0.031539;0.016183;0.20872;0.03954;0.069057;0.14102;0.13027;0.028956;0.089801;0.82029;0.58749;0.39512;0.04972;0.042974;0.23137;0.63517;0.25125;0.41694;0.00079262;0.18726;0.82515;0.91051;0.55085;0.63515;0.46678;0.53394;0.36959;0.14833;0.49828;0.081123;0.18355;0.26497;0.85682;0.32728;0.13927;0.57632;0.18958;0.7219;0.255;0.20021;0.60793;0.7885;0.38099;0.89967;0.85289;0.11051;0.9682;0.91908;0.14203;0.55357;0.60202;0.5231;0.6844;0.52629;0.35109;0.1259
28;0.028372;0.025866;0.16816;0.18407;0.029359;0.1367;0.10028;0.10365;0.12545;0.098805;0.048228;0.2602;0.088193;0.26239;0.11144;0.28876;0.26464;0.11588;0.18101;0.1021;0.033457;0.010025;0.11961;0.072168;0.034681;0.1779;0.010257;0.0077825;0.045986;0.011841;0.38291;0.11349;0.054955;0.49131;0.071806;0.021521;0.20959;0.049567;0.036196;0.020192;0.033853;0.1213;0.028308;0.1575;0.14579;0.1185;0.039159;0.13998;0.10679;0.39257;0.58887;0.75602;0.92199;0.45085;0.47264;0.55309;0.77235;0.59239;0.14053;0.46399;0.92834;0.10166;0.95375;0.73845;0.02299;0.68701;0.036321;0.52443;0.49163;0.43073;0.12861;0.15143;0.83599;0.60116;0.053939;0.47286;0.20799;0.56156;0.47999;0.97736;0.33092;0.82794;0.6614;0.017717;0.46471;0.42405;0.62887;0.047205;0.54077;0.13488;0.58472;0.77983;0.35219;0.066522;0.75255;0.13702
29;0.0089247;0.010899;0.012945;0.41962;0.027348;0.25116;0.074625;0.012109;0.10592;0.18392;0.074855;0.033691;0.0066861;0.15849;0.11059;0.12729;0.32389;0.020532;0.011426;0.060397;0.0081933;0.046248;0.13593;0.057777;0.0031479;0.19039;0.18905;0.14112;0.10287;0.11619;0.0014051;0.011381;0.013529;0.20622;0.042489;0.0098239;0.055698;0.018036;0.07309;0.20133;0.49005;0.093303;0.12763;0.26688;0.00011911;0.12509;0.017024;0.014812;0.96174;0.77512;0.6311;0.30375;0.7447;0.1499;0.5239;0.85152;0.28894;0.62359;0.30058;0.18884;0.41804;0.097204;0.54026;0.19814;0.0027603;0.10232;0.085222;0.040402;0.78365;0.23476;0.33785;0.7538;0.67409;0.8213;0.2978;0.77292;0.87504;0.54009;0.27257;0.054285;0.91713;0.35617;0.34423;0.76157;0.34527;0.86394;0.3475;0.84234;0.80028;0.91858;0.85028;0.86822;0.3792;0.11235;0.32778;0.12692
30;0.0039334;0.038202;0.037899;0.0033576;0.018407;0.099512;0.14214;0.077045;0.032253;0.068227;0.15348;0.012211;0.083204;0.0091934;0.27154;0.0029343;0.11079;0.007453;0.10843;0.095086;0.10459;0.070169;0.024433;0.26028;0.07017;0.025501;0.093159;0.08591;0.16436;0.094893;0.22898;0.0028899;0.19945;0.06811;0.1312;0.057275;0.0014895;0.026063;0.031926;0.048334;0.10333;0.10842;0.11653;0.058112;0.013375;0.052772;0.10525;0.15641;0.28126;0.091557;0.54519;0.18311;0.72639;0.76851;0.16957;0.37469;0.72827;0.40193;0.48327;0.3396;0.30986;0.35996;0.8728;0.985;0.58709;0.11391;0.16164;0.95418;0.49466;0.96262;0.94117;0.35385;0.92735;0.082722;0.28592;0.20378;0.12142;0.50844;0.26913;0.42241;0.32041;0.625;0.19205;0.82349;0.66718;0.39692;0.44969;0.90774;0.2627;0.29886;0.17451;0.8053;0.0032755;0.27124;0.60452;0.35561
31;0.42797;0.15107;0.043603;0.43631;0.010295;0.024061;0.01203;0.15344;0.020779;0.031449;0.44723;0.6611;0.011366;0.010875;0.20198;0.23915;0.20405;0.018461;0.077779;0.41992;0.040851;0.00056395;0.21612;0.12314;0.217;0.068411;0.21373;0.23013;0.2933;0.025899;0.010747;0.15427;0.1553;0.002402;0.11801;0.0016139;0.048383;0.1814;0.037234;0.0039848;0.071427;0.18;0.22209;0.075669;0.032332;0.23129;0.029823;0.041449;0.55418;0.51919;0.11457;0.83487;0.0020021;0.4316;0.45288;0.005881;0.41389;0.38686;0.18069;0.66071;0.31059;0.45215;0.35191;0.24906;0.24982;0.051194;0.45147;0.87407;0.3267;0.64393;0.25392;0.94667;0.92025;0.0007315;0.024543;0.35244;0.81326;0.69952;0.74333;0.14819;0.30169;0.45466;0.84553;0.022632;0.19669;0.21083;0.28467;0.18525;0.84988;0.47387;0.3792;0.28186;0.15929;0.2114;0.56823;0.61046
32;0.26653;0.038728;0.079993;0.38232;0.03535;0.13449;0.10388;0.069842;0.31689;0.013553;0.050325;0.0168;0.25432;0.029212;0.73977;0.0035902;0.0040139;0.048458;0.12547;0.11257;0.055339;0.042199;0.010129;0.026208;0.18862;0.0097108;0.084666;0.21208;0.0037783;0.0010783;0.10089;0.2067;0.23004;0.080429;0.015301;0.049105;0.10824;0.059114;0.0023316;0.024831;0.031002;0.29243;0.019065;0.15072;0.070402;0.13035;0.021846;0.28188;0.23842;0.26861;0.048791;0.4081;0.11459;0.42593;0.27155;0.78442;0.71272;0.46064;0.60286;0.81301;0.51116;0.69068;0.0033028;0.70898;0.17186;0.84446;0.95825;0.55961;0.78659;0.93228;0.6559;0.7275;0.5942;0.40791;0.59356;0.36273;0.39523;0.77107;0.8579;0.09845;0.29014;0.4817;0.75064;0.85186;0.0048326;0.30976;0.49277;0.96149;0.040627;0.04039;0.53607;0.038816;0.75212;0.97963;0.41807;0.89627
33;0.24377;0.027205;0.27178;0.14322;0.089281;0.029235;0.085049;0.083822;0.22287;0.089238;0.10241;0.055477;0.068456;0.055193;0.014472;0.0027029;0.099601;0.028387;0.10619;0.28822;0.24918;0.50856;0.00012565;0.094129;0.042396;0.20669;0.25802;0.082835;0.015811;0.10289;0.022733;0.032569;0.3922;0.003837;0.015594;0.48261;0.10915;0.14721;0.073209;0.035845;0.063179;0.012528;0.36312;0.13863;0.036488;0.15688;0.0031857;0.10621;0.78789;0.65491;0.19117;0.51715;0.0065391;0.51872;0.67054;0.83889;0.9032;0.29137;0.17691;0.36373;0.41609;0.40353;0.59515;0.70011;0.84864;0.52357;0.059692;0.38129;0.14673;0.89291;0.39351;0.59813;0.45084;0.8602;0.25998;0.82418;0.99579;0.6034;0.34216;0.95927;0.61522;0.82633;0.019948;0.28422;0.64851;0.97276;0.38251;0.96148;0.7692;0.93988;0.11453;0.36692;0.62627;0.10787;0.17165;0.049307
34;0.026177;0.10545;0.23687;0.0073097;0.34748;0.22855;0.24099;0.2046;0.30843;0.047638;0.0086966;0.039462;0.033355;0.13723;0.16227;0.11282;0.11468;0.25035;0.048308;0.11353;0.023655;0.016155;0.10273;0.01193;0.0029898;0.14698;0.20608;0.10593;0.049113;0.0060433;0.024632;0.12079;0.047456;0.0095695;0.033082;0.25501;0.053657;0.021058;0.035029;0.084316;0.076143;0.018645;0.048827;0.016375;0.14771;0.010028;0.69443;0.035633;0.7518;0.28359;0.87961;0.87607;0.79526;0.4003;0.0043512;0.98285;0.035145;0.95105;0.16435;0.37421;0.8963;0.65356;0.61692;0.44436;0.18354;0.95717;0.57349;0.72044;0.17494;0.87999;0.85889;0.16131;0.51639;0.79273;0.70611;0.0060242;0.51811;0.44229;0.97576;0.41066;0.41228;0.92984;0.84571;0.90211;0.97785;0.7559;0.77987;0.81945;0.73809;0.16163;0.1557;0.52739;0.26671;0.9448;0.5562;0.84965
35;0.089842;0.057511;0.18767;0.034091;0.018602;0.003014;0.038829;0.14474;0.16106;0.29792;0.019756;0.0079823;0.46445;0.0092595;0.085506;0.11246;0.10804;0.13376;0.1088;0.083607;0.20511;0.12327;0.094134;0.13729;0.045991;0.059171;0.014326;0.040031;0.016213;0.14143;0.046136;0.051231;0.042845;0.31776;0.26406;0.099418;0.0069398;0.040128;0.0038942;0.090275;0.10452;0.028442;0.18661;0.045633;0.1011;0.059884;0.015428;0.12492;0.38693;0.64729;0.60017;0.64479;0.1939;0.13598;0.33325;0.1046;0.2753;0.9606;0.77731;0.96176;0.17288;0.006644;0.5657;0.077335;0.50514;0.54475;0.53604;0.090539;0.35622;0.15086;0.14283;0.21548;0.1212;0.81574;0.14443;0.39507;0.55268;0.72591;0.74712;0.94893;0.73163;0.19707;0.23385;0.98388;0.3739;0.27777;0.065555;0.46653;0.70143;0.31443;0.75413;0.12621;0.23495;0.18785;0.47024;0.61166
36;0.24602;0.000167;0.1512;0.13785;0.031528;0.12374;0.066171;0.36847;0.38315;0.065552;0.080274;0.019351;0.11146;0.042187;0.0191;0.079769;0.0072101;0.039014;0.10915;0.053544;0.16046;0.13917;0.43156;0.018475;0.042492;0.060269;0.099978;0.0026428;0.10072;0.13627;0.19742;0.51933;0.17613;0.087429;0.08697;0.075902;0.048362;0.12583;0.014553;0.29355;0.24351;0.12634;0.057812;0.1206;0.078549;0.33687;0.12839;0.075513;0.94872;0.1821;0.53627;0.38374;0.53316;0.56354;0.0040954;0.56313;0.51984;0.048227;0.49123;0.54188;0.075745;0.11501;0.68167;0.62713;0.748;0.62764;0.12873;0.15772;0.47847;0.43395;0.26852;0.63721;0.21203;0.20833;0.89919;0.32075;0.74045;0.055099;0.20519;0.39881;0.55593;0.45548;0.96597;0.76899;0.52522;0.85855;0.39777;0.62861;0.11066;0.19689;0.46119;0.47877;0.29506;0.70084;0.73021;0.76173
37;0.1074;0.22039;0.028047;0.010477;0.067341;0.0058369;0.040885;0.0905;0.11244;0.0057295;0.2054;0.0046768;0.027401;0.022674;0.225;0.14069;0.041854;0.20603;0.023172;0.14603;0.038726;0.037742;0.083695;0.16147;0.031351;0.063755;0.037327;0.035473;0.17472;0.10221;0.22788;0.19164;0.28793;0.069191;0.2271;0.43639;0.047629;0.21583;0.068081;0.3157;0.037998;0.019477;0.2026;0.27211;0.052218;0.10889;0.03279;0.12196;0.10957;0.65775;0.37634;0.9658;0.99156;0.55969;0.65043;0.44527;0.17397;0.99828;0.19866;0.18337;0.27335;0.34485;0.45853;0.091389;0.63712;0.8002;0.57893;0.91486;0.32522;0.34666;0.90974;0.50123;0.029418;0.87025;0.75265;0.74492;0.88148;0.31281;0.97389;0.4558;0.73357;0.67334;0.49928;0.89867;0.47408;0.12307;0.48732;0.78614;0.32125;0.37117;0.88892;0.51832;0.030633;0.8355;0.35644;0.74869
38;0.0043369;0.028639;0.099475;0.039503;0.1065;0.12067;0.10162;0.079376;0.08655;0.06994;0.069474;0.047458;0.3397;0.028888;0.18735;0.0068268;0.1283;0.049373;0.05037;0.16671;0.047256;0.32348;0.23249;0.46357;0.0052686;0.18983;0.0098161;0.014195;0.011447;0.20171;0.060215;0.024891;0.064422;0.038242;0.030167;0.011729;0.08836;0.46884;0.044315;0.025908;0.13606;0.049404;0.034792;0.10216;0.036126;0.019627;0.0057222;0.33165;0.24584;0.34007;0.068537;0.03848;0.34856;0.43456;0.23377;0.31119;0.51558;0.81203;0.8971;0.53858;0.11013;0.26586;0.11639;0.83123;0.63328;0.32545;0.039095;0.034016;0.64627;0.413;0.38013;0.074653;0.3922;0.70126;0.24039;0.35092;0.074955;0.86802;0.21099;0.0028332;0.34772;0.64013;0.058967;0.0065711;0.24414;0.62479;0.56529;0.49735;0.29127;0.67409;0.47511;0.41769;0.59325;0.58685;0.24533;0.71319
39;0.057187;0.12655;0.25702;0.20905;0.20727;0.13074;0.010164;0.056753;0.57441;0.025154;0.14893;0.074491;0.040986;0.03449;0.16406;0.061927;0.065344;0.016983;0.07356;0.038812;0.13397;0.080949;0.24967;0.20329;0.0094527;0.081192;0.0070302;0.11366;0.19179;0.10693;0.045035;0.011335;0.24538;0.28891;0.053379;0.026541;0.044032;0.14164;0.014283;0.17056;0.023616;0.14518;0.089621;0.066497;0.083345;0.010891;0.05978;0.16787;0.45721;0.67908;0.18833;0.55317;0.22067;0.023634;0.64623;0.69238;0.060208;0.61473;0.31814;0.17744;0.58993;0.57446;0.42881;0.64271;0.5704;0.05856;0.35768;0.88353;0.70449;0.47126;0.894;0.22055;0.11621;0.17241;0.70135;0.95941;0.39098;0.92239;0.4425;0.13766;0.015246;0.045569;0.83623;0.40597;0.49218;0.32428;0.32839;0.64803;0.21238;0.055311;0.6781;0.47654;0.91581;0.036225;0.07614;0.56938
40;0.018383;0.028223;0.28178;0.22058;0.33119;0.15282;0.020843;0.010367;0.01548;0.28993;0.031833;0.016983;0.12545;0.035261;0.08381;0.083286;0.0089735;0.44375;0.16462;0.075954;0.092966;0.023734;0.072877;0.21026;0.35105;0.012764;0.099765;0.17436;0.075882;0.069973;0.3119;0.032186;0.091618;0.10587;0.04075;0.030874;0.054808;0.37198;0.04988;0.050931;0.006574;0.04851;0.095096;0.053361;0.1051;0.12587;0.094209;0.0018008;0.49718;0.11041;0.25057;0.83067;0.42622;0.64921;0.55766;0.86207;0.1875;0.97484;0.89961;0.66538;0.7382;0.55633;0.51475;0.67101;0.16295;0.62825;0.32969;0.69325;0.39174;0.13548;0.14075;0.12345;0.55784;0.55764;0.90645;0.98607;0.30314;0.047328;0.26499;0.71871;0.78804;0.26818;0.86973;0.32814;0.17219;0.45205;0.63482;0.73989;0.474;0.89079;0.44256;0.327;0.90721;0.067423;0.48771;0.43397
41;0.020221;0.028317;0.021231;0.0032864;0.0073739;0.028965;0.2949;0.35383;0.13999;0.21577;0.001488;0.04292;0.059907;0.031726;0.64812;0.066386;0.15657;0.0021907;0.10513;0.144;0.0025346;0.0050921;0.049411;0.020599;0.020393;0.00048146;0.0055506;0.06971;0.063851;0.41812;0.11374;0.064183;0.0020872;0.0046534;0.1736;0.034913;0.14672;0.01993;0.033134;0.029002;0.060191;0.28826;0.085624;0.21283;0.072569;0.18383;0.045981;0.0085366;0.36879;0.97417;0.31797;0.29603;0.018433;0.40569;0.84336;0.43836;0.36183;0.51912;0.098062;0.10557;0.74688;0.2842;0.73132;0.29855;0.42536;0.77595;0.43437;0.38867;0.40722;0.63276;0.51038;0.8049;0.97259;0.46176;0.85084;0.48963;0.6621;0.15055;0.63958;0.37813;0.43688;0.49222;0.26097;0.67178;0.30373;0.86622;0.36979;0.26393;0.87116;0.27597;0.68582;0.21297;0.85987;0.1947;0.36042;0.3
42;0.17138;0.0052154;0.066146;0.14408;0.10023;0.057237;0.060953;0.10139;0.19713;0.32727;0.024299;0.13932;0.032023;0.0079428;0.091436;0.075803;0.07904;0.033222;0.22883;0.033117;0.16371;0.045133;0.071964;0.22683;0.053859;0.054949;0.027752;0.081574;0.0040711;0.0076839;0.12029;0.24585;0.039715;0.018237;0.0021608;0.043077;0.046812;0.054799;0.06245;0.219;0.065896;0.37814;0.30697;0.066837;0.033004;0.0056444;0.24932;0.13127;0.88502;0.029024;0.4136;0.83418;0.86121;0.97;0.3789;0.52141;0.76782;0.18892;0.4215;0.50633;0.093902;0.91678;0.029212;0.050374;0.26696;0.18573;0.96128;0.26512;0.22196;0.18621;0.50801;0.29418;0.75107;0.30201;0.0017413;0.069412;0.97276;0.13461;0.86903;0.86337;0.76146;0.17366;0.2752;0.89908;0.058218;0.15793;0.80942;0.22083;0.84175;0.015703;0.028007;0.76269;0.59038;0.27551;0.68744;0.97738
43;0.23551;0.55238;0.017174;0.0019145;0.042237;0.3018;0.034306;0.006293;0.054057;0.045954;0.11459;0.095394;0.18004;0.25392;0.049927;0.13806;0.093557;0.055898;0.0015405;0.0085649;0.055626;0.031054;0.03656;0.070623;0.043545;0.10903;0.04754;0.50673;0.074225;0.002127;0.13161;0.13089;0.008679;0.12509;0.02158;0.14122;0.17893;0.4051;0.17176;0.053318;0.0008754;0.018397;0.019014;0.031038;0.011786;0.026932;0.018181;0.048794;0.28534;0.67634;0.32871;0.33902;0.3503;0.97902;0.97104;0.99943;0.37587;0.12802;0.13319;0.75836;0.12677;0.92198;0.64567;0.222;0.73419;0.35581;0.61947;0.023067;0.55604;0.55232;0.84141;0.61336;0.65866;0.46673;0.023586;0.40561;0.23809;0.36498;0.86577;0.64359;0.95837;0.43268;0.64544;0.018169;0.33004;0.92506;0.15693;0.97783;0.32518;0.78801;0.024871;0.32111;0.57505;0.78981;0.46715;0.76575
44;0.11524;0.11791;0.43791;0.010155;0.16127;0.0068269;0.076001;0.14655;0.16227;0.17582;0.074079;0.11478;0.18686;0.044747;0.080375;0.11394;0.31182;0.086774;0.29363;0.25376;0.217;0.048262;0.073053;0.018471;0.097419;0.068597;0.052379;0.088328;0.058171;0.21165;0.097698;0.051845;0.0033666;0.022355;0.16272;0.32039;0.060931;0.034781;0.00097835;0.0031551;0.004647;0.0004316;0.04831;0.0052543;0.23346;0.091564;0.046154;0.046446;0.44604;0.48347;0.41421;0.277;0.92441;0.90323;0.97609;0.40061;0.24403;0.16163;0.29276;0.94858;0.57105;0.28682;0.39374;0.75535;0.68367;0.49548;0.21106;0.20625;0.44073;0.47373;0.51006;0.14778;0.15399;0.59852;0.69191;0.12304;0.45037;0.59542;0.63296;0.38973;0.8411;0.85328;0.99923;0.80602;0.96772;0.11193;0.71771;0.12505;0.74983;0.84273;0.34555;0.49841;0.62354;0.54207;0.26011;0.58728
45;0.35887;0.11485;0.05104;0.30129;0.10869;0.011909;0.051341;0.024324;0.081941;0.056969;0.10381;0.0046926;0.25838;0.10419;0.031865;0.14971;0.021673;0.012514;0.15752;0.33622;0.019482;0.015648;0.070534;0.010878;0.55103;0.074221;0.078887;0.036164;0.18379;0.20563;0.047381;0.056621;0.26675;0.016991;0.23251;0.065726;0.095905;0.087181;0.047981;0.15783;0.013189;0.11433;0.062236;0.21464;0.14312;0.1129;0.22382;0.19777;0.11969;0.74019;0.60297;0.8049;0.24825;0.9003;0.21992;0.51562;0.34722;0.25408;0.092955;0.24592;0.34104;0.76473;0.75768;0.56091;0.45551;0.31218;0.8257;0.9712;0.42981;0.12124;0.62858;0.02521;0.60316;0.55618;0.34597;0.88332;0.24791;0.25015;0.76472;0.75929;0.96302;0.78418;0.92714;0.29767;0.12992;0.093973;0.8177;0.89745;0.63589;0.92278;0.0083022;0.026243;0.66742;0.88566;0.32542;0.78706
46;0.054559;0.066661;0.30759;0.011341;0.042054;0.14713;0.34598;0.023992;0.1744;0.0046699;0.19324;0.015238;0.076127;0.043908;0.025315;0.041618;0.1005;0.12392;0.25479;0.027026;0.032921;0.055054;0.014171;0.19942;0.053522;0.0026859;0.074817;0.0092106;0.089799;0.0053505;0.031874;0.039194;0.052986;0.07442;0.50409;0.027295;0.16782;0.096489;0.12264;0.33675;0.12954;0.10753;0.14926;0.045456;0.13648;0.13548;0.03085;0.13192;0.50079;0.084086;0.19386;0.61767;0.29277;0.82873;0.82647;0.45256;0.13909;0.97205;0.56405;0.65543;0.35655;0.31696;0.62535;0.65905;0.45668;0.62868;0.087076;0.44354;0.63254;0.0066581;0.27848;0.11939;0.4446;0.96578;0.78687;0.94015;0.59465;0.59379;0.076064;0.18685;0.52707;0.69074;0.68341;0.83724;0.18171;0.22182;0.26973;0.37416;0.31152;0.76253;0.22119;0.12546;0.016291;0.22371;0.17374;0.18586
47;0.087531;0.091081;0.059301;0.029351;0.0076467;0.13073;7.3669E-05;0.15395;0.18955;0.0095698;0.046286;0.16328;0.24078;0.0099626;0.086703;0.060663;0.061335;0.17522;0.055902;0.086763;0.34589;0.044003;0.26108;0.065679;0.50392;0.051143;0.023812;0.17889;0.03492;0.20425;0.23091;0.015334;0.0079193;0.14242;0.078876;0.16323;0.17197;0.01908;0.021381;0.35389;0.099817;0.063528;0.19333;0.10379;0.116;0.005233;0.38829;0.03057;0.96952;0.3614;0.014052;0.54033;0.016114;0.35241;0.11219;0.59766;0.46199;0.61752;0.23182;0.53754;0.15158;0.3032;0.50147;0.76304;0.98513;0.075829;0.23799;0.5009;0.74596;0.66137;0.89961;0.11558;0.45505;0.45844;0.40789;0.12928;0.36294;0.71236;0.90257;0.58032;0.52781;0.9362;0.17682;0.19036;0.50534;0.029198;0.22888;0.023139;0.5912;0.39149;0.072738;0.24794;0.76726;0.7883;0.96734;0.026735
48;0.17408;0.56132;0.078617;0.10029;0.017975;0.032827;0.051984;0.27527;0.20696;0.2054;0.23949;0.0024801;0.21315;0.04536;0.07676;0.08014;0.062875;0.18824;0.069154;0.021646;0.12341;0.068616;0.042655;0.073239;0.058522;0.62534;0.030065;0.0099942;0.04044;0.18614;0.01558;0.13876;0.22707;0.056682;0.015386;0.42726;0.11726;0.096295;0.14989;0.30726;0.038353;0.15146;0.004137;0.144;0.23322;0.077458;0.24533;0.017731;0.49264;0.49263;0.71026;0.14037;0.76694;0.56366;0.75323;0.91978;0.35993;0.49468;0.78416;0.73722;0.24431;0.4542;0.90876;0.64315;0.86784;0.65526;0.72222;0.2389;0.366;0.64047;0.4058;0.26775;0.038972;0.45819;0.43899;0.026549;0.33346;0.51486;0.20331;0.53748;0.59434;0.17192;0.10602;0.22667;0.46441;0.80359;0.54455;0.80431;0.5887;0.44711;0.54244;0.56289;0.66067;0.51742;0.49636;0.18294
49;0.041887;0.1051;0.57278;0.064747;0.1795;0.17345;0.080942;0.011409;0.018047;0.23575;0.090724;0.10738;0.0049316;0.1105;0.051169;0.10351;0.011113;0.24971;0.075895;0.012704;0.13861;0.1942;0.054707;0.13849;0.047145;0.22349;0.032091;0.0049356;0.053338;0.19754;0.24463;0.092296;0.3503;0.16284;0.12636;0.41187;0.22051;0.015217;0.079474;0.16996;0.022608;0.097419;0.05831;0.060968;0.046478;0.32953;0.030544;0.10368;0.17808;0.52084;0.74449;0.86917;0.18353;0.3675;0.11044;0.83065;0.63883;0.87448;0.63363;0.99131;0.23192;0.087715;0.75633;0.16531;0.31429;0.95879;0.29782;0.87557;0.29416;0.50596;0.27994;0.061992;0.99834;0.79968;0.37741;0.93462;0.091218;0.46592;0.3854;0.74887;0.15699;0.070524;0.74563;0.085399;0.022881;0.35273;0.74315;0.82137;0.55214;0.35291;0.046061;0.77613;0.53358;0.21616;0.66923;0.017187
50;0.039692;0.2098;0.30264;0.073336;0.0819;0.21343;0.1154;0.16106;0.1082;0.052094;0.062909;0.12016;0.11336;0.086412;0.063681;0.17975;0.066411;0.20997;0.14192;0.03318;0.17389;0.14985;0.10709;0.13977;0.03394;0.10255;0.13673;0.10419;0.0018919;0.048669;0.34158;0.010873;0.22967;0.047883;0.11317;0.072954;0.53113;0.11718;0.016066;0.083659;0.034635;0.074541;0.17551;0.13493;0.35914;0.14203;0.24042;0.0065281;0.7708;0.041538;0.18029;0.6121;0.048978;0.6897;0.4367;0.067244;0.82759;0.90643;0.57527;0.41573;0.044277;0.33292;0.28432;0.74263;0.51282;0.56367;0.70815;0.17494;0.28962;0.34237;0.99091;0.13069;0.28685;0.23255;0.67432;0.31828;0.34169;0.47344;0.94906;0.88334;0.82895;0.12684;0.16414;0.60313;0.46892;0.65105;0.60598;0.76227;0.61929;0.07294;0.8306;0.23527;0.54026;0.51028;0.67727;0.745
normalized population
1;-0.0058481;-0.044308;-0.07304;-0.03803;-0.069403;-0.024629;0.27099;-0.10179;0.038309;-0.089653;0.090889;-0.079016;-0.016942;-0.00072976;-0.021273;-0.11638;0.051035;-0.011931;-0.091298;-0.044261;-0.076774;0.07012;-0.059221;-0.057359;0.0026942;-0.031504;-0.077479;-0.021868;0.18246;0.015346;0.43568;0.0249;-0.049767;0.041495;0.29436;0.07246;0.025201;-0.078236;0.12371;-0.068921;0.0064347;0.026293;-0.056554;-0.089566;0.14523;-0.057936;-0.006666;0.030423;-0.11319;0.48442;0.43129;-0.40259;-0.12809;-0.44203;-0.14661;-0.00051245;0.44785;-0.10284;-0.24006;-0.35819;0.19989;-0.3164;0.12093;-0.003932;-0.1381;0.37821;-0.12582;0.42354;0.088095;0.10073;0.31223;-0.026592;-0.04731;-0.32474;-0.15329;0.45498;0.3668;-0.35428;0.25962;-0.30002;0.13949;-0.094841;0.01307;-0.44488;0.28969;0.20637;0.37923;0.29259;0.15913;-0.37954;0.14827;-0.39679;0.25115;-0.024735;-0.03617;0.43903
2;-0.077308;-0.07281;0.040887;-0.054526;-0.1049;0.17065;-0.04493;-0.10131;-0.1331;0.53447;-0.08057;-0.068445;0.16506;-0.0691;0.061611;-0.12069;0.073847;-0.099189;-0.018059;-0.088799;0.16092;-0.06076;0.154;-0.064517;-0.12627;-0.07181;-0.055842;-0.015576;0.17145;-0.049824;-0.069964;-0.015695;-0.021137;0.017689;-0.00036413;0.35042;-0.11338;0.0010992;-0.028884;-0.11672;0.04016;-0.050636;-0.082792;-0.022011;-0.061876;0.063754;-0.033984;-0.0013859;0.37569;-0.38887;-0.020508;-0.25753;-0.18235;0.27818;0.48986;0.30469;0.47876;0.28027;-0.23948;0.02224;0.010055;0.14983;0.069882;0.44466;0.13178;-0.27126;-0.35703;0.078407;0.49319;0.19033;-0.16162;0.22981;0.10701;-0.46344;0.13165;0.050783;-0.25978;0.29831;-0.47831;-0.054013;0.06226;0.18051;-0.40757;0.32502;0.36513;0.055333;0.41973;0.23812;-0.23132;-0.0029464;-0.33021;-0.12698;0.34171;-0.39418;-0.11332;0.52462
3;-0.095337;-0.06609;0.14768;-0.072194;-0.019;-0.035102;0.048809;-0.090547;-0.13576;-0.080108;-0.055151;0.022819;-0.060957;-0.068756;-0.043966;0.37275;0.26185;-0.072755;-0.087986;-0.056099;-0.062725;-0.11606;-0.061291;-0.043027;0.32647;-0.0080332;-0.050019;-0.0041239;0.14037;-0.093354;0.014368;0.098655;0.017994;0.026381;-0.10124;0.012586;0.0034015;0.30771;-0.080921;-0.10249;-0.011497;0.037841;0.14934;0.15649;-0.081681;-0.093635;-0.09222;-0.078977;-0.10731;0.24425;0.28525;-0.36517;-0.18037;-0.37591;0.47485;-0.51957;-0.26269;0.076376;-0.30264;-0.44934;-0.23811;-0.16438;-0.3019;-0.17917;-0.25287;-0.051681;0.22965;0.18119;0.45578;0.27297;-0.48375;-0.26197;-0.49587;-0.40497;-0.0091569;0.45071;-0.10488;-0.13327;-0.12694;0.077246;0.42906;-0.35221;-0.13091;-0.20342;0.32304;0.0065676;-0.37527;-0.52528;0.45315;0.30499;-0.22095;0.50321;-0.1483;0.11853;0.092993;-0.23784
4;0.086042;-0.046283;0.097581;-0.099071;0.074932;-0.080975;-0.053009;-0.03988;0.027501;-0.099864;0.083078;-0.065031;-0.10526;0.11574;0.084318;0.0159;-0.11124;0.04079;-0.092085;0.048952;-0.019551;-0.11751;-0.022474;0.04361;0.064098;-0.051264;0.03783;0.064531;0.30117;-0.014972;-0.10067;0.015134;-0.011764;0.50072;0.07715;-0.08267;-0.0052385;-0.12257;-0.034838;-0.053081;0.020978;-0.072555;-0.068701;-0.090253;-0.0063499;-0.074602;0.072371;0.13419;0.11916;-0.067506;0.39878;0.026492;-0.38995;-0.34118;-0.41223;0.43408;0.22894;-0.3753;-0.087286;0.27761;-0.23642;0.14992;-0.22738;-0.3404;0.06216;-0.27654;-0.22958;0.15196;-0.42572;-0.4381;0.37178;-0.14034;0.43602;0.39719;-0.27525;0.2833;0.27607;-0.24551;0.44625;0.15693;0.047976;-0.47275;-0.049805;-0.12554;-0.46531;-0.41568;0.43854;-0.24935;-0.2457;0.15745;0.01274;0.024823;0.084088;0.073087;-0.34479;0.22975
5;-0.0023217;-0.061271;-0.028416;-0.096022;-0.086487;-0.024257;-0.049003;0.054676;-0.12585;-0.086629;-0.079831;0.13097;-0.058783;-0.092875;-0.089059;-0.0086214;-0.057468;-0.11201;-0.034888;-0.046638;-0.035456;0.19862;-0.053157;-0.096469;0.16836;-0.029556;-0.046066;-0.065355;-0.049952;-0.034209;-0.1007;-0.10396;-0.056433;-0.041358;-0.0029355;-0.11944;-0.10063;0.049444;0.036819;-0.10588;-0.015237;0.0068216;-0.07643;-0.055583;-0.086377;0.2051;0.25079;0.0084422;0.42357;-0.39212;-0.19074;0.062768;-0.11011;-0.38867;0.32654;0.019274;0.28302;-0.37499;-0.36742;-0.43978;0.066506;-0.39165;0.27713;-0.2648;0.3935;0.09869;0.41931;-0.36825;0.45274;0.09631;0.37817;0.49477;-0.31359;0.33409;0.20703;0.1587;-0.15281;-0.32313;-0.34511;0.10643;-0.43346;0.43117;0.03558;0.094381;0.13443;0.21758;-0.18325;-0.10925;0.36356;-0.23003;0.26451;0.30752;0.1381;0.21619;-0.21817;0.51736
6;-0.013078;-0.028296;-0.03884;-0.09171;-0.0048661;-0.096568;-0.0182;-0.10579;0.063312;-0.090774;0.057071;-0.091246;0.097944;-0.092898;-0.023708;-0.070577;-0.072816;-0.023294;-0.095653;0.21001;-0.041706;-0.10128;0.31824;0.15735;-0.006732;0.24998;-0.071887;-0.088984;-0.0099584;-0.022486;-0.10102;0.057039;-0.071763;0.042065;-0.027161;-0.10076;-0.003448;0.24301;-0.062272;0.14539;-0.063894;-0.028278;-0.10625;-0.018281;-0.065837;0.02585;0.077838;-0.10474;0.21739;-0.25653;-0.33622;-0.24693;-0.12399;-0.2904;0.098507;0.23583;0.5163;0.33937;-0.23162;-0.13416;-0.23418;0.40522;-0.45025;-0.17931;0.32118;-0.15515;0.05715;0.28752;0.42446;0.20659;0.13945;0.20402;-0.20079;-0.42561;-0.18367;0.24507;0.010438;-0.33561;0.058032;-0.29219;-0.10283;-0.20572;-0.43714;0.43727;0.0085512;-0.070619;-0.41657;-0.14976;0.090985;-0.25905;-0.14807;-0.15034;0.1574;0.40913;0.2457;-0.16231
7;-0.016977;0.0098434;-0.1348;-0.04073;-0.044986;-0.0022853;-0.019684;0.090042;-0.12475;-0.089221;-0.016085;0.029258;-0.060633;-0.06398;0.29734;-0.086108;0.04328;-0.091961;-0.082175;-0.09977;-0.060278;0.06199;-0.10822;-0.098909;-0.12138;0.37221;0.187;-0.0083377;-0.072078;-0.061926;-0.097166;-0.0066128;0.037414;-0.033252;-0.0069749;-0.097713;0.020201;-0.062826;-0.063048;0.13856;-0.03846;-0.045478;0.030315;0.050439;0.017908;-0.049103;0.060749;-0.034856;-0.26795;0.37422;0.39709;-0.087231;0.22125;0.13777;-0.42629;0.3828;0.049829;0.42634;0.26773;-0.15513;0.35821;0.46453;-0.1159;0.47249;0.20556;0.099861;-0.31163;0.32068;-0.41115;-0.3677;0.29955;0.26523;0.061223;0.21267;-0.49369;0.068042;-0.15817;-0.22698;-0.40507;0.17693;0.38127;0.28121;-0.40373;-0.43462;0.32555;-0.34978;-0.17375;-0.47893;-0.02668;0.25525;0.062224;-0.26199;-0.21923;0.33925;0.10184;0.34201
8;0.013859;-0.043046;-0.071907;-0.02964;-0.045238;-0.021353;-0.028192;-0.063537;-0.026557;-0.10058;0.22346;0.11432;-0.047066;0.44325;-0.060165;0.037621;-0.047905;0.26847;-0.081928;-0.090212;0.14342;-0.048741;-0.099137;0.046008;-0.010079;0.16763;-0.073578;0.019223;-0.081466;0.051854;-2.1698E-05;-0.10045;0.062658;-0.022522;-0.025155;-0.00020867;-0.026774;-0.045948;0.0045899;-0.080263;-0.032379;-0.053232;0.41417;0.065478;-0.084346;-0.070658;-0.11228;-0.098039;0.39552;0.30745;0.14308;-0.27297;0.53948;0.096927;-0.099915;0.022538;-0.018742;0.32159;-0.35144;0.15339;0.11366;0.24291;-0.12777;-0.26644;-0.22318;-0.28363;-0.26373;0.27133;0.46156;0.43309;-0.31258;-0.082223;0.22534;0.047671;0.25418;-0.40548;-0.046388;-0.42668;-0.10127;-0.486;0.21655;0.16906;0.092764;-0.070733;-0.017304;-0.47237;0.27868;-0.085364;0.32146;-0.40858;0.27975;-0.38684;-0.44701;0.30645;0.3773;0.4217
9;-0.044227;-0.027905;0.0028299;-0.090653;-0.10738;-0.098904;-0.032396;-0.087446;0.041902;0.15744;-0.06282;0.28779;0.037983;0.11453;-0.012839;-0.075264;-0.11051;0.058975;-0.10626;-0.05486;0.075507;-0.094884;-0.083092;-0.039169;0.15523;-0.074049;-0.071548;0.054865;-0.023476;-0.098472;-0.043926;-0.053241;-0.038899;-0.09245;-0.015997;-0.040168;-0.11474;-0.020373;-0.076958;-0.010631;-0.085954;-0.046099;-0.076996;0.071296;-0.08689;-0.088114;0.16924;-0.085855;0.019151;-0.2176;-0.50215;0.071471;0.40304;-0.43487;0.41909;-0.054422;-0.096982;-0.17708;0.080038;-0.26558;-0.36966;0.16103;0.23439;0.25455;-0.15372;0.55832;-0.17197;-0.41916;0.50446;-0.44148;-0.11682;-0.2994;0.1588;-0.28306;0.18394;0.2663;0.35566;-0.13364;-0.45839;0.3565;-0.28078;0.41019;0.091166;0.36463;0.41896;0.33679;-0.079181;0.01806;0.35622;0.47065;0.33549;-0.15801;0.38825;-0.26178;-0.42956;0.0052823
10;-0.13412;-0.085805;-0.088996;-0.07495;0.37775;-0.077329;0.19895;-0.083869;0.04505;0.18927;-0.080082;0.23957;-0.014748;-0.018508;0.057951;0.22881;0.2538;-0.11892;-0.034251;-0.072522;-0.082994;0.2023;-0.092578;-0.047977;-0.0092;-0.041222;-0.035736;-0.082434;-0.077337;0.13036;-0.075152;0.26222;0.012379;0.11339;-0.06328;0.47755;-0.090248;0.51553;0.28687;-0.10382;-0.063954;0.14107;-0.0082578;0.05714;0.13197;-0.073384;-0.068309;0.027181;-0.5021;-0.016627;0.078323;0.38053;-0.22336;0.18441;-0.17486;-0.45773;-0.42093;0.17212;-0.078261;-0.26707;0.012522;-0.35845;-0.29461;0.16665;-0.37354;-0.3321;0.46893;0.034738;-0.11256;-0.19149;0.32426;-0.1447;-0.037872;0.046455;0.11166;-0.23136;0.27554;0.059906;0.3122;0.25258;-0.042341;0.11812;0.26638;-0.061506;0.24912;0.45119;0.45322;0.42967;-0.2989;0.062694;-0.40901;0.25011;0.18296;-0.014492;0.095109;0.37181
11;0.093077;0.027801;0.021722;-0.080653;-0.064438;0.16392;-0.07713;0.061655;-0.088202;0.05349;0.0060624;-0.062987;0.04197;0.062445;-0.10719;-0.088061;-0.066047;0.12046;-0.07811;0.046336;-0.069617;0.29557;0.12169;-0.0533;-0.048851;-0.075506;-0.026669;-0.044053;-0.098679;0.010625;-0.057708;-0.094146;-0.04134;-0.018154;0.020126;-0.12085;0.034306;0.027659;0.013146;-0.067975;-0.05559;-0.049576;-0.10967;0.0068078;-0.030981;0.050952;-0.095139;0.0028665;-0.19615;0.028751;-0.03301;-0.14082;0.55428;-0.24696;0.49753;-0.54844;-0.19775;-0.040239;0.23064;0.39137;-0.0080901;0.27578;-0.047128;0.00060478;0.24718;-0.27703;0.3381;0.40081;0.47286;-0.16504;-0.021147;0.44461;-0.15282;-0.050098;0.30356;0.098408;0.071741;-0.35576;0.42232;0.094535;-0.31993;-0.17729;0.14658;0.49678;-0.14092;0.31594;0.37097;-0.53036;0.44508;0.50258;0.27869;0.24785;-0.47965;-0.22573;0.31609;-0.35996
12;-0.086808;-0.081643;0.047043;0.41509;0.063203;-0.082925;-0.031085;-0.00010068;0.066469;-0.090798;-0.05531;-0.059434;0.27074;0.013044;-0.10317;0.21605;0.12643;0.2397;0.063279;-0.009512;-0.059983;0.65972;-0.078407;-0.081381;-0.085051;-0.092623;0.15744;-0.024112;-0.10931;0.067419;-0.011742;-0.10267;-0.06399;-0.069471;-0.061813;-0.096422;-0.085772;0.080252;-0.046396;-0.1029;-0.022707;-0.10187;-0.040309;0.07917;-0.0014891;0.064383;-0.098883;-0.061785;-0.38816;0.31669;0.19626;-0.054743;-0.017598;0.046455;0.081454;0.055158;-0.36892;-0.39903;0.13191;-0.036619;-0.17452;-0.47419;0.033085;-0.23714;-0.26467;-0.35466;0.2418;0.16705;-0.32113;-0.43111;0.23656;0.034761;0.20122;0.068327;0.16789;-0.29002;0.070675;0.40918;0.025167;-0.26738;-0.48758;-0.47119;0.39506;-0.26136;-0.2634;0.2856;-0.046642;0.42877;0.34948;-0.12141;-0.30057;0.35253;-0.0092638;0.010073;0.33278;-0.15003
13;0.11246;0.17439;-0.13232;-0.08249;-0.10187;0.075502;0.028714;0.15432;-0.12405;0.035637;0.027266;0.0020262;-0.0020213;-0.089482;-0.11796;-0.076369;0.25988;-0.12073;0.1789;-0.038847;-0.014697;-0.035582;-0.10511;0.064121;-0.079634;0.12014;-0.045208;0.065846;0.076652;-0.038858;-0.024136;-0.08841;-0.12385;-0.0036399;-0.025091;-0.10703;-0.1074;-0.12405;0.028431;-0.083673;-0.02351;-0.034308;-0.096944;-0.037401;0.2196;0.0013724;-0.064904;-0.077804;0.33791;0.25039;0.438;-0.36814;0.19319;0.076249;0.22878;-0.12447;-0.12874;-0.026429;0.045524;-0.16119;0.31919;0.33419;-0.068682;-0.0038702;-0.23422;0.22162;0.41712;-0.40685;-0.42215;0.20571;0.016302;-0.023748;-0.078686;0.19018;0.14359;-0.17274;-0.39838;0.54975;0.1382;0.44566;-0.0027298;-0.045117;0.45968;0.26911;0.30989;-0.37107;-0.47856;0.25121;-0.47656;0.17701;-0.29087;0.056587;0.088679;0.055169;0.12889;-0.24469
14;-0.13024;-0.052033;0.23957;-0.089177;0.021957;-0.079052;-0.069338;-0.094034;-0.1451;-0.040781;0.22758;0.023834;0.16362;0.29793;-0.02441;0.23744;-0.046442;0.1936;-0.070768;0.20027;-0.076029;0.031212;-0.091276;-0.049362;-0.11646;-0.09546;-0.058148;-0.019161;-0.060389;-0.013643;-0.11654;-0.094717;-0.12496;-0.10072;-0.0093534;-0.11654;0.17408;-0.063912;-0.046491;0.01081;0.085812;-0.03666;-0.10481;-0.066337;-0.092511;-0.026191;-0.098979;0.027162;0.30511;0.47011;-0.085223;0.25998;-0.30351;-0.19535;-0.26783;0.06605;-0.28448;-0.40701;0.061027;0.06333;-0.23873;-0.050604;0.47651;-0.11175;0.041325;0.45151;-0.061333;0.46867;-0.0087927;-0.024563;0.40072;-0.15721;-0.1102;0.13034;0.45646;0.14842;-0.23911;-0.29439;-0.065786;-0.31158;-0.14352;0.064448;-0.2886;-0.27863;-0.35945;0.062524;-0.27393;-0.295;-0.39886;-0.29674;0.53216;0.20077;0.14599;-0.21119;-0.077847;-0.29782
15;0.053454;0.060573;0.067879;0.067905;-0.10916;-0.041482;-0.0047304;0.067855;0.10345;-0.095931;-0.0893;-0.087622;-0.015066;0.25751;0.038904;0.076114;-0.065353;-0.063785;-0.01241;-0.10038;-0.0018395;-0.12027;0.022382;-0.071368;-0.052063;-0.044382;0.054038;-0.0019787;0.12788;0.070318;-0.03778;0.17797;-0.0071399;-0.0082878;-0.010645;-0.020972;0.13495;-0.016791;0.041955;-0.033743;0.034423;0.0060494;-0.046922;0.0034776;0.049066;-0.0080406;-0.083797;0.15369;0.069191;-0.31805;0.2724;-0.19832;0.29678;0.028158;0.17679;0.17445;-0.23273;-0.060274;-0.024244;0.23281;0.30136;-0.33364;0.22135;-0.2537;-0.19558;0.20463;0.099552;-0.24977;-0.45649;-0.37587;0.39376;0.5252;-0.096394;0.036021;0.28975;-0.36594;-0.42131;0.081306;0.34575;0.34343;0.26994;-0.31422;0.15336;-0.17189;0.3107;-0.11983;0.19605;-0.43875;-0.031268;-0.24951;-0.14847;-0.40158;0.059832;-0.049736;0.39561;-0.37885
16;0.083778;-0.051748;-0.12788;0.061801;0.1252;-0.099889;0.074483;-0.014198;0.13608;-0.011774;-0.042073;-0.09854;0.051381;-0.07766;-0.031207;-0.059379;0.31149;0.15662;-0.0062601;-0.082652;0.0926;-0.018913;-0.072304;0.011985;0.13355;-0.072634;0.0036693;-0.089687;-0.024107;-0.01049;0.2692;0.16977;-0.013959;0.22534;-0.034695;0.12443;0.2269;-0.090413;0.12751;-0.086288;-0.072722;0.093285;0.028815;-0.086243;0.2092;-0.040018;0.0073809;-0.098282;-0.45019;-0.12575;-0.35112;-0.083039;0.037361;-0.35752;0.35334;0.36254;0.05186;0.20574;0.52471;0.23279;-0.059094;-0.27658;-0.11915;0.19707;-0.10078;-0.36873;0.42696;0.14052;0.25651;0.42153;-0.32696;0.45016;0.035891;-0.098731;0.32033;0.26398;-0.22875;-0.39997;0.44002;-0.3693;-0.45157;-0.19147;0.41974;0.13183;0.226;0.144;-0.47819;-0.23433;0.29026;-0.22502;0.1872;-0.11864;0.067039;0.42794;-0.40211;-0.23529
17;0.19892;-0.066375;-0.10212;-0.053617;-0.08308;-0.10181;-0.027023;-0.065801;0.25971;-0.083052;0.069209;-0.041307;-0.11743;-0.030939;-0.073094;-0.10301;0.039778;-0.09174;0.33879;-0.082905;-0.074357;0.032101;0.21497;-0.00094375;-0.081553;-0.055874;0.1263;-0.044824;0.086627;-0.064096;0.025463;-0.067766;0.28697;-0.074819;-0.062452;-0.080223;2.6228E-05;-0.1114;0.23006;-0.087136;0.43792;0.011444;-0.093553;0.15709;-0.012648;-0.081524;0.040154;0.078615;-0.2269;-0.023701;-0.0067718;-0.088327;0.35187;-0.006372;0.18143;-0.18873;-0.14574;0.29696;-0.25532;0.26667;0.28474;-0.22833;0.1285;-0.056836;-0.32023;-0.17946;0.27902;-0.17766;-0.27139;0.47388;-0.46045;-0.06548;0.28443;0.43636;0.43925;0.47433;-0.023068;-0.33792;0.078005;0.37487;0.16026;-0.047066;0.32511;-0.12318;0.36825;0.24073;0.22281;0.31562;-0.44066;-0.14504;-0.20507;0.1679;0.077394;-0.35262;0.38491;-0.21401
18;-0.0043888;-0.092772;0.066524;0.077376;0.056197;-0.093833;-0.079986;0.017543;-0.067562;0.069602;-0.07567;0.083033;-0.006545;0.090535;-0.024288;-0.11666;-0.06842;0.038881;0.0056522;-0.097275;-0.031901;0.004784;-0.096988;-0.10518;0.033659;-0.037353;-0.05384;-0.032264;0.23743;-0.07549;0.0053352;-0.093307;-0.0031901;0.082581;-0.0027073;-0.094647;-0.0017596;-0.066457;0.0078714;0.47647;-0.018292;0.10621;0.061114;-0.013925;-0.09285;-0.016379;-0.014391;-0.09291;0.19948;-0.3164;0.42046;0.31175;-0.28205;0.35218;-0.032302;-0.45902;0.11363;0.0079385;0.17888;0.45096;0.33386;0.2424;-0.24387;-0.037157;0.1888;0.12591;-0.084779;-0.028664;0.28215;-0.048008;-0.07241;-0.19065;-0.49301;0.36922;-0.35016;0.30414;-0.30183;0.062639;-0.3985;0.035343;0.24692;0.23356;0.24491;0.2144;0.29448;0.36613;-0.27355;-0.422;0.16559;-0.18795;-0.13352;0.32025;0.23986;0.4683;-0.070801;-0.23701
19;-0.10078;-0.078705;-0.024853;0.043911;-0.024308;0.087959;-0.014234;0.26472;-0.12034;-0.0085236;-0.05557;0.011552;-0.098776;-0.085057;-0.078219;-0.053288;0.072292;-0.037563;0.12227;-0.095349;-0.066866;0.008543;0.27952;0.052338;0.29691;0.0086793;0.14092;0.10186;0.019987;0.068837;-0.099409;0.086798;-0.12297;-0.056203;-0.027087;-0.10062;0.18221;0.094873;0.38148;-0.067463;-0.051649;-0.1041;0.066185;0.15526;-0.036943;0.058052;-0.090665;0.040239;0.046463;-0.15355;-0.045379;-0.41197;-0.17665;0.24414;-0.37946;0.14737;0.012787;-0.10006;0.30525;0.40467;-0.11679;0.48596;-0.18517;-0.17751;0.35756;-0.284;-0.40214;0.17214;0.069146;-0.23381;-0.08132;0.39515;-0.46619;0.065362;-0.13841;-0.48117;-0.28368;0.19931;-0.14938;-0.35846;0.2721;0.322;0.074761;-0.38842;0.27913;-0.10425;0.011968;-0.38715;0.4357;0.14148;-0.37182;-0.1355;-0.25779;0.28568;0.23894;0.14573
20;0.49801;-0.036429;-0.091493;-0.067954;-0.069844;0.044938;0.067674;-0.053902;-0.08475;-0.093766;-0.068718;0.12134;-0.071291;-0.046322;-0.10568;-0.040758;-0.11546;-0.086784;-0.1061;0.1803;-0.062406;0.098621;-0.070011;0.15137;-0.11539;-0.042834;-0.034957;-0.075501;-9.3203E-05;0.0011208;0.14604;0.10025;-0.10654;-0.09703;0.20477;-0.081772;-0.057844;0.037965;0.089538;-0.10062;0.028173;-0.081057;-0.10826;-0.080662;-0.097212;0.069068;-0.075241;-0.031759;0.44642;-0.33776;0.24029;0.18608;0.07052;-0.031749;-0.32609;0.039161;0.19709;0.17635;0.049218;-0.0078063;-0.033418;-0.25329;0.04983;0.018927;0.4817;-0.23776;0.42235;-0.14092;0.086054;0.35939;0.12935;0.091912;0.4455;-0.18825;0.40056;-0.28734;-0.016548;-0.21741;-0.131;-0.094761;-0.1195;0.19091;0.0068096;-0.12562;0.44292;-0.042888;0.09037;-0.29839;-0.40519;0.34038;-0.24133;-0.2715;-0.3941;0.37392;-0.25773;-0.4608
21;-0.041668;0.039787;-0.10943;-0.036378;0.051635;-0.0012276;0.043693;0.10207;-0.12841;-0.071334;-0.073589;0.0084;-0.040339;0.12585;0.011544;-0.023548;-0.11613;0.33609;-0.0098288;0.041088;0.17961;-0.10985;-0.10628;0.0484;0.31557;0.15464;0.21123;-0.043723;-0.055252;-0.075387;0.18123;-0.084153;-0.12662;-0.023005;-0.0067817;-0.015117;0.28327;-0.12719;-0.062593;0.16107;0.12774;0.20075;0.017724;-0.07062;0.020977;-0.038651;0.062277;0.066225;0.39927;0.20353;0.44447;-0.039537;-0.32774;-0.075335;0.095418;-0.19854;-0.11904;-0.33824;-0.084093;0.28681;0.082095;0.34382;-0.28784;0.33454;-0.090205;0.024441;0.18168;-0.35335;-0.14812;0.29395;0.35926;0.28615;0.3679;0.4619;-0.0077076;0.43868;0.51532;0.26477;0.18965;-0.34966;0.28997;-0.36093;0.034619;0.3555;0.2052;0.33217;0.12038;-0.021414;-0.43088;-0.21887;0.066947;0.27633;-0.28338;0.44905;-0.19541;-0.060722
22;0.035092;-0.0059776;-0.087078;-0.0045299;0.41753;0.077448;-0.08381;0.1015;-0.11164;-0.10308;-0.049013;-0.040327;-0.089197;0.050172;-0.10326;-0.119;-0.10186;0.065299;0.3738;-0.023828;0.057688;0.32933;0.48525;0.017073;-0.10931;-0.010715;-0.090839;0.15241;-0.036827;-0.077073;-0.10015;-0.099153;0.085253;-0.026361;-0.059534;-0.086435;-0.11367;-0.12048;0.0049186;-0.10359;0.10915;0.084114;-0.059768;-0.058811;0.14944;-0.053321;-0.040684;-0.078035;0.23472;-0.16491;-0.1585;0.47067;-0.19721;0.024602;-0.18091;-0.33035;-0.12755;-0.154;-0.004123;-0.079377;-0.035054;0.36517;-0.45011;-0.3911;-0.29457;-0.29749;-0.40261;-0.057848;0.1722;0.17032;-0.1081;-0.15003;-0.488;-0.095968;0.27296;-0.35529;-0.037527;-0.056561;0.12668;-0.30906;0.28858;0.032341;-0.4365;0.21162;-0.28746;0.47418;0.31945;0.12023;-0.31956;0.032259;0.19599;-0.12092;0.35274;0.041583;0.063197;0.4051
23;0.0045963;0.14987;-0.13108;-0.0069209;-0.0072568;-0.024364;-0.017918;-0.10641;-0.036875;-0.09785;-0.083618;0.049958;-0.061647;-0.073251;-0.070596;0.24128;-0.1091;-0.10964;-0.090388;-0.094014;-0.038534;-0.097043;-0.010889;0.0105;-0.11412;-0.090034;0.13594;0.10982;0.04962;-0.010278;-0.062287;-0.018862;0.42195;-0.064339;-0.10051;-0.066304;-0.088562;-0.10375;-0.080422;0.062868;-0.014996;-0.031122;0.25402;-0.066618;-0.028392;0.11463;0.11111;0.00421;0.40095;0.010355;-0.034169;-0.14054;0.066888;-0.093418;0.24924;-0.10141;-0.12933;0.048385;0.090211;-0.26096;-0.12241;-0.10975;0.38069;-0.020552;-0.10552;0.27049;0.43988;-0.2988;-0.44476;0.099274;-0.18588;0.47333;0.22649;0.23449;-0.38222;0.21626;-0.0025362;-0.14351;-0.15693;0.48784;-0.16761;-0.11236;-0.015654;-0.063753;-0.023518;-0.16302;0.082865;0.055688;0.20101;-0.16843;0.43301;0.33639;-0.07376;-0.21446;-0.29734;-0.40105
24;-0.036301;0.073862;-0.081709;0.10195;0.5378;0.008918;-0.081933;-0.088712;0.097276;0.056319;-0.06624;0.060845;-0.00062124;-0.075462;-0.11791;0.18738;-0.028505;-0.0055785;0.16486;0.096113;-0.077147;0.029879;-0.076477;-0.025108;0.053475;-0.10609;-0.035908;0.046234;0.28651;-0.092941;-0.11509;0.19406;0.11916;-0.067666;-0.016012;-0.022939;-0.066494;-0.01584;0.059681;-0.087119;-0.075067;-0.092773;0.0036905;-0.096173;0.0095817;-0.022698;-0.10116;0.041761;-0.27797;0.52164;-0.17397;-0.25225;0.50368;-0.015422;-0.40591;-0.36746;0.035534;0.14101;0.10202;-0.29373;-0.38488;0.18341;0.386;0.47365;-0.050875;-0.37177;-0.014969;-0.34447;-0.30519;0.22726;0.12657;-0.021193;0.25842;-0.41869;-0.40435;-0.033642;0.26397;0.12359;0.11484;-0.17564;-0.072468;0.036793;-0.40888;0.25645;-0.37143;-0.3213;-0.063722;0.12437;0.15229;0.020195;-0.10628;0.17563;0.30945;0.11198;0.16718;0.34386
25;-0.071892;-0.052215;0.16485;-0.074381;-0.084328;-0.0046266;-0.0044607;-0.098984;0.30595;-0.028028;-0.0709;-0.061655;-0.014197;-0.09287;-0.075137;-0.063686;0.093784;0.036471;-0.10337;0.22441;-0.031143;-0.099306;-0.10853;0.20301;-0.11265;0.017688;0.32608;-0.05456;-0.11165;0.077074;0.045424;-0.090256;-0.10929;-0.10884;-0.07174;0.012105;-0.10279;-0.062221;0.049928;-0.09117;-0.078183;0.0044307;-0.083229;-0.020048;0.0029243;-0.0058296;0.00097098;-0.026158;0.30981;-0.38852;0.41036;0.44059;-0.043695;-0.14178;-0.3264;0.13138;-0.054102;-0.29366;-0.1306;0.28173;-0.34675;0.37966;-0.4592;0.28697;0.43028;-0.044727;0.45081;0.34062;0.069033;0.048013;0.40315;0.069443;-0.44654;-0.42106;0.043688;-0.27301;-0.19079;0.20273;-0.17343;0.049469;-0.52108;-0.19889;0.39501;-0.48266;-0.020263;-0.17386;-0.16771;-0.25397;0.20933;0.035689;0.28249;0.49194;-0.028643;-0.027933;-0.0084828;-0.39288
26;-0.11702;-0.049418;-0.081065;-0.038097;-0.10246;0.2469;-0.048802;-0.095526;-0.045844;-0.011784;0.050272;0.056411;-0.10843;0.041114;0.004039;0.08747;-0.12105;-0.10208;-0.030086;0.12678;-0.070375;-0.049592;-0.11067;-0.078392;-0.093183;-0.026706;-0.063684;-0.070761;-0.026501;-0.050489;-0.090301;0.095151;-0.084992;-0.036609;-0.074898;0.020117;0.15814;0.080136;-0.061899;0.072983;-0.021582;0.073654;0.026086;0.0125;-0.080994;-0.056662;0.097785;0.43819;-0.0073549;0.45635;0.32098;-0.45446;0.22649;0.44059;0.20153;0.39562;0.025161;-0.5231;0.15278;-0.043724;0.58798;0.22368;-0.16406;-0.45591;0.2069;-0.21062;0.23606;-0.12096;-0.21597;0.46567;-0.3042;-0.10518;-0.014905;0.070603;-0.023392;-0.10919;-0.20043;0.11731;-0.52718;0.30835;-0.18053;-0.31129;-0.2708;-0.44506;0.42085;-0.069332;-0.038689;0.42553;-0.23091;-0.2811;0.27129;0.027914;0.44289;-0.012009;-0.36584;-0.18672
27;0.17092;-0.014428;-0.13114;-0.084615;-0.024224;0.034426;-0.071396;0.18569;-0.12666;0.035303;0.0068611;-0.069585;-0.070271;-0.048386;-0.073327;0.063088;-0.0028235;-0.11313;-0.044401;-0.11256;-0.071573;-0.12293;-0.076723;-0.087201;0.14813;-0.10903;-0.041415;-0.084683;-0.044141;0.081373;-0.0057554;-0.06197;-0.074664;-0.017961;-0.014284;-0.024487;-0.047182;-0.055268;-0.027923;0.18117;-0.054614;-0.088751;0.09474;-0.065717;-0.029505;0.035394;0.014868;-0.076666;-0.46006;0.34836;0.084713;-0.078519;-0.39046;-0.41487;-0.24972;0.086476;-0.17439;-0.11517;-0.38599;-0.33247;0.42699;0.42501;0.062519;0.12969;-0.023333;0.10715;-0.13265;-0.33239;0.0093432;-0.4389;-0.38305;-0.17698;0.35956;-0.19129;-0.357;0.052766;-0.24773;0.28773;-0.27702;-0.29157;0.064497;0.31278;-0.15207;0.39689;0.31558;-0.37864;0.45103;0.38152;-0.39122;0.12762;0.17089;0.043276;0.14186;0.0064644;-0.12073;-0.34457
28;-0.11075;-0.069356;0.032019;0.078449;-0.085502;0.029532;0.012213;-0.0059576;-0.02054;-0.0044261;-0.044338;0.15271;-0.033069;0.16848;-0.0094987;0.1664;0.14322;-0.0063125;0.070411;-0.010822;-0.0557;-0.11646;0.0079653;-0.041315;-0.092456;0.067927;-0.088894;-0.082594;-0.069206;-0.087936;0.25902;0.0080536;-0.074623;0.38141;-0.029761;-0.10283;0.090846;-0.079247;-0.050919;-0.10048;-0.0523;0.016367;-0.085673;0.052247;0.047231;0.012878;-0.07624;0.034364;-0.44307;-0.07937;0.086092;0.28238;0.48181;-0.0069952;-0.0084491;0.0043939;0.34671;0.060285;-0.24625;-0.055741;0.53017;-0.38384;0.46542;0.23299;-0.46712;0.26022;-0.46592;0.04371;0.0026975;-0.089293;-0.43799;-0.29052;0.33873;0.082583;-0.44232;-0.050687;-0.22933;0.12739;-0.052031;0.48558;-0.21251;0.35222;0.12833;-0.48506;-0.072602;-0.06511;0.11169;-0.49036;0.0075168;-0.29108;0.15358;0.30001;-0.19036;-0.45331;0.28074;-0.33345
29;-0.13019;-0.084323;-0.1232;0.314;-0.087513;0.14399;-0.013437;-0.0975;-0.040073;0.080692;-0.017711;-0.073807;-0.11458;0.064583;-0.010342;0.0049258;0.20247;-0.10166;-0.099176;-0.052526;-0.080963;-0.08024;0.02428;-0.055707;-0.12399;0.080423;0.089897;0.050744;-0.012326;0.016409;-0.12248;-0.09406;-0.11605;0.09631;-0.059078;-0.11453;-0.063044;-0.11078;-0.014025;0.08066;0.4039;-0.011631;0.01365;0.16163;-0.098442;0.019463;-0.098374;-0.090809;0.41189;0.30319;0.12832;-0.16989;0.30452;-0.30794;0.042811;0.30282;-0.1367;0.091479;-0.086201;-0.33088;0.019877;-0.3883;0.051927;-0.30731;-0.48735;-0.32447;-0.41702;-0.44032;0.29471;-0.28526;-0.22876;0.31185;0.17683;0.30273;-0.19846;0.24937;0.43773;0.10592;-0.25945;-0.43749;0.37371;-0.11955;-0.18884;0.25879;-0.19204;0.37478;-0.16968;0.30477;0.26703;0.49262;0.41915;0.3884;-0.16334;-0.40748;-0.14404;-0.34355
30;-0.13518;-0.05702;-0.098242;-0.10226;-0.096454;-0.0076568;0.054074;-0.032564;-0.11374;-0.035004;0.060911;-0.095286;-0.038058;-0.084713;0.1506;-0.11943;-0.010633;-0.11474;-0.0021686;-0.017838;0.015435;-0.05632;-0.087217;0.1468;-0.056966;-0.084469;-0.0059907;-0.0044663;0.049172;-0.0048835;0.1051;-0.10255;0.069871;-0.041795;0.029634;-0.067078;-0.11725;-0.10275;-0.055189;-0.072336;0.017176;0.0034827;0.002547;-0.047145;-0.085186;-0.052852;-0.010147;0.050786;-0.2686;-0.38038;0.042415;-0.29053;0.28621;0.31066;-0.31151;-0.17401;0.30263;-0.13018;0.096483;-0.18012;-0.088305;-0.12555;0.38447;0.47955;0.096982;-0.31288;-0.3406;0.47346;0.0057266;0.4426;0.37457;-0.088102;0.43009;-0.43585;-0.21034;-0.31977;-0.3159;0.07427;-0.26289;-0.069363;-0.22302;0.14929;-0.34101;0.32071;0.12987;-0.092239;-0.067492;0.37018;-0.27055;-0.12709;-0.25663;0.32548;-0.53927;-0.24858;0.13271;-0.11486
31;0.28885;0.055852;-0.092539;0.33069;-0.10457;-0.083108;-0.076032;0.043833;-0.12521;-0.071782;0.35466;0.5536;-0.1099;-0.083032;0.081048;0.11679;0.08263;-0.10373;-0.032823;0.30699;-0.048306;-0.12592;0.10447;0.0096539;0.089868;-0.04156;0.11458;0.13975;0.17811;-0.073878;-0.11314;0.048825;0.025722;-0.1075;0.016446;-0.12274;-0.070359;0.052588;-0.049881;-0.11669;-0.014726;0.075066;0.10811;-0.029588;-0.06623;0.12566;-0.085575;-0.064172;0.0043219;0.047255;-0.38821;0.36123;-0.43818;-0.026249;-0.028207;-0.54282;-0.011748;-0.14525;-0.20609;0.14098;-0.087577;-0.033359;-0.13642;-0.2564;-0.24029;-0.37559;-0.050765;0.39335;-0.16224;0.12391;-0.31268;0.50472;0.42299;-0.51784;-0.47172;-0.17111;0.37595;0.26535;0.21131;-0.34358;-0.24173;-0.021055;0.31246;-0.48015;-0.34061;-0.27832;-0.23251;-0.35231;0.31663;0.047915;-0.051932;-0.19797;-0.38325;-0.30843;0.096416;0.13999
32;0.12741;-0.056494;-0.056149;0.2767;-0.079511;0.027325;0.015818;-0.039767;0.1709;-0.089679;-0.042241;-0.090697;0.13305;-0.064695;0.61884;-0.11877;-0.1174;-0.073732;0.014866;-0.00035447;-0.033818;-0.084289;-0.10152;-0.087276;0.061487;-0.10026;-0.014484;0.1217;-0.11141;-0.098699;-0.022995;0.10126;0.10046;-0.029476;-0.086266;-0.075248;-0.010504;-0.0697;-0.084783;-0.095839;-0.055151;0.1875;-0.094916;0.045468;-0.028159;0.024723;-0.093552;0.17626;-0.31144;-0.20333;-0.45399;-0.065542;-0.32559;-0.031912;-0.20954;0.23572;0.28708;-0.071472;0.21608;0.29328;0.113;0.20517;-0.48503;0.20352;-0.31825;0.41768;0.45601;0.078889;0.29765;0.41226;0.089296;0.28554;0.09694;-0.11066;0.0973;-0.16082;-0.042085;0.3369;0.32588;-0.39333;-0.25328;0.0059851;0.21758;0.34908;-0.53247;-0.1794;-0.024411;0.42393;-0.49262;-0.38557;0.10494;-0.44101;0.20958;0.4598;-0.053751;0.4258
33;0.10465;-0.068018;0.13564;0.037599;-0.02558;-0.077934;-0.0030134;-0.025788;0.076879;-0.013994;0.009847;-0.052021;-0.052807;-0.038713;-0.10646;-0.11966;-0.021818;-0.093803;-0.0044146;0.17529;0.16002;0.38207;-0.11152;-0.019354;-0.08474;0.096716;0.15887;-0.0075418;-0.099382;0.0031132;-0.10115;-0.072872;0.26262;-0.10607;-0.085973;0.35826;-0.0095937;0.018393;-0.013906;-0.084825;-0.022973;-0.092406;0.24914;0.033377;-0.062074;0.051255;-0.11221;0.00059336;0.23803;0.18298;-0.31161;0.043505;-0.43364;0.06087;0.18945;0.2902;0.47756;-0.24074;-0.20987;-0.15599;0.017922;-0.081971;0.10682;0.19465;0.35853;0.096779;-0.44255;-0.099432;-0.3422;0.37289;-0.17309;0.15618;-0.046417;0.34162;-0.23629;0.30063;0.55848;0.16923;-0.18986;0.46749;0.071791;0.35061;-0.51312;-0.21856;0.1112;0.4836;-0.13467;0.42392;0.23595;0.51393;-0.3166;-0.11291;0.083726;-0.41196;-0.30017;-0.42116
34;-0.11294;0.010227;0.10073;-0.098309;0.23262;0.12138;0.15293;0.094993;0.16244;-0.055593;-0.083869;-0.068036;-0.087908;0.043323;0.04134;-0.0095434;-0.0067357;0.12816;-0.062294;0.00060658;-0.065502;-0.11033;-0.0089229;-0.10155;-0.12415;0.037012;0.10693;0.015554;-0.06608;-0.093734;-0.099256;0.015352;-0.082122;-0.10034;-0.068485;0.13066;-0.065085;-0.10776;-0.052086;-0.036354;-0.01001;-0.086289;-0.065154;-0.088881;0.049145;-0.095595;0.57903;-0.069989;0.20194;-0.18835;0.37683;0.40243;0.35508;-0.057542;-0.47674;0.43415;-0.3905;0.41895;-0.22244;-0.14552;0.49813;0.16805;0.12859;-0.061096;-0.30657;0.53039;0.071254;0.23972;-0.314;0.35997;0.29229;-0.28064;0.019136;0.27416;0.20984;-0.51752;0.080793;0.0081155;0.44374;-0.081114;-0.13115;0.45413;0.31264;0.39933;0.44054;0.26674;0.26269;0.28189;0.20484;-0.26433;-0.27543;0.04757;-0.27584;0.42497;0.084381;0.37918
35;-0.049276;-0.037712;0.051531;-0.071528;-0.096259;-0.10415;-0.049233;0.035126;0.015069;0.19469;-0.072809;-0.099515;0.34318;-0.084647;-0.035428;-0.0099012;-0.013377;0.011573;-0.0018015;-0.029316;0.11596;-0.0032184;-0.017515;0.02381;-0.081146;-0.050799;-0.084824;-0.050346;-0.09898;0.041651;-0.077752;-0.05421;-0.086733;0.20786;0.16249;-0.024935;-0.1118;-0.088686;-0.083221;-0.030395;0.018371;-0.076492;0.072625;-0.059623;0.0025341;-0.04574;-0.09997;0.0193;-0.16293;0.17535;0.097392;0.17115;-0.24628;-0.32186;-0.14784;-0.4441;-0.15034;0.4285;0.39053;0.44203;-0.22529;-0.47886;0.07737;-0.42812;0.015026;0.11797;0.033802;-0.39018;-0.13271;-0.36916;-0.42377;-0.22647;-0.37606;0.29717;-0.35184;-0.12847;0.11537;0.29174;0.2151;0.45715;0.1882;-0.27864;-0.29922;0.4811;-0.16341;-0.21139;-0.45162;-0.071033;0.16819;-0.11153;0.323;-0.35361;-0.30759;-0.33198;-0.0015797;0.14119
36;0.10691;-0.095055;0.015055;0.032234;-0.083333;0.016575;-0.021891;0.25886;0.23716;-0.037679;-0.012292;-0.088146;-0.0098074;-0.051719;-0.10183;-0.042591;-0.11421;-0.083175;-0.0014477;-0.059379;0.071302;0.012678;0.31991;-0.095009;-0.084644;-0.049701;0.00082739;-0.087734;-0.014471;0.03649;0.073532;0.41389;0.046549;-0.022477;-0.014597;-0.048451;-0.07038;-0.002985;-0.072562;0.17287;0.15736;0.021407;-0.056168;0.015343;-0.020012;0.23125;0.012993;-0.030109;0.39886;-0.28984;0.03349;-0.089901;0.092977;0.10569;-0.47699;0.014428;0.094196;-0.48388;0.10445;0.022156;-0.32242;-0.3705;0.19334;0.12167;0.25789;0.20085;-0.37351;-0.323;-0.010466;-0.086074;-0.29809;0.19525;-0.28522;-0.31025;0.40292;-0.2028;0.30314;-0.37907;-0.32683;-0.092967;0.012506;-0.020232;0.43291;0.26621;-0.012092;0.36939;-0.11941;0.091048;-0.42259;-0.22906;0.030055;-0.0010529;-0.24748;0.18101;0.25839;0.29126
37;-0.031721;0.12517;-0.10809;-0.095141;-0.04752;-0.10133;-0.047177;-0.01911;-0.033547;-0.097502;0.11283;-0.10282;-0.093862;-0.071232;0.10406;0.018331;-0.079564;0.083839;-0.08743;0.033107;-0.050431;-0.088746;-0.027954;0.04799;-0.095785;-0.046216;-0.061823;-0.054903;0.059527;0.0024381;0.104;0.086196;0.15836;-0.040715;0.12554;0.31204;-0.071113;0.087015;-0.019034;0.19503;-0.048155;-0.085457;0.08862;0.16685;-0.046344;0.0032687;-0.082608;0.016336;-0.44028;0.18581;-0.12644;0.49215;0.55138;0.10184;0.16934;-0.10343;-0.25167;0.46617;-0.18812;-0.33635;-0.12481;-0.14066;-0.029803;-0.41407;0.14701;0.37341;0.076686;0.43414;-0.16371;-0.17336;0.34314;0.059273;-0.46784;0.35168;0.25639;0.22137;0.44417;-0.12136;0.44187;-0.035971;0.19015;0.19763;-0.033786;0.39589;-0.063226;-0.36609;-0.029858;0.24858;-0.212;-0.054784;0.45779;0.038496;-0.51191;0.31567;-0.11538;0.27822
38;-0.13478;-0.066583;-0.036667;-0.066115;-0.0083646;0.013502;0.013557;-0.030234;-0.059441;-0.033292;-0.023092;-0.06004;0.21843;-0.065018;0.066413;-0.11553;0.006886;-0.072816;-0.060232;0.053788;-0.0419;0.19699;0.12084;0.35009;-0.12187;0.079863;-0.089334;-0.076181;-0.10375;0.10193;-0.063672;-0.080549;-0.065156;-0.071664;-0.0714;-0.11262;-0.030382;0.34002;-0.0428;-0.094762;0.049905;-0.055529;-0.079189;-0.0030992;-0.062436;-0.085997;-0.10968;0.22603;-0.30402;-0.13186;-0.43424;-0.43516;-0.09162;-0.023286;-0.24732;-0.23751;0.089943;0.27992;0.51032;0.018855;-0.28804;-0.21964;-0.37194;0.32577;0.14317;-0.10133;-0.46314;-0.4467;0.15733;-0.10702;-0.18647;-0.3673;-0.10506;0.18268;-0.25587;-0.17263;-0.36236;0.43385;-0.32102;-0.48894;-0.19571;0.16442;-0.4741;-0.49621;-0.29317;0.13564;0.048114;-0.04021;-0.24198;0.24813;0.043973;-0.062131;0.050703;0.067023;-0.22648;0.24272
39;-0.081931;0.031329;0.12088;0.10343;0.092411;0.023567;-0.077898;-0.052856;0.42842;-0.078078;0.056367;-0.033006;-0.080276;-0.059417;0.043124;-0.060433;-0.056074;-0.10521;-0.037042;-0.074111;0.044812;-0.04554;0.13803;0.089812;-0.11768;-0.028778;-0.09212;0.02328;0.076599;0.0071518;-0.078852;-0.094106;0.1158;0.179;-0.048188;-0.097813;-0.07471;0.012826;-0.072832;0.049891;-0.062537;0.040247;-0.024359;-0.038759;-0.015216;-0.094732;-0.055618;0.062253;-0.092649;0.20714;-0.31445;0.079529;-0.21951;-0.43421;0.16514;0.14368;-0.36543;0.082618;-0.068639;-0.34229;0.19176;0.08895;-0.059516;0.13726;0.080287;-0.36823;-0.14455;0.40281;0.21555;-0.048765;0.32739;-0.2214;-0.38105;-0.34616;0.20509;0.43586;-0.046333;0.48822;-0.089522;-0.35411;-0.52818;-0.43014;0.30317;-0.096813;-0.045124;-0.16488;-0.18878;0.11047;-0.32087;-0.37064;0.24697;-0.0032809;0.37327;-0.4836;-0.39568;0.098907
40;-0.12074;-0.067;0.14564;0.11496;0.21633;0.045653;-0.067219;-0.099242;-0.13051;0.18669;-0.060733;-0.090514;0.0041864;-0.058646;-0.037124;-0.039074;-0.11245;0.32156;0.054019;-0.036969;0.0038093;-0.10275;-0.038772;0.096775;0.22391;-0.097207;0.00061526;0.083979;-0.039311;-0.029804;0.18802;-0.073255;-0.03796;-0.0040364;-0.060817;-0.093479;-0.063934;0.24317;-0.037235;-0.069739;-0.079579;-0.056423;-0.018885;-0.051895;0.0065424;0.020245;-0.021189;-0.10382;-0.05268;-0.36153;-0.25221;0.35703;-0.013959;0.19136;0.076569;0.31337;-0.23814;0.44273;0.51283;0.14565;0.34003;0.070824;0.026418;0.16556;-0.32716;0.20147;-0.17255;0.21253;-0.097195;-0.38454;-0.42585;-0.3185;0.060586;0.039071;0.41018;0.46252;-0.13417;-0.38684;-0.26703;0.22694;0.24461;-0.20754;0.33666;-0.17464;-0.36512;-0.037107;0.11765;0.20233;-0.059251;0.46484;0.011425;-0.15282;0.36466;-0.45241;0.015895;-0.036499
41;-0.1189;-0.066905;-0.11491;-0.10233;-0.10749;-0.078204;0.20684;0.24422;-0.0060047;0.11254;-0.091078;-0.064577;-0.061355;-0.06218;0.52719;-0.055974;0.035152;-0.12;-0.0054677;0.031075;-0.086622;-0.1214;-0.062238;-0.092884;-0.10674;-0.10949;-0.0936;-0.020666;-0.051341;0.31835;-0.010145;-0.041257;-0.12749;-0.10525;0.072029;-0.08944;0.027974;-0.10888;-0.053981;-0.091668;-0.025962;0.18333;-0.028356;0.10757;-0.025993;0.07821;-0.069417;-0.097085;-0.18107;0.50224;-0.18481;-0.17761;-0.42175;-0.052159;0.36227;-0.11034;-0.063812;-0.012991;-0.28872;-0.41416;0.34871;-0.20131;0.24299;-0.2069;-0.064753;0.34917;-0.067873;-0.092052;-0.081713;0.11274;-0.05622;0.36295;0.47534;-0.05681;0.35458;-0.033919;0.22479;-0.28362;0.10756;-0.11365;-0.10655;0.016508;-0.2721;0.169;-0.23358;0.37706;-0.14739;-0.27364;0.33791;-0.14999;0.25468;-0.26685;0.31733;-0.32513;-0.11139;-0.17047
42;0.032265;-0.090007;-0.069995;0.03846;-0.014636;-0.049932;-0.027109;-0.0082158;0.051136;0.22404;-0.068266;0.031822;-0.08924;-0.085964;-0.029498;-0.046558;-0.042379;-0.088968;0.11823;-0.079806;0.074556;-0.081355;-0.039685;0.11334;-0.073277;-0.055021;-0.071398;-0.0088028;-0.11112;-0.092093;-0.0035934;0.14041;-0.089863;-0.091669;-0.099406;-0.081277;-0.071929;-0.074015;-0.024665;0.098333;-0.020257;0.27321;0.19299;-0.038419;-0.065558;-0.099979;0.13393;0.025646;0.33516;-0.44291;-0.089176;0.36053;0.42103;0.51215;-0.10219;-0.027287;0.34218;-0.34319;0.034719;-0.013402;-0.30426;0.43128;-0.45912;-0.45508;-0.22315;-0.24106;0.45904;-0.2156;-0.26698;-0.33381;-0.058595;-0.14778;0.25382;-0.21656;-0.49452;-0.45414;0.53544;-0.29956;0.33701;0.37159;0.21803;-0.30206;-0.25787;0.3963;-0.47909;-0.33122;0.29224;-0.31674;0.3085;-0.41025;-0.40313;0.28287;0.047832;-0.24432;0.21562;0.50691
43;0.096388;0.45716;-0.11897;-0.1037;-0.072624;0.19464;-0.053756;-0.10332;-0.091934;-0.057277;0.022028;-0.012104;0.058779;0.16001;-0.071008;0.015698;-0.027862;-0.066291;-0.10906;-0.10436;-0.033531;-0.095435;-0.07509;-0.042861;-0.083592;-0.00094188;-0.05161;0.41636;-0.040967;-0.09765;0.0077212;0.025451;-0.1209;0.015183;-0.079987;0.016872;0.060187;0.27629;0.084642;-0.067352;-0.085278;-0.086537;-0.094966;-0.074218;-0.086776;-0.078692;-0.097217;-0.056827;-0.26452;0.2044;-0.17407;-0.13462;-0.089881;0.52117;0.48995;0.45073;-0.049768;-0.40409;-0.2536;0.23863;-0.27139;0.43647;0.15734;-0.28346;0.24408;-0.070976;0.11723;-0.45765;0.067105;0.032298;0.27481;0.17141;0.1614;-0.051844;-0.47268;-0.11793;-0.19922;-0.069187;0.33375;0.15181;0.41494;-0.043031;0.11238;-0.48461;-0.20727;0.43591;-0.36025;0.44027;-0.20807;0.36205;-0.40626;-0.15871;0.032508;0.26998;-0.0046653;0.29528
44;-0.023878;0.022692;0.30176;-0.095463;0.046412;-0.10034;-0.012061;0.036943;0.016284;0.072586;-0.018487;0.0072867;0.0656;-0.049159;-0.04056;-0.0084214;0.1904;-0.035416;0.18303;0.14083;0.12784;-0.078226;-0.038596;-0.095012;-0.029718;-0.041373;-0.046771;-0.002049;-0.057022;0.11187;-0.026189;-0.053596;-0.12621;-0.087551;0.061149;0.19604;-0.057811;-0.094032;-0.086137;-0.11752;-0.081506;-0.1045;-0.06567;-0.1;0.1349;-0.01406;-0.069244;-0.059175;-0.10382;0.011534;-0.088566;-0.19664;0.48422;0.44539;0.495;-0.14808;-0.18161;-0.37047;-0.094023;0.42885;0.17289;-0.19868;-0.094589;0.24989;0.19356;0.068688;-0.29118;-0.27447;-0.048205;-0.04629;-0.056538;-0.29418;-0.34326;0.079946;0.19565;-0.40051;0.013059;0.16125;0.10095;-0.10204;0.29768;0.37756;0.46617;0.30324;0.43041;-0.37723;0.20053;-0.41251;0.21658;0.41678;-0.085584;0.018587;0.080989;0.022243;-0.21171;0.11681
45;0.21976;0.019627;-0.085102;0.19567;-0.0061729;-0.09526;-0.036721;-0.085285;-0.06405;-0.046262;0.011247;-0.1028;0.13712;0.010285;-0.089069;0.027346;-0.099745;-0.10968;0.046921;0.2233;-0.069675;-0.11084;-0.041115;-0.10261;0.42389;-0.03575;-0.020264;-0.054212;0.068601;0.10586;-0.076507;-0.04882;0.13717;-0.092915;0.13094;-0.058628;-0.022837;-0.041632;-0.039134;0.037163;-0.072964;0.0093943;-0.051744;0.10939;0.044558;0.0072755;0.10842;0.092148;-0.43016;0.26825;0.10019;0.33126;-0.19193;0.44245;-0.26116;-0.033081;-0.07842;-0.27803;-0.29383;-0.27381;-0.057122;0.27922;0.26935;0.055459;-0.034601;-0.11461;0.32346;0.49048;-0.059125;-0.39878;0.061982;-0.41674;0.1059;0.037608;-0.15029;0.35977;-0.1894;-0.18402;0.23271;0.26752;0.41959;0.30846;0.39408;-0.20511;-0.40739;-0.39519;0.30052;0.35989;0.10264;0.49683;-0.42283;-0.45358;0.12488;0.36583;-0.1464;0.31659
46;-0.084559;-0.028561;0.17144;-0.094278;-0.072807;0.03996;0.25792;-0.085618;0.028409;-0.098561;0.10068;-0.092259;-0.045135;-0.049999;-0.09562;-0.080743;-0.020916;0.0017339;0.14419;-0.085897;-0.056236;-0.071435;-0.097478;0.085939;-0.073614;-0.10728;-0.024333;-0.081166;-0.025394;-0.094426;-0.092013;-0.066246;-0.076592;-0.035486;0.40252;-0.097058;0.049074;-0.032324;0.035528;0.21608;0.043386;0.0025918;0.035276;-0.059801;0.037922;0.029857;-0.084549;0.026301;-0.049067;-0.38785;-0.30892;0.14403;-0.14741;0.37088;0.34538;-0.096143;-0.28655;0.43994;0.17727;0.1357;-0.041617;-0.16855;0.13702;0.15359;-0.033431;0.2019;-0.41516;-0.037181;0.14361;-0.51336;-0.28812;-0.32256;-0.052652;0.44721;0.29061;0.4166;0.15734;0.15962;-0.45595;-0.30493;-0.016359;0.21503;0.15034;0.33446;-0.35559;-0.26734;-0.24744;-0.1634;-0.22173;0.33657;-0.20994;-0.35436;-0.52626;-0.29611;-0.29808;-0.28461
47;-0.051587;-0.0041409;-0.076841;-0.076267;-0.10721;0.023561;-0.087988;0.044336;0.043557;-0.093662;-0.04628;0.055778;0.11952;-0.083944;-0.034232;-0.061697;-0.060084;0.05303;-0.0547;-0.02616;0.25673;-0.082486;0.14943;-0.047805;0.37678;-0.058828;-0.075338;0.08851;-0.080272;0.10447;0.10702;-0.090107;-0.12166;0.032514;-0.022691;0.038879;0.053233;-0.10973;-0.065734;0.23322;0.013664;-0.041405;0.079351;-0.0014661;0.017434;-0.10039;0.2729;-0.075052;0.41966;-0.11054;-0.48873;0.066694;-0.42407;-0.10543;-0.3689;0.048959;0.036351;0.085412;-0.15497;0.01781;-0.24658;-0.1823;0.013142;0.25759;0.49502;-0.35096;-0.26425;0.020178;0.25702;0.14135;0.33301;-0.32638;-0.042203;-0.060136;-0.088376;-0.39427;-0.074376;0.27819;0.37056;0.088541;-0.015616;0.46049;-0.35624;-0.31242;-0.031965;-0.45996;-0.2883;-0.51442;0.057947;-0.034467;-0.35839;-0.23188;0.22472;0.26847;0.49552;-0.44373
48;0.03496;0.46609;-0.057525;-0.0053327;-0.096886;-0.074342;-0.036079;0.16566;0.060971;0.10217;0.14692;-0.10502;0.091889;-0.048546;-0.044175;-0.04222;-0.058544;0.066054;-0.041448;-0.091277;0.03425;-0.057872;-0.068994;-0.040244;-0.068614;0.51537;-0.069085;-0.080382;-0.074752;0.086363;-0.10831;0.033318;0.097494;-0.053223;-0.086181;0.30291;-0.0014776;-0.032519;0.062777;0.18659;-0.0478;0.046524;-0.10984;0.038741;0.13466;-0.028166;0.12993;-0.087891;-0.057214;0.020693;0.20748;-0.33327;0.32676;0.10581;0.27214;0.37108;-0.065713;-0.037424;0.39738;0.21749;-0.15386;-0.031309;0.42043;0.1377;0.37773;0.22847;0.21998;-0.24182;-0.12294;0.12045;-0.1608;-0.1742;-0.45828;-0.060382;-0.057273;-0.497;-0.10385;0.080693;-0.32871;0.045706;0.050912;-0.30379;-0.42705;-0.27611;-0.072893;0.31443;0.027368;0.26675;0.055454;0.021154;0.1113;0.083071;0.11813;-0.0024123;0.024545;-0.28753
49;-0.097231;0.0098727;0.43664;-0.040872;0.064639;0.066279;-0.0071197;-0.098201;-0.12794;0.13252;-0.0018419;-0.0001182;-0.11633;0.01659;-0.069766;-0.018847;-0.11031;0.12752;-0.034708;-0.10022;0.049452;0.06771;-0.056943;0.025011;-0.079991;0.11352;-0.067059;-0.085441;-0.061855;0.097767;0.12075;-0.013144;0.22072;0.052936;0.024791;0.28752;0.10177;-0.1136;-0.0076408;0.049293;-0.063545;-0.0075152;-0.055671;-0.044289;-0.052083;0.22391;-0.084854;-0.0019384;-0.37178;0.048904;0.24171;0.39553;-0.25665;-0.090349;-0.37064;0.28195;0.21319;0.34237;0.24684;0.47158;-0.16625;-0.39779;0.268;-0.34015;-0.17582;0.532;-0.20442;0.39485;-0.19478;-0.014063;-0.28666;-0.37996;0.50108;0.28111;-0.11885;0.41107;-0.3461;0.031746;-0.14662;0.2571;-0.38644;-0.40519;0.21257;-0.41738;-0.51443;-0.13642;0.22597;0.28381;0.018892;-0.073043;-0.38507;0.29631;-0.0089697;-0.30367;0.19741;-0.45328
50;-0.099425;0.11458;0.1665;-0.032282;-0.032961;0.10626;0.027338;0.051448;-0.037788;-0.051137;-0.029656;0.012658;-0.0079009;-0.007494;-0.057254;0.057388;-0.055008;0.087784;0.031313;-0.079743;0.084736;0.023364;-0.004558;0.026291;-0.093197;-0.0074242;0.037583;0.013809;-0.1133;-0.051108;0.21769;-0.094568;0.10009;-0.062022;0.011605;-0.0514;0.41239;-0.011632;-0.07105;-0.037011;-0.051518;-0.030393;0.061534;0.029673;0.26057;0.036409;0.12502;-0.099093;0.22095;-0.4304;-0.32249;0.13846;-0.3912;0.23185;-0.044392;-0.48146;0.40195;0.37432;0.18849;-0.104;-0.35389;-0.15258;-0.20401;0.23717;0.02271;0.13689;0.20591;-0.30578;-0.19932;-0.17765;0.4243;-0.31126;-0.21041;-0.28603;0.17806;-0.20527;-0.095625;0.039272;0.41704;0.39157;0.28552;-0.34887;-0.36892;0.10035;-0.068386;0.16189;0.088802;0.22471;0.086043;-0.35302;0.39946;-0.24456;-0.0022895;-0.0095504;0.20545;0.27454
PARTICULAR
GAIN
9
