TITLE;96 random variables, variable gain
FOCUS ON;
EXPERIMENT TYPE;SingleAmongManyVaryingGain
PARAMETERS
normalization;Standard
pcaRecompositionThreshold;0.95
component;1;2;3;4;5;6;7;8;9;10;11;12;13;14;15;16;17;18;19;20;21;22;23;24;25;26;27;28;29;30;31;32;33;34;35;36;37;38;39;40;41;42;43;44;45;46;47;48;49
type;RandomWeibull;RandomWeibull;RandomWeibull;RandomWeibull;RandomWeibull;RandomWeibull;RandomWeibull;RandomWeibull;RandomWeibull;RandomWeibull;RandomWeibull;RandomWeibull;RandomWeibull;RandomWeibull;RandomWeibull;RandomWeibull;RandomWeibull;RandomWeibull;RandomWeibull;RandomWeibull;RandomWeibull;RandomWeibull;RandomWeibull;RandomWeibull;RandomWeibull;RandomWeibull;RandomWeibull;RandomWeibull;RandomWeibull;RandomWeibull;RandomWeibull;RandomWeibull;RandomWeibull;RandomWeibull;RandomWeibull;RandomWeibull;RandomWeibull;RandomWeibull;RandomWeibull;RandomWeibull;RandomWeibull;RandomWeibull;RandomWeibull;RandomWeibull;RandomWeibull;RandomWeibull;RandomWeibull;RandomWeibull;RandomPearson
p1;1;1;1;1;1;1;1;1;1;1;1;1;1;1;1;1;1;1;1;1;1;1;1;1;1;1;1;1;1;1;1;1;1;1;1;1;1;1;1;1;1;1;1;1;1;1;1;1;1
p2;1;1;1;1;1;1;1;1;1;1;1;1;1;1;1;1;1;1;1;1;1;1;1;1;1;1;1;1;1;1;1;1;1;1;1;1;1;1;1;1;1;1;1;1;1;1;1;1;0
RESULTS
COMMON
distance
which;Manhattan(Average);Manhattan(GeometricAverage);Manhattan(Median);Manhattan(Minimum);Manhattan(MinimumTimesMedian);Manhattan(Summation);Euclidean(Average);Euclidean(GeometricAverage);Euclidean(Median);Euclidean(Minimum);Euclidean(MinimumTimesMedian);Euclidean(Summation)
plain;0.99181;0.99024;0.99477;0.8122;0.80796;1215;0.14491;0.14399;0.145;0.095774;0.013887;177.51
PCA;0.99177;0.99019;0.99463;0.81155;0.8072;1214.9;0.14494;0.14401;0.14528;0.095289;0.013844;177.55
DE00;1.0197;1.0196;1.0219;0.87361;0.87114;1253.3;0.25132;0.25414;0.24516;0.13106;0.028941;325.98
DE01;1.0211;1.022;1.023;0.86818;0.87962;1252.9;0.25184;0.24427;0.24921;0.13657;0.027825;310.41
DE02;1.0223;1.0174;1.0234;0.8778;0.8776;1253;0.25276;0.23982;0.25113;0.13714;0.02756;305.38
PCA
weights;0.010543;0.010705;0.010011;0.010455;0.010573;0.010515;0.010423;0.0103;0.010513;0.010143;0.010095;0.010427;0.010426;0.01072;0.01053;0.0098012;0.009847;0.010069;0.01049;0.010045;0.010535;0.010488;0.010693;0.010698;0.010053;0.010453;0.010333;0.010355;0.01029;0.010616;0.010406;0.010428;0.010025;0.010154;0.010653;0.010366;0.010384;0.01087;0.010331;0.010364;0.010325;0.010624;0.010712;0.010508;0.010611;0.010297;0.010564;0.010597;0.010187;0.010689;0.010509;0.010382;0.010593;0.010673;0.010702;0.010479;0.01075;0.010502;0.010477;0.010008;0.010723;0.010127;0.010534;0.0097424;0.010686;0.010169;0.010612;0.010437;0.010708;0.010012;0.010563;0.0097912;0.010502;0.01061;0.010099;0.010429;0.010644;0.01057;0.010217;0.010379;0.010484;0.010637;0.010533;0.010801;0.010442;0.0097967;0.010254;0.010299;0.010464;0.010452;0.010395;0.010587;0.010441;0.01074;0.010396;0.010403
differential evolutions parameters, by distance type
i;dDE / dP;distance;type;parentWeight;crossover;population;iterations;distance;weights ->
1;1.0281;1.0197;2;0.85;0.5;50;50;Manhattan(Average);0.010147;0.022458;0.024419;0.026692;0.02513;0.00029325;0.025623;0.02004;0.0093891;0.023805;0.0099506;0.026663;0.002516;0.0034698;0.021974;0.0082334;0.025791;0.021856;0.0056176;0.0016354;0.00015281;0.025721;0.011115;0.020609;0.0064242;0.0177;0.017029;0.0024839;0.026313;0.00010435;0.023654;0.019308;0.00018426;0.023261;0.019118;0.026242;0.025149;0.025134;0.010716;0.00021916;0.015541;0.026878;0.0092263;0.022501;0.002253;0.0054904;0.024568;0.0046433;0.0091062;0.0037818;0.001373;0.003109;0.010775;0.0070816;0.017436;0.0011449;0.0016647;0.023707;0.00016965;0.0041717;0.025294;0.0031781;0.0016441;0.0016853;0.0027594;0.00024765;0.0001281;0.0049145;0.02112;0.00042363;4.6644E-05;0.0070962;0.0065305;0.026121;0.0057559;0.0034398;0.0046471;0.015344;0.0009964;0.0011583;0.0043293;0.0015086;0.00011319;0.00026967;0.017699;0.00060951;0.0013307;0.000871;0.00183;0.0011337;0.0023673;0.01554;0.0010768;0.00042933;0.00053563;0.006861
2;1.0295;1.0211;2;0.85;0.5;50;50;Manhattan(Average);0.008159;0.0016474;0.026605;0.018639;0.0074771;4.3041E-05;0.019651;0.013374;0.020388;0.0010162;0.0087105;0.023203;0.0022072;0.0032403;0.025145;0.02112;0.026273;0.023831;0.023354;0.010253;0.0035509;0.014013;0.0039227;0.0052334;0.027338;0.0027135;0.025564;0.019877;0.02553;0.00027542;0.025972;0.0085212;0.0014214;0.020082;0.012194;0.018569;0.025912;0.027306;0.020179;0.00021441;0.020254;0.026732;0.025921;0.015911;0.02723;0.0065528;0.0076365;0.0013565;0.020097;0.00090808;0.0030174;0.0018248;0.00012865;0.0010212;0.015768;0.0022494;0.0025953;0.026194;0.00010021;0.0028076;0.021186;0.0097521;0.00021419;0.0011053;0.020134;0.0004651;0.0012965;0.00043268;0.0023766;0.00035534;0.0010775;0.010559;0.00027959;0.02132;9.1763E-07;0.00040455;0.024936;0.017665;0.0015958;0.002663;0.0013592;0.0019783;0.0058152;0.00072415;0.0025237;0.0025429;0.025606;0.00070516;0.00050013;0.0033161;0.0049649;0.018636;0.00028975;0.010811;0.000909;0.00046901
3;1.0307;1.0223;2;0.85;0.5;50;50;Manhattan(Average);0.011993;0.015937;0.029049;0.027238;0.0027416;0.00044215;0.026849;0.01018;0.020839;0.0057164;0.019381;0.028866;0.0014233;0.004178;0.025799;0.018674;0.027293;0.026119;0.0057711;0.010114;0.00040312;0.013783;0.021973;0.0021132;0.02887;0.020019;0.01468;0.016141;0.0097125;0.00016876;0.028189;0.019445;0.0024976;0.018027;0.0038099;0.023337;0.0024416;0.025725;0.029252;0.0015558;0.027168;0.02691;0.0037947;0.014154;0.029026;0.0022859;0.012512;0.0006598;0.01163;0.0041139;0.011892;0.019463;0.0047965;0.00044012;0.021028;0.0022844;0.00082426;0.0034682;0.003115;0.0013669;0.028063;0.011611;0.00022939;0.0012328;0.0027165;0.0014201;2.5947E-05;0.002247;0.028369;0.0004016;0.0026735;0.012913;0.0065576;0.028238;4.5817E-05;0.0059583;0.0012699;0.010654;0.00017801;0.0024703;0.00011126;0.00082471;0.0014923;0.0033101;0.0054089;0.0046588;0.017911;0.001746;0.00010894;0.0063949;0.00091142;0.0030692;0.0013831;0.0023661;0.00010656;0.0012374
4;1.0297;1.0196;2;0.85;0.5;50;50;Manhattan(GeometricAverage);0.005154;0.010309;0.016873;0.02088;0.02523;0.0087079;0.027444;0.025446;0.020533;0.016701;0.0023241;0.022251;0.0025394;0.0032395;0.025325;0.024733;0.028613;0.0028984;0.0064117;0.027755;0.00024671;0.021016;0.014987;0.0032699;0.0062392;0.024759;0.0071027;0.022817;0.023765;0.00079596;0.019214;0.019333;0.00050751;0.02235;0.0022235;0.0048109;0.024413;0.02722;0.018376;0.00025613;0.028905;0.028904;0.00067476;0.015191;0.028438;0.0037024;0.016405;0.0027014;0.0040281;0.0020328;0.0025007;0.023177;0.0039895;0.0042678;0.013308;0.0018912;0.0019658;0.01836;0.001488;0.0019685;0.028824;0.003005;0.0013206;0.0040044;0.0025514;0.0013747;0.0003637;0.0018798;0.026846;0.0011533;0.0020082;0.016845;0.00090114;0.02451;0.0024633;0.0011753;0.028806;0.0084975;0.0020194;0.0046831;0.00020412;0.0012678;0.00087312;0.002363;0.015154;0.0011872;0.0009006;0.00021127;0.0004962;0.0061907;0.0014417;0.0074854;0.0015593;0.0019436;0.0028224;0.0016958
5;1.0321;1.022;2;0.85;0.5;50;50;Manhattan(GeometricAverage);0.00046044;0.025411;0.027803;0.027497;0.004146;0.0004989;0.026109;0.0053076;0.028513;0.019134;0.01327;0.028708;0.0029454;0.0019482;0.01922;0.024358;0.022063;0.0090713;0.0052778;0.0088638;8.8445E-05;0.02095;0.0011798;0.0084325;0.014734;0.026629;0.020138;0.021369;0.021678;0.0009838;0.016661;0.022282;0.0018295;0.027529;0.020475;0.028143;0.025357;0.027764;0.028146;0.0004177;0.021113;0.028099;0.0010519;0.020565;0.022222;0.0061313;0.015488;0.0019004;0.0016855;0.0013676;0.0012383;0.0069219;0.00059692;0.003658;0.021535;0.0022044;0.00049613;0.024829;0.0020828;0.00061367;0.027328;0.012055;0.00017074;0.0010013;0.0014179;7.8514E-05;4.8336E-05;0.0040448;0.022048;0.0010589;0.0025036;0.0017689;0.00052565;0.025836;0.00065915;0.0027615;0.0013184;0.020984;0.00046301;0.00073586;0.00043344;0.003713;0.00072911;0.0054401;0.0045878;0.00077695;0.00099681;0.00069914;0.00065913;0.0043232;0.0045826;0.01009;0.00068068;0.0013373;0.0011999;0.013752
6;1.0274;1.0174;2;0.85;0.5;50;50;Manhattan(GeometricAverage);0.0060079;0.00023012;0.025862;0.024056;0.016936;0.0074007;0.024975;0.001376;0.023788;0.00042489;0.0041052;0.026949;0.0067599;0.0045019;0.020786;0.0073058;0.021561;0.025369;0.016979;0.01045;0.0061775;0.020236;0.0025738;0.0008393;0.026821;0.025646;0.027066;0.018747;0.025213;1.606E-05;0.024303;0.026073;0.0026752;0.016015;0.0049272;0.022556;0.02373;0.023078;0.021433;0.0018331;0.024461;0.02644;0.0065374;0.010196;0.015712;0.021709;0.013724;0.0010063;0.0003491;0.0018534;0.014804;0.003097;0.00783;0.0038726;0.019683;0.0046293;0.0039231;0.024739;0.0015096;0.0068868;0.023894;0.00074885;0.00019719;0.0011103;0.0058864;0.0021265;0.00026135;0.0033042;0.0029219;0.0038426;0.0011052;0.01141;0.00016301;0.024229;0.0047566;0.0030553;0.0052399;0.011519;0.0019653;0.0011069;0.0025253;0.0018561;0.0021399;0.00080584;0.016571;0.0036991;0.01218;4.7895E-05;6.5216E-06;0.0015867;0.0073897;0.022946;0.00073503;0.0075519;0.000422;0.001949
7;1.0808;0.8778;2;0.85;0.5;50;50;Manhattan(Minimum);0.0087623;0.0063669;0.013879;0.01764;0.0086547;0.0074908;0.020398;0.0068824;0.0091168;0.020881;0.0020712;0.010632;0.0024891;0.0032321;0.0048509;0.0052229;0.019362;0.010719;0.019296;0.011788;0.0073969;0.0091427;0.0080356;0.0067366;0.014235;0.0082835;0.0016323;0.018626;0.01152;0.0011946;0.012299;0.0078852;0.0092011;0.018733;0.0069614;0.00627;0.014222;0.01664;0.011011;0.011442;0.0093019;0.0056462;0.020186;0.0047481;0.01331;0.014908;0.015359;0.0046317;0.0192;0.012515;0.0076257;0.020775;0.0074173;0.019936;0.01305;0.0076056;0.011905;0.014884;0.0072133;0.010641;0.0019964;0.013741;0.0099982;0.018049;0.0033506;0.0026791;0.0040408;0.010868;0.0017028;0.010475;0.012036;0.013772;0.019328;0.0087934;0.011029;0.012852;0.016685;0.01423;0.016912;0.013326;0.018511;0.0092775;0.0037425;0.0028322;0.002457;0.0079646;0.0093653;0.00089325;0.0085605;0.011693;0.017739;0.010231;0.010513;0.0019881;0.0015939;0.014714
8;1.0689;0.86818;2;0.85;0.5;50;50;Manhattan(Minimum);0.01789;0.016107;0.012048;0.0073314;0.011414;0.010022;0.017413;0.0020284;0.0079783;0.015193;0.0053511;0.0089883;0.0012224;0.0058944;0.010294;0.014289;0.016549;0.0069272;0.018062;0.0049847;0.0064367;0.011881;0.012784;0.016131;0.0036262;0.012176;0.004818;0.0084008;0.0078976;0.008565;0.017844;0.0013964;0.0034843;0.012643;0.016908;0.0093933;0.013722;0.017701;0.018769;0.0059765;0.0068116;0.00099066;0.018212;0.008953;0.0016361;0.018116;0.017442;0.010989;0.017787;0.0046372;0.0091873;0.017331;0.011912;0.0045011;0.014693;0.0050766;0.014821;0.015252;0.0041473;0.0095143;0.0035237;0.016153;0.00017367;0.015601;0.014019;0.017693;0.0017212;0.011166;0.013495;0.0068939;0.00075445;0.01586;0.016101;0.016593;0.013494;0.0030755;0.019035;0.011453;0.017839;0.014197;0.017121;0.0088287;0.0047915;0.0013771;0.012015;0.0077844;0.014933;0.0034476;0.0077273;0.0052229;0.014789;0.01253;0.0037716;0.002051;0.015206;0.0070121
9;1.0756;0.87361;2;0.85;0.5;50;50;Manhattan(Minimum);0.014936;0.0025007;0.0052074;0.017882;0.017235;0.011452;0.0089247;0.00047982;0.016;0.015977;0.009218;0.0037264;0.007532;0.0035399;0.0091498;0.0022767;0.0067109;0.014693;0.012762;0.0050826;0.0051341;0.0047879;0.017958;0.0023863;0.010622;0.0095646;0.0030864;0.010688;0.0094439;0.0086962;0.010095;0.0099689;0.0041813;0.015647;0.008341;0.0061239;0.015594;0.016051;0.018317;0.013193;0.01945;0.0091242;0.020203;0.016361;0.0013793;0.0163;0.010172;0.0020068;0.014708;0.0064712;0.012154;0.0088599;0.017399;0.013577;0.013057;0.015564;0.0055293;0.010359;0.016989;0.0090301;0.0046191;0.017327;0.0075864;0.018743;0.0058722;0.011623;0.0038102;0.0027413;0.01834;0.019541;0.0050896;0.01659;0.005924;0.004657;0.0089401;0.010921;0.015997;0.010491;0.018102;0.013222;0.0069078;0.015705;0.0060294;0.0090365;0.016598;0.014739;0.0065582;0.0030287;0.015686;0.014;0.018066;0.0024485;0.0091194;0.0013932;0.010464;0.0062263
10;1.0273;1.0219;2;0.85;0.5;50;50;Manhattan(Median);0.0022093;0.011871;0.021622;0.023379;0.017036;0.0071797;0.019923;0.010442;0.022317;0.0098541;0.013391;0.019885;0.0048374;0.014258;0.017013;0.021859;0.017201;0.010628;0.0096186;0.018902;0.00019649;0.0046493;0.0027714;0.0033287;0.022845;0.022466;0.013465;0.012102;0.01962;0.0024854;0.0066148;0.021492;0.00071854;0.015567;0.016883;0.020064;0.022283;0.017341;0.0082008;0.0014324;0.011392;0.01583;0.0041084;0.01904;0.022098;0.019817;0.0093114;0.0026863;0.0058504;0.0043742;0.0070832;0.016997;0.0037557;0.0094795;0.018554;0.0047659;0.0038044;0.013048;0.0037682;0.00039764;0.022253;0.010901;0.0065786;0.0032416;0.0060633;0.0031723;0.0035682;0.00024333;0.0033548;0.00011819;0.0026408;0.011578;0.0025908;0.0095718;0.019227;0.004445;0.016723;0.010182;0.0021575;0.0056933;0.0010665;0.0011424;0.0068897;0.016175;0.012351;0.0069054;0.018037;0.0094293;0.000758;0.012992;0.015972;0.0085924;0.0014865;0.016327;0.00056396;0.0028974
11;1.0284;1.023;2;0.85;0.5;50;50;Manhattan(Median);0.0062517;0.0091589;0.023555;0.014186;0.0085456;0.0014345;0.022923;0.0044151;0.022598;0.010461;0.016092;0.022509;0.0062886;0.0036148;0.024026;0.010685;0.02263;0.0055138;0.018489;0.012754;0.0031097;0.015125;0.0016123;0.017782;0.01661;0.022403;0.0016408;0.017098;0.0229;0.0018513;0.022153;0.0015572;0.0019065;0.017133;0.017355;0.0093403;0.017312;0.023665;0.0089654;0.00021813;0.012355;0.01918;0.0057404;0.014105;0.021689;0.016004;0.022817;0.0029527;0.0068971;0.00083329;0.00058224;0.020663;0.0043655;0.00031373;0.020039;0.00099209;0.0011235;0.0077548;0.0025337;0.0012622;0.024241;0.0032594;0.00244;0.0015166;0.0031397;0.017853;0.0013457;0.00062373;0.018104;0.0073572;0.00093702;0.017604;0.00054918;0.01489;0.0025045;0.020753;0.0067004;0.018583;0.0080203;0.016382;0.0035612;0.0093837;0.0035531;0.0034324;0.0056865;0.002101;0.016101;0.00038513;0.00069478;0.0086861;0.0095485;0.023358;8.887E-05;0.013409;0.0013247;0.023809
12;1.0288;1.0234;2;0.85;0.5;50;50;Manhattan(Median);0.0034133;0.019719;0.015388;0.023569;0.0060524;0.0015485;0.02555;0.020292;0.0078031;0.020882;0.020095;0.024222;0.0074845;0.00080495;0.010851;0.019579;0.02498;0.0082258;0.022035;0.001712;0.0066105;0.009991;0.0086999;0.011455;0.024595;0.02441;0.019488;0.014041;0.0093116;0.00011811;0.023731;0.021049;0.00023062;0.010788;0.015359;0.024444;0.021659;0.025376;0.017158;0.00089357;0.0024555;0.0049121;0.025535;0.0036684;0.023481;0.0041808;0.00045711;0.0051589;0.012536;0.010036;1.2963E-05;0.02513;0.011067;0.01279;0.025445;0.0009597;0.0026129;0.0075172;0.00066406;0.001027;0.021482;0.0040378;0.003702;0.00052366;0.00049662;0.010161;0.0026942;0.0015057;0.023099;0.0027701;0.0018895;0.011079;0.0027024;0.0014063;0.0021543;0.011093;5.6335E-05;0.0042717;0.00087736;0.003173;0.00057133;0.0017041;0.0061952;0.0087023;0.0027226;0.00066209;0.022476;0.0059072;4.1496E-05;0.0048215;0.0098056;0.019571;0.0037105;0.02513;0.0001926;0.025351
13;1.0862;0.8776;2;0.85;0.5;50;50;Manhattan(MinimumTimesMedian);0.014661;0.010521;0.0075279;0.016555;0.013153;0.017029;0.019036;0.015897;0.017519;0.010921;0.013742;0.013952;0.012924;0.0064728;0.0043654;0.0087793;0.020191;0.0027992;0.0094076;0.0015988;0.0021945;0.00022043;0.014409;0.012074;0.012499;0.014659;0.0020051;0.00060262;0.0055299;0.00021852;0.0093153;0.0075036;0.0010135;0.014427;0.0071676;0.0072128;0.014955;0.018458;0.014345;0.0124;0.017784;0.016156;0.015852;0.0094751;0.011017;0.012292;0.0096064;0.0049238;0.016205;0.0034553;0.0068955;0.016789;0.005779;0.017853;0.0057543;0.0022508;0.0037625;0.012428;0.0092627;0.017691;0.0051926;0.013614;0.014408;0.016459;0.0024153;0.019489;0.000431;0.010304;0.015098;0.0095893;0.0008606;0.015265;0.0067338;0.0063062;0.013965;0.010386;0.0043578;0.017252;0.01124;0.016005;0.011227;0.0084121;0.011999;0.011996;0.014644;0.015377;0.015244;0.002289;0.0065499;0.0097603;0.019457;0.0015329;0.0088011;0.0082714;0.018173;0.0034017
14;1.0782;0.87114;2;0.85;0.5;50;50;Manhattan(MinimumTimesMedian);0.0049315;0.0042902;0.010843;0.019289;0.0093014;0.0096149;0.019626;0.0080564;0.01619;0.020195;0.0023088;0.0083634;0.0096815;0.00063119;0.0042299;0.014032;0.020102;0.010176;0.017848;0.0023267;0.0012548;0.013547;0.013813;0.005965;0.0041489;0.018836;0.0038679;0.0081104;0.004088;0.0037018;0.017279;0.018631;0.011453;0.0084328;0.012625;0.0061221;0.019012;0.015237;0.014948;0.0097346;0.01416;0.012027;0.016603;0.0017916;0.0044394;0.015571;0.0059516;0.009426;0.006455;0.008824;0.013435;0.012709;0.0033028;0.0088893;0.009242;0.0059887;0.0056154;0.0059747;0.012864;0.019432;0.013978;0.0017758;0.013503;0.011432;0.00070195;0.01375;0.001966;0.0095039;0.014019;0.017742;0.00068044;0.015437;0.016941;0.0033242;0.012825;0.0057081;0.0090498;0.015134;0.011004;0.016789;0.011743;0.012953;0.003577;0.016751;0.003131;0.018906;0.018002;0.0055538;0.0037598;0.018189;0.020724;0.0077965;0.016671;0.0041861;0.0079895;0.0092572
15;1.0887;0.87962;2;0.85;0.5;50;50;Manhattan(MinimumTimesMedian);0.0043517;0.016879;0.017788;0.020463;0.010121;0.015039;0.015988;0.00288;0.019138;0.01861;0.0048611;0.0028675;0.0058813;0.0073659;0.0049357;0.010358;0.01975;0.01161;0.011878;0.0030471;0.0005601;0.0059466;0.01323;0.0014152;0.011424;0.012547;0.012975;0.011366;0.016842;0.0089843;0.016394;0.012089;0.0010316;0.018227;0.0054068;0.010934;0.011746;0.002769;0.018482;0.0079628;0.016331;0.006865;0.0198;0.014465;0.010898;0.016512;0.011592;0.0013221;0.013663;0.0050977;0.014241;0.020457;0.0077482;0.010622;0.0017969;0.0086595;0.0038417;0.014136;0.012509;0.019916;0.0076181;0.0043563;0.010491;0.0077427;0.0049574;0.0079046;0.0012686;0.013614;0.018033;0.012888;0.0040711;0.015667;0.0072734;0.0095682;0.010322;0.0020867;0.0095757;0.021313;0.0054859;0.01079;0.006265;0.016886;0.0057608;0.015053;0.0045242;0.008679;0.020598;0.0054968;0.016983;0.017823;0.020193;0.0037501;0.003578;0.0022198;0.0029645;0.0095779
16;1.0316;1253.3;2;0.85;0.5;50;50;Manhattan(Summation);0.0039509;0.021425;0.023093;0.0258;0.003323;0.00089793;0.024841;0.018399;0.016992;0.0070271;0.0014936;0.017327;0.0012277;0.0011678;0.01943;0.024637;0.023716;0.00097812;0.020634;0.024519;0.0025275;0.02491;0.00033929;0.0065492;0.022118;0.025745;0.0037301;0.026332;0.026459;0.00035257;0.025049;0.017717;0.00050232;0.026376;0.018177;0.022829;0.022173;0.025317;0.014511;0.00058171;0.026211;0.026194;0.0029767;0.024458;0.017851;0.0053629;0.00025561;0.0009923;0.0063773;0.0022259;0.0039577;0.0037778;0.00014933;0.0094248;0.023822;0.00054107;0.00053866;0.022732;0.0036895;0.00065109;0.024988;0.014756;0.0025402;0.00065489;0.0067938;0.0014683;0.00045185;0.0022672;0.025222;0.00031825;0.00054157;0.015254;0.0034218;0.026411;0.00081177;0.0039013;0.0167;0.015994;0.00025382;0.00060015;0.001344;0.00063713;0.0013179;0.0020554;0.011676;0.00088681;0.0053851;0.00069966;0.003913;0.0067569;0.0030854;0.011949;0.0010304;0.0071903;0.0019569;0.0014035
17;1.0312;1252.9;2;0.85;0.5;50;50;Manhattan(Summation);0.025673;0.023892;0.024809;0.022562;0.0028293;0.0012636;0.026391;0.0010018;0.024392;0.014482;0.0055201;0.011214;0.0083534;0.0012726;0.027263;0.024867;0.023745;0.023787;0.018944;0.021098;9.2081E-05;0.022981;0.002781;0.0067857;0.016184;0.022162;0.023744;0.027266;0.016505;0.0010335;0.025059;0.013915;0.00060074;0.025486;0.007418;0.021907;0.01767;0.024476;0.025245;0.00026271;0.026396;0.026389;0.0078767;0.0075067;0.017976;0.0032392;0.022078;0.00409;0.0087619;0.0030756;0.002492;0.0022911;0.00060163;0.00014657;0.0085868;0.0023907;0.00088924;0.013642;0.0011464;0.0015815;0.026523;0.0074444;0.0028412;0.0012944;0.010593;0.00060267;0.00040659;0.0012518;0.022401;0.0013561;0.0015226;0.0092902;0.00017029;0.020763;0.0014101;0.0044095;0.0077493;0.024715;0.00071057;0.0023634;0.00072287;0.00060595;0.0012727;0.00040232;0.00096778;0.0019268;0.0050553;0.0016395;1.3924E-05;0.0030855;0.021457;0.0014921;3.5024E-05;0.0049221;0.00047748;0.012015
18;1.0313;1253;2;0.85;0.5;50;50;Manhattan(Summation);0.0089146;0.01949;0.026866;0.025447;0.014258;0.0047774;0.027266;0.0061801;0.027175;0.00025273;0.0024489;0.0030723;0.00033499;0.0088537;0.01398;0.017606;0.022088;0.027898;0.011841;0.014735;0.0010593;0.025574;0.010965;0.0077361;0.020024;0.011419;0.017053;0.027988;0.022774;0.0022813;0.026369;0.019449;0.00021179;0.026676;0.002245;0.027811;0.023321;0.02555;0.022492;0.00051205;0.018686;0.028007;0.014635;0.016921;0.01312;0.0018274;0.023556;0.003882;0.009185;0.00018762;0.0049284;0.0069832;0.0029319;0.0023478;0.01517;0.00038055;0.0010422;0.015305;0.0022186;0.0014516;0.02568;0.0038736;0.0018936;6.3961E-05;0.0033698;0.0044985;0.00088831;0.0015047;0.010295;0.0017959;0.00018177;0.020883;0.0025468;0.023426;0.0010461;0.0013484;0.0048833;0.025805;0.00098448;0.0023032;0.00059071;0.00085754;0.0018413;0.0020804;0.0065506;0.0042746;0.014446;0.0005647;0.001224;0.0028416;0.0081387;0.014678;0.00064893;0.012185;0.00045866;0.0035838
19;1.7343;0.25132;2;0.85;0.5;50;50;Euclidean(Average);0.013423;0.042686;0.040196;0.00099655;0.0052203;0.042129;0.0010752;0.029439;0.001004;0.0014401;0.0012184;0.0014676;0.039221;0.0031843;0.00064018;0.01161;0.00028929;0.040445;0.03996;0.028899;0.038609;0.0010172;0.041226;0.0011212;0.0057346;0.00063428;0.0064007;0.00019511;0.0027318;0.0013475;0.0010983;0.042387;0.0012551;0.0011362;0.00014943;0.015714;0.0010937;0.0024715;0.00089122;0.0011153;0.001483;0.041177;0.00097918;0.0026235;0.0083325;0.0018424;0.0034184;0.00051756;0.0013691;0.002112;0.037126;0.0014003;0.0012322;0.0057677;0.037286;0.010407;0.004954;0.0045628;0.042209;0.002325;0.00025287;0.0021225;0.042782;0.00030871;0.0018864;0.039659;0.00047212;0.00023461;0.0018523;0.0015985;0.0010829;0.0027225;0.013567;0.0020799;0.0078249;0.0016601;0.00080794;0.029575;0.0052758;0.0010575;0.00024514;0.0034813;0.00017938;0.00089372;0.042406;0.0037322;0.0049204;0.0048943;0.0015783;0.0013946;0.042774;0.00077671;0.0022696;0.0021198;0.0026319;0.0068825
20;1.738;0.25184;2;0.85;0.5;50;50;Euclidean(Average);0.00058526;0.039526;0.0034628;0.0076432;0.044031;0.00022257;0.0011637;0.0057543;6.7665E-05;0.0013092;0.0010072;0.045425;0.0015;0.0023554;0.0030336;0.0020073;0.047519;0.038079;0.047155;0.0010832;0.0017542;8.2312E-05;0.0059612;0.0037592;0.0016087;0.026167;0.0012384;0.0015526;0.00011166;0.041413;0.00049067;0.00070865;0.0008142;0.010544;0.0064894;0.0037641;0.0082346;0.0002395;0.001776;0.043852;0.028066;0.00092503;0.00051859;0.0042092;0.0044684;0.045908;0.00016901;0.0024309;0.0023642;0.001832;0.00047882;0.0056818;0.00185;0.017706;0.041204;0.0033786;0.0034961;0.00064684;0.046678;0.00316;0.004103;0.0041655;0.029465;0.0010976;0.028896;6.8088E-05;0.0049081;0.0080682;0.00053382;0.0015736;0.0083269;0.021386;0.0029416;0.0018778;0.00032767;9.9063E-05;0.0012906;0.042574;0.0027149;0.00083755;0.0077142;0.016019;0.038145;2.4428E-05;0.0025593;0.0067336;8.426E-05;0.00038899;0.003052;0.046111;0.0076381;0.00087066;0.0071143;0.00030376;0.028962;0.00036136
21;1.7443;0.25276;2;0.85;0.5;50;50;Euclidean(Average);0.0084926;0.00052941;0.0065894;0.0011718;0.0045369;0.00046954;0.0045744;0.00078728;0.00060124;0.00082215;0.046645;0.00047028;0.001044;0.039703;0.04556;0.00032814;0.0029034;0.0016432;0.0076766;0.00042697;0.00064296;0.0013933;0.001255;0.00080377;0.0034879;0.028268;0.0045196;0.00016963;0.0026763;0.0048597;0.00045183;0.0094877;0.004678;0.0057449;0.0038839;0.0012191;0.0074678;0.046919;0.012317;0.011501;0.0059625;0.001941;0.0049427;0.045057;0.0080913;0.043315;0.011183;0.0018066;0.038238;0.004059;0.0054989;0.021229;0.0001434;0.00093849;0.0010117;0.003883;1.4354E-05;0.048132;0.043011;0.0026894;0.010128;0.013238;0.00027838;0.0092227;0.00081159;0.04125;0.003529;0.0020507;0.00065444;0.0049916;0.046229;0.047526;0.00046227;0.048171;0.0033345;0.0044152;0.0012466;0.0014737;0.0024518;0.00060369;0.0062403;0.01068;0.0016236;0.0070355;0.0052098;0.0041225;5.1528E-05;0.0046368;0.036179;0.0079851;0.047814;0.00028675;0.0028005;0.00041152;0.0042197;0.00076662
22;1.6964;0.24427;2;0.85;0.5;50;50;Euclidean(GeometricAverage);0.0312;0.018807;0.003197;0.00051763;0.0035997;0.043938;0.0064996;0.00069901;0.00031594;0.043471;0.00083383;0.0016741;0.0028659;0.00087631;0.0019251;0.0022252;0.035189;0.038533;0.0030038;0.0010395;0.0018675;0.0081587;0.0002442;0.045923;0.00035582;0.004009;0.0059654;0.0027257;0.0079973;0.018679;0.00049293;0.0013186;0.0034813;0.046656;0.0087392;8.4131E-05;0.00099188;0.0063383;0.0043325;0.0052831;0.0019047;0.0050807;0.0049183;0.043139;0.026561;0.00042803;0.046186;0.00080363;0.0008272;0.00078255;0.00030209;0.00073954;0.00027123;0.0015596;0.0034724;0.0097444;0.00025769;0.00039392;0.0065458;0.0007909;0.021715;0.012308;0.0042297;0.0025667;0.02522;0.0015389;0.0058287;0.00036751;0.0013219;0.017656;0.0024101;0.0018669;0.0011597;0.0013968;0.0046584;0.0086118;0.0067194;0.0016914;0.044031;0.042199;0.042527;0.0061425;0.036475;0.00095053;0.006702;0.04578;0.00017966;0.00069493;0.0012231;0.042273;2.2632E-06;0.00070429;0.034466;0.00044339;0.0020374;0.0031396
23;1.7649;0.25414;2;0.85;0.5;50;50;Euclidean(GeometricAverage);0.046606;0.00054336;0.012967;0.002037;0.0009107;0.0024468;0.012923;0.00039727;0.0020958;0.047309;0.048265;0.0021901;8.3473E-05;0.011255;0.00037966;0.0032505;0.0027611;0.039372;0.035279;0.043309;0.00033083;0.0007229;0.00048253;0.0036169;0.00058913;0.013393;0.0017257;0.0014097;0.045619;0.0034492;0.0012608;0.0020029;0.0062826;0.00066131;0.0003133;0.044807;0.0042628;0.00012274;0.0015203;0.00066043;0.016424;0.0016678;0.046644;0.0060607;0.046991;0.0011591;0.003716;0.046326;0.0090272;0.00258;0.0025797;0.00059024;0.038346;0.0015399;0.0012641;0.0015566;0.0010385;0.00034712;0.0032891;0.011993;0.047405;0.0021912;0.0068403;0.0027058;0.0006482;0.0031133;0.025157;0.00081958;0.042704;0.0027606;0.0042432;0.0019376;0.047133;0.0018573;0.0029206;0.0019061;0.015026;0.0023597;0.00095862;0.013872;0.00090227;0.0040479;0.0015181;0.0017215;0.0027379;0.046391;0.010463;0.0029775;0.0018361;0.0003529;0.0032585;0.00024602;0.0024244;0.00090635;0.0026671;0.00023623
24;1.6655;0.23982;2;0.85;0.5;50;50;Euclidean(GeometricAverage);0.012105;0.0024114;0.045388;0.0023857;0.037202;0.0031581;0.0030588;6.9028E-05;0.04584;0.011918;0.042114;0.0064887;0.0022262;0.0038087;0.0011844;0.0020195;0.0013034;0.0078054;0.044411;0.0012753;0.0052796;0.006112;0.029058;0.008834;0.0034757;0.0041213;0.003137;0.0021649;0.035547;0.0062659;0.0048757;0.0046257;0.04121;0.00069877;0.0038443;0.006406;0.001432;0.0005814;0.045843;0.0020107;0.0019684;0.019918;0.029769;0.044661;0.0025117;0.0043896;0.0021005;0.0032573;0.0057951;0.0018967;0.000641;0.044376;0.0016092;0.04262;0.037382;0.0071348;0.0045313;0.00608;0.0033454;0.0060318;0.00094225;0.00416;0.0025814;0.04208;0.00079261;0.0024212;0.04528;0.0030635;0.018206;0.011145;0.00089194;0.0063243;0.0050433;0.0035728;0.0072842;0.0014587;0.0024239;0.0015908;0.0012438;0.0041835;0.034362;0.0014765;0.00086702;0.00332;0.0019332;0.00092568;0.0029683;0.0037205;0.00042742;0.0025197;0.0013866;0.0004758;0.00051937;0.00069382;0.013553;0.0044437
25;1.3684;0.13106;2;0.85;0.5;50;50;Euclidean(Minimum);0.0029946;0.00025334;0.0014311;0.00095714;0.0046761;0.01716;0.023604;0.018035;0.00073383;0.013724;0.020153;0.00056107;0.00049793;0.00054072;0.015536;0.012498;0.019151;0.022935;0.0073355;0.008243;0.00027474;0.0042882;0.01966;0.0050116;0.0014305;0.0011142;0.0032052;0.023967;0.0094306;0.0056531;0.009201;0.018255;0.017422;0.01528;0.00082712;0.0012412;0.0019965;0.0064816;0.017368;0.013049;0.019094;0.014413;0.023367;0.015111;0.0037689;0.0030966;0.020923;0.010131;0.00027607;0.00016259;0.006201;0.023259;0.021069;0.00013746;0.017322;0.019269;0.015712;0.0034611;0.016354;0.0061922;0.0053764;0.0011227;0.0039408;0.020325;0.00028056;0.00010529;0.0021656;0.012551;0.018306;0.01259;0.0083046;0.02201;0.023563;0.00019175;0.00021235;0.0021753;0.0012583;0.0047664;0.0075615;0.02204;0.022531;0.023618;0.012482;0.0074833;0.0023095;0.01669;0.022376;0.017484;0.012927;0.021929;0.018618;0.00627;0.0038746;0.01382;0.012848;0.010396
26;1.426;0.13657;2;0.85;0.5;50;50;Euclidean(Minimum);0.0094354;0.017215;0.020693;0.022743;0.014547;0.016143;0.003;0.0081584;0.013924;0.0073342;0.0087582;0.014315;0.010006;0.0022081;0.0033168;0.0019638;2.2878E-05;0.00038469;0.021067;0.021167;0.00093609;0.0012453;0.019702;0.0076219;0.01347;0.0069489;0.019045;0.023387;0.0027276;0.0043334;0.0054993;0.0018378;0.00099647;0.023562;0.0014347;0.0077065;0.016246;0.013642;0.021362;0.024788;0.022216;0.001131;0.022324;0.014584;0.015363;0.015001;0.00084907;0.0021205;0.019839;0.0014625;0.019745;0.024227;0.0030501;0.001019;0.021251;0.017251;0.022052;0.00014662;0.016521;0.00012968;0.0015577;0.00080809;0.00085694;0.0023359;0.018328;0.01445;0.0052927;0.011435;0.022134;0.014452;0.0024964;0.023961;0.0046142;0.016753;0.0050304;0.0089584;0.0045896;0.024698;0.0095218;0.00026809;0.0046432;0.005379;0.0074038;0.019815;0.0034175;0.013263;0.00099165;0.0098954;0.00040019;0.0024324;0.024407;0.00036759;0.0095322;0.01873;0.00091197;0.012691
27;1.4319;0.13714;2;0.85;0.5;50;50;Euclidean(Minimum);0.0066033;0.023074;0.0053691;0.022995;0.016414;0.020626;0.01992;0.0093139;0.017736;0.0090782;0.010188;0.022527;0.014127;0.021857;0.0017008;0.015344;0.020928;0.0039923;0.019956;0.0013554;0.00031678;0.00033437;0.012426;0.011343;0.0082911;0.0065587;0.0046145;0.001595;0.0016363;0.001824;0.0076299;0.020867;0.0078059;0.017894;0.013274;0.0010857;0.0013413;0.0067577;0.020889;0.012084;0.0025557;0.017682;0.019813;0.02117;0.020106;0.0155;0.00053519;0.012763;0.017875;0.0023108;0.0017531;0.00031103;0.01642;0.0025165;0.0072549;0.023001;0.0099297;0.00024502;0.0030733;0.015523;0.0010771;0.0025779;0.010441;0.020959;0.008218;0.01579;0.001866;0.0081632;0.020277;0.01777;0.00036009;0.023334;0.018748;0.01319;0.0013809;0.0001941;0.002084;0.021397;0.016798;0.0025645;0.00017024;0.018455;0.001597;0.0033558;0.014714;0.018625;0.00016012;0.010111;0.010736;0.0021631;0.022824;0.0017255;0.0095772;0.020048;0.0053639;0.0011742
28;1.7187;0.24921;2;0.85;0.5;50;50;Euclidean(Median);0.001393;0.00026646;0.0019238;0.00018989;0.0015661;0.011698;0.00018342;0.0024882;0.0029633;0.0036716;0.011905;0.0013171;0.0027076;0.011774;0.013761;0.025018;0.043039;0.0037577;0.045689;0.0026749;0.0080865;0.041667;0.0046282;0.00012601;0.00043992;0.0019954;0.0084491;0.00060912;0.016884;0.0031664;0.045796;0.0038113;0.0024785;0.0013991;0.00074008;0.0043919;0.0010931;0.0075578;0.0001622;0.00045006;0.0013553;0.0083668;0.01866;0.044567;0.0018065;0.043893;0.0115;0.00058874;0.010557;0.033271;0.0037805;0.0019677;0.0031058;0.00028271;0.0018217;0.0030203;0.00020798;0.0010402;0.0038238;0.0028038;5.9809E-05;0.0045776;0.00017989;0.0003207;0.00034452;0.0011779;0.0047404;0.00064742;0.00046722;0.044947;0.0020579;0.0023685;0.026084;0.00051381;0.024402;0.002769;0.0129;0.00074007;0.0021018;0.01091;0.00026931;0.043761;0.045997;0.0010665;0.039815;0.00084758;0.00066492;0.013434;0.043078;0.031148;0.041014;0.0012261;0.0016089;0.01374;0.00017201;0.04151
29;1.6908;0.24516;2;0.85;0.5;50;50;Euclidean(Median);0.039688;0.0015386;0.0078442;0.00040416;0.00089134;0.0024982;0.0028924;0.0006719;0.040466;0.0012763;0.0061556;0.0042043;0.002279;0.000973;0.0023759;0.0015762;0.0058367;0.0013373;0.0051934;0.0026193;0.0064371;0.0044413;0.0076171;0.0046832;0.0030933;0.00010502;0.0042167;0.035591;0.040191;0.0023581;0.001986;0.015871;0.0046162;0.038556;0.00031448;0.0026918;0.0095169;0.039596;0.037049;0.0013943;0.012771;0.0018307;0.028492;0.026834;0.003095;0.00059988;0.0019969;0.00031485;0.0018503;0.010953;0.0036201;4.5362E-05;0.0039928;0.0018402;0.0050964;0.0016703;0.0014611;0.040034;0.039124;0.002781;0.0030341;0.0015478;0.0015211;0.00096759;0.00098904;0.0012135;0.041399;0.0068358;0.0058058;0.0031363;0.0049301;0.041418;0.014606;0.0053351;0.038268;0.041016;0.0031177;0.0023655;0.003767;0.0010671;0.0023291;0.0037763;0.001657;0.00047429;0.003218;0.040922;0.0006346;0.0014708;0.00012507;0.036175;0.00015563;0.00093438;0.041764;0.040145;0.022439;0.0019897
30;1.732;0.25113;2;0.85;0.5;50;50;Euclidean(Median);0.0026963;0.00037211;0.0016082;0.0015263;0.00066748;0.0015396;0.0024472;0.0037163;0.0023086;0.0038511;0.038247;0.00071458;0.002847;0.039972;0.00043627;0.001817;0.0022201;0.00034131;0.0052265;0.001502;0.03196;0.0043553;0.0050959;7.85E-05;0.0038318;0.0049791;0.0011468;0.0028482;0.0009087;0.00010677;0.0031997;0.00080194;0.00099812;0.039952;0.0046581;0.0043681;0.0022646;0.00123;0.038206;0.0012076;0.0036957;0.0024556;0.043525;0.00076541;0.00031325;0.0036818;0.00034317;5.6791E-05;0.0032024;0.004577;0.033425;0.039805;0.0010578;0.031591;0.004178;0.00042227;0.02532;0.005791;0.0010637;0.00074113;0.00066167;0.00033461;0.0030292;0.037199;0.0035894;0.0066956;0.0033729;0.00058915;0.0011238;0.0026889;0.013633;0.0038855;0.0010336;0.042206;0.041533;0.00026284;0.0014621;0.035042;0.0014686;0.0025686;0.039203;0.039167;0.0037354;0.041126;0.008096;0.042857;0.00028904;0.0049474;0.041424;0.002574;0.0049034;0.0056489;0.036737;0.00074308;0.026048;0.027856
31;1.9846;0.02756;2;0.85;0.5;50;50;Euclidean(MinimumTimesMedian);0.0065004;0.007496;0.020173;0.017256;0.0067911;0.0028037;0.027288;0.021166;0.027069;0.0041033;0.00025124;0.024097;0.00016927;0.0036799;0.024083;0.02593;0.026743;0.005991;0.0044711;0.02417;0.0049099;0.0016707;0.0082744;0.00068741;0.027249;0.0032373;0.024434;0.0019655;0.027227;0.0039473;0.00039478;3.6057E-05;0.0092177;0.0013115;0.0026209;0.0086006;0.0013546;0.0010819;0.026046;0.026471;0.0017976;0.026623;0.013217;0.025703;0.0011401;0.0039142;0.02471;0.0022244;0.026137;0.00019901;0.0009462;0.027166;0.0069828;0.0037374;7.8709E-05;0.025428;0.0046533;0.024716;0.00067091;0.012543;0.0034544;0.00093898;0.023276;0.0027519;0.0013909;0.01322;0.0032166;0.023283;0.0015704;0.0078069;0.0056725;0.024345;0.026107;0.00057445;0.0017022;0.0010483;0.00045932;0.0050804;0.026272;0.018165;0.0056745;0.0011153;0.019805;0.00014174;0.00074748;0.010788;0.020856;0.0009491;0.0071904;0.0084262;0.00077588;0.0055595;0.012148;0.0012709;0.00046464;0.020193
32;2.0841;0.028941;2;0.85;0.5;50;50;Euclidean(MinimumTimesMedian);0.016327;0.019162;4.7717E-05;0.022179;0.0010401;0.0021117;0.028433;0.020603;0.023138;0.027659;0.0020264;0.024065;0.010506;0.00021225;0.028414;0.00092451;0.018438;0.025892;0.025875;0.00020038;0.0046485;0.0018742;0.021488;0.0015196;0.0085296;0.00027883;0.0048078;0.0088677;0.0011649;0.00045809;0.0026801;0.024942;0.0059768;0.00094302;5.086E-05;0.0003278;0.0022558;0.0053888;0.027951;0.0030904;7.2119E-05;0.0087821;0.0019683;0.027908;0.012878;0.014018;0.00065716;0.0048682;0.02117;0.00061468;0.0014046;0.028449;0.00043922;0.026538;0.027051;0.0036912;0.0058654;0.016786;0.0004613;0.02647;0.00075828;0.0024589;0.00083296;0.015063;0.0052585;0.027652;0.00054569;0.021085;0.00032617;0.01556;0.012703;0.025203;0.004756;0.011289;0.0057185;0.00013333;0.0094076;0.00038275;0.0029528;0.027487;0.0048405;0.019233;0.027268;0.00038827;0.0013516;0.0048814;0.019277;0.0049453;0.00118;0.0092235;0.00090524;0.0080451;0.026703;0.019829;0.0064155;0.0013481
33;2.0037;0.027825;2;0.85;0.5;50;50;Euclidean(MinimumTimesMedian);0.030288;0.01186;0.00059484;0.020508;0.030329;0.0088955;0.022698;0.00091693;0.031827;0.0077143;9.5552E-05;0.0022604;0.0015287;0.031359;0.0013186;0.0093218;9.4887E-05;0.0018058;0.00041485;0.0049453;0.0069926;0.021145;0.028538;0.0010932;0.0015091;0.020179;0.0027889;0.0021047;0.0046156;0.015126;0.0021697;0.0034782;0.0032433;0.0020804;0.0059223;0.026854;0.02654;0.0027189;0.029179;0.0022583;0.021771;0.0044517;0.027681;0.00025357;0.029028;0.031533;0.0017863;0.0012876;0.018547;0.0013482;0.0018904;3.2777E-05;0.00062139;0.0038694;0.0084524;0.0022611;0.01735;0.0028658;0.0031759;0.0053585;0.020232;0.0070621;0.002326;0.027536;0.0092188;0.027441;0.00493;0.001366;0.01169;0.019047;0.0030482;0.00018778;0.0052409;0.0039303;0.0028507;0.00053399;0.031578;0.0045085;0.0087124;0.019129;0.022083;0.031736;0.02947;0.031239;0.0018343;0.0047369;0.0038433;0.002275;6.1523E-05;0.00027861;0.028946;0.00015379;0.018434;0.0018322;0.00048214;0.0011516
34;1.8364;325.98;2;0.85;0.5;50;50;Euclidean(Summation);0.00073602;0.0027999;0.043374;0.00028215;0.0029607;0.00076124;0.00041518;0.011198;0.032237;0.0031687;0.00036014;0.047494;0.0012463;0.046177;0.043429;0.0015092;0.00088215;3.1457E-06;0.01257;0.047721;0.0015721;0.0041111;0.014233;0.00071394;0.044974;0.047399;0.00074517;0.040178;0.0076909;0.0015254;0.029617;0.00082212;0.00039159;0.01015;0.0013325;0.0040773;0.0086074;0.0019039;0.0040272;0.0068586;0.00063691;0.0030226;0.0022136;0.001002;0.012715;0.00023306;0.0029297;0.0026;0.00024815;0.00074444;0.003269;0.0014001;0.0051774;0.044279;0.0018568;0.0019329;0.048096;0.003891;0.0011765;0.043082;0.0027583;0.0032614;0.0010322;0.00052346;0.0030398;2.2482E-05;0.043946;0.0012712;0.046043;0.046913;0.0024138;0.0011286;0.047707;0.0027491;0.00043136;0.0028981;0.0022058;0.0015559;0.0013644;0.0057241;0.00084145;0.00086457;0.00066257;0.00058711;0.00080417;0.0045185;0.00059024;0.0024138;0.0010203;0.0015861;0.0028267;0.0019984;0.0010517;0.0025542;0.0022347;0.047694
35;1.7487;310.41;2;0.85;0.5;50;50;Euclidean(Summation);8.2472E-05;0.0012334;0.00050352;0.00050389;0.00027981;0.034178;0.00026511;0.0022428;0.006883;0.00071798;0.034091;0.001951;0.00066469;0.00065255;0.0025107;0.03494;0.0040935;0.00067615;0.00046506;0.0011626;0.036301;0.040062;0.040356;0.00049279;0.030076;0.00030241;0.00052161;0.039757;0.00029812;0.00098657;0.0046904;0.00045269;0.0033846;0.041631;0.0042364;1.0527E-05;0.0038031;0.00084257;0.036144;0.0031991;0.04054;0.039813;0.00043448;0.040537;0.00053079;0.0006184;0.0026126;0.00027542;2.7096E-05;0.0093379;0.0014509;0.0012555;0.0075296;0.00047771;0.0031518;0.0049185;0.0013406;0.0027693;0.019401;0.001191;0.023645;0.0061382;0.037129;0.0059605;0.00018853;0.0010467;0.0026686;0.00024049;2.8265E-05;0.0074167;0.040913;0.0012131;0.0029278;0.041945;0.002054;0.042411;0.0029298;0.040113;0.0020625;9.5095E-05;0.0012211;0.038372;0.0024582;0.00055439;0.0069074;0.00095579;0.0015348;0.0013534;0.0010357;0.0030783;0.0024719;0.03626;0.042512;0.0032719;0.0026208;0.00040832
36;1.7203;305.38;2;0.85;0.5;50;50;Euclidean(Summation);0.0048534;0.005616;0.0053995;0.0045027;0.0043125;0.0014418;0.00028629;0.0025693;0.0016789;0.004541;0.0078359;4.3634E-05;0.043796;6.9641E-05;0.0036913;0.0041631;0.04326;0.034317;0.0023605;0.001204;0.0011349;0.0025211;0.00028426;0.013758;0.036588;0.0048854;0.0014742;0.020478;0.0071523;0.03208;0.0026733;0.00056128;0.00019121;0.00010044;0.0082499;0.00020104;0.0022253;0.04776;0.0013194;0.047121;0.0089522;0.00041997;0.0019137;0.039721;0.00020458;0.012165;0.0008214;0.00090729;0.041707;0.039228;0.00070998;0.0082319;0.0011882;0.0016237;0.0066087;0.0082807;0.0020133;0.0020798;0.010223;0.00022055;0.004314;0.00042134;0.00069579;0.047692;0.00014465;0.0030867;0.0036751;0.0034948;0.00091069;0.0016378;0.0027733;0.016638;0.008686;0.048282;0.0058566;0.0015424;0.0077275;0.010171;0.0047662;0.017394;0.0042851;0.00074024;0.005148;0.0012695;0.046443;0.0045924;0.046068;0.012017;0.00067577;0.0365;0.00099395;0.00023573;0.048676;0.0055736;0.0027497;0.0002012
differential evolutions parameters, by distance
i;dDE / dP;distance;type;parentWeight;crossover;population;iterations;distance;weights ->
1;1.0273;1.0219;2;0.85;0.5;50;50;Manhattan(Median);0.0022093;0.011871;0.021622;0.023379;0.017036;0.0071797;0.019923;0.010442;0.022317;0.0098541;0.013391;0.019885;0.0048374;0.014258;0.017013;0.021859;0.017201;0.010628;0.0096186;0.018902;0.00019649;0.0046493;0.0027714;0.0033287;0.022845;0.022466;0.013465;0.012102;0.01962;0.0024854;0.0066148;0.021492;0.00071854;0.015567;0.016883;0.020064;0.022283;0.017341;0.0082008;0.0014324;0.011392;0.01583;0.0041084;0.01904;0.022098;0.019817;0.0093114;0.0026863;0.0058504;0.0043742;0.0070832;0.016997;0.0037557;0.0094795;0.018554;0.0047659;0.0038044;0.013048;0.0037682;0.00039764;0.022253;0.010901;0.0065786;0.0032416;0.0060633;0.0031723;0.0035682;0.00024333;0.0033548;0.00011819;0.0026408;0.011578;0.0025908;0.0095718;0.019227;0.004445;0.016723;0.010182;0.0021575;0.0056933;0.0010665;0.0011424;0.0068897;0.016175;0.012351;0.0069054;0.018037;0.0094293;0.000758;0.012992;0.015972;0.0085924;0.0014865;0.016327;0.00056396;0.0028974
2;1.0274;1.0174;2;0.85;0.5;50;50;Manhattan(GeometricAverage);0.0060079;0.00023012;0.025862;0.024056;0.016936;0.0074007;0.024975;0.001376;0.023788;0.00042489;0.0041052;0.026949;0.0067599;0.0045019;0.020786;0.0073058;0.021561;0.025369;0.016979;0.01045;0.0061775;0.020236;0.0025738;0.0008393;0.026821;0.025646;0.027066;0.018747;0.025213;1.606E-05;0.024303;0.026073;0.0026752;0.016015;0.0049272;0.022556;0.02373;0.023078;0.021433;0.0018331;0.024461;0.02644;0.0065374;0.010196;0.015712;0.021709;0.013724;0.0010063;0.0003491;0.0018534;0.014804;0.003097;0.00783;0.0038726;0.019683;0.0046293;0.0039231;0.024739;0.0015096;0.0068868;0.023894;0.00074885;0.00019719;0.0011103;0.0058864;0.0021265;0.00026135;0.0033042;0.0029219;0.0038426;0.0011052;0.01141;0.00016301;0.024229;0.0047566;0.0030553;0.0052399;0.011519;0.0019653;0.0011069;0.0025253;0.0018561;0.0021399;0.00080584;0.016571;0.0036991;0.01218;4.7895E-05;6.5216E-06;0.0015867;0.0073897;0.022946;0.00073503;0.0075519;0.000422;0.001949
3;1.0281;1.0197;2;0.85;0.5;50;50;Manhattan(Average);0.010147;0.022458;0.024419;0.026692;0.02513;0.00029325;0.025623;0.02004;0.0093891;0.023805;0.0099506;0.026663;0.002516;0.0034698;0.021974;0.0082334;0.025791;0.021856;0.0056176;0.0016354;0.00015281;0.025721;0.011115;0.020609;0.0064242;0.0177;0.017029;0.0024839;0.026313;0.00010435;0.023654;0.019308;0.00018426;0.023261;0.019118;0.026242;0.025149;0.025134;0.010716;0.00021916;0.015541;0.026878;0.0092263;0.022501;0.002253;0.0054904;0.024568;0.0046433;0.0091062;0.0037818;0.001373;0.003109;0.010775;0.0070816;0.017436;0.0011449;0.0016647;0.023707;0.00016965;0.0041717;0.025294;0.0031781;0.0016441;0.0016853;0.0027594;0.00024765;0.0001281;0.0049145;0.02112;0.00042363;4.6644E-05;0.0070962;0.0065305;0.026121;0.0057559;0.0034398;0.0046471;0.015344;0.0009964;0.0011583;0.0043293;0.0015086;0.00011319;0.00026967;0.017699;0.00060951;0.0013307;0.000871;0.00183;0.0011337;0.0023673;0.01554;0.0010768;0.00042933;0.00053563;0.006861
4;1.0284;1.023;2;0.85;0.5;50;50;Manhattan(Median);0.0062517;0.0091589;0.023555;0.014186;0.0085456;0.0014345;0.022923;0.0044151;0.022598;0.010461;0.016092;0.022509;0.0062886;0.0036148;0.024026;0.010685;0.02263;0.0055138;0.018489;0.012754;0.0031097;0.015125;0.0016123;0.017782;0.01661;0.022403;0.0016408;0.017098;0.0229;0.0018513;0.022153;0.0015572;0.0019065;0.017133;0.017355;0.0093403;0.017312;0.023665;0.0089654;0.00021813;0.012355;0.01918;0.0057404;0.014105;0.021689;0.016004;0.022817;0.0029527;0.0068971;0.00083329;0.00058224;0.020663;0.0043655;0.00031373;0.020039;0.00099209;0.0011235;0.0077548;0.0025337;0.0012622;0.024241;0.0032594;0.00244;0.0015166;0.0031397;0.017853;0.0013457;0.00062373;0.018104;0.0073572;0.00093702;0.017604;0.00054918;0.01489;0.0025045;0.020753;0.0067004;0.018583;0.0080203;0.016382;0.0035612;0.0093837;0.0035531;0.0034324;0.0056865;0.002101;0.016101;0.00038513;0.00069478;0.0086861;0.0095485;0.023358;8.887E-05;0.013409;0.0013247;0.023809
5;1.0288;1.0234;2;0.85;0.5;50;50;Manhattan(Median);0.0034133;0.019719;0.015388;0.023569;0.0060524;0.0015485;0.02555;0.020292;0.0078031;0.020882;0.020095;0.024222;0.0074845;0.00080495;0.010851;0.019579;0.02498;0.0082258;0.022035;0.001712;0.0066105;0.009991;0.0086999;0.011455;0.024595;0.02441;0.019488;0.014041;0.0093116;0.00011811;0.023731;0.021049;0.00023062;0.010788;0.015359;0.024444;0.021659;0.025376;0.017158;0.00089357;0.0024555;0.0049121;0.025535;0.0036684;0.023481;0.0041808;0.00045711;0.0051589;0.012536;0.010036;1.2963E-05;0.02513;0.011067;0.01279;0.025445;0.0009597;0.0026129;0.0075172;0.00066406;0.001027;0.021482;0.0040378;0.003702;0.00052366;0.00049662;0.010161;0.0026942;0.0015057;0.023099;0.0027701;0.0018895;0.011079;0.0027024;0.0014063;0.0021543;0.011093;5.6335E-05;0.0042717;0.00087736;0.003173;0.00057133;0.0017041;0.0061952;0.0087023;0.0027226;0.00066209;0.022476;0.0059072;4.1496E-05;0.0048215;0.0098056;0.019571;0.0037105;0.02513;0.0001926;0.025351
6;1.0295;1.0211;2;0.85;0.5;50;50;Manhattan(Average);0.008159;0.0016474;0.026605;0.018639;0.0074771;4.3041E-05;0.019651;0.013374;0.020388;0.0010162;0.0087105;0.023203;0.0022072;0.0032403;0.025145;0.02112;0.026273;0.023831;0.023354;0.010253;0.0035509;0.014013;0.0039227;0.0052334;0.027338;0.0027135;0.025564;0.019877;0.02553;0.00027542;0.025972;0.0085212;0.0014214;0.020082;0.012194;0.018569;0.025912;0.027306;0.020179;0.00021441;0.020254;0.026732;0.025921;0.015911;0.02723;0.0065528;0.0076365;0.0013565;0.020097;0.00090808;0.0030174;0.0018248;0.00012865;0.0010212;0.015768;0.0022494;0.0025953;0.026194;0.00010021;0.0028076;0.021186;0.0097521;0.00021419;0.0011053;0.020134;0.0004651;0.0012965;0.00043268;0.0023766;0.00035534;0.0010775;0.010559;0.00027959;0.02132;9.1763E-07;0.00040455;0.024936;0.017665;0.0015958;0.002663;0.0013592;0.0019783;0.0058152;0.00072415;0.0025237;0.0025429;0.025606;0.00070516;0.00050013;0.0033161;0.0049649;0.018636;0.00028975;0.010811;0.000909;0.00046901
7;1.0297;1.0196;2;0.85;0.5;50;50;Manhattan(GeometricAverage);0.005154;0.010309;0.016873;0.02088;0.02523;0.0087079;0.027444;0.025446;0.020533;0.016701;0.0023241;0.022251;0.0025394;0.0032395;0.025325;0.024733;0.028613;0.0028984;0.0064117;0.027755;0.00024671;0.021016;0.014987;0.0032699;0.0062392;0.024759;0.0071027;0.022817;0.023765;0.00079596;0.019214;0.019333;0.00050751;0.02235;0.0022235;0.0048109;0.024413;0.02722;0.018376;0.00025613;0.028905;0.028904;0.00067476;0.015191;0.028438;0.0037024;0.016405;0.0027014;0.0040281;0.0020328;0.0025007;0.023177;0.0039895;0.0042678;0.013308;0.0018912;0.0019658;0.01836;0.001488;0.0019685;0.028824;0.003005;0.0013206;0.0040044;0.0025514;0.0013747;0.0003637;0.0018798;0.026846;0.0011533;0.0020082;0.016845;0.00090114;0.02451;0.0024633;0.0011753;0.028806;0.0084975;0.0020194;0.0046831;0.00020412;0.0012678;0.00087312;0.002363;0.015154;0.0011872;0.0009006;0.00021127;0.0004962;0.0061907;0.0014417;0.0074854;0.0015593;0.0019436;0.0028224;0.0016958
8;1.0307;1.0223;2;0.85;0.5;50;50;Manhattan(Average);0.011993;0.015937;0.029049;0.027238;0.0027416;0.00044215;0.026849;0.01018;0.020839;0.0057164;0.019381;0.028866;0.0014233;0.004178;0.025799;0.018674;0.027293;0.026119;0.0057711;0.010114;0.00040312;0.013783;0.021973;0.0021132;0.02887;0.020019;0.01468;0.016141;0.0097125;0.00016876;0.028189;0.019445;0.0024976;0.018027;0.0038099;0.023337;0.0024416;0.025725;0.029252;0.0015558;0.027168;0.02691;0.0037947;0.014154;0.029026;0.0022859;0.012512;0.0006598;0.01163;0.0041139;0.011892;0.019463;0.0047965;0.00044012;0.021028;0.0022844;0.00082426;0.0034682;0.003115;0.0013669;0.028063;0.011611;0.00022939;0.0012328;0.0027165;0.0014201;2.5947E-05;0.002247;0.028369;0.0004016;0.0026735;0.012913;0.0065576;0.028238;4.5817E-05;0.0059583;0.0012699;0.010654;0.00017801;0.0024703;0.00011126;0.00082471;0.0014923;0.0033101;0.0054089;0.0046588;0.017911;0.001746;0.00010894;0.0063949;0.00091142;0.0030692;0.0013831;0.0023661;0.00010656;0.0012374
9;1.0312;1252.9;2;0.85;0.5;50;50;Manhattan(Summation);0.025673;0.023892;0.024809;0.022562;0.0028293;0.0012636;0.026391;0.0010018;0.024392;0.014482;0.0055201;0.011214;0.0083534;0.0012726;0.027263;0.024867;0.023745;0.023787;0.018944;0.021098;9.2081E-05;0.022981;0.002781;0.0067857;0.016184;0.022162;0.023744;0.027266;0.016505;0.0010335;0.025059;0.013915;0.00060074;0.025486;0.007418;0.021907;0.01767;0.024476;0.025245;0.00026271;0.026396;0.026389;0.0078767;0.0075067;0.017976;0.0032392;0.022078;0.00409;0.0087619;0.0030756;0.002492;0.0022911;0.00060163;0.00014657;0.0085868;0.0023907;0.00088924;0.013642;0.0011464;0.0015815;0.026523;0.0074444;0.0028412;0.0012944;0.010593;0.00060267;0.00040659;0.0012518;0.022401;0.0013561;0.0015226;0.0092902;0.00017029;0.020763;0.0014101;0.0044095;0.0077493;0.024715;0.00071057;0.0023634;0.00072287;0.00060595;0.0012727;0.00040232;0.00096778;0.0019268;0.0050553;0.0016395;1.3924E-05;0.0030855;0.021457;0.0014921;3.5024E-05;0.0049221;0.00047748;0.012015
10;1.0313;1253;2;0.85;0.5;50;50;Manhattan(Summation);0.0089146;0.01949;0.026866;0.025447;0.014258;0.0047774;0.027266;0.0061801;0.027175;0.00025273;0.0024489;0.0030723;0.00033499;0.0088537;0.01398;0.017606;0.022088;0.027898;0.011841;0.014735;0.0010593;0.025574;0.010965;0.0077361;0.020024;0.011419;0.017053;0.027988;0.022774;0.0022813;0.026369;0.019449;0.00021179;0.026676;0.002245;0.027811;0.023321;0.02555;0.022492;0.00051205;0.018686;0.028007;0.014635;0.016921;0.01312;0.0018274;0.023556;0.003882;0.009185;0.00018762;0.0049284;0.0069832;0.0029319;0.0023478;0.01517;0.00038055;0.0010422;0.015305;0.0022186;0.0014516;0.02568;0.0038736;0.0018936;6.3961E-05;0.0033698;0.0044985;0.00088831;0.0015047;0.010295;0.0017959;0.00018177;0.020883;0.0025468;0.023426;0.0010461;0.0013484;0.0048833;0.025805;0.00098448;0.0023032;0.00059071;0.00085754;0.0018413;0.0020804;0.0065506;0.0042746;0.014446;0.0005647;0.001224;0.0028416;0.0081387;0.014678;0.00064893;0.012185;0.00045866;0.0035838
11;1.0316;1253.3;2;0.85;0.5;50;50;Manhattan(Summation);0.0039509;0.021425;0.023093;0.0258;0.003323;0.00089793;0.024841;0.018399;0.016992;0.0070271;0.0014936;0.017327;0.0012277;0.0011678;0.01943;0.024637;0.023716;0.00097812;0.020634;0.024519;0.0025275;0.02491;0.00033929;0.0065492;0.022118;0.025745;0.0037301;0.026332;0.026459;0.00035257;0.025049;0.017717;0.00050232;0.026376;0.018177;0.022829;0.022173;0.025317;0.014511;0.00058171;0.026211;0.026194;0.0029767;0.024458;0.017851;0.0053629;0.00025561;0.0009923;0.0063773;0.0022259;0.0039577;0.0037778;0.00014933;0.0094248;0.023822;0.00054107;0.00053866;0.022732;0.0036895;0.00065109;0.024988;0.014756;0.0025402;0.00065489;0.0067938;0.0014683;0.00045185;0.0022672;0.025222;0.00031825;0.00054157;0.015254;0.0034218;0.026411;0.00081177;0.0039013;0.0167;0.015994;0.00025382;0.00060015;0.001344;0.00063713;0.0013179;0.0020554;0.011676;0.00088681;0.0053851;0.00069966;0.003913;0.0067569;0.0030854;0.011949;0.0010304;0.0071903;0.0019569;0.0014035
12;1.0321;1.022;2;0.85;0.5;50;50;Manhattan(GeometricAverage);0.00046044;0.025411;0.027803;0.027497;0.004146;0.0004989;0.026109;0.0053076;0.028513;0.019134;0.01327;0.028708;0.0029454;0.0019482;0.01922;0.024358;0.022063;0.0090713;0.0052778;0.0088638;8.8445E-05;0.02095;0.0011798;0.0084325;0.014734;0.026629;0.020138;0.021369;0.021678;0.0009838;0.016661;0.022282;0.0018295;0.027529;0.020475;0.028143;0.025357;0.027764;0.028146;0.0004177;0.021113;0.028099;0.0010519;0.020565;0.022222;0.0061313;0.015488;0.0019004;0.0016855;0.0013676;0.0012383;0.0069219;0.00059692;0.003658;0.021535;0.0022044;0.00049613;0.024829;0.0020828;0.00061367;0.027328;0.012055;0.00017074;0.0010013;0.0014179;7.8514E-05;4.8336E-05;0.0040448;0.022048;0.0010589;0.0025036;0.0017689;0.00052565;0.025836;0.00065915;0.0027615;0.0013184;0.020984;0.00046301;0.00073586;0.00043344;0.003713;0.00072911;0.0054401;0.0045878;0.00077695;0.00099681;0.00069914;0.00065913;0.0043232;0.0045826;0.01009;0.00068068;0.0013373;0.0011999;0.013752
13;1.0689;0.86818;2;0.85;0.5;50;50;Manhattan(Minimum);0.01789;0.016107;0.012048;0.0073314;0.011414;0.010022;0.017413;0.0020284;0.0079783;0.015193;0.0053511;0.0089883;0.0012224;0.0058944;0.010294;0.014289;0.016549;0.0069272;0.018062;0.0049847;0.0064367;0.011881;0.012784;0.016131;0.0036262;0.012176;0.004818;0.0084008;0.0078976;0.008565;0.017844;0.0013964;0.0034843;0.012643;0.016908;0.0093933;0.013722;0.017701;0.018769;0.0059765;0.0068116;0.00099066;0.018212;0.008953;0.0016361;0.018116;0.017442;0.010989;0.017787;0.0046372;0.0091873;0.017331;0.011912;0.0045011;0.014693;0.0050766;0.014821;0.015252;0.0041473;0.0095143;0.0035237;0.016153;0.00017367;0.015601;0.014019;0.017693;0.0017212;0.011166;0.013495;0.0068939;0.00075445;0.01586;0.016101;0.016593;0.013494;0.0030755;0.019035;0.011453;0.017839;0.014197;0.017121;0.0088287;0.0047915;0.0013771;0.012015;0.0077844;0.014933;0.0034476;0.0077273;0.0052229;0.014789;0.01253;0.0037716;0.002051;0.015206;0.0070121
14;1.0756;0.87361;2;0.85;0.5;50;50;Manhattan(Minimum);0.014936;0.0025007;0.0052074;0.017882;0.017235;0.011452;0.0089247;0.00047982;0.016;0.015977;0.009218;0.0037264;0.007532;0.0035399;0.0091498;0.0022767;0.0067109;0.014693;0.012762;0.0050826;0.0051341;0.0047879;0.017958;0.0023863;0.010622;0.0095646;0.0030864;0.010688;0.0094439;0.0086962;0.010095;0.0099689;0.0041813;0.015647;0.008341;0.0061239;0.015594;0.016051;0.018317;0.013193;0.01945;0.0091242;0.020203;0.016361;0.0013793;0.0163;0.010172;0.0020068;0.014708;0.0064712;0.012154;0.0088599;0.017399;0.013577;0.013057;0.015564;0.0055293;0.010359;0.016989;0.0090301;0.0046191;0.017327;0.0075864;0.018743;0.0058722;0.011623;0.0038102;0.0027413;0.01834;0.019541;0.0050896;0.01659;0.005924;0.004657;0.0089401;0.010921;0.015997;0.010491;0.018102;0.013222;0.0069078;0.015705;0.0060294;0.0090365;0.016598;0.014739;0.0065582;0.0030287;0.015686;0.014;0.018066;0.0024485;0.0091194;0.0013932;0.010464;0.0062263
15;1.0782;0.87114;2;0.85;0.5;50;50;Manhattan(MinimumTimesMedian);0.0049315;0.0042902;0.010843;0.019289;0.0093014;0.0096149;0.019626;0.0080564;0.01619;0.020195;0.0023088;0.0083634;0.0096815;0.00063119;0.0042299;0.014032;0.020102;0.010176;0.017848;0.0023267;0.0012548;0.013547;0.013813;0.005965;0.0041489;0.018836;0.0038679;0.0081104;0.004088;0.0037018;0.017279;0.018631;0.011453;0.0084328;0.012625;0.0061221;0.019012;0.015237;0.014948;0.0097346;0.01416;0.012027;0.016603;0.0017916;0.0044394;0.015571;0.0059516;0.009426;0.006455;0.008824;0.013435;0.012709;0.0033028;0.0088893;0.009242;0.0059887;0.0056154;0.0059747;0.012864;0.019432;0.013978;0.0017758;0.013503;0.011432;0.00070195;0.01375;0.001966;0.0095039;0.014019;0.017742;0.00068044;0.015437;0.016941;0.0033242;0.012825;0.0057081;0.0090498;0.015134;0.011004;0.016789;0.011743;0.012953;0.003577;0.016751;0.003131;0.018906;0.018002;0.0055538;0.0037598;0.018189;0.020724;0.0077965;0.016671;0.0041861;0.0079895;0.0092572
16;1.0808;0.8778;2;0.85;0.5;50;50;Manhattan(Minimum);0.0087623;0.0063669;0.013879;0.01764;0.0086547;0.0074908;0.020398;0.0068824;0.0091168;0.020881;0.0020712;0.010632;0.0024891;0.0032321;0.0048509;0.0052229;0.019362;0.010719;0.019296;0.011788;0.0073969;0.0091427;0.0080356;0.0067366;0.014235;0.0082835;0.0016323;0.018626;0.01152;0.0011946;0.012299;0.0078852;0.0092011;0.018733;0.0069614;0.00627;0.014222;0.01664;0.011011;0.011442;0.0093019;0.0056462;0.020186;0.0047481;0.01331;0.014908;0.015359;0.0046317;0.0192;0.012515;0.0076257;0.020775;0.0074173;0.019936;0.01305;0.0076056;0.011905;0.014884;0.0072133;0.010641;0.0019964;0.013741;0.0099982;0.018049;0.0033506;0.0026791;0.0040408;0.010868;0.0017028;0.010475;0.012036;0.013772;0.019328;0.0087934;0.011029;0.012852;0.016685;0.01423;0.016912;0.013326;0.018511;0.0092775;0.0037425;0.0028322;0.002457;0.0079646;0.0093653;0.00089325;0.0085605;0.011693;0.017739;0.010231;0.010513;0.0019881;0.0015939;0.014714
17;1.0862;0.8776;2;0.85;0.5;50;50;Manhattan(MinimumTimesMedian);0.014661;0.010521;0.0075279;0.016555;0.013153;0.017029;0.019036;0.015897;0.017519;0.010921;0.013742;0.013952;0.012924;0.0064728;0.0043654;0.0087793;0.020191;0.0027992;0.0094076;0.0015988;0.0021945;0.00022043;0.014409;0.012074;0.012499;0.014659;0.0020051;0.00060262;0.0055299;0.00021852;0.0093153;0.0075036;0.0010135;0.014427;0.0071676;0.0072128;0.014955;0.018458;0.014345;0.0124;0.017784;0.016156;0.015852;0.0094751;0.011017;0.012292;0.0096064;0.0049238;0.016205;0.0034553;0.0068955;0.016789;0.005779;0.017853;0.0057543;0.0022508;0.0037625;0.012428;0.0092627;0.017691;0.0051926;0.013614;0.014408;0.016459;0.0024153;0.019489;0.000431;0.010304;0.015098;0.0095893;0.0008606;0.015265;0.0067338;0.0063062;0.013965;0.010386;0.0043578;0.017252;0.01124;0.016005;0.011227;0.0084121;0.011999;0.011996;0.014644;0.015377;0.015244;0.002289;0.0065499;0.0097603;0.019457;0.0015329;0.0088011;0.0082714;0.018173;0.0034017
18;1.0887;0.87962;2;0.85;0.5;50;50;Manhattan(MinimumTimesMedian);0.0043517;0.016879;0.017788;0.020463;0.010121;0.015039;0.015988;0.00288;0.019138;0.01861;0.0048611;0.0028675;0.0058813;0.0073659;0.0049357;0.010358;0.01975;0.01161;0.011878;0.0030471;0.0005601;0.0059466;0.01323;0.0014152;0.011424;0.012547;0.012975;0.011366;0.016842;0.0089843;0.016394;0.012089;0.0010316;0.018227;0.0054068;0.010934;0.011746;0.002769;0.018482;0.0079628;0.016331;0.006865;0.0198;0.014465;0.010898;0.016512;0.011592;0.0013221;0.013663;0.0050977;0.014241;0.020457;0.0077482;0.010622;0.0017969;0.0086595;0.0038417;0.014136;0.012509;0.019916;0.0076181;0.0043563;0.010491;0.0077427;0.0049574;0.0079046;0.0012686;0.013614;0.018033;0.012888;0.0040711;0.015667;0.0072734;0.0095682;0.010322;0.0020867;0.0095757;0.021313;0.0054859;0.01079;0.006265;0.016886;0.0057608;0.015053;0.0045242;0.008679;0.020598;0.0054968;0.016983;0.017823;0.020193;0.0037501;0.003578;0.0022198;0.0029645;0.0095779
19;1.3684;0.13106;2;0.85;0.5;50;50;Euclidean(Minimum);0.0029946;0.00025334;0.0014311;0.00095714;0.0046761;0.01716;0.023604;0.018035;0.00073383;0.013724;0.020153;0.00056107;0.00049793;0.00054072;0.015536;0.012498;0.019151;0.022935;0.0073355;0.008243;0.00027474;0.0042882;0.01966;0.0050116;0.0014305;0.0011142;0.0032052;0.023967;0.0094306;0.0056531;0.009201;0.018255;0.017422;0.01528;0.00082712;0.0012412;0.0019965;0.0064816;0.017368;0.013049;0.019094;0.014413;0.023367;0.015111;0.0037689;0.0030966;0.020923;0.010131;0.00027607;0.00016259;0.006201;0.023259;0.021069;0.00013746;0.017322;0.019269;0.015712;0.0034611;0.016354;0.0061922;0.0053764;0.0011227;0.0039408;0.020325;0.00028056;0.00010529;0.0021656;0.012551;0.018306;0.01259;0.0083046;0.02201;0.023563;0.00019175;0.00021235;0.0021753;0.0012583;0.0047664;0.0075615;0.02204;0.022531;0.023618;0.012482;0.0074833;0.0023095;0.01669;0.022376;0.017484;0.012927;0.021929;0.018618;0.00627;0.0038746;0.01382;0.012848;0.010396
20;1.426;0.13657;2;0.85;0.5;50;50;Euclidean(Minimum);0.0094354;0.017215;0.020693;0.022743;0.014547;0.016143;0.003;0.0081584;0.013924;0.0073342;0.0087582;0.014315;0.010006;0.0022081;0.0033168;0.0019638;2.2878E-05;0.00038469;0.021067;0.021167;0.00093609;0.0012453;0.019702;0.0076219;0.01347;0.0069489;0.019045;0.023387;0.0027276;0.0043334;0.0054993;0.0018378;0.00099647;0.023562;0.0014347;0.0077065;0.016246;0.013642;0.021362;0.024788;0.022216;0.001131;0.022324;0.014584;0.015363;0.015001;0.00084907;0.0021205;0.019839;0.0014625;0.019745;0.024227;0.0030501;0.001019;0.021251;0.017251;0.022052;0.00014662;0.016521;0.00012968;0.0015577;0.00080809;0.00085694;0.0023359;0.018328;0.01445;0.0052927;0.011435;0.022134;0.014452;0.0024964;0.023961;0.0046142;0.016753;0.0050304;0.0089584;0.0045896;0.024698;0.0095218;0.00026809;0.0046432;0.005379;0.0074038;0.019815;0.0034175;0.013263;0.00099165;0.0098954;0.00040019;0.0024324;0.024407;0.00036759;0.0095322;0.01873;0.00091197;0.012691
21;1.4319;0.13714;2;0.85;0.5;50;50;Euclidean(Minimum);0.0066033;0.023074;0.0053691;0.022995;0.016414;0.020626;0.01992;0.0093139;0.017736;0.0090782;0.010188;0.022527;0.014127;0.021857;0.0017008;0.015344;0.020928;0.0039923;0.019956;0.0013554;0.00031678;0.00033437;0.012426;0.011343;0.0082911;0.0065587;0.0046145;0.001595;0.0016363;0.001824;0.0076299;0.020867;0.0078059;0.017894;0.013274;0.0010857;0.0013413;0.0067577;0.020889;0.012084;0.0025557;0.017682;0.019813;0.02117;0.020106;0.0155;0.00053519;0.012763;0.017875;0.0023108;0.0017531;0.00031103;0.01642;0.0025165;0.0072549;0.023001;0.0099297;0.00024502;0.0030733;0.015523;0.0010771;0.0025779;0.010441;0.020959;0.008218;0.01579;0.001866;0.0081632;0.020277;0.01777;0.00036009;0.023334;0.018748;0.01319;0.0013809;0.0001941;0.002084;0.021397;0.016798;0.0025645;0.00017024;0.018455;0.001597;0.0033558;0.014714;0.018625;0.00016012;0.010111;0.010736;0.0021631;0.022824;0.0017255;0.0095772;0.020048;0.0053639;0.0011742
22;1.6655;0.23982;2;0.85;0.5;50;50;Euclidean(GeometricAverage);0.012105;0.0024114;0.045388;0.0023857;0.037202;0.0031581;0.0030588;6.9028E-05;0.04584;0.011918;0.042114;0.0064887;0.0022262;0.0038087;0.0011844;0.0020195;0.0013034;0.0078054;0.044411;0.0012753;0.0052796;0.006112;0.029058;0.008834;0.0034757;0.0041213;0.003137;0.0021649;0.035547;0.0062659;0.0048757;0.0046257;0.04121;0.00069877;0.0038443;0.006406;0.001432;0.0005814;0.045843;0.0020107;0.0019684;0.019918;0.029769;0.044661;0.0025117;0.0043896;0.0021005;0.0032573;0.0057951;0.0018967;0.000641;0.044376;0.0016092;0.04262;0.037382;0.0071348;0.0045313;0.00608;0.0033454;0.0060318;0.00094225;0.00416;0.0025814;0.04208;0.00079261;0.0024212;0.04528;0.0030635;0.018206;0.011145;0.00089194;0.0063243;0.0050433;0.0035728;0.0072842;0.0014587;0.0024239;0.0015908;0.0012438;0.0041835;0.034362;0.0014765;0.00086702;0.00332;0.0019332;0.00092568;0.0029683;0.0037205;0.00042742;0.0025197;0.0013866;0.0004758;0.00051937;0.00069382;0.013553;0.0044437
23;1.6908;0.24516;2;0.85;0.5;50;50;Euclidean(Median);0.039688;0.0015386;0.0078442;0.00040416;0.00089134;0.0024982;0.0028924;0.0006719;0.040466;0.0012763;0.0061556;0.0042043;0.002279;0.000973;0.0023759;0.0015762;0.0058367;0.0013373;0.0051934;0.0026193;0.0064371;0.0044413;0.0076171;0.0046832;0.0030933;0.00010502;0.0042167;0.035591;0.040191;0.0023581;0.001986;0.015871;0.0046162;0.038556;0.00031448;0.0026918;0.0095169;0.039596;0.037049;0.0013943;0.012771;0.0018307;0.028492;0.026834;0.003095;0.00059988;0.0019969;0.00031485;0.0018503;0.010953;0.0036201;4.5362E-05;0.0039928;0.0018402;0.0050964;0.0016703;0.0014611;0.040034;0.039124;0.002781;0.0030341;0.0015478;0.0015211;0.00096759;0.00098904;0.0012135;0.041399;0.0068358;0.0058058;0.0031363;0.0049301;0.041418;0.014606;0.0053351;0.038268;0.041016;0.0031177;0.0023655;0.003767;0.0010671;0.0023291;0.0037763;0.001657;0.00047429;0.003218;0.040922;0.0006346;0.0014708;0.00012507;0.036175;0.00015563;0.00093438;0.041764;0.040145;0.022439;0.0019897
24;1.6964;0.24427;2;0.85;0.5;50;50;Euclidean(GeometricAverage);0.0312;0.018807;0.003197;0.00051763;0.0035997;0.043938;0.0064996;0.00069901;0.00031594;0.043471;0.00083383;0.0016741;0.0028659;0.00087631;0.0019251;0.0022252;0.035189;0.038533;0.0030038;0.0010395;0.0018675;0.0081587;0.0002442;0.045923;0.00035582;0.004009;0.0059654;0.0027257;0.0079973;0.018679;0.00049293;0.0013186;0.0034813;0.046656;0.0087392;8.4131E-05;0.00099188;0.0063383;0.0043325;0.0052831;0.0019047;0.0050807;0.0049183;0.043139;0.026561;0.00042803;0.046186;0.00080363;0.0008272;0.00078255;0.00030209;0.00073954;0.00027123;0.0015596;0.0034724;0.0097444;0.00025769;0.00039392;0.0065458;0.0007909;0.021715;0.012308;0.0042297;0.0025667;0.02522;0.0015389;0.0058287;0.00036751;0.0013219;0.017656;0.0024101;0.0018669;0.0011597;0.0013968;0.0046584;0.0086118;0.0067194;0.0016914;0.044031;0.042199;0.042527;0.0061425;0.036475;0.00095053;0.006702;0.04578;0.00017966;0.00069493;0.0012231;0.042273;2.2632E-06;0.00070429;0.034466;0.00044339;0.0020374;0.0031396
25;1.7187;0.24921;2;0.85;0.5;50;50;Euclidean(Median);0.001393;0.00026646;0.0019238;0.00018989;0.0015661;0.011698;0.00018342;0.0024882;0.0029633;0.0036716;0.011905;0.0013171;0.0027076;0.011774;0.013761;0.025018;0.043039;0.0037577;0.045689;0.0026749;0.0080865;0.041667;0.0046282;0.00012601;0.00043992;0.0019954;0.0084491;0.00060912;0.016884;0.0031664;0.045796;0.0038113;0.0024785;0.0013991;0.00074008;0.0043919;0.0010931;0.0075578;0.0001622;0.00045006;0.0013553;0.0083668;0.01866;0.044567;0.0018065;0.043893;0.0115;0.00058874;0.010557;0.033271;0.0037805;0.0019677;0.0031058;0.00028271;0.0018217;0.0030203;0.00020798;0.0010402;0.0038238;0.0028038;5.9809E-05;0.0045776;0.00017989;0.0003207;0.00034452;0.0011779;0.0047404;0.00064742;0.00046722;0.044947;0.0020579;0.0023685;0.026084;0.00051381;0.024402;0.002769;0.0129;0.00074007;0.0021018;0.01091;0.00026931;0.043761;0.045997;0.0010665;0.039815;0.00084758;0.00066492;0.013434;0.043078;0.031148;0.041014;0.0012261;0.0016089;0.01374;0.00017201;0.04151
26;1.7203;305.38;2;0.85;0.5;50;50;Euclidean(Summation);0.0048534;0.005616;0.0053995;0.0045027;0.0043125;0.0014418;0.00028629;0.0025693;0.0016789;0.004541;0.0078359;4.3634E-05;0.043796;6.9641E-05;0.0036913;0.0041631;0.04326;0.034317;0.0023605;0.001204;0.0011349;0.0025211;0.00028426;0.013758;0.036588;0.0048854;0.0014742;0.020478;0.0071523;0.03208;0.0026733;0.00056128;0.00019121;0.00010044;0.0082499;0.00020104;0.0022253;0.04776;0.0013194;0.047121;0.0089522;0.00041997;0.0019137;0.039721;0.00020458;0.012165;0.0008214;0.00090729;0.041707;0.039228;0.00070998;0.0082319;0.0011882;0.0016237;0.0066087;0.0082807;0.0020133;0.0020798;0.010223;0.00022055;0.004314;0.00042134;0.00069579;0.047692;0.00014465;0.0030867;0.0036751;0.0034948;0.00091069;0.0016378;0.0027733;0.016638;0.008686;0.048282;0.0058566;0.0015424;0.0077275;0.010171;0.0047662;0.017394;0.0042851;0.00074024;0.005148;0.0012695;0.046443;0.0045924;0.046068;0.012017;0.00067577;0.0365;0.00099395;0.00023573;0.048676;0.0055736;0.0027497;0.0002012
27;1.732;0.25113;2;0.85;0.5;50;50;Euclidean(Median);0.0026963;0.00037211;0.0016082;0.0015263;0.00066748;0.0015396;0.0024472;0.0037163;0.0023086;0.0038511;0.038247;0.00071458;0.002847;0.039972;0.00043627;0.001817;0.0022201;0.00034131;0.0052265;0.001502;0.03196;0.0043553;0.0050959;7.85E-05;0.0038318;0.0049791;0.0011468;0.0028482;0.0009087;0.00010677;0.0031997;0.00080194;0.00099812;0.039952;0.0046581;0.0043681;0.0022646;0.00123;0.038206;0.0012076;0.0036957;0.0024556;0.043525;0.00076541;0.00031325;0.0036818;0.00034317;5.6791E-05;0.0032024;0.004577;0.033425;0.039805;0.0010578;0.031591;0.004178;0.00042227;0.02532;0.005791;0.0010637;0.00074113;0.00066167;0.00033461;0.0030292;0.037199;0.0035894;0.0066956;0.0033729;0.00058915;0.0011238;0.0026889;0.013633;0.0038855;0.0010336;0.042206;0.041533;0.00026284;0.0014621;0.035042;0.0014686;0.0025686;0.039203;0.039167;0.0037354;0.041126;0.008096;0.042857;0.00028904;0.0049474;0.041424;0.002574;0.0049034;0.0056489;0.036737;0.00074308;0.026048;0.027856
28;1.7343;0.25132;2;0.85;0.5;50;50;Euclidean(Average);0.013423;0.042686;0.040196;0.00099655;0.0052203;0.042129;0.0010752;0.029439;0.001004;0.0014401;0.0012184;0.0014676;0.039221;0.0031843;0.00064018;0.01161;0.00028929;0.040445;0.03996;0.028899;0.038609;0.0010172;0.041226;0.0011212;0.0057346;0.00063428;0.0064007;0.00019511;0.0027318;0.0013475;0.0010983;0.042387;0.0012551;0.0011362;0.00014943;0.015714;0.0010937;0.0024715;0.00089122;0.0011153;0.001483;0.041177;0.00097918;0.0026235;0.0083325;0.0018424;0.0034184;0.00051756;0.0013691;0.002112;0.037126;0.0014003;0.0012322;0.0057677;0.037286;0.010407;0.004954;0.0045628;0.042209;0.002325;0.00025287;0.0021225;0.042782;0.00030871;0.0018864;0.039659;0.00047212;0.00023461;0.0018523;0.0015985;0.0010829;0.0027225;0.013567;0.0020799;0.0078249;0.0016601;0.00080794;0.029575;0.0052758;0.0010575;0.00024514;0.0034813;0.00017938;0.00089372;0.042406;0.0037322;0.0049204;0.0048943;0.0015783;0.0013946;0.042774;0.00077671;0.0022696;0.0021198;0.0026319;0.0068825
29;1.738;0.25184;2;0.85;0.5;50;50;Euclidean(Average);0.00058526;0.039526;0.0034628;0.0076432;0.044031;0.00022257;0.0011637;0.0057543;6.7665E-05;0.0013092;0.0010072;0.045425;0.0015;0.0023554;0.0030336;0.0020073;0.047519;0.038079;0.047155;0.0010832;0.0017542;8.2312E-05;0.0059612;0.0037592;0.0016087;0.026167;0.0012384;0.0015526;0.00011166;0.041413;0.00049067;0.00070865;0.0008142;0.010544;0.0064894;0.0037641;0.0082346;0.0002395;0.001776;0.043852;0.028066;0.00092503;0.00051859;0.0042092;0.0044684;0.045908;0.00016901;0.0024309;0.0023642;0.001832;0.00047882;0.0056818;0.00185;0.017706;0.041204;0.0033786;0.0034961;0.00064684;0.046678;0.00316;0.004103;0.0041655;0.029465;0.0010976;0.028896;6.8088E-05;0.0049081;0.0080682;0.00053382;0.0015736;0.0083269;0.021386;0.0029416;0.0018778;0.00032767;9.9063E-05;0.0012906;0.042574;0.0027149;0.00083755;0.0077142;0.016019;0.038145;2.4428E-05;0.0025593;0.0067336;8.426E-05;0.00038899;0.003052;0.046111;0.0076381;0.00087066;0.0071143;0.00030376;0.028962;0.00036136
30;1.7443;0.25276;2;0.85;0.5;50;50;Euclidean(Average);0.0084926;0.00052941;0.0065894;0.0011718;0.0045369;0.00046954;0.0045744;0.00078728;0.00060124;0.00082215;0.046645;0.00047028;0.001044;0.039703;0.04556;0.00032814;0.0029034;0.0016432;0.0076766;0.00042697;0.00064296;0.0013933;0.001255;0.00080377;0.0034879;0.028268;0.0045196;0.00016963;0.0026763;0.0048597;0.00045183;0.0094877;0.004678;0.0057449;0.0038839;0.0012191;0.0074678;0.046919;0.012317;0.011501;0.0059625;0.001941;0.0049427;0.045057;0.0080913;0.043315;0.011183;0.0018066;0.038238;0.004059;0.0054989;0.021229;0.0001434;0.00093849;0.0010117;0.003883;1.4354E-05;0.048132;0.043011;0.0026894;0.010128;0.013238;0.00027838;0.0092227;0.00081159;0.04125;0.003529;0.0020507;0.00065444;0.0049916;0.046229;0.047526;0.00046227;0.048171;0.0033345;0.0044152;0.0012466;0.0014737;0.0024518;0.00060369;0.0062403;0.01068;0.0016236;0.0070355;0.0052098;0.0041225;5.1528E-05;0.0046368;0.036179;0.0079851;0.047814;0.00028675;0.0028005;0.00041152;0.0042197;0.00076662
31;1.7487;310.41;2;0.85;0.5;50;50;Euclidean(Summation);8.2472E-05;0.0012334;0.00050352;0.00050389;0.00027981;0.034178;0.00026511;0.0022428;0.006883;0.00071798;0.034091;0.001951;0.00066469;0.00065255;0.0025107;0.03494;0.0040935;0.00067615;0.00046506;0.0011626;0.036301;0.040062;0.040356;0.00049279;0.030076;0.00030241;0.00052161;0.039757;0.00029812;0.00098657;0.0046904;0.00045269;0.0033846;0.041631;0.0042364;1.0527E-05;0.0038031;0.00084257;0.036144;0.0031991;0.04054;0.039813;0.00043448;0.040537;0.00053079;0.0006184;0.0026126;0.00027542;2.7096E-05;0.0093379;0.0014509;0.0012555;0.0075296;0.00047771;0.0031518;0.0049185;0.0013406;0.0027693;0.019401;0.001191;0.023645;0.0061382;0.037129;0.0059605;0.00018853;0.0010467;0.0026686;0.00024049;2.8265E-05;0.0074167;0.040913;0.0012131;0.0029278;0.041945;0.002054;0.042411;0.0029298;0.040113;0.0020625;9.5095E-05;0.0012211;0.038372;0.0024582;0.00055439;0.0069074;0.00095579;0.0015348;0.0013534;0.0010357;0.0030783;0.0024719;0.03626;0.042512;0.0032719;0.0026208;0.00040832
32;1.7649;0.25414;2;0.85;0.5;50;50;Euclidean(GeometricAverage);0.046606;0.00054336;0.012967;0.002037;0.0009107;0.0024468;0.012923;0.00039727;0.0020958;0.047309;0.048265;0.0021901;8.3473E-05;0.011255;0.00037966;0.0032505;0.0027611;0.039372;0.035279;0.043309;0.00033083;0.0007229;0.00048253;0.0036169;0.00058913;0.013393;0.0017257;0.0014097;0.045619;0.0034492;0.0012608;0.0020029;0.0062826;0.00066131;0.0003133;0.044807;0.0042628;0.00012274;0.0015203;0.00066043;0.016424;0.0016678;0.046644;0.0060607;0.046991;0.0011591;0.003716;0.046326;0.0090272;0.00258;0.0025797;0.00059024;0.038346;0.0015399;0.0012641;0.0015566;0.0010385;0.00034712;0.0032891;0.011993;0.047405;0.0021912;0.0068403;0.0027058;0.0006482;0.0031133;0.025157;0.00081958;0.042704;0.0027606;0.0042432;0.0019376;0.047133;0.0018573;0.0029206;0.0019061;0.015026;0.0023597;0.00095862;0.013872;0.00090227;0.0040479;0.0015181;0.0017215;0.0027379;0.046391;0.010463;0.0029775;0.0018361;0.0003529;0.0032585;0.00024602;0.0024244;0.00090635;0.0026671;0.00023623
33;1.8364;325.98;2;0.85;0.5;50;50;Euclidean(Summation);0.00073602;0.0027999;0.043374;0.00028215;0.0029607;0.00076124;0.00041518;0.011198;0.032237;0.0031687;0.00036014;0.047494;0.0012463;0.046177;0.043429;0.0015092;0.00088215;3.1457E-06;0.01257;0.047721;0.0015721;0.0041111;0.014233;0.00071394;0.044974;0.047399;0.00074517;0.040178;0.0076909;0.0015254;0.029617;0.00082212;0.00039159;0.01015;0.0013325;0.0040773;0.0086074;0.0019039;0.0040272;0.0068586;0.00063691;0.0030226;0.0022136;0.001002;0.012715;0.00023306;0.0029297;0.0026;0.00024815;0.00074444;0.003269;0.0014001;0.0051774;0.044279;0.0018568;0.0019329;0.048096;0.003891;0.0011765;0.043082;0.0027583;0.0032614;0.0010322;0.00052346;0.0030398;2.2482E-05;0.043946;0.0012712;0.046043;0.046913;0.0024138;0.0011286;0.047707;0.0027491;0.00043136;0.0028981;0.0022058;0.0015559;0.0013644;0.0057241;0.00084145;0.00086457;0.00066257;0.00058711;0.00080417;0.0045185;0.00059024;0.0024138;0.0010203;0.0015861;0.0028267;0.0019984;0.0010517;0.0025542;0.0022347;0.047694
34;1.9846;0.02756;2;0.85;0.5;50;50;Euclidean(MinimumTimesMedian);0.0065004;0.007496;0.020173;0.017256;0.0067911;0.0028037;0.027288;0.021166;0.027069;0.0041033;0.00025124;0.024097;0.00016927;0.0036799;0.024083;0.02593;0.026743;0.005991;0.0044711;0.02417;0.0049099;0.0016707;0.0082744;0.00068741;0.027249;0.0032373;0.024434;0.0019655;0.027227;0.0039473;0.00039478;3.6057E-05;0.0092177;0.0013115;0.0026209;0.0086006;0.0013546;0.0010819;0.026046;0.026471;0.0017976;0.026623;0.013217;0.025703;0.0011401;0.0039142;0.02471;0.0022244;0.026137;0.00019901;0.0009462;0.027166;0.0069828;0.0037374;7.8709E-05;0.025428;0.0046533;0.024716;0.00067091;0.012543;0.0034544;0.00093898;0.023276;0.0027519;0.0013909;0.01322;0.0032166;0.023283;0.0015704;0.0078069;0.0056725;0.024345;0.026107;0.00057445;0.0017022;0.0010483;0.00045932;0.0050804;0.026272;0.018165;0.0056745;0.0011153;0.019805;0.00014174;0.00074748;0.010788;0.020856;0.0009491;0.0071904;0.0084262;0.00077588;0.0055595;0.012148;0.0012709;0.00046464;0.020193
35;2.0037;0.027825;2;0.85;0.5;50;50;Euclidean(MinimumTimesMedian);0.030288;0.01186;0.00059484;0.020508;0.030329;0.0088955;0.022698;0.00091693;0.031827;0.0077143;9.5552E-05;0.0022604;0.0015287;0.031359;0.0013186;0.0093218;9.4887E-05;0.0018058;0.00041485;0.0049453;0.0069926;0.021145;0.028538;0.0010932;0.0015091;0.020179;0.0027889;0.0021047;0.0046156;0.015126;0.0021697;0.0034782;0.0032433;0.0020804;0.0059223;0.026854;0.02654;0.0027189;0.029179;0.0022583;0.021771;0.0044517;0.027681;0.00025357;0.029028;0.031533;0.0017863;0.0012876;0.018547;0.0013482;0.0018904;3.2777E-05;0.00062139;0.0038694;0.0084524;0.0022611;0.01735;0.0028658;0.0031759;0.0053585;0.020232;0.0070621;0.002326;0.027536;0.0092188;0.027441;0.00493;0.001366;0.01169;0.019047;0.0030482;0.00018778;0.0052409;0.0039303;0.0028507;0.00053399;0.031578;0.0045085;0.0087124;0.019129;0.022083;0.031736;0.02947;0.031239;0.0018343;0.0047369;0.0038433;0.002275;6.1523E-05;0.00027861;0.028946;0.00015379;0.018434;0.0018322;0.00048214;0.0011516
36;2.0841;0.028941;2;0.85;0.5;50;50;Euclidean(MinimumTimesMedian);0.016327;0.019162;4.7717E-05;0.022179;0.0010401;0.0021117;0.028433;0.020603;0.023138;0.027659;0.0020264;0.024065;0.010506;0.00021225;0.028414;0.00092451;0.018438;0.025892;0.025875;0.00020038;0.0046485;0.0018742;0.021488;0.0015196;0.0085296;0.00027883;0.0048078;0.0088677;0.0011649;0.00045809;0.0026801;0.024942;0.0059768;0.00094302;5.086E-05;0.0003278;0.0022558;0.0053888;0.027951;0.0030904;7.2119E-05;0.0087821;0.0019683;0.027908;0.012878;0.014018;0.00065716;0.0048682;0.02117;0.00061468;0.0014046;0.028449;0.00043922;0.026538;0.027051;0.0036912;0.0058654;0.016786;0.0004613;0.02647;0.00075828;0.0024589;0.00083296;0.015063;0.0052585;0.027652;0.00054569;0.021085;0.00032617;0.01556;0.012703;0.025203;0.004756;0.011289;0.0057185;0.00013333;0.0094076;0.00038275;0.0029528;0.027487;0.0048405;0.019233;0.027268;0.00038827;0.0013516;0.0048814;0.019277;0.0049453;0.00118;0.0092235;0.00090524;0.0080451;0.026703;0.019829;0.0064155;0.0013481
population
1;2.3369;1.3174;1.1982;3.2908;0.72165;3.2006;1.701;0.089306;0.55877;0.31453;4.9165;0.32219;0.56685;1.0717;1.5343;1.4833;1.2847;3.0092;0.20512;0.48026;0.070194;3.0001;0.088556;0.79798;1.312;0.031286;0.10329;0.040117;0.08157;0.14606;2.5886;0.22439;1.7372;0.063657;1.2258;1.5619;3.8228;0.10145;3.0272;0.54181;0.1672;1.4542;1.7556;0.8855;0.51323;0.58039;0.88451;0.54449;4.9302;0.028584;0.092258;0.075191;0.16723;0.63741;1.9571;0.16292;5.2289;0.25195;0.22416;0.034342;1.3461;0.99127;0.67454;0.95627;3.9537E-05;0.58495;0.84406;3.9596;0.63872;2.8743;0.0046575;0.73939;0.59414;0.086142;0.017637;3.2835;0.21056;2.1676;1.3829;0.42421;1.3962;0.22244;0.14655;0.11689;1.6606;0.68993;0.11743;0.85881;0.93462;1.9014;3.2343;1.6936;1.2226;0.79225;0.53539;0.08459
2;0.10045;1.6739;0.58483;0.37838;3.1804;0.33277;0.35079;0.33583;1.0787;1.2574;2.2162;0.81696;1.3063;2.0149;0.75845;0.018439;2.4044;0.91722;2.2933;0.33721;0.06425;0.41775;0.82774;0.17491;3.5781;0.1459;0.15121;2.0225;0.03092;0.3016;0.44694;2.1413;0.23765;0.54433;2.2168;2.7424;0.93629;0.88832;1.821;0.87491;0.42114;1.1603;0.19637;0.16028;1.5008;1.1134;0.16913;1.7192;2.2579;0.01296;0.30186;0.21415;0.015553;0.97224;2.9;2.2494;0.1183;0.57226;1.4046;0.026572;0.055497;0.20763;0.62889;0.17128;0.090286;1.8019;1.4414;1.7509;1.4038;0.23452;3.7868;0.13482;1.6757;0.45418;0.56993;0.00060857;0.58908;0.25228;0.71136;0.10339;0.020155;0.012562;2.0711;2.2714;0.023851;5.5171;3.3706;0.024122;0.49253;3.6679;0.49883;0.80666;0.61402;0.01916;0.77184;0.61707
3;0.045259;0.16185;0.26533;1.2135;0.26752;1.2046;3.3982;0.51589;2.9764;0.87813;1.4603;0.33848;0.50846;0.089564;0.15581;0.073763;0.69054;0.21246;0.25365;1.1438;0.73483;0.42227;0.042959;0.18507;1.0231;0.44635;0.063693;0.51037;3.369;0.49811;0.055459;1.2663;1.6081;0.27534;1.7916;1.1085;0.60224;0.10045;1.3054;0.45555;1.0228;2.5394;0.82125;0.80027;0.13226;0.12553;2.793;0.12321;0.059141;1.1502;5.1837;2.0448;0.35661;0.033682;0.30465;0.19786;0.080238;0.40037;0.67124;1.7041;2.6374;2.6467;2.6424;0.0027015;0.41831;2.8481;0.3047;2.4309;0.98228;0.0056343;0.0014687;0.14943;0.16206;0.016746;0.27286;1.8612;0.31875;0.03511;0.58249;0.08979;0.17289;0.90706;0.010862;0.43829;0.18035;0.3468;0.16329;0.044681;4.0682;0.00023667;0.021074;0.85543;1.713;0.032252;3.5506;0.20425
4;0.53587;0.61974;1.2539;0.23381;2.3325;1.0525;0.42367;2.4544;1.2293;0.37286;0.32529;0.29832;2.7585E-05;0.14562;1.5896;0.499;2.2321;1.1648;0.15791;2.5381;0.43036;0.96305;0.18609;2.4397;0.41895;1.3184;0.71868;0.26662;1.2625;0.01379;0.25871;0.42034;0.82491;0.17463;3.882;3.0579;1.5214;0.49066;0.34447;0.76848;0.77492;1.9054;1.0815;0.35308;0.23856;1.6253;1.3733;1.5658;4.2911;0.7421;0.09577;1.0155;0.21801;2.6265;1.5848;0.0038665;0.42233;3.7317;0.19145;2.3899;2.4126;0.15253;5.0365;1.1126;0.45001;0.93274;2.5226;0.45476;0.01175;0.041947;0.16373;0.014748;3.9337;3.308;0.0010242;0.028626;2.054;0.25586;0.66656;0.053324;0.11999;0.03677;1.8433;5.8601;0.037107;1.2235;1.659;3.8317;0.0086471;0.66928;0.047575;0.10723;0.81268;1.4554;0.58323;0.0099283
5;0.061692;2.5333;0.29889;0.47754;0.39413;0.17294;2.3448;0.27233;0.16171;2.4687;1.1543;0.26373;0.080174;1.519;2.7355;0.99597;0.08837;0.84116;1.014;0.21622;0.80189;1.2758;0.60897;1.0194;0.29903;2.3157;2.184;0.079093;2.2696;0.37474;1.4132;2.5079;0.93263;0.62118;1.7109;0.44163;0.35661;2.3322;0.12921;1.3036;1.3338;0.58108;0.32374;0.95145;0.011557;0.24298;0.18577;1.5354;1.26;0.17509;0.64187;4.9917;0.00063469;0.073311;0.14576;0.54443;0.23242;0.11684;2.7013;1.3748;1.0034;0.021993;0.0021432;7.7391;1.8566;6.8161;0.089512;0.16501;0.04777;0.037621;0.91317;1.147;0.79054;0.1318;0.059484;0.27704;0.21192;0.091274;0.0033987;2.0324;0.13607;0.029138;0.18842;0.39439;0.49024;6.8877;1.0752;3.0399;0.024317;0.067578;0.93694;1.5394;0.24157;0.2718;1.6061;1.539
6;0.97546;0.68406;0.46416;0.14377;0.18471;0.33457;0.73712;0.58832;0.26156;1.494;0.12844;0.80548;0.13768;0.71248;2.4583;0.61258;3.6239;0.44098;0.46793;0.91071;0.49206;0.09793;1.2069;1.2262;1.0776;0.19153;1.1435;0.14501;0.033439;0.4198;1.1402;0.3281;0.087285;0.82325;1.3223;1.3708;0.065009;2.0431;0.12832;0.95701;0.43235;1.4335;0.22715;0.039308;0.16365;0.53637;0.60092;1.3833;0.095635;0.12888;0.015263;0.40857;0.20912;1.015;3.0175;0.69314;0.034135;1.1869;0.06302;0.0043492;2.1369;0.8144;0.00055322;0.0069588;0.002066;0.20229;0.086547;0.49424;1.2417;0.0008897;0.021274;1.5822;0.0076586;1.6084;0.2278;2.275;0.38926;0.25412;0.018386;0.027793;0.98822;0.63989;0.051422;1.7405;0.9205;0.58002;0.13089;0.59286;0.0024075;0.42799;4.2428;0.85365;0.27583;0.42707;2.7302;0.36068
7;1.125;1.1883;2.9994;0.76969;1.174;0.75811;1.8508;3.67;1.6699;1.3875;1.0859;3.6152;1.0216;0.83022;0.70165;0.66229;1.564;4.3499;3.652;0.065032;0.17785;1.7424;0.24353;1.1325;0.040954;0.59595;4.1432;0.36603;0.47338;0.47066;3.3452;0.53827;1.4497;0.24661;0.64235;0.28741;0.97537;0.29735;0.71856;0.39628;0.27975;1.0917;1.0638;1.7002;0.25929;0.70173;0.26299;0.32771;1.6462;0.15122;1.2247;0.0009816;1.1642;0.2508;1.4065;1.6357;1.0538;0.15933;0.00063244;0.52648;3.6129;0.08949;0.38432;0.66032;0.15312;0.034964;0.22235;0.9643;1.7745;0.45413;0.27245;1.1234;0.16121;0.00021717;4.9896;0.4861;1.1644;0.23374;1.081;1.5568;0.9902;2.8354;0.010434;3.4876;0.26052;2.7787;0.38152;0.90142;0.003365;0.35608;1.6216;0.0092119;0.28508;0.11323;0.0050878;0.61795
8;0.078826;0.89753;0.32186;0.53667;0.66359;0.11815;0.22436;0.10299;1.0023;0.91221;0.49268;0.32206;0.33099;1.028;0.84571;0.039237;0.21046;1.0975;2.0629;0.35025;0.40478;0.61356;0.32768;1.2637;0.46178;1.4249;1.5621;1.2743;1.0943;0.0072795;0.82233;1.2252;0.66113;0.23505;1.4758;0.37054;0.85183;1.1524;0.6158;0.40474;0.16669;0.40762;3.9699;0.10708;0.47073;0.38228;0.18307;0.17896;3.0038;0.11591;1.4726;3.511;1.0229;0.32061;0.036642;0.059048;0.38097;0.026853;1.0435;3.0407;0.17359;0.015934;0.57097;0.36139;0.53354;0.010578;0.018291;0.82065;0.52679;1.4332;0.37796;0.0090614;0.098277;0.7829;0.7475;1.117;1.1428;0.62318;3.9175;0.8776;1.3505;0.46053;1.1521;1.1529;0.65893;0.99518;1.4455;0.059157;0.052456;0.0070568;0.33576;0.54371;0.016428;0.72996;0.20541;1.4997
9;0.46415;1.2643;1.5193;1.9654;2.0552;0.36103;1.5313;2.5192;0.052162;0.6776;0.0038826;0.43099;1.2276;0.96614;0.38984;0.52132;1.1769;0.17401;1.5815;1.3968;0.21764;0.67745;0.20961;1.0581;1.709;2.1788;1.1903;1.1109;0.20488;0.57244;0.57382;1.9116;1.2496;0.62233;0.96438;0.88985;1.0818;0.50983;1.8023;0.89443;1.1559;0.35729;0.25347;2.8119;0.77708;1.4327;1.0835;0.23338;4.0747;3.1278;0.035795;1.9351;1.2723;0.27219;0.93152;1.2686;0.28654;0.95728;0.73272;0.60642;0.023005;0.19858;0.26147;0.00079843;0.098493;0.79264;3.7005;1.6158;1.1848;6.1628;0.27204;0.047105;3.8068;0.020024;3.3441;0.093179;3.2235;0.23084;0.48131;0.33722;0.06525;0.62714;0.27142;0.90759;0.014758;0.69345;0.51499;4.9623;0.17994;3.4743;0.31684;0.26985;0.40625;3.1947;0.09267;0.014794
10;0.63497;0.88556;0.06541;1.8038;0.34684;0.079009;0.80063;0.006231;1.8519;0.48937;2.9659;2.1925;0.028557;0.0775;0.046496;4.2009;1.4101;1.1335;6.4846;0.686;1.4927;1.2245;0.02621;1.1194;1.2071;0.080692;0.56066;1.5405;0.093464;1.326;0.18814;0.098831;1.5399;0.13272;1.1317;1.1494;2.1956;0.0056239;0.55487;1.9316;1.8822;0.16935;0.90136;0.47461;1.9078;0.55456;0.38652;2.1763;0.050809;1.4271;0.045724;0.067641;2.0217;3.4482;0.16474;0.013149;0.10645;0.02495;0.011012;0.23422;1.0645;2.9939;0.12875;0.000769;1.628;1.7342;0.19002;3.6141;0.066502;0.21463;1.9288;0.75709;0.64841;0.62953;0.0096147;0.060707;1.2251;1.4663;3.476;0.20484;5.104;0.013331;0.28054;0.17041;3.5855;0.45592;0.59555;4.9992;0.00049658;1.1274;1.3831;1.0086;0.41064;0.76366;0.98921;1.1147
11;0.17833;0.6621;1.1004;1.4281;0.74874;0.31485;0.53759;0.12143;0.25574;0.015085;0.12303;1.8187;0.40164;0.87379;1.9036;0.62006;0.32295;1.8038;1.8386;1.7397;0.14924;2.1697;0.43989;0.046017;0.08049;0.62198;2.1557;1.4129;3.0673;0.65727;0.017988;1.0393;0.24404;0.65444;0.23013;2.7365;0.86222;1.6161;1.7741;1.7842;4.4149;1.3023;2.2342;1.2383;5.9008;0.14728;0.34167;0.68659;0.13072;0.35594;1.345;0.49753;0.80591;0.40718;2.9745;2.1339;0.042754;1.9371;0.5148;1.6991;1.5728;0.98354;0.054529;0.34827;0.79273;2.3915;0.51669;1.0513;1.2617;0.21004;0.0023671;0.15801;3.2262;0.52758;2.2027;0.65297;0.46337;0.14583;0.24229;0.0039066;0.27473;0.34316;3.6949;0.72753;0.020124;0.083724;2.2524;2.5864;0.10446;0.4902;0.0073314;2.8397;0.078494;0.88545;0.58422;0.76248
12;1.0215;0.24759;2.5956;0.85286;4.4523;0.28239;0.36512;0.95139;3.5229;0.85739;0.11807;1.5094;0.5568;0.31083;1.672;0.5316;2.4413;0.48309;0.64909;0.71404;0.94934;0.60491;0.91972;0.15861;1.2472;0.40106;1.7915;0.84045;0.21057;0.89074;0.67172;1.2116;0.68874;0.34;0.070428;0.80001;0.32365;1.4083;0.0030787;1.6994;0.12184;2.5981;0.072327;0.44852;0.27422;0.44787;2.1915;0.42226;4.3535;0.42621;0.16917;5.1959;0.41168;0.30018;1.5134;0.79411;0.049098;1.2022;0.70424;1.5083;0.31575;0.3275;0.28522;0.014064;0.84546;0.70627;0.14459;0.24755;0.26019;0.11548;0.030844;0.2296;7.9421;0.064286;1.2151;1.0115;2.4021;1.2616;1.11;4.9633;0.046457;0.47917;0.12046;1.9684;2.1539;0.60852;0.0055436;8.1634;0.039614;0.14076;0.036599;0.97665;0.49347;0.38428;0.0016656;0.0037759
13;0.17822;1.1374;0.61463;0.22629;0.81603;0.41504;0.58608;1.9189;0.61705;0.081993;1.0348;0.064796;3.8276;0.57107;0.14096;2.0415;0.053432;0.56503;0.030028;1.1007;0.18455;1.2266;0.34855;0.13775;2.1036;1.9813;0.73459;0.9916;1.1167;0.92332;1.1337;2.4063;2.3916;0.062732;0.54806;1.4136;0.028019;0.66646;2.2555;0.066695;1.8433;0.51972;4.2656;0.6683;1.6532;1.4508;1.3392;1.3702;0.17818;0.048466;0.34039;0.24244;5.3552;0.30421;0.51978;0.046026;1.9512;1.3427;0.023017;1.2361;0.66472;0.14642;0.40409;2.9616;0.79954;0.94695;0.24316;0.0041761;2.8076;0.00074017;0.486;0.0065015;1.2553;2.8306;0.28994;0.15615;0.13427;0.86939;1.0954;0.090691;0.2918;0.18617;2.6848;2.7896;0.31038;0.75087;0.28393;0.0056246;0.86551;0.015439;0.21631;3.5617;0.27528;0.013761;0.38312;2.9251
14;0.34837;1.073;2.2707;1.8909;0.60121;2.3757;0.45252;1.1391;1.0311;2.8527;0.45777;0.1193;0.28307;2.2682;0.17231;3.3596;0.67257;0.48472;0.2778;2.1879;0.84995;0.75738;0.014068;1.2109;0.75634;0.47811;1.4993;1.2944;0.77242;1.7937;0.19182;0.70908;0.14048;0.084233;0.45906;1.9992;2.0235;0.83732;0.70404;0.33668;0.2024;0.29191;0.16589;0.077775;0.023526;1.0928;0.65057;0.084721;0.79855;1.426;2.4676;0.60954;0.15887;0.31365;0.27444;0.8211;0.79755;0.0034318;9.7207;0.073919;0.37945;1.1663;0.19688;0.011475;0.016246;0.90194;0.010632;0.24282;0.025075;0.47553;0.098736;0.66825;0.35118;0.37884;0.59673;0.030974;2.6717;0.028024;0.70238;0.0062165;0.61733;1.3942;0.012387;0.75367;0.070097;0.0012361;4.4288;0.84123;1.0544;1.637;0.001309;0.033105;0.047928;2.958;1.3026;0.24367
15;0.42668;1.1262;0.12754;2.7042;0.17013;0.19313;0.22706;0.50732;1.4199;0.8286;0.14857;0.023685;0.070237;0.46961;0.67282;2.2723;0.8021;1.598;0.54561;0.13777;0.3119;1.5047;2.0609;1.1673;1.5374;1.2269;0.089597;1.2341;1.7071;0.79927;1.6582;0.37193;0.34543;0.77602;0.55666;2.3338;1.3802;0.48224;0.50651;0.38402;1.8004;0.74089;0.75381;0.73953;0.30006;0.53027;0.56836;2.0134;0.53164;0.95041;0.19587;0.30382;1.8189;3.624;0.032662;0.14581;5.1424;0.0030533;0.18852;3.3706;0.53484;0.050917;0.41573;0.13915;0.57559;0.81814;0.39382;0.39941;0.084876;0.7924;0.15758;0.73379;0.21151;0.96077;0.9901;0.08572;0.0032806;2.0435;0.2328;2.1896;0.35634;6.5191;0.9928;0.038288;0.86795;0.40432;0.42065;0.054366;0.46458;1.3284;0.031142;0.0018718;0.00062442;0.75556;0.00019522;0.019238
16;1.3482;4.6517;1.609;0.056522;0.011549;0.33389;1.6288;1.1644;0.16892;0.36012;1.0052;0.74583;1.3725;3.0636;0.37223;1.3871;0.21536;0.39737;0.44847;2.2794;0.12841;3.6562;0.23848;1.4068;0.8964;0.29345;0.85341;0.90815;0.34784;0.48863;0.17075;0.24727;0.54641;2.4859;1.0969;0.03071;1.078;0.18457;0.59952;1.9679;0.035635;0.68155;1.4894;1.0553;1.3306;1.3571;2.5143;0.10487;1.7918;7.0969;3.8934;0.37822;1.3239;0.018813;2.6337;3.02;0.082095;4.2111;0.0030562;0.31794;0.0022517;0.25914;2.3642;0.012481;0.00037035;0.28539;0.083264;0.057059;0.48847;1.0602;3.5221;0.16755;1.1471;2.1631;1.2255;0.21466;1.1315;0.1087;9.236;0.86805;0.29324;0.040739;0.025307;0.86178;1.2747;2.9491;2.9561;1.9587;0.0062162;0.99862;0.098746;0.0038067;0.97006;0.91329;10.889;0.0051647
17;1.5486;2.9175;0.33041;0.91364;1.2976;0.37207;1.3765;0.13561;1.308;0.048687;1.1166;0.17884;0.52424;0.4303;1.8532;0.73511;0.75476;0.88833;0.322;0.0043767;0.3764;2.1027;1.1763;1.222;1.195;2.6602;2.7678;0.48214;0.013467;1.3156;0.11806;2.2234;4.6935;3.3786;0.27903;0.32827;0.10421;0.6158;0.44797;0.2233;1.7698;0.26393;0.63478;1.0544;0.4328;2.4211;1.2962;0.83013;0.15466;2.1987;0.14441;0.032286;0.10085;0.69029;0.15134;0.58651;0.23805;0.26233;0.6507;0.66985;0.51453;0.17272;0.28071;1.2187;1.8015;4.0506;0.56176;0.85583;0.027952;1.5602;0.041401;0.0080683;0.032425;0.22252;0.032566;1.38;0.78529;0.25309;0.65681;3.4988;1.1398;1.3662;0.20772;0.6967;1.0875;0.37972;0.82095;0.13109;0.7178;0.16273;0.0072966;1.1614;0.69443;0.036023;0.49813;0.40217
18;0.95097;0.083618;1.3199;0.73884;0.020672;0.24844;0.26821;0.64679;0.44113;0.74602;0.69144;0.96499;2.3372;3.924;0.049073;0.98796;0.59941;0.56815;0.6871;3.7396;1.2155;0.35459;0.70277;5.234;1.0736;1.6475;0.75933;0.94297;2.3271;0.72218;0.68571;0.44821;0.38239;0.98094;1.2966;0.30348;1.3812;1.4636;0.33566;0.64372;1.3032;1.2435;0.60232;0.88039;0.46862;0.50535;0.48595;7.0028;0.010186;1.1951;1.4521;3.2154;0.65908;0.3285;3.0362;0.31472;0.051779;1.861;0.61771;0.048258;0.0085608;0.21262;0.13672;9.6956;1.1435;2.4649;1.6849;0.022602;0.8277;0.026837;0.76726;0.33129;0.32976;0.067861;0.40846;0.0050061;0.9935;2.0726;0.88398;0.22409;0.12508;2.4232;1.4066;0.090062;0.0048409;0.67075;0.0022657;2.058;0.0001891;0.57562;1.5769;4.5397;0.08859;0.24668;0.40547;0.39834
19;0.23944;0.26313;1.2733;0.088408;0.7552;1.4723;0.52102;0.34426;0.60966;0.11428;0.64176;0.52411;0.6305;0.29512;0.29416;1.548;0.087525;0.2331;2.978;1.1227;0.43584;0.5353;1.1346;1.3374;0.065976;2.2769;0.33417;0.21084;1.7544;0.74498;1.0887;1.4651;0.5606;1.1739;0.077094;1.1064;0.0032842;0.1985;1.5339;0.30012;0.1266;0.87011;0.16419;3.1352;1.8056;0.93396;0.12655;3.1406;1.1454;1.9089;0.72694;0.20518;0.00059364;0.96212;0.00029759;0.0075442;5.1228;0.0077309;0.78079;2.1033;1.4958;0.61369;0.045667;0.17477;0.089461;0.41995;1.4923;0.022752;0.019905;0.026702;0.011545;3.1136;0.28816;0.84838;2.0979;4.1096;1.7793;0.0055421;0.85567;0.0028217;0.14862;3.6781;1.3438;0.0057248;3.9351;0.10061;0.0057193;0.27771;0.0005652;0.89786;3.2421;0.00050758;0.89382;0.00025538;1.5195;1.9892
20;0.17401;0.07993;0.055626;0.56502;0.15625;0.036408;0.39488;0.66041;0.56405;0.59805;0.3017;0.47031;1.1924;0.46232;0.90268;1.1687;0.41456;0.6591;5.0167;0.55659;0.66805;1.0997;1.3153;3.9419;0.18136;0.89277;0.94788;0.36274;0.54318;1.8206;0.33665;0.42835;0.86695;0.29475;0.53708;0.28011;0.34378;0.77005;1.0705;0.58536;0.19927;2.1698;0.049263;0.69724;0.5719;0.80874;0.54733;1.3295;0.30819;0.041243;1.537;0.83821;1.6949;1.02;0.097421;0.21134;0.0096292;1.7059;0.085713;0.091281;0.23798;0.0088954;0.21656;3.0545;0.086597;0.46088;0.13948;1.787;0.98335;2.5215;0.022695;2.0436;0.19688;1.2907;0.13948;0.056096;0.28189;0.38774;1.4438;0.66491;7.0787E-05;0.21776;2.1148;1.1477;1.0146;0.031413;1.0001;0.31822;4.9154;1.2689;0.022589;1.3107;7.0495;1.6251;3.7088;0.040337
21;1.7485;0.16792;3.0033;0.5746;0.60523;1.0227;0.22906;0.31155;0.14276;0.66849;1.227;1.6516;0.31728;0.58109;0.38762;0.025675;0.90217;1.3171;0.66068;0.96982;1.7463;1.2354;1.1921;0.21951;0.81165;1.9115;0.46667;0.46009;0.19398;0.70841;0.5044;1.0156;1.4393;0.24223;3.0341;0.36587;0.082729;2.3031;0.67136;0.41048;0.8829;2.2238;0.01982;0.40226;2.8426;0.19588;0.091946;0.61322;1.911;1.6658;0.65665;7.4792;0.084444;0.00095948;0.95893;1.4287;9.3626;0.0039568;0.15041;0.010915;0.73652;5.6619;4.4224;1.8824;1.346;0.38952;0.41673;2.4746;0.10917;0.040046;0.68406;0.018516;2.4776;0.57187;1.5594;0.095061;0.31248;1.239;3.8904;0.4397;0.49288;0.72178;0.18792;1.4969;0.64864;0.27806;0.38899;2.4963;0.86442;7.4973;0.027655;0.040478;4.5289;0.0066932;0.054224;0.74908
22;0.1936;2.3777;0.17441;0.33897;0.024693;1.6968;0.2904;0.83966;0.99694;0.21041;0.17599;3.6928;0.44569;1.4432;1.6634;0.78675;0.69163;1.3225;0.28524;0.9137;0.91118;0.15643;4.0294;0.27036;1.242;0.27322;1.4642;0.30562;1.2986;0.060461;0.086951;0.63683;0.20228;0.45725;0.60076;1.4571;0.64825;0.063551;0.12101;0.68361;0.34677;1.6842;1.7063;1.5721;0.11563;0.14758;4.0801;0.27661;0.074822;0.92588;0.0030586;0.3338;0.0027244;3.6494;0.63974;2.9988;0.75046;1.1521;2.8689;0.020838;0.40144;3.0971;1.8305;0.041293;0.054671;0.060642;0.0089748;0.0034918;0.66049;0.071655;0.0017611;0.01635;0.083783;0.18155;0.029348;2.6353;3.073;0.24925;0.041852;0.0036498;0.71193;0.54354;0.00022069;0.20989;1.6905;2.012;0.60946;0.0042992;0.18757;1.456;0.42589;0.28442;0.0041867;1.1388;1.3244;0.15966
23;0.55979;0.508;1.853;1.1002;0.27511;0.25138;0.88309;0.60852;0.52497;1.4433;0.35899;0.32952;5.4664;0.3475;0.77617;0.76838;1.454;1.2213;2.6611;0.34373;0.85413;0.92868;0.17082;1.131;0.96219;0.93253;0.20436;0.24899;0.041879;0.16403;0.85364;0.73684;1.1763;0.92813;0.090368;0.0027782;0.39728;0.20886;0.09725;0.59499;0.85159;1.7694;0.224;3.475;2.1726;0.059947;0.59275;1.9579;9.8683E-05;0.62439;0.80122;3.5442;0.38611;0.42622;4.9304;0.16634;0.031961;0.002483;3.9498;1.5059;0.018955;0.9867;0.58326;0.11733;0.37853;1.1315;0.41789;0.188;0.00020424;0.57538;0.76494;0.25072;0.54585;0.1058;1.33;0.57894;5.9642;0.0072816;0.13312;0.86152;2.8351;1.3449;0.46279;0.2988;1.2812;0.00099948;0.12343;0.40453;0.17546;0.07608;0.50003;0.61292;0.58658;0.09115;2.2009;0.11829
24;0.066914;0.87555;0.011667;1.059;0.70872;0.29378;0.1154;1.2348;1.3368;0.096756;0.29516;0.80265;2.4954;0.74938;0.76282;1.6296;0.59109;2.2073;0.047218;0.67234;0.76863;0.52704;0.25247;0.45653;0.13957;4.1544;0.65524;0.11255;2.1956;1.1539;0.52351;0.69289;0.080406;1.4871;1.1204;1.2745;1.0013;0.022038;0.43128;2.9185;1.9914;0.9599;0.37816;1.2535;2.3784;0.1906;1.4082;2.7441;0.022389;0.037566;1.253;0.55225;6.8655;0.47689;3.7003;0.75204;1.4942;0.038197;0.37524;0.018449;0.067234;4.2839;0.057799;0.068317;0.011657;0.39456;0.49869;0.0034775;0.046189;0.0064682;0.92063;2.6871;2.6312;0.0098;2.8685;1.4967;0.038974;0.49759;0.0030373;7.9322;0.011598;0.047974;0.37221;1.4127;0.61372;0.89887;0.45716;1.4018;0.066859;0.95761;0.062485;0.95527;0.50868;0.083276;0.71387;0.031748
25;1.4409;0.10286;0.86175;1.8262;0.40395;1.5042;0.034283;0.35575;0.58936;1.0075;2.8595;2.1743;0.005994;0.18915;0.22786;0.16092;1.9914;0.56523;0.18742;0.23735;0.044171;0.60802;0.14776;0.71608;0.25907;1.9464;0.68634;2.963;0.25654;0.028672;0.5404;4.4363;1.8097;0.39172;0.44021;0.9449;0.084939;1.5129;0.27998;1.6046;1.3946;1.2945;0.38788;1.5562;2.7057;0.72961;0.10379;1.0111;0.085064;0.028322;0.32756;0.054988;0.33198;0.90685;0.062849;0.75141;0.1706;1.0328;2.0683;0.0010918;1.3693;0.87575;0.085097;2.1078;4.6781;3.079;2.8704;1.7868;0.62001;1.2404;0.77964;0.11859;0.039131;0.82181;6.39;0.02983;2.5349;0.01128;0.12284;4.0547;0.16239;0.04007;0.00034001;1.9711;2.0075;2.6559;0.55238;2.1379;2.0176;1.6747;1.0972E-06;1.8601;0.80564;0.02597;0.50329;4.7301
26;2.5882;0.83053;0.60913;0.15416;1.6954;0.60538;0.34819;0.41685;3.156;0.80865;2.0071;0.28209;0.35727;3.1674;2.1205;0.86627;0.40619;1.1617;0.49296;0.34622;0.16907;0.016193;0.078803;0.50944;0.45324;0.47171;0.53485;2.2309;0.56394;7.2186;0.12692;1.5921;1.9275;1.0856;0.50496;0.34284;0.15673;1.5094;0.41397;0.085489;0.30501;0.32634;0.45578;0.19183;0.2951;0.9801;1.2858;5.765;0.00038205;0.032257;2.1398;3.1882;0.90299;0.22693;0.2215;0.91722;2.5255;0.088697;0.30453;0.44607;0.35263;4.9949;0.24492;1.8457;3.9218;1.0795;1.7177;8.2868;0.030631;0.0603;0.0017454;0.33643;0.52801;0.49218;0.36402;0.35231;0.34211;0.9703;0.24758;0.01395;2.5885;0.17464;0.0041286;1.2952;0.016091;2.803;0.10405;0.12132;0.0068649;0.0010923;2.0653;1.3477;0.017891;0.030327;2.6166;0.75284
27;0.46682;0.062879;1.4585;0.49675;2.961;0.24729;0.62017;1.1188;0.42854;0.71534;0.35094;0.2251;0.15355;0.037287;2.9895;2.5606;0.44267;0.003613;1.9243;0.0677;1.312;1.6853;0.19989;0.55035;0.070048;0.83145;1.0999;0.54189;0.68545;0.71403;0.73078;0.7058;0.52752;1.1049;0.31175;1.3752;0.23732;2.3248;0.96726;0.0024309;0.42905;0.23397;0.20193;0.035222;1.5261;1.2426;1.0551;0.5441;3.1671;0.15363;0.2719;0.043781;0.015341;1.3912;3.0092E-06;0.42519;0.14752;0.25906;0.26909;7.9721;0.15294;7.3679;0.10305;3.1811;0.09214;0.32805;0.88709;0.27562;0.0075066;5.18;0.49441;0.0095435;0.0037173;3.4095;2.7611;1.2108;1.6897;0.0040686;0.95503;0.30582;0.14358;0.087303;0.41299;2.969;0.65824;0.0016423;0.55371;8.1142;0.32045;1.5198;2.213;0.0096805;0.006552;0.072877;0.37681;1.4214
28;3.003;0.54631;0.082329;0.18017;0.9077;0.36865;1.8746;0.025157;2.9754;0.66787;0.50366;3.1776;1.1393;0.66337;0.269;0.35919;1.9719;1.4845;0.87008;0.61171;0.8194;1.2054;0.12666;0.41229;0.021488;0.26439;0.56809;1.3401;1.1217;0.64831;0.33294;3.2421;1.3059;2.44;0.46846;0.20108;1.5375;1.3879;2.1515;0.96092;1.3347;2.3193;0.8575;0.70229;2.008;4.682;0.43331;0.68324;0.31309;4.2001;0.66269;0.56898;0.20491;0.0091843;0.34966;0.11134;1.4352;0.02771;0.47154;0.364;1.0825;0.19835;0.28634;0.67977;2.6309;0.26335;4.7704;0.074805;1.0267;0.013216;2.3695;0.34741;4.5471;1.0938;0.45994;1.6019;0.51987;0.86234;0.72869;0.52577;3.634;0.50295;0.54399;0.86526;0.67198;0.002294;0.033175;0.31875;0.057902;1.1827;0.52735;0.69798;0.22398;0.97214;0.00062143;0.22356
29;1.1878;0.19267;0.29852;0.77974;0.39416;1.4873;2.1177;0.78184;0.11507;0.37671;0.51423;1.3578;0.35715;0.40437;1.0676;0.27477;0.3592;0.36281;1.7046;0.056204;0.78295;0.34326;0.068396;0.54791;0.73836;0.66401;1.4071;1.0822;0.5073;0.017626;0.094341;1.3825;0.061193;2.2643;0.58569;0.23709;2.5975;0.99357;3.1795;0.91435;0.9549;0.88656;0.12065;0.67418;0.40414;0.74912;1.0409;6.3589E-05;2.3307;0.087189;0.015971;4.1934;1.7439;0.48326;0.54865;0.95957;0.0012905;0.18792;0.069907;0.46372;0.63169;0.24086;0.06142;4.6908;0.88377;0.12211;0.0011462;2.8651;0.012413;0.58673;0.7158;0.018468;2.2629;0.0094152;0.66029;0.26002;0.00061558;0.97572;2.0096;1.8102;1.7267;0.18011;0.10202;0.027196;0.092795;0.081018;0.001294;0.099795;0.073375;2.9368;3.6831;0.44595;0.014518;0.62824;0.16421;0.35861
30;1.1476;0.91771;1.3121;0.25549;2.0042;1.0336;1.9866;0.60366;0.19247;3.3668;0.42647;0.18612;0.15408;1.0083;0.32521;0.57702;0.65008;1.453;0.38751;0.7735;0.41795;1.4392;1.1872;0.62645;0.38201;0.6705;0.91362;0.31006;0.81905;0.032145;0.95516;1.5414;0.11567;0.86609;0.57334;0.50833;0.21634;0.69095;0.42015;0.34472;0.59929;1.4989;0.14201;4.1236;3.4812;1.2171;0.45974;0.64119;2.795;1.281;4.237E-05;0.14606;0.99885;0.65682;1.4721;7.6646;0.46281;0.42849;0.20325;1.0002;0.11839;0.13823;2.4843;0.58548;2.4173;1.5424;0.12694;2.561;1.2419;0.13383;0.19783;1.5536;0.082716;1.6428;1.6426;1.1093;0.014811;0.019512;0.90234;1.1911;0.0077533;0.47682;0.021746;0.91666;2.7025;0.0087275;0.64493;0.071596;0.52324;0.18364;0.1213;1.8861;1.7384;1.3339;0.30751;1.2294
31;0.64073;3.8772;0.19001;0.89842;0.74563;4.4362;0.35442;0.84653;0.28589;0.93979;0.98945;0.74494;0.15742;0.95052;0.2643;0.47881;0.32203;0.2715;1.9551;0.14723;0.39647;1.2198;1.0005;0.31766;0.79517;1.9405;0.39221;0.3314;3.2719;0.0052008;1.343;0.12038;0.65666;1.2401;0.25716;1.872;2.2328;0.72135;0.68345;0.97308;0.21704;0.17259;0.65667;0.31967;2.846;1.8012;1.8203;1.0805;1.2823;2.4833;0.18053;0.010292;0.011701;0.63711;1.6304;1.3027;1.948;0.81907;0.73837;1.5798;1.2932;0.65829;0.64793;0.83508;2.588;1.8819;0.33886;1.2785;0.82619;0.71834;0.023029;2.3383;2.5368;0.026734;0.19005;0.21019;0.08106;0.10728;0.20015;1.2636;0.43662;0.90579;2.015;0.33832;0.010648;0.21326;2.756;0.071339;0.021896;0.043393;0.64356;1.3655;1.1715;4.074;0.072269;2.2153
32;0.74772;0.53385;0.26781;0.60856;1.3006;3.5524;0.19435;1.6859;1.8463;2.3851;0.44057;1.2365;0.40768;1.2683;0.50317;0.15727;0.36995;0.63834;0.007939;1.2037;0.22863;0.49941;0.31158;0.60817;0.37879;1.3575;1.2417;0.73043;0.91582;0.66657;0.67858;0.15739;0.38148;0.57436;0.28647;0.24379;0.83799;0.091709;3.3211;2.2596;0.083104;0.75743;2.1078;0.21438;0.73237;1.8497;2.414;0.34174;0.48615;0.34287;0.23643;0.35475;0.98672;0.054974;0.61605;2.2823;0.78908;1.257;2.7276;0.566;0.4481;3.3244;0.053223;0.21008;0.02431;0.82901;0.31125;0.4236;0.011648;0.28643;0.0013634;0.10336;1.7328;0.027098;1.2337;0.041618;0.40808;0.25176;2.2599;0.028346;0.0076281;0.97061;0.10185;0.29719;0.00021917;3.8363;0.079359;2.2018;0.010224;3.9804;1.0509;0.33425;0.031539;0.62436;0.039877;0.85851
33;0.25176;3.3023;1.0914;2.1356;0.98171;0.57899;1.8036;1.0532;0.7083;0.4555;0.47688;0.087036;3.5923;0.0016023;2.7191;1.1156;2.0451;0.4484;3.3119;0.13413;0.4021;0.28898;1.7441;1.2946;0.29046;0.77357;0.22837;0.073032;1.0686;0.50894;1.9209;0.28657;0.9671;0.17853;0.0027558;1.1437;0.057755;0.0071567;1.5141;2.0543;0.93246;1.762;2.3444;1.4197;4.169;3.3953;0.31027;0.75141;0.42234;0.52325;0.16805;0.6339;2.0736;0.82603;1.0039;0.047809;0.45786;0.34288;0.77197;0.038715;0.01517;0.22423;0.0018091;0.0017132;0.4925;1.0524;0.49405;1.0572;1.6907;2.4448;0.46545;0.39631;0.10761;0.074641;1.243;1.1523;0.72545;0.0011029;0.48106;0.65941;0.019808;0.14988;5.832;0.16817;0.31592;0.10211;0.092632;4.7401;0.346;0.47067;0.46595;0.0093977;0.069877;0.22514;1.4083;0.088102
34;0.18893;0.94568;1.5427;2.4715;1.0192;0.21393;0.97192;0.20621;0.73754;0.54039;1.6163;0.31493;0.11064;0.0116;0.15791;0.010907;1.7147;2.2613;1.9049;0.8859;0.42722;2.2374;0.87306;0.48209;0.76845;0.1469;0.46178;0.27472;0.2631;1.4262;2.1167;1.351;0.9205;0.0067746;0.16459;1.0892;0.090948;3.0236;0.13253;0.29532;0.78988;2.0018;1.3206;0.13557;1.4725;0.24633;0.57559;2.3143;0.011331;0.18574;0.0089235;2.7942;0.96211;0.53056;0.7544;0.27663;0.011525;1.8404;0.02299;0.78781;1.4802;1.5971;0.089564;0.065582;0.5958;0.012318;10.399;7.4083;0.096067;5.0579E-05;0.28362;0.38968;0.32459;2.2566;0.20723;0.028561;0.065111;0.79604;5.1991;0.074222;0.34203;0.27178;0.13548;0.35726;0.018535;4.7005;3.0527;0.77259;0.012694;0.88852;6.6073;0.0059887;0.14495;1.285;1.9299;1.1893
35;5.0795;1.4581;0.1445;0.77968;0.19738;0.4323;0.4043;2.3186;1.2859;0.34871;0.022096;1.815;0.43084;2.3398;0.64268;2.9101;0.87335;0.74667;0.45559;0.20048;0.62346;0.74574;0.01705;0.42229;1.1615;0.45688;2.0949;3.6419;0.75573;0.84157;1.157;0.3792;0.74157;0.6429;0.52099;0.25102;0.22992;0.25587;1.4632;1.7082;0.85948;1.9548;0.25467;0.07967;0.35099;1.4836;0.79872;0.92202;2.5919;1.4673;0.96279;0.75316;0.093475;0.0057243;0.92827;0.35566;5.4841;0.08408;0.040761;1.3581;0.042493;0.045418;1.1459;0.0057048;1.0914;0.04776;3.4954;1.2557;0.11401;0.51298;0.64416;0.6383;0.7466;0.48956;0.78292;1.8973;4.4761;0.59979;1.5004;0.98025;0.38962;0.23091;0.06004;0.080686;6.665;0.67579;1.1433;0.18676;2.3033;0.08422;4.2514;0.026911;1.5484;0.44492;0.32653;0.42862
36;0.097975;0.44358;1.3516;2.7818;0.8215;0.4648;1.0451;3.1739;0.50122;1.023;2.2338;0.65155;0.50451;1.638;1.84;3.0107;0.89276;0.1456;0.025118;0.00079702;0.45188;0.56916;0.35222;0.042409;0.32096;0.35474;0.010496;1.9293;2.2599;0.6918;0.033692;2.0478;0.26511;0.050942;0.11753;4.1717;0.39458;1.5432;0.049965;0.10462;1.2644;2.1853;0.71123;0.75762;0.58873;0.19049;2.8019;1.1223;0.084839;0.70715;0.92078;0.54869;2.7942;0.57063;1.3272;1.1928;0.00022787;1.05;0.037963;4.8076;1.3894;0.46798;0.3601;0.35542;0.79245;0.079054;9.3285;0.36395;0.39955;0.069885;1.9921;3.429;0.28233;0.14127;0.095106;1.7684;0.69254;0.00097597;1.0735;0.56055;0.040005;0.54219;3.1009;0.10782;1.4854;0.039458;2.857;0.17923;0.74582;0.22038;0.18884;2.0471;0.037146;0.001892;0.19044;0.18787
37;0.69255;2.7513;1.2973;0.96071;1.4489;0.018979;0.72661;1.0771;2.091;0.036676;0.46627;0.037612;0.9091;0.93043;4.8704;2.2504;3.1803;0.79618;1.5369;0.17401;0.32093;0.21242;1.4575;0.7005;0.1462;1.7738;3.9631;0.26148;0.070452;0.78244;2.0443;0.61099;0.48726;0.24385;2.6411;1.0768;2.2718;3.0704;0.16883;0.021546;0.15582;2.5849;0.17711;0.42282;2.1442;0.60389;0.38753;2.1949;0.035145;0.39569;0.014755;0.1043;0.0020873;0.040225;0.30616;0.49786;0.89715;0.0165;4.2325;0.33585;1.4753;1.3678;0.21999;0.50911;0.73708;0.55515;0.2686;0.0027238;0.49861;1.2165;0.018923;0.16743;7.1612;1.2133;0.99028;2.6456;1.5217;0.2546;0.70265;1.2029;9.3399;1.201;0.55266;0.0080323;0.87071;3.4246;1.8639;0.79152;0.078914;0.19889;2.5007;0.25527;1.2795;1.2734;0.00070334;0.31723
38;1.7011;1.2491;1.8977;1.2634;0.494;0.090611;0.77388;1.0517;0.35538;0.36694;1.1714;0.77653;0.47101;0.21865;0.18839;0.49815;0.024559;0.55436;0.56881;0.5871;0.24387;1.6993;0.28951;0.74659;1.8906;1.0584;0.090895;1.4097;0.54062;0.69674;0.64054;1.5447;0.97672;0.92168;0.74394;0.13185;0.92607;0.34802;0.74698;0.63113;3.5182;0.12767;0.25742;0.31301;1.6372;1.4591;0.6775;0.90915;0.023199;1.0045;0.14171;0.060283;0.17702;2.0324;0.61771;0.1665;0.024892;1.0574;0.04161;0.031259;0.50178;2.7273;7.6118E-05;6.037;0.4905;0.21095;0.66446;0.13437;0.95208;0.85478;0.0069228;0.32033;4.2799;2.3242;2.3612;0.11047;0.00052186;0.55546;3.1859;2.8792;0.55688;3.9787;0.064782;0.021499;1.8967;5.3571E-05;0.43209;0.4799;1.1013;0.032545;0.13227;0.029763;2.3078;0.20535;0.09508;0.050181
39;0.34851;0.62042;1.8134;0.18853;0.21998;1.3953;0.89276;0.57207;0.17964;0.33548;0.083544;0.64587;0.043141;0.38712;2.0321;2.399;0.67283;1.5172;0.18654;2.5551;0.3734;0.88935;0.91712;1.9728;0.32632;0.34933;0.27795;3.115;1.2601;1.6302;1.3122;1.2318;0.5812;0.14068;0.77994;1.1868;1.2211;1.5273;1.1452;8.3116;1.9821;0.39506;0.086123;2.9431;0.14546;0.26789;1.7199;1.4294;0.60482;0.52763;2.1471;0.68589;0.95292;0.17423;0.48847;0.2528;0.16639;2.3195;0.71646;0.36598;0.1719;0.036408;0.27054;0.87357;3.7791;1.2824;0.17741;0.0010538;0.012369;0.056389;0.79005;0.028093;0.53883;2.7854;0.16221;0.98401;0.2833;0.64538;0.94549;0.57409;0.0012667;4.2279;2.0702;0.015561;0.51267;0.095883;0.0091642;0.27926;0.271;0.038593;1.0318;0.042579;0.31918;0.62437;0.70784;0.44797
40;0.9318;0.78158;0.35435;1.5062;0.5581;1.1307;0.7528;0.90857;0.45465;0.44766;0.91525;0.5837;1.2403;0.73038;0.36697;0.42915;1.747;1.6672;2.1692;0.1913;0.73182;0.85442;1.8227;0.62078;0.21782;0.6427;0.54061;0.10622;0.24231;0.63272;1.7954;0.51023;1.6043;1.5291;0.96502;0.49938;2.6255;2.7904;0.03778;0.11944;2.7528;0.061497;0.53999;3.4555;0.62779;1.6073;0.44393;1.0517;2.0359;2.7274;0.028809;2.0051;7.4729E-05;0.29503;1.1586;1.5204;2.8076;2.5144;2.7622;0.19119;2.6359;1.1675;0.094718;0.52792;0.77076;0.14992;0.00065644;0.59794;2.4692;0.0071577;0.58021;0.18395;0.29448;0.30484;0.084343;0.074369;2.2927;2.785;0.0033439;0.089713;0.025912;0.14113;2.8117;5.7747;0.72171;0.035729;0.8755;0.0068159;0.91941;3.7732;0.3915;1.5323;2.8252;2.9779;1.8141;2.7695
41;0.078887;0.5715;0.4637;0.67897;0.50974;0.027661;1.4917;0.56705;0.096301;0.32917;0.45504;2.0988;0.13972;0.70511;1.1013;0.81479;0.063981;0.056676;0.14402;0.30403;0.47995;0.077379;0.16168;0.2907;0.075967;0.34007;0.93074;1.2364;0.79674;1.0604;2.2689;1.053;0.71083;0.44775;1.4154;0.15768;0.66463;0.47792;1.6048;0.4718;1.1819;1.0882;0.86675;0.57532;1.6741;1.1435;0.86919;0.57436;7.17;0.11385;0.65729;0.027199;0.10299;0.82691;0.26668;0.0034989;0.044296;2.1585;0.81027;0.042724;1.0871;0.15172;0.37603;0.0012029;0.22707;1.4801;0.2031;0.67105;3.2119;2.6816;0.0012111;0.15396;0.028516;8.3564E-07;0.049993;0.0033317;0.0022624;0.10619;0.081244;0.039505;0.15463;3.4978;0.087935;0.13743;0.74358;0.74024;0.25739;0.07937;0.01931;2.3757;2.4792;0.21441;3.441;0.46755;0.89069;0.067076
42;3.3771;0.79952;1.1302;0.93149;1.8653;0.27528;0.85812;1.7191;0.86913;0.020473;0.98902;0.74561;0.77755;1.7459;0.67295;0.22366;1.6205;0.84053;0.016485;0.5151;1.3946;1.1067;1.0285;1.2962;0.55791;0.98206;0.022046;0.14286;0.40892;1.937;0.14854;3.9886;7.1136;1.2418;0.6422;0.69829;0.023296;3.0954;0.65516;0.49253;0.016626;0.14312;0.77538;0.1863;0.3451;4.3165;2.0926;0.012396;0.7307;0.096237;0.00046191;0.22366;0.064434;0.14858;0.071739;9.7879;0.28375;2.8434;3.7087;2.3855;2.0701;2.9136;1.5736;0.0082296;1.1114;2.0691;0.055733;4.0257;3.3335;0.34831;0.25297;0.58828;0.96285;0.077235;3.8493;0.08443;0.15046;1.3662;0.99407;5.6394;0.37761;3.1138;0.74573;0.22663;2.721;0.77959;0.97089;0.095149;0.2542;0.52743;0.53666;0.050459;0.0050569;0.45038;0.51442;2.0694
43;0.08087;0.12915;0.63801;1.7602;0.027181;0.07985;0.27967;0.30087;3.9408;0.6211;0.065258;0.14272;0.37941;0.3264;1.4567;0.16951;0.24199;0.60359;1.306;0.19079;0.59732;0.58629;0.51724;1.4791;1.8031;1.6617;1.4947;0.25812;0.22998;0.42963;1.2578;0.11518;0.074733;1.6465;0.16776;3.0047;1.1832;2.4714;0.11437;0.52349;1.6702;0.10762;4.147;0.022312;2.9998;0.20952;0.037733;0.75052;6.3746;1.4937;0.81438;0.78475;0.0053463;0.99379;0.40032;6.1489;0.90302;2.9456;0.016854;2.2507;0.050953;1.1926;1.9538;0.79513;0.1121;1.1098;0.80073;0.2392;0.74095;0.37275;0.43495;1.907;0.025762;3.1477;0.015457;0.13832;0.015146;0.43837;0.064961;1.5121;0.5939;0.57237;0.008092;0.35879;0.039644;0.67135;0.0022589;0.24102;0.064801;5.0932;2.246;0.0038327;0.51911;3.4117;0.88691;0.7403
44;1.2236;0.095411;0.078143;1.3756;0.68921;0.30075;0.048373;0.63412;1.6362;0.60066;0.327;2.3257;0.43458;0.21675;2.3283;0.53041;1.0098;1.3046;1.3006;0.38795;0.55458;0.49253;0.75553;1.6683;2.8984;0.41943;0.3964;1.0933;1.7453;0.12912;0.13484;1.2633;0.047713;0.67908;1.7157;2.2968;0.054151;3.0107;0.54553;1.0836;0.42531;0.4993;0.12892;2.8684;0.033746;1.0886;0.8769;1.0176;1.4972;1.192;1.186;1.9726;0.090083;0.012382;4.8681;1.772;1.5664;0.054636;0.0006051;0.02464;0.16123;0.57605;0.46462;0.92854;0.7529;2.0085;0.047598;0.069097;0.4278;0.18735;0.48326;0.023635;0.76389;2.6409;1.1167;0.20493;0.52097;0.015623;2.2062;1.4735;0.030124;0.13308;0.33498;0.078348;0.001527;0.038684;0.29955;0.0004456;0.0029698;6.0795;0.45278;1.2618;0.35449;3.8781;0.01663;0.28509
45;2.4412;0.75455;1.6471;1.1964;0.017201;0.91551;0.037356;0.49566;2.509;0.34528;0.04601;1.4155;3.1744;0.24776;0.11687;1.4242;0.48352;0.55176;0.81983;0.67012;1.0431;0.39888;1.1336;0.82505;0.77361;0.43255;0.090248;0.67406;0.9695;0.768;0.099857;0.2289;0.77245;3.8356;0.4316;0.38489;0.39123;0.32389;1.7409;0.15384;0.69548;2.2384;0.024119;0.81383;0.23155;1.7352;1.8678;0.20804;0.0022583;2.2676;1.0012;2.3679;0.05044;1.1258;3.1446;0.14823;0.95135;0.07147;0.82435;0.18498;1.1895;0.0044767;0.0010872;0.21493;0.068451;0.0016552;0.0076403;0.061927;0.79777;1.5316;1.4228;3.0829;3.6434;0.020751;1.1524;2.3554;2.0711;0.0079594;0.095038;0.14051;1.4448;5.6209;0.22796;0.64509;1.6019;0.019015;1.2773;0.048932;0.0037958;0.41898;0.32417;0.0042831;0.67471;0.052321;0.36515;0.41489
46;0.6252;2.2903;0.44498;0.17609;0.22886;1.1917;0.3031;0.052825;0.94741;1.4309;2.5813;1.1356;0.87032;0.094688;1.1753;0.074738;1.1813;2.8523;0.44547;1.6207;0.89134;0.29553;0.43986;0.91481;0.96072;2.3153;0.0099726;1.0281;1.1174;0.088999;2.3225;0.96112;0.90601;1.5222;0.012285;4.2136;2.2017;0.53973;0.037196;0.76853;2.098;1.767;0.00074788;0.16091;1.1136;0.94963;2.1256;0.03905;0.39809;0.084687;0.24253;0.029151;0.14489;2.0643;7.9115E-07;1.1932;0.74327;1.3158;2.5261;0.79678;1.7062;5.1688;0.41429;0.41706;6.4182;0.9665;0.077773;1.4096;1.8155;0.75003;0.27678;0.765;3.5162;0.55079;0.032826;0.081259;0.31262;0.1228;0.00012786;0.9716;0.3802;0.23164;0.78341;0.28706;0.031408;0.0070589;0.40672;0.53715;0.03632;0.25292;0.0079858;3.7295;11.497;0.31603;1.7113;1.9697
47;0.020315;2.4732;0.10929;0.10054;0.7072;0.36989;0.18256;1.5835;3.7402;0.18958;0.54251;0.99368;0.26337;0.46131;0.53572;1.6759;0.86527;2.4852;0.40893;1.01;0.92821;0.89963;0.43352;0.70708;0.53237;0.33863;0.87041;2.8779;1.4689;0.3174;0.61993;0.116;0.27904;1.7488;4.5852;0.75522;1.4622;0.47787;0.30362;0.3145;2.9476;0.2417;4.167;1.284;2.0316;0.65121;0.54659;3.1769;0.5339;0.018553;1.5939;4.6266;2.1537;0.50712;3.6244;0.80505;0.033109;0.27219;1.2466;0.34985;0.35425;3.4494;0.18277;1.3317;0.23331;0.26597;0.09954;1.018;0.00073978;0.075496;0.35019;1.9529;0.8271;0.085029;0.00829;0.44759;0.007426;1.2235;0.010818;0.32905;0.49694;0.00023885;0.057239;0.021022;2.2633;2.0955;0.0224;0.010261;1.7883;0.046683;0.40446;0.0033153;0.028132;0.38949;0.066709;1.4225
48;1.2855;0.19678;2.0972;1.1173;0.091062;4.7489;1.1312;0.95363;1.3925;1.8384;0.19639;1.9498;0.60226;5.0431;0.63562;0.78864;0.074997;0.28839;0.38769;2.0384;0.35195;0.47728;0.13457;2.462;0.32106;0.12744;0.54511;0.81227;0.24871;0.34499;0.49746;0.79432;0.35886;1.1075;0.13219;0.32193;2.269;1.3082;0.41509;0.31401;0.88714;0.27357;3.6788;0.64149;2.4292;0.75387;1.22;0.60595;0.29552;0.8253;0.075923;0.011326;0.37573;0.37326;0.95659;3.9545;0.032669;0.059434;0.040526;1.1251;0.93175;0.13547;0.55403;1.6721;0.79815;2.1714;0.41891;4.1936;3.6855;0.0039599;6.9786;0.17569;0.023362;0.11836;0.57569;6.3772;0.0098678;0.22973;0.02097;0.0048347;1.0084;0.5284;0.48766;3.4188;0.67685;1.5799;0.36493;0.0036008;0.14179;0.029226;1.5692;0.88053;2.2555;3.1196;0.55978;0.048361
49;0.61337;1.396;1.6392;0.38467;0.048543;1.1382;1.076;0.43794;4.1933;4.0628;1.5956;3.4439;1.6272;1.3745;0.053518;0.15078;0.62247;0.7886;0.36706;0.94627;4.1471;0.48403;0.44273;1.2901;0.80628;0.51154;0.32911;2.0579;0.66393;1.0548;0.23442;0.068658;1.1816;0.78929;1.6689;2.5514;0.89941;1.9409;0.48871;1.1572;0.57574;2.7574;0.25099;0.55829;1.4682;0.35522;4.8929;0.5754;1.4364;1.9459;1.2951;0.72677;3.4222;0.56022;0.63533;0.49779;0.0085127;0.09954;4.9498;0.044672;2.936;0.78472;0.27838;0.017485;2.3629;0.00084448;0.00053518;0.42486;1.941;0.011577;0.094094;0.00044667;0.32488;1.9847;0.63896;0.6478;0.20815;1.0606;1.256;0.44112;0.012967;0.0028778;0.97539;2.8406;1.6458;0.46629;1.092;0.02857;1.573;0.027808;0.74961;0.12458;0.20175;0.033482;2.8727;0.17167
50;2.1216;0.86863;0.71461;1.8655;0.32906;0.46246;2.3199;0.98996;0.93395;0.16671;0.27824;0.34983;0.3526;0.87875;0.85264;0.92423;0.15989;0.12824;2.8321;0.073924;0.99538;0.8834;0.74982;1.09;0.54475;1.0644;2.5406;1.7173;1.02;0.63768;0.5396;1.3997;0.39323;1.8777;0.16836;0.14612;0.053344;0.43134;0.34518;2.7207;0.26571;0.25046;1.3877;1.2421;0.65611;1.247;0.080345;0.15277;0.072516;0.015913;0.87876;1.3818;1.1142;0.29362;0.25031;2.9485;2.0704;0.891;1.5784;1.0694;0.53779;0.11894;3.1467;0.95814;0.0020557;1.5073E-07;0.16384;1.1909;0.20523;0.18976;0.1083;2.3823;0.13426;0.0040089;0.19754;0.16121;0.38236;1.7446;0.7043;4.1104;0.040777;0.26227;1.6619;0.0086462;0.023277;0.034372;0.046768;0.49414;0.60981;0.65532;1.075;0.0039847;0.13054;0.34338;2.2221;1.0021
normalized population
1;1.3706;0.19992;0.28027;2.9281;-0.14611;2.179;1.1145;-1.0159;-0.58405;-0.62441;4.251;-0.72597;-0.28096;0.083403;0.50022;0.46437;0.37519;2.3326;-0.75004;-0.41694;-0.95282;2.8004;-0.84403;-0.23919;0.68398;-1.154;-0.92759;-1.0956;-1.0187;-0.62211;2.2452;-0.91823;0.64042;-1.0133;0.30506;0.40191;3.3094;-1.062;2.5705;-0.3555;-0.92887;0.39982;0.65014;-0.12592;-0.6342;-0.48962;-0.21248;-0.49647;2.0769;-0.76233;-0.70814;-0.73581;-0.5621;-0.13533;0.59345;-0.60332;2.1994;-0.6299;-0.54617;-0.69606;0.49637;-0.19073;-0.053855;-0.1193;-0.77227;-0.39765;-0.11126;1.5114;-0.20628;1.6809;-0.57216;-0.012226;-0.42476;-0.75667;-0.77485;1.9043;-0.6325;2.3339;0.1273;-0.45063;0.3591;-0.55544;-0.60463;-0.68302;0.51019;-0.25923;-0.71859;-0.19738;0.37256;0.39881;1.5274;0.8152;0.073769;-0.083391;-0.33704;-0.75077
2;-0.84677;0.54652;-0.49659;-0.80185;2.597;-0.51372;-0.71253;-0.70752;-0.10969;0.47089;1.3988;-0.21417;0.39174;0.99859;-0.29628;-1.0566;1.7252;-0.12218;0.81363;-0.59742;-0.96225;-0.72735;0.20534;-0.91344;3.8239;-1.0186;-0.87604;1.1955;-1.0777;-0.47269;-0.53076;1.0727;-0.63639;-0.44001;1.3384;1.5383;-0.0039786;-0.21901;1.1275;-0.09151;-0.65777;0.040765;-0.67061;-0.83891;0.17498;0.065181;-0.91169;0.38678;0.52355;-0.77455;-0.49883;-0.65366;-0.67568;0.23922;1.325;0.4801;-0.55006;-0.32046;0.13034;-0.70153;-0.97948;-0.64452;-0.094949;-0.51628;-0.70427;0.589;0.17627;0.25331;0.60597;-0.42728;2.538;-0.65092;0.17015;-0.39685;-0.36024;-0.74008;-0.3284;-0.51536;-0.28587;-0.64535;-0.51829;-0.69418;1.0331;0.90173;-0.80163;2.8769;2.4294;-0.6267;-0.08001;1.462;-0.42319;-0.035482;-0.23527;-0.78615;-0.19746;-0.18196
3;-0.90149;-0.92353;-0.90122;0.26761;-0.65276;0.30494;3.4112;-0.48225;1.6219;0.030328;0.60029;-0.70912;-0.33408;-0.86949;-0.91495;-0.99919;-0.34118;-0.94916;-0.7137;0.42016;0.10071;-0.72118;-0.90876;-0.90246;0.28371;-0.66339;-0.97018;-0.55207;2.8132;-0.28392;-1.0382;0.1639;0.53043;-0.76082;0.89502;-0.034528;-0.38743;-1.0631;0.51069;-0.42386;-0.015413;1.7258;-0.1413;-0.20972;-0.94634;-0.96305;1.6529;-0.81322;-0.75456;0.11491;4.3763;0.4286;-0.42029;-0.81067;-0.68879;-0.58518;-0.57054;-0.48652;-0.28995;0.47831;1.9729;0.76787;1.7173;-0.60154;-0.45709;1.4373;-0.3709;0.64061;0.15846;-0.61008;-0.57478;-0.6355;-0.66243;-0.82451;-0.58325;0.7586;-0.54558;-0.83844;-0.36516;-0.6536;-0.42091;-0.10289;-0.7201;-0.44661;-0.67619;-0.48216;-0.67422;-0.61613;3.5804;-0.74541;-0.76387;0.011288;0.32275;-0.77425;1.4429;-0.62295
4;-0.41505;-0.47836;0.35083;-0.987;1.651;0.16207;-0.61391;1.9428;0.027758;-0.55665;-0.5986;-0.75067;-0.7966;-0.81511;0.55698;-0.55767;1.5175;0.1683;-0.78539;2.1793;-0.38191;0.017571;-0.70557;1.5374;-0.55332;0.36751;-0.2657;-0.83379;0.35785;-0.74917;-0.77473;-0.71471;-0.13637;-0.88093;3.0748;1.842;0.66767;-0.64502;-0.63884;-0.17586;-0.28008;0.95119;0.079113;-0.64937;-0.85924;0.59797;0.2653;0.27146;1.7054;-0.20426;-0.70463;-0.17992;-0.52408;2.0896;0.30454;-0.68592;-0.38649;2.7317;-0.56492;0.96069;1.7159;-0.67643;3.8722;-0.040249;-0.4332;-0.11567;0.69676;-0.48493;-0.87191;-0.58108;-0.44135;-0.77778;1.4123;2.3933;-0.78732;-0.71751;0.84848;-0.51004;-0.31344;-0.67574;-0.45463;-0.67817;0.83928;3.5414;-0.79101;0.087449;0.77318;1.3317;-0.57536;-0.34274;-0.74497;-0.70632;-0.13439;0.51941;-0.3088;-0.83052
5;-0.8852;1.3821;-0.85873;-0.67485;-0.5115;-0.66379;1.9857;-0.78695;-0.94634;1.8781;0.27704;-0.78645;-0.72369;0.51742;1.7334;-0.041661;-1.0672;-0.21144;-0.14431;-0.75006;0.20701;0.44484;-0.10523;0.00040011;-0.71948;1.5464;1.3104;-1.0505;1.5317;-0.40243;0.7217;1.4535;-0.04466;-0.34835;0.81086;-0.67647;-0.66939;1.3278;-0.89635;0.24822;0.31662;-0.667;-0.56272;-0.061082;-1.0452;-0.84081;-0.89543;0.24856;-0.056538;-0.64774;-0.15929;2.1708;-0.68685;-0.76634;-0.81208;-0.40522;-0.48867;-0.76042;0.87348;0.24674;0.10449;-0.75202;-0.65906;3.3109;0.6267;4.6543;-0.47448;-0.64997;-0.83366;-0.58453;0.17493;0.41843;-0.31672;-0.71203;-0.74343;-0.51741;-0.63141;-0.75489;-0.72146;0.52549;-0.44438;-0.68322;-0.569;-0.47891;-0.42781;3.7674;0.20826;0.9245;-0.55932;-0.70488;-0.11078;0.66732;-0.42439;-0.5565;0.29502;0.80291
6;0.020794;-0.41583;-0.64941;-1.1023;-0.74514;-0.51203;-0.18976;-0.39165;-0.85523;0.74579;-0.80653;-0.22604;-0.67138;-0.26511;1.4488;-0.43974;3.1955;-0.68101;-0.55324;0.12614;-0.28411;-1.1643;0.74363;0.22424;0.35932;-0.96462;0.19122;-0.97435;-1.0748;-0.35914;0.36779;-0.81051;-0.76442;-0.10734;0.4057;0.21791;-1.0041;1.0181;-0.89741;-0.026445;-0.6458;0.37451;-0.64454;-0.95785;-0.92062;-0.53544;-0.48966;0.13419;-0.73335;-0.68388;-0.78503;-0.53871;-0.53073;0.28705;1.4162;-0.328;-0.59534;0.27334;-0.63852;-0.71716;1.4006;-0.29315;-0.66049;-0.59938;-0.77075;-0.7079;-0.47591;-0.46245;0.43384;-0.61387;-0.55849;0.87817;-0.74736;0.73162;-0.61708;1.0919;-0.48894;-0.51263;-0.71224;-0.69123;0.09895;-0.2795;-0.68559;0.51122;-0.082959;-0.33064;-0.70557;-0.33417;-0.58175;-0.48797;2.2466;0.0095872;-0.40699;-0.41535;0.9586;-0.45584
7;0.16907;0.074379;2.5614;-0.30071;0.3585;-0.11433;1.3172;3.4636;0.42981;0.62205;0.20478;2.6804;0.13271;-0.15087;-0.35459;-0.38812;0.71191;3.9058;1.8311;-0.94081;-0.78218;1.0823;-0.62403;0.12276;-1.0771;-0.48655;3.4175;-0.7189;-0.56196;-0.31029;3.2258;-0.59223;0.39557;-0.79508;-0.30336;-0.82492;0.040878;-0.85211;-0.19133;-0.47084;-0.80871;-0.043038;0.064147;0.67505;-0.84225;-0.36333;-0.81995;-0.65946;0.16796;-0.66641;0.42274;-0.77968;0.18444;-0.5678;0.16616;0.16145;-0.046763;-0.71937;-0.67428;-0.34993;3.0885;-0.71293;-0.31507;-0.26896;-0.65692;-0.84356;-0.41054;-0.19471;0.99953;-0.25189;-0.35195;0.39342;-0.6629;-0.84067;2.9576;-0.34903;0.13376;-0.54295;-0.058466;0.23682;0.10021;1.1718;-0.72047;1.7963;-0.61194;1.0978;-0.46304;-0.17546;-0.58077;-0.53125;0.37746;-0.80033;-0.40229;-0.70064;-0.65009;-0.18102
8;-0.86821;-0.20828;-0.82963;-0.59914;-0.21088;-0.71523;-0.88362;-0.99881;-0.17933;0.069918;-0.42178;-0.72611;-0.49553;0.04104;-0.2067;-1.035;-0.92002;0.089383;0.64109;-0.58096;-0.42247;-0.45986;-0.50456;0.26481;-0.49398;0.49332;0.64141;0.33089;0.16183;-0.75543;-0.044187;0.1212;-0.27582;-0.80886;0.56573;-0.74489;-0.10093;0.063901;-0.31426;-0.46413;-0.92941;-0.87895;2.5258;-0.89122;-0.66902;-0.69582;-0.89806;-0.7713;0.95714;-0.69402;0.67025;1.2954;0.078633;-0.4897;-0.89675;-0.65726;-0.40875;-0.84735;-0.076632;1.4184;-0.84444;-0.75553;-0.14708;-0.42014;-0.37026;-0.86333;-0.50877;-0.27653;-0.32511;0.53001;-0.26519;-0.78379;-0.69752;-0.075463;-0.22694;0.15914;0.11647;0.036401;1.6867;-0.17544;0.32995;-0.39806;0.25105;0.078986;-0.29261;-0.060913;0.5666;-0.60868;-0.53051;-0.74131;-0.53947;-0.28768;-0.53871;-0.14001;-0.53183;0.76085
9;-0.48616;0.14828;0.68685;1.2306;1.3417;-0.48718;0.88493;2.0239;-1.0463;-0.20262;-0.93809;-0.61343;0.32017;-0.018987;-0.67469;-0.5345;0.24521;-0.99429;0.28063;0.73937;-0.71911;-0.37259;-0.67218;0.042328;1.2341;1.3846;0.24153;0.14197;-0.87494;-0.21251;-0.3663;0.83412;0.22521;-0.34698;0.032429;-0.24501;0.16305;-0.62448;1.1051;-0.076038;0.12665;-0.94045;-0.62225;1.768;-0.41802;0.39744;-0.017979;-0.73039;1.5797;1.6617;-0.76453;0.36378;0.26543;-0.54387;-0.20237;-0.029159;-0.45955;0.051488;-0.25472;-0.2937;-1.0166;-0.64976;-0.42565;-0.6025;-0.69809;-0.22926;1.2637;0.17638;0.3735;4.3072;-0.35229;-0.74359;1.3425;-0.82131;1.7224;-0.66552;1.788;-0.54726;-0.42742;-0.50342;-0.48954;-0.28792;-0.49837;-0.10142;-0.80892;-0.25695;-0.33388;1.9133;-0.40001;1.3455;-0.55296;-0.55034;-0.34077;2.1005;-0.59838;-0.82533
10;-0.31679;-0.21992;-1.1544;1.0237;-0.56427;-0.75198;-0.10382;-1.1198;0.59587;-0.4213;2.1907;1.2087;-0.77065;-0.8812;-1.0272;3.286;0.52642;0.13165;3.9521;-0.15737;1.302;0.3748;-0.93254;0.10867;0.53868;-1.0956;-0.43566;0.63855;-1.0048;0.51141;-0.86621;-1.0486;0.47237;-0.93091;0.20691;0.0048457;1.4416;-1.1646;-0.38714;0.7459;0.90209;-1.1701;-0.073452;-0.52988;0.50842;-0.5165;-0.69922;0.73048;-0.7594;0.33153;-0.75461;-0.74027;0.82663;3.0089;-0.79735;-0.6811;-0.55643;-0.84919;-0.66833;-0.55548;0.17433;0.96895;-0.54511;-0.60251;0.4545;0.53412;-0.4261;1.3145;-0.81378;-0.44316;1.0101;0.0064785;-0.3949;-0.22541;-0.78087;-0.69167;0.18253;1.2907;1.4151;-0.58377;2.7232;-0.69367;-0.49061;-0.64366;2.0531;-0.41126;-0.25593;1.9322;-0.5837;-0.067016;0.20739;0.15824;-0.33854;-0.10939;-0.069144;0.34966
11;-0.76955;-0.43717;0.15642;0.54245;-0.11589;-0.53054;-0.45976;-0.97574;-0.86055;-0.97228;-0.81223;0.82201;-0.43125;-0.10859;0.87939;-0.43197;-0.78438;0.91813;0.47312;1.1721;-0.82753;1.666;-0.34527;-1.0529;-1.0223;-0.45578;1.2799;0.49098;2.4616;-0.13102;-1.0867;-0.07187;-0.63095;-0.30868;-0.7332;1.5326;-0.088999;0.56071;1.0714;0.62914;3.6059;0.21427;1.0556;0.22091;3.7801;-0.94041;-0.74305;-0.38963;-0.71295;-0.50629;0.54288;-0.48613;-0.083832;-0.39287;1.3829;0.42016;-0.5907;0.99806;-0.37961;0.47482;0.75559;-0.19521;-0.61191;-0.42677;-0.17495;1.067;-0.26885;-0.14518;0.45511;-0.44683;-0.57404;-0.62643;1.0231;-0.32508;0.86545;-0.21461;-0.4294;-0.67373;-0.57448;-0.70573;-0.35597;-0.47564;2.415;-0.23387;-0.80462;-0.65308;1.3474;0.69121;-0.47727;-0.45053;-0.77367;1.9144;-0.50719;0.0013303;-0.30822;-0.026636
12;0.066413;-0.84017;2.05;-0.19419;4.016;-0.56101;-0.69314;0.062567;2.1205;0.0062335;-0.81748;0.50207;-0.29011;-0.65481;0.64163;-0.52382;1.7697;-0.6316;-0.41759;-0.12198;0.44074;-0.47168;0.33593;-0.93108;0.59424;-0.71693;0.88818;-0.17059;-0.8683;0.093254;-0.2394;0.10708;-0.25232;-0.6837;-0.89973;-0.33149;-0.70723;0.33803;-1.0472;0.56191;-0.9773;1.7975;-0.77568;-0.55553;-0.83002;-0.62755;1.065;-0.58837;1.7417;-0.45133;-0.63134;2.2915;-0.37904;-0.51256;0.2491;-0.27557;-0.58729;0.2881;-0.27103;0.34061;-0.68188;-0.57511;-0.40428;-0.59579;-0.13521;-0.29928;-0.44797;-0.60295;-0.60815;-0.52235;-0.55062;-0.5508;3.6172;-0.77803;0.12406;0.074195;1.1281;0.98608;-0.040623;2.3044;-0.50152;-0.38574;-0.62684;0.67886;0.90564;-0.31212;-0.82686;3.5598;-0.54366;-0.66084;-0.7528;0.12755;-0.29648;-0.45425;-0.65211;-0.8371
13;-0.76966;0.02495;-0.45885;-0.99663;-0.040821;-0.43646;-0.39415;1.2729;-0.53088;-0.89456;0.1508;-0.99223;2.6854;-0.40231;-0.9302;1.044;-1.1093;-0.53545;-0.88115;0.36589;-0.77156;0.37764;-0.47493;-0.95366;1.7809;1.1511;-0.24858;0.0041095;0.18785;0.12455;0.35944;1.348;1.1976;-1.0144;-0.40169;0.25912;-1.0466;-0.45668;1.6472;-0.73204;0.86054;-0.74198;2.7762;-0.33946;0.29985;0.41634;0.23197;0.12438;-0.68537;-0.74678;-0.46035;-0.63693;3.3229;-0.50806;-0.52186;-0.66402;0.43599;0.42385;-0.66145;0.14916;-0.28283;-0.67996;-0.29728;0.89481;-0.16981;-0.10415;-0.40052;-0.74158;2.0963;-0.61399;-0.17634;-0.78649;-0.061064;1.9265;-0.57043;-0.61479;-0.69379;0.40268;-0.04958;-0.65306;-0.34509;-0.57941;1.5554;1.2829;-0.57198;-0.21964;-0.55747;-0.63622;0.30181;-0.73626;-0.62465;2.6069;-0.40727;-0.79106;-0.42693;2.2836
14;-0.60095;-0.03773;1.6386;1.1352;-0.28048;1.4045;-0.57487;0.29734;-0.15308;2.3242;-0.45865;-0.93585;-0.53911;1.2443;-0.89802;2.4125;-0.36285;-0.62969;-0.69561;1.7375;0.28319;-0.26338;-0.94978;0.20766;-0.08586;-0.62585;0.57386;0.35405;-0.2134;0.96064;-0.86143;-0.41482;-0.71912;-0.98874;-0.49448;0.8229;1.244;-0.27364;-0.20869;-0.51807;-0.89129;-1.0203;-0.69643;-0.92003;-1.0354;0.043674;-0.44113;-0.84216;-0.32475;0.33064;1.6639;-0.4199;-0.56836;-0.49749;-0.71223;-0.26155;-0.18463;-0.86998;4.8963;-0.66823;-0.60904;-0.0894;-0.48378;-0.5971;-0.76006;-0.14065;-0.51246;-0.60565;-0.85776;-0.2348;-0.49479;-0.087383;-0.55841;-0.4705;-0.34013;-0.71562;1.3448;-0.84898;-0.2914;-0.70433;-0.13753;0.2191;-0.71881;-0.21464;-0.76457;-0.70667;3.4535;-0.20642;0.49523;0.23971;-0.77797;-0.77741;-0.52271;1.8853;0.11587;-0.58083
15;-0.52332;0.014024;-1.0757;2.1768;-0.76141;-0.64483;-0.87996;-0.49298;0.20164;-0.027211;-0.78526;-1.0348;-0.73273;-0.50075;-0.38418;1.2836;-0.20668;0.67672;-0.49508;-0.84904;-0.56969;0.75748;1.9559;0.16041;0.99634;0.25929;-0.94232;0.28436;0.8761;0.0053881;1.0392;-0.76499;-0.54462;-0.16368;-0.39271;1.145;0.50563;-0.65404;-0.44499;-0.48055;0.81473;-0.47174;-0.19843;-0.26943;-0.80885;-0.54179;-0.52149;0.60799;-0.4799;-0.041321;-0.60467;-0.60065;0.67471;3.2055;-0.89984;-0.61221;2.1528;-0.87034;-0.5666;1.6504;-0.43134;-0.73527;-0.2868;-0.53253;-0.33857;-0.20858;-0.328;-0.51646;-0.79427;0.018261;-0.4464;-0.018142;-0.63523;0.098432;-0.044825;-0.67152;-0.79902;2.1493;-0.58031;0.62085;-0.30394;3.6068;0.11552;-0.74083;-0.12509;-0.44479;-0.42517;-0.61115;-0.10862;0.053929;-0.75669;-0.80737;-0.54673;-0.11675;-0.65297;-0.82058
16;0.39035;3.4417;0.80054;-1.214;-0.93833;-0.51266;1.0168;0.32905;-0.93976;-0.57145;0.11955;-0.28774;0.45193;2.016;-0.69278;0.36446;-0.9141;-0.73219;-0.56781;1.8529;-0.86055;3.6967;-0.63119;0.41965;0.1082;-0.84414;-0.12079;-0.092343;-0.7083;-0.29303;-0.88874;-0.89446;-0.3735;1.8756;0.17058;-1.072;0.15874;-0.97293;-0.33373;0.77474;-1.0693;-0.54424;0.42468;0.041055;0.035543;0.31878;1.3805;-0.82701;0.25264;4.7661;3.0878;-0.55666;0.3041;-0.8273;1.1185;0.88027;-0.56954;3.1948;-0.67289;-0.4966;-1.0404;-0.61469;1.467;-0.59659;-0.77203;-0.64052;-0.47749;-0.71146;-0.3658;0.23213;2.3203;-0.61635;-0.1206;1.274;0.13187;-0.56766;0.10736;-0.72897;4.9591;-0.18124;-0.34417;-0.67555;-0.70781;-0.13512;0.2009;1.2085;2.0283;0.36837;-0.57785;-0.14453;-0.70848;-0.80551;-0.054479;0.026637;5.7752;-0.83561
17;0.58908;1.7556;-0.81881;-0.11635;0.49649;-0.47681;0.67537;-0.95799;0.099603;-0.93325;0.23724;-0.87426;-0.31972;-0.53889;0.82766;-0.31251;-0.26375;-0.15609;-0.66252;-1.0173;-0.46745;1.5744;0.70017;0.2197;0.52194;1.9536;1.9383;-0.58471;-1.0981;0.50137;-0.95704;1.158;3.1575;2.9403;-0.68222;-0.78558;-0.95911;-0.51096;-0.51502;-0.60793;0.78208;-1.0545;-0.29926;0.040132;-0.70009;1.4263;0.18994;-0.2817;-0.69904;0.935;-0.65606;-0.76117;-0.6118;-0.076172;-0.80775;-0.38337;-0.48563;-0.61987;-0.30172;-0.24909;-0.45458;-0.66474;-0.40833;0.013395;0.58523;2.4122;-0.24716;-0.25649;-0.8547;0.63143;-0.54194;-0.78484;-0.73374;-0.62333;-0.76364;0.37104;-0.17078;-0.51416;-0.31943;1.4155;0.19561;0.20061;-0.55258;-0.25654;0.050902;-0.46077;-0.037808;-0.57169;0.1506;-0.64762;-0.7737;0.30473;-0.19444;-0.77082;-0.35903;-0.41152
18;-0.0034804;-0.9996;0.43438;-0.34022;-0.92815;-0.5929;-0.82427;-0.3185;-0.69139;-0.12315;-0.21184;-0.06104;1.3295;2.8509;-1.0245;-0.049978;-0.45106;-0.53179;-0.38913;3.6952;0.86269;-0.81363;0.027933;4.5612;0.35376;0.75646;-0.22198;-0.05209;1.5987;-0.068668;-0.22128;-0.68577;-0.51315;0.080727;0.3788;-0.80945;0.50672;0.39726;-0.64938;-0.27473;0.28387;0.14244;-0.32675;-0.13095;-0.67075;-0.56772;-0.60203;4.3594;-0.78302;0.15002;0.64987;1.1206;-0.19378;-0.48088;1.4307;-0.5245;-0.58585;0.92454;-0.32062;-0.68628;-1.0332;-0.64163;-0.53794;4.3003;0.089383;1.1266;0.29349;-0.73108;-0.0056493;-0.59314;0.054946;-0.44336;-0.57019;-0.77454;-0.48146;-0.73654;-0.0035041;2.1926;-0.17967;-0.57209;-0.45139;0.89932;0.46769;-0.70275;-0.81687;-0.27169;-0.83004;0.41944;-0.58402;-0.39912;0.34558;3.5449;-0.50206;-0.57933;-0.41373;-0.41561
19;-0.70896;-0.82507;0.37534;-1.1732;-0.10868;0.55625;-0.48218;-0.69696;-0.53762;-0.85704;-0.26432;-0.5171;-0.22306;-0.67005;-0.77292;0.53151;-1.0682;-0.92495;1.3263;0.39359;-0.37323;-0.56677;0.641;0.34451;-1.0424;1.5005;-0.67926;-0.89827;0.93127;-0.046766;0.30104;0.37035;-0.36142;0.31081;-0.89278;-0.036523;-1.075;-0.95801;0.784;-0.54704;-0.97221;-0.31385;-0.69787;2.0859;0.42471;-0.12162;-0.95331;1.4555;-0.12314;0.70838;-0.074328;-0.65896;-0.68688;0.22789;-0.92495;-0.68401;2.1423;-0.86582;-0.22716;0.75912;0.66757;-0.40938;-0.61989;-0.51452;-0.70489;-0.53142;0.20079;-0.731;-0.86325;-0.59325;-0.56649;2.496;-0.59307;-0.011444;0.7868;2.5697;0.62781;-0.88242;-0.19709;-0.70639;-0.43638;1.7289;0.41418;-0.76479;2.3333;-0.6421;-0.82669;-0.49627;-0.58363;-0.20517;1.533;-0.80868;-0.093193;-0.80334;0.24391;1.2838
20;-0.77383;-1.0032;-1.1668;-0.56282;-0.7769;-0.79198;-0.65288;-0.30146;-0.57923;-0.29505;-0.62351;-0.57275;0.28806;-0.50782;-0.14821;0.13766;-0.67393;-0.42507;2.853;-0.32064;-0.0051475;0.2043;0.89746;3.163;-0.88251;-0.13568;-0.019175;-0.7227;-0.48061;0.98647;-0.67371;-0.70639;-0.10058;-0.73767;-0.41314;-0.83195;-0.68411;-0.34572;0.22967;-0.32099;-0.89463;1.2743;-0.79522;-0.311;-0.58612;-0.25195;-0.54204;0.093789;-0.60979;-0.75243;0.73457;-0.28472;0.58189;0.29262;-0.84959;-0.57818;-0.60852;0.77471;-0.62552;-0.65602;-0.77081;-0.7596;-0.46607;0.94181;-0.70705;-0.49824;-0.45043;0.27389;0.1596;1.3992;-0.55732;1.3656;-0.64328;0.42103;-0.68338;-0.69539;-0.5752;-0.31385;0.16479;-0.30453;-0.53109;-0.55854;1.0703;0.075155;-0.0075169;-0.68706;0.13554;-0.47543;4.4477;0.018138;-0.76279;0.44793;3.0325;0.67368;1.5363;-0.79804
21;0.78725;-0.91763;2.5664;-0.55055;-0.276;0.13411;-0.87725;-0.73789;-0.96364;-0.21321;0.35391;0.64924;-0.50799;-0.39259;-0.67697;-1.0491;-0.086032;0.34703;-0.40891;0.20072;1.704;0.38966;0.72263;-0.86518;-0.0092145;1.0686;-0.53675;-0.61019;-0.88764;-0.081892;-0.45628;-0.096507;0.38672;-0.8003;2.1907;-0.7494;-0.98377;1.2966;-0.24779;-0.45958;-0.1648;1.3402;-0.82016;-0.60101;1.2744;-0.88983;-0.98713;-0.44479;0.32188;0.51823;-0.14452;3.6414;-0.62409;-0.84727;-0.1811;0.053947;4.4232;-0.86947;-0.58844;-0.71254;-0.20072;2.5139;3.3194;0.34909;0.24195;-0.55609;-0.31697;0.6655;-0.76847;-0.5826;-0.01347;-0.7738;0.61125;-0.28179;0.38257;-0.664;-0.55062;0.95247;1.6701;-0.44122;-0.21688;-0.22536;-0.56943;0.33207;-0.30086;-0.52681;-0.4558;0.64486;0.3007;3.7667;-0.75918;-0.77034;1.7526;-0.79749;-0.62108;-0.040942
22;-0.75441;1.2308;-1.0164;-0.85232;-0.92367;0.76706;-0.79425;-0.077212;-0.18426;-0.74537;-0.7563;2.7607;-0.39118;0.44389;0.63277;-0.2589;-0.33988;0.35333;-0.69004;0.12992;0.38025;-1.0843;4.7506;-0.81016;0.58712;-0.86805;0.53614;-0.78872;0.39994;-0.70434;-0.99736;-0.48986;-0.6665;-0.54386;-0.34673;0.301;-0.33462;-1.1026;-0.90617;-0.24312;-0.73717;0.68082;0.60838;0.5491;-0.95997;-0.9401;2.9108;-0.69789;-0.74545;-0.060514;-0.79722;-0.58292;-0.68529;3.2339;-0.42878;0.86928;-0.20997;0.23973;0.96956;-0.70556;-0.5839;1.0287;0.98658;-0.58202;-0.73111;-0.82274;-0.51325;-0.74197;-0.18317;-0.55735;-0.57454;-0.77609;-0.70549;-0.66339;-0.76606;1.3821;1.6671;-0.51987;-0.6978;-0.70589;-0.077214;-0.34318;-0.72916;-0.61461;0.53417;0.59969;-0.24246;-0.6369;-0.3922;0.13077;-0.4752;-0.53637;-0.54492;0.23161;0.12874;-0.67057
23;-0.39134;-0.587;1.1095;0.1226;-0.64429;-0.59014;0.0077709;-0.36638;-0.61489;0.68685;-0.563;-0.71839;4.1762;-0.61922;-0.27808;-0.27797;0.57928;0.23466;1.089;-0.58919;0.28981;-0.029371;-0.72724;0.12114;0.19937;-0.08868;-0.81888;-0.85417;-1.0649;-0.60484;-0.0036062;-0.38599;0.1628;0.01774;-0.87894;-1.0989;-0.6227;-0.9469;-0.93459;-0.31335;-0.19823;0.78498;-0.64721;2.4199;0.72535;-1.0313;-0.49765;0.56624;-0.78888;-0.29632;-0.00015507;1.3151;-0.39819;-0.37157;2.9005;-0.60155;-0.59651;-0.87089;1.589;0.33896;-1.0213;-0.19338;-0.13602;-0.54356;-0.48707;0.045488;-0.31641;-0.63687;-0.88416;-0.15506;0.053041;-0.52848;-0.45132;-0.73745;0.21034;-0.27424;3.9898;-0.87984;-0.64165;-0.1852;1.2765;0.18653;-0.33552;-0.54921;0.20617;-0.70682;-0.71278;-0.43104;-0.4046;-0.69977;-0.42234;-0.2213;-0.2492;-0.72071;0.64615;-0.71477
24;-0.88002;-0.22965;-1.2225;0.069857;-0.16054;-0.55032;-1.0311;0.41708;0.12583;-0.87741;-0.63041;-0.22898;1.4734;-0.2293;-0.29179;0.6162;-0.46109;1.3916;-0.86828;-0.1746;0.15429;-0.57806;-0.61133;-0.60869;-0.94042;3.7199;-0.33393;-1.0119;1.4454;0.34603;-0.4315;-0.43164;-0.77027;0.68438;0.19511;0.12529;0.070681;-1.147;-0.535;1.5281;1.0186;-0.20414;-0.51663;0.23592;0.89403;-0.89532;0.29933;1.1574;-0.77592;-0.7553;0.45104;-0.45378;4.4539;-0.31489;1.9461;-0.29741;0.19013;-0.83639;-0.45959;-0.70724;-0.96606;1.716;-0.60896;-0.56835;-0.76352;-0.55201;-0.27752;-0.74197;-0.83534;-0.60941;0.18107;2.0455;0.69575;-0.8313;1.3653;0.46498;-0.77035;-0.15043;-0.72168;4.1064;-0.52374;-0.67077;-0.4126;0.27008;-0.32885;-0.12349;-0.38984;0.08193;-0.51577;-0.16921;-0.73434;0.10704;-0.28876;-0.72787;-0.23168;-0.80722
25;0.48224;-0.98089;-0.14588;1.0523;-0.50055;0.58624;-1.1408;-0.68259;-0.55615;0.18062;2.0782;1.1899;-0.79118;-0.77287;-0.84099;-0.9087;1.2273;-0.53522;-0.76329;-0.7234;-0.99407;-0.46743;-0.75998;-0.32782;-0.77484;1.1099;-0.30048;2.2825;-0.81472;-0.73488;-0.40962;3.4563;0.70214;-0.62202;-0.51415;-0.19202;-0.98124;0.45007;-0.716;0.48679;0.38146;0.20474;-0.50839;0.53351;1.1622;-0.3343;-0.97555;-0.14561;-0.73949;-0.76253;-0.47316;-0.74775;-0.43873;0.16606;-0.87641;-0.29774;-0.52192;0.12443;0.51069;-0.71945;0.52286;-0.25762;-0.5844;0.46305;2.7529;1.6244;0.86418;0.27379;-0.22614;0.37606;0.065126;-0.66807;-0.73005;-0.037428;4.0089;-0.71654;1.2349;-0.87389;-0.64797;1.7529;-0.4276;-0.67599;-0.72906;0.68083;0.78824;1.018;-0.2977;0.4605;1.4812;0.26237;-0.7789;0.97487;-0.13797;-0.77996;-0.35599;4.2116
26;1.6198;-0.27343;-0.46581;-1.089;0.94023;-0.25775;-0.71606;-0.60616;1.7857;-0.050387;1.1779;-0.76746;-0.47162;2.1168;1.102;-0.17633;-0.68402;0.1647;-0.5345;-0.58605;-0.7961;-1.2759;-0.85788;-0.55144;-0.50581;-0.63342;-0.46342;1.4364;-0.45641;6.172;-0.94555;0.50234;0.80239;0.20557;-0.44662;-0.77156;-0.89883;0.4463;-0.5557;-0.71714;-0.78174;-0.97827;-0.45088;-0.8079;-0.81291;-0.07359;0.1797;3.4287;-0.78872;-0.75946;1.3365;1.1046;-0.011132;-0.5945;-0.75331;-0.21164;0.74499;-0.78761;-0.50011;-0.40648;-0.6397;2.1277;-0.44055;0.33049;2.1829;0.0033277;0.3093;3.976;-0.85186;-0.56642;-0.57455;-0.43794;-0.46114;-0.35969;-0.51482;-0.45679;-0.52681;0.55279;-0.57122;-0.69963;1.1193;-0.58704;-0.72583;0.18371;-0.80785;1.1136;-0.73154;-0.57671;-0.57718;-0.7449;0.69384;0.48341;-0.53796;-0.776;0.8915;-0.036934
27;-0.48352;-1.0198;0.60988;-0.65025;2.3522;-0.59398;-0.34801;0.27203;-0.70288;-0.15879;-0.5715;-0.82641;-0.65694;-0.92021;1.9942;1.5829;-0.64004;-1.1942;0.53732;-0.93745;1.0157;1.0042;-0.68598;-0.50717;-1.0367;-0.20816;0.14432;-0.51565;-0.31477;-0.076499;-0.16285;-0.41823;-0.38958;0.22853;-0.64809;0.22223;-0.80632;1.3199;0.10619;-0.78297;-0.64932;-1.0911;-0.6659;-0.96186;0.19569;0.19966;-0.04572;-0.49677;1.0521;-0.66452;-0.52874;-0.75438;-0.67584;0.70788;-0.92518;-0.46713;-0.53434;-0.62303;-0.52042;4.8869;-0.86805;3.5019;-0.56823;1.0058;-0.70287;-0.60593;-0.09055;-0.58697;-0.87641;3.5223;-0.16942;-0.78328;-0.74953;2.4925;1.2847;0.23472;0.55581;-0.88462;-0.13595;-0.52248;-0.43959;-0.64477;-0.3779;1.4148;-0.29317;-0.7064;-0.29641;3.5345;-0.25617;0.16917;0.79918;-0.79988;-0.54372;-0.73732;-0.43065;0.67726
28;2.0311;-0.54975;-1.133;-1.0557;0.061452;-0.48002;1.3495;-1.0962;1.621;-0.21393;-0.41019;2.2277;0.2398;-0.31276;-0.79875;-0.70284;1.2038;0.54349;-0.25211;-0.2511;0.23476;0.3487;-0.78994;-0.65656;-1.104;-0.87849;-0.42767;0.40688;0.19373;-0.13963;-0.67852;2.216;0.27319;1.8209;-0.48468;-0.90802;0.68612;0.31621;1.5228;-0.023342;0.31748;1.4569;-0.1106;-0.30604;0.5905;3.7795;-0.65348;-0.39215;-0.60694;2.5004;-0.13849;-0.44388;-0.53388;-0.83807;-0.65386;-0.63011;0.15841;-0.84652;-0.4044;-0.46421;0.19488;-0.6499;-0.40326;-0.25913;1.2102;-0.65839;1.7788;-0.70135;0.20564;-0.60402;1.3725;-0.42633;1.7497;0.2285;-0.44281;0.54978;-0.38401;0.39219;-0.27521;-0.38898;1.7859;-0.37001;-0.26642;-0.13255;-0.28215;-0.70598;-0.80013;-0.47516;-0.52494;-0.033767;-0.40285;-0.13972;-0.43332;0.080136;-0.65272;-0.60231
29;0.23135;-0.89357;-0.8592;-0.28783;-0.51148;0.57037;1.6784;-0.14955;-0.9889;-0.55218;-0.39902;0.34529;-0.47173;-0.56404;0.021081;-0.79048;-0.74068;-0.77275;0.37276;-0.95195;0.17699;-0.82911;-0.87265;-0.50981;-0.11077;-0.4061;0.47479;0.1088;-0.52243;-0.74549;-0.98778;0.2846;-0.78663;1.6113;-0.36245;-0.87335;1.9029;-0.10626;2.7527;-0.060252;-0.08793;-0.29375;-0.73475;-0.33368;-0.72358;-0.314;-0.059645;-0.90581;0.56586;-0.71649;-0.78432;1.6989;0.61856;-0.30776;-0.49946;-0.18964;-0.61301;-0.69176;-0.63457;-0.39407;-0.3206;-0.62528;-0.60571;1.7693;-0.10634;-0.77291;-0.51702;0.88792;-0.8712;-0.146;0.012632;-0.77385;0.49315;-0.83168;-0.29241;-0.53113;-0.80117;0.56085;0.51289;0.39061;0.56982;-0.58342;-0.64253;-0.74899;-0.74637;-0.65483;-0.83098;-0.58778;-0.5091;1.022;1.8475;-0.38144;-0.53968;-0.23248;-0.55616;-0.45806
30;0.19147;-0.18867;0.42445;-0.95923;1.2848;0.14434;1.501;-0.37245;-0.91828;2.9214;-0.49172;-0.86672;-0.65646;0.021891;-0.74105;-0.47666;-0.38997;0.5065;-0.61347;-0.046966;-0.40159;0.66798;0.71561;-0.42481;-0.6045;-0.39842;-0.056028;-0.78359;-0.15904;-0.73154;0.12798;0.44966;-0.74025;-0.05625;-0.37532;-0.61226;-0.83041;-0.43045;-0.5483;-0.51169;-0.46758;0.45441;-0.71665;3.0576;1.7976;0.17313;-0.62765;-0.42376;0.83575;0.21723;-0.80023;-0.69391;0.060651;-0.11362;0.21708;3.2921;-0.36472;-0.45935;-0.55816;-0.016769;-0.90757;-0.68471;1.575;-0.30681;1.0492;0.37865;-0.45647;0.71474;0.43412;-0.50769;-0.4133;0.84794;-0.70608;0.76521;0.44503;0.15299;-0.78976;-0.86164;-0.16837;0.014864;-0.5262;-0.38729;-0.71084;-0.09475;1.3453;-0.7018;-0.20814;-0.60228;-0.048569;-0.63503;-0.6924;0.99981;0.33568;0.40897;-0.47156;0.47214
31;-0.31108;2.6886;-0.99661;-0.13585;-0.11936;3.3393;-0.70762;-0.068611;-0.83304;0.10196;0.10295;-0.28867;-0.65342;-0.034142;-0.80358;-0.57864;-0.7855;-0.87989;0.56041;-0.8371;-0.43564;0.36827;0.45067;-0.75897;-0.032051;1.1029;-0.61683;-0.75892;2.7;-0.75742;0.63074;-1.0263;-0.27963;0.38982;-0.70502;0.70038;1.4843;-0.39788;-0.23333;-0.013707;-0.87566;-1.1661;-0.28071;-0.68221;1.2771;0.78108;0.70218;-0.093454;-0.043531;1.1576;-0.61999;-0.77418;-0.67856;-0.13567;0.33994;-0.011464;0.43429;-0.082033;-0.25148;0.39087;0.43587;-0.38355;-0.077809;-0.18059;1.1779;0.65388;-0.35446;-0.015773;-0.0072563;-0.040892;-0.55705;1.6769;0.64382;-0.81475;-0.64542;-0.57127;-0.73654;-0.73107;-0.60041;0.058855;-0.25275;-0.10373;0.98539;-0.52014;-0.81221;-0.56892;1.8348;-0.60242;-0.5618;-0.71944;-0.31998;0.50048;0.047805;2.8998;-0.61043;1.5253
32;-0.20501;-0.56187;-0.89809;-0.50707;0.49983;2.5094;-0.92422;0.98144;0.59073;1.781;-0.47682;0.21977;-0.42575;0.27421;-0.55835;-0.91248;-0.72772;-0.44943;-0.89769;0.49586;-0.70169;-0.61579;-0.52741;-0.4446;-0.60897;0.41366;0.29686;-0.29774;-0.046251;-0.12209;-0.23051;-0.98781;-0.51393;-0.40419;-0.67445;-0.8669;-0.11681;-1.0724;2.922;1.0059;-1.0186;-0.45152;0.94851;-0.78572;-0.45464;0.83156;1.2824;-0.64891;-0.50635;-0.51651;-0.56417;-0.57054;0.051566;-0.78685;-0.44716;0.4972;-0.18919;0.34099;0.88858;-0.32213;-0.53053;1.1603;-0.61308;-0.49666;-0.75399;-0.19978;-0.36774;-0.50268;-0.87201;-0.38582;-0.57487;-0.68417;0.2016;-0.81439;0.13801;-0.70705;-0.47382;-0.51614;0.6669;-0.6909;-0.52628;-0.060878;-0.64268;-0.5504;-0.82057;1.785;-0.75543;0.4934;-0.57374;1.6501;-0.029525;-0.48858;-0.53103;-0.23601;-0.62955;0.07595
33;-0.69675;2.1297;0.14502;1.4486;0.14402;-0.28253;1.2534;0.18992;-0.44762;-0.46065;-0.43847;-0.96922;2.4713;-0.95484;1.7165;0.082591;1.2919;-0.6723;1.5764;-0.85363;-0.42671;-0.90327;1.5062;0.29824;-0.73135;-0.27659;-0.79305;-1.0575;0.13179;-0.27351;1.3797;-0.85364;-0.015307;-0.87628;-0.9703;-0.00069283;-1.0124;-1.163;0.76038;0.84321;-0.11189;0.77593;1.1489;0.39932;2.3611;2.4402;-0.77374;-0.34089;-0.54344;-0.37543;-0.63246;-0.40551;0.86544;0.075668;-0.14622;-0.6631;-0.36738;-0.54206;-0.23222;-0.69299;-1.0256;-0.63491;-0.65936;-0.60204;-0.40118;-0.018674;-0.27975;-0.14178;0.91059;1.3379;-0.19324;-0.37467;-0.69238;-0.76791;0.14503;0.18757;-0.21885;-0.88903;-0.42757;-0.30787;-0.51851;-0.6034;4.2336;-0.6453;-0.56754;-0.64113;-0.74259;1.799;-0.23001;-0.46228;-0.44664;-0.80015;-0.51157;-0.59891;0.17824;-0.74702
34;-0.75904;-0.16147;0.71659;1.8787;0.18588;-0.6253;0.12797;-0.86967;-0.42094;-0.36203;0.76513;-0.73348;-0.69598;-0.94514;-0.9128;-1.0645;0.89369;1.455;0.52281;0.094841;-0.38689;1.7585;0.26968;-0.58103;-0.069077;-1.0174;-0.54201;-0.82443;-0.80707;0.6076;1.6335;0.25184;-0.054988;-1.0811;-0.80155;-0.053159;-0.97434;2.0685;-0.89238;-0.55085;-0.26411;1.0689;0.28171;-0.86321;0.15176;-0.83732;-0.51442;0.83418;-0.78235;-0.63941;-0.79136;0.87166;0.033137;-0.25486;-0.33981;-0.54428;-0.6075;0.90461;-0.66146;-0.16612;0.64966;0.16011;-0.58037;-0.56974;-0.32334;-0.86192;4.4881;3.4756;-0.78239;-0.61454;-0.34276;-0.38167;-0.57303;1.3653;-0.63252;-0.71756;-0.74935;0.29355;2.4753;-0.66305;-0.31306;-0.52282;-0.61406;-0.50621;-0.80589;2.3464;2.1218;-0.24173;-0.57122;-0.21079;3.9327;-0.80342;-0.47344;0.36449;0.48616;0.42926
35;4.09;0.33671;-1.0543;-0.28791;-0.731;-0.42025;-0.64013;1.773;0.079354;-0.5847;-0.91885;0.81821;-0.40469;1.3138;-0.41513;1.9458;-0.12077;-0.32231;-0.56248;-0.76992;-0.075834;-0.27928;-0.94555;-0.64575;0.47554;-0.65095;1.2145;3.0672;-0.23285;0.046024;0.38954;-0.75744;-0.20733;-0.32245;-0.42991;-0.85995;-0.81482;-0.89654;0.69947;0.56887;-0.18981;1.0115;-0.62123;-0.91816;-0.76713;0.45047;-0.29633;-0.21262;0.71771;0.36298;0.16119;-0.335;-0.61733;-0.84194;-0.20489;-0.50324;2.3367;-0.79207;-0.65128;0.23501;-0.99435;-0.73845;0.3704;-0.60002;0.050086;-0.83318;1.165;-0.028756;-0.76334;-0.20489;-0.046282;-0.11902;-0.34089;-0.36225;-0.20035;0.78767;2.7943;0.0016034;0.19959;-0.11314;-0.28272;-0.54984;-0.67825;-0.70965;4.5213;-0.26841;0.27415;-0.54305;1.7736;-0.69487;2.2527;-0.78335;0.23919;-0.39913;-0.46033;-0.38327
36;-0.84922;-0.64963;0.47455;2.2762;-0.034714;-0.38975;0.22704;2.843;-0.63657;0.1986;1.4174;-0.38528;-0.33767;0.6329;0.81407;2.0502;-0.097377;-1.0276;-0.88483;-1.0219;-0.34781;-0.52051;-0.46972;-1.0568;-0.68909;-0.77169;-1.0274;1.0878;1.5204;-0.097855;-1.0664;0.9756;-0.61301;-1.0284;-0.85062;2.9141;-0.62581;0.48252;-0.99115;-0.70198;0.24243;1.2932;-0.2345;-0.25164;-0.57233;-0.89544;1.6616;-0.062003;-0.73962;-0.23159;0.11924;-0.45588;1.4051;-0.21003;0.10463;-0.068557;-0.61358;0.14105;-0.65288;2.6611;0.54586;-0.49375;-0.33687;-0.42316;-0.17516;-0.80781;3.9729;-0.53666;-0.4602;-0.55876;1.0621;2.8292;-0.59627;-0.70276;-0.71669;0.68387;-0.24529;-0.88922;-0.063056;-0.36788;-0.50563;-0.34408;1.9094;-0.68969;0.36979;-0.68183;1.9325;-0.54692;0.17928;-0.61292;-0.64424;1.1542;-0.52819;-0.80185;-0.54067;-0.64044
37;-0.25971;1.594;0.4058;-0.056065;0.66521;-0.80835;-0.20398;0.21982;0.81397;-0.9472;-0.44967;-1.0203;0.030387;-0.053633;3.9251;1.2608;2.6606;-0.26421;0.24722;-0.80332;-0.55538;-1.0079;1.0994;-0.34469;-0.93123;0.90586;3.2239;-0.83974;-1.0316;-0.010784;1.5396;-0.51669;-0.42386;-0.79837;1.7808;-0.065043;1.5291;2.1186;-0.84896;-0.76782;-0.94102;1.7813;-0.68692;-0.5808;0.7021;-0.46515;-0.69823;0.74447;-0.76851;-0.47519;-0.78554;-0.7186;-0.68576;-0.80335;-0.68762;-0.4294;-0.13105;-0.85735;1.751;-0.484;0.64405;0.027312;-0.46298;-0.34544;-0.21688;-0.42181;-0.38828;-0.7424;-0.35503;0.35692;-0.56043;-0.61648;3.1876;0.34532;-0.044687;1.3905;0.42087;-0.51192;-0.29123;0.021982;5.424;0.091427;-0.25904;-0.76309;-0.12287;1.5174;0.97141;-0.23199;-0.50343;-0.62585;1.0043;-0.56433;0.10262;0.35396;-0.65267;-0.50225
38;0.74029;0.13349;1.1662;0.33156;-0.40009;-0.74109;-0.14002;0.18804;-0.76963;-0.56353;0.29518;-0.25599;-0.36815;-0.74424;-0.88151;-0.55855;-1.1442;-0.54798;-0.4777;-0.28215;-0.67753;1.0234;-0.55875;-0.29481;1.4857;0.060074;-0.94092;0.48728;-0.48359;-0.093104;-0.27981;0.45308;-0.0071166;0.010047;-0.19743;-0.97467;-0.01571;-0.79783;-0.15732;-0.28471;2.6486;-1.221;-0.6189;-0.68876;0.28675;0.42494;-0.41481;-0.22229;-0.77545;0.00095168;-0.65875;-0.74462;-0.55477;1.4252;-0.44587;-0.60147;-0.60031;0.14825;-0.65079;-0.69823;-0.46915;0.81457;-0.66092;2.4501;-0.40269;-0.70087;-0.19772;-0.66742;0.1264;0.068074;-0.57029;-0.45495;1.6027;1.4314;0.98449;-0.65158;-0.80124;-0.064346;1.2366;1.0394;-0.17607;1.9275;-0.67422;-0.75318;0.69948;-0.70744;-0.41411;-0.39227;0.54317;-0.72597;-0.68458;-0.78062;0.6248;-0.6169;-0.59696;-0.78752
39;-0.60082;-0.4777;1.0594;-1.045;-0.7058;0.48392;0.020844;-0.41197;-0.92998;-0.60007;-0.85395;-0.39115;-0.75738;-0.58079;1.0113;1.4151;-0.36254;0.58181;-0.76395;2.2008;-0.47221;-0.083104;0.33224;1.0322;-0.68167;-0.77808;-0.73973;2.4583;0.3551;0.80359;0.59077;0.12809;-0.34388;-0.92142;-0.15989;0.040866;0.323;0.46548;0.31903;5.8022;1.0087;-0.89431;-0.764;1.897;-0.93553;-0.81488;0.60402;0.16885;-0.43737;-0.372;1.3439;-0.37477;0.026256;-0.65345;-0.54615;-0.55665;-0.52418;1.3674;-0.26403;-0.46281;-0.84637;-0.74367;-0.41749;-0.16112;2.0754;0.16779;-0.43217;-0.74335;-0.87125;-0.56954;0.073689;-0.76368;-0.45519;1.8823;-0.66632;0.05204;-0.57407;0.069423;-0.14182;-0.35966;-0.53033;2.0923;1.0324;-0.75755;-0.40984;-0.64518;-0.82336;-0.49547;-0.30679;-0.72233;-0.043129;-0.76832;-0.38498;-0.236;-0.23524;-0.3626
40;-0.022487;-0.32101;-0.78848;0.6425;-0.32857;0.23546;-0.16854;0.0090046;-0.67906;-0.46975;0.024573;-0.45546;0.33169;-0.24774;-0.69818;-0.6302;0.9326;0.7579;0.7207;-0.7815;0.095938;-0.13083;1.6178;-0.43095;-0.832;-0.43128;-0.45722;-1.0192;-0.83131;-0.1546;1.2171;-0.62135;0.5272;0.73444;0.033098;-0.62087;1.935;1.8187;-1.0057;-0.69024;1.8315;-1.3019;-0.37954;2.4008;-0.54033;0.57925;-0.6431;-0.11512;0.39449;1.3486;-0.7715;0.40514;-0.68727;-0.51831;-0.026133;0.10156;0.89675;1.5557;0.90836;-0.58575;1.9712;-0.088681;-0.57574;-0.33592;-0.19151;-0.75036;-0.51726;-0.40338;1.7371;-0.60886;-0.098869;-0.59903;-0.58959;-0.54285;-0.72477;-0.68067;1.0403;3.2524;-0.72149;-0.65365;-0.51462;-0.60919;1.6634;3.4785;-0.24229;-0.68426;0.01498;-0.6356;0.35699;1.5253;-0.49972;0.66052;0.8875;1.9035;0.41783;2.1173
41;-0.86815;-0.52527;-0.64999;-0.41689;-0.38253;-0.8002;0.83127;-0.41825;-1.006;-0.60741;-0.46154;1.1118;-0.66953;-0.27226;0.055648;-0.22979;-1.0966;-1.132;-0.79579;-0.63928;-0.30331;-1.1923;-0.74022;-0.78815;-1.0285;-0.78903;-0.037613;0.28709;-0.18505;0.25622;1.8308;-0.057586;-0.2335;-0.55519;0.50272;-0.9498;-0.31581;-0.65866;0.86881;-0.41098;0.15438;-0.047335;-0.10277;-0.43087;0.31696;0.096496;-0.22745;-0.47401;3.3789;-0.69564;-0.14389;-0.76418;-0.6102;0.076652;-0.71825;-0.68611;-0.58987;1.2119;-0.21027;-0.69017;0.20019;-0.6769;-0.32254;-0.60229;-0.6012;0.32811;-0.4198;-0.36174;2.5256;1.527;-0.57499;-0.63071;-0.73589;-0.84088;-0.75056;-0.73789;-0.79984;-0.73269;-0.67356;-0.68412;-0.43255;1.6097;-0.65451;-0.66791;-0.22476;-0.22655;-0.58316;-0.59829;-0.56444;0.68428;0.98896;-0.60352;1.2002;-0.37855;-0.1273;-0.76948
42;2.402;-0.30358;0.19417;-0.093498;1.1298;-0.56769;-0.026021;1.023;-0.30087;-0.96602;0.10249;-0.28798;-0.089286;0.73759;-0.38405;-0.84355;0.78004;-0.21218;-0.89129;-0.37298;1.1465;0.2138;0.49033;0.2999;-0.36078;-0.030125;-1.015;-0.97682;-0.63711;1.0983;-0.91753;2.9914;5.2181;0.39183;-0.30351;-0.42941;-1.052;2.1454;-0.26717;-0.39456;-1.0896;-1.2021;-0.18016;-0.81333;-0.77195;3.399;0.96834;-0.89654;-0.36419;-0.70941;-0.79981;-0.64803;-0.63908;-0.68214;-0.86951;4.3946;-0.46105;1.8735;1.4508;0.95757;1.3242;0.92247;0.75532;-0.59874;0.065156;0.80566;-0.49074;1.549;2.6547;-0.3364;-0.36797;-0.17186;-0.22194;-0.76537;2.1015;-0.67256;-0.68078;1.1418;-0.11193;2.7148;-0.29038;1.3559;-0.094738;-0.6023;1.3601;-0.20098;0.10729;-0.59017;-0.32399;-0.42812;-0.39621;-0.76077;-0.54448;-0.39416;-0.34942;1.3694
43;-0.86618;-0.95533;-0.42923;0.96779;-0.92089;-0.75119;-0.80877;-0.75125;2.5018;-0.26826;-0.87326;-0.91163;-0.45148;-0.6397;0.42055;-0.89978;-0.882;-0.4902;0.074279;-0.78215;-0.11727;-0.49711;-0.23546;0.49787;1.3645;0.77334;0.56894;-0.84361;-0.84569;-0.3497;0.52028;-1.0317;-0.7751;0.87445;-0.79824;1.7907;0.27948;1.4769;-0.91411;-0.37001;0.67574;-1.2455;2.6758;-0.97455;1.4032;-0.87563;-1.0401;-0.34156;2.9166;0.38359;0.012988;-0.31632;-0.68332;0.26333;-0.61456;2.505;-0.12789;1.9723;-0.66498;0.86276;-0.98468;-0.074137;1.0976;-0.20079;-0.68784;0.027892;-0.13212;-0.60771;-0.097746;-0.31689;-0.21832;1.2213;-0.73741;2.2365;-0.77648;-0.62915;-0.78949;-0.23853;-0.68358;0.20968;-0.15247;-0.32413;-0.72246;-0.50509;-0.78897;-0.2713;-0.83004;-0.51514;-0.51787;2.3198;0.82269;-0.80549;-0.28346;2.2977;-0.12953;-0.050328
44;0.26687;-0.98813;-1.1383;0.47528;-0.1823;-0.54377;-1.1218;-0.33435;0.39899;-0.29201;-0.59679;1.3465;-0.40129;-0.74609;1.3153;-0.52506;0.043681;0.33238;0.070308;-0.5334;-0.18501;-0.6252;0.10283;0.70264;2.8821;-0.69522;-0.61233;0.1216;0.92056;-0.63838;-0.93529;0.16085;-0.79811;-0.27929;0.81584;1.1093;-1.0166;2.0547;-0.39832;0.073905;-0.65332;-0.76693;-0.72775;1.8236;-1.0271;0.039302;-0.21992;-0.14077;0.081386;0.14765;0.38411;0.38592;-0.61987;-0.83449;2.8522;0.23224;0.229;-0.82051;-0.67429;-0.70289;-0.85858;-0.43118;-0.2428;-0.13332;-0.20496;0.75655;-0.49466;-0.7046;-0.4302;-0.46496;-0.17859;-0.76839;-0.33138;1.7411;0.050188;-0.5755;-0.38312;-0.86743;0.63384;0.18621;-0.51193;-0.61451;-0.44428;-0.71137;-0.81952;-0.68234;-0.54236;-0.63888;-0.58117;2.9134;-0.45603;0.40107;-0.36705;2.7217;-0.64327;-0.53659
45;1.4741;-0.3473;0.84869;0.24582;-0.93203;0.033453;-1.1367;-0.50756;1.1954;-0.5887;-0.89359;0.40499;2.0912;-0.716;-0.95493;0.40299;-0.59079;-0.55102;-0.28974;-0.1774;0.58935;-0.75313;0.63954;-0.2099;-0.061921;-0.67971;-0.94162;-0.36289;0.016326;-0.024651;-0.98063;-0.91354;-0.18104;3.4853;-0.52313;-0.73109;-0.62965;-0.82368;1.0316;-0.66297;-0.36488;1.358;-0.81652;-0.19638;-0.86499;0.71232;0.74859;-0.74944;-0.78763;0.98891;0.19953;0.6196;-0.64955;0.41094;1.5148;-0.61095;-0.10189;-0.80425;-0.2022;-0.59011;0.31732;-0.76216;-0.66001;-0.49421;-0.72072;-0.87056;-0.5139;-0.70868;-0.037426;0.60857;0.59397;2.4636;1.2526;-0.8206;0.077002;1.1567;0.86225;-0.87883;-0.66507;-0.62282;0.39007;3.0131;-0.53536;-0.2945;0.46316;-0.69512;0.40384;-0.61394;-0.58032;-0.49339;-0.54774;-0.80505;-0.20445;-0.75601;-0.43753;-0.39793
46;-0.32649;1.1458;-0.67371;-1.0609;-0.69589;0.29278;-0.77707;-1.0616;-0.22945;0.67243;1.7844;0.11549;-0.0048887;-0.86452;0.13164;-0.99818;0.25055;2.1485;-0.57006;1.0219;0.34881;-0.89432;-0.34531;-0.11277;0.19733;1.5459;-1.028;0.046306;0.18867;-0.67692;1.9003;-0.15305;-0.067319;0.72623;-0.96036;2.9544;1.4485;-0.59245;-1.0064;-0.17582;1.1324;0.78208;-0.83631;-0.83829;-0.14228;-0.10531;1.0005;-0.8765;-0.55753;-0.71845;-0.55808;-0.76303;-0.57883;1.4608;-0.92518;-0.068309;-0.21384;0.39784;0.77307;-0.15982;0.90811;2.2284;-0.2881;-0.39199;4.0641;-0.088303;-0.48014;0.058939;1.0431;-0.015582;-0.34838;0.014838;1.1826;-0.30239;-0.76345;-0.67512;-0.55051;-0.70798;-0.72347;-0.11839;-0.28872;-0.54936;-0.062679;-0.55785;-0.79557;-0.70288;-0.43865;-0.36283;-0.54703;-0.59334;-0.7732;2.7679;5.2906;-0.51629;0.35715;1.2629
47;-0.92622;1.3236;-1.0988;-1.1577;-0.16223;-0.47886;-0.94018;0.85337;2.3187;-0.76957;-0.36915;-0.031367;-0.55704;-0.5088;-0.52494;0.66431;-0.13052;1.7178;-0.59742;0.25144;0.40724;-0.06906;-0.35431;-0.33756;-0.39617;-0.79073;-0.1025;2.1842;0.59841;-0.45752;-0.30653;-1.0308;-0.60115;0.99656;3.8081;-0.37461;0.59977;-0.65872;-0.68771;-0.53565;2.0394;-1.0817;2.6927;0.2659;0.60988;-0.41591;-0.54276;1.4827;-0.47859;-0.77017;0.79148;1.9549;0.92542;-0.28107;1.8872;-0.26989;-0.59589;-0.61034;0.039778;-0.47415;-0.63786;1.2327;-0.49649;0.070584;-0.59649;-0.65627;-0.46966;-0.16413;-0.88359;-0.55428;-0.28802;1.2698;-0.29661;-0.75775;-0.78186;-0.38004;-0.79569;0.92944;-0.71689;-0.50839;-0.21429;-0.70232;-0.68064;-0.75353;0.99332;0.65397;-0.81055;-0.63383;1.2465;-0.71746;-0.49048;-0.80598;-0.53276;-0.44952;-0.61371;0.67842
48;0.32816;-0.88958;1.4188;0.14448;-0.84962;3.6328;0.34346;0.065366;0.17669;1.1459;-0.73475;0.95769;-0.24875;3.9367;-0.42238;-0.25694;-1.0833;-0.86007;-0.61333;1.5489;-0.5062;-0.64602;-0.77871;1.5615;-0.68896;-1.0404;-0.45238;-0.20316;-0.82385;-0.43101;-0.46527;-0.32629;-0.53319;0.23168;-0.83533;-0.79169;1.5259;0.23082;-0.55436;-0.53604;-0.16027;-1.0427;2.2792;-0.36582;0.93566;-0.30906;0.11538;-0.45026;-0.61716;-0.13918;-0.72445;-0.77356;-0.40596;-0.43081;-0.18292;1.3655;-0.59613;-0.81588;-0.65141;0.071086;0.022525;-0.68631;-0.16233;0.24273;-0.17087;0.88863;-0.31592;1.6446;3.0283;-0.61141;5.1626;-0.60775;-0.73873;-0.72517;-0.35592;4.3962;-0.79373;-0.54891;-0.71065;-0.70517;0.11183;-0.35319;-0.31436;1.7457;-0.27825;0.31896;-0.47909;-0.63726;-0.43906;-0.72797;0.34005;0.035366;0.59821;2.0323;-0.32264;-0.78947
49;-0.33821;0.27638;0.83871;-0.79379;-0.89706;0.24251;0.26883;-0.57977;2.7322;3.73;0.74327;2.5032;0.68363;0.37719;-1.02;-0.91923;-0.42326;-0.27311;-0.62878;0.17101;5.5096;-0.63681;-0.34124;0.29338;-0.016661;-0.58633;-0.68471;1.2365;-0.33986;0.25086;-0.80621;-1.08;0.16736;-0.14785;0.76708;1.3544;-0.046315;0.90864;-0.46629;0.1322;-0.49271;1.9921;-0.62435;-0.44762;0.14822;-0.72398;3.7053;-0.47323;0.046021;0.7373;0.49301;-0.3506;1.8754;-0.22168;-0.4322;-0.42944;-0.60912;-0.77713;2.1621;-0.6888;2.3144;-0.31034;-0.41043;-0.59406;1.0083;-0.87122;-0.51732;-0.50196;1.1763;-0.60533;-0.49861;-0.79289;-0.57287;1.0995;-0.30842;-0.21877;-0.63444;0.68714;0.049196;-0.44036;-0.52287;-0.70058;0.1007;1.3204;0.49833;-0.40453;0.22448;-0.62441;1.0261;-0.72882;-0.24436;-0.68968;-0.4446;-0.77313;1.0427;-0.65775
50;1.1572;-0.23638;-0.33222;1.1027;-0.5841;-0.39194;1.952;0.11082;-0.24173;-0.79614;-0.6483;-0.69738;-0.47586;-0.10378;-0.19958;-0.11615;-0.98099;-1.048;1.2171;-0.92959;0.51372;-0.091236;0.094727;0.076812;-0.37902;0.067197;1.6939;0.84281;0.07522;-0.14984;-0.41065;0.30242;-0.50393;1.1503;-0.79762;-0.96093;-1.0175;-0.70857;-0.63799;1.3713;-0.8237;-1.071;0.33848;0.22462;-0.51713;0.2042;-0.99847;-0.791;-0.74679;-0.77224;0.077278;0.036652;0.14705;-0.5199;-0.73095;0.84314;0.50014;-0.01254;0.22993;0.0319;-0.42797;-0.69588;2.1712;-0.11835;-0.77076;-0.87191;-0.43871;-0.065641;-0.6665;-0.46303;-0.48693;1.7234;-0.67772;-0.83696;-0.63979;-0.61071;-0.49448;1.7047;-0.29022;1.7867;-0.50514;-0.52911;0.68491;-0.76264;-0.80209;-0.68514;-0.78697;-0.38495;0.040049;-0.35115;-0.012319;-0.80534;-0.48077;-0.49143;0.65863;0.22938
PARTICULAR
GAIN
1
