TITLE;72 random variables, variable gain
FOCUS ON;
EXPERIMENT TYPE;SingleAmongManyVaryingGain
PARAMETERS
normalization;Standard
pcaRecompositionThreshold;0.95
component;1;2
type;RandomNormal;RandomWeibull
p1;0;1
p2;81;1
RESULTS
COMMON
distance
which;Manhattan(Average);Manhattan(GeometricAverage);Manhattan(Median);Manhattan(Minimum);Manhattan(MinimumTimesMedian);Manhattan(Summation);Euclidean(Average);Euclidean(GeometricAverage);Euclidean(Median);Euclidean(Minimum);Euclidean(MinimumTimesMedian);Euclidean(Summation)
plain;1.0215;1.0199;1.0221;0.86225;0.88133;1251.3;0.16757;0.16677;0.16805;0.12187;0.02048;205.28
PCA;1.0215;1.02;1.0218;0.86385;0.88271;1251.4;0.1676;0.1668;0.16816;0.12185;0.020491;205.31
DE00;1.0448;1.0418;1.0458;0.9019;0.92119;1279.3;0.30122;0.31625;0.30474;0.15056;0.040539;384.38
DE01;1.0445;1.0405;1.04;0.89827;0.92587;1279.8;0.31955;0.32155;0.3177;0.1558;0.037546;402.6
DE02;1.0455;1.0424;1.0437;0.90465;0.92785;1278.3;0.34767;0.30034;0.33618;0.15579;0.040061;373.2
PCA
weights;0.01422;0.014185;0.014106;0.013545;0.01403;0.013796;0.013731;0.014192;0.014187;0.013983;0.013858;0.013976;0.014236;0.014122;0.013507;0.013981;0.014016;0.014204;0.013889;0.013408;0.014043;0.013577;0.014104;0.013862;0.01335;0.013935;0.013515;0.013822;0.014155;0.013444;0.013682;0.013955;0.014074;0.013962;0.013575;0.013932;0.013964;0.013783;0.014232;0.013993;0.013895;0.014278;0.013875;0.013444;0.014089;0.014002;0.013761;0.013776;0.013772;0.013759;0.014019;0.01357;0.013481;0.013946;0.014222;0.014223;0.013412;0.014172;0.013721;0.013948;0.013737;0.013805;0.013965;0.013838;0.014036;0.013869;0.014151;0.01383;0.013885;0.013797;0.013856;0.013737
differential evolutions parameters, by distance type
i;dDE / dP;distance;type;parentWeight;crossover;population;iterations;distance;weights ->
1;1.0226;1.0445;2;0.85;0.5;50;50;Manhattan(Average);0.041539;0.0025313;0.0024663;0.0044862;0.0021721;0.00089579;0.0012712;0.032376;0.018865;0.0038123;0.0018029;0.0033961;0.0041982;0.0038679;0.0014926;0.0072796;0.037284;0.02972;0.00019648;0.0096372;0.0023203;0.0024986;0.042084;0.040186;0.0012404;0.0015993;0.0093633;0.0028769;0.00095709;0.0043985;0.0023312;0.0040208;0.02607;0.0011972;0.034219;0.00020046;0.04064;0.00050804;0.029377;0.0053721;0.0074401;0.042886;0.024359;0.018455;0.00015645;0.044161;0.0052884;0.037756;0.026012;0.0023639;0.011774;0.00019145;0.040292;0.00072172;0.030926;0.011417;0.015872;0.01853;0.00051583;0.0090461;0.02836;0.00042396;0.00060043;0.01747;3.6805E-05;0.00036622;0.0012308;0.023705;0.036446;0.0011879;0.043792;0.037469
2;1.0229;1.0448;2;0.85;0.5;50;50;Manhattan(Average);0.04391;0.0051243;0.0023879;0.00062628;0.021034;0.0013022;0.003383;0.03417;0.03513;0.0014622;0.0076421;0.0023131;0.0015435;0.012428;0.0077169;0.0044044;0.021536;0.023663;0.00011882;0.013989;0.0016951;0.0058232;6.5093E-07;0.025143;0.00253;0.0016784;0.0010698;0.00085539;0.0010281;0.00094792;0.0040583;0.00053578;0.037577;0.0020352;0.00056894;0.0015652;0.039002;0.00070044;0.025244;0.00081222;0.0025204;0.044918;0.014417;0.044112;0.007075;0.038682;0.0012433;0.04339;0.013849;0.00097483;0.037496;0.00059968;0.04238;0.0050228;0.022182;0.0030079;0.043107;0.0094953;0.00062967;0.030507;0.018709;0.0025078;0.0011226;0.015494;0.00097311;0.002036;0.0020311;0.028664;0.038508;0.0015726;0.043419;0.042597
3;1.0236;1.0455;2;0.85;0.5;50;50;Manhattan(Average);0.043192;0.0010644;0.00094746;0.0049565;0.00039598;8.7245E-06;0.00053639;0.020579;0.04051;0.0011796;0.0047058;0.0011588;7.4989E-05;0.0069336;0.00012064;0.00024146;0.038736;0.037334;0.00087236;7.2103E-09;0.0037906;0.00062116;0.024901;0.041558;0.00021016;0.0015418;0.0015244;0.006365;8.8564E-05;0.020403;0.00067657;0.0055986;0.041552;0.00085805;0.01444;0.0065082;0.040566;0.0013305;0.015986;0.0026071;0.013833;0.030469;0.04309;0.042102;0.00045782;0.043252;0.0037522;0.041976;0.0029136;0.0015965;0.034151;0.0025191;0.039711;0.0026174;0.026025;0.0068767;0.028304;0.0078367;0.00041338;0.012835;0.032121;9.6145E-05;0.0027594;0.008621;0.00032443;0.00085188;0.0013276;0.023315;0.02898;0.0012053;0.038135;0.042859
4;1.0215;1.0418;2;0.85;0.5;50;50;Manhattan(GeometricAverage);0.04057;0.0015336;0.0013689;0.0029742;0.03201;0.0012626;0.0017843;0.0062382;0.02981;0.0011659;0.0014985;0.0012545;0.011794;0.0059795;0.0047112;0.0044459;0.030961;0.037274;0.0021251;0.027302;0.0025468;0.0055253;0.030652;0.036167;0.0019206;0.00060068;0.0087122;0.00058211;0.00094471;0.0034693;0.0030119;0.00056577;0.020959;0.003443;0.00094055;0.00036935;0.036988;0.0003881;0.039101;0.0062869;0.012497;0.029846;0.022815;0.03285;0.00050696;0.040218;0.00037525;0.034466;0.036104;0.00092216;0.034814;0.0049753;0.040978;0.0013914;0.015909;0.0056947;0.030316;0.020411;0.00025825;0.031037;0.0099373;0.0019876;0.0025025;0.004283;0.0012012;0.00037775;0.012383;0.012029;0.035225;0.00078706;0.035279;0.038385
5;1.0201;1.0405;2;0.85;0.5;50;50;Manhattan(GeometricAverage);0.03658;0.0011873;0.004435;0.016656;0.015478;0.0035748;0.0027447;0.038869;0.03419;0.0022621;0.0056944;6.45E-05;0.0061194;0.0066626;0.0005741;0.0060045;0.038778;0.036188;0.00060781;0.035967;0.0025258;0.00079214;0.033719;0.0041172;0.0001448;0.0010183;0.0011969;0.0038878;0.0021667;0.0086127;0.0057921;0.0057552;0.018986;0.0013508;0.021265;0.0058619;0.036536;0.0054591;0.021962;0.014886;0.0035728;0.038968;0.038392;0.03536;0.0012417;0.03811;0.010255;0.023866;0.0049064;0.00075896;0.031758;0.0014527;0.037006;0.00011389;0.00074833;0.0074121;0.034782;0.0055024;0.00035385;0.038471;0.0058222;8.6424E-06;0.0033013;0.021038;0.00099395;0.00095965;0.0011623;0.028388;0.027046;0.0014562;0.039115;0.029006
6;1.022;1.0424;2;0.85;0.5;50;50;Manhattan(GeometricAverage);0.04145;0.0037981;0.00088545;0.00094207;0.012705;0.0018147;0.0033439;0.034919;0.020584;0.0087732;0.0013972;0.00085281;0.0022726;0.0060007;0.0055512;0.0056666;0.019158;0.042216;0.0021716;0.0024217;0.0023234;0.00055588;0.040728;0.022166;0.00076791;0.0014942;0.0099589;0.013394;0.0019818;0.013693;0.0024683;0.0044242;0.017965;0.0018235;0.0026985;0.00012253;0.037226;0.00029336;0.026719;0.0026343;0.004509;0.031677;0.02212;0.034197;0.00091432;0.043337;0.0017067;0.04433;0.024254;0.0021903;0.022134;0.0034334;0.041963;0.0010697;0.033622;0.0014563;0.036654;0.00094178;0.00024532;0.022816;0.02778;0.0036431;0.00037694;0.027207;0.00082724;3.6144E-05;0.0019331;0.016418;0.042909;0.0066045;0.037805;0.040528
7;1.0418;0.89827;2;0.85;0.5;50;50;Manhattan(Minimum);0.020204;0.0017735;0.0020365;0.0060656;0.01409;0.020853;0.018555;0.020971;0.017591;0.013305;0.01492;0.01334;0.024906;0.012193;0.014735;0.010388;0.016724;0.015994;0.00551;0.016609;0.024213;0.023194;0.00047971;0.0041121;0.0052172;0.02122;0.02211;0.015367;0.023652;0.020379;0.0014857;0.0083527;0.014036;0.0095556;0.00056291;0.0039867;0.019017;0.018152;0.018437;0.016341;0.024608;0.00072145;0.010135;0.024397;0.012838;0.01761;0.014563;0.011687;0.015531;0.0097048;0.011526;0.0078426;0.0072784;0.0092325;0.0070456;0.012968;0.022925;0.014244;0.01881;0.018103;0.0006203;0.0059571;0.019099;0.023529;0.022267;0.023299;0.013253;0.019852;0.021934;0.012137;0.0063137;0.0093321
8;1.046;0.9019;2;0.85;0.5;50;50;Manhattan(Minimum);0.026544;0.026126;0.013495;0.013759;0.019046;0.0062518;0.0024475;0.013592;0.01258;0.013829;0.025275;0.0022485;0.021621;0.00914;0.0026468;0.0027593;0.0061009;0.014986;0.0096781;0.025965;0.016479;0.022219;0.0012339;0.0081026;0.012816;0.0098679;0.0039427;0.025482;0.015497;0.021891;0.014044;0.0023257;0.014081;0.01963;0.0055056;0.0010486;0.022604;0.0052886;0.0072676;0.0056158;0.0094714;0.0038259;0.022773;0.013233;0.02205;0.0055869;0.01487;0.021022;0.02139;0.018976;0.018418;0.010323;0.013169;0.006441;0.013664;0.0033571;0.024857;0.022991;0.017212;0.0094685;0.0066828;0.024937;0.020889;0.021486;0.0073002;0.0087834;0.017783;0.016681;0.017137;0.021078;0.025717;0.015393
9;1.0492;0.90465;2;0.85;0.5;50;50;Manhattan(Minimum);0.024777;0.004283;0.0090022;0.0090635;0.027319;0.01776;0.0043861;0.011605;0.01337;0.010931;0.012805;0.0071867;0.026781;0.0062898;0.0033581;0.0026302;0.0021142;0.0066649;0.0019401;0.022644;0.025061;0.015667;0.0033843;0.016437;0.0049933;0.020844;0.025066;0.010811;0.027199;0.027026;0.0058201;0.026758;0.013359;0.0070965;0.011368;0.016314;0.024538;0.018779;0.022383;0.015144;0.015583;0.0030987;0.011814;0.011059;0.015789;0.014112;0.012318;0.021204;0.020815;0.0028638;0.012321;0.0018426;0.023848;0.0058031;0.007478;0.0066884;0.022967;0.021117;0.019646;0.0078208;0.0076162;0.011369;0.020832;0.023257;0.0096922;0.0027414;0.023806;0.01609;0.023137;0.016155;0.01112;0.013036
10;1.0231;1.0458;2;0.85;0.5;50;50;Manhattan(Median);0.023989;0.0090398;0.0051862;0.032709;0.024018;0.00034853;0.0066878;0.019349;0.0095725;0.0013119;0.012084;0.0044431;0.0092154;0.0041427;0.013304;0.010808;0.032167;0.036714;0.0041616;0.01377;0.0097497;0.0026517;0.034523;0.034223;0.00045029;0.00096572;0.017565;0.0052445;0.010214;0.0057198;0.010131;0.016498;0.032634;0.0034925;0.022001;0.00020281;0.033609;0.0011338;0.0073951;0.00081594;0.012939;0.010605;0.014472;0.014758;0.00090171;0.035916;0.0073544;0.034313;0.012104;0.0087953;0.036182;0.0023025;0.035723;0.0018221;0.018793;0.011437;0.0007124;0.020432;0.0011995;0.024067;0.022343;0.0054078;0.0034845;0.035395;0.0019802;0.0018313;0.0042795;0.023624;0.0024155;0.00081552;0.035599;0.035758
11;1.0175;1.04;2;0.85;0.5;50;50;Manhattan(Median);0.016232;0.0034109;0.011402;0.0057638;0.021421;0.018163;0.016419;0.0030115;0.0084878;0.011292;0.010903;0.0086326;0.024689;0.016099;0.015639;0.022558;0.02392;0.028043;0.0036653;0.0051283;0.006269;0.0030477;0.023996;0.019484;0.0037403;0.01661;0.028115;0.026965;0.0038546;0.011867;0.010738;0.025131;0.022894;0.0016674;0.0090693;0.0074301;0.0022734;0.0083101;0.0093064;0.017849;0.020433;0.0092752;0.007959;0.024129;0.0076937;0.027259;0.013716;0.023225;0.02563;0.0027794;0.02853;0.010356;0.029932;0.014193;0.020698;0.01835;0.012317;0.003619;0.00097797;0.010485;0.029349;0.0096891;0.0032957;0.024976;0.010553;0.0046898;0.02248;0.0016463;0.0025394;0.0027141;0.028096;0.014919
12;1.0211;1.0437;2;0.85;0.5;50;50;Manhattan(Median);0.024048;0.020678;0.029283;0.024395;0.017333;0.0010241;0.0037363;0.0089107;0.03173;0.005818;0.023452;0.0065088;6.8488E-05;0.025512;0.005494;0.0005284;0.032298;0.025051;0.0081714;0.00033337;0.0191;0.0019786;0.0058621;0.02963;0.010918;0.014489;0.017201;0.011736;0.0062793;0.010929;0.0048755;0.0054432;0.013332;0.00083443;0.021963;0.0089671;0.023145;0.0061045;0.00069652;0.020443;0.008937;0.026696;0.0062742;0.032315;0.002537;0.032731;0.017313;0.033378;0.016082;0.003929;0.017764;0.0036185;0.033079;0.00070467;0.0062283;0.021875;0.003978;0.012974;0.0051683;0.03194;0.02508;0.00012441;0.00068205;0.0315;0.0058542;0.0029954;0.00042465;0.0078115;0.0053788;0.0061901;0.033321;0.034814
13;1.0452;0.92119;2;0.85;0.5;50;50;Manhattan(MinimumTimesMedian);0.021943;0.010781;0.0056959;0.015359;0.01014;0.0092917;0.014654;0.019589;0.0020974;0.0041717;0.010567;0.01269;0.022842;0.022206;0.00055948;0.0098528;0.007447;0.013856;0.0042276;0.022803;0.021363;0.025865;0.010887;0.0057605;0.0022803;0.010067;0.012098;0.021388;0.018297;0.018278;0.015361;0.012036;0.022232;0.0071865;0.023764;0.00387;0.0074536;0.0062592;0.019121;0.0023515;0.023326;0.0048383;0.023454;0.018034;0.020666;0.020774;0.012233;0.013656;0.020772;0.016672;0.014486;0.0089186;0.015214;0.016917;0.0072099;0.011341;0.023824;0.021299;0.011223;0.022987;0.0085695;0.016177;0.013778;0.011927;0.012304;0.0078546;0.0042935;0.019151;0.01227;0.015648;0.026402;0.01709
14;1.0505;0.92587;2;0.85;0.5;50;50;Manhattan(MinimumTimesMedian);0.024077;0.0032526;0.00046568;0.022519;0.020826;0.016385;0.018915;0.021102;0.026159;0.0023957;0.027094;0.017877;0.022545;0.003549;0.0071456;0.017395;0.011974;0.023959;0.0058447;0.015269;0.016616;0.020689;0.0077196;0.0039817;0.0031356;0.015162;0.019307;0.012338;0.020722;0.024688;0.003824;0.00082538;0.0055574;0.020646;0.0053053;0.0027225;0.026902;0.010648;0.016105;0.0079714;0.014099;0.0017901;0.019981;0.0067268;0.0132;0.026648;0.0071975;0.021297;0.019376;0.021791;0.021767;0.0022237;0.024298;0.013021;0.00094832;0.0059324;0.024118;0.018172;0.0044232;0.0068527;0.011079;0.013983;0.01781;0.020025;0.0080269;0.0032342;0.018252;0.0031977;0.025517;0.020755;0.022872;0.0077705
15;1.0528;0.92785;2;0.85;0.5;50;50;Manhattan(MinimumTimesMedian);0.024627;0.0016874;0.002161;0.013709;0.021632;0.0054645;0.023519;0.013565;0.012422;0.011102;0.015144;0.0048013;0.025356;0.0058144;0.0044437;0.017056;0.022347;0.023248;0.020267;0.0078506;0.02166;0.021466;0.0070068;0.014608;0.0027995;0.012278;0.0044014;0.011451;0.014848;0.020941;0.0041526;0.016387;0.009619;0.0072769;0.0015862;0.0044558;0.018223;0.014789;0.022157;0.019366;0.016182;0.016544;0.019224;0.011547;0.020781;0.016987;0.019025;0.02375;0.0217;0.004693;0.019739;0.00090681;0.0064335;0.0088592;0.0048467;0.0031853;0.028317;0.023798;0.010502;0.016088;0.001221;0.0085306;0.015894;0.015667;0.003962;0.0091382;0.020914;0.02653;0.026128;0.021057;0.016228;0.015933
16;1.0224;1279.3;2;0.85;0.5;50;50;Manhattan(Summation);0.041325;0.0017066;0.0010871;0.010925;0.02998;0.0011746;0.0051956;0.018851;0.032465;0.0010949;0.010803;0.0019326;0.0015338;0.014239;0.0054648;0.00051138;0.023506;0.037233;0.00012241;0.0012051;0.00041259;0.0015427;0.024408;0.035562;0.00032968;0.0049197;0.0071549;0.008067;0.0025124;0.011023;0.00031066;0.00055969;0.033001;0.00067099;0.0096136;0.0019642;0.040685;0.0026211;0.013021;0.0014838;0.0044;0.039096;0.028835;0.041799;0.00065349;0.038747;0.0005292;0.038998;0.0080506;0.0022189;0.038396;0.0026001;0.036002;0.00087589;0.017486;0.001468;0.024996;0.038647;0.00019498;0.025567;0.0098182;0.00045617;0.00041207;0.025326;0.0011801;0.00034047;0.022618;0.0055946;0.023011;0.00093762;0.039441;0.041087
17;1.0228;1279.8;2;0.85;0.5;50;50;Manhattan(Summation);0.044125;0.0017938;0.00065275;0.031041;0.02913;0.0058175;0.0001771;0.03975;0.043874;0.0017184;0.00013716;0.0018241;0.0020931;0.0010412;0.0029761;0.0021311;0.026841;0.030137;0.00028681;0.0027297;0.0045855;3.939E-05;0.010902;0.035147;8.2835E-05;0.0099308;0.0087041;0.0014412;0.0031103;0.0028213;0.00072469;0.0042873;0.043759;0.00079189;0.0014252;0.0015391;0.039418;0.011999;0.010948;0.0068842;0.00623;0.034357;0.033482;0.03989;0.0018081;0.040212;0.0036293;0.043282;0.015552;0.003424;0.032104;0.00077809;0.04169;0.00069954;0.024192;0.022447;0.0020725;0.0083426;0.0022287;0.029783;0.00093021;5.1231E-05;0.00016583;0.00045966;0.00049355;0.0025636;0.00015377;0.013146;0.043877;0.00090993;0.04307;0.041156
18;1.0216;1278.3;2;0.85;0.5;50;50;Manhattan(Summation);0.038626;0.0032302;6.1055E-05;0.029911;0.021212;0.0004726;0.0027772;0.010343;0.034441;0.0036027;0.0025698;0.0015313;0.010445;0.00089304;0.00095774;0.0021645;0.029162;0.036913;0.000801;0.0041492;0.0035255;0.0020039;0.038264;0.017845;0.00069664;0.0022055;0.0019515;2.0598E-05;0.00035391;0.017618;0.001333;0.0010278;0.028366;0.0014394;0.0027684;0.00011158;0.033883;0.0075104;0.022448;0.0018096;0.0038013;0.018933;0.013468;0.033321;0.0015775;0.037282;0.00997;0.035368;0.015519;0.00014526;0.034805;0.0027681;0.036086;0.0040262;0.037447;0.0049851;0.023455;0.03701;0.000525;0.036774;0.034855;0.0013615;0.0010947;0.037216;0.00050508;0.00025882;0.0038597;0.0068612;0.034793;0.00092287;0.034995;0.036565
19;1.7975;0.30122;2;0.85;0.5;50;50;Euclidean(Average);0.0019651;0.0017627;0.062838;0.0051909;0.0019364;0.047418;0.068042;0.0040617;0.0023605;0.0020332;0.0096849;0.064641;0.0062781;0.013975;0.0004824;0.050431;0.068779;0.0019631;0.003565;0.0031484;0.0025458;0.0033394;0.0019047;0.0077029;0.0087914;0.0023293;0.002598;0.0046441;0.0045684;2.6427E-05;0.0051363;0.036381;0.0035732;0.0077006;0.0025728;0.009472;0.00071471;0.052287;0.0037393;0.0074659;0.0027872;0.011434;0.00043745;0.0039232;0.00010221;0.00054117;0.0018012;0.016175;0.0088711;0.0006972;0.056794;0.0031207;0.00050857;0.065262;0.00012248;0.00023041;0.061523;0.0039063;0.0025136;0.012112;0.0011321;0.0016076;0.0044928;4.2082E-05;0.0037046;0.0019394;0.0033451;0.057198;0.067225;0.0028175;0.013974;0.0016084
20;1.9069;0.31955;2;0.85;0.5;50;50;Euclidean(Average);0.0055033;0.00071488;0.0017649;0.00011869;0.00085913;0.0004597;0.00037681;0.0001942;0.0020532;0.0028307;0.00098379;0.0053464;0.00095486;0.064309;0.00028867;0.060485;0.0068905;0.0038762;0.066038;0.0014794;0.0040664;7.4947E-05;0.06505;0.0064013;0.0021979;4.381E-05;0.00059789;0.0013682;0.0053187;0.0027291;0.0012093;0.0018662;0.063952;0.065358;0.00012306;0.0011455;0.05796;0.0010274;9.5674E-07;0.00095058;0.0060285;0.064453;0.00037144;0.0065292;0.0057178;0.00052572;0.0054916;0.0012944;0.0021493;0.0059023;0.0053484;0.0086512;0.00046052;0.063791;0.00010542;0.0016613;0.062411;0.0015387;0.0032725;1.1904E-05;0.0050955;0.0022338;0.00056869;0.0023506;0.06247;0.065968;0.0017721;0.026119;0.060774;0.0077244;0.010846;0.0013936
21;2.0747;0.34767;2;0.85;0.5;50;50;Euclidean(Average);0.0040064;0.0040861;9.5706E-06;0.0021203;0.002967;0.099784;0.06474;0.10291;0.011302;0.014276;0.0059254;0.0039732;0.0038728;0.015072;0.006278;0.0059077;0.00015267;0.0018371;0.0017498;0.0064507;0.0059754;0.00057816;0.026346;1.0838E-06;0.0047689;0.00047487;0.01773;0.013162;0.0014305;0.010065;0.0027831;0.0001604;0.004167;0.005081;0.00044389;0.017179;0.0038229;0.00031985;0.0068265;0.031505;0.016881;0.011749;0.00078388;0.0025719;0.10301;0.095147;0.00041663;0.00083506;0.0032449;0.014354;0.0071934;0.00057566;0.0022538;0.013243;0.0012659;0.0019843;0.0016719;0.0042992;0.0010684;0.0015957;0.009037;0.0025161;0.00026952;0.092834;0.088767;0.00094519;0.0019101;0.00066131;0.00023253;0.0035524;0.00039508;0.0044902
22;1.8963;0.31625;2;0.85;0.5;50;50;Euclidean(GeometricAverage);0.0026818;0.020228;0.00010387;0.057033;0.00029111;0.00019524;1.3802E-05;0.0043243;0.073152;0.0027811;0.00081057;0.0074811;0.0022752;0.0045153;0.0073739;0.0027749;0.0032447;0.0064241;0.0039553;0.0074068;0.070649;0.00054787;0.067878;0.0086418;0.0055316;0.0037023;0.0025604;0.0037641;0.0027679;0.0020172;0.0010636;0.068655;0.072792;0.0022;0.0027097;0.065717;0.00073663;0.0019289;4.9672E-05;0.00082747;0.0099883;0.0062995;0.0023559;0.00029665;0.01372;0.0013041;0.014059;0.069983;0.00089552;0.00056493;8.0053E-05;0.00076662;0.0011682;0.003502;0.0002444;0.0010178;0.0021942;0.0054601;0.00013455;0.072675;0.00096813;0.0034236;0.042842;0.00057658;0.012379;0.003581;0.0047175;0.006098;0.00011678;0.054714;0.071609;0.00046003
23;1.9281;0.32155;2;0.85;0.5;50;50;Euclidean(GeometricAverage);0.0040477;0.0017578;0.0079799;0.069974;0.0013155;0.0050907;0.0007707;0.0011908;0.0019366;0.0017666;0.00053441;0.078631;0.074658;0.0017648;0.0027213;0.0043163;0.0036899;0.0035952;0.00043504;0.001493;0.00068822;0.07315;0.078339;0.0025917;0.0019731;0.0038659;0.00059309;0.00057867;0.014774;0.00032041;0.00070009;0.00051359;0.0024649;0.012369;0.010289;0.0029977;0.0077877;0.010743;0.0015338;0.0021838;0.011417;0.074819;0.013185;0.073536;0.0035842;0.0051204;0.0028488;0.0015354;0.0081771;0.0043974;0.0015034;0.0032543;0.00046932;0.00021243;0.0023044;0.074038;0.06903;0.007041;0.0004509;0.0080725;0.001591;0.00084629;0.0011088;0.00032536;0.0068792;0.010659;0.0020776;0.00065787;0.049403;0.06259;0.0021579;0.00058068
24;1.8009;0.30034;2;0.85;0.5;50;50;Euclidean(GeometricAverage);0.0021512;0.00015575;0.0013901;0.064997;0.0083969;0.065385;0.00062625;0.0089383;0.00043222;0.0064478;0.059503;0.053675;0.013707;0.0030061;0.0060913;0.0017885;0.0023312;1.5825E-06;0.0027732;0.064359;0.051117;0.002502;0.003663;0.00068209;0.00058411;0.0010132;0.065584;0.037023;0.001601;0.0076904;4.3427E-05;0.0062965;0.0010996;0.0034152;0.0051065;0.0037736;0.0019419;0.065288;0.012618;0.0015342;0.00036029;0.0025088;0.0070313;0.059196;0.0016995;0.002201;0.00053337;0.00047742;0.0016369;0.0038654;0.00031594;0.00016187;0.0063918;0.0030917;0.052169;0.0052103;0.0018819;0.061981;0.0082678;0.00020438;0.06319;0.0028265;0.010077;0.00079742;0.00037174;0.00022527;0.0024192;0.0014759;0.048363;0.001466;0.0032082;0.00766
25;1.2354;0.15056;2;0.85;0.5;50;50;Euclidean(Minimum);0.025787;0.0022902;0.0021385;0.027475;0.020256;0.023284;0.00060572;0.025566;0.026613;0.021986;0.016837;6.3468E-06;0.028931;0.028245;0.0018507;0.0072386;0.020682;0.013887;0.0064385;0.02276;0.027728;0.02723;0.024134;7.7195E-05;0.0010224;0.01745;0.0010666;0.0015746;0.0010361;0.026535;0.021009;0.028286;0.029185;0.0083015;0.012044;0.00013535;0.02633;0.01243;0.026485;0.0078433;0.0020057;0.010314;0.0059863;0.023157;0.024357;0.003853;0.013067;0.0043976;0.023426;0.0026397;0.019403;0.004982;0.00025728;0.001719;0.0082236;0.02423;0.00015532;0.00061046;0.028497;0.025711;0.013769;0.0041409;0.00012298;0.010181;0.017259;0.0016875;0.013056;0.022116;0.028905;0.02469;0.0089128;0.0053897
26;1.2784;0.1558;2;0.85;0.5;50;50;Euclidean(Minimum);0.027759;0.0021857;0.00079829;0.0070716;0.001021;0.0038929;0.0028919;0.030256;0.0011552;0.032849;0.015544;0.0084912;0.030553;0.0033124;0.0027564;0.002829;0.00039365;0.024009;0.0086426;0.032423;0.00039175;0.0021615;0.0012539;0.003005;0.026085;0.0056809;0.0094445;0.019098;0.0172;0.024448;0.015952;0.032391;0.031984;0.025291;0.017974;0.0047061;0.031588;0.002916;0.0014804;0.0030963;0.019474;0.015447;0.0095356;0.00084101;0.018903;0.023677;0.0076279;0.026559;0.033083;0.0047542;0.0024204;0.00073001;0.032901;0.0056788;0.0042154;0.019972;0.00041862;0.031782;0.007559;0.002953;0.016444;0.014175;0.018158;0.0046063;0.015184;0.00082268;0.020788;0.020504;0.030933;0.025342;0.027648;0.021878
27;1.2784;0.15579;2;0.85;0.5;50;50;Euclidean(Minimum);0.018888;0.0035894;0.0065239;0.021797;0.0039892;0.0010064;0.02013;0.032777;0.030331;0.0051453;0.0098666;0.015688;0.019167;0.0038758;0.014032;0.0028286;0.0041111;0.014586;0.00044608;0.0022017;0.00090316;0.031822;0.0014703;0.0027747;0.0017215;0.00074265;0.033166;0.023764;0.028801;0.024295;0.0021771;0.023771;0.024713;0.030311;0.0055153;0.0053203;0.031612;0.029404;2.2037E-06;0.0022352;0.0026713;0.0027153;0.019389;0.0044542;0.023502;0.020909;0.00081913;0.029958;0.0049094;0.0027972;0.020986;0.0032885;0.029041;0.0025292;0.026522;0.0017297;0.021455;0.0008545;0.0047718;0.029818;0.013168;0.013398;0.014489;0.031357;0.028549;0.0030094;0.027181;0.033362;0.00082978;0.017488;0.011307;0.017239
28;1.8134;0.30474;2;0.85;0.5;50;50;Euclidean(Median);0.023297;0.0068163;0.0076635;0.0022757;0.077536;0.0015535;0.0008645;0.013908;0.0011267;0.0017097;0.0013736;0.069974;0.021505;0.011955;0.0030793;0.0051909;0.018267;0.0038277;0.0080941;0.018889;0.00237;0.0039518;0.0037321;0.0027571;0.0055494;0.081891;0.0037496;0.0049323;0.0012901;0.0037822;0.0018137;0.0043994;0.0071056;0.00073557;0.0051592;0.0055005;0.0011429;0.014519;0.038953;0.045725;0.075465;0.0072689;0.082364;0.0088479;0.0064235;0.00097734;9.9628E-05;0.0044559;0.032837;0.0021145;0.0026411;0.0012631;0.0016701;0.0071008;0.0020501;0.067545;0.074017;0.0040264;0.0052289;0.0014938;0.0071515;0.0094949;0.0079475;0.016396;0.0043838;0.0063778;0.0025925;0.00029464;0.0064388;0.00034598;0.0072732;0.0054494
29;2.0005;0.33618;2;0.85;0.5;50;50;Euclidean(Median);0.0025017;0.0051566;0.070275;0.0084612;0.012967;0.070983;0.0020959;0.0717;0.0035596;0.00068619;0.0035329;0.0026507;0.012026;0.0020239;0.0029077;0.0041718;0.0017496;0.067594;0.00071223;0.002726;0.0010347;0.001469;0.0056762;0.0054544;0.00026414;0.0062713;0.0013773;0.0016309;0.0032002;0.069149;0.0012332;0.0026384;0.002536;0.066948;0.0019433;0.066198;0.0017791;0.00024995;0.004059;0.002834;0.0011261;0.056358;0.073322;0.0024442;0.070678;0.0092663;0.0014418;0.0037592;0.0011863;0.0088499;0.0058383;0.0033145;0.0011136;0.00031242;0.0018742;0.00015059;0.0064355;9.7552E-07;0.00059181;0.00068592;0.0093429;0.00084554;0.002884;0.0011169;0.0017113;0.0023149;0.0019696;0.07097;0.0018417;0.00023038;0.002857;0.060742
30;1.8906;0.3177;2;0.85;0.5;50;50;Euclidean(Median);0.0094124;0.00058718;0.055914;0.061668;0.0035751;0.0024444;0.0019865;0.0002294;0.0057561;0.00071697;0.052516;0.00021132;0.0045302;0.065537;0.01296;0.0003547;0.0043291;0.0059342;0.0054387;0.062525;0.00378;0.0012622;0.0017487;0.00022868;0.057533;0.061331;0.0036446;0.0014585;0.002919;0.0008511;0.0031308;0.0015976;0.00029063;0.001406;0.048371;0.01038;0.00079935;0.046142;0.0078699;0.00083441;0.0033395;0.00034666;0.0009387;0.00080629;0.0071707;0.00098458;0.065758;0.0019824;0.0017121;0.0001127;0.00014533;0.0011073;0.06373;0.00083778;7.0222E-05;0.00092595;0.00049757;0.002005;0.0034537;0.005002;0.0038011;2.3451E-05;0.00076371;0.0053417;0.066392;6.4245E-06;0.010006;0.0017106;0.0005051;0.010349;0.060618;0.067352
31;1.9795;0.040539;2;0.85;0.5;50;50;Euclidean(MinimumTimesMedian);0.039575;0.0026111;0.0013728;0.0030096;0.0057401;0.0023228;0.029261;0.00072092;0.00078499;0.0055215;0.00885;0.0011687;0.040483;0.0035963;0.0099445;0.00060164;0.041316;0.040563;0.0037869;0.0057307;0.041299;0.02898;0.029417;0.037733;0.038527;0.0024278;0.0050671;0.0029907;0.038663;0.00023891;0.011489;0.00019499;0.00012271;0.0041106;0.0012815;0.0021813;6.45E-05;0.0020958;0.039523;0.0039022;0.033948;0.00034085;0.000994;0.028795;0.00060036;0.00814;0.0042332;0.036145;0.038026;0.00050679;2.6729E-05;0.013514;0.013615;0.001955;0.0054501;0.037491;0.0016229;0.039929;0.00074908;0.0036097;0.00054341;0.0024245;0.041471;0.040405;0.011641;0.0015047;0.00226;0.039245;0.033662;0.0031813;0.00042749;0.016272
32;1.8333;0.037546;2;0.85;0.5;50;50;Euclidean(MinimumTimesMedian);0.035932;0.019842;0.0096831;0.036179;0.035416;0.0043591;0.0015887;0.02825;0.035675;0.008905;0.020492;0.0024192;0.0090806;0.00092138;0.00048019;0.0012832;0.00012493;0.029299;0.0079551;0.0085777;0.00029908;0.00059236;0.021535;1.1641E-05;0.00093778;0.025584;0.028066;0.00061289;0.024229;0.0050854;0.0012498;0.010013;0.028516;0.00077512;0.031799;0.0016188;0.035428;0.0042408;0.022462;0.0019751;0.0080994;0.00051627;0.011392;0.017509;0.029792;0.017668;0.0023966;0.029471;0.00069897;0.00050532;0.007287;0.0082897;0.00052054;0.030775;0.0014822;0.0064243;0.033032;0.0011693;6.4897E-05;0.019428;0.00012032;0.03601;0.021822;0.034252;0.0055836;0.035176;0.00032706;0.033934;0.0041924;0.025908;8.0776E-05;0.03458
33;1.9561;0.040061;2;0.85;0.5;50;50;Euclidean(MinimumTimesMedian);0.024727;0.0038141;3.7191E-05;0.040384;0.039329;0.016914;0.0031082;0.002552;0.040002;0.034581;0.0012501;0.004308;0.0052548;0.0088094;0.0042506;0.0045949;0.0002308;0.037301;0.012718;0.038531;0.0014146;0.030035;0.0051003;0.030033;0.0038116;0.037642;0.00015173;0.013353;0.040941;0.00029129;0.038208;0.0088487;0.039359;0.0065592;0.00063806;0.0046999;0.0049177;0.003426;0.039074;0.0022885;0.0029675;0.0003822;0.0023039;0.0058169;0.013403;0.010506;0.0015547;0.00046704;0.032091;0.0028436;0.00018518;0.0047347;0.039549;0.003096;0.00090576;0.0010127;0.0012973;0.021352;0.0035081;0.00035169;0.0011206;0.0041933;0.00036208;0.029144;0.03652;0.0020689;0.040092;0.00067021;0.035609;0.00080388;0.037206;0.03039
34;1.8725;384.38;2;0.85;0.5;50;50;Euclidean(Summation);0.0025647;0.0045634;0.0018142;0.0080544;0.0012353;0.0038958;0.0033248;0.0087866;0.0069532;0.0005313;0.0036622;0.010408;0.01084;0.010462;0.0069872;0.0023895;0.002912;0.081038;0.001892;0.0023942;0.0054485;0.0089463;0.011204;0.0098731;0.0013237;0.0068936;0.00082799;0.0026368;0.0044002;0.010912;0.0053574;0.0013038;0.024138;0.016638;0.007108;0.0043452;0.0019145;0.0057682;0.0032391;0.0073335;0.086428;0.0041812;0.081058;0.00952;0.00033435;0.011095;0.021979;0.076305;0.0023013;0.0064566;0.0038823;0.0053908;0.017101;0.0038677;0.00010491;0.0036722;0.08631;0.0029285;0.01299;0.0013931;0.071912;0.011756;0.014412;0.002219;0.0026233;0.0032709;0.0051683;0.0053459;0.085983;0.010764;0.0067833;0.028146
35;1.9613;402.6;2;0.85;0.5;50;50;Euclidean(Summation);0.0096856;0.0016719;0.010917;0.0079371;0.012793;0.0043553;0.00010454;0.0054401;0.0025624;0.044871;0.011802;0.086929;1.2845E-05;0.0008833;0.00045958;0.00052128;0.0040214;0.001972;0.0049843;0.0020483;0.080155;0.0011845;0.0042559;0.0095159;0.010067;0.01583;0.0033224;0.0031869;0.0043688;0.0011281;0.0033085;0.01514;0.0058723;0.0011504;0.0015539;0.0059972;0.080971;0.0018281;0.00013312;0.022768;0.050577;0.021904;0.00013906;0.082968;0.086334;0.0060674;0.0025939;4.1093E-05;0.00097948;0.00085804;0.0017703;0.0033208;0.087066;0.002224;0.023211;6.6687E-05;0.00036737;0.013505;0.0062243;0.00056367;0.00046608;0.0054438;0.077559;0.0072997;0.0012976;0.0033907;0.0027745;0.00037939;0.018135;0.001503;0.00096785;0.0042933
36;1.818;373.2;2;0.85;0.5;50;50;Euclidean(Summation);0.00073691;0.0042813;0.0055799;0.00024238;0.0052864;0.0101;0.0017536;0.005298;0.067047;0.0059071;0.0045369;0.0021016;0.00069238;0.0084718;0.0051818;0.070451;0.0003223;0.0049088;0.06138;0.028872;0.00079014;0.0002075;0.0069802;0.067791;0.013106;0.00076264;0.0015522;0.053536;0.016112;0.0012221;0.062942;0.0018761;0.00081267;0.0053311;0.054613;0.0045434;0.068489;0.025733;0.012976;0.0080284;0.0088288;0.0023651;0.0013688;0.068722;0.0075282;0.0034222;0.01253;0.0035496;0.0094221;0.00070911;0.008113;0.0022964;0.0016482;0.0023642;0.0034382;0.010524;0.0025094;0.065455;0.0022165;5.3645E-05;0.0026911;0.0017598;0.0036657;4.9588E-05;0.060855;0.00027214;0.0032753;0.0015907;0.00062474;0.0040156;0.0017855;0.0017932
differential evolutions parameters, by distance
i;dDE / dP;distance;type;parentWeight;crossover;population;iterations;distance;weights ->
1;1.0175;1.04;2;0.85;0.5;50;50;Manhattan(Median);0.016232;0.0034109;0.011402;0.0057638;0.021421;0.018163;0.016419;0.0030115;0.0084878;0.011292;0.010903;0.0086326;0.024689;0.016099;0.015639;0.022558;0.02392;0.028043;0.0036653;0.0051283;0.006269;0.0030477;0.023996;0.019484;0.0037403;0.01661;0.028115;0.026965;0.0038546;0.011867;0.010738;0.025131;0.022894;0.0016674;0.0090693;0.0074301;0.0022734;0.0083101;0.0093064;0.017849;0.020433;0.0092752;0.007959;0.024129;0.0076937;0.027259;0.013716;0.023225;0.02563;0.0027794;0.02853;0.010356;0.029932;0.014193;0.020698;0.01835;0.012317;0.003619;0.00097797;0.010485;0.029349;0.0096891;0.0032957;0.024976;0.010553;0.0046898;0.02248;0.0016463;0.0025394;0.0027141;0.028096;0.014919
2;1.0201;1.0405;2;0.85;0.5;50;50;Manhattan(GeometricAverage);0.03658;0.0011873;0.004435;0.016656;0.015478;0.0035748;0.0027447;0.038869;0.03419;0.0022621;0.0056944;6.45E-05;0.0061194;0.0066626;0.0005741;0.0060045;0.038778;0.036188;0.00060781;0.035967;0.0025258;0.00079214;0.033719;0.0041172;0.0001448;0.0010183;0.0011969;0.0038878;0.0021667;0.0086127;0.0057921;0.0057552;0.018986;0.0013508;0.021265;0.0058619;0.036536;0.0054591;0.021962;0.014886;0.0035728;0.038968;0.038392;0.03536;0.0012417;0.03811;0.010255;0.023866;0.0049064;0.00075896;0.031758;0.0014527;0.037006;0.00011389;0.00074833;0.0074121;0.034782;0.0055024;0.00035385;0.038471;0.0058222;8.6424E-06;0.0033013;0.021038;0.00099395;0.00095965;0.0011623;0.028388;0.027046;0.0014562;0.039115;0.029006
3;1.0211;1.0437;2;0.85;0.5;50;50;Manhattan(Median);0.024048;0.020678;0.029283;0.024395;0.017333;0.0010241;0.0037363;0.0089107;0.03173;0.005818;0.023452;0.0065088;6.8488E-05;0.025512;0.005494;0.0005284;0.032298;0.025051;0.0081714;0.00033337;0.0191;0.0019786;0.0058621;0.02963;0.010918;0.014489;0.017201;0.011736;0.0062793;0.010929;0.0048755;0.0054432;0.013332;0.00083443;0.021963;0.0089671;0.023145;0.0061045;0.00069652;0.020443;0.008937;0.026696;0.0062742;0.032315;0.002537;0.032731;0.017313;0.033378;0.016082;0.003929;0.017764;0.0036185;0.033079;0.00070467;0.0062283;0.021875;0.003978;0.012974;0.0051683;0.03194;0.02508;0.00012441;0.00068205;0.0315;0.0058542;0.0029954;0.00042465;0.0078115;0.0053788;0.0061901;0.033321;0.034814
4;1.0215;1.0418;2;0.85;0.5;50;50;Manhattan(GeometricAverage);0.04057;0.0015336;0.0013689;0.0029742;0.03201;0.0012626;0.0017843;0.0062382;0.02981;0.0011659;0.0014985;0.0012545;0.011794;0.0059795;0.0047112;0.0044459;0.030961;0.037274;0.0021251;0.027302;0.0025468;0.0055253;0.030652;0.036167;0.0019206;0.00060068;0.0087122;0.00058211;0.00094471;0.0034693;0.0030119;0.00056577;0.020959;0.003443;0.00094055;0.00036935;0.036988;0.0003881;0.039101;0.0062869;0.012497;0.029846;0.022815;0.03285;0.00050696;0.040218;0.00037525;0.034466;0.036104;0.00092216;0.034814;0.0049753;0.040978;0.0013914;0.015909;0.0056947;0.030316;0.020411;0.00025825;0.031037;0.0099373;0.0019876;0.0025025;0.004283;0.0012012;0.00037775;0.012383;0.012029;0.035225;0.00078706;0.035279;0.038385
5;1.0216;1278.3;2;0.85;0.5;50;50;Manhattan(Summation);0.038626;0.0032302;6.1055E-05;0.029911;0.021212;0.0004726;0.0027772;0.010343;0.034441;0.0036027;0.0025698;0.0015313;0.010445;0.00089304;0.00095774;0.0021645;0.029162;0.036913;0.000801;0.0041492;0.0035255;0.0020039;0.038264;0.017845;0.00069664;0.0022055;0.0019515;2.0598E-05;0.00035391;0.017618;0.001333;0.0010278;0.028366;0.0014394;0.0027684;0.00011158;0.033883;0.0075104;0.022448;0.0018096;0.0038013;0.018933;0.013468;0.033321;0.0015775;0.037282;0.00997;0.035368;0.015519;0.00014526;0.034805;0.0027681;0.036086;0.0040262;0.037447;0.0049851;0.023455;0.03701;0.000525;0.036774;0.034855;0.0013615;0.0010947;0.037216;0.00050508;0.00025882;0.0038597;0.0068612;0.034793;0.00092287;0.034995;0.036565
6;1.022;1.0424;2;0.85;0.5;50;50;Manhattan(GeometricAverage);0.04145;0.0037981;0.00088545;0.00094207;0.012705;0.0018147;0.0033439;0.034919;0.020584;0.0087732;0.0013972;0.00085281;0.0022726;0.0060007;0.0055512;0.0056666;0.019158;0.042216;0.0021716;0.0024217;0.0023234;0.00055588;0.040728;0.022166;0.00076791;0.0014942;0.0099589;0.013394;0.0019818;0.013693;0.0024683;0.0044242;0.017965;0.0018235;0.0026985;0.00012253;0.037226;0.00029336;0.026719;0.0026343;0.004509;0.031677;0.02212;0.034197;0.00091432;0.043337;0.0017067;0.04433;0.024254;0.0021903;0.022134;0.0034334;0.041963;0.0010697;0.033622;0.0014563;0.036654;0.00094178;0.00024532;0.022816;0.02778;0.0036431;0.00037694;0.027207;0.00082724;3.6144E-05;0.0019331;0.016418;0.042909;0.0066045;0.037805;0.040528
7;1.0224;1279.3;2;0.85;0.5;50;50;Manhattan(Summation);0.041325;0.0017066;0.0010871;0.010925;0.02998;0.0011746;0.0051956;0.018851;0.032465;0.0010949;0.010803;0.0019326;0.0015338;0.014239;0.0054648;0.00051138;0.023506;0.037233;0.00012241;0.0012051;0.00041259;0.0015427;0.024408;0.035562;0.00032968;0.0049197;0.0071549;0.008067;0.0025124;0.011023;0.00031066;0.00055969;0.033001;0.00067099;0.0096136;0.0019642;0.040685;0.0026211;0.013021;0.0014838;0.0044;0.039096;0.028835;0.041799;0.00065349;0.038747;0.0005292;0.038998;0.0080506;0.0022189;0.038396;0.0026001;0.036002;0.00087589;0.017486;0.001468;0.024996;0.038647;0.00019498;0.025567;0.0098182;0.00045617;0.00041207;0.025326;0.0011801;0.00034047;0.022618;0.0055946;0.023011;0.00093762;0.039441;0.041087
8;1.0226;1.0445;2;0.85;0.5;50;50;Manhattan(Average);0.041539;0.0025313;0.0024663;0.0044862;0.0021721;0.00089579;0.0012712;0.032376;0.018865;0.0038123;0.0018029;0.0033961;0.0041982;0.0038679;0.0014926;0.0072796;0.037284;0.02972;0.00019648;0.0096372;0.0023203;0.0024986;0.042084;0.040186;0.0012404;0.0015993;0.0093633;0.0028769;0.00095709;0.0043985;0.0023312;0.0040208;0.02607;0.0011972;0.034219;0.00020046;0.04064;0.00050804;0.029377;0.0053721;0.0074401;0.042886;0.024359;0.018455;0.00015645;0.044161;0.0052884;0.037756;0.026012;0.0023639;0.011774;0.00019145;0.040292;0.00072172;0.030926;0.011417;0.015872;0.01853;0.00051583;0.0090461;0.02836;0.00042396;0.00060043;0.01747;3.6805E-05;0.00036622;0.0012308;0.023705;0.036446;0.0011879;0.043792;0.037469
9;1.0228;1279.8;2;0.85;0.5;50;50;Manhattan(Summation);0.044125;0.0017938;0.00065275;0.031041;0.02913;0.0058175;0.0001771;0.03975;0.043874;0.0017184;0.00013716;0.0018241;0.0020931;0.0010412;0.0029761;0.0021311;0.026841;0.030137;0.00028681;0.0027297;0.0045855;3.939E-05;0.010902;0.035147;8.2835E-05;0.0099308;0.0087041;0.0014412;0.0031103;0.0028213;0.00072469;0.0042873;0.043759;0.00079189;0.0014252;0.0015391;0.039418;0.011999;0.010948;0.0068842;0.00623;0.034357;0.033482;0.03989;0.0018081;0.040212;0.0036293;0.043282;0.015552;0.003424;0.032104;0.00077809;0.04169;0.00069954;0.024192;0.022447;0.0020725;0.0083426;0.0022287;0.029783;0.00093021;5.1231E-05;0.00016583;0.00045966;0.00049355;0.0025636;0.00015377;0.013146;0.043877;0.00090993;0.04307;0.041156
10;1.0229;1.0448;2;0.85;0.5;50;50;Manhattan(Average);0.04391;0.0051243;0.0023879;0.00062628;0.021034;0.0013022;0.003383;0.03417;0.03513;0.0014622;0.0076421;0.0023131;0.0015435;0.012428;0.0077169;0.0044044;0.021536;0.023663;0.00011882;0.013989;0.0016951;0.0058232;6.5093E-07;0.025143;0.00253;0.0016784;0.0010698;0.00085539;0.0010281;0.00094792;0.0040583;0.00053578;0.037577;0.0020352;0.00056894;0.0015652;0.039002;0.00070044;0.025244;0.00081222;0.0025204;0.044918;0.014417;0.044112;0.007075;0.038682;0.0012433;0.04339;0.013849;0.00097483;0.037496;0.00059968;0.04238;0.0050228;0.022182;0.0030079;0.043107;0.0094953;0.00062967;0.030507;0.018709;0.0025078;0.0011226;0.015494;0.00097311;0.002036;0.0020311;0.028664;0.038508;0.0015726;0.043419;0.042597
11;1.0231;1.0458;2;0.85;0.5;50;50;Manhattan(Median);0.023989;0.0090398;0.0051862;0.032709;0.024018;0.00034853;0.0066878;0.019349;0.0095725;0.0013119;0.012084;0.0044431;0.0092154;0.0041427;0.013304;0.010808;0.032167;0.036714;0.0041616;0.01377;0.0097497;0.0026517;0.034523;0.034223;0.00045029;0.00096572;0.017565;0.0052445;0.010214;0.0057198;0.010131;0.016498;0.032634;0.0034925;0.022001;0.00020281;0.033609;0.0011338;0.0073951;0.00081594;0.012939;0.010605;0.014472;0.014758;0.00090171;0.035916;0.0073544;0.034313;0.012104;0.0087953;0.036182;0.0023025;0.035723;0.0018221;0.018793;0.011437;0.0007124;0.020432;0.0011995;0.024067;0.022343;0.0054078;0.0034845;0.035395;0.0019802;0.0018313;0.0042795;0.023624;0.0024155;0.00081552;0.035599;0.035758
12;1.0236;1.0455;2;0.85;0.5;50;50;Manhattan(Average);0.043192;0.0010644;0.00094746;0.0049565;0.00039598;8.7245E-06;0.00053639;0.020579;0.04051;0.0011796;0.0047058;0.0011588;7.4989E-05;0.0069336;0.00012064;0.00024146;0.038736;0.037334;0.00087236;7.2103E-09;0.0037906;0.00062116;0.024901;0.041558;0.00021016;0.0015418;0.0015244;0.006365;8.8564E-05;0.020403;0.00067657;0.0055986;0.041552;0.00085805;0.01444;0.0065082;0.040566;0.0013305;0.015986;0.0026071;0.013833;0.030469;0.04309;0.042102;0.00045782;0.043252;0.0037522;0.041976;0.0029136;0.0015965;0.034151;0.0025191;0.039711;0.0026174;0.026025;0.0068767;0.028304;0.0078367;0.00041338;0.012835;0.032121;9.6145E-05;0.0027594;0.008621;0.00032443;0.00085188;0.0013276;0.023315;0.02898;0.0012053;0.038135;0.042859
13;1.0418;0.89827;2;0.85;0.5;50;50;Manhattan(Minimum);0.020204;0.0017735;0.0020365;0.0060656;0.01409;0.020853;0.018555;0.020971;0.017591;0.013305;0.01492;0.01334;0.024906;0.012193;0.014735;0.010388;0.016724;0.015994;0.00551;0.016609;0.024213;0.023194;0.00047971;0.0041121;0.0052172;0.02122;0.02211;0.015367;0.023652;0.020379;0.0014857;0.0083527;0.014036;0.0095556;0.00056291;0.0039867;0.019017;0.018152;0.018437;0.016341;0.024608;0.00072145;0.010135;0.024397;0.012838;0.01761;0.014563;0.011687;0.015531;0.0097048;0.011526;0.0078426;0.0072784;0.0092325;0.0070456;0.012968;0.022925;0.014244;0.01881;0.018103;0.0006203;0.0059571;0.019099;0.023529;0.022267;0.023299;0.013253;0.019852;0.021934;0.012137;0.0063137;0.0093321
14;1.0452;0.92119;2;0.85;0.5;50;50;Manhattan(MinimumTimesMedian);0.021943;0.010781;0.0056959;0.015359;0.01014;0.0092917;0.014654;0.019589;0.0020974;0.0041717;0.010567;0.01269;0.022842;0.022206;0.00055948;0.0098528;0.007447;0.013856;0.0042276;0.022803;0.021363;0.025865;0.010887;0.0057605;0.0022803;0.010067;0.012098;0.021388;0.018297;0.018278;0.015361;0.012036;0.022232;0.0071865;0.023764;0.00387;0.0074536;0.0062592;0.019121;0.0023515;0.023326;0.0048383;0.023454;0.018034;0.020666;0.020774;0.012233;0.013656;0.020772;0.016672;0.014486;0.0089186;0.015214;0.016917;0.0072099;0.011341;0.023824;0.021299;0.011223;0.022987;0.0085695;0.016177;0.013778;0.011927;0.012304;0.0078546;0.0042935;0.019151;0.01227;0.015648;0.026402;0.01709
15;1.046;0.9019;2;0.85;0.5;50;50;Manhattan(Minimum);0.026544;0.026126;0.013495;0.013759;0.019046;0.0062518;0.0024475;0.013592;0.01258;0.013829;0.025275;0.0022485;0.021621;0.00914;0.0026468;0.0027593;0.0061009;0.014986;0.0096781;0.025965;0.016479;0.022219;0.0012339;0.0081026;0.012816;0.0098679;0.0039427;0.025482;0.015497;0.021891;0.014044;0.0023257;0.014081;0.01963;0.0055056;0.0010486;0.022604;0.0052886;0.0072676;0.0056158;0.0094714;0.0038259;0.022773;0.013233;0.02205;0.0055869;0.01487;0.021022;0.02139;0.018976;0.018418;0.010323;0.013169;0.006441;0.013664;0.0033571;0.024857;0.022991;0.017212;0.0094685;0.0066828;0.024937;0.020889;0.021486;0.0073002;0.0087834;0.017783;0.016681;0.017137;0.021078;0.025717;0.015393
16;1.0492;0.90465;2;0.85;0.5;50;50;Manhattan(Minimum);0.024777;0.004283;0.0090022;0.0090635;0.027319;0.01776;0.0043861;0.011605;0.01337;0.010931;0.012805;0.0071867;0.026781;0.0062898;0.0033581;0.0026302;0.0021142;0.0066649;0.0019401;0.022644;0.025061;0.015667;0.0033843;0.016437;0.0049933;0.020844;0.025066;0.010811;0.027199;0.027026;0.0058201;0.026758;0.013359;0.0070965;0.011368;0.016314;0.024538;0.018779;0.022383;0.015144;0.015583;0.0030987;0.011814;0.011059;0.015789;0.014112;0.012318;0.021204;0.020815;0.0028638;0.012321;0.0018426;0.023848;0.0058031;0.007478;0.0066884;0.022967;0.021117;0.019646;0.0078208;0.0076162;0.011369;0.020832;0.023257;0.0096922;0.0027414;0.023806;0.01609;0.023137;0.016155;0.01112;0.013036
17;1.0505;0.92587;2;0.85;0.5;50;50;Manhattan(MinimumTimesMedian);0.024077;0.0032526;0.00046568;0.022519;0.020826;0.016385;0.018915;0.021102;0.026159;0.0023957;0.027094;0.017877;0.022545;0.003549;0.0071456;0.017395;0.011974;0.023959;0.0058447;0.015269;0.016616;0.020689;0.0077196;0.0039817;0.0031356;0.015162;0.019307;0.012338;0.020722;0.024688;0.003824;0.00082538;0.0055574;0.020646;0.0053053;0.0027225;0.026902;0.010648;0.016105;0.0079714;0.014099;0.0017901;0.019981;0.0067268;0.0132;0.026648;0.0071975;0.021297;0.019376;0.021791;0.021767;0.0022237;0.024298;0.013021;0.00094832;0.0059324;0.024118;0.018172;0.0044232;0.0068527;0.011079;0.013983;0.01781;0.020025;0.0080269;0.0032342;0.018252;0.0031977;0.025517;0.020755;0.022872;0.0077705
18;1.0528;0.92785;2;0.85;0.5;50;50;Manhattan(MinimumTimesMedian);0.024627;0.0016874;0.002161;0.013709;0.021632;0.0054645;0.023519;0.013565;0.012422;0.011102;0.015144;0.0048013;0.025356;0.0058144;0.0044437;0.017056;0.022347;0.023248;0.020267;0.0078506;0.02166;0.021466;0.0070068;0.014608;0.0027995;0.012278;0.0044014;0.011451;0.014848;0.020941;0.0041526;0.016387;0.009619;0.0072769;0.0015862;0.0044558;0.018223;0.014789;0.022157;0.019366;0.016182;0.016544;0.019224;0.011547;0.020781;0.016987;0.019025;0.02375;0.0217;0.004693;0.019739;0.00090681;0.0064335;0.0088592;0.0048467;0.0031853;0.028317;0.023798;0.010502;0.016088;0.001221;0.0085306;0.015894;0.015667;0.003962;0.0091382;0.020914;0.02653;0.026128;0.021057;0.016228;0.015933
19;1.2354;0.15056;2;0.85;0.5;50;50;Euclidean(Minimum);0.025787;0.0022902;0.0021385;0.027475;0.020256;0.023284;0.00060572;0.025566;0.026613;0.021986;0.016837;6.3468E-06;0.028931;0.028245;0.0018507;0.0072386;0.020682;0.013887;0.0064385;0.02276;0.027728;0.02723;0.024134;7.7195E-05;0.0010224;0.01745;0.0010666;0.0015746;0.0010361;0.026535;0.021009;0.028286;0.029185;0.0083015;0.012044;0.00013535;0.02633;0.01243;0.026485;0.0078433;0.0020057;0.010314;0.0059863;0.023157;0.024357;0.003853;0.013067;0.0043976;0.023426;0.0026397;0.019403;0.004982;0.00025728;0.001719;0.0082236;0.02423;0.00015532;0.00061046;0.028497;0.025711;0.013769;0.0041409;0.00012298;0.010181;0.017259;0.0016875;0.013056;0.022116;0.028905;0.02469;0.0089128;0.0053897
20;1.2784;0.15579;2;0.85;0.5;50;50;Euclidean(Minimum);0.018888;0.0035894;0.0065239;0.021797;0.0039892;0.0010064;0.02013;0.032777;0.030331;0.0051453;0.0098666;0.015688;0.019167;0.0038758;0.014032;0.0028286;0.0041111;0.014586;0.00044608;0.0022017;0.00090316;0.031822;0.0014703;0.0027747;0.0017215;0.00074265;0.033166;0.023764;0.028801;0.024295;0.0021771;0.023771;0.024713;0.030311;0.0055153;0.0053203;0.031612;0.029404;2.2037E-06;0.0022352;0.0026713;0.0027153;0.019389;0.0044542;0.023502;0.020909;0.00081913;0.029958;0.0049094;0.0027972;0.020986;0.0032885;0.029041;0.0025292;0.026522;0.0017297;0.021455;0.0008545;0.0047718;0.029818;0.013168;0.013398;0.014489;0.031357;0.028549;0.0030094;0.027181;0.033362;0.00082978;0.017488;0.011307;0.017239
21;1.2784;0.1558;2;0.85;0.5;50;50;Euclidean(Minimum);0.027759;0.0021857;0.00079829;0.0070716;0.001021;0.0038929;0.0028919;0.030256;0.0011552;0.032849;0.015544;0.0084912;0.030553;0.0033124;0.0027564;0.002829;0.00039365;0.024009;0.0086426;0.032423;0.00039175;0.0021615;0.0012539;0.003005;0.026085;0.0056809;0.0094445;0.019098;0.0172;0.024448;0.015952;0.032391;0.031984;0.025291;0.017974;0.0047061;0.031588;0.002916;0.0014804;0.0030963;0.019474;0.015447;0.0095356;0.00084101;0.018903;0.023677;0.0076279;0.026559;0.033083;0.0047542;0.0024204;0.00073001;0.032901;0.0056788;0.0042154;0.019972;0.00041862;0.031782;0.007559;0.002953;0.016444;0.014175;0.018158;0.0046063;0.015184;0.00082268;0.020788;0.020504;0.030933;0.025342;0.027648;0.021878
22;1.7975;0.30122;2;0.85;0.5;50;50;Euclidean(Average);0.0019651;0.0017627;0.062838;0.0051909;0.0019364;0.047418;0.068042;0.0040617;0.0023605;0.0020332;0.0096849;0.064641;0.0062781;0.013975;0.0004824;0.050431;0.068779;0.0019631;0.003565;0.0031484;0.0025458;0.0033394;0.0019047;0.0077029;0.0087914;0.0023293;0.002598;0.0046441;0.0045684;2.6427E-05;0.0051363;0.036381;0.0035732;0.0077006;0.0025728;0.009472;0.00071471;0.052287;0.0037393;0.0074659;0.0027872;0.011434;0.00043745;0.0039232;0.00010221;0.00054117;0.0018012;0.016175;0.0088711;0.0006972;0.056794;0.0031207;0.00050857;0.065262;0.00012248;0.00023041;0.061523;0.0039063;0.0025136;0.012112;0.0011321;0.0016076;0.0044928;4.2082E-05;0.0037046;0.0019394;0.0033451;0.057198;0.067225;0.0028175;0.013974;0.0016084
23;1.8009;0.30034;2;0.85;0.5;50;50;Euclidean(GeometricAverage);0.0021512;0.00015575;0.0013901;0.064997;0.0083969;0.065385;0.00062625;0.0089383;0.00043222;0.0064478;0.059503;0.053675;0.013707;0.0030061;0.0060913;0.0017885;0.0023312;1.5825E-06;0.0027732;0.064359;0.051117;0.002502;0.003663;0.00068209;0.00058411;0.0010132;0.065584;0.037023;0.001601;0.0076904;4.3427E-05;0.0062965;0.0010996;0.0034152;0.0051065;0.0037736;0.0019419;0.065288;0.012618;0.0015342;0.00036029;0.0025088;0.0070313;0.059196;0.0016995;0.002201;0.00053337;0.00047742;0.0016369;0.0038654;0.00031594;0.00016187;0.0063918;0.0030917;0.052169;0.0052103;0.0018819;0.061981;0.0082678;0.00020438;0.06319;0.0028265;0.010077;0.00079742;0.00037174;0.00022527;0.0024192;0.0014759;0.048363;0.001466;0.0032082;0.00766
24;1.8134;0.30474;2;0.85;0.5;50;50;Euclidean(Median);0.023297;0.0068163;0.0076635;0.0022757;0.077536;0.0015535;0.0008645;0.013908;0.0011267;0.0017097;0.0013736;0.069974;0.021505;0.011955;0.0030793;0.0051909;0.018267;0.0038277;0.0080941;0.018889;0.00237;0.0039518;0.0037321;0.0027571;0.0055494;0.081891;0.0037496;0.0049323;0.0012901;0.0037822;0.0018137;0.0043994;0.0071056;0.00073557;0.0051592;0.0055005;0.0011429;0.014519;0.038953;0.045725;0.075465;0.0072689;0.082364;0.0088479;0.0064235;0.00097734;9.9628E-05;0.0044559;0.032837;0.0021145;0.0026411;0.0012631;0.0016701;0.0071008;0.0020501;0.067545;0.074017;0.0040264;0.0052289;0.0014938;0.0071515;0.0094949;0.0079475;0.016396;0.0043838;0.0063778;0.0025925;0.00029464;0.0064388;0.00034598;0.0072732;0.0054494
25;1.818;373.2;2;0.85;0.5;50;50;Euclidean(Summation);0.00073691;0.0042813;0.0055799;0.00024238;0.0052864;0.0101;0.0017536;0.005298;0.067047;0.0059071;0.0045369;0.0021016;0.00069238;0.0084718;0.0051818;0.070451;0.0003223;0.0049088;0.06138;0.028872;0.00079014;0.0002075;0.0069802;0.067791;0.013106;0.00076264;0.0015522;0.053536;0.016112;0.0012221;0.062942;0.0018761;0.00081267;0.0053311;0.054613;0.0045434;0.068489;0.025733;0.012976;0.0080284;0.0088288;0.0023651;0.0013688;0.068722;0.0075282;0.0034222;0.01253;0.0035496;0.0094221;0.00070911;0.008113;0.0022964;0.0016482;0.0023642;0.0034382;0.010524;0.0025094;0.065455;0.0022165;5.3645E-05;0.0026911;0.0017598;0.0036657;4.9588E-05;0.060855;0.00027214;0.0032753;0.0015907;0.00062474;0.0040156;0.0017855;0.0017932
26;1.8333;0.037546;2;0.85;0.5;50;50;Euclidean(MinimumTimesMedian);0.035932;0.019842;0.0096831;0.036179;0.035416;0.0043591;0.0015887;0.02825;0.035675;0.008905;0.020492;0.0024192;0.0090806;0.00092138;0.00048019;0.0012832;0.00012493;0.029299;0.0079551;0.0085777;0.00029908;0.00059236;0.021535;1.1641E-05;0.00093778;0.025584;0.028066;0.00061289;0.024229;0.0050854;0.0012498;0.010013;0.028516;0.00077512;0.031799;0.0016188;0.035428;0.0042408;0.022462;0.0019751;0.0080994;0.00051627;0.011392;0.017509;0.029792;0.017668;0.0023966;0.029471;0.00069897;0.00050532;0.007287;0.0082897;0.00052054;0.030775;0.0014822;0.0064243;0.033032;0.0011693;6.4897E-05;0.019428;0.00012032;0.03601;0.021822;0.034252;0.0055836;0.035176;0.00032706;0.033934;0.0041924;0.025908;8.0776E-05;0.03458
27;1.8725;384.38;2;0.85;0.5;50;50;Euclidean(Summation);0.0025647;0.0045634;0.0018142;0.0080544;0.0012353;0.0038958;0.0033248;0.0087866;0.0069532;0.0005313;0.0036622;0.010408;0.01084;0.010462;0.0069872;0.0023895;0.002912;0.081038;0.001892;0.0023942;0.0054485;0.0089463;0.011204;0.0098731;0.0013237;0.0068936;0.00082799;0.0026368;0.0044002;0.010912;0.0053574;0.0013038;0.024138;0.016638;0.007108;0.0043452;0.0019145;0.0057682;0.0032391;0.0073335;0.086428;0.0041812;0.081058;0.00952;0.00033435;0.011095;0.021979;0.076305;0.0023013;0.0064566;0.0038823;0.0053908;0.017101;0.0038677;0.00010491;0.0036722;0.08631;0.0029285;0.01299;0.0013931;0.071912;0.011756;0.014412;0.002219;0.0026233;0.0032709;0.0051683;0.0053459;0.085983;0.010764;0.0067833;0.028146
28;1.8906;0.3177;2;0.85;0.5;50;50;Euclidean(Median);0.0094124;0.00058718;0.055914;0.061668;0.0035751;0.0024444;0.0019865;0.0002294;0.0057561;0.00071697;0.052516;0.00021132;0.0045302;0.065537;0.01296;0.0003547;0.0043291;0.0059342;0.0054387;0.062525;0.00378;0.0012622;0.0017487;0.00022868;0.057533;0.061331;0.0036446;0.0014585;0.002919;0.0008511;0.0031308;0.0015976;0.00029063;0.001406;0.048371;0.01038;0.00079935;0.046142;0.0078699;0.00083441;0.0033395;0.00034666;0.0009387;0.00080629;0.0071707;0.00098458;0.065758;0.0019824;0.0017121;0.0001127;0.00014533;0.0011073;0.06373;0.00083778;7.0222E-05;0.00092595;0.00049757;0.002005;0.0034537;0.005002;0.0038011;2.3451E-05;0.00076371;0.0053417;0.066392;6.4245E-06;0.010006;0.0017106;0.0005051;0.010349;0.060618;0.067352
29;1.8963;0.31625;2;0.85;0.5;50;50;Euclidean(GeometricAverage);0.0026818;0.020228;0.00010387;0.057033;0.00029111;0.00019524;1.3802E-05;0.0043243;0.073152;0.0027811;0.00081057;0.0074811;0.0022752;0.0045153;0.0073739;0.0027749;0.0032447;0.0064241;0.0039553;0.0074068;0.070649;0.00054787;0.067878;0.0086418;0.0055316;0.0037023;0.0025604;0.0037641;0.0027679;0.0020172;0.0010636;0.068655;0.072792;0.0022;0.0027097;0.065717;0.00073663;0.0019289;4.9672E-05;0.00082747;0.0099883;0.0062995;0.0023559;0.00029665;0.01372;0.0013041;0.014059;0.069983;0.00089552;0.00056493;8.0053E-05;0.00076662;0.0011682;0.003502;0.0002444;0.0010178;0.0021942;0.0054601;0.00013455;0.072675;0.00096813;0.0034236;0.042842;0.00057658;0.012379;0.003581;0.0047175;0.006098;0.00011678;0.054714;0.071609;0.00046003
30;1.9069;0.31955;2;0.85;0.5;50;50;Euclidean(Average);0.0055033;0.00071488;0.0017649;0.00011869;0.00085913;0.0004597;0.00037681;0.0001942;0.0020532;0.0028307;0.00098379;0.0053464;0.00095486;0.064309;0.00028867;0.060485;0.0068905;0.0038762;0.066038;0.0014794;0.0040664;7.4947E-05;0.06505;0.0064013;0.0021979;4.381E-05;0.00059789;0.0013682;0.0053187;0.0027291;0.0012093;0.0018662;0.063952;0.065358;0.00012306;0.0011455;0.05796;0.0010274;9.5674E-07;0.00095058;0.0060285;0.064453;0.00037144;0.0065292;0.0057178;0.00052572;0.0054916;0.0012944;0.0021493;0.0059023;0.0053484;0.0086512;0.00046052;0.063791;0.00010542;0.0016613;0.062411;0.0015387;0.0032725;1.1904E-05;0.0050955;0.0022338;0.00056869;0.0023506;0.06247;0.065968;0.0017721;0.026119;0.060774;0.0077244;0.010846;0.0013936
31;1.9281;0.32155;2;0.85;0.5;50;50;Euclidean(GeometricAverage);0.0040477;0.0017578;0.0079799;0.069974;0.0013155;0.0050907;0.0007707;0.0011908;0.0019366;0.0017666;0.00053441;0.078631;0.074658;0.0017648;0.0027213;0.0043163;0.0036899;0.0035952;0.00043504;0.001493;0.00068822;0.07315;0.078339;0.0025917;0.0019731;0.0038659;0.00059309;0.00057867;0.014774;0.00032041;0.00070009;0.00051359;0.0024649;0.012369;0.010289;0.0029977;0.0077877;0.010743;0.0015338;0.0021838;0.011417;0.074819;0.013185;0.073536;0.0035842;0.0051204;0.0028488;0.0015354;0.0081771;0.0043974;0.0015034;0.0032543;0.00046932;0.00021243;0.0023044;0.074038;0.06903;0.007041;0.0004509;0.0080725;0.001591;0.00084629;0.0011088;0.00032536;0.0068792;0.010659;0.0020776;0.00065787;0.049403;0.06259;0.0021579;0.00058068
32;1.9561;0.040061;2;0.85;0.5;50;50;Euclidean(MinimumTimesMedian);0.024727;0.0038141;3.7191E-05;0.040384;0.039329;0.016914;0.0031082;0.002552;0.040002;0.034581;0.0012501;0.004308;0.0052548;0.0088094;0.0042506;0.0045949;0.0002308;0.037301;0.012718;0.038531;0.0014146;0.030035;0.0051003;0.030033;0.0038116;0.037642;0.00015173;0.013353;0.040941;0.00029129;0.038208;0.0088487;0.039359;0.0065592;0.00063806;0.0046999;0.0049177;0.003426;0.039074;0.0022885;0.0029675;0.0003822;0.0023039;0.0058169;0.013403;0.010506;0.0015547;0.00046704;0.032091;0.0028436;0.00018518;0.0047347;0.039549;0.003096;0.00090576;0.0010127;0.0012973;0.021352;0.0035081;0.00035169;0.0011206;0.0041933;0.00036208;0.029144;0.03652;0.0020689;0.040092;0.00067021;0.035609;0.00080388;0.037206;0.03039
33;1.9613;402.6;2;0.85;0.5;50;50;Euclidean(Summation);0.0096856;0.0016719;0.010917;0.0079371;0.012793;0.0043553;0.00010454;0.0054401;0.0025624;0.044871;0.011802;0.086929;1.2845E-05;0.0008833;0.00045958;0.00052128;0.0040214;0.001972;0.0049843;0.0020483;0.080155;0.0011845;0.0042559;0.0095159;0.010067;0.01583;0.0033224;0.0031869;0.0043688;0.0011281;0.0033085;0.01514;0.0058723;0.0011504;0.0015539;0.0059972;0.080971;0.0018281;0.00013312;0.022768;0.050577;0.021904;0.00013906;0.082968;0.086334;0.0060674;0.0025939;4.1093E-05;0.00097948;0.00085804;0.0017703;0.0033208;0.087066;0.002224;0.023211;6.6687E-05;0.00036737;0.013505;0.0062243;0.00056367;0.00046608;0.0054438;0.077559;0.0072997;0.0012976;0.0033907;0.0027745;0.00037939;0.018135;0.001503;0.00096785;0.0042933
34;1.9795;0.040539;2;0.85;0.5;50;50;Euclidean(MinimumTimesMedian);0.039575;0.0026111;0.0013728;0.0030096;0.0057401;0.0023228;0.029261;0.00072092;0.00078499;0.0055215;0.00885;0.0011687;0.040483;0.0035963;0.0099445;0.00060164;0.041316;0.040563;0.0037869;0.0057307;0.041299;0.02898;0.029417;0.037733;0.038527;0.0024278;0.0050671;0.0029907;0.038663;0.00023891;0.011489;0.00019499;0.00012271;0.0041106;0.0012815;0.0021813;6.45E-05;0.0020958;0.039523;0.0039022;0.033948;0.00034085;0.000994;0.028795;0.00060036;0.00814;0.0042332;0.036145;0.038026;0.00050679;2.6729E-05;0.013514;0.013615;0.001955;0.0054501;0.037491;0.0016229;0.039929;0.00074908;0.0036097;0.00054341;0.0024245;0.041471;0.040405;0.011641;0.0015047;0.00226;0.039245;0.033662;0.0031813;0.00042749;0.016272
35;2.0005;0.33618;2;0.85;0.5;50;50;Euclidean(Median);0.0025017;0.0051566;0.070275;0.0084612;0.012967;0.070983;0.0020959;0.0717;0.0035596;0.00068619;0.0035329;0.0026507;0.012026;0.0020239;0.0029077;0.0041718;0.0017496;0.067594;0.00071223;0.002726;0.0010347;0.001469;0.0056762;0.0054544;0.00026414;0.0062713;0.0013773;0.0016309;0.0032002;0.069149;0.0012332;0.0026384;0.002536;0.066948;0.0019433;0.066198;0.0017791;0.00024995;0.004059;0.002834;0.0011261;0.056358;0.073322;0.0024442;0.070678;0.0092663;0.0014418;0.0037592;0.0011863;0.0088499;0.0058383;0.0033145;0.0011136;0.00031242;0.0018742;0.00015059;0.0064355;9.7552E-07;0.00059181;0.00068592;0.0093429;0.00084554;0.002884;0.0011169;0.0017113;0.0023149;0.0019696;0.07097;0.0018417;0.00023038;0.002857;0.060742
36;2.0747;0.34767;2;0.85;0.5;50;50;Euclidean(Average);0.0040064;0.0040861;9.5706E-06;0.0021203;0.002967;0.099784;0.06474;0.10291;0.011302;0.014276;0.0059254;0.0039732;0.0038728;0.015072;0.006278;0.0059077;0.00015267;0.0018371;0.0017498;0.0064507;0.0059754;0.00057816;0.026346;1.0838E-06;0.0047689;0.00047487;0.01773;0.013162;0.0014305;0.010065;0.0027831;0.0001604;0.004167;0.005081;0.00044389;0.017179;0.0038229;0.00031985;0.0068265;0.031505;0.016881;0.011749;0.00078388;0.0025719;0.10301;0.095147;0.00041663;0.00083506;0.0032449;0.014354;0.0071934;0.00057566;0.0022538;0.013243;0.0012659;0.0019843;0.0016719;0.0042992;0.0010684;0.0015957;0.009037;0.0025161;0.00026952;0.092834;0.088767;0.00094519;0.0019101;0.00066131;0.00023253;0.0035524;0.00039508;0.0044902
population
1;-10.02;0.55438;5.2164;0.089754;1.6401;0.85372;0.41038;0.38215;0.63743;0.34564;0.50036;0.068654;0.52276;2.3726;1.7167;0.21688;0.70588;2.6547;0.15297;0.00030912;2.7678;0.41837;1.2642;2.2736;0.75473;1.5606;0.71189;1.4761;1.75;0.6767;2.2468;0.58222;0.82545;0.24963;0.88209;0.54072;0.1065;0.042466;0.6317;2.3408;0.54003;2.5199;0.8871;1.1269;0.34699;0.42015;0.66722;0.11054;0.084212;1.7256;0.02768;0.16809;0.15447;2.1046;0.10116;0.45562;0.32323;0.47075;7.3222;0.61587;1.0713;1.2021;2.6839;3.6163;0.6398;1.994;1.7285;0.096791;0.22198;2.0324;0.0093469;0.27266
2;128.53;0.52974;0.17787;1.1321;1.2972;1.4877;1.9308;0.32194;0.95777;0.57621;3.0536;0.62587;0.047561;0.45921;0.13945;2.9952;0.90031;1.5322;1.0194;1.4693;0.76832;0.21839;0.042749;0.12184;0.081992;0.11211;1.8965;0.57156;2.2334;0.34955;0.67749;0.6174;1.1509;1.0195;0.41945;0.35466;0.75166;1.3614;0.086423;0.97748;1.705;0.19997;0.38256;0.29303;2.909;0.67243;1.5037;0.68439;1.8035;1.7734;0.15961;0.72234;0.47778;0.45994;0.38763;0.014946;0.46163;0.95705;0.47083;0.072158;0.045257;0.49436;0.34496;0.17841;0.081397;0.37041;3.3304;1.9473;1.3722;0.20659;2.9159;1.5652
3;11.414;1.7072;1.0646;1.7201;1.0913;0.50665;0.19296;0.25451;0.25072;0.1009;0.11064;0.80557;2.9652;0.1778;0.82094;1.2381;0.70623;1.5295;1.1375;0.54844;0.96697;0.222;3.9448;1.007;0.2727;0.54659;0.24958;0.10806;1.6149;0.29366;1.8519;0.7876;1.3603;3.3108;0.035221;1.4178;1.8739;0.080879;0.02797;0.13516;0.020375;1.8563;0.08444;0.58677;0.47707;1.1493;0.96678;0.19247;2.215;0.5669;1.1468;1.2927;0.25024;0.36649;0.039569;0.26594;0.69877;0.14986;0.51658;0.83044;1.1243;1.0086;0.41057;1.8788;2.2566;0.41555;0.35061;0.69766;3.0598;0.0045387;0.1941;1.0956
4;-4.05;0.21659;2.5379;0.23959;0.40002;0.37541;1.3959;0.69474;0.26931;1.7764;0.22892;1.082;0.30746;2.4394;1.5384;1.1758;2.2785;0.14269;0.15505;2.5354;0.33123;0.07078;0.046046;1.2329;0.28971;1.7085;1.9735;1.5685;0.45469;2.784;0.41488;0.49723;3.8539;0.087743;0.30624;3.6253;0.031282;0.90351;0.84313;1.1736;1.0683;0.70737;0.11423;1.9713;0.30262;0.058125;0.36612;2.0052;0.76252;4.9545;0.071724;0.044012;0.25249;3.6644;1.4507;0.02739;0.040254;0.042646;0.0073074;2.2671;1.1092;1.6581;1.6878;1.3609;0.71015;1.0138;2.3432;1.0229;3.1429;0.072316;1.5096;0.69401
5;-91.22;0.79356;0.22877;0.0072433;0.34411;3.7529;2.4348;1.8803;0.0073714;1.6888;0.37728;0.17258;0.26978;2.5309;0.40162;0.58296;1.2336;0.26883;0.88819;0.1698;0.69342;0.60344;0.53717;0.77271;0.32748;3.0446;1.0799;0.42859;0.54412;0.56214;0.081873;0.98738;2.19;1.1633;0.85057;0.41905;0.5022;4.7726;0.28416;0.60367;2.0095;1.8423;0.34629;0.61337;1.3148;0.2714;0.28847;1.0504;0.16917;1.3792;1.9222;0.096759;1.5675;0.6575;1.6008;4.2581;0.81769;2.1861;0.028602;2.9221;2.6251;2.4534;0.10985;0.1506;1.515;3.2293;0.19134;1.5208;0.10685;1.6334;0.09766;0.10717
6;23.616;0.17661;0.96466;0.96737;0.42961;0.48989;0.55595;3.1297;0.23598;0.83385;0.48392;0.95664;0.89076;0.71257;2.4033;0.33521;1.3713;1.407;0.46422;3.4723;0.37597;0.4599;0.023617;2.3689;0.65361;2.2204;0.91052;2.9666;0.88099;0.64163;1.2134;1.462;0.68624;1.014;0.42609;0.90715;0.11433;0.97767;0.94664;0.015343;4.8406;0.10902;1.5385;1.6299;0.16414;0.82079;2.0929;2.0685;0.41165;0.29481;1.6314;0.68545;1.335;0.092895;0.87922;0.18317;1.2638;0.81367;0.2895;0.12786;2.6484;1.9247;0.17319;2.9023;0.83043;2.9239;0.33843;0.11991;0.58791;0.3324;2.016;0.23048
7;133.48;1.5894;0.54064;1.742;0.90394;0.46664;0.8123;0.66729;2.437;0.61637;0.50762;0.92803;1.8968;0.018512;0.44514;0.014114;0.85694;0.25524;0.39197;1.5915;2.0889;0.66491;2.2268;0.084899;0.06416;0.6474;0.64331;0.84702;0.17916;3.7903;1.1634;1.5219;0.53566;1.7049;0.93331;0.52701;1.2183;1.2136;3.0509;0.94392;2.9754;0.82848;1.0971;2.5704;1.3957;2.3954;0.062119;1.3414;0.46574;1.3298;0.8744;0.070669;0.42587;0.51396;0.34671;1.3614;0.75133;0.64854;0.19297;1.052;1.8875;0.36453;1.07;3.4121;0.67862;0.14509;0.15816;0.51774;0.75893;1.1675;2.1235;1.3106
8;138.36;3.4316;1.3022;5.0187;0.80173;1.3587;0.36078;0.28211;0.85113;1.1128;0.44222;0.24869;1.1631;1.2782;0.41637;5.7554;0.30562;1.5784;1.8672;1.4905;0.25275;0.9556;0.59734;2.3118;0.99495;0.9067;1.8762;0.088919;0.2797;0.48541;0.32176;1.2809;0.77135;0.36337;2.6118;2.3874;0.92415;0.11298;1.7619;1.5283;0.9148;1.3186;0.46457;0.53157;1.9542;1.9152;0.70307;0.30043;0.85051;1.3156;1.2427;0.070189;3.3287;0.57661;2.2886;2.318;0.088073;0.33529;0.26218;0.74173;0.3603;0.31203;0.0046393;0.31032;0.92243;1.8204;0.07224;0.1624;1.1811;0.52544;0.65685;1.8992
9;147.43;3.174;0.94737;1.5995;1.5758;0.015344;0.88877;0.7545;3.8737;0.1562;0.56103;0.31781;1.2687;1.5687;0.56329;0.4454;1.0389;0.26127;0.32225;0.45076;2.4849;1.3354;0.79946;0.45005;0.49732;0.68634;0.37783;1.0797;0.4968;1.6706;0.70529;1.0392;0.18867;0.4059;0.30217;0.67573;1.0787;0.069403;0.41818;0.025853;0.12985;0.15327;0.56817;0.83688;0.46051;1.0754;2.7686;0.26617;2.1444;0.019989;0.62856;0.28822;1.3142;0.93363;3.7293;1.1457;2.166;1.9065;0.13069;0.74456;0.7832;0.075236;0.35793;0.33433;0.38588;0.25416;0.77196;2.9582;0.13846;2.5293;1.1768;0.35763
10;12.361;1.3726;0.30004;2.7036;0.80632;0.38721;0.58965;1.1012;1.1145;2.0485;0.92777;0.09306;1.3348;1.4946;0.16401;2.5286;2.6085;0.71626;0.6204;4.5579;0.22595;0.38197;0.4798;1.3288;3.2863;0.34863;0.30082;1.8804;0.95898;0.2659;0.29304;0.068173;2.0492;0.11844;1.151;0.62139;0.36561;2.7094;0.27426;0.16304;0.84683;0.13134;0.46364;2.9998;0.66547;0.18569;2.487;1.8373;1.316;0.16532;0.11426;0.00075362;0.032626;0.10235;2.5238;1.0345;2.9084;0.073489;0.11532;1.8605;0.27682;0.65943;1.3254;0.90417;1.4567;0.83609;0.054496;0.74627;1.2197;1.9938;1.2585;3.113
11;133.62;0.020665;0.35654;0.56206;0.66425;1.3492;1.7673;0.36038;1.8012;0.070697;0.26944;1.0591;1.0974;4.8237;1.6902;0.1634;0.42266;2.3074;0.30005;0.6042;1.7888;0.74981;0.22058;0.11426;0.66701;0.43093;0.94164;4.1825;3.7678;0.56295;0.19047;0.15138;0.097079;0.051429;0.79962;3.873;1.1122;0.44096;0.04045;0.62625;0.14196;0.041114;2.5713;2.1789;1.1443;0.52153;1.4588;2.285;0.20526;0.6546;0.29507;1.053;1.0949;1.1247;1.5526;0.039599;1.0296;2.0812;0.23583;0.27547;0.77293;0.59635;3.1206;2.9249;1.3202;0.088676;0.51681;0.35978;0.3475;3.784;1.9195;0.0093508
12;-48.722;0.3058;1.5888;0.72017;0.35005;0.20384;0.84929;0.021197;2.0526;0.24601;0.19107;0.17623;0.065678;1.1193;0.47434;1.2466;0.66282;1.0213;1.7901;0.06795;1.4857;1.1333;0.20724;0.55164;0.36161;0.83773;2.2041;0.56626;0.0076951;0.14571;0.43214;1.4588;0.086228;0.00094684;0.86912;1.1378;0.53173;0.071325;1.2873;0.5251;1.2294;1.4983;0.082673;0.2001;1.0792;2.1585;1.021;0.96866;4.3226;0.1449;0.95028;0.096643;1.2455;0.27235;0.44073;1.6724;0.44337;0.52064;3.0489;0.42291;0.40508;1.0018;0.075472;1.7439;0.14306;1.5172;0.41403;0.51882;0.085736;5.2409;0.57029;1.2155
13;-42.269;0.58452;0.34213;2.7805;1.1551;0.92898;0.15678;0.34322;0.34979;0.045113;0.29749;0.57523;1.7708;1.035;0.20973;0.050745;2.5178;0.62769;1.6095;0.70857;2.9979;0.10694;0.38713;1.4798;1.392;4.9698;0.75986;1.5692;0.14081;0.47959;0.72101;0.79573;2.2255;4.1814;1.7343;0.99931;0.015777;2.4603;0.25307;2.4338;0.12261;0.2447;1.7803;1.5755;2.3956;0.32363;0.79064;2.7986;1.0098;0.48625;0.5654;0.20901;0.045865;0.16223;0.17935;0.63214;2.0958;0.50043;0.075647;1.0827;0.26994;0.19247;0.16219;0.36618;0.61682;0.91536;0.79301;0.44905;1.588;1.2121;0.081264;1.6242
14;137.97;0.79579;0.54862;0.98675;2.9723;1.5556;0.56593;2.9227;1.68;0.31205;0.26974;0.058544;0.72448;0.2761;0.23675;0.21403;0.18924;0.96385;1.4569;2.555;2.0753;0.9606;0.57724;0.72858;0.326;0.31637;0.14339;0.52104;3.2232;0.80489;0.67607;0.91677;0.24251;0.55926;0.86922;0.7269;1.7878;0.42168;1.8292;1.8331;0.28792;0.50614;0.73872;0.090333;1.5145;0.59763;0.30526;0.87366;0.4301;0.41319;0.23878;0.39119;0.54161;0.03508;2.4672;0.68847;0.67012;0.1179;0.45228;1.1194;0.22694;0.99544;0.43036;0.78555;1.3906;0.23505;1.1172;0.37332;0.21186;0.00028245;1.7646;0.15912
15;-180.75;0.52628;0.30305;1.2554;1.2015;0.54359;1.5077;2.9576;1.233;0.29756;0.63452;0.92856;0.52628;0.15098;0.22921;2.0569;0.16975;1.1138;0.46922;1.5243;0.27006;0.40825;0.66648;2.6013;1.3868;0.079531;2.045;1.4164;1.7477;0.0023992;0.05065;4.0194;1.6321;0.32949;0.16403;0.98037;0.60725;1.6344;0.74865;0.93133;0.61594;0.6478;0.24795;2.2246;0.34419;1.2584;0.75284;0.1097;0.096572;0.20364;2.8494;0.52159;0.039098;1.5953;0.12664;1.1762;0.051131;1.7849;1.8256;0.66963;0.19856;0.50439;3.9719;0.044954;1.2773;0.50209;0.38976;0.64857;2.1816;0.62066;0.25687;1.0638
16;65.177;0.050796;0.87123;2.3629;0.2838;0.31108;0.59701;0.12662;2.183;0.69003;1.1975;0.82638;0.09633;3.166;0.84979;1.2345;0.31519;1.6407;0.29639;0.20192;0.10918;0.18489;0.81666;0.15746;0.88476;2.5179;1.7765;0.020295;2.2074;0.53761;3.2884;0.45536;1.0747;1.1186;0.43955;0.15075;1.7177;3.0481;4.5162;0.38642;1.3959;0.18676;0.71115;0.10078;0.62362;0.43315;1.5507;1.0586;4.0583;0.52965;0.35908;0.33526;0.042254;0.77435;2.6725;2.5193;1.2945;0.11873;0.57097;2.1149;0.99069;0.07113;0.46512;0.94679;0.0058853;0.23021;0.44697;0.038481;0.17917;1.4898;1.4733;0.28269
17;78.622;1.612;1.2748;0.69845;0.60628;0.56647;3.0299;0.65371;0.38805;0.17515;0.07352;0.42183;3.4435;3.1969;0.06969;0.030002;1.4483;0.032451;2.5366;0.38286;0.83462;0.9103;2.8129;4.2054;0.1181;0.2755;0.94989;2.6535;7.2295;0.89626;2.1617;1.4919;0.21081;0.013739;0.71665;1.3355;0.2343;0.34464;0.19328;0.056187;0.93063;2.4599;0.56646;1.0538;0.066005;0.36224;1.9099;0.46608;0.50226;0.51271;2.0162;0.55596;2.4921;0.27506;2.1909;0.18861;0.97847;0.68537;1.2751;0.06172;2.012;0.23336;0.88815;0.32178;3.0999;0.65514;1.1316;0.88514;1.6492;0.42082;0.89019;0.26317
18;-32.993;0.019483;1.6729;0.58285;2.8794;0.34644;0.0225;1.8069;0.10242;0.48185;0.29697;0.19105;0.12048;3.034;0.57321;0.52372;2.7591;0.11708;3.6498;0.35544;1.2638;1.2229;0.56534;0.46323;1.1392;1.9874;0.96632;0.0298;0.68235;0.28518;0.48472;1.4329;0.43109;0.053362;0.58188;0.81413;0.8952;0.38347;0.99047;0.39004;1.6892;0.42612;0.067212;0.12653;0.26136;0.65555;0.70322;1.1814;0.12486;1.491;2.5262;0.18472;2.8098;0.021807;1.649;0.50469;0.56102;1.7361;1.0857;1.8701;1.5414;0.045634;0.057311;1.2682;0.76365;0.67768;0.91824;0.97381;0.38265;1.3278;2.7013;2.17
19;-32.779;0.82557;2.3085;0.81666;0.92613;0.64367;0.27649;1.7248;1.3948;0.21377;2.2937;1.6031;0.34004;0.98258;3.0821;1.9046;0.68958;0.29225;0.14388;0.87052;2.3534;0.30066;1.6449;0.17191;1.6884;0.4148;0.057176;0.52509;0.30213;0.37716;0.064657;0.11287;3.3039;0.22195;2.7025;0.62445;1.2226;0.44546;0.38835;1.1875;1.0047;0.37531;0.12546;0.06936;0.35615;0.46923;0.34006;1.976;1.6409;0.27631;0.84495;0.65545;0.64252;0.6091;0.40915;0.10506;0.018291;0.049091;0.33559;2.0416;0.90453;0.38258;3.672;0.29296;1.8047;0.037125;0.80155;0.95126;0.32933;1.2292;2.4032;2.4831
20;47.098;0.049159;0.075319;0.99418;1.5923;1.2856;0.42592;0.21378;1.8112;0.66211;0.88093;0.55417;0.053436;0.98557;0.76408;0.53239;0.22176;3.2936;0.75695;1.0321;0.066634;2.1247;0.80635;0.08932;0.71802;0.37926;0.45404;0.45053;1.1692;1.2577;0.69894;0.68327;0.52515;0.1538;0.75692;0.065635;2.6494;0.45779;0.72356;0.0859;1.0615;0.39947;2.2985;0.40332;1.117;0.061387;1.2514;0.87115;1.9905;0.84211;0.21879;0.010918;1.3978;1.2576;0.84496;0.10001;0.076829;1.9578;0.18878;1.0167;0.46494;0.40914;0.96759;0.30591;1.8022;0.16194;1.0754;0.3275;2.5193;2.0539;0.61452;0.34141
21;-55.308;0.37771;1.3459;1.5375;3.5972;0.72042;1.2076;0.81636;0.13456;1.6779;0.62171;0.23025;0.01564;0.82189;1.0128;1.8268;0.31191;0.70889;0.74945;0.081884;0.13518;1.4088;0.19969;2.5927;0.2954;0.41173;0.20828;0.055245;1.2399;0.33265;1.2196;0.48051;2.245;0.045206;1.1439;0.44104;2.6304;1.4063;1.5235;0.95985;0.1065;1.3583;1.8546;0.41129;0.944;1.5554;1.1101;1.8036;1.9443;0.66205;1.5154;0.69972;0.48831;1.5161;1.1423;0.055633;2.3901;2.338;1.2527;0.81051;0.28424;0.058031;3.0486;0.50037;0.16022;0.7433;0.54178;1.1174;0.42311;0.3224;2.9595;1.7901
22;-134.85;1.0832;4.2544;0.54736;0.49091;0.49923;5.2699;1.096;0.11794;0.30485;0.071784;1.3802;0.48805;4.6339;1.2871;0.74418;0.28784;1.7508;0.18696;0.31657;0.53777;0.031864;1.2455;1.5799;0.98761;1.4384;0.87875;0.047457;2.597;0.021375;1.5781;1.2279;0.12531;0.037156;3.4122;0.27403;1.1314;1.1299;1.4883;0.37436;3.6056;1.3715;0.77902;0.87604;0.068487;0.14299;0.048133;0.74011;2.612;0.40041;1.5924;0.93044;0.73608;1.7412;0.51404;1.3144;0.93186;0.11439;0.087343;0.29959;0.32696;2.1393;0.26977;1.0313;0.72242;0.12168;0.081175;0.25683;1.0681;1.1719;0.0006857;1.6345
23;78.836;1.2755;1.3525;1.9937;0.57363;0.32784;1.0357;0.57488;0.23608;0.082782;0.36258;0.68696;0.087856;0.90402;4.6743;0.13091;1.0136;0.15519;1.1372;3.6776;0.085298;0.44135;1.9015;0.023571;0.12585;0.076516;1.7744;1.1876;0.15851;1.6201;0.078606;0.60043;0.63994;0.33294;1.1623;0.079652;1.8279;0.32029;0.3183;0.35816;3.9174;0.61202;0.67735;0.9071;5.0784;1.2521;1.2625;1.4927;0.042717;0.94039;0.76753;0.36222;2.3595;0.13576;0.32409;0.15411;0.77715;1.0163;0.65623;0.72541;0.016453;2.1092;0.70468;0.1449;2.0523;0.3361;0.12472;0.073781;1.9074;0.40447;2.3338;1.3749
24;-188.53;0.49169;0.27146;2.5814;2.9605;0.13163;0.44019;0.16123;0.75637;0.66072;3.2478;0.40207;0.26412;0.69585;2.3589;1.7158;0.39053;1.364;0.64053;3.7812;0.48693;0.36879;0.70489;0.015429;0.86643;0.1959;1.4005;0.19647;2.3196;1.1634;1.5972;0.04367;0.12451;1.0556;0.37888;0.52563;1.2916;0.12019;0.9369;0.62294;1.6397;0.9807;0.021051;1.9692;0.76508;0.38808;0.11684;0.37842;0.43832;2.0275;0.34207;1.8771;1.4722;0.81998;0.11212;0.36912;1.0737;1.1234;0.21723;0.47918;0.33628;1.2736;0.6791;0.59852;1.7467;1.7517;1.5982;0.16157;0.038231;1.0604;0.27439;1.7151
25;-21.14;0.055511;0.26802;0.089329;1.6079;0.12247;0.60617;0.31875;0.68607;1.2091;0.16882;2.9009;0.1657;1.175;0.156;3.1884;0.2226;0.87827;0.93252;0.14746;0.4017;0.26969;2.972;3.0254;4.6009;0.75178;0.041027;0.23309;0.12139;1.6992;0.39332;0.46344;0.21468;0.033014;1.5244;0.052554;0.96228;0.86356;0.089598;0.74386;0.59694;1.758;1.0371;0.034835;0.88085;1.3762;0.41811;1.8234;2.0644;0.61459;1.8167;2.8095;0.77175;3.3811;2.4729;0.77494;0.40738;0.39504;0.54094;1.8363;1.224;0.37109;0.27534;0.39659;0.29328;7.3941;3.7595;0.28298;0.89201;0.096492;0.33636;0.68207
26;-66.79;0.48554;0.59387;2.3137;1.4276;0.059501;1.2406;0.91651;2.6232;0.51585;0.78878;0.15754;1.0484;0.27929;0.54493;0.0077442;0.2429;0.64308;0.34962;1.2173;0.57447;0.14775;1.14;0.038471;0.52404;0.67449;1.7778;4.9408;0.58148;1.67;1.1215;1.0297;0.1311;0.066244;1.6882;1.4433;0.98476;1.4801;1.7538;0.076636;1.3228;2.7326;0.92505;0.0056924;0.93505;0.67305;0.51869;0.77882;0.093398;1.9993;0.66203;1.3744;0.61066;1.9375;0.16464;1.633;1.1805;0.19567;2.0579;0.26976;0.27089;2.0886;0.012264;0.93819;1.2394;0.14615;0.63532;0.16401;2.5039;0.7024;0.025484;0.20338
27;31.365;0.30941;0.75605;0.029966;0.40669;0.28407;0.33541;1.3258;0.64379;0.32586;0.095003;1.1592;0.10462;0.15516;0.89637;0.66276;0.25538;0.31551;0.31679;0.21225;2.11;0.060415;2.1634;0.59546;0.12281;3.9738;0.96851;0.3165;1.4837;0.31315;0.10658;1.2042;0.15072;2.2336;1.3135;0.034476;0.31775;0.93197;0.41219;1.2508;0.81146;0.24993;2.2008;0.39269;1.289;1.4126;0.58444;3.7419;0.17628;0.12033;1.4445;0.23709;0.18122;0.40184;1.0174;0.8409;1.3899;0.42704;2.2296;0.25062;0.21709;1.0716;0.76575;0.99268;0.34938;0.84858;0.11429;1.9588;0.091501;0.39443;0.45309;2.4533
28;20.981;0.18435;0.81518;2.1543;0.59726;1.1022;0.16001;1.8042;0.2256;0.02382;0.1254;0.52148;0.25448;0.12112;1.4758;3.0057;2.0782;2.7668;0.044831;0.20993;0.091829;0.43706;0.51611;2.4263;0.1043;0.1182;0.48096;2.8615;0.50308;0.51864;2.5678;2.848;0.25095;0.264;1.1224;0.013642;1.0329;0.31355;1.254;1.1654;0.42049;0.13282;0.35514;1.9024;0.87574;0.55283;1.0695;1.6842;0.073981;0.60302;2.1889;1.3218;0.024218;0.97311;0.39062;2.4764;0.28424;0.71828;0.2547;0.062111;0.13697;0.065581;0.017972;0.05986;1.2249;0.95709;1.5484;1.0466;0.89942;1.0249;1.8444;2.1057
29;-39.193;1.0203;0.40854;1.957;1.0811;0.74195;0.063026;0.35044;1.4202;0.18631;0.57258;0.54408;1.6988;1.3904;0.6727;0.11494;1.5572;1.9635;1.0963;0.61583;0.25877;2.7289;4.043;0.2658;2.3537;0.97601;4.1646;1.1264;0.04745;0.63079;4.8673;0.48462;0.72045;0.29651;4.2916;1.7261;1.3642;0.42807;0.17724;1.0274;0.70008;2.2445;3.4549;0.26083;1.1876;1.0679;1.9125;1.3054;0.001199;0.02629;0.15121;0.048966;2.0725;0.0082661;0.42533;0.81439;0.0061578;0.97514;1.3974;0.65217;0.48693;1.1688;0.25863;1.1323;0.42717;0.474;1.6065;1.0721;1.1234;0.31516;1.1207;0.59347
30;59.594;0.48501;0.12791;0.039436;1.037;0.77992;0.41306;1.3239;0.28097;0.19976;0.8674;0.0079469;0.00098757;0.0032487;1.2225;0.10701;0.063968;3.6192;1.6836;0.48751;0.48596;1.0493;1.7367;1.4023;0.93008;0.061906;0.85916;0.65868;0.7595;0.058493;1.6384;0.28877;1.392;0.77303;0.038365;0.22703;0.020965;0.79688;0.28756;0.8167;0.040303;0.045223;0.18426;0.19859;0.50496;0.28849;0.98422;1.4214;0.1881;2.6692;0.55887;0.46601;2.1767;0.63987;0.68691;0.62523;1.1228;1.6324;0.35224;0.29877;0.43821;0.39326;0.24372;3.8005;5.1369;0.72435;0.79595;1.7404;1.9972;0.60592;2.1041;0.29283
31;59.982;0.51978;1.7694;0.15285;0.50615;1.1522;0.10867;2.6116;0.87417;0.21019;2.2408;3.735;2.767;0.31193;1.0311;2.157;1.4506;0.35149;1.1767;0.47911;4.6435;0.22759;0.069039;0.9763;1.1379;0.7723;0.86385;0.49742;1.5245;0.86308;0.041406;0.26343;3.2893;1.2511;1.126;0.37668;0.50716;0.48084;2.0848;2.2382;1.2922;0.89026;0.90494;0.59399;0.0914;0.023036;2.2772;1.1353;0.70428;0.57694;1.4032;1.6554;0.17769;1.9579;0.089604;0.42235;1.6061;0.46599;0.26338;0.5232;1.2435;0.0033164;0.41338;2.2711;0.55205;0.18748;3.2142;0.22862;0.50319;0.088253;0.98289;0.77521
32;-14.2;0.14022;0.409;0.33278;0.037169;3.1888;0.40532;0.29504;0.40543;0.41762;0.44536;5.1112;0.25628;0.17191;0.59297;0.0054398;1.5826;0.55679;0.074409;1.4066;0.3469;0.49088;0.97199;0.53259;5.6413;2.0219;0.18531;0.4195;3.154;0.22808;0.27721;2.8002;2.4426;0.69628;0.071544;1.1498;0.56448;0.70628;2.1811;2.1917;0.4616;0.010821;0.54573;1.1151;1.52;2.0035;0.9011;0.015689;1.9586;4.3746;0.3437;0.054997;1.7902;1.6534;0.87714;0.63966;1.4231;0.34358;0.93882;1.2694;0.15012;0.51396;0.073893;0.065493;1.4689;0.19704;1.323;0.24445;1.4291;0.27089;0.14993;0.12782
33;-12.735;0.78107;0.41173;0.94415;0.027078;4.3902;0.78716;0.47265;1.4846;1.7845;0.53022;0.59491;0.32735;0.49865;0.61471;0.79175;0.44434;2.9227;0.58123;0.09604;0.33652;0.29458;0.36049;0.02297;2.2122;0.75718;0.35562;1.5541;0.50164;0.24943;0.62017;1.3558;0.080712;0.4839;2.2541;0.20147;0.40619;0.75614;0.21607;0.2174;0.35247;1.3916;1.564;0.56725;1.9275;2.4425;0.45668;2.8238;2.6469;0.083335;0.27068;3.081;1.8478;0.27135;1.1514;0.56247;1.6497;1.2375;0.27037;2.2961;0.12988;1.3369;1.0063;0.64276;0.15426;0.85541;0.026908;0.77191;1.0541;1.3843;0.67978;0.20624
34;-27.529;0.50093;4.0174;2.6681;1.41;0.059987;1.2896;0.074812;0.094912;1.1007;0.40977;0.24099;1.0325;0.5284;1.5309;0.96821;1.2786;0.18038;5.8752;1.3131;0.88287;0.59331;3.9632;2.0648;0.89578;1.5353;1.9823;2.6402;0.39105;1.6007;4.2156;0.48852;1.6694;0.34336;0.3323;0.12987;0.52892;1.9245;2.3639;0.75867;1.221;0.063013;2.3755;0.38873;3.0543;0.93714;0.18185;0.22461;2.1104;1.2754;0.5856;0.3705;1.052;0.13727;2.0676;0.34447;0.46613;0.26287;0.066285;1.5498;0.75083;1.3031;0.42063;0.25375;1.3261;0.90998;0.077845;1.3888;0.087914;0.71631;2.7066;0.71958
35;59.146;0.024981;0.39498;0.73887;0.77586;0.22299;1.1261;0.18676;0.73349;2.1693;0.82468;0.17306;1.0405;0.36355;0.81706;1.9884;0.12174;0.76086;0.18188;0.1943;0.71028;0.72792;0.1757;0.66768;0.64833;3.0509;0.44517;0.94246;0.45802;2.8336;0.37071;0.75171;0.60068;1.8193;1.2767;0.020669;0.80984;0.66577;4.0589;0.28293;1.7279;0.52106;0.64683;0.38398;1.601;1.1182;0.87333;1.3456;0.21357;0.16551;1.7963;0.54223;1.014;0.25237;0.098639;1.7978;0.085049;1.9944;0.068863;0.15979;1.6671;4.9828;0.45691;0.61448;0.028019;0.90098;0.58854;0.039437;0.32753;0.70649;1.1919;0.35419
36;-57.354;0.71524;0.26936;1.1563;0.72649;0.60741;0.14864;0.23057;3.0707;0.52982;0.43967;1.2451;1.4884;0.7192;0.92387;0.22325;0.024022;0.14176;0.18436;0.83219;0.23285;0.69634;1.7541;0.49603;0.050578;1.1406;0.5802;2.4537;3.0986;0.24585;0.88879;0.12031;0.87709;0.75594;0.57401;0.76821;1.5559;1.7519;1.9949;0.48114;0.14626;1.4394;0.042153;0.10455;4.9147;2.4269;0.37894;1.1649;2.7921;0.09408;0.042235;0.14377;0.35979;0.13802;0.11977;0.55109;0.0054845;0.8233;0.82702;0.9272;0.1411;0.54339;0.052121;0.95542;0.39717;0.17349;0.16985;0.56283;0.13371;0.89492;1.596;2.3331
37;-73.74;1.0465;0.70281;0.46449;0.2236;0.80934;1.8519;1.3164;1.6736;0.73384;1.3258;0.85291;0.39989;1.1883;0.67866;0.33022;0.13466;0.8658;0.41686;0.12548;0.57378;1.7728;0.075375;0.22981;1.0025;0.31035;1.4093;0.87537;0.17671;0.21737;0.24018;0.67055;2.1927;1.3032;0.38688;0.37359;0.82854;1.1191;2.0057;1.6958;1.0888;0.65033;3.2468;1.8791;0.1672;1.8661;0.53268;0.53901;0.47218;1.507;0.3748;0.95288;0.058439;0.11135;0.29965;0.75049;0.29984;2.3199;0.68155;0.31661;0.22509;0.81363;1.3174;1.8499;0.13801;1.0901;0.36247;1.4555;0.75766;0.60733;0.57694;2.5313
38;69.521;0.072981;0.8417;0.12815;0.73592;1.4855;0.43188;2.4513;0.87862;0.32848;0.056623;0.19996;1.455;0.11551;0.09324;0.81943;0.11685;0.0021835;0.59507;0.10086;0.10528;0.79241;1.2034;0.68969;0.43862;1.229;0.3718;0.58162;0.033688;0.3731;0.30308;0.24068;0.5803;0.47527;0.067446;1.1601;0.44852;0.38813;3.2838;0.11409;0.77951;0.052648;0.26275;0.998;0.78213;1.1904;0.42446;0.86146;0.69174;0.012769;0.18916;0.81329;1.0563;0.085662;0.039519;0.82;1.6321;0.80541;0.37142;0.027665;0.27419;0.07643;7.0357;0.36342;0.7455;1.6408;1.1535;0.016166;3.0846;1.0388;0.23035;0.5073
39;34.149;0.34742;0.56976;0.28483;0.10345;0.51088;0.53618;0.12964;0.86474;0.27156;2.0928;0.43819;0.40176;1.8477;3.8048;0.36793;2.5129;0.022368;0.09174;0.024773;1.8357;2.0927;2.4245;1.0802;0.77652;0.76868;1.8894;0.83201;1.1575;0.0029801;0.56459;1.7505;2.0968;0.19432;2.7951;0.44647;0.93153;0.31027;0.52749;0.05627;0.04871;3.3514;1.0485;0.54648;1.1201;0.41814;0.69443;1.3667;0.69431;1.0975;1.088;0.50993;2.5775;0.67337;1.6904;3.5918;0.7835;0.73587;1.9462;0.74849;1.5866;2.8335;1.1278;0.11968;0.051388;0.14016;1.5348;0.40605;0.69488;0.34989;0.90459;0.68775
40;62.775;3.9864;1.9257;0.45281;0.10438;1.3417;1.5205;0.58147;0.45097;0.85656;1.1621;0.38361;0.95103;2.7017;0.95216;0.65755;0.030667;0.29254;0.98802;0.92165;0.40371;1.2784;1.0363;0.64333;0.29364;0.16611;1.1919;0.1582;1.133;1.983;0.2168;2.1887;0.21645;0.68511;2.493;0.51065;2.2814;1.1143;0.17806;3.7402;1.0867;1.9681;2.9029;0.13502;0.14689;1.2482;0.90584;1.6046;1.9124;1.0919;2.9025;1.7213;2.4486;0.23356;1.9161;1.02;0.12282;4.1757;2.348;0.094786;0.51383;0.32463;0.029754;3.2956;0.081739;0.82532;0.26284;0.27649;1.2636;0.91816;1.0578;0.13072
41;-20.128;0.047538;0.5352;4.3838;2.3529;0.40684;2.7536;1.9534;1.4637;0.057029;0.25767;0.84974;0.18784;0.045578;2.0459;0.1016;1.0036;1.1729;0.11873;0.039936;0.50803;0.94592;0.4104;0.10001;1.8599;0.55478;0.59203;1.102;0.3817;4.2213;2.1406;0.67729;0.09352;0.44029;0.073773;0.7403;0.55766;1.0328;0.36695;1.4134;0.8685;0.65436;0.090059;0.11236;1.5832;0.7091;3.6586;2.2392;0.21937;0.65871;0.22957;2.2325;0.053168;0.013035;2.153;0.12049;1.1184;0.14433;0.13165;0.23525;0.32631;0.74182;0.15358;1.5982;0.35771;1.0996;1.0494;1.1002;0.39437;0.45527;0.47152;0.15583
42;-7.4712;0.55908;0.048078;0.68916;0.66469;0.33326;0.30512;0.13844;0.085114;0.27332;0.42229;0.96583;1.2842;0.95024;0.1526;3.2758;1.4;1.4845;1.4545;3.1805;1.1516;1.9343;0.62327;0.22567;1.8477;0.28021;0.45673;1.0389;0.10249;0.28993;0.097435;2.2175;1.3198;0.52924;0.087696;1.5287;0.13524;1.5045;2.1972;0.27434;2.1975;0.36122;0.42973;0.04314;5.2613;1.7536;0.16156;0.16837;0.54144;0.75682;0.16861;5.0613;0.49055;0.70453;0.25251;1.7967;0.59385;0.34492;0.47818;0.54086;0.60711;0.78935;2.7671;0.81014;0.46865;0.93805;0.85516;0.091293;0.0084748;2.1685;0.17444;0.88366
43;-141.8;1.1556;0.22559;0.42538;2.3071;2.0338;1.8094;2.2728;0.79437;2.8612;1.7299;1.8338;0.24857;0.12954;0.77446;0.40802;0.51083;0.69142;0.47244;0.014182;2.7454;4.0496;3.4509;2.4714;1.4111;0.19425;0.62942;0.6808;1.7162;2.6239;0.70616;0.44471;0.96582;2.0875;0.83781;1.4684;2.3092;2.1289;0.43859;0.07815;3.1545;1.4384;0.33755;0.71806;0.81755;0.080358;1.7839;0.29046;0.29639;0.366;3.1942;1.1119;2.4453;3.2361;0.027795;1.9383;0.6397;0.043379;0.83983;0.35542;0.4673;0.58977;0.33575;1.197;1.1627;0.9942;1.9399;0.89395;0.92868;0.39287;0.0082511;0.023945
44;91.64;1.759;2.7916;1.1714;1.6991;0.36103;1.3273;1.1712;1.8296;0.20064;0.13721;0.19137;4.1787;0.0034987;0.29226;0.82059;0.45281;2.2244;0.46185;0.11701;0.22242;0.5878;0.58982;0.57067;0.25459;0.16656;0.9226;0.6026;1.166;1.3684;0.57768;0.001963;2.0104;0.026717;0.80358;0.37777;0.29096;1.3392;1.4198;0.23916;0.40635;1.0346;3.4394;1.2743;0.089212;0.81235;0.20299;0.57296;0.36721;0.054281;0.17214;0.066108;2.1514;0.064865;0.031273;0.16457;0.22427;1.9578;0.24197;1.8914;0.36676;2.0891;0.13113;0.60325;0.40906;0.4406;0.48993;0.13934;0.19489;0.59048;0.6426;0.48684
45;-62.336;1.275;1.7261;1.424;1.5738;0.2562;1.8761;1.4562;0.26531;0.51375;1.4864;1.7367;0.65024;0.11642;0.50913;0.13866;0.018513;0.038052;0.28477;2.4131;3.8288;0.63768;1.1748;3.35;0.21639;2.1313;0.23148;0.76536;0.90593;0.053691;0.52395;0.036258;3.8995;1.6122;1.4994;2.8321;2.144;3.5089;2.1478;2.234;0.0082031;3.4021;1.3467;2.3998;1.0559;0.31157;4.4812;2.4315;0.70754;1.2372;0.81091;2.7574;0.20297;4.4342;0.63824;1.6635;0.58295;0.34723;0.065848;0.65455;1.1689;0.25039;0.71145;0.28701;2.8347;0.26673;2.4096;0.91032;1.7922;1.5925;1.4951;0.87183
46;196.89;0.72142;0.20062;0.23289;0.80787;0.34396;0.43835;0.97407;2.0924;0.70491;0.13088;3.8961;0.6629;0.47842;0.37596;1.0759;0.2343;0.83397;0.2108;0.18777;2.5268;1.6532;0.30276;0.87485;1.6048;0.6076;1.1035;1.9746;0.038547;1.1848;0.079098;2.2947;0.19545;1.8192;0.48417;0.21246;0.59502;0.92162;1.7032;0.93693;0.11405;1.3675;0.71565;1.9506;0.78458;1.3918;1.3809;1.0285;0.26844;0.70529;0.44125;0.82472;0.28335;1.0067;0.11438;2.1174;2.9357;1.3464;0.9904;0.024299;0.56468;0.2254;0.13236;0.31069;0.29421;1.7438;4.555;0.89719;0.46383;0.15912;0.066918;1.6648
47;-72.668;0.56281;2.7542;0.90102;0.26911;2.5444;1.5459;0.11777;0.34266;0.79386;0.46233;2.0242;1.6266;1.0224;0.75617;1.6029;1.1209;0.78366;1.782;1.0414;0.01801;0.24901;4.1906;1.5899;0.99306;0.59605;1.8805;3.1269;0.45282;1.0118;0.4896;0.10538;1.2301;0.23303;3.228;0.17763;0.089185;0.2114;0.13694;0.6753;0.29707;1.7183;0.20655;1.6078;0.32245;0.056073;4.0219;0.96944;1.7048;5.9355;1.6144;0.70089;1.2345;0.047797;0.10127;0.51333;0.13647;1.1576;0.26853;0.16664;1.9348;0.57174;3.3123;0.028906;2.9465;2.2073;2.6216;0.36142;0.56716;0.27335;0.16435;0.93135
48;223.17;1.8138;0.64613;0.10341;0.067868;0.29926;4.8958;0.35888;0.14724;0.13651;1.402;3.7334;0.66616;0.38969;0.07167;1.1401;0.92819;0.31471;0.0074722;1.7866;1.0431;0.51858;1.4149;0.32792;0.67459;0.82467;0.59653;0.79443;0.6079;1.5032;2.7878;4.2487;0.79389;1.0775;0.054248;0.56297;0.59933;1.2666;0.5238;0.99304;2.2659;0.15539;2.2245;0.46717;0.21833;1.3574;0.82372;4.1513;0.13952;2.1337;2.2558;0.271;0.26786;1.6515;0.2435;0.69872;0.1407;0.54012;0.19394;0.13657;2.4588;0.18558;1.0552;0.8834;0.35541;2.6857;0.75203;1.1555;0.021104;1.5156;1.0383;0.96985
49;117.61;3.2403;1.3323;0.51856;0.88651;0.043978;2.0376;0.21557;1.984;0.80716;0.45263;1.956;2.1997;0.10741;3.0282;0.13596;0.35291;1.1727;0.32811;1.748;0.50253;0.53481;2.4571;3.0993;1.7107;4.4851;1.0161;1.6124;3.5886;2.3503;3.07;1.8124;1.9187;1.1637;0.059383;1.6756;0.073451;1.1337;0.47499;0.46739;0.81072;0.067318;1.2044;0.5763;2.6219;0.47798;0.33695;0.20681;1.0942;3.4109;0.33241;0.089656;2.4836;0.66618;0.10755;0.41383;0.04409;1.9956;0.82744;0.67709;1.5419;1.4118;0.63873;2.7472;0.25555;2.6684;0.38779;0.59306;0.89136;0.094894;0.60255;2.631
50;-112.15;2.4934;0.88058;0.087276;1.0784;0.66623;1.7022;0.99585;0.58416;0.46932;1.206;0.62657;1.2585;3.2079;2.2507;4.3174;0.058305;0.35691;0.91568;1.7294;0.57314;1.7871;1.7145;2.2082;1.2016;1.0483;0.69782;1.106;0.59325;3.1196;0.19308;0.54644;0.58781;0.0055939;4.6774;1.6962;0.92751;0.50044;0.47509;0.38025;1.8962;0.02121;0.050994;0.4754;0.39914;0.56831;0.3621;1.4743;1.0516;0.27779;0.090365;4.0534;1.1356;0.77895;1.1805;0.61199;3.2539;0.5951;0.9424;0.33298;0.29912;0.24475;0.49876;0.50134;0.080393;0.99625;0.19449;0.24788;0.62546;3.584;0.0037141;3.2542
normalized population
1;-0.24303;-0.38761;3.6979;-0.97961;0.72925;-0.012482;-0.66077;-0.66461;-0.43636;-0.49514;-0.34243;-0.85183;-0.43339;1.0406;0.675;-0.74281;-0.16665;1.8029;-0.70992;-0.93677;1.6128;-0.55639;-0.0076515;1.0839;-0.2589;0.39845;-0.3874;0.28807;0.40352;-0.34423;1.1035;-0.48371;-0.29842;-0.6024;-0.2312;-0.38407;-1.1613;-1.0679;-0.47059;1.8797;-0.56328;1.7288;-0.12272;0.30216;-0.69685;-0.73155;-0.43372;-1.2462;-0.93805;0.49994;-1.098;-0.67839;-1.0101;1.1862;-0.90196;-0.56;-0.68852;-0.57454;5.6257;-0.27168;0.39124;0.32618;1.2493;2.4811;-0.35004;0.78594;0.67437;-1.0005;-0.84921;0.96604;-1.1575;-0.90167
2;1.2688;-0.41392;-0.83428;-0.016279;0.31174;0.6816;0.7376;-0.73559;-0.068589;-0.12865;3.095;-0.3473;-0.9488;-0.57216;-0.91648;1.5386;0.090115;0.56348;0.15107;0.35966;-0.26579;-0.8173;-1.0616;-0.96278;-0.88314;-0.87179;1.1758;-0.55397;0.76966;-0.66809;-0.31528;-0.44661;0.020508;0.29712;-0.65214;-0.60226;-0.23779;0.32984;-0.98937;0.1438;0.53353;-0.8588;-0.65136;-0.75957;1.4011;-0.35797;0.41022;-0.61562;0.7207;0.53816;-0.94273;-0.15891;-0.65348;-0.44072;-0.58894;-1.0437;-0.51765;0.0034154;-0.28826;-1.0309;-1.0748;-0.44598;-0.48444;-0.85678;-0.9192;-0.56526;2.2309;2.0718;0.49501;-0.80331;2.1826;0.56552
3;-0.0091497;0.84347;-0.036654;0.52717;0.060997;-0.39243;-0.86074;-0.81509;-0.88034;-0.88415;-0.86713;-0.1846;2.2157;-0.80936;-0.22884;0.09576;-0.16618;0.56049;0.26846;-0.45303;-0.079154;-0.81258;2.3055;-0.12082;-0.70618;-0.49077;-0.99744;-0.98544;0.30113;-0.72342;0.74652;-0.26717;0.2258;2.9741;-1.0017;0.64448;1.3687;-1.0272;-1.045;-0.92874;-1.0525;0.98867;-0.96372;-0.38555;-0.59034;0.3482;-0.13149;-1.1562;1.1177;-0.4248;0.21922;0.37566;-0.90444;-0.53316;-0.96926;-0.76821;-0.22488;-0.95591;-0.24877;0.027927;0.467;0.11508;-0.43581;0.79415;1.2978;-0.52769;-0.66435;-0.0029067;2.4672;-0.99911;-0.94518;0.032466
4;-0.17788;-0.74834;1.2885;-0.84113;-0.78069;-0.5361;0.24567;-0.29605;-0.85899;1.779;-0.70787;0.065739;-0.66691;1.097;0.49516;0.04458;1.91;-0.97067;-0.70786;1.3005;-0.67647;-1.0099;-1.0588;0.094039;-0.6904;0.52816;1.2774;0.3741;-0.57762;1.7419;-0.55271;-0.57332;2.6698;-0.79154;-0.75513;3.2333;-1.269;-0.15542;-0.26943;0.39348;-0.065902;-0.29286;-0.9325;1.3773;-0.73318;-1.2677;-0.73749;0.83579;-0.28363;3.077;-1.0462;-0.79468;-0.90197;2.7292;0.57267;-1.0301;-1.0379;-1.0833;-0.68836;2.0339;0.4454;0.82376;0.51095;0.29128;-0.27834;-0.029798;1.2717;0.537;2.5643;-0.93343;0.56651;-0.42338
5;-1.129;-0.1322;-0.7885;-1.0559;-0.84877;3.1615;1.2012;1.1017;-1.1597;1.6398;-0.50813;-0.75773;-0.70777;1.1741;-0.65193;-0.44221;0.53028;-0.83139;0.020699;-0.7872;-0.33617;-0.31494;-0.63501;-0.34369;-0.65535;1.6999;0.098268;-0.68706;-0.50988;-0.45764;-0.85377;-0.056523;1.039;0.46507;-0.25988;-0.52675;-0.59488;3.9448;-0.80124;-0.33218;0.82021;0.97298;-0.68936;-0.35169;0.095648;-0.95185;-0.81583;-0.21345;-0.85609;0.22351;1.1319;-0.74525;0.54844;-0.24529;0.73663;3.614;-0.078062;1.4642;-0.66998;2.9485;2.6114;1.6916;-0.65872;-0.88377;0.54199;1.8139;-0.81909;1.3636;-0.98377;0.57935;-1.056;-1.0895
6;0.124;-0.79103;-0.12657;-0.16849;-0.74466;-0.41078;-0.52688;2.5748;-0.89726;0.28088;-0.36456;-0.047811;-0.034252;-0.3586;1.3678;-0.64564;0.7121;0.42527;-0.40062;2.1274;-0.63442;-0.5022;-1.0782;1.1746;-0.35274;0.97713;-0.12529;1.6755;-0.25473;-0.37895;0.16922;0.44385;-0.43487;0.29061;-0.64609;0.045651;-1.1501;-0.076822;-0.17095;-1.0813;3.4856;-0.96024;0.55979;0.94258;-0.84658;-0.13826;1.0047;0.90533;-0.62214;-0.64196;0.78952;-0.19349;0.29198;-0.80382;-0.051787;-0.85908;0.47271;-0.16699;-0.44478;-0.9531;2.6447;1.1146;-0.61177;1.7879;-0.15574;1.5598;-0.67618;-0.9621;-0.42157;-0.6814;1.1484;-0.94956
7;1.3228;0.71766;-0.50797;0.54748;-0.16709;-0.43623;-0.2911;-0.32842;1.6297;-0.064806;-0.33265;-0.073713;1.0569;-0.94362;-0.60803;-0.90931;0.032834;-0.8464;-0.47241;0.46746;0.97498;-0.23474;0.82299;-0.99792;-0.89969;-0.40236;-0.47789;-0.29755;-0.78631;2.7381;0.12404;0.50704;-0.58245;1.0979;-0.1846;-0.40015;0.43025;0.17316;1.8311;0.10108;1.7296;-0.15778;0.097315;2.1402;0.16184;2.1936;-1.0442;0.10635;-0.56997;0.18404;-0.10143;-0.7697;-0.71074;-0.38729;-0.63365;0.43432;-0.15998;-0.36325;-0.5281;0.33726;1.5574;-0.58763;0.053008;2.2828;-0.31047;-0.75277;-0.85133;-0.30161;-0.22171;0.12785;1.272;0.27647
8;1.376;2.685;0.17709;3.5759;-0.29156;0.5403;-0.70639;-0.78255;-0.19101;0.72434;-0.42071;-0.68882;0.26108;0.11818;-0.63705;3.8051;-0.69521;0.61446;0.99357;0.37839;-0.7502;0.14451;-0.58308;1.1202;-0.036007;-0.17497;1.149;-1.0033;-0.71016;-0.5336;-0.63689;0.25299;-0.35145;-0.46951;1.3426;1.7816;0.0091254;-0.99317;0.60472;0.84511;-0.21045;0.38889;-0.56543;-0.45584;0.61917;1.4824;-0.39755;-1.0375;-0.19875;0.17272;0.33208;-0.77015;2.4908;-0.32531;1.4882;1.4844;-0.97885;-0.73554;-0.46836;-0.095945;-0.62468;-0.64491;-0.73671;-0.72871;-0.061978;0.64142;-0.93481;-0.89157;0.27169;-0.49433;-0.41341;0.94467
9;1.475;2.4098;-0.14212;0.41572;0.65104;-0.93029;-0.22077;-0.22559;3.2791;-0.79625;-0.26074;-0.62623;0.37567;0.363;-0.4888;-0.55516;0.27308;-0.83974;-0.5417;-0.53924;1.347;0.63998;-0.40867;-0.65059;-0.49776;-0.36821;-0.82821;-0.080922;-0.54572;0.63969;-0.29014;-0.0018941;-0.92255;-0.41982;-0.75884;-0.22574;0.23038;-1.0394;-0.67373;-1.0679;-0.94947;-0.91088;-0.45688;-0.067101;-0.60389;0.23875;1.6864;-1.0752;1.0496;-0.8613;-0.39078;-0.56579;0.26903;0.027876;3.0625;0.19747;1.5866;1.1318;-0.58186;-0.091983;-0.02041;-0.90327;-0.47483;-0.7054;-0.60886;-0.662;-0.25496;3.7502;-0.94682;1.4476;0.18406;-0.80522
10;0.0011844;0.48612;-0.72439;1.4362;-0.28596;-0.52319;-0.49588;0.18314;0.1113;2.2116;0.233;-0.82973;0.4474;0.30058;-0.89169;1.1554;2.3458;-0.33738;-0.24542;3.0854;-0.77538;-0.60388;-0.68451;0.18526;2.0902;-0.66438;-0.92983;0.66444;-0.19565;-0.7509;-0.66286;-1.0257;0.90097;-0.75568;0.013432;-0.28946;-0.79042;1.7583;-0.81066;-0.89323;-0.27443;-0.93534;-0.5664;2.6869;-0.43606;-1.0788;1.4022;0.65134;0.25032;-0.74531;-0.9961;-0.83523;-1.1445;-0.79447;1.7452;0.075483;2.5031;-1.0467;-0.59513;1.4662;-0.74395;-0.26587;0.2423;-0.15213;0.48253;-0.17771;-0.95205;0.077796;0.31676;0.92861;0.27795;2.3224
11;1.3243;-0.95756;-0.67357;-0.54309;-0.45895;0.52992;0.58723;-0.69028;0.89973;-0.93216;-0.65332;0.044924;0.18989;3.1067;0.64828;-0.78672;-0.54065;1.4195;-0.56377;-0.40382;0.693;-0.12398;-0.9082;-0.96999;-0.3403;-0.5922;-0.084223;2.8074;1.9318;-0.45684;-0.75559;-0.93797;-1.0123;-0.83397;-0.30624;3.5238;0.27829;-0.6456;-1.0331;-0.30342;-0.93807;-1.036;1.6419;1.6417;-0.043941;-0.58142;0.36497;1.1433;-0.82127;-0.35481;-0.7833;0.15105;0.0271;0.21688;0.68395;-1.0167;0.1836;1.3395;-0.49111;-0.74699;-0.035086;-0.3347;1.573;1.8098;0.34343;-0.79972;-0.50286;-0.56386;-0.70253;2.6634;1.0376;-1.2006
12;-0.66533;-0.65307;0.43484;-0.39696;-0.84154;-0.72394;-0.25708;-1.0902;1.1884;-0.6535;-0.75883;-0.75442;-0.92915;-0.015776;-0.57856;0.10273;-0.22351;-0.00053783;0.91699;-0.87708;0.40821;0.37633;-0.91971;-0.55396;-0.62368;-0.23545;1.5816;-0.55891;-0.91619;-0.86988;-0.5371;0.44049;-1.023;-0.89295;-0.24301;0.31617;-0.55262;-1.0373;0.15314;-0.43222;0.085714;0.58929;-0.96557;-0.87789;-0.097309;1.8428;-0.076781;-0.30323;3.151;-0.7616;-0.012127;-0.74535;0.19327;-0.62629;-0.53092;0.77573;-0.54019;-0.51526;1.9371;-0.54111;-0.56069;0.10766;-0.6842;0.66316;-0.85635;0.38914;-0.60272;-0.29983;-1.0084;4.0752;-0.51289;0.16855
13;-0.59492;-0.35542;-0.68654;1.5072;0.1387;0.069913;-0.89401;-0.7105;-0.7666;-0.97282;-0.61556;-0.39316;0.9202;-0.086793;-0.84556;-0.87923;2.2261;-0.43517;0.73745;-0.31171;1.829;-0.9627;-0.76447;0.32889;0.33243;3.3882;-0.3241;0.37469;-0.81536;-0.53936;-0.27594;-0.25859;1.0738;3.9912;0.54419;0.15374;-1.2912;1.4944;-0.83082;1.9981;-0.95629;-0.80891;0.81316;0.87331;0.98066;-0.8745;-0.30919;1.7076;-0.045074;-0.48917;-0.46512;-0.64004;-1.1299;-0.73523;-0.81652;-0.36623;1.4999;-0.53927;-0.62937;0.38014;-0.75379;-0.77536;-0.61992;-0.67447;-0.37347;-0.11174;-0.23451;-0.41566;0.74716;0.17104;-1.0749;0.63252
14;1.3718;-0.12981;-0.5008;-0.15057;2.3514;0.75594;-0.5177;2.3308;0.7606;-0.54853;-0.65292;-0.86098;-0.2146;-0.7265;-0.8183;-0.74515;-0.8489;-0.064014;0.58588;1.3178;0.96216;0.15102;-0.60043;-0.38566;-0.65673;-0.69266;-1.1376;-0.601;1.5194;-0.21732;-0.31657;-0.13097;-0.86977;-0.24064;-0.24292;-0.16572;1.2454;-0.66603;0.66874;1.2333;-0.80064;-0.5173;-0.27819;-1.0177;0.25914;-0.46874;-0.7989;-0.40763;-0.60434;-0.54748;-0.84955;-0.46928;-0.58308;-0.86101;1.6834;-0.3044;-0.26025;-0.9939;-0.30427;0.43139;-0.81523;0.10075;-0.42114;-0.26731;0.41516;-0.67791;0.080458;-0.54139;-0.86105;-1.0032;0.85957;-1.0306
15;-2.1059;-0.41762;-0.72168;0.097685;0.19528;-0.352;0.34853;2.372;0.24735;-0.57155;-0.16181;-0.073238;-0.42957;-0.83196;-0.8259;0.76808;-0.87463;0.10151;-0.39566;0.40819;-0.73394;-0.56959;-0.52342;1.3956;0.32762;-0.90036;1.3717;0.23253;0.40176;-1.0118;-0.882;3.1404;0.49217;-0.50909;-0.88452;0.13152;-0.44451;0.61916;-0.35932;0.085035;-0.49182;-0.3593;-0.7924;1.6998;-0.69914;0.50988;-0.34734;-1.2471;-0.92613;-0.71472;2.2231;-0.34707;-1.1373;0.68245;-0.87411;0.23095;-1.0245;0.98731;0.88114;-0.19661;-0.85578;-0.43503;2.2041;-0.98635;0.29974;-0.45567;-0.62631;-0.084409;1.4409;-0.40206;-0.87306;-0.0036382
16;0.5775;-0.92539;-0.21061;1.1213;-0.9222;-0.60653;-0.48911;-0.96588;1.3381;0.052273;0.59614;-0.16575;-0.8959;1.7094;-0.19973;0.092764;-0.68257;0.68334;-0.5674;-0.75885;-0.88509;-0.86099;-0.39383;-0.9289;-0.13825;1.238;1.0174;-1.0671;0.74996;-0.48192;2.0453;-0.61747;-0.054115;0.41287;-0.63384;-0.8414;1.1451;2.1173;3.2252;-0.6088;0.24253;-0.87353;-0.30708;-1.0044;-0.47033;-0.71231;0.45764;-0.20442;2.8961;-0.45453;-0.70796;-0.52171;-1.1338;-0.12969;1.9077;1.7054;0.51056;-0.99291;-0.20182;1.8215;0.27605;-0.90775;-0.39538;-0.11076;-0.99616;-0.68194;-0.57072;-1.0973;-0.89925;0.44019;0.52485;-0.89029
17;0.72421;0.74179;0.15244;-0.41704;-0.52954;-0.32695;1.7485;-0.34443;-0.72267;-0.76613;-0.9171;-0.53205;2.7344;1.7355;-0.98686;-0.89626;0.81379;-1.0924;1.6588;-0.59916;-0.2035;0.085403;1.3287;2.9214;-0.84964;-0.7285;-0.073342;1.3841;4.5539;-0.12687;1.0265;0.47545;-0.90085;-0.878;-0.38173;0.54798;-0.97838;-0.74768;-0.8877;-1.0293;-0.19554;1.6619;-0.45867;0.20911;-0.92693;-0.81732;0.82003;-0.85551;-0.53472;-0.46805;1.2425;-0.31485;1.5682;-0.62361;1.3815;-0.8531;0.12044;-0.31947;0.40601;-1.0455;1.7353;-0.73075;-0.081799;-0.71758;2.1574;-0.3283;0.094486;0.30836;0.81865;-0.59571;-0.14527;-0.91244
18;-0.4937;-0.95883;0.51046;-0.52388;2.2383;-0.56782;-1.0175;1.0152;-1.0506;-0.27862;-0.61626;-0.741;-0.86971;1.5982;-0.4788;-0.49085;2.5447;-0.99895;2.765;-0.62336;0.19972;0.4932;-0.6107;-0.63806;0.097843;0.77278;-0.051664;-1.0583;-0.40518;-0.73182;-0.48956;0.41326;-0.68494;-0.83171;-0.50435;-0.06343;-0.03232;-0.70652;-0.12925;-0.60419;0.51862;-0.60655;-0.98177;-0.97157;-0.76697;-0.38296;-0.39739;-0.069416;-0.89883;0.31275;1.8427;-0.6628;1.9185;-0.87414;0.78931;-0.50613;-0.39495;0.9293;0.24246;1.4796;1.0629;-0.93557;-0.69767;0.20132;-0.22381;-0.30954;-0.11283;0.45556;-0.66145;0.28319;1.936;1.252
19;-0.49137;-0.098008;1.0823;-0.30778;-0.14007;-0.24243;-0.78391;0.91848;0.43322;-0.70475;2.072;0.53753;-0.63158;-0.13101;2.0527;0.64302;-0.18818;-0.80553;-0.71895;-0.16878;1.2235;-0.70995;0.32085;-0.91516;0.60745;-0.60635;-1.2513;-0.59723;-0.69317;-0.64075;-0.86933;-0.97858;2.1308;-0.63474;1.4251;-0.28587;0.4364;-0.64083;-0.70211;0.41128;-0.12579;-0.66323;-0.92074;-1.0444;-0.68935;-0.65887;-0.76379;0.80374;0.56376;-0.65672;-0.1361;-0.22161;-0.47179;-0.29317;-0.56543;-0.94481;-1.065;-1.0757;-0.405;1.7191;0.15294;-0.56794;1.9817;-0.74556;0.83724;-0.84262;-0.22621;0.41813;-0.72376;0.18767;1.5935;1.6074
20;0.38022;-0.92713;-0.92653;-0.14371;0.67106;0.46034;-0.64647;-0.86311;0.9112;0.0078848;0.16994;-0.41222;-0.94243;-0.12849;-0.2862;-0.48373;-0.80596;2.5083;-0.10972;-0.026152;-0.92507;1.6698;-0.40273;-0.99372;-0.29297;-0.63751;-0.72765;-0.66664;-0.036462;0.23092;-0.29589;-0.37716;-0.59276;-0.71436;-0.34508;-0.94121;2.4787;-0.62776;-0.38319;-0.99146;-0.07233;-0.63627;1.3561;-0.61913;-0.066357;-1.2629;0.15569;-0.41039;0.90107;-0.20515;-0.87307;-0.8257;0.36127;0.34833;-0.089221;-0.95036;-0.99273;1.1928;-0.53172;0.28803;-0.47517;-0.53896;-0.022908;-0.73299;0.8347;-0.73875;0.039878;-0.61746;1.8355;0.98686;-0.46205;-0.82364
21;-0.73719;-0.57627;0.21634;0.35841;3.1124;-0.1584;0.07245;-0.15266;-1.0137;1.6224;-0.17906;-0.70552;-0.98342;-0.26646;-0.035204;0.57915;-0.6869;-0.34552;-0.11717;-0.86478;-0.86067;0.73581;-0.92623;1.3874;-0.68512;-0.60904;-1.0519;-1.0346;0.017123;-0.68483;0.17484;-0.59095;1.0929;-0.84124;0.0070325;-0.50097;2.4516;0.37744;0.37787;0.12135;-0.97145;0.43312;0.89096;-0.60899;-0.20799;0.94967;0.013114;0.61426;0.85652;-0.34886;0.65307;-0.18011;-0.64187;0.60406;0.23569;-0.99907;1.8632;1.6447;0.3866;0.0001029;-0.73335;-0.92205;1.5197;-0.54419;-0.83886;-0.25493;-0.47861;0.694;-0.61417;-0.69109;2.2326;0.8208
22;-1.6051;0.17711;2.8325;-0.55667;-0.67002;-0.40056;3.8088;0.17708;-1.0328;-0.55997;-0.91943;0.33568;-0.47104;2.9466;0.24156;-0.30982;-0.71869;0.80483;-0.67614;-0.65766;-0.48241;-1.0606;-0.023803;0.4241;-0.042819;0.29127;-0.16721;-1.0419;1.0451;-0.99297;0.49897;0.19707;-0.98465;-0.85064;2.0708;-0.69682;0.30582;0.084469;0.34437;-0.62416;2.323;0.44793;-0.23596;-0.017236;-0.9249;-1.142;-1.0583;-0.55438;1.5007;-0.55768;0.74362;0.036141;-0.3686;0.8268;-0.45082;0.3827;0.062892;-0.99807;-0.61928;-0.71332;-0.67231;1.3488;-0.54018;-0.028658;-0.26584;-0.77226;-0.92613;-0.7348;0.13963;0.13215;-1.1675;0.64422
23;0.72654;0.38251;0.22231;0.78012;-0.56929;-0.58819;-0.085636;-0.43737;-0.89714;-0.91295;-0.52793;-0.29199;-0.90509;-0.19723;3.6593;-0.8134;0.23975;-0.95687;0.26813;2.3086;-0.90753;-0.52641;0.54231;-1.0563;-0.84245;-0.90301;1.0146;0.019502;-0.80196;0.58969;-0.85672;-0.46451;-0.48025;-0.50507;0.023789;-0.92477;1.3028;-0.77348;-0.76876;-0.64479;2.6165;-0.39921;-0.34249;0.022318;3.1774;0.50041;0.16689;0.27259;-0.97808;-0.12672;-0.22722;-0.49643;1.4219;-0.76142;-0.65837;-0.89097;-0.12811;0.073796;-0.12822;-0.11873;-1.116;1.316;-0.2178;-0.88931;1.0896;-0.59381;-0.88381;-1.0387;1.1204;-0.61155;1.5137;0.34947
24;-2.1909;-0.45455;-0.7501;1.3233;2.337;-0.80299;-0.63335;-0.92507;-0.29981;0.0056797;3.3565;-0.54994;-0.71391;-0.3727;1.3231;0.48799;-0.58308;0.37782;-0.22541;2.4;-0.53017;-0.62107;-0.49027;-1.064;-0.15526;-0.79831;0.52122;-0.90314;0.83495;0.13755;0.51625;-1.0515;-0.98544;0.33922;-0.68904;-0.40176;0.53519;-0.98553;-0.18022;-0.30763;0.47206;0.012001;-1.0301;1.3746;-0.3545;-0.77905;-0.98899;-0.95184;-0.59642;0.74095;-0.72797;0.92339;0.44334;-0.084552;-0.88998;-0.65495;0.23797;0.20114;-0.50716;-0.46255;-0.659;0.40422;-0.23676;-0.4489;0.77814;0.5843;0.54785;-0.89295;-1.064;0.024112;-0.85293;0.73568
25;-0.36436;-0.92035;-0.75319;-0.98001;0.69012;-0.81301;-0.48069;-0.73935;-0.38052;0.87734;-0.78879;1.7126;-0.82066;0.031169;-0.89978;1.6972;-0.80484;-0.1585;0.064754;-0.80691;-0.61026;-0.75036;1.4661;1.799;3.3099;-0.31083;-1.2726;-0.86905;-0.83007;0.66798;-0.5722;-0.60895;-0.89706;-0.85548;0.35324;-0.95655;0.063698;-0.19775;-0.98635;-0.15367;-0.50971;0.87896;0.034427;-1.0883;-0.2597;0.68422;-0.68504;0.63606;0.97237;-0.38673;1.0077;1.7973;-0.32925;2.449;1.6896;-0.20948;-0.58463;-0.66452;-0.22774;1.4325;0.60937;-0.58047;-0.53605;-0.64494;-0.70323;5.2799;2.6477;-0.69138;-0.066184;-0.91001;-0.7817;-0.43694
26;-0.86248;-0.46112;-0.46009;1.0758;0.47051;-0.88195;0.10283;-0.034582;1.8435;-0.22459;0.04588;-0.77135;0.13675;-0.72382;-0.50733;-0.91454;-0.77803;-0.41818;-0.5145;0.13726;-0.44793;-0.90945;-0.11478;-1.0421;-0.47297;-0.37861;1.0191;3.5134;-0.48158;0.63909;0.086137;-0.011932;-0.97898;-0.81666;0.50227;0.6744;0.095891;0.45565;0.59703;-1.0033;0.17373;1.9661;-0.082957;-1.1254;-0.21532;-0.35704;-0.58356;-0.51184;-0.92919;0.71845;-0.35139;0.45222;-0.50693;1.021;-0.83259;0.73239;0.3699;-0.90147;1.0817;-0.75496;-0.75243;1.2935;-0.73106;-0.11911;0.26106;-0.75189;-0.38772;-0.8889;1.8176;-0.32284;-1.139;-0.98032
27;0.20856;-0.64922;-0.31421;-1.0349;-0.77258;-0.6361;-0.72972;0.44798;-0.42907;-0.52657;-0.88817;0.13562;-0.88691;-0.82844;-0.15272;-0.37668;-0.76156;-0.77986;-0.54712;-0.74973;0.99477;-1.0234;0.7683;-0.51228;-0.84527;2.5148;-0.04877;-0.79141;0.2018;-0.70413;-0.83143;0.1721;-0.95974;1.7156;0.16135;-0.97775;-0.85892;-0.12525;-0.67943;0.49179;-0.30774;-0.80307;1.2537;-0.63267;0.074504;0.7382;-0.51723;2.7443;-0.84922;-0.78121;0.56961;-0.61372;-0.98057;-0.4982;0.099255;-0.13708;0.62834;-0.62649;1.2299;-0.78169;-0.8293;0.18387;-0.17253;-0.0662;-0.64606;-0.16732;-0.89395;2.0908;-1.0017;-0.62129;-0.64756;1.5737
28;0.095244;-0.78276;-0.26102;0.92853;-0.54052;0.2595;-0.89104;1.0121;-0.90917;-1.0067;-0.84725;-0.44183;-0.72437;-0.85714;0.43191;1.5472;1.6456;1.9266;-0.81738;-0.75178;-0.90139;-0.532;-0.65318;1.2292;-0.86244;-0.86645;-0.69213;1.5778;-0.54096;-0.5007;1.3937;1.9052;-0.86151;-0.58561;-0.012588;-1.0022;0.16478;-0.78062;0.12145;0.38309;-0.67584;-0.93369;-0.68009;1.2897;-0.26389;-0.53507;-0.027878;0.48305;-0.94792;-0.39597;1.4457;0.4029;-1.1537;0.066925;-0.58567;1.6583;-0.73665;-0.28036;-0.47482;-1.0449;-0.94378;-0.91381;-0.72683;-0.97188;0.24632;-0.077012;0.49943;0.57646;-0.057533;-0.010342;0.95122;1.1791
29;-0.56135;0.10998;-0.6268;0.74617;0.048681;-0.13484;-0.98024;-0.70199;0.46232;-0.74839;-0.24519;-0.42136;0.84211;0.21271;-0.37841;-0.82651;0.9576;1.0397;0.2275;-0.39356;-0.74454;2.458;2.3902;-0.82585;1.2248;-0.11418;4.1686;-0.037439;-0.88608;-0.38967;3.4726;-0.58661;-0.40134;-0.54763;2.8709;1.0061;0.63901;-0.65926;-0.90296;0.2074;-0.4126;1.4216;2.5678;-0.80056;-0.0084843;0.22766;0.82267;0.06685;-1.0181;-0.85627;-0.95261;-0.79004;1.1054;-0.88754;-0.54774;-0.16618;-1.08;0.02491;0.51155;-0.221;-0.44374;0.28986;-0.54844;0.069346;-0.56677;-0.47905;0.55591;0.6187;0.20428;-0.6981;0.11957;-0.53751
30;0.51658;-0.46169;-0.87922;-1.0261;-0.0050975;-0.093267;-0.6583;0.44574;-0.84561;-0.727;0.15173;-0.90679;-0.99931;-0.95649;0.1763;-0.83303;-1.0143;2.8678;0.81113;-0.5068;-0.53109;0.26669;0.4001;0.25515;-0.096201;-0.91582;-0.19307;-0.47287;-0.34674;-0.95623;0.55344;-0.79312;0.25686;0.0091164;-0.99886;-0.75194;-1.2838;-0.26841;-0.798;-0.060914;-1.0338;-1.0314;-0.85913;-0.87982;-0.5675;-0.92654;-0.11389;0.19431;-0.83783;1.2531;-0.47281;-0.39915;1.2203;-0.26273;-0.26192;-0.37382;0.29858;0.8061;-0.39063;-0.71446;-0.51336;-0.55628;-0.55949;2.66;4.2336;-0.27071;-0.23165;1.7283;1.2254;-0.41633;1.2498;-0.87878
31;0.52081;-0.42457;0.59729;-0.9213;-0.65147;0.31432;-0.93826;1.964;-0.16457;-0.71043;2.0007;2.4678;2.0008;-0.69631;-0.016816;0.85029;0.81678;-0.74013;0.30737;-0.51422;3.3752;-0.80529;-1.039;-0.15004;0.09661;-0.29283;-0.18687;-0.62298;0.23271;-0.15972;-0.89036;-0.81983;2.1165;0.56762;-0.0092969;-0.57644;-0.58778;-0.60333;0.91188;1.7491;0.1449;-0.088867;-0.10403;-0.37637;-0.90614;-1.3196;1.1907;-0.12007;-0.33982;-0.41679;0.52101;0.71558;-0.98446;1.0411;-0.91459;-0.59652;0.89529;-0.5802;-0.46732;-0.40108;0.6373;-0.98175;-0.43373;1.175;-0.43949;-0.7175;2.1179;-0.78162;-0.52058;-0.91799;-0.038739;-0.33122
32;-0.28864;-0.8299;-0.62638;-0.755;-1.2225;2.5439;-0.66542;-0.76731;-0.70272;-0.38073;-0.41648;3.7139;-0.72242;-0.81433;-0.45886;-0.91643;0.99117;-0.51346;-0.78799;0.30436;-0.66174;-0.46179;-0.25979;-0.57208;4.2753;0.803;-1.0823;-0.69552;1.467;-0.78834;-0.67717;1.8549;1.2865;-0.080562;-0.96867;0.33016;-0.50573;-0.36443;1.0035;1.6899;-0.63712;-1.0698;-0.4804;0.28716;0.26363;1.6132;-0.19775;-1.3504;0.87034;2.6142;-0.72606;-0.78439;0.794;0.73992;-0.054055;-0.35798;0.66933;-0.72568;0.1157;0.6408;-0.92499;-0.42459;-0.68538;-0.96641;0.49502;-0.70954;0.28042;-0.75535;0.56151;-0.741;-0.99594;-1.0661
33;-0.27266;-0.14553;-0.62393;-0.18995;-1.2348;3.8591;-0.31422;-0.5579;0.53623;1.7919;-0.30223;-0.37533;-0.64534;-0.53892;-0.43692;-0.27076;-0.51202;2.0988;-0.28434;-0.85229;-0.67149;-0.71789;-0.78747;-1.0568;1.0935;-0.30609;-0.85752;0.3607;-0.54206;-0.76721;-0.3671;0.3319;-1.0284;-0.32869;1.0171;-0.78192;-0.73233;-0.31159;-0.86602;-0.82402;-0.73987;0.47031;0.58655;-0.41041;0.59733;2.2633;-0.64613;1.7354;1.5344;-0.81074;-0.812;2.0518;0.85756;-0.62729;0.24561;-0.44271;0.9492;0.33669;-0.46129;2.0745;-0.95391;0.47328;0.0057744;-0.40594;-0.84493;-0.16163;-0.97885;0.12036;0.12325;0.33793;-0.38706;-0.97707
34;-0.43408;-0.4447;2.6194;1.4034;0.44915;-0.88142;0.14787;-1.027;-1.0592;0.7051;-0.4644;-0.69579;0.11944;-0.51384;0.48754;-0.12587;0.58968;-0.92906;4.9765;0.22184;-0.15817;-0.32816;2.3214;0.88536;-0.12802;0.37629;1.2891;1.3717;-0.62582;0.57047;2.8835;-0.58251;0.52879;-0.49289;-0.73142;-0.86588;-0.55664;0.92661;1.1774;-0.13481;0.077882;-1.0116;1.4368;-0.63772;1.52;0.034046;-0.92341;-1.1209;1.0168;0.14067;-0.44135;-0.48868;-0.020206;-0.75992;1.2467;-0.68201;-0.5121;-0.82161;-0.63745;1.0324;-0.066669;0.43644;-0.42835;-0.78363;0.34948;-0.11622;-0.92936;1.1446;-1.0059;-0.30936;1.942;-0.39436
35;0.51169;-0.95296;-0.639;-0.37967;-0.32305;-0.70297;-0.0024597;-0.89497;-0.32608;2.4035;0.094212;-0.75729;0.1282;-0.65279;-0.23274;0.71181;-0.93803;-0.28814;-0.68119;-0.76557;-0.32033;-0.15253;-0.94692;-0.44359;-0.35763;1.7054;-0.73935;-0.2087;-0.57509;1.791;-0.59263;-0.305;-0.51873;1.2315;0.12779;-0.99394;-0.15451;-0.40736;2.7901;-0.74058;0.55507;-0.50067;-0.37447;-0.64377;0.32998;0.30213;-0.22577;0.11103;-0.81325;-0.74515;0.9836;-0.32772;-0.062067;-0.64606;-0.90471;0.9133;-0.98258;1.2363;-0.63523;-0.90853;1.2426;4.4513;-0.40146;-0.43339;-0.97361;-0.12371;-0.43317;-1.0957;-0.72587;-0.31887;0.20142;-0.80912
36;-0.75952;-0.21583;-0.75199;0.006159;-0.38316;-0.28212;-0.9015;-0.84332;2.3572;-0.20239;-0.42414;0.21334;0.61393;-0.35302;-0.12498;-0.73758;-1.0671;-0.9717;-0.67873;-0.20261;-0.76889;-0.19374;0.41508;-0.60686;-0.91229;0.030192;-0.56116;1.1982;1.425;-0.77075;-0.12424;-0.97073;-0.24781;-0.01086;-0.5115;-0.11728;0.91346;0.74371;0.82639;-0.4882;-0.93402;0.5236;-1.008;-0.99956;3.0434;2.2402;-0.72456;-0.08763;1.6744;-0.80216;-1.0809;-0.70119;-0.78362;-0.75918;-0.88163;-0.4552;-1.0808;-0.15555;0.019196;0.16304;-0.93787;-0.39248;-0.70151;-0.10238;-0.59735;-0.72914;-0.83997;-0.22675;-0.95238;-0.13628;0.66584;1.4372
37;-0.93832;0.13795;-0.3621;-0.63327;-0.99552;-0.06106;0.66509;0.43694;0.75319;0.1219;0.76894;-0.14173;-0.56666;0.042418;-0.3724;-0.64974;-0.92096;-0.17228;-0.44769;-0.82631;-0.44858;1.2107;-1.0335;-0.86009;-0.028996;-0.69794;0.53291;-0.27115;-0.78817;-0.79894;-0.71065;-0.39058;1.0417;0.62854;-0.68177;-0.58006;-0.12775;0.073013;0.83661;1.0585;-0.046635;-0.35648;2.3496;1.2599;-0.84407;1.4098;-0.56945;-0.77536;-0.56375;0.32552;-0.68946;0.057174;-1.116;-0.78556;-0.68507;-0.23631;-0.7174;1.6231;-0.10637;-0.68955;-0.81787;-0.097621;0.23638;0.76603;-0.8615;0.033677;-0.65282;1.2554;-0.22319;-0.41497;-0.50524;1.6622
38;0.62489;-0.9017;-0.23717;-0.94412;-0.37169;0.67916;-0.64099;1.7749;-0.15946;-0.52241;-0.93985;-0.73294;0.57774;-0.86187;-0.9631;-0.24804;-0.94449;-1.1258;-0.27058;-0.84803;-0.88876;-0.068399;-0.06012;-0.42265;-0.55223;0.10768;-0.83617;-0.5446;-0.8965;-0.64478;-0.65378;-0.84382;-0.5387;-0.33878;-0.9724;0.34227;-0.67173;-0.70159;2.0526;-0.95557;-0.33782;-1.0231;-0.77689;0.13805;-0.34054;0.40911;-0.67863;-0.42103;-0.35192;-0.86706;-0.90795;-0.073663;-0.015427;-0.81097;-0.96931;-0.16001;0.92741;-0.17681;-0.37407;-1.093;-0.74771;-0.90197;4.4752;-0.67716;-0.24231;0.49201;0.11575;-1.1344;2.4961;0.0031829;-0.90353;-0.63533
39;0.23892;-0.60863;-0.48178;-0.79932;-1.1418;-0.3878;-0.54506;-0.96231;-0.17539;-0.61289;1.8015;-0.51723;-0.56463;0.59818;2.782;-0.61878;2.2197;-1.1035;-0.77077;-0.91518;0.7371;1.6281;0.99357;-0.051256;-0.23869;-0.29601;1.1664;-0.31152;-0.045274;-1.0112;-0.41735;0.7481;0.94768;-0.66702;1.5093;-0.4946;0.019693;-0.7841;-0.56974;-1.0292;-1.0259;2.6562;0.046376;-0.43686;-0.06383;-0.73454;-0.40627;0.13418;-0.34945;-0.0013281;0.14994;-0.35799;1.6623;-0.22959;0.83456;2.8826;-0.12027;-0.25946;0.98526;-0.086504;1.1275;2.1063;0.095824;-0.9138;-0.94979;-0.75688;0.48618;-0.48706;-0.29656;-0.66445;-0.12872;-0.43049
40;0.55129;3.2774;0.7379;-0.64407;-1.1407;0.52171;0.3603;-0.42959;-0.65044;0.31696;0.54847;-0.56665;0.031117;1.318;-0.096428;-0.38096;-1.0583;-0.80522;0.1199;-0.12366;-0.60836;0.56569;-0.20433;-0.46675;-0.68675;-0.82444;0.24597;-0.93877;-0.063841;0.94891;-0.73179;1.2101;-0.89532;-0.093612;1.2345;-0.41933;1.952;0.067968;-0.90218;3.6616;-0.048642;1.1133;1.9894;-0.96076;-0.8607;0.49468;-0.19297;0.39561;0.82576;-0.0057583;2.2856;0.77739;1.5202;-0.66467;1.0812;0.059544;-0.93594;3.8287;1.3321;-0.99929;-0.4053;-0.63117;-0.71809;2.1697;-0.91885;-0.18667;-0.74963;-0.70216;0.36809;-0.11376;0.047296;-1.0628
41;-0.35332;-0.92887;-0.51287;2.9891;1.5973;-0.5017;1.4944;1.188;0.5123;-0.95388;-0.66917;-0.14461;-0.79665;-0.92081;1.0072;-0.83748;0.22652;0.16675;-0.74395;-0.9018;-0.51035;0.13187;-0.74439;-0.98355;0.76663;-0.48359;-0.54556;-0.060152;-0.63291;3.1648;1.0075;-0.38346;-1.0158;-0.37964;-0.96664;-0.15002;-0.51549;-0.018422;-0.72247;0.69887;-0.25403;-0.35199;-0.95783;-0.98962;0.31543;-0.30365;2.5843;1.093;-0.80766;-0.35153;-0.86039;1.2565;-1.1218;-0.88282;1.34;-0.92787;0.29316;-0.96248;-0.58103;-0.80315;-0.67324;-0.17597;-0.62631;0.52169;-0.63756;0.041565;0.014634;0.66534;-0.64775;-0.56233;-0.62639;-1.0343
42;-0.21522;-0.38259;-0.95103;-0.42562;-0.45842;-0.58226;-0.75757;-0.95194;-1.0705;-0.61008;-0.44753;-0.03949;0.39248;-0.15828;-0.90321;1.769;0.75002;0.51089;0.58346;1.8698;0.094304;1.4213;-0.56071;-0.86402;0.75528;-0.72437;-0.7241;-0.11894;-0.84438;-0.72711;-0.8397;1.2404;0.18605;-0.27571;-0.95398;0.77456;-1.1202;0.48148;1.0189;-0.75152;0.99723;-0.67895;-0.60193;-1.0777;3.3272;1.2431;-0.94387;-1.1827;-0.49692;-0.27322;-0.93214;3.9078;-0.6394;-0.19876;-0.73658;0.91216;-0.35441;-0.7241;-0.28191;-0.37642;-0.27203;-0.12411;1.311;-0.24343;-0.52449;-0.092861;-0.17412;-1.0096;-1.0987;1.0979;-0.96778;-0.20811
43;-1.6809;0.25444;-0.79136;-0.66941;1.5414;1.2794;0.62599;1.5645;-0.25618;3.5033;1.313;0.74636;-0.73078;-0.85004;-0.27573;-0.58586;-0.42421;-0.36481;-0.39245;-0.92453;1.5918;4.181;1.8793;1.2721;0.35014;-0.79976;-0.49622;-0.45227;0.3779;1.5834;-0.28936;-0.6287;-0.16085;1.5448;-0.27149;0.70381;1.9918;1.1432;-0.65431;-1.0013;1.8983;0.52247;-0.69852;-0.21838;-0.31153;-1.2348;0.69296;-1.0485;-0.73334;-0.58514;2.6289;0.2062;1.5166;2.3055;-0.98212;1.0676;-0.29781;-1.0825;0.030259;-0.63535;-0.47179;-0.34187;-0.49127;0.13217;0.18294;-0.046133;0.87984;0.32298;-0.02333;-0.6228;-1.1588;-1.184
44;0.86625;0.8988;1.5168;0.020076;0.80112;-0.55185;0.18258;0.26573;0.9324;-0.72562;-0.83134;-0.74072;3.5319;-0.95628;-0.76228;-0.24709;-0.50084;1.3278;-0.40298;-0.83378;-0.7787;-0.33534;-0.58957;-0.53586;-0.72299;-0.82405;-0.10935;-0.52508;-0.038853;0.34051;-0.40552;-1.0955;0.86295;-0.86284;-0.30263;-0.57517;-0.89727;0.30629;0.27923;-0.79631;-0.68914;0.072094;2.5515;0.48983;-0.90793;-0.15075;-0.90208;-0.73806;-0.66502;-0.83393;-0.92798;-0.77397;1.1924;-0.83155;-0.97832;-0.8795;-0.8107;1.1928;-0.4858;1.5094;-0.61545;1.2941;-0.64294;-0.4443;-0.58522;-0.50684;-0.52899;-0.92985;-0.88088;-0.4313;-0.42979;-0.65855
45;-0.81388;0.3819;0.55836;0.25353;0.6485;-0.66661;0.68729;0.60167;-0.86359;-0.22792;0.98508;0.65847;-0.29512;-0.86109;-0.54346;-0.80704;-1.0743;-1.0862;-0.57894;1.1926;2.6097;-0.27027;-0.084755;2.1077;-0.75844;0.89893;-1.0213;-0.37356;-0.23584;-0.96098;-0.45409;-1.0594;2.7145;0.98953;0.33046;2.3031;1.7553;2.6056;0.9718;1.7437;-1.064;2.7128;0.35881;1.9229;-0.11632;-0.89236;3.4142;1.3043;-0.33667;0.1102;-0.17616;1.7485;-0.95658;3.4908;-0.3151;0.76596;-0.36787;-0.72134;-0.63783;-0.21767;0.53071;-0.71217;-0.21277;-0.75134;1.8871;-0.65154;1.3361;0.35016;0.98578;0.53975;0.5499;-0.22154
46;2.0147;-0.20923;-0.81382;-0.84732;-0.28408;-0.57054;-0.63504;0.033292;1.234;0.075921;-0.83988;2.6137;-0.2814;-0.55597;-0.67782;-0.037422;-0.7894;-0.20742;-0.65245;-0.77134;1.3864;1.0547;-0.83728;-0.24654;0.52984;-0.43726;0.12934;0.7521;-0.89282;0.15872;-0.85628;1.3219;-0.9159;1.2314;-0.59325;-0.76903;-0.46202;-0.13622;0.54882;0.092172;-0.96434;0.44346;-0.30237;1.351;-0.33853;0.70741;0.2863;-0.23747;-0.76031;-0.31435;-0.61125;-0.062948;-0.86792;0.10019;-0.88752;1.2642;2.5368;0.46612;0.16022;-1.0977;-0.33264;-0.73944;-0.64204;-0.72834;-0.70229;0.57768;3.4207;0.32835;-0.56658;-0.84931;-1.0913;0.67862
47;-0.92662;-0.37861;1.4831;-0.22981;-0.94009;1.8384;0.38362;-0.97631;-0.77478;0.2173;-0.39363;0.91876;0.76386;-0.097434;-0.29418;0.39529;0.38145;-0.26297;0.90891;-0.018018;-0.97075;-0.77735;2.5176;0.43361;-0.037757;-0.4474;1.1546;1.8248;-0.57904;-0.012479;-0.48515;-0.98647;0.098155;-0.62179;1.9032;-0.80987;-1.1861;-0.88888;-0.94131;-0.24096;-0.79203;0.83472;-0.83577;0.91451;-0.71695;-1.2707;2.9509;-0.30238;0.62544;3.8599;0.76957;-0.17901;0.18107;-0.84843;-0.90184;-0.49665;-0.91909;0.24177;-0.46288;-0.89896;1.6251;-0.36155;1.7151;-1.0019;2.0011;0.96346;1.5421;-0.56115;-0.44582;-0.73862;-0.97937;-0.15398
48;2.3014;0.95732;-0.41309;-0.96699;-1.1851;-0.61947;3.4647;-0.69204;-0.99915;-0.82754;0.87154;2.4664;-0.27785;-0.63076;-0.98487;0.01526;0.12693;-0.78074;-0.85451;0.63968;-0.0076452;-0.42565;0.12243;-0.76677;-0.33327;-0.2469;-0.53962;-0.3465;-0.46157;0.47399;1.5926;3.3821;-0.32936;0.36485;-0.98441;-0.35797;-0.45585;0.22937;-0.57325;0.16362;1.0616;-0.90851;1.2786;-0.53783;-0.8022;0.65647;-0.27582;3.1941;-0.8847;0.82571;1.5244;-0.58194;-0.88501;0.738;-0.74643;-0.29315;-0.91387;-0.4921;-0.52727;-0.94094;2.3738;-0.78288;0.042027;-0.17231;-0.63991;1.3615;-0.27432;0.75727;-1.084;0.46517;0.024913;-0.11027
49;1.1496;2.4807;0.20409;-0.5833;-0.18832;-0.89894;0.83588;-0.861;1.1096;0.23845;-0.4067;0.85703;1.3855;-0.86869;1.9984;-0.80926;-0.63275;0.16661;-0.53587;0.60563;-0.51552;-0.40447;1.0218;1.8694;0.6281;2.9631;0.014041;0.41495;1.7961;1.3125;1.8478;0.81339;0.77314;0.4655;-0.97974;0.94679;-1.2086;0.088582;-0.61969;-0.50571;-0.30844;-1.0068;0.20978;-0.39888;1.166;-0.64592;-0.76693;-1.1404;0.036368;1.845;-0.73935;-0.7519;1.5588;-0.2367;-0.89498;-0.60587;-1.0331;1.2377;0.019562;-0.18619;1.0637;0.55498;-0.26668;1.6372;-0.74169;1.3471;-0.62822;-0.17657;-0.066945;-0.91155;-0.47582;1.7754
50;-1.3575;1.683;-0.2022;-0.9819;0.045277;-0.21773;0.52734;0.058971;-0.49752;-0.29855;0.60756;-0.34667;0.36464;1.7447;1.2138;2.6242;-1.0218;-0.73415;0.048012;0.58918;-0.44918;1.2293;0.3809;1.0217;0.15574;-0.050831;-0.40596;-0.056434;-0.47267;2.0742;-0.75323;-0.52143;-0.53134;-0.88752;3.222;0.971;0.013936;-0.58256;-0.61959;-0.61666;0.71355;-1.0582;-0.99876;-0.52737;-0.65415;-0.51215;-0.74156;0.2524;-0.0047169;-0.65554;-1.0242;2.9631;0.07204;-0.12514;0.27739;-0.38835;2.9297;-0.42676;0.11879;-0.6667;-0.71209;-0.71832;-0.37044;-0.54324;-0.92022;-0.044423;-0.81603;-0.74966;-0.37769;2.4696;-1.164;2.4828
PARTICULAR
GAIN
81
