TITLE;96 random variables, variable gain
FOCUS ON;
EXPERIMENT TYPE;SingleAmongManyVaryingGain
PARAMETERS
normalization;Standard
pcaRecompositionThreshold;0.95
component;1;2;3;4;5;6;7;8;9;10;11;12;13;14;15;16;17;18;19;20;21;22;23;24;25;26;27;28;29;30;31;32;33;34;35;36;37;38;39;40;41;42;43;44;45;46;47;48;49
type;RandomNormal;RandomNormal;RandomNormal;RandomNormal;RandomNormal;RandomNormal;RandomNormal;RandomNormal;RandomNormal;RandomNormal;RandomNormal;RandomNormal;RandomNormal;RandomNormal;RandomNormal;RandomNormal;RandomNormal;RandomNormal;RandomNormal;RandomNormal;RandomNormal;RandomNormal;RandomNormal;RandomNormal;RandomNormal;RandomNormal;RandomNormal;RandomNormal;RandomNormal;RandomNormal;RandomNormal;RandomNormal;RandomNormal;RandomNormal;RandomNormal;RandomNormal;RandomNormal;RandomNormal;RandomNormal;RandomNormal;RandomNormal;RandomNormal;RandomNormal;RandomNormal;RandomNormal;RandomNormal;RandomNormal;RandomNormal;RandomUniform
p1;0;0;0;0;0;0;0;0;0;0;0;0;0;0;0;0;0;0;0;0;0;0;0;0;0;0;0;0;0;0;0;0;0;0;0;0;0;0;0;0;0;0;0;0;0;0;0;0;0
p2;9;9;9;9;9;9;9;9;9;9;9;9;9;9;9;9;9;9;9;9;9;9;9;9;9;9;9;9;9;9;9;9;9;9;9;9;9;9;9;9;9;9;9;9;9;9;9;9;1
RESULTS
COMMON
distance
which;Manhattan(Average);Manhattan(GeometricAverage);Manhattan(Median);Manhattan(Minimum);Manhattan(MinimumTimesMedian);Manhattan(Summation);Euclidean(Average);Euclidean(GeometricAverage);Euclidean(Median);Euclidean(Minimum);Euclidean(MinimumTimesMedian);Euclidean(Summation)
plain;1.0753;1.0745;1.0752;0.93504;1.0053;1317.3;0.14546;0.1451;0.14558;0.11365;0.016545;178.18
PCA;1.0753;1.0745;1.0755;0.93583;1.0065;1317.3;0.14548;0.14513;0.14567;0.11399;0.016604;178.22
DE00;1.0796;1.0782;1.0856;0.97493;1.0494;1322.5;0.25521;0.26072;0.23903;0.14981;0.035432;320.61
DE01;1.0797;1.0783;1.0832;0.97482;1.0451;1322.4;0.24332;0.24285;0.24957;0.15478;0.038279;318
DE02;1.0794;1.0782;1.0848;0.97579;1.0498;1322.3;0.25147;0.24575;0.2532;0.15321;0.036846;341.41
PCA
weights;0.010277;0.010324;0.010243;0.010522;0.010342;0.010194;0.010695;0.010598;0.010241;0.010518;0.010387;0.010393;0.010447;0.010322;0.010143;0.010724;0.010615;0.010303;0.010169;0.01031;0.010566;0.010352;0.010182;0.010523;0.010421;0.010482;0.010137;0.01069;0.010712;0.010383;0.0103;0.010241;0.010293;0.010474;0.010575;0.010387;0.010399;0.010515;0.010609;0.010607;0.0098365;0.010518;0.010499;0.010195;0.010159;0.010313;0.010334;0.010559;0.010291;0.01061;0.01075;0.010552;0.010531;0.010458;0.010792;0.010301;0.01045;0.010419;0.010356;0.010307;0.010232;0.010764;0.010387;0.010462;0.010836;0.010354;0.0106;0.010381;0.010318;0.010501;0.010628;0.010201;0.010452;0.010672;0.010356;0.010151;0.010609;0.0096567;0.0099626;0.010415;0.010666;0.010514;0.010531;0.010605;0.010409;0.010413;0.010282;0.010278;0.010471;0.010526;0.010159;0.010735;0.010352;0.010327;0.01022;0.010731
differential evolutions parameters, by distance type
i;dDE / dP;distance;type;parentWeight;crossover;population;iterations;distance;weights ->
1;1.0041;1.0797;2;0.85;0.5;50;50;Manhattan(Average);0.00080843;0.0025276;0.0011552;0.0012428;0.00015755;0.0046857;0.00011643;0.0017361;6.2565E-05;0.00056827;0.0022123;0.0013907;0.014261;0.0025395;0.00045304;0.00059639;0.0032507;0.00043389;0.0052801;0.0017201;0.0018952;0.0010294;9.4988E-05;0.0007111;0.0033705;0.023639;0.019185;0.0034051;0.011515;0.0079508;0.020505;0.011045;0.0010455;0.013535;0.00048561;0.0042491;0.00023394;0.020934;0.00090139;0.002287;0.00052205;0.00030946;4.1215E-06;0.0027306;0.0025839;0.00049706;0.025309;0.0025924;0.024146;0.019376;0.0053899;0.0074235;0.022316;0.020042;0.02527;0.025439;0.019387;0.0091335;0.018356;0.0050898;0.017315;0.020378;0.0060603;0.024957;0.0027251;0.025339;0.02364;0.021247;0.020353;0.017365;0.020394;0.0062253;0.00084413;0.018894;0.016165;0.004918;0.012051;0.0075572;0.023475;0.00075954;0.021935;0.00097455;0.022131;0.00019495;0.02157;0.02496;0.015884;0.022934;0.025057;0.025059;0.023877;0.024678;0.0064607;0.013662;0.025245;0.0055815
2;1.004;1.0796;2;0.85;0.5;50;50;Manhattan(Average);0.0022734;0.00030828;0.0037906;0.0016266;0.0004657;0.00068322;0.0059457;0.00028858;0.00011733;0.0013095;0.020541;0.00018017;0.016586;0.022757;0.00034133;0.00018858;0.0021536;4.7166E-05;0.0021607;0.0029991;0.00134;6.3968E-05;0.00032712;0.0006599;0.0011635;0.0092727;0.0026534;0.0060564;0.0047285;0.019744;0.0027842;0.01227;0.00067175;0.012666;0.0025407;0.0019483;0.00010232;0.019348;0.0025626;0.0026864;0.00053223;0.0003934;0.0035001;0.00082629;0.0010601;0.00038154;0.0027651;0.0024333;0.016778;0.023529;0.0097502;0.0083317;0.021322;0.02428;0.018489;0.024119;0.016031;0.0061275;0.024305;0.001988;0.023902;0.023793;0.022204;0.024795;0.0022818;0.024507;0.024514;0.025221;0.020325;0.016473;0.022752;0.01837;0.0039857;0.0053603;0.018924;0.0046096;0.018169;0.014432;0.0003314;0.0013943;0.017723;0.0095608;0.017804;0.007367;0.021266;0.023671;0.01958;0.023552;0.02132;0.0029082;0.024678;0.023679;0.014801;0.024099;0.017111;0.019242
3;1.0038;1.0794;2;0.85;0.5;50;50;Manhattan(Average);0.00091721;0.00052942;0.0024639;0.0005239;0.00085165;0.0011029;0.00063892;0.0079774;0.00012845;0.00022495;0.0080531;0.0007037;0.015499;0.01154;0.01512;0.0001922;0.0012558;5.8374E-05;0.018631;0.0019035;0.00040007;0.00033954;0.00017457;0.0012906;0.002136;0.016395;0.0026761;0.0012153;0.013123;0.0056754;0.01462;0.0090513;0.011522;0.0047958;0.00089431;0.0089792;0.00018678;0.022788;0.0012868;0.005689;0.00097923;0.0010801;0.0006466;0.0009694;0.002283;0.00038339;0.01002;0.0011247;0.012999;0.021256;0.024312;0.016488;0.022341;0.021062;0.020689;0.021576;0.009172;0.0085333;0.02136;0.0079455;0.021005;0.019582;0.014956;0.021063;0.007711;0.022868;0.020262;0.015563;0.016926;0.016924;0.020544;0.003183;0.0015321;0.022128;0.023288;0.019717;0.0055387;0.0039;0.017043;0.0034061;0.012747;0.015975;0.010417;0.011524;0.02083;0.023001;0.01995;0.020437;0.022456;0.0075998;0.022221;0.018334;0.015333;0.011974;0.020428;0.01286
4;1.0035;1.0782;2;0.85;0.5;50;50;Manhattan(GeometricAverage);0.0011378;0.0010489;0.0018336;0.0022584;0.0067299;0.0019156;0.0035844;0.012701;0.00059212;0.00016986;0.0019947;0.00032114;0.023473;0.010017;0.00056983;0.0001502;0.0024672;1.7576E-05;0.013505;0.0010683;0.0010163;9.0999E-05;0.0010091;0.00017031;0.0014244;0.017285;0.00018304;4.6403E-05;0.0082252;0.01475;0.0088297;0.0014294;0.0089709;0.0023899;0.013808;0.002661;0.0012208;0.020808;0.00097663;0.0031222;0.00016176;0.0061302;0.00055801;0.0023689;0.0015508;3.5215E-05;0.019783;0.00022673;0.012491;0.018392;0.022844;0.011758;0.011253;0.021396;0.020762;0.021166;0.017494;0.0013607;0.0204;0.01953;0.01505;0.020235;0.017497;0.01883;0.012883;0.022828;0.02318;0.013265;0.015753;0.015883;0.023674;0.023272;0.0016913;0.0086648;0.016546;0.014816;0.022137;0.0059204;0.017573;0.0005478;0.014606;0.0088498;0.0051051;0.011307;0.01983;0.022543;0.016837;0.021808;0.016459;0.019677;0.020079;0.01691;0.0213;0.018393;0.019209;0.013206
5;1.0034;1.0782;2;0.85;0.5;50;50;Manhattan(GeometricAverage);0.0010177;0.002412;0.0030974;0.0013549;0.0022685;0.0076297;0.010682;0.0066437;9.5416E-05;0.0011848;0.017644;0.0036376;0.020179;0.0001046;0.00040824;2.0446E-05;0.00013016;0.00014543;0.017195;0.0016248;0.00022833;0.00043225;0.00012334;0.0022033;5.285E-05;0.017666;3.5867E-05;0.011109;0.01635;0.0078546;0.0039383;0.013513;0.00079731;0.016031;0.00029295;0.017857;0.00075082;0.015494;0.0021909;0.0033883;0.00095511;0.00012176;0.00025766;0.00082463;0.0043355;0.0048865;0.01628;0.0060974;0.020265;0.021289;0.0067986;0.0064423;0.020927;0.018618;0.020408;0.021626;0.020321;0.010066;0.022458;0.019004;0.0195;0.022516;0.019304;0.021496;0.0077722;0.014492;0.021959;0.013635;0.015733;0.012841;0.022172;0.013534;0.0072565;0.018651;0.0077731;0.0051341;0.0070067;0.020225;0.018534;0.0031446;0.019037;0.0026011;0.019995;0.0040212;0.014179;0.019407;0.011407;0.015062;0.022416;0.020604;0.020686;0.018239;0.017631;0.017228;0.0088188;0.0062202
6;1.0036;1.0783;2;0.85;0.5;50;50;Manhattan(GeometricAverage);0.0023087;0.00077948;0.0055162;0.0026218;0.0034745;0.0084893;0.013676;0.014353;1.4559E-05;0.00051254;0.0151;0.0001553;0.021092;0.017993;0.0022304;0.0016322;0.0010081;0.00020882;0.013092;0.00010681;0.00027281;0.0019864;7.3026E-05;0.0061844;0.00097603;0.018217;0.0020399;0.0045502;0.010424;0.019604;0.012987;0.0080666;6.4832E-05;0.013912;0.0006049;0.0049348;2.5114E-05;0.023266;0.00027344;0.0065589;0.0010295;0.00027917;0.0017275;0.0013106;0.00095924;0.0016632;0.022107;0.0021765;0.0082393;0.020493;0.012653;0.010355;0.013927;0.017726;0.015587;0.022713;0.01905;0.018223;0.02298;0.00045645;0.015193;0.019984;0.019727;0.017767;0.0032391;0.016987;0.020846;0.018749;0.023541;0.021374;0.019879;0.023201;0.00072622;0.014496;0.0090016;0.018458;0.012934;0.011839;0.022146;0.0011877;0.022803;0.00092816;0.014987;0.0058676;0.014397;0.020935;0.0032803;0.011912;0.017349;0.011005;0.017154;0.014682;0.018462;0.009769;0.023508;0.0086455
7;1.0427;0.97493;2;0.85;0.5;50;50;Manhattan(Minimum);0.0084906;0.01157;0.011193;0.0081961;0.0030517;0.01254;0.010427;0.017199;0.0039123;0.0061185;0.003527;0.013801;0.016909;0.0081172;0.012105;0.014178;0.0026858;0.009459;0.011667;0.0020834;0.009739;0.0061646;0.016641;0.011515;0.017067;0.0066861;0.007715;0.012905;0.010512;0.005841;0.0064131;0.012623;0.0072089;0.015438;0.01236;0.006918;0.0035329;0.015282;0.0045542;0.016537;0.015106;0.0089433;0.010829;0.011899;0.00446;0.010917;0.017642;0.012414;0.013788;0.014473;0.0053167;0.01796;0.0021813;0.0073928;0.017614;0.018028;0.0042351;0.014633;0.013588;0.015099;0.0031939;0.016191;0.0031984;0.0096798;0.0047924;0.011387;0.010379;0.01172;0.017323;0.016934;0.015762;0.010144;0.0045823;0.013544;0.0052459;0.0017947;0.018643;0.0065989;0.013388;0.0056883;0.015274;0.0058558;0.010375;0.016073;0.016414;0.0075767;0.0046902;0.014479;0.016311;0.0078455;0.011556;0.0029222;0.010142;0.015522;0.0087882;0.0065838
8;1.0425;0.97482;2;0.85;0.5;50;50;Manhattan(Minimum);0.010297;0.011949;0.0069701;0.013808;0.01672;0.013098;0.0079246;0.013282;0.0084058;0.0049972;0.016437;0.013615;0.017603;0.00053412;0.01119;0.003061;0.0066365;0.0024877;0.011181;0.0074694;0.001388;0.003372;0.015984;0.0038238;0.0067698;0.017782;0.0038348;0.010712;0.013446;0.010428;0.015599;0.0094587;0.014464;0.014694;0.016117;0.0066064;0.01174;0.016814;0.0052469;0.015439;0.012477;0.0022258;0.013844;0.014744;0.0069796;0.016205;0.0081213;0.010511;0.0093212;0.011315;0.0010313;0.014319;0.010478;0.017058;0.012117;0.0033051;0.01583;0.0054765;0.0097901;0.0097717;0.0014047;0.012782;0.01463;0.014978;0.0067609;0.0013242;0.017428;0.0077239;0.014599;0.014019;0.014538;0.0070587;0.016306;0.013601;0.015076;0.0021812;0.013799;0.01231;0.0062715;0.0076221;0.011177;0.0030972;0.016692;0.014806;0.012295;0.0094814;0.0074157;0.0076004;0.013408;0.015999;0.01688;0.0062699;0.012907;0.0069111;0.011797;0.0025433
9;1.0436;0.97579;2;0.85;0.5;50;50;Manhattan(Minimum);0.005522;0.013912;0.018232;0.015879;0.0081222;0.017633;0.0017363;0.012344;0.0040054;0.01092;0.0033326;0.0080046;0.012625;0.015006;0.015185;0.0017309;0.0065717;0.004953;0.013766;0.016172;0.013002;0.017652;0.0088541;0.010516;0.0039654;0.013662;0.017072;0.011835;0.0039327;0.0098169;0.0085153;0.013393;0.019926;0.0089529;0.0038739;0.00029073;0.0015661;0.018406;0.0018157;0.017545;0.0061251;0.0093765;0.010297;0.0016268;0.003145;0.00080138;0.010549;0.012559;0.018864;0.008857;0.010555;0.012012;0.0080897;0.0096018;0.0092898;0.011043;0.012928;0.0017783;0.016264;0.018577;0.0021218;0.017004;0.011659;0.013079;0.014017;0.011328;0.0049409;0.0040345;0.017877;0.003107;0.011309;0.0092994;0.0067398;0.015586;0.017918;0.0068464;0.0090091;0.012775;0.010357;0.0040066;0.018738;0.018997;0.00038338;0.016005;0.01009;0.0078373;0.0039556;0.021107;0.015953;0.012624;0.01497;0.00092234;0.019623;0.0098552;0.013079;0.01026
10;1.0096;1.0856;2;0.85;0.5;50;50;Manhattan(Median);0.0051508;0.019792;0.0075124;0.002914;0.021159;0.018385;0.019466;0.015084;0.0012631;0.0069427;0.019261;0.019092;0.017232;0.0046527;0.013941;0.001276;0.00044253;0.0014888;0.016268;0.0106;0.012985;0.0001727;0.010972;0.009126;0.015063;0.010158;0.017878;0.0059534;0.013769;0.016627;0.017318;0.013206;0.0035691;0.011958;0.011116;0.013021;0.012596;0.007335;0.00097627;0.011593;0.0094953;0.00041063;0.0041202;0.0049282;0.0067938;0.00027062;0.0031938;0.0057596;0.0044666;0.019755;0.012591;0.020401;0.01395;0.011177;0.0076055;0.0033874;0.009315;0.018634;0.0048516;0.012899;0.020681;0.01913;0.0035085;0.0073857;0.016558;0.0010206;0.014724;0.019236;0.0022077;0.022159;0.0074957;0.0026526;0.0048674;0.013351;0.014301;0.015633;0.0036921;0.021318;0.011399;0.0081292;0.020026;0.0019;0.0082825;0.0067907;0.0039544;0.0016622;0.0093259;0.0035135;0.012704;0.021106;0.016464;0.020167;0.0051517;0.016495;0.0084998;0.0031852
11;1.0074;1.0832;2;0.85;0.5;50;50;Manhattan(Median);0.003169;0.010977;0.011596;0.0022817;0.010858;0.0085738;0.0036946;0.0071548;0.0069247;0.0047057;0.010451;0.0031703;0.0073871;0.015867;0.019019;0.0043081;0.0052996;0.0027594;0.018093;0.018307;0.013997;0.0084305;0.0089167;0.015128;0.01006;0.0061713;0.0076296;0.0073008;0.0019834;0.019232;0.0049237;0.015103;0.015088;0.018774;0.00049152;0.014187;0.0080232;0.01133;0.002019;0.0067675;0.010085;0.0018145;0.012433;0.0077791;0.0072042;0.011077;0.0066845;0.015252;0.0047241;0.020746;0.0046258;0.0068325;0.0023108;0.0066536;0.0015672;0.0042178;0.01637;0.016898;0.010805;0.0101;0.0037126;0.0064904;0.019624;0.0028887;0.011445;0.0059832;0.014862;0.020483;0.0082412;0.019742;0.0036689;0.0048655;0.018102;0.014309;0.0079904;0.020481;0.017972;0.012029;0.011963;0.014542;0.017935;0.0021867;0.010832;0.013932;0.0019367;0.016601;0.014635;0.012569;0.010642;0.021222;0.02025;0.019041;0.018973;0.0043242;0.010495;0.016695
12;1.009;1.0848;2;0.85;0.5;50;50;Manhattan(Median);0.0069618;0.010102;0.0091061;0.0066768;0.013966;0.018425;0.0087226;0.019272;0.015298;0.0021558;0.012538;0.001824;0.018562;0.016246;0.0072175;0.005756;0.0082499;0.00084208;0.018029;0.013533;0.020453;0.0017844;0.0018165;0.0057858;0.0014061;0.0115;0.006647;0.0094144;0.018373;0.0023313;0.011647;0.0070358;0.015228;0.019641;0.0099291;0.0091157;0.0084241;0.016654;0.0034579;0.0014072;0.0077287;0.0031789;0.018596;0.010937;0.014054;0.00054815;0.0064858;0.013198;0.00087305;0.020872;0.019149;0.0045282;0.015646;0.005209;0.020763;0.014971;0.022082;0.020132;0.0050658;0.004913;0.0024101;0.015491;0.021984;0.0055166;0.011648;0.0060439;0.019669;0.0032977;0.0051052;0.01771;0.0055481;0.0041147;0.0097833;0.013253;0.0047474;0.022353;0.012289;0.0091515;0.0094413;0.014157;0.012805;0.00093735;0.00021989;0.0059679;0.017254;0.021772;0.012343;0.00064775;0.017899;0.017181;0.00063692;0.018557;0.016284;0.002277;0.0050072;0.01203
13;1.0438;1.0494;2;0.85;0.5;50;50;Manhattan(MinimumTimesMedian);0.015255;0.015951;0.0063093;0.013129;0.0061963;0.016989;0.0040568;0.015124;0.0019019;0.0091224;0.017035;0.00604;0.018492;0.006677;0.0012447;0.0013819;0.0094297;0.00093003;0.017205;0.014508;0.0019655;0.01335;0.010529;0.0050521;0.0076865;0.0084429;0.0083341;0.0085048;0.010153;0.0012485;0.0037974;0.0064705;0.0073227;0.011968;0.0070469;0.0087697;0.0027659;0.0089424;0.0024295;0.010349;0.015387;0.017695;0.0045251;0.0078335;0.01436;0.015188;0.0071341;0.015737;0.013644;0.013828;0.0031567;0.01591;0.016023;0.014003;0.007417;0.0062228;0.013801;0.0062012;0.012487;0.0081297;0.014337;0.014386;0.0034209;0.013693;0.01995;0.0068124;0.011747;0.0014846;0.018818;0.011815;0.0045977;0.011267;0.01581;0.0096739;0.013182;0.00052584;0.017809;0.01292;0.014469;0.0087002;0.014951;0.0084289;0.013531;0.01519;0.01472;0.01228;0.0037058;0.011109;0.015741;0.016678;0.016166;0.012786;0.014821;0.017441;0.012132;0.0041126
14;1.0396;1.0451;2;0.85;0.5;50;50;Manhattan(MinimumTimesMedian);0.0064726;0.01117;0.01338;0.014902;0.011547;0.016689;0.011508;0.012472;0.0021801;0.015415;0.0059458;0.014142;0.01543;0.011146;0.017457;0.015184;0.015686;0.0080532;0.018108;0.010028;0.00030785;0.010955;0.011747;0.0086905;0.018373;0.012081;0.0044388;0.0078548;0.0037522;0.001028;0.0032544;0.011424;0.0084443;0.0008658;0.011968;0.0017648;0.0029682;0.011285;0.012255;0.014995;0.014604;0.010164;0.014504;0.010544;0.0024117;0.0047431;0.018404;0.0023407;0.0091374;0.016618;0.015899;0.014614;0.0041257;0.0052234;0.0083295;0.0086772;0.018909;0.012963;0.0094244;0.0070865;0.0017691;0.018766;0.0048637;0.010496;0.015422;0.018216;0.014036;0.016203;0.011574;0.0086075;0.00065209;0.0014619;0.003983;0.010887;0.0071744;0.007289;0.018934;5.651E-05;0.0098917;0.0072886;0.01369;0.0093757;0.0089259;0.013649;0.015533;0.018963;0.01557;0.018316;0.017568;0.01583;0.018977;0.0089282;0.0030788;0.0057648;0.011716;0.0024509
15;1.0442;1.0498;2;0.85;0.5;50;50;Manhattan(MinimumTimesMedian);0.015083;0.0040065;0.0025961;0.020613;0.0026082;0.014801;0.016408;0.018898;0.014351;0.010544;0.017697;0.01776;0.012591;0.01214;0.0062696;0.011548;0.0089909;0.0034927;0.0098654;0.007298;0.0028054;0.013731;0.012011;0.00065834;0.017968;0.017827;0.0057277;0.0038681;0.013874;0.0089747;0.012664;0.010014;0.016115;0.0041065;0.016266;0.0020117;0.010142;0.010063;0.0051338;0.0076872;0.011505;0.015484;0.013116;0.0044269;0.0098004;0.009977;0.0030871;0.016568;0.018053;0.0094496;0.0037522;0.012406;0.0053089;0.01256;0.011301;0.0097119;0.010404;0.012722;0.0076399;0.016475;0.010108;0.013159;0.006018;0.010572;0.0073398;0.011304;0.0021262;0.015876;0.013939;0.012241;0.0064146;0.0078295;0.016625;0.005086;0.0077088;0.0042638;0.012545;0.0045499;0.011907;0.0039743;0.01634;0.006869;0.013432;0.019677;0.01739;0.0058151;0.013447;0.010913;0.019172;0.0018725;0.020211;0.0035032;0.013242;0.0095905;0.011701;0.00028064
16;1.0038;1322.3;2;0.85;0.5;50;50;Manhattan(Summation);0.0022798;0.0029684;0.0078723;0.0012091;0.00044993;0.0024056;0.011695;0.0015651;0.0002875;5.5923E-05;0.0044046;0.0043212;0.0053173;0.011368;0.0061135;0.00085275;0.0090621;0.00024126;0.0030507;0.0014929;0.00026566;0.00065222;0.00032216;0.00045863;0.0015368;0.012915;0.0067039;0.0011544;0.0091708;0.015987;0.0050734;0.011477;0.0045775;0.010041;0.0035325;0.0040816;6.241E-05;0.022773;0.00086985;0.0006372;0.00076145;0.00025309;0.0011724;0.0032828;0.00086438;0.00062367;0.0087889;0.00017611;0.020003;0.023595;0.013651;0.012287;0.023799;0.017342;0.017667;0.024951;0.019694;0.020687;0.0096068;0.010312;0.021834;0.022244;0.023461;0.022299;0.0043645;0.020178;0.024464;0.016097;0.020706;0.021586;0.021836;0.003629;0.0013924;0.022119;0.024592;0.01302;0.006716;0.0044555;0.021615;0.0017259;0.022938;0.0051739;0.01626;0.012616;0.010041;0.024884;0.011825;0.0084027;0.023548;0.019215;0.020477;0.016897;0.022767;0.021073;0.02397;0.002757
17;1.004;1322.5;2;0.85;0.5;50;50;Manhattan(Summation);0.0013776;0.0019959;0.0059954;0.00016819;0.00011747;0.0013177;0.016911;0.00022688;6.2596E-05;0.00023792;0.0051938;0.00077775;0.019385;0.0066294;0.00062272;0.00040577;0.0021252;0.00065879;0.020438;0.0019076;0.00017346;0.00032363;3.2202E-05;0.00046756;0.0013219;0.02068;0.0018468;0.0024356;0.0086818;0.0068421;0.0024686;0.0084531;0.0013079;0.010441;0.00062065;0.0032648;0.00021839;0.021421;0.00029729;0.0037126;0.00045448;0.00029825;0.00031753;0.0020531;0.0016688;0.0002837;0.0076926;0.00099564;0.016529;0.021931;0.018463;0.017656;0.02078;0.013698;0.010167;0.02043;0.0096859;0.01195;0.020704;0.014996;0.018813;0.019462;0.016249;0.022618;0.00039098;0.022859;0.02211;0.0027124;0.021228;0.01864;0.020231;0.016654;0.0006477;0.01566;0.015613;0.0066716;0.019124;0.006587;0.021668;7.766E-06;0.020135;0.022749;0.021814;0.011429;0.022514;0.02203;0.01867;0.022426;0.021819;0.019792;0.020765;0.017393;0.021172;0.02099;0.019514;0.01652
18;1.0039;1322.4;2;0.85;0.5;50;50;Manhattan(Summation);0.00034496;0.00014433;0.0009281;0.00065559;0.0010938;0.0055745;0.02281;0.017792;0.0001066;0.00032571;0.0021424;3.1368E-05;0.021899;0.0077822;0.0029971;2.3541E-05;0.0017756;0.00013475;0.009763;0.0043249;0.00013776;0.0029273;0.00013057;0.00056077;5.5235E-05;0.021736;0.003187;0.0032293;0.023442;0.014716;0.011414;0.018956;0.0051127;0.0053043;0.00030153;0.0010267;0.0016762;0.02335;0.00050392;0.0012876;0.00018859;0.00051916;0.00018636;0.0013008;0.00040415;0.0012047;0.023319;0.00054651;0.020704;0.019556;0.010486;0.019896;0.0069251;0.0059794;0.021436;0.022861;0.02178;0.0065391;0.018665;0.0033755;0.02304;0.021274;0.015868;0.022893;0.0071307;0.023372;0.023088;0.019999;0.014755;0.023549;0.015721;0.00010795;9.4283E-05;0.019829;0.0044026;0.013755;0.022055;0.014318;0.010737;0.0017754;0.02155;0.0029497;0.019236;0.0094583;0.014669;0.021151;0.0198;0.0044631;0.022227;0.018719;0.021524;0.016992;0.022616;0.02367;0.0046263;0.013008
19;1.7545;0.25521;2;0.85;0.5;50;50;Euclidean(Average);0.00079345;0.004032;0.00017335;0.011245;0.043227;0.00039532;0.0032627;0.043799;0.0022774;0.045813;0.00049078;0.0022701;0.0020886;0.038566;0.00076068;0.00050485;0.0051596;0.008763;0.0049174;0.00065008;0.015761;0.048851;0.0095975;0.00013549;0.023496;0.0021527;0.0063154;0.013636;0.0007989;0.0015856;0.020238;7.1815E-05;0.049151;0.047665;0.00027314;0.0048697;0.0013456;0.0005214;0.044598;0.00028327;0.0010084;0.001862;0.0038972;0.026218;0.009821;0.0056182;0.00015246;6.0936E-05;0.0041467;0.012557;0.0052591;0.003761;0.00040805;0.0053827;0.0020949;0.0048663;0.0083557;0.0023755;0.00082825;0.045611;0.0075741;0.00063044;0.00090191;0.005191;0.043837;0.00023654;0.00014255;0.0011359;0.0044407;0.0017043;0.049516;0.0058396;0.0088619;0.047861;0.0056057;0.0069901;0.0045375;0.0013077;0.0014446;0.00024286;0.0087902;0.0021831;0.00086644;0.0045305;0.010409;0.0065531;0.044045;0.0092235;0.00097814;0.005035;0.0028782;0.0019585;0.00033663;0.042332;0.0042039;0.0028538
20;1.6728;0.24332;2;0.85;0.5;50;50;Euclidean(Average);0.0016589;0.043371;0.001752;0.041772;0.0012403;0.03735;0.0041453;0.0042214;0.0018841;0.0087186;0.00043237;0.0068242;0.042493;0.0047395;0.031535;0.00050108;0.03502;0.039631;0.0041515;0.00047126;0.025087;0.00070383;0.0093909;0.0019312;0.041344;0.004386;0.00067251;0.00055879;0.0057739;0.039682;0.018344;0.0012455;0.010202;0.001619;0.0013057;0.0091005;0.0035111;0.0051173;0.039628;0.0037939;0.0081362;0.0028177;0.0079252;0.0010216;0.0062698;0.00080412;0.0016446;0.0021025;0.006464;0.0033804;0.001231;0.042646;0.001393;0.0037535;0.0016825;6.563E-05;0.004044;0.00030196;0.0011854;9.5843E-05;0.0019147;0.0039937;0.039146;1.2698E-05;0.012249;0.0020022;0.0018128;0.037913;0.0068772;0.011509;0.0078827;0.00087345;0.018939;0.00090618;0.0035473;0.043013;0.0047511;0.0063245;0.00077093;0.00010518;0.028783;0.0016403;0.0041026;0.0093648;0.0026317;0.043682;0.00013214;0.041188;0.0022488;0.00194;0.012519;0.0022031;0.0045732;0.0048233;0.0027663;0.00058344
21;1.7288;0.25147;2;0.85;0.5;50;50;Euclidean(Average);0.00052162;0.0038037;0.00087514;0.0037165;0.00082732;0.0018705;0.00011571;0.0016309;0.00069994;0.003309;0.0011557;0.00017465;0.00053382;0.0018417;0.032156;0.0014354;0.041961;0.0016049;0.039245;0.0011454;0.0068991;0.0036837;0.00042906;0.0059933;0.0022601;0.0044609;0.00087251;0.00047557;0.0078789;0.00073618;0.0013692;0.040938;0.041194;0.037352;0.026341;0.0039675;0.0044297;0.0020002;0.041613;0.0026201;0.00016685;0.0029213;0.0011522;0.034831;0.0058117;0.038746;0.032788;0.0018383;0.0024657;0.0079436;1.9377E-05;0.0008093;0.0069107;0.034405;0.00091351;0.0025242;0.0058243;0.0032926;0.00037932;0.0024068;9.6715E-06;0.040402;0.00070613;0.0008951;0.0026478;0.00079039;0.0010423;0.00041088;0.0041745;0.00074179;0.014895;0.0019544;0.010207;0.00095318;0.039351;0.0029225;0.00033749;0.001873;0.0071257;0.039356;0.041612;0.00077918;0.0039361;0.0018727;0.034552;0.0013394;0.03926;0.040901;0.0033912;0.00089935;0.022472;0.036821;0.0026563;0.00058227;0.0010917;0.036749
22;1.6936;0.24575;2;0.85;0.5;50;50;Euclidean(GeometricAverage);0.0039569;0.0056662;0.0034044;0.00043941;0.00021195;0.0012755;0.0048009;0.041306;0.0012244;0.0017311;0.040674;0.0043525;0.0022503;0.0042754;0.0021298;4.177E-05;0.00096342;0.040755;0.039871;0.012241;0.042586;0.0067205;0.00091153;0.00055754;0.039322;0.0025516;0.00012896;0.039368;0.00072401;0.040273;0.0084988;0.0045467;0.00057773;0.017088;0.001053;0.042083;0.00041282;0.00092315;0.0014242;0.0027515;0.0014884;0.0015389;5.3678E-05;0.012022;0.00061131;0.00023875;0.00049631;0.002167;0.00085037;0.0044339;0.0040329;0.033057;0.0018314;0.031536;0.0053002;0.013103;0.0013737;0.00047679;8.3643E-05;0.0089543;0.0064621;0.0065087;0.0007472;0.0031989;0.04078;0.0052713;0.0025125;0.024035;0.036019;0.0025556;0.0024602;0.040279;0.0018798;0.0054528;0.00032274;0.01775;0.041894;0.0012136;0.0025058;0.008801;0.0012411;0.0017067;0.0064537;0.0056116;0.0011255;0.00046349;0.00078018;0.00055645;0.037367;0.038097;0.0021261;0.0080315;0.014341;0.042631;0.00045336;0.0006415
23;1.6736;0.24285;2;0.85;0.5;50;50;Euclidean(GeometricAverage);0.003409;0.0015916;0.0008202;0.034381;0.0095879;0.00025645;0.0088838;0.0049143;0.00037874;0.0023054;0.043373;0.0036965;0.043209;0.00015502;3.0049E-05;0.0013436;0.001775;0.043293;0.0021749;0.0022154;0.0057797;0.0099292;0.00031396;0.014778;0.044171;0.046256;0.0042853;0.004109;0.0008292;0.0074713;0.00040746;0.0011963;0.0035484;0.015057;0.00026648;0.0039034;0.0022713;0.00031082;0.00094317;0.0078845;0.033338;0.0021344;0.00027613;0.035373;0.0054943;0.0017511;0.0039005;0.0087481;0.00047415;0.0025487;0.0013099;0.0065659;0.014463;0.0070719;0.0015824;0.0039876;0.0011577;0.036682;0.016358;0.0084273;0.000382;0.0023272;0.045942;0.0021494;0.0048234;0.0028596;0.0029091;0.0066202;0.00024268;0.0019828;0.0068607;0.0019788;0.0072596;0.000187;0.044966;0.0028215;0.0092278;0.0035956;0.0036629;0.03872;0.040391;0.0052902;0.0099601;0.044634;0.0028282;0.001125;0.001202;0.0012626;0.028711;0.0043668;0.0038076;0.0015603;0.030838;0.044243;0.0056183;0.011496
24;1.7968;0.26072;2;0.85;0.5;50;50;Euclidean(GeometricAverage);0.047546;0.0047111;0.0031425;0.015866;0.007679;0.0051997;0.00024802;0.034788;0.00076621;0.046389;0.0029091;0.019804;0.0043222;0.042377;0.0021471;0.0014111;0.0014918;0.0036906;4.8546E-05;0.00139;0.001995;0.0033199;0.00093768;0.0033302;7.9182E-05;0.0062875;0.0050699;0.0002219;0.00071826;0.0025337;0.00015767;0.0019613;0.0013639;0.00060991;0.048401;0.00092847;0.039778;0.0038985;0.0011124;0.00116;0.00067879;0.0087044;0.0023043;0.00048983;0.002397;0.0045191;0.013714;0.043945;0.0058944;0.0046708;0.00010912;0.024902;0.048075;0.00034753;0.00057815;6.1172E-05;0.0061588;0.0015755;0.0007653;0.0039352;0.017955;0.00195;0.0061367;0.0010241;0.048615;0.0012598;0.00042299;0.04842;0.0028999;0.047717;0.0028941;0.0035962;0.048084;0.013904;0.029647;0.00084691;0.0055422;0.00057578;0.00071503;0.048622;0.00036829;0.045905;0.004618;0.0058413;0.0045788;2.0548E-05;0.048153;0.00096152;0.0035811;0.00020638;0.0023534;0.0011356;0.0014008;0.0023147;0.00026294;0.0038547
25;1.3181;0.14981;2;0.85;0.5;50;50;Euclidean(Minimum);0.00075872;0.00020039;0.023234;0.0010846;0.018385;0.022722;0.0029042;0.020415;0.0054901;4.0411E-05;0.0039378;0.014393;0.0042442;0.0063696;0.023788;0.020803;0.021664;0.015945;0.0038143;0.020742;0.021936;0.022088;0.0028804;0.00035172;0.023679;0.0036811;0.0038817;0.014993;3.9738E-05;0.021662;0.0026152;0.00083107;0.018607;0.011898;0.0098118;0.00049884;0.022337;0.022143;0.0023649;0.019958;0.023362;5.6247E-05;0.00082443;0.00039715;0.0027145;0.0093283;1.4894E-05;0.00093044;3.2383E-05;0.0011336;0.00042052;0.00072156;0.023389;0.023666;0.023521;0.0057493;0.0076795;0.023288;0.013265;0.00061267;0.023781;0.00055387;0.022764;0.0035554;0.0008695;0.00036883;0.0034849;0.023719;0.023886;0.00017043;0.020919;4.1592E-06;0.019944;0.00011334;0.0018129;0.00031393;0.0018578;0.016158;0.022912;0.011531;0.0026544;0.0024424;0.0058881;0.0090962;0.02126;0.016811;0.003574;0.0050634;0.022031;0.022299;0.0048251;0.00059508;0.00073478;0.019774;0.022882;0.023053
26;1.3619;0.15478;2;0.85;0.5;50;50;Euclidean(Minimum);0.00055772;0.022871;0.0026456;0.0083585;0.010792;0.023132;0.022438;0.024318;0.00075345;0.0030677;0.0081329;0.006768;0.027682;0.0024483;0.00093552;0.018544;0.00082499;0.0013141;0.0040973;0.0049784;0.0012204;0.0028686;0.0047207;0.019675;0.0029144;0.023057;0.0036877;0.013736;0.026288;0.01426;0.0045591;0.027212;0.027448;0.0023281;0.0052195;0.020882;0.00041433;0.00038776;0.00028954;0.00039715;0.0022269;0.00032152;0.0073122;0.00085482;0.0025089;0.0053054;0.0029781;0.0005647;0.00077767;0.0021504;0.0022013;0.027921;0.026204;0.0030582;0.002748;0.026709;0.0027535;0.010366;0.016864;0.023524;0.0057694;0.019178;0.0007515;0.023933;0.00037927;0.018242;0.00068138;0.00032634;0.024609;0.0005089;0.0022073;0.02488;0.0073915;0.0038656;0.025515;0.0020428;0.002579;0.0077567;0.0046091;0.01153;0.00036475;0.011093;0.027642;0.028219;0.012328;0.026661;0.00082879;0.024628;0.025055;0.024197;0.023923;0.0010984;0.022168;0.0077702;0.0083157;0.0053759
27;1.3481;0.15321;2;0.85;0.5;50;50;Euclidean(Minimum);0.02306;0.0044254;0.00016616;0.0041558;0.0072389;0.018927;0.0084833;0.013819;0.0021594;3.038E-05;0.00019768;0.0024787;0.024514;0.024847;0.0010007;0.0074606;0.0022126;0.016793;5.6162E-05;0.0026601;0.02658;0.001953;0.024035;0.010677;0.016392;0.0032113;0.0014254;0.0004742;0.0020458;0.00040484;0.0036744;0.0007141;0.025245;0.011501;0.026921;0.01302;0.025042;0.0040687;0.017807;3.4036E-06;0.0057031;0.027058;0.00048597;0.00090814;0.026771;0.0040601;0.022642;0.0013453;0.027228;0.0056763;0.00016043;0.00065951;0.0041704;0.024853;0.0071295;0.023524;0.018888;0.023798;0.0018337;0.024539;0.023619;0.0028336;0.0023796;0.00012478;0.0015208;0.00033793;0.020238;0.022924;0.027243;0.021725;0.00094015;0.00033153;0.023149;0.0014814;0.00084842;0.0011052;0.00096122;0.022272;0.0042195;0.00032101;0.0091511;0.003495;0.020429;0.0040987;0.023449;0.026375;0.0013045;0.027268;0.00030944;0.017333;0.0023565;0.00018013;0.026163;0.00088679;0.018122;0.0091874
28;1.6419;0.23903;2;0.85;0.5;50;50;Euclidean(Median);0.034439;0.0001627;0.00078118;0.0023412;0.010458;0.0026332;0.0012793;0.00063289;0.0032637;0.0031456;0.0023947;0.034184;0.039549;0.0024739;0.039776;0.0004113;0.00032795;0.0010469;0.029366;0.0015207;0.0053518;0.002548;0.0005664;0.001883;0.0028241;0.03899;0.0018713;0.0047926;0.00038293;0.0024874;0.0017617;0.00033882;0.022631;9.3355E-06;3.265E-05;0.0003558;0.0029785;0.035407;0.037484;0.0010445;0.0016015;0.00029396;0.00021865;0.0084662;0.036549;0.00047432;0.0038309;0.0018706;0.0058085;0.0031077;0.00038061;0.0018922;0.0090759;0.011624;0.0016614;0.0014622;0.0037291;0.0028928;0.039891;0.014932;0.0015791;0.004351;0.018085;0.03887;0.038053;0.0013673;0.0047324;0.010795;0.0035658;0.030788;0.0045009;0.011458;0.0025056;0.010914;7.6357E-05;0.0048883;0.0047114;0.0073465;0.0045923;0.00044158;0.013102;0.0057222;0.00026589;0.036745;0.037999;0.036928;0.0020497;0.039752;0.0023627;2.3739E-05;0.031854;0.034839;0.0028886;0.00062151;0.0020554;0.025478
29;1.7143;0.24957;2;0.85;0.5;50;50;Euclidean(Median);0.00086926;0.0002083;0.0082198;0.0068523;0.0044775;0.0058896;0.0023388;0.0059204;0.014191;0.0015749;0.010801;0.0051792;0.033406;0.01538;0.00087089;0.00024097;0.045236;0.00060261;0.0011505;0.0087376;0.025264;0.0014198;0.0013345;0.042846;0.00042153;0.00067519;0.0018218;0.0026667;0.0046374;0.0069188;0.038709;0.0015762;0.045621;0.00011818;0.0014599;0.0017442;0.0031648;0.00018884;0.0018103;0.044409;0.0058274;0.027814;0.042053;0.0018677;0.003799;0.0017968;0.00046288;9.3621E-05;0.045872;0.040703;0.00054743;0.001482;0.044371;0.0035486;0.0052346;0.01329;0.00082408;0.00099856;0.00065802;0.0070478;0.0019785;0.00067972;0.0014124;0.0065377;0.0021008;0.024131;0.0078751;0.0080925;0.00090884;0.0027737;0.0082256;0.0067203;0.0015645;0.00057185;0.0029658;4.8742E-05;0.0011192;0.0036246;0.039663;6.8567E-05;0.0042835;0.0085296;0.033694;0.0023199;0.044871;0.00061866;0.0032996;0.0017638;0.0014287;0.00050358;0.0029033;0.035722;0.0042047;0.036253;0.04372;0.0075782
30;1.7392;0.2532;2;0.85;0.5;50;50;Euclidean(Median);0.00054526;0.0023193;0.042957;0.041936;0.0028235;0.0020689;0.00010126;0.0051598;0.00032421;0.011052;0.0012964;0.00035351;0.0023931;0.014476;0.0018732;0.011193;0.002315;0.002024;0.0073139;0.017276;0.00014494;0.0019104;0.00061299;2.9985E-05;0.0086985;0.042747;0.0055351;0.0054946;0.041351;0.0062814;0.0088465;0.027551;0.0031233;0.037589;0.00035074;0.0074747;0.00051171;0.00012814;0.001919;6.3511E-06;0.005266;0.045521;0.032649;0.04316;0.010436;0.0085968;0.00068081;0.00050406;0.0030329;0.0037823;0.00097054;0.00056249;0.0018036;0.035443;0.00030872;0.0017308;0.0022843;0.00069557;0.033752;0.0041081;0.042744;0.00050683;0.0041359;0.002062;0.045062;0.045424;0.00088349;0.015212;9.0902E-05;9.2972E-05;0.0042958;0.00018808;0.04413;0.0016282;0.041655;0.0013035;0.0062242;0.0002134;0.0016084;0.0073523;0.0032562;0.0013078;0.040287;0.0025663;0.0073349;0.045559;0.0013944;0.0071572;0.000573;6.5289E-05;0.0010181;0.0012642;0.0017703;0.014737;0.00045301;0.0010462
31;2.1415;0.035432;2;0.85;0.5;50;50;Euclidean(MinimumTimesMedian);0.02654;0.0041503;0.0029449;0.003772;0.00070612;0.028269;0.025844;0.026815;0.0023725;0.0013551;0.0013629;0.00032245;0.014584;0.0078809;0.030146;0.0047123;0.015794;0.00019633;0.0013346;0.00043008;0.0039981;0.0065242;0.00012524;0.0018411;0.0025639;0.018337;0.026179;0.00050158;5.8354E-07;0.0018347;0.024007;0.00010992;0.029358;0.00027763;0.00028575;0.0023568;0.0074195;0.010128;0.019779;0.00059743;0.01461;0.00080008;0.0019277;0.0012033;0.029906;0.00099934;0.0001245;0.0017903;0.0027548;0.029445;0.0017686;0.017736;0.0035138;0.030389;0.022795;0.0032726;0.027456;0.0012108;0.0001105;0.02971;0.00079252;0.029308;0.0036485;0.0026716;0.0019848;0.025317;0.030781;0.00037787;0.0021792;0.024269;0.022215;0.030624;0.00099091;0.0022265;0.00013371;0.0031327;0.0050514;0.00053377;0.00033348;0.0050579;0.0051506;0.0021311;0.0046664;0.028492;0.029131;0.025621;0.00084969;0.030842;0.0097877;0.030879;0.019243;0.0035222;0.029497;0.0057247;0.0039889;0.0015656
32;2.227;0.036846;2;0.85;0.5;50;50;Euclidean(MinimumTimesMedian);0.00015957;0.033636;0.02055;0.0017646;0.030346;0.032132;0.033237;0.031133;0.0017494;0.004491;0.00058494;0.002368;0.0020158;0.0042507;0.031637;0.00065807;0.0024875;0.0069598;0.0026259;0.0016367;0.00029798;0.0011499;0.0021778;0.0027449;0.0011832;0.0050887;0.0075584;0.0013667;0.00069196;0.001273;0.027318;0.0010211;0.0011184;8.0003E-05;0.00032957;0.001352;0.002594;0.0010019;0.008107;0.0021941;0.0096502;0.015976;0.0013632;0.00052471;0.031806;0.034122;0.027478;0.0012682;0.0070339;0.035311;0.00022102;0.035315;0.0095797;0.00088193;0.0035191;0.0022925;0.013569;0.00016909;0.0040627;0.02424;0.015697;0.034735;0.00066222;5.881E-05;0.02963;0.0063523;0.033727;0.0048832;0.028952;0.017332;0.0026241;0.029172;0.032934;0.027916;0.0083571;0.00181;0.0021395;0.0004589;0.0005997;0.0015325;0.0012271;0.020098;0.00070344;0.032002;0.0054554;0.0075478;0.001496;0.033342;0.00064642;0.0013826;0.0062581;3.8394E-05;0.0031777;0.0032156;0.030626;0.0017537
33;2.3136;0.038279;2;0.85;0.5;50;50;Euclidean(MinimumTimesMedian);0.00039583;0.0011775;0.0025818;0.00099353;0.017788;0.030067;0.0019792;0.0011318;0.0018098;0.00040206;0.032143;0.0025408;0.0022623;0.002478;0.00072432;4.9582E-05;1.8336E-05;0.030375;0.033178;0.013202;0.031817;0.0057101;0.00071262;0.0027992;0.0012824;0.029504;0.00077089;0.0039545;0.0033815;0.027843;0.0072357;0.016472;0.0043322;0.0065256;0.0027533;0.001041;0.0012678;6.3568E-05;0.0010311;0.031246;0.0092432;0.0029767;0.027832;0.00020912;0.00081444;0.032701;0.0005072;0.030623;0.0028431;0.00031913;0.0034489;0.004236;0.0013655;0.030644;0.033655;0.0023568;0.02433;0.0034032;0.0012801;0.00024003;0.0027538;0.00061928;0.027756;0.0017348;0.0039661;0.031824;0.00051836;0.004914;0.0046783;0.032664;0.010006;0.029213;0.031592;0.0029716;0.0031591;0.0099095;0.030754;0.00053659;0.033316;0.00054148;0.032462;0.0013799;0.000794;0.002887;0.00023109;0.033027;0.0015524;0.031391;0.030876;8.517E-05;0.00045007;0.019578;0.011409;0.00083112;0.0010094;0.00053749
34;1.7847;318;2;0.85;0.5;50;50;Euclidean(Summation);0.0010657;0.0021058;0.048189;0.006453;0.0019716;0.0059218;0.039889;0.0015092;9.0988E-05;2.7018E-05;0.010878;0.018339;0.0024879;0.047565;0.0012848;0.0060548;0.0057718;0.00014707;0.0017419;0.043552;0.0012798;0.001886;0.001377;0.01446;0.0010724;0.004836;0.0052749;0.0095734;0.00075558;0.0062599;0.0012084;0.00010252;0.0011059;0.0013921;0.0082866;0.00048479;8.1288E-05;0.00071227;0.0013514;0.00024843;0.0019998;0.00012252;0.00036586;0.0079053;0.0023086;0.0012379;0.047941;0.00098766;0.033146;0.048108;0.0070036;0.0024023;0.0037175;0.0023537;0.0035884;0.0058225;0.0039785;0.00011864;0.0053904;0.01419;0.0038864;0.044448;0.037951;0.00021916;0.0004745;3.3813E-05;0.00083905;0.0067337;0.0023097;0.002643;0.0044622;0.0027474;0.00023588;0.0036917;0.047619;0.0090851;0.00034792;0.00030956;0.045421;0.0017328;0.045371;0.00099658;0.047899;0.0041854;0.046285;0.040559;0.01282;0.0063195;0.0060014;0.00097781;0.0031646;0.0042964;0.041456;0.0070647;0.015909;0.0020196
35;1.7993;320.61;2;0.85;0.5;50;50;Euclidean(Summation);8.079E-05;0.0048112;0.0093469;0.017551;0.053369;0.047471;0.044484;0.0033482;0.010841;0.053127;0.007385;0.00064264;0.001539;0.0034241;0.0068345;0.00017097;0.0024902;0.0026036;0.0029354;0.00072199;0.0053641;0.001425;2.5948E-05;0.0034526;1.2162E-05;0.00033241;0.01749;0.0047355;0.01413;0.050091;0.0071344;0.00037655;0.00032462;6.5366E-05;0.00017425;1.7691E-05;0.010136;0.0016737;0.051583;0.0021343;0.0001502;0.0041704;0.012296;0.044573;0.0037089;0.001751;0.050515;0.0060289;0.0013758;0.00051627;0.00015187;0.0023913;0.052657;0.002008;0.0057534;0.0037365;1.8136E-05;0.0023303;0.047918;0.0026339;0.0017173;8.0023E-05;0.0018832;0.00041057;0.00188;0.010234;0.0010979;0.0027829;0.0013786;0.039228;0.0045635;0.0056782;0.0010927;0.01203;8.1236E-05;0.000398;0.043073;0.018123;0.00098209;0.0196;0.0022703;0.05334;0.010872;0.00092479;0.020353;0.0027483;0.0080953;0.0031123;0.0047967;0.019818;3.2239E-05;0.00056969;0.0055851;0.0013622;0.0071072;0.0041549
36;1.916;341.41;2;0.85;0.5;50;50;Euclidean(Summation);0.0025667;0.0055158;0.00037997;0.0012506;0.001102;0.0040717;0.0013905;0.0041823;0.0028262;0.0031799;0.0028768;0.001414;9.0979E-05;0.00055542;0.0050841;0.015352;0.0022138;0.00044434;0.051684;0.001805;0.00029931;0.0070313;0.00068137;0.00094292;0.0047694;0.00085621;0.048293;0.00045866;0.00046968;0.00059246;0.0028457;0.0010318;0.0012633;0.0011756;0.005238;0.0024534;0.0014231;0.0050401;0.0021009;0.0068644;0.052571;0.00045749;0.0030428;0.00089482;0.005798;0.0035451;0.0069715;0.051709;0.0081587;0.00043522;0.0048376;0.00042276;0.0014175;0.0053073;0.050128;0.0053991;0.014856;0.00037896;0.05006;0.052387;0.0070783;0.046628;0.0085282;0.051172;0.050457;0.0019681;0.002308;0.00070017;0.0052509;0.00797;0.0004277;0.0070255;0.00047969;0.0070065;0.0029222;0.052931;0.0033077;0.0028574;0.039661;0.04705;0.0011417;0.0014975;0.0011333;0.00011746;0.014047;0.050084;0.0029871;0.0027785;0.00063495;0.0001851;0.052277;4.428E-05;0.0018381;0.00016764;0.004344;0.00039694
differential evolutions parameters, by distance
i;dDE / dP;distance;type;parentWeight;crossover;population;iterations;distance;weights ->
1;1.0034;1.0782;2;0.85;0.5;50;50;Manhattan(GeometricAverage);0.0010177;0.002412;0.0030974;0.0013549;0.0022685;0.0076297;0.010682;0.0066437;9.5416E-05;0.0011848;0.017644;0.0036376;0.020179;0.0001046;0.00040824;2.0446E-05;0.00013016;0.00014543;0.017195;0.0016248;0.00022833;0.00043225;0.00012334;0.0022033;5.285E-05;0.017666;3.5867E-05;0.011109;0.01635;0.0078546;0.0039383;0.013513;0.00079731;0.016031;0.00029295;0.017857;0.00075082;0.015494;0.0021909;0.0033883;0.00095511;0.00012176;0.00025766;0.00082463;0.0043355;0.0048865;0.01628;0.0060974;0.020265;0.021289;0.0067986;0.0064423;0.020927;0.018618;0.020408;0.021626;0.020321;0.010066;0.022458;0.019004;0.0195;0.022516;0.019304;0.021496;0.0077722;0.014492;0.021959;0.013635;0.015733;0.012841;0.022172;0.013534;0.0072565;0.018651;0.0077731;0.0051341;0.0070067;0.020225;0.018534;0.0031446;0.019037;0.0026011;0.019995;0.0040212;0.014179;0.019407;0.011407;0.015062;0.022416;0.020604;0.020686;0.018239;0.017631;0.017228;0.0088188;0.0062202
2;1.0035;1.0782;2;0.85;0.5;50;50;Manhattan(GeometricAverage);0.0011378;0.0010489;0.0018336;0.0022584;0.0067299;0.0019156;0.0035844;0.012701;0.00059212;0.00016986;0.0019947;0.00032114;0.023473;0.010017;0.00056983;0.0001502;0.0024672;1.7576E-05;0.013505;0.0010683;0.0010163;9.0999E-05;0.0010091;0.00017031;0.0014244;0.017285;0.00018304;4.6403E-05;0.0082252;0.01475;0.0088297;0.0014294;0.0089709;0.0023899;0.013808;0.002661;0.0012208;0.020808;0.00097663;0.0031222;0.00016176;0.0061302;0.00055801;0.0023689;0.0015508;3.5215E-05;0.019783;0.00022673;0.012491;0.018392;0.022844;0.011758;0.011253;0.021396;0.020762;0.021166;0.017494;0.0013607;0.0204;0.01953;0.01505;0.020235;0.017497;0.01883;0.012883;0.022828;0.02318;0.013265;0.015753;0.015883;0.023674;0.023272;0.0016913;0.0086648;0.016546;0.014816;0.022137;0.0059204;0.017573;0.0005478;0.014606;0.0088498;0.0051051;0.011307;0.01983;0.022543;0.016837;0.021808;0.016459;0.019677;0.020079;0.01691;0.0213;0.018393;0.019209;0.013206
3;1.0036;1.0783;2;0.85;0.5;50;50;Manhattan(GeometricAverage);0.0023087;0.00077948;0.0055162;0.0026218;0.0034745;0.0084893;0.013676;0.014353;1.4559E-05;0.00051254;0.0151;0.0001553;0.021092;0.017993;0.0022304;0.0016322;0.0010081;0.00020882;0.013092;0.00010681;0.00027281;0.0019864;7.3026E-05;0.0061844;0.00097603;0.018217;0.0020399;0.0045502;0.010424;0.019604;0.012987;0.0080666;6.4832E-05;0.013912;0.0006049;0.0049348;2.5114E-05;0.023266;0.00027344;0.0065589;0.0010295;0.00027917;0.0017275;0.0013106;0.00095924;0.0016632;0.022107;0.0021765;0.0082393;0.020493;0.012653;0.010355;0.013927;0.017726;0.015587;0.022713;0.01905;0.018223;0.02298;0.00045645;0.015193;0.019984;0.019727;0.017767;0.0032391;0.016987;0.020846;0.018749;0.023541;0.021374;0.019879;0.023201;0.00072622;0.014496;0.0090016;0.018458;0.012934;0.011839;0.022146;0.0011877;0.022803;0.00092816;0.014987;0.0058676;0.014397;0.020935;0.0032803;0.011912;0.017349;0.011005;0.017154;0.014682;0.018462;0.009769;0.023508;0.0086455
4;1.0038;1.0794;2;0.85;0.5;50;50;Manhattan(Average);0.00091721;0.00052942;0.0024639;0.0005239;0.00085165;0.0011029;0.00063892;0.0079774;0.00012845;0.00022495;0.0080531;0.0007037;0.015499;0.01154;0.01512;0.0001922;0.0012558;5.8374E-05;0.018631;0.0019035;0.00040007;0.00033954;0.00017457;0.0012906;0.002136;0.016395;0.0026761;0.0012153;0.013123;0.0056754;0.01462;0.0090513;0.011522;0.0047958;0.00089431;0.0089792;0.00018678;0.022788;0.0012868;0.005689;0.00097923;0.0010801;0.0006466;0.0009694;0.002283;0.00038339;0.01002;0.0011247;0.012999;0.021256;0.024312;0.016488;0.022341;0.021062;0.020689;0.021576;0.009172;0.0085333;0.02136;0.0079455;0.021005;0.019582;0.014956;0.021063;0.007711;0.022868;0.020262;0.015563;0.016926;0.016924;0.020544;0.003183;0.0015321;0.022128;0.023288;0.019717;0.0055387;0.0039;0.017043;0.0034061;0.012747;0.015975;0.010417;0.011524;0.02083;0.023001;0.01995;0.020437;0.022456;0.0075998;0.022221;0.018334;0.015333;0.011974;0.020428;0.01286
5;1.0038;1322.3;2;0.85;0.5;50;50;Manhattan(Summation);0.0022798;0.0029684;0.0078723;0.0012091;0.00044993;0.0024056;0.011695;0.0015651;0.0002875;5.5923E-05;0.0044046;0.0043212;0.0053173;0.011368;0.0061135;0.00085275;0.0090621;0.00024126;0.0030507;0.0014929;0.00026566;0.00065222;0.00032216;0.00045863;0.0015368;0.012915;0.0067039;0.0011544;0.0091708;0.015987;0.0050734;0.011477;0.0045775;0.010041;0.0035325;0.0040816;6.241E-05;0.022773;0.00086985;0.0006372;0.00076145;0.00025309;0.0011724;0.0032828;0.00086438;0.00062367;0.0087889;0.00017611;0.020003;0.023595;0.013651;0.012287;0.023799;0.017342;0.017667;0.024951;0.019694;0.020687;0.0096068;0.010312;0.021834;0.022244;0.023461;0.022299;0.0043645;0.020178;0.024464;0.016097;0.020706;0.021586;0.021836;0.003629;0.0013924;0.022119;0.024592;0.01302;0.006716;0.0044555;0.021615;0.0017259;0.022938;0.0051739;0.01626;0.012616;0.010041;0.024884;0.011825;0.0084027;0.023548;0.019215;0.020477;0.016897;0.022767;0.021073;0.02397;0.002757
6;1.0039;1322.4;2;0.85;0.5;50;50;Manhattan(Summation);0.00034496;0.00014433;0.0009281;0.00065559;0.0010938;0.0055745;0.02281;0.017792;0.0001066;0.00032571;0.0021424;3.1368E-05;0.021899;0.0077822;0.0029971;2.3541E-05;0.0017756;0.00013475;0.009763;0.0043249;0.00013776;0.0029273;0.00013057;0.00056077;5.5235E-05;0.021736;0.003187;0.0032293;0.023442;0.014716;0.011414;0.018956;0.0051127;0.0053043;0.00030153;0.0010267;0.0016762;0.02335;0.00050392;0.0012876;0.00018859;0.00051916;0.00018636;0.0013008;0.00040415;0.0012047;0.023319;0.00054651;0.020704;0.019556;0.010486;0.019896;0.0069251;0.0059794;0.021436;0.022861;0.02178;0.0065391;0.018665;0.0033755;0.02304;0.021274;0.015868;0.022893;0.0071307;0.023372;0.023088;0.019999;0.014755;0.023549;0.015721;0.00010795;9.4283E-05;0.019829;0.0044026;0.013755;0.022055;0.014318;0.010737;0.0017754;0.02155;0.0029497;0.019236;0.0094583;0.014669;0.021151;0.0198;0.0044631;0.022227;0.018719;0.021524;0.016992;0.022616;0.02367;0.0046263;0.013008
7;1.004;1.0796;2;0.85;0.5;50;50;Manhattan(Average);0.0022734;0.00030828;0.0037906;0.0016266;0.0004657;0.00068322;0.0059457;0.00028858;0.00011733;0.0013095;0.020541;0.00018017;0.016586;0.022757;0.00034133;0.00018858;0.0021536;4.7166E-05;0.0021607;0.0029991;0.00134;6.3968E-05;0.00032712;0.0006599;0.0011635;0.0092727;0.0026534;0.0060564;0.0047285;0.019744;0.0027842;0.01227;0.00067175;0.012666;0.0025407;0.0019483;0.00010232;0.019348;0.0025626;0.0026864;0.00053223;0.0003934;0.0035001;0.00082629;0.0010601;0.00038154;0.0027651;0.0024333;0.016778;0.023529;0.0097502;0.0083317;0.021322;0.02428;0.018489;0.024119;0.016031;0.0061275;0.024305;0.001988;0.023902;0.023793;0.022204;0.024795;0.0022818;0.024507;0.024514;0.025221;0.020325;0.016473;0.022752;0.01837;0.0039857;0.0053603;0.018924;0.0046096;0.018169;0.014432;0.0003314;0.0013943;0.017723;0.0095608;0.017804;0.007367;0.021266;0.023671;0.01958;0.023552;0.02132;0.0029082;0.024678;0.023679;0.014801;0.024099;0.017111;0.019242
8;1.004;1322.5;2;0.85;0.5;50;50;Manhattan(Summation);0.0013776;0.0019959;0.0059954;0.00016819;0.00011747;0.0013177;0.016911;0.00022688;6.2596E-05;0.00023792;0.0051938;0.00077775;0.019385;0.0066294;0.00062272;0.00040577;0.0021252;0.00065879;0.020438;0.0019076;0.00017346;0.00032363;3.2202E-05;0.00046756;0.0013219;0.02068;0.0018468;0.0024356;0.0086818;0.0068421;0.0024686;0.0084531;0.0013079;0.010441;0.00062065;0.0032648;0.00021839;0.021421;0.00029729;0.0037126;0.00045448;0.00029825;0.00031753;0.0020531;0.0016688;0.0002837;0.0076926;0.00099564;0.016529;0.021931;0.018463;0.017656;0.02078;0.013698;0.010167;0.02043;0.0096859;0.01195;0.020704;0.014996;0.018813;0.019462;0.016249;0.022618;0.00039098;0.022859;0.02211;0.0027124;0.021228;0.01864;0.020231;0.016654;0.0006477;0.01566;0.015613;0.0066716;0.019124;0.006587;0.021668;7.766E-06;0.020135;0.022749;0.021814;0.011429;0.022514;0.02203;0.01867;0.022426;0.021819;0.019792;0.020765;0.017393;0.021172;0.02099;0.019514;0.01652
9;1.0041;1.0797;2;0.85;0.5;50;50;Manhattan(Average);0.00080843;0.0025276;0.0011552;0.0012428;0.00015755;0.0046857;0.00011643;0.0017361;6.2565E-05;0.00056827;0.0022123;0.0013907;0.014261;0.0025395;0.00045304;0.00059639;0.0032507;0.00043389;0.0052801;0.0017201;0.0018952;0.0010294;9.4988E-05;0.0007111;0.0033705;0.023639;0.019185;0.0034051;0.011515;0.0079508;0.020505;0.011045;0.0010455;0.013535;0.00048561;0.0042491;0.00023394;0.020934;0.00090139;0.002287;0.00052205;0.00030946;4.1215E-06;0.0027306;0.0025839;0.00049706;0.025309;0.0025924;0.024146;0.019376;0.0053899;0.0074235;0.022316;0.020042;0.02527;0.025439;0.019387;0.0091335;0.018356;0.0050898;0.017315;0.020378;0.0060603;0.024957;0.0027251;0.025339;0.02364;0.021247;0.020353;0.017365;0.020394;0.0062253;0.00084413;0.018894;0.016165;0.004918;0.012051;0.0075572;0.023475;0.00075954;0.021935;0.00097455;0.022131;0.00019495;0.02157;0.02496;0.015884;0.022934;0.025057;0.025059;0.023877;0.024678;0.0064607;0.013662;0.025245;0.0055815
10;1.0074;1.0832;2;0.85;0.5;50;50;Manhattan(Median);0.003169;0.010977;0.011596;0.0022817;0.010858;0.0085738;0.0036946;0.0071548;0.0069247;0.0047057;0.010451;0.0031703;0.0073871;0.015867;0.019019;0.0043081;0.0052996;0.0027594;0.018093;0.018307;0.013997;0.0084305;0.0089167;0.015128;0.01006;0.0061713;0.0076296;0.0073008;0.0019834;0.019232;0.0049237;0.015103;0.015088;0.018774;0.00049152;0.014187;0.0080232;0.01133;0.002019;0.0067675;0.010085;0.0018145;0.012433;0.0077791;0.0072042;0.011077;0.0066845;0.015252;0.0047241;0.020746;0.0046258;0.0068325;0.0023108;0.0066536;0.0015672;0.0042178;0.01637;0.016898;0.010805;0.0101;0.0037126;0.0064904;0.019624;0.0028887;0.011445;0.0059832;0.014862;0.020483;0.0082412;0.019742;0.0036689;0.0048655;0.018102;0.014309;0.0079904;0.020481;0.017972;0.012029;0.011963;0.014542;0.017935;0.0021867;0.010832;0.013932;0.0019367;0.016601;0.014635;0.012569;0.010642;0.021222;0.02025;0.019041;0.018973;0.0043242;0.010495;0.016695
11;1.009;1.0848;2;0.85;0.5;50;50;Manhattan(Median);0.0069618;0.010102;0.0091061;0.0066768;0.013966;0.018425;0.0087226;0.019272;0.015298;0.0021558;0.012538;0.001824;0.018562;0.016246;0.0072175;0.005756;0.0082499;0.00084208;0.018029;0.013533;0.020453;0.0017844;0.0018165;0.0057858;0.0014061;0.0115;0.006647;0.0094144;0.018373;0.0023313;0.011647;0.0070358;0.015228;0.019641;0.0099291;0.0091157;0.0084241;0.016654;0.0034579;0.0014072;0.0077287;0.0031789;0.018596;0.010937;0.014054;0.00054815;0.0064858;0.013198;0.00087305;0.020872;0.019149;0.0045282;0.015646;0.005209;0.020763;0.014971;0.022082;0.020132;0.0050658;0.004913;0.0024101;0.015491;0.021984;0.0055166;0.011648;0.0060439;0.019669;0.0032977;0.0051052;0.01771;0.0055481;0.0041147;0.0097833;0.013253;0.0047474;0.022353;0.012289;0.0091515;0.0094413;0.014157;0.012805;0.00093735;0.00021989;0.0059679;0.017254;0.021772;0.012343;0.00064775;0.017899;0.017181;0.00063692;0.018557;0.016284;0.002277;0.0050072;0.01203
12;1.0096;1.0856;2;0.85;0.5;50;50;Manhattan(Median);0.0051508;0.019792;0.0075124;0.002914;0.021159;0.018385;0.019466;0.015084;0.0012631;0.0069427;0.019261;0.019092;0.017232;0.0046527;0.013941;0.001276;0.00044253;0.0014888;0.016268;0.0106;0.012985;0.0001727;0.010972;0.009126;0.015063;0.010158;0.017878;0.0059534;0.013769;0.016627;0.017318;0.013206;0.0035691;0.011958;0.011116;0.013021;0.012596;0.007335;0.00097627;0.011593;0.0094953;0.00041063;0.0041202;0.0049282;0.0067938;0.00027062;0.0031938;0.0057596;0.0044666;0.019755;0.012591;0.020401;0.01395;0.011177;0.0076055;0.0033874;0.009315;0.018634;0.0048516;0.012899;0.020681;0.01913;0.0035085;0.0073857;0.016558;0.0010206;0.014724;0.019236;0.0022077;0.022159;0.0074957;0.0026526;0.0048674;0.013351;0.014301;0.015633;0.0036921;0.021318;0.011399;0.0081292;0.020026;0.0019;0.0082825;0.0067907;0.0039544;0.0016622;0.0093259;0.0035135;0.012704;0.021106;0.016464;0.020167;0.0051517;0.016495;0.0084998;0.0031852
13;1.0396;1.0451;2;0.85;0.5;50;50;Manhattan(MinimumTimesMedian);0.0064726;0.01117;0.01338;0.014902;0.011547;0.016689;0.011508;0.012472;0.0021801;0.015415;0.0059458;0.014142;0.01543;0.011146;0.017457;0.015184;0.015686;0.0080532;0.018108;0.010028;0.00030785;0.010955;0.011747;0.0086905;0.018373;0.012081;0.0044388;0.0078548;0.0037522;0.001028;0.0032544;0.011424;0.0084443;0.0008658;0.011968;0.0017648;0.0029682;0.011285;0.012255;0.014995;0.014604;0.010164;0.014504;0.010544;0.0024117;0.0047431;0.018404;0.0023407;0.0091374;0.016618;0.015899;0.014614;0.0041257;0.0052234;0.0083295;0.0086772;0.018909;0.012963;0.0094244;0.0070865;0.0017691;0.018766;0.0048637;0.010496;0.015422;0.018216;0.014036;0.016203;0.011574;0.0086075;0.00065209;0.0014619;0.003983;0.010887;0.0071744;0.007289;0.018934;5.651E-05;0.0098917;0.0072886;0.01369;0.0093757;0.0089259;0.013649;0.015533;0.018963;0.01557;0.018316;0.017568;0.01583;0.018977;0.0089282;0.0030788;0.0057648;0.011716;0.0024509
14;1.0425;0.97482;2;0.85;0.5;50;50;Manhattan(Minimum);0.010297;0.011949;0.0069701;0.013808;0.01672;0.013098;0.0079246;0.013282;0.0084058;0.0049972;0.016437;0.013615;0.017603;0.00053412;0.01119;0.003061;0.0066365;0.0024877;0.011181;0.0074694;0.001388;0.003372;0.015984;0.0038238;0.0067698;0.017782;0.0038348;0.010712;0.013446;0.010428;0.015599;0.0094587;0.014464;0.014694;0.016117;0.0066064;0.01174;0.016814;0.0052469;0.015439;0.012477;0.0022258;0.013844;0.014744;0.0069796;0.016205;0.0081213;0.010511;0.0093212;0.011315;0.0010313;0.014319;0.010478;0.017058;0.012117;0.0033051;0.01583;0.0054765;0.0097901;0.0097717;0.0014047;0.012782;0.01463;0.014978;0.0067609;0.0013242;0.017428;0.0077239;0.014599;0.014019;0.014538;0.0070587;0.016306;0.013601;0.015076;0.0021812;0.013799;0.01231;0.0062715;0.0076221;0.011177;0.0030972;0.016692;0.014806;0.012295;0.0094814;0.0074157;0.0076004;0.013408;0.015999;0.01688;0.0062699;0.012907;0.0069111;0.011797;0.0025433
15;1.0427;0.97493;2;0.85;0.5;50;50;Manhattan(Minimum);0.0084906;0.01157;0.011193;0.0081961;0.0030517;0.01254;0.010427;0.017199;0.0039123;0.0061185;0.003527;0.013801;0.016909;0.0081172;0.012105;0.014178;0.0026858;0.009459;0.011667;0.0020834;0.009739;0.0061646;0.016641;0.011515;0.017067;0.0066861;0.007715;0.012905;0.010512;0.005841;0.0064131;0.012623;0.0072089;0.015438;0.01236;0.006918;0.0035329;0.015282;0.0045542;0.016537;0.015106;0.0089433;0.010829;0.011899;0.00446;0.010917;0.017642;0.012414;0.013788;0.014473;0.0053167;0.01796;0.0021813;0.0073928;0.017614;0.018028;0.0042351;0.014633;0.013588;0.015099;0.0031939;0.016191;0.0031984;0.0096798;0.0047924;0.011387;0.010379;0.01172;0.017323;0.016934;0.015762;0.010144;0.0045823;0.013544;0.0052459;0.0017947;0.018643;0.0065989;0.013388;0.0056883;0.015274;0.0058558;0.010375;0.016073;0.016414;0.0075767;0.0046902;0.014479;0.016311;0.0078455;0.011556;0.0029222;0.010142;0.015522;0.0087882;0.0065838
16;1.0436;0.97579;2;0.85;0.5;50;50;Manhattan(Minimum);0.005522;0.013912;0.018232;0.015879;0.0081222;0.017633;0.0017363;0.012344;0.0040054;0.01092;0.0033326;0.0080046;0.012625;0.015006;0.015185;0.0017309;0.0065717;0.004953;0.013766;0.016172;0.013002;0.017652;0.0088541;0.010516;0.0039654;0.013662;0.017072;0.011835;0.0039327;0.0098169;0.0085153;0.013393;0.019926;0.0089529;0.0038739;0.00029073;0.0015661;0.018406;0.0018157;0.017545;0.0061251;0.0093765;0.010297;0.0016268;0.003145;0.00080138;0.010549;0.012559;0.018864;0.008857;0.010555;0.012012;0.0080897;0.0096018;0.0092898;0.011043;0.012928;0.0017783;0.016264;0.018577;0.0021218;0.017004;0.011659;0.013079;0.014017;0.011328;0.0049409;0.0040345;0.017877;0.003107;0.011309;0.0092994;0.0067398;0.015586;0.017918;0.0068464;0.0090091;0.012775;0.010357;0.0040066;0.018738;0.018997;0.00038338;0.016005;0.01009;0.0078373;0.0039556;0.021107;0.015953;0.012624;0.01497;0.00092234;0.019623;0.0098552;0.013079;0.01026
17;1.0438;1.0494;2;0.85;0.5;50;50;Manhattan(MinimumTimesMedian);0.015255;0.015951;0.0063093;0.013129;0.0061963;0.016989;0.0040568;0.015124;0.0019019;0.0091224;0.017035;0.00604;0.018492;0.006677;0.0012447;0.0013819;0.0094297;0.00093003;0.017205;0.014508;0.0019655;0.01335;0.010529;0.0050521;0.0076865;0.0084429;0.0083341;0.0085048;0.010153;0.0012485;0.0037974;0.0064705;0.0073227;0.011968;0.0070469;0.0087697;0.0027659;0.0089424;0.0024295;0.010349;0.015387;0.017695;0.0045251;0.0078335;0.01436;0.015188;0.0071341;0.015737;0.013644;0.013828;0.0031567;0.01591;0.016023;0.014003;0.007417;0.0062228;0.013801;0.0062012;0.012487;0.0081297;0.014337;0.014386;0.0034209;0.013693;0.01995;0.0068124;0.011747;0.0014846;0.018818;0.011815;0.0045977;0.011267;0.01581;0.0096739;0.013182;0.00052584;0.017809;0.01292;0.014469;0.0087002;0.014951;0.0084289;0.013531;0.01519;0.01472;0.01228;0.0037058;0.011109;0.015741;0.016678;0.016166;0.012786;0.014821;0.017441;0.012132;0.0041126
18;1.0442;1.0498;2;0.85;0.5;50;50;Manhattan(MinimumTimesMedian);0.015083;0.0040065;0.0025961;0.020613;0.0026082;0.014801;0.016408;0.018898;0.014351;0.010544;0.017697;0.01776;0.012591;0.01214;0.0062696;0.011548;0.0089909;0.0034927;0.0098654;0.007298;0.0028054;0.013731;0.012011;0.00065834;0.017968;0.017827;0.0057277;0.0038681;0.013874;0.0089747;0.012664;0.010014;0.016115;0.0041065;0.016266;0.0020117;0.010142;0.010063;0.0051338;0.0076872;0.011505;0.015484;0.013116;0.0044269;0.0098004;0.009977;0.0030871;0.016568;0.018053;0.0094496;0.0037522;0.012406;0.0053089;0.01256;0.011301;0.0097119;0.010404;0.012722;0.0076399;0.016475;0.010108;0.013159;0.006018;0.010572;0.0073398;0.011304;0.0021262;0.015876;0.013939;0.012241;0.0064146;0.0078295;0.016625;0.005086;0.0077088;0.0042638;0.012545;0.0045499;0.011907;0.0039743;0.01634;0.006869;0.013432;0.019677;0.01739;0.0058151;0.013447;0.010913;0.019172;0.0018725;0.020211;0.0035032;0.013242;0.0095905;0.011701;0.00028064
19;1.3181;0.14981;2;0.85;0.5;50;50;Euclidean(Minimum);0.00075872;0.00020039;0.023234;0.0010846;0.018385;0.022722;0.0029042;0.020415;0.0054901;4.0411E-05;0.0039378;0.014393;0.0042442;0.0063696;0.023788;0.020803;0.021664;0.015945;0.0038143;0.020742;0.021936;0.022088;0.0028804;0.00035172;0.023679;0.0036811;0.0038817;0.014993;3.9738E-05;0.021662;0.0026152;0.00083107;0.018607;0.011898;0.0098118;0.00049884;0.022337;0.022143;0.0023649;0.019958;0.023362;5.6247E-05;0.00082443;0.00039715;0.0027145;0.0093283;1.4894E-05;0.00093044;3.2383E-05;0.0011336;0.00042052;0.00072156;0.023389;0.023666;0.023521;0.0057493;0.0076795;0.023288;0.013265;0.00061267;0.023781;0.00055387;0.022764;0.0035554;0.0008695;0.00036883;0.0034849;0.023719;0.023886;0.00017043;0.020919;4.1592E-06;0.019944;0.00011334;0.0018129;0.00031393;0.0018578;0.016158;0.022912;0.011531;0.0026544;0.0024424;0.0058881;0.0090962;0.02126;0.016811;0.003574;0.0050634;0.022031;0.022299;0.0048251;0.00059508;0.00073478;0.019774;0.022882;0.023053
20;1.3481;0.15321;2;0.85;0.5;50;50;Euclidean(Minimum);0.02306;0.0044254;0.00016616;0.0041558;0.0072389;0.018927;0.0084833;0.013819;0.0021594;3.038E-05;0.00019768;0.0024787;0.024514;0.024847;0.0010007;0.0074606;0.0022126;0.016793;5.6162E-05;0.0026601;0.02658;0.001953;0.024035;0.010677;0.016392;0.0032113;0.0014254;0.0004742;0.0020458;0.00040484;0.0036744;0.0007141;0.025245;0.011501;0.026921;0.01302;0.025042;0.0040687;0.017807;3.4036E-06;0.0057031;0.027058;0.00048597;0.00090814;0.026771;0.0040601;0.022642;0.0013453;0.027228;0.0056763;0.00016043;0.00065951;0.0041704;0.024853;0.0071295;0.023524;0.018888;0.023798;0.0018337;0.024539;0.023619;0.0028336;0.0023796;0.00012478;0.0015208;0.00033793;0.020238;0.022924;0.027243;0.021725;0.00094015;0.00033153;0.023149;0.0014814;0.00084842;0.0011052;0.00096122;0.022272;0.0042195;0.00032101;0.0091511;0.003495;0.020429;0.0040987;0.023449;0.026375;0.0013045;0.027268;0.00030944;0.017333;0.0023565;0.00018013;0.026163;0.00088679;0.018122;0.0091874
21;1.3619;0.15478;2;0.85;0.5;50;50;Euclidean(Minimum);0.00055772;0.022871;0.0026456;0.0083585;0.010792;0.023132;0.022438;0.024318;0.00075345;0.0030677;0.0081329;0.006768;0.027682;0.0024483;0.00093552;0.018544;0.00082499;0.0013141;0.0040973;0.0049784;0.0012204;0.0028686;0.0047207;0.019675;0.0029144;0.023057;0.0036877;0.013736;0.026288;0.01426;0.0045591;0.027212;0.027448;0.0023281;0.0052195;0.020882;0.00041433;0.00038776;0.00028954;0.00039715;0.0022269;0.00032152;0.0073122;0.00085482;0.0025089;0.0053054;0.0029781;0.0005647;0.00077767;0.0021504;0.0022013;0.027921;0.026204;0.0030582;0.002748;0.026709;0.0027535;0.010366;0.016864;0.023524;0.0057694;0.019178;0.0007515;0.023933;0.00037927;0.018242;0.00068138;0.00032634;0.024609;0.0005089;0.0022073;0.02488;0.0073915;0.0038656;0.025515;0.0020428;0.002579;0.0077567;0.0046091;0.01153;0.00036475;0.011093;0.027642;0.028219;0.012328;0.026661;0.00082879;0.024628;0.025055;0.024197;0.023923;0.0010984;0.022168;0.0077702;0.0083157;0.0053759
22;1.6419;0.23903;2;0.85;0.5;50;50;Euclidean(Median);0.034439;0.0001627;0.00078118;0.0023412;0.010458;0.0026332;0.0012793;0.00063289;0.0032637;0.0031456;0.0023947;0.034184;0.039549;0.0024739;0.039776;0.0004113;0.00032795;0.0010469;0.029366;0.0015207;0.0053518;0.002548;0.0005664;0.001883;0.0028241;0.03899;0.0018713;0.0047926;0.00038293;0.0024874;0.0017617;0.00033882;0.022631;9.3355E-06;3.265E-05;0.0003558;0.0029785;0.035407;0.037484;0.0010445;0.0016015;0.00029396;0.00021865;0.0084662;0.036549;0.00047432;0.0038309;0.0018706;0.0058085;0.0031077;0.00038061;0.0018922;0.0090759;0.011624;0.0016614;0.0014622;0.0037291;0.0028928;0.039891;0.014932;0.0015791;0.004351;0.018085;0.03887;0.038053;0.0013673;0.0047324;0.010795;0.0035658;0.030788;0.0045009;0.011458;0.0025056;0.010914;7.6357E-05;0.0048883;0.0047114;0.0073465;0.0045923;0.00044158;0.013102;0.0057222;0.00026589;0.036745;0.037999;0.036928;0.0020497;0.039752;0.0023627;2.3739E-05;0.031854;0.034839;0.0028886;0.00062151;0.0020554;0.025478
23;1.6728;0.24332;2;0.85;0.5;50;50;Euclidean(Average);0.0016589;0.043371;0.001752;0.041772;0.0012403;0.03735;0.0041453;0.0042214;0.0018841;0.0087186;0.00043237;0.0068242;0.042493;0.0047395;0.031535;0.00050108;0.03502;0.039631;0.0041515;0.00047126;0.025087;0.00070383;0.0093909;0.0019312;0.041344;0.004386;0.00067251;0.00055879;0.0057739;0.039682;0.018344;0.0012455;0.010202;0.001619;0.0013057;0.0091005;0.0035111;0.0051173;0.039628;0.0037939;0.0081362;0.0028177;0.0079252;0.0010216;0.0062698;0.00080412;0.0016446;0.0021025;0.006464;0.0033804;0.001231;0.042646;0.001393;0.0037535;0.0016825;6.563E-05;0.004044;0.00030196;0.0011854;9.5843E-05;0.0019147;0.0039937;0.039146;1.2698E-05;0.012249;0.0020022;0.0018128;0.037913;0.0068772;0.011509;0.0078827;0.00087345;0.018939;0.00090618;0.0035473;0.043013;0.0047511;0.0063245;0.00077093;0.00010518;0.028783;0.0016403;0.0041026;0.0093648;0.0026317;0.043682;0.00013214;0.041188;0.0022488;0.00194;0.012519;0.0022031;0.0045732;0.0048233;0.0027663;0.00058344
24;1.6736;0.24285;2;0.85;0.5;50;50;Euclidean(GeometricAverage);0.003409;0.0015916;0.0008202;0.034381;0.0095879;0.00025645;0.0088838;0.0049143;0.00037874;0.0023054;0.043373;0.0036965;0.043209;0.00015502;3.0049E-05;0.0013436;0.001775;0.043293;0.0021749;0.0022154;0.0057797;0.0099292;0.00031396;0.014778;0.044171;0.046256;0.0042853;0.004109;0.0008292;0.0074713;0.00040746;0.0011963;0.0035484;0.015057;0.00026648;0.0039034;0.0022713;0.00031082;0.00094317;0.0078845;0.033338;0.0021344;0.00027613;0.035373;0.0054943;0.0017511;0.0039005;0.0087481;0.00047415;0.0025487;0.0013099;0.0065659;0.014463;0.0070719;0.0015824;0.0039876;0.0011577;0.036682;0.016358;0.0084273;0.000382;0.0023272;0.045942;0.0021494;0.0048234;0.0028596;0.0029091;0.0066202;0.00024268;0.0019828;0.0068607;0.0019788;0.0072596;0.000187;0.044966;0.0028215;0.0092278;0.0035956;0.0036629;0.03872;0.040391;0.0052902;0.0099601;0.044634;0.0028282;0.001125;0.001202;0.0012626;0.028711;0.0043668;0.0038076;0.0015603;0.030838;0.044243;0.0056183;0.011496
25;1.6936;0.24575;2;0.85;0.5;50;50;Euclidean(GeometricAverage);0.0039569;0.0056662;0.0034044;0.00043941;0.00021195;0.0012755;0.0048009;0.041306;0.0012244;0.0017311;0.040674;0.0043525;0.0022503;0.0042754;0.0021298;4.177E-05;0.00096342;0.040755;0.039871;0.012241;0.042586;0.0067205;0.00091153;0.00055754;0.039322;0.0025516;0.00012896;0.039368;0.00072401;0.040273;0.0084988;0.0045467;0.00057773;0.017088;0.001053;0.042083;0.00041282;0.00092315;0.0014242;0.0027515;0.0014884;0.0015389;5.3678E-05;0.012022;0.00061131;0.00023875;0.00049631;0.002167;0.00085037;0.0044339;0.0040329;0.033057;0.0018314;0.031536;0.0053002;0.013103;0.0013737;0.00047679;8.3643E-05;0.0089543;0.0064621;0.0065087;0.0007472;0.0031989;0.04078;0.0052713;0.0025125;0.024035;0.036019;0.0025556;0.0024602;0.040279;0.0018798;0.0054528;0.00032274;0.01775;0.041894;0.0012136;0.0025058;0.008801;0.0012411;0.0017067;0.0064537;0.0056116;0.0011255;0.00046349;0.00078018;0.00055645;0.037367;0.038097;0.0021261;0.0080315;0.014341;0.042631;0.00045336;0.0006415
26;1.7143;0.24957;2;0.85;0.5;50;50;Euclidean(Median);0.00086926;0.0002083;0.0082198;0.0068523;0.0044775;0.0058896;0.0023388;0.0059204;0.014191;0.0015749;0.010801;0.0051792;0.033406;0.01538;0.00087089;0.00024097;0.045236;0.00060261;0.0011505;0.0087376;0.025264;0.0014198;0.0013345;0.042846;0.00042153;0.00067519;0.0018218;0.0026667;0.0046374;0.0069188;0.038709;0.0015762;0.045621;0.00011818;0.0014599;0.0017442;0.0031648;0.00018884;0.0018103;0.044409;0.0058274;0.027814;0.042053;0.0018677;0.003799;0.0017968;0.00046288;9.3621E-05;0.045872;0.040703;0.00054743;0.001482;0.044371;0.0035486;0.0052346;0.01329;0.00082408;0.00099856;0.00065802;0.0070478;0.0019785;0.00067972;0.0014124;0.0065377;0.0021008;0.024131;0.0078751;0.0080925;0.00090884;0.0027737;0.0082256;0.0067203;0.0015645;0.00057185;0.0029658;4.8742E-05;0.0011192;0.0036246;0.039663;6.8567E-05;0.0042835;0.0085296;0.033694;0.0023199;0.044871;0.00061866;0.0032996;0.0017638;0.0014287;0.00050358;0.0029033;0.035722;0.0042047;0.036253;0.04372;0.0075782
27;1.7288;0.25147;2;0.85;0.5;50;50;Euclidean(Average);0.00052162;0.0038037;0.00087514;0.0037165;0.00082732;0.0018705;0.00011571;0.0016309;0.00069994;0.003309;0.0011557;0.00017465;0.00053382;0.0018417;0.032156;0.0014354;0.041961;0.0016049;0.039245;0.0011454;0.0068991;0.0036837;0.00042906;0.0059933;0.0022601;0.0044609;0.00087251;0.00047557;0.0078789;0.00073618;0.0013692;0.040938;0.041194;0.037352;0.026341;0.0039675;0.0044297;0.0020002;0.041613;0.0026201;0.00016685;0.0029213;0.0011522;0.034831;0.0058117;0.038746;0.032788;0.0018383;0.0024657;0.0079436;1.9377E-05;0.0008093;0.0069107;0.034405;0.00091351;0.0025242;0.0058243;0.0032926;0.00037932;0.0024068;9.6715E-06;0.040402;0.00070613;0.0008951;0.0026478;0.00079039;0.0010423;0.00041088;0.0041745;0.00074179;0.014895;0.0019544;0.010207;0.00095318;0.039351;0.0029225;0.00033749;0.001873;0.0071257;0.039356;0.041612;0.00077918;0.0039361;0.0018727;0.034552;0.0013394;0.03926;0.040901;0.0033912;0.00089935;0.022472;0.036821;0.0026563;0.00058227;0.0010917;0.036749
28;1.7392;0.2532;2;0.85;0.5;50;50;Euclidean(Median);0.00054526;0.0023193;0.042957;0.041936;0.0028235;0.0020689;0.00010126;0.0051598;0.00032421;0.011052;0.0012964;0.00035351;0.0023931;0.014476;0.0018732;0.011193;0.002315;0.002024;0.0073139;0.017276;0.00014494;0.0019104;0.00061299;2.9985E-05;0.0086985;0.042747;0.0055351;0.0054946;0.041351;0.0062814;0.0088465;0.027551;0.0031233;0.037589;0.00035074;0.0074747;0.00051171;0.00012814;0.001919;6.3511E-06;0.005266;0.045521;0.032649;0.04316;0.010436;0.0085968;0.00068081;0.00050406;0.0030329;0.0037823;0.00097054;0.00056249;0.0018036;0.035443;0.00030872;0.0017308;0.0022843;0.00069557;0.033752;0.0041081;0.042744;0.00050683;0.0041359;0.002062;0.045062;0.045424;0.00088349;0.015212;9.0902E-05;9.2972E-05;0.0042958;0.00018808;0.04413;0.0016282;0.041655;0.0013035;0.0062242;0.0002134;0.0016084;0.0073523;0.0032562;0.0013078;0.040287;0.0025663;0.0073349;0.045559;0.0013944;0.0071572;0.000573;6.5289E-05;0.0010181;0.0012642;0.0017703;0.014737;0.00045301;0.0010462
29;1.7545;0.25521;2;0.85;0.5;50;50;Euclidean(Average);0.00079345;0.004032;0.00017335;0.011245;0.043227;0.00039532;0.0032627;0.043799;0.0022774;0.045813;0.00049078;0.0022701;0.0020886;0.038566;0.00076068;0.00050485;0.0051596;0.008763;0.0049174;0.00065008;0.015761;0.048851;0.0095975;0.00013549;0.023496;0.0021527;0.0063154;0.013636;0.0007989;0.0015856;0.020238;7.1815E-05;0.049151;0.047665;0.00027314;0.0048697;0.0013456;0.0005214;0.044598;0.00028327;0.0010084;0.001862;0.0038972;0.026218;0.009821;0.0056182;0.00015246;6.0936E-05;0.0041467;0.012557;0.0052591;0.003761;0.00040805;0.0053827;0.0020949;0.0048663;0.0083557;0.0023755;0.00082825;0.045611;0.0075741;0.00063044;0.00090191;0.005191;0.043837;0.00023654;0.00014255;0.0011359;0.0044407;0.0017043;0.049516;0.0058396;0.0088619;0.047861;0.0056057;0.0069901;0.0045375;0.0013077;0.0014446;0.00024286;0.0087902;0.0021831;0.00086644;0.0045305;0.010409;0.0065531;0.044045;0.0092235;0.00097814;0.005035;0.0028782;0.0019585;0.00033663;0.042332;0.0042039;0.0028538
30;1.7847;318;2;0.85;0.5;50;50;Euclidean(Summation);0.0010657;0.0021058;0.048189;0.006453;0.0019716;0.0059218;0.039889;0.0015092;9.0988E-05;2.7018E-05;0.010878;0.018339;0.0024879;0.047565;0.0012848;0.0060548;0.0057718;0.00014707;0.0017419;0.043552;0.0012798;0.001886;0.001377;0.01446;0.0010724;0.004836;0.0052749;0.0095734;0.00075558;0.0062599;0.0012084;0.00010252;0.0011059;0.0013921;0.0082866;0.00048479;8.1288E-05;0.00071227;0.0013514;0.00024843;0.0019998;0.00012252;0.00036586;0.0079053;0.0023086;0.0012379;0.047941;0.00098766;0.033146;0.048108;0.0070036;0.0024023;0.0037175;0.0023537;0.0035884;0.0058225;0.0039785;0.00011864;0.0053904;0.01419;0.0038864;0.044448;0.037951;0.00021916;0.0004745;3.3813E-05;0.00083905;0.0067337;0.0023097;0.002643;0.0044622;0.0027474;0.00023588;0.0036917;0.047619;0.0090851;0.00034792;0.00030956;0.045421;0.0017328;0.045371;0.00099658;0.047899;0.0041854;0.046285;0.040559;0.01282;0.0063195;0.0060014;0.00097781;0.0031646;0.0042964;0.041456;0.0070647;0.015909;0.0020196
31;1.7968;0.26072;2;0.85;0.5;50;50;Euclidean(GeometricAverage);0.047546;0.0047111;0.0031425;0.015866;0.007679;0.0051997;0.00024802;0.034788;0.00076621;0.046389;0.0029091;0.019804;0.0043222;0.042377;0.0021471;0.0014111;0.0014918;0.0036906;4.8546E-05;0.00139;0.001995;0.0033199;0.00093768;0.0033302;7.9182E-05;0.0062875;0.0050699;0.0002219;0.00071826;0.0025337;0.00015767;0.0019613;0.0013639;0.00060991;0.048401;0.00092847;0.039778;0.0038985;0.0011124;0.00116;0.00067879;0.0087044;0.0023043;0.00048983;0.002397;0.0045191;0.013714;0.043945;0.0058944;0.0046708;0.00010912;0.024902;0.048075;0.00034753;0.00057815;6.1172E-05;0.0061588;0.0015755;0.0007653;0.0039352;0.017955;0.00195;0.0061367;0.0010241;0.048615;0.0012598;0.00042299;0.04842;0.0028999;0.047717;0.0028941;0.0035962;0.048084;0.013904;0.029647;0.00084691;0.0055422;0.00057578;0.00071503;0.048622;0.00036829;0.045905;0.004618;0.0058413;0.0045788;2.0548E-05;0.048153;0.00096152;0.0035811;0.00020638;0.0023534;0.0011356;0.0014008;0.0023147;0.00026294;0.0038547
32;1.7993;320.61;2;0.85;0.5;50;50;Euclidean(Summation);8.079E-05;0.0048112;0.0093469;0.017551;0.053369;0.047471;0.044484;0.0033482;0.010841;0.053127;0.007385;0.00064264;0.001539;0.0034241;0.0068345;0.00017097;0.0024902;0.0026036;0.0029354;0.00072199;0.0053641;0.001425;2.5948E-05;0.0034526;1.2162E-05;0.00033241;0.01749;0.0047355;0.01413;0.050091;0.0071344;0.00037655;0.00032462;6.5366E-05;0.00017425;1.7691E-05;0.010136;0.0016737;0.051583;0.0021343;0.0001502;0.0041704;0.012296;0.044573;0.0037089;0.001751;0.050515;0.0060289;0.0013758;0.00051627;0.00015187;0.0023913;0.052657;0.002008;0.0057534;0.0037365;1.8136E-05;0.0023303;0.047918;0.0026339;0.0017173;8.0023E-05;0.0018832;0.00041057;0.00188;0.010234;0.0010979;0.0027829;0.0013786;0.039228;0.0045635;0.0056782;0.0010927;0.01203;8.1236E-05;0.000398;0.043073;0.018123;0.00098209;0.0196;0.0022703;0.05334;0.010872;0.00092479;0.020353;0.0027483;0.0080953;0.0031123;0.0047967;0.019818;3.2239E-05;0.00056969;0.0055851;0.0013622;0.0071072;0.0041549
33;1.916;341.41;2;0.85;0.5;50;50;Euclidean(Summation);0.0025667;0.0055158;0.00037997;0.0012506;0.001102;0.0040717;0.0013905;0.0041823;0.0028262;0.0031799;0.0028768;0.001414;9.0979E-05;0.00055542;0.0050841;0.015352;0.0022138;0.00044434;0.051684;0.001805;0.00029931;0.0070313;0.00068137;0.00094292;0.0047694;0.00085621;0.048293;0.00045866;0.00046968;0.00059246;0.0028457;0.0010318;0.0012633;0.0011756;0.005238;0.0024534;0.0014231;0.0050401;0.0021009;0.0068644;0.052571;0.00045749;0.0030428;0.00089482;0.005798;0.0035451;0.0069715;0.051709;0.0081587;0.00043522;0.0048376;0.00042276;0.0014175;0.0053073;0.050128;0.0053991;0.014856;0.00037896;0.05006;0.052387;0.0070783;0.046628;0.0085282;0.051172;0.050457;0.0019681;0.002308;0.00070017;0.0052509;0.00797;0.0004277;0.0070255;0.00047969;0.0070065;0.0029222;0.052931;0.0033077;0.0028574;0.039661;0.04705;0.0011417;0.0014975;0.0011333;0.00011746;0.014047;0.050084;0.0029871;0.0027785;0.00063495;0.0001851;0.052277;4.428E-05;0.0018381;0.00016764;0.004344;0.00039694
34;2.1415;0.035432;2;0.85;0.5;50;50;Euclidean(MinimumTimesMedian);0.02654;0.0041503;0.0029449;0.003772;0.00070612;0.028269;0.025844;0.026815;0.0023725;0.0013551;0.0013629;0.00032245;0.014584;0.0078809;0.030146;0.0047123;0.015794;0.00019633;0.0013346;0.00043008;0.0039981;0.0065242;0.00012524;0.0018411;0.0025639;0.018337;0.026179;0.00050158;5.8354E-07;0.0018347;0.024007;0.00010992;0.029358;0.00027763;0.00028575;0.0023568;0.0074195;0.010128;0.019779;0.00059743;0.01461;0.00080008;0.0019277;0.0012033;0.029906;0.00099934;0.0001245;0.0017903;0.0027548;0.029445;0.0017686;0.017736;0.0035138;0.030389;0.022795;0.0032726;0.027456;0.0012108;0.0001105;0.02971;0.00079252;0.029308;0.0036485;0.0026716;0.0019848;0.025317;0.030781;0.00037787;0.0021792;0.024269;0.022215;0.030624;0.00099091;0.0022265;0.00013371;0.0031327;0.0050514;0.00053377;0.00033348;0.0050579;0.0051506;0.0021311;0.0046664;0.028492;0.029131;0.025621;0.00084969;0.030842;0.0097877;0.030879;0.019243;0.0035222;0.029497;0.0057247;0.0039889;0.0015656
35;2.227;0.036846;2;0.85;0.5;50;50;Euclidean(MinimumTimesMedian);0.00015957;0.033636;0.02055;0.0017646;0.030346;0.032132;0.033237;0.031133;0.0017494;0.004491;0.00058494;0.002368;0.0020158;0.0042507;0.031637;0.00065807;0.0024875;0.0069598;0.0026259;0.0016367;0.00029798;0.0011499;0.0021778;0.0027449;0.0011832;0.0050887;0.0075584;0.0013667;0.00069196;0.001273;0.027318;0.0010211;0.0011184;8.0003E-05;0.00032957;0.001352;0.002594;0.0010019;0.008107;0.0021941;0.0096502;0.015976;0.0013632;0.00052471;0.031806;0.034122;0.027478;0.0012682;0.0070339;0.035311;0.00022102;0.035315;0.0095797;0.00088193;0.0035191;0.0022925;0.013569;0.00016909;0.0040627;0.02424;0.015697;0.034735;0.00066222;5.881E-05;0.02963;0.0063523;0.033727;0.0048832;0.028952;0.017332;0.0026241;0.029172;0.032934;0.027916;0.0083571;0.00181;0.0021395;0.0004589;0.0005997;0.0015325;0.0012271;0.020098;0.00070344;0.032002;0.0054554;0.0075478;0.001496;0.033342;0.00064642;0.0013826;0.0062581;3.8394E-05;0.0031777;0.0032156;0.030626;0.0017537
36;2.3136;0.038279;2;0.85;0.5;50;50;Euclidean(MinimumTimesMedian);0.00039583;0.0011775;0.0025818;0.00099353;0.017788;0.030067;0.0019792;0.0011318;0.0018098;0.00040206;0.032143;0.0025408;0.0022623;0.002478;0.00072432;4.9582E-05;1.8336E-05;0.030375;0.033178;0.013202;0.031817;0.0057101;0.00071262;0.0027992;0.0012824;0.029504;0.00077089;0.0039545;0.0033815;0.027843;0.0072357;0.016472;0.0043322;0.0065256;0.0027533;0.001041;0.0012678;6.3568E-05;0.0010311;0.031246;0.0092432;0.0029767;0.027832;0.00020912;0.00081444;0.032701;0.0005072;0.030623;0.0028431;0.00031913;0.0034489;0.004236;0.0013655;0.030644;0.033655;0.0023568;0.02433;0.0034032;0.0012801;0.00024003;0.0027538;0.00061928;0.027756;0.0017348;0.0039661;0.031824;0.00051836;0.004914;0.0046783;0.032664;0.010006;0.029213;0.031592;0.0029716;0.0031591;0.0099095;0.030754;0.00053659;0.033316;0.00054148;0.032462;0.0013799;0.000794;0.002887;0.00023109;0.033027;0.0015524;0.031391;0.030876;8.517E-05;0.00045007;0.019578;0.011409;0.00083112;0.0010094;0.00053749
population
1;8.0893;0.3344;-2.5581;1.8456;12.183;-12.925;1.6319;15.235;8.6055;-6.6807;9.7829;1.9854;-7.961;-5.1568;-5.1503;9.3592;4.9961;22.47;19.651;-17.647;1.2198;22.453;6.3119;-3.1912;2.468;3.3539;7.9535;-0.021737;7.5426;10.779;-5.1229;-9.3484;9.5081;10.394;11.586;-4.273;4.8527;-8.2911;10.149;-2.8319;6.6686;20.85;14.641;16.219;-1.5709;-0.37359;7.7411;-2.1209;0.19035;0.53451;0.60667;0.96691;0.2226;0.61883;0.31021;0.28217;0.096788;0.79031;0.86153;0.07354;0.18517;0.39261;0.81951;0.46607;0.56063;0.16983;0.82445;0.33515;0.46966;0.97817;0.59161;0.94148;0.5512;0.98165;0.35404;0.27181;0.10374;0.87457;0.59115;0.059104;0.14026;0.24642;0.23502;0.26074;0.23045;0.30928;0.75083;0.69635;0.35684;0.43772;0.77219;0.43299;0.026684;0.88233;0.99348;0.049579
2;7.8032;-8.481;14.458;5.2398;4.8388;5.9819;7.6093;8.9654;-3.8219;-4.4755;6.9823;4.3804;-11.076;-7.3035;7.6446;13.529;-2.4193;2.3452;-5.5275;-10.233;1.9088;-3.5814;-11.476;6.0747;0.17048;0.98728;0.52987;6.9944;2.6479;-6.5573;-9.2098;10.928;21.18;3.9473;6.8518;2.8575;3.1043;-2.1914;-0.20553;-5.4734;2.804;6.537;-24.091;-7.6493;-6.5603;-25.559;-9.0156;-7.216;0.94632;0.98339;0.98909;0.40984;0.7654;0.70917;0.40882;0.60545;0.2258;0.87874;0.0086013;0.29436;0.24327;0.98513;0.79386;0.98556;0.96907;0.50689;0.77155;0.69594;0.94844;0.66666;0.2151;0.47893;0.56977;0.010547;0.55093;0.25386;0.80943;0.82773;0.73016;0.19143;0.6287;0.4871;0.87167;0.062555;0.0070187;0.015066;0.68874;0.26153;0.959;0.63661;0.22836;0.33265;0.73702;0.56287;0.44352;0.40919
3;2.9847;-3.4752;9.0364;-0.03418;-1.0807;-1.8999;-0.46819;8.2292;-4.7482;-7.7149;-15.643;-0.0010007;3.0349;10.453;8.1914;3.0362;-1.177;2.9332;-5.3904;-3.7301;22.816;10.448;3.2315;9.3464;-6.4924;-11.786;-7.5167;3.3639;-17.309;-9.0536;-1.3857;-8.3945;3.4959;-16.253;-6.3492;-14.306;23.174;-0.40986;-4.4049;9.9534;-25.098;3.8989;4.5712;5.5566;-1.7039;-3.9585;-18.065;-1.104;0.44272;0.74827;0.56414;0.90524;0.30963;0.31456;0.38889;0.24164;0.46466;0.14023;0.3919;0.76761;0.49919;0.86643;0.74181;0.93658;0.26755;0.93156;0.17368;0.72679;0.57296;0.77386;0.75851;0.24977;0.87918;0.70594;0.47933;0.63845;0.44399;0.69419;0.52392;0.96493;0.33102;0.43857;0.47679;0.99188;0.46463;0.63836;0.29491;0.43954;0.017531;0.31667;0.028435;0.18839;0.34986;0.87143;0.69561;0.21102
4;-8.7263;-0.27511;14.447;-10.64;-8.027;3.019;11.666;11.411;7.4306;-9.7716;7.7369;-3.5095;-2.5973;13.853;1.447;17.255;1.7534;-4.0058;6.5284;-9.6057;-5.2293;-0.43757;-4.4554;4.7581;1.1317;4.3803;5.4625;2.36;3.3982;2.8469;5.9286;-10.928;-2.6457;-4.567;-21.294;-15.574;-2.4732;-6.7175;-5.0899;0.68536;-7.0206;1.2542;-21.4;-15.263;-14.395;8.5208;12.06;1.7039;0.89943;0.73828;0.6298;0.72925;0.71315;0.69018;0.11785;0.43946;0.59674;0.10396;0.015125;0.64779;0.78376;0.58137;0.79823;0.78771;0.60436;0.99787;0.26236;0.90134;0.94696;0.84883;0.1349;0.46688;0.21295;0.50148;0.4364;0.48135;0.84774;0.038137;0.35669;0.53139;0.51795;0.95962;0.82264;0.63548;0.99256;0.65262;0.96979;0.078605;0.52223;0.87342;0.30905;0.14093;0.18307;0.52851;0.60416;0.40051
5;0.87117;-5.7353;-1.4658;-10.833;-7.7257;4.7463;5.5185;-8.9936;-7.7768;-0.56484;11.468;4.5715;-8.3691;7.4721;-4.4933;-12.272;-4.7533;3.464;-14.881;15.12;9.7695;-3.3119;6.4;4.2984;13.39;-3.685;-5.4299;3.7294;5.0356;8.7304;-2.3178;-0.78464;-6.3677;5.617;1.3132;-6.6262;-0.25801;-9.6346;0.15277;-0.2803;-2.3631;10.415;6.2375;-13.533;3.1571;-13.155;-9.4703;11.957;0.72417;0.83005;0.15164;0.49009;0.59055;0.11353;0.01933;0.4376;0.94932;0.21209;0.5437;0.057656;0.45818;0.91279;0.10006;0.90666;0.39543;0.52143;0.12605;0.017274;0.17456;0.39393;0.93138;0.49725;0.67985;0.31827;0.29667;0.12805;0.56883;0.24635;0.48887;0.541;0.7016;0.31346;0.15088;0.37084;0.96249;0.59197;0.65467;0.44215;0.28508;0.53347;0.71486;0.75708;0.95237;0.64188;0.60708;0.91822
6;-3.4781;18.311;-3.7806;-10.724;7.8664;4.2217;-6.0108;-11.831;-10.958;5.6854;-11.182;-4.0149;6.0314;-6.5289;9.379;7.8058;-15.927;5.935;-2.4374;-9.7342;1.169;7.3115;0.67722;-11.619;2.273;12.056;3.1898;1.6866;-7.4144;-7.6969;-7.3525;7.5135;-7.787;-8.2486;-14.214;-1.5847;-8.9191;1.002;-3.1062;18.174;-4.7366;-1.9377;0.76324;-5.5266;-0.94076;-20.279;-3.0931;8.4206;0.4543;0.25833;0.77529;0.60137;0.50887;0.039252;0.65372;0.95074;0.88147;0.47881;0.28037;0.06041;0.77493;0.28426;0.29166;0.18082;0.43733;0.2753;0.077929;0.13486;0.449;0.60925;0.59369;0.29338;0.84863;0.016697;0.42328;0.19167;0.83253;0.71478;0.70244;0.54877;0.75621;0.45137;0.71722;0.97136;0.039865;0.22323;0.25159;0.60671;0.95873;0.14571;0.42879;0.88817;0.10397;0.97029;0.91502;0.55553
7;8.8749;-5.2992;2.4599;1.9467;1.5835;8.5427;1.9815;19.337;4.0042;0.62327;0.40841;10.996;-4.8635;-7.8938;-0.25095;0.3058;-2.2828;6.2302;1.9257;-18.135;7.2407;2.0742;-6.018;12.355;-3.7067;11.739;7.5157;-3.3016;-8.4399;-8.9126;8.6491;6.5694;-11.41;9.5152;1.1243;10.641;8.8404;-9.2019;2.6202;-9.4623;1.0923;-20.997;-1.414;5.1021;7.7175;1.062;-3.1638;4.6511;0.36773;0.42174;0.80784;0.21011;0.27697;0.13955;0.067915;0.8353;0.93804;0.93969;0.72911;0.13504;0.20659;0.23829;0.16856;0.11161;0.77717;0.18364;0.88578;0.50451;0.59387;0.90474;0.013543;0.49027;0.74938;0.96698;0.80524;0.65307;0.06785;0.42711;0.87991;0.57581;0.80661;0.12964;0.60068;0.34447;0.76983;0.28891;0.75209;0.064658;0.081576;0.42656;0.39089;0.090818;0.2232;0.46274;0.50423;0.88223
8;8.282;8.1822;9.6266;-10.549;-11.021;-3.7272;3.6438;7.3259;-16.253;8.0641;8.2016;5.1024;-4.0846;-10.702;-2.5385;9.7362;1.4201;0.38094;-2.3286;-1.663;-2.1175;-6.522;-13.947;-17.535;-7.0442;-3.7023;5.4786;-6.24;-1.3654;2.4014;1.7633;24.596;0.069468;2.2957;-3.3818;-17.327;3.9554;7.4203;-0.28864;2.8718;16.572;2.3891;7.0293;-0.94587;25.813;2.6941;-0.30047;-16.104;0.79955;0.72117;0.057232;0.72797;0.66368;0.37284;0.025085;0.99534;0.71784;0.18694;0.092976;0.49281;0.89027;0.77208;0.45874;0.53134;0.26286;0.46792;0.72529;0.42525;0.94235;0.74167;0.90622;0.68433;0.8994;0.0067466;0.37434;0.75961;0.67722;0.35468;0.32094;0.40708;0.33326;0.54893;0.52513;0.37906;0.95604;0.76167;0.90209;0.77307;0.54394;0.13137;0.53976;0.64888;0.686;0.26564;0.52119;0.7209
9;7.3421;-22.548;25.799;0.71029;17.758;16.101;6.1105;2.1415;-2.7751;-20.004;1.9212;-14.837;13.143;-2.7318;-1.7046;-5.5379;-3.7816;3.4037;-8.4531;-1.812;6.8937;1.2498;-0.35296;-15.356;-10.34;3.7764;6.9818;-3.8502;2.6415;-12.358;-10.81;-5.8087;10.085;8.9442;1.9155;1.9986;3.8354;-5.3489;6.7879;-6.8436;-4.6649;4.3316;-9.7461;1.8464;7.4816;2.4055;5.8312;-8.7574;0.13125;0.91344;0.8944;0.54451;0.12826;0.8594;0.29395;0.71236;0.73561;0.94649;0.94083;0.45556;0.19419;0.41617;0.31792;0.33535;0.60716;0.30311;0.8441;0.52609;0.59387;0.55625;0.71254;0.59929;0.80143;0.62704;0.88483;0.36806;0.77268;0.14116;0.73885;0.54662;0.17346;0.51858;0.63222;0.39086;0.15785;0.98341;0.57573;0.34352;0.38087;0.369;0.88722;0.1603;0.11828;0.27391;0.93033;0.797
10;-2.7852;-12.354;-13.56;-7.3396;-0.55127;-19.35;3.2009;24.411;2.4724;-7.0279;4.4603;-15.128;-9.8781;-13.816;9.8743;19.25;-4.936;4.5684;-4.7615;-3.1914;-10.097;20.095;5.5014;6.0404;-1.2732;-0.9306;-9.1273;5.5333;7.175;13.811;-5.1133;-10.969;2.0834;1.992;-8.0108;10.9;-10.964;-12.773;-1.8215;-14.651;-8.044;9.5931;5.0358;12.089;6.5379;2.5241;-1.1415;11.6;0.81962;0.44745;0.18632;0.64781;0.85619;0.75615;0.77919;0.75433;0.89121;0.99153;0.21027;0.92762;0.0698;0.64015;0.7044;0.30738;0.74251;0.72893;0.57396;0.13166;0.7383;0.67793;0.16413;0.9539;0.8426;0.82686;0.82308;0.42496;0.202;0.80477;0.60083;0.027914;0.022529;0.95398;0.89838;0.11138;0.97426;0.37777;0.69549;0.71394;0.40581;0.075943;0.35142;0.58902;0.39134;0.78696;0.042089;0.24934
11;-15.97;6.1118;-4.8294;14.637;4.1741;10.174;-5.669;-7.327;12.629;-11.151;11.852;-4.5748;-2.5975;-13.094;14.536;-3.1236;-8.1972;9.5242;12.519;6.1896;-10.665;1.4056;11.64;12.058;2.5016;9.8886;21.343;4.039;-8.5386;-3.8346;-11.797;-2.5687;-2.0153;-3.031;2.6786;4.0148;1.6746;-2.1286;-5.4065;-14.711;-9.8187;12.549;2.0179;6.0991;-5.9913;-3.9915;-12.94;3.7847;0.41099;0.049462;0.081008;0.48913;0.34468;0.7753;0.84449;0.23891;0.07607;0.50721;0.37868;0.72007;0.68729;0.84986;0.42947;0.43409;0.96806;0.88884;0.23704;0.1299;0.0095316;0.23723;0.90684;0.37158;0.99519;0.98743;0.035177;0.10733;0.88861;0.47469;0.60351;0.57064;0.97389;0.84945;0.34038;0.9885;0.095366;0.44155;0.59892;0.6472;0.21597;0.48179;0.34856;0.15475;0.11535;0.74859;0.91055;0.1284
12;-2.4195;3.1983;-6.0243;-3.9517;10.068;-0.38657;14.452;-7.9578;1.5341;-3.006;-5.214;-10.56;5.3096;-14.219;4.3024;5.377;-4.6807;6.8396;-10.11;0.19224;-3.0371;-6.0477;0.95838;20.8;-9.5701;-8.4907;14.216;5.2276;11.742;-6.7405;-0.71655;10.298;0.90096;-3.6967;-9.6313;3.4228;10.138;-7.163;8.3708;1.758;2.4988;-2.9127;1.419;-11.206;-2.7804;-9.5576;-2.8899;8.0829;0.20124;0.8678;0.52517;0.92223;0.93758;0.43668;0.84992;0.5337;0.12453;0.93944;0.52803;0.73786;0.43107;0.34944;0.52683;0.96139;0.057026;0.55502;0.79409;0.016226;0.30053;0.085267;0.077704;0.50188;0.43449;0.40502;0.22909;0.31499;0.8196;0.11811;0.99727;0.55845;0.072928;0.24649;0.34122;0.059938;0.595;0.84444;0.2783;0.66077;0.93734;0.21013;0.5948;0.79512;0.16125;0.22919;0.86626;0.49278
13;-6.4889;-0.57064;4.7108;-0.88885;0.84426;7.6113;-1.7097;1.2967;8.4795;6.8307;8.4054;8.2962;-2.4444;3.2496;-15.228;-3.2621;1.2498;5.6401;7.6932;-11.206;2.5789;-11.882;-3.9455;-10.863;1.8698;16.441;-3.8291;-2.9024;-15.977;22.354;-5.0601;7.0326;12.96;9.7145;-1.2141;-14.823;-16.759;2.9132;-20.002;-11.02;-7.4066;2.3023;8.128;17.278;-12.16;-5.882;-17.995;9.0001;0.40821;0.0652;0.60614;0.26606;0.75315;0.65822;0.32669;0.56555;0.98431;0.69626;0.97988;0.37059;0.43318;0.30823;0.26334;0.30723;0.8942;0.23569;0.13471;0.37729;0.65181;0.81371;0.43772;0.68821;0.84086;0.96345;0.31417;0.23205;0.29806;0.38982;0.38615;0.20338;0.67561;0.61227;0.83687;0.81431;0.048174;0.18529;0.22791;0.4765;0.61536;0.075588;0.26482;0.43808;0.54856;0.88043;0.21555;0.035139
14;21.571;-11.482;10.949;-10.739;6.1826;-11.257;-13.503;7.323;18.082;-14.965;-13.875;-5.2109;9.8907;-13.186;8.689;-5.2035;13.449;21.719;11.736;-2.4795;8.7122;-13.475;-0.65828;-8.8963;-12.072;-3.8236;-5.7302;-3.4814;3.1872;-0.27094;1.2147;-14.88;-8.4133;-11.77;-6.0848;4.6227;-5.8516;7.1341;-8.0439;19.749;8.9179;10.922;1.5816;21.107;-1.5187;-4.8629;4.5574;-5.6275;0.22252;0.34936;0.33991;0.69485;0.045899;0.10375;0.86543;0.13576;0.87686;0.53198;0.073122;0.86288;0.16734;0.019629;0.32135;0.75222;0.49293;0.34149;0.44049;0.16014;0.31274;0.37413;0.73554;0.27945;0.52476;0.63309;0.058888;0.40713;0.85389;0.2623;0.34469;0.58323;0.4713;0.99184;0.71745;0.19216;0.55614;0.8942;0.15107;0.59101;0.24437;0.68143;0.032647;0.2047;0.12595;0.55935;0.13283;0.8324
15;-1.7533;5.0714;8.9293;-16.428;7.3777;14.329;15.671;-10.422;8.5633;-2.3298;1.0613;16.683;-3.1773;11.141;-7.8315;5.2302;3.4461;3.7252;-3.9135;-10.569;-7.9768;7.0856;3.3201;-8.5345;2.3793;-2.2507;-0.36456;-7.3094;1.1899;-2.9546;1.7784;-8.6431;-12.484;-1.4301;5.1493;2.2401;0.80199;-14.662;-5.0123;12.433;9.7726;8.3103;2.1561;-5.5276;9.2483;0.77275;-8.9906;11.12;0.33865;0.29111;0.87519;0.64078;0.59415;0.69078;0.79456;0.71051;0.76912;0.60636;0.64004;0.89357;0.37155;0.06183;0.96891;0.80852;0.63196;0.67209;0.09512;0.43143;0.14293;0.60629;0.2055;0.236;0.94159;0.78381;0.4522;0.40367;0.7639;0.37655;0.73663;0.5768;0.19539;0.61384;0.28246;0.94444;0.62028;0.48968;0.81124;0.078167;0.57367;0.98294;0.68336;0.37348;0.49795;0.93892;0.59548;0.39769
16;-5.3656;-10.6;-6.6469;-0.97971;3.5513;1.2603;8.653;-18.256;9.4899;-22.176;0.36157;-11.322;0.5879;-15.96;-13.596;0.54026;10.067;-18.104;-8.8605;0.80589;-8.2943;-11.62;2.6401;0.04261;-12.273;11.75;17.336;6.6512;-16.15;-14.502;11.883;4.0782;0.3459;-1.2531;-7.6614;1.0339;-2.273;0.14107;12.932;8.6701;-0.6345;7.7066;25.143;-5.8522;-13.898;1.2776;-2.8292;-20.086;0.070226;0.46848;0.59174;0.5069;0.91092;0.24109;0.72641;0.98101;0.53675;0.806;0.47151;0.67749;0.85811;0.74982;0.54775;0.66939;0.69068;0.51616;0.70715;0.24795;0.87206;0.46197;0.33927;0.072794;0.65282;0.20832;0.84608;0.95122;0.19707;0.22255;0.019062;0.89716;0.25898;0.038312;0.76634;0.29677;0.15409;0.039778;0.98567;0.93209;0.73848;0.26903;0.43515;0.73041;0.48371;0.99727;0.45266;0.95502
17;9.2242;-2.7135;-5.6192;-0.11507;7.6207;0.81853;-3.4046;8.1725;-2.3811;-14.369;0.95275;-7.0191;4.6663;5.8018;12.57;-8.895;-1.4827;1.0254;-19.864;-3.1415;-10.777;4.1922;-12.421;13.798;16.189;-0.42863;-0.75817;-3.8714;3.9702;10.623;-4.9658;3.1739;-25.105;12.01;-9.3524;-3.4758;-10.169;-10.918;-1.6618;1.5786;1.0345;5.8335;6.4446;21.343;4.1587;-12.131;0.73205;-5.7183;0.78572;0.69595;0.62235;0.88037;0.24184;0.46971;0.2429;0.2924;0.010717;0.078002;0.074667;0.055352;0.78892;0.28961;0.61575;0.24471;0.4042;0.4705;0.70312;0.10056;0.033056;0.028313;0.11116;0.52545;0.75346;0.11042;0.371;0.19106;0.28036;0.10784;0.35965;0.48831;0.75933;0.59802;0.87805;0.65209;0.28268;0.47621;0.204;0.55352;0.2373;0.39645;0.13613;0.51692;0.41011;0.5556;0.23865;0.8556
18;-0.50177;-4.4841;-8.8902;-2.3783;-7.1432;-4.0838;12.101;-4.4436;3.846;-4.1162;5.3242;1.2844;3.7413;15.203;-2.1768;-10.95;4.3758;3.4896;10.513;-9.2546;-5.063;4.8142;1.7529;-11.178;5.7431;10.133;0.39257;-11.891;11.136;5.4382;-18.227;-14.166;-12.386;-8.7726;-24.545;-7.1062;23.128;2.4441;17.517;8.2588;0.16898;17.41;3.112;-3.2109;4.2569;5.8482;6.7338;-4.244;0.63596;0.92521;0.32131;0.010726;0.46533;0.17967;0.15495;0.072944;0.89437;0.09783;0.4537;0.51188;0.34208;0.37783;0.72606;0.20373;0.70692;0.51451;0.68558;0.87551;0.50273;0.1306;0.75663;0.94976;0.40555;0.44656;0.33927;0.11479;0.39733;0.12664;0.72386;0.0069534;0.86182;0.40814;0.28841;0.82163;0.9325;0.29055;0.26156;0.46584;0.083651;0.55252;0.9489;0.7122;0.38943;0.60737;0.058391;0.73935
19;-5.1521;3.2077;7.2618;-2.8221;8.2599;-4.5721;1.6761;-6.779;22.816;4.3425;-11.691;-6.6376;-6.1576;-16.306;5.0449;-9.273;11.14;11.849;-1.8096;-8.676;-0.41553;3.7743;-6.6095;-4.1285;-0.07324;-3.0549;0.44513;10.492;-4.003;-1.7215;6.5029;4.1073;12.86;-8.9737;3.4754;-3.9788;5.2159;-5.7702;-13.417;-20.556;-9.8961;9.8929;0.68317;0.45768;3.3833;-7.2323;10.836;4.0347;0.58913;0.093673;0.80829;0.9036;0.53995;0.96884;0.15161;0.75635;0.67486;0.466;0.85436;0.41745;0.89501;0.45872;0.11299;0.095193;0.46971;0.84289;0.43347;0.40182;0.2683;0.91988;0.94389;0.083229;0.47356;0.039181;0.052164;0.99979;0.0014335;0.26078;0.72208;0.053846;0.054168;0.44428;0.076761;0.39269;0.96562;0.81646;0.7009;0.71232;0.13543;0.9554;0.60119;0.67207;0.67858;0.34386;0.65483;0.1428
20;-0.19915;0.090298;-4.1556;2.3112;-9.2768;-15.547;-0.2403;-15.881;-2.6033;-2.4815;15.772;-5.619;-4.4907;15.992;-8.6081;-1.6135;1.7743;-7.3808;-4.4429;-9.1255;-13.466;10.85;-3.9869;1.5012;0.2315;-1.4565;-13.951;-3.3149;13.873;-14.114;-14.666;-1.8892;-3.4254;-16.751;6.7974;11.627;-6.9023;0.29127;3.9316;-1.2677;-2.4757;-6.8606;15.739;10.806;-7.5353;-4.4237;-7.552;-10.801;0.3258;0.50709;0.81042;0.61911;0.092396;0.26824;0.30081;0.89026;0.82478;0.99596;0.13512;0.2164;0.38801;0.468;0.36407;0.59422;0.6534;0.093226;0.53542;0.90688;0.4879;0.27934;0.78186;0.56391;0.73306;0.3517;0.59018;0.84364;0.59241;0.91098;0.5787;0.008937;0.92631;0.84759;0.5082;0.35428;0.78253;0.73097;0.048102;0.088345;0.36717;0.48632;0.17076;0.079312;0.1206;0.78676;0.99896;0.40122
21;0.47651;1.5237;11.934;24.2;-3.7962;-0.35688;5.2972;-14.755;-2.7745;-4.6316;-12.808;11.872;-4.8797;9.4292;-3.4771;-12.402;3.6854;-0.63664;8.4806;2.1172;-7.5957;-0.21438;25.718;-8.3155;7.6517;0.47169;6.6545;9.5333;-3.1621;14.212;3.4691;13.792;4.764;-20.076;-8.5825;-1.7763;2.4287;-10.921;7.0269;10.133;-3.3907;4.2034;-8.2555;-9.6215;3.5565;-14.779;-12.841;-9.008;0.99789;0.51706;0.033937;0.61504;0.96292;0.78219;0.72128;0.64179;0.9767;0.57391;0.76915;0.51644;0.05152;0.024237;0.79752;0.90539;0.69136;0.31534;0.47985;0.33365;0.90862;0.2541;0.052299;0.11509;0.29223;0.62941;0.7499;0.53163;0.00042354;0.017324;0.33683;0.46756;0.40314;0.091202;0.25977;0.85532;0.15156;0.62909;0.94815;0.9959;0.76115;0.041227;0.049531;0.042962;0.5776;0.056103;0.56612;0.42216
22;7.5164;1.3926;-3.1521;-0.16927;7.3718;2.7803;-1.8405;3.1221;-4.2171;0.99555;-4.8347;-7.4206;2.2583;-1.8747;-24.414;-0.34078;12.388;-9.8657;-15.068;-5.5221;-12.261;7.9771;-7.5741;17.319;-12.172;-10.933;-0.85308;0.83886;-8.8064;11.657;20.041;17.877;-3.9352;-7.4591;13.406;16.787;4.4496;-16.092;5.9396;-7.5361;-19.731;22.827;13.365;1.4785;-8.2766;4.7475;9.3745;11.519;0.49275;0.83349;0.81543;0.28978;0.73076;0.2456;0.97829;0.28417;0.24704;0.68362;0.88033;0.77071;0.037211;0.69478;0.45683;0.7888;0.55183;0.035831;0.52518;0.85517;0.57264;0.72388;0.61606;0.81368;0.035431;0.26953;0.60906;0.77707;0.61941;0.75518;0.53387;0.070738;0.20305;0.34967;0.951;0.35227;0.097615;0.43809;0.7062;0.20751;0.44432;0.3294;0.58761;0.65756;0.97366;0.98353;0.10679;0.048297
23;4.7916;3.6776;-4.5884;-4.7316;0.81685;-11.827;0.16601;-5.2036;-3.1087;2.5349;-11.71;9.2385;8.1462;23.566;2.0533;-16.315;-2.3935;2.8774;-2.0431;2.7757;22.242;1.3485;-6.4885;4.6582;0.039384;9.6059;0.027587;-11.412;4.431;6.5873;-5.9082;-8.4592;5.8258;-10.64;-13.445;14.9;0.55218;11.07;-5.1425;8.3551;16.346;7.6575;-13.088;6.5068;-10.524;5.613;-0.96042;-0.32748;0.87329;0.72855;0.92795;0.43642;0.50363;0.71803;0.50469;0.017413;0.11106;0.58056;0.73346;0.87003;0.073287;0.49156;0.10555;0.9325;0.58828;0.052538;0.56221;0.96127;0.086855;0.39706;0.73968;0.30358;0.93159;0.042472;0.93524;0.81475;0.62235;0.29977;0.12532;0.38629;0.64573;0.67292;0.84563;0.92861;0.19573;0.18581;0.035174;0.18193;0.61639;0.78173;0.77984;0.33439;0.79292;0.20471;0.57624;0.20876
24;10.832;5.5723;4.5943;3.7417;9.0495;-4.4939;-3.5011;0.88148;-1.9873;-11.962;14.283;3.1167;-0.30401;-11.167;-10.233;-1.1009;-7.3732;-3.0224;1.9976;9.9213;-4.8763;11.277;-4.5132;-16.897;0.42273;12.971;4.734;11.864;-16.974;10.311;-5.4681;8.4463;-8.0594;-7.5186;3.3987;2.9984;-20.88;-4.1193;-9.8479;-3.5145;-5.0368;-0.92756;2.7149;16.461;-0.095791;11.28;9.1241;-14.037;0.13497;0.48603;0.13705;0.63593;0.59653;0.37537;0.66639;0.88626;0.90287;0.98625;0.68493;0.73526;0.59027;0.94934;0.85063;0.25411;0.49143;0.67979;0.98259;0.10198;0.056317;0.59073;0.41356;0.47625;0.22255;0.93788;0.48873;0.03401;0.21763;0.14299;0.63567;0.8206;0.18169;0.19481;0.56173;0.86;0.35777;0.87118;0.29673;0.03682;0.1146;0.099798;0.29373;0.85713;0.65975;0.34682;0.48284;0.31077
25;-9.1653;-8.3707;7.4704;5.0454;-14.763;1.8424;-13.07;0.66571;3.1915;1.8619;-3.3378;1.4174;-11.059;-11.485;-3.6558;-0.72994;14.209;-4.9796;-14.26;5.9684;7.2919;-4.2676;8.1938;5.7405;14.568;6.5524;12.949;-15.425;10.43;3.6816;16.555;-13.618;5.13;4.0574;4.6231;-9.9658;8.8534;8.8562;2.9094;6.8999;8.8505;8.6055;-16.04;-0.2189;-0.93714;-1.3462;-10.709;7.9409;0.92566;0.83193;0.26561;0.55734;0.35901;0.88204;0.62295;0.9688;0.45168;0.019937;0.78664;0.59469;0.55274;0.24899;0.60927;0.38108;0.87764;0.12742;0.74378;0.69178;0.26288;0.75325;0.86887;0.91039;0.69133;0.51193;0.21961;0.20748;0.58043;0.45442;0.50732;0.30311;0.60917;0.17173;0.6421;0.74268;0.14027;0.7028;0.87597;0.32913;0.84224;0.83704;0.18314;0.0033439;0.33153;0.65132;0.73174;0.84479
26;8.1003;7.4852;2.698;11.213;3.1071;-4.2349;5.7084;8.2743;-2.5367;17.83;-15.694;0.2611;9.7407;2.6765;10.993;18.703;-0.15705;19.415;-15.817;-4.8448;-3.3556;-6.9821;-8.7652;4.2361;-5.013;-6.3726;-2.0005;-5.0008;4.6867;-1.8796;-5.6965;5.0552;-12.692;-7.9708;-7.2935;9.188;7.3102;-6.4735;2.3619;-1.8464;-4.8132;5.1811;-2.3799;-4.9225;1.7774;-1.3953;-8.7012;4.0453;0.36127;0.29531;0.89257;0.59603;0.77173;0.28225;0.72803;0.48407;0.082819;0.22011;0.23561;0.44121;0.41498;0.76973;0.45887;0.076634;0.15399;0.081033;0.38431;0.40143;0.66056;0.6436;0.29126;0.99244;0.6036;0.77212;0.51845;0.26618;0.73091;0.3719;0.08376;0.67615;0.54583;0.25693;0.82443;0.31617;0.41995;0.22031;0.36694;0.83806;0.96453;0.51071;0.38549;0.58797;0.92791;0.55383;0.27663;0.31588
27;-2.6395;-1.9255;-1.0011;3.4946;2.7041;3.1711;-9.6296;-5.4524;7.1683;-11.154;-0.29429;-22.963;-8.9152;1.555;-2.0853;-4.5442;-2.6583;-12.912;7.3652;9.1951;-3.0304;-14.777;7.9093;-8.499;6.2911;-6.2817;-12.628;-6.3261;-5.0262;6.2966;8.0721;10.019;-14.559;10.18;-10.057;3.8625;-13.357;9.6386;2.5843;-17.72;4.9524;-0.16274;15.836;-15.812;-6.6326;-3.057;1.7306;9.7545;0.48153;0.92526;0.1667;0.91666;0.78596;0.26517;0.14132;0.6373;0.15085;0.864;0.1296;0.70521;0.1291;0.64571;0.68428;0.87993;0.043365;0.43852;0.86337;0.652;0.21274;0.33848;0.33218;0.126;0.79195;0.68721;0.73012;0.91162;0.9342;0.78919;0.62494;0.97751;0.38014;0.63888;0.83413;0.91803;0.035581;0.80545;0.80464;0.59528;0.33048;0.56473;0.6245;0.2094;0.90456;0.37303;0.98869;0.90813
28;6.2664;6.5914;11.286;16.382;1.6053;-8.8015;-14.308;-3.1045;9.572;4.3561;11.051;-12.775;-4.919;0.45306;4.2632;-3.2864;6.49;5.675;1.5928;-14.486;10.829;-12.089;11.315;-13.822;2.9265;-3.7946;-0.14388;6.9944;-21.416;-7.7901;-9.17;-4.8508;9.4466;4.7706;5.9119;18.84;-5.6613;11.009;-8.0178;8.0577;17.79;-1.2571;4.8694;-11.186;12.717;-12.335;-14.27;-24.701;0.37409;0.073692;0.057141;0.23288;0.78696;0.15493;0.36853;0.34794;0.47396;0.3772;0.51483;0.59154;0.024859;0.70588;0.99607;0.92035;0.81057;0.91029;0.46974;0.70777;0.27667;0.08915;0.55407;0.32317;0.68286;0.99668;0.88399;0.42403;0.1811;0.17518;0.98155;0.83593;0.19587;0.28923;0.15001;0.84208;0.55038;0.48156;0.026743;0.94141;0.099919;0.38706;0.62843;0.662;0.34434;0.64389;0.8452;0.69002
29;20.586;5.7043;5.4185;6.5795;3.9553;7.4819;13.616;-7.9792;-1.4221;11.147;4.5815;5.3615;-0.42612;4.9342;0.38418;-7.2493;-6.326;-9.8554;-19.54;-6.1062;-12.124;7.0699;-2.9496;3.785;-15.161;11.851;-13.419;10.384;-6.2686;10.133;-2.0316;11.434;6.8481;8.173;2.659;-3.853;-4.1086;-6.9148;2.9486;-0.21656;8.3815;10.368;17.11;-3.2905;1.9307;11.835;3.8436;5.3107;0.15802;0.67104;0.98471;0.61868;0.65242;0.20876;0.21963;0.73142;0.80433;0.80582;0.10546;0.42986;0.20393;0.11057;0.46319;0.47413;0.1061;0.14637;0.15417;0.18329;0.40858;0.98572;0.11102;0.69822;0.59167;0.96976;0.57882;0.59369;0.79928;0.77702;0.80811;0.57468;0.46255;0.46347;0.055757;0.89358;0.60409;0.89513;0.45899;0.95498;0.015868;0.18205;0.9802;0.68064;0.30937;0.66863;0.85817;0.0085428
30;14.628;9.329;16.368;14.874;9.0609;-5.5955;6.6219;2.1086;8.8185;-4.3397;6.3735;-1.185;5.0451;8.2053;-13.993;-0.8098;-4.0545;2.219;0.62058;-7.3068;0.75652;6.5006;2.8667;-7.3366;-3.8528;-6.9095;-0.72691;-3.7579;-9.6088;-4.3698;-9.2593;7.3296;-2.0864;-0.027613;9.9844;-5.1446;0.66857;-5.119;4.7026;-7.8391;0.43933;-6.0625;-0.96182;2.4105;2.4362;6.6625;-2.807;-1.6476;0.84537;0.54104;0.67851;0.6328;0.7853;0.85455;0.057344;0.46787;0.46325;0.34268;0.28498;0.84532;0.4363;0.082891;0.72445;0.40967;0.53317;0.61306;0.38017;0.088337;0.289;0.47784;0.082392;0.21664;0.66202;0.37899;0.95862;0.47194;0.08099;0.52226;0.95401;0.56467;0.084199;0.45709;0.20379;0.33703;0.88647;0.49542;0.67614;0.73929;0.76803;0.10357;0.88536;0.52448;0.71627;0.18724;0.47091;0.3879
31;-2.8429;-3.1949;-3.2995;6.5933;0.51211;-0.24204;4.8141;-5.2166;-5.1989;-3.2349;-0.24356;11.129;-6.0131;-9.1121;-12.824;-4.3461;-17.514;1.8392;-14.283;-10.527;7.5321;-4.0739;5.0379;-10.212;3.1344;9.8627;16.242;7.2259;-13.41;1.8737;-3.234;9.6649;-12.235;-2.4184;-6.4428;-0.049265;-12.664;-0.70074;-9.1985;-4.1757;7.6405;-0.50976;-14.324;3.7935;0.85191;-6.1432;3.7576;5.1463;0.82939;0.26747;0.80505;0.87578;0.98404;0.22597;0.16131;0.54194;0.51911;0.94975;0.43346;0.78909;0.44358;0.084309;0.033012;0.4542;0.92944;0.0047018;0.038255;0.13036;0.48478;0.095056;0.57077;0.96865;0.83485;0.23405;0.27881;0.37566;0.62578;0.73625;0.90502;0.81088;0.8968;0.73399;0.12086;0.48526;0.53843;0.09238;0.26338;0.25141;0.52423;0.17491;0.78242;0.69065;0.65898;0.93781;0.3691;0.4241
32;4.8735;-17.957;-14.218;-9.158;17.949;-18.361;4.6288;10.365;0.66655;-3.5815;1.9526;2.8705;-1.9622;-11.367;2.7526;-10.187;7.5572;-13.462;11.361;-4.189;-0.58094;9.8615;-3.5662;-6.3386;-2.0546;-11.178;1.3901;-9.8822;-10.903;3.9449;-2.2582;3.626;17.577;-6.3292;-1.5986;14.124;-11.983;9.4554;-0.28282;-6.4588;8.273;-8.4869;15.938;-6.1904;9.1301;5.093;7.3402;6.6022;0.95739;0.64239;0.38681;0.41426;0.56402;0.52172;0.50511;0.73057;0.14667;0.59409;0.23001;0.72813;0.35195;0.11661;0.68595;0.53882;0.79376;0.20896;0.69644;0.55009;0.2647;0.48855;0.89595;0.62096;0.36448;0.051616;0.93195;0.14812;0.088517;0.69878;0.40172;0.37039;0.84784;0.41988;0.12979;0.37484;0.98404;0.31455;0.51743;0.45394;0.42518;0.76862;0.055329;0.99961;0.2422;0.22729;0.031525;0.88233
33;-4.7944;9.413;20.05;-13.009;2.565;-0.71225;6.8754;2.2858;-16.34;33.086;-2.4281;-0.52952;0.99534;5.0948;11.282;-3.7693;7.0688;2.5592;-3.6109;2.0801;0.33653;-7.6869;-23.305;28.838;15.545;11.674;-5.788;-0.72826;19.109;-5.7441;7.2826;-6.1625;-9.3568;8.8504;-4.8182;4.3962;-9.2723;5.0529;16.338;-11.342;13.145;-6.9535;7.5831;-6.2674;-1.0648;1.8453;-4.0215;-7.8177;0.6349;0.66088;0.71267;0.32248;0.27931;0.15366;0.67351;0.17567;0.92169;0.16866;0.17544;0.41024;0.59196;0.027089;0.81666;0.18153;0.035032;0.67453;0.43392;0.86708;0.59845;0.94335;0.33478;0.54711;0.43828;0.15981;0.73793;0.63827;0.84135;0.59428;0.36385;0.9979;0.19131;0.84097;0.27514;0.39472;0.91358;0.44522;0.77342;0.20925;0.82534;0.092299;0.78244;0.46426;0.74765;0.64357;0.49309;0.23873
34;1.6428;7.5766;1.9972;4.9491;-7.8291;5.8684;-11.514;-3.4198;-2.9107;-6.7055;7.4957;-4.2146;6.428;1.7194;-4.6282;0.22548;-9.5769;11.22;-4.9641;-5.1444;11.39;-2.51;-3.026;14.054;4.5347;8.1946;10.795;2.6902;9.8845;7.2667;3.3003;11.046;-2.0363;7.7202;-0.82079;3.6368;-2.1948;-12.911;-8.0811;-6.6237;3.9878;7.4893;-5.3954;0.35863;5.9032;-7.1996;1.3647;-0.17865;0.22427;0.92541;0.38312;0.20253;0.33433;0.60651;0.17629;0.32812;0.3826;0.14893;0.92508;0.164;0.61714;0.27257;0.10651;0.86235;0.45299;0.81008;0.55764;0.36209;0.83358;0.84419;0.080198;0.24522;0.20563;0.045125;0.17437;0.42685;0.6124;0.2797;0.58104;0.73453;0.19533;0.47728;0.31351;0.77834;0.75471;0.90773;0.44228;0.34903;0.49842;0.20898;0.17692;0.9054;0.56207;0.95812;0.15769;0.5438
35;-4.7025;-0.5191;-3.9012;6.6472;-7.1716;-5.3369;-4.0695;5.3666;-5.5871;-9.6634;-0.90534;-0.07651;4.699;14.824;-13.78;3.159;3.0582;12.377;-1.6797;-8.909;4.3958;4.3127;-6.0942;7.5296;3.2845;-1.95;2.1158;0.29403;-3.7758;11.034;13.778;9.6018;7.3871;-7.9433;6.1854;-17.444;-5.2591;3.7395;6.1081;9.6095;-3.5336;11.034;-5.3208;12.012;6.1921;-0.31057;4.4774;-2.5832;0.73617;0.077581;0.4935;0.90479;0.073624;0.20503;0.98398;0.21997;0.031201;0.16983;0.28986;0.29354;0.021317;0.59783;0.049545;0.21219;0.59217;0.98954;0.65597;0.32457;0.22547;0.74832;0.75261;0.35342;0.60949;0.76496;0.7598;0.74902;0.032021;0.41765;0.25073;0.51115;0.38949;0.1937;0.29366;0.9747;0.61072;0.087766;0.23696;0.19109;0.91123;0.17619;0.30088;0.36215;0.042068;0.010152;0.87038;0.72693
36;-5.8063;12.726;-7.1729;-2.609;4.6786;-0.98093;-17.248;-11.46;4.7121;-12.226;-2.4488;2.4701;-12.666;-0.68846;-0.84937;-4.6002;-3.7588;17.052;-6.0969;2.7522;9.7022;-0.58133;-4.4157;4.8111;-0.74472;1.1698;-9.9808;-3.5305;12.063;2.1003;4.7053;-15.064;-4.2773;-6.4156;8.3007;10.96;0.27167;3.8289;-7.6696;0.97312;1.2097;-0.79107;19.712;21.144;9.7879;6.2474;16.046;-4.7732;0.66511;0.99183;0.46307;0.61745;0.19953;0.063901;0.69556;0.48513;0.35173;0.29353;0.10257;0.81183;0.71937;0.054561;0.77873;0.098942;0.78878;0.81963;0.40784;0.97411;0.66306;0.24633;0.71408;0.40616;0.2304;0.01331;0.86024;0.1484;0.92516;0.74694;0.14539;0.62131;0.15252;0.73781;0.91735;0.3954;0.73596;0.95888;0.70449;0.70785;0.32334;0.63103;0.1355;0.67775;0.42985;0.71725;0.63262;0.87323
37;-14.181;7.6549;-2.2442;-21.902;-8.7704;-4.0806;-0.7208;5.6509;8.9571;-3.4125;-7.4118;5.278;9.4701;-6.7193;-6.2908;-2.3801;5.6429;2.2969;-14.175;-4.0135;-11.147;-6.2542;-4.0818;-2.1252;8.8554;-3.6776;7.3807;0.65009;-3.76;19.182;-6.9118;-12.079;2.6055;2.6651;-8.7334;-2.2109;3.402;5.5033;-7.3827;3.6766;-6.3374;3.8775;-2.4049;20.405;15.902;2.5192;17.482;3.1707;0.80248;0.4863;0.95529;0.45739;0.3896;0.45456;0.8435;0.42668;0.49403;0.042312;0.96196;0.52112;0.61054;0.48627;0.85986;0.67946;0.56357;0.33304;0.45132;0.4607;0.18397;0.29269;0.64871;0.17624;0.0052707;0.53207;0.73167;0.037361;0.91455;0.84018;0.55608;0.90078;0.49581;0.11744;0.032867;0.32481;0.34101;0.77499;0.3727;0.52664;0.35358;0.56583;0.16525;0.53652;0.67462;0.50013;0.0050413;0.8112
38;12.21;11.789;15.896;1.724;-0.83031;7.764;-5.6332;0.21078;2.0888;4.8943;10.159;-6.4845;6.89;-1.4183;3.1598;-2.4079;-11.263;-9.2233;11.993;13.82;-0.21035;-0.50822;-12.864;-9.2956;11.937;6.2616;18.926;9.776;0.73166;1.2903;-13.04;-11.931;-12.225;-12.39;9.3555;5.0637;-16.749;1.5588;-7.3334;7.1698;-0.91028;11.236;-9.574;-19.402;-7.8156;11.241;11.123;-10.161;0.48354;0.17893;0.29695;0.90964;0.46962;0.57578;0.60422;0.94745;0.62657;0.63372;0.34203;0.90483;0.60309;0.30269;0.070448;0.13393;0.16326;0.27863;0.61232;0.56526;0.78022;0.74991;0.27434;0.60939;0.86069;0.81879;0.78723;0.11535;0.70616;0.15776;0.53885;0.44188;0.56238;0.36712;0.77792;0.099648;0.71886;0.58302;0.34248;0.33493;0.2509;0.043754;0.033453;0.69432;0.19816;0.52216;0.2009;0.40681
39;-3.9739;4.9;17.029;7.14;-3.9968;-9.3635;-4.8662;-7.1009;-5.7761;-27.383;-5.6792;6.0034;-4.3825;-5.278;-4.9641;5.1933;-6.541;-3.0282;7.1318;-8.1457;0.51302;-4.6471;3.8493;-9.4736;0.27233;-5.8508;-1.6117;4.2016;-7.836;-6.9148;18.419;11.544;5.1562;-6.6243;14.111;-1.1536;7.205;1.3439;-6.5045;-3.7809;6.5697;-6.4991;9.9483;-17.239;-2.6632;1.3456;-0.14489;7.6735;0.53978;0.78699;0.94246;0.38813;0.98256;0.85979;0.28419;0.23949;0.086485;0.89469;0.77217;0.3652;0.9849;0.71094;0.29795;0.78825;0.59862;0.87271;0.72315;0.46042;0.50225;0.26906;0.34033;0.82766;0.77998;0.027614;0.94035;0.92684;0.33161;0.92198;0.044883;0.079373;0.40386;0.84036;0.41089;0.35368;0.62617;0.16003;0.83109;0.24375;0.46957;0.29493;0.37911;0.36858;0.27606;0.663;0.77755;0.52707
40;11.562;-11.469;-2.7171;8.361;-1.7612;9.496;6.7815;3.8806;1.1937;-3.8699;4.6584;-7.54;-6.6244;0.081168;-1.1756;6.102;8.3836;9.2011;-4.3923;6.4116;-1.1598;-4.8159;7.5086;0.16782;8.0287;-8.3534;2.285;1.7146;-4.0422;-13.951;0.99806;8.3994;15.703;4.6171;-1.3714;-12.028;-4.1951;0.70696;-7.6218;-10.597;1.2216;1.8711;26.105;-3.1468;-8.0182;-9.2646;13.866;2.8021;0.98611;0.011504;0.024577;0.69903;0.86957;0.51301;0.50154;0.67852;0.098995;0.54717;0.073651;0.9585;0.090142;0.19144;0.65649;0.60143;0.5005;0.98744;0.69026;0.27519;0.81217;0.59629;0.76398;0.55292;0.13518;0.80083;0.24016;0.46213;0.73147;0.35438;0.24895;0.34442;0.46761;0.93069;0.34583;0.96379;0.97689;0.7481;0.7316;0.5503;0.74904;0.33505;0.5414;0.9482;0.39371;0.59604;0.45669;0.84725
41;13.487;-8.6252;5.9233;-16.696;-13.617;0.98075;12.537;-3.8467;1.6776;1.4323;-2.0704;-4.5366;-11.907;-6.7407;8.0583;-2.0014;-1.0782;9.8929;6.5482;-3.7067;5.8091;-2.0728;0.8261;-17.553;4.6332;19.932;14.069;5.2243;-10.238;-4.2421;12.405;5.3391;-1.9456;14.789;-2.0523;18.492;-0.68302;-3.2515;2.9601;-1.8427;-16.716;9.957;15.038;-3.2266;-15.571;-18.225;-1.4024;22.69;0.16217;0.148;0.44096;0.04765;0.69079;0.093633;0.95746;0.43176;0.57102;0.84146;0.84907;0.8793;0.49192;0.96043;0.91854;0.75665;0.24398;0.59769;0.67846;0.32788;0.28066;0.93707;0.51103;0.90245;0.12229;0.9275;0.7297;0.93519;0.79358;0.19421;0.96136;0.06363;0.82161;0.2865;0.082914;0.70488;0.90261;0.67666;0.20121;0.34555;0.71834;0.46404;0.80982;0.45212;0.58163;0.14103;0.34255;0.014325
42;-14.808;-5.6231;-0.39691;-6.7413;0.58523;7.1965;-11.284;0.87694;12.76;23.253;-1.3234;0.9683;12.153;2.5524;5.6302;20.381;-8.5295;4.2518;0.81768;-1.7167;-10.099;1.5542;-2.4001;-8.9617;-1.4465;0.58313;14.704;-7.076;5.352;14.303;6.1405;2.8626;-9.7264;10.147;-2.5938;11.7;3.6502;-0.36918;-21.338;-19.899;4.0163;14.402;-14.162;-12.879;10.112;8.5437;5.3392;-14.098;0.47916;0.14938;0.89657;0.15748;0.61394;0.3534;0.34959;0.69661;0.90564;0.61643;0.87403;0.86575;0.79676;0.70533;0.16956;0.22667;0.80945;0.53235;0.92234;0.87957;0.21109;0.37104;0.37296;0.25498;0.79004;0.79961;0.60846;0.069815;0.35;0.96578;0.14332;0.45367;0.51816;0.52231;0.97971;0.79159;0.048131;0.56462;0.89913;0.29611;0.58278;0.52244;0.87126;0.2887;0.25904;0.37291;0.70325;0.90073
43;2.0801;3.5916;5.538;-0.91173;-11.893;6.0211;-11.396;-11.372;2.7121;4.403;-4.3604;0.63126;7.1167;-7.8583;4.8353;2.0353;-5.8205;17.531;11.797;0.59734;3.5321;-7.3138;-10.839;4.0834;-6.9368;-2.0882;4.3079;10.804;-6.4115;1.414;-5.3603;-9.6076;-6.6193;-1.3161;-8.6679;-12.756;-9.5431;5.8016;-3.5184;1.9421;-6.173;1.5619;6.0184;-7.514;-8.2532;3.1395;6.7314;-10.311;0.69287;0.98807;0.60174;0.25828;0.30962;0.48243;0.067225;0.66724;0.18733;0.19433;0.53075;0.69891;0.18341;0.479;0.35869;0.95961;0.34601;0.82775;0.24953;0.85124;0.46523;0.77679;0.7293;0.57901;0.72767;0.98519;0.32928;0.94959;0.36111;0.3866;0.43567;0.90479;0.75669;0.57543;0.58599;0.71257;0.74666;0.16246;0.16777;0.66376;0.95948;0.12495;0.92555;0.62899;0.046318;0.98956;0.96314;0.16253
44;-3.0522;2.7958;0.47455;-13.606;-3.7695;6.013;5.2527;-7.6226;-10.745;5.3492;1.6097;6.3139;-3.3304;5.4646;-5.0488;1.9369;19.969;-2.6091;-2.6512;-12.857;-19.392;8.4342;7.9855;3.338;-1.3296;13.631;0.33888;-17.398;9.3898;-4.4957;4.3936;-6.6797;-12.764;6.0576;1.3287;3.8477;-12.437;11.972;4.3995;-3.4421;-2.4531;2.7067;4.6956;10.487;-15.488;9.0193;-5.3236;5.0563;0.92797;0.35657;0.57434;0.14302;0.48008;0.18927;0.29742;0.93239;0.27184;0.05904;0.12244;0.14432;0.89397;0.92641;0.70321;0.24354;0.81337;0.39306;0.056056;0.75591;0.37115;0.92531;0.80498;0.030194;0.538;0.70494;0.81049;0.54924;0.4993;0.3488;0.56113;0.63759;0.45236;0.60204;0.6662;0.13411;0.3497;0.41704;0.41585;0.22382;0.1949;0.78424;0.12628;0.090853;0.9324;0.29166;0.33289;0.92728
45;3.8688;-7.8966;2.2206;-13.597;8.1254;-6.0159;4.8069;-13.763;1.6697;4.0064;0.70982;3.8372;-13.162;3.7001;-1.5139;-8.606;8.338;2.9936;-4.5119;8.4015;-7.218;-4.7535;-20.342;-0.010896;-8.5032;18.657;-9.71;-6.194;3.1684;-3.6028;12.588;1.7024;-7.6039;1.4206;-11.418;11.382;0.83581;4.2032;-1.717;7.0931;-10.218;-0.47672;9.084;3.1859;8.252;4.7433;-10.497;1.4597;0.28036;0.35162;0.45433;0.37616;0.48596;0.16364;0.75875;0.83629;0.88416;0.91681;0.81995;0.79799;0.4296;0.76989;0.52521;0.36959;0.22267;0.31743;0.48109;0.18214;0.48751;0.87165;0.46175;0.10365;0.92737;0.94426;0.58816;0.48215;0.34539;0.50356;0.80436;0.73277;0.12887;0.36162;0.83118;0.66494;0.3334;0.91143;0.22192;0.69218;0.47116;0.89284;0.28415;0.44137;0.42188;0.61058;0.044259;0.4475
46;0.55285;-3.393;-12.728;-5.3494;2.5538;-10.676;11.402;3.9701;-2.7357;-0.68054;-14.092;-3.8575;8.9583;5.7972;-0.90427;-14.317;-2.8096;-1.6418;11.527;10.701;-3.3274;0.75019;-8.2898;-10.73;1.0009;7.2213;-18.995;2.0193;-0.30669;1.9338;11.799;18.882;-14.073;5.0259;20.657;10.094;-8.9928;6.9405;2.7671;15.35;1.1325;-5.3911;10.448;-11.737;15.515;-4.2558;-8.0563;-3.1226;0.87049;0.96588;0.94273;0.50451;0.30254;0.64567;0.78504;0.37921;0.7599;0.98254;0.083254;0.89949;0.44194;0.47779;0.92835;0.57157;0.62148;0.48131;0.13486;0.18955;0.3738;0.94859;0.75959;0.96688;0.88499;0.72516;0.74476;0.92686;0.58753;0.1656;0.011261;0.60411;0.76964;0.39047;0.93978;0.074105;0.15416;0.35122;0.48789;0.95472;0.70639;0.94589;0.55092;0.7083;0.63057;0.93673;0.58257;0.37985
47;3.566;13.991;6.2523;7.9752;-5.8782;-11.781;-3.6965;12.881;7.7259;-11.069;-3.6042;4.9957;0.45725;8.1424;-10.596;-1.6303;1.0977;4.5225;2.7593;-10.119;5.0813;-10.762;-1.3736;18.511;2.0397;12.127;-8.6768;4.1498;4.1922;-0.78554;9.4994;15.809;-1.1731;-12.635;-10.443;7.8239;-8.3338;11.522;-7.7039;11.976;-3.8391;1.9372;-9.8618;-7.872;3.5441;-8.2646;-0.39476;-3.6757;0.82604;0.29158;0.058926;0.18644;0.75886;0.88061;0.054501;0.20666;0.044785;0.96271;0.60471;0.1189;0.68133;0.64249;0.64488;0.52282;0.84717;0.089201;0.20652;0.49929;0.95128;0.063981;0.021416;0.30297;0.45597;0.2242;0.61227;0.73543;0.29759;0.15859;0.35464;0.58127;0.14329;0.52502;0.29565;0.42356;0.81264;0.36997;0.87854;0.79966;0.053849;0.15971;0.79202;0.95093;0.29045;0.42156;0.016948;0.87997
48;5.1578;5.8827;-4.6692;0.75711;1.4631;14.538;-6.096;16.251;2.8198;-11.195;4.1703;-27.452;9.848;10.605;13.011;10.129;-11.596;-4.4425;3.547;2.614;8.9622;-0.032761;-2.1747;-3.5486;-5.2317;-6.2163;-11.662;5.6014;-6.6654;7.0814;11.586;-9.9328;-4.1655;-3.6089;2.0626;-9.34;3.8205;-8.0773;5.4236;-2.3322;2.4624;-3.7825;-20.906;2.0246;8.7274;-7.7234;-5.1859;7.1811;0.44359;0.25444;0.98998;0.6684;0.47736;0.009825;0.57049;0.75424;0.58033;0.7118;0.36288;0.36871;0.47682;0.48205;0.62151;0.9312;0.22361;0.53633;0.89317;0.73284;0.014449;0.40117;0.4337;0.34806;0.057988;0.28923;0.79708;0.99862;0.80331;0.1163;0.8351;0.69396;0.96334;0.53796;0.95975;0.71674;0.76242;0.76569;0.80888;0.75295;0.81751;0.44072;0.73183;0.021556;0.92207;0.47444;0.67028;0.87473
49;-2.354;-3.9935;-1.1826;-4.3676;2.9747;-1.8769;-5.6814;-14.776;4.13;11.103;-14.952;-15.016;-2.3331;-15.229;5.4481;-1.2614;-7.2428;4.5969;-18.537;-3.3947;10.409;-10.378;-4.2068;-4.6698;8.9152;4.7731;8.8242;8.8899;-8.1801;4.7394;0.65858;-15.676;-2.5403;3.6827;1.1753;-3.8682;-1.483;8.5339;-7.7844;2.893;-4.1712;17.215;-4.9589;-9.0953;-10.551;8.3941;0.4153;-2.968;0.52399;0.69796;0.85452;0.49177;0.096318;0.85693;0.91286;0.85075;0.034301;0.72896;0.7904;0.55335;0.14791;0.20309;0.92989;0.93563;0.66144;0.037544;0.87394;0.38617;0.91648;0.72862;0.43987;0.26161;0.57289;0.36365;0.64799;0.28996;0.93853;0.66706;0.8343;0.9339;0.020209;0.35057;0.25593;0.86756;0.60686;0.17071;0.93603;0.82396;0.44527;0.93268;0.017129;0.52653;0.13931;0.12048;0.88206;0.56683
50;-0.69228;0.84735;-9.0838;-0.013831;-2.1332;4.4917;4.4087;-0.54224;6.6276;8.5156;-4.1094;9.3889;-2.5877;-7.1498;1.3986;1.9439;-4.9916;-10.123;-6.243;-1.755;1.6248;3.6989;7.3007;-6.3923;0.83748;-12.32;4.52;-8.9541;10.596;-0.048978;-2.0614;-5.5964;12.128;2.0627;-0.84632;2.9426;8.0334;-9.4528;2.7928;-1.9399;-7.5046;9.448;0.20655;-9.7035;-0.50536;-5.7775;1.7976;-0.74742;0.9149;0.45963;0.78757;0.73162;0.88342;0.91442;0.063325;0.18036;0.31808;0.77595;0.67117;0.77809;0.06519;0.24332;0.021926;0.68149;0.66674;0.073124;0.18446;0.74513;0.81606;0.50175;0.92099;0.082939;0.83813;0.82934;0.802;0.37469;0.25348;0.27646;0.21288;0.54337;0.36944;0.50518;0.073133;0.10965;0.047583;0.73801;0.23808;0.69382;0.66615;0.7895;0.20184;0.24048;0.13188;0.78543;0.9311;0.93497
normalized population
1;0.78331;0.026292;-0.54204;0.2979;1.5297;-1.5069;0.12337;1.6147;0.91417;-0.44382;1.2072;0.3715;-1.0626;-0.46524;-0.54942;1.1067;0.67306;2.2564;2.2376;-1.9231;0.14151;2.7915;0.91261;-0.2487;0.26179;0.12557;0.69679;-0.034473;0.94209;1.0774;-0.6565;-0.98775;1.13;1.3382;1.4624;-0.56877;0.70235;-0.99175;1.4257;-0.25977;0.82274;2.0613;1.0992;1.5152;-0.23003;0.15591;0.9565;-0.19467;-1.3767;0.014801;0.13515;1.7042;-1.2108;0.56563;-0.53765;-0.99331;-1.2539;0.71505;1.2561;-1.7698;-0.91965;-0.26841;1.0188;-0.28036;0.056603;-1.0117;1.1679;-0.48036;-0.035871;1.4752;0.30317;1.643;-0.15681;1.3375;-0.83971;-0.71762;-1.4398;1.5755;0.25037;-1.6544;-1.1362;-1.0151;-0.91856;-0.95862;-0.88221;-0.7663;0.77806;0.69046;-0.4768;-0.023965;1.0751;-0.20618;-1.5201;1.1439;1.4996;-1.6063
2;0.74819;-1.0512;1.3569;0.66639;0.54215;0.7826;0.856;0.96463;-0.69733;-0.23856;0.86729;0.64393;-1.5057;-0.6854;0.97579;1.5986;-0.28101;-0.030715;-0.4072;-0.95853;0.2204;-0.43646;-1.1913;0.62275;-0.053356;-0.15382;-0.11279;0.96076;0.41272;-0.92891;-1.1153;0.97541;2.3434;0.56679;0.92665;0.18398;0.5073;-0.1895;0.11541;-0.5418;0.37424;0.28556;-2.2639;-0.68781;-0.79718;-2.8447;-1.01;-0.75305;1.3807;1.5267;1.3866;-0.52536;0.8415;0.8851;-0.20903;0.19608;-0.85571;0.99157;-1.5233;-0.96404;-0.70705;1.7972;0.92922;1.5007;1.6698;0.12568;0.97112;0.79674;1.6826;0.3688;-1.0028;-0.0069309;-0.087964;-1.5166;-0.074276;-0.77887;0.9751;1.404;0.76675;-1.179;0.60831;-0.020267;1.1954;-1.6188;-1.5634;-1.8386;0.55989;-0.92253;1.6586;0.68111;-0.78917;-0.57377;1.0401;-0.024823;-0.29902;-0.41333
3;0.15674;-0.43936;0.75192;0.093815;-0.25384;-0.17186;-0.13404;0.88829;-0.81745;-0.54009;-1.8787;0.14556;0.50158;1.1356;1.041;0.36091;-0.12117;0.036121;-0.3928;-0.11246;2.6145;1.303;0.54826;0.93045;-0.96731;-1.6618;-0.99031;0.44578;-1.7456;-1.2178;-0.23698;-0.8954;0.50493;-1.8504;-0.5671;-1.6279;2.7462;0.044818;-0.41597;1.1053;-2.8639;-0.041735;0.22484;0.53109;-0.24515;-0.2712;-2.072;-0.083232;-0.45618;0.73477;-0.0040463;1.4574;-0.88171;-0.51041;-0.27544;-1.1424;-0.11841;-1.3175;-0.27427;0.76288;0.2294;1.3834;0.74735;1.3328;-1.101;1.5587;-1.2529;0.90591;0.33492;0.74953;0.88206;-0.82437;1.0594;0.52716;-0.35263;0.53314;-0.27547;0.91515;0.0006528;1.5998;-0.4549;-0.22087;-0.11578;1.4768;-0.16828;0.43309;-0.82403;-0.26217;-1.6801;-0.4531;-1.4745;-1.1023;-0.35531;1.104;0.52541;-1.0708
4;-1.2807;-0.048209;1.3558;-1.0576;-1.1879;0.4238;1.3533;1.2183;0.76182;-0.73153;0.95887;-0.25354;-0.29959;1.4844;0.23701;2.0381;0.25585;-0.7525;0.85916;-0.8769;-0.59696;-0.046664;-0.36093;0.49892;0.078496;0.24674;0.42513;0.30338;0.49387;0.15937;0.5841;-1.1407;-0.13355;-0.45203;-2.2582;-1.7618;-0.1149;-0.78478;-0.50264;0.11576;-0.76594;-0.36985;-2.0302;-1.3905;-1.6878;1.2156;1.4633;0.22449;1.2097;0.70111;0.21083;0.75303;0.64399;0.81794;-1.1787;-0.41465;0.28928;-1.4309;-1.502;0.32564;1.2707;0.38965;0.94448;0.82239;0.22933;1.7825;-0.92299;1.5238;1.6773;1.0158;-1.281;-0.04992;-1.4112;-0.073724;-0.51951;-0.0027903;1.1062;-1.4865;-0.62055;0.042318;0.21275;1.9329;1.0326;0.28966;1.4412;0.48506;1.5475;-1.6011;0.10971;1.5206;-0.51258;-1.2762;-0.95645;-0.15053;0.22632;-0.44214
5;-0.10269;-0.71561;-0.42014;-1.0785;-1.1474;0.63297;0.59974;-0.89759;-1.2102;0.12545;1.4117;0.66568;-1.1206;0.82995;-0.4711;-1.4448;-0.5813;0.096447;-1.3897;2.34;1.1205;-0.40304;0.92303;0.45568;1.7599;-0.7054;-0.76273;0.49763;0.67096;0.84024;-0.34161;-0.15863;-0.5205;0.76659;0.29993;-0.81718;0.13222;-1.1684;0.16075;0.012657;-0.22542;0.76672;0.36952;-1.2308;0.3074;-1.3669;-1.0634;1.3482;0.57041;1.0102;-1.3539;-0.20419;0.18044;-1.2213;-1.507;-0.42149;1.3776;-1.0929;0.22038;-1.8278;0.079318;1.545;-1.4948;1.2302;-0.59589;0.17474;-1.43;-1.6055;-1.0951;-0.59992;1.4817;0.058427;0.32024;-0.61217;-1.0628;-1.208;0.15174;-0.72425;-0.12957;0.076846;0.86866;-0.73801;-1.198;-0.59185;1.3495;0.26399;0.44017;-0.2525;-0.73125;0.31548;0.87858;0.98114;1.8163;0.26423;0.23588;1.2753
6;-0.63655;2.2236;-0.67847;-1.0667;0.94927;0.56945;-0.81339;-1.1918;-1.6228;0.70723;-1.3373;-0.31103;0.92782;-0.60596;1.1825;0.9235;-2.0189;0.37727;-0.082615;-0.89362;0.1357;0.91414;0.24615;-1.0414;0.23504;1.1529;0.17729;0.20785;-0.67551;-1.0608;-0.9068;0.64478;-0.66805;-0.89257;-1.457;-0.28496;-0.83397;0.23051;-0.25164;1.983;-0.50086;-0.76585;-0.10581;-0.49189;-0.1584;-2.2156;-0.31498;0.96059;-0.41394;-0.91541;0.68693;0.24122;-0.12839;-1.484;0.60711;1.4664;1.1682;-0.25891;-0.63772;-1.8178;1.2383;-0.6461;-0.82537;-1.2583;-0.43038;-0.65579;-1.609;-1.1893;-0.11005;0.16489;0.31036;-0.66879;0.94612;-1.4985;-0.57051;-0.99102;1.0542;0.99054;0.6638;0.10475;1.0637;-0.16797;0.68252;1.4085;-1.4632;-1.0799;-0.97623;0.35794;1.6577;-1.0591;-0.10209;1.4614;-1.2416;1.4657;1.243;0.072123
7;0.87975;-0.66231;0.017966;0.30887;0.10441;1.0927;0.16621;2.04;0.31751;0.23604;0.069419;1.3965;-0.62196;-0.74594;0.034604;0.038854;-0.26344;0.41082;0.37569;-1.9865;0.83096;0.26477;-0.54574;1.2134;-0.58519;1.1155;0.64905;-0.49972;-0.78642;-1.2015;0.8895;0.55337;-1.0447;1.2331;0.27856;1.0057;1.1472;-1.1115;0.47297;-0.96768;0.1756;-3.1304;-0.29485;0.48914;0.82579;0.32694;-0.32328;0.54748;-0.7297;-0.36503;0.79345;-1.3248;-1.0052;-1.1293;-1.3451;1.0417;1.3428;1.1821;0.82457;-1.5454;-0.84126;-0.80636;-1.2554;-1.4956;0.91185;-0.96509;1.396;0.11911;0.40995;1.2144;-1.7019;0.033506;0.57808;1.2943;0.91442;0.58299;-1.5626;-0.062542;1.323;0.20189;1.2437;-1.4979;0.29557;-0.67971;0.76217;-0.84052;0.78249;-1.6528;-1.4529;-0.063524;-0.23202;-1.4597;-0.81183;-0.39116;-0.10049;1.1559
8;0.80696;0.98554;0.81778;-1.0477;-1.5906;-0.39315;0.36996;0.79462;-2.3094;0.92864;1.0153;0.72606;-0.51116;-1.0339;-0.23809;1.1512;0.21298;-0.25395;-0.071182;0.15648;-0.24063;-0.80106;-1.4836;-1.5977;-1.043;-0.70745;0.4269;-0.91653;-0.021319;0.10783;0.11652;2.2987;0.14872;0.36917;-0.23133;-1.9468;0.60225;1.0747;0.10489;0.3492;1.9721;-0.22905;0.43826;-0.069087;2.8827;0.52138;0.012751;-1.7271;0.84534;0.6435;-1.6628;0.74789;0.45691;-0.30431;-1.4879;1.6305;0.6631;-1.1715;-1.2484;-0.2399;1.6604;1.0545;-0.24162;-0.056587;-1.1195;-0.0058063;0.79904;-0.16143;1.6608;0.63521;1.3944;0.72574;1.1344;-1.5277;-0.76079;0.94646;0.52266;-0.32768;-0.75334;-0.4043;-0.4469;0.2353;0.044711;-0.56447;1.3299;0.88248;1.3096;0.97507;0.18671;-1.11;0.27831;0.58476;0.85623;-1.1123;-0.04502;0.62074
9;0.69159;-2.7707;2.6226;0.17464;2.2794;2.0079;0.6723;0.25704;-0.5616;-1.684;0.25303;-1.542;1.9394;-0.21654;-0.13868;-0.65042;-0.45628;0.089584;-0.7145;0.13708;0.79122;0.16255;0.1243;-1.3928;-1.4951;0.17544;0.59082;-0.57755;0.41203;-1.6002;-1.295;-0.64504;1.19;1.1647;0.36809;0.093314;0.58886;-0.60477;1.0003;-0.68809;-0.49254;0.01195;-1.0183;0.18864;0.79898;0.48701;0.73235;-0.92198;-1.5923;1.2911;1.0767;0.013629;-1.5675;1.4164;-0.59182;0.58942;0.71797;1.2034;1.5145;-0.37582;-0.88665;-0.18625;-0.73361;-0.72852;0.24039;-0.56196;1.241;0.19552;0.40997;-0.023373;0.72261;0.42239;0.7711;0.29528;1.2238;-0.38929;0.84935;-1.1094;0.79904;0.097023;-1.0176;0.10984;0.40029;-0.52517;-1.1035;1.6906;0.16276;-0.61837;-0.39157;-0.26757;1.4694;-1.2052;-1.19;-1.082;1.293;0.87317
10;-0.55149;-1.5246;-1.7699;-0.6993;-0.18265;-2.285;0.31568;2.5662;0.11887;-0.47614;0.5612;-1.5751;-1.3353;-1.3533;1.2416;2.2733;-0.6048;0.22196;-0.32674;-0.042383;-1.1544;2.4991;0.81674;0.61952;-0.25138;-0.38024;-1.1659;0.75351;0.90233;1.4282;-0.65543;-1.1447;0.35809;0.33283;-0.75512;1.0331;-1.0621;-1.5812;-0.089069;-1.5217;-0.88471;0.66471;0.26517;1.134;0.69171;0.50113;-0.085947;1.3091;0.91856;-0.27843;-1.2404;0.42706;1.1848;1.0513;1.0253;0.74382;1.1983;1.3442;-0.86615;1.3468;-1.3418;0.59456;0.61666;-0.82444;0.77496;0.87494;0.23611;-1.2007;0.92835;0.40882;-1.1796;1.6873;0.92374;0.88253;0.98376;-0.19517;-1.1036;1.32;0.28636;-1.7665;-1.5567;1.9096;1.2841;-1.4561;1.3854;-0.51667;0.5836;0.75572;-0.30314;-1.3065;-0.36733;0.36545;-0.20581;0.795;-1.6119;-0.94363
11;-2.1698;0.73247;-0.79552;1.6866;0.45277;1.2902;-0.7715;-0.72478;1.4359;-0.85993;1.4584;-0.37471;-0.29962;-1.2793;1.7973;-0.36565;-1.0244;0.78518;1.4884;1.1781;-1.2194;0.18187;1.5428;1.1855;0.2664;0.89702;2.157;0.54155;-0.7971;-0.61383;-1.4057;-0.33135;-0.068015;-0.26823;0.45444;0.30615;0.34782;-0.18124;-0.54271;-1.5281;-1.0907;1.0315;0.003134;0.58116;-0.7325;-0.27513;-1.4706;0.45253;-0.57193;-1.6189;-1.585;-0.20803;-0.74917;1.119;1.2429;-1.1525;-1.3179;-0.17011;-0.31735;0.58941;0.91768;1.3256;-0.34389;-0.39001;1.6658;1.4145;-1.0172;-1.2069;-1.6874;-1.1565;1.3965;-0.38986;1.4896;1.3544;-2.0794;-1.2787;1.2461;0.11164;0.29629;0.18334;1.8412;1.4775;-0.56874;1.4656;-1.294;-0.28424;0.24428;0.50817;-0.97637;0.13228;-0.37714;-1.2255;-1.2005;0.65463;1.2283;-1.3448
12;-0.50661;0.37635;-0.92888;-0.33149;1.2453;0.011397;1.6948;-0.79019;-0.0028059;-0.10178;-0.61297;-1.0555;0.82514;-1.3946;0.57738;0.63701;-0.57196;0.48008;-0.88859;0.39784;-0.34594;-0.74226;0.27941;2.0076;-1.3895;-1.2727;1.3797;0.71015;1.3963;-0.95012;-0.16186;0.91435;0.23516;-0.34789;-0.93849;0.24365;1.292;-0.84338;1.2006;0.23028;0.33883;-0.88681;-0.048866;-1.0161;-0.36752;-0.93827;-0.29114;0.92358;-1.337;1.1374;-0.13157;1.5254;1.4925;-0.078525;1.261;-0.067915;-1.1683;1.1813;0.16933;0.65431;-0.019878;-0.4189;-0.0037177;1.4178;-1.9325;0.28811;1.055;-1.6092;-0.64295;-1.6963;-1.4793;0.074944;-0.58961;-0.35722;-1.3255;-0.57034;1.0099;-1.1937;1.759;0.13953;-1.3767;-1.0148;-0.56596;-1.6275;0.22919;1.1842;-0.88238;0.55848;1.5818;-0.83078;0.46699;1.1205;-1.0351;-1.2456;1.0835;-0.13603
13;-1.0061;-0.084332;0.26917;0.0010286;0.0050093;0.97992;-0.28622;0.16943;0.89783;0.81383;1.04;1.0894;-0.27785;0.3969;-1.7507;-0.38198;0.19106;0.34375;0.98152;-1.0851;0.29713;-1.4656;-0.30062;-0.97027;0.17974;1.6705;-0.58816;-0.4431;-1.6016;2.4168;-0.64946;0.59822;1.4888;1.2569;0.013956;-1.6825;-1.7085;0.48187;-2.3896;-1.134;-0.81073;-0.23982;0.53366;1.6129;-1.4337;-0.50036;-2.0639;1.0241;-0.58207;-1.5659;0.13341;-1.1008;0.79519;0.70493;-0.48272;0.049272;1.4856;0.42101;1.6417;-0.68588;-0.012132;-0.56254;-0.9243;-0.82495;1.3741;-0.78947;-1.3978;-0.3312;0.61793;0.89108;-0.23063;0.73957;0.91731;1.284;-0.99471;-0.85325;-0.77486;-0.19907;-0.51112;-1.1361;0.77583;0.49714;1.0798;0.88535;-1.4379;-1.2182;-1.0595;-0.12508;0.43999;-1.3077;-0.66419;-0.18753;0.36085;1.1369;-1.0446;-1.6542
14;2.4382;-1.4181;0.96539;-1.0683;0.72285;-1.305;-1.7317;0.79432;2.143;-1.2149;-1.6642;-0.44707;1.4768;-1.2887;1.1003;-0.61098;1.7606;2.1712;1.4062;0.050245;0.99945;-1.6632;0.088192;-0.78526;-1.7327;-0.72176;-0.79548;-0.52523;0.47105;-0.20143;0.054937;-1.5233;-0.73316;-1.314;-0.53719;0.37033;-0.49177;1.037;-0.87644;2.1511;1.0838;0.82959;-0.034752;1.9664;-0.2241;-0.37894;0.58286;-0.57896;-1.2593;-0.6088;-0.73782;0.61534;-1.8789;-1.2559;1.3127;-1.532;1.154;-0.092639;-1.3131;1.1105;-0.98488;-1.5686;-0.72164;0.70069;-0.21078;-0.43244;-0.26037;-1.0998;-0.59911;-0.67023;0.80239;-0.71851;-0.25488;0.31306;-1.9872;-0.25599;1.1272;-0.66589;-0.66511;0.22854;0.046129;2.0661;0.6833;-1.187;0.11071;1.3655;-1.3295;0.29969;-0.87566;0.83998;-1.4601;-1.0425;-1.1623;-0.037697;-1.3151;0.99061
15;-0.42483;0.6053;0.73996;-1.686;0.88356;1.7934;1.8441;-1.0457;0.9087;-0.038833;0.14867;2.0434;-0.3821;1.2062;-0.86903;0.6197;0.47364;0.12613;-0.23766;-1.0022;-0.91158;0.88612;0.55874;-0.75124;0.24963;-0.53607;-0.21033;-1.0682;0.25504;-0.512;0.11822;-0.91947;-1.1563;-0.07666;0.734;0.11881;0.25047;-1.8297;-0.49283;1.37;1.183;0.50557;0.015136;-0.49198;0.99981;0.29248;-1.0071;1.2565;-0.83576;-0.80499;1.0138;0.39894;0.19405;0.82008;1.0765;0.58261;0.8214;0.13992;0.53434;1.2225;-0.23766;-1.4215;1.5408;0.89371;0.33834;0.68315;-1.5451;-0.13955;-1.2086;0.15438;-1.0361;-0.87349;1.2908;0.75602;-0.4581;-0.26779;0.8193;-0.24762;0.79079;0.20547;-0.93931;0.5036;-0.76105;1.3188;0.30624;-0.10879;0.99035;-1.6027;0.29214;1.9088;0.77057;-0.42421;0.17844;1.351;0.19792;-0.45149
16;-0.86823;-1.3102;-0.99836;-0.0088355;0.36902;0.21083;0.98392;-1.858;1.0289;-1.8861;0.063734;-1.1422;0.15349;-1.5732;-1.5561;0.06651;1.3255;-2.3548;-0.7573;0.47768;-0.94793;-1.4332;0.47831;0.055432;-1.7603;1.1167;1.72;0.91209;-1.6203;-1.8484;1.2525;0.31218;0.17746;-0.055487;-0.71558;-0.0085278;-0.092565;0.11728;1.7779;0.96827;-0.024806;0.43066;2.011;-0.52194;-1.6313;0.35262;-0.28401;-2.1635;-1.8148;-0.20759;0.086263;-0.13689;1.3917;-0.77024;0.84937;1.5778;0.10411;0.76411;-0.014835;0.43401;1.5427;0.97686;0.069357;0.41671;0.57026;0.15697;0.73157;-0.78901;1.4085;-0.35824;-0.57208;-1.4557;0.22002;-0.93531;1.0732;1.6001;-1.1205;-0.8114;-1.8747;1.3564;-0.71219;-1.8754;0.84564;-0.83861;-1.115;-1.7485;1.6033;1.565;0.87659;-0.62198;-0.080308;0.88343;0.12712;1.5644;-0.26915;1.3974
17;0.92262;-0.34625;-0.88367;0.085033;0.91624;0.15733;-0.49395;0.88241;-0.5105;-1.1594;0.13548;-0.65275;0.73364;0.65864;1.5629;-1.0464;-0.1605;-0.18071;-1.9131;-0.035882;-1.2322;0.52737;-1.303;1.3491;2.1439;-0.32098;-0.25326;-0.58055;0.55573;1.0593;-0.63887;0.22463;-2.4685;1.5316;-0.90693;-0.48461;-0.97338;-1.3372;-0.068868;0.21113;0.16889;0.19828;0.3875;1.9882;0.42125;-1.2448;0.13393;-0.58892;0.79491;0.55856;0.18643;1.3578;-1.138;0.038269;-0.76197;-0.95567;-1.5196;-1.5121;-1.308;-1.8362;1.2896;-0.62746;0.30694;-1.0393;-0.56123;0.0028848;0.71657;-1.3107;-1.603;-1.8985;-1.3633;0.15899;0.59321;-1.223;-0.77378;-0.99309;-0.83541;-1.2313;-0.60955;-0.11246;1.0748;0.43821;1.2165;0.345;-0.72297;-0.1579;-1.1435;0.16065;-0.9007;-0.17027;-1.1053;0.10131;-0.13817;-0.05143;-0.96906;1.0676
18;-0.27121;-0.56268;-1.2487;-0.16068;-1.0691;-0.43633;1.4066;-0.42579;0.29699;-0.20511;0.66605;0.29178;0.60207;1.6228;-0.19497;-1.2888;0.59325;0.099347;1.2778;-0.83123;-0.57793;0.6045;0.37338;-0.99988;0.71104;0.92585;-0.12776;-1.7182;1.3307;0.45926;-2.1275;-1.4542;-1.1462;-0.95527;-2.626;-0.86786;2.7411;0.42018;2.358;0.92435;0.068441;1.6346;0.098131;-0.27815;0.43242;0.89716;0.83828;-0.42735;0.24865;1.3307;-0.79868;-2.1227;-0.29303;-0.98743;-1.0551;-1.7631;1.208;-1.4501;-0.07289;-0.17031;-0.34549;-0.31993;0.69235;-1.1798;0.63441;0.15141;0.65135;1.4324;0.082829;-1.5352;0.87554;1.6726;-0.69694;-0.23514;-0.89713;-1.2533;-0.43512;-1.1625;0.74335;-1.8418;1.4409;-0.34668;-0.7413;0.90971;1.2581;-0.83456;-0.9412;-0.16462;-1.4456;0.38299;1.6809;0.81673;-0.2127;0.13796;-1.5586;0.68195
19;-0.84203;0.3775;0.55387;-0.20885;1.0022;-0.49545;0.12877;-0.66796;2.7569;0.58223;-1.3991;-0.60935;-0.80604;-1.6086;0.66589;-1.091;1.4636;1.0495;-0.016671;-0.75595;-0.045749;0.47556;-0.6157;-0.33686;-0.086787;-0.63102;-0.12203;1.4569;-0.30657;-0.36929;0.64858;0.315;1.4784;-0.97933;0.5446;-0.53771;0.74287;-0.66019;-1.5564;-2.1521;-1.0996;0.70191;-0.11276;0.06046;0.33312;-0.66123;1.3197;0.47993;0.077845;-1.47;0.79492;1.4508;-0.010906;1.8034;-1.0662;0.75126;0.53045;-0.29896;1.2327;-0.51489;1.6777;-0.03792;-1.4496;-1.5519;-0.30248;1.2595;-0.28649;-0.24438;-0.75862;1.2682;1.525;-1.4184;-0.44472;-1.4324;-2.0133;1.7658;-1.7899;-0.67144;0.73673;-1.6733;-1.4437;-0.19726;-1.4441;-0.51908;1.3591;1.0822;0.60263;0.74971;-1.262;1.8112;0.4889;0.66972;0.82945;-0.82607;0.39204;-1.2971
20;-0.23407;-0.0035446;-0.72033;0.34844;-1.356;-1.8245;-0.10611;-1.6118;-0.53931;-0.052961;1.9341;-0.49349;-0.56892;1.7037;-0.9616;-0.18754;0.25855;-1.1361;-0.29327;-0.81442;-1.5401;1.3529;-0.30551;0.19261;-0.044986;-0.44232;-1.692;-0.50162;1.6267;-1.8034;-1.7278;-0.26556;-0.21462;-1.91;0.9205;1.1098;-0.60899;0.13703;0.63891;-0.092763;-0.23849;-1.3766;1.1945;1.0156;-0.90801;-0.32662;-0.83827;-1.146;-0.88266;-0.077569;0.80188;0.31221;-1.7031;-0.67423;-0.56898;1.2439;0.99319;1.3581;-1.111;-1.2485;-0.17742;-0.0055947;-0.57238;0.159;0.42303;-1.2702;0.092757;1.5434;0.029578;-1.0069;0.96303;0.29619;0.51755;-0.51392;0.078333;1.2331;0.23246;1.7088;0.20413;-1.8347;1.6712;1.4698;-0.011497;-0.64702;0.80089;0.77061;-1.6913;-1.565;-0.44015;0.14831;-0.98665;-1.5019;-1.1816;0.79428;1.5175;-0.43977
21;-0.15113;0.17166;1.0753;2.7248;-0.619;0.014993;0.57261;-1.495;-0.56151;-0.25309;-1.5346;1.4961;-0.62426;1.0307;-0.34997;-1.46;0.50443;-0.3696;1.0642;0.64828;-0.86794;-0.018991;3.2079;-0.73064;0.97285;-0.21469;0.55513;1.3209;-0.21563;1.4746;0.30801;1.2526;0.63677;-2.3079;-0.81981;-0.3052;0.43194;-1.3377;1.0306;1.1245;-0.34467;-0.0039627;-0.88889;-0.86984;0.3528;-1.5603;-1.4589;-0.94944;1.5688;-0.043979;-1.7391;0.29591;1.5883;1.1434;0.83228;0.32978;1.4622;0.038439;0.95504;-0.15365;-1.4087;-1.5526;0.942;1.2258;0.57293;-0.52067;-0.11394;-0.48566;1.5397;-1.0966;-1.5675;-1.3048;-1.1172;0.30225;0.69926;0.16874;-1.7934;-1.5627;-0.69431;-0.18701;-0.19732;-1.6567;-0.8364;1.022;-1.1227;0.39927;1.4715;1.8017;0.95699;-1.4295;-1.4022;-1.6351;0.46552;-1.8788;0.10193;-0.3703
22;0.71299;0.15563;-0.60833;0.079149;0.88277;0.39489;-0.30225;0.35872;-0.74858;0.27069;-0.56693;-0.69842;0.39111;-0.12864;-2.8457;-0.037411;1.6241;-1.4185;-1.4093;-0.34561;-1.4021;0.99666;-0.72979;1.6803;-1.7464;-1.561;-0.26361;0.087604;-0.82606;1.1789;2.1683;1.6481;-0.26761;-0.7981;1.6683;1.6545;0.65738;-2.0178;0.893;-0.76203;-2.241;2.3066;0.9884;0.15468;-0.99228;0.76602;1.1482;1.3002;-0.27371;1.0218;0.81827;-1.0059;0.71054;-0.75427;1.6888;-0.98596;-0.79014;0.38149;1.3173;0.77419;-1.461;0.785;-0.2483;0.82611;0.02183;-1.4639;0.054657;1.3603;0.33375;0.57203;0.38795;1.1872;-2.0694;-0.75542;0.15172;1.006;0.32484;1.1384;0.037616;-1.6126;-0.91194;-0.58834;1.4588;-0.65371;-1.2872;-0.29683;0.62123;-1.1229;-0.16658;-0.40795;0.44235;0.61654;1.893;1.5142;-1.4003;-1.6106
23;0.37853;0.43493;-0.76863;-0.41616;0.0013235;-1.3739;-0.056311;-0.5046;-0.60485;0.41398;-1.4014;1.1965;1.2286;2.4805;0.30928;-1.9216;-0.27768;0.02977;-0.041193;0.73397;2.5488;0.17479;-0.60139;0.48952;-0.071338;0.86365;-0.16757;-1.6502;0.60557;0.59223;-0.74466;-0.90167;0.74715;-1.1787;-1.37;1.4553;0.2226;1.5547;-0.5093;0.93464;1.9458;0.42457;-1.3085;0.61879;-1.2477;0.86914;-0.0647;0.0018695;1.1143;0.66834;1.1865;-0.41899;-0.14821;0.91644;0.11048;-1.9674;-1.2099;0.059231;0.83874;1.1366;-1.329;0.076552;-1.4756;1.3188;0.16579;-1.4075;0.19241;1.7359;-1.4099;-0.58881;0.81674;-0.63242;1.2538;-1.4227;1.4198;1.1346;0.33489;-0.52871;-1.48;-0.47899;0.66912;0.74784;1.1089;1.2661;-0.98806;-1.2163;-1.7367;-1.2178;0.44362;1.1956;1.1013;-0.56739;1.2416;-1.3352;0.13502;-1.0782
24;1.1199;0.66652;0.25617;0.50374;1.1084;-0.48598;-0.50578;0.12638;-0.45944;-0.93545;1.7533;0.5002;0.026621;-1.0816;-1.1553;-0.12707;-0.91838;-0.64074;0.38324;1.6636;-0.55654;1.4058;-0.36776;-1.5377;-0.018754;1.2609;0.3457;1.6516;-1.7094;1.0231;-0.69526;0.73509;-0.69637;-0.80521;0.53591;0.19886;-2.1683;-0.44306;-1.1047;-0.33265;-0.53571;-0.64053;0.06365;1.5375;-0.062354;1.5443;1.1188;-1.5005;-1.5787;-0.14848;-1.4016;0.37951;0.20305;-0.29536;0.64935;1.2292;1.2343;1.3277;0.68061;0.64483;0.56266;1.6724;1.1276;-1.0071;-0.21671;0.70914;1.7562;-1.3057;-1.5195;0.099098;-0.31442;-0.016478;-1.3755;1.2088;-0.31608;-1.5289;-1.0501;-1.1026;0.41576;1.0813;-0.98823;-1.2285;0.16624;1.0375;-0.49404;1.2816;-0.81763;-1.7561;-1.3358;-1.2219;-0.56508;1.3477;0.76162;-0.81525;-0.17046;-0.73982
25;-1.3346;-1.0377;0.57715;0.64528;-2.0938;0.28132;-1.6786;0.10401;0.21212;0.35133;-0.38526;0.30689;-1.5033;-1.1143;-0.37127;-0.083313;1.8585;-0.86318;-1.3244;1.1493;0.83681;-0.52155;1.1352;0.59131;1.9215;0.50316;1.2416;-2.2194;1.2543;0.25598;1.777;-1.4011;0.67482;0.57998;0.67446;-1.1697;1.1487;1.2635;0.50956;0.77927;1.076;0.54219;-1.5648;-0.0019878;-0.15799;0.040028;-1.2088;0.90802;1.3053;1.0165;-0.98095;0.064994;-0.695;1.4965;0.50458;1.5329;-0.15845;-1.6936;1.012;0.13189;0.42535;-0.76908;0.28429;-0.57175;1.3087;-1.1548;0.86783;0.78199;-0.77807;0.67635;1.2648;1.5321;0.3628;-0.043029;-1.3623;-0.93709;0.19145;0.037429;-0.061011;-0.7778;0.53852;-1.3239;0.43311;0.64674;-1.1571;0.66792;1.2178;-0.67176;1.2446;1.3916;-0.94419;-1.7802;-0.42138;0.29875;0.64357;1.0317
26;0.78466;0.90034;0.044545;1.3149;0.3093;-0.45462;0.62301;0.89296;-0.53068;1.8377;-1.8849;0.17537;1.4555;0.33812;1.3749;2.2089;0.010056;1.9092;-1.488;-0.25749;-0.38241;-0.85811;-0.87068;0.44982;-0.76438;-1.0227;-0.38874;-0.74075;0.63322;-0.38759;-0.7209;0.40677;-1.1779;-0.85933;-0.67395;0.85228;0.9765;-0.75269;0.44029;-0.15455;-0.50976;0.11734;-0.37872;-0.43613;0.15057;0.034183;-0.97314;0.48109;-0.75328;-0.79085;1.0707;0.21985;0.86546;-0.62466;0.85477;-0.2505;-1.2971;-1.0678;-0.78356;-0.42819;-0.078748;1.0463;-0.24117;-1.6155;-1.5495;-1.3113;-0.46934;-0.24576;0.64933;0.28687;-0.73862;1.8248;0.0375;0.72165;-0.20052;-0.73682;0.70641;-0.26465;-1.6344;0.56239;0.31232;-0.97167;1.0385;-0.77396;-0.30448;-1.0905;-0.5709;1.2161;1.6782;0.23479;-0.25053;0.36159;1.7281;-0.057909;-0.84485;-0.72289
27;-0.53362;-0.24994;-0.36828;0.47692;0.25511;0.44222;-1.2569;-0.5304;0.7278;-0.86019;-0.015869;-2.4664;-1.1983;0.2231;-0.18406;-0.53322;-0.31176;-1.7647;0.94707;1.5691;-0.34517;-1.8246;1.1015;-0.7479;0.78622;-1.012;-1.5477;-0.92875;-0.41724;0.5586;0.82473;0.88731;-1.3721;1.3127;-0.98671;0.29007;-1.3291;1.3664;0.46843;-1.8494;0.62358;-0.54564;1.203;-1.4413;-0.8054;-0.1638;0.25111;1.1068;-0.31464;1.3309;-1.3046;1.5031;0.91926;-0.68509;-1.1005;0.31325;-1.0871;0.94548;-1.129;0.53519;-1.1248;0.61394;0.54638;1.1385;-1.9864;-0.10502;1.3127;0.6412;-0.95806;-0.79686;-0.59668;-1.2658;0.73594;0.47211;0.62238;1.465;1.4021;1.2629;0.37591;1.645;-0.27945;0.6071;1.0707;1.2308;-1.4763;1.042;0.96714;0.31554;-0.57028;0.42628;0.5688;-1.0253;1.644;-0.71938;1.4839;1.2419
28;0.55955;0.79109;1.003;1.876;0.10735;-1.0076;-1.8304;-0.28694;1.0395;0.5835;1.3611;-1.3075;-0.62986;0.11009;0.57271;-0.38485;0.86527;0.34772;0.34072;-1.5118;1.2418;-1.4913;1.5044;-1.2486;0.32469;-0.71834;-0.18626;0.96077;-2.1898;-1.0716;-1.1108;-0.5523;1.1236;0.66531;0.8203;1.8712;-0.47055;1.5466;-0.87314;0.90289;2.1135;-0.68141;0.25072;-1.0142;1.3941;-1.2692;-1.6267;-2.6692;-0.7065;-1.5373;-1.6631;-1.2336;0.92302;-1.0749;-0.3433;-0.75136;-0.08968;-0.57661;0.12631;0.12039;-1.5062;0.82368;1.6357;1.2771;1.0438;1.4869;-0.15157;0.83858;-0.72859;-1.6825;0.17295;-0.56255;0.33142;1.3816;1.2206;-0.19832;-1.1751;-0.9848;1.7006;1.1364;-0.93759;-0.83819;-1.2009;0.97786;0.09314;-0.13842;-1.7663;1.5995;-1.3879;-0.20356;0.58228;0.63281;-0.3752;0.27159;1.0146;0.51828
29;2.3172;0.68266;0.34816;0.81182;0.42335;0.96424;1.5923;-0.79241;-0.38615;1.2156;0.57591;0.75554;0.0092503;0.56967;0.11031;-0.85228;-0.78365;-1.4173;-1.879;-0.42161;-1.3864;0.88418;-0.18282;0.4074;-2.1564;1.1286;-1.634;1.4416;-0.55159;1.0025;-0.30949;1.0243;0.85344;1.0724;0.45222;-0.52443;-0.29733;-0.81073;0.51453;0.019462;1.0215;0.7608;1.3136;-0.28549;0.168;1.6105;0.4991;0.61976;-1.4946;0.47463;1.3722;0.31049;0.41436;-0.88456;-0.83953;0.65953;0.93008;0.76356;-1.2077;-0.46959;-0.85098;-1.2516;-0.22607;-0.25272;-1.7386;-1.0909;-1.3254;-1.0179;-0.25512;1.502;-1.3638;0.7753;-0.0067528;1.3025;0.034151;0.38045;0.94037;1.2184;1.0563;0.19782;0.014884;-0.11793;-1.5138;1.1494;0.25688;1.3689;-0.24745;1.6499;-1.686;-0.93032;1.7882;0.70111;-0.50126;0.36208;1.0571;-1.7424
30;1.5859;1.1257;1.5701;1.7123;1.1099;-0.61938;0.73498;0.25363;0.9418;-0.22592;0.79341;0.010873;0.78752;0.90514;-1.6035;-0.092733;-0.49139;-0.045055;0.2386;-0.57781;0.088461;0.81359;0.50512;-0.63858;-0.60524;-1.0861;-0.24985;-0.56445;-0.91284;-0.67577;-1.1209;0.62698;-0.075404;0.091157;1.2811;-0.66077;0.23559;-0.57454;0.73647;-0.79438;0.099816;-1.2776;-0.25559;0.2407;0.22546;0.99417;-0.28141;-0.1428;1.0125;0.036791;0.37021;0.36699;0.91674;1.3992;-1.3803;-0.31009;-0.12274;-0.68453;-0.62268;1.0464;-0.00074304;-1.3481;0.68671;-0.47372;-0.051848;0.48396;-0.48474;-1.354;-0.68432;-0.30189;-1.4631;-0.94253;0.25413;-0.43373;1.5107;-0.034914;-1.5177;0.28578;1.5982;0.16187;-1.3364;-0.14431;-1.0223;-0.70447;1.1178;-0.087897;0.5156;0.84977;0.98137;-1.2085;1.4631;0.129;0.96531;-1.3991;-0.20944;-0.48398
31;-0.55858;-0.4051;-0.62478;0.81332;-0.039655;0.028899;0.5134;-0.50595;-0.8759;-0.12308;-0.0097112;1.4116;-0.78549;-0.87089;-1.4642;-0.50985;-2.223;-0.088215;-1.3269;-0.99675;0.86433;-0.49753;0.76192;-0.90898;0.3532;0.89397;1.6007;0.99361;-1.3239;0.046755;-0.44446;0.85308;-1.1305;-0.19492;-0.57769;-0.12288;-1.2517;0.0065595;-1.0225;-0.40324;0.93554;-0.58869;-1.4158;0.36835;0.045372;-0.53148;0.489;0.60175;0.95418;-0.88461;0.78431;1.3395;1.6682;-0.8237;-1.0339;-0.037582;0.049665;1.2136;-0.13884;0.84128;0.025906;-1.3432;-1.729;-0.32107;1.5133;-1.5689;-1.7566;-1.2052;0.018405;-1.6615;0.23085;1.7399;0.89503;-0.85969;-1.1322;-0.36334;0.34664;1.0691;1.4163;1.0464;1.5658;1.0002;-1.2976;-0.21072;0.056725;-1.5568;-0.9348;-0.96009;0.1168;-0.95562;1.1102;0.73776;0.75884;1.3469;-0.54242;-0.36388
32;0.38859;-2.2095;-1.8433;-0.89671;2.3051;-2.1652;0.49069;1.1098;-0.1153;-0.15535;0.25683;0.47219;-0.20926;-1.1022;0.39264;-1.1987;1.0026;-1.8272;1.3668;-0.17217;-0.064689;1.2303;-0.25575;-0.54471;-0.35858;-1.5899;-0.018974;-1.4332;-1.0528;0.28644;-0.33492;0.2684;1.9688;-0.66289;-0.029547;1.3734;-1.1757;1.3423;0.10563;-0.64701;1.0089;-1.5784;1.2118;-0.55315;0.98637;0.80719;0.90945;0.76131;1.4211;0.37815;-0.58433;-0.50767;0.080116;0.22221;0.11187;0.6564;-1.1;0.10155;-0.80183;0.6188;-0.30939;-1.2305;0.55219;-0.03093;0.97736;-0.87965;0.69174;0.28047;-0.77155;-0.26385;1.3588;0.49969;-0.84925;-1.3959;1.407;-1.1396;-1.4919;0.93197;-0.4533;-0.5361;1.391;-0.29815;-1.268;-0.57853;1.4152;-0.74708;-0.042077;-0.20878;-0.23443;1.1491;-1.3823;1.8697;-0.74335;-1.2526;-1.6464;1.1562
33;-0.79812;1.136;1.9811;-1.3147;0.2364;-0.028041;0.76605;0.272;-2.3206;3.2577;-0.27485;0.085438;0.21145;0.58614;1.4094;-0.44181;0.93974;-0.0063864;-0.20587;0.64346;0.040369;-0.9455;-2.5905;2.7636;2.0556;1.1078;-0.80178;-0.13469;2.193;-0.83481;0.7361;-0.6793;-0.83125;1.1535;-0.39386;0.34642;-0.87337;0.76329;2.2088;-1.1683;1.5743;-1.3881;0.48635;-0.56026;-0.1725;0.42026;-0.42394;-0.819;0.24478;0.44042;0.48202;-0.87499;-0.99634;-1.0794;0.67308;-1.3851;1.2923;-1.2286;-0.97965;-0.54118;0.56885;-1.5426;1.0089;-1.2559;-2.0193;0.69136;-0.28481;1.4025;0.4264;1.3516;-0.58768;0.23627;-0.57556;-1.0779;0.65275;0.53252;1.0843;0.5494;-0.59396;1.7183;-0.95387;1.4424;-0.78534;-0.51233;1.2004;-0.27085;0.85745;-1.1165;1.1846;-1.2485;1.1102;-0.091601;1.0784;0.27041;-0.13693;-0.97882
34;-0.0079741;0.91151;-0.033671;0.63482;-1.1613;0.76886;-1.488;-0.31963;-0.57918;-0.44613;0.92961;-0.33374;0.98424;0.23996;-0.48718;0.029381;-1.2019;0.97795;-0.34802;-0.29646;1.306;-0.30363;-0.19186;1.3732;0.54528;0.69703;1.0067;0.35022;1.1954;0.67085;0.28906;0.98678;-0.0702;1.0183;0.058463;0.26625;-0.083834;-1.5994;-0.88114;-0.66461;0.51162;0.40371;-0.64055;0.051318;0.61956;-0.65733;0.20817;0.01818;-1.253;1.3314;-0.59641;-1.3551;-0.78832;0.52205;-0.98394;-0.82428;-0.37169;-1.2903;1.4632;-1.4397;0.661;-0.68687;-1.4722;1.0783;-0.36854;1.1488;0.17542;-0.38501;1.2704;0.99936;-1.4707;-0.84059;-1.4383;-1.4149;-1.5382;-0.18871;0.30087;-0.60217;0.21282;0.77211;-0.93953;-0.060849;-0.65797;0.76554;0.71607;1.4148;-0.30618;-0.59795;0.025292;-0.83484;-0.96553;1.5245;0.40953;1.4212;-1.2338;0.033209
35;-0.78684;-0.078032;-0.69193;0.81918;-1.0729;-0.58808;-0.57545;0.59146;-0.92624;-0.72145;-0.090031;0.13697;0.73829;1.5839;-1.5781;0.37539;0.42373;1.1094;-0.0030218;-0.78626;0.50519;0.54232;-0.55475;0.75958;0.3738;-0.50058;0.060164;0.010319;-0.28201;1.1068;1.4652;0.84697;0.90947;-0.85604;0.85125;-1.9592;-0.42568;0.59055;0.91432;1.0686;-0.36126;0.84346;-0.63407;1.1269;0.6524;0.16341;0.57347;-0.24534;0.61417;-1.5242;-0.23521;1.4556;-1.774;-0.89776;1.7077;-1.2222;-1.4564;-1.225;-0.60679;-0.96705;-1.5192;0.44703;-1.6713;-1.1508;0.18118;1.7543;0.54117;-0.51782;-0.91238;0.65882;0.86157;-0.45464;0.059336;0.7006;0.73774;0.91033;-1.6853;-0.09719;-1.0142;-0.03041;-0.24605;-1.233;-0.72387;1.4196;0.27711;-1.5736;-1.0277;-1.1838;1.4892;-0.9511;-0.54058;-0.46572;-1.4647;-2.047;1.097;0.64073
36;-0.92232;1.5409;-1.0571;-0.18572;0.52062;-0.060577;-2.1907;-1.1534;0.4093;-0.96003;-0.27736;0.42665;-1.7318;-0.0069814;-0.036731;-0.53981;-0.45335;1.6407;-0.46702;0.7309;1.1128;-0.064489;-0.35623;0.5039;-0.17889;-0.13227;-1.259;-0.5322;1.431;0.072983;0.44678;-1.5411;-0.30318;-0.67323;1.0906;1.0393;0.19131;0.6023;-0.82907;0.14648;0.18922;-0.6236;1.5395;1.9698;1.0611;0.94472;1.9311;-0.48535;0.35497;1.5551;-0.33478;0.30556;-1.298;-1.3969;0.74656;-0.2466;-0.46699;-0.8382;-1.2171;0.92423;1.035;-1.4469;0.87636;-1.5391;0.95771;1.181;-0.38183;1.7814;0.65828;-1.1242;0.72794;-0.26652;-1.3464;-1.5084;1.1282;-1.1386;1.3711;1.1083;-1.4054;0.36536;-1.0924;1.0161;1.3471;-0.51005;0.65892;1.6012;0.61523;0.73313;-0.59561;0.66131;-1.1075;0.69051;-0.067;0.53995;0.31939;1.1261
37;-1.9503;0.92109;-0.50701;-2.2802;-1.2879;-0.43594;-0.16501;0.62094;0.95976;-0.13961;-0.87972;0.74604;1.417;-0.62549;-0.68537;-0.27795;0.75629;-0.036197;-1.3155;-0.14934;-1.2746;-0.76786;-0.31674;-0.14845;1.138;-0.70454;0.63433;0.060826;-0.28029;2.0498;-0.85732;-1.2521;0.41237;0.41337;-0.83689;-0.35108;0.54052;0.82253;-0.79277;0.43513;-0.68665;-0.044386;-0.38089;1.9016;1.7561;0.50054;2.0997;0.38525;0.85604;-0.14758;1.2759;-0.33505;-0.57934;-0.015315;1.2396;-0.46164;-0.027736;-1.6237;1.5833;-0.13658;0.63683;0.058096;1.1598;0.45125;0.068233;-0.46097;-0.22009;-0.035953;-1.0613;-0.95951;0.50119;-1.0866;-2.1813;0.016179;0.6284;-1.5174;1.3349;1.4496;0.12009;1.3694;0.13365;-1.5483;-1.5898;-0.74519;-0.54515;0.93104;-0.55067;0.06093;-0.48835;0.43018;-1.0055;0.17311;0.81518;-0.25437;-1.7331;0.9203
38;1.2891;1.4264;1.5175;0.28469;-0.22017;0.9984;-0.76711;0.056835;0.069125;0.63359;1.2528;-0.59194;1.05;-0.081827;0.44118;-0.28123;-1.4188;-1.3455;1.4331;2.1709;-0.022253;-0.055424;-1.3554;-0.82282;1.5607;0.46884;1.8934;1.3553;0.20548;-0.02076;-1.5453;-1.2378;-1.1294;-1.3882;1.21;0.41688;-1.7075;0.30374;-0.78653;0.80809;-0.056811;0.86852;-1.0034;-1.7726;-0.93987;1.5396;1.3534;-1.0758;-0.3073;-1.1828;-0.87838;1.475;-0.2768;0.41338;0.44215;1.4543;0.38139;0.22544;-0.43678;1.2636;0.60956;-0.58188;-1.5982;-1.4191;-1.5129;-0.64455;0.3788;0.33417;1.0788;0.6645;-0.79731;0.45843;0.99083;0.85881;0.8444;-1.2514;0.62172;-1.0486;0.056102;-0.27926;0.37144;-0.5162;0.8841;-1.4952;0.60677;0.23138;-0.65684;-0.65023;-0.85248;-1.4206;-1.4573;0.75124;-0.90207;-0.17377;-1.0925;-0.42123
39;-0.6974;0.58435;1.6439;0.87268;-0.64597;-1.0757;-0.6731;-0.70134;-0.95075;-2.3708;-0.66944;0.82856;-0.55354;-0.47768;-0.52723;0.61535;-0.8113;-0.64141;0.92255;-0.68695;0.060579;-0.5686;0.62133;-0.83956;-0.039385;-0.96108;-0.34634;0.56461;-0.72111;-0.97029;1.9863;1.035;0.67754;-0.69821;1.7481;-0.23945;0.96477;0.27547;-0.68165;-0.3611;0.81127;-1.3318;0.69172;-1.5729;-0.3542;0.36073;0.031009;0.87871;-0.10214;0.8652;1.234;-0.61227;1.6626;1.4178;-0.62435;-1.1504;-1.2857;1.0414;0.96489;-0.70555;2.0066;0.84133;-0.80338;0.82424;0.20666;1.3601;0.79109;-0.036959;0.081098;-1.0434;-0.56843;1.237;0.69154;-1.4664;1.4397;1.5169;-0.66004;1.749;-1.7788;-1.5816;-0.19475;1.4399;-0.33461;-0.64904;0.3242;-1.3102;1.0601;-0.98847;-0.077025;-0.53015;-0.2724;-0.44216;-0.62131;0.34148;0.79338;-0.022265
40;1.2095;-1.4164;-0.55979;1.0052;-0.34535;1.2081;0.75454;0.43737;-0.046945;-0.18219;0.58525;-0.712;-0.87244;0.071949;-0.075621;0.72253;1.1089;0.74846;-0.28796;1.207;-0.13097;-0.58953;1.0541;0.067208;1.0246;-1.2565;0.078617;0.21183;-0.31081;-1.7846;0.030617;0.73055;1.774;0.64695;-0.0038375;-1.3874;-0.30699;0.1917;-0.82302;-1.0888;0.19061;-0.29332;2.0945;-0.27223;-0.96291;-0.90335;1.6753;0.34485;1.5258;-1.7467;-1.7697;0.63207;1.2354;0.19139;0.099963;0.46491;-1.2471;-0.045142;-1.3113;1.4594;-1.2674;-0.96969;0.44929;0.18372;-0.1809;1.7473;0.66876;-0.6926;1.1935;0.11883;0.90104;0.25699;-1.6995;0.80603;-1.2825;-0.068349;0.70831;-0.3288;-1.0208;-0.62941;0.032942;1.8133;-0.55064;1.3833;1.3934;0.83302;0.7105;0.14869;0.91403;-0.38793;0.28393;1.6813;-0.19727;0.096512;-0.25597;1.0399
41;1.4459;-1.0688;0.4045;-1.7151;-1.9396;0.17698;1.46;-0.36389;0.01581;0.31134;-0.23143;-0.37036;-1.6239;-0.62769;1.0251;-0.23329;-0.10845;0.82709;0.86124;-0.10942;0.66702;-0.24941;0.26376;-1.5994;0.5588;2.0827;1.3637;0.70968;-0.98089;-0.66099;1.3112;0.43426;-0.060772;1.8641;-0.080889;1.8345;0.08481;-0.32893;0.51598;-0.15416;-1.8911;0.70986;1.1336;-0.2796;-1.8214;-1.9709;-0.11657;2.5244;-1.4795;-1.287;-0.40712;-1.975;0.55943;-1.2917;1.6194;-0.44295;0.20992;0.87498;1.2155;1.1704;0.2028;1.7111;1.3648;0.71587;-1.194;0.4321;0.62483;-0.50609;-0.71426;1.3292;0.023671;1.5038;-1.7473;1.1783;0.62074;1.5454;0.92086;-0.91514;1.6256;-1.6382;1.2973;-0.84945;-1.4236;0.52083;1.167;0.57264;-1.1533;-0.61085;0.80518;0.069352;1.2041;-0.1361;0.48005;-1.5681;-0.62926;-1.7233
42;-2.0273;-0.7019;-0.30085;-0.63434;-0.029822;0.92969;-1.4598;0.12591;1.4529;2.3424;-0.14077;0.25581;1.7986;0.3254;0.73566;2.4067;-1.0671;0.18598;0.2593;0.14949;-1.1546;0.20029;-0.11782;-0.79142;-0.27515;-0.20153;1.433;-1.0351;0.70517;1.4851;0.60789;0.1945;-0.86967;1.3087;-0.14216;1.1175;0.56821;0.050168;-2.5586;-2.082;0.51494;1.2613;-1.4017;-1.1705;1.098;1.2183;0.67461;-1.5073;-0.32328;-1.2824;1.0838;-1.5354;0.26888;-0.37305;-0.40641;0.53145;1.2428;0.1714;1.2968;1.121;1.3182;0.82177;-1.2519;-1.1011;1.0393;0.2116;1.532;1.4467;-0.96398;-0.68121;-0.45523;-0.80578;0.72886;0.80244;0.14938;-1.4067;-0.59711;1.9094;-1.4131;-0.23692;0.2135;0.12528;1.5541;0.80967;-1.438;0.16433;1.2992;-0.79423;0.32445;0.27638;1.4147;-0.73479;-0.68265;-0.71982;0.55039;1.2173
43;0.045709;0.42442;0.3615;-0.0014554;-1.7078;0.78734;-1.4735;-1.1442;0.14995;0.58786;-0.50938;0.21748;1.0822;-0.7423;0.64091;0.24286;-0.71861;1.6952;1.4126;0.45055;0.40628;-0.89925;-1.1159;0.43546;-1.0283;-0.5169;0.29922;1.5011;-0.56705;-0.0064393;-0.68316;-1.0128;-0.54666;-0.063027;-0.82948;-1.4643;-0.90358;0.86177;-0.30379;0.24994;-0.66757;-0.33168;0.35049;-0.67532;-0.98962;0.57445;0.838;-1.0922;0.45623;1.5424;0.119;-1.132;-0.88174;0.083243;-1.3474;0.4234;-0.97446;-1.1484;0.17818;0.5122;-0.92608;0.032756;-0.59116;1.4117;-0.79106;1.2084;-0.97073;1.3464;-0.051772;0.75997;0.78072;0.35008;0.49756;1.3479;-0.93597;1.5946;-0.55907;-0.21083;-0.32718;1.3838;1.0654;0.34484;0.2468;0.54644;0.69155;-1.3014;-1.2708;0.56958;1.6603;-1.1327;1.6008;0.5119;-1.4493;1.5362;1.4003;-1.2316
44;-0.58427;0.32715;-0.2036;-1.3796;-0.6154;0.78636;0.56716;-0.75543;-1.5951;0.67594;0.21523;0.86387;-0.40388;0.62406;-0.53733;0.23125;2.5995;-0.59377;-0.10507;-1.2999;-2.2187;1.0533;1.1106;0.36536;-0.25913;1.3389;-0.13362;-2.4993;1.1419;-0.69034;0.41179;-0.72937;-1.1855;0.81932;0.30169;0.28851;-1.2264;1.6734;0.69811;-0.32492;-0.23586;-0.18964;0.23563;0.98621;-1.812;1.275;-0.57676;0.59189;1.3138;-0.58453;0.029348;-1.5933;-0.23726;-0.95349;-0.58028;1.3989;-0.71359;-1.5714;-1.1523;-1.5116;1.6739;1.5925;0.6125;-1.0433;1.0548;-0.25841;-1.6904;1.009;-0.38946;1.2875;1.0432;-1.6076;-0.20576;0.52422;0.93484;0.22881;-0.086184;-0.34923;0.13886;0.42383;-0.021524;0.45485;0.51313;-1.3804;-0.51867;-0.37357;-0.39905;-1.0624;-1.0511;1.2045;-1.1391;-1.4596;1.7443;-1.0171;-0.66085;1.3054
45;0.26527;-0.97979;-0.0087339;-1.3787;0.98411;-0.67029;0.51252;-1.3922;0.014779;0.55094;0.106;0.58215;-1.8024;0.4431;-0.11594;-1.0123;1.103;0.042981;-0.30052;1.4659;-0.82469;-0.58179;-2.24;0.0504;-1.2431;1.9322;-1.2295;-0.91;0.46902;-0.587;1.3317;0.08216;-0.64901;0.26445;-1.1407;1.0839;0.25424;0.65153;-0.075846;0.79989;-1.137;-0.5846;0.61667;0.31227;0.88656;0.76553;-1.1839;0.19773;-1.0484;-0.60119;-0.36338;-0.66017;-0.21503;-1.0441;0.95716;1.0454;1.1765;1.1106;1.1206;0.87373;-0.025239;1.0468;-0.0093825;-0.61114;-1.2782;-0.51362;-0.10936;-1.0219;0.02819;1.0969;-0.14726;-1.3456;1.2381;1.2276;0.070492;-7.9092E-05;-0.61289;0.2173;1.0424;0.76578;-1.1769;-0.53896;1.0609;0.38777;-0.56836;1.4283;-1.0805;0.67502;-0.07138;1.5894;-0.59792;-0.17549;-0.095745;0.1497;-1.6048;-0.28626
46;-0.14176;-0.42931;-1.677;-0.48323;0.23489;-1.2346;1.3208;0.44665;-0.55648;0.11468;-1.6906;-0.29312;1.3442;0.65817;-0.043275;-1.6859;-0.33122;-0.48384;1.3843;1.7651;-0.37918;0.10061;-0.81445;-0.95774;0.060559;0.58213;-2.242;0.25506;0.093184;0.053708;1.2432;1.7454;-1.3216;0.69586;2.4888;0.94795;-0.84219;1.0115;0.49156;1.6815;0.18026;-1.1943;0.73512;-1.0651;1.7121;-0.30662;-0.89745;-0.30445;1.1041;1.4677;1.2349;-0.14646;-0.90853;0.66056;1.0448;-0.6363;0.79295;1.3161;-1.28;1.2441;0.019926;0.028534;1.3991;0.081353;0.29694;0.039383;-1.3973;-0.99575;-0.37996;1.3702;0.88579;1.7336;1.0809;0.58366;0.67929;1.517;0.21575;-1.0199;-1.9037;0.30358;1.1117;-0.41968;1.4215;-1.5803;-1.1148;-0.61345;-0.1459;1.6489;0.76279;1.7775;0.31658;0.80242;0.65643;1.3429;0.15573;-0.51068
47;0.22809;1.6956;0.44121;0.96336;-0.89896;-1.3685;-0.52973;1.3707;0.80011;-0.85233;-0.41759;0.71393;0.13491;0.89869;-1.1986;-0.18951;0.17149;0.21675;0.46325;-0.94371;0.58369;-1.3268;0.0035889;1.7923;0.20305;1.1613;-1.1168;0.55726;0.57974;-0.26098;0.98495;1.4479;0.019537;-1.4175;-1.0304;0.70827;-0.76868;1.6141;-0.83341;1.3212;-0.39672;-0.28511;-1.0284;-0.70836;0.3514;-0.78422;0.0016846;-0.36507;0.94197;-0.8034;-1.6573;-1.4195;0.81679;1.4914;-1.3898;-1.2711;-1.4145;1.2541;0.41919;-1.6043;0.89588;0.60272;0.40872;-0.085797;1.1883;-1.2838;-1.1307;0.10065;1.6928;-1.7719;-1.6746;-0.63458;-0.50996;-0.88864;0.16421;0.86398;-0.77647;-1.0455;-0.62815;0.22151;-1.1254;0.13649;-0.71727;-0.41624;0.8927;-0.54508;1.2268;1.0737;-1.5513;-1.0095;1.1431;1.6913;-0.56945;-0.54182;-1.6941;1.1484
48;0.42348;0.70447;-0.77765;0.17972;0.088231;1.8187;-0.82384;1.7201;0.16392;-0.86404;0.526;-2.9769;1.4707;1.1512;1.6155;1.1975;-1.4616;-0.80213;0.54599;0.71292;1.0281;0.003528;-0.091164;-0.28232;-0.79438;-1.0042;-1.4424;0.76318;-0.59451;0.64941;1.2192;-1.0443;-0.29155;-0.33738;0.38473;-1.1037;0.5872;-0.96362;0.8277;-0.20642;0.3346;-0.99473;-1.9873;0.20509;0.94059;-0.71975;-0.5606;0.82474;-0.453;-0.92849;1.3895;0.50948;-0.24755;-1.5881;0.32977;0.74351;0.23864;0.46959;-0.36883;-0.69274;0.14755;0.043382;0.32705;1.3143;-1.2745;0.22504;1.4235;0.92735;-1.6698;-0.57421;-0.24456;-0.47375;-1.9858;-0.69752;0.88271;1.7618;0.95416;-1.2003;1.1565;0.62638;1.8035;0.18997;1.4878;0.56035;0.73959;0.89713;0.98204;0.90045;1.1569;-0.013322;0.93674;-1.7135;1.7071;-0.34834;0.44256;1.131
49;-0.49857;-0.50271;-0.38854;-0.37665;0.2915;-0.16908;-0.77302;-1.4972;0.33382;1.2115;-1.7949;-1.5624;-0.26201;-1.4982;0.71395;-0.146;-0.9016;0.2252;-1.7737;-0.068834;1.1937;-1.2792;-0.33152;-0.38777;1.1462;0.29311;0.79175;1.2297;-0.75832;0.37838;-0.0074912;-1.6004;-0.1226;0.53513;0.28433;-0.52603;-0.0044332;1.2211;-0.8436;0.35146;-0.43525;1.6103;-0.60265;-0.82127;-1.2508;1.2005;0.096752;-0.28751;-0.15974;0.56533;0.9462;-0.19745;-1.6882;1.4077;1.4707;1.0986;-1.4468;0.52324;1.0243;-0.018973;-1.056;-0.92907;1.4045;1.3295;0.45477;-1.4581;1.352;-0.29977;1.5679;0.58887;-0.22316;-0.78212;-0.076398;-0.4788;0.30309;-0.65572;1.4169;0.81586;1.1536;1.4884;-1.565;-0.58461;-0.84913;1.0627;0.26534;-1.2713;1.4288;1.1639;-0.1632;1.7307;-1.5133;0.1365;-1.1142;-1.6433;1.1352;0.10964
50;-0.2946;0.08899;-1.2703;0.096025;-0.39538;0.60214;0.46371;-0.021247;0.65769;0.97067;-0.47891;1.2137;-0.29823;-0.66964;0.23123;0.23208;-0.61196;-1.4478;-0.48235;0.1445;0.18789;0.46622;1.0296;-0.54977;0.038137;-1.7248;0.32235;-1.3015;1.2723;-0.17574;-0.31283;-0.62449;1.4024;0.34129;0.055574;0.19297;1.0572;-1.1445;0.49481;-0.16453;-0.82211;0.64671;-0.15414;-0.87741;-0.10891;-0.48791;0.25898;-0.044152;1.2661;-0.23741;0.7271;0.76249;1.2877;1.611;-1.3604;-1.3679;-0.57085;0.67015;0.63578;0.80111;-1.3587;-0.78884;-1.7677;0.4582;0.47569;-1.338;-1.2128;0.97082;1.2075;-0.21696;1.4456;-1.4195;0.90718;0.88983;0.90181;-0.36668;-0.92739;-0.61403;-1.1547;0.085364;-0.31767;0.054467;-1.4561;-1.4619;-1.4397;0.79626;-1.0237;0.68108;0.62008;1.2231;-0.88009;-0.91147;-1.141;0.7894;1.2956;1.3309
PARTICULAR
GAIN
9
