TITLE;Differential evolution variants
FOCUS ON;
EXPERIMENT TYPE;DEVariants
PARAMETERS
normalization;Center
pcaRecompositionThreshold;0.95
component;;;;;;;;;1;2;3;4;5;6;7;8;9;10;11;12;13;14
type;;;;;;;;;RandomUniform;RandomPearson;RandomWeibull;RandomNormal;RandomUniform;RandomWeibull;RandomNormal;RandomNormal;RandomNormal;RandomWeibull;RandomWeibull;RandomUniform;RandomPearson;RandomNormal
p1;;;;;;;;;0;10;0;0;0;0;0;0;0;0;0;0;1;0
p2;;;;;;;;;10;0;0.1;10;5;0.2;5;5;5;0.2;5;1;0;1
RESULTS
COMMON
distance
which;Euclidean(MinimumTimesMedian)
plain;0.22226
PCA;0.52861
PCA
weights;;;;;;;;;6.7993E-10;1.2285E-09;0.44444;1.274E-08;3.2645E-12;1.3706E-06;1.0009E-10;2.8759E-11;5.6652E-10;2.1684E-06;5.3241E-13;1.7785E-12;8.9997E-12;7.0383E-12;1.6797E-11;1.1008E-11;5.4769E-11;8.8152E-11;1.2759E-13;1.2286E-10;1.2287E-12;1.0126E-11;2.1521E-11;8.1669E-13;3.9192E-11;7.334E-11;1.9361E-10;1.1736E-11;2.9688E-13;9.6134E-12;1.0714E-11;4.4476E-11;5.9002E-15;4.7705E-11;1.0183E-13;1.135E-11;1.5131E-11;8.7019E-14;8.947E-12;8.685E-12;1.5129E-12;8.6914E-11;2.0926E-12;6.634E-11;1.855E-11;2.7196E-12;7.9313E-12;2.3167E-11;2.4125E-11;8.223E-11;6.4106E-12;3.4096E-11;2.3675E-11;1.3728E-12;8.9122E-12;3.0267E-12;1.9536E-12;3.4553E-13;4.6654E-11;6.1231E-12;7.2499E-11;1.5023E-12;1.9107E-11;4.2362E-11;3.6631E-12;5.5805E-12;6.8632E-11;1.3137E-13;1.2914E-11;1.4355E-11;3.6565E-13;1.011E-12;2.1649E-11;3.6841E-11;1.5955E-11;7.4045E-11;2.179E-11;1.8554E-11;6.9972E-11;1.0631E-10;1.6225E-11;4.0089E-11;1.0511E-10;6.953E-11;1.6604E-13;1.0807E-10;2.5935E-11;7.7631E-12;3.9484E-13;1.2476E-11;7.9846E-12;6.3912E-12;1.1756E-11;1.0155E-12;2.6342E-11;2.1203E-11;1.7153E-11;3.8163E-12;1.0023E-13;2.9057E-13;4.4389E-11;4.1153E-13;5.2177E-12;1.0131E-11;7.5303E-12;7.5442E-13;5.1888E-11;6.3616E-12;3.2209E-11;1.5176E-12;7.9717E-12;1.2351E-11;4.6673E-13;8.4244E-12;4.5932E-12;1.8466E-10;1.2527E-11;1.448E-11;0.11112;0.44444
differential evolutions parameters, by distance type
i;dDE / dP;distance;type;parentWeight;crossover;population;iterations;distance;weights ->
1;252.42;56.102;3;1;0.25;150;175;Euclidean(MinimumTimesMedian);0.0013193;0.1388;0.13807;0.15632;0.00028345;0.20135;0.078733;0.00027837;2.1777E-05;0.23101;0.00028231;4.3723E-05;2.1442E-05;0.00030935;1.0823E-05;0.0011547;0.00070026;7.1329E-05;1.2866E-05;3.3783E-05;0.00064937;0.00093329;0.00090076;0.0010466;0.0011834;0.00031884;0.00019298;0.0007847;0.00013765;4.0198E-05;0.00043647;0.00016581;5.8168E-05;3.6756E-05;0.001597;5.2785E-06;0.00023621;9.0023E-05;0.00016311;2.2383E-05;0.00069397;0.00038232;0.0011403;7.204E-05;0.00028443;0.00077743;0.00020437;0.00014888;2.7258E-07;4.5012E-05;8.6035E-07;0.00016633;3.7008E-05;0.0041555;0.00010221;5.2343E-07;5.9103E-05;0.00050788;1.8973E-05;0.00042122;0.00073724;0.00019903;1.9425E-05;0.00063712;0.00091411;0.0006646;0.00067586;0.00035526;0.00070589;0.0010916;0.00039846;0.0015195;0.0012056;0.00058586;0.00021163;0.00076752;1.6632E-05;4.1133E-06;0.0017838;0.00066326;0.00081349;0.0011565;2.2589E-05;2.8933E-05;0.00053733;0.00097235;0.0002332;2.9632E-06;6.4105E-05;0.0010728;5.8054E-05;3.7634E-05;8.106E-06;0.0007718;4.1111E-05;0.0016496;0.00010303;0.002593;0.0012383;0.0003717;0.00033242;0.00049616;0.00016952;0.0015169;0.00020262;0.00039622;0.00032761;3.3481E-05;0.00027733;0.00040609;0.00065309;0.00070542;8.8784E-05;0.0004388;0.00060024;4.0521E-06;0.00064007;6.5396E-06;0.00064268;8.0288E-05
2;273.2;60.72;3;1;0.25;150;175;Euclidean(MinimumTimesMedian);0.00083066;1.2691E-05;0.14806;0.0019331;9.2009E-06;0.21738;0.21783;0.00052243;0.12664;0.23882;3.6268E-05;0.00044766;7.804E-06;7.2499E-05;6.2634E-05;7.5289E-09;0.00015461;1.0828E-05;0.00011602;0.00098456;0.00029346;0.00037922;0.00070653;0.00082838;1.7906E-05;0.0015185;0.0031157;1.3548E-05;0.00016317;0.0031255;6.0183E-05;0.00097337;0.00031714;9.5457E-05;0.0019443;1.4942E-05;6.0181E-06;0.00022774;0.000836;0.00024188;9.1638E-05;4.5973E-05;0.00071776;0.00077224;5.7625E-05;0.00016779;0.00020456;6.6201E-05;6.1542E-06;9.9913E-05;0.00012948;2.0732E-06;1.5119E-07;0.00023319;0.00015006;0.00014434;9.5486E-08;4.6791E-06;0.00013128;0.00017989;0.00032631;0.0012992;0.00027601;1.5122E-05;0.00073988;0.00060937;0.00157;0.00017791;3.1975E-05;3.4324E-07;3.3726E-05;0.00088729;0.00072704;1.5817E-05;9.9183E-05;2.5032E-05;4.1143E-05;2.4222E-05;0.0001501;5.2489E-06;0.00090443;1.3507E-07;3.2345E-05;0.00075927;0.00065304;0.0024897;0.00016102;2.7953E-06;0.0011231;0.00040403;6.8217E-07;5.4679E-10;0.00059153;5.3983E-05;0.00011744;0.00019533;2.2332E-05;0.00054386;0.0050022;0.00045248;1.7955E-05;0.00012255;0.00025984;6.1298E-05;0.0010248;0.00016462;0.00072451;1.2904E-06;1.944E-06;1.5403E-05;7.0107E-05;1.522E-06;0.0002362;0.0020391;0.0011197;0.00016981;0.00076687;0.00059068;6.3343E-07;3.7545E-05
3;235.38;52.316;3;1;0.25;150;175;Euclidean(MinimumTimesMedian);0.00023388;0.1605;0.12897;0.1481;0.0015089;0.21588;0.07991;0.0010135;0.0024163;0.21546;1.4979E-05;0.00010552;6.9908E-06;4.6029E-06;0.00043007;8.653E-05;0.00094479;2.1264E-05;0.0037562;1.7766E-05;8.9221E-06;0.0001118;0.0022649;7.5054E-05;0.00010298;0.00057983;1.1173E-08;7.9931E-05;0.00022107;2.5376E-05;0.0020809;0.00035864;0.0011156;0.00023951;0.00011936;1.1967E-05;6.2304E-06;0.00013335;2.6645E-05;0.0022355;0.00079025;0.00013607;0.00011928;1.6126E-05;0.00069977;6.4961E-07;0.00053459;0.00014117;0.00020346;4.0624E-05;0.0011752;0.00063906;0.00067026;0.0013146;9.8209E-05;3.8532E-05;1.724E-05;2.2169E-06;0.00010843;0.00017495;2.237E-05;0.00011384;3.8596E-05;0.00014462;5.4613E-05;0.00013943;0.00011333;0.00011026;0.00017453;0.0035682;0.0015201;0.003467;0.0012279;6.286E-07;0.00049263;0.00010576;0.00019309;4.7196E-06;6.1237E-07;1.4508E-05;8.3908E-05;0.00010696;0.00061841;0.0014006;0.00032362;2.5509E-05;5.1202E-06;1.9299E-06;0.0006976;0.00057119;0.00039307;0.00016583;1.1841E-05;0.00036716;0.00021214;0.00066228;0.00014136;0.00010214;0.00012463;1.196E-05;0.0014307;2.5726E-06;0.0015758;4.7795E-05;0.00015726;8.0896E-05;0.00070934;0.00024709;2.9118E-08;1.5167E-06;1.9029E-06;0.00075572;1.6325E-06;7.0792E-05;0.00025696;5.7945E-05;0.00071547;0.00025268;1.6341E-06;4.9035E-06
4;248.05;55.131;3;1;0.25;150;175;Euclidean(MinimumTimesMedian);0.00013156;0.00052457;0.00012488;0.19243;5.7607E-05;0.17151;0.048688;0.00053959;0.00029048;0.2939;6.4497E-06;0.00018293;0.0053967;0.0008027;0.00208;0.00027311;0.0063723;3.2388E-05;0.00061555;4.6671E-06;0.0016218;0.0012373;0.0016391;0.00024121;4.9861E-05;2.7107E-05;0.00045246;0.00016342;1.1928E-06;5.2088E-05;0.00024974;0.00078677;0.00066035;0.00057921;0.00022559;0.0030704;0.00050792;1.082E-05;5.9675E-05;0.0015799;0.00021706;2.6773E-05;0.00013166;0.00023716;0.00022279;0.00058817;0.00062609;6.243E-08;0.0019416;0.0012248;0.0019232;8.4324E-05;0.00036945;0.00053278;1.0021E-05;2.115E-05;7.1648E-05;0.0036815;3.7295E-05;0.0010179;0.0043822;4.1535E-06;0.00010527;1.1573E-05;0.0050265;2.3061E-05;5.4413E-05;0.00041785;3.7668E-05;0.00045285;0.00054799;0.0074926;0.00024206;0.0045032;2.4381E-06;0.00099568;0.0050577;0.00018867;1.8387E-05;0.00013448;0.0002234;0.00018472;4.8962E-07;1.3887E-05;0.0036053;0.00035748;0.0034064;1.0004E-05;0.0017234;8.6547E-05;0.00019044;0.00088885;0.00018917;0.00037376;1.1633E-06;0.0020896;4.9301E-06;0.0017871;1.3202E-05;0.00024858;0.0023821;0.00017002;0.0015415;0.0019884;0.00016489;0.0071511;0.0049706;0.00070863;0.00092471;1.5568E-06;0.00019413;1.8415E-05;7.7522E-05;0.0034842;0.00145;0.00015191;0.00050367;0.0001766;0.0011373;0.17756
5;157.77;35.065;3;1;0.25;150;175;Euclidean(MinimumTimesMedian);0.00068646;0.11111;0.11085;0.1149;2.1457E-05;0.17705;0.070559;0.0003083;0.0004582;0.17775;6.8299E-05;0.00042536;1.6891E-05;7.5841E-05;0.00034466;0.00052303;5.9543E-05;0.00013551;5.3166E-05;0.00053901;0.0014339;1.132E-05;0.0045489;1.4331E-05;5.6043E-05;0.00074707;0.00052223;7.4287E-06;0.00077329;0.00068121;6.9954E-06;0.00014718;1.1122E-05;0.00041391;0.00055164;0.0003506;0.00033178;3.0042E-05;0.0026103;4.0346E-05;9.9514E-05;0.00010103;0.0014012;0.0001376;4.2401E-06;0.00018456;0.00037232;1.1726E-05;0.0019011;0.0029052;1.4536E-05;0.0017049;0.00035474;4.6357E-05;4.2552E-06;0.17797;0.00026743;0.00032319;8.0896E-05;4.5046E-06;0.00023823;4.1771E-05;0.00086612;8.161E-06;0.0019688;5.1856E-06;0.00021024;0.00026343;1.6185E-06;3.3545E-06;0.0026829;2.1671E-06;4.636E-05;1.9844E-05;0.00010442;0.0002659;0.00098558;0.00053959;0.0022583;0.0005257;4.0419E-05;0.00072629;0.00099257;1.3227E-06;1.5788E-05;3.5351E-05;0.0010196;0.00021037;7.1525E-05;0.0010858;1.4074E-07;2.5274E-05;0.0045041;0.0016268;7.38E-05;2.187E-05;1.4102E-05;3.9329E-06;8.9034E-05;1.2492E-06;6.6436E-05;2.6642E-05;2.0119E-07;0.00016006;8.7842E-07;0.00017117;2.8223E-08;0.0032124;9.9702E-09;1.0864E-05;3.7258E-05;0.001342;0.0015581;0.00012145;1.5713E-05;0.0018403;8.0736E-05;4.3939E-05;0.00044676;0.0021398
6;272.09;60.474;3;1;0.25;150;175;Euclidean(MinimumTimesMedian);0.00028231;5.1045E-05;1.5753E-05;1.0525E-05;1.6631E-05;0.21906;0.22162;3.4124E-06;0.13251;0.23551;0.00015694;0.00020468;0.00042989;0.00038787;5.9665E-05;8.7329E-05;2.7914E-06;0.00022688;0.0013164;0.00010499;1.2292E-05;6.8123E-05;5.0416E-06;4.289E-06;3.1358E-07;0.00038859;1.1512E-05;4.8744E-06;0.0015906;0.00016991;0.001441;0.00027112;0.00054581;4.8395E-06;1.8119E-06;0.00080459;0.00086678;0.0003796;0.00044854;0.00079382;0.00017211;4.1356E-06;0.00020048;0.0015764;0.00011402;0.00029654;1.1664E-07;3.4427E-05;0.00042908;0.00022943;9.2885E-06;2.8703E-05;1.8016E-05;6.5691E-06;0.0013766;0.00072333;3.7277E-06;0.0012897;3.4578E-05;0.0011568;0.00037662;0.00082258;0.0013609;0.00010304;0.00074985;6.8666E-06;0.00092945;2.5434E-07;1.0501E-05;2.5741E-05;6.0545E-05;0.00053096;0.0002337;4.0504E-07;0.00026343;0.00071612;0.00024877;0.0038878;0.00068042;7.7068E-05;0.00013521;3.7352E-05;0.0018827;4.2088E-05;0.00056495;0.00093663;3.9828E-05;0.00014898;2.5578E-06;0.00089784;0.00044131;0.0001583;0.0026254;0.00080179;0.00011763;1.7802E-05;0.00014638;7.1615E-05;5.4916E-06;2.4604E-05;1.5351E-05;2.1132E-05;9.0012E-05;3.461E-06;0.0011767;0.00030977;2.4664E-05;1.8335E-05;0.0018454;0.0014457;1.0792E-05;0.0002769;6.8846E-05;0.00049277;0.0011592;0.00022219;0.0022974;0.00053261;2.2034E-05;0.1422
7;236.33;52.527;3;1;0.25;150;175;Euclidean(MinimumTimesMedian);7.4574E-05;0.11128;0.14838;0.13931;0.0018573;0.18081;0.067281;5.8371E-05;0.0020581;0.24371;0.0004198;0.00050483;0.00011566;0.00081699;0.0018838;0.00028471;0.00081881;0.00053653;4.087E-07;0.00063397;0.001046;1.1268E-06;8.9539E-05;1.7184E-06;0.0014673;8.3183E-05;2.0854E-05;0.00078477;0.001931;5.0249E-06;0.00058625;0.006532;0.00029495;0.0025528;1.2399E-05;0.00033463;0.0020748;0.0069645;0.00044972;0.00045908;3.3092E-05;0.0012639;0.00068054;1.0927E-05;5.5427E-05;0.0012758;0.00013709;8.1422E-05;2.6344E-05;1.0714E-05;0.00039952;0.0015879;0.00011262;0.00033178;0.00029403;4.1019E-05;0.00011071;0.00025418;3.5764E-05;0.00012927;0.0018339;0.0038094;0.00090399;0.00020054;0.00076391;0.0005224;0.0010519;0.0050431;1.0058E-05;0.00042889;0.00029783;0.0036801;1.628E-05;0.00042376;0.00080734;9.9483E-05;0.0010156;0.00017645;7.6454E-06;1.3488E-06;0.00045154;8.0019E-11;0.0012331;0.00033421;0.00034901;0.0018022;0.00038311;1.0078E-05;0.00063217;0.00068841;0.00010164;0.00047337;0.00021827;0.0027749;4.2845E-06;0.0012;0.0024226;0.00014004;3.6243E-05;0.00020735;4.0081E-05;2.6019E-07;0.0054882;0.000153;5.7326E-05;0.00010091;0.00072388;0.0025005;0.0079066;0.00056088;0.00061301;5.9E-07;0.0054389;0.0052319;0.00017574;0.00065128;0.0009892;8.3666E-05;0.00030692;0.0010159
8;205.48;45.669;3;1;0.25;150;175;Euclidean(MinimumTimesMedian);3.6397E-06;0.0017464;0.13495;0.16274;0.0003746;0.17116;0.054676;0.12189;0.00095066;0.2291;0.0010692;0.0003007;0.00071159;0.0026948;5.7793E-06;0.00014043;0.001433;0.0042896;0.0023015;6.6926E-10;0.0032268;2.7508E-05;0.0010965;4.9268E-05;0.0002018;5.6016E-06;0.00047502;6.6675E-07;0.00089114;4.7922E-05;0.0001713;0.00050552;0.0054945;5.9216E-05;8.3158E-05;0.00017621;1.8193E-05;0.000356;2.1721E-05;0.00029124;8.7176E-06;0.0037644;0.00087505;7.6344E-07;0.00010643;9.3554E-05;3.0836E-06;7.8033E-05;0.00022961;0.00012297;0.0009243;1.2545E-05;1.9141E-05;1.76E-05;0.00012868;0.00011123;0.00082521;0.0001744;8.0954E-08;0.0011804;0.00051091;0.00010544;0.0011237;1.8781E-06;0.0022821;1.1084E-05;0.00085445;0.0028896;0.00083328;0.0090661;0.0016375;0.0002014;0.0027235;0.0029065;4.3538E-07;5.0369E-05;0.0001543;0.00034117;1.0683E-05;3.4004E-05;0.0028816;0.00086567;0.014155;0.00092905;0.00095581;0.0015322;0.0019114;0.00010664;4.773E-07;0.00083445;0.00037806;4.9705E-05;1.3549E-05;6.8232E-06;0.0062828;0.0006737;5.5039E-05;4.2186E-05;0.00094808;0.00080875;1.5735E-07;0.00051457;0.00041685;9.1762E-05;0.00063442;0.0069069;1.5158E-05;0.00024449;1.5417E-05;0.00053371;0.0034509;0.0026579;4.6022E-05;2.8749E-06;0.0041067;0.0039209;0.0027998;0.0015225;0.00038596;0.0001524
9;275.6;61.255;3;1;0.25;150;175;Euclidean(MinimumTimesMedian);0.00078487;2.934E-05;9.3556E-05;1.9746E-05;3.1416E-05;0.22643;0.22973;6.3458E-06;0.13501;0.23375;0.00024733;0.00028361;0.00069516;0.00016369;4.3441E-05;0.001833;6.5279E-06;2.5267E-05;4.7748E-05;2.1232E-05;0.00047702;0.00051869;0.0003358;0.00013661;4.2528E-05;1.3578E-05;3.6327E-06;0.00024531;0.00035879;1.8012E-08;0.00058719;5.2905E-06;0.00017402;0.00021929;8.0291E-07;4.8525E-05;7.6673E-07;0.00035871;1.0271E-05;2.3122E-10;9.1726E-05;0.00083049;1.5453E-06;2.3242E-05;0.0003413;4.1789E-05;0.0001132;0.0015846;0.00012436;0.00013622;0.00036574;0.0015754;0.0009664;4.0009E-07;0.00011143;0.00028354;0.00050458;3.2032E-06;0.00013514;0.00097951;8.5996E-05;0.00055237;1.6238E-05;0.00036448;2.478E-05;0.00012212;0.00051978;0.00017685;5.1732E-05;4.4004E-05;3.9789E-06;0.00030124;6.4698E-05;0.00014284;7.6777E-06;1.3211E-05;8.75E-05;0.0004456;0.00011103;0.000569;2.8421E-06;3.4493E-05;0.00050278;4.0787E-05;7.2085E-07;0.00022751;1.0949E-05;2.8845E-06;0.0010593;2.3944E-06;0.0001854;5.097E-05;6.4309E-05;5.7965E-06;4.4851E-05;0.00020177;1.7847E-05;0.00063925;0.00029148;0.00065604;0.00047275;5.315E-05;0.0014319;0.0012872;0.0032571;3.31E-05;0.00011116;0.00018841;0.0018376;0.0015919;0.00036496;3.271E-05;0.0003778;9.8733E-06;0.00025104;8.0841E-05;0.00039185;1.1273E-05;0.00075291;0.13871
10;247.17;54.935;3;1;0.25;150;175;Euclidean(MinimumTimesMedian);9.9638E-05;0.12974;0.00014885;0.15349;0.00053604;0.21601;0.080468;0.00083044;1.0668E-05;0.23096;0.0021515;2.2698E-05;6.5975E-05;7.8629E-06;5.1767E-05;0.00044327;0.00094566;9.712E-05;3.9439E-08;2.0624E-08;8.6428E-05;0.00055577;0.00041628;0.00014768;0.00031348;1.7982E-05;0.0015131;1.5984E-05;0.00034584;0.0005908;7.5208E-06;0.00097467;8.725E-07;0.00072513;0.0012137;0.0014142;1.2056E-05;8.1306E-06;0.0002675;0.0024666;0.00014409;2.8157E-08;0.00021372;0.0001225;0.00097759;0.0013103;0.00030797;2.8177E-05;6.6585E-05;0.0013825;0.00013681;4.1781E-07;0.0001159;4.2778E-05;0.00010412;2.8037E-05;0.0025609;0.0001346;0.0014005;0.00015418;0.00034629;0.00019298;0.00067208;0.00026832;0.00011479;0.00098469;0.00011899;0.00091508;2.5585E-06;1.6347E-07;6.8149E-05;0.0001065;0.00012484;5.3967E-05;0.00011346;4.1483E-06;0.00064814;0.00038754;0.00072856;0.00099853;3.8182E-05;0.00086871;9.8207E-05;3.2682E-06;6.3235E-06;0.00016036;0.00071865;3.7396E-06;0.00081144;4.085E-05;7.8118E-06;0.00026018;3.9909E-05;0.00015268;0.00018941;0.00087652;0.001144;0.00030325;7.7521E-05;1.0225E-05;0.0031972;0.00086651;1.0033E-05;3.3056E-05;0.0011118;0.00030801;4.4864E-08;0.00011234;0.00013011;0.00031845;0.00088971;0.00096963;0.00168;0.00063122;3.0417E-08;1.7242E-05;0.00030556;7.2969E-09;0.0003913;0.13996
11;229.12;50.923;3;1;0.25;150;175;Euclidean(MinimumTimesMedian);2.5917E-06;0.13077;0.000126;0.16769;0.0028923;0.21425;0.071587;0.0016901;9.4653E-05;0.21527;4.1133E-07;0.00030428;0.00087836;5.6615E-05;0.00023549;0.00043102;0.00010393;7.2902E-05;0.0011113;0.00026654;3.3915E-05;4.5152E-05;0.00030028;0.00024106;1.3772E-05;0.0014552;0.0012086;0.00014393;2.8222E-05;1.2558E-06;8.0974E-05;0.0013175;0.0003648;0.0012826;0.001426;0.00053309;0.00020411;0.00075698;7.7959E-06;0.00025433;3.9477E-06;0.0032153;0.00054768;0.00014368;0.00032958;2.8313E-06;0.0015391;4.4703E-05;0.0026557;4.6527E-06;0.0008126;3.7269E-05;0.00034639;0.00066176;0.0011693;3.5583E-05;2.6301E-05;4.5171E-06;0.00032237;0.0009115;0.00027701;0.00026785;5.5217E-05;0.0010344;1.2035E-05;0.0010422;0.00078264;0.00050233;0.002035;0.00048879;0.001081;0.00026279;0.00011543;7.3919E-05;5.5168E-05;0.00052024;0.00027887;6.4884E-06;0.00016685;0.0012231;0.0015394;0.0001629;0.00037425;2.5408E-06;0.00053554;0.00036735;0.00036407;0.00031671;0.0013947;0.0019038;0.0012269;0.00017224;0.00038423;8.0209E-05;7.5833E-05;0.00013435;1.8386E-05;0.0002075;0.002831;0.0023078;0.00074443;4.5959E-05;5.502E-05;0.00049953;0.00054837;0.00199;0.00051315;0.00022631;6.2628E-05;8.0114E-07;0.00042303;4.4964E-06;0.00013004;6.6279E-05;0.00045584;0.00019127;0.00067537;0.00064117;1.3301E-05;0.13767
12;272.16;60.49;3;1;0.25;150;175;Euclidean(MinimumTimesMedian);6.136E-07;7.0795E-05;0.00037077;0.0016101;0.0017998;0.23076;0.22955;0.00090764;0.1339;0.23085;6.0249E-07;9.8338E-05;0.00018709;9.3872E-06;4.8966E-06;2.1099E-05;2.1104E-07;0.00030135;8.9746E-05;3.9448E-05;7.6288E-05;0.00027493;7.948E-05;0.0001848;0.00024729;0.0001913;0.00038868;3.7208E-05;0.00027924;0.00012743;1.7774E-05;0.0013017;4.3733E-05;0.00076513;0.0017138;0.00054348;0.0010665;8.9007E-05;7.9503E-05;1.3278E-10;1.6461E-05;0.0014096;6.8729E-05;5.0811E-07;4.2867E-05;8.3272E-06;0.001163;2.0432E-05;5.4172E-06;6.6005E-05;0.00065849;3.1875E-07;4.6117E-09;2.7809E-07;6.9138E-05;0.00012721;0.00073969;0.00048703;4.352E-05;2.9367E-05;0.00013555;2.3679E-06;3.854E-05;0.00013414;0.00093026;4.4314E-05;0.00059592;0.00017495;0.00012405;0.00098052;0.00017322;0.00012999;8.7405E-05;1.8044E-06;0.00012193;0.00051835;0.00021833;1.3512E-06;0.00027035;3.093E-05;4.7528E-07;0.00061916;8.9106E-05;2.3128E-07;8.8723E-05;7.6259E-05;5.4741E-05;0.00013353;2.4546E-06;0.00014923;0.00025314;0.00072928;0.00089713;3.7687E-05;0.00057282;6.345E-08;0.00038084;0.00013112;0.00014343;0.00065353;0.00080079;3.301E-05;2.4812E-05;3.3166E-05;0.001063;0.0009634;5.6428E-05;0.0025091;5.0445E-05;3.5565E-05;4.8517E-07;0.0016838;2.4195E-06;0.00054409;5.8718E-05;0.00011687;6.4285E-06;0.0018456;5.6836E-06;0.1374
13;233.23;51.837;3;1;0.25;150;175;Euclidean(MinimumTimesMedian);0.0006042;1.6764E-05;0.12744;2.3063E-05;0.0011649;0.18019;0.21135;5.2741E-06;0.21481;0.21503;5.3405E-05;3.8419E-05;4.9951E-07;1.4439E-06;2.7617E-05;1.4081E-05;6.2923E-05;0.0001072;0.00010866;0.00090552;2.5584E-05;1.5492E-05;0.0005244;1.4351E-05;0.0003554;0.00016344;0.00069346;0.00099036;0.00028675;3.8108E-05;0.0010876;5.2163E-05;0.00092993;0.0010312;0.00041242;0.0017377;0.00068222;0.00087318;0.00017593;0.00066439;4.7113E-05;4.5437E-05;0.0010306;0.00029343;0.00026309;7.4837E-07;4.203E-05;0.0014565;1.2593E-07;9.3478E-05;6.0723E-05;3.1294E-05;1.6676E-05;0.0010176;0.0017822;1.5008E-07;0.00085472;0.00012205;1.0697E-06;1.6231E-05;2.2389E-06;0.00067376;4.399E-05;2.3118E-06;0.00071295;0.00030489;0.00035347;0.0027899;3.2429E-05;2.2866E-06;7.3383E-06;0.001018;4.273E-05;7.4542E-05;0.00032399;0.0024427;0.00013655;8.8813E-09;7.1061E-05;9.4986E-06;0.00012191;8.6201E-05;2.7177E-07;0.00033881;5.584E-05;0.00072047;0.0005806;0.0030834;0.00044512;0.0012888;2.3381E-05;4.8214E-05;1.0346E-07;4.3165E-06;6.0603E-09;1.5728E-05;0.0010629;4.7721E-05;0.00040246;0.00056698;0.00051357;0.00052943;0.0016443;0.00025807;0.00026143;5.9033E-05;5.6795E-05;6.4526E-05;0.00045736;9.8815E-05;0.00021757;0.001407;0.0038274;0.00048029;0.00061242;2.1946E-05;0.0015915;1.141E-05;5.7352E-05;4.332E-06
14;255.17;56.713;3;1;0.25;150;175;Euclidean(MinimumTimesMedian);8.6342E-06;0.13513;0.13993;0.16087;0.00047768;0.20148;0.075158;2.6024E-07;2.5532E-05;0.23448;0.00080726;0.00012596;0.0026482;0.0019523;0.00014426;1.8275E-05;2.1589E-05;0.00045125;0.00094587;0.00021635;0.00028654;0.00011489;0.00024896;0.00080078;0.00099707;1.5601E-06;0.00012652;0.00017073;5.2299E-05;4.9828E-05;9.8298E-10;2.5894E-05;0.0011302;2.7877E-05;0.00010031;0.0013933;8.3527E-05;0.0006635;0.00038104;0.0043018;0.001575;0.00015736;0.00025202;6.2121E-05;3.1905E-05;0.00033599;0.00028239;6.2489E-06;0.0018198;0.00053065;4.8603E-06;2.8045E-05;0.00038332;8.068E-05;1.1912E-07;9.3262E-05;3.3827E-09;0.00025459;1.047E-05;1.8298E-05;0.00069434;0.00020393;0.00052667;5.8077E-05;0.00069333;5.9091E-06;3.8113E-05;3.5426E-06;0.00020455;0.00044033;0.001433;0.001486;0.002435;7.6186E-05;0.0010876;0.00011161;8.6049E-05;0.00056284;0.00085431;0.00085303;0.00013573;0.00014425;0.00029899;0.00099523;0.00020074;0.0020552;0.00038583;0.00014985;9.0199E-05;2.5618E-06;0.0013374;0.0010349;0.00017742;0.00019239;0.00022995;0.00077852;0.00051112;7.2096E-06;0.00073588;6.1534E-05;3.6457E-06;0.0012207;0.00014266;0.00011425;1.1392E-05;0.00011915;1.7459E-06;0.00033195;0.00021548;0.0014849;0.00014434;0.00045079;0.00022174;0.00097346;7.5245E-05;0.00078119;1.1394E-05;0.0004132;7.2198E-05;4.9548E-05
15;238.52;53.013;3;1;0.25;150;175;Euclidean(MinimumTimesMedian);4.7497E-07;0.13404;0.13262;0.15257;0.00030925;0.22135;0.079539;0.0005959;0.0010937;0.22351;5.3224E-06;0.0001047;4.1414E-05;3.0209E-05;0.00020444;0.0025034;0.00043924;0.00099202;7.4031E-08;2.124E-05;8.0393E-06;0.00015895;0.00025954;0.00012004;1.3273E-08;0.00014657;0.00018556;6.0933E-05;0.0004655;1.5053E-05;0.00025868;3.3697E-06;0.00015205;4.9156E-05;0.00063217;5.5281E-07;0.0011972;8.8376E-05;0.001083;8.9385E-06;0.0028394;0.0013336;0.00055756;8.015E-07;5.3721E-05;2.0004E-05;0.0018482;0.00017933;0.0017666;0.00043772;1.8854E-05;0.001763;0.00017678;9.6351E-06;0.00029602;0.00014258;1.226E-07;1.8857E-05;2.6165E-06;0.00088509;0.000262;9.2714E-06;0.00023349;0.00016975;0.00012313;0.00079248;0.0035796;0.0011813;0.00035635;9.2021E-05;1.549E-06;2.741E-06;0.00027671;4.7921E-08;0.00056286;0.00029916;0.00025129;0.00037486;6.7216E-06;0.00012156;0.00069456;2.1418E-06;0.00074334;0.00013118;0.00039002;1.4616E-05;0.00053889;0.0022828;0.00086713;0.00091157;0.0018443;2.6053E-06;0.0030366;7.0807E-05;0.0019986;0.00072035;0.00083377;0.0012526;7.2221E-05;1.0852E-05;0.00012578;4.8084E-05;1.0777E-06;1.3578E-06;0.00027898;6.7573E-06;3.6381E-05;2.3305E-07;0.00048104;2.1153E-05;0.0031729;9.4335E-06;0.0012334;1.8133E-05;0.00036483;0.00012717;0.00015642;0.00017224;0.00054956;0.000859
16;204.43;45.435;3;1;0.25;150;175;Euclidean(MinimumTimesMedian);0.00075512;0.13524;0.0010654;0.13718;0.0004063;0.20344;0.077786;0.0017094;0.0009598;0.20362;6.9455E-05;3.6168E-05;4.205E-05;0.0027262;1.9729E-08;4.0424E-05;0.0066608;0.00018835;0.0011684;8.6038E-06;0.00025931;0.0010225;0.00028828;0.00056437;0.0018916;3.9467E-05;0.00060747;1.6617E-05;0.00025187;5.6693E-05;0.0011842;0.00047806;0.0012977;4.9532E-05;0.0012408;5.9205E-07;0.0012024;0.0019134;1.9705E-07;0.00095278;0.0015838;0.0044451;0.00027608;0.00060807;0.00026085;0.002125;0.0033082;0.00068591;6.5812E-06;2.4291E-05;5.0161E-05;0.0017997;0.0013565;0.0010447;0.00034225;0.00055232;0.0004904;3.5533E-05;3.1046E-07;0.00020207;0.00093254;0.0049796;6.3606E-06;4.5354E-08;0.0015175;2.4281E-08;3.8887E-05;0.00028567;0.0019707;0.0039588;0.00089353;0.0024093;0.0017797;0.004676;1.546E-05;1.6759E-05;0.0010052;0.0073308;0.0011025;0.001442;0.00026961;0.00075007;4.6994E-05;0.00074723;0.00046219;3.5105E-06;0.001553;0.00025698;3.5109E-06;0.00079134;1.354E-06;0.00011855;0.00093142;0.003017;0.0015137;0.00016005;0.00029653;0.0006771;0.00036983;0.00076409;8.3541E-06;0.0025804;0.00024164;0.0021017;8.9528E-05;0.0015991;0.00022432;0.00049014;7.0974E-08;0.0017489;0.00023017;0.00016311;0.00094054;4.538E-06;2.534E-05;0.00097726;0.0031163;0.0025582;0.001896;0.12829
17;291.59;64.808;3;1;0.5;150;175;Euclidean(MinimumTimesMedian);0.00012893;7.3255E-05;3.6649E-06;7.5402E-07;7.5736E-06;0.23993;0.23993;0.00066971;0.13997;0.23594;3.3617E-05;6.1269E-05;4.6001E-08;1.9289E-06;2.7453E-06;1.0311E-05;1.1255E-05;1.0524E-05;3.0979E-06;1.1598E-05;1.7904E-08;6.04E-06;5.8259E-06;4.0587E-05;4.188E-06;1.9922E-05;1.0919E-05;8.3283E-07;5.371E-06;1.9029E-05;8.528E-06;6.8158E-06;6.0958E-08;3.3535E-07;1.0323E-05;3.6474E-06;3.5636E-07;4.7245E-06;1.486E-05;9.8845E-06;5.7392E-08;1.9507E-07;3.2371E-07;1.7411E-06;3.3892E-09;1.5574E-06;8.1911E-06;1.7597E-05;2.6008E-09;1.351E-06;2.1352E-06;4.1803E-06;1.9572E-05;2.1723E-06;1.1428E-05;1.7882E-08;6.6883E-07;1.8915E-05;0.00011773;9.7267E-06;0.00013871;2.9219E-08;4.5616E-05;1.3296E-05;2.9906E-06;1.3615E-06;0.00018503;9.1168E-08;8.2001E-06;2.0123E-10;1.6629E-06;4.2621E-05;2.1526E-05;9.0153E-06;1.3087E-05;1.0866E-09;2.2808E-05;4.1082E-06;5.0061E-07;3.225E-06;8.2997E-06;3.1684E-07;1.5052E-05;1.5307E-06;2.3796E-06;3.5541E-05;5.4934E-05;4.8161E-05;4.9846E-07;4.791E-06;4.6112E-05;5.1301E-05;5.2917E-05;3.1075E-08;2.1648E-05;1.0257E-05;1.4789E-05;1.1964E-05;5.9998E-08;6.5998E-06;2.2391E-05;1.191E-05;1.0076E-07;5.025E-05;3.2534E-09;0.00024985;5.4654E-06;7.6238E-06;4.0045E-06;3.7568E-05;1.2314E-06;1.2093E-06;1.8004E-05;2.0508E-05;4.971E-09;8.553E-08;3.3595E-08;5.1991E-05;7.2769E-06;0.14142
18;281.27;62.515;3;1;0.5;150;175;Euclidean(MinimumTimesMedian);0.00010914;0.10081;0.00043544;0.14572;0.00010137;0.18292;0.064692;3.1583E-05;6.2358E-07;0.28897;0.0012712;7.2709E-06;0.00010226;8.7307E-06;0.00068596;1.7063E-05;7.4582E-05;1.7201E-05;0.0010194;0.00014895;1.0723E-06;0.00072325;0.0010945;0.00010499;0.00059801;0.00018202;0.00010742;5.7942E-07;1.0791E-05;0.0028901;0.00094837;9.9247E-05;0.00076615;0.00019392;1.893E-07;0.00037454;4.3515E-06;9.365E-05;0.00029982;4.1798E-05;0.00040542;0.0005951;3.1915E-05;2.4065E-06;1.9279E-05;2.7294E-05;0.001378;8.2288E-05;1.5874E-05;0.00039978;5.1059E-06;4.4009E-05;0.00074523;0.00054542;7.9511E-08;0.00069678;6.951E-06;8.1152E-07;0.0011972;1.5133E-08;2.7364E-05;8.9237E-06;2.6107E-05;0.0019622;6.7791E-06;0.0015939;7.0241E-08;0.00019895;8.8947E-05;0.00030643;0.00063869;0.00014701;0.00057306;0.00015579;0.00092686;6.2161E-06;2.8646E-05;0.0002622;5.8232E-06;0.0020945;1.0158E-06;1.8198E-05;0.00067777;0.0015489;0.00014598;3.5419E-06;2.2284E-05;3.6271E-06;6.3558E-06;0.00031719;0.00010234;8.3981E-06;0.00047549;0.0022826;7.0206E-07;7.8055E-05;0.00057186;0.00039279;1.2587E-05;0.00064778;0.00053874;0.00039378;0.00025325;0.00063286;9.4896E-07;4.1105E-05;9.6002E-06;8.7547E-05;7.5682E-05;7.2292E-05;1.4965E-07;2.1332E-06;1.3459E-05;2.4284E-05;6.9917E-05;0.00076416;0.0018862;3.2233E-07;0.00069573;0.17618
19;180.3;40.073;3;1;0.5;150;175;Euclidean(MinimumTimesMedian);1.1239E-05;5.7537E-05;0.00072678;0.15053;0.19807;0.19827;0.11961;8.5856E-06;9.3106E-05;0.19804;7.2557E-05;0.00039556;1.8189E-05;4.6679E-05;2.5845E-05;2.6321E-05;7.2052E-05;9.6268E-05;4.3019E-05;0.00010297;0.00015026;2.4767E-06;7.0552E-05;6.1841E-06;3.5907E-07;9.7613E-05;0.00014306;2.9539E-05;1.2571E-05;3.2281E-05;0.0001318;1.1697E-07;3.9993E-06;1.8438E-05;0.00021614;0.00019315;5.0569E-05;1.1304E-06;0.00018655;5.1551E-08;0.00010957;9.0525E-05;4.5508E-05;1.7123E-05;0.00027668;0.00022863;6.2874E-07;0.00020532;0.00022584;0.00035492;6.4256E-07;0.00019008;0.0012493;1.3775E-07;0.00052678;5.3495E-05;8.1444E-05;5.958E-05;0.0002313;0.00018454;6.7816E-05;0.00035673;0.00019445;4.8793E-06;4.7017E-05;4.9965E-05;9.8775E-05;6.9201E-06;1.7597E-05;6.813E-07;0.00022288;8.45E-05;6.8944E-05;0.00011926;2.9597E-13;2.3594E-05;1.2286E-05;0.000494;0.00059303;7.7941E-06;2.2796E-05;1.8934E-05;4.626E-05;0.00014549;4.9598E-07;7.6591E-09;0.0002503;0.00060999;4.2347E-05;2.1171E-05;3.0851E-05;0.00063692;4.4556E-05;4.9233E-07;0.00024025;0.00053322;3.2711E-05;0.00078545;0.00081004;1.3129E-05;5.8989E-06;0.00034944;1.516E-07;0.00034371;1.84E-05;7.3158E-05;1.1704E-06;4.2328E-08;5.681E-08;8.9994E-05;0.00041358;1.6395E-05;1.2999E-06;0.00015113;2.7964E-06;3.0091E-05;1.9361E-07;0.00059823;3.5061E-06;0.11936
20;296.48;65.894;3;1;0.5;150;175;Euclidean(MinimumTimesMedian);7.6727E-05;7.3681E-07;2.6079E-05;1.5236E-05;7.3266E-07;0.23337;0.23762;3.6402E-06;0.13986;0.24118;3.5603E-08;1.2934E-05;2.3229E-05;3.688E-07;7.3164E-07;1.0891E-05;2.341E-05;1.5439E-06;4.9422E-06;4.2004E-05;1.9342E-05;8.6403E-06;8.1449E-08;6.1704E-06;3.414E-05;8.8753E-07;9.493E-05;1.9764E-06;1.0276E-06;1.3532E-08;6.5854E-05;2.5693E-05;5.8154E-05;2.3266E-05;4.0698E-07;6.3812E-05;1.8166E-05;1.2247E-07;2.6017E-06;0.00011333;7.6349E-06;5.8726E-06;2.5087E-06;1.5351E-05;3.3018E-06;5.322E-05;2.0808E-05;4.408E-06;1.604E-07;0.00030313;1.1345E-07;2.0093E-08;1.483E-06;3.0265E-07;2.2022E-06;6.1694E-05;3.0303E-06;2.2205E-06;2.9016E-05;5.8044E-07;7.3255E-09;4.6835E-05;3.3005E-06;1.0999E-05;9.8591E-06;1.0836E-06;1.2682E-07;2.7392E-08;8.6007E-05;6.2363E-06;3.8527E-05;0.00017087;7.1184E-07;9.6338E-05;3.0933E-05;0.00012981;1.742E-06;5.0304E-06;1.2832E-05;1.9701E-08;4.3301E-07;2.807E-08;7.1758E-07;4.7028E-05;1.3301E-05;8.5942E-07;2.395E-05;3.2098E-06;1.8468E-05;0.00014642;7.9051E-06;1.1221E-05;7.7755E-06;0.00013125;3.0317E-05;3.0568E-05;4.7344E-05;1.0372E-05;0.00015882;0.00011258;5.6586E-05;8.9383E-06;0.00011595;4.8308E-06;2.5926E-05;3.1198E-07;3.6485E-05;2.631E-05;9.5343E-09;3.5858E-06;1.4387E-06;4.2758E-05;8.0203E-07;3.0525E-05;5.8771E-05;7.397E-05;0.00010734;2.8195E-06;9.222E-07;0.14462
21;286.11;63.589;3;1;0.5;150;175;Euclidean(MinimumTimesMedian);1.9128E-06;0.14131;0.14889;0.16365;5.9605E-06;0.21319;0.081571;2.6975E-06;1.0441E-07;0.24888;6.4993E-06;5.8071E-05;1.2032E-09;1.4912E-07;5.9492E-05;3.5683E-07;0.00019053;6.6114E-08;3.8791E-06;4.7966E-07;3.5231E-07;1.3421E-05;5.2268E-08;6.83E-07;8.2557E-07;7.4762E-06;2.1782E-05;5.9522E-07;5.666E-06;1.11E-06;1.0715E-05;2.2078E-09;5.6687E-06;5.8867E-05;6.6279E-05;5.2815E-06;6.0396E-06;8.7954E-06;2.3728E-06;3.4107E-06;7.2786E-06;7.1873E-07;1.1133E-06;3.8797E-07;1.3433E-05;1.2694E-05;2.3367E-07;1.9837E-08;1.2354E-05;2.8558E-05;1.5347E-05;7.6578E-05;7.4729E-06;2.9828E-06;3.2499E-05;0.00011172;2.6301E-06;2.6279E-08;1.9583E-05;1.7568E-05;3.8706E-06;1.1335E-10;2.5488E-05;1.8166E-05;1.5547E-05;2.0597E-06;7.5905E-05;2.4108E-05;5.6825E-06;5.3972E-05;6.6842E-09;2.354E-06;5.3187E-06;3.4682E-05;8.2924E-06;4.7585E-05;4.5939E-05;1.9186E-06;1.5992E-05;8.9294E-07;4.0355E-08;6.007E-05;4.2779E-06;9.8892E-09;7.2202E-05;1.1607E-05;8.7412E-06;6.3525E-06;1.5895E-06;4.2675E-08;0.00022257;8.6178E-07;0.00016079;0.00013937;4.6871E-05;4.3877E-06;5.3966E-06;2.9116E-07;7.8248E-05;5.7122E-07;7.225E-08;1.4962E-05;8.5468E-07;1.1347E-05;9.5379E-06;4.7907E-06;1.5798E-06;1.0892E-07;2.0042E-05;4.4137E-05;0.0002021;2.1898E-05;5.8119E-08;2.4561E-07;1.7491E-06;6.3336E-07;1.7687E-05;2.9419E-05;1.1151E-07;7.3224E-06
22;269.24;59.842;3;1;0.5;150;175;Euclidean(MinimumTimesMedian);0.0012955;0.13086;1.5525E-06;0.18366;9.4497E-06;0.20245;0.066085;0.00091433;2.1973E-06;0.2442;1.1928E-06;2.0261E-09;4.7253E-08;2.0014E-08;5.8343E-06;2.3315E-05;8.3185E-07;1.1014E-05;0.00025245;3.8752E-05;3.0128E-06;1.4011E-07;8.4471E-09;1.0589E-07;1.385E-07;3.6408E-06;9.8943E-07;3.6986E-07;1.6808E-08;3.7323E-06;1.9185E-06;1.8435E-05;1.3657E-07;9.8787E-08;8.8388E-07;1.8779E-08;4.4257E-05;2.4037E-07;1.8134E-08;0.0042918;1.2898E-05;3.1924E-08;4.8505E-06;1.542E-05;0.00031894;5.2689E-05;1.6294E-08;0.0012397;5.6942E-07;4.4153E-06;0.001229;8.7616E-06;0.00010834;7.6719E-07;1.0395E-05;0.00014813;1.2853E-06;0.00020307;1.2681E-06;1.3277E-07;4.0994E-05;0.00032594;1.234E-06;2.2565E-05;2.889E-07;7.6327E-06;6.9824E-09;0.0028238;0.0003328;0.00036911;6.0871E-06;1.8098E-10;8.8171E-06;2.8409E-06;1.4161E-05;1.028E-05;1.22E-06;8.6573E-09;5.6352E-10;2.9528E-06;2.2609E-07;1.5306E-06;0.00067584;0.0005982;1.0825E-05;8.998E-06;2.358E-05;0.00098851;1.0806E-07;3.1928E-07;0.0024378;3.5924E-08;3.8713E-08;4.8009E-08;1.0096E-05;7.4309E-06;9.052E-05;3.1697E-05;1.6055E-06;5.3392E-06;1.2248E-05;6.2087E-05;5.0342E-05;2.1778E-05;4.6062E-08;0.00075362;4.8085E-06;0.0020716;0.0012448;3.7414E-07;7.1757E-06;5.6008E-08;5.2369E-05;3.7407E-05;1.7131E-05;2.8408E-06;1.6388E-11;2.8049E-05;0.0024759;0.14675
23;281.78;62.628;3;1;0.5;150;175;Euclidean(MinimumTimesMedian);2.5474E-08;0.14828;0.00010437;0.15943;4.3614E-07;0.21006;0.08517;2.8831E-05;4.319E-05;0.24666;2.1636E-05;1.5732E-07;8.1852E-05;1.2975E-05;5.0393E-07;3.5751E-06;0.00017607;1.1129E-05;3.0214E-08;3.549E-08;2.0377E-05;1.7573E-05;1.3463E-08;2.2102E-07;6.8138E-05;1.6617E-06;9.6482E-07;2.6368E-06;4.7904E-06;1.7687E-06;3.9725E-05;1.4936E-05;3.2275E-08;7.65E-05;3.5256E-08;2.5789E-06;2.2091E-05;6.249E-06;4.5733E-06;1.9714E-06;1.7846E-08;2.1279E-05;1.0836E-05;5.2337E-06;1.4171E-06;6.7332E-05;8.4838E-05;5.0142E-07;1.9541E-05;2.5564E-05;9.1393E-06;6.9661E-06;0.00013952;5.9549E-06;2.7811E-05;1.1932E-05;2.7487E-06;4.9467E-06;1.7436E-06;8.6762E-06;7.2465E-06;4.6517E-05;3.121E-05;4.5299E-07;7.9021E-05;2.0964E-06;6.7552E-05;8.367E-07;3.7699E-05;3.3628E-06;5.4644E-08;2.1494E-05;1.1493E-05;7.4069E-07;2.5814E-07;1.0265E-06;0.00012776;2.9316E-07;9.0007E-05;1.7532E-05;1.4021E-05;2.4722E-05;7.6208E-07;1.103E-05;2.1272E-07;9.2115E-05;5.4274E-05;3.2028E-05;6.3551E-09;5.006E-06;3.1057E-05;2.9778E-08;8.5836E-07;0.0001601;3.4804E-06;4.9301E-05;8.5771E-06;1.1821E-05;2.8858E-06;9.269E-06;1.6798E-05;5.8148E-05;7.366E-07;3.0677E-06;5.8798E-07;3.135E-05;2.0378E-07;1.6176E-05;1.929E-05;0.00028276;5.4658E-05;6.4012E-05;9.7829E-06;3.5798E-05;6.8273E-06;4.2086E-06;6.0778E-06;4.7594E-08;9.5286E-06;0.14749
24;277.53;61.683;3;1;0.5;150;175;Euclidean(MinimumTimesMedian);1.3045E-05;0.14479;2.0273E-07;0.1768;1.4041E-06;0.20881;0.074915;2.9562E-05;1.2935E-05;0.24357;0.00013055;7.1442E-05;2.5456E-06;7.1768E-05;9.0715E-06;8.8786E-05;1.8592E-05;3.257E-05;0.00017765;4.3417E-05;8.5845E-06;2.6945E-06;7.5723E-05;3.8348E-06;6.3839E-06;1.2883E-09;1.0683E-05;1.2137E-06;6.1302E-07;5.3149E-07;2.3588E-11;9.676E-08;1.8446E-07;9.6994E-05;2.0778E-05;0.00010681;0.00027162;2.3236E-07;4.8179E-05;1.5057E-05;0.00024966;0.00011005;2.267E-06;0.0001151;1.8103E-05;2.267E-08;0.00012006;7.3275E-06;0.00026142;8.8041E-07;8.6409E-06;5.0902E-08;1.5672E-07;2.6849E-05;5.0055E-05;2.8287E-07;9.6155E-05;4.0324E-05;7.8699E-05;3.2101E-06;6.3132E-06;0.00023751;2.7683E-07;5.914E-05;3.009E-07;3.7009E-05;1.2416E-07;1.7816E-05;2.6786E-05;2.6282E-06;1.0714E-07;0.00027616;8.3985E-06;5.778E-06;1.7703E-07;2.1663E-06;3.2592E-07;3.8008E-05;0.00010356;3.9818E-06;6.0977E-06;3.0463E-06;1.8071E-05;3.8828E-05;0.00029588;6.3785E-08;2.3169E-05;3.3055E-05;2.9942E-06;4.4943E-06;2.746E-05;0.00010082;3.0137E-05;8.7213E-06;0.00024152;1.3562E-05;7.6803E-06;2.4056E-07;0.00032203;3.7038E-05;7.2798E-05;1.9765E-06;0.00037817;3.9572E-05;6.0326E-06;8.5437E-05;4.9195E-06;1.086E-05;0.00028983;4.1493E-07;2.4493E-05;1.3833E-05;4.29E-05;2.8792E-06;6.1674E-06;6.5062E-08;1.9552E-05;8.2115E-08;1.4066E-05;0.14549
25;265.82;59.081;3;1;0.5;150;175;Euclidean(MinimumTimesMedian);2.7663E-07;3.429E-05;0.16775;8.8306E-07;0.00012577;0.27999;0.15912;0.00087305;0.091747;0.27997;0.00056279;6.5336E-07;0.00011738;5.0397E-07;0.00015656;0.00049266;3.6405E-05;2.0007E-06;0.0014051;1.4531E-09;2.0948E-06;8.1198E-09;4.9929E-12;3.2561E-07;1.1553E-06;2.6843E-05;5.6208E-05;6.0011E-07;7.5181E-05;6.8868E-05;9.7285E-05;8.9018E-06;0.0022575;3.4976E-06;9.1532E-05;6.2422E-08;2.0839E-08;0.00035069;5.8914E-06;4.897E-08;0.00012293;8.032E-06;8.1528E-06;5.8713E-07;3.1403E-05;8.6123E-07;6.6866E-05;7.2483E-05;9.773E-06;0.00010523;9.2011E-06;7.5205E-08;0.00023192;1.6778E-05;5.9489E-05;4.9968E-06;0.00011266;0.00021121;0.00017757;9.4248E-08;7.7721E-06;2.3684E-09;5.9493E-06;7.2625E-07;0.00016105;3.0379E-05;7.5861E-05;1.9062E-06;1.3694E-05;4.119E-06;7.2719E-06;7.8963E-05;3.7753E-05;1.0358E-06;3.6304E-06;3.9968E-05;0.00014889;5.474E-06;4.5668E-06;0.010844;4.5135E-05;0.00014279;7.9519E-06;7.6275E-06;1.9759E-08;2.7867E-08;8.4487E-05;6.9484E-05;3.8013E-07;1.7005E-05;4.1406E-05;4.2042E-06;8.5272E-08;2.9622E-05;8.1051E-06;8.1811E-06;1.7199E-08;7.4312E-05;2.6565E-05;2.4209E-10;1.5826E-06;8.0132E-06;1.481E-06;0.00041781;2.2029E-05;1.1602E-07;0.00016465;2.2388E-08;3.7911E-07;4.7805E-06;4.9338E-05;1.9355E-06;7.2496E-05;9.9026E-06;6.979E-05;6.7459E-07;0.00013008;8.3749E-05;3.5139E-06;0.00023858
26;303.01;67.346;3;1;0.5;150;175;Euclidean(MinimumTimesMedian);2.7803E-07;4.7186E-05;0.18379;3.1043E-06;7.6394E-07;1.9884E-07;0.15549;4.496E-05;0.092101;0.31057;3.6296E-05;3.6622E-10;5.507E-06;3.8944E-05;0.00013407;1.6198E-06;3.3359E-07;1.3473E-06;0.0002335;8.9201E-05;1.2208E-10;4.1184E-05;1.2986E-05;6.7524E-06;1.9444E-05;2.9142E-06;2.0571E-07;4.8549E-06;6.4836E-05;4.4069E-05;4.3691E-05;5.1952E-07;5.8192E-07;1.9527E-05;7.3562E-07;2.3197E-05;7.3936E-08;3.7217E-05;2.2144E-05;1.2121E-06;1.6726E-05;8.1928E-05;5.957E-05;8.8509E-07;3.56E-07;4.5984E-05;5.4555E-06;1.4812E-05;1.164E-05;7.1857E-05;1.6355E-08;6.9547E-09;1.6311E-06;2.4892E-05;2.3476E-06;2.3961E-07;5.2914E-06;6.1871E-06;9.6306E-07;2.8605E-05;2.8047E-05;4.4327E-05;1.4172E-07;1.0849E-06;4.7911E-05;6.0698E-06;3.5681E-05;3.8004E-07;1.3325E-05;1.0596E-05;3.6825E-05;5.83E-08;4.0253E-06;7.8433E-06;9.3744E-08;2.2301E-05;2.2844E-05;2.2862E-06;2.8816E-06;3.1184E-05;1.2679E-05;3.2062E-06;3.5774E-07;4.6287E-05;4.4305E-05;4.4305E-06;4.1683E-06;1.5734E-07;2.4742E-05;1.9563E-09;5.2601E-06;9.45E-05;1.7857E-06;4.4328E-06;2.8281E-09;8.5246E-08;3.904E-05;6.265E-08;0.25275;5.5062E-06;6.2161E-07;0.0029248;1.1553E-06;5.0069E-06;3.5948E-07;5.4947E-05;3.628E-12;6.9052E-05;2.0609E-05;9.5271E-07;1.3436E-05;1.8793E-05;1.4648E-07;4.0979E-05;1.7378E-07;0.00012579;2.4389E-07;1.3143E-05;3.0511E-05;3.4409E-06
27;183.43;40.769;3;1;0.5;150;175;Euclidean(MinimumTimesMedian);5.4416E-06;0.18241;0.1095;0.17555;1.1046E-06;0.18316;0.059461;6.2958E-05;4.3638E-09;0.1833;5.795E-09;0.0040162;0.00012987;6.4123E-06;2.5204E-07;0.00017972;3.6688E-06;5.9395E-05;4.1635E-06;1.3061E-05;1.5822E-07;1.5142E-05;3.6508E-06;4.7553E-06;1.6421E-05;5.3489E-05;6.8171E-08;3.231E-07;1.7416E-07;0.017392;0.00021983;9.516E-08;0.0026955;8.8841E-05;2.0926E-05;6.4597E-06;1.7772E-07;3.3522E-07;1.3685E-06;1.707E-05;7.3262E-05;7.1025E-06;0.0089533;2.6068E-07;1.1489E-07;1.121E-05;4.9938E-07;6.8165E-05;1.0278E-06;8.1938E-05;1.4518E-05;1.3002E-08;8.804E-10;6.2459E-08;5.9238E-06;5.1463E-05;1.4754E-07;8.1351E-06;6.3608E-05;0.032597;0.0034354;5.0394E-07;1.329E-05;1.9373E-05;8.2223E-07;3.6065E-05;1.5484E-05;0.0062268;8.8313E-09;3.938E-06;2.9539E-06;4.182E-06;3.6678E-06;6.1556E-07;8.0649E-05;8.8178E-06;3.4792E-06;0.00014436;2.1276E-08;8.4111E-07;5.1116E-07;2.718E-06;2.5202E-09;5.3676E-05;1.0032E-05;5.6913E-06;4.0116E-05;5.4532E-05;1.7788E-07;6.927E-10;8.1743E-05;5.509E-07;1.0436E-06;6.5748E-10;1.9555E-07;3.3996E-05;3.9799E-07;9.1372E-07;1.1142E-05;9.9431E-09;0.0018358;9.2197E-05;0.027145;1.4984E-05;2.3822E-06;6.8287E-08;4.5196E-05;1.455E-05;2.7147E-05;6.155E-05;1.3424E-05;3.1163E-06;5.1827E-07;1.4321E-09;5.6592E-07;1.5176E-05;2.9219E-06;7.482E-05;6.5334E-06;4.5638E-07
28;268.05;59.576;3;1;0.5;150;175;Euclidean(MinimumTimesMedian);4.6234E-05;0.15048;0.14159;0.15998;6.8442E-06;0.20778;0.088598;3.7487E-06;2.7265E-06;0.23614;2.0067E-05;3.5213E-06;3.8981E-09;0.00036079;4.4411E-06;9.479E-08;0.00010738;1.0923E-07;4.2765E-05;2.1537E-09;3.7659E-06;6.0769E-09;1.3893E-07;7.9416E-08;2.2778E-05;8.1987E-06;6.9871E-09;4.0233E-07;1.0442E-06;4.0675E-06;6.6157E-07;7.9208E-06;1.6936E-06;7.7462E-05;0.00044058;3.5581E-06;1.4798E-05;1.4348E-07;2.8078E-05;8.8591E-06;1.1587E-06;0.0014006;4.5672E-06;2.9129E-06;7.8591E-06;7.0577E-09;1.367E-06;1.3862E-06;6.6262E-07;0.007637;3.0006E-06;4.4962E-07;7.5876E-06;0.00015711;4.4169E-09;3.8901E-05;2.0152E-06;6.7035E-05;1.0725E-05;0.00017261;7.906E-07;2.8066E-06;3.8258E-08;1.2354E-06;0.00016807;2.1364E-06;3.2384E-07;5.7141E-08;4.8241E-06;7.6553E-09;2.0559E-05;8.1455E-06;2.9058E-06;1.2516E-07;1.869E-05;2.694E-07;3.7426E-07;9.2144E-07;3.7935E-06;5.0358E-08;2.5931E-06;1.6385E-07;2.4004E-06;1.7197E-05;1.0618E-06;2.4084E-06;3.8739E-06;1.1583E-05;1.3593E-08;1.2365E-07;0.0010247;4.8542E-07;2.2149E-06;8.0157E-06;0.0015248;1.535E-05;3.8841E-06;1.9909E-06;2.0162E-05;6.9595E-08;1.7204E-07;2.5803E-11;2.8033E-07;0.00056226;1.2239E-06;1.1771E-05;8.231E-07;5.3035E-08;0.00074452;2.3665E-07;6.405E-07;2.8836E-06;1.4216E-07;1.2206E-05;0.000212;1.0475E-05;0.00019463;9.0042E-13;5.8074E-05;2.1789E-06
29;185.73;41.28;3;1;0.5;150;175;Euclidean(MinimumTimesMedian);0.0001508;5.133E-06;0.14878;2.9193E-06;1.5292E-06;0.16995;0.18626;6.0577E-06;0.097683;0.18948;3.2737E-06;1.8987E-06;1.3961E-06;8.5552E-07;8.2488E-07;2.1981E-05;0.00016176;0.00011027;2.9076E-06;1.4438E-07;6.5079E-05;0.00011231;1.5659E-07;6.0076E-06;0.00015196;3.1544E-06;1.5767E-05;2.4432E-06;5.2016E-07;2.1738E-05;1.4329E-08;7.6479E-07;3.4661E-06;1.1556E-07;3.1111E-05;8.7141E-08;1.6296E-05;8.0003E-06;1.4308E-05;4.3655E-05;1.0267E-06;8.917E-08;4.5477E-05;1.4519E-06;2.2739E-06;3.6293E-05;3.387E-11;4.8964E-06;8.9809E-10;4.2453E-08;5.1465E-09;1.1984E-05;1.1977E-09;2.0149E-06;1.6471E-06;5.7295E-06;0.00030261;7.3611E-06;4.475E-06;3.6883E-10;4.5823E-07;3.0439E-08;0.003937;3.5502E-05;1.2448E-07;1.1216E-05;1.0518E-07;8.2723E-05;6.4768E-06;5.3002E-06;4.4605E-06;2.5108E-05;8.0894E-06;2.0541E-06;4.2763E-05;7.1684E-07;5.0592E-05;0.011402;7.5031E-05;2.8521E-05;2.8828E-06;7.4325E-07;7.3899E-07;8.2099E-05;3.8204E-07;1.2286E-09;1.1458E-05;1.4969E-05;7.5349E-07;2.3749E-06;5.1816E-07;3.3565E-08;2.385E-07;5.9097E-05;1.437E-06;8.7814E-06;2.9682E-05;1.0364E-05;1.2237E-06;0.00013412;5.1644E-08;0.00061242;7.4419E-05;6.235E-06;3.3295E-05;1.1396E-06;0.18949;2.1433E-05;1.1776E-05;1.4288E-05;1.2708E-05;2.1981E-05;3.1349E-06;3.7525E-06;6.565E-08;5.6476E-07;1.0163E-05;1.1544E-06;2.3336E-05;4.1485E-05
30;189.93;42.213;3;1;0.5;150;175;Euclidean(MinimumTimesMedian);4.3579E-08;9.5861E-06;0.12465;0.16509;6.4604E-06;0.17663;0.1409;2.3702E-07;6.231E-07;0.20855;1.0742E-06;7.4179E-10;0.015296;4.0432E-06;1.5009E-06;9.3795E-07;3.7029E-10;1.3508E-05;6.5253E-05;1.8937E-07;2.7006E-06;0.0028392;4.1244E-07;2.3172E-06;3.4386E-05;2.0399E-05;1.0431E-07;1.0158E-05;9.6824E-08;2.1673E-08;7.5044E-06;6.3733E-06;4.7278E-08;5.2124E-08;3.5726E-07;1.2791E-07;3.1074E-06;1.5214E-06;9.4547E-06;6.9931E-09;1.33E-06;1.0382E-05;2.5609E-06;1.9655E-05;4.4764E-06;4.7754E-06;1.8804E-06;8.3564E-09;0.018337;1.1416E-09;0.0035085;3.4265E-08;1.9696E-07;3.9431E-05;2.8464E-07;1.7791E-07;2.9716E-06;1.4328E-05;5.2158E-06;1.5458E-07;1.9559E-07;6.0422E-08;2.4072E-06;1.1386E-06;8.2028E-08;4.652E-06;1.4374E-10;8.1619E-07;2.5612E-06;3.6362E-06;8.157E-07;8.9122E-08;7.9466E-06;2.224E-06;5.1807E-08;1.9698E-05;5.5756E-06;2.9657E-05;4.4258E-06;0.006404;0.0011845;7.4912E-06;8.8163E-07;5.1391E-07;7.4449E-06;1.5638E-05;5.0284E-06;0.057049;0.046833;9.0981E-09;1.4674E-06;1.1326E-06;4.0492E-06;3.0468E-06;4.7096E-06;0.013;1.0082E-05;0.0088842;2.0784E-06;7.6417E-07;8.2267E-06;9.4589E-06;2.6679E-05;2.6144E-05;5.7972E-07;4.0569E-08;2.0577E-06;1.4807E-08;6.3942E-07;0.010264;1.3048E-05;3.016E-07;1.138E-08;5.8638E-06;4.3994E-06;3.1275E-07;3.4696E-08;1.2375E-05;4.4426E-06;1.388E-07
31;240.61;53.478;3;1;0.5;150;175;Euclidean(MinimumTimesMedian);5.1125E-06;0.13494;0.13517;0.13903;8.6196E-05;0.18879;0.077327;8.4411E-05;0.094887;0.22537;3.6686E-05;1.1716E-05;4.9415E-06;3.3501E-05;1.9265E-05;6.594E-08;2.5611E-05;5.9184E-05;9.5549E-06;9.1354E-07;9.9662E-07;4.0028E-05;5.8334E-05;3.6073E-05;2.321E-05;7.7537E-07;7.7699E-05;1.4968E-06;3.7108E-05;3.772E-05;3.1199E-05;6.9773E-05;3.2205E-05;5.2038E-07;0.00010126;9.7945E-07;6.3882E-05;1.0112E-06;2.763E-05;0.00023949;4.9629E-06;2.8792E-05;1.7224E-06;2.9958E-07;5.0722E-06;2.0038E-09;0.00010594;6.6812E-07;2.9754E-05;3.6011E-05;4.7016E-05;2.9274E-07;0.00011515;3.0497E-05;1.7155E-05;7.6925E-05;7.9965E-05;0.00016197;9.119E-06;2.0141E-07;4.9115E-05;8.4742E-07;4.1935E-05;2.3103E-06;1.8435E-05;1.4422E-05;1.8352E-05;2.4489E-05;8.8253E-06;0.00018571;3.9028E-07;0.00017354;0.00010227;5.8359E-06;1.6577E-05;2.2225E-05;3.7105E-05;2.9201E-08;0.00013293;4.0367E-07;0.00024915;9.8913E-05;6.5527E-05;4.6759E-05;2.6506E-06;0.00011653;3.6794E-05;4.6664E-05;1.8285E-06;0.00017847;1.0991E-05;1.4416E-08;2.8518E-05;1.6212E-06;3.2248E-08;3.6597E-05;6.821E-08;1.2572E-05;4.0826E-06;1.7023E-05;1.7311E-07;1.1423E-06;2.9703E-05;5.5734E-05;3.9695E-07;5.7335E-07;7.4131E-05;6.0187E-07;3.6942E-06;6.9593E-07;7.2071E-06;0.00024509;3.04E-05;9.5264E-08;1.1337E-08;8.4774E-05;2.0822E-05;9.0244E-05;1.1309E-05;8.6152E-06
32;187.96;41.776;3;1;0.5;150;175;Euclidean(MinimumTimesMedian);0.00014716;0.13027;0.10356;0.15003;0.0032154;0.1706;0.085262;2.2561E-05;0.17314;0.17314;0.00067484;3.9459E-05;1.8982E-06;1.5542E-07;3.4916E-05;5.0698E-07;4.4755E-05;3.6565E-05;4.367E-06;1.6501E-07;2.3949E-05;1.0498E-06;1.4547E-05;1.2252E-06;3.3754E-05;4.0583E-06;1.3754E-06;4.8672E-05;6.0788E-05;2.322E-11;0.0016741;0.00013499;1.9323E-07;4.5646E-06;3.1984E-06;1.9087E-05;4.1822E-06;1.0303E-05;1.0197E-07;2.7184E-06;2.3234E-06;0.0006592;2.9528E-05;9.3536E-09;1.2545E-05;5.9787E-07;5.1856E-07;2.8145E-05;0.00017092;2.1991E-07;6.526E-05;4.724E-06;4.0768E-05;0.00032239;3.4933E-05;2.4813E-07;8.7969E-08;9.7287E-07;1.505E-05;0.0022069;0.00010091;1.1475E-05;3.8629E-05;3.5992E-08;4.8737E-07;1.8043E-07;2.5123E-05;2.1829E-06;2.9402E-06;7.6289E-07;2.8988E-05;4.1714E-06;2.5949E-05;0.00031501;2.2015E-05;0.00053816;1.29E-05;3.1161E-06;1.2002E-08;7.5527E-11;6.9512E-05;8.0093E-05;0.00010878;1.0158E-05;0.00081301;5.6899E-05;1.4409E-06;6.7028E-06;6.378E-05;5.5816E-05;6.2065E-07;6.4151E-06;1.2268E-05;8.5639E-08;8.1617E-08;0.00019719;8.7809E-10;1.6425E-06;5.7539E-07;1.6043E-05;9.9473E-07;5.0199E-06;1.4609E-05;0.00054276;3.4397E-05;6.7403E-05;7.4209E-06;6.1485E-06;3.6399E-05;9.4789E-06;1.4143E-05;0.00012671;4.1974E-06;6.8497E-06;1.5329E-05;3.7554E-08;0.00011602;5.8908E-07;0.00048689;6.5528E-06
differential evolutions parameters, by distance
i;dDE / dP;distance;type;parentWeight;crossover;population;iterations;distance;weights ->
1;157.77;35.065;3;1;0.25;150;175;Euclidean(MinimumTimesMedian);0.00068646;0.11111;0.11085;0.1149;2.1457E-05;0.17705;0.070559;0.0003083;0.0004582;0.17775;6.8299E-05;0.00042536;1.6891E-05;7.5841E-05;0.00034466;0.00052303;5.9543E-05;0.00013551;5.3166E-05;0.00053901;0.0014339;1.132E-05;0.0045489;1.4331E-05;5.6043E-05;0.00074707;0.00052223;7.4287E-06;0.00077329;0.00068121;6.9954E-06;0.00014718;1.1122E-05;0.00041391;0.00055164;0.0003506;0.00033178;3.0042E-05;0.0026103;4.0346E-05;9.9514E-05;0.00010103;0.0014012;0.0001376;4.2401E-06;0.00018456;0.00037232;1.1726E-05;0.0019011;0.0029052;1.4536E-05;0.0017049;0.00035474;4.6357E-05;4.2552E-06;0.17797;0.00026743;0.00032319;8.0896E-05;4.5046E-06;0.00023823;4.1771E-05;0.00086612;8.161E-06;0.0019688;5.1856E-06;0.00021024;0.00026343;1.6185E-06;3.3545E-06;0.0026829;2.1671E-06;4.636E-05;1.9844E-05;0.00010442;0.0002659;0.00098558;0.00053959;0.0022583;0.0005257;4.0419E-05;0.00072629;0.00099257;1.3227E-06;1.5788E-05;3.5351E-05;0.0010196;0.00021037;7.1525E-05;0.0010858;1.4074E-07;2.5274E-05;0.0045041;0.0016268;7.38E-05;2.187E-05;1.4102E-05;3.9329E-06;8.9034E-05;1.2492E-06;6.6436E-05;2.6642E-05;2.0119E-07;0.00016006;8.7842E-07;0.00017117;2.8223E-08;0.0032124;9.9702E-09;1.0864E-05;3.7258E-05;0.001342;0.0015581;0.00012145;1.5713E-05;0.0018403;8.0736E-05;4.3939E-05;0.00044676;0.0021398
2;180.3;40.073;3;1;0.5;150;175;Euclidean(MinimumTimesMedian);1.1239E-05;5.7537E-05;0.00072678;0.15053;0.19807;0.19827;0.11961;8.5856E-06;9.3106E-05;0.19804;7.2557E-05;0.00039556;1.8189E-05;4.6679E-05;2.5845E-05;2.6321E-05;7.2052E-05;9.6268E-05;4.3019E-05;0.00010297;0.00015026;2.4767E-06;7.0552E-05;6.1841E-06;3.5907E-07;9.7613E-05;0.00014306;2.9539E-05;1.2571E-05;3.2281E-05;0.0001318;1.1697E-07;3.9993E-06;1.8438E-05;0.00021614;0.00019315;5.0569E-05;1.1304E-06;0.00018655;5.1551E-08;0.00010957;9.0525E-05;4.5508E-05;1.7123E-05;0.00027668;0.00022863;6.2874E-07;0.00020532;0.00022584;0.00035492;6.4256E-07;0.00019008;0.0012493;1.3775E-07;0.00052678;5.3495E-05;8.1444E-05;5.958E-05;0.0002313;0.00018454;6.7816E-05;0.00035673;0.00019445;4.8793E-06;4.7017E-05;4.9965E-05;9.8775E-05;6.9201E-06;1.7597E-05;6.813E-07;0.00022288;8.45E-05;6.8944E-05;0.00011926;2.9597E-13;2.3594E-05;1.2286E-05;0.000494;0.00059303;7.7941E-06;2.2796E-05;1.8934E-05;4.626E-05;0.00014549;4.9598E-07;7.6591E-09;0.0002503;0.00060999;4.2347E-05;2.1171E-05;3.0851E-05;0.00063692;4.4556E-05;4.9233E-07;0.00024025;0.00053322;3.2711E-05;0.00078545;0.00081004;1.3129E-05;5.8989E-06;0.00034944;1.516E-07;0.00034371;1.84E-05;7.3158E-05;1.1704E-06;4.2328E-08;5.681E-08;8.9994E-05;0.00041358;1.6395E-05;1.2999E-06;0.00015113;2.7964E-06;3.0091E-05;1.9361E-07;0.00059823;3.5061E-06;0.11936
3;183.43;40.769;3;1;0.5;150;175;Euclidean(MinimumTimesMedian);5.4416E-06;0.18241;0.1095;0.17555;1.1046E-06;0.18316;0.059461;6.2958E-05;4.3638E-09;0.1833;5.795E-09;0.0040162;0.00012987;6.4123E-06;2.5204E-07;0.00017972;3.6688E-06;5.9395E-05;4.1635E-06;1.3061E-05;1.5822E-07;1.5142E-05;3.6508E-06;4.7553E-06;1.6421E-05;5.3489E-05;6.8171E-08;3.231E-07;1.7416E-07;0.017392;0.00021983;9.516E-08;0.0026955;8.8841E-05;2.0926E-05;6.4597E-06;1.7772E-07;3.3522E-07;1.3685E-06;1.707E-05;7.3262E-05;7.1025E-06;0.0089533;2.6068E-07;1.1489E-07;1.121E-05;4.9938E-07;6.8165E-05;1.0278E-06;8.1938E-05;1.4518E-05;1.3002E-08;8.804E-10;6.2459E-08;5.9238E-06;5.1463E-05;1.4754E-07;8.1351E-06;6.3608E-05;0.032597;0.0034354;5.0394E-07;1.329E-05;1.9373E-05;8.2223E-07;3.6065E-05;1.5484E-05;0.0062268;8.8313E-09;3.938E-06;2.9539E-06;4.182E-06;3.6678E-06;6.1556E-07;8.0649E-05;8.8178E-06;3.4792E-06;0.00014436;2.1276E-08;8.4111E-07;5.1116E-07;2.718E-06;2.5202E-09;5.3676E-05;1.0032E-05;5.6913E-06;4.0116E-05;5.4532E-05;1.7788E-07;6.927E-10;8.1743E-05;5.509E-07;1.0436E-06;6.5748E-10;1.9555E-07;3.3996E-05;3.9799E-07;9.1372E-07;1.1142E-05;9.9431E-09;0.0018358;9.2197E-05;0.027145;1.4984E-05;2.3822E-06;6.8287E-08;4.5196E-05;1.455E-05;2.7147E-05;6.155E-05;1.3424E-05;3.1163E-06;5.1827E-07;1.4321E-09;5.6592E-07;1.5176E-05;2.9219E-06;7.482E-05;6.5334E-06;4.5638E-07
4;185.73;41.28;3;1;0.5;150;175;Euclidean(MinimumTimesMedian);0.0001508;5.133E-06;0.14878;2.9193E-06;1.5292E-06;0.16995;0.18626;6.0577E-06;0.097683;0.18948;3.2737E-06;1.8987E-06;1.3961E-06;8.5552E-07;8.2488E-07;2.1981E-05;0.00016176;0.00011027;2.9076E-06;1.4438E-07;6.5079E-05;0.00011231;1.5659E-07;6.0076E-06;0.00015196;3.1544E-06;1.5767E-05;2.4432E-06;5.2016E-07;2.1738E-05;1.4329E-08;7.6479E-07;3.4661E-06;1.1556E-07;3.1111E-05;8.7141E-08;1.6296E-05;8.0003E-06;1.4308E-05;4.3655E-05;1.0267E-06;8.917E-08;4.5477E-05;1.4519E-06;2.2739E-06;3.6293E-05;3.387E-11;4.8964E-06;8.9809E-10;4.2453E-08;5.1465E-09;1.1984E-05;1.1977E-09;2.0149E-06;1.6471E-06;5.7295E-06;0.00030261;7.3611E-06;4.475E-06;3.6883E-10;4.5823E-07;3.0439E-08;0.003937;3.5502E-05;1.2448E-07;1.1216E-05;1.0518E-07;8.2723E-05;6.4768E-06;5.3002E-06;4.4605E-06;2.5108E-05;8.0894E-06;2.0541E-06;4.2763E-05;7.1684E-07;5.0592E-05;0.011402;7.5031E-05;2.8521E-05;2.8828E-06;7.4325E-07;7.3899E-07;8.2099E-05;3.8204E-07;1.2286E-09;1.1458E-05;1.4969E-05;7.5349E-07;2.3749E-06;5.1816E-07;3.3565E-08;2.385E-07;5.9097E-05;1.437E-06;8.7814E-06;2.9682E-05;1.0364E-05;1.2237E-06;0.00013412;5.1644E-08;0.00061242;7.4419E-05;6.235E-06;3.3295E-05;1.1396E-06;0.18949;2.1433E-05;1.1776E-05;1.4288E-05;1.2708E-05;2.1981E-05;3.1349E-06;3.7525E-06;6.565E-08;5.6476E-07;1.0163E-05;1.1544E-06;2.3336E-05;4.1485E-05
5;187.96;41.776;3;1;0.5;150;175;Euclidean(MinimumTimesMedian);0.00014716;0.13027;0.10356;0.15003;0.0032154;0.1706;0.085262;2.2561E-05;0.17314;0.17314;0.00067484;3.9459E-05;1.8982E-06;1.5542E-07;3.4916E-05;5.0698E-07;4.4755E-05;3.6565E-05;4.367E-06;1.6501E-07;2.3949E-05;1.0498E-06;1.4547E-05;1.2252E-06;3.3754E-05;4.0583E-06;1.3754E-06;4.8672E-05;6.0788E-05;2.322E-11;0.0016741;0.00013499;1.9323E-07;4.5646E-06;3.1984E-06;1.9087E-05;4.1822E-06;1.0303E-05;1.0197E-07;2.7184E-06;2.3234E-06;0.0006592;2.9528E-05;9.3536E-09;1.2545E-05;5.9787E-07;5.1856E-07;2.8145E-05;0.00017092;2.1991E-07;6.526E-05;4.724E-06;4.0768E-05;0.00032239;3.4933E-05;2.4813E-07;8.7969E-08;9.7287E-07;1.505E-05;0.0022069;0.00010091;1.1475E-05;3.8629E-05;3.5992E-08;4.8737E-07;1.8043E-07;2.5123E-05;2.1829E-06;2.9402E-06;7.6289E-07;2.8988E-05;4.1714E-06;2.5949E-05;0.00031501;2.2015E-05;0.00053816;1.29E-05;3.1161E-06;1.2002E-08;7.5527E-11;6.9512E-05;8.0093E-05;0.00010878;1.0158E-05;0.00081301;5.6899E-05;1.4409E-06;6.7028E-06;6.378E-05;5.5816E-05;6.2065E-07;6.4151E-06;1.2268E-05;8.5639E-08;8.1617E-08;0.00019719;8.7809E-10;1.6425E-06;5.7539E-07;1.6043E-05;9.9473E-07;5.0199E-06;1.4609E-05;0.00054276;3.4397E-05;6.7403E-05;7.4209E-06;6.1485E-06;3.6399E-05;9.4789E-06;1.4143E-05;0.00012671;4.1974E-06;6.8497E-06;1.5329E-05;3.7554E-08;0.00011602;5.8908E-07;0.00048689;6.5528E-06
6;189.93;42.213;3;1;0.5;150;175;Euclidean(MinimumTimesMedian);4.3579E-08;9.5861E-06;0.12465;0.16509;6.4604E-06;0.17663;0.1409;2.3702E-07;6.231E-07;0.20855;1.0742E-06;7.4179E-10;0.015296;4.0432E-06;1.5009E-06;9.3795E-07;3.7029E-10;1.3508E-05;6.5253E-05;1.8937E-07;2.7006E-06;0.0028392;4.1244E-07;2.3172E-06;3.4386E-05;2.0399E-05;1.0431E-07;1.0158E-05;9.6824E-08;2.1673E-08;7.5044E-06;6.3733E-06;4.7278E-08;5.2124E-08;3.5726E-07;1.2791E-07;3.1074E-06;1.5214E-06;9.4547E-06;6.9931E-09;1.33E-06;1.0382E-05;2.5609E-06;1.9655E-05;4.4764E-06;4.7754E-06;1.8804E-06;8.3564E-09;0.018337;1.1416E-09;0.0035085;3.4265E-08;1.9696E-07;3.9431E-05;2.8464E-07;1.7791E-07;2.9716E-06;1.4328E-05;5.2158E-06;1.5458E-07;1.9559E-07;6.0422E-08;2.4072E-06;1.1386E-06;8.2028E-08;4.652E-06;1.4374E-10;8.1619E-07;2.5612E-06;3.6362E-06;8.157E-07;8.9122E-08;7.9466E-06;2.224E-06;5.1807E-08;1.9698E-05;5.5756E-06;2.9657E-05;4.4258E-06;0.006404;0.0011845;7.4912E-06;8.8163E-07;5.1391E-07;7.4449E-06;1.5638E-05;5.0284E-06;0.057049;0.046833;9.0981E-09;1.4674E-06;1.1326E-06;4.0492E-06;3.0468E-06;4.7096E-06;0.013;1.0082E-05;0.0088842;2.0784E-06;7.6417E-07;8.2267E-06;9.4589E-06;2.6679E-05;2.6144E-05;5.7972E-07;4.0569E-08;2.0577E-06;1.4807E-08;6.3942E-07;0.010264;1.3048E-05;3.016E-07;1.138E-08;5.8638E-06;4.3994E-06;3.1275E-07;3.4696E-08;1.2375E-05;4.4426E-06;1.388E-07
7;204.43;45.435;3;1;0.25;150;175;Euclidean(MinimumTimesMedian);0.00075512;0.13524;0.0010654;0.13718;0.0004063;0.20344;0.077786;0.0017094;0.0009598;0.20362;6.9455E-05;3.6168E-05;4.205E-05;0.0027262;1.9729E-08;4.0424E-05;0.0066608;0.00018835;0.0011684;8.6038E-06;0.00025931;0.0010225;0.00028828;0.00056437;0.0018916;3.9467E-05;0.00060747;1.6617E-05;0.00025187;5.6693E-05;0.0011842;0.00047806;0.0012977;4.9532E-05;0.0012408;5.9205E-07;0.0012024;0.0019134;1.9705E-07;0.00095278;0.0015838;0.0044451;0.00027608;0.00060807;0.00026085;0.002125;0.0033082;0.00068591;6.5812E-06;2.4291E-05;5.0161E-05;0.0017997;0.0013565;0.0010447;0.00034225;0.00055232;0.0004904;3.5533E-05;3.1046E-07;0.00020207;0.00093254;0.0049796;6.3606E-06;4.5354E-08;0.0015175;2.4281E-08;3.8887E-05;0.00028567;0.0019707;0.0039588;0.00089353;0.0024093;0.0017797;0.004676;1.546E-05;1.6759E-05;0.0010052;0.0073308;0.0011025;0.001442;0.00026961;0.00075007;4.6994E-05;0.00074723;0.00046219;3.5105E-06;0.001553;0.00025698;3.5109E-06;0.00079134;1.354E-06;0.00011855;0.00093142;0.003017;0.0015137;0.00016005;0.00029653;0.0006771;0.00036983;0.00076409;8.3541E-06;0.0025804;0.00024164;0.0021017;8.9528E-05;0.0015991;0.00022432;0.00049014;7.0974E-08;0.0017489;0.00023017;0.00016311;0.00094054;4.538E-06;2.534E-05;0.00097726;0.0031163;0.0025582;0.001896;0.12829
8;205.48;45.669;3;1;0.25;150;175;Euclidean(MinimumTimesMedian);3.6397E-06;0.0017464;0.13495;0.16274;0.0003746;0.17116;0.054676;0.12189;0.00095066;0.2291;0.0010692;0.0003007;0.00071159;0.0026948;5.7793E-06;0.00014043;0.001433;0.0042896;0.0023015;6.6926E-10;0.0032268;2.7508E-05;0.0010965;4.9268E-05;0.0002018;5.6016E-06;0.00047502;6.6675E-07;0.00089114;4.7922E-05;0.0001713;0.00050552;0.0054945;5.9216E-05;8.3158E-05;0.00017621;1.8193E-05;0.000356;2.1721E-05;0.00029124;8.7176E-06;0.0037644;0.00087505;7.6344E-07;0.00010643;9.3554E-05;3.0836E-06;7.8033E-05;0.00022961;0.00012297;0.0009243;1.2545E-05;1.9141E-05;1.76E-05;0.00012868;0.00011123;0.00082521;0.0001744;8.0954E-08;0.0011804;0.00051091;0.00010544;0.0011237;1.8781E-06;0.0022821;1.1084E-05;0.00085445;0.0028896;0.00083328;0.0090661;0.0016375;0.0002014;0.0027235;0.0029065;4.3538E-07;5.0369E-05;0.0001543;0.00034117;1.0683E-05;3.4004E-05;0.0028816;0.00086567;0.014155;0.00092905;0.00095581;0.0015322;0.0019114;0.00010664;4.773E-07;0.00083445;0.00037806;4.9705E-05;1.3549E-05;6.8232E-06;0.0062828;0.0006737;5.5039E-05;4.2186E-05;0.00094808;0.00080875;1.5735E-07;0.00051457;0.00041685;9.1762E-05;0.00063442;0.0069069;1.5158E-05;0.00024449;1.5417E-05;0.00053371;0.0034509;0.0026579;4.6022E-05;2.8749E-06;0.0041067;0.0039209;0.0027998;0.0015225;0.00038596;0.0001524
9;229.12;50.923;3;1;0.25;150;175;Euclidean(MinimumTimesMedian);2.5917E-06;0.13077;0.000126;0.16769;0.0028923;0.21425;0.071587;0.0016901;9.4653E-05;0.21527;4.1133E-07;0.00030428;0.00087836;5.6615E-05;0.00023549;0.00043102;0.00010393;7.2902E-05;0.0011113;0.00026654;3.3915E-05;4.5152E-05;0.00030028;0.00024106;1.3772E-05;0.0014552;0.0012086;0.00014393;2.8222E-05;1.2558E-06;8.0974E-05;0.0013175;0.0003648;0.0012826;0.001426;0.00053309;0.00020411;0.00075698;7.7959E-06;0.00025433;3.9477E-06;0.0032153;0.00054768;0.00014368;0.00032958;2.8313E-06;0.0015391;4.4703E-05;0.0026557;4.6527E-06;0.0008126;3.7269E-05;0.00034639;0.00066176;0.0011693;3.5583E-05;2.6301E-05;4.5171E-06;0.00032237;0.0009115;0.00027701;0.00026785;5.5217E-05;0.0010344;1.2035E-05;0.0010422;0.00078264;0.00050233;0.002035;0.00048879;0.001081;0.00026279;0.00011543;7.3919E-05;5.5168E-05;0.00052024;0.00027887;6.4884E-06;0.00016685;0.0012231;0.0015394;0.0001629;0.00037425;2.5408E-06;0.00053554;0.00036735;0.00036407;0.00031671;0.0013947;0.0019038;0.0012269;0.00017224;0.00038423;8.0209E-05;7.5833E-05;0.00013435;1.8386E-05;0.0002075;0.002831;0.0023078;0.00074443;4.5959E-05;5.502E-05;0.00049953;0.00054837;0.00199;0.00051315;0.00022631;6.2628E-05;8.0114E-07;0.00042303;4.4964E-06;0.00013004;6.6279E-05;0.00045584;0.00019127;0.00067537;0.00064117;1.3301E-05;0.13767
10;233.23;51.837;3;1;0.25;150;175;Euclidean(MinimumTimesMedian);0.0006042;1.6764E-05;0.12744;2.3063E-05;0.0011649;0.18019;0.21135;5.2741E-06;0.21481;0.21503;5.3405E-05;3.8419E-05;4.9951E-07;1.4439E-06;2.7617E-05;1.4081E-05;6.2923E-05;0.0001072;0.00010866;0.00090552;2.5584E-05;1.5492E-05;0.0005244;1.4351E-05;0.0003554;0.00016344;0.00069346;0.00099036;0.00028675;3.8108E-05;0.0010876;5.2163E-05;0.00092993;0.0010312;0.00041242;0.0017377;0.00068222;0.00087318;0.00017593;0.00066439;4.7113E-05;4.5437E-05;0.0010306;0.00029343;0.00026309;7.4837E-07;4.203E-05;0.0014565;1.2593E-07;9.3478E-05;6.0723E-05;3.1294E-05;1.6676E-05;0.0010176;0.0017822;1.5008E-07;0.00085472;0.00012205;1.0697E-06;1.6231E-05;2.2389E-06;0.00067376;4.399E-05;2.3118E-06;0.00071295;0.00030489;0.00035347;0.0027899;3.2429E-05;2.2866E-06;7.3383E-06;0.001018;4.273E-05;7.4542E-05;0.00032399;0.0024427;0.00013655;8.8813E-09;7.1061E-05;9.4986E-06;0.00012191;8.6201E-05;2.7177E-07;0.00033881;5.584E-05;0.00072047;0.0005806;0.0030834;0.00044512;0.0012888;2.3381E-05;4.8214E-05;1.0346E-07;4.3165E-06;6.0603E-09;1.5728E-05;0.0010629;4.7721E-05;0.00040246;0.00056698;0.00051357;0.00052943;0.0016443;0.00025807;0.00026143;5.9033E-05;5.6795E-05;6.4526E-05;0.00045736;9.8815E-05;0.00021757;0.001407;0.0038274;0.00048029;0.00061242;2.1946E-05;0.0015915;1.141E-05;5.7352E-05;4.332E-06
11;235.38;52.316;3;1;0.25;150;175;Euclidean(MinimumTimesMedian);0.00023388;0.1605;0.12897;0.1481;0.0015089;0.21588;0.07991;0.0010135;0.0024163;0.21546;1.4979E-05;0.00010552;6.9908E-06;4.6029E-06;0.00043007;8.653E-05;0.00094479;2.1264E-05;0.0037562;1.7766E-05;8.9221E-06;0.0001118;0.0022649;7.5054E-05;0.00010298;0.00057983;1.1173E-08;7.9931E-05;0.00022107;2.5376E-05;0.0020809;0.00035864;0.0011156;0.00023951;0.00011936;1.1967E-05;6.2304E-06;0.00013335;2.6645E-05;0.0022355;0.00079025;0.00013607;0.00011928;1.6126E-05;0.00069977;6.4961E-07;0.00053459;0.00014117;0.00020346;4.0624E-05;0.0011752;0.00063906;0.00067026;0.0013146;9.8209E-05;3.8532E-05;1.724E-05;2.2169E-06;0.00010843;0.00017495;2.237E-05;0.00011384;3.8596E-05;0.00014462;5.4613E-05;0.00013943;0.00011333;0.00011026;0.00017453;0.0035682;0.0015201;0.003467;0.0012279;6.286E-07;0.00049263;0.00010576;0.00019309;4.7196E-06;6.1237E-07;1.4508E-05;8.3908E-05;0.00010696;0.00061841;0.0014006;0.00032362;2.5509E-05;5.1202E-06;1.9299E-06;0.0006976;0.00057119;0.00039307;0.00016583;1.1841E-05;0.00036716;0.00021214;0.00066228;0.00014136;0.00010214;0.00012463;1.196E-05;0.0014307;2.5726E-06;0.0015758;4.7795E-05;0.00015726;8.0896E-05;0.00070934;0.00024709;2.9118E-08;1.5167E-06;1.9029E-06;0.00075572;1.6325E-06;7.0792E-05;0.00025696;5.7945E-05;0.00071547;0.00025268;1.6341E-06;4.9035E-06
12;236.33;52.527;3;1;0.25;150;175;Euclidean(MinimumTimesMedian);7.4574E-05;0.11128;0.14838;0.13931;0.0018573;0.18081;0.067281;5.8371E-05;0.0020581;0.24371;0.0004198;0.00050483;0.00011566;0.00081699;0.0018838;0.00028471;0.00081881;0.00053653;4.087E-07;0.00063397;0.001046;1.1268E-06;8.9539E-05;1.7184E-06;0.0014673;8.3183E-05;2.0854E-05;0.00078477;0.001931;5.0249E-06;0.00058625;0.006532;0.00029495;0.0025528;1.2399E-05;0.00033463;0.0020748;0.0069645;0.00044972;0.00045908;3.3092E-05;0.0012639;0.00068054;1.0927E-05;5.5427E-05;0.0012758;0.00013709;8.1422E-05;2.6344E-05;1.0714E-05;0.00039952;0.0015879;0.00011262;0.00033178;0.00029403;4.1019E-05;0.00011071;0.00025418;3.5764E-05;0.00012927;0.0018339;0.0038094;0.00090399;0.00020054;0.00076391;0.0005224;0.0010519;0.0050431;1.0058E-05;0.00042889;0.00029783;0.0036801;1.628E-05;0.00042376;0.00080734;9.9483E-05;0.0010156;0.00017645;7.6454E-06;1.3488E-06;0.00045154;8.0019E-11;0.0012331;0.00033421;0.00034901;0.0018022;0.00038311;1.0078E-05;0.00063217;0.00068841;0.00010164;0.00047337;0.00021827;0.0027749;4.2845E-06;0.0012;0.0024226;0.00014004;3.6243E-05;0.00020735;4.0081E-05;2.6019E-07;0.0054882;0.000153;5.7326E-05;0.00010091;0.00072388;0.0025005;0.0079066;0.00056088;0.00061301;5.9E-07;0.0054389;0.0052319;0.00017574;0.00065128;0.0009892;8.3666E-05;0.00030692;0.0010159
13;238.52;53.013;3;1;0.25;150;175;Euclidean(MinimumTimesMedian);4.7497E-07;0.13404;0.13262;0.15257;0.00030925;0.22135;0.079539;0.0005959;0.0010937;0.22351;5.3224E-06;0.0001047;4.1414E-05;3.0209E-05;0.00020444;0.0025034;0.00043924;0.00099202;7.4031E-08;2.124E-05;8.0393E-06;0.00015895;0.00025954;0.00012004;1.3273E-08;0.00014657;0.00018556;6.0933E-05;0.0004655;1.5053E-05;0.00025868;3.3697E-06;0.00015205;4.9156E-05;0.00063217;5.5281E-07;0.0011972;8.8376E-05;0.001083;8.9385E-06;0.0028394;0.0013336;0.00055756;8.015E-07;5.3721E-05;2.0004E-05;0.0018482;0.00017933;0.0017666;0.00043772;1.8854E-05;0.001763;0.00017678;9.6351E-06;0.00029602;0.00014258;1.226E-07;1.8857E-05;2.6165E-06;0.00088509;0.000262;9.2714E-06;0.00023349;0.00016975;0.00012313;0.00079248;0.0035796;0.0011813;0.00035635;9.2021E-05;1.549E-06;2.741E-06;0.00027671;4.7921E-08;0.00056286;0.00029916;0.00025129;0.00037486;6.7216E-06;0.00012156;0.00069456;2.1418E-06;0.00074334;0.00013118;0.00039002;1.4616E-05;0.00053889;0.0022828;0.00086713;0.00091157;0.0018443;2.6053E-06;0.0030366;7.0807E-05;0.0019986;0.00072035;0.00083377;0.0012526;7.2221E-05;1.0852E-05;0.00012578;4.8084E-05;1.0777E-06;1.3578E-06;0.00027898;6.7573E-06;3.6381E-05;2.3305E-07;0.00048104;2.1153E-05;0.0031729;9.4335E-06;0.0012334;1.8133E-05;0.00036483;0.00012717;0.00015642;0.00017224;0.00054956;0.000859
14;240.61;53.478;3;1;0.5;150;175;Euclidean(MinimumTimesMedian);5.1125E-06;0.13494;0.13517;0.13903;8.6196E-05;0.18879;0.077327;8.4411E-05;0.094887;0.22537;3.6686E-05;1.1716E-05;4.9415E-06;3.3501E-05;1.9265E-05;6.594E-08;2.5611E-05;5.9184E-05;9.5549E-06;9.1354E-07;9.9662E-07;4.0028E-05;5.8334E-05;3.6073E-05;2.321E-05;7.7537E-07;7.7699E-05;1.4968E-06;3.7108E-05;3.772E-05;3.1199E-05;6.9773E-05;3.2205E-05;5.2038E-07;0.00010126;9.7945E-07;6.3882E-05;1.0112E-06;2.763E-05;0.00023949;4.9629E-06;2.8792E-05;1.7224E-06;2.9958E-07;5.0722E-06;2.0038E-09;0.00010594;6.6812E-07;2.9754E-05;3.6011E-05;4.7016E-05;2.9274E-07;0.00011515;3.0497E-05;1.7155E-05;7.6925E-05;7.9965E-05;0.00016197;9.119E-06;2.0141E-07;4.9115E-05;8.4742E-07;4.1935E-05;2.3103E-06;1.8435E-05;1.4422E-05;1.8352E-05;2.4489E-05;8.8253E-06;0.00018571;3.9028E-07;0.00017354;0.00010227;5.8359E-06;1.6577E-05;2.2225E-05;3.7105E-05;2.9201E-08;0.00013293;4.0367E-07;0.00024915;9.8913E-05;6.5527E-05;4.6759E-05;2.6506E-06;0.00011653;3.6794E-05;4.6664E-05;1.8285E-06;0.00017847;1.0991E-05;1.4416E-08;2.8518E-05;1.6212E-06;3.2248E-08;3.6597E-05;6.821E-08;1.2572E-05;4.0826E-06;1.7023E-05;1.7311E-07;1.1423E-06;2.9703E-05;5.5734E-05;3.9695E-07;5.7335E-07;7.4131E-05;6.0187E-07;3.6942E-06;6.9593E-07;7.2071E-06;0.00024509;3.04E-05;9.5264E-08;1.1337E-08;8.4774E-05;2.0822E-05;9.0244E-05;1.1309E-05;8.6152E-06
15;247.17;54.935;3;1;0.25;150;175;Euclidean(MinimumTimesMedian);9.9638E-05;0.12974;0.00014885;0.15349;0.00053604;0.21601;0.080468;0.00083044;1.0668E-05;0.23096;0.0021515;2.2698E-05;6.5975E-05;7.8629E-06;5.1767E-05;0.00044327;0.00094566;9.712E-05;3.9439E-08;2.0624E-08;8.6428E-05;0.00055577;0.00041628;0.00014768;0.00031348;1.7982E-05;0.0015131;1.5984E-05;0.00034584;0.0005908;7.5208E-06;0.00097467;8.725E-07;0.00072513;0.0012137;0.0014142;1.2056E-05;8.1306E-06;0.0002675;0.0024666;0.00014409;2.8157E-08;0.00021372;0.0001225;0.00097759;0.0013103;0.00030797;2.8177E-05;6.6585E-05;0.0013825;0.00013681;4.1781E-07;0.0001159;4.2778E-05;0.00010412;2.8037E-05;0.0025609;0.0001346;0.0014005;0.00015418;0.00034629;0.00019298;0.00067208;0.00026832;0.00011479;0.00098469;0.00011899;0.00091508;2.5585E-06;1.6347E-07;6.8149E-05;0.0001065;0.00012484;5.3967E-05;0.00011346;4.1483E-06;0.00064814;0.00038754;0.00072856;0.00099853;3.8182E-05;0.00086871;9.8207E-05;3.2682E-06;6.3235E-06;0.00016036;0.00071865;3.7396E-06;0.00081144;4.085E-05;7.8118E-06;0.00026018;3.9909E-05;0.00015268;0.00018941;0.00087652;0.001144;0.00030325;7.7521E-05;1.0225E-05;0.0031972;0.00086651;1.0033E-05;3.3056E-05;0.0011118;0.00030801;4.4864E-08;0.00011234;0.00013011;0.00031845;0.00088971;0.00096963;0.00168;0.00063122;3.0417E-08;1.7242E-05;0.00030556;7.2969E-09;0.0003913;0.13996
16;248.05;55.131;3;1;0.25;150;175;Euclidean(MinimumTimesMedian);0.00013156;0.00052457;0.00012488;0.19243;5.7607E-05;0.17151;0.048688;0.00053959;0.00029048;0.2939;6.4497E-06;0.00018293;0.0053967;0.0008027;0.00208;0.00027311;0.0063723;3.2388E-05;0.00061555;4.6671E-06;0.0016218;0.0012373;0.0016391;0.00024121;4.9861E-05;2.7107E-05;0.00045246;0.00016342;1.1928E-06;5.2088E-05;0.00024974;0.00078677;0.00066035;0.00057921;0.00022559;0.0030704;0.00050792;1.082E-05;5.9675E-05;0.0015799;0.00021706;2.6773E-05;0.00013166;0.00023716;0.00022279;0.00058817;0.00062609;6.243E-08;0.0019416;0.0012248;0.0019232;8.4324E-05;0.00036945;0.00053278;1.0021E-05;2.115E-05;7.1648E-05;0.0036815;3.7295E-05;0.0010179;0.0043822;4.1535E-06;0.00010527;1.1573E-05;0.0050265;2.3061E-05;5.4413E-05;0.00041785;3.7668E-05;0.00045285;0.00054799;0.0074926;0.00024206;0.0045032;2.4381E-06;0.00099568;0.0050577;0.00018867;1.8387E-05;0.00013448;0.0002234;0.00018472;4.8962E-07;1.3887E-05;0.0036053;0.00035748;0.0034064;1.0004E-05;0.0017234;8.6547E-05;0.00019044;0.00088885;0.00018917;0.00037376;1.1633E-06;0.0020896;4.9301E-06;0.0017871;1.3202E-05;0.00024858;0.0023821;0.00017002;0.0015415;0.0019884;0.00016489;0.0071511;0.0049706;0.00070863;0.00092471;1.5568E-06;0.00019413;1.8415E-05;7.7522E-05;0.0034842;0.00145;0.00015191;0.00050367;0.0001766;0.0011373;0.17756
17;252.42;56.102;3;1;0.25;150;175;Euclidean(MinimumTimesMedian);0.0013193;0.1388;0.13807;0.15632;0.00028345;0.20135;0.078733;0.00027837;2.1777E-05;0.23101;0.00028231;4.3723E-05;2.1442E-05;0.00030935;1.0823E-05;0.0011547;0.00070026;7.1329E-05;1.2866E-05;3.3783E-05;0.00064937;0.00093329;0.00090076;0.0010466;0.0011834;0.00031884;0.00019298;0.0007847;0.00013765;4.0198E-05;0.00043647;0.00016581;5.8168E-05;3.6756E-05;0.001597;5.2785E-06;0.00023621;9.0023E-05;0.00016311;2.2383E-05;0.00069397;0.00038232;0.0011403;7.204E-05;0.00028443;0.00077743;0.00020437;0.00014888;2.7258E-07;4.5012E-05;8.6035E-07;0.00016633;3.7008E-05;0.0041555;0.00010221;5.2343E-07;5.9103E-05;0.00050788;1.8973E-05;0.00042122;0.00073724;0.00019903;1.9425E-05;0.00063712;0.00091411;0.0006646;0.00067586;0.00035526;0.00070589;0.0010916;0.00039846;0.0015195;0.0012056;0.00058586;0.00021163;0.00076752;1.6632E-05;4.1133E-06;0.0017838;0.00066326;0.00081349;0.0011565;2.2589E-05;2.8933E-05;0.00053733;0.00097235;0.0002332;2.9632E-06;6.4105E-05;0.0010728;5.8054E-05;3.7634E-05;8.106E-06;0.0007718;4.1111E-05;0.0016496;0.00010303;0.002593;0.0012383;0.0003717;0.00033242;0.00049616;0.00016952;0.0015169;0.00020262;0.00039622;0.00032761;3.3481E-05;0.00027733;0.00040609;0.00065309;0.00070542;8.8784E-05;0.0004388;0.00060024;4.0521E-06;0.00064007;6.5396E-06;0.00064268;8.0288E-05
18;255.17;56.713;3;1;0.25;150;175;Euclidean(MinimumTimesMedian);8.6342E-06;0.13513;0.13993;0.16087;0.00047768;0.20148;0.075158;2.6024E-07;2.5532E-05;0.23448;0.00080726;0.00012596;0.0026482;0.0019523;0.00014426;1.8275E-05;2.1589E-05;0.00045125;0.00094587;0.00021635;0.00028654;0.00011489;0.00024896;0.00080078;0.00099707;1.5601E-06;0.00012652;0.00017073;5.2299E-05;4.9828E-05;9.8298E-10;2.5894E-05;0.0011302;2.7877E-05;0.00010031;0.0013933;8.3527E-05;0.0006635;0.00038104;0.0043018;0.001575;0.00015736;0.00025202;6.2121E-05;3.1905E-05;0.00033599;0.00028239;6.2489E-06;0.0018198;0.00053065;4.8603E-06;2.8045E-05;0.00038332;8.068E-05;1.1912E-07;9.3262E-05;3.3827E-09;0.00025459;1.047E-05;1.8298E-05;0.00069434;0.00020393;0.00052667;5.8077E-05;0.00069333;5.9091E-06;3.8113E-05;3.5426E-06;0.00020455;0.00044033;0.001433;0.001486;0.002435;7.6186E-05;0.0010876;0.00011161;8.6049E-05;0.00056284;0.00085431;0.00085303;0.00013573;0.00014425;0.00029899;0.00099523;0.00020074;0.0020552;0.00038583;0.00014985;9.0199E-05;2.5618E-06;0.0013374;0.0010349;0.00017742;0.00019239;0.00022995;0.00077852;0.00051112;7.2096E-06;0.00073588;6.1534E-05;3.6457E-06;0.0012207;0.00014266;0.00011425;1.1392E-05;0.00011915;1.7459E-06;0.00033195;0.00021548;0.0014849;0.00014434;0.00045079;0.00022174;0.00097346;7.5245E-05;0.00078119;1.1394E-05;0.0004132;7.2198E-05;4.9548E-05
19;265.82;59.081;3;1;0.5;150;175;Euclidean(MinimumTimesMedian);2.7663E-07;3.429E-05;0.16775;8.8306E-07;0.00012577;0.27999;0.15912;0.00087305;0.091747;0.27997;0.00056279;6.5336E-07;0.00011738;5.0397E-07;0.00015656;0.00049266;3.6405E-05;2.0007E-06;0.0014051;1.4531E-09;2.0948E-06;8.1198E-09;4.9929E-12;3.2561E-07;1.1553E-06;2.6843E-05;5.6208E-05;6.0011E-07;7.5181E-05;6.8868E-05;9.7285E-05;8.9018E-06;0.0022575;3.4976E-06;9.1532E-05;6.2422E-08;2.0839E-08;0.00035069;5.8914E-06;4.897E-08;0.00012293;8.032E-06;8.1528E-06;5.8713E-07;3.1403E-05;8.6123E-07;6.6866E-05;7.2483E-05;9.773E-06;0.00010523;9.2011E-06;7.5205E-08;0.00023192;1.6778E-05;5.9489E-05;4.9968E-06;0.00011266;0.00021121;0.00017757;9.4248E-08;7.7721E-06;2.3684E-09;5.9493E-06;7.2625E-07;0.00016105;3.0379E-05;7.5861E-05;1.9062E-06;1.3694E-05;4.119E-06;7.2719E-06;7.8963E-05;3.7753E-05;1.0358E-06;3.6304E-06;3.9968E-05;0.00014889;5.474E-06;4.5668E-06;0.010844;4.5135E-05;0.00014279;7.9519E-06;7.6275E-06;1.9759E-08;2.7867E-08;8.4487E-05;6.9484E-05;3.8013E-07;1.7005E-05;4.1406E-05;4.2042E-06;8.5272E-08;2.9622E-05;8.1051E-06;8.1811E-06;1.7199E-08;7.4312E-05;2.6565E-05;2.4209E-10;1.5826E-06;8.0132E-06;1.481E-06;0.00041781;2.2029E-05;1.1602E-07;0.00016465;2.2388E-08;3.7911E-07;4.7805E-06;4.9338E-05;1.9355E-06;7.2496E-05;9.9026E-06;6.979E-05;6.7459E-07;0.00013008;8.3749E-05;3.5139E-06;0.00023858
20;268.05;59.576;3;1;0.5;150;175;Euclidean(MinimumTimesMedian);4.6234E-05;0.15048;0.14159;0.15998;6.8442E-06;0.20778;0.088598;3.7487E-06;2.7265E-06;0.23614;2.0067E-05;3.5213E-06;3.8981E-09;0.00036079;4.4411E-06;9.479E-08;0.00010738;1.0923E-07;4.2765E-05;2.1537E-09;3.7659E-06;6.0769E-09;1.3893E-07;7.9416E-08;2.2778E-05;8.1987E-06;6.9871E-09;4.0233E-07;1.0442E-06;4.0675E-06;6.6157E-07;7.9208E-06;1.6936E-06;7.7462E-05;0.00044058;3.5581E-06;1.4798E-05;1.4348E-07;2.8078E-05;8.8591E-06;1.1587E-06;0.0014006;4.5672E-06;2.9129E-06;7.8591E-06;7.0577E-09;1.367E-06;1.3862E-06;6.6262E-07;0.007637;3.0006E-06;4.4962E-07;7.5876E-06;0.00015711;4.4169E-09;3.8901E-05;2.0152E-06;6.7035E-05;1.0725E-05;0.00017261;7.906E-07;2.8066E-06;3.8258E-08;1.2354E-06;0.00016807;2.1364E-06;3.2384E-07;5.7141E-08;4.8241E-06;7.6553E-09;2.0559E-05;8.1455E-06;2.9058E-06;1.2516E-07;1.869E-05;2.694E-07;3.7426E-07;9.2144E-07;3.7935E-06;5.0358E-08;2.5931E-06;1.6385E-07;2.4004E-06;1.7197E-05;1.0618E-06;2.4084E-06;3.8739E-06;1.1583E-05;1.3593E-08;1.2365E-07;0.0010247;4.8542E-07;2.2149E-06;8.0157E-06;0.0015248;1.535E-05;3.8841E-06;1.9909E-06;2.0162E-05;6.9595E-08;1.7204E-07;2.5803E-11;2.8033E-07;0.00056226;1.2239E-06;1.1771E-05;8.231E-07;5.3035E-08;0.00074452;2.3665E-07;6.405E-07;2.8836E-06;1.4216E-07;1.2206E-05;0.000212;1.0475E-05;0.00019463;9.0042E-13;5.8074E-05;2.1789E-06
21;269.24;59.842;3;1;0.5;150;175;Euclidean(MinimumTimesMedian);0.0012955;0.13086;1.5525E-06;0.18366;9.4497E-06;0.20245;0.066085;0.00091433;2.1973E-06;0.2442;1.1928E-06;2.0261E-09;4.7253E-08;2.0014E-08;5.8343E-06;2.3315E-05;8.3185E-07;1.1014E-05;0.00025245;3.8752E-05;3.0128E-06;1.4011E-07;8.4471E-09;1.0589E-07;1.385E-07;3.6408E-06;9.8943E-07;3.6986E-07;1.6808E-08;3.7323E-06;1.9185E-06;1.8435E-05;1.3657E-07;9.8787E-08;8.8388E-07;1.8779E-08;4.4257E-05;2.4037E-07;1.8134E-08;0.0042918;1.2898E-05;3.1924E-08;4.8505E-06;1.542E-05;0.00031894;5.2689E-05;1.6294E-08;0.0012397;5.6942E-07;4.4153E-06;0.001229;8.7616E-06;0.00010834;7.6719E-07;1.0395E-05;0.00014813;1.2853E-06;0.00020307;1.2681E-06;1.3277E-07;4.0994E-05;0.00032594;1.234E-06;2.2565E-05;2.889E-07;7.6327E-06;6.9824E-09;0.0028238;0.0003328;0.00036911;6.0871E-06;1.8098E-10;8.8171E-06;2.8409E-06;1.4161E-05;1.028E-05;1.22E-06;8.6573E-09;5.6352E-10;2.9528E-06;2.2609E-07;1.5306E-06;0.00067584;0.0005982;1.0825E-05;8.998E-06;2.358E-05;0.00098851;1.0806E-07;3.1928E-07;0.0024378;3.5924E-08;3.8713E-08;4.8009E-08;1.0096E-05;7.4309E-06;9.052E-05;3.1697E-05;1.6055E-06;5.3392E-06;1.2248E-05;6.2087E-05;5.0342E-05;2.1778E-05;4.6062E-08;0.00075362;4.8085E-06;0.0020716;0.0012448;3.7414E-07;7.1757E-06;5.6008E-08;5.2369E-05;3.7407E-05;1.7131E-05;2.8408E-06;1.6388E-11;2.8049E-05;0.0024759;0.14675
22;272.09;60.474;3;1;0.25;150;175;Euclidean(MinimumTimesMedian);0.00028231;5.1045E-05;1.5753E-05;1.0525E-05;1.6631E-05;0.21906;0.22162;3.4124E-06;0.13251;0.23551;0.00015694;0.00020468;0.00042989;0.00038787;5.9665E-05;8.7329E-05;2.7914E-06;0.00022688;0.0013164;0.00010499;1.2292E-05;6.8123E-05;5.0416E-06;4.289E-06;3.1358E-07;0.00038859;1.1512E-05;4.8744E-06;0.0015906;0.00016991;0.001441;0.00027112;0.00054581;4.8395E-06;1.8119E-06;0.00080459;0.00086678;0.0003796;0.00044854;0.00079382;0.00017211;4.1356E-06;0.00020048;0.0015764;0.00011402;0.00029654;1.1664E-07;3.4427E-05;0.00042908;0.00022943;9.2885E-06;2.8703E-05;1.8016E-05;6.5691E-06;0.0013766;0.00072333;3.7277E-06;0.0012897;3.4578E-05;0.0011568;0.00037662;0.00082258;0.0013609;0.00010304;0.00074985;6.8666E-06;0.00092945;2.5434E-07;1.0501E-05;2.5741E-05;6.0545E-05;0.00053096;0.0002337;4.0504E-07;0.00026343;0.00071612;0.00024877;0.0038878;0.00068042;7.7068E-05;0.00013521;3.7352E-05;0.0018827;4.2088E-05;0.00056495;0.00093663;3.9828E-05;0.00014898;2.5578E-06;0.00089784;0.00044131;0.0001583;0.0026254;0.00080179;0.00011763;1.7802E-05;0.00014638;7.1615E-05;5.4916E-06;2.4604E-05;1.5351E-05;2.1132E-05;9.0012E-05;3.461E-06;0.0011767;0.00030977;2.4664E-05;1.8335E-05;0.0018454;0.0014457;1.0792E-05;0.0002769;6.8846E-05;0.00049277;0.0011592;0.00022219;0.0022974;0.00053261;2.2034E-05;0.1422
23;272.16;60.49;3;1;0.25;150;175;Euclidean(MinimumTimesMedian);6.136E-07;7.0795E-05;0.00037077;0.0016101;0.0017998;0.23076;0.22955;0.00090764;0.1339;0.23085;6.0249E-07;9.8338E-05;0.00018709;9.3872E-06;4.8966E-06;2.1099E-05;2.1104E-07;0.00030135;8.9746E-05;3.9448E-05;7.6288E-05;0.00027493;7.948E-05;0.0001848;0.00024729;0.0001913;0.00038868;3.7208E-05;0.00027924;0.00012743;1.7774E-05;0.0013017;4.3733E-05;0.00076513;0.0017138;0.00054348;0.0010665;8.9007E-05;7.9503E-05;1.3278E-10;1.6461E-05;0.0014096;6.8729E-05;5.0811E-07;4.2867E-05;8.3272E-06;0.001163;2.0432E-05;5.4172E-06;6.6005E-05;0.00065849;3.1875E-07;4.6117E-09;2.7809E-07;6.9138E-05;0.00012721;0.00073969;0.00048703;4.352E-05;2.9367E-05;0.00013555;2.3679E-06;3.854E-05;0.00013414;0.00093026;4.4314E-05;0.00059592;0.00017495;0.00012405;0.00098052;0.00017322;0.00012999;8.7405E-05;1.8044E-06;0.00012193;0.00051835;0.00021833;1.3512E-06;0.00027035;3.093E-05;4.7528E-07;0.00061916;8.9106E-05;2.3128E-07;8.8723E-05;7.6259E-05;5.4741E-05;0.00013353;2.4546E-06;0.00014923;0.00025314;0.00072928;0.00089713;3.7687E-05;0.00057282;6.345E-08;0.00038084;0.00013112;0.00014343;0.00065353;0.00080079;3.301E-05;2.4812E-05;3.3166E-05;0.001063;0.0009634;5.6428E-05;0.0025091;5.0445E-05;3.5565E-05;4.8517E-07;0.0016838;2.4195E-06;0.00054409;5.8718E-05;0.00011687;6.4285E-06;0.0018456;5.6836E-06;0.1374
24;273.2;60.72;3;1;0.25;150;175;Euclidean(MinimumTimesMedian);0.00083066;1.2691E-05;0.14806;0.0019331;9.2009E-06;0.21738;0.21783;0.00052243;0.12664;0.23882;3.6268E-05;0.00044766;7.804E-06;7.2499E-05;6.2634E-05;7.5289E-09;0.00015461;1.0828E-05;0.00011602;0.00098456;0.00029346;0.00037922;0.00070653;0.00082838;1.7906E-05;0.0015185;0.0031157;1.3548E-05;0.00016317;0.0031255;6.0183E-05;0.00097337;0.00031714;9.5457E-05;0.0019443;1.4942E-05;6.0181E-06;0.00022774;0.000836;0.00024188;9.1638E-05;4.5973E-05;0.00071776;0.00077224;5.7625E-05;0.00016779;0.00020456;6.6201E-05;6.1542E-06;9.9913E-05;0.00012948;2.0732E-06;1.5119E-07;0.00023319;0.00015006;0.00014434;9.5486E-08;4.6791E-06;0.00013128;0.00017989;0.00032631;0.0012992;0.00027601;1.5122E-05;0.00073988;0.00060937;0.00157;0.00017791;3.1975E-05;3.4324E-07;3.3726E-05;0.00088729;0.00072704;1.5817E-05;9.9183E-05;2.5032E-05;4.1143E-05;2.4222E-05;0.0001501;5.2489E-06;0.00090443;1.3507E-07;3.2345E-05;0.00075927;0.00065304;0.0024897;0.00016102;2.7953E-06;0.0011231;0.00040403;6.8217E-07;5.4679E-10;0.00059153;5.3983E-05;0.00011744;0.00019533;2.2332E-05;0.00054386;0.0050022;0.00045248;1.7955E-05;0.00012255;0.00025984;6.1298E-05;0.0010248;0.00016462;0.00072451;1.2904E-06;1.944E-06;1.5403E-05;7.0107E-05;1.522E-06;0.0002362;0.0020391;0.0011197;0.00016981;0.00076687;0.00059068;6.3343E-07;3.7545E-05
25;275.6;61.255;3;1;0.25;150;175;Euclidean(MinimumTimesMedian);0.00078487;2.934E-05;9.3556E-05;1.9746E-05;3.1416E-05;0.22643;0.22973;6.3458E-06;0.13501;0.23375;0.00024733;0.00028361;0.00069516;0.00016369;4.3441E-05;0.001833;6.5279E-06;2.5267E-05;4.7748E-05;2.1232E-05;0.00047702;0.00051869;0.0003358;0.00013661;4.2528E-05;1.3578E-05;3.6327E-06;0.00024531;0.00035879;1.8012E-08;0.00058719;5.2905E-06;0.00017402;0.00021929;8.0291E-07;4.8525E-05;7.6673E-07;0.00035871;1.0271E-05;2.3122E-10;9.1726E-05;0.00083049;1.5453E-06;2.3242E-05;0.0003413;4.1789E-05;0.0001132;0.0015846;0.00012436;0.00013622;0.00036574;0.0015754;0.0009664;4.0009E-07;0.00011143;0.00028354;0.00050458;3.2032E-06;0.00013514;0.00097951;8.5996E-05;0.00055237;1.6238E-05;0.00036448;2.478E-05;0.00012212;0.00051978;0.00017685;5.1732E-05;4.4004E-05;3.9789E-06;0.00030124;6.4698E-05;0.00014284;7.6777E-06;1.3211E-05;8.75E-05;0.0004456;0.00011103;0.000569;2.8421E-06;3.4493E-05;0.00050278;4.0787E-05;7.2085E-07;0.00022751;1.0949E-05;2.8845E-06;0.0010593;2.3944E-06;0.0001854;5.097E-05;6.4309E-05;5.7965E-06;4.4851E-05;0.00020177;1.7847E-05;0.00063925;0.00029148;0.00065604;0.00047275;5.315E-05;0.0014319;0.0012872;0.0032571;3.31E-05;0.00011116;0.00018841;0.0018376;0.0015919;0.00036496;3.271E-05;0.0003778;9.8733E-06;0.00025104;8.0841E-05;0.00039185;1.1273E-05;0.00075291;0.13871
26;277.53;61.683;3;1;0.5;150;175;Euclidean(MinimumTimesMedian);1.3045E-05;0.14479;2.0273E-07;0.1768;1.4041E-06;0.20881;0.074915;2.9562E-05;1.2935E-05;0.24357;0.00013055;7.1442E-05;2.5456E-06;7.1768E-05;9.0715E-06;8.8786E-05;1.8592E-05;3.257E-05;0.00017765;4.3417E-05;8.5845E-06;2.6945E-06;7.5723E-05;3.8348E-06;6.3839E-06;1.2883E-09;1.0683E-05;1.2137E-06;6.1302E-07;5.3149E-07;2.3588E-11;9.676E-08;1.8446E-07;9.6994E-05;2.0778E-05;0.00010681;0.00027162;2.3236E-07;4.8179E-05;1.5057E-05;0.00024966;0.00011005;2.267E-06;0.0001151;1.8103E-05;2.267E-08;0.00012006;7.3275E-06;0.00026142;8.8041E-07;8.6409E-06;5.0902E-08;1.5672E-07;2.6849E-05;5.0055E-05;2.8287E-07;9.6155E-05;4.0324E-05;7.8699E-05;3.2101E-06;6.3132E-06;0.00023751;2.7683E-07;5.914E-05;3.009E-07;3.7009E-05;1.2416E-07;1.7816E-05;2.6786E-05;2.6282E-06;1.0714E-07;0.00027616;8.3985E-06;5.778E-06;1.7703E-07;2.1663E-06;3.2592E-07;3.8008E-05;0.00010356;3.9818E-06;6.0977E-06;3.0463E-06;1.8071E-05;3.8828E-05;0.00029588;6.3785E-08;2.3169E-05;3.3055E-05;2.9942E-06;4.4943E-06;2.746E-05;0.00010082;3.0137E-05;8.7213E-06;0.00024152;1.3562E-05;7.6803E-06;2.4056E-07;0.00032203;3.7038E-05;7.2798E-05;1.9765E-06;0.00037817;3.9572E-05;6.0326E-06;8.5437E-05;4.9195E-06;1.086E-05;0.00028983;4.1493E-07;2.4493E-05;1.3833E-05;4.29E-05;2.8792E-06;6.1674E-06;6.5062E-08;1.9552E-05;8.2115E-08;1.4066E-05;0.14549
27;281.27;62.515;3;1;0.5;150;175;Euclidean(MinimumTimesMedian);0.00010914;0.10081;0.00043544;0.14572;0.00010137;0.18292;0.064692;3.1583E-05;6.2358E-07;0.28897;0.0012712;7.2709E-06;0.00010226;8.7307E-06;0.00068596;1.7063E-05;7.4582E-05;1.7201E-05;0.0010194;0.00014895;1.0723E-06;0.00072325;0.0010945;0.00010499;0.00059801;0.00018202;0.00010742;5.7942E-07;1.0791E-05;0.0028901;0.00094837;9.9247E-05;0.00076615;0.00019392;1.893E-07;0.00037454;4.3515E-06;9.365E-05;0.00029982;4.1798E-05;0.00040542;0.0005951;3.1915E-05;2.4065E-06;1.9279E-05;2.7294E-05;0.001378;8.2288E-05;1.5874E-05;0.00039978;5.1059E-06;4.4009E-05;0.00074523;0.00054542;7.9511E-08;0.00069678;6.951E-06;8.1152E-07;0.0011972;1.5133E-08;2.7364E-05;8.9237E-06;2.6107E-05;0.0019622;6.7791E-06;0.0015939;7.0241E-08;0.00019895;8.8947E-05;0.00030643;0.00063869;0.00014701;0.00057306;0.00015579;0.00092686;6.2161E-06;2.8646E-05;0.0002622;5.8232E-06;0.0020945;1.0158E-06;1.8198E-05;0.00067777;0.0015489;0.00014598;3.5419E-06;2.2284E-05;3.6271E-06;6.3558E-06;0.00031719;0.00010234;8.3981E-06;0.00047549;0.0022826;7.0206E-07;7.8055E-05;0.00057186;0.00039279;1.2587E-05;0.00064778;0.00053874;0.00039378;0.00025325;0.00063286;9.4896E-07;4.1105E-05;9.6002E-06;8.7547E-05;7.5682E-05;7.2292E-05;1.4965E-07;2.1332E-06;1.3459E-05;2.4284E-05;6.9917E-05;0.00076416;0.0018862;3.2233E-07;0.00069573;0.17618
28;281.78;62.628;3;1;0.5;150;175;Euclidean(MinimumTimesMedian);2.5474E-08;0.14828;0.00010437;0.15943;4.3614E-07;0.21006;0.08517;2.8831E-05;4.319E-05;0.24666;2.1636E-05;1.5732E-07;8.1852E-05;1.2975E-05;5.0393E-07;3.5751E-06;0.00017607;1.1129E-05;3.0214E-08;3.549E-08;2.0377E-05;1.7573E-05;1.3463E-08;2.2102E-07;6.8138E-05;1.6617E-06;9.6482E-07;2.6368E-06;4.7904E-06;1.7687E-06;3.9725E-05;1.4936E-05;3.2275E-08;7.65E-05;3.5256E-08;2.5789E-06;2.2091E-05;6.249E-06;4.5733E-06;1.9714E-06;1.7846E-08;2.1279E-05;1.0836E-05;5.2337E-06;1.4171E-06;6.7332E-05;8.4838E-05;5.0142E-07;1.9541E-05;2.5564E-05;9.1393E-06;6.9661E-06;0.00013952;5.9549E-06;2.7811E-05;1.1932E-05;2.7487E-06;4.9467E-06;1.7436E-06;8.6762E-06;7.2465E-06;4.6517E-05;3.121E-05;4.5299E-07;7.9021E-05;2.0964E-06;6.7552E-05;8.367E-07;3.7699E-05;3.3628E-06;5.4644E-08;2.1494E-05;1.1493E-05;7.4069E-07;2.5814E-07;1.0265E-06;0.00012776;2.9316E-07;9.0007E-05;1.7532E-05;1.4021E-05;2.4722E-05;7.6208E-07;1.103E-05;2.1272E-07;9.2115E-05;5.4274E-05;3.2028E-05;6.3551E-09;5.006E-06;3.1057E-05;2.9778E-08;8.5836E-07;0.0001601;3.4804E-06;4.9301E-05;8.5771E-06;1.1821E-05;2.8858E-06;9.269E-06;1.6798E-05;5.8148E-05;7.366E-07;3.0677E-06;5.8798E-07;3.135E-05;2.0378E-07;1.6176E-05;1.929E-05;0.00028276;5.4658E-05;6.4012E-05;9.7829E-06;3.5798E-05;6.8273E-06;4.2086E-06;6.0778E-06;4.7594E-08;9.5286E-06;0.14749
29;286.11;63.589;3;1;0.5;150;175;Euclidean(MinimumTimesMedian);1.9128E-06;0.14131;0.14889;0.16365;5.9605E-06;0.21319;0.081571;2.6975E-06;1.0441E-07;0.24888;6.4993E-06;5.8071E-05;1.2032E-09;1.4912E-07;5.9492E-05;3.5683E-07;0.00019053;6.6114E-08;3.8791E-06;4.7966E-07;3.5231E-07;1.3421E-05;5.2268E-08;6.83E-07;8.2557E-07;7.4762E-06;2.1782E-05;5.9522E-07;5.666E-06;1.11E-06;1.0715E-05;2.2078E-09;5.6687E-06;5.8867E-05;6.6279E-05;5.2815E-06;6.0396E-06;8.7954E-06;2.3728E-06;3.4107E-06;7.2786E-06;7.1873E-07;1.1133E-06;3.8797E-07;1.3433E-05;1.2694E-05;2.3367E-07;1.9837E-08;1.2354E-05;2.8558E-05;1.5347E-05;7.6578E-05;7.4729E-06;2.9828E-06;3.2499E-05;0.00011172;2.6301E-06;2.6279E-08;1.9583E-05;1.7568E-05;3.8706E-06;1.1335E-10;2.5488E-05;1.8166E-05;1.5547E-05;2.0597E-06;7.5905E-05;2.4108E-05;5.6825E-06;5.3972E-05;6.6842E-09;2.354E-06;5.3187E-06;3.4682E-05;8.2924E-06;4.7585E-05;4.5939E-05;1.9186E-06;1.5992E-05;8.9294E-07;4.0355E-08;6.007E-05;4.2779E-06;9.8892E-09;7.2202E-05;1.1607E-05;8.7412E-06;6.3525E-06;1.5895E-06;4.2675E-08;0.00022257;8.6178E-07;0.00016079;0.00013937;4.6871E-05;4.3877E-06;5.3966E-06;2.9116E-07;7.8248E-05;5.7122E-07;7.225E-08;1.4962E-05;8.5468E-07;1.1347E-05;9.5379E-06;4.7907E-06;1.5798E-06;1.0892E-07;2.0042E-05;4.4137E-05;0.0002021;2.1898E-05;5.8119E-08;2.4561E-07;1.7491E-06;6.3336E-07;1.7687E-05;2.9419E-05;1.1151E-07;7.3224E-06
30;291.59;64.808;3;1;0.5;150;175;Euclidean(MinimumTimesMedian);0.00012893;7.3255E-05;3.6649E-06;7.5402E-07;7.5736E-06;0.23993;0.23993;0.00066971;0.13997;0.23594;3.3617E-05;6.1269E-05;4.6001E-08;1.9289E-06;2.7453E-06;1.0311E-05;1.1255E-05;1.0524E-05;3.0979E-06;1.1598E-05;1.7904E-08;6.04E-06;5.8259E-06;4.0587E-05;4.188E-06;1.9922E-05;1.0919E-05;8.3283E-07;5.371E-06;1.9029E-05;8.528E-06;6.8158E-06;6.0958E-08;3.3535E-07;1.0323E-05;3.6474E-06;3.5636E-07;4.7245E-06;1.486E-05;9.8845E-06;5.7392E-08;1.9507E-07;3.2371E-07;1.7411E-06;3.3892E-09;1.5574E-06;8.1911E-06;1.7597E-05;2.6008E-09;1.351E-06;2.1352E-06;4.1803E-06;1.9572E-05;2.1723E-06;1.1428E-05;1.7882E-08;6.6883E-07;1.8915E-05;0.00011773;9.7267E-06;0.00013871;2.9219E-08;4.5616E-05;1.3296E-05;2.9906E-06;1.3615E-06;0.00018503;9.1168E-08;8.2001E-06;2.0123E-10;1.6629E-06;4.2621E-05;2.1526E-05;9.0153E-06;1.3087E-05;1.0866E-09;2.2808E-05;4.1082E-06;5.0061E-07;3.225E-06;8.2997E-06;3.1684E-07;1.5052E-05;1.5307E-06;2.3796E-06;3.5541E-05;5.4934E-05;4.8161E-05;4.9846E-07;4.791E-06;4.6112E-05;5.1301E-05;5.2917E-05;3.1075E-08;2.1648E-05;1.0257E-05;1.4789E-05;1.1964E-05;5.9998E-08;6.5998E-06;2.2391E-05;1.191E-05;1.0076E-07;5.025E-05;3.2534E-09;0.00024985;5.4654E-06;7.6238E-06;4.0045E-06;3.7568E-05;1.2314E-06;1.2093E-06;1.8004E-05;2.0508E-05;4.971E-09;8.553E-08;3.3595E-08;5.1991E-05;7.2769E-06;0.14142
31;296.48;65.894;3;1;0.5;150;175;Euclidean(MinimumTimesMedian);7.6727E-05;7.3681E-07;2.6079E-05;1.5236E-05;7.3266E-07;0.23337;0.23762;3.6402E-06;0.13986;0.24118;3.5603E-08;1.2934E-05;2.3229E-05;3.688E-07;7.3164E-07;1.0891E-05;2.341E-05;1.5439E-06;4.9422E-06;4.2004E-05;1.9342E-05;8.6403E-06;8.1449E-08;6.1704E-06;3.414E-05;8.8753E-07;9.493E-05;1.9764E-06;1.0276E-06;1.3532E-08;6.5854E-05;2.5693E-05;5.8154E-05;2.3266E-05;4.0698E-07;6.3812E-05;1.8166E-05;1.2247E-07;2.6017E-06;0.00011333;7.6349E-06;5.8726E-06;2.5087E-06;1.5351E-05;3.3018E-06;5.322E-05;2.0808E-05;4.408E-06;1.604E-07;0.00030313;1.1345E-07;2.0093E-08;1.483E-06;3.0265E-07;2.2022E-06;6.1694E-05;3.0303E-06;2.2205E-06;2.9016E-05;5.8044E-07;7.3255E-09;4.6835E-05;3.3005E-06;1.0999E-05;9.8591E-06;1.0836E-06;1.2682E-07;2.7392E-08;8.6007E-05;6.2363E-06;3.8527E-05;0.00017087;7.1184E-07;9.6338E-05;3.0933E-05;0.00012981;1.742E-06;5.0304E-06;1.2832E-05;1.9701E-08;4.3301E-07;2.807E-08;7.1758E-07;4.7028E-05;1.3301E-05;8.5942E-07;2.395E-05;3.2098E-06;1.8468E-05;0.00014642;7.9051E-06;1.1221E-05;7.7755E-06;0.00013125;3.0317E-05;3.0568E-05;4.7344E-05;1.0372E-05;0.00015882;0.00011258;5.6586E-05;8.9383E-06;0.00011595;4.8308E-06;2.5926E-05;3.1198E-07;3.6485E-05;2.631E-05;9.5343E-09;3.5858E-06;1.4387E-06;4.2758E-05;8.0203E-07;3.0525E-05;5.8771E-05;7.397E-05;0.00010734;2.8195E-06;9.222E-07;0.14462
32;303.01;67.346;3;1;0.5;150;175;Euclidean(MinimumTimesMedian);2.7803E-07;4.7186E-05;0.18379;3.1043E-06;7.6394E-07;1.9884E-07;0.15549;4.496E-05;0.092101;0.31057;3.6296E-05;3.6622E-10;5.507E-06;3.8944E-05;0.00013407;1.6198E-06;3.3359E-07;1.3473E-06;0.0002335;8.9201E-05;1.2208E-10;4.1184E-05;1.2986E-05;6.7524E-06;1.9444E-05;2.9142E-06;2.0571E-07;4.8549E-06;6.4836E-05;4.4069E-05;4.3691E-05;5.1952E-07;5.8192E-07;1.9527E-05;7.3562E-07;2.3197E-05;7.3936E-08;3.7217E-05;2.2144E-05;1.2121E-06;1.6726E-05;8.1928E-05;5.957E-05;8.8509E-07;3.56E-07;4.5984E-05;5.4555E-06;1.4812E-05;1.164E-05;7.1857E-05;1.6355E-08;6.9547E-09;1.6311E-06;2.4892E-05;2.3476E-06;2.3961E-07;5.2914E-06;6.1871E-06;9.6306E-07;2.8605E-05;2.8047E-05;4.4327E-05;1.4172E-07;1.0849E-06;4.7911E-05;6.0698E-06;3.5681E-05;3.8004E-07;1.3325E-05;1.0596E-05;3.6825E-05;5.83E-08;4.0253E-06;7.8433E-06;9.3744E-08;2.2301E-05;2.2844E-05;2.2862E-06;2.8816E-06;3.1184E-05;1.2679E-05;3.2062E-06;3.5774E-07;4.6287E-05;4.4305E-05;4.4305E-06;4.1683E-06;1.5734E-07;2.4742E-05;1.9563E-09;5.2601E-06;9.45E-05;1.7857E-06;4.4328E-06;2.8281E-09;8.5246E-08;3.904E-05;6.265E-08;0.25275;5.5062E-06;6.2161E-07;0.0029248;1.1553E-06;5.0069E-06;3.5948E-07;5.4947E-05;3.628E-12;6.9052E-05;2.0609E-05;9.5271E-07;1.3436E-05;1.8793E-05;1.4648E-07;4.0979E-05;1.7378E-07;0.00012579;2.4389E-07;1.3143E-05;3.0511E-05;3.4409E-06
population
1;9.0897;7.0625;0.025377;-3.1325;3.6347;2.8091;7.7452;0.041353;-0.55162;0.014726;1.2459;0.22793;0.34862;-0.27426;1.7823;-0.66731;-0.082959;-0.51942;0.43358;-0.4608;0.74604;-1.1733;-0.8169;1.0134;0.5557;-1.4741;-0.94526;-2.4049;1.3019;0.13745;0.027096;-1.3861;-0.89094;0.51098;-0.22785;-0.11761;0.49503;-1.0238;0.020574;1.3515;-0.29866;-0.80356;0.66785;0.49615;-0.36547;0.58505;-0.042882;-0.31866;1.5833;0.071549;1.4653;2.618;0.20906;0.094473;1.2362;0.32977;-0.085098;-1.0459;-1.7148;0.58163;-2.0967;0.93316;1.9228;1.7902;-0.78823;1.3253;1.1261;-1.805;-0.27213;0.061864;0.46579;-0.098784;-1.3342;-0.44833;-1.3452;0.84676;-0.1749;-0.1204;0.092189;0.82879;-0.8121;0.8546;2.0864;0.74465;-0.47716;1.1988;0.14638;0.21315;1.1582;-0.66429;-0.34366;-0.62389;-0.9125;0.16166;-0.34594;-0.33569;0.43729;-0.4338;-0.64147;0.61855;2.6751;1.4123;0.023543;0.40729;1.5096;-1.1163;0.30796;-2.2019;-0.42044;-1.628;-2.136;-0.52182;-0.77319;-0.33288;-1.0622;1.0061;-0.5394;0.15093;3.5439;0.025377
2;6.1657;6.5854;1.9661E-08;3.0881;3.941;0.17054;3.2676;-4.0315;1.0467;2.3355;1.1797;0.025611;0.0019542;0.06425;2.7424;1.442;-0.55606;1.2877;-1.3405;-0.4247;-0.34471;0.73022;1.0971;0.47145;-0.81239;-0.83682;-0.13591;-0.17749;0.64342;0.18668;-0.22437;1.1632;-0.63428;-1.0564;-0.0226;-0.38021;-1.2034;-0.77226;-0.91113;-0.14473;-0.66339;-0.51962;0.12744;-1.8543;0.18102;0.35926;0.34708;0.94977;-0.014761;1.2259;1.3866;0.22638;-0.63189;0.78476;0.31657;0.92134;-0.46399;0.82084;-0.08821;1.443;0.44343;-0.91151;-0.54732;0.68814;0.97514;0.28872;-0.33106;-0.76909;1.6996;1.2982;-0.83513;-2.0256;0.046078;-1.8934;-1.0305;0.16134;2.8512;0.5626;0.80914;-2.1069;-0.34908;1.1423;-0.66028;2.3988;-1.3448;0.69059;0.7782;0.71954;0.87382;-0.60974;0.36189;-0.94414;-0.77328;0.77627;-0.38171;1.468;-0.11298;-1.429;1.1643;0.29302;-0.35232;-1.0064;-1.752;-0.84853;-0.3265;-0.01994;1.7045;0.17968;-1.2326;1.029;0.16328;-0.052518;-0.4526;-0.42371;0.91023;-0.16285;1.3576;-0.89692;3.2927;1.9661E-08
3;3.5169;13.205;0.00071792;6.1651;1.5275;0.0050949;-1.8176;1.2342;3.3068;0.0064338;0.6213;0.66087;2.7101;0.26463;-0.66133;0.42392;1.6119;-0.88823;1.6131;0.49701;1.1261;-1.2991;0.47224;-0.35235;-0.017854;-0.45277;-0.97856;0.72054;-1.4569;-0.89351;-1.8322;0.44636;1.2566;-0.5265;-0.85975;-0.54429;-0.13198;1.4166;0.58961;0.50599;-0.56108;0.45374;-0.14205;0.21223;1.0918;-0.56194;0.53805;0.11319;0.9403;1.5995;0.59065;-0.78173;-0.27844;1.1164;0.028161;1.0142;-0.93893;0.051826;-0.24915;0.35017;1.3898;2.2913;0.48339;0.42788;1.4076;0.00795;-0.85899;0.079682;-0.26401;-0.55502;-1.2132;-0.11685;0.13242;-0.43843;-0.072657;1.3293;-0.28736;0.15647;-0.69482;0.80849;-0.28062;-1.2713;0.95918;-0.06757;0.73525;-0.69301;0.43745;0.40247;-1.8867;-0.49828;1.3088;-0.4403;-0.94781;-0.50434;-0.64314;0.49449;-1.5387;0.7743;0.63316;2.3224;0.83992;-0.25232;-1.3764;0.71975;-0.34651;0.23754;0.75021;1.1817;0.50552;0.95354;0.39312;-0.71311;-0.42393;1.2486;-1.9792;-0.21408;-0.51205;-1.0269;6.6029;0.00071792
4;2.0065;10.405;2.3827E-05;-3.0594;4.1845;0.00041739;7.3656;-2.114;7.978;4.2526;0.71325;0.96645;0.0041535;-0.98059;-0.28377;-1.2521;1.0175;-0.88969;0.68186;1.9388;-0.65647;0.19571;-0.36799;0.56771;-0.86825;1.4381;-1.681;0.87126;-0.21634;-0.24148;-0.85019;1.5562;-1.2901;1.4348;-1.8935;-1.232;-2.3093;-1.9763;-0.73515;-1.3196;0.49748;-0.74294;0.68875;1.904;-1.2075;-0.65358;0.77927;0.35175;-0.94816;-0.052573;-0.74163;0.40203;-0.89149;-0.55803;-2.5076;-0.70925;0.73267;0.75879;-1.3219;0.9612;0.24283;-1.3465;0.054843;0.53624;-0.24634;0.55158;-0.51415;0.58077;1.7746;-1.1062;-0.41187;-0.66248;0.92241;-0.73058;-1.2024;-0.26758;1.1544;0.17094;0.56295;-0.56027;-0.33358;0.1224;-1.6081;-0.79225;1.1842;0.20515;1.0677;0.32207;-0.71788;0.56935;1.0677;-0.47197;-0.88352;0.47753;-1.3057;0.58976;-0.47746;0.15448;-1.9064;-0.71681;0.24876;1.0396;0.42777;-2.4041;-0.80559;-0.2753;1.6113;-0.30565;-0.67765;0.56395;0.52322;-0.50625;1.9255;-0.11009;0.9172;1.2336;1.3584;-0.31243;5.2026;2.3827E-05
5;9.2862;8.2397;2.1212E-07;-1.8391;1.5682;2.4343E-06;-7.9521;1.1106;-2.95;1.1067;0.8884;0.48618;1.4608;0.29046;0.60132;0.95158;-0.53971;0.57637;-0.12176;0.43839;-1.1706;-2.6161;0.28365;1.0861;1.7938;-1.0562;-0.93149;0.32011;0.66118;0.94706;-0.99958;-0.68156;0.30918;0.61359;-2.1379;-0.20653;-0.55199;0.46168;-1.3146;-0.74509;-1.0587;-0.22806;-0.55641;-1.8079;-0.59407;-0.3972;-0.37431;0.45942;1.4244;-0.13246;-1.3212;0.42712;-1.0683;-0.76909;0.40634;1.2512;-0.14958;-0.92777;1.0247;1.3271;1.7722;-0.54501;-0.28761;-0.71008;-0.87259;-1.1144;0.57159;-0.34256;-1.8767;1.8877;-0.50096;1.0657;0.91304;0.08046;0.68439;0.87779;-0.46368;-1.6702;0.42639;0.42303;0.01568;-1.5184;1.6403;-0.15062;0.69118;-1.8336;-1.0475;0.83238;-0.57778;-0.63933;-0.25813;0.90991;-1.6176;0.17669;-0.0049046;-0.91697;1.6015;0.13731;-0.55741;0.16026;0.12091;-0.98057;-0.61427;-0.65623;-0.097353;0.13884;-0.75456;1.035;-1.4612;-1.9747;1.1448;1.6043;-0.83918;-1.45;-0.35734;-0.034527;-0.17768;-2.0515;4.1198;2.1212E-07
6;9.7529;15.654;1.3897E+05;25.068;2.461;0.027899;1.5284;0.63456;3.5684;0.0015701;0.81469;0.71046;0.82111;-0.71787;-0.27663;-0.78534;-1.2468;-1.6422;0.29026;-1.8895;0.081557;-0.95301;-0.48673;0.22126;-1.4436;-1.6811;2.2108;-0.78787;0.1202;0.62387;0.56861;-1.0662;-0.15365;-1.2843;0.11662;-0.83772;0.65808;0.33026;-0.66348;-0.8758;0.22668;2.1593;0.060667;1.5977;-0.96526;-0.16713;-0.40037;-0.84564;-1.2609;2.2745;-0.2784;1.8516;-1.3683;-0.12683;0.5777;-0.35423;0.20367;0.50952;1.6082;-0.036445;-1.4846;-0.14782;0.81864;1.4223;-0.67246;-0.37403;-1.8157;-0.09212;-0.90034;0.77436;-0.22298;-0.46043;-0.98725;1.2407;0.30972;-2.0008;1.1913;0.74028;1.4816;-2.1231;0.66597;-1.5025;-1.7622;-1.5557;-0.11372;1.7913;1.6715;-0.22103;0.1094;0.59028;-0.29311;0.49201;-0.98637;0.07789;-1.1031;0.83544;-1.095;0.15123;-0.45387;0.4987;1.8;-0.31134;0.23789;0.35989;0.6297;-0.049263;1.4878;-0.10214;-1.2476;-0.70524;-0.82018;0.90231;0.31094;0.31113;0.30324;-2.1956;-0.57837;0.60767;69490;1.3897E+05
7;1.1265;5.3968;3.8025E-06;5.9056;1.7291;3357.4;5.693;-5.5346;-7.7008;4005.3;1.0538;0.57148;0.62138;-0.70089;-0.001395;-0.89385;1.6445;0.075272;0.54851;1.5378;-2.2952;-0.71176;0.93537;-0.052271;-1.6629;0.83004;-1.4248;0.97219;-0.22295;-0.81338;0.045301;1.1924;-1.1652;0.63364;1.3399;0.92428;0.1713;0.63668;0.78607;-1.3606;-0.2899;-1.3457;-1.707;0.59747;0.20149;-1.4583;0.088706;0.10887;-1.1537;0.32442;2.4646;0.61263;-0.54729;-1.2584;1.1579;-0.63074;0.33487;0.71641;-0.071175;0.67677;1.0121;1.2305;-1.0286;-0.73901;-1.7188;-2.7485;0.7688;-0.18843;1.082;-0.53969;-1.0127;-0.58969;1.6966;2.2827;-0.71697;-1.0417;-0.66486;-1.3841;0.68507;2.8432;-0.26786;-0.39986;0.15486;0.94847;-0.62624;-0.78045;-0.27771;-0.52018;0.32313;-0.66918;2.1457;-0.88591;0.84178;-0.43749;1.6679;0.53559;-1.5948;0.503;-1.1372;0.010163;-0.15365;0.99544;2.1422;-2.4821;1.3441;0.82228;1.2611;-0.1892;0.13696;-0.13178;0.11264;0.61227;0.41341;1.0383;0.6509;1.0823;0.92269;1.2704;2.6984;3.8025E-06
8;4.1887;16.282;0.36227;8.0152;4.9407;5.4709;-2.3237;-1.0927;-0.1043;0.0015397;1.1193;0.57289;2.3455;0.22635;0.59491;-1.3703;0.62713;0.75346;0.64348;-0.63336;0.12756;-0.33003;1.4995;-0.66233;0.32752;0.4683;-0.50537;2.0307;-0.59394;0.68771;0.21559;0.71616;0.17601;-0.86453;-0.29455;-0.47192;1.1053;1.0198;-1.5145;-0.57207;1.7345;-1.2387;-0.068256;-0.11206;-0.37521;-1.7638;-0.26621;0.31029;-2.0271;0.079527;0.46689;0.34587;-1.0228;0.33918;0.90546;-2.6878;0.53268;-0.54149;-0.2311;1.6122;-0.54026;1.8888;0.11946;-0.27229;0.83014;-0.018471;0.93942;-0.9295;-0.51894;-1.194;-0.87769;0.43148;0.30482;0.00073961;0.48876;0.1603;1.0353;-1.0165;-0.37878;0.13633;-1.0934;0.076173;-0.22767;0.099178;-0.19663;0.67591;1.3143;0.57898;-0.75966;0.053698;0.4572;0.57908;1.3346;0.27574;0.5514;-1.0715;-0.18619;-0.51456;-3.5175;0.72292;-0.024755;-0.55808;0.010777;1.2355;0.016899;1.5988;-1.541;0.38077;-0.87516;-0.97465;-1.033;0.13226;-0.99446;-1.0953;0.90147;0.11957;0.39822;-1.7194;8.3221;0.36227
9;0.20692;8.3477;15.722;-1.8612;1.227;0.64942;-8.022;0.715;1.6053;200.56;1.1169;0.0027948;2.625;0.80649;0.38682;-0.7978;0.59937;1.1879;-0.96356;-1.1731;0.27984;0.96887;0.44002;-1.137;1.4165;0.84695;-1.2036;-0.91371;0.36969;0.50071;0.90131;-0.023455;-0.34851;0.97814;1.0296;0.66065;-0.44289;1.3552;2.1991;0.63295;-0.76997;0.18406;-0.53887;-0.48201;-0.91781;1.0404;0.21718;-0.12624;-1.054;0.66717;-0.23294;1.2886;0.90838;-1.4496;-0.12221;-1.6523;0.61591;0.39642;1.0702;0.47889;0.76983;-0.41145;0.066592;-2.2398;0.47297;0.40911;-0.15161;0.90487;-1.085;-0.28634;-0.65851;0.37209;1.1256;0.87401;-0.59814;0.18017;0.91315;0.87911;-0.82114;0.41579;1.9885;-1.4911;-1.1377;-1.5864;0.58646;-0.77636;1.0521;-0.0051838;0.58889;-0.14334;0.88599;0.96804;-1.1579;0.63848;0.4368;-2.4049;-1.3799;-0.68824;0.62794;1.2269;-0.60054;1.1478;-1.7504;-0.1931;0.37943;-1.5759;-0.22866;-1.7167;1.726;-0.22419;-0.28462;1.2891;-0.54138;-0.46473;-1.6326;0.10332;1.1256;-0.45266;12.035;15.722
10;4.7093;4.9651;11.984;4.3592;2.8898;1.0098;-10.655;-1.1939;0.64032;16.614;0.79494;0.20101;0.073983;0.85662;0.54312;0.18529;-0.099095;0.19242;1.0204;0.2563;0.31552;-2.4267;0.85489;0.17439;-1.3661;-0.39548;0.045157;-0.12934;0.51929;1.2998;0.45995;0.38417;1.0391;0.66618;0.5165;-0.23009;0.52992;0.38323;-1.2236;-0.66554;0.77404;2.1046;-0.23974;1.0961;-0.23375;1.5355;-0.85446;0.46317;-0.39994;-0.40652;0.79114;0.20786;-0.26213;-2.0861;-0.79854;0.40606;-1.7489;-0.68281;-0.8342;0.091027;0.053916;-1.1464;0.12002;0.085343;0.66429;-0.66032;-1.305;-0.26158;-2.1131;-1.8043;0.15008;1.2768;-1.5762;-1.5387;-1.7915;-1.6028;-2.1681;-1.1234;-1.256;0.98489;1.7655;-1.102;0.70916;0.14376;0.19574;-1.0113;1.6137;0.21;-1.5019;-0.44429;0.61681;-1.8906;-1.2927;0.61683;0.26116;-0.97363;0.52162;-1.3593;-0.88787;-0.44064;1.5255;-1.0203;0.51539;-0.86417;0.77314;-0.45408;-0.95033;-1.1698;1.6013;-1.3988;0.060604;-0.3248;-0.4761;-1.1038;-0.48248;1.5189;-0.10021;-0.72575;8.4746;11.984
11;3.6535;10.629;111.41;-9.7509;4.1034;3.4386E-09;0.10381;3.8159;-8.9889;0.013294;0.9157;0.50939;3.8194;1.0958;0.67862;2.5822;0.062198;0.82108;0.10404;1.395;-0.46669;0.71178;1.5049;-0.25612;0.65415;1.3415;-0.94915;-1.404;0.18616;-0.49657;0.65882;-0.28205;0.15593;-0.22812;1.2237;0.063194;0.97744;0.28838;-0.97556;0.094257;-0.36202;0.5869;-1.1525;0.85935;0.30616;0.68004;-0.33462;-1.5186;0.75777;-1.3662;-0.79927;0.85669;0.17155;0.60168;-0.62489;1.8781;-1.8982;1.2861;2.7754;0.75812;-0.12118;-1.7632;-0.077878;-0.93815;-0.51628;1.2491;0.96674;-0.098423;0.88036;-0.80411;-0.0039817;-1.0147;-0.93847;2.337;-1.1518;0.79088;0.57533;0.18967;-0.57824;-1.7318;-1.1803;0.96933;1.4209;-0.064943;-1.641;-1.785;0.76127;0.78638;2.666;-0.25324;-0.5498;-0.6061;-0.62929;0.43872;0.44918;0.26371;0.28821;-0.79109;-0.17521;-1.1584;0.4881;-1.2465;-0.47431;1.0389;1.3731;-0.67693;-0.44611;-1.3146;-1.0695;0.1502;-1.8538;-1.4174;1.4988;-1.315;0.78389;1.0268;0.46652;-0.28914;61.021;111.41
12;2.1759;5.3047;26.078;19.93;4.9348;0.00016317;-1.0098;4.2776;0.45946;5.9314;0.93354;0.096696;2.288;-0.8984;0.089521;-0.019426;-1.0166;0.75232;0.6354;1.0953;-0.99498;1.2928;0.88933;-0.33952;-0.71207;0.1517;-0.27783;-0.78976;-0.77013;-1.3128;0.10834;0.59601;-0.48972;1.8438;1.4018;0.15814;-0.57316;0.5121;-0.54359;-0.39776;0.38117;1.7032;-1.1482;-1.1904;0.72196;1.376;0.74864;-1.4866;-0.032464;0.12105;0.47736;1.7386;-0.72018;0.04808;0.070176;0.41559;-1.0564;-0.31884;0.88615;-0.084416;-0.1655;0.07044;0.2121;0.038003;-2.093;1.4345;-0.0018473;0.91413;-0.31505;2.1941;1.8478;-2.1832;-1.2582;0.71558;0.075945;-0.32464;0.63561;-0.4947;-0.39976;-1.0804;-0.42941;0.27466;-0.42931;-1.7725;0.79882;0.54045;0.88392;0.18336;0.12213;-0.60506;-1.0927;1.3298;-0.41906;0.80821;-1.8276;1.0041;0.79805;-0.41007;0.86091;0.89035;-0.36706;-0.69365;-0.24739;-1.2709;-1.5053;-0.27188;-1.3059;-0.013539;0.65284;-0.37359;0.12681;1.8054;2.1267;-1.1725;-0.16189;1.0258;-0.68124;0.68452;15.691;26.078
13;1.6507;5.4635;1193.8;-2.4313;0.75033;0.085391;2.1016;-8.0012;0.039096;0.091979;0.87244;0.51186;0.021313;-1.1424;0.75075;0.89792;-0.52218;0.23483;0.35238;1.9498;-0.123;1.4817;0.77195;0.60615;-0.79386;0.0054099;0.83791;0.17618;-0.12103;0.1867;0.4602;0.84066;0.049388;-1.0988;-0.58549;0.27842;-0.79469;0.28423;0.43623;-1.2956;-0.16069;-0.077235;1.0596;0.063588;-0.02526;0.74998;-0.43299;0.29892;-1.2745;-0.21925;0.016124;0.24726;-1.109;1.1702;-0.24317;-1.1986;-1.1735;1.8287;1.6176;-1.4762;0.58255;1.0047;-0.010111;-0.54197;-0.85392;1.1991;-0.85417;0.082779;1.3615;1.7505;0.38045;1.3256;0.16922;0.64833;0.94415;-2.4723;-0.41843;1.6868;-1.0217;0.80283;-0.60617;-0.16782;1.1384;0.75961;-0.49048;-0.15775;1.3654;1.2036;-1.8871;1.1135;0.29704;-0.3135;0.40736;-0.82283;1.4796;0.085464;-0.27396;0.87336;0.67489;-0.63947;1.8667;-0.35929;0.66866;-1.196;0.099211;0.36868;-0.85784;-0.58188;1.2598;-0.67084;1.2225;-0.4673;-0.010205;0.10133;-1.4415;0.20567;-0.57925;0.54037;599.65;1193.8
14;4.9309;8.6312;333.45;-16.376;0.018674;0.21257;-3.3666;-2.4517;-7.0192;0.0018628;1.0001;0.80672;0.56259;-1.8676;0.34476;-0.77051;-0.6873;1.1434;0.25487;-0.67624;-1.4397;-0.24063;-0.48981;0.5006;-0.75201;0.69841;-0.54448;-0.72336;-0.0005092;-1.1772;-1.0198;-0.45924;-0.30419;-0.63545;0.43673;-0.29917;-0.15565;0.8277;1.7029;-0.19119;1.1501;1.6031;-0.91158;0.44411;-0.34118;1.124;1.2541;1.3767;-1.4731;0.93092;0.0024546;2.4192;0.31954;1.4698;-0.62056;0.28908;1.774;1.7899;0.59972;-0.099593;-0.57286;0.11014;-1.2397;0.5634;-0.74547;-0.66571;-0.047799;0.26406;-2.1417;0.43082;0.47473;-0.71005;-0.5716;-1.2796;0.21206;-0.73925;0.44046;-1.0503;-1.9038;-1.4266;0.17809;0.22638;0.2973;1.6992;-0.57292;-1.2033;-0.0052314;0.80038;-0.65383;-0.74581;-0.70616;1.5554;0.27982;-0.53449;0.84672;-1.3268;0.19415;0.33778;-0.30079;0.94686;-1.2619;-1.7973;-0.78425;1.0548;-0.92929;-2.3581;0.81488;-2.2;-1.6219;-1.2485;-0.93623;0.28234;0.1576;0.55227;-0.54339;2.1254;-0.44158;1.4766;171.04;333.45
15;7.4617;6.0895;0.40448;11.579;3.9261;0.019372;1.3085;5.5135;-7.3002;0.00027685;1.0666;0.44016;3.1795;-0.22327;0.52367;-1.8978;1.9203;-0.31272;1.2342;0.29318;2.7603;-0.40329;-0.34486;-1.0745;0.18811;-0.10537;-0.73107;0.39996;-0.22132;0.66131;0.51836;0.48739;0.23193;-0.29735;0.7273;-0.45657;0.68522;0.37462;1.0287;0.31631;-0.76343;1.3886;0.68107;-1.5595;0.6038;-0.026479;0.89273;1.2513;0.17657;2.4784;-1.1327;-1.6927;-0.10887;2.3211;0.12448;0.36486;2.2028;1.5275;-0.63496;-0.18278;1.2748;0.18867;-1.1012;2.1709;-0.44392;0.5225;-1.6562;1.361;-0.20872;-1.3057;0.92429;-0.41116;0.10317;-0.86974;-1.6018;-1.114;-0.43107;1.2249;0.66629;0.027685;-1.0668;-0.25884;0.98484;0.29041;-1.6853;-0.32307;0.54106;-0.56914;1.7232;1.6369;-0.10377;0.36868;2.0573;1.7921;-1.4362;0.84369;-1.5115;-0.578;-0.12284;1.0469;0.89179;0.7365;-0.029864;1.1656;-0.6891;0.35191;-0.63071;-1.9277;0.66683;-0.40308;-0.61103;0.57123;0.74586;0.48334;1.321;-0.14456;-0.48724;0.91343;3.247;0.40448
normalized population
1;4.4283;-1.7549;-9377.2;-6.1765;0.84554;-221.72;8.1473;0.51314;0.51312;-282.4;0.29011;-0.22477;-1.0436;-0.060881;1.2613;-0.53587;-0.2651;-0.70426;0.07449;-0.73705;0.883;-0.85515;-1.2331;0.96224;0.78858;-1.4593;-0.46429;-2.2822;1.2887;0.11769;0.091271;-1.6184;-0.75372;0.46501;-0.27922;0.06182;0.59775;-1.2983;0.095132;1.6627;-0.28773;-1.1521;0.8798;0.47853;-0.23752;0.42359;-0.18687;-0.41116;1.9004;-0.43484;1.255;1.9002;0.63574;-0.018697;1.2425;0.35395;-0.010563;-1.4571;-2.0106;0.15491;-2.2674;0.83678;1.9558;1.6382;-0.48151;1.2315;1.337;-1.785;-0.078951;0.008393;0.56539;0.15464;-1.2507;-0.51371;-0.89218;1.1945;-0.45412;-0.037144;0.24757;0.94599;-0.69173;1.1243;1.8486;0.67171;-0.28004;1.4295;-0.54046;-0.11597;1.1862;-0.57704;-0.59658;-0.62565;-0.59922;-0.10107;-0.25558;-0.27508;0.72594;-0.21563;-0.25885;0.2331;2.162;1.6052;0.22372;0.66952;1.4145;-0.89762;0.22645;-1.6056;-0.28331;-1.1589;-1.8742;-0.73488;-0.95104;-0.083997;-0.93735;0.55967;-0.64153;0.27298;-4689.5;-9377.2
2;1.5042;-2.2319;-9377.2;0.044071;1.1519;-224.36;3.6698;-3.5597;2.1115;-280.08;0.22389;-0.42709;-1.3903;0.27763;2.2214;1.5734;-0.73821;1.1028;-1.6996;-0.70095;-0.20775;1.0484;0.68092;0.42032;-0.5795;-0.82206;0.34506;-0.054853;0.63017;0.16693;-0.1602;0.93096;-0.49705;-1.1024;-0.073966;-0.20078;-1.1006;-1.0468;-0.83658;0.1664;-0.65247;-0.86813;0.33939;-1.872;0.30897;0.1978;0.20309;0.85726;0.30233;0.71948;1.1763;-0.49145;-0.20522;0.67159;0.32283;0.94552;-0.38946;0.40956;-0.38398;1.0163;0.27273;-1.0079;-0.51435;0.53606;1.2819;0.19495;-0.12014;-0.74914;1.8928;1.2447;-0.73553;-1.7722;0.12958;-1.9588;-0.5774;0.50911;2.572;0.64585;0.96452;-1.9897;-0.2287;1.412;-0.89802;2.3259;-1.1477;0.92136;0.091365;0.39042;0.90183;-0.52249;0.10897;-0.9459;-0.46;0.51354;-0.29135;1.5286;0.17567;-1.2108;1.547;-0.092426;-0.86542;-0.81345;-1.5518;-0.5863;-0.42154;0.1987;1.623;0.77608;-1.0955;1.4981;0.42514;-0.26558;-0.63045;-0.17483;1.0351;-0.60924;1.2554;-0.77486;-4689.7;-9377.2
3;-1.1446;4.3877;-9377.2;3.1211;-1.2616;-224.52;-1.4154;1.706;4.3715;-282.41;-0.33447;0.20817;1.3179;0.47801;-1.1823;0.55536;1.4297;-1.0731;1.2541;0.22076;1.2631;-0.98091;0.056067;-0.40348;0.21503;-0.43801;-0.49758;0.84317;-1.4701;-0.91326;-1.768;0.2141;1.3938;-0.57247;-0.91111;-0.36486;-0.029262;1.142;0.66417;0.81712;-0.55015;0.10523;0.069901;0.1946;1.2198;-0.7234;0.39406;0.020686;1.2574;1.0931;0.38032;-1.4996;0.14824;1.0032;0.034422;1.0384;-0.86439;-0.35946;-0.54493;-0.076544;1.2191;2.1949;0.51636;0.2758;1.7143;-0.085812;-0.64806;0.09964;-0.070839;-0.60849;-1.1136;0.13658;0.21592;-0.50381;0.38041;1.6771;-0.56659;0.23973;-0.53944;0.92569;-0.16025;-1.0016;0.72143;-0.14051;0.93236;-0.46223;-0.24939;0.073346;-1.8587;-0.41103;1.0559;-0.44206;-0.63454;-0.76707;-0.55278;0.5551;-1.2501;0.99247;1.0158;1.9369;0.32682;-0.059381;-1.1762;0.98198;-0.44154;0.45618;0.6687;1.7781;0.64265;1.4226;0.65498;-0.92617;-0.60179;1.4974;-1.8544;-0.66047;-0.61418;-0.90484;-4686.4;-9377.2
4;-2.655;1.5877;-9377.2;-6.1034;1.3954;-224.53;7.7678;-1.6422;9.0427;-278.16;-0.24251;0.51375;-1.3881;-0.76721;-0.80478;-1.1207;0.83534;-1.0745;0.32278;1.6625;-0.5195;0.5139;-0.78417;0.51658;-0.63536;1.4529;-1.2;0.99389;-0.22959;-0.26123;-0.78602;1.3239;-1.1529;1.3888;-1.9449;-1.0526;-2.2066;-2.2508;-0.66059;-1.0085;0.5084;-1.0915;0.9007;1.8863;-1.0796;-0.81504;0.63527;0.25925;-0.63107;-0.55897;-0.95196;-0.3158;-0.46482;-0.6712;-2.5013;-0.68507;0.80721;0.34751;-1.6176;0.53449;0.072133;-1.4429;0.087817;0.38416;0.060379;0.45782;-0.30322;0.60073;1.9678;-1.1596;-0.31227;-0.40905;1.0059;-0.79596;-0.74938;0.080191;0.87522;0.2542;0.71833;-0.44307;-0.2132;0.39213;-1.8458;-0.86519;1.3813;0.43593;0.38086;-0.007047;-0.68987;0.65661;0.8148;-0.47373;-0.57024;0.2148;-1.2153;0.65037;-0.18881;0.37265;-1.5238;-1.1023;-0.26435;1.2325;0.62794;-2.1418;-0.90062;-0.056661;1.5298;0.29075;-0.54052;1.0331;0.78508;-0.71931;1.7477;0.13879;1.042;0.78722;1.2563;-0.19038;-4687.8;-9377.2
5;4.6247;-0.57768;-9377.2;-4.8831;-1.2209;-224.53;-7.5499;1.5823;-1.8853;-281.31;-0.067363;0.033477;0.068578;0.50384;0.080318;1.083;-0.72185;0.39154;-0.48084;0.16214;-1.0337;-2.2979;-0.13252;1.035;2.0267;-1.0414;-0.45051;0.44275;0.64792;0.92731;-0.93541;-0.91382;0.44641;0.56762;-2.1893;-0.0271;-0.44927;0.18713;-1.24;-0.43396;-1.0478;-0.57657;-0.34446;-1.8256;-0.46612;-0.55866;-0.5183;0.36691;1.7415;-0.63885;-1.5315;-0.2907;-0.64163;-0.88226;0.4126;1.2754;-0.07504;-1.3391;0.72893;0.90042;1.6015;-0.64139;-0.25464;-0.86217;-0.56587;-1.2082;0.78252;-0.32261;-1.6836;1.8342;-0.40136;1.3191;0.99654;0.015081;1.1375;1.2256;-0.7429;-1.587;0.58177;0.54023;0.13605;-1.2487;1.4025;-0.22356;0.88829;-1.6029;-1.7343;0.50326;-0.54978;-0.55207;-0.51105;0.90815;-1.3043;-0.086047;0.085454;-0.85636;1.8901;0.35549;-0.17479;-0.22519;-0.39219;-0.78763;-0.4141;-0.394;-0.19239;0.35748;-0.83607;1.6314;-1.3241;-1.5056;1.4067;1.3912;-1.017;-1.2011;-0.23249;-0.48092;-0.27981;-1.9294;-4688.9;-9377.2
6;5.0915;6.8364;1.2959E+05;22.024;-0.32813;-224.5;1.9305;1.1064;4.6331;-282.41;-0.14108;0.25776;-0.57111;-0.5045;-0.79764;-0.6539;-1.4289;-1.8271;-0.068826;-2.1658;0.21852;-0.63482;-0.9029;0.17013;-1.2107;-1.6664;2.6918;-0.66524;0.10694;0.60411;0.63279;-1.2985;-0.016425;-1.3303;0.065257;-0.65829;0.76081;0.055708;-0.58892;-0.56467;0.23761;1.8108;0.27262;1.5801;-0.83731;-0.32859;-0.54436;-0.93815;-0.94385;1.7681;-0.48873;1.1338;-0.94159;-0.24;0.58396;-0.33005;0.2782;0.098236;1.3125;-0.46316;-1.6553;-0.2442;0.85162;1.2703;-0.36574;-0.46779;-1.6048;-0.072162;-0.70717;0.72089;-0.12338;-0.20701;-0.90374;1.1753;0.76279;-1.6531;0.91205;0.82353;1.6369;-2.0059;0.78634;-1.2327;-1.9999;-1.6287;0.083394;2.0221;0.9847;-0.55015;0.13741;0.67754;-0.54603;0.49025;-0.67309;-0.18484;-1.0127;0.89606;-0.80639;0.3694;-0.071247;0.11325;1.2869;-0.1184;0.43806;0.62212;0.53466;0.16937;1.4063;0.49426;-1.1105;-0.23612;-0.55832;0.68925;0.13309;0.56;0.42809;-2.642;-0.6805;0.72973;64797;1.2959E+05
7;-3.535;-3.4206;-9377.2;2.8616;-1.06;3132.9;6.0952;-5.0628;-6.636;3722.8;0.098032;0.11878;-0.77085;-0.48752;-0.5224;-0.76241;1.4623;-0.10956;0.18942;1.2615;-2.1582;-0.39357;0.5192;-0.1034;-1.43;0.8448;-0.94381;1.0948;-0.2362;-0.83314;0.10948;0.96017;-1.028;0.58767;1.2885;1.1037;0.27402;0.36213;0.86063;-1.0495;-0.27898;-1.6942;-1.4951;0.57984;0.32944;-1.6197;-0.055287;0.016363;-0.83662;-0.18197;2.2542;-0.10519;-0.12061;-1.3716;1.1642;-0.60656;0.4094;0.30513;-0.36695;0.25005;0.84138;1.1341;-0.99567;-0.89109;-1.4121;-2.8423;0.97973;-0.16847;1.2751;-0.59317;-0.91315;-0.33627;1.7801;2.2173;-0.26391;-0.6939;-0.94408;-1.3008;0.84044;2.9604;-0.14749;-0.13012;-0.082885;0.87552;-0.42912;-0.54967;-0.96455;-0.8493;0.35113;-0.58193;1.8928;-0.88768;1.1551;-0.70023;1.7583;0.59621;-1.3062;0.72117;-0.75454;-0.37529;-0.66675;1.1884;2.3424;-2.2199;1.2491;1.0409;1.1796;0.4072;0.27409;0.33733;0.37451;0.3992;0.23555;1.2871;0.77574;0.63593;0.82055;1.3924;-4690.3;-9377.2
8;-0.47278;7.4646;-9376.9;4.9712;2.1516;-219.06;-1.9215;-0.62087;0.96044;-282.41;0.16349;0.12019;0.95324;0.43973;0.073901;-1.2388;0.44499;0.56862;0.28439;-0.90961;0.26453;-0.011843;1.0833;-0.71346;0.56041;0.48306;-0.0244;2.1533;-0.60719;0.66796;0.27977;0.48389;0.31323;-0.9105;-0.34591;-0.29249;1.208;0.74527;-1.4399;-0.26093;1.7454;-1.5872;0.1437;-0.12968;-0.24726;-1.9253;-0.4102;0.21779;-1.71;-0.42687;0.25656;-0.37196;-0.5961;0.22601;0.91172;-2.6637;0.60721;-0.95277;-0.52688;1.1855;-0.71097;1.7924;0.15244;-0.42437;1.1369;-0.11223;1.1503;-0.90954;-0.32577;-1.2475;-0.77809;0.6849;0.38833;-0.064639;0.94182;0.50806;0.75608;-0.93324;-0.2234;0.25353;-0.97307;0.34591;-0.46542;0.026237;0.00048147;0.90669;0.62751;0.24986;-0.73166;0.14095;0.20428;0.57731;1.6479;0.01301;0.64175;-1.0108;0.10246;-0.29639;-3.1348;0.33747;-0.53786;-0.36515;0.21095;1.4977;-0.078139;1.8175;-1.6225;0.97717;-0.73803;-0.50554;-0.77117;-0.080804;-1.1723;-0.84644;1.0263;-0.32682;0.29609;-1.5974;-4684.7;-9376.9
9;-4.4545;-0.46965;-9361.5;-4.9052;-1.5622;-223.88;-7.6198;1.1868;2.67;-81.849;0.16115;-0.4499;1.2328;1.0199;-0.13419;-0.66635;0.41722;1.0031;-1.3226;-1.4493;0.41681;1.2871;0.023842;-1.1882;1.6493;0.86171;-0.7226;-0.79107;0.35644;0.48095;0.96549;-0.25572;-0.21128;0.93217;0.9782;0.84007;-0.34017;1.0807;2.2737;0.94408;-0.75905;-0.16445;-0.32691;-0.49963;-0.78986;0.87898;0.073187;-0.21875;-0.73693;0.16078;-0.44328;0.57078;1.3351;-1.5628;-0.11595;-1.6281;0.69044;-0.014859;0.77441;0.052178;0.59912;-0.50783;0.099566;-2.3919;0.77969;0.31535;0.059319;0.92483;-0.89179;-0.33981;-0.5589;0.62552;1.2091;0.80863;-0.14508;0.52794;0.63392;0.96236;-0.66576;0.53299;2.1089;-1.2214;-1.3754;-1.6593;0.78357;-0.54559;0.36521;-0.3343;0.61689;-0.056088;0.63307;0.96627;-0.84465;0.37575;0.52716;-2.3443;-1.0913;-0.47007;1.0106;0.84148;-1.1136;1.3408;-1.5502;0.069134;0.28439;-1.3573;-0.31017;-1.1203;1.8631;0.24492;-0.022754;1.0761;-0.71923;-0.21585;-1.5077;-0.34307;1.0235;-0.33061;-4681;-9361.5
10;0.047801;-3.8522;-9365.2;1.3152;0.10069;-223.52;-10.252;-0.72211;1.7051;-265.8;-0.16083;-0.25169;-1.3182;1.07;0.022111;0.31674;-0.28124;0.0075814;0.66134;-0.01995;0.45248;-2.1085;0.43871;0.12327;-1.1332;-0.38072;0.52613;-0.0067015;0.50604;1.28;0.52413;0.1519;1.1764;0.62021;0.46513;-0.050666;0.63264;0.10868;-1.149;-0.3544;0.78496;1.7561;-0.027786;1.0784;-0.1058;1.374;-0.99846;0.37067;-0.082848;-0.91291;0.5808;-0.50996;0.16455;-2.1993;-0.79228;0.43024;-1.6744;-1.0941;-1.13;-0.33569;-0.11679;-1.2427;0.15299;-0.066739;0.97101;-0.75408;-1.0941;-0.24162;-1.9199;-1.8578;0.24968;1.5302;-1.4927;-1.604;-1.3384;-1.255;-2.4474;-1.0401;-1.1006;1.1021;1.8859;-0.8323;0.47141;0.070815;0.39286;-0.78055;0.92684;-0.11912;-1.4739;-0.35703;0.36389;-1.8924;-0.97946;0.3541;0.35152;-0.91302;0.81027;-1.1411;-0.50525;-0.82609;1.0124;-0.82733;0.71556;-0.60194;0.67811;-0.23544;-1.0318;-0.57336;1.7384;-0.92969;0.32247;-0.53787;-0.65396;-0.85489;-0.35764;1.0725;-0.20234;-0.60369;-4684.5;-9365.2
11;-1.008;1.8113;-9265.8;-12.795;1.3143;-224.53;0.50596;4.2877;-7.9242;-282.4;-0.040064;0.056691;2.4272;1.3091;0.15761;2.7136;-0.11995;0.63625;-0.25504;1.1187;-0.32973;1.03;1.0887;-0.30725;0.88704;1.3563;-0.46818;-1.2814;0.1729;-0.51633;0.72299;-0.51432;0.29315;-0.27409;1.1723;0.24262;1.0802;0.013835;-0.901;0.40539;-0.3511;0.23839;-0.94055;0.84172;0.43411;0.51858;-0.47861;-1.6112;1.0749;-1.8726;-1.0096;0.13887;0.59822;0.48851;-0.61863;1.9023;-1.8237;0.8748;2.4797;0.3314;-0.29188;-1.8596;-0.044904;-1.0902;-0.20956;1.1553;1.1777;-0.078466;1.0735;-0.85758;0.095619;-0.76128;-0.85497;2.2716;-0.69873;1.1386;0.29611;0.27293;-0.42286;-1.6146;-1.0599;1.2391;1.1832;-0.13788;-1.4439;-1.5542;0.07443;0.45726;2.694;-0.16599;-0.80272;-0.60786;-0.31601;0.17598;0.53954;0.32433;0.57686;-0.57292;0.20741;-1.5438;-0.025004;-1.0536;-0.27414;1.3011;1.2781;-0.45829;-0.52762;-0.7182;-0.93241;0.61931;-1.5919;-1.6305;1.321;-1.0662;0.90874;0.58037;0.36438;-0.16708;-4632;-9265.8
12;-2.4856;-3.5127;-9351.2;16.886;2.1457;-224.53;-0.60759;4.7494;1.5242;-276.48;-0.022222;-0.356;0.89573;-0.68503;-0.43149;0.11202;-1.1987;0.56748;0.27632;0.81904;-0.85801;1.611;0.47315;-0.39065;-0.47919;0.16646;0.20315;-0.66713;-0.78338;-1.3326;0.17252;0.36374;-0.35249;1.7978;1.3505;0.33757;-0.47044;0.23755;-0.46903;-0.086626;0.39209;1.3547;-0.93624;-1.208;0.84991;1.2146;0.60465;-1.5791;0.28463;-0.38534;0.26703;1.0207;-0.2935;-0.06509;0.076436;0.43978;-0.98183;-0.73012;0.59037;-0.51113;-0.3362;-0.025942;0.24507;-0.11408;-1.7863;1.3407;0.20908;0.93409;-0.12188;2.1406;1.9474;-1.9298;-1.1747;0.6502;0.52901;0.023124;0.35638;-0.41145;-0.24439;-0.96319;-0.30904;0.54439;-0.66705;-1.8454;0.99593;0.77123;0.19708;-0.14576;0.15014;-0.51781;-1.3457;1.328;-0.10578;0.54548;-1.7373;1.0647;1.0867;-0.1919;1.2435;0.50491;-0.88017;-0.50071;-0.04722;-1.0087;-1.6003;-0.053245;-1.3874;0.58286;0.78996;0.095525;0.38868;1.5923;1.9489;-0.92366;-0.037043;0.57938;-0.78337;0.80657;-4677.3;-9351.2
13;-3.0107;-3.3539;-8183.4;-5.4753;-2.0388;-224.44;2.5038;-7.5294;1.1038;-282.32;-0.083326;0.059159;-1.3709;-0.929;0.22974;1.0294;-0.70433;0.049995;-0.0067101;1.6735;0.013966;1.7998;0.35578;0.55503;-0.56098;0.020169;1.3189;0.29881;-0.13428;0.16695;0.52437;0.6084;0.18661;-1.1448;-0.63686;0.45785;-0.69197;0.00968;0.51079;-0.98443;-0.14977;-0.42575;1.2715;0.045964;0.10269;0.58852;-0.57698;0.20642;-0.95738;-0.72565;-0.19421;-0.47056;-0.68235;1.057;-0.23691;-1.1745;-1.099;1.4174;1.3219;-1.9029;0.41185;0.90829;0.022863;-0.69405;-0.5472;1.1054;-0.64324;0.10274;1.5547;1.697;0.48005;1.5791;0.25273;0.58295;1.3972;-2.1246;-0.69765;1.7701;-0.86632;0.92002;-0.48579;0.10191;0.90064;0.68667;-0.29337;0.073023;0.67856;0.87449;-1.8591;1.2008;0.044119;-0.31526;0.72063;-1.0856;1.57;0.14608;0.014687;1.0915;1.0575;-1.0249;1.3536;-0.16636;0.86883;-0.93378;0.0041732;0.58732;-0.93936;0.014515;1.3969;-0.20173;1.4843;-0.68037;-0.18806;0.35021;-1.3167;-0.24072;-0.68139;0.66242;-4093.4;-8183.4
14;0.26942;-0.18614;-9043.8;-19.42;-2.7704;-224.31;-2.9644;-1.9799;-5.9545;-282.41;0.044359;0.35402;-0.82963;-1.6542;-0.17624;-0.63907;-0.86945;0.95861;-0.10422;-0.95249;-1.3027;0.077561;-0.90599;0.44947;-0.51913;0.71317;-0.063502;-0.60073;-0.013763;-1.1969;-0.95567;-0.69151;-0.16696;-0.68142;0.38536;-0.11974;-0.052925;0.55315;1.7775;0.11994;1.161;1.2546;-0.69963;0.42648;-0.21323;0.96256;1.1101;1.2842;-1.156;0.42453;-0.20788;1.7014;0.74622;1.3566;-0.6143;0.31326;1.8486;1.3786;0.30395;-0.52631;-0.74356;0.013761;-1.2068;0.41132;-0.43875;-0.75947;0.16313;0.28402;-1.9485;0.37735;0.57433;-0.45663;-0.48809;-1.345;0.66513;-0.39148;0.16123;-0.96704;-1.7484;-1.3094;0.29846;0.49611;0.059559;1.6263;-0.37581;-0.97249;-0.69207;0.47126;-0.62583;-0.65855;-0.95908;1.5536;0.59309;-0.79722;0.93708;-1.2662;0.4828;0.55595;0.08183;0.56141;-1.775;-1.6043;-0.58408;1.3171;-1.0243;-2.1395;0.73336;-1.6036;-1.4848;-0.77936;-0.67437;0.069276;-0.020258;0.80115;-0.41854;1.679;-0.54372;1.5987;-4522;-9043.8
15;2.8002;-2.7279;-9376.8;8.5349;1.137;-224.51;1.7107;5.9853;-6.2355;-282.41;0.11083;-0.012543;1.7873;-0.0098938;0.0026651;-1.7664;1.7382;-0.49756;0.87507;0.016933;2.8972;-0.085104;-0.76104;-1.1256;0.421;-0.090615;-0.25009;0.52259;-0.23457;0.64155;0.58254;0.25512;0.36916;-0.34332;0.67594;-0.27714;0.78794;0.10007;1.1032;0.62744;-0.7525;1.0401;0.89302;-1.5771;0.73175;-0.18793;0.74873;1.1588;0.49366;1.972;-1.3431;-2.4106;0.31781;2.208;0.13074;0.38904;2.2773;1.1162;-0.93073;-0.60949;1.1041;0.092286;-1.0682;2.0189;-0.13719;0.42874;-1.4452;1.381;-0.015542;-1.3592;1.0239;-0.15774;0.18667;-0.93512;-1.1487;-0.76619;-0.71029;1.3081;0.82167;0.14488;-0.9464;0.010896;0.7471;0.21747;-1.4882;-0.092289;-0.14578;-0.89825;1.7512;1.7242;-0.35669;0.36691;2.3706;1.5294;-1.3458;0.90431;-1.2228;-0.35983;0.25978;0.66144;0.37869;0.92943;0.17031;1.4278;-0.78414;0.57055;-0.71222;-1.3313;0.80395;0.066035;-0.34917;0.35816;0.56801;0.73222;1.4458;-0.59095;-0.58938;1.0355;-4689.8;-9376.8
PARTICULAR
id;2
