TITLE;4 random variables, variable gain
FOCUS ON;Comparison by gain
EXPERIMENT TYPE;FewRandomVariablesVaryingGain
RESULTS
PARTICULAR
parameters
result 1
normalization;Center
pcaRecompositionThreshold;0.95
component;1;2
type;RandomWeibull;RandomWeibull
p1;1;1
p2;1;1
result 2
normalization;Center
pcaRecompositionThreshold;0.95
component;1;2
type;RandomWeibull;RandomWeibull
p1;1;0.7937005259841
p2;1;1
result 3
normalization;Center
pcaRecompositionThreshold;0.95
component;1;2
type;RandomWeibull;RandomWeibull
p1;1;0.629960524947436
p2;1;1
result 4
normalization;Center
pcaRecompositionThreshold;0.95
component;1;2
type;RandomWeibull;RandomWeibull
p1;1;0.5
p2;1;1
result 5
normalization;Center
pcaRecompositionThreshold;0.95
component;1;2
type;RandomWeibull;RandomWeibull
p1;1;0.39685026299205
p2;1;1
result 6
normalization;Center
pcaRecompositionThreshold;0.95
component;1;2
type;RandomWeibull;RandomWeibull
p1;1;0.314980262473718
p2;1;1
result 7
normalization;Center
pcaRecompositionThreshold;0.95
component;1;2
type;RandomWeibull;RandomWeibull
p1;1;0.25
p2;1;1
result 8
normalization;Center
pcaRecompositionThreshold;0.95
component;1;2
type;RandomWeibull;RandomWeibull
p1;1;0.198425131496025
p2;1;1
result 9
normalization;Center
pcaRecompositionThreshold;0.95
component;1;2
type;RandomWeibull;RandomWeibull
p1;1;0.157490131236859
p2;1;1
result 10
normalization;Center
pcaRecompositionThreshold;0.95
component;1;2
type;RandomWeibull;RandomWeibull
p1;1;0.125
p2;1;1
result 11
normalization;Center
pcaRecompositionThreshold;0.95
component;1;2
type;RandomWeibull;RandomWeibull
p1;1;0.0992125657480125
p2;1;1
result 12
normalization;Center
pcaRecompositionThreshold;0.95
component;1;2
type;RandomWeibull;RandomWeibull
p1;1;0.0787450656184296
p2;1;1
result 13
normalization;Center
pcaRecompositionThreshold;0.95
component;1;2
type;RandomWeibull;RandomWeibull
p1;1;0.0625
p2;1;1
result 14
normalization;Center
pcaRecompositionThreshold;0.95
component;1;2
type;RandomWeibull;RandomWeibull
p1;1;0.0496062828740062
p2;1;1
result 15
normalization;Center
pcaRecompositionThreshold;0.95
component;1;2
type;RandomWeibull;RandomWeibull
p1;1;0.0393725328092148
p2;1;1
result 16
normalization;Center
pcaRecompositionThreshold;0.95
component;1;2
type;RandomWeibull;RandomWeibull
p1;1;0.03125
p2;1;1
result 17
normalization;Center
pcaRecompositionThreshold;0.95
component;1;2
type;RandomWeibull;RandomWeibull
p1;1;0.0248031414370031
p2;1;1
result 18
normalization;Center
pcaRecompositionThreshold;0.95
component;1;2
type;RandomWeibull;RandomWeibull
p1;1;0.0196862664046074
p2;1;1
result 19
normalization;Center
pcaRecompositionThreshold;0.95
component;1;2
type;RandomWeibull;RandomWeibull
p1;1;0.015625
p2;1;1
result 20
normalization;Center
pcaRecompositionThreshold;0.95
component;1;2
type;RandomWeibull;RandomWeibull
p1;1;0.0124015707185016
p2;1;1
result 21
normalization;Center
pcaRecompositionThreshold;0.95
component;1;2
type;RandomWeibull;RandomWeibull
p1;1;0.0098431332023037
p2;1;1
result 22
normalization;Center
pcaRecompositionThreshold;0.95
component;1;2
type;RandomWeibull;RandomWeibull
p1;1;0.0078125
p2;1;1
result 23
normalization;Center
pcaRecompositionThreshold;0.95
component;1;2
type;RandomWeibull;RandomWeibull
p1;1;1
p2;1;1
result 24
normalization;Center
pcaRecompositionThreshold;0.95
component;1;2
type;RandomWeibull;RandomWeibull
p1;1;0.7937005259841
p2;1;1
result 25
normalization;Center
pcaRecompositionThreshold;0.95
component;1;2
type;RandomWeibull;RandomWeibull
p1;1;0.629960524947436
p2;1;1
result 26
normalization;Center
pcaRecompositionThreshold;0.95
component;1;2
type;RandomWeibull;RandomWeibull
p1;1;0.5
p2;1;1
result 27
normalization;Center
pcaRecompositionThreshold;0.95
component;1;2
type;RandomWeibull;RandomWeibull
p1;1;0.39685026299205
p2;1;1
result 28
normalization;Center
pcaRecompositionThreshold;0.95
component;1;2
type;RandomWeibull;RandomWeibull
p1;1;0.314980262473718
p2;1;1
result 29
normalization;Center
pcaRecompositionThreshold;0.95
component;1;2
type;RandomWeibull;RandomWeibull
p1;1;0.25
p2;1;1
result 30
normalization;Center
pcaRecompositionThreshold;0.95
component;1;2
type;RandomWeibull;RandomWeibull
p1;1;0.198425131496025
p2;1;1
result 31
normalization;Center
pcaRecompositionThreshold;0.95
component;1;2
type;RandomWeibull;RandomWeibull
p1;1;0.157490131236859
p2;1;1
result 32
normalization;Center
pcaRecompositionThreshold;0.95
component;1;2
type;RandomWeibull;RandomWeibull
p1;1;0.125
p2;1;1
result 33
normalization;Center
pcaRecompositionThreshold;0.95
component;1;2
type;RandomWeibull;RandomWeibull
p1;1;0.0992125657480125
p2;1;1
result 34
normalization;Center
pcaRecompositionThreshold;0.95
component;1;2
type;RandomWeibull;RandomWeibull
p1;1;0.0787450656184296
p2;1;1
result 35
normalization;Center
pcaRecompositionThreshold;0.95
component;1;2
type;RandomWeibull;RandomWeibull
p1;1;0.0625
p2;1;1
result 36
normalization;Center
pcaRecompositionThreshold;0.95
component;1;2
type;RandomWeibull;RandomWeibull
p1;1;0.0496062828740062
p2;1;1
result 37
normalization;Center
pcaRecompositionThreshold;0.95
component;1;2
type;RandomWeibull;RandomWeibull
p1;1;0.0393725328092148
p2;1;1
result 38
normalization;Center
pcaRecompositionThreshold;0.95
component;1;2
type;RandomWeibull;RandomWeibull
p1;1;0.03125
p2;1;1
result 39
normalization;Center
pcaRecompositionThreshold;0.95
component;1;2
type;RandomWeibull;RandomWeibull
p1;1;0.0248031414370031
p2;1;1
result 40
normalization;Center
pcaRecompositionThreshold;0.95
component;1;2
type;RandomWeibull;RandomWeibull
p1;1;0.0196862664046074
p2;1;1
result 41
normalization;Center
pcaRecompositionThreshold;0.95
component;1;2
type;RandomWeibull;RandomWeibull
p1;1;0.015625
p2;1;1
result 42
normalization;Center
pcaRecompositionThreshold;0.95
component;1;2
type;RandomWeibull;RandomWeibull
p1;1;0.0124015707185016
p2;1;1
result 43
normalization;Center
pcaRecompositionThreshold;0.95
component;1;2
type;RandomWeibull;RandomWeibull
p1;1;0.0098431332023037
p2;1;1
result 44
normalization;Center
pcaRecompositionThreshold;0.95
component;1;2
type;RandomWeibull;RandomWeibull
p1;1;0.0078125
p2;1;1
result 45
normalization;Center
pcaRecompositionThreshold;0.95
component;1;2
type;RandomWeibull;RandomWeibull
p1;1;1
p2;1;1
result 46
normalization;Center
pcaRecompositionThreshold;0.95
component;1;2
type;RandomWeibull;RandomWeibull
p1;1;0.7937005259841
p2;1;1
result 47
normalization;Center
pcaRecompositionThreshold;0.95
component;1;2
type;RandomWeibull;RandomWeibull
p1;1;0.629960524947436
p2;1;1
result 48
normalization;Center
pcaRecompositionThreshold;0.95
component;1;2
type;RandomWeibull;RandomWeibull
p1;1;0.5
p2;1;1
result 49
normalization;Center
pcaRecompositionThreshold;0.95
component;1;2
type;RandomWeibull;RandomWeibull
p1;1;0.39685026299205
p2;1;1
result 50
normalization;Center
pcaRecompositionThreshold;0.95
component;1;2
type;RandomWeibull;RandomWeibull
p1;1;0.314980262473718
p2;1;1
result 51
normalization;Center
pcaRecompositionThreshold;0.95
component;1;2
type;RandomWeibull;RandomWeibull
p1;1;0.25
p2;1;1
result 52
normalization;Center
pcaRecompositionThreshold;0.95
component;1;2
type;RandomWeibull;RandomWeibull
p1;1;0.198425131496025
p2;1;1
result 53
normalization;Center
pcaRecompositionThreshold;0.95
component;1;2
type;RandomWeibull;RandomWeibull
p1;1;0.157490131236859
p2;1;1
result 54
normalization;Center
pcaRecompositionThreshold;0.95
component;1;2
type;RandomWeibull;RandomWeibull
p1;1;0.125
p2;1;1
result 55
normalization;Center
pcaRecompositionThreshold;0.95
component;1;2
type;RandomWeibull;RandomWeibull
p1;1;0.0992125657480125
p2;1;1
result 56
normalization;Center
pcaRecompositionThreshold;0.95
component;1;2
type;RandomWeibull;RandomWeibull
p1;1;0.0787450656184296
p2;1;1
result 57
normalization;Center
pcaRecompositionThreshold;0.95
component;1;2
type;RandomWeibull;RandomWeibull
p1;1;0.0625
p2;1;1
result 58
normalization;Center
pcaRecompositionThreshold;0.95
component;1;2
type;RandomWeibull;RandomWeibull
p1;1;0.0496062828740062
p2;1;1
result 59
normalization;Center
pcaRecompositionThreshold;0.95
component;1;2
type;RandomWeibull;RandomWeibull
p1;1;0.0393725328092148
p2;1;1
result 60
normalization;Center
pcaRecompositionThreshold;0.95
component;1;2
type;RandomWeibull;RandomWeibull
p1;1;0.03125
p2;1;1
result 61
normalization;Center
pcaRecompositionThreshold;0.95
component;1;2
type;RandomWeibull;RandomWeibull
p1;1;0.0248031414370031
p2;1;1
result 62
normalization;Center
pcaRecompositionThreshold;0.95
component;1;2
type;RandomWeibull;RandomWeibull
p1;1;0.0196862664046074
p2;1;1
result 63
normalization;Center
pcaRecompositionThreshold;0.95
component;1;2
type;RandomWeibull;RandomWeibull
p1;1;0.015625
p2;1;1
result 64
normalization;Center
pcaRecompositionThreshold;0.95
component;1;2
type;RandomWeibull;RandomWeibull
p1;1;0.0124015707185016
p2;1;1
result 65
normalization;Center
pcaRecompositionThreshold;0.95
component;1;2
type;RandomWeibull;RandomWeibull
p1;1;0.0098431332023037
p2;1;1
result 66
normalization;Center
pcaRecompositionThreshold;0.95
component;1;2
type;RandomWeibull;RandomWeibull
p1;1;0.0078125
p2;1;1
result 67
normalization;Center
pcaRecompositionThreshold;0.95
component;1;2
type;RandomWeibull;RandomWeibull
p1;1;1
p2;1;1
result 68
normalization;Center
pcaRecompositionThreshold;0.95
component;1;2
type;RandomWeibull;RandomWeibull
p1;1;0.7937005259841
p2;1;1
result 69
normalization;Center
pcaRecompositionThreshold;0.95
component;1;2
type;RandomWeibull;RandomWeibull
p1;1;0.629960524947436
p2;1;1
result 70
normalization;Center
pcaRecompositionThreshold;0.95
component;1;2
type;RandomWeibull;RandomWeibull
p1;1;0.5
p2;1;1
result 71
normalization;Center
pcaRecompositionThreshold;0.95
component;1;2
type;RandomWeibull;RandomWeibull
p1;1;0.39685026299205
p2;1;1
result 72
normalization;Center
pcaRecompositionThreshold;0.95
component;1;2
type;RandomWeibull;RandomWeibull
p1;1;0.314980262473718
p2;1;1
result 73
normalization;Center
pcaRecompositionThreshold;0.95
component;1;2
type;RandomWeibull;RandomWeibull
p1;1;0.25
p2;1;1
result 74
normalization;Center
pcaRecompositionThreshold;0.95
component;1;2
type;RandomWeibull;RandomWeibull
p1;1;0.198425131496025
p2;1;1
result 75
normalization;Center
pcaRecompositionThreshold;0.95
component;1;2
type;RandomWeibull;RandomWeibull
p1;1;0.157490131236859
p2;1;1
result 76
normalization;Center
pcaRecompositionThreshold;0.95
component;1;2
type;RandomWeibull;RandomWeibull
p1;1;0.125
p2;1;1
result 77
normalization;Center
pcaRecompositionThreshold;0.95
component;1;2
type;RandomWeibull;RandomWeibull
p1;1;0.0992125657480125
p2;1;1
result 78
normalization;Center
pcaRecompositionThreshold;0.95
component;1;2
type;RandomWeibull;RandomWeibull
p1;1;0.0787450656184296
p2;1;1
result 79
normalization;Center
pcaRecompositionThreshold;0.95
component;1;2
type;RandomWeibull;RandomWeibull
p1;1;0.0625
p2;1;1
result 80
normalization;Center
pcaRecompositionThreshold;0.95
component;1;2
type;RandomWeibull;RandomWeibull
p1;1;0.0496062828740062
p2;1;1
result 81
normalization;Center
pcaRecompositionThreshold;0.95
component;1;2
type;RandomWeibull;RandomWeibull
p1;1;0.0393725328092148
p2;1;1
result 82
normalization;Center
pcaRecompositionThreshold;0.95
component;1;2
type;RandomWeibull;RandomWeibull
p1;1;0.03125
p2;1;1
result 83
normalization;Center
pcaRecompositionThreshold;0.95
component;1;2
type;RandomWeibull;RandomWeibull
p1;1;0.0248031414370031
p2;1;1
result 84
normalization;Center
pcaRecompositionThreshold;0.95
component;1;2
type;RandomWeibull;RandomWeibull
p1;1;0.0196862664046074
p2;1;1
result 85
normalization;Center
pcaRecompositionThreshold;0.95
component;1;2
type;RandomWeibull;RandomWeibull
p1;1;0.015625
p2;1;1
result 86
normalization;Center
pcaRecompositionThreshold;0.95
component;1;2
type;RandomWeibull;RandomWeibull
p1;1;0.0124015707185016
p2;1;1
result 87
normalization;Center
pcaRecompositionThreshold;0.95
component;1;2
type;RandomWeibull;RandomWeibull
p1;1;0.0098431332023037
p2;1;1
result 88
normalization;Center
pcaRecompositionThreshold;0.95
component;1;2
type;RandomWeibull;RandomWeibull
p1;1;0.0078125
p2;1;1
result 89
normalization;Center
pcaRecompositionThreshold;0.95
component;1;2
type;RandomWeibull;RandomWeibull
p1;1;1
p2;1;1
result 90
normalization;Center
pcaRecompositionThreshold;0.95
component;1;2
type;RandomWeibull;RandomWeibull
p1;1;0.7937005259841
p2;1;1
result 91
normalization;Center
pcaRecompositionThreshold;0.95
component;1;2
type;RandomWeibull;RandomWeibull
p1;1;0.629960524947436
p2;1;1
result 92
normalization;Center
pcaRecompositionThreshold;0.95
component;1;2
type;RandomWeibull;RandomWeibull
p1;1;0.5
p2;1;1
result 93
normalization;Center
pcaRecompositionThreshold;0.95
component;1;2
type;RandomWeibull;RandomWeibull
p1;1;0.39685026299205
p2;1;1
result 94
normalization;Center
pcaRecompositionThreshold;0.95
component;1;2
type;RandomWeibull;RandomWeibull
p1;1;0.314980262473718
p2;1;1
result 95
normalization;Center
pcaRecompositionThreshold;0.95
component;1;2
type;RandomWeibull;RandomWeibull
p1;1;0.25
p2;1;1
result 96
normalization;Center
pcaRecompositionThreshold;0.95
component;1;2
type;RandomWeibull;RandomWeibull
p1;1;0.198425131496025
p2;1;1
result 97
normalization;Center
pcaRecompositionThreshold;0.95
component;1;2
type;RandomWeibull;RandomWeibull
p1;1;0.157490131236859
p2;1;1
result 98
normalization;Center
pcaRecompositionThreshold;0.95
component;1;2
type;RandomWeibull;RandomWeibull
p1;1;0.125
p2;1;1
result 99
normalization;Center
pcaRecompositionThreshold;0.95
component;1;2
type;RandomWeibull;RandomWeibull
p1;1;0.0992125657480125
p2;1;1
result 100
normalization;Center
pcaRecompositionThreshold;0.95
component;1;2
type;RandomWeibull;RandomWeibull
p1;1;0.0787450656184296
p2;1;1
result 101
normalization;Center
pcaRecompositionThreshold;0.95
component;1;2
type;RandomWeibull;RandomWeibull
p1;1;0.0625
p2;1;1
result 102
normalization;Center
pcaRecompositionThreshold;0.95
component;1;2
type;RandomWeibull;RandomWeibull
p1;1;0.0496062828740062
p2;1;1
result 103
normalization;Center
pcaRecompositionThreshold;0.95
component;1;2
type;RandomWeibull;RandomWeibull
p1;1;0.0393725328092148
p2;1;1
result 104
normalization;Center
pcaRecompositionThreshold;0.95
component;1;2
type;RandomWeibull;RandomWeibull
p1;1;0.03125
p2;1;1
result 105
normalization;Center
pcaRecompositionThreshold;0.95
component;1;2
type;RandomWeibull;RandomWeibull
p1;1;0.0248031414370031
p2;1;1
result 106
normalization;Center
pcaRecompositionThreshold;0.95
component;1;2
type;RandomWeibull;RandomWeibull
p1;1;0.0196862664046074
p2;1;1
result 107
normalization;Center
pcaRecompositionThreshold;0.95
component;1;2
type;RandomWeibull;RandomWeibull
p1;1;0.015625
p2;1;1
result 108
normalization;Center
pcaRecompositionThreshold;0.95
component;1;2
type;RandomWeibull;RandomWeibull
p1;1;0.0124015707185016
p2;1;1
result 109
normalization;Center
pcaRecompositionThreshold;0.95
component;1;2
type;RandomWeibull;RandomWeibull
p1;1;0.0098431332023037
p2;1;1
result 110
normalization;Center
pcaRecompositionThreshold;0.95
component;1;2
type;RandomWeibull;RandomWeibull
p1;1;0.0078125
p2;1;1
result 111
normalization;Center
pcaRecompositionThreshold;0.95
component;1;2
type;RandomWeibull;RandomWeibull
p1;1;1
p2;1;1
result 112
normalization;Center
pcaRecompositionThreshold;0.95
component;1;2
type;RandomWeibull;RandomWeibull
p1;1;0.7937005259841
p2;1;1
result 113
normalization;Center
pcaRecompositionThreshold;0.95
component;1;2
type;RandomWeibull;RandomWeibull
p1;1;0.629960524947436
p2;1;1
result 114
normalization;Center
pcaRecompositionThreshold;0.95
component;1;2
type;RandomWeibull;RandomWeibull
p1;1;0.5
p2;1;1
result 115
normalization;Center
pcaRecompositionThreshold;0.95
component;1;2
type;RandomWeibull;RandomWeibull
p1;1;0.39685026299205
p2;1;1
result 116
normalization;Center
pcaRecompositionThreshold;0.95
component;1;2
type;RandomWeibull;RandomWeibull
p1;1;0.314980262473718
p2;1;1
result 117
normalization;Center
pcaRecompositionThreshold;0.95
component;1;2
type;RandomWeibull;RandomWeibull
p1;1;0.25
p2;1;1
result 118
normalization;Center
pcaRecompositionThreshold;0.95
component;1;2
type;RandomWeibull;RandomWeibull
p1;1;0.198425131496025
p2;1;1
result 119
normalization;Center
pcaRecompositionThreshold;0.95
component;1;2
type;RandomWeibull;RandomWeibull
p1;1;0.157490131236859
p2;1;1
result 120
normalization;Center
pcaRecompositionThreshold;0.95
component;1;2
type;RandomWeibull;RandomWeibull
p1;1;0.125
p2;1;1
result 121
normalization;Center
pcaRecompositionThreshold;0.95
component;1;2
type;RandomWeibull;RandomWeibull
p1;1;0.0992125657480125
p2;1;1
result 122
normalization;Center
pcaRecompositionThreshold;0.95
component;1;2
type;RandomWeibull;RandomWeibull
p1;1;0.0787450656184296
p2;1;1
result 123
normalization;Center
pcaRecompositionThreshold;0.95
component;1;2
type;RandomWeibull;RandomWeibull
p1;1;0.0625
p2;1;1
result 124
normalization;Center
pcaRecompositionThreshold;0.95
component;1;2
type;RandomWeibull;RandomWeibull
p1;1;0.0496062828740062
p2;1;1
result 125
normalization;Center
pcaRecompositionThreshold;0.95
component;1;2
type;RandomWeibull;RandomWeibull
p1;1;0.0393725328092148
p2;1;1
result 126
normalization;Center
pcaRecompositionThreshold;0.95
component;1;2
type;RandomWeibull;RandomWeibull
p1;1;0.03125
p2;1;1
result 127
normalization;Center
pcaRecompositionThreshold;0.95
component;1;2
type;RandomWeibull;RandomWeibull
p1;1;0.0248031414370031
p2;1;1
result 128
normalization;Center
pcaRecompositionThreshold;0.95
component;1;2
type;RandomWeibull;RandomWeibull
p1;1;0.0196862664046074
p2;1;1
result 129
normalization;Center
pcaRecompositionThreshold;0.95
component;1;2
type;RandomWeibull;RandomWeibull
p1;1;0.015625
p2;1;1
result 130
normalization;Center
pcaRecompositionThreshold;0.95
component;1;2
type;RandomWeibull;RandomWeibull
p1;1;0.0124015707185016
p2;1;1
result 131
normalization;Center
pcaRecompositionThreshold;0.95
component;1;2
type;RandomWeibull;RandomWeibull
p1;1;0.0098431332023037
p2;1;1
result 132
normalization;Center
pcaRecompositionThreshold;0.95
component;1;2
type;RandomWeibull;RandomWeibull
p1;1;0.0078125
p2;1;1
result 133
normalization;Center
pcaRecompositionThreshold;0.95
component;1;2
type;RandomWeibull;RandomWeibull
p1;1;1
p2;1;1
result 134
normalization;Center
pcaRecompositionThreshold;0.95
component;1;2
type;RandomWeibull;RandomWeibull
p1;1;0.7937005259841
p2;1;1
result 135
normalization;Center
pcaRecompositionThreshold;0.95
component;1;2
type;RandomWeibull;RandomWeibull
p1;1;0.629960524947436
p2;1;1
result 136
normalization;Center
pcaRecompositionThreshold;0.95
component;1;2
type;RandomWeibull;RandomWeibull
p1;1;0.5
p2;1;1
result 137
normalization;Center
pcaRecompositionThreshold;0.95
component;1;2
type;RandomWeibull;RandomWeibull
p1;1;0.39685026299205
p2;1;1
result 138
normalization;Center
pcaRecompositionThreshold;0.95
component;1;2
type;RandomWeibull;RandomWeibull
p1;1;0.314980262473718
p2;1;1
result 139
normalization;Center
pcaRecompositionThreshold;0.95
component;1;2
type;RandomWeibull;RandomWeibull
p1;1;0.25
p2;1;1
result 140
normalization;Center
pcaRecompositionThreshold;0.95
component;1;2
type;RandomWeibull;RandomWeibull
p1;1;0.198425131496025
p2;1;1
result 141
normalization;Center
pcaRecompositionThreshold;0.95
component;1;2
type;RandomWeibull;RandomWeibull
p1;1;0.157490131236859
p2;1;1
result 142
normalization;Center
pcaRecompositionThreshold;0.95
component;1;2
type;RandomWeibull;RandomWeibull
p1;1;0.125
p2;1;1
result 143
normalization;Center
pcaRecompositionThreshold;0.95
component;1;2
type;RandomWeibull;RandomWeibull
p1;1;0.0992125657480125
p2;1;1
result 144
normalization;Center
pcaRecompositionThreshold;0.95
component;1;2
type;RandomWeibull;RandomWeibull
p1;1;0.0787450656184296
p2;1;1
result 145
normalization;Center
pcaRecompositionThreshold;0.95
component;1;2
type;RandomWeibull;RandomWeibull
p1;1;0.0625
p2;1;1
result 146
normalization;Center
pcaRecompositionThreshold;0.95
component;1;2
type;RandomWeibull;RandomWeibull
p1;1;0.0496062828740062
p2;1;1
result 147
normalization;Center
pcaRecompositionThreshold;0.95
component;1;2
type;RandomWeibull;RandomWeibull
p1;1;0.0393725328092148
p2;1;1
result 148
normalization;Center
pcaRecompositionThreshold;0.95
component;1;2
type;RandomWeibull;RandomWeibull
p1;1;0.03125
p2;1;1
result 149
normalization;Center
pcaRecompositionThreshold;0.95
component;1;2
type;RandomWeibull;RandomWeibull
p1;1;0.0248031414370031
p2;1;1
result 150
normalization;Center
pcaRecompositionThreshold;0.95
component;1;2
type;RandomWeibull;RandomWeibull
p1;1;0.0196862664046074
p2;1;1
result 151
normalization;Center
pcaRecompositionThreshold;0.95
component;1;2
type;RandomWeibull;RandomWeibull
p1;1;0.015625
p2;1;1
result 152
normalization;Center
pcaRecompositionThreshold;0.95
component;1;2
type;RandomWeibull;RandomWeibull
p1;1;0.0124015707185016
p2;1;1
result 153
normalization;Center
pcaRecompositionThreshold;0.95
component;1;2
type;RandomWeibull;RandomWeibull
p1;1;0.0098431332023037
p2;1;1
result 154
normalization;Center
pcaRecompositionThreshold;0.95
component;1;2
type;RandomWeibull;RandomWeibull
p1;1;0.0078125
p2;1;1
result 155
normalization;Center
pcaRecompositionThreshold;0.95
component;1;2
type;RandomWeibull;RandomWeibull
p1;1;1
p2;1;1
result 156
normalization;Center
pcaRecompositionThreshold;0.95
component;1;2
type;RandomWeibull;RandomWeibull
p1;1;0.7937005259841
p2;1;1
result 157
normalization;Center
pcaRecompositionThreshold;0.95
component;1;2
type;RandomWeibull;RandomWeibull
p1;1;0.629960524947436
p2;1;1
result 158
normalization;Center
pcaRecompositionThreshold;0.95
component;1;2
type;RandomWeibull;RandomWeibull
p1;1;0.5
p2;1;1
result 159
normalization;Center
pcaRecompositionThreshold;0.95
component;1;2
type;RandomWeibull;RandomWeibull
p1;1;0.39685026299205
p2;1;1
result 160
normalization;Center
pcaRecompositionThreshold;0.95
component;1;2
type;RandomWeibull;RandomWeibull
p1;1;0.314980262473718
p2;1;1
result 161
normalization;Center
pcaRecompositionThreshold;0.95
component;1;2
type;RandomWeibull;RandomWeibull
p1;1;0.25
p2;1;1
result 162
normalization;Center
pcaRecompositionThreshold;0.95
component;1;2
type;RandomWeibull;RandomWeibull
p1;1;0.198425131496025
p2;1;1
result 163
normalization;Center
pcaRecompositionThreshold;0.95
component;1;2
type;RandomWeibull;RandomWeibull
p1;1;0.157490131236859
p2;1;1
result 164
normalization;Center
pcaRecompositionThreshold;0.95
component;1;2
type;RandomWeibull;RandomWeibull
p1;1;0.125
p2;1;1
result 165
normalization;Center
pcaRecompositionThreshold;0.95
component;1;2
type;RandomWeibull;RandomWeibull
p1;1;0.0992125657480125
p2;1;1
result 166
normalization;Center
pcaRecompositionThreshold;0.95
component;1;2
type;RandomWeibull;RandomWeibull
p1;1;0.0787450656184296
p2;1;1
result 167
normalization;Center
pcaRecompositionThreshold;0.95
component;1;2
type;RandomWeibull;RandomWeibull
p1;1;0.0625
p2;1;1
result 168
normalization;Center
pcaRecompositionThreshold;0.95
component;1;2
type;RandomWeibull;RandomWeibull
p1;1;0.0496062828740062
p2;1;1
result 169
normalization;Center
pcaRecompositionThreshold;0.95
component;1;2
type;RandomWeibull;RandomWeibull
p1;1;0.0393725328092148
p2;1;1
result 170
normalization;Center
pcaRecompositionThreshold;0.95
component;1;2
type;RandomWeibull;RandomWeibull
p1;1;0.03125
p2;1;1
result 171
normalization;Center
pcaRecompositionThreshold;0.95
component;1;2
type;RandomWeibull;RandomWeibull
p1;1;0.0248031414370031
p2;1;1
result 172
normalization;Center
pcaRecompositionThreshold;0.95
component;1;2
type;RandomWeibull;RandomWeibull
p1;1;0.0196862664046074
p2;1;1
result 173
normalization;Center
pcaRecompositionThreshold;0.95
component;1;2
type;RandomWeibull;RandomWeibull
p1;1;0.015625
p2;1;1
result 174
normalization;Center
pcaRecompositionThreshold;0.95
component;1;2
type;RandomWeibull;RandomWeibull
p1;1;0.0124015707185016
p2;1;1
result 175
normalization;Center
pcaRecompositionThreshold;0.95
component;1;2
type;RandomWeibull;RandomWeibull
p1;1;0.0098431332023037
p2;1;1
result 176
normalization;Center
pcaRecompositionThreshold;0.95
component;1;2
type;RandomWeibull;RandomWeibull
p1;1;0.0078125
p2;1;1
result 177
normalization;Center
pcaRecompositionThreshold;0.95
component;1;2
type;RandomWeibull;RandomWeibull
p1;1;1
p2;1;1
result 178
normalization;Center
pcaRecompositionThreshold;0.95
component;1;2
type;RandomWeibull;RandomWeibull
p1;1;0.7937005259841
p2;1;1
result 179
normalization;Center
pcaRecompositionThreshold;0.95
component;1;2
type;RandomWeibull;RandomWeibull
p1;1;0.629960524947436
p2;1;1
result 180
normalization;Center
pcaRecompositionThreshold;0.95
component;1;2
type;RandomWeibull;RandomWeibull
p1;1;0.5
p2;1;1
result 181
normalization;Center
pcaRecompositionThreshold;0.95
component;1;2
type;RandomWeibull;RandomWeibull
p1;1;0.39685026299205
p2;1;1
result 182
normalization;Center
pcaRecompositionThreshold;0.95
component;1;2
type;RandomWeibull;RandomWeibull
p1;1;0.314980262473718
p2;1;1
result 183
normalization;Center
pcaRecompositionThreshold;0.95
component;1;2
type;RandomWeibull;RandomWeibull
p1;1;0.25
p2;1;1
result 184
normalization;Center
pcaRecompositionThreshold;0.95
component;1;2
type;RandomWeibull;RandomWeibull
p1;1;0.198425131496025
p2;1;1
result 185
normalization;Center
pcaRecompositionThreshold;0.95
component;1;2
type;RandomWeibull;RandomWeibull
p1;1;0.157490131236859
p2;1;1
result 186
normalization;Center
pcaRecompositionThreshold;0.95
component;1;2
type;RandomWeibull;RandomWeibull
p1;1;0.125
p2;1;1
result 187
normalization;Center
pcaRecompositionThreshold;0.95
component;1;2
type;RandomWeibull;RandomWeibull
p1;1;0.0992125657480125
p2;1;1
result 188
normalization;Center
pcaRecompositionThreshold;0.95
component;1;2
type;RandomWeibull;RandomWeibull
p1;1;0.0787450656184296
p2;1;1
result 189
normalization;Center
pcaRecompositionThreshold;0.95
component;1;2
type;RandomWeibull;RandomWeibull
p1;1;0.0625
p2;1;1
result 190
normalization;Center
pcaRecompositionThreshold;0.95
component;1;2
type;RandomWeibull;RandomWeibull
p1;1;0.0496062828740062
p2;1;1
result 191
normalization;Center
pcaRecompositionThreshold;0.95
component;1;2
type;RandomWeibull;RandomWeibull
p1;1;0.0393725328092148
p2;1;1
result 192
normalization;Center
pcaRecompositionThreshold;0.95
component;1;2
type;RandomWeibull;RandomWeibull
p1;1;0.03125
p2;1;1
result 193
normalization;Center
pcaRecompositionThreshold;0.95
component;1;2
type;RandomWeibull;RandomWeibull
p1;1;0.0248031414370031
p2;1;1
result 194
normalization;Center
pcaRecompositionThreshold;0.95
component;1;2
type;RandomWeibull;RandomWeibull
p1;1;0.0196862664046074
p2;1;1
result 195
normalization;Center
pcaRecompositionThreshold;0.95
component;1;2
type;RandomWeibull;RandomWeibull
p1;1;0.015625
p2;1;1
result 196
normalization;Center
pcaRecompositionThreshold;0.95
component;1;2
type;RandomWeibull;RandomWeibull
p1;1;0.0124015707185016
p2;1;1
result 197
normalization;Center
pcaRecompositionThreshold;0.95
component;1;2
type;RandomWeibull;RandomWeibull
p1;1;0.0098431332023037
p2;1;1
result 198
normalization;Center
pcaRecompositionThreshold;0.95
component;1;2
type;RandomWeibull;RandomWeibull
p1;1;0.0078125
p2;1;1
result 199
normalization;Center
pcaRecompositionThreshold;0.95
component;1;2
type;RandomWeibull;RandomWeibull
p1;1;1
p2;1;1
result 200
normalization;Center
pcaRecompositionThreshold;0.95
component;1;2
type;RandomWeibull;RandomWeibull
p1;1;0.7937005259841
p2;1;1
result 201
normalization;Center
pcaRecompositionThreshold;0.95
component;1;2
type;RandomWeibull;RandomWeibull
p1;1;0.629960524947436
p2;1;1
result 202
normalization;Center
pcaRecompositionThreshold;0.95
component;1;2
type;RandomWeibull;RandomWeibull
p1;1;0.5
p2;1;1
result 203
normalization;Center
pcaRecompositionThreshold;0.95
component;1;2
type;RandomWeibull;RandomWeibull
p1;1;0.39685026299205
p2;1;1
result 204
normalization;Center
pcaRecompositionThreshold;0.95
component;1;2
type;RandomWeibull;RandomWeibull
p1;1;0.314980262473718
p2;1;1
result 205
normalization;Center
pcaRecompositionThreshold;0.95
component;1;2
type;RandomWeibull;RandomWeibull
p1;1;0.25
p2;1;1
result 206
normalization;Center
pcaRecompositionThreshold;0.95
component;1;2
type;RandomWeibull;RandomWeibull
p1;1;0.198425131496025
p2;1;1
result 207
normalization;Center
pcaRecompositionThreshold;0.95
component;1;2
type;RandomWeibull;RandomWeibull
p1;1;0.157490131236859
p2;1;1
result 208
normalization;Center
pcaRecompositionThreshold;0.95
component;1;2
type;RandomWeibull;RandomWeibull
p1;1;0.125
p2;1;1
result 209
normalization;Center
pcaRecompositionThreshold;0.95
component;1;2
type;RandomWeibull;RandomWeibull
p1;1;0.0992125657480125
p2;1;1
result 210
normalization;Center
pcaRecompositionThreshold;0.95
component;1;2
type;RandomWeibull;RandomWeibull
p1;1;0.0787450656184296
p2;1;1
result 211
normalization;Center
pcaRecompositionThreshold;0.95
component;1;2
type;RandomWeibull;RandomWeibull
p1;1;0.0625
p2;1;1
result 212
normalization;Center
pcaRecompositionThreshold;0.95
component;1;2
type;RandomWeibull;RandomWeibull
p1;1;0.0496062828740062
p2;1;1
result 213
normalization;Center
pcaRecompositionThreshold;0.95
component;1;2
type;RandomWeibull;RandomWeibull
p1;1;0.0393725328092148
p2;1;1
result 214
normalization;Center
pcaRecompositionThreshold;0.95
component;1;2
type;RandomWeibull;RandomWeibull
p1;1;0.03125
p2;1;1
result 215
normalization;Center
pcaRecompositionThreshold;0.95
component;1;2
type;RandomWeibull;RandomWeibull
p1;1;0.0248031414370031
p2;1;1
result 216
normalization;Center
pcaRecompositionThreshold;0.95
component;1;2
type;RandomWeibull;RandomWeibull
p1;1;0.0196862664046074
p2;1;1
result 217
normalization;Center
pcaRecompositionThreshold;0.95
component;1;2
type;RandomWeibull;RandomWeibull
p1;1;0.015625
p2;1;1
result 218
normalization;Center
pcaRecompositionThreshold;0.95
component;1;2
type;RandomWeibull;RandomWeibull
p1;1;0.0124015707185016
p2;1;1
result 219
normalization;Center
pcaRecompositionThreshold;0.95
component;1;2
type;RandomWeibull;RandomWeibull
p1;1;0.0098431332023037
p2;1;1
result 220
normalization;Center
pcaRecompositionThreshold;0.95
component;1;2
type;RandomWeibull;RandomWeibull
p1;1;0.0078125
p2;1;1
result;1 RandomWeibull, RandomWeibull;2 RandomWeibull, RandomWeibull;3 RandomWeibull, RandomWeibull;4 RandomWeibull, RandomWeibull;5 RandomWeibull, RandomWeibull;6 RandomWeibull, RandomWeibull;7 RandomWeibull, RandomWeibull;8 RandomWeibull, RandomWeibull;9 RandomWeibull, RandomWeibull;10 RandomWeibull, RandomWeibull;11 RandomWeibull, RandomWeibull;12 RandomWeibull, RandomWeibull;13 RandomWeibull, RandomWeibull;14 RandomWeibull, RandomWeibull;15 RandomWeibull, RandomWeibull;16 RandomWeibull, RandomWeibull;17 RandomWeibull, RandomWeibull;18 RandomWeibull, RandomWeibull;19 RandomWeibull, RandomWeibull;20 RandomWeibull, RandomWeibull;21 RandomWeibull, RandomWeibull;22 RandomWeibull, RandomWeibull;23 RandomWeibull, RandomWeibull;24 RandomWeibull, RandomWeibull;25 RandomWeibull, RandomWeibull;26 RandomWeibull, RandomWeibull;27 RandomWeibull, RandomWeibull;28 RandomWeibull, RandomWeibull;29 RandomWeibull, RandomWeibull;30 RandomWeibull, RandomWeibull;31 RandomWeibull, RandomWeibull;32 RandomWeibull, RandomWeibull;33 RandomWeibull, RandomWeibull;34 RandomWeibull, RandomWeibull;35 RandomWeibull, RandomWeibull;36 RandomWeibull, RandomWeibull;37 RandomWeibull, RandomWeibull;38 RandomWeibull, RandomWeibull;39 RandomWeibull, RandomWeibull;40 RandomWeibull, RandomWeibull;41 RandomWeibull, RandomWeibull;42 RandomWeibull, RandomWeibull;43 RandomWeibull, RandomWeibull;44 RandomWeibull, RandomWeibull;45 RandomWeibull, RandomWeibull;46 RandomWeibull, RandomWeibull;47 RandomWeibull, RandomWeibull;48 RandomWeibull, RandomWeibull;49 RandomWeibull, RandomWeibull;50 RandomWeibull, RandomWeibull;51 RandomWeibull, RandomWeibull;52 RandomWeibull, RandomWeibull;53 RandomWeibull, RandomWeibull;54 RandomWeibull, RandomWeibull;55 RandomWeibull, RandomWeibull;56 RandomWeibull, RandomWeibull;57 RandomWeibull, RandomWeibull;58 RandomWeibull, RandomWeibull;59 RandomWeibull, RandomWeibull;60 RandomWeibull, RandomWeibull;61 RandomWeibull, RandomWeibull;62 RandomWeibull, RandomWeibull;63 RandomWeibull, RandomWeibull;64 RandomWeibull, RandomWeibull;65 RandomWeibull, RandomWeibull;66 RandomWeibull, RandomWeibull;67 RandomWeibull, RandomWeibull;68 RandomWeibull, RandomWeibull;69 RandomWeibull, RandomWeibull;70 RandomWeibull, RandomWeibull;71 RandomWeibull, RandomWeibull;72 RandomWeibull, RandomWeibull;73 RandomWeibull, RandomWeibull;74 RandomWeibull, RandomWeibull;75 RandomWeibull, RandomWeibull;76 RandomWeibull, RandomWeibull;77 RandomWeibull, RandomWeibull;78 RandomWeibull, RandomWeibull;79 RandomWeibull, RandomWeibull;80 RandomWeibull, RandomWeibull;81 RandomWeibull, RandomWeibull;82 RandomWeibull, RandomWeibull;83 RandomWeibull, RandomWeibull;84 RandomWeibull, RandomWeibull;85 RandomWeibull, RandomWeibull;86 RandomWeibull, RandomWeibull;87 RandomWeibull, RandomWeibull;88 RandomWeibull, RandomWeibull;89 RandomWeibull, RandomWeibull;90 RandomWeibull, RandomWeibull;91 RandomWeibull, RandomWeibull;92 RandomWeibull, RandomWeibull;93 RandomWeibull, RandomWeibull;94 RandomWeibull, RandomWeibull;95 RandomWeibull, RandomWeibull;96 RandomWeibull, RandomWeibull;97 RandomWeibull, RandomWeibull;98 RandomWeibull, RandomWeibull;99 RandomWeibull, RandomWeibull;100 RandomWeibull, RandomWeibull;101 RandomWeibull, RandomWeibull;102 RandomWeibull, RandomWeibull;103 RandomWeibull, RandomWeibull;104 RandomWeibull, RandomWeibull;105 RandomWeibull, RandomWeibull;106 RandomWeibull, RandomWeibull;107 RandomWeibull, RandomWeibull;108 RandomWeibull, RandomWeibull;109 RandomWeibull, RandomWeibull;110 RandomWeibull, RandomWeibull;111 RandomWeibull, RandomWeibull;112 RandomWeibull, RandomWeibull;113 RandomWeibull, RandomWeibull;114 RandomWeibull, RandomWeibull;115 RandomWeibull, RandomWeibull;116 RandomWeibull, RandomWeibull;117 RandomWeibull, RandomWeibull;118 RandomWeibull, RandomWeibull;119 RandomWeibull, RandomWeibull;120 RandomWeibull, RandomWeibull;121 RandomWeibull, RandomWeibull;122 RandomWeibull, RandomWeibull;123 RandomWeibull, RandomWeibull;124 RandomWeibull, RandomWeibull;125 RandomWeibull, RandomWeibull;126 RandomWeibull, RandomWeibull;127 RandomWeibull, RandomWeibull;128 RandomWeibull, RandomWeibull;129 RandomWeibull, RandomWeibull;130 RandomWeibull, RandomWeibull;131 RandomWeibull, RandomWeibull;132 RandomWeibull, RandomWeibull;133 RandomWeibull, RandomWeibull;134 RandomWeibull, RandomWeibull;135 RandomWeibull, RandomWeibull;136 RandomWeibull, RandomWeibull;137 RandomWeibull, RandomWeibull;138 RandomWeibull, RandomWeibull;139 RandomWeibull, RandomWeibull;140 RandomWeibull, RandomWeibull;141 RandomWeibull, RandomWeibull;142 RandomWeibull, RandomWeibull;143 RandomWeibull, RandomWeibull;144 RandomWeibull, RandomWeibull;145 RandomWeibull, RandomWeibull;146 RandomWeibull, RandomWeibull;147 RandomWeibull, RandomWeibull;148 RandomWeibull, RandomWeibull;149 RandomWeibull, RandomWeibull;150 RandomWeibull, RandomWeibull;151 RandomWeibull, RandomWeibull;152 RandomWeibull, RandomWeibull;153 RandomWeibull, RandomWeibull;154 RandomWeibull, RandomWeibull;155 RandomWeibull, RandomWeibull;156 RandomWeibull, RandomWeibull;157 RandomWeibull, RandomWeibull;158 RandomWeibull, RandomWeibull;159 RandomWeibull, RandomWeibull;160 RandomWeibull, RandomWeibull;161 RandomWeibull, RandomWeibull;162 RandomWeibull, RandomWeibull;163 RandomWeibull, RandomWeibull;164 RandomWeibull, RandomWeibull;165 RandomWeibull, RandomWeibull;166 RandomWeibull, RandomWeibull;167 RandomWeibull, RandomWeibull;168 RandomWeibull, RandomWeibull;169 RandomWeibull, RandomWeibull;170 RandomWeibull, RandomWeibull;171 RandomWeibull, RandomWeibull;172 RandomWeibull, RandomWeibull;173 RandomWeibull, RandomWeibull;174 RandomWeibull, RandomWeibull;175 RandomWeibull, RandomWeibull;176 RandomWeibull, RandomWeibull;177 RandomWeibull, RandomWeibull;178 RandomWeibull, RandomWeibull;179 RandomWeibull, RandomWeibull;180 RandomWeibull, RandomWeibull;181 RandomWeibull, RandomWeibull;182 RandomWeibull, RandomWeibull;183 RandomWeibull, RandomWeibull;184 RandomWeibull, RandomWeibull;185 RandomWeibull, RandomWeibull;186 RandomWeibull, RandomWeibull;187 RandomWeibull, RandomWeibull;188 RandomWeibull, RandomWeibull;189 RandomWeibull, RandomWeibull;190 RandomWeibull, RandomWeibull;191 RandomWeibull, RandomWeibull;192 RandomWeibull, RandomWeibull;193 RandomWeibull, RandomWeibull;194 RandomWeibull, RandomWeibull;195 RandomWeibull, RandomWeibull;196 RandomWeibull, RandomWeibull;197 RandomWeibull, RandomWeibull;198 RandomWeibull, RandomWeibull;199 RandomWeibull, RandomWeibull;200 RandomWeibull, RandomWeibull;201 RandomWeibull, RandomWeibull;202 RandomWeibull, RandomWeibull;203 RandomWeibull, RandomWeibull;204 RandomWeibull, RandomWeibull;205 RandomWeibull, RandomWeibull;206 RandomWeibull, RandomWeibull;207 RandomWeibull, RandomWeibull;208 RandomWeibull, RandomWeibull;209 RandomWeibull, RandomWeibull;210 RandomWeibull, RandomWeibull;211 RandomWeibull, RandomWeibull;212 RandomWeibull, RandomWeibull;213 RandomWeibull, RandomWeibull;214 RandomWeibull, RandomWeibull;215 RandomWeibull, RandomWeibull;216 RandomWeibull, RandomWeibull;217 RandomWeibull, RandomWeibull;218 RandomWeibull, RandomWeibull;219 RandomWeibull, RandomWeibull;220 RandomWeibull, RandomWeibull
gain;1;1;1;1;1;1;1;1;1;1;1.25992104989487;1.25992104989487;1.25992104989487;1.25992104989487;1.25992104989487;1.25992104989487;1.25992104989487;1.25992104989487;1.25992104989487;1.25992104989487;1.5874010519682;1.5874010519682;1.5874010519682;1.5874010519682;1.5874010519682;1.5874010519682;1.5874010519682;1.5874010519682;1.5874010519682;1.5874010519682;2;2;2;2;2;2;2;2;2;2;2.51984209978975;2.51984209978975;2.51984209978975;2.51984209978975;2.51984209978975;2.51984209978975;2.51984209978975;2.51984209978975;2.51984209978975;2.51984209978975;3.1748021039364;3.1748021039364;3.1748021039364;3.1748021039364;3.1748021039364;3.1748021039364;3.1748021039364;3.1748021039364;3.1748021039364;3.1748021039364;4;4;4;4;4;4;4;4;4;4;5.03968419957949;5.03968419957949;5.03968419957949;5.03968419957949;5.03968419957949;5.03968419957949;5.03968419957949;5.03968419957949;5.03968419957949;5.03968419957949;6.3496042078728;6.3496042078728;6.3496042078728;6.3496042078728;6.3496042078728;6.3496042078728;6.3496042078728;6.3496042078728;6.3496042078728;6.3496042078728;8;8;8;8;8;8;8;8;8;8;10.079368399159;10.079368399159;10.079368399159;10.079368399159;10.079368399159;10.079368399159;10.079368399159;10.079368399159;10.079368399159;10.079368399159;12.6992084157456;12.6992084157456;12.6992084157456;12.6992084157456;12.6992084157456;12.6992084157456;12.6992084157456;12.6992084157456;12.6992084157456;12.6992084157456;16;16;16;16;16;16;16;16;16;16;20.158736798318;20.158736798318;20.158736798318;20.158736798318;20.158736798318;20.158736798318;20.158736798318;20.158736798318;20.158736798318;20.158736798318;25.3984168314912;25.3984168314912;25.3984168314912;25.3984168314912;25.3984168314912;25.3984168314912;25.3984168314912;25.3984168314912;25.3984168314912;25.3984168314912;32;32;32;32;32;32;32;32;32;32;40.3174735966359;40.3174735966359;40.3174735966359;40.3174735966359;40.3174735966359;40.3174735966359;40.3174735966359;40.3174735966359;40.3174735966359;40.3174735966359;50.7968336629824;50.7968336629824;50.7968336629824;50.7968336629824;50.7968336629824;50.7968336629824;50.7968336629824;50.7968336629824;50.7968336629824;50.7968336629824;64;64;64;64;64;64;64;64;64;64;80.6349471932719;80.6349471932719;80.6349471932719;80.6349471932719;80.6349471932719;80.6349471932719;80.6349471932719;80.6349471932719;80.6349471932719;80.6349471932719;101.593667325965;101.593667325965;101.593667325965;101.593667325965;101.593667325965;101.593667325965;101.593667325965;101.593667325965;101.593667325965;101.593667325965;128;128;128;128;128;128;128;128;128;128
distances
D plain;1171.26128482139;1226.94989605394;1186.68453707602;1251.14183761121;1226.69591375224;1132.18839837693;1164.44312158103;1127.56298966567;1145.91184359369;1122.43284278218;1112.96966635607;1121.95490464078;1056.97547285417;1072.14792647169;1144.89508886692;1206.83788225805;1128.04599565761;1077.97358367821;1066.79545879898;1060.397800302;1035.56876177997;949.995804627486;976.865082751061;962.334842725741;1026.53777261516;1048.54029901285;1019.48560101355;981.18349864511;940.357643833802;1065.60178116125;960.883790007217;929.427989572646;943.042227521433;897.179830759653;973.287925890242;898.584104787621;918.851310278601;1021.08782968192;959.93143907999;945.935550676513;921.303732063497;867.451493377912;886.000670616836;891.00272332076;858.464904968953;871.243246257272;838.280199099115;845.278761053832;833.976824114673;829.923377047144;815.676585113033;786.890391453935;796.136179979816;815.634508409084;776.888111960631;823.281387370378;867.8403093467;859.564015262786;810.703974617747;843.963389876342;770.218233887199;751.037103565048;870.24915130368;743.302208505284;777.373924730579;776.555507873152;770.555319133542;727.600595092914;751.572849928969;761.587420971879;763.910579749857;727.539785267858;828.253780944334;760.534251136919;695.812974523289;683.075654766668;742.438150870464;716.759791558096;696.274635551671;783.77459173033;728.055442734637;694.621426075034;677.038587396726;696.876532203266;728.827311607455;719.650782407503;656.922222753286;744.405121097376;760.321800595365;756.043985827012;652.67915094187;665.371701044413;648.661555397228;724.666859806703;604.804420710583;676.516577711655;656.480205883261;653.979363860365;671.416973026207;733.160224874212;648.409313800209;681.052615500122;636.030540909865;674.405940350303;609.842022785398;652.402212225168;624.181980857099;679.103162107894;654.740325953734;645.96208299055;629.055338357509;661.057170242583;669.509392567137;670.945836320473;607.085522405449;597.994914941119;658.867022322017;643.690347710468;614.073692840794;700.891662983218;651.998091779139;638.899859450881;653.098355434403;594.321815152866;666.88220331286;656.433726391618;652.260470672512;589.976772106224;614.717790668427;636.401112245451;636.561567868764;622.104633395315;637.184114266709;595.123518476729;518.639325406654;657.28839239614;592.166984321145;601.845843796351;602.180808655394;622.965503249337;664.832151206232;610.811786996992;627.385617271172;633.823449985764;568.680268569492;580.721137189385;587.351431017463;589.981829362127;581.321328154403;624.225562779604;577.435030732243;634.074901976688;551.883327328906;582.936501068552;591.637128149694;602.985395963131;577.810245126816;585.046654090798;568.564843846817;661.062916698986;570.335348503884;626.447935803403;596.222226212736;524.616998702155;613.416946066616;508.011680547292;628.020280111403;606.875694118329;618.35045414814;601.051977480603;549.505182777933;629.11149045942;589.462164085961;556.449413504547;531.682237073214;501.515951140444;544.143983191322;629.470598372471;594.947685539086;572.26355269309;544.642667723928;604.961415819813;560.193784599517;551.490449792642;526.63172110166;484.494515285346;562.125191592856;549.450911945515;476.848113533625;570.03989444456;550.347866046946;601.372756385945;556.198605141856;541.596636903168;568.49856695885;549.512843914805;548.621975785114;555.601141474144;570.822789509091;543.331321832995;602.950568973428;541.222957164334;573.984379596371;582.462349498244;513.242425971287;606.940534268284;587.113432896966;544.498747738585;605.937869218929;554.187607316802;600.522649582032;537.972744362669;627.272484209046;567.780144732903;529.699846327613;561.902376462269;621.689987887686;533.283831933447;502.431143570935;526.326123126886
D PCA;1218.97322601605;1242.75515458598;1204.14269901915;1265.47372203253;1239.30332099759;1176.99999777518;1205.48011270388;1127.53727472519;1175.37477076501;1137.85573062287;1175.24010309724;1128.10361247411;1087.11814184195;1084.36192178614;1185.74415552837;1292.11185173821;1148.29073197781;1080.9486305706;1096.40645933937;1101.94204080126;1084.97352513892;1037.98824050458;1032.27481389068;982.320203988625;1086.11116228395;1073.70230715117;1050.12176049948;1011.64467486487;963.768968250439;1124.46436775796;1053.62533966934;1009.77572008176;1109.79733821502;935.615772232203;1098.80977643151;1002.87513607048;1131.62156206894;1165.38791040255;1074.86095589516;1008.72585004839;1118.68788070545;1001.76125275999;1116.42912901174;955.205813369645;1010.07628643779;1091.43746624479;970.350719844808;1027.20362189889;1017.57212991106;1007.24235192953;1011.99716998292;1116.40591100259;958.864537702973;1026.83567541852;894.404814703313;929.842355926777;1161.1758469434;1183.7803177614;1015.73237140776;1015.0932200211;1035.21104149803;1136.44159317912;1196.71356679667;964.747423926813;1089.22914244343;1102.52696233825;978.206968285652;937.957939669907;1008.11827119788;1052.58556714704;1067.31996984984;986.676068929979;1208.27907995095;1009.87444962412;994.741178282449;958.193085248624;1034.73393702635;1091.61284710929;957.516066261312;1254.19507163039;1087.55817098588;1016.72537026176;1009.46128397195;972.196491178565;1134.81892042142;1096.93393142221;968.013401473407;1185.36456945888;1239.45838510241;1181.79757641489;1002.4953311276;1034.50835142158;1013.74156056428;1170.61640204097;900.669701198504;1031.79397034572;989.45896840277;1045.19566833746;1082.12142928858;1248.74389350206;1080.02922195815;1136.01214416902;1065.99211161185;1178.28890461997;948.876652445304;1072.78670102657;998.557882763312;1127.65324669044;1070.5038163913;1071.73814877778;1080.05405295185;1136.11002616327;1152.83619726943;1185.94360283679;1009.38348466236;1002.58754833823;1139.96626155764;1126.50515847856;986.114329325417;1229.95242071302;1133.93454164665;1114.53936142969;1152.88188228008;1044.31421096496;1182.8703797012;1177.96858303991;1153.06918331393;1027.72636230528;1093.16508412684;1125.24266583755;1134.02040893273;1121.01251539043;1168.78374570345;1075.03101862329;924.100929767062;1197.24962603461;1056.59942390301;1073.57143749622;1093.23722609672;1125.25020047484;1231.34376847202;1121.01458007326;1168.81864437114;1164.32583447175;1050.37099838689;1053.0007369337;1072.66903488272;1073.60908494471;1065.69567103693;1147.29881394182;1078.23696171796;1186.62110851004;1023.58377052533;1084.11539786393;1105.06488033078;1130.0308572211;1072.6878635588;1099.58111149429;1074.0851616338;1248.2693310912;1078.24559027292;1186.62124118638;1121.11785844176;981.728599578528;1167.14800511397;947.671223857311;1190.71277139917;1151.91207624064;1184.37284006584;1144.7245516451;1048.02011770026;1210.68034283382;1121.12066454869;1061.03256716687;1010.14870169349;947.672192856994;1030.72543161087;1207.52651063086;1138.06722057108;1094.10559823228;1048.0259857336;1172.71988641214;1079.2465856648;1061.03427054856;1010.15227091032;927.09121930419;1086.59719046271;1052.23381019216;911.849519702022;1100.37840076448;1067.12948303078;1172.72318504249;1079.2478811827;1050.33474841487;1100.66790035989;1061.8955401014;1058.85971770655;1072.70423852126;1108.50191924557;1054.56430662892;1181.04978607972;1048.86853366903;1120.39372220173;1135.06392576632;995.099169080762;1187.96095283519;1144.60112487279;1062.60423006045;1188.52626722649;1078.28613887836;1181.05080386044;1048.87127486091;1233.16536949788;1115.99209760402;1033.96948530094;1102.70262222132;1221.25592499073;1041.75171361482;978.711583213219;1028.58602057478
D DE (avg);1277.56474590184;1268.80121875777;1229.35588476556;1283.74148393897;1262.24827720575;1210.26689746652;1255.0564270915;1129.06300192811;1204.31135296964;1154.53866571828;1230.34849779289;1138.83813859985;1126.28023599651;1092.98567450775;1213.50958673517;1358.47762668523;1186.53568735506;1083.75955662513;1134.40531148613;1117.94705709959;1107.54023226056;1066.1895572202;1084.49956549059;1010.02274113759;1152.34626139008;1090.18541655522;1083.75860060538;1036.77519871784;990.199319442567;1191.72939429385;1084.92265811566;1082.20306299061;1173.22083369327;991.897320140162;1183.1747211685;1083.03328231701;1171.22092053757;1241.73629341216;1147.68845146092;1045.23670207122;1206.65762726118;1081.97625189765;1173.22082757998;1027.63376167706;1073.98890503446;1132.84531114056;1030.82493687378;1092.50506079977;1047.67740316363;1060.66825905912;1077.77109645186;1150.69180456756;1017.65956756092;1060.40628853928;974.012493376535;996.335983675853;1188.76788291756;1220.89877069452;1053.12529326337;1100.39807305535;1077.77109106469;1150.69180704049;1241.03171016947;1012.26719396167;1132.70179284224;1131.70316353185;1012.58093698711;966.520779605256;1063.75497546135;1100.47892647091;1103.68584812656;1026.42647889435;1241.03169983787;1060.56502265268;1025.42014923788;993.551574341221;1070.43431700646;1102.84419171978;989.539614569981;1254.82851180961;1103.68582598985;1048.59380571968;1023.93270381636;1001.17503161253;1149.24859888328;1109.76192093032;991.713149160665;1185.84726856512;1239.51837823811;1181.99434017532;1014.71785074751;1048.59381275267;1023.93269605865;1171.30418781309;925.710349754874;1047.40161975746;1001.31168958284;1045.73597621907;1082.20085672186;1248.97839589287;1080.10106181027;1136.29902201968;1066.01127806134;1178.31397133602;958.565110243302;1073.12669684126;998.8240080139;1128.44585385019;1070.56403321915;1071.99614100315;1080.10109937958;1136.29901720947;1152.96753890755;1185.9973718861;1009.5125409653;1002.94944667401;1140.42424473762;1126.59278643582;994.360246637886;1229.9560848085;1134.17711651382;1114.55579854177;1152.96754393804;1044.40033606791;1182.91569852375;1178.10571414993;1153.26046320634;1027.8455828934;1093.36800894842;1125.26390423663;1134.17714769203;1121.01827023697;1168.88079089657;1075.05664514205;924.298358105038;1197.39803029548;1056.74362068811;1073.67733026358;1093.36800515691;1125.26389720092;1231.39689965044;1121.01826339128;1168.88076795377;1164.34153287725;1050.39515021883;1053.04922339471;1072.72132786936;1073.67732940603;1065.72799413122;1147.31976103543;1078.26091933026;1186.62144372381;1023.59830504216;1084.14896289715;1105.07745204799;1130.11130400735;1072.72133859334;1099.62631848106;1074.12306967658;1248.27401002537;1078.26084121792;1186.62144309333;1121.12557170786;981.731470149192;1167.15180802663;947.67386506075;1190.71815204215;1151.91991782311;1184.38198535668;1144.73761583903;1048.03615517263;1210.69184471904;1121.12556330354;1061.03721849011;1010.15843041295;947.673881830038;1030.73960963037;1207.53028604785;1138.09177379157;1094.11624970378;1048.03617918175;1172.72882579196;1079.250063655;1061.03724572082;1010.15839602289;927.127483825473;1086.59807315508;1052.24137287531;911.851976935102;1100.38140488536;1067.13789719401;1172.728848376;1079.25008697982;1050.34195794828;1100.67461987675;1061.91917485611;1058.86275052958;1072.71470894655;1108.50815903771;1054.56935653058;1181.05253916922;1048.87597502895;1120.39438693144;1135.06391198527;995.10410719946;1187.96199215294;1144.60732431582;1062.60916031031;1188.52917768109;1078.29018935852;1181.05249639613;1048.8759097132;1233.16650394643;1115.99222375577;1033.97119437712;1102.70316464306;1221.25705929118;1041.75425388599;978.713040190712;1028.58827861434
D PCA ratio;1.04073552316035;1.01288174731737;1.01471171267314;1.01145504369727;1.0102775326012;1.03957963132504;1.03524173088603;0.999977194231527;1.02571133838613;1.01374058852596;1.05594980584247;1.00548035202475;1.02851785094538;1.01139208033974;1.03567930988496;1.07065900957683;1.01794672947568;1.00275985138916;1.02775696155824;1.03917797687568;1.04770785406275;1.09262402575724;1.05672198967699;1.02076757525091;1.05803331475765;1.02399717794538;1.03005060537929;1.03104534091923;1.024896191965;1.05523882151601;1.0965169260077;1.08644858064373;1.17682676960486;1.04284084433776;1.12896682184407;1.11606151358253;1.2315611344406;1.14131994969089;1.11972679728599;1.06637904593709;1.21424438192588;1.15483258765176;1.26007706995806;1.0720571198813;1.17660754748538;1.25273564063015;1.15754937416824;1.21522469181439;1.22014437390546;1.21365704327221;1.24068434530664;1.41875656778553;1.20439764177943;1.25894094086504;1.15126592997556;1.1294344439108;1.33800635259443;1.37718691888177;1.25290167953929;1.20276925776346;1.34404899280746;1.513163048516;1.3751390219731;1.29792083608474;1.40116500925977;1.41976581346757;1.26948311691055;1.28911101227196;1.34134471634142;1.38209421290573;1.39717919628673;1.35618159846298;1.45882712249539;1.32784874332019;1.42960998817816;1.40276275191792;1.39369715283783;1.52298281790659;1.37519883300453;1.60019868577459;1.49378482344823;1.46371150110756;1.49099519992415;1.39507709938924;1.55704774278907;1.52425865188745;1.47355861614223;1.59236487748964;1.63017604405379;1.56313336071598;1.5359695949854;1.55478261218165;1.56282047568471;1.61538558883902;1.4891916632162;1.52515696486818;1.50721828249414;1.59820894373149;1.61169805465483;1.70323464249074;1.66565963654701;1.66802405322944;1.67600774341262;1.74715083916362;1.5559384512589;1.64436398424767;1.59978646194198;1.66050360182432;1.63500516763183;1.6591347650253;1.71694600950677;1.71862597866742;1.72191191052457;1.76756980763248;1.66267098688647;1.67658206330558;1.73019171234297;1.75007309412888;1.60585665991244;1.7548395646168;1.73916849749119;1.7444664370213;1.76525001584678;1.75715274845893;1.77373211314544;1.79449735088284;1.76780478836171;1.74197766911446;1.77832023201763;1.76813434826863;1.78147796878389;1.8019677964335;1.83429517392869;1.80639982330882;1.78177952287458;1.82149820365767;1.7842930319972;1.78379804157871;1.81546341295366;1.80628011439739;1.85211224553136;1.83528642363736;1.8629987876594;1.83698762565174;1.84703260591244;1.81326400831574;1.82628147006392;1.81973245871905;1.83322995290803;1.83795551215979;1.86728706145633;1.87142103371514;1.85471044301962;1.85974869625883;1.86780853964793;1.87406007639064;1.85647082689469;1.87947594231287;1.88911638357151;1.88827613765483;1.89054666364516;1.89420568473032;1.88036911264314;1.87132441763652;1.90269931829895;1.86545164244327;1.89597821775429;1.89810217710917;1.91537473955198;1.9045350394543;1.90720697555966;1.92442891473766;1.90193829706973;1.90679070085533;1.89991056924174;1.88961525690657;1.89421451573501;1.91832075040993;1.9128862053474;1.91189110870924;1.92424510204704;1.93850360658609;1.92655937165808;1.92393951871243;1.91813791390535;1.91352263040207;1.93301635776843;1.91506427110362;1.91224311016955;1.93035331647564;1.9390090320433;1.95007700729606;1.94040019375353;1.93933026323918;1.93609617390568;1.93243079185612;1.93003518714548;1.93070920566347;1.94193704178995;1.94092308735527;1.95878376579121;1.93796016925157;1.95195855850572;1.94873355633048;1.9388482298547;1.95729381341678;1.94954000494425;1.95152740841675;1.96146556867048;1.94570597509221;1.96670484399292;1.94967363282223;1.96591656822446;1.96553561789134;1.95199128802738;1.96244520118232;1.96441304956541;1.95346577419739;1.94795166608744;1.95427506897052
D DE (avg) ratio;1.09075981803382;1.03411005032759;1.03595845935153;1.02605591576252;1.02898221397409;1.06896246172591;1.07781685840304;1.00133031349573;1.05096335263698;1.02860378074515;1.10546453779026;1.01504805040669;1.06556894168528;1.01943551586639;1.05993081683681;1.12565046776909;1.0518504492925;1.00536745337226;1.06337658463907;1.05427138455135;1.06949946071846;1.12230975339757;1.11018357052583;1.04955437161225;1.12255612226953;1.039717231261;1.06304453886149;1.05665780167471;1.05300289303287;1.1183628024675;1.12908831369453;1.16437537402786;1.24408091117701;1.10557246845408;1.21564717869717;1.20526645925145;1.27465772474378;1.2160915616818;1.19559419010266;1.10497665652136;1.3097283613066;1.24730461605913;1.32417600402399;1.15334525336475;1.25105743847886;1.30026294723901;1.22969018948747;1.29247901536969;1.25624282698241;1.27803154892801;1.32132160726731;1.46232793927173;1.27824811025008;1.30009983345068;1.25373587055982;1.21020103085073;1.36980026176987;1.42036980261589;1.29902569400862;1.30384574290193;1.39930612344154;1.53213709626109;1.42606483247968;1.36185145473635;1.45708745406505;1.4573371150652;1.31409246272639;1.32836721976819;1.41537174415213;1.44498043975906;1.44478408518437;1.41081834928993;1.49837130646468;1.39450001241528;1.47370081729277;1.45452640188239;1.4417824781114;1.53865242541356;1.42119152995707;1.60100687755052;1.51593650868719;1.50959035577807;1.51236978641569;1.4366605637403;1.57684623034854;1.54208394968702;1.50963556234132;1.59301331352609;1.63025494898017;1.56339361509817;1.55469628420517;1.57595192447579;1.57853149695547;1.61633469498733;1.53059454933755;1.54822757381694;1.5252732384149;1.59903512864108;1.61181635287558;1.7035544939814;1.66577043053253;1.66844528037713;1.67603787789242;1.7471880077509;1.57182528331705;1.64488512873234;1.60021282037389;1.66167073990284;1.63509713818177;1.65953415723758;1.71702079851953;1.71891187080308;1.7221080864701;1.76764994681272;1.662883570284;1.67718724961526;1.7308868194958;1.7502092278422;1.61928488100155;1.75484479237977;1.73954054592235;1.74449216423322;1.76538117780307;1.75729766170418;1.77380006940866;1.79470625408892;1.76809804527518;1.74217974586352;1.77865034255723;1.76816772093042;1.78172419596317;1.80197704704221;1.83444747714992;1.80644288414908;1.78216018883704;1.82172398622524;1.78453653896215;1.78397398824089;1.81568058868944;1.80630210072891;1.85219216221157;1.83529245383865;1.86309780743436;1.83701239344079;1.84707507587891;1.81334750185145;1.82637050191756;1.81984813086;1.83328555570932;1.83798906908995;1.86732855116691;1.87142156238102;1.85473677923255;1.85980627548601;1.86782978868154;1.87419349054425;1.85652876119894;1.87955321305094;1.88918305678072;1.88828321555022;1.89057340395688;1.89420600703476;1.8803820495411;1.87132988938195;1.90270551785487;1.86545684154309;1.89598678538045;1.89811509834255;1.91538952937023;1.904556775002;1.90723616085741;1.92444719748308;1.90194660761983;1.9067990597881;1.89992886723776;1.88961862464202;1.89424057137458;1.91832674817534;1.91292747489275;1.91190972158691;1.92426381789278;1.93851838336291;1.92656558020642;1.92394491349717;1.91814954463766;1.91359748062253;1.93301792804563;1.91507803517788;1.91224826324243;1.9303585864943;1.93902432085198;1.95008642463905;1.94040415959792;1.939343574868;1.93610799366611;1.93247380223335;1.93004071521977;1.93072805088264;1.94194797301458;1.94093238168723;1.95878833181973;1.93797391840951;1.95195971660293;1.94873353267049;1.93885785127033;1.95729552580488;1.94955056413552;1.9515364630746;1.96147037189331;1.94571328395316;1.96670766243063;1.94968224822578;1.96591837676634;1.96553584007548;1.95199451452667;1.96244616651324;1.96441487410895;1.95347053764795;1.94795456594249;1.95427935916145
weights;RandomWeibull (1);RandomWeibull (2);RandomWeibull (1);RandomWeibull (2);RandomWeibull (1);RandomWeibull (2);RandomWeibull (1);RandomWeibull (2);RandomWeibull (1);RandomWeibull (2);RandomWeibull (1);RandomWeibull (2);RandomWeibull (1);RandomWeibull (2);RandomWeibull (1);RandomWeibull (2);RandomWeibull (1);RandomWeibull (2);RandomWeibull (1);RandomWeibull (2);RandomWeibull (1);RandomWeibull (2);RandomWeibull (1);RandomWeibull (2);RandomWeibull (1);RandomWeibull (2);RandomWeibull (1);RandomWeibull (2);RandomWeibull (1);RandomWeibull (2);RandomWeibull (1);RandomWeibull (2);RandomWeibull (1);RandomWeibull (2);RandomWeibull (1);RandomWeibull (2);RandomWeibull (1);RandomWeibull (2);RandomWeibull (1);RandomWeibull (2);RandomWeibull (1);RandomWeibull (2);RandomWeibull (1);RandomWeibull (2);RandomWeibull (1);RandomWeibull (2);RandomWeibull (1);RandomWeibull (2);RandomWeibull (1);RandomWeibull (2);RandomWeibull (1);RandomWeibull (2);RandomWeibull (1);RandomWeibull (2);RandomWeibull (1);RandomWeibull (2);RandomWeibull (1);RandomWeibull (2);RandomWeibull (1);RandomWeibull (2);RandomWeibull (1);RandomWeibull (2);RandomWeibull (1);RandomWeibull (2);RandomWeibull (1);RandomWeibull (2);RandomWeibull (1);RandomWeibull (2);RandomWeibull (1);RandomWeibull (2);RandomWeibull (1);RandomWeibull (2);RandomWeibull (1);RandomWeibull (2);RandomWeibull (1);RandomWeibull (2);RandomWeibull (1);RandomWeibull (2);RandomWeibull (1);RandomWeibull (2);RandomWeibull (1);RandomWeibull (2);RandomWeibull (1);RandomWeibull (2);RandomWeibull (1);RandomWeibull (2);RandomWeibull (1);RandomWeibull (2);RandomWeibull (1);RandomWeibull (2);RandomWeibull (1);RandomWeibull (2);RandomWeibull (1);RandomWeibull (2);RandomWeibull (1);RandomWeibull (2);RandomWeibull (1);RandomWeibull (2);RandomWeibull (1);RandomWeibull (2);RandomWeibull (1);RandomWeibull (2);RandomWeibull (1);RandomWeibull (2);RandomWeibull (1);RandomWeibull (2);RandomWeibull (1);RandomWeibull (2);RandomWeibull (1);RandomWeibull (2);RandomWeibull (1);RandomWeibull (2);RandomWeibull (1);RandomWeibull (2);RandomWeibull (1);RandomWeibull (2);RandomWeibull (1);RandomWeibull (2);RandomWeibull (1);RandomWeibull (2);RandomWeibull (1);RandomWeibull (2);RandomWeibull (1);RandomWeibull (2);RandomWeibull (1);RandomWeibull (2);RandomWeibull (1);RandomWeibull (2);RandomWeibull (1);RandomWeibull (2);RandomWeibull (1);RandomWeibull (2);RandomWeibull (1);RandomWeibull (2);RandomWeibull (1);RandomWeibull (2);RandomWeibull (1);RandomWeibull (2);RandomWeibull (1);RandomWeibull (2);RandomWeibull (1);RandomWeibull (2);RandomWeibull (1);RandomWeibull (2);RandomWeibull (1);RandomWeibull (2);RandomWeibull (1);RandomWeibull (2);RandomWeibull (1);RandomWeibull (2);RandomWeibull (1);RandomWeibull (2);RandomWeibull (1);RandomWeibull (2);RandomWeibull (1);RandomWeibull (2);RandomWeibull (1);RandomWeibull (2);RandomWeibull (1);RandomWeibull (2);RandomWeibull (1);RandomWeibull (2);RandomWeibull (1);RandomWeibull (2);RandomWeibull (1);RandomWeibull (2);RandomWeibull (1);RandomWeibull (2);RandomWeibull (1);RandomWeibull (2);RandomWeibull (1);RandomWeibull (2);RandomWeibull (1);RandomWeibull (2);RandomWeibull (1);RandomWeibull (2);RandomWeibull (1);RandomWeibull (2);RandomWeibull (1);RandomWeibull (2);RandomWeibull (1);RandomWeibull (2);RandomWeibull (1);RandomWeibull (2);RandomWeibull (1);RandomWeibull (2);RandomWeibull (1);RandomWeibull (2);RandomWeibull (1);RandomWeibull (2);RandomWeibull (1);RandomWeibull (2);RandomWeibull (1);RandomWeibull (2);RandomWeibull (1);RandomWeibull (2);RandomWeibull (1);RandomWeibull (2);RandomWeibull (1);RandomWeibull (2);RandomWeibull (1);RandomWeibull (2);RandomWeibull (1);RandomWeibull (2);RandomWeibull (1);RandomWeibull (2);RandomWeibull (1);RandomWeibull (2);RandomWeibull (1);RandomWeibull (2);RandomWeibull (1);RandomWeibull (2);RandomWeibull (1);RandomWeibull (2);RandomWeibull (1);RandomWeibull (2);RandomWeibull (1);RandomWeibull (2);RandomWeibull (1);RandomWeibull (2);RandomWeibull (1);RandomWeibull (2);RandomWeibull (1);RandomWeibull (2);RandomWeibull (1);RandomWeibull (2);RandomWeibull (1);RandomWeibull (2);RandomWeibull (1);RandomWeibull (2);RandomWeibull (1);RandomWeibull (2);RandomWeibull (1);RandomWeibull (2);RandomWeibull (1);RandomWeibull (2);RandomWeibull (1);RandomWeibull (2);RandomWeibull (1);RandomWeibull (2);RandomWeibull (1);RandomWeibull (2);RandomWeibull (1);RandomWeibull (2);RandomWeibull (1);RandomWeibull (2);RandomWeibull (1);RandomWeibull (2);RandomWeibull (1);RandomWeibull (2);RandomWeibull (1);RandomWeibull (2);RandomWeibull (1);RandomWeibull (2);RandomWeibull (1);RandomWeibull (2);RandomWeibull (1);RandomWeibull (2);RandomWeibull (1);RandomWeibull (2);RandomWeibull (1);RandomWeibull (2);RandomWeibull (1);RandomWeibull (2);RandomWeibull (1);RandomWeibull (2);RandomWeibull (1);RandomWeibull (2);RandomWeibull (1);RandomWeibull (2);RandomWeibull (1);RandomWeibull (2);RandomWeibull (1);RandomWeibull (2);RandomWeibull (1);RandomWeibull (2);RandomWeibull (1);RandomWeibull (2);RandomWeibull (1);RandomWeibull (2);RandomWeibull (1);RandomWeibull (2);RandomWeibull (1);RandomWeibull (2);RandomWeibull (1);RandomWeibull (2);RandomWeibull (1);RandomWeibull (2);RandomWeibull (1);RandomWeibull (2);RandomWeibull (1);RandomWeibull (2);RandomWeibull (1);RandomWeibull (2);RandomWeibull (1);RandomWeibull (2);RandomWeibull (1);RandomWeibull (2);RandomWeibull (1);RandomWeibull (2);RandomWeibull (1);RandomWeibull (2);RandomWeibull (1);RandomWeibull (2);RandomWeibull (1);RandomWeibull (2);RandomWeibull (1);RandomWeibull (2);RandomWeibull (1);RandomWeibull (2);RandomWeibull (1);RandomWeibull (2);RandomWeibull (1);RandomWeibull (2);RandomWeibull (1);RandomWeibull (2);RandomWeibull (1);RandomWeibull (2);RandomWeibull (1);RandomWeibull (2);RandomWeibull (1);RandomWeibull (2);RandomWeibull (1);RandomWeibull (2);RandomWeibull (1);RandomWeibull (2);RandomWeibull (1);RandomWeibull (2);RandomWeibull (1);RandomWeibull (2);RandomWeibull (1);RandomWeibull (2);RandomWeibull (1);RandomWeibull (2);RandomWeibull (1);RandomWeibull (2);RandomWeibull (1);RandomWeibull (2);RandomWeibull (1);RandomWeibull (2);RandomWeibull (1);RandomWeibull (2);RandomWeibull (1);RandomWeibull (2);RandomWeibull (1);RandomWeibull (2);RandomWeibull (1);RandomWeibull (2);RandomWeibull (1);RandomWeibull (2);RandomWeibull (1);RandomWeibull (2);RandomWeibull (1);RandomWeibull (2);RandomWeibull (1);RandomWeibull (2);RandomWeibull (1);RandomWeibull (2);RandomWeibull (1);RandomWeibull (2);RandomWeibull (1);RandomWeibull (2);RandomWeibull (1);RandomWeibull (2);RandomWeibull (1);RandomWeibull (2);RandomWeibull (1);RandomWeibull (2);RandomWeibull (1);RandomWeibull (2);RandomWeibull (1);RandomWeibull (2);RandomWeibull (1);RandomWeibull (2);RandomWeibull (1);RandomWeibull (2);RandomWeibull (1);RandomWeibull (2);RandomWeibull (1);RandomWeibull (2);RandomWeibull (1);RandomWeibull (2);RandomWeibull (1);RandomWeibull (2);RandomWeibull (1);RandomWeibull (2);RandomWeibull (1);RandomWeibull (2);RandomWeibull (1);RandomWeibull (2);RandomWeibull (1);RandomWeibull (2);RandomWeibull (1);RandomWeibull (2);RandomWeibull (1);RandomWeibull (2);RandomWeibull (1);RandomWeibull (2);RandomWeibull (1);RandomWeibull (2);RandomWeibull (1);RandomWeibull (2);RandomWeibull (1);RandomWeibull (2);RandomWeibull (1);RandomWeibull (2);RandomWeibull (1);RandomWeibull (2);RandomWeibull (1);RandomWeibull (2);RandomWeibull (1);RandomWeibull (2);RandomWeibull (1);RandomWeibull (2);RandomWeibull (1);RandomWeibull (2);RandomWeibull (1);RandomWeibull (2);RandomWeibull (1);RandomWeibull (2);RandomWeibull (1);RandomWeibull (2);RandomWeibull (1);RandomWeibull (2);RandomWeibull (1);RandomWeibull (2);RandomWeibull (1);RandomWeibull (2);RandomWeibull (1);RandomWeibull (2);RandomWeibull (1);RandomWeibull (2);RandomWeibull (1);RandomWeibull (2);RandomWeibull (1);RandomWeibull (2);RandomWeibull (1);RandomWeibull (2);RandomWeibull (1);RandomWeibull (2)
W PCA;0.385681059094454;0.282248853010929;0.119960504175808;0.212109583718809;0.18860693743039;0.343982484093585;0.201632697087545;0.26577788138848;0.219162384012828;0.388346587695314;0.178787219997775;0.213703808294083;0.326684319791925;0.277287154514506;0.158008906478864;0.238019619214705;0.171388657720604;0.260821648883107;0.325179264347427;0.242610429048862;0.476327541296272;0.269839870589109;0.124930209468509;0.12890237864611;0.246138666179953;0.124388095679878;0.439111688715465;0.190361549424704;0.23714128366733;0.266256754274953;0.255554520151765;0.241047441905953;0.181352670837331;0.411631676450089;0.249458875159759;0.157556777552821;0.200184307599979;0.26900540242832;0.151674560751491;0.379135729220211;0.473116033828959;0.129587144480538;0.251797494713409;0.145499326977095;0.269533767210549;0.309674313095131;0.181522228181584;0.239269691512736;0.339272004623428;0.320552085486288;0.199601849414785;0.140574060475498;0.182709906079849;0.202300463715352;0.122515058879947;0.492474571324852;0.294305085197901;0.104335876741857;0.15491941609903;0.446439621961213;0.531022205737993;0.198295757854324;0.151073823143237;0.119608213264446;0.28909327764865;0.337468722356948;0.185135872840461;0.188302127153941;0.223475259000317;0.245621243259092;0.31986696376958;0.211036533971011;0.411163456563907;0.241867231395286;0.167101681421034;0.179867630619773;0.20015334050157;0.0956262816149557;0.502359730514828;0.201860647368646;0.512686397769535;0.200682803666123;0.105970300945478;0.180660497618864;0.643182615800512;0.174793595468685;0.0791469128185596;0.102876875912244;0.449066786407828;0.267285163965213;0.166433523487005;0.117214526139954;0.380378372463158;0.249608936152228;0.202529128371379;0.167483563013236;0.482334836815368;0.15147099820057;0.194584968028383;0.17160919695568;0.385571958132181;0.230195581352621;0.273439096951105;0.110793363564093;0.411757584556004;0.142063344976327;0.263870788236703;0.182308282230967;0.403705627030519;0.280825108917036;0.192134051829745;0.1233352122227;0.348110412400759;0.276381015130931;0.119931207796364;0.255577364671946;0.461679965818819;0.192092746165224;0.103142708773799;0.243084579242158;0.625475421807145;0.154234649001381;0.0814434115545277;0.138846517636947;0.518602354343007;0.131854477700085;0.110916802519478;0.23862636543743;0.71483951917059;0.0908159112788417;0.0914462482758757;0.102898321274693;0.422437414027305;0.250198647025083;0.182541206114408;0.144822732833204;0.606482990352866;0.170774250630517;0.0959074475559693;0.126835311460648;0.581241045799589;0.181876646886755;0.131834145719299;0.105048161594357;0.80652737214786;0.059779588775109;0.0229014932011442;0.110791545875887;0.646968455560581;0.121472192981423;0.101364273669786;0.13019507778821;0.58798701993838;0.188244331682918;0.136728673979641;0.0870399743990602;0.548343614516647;0.161079996084004;0.108015855258844;0.182560534140504;0.69490671736507;0.0704895566539767;0.160796966851656;0.0738067591292978;0.63100760915807;0.101066757198964;0.0850179815282398;0.182907652114726;0.799168261278311;0.0639594845424436;0.0644034158849871;0.0724688382942587;0.488500808552182;0.195813489069779;0.134881107006294;0.180804595371745;0.700326257110024;0.0984108049806613;0.0711192148017333;0.130143723107581;0.820799337382797;0.0362362803659875;0.0467989485026056;0.0961654337486102;0.679442343444347;0.0851172947195935;0.0934825152852642;0.141957846550795;0.733734012637806;0.0996363563619119;0.109281761830331;0.0573478691699511;0.833957798844916;0.0750857905213193;0.0399122503476307;0.0510441602861343;0.759896893252155;0.0976067532070981;0.0741293372034392;0.0683670163373081;0.755592674884142;0.065478249095839;0.0916705172031355;0.0872585588168838;0.905186609064536;0.00875861821916112;0.0461180252301738;0.0399367474861295;0.724020677056551;0.0871096141890743;0.134964279388536;0.0539054293658381;0.831104983541989;0.121063653191885;0.0036055441565199;0.0442258191096062;0.621040445319622;0.140750738365256;0.149368140436324;0.0888406758787987;0.617277112786902;0.143574761012241;0.139048713632344;0.100099412568514;0.906627011375344;0.0313376340768146;0.0104516231058808;0.051583731441961;0.891134118077674;0.0694792742388455;0.012721409865837;0.0266651978176431;0.836566722635387;0.0662852521406102;0.0664640710093005;0.0306839542147021;0.678115128514054;0.138365961220487;0.124111848017046;0.0594070622484133;0.861667555670116;0.0165651348468326;0.0657329846938221;0.0560343247892288;0.963221486881725;0.0010173874433755;0.0268387963538158;0.00892232932108395;0.880051417564032;0.0680931943958858;0.00999729993428518;0.0418580881057967;0.820434088019604;0.0102127072018289;0.0750554106014368;0.0942977941771299;0.869928880348528;0.0485793152238327;0.00257694011652053;0.0789148643111186;0.913541649610828;0.0395632858948571;0.000683835135008713;0.0462112293593059;0.851239938773513;0.0477537904689864;0.0796443052521229;0.0213619655053782;0.874957312343836;0.0543805824016115;0.0545758166189928;0.01608628863556;0.8329536677924;0.0575020148692986;0.090087412059692;0.0194569052786092;0.855805073447012;0.0740452314435245;0.0677278714250919;0.00242182368437207;0.894952002933351;0.0480317304460691;0.00423936130626538;0.0527769053143148;0.868293205110137;0.044612206516912;0.0525357119190771;0.034558876453874;0.920951495198718;0.0448851281830844;0.00655170954798949;0.0276116670702082;0.82841390050168;0.0191401944222128;0.0441631201085695;0.108282784967538;0.907887288162031;0.0135466887550051;0.0506951938742307;0.0278708292087331;0.888877237338814;0.0240573675405589;0.0419239789010114;0.0451414162196161;0.882698096326263;0.0015198254575308;0.0696104000178221;0.0461716781983845;0.970033136837841;0.00700106858578056;0.000763889452164106;0.0222019051242146;0.891863390937973;0.040822585856467;0.0438095395914157;0.0235044836141439;0.998518190886399;1.87180163594543E-05;8.23227407637431E-05;0.0013807683564774;0.957676264645081;0.0155712842163682;0.00256248437519332;0.0241899667633576;0.910444958545514;0.00838552066733099;0.0532428831609846;0.02792663762617;0.956918748316296;0.00406371320294;0.0369649048330677;0.00205263364769669;0.89674086891648;0.0678340683152887;0.0252846128033329;0.0101404499648981;0.963934906237094;0.000702872483212185;0.0340090789530582;0.00135314232663546;0.967111561547824;0.00431657570138428;0.00399068504550768;0.0245811777052842;0.93157530568879;0.0315475952948035;0.00475992662353862;0.0321171723928677;0.998858431846463;0.000243685610117511;0.000883966569033315;1.39159743863841E-05;0.999877276652141;7.23875989499062E-07;6.28236590434934E-07;0.000121371235279285;0.999537115520047;0.000266150636071769;0.000191441862062813;5.29198181820356E-06;0.966235258252617;0.000263153398199006;0.00865096403359707;0.0248506243155865;0.962035546175227;0.000673442857063875;0.0350089417725777;0.00228206919513149;0.972434126480114;0.00259913993326538;0.0236615356365338;0.00130519795008677;0.99840973911258;0.000300383391246199;3.61893312036634E-06;0.00128625856305352;0.923159696276778;0.0295595188045662;0.0402868920217392;0.0069938928969172;0.95068184659369;0.0479593180453901;0.00116312133401191;0.000195714026907779;0.965284624285898;0.0164379282987054;0.0030125400057477;0.0152649074096491;0.998554298161218;0.00059439934877643;0.000657267880817256;0.000194034609188464;0.999797097196031;0.000104732873865213;6.18878285858465E-05;3.62821015182164E-05;0.999538299360865;0.000420378328857392;2.12766452393511E-05;2.00456650378388E-05;0.999835207845174;6.15047698214165E-05;6.83225466423245E-05;3.49648383621317E-05;0.999365415386106;0.000551853931300733;5.99793080213863E-06;7.67327517909303E-05;0.999955791280962;9.51439702554124E-08;2.26552529673774E-05;2.14583221002573E-05;0.999951542478804;3.30637634216701E-05;1.00688993769727E-05;5.32485839706108E-06;0.971643779393687;0.0218878468631909;0.00618083804858342;0.000287535694538789;0.999202075680729;0.000419077667181939;0.000320176258637851;5.86703934516413E-05;0.999249260263005;0.000458565073434097;0.000253741231755544;3.84334318054725E-05;0.998284994155629;0.00169320508091863;1.84981626900686E-05;3.30260076249108E-06;0.999862308595429;1.92815864006976E-09;8.37890593270328E-05;5.39004170857024E-05;0.999376250350138;2.30549311193797E-05;7.78566615334727E-05;0.000522838057209033;0.999897187640419;3.85173614126688E-05;4.24375650938092E-05;2.18574330744241E-05;0.999602899847917;0.000345281347379838;3.731284572633E-06;4.80875201310199E-05;0.999729026927326;0.000116714809054773;0.000102140812394329;5.21174512247114E-05;0.999896316385993;4.83833333796978E-05;1.39718431713797E-06;5.39030963106176E-05;0.999686779651429;6.56850875715642E-05;1.77124812857441E-05;0.00022982277971377;0.999077259934952;0.000830778222996279;1.53282779490063E-05;7.66335641030285E-05;0.999060014575319;0.000374800113649545;0.000205509641485958;0.000359675669545918;0.999823143683571;0.000173403679660323;1.19094455858626E-06;2.2616922098654E-06;0.978339943895048;0.000484509007443547;0.000896220843063257;0.020279326254445;0.999993124624917;4.6844959330667E-07;1.34205803095862E-06;5.06486745903082E-06;0.999504221192489;0.000110684931523931;0.000357285931278261;2.78079447082528E-05;0.999965564828781;2.21145533203337E-06;3.10227355988606E-05;1.20098028853294E-06;0.999829900734643;7.33882053751855E-05;6.39496439555648E-05;3.27614160263241E-05;0.999810576447882;2.315023910951E-05;2.72569600983573E-05;0.000139016352909748;0.999913202877554;7.31296677141799E-05;1.31859434085947E-07;1.35355952977528E-05;0.999740067746517;0.000231496693475192;1.91601284352054E-05;9.27543157222231E-06;0.999622838578114;4.41532360489337E-05;2.59479979436366E-05;0.000307060187893765;0.999731210732801;4.41852950258149E-05;7.62371778264015E-05;0.000148366794346556;0.999582534822615;0.000163347880403899;0.000110613240511911;0.000143504056469413;0.999957099831438;4.26580400109879E-08;6.9357351257503E-06;3.59217753965359E-05;0.999689839628477;6.94141385384462E-05;0.000223329841476522;1.74163915075419E-05;0.999988611109363;1.04118006357013E-05;9.46660805941289E-07;3.04291956341297E-08;0.999819379664959;1.11906540953208E-06;8.34993237585113E-05;9.60019458732625E-05;0.999947869428414;3.77122946959095E-05;1.41435308526533E-05;2.74746037426313E-07;0.999520007702665;0.0003704647718912;9.78734103234689E-06;9.97401844114308E-05;0.999730203260507;0.00011513109079123;8.0492317739053E-06;0.000146616416928237;0.999690485973745;0.000106507734544761;0.000184224496942227;1.87817947679633E-05;0.999779206479473;0.000132174721815622;3.56668348079999E-05;5.29519639033778E-05;0.999737640554955;0.000102554498277796;6.952300091192E-05;9.02819458551218E-05;0.999973043550297;2.66582258432194E-08;4.36216094744854E-06;2.25676305297347E-05;0.999907902266265;8.80480637593898E-05;3.70606837848592E-06;3.43601597263454E-07;0.999992831925278;6.55315657658713E-06;5.95716175278586E-07;1.9201970020906E-08;0.999886357539345;7.05249330961593E-07;5.25203932384408E-05;6.04168180858542E-05;0.999970423555662;5.1226835404068E-06;2.3194595832881E-05;1.25916496462702E-06;0.999950699958914;2.04395308992337E-05;1.95178192634489E-07;2.86653319944463E-05;0.999898811684516;1.12431753186599E-06;6.93569828024332E-05;3.07070151491784E-05;0.999894154340323;8.30720536681968E-05;2.20959500206702E-05;6.77655988186401E-07;0.999861101811924;8.31441347858822E-05;2.24228671737866E-05;3.33311861160991E-05;0.999933978350423;4.97281660870461E-06;2.51381895040537E-05;3.59106434647118E-05;0.999960176334298;3.71587439328502E-05;2.30491954754691E-07;2.43442981463498E-06;0.999951918080538;4.52855829634447E-05;1.46146434382534E-06;1.3348721542831E-06;0.999999348000691;4.30439162054371E-07;1.53198076000404E-07;6.83620708461378E-08;0.99996952712535;1.51331617593391E-05;1.53126737415247E-05;2.70391487134137E-08;0.999934042242123;2.67490575215302E-05;1.37176695069573E-05;2.54910308479884E-05;0.999975854133705;6.312406615143E-06;1.78323653663497E-05;1.09431318912543E-09;0.999848842416981;7.40072796567322E-05;3.25085009634429E-07;7.68252183525004E-05;0.999933395703033;5.22721890232901E-05;1.39078892540727E-05;4.24218689935841E-07;0.999913194374793;7.69312099683532E-06;1.00137874869125E-05;6.90987167230924E-05;0.999925958546152;1.47390827912882E-05;3.35181348508177E-06;5.59505575712781E-05;0.999992063082109;2.70435721698569E-07;9.47288044104088E-09;7.65700928881937E-06;0.999969727834182;2.85105393881426E-05;9.20088307401911E-07;8.41538122698394E-07;0.999999589480088;2.71040345873442E-07;9.64545728236801E-08;4.30249936158923E-08;0.999985388442939;1.24143150854272E-06;1.32860203895863E-05;8.41051628481775E-08;0.999993791072783;4.05976062299417E-07;1.94766924417059E-06;3.85528191087046E-06;0.999993135549569;2.94044386821003E-08;4.87907351968034E-06;1.95597247229457E-06;0.999994021384197;3.71276859604843E-06;1.73246378965797E-06;5.33383417194144E-07;0.99999043846496;1.41556912656325E-06;8.03789266780395E-06;1.08073246046983E-07;0.999985559401593;1.2563884981063E-05;1.76260775560248E-06;1.14105670480665E-07;0.999983940901673;8.40631528648106E-06;3.20091646322686E-06;4.45186657727132E-06;0.999976204557031;1.61542477189305E-05;1.6369609887304E-06;6.00423426116868E-06;0.999968084427916;1.85548174982896E-05;9.77511519308998E-06;3.58563939232035E-06;0.99998034827107;4.3927703777633E-06;9.24659629221583E-06;6.01236226016461E-06;0.999990800474851;7.81944127763042E-07;8.36468943662612E-06;5.28915844797802E-08;0.999990695694659;1.04510324428591E-09;6.87733567427208E-07;8.61552667027038E-06;0.99997991780839;9.31396191880849E-07;3.12761340846852E-06;1.60231820093721E-05;0.999996237196385;2.3365497119215E-06;1.0904337696055E-06;3.35820133636049E-07;0.999971013635705;1.26341700330064E-05;1.22254028011244E-05;4.12679146103352E-06;0.99999341451441;9.75116679358511E-07;3.96610447849125E-06;1.64426443260284E-06;0.999955225305239;1.66449477334006E-05;1.21166927700026E-07;2.80085800994186E-05;0.999979752531888;3.06195763548667E-07;1.89214429986213E-06;1.8049128049149E-05;0.999979898821713;1.16863813469834E-05;6.15627017456947E-06;2.25852676574803E-06;0.999984235142431;9.27667435847699E-11;9.71574891321071E-08;1.56676073135209E-05;0.999993234877732;1.72245670251629E-06;1.84419650662326E-06;3.19846905873609E-06;0.999994142153299;6.56620283163202E-10;4.33082828196306E-07;5.42410725290444E-06;0.999987352316724;5.8655961845049E-07;1.96921713576014E-06;1.00919065217815E-05;0.999918816335553;2.37185226840212E-06;2.1221909811852E-05;5.75899023666872E-05;0.999998251071789;1.50561816824021E-06;7.25130461938922E-08;1.7079699659676E-07;0.999985002780572;3.32918219558883E-06;4.94944288015974E-06;6.71859435270935E-06;0.999994173139772;8.73226797965239E-09;3.00763757739131E-06;2.81049038299774E-06;0.999994385172974;4.52158722964826E-08;5.08045243195738E-06;4.89158721331979E-07;0.999983854088216;2.32639913500918E-06;9.98692285927927E-06;3.83258978973768E-06;0.999990069737;5.88991815213358E-11;6.11803491829614E-08;9.8690237515265E-06;0.999995738847112;1.0849905936203E-06;1.16165084735005E-06;2.01451144693133E-06;0.999985881018212;3.87279126193425E-06;5.08205296766291E-07;9.7379852293365E-06;0.999987456827782;3.55553366054831E-06;8.4339036716969E-06;5.53734886057662E-07;0.999954076441459;3.64664251206971E-05;7.72209868940145E-06;1.73503473069848E-06;0.99999401221506;3.99287931543854E-06;1.12643551565923E-06;8.6847010845681E-07;0.999979897186707;5.07112314390809E-08;1.86036769594759E-05;1.44842510209773E-06;0.999988300379501;7.13144118329956E-06;4.28021359859602E-06;2.87965716757458E-07;0.999990138673283;3.89415161575016E-06;1.6822425616713E-08;5.95035267545965E-06;0.9999952461437;6.10282112202264E-07;2.0585701607872E-07;3.93771717164867E-06;0.99998541762312;6.22343486762406E-07;1.20230242405546E-05;1.93700915291152E-06;0.999998750813063;6.48866426851007E-07;5.61181263487738E-07;3.9139246147279E-08;0.999999924706341;7.18648071918598E-08;3.24489355113432E-09;1.83957826891841E-10;0.999989800992727;4.53777994558538E-07;7.66559731588271E-06;2.07963196221876E-06;0.9999981427568;2.47077770113202E-07;6.81175529945971E-07;9.28989900322093E-07;0.999988842637498;1.11538214471523E-05;3.52954333023167E-09;1.15117941832693E-11;0.999990511516602;1.49337213806332E-06;6.14827584748777E-06;1.84683541288825E-06;0.999994974295716;9.58688550357267E-07;3.66006427741645E-06;4.06951456340683E-07;0.999992212367972;1.20766059636529E-09;7.63899851215325E-06;1.4742585559355E-07;0.999997005396006;3.84440808197415E-07;1.29678772101214E-07;2.48048441400666E-06;0.999990814348202;3.91994451297337E-07;7.57352766392425E-06;1.22012968272341E-06;0.99999807836656;1.42857489471936E-11;4.51283793287347E-09;1.9171063166612E-06;0.999999711286607;8.43681512206018E-08;1.41971290826085E-10;2.04203270614327E-07;0.999996563155161;3.68006673794443E-07;2.05157691057192E-06;1.01726125485383E-06;0.999998947402285;7.50591590339076E-07;7.45795351161587E-08;2.27426589748972E-07;0.999998086624857;6.37486669302741E-07;1.13059948888477E-06;1.45288984328498E-07;0.999994993336642;6.59692133020788E-07;3.37298050758443E-06;9.73990717597999E-07;0.999996921890564;2.30956612362388E-07;2.76262043786399E-06;8.45323853897141E-08;0.999995467158112;2.37022979445226E-06;3.32414806572427E-07;1.83019728680445E-06
W DE (avg);0.650638992221383;0.349360983196625;6.75716028592053E-09;1.78248323271187E-08;5.6236295226527E-08;0.649640911508879;0.142828121595213;0.207530910659613;0.214005181666329;0.743007010758895;5.45337681685001E-08;0.0429877530410078;0.577125446384268;0.224746982162155;1.79046275610279E-06;0.198125780990821;5.9460811258748E-10;0.235748913384071;0.630141519942967;0.134109566078354;0.556373699797795;0.443626204903575;2.99423465243678E-08;6.53562834353741E-08;5.3328714256537E-08;2.54108540223207E-08;0.883400911292732;0.1165990099677;0.298035264336881;0.313055336059365;0.165051253530423;0.223858146073332;0.192270651655573;0.703964700883987;0.103764645705199;1.75524087537589E-09;0.0249852775301908;0.433131663826937;9.66168149688843E-08;0.541882962026057;0.767020778393677;8.70470353473006E-07;0.232978082954389;2.68181579995524E-07;0.192569771637027;0.578803454776214;0.0616842842379342;0.166942489348824;0.526521248521036;0.473478554828742;1.60322784105421E-07;3.63274378017196E-08;0.183258956347422;0.375666561235431;2.40979916777981E-08;0.441074458319155;0.542451508597163;2.9852889811651E-08;0.0216378842205196;0.435910577329428;0.975647837757647;0.0205936730207253;0.00375842841810016;6.08035276774157E-08;0.529720541015758;0.469240142211527;0.0010392908508847;2.59218301134133E-08;0.215665526480917;0.188347104308974;0.471396044141723;0.124591325068386;0.842748736812139;0.138734325752598;0.0185169330086331;4.42662995447008E-09;0.187657494487274;5.86074926331658E-09;0.606466122574607;0.20587637707737;0.723749688638664;0.242069859940561;3.40733853871148E-07;0.0341801106869213;0.924059447110471;0.0759404442802465;1.34527645206926E-08;9.51565176710894E-08;0.810542921001269;0.18945697496757;8.89325772539021E-08;1.50985842920324E-08;0.773404216055974;0.184624993790628;0.041970785542409;4.61098946127562E-09;0.972769943688819;1.55526247115013E-09;0.0242979693932615;0.00293208536265654;0.585486194352029;0.218545729411105;0.195968067837383;8.39948342890126E-09;0.8130542873074;9.0239097083661E-08;0.0980815451124665;0.0888640773410368;0.711409718286044;0.180512801024701;0.108077364389562;1.1629969267658E-07;0.650108323748878;0.267319983407767;2.84145922253428E-08;0.0825716644287625;0.929230299907224;1.48758728325881E-08;2.89912682021942E-08;0.0707696562256348;0.903629187912562;0.0957191679052187;3.9281992123682E-09;0.000651640254020196;0.987296199190257;2.80205249439699E-08;3.20301066331154E-08;0.0127037407591117;0.999999926014467;2.13993310312492E-08;8.84393910045313E-09;4.3742262823207E-08;0.92928073126553;0.0707188101916744;4.12332633332722E-07;4.6210162682084E-08;0.999999946054439;3.72410786178193E-08;2.683639736015E-09;1.40208422738768E-08;0.999999951790062;2.37282009401109E-08;1.52607793605621E-08;9.2209576082244E-09;0.999999964931053;1.47845191698285E-08;3.40003456907268E-09;1.68843934010816E-08;0.999999916836823;2.56150059409499E-08;1.49278087463303E-08;4.26203625856437E-08;0.99438748605517;0.00561248963560398;1.70122288281472E-08;7.29699735979308E-09;0.926523680484033;0.0186119791991546;4.07019217955972E-09;0.0548643362466203;0.999999924558264;3.57014724407258E-08;3.26276639962934E-08;7.11259981439283E-09;0.999999890870941;2.11407912718469E-08;1.05496451840213E-08;7.74386224706153E-08;0.999999932456547;2.91137037562782E-08;9.59777885056254E-09;2.88319702075424E-08;0.953269523126221;0.0467304333039776;2.92228371137164E-08;1.4346964504567E-08;0.999999974188825;8.36829743635362E-09;3.23022332181717E-09;1.42126542866148E-08;0.999999923859278;2.03578870855037E-08;2.33023015375313E-08;3.24805335797811E-08;0.999999887495549;1.96961687796397E-08;5.90079147602187E-09;8.69074905264313E-08;0.999999944529603;1.84395354259398E-08;1.98377653686226E-08;1.71930959509682E-08;0.999999947022085;3.64464658607821E-08;6.05310589950654E-09;1.04783432125865E-08;0.999999939219974;3.07637514505019E-08;1.14539764588132E-08;1.85622980303025E-08;0.999999934029906;7.42332457789923E-09;2.8393884455541E-08;3.0152884497006E-08;0.999999940358507;1.67966391957411E-08;1.5669528156541E-08;2.71753257675107E-08;0.999999932383135;1.25252254474703E-08;3.94812674503489E-08;1.56103721015527E-08;0.999999972880896;1.24804912409355E-08;4.28110095628025E-09;1.03575115980093E-08;0.999999966269558;8.7450330166821E-09;1.52016597418479E-08;9.78374911104729E-09;0.999999884638517;3.39278365906248E-08;5.98015642052133E-08;2.16320820882735E-08;0.999999972327229;5.65298359408961E-09;8.76299384981243E-09;1.32567937485049E-08;0.999999948312111;3.56181482570949E-08;1.26805393183975E-08;3.38920099520311E-09;0.999999919510691;2.08188466689521E-08;2.41203236392067E-08;3.55501382555263E-08;0.999999932265727;2.01677947020652E-08;2.02373050673657E-08;2.7329172778013E-08;0.999999931401443;1.4013379687868E-08;2.97046768922096E-08;2.48805008595157E-08;0.999999953505981;6.80796402215989E-09;1.22651566070945E-08;2.74208980226013E-08;0.99999996888109;9.0181066446567E-09;1.54904789272212E-08;6.61032456990037E-09;0.999999966164058;1.69967082290021E-08;7.12834698838466E-09;9.71088693271348E-09;0.99999992691049;2.78677919724907E-08;3.13421160451162E-08;1.38796019155452E-08;0.999999894029659;1.61543795797597E-08;5.16743366109855E-08;3.81416242900813E-08;0.999999928148011;1.20224633132181E-08;2.2485765967436E-08;3.73437600718976E-08;0.999999859043943;5.02434687872291E-08;6.08710494797797E-08;2.9841538597356E-08;0.999999972207677;9.16155573363534E-09;8.44380894419566E-09;1.01869579859288E-08;0.99999993086498;3.27020791261259E-08;3.22224979868452E-08;4.21044318182344E-09;0.999999922638016;2.41528817271565E-08;4.78927818753559E-08;5.31632072164147E-09;0.999999955903715;1.96392410229081E-08;1.40991493292089E-08;1.03578949813971E-08;0.999999946627597;1.09073316636491E-08;1.37930578164736E-08;2.86720138777607E-08;0.999999962000998;7.22645831371463E-09;6.99918243809848E-09;2.37733616691462E-08;0.999999915138784;5.43341243945108E-08;1.81527821029185E-08;1.23743096647619E-08;0.999999953370469;9.6833891404592E-09;1.30806403028996E-08;2.38655014234348E-08;0.999999965924311;1.36478226661328E-08;1.33067280130642E-08;7.12113822942568E-09;0.99999995598891;1.25677153483687E-08;1.2588484317348E-08;1.88548902658705E-08;0.999999960575359;1.17502447052871E-08;2.28602500248964E-08;4.81414662499528E-09;0.999999774795718;2.0703070735282E-08;1.58976290994658E-07;4.55249204936742E-08;0.999999872938387;3.99933792723481E-08;6.38281605882983E-08;2.32400729560009E-08;0.999999930589556;1.99940034411169E-08;2.45710622884066E-08;2.48453786751747E-08;0.999999961195864;1.7781382151044E-08;1.28266055329935E-08;8.19614780332178E-09;0.999999924572761;4.46928143550849E-08;1.47575048139641E-08;1.59769198269087E-08;0.99999995432776;1.37175359570735E-08;1.30936576521244E-08;1.88610463417926E-08;0.999999940830889;2.02633212889633E-08;7.02896764817451E-09;3.18768223383031E-08;0.999999968153838;8.38218822381393E-09;5.57920021529986E-09;1.78847732318826E-08;0.999999934068938;1.19845877970161E-08;2.94935988399343E-08;2.44528753469537E-08;0.99999994651038;1.51775404111459E-08;2.0180656992502E-08;1.81314225265099E-08;0.999999951558623;2.72651481673719E-08;9.17823765036389E-09;1.19979912425111E-08;0.999999966196182;3.81908388762188E-09;1.04292750249889E-08;1.95554588022623E-08;0.99999995532168;1.1395164957135E-08;2.11501551586797E-08;1.21330002058693E-08;0.999999943702435;1.60273517229852E-08;2.86111574394441E-08;1.16590560930061E-08;0.999999943861072;1.1832739588289E-08;2.00993529685413E-08;2.4206835782243E-08;0.999999896513015;9.13177440622858E-09;8.54593984318047E-08;8.89581252932392E-09;0.999999901131276;2.28360189886025E-08;1.97119938652906E-08;5.63207113831594E-08;0.999999942723138;2.63923712668683E-08;1.26265881165195E-08;1.82579024618563E-08;0.999999925176428;1.82609083258334E-08;2.80329036540551E-08;2.85297604088479E-08;0.999999959094401;8.7089410048866E-09;1.48885879693654E-08;1.73080698239637E-08;0.999999953693015;2.10834879810152E-08;1.53873028852545E-08;9.83619420887671E-09;0.999999886298204;4.91875151352645E-08;5.01837557949166E-08;1.43305252100444E-08;0.999999927031434;4.02426714256207E-08;2.31373400791279E-08;9.58855410128048E-09;0.999999928966888;2.34070582410231E-08;3.42993545910197E-08;1.33266996974241E-08;0.999999938933235;3.45598846289917E-08;1.2984222525496E-08;1.3522657584769E-08;0.999999948265349;2.71242275539677E-08;1.5215205720614E-08;9.39521742573185E-09;0.999999972258851;1.32536756504691E-08;6.54134885436518E-09;7.94612447805704E-09;0.999999963914096;1.15643774731662E-08;1.35343419737036E-08;1.09871850236516E-08;0.999999939113819;3.94613206878211E-08;1.11794873115779E-08;1.02453731298093E-08;0.99999988969807;1.42784350194978E-08;3.89386628102683E-08;5.70848323223411E-08;0.999999942361853;3.60261690215266E-08;4.57076331467063E-09;1.7041214693424E-08;0.999999974352943;9.17876188110661E-09;3.34626770793626E-09;1.31220270133082E-08;0.99999992133263;1.10051794782599E-08;4.28733635609651E-08;2.47888269841661E-08;0.999999947408881;2.00349744864897E-08;2.12964187934189E-08;1.12597256058633E-08;0.999999951601714;1.78472876240209E-08;1.36040474420105E-08;1.6946951305851E-08;0.999999979118589;1.9055575668869E-09;1.22922146655696E-08;6.68363870498717E-09;0.999999926407856;1.53449592448641E-08;2.93692081470305E-08;2.88779761566942E-08;0.999999973398987;7.79952774662229E-09;9.57993986264671E-09;9.22154500938677E-09;0.999999916755794;2.20819905591624E-08;4.47071922026469E-08;1.64550233152745E-08;0.999999919360522;2.10414355619813E-08;2.86978832647718E-08;3.09001589390535E-08;0.999999972997207;7.09928359124016E-09;1.3990700295295E-08;5.91280910221953E-09;0.999999905152655;2.08698112835959E-08;3.75605030080037E-08;3.64170305203425E-08;0.999999962299995;1.90047588809564E-08;1.13350397525827E-08;7.36020620767823E-09;0.999999959552927;1.32146599844472E-08;1.24060359872536E-08;1.48263772589568E-08;0.999999958917363;1.67331929027622E-08;9.11292518160061E-09;1.52365188681213E-08;0.999999952167431;1.71356118163965E-08;1.55841469405933E-08;1.51128101985361E-08;0.99999993095533;3.30353762949488E-08;8.49572501574511E-09;2.75135687143928E-08;0.999999958512258;1.84568364980584E-08;1.14407780663886E-08;1.15901272962077E-08;0.999999907507214;4.44213838032168E-08;2.23387743736036E-08;2.57326276996723E-08;0.999999917853387;2.75028330063836E-08;2.13857203470162E-08;3.32580596269423E-08;0.999999931019281;2.20761537071652E-08;1.29512541156842E-08;3.39533108404804E-08;0.999999969993414;1.10681853479616E-08;6.3194093191178E-09;1.26189912312917E-08;0.999999946601029;2.12482379723838E-08;1.81837841138199E-08;1.39669486137514E-08;0.999999936339626;2.67174276590117E-08;1.14119236897101E-08;2.55310226332767E-08;0.999999955980799;1.62426681340314E-08;5.19251171890624E-09;2.25840211437857E-08;0.999999908768792;1.14020065675392E-08;3.54584974711901E-08;4.43707040929343E-08;0.99999994050183;1.5753228478117E-08;2.96099144981309E-08;1.41350275530261E-08;0.999999878065575;4.25870421369309E-08;1.22309362504466E-08;6.71164463416789E-08;0.999999959412005;1.33544242824217E-08;8.38061270967142E-09;1.88529583073087E-08;0.999999912314765;2.75915374407985E-08;4.14728982857204E-08;1.86207993578856E-08;0.99999991904436;2.06981873608168E-08;1.46248976938647E-08;4.56325549246202E-08;0.999999894793221;1.9649503029114E-08;4.65223194119012E-08;3.90349568045203E-08;0.999999934599431;1.01796049018068E-08;4.19408126880123E-08;1.32801508834002E-08;0.999999895213655;2.00046546838509E-08;4.08825303675227E-08;4.38991596469878E-08;0.999999949968092;1.86609117663938E-08;6.44690186250724E-09;2.49240937775579E-08;0.999999953120223;1.48457318209E-08;1.30103972248681E-08;1.90236475325454E-08;0.999999863352477;3.04479001865962E-08;8.98478493584632E-08;1.63517734179699E-08;0.9999999087529;2.55419386496603E-08;5.98012216134872E-09;5.97250388007726E-08;0.999999958491175;1.14217008446902E-08;1.59206813306209E-08;1.41664423610977E-08;0.999999921491419;3.27988177995868E-08;2.91784300769279E-08;1.65313329465736E-08;0.999999938550487;3.19959388419278E-08;2.11494204189968E-08;8.30415401128182E-09;0.999999961706536;1.80641042391632E-08;1.10526241955083E-08;9.1767352492089E-09;0.999999945374495;1.21295132860171E-08;1.98695917895459E-08;2.26264000493571E-08;0.999999974870363;4.78902819259338E-09;1.68847768129258E-08;3.45583157447663E-09;0.999999938871832;1.54982935148657E-08;2.92615453372229E-08;1.63683292264949E-08;0.999999979829654;5.07176899496583E-09;9.00563610356647E-09;6.09294047283235E-09;0.999999942021484;1.17856763758251E-08;1.53448104352117E-08;3.08480289362433E-08;0.99999993216448;1.91991102530679E-08;1.43828753680911E-08;3.42535345216347E-08;0.999999921965787;3.25609747618757E-08;1.12715864895329E-08;3.42016519890514E-08;0.999999951136439;1.64324663768501E-08;9.03064827452093E-09;2.34004462465025E-08;0.999999925261454;2.86410938831943E-08;3.15846405363254E-08;1.45128116037236E-08;0.999999809039847;1.15361450845499E-07;4.6684476738332E-08;2.89142251907045E-08;0.999999945057829;1.92016485926591E-08;1.93180552399276E-08;1.64224668801756E-08;0.999999958147188;1.40165183240034E-08;8.47955844570037E-09;1.93567350248352E-08;0.999999953744817;2.24444122010956E-08;1.20398323465171E-08;1.17709383481604E-08;0.999999946452137;9.1704561789435E-09;1.7019644547483E-08;2.73577626579151E-08;0.999999932884237;1.53504034656356E-08;2.82581527431079E-08;2.3507206618002E-08;0.999999923777726;1.23173319713197E-08;3.46245766063524E-08;2.92803658044771E-08;0.999999967302447;6.54839413993893E-09;1.57346641113212E-08;1.0414494713272E-08;0.999999949259397;1.9974163252905E-08;1.18607984369058E-08;1.89056408939989E-08;0.999999966475583;8.47394645192032E-09;7.39052999601194E-09;1.76599408256229E-08;0.999999918337431;1.89777578709472E-08;1.93248766333807E-08;4.33599349600859E-08;0.99999993951497;1.52213683399478E-08;3.35573821477171E-08;1.17062795013436E-08;0.999999942957338;2.86819762577516E-08;2.25246578150623E-08;5.83602796363353E-09;0.999999931756267;3.59182337156988E-08;2.07984158469456E-08;1.15270835150731E-08;0.999999911548328;2.1245363858576E-08;2.385354915049E-08;4.33527593083569E-08;0.999999970821787;9.56138198036678E-09;5.23054399264815E-09;1.43862873015914E-08;0.999999910809882;1.07576246089883E-08;3.03441896950989E-08;4.80883040928113E-08;0.999999947851078;1.54984579669198E-08;1.99475475687252E-08;1.67029162837422E-08;0.999999962550858;1.74112791630021E-08;6.55980068515456E-09;1.3478061965064E-08;0.999999966515262;9.95089016776634E-09;1.41910446120667E-08;9.34280350199518E-09;0.999999966295735;1.86064721666082E-08;1.07125144805323E-08;4.38527801347597E-09;0.999999895994321;2.63410515772826E-08;3.68530200842892E-08;4.08116069829481E-08;0.999999882760871;9.14433807733947E-09;4.84834010359064E-08;5.9611389547583E-08;0.999999985189331;6.10363199988803E-09;4.88972429107416E-09;3.81731289662429E-09;0.99999984093439;2.09977876930845E-08;1.05227455478063E-07;3.2840366925861E-08;0.999999962153686;1.54839696652789E-08;6.17034456952267E-09;1.61919999565073E-08;0.999999925723377;1.78780084332987E-08;3.65308895224024E-08;1.98677252181472E-08;0.999999941987199;3.16640922000844E-08;8.03650048937119E-09;1.83122079777835E-08;0.999999929576118;1.99657784983772E-08;1.84847719535922E-08;3.19733316197792E-08;0.999999955426559;2.72469355737076E-08;8.61386156471369E-09;8.71264386666925E-09;0.999999957277778;5.91119058858787E-09;1.88271075461104E-08;1.79839234482033E-08;0.999999935866861;2.45451182643027E-08;2.32958788423363E-08;1.62921416782791E-08;0.999999927855192;1.64567522277549E-08;1.3285257005511E-08;4.24027987445687E-08;0.999999956130723;9.24645610794733E-09;8.95560973685337E-09;2.56672113165096E-08;0.999999950754271;3.02452918590835E-09;1.81593730091817E-08;2.80618271603204E-08;0.999999898547835;1.6690175286497E-08;3.91521612606798E-08;4.56098282501122E-08;0.999999903061624;4.99711001530732E-08;1.44261777697027E-08;3.25410978382027E-08;0.999999939579412;1.57645963296713E-08;3.06543222228072E-08;1.4001669446211E-08;0.999999820319726;4.91687584230447E-08;8.02543339887523E-08;5.02571819144794E-08;0.999999967544834;1.40842365732618E-08;9.68271914539572E-09;8.68821008843406E-09;0.99999997937251;5.90827456738622E-09;7.78382582287548E-09;6.93539001167754E-09;0.999999945123411;2.96219709374527E-08;1.67224111113115E-08;8.5322066638115E-09;0.999999959155158;5.18847766980578E-09;1.50137610193504E-08;2.06426027644247E-08;0.999999899928378;4.80427631356708E-08;3.59519156596734E-08;1.60769434134592E-08;0.99999997564792;5.99312534286753E-09;5.37510181565841E-09;1.29838530583877E-08;0.999999920863317;2.89966043207383E-08;2.69431204938038E-08;2.31969578716657E-08;0.999999942724863;9.47214288825622E-09;2.87875074063523E-08;1.90154865017832E-08;0.999999950221968;1.36698322592267E-08;1.91484383355082E-08;1.69597611362247E-08;0.999999943901384;8.55268053422375E-09;2.17017716169806E-08;2.58441638642549E-08;0.999999945747673;8.95456142937815E-09;1.5991576546412E-08;2.93061890406332E-08;0.999999906037735;5.0725631775969E-08;2.46938693824936E-08;1.85427641776627E-08;0.999999818413571;1.00873889204473E-07;4.43009671156706E-08;3.64115722553304E-08;0.999999943371517;2.26762324844196E-08;1.56750832368383E-08;1.82771669801682E-08;0.999999940163156;1.44068360328799E-08;3.48085446621728E-08;1.06214627761105E-08;0.999999927989741;2.19835256445197E-08;3.5763112796066E-08;1.42636208806825E-08;0.999999947064621;1.90194653373507E-08;1.45367115174995E-08;1.93792018457561E-08;0.99999997034712;1.58061497707308E-08;8.01722525344686E-09;5.82950509747704E-09;0.999999965971121;1.13350840533427E-08;9.79363716275212E-09;1.29001582530811E-08;0.99999994445134;3.10105934944866E-08;1.03473130920878E-08;1.41907530079929E-08;0.999999944805129;3.00113760574372E-08;7.34245427896693E-09;1.78410404065998E-08
